timestamp,DE-LU,FR,ES,NL,BE,AT,PL,CH,DK1,DK2,NO2,SE3,IT-North
2026-09-01T00:00Z,141.7,153.83,169.98,163.96,156.01,167.0,136.03,143.99,135.960007,138.46,131.66,97.99,184.0
2026-09-01T00:15Z,145.1,154.27,165.66,161.03,155.57,166.36,134.4,,140.820007,142.16,136.15,97.99,180.77
2026-09-01T00:30Z,139.15,146.22,165.66,149.61,146.35,163.43,133.94,,136.050003,137.2,131.74,97.99,180.0
2026-09-01T00:45Z,139.53,145.65,165.66,147.82,145.44,162.75,132.62,,136.929993,137.68,132.57,97.99,175.0
2026-09-01T01:00Z,140.14,146.72,165.0,149.53,146.69,165.36,141.74,143.19,137.720001,139.04,133.33,98.0,175.05
2026-09-01T01:15Z,142.21,146.13,174.4,148.2,146.37,151.58,136.5,,140.619995,140.85,135.95,98.0,175.05
2026-09-01T01:30Z,143.87,148.55,174.8,152.42,149.45,150.05,137.46,,141.699997,142.17,136.9,99.1,174.91
2026-09-01T01:45Z,142.99,146.72,175.0,149.41,147.28,148.21,136.11,,141.320007,141.49,136.6,98.0,170.92
2026-09-01T02:00Z,146.9,149.24,175.0,150.1,149.26,151.69,138.99,143.99,145.919998,145.65,140.61,97.99,178.48
2026-09-01T02:15Z,144.61,148.02,175.0,151.06,148.72,150.0,142.06,,142.910004,143.51,137.99,101.13,163.0
2026-09-01T02:30Z,145.1,146.54,176.5,145.06,145.56,158.54,145.06,,144.699997,144.85,139.62,102.69,167.5
2026-09-01T02:45Z,146.99,149.11,177.42,146.99,147.7,166.55,145.7,,146.369995,146.53,141.15,105.81,169.9
2026-09-01T03:00Z,146.84,148.3,177.42,146.83,147.33,160.26,146.4,151.01,146.449997,146.58,141.3,99.85,160.26
2026-09-01T03:15Z,150.59,152.53,178.5,150.71,151.33,167.0,146.41,,150.039993,149.94,144.65,106.15,172.85
2026-09-01T03:30Z,161.45,164.02,179.3,161.47,162.33,184.64,159.47,,160.740005,160.87,154.75,111.96,184.64
2026-09-01T03:45Z,167.83,170.79,180.0,167.84,168.84,194.74,165.85,,167.020004,167.2,160.0,119.06,196.96
2026-09-01T04:00Z,177.72,182.49,182.49,179.36,180.54,201.44,165.66,175.2,176.509995,174.75,159.85,107.45,202.71
2026-09-01T04:15Z,188.86,192.65,192.65,190.14,191.08,209.44,180.76,,187.919998,186.62,160.0,110.84,209.44
2026-09-01T04:30Z,191.95,196.39,196.39,193.47,194.58,214.67,181.75,,190.820007,189.22,159.63,124.89,225.07
2026-09-01T04:45Z,195.3,197.59,197.59,196.07,196.65,207.32,191.39,,194.720001,193.96,159.73,134.88,228.7
2026-09-01T05:00Z,206.59,208.56,208.56,207.33,207.79,219.65,203.82,190.24,205.960007,205.43,160.87,137.12,228.2
2026-09-01T05:15Z,210.78,212.74,212.74,211.52,211.97,223.75,185.86,,210.160004,209.64,160.62,156.17,223.75
2026-09-01T05:30Z,206.63,208.63,208.63,207.38,207.84,219.94,203.8,,205.979996,205.45,160.22,158.02,219.36
2026-09-01T05:45Z,196.6,198.17,206.5,197.19,197.55,207.03,194.39,,196.089996,195.68,159.17,167.71,219.36
2026-09-01T06:00Z,215.93,217.5,217.5,216.59,216.93,225.63,157.1,180.0,215.580002,215.21,160.94,175.22,233.58
2026-09-01T06:15Z,202.0,205.0,205.0,203.73,204.28,218.14,198.88,,201.440002,200.8,160.58,169.68,218.47
2026-09-01T06:30Z,187.5,187.68,187.68,187.58,187.62,188.62,187.28,,187.460007,187.44,161.0,161.73,211.75
2026-09-01T06:45Z,165.55,166.41,169.98,165.55,166.56,166.99,165.39,,165.490005,165.47,160.07,150.45,206.0
2026-09-01T07:00Z,185.44,188.27,188.27,187.22,187.7,195.28,156.35,144.74,184.570007,182.85,159.97,152.17,212.53
2026-09-01T07:15Z,162.85,179.3,179.3,176.25,188.26,172.33,147.79,,162.779999,157.98,150.92,141.59,222.42
2026-09-01T07:30Z,135.55,155.0,155.0,152.5,168.07,143.39,128.85,,135.839996,139.7,142.56,139.68,201.76
2026-09-01T07:45Z,113.99,129.26,129.26,140.73,150.0,118.1,116.39,,114.889999,120.21,132.0,126.51,196.96
2026-09-01T08:00Z,134.9,153.53,135.0,167.38,178.94,140.15,136.9,133.75,135.910004,136.04,136.95,135.85,196.96
2026-09-01T08:15Z,121.51,121.8,121.8,122.02,122.2,121.59,121.56,,121.529999,122.25,128.82,120.84,186.0
2026-09-01T08:30Z,116.87,116.89,100.0,116.9,116.91,116.87,116.85,,116.900002,116.93,125.92,115.0,174.92
2026-09-01T08:45Z,105.77,105.77,90.0,105.77,105.77,105.77,105.77,,105.769997,107.7,119.6,105.54,169.36
2026-09-01T09:00Z,111.31,111.31,61.88,111.31,111.31,111.31,111.31,128.4,111.309998,113.34,120.48,111.82,180.0
2026-09-01T09:15Z,96.33,96.33,50.0,96.33,96.33,96.33,96.33,,96.330002,98.27,117.19,100.58,175.0
2026-09-01T09:30Z,81.06,81.06,40.1,81.06,81.06,81.06,81.06,,81.059998,83.55,114.56,104.53,182.42
2026-09-01T09:45Z,71.29,71.29,38.77,71.29,71.29,71.29,71.29,,71.290001,73.52,115.3,93.0,179.5
2026-09-01T10:00Z,65.06,66.81,38.99,66.38,73.51,98.23,72.84,120.12,66.169998,69.12,113.0,107.45,160.13
2026-09-01T10:15Z,52.58,54.72,38.88,54.8,68.0,100.88,63.88,,54.450001,57.63,112.27,105.74,172.4
2026-09-01T10:30Z,45.97,48.78,38.55,48.67,64.33,106.42,60.13,,48.240002,51.44,111.31,102.29,171.96
2026-09-01T10:45Z,40.0,44.47,38.66,42.78,56.68,117.47,58.22,,42.34,45.12,111.51,89.13,169.42
2026-09-01T11:00Z,36.88,40.29,38.66,42.29,76.2,131.49,57.63,123.32,46.529999,49.96,121.33,107.38,159.43
2026-09-01T11:15Z,31.73,36.97,36.97,36.6,63.4,130.95,55.08,,44.599998,48.0,121.48,105.59,161.27
2026-09-01T11:30Z,25.81,31.57,31.57,30.81,57.4,129.7,45.87,,38.07,41.23,121.48,95.92,168.28
2026-09-01T11:45Z,22.07,28.58,28.0,26.3,47.0,129.6,45.81,,33.990002,36.63,121.87,81.88,171.59
2026-09-01T12:00Z,27.77,33.86,28.0,32.73,58.47,131.45,37.4,125.2,52.73,55.25,119.89,88.61,176.5
2026-09-01T12:15Z,34.71,40.85,36.32,37.53,46.18,101.46,42.23,,43.470001,46.31,119.96,90.53,177.4
2026-09-01T12:30Z,29.82,35.58,28.0,34.11,55.09,116.64,50.42,,43.48,46.69,119.69,99.34,181.78
2026-09-01T12:45Z,40.09,44.13,24.75,45.48,80.26,150.06,64.61,,44.57,47.64,119.92,96.69,166.03
2026-09-01T13:00Z,36.54,40.2,38.88,39.31,53.66,96.76,42.08,131.43,38.860001,41.73,120.36,88.89,170.08
2026-09-01T13:15Z,40.78,43.95,38.77,44.33,65.32,107.75,46.71,,43.740002,47.29,119.99,107.3,180.0
2026-09-01T13:30Z,59.05,63.36,38.66,63.96,94.89,147.0,81.67,,63.119999,65.72,120.16,96.52,190.06
2026-09-01T13:45Z,68.37,77.21,38.88,72.0,86.13,166.9,90.12,,71.389999,74.3,120.95,108.42,188.5
2026-09-01T14:00Z,60.01,63.77,38.77,61.1,66.74,107.09,73.67,139.01,60.59,62.24,120.67,73.07,187.0
2026-09-01T14:15Z,83.65,91.54,38.88,85.43,88.82,143.45,92.94,,84.089996,85.89,120.37,89.99,185.7
2026-09-01T14:30Z,110.45,118.29,39.1,112.71,115.99,163.66,98.84,,110.080002,112.09,123.01,109.71,186.78
2026-09-01T14:45Z,122.16,129.65,45.67,124.42,126.09,184.57,105.77,,121.580002,117.97,128.26,115.74,183.5
2026-09-01T15:00Z,111.16,117.69,59.0,112.02,115.31,159.56,116.06,147.49,110.610001,115.15,126.94,112.58,166.8
2026-09-01T15:15Z,126.97,133.93,80.0,128.19,130.11,180.42,124.82,,126.190002,122.85,135.09,119.99,180.42
2026-09-01T15:30Z,151.65,159.57,87.99,156.77,156.77,202.19,158.93,,150.020004,150.48,140.19,121.66,201.76
2026-09-01T15:45Z,170.25,176.42,94.29,174.04,174.04,213.14,189.15,,169.179993,170.75,149.95,127.82,213.14
2026-09-01T16:00Z,140.7,142.64,104.2,141.73,142.64,161.85,146.26,186.0,139.949997,142.51,144.99,132.25,214.8
2026-09-01T16:15Z,173.85,176.66,124.14,174.85,175.72,190.9,139.01,,173.270004,170.15,158.2,148.52,220.5
2026-09-01T16:30Z,191.08,196.09,142.0,193.06,194.13,214.62,195.07,,186.210007,188.44,160.16,146.47,221.71
2026-09-01T16:45Z,203.4,205.96,179.3,204.24,204.72,230.37,217.71,,199.610001,203.27,160.27,140.81,233.39
2026-09-01T17:00Z,197.88,201.8,155.5,198.93,199.91,206.94,204.98,205.52,197.300003,196.87,159.48,144.56,239.75
2026-09-01T17:15Z,204.88,206.33,182.46,205.2,205.53,201.02,217.1,,205.050003,205.51,159.35,140.0,228.7
2026-09-01T17:30Z,221.05,222.56,215.0,221.41,221.75,214.97,230.74,,221.220001,221.57,159.33,130.38,248.73
2026-09-01T17:45Z,233.13,234.52,225.01,233.55,233.83,225.27,238.3,,232.649994,233.29,159.47,126.19,261.4
2026-09-01T18:00Z,223.64,225.01,225.01,224.79,224.78,223.51,230.53,217.77,214.229996,221.78,159.28,134.79,238.24
2026-09-01T18:15Z,231.81,233.2,233.2,233.45,233.27,232.07,234.78,,218.080002,228.7,159.13,124.07,236.05
2026-09-01T18:30Z,236.92,238.74,238.74,239.33,239.0,237.5,238.41,,216.279999,232.09,158.8,120.52,239.69
2026-09-01T18:45Z,234.03,236.19,236.19,236.99,236.56,234.82,234.84,,208.460007,228.02,158.41,116.87,236.19
2026-09-01T19:00Z,228.5,228.93,228.93,228.59,228.69,228.47,233.11,202.0,228.570007,228.75,158.35,123.1,234.17
2026-09-01T19:15Z,220.07,220.27,220.27,220.11,220.16,220.06,222.23,,220.100006,220.19,158.21,114.39,228.7
2026-09-01T19:30Z,217.07,217.5,217.5,217.16,217.27,217.04,196.9,,217.139999,217.32,158.15,110.76,231.2
2026-09-01T19:45Z,206.0,206.6,214.0,206.13,206.27,205.96,196.23,,206.089996,206.35,158.06,107.56,219.36
2026-09-01T20:00Z,212.26,214.0,214.0,212.83,213.25,219.92,212.04,179.31,211.979996,211.57,158.34,112.8,225.74
2026-09-01T20:15Z,199.62,202.4,202.4,200.53,201.21,212.24,198.76,,199.149994,198.46,158.15,110.83,220.95
2026-09-01T20:30Z,195.1,198.21,198.21,196.13,196.88,209.14,194.24,,194.580002,193.81,158.03,105.97,218.99
2026-09-01T20:45Z,190.9,192.0,192.0,191.22,191.48,193.0,194.8,,190.860001,190.85,155.59,98.08,201.76
2026-09-01T21:00Z,188.9,191.28,191.28,189.8,190.34,195.77,177.08,179.1,188.449997,187.42,153.58,103.63,208.7
2026-09-01T21:15Z,179.81,182.14,182.14,180.67,181.2,186.46,171.41,,179.429993,178.57,152.67,94.3,201.76
2026-09-01T21:30Z,176.62,180.01,180.01,177.87,178.66,190.95,165.27,,175.979996,174.66,151.95,76.9,200.0
2026-09-01T21:45Z,172.04,176.23,176.75,173.6,174.58,191.64,157.34,,171.190002,169.48,150.97,64.74,196.96
2026-09-01T22:00Z,189.59,195.51,195.51,193.96,194.46,205.75,150.63,182.2,159.78,179.860001,150.18,102.53,211.6
2026-09-01T22:15Z,177.14,184.12,192.1,180.82,182.01,207.65,144.0,,160.12,169.380005,151.63,85.66,226.92
2026-09-01T22:30Z,165.59,171.02,189.69,168.14,169.2,184.77,129.31,,157.16,159.979996,149.99,77.94,219.8
2026-09-01T22:45Z,150.54,153.51,188.98,151.75,152.41,161.65,129.77,,148.38,147.820007,142.57,73.57,201.68
2026-09-01T23:00Z,166.28,171.94,192.5,169.25,170.2,185.13,132.4,175.32,153.57,160.029999,146.04,64.82,213.18
2026-09-01T23:15Z,163.47,169.29,190.0,166.6,167.55,182.6,129.14,,149.47,156.899994,141.97,52.21,200.0
2026-09-01T23:30Z,161.85,169.15,189.69,165.41,166.76,194.23,127.89,,148.19,154.630005,140.9,47.46,200.0
2026-09-01T23:45Z,157.08,164.62,189.24,160.41,161.96,196.44,127.36,,146.76,150.470001,140.0,43.66,196.44
2026-09-02T00:00Z,159.21,165.02,187.27,162.04,163.12,179.29,122.77,165.0,148.28,153.020004,141.14,46.67,193.9
2026-09-02T00:15Z,151.86,157.07,185.53,154.25,155.28,170.39,118.13,,143.96,146.589996,137.58,45.92,190.0
2026-09-02T00:30Z,150.78,154.88,185.53,152.71,153.5,165.19,124.58,,143.9,146.529999,137.61,46.86,190.0
2026-09-02T00:45Z,150.25,153.79,185.53,151.95,152.62,162.61,127.79,,143.88,146.509995,137.6,46.39,180.58
2026-09-02T01:00Z,148.22,153.53,183.95,150.3,151.59,166.52,118.02,162.08,142.1,144.699997,135.69,44.37,193.08
2026-09-02T01:15Z,149.2,153.64,183.95,150.95,152.03,164.31,124.58,,143.71,146.330002,137.16,45.01,180.0
2026-09-02T01:30Z,149.27,153.5,183.95,150.93,151.97,163.61,125.99,,143.92,146.559998,137.35,47.49,180.04
2026-09-02T01:45Z,147.73,151.74,183.95,149.3,150.27,161.51,125.03,,143.05,145.669998,136.66,46.47,188.88
2026-09-02T02:00Z,149.39,154.06,183.31,151.26,152.45,166.62,133.67,163.0,140.02,146.589996,133.05,43.07,180.0
2026-09-02T02:15Z,149.4,152.84,183.31,150.85,151.74,158.86,137.96,,140.35,148.029999,133.29,44.35,182.98
2026-09-02T02:30Z,148.29,151.57,183.95,149.61,150.43,158.5,133.34,,142.12,146.520004,135.49,47.44,182.98
2026-09-02T02:45Z,149.84,154.32,184.39,151.68,152.81,163.23,131.31,,140.31,147.649994,133.22,58.79,180.12
2026-09-02T03:00Z,153.93,159.68,182.37,156.29,157.85,175.0,148.4,176.05,136.57,152.360001,128.14,44.34,180.0
2026-09-02T03:15Z,161.71,168.19,183.15,164.51,166.29,179.21,153.5,,138.03,160.289993,128.19,66.38,182.0
2026-09-02T03:30Z,166.45,171.97,183.95,168.86,170.37,178.69,158.27,,145.77,165.300003,135.86,88.22,197.24
2026-09-02T03:45Z,180.18,186.2,186.2,182.36,184.22,200.0,159.65,,151.96,181.190002,140.0,100.04,200.0
2026-09-02T04:00Z,183.91,188.98,188.98,185.82,187.2,227.99,155.04,202.22,164.58,182.720001,153.97,101.12,227.99
2026-09-02T04:15Z,192.12,196.7,196.7,193.73,195.15,227.92,145.7,,167.72,193.039993,155.77,103.78,218.31
2026-09-02T04:30Z,196.96,201.85,201.85,198.72,200.27,227.99,167.96,,170.01,197.710007,157.46,106.24,219.58
2026-09-02T04:45Z,204.95,210.76,210.76,207.1,209.0,231.04,171.19,,171.38,205.490005,157.45,108.42,224.23
2026-09-02T05:00Z,209.43,216.0,216.0,213.3,214.55,228.99,170.26,211.05,177.58,207.059998,162.21,110.2,223.49
2026-09-02T05:15Z,208.63,214.0,214.0,211.52,212.65,227.99,167.03,,187.01,206.490005,162.4,113.69,221.71
2026-09-02T05:30Z,205.46,211.15,211.15,208.26,209.49,232.57,155.04,,188.27,202.720001,162.46,115.39,222.64
2026-09-02T05:45Z,201.03,205.52,206.14,203.54,204.25,230.09,134.81,,190.7,195.770004,162.4,117.37,218.03
2026-09-02T06:00Z,216.25,221.3,221.3,221.92,221.56,227.57,117.21,205.57,177.49,203.990005,161.65,117.96,227.57
2026-09-02T06:15Z,205.93,209.52,209.52,210.16,209.82,212.5,110.28,,176.32,196.720001,162.46,119.3,212.5
2026-09-02T06:30Z,194.87,196.92,196.92,197.7,197.34,195.58,109.83,,173.85,188.649994,162.01,118.37,207.5
2026-09-02T06:45Z,174.99,179.17,179.17,177.0,177.79,204.15,118.12,,169.57,172.679993,161.65,119.64,232.43
2026-09-02T07:00Z,192.02,193.97,193.97,194.68,194.36,192.79,103.36,179.1,173.8,185.279999,162.44,118.08,205.85
2026-09-02T07:15Z,176.87,185.1,185.1,179.0,184.14,189.23,110.29,,168.49,169.059998,161.1,116.43,202.42
2026-09-02T07:30Z,164.87,170.78,170.78,167.82,169.27,181.15,120.43,,160.12,159.600006,153.5,114.95,199.5
2026-09-02T07:45Z,142.62,145.74,145.74,143.88,144.53,152.4,132.72,,142.08,141.070007,137.24,111.57,178.32
2026-09-02T08:00Z,148.96,177.47,147.5,201.22,188.01,161.85,125.11,146.44,130.68,133.070007,133.93,96.56,209.0
2026-09-02T08:15Z,138.36,151.91,125.67,162.18,156.4,147.2,119.14,,129.9,130.449997,133.16,80.0,213.18
2026-09-02T08:30Z,134.9,140.13,110.3,141.85,140.72,144.39,109.82,,132.12,131.020004,129.65,63.98,193.73
2026-09-02T08:45Z,122.28,123.1,100.0,122.67,122.83,125.62,112.99,,122.0,121.43,127.12,50.81,184.09
2026-09-02T09:00Z,126.15,146.85,95.24,163.99,154.42,137.06,102.6,136.38,112.21,113.620003,121.54,79.99,169.08
2026-09-02T09:15Z,118.1,129.19,91.44,138.22,133.16,124.35,104.29,,110.66,111.330002,114.37,53.3,181.6
2026-09-02T09:30Z,111.85,115.26,85.0,117.39,116.15,115.55,102.44,,109.69,109.519997,113.4,50.72,182.98
2026-09-02T09:45Z,104.11,104.44,80.16,104.4,104.4,105.13,101.29,,103.96,103.790001,107.56,43.0,170.5
2026-09-02T10:00Z,107.42,111.54,80.0,114.9,113.32,109.55,102.67,125.8,104.58,104.849998,108.92,58.23,175.17
2026-09-02T10:15Z,104.82,107.89,70.27,110.1,109.08,107.24,98.89,,102.76,102.790001,108.41,49.91,174.17
2026-09-02T10:30Z,102.3,106.99,69.32,109.85,108.56,107.33,89.41,,99.28,99.040001,109.05,42.03,170.8
2026-09-02T10:45Z,102.77,96.89,69.32,108.37,150.43,106.57,85.41,,102.87,101.389999,108.77,31.2,172.81
2026-09-02T11:00Z,97.46,93.64,69.32,101.53,130.52,100.83,83.29,132.71,97.41,96.260002,109.24,44.84,170.8
2026-09-02T11:15Z,91.75,87.69,69.32,97.31,137.9,124.5,95.76,,92.8,92.769997,109.03,44.44,170.09
2026-09-02T11:30Z,90.85,67.8,67.8,96.27,138.82,130.39,100.78,,91.1,91.839996,109.1,42.32,174.39
2026-09-02T11:45Z,86.61,65.0,65.0,99.93,135.7,144.72,100.77,,83.73,85.599998,108.57,37.39,171.05
2026-09-02T12:00Z,97.59,85.52,66.2,101.35,137.82,97.2,99.42,137.86,98.29,98.129997,107.41,43.15,167.08
2026-09-02T12:15Z,97.0,86.08,69.32,101.41,141.22,124.29,103.72,,97.9,98.099998,107.58,46.11,166.48
2026-09-02T12:30Z,98.61,95.01,69.32,104.03,143.67,163.9,114.76,,100.1,101.0,107.92,47.0,175.66
2026-09-02T12:45Z,103.25,91.27,65.87,107.72,147.38,174.9,121.78,,104.72,105.919998,108.3,46.69,177.68
2026-09-02T13:00Z,101.81,88.61,58.88,117.01,232.43,100.19,119.96,141.42,105.65,105.860001,109.27,38.63,182.61
2026-09-02T13:15Z,109.48,101.26,58.23,111.4,130.0,135.32,122.27,,110.6,111.5,114.34,40.14,182.98
2026-09-02T13:30Z,115.71,110.74,63.0,115.47,115.37,150.02,131.83,,116.73,118.089996,120.61,47.19,187.53
2026-09-02T13:45Z,114.58,106.51,69.32,114.16,114.01,174.9,140.3,,116.13,118.260002,120.0,53.54,190.0
2026-09-02T14:00Z,116.27,82.36,70.27,118.13,160.0,169.72,133.57,145.07,117.02,118.360001,124.08,30.0,209.0
2026-09-02T14:15Z,127.12,115.66,77.35,125.87,125.72,213.18,156.42,,127.89,130.240005,128.85,41.47,213.18
2026-09-02T14:30Z,139.95,136.57,85.0,140.0,140.79,227.94,170.99,,140.96,143.539993,140.81,43.4,222.7
2026-09-02T14:45Z,154.41,162.36,92.13,156.0,158.02,249.69,183.1,,155.6,157.889999,149.45,69.85,219.12
2026-09-02T15:00Z,142.03,141.39,94.29,141.3,142.75,223.6,156.43,169.02,141.48,144.070007,136.8,39.23,223.6
2026-09-02T15:15Z,161.22,168.6,110.0,161.76,163.99,232.43,189.37,,160.07,162.850006,153.39,66.94,232.43
2026-09-02T15:30Z,179.59,165.09,124.34,178.34,177.84,245.4,206.74,,169.0,179.429993,160.19,83.37,245.4
2026-09-02T15:45Z,190.91,177.24,129.29,190.59,190.19,305.06,227.46,,168.2,187.050003,160.14,106.75,270.36
2026-09-02T16:00Z,175.3,160.9,129.29,173.61,167.76,232.43,196.38,182.02,176.12,179.320007,160.67,101.61,232.43
2026-09-02T16:15Z,193.75,195.75,150.0,194.46,194.57,259.77,233.37,,192.21,195.729996,160.67,107.41,259.77
2026-09-02T16:30Z,202.58,192.98,182.2,202.61,198.0,264.01,287.82,,204.04,206.350006,160.79,108.51,264.01
2026-09-02T16:45Z,216.13,220.39,188.98,218.31,218.7,281.85,323.9,,216.35,220.199997,160.85,108.48,282.7
2026-09-02T17:00Z,220.7,177.52,177.52,217.52,199.84,269.75,296.28,235.86,223.4,224.649994,159.51,112.9,269.75
2026-09-02T17:15Z,235.18,191.01,190.88,232.27,214.08,280.0,328.12,,238.07,239.490005,160.04,110.7,280.0
2026-09-02T17:30Z,248.22,243.4,217.0,249.9,246.85,274.13,360.57,,249.94,251.979996,160.14,110.79,282.7
2026-09-02T17:45Z,251.31,243.3,240.84,252.66,248.38,276.65,363.9,,253.12,255.110001,160.21,109.92,283.96
2026-09-02T18:00Z,251.02,222.38,222.38,250.28,238.02,269.74,351.89,235.01,253.62,254.960007,160.17,111.58,276.78
2026-09-02T18:15Z,237.2,236.05,236.05,239.71,237.86,266.77,360.97,,239.24,241.559998,160.24,108.59,276.31
2026-09-02T18:30Z,240.61,245.64,245.64,242.58,243.6,263.1,329.9,,241.83,243.639999,160.35,106.7,274.69
2026-09-02T18:45Z,243.96,247.27,247.27,245.26,245.93,258.76,302.75,,244.76,245.960007,160.45,104.4,269.66
2026-09-02T19:00Z,232.27,238.54,240.84,234.76,236.03,260.39,343.89,219.36,233.81,236.080002,160.49,109.59,269.17
2026-09-02T19:15Z,215.08,218.57,241.11,216.33,217.07,227.93,274.12,,215.9,217.210007,160.49,106.85,241.83
2026-09-02T19:30Z,210.74,211.4,235.83,210.82,210.98,209.69,217.85,,210.86,211.149994,160.49,106.32,270.43
2026-09-02T19:45Z,197.39,198.24,227.4,197.49,197.7,196.01,206.69,,197.54,197.919998,160.46,103.66,240.0
2026-09-02T20:00Z,200.09,202.38,223.01,198.7,199.81,232.03,214.07,192.81,199.32,200.809998,160.13,107.92,241.88
2026-09-02T20:15Z,194.28,196.21,217.5,193.18,194.09,219.94,206.43,,193.68,194.910004,160.03,102.21,219.94
2026-09-02T20:30Z,198.39,198.82,208.02,198.3,198.45,200.93,202.04,,198.37,198.570007,159.93,84.99,213.18
2026-09-02T20:45Z,187.0,187.06,196.7,187.0,187.02,186.89,187.73,,187.01,187.009995,159.12,46.14,205.0
2026-09-02T21:00Z,177.97,180.74,210.78,176.29,177.64,222.9,193.65,179.19,177.05,178.850006,160.53,98.89,222.9
2026-09-02T21:15Z,167.14,169.56,206.58,165.89,167.0,200.95,177.19,,166.49,168.0,159.05,72.1,213.18
2026-09-02T21:30Z,163.31,164.61,200.0,162.9,163.41,175.0,172.11,,163.15,163.880005,156.08,41.85,209.0
2026-09-02T21:45Z,152.43,154.17,190.88,151.6,152.38,174.9,163.81,,152.02,153.080002,146.09,26.08,199.96
2026-09-02T22:00Z,201.22,202.9,207.6,200.1,200.92,227.94,210.72,166.94,200.52,201.610001,155.99,26.15,225.0
2026-09-02T22:15Z,179.41,182.32,204.25,177.42,178.86,226.92,195.72,,178.16,180.089996,161.43,24.6,226.92
2026-09-02T22:30Z,170.26,173.69,197.69,168.43,170.0,219.99,182.52,,168.87,170.479996,161.44,22.47,220.0
2026-09-02T22:45Z,163.65,166.86,190.81,162.61,163.9,201.21,167.62,,162.47,163.199997,155.82,20.55,214.4
2026-09-02T23:00Z,180.35,181.98,198.65,180.85,181.24,186.23,170.58,160.17,179.96,179.149994,161.65,24.98,220.0
2026-09-02T23:15Z,168.09,170.47,195.08,168.61,169.22,179.49,156.43,,167.49,166.570007,160.14,23.66,220.0
2026-09-02T23:30Z,169.83,172.06,190.81,170.25,170.84,181.39,159.62,,169.26,168.460007,161.7,22.03,212.48
2026-09-02T23:45Z,163.22,165.11,188.98,163.43,163.97,175.0,156.42,,162.71,162.229996,155.98,22.42,210.0
2026-09-03T00:00Z,171.82,173.57,188.46,172.14,172.61,181.02,163.9,149.99,171.37,170.759995,161.1,24.07,195.0
2026-09-03T00:15Z,155.96,158.35,188.46,155.84,156.62,175.0,153.26,,155.3,155.199997,149.16,24.06,210.0
2026-09-03T00:30Z,148.68,151.13,186.88,148.02,148.96,174.9,152.87,,147.93,148.5,142.45,23.08,210.0
2026-09-03T00:45Z,145.64,146.53,186.88,145.53,145.82,150.09,151.57,,145.55,145.889999,140.26,21.7,200.0
2026-09-03T01:00Z,146.54,149.07,186.24,145.9,146.87,174.9,149.14,144.36,145.76,146.270004,140.46,24.32,195.0
2026-09-03T01:15Z,147.68,149.98,186.24,147.06,147.96,173.71,150.68,,146.97,147.490005,141.57,23.09,199.3
2026-09-03T01:30Z,146.55,136.01,185.3,144.56,143.97,173.31,151.46,,145.68,146.539993,140.38,22.75,193.73
2026-09-03T01:45Z,143.24,128.87,186.24,140.53,139.58,173.59,151.16,,142.25,143.479996,137.25,22.75,189.0
2026-09-03T02:00Z,146.48,110.49,185.3,141.02,137.69,177.43,150.52,142.65,144.99,146.220001,139.65,20.81,193.73
2026-09-03T02:15Z,144.7,128.07,186.24,141.63,140.49,178.37,152.32,,143.57,144.860001,138.35,22.73,195.0
2026-09-03T02:30Z,143.28,133.0,186.88,140.51,140.43,194.09,157.31,,141.91,143.839996,136.82,24.48,194.09
2026-09-03T02:45Z,138.12,129.92,188.46,135.0,135.4,200.0,156.42,,136.53,138.929993,131.98,25.45,200.0
2026-09-03T03:00Z,145.41,132.49,186.88,142.52,142.24,198.92,154.83,146.79,143.83,145.429993,138.69,16.0,198.92
2026-09-03T03:15Z,142.19,134.01,188.46,139.67,140.1,202.12,150.79,,140.47,142.0,135.63,23.42,202.12
2026-09-03T03:30Z,145.74,143.04,188.98,142.92,144.26,217.61,161.85,,143.9,146.149994,138.91,41.37,217.61
2026-09-03T03:45Z,155.37,160.18,188.98,152.79,155.01,227.97,176.99,,153.74,156.380005,147.71,76.25,227.97
2026-09-03T04:00Z,160.33,160.33,192.71,152.72,155.0,225.6,185.45,162.63,158.3,161.210007,151.96,63.29,241.66
2026-09-03T04:15Z,176.02,176.02,200.0,170.1,171.78,227.91,194.56,,174.47,176.919998,156.17,85.0,227.91
2026-09-03T04:30Z,181.05,181.31,205.0,178.93,180.22,232.31,198.96,,179.88,182.020004,155.99,104.08,232.31
2026-09-03T04:45Z,180.36,184.68,210.37,178.35,180.24,236.38,199.46,,179.13,181.389999,157.0,108.59,236.38
2026-09-03T05:00Z,194.95,195.6,208.03,194.28,194.9,227.99,205.16,170.11,194.72,195.729996,157.82,104.96,224.88
2026-09-03T05:15Z,193.67,196.43,217.5,193.1,194.04,229.8,205.35,,193.47,194.589996,157.8,108.98,229.8
2026-09-03T05:30Z,187.37,190.19,217.5,186.8,187.76,224.66,198.88,,187.14,188.240005,157.84,111.24,224.66
2026-09-03T05:45Z,180.81,181.77,217.5,180.58,180.92,196.28,184.98,,180.71,181.130005,157.83,115.32,221.82
2026-09-03T06:00Z,206.0,207.81,208.03,206.06,206.59,228.13,169.43,163.0,206.06,206.720001,167.41,106.62,225.1
2026-09-03T06:15Z,187.2,189.44,189.44,187.4,188.03,213.85,146.91,,187.29,188.070007,167.47,105.35,220.67
2026-09-03T06:30Z,176.99,176.99,182.0,176.99,176.99,176.99,128.3,,176.99,177.0,162.88,106.25,220.36
2026-09-03T06:45Z,150.0,150.0,165.54,150.0,150.0,150.0,146.91,,150.0,150.009995,150.88,107.0,213.87
2026-09-03T07:00Z,185.21,185.21,185.21,185.21,185.21,185.21,146.45,144.8,185.21,185.220001,163.2,109.75,213.18
2026-09-03T07:15Z,156.62,156.62,156.62,156.62,156.62,156.62,156.42,,156.62,156.529999,153.91,108.34,205.0
2026-09-03T07:30Z,135.0,135.0,135.0,135.0,135.0,135.0,135.0,,135.0,135.110001,143.94,84.99,193.73
2026-09-03T07:45Z,121.5,121.5,121.5,121.5,121.5,121.5,121.5,,121.5,121.519997,131.44,62.27,172.8
2026-09-03T08:00Z,132.3,132.84,130.01,132.49,132.84,137.37,134.07,124.48,132.45,132.589996,132.33,52.89,217.0
2026-09-03T08:15Z,120.01,120.01,119.91,121.41,128.3,135.93,125.49,,120.56,120.949997,128.8,49.01,202.96
2026-09-03T08:30Z,115.29,115.29,103.99,116.05,119.46,126.87,119.3,,115.67,115.970001,121.96,54.81,195.0
2026-09-03T08:45Z,103.05,92.23,92.23,104.26,116.55,138.26,115.41,,104.06,105.099998,121.51,43.7,199.94
2026-09-03T09:00Z,110.02,110.31,90.49,110.1,110.16,112.79,111.0,107.28,110.09,110.160004,118.39,52.8,195.98
2026-09-03T09:15Z,99.72,99.72,72.98,99.96,100.16,116.38,105.68,,100.11,100.599998,118.38,48.24,190.98
2026-09-03T09:30Z,72.44,72.44,68.0,74.56,84.2,124.92,91.11,,73.92,75.279999,119.86,40.73,175.8
2026-09-03T09:45Z,60.42,65.03,60.5,64.54,82.16,128.09,84.38,,62.97,64.120003,119.63,37.61,190.96
2026-09-03T10:00Z,81.72,84.46,65.71,83.19,88.59,114.35,93.31,106.0,82.9,83.410004,122.19,49.66,153.14
2026-09-03T10:15Z,50.67,56.2,56.2,55.27,75.48,128.4,86.99,,54.39,54.98,122.08,49.09,153.14
2026-09-03T10:30Z,38.99,46.7,46.7,42.64,55.09,118.88,84.48,,41.97,43.029999,121.59,38.17,147.82
2026-09-03T10:45Z,29.71,38.77,38.77,35.34,57.63,134.99,95.18,,34.28,34.82,121.29,34.11,150.03
2026-09-03T11:00Z,33.98,38.88,38.88,43.77,93.86,150.1,105.28,109.91,41.91,42.68,123.06,42.18,170.89
2026-09-03T11:15Z,28.98,35.64,35.64,38.45,84.82,150.04,105.68,,36.67,37.34,124.47,37.08,175.09
2026-09-03T11:30Z,22.59,33.0,33.0,30.17,61.83,140.4,105.21,,30.18,30.790001,125.16,30.69,183.1
2026-09-03T11:45Z,14.45,27.0,27.0,19.71,35.85,119.46,105.21,,20.09,32.900002,125.19,32.74,186.87
2026-09-03T12:00Z,25.45,31.32,31.32,34.28,79.14,135.64,105.22,113.95,34.28,31.959999,129.66,31.8,188.64
2026-09-03T12:15Z,16.82,27.0,27.0,25.0,61.36,137.92,107.05,,29.77,30.32,129.78,30.21,185.8
2026-09-03T12:30Z,20.8,34.18,34.18,27.44,51.42,140.04,129.0,,37.7,38.389999,129.78,38.07,187.9
2026-09-03T12:45Z,20.49,34.04,34.04,27.44,53.09,146.4,138.27,,43.64,44.439999,130.07,43.97,188.42
2026-09-03T13:00Z,20.82,33.63,33.63,25.93,45.58,126.04,132.59,124.1,26.73,27.219999,130.49,27.16,197.89
2026-09-03T13:15Z,22.38,35.05,35.05,27.75,49.19,130.14,153.0,,29.83,30.370001,130.69,30.25,200.0
2026-09-03T13:30Z,29.35,38.66,38.66,38.23,84.78,161.04,174.67,,39.52,40.240002,130.65,39.85,197.98
2026-09-03T13:45Z,24.93,35.05,35.05,34.44,84.44,175.0,157.14,,50.16,51.240002,130.37,50.56,200.0
2026-09-03T14:00Z,40.03,45.58,45.58,48.24,100.03,163.34,135.2,137.8,46.17,45.700001,130.99,38.08,202.96
2026-09-03T14:15Z,46.66,58.98,58.98,50.28,66.93,170.3,128.23,,53.3,54.279999,131.67,46.73,205.0
2026-09-03T14:30Z,71.87,74.01,74.01,71.87,74.01,195.1,154.11,,73.56,78.400002,131.76,63.95,223.2
2026-09-03T14:45Z,86.99,99.08,90.6,90.01,99.08,215.66,205.68,,89.14,90.779999,131.92,73.27,219.65
2026-09-03T15:00Z,78.72,92.39,92.39,82.54,92.39,193.23,173.28,139.1,75.89,77.279999,130.03,58.07,213.0
2026-09-03T15:15Z,106.62,118.28,98.94,109.58,116.94,201.11,187.27,,104.45,106.75,130.43,82.54,225.18
2026-09-03T15:30Z,135.3,148.0,115.0,139.37,148.0,222.92,236.3,,131.81,134.240005,136.23,97.45,232.43
2026-09-03T15:45Z,148.36,164.27,125.18,160.94,162.91,222.47,243.77,,143.0,145.630005,145.0,108.59,232.43
2026-09-03T16:00Z,134.9,144.07,124.4,140.11,140.35,199.16,180.07,153.58,133.96,137.860001,138.04,105.17,232.43
2026-09-03T16:15Z,153.65,163.69,146.73,161.83,161.34,202.46,224.53,,150.16,146.570007,147.72,108.55,222.9
2026-09-03T16:30Z,164.29,180.43,175.4,182.18,178.54,227.91,243.16,,158.23,155.389999,152.57,114.53,249.83
2026-09-03T16:45Z,167.75,205.84,186.11,234.85,212.27,227.99,275.1,,149.21,149.309998,155.97,122.99,261.2
2026-09-03T17:00Z,170.59,177.23,160.0,170.84,172.95,222.74,226.38,179.08,168.59,171.759995,150.51,130.0,250.0
2026-09-03T17:15Z,179.1,188.12,188.12,185.5,185.5,227.99,237.17,,165.15,168.270004,157.77,127.0,262.14
2026-09-03T17:30Z,185.85,208.98,208.98,226.45,212.77,227.97,253.83,,165.96,171.710007,158.9,124.99,282.7
2026-09-03T17:45Z,188.77,232.17,232.17,278.76,244.9,227.94,250.03,,158.91,170.160004,152.63,122.59,283.96
2026-09-03T18:00Z,186.5,207.6,207.6,215.39,207.46,258.2,275.1,179.06,167.06,170.139999,159.78,126.79,267.79
2026-09-03T18:15Z,205.99,225.92,227.99,237.25,227.72,244.22,254.73,,168.56,174.720001,159.56,127.51,275.97
2026-09-03T18:30Z,217.56,227.29,257.01,229.16,227.31,234.71,226.89,,168.94,188.830002,157.71,135.56,260.92
2026-09-03T18:45Z,207.54,215.06,282.73,214.76,214.6,222.91,210.03,,167.02,176.470001,155.95,123.0,250.52
2026-09-03T19:00Z,213.57,220.68,300.0,220.94,220.58,232.71,196.0,180.2,162.37,175.619995,150.3,127.0,232.71
2026-09-03T19:15Z,194.13,201.01,300.0,198.28,198.97,239.95,165.54,,159.5,162.440002,149.61,119.78,258.11
2026-09-03T19:30Z,187.28,193.12,300.0,190.79,191.38,227.95,124.7,,157.4,160.289993,148.24,112.22,233.16
2026-09-03T19:45Z,175.23,181.08,275.0,178.52,179.26,208.71,141.42,,152.84,155.639999,144.93,104.36,213.18
2026-09-03T20:00Z,184.77,191.44,250.0,188.57,189.35,227.96,156.42,178.72,154.29,157.130005,145.42,110.01,227.96
2026-09-03T20:15Z,167.81,174.34,239.62,169.97,171.38,218.0,158.27,,152.3,155.100006,145.3,106.22,218.0
2026-09-03T20:30Z,173.84,180.68,227.24,177.47,178.98,210.91,169.62,,150.28,153.039993,142.27,99.35,213.18
2026-09-03T20:45Z,173.12,179.74,217.5,178.24,178.93,188.6,154.67,,146.79,149.490005,138.68,93.89,200.7
2026-09-03T21:00Z,164.64,171.44,220.0,167.92,169.58,206.06,167.03,161.67,139.89,142.460007,132.4,102.27,206.06
2026-09-03T21:15Z,161.32,166.53,214.62,165.41,165.8,175.0,157.81,,136.32,138.820007,132.0,96.8,200.38
2026-09-03T21:30Z,170.71,178.45,205.39,177.49,177.92,185.78,143.97,,133.99,136.449997,129.85,84.99,200.0
2026-09-03T21:45Z,152.16,158.22,197.8,156.06,156.76,175.0,132.43,,132.51,134.940002,128.28,84.99,194.0
2026-09-03T22:00Z,147.64,195.95,217.5,151.86,167.45,207.0,166.13,153.3,81.51,83.0,124.47,67.38,207.0
2026-09-03T22:15Z,138.83,158.42,217.0,149.73,154.22,164.73,149.83,,113.25,115.32,116.93,41.6,207.0
2026-09-03T22:30Z,131.96,142.72,215.0,139.38,141.41,152.77,140.01,,115.76,117.879997,119.39,68.2,207.0
2026-09-03T22:45Z,124.53,132.04,211.96,130.2,130.92,138.72,134.5,,113.8,115.879997,117.45,40.92,205.0
2026-09-03T23:00Z,132.68,157.62,216.0,133.93,151.79,190.39,136.92,150.0,112.74,114.059998,116.18,49.45,202.1
2026-09-03T23:15Z,125.01,140.64,214.0,125.01,137.23,170.12,128.11,,113.64,113.919998,117.08,42.85,191.53
2026-09-03T23:30Z,123.28,136.34,210.98,123.28,133.12,167.03,125.8,,113.77,114.360001,117.21,35.47,205.0
2026-09-03T23:45Z,118.36,122.76,211.72,113.79,120.63,156.9,122.09,,116.07,117.349998,119.36,30.91,202.23
2026-09-04T00:00Z,119.56,129.13,212.73,119.56,125.63,170.08,122.96,147.99,112.15,113.879997,115.75,39.27,205.0
2026-09-04T00:15Z,117.12,123.86,210.0,117.12,120.91,160.17,119.79,,112.48,113.68,115.88,38.69,200.0
2026-09-04T00:30Z,118.05,125.29,204.25,113.94,122.4,164.65,121.63,,113.53,114.860001,116.95,33.3,191.79
2026-09-04T00:45Z,115.78,120.23,203.3,113.41,117.43,159.86,120.35,,114.16,115.07,117.82,30.0,193.73
2026-09-04T01:00Z,118.86,123.88,199.0,116.8,120.54,170.3,122.98,143.59,117.31,118.209999,120.62,34.01,205.0
2026-09-04T01:15Z,118.51,123.56,195.08,116.44,120.22,170.09,122.56,,116.97,117.860001,120.5,36.31,202.95
2026-09-04T01:30Z,116.34,120.9,194.0,114.52,117.84,163.52,120.71,,114.94,115.809998,118.41,33.66,198.0
2026-09-04T01:45Z,118.18,122.8,193.16,115.0,119.91,164.52,122.56,,116.77,117.660004,120.07,35.37,194.05
2026-09-04T02:00Z,115.09,119.93,192.99,113.54,116.54,162.48,123.3,144.0,113.74,114.949997,117.39,33.62,186.0
2026-09-04T02:15Z,115.4,120.67,191.69,113.04,117.1,166.11,124.21,,113.94,115.25,117.38,33.38,198.0
2026-09-04T02:30Z,115.57,121.42,191.46,110.52,117.74,169.68,127.69,,113.99,115.650002,117.42,30.0,186.0
2026-09-04T02:45Z,116.03,124.54,191.46,95.94,121.36,180.46,128.93,,113.76,115.839996,117.2,38.87,186.3
2026-09-04T03:00Z,119.95,125.11,189.88,118.73,121.34,168.83,134.12,147.7,118.73,119.949997,122.27,16.22,190.0
2026-09-04T03:15Z,122.88,130.48,190.0,110.31,127.07,181.59,130.79,,120.93,122.470001,124.55,25.13,192.76
2026-09-04T03:30Z,121.01,127.24,190.0,116.91,123.19,176.04,136.18,,119.53,121.0,123.39,45.5,198.0
2026-09-04T03:45Z,128.89,137.17,191.46,90.06,137.17,200.08,148.93,,126.04,128.339996,129.86,74.09,205.96
2026-09-04T04:00Z,137.42,144.53,183.01,123.26,140.9,197.49,163.94,153.3,135.37,137.850006,130.78,28.35,215.55
2026-09-04T04:15Z,156.0,164.89,185.0,131.0,162.5,212.12,181.13,,148.67,153.350006,141.96,65.72,221.67
2026-09-04T04:30Z,158.85,170.13,183.0,133.19,167.46,217.49,183.37,,150.08,157.270004,143.05,74.99,226.37
2026-09-04T04:45Z,158.05,166.82,187.58,144.4,164.68,210.57,181.16,,151.16,153.929993,144.55,90.07,236.9
2026-09-04T05:00Z,173.2,184.99,191.46,138.38,182.76,229.19,212.41,171.9,168.95,172.039993,160.95,82.67,230.43
2026-09-04T05:15Z,166.48,177.1,195.33,152.63,173.25,222.25,236.64,,163.33,166.320007,155.94,98.67,230.4
2026-09-04T05:30Z,165.15,172.87,195.46,158.09,170.49,202.61,212.72,,163.12,165.139999,155.92,105.96,230.95
2026-09-04T05:45Z,160.43,164.44,193.16,160.1,163.06,180.12,185.31,,160.43,160.419998,153.76,111.72,230.95
2026-09-04T06:00Z,166.07,203.03,203.03,147.41,194.34,224.34,201.16,166.04,163.08,166.059998,155.35,107.8,224.34
2026-09-04T06:15Z,163.93,182.75,210.16,161.08,174.96,183.36,169.87,,163.02,163.929993,155.9,106.88,216.5
2026-09-04T06:30Z,156.48,169.34,203.3,156.48,162.69,163.36,157.27,,154.92,154.75,148.61,108.57,210.0
2026-09-04T06:45Z,147.0,147.0,180.34,147.0,147.0,147.0,147.0,,147.0,148.240005,142.77,108.61,189.13
2026-09-04T07:00Z,147.7,195.95,195.95,147.7,170.53,196.23,168.44,140.46,147.86,150.570007,150.05,110.6,205.29
2026-09-04T07:15Z,131.6,158.73,177.04,140.47,146.27,159.28,146.07,,142.97,141.229996,145.16,111.71,192.0
2026-09-04T07:30Z,98.6,121.83,144.0,131.16,123.23,132.07,124.56,,139.18,136.669998,139.41,112.53,178.87
2026-09-04T07:45Z,39.04,101.2,117.5,131.86,107.71,96.63,105.46,,155.28,152.479996,141.39,105.31,170.0
2026-09-04T08:00Z,102.11,118.39,140.0,127.4,119.96,129.28,118.13,128.0,120.66,118.480003,130.13,116.0,167.63
2026-09-04T08:15Z,82.64,100.93,115.0,107.27,101.22,120.29,106.98,,113.59,111.540001,120.68,105.18,174.57
2026-09-04T08:30Z,40.71,83.85,105.0,96.96,83.68,139.31,106.38,,111.18,109.169998,114.99,95.99,175.0
2026-09-04T08:45Z,5.92,68.79,94.2,92.93,70.9,123.21,108.2,,115.49,102.660004,111.9,86.15,188.38
2026-09-04T09:00Z,34.99,65.01,94.99,68.4,62.47,151.27,106.38,106.39,76.24,88.580002,103.99,86.87,188.27
2026-09-04T09:15Z,8.77,59.37,92.06,75.03,60.14,148.09,106.38,,83.81,82.43,103.5,80.89,175.0
2026-09-04T09:30Z,0.04,42.62,88.74,56.56,43.82,104.26,111.0,,70.91,72.199997,100.0,70.96,186.4
2026-09-04T09:45Z,0.0,37.93,85.0,50.65,39.16,90.8,111.47,,63.54,64.699997,100.0,63.65,173.41
2026-09-04T10:00Z,0.0,40.1,87.99,55.17,42.03,89.63,111.47,65.41,69.29,70.550003,112.65,69.24,170.0
2026-09-04T10:15Z,0.0,33.4,84.84,49.39,36.8,52.22,114.7,,62.37,63.509998,112.76,62.34,168.49
2026-09-04T10:30Z,0.0,23.9,82.5,45.0,32.28,40.38,111.47,,57.39,58.439999,112.92,57.4,167.63
2026-09-04T10:45Z,-0.01,0.0,83.15,42.17,26.64,60.37,111.01,,55.54,56.549999,112.83,55.55,168.68
2026-09-04T11:00Z,-0.02,13.0,83.75,26.7,20.93,92.62,111.46,75.47,55.03,56.029999,111.52,54.84,166.3
2026-09-04T11:15Z,-0.04,0.0,85.0,38.8,25.21,83.42,109.79,,54.11,55.09,110.7,53.94,185.09
2026-09-04T11:30Z,-0.07,0.0,87.36,36.28,23.4,75.47,111.47,,47.5,48.369999,110.37,47.35,168.68
2026-09-04T11:45Z,-0.09,0.0,86.85,31.9,19.94,22.96,134.61,,41.97,44.27,108.13,43.29,175.0
2026-09-04T12:00Z,-0.13,7.83,88.74,44.03,30.32,102.3,127.85,81.86,56.47,55.970001,114.27,54.86,187.05
2026-09-04T12:15Z,-0.14,0.08,89.49,38.88,25.63,94.68,111.47,,50.4,51.32,113.95,50.27,191.52
2026-09-04T12:30Z,-0.15,0.99,88.99,38.88,25.11,45.28,111.47,,50.54,51.470001,113.85,50.49,192.28
2026-09-04T12:45Z,-0.14,2.87,88.74,38.71,25.38,48.48,111.32,,50.16,51.07,114.42,50.19,192.44
2026-09-04T13:00Z,-0.15,7.04,87.99,32.87,23.04,77.38,106.38,95.6,41.95,42.259998,115.59,41.48,199.64
2026-09-04T13:15Z,-0.12,5.39,89.49,33.14,22.96,79.96,106.38,,42.43,43.200001,117.05,42.64,192.03
2026-09-04T13:30Z,-0.07,0.0,90.49,45.56,30.29,105.94,105.46,,58.89,59.799999,118.65,58.8,196.48
2026-09-04T13:45Z,-0.07,10.01,92.06,50.07,35.71,134.61,105.46,,63.64,65.839996,123.44,64.68,196.45
2026-09-04T14:00Z,-0.05,0.0,93.34,50.96,33.63,124.09,104.99,136.8,65.51,63.310001,111.33,61.68,199.5
2026-09-04T14:15Z,-0.01,0.0,95.24,50.04,33.41,148.73,105.46,,59.03,59.990002,114.85,58.8,197.0
2026-09-04T14:30Z,0.0,2.88,105.0,40.58,28.76,160.9,111.0,,51.56,52.5,115.79,51.65,220.34
2026-09-04T14:45Z,0.0,41.08,114.27,50.9,41.57,178.3,146.0,,52.35,53.310001,116.68,52.45,205.96
2026-09-04T15:00Z,0.0,28.7,124.93,31.41,28.7,176.87,111.01,138.1,38.98,39.689999,86.86,39.46,205.0
2026-09-04T15:15Z,4.51,40.29,130.0,45.71,40.29,224.97,119.07,,56.18,57.209999,102.86,56.32,226.84
2026-09-04T15:30Z,50.0,83.0,144.85,83.0,83.0,224.96,131.01,,73.5,74.839996,109.32,73.37,264.0
2026-09-04T15:45Z,93.14,121.26,175.89,121.26,121.26,220.01,159.64,,93.14,94.139999,111.53,92.15,270.79
2026-09-04T16:00Z,73.16,97.79,171.5,97.79,97.79,187.24,126.8,150.6,73.2,76.449997,114.35,74.99,225.76
2026-09-04T16:15Z,106.16,132.6,189.88,132.6,132.6,200.09,152.68,,104.52,106.43,115.73,93.32,248.0
2026-09-04T16:30Z,124.28,150.08,195.08,138.14,152.52,203.67,163.81,,118.68,125.519997,122.27,95.8,247.0
2026-09-04T16:45Z,127.82,155.81,195.95,140.1,156.73,224.97,176.46,,122.43,129.990005,126.07,102.66,279.24
2026-09-04T17:00Z,131.86,162.38,178.0,145.75,168.48,221.21,160.72,177.15,122.21,128.820007,125.94,96.67,241.49
2026-09-04T17:15Z,134.37,160.16,201.65,148.22,160.96,231.0,166.33,,126.32,132.130005,129.86,91.71,269.83
2026-09-04T17:30Z,135.27,165.25,216.0,137.44,167.99,244.44,167.79,,127.37,132.949997,130.91,100.45,279.24
2026-09-04T17:45Z,138.89,180.42,218.89,144.58,190.0,259.18,173.39,,127.15,134.860001,130.48,98.96,279.24
2026-09-04T18:00Z,136.29,164.26,217.5,150.1,170.9,209.0,172.83,174.65,127.79,134.970001,131.58,105.69,259.53
2026-09-04T18:15Z,135.83,169.1,232.19,148.69,180.0,209.0,170.3,,125.71,131.470001,129.46,98.97,273.44
2026-09-04T18:30Z,136.32,174.79,247.0,150.1,189.53,208.9,169.63,,124.39,126.669998,128.18,84.65,247.33
2026-09-04T18:45Z,136.39,170.64,253.65,155.18,183.88,188.83,163.88,,125.14,127.440002,128.95,74.44,239.7
2026-09-04T19:00Z,136.04,173.8,259.12,152.94,185.12,230.91,166.94,169.86,124.19,132.5,130.3,100.32,244.02
2026-09-04T19:15Z,130.85,162.71,260.27,153.78,170.64,214.72,152.5,,119.8,126.529999,130.84,88.08,279.24
2026-09-04T19:30Z,126.25,159.6,250.84,163.33,166.54,209.0,130.79,,112.76,114.839996,130.09,77.79,230.95
2026-09-04T19:45Z,120.51,145.69,238.99,147.86,147.65,200.37,117.81,,110.43,112.459999,128.91,58.64,221.67
2026-09-04T20:00Z,122.86,153.88,225.35,138.09,158.36,230.91,142.36,152.93,112.87,117.730003,130.48,87.48,257.96
2026-09-04T20:15Z,119.12,148.34,224.15,140.2,153.79,209.24,139.84,,108.95,110.949997,130.67,78.8,224.34
2026-09-04T20:30Z,112.15,160.78,218.89,158.3,175.48,221.67,141.06,,94.19,104.959999,127.42,71.43,221.67
2026-09-04T20:45Z,102.64,152.58,217.45,160.99,167.6,205.96,131.81,,82.79,84.309998,122.73,57.21,205.96
2026-09-04T21:00Z,102.65,163.91,217.5,151.03,183.34,223.75,134.58,150.0,84.7,93.93,93.97,69.46,224.34
2026-09-04T21:15Z,94.78,143.57,217.0,135.37,158.64,191.65,125.79,,80.19,81.660004,89.97,59.42,217.48
2026-09-04T21:30Z,89.03,140.33,215.0,136.3,160.93,153.56,123.48,,73.33,74.669998,76.01,42.27,205.96
2026-09-04T21:45Z,78.95,135.64,214.0,140.1,159.51,139.0,110.12,,60.57,61.669998,63.11,14.34,200.0
2026-09-04T22:00Z,65.01,112.18,214.0,85.07,120.85,229.77,98.97,151.0,51.91,52.86,111.95,41.59,229.77
2026-09-04T22:15Z,65.12,107.3,209.78,90.03,113.18,220.0,94.56,,52.73,53.69,114.97,32.7,220.0
2026-09-04T22:30Z,60.01,83.47,204.12,78.2,79.9,186.6,95.35,,52.73,53.69,114.57,22.8,220.0
2026-09-04T22:45Z,56.4,83.0,193.24,87.18,81.15,163.54,108.0,,47.5,48.36,110.0,19.2,217.52
2026-09-04T23:00Z,60.42,105.82,209.95,81.14,114.0,217.07,97.9,150.1,48.82,49.7,80.42,37.74,236.7
2026-09-04T23:15Z,60.0,114.53,202.85,85.86,129.21,208.9,98.6,,45.93,46.76,59.62,29.99,238.33
2026-09-04T23:30Z,60.49,103.56,200.0,83.85,113.85,185.0,93.63,,49.130001,48.23,51.26,24.77,224.34
2026-09-04T23:45Z,60.03,89.8,191.12,90.01,95.0,145.86,84.17,,50.880001,49.95,53.07,19.78,224.34
2026-09-05T00:00Z,61.14,91.27,204.25,89.06,93.19,176.28,89.79,150.09,52.619999,51.66,54.81,30.0,221.67
2026-09-05T00:15Z,60.06,82.47,193.24,82.47,82.47,153.16,86.14,,53.580002,52.61,55.81,28.25,205.0
2026-09-05T00:30Z,59.0,74.53,188.62,72.0,71.88,142.31,80.82,,54.830002,53.83,57.1,23.6,201.79
2026-09-05T00:45Z,60.09,74.13,186.35,71.34,71.07,140.43,65.59,,56.380001,55.36,58.63,18.57,198.18
2026-09-05T01:00Z,56.78,71.46,188.51,67.89,67.89,146.94,74.22,147.91,53.080002,52.11,55.29,27.56,208.64
2026-09-05T01:15Z,56.16,69.65,187.57,64.66,64.66,152.16,72.53,,53.009998,52.04,55.23,24.26,202.96
2026-09-05T01:30Z,53.76,63.62,186.77,54.64,57.43,145.95,67.56,,52.09,51.14,54.29,22.2,200.0
2026-09-05T01:45Z,55.33,67.3,186.77,63.17,63.17,136.96,62.4,,52.439999,51.48,54.59,18.19,188.4
2026-09-05T02:00Z,51.45,64.82,186.77,59.85,59.85,148.18,76.2,146.5,48.310001,47.43,50.36,26.18,196.0
2026-09-05T02:15Z,52.42,66.53,187.57,64.19,62.68,141.8,73.36,,48.720001,47.83,50.85,22.97,204.74
2026-09-05T02:30Z,51.31,63.22,187.57,58.71,58.69,139.78,84.89,,48.509998,47.62,50.61,20.07,202.96
2026-09-05T02:45Z,50.01,59.54,187.57,55.37,55.37,130.2,89.79,,47.650002,46.78,49.99,16.03,196.3
2026-09-05T03:00Z,52.69,65.15,187.57,60.7,60.7,143.1,74.0,147.64,49.689999,48.78,51.56,20.79,200.0
2026-09-05T03:15Z,52.39,65.24,186.77,60.32,60.5,146.86,74.8,,49.34,48.44,51.21,20.94,202.76
2026-09-05T03:30Z,54.89,67.31,186.77,62.88,62.88,144.86,71.56,,51.68,50.73,53.86,19.46,195.74
2026-09-05T03:45Z,56.19,66.42,186.35,59.46,61.17,145.62,69.54,,54.139999,53.15,56.17,18.38,193.73
2026-09-05T04:00Z,60.06,77.03,186.35,75.0,75.0,149.84,93.78,147.9,55.25,54.24,57.74,20.97,243.43
2026-09-05T04:15Z,57.4,81.0,186.35,81.0,81.0,157.96,99.76,,50.610001,49.69,52.77,21.1,245.2
2026-09-05T04:30Z,55.01,74.88,186.97,74.3,74.3,145.2,103.94,,49.400002,48.5,51.55,21.79,224.34
2026-09-05T04:45Z,54.82,70.74,187.93,69.7,69.7,131.11,105.52,,50.400002,49.48,52.57,21.91,227.28
2026-09-05T05:00Z,65.76,91.75,191.12,77.81,91.75,190.46,103.39,150.0,59.5,58.42,61.82,20.11,221.67
2026-09-05T05:15Z,66.73,82.63,195.08,66.73,82.63,152.27,104.82,,63.740002,62.58,66.22,21.25,224.34
2026-09-05T05:30Z,60.05,80.32,195.08,60.05,88.41,103.12,77.97,,55.849998,54.83,58.15,22.33,203.04
2026-09-05T05:45Z,52.51,53.14,195.0,53.14,53.14,56.07,67.01,,52.310001,51.35,54.31,23.62,190.95
2026-09-05T06:00Z,61.77,117.33,193.24,73.96,139.17,165.07,85.34,141.21,48.75,49.63,51.17,23.88,184.34
2026-09-05T06:15Z,50.01,71.7,188.51,61.94,80.81,82.66,61.95,,44.200001,43.39,46.14,21.53,180.22
2026-09-05T06:30Z,30.0,37.75,183.01,30.1,40.46,50.43,37.03,,28.35,14.4,33.06,12.51,169.1
2026-09-05T06:45Z,7.76,29.61,177.47,14.03,38.62,41.83,13.41,,2.48,14.93,47.13,11.58,151.9
2026-09-05T07:00Z,4.16,67.24,178.47,9.97,90.33,148.1,32.23,142.02,-0.04,4.94,58.83,10.82,148.1
2026-09-05T07:15Z,0.0,48.5,147.3,0.0,62.91,137.16,8.21,,-0.03,3.93,70.13,10.06,159.98
2026-09-05T07:30Z,-0.01,19.99,120.0,-0.01,26.65,51.77,7.15,,-0.01,3.11,72.61,7.39,161.48
2026-09-05T07:45Z,-0.11,12.61,100.01,-0.11,12.61,63.09,0.7,,-0.01,2.2,72.89,6.8,159.98
2026-09-05T08:00Z,-0.04,20.78,116.64,0.66,10.84,195.0,13.8,136.8,0.07,3.93,52.08,10.01,195.0
2026-09-05T08:15Z,-0.13,17.38,100.0,-0.1,8.01,177.79,24.02,,0.1,3.93,52.31,9.13,184.57
2026-09-05T08:30Z,-1.0,8.07,90.0,-0.12,2.45,100.17,6.75,,0.1,3.95,57.46,7.14,185.0
2026-09-05T08:45Z,-2.02,5.31,80.0,-1.41,0.7,87.01,1.16,,-0.01,3.93,60.29,6.49,152.5
2026-09-05T09:00Z,-3.02,14.37,61.01,-3.02,6.38,157.69,5.92,133.05,-0.01,4.9,57.1,6.67,157.69
2026-09-05T09:15Z,-4.92,11.64,39.06,-3.06,2.86,152.06,0.09,,-0.02,4.9,56.36,5.86,152.06
2026-09-05T09:30Z,-4.99,10.27,30.0,-4.0,2.36,146.4,0.0,,-0.05,4.0,57.36,5.11,146.4
2026-09-05T09:45Z,-6.81,3.07,16.99,-5.14,-0.25,87.87,-3.9,,-0.04,4.0,55.93,5.01,144.25
2026-09-05T10:00Z,-6.74,10.1,10.1,-6.74,10.1,129.81,-2.4,96.0,0.0,3.99,59.75,4.24,129.81
2026-09-05T10:15Z,-7.99,11.11,11.11,-7.99,11.11,145.08,-3.52,,0.0,4.68,58.02,3.82,158.43
2026-09-05T10:30Z,-8.94,5.88,5.88,-8.94,7.67,71.13,-21.75,,0.0,3.99,54.96,4.17,154.08
2026-09-05T10:45Z,-12.18,1.08,4.0,-12.18,1.94,62.9,-31.83,,0.0,3.97,53.78,3.31,152.5
2026-09-05T11:00Z,-15.0,0.0,4.1,-14.0,0.0,81.76,-16.28,85.25,-0.01,4.67,57.71,4.28,143.46
2026-09-05T11:15Z,-16.61,0.0,4.0,-14.5,2.11,62.39,-18.1,,-0.02,4.0,57.99,3.63,145.0
2026-09-05T11:30Z,-19.0,-0.01,3.43,-13.7,4.5,54.55,-5.79,,-0.04,3.98,57.99,3.73,146.0
2026-09-05T11:45Z,-19.0,-0.01,3.04,-13.02,5.14,49.41,-1.04,,-0.07,3.95,57.97,3.63,140.5
2026-09-05T12:00Z,-19.0,0.0,3.43,-13.7,5.21,48.15,-1.24,88.8,-0.03,3.92,64.45,3.49,144.2
2026-09-05T12:15Z,-19.0,-0.01,3.43,-13.7,3.6,49.55,0.0,,-0.05,3.91,64.97,3.51,144.66
2026-09-05T12:30Z,-19.0,-0.01,3.43,-13.06,3.72,43.42,0.1,,-0.03,3.88,54.99,3.55,145.74
2026-09-05T12:45Z,-18.98,-0.01,3.04,-10.09,5.37,35.0,0.09,,-0.02,2.01,50.58,2.75,134.45
2026-09-05T13:00Z,-15.0,0.0,2.81,-9.9,3.75,47.17,2.97,94.7,-0.04,2.19,82.26,3.33,159.64
2026-09-05T13:15Z,-10.0,0.0,2.99,-6.35,3.13,21.59,0.13,,-0.04,2.19,53.47,3.69,166.21
2026-09-05T13:30Z,-8.0,0.0,3.0,-5.14,1.95,19.05,1.16,,-0.02,2.2,53.47,3.21,161.47
2026-09-05T13:45Z,-7.0,4.02,4.02,-5.12,4.02,44.59,3.0,,-0.01,3.88,52.44,2.86,156.38
2026-09-05T14:00Z,-5.66,2.16,3.43,-2.37,2.33,50.49,3.7,130.6,-0.01,1.6,82.7,4.72,143.95
2026-09-05T14:15Z,-4.74,7.78,7.78,-2.41,6.54,77.32,3.3,,0.0,1.6,90.08,4.66,130.61
2026-09-05T14:30Z,-2.02,21.4,21.4,-2.02,21.4,134.85,7.3,,1.4,2.15,104.99,6.88,166.0
2026-09-05T14:45Z,-1.0,38.27,38.27,-0.01,47.18,159.84,41.17,,1.33,2.19,90.23,10.31,159.84
2026-09-05T15:00Z,-0.13,31.46,38.62,-0.01,41.44,80.72,26.67,147.91,-0.03,2.16,-0.01,9.45,152.35
2026-09-05T15:15Z,-0.01,61.01,61.01,9.99,80.65,149.11,77.99,,-0.01,3.11,0.0,11.74,163.27
2026-09-05T15:30Z,0.0,90.47,90.47,57.87,121.78,176.46,112.46,,-0.01,3.92,1.24,15.7,176.46
2026-09-05T15:45Z,0.01,120.6,120.6,119.92,162.9,205.88,92.22,,0.0,4.92,2.43,19.86,205.88
2026-09-05T16:00Z,0.06,108.59,108.59,124.45,151.95,119.01,97.08,147.91,-0.21,4.99,-0.05,11.27,225.86
2026-09-05T16:15Z,33.44,140.0,140.0,141.09,184.59,116.31,89.73,,-0.01,15.55,-0.01,13.52,258.0
2026-09-05T16:30Z,46.19,173.43,173.43,154.51,228.13,179.47,106.4,,8.47,21.36,6.86,19.42,252.12
2026-09-05T16:45Z,76.83,183.96,183.96,179.95,230.8,169.56,116.34,,43.740002,44.53,44.39,33.51,244.02
2026-09-05T17:00Z,87.2,163.69,163.69,155.82,195.0,161.0,132.0,171.9,57.889999,58.94,60.34,29.52,251.49
2026-09-05T17:15Z,103.34,177.87,177.87,175.28,210.0,167.3,133.24,,74.599998,75.96,77.5,28.39,279.24
2026-09-05T17:30Z,105.51,190.0,190.0,192.67,227.74,174.26,127.0,,72.529999,73.84,75.4,28.7,279.24
2026-09-05T17:45Z,114.91,209.99,209.99,245.09,254.99,167.52,126.13,,74.5,75.85,77.73,30.31,279.24
2026-09-05T18:00Z,115.25,184.31,205.3,198.47,216.55,176.42,134.71,171.9,87.029999,88.61,89.93,37.07,258.42
2026-09-05T18:15Z,115.66,179.86,209.99,214.25,209.24,165.26,131.3,,86.739998,88.32,89.67,32.26,279.24
2026-09-05T18:30Z,118.15,182.27,217.5,231.88,213.41,141.7,125.77,,87.300003,88.89,90.36,35.57,279.24
2026-09-05T18:45Z,114.91,176.56,220.0,224.11,206.43,137.65,122.12,,85.279999,86.83,88.41,28.85,268.27
2026-09-05T19:00Z,115.31,202.21,223.37,224.6,242.72,180.75,130.54,171.9,79.230003,80.67,82.07,33.54,218.88
2026-09-05T19:15Z,111.71,181.76,225.01,232.48,212.97,153.52,117.32,,78.610001,80.04,81.43,34.72,212.2
2026-09-05T19:30Z,107.78,176.5,223.32,227.94,207.75,143.76,112.47,,75.07,76.43,77.86,26.56,209.8
2026-09-05T19:45Z,104.81,164.37,220.0,210.98,191.2,133.97,109.05,,76.290001,77.68,79.26,16.28,215.0
2026-09-05T20:00Z,110.79,177.23,217.5,219.39,204.27,163.72,112.01,171.9,81.779999,83.26,84.49,31.89,215.52
2026-09-05T20:15Z,109.21,173.51,217.5,229.21,200.0,147.4,112.01,,79.400002,80.84,82.2,24.61,218.07
2026-09-05T20:30Z,106.69,181.17,217.5,209.97,215.09,147.54,110.93,,76.43,77.82,79.2,15.42,205.0
2026-09-05T20:45Z,104.72,181.0,217.5,204.99,215.05,153.36,106.46,,74.400002,75.76,77.38,12.4,194.87
2026-09-05T21:00Z,101.63,183.78,217.0,193.67,216.85,208.9,106.92,162.0,71.150002,72.44,73.58,27.0,210.0
2026-09-05T21:15Z,99.61,165.48,215.0,191.57,194.24,150.87,106.92,,73.099998,74.43,75.83,18.35,202.96
2026-09-05T21:30Z,102.84,166.17,214.0,200.1,195.39,131.04,105.99,,76.279999,75.78,79.04,10.78,170.0
2026-09-05T21:45Z,99.75,143.65,207.06,200.1,161.31,121.34,104.29,,77.389999,75.99,80.11,9.24,169.1
2026-09-05T22:00Z,137.91,180.91,214.0,173.34,200.0,172.07,126.65,151.27,47.02,99.72,128.23,14.0,209.7
2026-09-05T22:15Z,134.93,167.08,209.82,179.8,181.4,157.3,136.1,,71.900002,99.46,126.28,10.0,221.67
2026-09-05T22:30Z,128.97,155.08,204.24,175.09,164.0,159.46,118.64,,68.129997,95.2,121.41,10.01,206.4
2026-09-05T22:45Z,111.09,163.54,201.48,174.58,190.0,134.98,117.61,,64.660004,79.78,121.14,8.49,204.08
2026-09-05T23:00Z,129.99,171.98,210.0,175.68,190.44,163.47,118.64,146.43,74.110001,90.82,121.43,6.95,221.67
2026-09-05T23:15Z,121.01,161.26,207.86,174.35,180.0,140.73,119.56,,72.260002,81.92,121.33,6.58,221.67
2026-09-05T23:30Z,124.7,167.22,204.24,195.14,185.0,155.0,118.64,,70.610001,80.65,121.12,5.48,215.9
2026-09-05T23:45Z,129.67,155.49,201.65,184.89,164.5,153.09,119.56,,69.809998,80.03,121.0,4.77,221.67
2026-09-06T00:00Z,136.79,167.77,205.0,197.0,176.14,185.32,112.62,145.0,71.839996,83.78,126.11,10.0,205.0
2026-09-06T00:15Z,137.11,163.72,204.24,189.3,171.11,176.67,115.86,,75.480003,86.0,128.49,10.91,205.0
2026-09-06T00:30Z,135.83,159.57,202.12,183.19,166.5,168.1,117.25,,79.459999,88.94,128.44,11.7,200.0
2026-09-06T00:45Z,132.01,150.39,200.48,167.78,155.38,159.78,115.86,,80.620003,90.09,129.63,17.39,193.73
2026-09-06T01:00Z,136.89,155.85,199.5,171.53,160.07,173.83,115.86,142.71,87.220001,95.47,129.58,9.09,192.71
2026-09-06T01:15Z,135.24,151.16,200.41,163.24,154.27,168.18,112.15,,87.540001,96.29,131.93,11.16,193.73
2026-09-06T01:30Z,134.78,149.42,202.12,158.84,151.56,170.48,110.97,,91.110001,99.01,132.39,13.99,177.9
2026-09-06T01:45Z,134.99,150.76,201.44,162.76,153.85,167.49,112.15,,93.790001,100.81,131.68,22.86,191.06
2026-09-06T02:00Z,138.84,143.41,197.78,143.39,142.89,155.01,115.86,140.0,110.010002,112.81,132.68,14.0,200.0
2026-09-06T02:15Z,140.0,143.48,197.45,141.84,142.44,155.54,117.24,,110.790001,113.58,133.32,28.98,198.0
2026-09-06T02:30Z,142.26,147.77,196.7,145.04,146.03,172.16,117.25,,115.199997,116.94,133.84,34.91,201.93
2026-09-06T02:45Z,145.0,151.24,197.47,148.15,149.27,179.55,118.63,,114.800003,117.13,135.64,47.0,196.12
2026-09-06T03:00Z,140.0,143.66,195.95,141.74,142.45,157.62,113.72,143.67,131.029999,128.68,134.69,43.64,198.0
2026-09-06T03:15Z,140.97,144.83,196.28,142.76,143.52,160.84,115.86,,131.929993,129.56,135.56,48.46,200.0
2026-09-06T03:30Z,145.39,150.65,194.7,147.74,148.8,175.2,116.52,,143.889999,141.31,139.51,54.63,200.0
2026-09-06T03:45Z,143.77,149.04,194.7,146.09,147.16,174.99,117.35,,142.350006,139.8,137.94,55.68,191.12
2026-09-06T04:00Z,142.19,147.8,194.7,144.68,145.82,174.76,111.69,148.54,140.210007,137.7,135.71,59.99,205.03
2026-09-06T04:15Z,144.27,150.34,194.7,147.04,148.24,179.14,112.3,,141.410004,138.88,136.87,60.0,196.18
2026-09-06T04:30Z,144.73,149.81,194.7,146.97,148.01,174.19,116.59,,143.220001,140.65,138.52,67.03,185.4
2026-09-06T04:45Z,141.77,145.71,197.46,143.49,144.3,164.87,120.03,,140.759995,138.23,136.22,64.37,192.29
2026-09-06T05:00Z,144.18,148.75,198.14,146.21,147.14,171.23,121.72,146.1,143.179993,140.61,138.47,69.99,191.31
2026-09-06T05:15Z,138.41,141.78,200.0,139.9,140.58,158.61,122.39,,137.669998,135.2,134.5,60.0,192.29
2026-09-06T05:30Z,129.9,130.68,197.47,130.25,130.41,134.51,126.08,,129.729996,127.41,133.65,68.21,176.87
2026-09-06T05:45Z,119.91,119.91,201.45,119.91,119.91,119.91,119.91,,119.910004,117.76,128.82,68.5,164.97
2026-09-06T06:00Z,137.76,137.9,211.38,137.82,137.86,137.34,136.55,137.9,137.649994,135.19,134.18,76.01,221.42
2026-09-06T06:15Z,123.48,125.81,205.86,124.43,125.05,116.31,103.11,,121.629997,119.45,125.97,62.55,206.0
2026-09-06T06:30Z,97.95,103.0,192.5,100.0,101.35,82.4,53.78,,93.940002,91.29,96.98,39.85,192.84
2026-09-06T06:45Z,79.12,84.32,160.0,81.23,82.62,63.13,33.7,,75.0,69.93,77.57,30.82,159.74
2026-09-06T07:00Z,77.82,81.12,155.92,81.57,81.44,73.53,50.23,105.25,82.610001,76.53,85.37,42.83,177.28
2026-09-06T07:15Z,53.4,60.35,125.03,59.0,59.6,13.4,19.54,,58.209999,50.68,60.41,16.48,180.25
2026-09-06T07:30Z,10.29,10.78,93.59,11.47,11.17,8.83,5.28,,12.24,9.36,12.03,7.8,177.41
2026-09-06T07:45Z,5.74,6.13,61.01,6.66,6.46,4.43,1.3,,7.49,7.0,6.97,5.52,156.62
2026-09-06T08:00Z,1.74,1.8,64.25,1.91,1.86,1.55,1.23,10.0,2.42,4.38,1.52,4.82,163.75
2026-09-06T08:15Z,0.28,0.33,39.1,0.41,0.38,0.14,-0.11,,0.8,2.16,-0.26,4.78,160.43
2026-09-06T08:30Z,0.01,0.01,10.0,0.01,0.01,0.01,0.0,,0.02,1.34,-1.03,4.6,152.03
2026-09-06T08:45Z,0.0,0.0,1.81,0.0,0.0,0.0,0.0,,0.0,0.21,-1.06,4.41,124.19
2026-09-06T09:00Z,0.0,0.0,1.08,0.0,0.0,0.0,0.0,-3.49,0.0,1.01,-0.52,3.25,137.45
2026-09-06T09:15Z,0.0,0.0,0.51,0.0,0.0,0.0,0.0,,0.0,0.12,-0.51,2.78,131.32
2026-09-06T09:30Z,-0.01,-0.01,0.2,-0.01,-0.01,-0.01,-0.01,,0.0,0.11,-0.5,2.5,140.03
2026-09-06T09:45Z,-0.13,-0.01,0.01,-0.3,0.08,-0.11,-0.12,,0.0,0.11,-0.64,2.44,155.7
2026-09-06T10:00Z,-0.49,-0.01,0.0,-1.16,0.21,-0.4,-0.47,-5.2,0.1,0.19,10.14,1.89,147.92
2026-09-06T10:15Z,-1.19,-0.01,0.0,-2.8,0.52,-0.95,-1.15,,0.98,1.06,10.12,1.89,147.28
2026-09-06T10:30Z,-1.3,-0.01,0.0,-3.05,0.56,-1.04,-1.26,,1.27,1.34,10.1,1.89,147.28
2026-09-06T10:45Z,-1.48,-0.01,0.0,-3.16,0.61,-1.18,-1.44,,1.33,1.4,10.03,1.88,146.92
2026-09-06T11:00Z,-1.63,-0.02,0.0,-3.85,0.67,-1.32,-1.54,-6.12,0.5,1.34,9.81,1.54,139.25
2026-09-06T11:15Z,-1.81,-0.03,0.01,-4.0,0.7,-1.45,-1.71,,1.33,1.39,9.78,1.46,137.5
2026-09-06T11:30Z,-1.74,-0.08,0.01,-4.0,0.62,-1.41,-1.64,,1.33,1.59,9.99,1.78,135.66
2026-09-06T11:45Z,-1.35,-0.09,0.01,-3.08,0.45,-1.11,-1.27,,1.34,1.4,9.35,1.45,133.25
2026-09-06T12:00Z,-1.46,-0.11,0.51,-3.02,0.44,-1.2,-1.36,-6.03,0.1,1.33,10.29,1.89,143.25
2026-09-06T12:15Z,-1.0,-0.1,0.51,-2.04,0.26,-0.83,-0.93,,0.1,1.34,10.32,1.89,143.25
2026-09-06T12:30Z,-0.1,-0.1,0.51,-0.1,-0.1,-0.1,-0.1,,0.1,1.33,10.5,2.32,159.0
2026-09-06T12:45Z,-0.06,-0.06,0.51,-0.06,-0.06,-0.06,-0.06,,0.1,1.33,9.29,0.82,154.9
2026-09-06T13:00Z,-0.02,-0.02,0.28,-0.02,-0.02,0.01,-0.01,-2.0,0.0,1.59,23.71,5.38,129.95
2026-09-06T13:15Z,-0.01,-0.01,0.3,-0.01,-0.01,0.01,0.0,,0.0,1.59,28.07,6.4,146.21
2026-09-06T13:30Z,0.0,0.0,0.51,0.0,0.0,0.0,0.0,,0.0,1.6,29.43,6.99,155.09
2026-09-06T13:45Z,0.01,0.01,0.51,0.01,0.01,0.01,0.01,,0.07,2.1,33.05,8.21,169.15
2026-09-06T14:00Z,0.01,0.01,0.52,0.01,0.01,0.01,0.01,36.5,0.12,3.52,34.44,7.28,159.92
2026-09-06T14:15Z,1.94,1.94,1.94,1.94,1.94,1.94,1.94,,1.99,3.99,38.2,7.48,162.65
2026-09-06T14:30Z,20.0,20.0,20.0,20.0,20.0,20.0,20.0,,20.0,19.98,48.05,16.91,193.9
2026-09-06T14:45Z,57.83,57.83,57.83,57.83,57.83,57.83,57.83,,57.830002,57.81,72.99,45.16,203.53
2026-09-06T15:00Z,57.23,57.23,57.23,57.23,57.23,57.23,57.23,137.4,57.23,57.22,95.03,25.19,224.34
2026-09-06T15:15Z,92.4,92.4,92.4,92.4,92.4,92.46,92.42,,92.410004,92.4,123.86,65.18,224.34
2026-09-06T15:30Z,150.74,144.05,111.2,150.12,149.52,167.79,147.74,,150.25,150.01,131.38,90.0,206.0
2026-09-06T15:45Z,192.31,172.69,125.7,189.91,187.76,215.38,189.46,,191.429993,191.38,139.59,109.42,221.67
2026-09-06T16:00Z,154.52,153.77,126.0,154.42,154.38,154.59,154.55,190.0,154.5,154.52,144.0,102.55,188.02
2026-09-06T16:15Z,181.83,177.52,139.99,181.51,181.12,192.27,179.18,,181.350006,180.97,156.01,111.05,206.86
2026-09-06T16:30Z,205.87,194.52,165.0,204.73,203.57,223.66,201.66,,204.960007,204.4,156.29,113.19,246.82
2026-09-06T16:45Z,234.2,223.09,194.7,232.62,231.26,235.32,187.29,,233.940002,234.18,156.33,114.46,273.66
2026-09-06T17:00Z,199.96,200.25,193.3,200.1,200.15,203.48,195.68,210.48,199.820007,199.64,156.31,113.51,224.34
2026-09-06T17:15Z,221.99,222.72,217.3,222.17,222.35,227.98,219.6,,221.740005,221.44,156.26,113.9,271.46
2026-09-06T17:30Z,225.53,225.82,225.01,225.6,225.67,227.93,224.8,,225.429993,225.31,156.22,113.72,230.57
2026-09-06T17:45Z,240.47,240.47,240.47,240.47,240.47,240.47,240.47,,240.470001,240.48,156.19,113.64,240.47
2026-09-06T18:00Z,224.99,224.99,224.99,224.99,224.99,224.99,224.99,218.09,224.990005,225.0,156.53,114.46,224.99
2026-09-06T18:15Z,228.57,228.57,228.57,228.57,228.57,228.57,228.57,,228.570007,228.58,156.5,114.54,228.57
2026-09-06T18:30Z,235.06,235.06,235.06,235.06,235.06,235.06,235.06,,235.059998,235.07,156.51,114.18,236.08
2026-09-06T18:45Z,222.0,222.0,236.02,222.0,222.0,222.0,222.0,,222.0,222.01,156.44,113.32,237.1
2026-09-06T19:00Z,230.95,230.95,240.83,230.95,230.95,230.95,230.95,200.01,230.949997,230.96,156.34,114.11,235.52
2026-09-06T19:15Z,207.44,207.44,249.3,207.44,207.44,207.44,207.44,,207.440002,207.45,156.27,113.91,224.63
2026-09-06T19:30Z,200.0,200.0,248.97,200.0,200.0,200.0,199.0,,200.0,200.01,156.1,113.2,224.34
2026-09-06T19:45Z,186.23,186.23,247.9,186.23,186.23,186.23,186.23,,186.229996,186.24,155.21,110.32,235.0
2026-09-06T20:00Z,203.97,203.97,238.74,203.97,203.97,203.97,203.97,190.0,203.970001,203.98,155.09,114.25,221.67
2026-09-06T20:15Z,191.26,191.26,235.06,191.26,191.26,191.26,191.26,,191.259995,191.27,155.01,113.55,221.67
2026-09-06T20:30Z,185.8,185.8,226.29,185.8,185.8,185.8,185.8,,185.800003,185.81,155.01,112.92,206.28
2026-09-06T20:45Z,176.51,176.51,225.01,176.51,176.51,176.51,176.51,,176.509995,176.52,154.4,111.42,209.53
2026-09-06T21:00Z,182.34,183.0,228.02,182.58,182.72,183.7,181.57,171.9,182.259995,182.1,154.56,113.59,210.5
2026-09-06T21:15Z,171.84,172.55,223.8,172.1,172.25,173.31,171.01,,171.759995,171.58,152.73,111.39,202.96
2026-09-06T21:30Z,170.43,171.11,219.95,170.68,170.83,173.82,169.24,,170.289993,170.08,151.01,109.74,175.21
2026-09-06T21:45Z,153.72,155.7,219.95,154.45,154.9,166.19,149.78,,153.259995,152.55,147.82,100.06,171.33
2026-09-06T22:00Z,169.99,171.1,214.0,170.4,170.64,172.32,168.42,162.1,169.86,169.580002,146.41,111.17,216.68
2026-09-06T22:15Z,156.71,157.78,208.86,157.1,157.34,158.95,155.21,,156.59,156.309998,145.35,102.86,208.22
2026-09-06T22:30Z,149.59,150.09,206.24,149.78,149.89,150.64,148.88,,149.53,149.410004,142.45,100.0,200.0
2026-09-06T22:45Z,145.72,146.15,203.83,145.87,145.97,146.62,145.11,,145.66,146.410004,141.74,97.73,195.1
2026-09-06T23:00Z,157.22,157.79,208.86,157.45,157.58,160.05,155.5,156.93,157.11,156.039993,144.32,104.4,205.0
2026-09-06T23:15Z,150.11,150.81,206.24,150.27,150.45,155.49,149.46,,149.96,149.860001,144.16,100.78,197.54
2026-09-06T23:30Z,149.43,149.93,205.3,149.63,149.74,152.18,148.01,,149.34,149.149994,144.1,100.0,180.8
2026-09-06T23:45Z,146.67,147.03,204.5,146.82,146.89,148.43,145.59,,146.6,146.470001,141.85,99.32,178.9
2026-09-07T00:00Z,149.07,149.92,204.65,149.41,149.6,153.51,146.78,152.7,148.93,148.619995,144.04,99.41,186.51
2026-09-07T00:15Z,149.01,149.53,204.5,149.18,149.3,152.71,148.25,,148.92,148.800003,144.04,100.0,180.0
2026-09-07T00:30Z,148.34,148.88,202.16,148.49,148.62,152.7,148.03,,148.26,148.179993,143.25,100.01,180.0
2026-09-07T00:45Z,146.85,148.24,200.11,147.24,147.58,157.29,146.0,,146.66,146.460007,141.91,100.0,179.73
2026-09-07T01:00Z,150.43,151.34,205.3,150.81,151.0,154.23,148.08,152.0,150.3,149.970001,141.97,100.1,170.5
2026-09-07T01:15Z,147.39,148.2,204.81,147.72,147.89,151.28,145.52,,147.26,146.990005,141.98,99.99,177.42
2026-09-07T01:30Z,147.36,148.38,204.5,147.79,148.01,152.55,144.46,,147.19,146.800003,141.99,99.42,177.9
2026-09-07T01:45Z,147.67,148.41,204.5,147.98,148.14,151.23,145.52,,147.55,147.270004,141.99,99.25,176.68
2026-09-07T02:00Z,147.59,147.96,200.0,147.73,147.81,148.35,147.11,152.69,147.56,147.479996,142.3,99.99,176.06
2026-09-07T02:15Z,149.44,149.77,200.16,149.56,149.63,150.13,148.99,,149.4,149.330002,143.31,100.28,177.35
2026-09-07T02:30Z,150.73,151.0,201.08,150.83,150.89,151.29,150.37,,150.71,150.649994,144.03,102.63,182.16
2026-09-07T02:45Z,159.61,159.88,201.68,159.72,159.77,160.17,159.25,,159.59,158.100006,144.04,108.82,168.5
2026-09-07T03:00Z,154.8,155.45,200.0,154.57,154.85,165.31,158.65,167.33,154.51,157.179993,144.05,107.68,169.5
2026-09-07T03:15Z,165.06,165.3,201.99,165.02,165.11,167.99,165.9,,165.0,164.410004,145.8,110.98,167.99
2026-09-07T03:30Z,178.47,179.78,204.5,178.17,178.69,196.35,184.4,,178.05,178.789993,149.99,113.55,196.35
2026-09-07T03:45Z,193.15,193.92,205.3,192.84,193.19,206.0,197.85,,192.77,193.470001,151.42,114.7,206.0
2026-09-07T04:00Z,194.31,197.97,205.3,194.97,195.97,226.66,196.32,195.07,193.31,192.720001,149.93,113.67,216.93
2026-09-07T04:15Z,205.99,207.54,207.54,206.17,206.62,220.42,209.04,,205.56,205.5,152.62,121.73,215.9
2026-09-07T04:30Z,211.67,214.0,214.0,211.93,212.62,233.5,216.28,,211.01,210.910004,152.99,123.55,226.66
2026-09-07T04:45Z,217.93,219.32,219.32,218.09,218.5,230.94,220.68,,217.54,217.490005,154.05,123.7,226.86
2026-09-07T05:00Z,220.52,221.76,221.76,220.93,221.23,231.0,219.58,210.0,220.28,219.990005,155.04,136.97,227.11
2026-09-07T05:15Z,224.05,225.01,225.01,224.41,224.63,231.13,222.08,,223.86,223.529999,155.83,139.38,228.87
2026-09-07T05:30Z,222.12,225.01,225.01,223.22,223.89,249.32,216.39,,221.46,220.380005,156.15,140.11,249.32
2026-09-07T05:45Z,214.76,217.38,219.95,215.76,216.37,238.76,209.56,,214.18,213.199997,155.81,135.25,226.66
2026-09-07T06:00Z,230.04,230.04,230.04,230.04,230.04,230.04,230.04,201.52,230.04,230.059998,158.61,131.58,230.04
2026-09-07T06:15Z,219.95,219.95,219.95,219.95,219.95,219.95,179.84,,219.95,220.119995,158.61,122.99,219.95
2026-09-07T06:30Z,206.24,206.24,206.24,206.24,206.24,206.24,116.5,,206.24,206.279999,158.61,130.86,216.36
2026-09-07T06:45Z,193.0,193.0,193.0,193.0,193.0,193.0,111.7,,193.0,193.169998,158.64,103.85,264.12
2026-09-07T07:00Z,208.65,210.0,210.0,206.87,210.91,208.97,126.69,174.01,207.59,208.410004,158.86,122.92,244.0
2026-09-07T07:15Z,198.7,204.5,204.5,190.94,208.46,201.96,111.7,,194.07,192.210007,158.83,91.52,239.0
2026-09-07T07:30Z,164.63,178.0,178.0,165.81,175.75,153.37,115.7,,160.89,158.139999,157.17,84.66,224.24
2026-09-07T07:45Z,149.2,162.15,150.7,143.54,163.68,158.77,106.6,,145.48,144.490005,154.09,75.76,206.62
2026-09-07T08:00Z,161.55,182.15,175.0,154.14,186.35,140.52,121.02,148.41,157.8,153.580002,152.37,89.14,202.96
2026-09-07T08:15Z,152.78,163.72,150.28,146.32,167.47,180.36,112.16,,148.97,146.410004,144.63,76.48,196.14
2026-09-07T08:30Z,141.4,152.49,140.0,136.15,154.05,143.37,110.06,,138.69,136.289993,141.14,63.86,174.04
2026-09-07T08:45Z,124.35,130.01,130.01,126.84,128.12,108.85,106.6,,123.25,121.080002,135.76,43.54,174.5
2026-09-07T09:00Z,144.03,158.41,110.0,128.64,163.95,171.23,117.66,143.32,138.07,138.509995,141.94,80.0,189.28
2026-09-07T09:15Z,125.66,142.04,95.24,106.93,149.14,135.03,112.27,,120.2,122.5,139.43,70.13,182.44
2026-09-07T09:30Z,109.08,115.29,92.06,100.05,119.1,111.12,107.26,,106.38,108.330002,138.75,64.71,181.72
2026-09-07T09:45Z,101.34,108.01,90.49,90.0,113.04,102.61,101.86,,99.08,100.900002,137.84,48.4,182.04
2026-09-07T10:00Z,107.13,110.06,87.99,102.2,111.9,107.67,107.35,94.14,105.01,106.93,133.89,63.78,176.52
2026-09-07T10:15Z,93.86,103.71,85.2,80.0,108.75,104.75,96.59,,91.9,93.580002,133.59,44.07,178.08
2026-09-07T10:30Z,67.51,85.01,85.01,52.36,89.94,118.76,79.37,,67.18,68.360001,134.12,40.98,177.6
2026-09-07T10:45Z,50.01,77.25,77.25,25.0,85.54,124.97,67.42,,49.94,51.130001,134.34,39.75,179.04
2026-09-07T11:00Z,60.42,77.38,77.38,48.83,84.2,111.52,72.33,88.7,60.83,61.470001,131.56,45.65,179.28
2026-09-07T11:15Z,44.21,70.0,70.0,24.99,81.24,116.37,72.71,,44.5,45.560001,131.82,38.43,178.56
2026-09-07T11:30Z,37.27,64.67,64.67,16.99,76.54,114.43,89.36,,37.62,38.720001,131.74,32.83,180.48
2026-09-07T11:45Z,24.63,57.0,57.0,0.3,71.22,114.5,87.6,,24.98,26.280001,131.19,23.87,181.16
2026-09-07T12:00Z,30.59,66.84,66.84,2.69,88.66,129.36,81.11,107.76,30.98,32.459999,127.99,26.29,169.74
2026-09-07T12:15Z,30.73,70.01,70.01,0.0,93.99,136.05,81.11,,31.05,32.669998,130.78,26.52,185.54
2026-09-07T12:30Z,30.75,70.01,70.01,0.0,94.0,135.85,106.59,,31.07,32.689999,130.24,28.48,202.96
2026-09-07T12:45Z,34.44,70.0,70.0,7.5,91.11,132.86,111.23,,34.91,36.34,131.32,32.21,205.0
2026-09-07T13:00Z,38.93,68.94,68.94,7.21,84.95,142.46,131.01,129.02,39.03,42.919998,130.77,26.06,193.03
2026-09-07T13:15Z,54.02,70.01,70.01,38.43,79.8,121.04,112.16,,54.54,56.84,132.18,39.96,208.0
2026-09-07T13:30Z,75.15,95.08,80.35,53.94,108.5,147.17,111.23,,75.32,77.989998,132.25,34.9,211.0
2026-09-07T13:45Z,84.5,106.42,85.01,59.99,122.0,156.05,106.45,,84.37,87.18,134.74,61.13,224.24
2026-09-07T14:00Z,58.54,70.01,70.01,47.3,76.72,111.97,95.94,152.71,58.78,60.040001,135.5,36.96,235.46
2026-09-07T14:15Z,91.77,96.14,85.2,87.67,98.29,118.32,99.73,,91.77,93.449997,139.26,65.25,238.0
2026-09-07T14:30Z,126.18,141.52,89.49,107.37,152.66,170.5,141.29,,125.9,128.220001,141.43,85.24,264.12
2026-09-07T14:45Z,155.9,170.82,94.84,146.32,175.0,219.53,189.99,,153.54,156.360001,142.38,99.82,242.42
2026-09-07T15:00Z,115.17,115.17,104.84,112.09,120.3,187.64,193.94,159.29,111.43,113.470001,139.59,82.55,226.66
2026-09-07T15:15Z,148.22,148.22,125.0,144.56,151.06,219.55,233.73,,143.79,146.440002,144.01,97.01,249.22
2026-09-07T15:30Z,171.0,171.0,139.44,166.72,176.44,230.95,223.55,,168.44,170.800003,150.0,106.63,264.12
2026-09-07T15:45Z,211.79,211.79,144.97,211.79,212.78,265.54,243.33,,211.41,210.580002,153.22,119.4,300.0
2026-09-07T16:00Z,174.05,174.28,144.85,173.64,174.56,230.23,191.57,194.29,173.79,175.100006,158.15,121.04,263.58
2026-09-07T16:15Z,192.26,192.43,160.54,191.62,192.43,247.11,211.44,,192.21,193.830002,158.37,119.97,260.7
2026-09-07T16:30Z,206.0,210.28,193.58,206.0,207.21,258.3,235.91,,206.3,207.919998,158.46,118.63,258.3
2026-09-07T16:45Z,252.97,255.01,197.87,252.6,253.27,291.31,264.36,,252.97,253.979996,159.08,119.36,278.39
2026-09-07T17:00Z,221.99,226.16,193.0,222.39,223.41,282.19,269.49,230.0,222.42,223.470001,159.43,119.18,267.72
2026-09-07T17:15Z,236.38,241.86,208.86,236.98,238.42,302.34,290.65,,236.75,238.570007,159.66,116.63,286.54
2026-09-07T17:30Z,253.66,259.37,220.27,255.01,256.31,308.53,331.49,,254.79,256.970001,159.74,105.88,300.01
2026-09-07T17:45Z,248.16,255.85,255.85,249.66,251.52,327.09,332.94,,248.98,251.259995,159.72,102.41,311.73
2026-09-07T18:00Z,229.04,234.27,234.27,229.76,231.09,289.84,297.79,230.0,229.95,232.300003,159.84,106.74,277.18
2026-09-07T18:15Z,235.0,238.81,238.81,235.13,236.2,287.54,277.8,,235.43,237.220001,159.82,103.47,274.02
2026-09-07T18:30Z,240.58,242.39,242.39,240.14,240.78,275.68,251.57,,240.48,241.410004,159.84,96.11,264.12
2026-09-07T18:45Z,227.45,229.49,247.76,227.06,227.76,262.82,237.25,,227.29,228.130005,159.78,90.0,262.82
2026-09-07T19:00Z,234.07,235.79,257.01,233.64,234.26,267.35,243.69,200.53,233.95,234.809998,159.41,54.78,277.18
2026-09-07T19:15Z,207.99,210.15,265.0,207.78,208.47,239.61,215.38,,207.74,208.300003,159.18,14.44,264.12
2026-09-07T19:30Z,198.52,201.09,250.75,198.38,199.27,230.93,202.79,,198.04,198.190002,159.28,7.1,264.12
2026-09-07T19:45Z,180.07,185.16,240.71,180.07,182.15,221.95,173.48,,178.65,177.229996,159.32,6.74,226.66
2026-09-07T20:00Z,194.52,198.87,228.56,193.6,196.74,235.66,180.1,191.88,193.96,194.160004,158.73,5.86,241.79
2026-09-07T20:15Z,188.36,192.47,225.01,187.65,190.39,226.7,193.43,,187.84,188.0,158.67,5.4,226.7
2026-09-07T20:30Z,185.58,191.32,219.95,183.67,189.67,228.89,171.01,,184.92,185.119995,158.81,5.16,228.89
2026-09-07T20:45Z,180.0,183.71,216.57,180.0,181.83,210.4,180.99,,179.41,179.089996,158.55,5.01,213.58
2026-09-07T21:00Z,179.98,186.82,216.99,179.98,184.32,217.94,172.61,169.46,178.56,176.809998,158.25,4.63,232.4
2026-09-07T21:15Z,171.79,178.57,208.57,171.79,176.62,205.4,164.34,,170.46,168.759995,157.75,3.82,235.55
2026-09-07T21:30Z,169.45,179.7,200.18,165.75,178.67,217.47,158.03,,167.34,165.229996,157.63,3.8,225.21
2026-09-07T21:45Z,161.59,169.47,195.37,160.63,167.72,203.39,150.6,,159.86,157.869995,154.95,3.36,203.39
2026-09-07T22:00Z,205.99,207.65,227.5,206.0,206.48,224.97,141.79,168.43,205.93,206.270004,157.44,3.68,226.0
2026-09-07T22:15Z,176.28,180.97,222.13,176.56,177.9,224.93,140.04,,175.72,176.009995,159.07,3.64,226.0
2026-09-07T22:30Z,167.94,171.22,219.0,168.49,169.38,197.77,153.78,,166.98,166.050003,159.07,3.6,224.24
2026-09-07T22:45Z,164.51,165.8,215.85,164.73,165.08,176.11,160.82,,164.13,163.740005,157.46,3.6,207.4
2026-09-07T23:00Z,175.18,179.61,206.0,175.97,177.17,216.08,160.31,160.23,173.75,172.279999,150.66,3.48,216.08
2026-09-07T23:15Z,168.04,172.48,199.88,168.89,170.08,207.49,151.01,,166.53,164.889999,150.11,3.12,207.49
2026-09-07T23:30Z,166.24,169.78,195.37,167.07,168.0,194.91,150.76,,164.77,163.080002,150.11,2.93,197.27
2026-09-07T23:45Z,160.31,164.43,194.23,161.4,162.55,192.08,141.0,,158.63,156.600006,149.08,2.76,196.0
2026-09-08T00:00Z,157.19,162.51,201.46,158.2,159.7,203.13,146.13,155.1,155.16,153.399994,142.11,2.99,201.71
2026-09-08T00:15Z,154.88,160.66,201.46,156.09,157.7,202.53,141.85,,152.48,150.270004,140.59,2.8,202.53
2026-09-08T00:30Z,155.48,160.66,205.0,156.59,158.04,197.5,142.98,,153.27,151.199997,137.86,3.09,197.5
2026-09-08T00:45Z,155.34,159.83,201.46,156.2,157.37,192.5,144.28,,153.38,151.550003,137.41,2.73,192.5
2026-09-08T01:00Z,151.3,155.77,201.46,151.96,153.22,192.91,144.27,153.43,149.55,148.169998,133.04,2.75,192.91
2026-09-08T01:15Z,153.05,157.48,205.0,153.75,155.0,193.16,144.77,,151.22,149.699997,132.56,3.05,194.16
2026-09-08T01:30Z,152.59,157.05,201.46,153.3,154.56,192.92,144.27,,150.76,149.229996,132.19,2.63,192.92
2026-09-08T01:45Z,152.77,157.67,201.46,153.54,154.92,195.73,144.27,,150.83,149.240005,131.67,2.71,195.73
2026-09-08T02:00Z,151.47,155.17,199.88,151.79,152.87,191.94,152.61,154.68,150.58,150.240005,123.32,3.52,191.48
2026-09-08T02:15Z,152.27,156.51,199.88,152.65,153.88,199.57,153.08,,151.19,150.75,123.42,3.55,195.22
2026-09-08T02:30Z,153.16,157.17,199.0,153.4,154.58,200.74,157.72,,152.44,152.460007,122.6,3.54,192.97
2026-09-08T02:45Z,151.0,155.37,197.78,151.2,152.48,203.4,158.27,,150.41,150.699997,121.97,3.54,192.49
2026-09-08T03:00Z,154.02,157.26,195.37,154.19,155.13,192.89,158.19,164.91,153.63,153.850006,123.01,3.52,192.89
2026-09-08T03:15Z,158.86,162.36,195.37,159.03,160.05,200.67,164.09,,158.51,158.830002,123.69,3.85,194.5
2026-09-08T03:30Z,168.81,171.33,195.0,168.79,169.53,203.28,168.13,,169.08,169.990005,123.83,5.01,196.0
2026-09-08T03:45Z,187.82,190.47,198.0,187.75,188.53,226.99,139.2,,188.18,189.300003,126.97,5.38,216.72
2026-09-08T04:00Z,186.85,188.04,188.04,186.85,188.04,228.08,188.27,203.05,186.3,186.039993,142.22,5.36,217.43
2026-09-08T04:15Z,202.8,201.1,201.1,202.73,204.34,235.53,207.13,,202.71,202.699997,142.8,6.73,226.21
2026-09-08T04:30Z,210.0,201.22,201.22,209.41,213.46,247.86,214.68,,210.04,209.830002,144.01,8.23,235.88
2026-09-08T04:45Z,212.51,205.02,205.02,211.94,215.19,248.8,221.21,,213.0,213.369995,144.07,35.71,237.71
2026-09-08T05:00Z,244.43,205.0,205.0,236.01,228.76,252.44,241.1,217.63,241.7,241.940002,156.43,51.31,246.49
2026-09-08T05:15Z,228.33,217.25,217.25,225.95,224.12,246.76,222.61,,226.51,226.029999,156.46,92.9,246.76
2026-09-08T05:30Z,216.47,218.14,218.14,216.82,217.31,230.92,212.25,,215.62,215.059998,156.49,94.99,254.57
2026-09-08T05:45Z,212.47,214.47,214.47,212.89,213.47,229.78,174.22,,211.45,210.759995,156.5,95.0,232.18
2026-09-08T06:00Z,230.01,230.01,230.01,230.01,230.01,230.01,179.0,199.99,230.01,230.259995,159.28,102.91,235.46
2026-09-08T06:15Z,215.61,215.61,215.61,215.61,215.61,215.61,120.1,,215.61,215.839996,159.3,100.39,231.6
2026-09-08T06:30Z,199.98,199.98,199.98,199.98,199.98,199.98,114.93,,199.98,200.190002,159.46,99.23,226.66
2026-09-08T06:45Z,157.34,157.34,180.0,157.34,157.34,157.34,116.66,,157.34,157.509995,159.32,89.56,224.24
2026-09-08T07:00Z,199.88,199.88,199.88,199.88,199.88,199.88,104.14,161.76,199.88,200.050003,159.5,81.38,231.02
2026-09-08T07:15Z,167.36,171.67,171.67,171.5,174.17,169.26,106.7,,166.29,166.660004,158.86,81.65,232.53
2026-09-08T07:30Z,138.54,150.0,150.0,156.08,152.17,145.33,119.2,,133.01,134.179993,154.01,70.65,210.0
2026-09-08T07:45Z,105.14,122.13,122.13,132.62,126.24,83.98,91.0,,96.11,97.959999,150.08,59.87,206.45
2026-09-08T08:00Z,149.48,162.96,135.0,174.14,167.32,217.0,121.08,143.95,140.22,141.089996,144.89,69.26,217.0
2026-09-08T08:15Z,129.98,147.67,124.93,161.78,155.91,189.66,106.7,,119.34,121.629997,142.27,63.17,220.27
2026-09-08T08:30Z,99.48,119.5,114.14,136.68,130.94,110.96,94.85,,89.46,92.839996,142.26,57.32,207.89
2026-09-08T08:45Z,50.0,100.0,100.0,127.4,136.67,62.52,54.98,,31.4,42.91,142.2,30.56,204.5
2026-09-08T09:00Z,95.44,122.01,94.45,122.6,148.69,101.51,98.36,123.49,90.18,93.550003,142.26,65.74,202.47
2026-09-08T09:15Z,67.56,91.02,89.65,119.72,106.43,73.69,69.23,,53.54,60.700001,142.22,42.58,198.79
2026-09-08T09:30Z,44.59,75.0,75.0,115.64,94.0,52.62,46.63,,25.29,35.009998,144.03,24.49,196.0
2026-09-08T09:45Z,21.36,67.0,67.0,108.51,125.0,32.55,25.16,,2.5,14.52,144.02,10.01,193.5
2026-09-08T10:00Z,30.0,88.51,72.97,104.18,143.12,43.7,35.91,94.93,13.57,22.870001,124.99,16.25,197.25
2026-09-08T10:15Z,23.19,69.94,69.94,121.43,102.46,35.16,26.6,,2.49,16.639999,118.42,12.2,180.0
2026-09-08T10:30Z,10.06,53.09,53.09,109.26,84.77,21.28,12.97,,1.54,24.280001,118.66,17.6,178.08
2026-09-08T10:45Z,3.95,47.82,47.82,109.12,74.62,15.53,6.72,,2.0,23.360001,119.81,16.93,188.36
2026-09-08T11:00Z,7.82,40.47,40.47,68.34,76.0,48.28,16.84,120.35,2.48,13.61,121.67,10.0,197.04
2026-09-08T11:15Z,0.09,38.99,38.99,100.48,77.0,51.37,10.0,,2.65,13.42,111.99,10.01,194.21
2026-09-08T11:30Z,0.02,38.66,38.66,117.91,95.42,39.8,7.37,,3.4,12.08,1.14,10.01,184.27
2026-09-08T11:45Z,0.01,38.77,38.77,134.32,113.5,36.62,6.38,,4.31,17.6,-0.03,13.99,195.22
2026-09-08T12:00Z,0.01,52.86,52.86,83.77,100.0,28.44,10.61,130.97,5.84,11.39,4.3,10.01,189.81
2026-09-08T12:15Z,0.01,55.0,55.0,88.97,107.4,49.83,14.65,,9.57,23.23,4.7,19.03,196.5
2026-09-08T12:30Z,0.03,61.14,60.01,99.17,122.47,120.31,27.85,,10.52,24.25,5.65,19.95,182.96
2026-09-08T12:45Z,6.53,55.47,55.47,114.07,143.41,102.27,28.86,,16.87,29.530001,12.69,25.0,198.61
2026-09-08T13:00Z,14.97,39.1,39.1,112.93,105.96,21.86,16.46,143.7,2.65,14.06,-1.6,13.95,173.8
2026-09-08T13:15Z,32.28,39.1,39.1,125.79,143.02,104.2,43.0,,16.96,22.74,15.63,20.22,188.0
2026-09-08T13:30Z,66.02,66.02,43.24,125.8,148.2,152.64,79.64,,57.04,60.880001,59.05,47.72,191.0
2026-09-08T13:45Z,81.26,75.99,50.0,134.49,162.25,168.13,96.1,,74.5,75.919998,77.07,57.19,202.08
2026-09-08T14:00Z,15.43,33.62,33.62,140.1,167.9,168.81,106.23,150.5,6.61,14.68,111.94,12.04,210.0
2026-09-08T14:15Z,50.0,50.0,50.0,160.1,186.28,190.82,111.8,,43.84,45.610001,117.66,36.38,218.0
2026-09-08T14:30Z,109.27,75.09,60.01,160.27,235.1,208.9,133.84,,111.58,113.699997,122.8,69.14,225.0
2026-09-08T14:45Z,139.8,135.99,70.14,179.39,210.72,208.9,159.0,,139.13,141.729996,135.99,88.09,234.61
2026-09-08T15:00Z,110.2,72.76,72.76,144.42,200.0,178.25,148.45,156.99,112.12,139.990005,143.57,91.62,216.0
2026-09-08T15:15Z,144.49,122.07,95.0,165.2,182.0,191.37,154.39,,144.89,146.479996,150.04,99.39,229.22
2026-09-08T15:30Z,171.67,145.07,100.01,193.68,210.19,215.54,180.78,,172.33,171.690002,158.36,104.93,264.12
2026-09-08T15:45Z,210.11,200.0,114.17,210.11,209.85,250.08,230.83,,209.25,210.089996,159.51,112.52,271.06
2026-09-08T16:00Z,157.42,122.36,100.0,181.72,200.49,239.9,197.08,191.99,161.6,164.169998,156.96,114.63,293.58
2026-09-08T16:15Z,199.94,176.91,124.93,199.94,199.34,274.69,286.03,,200.89,203.669998,159.4,124.67,277.18
2026-09-08T16:30Z,209.0,190.44,124.93,208.27,207.1,300.0,322.12,,210.08,213.589996,159.48,125.0,300.0
2026-09-08T16:45Z,235.96,235.96,144.85,236.92,237.47,330.28,343.85,,237.3,240.470001,159.41,124.99,335.35
2026-09-08T17:00Z,213.0,152.98,147.51,215.47,207.72,280.0,334.2,209.15,215.76,217.869995,159.86,134.68,280.0
2026-09-08T17:15Z,229.32,229.3,173.24,230.58,230.83,282.85,356.6,,230.4,233.330002,159.91,130.03,282.85
2026-09-08T17:30Z,254.26,226.7,191.46,254.71,252.1,265.83,360.41,,255.09,257.059998,159.92,129.99,327.16
2026-09-08T17:45Z,266.45,219.0,219.0,271.2,264.0,250.32,333.42,,269.11,268.799988,159.93,129.98,349.99
2026-09-08T18:00Z,271.63,190.0,190.0,267.94,240.95,269.91,330.13,202.31,275.08,274.100006,160.36,132.92,307.18
2026-09-08T18:15Z,266.83,197.54,197.54,267.28,248.69,258.87,304.42,,270.02,268.700012,160.79,136.12,304.02
2026-09-08T18:30Z,255.57,207.99,207.99,255.66,242.39,230.95,252.42,,257.65,256.079987,160.77,127.62,295.0
2026-09-08T18:45Z,235.31,207.29,207.29,235.37,226.87,211.99,234.02,,236.66,235.660004,160.81,126.39,280.0
2026-09-08T19:00Z,245.31,220.0,220.0,245.4,238.95,240.11,243.19,203.19,246.35,245.690002,160.15,105.77,264.12
2026-09-08T19:15Z,221.84,220.0,220.0,221.66,220.97,221.46,221.69,,221.9,221.970001,160.12,103.5,264.12
2026-09-08T19:30Z,211.61,212.11,212.11,211.7,211.83,212.61,210.82,,211.47,211.460007,160.13,99.99,227.52
2026-09-08T19:45Z,197.0,197.69,197.69,197.14,197.31,198.38,195.93,,196.82,196.720001,160.02,86.8,224.24
2026-09-08T20:00Z,206.91,208.6,208.6,206.53,207.15,224.64,143.81,188.0,206.51,206.990005,159.98,99.99,226.57
2026-09-08T20:15Z,197.09,196.61,196.61,196.57,196.89,214.75,201.18,,196.65,197.160004,159.96,84.92,217.53
2026-09-08T20:30Z,194.25,195.41,195.41,194.51,194.8,196.58,192.58,,194.01,193.729996,159.95,58.62,205.24
2026-09-08T20:45Z,185.77,186.88,186.88,186.02,186.29,187.99,181.66,,185.54,185.259995,159.92,42.83,196.23
2026-09-08T21:00Z,191.0,187.94,187.94,190.74,190.45,193.27,173.61,170.0,190.74,190.559998,159.29,47.7,222.0
2026-09-08T21:15Z,180.44,181.5,181.5,180.69,180.93,182.38,157.59,,180.25,179.990005,159.26,41.42,210.0
2026-09-08T21:30Z,177.02,178.0,178.0,177.25,177.47,178.82,145.65,,176.84,176.600006,159.24,36.5,186.1
2026-09-08T21:45Z,161.33,162.49,162.49,161.6,161.86,163.45,139.17,,161.12,160.839996,154.99,30.09,185.7
2026-09-08T22:00Z,150.34,152.3,184.01,150.31,150.93,176.71,158.59,160.0,150.179993,150.89,145.15,104.17,213.0
2026-09-08T22:15Z,151.09,151.67,179.28,151.28,151.41,152.22,150.23,,150.990005,150.85,145.75,77.29,220.0
2026-09-08T22:30Z,150.92,151.04,177.18,150.96,150.99,151.16,150.73,,150.899994,150.87,145.69,84.61,214.0
2026-09-08T22:45Z,147.48,147.69,170.89,147.55,147.59,147.88,147.17,,147.449997,147.4,142.57,74.05,211.0
2026-09-08T23:00Z,152.62,154.03,170.01,152.85,153.25,166.09,147.34,156.7,152.190002,151.89,144.63,100.62,227.0
2026-09-08T23:15Z,146.63,147.86,160.0,146.94,147.26,155.87,138.01,,146.139999,145.57,141.45,94.83,221.0
2026-09-08T23:30Z,143.25,144.58,150.0,143.73,144.04,148.74,131.06,,142.669998,141.77,138.23,90.36,208.96
2026-09-08T23:45Z,140.79,142.06,148.99,141.24,141.53,145.36,131.52,,140.309998,139.59,136.02,88.92,198.69
2026-09-09T00:00Z,146.76,148.51,148.99,147.37,147.79,157.63,132.46,155.1,145.919998,144.76,141.02,80.0,212.67
2026-09-09T00:15Z,145.21,147.48,147.48,145.98,146.53,160.53,129.67,,144.169998,142.8,139.46,79.99,197.0
2026-09-09T00:30Z,142.41,144.38,144.38,143.09,143.55,152.54,128.23,,141.580002,140.41,137.06,79.99,188.3
2026-09-09T00:45Z,138.97,140.66,140.66,139.54,139.93,145.0,128.75,,138.399994,137.56,134.11,79.99,199.49
2026-09-09T01:00Z,144.03,147.05,147.05,144.81,145.58,167.32,129.21,156.69,142.940002,141.77,138.24,80.67,205.25
2026-09-09T01:15Z,138.76,140.19,140.19,139.22,139.56,145.01,129.21,,138.240005,137.49,133.89,75.48,194.2
2026-09-09T01:30Z,138.11,140.0,140.0,138.65,139.11,148.83,129.68,,137.520004,136.81,133.25,87.53,198.69
2026-09-09T01:45Z,137.01,139.26,139.26,137.46,138.06,155.01,130.15,,136.410004,135.95,132.36,81.5,195.7
2026-09-09T02:00Z,138.46,139.28,139.28,138.73,138.92,141.07,133.68,157.19,138.179993,137.77,133.81,75.0,191.5
2026-09-09T02:15Z,137.92,139.16,139.16,138.2,138.52,146.72,133.84,,137.589996,137.3,133.45,95.12,195.2
2026-09-09T02:30Z,137.41,138.77,138.77,137.69,138.04,148.66,136.66,,137.139999,137.0,132.99,98.36,193.0
2026-09-09T02:45Z,137.65,140.0,140.0,138.01,138.65,159.68,141.2,,137.360001,137.51,133.21,100.23,192.5
2026-09-09T03:00Z,136.91,138.14,138.14,136.91,137.29,146.4,138.47,165.59,136.610001,136.73,134.93,83.34,192.9
2026-09-09T03:15Z,138.57,140.67,140.67,138.35,139.03,155.43,141.36,,138.020004,138.23,135.05,97.52,194.5
2026-09-09T03:30Z,144.07,145.77,145.77,143.39,144.59,172.59,148.32,,143.199997,143.62,138.81,105.05,196.91
2026-09-09T03:45Z,149.94,149.94,149.94,148.61,150.34,187.49,158.03,,148.899994,149.71,143.92,113.52,210.93
2026-09-09T04:00Z,154.12,154.12,154.12,153.93,154.12,179.24,157.93,176.6,153.820007,154.13,148.35,111.93,191.6
2026-09-09T04:15Z,174.92,174.5,174.5,174.5,174.5,211.87,178.7,,174.5,174.68,149.94,122.0,211.87
2026-09-09T04:30Z,178.94,178.12,178.12,178.43,178.43,225.38,193.4,,179.289993,180.28,149.95,131.62,225.38
2026-09-09T04:45Z,188.04,182.0,182.0,186.62,186.62,227.9,201.57,,188.289993,189.28,149.96,144.32,227.9
2026-09-09T05:00Z,201.75,195.68,188.4,200.27,199.35,230.93,206.02,195.19,200.949997,201.29,155.0,148.41,225.0
2026-09-09T05:15Z,200.21,200.19,190.99,200.0,200.21,226.63,204.19,,199.789993,199.96,157.93,158.26,230.65
2026-09-09T05:30Z,199.92,199.92,195.0,199.98,200.11,212.81,185.9,,199.059998,198.42,159.37,163.91,238.26
2026-09-09T05:45Z,197.18,197.43,195.37,197.27,197.43,208.71,163.45,,196.429993,195.87,159.91,154.19,238.26
2026-09-09T06:00Z,220.07,220.07,192.11,220.07,220.07,220.07,128.75,195.0,220.070007,220.04,171.61,167.82,268.06
2026-09-09T06:15Z,202.0,202.0,189.6,202.0,202.0,202.0,112.09,,202.0,201.97,171.62,168.02,261.23
2026-09-09T06:30Z,196.01,196.01,185.0,196.01,196.01,196.01,107.0,,196.009995,195.82,171.69,160.98,268.06
2026-09-09T06:45Z,173.85,173.97,160.0,173.92,174.03,208.78,112.08,,172.509995,174.43,165.01,157.35,242.65
2026-09-09T07:00Z,195.0,196.93,175.3,191.68,198.32,207.1,99.58,168.9,194.429993,190.93,164.92,161.81,272.04
2026-09-09T07:15Z,163.76,166.01,148.99,160.56,167.49,207.41,106.06,,162.119995,159.43,154.3,150.07,268.06
2026-09-09T07:30Z,148.21,150.82,124.51,144.48,152.54,199.0,94.95,,146.289993,145.44,146.95,133.58,268.06
2026-09-09T07:45Z,135.06,139.2,88.9,128.49,142.05,183.68,106.91,,133.089996,131.39,137.03,129.2,268.06
2026-09-09T08:00Z,137.55,151.48,80.01,111.9,161.5,230.97,102.41,168.89,133.759995,131.83,144.26,128.83,247.1
2026-09-09T08:15Z,132.12,139.74,38.66,118.05,145.45,230.51,94.49,,128.669998,126.17,139.97,123.0,265.0
2026-09-09T08:30Z,123.27,126.19,7.96,117.9,128.61,211.45,88.48,,120.470001,117.93,132.83,107.04,265.0
2026-09-09T08:45Z,100.61,100.8,1.5,100.72,100.85,122.77,87.27,,99.839996,98.94,132.2,98.56,262.9
2026-09-09T09:00Z,123.16,133.86,1.0,112.96,139.18,227.9,99.35,171.9,120.260002,118.43,132.41,106.96,265.0
2026-09-09T09:15Z,108.99,113.74,0.28,105.03,115.83,174.4,87.73,,107.099998,105.53,131.87,100.0,240.5
2026-09-09T09:30Z,92.16,93.56,0.01,90.73,94.41,113.76,82.97,,91.470001,90.84,131.69,90.37,238.26
2026-09-09T09:45Z,79.98,80.26,0.0,79.74,80.39,83.91,78.6,,79.860001,79.76,130.98,79.11,234.46
2026-09-09T10:00Z,108.56,109.92,1.0,106.59,111.25,134.42,93.3,171.9,107.580002,106.6,124.91,93.29,197.3
2026-09-09T10:15Z,87.89,88.75,1.0,86.59,89.61,101.89,79.65,,87.339996,86.82,124.89,85.31,209.43
2026-09-09T10:30Z,83.47,84.23,1.0,82.33,84.99,95.92,76.15,,82.989998,82.53,124.85,76.93,209.33
2026-09-09T10:45Z,72.24,73.29,1.0,70.53,74.38,83.39,65.76,,71.779999,71.39,127.34,70.0,188.54
2026-09-09T11:00Z,79.59,82.12,1.0,79.79,80.53,150.64,79.15,168.89,79.050003,79.23,119.12,78.65,197.0
2026-09-09T11:15Z,70.35,70.58,1.0,70.14,70.58,136.75,76.07,,70.089996,70.94,120.0,69.99,195.0
2026-09-09T11:30Z,62.04,62.04,1.0,61.75,62.27,146.92,68.1,,61.650002,62.77,120.0,61.56,208.96
2026-09-09T11:45Z,56.34,58.15,1.0,56.31,57.1,145.97,61.73,,55.91,57.1,119.0,59.79,207.48
2026-09-09T12:00Z,60.85,63.41,1.0,60.76,62.24,118.9,65.6,160.8,60.599998,61.13,117.83,59.86,210.47
2026-09-09T12:15Z,62.65,66.09,1.0,62.18,64.95,137.76,78.34,,62.189999,62.67,122.65,61.47,217.53
2026-09-09T12:30Z,60.45,68.99,1.0,56.79,68.99,165.59,87.45,,59.700001,60.66,122.89,59.36,220.0
2026-09-09T12:45Z,62.33,71.65,1.0,58.59,71.19,197.95,102.84,,61.470001,62.71,122.27,61.46,232.0
2026-09-09T13:00Z,60.42,66.9,1.0,58.61,66.9,105.23,106.99,172.25,59.259998,59.05,120.76,57.72,203.8
2026-09-09T13:15Z,69.59,83.05,1.0,61.02,87.32,135.91,117.63,,67.639999,68.55,128.27,67.56,220.0
2026-09-09T13:30Z,78.26,99.54,1.0,61.66,109.0,166.12,145.0,,75.470001,76.85,131.12,76.06,218.24
2026-09-09T13:45Z,83.48,95.15,1.0,54.99,123.12,208.96,165.52,,79.360001,80.81,136.28,79.86,208.96
2026-09-09T14:00Z,64.69,68.48,1.0,62.67,68.48,103.54,186.49,171.9,64.779999,66.04,139.5,64.99,210.0
2026-09-09T14:15Z,82.99,95.31,1.0,68.8,125.53,178.12,138.66,,82.980003,86.19,142.84,85.2,218.0
2026-09-09T14:30Z,111.51,116.61,1.08,106.52,155.99,202.16,147.0,,111.57,113.61,143.24,111.03,225.0
2026-09-09T14:45Z,123.21,139.59,1.08,114.68,161.9,244.91,217.0,,118.730003,120.9,140.0,120.39,238.26
2026-09-09T15:00Z,106.31,133.63,1.08,92.76,138.77,206.0,217.82,175.1,96.610001,104.79,122.72,104.59,206.0
2026-09-09T15:15Z,129.12,150.94,1.82,122.25,160.57,225.62,252.07,,119.010002,127.48,127.48,127.48,225.62
2026-09-09T15:30Z,140.54,165.99,3.43,132.71,167.35,243.16,284.49,,128.479996,132.44,132.44,132.44,247.88
2026-09-09T15:45Z,152.26,173.0,5.88,147.55,173.0,239.23,296.73,,140.429993,141.4,141.17,141.24,240.5
2026-09-09T16:00Z,138.21,147.75,5.88,139.38,142.2,253.91,221.37,192.8,134.25,135.48,135.48,135.48,223.44
2026-09-09T16:15Z,167.25,177.8,26.23,170.0,172.83,244.98,286.38,,154.110001,146.66,143.39,143.47,238.26
2026-09-09T16:30Z,187.65,200.99,38.55,193.23,196.19,240.48,350.95,,154.869995,151.38,147.76,147.89,249.09
2026-09-09T16:45Z,201.63,215.86,89.65,208.48,211.26,253.48,366.37,,157.919998,162.56,149.37,147.84,262.85
2026-09-09T17:00Z,197.52,209.18,94.45,200.0,205.85,240.66,341.43,216.83,168.619995,165.59,149.9,155.66,247.5
2026-09-09T17:15Z,202.25,219.86,131.04,200.1,218.77,253.15,369.2,,162.199997,163.73,149.9,158.19,253.87
2026-09-09T17:30Z,202.08,219.96,178.12,202.2,217.08,260.4,395.14,,161.809998,158.91,149.92,152.76,260.4
2026-09-09T17:45Z,206.29,224.68,196.7,206.64,222.0,264.8,399.46,,161.490005,164.46,149.93,136.81,268.06
2026-09-09T18:00Z,202.57,215.22,190.99,208.43,210.98,249.68,360.8,212.1,160.449997,163.4,149.92,150.87,258.31
2026-09-09T18:15Z,200.8,212.48,207.03,206.02,208.46,244.91,349.22,,163.839996,166.85,149.93,134.99,253.01
2026-09-09T18:30Z,202.26,211.95,211.95,207.05,208.88,237.33,319.68,,167.009995,174.04,149.94,124.28,243.74
2026-09-09T18:45Z,203.8,212.09,212.09,208.91,210.02,228.0,288.26,,164.0,180.23,149.96,117.3,238.26
2026-09-09T19:00Z,204.92,209.91,209.91,210.15,209.77,230.99,211.3,200.79,159.25,195.49,147.99,130.0,268.06
2026-09-09T19:15Z,198.0,203.22,203.22,202.72,202.61,230.04,205.57,,157.570007,189.75,147.1,123.0,268.06
2026-09-09T19:30Z,195.76,200.0,200.0,200.64,200.27,198.93,193.53,,156.139999,186.59,145.83,118.28,242.05
2026-09-09T19:45Z,187.37,191.55,191.55,191.56,191.49,191.28,184.54,,154.970001,179.6,144.08,100.0,240.5
2026-09-09T20:00Z,190.05,193.97,193.97,194.89,194.39,195.28,189.76,195.2,148.789993,180.83,139.95,80.0,197.93
2026-09-09T20:15Z,175.81,189.0,189.0,203.14,195.04,181.44,174.06,,145.619995,166.8,139.57,64.99,190.25
2026-09-09T20:30Z,171.66,188.0,188.0,205.48,197.26,177.18,170.95,,142.160004,162.41,136.48,43.03,188.0
2026-09-09T20:45Z,162.42,181.0,181.0,203.66,190.92,168.91,161.57,,140.070007,153.69,135.08,30.0,181.0
2026-09-09T21:00Z,168.0,180.49,180.49,187.94,188.39,173.65,166.15,179.65,143.570007,146.39,136.66,63.1,187.83
2026-09-09T21:15Z,155.4,178.12,178.12,188.0,198.05,162.91,154.9,,141.149994,146.37,135.84,44.32,189.0
2026-09-09T21:30Z,148.76,175.93,175.93,183.37,203.05,156.3,149.59,,140.850006,144.48,135.79,33.57,181.9
2026-09-09T21:45Z,140.85,165.86,165.86,170.1,191.84,147.59,141.79,,134.440002,137.44,130.73,18.5,171.35
2026-09-09T22:00Z,172.77,192.43,192.43,182.32,216.08,177.39,174.67,177.96,157.710007,141.21,153.98,42.22,205.0
2026-09-09T22:15Z,160.0,185.45,185.45,172.36,216.08,165.97,159.28,,157.410004,146.34,155.8,41.64,201.54
2026-09-09T22:30Z,154.33,182.03,182.03,167.74,214.92,162.75,156.48,,150.660004,150.05,154.25,32.07,194.54
2026-09-09T22:45Z,153.62,174.58,175.39,163.82,200.0,158.72,155.81,,148.240005,149.09,152.15,22.0,191.0
2026-09-09T23:00Z,154.46,185.45,185.45,169.81,223.37,161.39,158.22,172.04,153.899994,151.12,155.16,41.99,204.21
2026-09-09T23:15Z,159.26,178.23,180.0,168.66,201.43,163.5,161.56,,152.009995,154.28,155.9,40.03,196.47
2026-09-09T23:30Z,158.09,175.29,181.3,166.61,196.32,161.94,160.18,,152.610001,153.61,155.53,22.41,196.47
2026-09-09T23:45Z,157.58,172.2,180.0,164.81,190.0,160.92,159.28,,150.419998,152.7,154.48,13.74,189.21
2026-09-10T00:00Z,157.27,176.51,185.45,166.64,199.53,162.45,159.13,169.2,156.820007,153.99,155.21,39.8,192.04
2026-09-10T00:15Z,156.21,174.01,181.3,164.83,194.83,162.15,156.37,,155.740005,152.93,153.83,20.01,198.0
2026-09-10T00:30Z,162.08,170.41,182.0,166.15,180.53,163.92,151.02,,161.910004,158.98,155.86,11.56,198.0
2026-09-10T00:45Z,162.37,166.87,182.0,164.56,172.23,163.62,158.59,,162.270004,159.34,155.88,10.7,198.0
2026-09-10T01:00Z,162.09,170.11,182.5,166.0,179.88,163.92,154.6,163.89,161.910004,158.99,155.59,18.46,196.47
2026-09-10T01:15Z,163.29,169.11,182.95,166.09,175.77,165.65,149.32,,163.110001,160.16,156.63,10.74,201.66
2026-09-10T01:30Z,160.84,163.92,182.85,162.28,167.1,162.93,152.8,,160.699997,157.8,154.96,10.69,202.09
2026-09-10T01:45Z,163.3,168.22,185.45,165.67,173.89,165.23,153.44,,163.149994,160.2,156.65,10.14,191.5
2026-09-10T02:00Z,163.29,163.29,181.3,163.29,163.29,163.29,160.67,167.6,163.289993,160.34,156.8,10.19,191.5
2026-09-10T02:15Z,165.99,165.99,181.3,165.99,165.99,165.99,159.28,,165.990005,162.99,160.29,10.02,200.63
2026-09-10T02:30Z,171.36,171.4,185.45,171.42,171.41,171.37,141.29,,170.889999,167.8,162.65,10.0,199.47
2026-09-10T02:45Z,177.96,178.56,185.45,178.9,178.73,178.13,132.42,,170.940002,167.85,162.99,9.54,200.4
2026-09-10T03:00Z,170.24,170.29,185.45,170.26,170.27,170.34,147.18,178.97,170.229996,167.16,163.05,9.38,196.47
2026-09-10T03:15Z,177.14,177.56,185.45,177.27,177.37,177.91,131.97,,177.070007,173.87,166.98,9.51,195.49
2026-09-10T03:30Z,187.35,188.0,188.0,187.56,187.71,188.55,135.67,,187.240005,183.86,167.07,10.81,201.6
2026-09-10T03:45Z,200.93,201.18,201.18,201.01,201.07,201.39,108.36,,200.889999,197.26,166.99,10.88,204.0
2026-09-10T04:00Z,192.14,194.9,194.9,192.89,193.62,210.23,159.28,212.1,191.009995,187.56,164.49,9.29,210.23
2026-09-10T04:15Z,206.18,208.86,208.86,206.9,207.61,223.81,168.54,,205.080002,201.37,166.95,11.1,223.81
2026-09-10T04:30Z,218.27,218.27,218.27,218.27,218.27,218.27,165.3,,218.270004,214.33,167.12,28.01,218.27
2026-09-10T04:45Z,226.77,226.77,226.77,226.77,226.77,226.77,168.08,,226.770004,222.69,167.63,47.21,226.77
2026-09-10T05:00Z,226.79,227.5,227.5,226.96,227.17,232.84,224.68,226.49,226.470001,222.38,172.46,12.65,232.84
2026-09-10T05:15Z,234.0,234.1,234.1,234.02,234.05,234.89,211.68,,233.949997,229.73,174.82,39.8,240.5
2026-09-10T05:30Z,236.99,236.99,236.99,236.99,236.99,236.99,186.74,,236.990005,232.72,176.05,43.49,240.5
2026-09-10T05:45Z,229.94,229.94,229.94,229.94,229.94,229.94,164.9,,229.940002,229.93,176.09,57.76,254.9
2026-09-10T06:00Z,248.93,248.93,248.93,248.93,248.93,248.93,180.12,219.99,248.929993,244.43,181.26,28.74,257.8
2026-09-10T06:15Z,227.5,227.5,227.5,227.5,227.5,227.5,135.67,,227.5,227.48,183.74,43.93,251.66
2026-09-10T06:30Z,216.08,216.08,216.08,216.08,216.08,216.08,112.99,,216.080002,216.06,183.74,46.33,249.36
2026-09-10T06:45Z,195.67,195.67,195.67,195.67,195.67,195.67,108.35,,195.669998,195.66,183.81,58.78,242.53
2026-09-10T07:00Z,215.99,215.99,211.86,215.99,215.99,215.99,103.12,191.51,215.990005,215.98,177.02,44.02,250.62
2026-09-10T07:15Z,195.01,195.01,188.4,195.01,195.01,195.01,107.43,,195.009995,195.0,167.56,45.23,248.06
2026-09-10T07:30Z,173.82,175.36,160.3,174.5,177.1,174.17,100.95,,173.789993,173.84,162.94,44.92,254.36
2026-09-10T07:45Z,155.09,155.09,120.6,155.09,155.09,155.09,120.38,,155.089996,155.08,162.29,49.42,268.06
2026-09-10T08:00Z,174.91,174.91,117.01,174.91,174.91,174.91,107.43,160.1,174.910004,174.9,162.52,50.0,268.06
2026-09-10T08:15Z,151.1,153.74,92.55,152.06,152.71,167.94,100.95,,150.139999,148.62,161.45,49.23,244.88
2026-09-10T08:30Z,137.25,140.62,85.0,138.56,139.59,153.74,100.95,,135.979996,133.52,156.73,44.3,241.43
2026-09-10T08:45Z,122.2,124.44,39.1,123.12,123.83,132.41,94.87,,121.32,119.78,150.99,43.45,240.5
2026-09-10T09:00Z,131.54,143.22,38.55,138.95,140.77,168.68,95.08,156.0,130.259995,121.41,140.55,42.93,241.43
2026-09-10T09:15Z,117.81,125.11,12.48,121.9,123.19,150.46,93.76,,117.07,112.64,133.85,43.27,241.43
2026-09-10T09:30Z,99.16,95.15,6.07,109.35,114.96,166.0,67.12,,99.309998,95.86,133.59,43.26,241.43
2026-09-10T09:45Z,73.77,67.57,2.5,87.14,94.5,155.07,31.78,,74.0,69.53,134.94,41.64,240.5
2026-09-10T10:00Z,90.0,94.52,8.35,98.29,102.77,163.63,37.11,122.35,89.18,84.74,133.92,49.32,233.66
2026-09-10T10:15Z,75.98,72.25,6.1,89.4,96.63,155.35,30.92,,76.300003,71.66,133.5,42.26,233.66
2026-09-10T10:30Z,74.57,70.27,6.07,87.56,94.57,147.62,25.98,,74.68,69.96,133.28,37.96,228.01
2026-09-10T10:45Z,66.02,24.53,8.5,98.64,116.34,133.69,23.17,,69.510002,62.97,133.07,33.94,218.54
2026-09-10T11:00Z,69.38,39.05,12.1,98.8,114.63,160.0,32.0,118.5,72.589996,66.52,133.96,42.3,218.27
2026-09-10T11:15Z,62.38,8.77,8.77,104.26,126.82,150.55,29.16,,67.790001,60.58,133.64,38.87,220.37
2026-09-10T11:30Z,63.46,8.1,8.1,106.61,129.89,152.75,22.77,,68.769997,61.01,133.13,36.81,229.9
2026-09-10T11:45Z,69.34,22.41,13.12,104.78,123.95,134.99,26.95,,73.349998,66.55,133.09,37.86,233.44
2026-09-10T12:00Z,77.66,57.23,11.11,95.24,105.0,122.29,21.69,128.44,77.879997,72.4,131.53,31.99,233.66
2026-09-10T12:15Z,89.36,68.97,13.12,108.5,119.11,145.07,27.1,,89.529999,83.4,131.94,37.91,235.78
2026-09-10T12:30Z,96.26,73.21,13.12,112.14,121.0,118.9,50.01,,96.68,92.19,132.28,44.04,238.26
2026-09-10T12:45Z,103.76,71.54,11.11,124.82,136.79,143.22,70.11,,105.400002,101.28,132.58,47.9,238.26
2026-09-10T13:00Z,101.36,82.14,12.1,115.23,123.41,144.27,74.98,150.1,102.089996,99.17,121.34,34.53,220.0
2026-09-10T13:15Z,112.92,92.86,11.75,126.88,135.01,149.15,86.99,,113.699997,111.03,127.15,39.9,220.0
2026-09-10T13:30Z,123.88,116.41,11.11,130.84,135.0,153.05,97.27,,123.660004,121.61,131.9,43.94,218.27
2026-09-10T13:45Z,132.54,106.33,11.32,147.89,156.68,155.35,92.98,,134.419998,131.99,139.26,50.1,218.05
2026-09-10T14:00Z,111.19,66.65,11.11,133.59,146.88,117.28,85.67,162.7,114.07,112.01,135.72,39.39,215.0
2026-09-10T14:15Z,143.2,109.66,12.96,149.33,152.16,153.84,75.02,,144.029999,143.39,145.63,42.13,218.05
2026-09-10T14:30Z,162.02,144.37,15.0,162.38,162.02,174.55,79.18,,162.149994,162.5,156.75,41.6,219.0
2026-09-10T14:45Z,181.78,162.73,30.0,181.78,181.78,214.07,100.49,,181.350006,181.43,160.18,52.05,220.0
2026-09-10T15:00Z,154.76,142.63,39.1,154.76,154.76,185.05,108.36,203.3,154.490005,154.11,158.88,71.85,203.34
2026-09-10T15:15Z,184.41,181.03,60.0,184.41,184.28,208.56,112.98,,184.179993,183.84,162.25,82.37,211.49
2026-09-10T15:30Z,196.8,177.0,85.2,195.72,194.3,239.95,147.07,,196.229996,196.03,162.76,89.63,227.88
2026-09-10T15:45Z,215.62,214.48,93.5,215.7,215.76,257.39,208.43,,215.509995,215.44,163.71,96.57,236.87
2026-09-10T16:00Z,204.41,158.34,104.5,200.99,197.23,214.46,202.93,236.6,203.210007,203.34,171.61,120.2,183.66
2026-09-10T16:15Z,238.38,211.96,120.03,236.38,234.15,239.99,239.09,,237.970001,238.29,171.63,122.99,211.96
2026-09-10T16:30Z,255.2,241.64,143.45,254.17,253.03,256.02,255.56,,254.990005,255.12,172.35,128.87,241.64
2026-09-10T16:45Z,302.01,268.06,180.12,299.44,296.58,304.08,302.92,,301.48999,301.69,172.82,159.72,268.06
2026-09-10T17:00Z,354.24,247.14,181.3,361.12,345.32,331.49,344.92,235.0,360.059998,355.83,169.51,181.94,247.14
2026-09-10T17:15Z,401.56,252.8,211.86,411.12,389.16,369.96,388.61,,409.640015,403.94,170.05,170.96,252.8
2026-09-10T17:30Z,502.54,268.06,226.41,517.6,482.99,452.73,482.13,,515.27002,506.48,170.09,161.35,268.06
2026-09-10T17:45Z,585.1,272.0,272.0,605.22,559.0,518.59,557.84,,602.099976,590.43,169.84,159.76,272.0
2026-09-10T18:00Z,578.76,262.63,262.63,598.46,551.11,510.95,550.19,236.31,593.609985,582.33,168.33,171.49,262.63
2026-09-10T18:15Z,471.93,270.0,270.0,481.58,446.41,428.66,453.82,,481.579987,474.03,168.32,214.08,270.0
2026-09-10T18:30Z,366.57,278.48,278.48,371.94,358.97,347.68,358.68,,371.079987,367.55,168.32,183.05,277.18
2026-09-10T18:45Z,300.06,275.01,275.01,300.93,295.9,294.7,297.81,,301.170013,300.18,168.32,152.66,270.0
2026-09-10T19:00Z,271.39,271.39,271.39,271.39,271.39,271.39,271.39,252.71,271.390015,271.25,168.34,153.17,271.39
2026-09-10T19:15Z,268.06,268.06,268.06,268.06,268.06,268.06,268.06,,268.059998,267.98,168.32,139.95,268.06
2026-09-10T19:30Z,241.43,241.43,241.43,241.43,241.43,241.43,241.43,,241.429993,241.44,168.31,124.05,241.43
2026-09-10T19:45Z,238.01,238.01,238.01,238.01,238.01,238.01,238.01,,238.009995,238.03,168.0,121.01,238.01
2026-09-10T20:00Z,239.7,239.7,239.7,239.7,239.7,239.7,239.7,222.49,239.699997,239.72,167.62,123.83,239.7
2026-09-10T20:15Z,226.41,226.41,226.41,226.41,226.41,226.41,215.72,,226.410004,226.42,167.17,120.71,226.41
2026-09-10T20:30Z,222.95,223.17,223.17,222.96,223.05,223.45,196.32,,222.910004,222.85,166.98,117.41,223.17
2026-09-10T20:45Z,211.3,211.86,211.86,211.34,211.56,212.5,173.63,,211.179993,211.03,166.94,109.99,211.86
2026-09-10T21:00Z,218.15,218.27,218.27,218.16,218.21,218.4,173.63,207.0,218.130005,218.11,166.86,115.81,218.27
2026-09-10T21:15Z,210.54,210.69,210.69,210.55,210.61,210.86,185.67,,210.509995,210.47,166.31,114.24,211.96
2026-09-10T21:30Z,197.59,197.99,197.99,197.62,197.78,198.44,171.78,,197.520004,197.41,165.93,95.0,198.44
2026-09-10T21:45Z,171.33,172.28,195.0,171.41,171.79,173.33,162.98,,171.160004,170.88,164.13,75.11,180.08
2026-09-10T22:00Z,183.77,185.53,237.45,183.9,184.6,191.99,180.59,188.06,183.44,182.850006,169.23,70.62,198.97
2026-09-10T22:15Z,186.09,186.99,231.3,186.15,186.52,190.56,159.28,,185.92,185.610001,169.14,65.12,198.97
2026-09-10T22:30Z,186.74,186.74,227.5,186.74,186.74,186.74,159.28,,186.74,186.740005,169.05,46.0,199.73
2026-09-10T22:45Z,180.73,180.73,226.03,180.73,180.73,180.73,163.91,,180.73,180.729996,168.96,38.99,198.97
2026-09-10T23:00Z,196.82,196.82,225.35,196.82,196.82,196.82,165.76,184.88,196.82,196.820007,169.54,55.91,198.42
2026-09-10T23:15Z,178.05,178.05,224.0,178.05,178.05,178.05,162.98,,178.05,178.050003,169.46,55.91,191.64
2026-09-10T23:30Z,175.47,175.47,212.03,175.47,175.47,175.47,163.45,,175.47,175.460007,168.28,40.32,189.15
2026-09-10T23:45Z,172.53,172.53,207.5,172.53,172.53,172.53,162.53,,172.53,172.529999,165.59,39.87,189.15
2026-09-11T00:00Z,175.09,175.51,207.6,175.23,175.32,175.9,168.15,185.1,175.02,174.899994,167.74,37.42,188.15
2026-09-11T00:15Z,172.37,172.53,206.87,172.42,172.46,172.68,163.91,,172.35,172.300003,165.42,35.45,188.15
2026-09-11T00:30Z,169.84,170.02,200.0,169.9,169.94,170.19,162.06,,169.82,169.759995,163.1,34.45,189.15
2026-09-11T00:45Z,168.31,168.56,197.5,168.39,168.45,168.79,162.06,,168.27,168.199997,161.68,35.12,187.4
2026-09-11T01:00Z,165.95,166.62,200.0,166.17,166.32,167.26,162.06,182.13,165.84,165.660004,159.45,31.78,198.5
2026-09-11T01:15Z,163.53,164.27,200.0,163.77,163.94,164.97,161.6,,163.41,163.210007,157.21,33.59,202.06
2026-09-11T01:30Z,165.3,165.99,197.21,165.53,165.68,166.64,161.59,,165.18,165.0,158.84,38.84,198.5
2026-09-11T01:45Z,163.75,164.48,197.21,164.0,164.16,165.18,162.55,,163.63,163.429993,157.42,40.81,198.5
2026-09-11T02:00Z,165.79,166.28,197.21,165.95,166.06,166.74,161.59,184.01,165.71,165.580002,159.33,30.1,200.0
2026-09-11T02:15Z,167.12,167.21,197.21,167.15,167.17,167.28,163.16,,167.11,167.080002,160.61,35.49,200.0
2026-09-11T02:30Z,167.32,167.38,197.21,167.34,167.35,167.44,167.22,,167.31,167.289993,160.79,37.07,198.97
2026-09-11T02:45Z,168.53,168.7,197.21,168.59,168.62,168.85,168.26,,168.5,168.449997,161.88,50.68,199.11
2026-09-11T03:00Z,170.47,170.6,196.9,170.51,170.54,170.72,170.26,185.51,170.45,170.419998,163.79,57.38,201.41
2026-09-11T03:15Z,173.85,174.61,197.21,174.1,174.27,175.33,172.55,,173.72,173.520004,166.84,84.99,202.38
2026-09-11T03:30Z,176.44,178.48,197.21,176.19,176.92,199.89,183.68,,176.05,176.789993,168.8,95.0,199.89
2026-09-11T03:45Z,183.4,184.99,197.21,182.92,183.52,202.51,189.16,,183.04,183.639999,169.64,115.01,202.51
2026-09-11T04:00Z,190.83,194.06,195.0,190.91,192.19,212.44,191.01,210.0,189.99,189.320007,169.51,111.19,212.44
2026-09-11T04:15Z,200.27,205.0,205.0,200.34,202.17,237.82,210.44,,199.39,199.160004,169.48,116.97,230.91
2026-09-11T04:30Z,206.46,208.29,208.29,205.43,206.23,239.97,221.55,,205.38,207.669998,169.59,119.48,237.24
2026-09-11T04:45Z,213.49,216.12,216.12,213.16,214.04,244.9,225.46,,213.05,213.740005,169.67,139.99,241.1
2026-09-11T05:00Z,221.67,222.86,222.86,220.98,221.47,244.9,229.61,227.95,220.95,222.130005,169.73,125.03,246.1
2026-09-11T05:15Z,223.94,225.0,225.0,223.59,223.98,239.91,227.58,,223.61,223.919998,169.84,135.2,250.06
2026-09-11T05:30Z,224.34,225.34,225.34,224.16,224.54,235.66,225.05,,223.97,223.880005,169.94,145.39,252.57
2026-09-11T05:45Z,222.52,223.9,223.9,222.52,223.09,231.24,218.29,,221.9,221.160004,170.12,145.47,251.27
2026-09-11T06:00Z,233.43,234.2,234.2,233.67,233.86,239.97,231.47,216.66,233.15,232.779999,172.26,142.95,268.06
2026-09-11T06:15Z,223.82,226.0,226.0,224.5,225.04,242.26,218.29,,223.03,222.089996,172.91,141.87,258.58
2026-09-11T06:30Z,213.25,215.0,215.0,213.8,214.23,228.04,208.82,,212.62,211.850006,171.48,143.73,243.82
2026-09-11T06:45Z,186.31,188.12,188.12,186.87,187.32,201.65,181.71,,185.65,184.899994,172.23,134.09,240.5
2026-09-11T07:00Z,204.75,212.47,207.16,198.64,213.95,231.74,211.57,200.51,203.59,203.710007,171.96,139.0,238.26
2026-09-11T07:15Z,200.49,202.65,184.5,199.41,202.65,211.01,170.31,,200.11,200.080002,173.51,131.67,228.02
2026-09-11T07:30Z,191.95,192.87,142.28,191.58,192.88,196.5,160.67,,191.74,191.559998,174.92,131.87,262.94
2026-09-11T07:45Z,180.75,180.75,103.85,180.75,180.75,180.75,161.26,,180.75,180.759995,173.55,127.65,238.26
2026-09-11T08:00Z,204.6,204.6,94.45,204.6,204.6,204.6,166.73,177.0,204.6,204.610001,172.12,127.75,235.0
2026-09-11T08:15Z,175.08,175.08,80.0,175.08,175.08,175.08,161.13,,175.08,175.089996,171.08,123.61,220.01
2026-09-11T08:30Z,169.13,169.13,39.1,169.13,169.13,169.13,169.0,,169.13,169.139999,169.44,119.33,200.94
2026-09-11T08:45Z,164.05,166.48,38.99,165.5,169.97,164.57,160.67,,164.01,164.110001,168.38,114.5,188.2
2026-09-11T09:00Z,157.73,156.51,50.36,159.51,163.06,173.44,160.67,162.74,157.97,158.259995,165.78,112.43,196.25
2026-09-11T09:15Z,151.08,135.96,38.77,162.96,185.0,187.3,162.52,,152.6,152.610001,159.17,108.5,188.97
2026-09-11T09:30Z,143.84,118.15,30.0,163.1,198.43,188.2,159.28,,146.26,145.839996,152.43,103.84,188.2
2026-09-11T09:45Z,136.81,104.71,21.05,159.48,198.91,186.63,160.67,,140.9,140.160004,148.38,96.36,185.0
2026-09-11T10:00Z,137.2,119.12,22.5,153.42,182.87,198.35,202.46,157.91,139.66,140.009995,147.04,102.07,188.2
2026-09-11T10:15Z,124.01,101.62,16.0,143.64,179.23,193.53,172.17,,126.96,127.25,142.49,94.23,177.2
2026-09-11T10:30Z,130.17,106.62,15.51,148.87,177.77,188.38,160.67,,133.01,132.990005,139.98,90.0,183.64
2026-09-11T10:45Z,137.2,80.65,15.49,145.42,162.73,186.94,155.65,,138.39,139.179993,142.8,90.0,182.17
2026-09-11T11:00Z,121.92,72.79,15.39,152.37,172.1,193.24,160.67,150.71,127.0,125.830002,140.07,78.4,177.2
2026-09-11T11:15Z,129.24,64.0,15.47,152.2,166.28,192.81,162.91,,133.09,132.520004,140.27,76.3,181.85
2026-09-11T11:30Z,135.0,43.23,15.47,148.45,155.17,189.19,169.5,,137.26,137.490005,141.64,76.79,177.2
2026-09-11T11:45Z,139.88,59.76,11.87,143.35,143.51,175.0,201.17,,140.5,141.259995,144.99,66.17,175.0
2026-09-11T12:00Z,138.18,61.25,10.1,154.42,163.3,181.23,200.96,153.0,140.97,140.490005,145.46,83.1,172.63
2026-09-11T12:15Z,145.02,72.22,12.96,151.0,152.98,174.58,169.3,,146.1,146.330002,150.51,78.24,173.44
2026-09-11T12:30Z,149.1,76.02,10.01,152.18,152.18,177.2,160.67,,149.73,150.229996,154.01,78.52,177.2
2026-09-11T12:45Z,153.55,68.99,10.01,154.43,152.57,179.53,163.63,,153.79,154.539993,157.9,69.99,179.53
2026-09-11T13:00Z,150.0,58.13,10.01,173.07,186.6,188.15,164.49,158.1,153.6,152.190002,157.58,78.8,188.15
2026-09-11T13:15Z,153.59,63.95,10.01,171.19,181.0,191.64,167.04,,156.37,155.630005,160.08,78.69,191.64
2026-09-11T13:30Z,158.37,81.44,10.01,170.73,177.17,182.78,166.99,,160.27,159.669998,165.93,84.99,191.64
2026-09-11T13:45Z,172.6,80.88,10.01,174.13,172.6,196.44,181.73,,172.83,173.419998,169.02,88.69,197.9
2026-09-11T14:00Z,157.43,87.49,10.01,161.7,162.46,171.43,162.73,168.01,158.29,158.110001,169.36,85.87,188.15
2026-09-11T14:15Z,175.28,83.33,14.3,171.92,166.67,188.21,180.81,,174.92,175.649994,171.13,92.53,188.21
2026-09-11T14:30Z,192.0,115.17,20.1,186.78,180.7,207.1,198.44,,191.45,192.440002,172.98,97.79,205.41
2026-09-11T14:45Z,201.9,134.0,35.0,197.46,192.1,217.94,215.82,,201.54,202.600006,174.99,107.0,216.87
2026-09-11T15:00Z,181.52,145.11,39.1,179.11,175.84,215.88,197.94,201.89,181.92,183.509995,171.95,135.21,205.34
2026-09-11T15:15Z,205.93,161.05,60.0,202.95,198.95,233.13,218.89,,206.01,207.429993,171.12,154.12,205.48
2026-09-11T15:30Z,216.99,181.51,79.0,212.23,206.97,244.73,230.18,,216.77,218.399994,171.17,172.13,214.96
2026-09-11T15:45Z,233.01,193.81,89.06,227.72,221.91,251.91,241.94,,232.44,233.830002,171.56,185.86,238.26
2026-09-11T16:00Z,216.99,217.21,57.99,217.07,217.12,217.57,216.37,220.0,216.92,216.850006,171.17,191.94,217.57
2026-09-11T16:15Z,238.03,238.17,90.0,238.07,238.1,238.26,237.81,,238.01,238.009995,171.16,191.56,238.26
2026-09-11T16:30Z,260.78,260.78,123.14,260.78,260.78,260.78,260.78,,260.78,260.809998,171.17,166.2,260.78
2026-09-11T16:45Z,278.16,276.47,139.0,278.3,278.05,277.77,278.01,,278.23,278.200012,171.17,155.99,276.47
2026-09-11T17:00Z,288.88,258.86,150.0,286.42,275.22,282.21,286.43,240.16,289.65,289.049988,171.16,187.73,258.86
2026-09-11T17:15Z,299.67,271.66,188.12,297.38,286.93,293.45,297.39,,300.4,299.839996,171.16,190.93,271.66
2026-09-11T17:30Z,321.55,277.18,219.32,317.92,301.36,311.69,317.93,,322.69,321.779999,171.17,166.84,277.18
2026-09-11T17:45Z,326.46,283.83,228.03,322.97,307.06,316.99,322.98,,327.56,326.679993,171.16,156.0,283.83
2026-09-11T18:00Z,315.61,277.18,227.5,312.4,298.22,306.97,312.42,249.99,316.48,315.679993,171.18,155.99,277.18
2026-09-11T18:15Z,294.94,272.92,243.69,293.1,284.97,289.99,293.11,,295.44,294.98999,171.17,151.44,272.92
2026-09-11T18:30Z,277.21,268.09,250.0,276.45,273.08,275.16,276.45,,277.42,277.25,171.18,142.43,268.09
2026-09-11T18:45Z,267.9,267.9,250.01,267.9,267.9,267.9,267.9,,267.9,267.920013,171.18,130.3,267.9
2026-09-11T19:00Z,270.29,261.17,240.0,269.49,266.11,268.22,269.51,231.26,270.47,270.290009,171.18,117.7,261.17
2026-09-11T19:15Z,245.22,244.04,237.76,245.12,244.68,244.96,245.12,,245.25,245.229996,171.18,115.55,244.04
2026-09-11T19:30Z,236.0,236.0,230.44,236.0,236.0,236.0,236.0,,236.0,236.009995,171.18,114.4,236.0
2026-09-11T19:45Z,228.79,228.79,227.5,228.79,228.79,228.79,228.79,,228.79,228.800003,171.17,99.99,228.79
2026-09-11T20:00Z,234.01,234.01,225.0,234.01,234.01,234.01,234.01,215.87,234.01,234.020004,171.42,99.99,234.01
2026-09-11T20:15Z,225.01,225.01,220.0,225.01,225.01,225.01,225.01,,225.01,225.009995,171.28,94.99,225.01
2026-09-11T20:30Z,222.31,222.31,208.96,222.31,222.31,222.31,222.31,,222.31,222.309998,171.2,89.99,222.31
2026-09-11T20:45Z,218.53,218.53,200.0,218.53,218.53,218.53,218.53,,218.53,218.529999,171.19,55.91,218.53
2026-09-11T21:00Z,217.0,217.05,198.01,217.01,217.02,217.09,216.92,200.4,216.99,216.970001,171.17,55.9,217.09
2026-09-11T21:15Z,207.0,207.25,194.4,207.07,207.13,207.45,206.64,,206.96,206.889999,171.15,53.82,209.14
2026-09-11T21:30Z,202.41,202.67,188.12,202.49,202.55,202.89,202.02,,202.37,202.300003,171.15,50.26,202.89
2026-09-11T21:45Z,192.02,192.14,187.76,192.05,192.08,192.25,191.83,,192.0,191.960007,171.14,40.47,192.25
2026-09-11T22:00Z,212.04,212.62,212.62,212.21,212.37,213.13,211.35,207.66,211.95,211.789993,177.91,63.94,217.18
2026-09-11T22:15Z,206.52,207.22,207.22,206.72,206.92,207.84,205.69,,206.42,206.220001,177.91,59.66,212.73
2026-09-11T22:30Z,203.68,204.32,204.32,203.86,204.04,204.88,202.92,,203.58,203.399994,177.8,58.02,209.36
2026-09-11T22:45Z,198.88,199.05,199.05,198.93,198.97,199.2,198.68,,198.85,198.800003,177.63,54.4,200.39
2026-09-11T23:00Z,205.88,205.88,205.88,205.88,205.88,205.88,205.88,198.27,205.88,205.869995,176.94,57.71,205.88
2026-09-11T23:15Z,199.05,199.05,199.05,199.05,199.05,199.05,199.05,,199.05,199.039993,176.93,51.11,199.05
2026-09-11T23:30Z,197.21,197.21,197.21,197.21,197.21,197.21,197.21,,197.21,197.199997,176.92,47.62,197.21
2026-09-11T23:45Z,194.0,194.0,194.0,194.0,194.0,194.0,194.0,,194.0,193.990005,176.91,45.23,194.0
2026-09-12T00:00Z,197.97,197.97,197.97,197.97,197.97,197.97,197.97,190.0,197.97,197.970001,176.61,49.88,223.86
2026-09-12T00:15Z,198.57,198.57,198.57,198.57,198.57,198.57,198.57,,198.57,198.559998,176.55,46.99,223.86
2026-09-12T00:30Z,195.0,195.0,195.0,195.0,195.0,195.0,166.45,,195.0,194.990005,176.49,43.41,203.9
2026-09-12T00:45Z,194.0,194.0,194.0,194.0,194.0,194.0,166.45,,194.0,193.990005,176.4,42.77,194.0
2026-09-12T01:00Z,190.18,190.18,190.18,190.18,190.18,190.18,182.55,182.48,190.18,190.169998,175.78,46.99,229.0
2026-09-12T01:15Z,189.82,189.82,189.82,189.82,189.82,189.82,170.53,,189.82,189.809998,175.73,44.11,238.0
2026-09-12T01:30Z,188.6,188.6,188.6,188.6,188.6,188.6,166.46,,188.6,188.589996,175.55,43.41,223.86
2026-09-12T01:45Z,188.6,188.6,188.6,188.6,188.6,188.6,177.75,,188.6,188.589996,175.4,43.82,229.14
2026-09-12T02:00Z,184.5,184.5,184.5,184.5,184.5,184.5,171.2,180.0,184.5,184.490005,171.21,42.43,222.19
2026-09-12T02:15Z,182.43,182.43,182.43,182.43,182.43,182.43,166.46,,182.43,182.429993,171.19,42.42,223.86
2026-09-12T02:30Z,185.0,185.0,185.0,185.0,185.0,185.0,181.39,,185.0,184.990005,171.19,42.92,223.86
2026-09-12T02:45Z,185.0,185.0,185.0,185.0,185.0,185.0,180.07,,185.0,184.990005,171.21,45.69,222.39
2026-09-12T03:00Z,184.5,184.5,184.5,184.5,184.5,184.5,184.5,181.05,184.5,184.490005,169.69,45.78,222.89
2026-09-12T03:15Z,185.2,185.2,185.2,185.2,185.2,185.2,185.2,,185.2,185.190002,169.84,45.26,223.86
2026-09-12T03:30Z,186.37,186.37,186.37,186.37,186.37,186.37,171.01,,186.37,186.360001,169.74,48.49,223.86
2026-09-12T03:45Z,190.73,188.6,188.6,190.44,190.1,190.96,165.54,,190.68,190.729996,169.76,52.73,224.16
2026-09-12T04:00Z,190.15,190.15,190.15,190.15,190.15,190.15,166.46,189.2,190.15,190.139999,169.5,48.73,223.86
2026-09-12T04:15Z,192.74,191.12,191.12,192.62,192.46,192.86,192.8,,192.72,192.740005,169.51,51.39,238.26
2026-09-12T04:30Z,196.8,193.71,193.71,196.57,196.26,197.02,196.91,,196.76,196.789993,169.55,65.74,223.86
2026-09-12T04:45Z,193.07,191.76,191.76,192.97,192.84,193.16,193.11,,193.05,193.059998,169.58,79.99,223.86
2026-09-12T05:00Z,199.88,196.03,196.03,199.59,199.21,200.15,200.01,192.37,199.82,199.869995,169.45,78.93,200.2
2026-09-12T05:15Z,196.7,196.7,196.7,196.7,196.7,196.7,196.7,,196.7,196.690002,169.46,84.99,196.7
2026-09-12T05:30Z,191.12,191.12,191.12,191.12,191.12,191.12,191.12,,191.12,191.110001,169.5,104.97,191.12
2026-09-12T05:45Z,186.8,186.8,186.8,186.8,186.8,186.8,186.8,,186.8,186.789993,169.5,111.51,186.8
2026-09-12T06:00Z,200.75,200.75,200.75,200.75,200.75,200.75,200.75,183.28,200.75,200.75,169.1,101.04,204.26
2026-09-12T06:15Z,188.62,188.62,188.62,188.62,188.62,188.62,188.62,,188.62,188.610001,169.01,112.2,216.67
2026-09-12T06:30Z,161.01,161.01,161.01,161.01,161.01,161.01,158.59,,161.01,161.0,157.1,124.97,204.53
2026-09-12T06:45Z,144.94,128.28,128.28,151.85,158.44,141.08,134.78,,146.02,146.350006,149.77,128.13,195.73
2026-09-12T07:00Z,182.81,182.81,128.28,182.81,182.81,182.81,125.99,156.02,182.81,181.460007,142.57,118.61,207.25
2026-09-12T07:15Z,150.39,150.39,106.59,150.39,150.39,150.39,112.37,,150.39,147.679993,139.93,109.41,206.05
2026-09-12T07:30Z,131.71,115.23,80.0,138.88,145.6,128.06,107.74,,132.99,133.380005,138.13,106.27,184.16
2026-09-12T07:45Z,108.19,54.12,10.01,131.73,153.79,96.24,106.82,,112.4,110.370003,135.85,98.52,181.86
2026-09-12T08:00Z,122.71,98.43,5.88,120.83,118.45,124.32,106.82,108.31,122.3,122.620003,129.52,101.56,197.39
2026-09-12T08:15Z,105.77,57.51,1.08,102.02,97.3,108.97,97.57,,104.95,105.599998,125.85,95.0,169.16
2026-09-12T08:30Z,85.0,22.22,0.52,80.12,73.99,89.17,87.03,,83.94,84.790001,112.24,83.67,167.15
2026-09-12T08:45Z,43.36,0.1,0.1,40.0,35.77,46.23,83.46,,42.71,46.950001,94.9,45.81,163.5
2026-09-12T09:00Z,65.89,0.1,0.1,60.71,52.68,70.1,77.22,44.6,64.68,65.860001,105.25,64.92,148.75
2026-09-12T09:15Z,42.8,0.01,0.01,39.42,34.2,45.53,78.21,,42.06,44.610001,94.82,44.1,113.48
2026-09-12T09:30Z,16.84,0.0,0.0,15.52,13.46,17.92,56.33,,16.8,25.52,82.59,24.87,96.0
2026-09-12T09:45Z,5.86,0.0,0.0,5.46,4.74,12.36,72.57,,6.51,26.42,77.12,25.74,81.0
2026-09-12T10:00Z,4.04,0.0,0.0,3.73,3.21,4.48,61.21,6.74,4.81,32.040001,68.74,42.5,145.0
2026-09-12T10:15Z,0.0,0.0,0.0,0.04,0.04,3.23,59.72,,0.97,29.99,66.29,37.09,125.03
2026-09-12T10:30Z,-0.01,0.0,0.0,0.03,0.03,3.0,73.99,,0.87,26.719999,67.18,30.11,118.0
2026-09-12T10:45Z,-0.02,0.0,0.0,0.01,0.01,2.02,74.62,,0.55,17.42,65.6,19.1,116.04
2026-09-12T11:00Z,-0.01,0.0,0.0,0.0,0.01,0.99,96.6,1.0,0.94,31.0,63.1,37.12,115.0
2026-09-12T11:15Z,-0.05,0.0,0.0,-0.03,-0.02,1.11,98.03,,0.57,20.08,62.59,32.66,109.49
2026-09-12T11:30Z,-0.05,0.0,0.0,-0.03,-0.02,1.11,106.53,,0.5,17.360001,62.52,22.48,109.25
2026-09-12T11:45Z,-0.09,0.0,0.0,-0.05,-0.04,2.06,108.2,,0.32,11.87,61.6,14.07,105.53
2026-09-12T12:00Z,-0.48,0.0,0.0,-0.3,-0.23,12.29,108.19,3.08,0.47,21.940001,70.56,37.71,96.0
2026-09-12T12:15Z,-0.19,0.0,0.0,-0.05,-0.03,12.08,116.98,,0.73,21.610001,70.63,31.81,100.0
2026-09-12T12:30Z,-0.13,0.0,0.0,0.1,0.11,22.01,112.82,,0.95,20.08,70.7,26.04,100.0
2026-09-12T12:45Z,-0.17,0.0,0.0,0.32,0.31,50.07,118.37,,1.61,20.07,70.15,23.41,100.0
2026-09-12T13:00Z,-0.01,0.0,0.0,0.15,0.16,19.27,113.28,39.07,1.1,27.209999,60.97,28.66,76.5
2026-09-12T13:15Z,0.0,0.0,0.0,0.43,0.46,50.25,119.29,,1.58,25.07,60.04,26.74,60.0
2026-09-12T13:30Z,0.0,0.0,0.0,0.66,0.71,80.22,133.95,,2.34,32.939999,76.72,33.53,67.97
2026-09-12T13:45Z,2.91,0.0,0.0,3.09,2.85,107.97,157.11,,5.41,35.459999,118.07,34.68,75.53
2026-09-12T14:00Z,0.01,0.0,0.0,-0.95,0.09,91.94,165.99,137.3,0.75,24.82,126.9,23.18,120.0
2026-09-12T14:15Z,7.17,0.0,0.0,5.18,5.21,101.39,170.62,,7.53,28.33,128.52,26.9,154.99
2026-09-12T14:30Z,43.29,0.01,0.01,38.32,33.89,155.07,158.59,,42.49,46.18,129.66,44.95,180.82
2026-09-12T14:45Z,87.29,0.28,0.28,77.39,66.56,195.07,147.31,,85.63,90.019997,131.13,59.54,203.9
2026-09-12T15:00Z,83.4,1.0,1.0,77.88,70.11,106.02,154.9,172.5,81.4,82.879997,128.56,50.73,181.11
2026-09-12T15:15Z,114.22,32.23,1.08,109.55,101.9,153.11,159.99,,111.41,115.279999,134.87,56.27,217.36
2026-09-12T15:30Z,126.78,82.05,1.08,125.48,121.52,169.08,201.08,,126.61,128.919998,136.9,56.13,180.57
2026-09-12T15:45Z,150.4,149.72,3.43,152.13,152.39,212.16,229.9,,150.4,153.149994,139.54,54.58,212.16
2026-09-12T16:00Z,145.35,149.45,1.5,146.95,147.85,173.19,205.87,187.44,146.24,147.360001,148.08,68.2,227.57
2026-09-12T16:15Z,180.12,181.69,38.77,180.1,180.52,223.2,201.83,,180.45,181.589996,154.52,72.5,238.26
2026-09-12T16:30Z,191.46,193.75,90.65,192.03,192.56,224.21,224.24,,191.9,192.889999,167.15,67.76,226.73
2026-09-12T16:45Z,194.83,196.3,123.27,195.51,195.82,199.43,216.77,,195.15,195.279999,169.64,56.93,236.47
2026-09-12T17:00Z,194.44,194.44,123.14,194.44,194.44,194.44,194.44,213.83,194.44,194.369995,171.93,69.6,235.32
2026-09-12T17:15Z,204.81,204.81,159.57,204.81,204.81,204.81,204.81,,204.81,204.690002,171.97,65.98,238.18
2026-09-12T17:30Z,204.46,207.52,191.12,205.43,206.31,214.47,253.83,,205.06,205.580002,172.16,61.64,242.81
2026-09-12T17:45Z,210.24,213.63,213.63,211.76,212.48,221.11,262.09,,210.87,211.350006,172.39,53.52,252.89
2026-09-12T18:00Z,210.99,210.99,210.99,210.99,210.99,210.99,210.99,214.7,210.99,210.979996,179.99,48.34,238.26
2026-09-12T18:15Z,211.17,211.17,211.17,211.17,211.17,211.17,211.17,,211.17,211.160004,179.99,41.31,238.26
2026-09-12T18:30Z,210.92,210.92,210.92,210.92,210.92,210.92,210.92,,210.92,210.910004,179.99,32.76,238.26
2026-09-12T18:45Z,207.69,207.69,207.69,207.69,207.69,207.69,207.69,,207.69,207.679993,179.99,27.16,237.0
2026-09-12T19:00Z,210.75,210.75,210.75,210.75,210.75,210.75,210.75,211.39,210.75,210.740005,179.99,40.61,268.06
2026-09-12T19:15Z,204.94,204.94,204.94,204.94,204.94,204.94,204.94,,204.94,204.940002,179.99,30.34,238.26
2026-09-12T19:30Z,201.06,201.95,201.95,200.1,202.7,201.27,201.16,,200.65,200.960007,179.99,26.46,225.72
2026-09-12T19:45Z,191.74,197.17,197.17,185.89,201.72,193.03,192.34,,189.22,191.179993,179.99,25.66,215.96
2026-09-12T20:00Z,199.35,200.94,200.94,198.77,199.85,223.3,208.28,198.9,198.65,199.809998,179.99,27.73,238.26
2026-09-12T20:15Z,191.77,198.92,198.92,185.75,202.7,203.81,190.8,,189.15,190.639999,179.97,26.17,230.0
2026-09-12T20:30Z,189.05,199.4,199.4,179.11,206.1,196.83,188.63,,184.82,187.779999,176.05,25.5,217.96
2026-09-12T20:45Z,183.73,195.1,195.1,173.57,201.8,195.77,182.01,,179.39,182.070007,173.92,24.99,195.77
2026-09-12T21:00Z,191.46,195.28,195.28,187.9,198.01,192.94,191.51,190.0,189.97,191.050003,177.92,25.24,217.96
2026-09-12T21:15Z,186.02,191.12,191.12,181.68,194.39,188.58,185.64,,184.21,185.380005,175.42,24.91,217.96
2026-09-12T21:30Z,182.21,190.0,190.0,175.6,194.96,191.74,180.51,,179.41,181.0,171.25,22.47,191.74
2026-09-12T21:45Z,179.55,187.5,187.5,174.82,190.65,203.16,173.53,,177.5,177.429993,169.69,17.48,203.16
2026-09-12T22:00Z,191.99,191.99,204.5,191.99,191.99,191.99,191.99,168.2,191.990005,191.99,174.96,9.6,223.4
2026-09-12T22:15Z,180.01,180.01,200.0,180.01,180.01,180.01,175.2,,180.009995,180.0,171.56,8.84,223.86
2026-09-12T22:30Z,173.3,173.3,198.98,173.3,173.3,173.3,163.8,,173.300003,173.29,169.94,8.45,223.86
2026-09-12T22:45Z,166.01,166.01,199.5,166.01,166.01,166.01,158.63,,166.009995,166.01,159.52,8.29,217.0
2026-09-12T23:00Z,176.4,176.4,196.7,176.4,176.4,176.4,153.07,164.8,176.399994,176.39,168.77,7.74,223.86
2026-09-12T23:15Z,165.98,165.98,195.2,165.98,165.98,165.98,154.08,,165.979996,165.97,159.36,7.38,217.96
2026-09-12T23:30Z,164.26,164.26,195.2,164.26,164.26,164.26,164.26,,164.259995,164.25,157.7,7.33,200.21
2026-09-12T23:45Z,163.74,163.74,190.0,163.74,163.74,163.74,163.51,,163.740005,163.74,157.21,6.95,181.2
2026-09-13T00:00Z,168.52,168.52,195.2,168.52,168.52,168.52,168.52,162.0,168.520004,165.48,161.4,7.42,203.86
2026-09-13T00:15Z,163.79,163.79,194.94,163.79,163.79,163.79,159.55,,163.789993,160.84,157.13,7.27,216.13
2026-09-13T00:30Z,160.6,160.6,190.0,160.6,160.6,160.6,159.55,,160.600006,157.71,154.27,7.26,212.69
2026-09-13T00:45Z,159.2,159.2,189.28,159.2,159.2,159.2,159.2,,159.199997,156.32,153.02,7.26,187.32
2026-09-13T01:00Z,163.59,163.59,190.0,163.59,163.59,163.59,154.5,160.44,163.589996,160.63,156.92,7.25,182.84
2026-09-13T01:15Z,162.26,162.26,186.12,162.26,162.26,162.26,158.62,,162.259995,159.33,155.74,7.26,203.83
2026-09-13T01:30Z,161.37,161.37,174.0,161.37,161.37,161.37,152.48,,161.369995,158.46,154.95,7.26,196.6
2026-09-13T01:45Z,159.7,159.7,173.67,159.7,159.7,159.7,147.0,,159.699997,156.82,153.49,7.27,200.0
2026-09-13T02:00Z,164.44,164.44,171.95,164.44,164.44,164.44,158.62,159.87,164.440002,161.47,157.8,7.29,183.56
2026-09-13T02:15Z,163.8,163.8,170.84,163.8,163.8,163.8,157.65,,163.800003,160.84,157.25,7.3,200.0
2026-09-13T02:30Z,163.6,163.6,170.53,163.6,163.6,163.6,151.01,,163.600006,160.65,157.08,7.46,196.6
2026-09-13T02:45Z,164.38,164.38,170.01,164.38,164.38,164.38,158.62,,164.380005,161.41,157.79,7.31,199.84
2026-09-13T03:00Z,165.12,165.12,173.78,165.12,165.12,165.12,158.63,159.4,165.119995,162.14,158.59,7.55,192.82
2026-09-13T03:15Z,166.31,166.31,177.1,166.31,166.31,166.31,158.96,,166.309998,163.31,159.67,7.35,203.86
2026-09-13T03:30Z,168.69,168.69,182.93,168.69,168.69,168.69,159.55,,168.690002,165.65,161.83,7.31,199.16
2026-09-13T03:45Z,172.0,172.0,190.0,172.0,172.0,172.0,159.55,,172.0,168.89,164.83,7.16,204.16
2026-09-13T04:00Z,168.58,172.56,180.02,169.92,171.24,198.89,158.63,159.72,167.279999,165.74,161.98,6.98,198.89
2026-09-13T04:15Z,174.27,177.27,189.28,175.28,176.28,197.16,158.62,,173.289993,172.12,166.19,7.04,197.16
2026-09-13T04:30Z,178.95,183.2,189.28,180.38,181.79,211.32,160.72,,177.559998,175.91,170.04,7.56,211.32
2026-09-13T04:45Z,179.27,181.34,189.5,179.96,180.65,195.05,147.06,,178.589996,177.78,170.95,8.17,212.63
2026-09-13T05:00Z,181.76,188.62,188.62,184.17,185.77,233.9,158.62,158.43,179.610001,177.05,171.94,8.55,233.9
2026-09-13T05:15Z,181.66,185.9,189.4,183.15,184.13,213.86,147.53,,180.330002,178.75,172.33,9.98,226.7
2026-09-13T05:30Z,181.4,181.4,190.0,181.4,181.4,181.4,127.92,,181.399994,181.39,171.53,13.99,221.12
2026-09-13T05:45Z,170.89,170.89,192.88,170.89,170.89,170.89,122.57,,170.889999,170.89,170.02,41.8,215.09
2026-09-13T06:00Z,190.1,190.1,190.1,190.1,190.1,190.1,112.49,146.8,190.100006,190.1,171.82,32.97,223.0
2026-09-13T06:15Z,173.56,173.56,173.56,173.56,173.56,173.56,107.77,,173.559998,173.56,170.31,51.96,207.05
2026-09-13T06:30Z,159.78,159.78,159.78,159.78,159.78,159.78,106.84,,159.779999,159.79,157.44,84.99,159.78
2026-09-13T06:45Z,148.06,135.0,135.0,154.15,158.28,145.48,106.84,,148.869995,148.29,153.46,90.0,146.81
2026-09-13T07:00Z,156.27,156.27,143.9,156.27,156.27,156.27,100.37,130.0,156.270004,154.25,157.84,85.38,219.57
2026-09-13T07:15Z,144.39,123.83,110.0,153.87,160.0,141.43,99.9,,146.190002,143.57,151.94,89.75,212.3
2026-09-13T07:30Z,138.85,60.01,53.0,180.13,206.87,122.64,85.99,,145.320007,142.71,150.05,89.85,136.87
2026-09-13T07:45Z,137.45,46.64,3.43,185.25,216.22,118.55,84.2,,144.889999,142.29,149.54,89.03,104.3
2026-09-13T08:00Z,129.3,46.15,1.08,174.81,204.03,111.41,85.1,103.0,136.580002,131.67,141.29,60.37,112.38
2026-09-13T08:15Z,121.66,23.36,0.21,175.45,210.0,100.5,87.1,,130.259995,124.46,142.42,74.4,90.0
2026-09-13T08:30Z,119.1,17.78,0.0,174.54,210.15,97.29,90.83,,127.959999,121.99,142.4,78.12,51.5
2026-09-13T08:45Z,109.94,0.0,0.0,170.1,208.74,86.27,97.69,,119.559998,116.19,142.11,74.48,46.0
2026-09-13T09:00Z,105.88,0.0,-0.01,164.17,201.09,83.46,85.1,88.0,115.419998,109.19,140.17,64.21,75.0
2026-09-13T09:15Z,105.31,0.0,-0.07,163.28,200.0,83.0,90.0,,114.800003,112.26,139.94,65.51,61.0
2026-09-13T09:30Z,104.73,0.0,-0.19,162.39,198.91,82.55,94.7,,114.169998,108.01,139.76,63.03,50.53
2026-09-13T09:45Z,105.31,0.0,-0.3,163.28,200.0,83.0,95.22,,114.800003,112.73,139.43,59.4,46.0
2026-09-13T10:00Z,99.55,0.0,-0.3,155.2,190.0,78.79,90.11,74.58,109.089996,107.13,138.99,66.64,48.25
2026-09-13T10:15Z,103.49,0.0,-0.5,161.33,197.52,81.91,93.67,,113.400002,111.37,139.82,65.41,47.5
2026-09-13T10:30Z,100.62,-0.01,-0.3,156.86,192.03,79.63,91.07,,110.25,108.27,138.83,57.72,46.5
2026-09-13T10:45Z,99.64,-0.01,-0.16,155.33,190.17,78.86,90.18,,109.18,107.22,137.49,48.22,45.75
2026-09-13T11:00Z,99.67,-0.01,-0.02,155.29,190.0,78.99,90.26,67.0,109.230003,107.27,137.44,64.69,36.0
2026-09-13T11:15Z,98.31,-0.01,-0.01,153.17,187.41,77.91,95.27,,107.739998,105.81,135.57,59.99,26.0
2026-09-13T11:30Z,96.29,-0.01,-0.01,150.02,183.56,76.31,98.11,,105.529999,103.63,132.82,53.49,36.0
2026-09-13T11:45Z,94.16,-0.01,-0.01,146.7,179.49,74.62,100.36,,103.190002,101.34,132.88,54.98,26.0
2026-09-13T12:00Z,92.83,-0.01,-0.01,144.18,176.61,73.51,106.83,72.09,101.379997,99.56,132.39,46.71,30.0
2026-09-13T12:15Z,96.31,-0.01,-0.01,149.59,183.24,76.27,106.84,,105.18,103.29,132.95,56.65,36.0
2026-09-13T12:30Z,99.78,-0.01,-0.01,154.98,189.84,79.02,107.77,,108.970001,107.02,137.17,63.84,12.25
2026-09-13T12:45Z,99.47,-0.01,-0.01,154.5,189.26,78.78,115.8,,108.639999,106.69,136.81,69.06,15.0
2026-09-13T13:00Z,98.0,-0.01,-0.01,149.96,184.13,76.42,119.77,94.0,105.690002,101.95,133.12,53.12,13.25
2026-09-13T13:15Z,101.12,-0.01,-0.01,154.74,189.99,78.86,119.78,,109.059998,107.1,137.35,69.99,13.25
2026-09-13T13:30Z,121.13,-0.01,-0.01,163.28,190.0,104.71,113.28,,127.279999,122.77,139.25,75.72,15.25
2026-09-13T13:45Z,132.44,-0.01,-0.01,158.37,173.41,123.84,128.32,,136.089996,133.47,140.45,86.04,34.17
2026-09-13T14:00Z,133.45,0.0,-0.01,169.88,192.5,120.12,127.17,131.27,138.850006,136.53,147.32,82.09,66.05
2026-09-13T14:15Z,140.11,0.0,0.0,159.92,170.63,134.58,137.51,,142.910004,141.99,150.2,91.71,100.0
2026-09-13T14:30Z,156.84,10.0,0.0,162.28,162.67,158.1,157.44,,157.389999,154.7,155.47,101.07,143.4
2026-09-13T14:45Z,173.52,20.2,0.0,167.52,159.67,180.19,176.67,,172.270004,169.66,167.86,114.59,185.24
2026-09-13T15:00Z,168.91,40.0,0.01,177.27,181.0,168.27,168.57,172.98,169.860001,172.99,170.79,108.07,159.05
2026-09-13T15:15Z,182.16,60.74,0.21,183.23,181.46,185.03,183.59,,182.179993,182.44,174.3,114.88,180.0
2026-09-13T15:30Z,197.46,184.02,0.51,196.36,195.22,198.4,197.93,,197.309998,197.5,186.27,122.42,210.57
2026-09-13T15:45Z,208.01,208.01,1.2,208.01,208.01,208.01,208.01,,208.009995,208.03,191.18,125.38,238.26
2026-09-13T16:00Z,197.71,189.61,7.51,197.03,196.33,198.26,197.98,203.88,197.600006,197.72,188.6,126.44,223.86
2026-09-13T16:15Z,203.13,203.13,65.71,203.16,203.18,204.59,202.68,,203.059998,203.01,191.18,132.27,227.4
2026-09-13T16:30Z,210.52,210.52,105.4,210.52,210.52,210.52,210.52,,210.520004,210.55,191.19,134.72,210.52
2026-09-13T16:45Z,228.64,228.64,132.5,228.64,228.64,228.64,228.64,,228.639999,228.64,192.92,134.02,228.64
2026-09-13T17:00Z,217.28,217.28,130.0,217.28,217.28,217.28,217.28,218.4,217.279999,217.3,191.17,139.99,217.28
2026-09-13T17:15Z,228.31,228.31,194.94,228.31,228.31,228.31,228.31,,228.309998,228.31,191.18,136.66,228.31
2026-09-13T17:30Z,234.49,234.49,213.5,234.49,234.49,234.49,234.49,,234.490005,234.51,191.19,131.3,238.26
2026-09-13T17:45Z,239.96,239.96,227.5,239.96,239.96,239.96,239.96,,239.960007,239.95,191.19,138.58,268.06
2026-09-13T18:00Z,228.8,228.8,228.8,228.8,228.8,228.8,228.8,220.0,228.800003,228.8,192.61,137.88,238.26
2026-09-13T18:15Z,235.0,235.0,235.0,235.0,235.0,235.0,235.0,,235.0,235.01,193.24,139.29,246.94
2026-09-13T18:30Z,237.53,237.53,237.53,237.53,237.53,237.53,237.53,,237.529999,237.54,194.21,140.0,238.26
2026-09-13T18:45Z,233.99,233.99,233.99,233.99,233.99,233.99,233.99,,233.990005,234.01,194.6,133.96,234.58
2026-09-13T19:00Z,235.33,235.33,235.33,235.33,235.33,235.33,235.33,212.1,235.330002,235.32,194.55,139.81,235.33
2026-09-13T19:15Z,235.0,235.0,235.0,235.0,235.0,235.0,235.0,,235.0,234.98,193.28,137.62,235.0
2026-09-13T19:30Z,231.65,231.65,231.65,231.65,231.65,231.65,231.65,,231.649994,231.67,194.59,131.68,238.26
2026-09-13T19:45Z,227.5,227.5,227.5,227.5,227.5,227.5,227.5,,227.5,227.52,193.6,127.28,234.85
2026-09-13T20:00Z,232.43,232.43,232.43,232.43,232.43,232.43,232.43,207.09,232.429993,232.45,193.65,123.78,241.69
2026-09-13T20:15Z,227.5,227.5,227.5,227.5,227.5,227.5,227.5,,227.5,227.52,192.04,121.21,251.7
2026-09-13T20:30Z,227.5,227.5,227.5,227.5,227.5,227.5,227.5,,227.5,227.52,191.7,119.32,232.51
2026-09-13T20:45Z,222.41,222.41,222.41,222.41,222.41,222.41,222.41,,222.410004,222.43,191.19,117.21,223.86
2026-09-13T21:00Z,220.53,220.53,220.53,220.53,220.53,220.53,220.53,192.75,220.529999,220.55,191.37,115.91,227.0
2026-09-13T21:15Z,208.58,208.58,208.58,208.58,208.58,208.58,208.58,,208.580002,208.6,191.2,115.17,224.99
2026-09-13T21:30Z,207.24,207.24,207.24,207.24,207.24,207.24,207.24,,207.240005,207.26,191.19,114.99,220.0
2026-09-13T21:45Z,206.0,206.0,206.0,206.0,206.0,206.0,200.25,,206.0,206.02,191.18,114.38,216.13
2026-09-13T22:00Z,218.18,218.18,218.18,218.18,218.18,218.18,218.18,192.71,218.179993,222.2,206.84,117.28,218.18
2026-09-13T22:15Z,205.79,205.79,216.18,205.79,205.79,205.79,205.79,,205.789993,205.81,195.71,117.53,205.79
2026-09-13T22:30Z,196.0,196.0,215.5,196.0,196.0,196.0,196.0,,196.0,196.02,187.29,117.67,196.0
2026-09-13T22:45Z,186.85,186.85,215.5,186.85,186.85,186.85,186.85,,186.850006,186.87,179.02,117.72,186.85
2026-09-13T23:00Z,192.1,192.1,212.5,192.1,192.1,192.1,192.1,189.96,192.100006,192.12,183.43,117.69,192.1
2026-09-13T23:15Z,187.5,187.5,212.0,187.5,187.5,187.5,187.5,,187.5,187.52,179.59,117.86,187.5
2026-09-13T23:30Z,189.38,189.38,208.03,189.38,189.38,189.38,189.38,,189.380005,189.4,181.25,117.75,189.38
2026-09-13T23:45Z,182.59,182.59,204.4,182.59,182.59,182.59,182.59,,182.589996,182.61,175.1,117.38,182.59
2026-09-14T00:00Z,185.42,185.42,203.11,185.42,185.42,185.42,185.42,185.41,185.419998,185.44,177.62,112.35,185.42
2026-09-14T00:15Z,185.05,185.05,203.11,185.05,185.05,185.05,185.05,,185.050003,185.06,177.31,116.49,185.05
2026-09-14T00:30Z,183.47,183.47,203.11,183.47,183.47,183.47,183.47,,183.470001,183.48,175.86,116.85,183.47
2026-09-14T00:45Z,182.75,182.75,203.11,182.75,182.75,182.75,182.75,,182.75,182.76,175.22,118.36,184.11
2026-09-14T01:00Z,183.46,183.46,200.0,183.46,183.46,183.46,183.46,184.57,183.460007,183.47,175.8,90.42,183.46
2026-09-14T01:15Z,184.16,184.16,200.0,184.16,184.16,184.16,184.16,,184.160004,184.17,176.32,74.74,184.16
2026-09-14T01:30Z,183.8,183.8,200.0,183.8,183.8,183.8,183.8,,183.800003,183.81,175.99,78.25,183.8
2026-09-14T01:45Z,184.05,184.05,201.44,184.05,184.05,184.05,184.05,,184.050003,184.05,176.15,77.49,184.05
2026-09-14T02:00Z,180.24,180.24,200.18,180.24,180.24,180.24,180.24,184.11,180.240005,180.26,173.03,113.73,180.24
2026-09-14T02:15Z,181.2,181.2,203.02,181.2,181.2,181.2,181.2,,181.199997,181.22,173.86,117.87,181.2
2026-09-14T02:30Z,183.46,183.46,203.02,183.46,183.46,183.46,183.46,,183.460007,183.48,175.83,118.98,183.46
2026-09-14T02:45Z,190.12,190.12,204.4,190.12,190.12,190.12,190.12,,190.119995,190.13,181.52,120.13,190.12
2026-09-14T03:00Z,184.46,184.46,202.94,184.46,184.46,184.46,184.46,197.44,184.460007,184.48,176.87,113.48,184.46
2026-09-14T03:15Z,194.47,194.47,202.94,194.47,194.47,194.47,180.85,,194.470001,194.49,187.24,116.27,194.47
2026-09-14T03:30Z,208.57,208.57,208.57,208.57,208.57,208.57,189.0,,208.570007,208.58,196.43,120.44,208.57
2026-09-14T03:45Z,221.0,216.3,216.3,220.3,219.61,221.5,215.49,,220.910004,221.01,208.68,128.07,221.58
2026-09-14T04:00Z,217.24,217.24,217.24,217.24,217.24,217.24,217.24,235.03,217.240005,217.56,205.62,81.23,217.24
2026-09-14T04:15Z,250.88,224.1,224.1,229.45,233.14,244.95,249.14,,232.589996,252.81,206.72,84.99,230.0
2026-09-14T04:30Z,273.4,236.16,236.16,241.3,248.07,265.14,271.03,,245.779999,276.02,211.91,96.02,243.12
2026-09-14T04:45Z,277.25,241.96,241.96,247.57,253.46,269.43,274.99,,281.269989,281.68,212.51,134.27,268.06
2026-09-14T05:00Z,300.1,242.04,242.04,281.07,271.31,284.79,293.89,259.54,273.609985,293.98,212.58,103.2,250.0
2026-09-14T05:15Z,321.56,252.5,252.5,311.64,290.75,303.51,314.83,,311.720001,320.53,212.6,139.99,259.18
2026-09-14T05:30Z,323.39,260.0,260.0,314.29,295.11,306.82,317.22,,314.350006,322.38,214.44,150.0,260.0
2026-09-14T05:45Z,322.58,265.56,265.56,314.38,297.14,307.68,317.03,,314.390015,320.32,215.43,165.0,265.56
2026-09-14T06:00Z,348.3,290.0,290.0,341.44,322.65,334.9,342.67,261.83,342.570007,349.74,320.67,85.0,290.0
2026-09-14T06:15Z,300.05,275.58,275.58,298.41,289.62,294.45,297.77,,299.769989,305.97,281.85,96.86,275.58
2026-09-14T06:30Z,281.75,265.46,265.46,280.44,274.69,277.81,283.25,,281.369995,287.12,265.44,112.0,265.46
2026-09-14T06:45Z,268.3,232.53,227.5,265.59,252.89,259.82,269.14,,267.619995,272.98,253.96,138.0,248.96
2026-09-14T07:00Z,280.22,278.41,260.0,279.9,279.63,280.33,280.98,238.9,280.23999,285.81,243.63,151.56,278.41
2026-09-14T07:15Z,266.7,260.01,227.5,265.52,264.53,267.09,269.64,,266.790009,267.56,240.21,156.01,260.01
2026-09-14T07:30Z,240.05,239.33,203.94,239.81,239.64,239.91,241.85,,240.199997,240.66,228.39,160.81,239.33
2026-09-14T07:45Z,216.56,208.77,158.9,215.25,214.12,217.11,219.24,,216.600006,217.7,208.64,159.27,210.93
2026-09-14T08:00Z,242.08,236.31,159.34,241.03,240.16,242.08,244.96,210.39,242.179993,246.93,229.86,147.0,236.31
2026-09-14T08:15Z,219.99,219.24,128.28,219.73,219.56,219.67,221.78,,220.119995,224.38,208.39,149.96,240.0
2026-09-14T08:30Z,201.59,201.32,119.14,201.49,201.43,201.47,202.21,,201.630005,205.52,195.01,140.95,268.06
2026-09-14T08:45Z,183.66,183.62,102.06,183.64,183.63,183.64,183.76,,183.669998,187.18,179.63,139.99,243.15
2026-09-14T09:00Z,212.14,211.39,84.25,211.89,211.71,211.83,171.79,199.91,212.289993,212.74,202.12,138.49,224.8
2026-09-14T09:15Z,193.79,193.32,60.0,193.64,193.52,193.6,189.15,,193.889999,194.64,187.99,139.64,209.68
2026-09-14T09:30Z,196.8,196.31,50.0,196.64,196.52,196.6,185.61,,196.899994,197.25,188.96,130.93,196.6
2026-09-14T09:45Z,184.47,184.35,45.01,184.43,184.4,184.42,184.76,,184.490005,185.52,177.81,136.66,185.6
2026-09-14T10:00Z,195.54,195.07,45.01,195.38,195.27,195.34,195.83,185.1,195.630005,195.95,187.92,136.17,195.07
2026-09-14T10:15Z,181.43,181.23,43.16,181.24,181.38,181.33,175.16,,181.470001,182.2,184.51,131.52,182.75
2026-09-14T10:30Z,176.87,176.83,40.53,176.83,176.86,176.85,158.3,,176.880005,178.13,180.17,136.14,181.98
2026-09-14T10:45Z,168.87,168.87,45.01,168.87,168.87,168.87,157.97,,168.869995,170.61,172.87,136.17,180.6
2026-09-14T11:00Z,175.15,174.89,50.0,175.06,175.0,175.04,159.55,170.0,175.190002,175.39,178.26,136.46,179.76
2026-09-14T11:15Z,168.46,145.31,50.0,164.92,161.89,170.64,158.63,,167.869995,168.9,171.17,138.0,179.55
2026-09-14T11:30Z,165.82,128.54,45.01,160.13,155.25,169.33,158.62,,164.869995,165.74,167.88,138.52,171.0
2026-09-14T11:45Z,155.59,152.86,45.01,155.17,154.82,155.85,153.2,,155.520004,157.63,160.53,137.79,179.76
2026-09-14T12:00Z,159.82,159.82,46.58,159.82,159.82,159.82,144.0,169.97,159.820007,159.85,163.8,131.87,179.76
2026-09-14T12:15Z,161.77,161.77,50.0,161.77,161.77,161.77,148.45,,161.770004,161.82,165.62,137.99,186.99
2026-09-14T12:30Z,158.11,146.87,50.0,155.63,155.63,159.32,158.63,,157.770004,158.36,161.8,140.39,193.2
2026-09-14T12:45Z,166.0,166.0,50.0,166.0,166.0,166.0,166.0,,166.0,166.08,169.61,143.89,208.0
2026-09-14T13:00Z,152.91,152.91,57.99,152.91,152.91,152.91,152.91,180.0,152.910004,152.91,157.32,137.59,230.0
2026-09-14T13:15Z,155.59,155.59,60.0,155.59,155.59,155.59,155.59,,155.589996,155.63,158.61,142.72,240.0
2026-09-14T13:30Z,169.1,169.1,65.0,169.1,169.1,169.1,169.1,,169.100006,169.16,163.58,152.48,242.6
2026-09-14T13:45Z,182.0,182.0,65.0,182.0,182.0,182.0,182.0,,182.0,182.07,170.68,160.84,243.12
2026-09-14T14:00Z,152.0,152.0,70.0,152.0,152.0,152.0,152.0,199.06,152.0,152.02,153.75,144.61,199.07
2026-09-14T14:15Z,170.08,170.08,78.0,170.08,170.08,170.08,170.08,,170.080002,170.14,168.2,153.25,193.69
2026-09-14T14:30Z,190.0,190.0,84.25,190.0,190.0,190.0,190.0,,190.0,190.04,181.93,175.04,193.4
2026-09-14T14:45Z,210.51,181.82,90.0,203.25,201.52,213.25,212.04,,210.350006,210.77,198.8,210.53,213.84
2026-09-14T15:00Z,179.23,167.17,95.01,175.39,175.17,180.32,179.8,217.94,179.210007,179.35,185.0,179.23,180.49
2026-09-14T15:15Z,214.0,187.85,110.0,206.62,205.53,216.47,215.24,,213.850006,214.21,198.03,202.59,216.47
2026-09-14T15:30Z,253.13,194.85,119.27,234.56,233.51,258.4,255.89,,253.020004,253.74,211.92,214.56,258.4
2026-09-14T15:45Z,288.31,268.06,132.5,250.0,270.47,287.37,288.48,,291.730011,290.44,212.58,247.69,268.06
2026-09-14T16:00Z,259.12,202.39,134.21,239.03,229.77,244.17,253.45,257.71,262.070007,259.76,232.16,247.3,217.96
2026-09-14T16:15Z,306.36,245.56,166.63,271.26,270.89,290.34,300.53,,310.820007,307.84,246.81,254.58,245.56
2026-09-14T16:30Z,450.0,268.06,204.26,309.82,333.46,402.08,433.17,,466.670013,456.42,230.78,265.9,268.06
2026-09-14T16:45Z,584.88,333.17,220.27,363.95,415.67,518.6,562.07,,610.52002,595.53,240.56,253.45,276.74
2026-09-14T17:00Z,649.11,265.49,212.0,365.91,404.29,548.7,616.26,300.0,688.140015,666.26,212.6,292.48,265.49
2026-09-14T17:15Z,700.07,271.88,224.0,413.65,435.53,587.93,662.86,,740.809998,717.52,213.75,288.54,271.88
2026-09-14T17:30Z,700.04,325.01,248.3,400.0,453.89,601.94,668.36,,740.409973,718.58,213.05,234.89,277.74
2026-09-14T17:45Z,740.01,329.64,300.0,420.44,473.23,632.64,705.18,,783.349976,759.89,212.59,220.0,300.0
2026-09-14T18:00Z,704.41,323.28,285.01,408.81,459.76,606.09,672.07,300.73,743.26001,721.1,211.97,318.6,281.66
2026-09-14T18:15Z,585.23,300.0,300.0,406.55,414.74,511.58,560.22,,610.179993,597.03,211.95,209.41,289.05
2026-09-14T18:30Z,447.3,300.0,300.0,373.94,364.86,409.24,434.02,,458.350006,450.49,211.93,164.99,293.28
2026-09-14T18:45Z,367.47,300.0,300.0,338.7,331.14,350.03,361.3,,372.070007,365.96,211.91,147.0,273.61
2026-09-14T19:00Z,373.3,300.0,300.0,299.96,321.33,354.41,367.24,269.0,381.950012,380.75,223.71,233.11,300.0
2026-09-14T19:15Z,309.41,299.61,299.61,267.39,292.9,306.94,309.19,,313.589996,311.87,222.84,161.58,299.61
2026-09-14T19:30Z,270.06,268.06,268.06,261.5,266.69,269.55,270.01,,270.910004,270.74,220.16,138.0,268.06
2026-09-14T19:45Z,248.81,248.81,248.81,248.81,248.81,248.81,248.81,,248.809998,249.19,218.18,107.03,248.81
2026-09-14T20:00Z,267.01,267.01,267.01,267.01,267.01,267.01,267.01,233.84,267.01001,267.06,206.19,150.76,267.01
2026-09-14T20:15Z,252.15,250.01,250.01,243.11,248.59,251.57,252.06,,243.580002,252.74,205.07,138.0,250.01
2026-09-14T20:30Z,242.77,242.15,242.15,240.15,241.74,242.61,242.75,,238.539993,243.26,203.78,103.17,242.15
2026-09-14T20:45Z,225.08,224.67,224.67,223.36,224.4,224.97,225.06,,223.449997,225.95,202.46,94.59,224.67
2026-09-14T21:00Z,241.7,237.89,237.89,222.5,235.05,240.18,239.79,210.0,209.619995,234.51,195.0,90.31,237.89
2026-09-14T21:15Z,227.75,225.0,225.0,213.88,222.94,226.65,226.37,,204.619995,222.99,191.55,81.02,225.0
2026-09-14T21:30Z,221.53,219.12,219.12,209.38,217.32,220.56,220.32,,201.270004,217.41,188.92,70.77,220.0
2026-09-14T21:45Z,207.57,206.5,215.5,202.16,205.7,207.14,207.03,,198.5,205.95,187.92,57.86,207.1
2026-09-14T22:00Z,219.74,220.29,227.24,219.74,220.0,220.55,218.82,207.08,219.58,221.880005,207.79,117.5,225.32
2026-09-14T22:15Z,217.76,218.23,226.75,217.78,217.99,218.45,209.34,,217.66,217.470001,206.0,131.16,225.0
2026-09-14T22:30Z,205.88,206.23,225.01,205.9,206.05,206.39,205.3,,205.81,205.619995,195.39,120.45,225.0
2026-09-14T22:45Z,192.17,192.31,224.0,192.18,192.24,192.38,186.38,,192.14,192.089996,183.22,122.15,221.45
2026-09-14T23:00Z,211.24,211.24,225.0,211.24,211.24,211.24,211.24,195.04,211.24,211.210007,200.37,133.37,220.96
2026-09-14T23:15Z,198.43,198.43,219.62,198.43,198.43,198.43,193.07,,198.43,198.429993,188.97,127.31,220.3
2026-09-14T23:30Z,194.29,194.29,219.49,194.29,194.29,194.29,180.82,,194.29,194.300003,185.27,124.99,208.96
2026-09-14T23:45Z,188.1,188.1,215.76,188.1,188.1,188.1,170.45,,188.1,188.110001,179.74,121.91,207.93
2026-09-15T00:00Z,189.9,189.9,215.76,189.9,189.9,189.9,170.45,188.0,189.9,189.910004,181.23,120.94,206.49
2026-09-15T00:15Z,187.25,187.41,214.18,187.26,187.33,187.49,174.52,,187.21,187.100006,178.81,104.69,196.26
2026-09-15T00:30Z,188.45,188.92,214.12,188.48,188.68,189.14,186.31,,188.36,188.139999,179.75,101.9,198.93
2026-09-15T00:45Z,187.81,188.3,214.03,187.84,188.05,188.53,186.99,,187.72,187.5,179.18,102.78,195.05
2026-09-15T01:00Z,185.3,185.3,214.18,185.3,185.3,185.3,176.06,182.39,185.3,185.300003,177.11,122.07,206.5
2026-09-15T01:15Z,185.99,185.99,214.12,185.99,185.99,185.99,182.9,,185.99,185.970001,177.67,118.2,209.64
2026-09-15T01:30Z,187.33,187.33,214.12,187.33,187.33,187.33,185.6,,187.33,187.339996,178.81,117.0,207.84
2026-09-15T01:45Z,184.0,184.0,214.12,184.0,184.0,184.0,184.0,,184.0,183.949997,176.1,105.58,206.09
2026-09-15T02:00Z,184.06,184.06,213.18,184.06,184.06,184.06,184.06,181.2,184.06,184.059998,175.65,120.81,207.22
2026-09-15T02:15Z,184.3,184.3,213.18,184.3,184.3,184.3,184.3,,184.3,184.300003,175.96,120.36,190.74
2026-09-15T02:30Z,184.53,184.53,213.18,184.53,184.53,184.53,184.53,,184.53,184.520004,176.17,120.4,191.82
2026-09-15T02:45Z,181.31,181.31,213.18,181.31,181.31,181.31,181.31,,181.31,181.309998,173.34,119.36,193.71
2026-09-15T03:00Z,184.37,184.37,212.24,184.37,184.37,184.37,184.37,193.75,184.37,184.380005,175.93,90.28,194.36
2026-09-15T03:15Z,187.0,187.04,212.6,187.0,187.02,187.07,186.92,,186.99,186.910004,178.25,105.0,195.05
2026-09-15T03:30Z,199.59,200.37,213.18,199.39,199.91,200.96,198.03,,199.01,199.059998,188.94,120.0,208.57
2026-09-15T03:45Z,216.07,216.62,216.62,213.81,215.55,231.7,221.62,,212.32,216.160004,200.93,130.1,231.7
2026-09-15T04:00Z,222.91,223.38,223.38,215.73,221.26,237.92,219.69,226.75,210.23,214.089996,198.9,112.77,234.31
2026-09-15T04:15Z,238.0,231.2,231.2,220.78,234.39,239.96,245.15,,207.33,211.119995,196.69,119.56,239.96
2026-09-15T04:30Z,239.38,233.99,233.99,222.98,236.48,246.88,265.48,,209.76,213.570007,198.89,126.3,248.52
2026-09-15T04:45Z,249.41,246.0,246.0,238.2,246.4,257.0,274.88,,241.47,239.75,200.95,139.24,268.0
2026-09-15T05:00Z,281.57,231.98,231.98,248.3,255.55,282.28,279.42,231.95,222.41,247.759995,200.94,139.99,268.06
2026-09-15T05:15Z,270.61,237.27,237.27,241.87,251.15,270.64,268.98,,227.91,262.540009,203.64,148.23,268.06
2026-09-15T05:30Z,252.91,248.81,248.81,242.98,248.71,252.53,252.32,,236.65,250.020004,204.01,140.0,254.07
2026-09-15T05:45Z,243.22,243.78,243.78,244.08,243.93,243.33,242.93,,231.87,241.009995,203.49,154.77,253.08
2026-09-15T06:00Z,268.06,268.06,268.06,268.06,268.06,268.06,268.06,220.0,268.06,267.950012,204.59,147.73,268.06
2026-09-15T06:15Z,241.51,241.51,241.51,241.51,241.51,241.51,241.51,,241.51,241.460007,204.57,149.95,255.58
2026-09-15T06:30Z,225.01,225.01,225.01,225.01,225.01,225.01,225.01,,225.01,225.0,204.57,156.0,244.58
2026-09-15T06:45Z,197.87,197.87,197.87,197.87,197.87,197.87,197.87,,197.87,197.880005,189.08,143.58,229.26
2026-09-15T07:00Z,227.5,227.5,227.5,227.5,227.5,227.5,225.51,188.94,227.5,227.5,211.28,175.0,227.5
2026-09-15T07:15Z,212.6,212.6,212.6,212.6,212.6,212.6,151.71,,212.6,212.619995,199.98,155.99,212.6
2026-09-15T07:30Z,189.05,189.72,189.72,189.31,189.51,187.56,128.24,,188.93,188.75,175.24,140.0,255.52
2026-09-15T07:45Z,156.43,158.99,158.99,157.43,158.02,150.48,124.72,,155.95,155.179993,166.68,111.28,243.12
2026-09-15T08:00Z,181.16,181.16,171.75,181.16,181.16,181.16,114.25,161.91,181.16,181.169998,162.09,139.99,237.24
2026-09-15T08:15Z,162.59,162.59,129.0,162.59,162.59,162.59,109.19,,162.59,160.25,151.93,113.91,220.96
2026-09-15T08:30Z,128.03,128.03,128.03,128.03,128.03,128.03,108.72,,128.03,130.380005,147.71,90.29,192.47
2026-09-15T08:45Z,112.06,112.06,112.06,112.06,112.06,112.06,87.54,,112.06,112.059998,140.22,81.55,199.93
2026-09-15T09:00Z,122.33,133.81,95.4,129.73,146.77,124.9,87.54,156.01,121.52,122.169998,138.42,94.18,191.9
2026-09-15T09:15Z,88.74,110.01,89.65,102.89,133.17,93.9,91.46,,86.34,87.919998,138.37,68.65,188.83
2026-09-15T09:30Z,69.0,85.0,85.0,80.18,101.37,73.4,71.44,,66.62,67.839996,138.47,52.86,203.99
2026-09-15T09:45Z,35.41,71.19,71.19,59.18,109.96,44.31,40.3,,36.45,35.790001,138.37,28.17,196.89
2026-09-15T10:00Z,60.68,69.01,69.01,67.26,76.07,63.5,62.45,76.43,57.12,58.169998,135.09,52.58,146.0
2026-09-15T10:15Z,43.42,54.98,54.98,51.59,63.14,65.71,52.54,,44.26,43.450001,135.45,40.74,170.0
2026-09-15T10:30Z,36.38,50.01,50.01,45.88,58.9,68.52,49.18,,35.81,36.459999,135.85,34.97,140.0
2026-09-15T10:45Z,37.39,50.0,50.0,46.27,57.88,68.15,49.65,,36.74,37.400002,135.87,30.24,164.88
2026-09-15T11:00Z,31.87,40.35,40.35,37.3,40.35,87.21,53.01,87.81,36.61,37.279999,134.16,35.88,160.0
2026-09-15T11:15Z,30.18,38.99,38.99,35.82,38.99,87.72,52.16,,35.1,34.849998,136.03,33.47,164.44
2026-09-15T11:30Z,29.56,38.55,38.55,35.31,38.55,88.26,51.99,,34.58,33.950001,137.68,32.57,171.41
2026-09-15T11:45Z,26.39,35.67,35.67,32.33,35.67,86.85,49.48,,31.58,31.0,138.24,27.49,173.99
2026-09-15T12:00Z,32.36,48.0,48.0,42.6,55.47,90.59,55.07,104.18,32.36,31.530001,138.63,29.97,162.32
2026-09-15T12:15Z,42.31,50.01,50.01,48.03,50.01,88.55,60.16,,39.17,42.529999,138.16,33.36,171.43
2026-09-15T12:30Z,50.08,50.08,50.08,54.93,57.1,102.09,70.23,,47.25,50.700001,139.67,38.91,198.0
2026-09-15T12:45Z,60.05,51.0,51.0,68.71,85.42,124.84,85.94,,57.36,61.509998,140.38,43.78,196.08
2026-09-15T13:00Z,61.65,61.65,61.65,64.65,64.43,103.18,77.44,128.13,59.41,62.009998,131.57,44.25,195.5
2026-09-15T13:15Z,89.83,59.41,59.41,90.0,90.0,112.96,99.06,,87.95,89.830002,132.65,50.79,206.09
2026-09-15T13:30Z,121.19,50.01,50.01,116.3,111.1,126.13,123.76,,120.03,120.980003,133.79,48.53,222.6
2026-09-15T13:45Z,142.1,50.0,50.0,137.98,140.0,166.0,113.94,,141.14,142.949997,144.31,43.38,233.73
2026-09-15T14:00Z,104.05,55.94,55.94,109.21,136.6,116.14,102.74,166.52,102.56,104.730003,140.93,48.15,231.61
2026-09-15T14:15Z,140.36,65.0,65.0,136.75,129.01,158.86,114.26,,139.15,140.539993,148.87,65.56,233.0
2026-09-15T14:30Z,169.79,79.8,75.0,165.44,156.17,175.97,144.44,,168.26,171.080002,152.97,76.7,234.5
2026-09-15T14:45Z,209.89,136.39,84.25,199.77,190.22,242.89,222.99,,202.91,206.369995,165.6,75.62,242.89
2026-09-15T15:00Z,165.79,144.42,89.9,164.33,162.47,177.38,169.89,199.2,164.65,167.619995,176.11,95.0,199.94
2026-09-15T15:15Z,210.15,163.74,95.0,204.1,197.9,220.96,212.07,,205.69,209.5,183.02,141.2,220.96
2026-09-15T15:30Z,230.2,174.49,100.0,223.38,215.77,239.93,233.49,,219.14,228.699997,200.97,134.29,239.93
2026-09-15T15:45Z,247.72,180.07,115.0,240.0,230.55,260.32,252.88,,227.14,244.919998,211.24,131.55,260.0
2026-09-15T16:00Z,217.83,172.68,119.01,211.23,205.94,237.29,228.78,220.0,211.96,215.809998,200.95,127.1,237.29
2026-09-15T16:15Z,235.0,200.04,128.7,220.0,223.22,249.21,270.0,,213.49,231.199997,200.9,127.43,249.21
2026-09-15T16:30Z,258.69,224.08,160.0,230.1,243.09,275.78,310.4,,214.78,251.429993,200.93,120.93,255.75
2026-09-15T16:45Z,294.52,287.04,196.7,246.58,278.93,298.3,312.01,,216.11,280.200012,200.58,112.32,287.04
2026-09-15T17:00Z,293.68,227.84,171.75,254.2,255.4,279.82,286.22,258.78,233.78,280.809998,202.16,89.99,258.79
2026-09-15T17:15Z,312.4,264.62,211.3,267.42,280.48,302.25,306.14,,240.86,297.279999,202.52,89.99,268.06
2026-09-15T17:30Z,307.35,269.53,226.0,271.03,282.39,316.67,370.36,,248.3,296.450012,202.91,82.0,277.74
2026-09-15T17:45Z,300.03,271.03,252.22,273.0,280.88,299.43,318.01,,256.67,291.369995,203.2,68.2,282.9
2026-09-15T18:00Z,279.77,250.37,250.01,260.6,262.25,273.61,276.8,250.76,250.47,273.149994,201.03,85.0,268.06
2026-09-15T18:15Z,251.2,252.22,252.22,248.71,251.19,257.93,276.8,,246.29,250.520004,201.01,64.31,268.06
2026-09-15T18:30Z,245.93,245.93,245.93,245.93,245.93,245.93,245.93,,245.93,245.690002,200.99,50.79,268.06
2026-09-15T18:45Z,238.7,238.7,238.7,238.7,238.7,238.7,238.7,,238.7,238.619995,200.99,23.29,255.82
2026-09-15T19:00Z,231.3,231.3,231.3,231.3,231.3,231.3,231.3,220.55,231.3,230.929993,200.99,70.06,268.06
2026-09-15T19:15Z,226.54,226.54,226.54,226.54,226.54,226.54,226.54,,226.54,226.190002,200.97,68.19,243.2
2026-09-15T19:30Z,223.45,223.45,223.45,223.45,223.45,223.45,223.45,,223.45,223.25,200.96,40.78,235.0
2026-09-15T19:45Z,208.0,208.0,208.0,208.0,208.0,208.0,208.0,,208.0,207.990005,196.73,10.46,220.96
2026-09-15T20:00Z,212.98,212.98,212.98,212.98,212.98,212.98,212.98,204.08,212.98,212.639999,200.9,62.98,223.0
2026-09-15T20:15Z,201.34,203.76,203.76,202.2,202.8,219.96,195.27,,200.52,199.169998,189.32,58.74,219.96
2026-09-15T20:30Z,198.01,200.0,200.0,198.72,199.21,213.35,189.3,,197.33,196.350006,183.88,28.2,213.35
2026-09-15T20:45Z,185.52,188.01,188.01,186.41,187.03,204.67,160.78,,184.68,183.580002,179.84,13.02,204.67
2026-09-15T21:00Z,193.54,195.24,195.24,194.17,194.58,206.37,145.2,189.21,193.01,192.0,183.3,57.01,218.0
2026-09-15T21:15Z,186.6,187.35,187.35,186.88,187.06,192.21,129.5,,186.37,185.789993,177.9,51.41,212.04
2026-09-15T21:30Z,179.67,180.67,180.67,180.05,180.29,187.19,153.87,,179.37,178.800003,171.34,31.17,200.0
2026-09-15T21:45Z,171.04,171.05,171.05,171.04,171.04,171.06,171.02,,171.04,171.0,163.89,10.0,190.0
2026-09-15T22:00Z,181.74,182.54,182.54,182.22,182.54,189.05,179.17,184.96,181.44,180.979996,171.7,7.72,238.32
2026-09-15T22:15Z,178.97,179.08,179.08,179.09,179.17,180.41,170.99,,178.91,178.809998,171.19,7.48,223.7
2026-09-15T22:30Z,174.59,174.59,174.59,174.81,174.97,176.53,173.22,,174.52,174.380005,167.22,7.4,215.35
2026-09-15T22:45Z,170.88,170.88,170.88,171.14,171.33,173.18,169.57,,170.8,170.630005,163.86,7.36,201.45
2026-09-15T23:00Z,173.18,173.4,173.4,173.38,173.51,175.7,170.86,178.5,173.08,172.919998,165.76,6.95,212.26
2026-09-15T23:15Z,170.8,170.88,170.88,170.9,170.97,171.99,170.37,,170.75,170.660004,163.68,6.91,210.81
2026-09-15T23:30Z,170.88,170.88,170.88,170.88,170.88,170.88,170.88,,170.88,170.869995,163.75,6.95,199.27
2026-09-15T23:45Z,170.01,170.01,170.01,170.08,170.12,170.59,169.8,,169.99,169.940002,162.82,5.96,198.22
2026-09-16T00:00Z,167.58,167.75,167.75,167.68,167.75,169.1,167.05,174.0,167.52,167.419998,160.49,6.09,206.28
2026-09-16T00:15Z,167.45,167.9,167.9,167.72,167.9,171.64,165.97,,167.27,167.009995,160.23,6.24,206.28
2026-09-16T00:30Z,170.04,170.27,170.27,170.24,170.37,172.72,169.09,,169.93,169.759995,162.54,6.74,206.42
2026-09-16T00:45Z,169.73,169.2,169.2,169.86,169.89,175.58,167.82,,169.46,169.149994,162.12,5.89,205.02
2026-09-16T01:00Z,169.85,166.65,166.65,169.91,169.85,176.95,167.65,173.3,169.53,169.169998,162.0,6.95,204.17
2026-09-16T01:15Z,168.75,164.95,164.95,168.75,168.72,168.83,168.79,,168.75,168.75,161.13,7.37,204.3
2026-09-16T01:30Z,167.24,165.0,165.0,167.18,167.11,168.07,167.04,,167.19,167.160004,159.75,7.5,203.04
2026-09-16T01:45Z,168.73,163.89,163.89,168.73,168.69,168.84,168.78,,168.73,168.729996,161.23,7.14,201.29
2026-09-16T02:00Z,170.19,168.05,168.05,170.19,170.17,170.24,170.21,174.33,170.19,170.179993,162.23,6.95,200.3
2026-09-16T02:15Z,167.33,166.45,166.45,167.28,167.23,168.03,167.15,,167.29,167.259995,159.78,7.28,200.54
2026-09-16T02:30Z,169.26,156.54,156.54,169.25,169.14,169.53,169.4,,169.25,169.270004,161.51,7.58,203.6
2026-09-16T02:45Z,171.92,159.17,159.17,170.97,170.0,172.68,172.28,,171.21,171.779999,163.24,7.71,203.6
2026-09-16T03:00Z,168.04,167.14,167.14,167.97,167.9,168.09,168.06,195.1,167.98,168.020004,160.63,7.14,189.36
2026-09-16T03:15Z,178.58,170.2,170.2,177.99,177.37,180.7,178.28,,178.13,178.350006,169.88,7.46,200.45
2026-09-16T03:30Z,187.88,183.43,170.88,187.65,187.37,189.2,182.69,,187.71,187.580002,174.96,7.93,198.22
2026-09-16T03:45Z,225.99,187.08,170.88,223.02,220.0,228.32,175.06,,223.74,225.559998,174.85,9.24,235.97
2026-09-16T04:00Z,199.41,187.42,172.4,193.22,197.69,227.78,176.52,209.97,188.33,194.050003,175.5,7.75,220.8
2026-09-16T04:15Z,218.75,207.57,170.88,214.42,217.11,237.97,161.05,,211.27,214.940002,175.7,33.47,237.97
2026-09-16T04:30Z,233.61,216.33,177.5,228.82,230.8,244.98,174.49,,225.97,230.279999,175.79,69.49,251.87
2026-09-16T04:45Z,243.3,208.68,188.62,238.42,237.77,248.99,185.44,,237.11,240.990005,175.86,69.35,296.0
2026-09-16T05:00Z,246.27,230.08,190.0,238.69,243.9,242.51,209.63,230.08,231.89,241.830002,184.64,74.0,249.88
2026-09-16T05:15Z,240.21,238.87,194.6,237.02,239.69,239.82,199.81,,234.31,238.139999,186.45,87.99,251.87
2026-09-16T05:30Z,235.01,235.38,195.18,235.62,235.5,235.0,161.05,,229.09,233.130005,189.9,50.57,268.06
2026-09-16T05:45Z,230.79,231.44,196.12,231.84,231.64,230.78,150.46,,220.53,227.740005,189.91,40.04,268.06
2026-09-16T06:00Z,247.01,247.01,196.12,247.01,247.01,247.01,132.6,234.98,247.01,246.630005,202.91,73.42,268.06
2026-09-16T06:15Z,237.79,237.79,194.24,237.79,237.79,237.79,120.09,,237.79,237.470001,202.92,68.09,268.06
2026-09-16T06:30Z,223.17,223.17,173.41,223.17,223.17,223.17,132.06,,223.17,222.850006,202.93,70.24,248.44
2026-09-16T06:45Z,192.0,192.0,127.66,192.0,192.0,192.0,129.0,,192.0,191.929993,183.43,46.03,243.09
2026-09-16T07:00Z,219.85,219.85,129.34,219.85,219.85,219.85,109.52,206.49,219.85,219.429993,199.01,86.34,245.04
2026-09-16T07:15Z,200.32,204.02,115.88,200.3,202.29,215.64,111.49,,198.54,195.589996,176.38,63.65,242.05
2026-09-16T07:30Z,176.41,192.38,80.0,180.0,185.57,168.0,113.87,,171.61,164.270004,174.8,48.0,244.28
2026-09-16T07:45Z,169.81,190.01,21.67,177.43,182.2,147.34,103.08,,164.15,156.169998,171.07,38.52,228.35
2026-09-16T08:00Z,186.38,208.86,21.67,195.7,200.69,168.07,111.96,177.75,181.5,172.699997,173.99,62.29,263.68
2026-09-16T08:15Z,174.6,203.88,5.88,186.69,193.13,126.83,95.87,,169.25,159.149994,170.68,49.62,251.87
2026-09-16T08:30Z,168.84,189.99,2.81,177.6,182.29,148.41,101.24,,164.38,156.389999,167.62,37.63,241.7
2026-09-16T08:45Z,161.8,177.68,1.08,168.4,171.96,157.51,102.62,,157.99,151.460007,161.64,28.84,201.63
2026-09-16T09:00Z,154.39,167.56,1.08,159.68,162.72,153.44,98.48,185.08,150.53,143.419998,154.65,31.78,211.99
2026-09-16T09:15Z,149.03,158.92,0.51,153.0,155.32,159.77,99.57,,145.67,141.940002,147.77,27.8,222.0
2026-09-16T09:30Z,136.63,143.92,0.44,139.55,141.29,153.19,94.62,,133.82,129.800003,140.41,29.8,199.5
2026-09-16T09:45Z,128.76,139.99,0.1,133.28,135.83,114.44,89.81,,126.0,121.559998,130.41,25.7,205.31
2026-09-16T10:00Z,130.89,142.63,0.01,135.86,138.48,125.48,85.28,173.31,128.05,123.089996,132.21,33.82,198.25
2026-09-16T10:15Z,113.0,118.31,0.01,115.25,116.46,121.14,85.67,,111.33,108.629997,118.69,25.5,190.0
2026-09-16T10:30Z,109.59,117.66,0.01,113.0,114.76,93.15,86.38,,108.12,105.730003,116.19,20.0,191.98
2026-09-16T10:45Z,100.58,103.81,0.01,101.95,102.69,103.89,84.96,,99.62,97.830002,105.19,19.64,187.97
2026-09-16T11:00Z,104.7,105.74,0.01,105.49,105.87,120.2,85.92,189.37,103.57,101.699997,108.95,18.54,181.9
2026-09-16T11:15Z,98.37,93.26,0.01,98.0,97.8,95.89,96.41,,98.11,97.910004,101.53,18.32,185.0
2026-09-16T11:30Z,96.56,86.52,0.01,95.57,95.13,107.75,86.9,,95.77,95.139999,99.14,24.43,190.22
2026-09-16T11:45Z,90.4,90.46,0.0,90.49,90.54,96.13,85.68,,90.12,89.760002,93.65,24.37,183.28
2026-09-16T12:00Z,99.39,98.78,0.0,100.19,100.42,92.44,92.23,195.1,98.81,97.870003,103.46,23.4,198.43
2026-09-16T12:15Z,101.24,100.45,0.0,102.28,102.58,92.23,91.96,,100.5,99.279999,103.93,18.08,198.81
2026-09-16T12:30Z,103.54,103.54,0.0,103.54,103.54,103.54,103.54,,103.54,103.519997,107.04,25.95,195.11
2026-09-16T12:45Z,105.6,105.24,0.01,105.58,105.57,105.41,105.38,,105.58,105.529999,109.11,25.77,181.9
2026-09-16T13:00Z,107.24,101.22,0.0,106.5,106.16,107.85,107.45,195.1,107.05,107.239998,110.54,15.01,190.91
2026-09-16T13:15Z,117.19,100.62,0.0,115.14,114.22,118.71,117.85,,116.89,117.18,120.62,11.06,200.0
2026-09-16T13:30Z,130.81,105.18,0.01,127.86,126.39,133.13,131.92,,128.93,130.449997,132.87,17.16,207.49
2026-09-16T13:45Z,132.92,95.38,0.01,128.56,126.41,136.3,134.53,,129.64,132.009995,134.58,16.7,241.6
2026-09-16T14:00Z,131.37,106.0,0.01,128.48,126.98,133.66,132.44,190.04,129.2,131.559998,138.95,10.21,207.17
2026-09-16T14:15Z,143.56,106.01,0.28,139.28,137.06,146.94,137.0,,140.34,142.910004,145.31,13.99,211.4
2026-09-16T14:30Z,165.94,129.01,0.52,161.13,158.59,169.74,167.71,,162.28,165.25,159.56,16.37,210.12
2026-09-16T14:45Z,193.23,131.82,1.0,185.26,177.36,199.38,196.06,,186.38,191.029999,174.14,39.85,200.33
2026-09-16T15:00Z,182.98,146.26,1.08,178.21,173.45,186.51,184.66,209.49,179.4,182.679993,175.22,13.73,200.0
2026-09-16T15:15Z,204.21,147.97,1.95,197.22,189.85,209.73,206.77,,195.85,202.460007,178.41,35.08,220.0
2026-09-16T15:30Z,209.42,166.62,5.1,204.74,198.98,225.09,215.2,,196.71,206.720001,186.28,73.82,265.0
2026-09-16T15:45Z,222.95,196.86,6.07,220.52,216.92,239.94,228.96,,210.84,216.639999,199.14,79.79,280.2
2026-09-16T16:00Z,204.25,204.26,1.08,204.24,204.26,204.66,204.05,228.63,204.22,207.740005,194.22,58.83,245.82
2026-09-16T16:15Z,221.72,223.06,12.55,221.65,222.42,230.91,217.22,,221.13,220.110001,196.46,61.19,255.86
2026-09-16T16:30Z,234.98,236.31,38.55,235.04,235.62,237.95,232.68,,234.69,233.970001,199.31,66.87,268.06
2026-09-16T16:45Z,263.37,264.09,90.65,263.42,263.72,264.62,262.25,,263.23,262.700012,200.98,71.04,279.04
2026-09-16T17:00Z,237.97,239.16,90.0,238.34,238.62,239.94,236.12,255.52,237.71,237.0,202.96,80.13,268.06
2026-09-16T17:15Z,248.0,249.65,119.01,248.52,248.91,250.75,245.43,,247.63,246.919998,202.98,60.85,270.0
2026-09-16T17:30Z,262.56,263.85,130.0,262.97,263.27,264.7,260.56,,262.28,261.630005,202.99,65.05,279.04
2026-09-16T17:45Z,269.18,270.22,180.3,269.51,269.75,270.9,267.58,,268.96,268.420013,202.99,66.61,279.04
2026-09-16T18:00Z,264.58,264.58,180.0,264.58,264.58,264.58,264.58,227.41,264.58,264.269989,203.96,70.98,268.06
2026-09-16T18:15Z,248.79,248.79,194.24,248.79,248.79,248.79,248.79,,248.79,248.449997,204.75,73.74,268.06
2026-09-16T18:30Z,239.85,240.18,196.12,240.38,240.28,239.94,239.68,,234.31,238.309998,205.7,64.71,256.19
2026-09-16T18:45Z,234.43,234.75,196.18,234.94,234.85,234.52,234.26,,229.02,233.050003,205.72,39.17,252.97
2026-09-16T19:00Z,236.92,238.1,196.12,237.3,237.58,238.89,235.11,221.0,236.67,235.889999,202.93,86.2,265.0
2026-09-16T19:15Z,229.49,229.55,195.18,229.51,229.52,229.58,229.41,,229.48,229.119995,202.93,74.36,233.01
2026-09-16T19:30Z,215.47,215.47,194.24,215.47,215.47,215.47,215.47,,215.47,215.270004,202.94,50.48,215.47
2026-09-16T19:45Z,199.18,199.19,189.66,199.18,199.19,199.2,199.16,,199.18,202.770004,189.91,23.59,199.31
2026-09-16T20:00Z,213.99,216.07,174.73,216.34,216.13,219.92,205.23,207.98,192.68,196.089996,182.17,37.2,251.87
2026-09-16T20:15Z,201.4,203.25,168.99,202.87,202.96,209.5,198.08,,190.06,193.509995,180.86,26.1,225.5
2026-09-16T20:30Z,196.77,198.65,152.0,198.17,198.3,204.74,193.35,,186.4,189.669998,177.79,33.66,207.99
2026-09-16T20:45Z,191.0,191.97,150.0,191.81,191.83,191.93,189.58,,184.71,187.979996,176.55,28.93,202.48
2026-09-16T21:00Z,198.34,200.31,152.0,200.1,200.09,200.09,196.18,195.1,184.12,187.490005,174.97,13.75,223.96
2026-09-16T21:15Z,189.98,190.94,150.0,190.8,190.81,190.87,182.22,,183.5,186.860001,174.93,12.74,221.45
2026-09-16T21:30Z,184.25,184.91,135.0,184.69,184.75,184.98,178.08,,181.3,183.389999,173.84,10.45,203.6
2026-09-16T21:45Z,168.21,169.07,127.66,168.51,168.7,169.45,166.8,,168.06,167.809998,162.04,9.58,192.5
2026-09-16T22:00Z,199.33,188.57,188.57,199.44,197.58,200.66,158.18,180.1,181.699997,178.43,158.13,26.66,218.32
2026-09-16T22:15Z,186.44,177.0,177.0,186.78,185.08,187.67,154.01,,168.210007,165.18,160.01,17.63,225.92
2026-09-16T22:30Z,176.97,169.23,169.23,177.34,176.47,177.6,158.61,,166.940002,163.93,159.68,14.0,202.54
2026-09-16T22:45Z,171.32,160.0,160.0,171.05,169.98,172.08,165.08,,165.559998,162.57,158.88,15.4,192.08
2026-09-16T23:00Z,175.44,162.05,162.05,175.44,174.1,176.38,158.6,169.98,164.75,161.78,157.54,20.47,221.45
2026-09-16T23:15Z,170.27,155.38,155.38,169.75,168.39,171.22,158.6,,164.139999,163.02,157.41,15.27,197.88
2026-09-16T23:30Z,166.6,155.2,155.2,166.02,165.03,167.29,160.9,,163.850006,165.64,157.48,13.99,194.15
2026-09-16T23:45Z,163.99,151.33,151.33,163.14,162.09,164.72,160.74,,163.220001,160.37,157.13,13.99,187.48
2026-09-17T00:00Z,166.77,149.38,149.38,164.65,162.3,168.36,159.98,164.6,162.100006,165.06,156.59,14.0,197.5
2026-09-17T00:15Z,164.87,139.11,139.11,161.44,158.05,167.14,158.61,,161.860001,164.38,156.11,13.99,194.9
2026-09-17T00:30Z,164.94,130.01,130.01,160.3,155.7,168.03,158.61,,161.0,163.94,155.35,13.99,197.49
2026-09-17T00:45Z,165.37,126.0,126.0,160.14,154.95,168.85,159.98,,160.979996,163.92,155.32,13.99,192.51
2026-09-17T01:00Z,165.29,125.77,125.77,162.62,160.56,167.35,158.61,160.7,155.270004,158.11,149.02,15.42,197.57
2026-09-17T01:15Z,166.03,125.35,125.35,163.31,161.19,168.15,156.19,,155.399994,158.24,149.04,14.0,192.87
2026-09-17T01:30Z,165.3,125.35,125.35,160.52,155.07,168.98,156.9,,155.339996,158.18,149.1,14.0,197.57
2026-09-17T01:45Z,165.63,125.35,125.35,160.83,155.33,169.35,149.87,,155.369995,158.21,149.1,13.99,196.59
2026-09-17T02:00Z,164.56,125.77,125.77,159.79,154.59,168.02,156.33,160.0,155.550003,158.39,149.05,12.18,196.49
2026-09-17T02:15Z,165.29,126.05,126.05,160.34,155.12,168.76,155.83,,157.550003,160.43,151.0,13.99,196.73
2026-09-17T02:30Z,167.42,130.0,130.0,162.54,157.61,170.68,149.87,,161.75,164.7,155.01,15.97,196.14
2026-09-17T02:45Z,165.3,140.0,140.0,161.98,158.65,167.5,142.97,,161.679993,164.54,155.23,22.72,193.89
2026-09-17T03:00Z,158.03,132.06,132.06,156.27,154.1,160.13,141.14,166.6,156.639999,157.61,150.72,10.32,190.0
2026-09-17T03:15Z,159.86,135.0,135.0,156.8,153.69,164.22,149.41,,157.559998,158.88,151.76,34.87,194.5
2026-09-17T03:30Z,166.75,145.0,145.0,164.19,161.44,170.65,165.61,,163.270004,165.55,157.02,68.06,195.6
2026-09-17T03:45Z,175.4,150.0,150.0,172.81,169.37,178.97,174.87,,164.25,161.3,157.19,80.31,215.97
2026-09-17T04:00Z,172.47,165.75,165.75,170.82,170.77,185.0,181.19,197.06,164.309998,161.36,158.48,57.54,190.0
2026-09-17T04:15Z,194.74,185.5,185.5,192.3,191.92,237.94,214.54,,170.479996,167.42,162.72,85.26,251.87
2026-09-17T04:30Z,209.2,190.67,190.67,205.84,204.03,243.88,228.09,,177.929993,174.74,168.95,95.0,264.9
2026-09-17T04:45Z,219.99,192.25,192.25,216.01,212.71,242.17,236.26,,179.759995,176.54,169.81,89.99,293.23
2026-09-17T05:00Z,230.2,193.83,193.83,229.66,226.18,237.75,241.14,209.0,181.220001,184.56,170.2,95.0,250.68
2026-09-17T05:15Z,221.02,200.67,200.67,221.38,219.37,226.65,229.64,,180.429993,183.7,170.19,95.0,253.2
2026-09-17T05:30Z,210.96,210.2,210.2,212.42,212.21,214.26,216.76,,180.580002,183.8,171.26,98.89,268.06
2026-09-17T05:45Z,203.59,205.0,205.0,205.13,205.04,205.19,206.06,,181.779999,189.07,173.15,111.14,268.06
2026-09-17T06:00Z,215.92,215.92,215.92,215.92,215.92,215.92,215.92,198.04,215.919998,215.93,191.29,98.14,268.06
2026-09-17T06:15Z,204.59,204.95,204.95,205.11,205.03,204.7,204.48,,199.720001,203.38,190.72,95.0,268.06
2026-09-17T06:30Z,195.46,195.0,195.0,195.49,195.31,196.05,196.34,,193.190002,195.11,182.95,90.0,262.46
2026-09-17T06:45Z,177.83,175.0,175.0,176.94,176.24,180.3,182.04,,177.160004,178.63,174.47,106.37,241.42
2026-09-17T07:00Z,200.0,200.0,200.0,200.0,200.0,200.0,200.0,165.63,200.0,200.01,164.61,94.99,250.0
2026-09-17T07:15Z,178.9,180.0,180.0,179.33,179.57,181.12,175.64,,178.740005,178.39,157.55,110.8,234.75
2026-09-17T07:30Z,150.24,155.2,155.2,152.19,153.31,163.39,133.84,,149.449997,146.77,153.97,74.37,232.49
2026-09-17T07:45Z,124.42,124.86,124.86,124.6,124.7,126.94,122.21,,124.32,125.06,144.74,35.17,224.87
2026-09-17T08:00Z,145.92,153.72,119.34,148.93,150.69,158.57,124.4,163.67,144.860001,142.44,145.57,42.92,242.58
2026-09-17T08:15Z,125.69,122.55,101.6,127.37,127.84,156.45,111.92,,124.650002,122.94,137.47,38.11,237.6
2026-09-17T08:30Z,99.3,84.06,84.06,100.01,99.53,154.57,123.8,,98.5,97.88,117.96,27.8,221.7
2026-09-17T08:45Z,74.45,44.49,44.49,73.64,71.89,167.58,122.69,,73.949997,74.76,79.0,23.54,208.69
2026-09-17T09:00Z,69.57,25.2,25.2,68.04,65.19,151.6,113.4,157.68,68.57,69.83,71.14,36.76,218.01
2026-09-17T09:15Z,43.17,6.07,6.07,43.14,42.21,159.97,112.64,,43.110001,44.08,44.4,34.2,210.82
2026-09-17T09:30Z,19.12,1.52,1.52,29.85,37.72,175.5,112.36,,20.58,22.25,27.41,21.42,190.0
2026-09-17T09:45Z,7.2,1.08,1.08,22.97,35.01,185.31,117.48,,9.21,9.62,18.75,12.47,185.31
2026-09-17T10:00Z,17.53,1.0,1.0,38.45,53.75,181.7,100.68,140.0,19.9,21.51,57.03,22.86,190.0
2026-09-17T10:15Z,10.1,0.0,0.51,26.87,39.37,163.89,98.99,,12.69,12.93,56.58,14.25,185.0
2026-09-17T10:30Z,7.62,0.0,0.51,22.43,33.61,155.21,98.09,,10.04,10.56,59.59,11.71,184.48
2026-09-17T10:45Z,7.43,0.0,1.0,19.96,29.35,126.09,94.87,,9.6,9.79,47.32,11.34,183.36
2026-09-17T11:00Z,5.0,0.0,1.05,19.92,31.66,180.4,90.58,150.0,9.1,9.28,36.93,10.91,183.0
2026-09-17T11:15Z,2.12,0.0,1.08,24.99,33.1,168.54,90.57,,12.59,12.83,62.42,14.0,184.48
2026-09-17T11:30Z,0.42,0.0,1.08,29.78,33.84,155.21,88.5,,11.31,11.53,33.43,14.0,189.72
2026-09-17T11:45Z,0.1,0.0,1.08,32.52,33.14,125.83,69.51,,8.13,12.27,38.63,14.67,188.64
2026-09-17T12:00Z,3.97,0.0,1.08,33.19,36.32,150.0,81.17,150.0,6.68,6.82,37.45,9.08,184.51
2026-09-17T12:15Z,6.04,0.0,1.08,39.39,40.0,137.08,93.17,,7.26,7.96,45.86,10.01,190.6
2026-09-17T12:30Z,13.69,0.0,1.09,44.66,49.88,153.78,104.01,,13.8,17.23,48.13,19.47,194.69
2026-09-17T12:45Z,25.2,0.0,1.15,66.89,73.6,159.1,107.15,,25.219999,26.2,71.45,27.91,188.64
2026-09-17T13:00Z,10.0,1.5,1.5,54.3,51.78,130.43,109.2,157.1,6.04,10.6,71.4,8.55,191.41
2026-09-17T13:15Z,23.24,2.81,2.81,80.0,80.0,160.53,108.04,,19.030001,23.82,91.17,19.14,196.05
2026-09-17T13:30Z,42.54,9.48,9.48,97.31,102.17,157.17,108.04,,39.759998,42.99,105.59,38.48,194.1
2026-09-17T13:45Z,49.01,13.21,13.21,111.19,117.18,200.0,108.05,,45.91,49.01,117.91,45.96,200.0
2026-09-17T14:00Z,27.41,12.55,12.55,69.42,67.26,94.18,122.52,165.3,23.24,26.56,82.64,18.6,190.0
2026-09-17T14:15Z,51.65,24.0,24.0,105.91,110.88,177.28,107.12,,48.009998,52.41,113.76,34.46,191.4
2026-09-17T14:30Z,101.03,37.85,37.85,135.0,158.88,190.78,125.03,,101.769997,101.5,124.71,63.82,190.78
2026-09-17T14:45Z,117.35,45.05,45.05,149.27,171.2,219.62,155.75,,117.349998,118.29,132.67,81.57,219.62
2026-09-17T15:00Z,97.67,66.47,66.47,120.63,135.28,187.22,179.37,178.05,99.599998,101.42,136.55,67.17,187.22
2026-09-17T15:15Z,135.5,90.3,90.3,163.44,183.35,230.9,206.5,,117.510002,137.31,143.81,95.0,227.37
2026-09-17T15:30Z,163.74,108.3,108.3,181.8,195.15,245.0,219.2,,115.0,154.14,151.18,101.07,245.0
2026-09-17T15:45Z,208.99,125.1,125.1,203.25,196.4,257.0,235.03,,104.169998,178.36,156.15,124.25,257.0
2026-09-17T16:00Z,181.97,125.35,125.35,180.0,175.59,234.41,241.35,187.1,167.610001,179.72,157.83,109.36,234.54
2026-09-17T16:15Z,197.33,163.93,160.0,200.1,197.09,248.29,264.1,,160.300003,172.96,164.09,119.0,249.73
2026-09-17T16:30Z,205.66,199.24,189.87,211.09,210.32,257.56,271.6,,167.779999,178.11,167.51,123.91,257.56
2026-09-17T16:45Z,208.99,211.67,210.2,214.89,215.1,260.11,305.72,,142.660004,173.93,169.75,125.4,268.06
2026-09-17T17:00Z,210.17,181.0,181.0,211.0,208.86,259.56,288.38,207.6,198.199997,201.85,175.67,130.66,259.83
2026-09-17T17:15Z,211.58,200.51,200.51,215.79,214.85,260.38,344.58,,195.369995,198.96,176.49,128.94,268.06
2026-09-17T17:30Z,213.42,219.14,219.14,220.02,220.55,260.98,366.14,,193.300003,196.86,176.86,129.61,279.04
2026-09-17T17:45Z,232.7,244.11,244.11,242.2,242.65,269.25,346.61,,188.550003,192.02,176.46,129.86,279.04
2026-09-17T18:00Z,216.09,224.55,224.55,221.28,222.4,252.88,335.6,214.37,205.839996,209.63,181.52,128.77,268.06
2026-09-17T18:15Z,215.16,221.63,221.63,219.52,220.21,241.15,298.72,,202.820007,206.57,181.58,125.29,268.06
2026-09-17T18:30Z,216.64,222.52,222.52,221.42,221.71,235.92,276.68,,196.020004,199.64,181.36,125.42,251.87
2026-09-17T18:45Z,214.98,219.44,219.44,219.26,219.19,222.86,231.6,,190.279999,193.81,179.97,116.63,247.89
2026-09-17T19:00Z,219.05,222.87,226.0,223.24,222.96,222.01,218.03,200.0,191.880005,193.07,180.94,127.16,263.1
2026-09-17T19:15Z,210.72,215.66,225.0,214.74,214.97,227.5,205.2,,189.309998,185.91,179.18,114.57,237.6
2026-09-17T19:30Z,204.19,207.61,213.61,207.07,207.21,218.49,200.16,,188.419998,185.03,178.88,90.0,218.49
2026-09-17T19:45Z,188.96,193.19,209.86,190.75,191.66,214.31,179.88,,186.669998,183.32,178.81,83.0,214.31
2026-09-17T20:00Z,199.0,201.96,210.2,201.98,201.88,206.55,192.23,195.1,179.460007,176.23,170.17,89.99,238.68
2026-09-17T20:15Z,191.64,193.64,201.12,193.63,193.56,193.4,168.72,,178.669998,175.46,170.11,84.28,214.56
2026-09-17T20:30Z,194.99,197.25,199.0,197.57,197.36,196.68,189.87,,176.839996,173.66,167.78,45.82,200.0
2026-09-17T20:45Z,187.88,190.16,192.53,190.1,190.04,189.93,175.67,,173.589996,170.46,165.26,36.5,198.82
2026-09-17T21:00Z,186.23,189.58,193.83,189.25,189.25,189.28,183.58,177.6,165.970001,162.98,157.74,52.35,208.69
2026-09-17T21:15Z,184.76,187.89,191.88,187.59,187.6,187.6,158.6,,165.679993,162.7,157.6,41.42,209.56
2026-09-17T21:30Z,179.29,182.0,190.0,181.55,181.63,181.93,139.96,,164.910004,161.94,157.4,38.09,213.75
2026-09-17T21:45Z,167.18,168.41,185.0,167.95,168.09,168.63,129.81,,163.550003,160.6,157.3,36.26,200.0
2026-09-17T22:00Z,148.62,158.01,190.67,153.25,154.93,200.0,130.1,175.8,132.1,139.910004,137.26,34.53,208.16
2026-09-17T22:15Z,142.08,151.53,190.67,145.63,147.78,200.98,120.91,,137.63,135.149994,136.76,33.19,208.18
2026-09-17T22:30Z,134.81,142.33,184.25,137.6,139.31,176.91,119.34,,132.1,129.710007,132.63,29.14,191.93
2026-09-17T22:45Z,131.43,138.01,183.18,133.83,135.34,167.1,118.21,,129.64,127.129997,129.39,29.53,184.69
2026-09-17T23:00Z,135.96,142.68,182.24,138.64,140.08,166.83,124.52,169.0,132.13,131.520004,127.44,29.06,191.08
2026-09-17T23:15Z,130.24,137.1,180.5,132.79,134.35,164.43,117.69,,128.21,125.900002,124.53,31.75,186.26
2026-09-17T23:30Z,127.5,135.62,179.94,130.57,132.41,174.0,110.81,,124.09,121.849998,120.52,32.37,188.14
2026-09-17T23:45Z,128.07,136.2,179.5,131.14,132.98,173.12,111.82,,124.76,122.510002,121.18,32.55,190.08
2026-09-18T00:00Z,126.68,134.63,179.5,129.68,131.48,167.38,111.82,169.3,123.65,121.419998,120.11,28.96,191.93
2026-09-18T00:15Z,125.54,133.97,179.5,128.74,130.65,171.98,108.77,,121.91,119.709999,118.41,29.91,191.93
2026-09-18T00:30Z,132.78,140.83,179.0,136.09,137.82,179.0,116.25,,126.03,126.5,121.62,32.33,190.49
2026-09-18T00:45Z,133.02,140.74,178.0,136.39,137.95,172.39,118.73,,124.62,126.900002,120.03,34.6,190.49
2026-09-18T01:00Z,128.71,134.98,178.4,131.09,132.5,157.48,118.58,165.0,126.7,125.029999,126.43,28.7,197.8
2026-09-18T01:15Z,129.52,136.9,175.9,132.3,133.98,167.05,116.4,,122.61,124.970001,126.76,32.15,199.98
2026-09-18T01:30Z,129.9,136.81,175.9,133.24,135.29,169.99,115.72,,117.67,125.040001,126.23,32.35,197.35
2026-09-18T01:45Z,132.57,133.07,174.54,139.1,143.31,180.55,114.49,,111.1,126.970001,126.57,35.04,197.63
2026-09-18T02:00Z,128.05,135.48,172.99,130.85,132.55,168.35,113.75,169.3,123.48,123.339996,122.26,29.6,200.54
2026-09-18T02:15Z,131.76,137.63,170.88,135.43,137.72,174.32,116.39,,117.59,126.82,125.83,29.57,195.55
2026-09-18T02:30Z,130.27,137.01,170.79,132.82,134.35,163.28,118.41,,113.11,126.209999,124.7,35.04,196.07
2026-09-18T02:45Z,134.34,141.1,171.71,136.97,138.47,165.06,123.21,,113.51,130.289993,127.98,37.21,195.61
2026-09-18T03:00Z,138.82,146.09,174.0,141.83,143.38,173.43,127.38,180.1,112.97,134.050003,130.01,27.24,196.44
2026-09-18T03:15Z,138.32,144.85,175.9,141.03,142.42,166.54,128.82,,110.7,134.199997,130.07,35.04,192.06
2026-09-18T03:30Z,148.74,156.01,178.4,152.48,153.72,178.09,139.11,,115.78,140.240005,131.14,41.39,202.7
2026-09-18T03:45Z,160.69,167.96,179.5,165.22,166.12,186.87,152.14,,120.53,140.270004,133.47,50.11,208.52
2026-09-18T04:00Z,173.0,180.7,180.7,177.69,178.99,209.89,158.23,192.34,132.0,163.369995,139.37,36.35,196.64
2026-09-18T04:15Z,181.67,188.16,188.16,187.14,187.39,226.62,163.47,,132.02,169.809998,141.0,51.06,226.3
2026-09-18T04:30Z,187.86,190.67,190.67,194.5,194.1,242.96,165.21,,132.02,173.690002,141.59,79.99,238.62
2026-09-18T04:45Z,201.49,199.0,199.0,210.04,208.47,258.71,177.49,,124.32,184.520004,142.23,80.0,255.87
2026-09-18T05:00Z,207.0,199.25,199.25,217.02,214.08,243.84,188.18,204.0,158.46,189.449997,146.75,68.84,243.84
2026-09-18T05:15Z,217.56,207.4,207.4,228.46,224.71,242.99,204.56,,160.21,198.899994,147.0,80.49,240.16
2026-09-18T05:30Z,213.62,210.53,210.53,225.72,227.72,248.0,198.1,,159.61,195.179993,146.99,85.0,248.0
2026-09-18T05:45Z,207.24,216.8,216.8,215.66,216.8,245.1,192.65,,158.69,190.270004,146.99,86.91,248.0
2026-09-18T06:00Z,221.78,228.78,228.78,229.85,229.11,235.28,191.71,198.49,170.23,206.350006,157.54,84.99,258.36
2026-09-18T06:15Z,207.62,211.85,211.85,213.62,212.83,210.98,175.78,,168.04,196.389999,157.1,83.39,248.0
2026-09-18T06:30Z,203.33,207.4,207.4,208.94,208.23,207.3,155.1,,166.48,192.800003,156.0,80.0,242.73
2026-09-18T06:45Z,187.27,189.67,189.67,190.86,190.36,188.41,129.0,,163.35,180.570007,154.86,79.34,237.69
2026-09-18T07:00Z,204.35,209.4,209.4,210.77,210.3,206.46,133.96,180.1,160.33,179.429993,149.35,85.0,240.78
2026-09-18T07:15Z,181.26,182.22,182.22,182.47,182.39,181.66,108.61,,172.84,178.960007,143.58,84.99,241.5
2026-09-18T07:30Z,150.0,150.0,150.0,150.0,150.0,150.0,107.24,,150.0,149.779999,139.57,80.0,235.0
2026-09-18T07:45Z,114.83,114.83,114.83,114.83,114.83,114.83,114.83,,114.83,115.040001,135.33,74.09,222.92
2026-09-18T08:00Z,135.33,156.37,109.14,128.57,166.0,192.53,107.24,158.38,132.04,130.330002,135.59,93.5,257.25
2026-09-18T08:15Z,110.0,110.0,92.55,110.0,110.0,110.0,110.0,,110.0,109.989998,127.4,63.58,234.86
2026-09-18T08:30Z,83.5,83.5,45.0,83.5,83.5,83.5,83.5,,83.5,83.489998,95.13,44.63,224.87
2026-09-18T08:45Z,55.06,55.06,20.01,55.06,55.06,55.06,55.06,,55.06,55.049999,56.76,24.93,203.02
2026-09-18T09:00Z,70.83,70.83,12.01,70.83,70.83,70.83,70.83,153.55,70.83,70.830002,73.26,60.7,218.15
2026-09-18T09:15Z,48.15,58.27,1.5,43.52,66.52,50.37,49.36,,47.11,47.84,48.47,45.62,206.3
2026-09-18T09:30Z,36.32,36.32,1.1,36.32,36.32,36.32,36.32,,36.32,36.32,37.31,34.11,192.26
2026-09-18T09:45Z,14.31,28.0,1.08,9.32,36.23,45.92,26.71,,13.2,11.06,31.64,10.53,191.19
2026-09-18T10:00Z,14.62,18.87,1.08,13.16,20.47,37.9,23.46,151.62,14.55,17.9,10.1,22.0,195.35
2026-09-18T10:15Z,5.82,6.34,1.08,4.52,9.17,28.46,17.53,,5.61,5.9,6.79,13.55,182.82
2026-09-18T10:30Z,3.52,3.52,1.08,2.59,5.7,21.23,12.67,,3.4,4.91,4.49,10.01,191.13
2026-09-18T10:45Z,1.08,1.08,1.08,1.0,1.8,17.79,10.32,,1.08,4.91,2.04,8.7,181.5
2026-09-18T11:00Z,0.5,0.5,0.5,0.42,6.13,24.15,12.41,149.62,0.51,4.92,1.47,8.86,181.5
2026-09-18T11:15Z,0.04,0.04,0.04,0.04,4.83,22.24,11.22,,0.18,4.93,1.11,9.47,177.28
2026-09-18T11:30Z,0.01,0.01,0.01,0.01,5.32,23.83,12.0,,0.14,4.93,1.07,9.18,191.0
2026-09-18T11:45Z,0.0,0.0,0.0,0.0,5.13,23.38,11.77,,0.14,4.92,1.17,8.87,190.62
2026-09-18T12:00Z,0.0,0.0,0.0,0.0,16.92,36.46,32.75,99.81,0.44,4.95,1.24,8.86,181.5
2026-09-18T12:15Z,0.0,0.0,0.0,0.0,18.22,41.25,47.2,,0.14,4.94,1.38,9.94,186.0
2026-09-18T12:30Z,0.0,0.0,0.0,0.0,18.6,40.75,92.12,,0.14,4.93,1.24,10.0,191.93
2026-09-18T12:45Z,0.01,0.0,0.0,0.01,26.34,59.03,99.91,,0.15,4.94,2.92,9.03,184.79
2026-09-18T13:00Z,0.07,0.0,0.0,0.21,0.38,16.66,95.32,53.71,0.22,3.99,2.92,7.23,197.35
2026-09-18T13:15Z,1.94,0.0,0.0,2.08,2.33,46.41,99.9,,2.03,4.91,3.47,8.24,199.53
2026-09-18T13:30Z,4.15,0.0,0.0,4.04,4.15,62.34,112.6,,3.98,4.94,10.04,10.94,222.92
2026-09-18T13:45Z,5.97,0.0,0.0,5.97,6.38,112.07,133.0,,5.6,7.62,18.35,18.22,252.2
2026-09-18T14:00Z,3.88,0.0,0.0,4.94,16.45,66.88,170.51,160.0,3.56,5.89,24.26,6.75,222.92
2026-09-18T14:15Z,9.28,0.0,0.0,9.28,9.75,123.54,123.77,,9.1,10.84,28.85,10.01,225.0
2026-09-18T14:30Z,48.23,0.14,0.14,46.63,63.59,209.22,147.1,,46.63,47.48,59.81,46.67,235.0
2026-09-18T14:45Z,61.63,1.08,1.08,61.29,61.63,223.16,190.64,,59.09,60.169998,67.95,59.75,231.04
2026-09-18T15:00Z,30.0,13.01,13.01,31.97,32.01,155.1,179.39,180.1,30.15,30.950001,65.97,23.67,198.0
2026-09-18T15:15Z,67.3,20.01,20.01,65.69,64.31,205.48,212.43,,65.69,66.870003,83.05,46.89,214.77
2026-09-18T15:30Z,129.39,41.78,41.78,120.13,116.25,232.0,218.7,,120.27,128.970001,98.65,67.41,252.2
2026-09-18T15:45Z,164.97,90.0,90.0,158.21,154.15,259.36,207.09,,131.8,140.240005,129.7,64.66,277.23
2026-09-18T16:00Z,149.46,85.0,85.0,142.55,135.57,228.87,180.71,195.02,132.03,140.279999,134.49,52.92,230.4
2026-09-18T16:15Z,172.5,132.25,109.14,171.28,166.57,242.96,190.25,,141.78,151.139999,135.2,49.26,241.14
2026-09-18T16:30Z,191.15,194.34,134.5,198.57,198.45,242.99,238.72,,140.94,171.690002,136.0,46.57,243.25
2026-09-18T16:45Z,207.29,220.42,180.0,217.58,218.22,255.44,284.68,,138.05,171.460007,136.5,41.39,260.0
2026-09-18T17:00Z,189.3,167.0,167.0,193.4,183.16,248.0,256.63,198.66,149.27,176.520004,141.01,54.21,248.0
2026-09-18T17:15Z,186.45,183.33,183.33,193.29,189.31,262.66,279.65,,147.32,173.559998,141.34,52.17,262.66
2026-09-18T17:30Z,189.82,196.42,196.42,198.29,197.36,261.62,305.47,,147.57,177.460007,141.38,40.11,268.06
2026-09-18T17:45Z,205.31,217.28,217.28,214.62,215.28,261.8,279.77,,147.81,190.699997,140.75,32.97,264.88
2026-09-18T18:00Z,200.57,207.4,207.4,206.59,206.78,228.3,287.36,202.84,154.09,168.220001,145.37,57.42,248.64
2026-09-18T18:15Z,198.19,207.4,207.4,204.67,205.44,231.9,281.05,,153.87,156.690002,144.56,38.84,248.0
2026-09-18T18:30Z,191.41,200.81,200.81,197.85,198.66,231.93,228.85,,148.42,156.220001,144.23,32.16,248.0
2026-09-18T18:45Z,189.78,196.21,196.21,194.9,195.15,215.76,179.37,,147.62,150.320007,143.66,19.61,237.62
2026-09-18T19:00Z,189.0,195.47,195.47,193.3,193.79,237.87,203.68,191.0,142.28,144.880005,138.51,40.93,239.82
2026-09-18T19:15Z,184.75,191.54,191.54,190.1,190.4,211.0,174.44,,141.92,144.509995,138.16,36.42,241.51
2026-09-18T19:30Z,174.98,182.17,182.17,180.18,180.77,197.57,164.66,,140.81,143.389999,136.85,23.55,217.51
2026-09-18T19:45Z,164.99,173.64,178.1,169.92,171.21,205.38,147.92,,142.77,145.380005,136.22,18.03,221.16
2026-09-18T20:00Z,172.86,181.3,181.3,179.26,179.84,198.93,161.53,187.0,135.01,137.479996,134.38,25.41,252.2
2026-09-18T20:15Z,169.16,178.03,178.03,175.59,176.32,200.42,156.0,,132.76,135.190002,132.77,20.35,217.98
2026-09-18T20:30Z,164.99,172.58,172.58,170.66,171.21,187.86,154.85,,132.06,134.470001,132.43,14.03,207.82
2026-09-18T20:45Z,145.72,152.97,152.97,149.85,150.91,172.82,133.46,,129.58,131.949997,132.01,11.38,197.32
2026-09-18T21:00Z,157.35,165.84,170.36,163.51,164.19,185.2,145.37,180.1,122.54,124.790001,122.38,16.11,208.7
2026-09-18T21:15Z,139.85,149.04,164.02,145.16,146.47,180.0,123.17,,118.23,120.389999,119.66,14.0,217.0
2026-09-18T21:30Z,130.39,140.61,152.0,135.62,137.36,181.62,109.64,,114.24,116.330002,116.29,10.98,205.0
2026-09-18T21:45Z,111.0,122.86,150.0,116.29,118.64,174.41,120.6,,100.95,102.790001,104.24,8.71,200.0
2026-09-18T22:00Z,132.52,144.89,179.16,138.54,140.58,221.45,190.81,172.09,68.1,69.339996,43.85,13.42,221.45
2026-09-18T22:15Z,117.76,132.57,179.16,124.64,127.22,225.16,161.96,,48.01,48.869999,40.62,10.98,225.16
2026-09-18T22:30Z,97.43,112.13,179.16,103.07,106.03,216.08,143.95,,43.25,44.029999,39.9,10.0,216.08
2026-09-18T22:45Z,65.83,81.14,177.89,69.69,73.49,210.9,154.0,,39.56,40.27,39.1,9.72,210.9
2026-09-18T23:00Z,96.05,110.55,179.16,103.38,105.36,224.0,147.02,169.39,37.11,37.779999,32.05,8.65,224.0
2026-09-18T23:15Z,82.44,96.62,176.8,88.56,90.9,214.67,158.6,,30.13,30.67,29.78,7.58,214.67
2026-09-18T23:30Z,79.18,94.72,175.2,86.42,88.87,210.03,167.97,,28.51,29.02,22.83,5.89,210.03
2026-09-18T23:45Z,60.43,76.14,170.21,66.13,69.24,203.09,167.97,,23.85,24.290001,19.23,5.0,203.09
2026-09-19T00:00Z,73.77,90.46,175.0,81.17,83.96,219.92,154.27,165.71,25.44,25.9,19.26,5.07,219.92
2026-09-19T00:15Z,62.38,79.0,171.39,68.9,72.0,214.0,144.51,,16.47,16.76,17.19,4.02,214.0
2026-09-19T00:30Z,52.75,68.56,170.21,57.86,61.18,211.0,148.92,,16.53,16.83,15.66,3.12,211.0
2026-09-19T00:45Z,48.02,63.16,170.21,51.35,55.21,206.94,148.46,,12.52,12.75,12.67,2.66,206.94
2026-09-19T01:00Z,45.15,60.85,170.0,47.25,51.59,210.9,149.41,160.1,6.69,6.8,16.65,3.92,214.0
2026-09-19T01:15Z,32.75,43.73,170.0,32.75,36.82,202.92,149.21,,6.99,7.11,15.01,3.15,211.81
2026-09-19T01:30Z,26.48,33.84,170.0,26.56,29.99,182.5,152.7,,7.17,7.3,13.51,3.11,195.0
2026-09-19T01:45Z,23.16,28.37,170.0,23.16,26.38,180.0,152.7,,5.79,5.89,12.84,3.12,191.5
2026-09-19T02:00Z,33.57,46.01,170.21,34.2,38.23,192.81,150.29,156.41,5.74,5.84,15.47,3.18,192.81
2026-09-19T02:15Z,36.04,48.75,170.21,36.68,40.75,198.04,162.19,,5.58,5.67,15.59,3.42,198.04
2026-09-19T02:30Z,36.9,45.46,175.4,36.9,40.6,210.9,153.68,,5.5,5.6,14.92,3.53,210.9
2026-09-19T02:45Z,36.66,40.76,175.4,36.66,39.78,210.9,153.68,,5.07,5.16,14.34,3.32,210.9
2026-09-19T03:00Z,34.79,45.03,175.4,34.79,38.76,210.9,151.32,165.69,5.34,5.44,11.14,2.8,219.25
2026-09-19T03:15Z,34.41,44.42,175.9,34.41,38.38,210.9,144.56,,4.9,4.99,11.46,2.98,221.45
2026-09-19T03:30Z,34.03,43.69,177.99,33.96,37.89,211.0,155.76,,4.93,5.02,11.15,3.1,221.45
2026-09-19T03:45Z,39.94,55.28,170.21,40.3,44.91,218.88,144.51,,4.9,4.99,12.02,3.1,237.0
2026-09-19T04:00Z,40.74,51.76,179.16,43.77,46.01,204.99,145.44,169.36,5.07,5.16,12.51,3.28,226.76
2026-09-19T04:15Z,46.66,58.11,180.0,50.24,52.44,215.63,155.34,,5.55,5.65,12.82,3.79,227.79
2026-09-19T04:30Z,40.08,52.43,180.1,43.46,46.0,222.53,154.77,,5.48,5.57,12.91,3.9,242.67
2026-09-19T04:45Z,43.47,56.57,185.6,47.39,50.0,231.22,153.89,,5.55,5.65,12.93,3.92,246.59
2026-09-19T05:00Z,41.38,56.08,186.04,45.96,48.91,242.53,156.1,171.16,7.92,8.06,13.55,5.0,242.53
2026-09-19T05:15Z,41.99,56.35,187.5,46.46,49.34,238.91,151.68,,6.7,6.82,13.56,4.88,238.91
2026-09-19T05:30Z,45.07,57.67,188.76,48.9,51.42,229.07,146.58,,5.58,5.68,13.68,4.64,229.07
2026-09-19T05:45Z,40.1,49.21,189.24,42.99,44.77,174.22,141.8,,5.57,5.67,13.55,4.36,208.89
2026-09-19T06:00Z,47.71,58.08,189.24,51.53,53.55,239.91,125.17,156.4,6.67,6.79,16.05,5.72,231.92
2026-09-19T06:15Z,36.53,38.94,187.18,37.83,38.94,210.94,118.31,,5.74,5.84,15.8,4.69,210.94
2026-09-19T06:30Z,27.96,33.77,175.4,30.32,31.24,152.03,115.55,,5.52,5.62,15.47,4.48,180.64
2026-09-19T06:45Z,11.8,12.34,124.16,11.92,12.05,19.04,88.02,,10.11,10.29,12.9,3.57,179.64
2026-09-19T07:00Z,16.9,29.34,128.2,25.0,27.02,111.12,63.3,153.23,15.89,16.18,16.65,4.94,180.02
2026-09-19T07:15Z,6.55,9.32,95.4,9.97,9.97,15.18,10.07,,5.83,4.98,13.07,3.76,175.27
2026-09-19T07:30Z,2.74,3.98,38.55,4.42,3.98,10.29,5.73,,2.49,3.02,11.76,2.02,192.81
2026-09-19T07:45Z,0.01,0.72,1.08,0.12,0.3,9.92,3.86,,0.09,1.28,10.02,0.27,192.3
2026-09-19T08:00Z,0.1,0.51,0.51,0.23,0.3,7.42,2.9,13.31,0.24,1.6,7.4,0.93,240.0
2026-09-19T08:15Z,0.0,0.23,0.23,0.11,0.13,5.71,2.13,,0.13,1.2,5.64,0.69,220.8
2026-09-19T08:30Z,-0.03,0.0,0.0,0.0,0.01,3.13,1.15,,0.03,0.14,3.03,0.0,215.72
2026-09-19T08:45Z,-0.09,0.0,0.0,-0.01,0.02,5.07,0.46,,-0.04,0.13,2.96,0.0,187.67
2026-09-19T09:00Z,-0.13,-0.01,-0.01,-0.01,0.03,7.02,0.1,26.4,-0.01,0.46,3.92,0.07,191.5
2026-09-19T09:15Z,-0.16,-0.01,-0.01,-0.03,0.01,7.01,0.01,,-0.04,0.4,3.86,0.0,179.38
2026-09-19T09:30Z,-0.21,-0.01,-0.01,-0.07,-0.02,6.9,0.0,,-0.08,0.38,3.64,0.0,168.46
2026-09-19T09:45Z,-0.74,-0.02,-0.02,-0.55,-0.39,6.24,-0.11,,-0.59,0.35,2.62,-0.01,163.94
2026-09-19T10:00Z,-0.78,-0.11,-0.11,-0.61,-0.45,5.67,-0.25,5.81,-0.1,-0.01,0.65,-0.74,110.0
2026-09-19T10:15Z,-0.65,-0.11,-0.11,-0.51,-0.39,4.46,-0.33,,-0.19,-0.01,0.45,-0.75,90.0
2026-09-19T10:30Z,-0.71,-0.11,-0.11,-0.56,-0.42,4.99,-0.33,,-0.16,-0.09,0.49,-0.75,66.0
2026-09-19T10:45Z,-0.86,-0.3,-0.3,-0.72,-0.59,4.54,-0.33,,-0.31,-0.21,0.26,-0.84,110.0
2026-09-19T11:00Z,-1.01,-0.7,-0.7,-0.92,-0.85,2.3,0.0,1.1,-0.07,-0.07,0.85,-1.66,88.6
2026-09-19T11:15Z,-1.06,-0.82,-0.82,-0.99,-0.94,1.61,0.0,,-0.08,-0.09,0.41,-1.71,80.0
2026-09-19T11:30Z,-1.34,-1.06,-1.0,-1.26,-1.2,1.74,-0.02,,-0.09,-0.09,0.32,-1.99,89.31
2026-09-19T11:45Z,-1.62,-1.29,-1.0,-1.52,-1.45,1.98,-0.07,,-0.09,-0.1,0.27,-2.28,78.0
2026-09-19T12:00Z,-1.27,-1.0,-1.0,-1.22,-1.15,1.38,0.0,0.26,-1.23,-1.07,0.2,-1.97,106.0
2026-09-19T12:15Z,-1.26,-1.0,-1.0,-1.21,-1.15,1.38,0.0,,-1.22,-1.06,0.32,-1.99,106.0
2026-09-19T12:30Z,-1.21,-0.91,-0.91,-1.15,-1.08,1.7,0.18,,-1.14,-0.94,0.55,-1.86,106.0
2026-09-19T12:45Z,-1.46,-0.78,-0.78,-1.32,-1.16,4.53,1.58,,-1.08,-0.1,0.76,-2.19,103.79
2026-09-19T13:00Z,-1.85,-0.5,-0.5,-1.43,-1.16,2.26,1.92,2.0,-1.67,-1.48,-0.04,-2.5,125.18
2026-09-19T13:15Z,-1.5,-0.19,-0.19,-1.09,-0.82,2.44,2.14,,-1.18,-1.12,0.13,-2.14,133.78
2026-09-19T13:30Z,-1.43,-0.11,-0.11,-0.9,-0.68,4.5,3.43,,-0.98,-0.88,0.82,-1.97,150.0
2026-09-19T13:45Z,-1.94,-0.09,-0.09,-0.19,0.41,32.93,25.63,,-0.17,0.78,0.77,-0.97,159.71
2026-09-19T14:00Z,-0.1,-0.1,-0.1,-0.1,0.07,16.48,5.92,143.61,-0.09,1.19,14.19,-0.29,156.4
2026-09-19T14:15Z,-0.07,-0.07,-0.07,-0.01,1.68,116.03,51.09,,-0.02,1.62,16.01,0.0,169.16
2026-09-19T14:30Z,-0.01,-0.01,-0.01,-0.1,1.71,156.44,94.02,,0.11,2.43,16.68,0.82,196.04
2026-09-19T14:45Z,0.0,-0.01,-0.01,-0.01,0.0,186.31,109.15,,0.12,3.81,18.71,1.77,218.8
2026-09-19T15:00Z,0.0,-0.01,-0.01,0.42,2.04,123.62,136.22,174.8,0.1,3.08,17.0,1.5,180.59
2026-09-19T15:15Z,0.0,0.0,0.0,0.63,1.64,157.64,184.85,,0.72,4.32,17.7,2.79,177.24
2026-09-19T15:30Z,8.2,0.51,0.51,8.2,9.02,160.39,184.85,,6.7,6.82,21.69,5.07,212.2
2026-09-19T15:45Z,25.0,2.51,2.51,25.0,24.0,210.9,184.85,,19.9,20.25,36.45,10.01,229.97
2026-09-19T16:00Z,30.0,19.17,15.01,30.57,30.92,185.22,194.91,180.49,27.82,28.33,24.0,8.95,237.0
2026-09-19T16:15Z,51.74,64.08,64.08,56.36,59.5,197.2,257.69,,48.99,49.869999,46.03,13.59,238.0
2026-09-19T16:30Z,79.66,94.5,94.5,86.74,89.19,229.48,290.79,,58.44,59.490002,58.14,17.94,237.0
2026-09-19T16:45Z,100.43,115.03,115.03,109.11,110.84,239.94,269.67,,64.71,65.879997,62.66,18.83,240.0
2026-09-19T17:00Z,99.98,115.0,115.0,108.34,110.36,235.66,224.48,180.49,66.97,68.18,65.87,16.69,235.66
2026-09-19T17:15Z,119.52,136.34,140.0,129.9,131.87,242.95,244.12,,75.02,76.379997,73.63,14.0,242.95
2026-09-19T17:30Z,129.37,149.32,177.28,141.82,144.24,248.0,286.0,,78.3,79.730003,76.69,12.59,248.0
2026-09-19T17:45Z,134.25,154.22,189.24,147.23,149.46,242.99,280.86,,78.62,80.050003,76.78,11.77,248.0
2026-09-19T18:00Z,133.07,147.94,190.58,140.24,142.85,223.36,282.73,178.09,82.26,83.760002,80.5,10.0,248.0
2026-09-19T18:15Z,119.19,134.32,196.46,125.41,128.42,217.57,216.13,,80.68,82.150002,79.91,9.5,240.0
2026-09-19T18:30Z,107.0,120.54,201.15,111.25,114.36,211.0,174.6,,80.01,81.470001,80.35,6.95,233.0
2026-09-19T18:45Z,99.94,110.84,201.15,102.13,105.0,199.94,139.57,,81.0,82.480003,82.11,5.24,229.5
2026-09-19T19:00Z,101.57,121.37,201.15,122.39,118.02,234.65,152.7,179.83,78.86,80.300003,83.18,5.0,234.65
2026-09-19T19:15Z,99.95,111.72,201.15,104.17,106.06,212.47,135.01,,83.17,84.690002,85.96,4.84,242.35
2026-09-19T19:30Z,91.05,107.12,196.5,103.87,102.84,196.16,173.31,,82.96,84.480003,85.74,4.78,229.0
2026-09-19T19:45Z,67.32,87.06,196.33,88.0,84.21,164.06,173.31,,60.35,61.279999,78.7,4.4,214.0
2026-09-19T20:00Z,88.87,103.17,193.5,93.03,96.28,211.0,152.24,178.09,64.75,65.93,48.03,3.8,250.0
2026-09-19T20:15Z,86.21,102.91,190.0,96.55,97.25,210.9,135.39,,61.61,62.740002,61.17,3.33,240.0
2026-09-19T20:30Z,83.64,102.44,188.76,98.6,97.61,207.63,125.59,,58.46,59.529999,57.96,3.03,216.44
2026-09-19T20:45Z,75.7,100.74,186.0,106.91,99.58,177.08,119.69,,55.51,56.52,55.95,2.7,214.0
2026-09-19T21:00Z,85.0,103.81,188.76,96.21,97.61,229.21,119.69,174.79,40.18,40.91,36.33,2.24,237.0
2026-09-19T21:15Z,80.0,98.49,187.5,93.0,93.24,211.0,113.51,,42.17,42.939999,39.32,1.8,212.74
2026-09-19T21:30Z,77.65,97.84,186.5,95.15,93.54,208.01,109.15,,40.01,40.740002,37.22,1.31,208.61
2026-09-19T21:45Z,70.82,89.06,184.24,84.12,84.12,193.11,99.12,,37.31,37.990002,34.88,0.8,200.0
2026-09-19T22:00Z,18.2,38.91,187.32,31.12,31.12,181.51,88.0,181.5,9.61,9.78,10.46,0.79,217.0
2026-09-19T22:15Z,16.37,39.31,186.76,35.0,32.79,177.04,113.15,,8.37,8.52,8.8,0.81,211.03
2026-09-19T22:30Z,14.99,36.87,185.0,31.83,30.27,171.13,113.15,,7.38,7.51,7.76,0.8,203.07
2026-09-19T22:45Z,13.61,33.78,185.0,26.83,26.66,165.84,113.15,,6.7,6.82,7.05,0.82,197.9
2026-09-19T23:00Z,14.85,40.7,186.76,37.58,37.58,176.63,109.49,180.38,6.29,6.4,6.23,0.91,202.81
2026-09-19T23:15Z,13.05,35.64,185.0,29.98,29.98,173.25,102.16,,6.66,6.78,6.6,0.84,211.8
2026-09-19T23:30Z,12.49,35.19,183.94,31.27,28.68,173.34,102.16,,6.41,6.52,6.35,0.92,218.96
2026-09-19T23:45Z,11.04,32.15,183.56,26.1,24.89,171.34,89.48,,5.6,5.7,5.55,0.8,220.43
2026-09-20T00:00Z,8.57,30.83,185.18,25.21,25.21,175.79,93.44,180.02,5.5,5.6,5.45,0.73,208.44
2026-09-20T00:15Z,11.25,32.73,185.0,25.61,25.61,178.78,99.04,,5.77,5.87,5.72,0.77,220.87
2026-09-20T00:30Z,12.2,32.93,184.3,26.07,26.07,178.69,91.62,,5.75,5.85,5.7,0.67,211.0
2026-09-20T00:45Z,8.0,28.67,184.24,21.74,21.74,171.5,92.37,,5.48,5.58,5.43,0.63,214.49
2026-09-20T01:00Z,8.19,28.29,184.24,20.82,21.26,163.88,91.62,178.79,5.52,5.62,5.67,0.67,205.0
2026-09-20T01:15Z,7.92,28.37,183.94,20.0,20.84,170.27,99.17,,5.36,5.46,5.58,0.65,214.74
2026-09-20T01:30Z,8.05,27.98,184.3,20.0,20.73,165.07,91.62,,5.53,5.63,5.75,0.68,208.15
2026-09-20T01:45Z,7.09,25.51,183.94,15.35,17.47,164.05,91.63,,5.27,5.37,5.49,0.64,211.91
2026-09-20T02:00Z,9.69,27.21,184.25,16.89,18.69,164.04,91.62,179.03,5.17,5.26,5.43,0.63,213.84
2026-09-20T02:15Z,8.95,24.79,184.24,12.56,15.71,163.62,91.62,,4.97,5.06,5.24,0.37,208.44
2026-09-20T02:30Z,8.75,23.69,183.94,9.97,14.1,164.02,91.63,,5.11,5.2,5.38,0.54,208.3
2026-09-20T02:45Z,8.6,23.11,183.94,8.6,13.21,164.08,93.0,,5.17,5.27,5.44,0.53,211.22
2026-09-20T03:00Z,10.12,27.35,183.6,18.61,19.49,164.03,100.19,178.6,4.32,4.99,4.52,0.48,203.03
2026-09-20T03:15Z,9.62,27.48,183.6,19.63,19.89,164.4,101.43,,4.84,4.99,5.09,0.57,205.0
2026-09-20T03:30Z,9.47,23.59,183.6,9.98,13.97,164.06,99.72,,4.63,4.99,4.86,0.54,210.45
2026-09-20T03:45Z,10.81,24.68,183.6,10.81,15.0,167.32,102.16,,5.0,5.09,5.3,0.7,209.3
2026-09-20T04:00Z,8.13,27.51,183.5,14.87,18.0,164.79,102.16,180.1,3.0,4.97,3.05,0.38,224.73
2026-09-20T04:15Z,8.96,30.91,183.5,21.17,22.33,168.66,102.16,,2.79,4.98,2.86,0.39,224.92
2026-09-20T04:30Z,10.37,31.69,180.1,23.94,23.94,164.02,102.22,,3.89,4.98,4.05,0.57,219.02
2026-09-20T04:45Z,12.55,33.31,183.22,25.83,25.83,164.01,104.99,,4.62,4.97,4.84,0.7,210.9
2026-09-20T05:00Z,11.51,33.43,183.94,25.57,25.57,212.22,106.97,179.4,6.44,6.55,6.76,0.98,212.22
2026-09-20T05:15Z,12.74,32.67,184.24,25.44,25.44,196.45,102.16,,6.67,6.79,6.95,1.02,196.45
2026-09-20T05:30Z,13.34,34.73,184.3,34.0,34.0,153.75,102.16,,6.16,6.27,6.53,0.96,170.5
2026-09-20T05:45Z,11.49,22.25,183.94,23.28,22.25,67.68,100.98,,6.49,6.6,7.08,1.14,164.85
2026-09-20T06:00Z,13.4,40.93,184.3,40.93,40.93,165.98,97.21,161.25,7.6,7.73,7.85,1.83,208.21
2026-09-20T06:15Z,12.51,20.4,180.0,28.3,22.66,27.14,94.0,,9.82,10.0,9.64,2.69,196.23
2026-09-20T06:30Z,8.34,10.61,166.0,13.14,11.38,10.61,85.26,,7.53,7.67,8.39,2.51,171.24
2026-09-20T06:45Z,5.12,5.12,115.05,5.12,5.12,5.12,57.21,,5.12,5.55,5.05,2.25,163.72
2026-09-20T07:00Z,8.15,8.98,93.5,9.97,9.29,8.47,64.99,142.77,7.84,7.36,8.21,2.47,162.94
2026-09-20T07:15Z,5.06,5.19,38.99,5.34,5.23,5.11,14.0,,5.02,4.54,7.96,2.26,159.2
2026-09-20T07:30Z,1.4,1.4,1.4,1.4,1.4,1.4,1.4,,1.4,1.81,1.33,1.36,170.68
2026-09-20T07:45Z,0.01,0.01,0.01,0.01,0.01,0.01,1.15,,0.03,1.05,-0.06,0.62,162.94
2026-09-20T08:00Z,0.01,0.01,0.01,0.01,0.01,0.01,0.01,15.9,0.02,0.37,-0.04,0.21,210.61
2026-09-20T08:15Z,0.0,0.0,0.0,0.0,0.0,0.0,0.0,,0.01,0.36,-0.05,0.2,178.03
2026-09-20T08:30Z,-0.01,-0.01,-0.01,-0.01,-0.01,0.01,0.0,,0.0,0.26,-0.02,0.14,174.92
2026-09-20T08:45Z,-0.04,-0.03,-0.03,-0.04,-0.04,0.02,-0.02,,-0.03,0.37,-0.01,0.21,159.99
2026-09-20T09:00Z,-0.04,-0.04,-0.19,-0.04,-0.04,0.01,-0.02,3.42,-0.01,1.03,-0.2,0.53,70.0
2026-09-20T09:15Z,-0.1,-0.09,-0.7,-0.1,-0.1,-0.03,-0.07,,-0.06,1.28,-0.27,0.82,67.0
2026-09-20T09:30Z,-0.12,-0.11,-0.7,-0.13,-0.11,-0.04,-0.09,,-0.08,1.09,-0.29,0.61,97.35
2026-09-20T09:45Z,-0.17,-0.11,-0.78,-0.23,-0.09,0.05,-0.09,,-0.13,1.1,-0.09,0.61,91.06
2026-09-20T10:00Z,-1.0,-0.23,-0.78,-2.0,0.11,0.29,-0.45,4.63,-0.99,0.51,-1.51,0.01,91.14
2026-09-20T10:15Z,-1.0,-0.23,-0.81,-2.0,0.1,0.29,-0.45,,-1.0,0.52,-1.27,0.01,83.25
2026-09-20T10:30Z,-1.05,-0.31,-0.8,-2.0,0.0,0.29,-0.48,,-1.04,0.51,-1.32,0.0,83.0
2026-09-20T10:45Z,-1.59,-0.81,-0.81,-2.49,-0.55,0.45,-0.73,,-1.55,0.49,-1.87,0.01,81.0
2026-09-20T11:00Z,-1.92,-1.0,-1.0,-3.03,-0.65,0.11,-1.06,-1.74,-1.31,0.46,-2.24,0.0,65.5
2026-09-20T11:15Z,-1.97,-1.06,-1.06,-3.06,-0.72,0.04,-1.12,,-1.33,0.49,-2.29,0.04,67.0
2026-09-20T11:30Z,-2.02,-1.14,-1.14,-3.06,-0.81,0.0,-1.16,,-1.33,0.61,-2.34,0.16,81.5
2026-09-20T11:45Z,-2.02,-1.11,-1.11,-3.06,-0.8,0.32,1.15,,-1.15,1.29,-2.36,0.9,67.4
2026-09-20T12:00Z,-1.94,-1.0,-1.0,-3.04,-0.76,0.41,1.15,-1.03,-1.03,1.27,-2.27,0.91,82.25
2026-09-20T12:15Z,-1.95,-1.0,-1.0,-3.04,-0.76,0.48,11.0,,-0.91,1.6,-2.28,1.25,83.0
2026-09-20T12:30Z,-1.94,-1.0,-1.0,-3.01,-0.77,0.53,40.0,,-0.9,1.59,-2.28,1.24,88.5
2026-09-20T12:45Z,-1.91,-1.0,-1.0,-2.94,-0.78,0.54,66.45,,-0.87,1.6,-2.24,1.25,96.12
2026-09-20T13:00Z,-1.56,-1.0,-1.0,-2.15,-0.92,0.91,16.99,11.96,-1.25,2.12,-0.09,1.73,66.0
2026-09-20T13:15Z,-1.39,-0.82,-0.82,-2.0,-0.72,0.8,48.99,,-0.81,2.17,-0.1,2.46,60.0
2026-09-20T13:30Z,-1.01,-0.8,-0.8,-1.14,-0.82,0.62,85.67,,-0.16,2.84,-0.09,2.51,71.61
2026-09-20T13:45Z,-1.0,-0.78,-0.78,-1.11,-0.83,1.15,85.67,,-0.06,3.12,0.06,3.25,90.0
2026-09-20T14:00Z,-0.18,-0.01,-0.5,-0.2,-0.12,4.08,90.84,78.52,-0.01,2.16,1.24,3.82,118.68
2026-09-20T14:15Z,-0.1,-0.01,-0.3,-0.24,-0.05,14.79,109.49,,0.0,3.81,10.19,5.27,132.33
2026-09-20T14:30Z,-0.08,0.0,-0.2,-0.92,0.12,110.03,109.49,,1.54,4.1,13.77,9.88,170.98
2026-09-20T14:45Z,-0.01,0.0,-0.01,-1.81,0.0,198.17,109.49,,2.44,5.0,14.35,10.94,200.0
2026-09-20T15:00Z,-0.03,7.0,-0.5,1.24,7.0,133.82,125.06,172.11,2.41,4.9,7.12,7.12,163.06
2026-09-20T15:15Z,0.0,18.8,-0.01,4.32,18.8,160.21,158.99,,4.32,4.92,15.79,15.79,176.61
2026-09-20T15:30Z,0.01,42.01,0.0,12.25,50.74,189.03,172.01,,5.32,6.16,22.78,22.78,204.89
2026-09-20T15:45Z,10.72,72.19,0.51,84.56,92.54,210.9,143.14,,11.26,27.719999,29.99,29.99,217.0
2026-09-20T16:00Z,15.13,70.23,1.44,59.74,90.9,185.0,143.84,192.18,9.07,11.04,11.04,11.04,220.0
2026-09-20T16:15Z,35.62,114.46,38.88,142.84,145.0,210.62,123.1,,18.66,19.99,19.99,19.99,210.62
2026-09-20T16:30Z,58.37,148.34,91.14,175.17,174.09,223.97,141.51,,32.79,52.5,33.01,33.01,219.0
2026-09-20T16:45Z,92.51,237.8,115.72,393.2,287.48,238.0,159.03,,39.46,75.279999,39.59,39.59,248.0
2026-09-20T17:00Z,61.64,162.96,150.0,182.71,198.35,211.0,113.61,197.42,24.97,48.619999,24.83,24.83,209.0
2026-09-20T17:15Z,79.14,230.0,184.3,213.22,291.65,230.0,131.52,,30.0,60.689999,29.74,29.74,230.0
2026-09-20T17:30Z,86.21,200.74,200.74,229.8,241.04,240.73,123.57,,43.85,68.099998,44.28,41.52,240.73
2026-09-20T17:45Z,102.24,225.57,225.57,246.27,270.85,242.98,123.29,,57.86,81.07,58.79,36.93,242.98
2026-09-20T18:00Z,86.69,198.9,198.9,230.1,239.99,233.02,141.15,192.59,44.67,71.480003,45.08,39.89,238.9
2026-09-20T18:15Z,88.42,200.74,200.74,231.32,243.55,211.0,132.15,,46.49,65.879997,47.17,35.42,238.51
2026-09-20T18:30Z,82.02,205.71,205.71,249.32,255.08,183.13,115.55,,34.49,35.119999,35.34,30.15,233.0
2026-09-20T18:45Z,89.48,200.74,200.74,253.87,247.6,132.87,109.49,,45.81,46.650002,47.05,26.26,223.11
2026-09-20T19:00Z,90.08,211.13,211.13,291.46,257.05,198.57,130.09,187.83,43.57,63.91,44.19,38.14,248.0
2026-09-20T19:15Z,79.26,200.99,200.99,239.1,248.69,187.3,118.57,,36.55,37.220001,37.49,34.38,248.0
2026-09-20T19:30Z,67.9,191.42,200.74,216.44,240.0,180.2,108.57,,26.0,26.6,26.6,26.6,219.92
2026-09-20T19:45Z,65.36,192.36,199.0,206.0,244.42,160.0,98.42,,23.74,24.27,24.27,24.27,208.28
2026-09-20T20:00Z,76.2,200.74,200.74,225.07,247.48,210.9,109.49,183.7,34.06,34.689999,34.93,34.69,246.0
2026-09-20T20:15Z,80.07,189.94,196.7,223.65,228.43,211.0,109.03,,41.78,42.549999,42.92,30.0,231.98
2026-09-20T20:30Z,67.31,195.87,195.87,220.32,245.18,183.71,101.26,,24.24,24.68,24.78,24.68,210.0
2026-09-20T20:45Z,61.68,186.76,186.76,210.94,236.22,153.19,87.04,,19.89,20.25,20.45,18.47,205.0
2026-09-20T21:00Z,63.74,180.56,186.76,204.05,222.25,201.57,95.26,180.1,25.05,25.51,25.51,25.51,220.0
2026-09-20T21:15Z,60.09,186.76,186.76,190.0,234.38,190.51,87.04,,20.64,21.09,21.09,21.09,205.0
2026-09-20T21:30Z,57.78,186.18,186.18,189.99,237.34,147.35,69.09,,18.26,18.52,18.64,17.8,194.2
2026-09-20T21:45Z,51.76,166.5,183.5,199.94,211.37,116.96,53.98,,13.64,13.89,13.9,10.43,181.8
2026-09-20T22:00Z,50.68,200.76,200.76,153.94,270.59,149.9,89.8,173.2,11.39,14.9,18.71,14.46,230.0
2026-09-20T22:15Z,50.29,190.0,190.0,161.29,256.87,95.83,66.6,,13.14,14.55,17.15,14.25,228.07
2026-09-20T22:30Z,45.28,165.94,186.31,171.92,221.11,86.22,58.8,,10.46,11.18,12.98,10.96,230.0
2026-09-20T22:45Z,40.81,145.17,186.25,171.22,190.85,77.52,51.55,,8.88,10.0,10.0,10.0,226.01
2026-09-20T23:00Z,45.61,169.93,185.37,171.9,228.39,87.54,60.4,170.95,10.12,10.3,10.3,10.3,219.92
2026-09-20T23:15Z,41.88,148.45,184.67,170.1,196.54,79.08,53.68,,9.71,9.99,9.99,9.99,214.61
2026-09-20T23:30Z,42.85,153.27,184.57,170.1,203.69,81.03,55.37,,10.01,10.3,10.3,10.3,210.0
2026-09-20T23:45Z,40.01,136.33,179.08,170.1,178.3,74.57,49.97,,9.7,9.99,9.99,9.99,215.15
2026-09-21T00:00Z,41.33,150.9,183.56,170.1,200.0,79.43,53.3,170.81,8.3,8.54,8.54,8.54,209.57
2026-09-21T00:15Z,37.85,135.56,176.07,163.09,178.07,72.65,47.6,,7.51,7.73,7.73,7.73,217.04
2026-09-21T00:30Z,38.38,130.4,175.9,157.6,170.1,71.38,47.09,,9.7,9.99,9.99,9.99,211.0
2026-09-21T00:45Z,39.82,139.13,175.9,157.61,183.13,74.7,49.9,,9.82,10.0,10.0,10.0,209.07
2026-09-21T01:00Z,40.85,139.24,175.0,170.1,182.74,75.47,50.61,160.0,9.41,9.79,9.79,9.79,202.57
2026-09-21T01:15Z,41.02,143.39,175.0,160.0,189.83,76.35,51.18,,9.71,10.0,10.0,10.0,214.74
2026-09-21T01:30Z,39.9,136.01,174.16,156.3,178.99,73.46,48.95,,10.1,10.4,10.4,10.4,210.0
2026-09-21T01:45Z,37.99,120.87,174.16,158.5,155.89,68.19,44.83,,10.51,10.82,10.82,10.82,217.37
2026-09-21T02:00Z,37.53,131.59,174.16,163.62,172.0,71.25,46.93,164.41,7.87,8.1,8.1,8.1,217.01
2026-09-21T02:15Z,39.24,134.24,174.16,161.68,175.46,73.04,48.8,,9.71,10.0,10.0,10.0,213.41
2026-09-21T02:30Z,43.76,137.99,174.29,154.7,179.6,76.86,53.06,,15.41,16.219999,16.22,16.22,217.62
2026-09-21T02:45Z,47.2,129.67,175.0,160.0,164.48,77.18,54.65,,21.03,21.530001,21.56,21.52,219.92
2026-09-21T03:00Z,43.27,124.48,175.0,168.17,157.95,79.69,49.18,170.59,15.2,15.5,15.53,15.49,219.92
2026-09-21T03:15Z,54.93,149.01,175.0,178.67,189.4,105.25,67.36,,24.19,24.74,24.78,24.73,237.37
2026-09-21T03:30Z,60.38,141.87,176.6,172.71,173.11,148.05,87.21,,32.96,33.450001,33.87,33.38,246.0
2026-09-21T03:45Z,76.69,158.0,184.67,178.72,187.73,197.18,116.89,,49.98,50.889999,51.46,47.55,266.96
2026-09-21T04:00Z,91.43,163.14,184.67,169.45,188.0,187.1,108.11,192.6,58.01,63.34,66.98,38.16,230.0
2026-09-21T04:15Z,124.61,186.53,187.13,176.59,209.47,187.71,120.8,,90.29,101.309998,100.44,47.5,268.41
2026-09-21T04:30Z,130.5,182.99,190.0,178.43,200.0,213.03,138.55,,107.0,112.230003,113.72,58.62,273.53
2026-09-21T04:45Z,148.88,187.69,200.5,191.34,198.0,237.92,166.94,,114.3,131.020004,129.92,95.0,268.06
2026-09-21T05:00Z,160.88,211.7,211.7,163.65,231.01,210.89,152.36,226.79,123.5,140.860001,130.9,95.0,239.0
2026-09-21T05:15Z,187.01,224.0,224.0,205.75,237.27,222.6,183.68,,118.28,154.699997,133.43,105.32,242.8
2026-09-21T05:30Z,194.48,227.0,227.0,222.06,237.63,233.8,187.92,,118.53,157.449997,134.75,109.68,242.8
2026-09-21T05:45Z,170.08,230.57,230.57,250.1,256.22,216.3,166.7,,128.7,144.75,134.81,109.99,242.8
2026-09-21T06:00Z,257.09,263.9,263.9,266.26,266.26,263.9,190.26,227.44,139.31,223.050003,135.45,104.63,263.9
2026-09-21T06:15Z,195.49,246.23,246.23,249.28,268.64,231.9,181.14,,149.41,171.610001,134.52,100.08,246.23
2026-09-21T06:30Z,154.11,226.0,226.0,234.53,259.11,195.88,156.49,,129.51,131.910004,132.94,106.93,233.61
2026-09-21T06:45Z,108.01,195.0,195.0,208.33,237.71,137.67,119.16,,78.24,79.690002,130.08,69.52,222.44
2026-09-21T07:00Z,121.74,212.25,212.25,253.49,253.49,205.14,119.65,192.6,89.9,91.559998,127.29,74.19,242.8
2026-09-21T07:15Z,103.29,186.25,186.25,226.63,226.63,154.51,108.57,,73.89,75.25,125.21,61.24,219.92
2026-09-21T07:30Z,63.51,167.52,167.52,191.35,223.03,99.02,77.93,,29.31,29.84,123.55,29.84,220.0
2026-09-21T07:45Z,43.74,110.77,110.77,159.93,144.54,64.71,54.03,,18.46,20.08,123.55,20.08,208.44
2026-09-21T08:00Z,62.15,131.12,110.1,236.65,161.79,85.46,73.56,176.8,31.99,42.98,98.96,42.97,201.2
2026-09-21T08:15Z,33.39,91.6,91.6,180.68,117.49,53.07,43.01,,8.26,27.209999,100.04,27.21,183.57
2026-09-21T08:30Z,28.43,83.6,65.0,168.03,108.13,47.08,37.55,,4.31,12.93,102.66,12.01,179.62
2026-09-21T08:45Z,11.39,48.5,38.73,105.28,65.0,23.94,17.53,,1.02,8.49,101.75,7.36,176.54
2026-09-21T09:00Z,19.82,55.68,11.85,110.1,71.4,35.27,27.0,172.84,4.31,9.35,125.8,24.98,182.45
2026-09-21T09:15Z,13.13,46.38,2.99,94.49,60.0,39.39,19.77,,2.01,4.94,121.63,13.3,181.26
2026-09-21T09:30Z,2.66,35.94,2.0,85.2,50.0,25.08,12.15,,1.38,3.91,113.2,9.97,181.85
2026-09-21T09:45Z,0.03,33.22,1.81,82.06,47.12,24.27,10.14,,1.38,2.13,109.97,7.69,194.84
2026-09-21T10:00Z,0.76,32.17,1.52,70.66,42.15,65.14,11.03,169.38,2.44,3.0,93.84,14.0,174.3
2026-09-21T10:15Z,0.01,28.15,1.5,60.47,36.26,64.99,3.53,,2.45,2.87,80.31,10.48,166.95
2026-09-21T10:30Z,0.02,28.0,1.49,62.04,36.79,58.54,9.11,,2.44,2.79,82.63,8.64,166.95
2026-09-21T10:45Z,0.01,23.34,1.5,50.38,30.15,53.28,3.96,,2.47,2.77,71.45,7.57,164.83
2026-09-21T11:00Z,0.0,23.47,1.82,47.75,29.15,66.83,0.0,170.59,2.71,3.06,67.46,8.95,163.31
2026-09-21T11:15Z,0.0,20.17,1.82,41.29,25.14,56.84,1.04,,2.68,2.98,58.38,7.63,163.31
2026-09-21T11:30Z,0.0,16.75,1.75,38.35,22.11,39.24,10.31,,2.46,2.77,55.38,7.61,167.15
2026-09-21T11:45Z,0.0,16.38,1.52,36.98,21.74,35.38,11.35,,2.44,2.77,52.79,8.36,165.59
2026-09-21T12:00Z,0.0,20.02,1.52,42.75,25.66,48.12,12.71,170.3,2.47,2.83,61.19,8.87,176.03
2026-09-21T12:15Z,0.0,22.08,1.82,49.25,29.12,46.68,18.67,,2.48,2.89,70.74,10.03,178.0
2026-09-21T12:30Z,0.01,22.54,1.95,50.02,29.62,49.02,19.61,,2.64,2.99,71.83,8.75,176.03
2026-09-21T12:45Z,0.03,26.11,1.85,57.97,34.33,56.4,22.57,,2.5,2.88,83.23,9.63,172.1
2026-09-21T13:00Z,0.0,25.67,3.43,57.46,34.09,57.6,23.07,86.0,3.4,3.7,83.58,7.91,193.54
2026-09-21T13:15Z,0.03,31.3,3.43,69.46,41.33,71.59,28.39,,3.35,3.68,94.58,8.9,193.54
2026-09-21T13:30Z,0.1,20.24,5.0,76.99,43.6,122.29,48.45,,3.48,4.1,105.95,15.93,207.0
2026-09-21T13:45Z,5.47,17.24,5.88,87.79,51.1,177.27,72.55,,5.47,5.89,119.11,21.07,207.0
2026-09-21T14:00Z,0.08,37.19,6.07,85.84,49.94,72.7,39.5,171.58,2.0,3.96,116.24,7.67,185.08
2026-09-21T14:15Z,20.95,76.19,14.8,132.46,88.58,168.84,76.48,,4.1,4.98,121.58,12.67,191.27
2026-09-21T14:30Z,33.95,54.27,24.01,154.28,99.02,215.73,98.83,,10.5,26.0,125.3,26.36,215.73
2026-09-21T14:45Z,59.32,52.38,27.0,160.0,109.2,222.72,115.95,,38.55,56.240002,129.07,56.24,222.72
2026-09-21T15:00Z,22.71,75.23,27.0,147.05,92.48,134.95,109.48,195.77,6.69,11.11,126.82,10.01,205.94
2026-09-21T15:15Z,67.08,111.75,50.0,168.52,124.95,163.36,124.15,,52.96,57.060001,130.28,48.28,220.0
2026-09-21T15:30Z,135.63,163.93,85.0,203.07,173.37,194.99,155.06,,127.02,132.160004,134.86,98.95,254.89
2026-09-21T15:45Z,203.34,208.84,97.0,215.28,210.31,207.19,201.33,,201.72,202.619995,142.32,111.82,268.06
2026-09-21T16:00Z,166.62,174.12,92.55,179.07,174.76,173.51,159.38,217.1,159.8,162.729996,140.07,113.26,263.92
2026-09-21T16:15Z,198.79,202.94,112.0,201.91,202.17,203.77,194.77,,186.38,190.490005,147.91,121.13,248.02
2026-09-21T16:30Z,222.59,224.23,150.0,223.83,223.93,224.56,221.0,,217.68,221.029999,150.36,122.27,268.06
2026-09-21T16:45Z,261.72,261.77,190.01,261.8,261.78,261.75,261.72,,261.31,261.640015,152.67,123.45,280.0
2026-09-21T17:00Z,220.8,221.71,190.0,221.36,221.46,221.97,219.55,250.0,218.49,219.910004,147.34,121.98,259.0
2026-09-21T17:15Z,223.97,224.92,224.92,224.69,224.74,225.04,222.85,,220.33,222.770004,147.98,121.84,270.0
2026-09-21T17:30Z,251.23,251.9,251.9,252.15,252.01,251.55,250.97,,245.1,249.610001,149.12,121.53,284.32
2026-09-21T17:45Z,275.9,276.54,276.54,276.87,276.7,276.11,275.76,,269.21,274.160004,149.7,121.3,284.56
2026-09-21T18:00Z,251.3,251.3,251.3,251.3,251.3,251.3,251.3,241.0,251.3,251.320007,148.54,122.06,268.06
2026-09-21T18:15Z,250.28,250.28,250.28,250.28,250.28,250.28,250.28,,250.28,250.300003,148.11,118.91,268.06
2026-09-21T18:30Z,243.48,243.48,250.0,243.48,243.48,243.48,243.48,,243.48,243.490005,147.06,112.15,251.18
2026-09-21T18:45Z,219.04,219.04,251.3,219.04,219.04,219.04,219.04,,219.04,219.050003,145.7,104.73,250.38
2026-09-21T19:00Z,232.28,232.7,253.01,232.44,232.53,232.93,231.6,222.59,232.22,232.110001,145.77,110.0,268.06
2026-09-21T19:15Z,218.15,219.22,250.0,218.55,218.78,219.81,168.58,,217.99,217.699997,143.57,104.1,258.73
2026-09-21T19:30Z,213.93,215.05,240.01,214.35,214.59,215.67,123.01,,213.76,213.460007,145.06,107.71,230.0
2026-09-21T19:45Z,206.68,207.8,212.25,207.09,207.34,208.42,115.48,,206.51,206.199997,143.82,96.3,216.79
2026-09-21T20:00Z,216.0,216.63,225.0,216.23,216.37,216.56,114.54,216.0,215.91,215.729996,140.13,94.69,268.06
2026-09-21T20:15Z,204.58,205.54,212.25,204.94,205.15,205.43,117.67,,204.44,204.179993,139.41,93.13,244.9
2026-09-21T20:30Z,206.08,206.93,206.93,206.4,206.58,206.83,119.48,,205.96,205.720001,138.83,89.99,220.0
2026-09-21T20:45Z,196.23,197.26,200.0,196.62,196.84,197.15,147.0,,196.08,195.729996,138.41,78.62,207.0
2026-09-21T21:00Z,197.98,199.01,200.0,198.36,198.59,198.89,136.05,197.44,197.83,197.399994,138.07,71.1,232.0
2026-09-21T21:15Z,184.14,185.42,188.19,184.62,184.9,185.27,159.48,,183.96,183.470001,138.0,65.9,219.92
2026-09-21T21:30Z,186.58,187.25,187.25,186.83,186.98,187.17,160.51,,186.49,186.320007,138.9,101.35,204.59
2026-09-21T21:45Z,172.11,172.4,184.67,172.22,172.28,172.37,166.74,,172.07,172.009995,138.56,99.82,191.45
2026-09-21T22:00Z,189.97,191.21,199.28,189.63,191.19,190.91,150.01,198.0,189.789993,193.29,157.12,114.94,210.21
2026-09-21T22:15Z,183.05,184.04,199.28,183.41,183.62,184.09,145.11,,182.889999,182.63,157.0,111.99,210.21
2026-09-21T22:30Z,176.66,177.73,197.5,177.05,177.28,177.79,149.99,,176.490005,176.2,156.79,108.73,209.15
2026-09-21T22:45Z,175.81,176.79,198.34,176.17,176.38,176.85,155.53,,175.660004,175.4,156.03,109.75,191.19
2026-09-21T23:00Z,177.29,178.2,196.0,177.62,177.81,178.25,162.34,191.99,177.130005,176.89,155.7,109.65,199.49
2026-09-21T23:15Z,174.96,175.61,195.25,175.2,175.34,175.65,159.37,,174.850006,174.69,155.45,108.62,195.36
2026-09-21T23:30Z,176.55,177.48,190.46,176.88,177.09,177.53,152.66,,176.380005,176.14,155.29,110.96,198.7
2026-09-21T23:45Z,175.61,176.66,189.0,175.98,176.21,176.71,153.64,,175.419998,175.14,155.1,111.03,196.9
2026-09-22T00:00Z,175.89,176.87,195.21,176.24,176.45,176.92,156.01,195.1,175.710007,175.45,155.08,109.21,192.51
2026-09-22T00:15Z,174.39,175.45,195.0,174.77,175.0,175.5,144.65,,174.210007,173.92,155.08,110.14,191.72
2026-09-22T00:30Z,172.41,173.57,190.01,172.83,173.08,173.64,140.6,,172.199997,171.88,155.08,111.07,191.51
2026-09-22T00:45Z,171.52,172.68,190.0,171.93,172.19,172.75,140.06,,171.309998,170.99,155.08,111.61,190.81
2026-09-22T01:00Z,173.57,174.62,190.0,173.95,174.18,174.68,146.02,195.1,173.389999,173.1,155.06,108.68,188.64
2026-09-22T01:15Z,170.91,171.86,190.0,171.25,171.46,171.92,146.02,,170.740005,170.49,155.06,109.77,190.59
2026-09-22T01:30Z,170.42,171.27,190.0,170.73,170.91,171.32,147.86,,170.279999,170.05,155.06,110.0,187.92
2026-09-22T01:45Z,171.42,172.25,186.0,171.72,171.9,172.3,149.33,,171.270004,171.05,155.07,117.5,186.71
2026-09-22T02:00Z,172.65,175.15,190.0,173.52,174.11,191.19,155.8,201.99,171.770004,170.73,155.03,109.32,191.19
2026-09-22T02:15Z,172.33,174.73,190.0,173.16,173.73,191.19,145.89,,171.449997,170.43,155.04,110.77,191.19
2026-09-22T02:30Z,174.19,176.45,190.0,174.97,175.5,191.19,137.3,,173.380005,172.44,155.04,114.22,191.19
2026-09-22T02:45Z,180.34,181.0,190.0,180.76,181.02,191.51,138.21,,179.770004,179.14,155.1,125.42,191.51
2026-09-22T03:00Z,167.7,170.03,185.4,168.5,169.05,183.37,157.75,206.69,166.919998,165.98,155.04,105.73,183.52
2026-09-22T03:15Z,180.53,181.47,186.0,180.62,181.0,182.79,143.27,,180.350006,180.04,155.1,115.97,189.16
2026-09-22T03:30Z,193.44,192.99,192.99,193.63,193.72,198.33,122.15,,193.070007,192.67,158.96,131.13,204.4
2026-09-22T03:45Z,224.33,185.53,195.13,218.43,213.8,228.37,109.75,,223.210007,222.85,159.21,184.99,222.92
2026-09-22T04:00Z,198.34,199.28,199.28,198.42,198.82,201.12,129.95,250.07,198.080002,198.77,155.74,156.0,211.85
2026-09-22T04:15Z,225.83,201.5,201.5,222.01,219.15,229.66,159.3,,224.800003,225.17,159.03,199.31,235.36
2026-09-22T04:30Z,253.32,202.1,202.1,246.3,236.38,252.65,195.94,,252.789993,253.02,159.59,216.09,253.53
2026-09-22T04:45Z,277.03,210.0,210.0,269.48,251.55,268.32,204.45,,278.029999,277.21,161.79,231.27,267.66
2026-09-22T05:00Z,289.86,226.0,226.0,283.85,260.76,274.11,278.3,256.77,292.459991,290.96,163.89,237.31,268.06
2026-09-22T05:15Z,302.05,228.72,228.72,295.15,268.63,283.96,294.11,,305.040009,303.27,164.27,244.24,271.62
2026-09-22T05:30Z,293.4,237.23,237.23,288.11,267.79,278.98,281.08,,295.670013,294.29,164.79,237.79,278.09
2026-09-22T05:45Z,276.47,244.71,244.71,273.48,262.0,268.64,222.71,,277.769989,276.97,164.66,231.85,268.06
2026-09-22T06:00Z,282.29,282.29,282.29,282.29,282.29,282.29,196.48,253.24,282.290009,282.18,194.57,219.21,282.29
2026-09-22T06:15Z,268.06,268.06,268.06,268.06,268.06,268.06,184.14,,268.059998,268.03,203.22,229.69,268.06
2026-09-22T06:30Z,240.76,240.76,240.76,240.76,240.76,240.76,168.04,,240.759995,240.74,203.24,226.6,242.8
2026-09-22T06:45Z,204.98,204.98,204.98,204.98,204.98,204.98,140.97,,204.979996,204.98,198.42,199.62,233.76
2026-09-22T07:00Z,247.86,215.0,215.0,243.36,239.42,251.23,141.1,213.46,247.25,247.81,202.05,225.17,251.45
2026-09-22T07:15Z,217.86,193.91,193.91,215.61,214.45,219.64,122.15,,217.559998,217.85,200.51,207.82,257.32
2026-09-22T07:30Z,191.48,186.93,160.0,191.05,190.83,191.82,115.71,,191.429993,191.48,181.06,185.32,214.87
2026-09-22T07:45Z,166.18,166.18,110.27,166.18,166.18,166.18,123.01,,166.179993,166.18,166.19,166.18,205.0
2026-09-22T08:00Z,186.02,163.0,110.28,184.08,183.14,176.74,147.37,183.67,185.199997,185.05,178.14,180.09,205.0
2026-09-22T08:15Z,173.99,120.5,102.3,176.46,177.56,174.08,127.66,,174.149994,174.06,169.97,169.96,202.81
2026-09-22T08:30Z,167.25,95.06,88.15,169.51,170.49,166.41,123.02,,167.259995,167.2,163.23,163.23,180.98
2026-09-22T08:45Z,161.83,40.0,40.0,185.68,196.82,153.58,133.81,,164.509995,162.47,159.72,159.64,179.67
2026-09-22T09:00Z,162.63,52.0,52.0,173.26,174.88,161.96,125.0,157.97,163.539993,163.07,159.01,157.37,191.19
2026-09-22T09:15Z,151.03,38.99,38.99,156.25,151.75,154.8,134.57,,151.100006,151.45,149.02,147.25,184.07
2026-09-22T09:30Z,144.7,38.66,38.66,151.29,148.03,147.39,123.98,,144.979996,145.14,144.22,141.11,181.3
2026-09-22T09:45Z,135.85,27.0,27.0,152.53,155.17,133.33,124.44,,137.479996,135.9,142.42,134.02,177.23
2026-09-22T10:00Z,128.76,20.01,20.01,140.18,139.75,128.97,124.44,121.0,129.660004,129.93,139.15,128.29,129.04
2026-09-22T10:15Z,130.54,19.64,19.64,130.68,123.19,137.03,124.44,,129.949997,130.88,135.86,129.99,142.04
2026-09-22T10:30Z,125.51,12.96,12.96,124.58,115.66,132.98,124.44,,124.650002,125.79,131.92,124.7,134.06
2026-09-22T10:45Z,118.22,10.01,10.01,115.36,100.18,129.0,124.44,,120.260002,118.09,129.32,116.09,131.03
2026-09-22T11:00Z,119.31,4.61,4.61,119.97,106.31,128.58,124.44,115.0,123.889999,121.66,130.66,120.07,149.66
2026-09-22T11:15Z,117.72,3.43,3.43,116.05,99.8,128.85,123.98,,121.57,119.38,129.9,117.52,143.81
2026-09-22T11:30Z,114.92,1.99,1.99,118.5,108.41,121.63,118.51,,120.290001,118.12,129.3,116.15,147.26
2026-09-22T11:45Z,112.14,2.0,2.0,117.6,109.92,117.11,114.68,,118.040001,115.91,128.46,113.69,127.0
2026-09-22T12:00Z,115.15,6.07,6.07,117.9,104.2,123.45,119.39,113.9,122.410004,120.2,129.54,118.49,181.74
2026-09-22T12:15Z,119.39,15.1,15.1,128.36,126.45,120.74,120.17,,125.360001,123.1,130.15,121.81,184.0
2026-09-22T12:30Z,119.08,20.17,20.17,125.0,121.71,121.73,120.62,,122.760002,122.54,131.15,120.96,186.5
2026-09-22T12:45Z,122.93,24.11,24.11,128.47,124.65,125.58,123.98,,126.459999,128.77,135.1,127.61,187.0
2026-09-22T13:00Z,124.89,25.0,25.0,148.92,157.3,117.62,120.76,141.53,127.339996,129.68,132.12,129.22,210.21
2026-09-22T13:15Z,130.22,24.01,24.01,134.1,129.04,134.39,124.19,,130.229996,132.62,133.13,132.52,210.21
2026-09-22T13:30Z,139.62,22.14,22.14,135.61,124.01,149.09,143.28,,138.520004,141.06,141.07,141.05,224.87
2026-09-22T13:45Z,151.71,24.01,24.01,147.24,132.21,163.13,118.94,,150.080002,150.87,151.36,150.84,234.71
2026-09-22T14:00Z,147.3,32.5,32.5,143.33,130.91,158.3,119.39,179.33,145.869995,148.54,148.55,148.54,210.21
2026-09-22T14:15Z,161.28,39.09,39.09,155.27,140.22,169.99,110.4,,159.25,160.33,159.91,156.84,210.21
2026-09-22T14:30Z,185.78,54.41,54.41,175.86,161.9,192.55,109.3,,184.009995,185.98,169.93,171.4,233.67
2026-09-22T14:45Z,213.13,70.0,70.0,202.15,186.87,221.86,110.67,,211.169998,211.89,180.93,203.18,225.91
2026-09-22T15:00Z,164.68,92.55,92.55,154.23,145.68,175.32,114.34,221.04,162.860001,165.45,165.46,165.44,186.08
2026-09-22T15:15Z,211.86,107.32,105.0,196.69,184.45,225.49,117.93,,209.419998,211.22,179.99,201.49,225.49
2026-09-22T15:30Z,241.96,156.64,110.03,229.4,219.16,252.5,157.66,,240.009995,241.56,180.0,218.99,230.67
2026-09-22T15:45Z,289.06,169.11,115.0,271.68,257.96,301.87,234.91,,286.549988,288.87,179.99,252.31,268.06
2026-09-22T16:00Z,253.0,207.24,110.28,249.22,233.68,241.91,158.88,262.59,254.759995,253.68,179.95,229.75,226.71
2026-09-22T16:15Z,317.94,218.14,135.57,309.69,275.81,293.75,183.2,,321.769989,318.72,179.9,275.34,242.8
2026-09-22T16:30Z,417.93,244.63,196.38,403.62,344.78,375.93,276.02,,424.589996,419.29,179.07,347.31,250.16
2026-09-22T16:45Z,510.34,268.06,204.98,490.32,408.07,451.62,341.1,,519.640015,512.29,179.07,335.48,268.06
2026-09-22T17:00Z,564.09,250.0,199.28,539.11,432.14,489.65,383.52,278.12,577.119995,567.26,162.98,374.07,250.0
2026-09-22T17:15Z,647.5,268.06,226.0,617.32,488.1,557.57,413.28,,663.25,651.4,162.99,275.95,268.06
2026-09-22T17:30Z,640.67,287.94,281.57,612.61,492.49,557.07,485.5,,655.299988,644.3,162.98,263.63,287.94
2026-09-22T17:45Z,533.26,300.0,300.0,514.71,435.27,477.97,465.3,,542.940002,535.48,162.99,282.01,300.0
2026-09-22T18:00Z,543.39,285.0,285.0,522.9,435.94,482.58,473.92,268.0,553.849976,545.77,162.96,258.52,285.0
2026-09-22T18:15Z,442.38,290.01,290.01,430.3,379.02,406.52,426.1,,448.549988,443.66,162.95,249.96,271.62
2026-09-22T18:30Z,389.22,278.18,278.18,380.42,343.05,363.09,338.7,,393.720001,390.15,162.91,224.45,267.3
2026-09-22T18:45Z,357.66,276.51,276.54,351.22,323.91,338.56,267.29,,360.940002,358.39,162.66,195.86,268.06
2026-09-22T19:00Z,315.72,272.51,272.51,312.3,297.53,305.48,256.45,255.82,317.48999,315.94,162.5,224.03,272.51
2026-09-22T19:15Z,292.8,251.44,260.0,289.53,275.39,283.0,189.31,,294.5,293.12,162.31,193.57,251.44
2026-09-22T19:30Z,291.88,255.83,255.83,289.02,276.7,283.34,145.57,,293.359985,292.11,161.83,200.0,255.83
2026-09-22T19:45Z,256.14,227.5,227.5,255.09,246.38,249.45,119.54,,257.399994,256.5,161.61,157.73,227.5
2026-09-22T20:00Z,258.79,253.01,253.01,258.8,257.35,257.4,170.28,240.0,258.980011,258.85,159.98,219.62,253.01
2026-09-22T20:15Z,252.99,231.8,231.8,253.02,247.69,247.9,123.01,,253.679993,253.08,159.85,199.44,231.8
2026-09-22T20:30Z,249.35,232.19,232.19,247.73,241.98,245.09,119.38,,249.779999,249.36,159.59,177.98,232.19
2026-09-22T20:45Z,225.58,224.41,224.41,225.54,225.11,225.79,119.39,,225.559998,225.5,159.51,140.0,224.41
2026-09-22T21:00Z,226.09,224.0,224.0,225.76,225.5,226.28,115.71,220.0,226.029999,226.14,159.27,160.37,224.0
2026-09-22T21:15Z,214.54,214.54,214.54,214.54,214.54,214.54,134.08,,214.539993,214.6,159.22,144.44,214.54
2026-09-22T21:30Z,210.21,210.21,210.21,210.21,210.21,210.21,136.26,,210.210007,210.28,159.18,120.31,210.21
2026-09-22T21:45Z,201.18,201.18,201.18,201.18,201.18,201.18,145.11,,201.179993,201.25,159.09,108.03,201.18
2026-09-22T22:00Z,194.51,194.55,206.18,194.51,194.53,194.6,155.83,194.59,194.5,194.490005,158.18,149.99,194.6
2026-09-22T22:15Z,188.57,188.51,205.24,188.61,188.62,188.92,166.07,,188.53,188.490005,158.12,141.49,190.44
2026-09-22T22:30Z,190.3,186.39,203.5,189.7,189.22,190.76,171.02,,190.19,190.259995,158.03,136.31,191.19
2026-09-22T22:45Z,182.46,166.66,203.5,180.0,178.08,184.08,172.4,,182.04,182.360001,157.82,134.97,186.19
2026-09-22T23:00Z,181.76,175.28,203.5,180.77,180.0,182.48,177.46,189.1,181.58,181.699997,157.23,140.7,186.9
2026-09-22T23:15Z,174.93,174.88,202.76,174.96,174.96,175.18,174.69,,174.9,174.869995,157.12,139.0,184.07
2026-09-22T23:30Z,173.68,173.68,201.18,173.68,173.68,173.68,173.68,,173.68,173.679993,156.98,136.0,186.93
2026-09-22T23:45Z,179.0,179.76,200.0,179.1,179.39,180.3,177.59,,178.89,178.669998,156.79,135.64,186.9
2026-09-23T00:00Z,174.52,174.52,199.6,174.52,174.52,174.52,174.52,184.9,174.52,174.520004,157.0,141.0,185.42
2026-09-23T00:15Z,171.11,171.1,196.5,171.11,171.13,171.26,170.96,,171.09,171.070007,156.94,139.75,185.44
2026-09-23T00:30Z,177.24,164.07,195.37,175.2,173.63,178.47,177.92,,176.9,177.179993,156.85,137.11,178.72
2026-09-23T00:45Z,183.06,161.89,195.37,179.79,177.26,185.05,184.15,,182.51,182.949997,156.85,133.9,185.44
2026-09-23T01:00Z,176.72,152.23,199.95,173.02,170.15,179.56,177.45,182.86,176.04,176.470001,156.92,134.99,184.07
2026-09-23T01:15Z,178.53,156.85,199.6,175.24,172.69,180.93,179.29,,177.93,178.330002,156.97,135.06,184.07
2026-09-23T01:30Z,178.72,155.77,199.6,175.19,172.48,180.91,179.84,,178.12,178.589996,157.05,135.26,184.07
2026-09-23T01:45Z,173.43,160.27,199.6,171.4,169.84,174.66,174.1,,173.09,173.360001,156.97,135.59,174.9
2026-09-23T02:00Z,173.39,151.49,201.18,170.11,167.55,176.21,173.75,184.55,172.74,173.089996,156.35,134.4,180.0
2026-09-23T02:15Z,178.13,155.69,201.18,174.67,172.0,180.23,154.3,,177.55,178.020004,156.44,136.58,180.65
2026-09-23T02:30Z,178.35,157.22,201.18,175.1,172.58,180.33,142.06,,177.81,178.240005,156.77,135.65,182.88
2026-09-23T02:45Z,173.94,161.57,202.48,172.03,170.56,175.1,143.89,,173.62,173.880005,157.06,144.86,183.0
2026-09-23T03:00Z,171.61,161.23,198.7,170.0,168.76,172.59,144.03,193.6,171.34,171.550003,157.02,142.54,172.78
2026-09-23T03:15Z,188.0,167.04,199.6,175.66,178.98,189.3,136.54,,188.57,188.539993,157.99,152.11,189.3
2026-09-23T03:30Z,202.0,175.01,201.18,177.46,187.28,203.02,145.0,,203.79,203.309998,158.22,167.24,195.39
2026-09-23T03:45Z,232.86,157.83,202.48,186.39,199.75,237.33,134.7,,235.17,234.850006,158.27,193.7,208.43
2026-09-23T04:00Z,236.07,179.66,203.0,188.71,198.95,221.06,168.53,222.09,242.95,239.610001,156.41,163.76,221.06
2026-09-23T04:15Z,260.63,205.12,205.12,200.24,219.79,245.92,213.15,,268.88,265.059998,158.32,175.66,232.37
2026-09-23T04:30Z,355.5,170.94,205.0,230.52,243.42,306.23,305.37,,372.7,364.779999,158.27,234.26,230.5
2026-09-23T04:45Z,347.79,197.13,210.01,229.99,251.36,307.65,333.97,,365.23,358.420013,158.66,243.61,280.0
2026-09-23T05:00Z,370.63,206.5,206.5,236.46,261.06,325.32,356.38,242.52,388.68,381.660004,159.9,218.02,240.5
2026-09-23T05:15Z,385.35,219.88,219.88,250.1,274.89,320.89,362.5,,402.9,395.5,161.51,253.18,260.0
2026-09-23T05:30Z,348.25,225.0,225.0,314.4,286.63,265.8,314.35,,352.6,347.899994,163.1,249.77,265.8
2026-09-23T05:45Z,280.09,226.9,226.9,273.6,256.0,252.86,269.54,,281.37,279.859985,164.93,220.97,253.72
2026-09-23T06:00Z,274.32,257.65,257.65,265.14,266.52,276.22,261.25,236.71,274.44,274.579987,185.17,238.74,257.65
2026-09-23T06:15Z,240.5,240.5,240.5,240.5,240.5,240.5,223.5,,240.5,242.220001,181.51,219.74,240.5
2026-09-23T06:30Z,224.31,224.31,224.31,224.31,224.31,224.31,180.7,,224.31,226.720001,179.99,210.28,230.36
2026-09-23T06:45Z,189.12,189.12,189.12,189.12,189.12,189.12,143.69,,189.12,192.600006,176.46,184.74,226.71
2026-09-23T07:00Z,217.94,207.12,207.12,215.85,214.27,219.46,130.52,193.59,217.63,217.949997,177.55,198.45,253.28
2026-09-23T07:15Z,193.88,193.88,193.88,193.88,193.88,193.88,112.79,,193.88,193.889999,176.2,184.19,208.43
2026-09-23T07:30Z,170.82,170.82,170.82,170.82,170.82,170.82,110.7,,170.82,170.820007,165.59,170.64,174.19
2026-09-23T07:45Z,146.46,146.46,134.93,146.46,146.46,146.46,146.46,,146.46,150.080002,152.56,149.99,164.1
2026-09-23T08:00Z,166.24,166.24,147.5,166.24,166.24,166.24,155.18,164.67,166.24,166.240005,156.06,161.3,221.75
2026-09-23T08:15Z,148.1,148.1,115.27,148.1,148.1,148.1,148.1,,148.1,148.110001,145.5,147.28,186.9
2026-09-23T08:30Z,134.95,134.95,106.0,134.95,134.95,134.95,134.95,,134.95,137.419998,137.32,137.54,167.07
2026-09-23T08:45Z,116.12,93.3,93.3,127.53,131.43,111.62,113.77,,124.56,128.630005,128.63,128.63,164.68
2026-09-23T09:00Z,119.82,90.0,90.0,136.54,141.42,112.75,114.66,132.18,132.36,135.630005,135.63,135.62,191.19
2026-09-23T09:15Z,107.13,73.59,73.59,124.44,129.99,100.53,103.75,,124.84,129.149994,129.15,129.15,184.07
2026-09-23T09:30Z,86.82,57.59,57.59,99.24,102.79,82.5,84.61,,123.17,126.800003,126.8,126.8,174.93
2026-09-23T09:45Z,75.87,38.99,38.99,71.54,66.3,81.19,78.65,,122.63,126.239998,126.24,126.24,172.28
2026-09-23T10:00Z,85.87,40.0,40.0,80.46,73.95,92.42,89.21,78.11,125.23,128.919998,128.93,128.91,166.49
2026-09-23T10:15Z,73.37,35.0,35.0,68.84,63.4,78.85,76.17,,124.75,128.429993,128.44,128.42,157.11
2026-09-23T10:30Z,69.72,35.0,35.0,65.63,60.7,74.69,72.26,,122.46,125.07,126.15,124.91,159.4
2026-09-23T10:45Z,63.26,30.0,30.0,59.34,54.62,68.01,65.69,,120.64,122.849998,124.3,122.64,151.96
2026-09-23T11:00Z,64.74,24.01,24.01,60.17,54.35,74.78,69.33,78.0,119.98,122.529999,123.59,122.38,150.5
2026-09-23T11:15Z,60.02,15.0,15.0,55.11,48.67,75.44,66.64,,120.27,123.809998,123.82,123.81,152.01
2026-09-23T11:30Z,55.07,11.1,11.1,50.0,43.71,61.49,58.45,,118.76,122.25,122.26,122.25,152.01
2026-09-23T11:45Z,49.47,10.02,10.02,44.92,39.28,55.24,52.5,,118.57,122.059998,122.07,122.05,152.01
2026-09-23T12:00Z,41.99,24.01,24.01,41.46,38.86,92.15,60.51,96.0,118.57,122.059998,122.07,122.06,157.11
2026-09-23T12:15Z,64.85,23.38,23.38,60.6,54.64,85.0,73.16,,117.4,121.949997,121.95,121.94,165.0
2026-09-23T12:30Z,85.33,25.58,25.58,78.57,69.99,94.06,90.0,,111.92,122.779999,122.79,122.77,171.55
2026-09-23T12:45Z,108.18,27.23,27.23,99.02,87.4,120.0,114.5,,115.21,122.970001,122.98,122.96,176.34
2026-09-23T13:00Z,72.09,25.71,25.71,67.79,61.16,111.12,90.43,128.5,101.27,123.690002,123.69,123.68,160.0
2026-09-23T13:15Z,101.31,28.28,28.28,92.61,85.0,110.24,102.99,,101.98,125.419998,125.43,125.42,165.0
2026-09-23T13:30Z,126.3,34.08,34.08,114.43,109.71,135.11,109.42,,124.53,130.039993,130.05,130.04,165.71
2026-09-23T13:45Z,141.93,38.77,38.77,129.15,124.05,151.55,110.34,,139.9,141.5,137.26,137.24,155.0
2026-09-23T14:00Z,124.17,38.77,38.77,113.53,108.81,132.79,110.63,182.33,122.91,133.070007,133.08,133.07,189.79
2026-09-23T14:15Z,148.07,51.51,50.0,136.4,131.5,157.46,118.61,,146.46,149.130005,144.11,148.68,195.39
2026-09-23T14:30Z,165.54,74.0,65.0,154.25,149.47,181.38,141.62,,163.7,166.699997,154.31,164.82,195.39
2026-09-23T14:45Z,189.45,107.72,80.0,179.83,173.27,200.83,191.95,,187.87,191.309998,159.92,186.13,200.83
2026-09-23T15:00Z,158.94,114.94,88.9,148.57,148.57,164.83,161.77,209.0,154.47,161.350006,154.02,161.02,165.95
2026-09-23T15:15Z,186.1,111.65,96.8,168.84,168.84,200.86,187.07,,183.32,186.679993,160.11,175.84,200.86
2026-09-23T15:30Z,211.46,141.64,106.0,184.27,204.21,233.96,216.79,,208.01,211.839996,164.98,193.84,218.38
2026-09-23T15:45Z,239.54,152.38,114.0,207.64,207.97,263.09,248.15,,234.16,240.289993,164.99,213.03,261.58
2026-09-23T16:00Z,206.0,175.05,110.03,201.23,197.76,237.99,201.55,236.08,202.13,204.020004,176.19,199.99,217.94
2026-09-23T16:15Z,225.83,187.45,120.98,219.86,215.37,256.06,233.56,,221.07,225.130005,176.18,205.23,232.48
2026-09-23T16:30Z,267.94,191.65,185.0,230.84,236.81,279.24,290.79,,251.4,265.899994,176.19,227.64,242.3
2026-09-23T16:45Z,275.11,230.21,203.5,220.07,246.02,289.13,334.68,,234.04,277.399994,176.15,233.21,265.8
2026-09-23T17:00Z,271.83,240.5,195.0,250.82,252.47,274.47,322.97,250.0,267.88,272.850006,159.53,227.37,240.5
2026-09-23T17:15Z,257.33,255.32,223.53,221.96,246.43,280.69,380.44,,254.05,258.76001,159.34,220.88,255.32
2026-09-23T17:30Z,272.89,264.47,256.01,210.02,250.98,295.23,399.78,,258.29,275.869995,159.41,229.2,265.8
2026-09-23T17:45Z,284.31,274.36,274.36,220.0,261.2,302.2,390.45,,252.58,281.869995,159.59,236.27,274.36
2026-09-23T18:00Z,262.21,266.17,266.17,259.29,263.8,278.26,339.46,246.01,262.38,267.25,159.14,226.84,266.17
2026-09-23T18:15Z,249.7,252.97,267.01,229.51,251.42,261.99,307.92,,250.59,250.339996,159.04,202.28,252.97
2026-09-23T18:30Z,223.83,237.18,261.2,197.08,241.02,237.97,268.83,,221.8,225.339996,158.9,166.45,239.8
2026-09-23T18:45Z,210.76,212.96,261.17,191.2,211.76,216.65,223.46,,211.35,214.869995,158.87,148.34,221.06
2026-09-23T19:00Z,213.26,219.26,252.02,214.58,216.6,242.68,311.61,212.1,213.27,216.770004,158.09,156.0,245.0
2026-09-23T19:15Z,205.96,210.39,249.61,206.38,207.95,235.02,255.05,,205.52,209.009995,157.96,148.11,240.5
2026-09-23T19:30Z,190.73,196.79,236.32,187.32,194.88,225.39,191.68,,189.13,192.669998,157.18,130.07,225.39
2026-09-23T19:45Z,170.84,184.9,219.88,155.47,185.59,208.85,161.14,,167.44,170.910004,153.85,116.29,209.11
2026-09-23T20:00Z,182.87,189.38,230.0,180.1,187.08,222.9,179.33,190.8,181.02,182.729996,152.8,120.4,226.71
2026-09-23T20:15Z,170.36,181.48,226.0,164.08,182.29,207.47,162.55,,167.99,171.080002,150.06,114.6,215.18
2026-09-23T20:30Z,165.74,179.9,223.53,156.22,181.97,208.43,151.8,,162.72,165.710007,147.57,110.11,208.43
2026-09-23T20:45Z,161.5,172.87,219.88,156.16,173.22,200.83,149.83,,158.92,161.509995,143.22,108.18,200.83
2026-09-23T21:00Z,166.95,176.08,219.88,164.01,175.77,201.1,169.57,190.79,165.08,163.570007,145.83,108.73,208.43
2026-09-23T21:15Z,154.16,164.18,210.63,151.55,163.48,195.61,155.34,,151.96,154.75,137.2,106.33,200.83
2026-09-23T21:30Z,150.68,166.93,207.12,138.94,169.79,204.62,132.44,,147.16,145.080002,135.51,100.8,200.0
2026-09-23T21:45Z,144.2,161.77,205.24,129.5,166.0,196.18,127.15,,140.62,138.800003,131.09,97.37,190.74
2026-09-23T22:00Z,124.78,194.36,197.86,176.03,225.77,199.45,121.33,189.43,100.059998,101.89,139.94,101.71,199.45
2026-09-23T22:15Z,136.68,177.51,197.0,146.54,193.39,202.85,122.84,,124.260002,125.49,136.12,125.06,201.02
2026-09-23T22:30Z,130.6,173.33,196.65,148.55,189.91,196.41,117.74,,116.870003,120.06,129.65,119.74,194.5
2026-09-23T22:45Z,129.4,179.6,196.65,150.05,201.38,192.51,115.07,,113.300003,117.31,127.45,117.01,189.69
2026-09-23T23:00Z,121.01,186.71,196.92,150.71,215.0,208.53,119.55,187.65,102.209999,109.66,122.13,104.19,200.0
2026-09-23T23:15Z,118.29,177.91,196.65,156.0,203.54,193.56,118.59,,100.150002,107.76,119.25,102.93,187.66
2026-09-23T23:30Z,119.7,180.46,196.18,151.52,207.15,187.66,113.6,,101.900002,108.66,113.14,104.51,187.66
2026-09-23T23:45Z,116.49,160.68,195.98,152.18,176.84,185.0,109.94,,102.279999,106.55,109.74,104.79,185.0
2026-09-24T00:00Z,117.38,156.42,195.18,121.65,171.05,194.58,114.45,187.35,108.209999,111.08,111.49,111.05,185.0
2026-09-24T00:15Z,114.96,147.84,195.18,126.16,158.35,186.97,111.78,,106.639999,108.6,110.0,108.48,185.0
2026-09-24T00:30Z,114.36,142.51,195.0,134.86,148.35,199.52,112.57,,106.199997,108.14,109.55,108.02,194.87
2026-09-24T00:45Z,111.35,134.99,193.76,138.89,138.89,184.56,109.93,,103.68,105.68,105.68,105.68,184.56
2026-09-24T01:00Z,109.27,141.93,194.5,151.13,149.01,197.0,115.76,184.76,97.379997,100.8,100.8,100.8,197.0
2026-09-24T01:15Z,107.97,135.29,194.16,153.06,139.48,191.81,115.73,,97.059998,101.05,100.54,100.53,191.81
2026-09-24T01:30Z,106.5,141.99,194.0,155.12,151.52,186.99,115.69,,93.389999,98.96,98.97,98.96,186.99
2026-09-24T01:45Z,104.39,136.17,193.76,153.18,143.47,185.88,115.67,,92.169998,97.52,97.52,97.52,184.77
2026-09-24T02:00Z,106.36,147.26,192.18,154.79,160.0,186.65,109.02,175.55,92.040001,97.84,97.84,97.84,186.65
2026-09-24T02:15Z,106.43,147.99,192.18,152.85,160.99,188.81,109.94,,92.190002,98.02,98.02,98.02,188.81
2026-09-24T02:30Z,105.65,149.37,192.18,154.09,164.35,183.74,116.65,,90.959999,98.26,98.26,98.26,183.74
2026-09-24T02:45Z,110.85,158.24,193.23,154.08,175.9,186.61,121.96,,95.860001,103.44,103.44,103.44,185.0
2026-09-24T03:00Z,118.13,174.82,192.18,150.66,197.44,197.08,122.73,194.5,101.639999,106.94,106.94,106.94,197.08
2026-09-24T03:15Z,118.67,149.98,192.18,155.32,156.52,199.13,127.79,,107.889999,113.19,113.64,113.15,199.13
2026-09-24T03:30Z,121.55,153.0,193.76,160.1,158.54,212.66,134.59,,110.559998,114.94,117.73,117.73,210.0
2026-09-24T03:45Z,128.45,169.69,195.98,167.38,180.66,231.0,148.01,,115.089996,121.52,123.45,123.44,222.79
2026-09-24T04:00Z,123.98,164.62,195.18,155.42,178.78,173.08,163.42,202.49,111.739998,116.79,119.44,119.44,201.06
2026-09-24T04:15Z,142.78,179.25,196.17,169.26,190.35,203.28,193.39,,132.190002,137.17,129.29,138.12,225.55
2026-09-24T04:30Z,156.71,196.3,196.65,177.86,208.78,232.54,171.97,,144.970001,148.52,134.35,150.24,240.0
2026-09-24T04:45Z,167.77,200.0,200.0,191.7,206.36,254.97,249.91,,158.729996,162.36,140.59,164.99,260.24
2026-09-24T05:00Z,161.37,200.0,200.0,206.08,207.64,258.39,290.8,209.0,148.449997,163.74,142.99,169.27,247.43
2026-09-24T05:15Z,167.17,210.0,210.0,220.77,220.77,257.52,299.38,,152.059998,167.44,146.42,175.06,257.52
2026-09-24T05:30Z,172.69,215.37,215.37,226.92,226.92,258.14,299.38,,157.399994,172.9,150.91,180.98,255.93
2026-09-24T05:45Z,170.83,220.42,220.42,218.24,238.56,245.93,270.98,,153.789993,170.09,148.66,178.31,241.2
2026-09-24T06:00Z,185.99,250.0,250.0,220.7,278.58,257.18,254.47,210.0,165.710007,174.63,155.43,183.19,250.76
2026-09-24T06:15Z,175.9,238.03,238.03,213.92,265.59,246.46,233.35,,155.919998,176.0,154.46,181.29,240.5
2026-09-24T06:30Z,172.6,214.97,214.97,204.31,233.57,221.36,205.23,,158.199997,172.77,153.14,179.56,221.36
2026-09-24T06:45Z,160.57,195.98,195.98,186.98,212.06,197.98,180.18,,148.759995,173.0,151.77,175.95,197.98
2026-09-24T07:00Z,172.79,221.84,221.84,194.19,252.05,227.2,203.61,175.94,157.600006,172.81,150.71,175.88,221.84
2026-09-24T07:15Z,162.39,194.99,194.99,176.52,210.13,194.99,181.74,,153.509995,166.69,147.48,169.36,194.99
2026-09-24T07:30Z,144.42,174.0,174.0,144.42,188.15,173.46,161.23,,138.100006,160.41,144.05,162.68,174.0
2026-09-24T07:45Z,130.04,161.75,120.0,129.29,178.09,154.07,144.95,,129.789993,154.12,141.33,155.9,163.8
2026-09-24T08:00Z,136.4,165.1,123.3,134.85,180.0,162.15,152.25,160.87,134.979996,153.19,146.01,164.99,191.85
2026-09-24T08:15Z,122.77,167.14,104.4,120.53,189.95,166.91,146.0,,125.480003,148.11,138.82,149.99,190.0
2026-09-24T08:30Z,106.24,147.56,87.93,106.24,166.67,174.39,141.7,,125.82,138.29,132.56,139.09,182.0
2026-09-24T08:45Z,81.51,116.36,85.2,98.63,128.85,176.55,131.18,,115.309998,128.95,128.95,128.95,176.55
2026-09-24T09:00Z,98.66,126.36,85.2,101.36,144.03,185.68,139.21,144.52,119.779999,140.4,135.8,141.02,186.31
2026-09-24T09:15Z,78.86,78.86,73.05,97.92,97.92,189.24,132.67,,109.610001,140.33,135.75,140.95,189.24
2026-09-24T09:30Z,60.02,60.02,57.99,77.92,77.92,185.27,130.09,,88.879997,132.43,131.54,132.54,185.0
2026-09-24T09:45Z,36.1,53.68,42.86,63.78,63.78,190.94,134.37,,77.169998,131.0,131.0,131.0,179.45
2026-09-24T10:00Z,25.01,50.1,38.88,53.75,80.02,210.01,132.0,134.97,79.900002,136.63,133.33,137.08,183.6
2026-09-24T10:15Z,15.11,38.55,38.55,55.58,68.48,217.81,132.0,,82.089996,132.33,131.28,132.48,174.22
2026-09-24T10:30Z,13.88,35.48,35.48,49.99,56.37,203.29,136.96,,70.809998,130.0,130.0,130.0,170.61
2026-09-24T10:45Z,10.0,38.55,38.55,51.73,51.73,201.97,143.37,,71.18,129.78,129.78,129.78,167.29
2026-09-24T11:00Z,14.0,27.0,27.0,43.07,43.07,200.48,149.32,139.12,63.18,129.44,129.44,129.44,166.97
2026-09-24T11:15Z,10.03,23.5,23.5,36.94,36.94,215.33,149.32,,75.440002,128.58,128.58,128.58,170.27
2026-09-24T11:30Z,12.32,17.62,17.62,36.92,29.99,202.83,151.15,,68.230003,127.22,127.22,127.22,178.32
2026-09-24T11:45Z,10.05,20.0,20.0,40.71,29.99,221.14,155.05,,86.949997,126.72,126.73,126.72,178.04
2026-09-24T12:00Z,8.86,30.0,30.0,30.0,30.0,185.0,145.28,155.91,69.110001,128.63,128.63,128.63,183.6
2026-09-24T12:15Z,10.9,34.99,34.99,34.99,34.99,184.82,155.58,,66.160004,127.38,127.38,127.38,183.6
2026-09-24T12:30Z,24.0,38.66,38.66,39.94,39.94,226.4,154.36,,118.599998,127.89,127.89,127.89,185.0
2026-09-24T12:45Z,34.99,38.55,38.55,51.19,46.03,227.18,157.49,,123.050003,127.83,127.83,127.83,201.02
2026-09-24T13:00Z,38.66,38.66,38.66,42.59,42.59,178.42,143.71,173.01,85.510002,118.15,118.15,118.15,195.05
2026-09-24T13:15Z,61.86,38.77,38.77,70.14,66.1,196.12,159.85,,108.150002,119.21,119.21,119.21,204.76
2026-09-24T13:30Z,95.0,38.99,38.99,97.0,97.0,182.28,164.94,,109.400002,122.81,122.81,122.81,200.0
2026-09-24T13:45Z,108.0,73.61,40.0,110.22,110.22,206.75,184.22,,117.459999,125.05,125.05,125.05,216.92
2026-09-24T14:00Z,76.9,74.07,57.0,85.81,85.81,197.83,154.79,192.5,91.43,127.74,127.74,127.74,210.0
2026-09-24T14:15Z,108.86,95.13,70.0,108.86,108.86,199.11,161.03,,109.739998,129.81,129.81,129.81,226.71
2026-09-24T14:30Z,132.15,118.13,77.87,132.15,132.02,213.42,177.06,,132.199997,136.12,136.12,136.11,244.85
2026-09-24T14:45Z,152.8,152.8,86.18,155.42,156.4,229.56,220.21,,152.25,155.04,142.43,150.83,219.12
2026-09-24T15:00Z,141.6,141.6,80.46,134.04,154.17,190.0,223.81,205.1,140.059998,151.99,141.32,147.68,190.0
2026-09-24T15:15Z,170.89,170.89,89.83,162.51,183.46,208.97,246.97,,169.320007,172.79,155.93,164.7,208.97
2026-09-24T15:30Z,193.19,171.17,100.01,182.35,199.13,236.99,276.43,,191.039993,194.63,163.37,181.23,236.99
2026-09-24T15:45Z,214.43,214.43,110.7,206.58,226.02,248.36,269.18,,209.809998,216.46,171.21,197.7,240.5
2026-09-24T16:00Z,186.47,169.37,104.06,177.44,189.55,220.0,212.8,216.0,183.619995,189.51,174.3,179.42,220.0
2026-09-24T16:15Z,218.93,218.93,130.0,209.1,229.43,240.5,241.11,,214.589996,218.56,183.87,201.12,240.5
2026-09-24T16:30Z,236.02,233.27,169.33,236.02,237.58,255.07,251.98,,234.600006,238.54,187.94,215.58,247.22
2026-09-24T16:45Z,262.74,261.0,196.92,262.16,263.2,267.56,259.82,,262.160004,262.79,189.22,227.27,261.0
2026-09-24T17:00Z,249.33,251.4,186.0,250.01,250.62,255.02,243.86,256.16,248.539993,249.34,162.98,213.86,251.4
2026-09-24T17:15Z,263.79,265.8,207.06,264.45,264.91,267.1,260.51,,263.359985,262.83,163.28,224.05,265.8
2026-09-24T17:30Z,267.94,267.94,254.91,268.11,268.18,269.68,266.32,,267.690002,267.42,163.63,218.97,267.94
2026-09-24T17:45Z,288.23,288.23,288.23,288.23,288.23,288.23,288.23,,288.230011,288.19,163.22,217.22,288.23
2026-09-24T18:00Z,272.65,272.65,272.65,272.65,272.65,272.65,272.65,253.62,272.649994,272.58,159.78,217.43,272.65
2026-09-24T18:15Z,265.8,265.8,275.0,265.8,265.8,265.8,265.8,,265.799988,265.79,159.7,216.29,265.8
2026-09-24T18:30Z,253.5,253.5,284.28,253.5,253.5,253.5,253.5,,253.5,253.55,159.51,213.97,253.5
2026-09-24T18:45Z,248.05,248.05,284.28,248.05,248.05,248.05,248.05,,248.050003,248.1,159.17,206.84,248.05
2026-09-24T19:00Z,240.29,240.29,263.5,240.29,240.29,240.29,240.29,216.64,240.289993,240.31,158.91,195.2,240.29
2026-09-24T19:15Z,230.0,230.9,263.5,230.02,230.39,231.63,228.36,,229.809998,229.52,158.85,171.15,230.9
2026-09-24T19:30Z,223.38,224.17,253.01,223.44,223.77,224.76,222.0,,223.229996,222.98,158.81,156.0,224.17
2026-09-24T19:45Z,209.62,210.4,232.28,209.67,210.0,211.0,208.23,,209.460007,209.23,158.82,143.18,210.4
2026-09-24T20:00Z,220.96,222.09,225.0,221.06,221.53,222.91,219.0,206.86,220.759995,220.43,158.4,166.18,222.09
2026-09-24T20:15Z,204.52,205.95,210.51,204.64,205.24,207.0,199.65,,204.259995,203.84,158.35,139.58,205.95
2026-09-24T20:30Z,201.0,202.67,207.06,201.14,201.83,203.88,169.1,,200.699997,200.19,158.28,127.26,202.67
2026-09-24T20:45Z,192.99,194.87,198.8,193.15,193.93,196.24,153.45,,192.649994,192.11,158.19,120.16,194.87
2026-09-24T21:00Z,196.93,198.86,207.16,197.16,197.93,200.22,173.14,194.33,196.669998,196.09,158.13,127.98,200.22
2026-09-24T21:15Z,188.32,190.36,200.0,188.56,189.38,191.78,153.44,,188.050003,187.45,158.03,118.95,193.94
2026-09-24T21:30Z,185.64,187.58,197.86,185.87,186.64,188.94,136.49,,185.369995,184.82,157.84,115.13,188.94
2026-09-24T21:45Z,181.14,182.5,196.65,181.3,181.84,183.45,128.49,,180.949997,180.58,157.47,113.61,182.5
2026-09-24T22:00Z,196.99,197.12,197.12,197.01,197.06,197.22,184.1,186.83,196.97,196.949997,155.3,120.29,198.26
2026-09-24T22:15Z,184.4,184.82,196.65,184.45,184.62,185.15,183.76,,184.34,184.229996,154.99,115.51,189.19
2026-09-24T22:30Z,175.79,176.3,195.24,175.85,176.05,176.68,166.65,,175.72,175.580002,154.23,114.74,185.0
2026-09-24T22:45Z,170.59,170.83,195.68,170.62,170.71,171.0,170.23,,170.56,170.5,153.8,113.73,178.19
2026-09-24T23:00Z,175.13,175.34,196.5,175.16,175.24,175.5,174.82,178.0,175.1,175.050003,154.06,113.4,185.0
2026-09-24T23:15Z,171.84,171.96,195.24,171.86,171.9,172.05,171.66,,171.83,171.800003,153.34,112.97,185.0
2026-09-24T23:30Z,171.43,171.6,194.99,171.44,171.51,171.73,171.16,,171.4,171.360001,151.76,111.88,185.0
2026-09-24T23:45Z,170.27,170.96,194.3,170.34,170.62,171.47,169.23,,170.16,169.970001,150.59,111.49,178.04
2026-09-25T00:00Z,167.76,168.83,190.0,166.94,168.04,170.0,165.75,176.44,167.66,167.229996,149.24,110.83,185.45
2026-09-25T00:15Z,166.49,167.62,187.31,165.61,166.78,168.86,164.35,,166.38,165.919998,148.66,110.52,185.45
2026-09-25T00:30Z,165.93,166.96,187.31,164.8,166.1,168.2,163.88,,165.86,165.410004,148.21,110.2,185.45
2026-09-25T00:45Z,162.38,162.32,187.31,162.37,162.7,165.04,160.24,,162.1,161.710007,147.23,108.43,185.42
2026-09-25T01:00Z,164.46,165.48,187.27,163.65,164.71,166.6,162.52,181.74,164.35,163.940002,149.0,109.48,191.3
2026-09-25T01:15Z,165.55,163.57,187.27,165.32,165.29,168.03,163.78,,165.23,164.940002,149.1,110.47,184.5
2026-09-25T01:30Z,169.18,163.99,187.27,164.9,166.76,171.51,167.65,,169.22,168.839996,149.99,111.07,184.47
2026-09-25T01:45Z,169.27,169.14,187.27,164.04,167.73,171.05,167.47,,169.68,169.089996,151.15,112.23,191.22
2026-09-25T02:00Z,172.29,158.58,187.23,165.16,166.88,175.0,171.38,185.99,172.33,172.089996,149.94,110.88,186.81
2026-09-25T02:15Z,170.87,155.25,186.0,160.8,163.97,173.23,170.26,,171.21,170.910004,149.99,111.62,189.3
2026-09-25T02:30Z,169.82,157.09,186.0,160.1,163.6,171.04,169.77,,170.34,170.110001,150.03,111.96,188.3
2026-09-25T02:45Z,165.87,164.94,187.23,158.62,163.38,167.01,164.57,,166.56,165.979996,148.51,112.37,188.35
2026-09-25T03:00Z,168.41,167.4,185.8,157.99,165.0,170.56,166.09,197.32,169.34,168.410004,145.85,108.42,185.0
2026-09-25T03:15Z,169.79,169.26,187.2,160.27,166.86,172.46,160.24,,170.57,169.610001,148.52,110.94,187.1
2026-09-25T03:30Z,192.29,187.11,187.2,168.3,183.33,194.07,142.94,,194.65,193.110001,147.61,112.21,207.13
2026-09-25T03:45Z,221.15,177.6,189.4,176.89,196.26,224.52,127.6,,218.94,222.970001,148.04,115.52,234.02
2026-09-25T04:00Z,204.38,196.18,196.18,166.68,190.01,207.13,173.59,235.3,208.32,205.929993,144.97,107.6,214.19
2026-09-25T04:15Z,236.08,197.12,197.12,177.08,202.48,231.71,187.32,,242.74,239.130005,146.47,119.27,242.81
2026-09-25T04:30Z,236.44,199.56,199.56,183.2,205.4,232.39,224.89,,242.45,239.059998,148.63,141.99,232.39
2026-09-25T04:45Z,264.16,210.94,210.94,192.64,220.83,254.38,260.58,,272.58,268.209991,151.54,156.68,254.38
2026-09-25T05:00Z,252.93,219.93,219.93,198.78,223.61,257.26,250.17,248.44,259.59,254.889999,156.43,129.99,257.14
2026-09-25T05:15Z,266.66,237.02,237.02,201.57,235.33,263.81,264.7,,274.81,269.959991,156.81,140.0,263.81
2026-09-25T05:30Z,273.61,243.97,243.97,204.38,241.01,267.97,271.82,,282.33,277.470001,157.01,149.99,267.97
2026-09-25T05:45Z,252.41,246.06,246.06,225.55,241.85,251.08,252.23,,255.73,253.929993,157.01,157.23,251.08
2026-09-25T06:00Z,290.87,261.99,261.99,220.63,258.19,284.84,288.71,236.78,298.97,294.399994,170.56,144.71,262.76
2026-09-25T06:15Z,260.69,251.3,251.3,221.58,245.28,258.74,260.22,,265.2,262.730011,167.82,157.11,252.24
2026-09-25T06:30Z,243.4,235.0,235.0,209.99,230.14,241.77,243.02,,247.23,245.130005,167.56,161.67,247.36
2026-09-25T06:45Z,203.99,200.0,200.0,197.64,200.88,203.96,204.06,,204.59,204.289993,166.61,153.17,228.01
2026-09-25T07:00Z,235.46,201.18,201.18,229.88,225.32,239.07,237.43,198.1,234.49,235.460007,175.49,153.0,239.93
2026-09-25T07:15Z,202.74,199.3,199.3,202.18,201.73,203.11,202.94,,202.65,202.759995,174.3,154.32,221.66
2026-09-25T07:30Z,189.27,189.27,189.27,189.27,189.27,189.27,189.27,,189.27,189.279999,166.4,153.24,205.0
2026-09-25T07:45Z,157.5,157.5,157.5,157.5,157.5,157.5,157.5,,157.5,157.5,153.05,148.23,182.69
2026-09-25T08:00Z,182.5,163.0,163.0,179.44,177.44,184.45,183.57,161.89,181.94,182.470001,162.86,150.0,232.14
2026-09-25T08:15Z,165.0,148.0,120.98,161.84,161.84,166.75,165.96,,164.47,165.0,153.68,146.95,223.0
2026-09-25T08:30Z,148.66,140.99,112.33,147.57,147.16,150.63,151.33,,148.49,148.75,144.83,144.7,212.0
2026-09-25T08:45Z,137.99,100.01,100.01,131.18,131.18,146.19,158.87,,136.96,138.309998,138.32,138.31,206.55
2026-09-25T09:00Z,137.82,97.06,93.89,133.35,132.37,147.09,158.87,135.6,137.16,138.220001,138.22,138.22,208.32
2026-09-25T09:15Z,123.02,85.2,85.2,119.25,119.25,138.96,158.88,,122.94,126.639999,130.4,126.32,188.02
2026-09-25T09:30Z,100.36,72.89,72.89,99.01,99.01,135.17,160.44,,101.04,107.019997,127.89,123.02,173.49
2026-09-25T09:45Z,72.42,55.88,55.88,72.42,72.42,152.15,180.63,,100.24,102.25,123.84,105.97,170.57
2026-09-25T10:00Z,85.78,52.88,52.88,83.4,81.46,150.38,158.88,87.24,116.47,118.599998,129.41,118.3,170.53
2026-09-25T10:15Z,62.83,38.99,38.99,62.83,61.5,151.72,158.88,,103.09,104.980003,130.27,104.84,165.74
2026-09-25T10:30Z,49.38,47.76,47.76,53.35,53.53,155.65,158.88,,96.35,98.230003,130.42,100.52,161.45
2026-09-25T10:45Z,42.75,42.75,42.75,47.15,47.56,152.91,160.7,,88.35,89.970001,130.75,89.97,159.09
2026-09-25T11:00Z,39.01,38.99,38.99,43.55,43.92,155.8,156.94,76.04,101.86,103.730003,126.98,103.11,155.8
2026-09-25T11:15Z,36.12,36.12,36.12,40.73,41.13,154.59,153.93,,97.78,99.57,127.64,99.04,155.97
2026-09-25T11:30Z,26.14,26.14,26.14,31.23,31.7,156.9,181.88,,92.44,94.18,127.57,94.77,160.0
2026-09-25T11:45Z,19.17,19.17,19.17,24.2,24.68,145.04,178.45,,84.3,85.849998,127.84,85.59,155.8
2026-09-25T12:00Z,23.12,23.12,23.12,28.07,28.49,146.06,236.01,77.77,79.88,81.330002,120.29,78.61,169.93
2026-09-25T12:15Z,35.0,35.0,35.0,39.87,40.29,153.76,160.24,,87.63,89.230003,119.28,85.1,167.64
2026-09-25T12:30Z,39.94,38.99,38.99,45.11,45.51,159.78,161.08,,83.45,84.970001,118.16,80.54,169.93
2026-09-25T12:45Z,61.49,39.1,39.1,61.49,61.49,152.57,162.67,,89.85,91.480003,120.01,87.5,173.0
2026-09-25T13:00Z,40.0,39.1,39.1,44.49,44.85,143.85,155.98,148.53,75.55,76.93,123.05,75.35,169.93
2026-09-25T13:15Z,73.58,39.1,39.1,73.52,73.58,140.23,158.87,,76.88,78.290001,124.53,76.78,169.93
2026-09-25T13:30Z,107.83,38.66,38.66,103.7,103.7,156.88,165.25,,108.2,110.870003,124.44,108.15,165.0
2026-09-25T13:45Z,126.76,44.01,44.01,121.71,121.71,183.29,202.75,,127.04,128.669998,130.88,112.6,185.22
2026-09-25T14:00Z,119.91,65.0,65.0,116.29,115.37,159.78,184.2,167.24,119.74,121.940002,127.82,111.65,165.53
2026-09-25T14:15Z,142.44,69.0,69.0,133.09,128.52,168.96,184.04,,140.88,143.460007,135.6,116.04,173.49
2026-09-25T14:30Z,165.0,74.61,74.61,152.73,147.13,197.44,171.62,,162.44,162.600006,145.81,120.0,205.63
2026-09-25T14:45Z,190.71,106.82,88.54,179.01,173.73,217.55,200.14,,188.74,187.869995,154.06,118.41,195.75
2026-09-25T15:00Z,157.71,142.48,91.5,155.97,154.43,194.15,165.81,201.4,157.25,160.130005,150.19,130.88,161.27
2026-09-25T15:15Z,192.8,171.9,100.65,190.09,187.84,234.85,203.92,,190.64,193.039993,155.98,129.99,172.75
2026-09-25T15:30Z,206.21,178.75,111.42,201.02,200.0,234.53,214.97,,202.25,206.389999,156.39,134.44,193.38
2026-09-25T15:45Z,239.26,204.01,115.0,233.93,229.45,247.0,242.64,,238.5,239.240005,156.48,136.9,217.0
2026-09-25T16:00Z,202.24,202.24,105.0,201.37,201.94,204.49,200.72,237.98,200.8,201.779999,156.85,136.81,202.24
2026-09-25T16:15Z,230.0,229.77,125.0,229.61,229.77,231.84,228.69,,229.33,229.529999,157.75,142.46,229.77
2026-09-25T16:30Z,248.72,239.54,187.65,247.51,244.31,246.97,247.94,,248.07,248.580002,162.91,140.0,239.54
2026-09-25T16:45Z,284.74,272.29,210.01,283.08,278.75,282.19,283.8,,283.83,284.640015,164.68,130.0,272.29
2026-09-25T17:00Z,291.76,242.5,195.0,285.18,268.0,281.89,288.2,253.66,292.35,291.450012,163.28,157.51,242.5
2026-09-25T17:15Z,305.47,248.58,220.99,297.87,278.03,294.06,301.36,,306.15,305.160004,163.82,145.1,248.58
2026-09-25T17:30Z,315.78,255.1,255.1,307.67,286.52,303.62,311.4,,316.51,315.470001,163.95,140.0,255.1
2026-09-25T17:45Z,300.7,287.13,287.13,298.89,294.16,297.98,299.72,,300.86,300.48999,163.93,155.34,287.13
2026-09-25T18:00Z,270.0,270.0,270.0,270.0,270.0,270.0,270.0,250.0,270.0,269.899994,161.15,144.99,270.0
2026-09-25T18:15Z,255.0,255.0,255.0,255.0,255.0,255.0,255.0,,255.0,254.949997,161.42,132.85,255.0
2026-09-25T18:30Z,246.96,247.73,251.3,247.01,247.31,248.54,245.99,,246.85,246.580002,161.21,125.62,247.73
2026-09-25T18:45Z,236.7,237.51,244.81,236.74,237.06,238.36,235.66,,236.57,236.309998,160.78,120.0,237.51
2026-09-25T19:00Z,244.18,244.81,244.81,244.21,244.45,245.33,243.36,224.38,244.1,243.869995,159.69,126.29,244.81
2026-09-25T19:15Z,231.25,232.14,240.0,231.3,231.63,232.87,230.1,,231.14,230.860001,159.24,120.0,232.14
2026-09-25T19:30Z,218.38,219.97,220.0,218.46,219.06,221.29,198.5,,218.17,217.690002,158.68,117.24,219.97
2026-09-25T19:45Z,202.89,204.46,204.46,203.03,203.64,205.7,175.46,,202.71,202.240005,157.82,116.51,204.46
2026-09-25T20:00Z,219.99,220.92,220.92,220.1,220.46,221.61,175.55,207.47,219.86,219.610001,157.5,117.87,220.92
2026-09-25T20:15Z,208.59,210.0,210.0,208.75,209.3,211.05,162.28,,208.38,207.990005,157.34,117.59,210.0
2026-09-25T20:30Z,202.11,203.67,203.67,202.29,202.9,204.84,158.87,,201.88,201.449997,157.05,116.99,203.67
2026-09-25T20:45Z,194.72,196.65,196.65,194.94,195.69,198.09,155.23,,194.43,193.889999,156.76,116.75,196.65
2026-09-25T21:00Z,199.81,201.18,201.18,200.1,200.72,202.1,144.3,195.6,199.6,199.270004,156.58,116.82,201.18
2026-09-25T21:15Z,193.53,198.5,198.5,188.59,200.57,198.5,158.87,,192.81,192.619995,156.41,116.99,198.5
2026-09-25T21:30Z,182.41,194.86,194.86,166.41,202.31,194.86,160.24,,180.57,180.639999,156.23,116.29,194.86
2026-09-25T21:45Z,171.29,185.3,185.3,152.9,193.92,185.3,160.24,,169.22,169.350006,155.02,113.34,185.3
2026-09-25T22:00Z,205.94,207.72,207.72,206.57,206.97,215.3,182.7,193.3,205.5,204.87,153.54,100.68,215.3
2026-09-25T22:15Z,199.14,201.51,201.51,199.97,200.52,213.93,193.81,,198.440002,197.51,153.48,70.53,213.93
2026-09-25T22:30Z,194.54,194.81,194.81,194.61,194.68,195.83,194.3,,194.470001,194.39,153.38,70.08,196.99
2026-09-25T22:45Z,185.56,186.47,187.92,185.88,186.08,189.65,184.83,,185.369995,185.08,153.31,60.0,193.31
2026-09-25T23:00Z,187.85,189.42,189.42,188.44,188.77,194.72,186.61,186.48,187.589996,187.1,153.72,56.56,200.8
2026-09-25T23:15Z,184.4,185.76,185.76,184.91,185.2,190.36,183.32,,184.169998,183.74,153.67,49.06,195.65
2026-09-25T23:30Z,182.86,184.41,184.41,183.44,183.77,189.64,181.63,,182.600006,182.11,153.63,41.18,195.65
2026-09-25T23:45Z,181.02,182.59,183.36,181.61,181.94,187.89,179.77,,180.75,180.26,153.58,33.32,193.99
2026-09-26T00:00Z,181.33,183.13,184.18,182.01,182.39,189.18,179.73,185.0,181.029999,180.47,153.36,40.27,196.13
2026-09-26T00:15Z,179.17,181.63,184.02,180.1,180.61,189.92,176.98,,178.759995,177.99,153.31,31.74,199.46
2026-09-26T00:30Z,173.17,176.13,184.02,174.3,174.91,186.09,170.55,,172.690002,171.77,153.28,56.0,195.45
2026-09-26T00:45Z,166.7,169.87,183.08,167.9,168.56,180.54,163.89,,166.179993,165.19,153.23,52.22,180.54
2026-09-26T01:00Z,165.93,169.43,183.08,167.24,167.97,181.29,162.37,181.88,165.320007,164.22,152.22,38.48,192.0
2026-09-26T01:15Z,163.25,166.35,183.08,164.41,165.06,176.9,160.08,,162.699997,161.72,151.35,41.36,185.5
2026-09-26T01:30Z,162.56,165.51,184.02,163.66,164.28,175.51,159.56,,162.050003,161.12,151.31,49.62,185.52
2026-09-26T01:45Z,162.47,165.12,183.43,163.46,164.02,174.12,159.77,,162.009995,161.17,151.29,49.64,177.38
2026-09-26T02:00Z,159.61,163.01,184.0,160.88,161.59,174.59,156.11,180.06,159.009995,157.94,150.88,46.91,187.87
2026-09-26T02:15Z,160.35,163.56,184.02,161.55,162.22,174.52,157.04,,159.779999,158.77,150.85,49.96,187.08
2026-09-26T02:30Z,161.3,163.56,184.02,162.14,162.62,171.25,158.98,,160.899994,160.19,150.85,42.53,180.07
2026-09-26T02:45Z,161.76,164.07,184.18,162.62,163.11,171.95,159.38,,161.350006,160.62,150.86,44.53,180.98
2026-09-26T03:00Z,159.09,161.62,184.02,160.04,160.56,170.22,156.53,183.12,158.649994,157.85,151.48,52.85,180.08
2026-09-26T03:15Z,158.03,161.59,184.18,159.36,160.1,173.67,154.43,,157.410004,156.29,151.52,34.28,185.5
2026-09-26T03:30Z,160.44,163.54,184.18,161.6,162.24,174.04,157.31,,159.899994,158.92,151.54,35.75,175.19
2026-09-26T03:45Z,164.62,168.06,184.18,165.91,166.62,179.7,161.15,,164.020004,162.94,152.35,35.77,193.07
2026-09-26T04:00Z,167.7,170.16,184.02,168.52,169.06,178.99,165.06,193.3,167.080002,166.26,152.09,34.48,189.13
2026-09-26T04:15Z,176.77,178.75,184.02,177.43,177.87,185.83,174.65,,176.279999,175.61,152.7,38.29,193.97
2026-09-26T04:30Z,181.6,184.15,184.15,182.45,183.01,193.3,178.86,,180.960007,180.11,152.79,53.55,203.81
2026-09-26T04:45Z,188.88,190.61,190.61,189.46,189.84,196.83,187.02,,188.449997,187.87,152.87,56.83,203.98
2026-09-26T05:00Z,192.05,194.92,194.92,193.01,193.64,204.99,188.52,191.01,191.350006,190.46,152.7,33.51,216.56
2026-09-26T05:15Z,194.29,196.88,196.88,195.16,195.73,205.94,191.12,,193.669998,192.87,152.8,53.79,226.71
2026-09-26T05:30Z,194.14,195.6,195.6,194.63,194.95,200.73,192.34,,193.779999,193.33,152.92,57.56,223.61
2026-09-26T05:45Z,196.76,196.76,196.76,196.76,196.76,196.76,196.76,,196.759995,196.76,153.0,70.24,200.32
2026-09-26T06:00Z,210.93,211.34,211.34,211.07,211.17,213.82,197.32,185.36,210.779999,210.62,153.16,63.25,262.08
2026-09-26T06:15Z,203.0,203.0,203.0,203.0,203.0,203.0,159.91,,203.0,203.0,153.21,72.38,207.3
2026-09-26T06:30Z,187.34,187.34,188.29,187.34,187.34,187.34,153.01,,187.339996,187.35,153.28,76.5,187.34
2026-09-26T06:45Z,166.4,166.4,170.0,166.4,166.4,166.4,130.25,,166.399994,166.4,153.35,67.6,166.4
2026-09-26T07:00Z,193.17,193.17,193.17,193.17,193.17,193.17,127.39,149.4,193.169998,193.17,154.07,76.67,265.0
2026-09-26T07:15Z,165.98,165.98,165.98,165.98,165.98,165.98,132.32,,165.979996,165.98,151.77,73.31,233.55
2026-09-26T07:30Z,139.03,139.03,139.03,139.03,139.03,139.03,139.03,,139.029999,139.03,144.49,63.53,187.87
2026-09-26T07:45Z,127.59,127.59,111.2,127.59,127.59,127.59,127.59,,127.589996,127.59,135.71,55.99,173.58
2026-09-26T08:00Z,132.41,132.41,105.07,132.41,132.41,132.41,132.41,109.0,132.410004,132.41,132.58,71.61,215.09
2026-09-26T08:15Z,120.56,120.56,89.63,120.56,120.56,120.56,120.56,,120.559998,120.56,124.63,43.32,185.03
2026-09-26T08:30Z,104.99,104.99,38.66,104.99,104.99,104.99,104.99,,104.989998,104.97,106.38,37.55,181.76
2026-09-26T08:45Z,90.0,97.54,2.99,101.02,102.66,92.0,91.22,,90.5,90.55,95.79,35.4,158.52
2026-09-26T09:00Z,78.49,78.49,6.74,78.49,78.49,78.49,78.49,48.19,78.489998,78.47,89.98,49.31,175.3
2026-09-26T09:15Z,59.07,59.02,1.5,60.73,61.43,59.02,59.08,,59.27,59.17,79.19,45.1,176.1
2026-09-26T09:30Z,46.32,46.32,1.08,46.32,46.32,46.32,46.32,,46.32,46.31,70.85,36.21,149.0
2026-09-26T09:45Z,28.53,39.62,1.08,54.2,54.72,29.99,29.47,,31.68,32.09,61.08,28.29,149.0
2026-09-26T10:00Z,17.33,30.3,1.08,47.46,48.12,18.29,16.6,9.35,23.790001,29.79,24.49,29.17,149.0
2026-09-26T10:15Z,12.51,26.93,1.03,45.98,46.8,13.93,12.6,,18.290001,22.18,18.88,21.57,149.0
2026-09-26T10:30Z,9.47,22.31,0.92,39.26,40.0,10.73,9.55,,14.63,18.09,15.12,17.45,149.0
2026-09-26T10:45Z,4.71,16.15,0.92,31.29,31.86,5.5,3.91,,13.22,16.42,10.96,15.82,145.12
2026-09-26T11:00Z,4.64,11.42,0.84,23.83,25.39,4.75,3.28,1.5,12.59,16.14,10.28,15.58,130.17
2026-09-26T11:15Z,3.73,2.22,0.73,16.01,22.03,2.22,1.32,,11.49,15.36,9.03,14.82,125.73
2026-09-26T11:30Z,2.43,0.76,0.71,17.12,24.27,0.86,0.13,,10.46,13.79,7.87,13.13,130.36
2026-09-26T11:45Z,2.42,0.76,0.54,17.15,24.31,0.86,0.14,,12.47,13.22,10.41,12.34,126.34
2026-09-26T12:00Z,9.02,8.99,0.66,9.98,10.39,8.99,9.02,4.3,9.14,9.56,7.03,8.65,129.33
2026-09-26T12:15Z,12.51,12.51,0.54,12.51,12.51,12.51,12.51,,12.51,12.92,13.06,12.0,114.0
2026-09-26T12:30Z,23.3,23.3,0.51,23.3,23.3,23.3,23.3,,23.299999,22.9,24.15,22.18,133.0
2026-09-26T12:45Z,28.97,25.02,0.51,31.07,31.85,28.26,28.64,,29.290001,29.07,30.31,28.4,148.79
2026-09-26T13:00Z,23.0,23.0,0.45,23.0,23.0,23.0,23.0,50.0,23.0,22.99,23.9,21.44,97.0
2026-09-26T13:15Z,40.0,40.0,0.45,40.0,40.0,40.0,51.17,,40.0,39.99,41.41,28.08,99.99
2026-09-26T13:30Z,59.82,35.93,0.51,72.2,76.95,55.44,86.1,,61.610001,60.49,63.73,40.0,148.79
2026-09-26T13:45Z,83.28,59.07,0.51,95.51,100.19,78.98,96.01,,85.050003,83.73,87.93,50.2,149.0
2026-09-26T14:00Z,91.58,62.43,0.58,88.56,87.25,93.7,103.71,135.0,91.080002,91.49,111.42,28.75,149.0
2026-09-26T14:15Z,122.8,95.77,0.92,120.0,118.78,124.77,123.78,,122.330002,122.72,124.56,27.59,149.0
2026-09-26T14:30Z,135.09,106.77,1.08,132.16,130.88,137.15,146.98,,134.600006,135.01,131.11,39.96,172.64
2026-09-26T14:45Z,160.1,160.1,1.5,160.1,160.1,160.1,160.1,,160.100006,160.04,145.69,62.51,211.88
2026-09-26T15:00Z,154.56,141.25,2.0,153.02,152.26,159.62,154.22,188.48,153.350006,153.89,143.25,72.74,159.62
2026-09-26T15:15Z,194.8,158.98,20.24,190.2,187.97,198.13,196.37,,191.179993,194.59,151.69,92.68,206.3
2026-09-26T15:30Z,215.13,128.03,39.1,202.68,191.75,223.73,219.24,,205.470001,213.25,151.96,82.76,266.06
2026-09-26T15:45Z,203.04,181.76,92.48,200.0,197.33,205.14,204.04,,200.660004,204.19,152.1,88.51,259.62
2026-09-26T16:00Z,196.0,169.94,97.7,192.1,188.83,201.49,195.66,221.73,194.960007,195.27,154.27,106.28,214.63
2026-09-26T16:15Z,206.37,202.75,115.7,205.82,205.36,206.87,206.42,,206.240005,206.25,154.34,103.57,210.08
2026-09-26T16:30Z,220.86,219.48,160.01,220.65,220.48,221.06,220.89,,220.809998,220.79,154.4,102.6,221.06
2026-09-26T16:45Z,234.23,234.23,195.18,234.23,234.23,234.23,234.23,,234.229996,234.21,154.45,105.73,234.23
2026-09-26T17:00Z,222.0,222.0,184.02,222.0,222.0,222.0,222.0,231.41,222.0,222.01,154.45,111.71,222.0
2026-09-26T17:15Z,230.46,230.46,210.0,230.46,230.46,230.46,230.46,,230.460007,230.46,154.49,109.99,230.46
2026-09-26T17:30Z,243.61,243.61,243.61,243.61,243.61,243.61,243.61,,243.610001,243.59,154.55,104.54,243.61
2026-09-26T17:45Z,251.08,251.08,251.08,251.08,251.08,251.08,251.08,,251.080002,251.04,154.57,100.0,251.08
2026-09-26T18:00Z,238.97,238.97,238.97,238.97,238.97,238.97,238.97,225.68,238.970001,238.98,154.47,107.01,238.97
2026-09-26T18:15Z,232.0,232.0,232.0,232.0,232.0,232.0,232.0,,232.0,231.98,154.46,102.54,232.0
2026-09-26T18:30Z,222.48,222.48,222.48,222.48,222.48,222.48,222.48,,222.479996,222.49,154.47,106.44,222.48
2026-09-26T18:45Z,211.99,211.99,211.99,211.99,211.99,211.99,211.99,,211.990005,212.01,154.44,104.92,211.99
2026-09-26T19:00Z,218.18,218.18,218.18,218.18,218.18,218.18,218.18,210.75,218.179993,218.19,154.57,102.59,218.18
2026-09-26T19:15Z,210.24,210.24,210.24,210.24,210.24,210.24,210.24,,210.240005,210.25,154.54,98.61,221.72
2026-09-26T19:30Z,205.53,205.53,205.53,205.53,205.53,205.53,205.53,,205.529999,205.54,154.52,95.24,207.1
2026-09-26T19:45Z,200.0,200.0,200.0,200.0,200.0,200.0,200.0,,200.0,200.01,154.49,88.28,200.0
2026-09-26T20:00Z,207.0,207.0,207.0,207.0,207.0,207.0,207.0,200.6,207.0,207.01,154.32,88.11,212.17
2026-09-26T20:15Z,200.62,200.62,200.62,200.62,200.62,200.62,200.62,,200.619995,200.62,154.28,76.81,200.62
2026-09-26T20:30Z,197.73,197.73,197.73,197.73,197.73,197.73,197.73,,197.729996,197.73,154.25,70.29,197.73
2026-09-26T20:45Z,191.89,191.89,191.89,191.89,191.89,191.89,191.89,,191.889999,191.89,154.21,57.04,191.89
2026-09-26T21:00Z,195.2,195.2,195.2,195.2,195.2,195.2,195.2,189.0,195.199997,195.21,154.23,91.44,195.2
2026-09-26T21:15Z,188.45,188.45,188.45,188.45,188.45,188.45,188.45,,188.449997,188.46,154.19,78.18,188.45
2026-09-26T21:30Z,182.55,182.55,182.55,182.55,182.55,182.55,182.55,,182.550003,182.56,154.17,73.78,182.55
2026-09-26T21:45Z,177.8,177.8,177.8,177.8,177.8,177.8,177.8,,177.800003,177.81,154.12,74.2,177.8
2026-09-26T22:00Z,192.07,192.07,192.07,192.07,192.07,192.07,192.07,193.81,192.070007,192.08,152.7,59.5,192.07
2026-09-26T22:15Z,185.95,187.0,187.0,186.33,186.57,193.82,182.9,,185.619995,185.18,152.66,66.79,193.82
2026-09-26T22:30Z,182.68,183.34,183.34,182.92,183.07,187.6,180.78,,182.479996,182.21,152.63,73.74,187.6
2026-09-26T22:45Z,172.18,172.83,172.83,172.42,172.57,177.09,170.27,,171.970001,171.7,152.6,87.6,184.62
2026-09-26T23:00Z,180.47,180.7,180.7,180.56,180.61,182.16,179.82,187.59,180.399994,180.31,152.39,61.85,203.67
2026-09-26T23:15Z,178.0,178.0,178.0,178.0,178.0,178.0,178.0,,178.0,178.01,152.35,73.15,189.69
2026-09-26T23:30Z,176.62,176.62,176.62,176.62,176.62,176.62,176.62,,176.619995,176.63,152.33,78.72,179.2
2026-09-26T23:45Z,178.0,178.0,178.0,178.0,178.0,178.0,178.0,,178.0,178.01,152.3,83.91,179.2
2026-09-27T00:00Z,176.0,176.0,176.0,176.0,176.0,176.0,176.0,176.0,176.0,176.01,151.52,77.59,176.01
2026-09-27T00:15Z,171.31,171.31,171.31,171.31,171.31,171.31,171.31,,171.309998,171.32,151.32,90.41,171.31
2026-09-27T00:30Z,169.97,169.97,169.97,169.97,169.97,169.97,169.97,,169.970001,169.98,151.12,85.8,176.01
2026-09-27T00:45Z,168.08,168.08,168.08,168.08,168.08,168.08,168.08,,168.080002,168.1,150.96,94.8,168.08
2026-09-27T01:00Z,168.16,168.16,168.16,168.16,168.16,168.16,168.16,170.12,168.160004,168.17,150.27,84.08,168.16
2026-09-27T01:15Z,166.78,166.78,166.78,166.78,166.78,166.78,166.78,,166.779999,166.79,150.17,86.84,166.78
2026-09-27T01:30Z,165.4,165.4,165.4,165.4,165.4,165.4,165.4,,165.399994,165.41,150.02,92.07,165.4
2026-09-27T01:45Z,165.39,165.39,165.39,165.39,165.39,165.39,165.39,,165.389999,165.4,149.95,95.03,165.39
2026-09-27T02:00Z,165.0,165.0,165.0,165.0,165.0,165.0,165.0,167.04,165.0,165.01,149.87,93.75,165.0
2026-09-27T02:15Z,160.83,160.83,160.83,160.83,160.83,160.83,160.83,,160.830002,160.84,149.83,99.99,167.08
2026-09-27T02:30Z,160.44,160.44,160.44,160.44,160.44,160.44,160.44,,160.440002,160.45,149.77,100.52,170.53
2026-09-27T02:45Z,160.0,160.0,160.0,160.0,160.0,160.0,160.0,,160.0,160.01,149.77,100.27,182.31
2026-09-27T03:00Z,160.44,160.44,160.44,160.44,160.44,160.44,160.44,166.79,160.440002,160.45,149.07,98.37,186.99
2026-09-27T03:15Z,158.08,158.08,158.08,158.08,158.08,158.08,158.08,,158.080002,158.09,149.15,97.56,173.72
2026-09-27T03:30Z,159.4,159.4,159.4,159.4,159.4,159.4,159.4,,159.399994,159.41,149.19,98.34,176.68
2026-09-27T03:45Z,156.76,156.76,156.76,156.76,156.76,156.76,156.76,,156.759995,154.09,149.22,99.96,173.07
2026-09-27T04:00Z,156.03,156.25,156.25,156.11,156.16,157.58,155.36,174.44,155.949997,158.55,147.11,97.15,190.45
2026-09-27T04:15Z,156.05,156.79,156.79,156.31,156.48,161.26,153.8,,155.789993,155.48,147.22,96.34,178.83
2026-09-27T04:30Z,162.42,163.19,163.19,162.69,162.87,167.82,160.09,,162.149994,161.83,147.37,99.94,191.92
2026-09-27T04:45Z,162.85,163.77,163.77,163.17,163.38,169.35,160.04,,162.520004,162.13,147.47,102.91,179.2
2026-09-27T05:00Z,165.56,169.21,169.21,166.87,167.68,190.29,154.96,171.19,164.380005,162.87,134.72,99.28,212.11
2026-09-27T05:15Z,157.95,160.68,166.78,158.93,159.54,176.48,150.0,,157.059998,155.93,133.76,97.28,206.71
2026-09-27T05:30Z,146.68,147.95,168.36,147.14,147.42,155.31,142.98,,146.270004,145.75,133.08,92.45,203.67
2026-09-27T05:45Z,134.63,134.63,168.36,134.63,134.63,134.63,134.63,,134.630005,134.63,126.72,90.66,186.99
2026-09-27T06:00Z,160.43,160.43,171.2,160.43,160.43,160.43,160.43,155.58,160.429993,160.45,139.75,95.47,242.08
2026-09-27T06:15Z,143.86,143.86,166.78,143.86,143.86,143.86,143.86,,143.860001,143.87,133.63,89.4,211.2
2026-09-27T06:30Z,119.48,119.48,157.4,119.48,119.48,119.48,119.48,,119.480003,119.48,126.73,76.17,175.91
2026-09-27T06:45Z,87.03,95.84,125.1,99.98,101.74,89.62,92.33,,87.68,87.8,112.5,61.57,150.81
2026-09-27T07:00Z,101.36,110.16,121.38,113.49,115.43,110.16,100.95,68.0,100.599998,99.67,98.28,51.12,200.0
2026-09-27T07:15Z,76.32,80.97,104.81,80.82,81.95,80.97,57.09,,74.879997,73.22,83.26,48.84,162.3
2026-09-27T07:30Z,30.96,37.22,83.92,39.94,41.3,37.22,25.21,,30.610001,30.19,66.27,26.86,141.36
2026-09-27T07:45Z,18.32,23.14,23.14,25.59,26.62,23.14,16.37,,18.32,19.94,58.48,18.86,126.66
2026-09-27T08:00Z,5.51,36.14,38.55,53.34,59.36,9.46,1.15,11.77,37.66,34.49,47.81,32.5,136.0
2026-09-27T08:15Z,0.06,15.85,15.85,25.0,28.01,1.52,-3.52,,16.940001,21.1,14.36,20.23,108.23
2026-09-27T08:30Z,0.0,4.47,4.47,7.07,7.92,0.39,-1.06,,4.79,6.77,6.37,20.88,65.0
2026-09-27T08:45Z,0.0,1.5,1.5,2.38,2.66,0.12,-0.39,,1.63,2.95,6.21,19.74,46.5
2026-09-27T09:00Z,0.0,0.89,0.89,2.03,1.69,-0.49,-1.6,-1.0,2.1,7.17,2.03,19.16,57.0
2026-09-27T09:15Z,-0.01,0.0,0.0,0.27,0.14,-0.47,-1.1,,1.54,4.97,1.46,19.87,51.31
2026-09-27T09:30Z,-0.09,0.0,0.0,0.22,0.17,-0.43,-0.94,,1.34,4.0,1.12,19.88,70.0
2026-09-27T09:45Z,-0.19,0.0,0.0,0.27,0.25,-0.52,-1.04,,1.33,3.93,1.01,19.87,61.31
2026-09-27T10:00Z,-1.01,-0.01,-0.01,0.71,0.87,-1.23,-1.98,-2.0,2.0,3.97,0.43,19.1,94.99
2026-09-27T10:15Z,-1.76,-0.01,-0.01,1.12,1.45,-1.88,-2.83,,1.99,3.92,-0.02,18.93,90.0
2026-09-27T10:30Z,-2.02,-0.01,-0.01,1.22,1.62,-2.02,-2.91,,1.54,3.11,-0.03,19.1,92.79
2026-09-27T10:45Z,-2.99,-0.01,-0.01,1.7,2.34,-2.76,-3.77,,1.36,2.15,-0.04,19.56,87.0
2026-09-27T11:00Z,-2.21,-0.11,-0.07,1.14,1.58,-2.14,-2.9,-5.24,1.34,2.13,-0.05,19.46,67.59
2026-09-27T11:15Z,-2.95,-0.11,-0.07,1.55,2.15,-2.8,-3.75,,1.33,2.11,-0.05,19.21,65.0
2026-09-27T11:30Z,-2.76,-1.24,-0.05,-0.3,0.0,-2.82,-3.5,,0.8,1.6,-0.06,19.54,71.03
2026-09-27T11:45Z,-2.02,-2.03,-0.02,-1.9,-1.95,-2.31,-2.66,,0.5,1.31,-0.07,19.53,67.09
2026-09-27T12:00Z,-2.0,-0.11,-0.01,-0.01,1.34,-1.77,-2.3,-4.64,0.05,0.74,-0.06,16.19,132.67
2026-09-27T12:15Z,-1.02,-0.11,-0.01,0.0,0.55,-0.8,-0.92,,0.09,0.91,-0.06,19.41,115.73
2026-09-27T12:30Z,-0.21,-0.11,-0.01,-0.06,-0.04,-0.19,-0.2,,0.01,0.84,0.0,19.76,136.0
2026-09-27T12:45Z,-0.12,-0.11,-0.01,-0.1,-0.1,-0.12,-0.12,,0.0,0.94,0.09,22.38,136.0
2026-09-27T13:00Z,-0.01,-0.01,-0.01,-0.01,-0.01,-0.01,-0.01,-0.69,0.0,0.77,43.22,18.04,104.2
2026-09-27T13:15Z,-0.01,-0.01,-0.01,-0.01,-0.01,-0.01,-0.01,,0.0,0.72,42.25,16.78,132.99
2026-09-27T13:30Z,0.0,0.0,0.0,0.0,0.0,0.0,0.0,,0.0,1.59,44.3,19.69,136.0
2026-09-27T13:45Z,0.0,0.0,0.0,0.0,0.0,0.0,0.0,,0.0,1.6,48.25,28.33,138.09
2026-09-27T14:00Z,0.0,0.0,0.0,0.0,0.0,0.0,0.0,22.03,0.02,1.6,66.31,20.75,136.0
2026-09-27T14:15Z,0.15,0.15,0.15,0.15,0.15,0.15,41.14,,0.18,2.15,68.54,22.94,161.12
2026-09-27T14:30Z,7.01,7.01,1.99,7.01,7.01,7.01,100.11,,7.01,8.18,72.44,34.22,222.11
2026-09-27T14:45Z,45.25,45.25,3.43,45.25,45.25,45.25,103.31,,45.25,46.05,83.44,56.43,342.53
2026-09-27T15:00Z,41.25,41.25,5.88,41.25,41.25,41.25,126.5,164.8,41.25,42.53,109.67,40.93,186.99
2026-09-27T15:15Z,92.71,92.71,38.66,93.99,93.99,136.65,113.0,,92.449997,94.15,120.21,83.43,256.96
2026-09-27T15:30Z,144.61,144.61,83.17,144.75,144.87,166.54,150.64,,139.679993,142.25,129.0,100.94,246.06
2026-09-27T15:45Z,178.48,179.2,100.0,179.12,179.12,183.88,180.41,,175.389999,177.87,142.89,102.84,270.7
2026-09-27T16:00Z,168.79,168.79,105.07,168.79,168.79,168.79,168.79,196.89,168.789993,169.89,145.03,114.01,196.9
2026-09-27T16:15Z,188.35,189.78,130.0,190.0,189.89,189.99,188.6,,179.940002,185.26,148.35,119.01,219.49
2026-09-27T16:30Z,193.27,198.61,168.36,199.43,199.01,199.37,194.19,,161.839996,172.14,149.93,109.12,232.15
2026-09-27T16:45Z,194.45,202.34,202.34,201.96,201.95,214.99,189.54,,159.110001,172.48,149.08,107.65,232.15
2026-09-27T17:00Z,190.84,195.34,169.02,196.18,195.76,195.34,191.73,200.1,161.460007,169.23,152.18,112.63,203.08
2026-09-27T17:15Z,191.93,196.64,190.69,197.52,197.08,196.64,192.87,,161.179993,171.28,151.71,109.99,209.37
2026-09-27T17:30Z,198.95,205.0,205.0,205.99,205.48,205.93,199.65,,160.419998,172.12,149.97,109.04,226.07
2026-09-27T17:45Z,201.28,210.26,210.26,208.87,209.21,232.15,191.3,,164.880005,175.76,149.1,107.43,232.15
2026-09-27T18:00Z,194.32,201.21,201.21,203.06,202.11,199.0,160.43,199.0,149.5,162.5,144.17,106.45,224.08
2026-09-27T18:15Z,188.0,201.0,201.0,205.42,202.59,216.52,171.33,,151.889999,162.25,142.47,103.99,216.52
2026-09-27T18:30Z,185.68,197.33,197.33,199.92,198.16,214.52,177.13,,151.220001,155.31,141.9,95.85,214.52
2026-09-27T18:45Z,167.39,186.26,187.0,196.11,189.79,213.07,151.11,,147.389999,150.11,140.93,90.7,213.07
2026-09-27T19:00Z,174.16,191.66,191.66,199.26,194.38,215.13,160.79,188.77,143.330002,145.97,137.91,96.76,232.15
2026-09-27T19:15Z,164.44,185.6,185.6,193.54,188.19,223.9,142.75,,140.149994,142.73,135.88,93.5,226.71
2026-09-27T19:30Z,151.86,175.53,183.76,190.1,180.87,206.96,131.63,,138.339996,140.88,133.58,83.28,208.96
2026-09-27T19:45Z,148.56,168.22,180.0,176.76,171.03,205.65,126.6,,137.949997,139.45,133.2,82.93,205.9
2026-09-27T20:00Z,164.94,181.92,183.0,188.59,184.2,209.67,148.98,187.6,138.270004,140.81,133.05,91.88,226.78
2026-09-27T20:15Z,156.51,173.66,178.45,175.02,173.46,221.15,131.18,,136.279999,138.79,131.95,82.88,232.15
2026-09-27T20:30Z,152.22,172.32,172.32,179.09,174.35,215.3,127.68,,136.199997,133.75,131.47,79.13,215.3
2026-09-27T20:45Z,148.03,163.89,167.14,166.51,164.27,205.77,125.17,,134.410004,132.0,130.39,62.9,205.77
2026-09-27T21:00Z,149.36,168.36,168.36,174.39,170.09,211.0,125.13,180.0,136.990005,134.53,131.96,65.41,211.0
2026-09-27T21:15Z,147.47,162.42,166.78,163.56,162.34,204.85,122.81,,135.929993,133.49,131.58,50.93,204.85
2026-09-27T21:30Z,145.18,159.91,165.2,164.32,161.27,192.35,125.39,,135.0,132.57,130.77,43.85,192.35
2026-09-27T21:45Z,143.72,153.85,160.0,152.4,152.87,188.42,123.81,,134.690002,132.27,130.52,26.32,179.2
2026-09-27T22:00Z,150.75,162.9,170.9,154.04,162.79,194.19,133.29,181.31,148.92,146.47,141.8,22.26,185.08
2026-09-27T22:15Z,150.76,163.01,169.06,157.19,159.72,196.28,125.24,,147.25,144.38,142.73,20.2,190.07
2026-09-27T22:30Z,150.58,163.54,165.12,157.45,160.09,181.53,126.3,,147.19,144.54,142.76,9.21,181.53
2026-09-27T22:45Z,150.75,162.51,161.51,155.81,158.16,172.48,125.39,,148.66,144.96,143.57,8.15,172.48
2026-09-27T23:00Z,152.64,168.03,167.99,160.67,163.76,170.01,124.9,176.32,148.35,145.68,143.25,8.32,170.01
2026-09-27T23:15Z,150.22,163.02,165.24,156.74,159.41,172.21,126.34,,148.34,144.65,143.21,7.52,172.21
2026-09-27T23:30Z,151.75,163.54,163.54,156.57,158.96,176.33,125.88,,149.68,145.69,144.38,6.75,176.33
2026-09-27T23:45Z,151.03,162.2,163.54,155.59,157.87,175.97,126.61,,149.04,145.25,143.78,5.73,175.97
2026-09-28T00:00Z,150.96,160.05,160.54,154.69,156.54,174.32,129.69,167.01,149.3,146.61,143.97,6.95,174.32
2026-09-28T00:15Z,151.36,157.65,160.0,153.93,155.21,168.58,137.13,,150.22,147.52,144.79,6.09,168.58
2026-09-28T00:30Z,151.75,156.03,159.8,153.48,154.38,178.89,139.86,,150.66,147.94,145.18,5.63,178.89
2026-09-28T00:45Z,151.89,154.49,159.8,152.96,153.5,168.49,144.06,,151.19,148.47,145.65,5.25,168.49
2026-09-28T01:00Z,152.62,155.15,160.0,153.65,154.18,168.66,145.6,170.0,151.98,149.25,146.35,5.09,168.66
2026-09-28T01:15Z,153.8,157.06,160.0,155.14,155.83,174.64,143.64,,152.91,150.16,147.16,4.95,174.64
2026-09-28T01:30Z,154.6,157.44,160.0,155.75,156.35,172.59,146.72,,153.89,151.12,148.5,4.3,172.59
2026-09-28T01:45Z,157.33,159.56,160.0,158.26,158.74,171.71,149.56,,156.68,153.85,150.0,4.13,171.71
2026-09-28T02:00Z,156.68,158.58,160.0,157.49,157.9,169.2,148.73,170.86,156.03,153.22,149.93,4.92,169.2
2026-09-28T02:15Z,158.24,160.0,160.45,158.95,159.32,169.42,153.35,,157.79,154.95,150.58,4.87,169.42
2026-09-28T02:30Z,162.04,163.54,163.54,162.64,162.96,171.55,157.88,,161.66,158.75,150.83,4.84,169.47
2026-09-28T02:45Z,166.87,168.69,167.69,167.6,167.99,178.44,161.8,,166.4,163.4,151.08,4.9,175.91
2026-09-28T03:00Z,167.67,169.26,167.28,168.27,168.62,178.13,163.1,187.29,167.18,164.17,151.27,6.75,175.83
2026-09-28T03:15Z,170.36,173.1,170.21,171.39,172.0,188.33,162.52,,169.52,166.47,151.64,17.09,184.38
2026-09-28T03:30Z,176.77,178.08,175.24,177.26,177.55,185.37,173.02,,176.37,173.19,152.01,14.54,183.48
2026-09-28T03:45Z,185.9,185.9,182.2,185.9,185.9,185.9,185.9,,185.9,182.56,152.15,40.0,185.9
2026-09-28T04:00Z,193.68,193.68,186.68,193.68,193.68,193.68,193.68,204.69,193.68,193.89,152.49,0.02,193.68
2026-09-28T04:15Z,204.99,204.99,202.0,204.99,204.99,204.99,204.99,,204.99,201.51,152.59,3.07,204.99
2026-09-28T04:30Z,214.84,214.84,208.87,214.84,214.84,214.84,214.84,,214.84,215.05,152.69,6.95,227.19
2026-09-28T04:45Z,231.02,231.02,217.9,231.02,231.02,231.02,231.02,,231.02,229.39,152.34,39.82,234.14
2026-09-28T05:00Z,228.23,229.39,220.47,228.16,228.71,236.46,225.1,240.0,227.82,229.29,152.37,79.86,234.48
2026-09-28T05:15Z,244.02,244.02,239.02,244.02,244.02,244.02,244.02,,244.02,244.15,152.48,80.77,244.02
2026-09-28T05:30Z,246.17,246.3,247.79,246.21,246.25,248.25,245.73,,246.09,246.18,152.14,66.72,246.3
2026-09-28T05:45Z,245.5,245.84,247.9,245.61,245.71,250.93,225.73,,245.3,245.28,151.55,68.06,245.84
2026-09-28T06:00Z,275.95,275.95,285.95,275.95,275.95,275.95,184.12,228.85,275.95,272.3,151.62,72.96,275.95
2026-09-28T06:15Z,250.74,254.9,259.15,252.22,253.3,254.9,204.5,,248.57,244.2,151.68,70.12,254.9
2026-09-28T06:30Z,231.15,241.63,241.63,234.92,237.68,241.63,172.21,,225.37,221.37,151.8,72.51,241.63
2026-09-28T06:45Z,210.77,227.52,222.52,216.76,221.13,227.52,119.76,,201.84,196.63,151.83,72.03,227.52
2026-09-28T07:00Z,235.13,255.75,254.0,242.6,247.97,255.75,117.46,196.89,224.54,213.46,151.61,62.04,255.75
2026-09-28T07:15Z,220.36,241.6,240.26,228.08,233.58,209.9,114.27,,210.51,200.21,151.7,58.7,241.6
2026-09-28T07:30Z,202.0,233.16,231.16,213.35,221.34,101.12,93.75,,190.29,186.43,151.69,56.97,233.16
2026-09-28T07:45Z,182.95,213.58,210.58,194.12,201.96,68.66,84.56,,171.94,168.83,151.63,56.87,213.58
2026-09-28T08:00Z,203.48,225.99,202.07,198.28,227.57,225.99,89.83,168.0,195.46,187.98,151.72,62.4,225.99
2026-09-28T08:15Z,185.07,210.02,197.02,185.1,207.14,210.02,74.67,,175.95,172.7,151.69,57.17,210.02
2026-09-28T08:30Z,172.75,201.81,180.69,167.38,203.5,44.45,49.0,,164.14,161.11,151.0,54.0,201.81
2026-09-28T08:45Z,155.95,177.7,169.87,158.93,173.78,16.41,31.88,,148.58,145.82,149.15,48.93,177.7
2026-09-28T09:00Z,157.93,181.66,167.08,163.54,183.21,14.3,1.15,159.94,151.8,148.93,149.51,49.32,193.81
2026-09-28T09:15Z,158.52,177.98,154.25,158.52,177.03,3.72,-4.21,,152.42,148.93,147.58,48.43,179.87
2026-09-28T09:30Z,150.4,180.8,151.43,139.14,188.22,1.08,0.0,,142.96,140.32,146.51,46.28,180.8
2026-09-28T09:45Z,147.22,175.58,152.27,146.81,180.51,1.78,-1.02,,141.0,138.38,145.4,45.72,175.58
2026-09-28T10:00Z,145.33,175.43,162.26,145.33,183.51,-7.45,-5.06,138.0,138.54,132.06,142.88,39.87,175.43
2026-09-28T10:15Z,126.73,155.0,155.1,136.9,159.39,-5.01,-0.43,,133.77,126.66,138.07,35.19,155.0
2026-09-28T10:30Z,117.8,153.75,153.75,134.43,161.09,-5.0,0.0,,134.43,122.0,138.78,39.72,153.75
2026-09-28T10:45Z,114.68,148.56,144.54,132.78,154.96,-3.47,0.0,,132.88,126.0,137.17,41.75,148.56
2026-09-28T11:00Z,116.98,151.94,146.94,138.95,155.23,0.28,8.46,145.14,132.69,119.97,136.95,38.27,151.94
2026-09-28T11:15Z,114.49,147.32,145.32,136.33,149.61,0.27,9.99,,132.69,121.48,136.9,40.0,147.32
2026-09-28T11:30Z,126.85,149.5,141.34,143.61,146.79,1.0,3.25,,133.19,127.9,137.46,37.68,149.5
2026-09-28T11:45Z,127.03,152.53,145.53,145.64,149.29,-1.29,11.28,,133.84,131.36,138.11,42.16,152.53
2026-09-28T12:00Z,120.78,152.4,142.39,141.48,155.14,-1.01,15.21,150.0,134.88,132.38,139.25,35.28,152.4
2026-09-28T12:15Z,134.99,155.42,150.01,146.92,155.07,8.44,14.06,,137.58,135.01,141.92,44.74,155.42
2026-09-28T12:30Z,145.51,159.0,153.35,152.96,156.2,26.83,33.5,,142.55,139.95,144.38,44.22,159.0
2026-09-28T12:45Z,151.87,163.58,159.88,157.71,161.94,61.93,69.9,,149.51,145.21,144.77,47.95,163.58
2026-09-28T13:00Z,146.6,158.1,158.1,151.58,154.2,104.31,115.85,163.8,144.24,143.11,142.63,47.4,158.1
2026-09-28T13:15Z,150.9,164.76,163.27,156.78,159.94,112.62,115.63,,148.0,145.27,143.96,48.3,164.76
2026-09-28T13:30Z,151.9,165.0,163.0,157.06,160.09,165.0,119.41,,148.73,145.98,148.67,48.62,165.0
2026-09-28T13:45Z,165.54,182.0,171.39,172.03,175.83,182.0,124.71,,161.55,158.57,151.04,55.54,182.0
2026-09-28T14:00Z,156.69,169.95,156.74,162.3,165.35,120.09,123.05,194.0,153.85,154.44,149.45,59.44,169.95
2026-09-28T14:15Z,172.33,186.87,166.98,178.2,181.52,188.05,137.26,,169.03,165.88,150.33,68.23,188.05
2026-09-28T14:30Z,198.69,201.93,185.54,199.9,200.64,222.11,185.58,,197.89,195.02,150.72,93.8,222.11
2026-09-28T14:45Z,224.59,217.88,199.93,224.33,223.8,245.54,155.47,,223.66,219.65,152.39,125.38,240.69
2026-09-28T15:00Z,207.45,207.45,177.45,207.45,207.45,207.45,149.77,234.57,207.45,211.27,151.37,144.88,207.45
2026-09-28T15:15Z,231.26,231.26,185.0,231.26,231.26,231.26,201.19,,231.26,230.76,154.38,157.44,231.26
2026-09-28T15:30Z,241.07,241.07,200.93,241.07,241.07,241.07,241.07,,241.07,241.11,157.79,161.13,241.07
2026-09-28T15:45Z,266.9,266.9,200.93,266.9,266.9,266.9,266.9,,266.9,266.96,163.04,159.46,266.9
2026-09-28T16:00Z,247.48,234.14,185.0,246.08,241.23,245.15,244.5,262.85,247.74,247.57,156.45,162.88,234.14
2026-09-28T16:15Z,284.36,252.66,210.01,281.02,269.5,278.82,239.83,,284.97,284.57,156.76,155.25,252.66
2026-09-28T16:30Z,319.88,294.11,228.95,317.16,307.8,315.37,265.34,,320.37,320.07,157.0,145.16,264.6
2026-09-28T16:45Z,390.6,390.6,279.85,390.6,390.6,390.6,285.66,,390.6,390.59,157.24,150.0,280.0
2026-09-28T17:00Z,350.0,350.0,227.69,350.0,350.0,350.0,251.7,288.24,350.0,350.01,153.4,154.66,264.6
2026-09-28T17:15Z,354.0,354.0,253.58,354.0,354.0,354.0,243.21,,354.0,354.0,153.45,154.99,276.14
2026-09-28T17:30Z,349.99,349.99,264.49,349.99,349.99,349.99,228.26,,349.99,350.01,153.47,149.06,301.44
2026-09-28T17:45Z,314.86,314.86,290.0,314.86,314.86,314.86,230.88,,314.86,314.95,153.38,125.85,314.86
2026-09-28T18:00Z,320.83,320.83,304.3,320.83,320.83,320.83,181.71,270.0,320.83,320.9,153.33,128.62,274.73
2026-09-28T18:15Z,280.59,280.59,288.98,280.59,280.59,280.59,174.27,,280.59,280.72,153.18,110.96,264.6
2026-09-28T18:30Z,260.91,260.91,265.67,260.91,260.91,260.91,145.09,,260.91,261.03,152.8,109.28,260.91
2026-09-28T18:45Z,246.9,246.9,256.51,246.9,246.9,246.9,116.91,,246.9,247.0,152.48,94.74,239.76
2026-09-28T19:00Z,252.58,252.58,257.98,252.58,252.58,252.58,113.82,225.0,252.58,252.69,152.43,86.99,252.58
2026-09-28T19:15Z,234.44,234.44,244.26,234.44,234.44,234.44,110.62,,234.44,234.56,152.0,82.51,234.44
2026-09-28T19:30Z,223.98,223.98,230.51,223.98,223.98,223.98,114.28,,223.98,224.07,151.26,79.22,223.98
2026-09-28T19:45Z,205.0,205.0,210.0,205.0,205.0,205.0,138.44,,205.0,205.02,151.16,65.34,205.0
2026-09-28T20:00Z,216.93,216.93,221.93,216.93,216.93,216.93,127.98,209.1,216.93,216.99,150.97,66.32,216.93
2026-09-28T20:15Z,208.16,208.16,213.22,208.16,208.16,208.16,161.81,,208.16,208.23,150.79,59.2,208.16
2026-09-28T20:30Z,201.99,201.99,204.99,201.99,201.99,201.99,163.18,,201.99,202.13,150.67,49.47,201.99
2026-09-28T20:45Z,186.32,186.32,186.32,186.32,186.32,186.32,163.18,,186.32,186.45,150.55,45.86,186.32
2026-09-28T21:00Z,197.01,197.01,197.01,197.01,197.01,197.01,177.35,196.2,197.01,197.01,150.55,62.54,197.01
2026-09-28T21:15Z,187.78,187.78,187.73,187.78,187.78,187.78,167.8,,187.78,187.78,150.33,59.69,187.78
2026-09-28T21:30Z,179.24,179.24,178.6,179.24,179.24,179.24,153.12,,179.24,179.25,150.19,56.67,179.24
2026-09-28T21:45Z,161.14,168.66,172.97,153.05,173.97,168.66,147.57,,160.09,160.13,150.07,48.31,168.66
2026-09-28T22:00Z,191.82,201.22,217.1,195.3,197.47,246.91,167.63,188.69,189.22,185.88,154.36,52.24,201.22
2026-09-28T22:15Z,189.19,191.39,199.29,189.32,190.33,203.07,183.08,,188.62,187.74,154.06,51.88,200.0
2026-09-28T22:30Z,180.22,181.38,181.48,180.28,180.82,187.22,175.82,,179.92,179.46,153.81,49.38,186.23
2026-09-28T22:45Z,174.22,175.18,174.09,174.27,174.71,180.2,171.26,,173.97,173.64,153.58,46.71,179.02
2026-09-28T23:00Z,181.81,183.46,182.37,182.48,182.84,189.94,171.86,180.59,181.33,180.6,153.13,46.88,189.31
2026-09-28T23:15Z,175.85,177.19,177.55,176.41,176.7,181.93,165.78,,175.45,174.8,152.98,45.69,181.93
2026-09-28T23:30Z,171.4,174.89,174.1,170.15,175.48,181.92,162.58,,170.67,169.96,152.87,46.66,180.51
2026-09-28T23:45Z,166.79,169.09,170.01,167.65,168.17,180.2,160.76,,166.16,165.33,152.77,47.47,177.28
2026-09-29T00:00Z,170.78,173.53,174.35,171.81,172.44,186.34,161.44,177.99,170.0,168.98,152.81,43.85,183.34
2026-09-29T00:15Z,168.95,171.98,173.69,170.06,170.76,186.71,160.75,,168.09,167.03,152.58,42.97,182.85
2026-09-29T00:30Z,168.78,170.98,172.09,168.89,169.9,182.67,162.57,,168.19,167.34,152.47,44.22,179.6
2026-09-29T00:45Z,167.64,169.56,170.49,167.74,168.62,179.79,162.22,,167.13,166.35,152.41,46.88,177.1
2026-09-29T01:00Z,164.24,166.26,169.19,164.35,165.28,176.94,158.59,174.0,163.71,162.96,152.27,42.67,176.94
2026-09-29T01:15Z,165.16,167.06,167.58,165.26,166.14,177.12,159.84,,164.66,163.96,152.26,42.76,177.12
2026-09-29T01:30Z,165.14,165.29,164.73,165.15,165.22,166.09,164.72,,165.1,165.06,152.21,47.81,165.88
2026-09-29T01:45Z,165.1,166.9,161.9,165.2,166.03,176.46,160.05,,164.63,163.85,152.2,49.6,176.46
2026-09-29T02:00Z,162.1,163.39,161.2,162.16,162.76,170.26,158.47,173.59,161.75,161.25,152.39,44.99,168.45
2026-09-29T02:15Z,161.64,163.53,158.53,161.73,162.6,173.59,156.31,,161.13,160.32,152.48,48.04,173.59
2026-09-29T02:30Z,159.64,161.95,158.14,159.75,160.82,174.26,153.12,,159.01,158.0,152.57,50.44,174.26
2026-09-29T02:45Z,158.22,158.41,156.11,158.23,158.32,159.37,157.71,,158.17,158.0,152.78,67.41,159.12
2026-09-29T03:00Z,154.64,157.1,155.01,154.62,155.76,170.61,147.49,180.2,153.91,152.85,149.0,95.02,169.24
2026-09-29T03:15Z,158.2,160.7,158.68,158.2,159.33,173.68,151.25,,157.49,156.41,151.62,100.4,173.21
2026-09-29T03:30Z,170.54,172.94,166.25,170.53,171.63,185.46,163.84,,169.85,168.83,152.04,108.07,185.46
2026-09-29T03:45Z,179.47,180.0,170.5,178.95,179.76,185.28,176.83,,179.24,178.76,154.03,114.05,188.41
2026-09-29T04:00Z,191.32,172.8,152.9,180.0,184.7,217.55,180.83,214.1,190.41,188.7,153.55,112.91,217.55
2026-09-29T04:15Z,216.62,185.0,167.2,194.88,202.77,217.96,176.57,,217.83,217.48,156.41,140.38,227.99
2026-09-29T04:30Z,229.85,194.62,172.09,201.11,212.91,231.01,204.49,,231.74,231.16,156.87,137.2,234.14
2026-09-29T04:45Z,226.6,210.37,186.57,218.09,220.37,227.49,227.07,,226.9,222.86,158.18,149.2,247.24
2026-09-29T05:00Z,231.37,211.75,193.74,229.18,227.4,258.7,222.87,220.93,229.36,232.5,158.55,117.8,252.72
2026-09-29T05:15Z,233.0,228.1,216.75,232.18,232.59,258.58,224.11,,231.57,230.44,158.64,155.28,252.55
2026-09-29T05:30Z,226.86,228.64,218.65,226.43,228.24,261.21,214.32,,225.21,223.48,158.61,150.92,261.21
2026-09-29T05:45Z,223.25,228.1,216.09,222.94,225.25,259.06,186.33,,221.6,219.73,158.73,157.81,250.72
2026-09-29T06:00Z,239.11,239.17,223.7,239.11,239.14,239.53,129.9,218.21,239.09,240.3,167.05,170.13,257.0
2026-09-29T06:15Z,230.33,231.15,222.35,230.31,230.71,236.37,121.93,,230.05,234.31,166.51,161.79,250.26
2026-09-29T06:30Z,213.57,216.12,210.95,213.7,215.58,228.23,134.49,,212.77,216.69,165.09,159.79,250.39
2026-09-29T06:45Z,180.74,193.96,182.96,175.56,196.1,218.08,143.85,,177.41,184.09,164.97,146.85,236.33
2026-09-29T07:00Z,212.3,215.83,188.53,212.76,214.99,234.14,151.63,176.0,211.36,210.4,157.78,165.35,234.14
2026-09-29T07:15Z,187.84,189.43,173.64,188.46,188.87,187.25,140.94,,186.94,191.77,156.39,156.12,234.14
2026-09-29T07:30Z,173.02,178.12,163.68,175.0,176.32,171.11,129.24,,170.38,181.57,155.56,152.64,207.18
2026-09-29T07:45Z,163.64,169.02,145.13,165.73,167.12,161.63,128.78,,161.04,178.24,155.47,155.99,183.38
2026-09-29T08:00Z,179.29,200.25,130.98,188.51,193.37,147.62,115.08,163.32,173.87,177.07,157.04,153.07,200.25
2026-09-29T08:15Z,166.3,187.45,111.55,175.78,180.61,121.97,109.61,,161.7,164.67,154.67,147.22,187.45
2026-09-29T08:30Z,158.59,180.36,91.56,168.35,173.32,112.97,100.24,,153.86,156.68,149.07,141.7,184.7
2026-09-29T08:45Z,143.09,161.46,43.66,151.32,155.51,104.61,93.88,,139.24,146.0,139.6,133.69,192.2
2026-09-29T09:00Z,146.58,157.73,43.55,144.34,157.98,151.44,92.4,135.1,140.61,143.19,137.18,130.59,207.0
2026-09-29T09:15Z,137.15,143.77,11.95,138.72,141.64,140.62,91.51,,132.41,134.83,132.96,124.89,188.87
2026-09-29T09:30Z,115.77,119.08,6.07,121.35,122.34,100.59,73.46,,128.22,130.57,128.62,120.97,193.44
2026-09-29T09:45Z,101.85,106.43,5.01,110.24,108.8,93.35,34.71,,114.94,117.05,122.8,112.26,174.69
2026-09-29T10:00Z,98.32,103.05,5.88,106.49,105.14,92.83,37.61,89.91,114.04,113.87,122.03,110.54,164.75
2026-09-29T10:15Z,89.79,93.72,1.95,96.9,95.65,84.23,38.99,,104.62,108.79,119.64,106.4,169.18
2026-09-29T10:30Z,88.93,93.45,1.61,95.55,94.67,89.63,31.5,,102.34,108.46,119.64,106.09,159.75
2026-09-29T10:45Z,76.72,79.93,2.01,81.06,80.52,80.37,35.9,,89.1,108.64,119.64,106.26,162.29
2026-09-29T11:00Z,82.26,86.38,1.96,87.08,86.71,89.04,30.33,67.58,92.79,104.19,112.9,101.95,159.27
2026-09-29T11:15Z,74.88,77.99,1.5,78.19,78.01,82.62,35.72,,84.24,102.37,110.87,100.19,159.27
2026-09-29T11:30Z,68.67,70.21,1.49,70.72,70.43,72.08,48.22,,78.0,101.14,109.49,98.99,163.0
2026-09-29T11:45Z,63.94,64.07,1.15,65.61,65.08,60.82,57.97,,74.57,100.32,108.59,98.2,164.75
2026-09-29T12:00Z,65.66,65.66,1.08,65.66,65.66,65.66,65.66,75.0,66.84,104.07,112.77,101.84,174.55
2026-09-29T12:15Z,79.03,79.03,0.84,79.03,79.03,79.03,79.03,,79.78,104.19,112.91,101.95,173.88
2026-09-29T12:30Z,88.03,88.03,0.75,88.03,88.03,88.03,88.03,,88.49,104.19,112.91,101.95,180.69
2026-09-29T12:45Z,93.47,93.47,1.08,93.47,93.47,93.47,93.47,,93.76,104.41,113.14,102.16,176.24
2026-09-29T13:00Z,89.63,89.63,0.88,89.63,89.63,89.63,89.63,145.01,90.23,110.17,119.59,107.74,160.24
2026-09-29T13:15Z,108.68,105.31,0.9,108.4,108.25,108.9,108.78,,108.66,111.58,121.14,109.12,160.24
2026-09-29T13:30Z,120.71,96.11,0.89,118.68,117.59,122.32,121.48,,120.33,122.53,128.81,117.62,160.29
2026-09-29T13:45Z,130.04,110.73,1.2,128.84,128.16,146.13,126.05,,129.1,128.69,131.4,121.59,178.0
2026-09-29T14:00Z,115.21,95.83,2.0,114.21,113.56,132.6,110.28,164.2,114.82,138.83,134.3,127.37,171.3
2026-09-29T14:15Z,144.04,127.17,3.43,143.4,143.4,173.28,135.0,,142.51,146.03,141.6,140.36,175.0
2026-09-29T14:30Z,161.18,143.77,5.01,160.1,159.45,176.02,157.82,,160.31,162.99,143.41,142.74,175.16
2026-09-29T14:45Z,199.62,181.17,5.88,197.53,197.53,224.14,204.21,,198.0,199.63,152.05,162.29,218.94
2026-09-29T15:00Z,179.02,167.13,12.03,177.13,174.77,190.17,176.36,200.0,174.81,178.09,156.76,158.57,187.45
2026-09-29T15:15Z,201.77,171.48,36.04,195.91,189.92,205.86,203.28,,197.14,200.77,158.79,168.55,205.0
2026-09-29T15:30Z,213.69,160.52,60.01,203.32,192.89,236.47,221.78,,205.51,211.52,161.44,175.2,230.56
2026-09-29T15:45Z,218.93,205.22,80.01,216.34,213.71,244.99,228.05,,214.57,218.53,159.91,180.05,237.8
2026-09-29T16:00Z,219.11,182.9,77.55,210.56,206.76,226.73,219.15,225.0,212.47,216.79,169.49,178.47,225.01
2026-09-29T16:15Z,227.88,222.41,109.81,225.04,228.63,236.06,225.91,,221.65,225.74,170.59,182.99,234.14
2026-09-29T16:30Z,231.77,232.88,125.0,233.06,233.1,245.93,227.06,,222.61,228.4,169.89,183.46,242.36
2026-09-29T16:45Z,244.45,250.12,168.29,245.3,251.11,261.01,239.09,,223.06,237.97,170.84,168.13,257.0
2026-09-29T17:00Z,242.68,243.54,156.0,243.3,243.34,248.06,244.42,222.0,237.12,241.51,159.01,156.15,246.6
2026-09-29T17:15Z,233.35,240.44,186.2,229.4,243.23,256.82,241.24,,219.92,230.52,158.93,156.0,250.72
2026-09-29T17:30Z,227.37,243.03,230.4,214.56,250.97,271.12,240.21,,214.07,224.41,158.81,157.14,260.0
2026-09-29T17:45Z,215.79,236.24,212.71,200.1,246.74,263.68,217.75,,199.7,210.3,158.48,153.25,257.0
2026-09-29T18:00Z,218.43,238.94,191.82,194.52,256.61,223.07,220.19,207.7,208.82,215.86,158.33,158.66,238.94
2026-09-29T18:15Z,207.01,227.55,207.21,187.2,242.21,223.6,203.66,,194.29,202.47,157.27,146.44,234.14
2026-09-29T18:30Z,196.85,213.58,195.76,181.38,224.89,213.36,192.78,,186.89,192.51,156.91,135.0,233.79
2026-09-29T18:45Z,185.29,198.14,180.68,175.37,205.01,205.9,178.77,,178.91,182.21,155.03,121.3,214.65
2026-09-29T19:00Z,183.94,189.14,180.0,183.94,187.37,221.56,153.43,199.99,180.62,182.45,151.46,115.02,243.48
2026-09-29T19:15Z,174.47,187.65,176.67,173.87,189.09,226.35,127.58,,171.67,170.87,148.22,113.42,234.14
2026-09-29T19:30Z,168.62,180.22,171.98,169.44,178.3,222.9,137.01,,166.16,163.19,144.99,112.59,222.9
2026-09-29T19:45Z,152.73,168.64,163.64,168.75,168.75,207.0,133.52,,147.32,146.09,142.65,103.99,207.0
2026-09-29T20:00Z,161.51,176.0,170.59,172.58,172.46,232.58,137.0,188.0,148.96,151.71,143.07,102.0,232.58
2026-09-29T20:15Z,155.92,168.49,170.08,165.29,165.29,218.08,134.72,,147.06,148.17,141.65,98.28,218.08
2026-09-29T20:30Z,153.74,173.0,168.01,167.15,175.9,212.64,134.69,,145.55,146.02,140.59,99.3,205.0
2026-09-29T20:45Z,145.44,153.89,158.4,150.98,151.39,190.47,129.62,,143.11,140.8,138.56,91.88,190.03
2026-09-29T21:00Z,139.69,151.87,161.99,139.69,150.48,194.66,121.2,174.03,135.08,134.3,133.0,92.82,194.66
2026-09-29T21:15Z,134.04,144.36,154.06,136.8,140.98,190.0,114.95,,129.74,128.57,130.78,87.91,190.0
2026-09-29T21:30Z,128.69,140.33,150.53,128.69,139.0,180.82,111.3,,125.55,123.6,128.62,85.31,180.82
2026-09-29T21:45Z,119.12,128.83,149.31,122.73,124.85,174.73,100.28,,115.75,113.68,122.49,79.0,180.0
