timestamp,DE-LU,FR,ES,NL,BE,AT,PL,CH,DK1,DK2,NO2,SE3,IT-North
2026-08-01T00:00Z,160.91,151.27,161.0,159.51,158.15,162.04,161.47,156.0,160.59,160.850006,139.69,22.52,189.48
2026-08-01T00:15Z,159.09,144.99,158.46,157.05,155.05,160.74,159.9,,158.62,159.0,139.69,25.61,189.48
2026-08-01T00:30Z,155.88,147.73,159.02,154.7,153.55,156.84,156.35,,155.61,155.820007,139.68,25.63,189.48
2026-08-01T00:45Z,152.1,141.59,162.15,150.58,149.09,153.34,152.71,,151.75,152.029999,139.68,26.33,182.8
2026-08-01T01:00Z,157.01,143.96,160.3,155.14,153.28,158.58,157.81,154.86,156.6,156.949997,139.72,26.0,175.0
2026-08-01T01:15Z,153.37,144.39,159.02,152.08,150.81,154.45,153.92,,153.09,153.330002,139.71,24.39,163.45
2026-08-01T01:30Z,155.0,144.16,160.3,153.45,151.91,156.31,155.67,,154.66,154.960007,139.7,24.07,156.51
2026-08-01T01:45Z,153.05,139.89,167.55,151.16,149.29,154.63,153.85,,152.63,152.990005,139.7,24.6,154.87
2026-08-01T02:00Z,154.91,135.35,172.4,152.13,149.34,157.42,156.14,155.18,154.33,154.860001,139.5,24.5,157.66
2026-08-01T02:15Z,158.34,130.6,172.4,154.39,150.44,161.89,160.08,,157.51,158.270004,139.5,24.01,162.24
2026-08-01T02:30Z,153.54,141.79,172.45,151.87,150.19,155.05,154.28,,153.19,153.509995,139.49,24.79,155.19
2026-08-01T02:45Z,151.3,145.78,172.64,150.52,149.73,152.01,151.65,,151.14,151.289993,139.49,25.74,152.08
2026-08-01T03:00Z,152.78,140.92,172.45,151.09,149.4,154.22,153.51,159.4,152.42,152.740005,139.4,22.73,189.48
2026-08-01T03:15Z,157.0,136.74,172.64,154.32,151.62,169.76,155.42,,155.96,155.949997,139.4,23.94,185.0
2026-08-01T03:30Z,155.47,146.72,172.88,154.29,153.1,159.83,155.11,,155.07,155.130005,139.4,25.8,172.6
2026-08-01T03:45Z,156.82,153.66,173.12,156.45,156.07,161.25,155.9,,156.56,156.419998,139.39,27.37,161.25
2026-08-01T04:00Z,160.52,150.08,172.64,159.33,158.05,174.76,157.5,156.34,159.68,159.220001,139.55,23.82,174.76
2026-08-01T04:15Z,156.94,136.69,172.64,154.25,151.51,169.25,155.44,,155.92,155.919998,139.54,26.01,172.22
2026-08-01T04:30Z,151.9,151.58,173.12,151.86,151.82,152.32,151.81,,151.87,151.860001,139.55,27.7,173.0
2026-08-01T04:45Z,149.8,149.8,173.6,149.8,149.8,149.8,149.8,,149.8,149.789993,139.49,27.56,165.63
2026-08-01T05:00Z,162.96,162.96,178.15,162.96,162.96,162.96,162.96,149.51,162.96,162.949997,138.57,28.8,162.96
2026-08-01T05:15Z,147.0,147.0,173.36,147.0,147.0,147.0,147.0,,147.0,147.0,138.48,27.28,152.6
2026-08-01T05:30Z,141.73,141.73,172.64,141.73,141.73,141.73,141.73,,141.73,141.720001,137.52,26.2,167.49
2026-08-01T05:45Z,134.0,134.0,173.6,134.0,134.0,134.0,134.0,,134.0,134.0,134.84,25.27,145.64
2026-08-01T06:00Z,160.86,160.86,179.98,160.86,160.86,160.86,160.86,136.53,160.86,160.860001,138.8,29.66,160.86
2026-08-01T06:15Z,143.7,143.7,178.15,143.7,143.7,143.7,143.7,,143.7,143.699997,137.64,26.58,192.8
2026-08-01T06:30Z,133.18,133.18,158.27,133.18,133.18,133.18,133.18,,133.18,132.210007,133.01,24.07,171.13
2026-08-01T06:45Z,123.89,120.68,127.45,123.02,122.58,122.75,127.33,,124.17,125.870003,125.51,20.83,155.21
2026-08-01T07:00Z,145.41,145.41,145.41,145.41,145.41,145.41,145.41,125.06,145.41,145.410004,129.2,27.89,160.8
2026-08-01T07:15Z,122.44,114.75,114.75,121.02,119.78,122.62,124.57,,122.35,122.900002,124.67,26.05,154.4
2026-08-01T07:30Z,117.65,92.19,92.19,113.29,109.39,119.35,122.29,,117.07,118.410004,119.94,23.51,161.25
2026-08-01T07:45Z,107.59,62.74,62.74,100.27,93.61,111.79,113.08,,106.24,108.07,111.01,20.2,140.0
2026-08-01T08:00Z,116.41,64.8,64.8,107.89,100.68,122.07,118.83,98.0,113.88,115.339996,115.65,30.92,162.25
2026-08-01T08:15Z,104.39,37.69,37.69,93.22,83.8,112.49,108.91,,101.32,103.470001,106.45,22.72,153.0
2026-08-01T08:30Z,101.6,8.82,8.82,86.12,73.04,112.64,107.47,,97.27,100.190002,100.39,27.47,145.7
2026-08-01T08:45Z,81.29,4.0,4.0,68.44,57.58,90.21,108.91,,77.61,79.949997,80.1,20.54,139.45
2026-08-01T09:00Z,83.0,3.43,3.43,70.19,59.18,91.72,107.52,50.22,79.26,81.480003,81.82,29.41,125.0
2026-08-01T09:15Z,67.98,1.85,1.85,57.33,48.18,75.22,107.52,,64.87,66.709999,66.96,23.89,126.07
2026-08-01T09:30Z,51.16,1.08,1.08,43.1,36.17,56.65,107.52,,48.81,50.200001,50.39,26.62,130.0
2026-08-01T09:45Z,26.47,1.08,1.08,22.38,18.87,29.25,109.83,,25.28,25.98,26.1,22.85,123.54
2026-08-01T10:00Z,31.63,1.08,1.08,26.67,22.45,37.01,107.52,20.14,30.18,30.74,31.17,28.29,137.48
2026-08-01T10:15Z,19.62,1.08,1.08,16.62,14.06,23.56,108.91,,18.76,19.1,20.38,18.83,137.5
2026-08-01T10:30Z,11.7,1.08,1.08,10.0,8.55,16.48,108.9,,11.25,12.24,15.99,13.36,130.89
2026-08-01T10:45Z,3.91,0.66,0.66,3.49,3.12,18.41,108.91,,4.0,4.48,25.45,8.81,135.12
2026-08-01T11:00Z,1.63,0.51,0.51,1.59,1.56,19.75,108.91,8.31,5.96,6.07,10.12,10.08,138.1
2026-08-01T11:15Z,0.0,0.0,0.5,0.08,0.21,20.05,108.91,,4.89,4.98,8.43,8.43,134.36
2026-08-01T11:30Z,0.0,0.0,0.5,0.08,0.22,20.13,108.91,,4.66,4.74,7.86,7.86,138.19
2026-08-01T11:45Z,0.0,0.0,0.5,0.08,0.22,20.13,108.9,,4.49,4.58,8.22,8.2,135.42
2026-08-01T12:00Z,0.0,0.0,0.5,0.0,0.13,17.19,108.91,7.93,3.4,3.46,6.97,6.97,130.0
2026-08-01T12:15Z,0.0,0.0,0.5,0.0,0.13,17.18,108.91,,3.4,3.46,7.0,7.0,130.0
2026-08-01T12:30Z,0.0,0.0,0.5,0.0,0.15,19.71,108.91,,3.4,3.46,9.05,7.62,130.0
2026-08-01T12:45Z,0.0,0.0,0.29,0.0,0.26,34.56,107.52,,4.11,4.18,21.18,12.92,126.5
2026-08-01T13:00Z,0.02,0.02,0.5,0.0,0.14,16.16,109.83,31.01,3.04,3.1,12.58,8.8,126.32
2026-08-01T13:15Z,0.29,0.29,0.3,0.27,0.44,19.45,114.47,,3.39,3.46,16.39,11.96,137.0
2026-08-01T13:30Z,2.8,0.5,0.5,2.4,2.35,32.54,111.02,,4.12,4.2,36.35,13.95,124.39
2026-08-01T13:45Z,9.2,0.0,0.45,7.74,7.23,76.38,108.91,,9.44,14.17,54.74,19.07,137.75
2026-08-01T14:00Z,6.5,0.5,0.5,5.4,4.92,31.97,111.02,96.69,6.32,6.97,36.34,6.97,141.64
2026-08-01T14:15Z,24.13,0.51,0.51,20.0,17.88,88.55,112.15,,23.28,23.709999,39.81,22.85,140.16
2026-08-01T14:30Z,64.03,1.0,1.0,53.56,47.36,148.95,98.26,,61.52,64.019997,89.76,26.24,148.95
2026-08-01T14:45Z,87.41,1.08,1.08,73.27,61.88,167.25,111.69,,83.46,87.410004,99.96,36.22,167.25
2026-08-01T15:00Z,87.12,1.99,1.99,74.04,61.72,112.71,97.34,129.75,84.25,87.110001,99.23,19.0,131.57
2026-08-01T15:15Z,101.14,5.5,5.5,86.38,72.67,143.25,117.04,,97.95,101.540001,106.2,23.82,143.25
2026-08-01T15:30Z,119.08,29.0,29.0,107.15,101.71,176.16,136.5,,116.31,119.419998,114.94,30.4,173.0
2026-08-01T15:45Z,122.92,68.56,68.56,115.65,112.56,190.91,141.09,,121.13,123.889999,119.96,33.96,184.44
2026-08-01T16:00Z,119.38,81.8,81.8,114.82,112.87,190.47,131.02,152.1,117.98,119.589996,124.38,20.13,187.39
2026-08-01T16:15Z,133.0,91.98,91.98,128.21,126.01,190.96,137.23,,131.39,132.369995,129.98,24.66,190.05
2026-08-01T16:30Z,160.82,110.01,100.0,154.01,146.71,189.48,162.2,,156.94,159.820007,137.3,28.78,189.48
2026-08-01T16:45Z,167.34,130.62,115.27,163.01,158.22,209.95,152.4,,164.5,164.059998,138.09,31.62,193.08
2026-08-01T17:00Z,150.92,115.14,115.14,145.32,140.34,197.0,166.61,169.1,148.78,151.5,139.12,26.13,197.0
2026-08-01T17:15Z,160.26,146.79,146.79,158.11,156.34,197.0,171.51,,158.85,160.740005,139.4,28.43,197.0
2026-08-01T17:30Z,175.47,175.5,175.5,175.44,175.69,198.7,182.11,,175.28,175.490005,139.67,29.65,198.7
2026-08-01T17:45Z,187.49,181.65,181.65,186.72,186.06,200.9,186.99,,186.89,186.699997,139.68,29.69,200.9
2026-08-01T18:00Z,174.17,175.45,175.45,174.13,174.46,197.1,179.62,176.0,174.1,174.339996,139.48,29.49,197.1
2026-08-01T18:15Z,180.23,181.65,181.65,180.32,180.7,198.7,182.11,,179.98,179.850006,139.48,27.48,198.7
2026-08-01T18:30Z,183.4,184.75,184.75,183.52,183.89,198.7,183.82,,183.08,182.830002,139.48,26.35,198.7
2026-08-01T18:45Z,186.05,187.6,187.6,186.29,186.74,195.34,182.7,,185.53,184.869995,139.48,24.45,198.7
2026-08-01T19:00Z,184.85,186.4,186.4,185.12,185.55,191.84,181.81,178.02,184.43,183.839996,139.44,29.54,199.64
2026-08-01T19:15Z,181.6,182.98,195.52,181.85,182.21,188.49,178.59,,181.18,180.589996,139.42,26.41,198.7
2026-08-01T19:30Z,182.41,182.41,198.69,182.41,182.41,182.41,182.41,,182.41,182.410004,139.42,23.62,197.1
2026-08-01T19:45Z,173.85,173.85,197.5,173.85,173.85,173.85,173.85,,173.85,173.850006,139.41,19.49,197.0
2026-08-01T20:00Z,190.2,190.2,197.5,190.2,190.2,190.2,190.2,175.94,190.2,190.199997,139.4,28.98,197.0
2026-08-01T20:15Z,179.69,179.69,195.63,179.69,179.69,179.69,179.69,,179.69,179.690002,139.39,24.19,198.28
2026-08-01T20:30Z,175.2,175.2,187.6,175.2,175.2,175.2,175.2,,175.2,175.199997,139.38,19.78,197.0
2026-08-01T20:45Z,169.1,169.1,185.4,169.1,169.1,169.1,169.1,,169.1,169.100006,139.38,15.11,197.0
2026-08-01T21:00Z,172.11,172.11,184.65,172.11,172.11,172.11,172.11,168.0,172.11,172.110001,139.42,25.85,206.49
2026-08-01T21:15Z,171.94,171.94,183.14,171.94,171.94,171.94,171.94,,171.94,171.940002,139.4,20.78,197.1
2026-08-01T21:30Z,171.23,171.23,181.65,171.23,171.23,171.23,171.23,,171.23,171.229996,139.39,18.11,197.0
2026-08-01T21:45Z,164.72,164.72,181.65,164.72,164.72,164.72,164.72,,164.72,164.720001,139.38,13.53,190.05
2026-08-01T22:00Z,188.4,182.17,182.17,187.51,186.63,189.09,188.72,167.91,188.18,188.330002,149.83,24.99,189.48
2026-08-01T22:15Z,170.98,168.06,177.15,170.56,170.15,171.3,171.13,,170.88,170.949997,149.75,21.24,187.5
2026-08-01T22:30Z,161.1,161.1,176.82,161.1,161.1,161.1,161.1,,161.1,161.100006,149.33,18.99,184.99
2026-08-01T22:45Z,158.02,133.15,174.6,154.44,150.95,160.77,159.26,,157.13,157.740005,146.48,16.5,174.0
2026-08-01T23:00Z,160.86,160.86,174.5,160.86,160.86,160.86,160.86,161.36,160.86,160.860001,149.65,19.96,174.0
2026-08-01T23:15Z,156.81,156.81,174.12,156.81,156.81,156.81,156.81,,156.81,156.809998,146.62,19.91,174.0
2026-08-01T23:30Z,162.01,162.01,173.88,162.01,162.01,162.01,162.01,,162.01,162.009995,149.64,19.14,173.58
2026-08-01T23:45Z,159.98,154.74,171.66,159.23,158.5,160.57,160.25,,159.8,159.929993,148.7,17.46,160.66
2026-08-02T00:00Z,158.74,155.07,173.64,158.2,157.68,159.15,158.93,157.74,158.61,158.699997,147.62,18.1,178.0
2026-08-02T00:15Z,156.5,152.83,173.64,155.96,155.44,156.92,156.69,,156.37,156.460007,146.03,18.61,172.15
2026-08-02T00:30Z,157.31,157.31,173.4,157.31,157.31,157.31,157.31,,157.31,157.309998,146.65,19.04,163.4
2026-08-02T00:45Z,154.8,154.8,171.07,154.8,154.8,154.8,154.8,,154.8,154.800003,144.89,19.08,154.8
2026-08-02T01:00Z,155.36,135.4,171.07,152.56,149.73,157.75,156.52,154.06,154.77,155.270004,144.18,21.33,173.08
2026-08-02T01:15Z,153.75,151.32,171.0,153.41,153.07,154.04,153.89,,153.68,153.740005,143.41,21.86,184.99
2026-08-02T01:30Z,153.88,144.99,170.76,152.63,151.37,154.94,154.4,,153.62,153.839996,143.35,22.43,184.38
2026-08-02T01:45Z,154.78,154.78,170.76,154.78,154.78,154.78,154.78,,154.78,154.779999,144.12,22.3,184.87
2026-08-02T02:00Z,155.01,131.77,170.0,151.74,148.44,157.79,156.36,152.1,154.32,154.910004,143.93,22.04,184.99
2026-08-02T02:15Z,153.16,146.68,167.2,152.25,151.33,153.93,153.54,,152.97,153.130005,142.99,22.05,184.99
2026-08-02T02:30Z,152.94,141.13,169.17,151.28,149.6,154.35,153.62,,152.59,152.880005,142.73,22.86,184.99
2026-08-02T02:45Z,153.26,153.26,165.67,153.26,153.26,153.26,153.26,,153.26,153.259995,143.1,23.23,175.0
2026-08-02T03:00Z,159.03,145.72,170.0,157.13,155.23,160.62,159.79,153.7,158.62,158.960007,146.78,21.02,180.0
2026-08-02T03:15Z,160.83,137.11,170.0,157.46,154.07,163.67,162.19,,160.11,160.699997,147.74,22.36,165.0
2026-08-02T03:30Z,159.73,143.75,170.0,157.45,155.17,161.63,160.64,,159.24,159.639999,147.15,23.74,161.91
2026-08-02T03:45Z,157.72,145.43,170.76,155.97,154.21,159.18,158.42,,157.34,157.649994,145.92,24.9,159.4
2026-08-02T04:00Z,161.13,151.86,170.76,159.82,158.5,162.26,161.68,150.69,160.86,161.089996,148.4,23.9,162.41
2026-08-02T04:15Z,153.7,144.65,171.07,152.42,151.13,154.8,154.24,,153.43,153.660004,143.37,24.07,154.95
2026-08-02T04:30Z,151.62,137.46,171.07,149.62,147.6,153.34,152.46,,151.21,151.570007,141.75,24.86,153.58
2026-08-02T04:45Z,139.14,132.03,171.07,138.13,137.12,140.0,139.56,,138.93,139.110001,137.52,24.63,158.66
2026-08-02T05:00Z,153.77,150.97,174.36,153.37,152.98,154.1,153.93,138.85,153.68,153.75,142.99,25.19,154.15
2026-08-02T05:15Z,142.6,142.6,182.01,142.6,142.6,142.6,142.6,,142.6,142.600006,138.22,25.06,143.5
2026-08-02T05:30Z,136.11,136.11,184.73,136.11,136.11,136.11,136.11,,136.11,136.110001,129.02,23.76,165.94
2026-08-02T05:45Z,122.32,122.32,182.73,122.32,122.32,122.32,122.32,,122.32,124.559998,125.13,21.63,143.5
2026-08-02T06:00Z,152.74,152.74,181.73,152.74,152.74,152.74,152.74,130.66,152.74,150.5,128.33,27.0,173.28
2026-08-02T06:15Z,130.33,130.33,161.33,130.33,130.33,130.33,130.33,,130.33,130.330002,126.27,24.05,166.06
2026-08-02T06:30Z,112.43,112.43,115.14,112.43,112.43,112.43,112.43,,112.43,112.43,120.82,21.27,142.39
2026-08-02T06:45Z,93.22,93.22,93.22,93.22,93.22,93.22,93.22,,93.22,93.220001,107.87,19.99,131.13
2026-08-02T07:00Z,104.46,99.0,99.0,103.71,103.34,104.96,104.66,116.0,104.24,104.360001,107.57,26.91,162.9
2026-08-02T07:15Z,84.19,80.0,80.0,83.52,82.95,84.61,84.36,,83.99,84.099998,86.68,23.67,153.19
2026-08-02T07:30Z,51.64,18.33,18.33,46.3,41.8,54.92,52.95,,50.07,50.889999,51.67,20.26,140.39
2026-08-02T07:45Z,10.45,1.75,1.75,9.06,7.88,11.31,10.8,,10.04,10.26,10.36,10.26,124.84
2026-08-02T08:00Z,10.21,1.08,1.08,8.76,7.58,11.11,10.57,15.8,9.79,10.08,11.84,11.84,127.0
2026-08-02T08:15Z,2.47,0.51,0.51,2.17,1.93,4.36,3.19,,2.41,2.77,8.97,8.97,143.71
2026-08-02T08:30Z,-0.01,0.0,0.0,0.02,0.04,2.83,1.06,,0.05,0.48,8.91,8.91,139.5
2026-08-02T08:45Z,-0.05,0.0,0.0,-0.03,-0.02,0.99,0.34,,-0.01,0.33,8.3,8.3,125.7
2026-08-02T09:00Z,-0.09,-0.01,-0.01,-0.07,-0.05,0.89,0.23,3.37,0.0,0.27,1.97,6.75,94.51
2026-08-02T09:15Z,-0.13,-0.01,-0.01,-0.1,-0.08,1.19,0.3,,0.0,0.25,2.4,6.14,135.35
2026-08-02T09:30Z,-0.34,-0.02,-0.02,-0.26,-0.2,3.36,0.86,,0.1,1.33,6.12,6.12,139.97
2026-08-02T09:45Z,-0.48,-0.07,-0.07,-0.39,-0.3,4.21,1.04,,0.99,1.34,5.63,5.63,141.34
2026-08-02T10:00Z,-0.71,-0.1,-0.1,-0.71,-0.37,5.32,1.29,1.71,2.1,2.27,4.32,5.36,118.5
2026-08-02T10:15Z,-1.08,-0.11,-0.11,-1.55,-0.29,5.48,1.09,,2.0,2.15,1.68,4.85,140.45
2026-08-02T10:30Z,-1.44,-0.11,-0.11,-2.23,-0.27,6.59,1.22,,2.0,2.13,1.7,4.46,140.39
2026-08-02T10:45Z,-1.87,-0.11,-0.11,-3.04,-0.25,7.87,1.35,,2.0,2.11,1.59,3.86,112.03
2026-08-02T11:00Z,-2.77,-1.14,-0.3,-3.49,-1.47,8.44,0.94,0.5,2.39,2.48,1.89,3.53,148.72
2026-08-02T11:15Z,-3.1,-2.16,-0.29,-3.04,-2.6,6.3,0.01,,2.23,2.29,1.63,2.83,149.67
2026-08-02T11:30Z,-4.28,-3.12,-0.16,-4.0,-3.77,8.66,0.0,,2.13,2.19,1.5,2.73,153.14
2026-08-02T11:45Z,-4.77,-3.73,-0.12,-4.52,-4.31,6.81,-0.94,,2.1,2.15,1.48,2.63,148.87
2026-08-02T12:00Z,-2.42,-0.11,-0.1,-4.02,-0.27,9.61,1.59,1.71,2.0,2.1,1.74,3.68,145.35
2026-08-02T12:15Z,-1.99,-0.11,-0.1,-3.06,-0.35,8.65,1.67,,2.0,2.1,1.74,3.56,138.62
2026-08-02T12:30Z,-1.64,-0.11,-0.07,-2.56,-0.29,7.24,1.31,,2.0,2.08,1.72,3.14,142.39
2026-08-02T12:45Z,-1.09,-0.11,-0.07,-1.5,-0.31,5.68,1.16,,2.1,2.17,1.82,2.99,142.92
2026-08-02T13:00Z,-1.29,-0.02,-0.02,-0.93,-0.7,10.11,3.0,18.49,2.5,2.59,8.39,3.8,111.5
2026-08-02T13:15Z,-1.25,-0.01,-0.01,-0.9,-0.67,11.85,3.19,,3.89,3.96,13.41,4.01,117.0
2026-08-02T13:30Z,-1.19,-0.01,-0.01,-1.09,-0.78,13.56,3.73,,3.99,4.1,17.1,4.87,119.0
2026-08-02T13:45Z,-0.98,0.0,0.0,-1.27,-0.86,14.32,4.13,,4.5,4.6,16.92,5.1,140.39
2026-08-02T14:00Z,-1.01,0.0,0.0,-1.04,-0.62,19.42,15.51,86.54,3.34,5.0,27.72,5.95,132.65
2026-08-02T14:15Z,-0.04,0.0,0.0,-0.15,0.14,22.68,50.31,,4.0,7.72,28.91,7.72,136.91
2026-08-02T14:30Z,0.0,0.0,0.0,0.0,1.51,117.33,50.01,,9.81,9.99,82.74,9.99,138.73
2026-08-02T14:45Z,12.71,0.01,0.01,12.71,12.52,167.75,75.91,,16.08,16.370001,104.54,16.37,167.75
2026-08-02T15:00Z,41.97,1.0,1.0,35.65,30.34,71.34,75.77,134.66,40.7,41.439999,45.25,10.01,151.34
2026-08-02T15:15Z,92.84,1.08,1.08,78.69,66.75,141.89,105.69,,89.45,92.129997,107.26,20.01,141.89
2026-08-02T15:30Z,116.55,34.52,2.76,103.84,93.09,142.73,118.38,,112.98,115.050003,120.02,27.59,142.73
2026-08-02T15:45Z,130.29,102.81,3.43,126.47,123.3,164.44,121.26,,128.22,127.760002,121.58,39.05,164.44
2026-08-02T16:00Z,123.89,81.83,7.57,118.53,113.4,160.86,109.68,167.74,121.29,120.529999,124.82,16.0,169.98
2026-08-02T16:15Z,138.13,114.82,37.25,135.75,133.31,174.59,114.29,,135.6,133.5,128.97,24.28,189.48
2026-08-02T16:30Z,157.0,143.43,70.24,155.41,154.0,189.48,153.17,,155.98,155.740005,138.84,31.22,189.48
2026-08-02T16:45Z,173.61,177.32,91.98,174.77,175.7,190.94,157.0,,172.59,170.770004,142.99,41.81,190.94
2026-08-02T17:00Z,160.15,163.2,93.49,160.59,161.37,183.58,160.81,171.63,159.5,158.860001,145.05,27.56,194.75
2026-08-02T17:15Z,170.59,170.08,115.14,170.77,170.98,183.56,169.8,,169.93,169.309998,146.48,29.34,197.0
2026-08-02T17:30Z,183.9,170.41,158.69,181.85,180.04,189.23,188.34,,183.22,183.539993,148.02,31.64,197.1
2026-08-02T17:45Z,192.93,176.35,176.35,190.3,187.95,192.75,200.73,,192.42,193.169998,148.98,33.15,198.7
2026-08-02T18:00Z,182.99,173.4,173.4,181.61,180.41,190.3,186.99,176.9,182.3,182.350006,149.71,30.63,197.0
2026-08-02T18:15Z,181.78,182.33,182.33,181.95,182.17,186.85,184.85,,181.57,181.380005,149.77,29.63,197.0
2026-08-02T18:30Z,185.66,186.79,186.79,185.86,186.15,190.94,186.62,,185.42,185.160004,149.86,29.08,197.1
2026-08-02T18:45Z,192.32,193.01,193.01,192.44,192.64,197.1,191.17,,192.08,191.809998,149.9,27.94,197.1
2026-08-02T19:00Z,190.7,191.54,191.54,190.86,191.07,194.87,189.12,176.44,190.48,190.179993,149.96,30.1,198.7
2026-08-02T19:15Z,181.18,183.01,199.43,181.51,181.99,190.31,177.71,,180.69,180.039993,149.96,30.05,198.7
2026-08-02T19:30Z,174.37,176.91,201.7,174.84,175.5,187.05,169.55,,173.69,172.789993,149.97,28.11,198.7
2026-08-02T19:45Z,164.51,167.92,201.7,165.14,166.03,181.5,158.06,,163.6,162.399994,149.96,24.92,197.1
2026-08-02T20:00Z,181.59,183.46,203.37,182.09,182.56,190.52,178.22,173.8,181.14,180.490005,149.94,31.77,198.7
2026-08-02T20:15Z,167.84,171.39,205.26,168.78,169.69,184.88,161.4,,166.97,165.740005,149.93,27.94,200.48
2026-08-02T20:30Z,163.65,167.29,210.3,164.61,165.54,181.11,157.05,,162.76,161.5,149.94,23.66,197.1
2026-08-02T20:45Z,157.83,159.94,201.97,158.39,158.93,167.94,154.01,,157.32,156.589996,147.29,18.04,197.0
2026-08-02T21:00Z,160.11,166.35,200.0,162.13,163.66,188.48,132.52,167.94,158.54,155.690002,148.13,29.67,206.77
2026-08-02T21:15Z,155.09,158.54,199.43,156.21,157.05,170.77,139.83,,154.22,152.369995,144.91,25.99,197.1
2026-08-02T21:30Z,152.96,155.51,198.29,153.79,154.42,164.56,141.68,,152.32,151.089996,143.46,20.99,189.48
2026-08-02T21:45Z,143.17,146.86,196.23,144.37,145.27,159.95,126.85,,142.24,140.449997,138.29,15.03,184.41
2026-08-02T22:00Z,146.32,150.99,182.92,147.26,148.52,177.35,133.91,163.58,145.139999,143.83,140.71,22.38,192.9
2026-08-02T22:15Z,141.85,146.65,182.4,143.21,144.43,167.03,123.77,,140.690002,138.75,137.2,16.32,191.68
2026-08-02T22:30Z,136.95,141.53,181.92,138.18,139.36,162.11,120.56,,135.830002,134.08,132.26,13.92,186.09
2026-08-02T22:45Z,134.05,138.43,180.92,135.2,136.33,158.64,118.8,,132.979996,131.35,129.94,10.09,174.0
2026-08-02T23:00Z,137.95,141.78,179.92,138.24,139.37,171.93,135.09,159.01,137.0,136.75,132.77,15.63,175.23
2026-08-02T23:15Z,134.42,137.83,176.64,134.99,135.93,159.2,127.29,,133.580002,132.85,129.87,15.12,173.06
2026-08-02T23:30Z,135.44,138.67,178.23,136.5,137.29,149.77,121.02,,134.660004,133.12,130.97,14.84,169.41
2026-08-02T23:45Z,132.63,135.76,173.97,133.66,134.42,146.55,118.61,,131.869995,130.37,128.14,14.38,169.0
2026-08-03T00:00Z,133.59,136.79,173.97,134.62,135.41,147.86,119.16,152.5,132.800003,131.26,129.12,15.25,170.16
2026-08-03T00:15Z,131.84,134.91,173.26,132.83,133.59,145.56,117.96,,131.080002,129.6,127.37,14.81,167.99
2026-08-03T00:30Z,131.4,134.05,173.85,132.25,132.91,143.25,119.4,,130.729996,129.45,127.03,15.2,168.49
2026-08-03T00:45Z,130.93,133.34,170.59,131.7,132.3,141.69,120.04,,130.330002,129.17,126.63,14.76,167.3
2026-08-03T01:00Z,129.25,130.07,165.99,129.83,130.23,140.8,117.8,150.0,128.580002,127.4,124.5,13.91,163.51
2026-08-03T01:15Z,128.84,129.14,165.0,129.36,129.7,140.6,117.29,,128.149994,126.97,124.17,15.0,167.84
2026-08-03T01:30Z,129.5,131.47,165.0,130.13,130.62,138.31,120.51,,129.009995,128.06,124.72,16.38,143.67
2026-08-03T01:45Z,131.56,133.25,164.0,132.1,132.53,139.09,123.89,,131.149994,130.34,126.0,17.63,143.67
2026-08-03T02:00Z,128.7,128.57,162.24,128.99,129.17,136.45,121.15,151.92,128.240005,127.47,124.52,12.66,161.97
2026-08-03T02:15Z,131.24,131.02,160.92,131.76,132.07,144.84,118.0,,130.429993,129.09,126.35,15.14,163.21
2026-08-03T02:30Z,133.6,133.37,164.0,134.14,134.46,147.84,119.72,,132.75,131.34,127.96,19.2,160.78
2026-08-03T02:45Z,137.41,137.19,165.0,137.93,138.24,151.17,124.0,,136.589996,135.22,130.69,22.74,162.0
2026-08-03T03:00Z,139.13,122.92,166.1,137.73,136.06,168.85,126.33,163.1,137.380005,135.89,131.25,13.49,170.08
2026-08-03T03:15Z,141.73,136.63,171.07,141.85,141.73,170.18,127.27,,140.240005,138.4,133.52,20.15,172.38
2026-08-03T03:30Z,144.67,144.16,173.85,145.39,145.9,172.0,130.0,,143.309998,141.39,135.89,26.24,174.36
2026-08-03T03:45Z,151.67,151.13,179.87,152.41,152.94,180.81,137.35,,150.259995,148.3,143.16,31.3,183.07
2026-08-03T04:00Z,164.9,142.23,181.92,162.11,159.31,182.79,159.04,167.4,163.460007,163.03,146.53,16.96,183.27
2026-08-03T04:15Z,171.38,158.26,182.88,169.82,168.24,184.29,167.22,,170.440002,170.06,148.48,26.17,189.48
2026-08-03T04:30Z,173.41,148.97,183.36,170.1,166.83,181.09,173.46,,172.460007,172.82,149.75,29.92,213.84
2026-08-03T04:45Z,167.21,148.13,183.42,164.6,162.02,171.9,167.6,,166.529999,166.87,149.9,33.53,212.0
2026-08-03T05:00Z,173.56,159.31,183.6,171.4,169.58,175.01,174.12,163.1,173.080002,173.41,153.52,54.03,193.07
2026-08-03T05:15Z,166.94,162.5,185.3,166.27,165.7,167.4,167.12,,166.800003,166.9,153.53,47.39,193.95
2026-08-03T05:30Z,161.83,161.83,185.3,161.83,161.83,161.83,161.58,,161.830002,161.83,149.94,30.32,193.95
2026-08-03T05:45Z,155.63,155.63,183.6,155.63,155.63,155.63,138.7,,155.630005,155.63,146.47,30.33,193.05
2026-08-03T06:00Z,167.27,167.27,183.42,167.27,167.27,167.27,137.45,152.1,167.270004,167.27,150.98,34.73,193.95
2026-08-03T06:15Z,156.95,156.95,182.88,156.95,156.95,156.95,112.63,,156.949997,156.95,146.87,30.06,193.05
2026-08-03T06:30Z,150.23,150.23,178.23,150.23,150.23,150.23,117.43,,150.229996,150.23,144.85,27.32,193.05
2026-08-03T06:45Z,125.55,125.55,158.63,125.55,125.55,125.55,125.55,,125.550003,127.86,135.07,24.66,191.53
2026-08-03T07:00Z,163.11,163.11,171.66,163.11,163.11,163.11,145.1,135.21,163.110001,160.81,142.99,34.17,189.99
2026-08-03T07:15Z,134.68,134.68,171.66,134.68,134.68,134.68,134.68,,134.679993,134.18,131.93,29.85,189.48
2026-08-03T07:30Z,124.22,129.62,179.92,125.86,127.26,127.2,106.04,,122.900002,121.2,129.95,24.74,191.05
2026-08-03T07:45Z,118.48,124.91,169.34,120.44,122.09,121.83,96.89,,116.919998,114.3,126.1,19.1,189.48
2026-08-03T08:00Z,127.99,136.32,173.85,129.41,133.91,134.58,97.81,107.68,126.239998,123.96,125.71,27.26,185.0
2026-08-03T08:15Z,117.09,123.52,155.32,117.09,123.2,119.57,101.54,,116.769997,117.66,119.66,22.69,180.0
2026-08-03T08:30Z,109.3,113.72,140.0,109.45,113.04,110.98,97.41,,109.300003,110.47,113.63,21.12,178.15
2026-08-03T08:45Z,88.76,91.12,131.99,89.49,90.27,89.96,80.97,,88.440002,88.14,101.09,18.23,172.42
2026-08-03T09:00Z,90.05,101.05,115.4,74.56,104.53,92.22,90.77,61.98,88.18,89.15,91.01,23.68,162.22
2026-08-03T09:15Z,74.45,101.8,114.75,37.47,111.98,79.85,76.26,,69.900002,72.26,72.13,21.55,161.8
2026-08-03T09:30Z,62.48,99.88,99.88,10.0,111.63,70.59,63.03,,56.07,59.2,69.94,21.7,169.97
2026-08-03T09:45Z,51.73,92.84,98.19,-0.01,107.5,71.33,24.46,,43.959999,45.17,70.86,17.2,165.74
2026-08-03T10:00Z,42.44,98.19,98.19,30.99,142.32,55.37,40.14,34.48,36.560001,39.31,63.01,25.45,167.28
2026-08-03T10:15Z,25.1,94.15,95.4,7.32,145.0,61.27,17.69,,17.76,20.95,63.17,20.13,166.08
2026-08-03T10:30Z,21.36,76.19,90.0,0.0,111.27,74.21,19.0,,15.75,18.77,63.2,18.6,163.14
2026-08-03T10:45Z,15.22,34.26,89.2,0.0,42.0,49.8,21.77,,13.5,15.3,63.34,15.2,162.03
2026-08-03T11:00Z,23.27,77.5,85.2,-0.03,109.66,88.31,15.75,29.11,17.370001,20.08,100.0,18.94,158.51
2026-08-03T11:15Z,20.1,53.96,84.25,-0.68,67.33,101.35,20.9,,17.040001,19.39,100.47,17.36,161.71
2026-08-03T11:30Z,11.28,27.99,83.55,-0.02,29.9,96.92,30.07,,11.37,14.01,101.15,14.0,156.5
2026-08-03T11:45Z,10.9,29.51,81.8,-1.52,32.39,102.35,37.82,,11.23,14.6,101.16,14.58,163.16
2026-08-03T12:00Z,10.09,51.33,82.25,0.0,82.91,106.93,46.47,37.28,8.83,13.9,98.61,13.8,163.0
2026-08-03T12:15Z,13.36,45.87,81.8,0.01,62.83,137.83,60.0,,13.69,19.25,95.62,17.31,174.0
2026-08-03T12:30Z,26.04,63.42,81.35,1.3,83.13,122.9,62.34,,24.4,29.64,91.77,19.43,174.0
2026-08-03T12:45Z,40.73,75.0,75.0,11.5,91.13,116.7,69.18,,38.459999,43.03,92.19,20.34,177.04
2026-08-03T13:00Z,41.35,80.2,80.2,1.14,97.17,102.42,66.1,84.0,37.52,42.29,73.32,18.61,180.0
2026-08-03T13:15Z,58.8,80.04,80.04,39.2,87.57,118.27,83.07,,57.610001,61.06,70.55,22.77,187.39
2026-08-03T13:30Z,68.01,82.4,82.4,56.16,86.47,123.89,90.87,,67.75,70.59,100.8,25.31,190.0
2026-08-03T13:45Z,75.09,85.2,85.2,71.44,85.2,155.4,95.96,,75.550003,77.7,104.11,28.02,190.0
2026-08-03T14:00Z,88.22,88.22,88.22,88.22,88.22,88.22,88.22,130.53,88.220001,88.22,98.55,19.01,190.0
2026-08-03T14:15Z,96.18,96.86,96.86,96.31,96.48,105.62,97.0,,96.169998,96.23,103.97,24.07,184.36
2026-08-03T14:30Z,106.57,110.23,98.19,107.37,108.34,151.6,101.28,,106.0,105.37,113.35,27.75,187.39
2026-08-03T14:45Z,120.26,124.69,98.4,121.22,122.41,174.86,113.83,,119.559998,118.79,121.06,30.74,187.39
2026-08-03T15:00Z,117.1,116.67,100.0,117.5,117.84,136.08,101.31,143.29,116.129997,114.6,123.53,22.74,193.95
2026-08-03T15:15Z,123.8,124.63,110.3,124.29,124.84,158.52,111.21,,122.870003,121.63,130.29,56.39,193.95
2026-08-03T15:30Z,145.59,144.57,115.01,145.85,146.26,190.97,132.0,,144.460007,141.74,142.97,90.92,193.95
2026-08-03T15:45Z,172.71,163.85,115.4,172.36,172.55,207.81,148.33,,170.580002,167.51,145.61,102.29,207.81
2026-08-03T16:00Z,155.17,115.27,115.27,149.75,145.25,190.94,166.78,170.73,150.619995,147.91,145.77,93.8,202.48
2026-08-03T16:15Z,162.78,151.65,135.0,161.58,161.26,205.91,194.3,,157.289993,154.47,146.84,98.74,222.62
2026-08-03T16:30Z,170.7,151.54,145.0,168.04,166.6,205.97,227.21,,164.669998,162.08,149.2,104.56,248.99
2026-08-03T16:45Z,187.46,181.52,156.52,187.18,188.99,272.84,291.2,,175.100006,171.59,153.01,109.99,285.91
2026-08-03T17:00Z,177.61,141.5,139.45,173.11,169.0,205.97,291.24,181.82,174.419998,171.29,154.46,109.11,233.16
2026-08-03T17:15Z,189.78,178.34,170.0,188.89,188.22,205.98,333.25,,186.520004,183.17,158.55,112.48,247.0
2026-08-03T17:30Z,208.69,182.4,182.4,204.7,202.1,205.98,414.98,,203.75,200.09,163.0,115.88,269.0
2026-08-03T17:45Z,246.99,196.68,183.12,237.03,233.17,230.04,460.01,,228.979996,208.58,168.82,119.76,300.0
2026-08-03T18:00Z,207.26,173.15,173.15,199.83,191.73,267.8,312.24,190.0,212.399994,224.84,158.15,113.58,269.0
2026-08-03T18:15Z,201.41,183.36,183.36,196.52,191.96,260.9,306.39,,204.589996,209.37,158.83,113.28,260.9
2026-08-03T18:30Z,194.5,190.6,190.6,194.21,192.97,241.68,298.23,,196.389999,200.0,158.69,112.3,260.0
2026-08-03T18:45Z,199.53,201.97,201.97,201.06,201.42,243.66,288.38,,200.899994,202.97,158.56,111.26,247.1
2026-08-03T19:00Z,196.48,197.61,201.97,197.88,197.78,226.86,291.2,185.66,198.0,201.34,158.87,113.4,260.0
2026-08-03T19:15Z,188.91,189.77,212.3,189.88,189.86,216.77,251.1,,189.910004,191.85,158.57,112.56,283.7
2026-08-03T19:30Z,184.83,184.94,222.69,185.15,185.12,208.33,207.5,,185.199997,185.65,157.25,110.46,244.99
2026-08-03T19:45Z,173.01,173.2,215.77,173.05,173.15,195.93,170.23,,172.639999,172.2,154.14,107.38,204.96
2026-08-03T20:00Z,184.05,187.15,203.01,184.72,185.7,212.33,171.65,179.8,182.110001,179.35,153.69,109.88,305.0
2026-08-03T20:15Z,175.64,178.66,201.01,176.31,177.25,203.4,161.49,,173.839996,171.29,151.72,107.06,290.0
2026-08-03T20:30Z,173.01,175.67,196.42,173.66,174.46,198.05,154.7,,171.679993,169.84,150.15,105.7,248.83
2026-08-03T20:45Z,165.02,167.61,190.0,165.65,166.42,190.76,150.14,,163.800003,162.15,149.9,95.57,220.0
2026-08-03T21:00Z,166.58,168.91,194.42,167.24,167.9,187.24,151.41,167.63,165.610001,164.09,146.92,101.8,283.72
2026-08-03T21:15Z,160.0,162.03,190.0,160.58,161.15,178.07,146.99,,159.160004,157.85,146.84,95.18,248.49
2026-08-03T21:30Z,155.7,157.86,187.05,156.32,156.93,175.12,142.11,,154.820007,153.42,146.2,90.52,220.0
2026-08-03T21:45Z,146.27,148.63,184.4,146.94,147.61,167.45,131.5,,145.309998,143.79,143.55,82.36,207.79
2026-08-03T22:00Z,168.81,171.23,185.71,169.52,170.27,189.56,136.86,173.07,167.85,166.270004,143.4,98.43,193.05
2026-08-03T22:15Z,152.23,154.76,185.21,152.97,153.76,174.04,119.46,,151.21,149.550003,143.38,87.88,193.0
2026-08-03T22:30Z,151.15,153.32,184.47,151.78,152.46,169.87,131.98,,150.28,148.850006,142.44,72.22,192.9
2026-08-03T22:45Z,143.81,145.49,183.67,144.3,144.82,158.22,131.58,,143.14,142.050003,138.88,60.0,188.99
2026-08-03T23:00Z,151.26,153.25,183.67,151.83,152.4,169.15,135.01,165.67,150.4,149.059998,142.18,60.0,191.7
2026-08-03T23:15Z,144.52,146.75,183.21,145.15,145.8,164.53,129.43,,143.56,142.059998,137.13,53.63,188.99
2026-08-03T23:30Z,143.87,145.87,182.95,144.44,145.02,161.85,130.31,,143.01,141.649994,136.61,47.06,190.0
2026-08-03T23:45Z,139.22,141.43,182.47,139.85,140.49,159.08,124.25,,138.27,136.770004,134.02,39.72,187.0
2026-08-04T00:00Z,140.8,142.81,182.21,141.37,141.95,158.22,126.81,159.65,139.9,138.520004,134.67,59.99,184.39
2026-08-04T00:15Z,140.25,142.2,179.87,140.8,141.36,157.1,126.72,,139.38,138.050003,134.23,60.0,184.39
2026-08-04T00:30Z,139.17,141.12,180.01,139.72,140.28,156.05,125.61,,138.3,136.960007,133.29,53.12,177.64
2026-08-04T00:45Z,135.76,136.59,179.87,136.17,136.59,153.33,121.62,,134.83,133.460007,130.65,51.44,173.43
2026-08-04T01:00Z,134.42,134.56,170.0,134.72,135.03,150.93,120.95,152.1,133.53,132.259995,129.49,53.7,182.0
2026-08-04T01:15Z,136.01,129.52,166.38,135.33,134.73,151.02,124.64,,135.05,134.110001,130.74,59.66,174.5
2026-08-04T01:30Z,138.33,139.78,165.3,138.76,139.19,151.76,127.2,,137.63,136.559998,132.72,60.0,164.45
2026-08-04T01:45Z,139.66,140.03,164.99,139.92,140.19,152.12,129.45,,138.99,138.020004,133.68,59.99,163.0
2026-08-04T02:00Z,139.17,138.87,165.3,139.25,139.37,147.86,132.09,157.68,138.67,138.020004,133.9,85.32,166.78
2026-08-04T02:15Z,139.73,135.58,164.95,139.27,138.89,149.18,132.5,,139.1,138.509995,134.0,72.62,164.59
2026-08-04T02:30Z,142.47,137.33,165.0,141.88,141.37,152.43,131.4,,141.79,141.179993,135.16,32.73,162.69
2026-08-04T02:45Z,151.29,131.19,165.3,148.63,146.09,160.19,123.9,,149.64,150.169998,140.82,34.39,160.35
2026-08-04T03:00Z,151.75,143.88,164.68,150.84,150.1,168.8,127.12,169.6,150.58,149.860001,142.36,41.57,168.8
2026-08-04T03:15Z,152.65,138.87,171.07,150.89,149.4,171.9,123.58,,151.32,150.600006,142.91,47.14,171.9
2026-08-04T03:30Z,156.0,138.87,174.02,153.94,151.83,169.77,126.5,,153.03,154.240005,143.8,54.25,169.77
2026-08-04T03:45Z,167.41,145.34,180.01,164.7,161.73,173.32,142.69,,163.43,166.429993,143.83,63.93,173.32
2026-08-04T04:00Z,166.64,161.1,182.47,166.5,165.82,178.75,139.2,173.8,161.71,164.679993,143.86,51.86,193.05
2026-08-04T04:15Z,174.41,166.05,182.71,171.68,170.43,175.36,143.14,,170.45,173.580002,143.94,74.65,192.9
2026-08-04T04:30Z,170.78,159.21,183.43,166.11,164.43,171.9,143.13,,166.74,169.809998,143.98,79.28,193.05
2026-08-04T04:45Z,171.9,166.48,184.21,165.12,164.05,172.22,137.0,,163.8,166.800003,144.23,67.53,193.05
2026-08-04T05:00Z,178.09,177.46,185.21,177.54,177.46,180.0,152.9,170.24,177.78,181.039993,144.47,66.8,193.95
2026-08-04T05:15Z,172.31,172.31,185.71,172.31,172.31,172.31,142.68,,172.31,172.320007,144.48,51.45,193.95
2026-08-04T05:30Z,171.95,171.95,185.29,171.95,171.95,171.95,122.31,,171.95,171.949997,144.61,80.0,193.95
2026-08-04T05:45Z,154.78,154.78,183.21,154.78,154.78,154.78,97.61,,154.78,154.779999,144.89,61.52,193.65
2026-08-04T06:00Z,177.98,177.98,184.21,177.98,177.98,177.98,97.15,161.35,177.98,177.979996,149.91,93.69,193.95
2026-08-04T06:15Z,168.1,168.1,183.21,168.1,168.1,168.1,97.14,,168.1,168.110001,149.92,75.24,193.95
2026-08-04T06:30Z,157.05,157.05,179.51,157.05,157.05,157.05,96.68,,157.05,157.050003,147.04,45.98,192.9
2026-08-04T06:45Z,142.83,142.83,152.47,142.83,142.83,142.83,97.15,,142.83,142.830002,143.54,29.53,192.9
2026-08-04T07:00Z,174.24,174.24,174.24,174.24,174.24,174.24,95.74,146.61,174.24,174.240005,144.6,35.24,191.45
2026-08-04T07:15Z,156.6,156.6,156.6,156.6,156.6,156.6,96.21,,156.6,156.600006,143.35,31.31,182.0
2026-08-04T07:30Z,134.08,134.08,134.08,134.08,134.08,134.08,96.68,,134.08,131.860001,142.66,27.67,178.88
2026-08-04T07:45Z,121.23,121.23,121.23,121.23,121.23,121.23,95.75,,121.23,123.449997,138.3,22.74,166.81
2026-08-04T08:00Z,143.5,144.17,130.1,143.7,143.88,145.62,97.61,128.61,143.29,140.710007,137.13,30.6,184.39
2026-08-04T08:15Z,122.39,123.36,113.73,122.68,122.94,126.14,101.6,,122.0,123.68,130.52,27.91,170.69
2026-08-04T08:30Z,117.57,118.79,98.26,117.93,118.26,122.18,110.14,,117.08,116.360001,127.06,27.27,160.17
2026-08-04T08:45Z,114.58,115.72,87.14,114.92,115.22,118.21,110.14,,114.21,113.68,120.02,24.52,152.67
2026-08-04T09:00Z,113.9,114.43,98.26,114.06,114.2,116.05,110.14,104.0,113.67,113.330002,117.32,29.63,150.0
2026-08-04T09:15Z,106.83,106.83,98.05,106.83,106.83,106.83,106.83,,106.83,106.830002,110.29,28.96,155.1
2026-08-04T09:30Z,98.05,98.05,98.05,98.05,98.05,98.05,98.05,,98.05,98.050003,101.26,30.18,150.0
2026-08-04T09:45Z,96.17,96.17,96.17,96.17,96.17,96.17,96.17,,96.17,96.169998,99.33,29.05,159.3
2026-08-04T10:00Z,94.99,94.99,94.99,94.99,94.99,94.99,94.99,77.0,94.99,94.989998,98.12,33.24,159.73
2026-08-04T10:15Z,85.7,85.7,85.7,85.7,85.7,85.7,85.7,,85.7,85.699997,88.53,33.23,160.14
2026-08-04T10:30Z,85.01,85.01,85.01,85.01,85.01,85.01,85.01,,85.01,85.010002,87.81,30.63,158.25
2026-08-04T10:45Z,83.55,83.55,83.55,83.55,83.55,83.55,83.55,,83.55,83.550003,86.3,29.24,158.25
2026-08-04T11:00Z,81.95,81.95,81.95,81.95,81.95,81.95,81.95,83.64,81.95,81.949997,87.56,30.37,158.5
2026-08-04T11:15Z,80.59,80.59,80.59,80.59,80.59,80.59,80.59,,80.59,80.589996,85.58,30.42,160.74
2026-08-04T11:30Z,72.34,72.34,72.34,72.34,72.34,72.34,72.34,,72.34,72.339996,83.16,30.74,158.75
2026-08-04T11:45Z,70.98,70.98,70.98,70.98,70.98,70.98,70.98,,70.98,70.980003,82.9,31.94,161.38
2026-08-04T12:00Z,81.65,81.65,81.65,81.65,81.65,81.65,81.65,105.21,81.65,81.650002,84.35,32.58,163.3
2026-08-04T12:15Z,84.32,84.32,84.32,84.32,84.32,84.32,84.32,,84.32,84.32,87.12,34.38,166.89
2026-08-04T12:30Z,85.01,85.01,85.01,85.01,85.01,85.01,85.01,,85.01,85.010002,87.81,29.76,169.28
2026-08-04T12:45Z,85.27,85.27,85.27,85.27,85.27,85.27,85.27,,85.27,85.269997,88.08,30.89,171.81
2026-08-04T13:00Z,96.37,85.0,85.0,94.74,94.71,97.23,96.67,127.04,95.98,96.169998,116.46,30.73,163.0
2026-08-04T13:15Z,101.61,83.55,83.55,99.02,98.97,102.96,102.09,,100.98,101.239998,117.32,42.5,167.39
2026-08-04T13:30Z,117.07,82.0,82.0,112.09,111.93,127.92,97.61,,116.11,117.029999,119.78,39.71,176.27
2026-08-04T13:45Z,122.78,80.27,80.27,116.78,116.78,136.31,96.68,,121.63,122.669998,125.38,60.35,181.44
2026-08-04T14:00Z,119.5,69.0,69.0,112.5,112.24,123.26,107.82,150.53,117.87,118.790001,121.64,21.57,191.14
2026-08-04T14:15Z,123.46,79.4,79.4,117.35,117.13,126.74,97.6,,122.04,122.809998,125.94,31.56,192.9
2026-08-04T14:30Z,124.08,81.35,81.35,118.12,117.87,135.58,117.01,,122.88,124.940002,134.62,64.76,199.0
2026-08-04T14:45Z,142.71,82.25,82.25,134.3,133.95,166.4,135.56,,140.99,141.279999,137.58,69.68,205.0
2026-08-04T15:00Z,137.21,85.27,85.27,129.19,122.56,144.25,139.77,170.0,135.59,136.75,136.44,25.28,190.86
2026-08-04T15:15Z,149.41,96.47,96.47,141.19,134.54,168.06,153.28,,147.0,149.589996,142.39,44.67,193.94
2026-08-04T15:30Z,165.9,99.75,99.75,155.89,147.4,190.94,177.07,,160.23,162.970001,143.47,71.05,212.66
2026-08-04T15:45Z,167.33,114.95,114.95,159.09,152.54,217.26,190.78,,162.59,165.440002,143.62,86.12,232.81
2026-08-04T16:00Z,155.95,103.33,103.33,147.55,140.6,173.55,167.39,175.81,150.86,156.429993,143.95,66.06,193.95
2026-08-04T16:15Z,156.4,114.82,114.82,149.84,144.01,203.95,215.45,,152.91,161.860001,144.45,84.99,216.36
2026-08-04T16:30Z,176.28,127.27,123.97,168.87,161.75,208.38,282.72,,172.74,185.350006,144.44,100.58,265.18
2026-08-04T16:45Z,213.56,142.59,142.59,174.93,164.52,262.0,396.14,,193.73,220.199997,144.47,107.62,262.0
2026-08-04T17:00Z,170.39,138.34,122.99,165.75,160.0,211.71,328.4,228.03,172.86,178.339996,151.57,85.0,263.16
2026-08-04T17:15Z,201.19,156.07,152.47,150.1,140.36,230.0,378.29,,199.7,211.029999,150.98,85.0,230.0
2026-08-04T17:30Z,236.85,172.03,172.03,180.33,166.56,255.99,421.16,,236.89,251.300003,150.0,84.99,255.99
2026-08-04T17:45Z,303.57,184.47,184.47,204.11,180.0,283.9,412.15,,297.87,316.369995,149.95,83.63,274.84
2026-08-04T18:00Z,240.01,167.58,167.58,153.39,130.0,274.44,434.7,226.21,233.36,245.429993,144.66,105.29,255.99
2026-08-04T18:15Z,248.74,185.21,185.21,189.84,174.7,238.76,327.49,,246.59,258.040009,144.49,103.89,230.0
2026-08-04T18:30Z,241.06,189.11,196.71,204.44,190.29,228.07,312.53,,243.09,253.300003,144.48,104.35,228.07
2026-08-04T18:45Z,230.21,191.17,206.72,217.5,209.01,221.0,299.19,,235.17,243.770004,144.47,88.05,221.0
2026-08-04T19:00Z,239.71,179.1,201.82,189.5,177.12,229.61,296.81,204.94,237.13,246.880005,143.96,106.76,229.61
2026-08-04T19:15Z,214.07,178.9,212.01,197.76,190.84,209.43,247.82,,214.54,219.600006,143.9,106.52,209.43
2026-08-04T19:30Z,203.55,185.13,212.52,197.7,193.71,199.37,234.9,,205.7,209.470001,143.77,105.67,200.35
2026-08-04T19:45Z,190.85,182.87,207.5,189.36,188.02,190.91,192.55,,190.63,191.279999,143.71,85.0,195.5
2026-08-04T20:00Z,198.68,187.13,200.0,185.69,182.87,205.92,217.55,180.41,198.79,202.009995,143.61,80.01,249.02
2026-08-04T20:15Z,181.42,179.12,199.47,179.9,179.39,198.04,178.64,,181.29,181.429993,143.58,83.75,210.0
2026-08-04T20:30Z,184.89,185.77,195.71,185.05,185.35,202.45,148.73,,184.14,183.160004,143.53,52.15,202.45
2026-08-04T20:45Z,175.52,177.12,189.21,175.8,176.31,193.95,142.22,,174.48,173.130005,143.47,33.67,193.95
2026-08-04T21:00Z,170.88,174.65,187.63,171.68,172.83,208.91,115.12,169.78,168.77,165.839996,143.52,34.85,250.63
2026-08-04T21:15Z,166.5,168.13,185.71,166.5,167.01,184.75,132.92,,165.42,164.029999,143.46,28.95,228.49
2026-08-04T21:30Z,163.1,164.48,185.21,163.1,163.53,178.47,133.39,,162.19,161.020004,143.42,23.99,195.1
2026-08-04T21:45Z,151.78,152.24,183.43,149.45,149.71,168.95,137.38,,150.36,149.169998,143.37,17.84,191.7
2026-08-04T22:00Z,162.65,153.01,184.99,161.71,160.73,183.15,147.65,159.8,161.380005,160.139999,143.18,26.6,214.0
2026-08-04T22:15Z,156.5,156.5,183.6,156.94,157.29,177.58,139.91,,155.429993,153.869995,143.15,24.24,214.0
2026-08-04T22:30Z,151.55,151.55,183.12,151.76,151.92,161.51,143.71,,151.050003,150.309998,142.99,21.26,193.07
2026-08-04T22:45Z,150.07,149.44,182.4,150.18,150.24,159.43,142.78,,149.580002,148.910004,142.99,18.44,192.95
2026-08-04T23:00Z,152.76,152.91,181.36,153.04,153.25,164.83,143.67,156.1,152.199997,151.350006,143.0,22.74,204.0
2026-08-04T23:15Z,148.53,145.52,179.61,148.36,148.13,159.98,140.26,,147.929993,147.210007,143.0,21.82,216.0
2026-08-04T23:30Z,148.29,145.42,169.52,148.15,147.94,159.99,139.82,,147.679993,146.940002,142.93,20.69,200.0
2026-08-04T23:45Z,147.81,144.6,165.0,147.63,147.38,160.0,139.0,,147.169998,146.399994,142.65,20.5,189.48
2026-08-05T00:00Z,152.68,153.77,164.57,153.05,153.38,164.04,143.67,153.14,152.149994,151.279999,142.93,21.49,193.07
2026-08-05T00:15Z,147.52,146.26,164.6,147.61,147.62,159.3,138.47,,146.919998,146.089996,142.43,22.2,193.07
2026-08-05T00:30Z,146.1,137.91,165.3,145.19,144.25,157.57,138.12,,145.350006,144.75,140.9,20.97,201.0
2026-08-05T00:45Z,145.9,119.55,164.59,142.42,139.0,158.06,139.59,,144.350006,144.580002,140.95,22.08,187.0
2026-08-05T01:00Z,147.72,147.14,165.3,147.87,147.94,157.57,140.12,150.0,147.240005,146.529999,142.07,18.23,189.48
2026-08-05T01:15Z,147.4,135.07,165.02,145.88,144.34,158.12,140.56,,146.419998,146.190002,142.14,21.05,188.21
2026-08-05T01:30Z,142.75,128.1,165.0,140.9,139.03,153.26,136.37,,141.570007,141.580002,137.57,21.02,188.89
2026-08-05T01:45Z,139.15,119.0,164.55,136.52,133.91,150.38,132.86,,138.149994,137.919998,134.63,22.17,185.0
2026-08-05T02:00Z,139.61,128.62,165.3,138.26,136.82,145.61,136.37,150.0,138.169998,138.899994,133.27,21.0,185.05
2026-08-05T02:15Z,138.16,123.01,164.56,136.37,134.53,153.76,127.98,,137.009995,136.399994,132.85,25.25,181.39
2026-08-05T02:30Z,140.61,132.28,165.0,139.48,138.59,159.96,135.0,,139.759995,139.460007,135.54,27.09,180.36
2026-08-05T02:45Z,139.0,123.85,165.78,136.71,134.97,168.05,136.2,,137.369995,137.970001,133.21,30.0,181.39
2026-08-05T03:00Z,135.8,113.61,169.44,132.53,131.01,168.76,134.11,159.79,131.960007,134.380005,127.62,16.17,187.0
2026-08-05T03:15Z,140.47,126.01,171.44,138.61,137.56,174.9,140.8,,133.029999,138.669998,128.11,20.43,187.17
2026-08-05T03:30Z,146.29,136.66,171.44,145.27,144.43,183.13,151.71,,135.449997,144.529999,129.92,24.75,187.0
2026-08-05T03:45Z,154.45,146.58,179.6,153.64,152.57,187.0,161.35,,144.350006,153.080002,135.84,36.43,187.0
2026-08-05T04:00Z,154.81,148.2,171.73,150.62,148.2,205.9,171.47,164.57,139.429993,151.199997,133.13,56.1,205.9
2026-08-05T04:15Z,156.68,153.97,180.0,154.19,153.97,205.97,174.2,,139.399994,147.740005,135.62,41.6,210.0
2026-08-05T04:30Z,160.23,160.23,182.4,158.13,160.23,205.96,170.01,,138.910004,147.449997,135.15,48.45,223.05
2026-08-05T04:45Z,157.0,157.0,183.12,155.09,157.0,196.72,160.05,,138.259995,155.509995,134.18,51.44,238.98
2026-08-05T05:00Z,166.09,152.65,186.27,165.08,162.16,218.06,176.93,157.39,149.929993,165.339996,142.82,63.95,218.06
2026-08-05T05:15Z,162.24,159.76,186.41,162.24,161.57,183.36,147.47,,156.440002,159.309998,142.99,59.99,230.49
2026-08-05T05:30Z,154.41,154.41,186.27,154.41,154.41,154.41,145.0,,154.410004,157.240005,142.85,52.37,237.3
2026-08-05T05:45Z,136.0,136.0,184.4,136.0,136.0,136.0,136.0,,136.0,136.0,141.41,52.34,194.15
2026-08-05T06:00Z,162.64,163.03,183.6,163.17,163.08,162.87,155.0,140.0,159.149994,162.070007,142.06,50.85,200.0
2026-08-05T06:15Z,147.91,147.91,165.0,147.91,147.91,147.91,147.91,,147.910004,147.910004,132.73,40.42,192.95
2026-08-05T06:30Z,131.74,131.74,159.24,131.74,131.74,131.74,131.74,,131.740005,131.740005,125.95,44.08,213.9
2026-08-05T06:45Z,116.9,116.9,152.47,116.9,116.9,116.9,116.9,,116.900002,119.040001,125.52,59.99,191.0
2026-08-05T07:00Z,145.09,145.09,159.45,145.09,145.09,145.09,145.09,132.07,145.089996,142.479996,122.51,52.31,171.2
2026-08-05T07:15Z,120.15,120.15,136.02,120.15,120.15,120.15,120.15,,120.150002,120.620003,117.25,39.03,165.0
2026-08-05T07:30Z,104.5,104.5,115.01,104.5,104.5,104.5,104.5,,104.5,104.5,114.15,30.24,165.0
2026-08-05T07:45Z,78.41,78.41,97.98,78.41,78.41,78.41,78.41,,78.410004,78.410004,100.01,26.56,173.45
2026-08-05T08:00Z,100.0,100.0,100.0,100.0,100.0,100.0,100.0,132.34,100.0,100.0,103.2,36.38,177.5
2026-08-05T08:15Z,85.71,85.71,85.71,85.71,85.71,85.71,85.71,,85.709999,85.709999,88.52,32.0,177.03
2026-08-05T08:30Z,54.6,54.99,54.99,54.62,54.69,69.23,60.51,,54.939999,54.66,78.64,34.66,172.03
2026-08-05T08:45Z,17.49,18.51,18.51,17.49,17.77,53.88,32.19,,18.32,20.51,81.49,19.94,168.16
2026-08-05T09:00Z,24.88,36.68,47.55,10.66,39.16,82.27,48.74,116.94,24.85,27.85,85.71,27.48,172.03
2026-08-05T09:15Z,8.35,17.61,33.64,0.0,18.12,82.52,22.93,,8.67,23.08,87.64,22.89,166.0
2026-08-05T09:30Z,0.1,6.7,30.0,-0.01,6.7,103.47,20.72,,2.7,22.190001,98.99,22.14,173.71
2026-08-05T09:45Z,0.0,4.74,25.0,-0.01,4.74,83.02,19.85,,2.44,20.67,94.83,20.62,175.03
2026-08-05T10:00Z,0.0,4.16,15.0,-0.01,4.16,102.76,4.9,102.07,3.24,24.32,87.61,24.26,169.16
2026-08-05T10:15Z,-0.01,0.56,6.0,-0.01,0.56,92.14,5.75,,2.5,20.74,83.39,21.43,169.72
2026-08-05T10:30Z,-0.04,0.62,5.88,-0.04,0.62,91.74,3.83,,2.45,17.040001,81.45,20.13,169.56
2026-08-05T10:45Z,-0.1,0.0,14.5,-0.23,0.29,110.65,1.7,,2.49,10.0,87.12,20.13,168.88
2026-08-05T11:00Z,-0.17,0.0,11.0,-0.17,0.36,102.59,7.05,108.1,2.95,5.88,83.99,21.26,170.16
2026-08-05T11:15Z,-0.34,0.0,15.0,-0.37,0.08,98.86,1.7,,2.9,5.0,85.7,20.0,176.58
2026-08-05T11:30Z,-0.91,0.0,15.0,-1.51,0.0,101.33,6.96,,2.49,5.19,86.02,19.79,173.15
2026-08-05T11:45Z,-0.75,0.0,6.74,-1.51,0.0,81.59,19.79,,2.48,5.0,82.19,20.21,172.03
2026-08-05T12:00Z,-0.19,0.0,10.77,-0.37,0.0,76.3,25.7,116.94,2.43,5.0,79.47,21.61,174.8
2026-08-05T12:15Z,-0.14,0.0,9.25,-2.0,0.0,95.99,48.08,,2.46,5.0,81.41,21.47,175.0
2026-08-05T12:30Z,-0.13,0.0,5.88,-2.0,0.0,102.22,61.55,,2.47,5.2,79.49,18.13,177.0
2026-08-05T12:45Z,-0.1,0.0,5.01,-2.0,0.0,126.85,96.4,,2.49,5.19,79.99,19.25,180.0
2026-08-05T13:00Z,-0.06,0.0,5.01,-0.26,0.0,56.53,97.79,133.59,0.37,4.99,75.61,19.23,182.0
2026-08-05T13:15Z,-0.01,0.0,4.0,-1.51,0.0,93.38,97.8,,0.1,5.0,75.67,21.16,184.39
2026-08-05T13:30Z,0.0,0.0,4.0,-2.39,0.0,122.06,106.01,,0.53,6.66,79.99,19.99,190.0
2026-08-05T13:45Z,0.0,0.0,5.0,-2.19,0.0,146.0,112.3,,1.32,16.73,81.45,20.81,189.48
2026-08-05T14:00Z,0.0,0.0,4.0,-0.26,0.0,55.8,139.5,155.0,0.34,4.95,74.04,14.37,192.4
2026-08-05T14:15Z,0.07,0.0,5.88,-0.01,0.69,117.34,121.78,,0.1,9.99,76.32,16.54,199.13
2026-08-05T14:30Z,2.25,0.0,10.0,0.0,0.0,150.61,118.01,,5.11,20.120001,79.41,20.12,210.0
2026-08-05T14:45Z,24.99,0.0,27.0,4.19,4.19,196.42,128.28,,25.51,33.32,75.62,33.32,225.92
2026-08-05T15:00Z,15.65,7.0,31.55,7.0,7.0,137.29,118.71,167.21,10.5,15.96,75.67,15.55,181.39
2026-08-05T15:15Z,60.05,35.0,35.0,35.0,35.0,175.5,132.29,,46.900002,59.73,79.49,27.44,192.95
2026-08-05T15:30Z,87.47,74.95,74.95,74.95,74.95,205.91,186.1,,79.709999,87.470001,99.92,42.45,205.91
2026-08-05T15:45Z,126.17,84.05,84.05,84.05,84.05,241.06,183.77,,104.419998,121.32,114.09,57.33,241.06
2026-08-05T16:00Z,94.66,68.96,81.65,87.67,84.23,146.0,187.11,171.38,91.209999,100.419998,116.13,50.57,214.66
2026-08-05T16:15Z,126.61,97.0,97.0,102.03,97.76,205.9,242.85,,113.25,130.429993,120.24,77.74,238.15
2026-08-05T16:30Z,152.98,99.7,99.7,127.0,120.71,262.74,296.26,,128.119995,130.479996,127.15,79.99,263.41
2026-08-05T16:45Z,166.07,115.14,115.14,139.13,132.44,305.28,386.1,,147.0,149.699997,130.64,97.44,292.0
2026-08-05T17:00Z,155.06,110.0,110.0,144.05,123.03,239.99,366.5,170.3,147.070007,149.770004,132.38,100.42,269.28
2026-08-05T17:15Z,158.78,130.0,130.0,144.84,132.6,232.58,429.83,,154.160004,157.0,136.93,104.17,278.03
2026-08-05T17:30Z,172.39,152.47,152.47,147.33,144.02,263.29,487.95,,160.080002,163.029999,142.12,104.58,300.0
2026-08-05T17:45Z,209.36,166.48,166.48,135.9,120.35,307.49,560.3,,172.809998,175.990005,142.49,104.32,310.0
2026-08-05T18:00Z,177.77,145.0,145.0,138.75,125.0,252.32,453.72,177.9,158.460007,161.369995,142.9,109.0,283.82
2026-08-05T18:15Z,186.45,158.29,164.6,150.9,139.0,253.93,446.9,,159.309998,162.240005,143.02,105.2,297.29
2026-08-05T18:30Z,190.63,154.65,183.36,166.75,150.0,257.63,443.13,,169.869995,172.990005,143.0,102.45,291.92
2026-08-05T18:45Z,195.0,156.23,189.4,177.31,159.24,244.17,403.16,,188.759995,192.229996,143.0,92.36,251.0
2026-08-05T19:00Z,193.32,143.17,189.91,161.59,140.63,247.04,404.59,180.99,159.639999,162.570007,143.51,102.97,310.0
2026-08-05T19:15Z,199.52,148.64,199.47,174.28,152.0,250.06,403.01,,178.020004,181.289993,143.46,76.06,276.1
2026-08-05T19:30Z,217.11,146.57,199.47,180.6,152.0,233.36,315.5,,179.580002,182.869995,143.42,55.26,233.36
2026-08-05T19:45Z,205.0,140.66,189.91,185.13,158.05,205.75,233.62,,174.809998,178.020004,143.38,50.0,224.11
2026-08-05T20:00Z,225.86,158.23,189.14,171.74,147.54,239.99,294.54,177.8,165.899994,162.919998,144.37,59.99,266.11
2026-08-05T20:15Z,187.9,153.47,187.56,170.1,157.02,206.0,245.86,,162.979996,160.050003,144.35,50.0,268.01
2026-08-05T20:30Z,178.54,175.54,186.41,176.38,175.92,205.96,209.95,,176.009995,174.029999,144.32,38.84,250.0
2026-08-05T20:45Z,170.95,169.35,184.51,169.79,169.5,195.88,190.82,,167.410004,170.479996,144.31,19.91,195.88
2026-08-05T21:00Z,175.43,156.23,183.6,157.39,151.17,251.47,211.41,165.0,164.639999,161.679993,143.72,51.06,259.0
2026-08-05T21:15Z,167.09,151.48,182.64,162.96,156.8,215.18,194.47,,159.630005,156.75,143.63,32.23,238.56
2026-08-05T21:30Z,164.92,165.44,180.01,163.96,164.51,205.97,167.45,,153.600006,150.830002,143.56,20.67,206.75
2026-08-05T21:45Z,156.98,147.2,172.03,155.69,151.13,175.0,146.66,,150.809998,153.580002,143.44,16.04,182.0
2026-08-05T22:00Z,171.83,170.21,170.21,163.89,164.47,225.77,197.43,163.0,146.51,149.199997,143.0,17.75,240.0
2026-08-05T22:15Z,162.64,161.41,168.47,160.9,161.41,197.91,179.53,,145.13,147.789993,141.6,15.11,220.0
2026-08-05T22:30Z,160.0,135.49,166.05,156.34,153.25,188.14,170.35,,157.58,160.460007,142.71,11.95,199.0
2026-08-05T22:45Z,155.58,143.29,164.47,152.9,151.74,187.61,169.69,,144.28,146.919998,140.74,9.87,192.95
2026-08-05T23:00Z,166.55,125.26,167.63,160.52,155.19,185.63,174.57,160.08,160.11,163.039993,132.51,15.81,190.0
2026-08-05T23:15Z,160.0,135.36,165.3,155.33,152.68,182.91,172.92,,140.12,142.690002,131.61,12.08,184.49
2026-08-05T23:30Z,151.66,152.08,162.07,150.54,151.17,170.0,160.3,,134.23,136.690002,130.59,9.92,177.5
2026-08-05T23:45Z,142.6,128.41,161.57,140.0,138.46,161.45,150.26,,131.98,134.399994,128.31,6.95,176.0
2026-08-06T00:00Z,158.43,131.13,160.45,157.36,153.06,174.0,164.35,159.01,129.38,156.259995,124.9,10.96,174.0
2026-08-06T00:15Z,150.54,129.81,161.59,149.74,146.49,171.54,158.48,,127.87,149.289993,123.58,10.0,176.0
2026-08-06T00:30Z,140.25,119.31,161.59,137.66,134.99,159.0,149.68,,126.77,130.300003,123.05,7.72,170.9
2026-08-06T00:45Z,137.57,108.2,160.0,133.83,130.0,157.28,146.73,,126.18,130.279999,122.47,6.95,179.5
2026-08-06T01:00Z,144.69,119.18,157.82,143.38,139.31,159.0,149.96,159.16,122.29,141.770004,118.26,11.71,172.36
2026-08-06T01:15Z,137.55,111.27,155.81,135.43,131.5,159.92,145.89,,121.63,136.029999,117.77,10.0,170.0
2026-08-06T01:30Z,136.15,99.05,155.09,132.5,127.16,157.03,143.95,,120.65,134.539993,116.83,8.08,176.0
2026-08-06T01:45Z,132.93,109.3,155.09,130.86,127.4,159.78,142.97,,119.95,132.119995,116.19,6.94,174.5
2026-08-06T02:00Z,133.62,109.05,155.06,131.96,128.2,159.0,143.13,159.31,116.73,132.220001,112.98,9.77,176.47
2026-08-06T02:15Z,133.75,103.33,155.06,131.12,126.66,160.0,144.13,,116.66,130.289993,112.96,7.56,171.73
2026-08-06T02:30Z,134.05,108.98,155.06,132.16,128.42,161.58,145.0,,116.59,130.289993,112.89,7.5,167.54
2026-08-06T02:45Z,134.82,115.9,155.06,133.93,130.99,169.98,148.87,,117.33,130.259995,111.4,6.95,175.34
2026-08-06T03:00Z,132.59,123.33,155.03,132.56,130.8,166.0,144.46,160.5,116.56,131.929993,115.0,6.95,166.0
2026-08-06T03:15Z,133.09,114.75,157.5,131.4,128.57,168.67,146.37,,120.7,130.300003,116.97,7.39,168.67
2026-08-06T03:30Z,136.23,120.66,160.29,134.98,132.53,176.89,152.1,,120.71,130.289993,116.99,6.95,176.89
2026-08-06T03:45Z,141.1,138.31,164.47,141.84,141.1,180.27,157.57,,118.17,130.289993,117.33,10.0,177.5
2026-08-06T04:00Z,149.96,142.99,160.45,149.8,148.37,192.98,170.13,165.69,127.91,130.259995,121.31,9.54,177.5
2026-08-06T04:15Z,160.25,143.06,165.3,158.65,155.54,205.92,183.85,,122.54,130.229996,122.88,10.01,179.8
2026-08-06T04:30Z,160.9,141.1,166.05,158.61,155.16,205.9,184.46,,121.44,130.240005,123.44,13.58,192.9
2026-08-06T04:45Z,153.08,153.08,169.21,153.73,153.66,186.57,170.66,,120.11,130.229996,123.1,14.0,186.57
2026-08-06T05:00Z,161.04,153.3,170.21,161.06,159.58,205.92,185.89,167.9,124.95,130.279999,124.43,16.07,192.95
2026-08-06T05:15Z,152.72,153.21,171.15,153.78,153.69,192.67,173.69,,125.08,130.279999,124.28,14.76,192.95
2026-08-06T05:30Z,152.05,152.91,171.15,153.68,153.58,159.9,159.68,,128.62,132.320007,124.98,13.7,192.95
2026-08-06T05:45Z,131.51,131.66,169.21,131.05,131.37,133.19,134.85,,127.15,130.279999,124.68,10.07,186.57
2026-08-06T06:00Z,170.27,172.09,172.09,172.39,172.09,195.51,162.66,152.6,115.0,159.559998,130.86,17.2,195.51
2026-08-06T06:15Z,145.0,146.6,172.03,145.84,146.6,158.98,137.4,,106.59,142.339996,126.71,14.0,192.95
2026-08-06T06:30Z,130.85,131.46,160.45,131.52,131.48,136.08,132.94,,112.9,130.25,120.45,10.01,192.95
2026-08-06T06:45Z,110.77,110.77,135.0,110.77,110.77,110.77,110.77,,100.43,110.769997,112.98,6.95,179.8
2026-08-06T07:00Z,135.38,139.63,139.63,131.41,140.0,161.82,146.4,158.0,123.68,136.889999,118.56,12.91,195.37
2026-08-06T07:15Z,109.16,110.0,110.0,109.45,109.57,129.3,117.57,,96.08,110.510002,115.31,9.37,192.9
2026-08-06T07:30Z,89.63,90.2,90.2,89.63,89.99,100.73,94.26,,82.78,90.360001,103.21,6.94,186.58
2026-08-06T07:45Z,48.11,50.0,50.0,48.11,50.0,110.92,104.91,,35.7,48.110001,102.36,5.56,183.34
2026-08-06T08:00Z,66.54,73.8,73.8,58.5,74.9,124.37,107.69,152.27,66.54,69.209999,99.95,9.73,175.0
2026-08-06T08:15Z,27.88,40.0,40.0,19.95,40.83,143.38,106.3,,27.53,29.540001,100.71,6.95,174.47
2026-08-06T08:30Z,5.52,13.51,13.51,2.53,13.51,133.71,115.1,,5.78,5.89,101.92,5.89,177.5
2026-08-06T08:45Z,0.4,3.78,3.78,-0.01,3.78,118.65,106.3,,1.35,4.94,102.14,4.94,178.39
2026-08-06T09:00Z,0.7,5.99,5.99,-0.01,5.99,124.44,97.5,144.1,0.83,4.91,112.42,4.91,167.3
2026-08-06T09:15Z,0.0,4.87,4.87,-0.05,4.87,127.05,97.62,,0.13,4.13,112.34,4.13,163.83
2026-08-06T09:30Z,-0.01,4.17,4.17,-1.82,10.86,139.27,99.32,,0.24,4.1,110.96,4.1,162.78
2026-08-06T09:45Z,-0.11,1.95,1.95,-2.0,9.0,129.38,98.41,,0.36,3.92,112.91,3.92,168.61
2026-08-06T10:00Z,-0.01,4.91,4.91,-3.01,4.91,145.43,101.51,140.0,0.33,3.95,116.3,3.95,162.0
2026-08-06T10:15Z,-0.08,5.0,5.0,-3.02,5.0,137.52,99.14,,0.1,3.78,116.13,3.78,153.9
2026-08-06T10:30Z,-0.09,5.62,5.62,-3.06,5.62,141.63,99.45,,0.0,3.52,116.01,3.52,156.06
2026-08-06T10:45Z,-0.16,5.01,5.01,-3.04,5.01,138.24,99.35,,0.0,3.3,115.4,3.3,161.48
2026-08-06T11:00Z,-1.01,2.0,2.0,-2.57,9.99,147.4,106.31,140.0,1.36,2.84,117.63,2.84,165.98
2026-08-06T11:15Z,-1.11,2.0,2.0,-2.0,5.0,144.43,101.84,,1.35,2.54,117.49,2.54,161.96
2026-08-06T11:30Z,-1.47,1.82,1.82,-2.0,1.82,133.63,106.3,,1.34,2.2,117.27,2.2,168.7
2026-08-06T11:45Z,-1.84,1.5,1.5,-3.02,1.5,134.05,106.58,,1.36,2.19,117.1,2.19,171.0
2026-08-06T12:00Z,-1.49,3.36,3.36,-3.04,3.36,129.31,106.31,140.0,1.36,2.11,109.21,2.11,169.5
2026-08-06T12:15Z,-1.57,3.32,3.32,-3.05,5.6,141.42,134.15,,1.54,2.11,108.91,2.11,170.0
2026-08-06T12:30Z,-1.09,3.36,3.36,-3.03,4.04,142.15,108.07,,1.4,2.03,104.81,2.03,173.61
2026-08-06T12:45Z,-1.01,2.0,2.0,-3.03,7.0,145.24,131.49,,1.54,2.03,104.11,2.03,168.25
2026-08-06T13:00Z,-1.0,2.86,2.86,-1.0,2.86,102.65,110.01,134.47,0.0,2.19,102.57,2.19,175.5
2026-08-06T13:15Z,-0.19,2.2,2.2,-1.51,4.8,122.96,144.36,,0.0,2.19,102.45,2.19,172.0
2026-08-06T13:30Z,-0.11,1.82,1.82,-0.11,10.4,153.08,144.36,,0.1,2.19,102.54,2.19,174.0
2026-08-06T13:45Z,-0.04,2.2,2.2,-0.04,14.26,176.5,142.98,,0.0,2.2,102.04,2.2,176.5
2026-08-06T14:00Z,-0.04,1.95,1.95,-0.01,2.76,118.38,136.97,150.0,-0.01,2.2,101.65,2.2,169.5
2026-08-06T14:15Z,-0.01,2.81,2.81,-0.01,14.43,149.33,144.37,,-0.01,2.78,101.86,2.78,177.5
2026-08-06T14:30Z,0.0,2.81,2.81,0.0,2.81,177.63,145.3,,0.0,3.52,101.92,3.52,177.63
2026-08-06T14:45Z,0.08,6.76,6.76,2.68,6.76,237.34,253.66,,0.08,4.1,100.0,4.1,180.0
2026-08-06T15:00Z,2.49,9.58,9.58,3.84,9.58,158.82,177.58,167.4,2.49,4.95,100.0,4.95,163.0
2026-08-06T15:15Z,24.4,35.26,35.26,27.64,35.26,173.0,200.07,,18.23,5.89,93.77,5.55,173.0
2026-08-06T15:30Z,50.0,59.2,59.2,51.97,59.2,214.19,191.17,,44.84,35.98,74.27,7.27,185.0
2026-08-06T15:45Z,76.81,80.04,80.04,76.81,80.04,250.46,191.17,,73.01,68.910004,75.37,9.36,235.52
2026-08-06T16:00Z,74.76,82.09,82.09,78.84,82.09,159.9,258.03,167.1,40.92,45.740002,87.92,5.81,197.0
2026-08-06T16:15Z,96.82,96.82,96.82,100.33,103.44,190.09,298.6,,67.65,60.869999,102.53,6.95,225.0
2026-08-06T16:30Z,127.0,124.35,97.21,130.05,133.08,210.27,347.15,,103.2,88.660004,115.37,9.43,259.0
2026-08-06T16:45Z,159.34,145.24,99.0,162.5,166.32,275.74,464.22,,108.23,106.279999,118.92,9.05,275.74
2026-08-06T17:00Z,129.83,130.65,98.47,131.75,133.87,193.2,290.74,171.08,95.79,103.540001,117.28,9.28,269.28
2026-08-06T17:15Z,137.63,141.72,141.72,140.58,144.02,221.47,379.65,,108.55,97.5,120.48,8.91,260.28
2026-08-06T17:30Z,150.54,160.29,160.29,155.54,160.29,249.29,471.47,,109.42,95.779999,123.49,7.98,259.7
2026-08-06T17:45Z,154.71,173.07,173.07,161.42,167.26,253.64,482.91,,116.53,119.510002,124.93,8.2,290.0
2026-08-06T18:00Z,152.09,152.47,152.47,156.01,156.44,241.35,443.06,164.5,116.56,126.660004,133.71,9.36,263.82
2026-08-06T18:15Z,159.99,170.0,170.0,163.8,167.14,242.49,424.7,,123.31,128.729996,132.55,7.16,277.29
2026-08-06T18:30Z,166.47,178.47,178.47,171.44,174.87,246.95,422.63,,131.01,131.899994,130.97,6.95,280.0
2026-08-06T18:45Z,172.22,185.08,185.65,178.85,181.49,244.49,401.08,,130.06,132.139999,131.24,5.98,249.16
2026-08-06T19:00Z,167.0,182.2,199.18,171.12,176.34,257.77,441.01,168.33,124.92,127.800003,129.55,7.03,298.53
2026-08-06T19:15Z,168.3,181.29,209.39,172.66,176.67,240.03,392.86,,130.9,130.309998,129.44,6.95,245.2
2026-08-06T19:30Z,168.25,178.19,209.61,172.87,175.24,220.16,311.62,,134.6,138.75,132.55,5.78,245.2
2026-08-06T19:45Z,165.01,171.29,207.39,168.88,169.87,193.76,238.52,,123.95,143.25,135.29,5.71,240.0
2026-08-06T20:00Z,172.05,175.86,192.67,176.99,175.87,242.96,215.06,169.2,141.82,144.419998,133.7,5.78,300.0
2026-08-06T20:15Z,170.85,174.6,187.65,175.92,174.87,205.94,190.14,,140.62,143.199997,132.59,5.26,263.0
2026-08-06T20:30Z,171.35,178.3,185.65,177.21,177.35,205.91,147.36,,135.38,142.5,133.7,4.26,260.05
2026-08-06T20:45Z,163.57,169.35,180.01,168.41,168.54,192.85,145.76,,128.74,138.910004,131.85,3.94,196.95
2026-08-06T21:00Z,165.21,172.49,175.36,170.88,171.3,204.13,136.73,164.49,139.66,142.220001,132.52,3.68,277.58
2026-08-06T21:15Z,158.55,164.35,173.03,163.24,163.49,188.16,137.14,,133.86,136.320007,130.41,3.01,256.51
2026-08-06T21:30Z,157.53,163.36,170.21,162.15,162.44,188.01,135.35,,133.46,135.910004,129.99,2.37,207.52
2026-08-06T21:45Z,152.5,156.29,169.21,155.93,155.9,168.76,141.32,,133.41,135.860001,129.95,2.15,178.39
2026-08-06T22:00Z,152.93,156.29,165.76,156.35,156.1,166.63,149.85,161.1,131.63,134.039993,126.67,2.14,199.35
2026-08-06T22:15Z,148.16,150.83,165.4,150.83,150.65,159.52,145.56,,130.47,132.860001,126.96,2.12,189.87
2026-08-06T22:30Z,144.02,131.57,161.81,152.32,155.77,154.97,139.56,,130.68,133.080002,127.2,2.07,186.0
2026-08-06T22:45Z,135.18,121.51,160.0,142.87,146.71,147.13,130.1,,128.77,131.130005,125.25,1.96,178.0
2026-08-06T23:00Z,142.0,144.01,159.14,143.9,143.83,152.12,139.7,156.45,129.24,131.610001,125.62,1.89,175.39
2026-08-06T23:15Z,138.02,139.49,158.14,139.41,139.36,145.37,136.35,,128.57,130.919998,124.97,1.86,172.8
2026-08-06T23:30Z,138.61,140.11,157.56,140.08,140.0,145.71,137.03,,128.53,130.880005,124.93,1.83,172.8
2026-08-06T23:45Z,135.99,137.0,157.2,137.09,136.98,139.83,135.21,,126.77,129.089996,124.51,1.78,172.1
2026-08-07T00:00Z,137.76,139.53,157.65,139.2,139.25,148.86,134.81,147.61,129.87,132.25,124.96,1.83,172.8
2026-08-07T00:15Z,130.76,130.86,157.56,131.21,131.29,141.44,127.82,,128.01,129.600006,124.41,1.83,172.1
2026-08-07T00:30Z,127.59,127.56,157.56,127.72,127.81,134.71,125.59,,127.06,127.029999,123.43,1.83,172.1
2026-08-07T00:45Z,128.37,116.04,157.35,126.94,125.33,134.93,127.38,,127.44,127.879997,123.83,1.85,172.1
2026-08-07T01:00Z,128.84,122.01,157.56,128.49,127.47,134.19,128.0,140.0,125.33,127.629997,121.05,1.74,175.39
2026-08-07T01:15Z,128.62,117.84,157.35,127.74,126.17,133.47,128.18,,125.19,127.489998,120.94,1.83,172.92
2026-08-07T01:30Z,128.83,126.4,157.2,129.0,128.56,131.72,128.35,,125.49,127.790001,121.2,1.83,172.1
2026-08-07T01:45Z,129.98,125.11,156.4,129.96,129.13,132.87,129.69,,125.64,127.949997,121.24,1.83,172.1
2026-08-07T02:00Z,127.31,124.74,156.4,127.45,127.02,132.25,126.33,141.54,124.13,126.410004,119.92,1.83,172.1
2026-08-07T02:15Z,129.76,118.07,156.4,128.91,127.15,135.29,129.29,,124.98,127.269997,120.57,1.83,169.99
2026-08-07T02:30Z,133.39,123.24,156.4,133.08,131.38,136.87,133.42,,125.73,128.039993,120.94,1.86,168.0
2026-08-07T02:45Z,135.84,130.34,157.2,136.41,135.29,140.36,135.36,,126.23,128.550003,121.17,1.9,168.0
2026-08-07T03:00Z,129.25,118.3,156.4,128.11,126.63,135.96,128.36,155.01,127.36,128.5,123.25,2.0,169.3
2026-08-07T03:15Z,136.82,128.94,156.4,136.65,135.4,143.4,134.83,,130.53,132.919998,125.82,2.04,168.0
2026-08-07T03:30Z,149.04,134.01,157.56,149.22,146.67,162.07,145.18,,133.03,135.470001,127.13,2.33,173.0
2026-08-07T03:45Z,150.22,142.52,159.08,151.14,149.64,166.95,147.55,,135.67,138.160004,129.88,2.75,174.0
2026-08-07T04:00Z,150.57,150.62,158.14,151.8,151.36,175.39,158.13,161.1,137.42,139.940002,134.1,3.49,175.39
2026-08-07T04:15Z,154.25,150.58,160.14,156.5,156.47,179.28,143.24,,140.54,143.119995,137.31,4.06,193.07
2026-08-07T04:30Z,159.33,150.5,165.76,159.94,158.85,178.9,141.7,,145.34,148.009995,139.68,4.34,200.0
2026-08-07T04:45Z,160.52,156.79,166.4,163.83,163.93,162.32,143.47,,146.05,148.729996,140.0,5.0,193.07
2026-08-07T05:00Z,168.32,157.73,176.71,169.07,167.04,173.53,150.22,157.7,151.39,154.169998,144.92,4.97,191.95
2026-08-07T05:15Z,163.09,159.4,177.71,164.02,163.13,164.23,141.7,,152.29,155.080002,146.63,5.34,191.37
2026-08-07T05:30Z,153.18,153.58,177.71,153.72,153.64,153.39,128.09,,149.5,152.240005,144.85,5.34,191.95
2026-08-07T05:45Z,135.3,135.3,175.71,135.3,135.3,135.3,125.57,,135.3,137.779999,133.68,5.13,180.33
2026-08-07T06:00Z,165.72,166.93,166.93,167.3,167.08,166.3,111.68,140.0,155.41,158.259995,147.32,5.1,198.0
2026-08-07T06:15Z,151.27,151.33,157.65,151.35,151.33,151.3,151.27,,150.77,153.529999,146.51,4.96,191.37
2026-08-07T06:30Z,144.03,144.03,150.0,144.03,144.03,144.03,144.03,,144.03,144.029999,137.25,4.92,179.0
2026-08-07T06:45Z,121.29,121.29,148.29,121.29,121.29,121.29,121.29,,121.29,121.290001,127.56,4.3,173.0
2026-08-07T07:00Z,150.42,150.42,154.4,150.42,150.42,150.42,150.42,128.47,150.42,150.419998,136.47,5.24,172.8
2026-08-07T07:15Z,130.12,130.12,130.3,130.12,130.12,130.12,130.12,,130.12,130.119995,126.88,4.99,172.8
2026-08-07T07:30Z,114.18,110.0,110.0,113.68,113.42,114.55,114.33,,114.06,114.139999,121.31,4.14,172.8
2026-08-07T07:45Z,109.75,93.88,93.88,108.22,107.52,110.89,110.22,,109.4,109.639999,117.47,4.96,172.1
2026-08-07T08:00Z,109.69,93.88,93.88,107.73,106.76,111.03,110.22,108.1,109.2,109.5,112.69,5.03,172.1
2026-08-07T08:15Z,103.26,77.35,77.35,100.05,98.46,105.44,104.12,,102.45,102.940002,105.72,4.92,172.1
2026-08-07T08:30Z,100.0,54.99,54.99,94.41,91.65,103.79,101.49,,98.59,99.440002,102.14,4.11,169.19
2026-08-07T08:45Z,95.7,38.66,38.66,90.0,87.57,99.67,97.25,,94.3,95.160004,97.31,4.09,168.91
2026-08-07T09:00Z,85.37,40.95,40.95,80.61,78.74,116.0,98.31,68.59,84.7,86.419998,87.4,4.19,167.12
2026-08-07T09:15Z,75.07,37.45,37.45,71.03,69.43,110.0,89.89,,74.71,76.510002,84.09,4.99,166.53
2026-08-07T09:30Z,61.68,25.01,25.01,57.73,56.16,110.01,82.26,,61.66,63.959999,87.83,4.28,160.5
2026-08-07T09:45Z,43.93,20.02,20.02,41.35,40.3,89.79,63.51,,44.26,46.299999,84.09,5.0,166.53
2026-08-07T10:00Z,39.99,25.01,25.01,44.24,54.42,113.33,69.62,43.14,43.01,45.130001,103.5,4.3,161.43
2026-08-07T10:15Z,27.61,20.02,20.02,33.16,44.6,105.79,56.95,,31.0,32.959999,104.63,4.13,157.08
2026-08-07T10:30Z,24.91,16.75,16.75,29.91,40.34,109.86,50.0,,27.89,29.629999,103.44,4.09,159.07
2026-08-07T10:45Z,20.09,20.02,20.02,24.5,32.41,112.2,31.68,,22.11,22.93,102.43,4.02,161.98
2026-08-07T11:00Z,22.46,15.0,15.0,30.76,46.9,122.74,44.89,25.33,26.44,27.68,99.01,4.03,157.0
2026-08-07T11:15Z,12.18,6.01,6.01,20.6,36.64,124.25,30.9,,16.0,17.01,97.7,4.01,161.96
2026-08-07T11:30Z,9.75,3.93,5.01,18.19,34.17,124.59,27.4,,13.52,14.46,97.11,4.0,159.1
2026-08-07T11:45Z,7.68,5.0,5.0,14.46,26.79,120.35,25.88,,11.03,12.28,95.6,4.0,166.53
2026-08-07T12:00Z,10.04,9.79,9.79,15.6,25.5,116.22,12.04,27.87,12.01,12.23,69.97,3.97,164.09
2026-08-07T12:15Z,15.25,11.77,11.77,21.76,34.08,115.41,26.12,,18.03,18.700001,69.67,3.97,158.79
2026-08-07T12:30Z,20.18,16.48,16.48,26.46,38.42,114.23,31.51,,22.91,23.65,70.0,3.96,172.0
2026-08-07T12:45Z,29.44,20.02,20.02,38.28,56.12,127.11,50.34,,33.51,34.720001,68.0,4.0,172.0
2026-08-07T13:00Z,24.26,20.52,20.52,29.04,38.82,96.74,34.29,62.17,26.3,27.030001,51.61,3.99,171.65
2026-08-07T13:15Z,33.85,17.17,17.17,40.84,57.2,106.65,54.36,,37.03,38.189999,48.99,4.02,172.1
2026-08-07T13:30Z,50.49,14.26,14.26,53.44,64.78,139.99,75.65,,52.67,54.580002,54.35,4.1,173.0
2026-08-07T13:45Z,68.76,20.02,20.02,68.76,72.76,173.41,95.81,,70.13,71.410004,72.36,4.13,173.41
2026-08-07T14:00Z,66.76,11.29,11.29,61.1,58.82,90.42,76.18,117.0,65.78,67.290001,84.85,3.62,172.1
2026-08-07T14:15Z,83.2,24.18,24.18,77.29,75.0,131.89,89.1,,81.93,83.360001,92.63,3.79,176.18
2026-08-07T14:30Z,91.69,36.82,36.82,86.34,84.33,152.14,99.93,,90.32,91.529999,97.25,4.2,179.0
2026-08-07T14:45Z,107.71,41.32,41.32,99.81,96.35,173.86,94.44,,104.76,105.050003,108.11,5.03,202.06
2026-08-07T15:00Z,104.25,62.9,62.9,100.68,98.95,155.9,93.02,130.0,101.97,102.93,110.22,4.16,170.68
2026-08-07T15:15Z,111.54,77.65,77.65,107.89,105.92,162.58,96.74,,109.15,109.82,117.2,5.27,174.0
2026-08-07T15:30Z,123.95,90.04,90.04,120.48,118.63,188.82,97.21,,120.1,121.459999,120.23,6.17,191.37
2026-08-07T15:45Z,134.93,96.19,96.19,130.47,125.55,201.6,97.68,,130.8,130.25,124.95,7.72,240.0
2026-08-07T16:00Z,125.82,96.19,96.19,121.31,116.93,179.78,105.57,153.4,123.0,129.009995,125.89,5.73,191.95
2026-08-07T16:15Z,142.24,112.55,109.0,138.04,133.55,197.23,114.51,,139.82,142.380005,131.52,8.74,209.23
2026-08-07T16:30Z,147.9,132.95,130.0,145.65,143.18,207.11,163.64,,145.72,151.169998,139.95,24.99,243.82
2026-08-07T16:45Z,162.88,151.99,149.87,162.09,160.09,203.95,183.79,,154.95,162.889999,144.17,20.39,235.0
2026-08-07T17:00Z,150.64,125.0,125.0,145.82,141.2,199.62,188.46,179.85,147.78,155.139999,147.04,22.13,202.85
2026-08-07T17:15Z,170.99,149.63,149.63,167.04,163.22,202.96,191.28,,168.48,173.029999,147.9,16.0,222.95
2026-08-07T17:30Z,175.18,159.08,159.08,172.83,170.06,211.96,213.76,,173.75,176.979996,148.04,41.04,242.2
2026-08-07T17:45Z,193.6,167.59,167.59,189.42,184.98,233.31,227.17,,190.91,194.520004,148.2,49.23,250.0
2026-08-07T18:00Z,181.0,154.27,154.27,179.08,165.64,206.03,291.76,192.88,183.94,187.309998,148.73,14.61,225.0
2026-08-07T18:15Z,194.38,165.76,165.76,191.7,177.66,211.74,272.1,,194.54,198.110001,148.71,19.48,211.74
2026-08-07T18:30Z,203.06,169.83,178.71,199.7,183.52,221.13,276.75,,202.94,206.309998,148.69,28.51,230.0
2026-08-07T18:45Z,202.05,158.5,198.51,196.84,176.29,208.95,269.4,,204.17,206.009995,148.68,27.07,209.28
2026-08-07T19:00Z,211.2,172.35,212.01,206.66,191.1,226.94,283.47,194.74,212.59,214.509995,148.59,41.79,226.94
2026-08-07T19:15Z,197.84,163.57,220.0,193.87,186.19,221.0,281.62,,198.4,201.149994,148.56,38.0,221.76
2026-08-07T19:30Z,188.78,168.09,216.01,186.69,176.63,199.35,238.01,,190.07,191.190002,148.53,16.0,199.35
2026-08-07T19:45Z,180.78,148.48,212.5,175.52,169.94,183.71,186.5,,179.33,180.160004,148.52,21.82,191.95
2026-08-07T20:00Z,189.17,171.1,193.02,186.49,178.28,181.53,205.2,175.44,189.91,190.759995,148.48,33.27,225.0
2026-08-07T20:15Z,177.42,161.88,185.86,175.08,168.0,178.98,188.84,,177.94,178.589996,148.44,20.58,215.38
2026-08-07T20:30Z,175.05,175.05,182.45,175.05,175.05,175.05,175.05,,175.05,175.050003,148.39,14.79,180.8
2026-08-07T20:45Z,170.71,170.03,179.21,170.59,170.47,170.6,171.13,,170.69,170.729996,148.31,10.7,172.8
2026-08-07T21:00Z,172.02,171.9,177.78,172.02,172.05,178.92,172.45,167.32,171.92,171.860001,148.24,19.34,182.56
2026-08-07T21:15Z,167.05,153.89,176.71,165.31,163.54,170.17,167.1,,166.54,166.729996,148.17,13.76,175.39
2026-08-07T21:30Z,164.05,161.78,175.0,163.78,163.51,166.89,163.59,,163.89,163.820007,148.08,9.48,167.33
2026-08-07T21:45Z,161.26,140.06,172.03,158.4,155.51,163.0,162.01,,160.54,161.0,148.0,6.95,163.0
2026-08-07T22:00Z,163.38,163.61,182.68,163.44,163.51,166.93,162.9,160.0,163.289993,163.17,148.38,13.92,193.07
2026-08-07T22:15Z,157.14,151.73,181.77,156.42,155.66,158.62,157.22,,156.669998,157.03,148.31,6.58,195.76
2026-08-07T22:30Z,155.24,146.23,181.27,154.02,152.75,156.0,155.6,,154.460007,155.16,148.26,5.32,191.95
2026-08-07T22:45Z,147.2,139.23,179.27,146.12,145.0,147.87,147.52,,146.509995,147.13,143.69,4.94,183.0
2026-08-07T23:00Z,155.2,155.2,178.22,155.2,155.2,155.2,155.2,153.97,155.199997,155.2,147.89,5.14,176.6
2026-08-07T23:15Z,150.66,145.11,174.12,149.91,149.14,151.12,150.87,,150.179993,150.61,145.94,4.38,180.0
2026-08-07T23:30Z,147.14,139.51,174.12,146.11,145.04,147.76,147.43,,146.889999,147.06,142.45,4.14,176.0
2026-08-07T23:45Z,143.0,128.15,170.0,140.99,138.92,144.22,143.57,,142.509995,142.85,139.32,3.9,172.8
2026-08-08T00:00Z,148.61,140.95,174.12,147.57,146.51,149.25,148.91,150.0,148.360001,148.54,142.65,4.22,193.07
2026-08-08T00:15Z,145.34,135.0,171.96,143.94,142.51,146.2,145.75,,145.009995,145.24,140.63,4.0,191.05
2026-08-08T00:30Z,144.62,132.45,170.0,142.98,141.29,145.64,145.1,,144.229996,144.51,139.87,3.93,182.1
2026-08-08T00:45Z,142.38,125.52,167.13,140.1,137.76,143.78,143.04,,141.839996,142.22,137.54,3.74,182.1
2026-08-08T01:00Z,146.92,124.97,167.42,143.94,140.91,148.72,147.74,147.98,145.009995,146.69,136.38,3.9,191.05
2026-08-08T01:15Z,146.23,117.64,166.6,142.35,138.41,148.58,147.31,,143.75,145.94,135.67,3.58,184.62
2026-08-08T01:30Z,146.11,114.34,166.4,141.8,137.43,148.72,147.31,,143.360001,145.79,135.34,3.54,182.1
2026-08-08T01:45Z,144.42,121.56,166.0,141.32,138.17,146.3,145.28,,142.440002,144.19,135.19,3.47,182.1
2026-08-08T02:00Z,141.96,119.17,165.14,138.81,135.65,143.82,142.81,147.1,139.949997,141.71,136.77,3.27,175.0
2026-08-08T02:15Z,144.47,124.89,165.0,141.77,139.05,146.07,145.2,,142.740005,144.25,137.46,3.22,179.99
2026-08-08T02:30Z,144.76,100.94,165.0,138.71,132.63,148.34,146.39,,140.880005,144.27,137.03,3.02,178.0
2026-08-08T02:45Z,144.27,124.29,165.0,141.51,138.74,145.9,145.01,,142.5,144.05,136.91,3.11,180.0
2026-08-08T03:00Z,139.91,124.4,163.9,137.75,135.57,141.21,140.51,147.1,138.529999,139.75,135.05,2.78,179.3
2026-08-08T03:15Z,141.33,134.08,164.98,140.32,139.3,141.94,141.61,,140.690002,141.25,135.07,2.89,178.0
2026-08-08T03:30Z,147.81,136.32,165.0,146.21,144.6,148.78,148.26,,146.789993,147.69,135.07,2.93,180.0
2026-08-08T03:45Z,153.73,126.68,165.0,149.97,146.16,156.0,154.78,,151.330002,153.45,135.07,3.16,175.0
2026-08-08T04:00Z,155.08,145.99,169.14,153.8,152.5,155.87,155.45,147.17,154.270004,154.99,139.37,3.16,172.1
2026-08-08T04:15Z,148.32,147.36,170.0,148.19,148.05,148.41,148.36,,148.240005,148.31,139.7,3.4,172.8
2026-08-08T04:30Z,143.93,143.93,174.12,143.93,143.93,143.93,143.93,,143.929993,143.92,139.44,3.45,172.1
2026-08-08T04:45Z,137.72,137.72,174.12,137.72,137.72,137.72,137.72,,137.720001,139.22,134.32,3.4,172.1
2026-08-08T05:00Z,155.0,155.0,177.12,155.0,155.0,155.0,155.0,135.52,155.0,153.5,146.79,3.98,160.93
2026-08-08T05:15Z,142.87,142.87,174.12,142.87,142.87,142.87,142.87,,142.869995,140.4,138.76,3.86,160.75
2026-08-08T05:30Z,134.9,134.9,174.12,134.9,134.9,134.9,134.9,,134.899994,137.38,130.46,3.73,172.1
2026-08-08T05:45Z,118.02,118.02,169.14,118.02,118.02,118.02,118.02,,118.019997,120.18,124.92,3.57,164.54
2026-08-08T06:00Z,145.88,145.88,174.12,145.88,145.88,145.88,145.88,123.03,145.880005,143.25,131.5,3.87,172.1
2026-08-08T06:15Z,124.56,124.56,174.12,124.56,124.56,124.56,124.56,,124.559998,125.02,120.7,3.31,166.53
2026-08-08T06:30Z,106.7,106.7,162.25,106.7,106.7,106.7,106.7,,106.699997,106.7,103.0,2.87,150.0
2026-08-08T06:45Z,82.99,82.99,155.01,82.99,82.99,82.99,82.99,,82.989998,82.99,86.05,2.84,141.82
2026-08-08T07:00Z,107.54,107.54,137.23,107.54,107.54,107.54,107.54,82.5,107.540001,107.54,103.31,2.88,172.1
2026-08-08T07:15Z,87.67,87.67,100.0,87.67,87.67,87.67,89.22,,87.669998,87.67,90.26,2.88,156.65
2026-08-08T07:30Z,44.94,44.94,75.16,44.94,44.94,44.94,44.94,,44.939999,44.94,54.25,2.8,141.68
2026-08-08T07:45Z,10.03,10.03,12.01,10.03,10.03,10.03,11.04,,10.03,10.03,10.35,2.78,129.97
2026-08-08T08:00Z,12.32,12.32,12.32,12.32,12.32,12.32,19.0,19.0,12.32,12.32,12.72,3.72,172.1
2026-08-08T08:15Z,3.21,3.21,4.54,3.21,3.21,3.21,3.21,,3.21,3.21,3.21,3.21,151.96
2026-08-08T08:30Z,0.0,0.05,1.08,0.03,0.05,3.01,1.16,,1.34,1.57,1.57,1.57,140.5
2026-08-08T08:45Z,-0.09,0.13,0.71,-0.01,0.03,2.72,1.09,,1.18,1.22,1.22,1.22,133.48
2026-08-08T09:00Z,-1.14,-0.01,0.51,-0.54,-0.39,6.37,3.09,11.5,2.0,2.2,2.2,2.2,141.55
2026-08-08T09:15Z,-1.21,-0.01,0.0,-0.57,-0.41,6.48,3.2,,2.0,2.06,2.06,2.06,147.68
2026-08-08T09:30Z,-1.71,-0.09,0.0,-1.06,-0.56,7.97,3.84,,2.0,2.06,2.06,2.06,145.36
2026-08-08T09:45Z,-2.01,-0.1,0.0,-1.47,-0.57,8.65,4.09,,1.54,1.99,1.99,1.99,137.25
2026-08-08T10:00Z,-3.83,-1.79,0.0,-2.7,-2.44,8.81,3.46,3.79,1.78,1.83,1.83,1.83,150.22
2026-08-08T10:15Z,-5.01,-2.7,0.0,-3.73,-3.44,9.28,3.23,,1.33,1.37,1.37,1.37,151.64
2026-08-08T10:30Z,-6.81,-3.98,0.0,-5.24,-4.89,10.77,3.32,,0.99,1.02,1.02,1.02,149.51
2026-08-08T10:45Z,-8.3,-5.19,0.0,-6.57,-6.19,10.98,2.82,,0.0,0.96,0.96,0.96,145.22
2026-08-08T11:00Z,-8.77,-5.41,0.0,-6.99,-6.55,12.6,3.5,0.91,0.0,0.57,-0.12,0.58,137.19
2026-08-08T11:15Z,-10.06,-5.97,0.0,-7.89,-7.35,16.0,4.9,,0.0,0.51,-0.1,0.52,139.2
2026-08-08T11:30Z,-12.29,-7.79,0.0,-9.9,-9.31,16.37,4.17,,0.0,0.49,-0.1,0.5,135.48
2026-08-08T11:45Z,-12.87,-7.51,0.0,-10.02,-9.32,21.27,6.74,,0.0,0.49,-0.1,0.5,134.71
2026-08-08T12:00Z,-18.49,-11.28,0.0,-14.65,-13.71,25.66,6.78,-2.39,0.55,0.56,0.56,0.56,137.2
2026-08-08T12:15Z,-12.99,-7.06,0.0,-10.55,-8.8,21.02,6.46,,0.55,0.57,0.57,0.57,148.2
2026-08-08T12:30Z,-10.0,-5.55,0.0,-8.04,-6.9,15.92,4.83,,0.54,0.55,0.55,0.55,147.4
2026-08-08T12:45Z,-7.13,-0.11,0.0,-7.07,-1.19,23.94,16.9,,0.57,0.59,0.59,0.59,136.46
2026-08-08T13:00Z,-6.97,-0.11,0.0,-6.97,-0.99,21.85,9.55,19.0,0.1,0.81,0.81,0.81,130.91
2026-08-08T13:15Z,-8.85,-0.04,0.0,-8.52,-1.42,30.07,17.34,,0.94,0.97,0.97,0.97,131.35
2026-08-08T13:30Z,-5.48,-0.09,0.0,-4.71,-1.11,20.27,40.32,,0.89,0.92,0.92,0.92,148.2
2026-08-08T13:45Z,-6.75,-0.01,0.0,-3.15,-2.26,36.99,58.4,,0.92,0.94,0.94,0.94,170.9
2026-08-08T14:00Z,-1.44,-0.01,0.0,-0.71,-0.51,7.31,71.7,27.0,-0.09,0.85,0.85,0.85,132.1
2026-08-08T14:15Z,-0.54,-0.01,0.0,-0.39,-0.29,14.64,88.76,,-0.01,1.34,1.34,1.34,151.0
2026-08-08T14:30Z,-0.28,0.0,0.0,0.0,-0.02,74.76,108.26,,2.53,5.12,2.61,2.61,172.1
2026-08-08T14:45Z,0.01,0.01,0.01,0.62,0.82,129.81,110.58,,4.3,11.11,3.97,3.97,174.0
2026-08-08T15:00Z,1.93,2.29,2.29,1.84,2.29,71.87,111.01,129.68,2.47,4.22,54.79,2.8,176.6
2026-08-08T15:15Z,34.8,22.86,8.0,33.2,32.88,107.05,122.1,,34.220001,34.99,84.61,3.8,184.0
2026-08-08T15:30Z,106.04,49.22,28.04,99.05,96.59,157.76,120.01,,104.800003,107.11,99.01,5.52,172.8
2026-08-08T15:45Z,129.89,127.33,44.0,129.49,129.42,175.47,147.3,,129.580002,131.6,105.72,7.75,176.6
2026-08-08T16:00Z,106.31,69.01,68.81,101.52,98.35,139.98,127.41,140.1,106.309998,108.76,103.98,5.09,176.6
2026-08-08T16:15Z,133.37,110.63,80.3,130.47,128.61,156.0,143.91,,131.740005,134.15,116.97,6.86,191.95
2026-08-08T16:30Z,157.0,137.92,99.0,154.24,151.46,186.05,167.38,,155.309998,158.16,125.08,8.42,193.07
2026-08-08T16:45Z,163.32,163.0,101.73,163.32,163.24,186.68,171.38,,163.389999,164.29,124.9,15.56,207.15
2026-08-08T17:00Z,148.76,148.18,101.73,148.54,148.46,174.13,157.29,170.0,148.630005,149.63,138.28,13.92,191.95
2026-08-08T17:15Z,160.26,159.76,137.23,160.08,160.0,182.23,167.65,,160.149994,161.02,139.85,24.99,199.35
2026-08-08T17:30Z,170.72,159.2,159.2,169.19,167.61,176.08,183.94,,169.740005,170.95,139.85,31.58,201.26
2026-08-08T17:45Z,191.72,180.01,174.12,190.02,188.39,193.35,194.14,,190.600006,191.56,140.0,37.39,230.0
2026-08-08T18:00Z,185.76,161.98,161.98,181.85,177.86,190.96,198.85,178.45,183.190002,185.46,145.98,30.39,199.35
2026-08-08T18:15Z,186.37,177.0,177.0,184.84,183.27,188.8,192.64,,185.940002,186.29,145.99,29.72,199.35
2026-08-08T18:30Z,183.16,181.62,181.62,183.03,182.78,187.4,195.39,,183.190002,183.52,145.98,31.59,228.31
2026-08-08T18:45Z,183.34,183.74,183.74,183.51,183.59,187.44,195.34,,183.470001,183.75,146.06,31.97,239.0
2026-08-08T19:00Z,186.66,182.92,182.92,186.09,185.47,189.18,193.7,175.85,186.300003,186.77,148.36,36.0,202.81
2026-08-08T19:15Z,187.16,187.33,187.33,187.23,187.27,188.9,192.27,,187.210007,187.33,148.35,34.39,214.87
2026-08-08T19:30Z,178.53,178.53,190.88,178.53,178.53,178.53,178.53,,178.529999,178.53,148.34,26.34,191.95
2026-08-08T19:45Z,165.64,165.64,190.88,165.64,165.64,165.64,165.64,,165.639999,165.64,148.33,21.18,185.85
2026-08-08T20:00Z,185.18,185.18,191.01,185.18,185.18,185.18,185.18,167.9,185.179993,185.18,148.25,24.99,200.01
2026-08-08T20:15Z,170.48,170.48,190.88,170.48,170.48,170.48,170.48,,170.479996,170.48,148.21,15.39,191.95
2026-08-08T20:30Z,167.9,167.9,186.03,167.9,167.9,167.9,167.9,,167.899994,167.9,148.18,13.93,191.95
2026-08-08T20:45Z,159.84,159.84,190.01,159.84,159.84,159.84,159.84,,159.839996,159.84,148.15,6.95,182.8
2026-08-08T21:00Z,161.96,161.96,183.42,161.96,161.96,161.96,161.96,160.5,161.960007,161.96,148.06,14.57,225.0
2026-08-08T21:15Z,155.9,155.9,181.77,155.9,155.9,155.9,155.9,,155.899994,155.9,148.02,7.02,191.05
2026-08-08T21:30Z,155.25,155.25,181.27,155.25,155.25,155.25,155.25,,155.25,155.24,146.8,6.66,176.6
2026-08-08T21:45Z,144.57,144.57,180.27,144.57,144.57,144.57,144.57,,144.570007,144.56,140.28,5.27,170.0
2026-08-08T22:00Z,155.2,155.2,173.23,155.2,155.2,155.2,155.2,140.7,155.2,155.199997,144.0,5.6,190.2
2026-08-08T22:15Z,147.95,147.95,172.23,147.95,147.95,147.95,147.95,,147.95,147.949997,143.39,5.3,191.05
2026-08-08T22:30Z,143.81,143.81,168.97,143.81,143.81,143.81,143.81,,143.81,143.809998,139.38,4.95,176.0
2026-08-08T22:45Z,134.14,134.14,166.6,134.14,134.14,134.14,134.14,,134.14,134.139999,130.0,4.28,172.1
2026-08-08T23:00Z,139.99,139.99,164.14,139.99,139.99,139.99,139.99,135.66,139.99,139.990005,135.68,4.99,177.0
2026-08-08T23:15Z,140.12,140.12,162.25,140.12,140.12,140.12,140.12,,140.12,140.110001,135.8,4.99,172.8
2026-08-08T23:30Z,141.23,141.23,161.02,141.23,141.23,141.23,141.23,,141.23,141.229996,136.89,4.82,172.1
2026-08-08T23:45Z,136.04,136.04,160.3,136.04,136.04,136.04,136.04,,136.04,136.039993,131.85,4.44,168.43
2026-08-09T00:00Z,141.06,141.06,161.05,141.06,141.06,141.06,141.06,132.32,141.06,141.059998,136.65,4.99,150.99
2026-08-09T00:15Z,136.28,136.28,160.98,136.28,136.28,136.28,136.28,,136.28,136.279999,132.03,4.91,172.1
2026-08-09T00:30Z,135.19,135.19,160.0,135.19,135.19,135.19,135.19,,135.19,135.190002,130.97,4.79,172.0
2026-08-09T00:45Z,133.24,133.24,159.4,133.24,133.24,133.24,133.24,,133.24,133.240005,129.08,4.59,146.6
2026-08-09T01:00Z,135.01,135.01,159.4,135.01,135.01,135.01,135.01,130.76,135.01,135.0,130.87,4.91,147.5
2026-08-09T01:15Z,134.87,134.87,159.0,134.87,134.87,134.87,134.87,,134.87,134.869995,130.74,4.85,166.43
2026-08-09T01:30Z,133.57,133.57,158.58,133.57,133.57,133.57,133.57,,133.57,133.570007,129.48,4.51,159.44
2026-08-09T01:45Z,132.35,132.35,158.2,132.35,132.35,132.35,132.35,,132.35,132.350006,128.3,4.38,140.8
2026-08-09T02:00Z,133.52,133.52,156.99,133.52,133.52,133.52,133.52,130.95,133.52,133.520004,129.43,4.68,172.1
2026-08-09T02:15Z,134.92,134.92,155.53,134.92,134.92,134.92,134.92,,134.92,134.910004,130.78,4.77,163.14
2026-08-09T02:30Z,133.86,133.86,155.4,133.86,133.86,133.86,133.86,,133.86,133.850006,129.75,4.86,172.1
2026-08-09T02:45Z,133.81,133.81,155.4,133.81,133.81,133.81,133.81,,133.81,133.809998,129.71,4.93,172.1
2026-08-09T03:00Z,136.99,136.99,155.4,136.99,136.99,136.99,136.99,128.36,136.99,136.990005,132.73,4.92,172.1
2026-08-09T03:15Z,134.99,134.99,155.4,134.99,134.99,134.99,134.99,,134.99,134.990005,130.8,4.89,172.1
2026-08-09T03:30Z,135.7,135.7,157.04,135.7,135.7,135.7,135.7,,135.7,135.699997,131.48,4.83,172.1
2026-08-09T03:45Z,132.32,132.32,157.4,132.32,132.32,132.32,132.32,,132.32,132.320007,128.43,4.51,172.1
2026-08-09T04:00Z,143.37,143.37,156.0,143.37,143.37,143.37,143.37,130.16,143.37,143.369995,138.74,4.94,158.26
2026-08-09T04:15Z,134.18,134.18,157.4,134.18,134.18,134.18,134.18,,134.18,134.179993,130.05,4.51,149.6
2026-08-09T04:30Z,128.88,128.88,158.2,128.88,128.88,128.88,128.88,,128.88,128.880005,124.91,4.35,140.44
2026-08-09T04:45Z,120.76,120.76,158.2,120.76,120.76,120.76,120.76,,120.76,120.760002,118.15,4.26,152.1
2026-08-09T05:00Z,133.27,133.27,159.0,133.27,133.27,133.27,133.27,125.0,133.27,133.270004,128.07,4.95,161.43
2026-08-09T05:15Z,123.65,123.65,159.0,123.65,123.65,123.65,123.65,,123.65,123.650002,119.84,4.96,157.84
2026-08-09T05:30Z,113.87,113.88,159.0,113.88,113.88,114.02,113.84,,113.87,113.870003,110.36,4.97,172.0
2026-08-09T05:45Z,101.96,103.53,149.25,102.46,102.88,121.3,94.3,,101.5,100.699997,98.35,4.9,142.01
2026-08-09T06:00Z,115.96,115.96,154.29,115.96,115.96,115.96,115.96,97.67,115.96,115.959999,112.38,4.99,172.1
2026-08-09T06:15Z,106.41,106.41,137.23,106.41,106.41,106.41,106.41,,106.41,106.410004,103.11,4.59,146.53
2026-08-09T06:30Z,83.71,83.53,101.98,83.64,83.6,81.7,77.51,,83.66,83.519997,86.34,4.01,125.39
2026-08-09T06:45Z,60.43,60.01,90.0,60.27,60.18,55.91,47.99,,60.34,59.669998,61.13,3.78,135.58
2026-08-09T07:00Z,73.51,71.97,71.97,72.83,72.54,53.16,5.65,19.1,72.79,71.480003,76.26,4.56,162.0
2026-08-09T07:15Z,30.79,30.0,30.0,30.46,30.3,21.25,0.06,,30.49,29.74,31.47,3.45,146.13
2026-08-09T07:30Z,4.99,4.99,4.99,4.99,4.99,4.99,4.99,,4.99,4.9,5.15,3.38,121.68
2026-08-09T07:45Z,0.67,0.69,0.69,0.73,0.71,0.59,0.5,,0.88,1.47,1.47,1.47,119.18
2026-08-09T08:00Z,1.12,1.13,1.13,1.15,1.14,1.1,1.06,5.28,1.2,1.38,1.24,1.38,100.0
2026-08-09T08:15Z,0.12,0.15,0.15,0.19,0.17,0.04,-0.06,,0.36,0.89,0.37,0.9,96.88
2026-08-09T08:30Z,-0.01,0.01,0.01,0.02,0.02,0.04,-0.06,,0.1,0.36,0.1,0.79,86.0
2026-08-09T08:45Z,-0.02,0.0,0.0,0.02,0.01,0.05,-0.07,,0.1,0.39,0.1,0.68,84.34
2026-08-09T09:00Z,-0.01,0.0,0.0,0.0,0.0,0.02,-0.02,-0.55,0.1,0.13,0.03,0.75,60.78
2026-08-09T09:15Z,-0.03,-0.01,-0.01,0.01,0.0,0.06,-0.08,,0.1,0.41,0.1,0.66,63.84
2026-08-09T09:30Z,-0.04,-0.02,-0.02,0.0,-0.01,0.06,-0.09,,0.1,0.43,0.1,0.56,59.8
2026-08-09T09:45Z,-0.11,-0.03,-0.03,-0.01,0.02,0.1,-0.14,,0.07,0.49,0.07,0.49,60.0
2026-08-09T10:00Z,-1.0,-0.02,-0.02,-1.07,0.35,0.45,-0.62,-4.0,0.07,0.07,1.22,0.07,76.5
2026-08-09T10:15Z,-1.62,-0.03,-0.03,-1.74,0.58,0.71,-0.99,,0.01,0.01,2.11,0.01,85.82
2026-08-09T10:30Z,-2.99,-0.05,-0.05,-3.05,1.11,1.31,-1.82,,0.01,0.01,2.17,0.01,85.13
2026-08-09T10:45Z,-4.99,-0.07,-0.07,-3.1,2.37,2.15,-3.0,,0.0,0.0,2.56,0.0,86.0
2026-08-09T11:00Z,-4.99,-0.1,-0.1,-3.05,2.36,2.16,-3.01,-4.73,0.0,0.0,0.35,0.0,85.13
2026-08-09T11:15Z,-5.3,-0.1,-0.1,-3.05,2.56,2.29,-3.19,,0.0,0.0,0.64,0.0,86.0
2026-08-09T11:30Z,-5.01,-0.11,-0.11,-3.05,2.35,2.16,-3.02,,0.0,0.0,1.0,0.0,85.13
2026-08-09T11:45Z,-5.02,-0.11,-0.11,-3.05,2.36,2.17,-3.03,,0.0,0.0,1.01,0.0,81.81
2026-08-09T12:00Z,-4.9,-0.1,-0.1,-3.04,2.26,2.12,-2.96,0.76,-0.01,-0.01,-0.05,0.0,96.0
2026-08-09T12:15Z,-2.15,-0.1,-0.1,-1.96,0.75,0.94,-1.31,,-0.01,-0.01,-0.03,0.0,100.0
2026-08-09T12:30Z,-1.01,-0.09,-0.09,-0.18,0.47,0.43,-0.6,,-0.01,-0.01,-0.02,0.0,102.5
2026-08-09T12:45Z,-0.19,-0.1,-0.1,-0.11,-0.05,0.08,-0.12,,-0.01,-0.01,0.03,0.0,102.5
2026-08-09T13:00Z,-0.1,-0.02,-0.02,-0.03,0.04,0.05,-0.05,3.72,-0.03,-0.01,-0.05,0.0,91.47
2026-08-09T13:15Z,-0.01,-0.01,-0.01,-0.01,-0.01,0.01,0.0,,-0.01,-0.01,0.04,0.0,96.0
2026-08-09T13:30Z,-0.01,-0.01,-0.01,-0.01,-0.01,0.01,0.0,,-0.01,-0.01,0.05,0.01,115.0
2026-08-09T13:45Z,-0.01,0.0,0.0,-0.01,-0.01,0.13,0.04,,-0.01,0.0,0.47,0.04,125.0
2026-08-09T14:00Z,-0.01,0.0,0.0,-0.01,-0.01,0.03,0.01,44.0,-0.01,0.0,0.12,0.01,120.75
2026-08-09T14:15Z,-0.01,0.01,0.01,-0.01,0.0,0.25,0.09,,0.0,0.64,0.64,0.64,144.52
2026-08-09T14:30Z,0.62,0.62,0.3,0.65,0.7,6.62,0.0,,0.62,1.0,2.87,1.0,168.49
2026-08-09T14:45Z,14.52,17.8,0.54,15.86,17.8,75.04,8.24,,14.61,13.96,46.3,1.9,172.8
2026-08-09T15:00Z,6.83,6.83,1.08,6.84,7.0,23.04,12.62,131.96,6.95,7.07,50.42,1.93,172.1
2026-08-09T15:15Z,72.1,27.94,1.08,71.84,77.09,136.62,78.96,,71.84,72.790001,98.44,2.2,139.2
2026-08-09T15:30Z,106.28,50.64,2.32,102.35,102.35,162.41,115.29,,105.32,106.870003,103.56,3.49,152.8
2026-08-09T15:45Z,144.59,99.52,4.52,140.0,137.35,173.44,149.02,,143.49,144.639999,116.3,4.09,169.44
2026-08-09T16:00Z,121.9,111.23,5.88,120.87,120.2,127.21,123.3,151.29,121.71,121.949997,129.18,4.02,165.0
2026-08-09T16:15Z,151.0,110.45,38.66,145.94,142.71,159.75,154.63,,149.99,151.009995,142.82,4.61,172.8
2026-08-09T16:30Z,160.95,141.29,50.3,158.12,155.26,166.45,163.13,,160.4,160.970001,146.44,4.99,191.95
2026-08-09T16:45Z,170.9,143.56,84.25,167.0,163.04,186.6,176.37,,170.23,171.190002,146.15,5.54,191.95
2026-08-09T17:00Z,154.94,131.53,80.0,152.02,150.34,175.66,160.74,170.1,154.04,154.759995,145.85,5.92,183.38
2026-08-09T17:15Z,161.51,145.04,99.75,159.46,158.27,176.1,165.59,,160.88,161.389999,146.67,6.95,191.95
2026-08-09T17:30Z,172.0,141.13,111.37,168.19,165.97,193.06,177.81,,170.8,171.619995,147.19,6.95,199.35
2026-08-09T17:45Z,187.66,171.1,149.68,185.58,184.4,202.91,191.93,,186.23,187.539993,147.25,6.95,210.0
2026-08-09T18:00Z,171.97,144.47,144.47,168.6,166.62,195.28,178.54,177.65,170.95,171.770004,147.24,6.95,195.28
2026-08-09T18:15Z,176.85,160.22,160.22,174.82,173.61,190.95,180.83,,176.24,176.729996,147.24,6.95,199.35
2026-08-09T18:30Z,178.54,171.62,171.62,177.7,177.19,184.41,180.2,,178.29,178.490005,147.24,6.95,208.31
2026-08-09T18:45Z,177.0,175.73,175.73,176.85,176.76,177.01,176.99,,176.95,176.970001,147.26,6.95,225.0
2026-08-09T19:00Z,175.23,175.23,175.23,175.23,175.23,175.23,165.63,177.28,175.23,175.229996,147.31,6.95,199.35
2026-08-09T19:15Z,175.73,175.73,175.73,175.73,175.73,175.73,159.17,,175.73,175.729996,147.3,6.75,199.35
2026-08-09T19:30Z,175.31,175.31,175.73,175.31,175.31,175.31,167.5,,175.31,175.309998,147.3,6.95,199.35
2026-08-09T19:45Z,170.26,170.26,175.73,170.26,170.26,170.26,170.26,,170.26,170.259995,147.29,5.0,199.35
2026-08-09T20:00Z,174.05,174.05,175.73,174.05,174.05,174.05,174.05,173.59,174.05,174.050003,147.04,6.75,222.7
2026-08-09T20:15Z,171.1,171.1,175.73,171.1,171.1,171.1,171.1,,171.1,171.100006,147.0,4.84,205.15
2026-08-09T20:30Z,170.89,170.89,175.23,170.89,170.89,170.89,170.89,,170.89,170.889999,146.92,4.59,199.35
2026-08-09T20:45Z,163.96,163.96,175.23,163.96,163.96,163.96,163.96,,163.96,163.960007,146.82,3.82,212.8
2026-08-09T21:00Z,163.89,164.61,173.23,164.14,164.33,167.82,160.04,163.16,163.68,163.259995,146.75,3.8,250.0
2026-08-09T21:15Z,158.12,158.35,172.03,158.2,158.26,159.37,156.9,,158.06,157.919998,146.61,3.71,225.0
2026-08-09T21:30Z,157.94,158.37,166.0,158.09,158.2,160.28,155.65,,157.82,157.570007,146.52,3.54,181.83
2026-08-09T21:45Z,148.65,149.37,162.56,148.89,149.08,152.55,144.83,,148.44,148.029999,143.8,3.29,163.17
2026-08-09T22:00Z,154.12,155.03,165.14,154.45,154.69,158.25,144.01,149.92,153.73,152.929993,144.36,4.13,193.27
2026-08-09T22:15Z,151.91,151.91,164.4,151.91,151.91,151.91,151.91,,151.91,151.910004,144.25,4.12,192.01
2026-08-09T22:30Z,144.02,144.02,161.98,144.02,144.02,144.02,144.02,,144.02,144.020004,142.34,3.91,190.39
2026-08-09T22:45Z,135.84,135.84,161.98,135.84,135.84,135.84,135.84,,135.84,135.839996,134.02,3.39,170.0
2026-08-09T23:00Z,146.04,147.14,162.25,146.44,146.73,151.84,133.78,144.0,145.56,144.589996,138.92,3.74,193.27
2026-08-09T23:15Z,139.45,140.17,160.4,139.72,139.91,143.24,131.44,,139.14,138.5,134.87,3.46,192.01
2026-08-09T23:30Z,136.45,137.32,160.99,136.77,136.99,141.01,126.81,,136.08,135.309998,131.9,3.33,190.39
2026-08-09T23:45Z,130.12,130.84,160.17,130.38,130.57,133.91,122.09,,129.8,129.160004,125.81,3.07,176.6
2026-08-10T00:00Z,135.72,136.86,162.25,136.11,136.43,141.86,122.37,140.0,135.19,134.149994,131.07,3.34,190.39
2026-08-10T00:15Z,133.08,133.69,161.48,133.29,133.46,136.31,126.08,,132.81,132.259995,128.76,3.27,180.1
2026-08-10T00:30Z,130.08,130.57,160.4,130.24,130.38,132.71,124.37,,129.85,129.399994,125.89,3.2,176.6
2026-08-10T00:45Z,127.1,127.71,160.4,127.31,127.48,130.36,120.04,,126.82,126.269997,125.0,3.19,169.44
2026-08-10T01:00Z,126.17,126.99,160.4,126.46,126.68,130.53,116.72,138.69,125.8,125.059998,119.91,2.97,165.0
2026-08-10T01:15Z,127.64,128.05,158.0,127.79,127.9,129.82,122.92,,127.46,127.089996,123.57,3.15,160.0
2026-08-10T01:30Z,126.8,127.26,157.41,126.96,127.08,129.27,121.44,,126.58,126.160004,122.72,3.14,160.28
2026-08-10T01:45Z,127.09,127.09,157.41,127.09,127.09,127.09,127.09,,127.09,127.089996,123.22,3.26,160.64
2026-08-10T02:00Z,125.18,125.18,151.0,125.18,125.18,125.18,125.16,139.86,125.18,125.169998,121.31,3.2,154.88
2026-08-10T02:15Z,127.14,127.14,152.21,127.14,127.14,127.14,127.14,,127.14,127.139999,123.21,3.34,155.0
2026-08-10T02:30Z,127.23,127.6,153.53,127.36,127.46,129.21,122.91,,127.05,126.720001,123.13,3.6,147.49
2026-08-10T02:45Z,130.35,130.35,154.47,130.35,130.35,130.35,130.35,,130.35,130.350006,124.65,4.59,153.92
2026-08-10T03:00Z,131.62,131.62,153.99,131.62,131.62,131.62,131.62,150.0,131.62,131.610001,127.64,4.79,157.34
2026-08-10T03:15Z,139.38,139.38,156.0,139.38,139.38,139.38,139.38,,139.38,139.380005,135.18,5.75,155.66
2026-08-10T03:30Z,148.31,148.31,159.0,148.31,148.31,148.31,148.31,,148.31,148.300003,138.56,6.45,162.05
2026-08-10T03:45Z,152.99,152.99,161.0,152.99,152.99,152.99,152.99,,152.99,152.990005,139.27,6.55,160.0
2026-08-10T04:00Z,157.75,157.75,164.0,157.75,157.75,157.75,157.75,162.53,157.75,157.75,144.25,6.87,165.0
2026-08-10T04:15Z,165.0,165.0,165.4,165.0,165.0,165.0,165.0,,165.0,165.0,144.31,7.69,165.0
2026-08-10T04:30Z,165.12,165.38,168.02,165.12,165.18,173.59,167.69,,165.19,165.350006,144.34,8.99,176.6
2026-08-10T04:45Z,165.1,165.17,173.47,165.1,165.11,167.41,165.8,,165.12,165.160004,144.45,9.82,167.41
2026-08-10T05:00Z,170.0,170.28,176.97,169.98,170.06,174.88,171.81,165.0,170.02,170.149994,144.83,9.3,174.0
2026-08-10T05:15Z,170.0,170.0,182.47,170.0,170.0,170.0,170.0,,170.0,169.990005,144.88,11.02,170.0
2026-08-10T05:30Z,162.88,162.88,182.68,162.88,162.88,162.88,162.88,,162.88,162.880005,144.94,11.51,162.88
2026-08-10T05:45Z,155.95,155.95,180.01,155.95,155.95,155.95,155.95,,155.95,155.949997,144.97,13.33,155.95
2026-08-10T06:00Z,179.91,179.91,182.63,179.91,179.91,179.91,179.91,158.65,179.91,179.910004,145.05,14.96,187.22
2026-08-10T06:15Z,165.0,165.0,175.47,165.0,165.0,165.0,165.0,,165.0,165.0,145.06,13.98,176.6
2026-08-10T06:30Z,155.08,155.08,164.5,155.08,155.08,155.08,155.08,,155.08,155.080002,145.04,13.92,165.33
2026-08-10T06:45Z,143.55,143.55,154.29,143.55,143.55,143.55,143.55,,143.55,143.550003,144.57,12.46,153.17
2026-08-10T07:00Z,163.56,163.56,163.56,163.56,163.56,163.56,163.56,142.1,163.56,163.559998,144.66,11.06,163.56
2026-08-10T07:15Z,151.97,151.97,151.97,151.97,151.97,151.97,151.97,,151.97,151.970001,144.11,10.62,151.97
2026-08-10T07:30Z,125.53,125.53,125.53,125.53,125.53,125.53,125.53,,125.53,125.529999,139.04,8.48,140.0
2026-08-10T07:45Z,114.47,114.47,100.27,114.47,114.47,114.47,114.47,,114.47,114.470001,118.14,7.57,138.39
2026-08-10T08:00Z,133.73,133.73,100.14,133.73,133.73,133.73,133.73,138.7,133.73,133.729996,129.62,8.63,148.8
2026-08-10T08:15Z,115.0,115.0,98.0,115.0,115.0,115.0,115.0,,115.0,115.0,117.11,7.06,140.0
2026-08-10T08:30Z,105.17,105.79,86.76,105.39,105.5,112.66,108.41,,105.43,105.660004,107.72,6.95,136.39
2026-08-10T08:45Z,92.53,93.07,74.16,92.72,92.82,99.06,95.35,,92.76,92.959999,95.73,6.95,135.13
2026-08-10T09:00Z,98.77,99.24,74.54,98.95,99.02,105.37,101.14,120.1,98.98,100.790001,102.15,7.36,140.99
2026-08-10T09:15Z,87.13,87.54,70.36,87.29,87.35,92.91,89.34,,87.31,88.910004,90.11,7.13,136.39
2026-08-10T09:30Z,71.14,71.62,63.1,71.34,71.62,76.14,85.15,,71.29,72.599998,73.57,6.95,136.39
2026-08-10T09:45Z,59.51,61.64,58.17,60.27,63.35,66.87,63.27,,59.65,60.75,61.56,6.33,138.39
2026-08-10T10:00Z,59.99,64.04,38.66,60.47,65.64,70.11,66.02,112.0,60.47,61.57,62.41,7.32,136.39
2026-08-10T10:15Z,40.55,64.94,38.55,43.39,75.17,80.57,73.01,,43.42,45.549999,51.41,7.8,138.39
2026-08-10T10:30Z,29.99,69.48,35.0,32.85,89.17,107.03,76.0,,32.94,37.220001,50.13,7.16,138.81
2026-08-10T10:45Z,16.61,51.89,38.55,20.1,67.66,84.93,62.29,,20.19,24.139999,49.95,7.35,145.74
2026-08-10T11:00Z,15.0,36.75,36.75,20.51,46.15,103.73,65.04,120.0,16.86,20.15,52.62,6.95,139.9
2026-08-10T11:15Z,10.04,33.49,33.49,11.37,42.27,104.32,61.39,,11.45,15.04,52.58,6.95,151.2
2026-08-10T11:30Z,7.54,25.0,25.0,9.38,29.07,91.68,55.8,,9.45,12.52,52.37,6.95,145.52
2026-08-10T11:45Z,3.99,25.0,25.0,5.76,30.85,98.18,57.18,,5.99,9.5,51.8,7.03,145.4
2026-08-10T12:00Z,4.2,34.24,34.24,4.2,41.67,106.53,59.6,130.13,7.74,12.24,51.35,6.95,150.38
2026-08-10T12:15Z,3.66,30.61,30.61,3.66,35.54,107.05,82.18,,7.17,11.52,51.21,6.95,150.03
2026-08-10T12:30Z,4.5,36.33,36.33,4.5,43.92,122.63,99.11,,7.98,12.93,51.01,6.99,149.8
2026-08-10T12:45Z,4.99,38.62,35.0,4.99,48.87,139.88,99.11,,7.28,12.56,51.22,7.64,150.19
2026-08-10T13:00Z,4.56,25.0,25.0,4.56,33.71,78.47,100.99,138.08,5.22,8.2,32.44,6.95,148.8
2026-08-10T13:15Z,9.0,34.69,25.0,9.0,48.31,88.12,108.4,,9.0,12.47,28.98,7.57,139.9
2026-08-10T13:30Z,10.03,45.22,21.0,10.03,55.35,151.85,98.65,,10.03,18.27,34.28,8.27,155.0
2026-08-10T13:45Z,16.41,77.81,24.11,16.41,108.63,201.91,112.41,,16.41,17.91,28.75,10.01,171.29
2026-08-10T14:00Z,14.89,25.0,25.0,14.89,25.0,99.93,108.4,151.1,14.4,14.89,44.71,6.95,160.0
2026-08-10T14:15Z,37.71,49.17,38.66,37.71,49.17,127.16,106.77,,26.44,36.18,50.64,8.49,174.0
2026-08-10T14:30Z,58.48,75.61,38.99,58.48,77.91,172.32,137.8,,53.06,55.830002,60.22,10.03,176.6
2026-08-10T14:45Z,84.71,99.4,50.0,84.71,99.4,185.0,168.11,,74.9,76.269997,81.43,14.74,185.0
2026-08-10T15:00Z,69.62,78.32,74.16,71.87,74.3,133.71,141.49,170.01,50.0,55.82,61.18,7.26,160.0
2026-08-10T15:15Z,104.76,112.99,84.25,106.99,109.23,168.06,142.41,,60.48,67.919998,74.55,10.92,165.0
2026-08-10T15:30Z,112.45,122.88,85.22,114.92,118.06,190.9,189.01,,54.01,69.150002,82.99,14.0,160.0
2026-08-10T15:45Z,137.8,152.41,90.23,142.49,146.27,243.11,213.73,,70.71,78.0,84.41,21.04,172.28
2026-08-10T16:00Z,118.64,133.17,94.39,121.43,130.25,192.01,203.49,171.5,51.78,119.989998,94.7,8.42,192.01
2026-08-10T16:15Z,127.76,142.18,99.75,132.11,138.61,199.09,217.17,,74.9,127.760002,104.83,16.07,199.09
2026-08-10T16:30Z,144.79,154.54,100.14,148.15,150.58,209.96,249.69,,103.6,114.739998,117.41,20.74,207.53
2026-08-10T16:45Z,159.61,170.79,103.92,163.54,166.29,235.39,273.76,,110.6,121.860001,123.87,20.44,230.0
2026-08-10T17:00Z,148.7,159.97,101.73,153.45,155.92,215.98,309.0,173.04,116.7,125.230003,124.91,13.99,215.98
2026-08-10T17:15Z,157.0,170.47,119.5,165.35,166.95,228.25,326.69,,125.5,158.0,126.41,19.51,228.25
2026-08-10T17:30Z,166.74,179.48,150.63,172.0,174.64,240.28,338.9,,125.77,133.639999,129.52,15.02,240.28
2026-08-10T17:45Z,190.39,204.2,168.96,196.17,199.15,263.09,358.87,,127.23,133.509995,130.77,19.22,263.09
2026-08-10T18:00Z,167.0,177.77,176.0,171.62,173.85,245.28,303.45,170.0,135.94,139.460007,134.02,16.77,245.28
2026-08-10T18:15Z,169.6,182.63,182.63,175.88,178.54,222.71,349.9,,133.91,138.570007,134.12,16.45,222.71
2026-08-10T18:30Z,180.85,192.25,192.25,187.28,189.21,222.01,318.15,,136.1,149.429993,134.17,13.99,222.01
2026-08-10T18:45Z,190.36,200.31,201.44,195.62,197.51,230.0,296.44,,134.05,144.479996,134.24,11.72,230.0
2026-08-10T19:00Z,199.51,207.58,207.58,200.18,202.87,269.11,240.65,167.4,135.43,139.869995,134.05,17.97,264.35
2026-08-10T19:15Z,186.73,193.01,226.14,187.23,189.35,240.28,218.86,,136.11,138.600006,134.07,15.8,240.28
2026-08-10T19:30Z,176.59,180.79,233.76,177.77,178.95,201.98,195.04,,136.15,138.649994,134.1,10.27,225.0
2026-08-10T19:45Z,163.3,165.82,226.14,164.14,164.81,177.1,173.91,,135.58,139.929993,134.18,10.0,199.09
2026-08-10T20:00Z,181.61,187.32,211.62,184.08,185.46,201.98,189.76,166.0,135.93,138.419998,134.04,13.95,235.68
2026-08-10T20:15Z,167.57,173.58,202.0,169.66,171.2,196.04,167.98,,132.85,135.289993,130.85,10.01,206.14
2026-08-10T20:30Z,168.04,173.7,197.74,170.6,171.91,186.22,145.63,,131.65,134.059998,129.61,7.44,199.09
2026-08-10T20:45Z,159.52,165.41,190.35,164.0,164.37,175.8,123.99,,129.45,131.820007,127.33,5.96,199.09
2026-08-10T21:00Z,157.67,164.66,190.0,161.42,162.33,201.92,107.48,158.74,129.33,131.699997,127.65,7.41,234.19
2026-08-10T21:15Z,154.93,159.31,187.5,158.96,158.94,164.44,141.26,,127.65,129.990005,126.12,6.39,199.29
2026-08-10T21:30Z,152.51,159.57,182.8,157.27,158.01,174.98,140.77,,126.47,128.789993,124.95,5.46,192.01
2026-08-10T21:45Z,140.65,145.43,180.01,143.55,144.2,157.19,131.58,,126.38,128.690002,124.91,4.91,170.03
2026-08-10T22:00Z,147.37,159.12,180.01,154.81,156.31,190.73,124.17,161.8,110.830002,112.86,114.76,4.83,218.22
2026-08-10T22:15Z,145.77,154.99,179.04,152.21,153.12,176.89,129.97,,111.419998,113.46,112.8,4.37,196.14
2026-08-10T22:30Z,138.77,144.06,178.04,143.09,143.33,153.64,132.2,,113.190002,115.26,111.61,4.07,192.01
2026-08-10T22:45Z,124.88,127.81,176.28,126.65,126.96,142.55,126.98,,111.910004,113.96,110.4,3.85,176.43
2026-08-10T23:00Z,142.14,149.11,171.14,147.6,148.02,163.27,133.28,155.0,110.620003,112.65,109.19,4.3,190.0
2026-08-10T23:15Z,138.91,144.82,170.0,144.09,144.21,153.72,133.11,,107.199997,109.16,105.7,4.01,190.0
2026-08-10T23:30Z,144.85,150.8,168.02,150.87,150.63,155.91,142.21,,105.330002,107.26,103.75,3.64,180.0
2026-08-10T23:45Z,138.05,142.59,167.08,143.49,142.92,142.42,139.42,,100.010002,101.84,99.43,3.26,170.0
2026-08-11T00:00Z,143.8,149.42,170.0,149.43,149.2,156.0,141.28,150.0,104.720001,106.64,102.0,3.73,164.2
2026-08-11T00:15Z,135.94,140.34,168.96,140.81,140.4,144.24,137.56,,100.099998,101.94,98.39,3.39,164.2
2026-08-11T00:30Z,133.72,137.84,168.02,138.42,138.0,139.09,133.52,,100.0,101.83,98.28,3.25,171.34
2026-08-11T00:45Z,131.33,135.39,167.08,135.98,135.56,136.43,131.05,,97.980003,99.78,96.17,3.14,163.76
2026-08-11T01:00Z,129.89,133.98,168.96,133.76,133.63,143.97,132.46,141.86,100.0,101.83,98.59,3.29,170.0
2026-08-11T01:15Z,129.58,134.44,168.96,134.35,134.14,143.8,131.04,,93.580002,95.3,91.94,3.08,170.0
2026-08-11T01:30Z,128.38,133.01,168.02,133.26,132.97,136.37,125.78,,93.510002,95.23,91.88,3.06,159.49
2026-08-11T01:45Z,127.08,131.75,168.96,132.01,131.72,135.07,124.53,,91.82,93.51,90.19,3.02,154.84
2026-08-11T02:00Z,126.65,129.97,168.02,130.28,130.01,132.28,125.95,144.18,99.82,101.65,97.61,2.94,165.25
2026-08-11T02:15Z,127.87,131.88,168.02,131.96,131.76,136.29,126.01,,98.199997,100.0,95.91,2.83,165.5
2026-08-11T02:30Z,130.43,134.88,168.02,134.48,134.42,145.62,131.01,,99.989998,98.19,97.81,2.97,165.74
2026-08-11T02:45Z,134.74,138.86,168.96,139.01,138.74,145.04,136.0,,102.07,100.23,99.99,3.04,165.44
2026-08-11T03:00Z,128.4,131.29,167.0,130.6,130.69,155.0,133.64,155.0,111.760002,109.75,109.91,3.2,155.0
2026-08-11T03:15Z,134.53,138.11,168.02,137.43,137.53,156.0,135.87,,113.25,111.21,111.39,3.31,158.51
2026-08-11T03:30Z,143.45,147.28,170.3,147.18,147.03,157.35,143.75,,114.760002,112.69,112.86,3.45,158.51
2026-08-11T03:45Z,153.78,157.73,173.94,158.11,157.76,161.38,153.37,,119.519997,117.37,117.8,3.88,165.72
2026-08-11T04:00Z,154.98,158.01,170.0,158.3,158.01,163.6,154.88,165.0,125.790001,128.09,123.51,5.32,178.17
2026-08-11T04:15Z,157.0,159.83,172.03,160.22,159.85,172.86,162.05,,127.480003,129.81,125.12,5.85,176.43
2026-08-11T04:30Z,157.82,160.45,175.73,160.98,160.59,168.05,161.21,,128.880005,131.24,126.32,5.89,180.0
2026-08-11T04:45Z,157.37,159.46,178.04,160.1,159.71,159.46,158.31,,129.190002,131.56,129.53,5.93,180.0
2026-08-11T05:00Z,166.72,169.3,180.04,170.11,169.63,168.42,167.7,161.8,136.009995,138.5,131.85,6.95,181.0
2026-08-11T05:15Z,161.5,163.63,180.54,164.3,163.9,162.9,162.31,,136.130005,138.62,131.97,6.38,170.5
2026-08-11T05:30Z,155.58,157.21,180.54,157.73,157.42,156.65,156.2,,136.100006,138.6,131.96,6.16,161.94
2026-08-11T05:45Z,147.64,148.65,179.04,148.96,148.77,148.3,148.02,,135.669998,138.16,131.56,5.94,149.22
2026-08-11T06:00Z,163.26,165.94,178.04,166.67,166.23,165.11,164.44,144.3,135.199997,137.68,131.04,7.75,190.39
2026-08-11T06:15Z,152.18,153.85,168.02,154.31,154.04,153.33,152.91,,134.610001,137.07,130.49,6.95,187.17
2026-08-11T06:30Z,141.17,143.43,157.0,142.96,143.12,147.17,127.18,,130.0,132.39,126.14,5.82,170.0
2026-08-11T06:45Z,118.54,119.97,125.0,119.1,119.48,124.63,101.91,,118.040001,116.42,121.87,5.22,153.67
2026-08-11T07:00Z,141.8,146.03,158.37,144.11,144.91,158.93,99.06,130.17,132.279999,134.71,128.31,5.22,161.49
2026-08-11T07:15Z,116.85,118.54,140.0,117.49,117.95,125.15,95.28,,116.160004,114.07,119.96,4.28,152.47
2026-08-11T07:30Z,104.57,106.21,106.21,105.19,105.63,112.49,83.99,,103.919998,102.04,107.11,3.99,146.24
2026-08-11T07:45Z,80.08,80.12,87.0,80.1,80.12,80.67,78.69,,80.040001,78.6,82.73,3.54,143.0
2026-08-11T08:00Z,97.18,99.42,99.42,97.91,98.53,108.38,65.31,130.05,96.029999,94.3,99.09,3.02,153.8
2026-08-11T08:15Z,73.27,75.13,76.78,73.88,74.39,82.58,46.74,,72.309998,70.02,74.62,2.88,147.5
2026-08-11T08:30Z,38.65,41.28,41.28,39.5,40.23,51.8,1.17,,37.290001,33.86,38.47,2.9,141.91
2026-08-11T08:45Z,22.29,24.02,38.77,22.85,23.33,30.95,-2.41,,21.389999,19.13,22.07,2.09,140.19
2026-08-11T09:00Z,25.41,31.21,39.1,27.74,28.93,63.27,-3.51,121.3,25.27,22.44,26.07,2.26,143.0
2026-08-11T09:15Z,9.87,26.15,27.78,10.11,26.65,78.63,-16.0,,10.11,7.22,10.43,1.93,143.0
2026-08-11T09:30Z,2.66,24.0,24.0,2.66,25.9,88.61,-15.77,,3.53,3.26,21.49,1.92,139.05
2026-08-11T09:45Z,0.19,19.17,19.17,0.19,19.17,84.94,-8.6,,1.7,1.87,50.66,1.87,139.86
2026-08-11T10:00Z,0.08,19.76,19.76,0.08,19.76,71.65,-3.63,71.0,1.83,1.86,36.8,1.78,135.79
2026-08-11T10:15Z,0.0,12.47,12.47,0.0,9.27,56.63,-9.72,,1.54,1.57,39.56,1.56,139.75
2026-08-11T10:30Z,0.0,12.14,12.14,0.0,9.02,55.18,-7.27,,1.54,1.57,43.54,1.46,152.5
2026-08-11T10:45Z,-0.01,12.73,14.99,-0.01,9.47,57.98,-2.61,,1.79,1.82,49.31,1.73,155.8
2026-08-11T11:00Z,-0.01,12.3,14.69,-0.01,9.01,56.23,-5.34,64.54,1.61,1.64,61.22,1.5,160.0
2026-08-11T11:15Z,-0.08,12.85,24.0,-0.08,9.4,58.97,-5.81,,1.62,1.65,63.87,1.5,151.5
2026-08-11T11:30Z,-0.15,11.76,25.0,-0.01,8.56,54.69,-0.59,,1.7,1.73,65.5,1.73,160.0
2026-08-11T11:45Z,-0.17,10.82,24.0,-0.17,7.91,50.01,0.0,,1.7,1.73,63.95,1.73,153.48
2026-08-11T12:00Z,-0.18,9.4,38.66,-0.18,6.81,43.68,-1.34,94.0,1.3,1.32,55.58,1.32,155.39
2026-08-11T12:15Z,-0.16,15.86,38.77,-0.82,11.68,71.35,-14.78,,1.44,1.47,61.23,1.43,154.48
2026-08-11T12:30Z,-0.01,21.39,38.77,-3.31,16.46,88.39,-16.4,,1.67,1.7,69.99,1.64,147.5
2026-08-11T12:45Z,-0.01,26.51,38.77,-3.44,23.25,99.56,-4.98,,2.07,2.11,77.28,1.73,160.0
2026-08-11T13:00Z,0.0,14.09,38.55,-0.01,10.25,79.15,-9.27,130.0,1.42,1.39,16.46,1.39,161.0
2026-08-11T13:15Z,0.07,19.55,38.55,-0.48,14.42,107.91,-7.61,,2.2,2.16,28.83,1.75,161.0
2026-08-11T13:30Z,2.47,24.89,36.0,0.0,18.61,135.72,-12.9,,3.33,3.27,45.78,1.74,163.2
2026-08-11T13:45Z,10.01,32.61,38.55,5.88,26.24,147.46,-6.33,,10.01,9.83,61.21,1.91,167.28
2026-08-11T14:00Z,7.93,22.4,38.99,5.2,17.44,106.65,-22.87,134.9,5.86,5.76,48.41,2.01,190.0
2026-08-11T14:15Z,22.39,30.96,40.0,23.08,27.22,91.35,-2.69,,21.07,20.69,56.85,3.55,192.01
2026-08-11T14:30Z,60.43,69.94,69.94,62.95,65.33,138.55,10.75,,58.049999,55.93,72.72,4.14,207.12
2026-08-11T14:45Z,87.18,96.65,85.2,88.37,92.35,163.41,71.52,,85.989998,85.52,93.11,5.16,192.11
2026-08-11T15:00Z,77.75,84.25,84.25,79.1,81.05,134.67,78.35,151.15,77.260002,75.87,84.35,5.28,201.54
2026-08-11T15:15Z,103.57,109.32,99.88,104.99,106.49,154.33,93.89,,102.769997,101.75,106.75,6.22,220.14
2026-08-11T15:30Z,119.29,125.78,100.27,120.87,122.6,178.71,99.0,,118.139999,116.61,121.26,8.5,190.16
2026-08-11T15:45Z,138.89,143.86,102.19,140.1,141.38,183.83,139.51,,138.410004,137.94,134.14,14.7,202.64
2026-08-11T16:00Z,118.57,122.32,102.79,119.05,120.0,163.75,125.96,161.8,118.18,118.11,129.99,10.0,192.01
2026-08-11T16:15Z,143.69,147.41,105.67,144.16,145.09,187.38,151.85,,143.369995,143.37,131.89,34.68,204.1
2026-08-11T16:30Z,156.74,160.14,120.98,156.74,158.02,199.99,165.75,,154.0,156.3,140.78,25.85,220.0
2026-08-11T16:45Z,166.99,170.3,148.0,166.99,168.27,210.0,176.31,,166.75,166.97,140.89,64.99,210.0
2026-08-11T17:00Z,157.94,155.59,120.98,155.71,155.59,179.95,173.6,180.17,153.710007,159.37,141.1,64.99,222.01
2026-08-11T17:15Z,168.74,166.57,154.66,159.53,159.08,201.1,189.08,,163.970001,169.45,141.67,92.5,222.01
2026-08-11T17:30Z,181.52,184.4,167.08,181.52,182.13,217.0,231.64,,181.520004,184.66,144.9,100.61,222.01
2026-08-11T17:45Z,204.96,209.42,180.01,206.47,207.28,254.23,283.2,,205.169998,208.55,145.17,106.83,254.23
2026-08-11T18:00Z,194.69,171.51,171.51,192.37,180.68,222.8,260.01,202.7,195.970001,197.45,145.74,101.31,222.8
2026-08-11T18:15Z,200.09,180.78,180.78,199.13,188.78,220.71,295.69,,201.199997,203.56,147.08,98.88,222.01
2026-08-11T18:30Z,201.18,197.82,197.82,202.41,199.48,222.8,291.54,,202.809998,204.51,148.48,98.55,222.8
2026-08-11T18:45Z,199.95,205.89,216.01,202.43,203.64,227.39,308.64,,201.809998,203.92,148.85,98.39,227.39
2026-08-11T19:00Z,203.65,206.71,226.0,205.43,205.77,220.89,272.28,189.59,204.860001,206.18,148.62,98.85,228.98
2026-08-11T19:15Z,192.27,183.44,235.01,192.55,187.25,210.6,272.28,,193.809998,195.26,148.82,98.81,222.01
2026-08-11T19:30Z,188.11,175.81,235.51,186.8,180.67,202.12,217.76,,188.789993,189.42,147.18,97.6,222.01
2026-08-11T19:45Z,173.33,146.04,227.5,169.28,156.68,182.13,176.5,,173.699997,173.78,146.87,96.48,247.0
2026-08-11T20:00Z,180.34,172.24,205.52,178.05,174.35,209.94,191.06,171.03,179.710007,180.81,145.15,98.47,259.54
2026-08-11T20:15Z,172.95,160.27,200.0,170.0,164.2,201.94,183.29,,172.360001,173.4,143.97,97.19,230.0
2026-08-11T20:30Z,171.78,172.6,190.88,171.13,171.35,200.53,176.52,,170.830002,171.26,141.96,93.65,207.75
2026-08-11T20:45Z,166.61,167.44,186.0,166.25,166.49,187.53,167.99,,165.820007,165.9,141.97,75.19,190.34
2026-08-11T21:00Z,163.01,164.11,189.0,162.83,163.11,183.89,162.98,163.6,162.190002,162.09,143.59,95.49,200.0
2026-08-11T21:15Z,153.52,147.13,182.68,151.98,148.93,177.12,156.13,,152.729996,152.93,141.91,92.61,192.01
2026-08-11T21:30Z,152.08,152.81,180.04,151.89,152.15,165.37,150.76,,151.539993,151.3,141.8,70.0,190.34
2026-08-11T21:45Z,147.79,148.62,178.04,147.67,147.95,160.4,144.07,,147.179993,146.64,141.69,60.0,170.0
2026-08-11T22:00Z,163.11,163.92,185.79,163.03,163.33,171.72,163.3,160.17,162.86,162.809998,151.48,97.77,179.43
2026-08-11T22:15Z,159.03,159.39,184.79,159.0,159.13,162.73,159.06,,158.92,158.899994,151.13,94.9,187.9
2026-08-11T22:30Z,153.99,153.99,182.68,153.99,153.99,153.99,153.99,,153.99,154.0,149.35,91.55,174.66
2026-08-11T22:45Z,145.0,145.0,172.03,145.0,145.0,145.0,145.0,,145.0,145.009995,141.37,86.11,165.0
2026-08-11T23:00Z,154.42,154.42,171.96,154.42,154.42,154.42,154.42,156.8,154.42,154.429993,148.47,92.53,178.0
2026-08-11T23:15Z,149.9,149.9,170.14,149.9,149.9,149.9,149.9,,149.9,149.910004,145.11,89.85,176.89
2026-08-11T23:30Z,147.87,147.87,169.96,147.87,147.87,147.87,147.87,,147.87,147.869995,143.13,89.54,170.0
2026-08-11T23:45Z,145.83,145.83,169.14,145.83,145.83,145.83,145.83,,145.83,145.839996,141.15,87.68,165.0
2026-08-12T00:00Z,145.09,145.09,179.98,145.09,145.09,145.09,145.09,149.76,145.09,145.100006,140.44,87.15,169.08
2026-08-12T00:15Z,142.39,142.39,178.4,142.39,142.39,142.39,142.39,,142.39,142.399994,137.82,85.94,170.0
2026-08-12T00:30Z,142.86,142.86,177.38,142.86,142.86,142.86,142.86,,142.86,142.869995,138.28,85.98,161.34
2026-08-12T00:45Z,142.86,142.86,177.0,142.86,142.86,142.86,142.86,,142.86,142.869995,138.27,86.91,155.42
2026-08-12T01:00Z,139.14,139.14,179.98,139.14,139.14,139.14,139.14,145.0,139.14,139.149994,134.66,84.06,179.0
2026-08-12T01:15Z,139.19,139.19,179.98,139.19,139.19,139.19,139.19,,139.19,139.199997,134.71,84.16,176.8
2026-08-12T01:30Z,139.99,139.99,178.64,139.99,139.99,139.99,139.99,,139.99,140.0,135.49,85.62,169.08
2026-08-12T01:45Z,140.69,140.69,178.69,140.69,140.69,140.69,140.69,,140.69,139.949997,136.17,85.86,179.43
2026-08-12T02:00Z,137.05,137.05,179.98,137.05,137.05,137.05,137.05,147.9,137.05,137.809998,132.62,83.23,168.0
2026-08-12T02:15Z,139.11,139.11,179.48,139.11,139.11,139.11,139.11,,139.11,139.119995,134.62,84.49,168.38
2026-08-12T02:30Z,139.15,139.15,179.98,139.15,139.15,139.15,139.15,,139.15,139.160004,134.66,85.12,169.44
2026-08-12T02:45Z,144.29,144.29,179.98,144.29,144.29,144.29,144.29,,144.29,144.300003,139.25,88.92,165.0
2026-08-12T03:00Z,144.62,144.62,168.56,144.62,144.62,144.62,144.62,161.33,144.62,144.630005,140.43,87.22,172.46
2026-08-12T03:15Z,149.01,149.01,169.14,149.01,149.01,149.01,149.01,,149.01,149.020004,144.32,91.99,172.85
2026-08-12T03:30Z,158.36,158.36,169.96,158.36,158.36,158.36,158.36,,158.36,158.369995,149.66,100.14,176.17
2026-08-12T03:45Z,162.01,162.01,170.0,162.01,162.01,162.01,162.01,,162.01,162.020004,150.55,104.53,170.0
2026-08-12T04:00Z,171.5,153.01,170.0,168.44,160.3,168.49,170.02,171.0,171.29,171.179993,152.57,97.45,171.01
2026-08-12T04:15Z,175.0,156.71,170.14,171.97,163.92,172.02,173.53,,174.8,174.679993,153.0,106.36,176.93
2026-08-12T04:30Z,172.64,165.52,171.96,171.55,168.57,171.45,172.06,,172.58,172.529999,153.41,105.32,175.0
2026-08-12T04:45Z,171.16,154.0,180.98,169.44,163.96,168.01,169.63,,171.25,170.979996,153.69,110.0,170.0
2026-08-12T05:00Z,181.5,181.5,185.79,181.5,181.5,181.5,181.5,171.32,181.5,181.509995,157.21,111.11,181.5
2026-08-12T05:15Z,171.5,171.5,185.79,171.5,171.5,171.5,171.5,,171.5,171.509995,157.56,109.99,171.5
2026-08-12T05:30Z,165.85,165.85,186.0,165.85,165.85,165.85,165.85,,165.85,165.860001,156.7,108.68,165.85
2026-08-12T05:45Z,151.32,151.32,184.79,151.32,151.32,151.32,151.32,,151.32,151.330002,151.98,103.01,151.32
2026-08-12T06:00Z,175.49,175.49,187.79,175.49,175.49,175.49,175.49,160.06,175.49,175.509995,156.13,116.0,175.49
2026-08-12T06:15Z,160.13,160.13,186.0,160.13,160.13,160.13,160.13,,160.13,160.139999,150.76,105.16,170.0
2026-08-12T06:30Z,146.22,146.0,185.79,146.15,146.1,146.02,146.84,,146.26,146.350006,144.92,95.92,165.0
2026-08-12T06:45Z,139.01,138.75,181.56,138.93,138.88,138.78,139.74,,139.05,139.169998,140.43,86.36,159.44
2026-08-12T07:00Z,162.2,162.2,180.01,162.2,162.2,162.2,162.2,132.38,162.2,162.199997,147.33,102.52,165.0
2026-08-12T07:15Z,136.18,136.11,155.0,136.16,136.15,136.11,136.4,,136.19,136.220001,138.26,44.28,165.0
2026-08-12T07:30Z,116.45,116.26,116.26,116.51,116.44,115.94,116.25,,116.78,116.580002,128.92,27.26,159.6
2026-08-12T07:45Z,100.08,100.01,100.01,100.77,100.49,98.1,95.81,,101.84,100.260002,113.19,19.8,165.0
2026-08-12T08:00Z,118.22,119.32,100.27,118.48,118.87,125.55,110.33,89.6,117.53,116.519997,113.32,28.75,153.9
2026-08-12T08:15Z,98.67,98.46,93.91,98.61,98.57,98.75,99.19,,98.71,98.790001,109.85,24.41,146.42
2026-08-12T08:30Z,81.58,81.58,81.58,81.58,81.58,81.58,81.58,,81.58,81.580002,104.8,29.41,146.22
2026-08-12T08:45Z,51.87,51.87,51.87,51.87,51.87,51.87,51.87,,51.87,51.869999,103.65,25.83,163.2
2026-08-12T09:00Z,64.13,64.13,40.95,64.13,64.13,64.13,64.13,64.0,64.13,64.129997,101.29,27.48,144.99
2026-08-12T09:15Z,42.0,42.0,42.0,42.0,42.0,42.0,42.0,,42.0,42.0,99.99,32.69,160.18
2026-08-12T09:30Z,36.2,38.53,38.53,32.69,38.93,36.65,36.37,,35.69,35.959999,98.72,30.03,157.34
2026-08-12T09:45Z,19.04,25.4,25.4,9.97,26.37,21.88,20.26,,17.84,18.58,99.99,18.49,161.75
2026-08-12T10:00Z,26.26,47.38,38.54,-0.01,49.23,47.38,35.84,33.08,23.65,24.08,109.67,23.96,160.0
2026-08-12T10:15Z,16.21,29.69,25.9,-0.01,30.74,31.5,23.18,,14.73,18.66,109.93,19.35,159.25
2026-08-12T10:30Z,10.03,21.56,21.17,-0.01,21.74,33.94,20.54,,10.91,16.73,109.94,19.4,160.0
2026-08-12T10:45Z,6.5,17.6,17.6,-0.02,17.16,38.66,20.55,,8.99,17.450001,109.74,19.49,157.3
2026-08-12T11:00Z,9.26,20.8,20.8,-0.03,20.67,36.04,21.05,28.69,14.57,16.719999,104.7,16.65,150.0
2026-08-12T11:15Z,4.93,18.87,18.87,-3.03,18.1,46.85,23.18,,14.62,19.49,104.67,19.39,144.99
2026-08-12T11:30Z,0.01,13.8,13.8,-3.03,12.01,56.99,25.08,,12.17,18.73,109.51,18.67,146.42
2026-08-12T11:45Z,0.0,12.0,12.0,-3.04,10.56,47.99,21.0,,12.54,16.73,109.33,16.65,140.0
2026-08-12T12:00Z,12.0,34.6,34.6,-8.0,36.91,47.32,27.94,38.76,11.32,16.73,103.01,18.25,145.0
2026-08-12T12:15Z,15.47,37.66,37.66,-7.05,38.2,54.07,32.97,,14.85,19.99,102.91,21.42,144.99
2026-08-12T12:30Z,15.48,34.77,34.77,-3.06,34.92,53.48,33.01,,14.94,18.01,102.79,26.56,144.99
2026-08-12T12:45Z,16.93,38.66,38.66,-0.01,37.89,73.53,43.13,,17.68,25.93,102.82,25.8,150.0
2026-08-12T13:00Z,17.05,38.95,38.95,-0.01,38.36,73.92,51.11,89.17,17.7,19.530001,102.87,19.49,155.0
2026-08-12T13:15Z,27.47,58.22,42.14,0.0,58.26,94.75,59.95,,27.17,28.129999,103.22,28.07,156.61
2026-08-12T13:30Z,44.35,87.06,45.0,2.39,88.04,124.19,87.89,,42.61,48.560001,103.35,37.6,145.69
2026-08-12T13:45Z,74.08,108.53,44.05,38.58,109.73,132.56,101.01,,72.11,76.809998,102.72,57.57,147.28
2026-08-12T14:00Z,67.43,78.14,48.3,53.77,80.17,80.7,87.73,116.0,65.92,67.110001,102.01,20.92,138.44
2026-08-12T14:15Z,93.15,104.39,60.0,78.37,106.71,104.39,97.82,,91.44,92.629997,104.11,29.2,138.84
2026-08-12T14:30Z,110.71,112.55,81.68,108.34,112.91,112.85,111.6,,110.44,110.650002,111.01,54.96,138.0
2026-08-12T14:45Z,119.54,134.47,84.25,101.68,136.78,145.41,130.34,,117.78,119.580002,115.45,99.23,140.0
2026-08-12T15:00Z,110.2,110.2,85.2,110.2,110.2,110.2,110.2,143.0,110.2,110.199997,120.63,40.27,146.42
2026-08-12T15:15Z,131.49,131.49,90.4,131.49,131.49,131.49,131.49,,131.49,131.490005,138.14,90.0,158.44
2026-08-12T15:30Z,147.14,147.14,99.88,147.14,147.14,147.14,147.14,,147.14,147.139999,145.85,111.34,147.14
2026-08-12T15:45Z,173.52,173.52,100.2,173.52,173.52,173.52,173.52,,173.52,173.529999,152.01,128.78,173.52
2026-08-12T16:00Z,155.8,156.13,99.75,155.86,155.9,155.99,158.74,175.0,155.97,158.25,151.17,103.28,172.01
2026-08-12T16:15Z,173.62,173.97,101.98,173.66,173.73,180.66,176.95,,173.76,173.979996,154.58,125.2,184.1
2026-08-12T16:30Z,185.4,185.81,119.0,185.45,185.52,193.68,189.26,,185.56,185.809998,164.79,135.75,197.43
2026-08-12T16:45Z,219.27,219.27,135.26,219.27,219.27,219.27,219.27,,219.27,219.279999,213.58,154.15,219.27
2026-08-12T17:00Z,210.0,210.0,126.18,210.0,210.0,210.0,210.0,230.0,210.0,210.020004,204.53,144.61,210.0
2026-08-12T17:15Z,241.53,241.53,145.98,241.53,241.53,241.53,241.53,,241.53,241.550003,235.58,165.53,241.53
2026-08-12T17:30Z,287.3,287.3,178.4,287.3,287.3,287.3,287.3,,287.3,287.320007,280.41,177.03,280.08
2026-08-12T17:45Z,461.17,461.17,186.79,461.17,461.17,461.17,461.17,,461.17,461.190002,398.07,226.55,283.0
2026-08-12T18:00Z,402.5,402.5,188.29,402.5,402.5,402.5,402.5,230.45,402.5,402.519989,349.64,204.62,280.08
2026-08-12T18:15Z,314.82,272.05,229.9,311.35,297.17,307.03,311.61,,315.64,314.940002,300.0,187.35,272.05
2026-08-12T18:30Z,251.34,250.0,250.0,251.23,250.79,251.1,251.24,,251.37,251.360001,243.71,161.71,250.0
2026-08-12T18:45Z,232.17,232.17,232.17,232.17,232.17,232.17,232.17,,232.17,232.190002,225.23,152.69,232.17
2026-08-12T19:00Z,253.0,253.0,250.0,253.0,253.0,253.0,253.0,211.08,253.0,253.020004,245.45,163.01,253.0
2026-08-12T19:15Z,243.12,243.12,243.12,243.12,243.12,243.12,243.12,,243.12,243.139999,235.84,158.95,243.12
2026-08-12T19:30Z,223.39,223.39,223.39,223.39,223.39,223.39,223.39,,223.39,223.410004,216.63,146.74,223.39
2026-08-12T19:45Z,198.97,198.97,202.6,198.97,198.97,198.97,198.97,,198.97,198.970001,192.94,132.46,200.49
2026-08-12T20:00Z,205.64,205.64,205.64,205.64,205.64,205.64,205.64,183.82,205.64,205.649994,199.25,143.71,205.64
2026-08-12T20:15Z,193.4,193.4,193.4,193.4,193.4,193.4,193.4,,193.4,193.410004,186.72,135.94,193.4
2026-08-12T20:30Z,188.49,188.49,188.49,188.49,188.49,188.49,188.49,,188.49,188.5,167.69,122.9,188.49
2026-08-12T20:45Z,175.12,175.12,186.79,175.12,175.12,175.12,175.12,,175.12,175.130005,165.51,113.35,175.12
2026-08-12T21:00Z,180.29,180.29,184.96,180.29,180.29,180.29,180.29,175.5,180.29,180.289993,158.2,124.08,180.29
2026-08-12T21:15Z,174.1,174.1,184.02,174.1,174.1,174.1,174.1,,174.1,174.110001,154.57,116.78,174.1
2026-08-12T21:30Z,173.91,173.91,182.68,173.91,173.91,173.91,173.91,,173.91,173.910004,153.88,113.47,173.91
2026-08-12T21:45Z,160.1,160.1,180.4,160.1,160.1,160.1,160.1,,160.1,160.110001,153.51,110.0,160.1
2026-08-12T22:00Z,164.47,164.47,188.16,164.47,164.47,164.47,164.47,160.0,164.47,167.490005,159.65,119.6,176.43
2026-08-12T22:15Z,156.56,156.56,187.66,156.56,156.56,156.56,156.56,,156.56,156.559998,152.61,115.41,179.0
2026-08-12T22:30Z,152.26,152.26,186.66,152.26,152.26,152.26,152.26,,152.26,152.259995,147.97,115.4,173.0
2026-08-12T22:45Z,143.12,143.12,185.4,143.12,143.12,143.12,143.12,,143.12,143.119995,140.36,109.41,162.92
2026-08-12T23:00Z,153.0,153.0,184.56,153.0,153.0,153.0,153.0,153.01,153.0,153.009995,147.29,113.33,162.35
2026-08-12T23:15Z,148.01,148.01,177.38,148.01,148.01,148.01,148.01,,148.01,148.009995,143.79,112.5,168.59
2026-08-12T23:30Z,147.29,147.29,172.14,147.29,147.29,147.29,147.29,,147.29,147.289993,143.12,111.05,188.0
2026-08-12T23:45Z,142.07,142.07,171.02,142.07,142.07,142.07,142.07,,142.07,142.080002,139.3,109.34,182.06
2026-08-13T00:00Z,143.58,143.58,185.0,143.58,143.58,143.58,143.58,146.4,143.58,143.580002,139.29,107.85,188.0
2026-08-13T00:15Z,143.17,143.17,184.66,143.17,143.17,143.17,143.17,,143.17,143.169998,138.94,109.01,186.0
2026-08-13T00:30Z,144.38,144.38,183.56,144.38,144.38,144.38,144.38,,144.38,144.380005,140.12,109.38,182.0
2026-08-13T00:45Z,142.56,142.56,183.56,142.56,142.56,142.56,142.56,,142.56,142.559998,138.35,108.34,182.06
2026-08-13T01:00Z,140.87,140.87,183.56,140.87,140.87,140.87,140.87,145.0,140.87,140.869995,136.69,106.88,175.0
2026-08-13T01:15Z,141.82,141.82,181.98,141.82,141.82,141.82,141.82,,141.82,141.820007,137.62,107.3,162.3
2026-08-13T01:30Z,143.76,143.76,181.98,143.76,143.76,143.76,143.76,,143.76,143.759995,139.49,108.33,159.29
2026-08-13T01:45Z,144.44,144.44,181.98,144.44,144.44,144.44,144.44,,144.44,144.440002,140.18,108.33,172.17
2026-08-13T02:00Z,140.99,140.99,183.56,140.99,140.99,140.99,140.99,145.0,140.99,141.0,136.69,106.07,168.53
2026-08-13T02:15Z,143.06,143.06,183.56,143.06,143.06,143.06,143.06,,143.06,143.059998,138.67,110.24,162.19
2026-08-13T02:30Z,146.55,146.55,183.56,146.55,146.55,146.55,146.55,,146.55,146.559998,142.1,116.59,160.0
2026-08-13T02:45Z,149.08,149.08,183.86,149.08,149.08,149.08,149.08,,149.08,149.080002,144.58,119.56,150.0
2026-08-13T03:00Z,149.15,149.15,171.02,149.15,149.15,149.15,149.15,156.8,149.15,149.160004,144.58,111.61,160.0
2026-08-13T03:15Z,154.5,154.5,171.53,154.5,154.5,154.5,154.5,,154.5,154.509995,149.81,116.15,160.0
2026-08-13T03:30Z,159.68,159.68,172.14,159.68,159.68,159.68,159.68,,159.68,159.690002,154.91,119.39,163.66
2026-08-13T03:45Z,166.26,166.26,176.7,166.26,166.26,166.26,166.26,,166.26,166.270004,157.64,131.45,166.26
2026-08-13T04:00Z,170.61,170.61,185.66,170.61,170.61,170.61,170.61,170.79,170.61,170.619995,163.56,121.68,171.06
2026-08-13T04:15Z,174.09,174.09,186.66,174.09,174.09,174.09,174.09,,174.09,174.100006,165.48,127.26,182.0
2026-08-13T04:30Z,177.24,177.24,186.66,177.24,177.24,177.24,177.24,,177.24,177.25,165.69,128.9,177.24
2026-08-13T04:45Z,174.99,174.99,188.16,174.99,174.99,174.99,174.99,,174.99,174.990005,166.8,143.73,174.99
2026-08-13T05:00Z,182.47,182.47,189.67,182.47,182.47,182.47,182.47,172.0,182.47,182.479996,169.92,133.53,182.47
2026-08-13T05:15Z,174.91,174.91,194.35,174.91,174.91,174.91,174.91,,174.91,174.910004,169.91,131.91,174.91
2026-08-13T05:30Z,169.99,169.99,194.92,169.99,169.99,169.99,169.99,,169.99,169.990005,163.84,132.6,169.99
2026-08-13T05:45Z,157.02,157.02,188.16,157.02,157.02,157.02,157.02,,157.02,157.020004,155.3,129.99,157.02
2026-08-13T06:00Z,172.99,172.99,186.66,172.99,172.99,172.99,172.99,160.51,172.99,172.990005,166.86,139.52,187.39
2026-08-13T06:15Z,162.7,162.7,183.56,162.7,162.7,162.7,162.7,,162.7,162.690002,158.07,135.93,182.06
2026-08-13T06:30Z,153.31,153.31,177.0,153.31,153.31,153.31,153.31,,153.31,153.300003,148.91,130.09,165.5
2026-08-13T06:45Z,138.2,138.2,172.03,138.2,138.2,138.2,138.2,,138.2,138.199997,144.22,118.9,151.0
2026-08-13T07:00Z,158.82,160.53,160.53,158.42,161.14,159.26,159.05,131.12,158.74,158.830002,147.28,125.32,187.0
2026-08-13T07:15Z,143.73,147.49,147.49,147.07,150.0,144.76,144.34,,143.99,144.020004,139.62,110.45,174.67
2026-08-13T07:30Z,124.51,130.0,130.0,128.49,131.55,117.06,121.91,,124.77,124.18,131.73,100.2,160.46
2026-08-13T07:45Z,115.54,120.85,109.0,118.47,119.74,96.68,107.88,,116.46,118.589996,128.59,79.99,147.16
2026-08-13T08:00Z,134.95,138.73,107.15,137.96,140.68,138.48,128.98,112.0,134.8,134.149994,129.02,80.87,144.41
2026-08-13T08:15Z,122.58,122.58,98.0,122.58,122.58,122.58,122.58,,122.58,122.580002,115.15,71.49,142.68
2026-08-13T08:30Z,101.19,101.19,84.25,101.19,101.19,101.19,101.19,,101.19,101.190002,109.83,73.27,155.5
2026-08-13T08:45Z,79.66,79.66,63.95,79.66,79.66,79.66,79.66,,79.66,79.650002,98.73,78.6,157.81
2026-08-13T09:00Z,99.52,99.52,38.99,99.52,99.52,99.52,99.52,67.87,99.52,99.519997,102.74,98.47,145.16
2026-08-13T09:15Z,68.04,68.04,39.1,68.04,68.04,68.04,68.04,,68.04,68.040001,70.48,67.58,138.44
2026-08-13T09:30Z,39.29,54.57,38.66,41.22,55.8,65.83,55.48,,43.26,54.310001,63.88,53.95,144.19
2026-08-13T09:45Z,0.06,48.57,38.55,7.5,53.84,80.83,49.14,,12.3,46.84,60.83,46.53,147.16
2026-08-13T10:00Z,10.06,47.94,37.15,24.64,58.43,85.75,56.16,50.25,32.66,54.080002,82.05,53.73,135.0
2026-08-13T10:15Z,1.16,38.63,28.0,16.37,45.98,83.89,51.68,,27.0,49.369999,83.83,49.06,137.0
2026-08-13T10:30Z,0.0,52.18,21.0,1.91,62.46,95.64,57.9,,19.93,55.200001,69.4,54.84,137.0
2026-08-13T10:45Z,0.0,48.41,30.2,0.0,55.32,93.11,56.43,,20.8,53.799999,72.59,53.45,136.8
2026-08-13T11:00Z,0.0,45.5,35.0,5.98,50.0,106.75,61.3,47.64,53.98,58.5,72.93,58.12,135.0
2026-08-13T11:15Z,0.0,35.07,35.07,6.76,35.07,93.48,53.83,,50.46,51.380001,86.45,51.05,143.19
2026-08-13T11:30Z,0.0,31.29,31.29,3.33,28.5,87.47,50.37,,43.98,48.080002,89.09,47.77,147.16
2026-08-13T11:45Z,0.0,27.28,27.28,2.41,24.59,76.38,43.98,,30.36,41.970001,93.95,41.71,160.57
2026-08-13T12:00Z,-0.01,38.77,38.77,0.0,41.22,87.86,50.3,64.06,26.85,47.880001,89.24,47.58,147.16
2026-08-13T12:15Z,0.0,38.77,38.77,0.01,38.87,85.67,49.02,,23.85,46.66,90.21,46.37,146.92
2026-08-13T12:30Z,0.0,44.12,38.99,4.09,45.81,90.69,51.85,,24.0,49.369999,88.05,49.06,148.46
2026-08-13T12:45Z,10.09,51.43,38.99,15.9,52.8,96.64,59.61,,33.17,57.290001,88.7,56.92,157.86
2026-08-13T13:00Z,10.06,57.93,38.66,12.97,63.97,87.95,54.69,90.0,20.01,50.73,69.46,50.41,155.0
2026-08-13T13:15Z,35.47,67.74,38.66,35.47,71.24,90.89,68.74,,39.92,50.880001,95.31,50.56,153.77
2026-08-13T13:30Z,57.62,70.9,38.99,57.62,71.64,84.07,74.08,,59.0,60.290001,101.36,59.9,159.29
2026-08-13T13:45Z,74.61,94.91,40.01,74.49,97.76,106.3,94.16,,76.02,78.120003,106.21,77.62,158.96
2026-08-13T14:00Z,78.4,78.4,40.01,78.4,78.4,78.4,78.4,119.0,78.4,78.400002,103.1,57.86,180.0
2026-08-13T14:15Z,112.09,112.09,49.43,112.09,112.09,112.09,112.09,,112.09,112.089996,110.07,71.46,191.86
2026-08-13T14:30Z,123.55,124.63,80.0,123.45,125.0,124.63,123.98,,123.52,123.589996,118.89,82.33,192.41
2026-08-13T14:45Z,131.87,152.05,84.4,130.67,157.77,165.0,144.6,,131.74,133.490005,129.85,117.07,203.54
2026-08-13T15:00Z,125.07,125.07,86.0,125.07,125.07,125.07,125.07,146.37,125.07,125.080002,129.99,110.0,213.75
2026-08-13T15:15Z,135.9,135.9,93.0,135.9,135.9,135.9,135.9,,135.9,135.899994,143.0,124.24,268.36
2026-08-13T15:30Z,160.03,160.35,100.0,159.87,160.33,161.33,159.97,,159.99,159.979996,153.83,136.7,182.0
2026-08-13T15:45Z,179.03,180.14,100.27,177.95,180.33,181.09,179.81,,178.92,179.050003,163.44,145.4,183.45
2026-08-13T16:00Z,165.0,165.0,100.01,165.0,165.0,165.0,165.0,189.1,165.0,165.009995,160.16,141.73,174.58
2026-08-13T16:15Z,188.0,188.0,102.19,188.0,188.0,188.0,188.0,,188.0,188.009995,174.1,154.7,188.0
2026-08-13T16:30Z,209.06,209.06,113.6,209.06,209.06,209.06,209.06,,209.06,209.089996,203.12,179.55,209.06
2026-08-13T16:45Z,253.93,253.93,139.42,253.93,253.93,253.93,253.93,,253.93,253.960007,246.82,205.54,253.93
2026-08-13T17:00Z,229.16,229.16,139.54,229.16,229.16,229.16,229.16,271.5,229.16,229.199997,223.36,197.74,229.16
2026-08-13T17:15Z,262.69,262.69,145.97,262.69,262.69,262.69,262.69,,262.69,262.700012,228.13,178.61,262.69
2026-08-13T17:30Z,327.17,327.17,165.4,327.17,327.17,327.17,327.17,,327.17,327.209991,317.04,237.01,285.0
2026-08-13T17:45Z,487.38,487.38,183.56,487.38,487.38,487.38,487.38,,487.38,487.420013,332.42,229.94,313.0
2026-08-13T18:00Z,414.96,414.96,183.56,414.96,414.96,414.96,414.96,278.65,414.96,415.0,357.1,250.09,280.08
2026-08-13T18:15Z,371.94,371.94,188.16,371.94,371.94,371.94,371.94,,371.94,371.950012,214.08,164.01,280.08
2026-08-13T18:30Z,300.14,300.14,215.0,300.14,300.14,300.14,300.14,,300.14,300.149994,209.63,151.66,280.08
2026-08-13T18:45Z,268.41,268.41,250.0,268.41,268.41,268.41,268.41,,268.41,268.429993,200.5,143.86,268.41
2026-08-13T19:00Z,353.92,353.92,250.0,353.92,353.92,353.92,353.92,235.34,353.92,353.940002,246.19,175.49,280.08
2026-08-13T19:15Z,268.97,268.97,268.97,268.97,268.97,268.97,268.97,,268.97,268.980011,209.29,154.34,268.97
2026-08-13T19:30Z,240.0,240.0,240.0,240.0,240.0,240.0,240.0,,240.0,240.020004,208.94,149.47,240.0
2026-08-13T19:45Z,217.15,217.15,217.15,217.15,217.15,217.15,217.15,,217.15,217.149994,175.66,124.42,217.15
2026-08-13T20:00Z,233.38,233.38,233.38,233.38,233.38,233.38,216.2,191.0,233.38,233.380005,169.12,140.12,233.38
2026-08-13T20:15Z,215.51,215.51,215.51,215.51,215.51,215.51,164.26,,215.51,215.520004,166.36,128.1,215.51
2026-08-13T20:30Z,212.01,212.01,212.01,212.01,212.01,212.01,145.9,,212.01,212.020004,164.63,120.47,212.01
2026-08-13T20:45Z,193.03,193.03,193.03,193.03,193.03,193.03,137.78,,193.03,193.039993,164.33,113.82,193.03
2026-08-13T21:00Z,190.84,194.0,194.0,187.43,194.91,191.54,145.89,169.29,190.42,190.690002,160.29,129.99,194.0
2026-08-13T21:15Z,179.71,187.66,187.66,171.1,189.96,181.47,169.01,,178.63,179.309998,159.24,106.28,187.66
2026-08-13T21:30Z,172.93,186.66,186.66,159.15,190.1,180.04,171.24,,170.98,171.729996,158.84,100.01,186.66
2026-08-13T21:45Z,161.21,168.73,185.4,153.57,170.66,164.74,160.57,,160.15,160.610001,155.32,97.32,168.73
2026-08-13T22:00Z,168.41,181.16,184.02,156.94,183.9,177.7,165.01,164.25,166.6,163.610001,161.78,124.08,185.0
2026-08-13T22:15Z,159.2,159.2,183.02,159.2,159.2,159.2,159.2,,159.2,159.210007,154.42,113.98,185.0
2026-08-13T22:30Z,156.53,156.53,181.26,156.53,156.53,156.53,156.53,,156.53,156.539993,151.81,111.67,179.88
2026-08-13T22:45Z,151.33,151.33,179.02,151.33,151.33,151.33,151.33,,151.33,151.339996,146.83,84.07,175.0
2026-08-13T23:00Z,159.66,175.19,182.02,143.48,179.62,163.2,161.35,156.8,157.62,158.960007,152.79,116.06,182.06
2026-08-13T23:15Z,152.81,152.81,180.14,152.81,152.81,152.81,152.81,,152.81,152.820007,148.08,107.7,179.3
2026-08-13T23:30Z,148.62,148.62,178.56,148.62,148.62,148.62,148.62,,148.62,148.630005,144.01,104.99,175.0
2026-08-13T23:45Z,146.35,146.35,176.98,146.35,146.35,146.35,146.35,,146.35,146.360001,141.86,79.05,170.16
2026-08-14T00:00Z,147.4,147.4,183.02,147.4,147.4,147.4,147.4,149.86,147.4,147.410004,142.99,104.58,179.63
2026-08-14T00:15Z,146.34,146.34,182.69,146.34,146.34,146.34,146.34,,146.34,146.339996,141.91,98.83,170.37
2026-08-14T00:30Z,146.31,146.31,182.02,146.31,146.31,146.31,146.31,,146.31,146.309998,141.95,79.28,165.0
2026-08-14T00:45Z,142.87,142.87,182.02,142.87,142.87,142.87,142.87,,142.87,142.880005,139.97,63.91,165.0
2026-08-14T01:00Z,143.09,143.09,175.0,143.09,143.09,143.09,143.09,147.19,143.09,143.100006,140.17,93.52,165.0
2026-08-14T01:15Z,141.62,141.62,175.0,141.62,141.62,141.62,141.62,,141.62,141.630005,138.6,79.01,175.0
2026-08-14T01:30Z,141.68,141.68,175.0,141.68,141.68,141.68,141.68,,141.68,141.679993,138.55,83.18,172.21
2026-08-14T01:45Z,141.81,141.81,175.0,141.81,141.81,141.81,141.81,,141.81,141.820007,138.64,77.96,161.79
2026-08-14T02:00Z,140.0,140.0,173.16,140.0,140.0,140.0,140.0,148.59,140.0,140.009995,135.8,103.95,178.0
2026-08-14T02:15Z,142.55,142.55,170.0,142.55,142.55,142.55,142.55,,142.55,142.559998,138.25,99.99,163.78
2026-08-14T02:30Z,145.65,145.65,170.0,145.65,145.65,145.65,145.65,,145.65,145.929993,141.25,102.05,160.17
2026-08-14T02:45Z,147.43,147.43,170.0,147.43,147.43,147.43,147.43,,147.43,146.720001,143.0,102.36,161.61
2026-08-14T03:00Z,145.86,145.86,165.96,145.86,145.86,145.86,145.86,158.0,145.86,146.320007,141.49,59.24,165.0
2026-08-14T03:15Z,152.23,152.23,170.0,152.23,152.23,152.23,152.23,,152.23,152.240005,147.64,79.77,175.0
2026-08-14T03:30Z,157.69,157.69,175.0,157.69,157.69,157.69,157.69,,157.69,157.699997,152.99,94.73,165.0
2026-08-14T03:45Z,163.01,163.01,175.4,163.01,163.01,163.01,163.01,,163.01,163.020004,159.39,110.0,163.41
2026-08-14T04:00Z,168.9,168.9,168.9,168.9,168.9,168.9,168.9,171.18,168.9,168.910004,162.62,91.02,185.63
2026-08-14T04:15Z,172.48,172.48,175.0,172.48,172.48,172.48,172.48,,172.48,172.490005,166.4,109.99,184.0
2026-08-14T04:30Z,173.14,173.14,175.4,173.14,173.14,173.14,173.14,,173.14,173.149994,167.44,119.09,180.75
2026-08-14T04:45Z,173.32,173.32,177.14,173.32,173.32,173.32,173.32,,173.32,173.320007,168.13,116.92,175.49
2026-08-14T05:00Z,178.27,178.27,180.14,178.27,178.27,178.27,178.27,171.81,178.27,178.279999,169.82,110.42,178.27
2026-08-14T05:15Z,175.01,175.01,182.02,175.01,175.01,175.01,175.01,,175.01,175.009995,168.82,111.83,175.01
2026-08-14T05:30Z,168.05,168.05,182.02,168.05,168.05,168.05,168.05,,168.05,168.050003,164.55,115.69,168.05
2026-08-14T05:45Z,159.0,159.0,180.14,159.0,159.0,159.0,159.0,,159.0,159.009995,157.13,120.83,159.0
2026-08-14T06:00Z,173.0,184.0,184.02,159.34,186.9,175.5,174.07,158.4,171.16,172.160004,163.29,107.53,184.0
2026-08-14T06:15Z,161.61,165.0,168.59,157.41,165.89,162.39,161.94,,161.05,160.660004,155.53,110.01,165.0
2026-08-14T06:30Z,145.6,145.6,145.6,145.6,145.6,145.6,145.6,,145.6,146.300003,140.36,110.37,150.83
2026-08-14T06:45Z,127.13,127.13,127.13,127.13,127.13,127.13,127.13,,127.13,128.910004,133.0,101.68,148.4
2026-08-14T07:00Z,156.43,163.18,163.18,154.46,165.78,158.05,157.25,133.32,155.99,153.190002,149.6,109.99,163.18
2026-08-14T07:15Z,138.08,153.0,153.0,149.98,163.94,141.46,141.21,,138.74,140.350006,139.97,104.76,153.0
2026-08-14T07:30Z,125.0,135.46,135.46,135.06,143.73,125.29,120.9,,127.28,125.900002,134.63,93.93,146.93
2026-08-14T07:45Z,121.29,123.01,100.27,125.59,126.15,113.56,101.33,,127.63,124.419998,131.79,71.86,137.29
2026-08-14T08:00Z,124.62,147.81,119.0,144.9,165.01,131.73,121.19,113.14,124.83,122.580002,129.99,71.55,155.0
2026-08-14T08:15Z,112.1,139.65,100.0,136.16,160.0,120.92,107.07,,112.31,111.849998,118.77,49.0,154.85
2026-08-14T08:30Z,100.35,114.63,95.23,113.01,125.56,103.24,102.04,,100.66,100.730003,105.78,40.5,145.99
2026-08-14T08:45Z,80.78,81.76,81.76,81.65,82.51,80.97,80.89,,80.8,80.800003,83.39,29.72,140.0
2026-08-14T09:00Z,97.42,109.69,78.91,99.47,122.5,100.12,97.28,68.35,96.35,96.830002,99.45,54.66,116.0
2026-08-14T09:15Z,70.02,95.93,41.7,74.37,122.78,76.49,67.8,,67.69,68.559998,69.87,45.0,128.17
2026-08-14T09:30Z,56.96,70.61,38.77,59.34,83.02,66.62,39.8,,55.08,54.360001,64.54,43.21,140.23
2026-08-14T09:45Z,30.06,63.77,38.55,35.74,98.33,39.82,23.73,,26.88,25.549999,64.75,25.39,136.0
2026-08-14T10:00Z,44.72,75.01,50.0,50.08,104.86,56.35,31.44,43.5,41.88,44.990002,69.31,44.71,136.48
2026-08-14T10:15Z,26.99,52.67,44.71,31.91,77.27,39.07,8.0,,25.53,28.76,67.97,28.59,140.0
2026-08-14T10:30Z,18.28,38.77,38.77,25.7,58.38,24.08,9.92,,19.44,26.620001,67.7,27.31,137.0
2026-08-14T10:45Z,10.01,35.57,35.57,21.77,57.93,20.5,3.4,,13.53,25.65,67.61,25.5,135.0
2026-08-14T11:00Z,10.02,37.1,37.1,25.0,56.67,29.87,6.83,29.41,16.24,32.200001,67.14,32.36,136.0
2026-08-14T11:15Z,11.06,36.55,36.55,22.62,55.82,29.37,13.99,,15.08,26.200001,67.67,30.01,140.26
2026-08-14T11:30Z,10.07,30.0,30.0,19.25,45.08,23.7,18.23,,13.3,21.92,68.07,28.94,136.0
2026-08-14T11:45Z,0.86,30.01,30.01,19.13,50.58,20.44,11.01,,9.1,28.360001,65.6,28.55,140.57
2026-08-14T12:00Z,0.01,44.14,44.14,15.2,65.12,30.11,17.83,57.05,6.94,25.040001,66.76,24.9,145.99
2026-08-14T12:15Z,7.41,50.14,50.14,18.04,69.45,36.77,25.71,,11.9,25.030001,67.73,24.88,147.62
2026-08-14T12:30Z,17.81,50.0,50.0,20.0,63.2,40.32,33.55,,17.2,19.41,65.05,32.6,133.76
2026-08-14T12:45Z,43.99,58.16,58.16,42.78,63.32,53.9,50.91,,43.55,47.18,67.47,46.89,133.76
2026-08-14T13:00Z,25.09,59.56,59.56,23.39,72.56,49.24,41.93,76.33,24.27,23.32,84.05,23.17,138.11
2026-08-14T13:15Z,56.56,64.29,64.29,54.73,66.78,61.98,60.33,,56.26,56.740002,77.66,37.26,142.23
2026-08-14T13:30Z,80.0,80.0,80.0,80.0,80.0,80.0,80.0,,80.0,80.0,85.16,50.56,156.66
2026-08-14T13:45Z,101.51,101.51,84.25,101.51,101.51,101.51,101.51,,101.51,101.510002,105.9,59.72,155.0
2026-08-14T14:00Z,87.0,87.0,84.25,87.0,87.0,87.0,87.0,112.0,87.0,86.989998,106.24,29.91,155.0
2026-08-14T14:15Z,108.58,108.58,88.89,108.58,108.58,108.58,108.58,,108.58,108.580002,119.61,33.49,171.86
2026-08-14T14:30Z,124.96,124.96,92.96,124.96,124.96,124.96,124.96,,124.96,124.959999,134.81,37.81,170.82
2026-08-14T14:45Z,144.74,144.74,95.06,144.74,144.74,144.74,144.74,,144.74,144.740005,139.7,62.78,183.54
2026-08-14T15:00Z,124.21,124.21,100.27,124.21,124.21,124.21,124.21,147.28,124.21,124.199997,135.92,26.02,172.0
2026-08-14T15:15Z,136.78,136.78,102.5,136.78,136.78,136.78,136.78,,136.78,136.779999,141.09,59.53,185.63
2026-08-14T15:30Z,147.72,147.72,114.0,147.72,147.72,147.72,147.72,,147.72,147.720001,145.08,104.01,155.1
2026-08-14T15:45Z,165.91,165.91,123.8,165.91,165.91,165.91,165.91,,165.91,165.899994,158.46,108.18,165.91
2026-08-14T16:00Z,149.99,149.99,112.0,149.99,149.99,149.99,149.99,197.63,149.99,149.929993,152.11,58.09,164.99
2026-08-14T16:15Z,172.96,172.96,130.19,172.96,172.96,172.96,172.96,,172.96,172.960007,164.18,104.93,184.93
2026-08-14T16:30Z,186.1,186.17,130.19,186.11,186.12,187.9,186.63,,186.12,186.149994,172.35,111.61,199.1
2026-08-14T16:45Z,210.91,210.98,159.32,210.92,210.93,212.64,211.42,,210.93,210.960007,199.99,121.16,210.98
2026-08-14T17:00Z,199.1,199.1,132.42,199.1,199.1,199.1,199.1,257.23,199.1,199.100006,171.68,116.99,199.1
2026-08-14T17:15Z,225.19,225.19,157.29,225.19,225.19,225.19,225.19,,225.19,225.190002,171.58,111.88,225.19
2026-08-14T17:30Z,259.46,250.01,173.56,258.82,255.83,257.59,258.73,,259.72,259.519989,171.65,109.73,250.01
2026-08-14T17:45Z,303.49,280.08,183.19,301.9,294.5,298.85,301.68,,304.12,303.649994,171.94,108.08,280.08
2026-08-14T18:00Z,273.8,240.0,176.0,271.5,260.78,267.07,271.16,255.0,274.7,274.019989,169.17,115.68,240.0
2026-08-14T18:15Z,271.98,250.87,185.52,270.54,263.85,267.78,270.33,,272.54,272.119995,170.28,110.96,250.87
2026-08-14T18:30Z,259.13,259.13,216.01,259.13,259.13,259.13,259.13,,259.13,259.140015,169.92,108.61,259.13
2026-08-14T18:45Z,249.99,249.99,233.02,249.99,249.99,249.99,249.99,,249.99,250.0,169.48,107.32,249.99
2026-08-14T19:00Z,252.5,252.5,252.5,252.5,252.5,252.5,243.81,232.03,252.5,252.5,167.58,104.99,252.5
2026-08-14T19:15Z,234.83,234.83,234.83,234.83,234.83,234.83,196.88,,234.83,234.839996,167.43,99.99,234.83
2026-08-14T19:30Z,229.0,229.0,229.0,229.0,229.0,229.0,205.41,,229.0,229.0,167.39,70.0,229.0
2026-08-14T19:45Z,209.95,209.95,209.95,209.95,209.95,209.95,209.95,,209.95,209.949997,167.25,44.3,209.95
2026-08-14T20:00Z,212.33,212.33,212.33,212.33,212.33,212.33,189.5,208.41,212.33,212.330002,166.3,44.97,212.33
2026-08-14T20:15Z,198.29,198.29,198.29,198.29,198.29,198.29,178.47,,198.29,198.289993,166.09,28.6,198.29
2026-08-14T20:30Z,194.0,194.0,194.0,194.0,194.0,194.0,194.0,,194.0,194.0,165.88,20.3,194.0
2026-08-14T20:45Z,187.38,187.38,187.38,187.38,187.38,187.38,187.38,,187.38,187.380005,165.41,16.68,187.38
2026-08-14T21:00Z,186.06,186.06,186.06,186.06,186.06,186.06,186.06,180.83,186.06,186.059998,164.0,27.89,186.06
2026-08-14T21:15Z,182.02,182.02,182.02,182.02,182.02,182.02,182.02,,182.02,182.020004,163.5,22.83,182.02
2026-08-14T21:30Z,175.0,175.0,175.0,175.0,175.0,175.0,175.0,,175.0,175.0,163.1,18.9,175.0
2026-08-14T21:45Z,166.99,166.99,166.99,166.99,166.99,166.99,166.99,,166.99,166.990005,161.85,16.02,166.99
2026-08-14T22:00Z,177.73,177.73,186.49,177.73,177.73,177.73,177.73,167.0,177.73,174.520004,158.11,22.64,177.73
2026-08-14T22:15Z,170.01,170.01,182.69,170.01,170.01,170.01,170.01,,170.01,170.009995,157.97,15.6,177.0
2026-08-14T22:30Z,168.58,168.58,176.82,168.58,168.58,168.58,168.58,,168.58,168.580002,157.8,13.9,175.0
2026-08-14T22:45Z,161.47,161.47,170.0,161.47,161.47,161.47,161.47,,161.47,161.470001,156.86,11.18,161.47
2026-08-14T23:00Z,170.01,170.01,180.0,170.01,170.01,170.01,170.01,160.32,170.01,170.0,157.59,18.78,192.06
2026-08-14T23:15Z,161.32,161.32,174.83,161.32,161.32,161.32,161.32,,161.32,161.320007,156.73,16.25,190.39
2026-08-14T23:30Z,161.49,161.49,170.13,161.49,161.49,161.49,161.49,,161.49,161.479996,156.57,16.72,180.67
2026-08-14T23:45Z,156.77,156.77,169.1,156.77,156.77,156.77,156.77,,156.77,156.770004,152.58,15.11,166.0
2026-08-15T00:00Z,158.96,158.96,185.0,158.96,158.96,158.96,158.96,156.8,158.96,158.960007,154.41,16.41,186.22
2026-08-15T00:15Z,157.64,157.64,182.69,157.64,157.64,157.64,157.64,,157.64,157.639999,153.12,16.44,190.39
2026-08-15T00:30Z,156.73,156.73,176.0,156.73,156.73,156.73,156.73,,156.73,156.729996,152.23,16.06,186.22
2026-08-15T00:45Z,154.28,154.28,171.07,154.28,154.28,154.28,154.28,,154.28,154.270004,149.83,14.76,188.0
2026-08-15T01:00Z,156.79,156.79,169.1,156.79,156.79,156.79,156.79,155.0,156.79,156.789993,152.29,14.81,184.89
2026-08-15T01:15Z,157.63,157.63,163.83,157.63,157.63,157.63,157.63,,157.63,157.630005,153.11,15.17,161.47
2026-08-15T01:30Z,156.77,156.77,160.4,156.77,156.77,156.77,156.77,,156.77,156.770004,152.27,16.13,180.93
2026-08-15T01:45Z,156.56,156.56,160.4,156.56,156.56,156.56,156.56,,156.56,156.559998,152.06,14.73,171.79
2026-08-15T02:00Z,155.37,155.37,155.37,155.37,155.37,155.37,155.37,151.78,155.37,155.369995,150.91,15.64,156.5
2026-08-15T02:15Z,154.18,154.18,154.18,154.18,154.18,154.18,154.18,,154.18,154.179993,149.74,15.93,156.48
2026-08-15T02:30Z,154.37,154.37,154.37,154.37,154.37,154.37,154.37,,154.37,154.369995,149.92,15.3,156.48
2026-08-15T02:45Z,154.14,154.14,154.14,154.14,154.14,154.14,154.14,,154.14,154.139999,149.7,15.82,156.48
2026-08-15T03:00Z,149.49,149.49,149.49,149.49,149.49,149.49,149.49,153.26,149.49,149.490005,145.15,13.88,149.49
2026-08-15T03:15Z,150.4,150.4,150.4,150.4,150.4,150.4,150.4,,150.4,150.399994,146.04,14.11,152.7
2026-08-15T03:30Z,155.12,155.12,155.12,155.12,155.12,155.12,155.12,,155.12,155.119995,150.66,16.07,155.12
2026-08-15T03:45Z,160.36,160.36,160.36,160.36,160.36,160.36,160.36,,160.36,160.360001,153.45,19.92,160.36
2026-08-15T04:00Z,164.51,164.51,182.0,164.51,164.51,164.51,164.51,153.8,164.51,164.509995,152.95,16.42,186.27
2026-08-15T04:15Z,162.85,162.85,186.49,162.85,162.85,162.85,162.85,,162.85,162.850006,153.18,19.64,192.75
2026-08-15T04:30Z,155.59,155.59,186.49,155.59,155.59,155.59,155.59,,155.59,155.589996,151.11,22.51,191.12
2026-08-15T04:45Z,144.98,144.98,186.49,144.98,144.98,144.98,144.98,,144.98,144.979996,145.52,25.56,189.86
2026-08-15T05:00Z,170.91,170.91,186.49,170.91,170.91,170.91,170.91,146.17,170.91,170.910004,156.89,14.32,180.1
2026-08-15T05:15Z,161.14,161.14,182.0,161.14,161.14,161.14,161.14,,161.14,159.889999,154.5,19.07,178.42
2026-08-15T05:30Z,147.83,147.83,175.0,147.83,147.83,147.83,147.83,,147.83,145.169998,145.55,27.11,172.27
2026-08-15T05:45Z,127.86,130.86,170.0,137.37,134.65,113.55,81.64,,139.83,137.309998,143.0,36.71,156.49
2026-08-15T06:00Z,163.9,163.9,170.43,163.9,163.9,163.9,163.9,128.49,163.9,161.610001,151.32,21.77,163.9
2026-08-15T06:15Z,150.75,152.56,155.0,155.99,154.64,143.04,125.69,,157.26,153.770004,151.92,25.27,152.56
2026-08-15T06:30Z,125.09,135.46,135.46,146.05,145.76,102.22,47.45,,147.29,132.809998,142.6,34.2,140.0
2026-08-15T06:45Z,109.39,120.79,120.79,133.17,132.83,86.04,29.4,,133.42,117.760002,131.35,24.03,150.25
2026-08-15T07:00Z,138.87,140.28,140.28,143.65,142.27,131.66,115.97,105.26,144.77,140.880005,137.46,42.45,163.85
2026-08-15T07:15Z,112.64,117.41,100.8,129.34,124.51,86.74,30.78,,136.42,120.300003,131.62,26.1,143.19
2026-08-15T07:30Z,97.65,109.33,89.98,113.86,111.72,39.0,3.04,,121.04,99.760002,117.34,15.17,140.0
2026-08-15T07:45Z,89.54,99.31,79.75,105.28,102.65,39.4,0.0,,113.77,93.050003,115.4,14.86,130.12
2026-08-15T08:00Z,99.64,106.45,64.0,118.64,113.87,65.35,7.77,76.9,133.94,109.589996,113.94,26.02,106.45
2026-08-15T08:15Z,69.72,74.56,32.8,85.72,81.4,45.01,-5.88,,99.48,79.0,109.58,24.01,100.0
2026-08-15T08:30Z,44.52,47.38,10.5,53.95,51.4,29.97,0.0,,62.05,49.990002,83.61,28.22,72.96
2026-08-15T08:45Z,30.1,32.29,3.43,36.81,34.93,19.67,-1.88,,42.67,34.02,58.08,20.21,68.63
2026-08-15T09:00Z,33.63,36.16,2.0,40.77,38.86,23.24,1.17,17.72,46.79,37.939999,54.42,37.22,49.29
2026-08-15T09:15Z,25.75,27.67,1.08,31.16,29.72,17.88,1.17,,35.72,29.01,54.37,28.32,76.43
2026-08-15T09:30Z,15.47,18.9,1.08,20.99,22.42,12.45,4.75,,19.96,16.950001,54.56,16.78,78.28
2026-08-15T09:45Z,10.01,25.81,1.08,24.4,40.0,11.77,0.14,,13.08,13.0,54.66,13.0,76.0
2026-08-15T10:00Z,5.83,33.04,0.54,25.21,55.04,11.15,1.17,7.98,8.88,18.24,54.11,18.24,56.02
2026-08-15T10:15Z,4.37,21.64,0.51,12.6,34.99,7.77,0.06,,7.0,14.77,53.55,14.77,59.52
2026-08-15T10:30Z,3.76,15.0,0.51,9.97,23.78,5.76,0.0,,6.61,13.93,53.21,13.93,60.0
2026-08-15T10:45Z,3.51,10.03,0.71,7.61,15.0,5.24,-1.22,,5.68,11.0,53.28,11.0,60.0
2026-08-15T11:00Z,0.97,14.11,0.77,8.54,33.81,2.49,0.0,9.0,3.26,10.09,52.61,10.09,60.0
2026-08-15T11:15Z,0.58,11.59,1.0,7.74,27.0,1.72,-0.59,,3.14,10.0,52.62,10.0,60.0
2026-08-15T11:30Z,1.31,4.08,1.08,4.19,6.45,1.52,0.13,,2.81,6.25,52.58,9.79,60.0
2026-08-15T11:45Z,1.17,3.62,1.08,3.73,5.74,1.25,0.46,,2.5,5.53,52.26,8.85,60.0
2026-08-15T12:00Z,0.6,18.73,1.08,6.9,32.69,3.17,0.0,4.5,2.74,9.86,52.0,9.86,75.0
2026-08-15T12:15Z,3.7,4.9,1.08,4.82,5.64,4.79,0.13,,4.3,5.89,51.78,10.0,56.0
2026-08-15T12:30Z,5.02,5.22,1.08,5.23,5.38,5.03,4.97,,5.12,5.56,51.22,10.0,50.0
2026-08-15T12:45Z,7.96,7.96,1.08,7.96,7.96,7.96,7.96,,7.96,8.04,51.36,10.0,52.0
2026-08-15T13:00Z,7.66,7.66,1.08,7.66,7.66,7.66,7.66,10.5,7.66,7.72,53.03,9.03,81.31
2026-08-15T13:15Z,9.97,9.97,1.15,9.97,9.97,9.97,9.97,,9.97,10.16,52.88,10.16,100.0
2026-08-15T13:30Z,16.08,16.08,1.51,16.08,16.08,16.08,16.08,,16.08,16.08,52.03,16.08,116.66
2026-08-15T13:45Z,26.68,26.68,2.0,26.68,26.68,26.68,26.68,,26.68,26.68,52.26,26.68,116.4
2026-08-15T14:00Z,22.35,22.35,2.16,22.35,22.35,22.35,22.35,52.89,22.35,22.17,52.19,13.9,134.52
2026-08-15T14:15Z,40.78,40.78,2.01,40.78,40.78,40.78,40.78,,40.78,40.779999,57.66,16.55,155.86
2026-08-15T14:30Z,92.29,92.29,2.99,92.29,92.29,92.29,92.29,,92.29,92.290001,102.01,24.0,141.03
2026-08-15T14:45Z,118.93,118.93,15.01,118.93,118.93,118.93,118.93,,118.93,118.93,112.74,48.17,148.34
2026-08-15T15:00Z,94.58,94.58,39.2,94.58,94.58,94.58,94.58,124.26,94.58,94.580002,113.52,13.34,152.7
2026-08-15T15:15Z,113.44,113.44,79.75,113.44,113.44,113.44,113.44,,113.44,113.440002,117.42,19.0,163.0
2026-08-15T15:30Z,146.31,146.31,80.4,146.31,146.31,146.31,146.31,,146.31,146.309998,132.65,38.36,150.46
2026-08-15T15:45Z,167.52,168.0,89.73,168.22,168.08,167.79,167.62,,162.41,165.410004,143.45,62.42,168.0
2026-08-15T16:00Z,149.7,149.72,91.23,149.73,149.72,149.71,149.7,158.0,149.45,150.830002,145.13,25.36,157.13
2026-08-15T16:15Z,160.17,160.58,109.0,160.78,160.65,160.58,160.26,,154.98,159.169998,149.94,36.93,160.58
2026-08-15T16:30Z,174.54,175.27,129.5,175.63,175.39,175.27,174.7,,165.43,172.759995,152.58,49.91,183.0
2026-08-15T16:45Z,173.64,174.72,163.85,175.26,174.9,174.72,173.88,,159.96,165.339996,153.7,45.9,181.27
2026-08-15T17:00Z,163.07,163.07,150.0,163.07,163.07,163.07,163.07,170.59,163.07,168.710007,155.45,59.6,183.32
2026-08-15T17:15Z,172.0,172.04,172.04,172.06,172.05,172.01,171.99,,171.39,171.869995,156.27,35.99,182.09
2026-08-15T17:30Z,185.69,185.73,185.73,185.75,185.74,185.71,185.69,,185.13,185.580002,156.37,25.31,197.0
2026-08-15T17:45Z,199.1,199.1,199.1,199.1,199.1,199.1,199.1,,199.1,199.100006,156.46,20.29,199.1
2026-08-15T18:00Z,173.38,173.38,173.38,173.38,173.38,173.38,173.38,174.89,173.38,173.380005,156.65,58.23,191.41
2026-08-15T18:15Z,182.92,182.92,182.92,182.92,182.92,182.92,182.92,,182.92,182.919998,156.7,30.11,206.08
2026-08-15T18:30Z,189.49,189.49,189.49,189.49,189.49,189.49,189.49,,189.49,189.490005,156.66,19.57,206.6
2026-08-15T18:45Z,194.17,194.17,194.17,194.17,194.17,194.17,194.17,,194.17,194.169998,156.65,12.81,202.42
2026-08-15T19:00Z,190.79,190.79,190.79,190.79,190.79,190.79,190.79,174.79,190.79,190.789993,156.44,40.65,218.0
2026-08-15T19:15Z,186.25,186.25,204.4,186.25,186.25,186.25,186.25,,186.25,186.25,156.42,26.03,216.5
2026-08-15T19:30Z,179.59,179.59,209.95,179.59,179.59,179.59,179.59,,179.59,179.589996,156.39,19.15,200.4
2026-08-15T19:45Z,176.74,176.74,208.95,176.74,176.74,176.74,176.74,,176.74,176.740005,156.34,10.01,199.1
2026-08-15T20:00Z,189.45,189.45,204.4,189.45,189.45,189.45,189.45,172.41,189.45,189.449997,156.1,24.7,218.0
2026-08-15T20:15Z,179.87,179.87,200.0,179.87,179.87,179.87,179.87,,179.87,179.869995,155.95,13.97,218.0
2026-08-15T20:30Z,178.01,178.01,189.99,178.01,178.01,178.01,178.01,,178.01,178.009995,155.82,9.68,212.46
2026-08-15T20:45Z,171.04,171.04,189.49,171.04,171.04,171.04,171.04,,171.04,171.039993,155.72,6.98,186.22
2026-08-15T21:00Z,186.99,186.99,189.49,186.99,186.99,186.99,186.99,165.0,186.99,186.990005,155.25,9.9,216.5
2026-08-15T21:15Z,170.41,170.41,187.88,170.41,170.41,170.41,170.41,,170.41,170.410004,155.08,7.6,193.57
2026-08-15T21:30Z,173.52,173.52,186.49,173.52,173.52,173.52,173.52,,173.52,173.520004,154.83,6.85,184.89
2026-08-15T21:45Z,165.04,165.04,180.0,165.04,165.04,165.04,165.04,,165.04,165.039993,153.51,6.07,165.04
2026-08-15T22:00Z,188.25,188.25,198.42,188.25,188.25,188.25,188.25,163.1,188.25,188.25,155.81,13.77,188.25
2026-08-15T22:15Z,175.26,175.26,191.1,175.26,175.26,175.26,175.26,,175.26,175.259995,155.64,10.63,184.89
2026-08-15T22:30Z,168.8,168.8,188.27,168.8,168.8,168.8,168.8,,168.8,168.800003,155.54,7.93,192.75
2026-08-15T22:45Z,164.94,164.94,188.27,164.94,164.94,164.94,164.94,,164.94,164.940002,155.43,6.97,190.39
2026-08-15T23:00Z,180.07,180.07,185.77,180.07,180.07,180.07,180.07,158.1,180.07,180.070007,155.39,7.65,216.5
2026-08-15T23:15Z,172.2,172.2,184.77,172.2,172.2,172.2,172.2,,172.2,172.190002,155.31,7.26,215.0
2026-08-15T23:30Z,164.94,164.94,180.4,164.94,164.94,164.94,164.94,,164.94,164.940002,155.26,7.01,190.39
2026-08-15T23:45Z,157.14,157.14,175.0,157.14,157.14,157.14,157.14,,157.14,157.139999,152.66,6.75,163.22
2026-08-16T00:00Z,163.0,163.0,182.69,163.0,163.0,163.0,163.0,155.0,163.0,163.0,155.46,7.61,186.22
2026-08-16T00:15Z,172.43,172.43,180.4,172.43,172.43,172.43,172.43,,172.43,172.429993,155.4,7.42,184.89
2026-08-16T00:30Z,167.97,167.97,176.8,167.97,167.97,167.97,167.97,,167.97,167.970001,155.37,6.95,180.5
2026-08-16T00:45Z,157.92,157.92,174.91,157.92,157.92,157.92,157.92,,157.92,157.919998,153.42,6.88,184.89
2026-08-16T01:00Z,160.34,160.34,184.77,160.34,160.34,160.34,160.34,150.0,160.34,160.339996,155.47,8.55,164.89
2026-08-16T01:15Z,157.45,157.45,182.69,157.45,157.45,157.45,157.45,,157.45,157.449997,152.95,8.17,161.61
2026-08-16T01:30Z,156.85,156.85,180.4,156.85,156.85,156.85,156.85,,156.85,156.850006,152.36,8.04,178.0
2026-08-16T01:45Z,155.5,155.5,180.0,155.5,155.5,155.5,155.5,,155.5,155.5,151.05,7.63,155.5
2026-08-16T02:00Z,158.41,158.41,171.44,158.41,158.41,158.41,158.41,148.41,158.41,158.410004,153.89,7.62,158.41
2026-08-16T02:15Z,155.77,155.77,167.94,155.77,155.77,155.77,155.77,,155.77,155.770004,151.31,7.53,155.77
2026-08-16T02:30Z,156.45,156.45,165.02,156.45,156.45,156.45,156.45,,156.45,156.449997,151.98,6.95,156.45
2026-08-16T02:45Z,156.97,156.97,164.5,156.97,156.97,156.97,156.97,,156.97,156.970001,152.49,6.95,156.97
2026-08-16T03:00Z,151.91,151.91,161.32,151.91,151.91,151.91,151.91,152.0,151.91,151.910004,147.54,6.75,151.91
2026-08-16T03:15Z,154.76,154.76,161.32,154.76,154.76,154.76,154.76,,154.76,154.759995,150.33,6.89,159.5
2026-08-16T03:30Z,160.0,160.0,164.58,160.0,160.0,160.0,160.0,,160.0,160.0,155.45,6.95,171.87
2026-08-16T03:45Z,161.11,161.11,165.59,161.11,161.11,161.11,161.11,,161.11,161.100006,155.72,6.95,176.72
2026-08-16T04:00Z,161.2,161.2,161.2,161.2,161.2,161.2,161.2,154.98,161.2,161.199997,154.21,6.06,186.22
2026-08-16T04:15Z,160.0,160.0,160.0,160.0,160.0,160.0,160.0,,160.0,160.0,154.23,6.1,178.0
2026-08-16T04:30Z,153.58,153.58,157.41,153.58,153.58,153.58,153.58,,153.58,153.580002,149.17,6.27,178.0
2026-08-16T04:45Z,151.62,151.62,157.41,151.62,151.62,151.62,151.62,,151.62,151.619995,147.25,6.54,177.78
2026-08-16T05:00Z,160.0,160.0,160.0,160.0,160.0,160.0,160.0,150.38,160.0,160.0,155.43,6.3,160.1
2026-08-16T05:15Z,154.6,154.6,154.6,154.6,154.6,154.6,154.6,,154.6,154.600006,150.18,6.64,155.4
2026-08-16T05:30Z,147.33,147.33,156.2,147.33,147.33,147.33,147.33,,147.33,147.330002,143.05,6.45,147.33
2026-08-16T05:45Z,139.55,139.55,163.55,139.55,139.55,139.55,139.55,,139.55,139.550003,139.94,6.95,141.9
2026-08-16T06:00Z,170.45,170.45,185.77,170.45,170.45,170.45,170.45,141.09,170.45,170.440002,156.76,6.95,170.45
2026-08-16T06:15Z,154.5,154.5,175.0,154.5,154.5,154.5,154.5,,154.5,154.5,151.77,6.95,154.5
2026-08-16T06:30Z,137.97,139.38,139.38,139.91,139.66,124.89,124.47,,140.41,137.880005,139.35,6.95,145.58
2026-08-16T06:45Z,120.41,121.38,121.38,121.87,121.66,110.25,110.43,,122.61,120.400002,127.31,6.75,135.23
2026-08-16T07:00Z,148.0,148.0,148.0,148.0,148.0,148.0,148.0,128.34,148.0,148.0,143.0,6.95,163.22
2026-08-16T07:15Z,126.04,126.04,100.0,126.04,126.04,126.04,126.04,,126.04,126.040001,127.64,6.58,153.6
2026-08-16T07:30Z,115.38,115.57,89.4,115.44,115.5,114.48,114.72,,115.33,114.510002,119.02,6.88,132.21
2026-08-16T07:45Z,108.04,110.88,55.0,109.74,110.29,91.83,92.91,,108.8,106.839996,112.29,6.83,132.21
2026-08-16T08:00Z,115.16,115.16,38.77,115.16,115.16,115.16,115.16,98.0,115.16,115.160004,111.59,6.83,115.16
2026-08-16T08:15Z,107.57,107.57,5.01,107.57,107.57,107.57,107.57,,107.57,107.57,106.85,6.39,107.57
2026-08-16T08:30Z,83.87,83.87,1.5,83.87,83.87,83.87,83.87,,83.87,83.870003,97.97,6.16,83.87
2026-08-16T08:45Z,81.0,81.0,1.08,81.0,81.0,81.0,81.0,,81.0,81.0,83.59,6.14,81.0
2026-08-16T09:00Z,74.9,74.9,0.51,74.9,74.9,74.9,74.9,65.81,74.9,74.900002,77.3,6.17,74.9
2026-08-16T09:15Z,58.79,58.79,0.01,58.79,58.79,58.79,58.79,,58.79,58.790001,60.67,6.05,58.79
2026-08-16T09:30Z,59.32,59.32,0.0,59.32,59.32,59.32,59.32,,59.32,59.32,61.22,5.94,95.3
2026-08-16T09:45Z,51.91,51.91,0.0,51.91,51.91,51.91,51.91,,51.91,51.91,56.99,5.71,100.09
2026-08-16T10:00Z,56.02,56.02,0.0,56.02,56.02,56.02,56.02,50.35,56.02,56.02,57.82,5.92,68.6
2026-08-16T10:15Z,55.22,55.22,0.0,55.22,55.22,55.22,55.22,,55.22,55.220001,56.98,6.0,70.0
2026-08-16T10:30Z,39.99,39.99,0.0,39.99,39.99,39.99,39.99,,39.99,39.990002,56.77,6.0,71.0
2026-08-16T10:45Z,22.89,22.89,0.0,22.89,22.89,22.89,22.89,,22.89,22.889999,56.86,5.99,71.0
2026-08-16T11:00Z,31.04,31.04,0.0,31.04,31.04,31.04,31.04,31.0,31.04,31.040001,56.41,6.04,71.0
2026-08-16T11:15Z,23.05,23.05,0.0,23.05,23.05,23.05,23.05,,23.05,23.049999,56.38,6.1,72.0
2026-08-16T11:30Z,25.02,25.02,0.0,25.02,25.02,25.02,25.02,,25.02,25.02,56.44,6.11,70.0
2026-08-16T11:45Z,30.24,30.24,0.01,30.24,30.24,30.24,30.24,,30.24,30.24,56.42,6.16,67.12
2026-08-16T12:00Z,25.29,25.29,0.44,25.29,25.29,25.29,25.29,33.12,25.29,25.290001,57.1,5.66,116.25
2026-08-16T12:15Z,29.99,29.99,0.51,29.99,29.99,29.99,29.99,,29.99,29.99,57.15,6.1,71.0
2026-08-16T12:30Z,39.9,39.9,0.51,39.9,39.9,39.9,39.9,,39.9,39.900002,57.04,6.18,63.43
2026-08-16T12:45Z,51.05,51.05,0.51,51.05,51.05,51.05,51.05,,51.05,51.049999,57.04,6.9,80.0
2026-08-16T13:00Z,48.3,48.3,0.66,48.3,48.3,48.3,48.3,64.08,48.3,48.299999,57.12,5.88,129.07
2026-08-16T13:15Z,63.63,63.63,0.66,63.63,63.63,63.63,63.63,,63.63,63.630001,65.66,6.13,140.47
2026-08-16T13:30Z,77.98,77.98,1.01,77.98,77.98,77.98,77.98,,77.98,77.980003,80.47,6.88,165.44
2026-08-16T13:45Z,80.9,80.9,1.08,80.9,80.9,80.9,80.9,,80.9,80.900002,97.96,7.61,165.42
2026-08-16T14:00Z,89.9,89.9,1.08,89.9,89.9,89.9,89.9,114.45,89.9,89.900002,104.17,6.2,157.05
2026-08-16T14:15Z,110.4,110.4,1.51,110.4,110.4,110.4,110.4,,110.4,110.400002,111.24,7.01,192.75
2026-08-16T14:30Z,117.97,117.97,2.76,117.97,117.97,117.97,117.97,,117.97,117.970001,116.5,9.96,174.57
2026-08-16T14:45Z,146.27,146.27,5.0,146.27,146.27,146.27,146.27,,146.27,146.270004,138.57,16.96,163.98
2026-08-16T15:00Z,118.12,118.12,16.57,118.12,118.12,118.12,118.12,143.76,118.12,118.120003,118.57,8.85,184.89
2026-08-16T15:15Z,133.05,133.05,40.41,133.05,133.05,133.05,133.05,,133.05,133.050003,143.0,14.24,184.89
2026-08-16T15:30Z,155.13,155.13,58.5,155.13,155.13,155.13,155.13,,155.13,155.130005,149.17,22.27,199.1
2026-08-16T15:45Z,175.0,175.0,82.61,175.0,175.0,175.0,175.0,,175.0,175.0,155.8,26.84,199.1
2026-08-16T16:00Z,155.0,155.0,90.0,155.0,155.0,155.0,155.0,169.1,155.0,155.0,152.33,15.42,187.13
2026-08-16T16:15Z,161.42,162.4,98.27,161.65,161.91,167.47,159.89,,161.26,160.960007,156.64,19.88,162.4
2026-08-16T16:30Z,175.09,175.78,100.4,175.18,175.36,185.61,176.69,,175.07,175.089996,157.51,25.41,184.89
2026-08-16T16:45Z,186.24,186.3,121.51,186.24,186.25,188.0,186.73,,186.24,186.279999,157.82,42.95,189.17
2026-08-16T17:00Z,172.2,172.2,121.51,172.2,172.2,172.2,172.2,189.95,172.2,172.199997,157.7,46.65,184.84
2026-08-16T17:15Z,181.6,181.6,170.0,181.6,181.6,181.6,181.6,,181.6,181.600006,157.78,34.44,192.75
2026-08-16T17:30Z,194.17,194.17,188.27,194.17,194.17,194.17,194.17,,194.17,194.179993,157.87,48.29,199.1
2026-08-16T17:45Z,203.91,203.91,203.91,203.91,203.91,203.91,203.91,,203.91,203.919998,157.92,62.98,203.91
2026-08-16T18:00Z,188.0,188.0,188.0,188.0,188.0,188.0,188.0,192.24,188.0,188.009995,158.0,58.88,188.0
2026-08-16T18:15Z,197.99,197.99,197.99,197.99,197.99,197.99,197.99,,197.99,198.0,158.03,58.94,197.99
2026-08-16T18:30Z,202.8,202.8,202.8,202.8,202.8,202.8,202.8,,202.8,202.809998,157.99,48.89,202.8
2026-08-16T18:45Z,211.28,211.28,211.28,211.28,211.28,211.28,211.28,,211.28,211.289993,157.98,50.69,211.28
2026-08-16T19:00Z,212.4,212.4,212.4,212.4,212.4,212.4,212.4,195.92,212.4,212.399994,157.69,48.23,212.4
2026-08-16T19:15Z,208.21,208.21,212.4,208.21,208.21,208.21,208.21,,208.21,208.210007,157.61,46.22,208.21
2026-08-16T19:30Z,202.99,202.99,212.4,202.99,202.99,202.99,202.99,,202.99,202.990005,157.61,36.62,202.99
2026-08-16T19:45Z,199.1,199.1,208.95,199.1,199.1,199.1,199.1,,199.1,199.100006,157.51,18.92,199.1
2026-08-16T20:00Z,215.04,215.04,215.04,215.04,215.04,215.04,215.04,190.0,215.04,215.050003,157.17,64.99,215.04
2026-08-16T20:15Z,210.95,210.95,210.95,210.95,210.95,210.95,210.95,,210.95,210.949997,157.07,33.57,210.95
2026-08-16T20:30Z,202.8,202.8,202.8,202.8,202.8,202.8,202.8,,202.8,202.800003,156.9,35.51,202.8
2026-08-16T20:45Z,197.35,197.35,197.35,197.35,197.35,197.35,197.35,,197.35,197.350006,156.79,16.39,197.35
2026-08-16T21:00Z,203.55,203.55,203.55,203.55,203.55,203.55,203.55,180.64,203.55,203.559998,156.72,57.29,203.55
2026-08-16T21:15Z,194.0,194.0,194.0,194.0,194.0,194.0,194.0,,194.0,194.0,156.67,31.73,194.0
2026-08-16T21:30Z,188.27,188.27,188.27,188.27,188.27,188.27,188.27,,188.27,188.270004,156.56,20.23,188.27
2026-08-16T21:45Z,184.77,184.77,184.77,184.77,184.77,184.77,184.77,,184.77,184.770004,156.18,10.01,184.77
2026-08-16T22:00Z,205.0,205.0,205.0,205.0,205.0,205.0,205.0,179.46,205.0,205.0,159.94,12.06,205.0
2026-08-16T22:15Z,196.0,196.0,196.0,196.0,196.0,196.0,196.0,,196.0,196.0,159.83,8.0,196.0
2026-08-16T22:30Z,188.7,188.7,193.24,188.7,188.7,188.7,188.7,,188.7,188.710007,159.53,19.56,188.7
2026-08-16T22:45Z,178.81,178.81,188.9,178.81,178.81,178.81,178.81,,178.81,178.809998,159.0,16.71,178.81
2026-08-16T23:00Z,187.15,187.15,187.15,187.15,187.15,187.15,187.15,170.05,187.15,187.149994,158.12,14.0,187.15
2026-08-16T23:15Z,181.54,181.54,182.69,181.54,181.54,181.54,181.54,,181.54,181.539993,156.98,13.32,181.54
2026-08-16T23:30Z,178.54,178.54,180.01,178.54,178.54,178.54,178.54,,178.54,178.539993,156.92,13.91,178.54
2026-08-16T23:45Z,168.01,168.01,177.64,168.01,168.01,168.01,168.01,,168.01,168.009995,156.0,13.27,168.01
2026-08-17T00:00Z,172.39,172.39,191.1,172.39,172.39,172.39,172.39,163.93,172.39,172.389999,155.98,13.29,172.39
2026-08-17T00:15Z,164.41,164.41,191.0,164.41,164.41,164.41,164.41,,164.41,164.419998,155.97,13.95,164.41
2026-08-17T00:30Z,160.15,160.15,185.0,160.15,160.15,160.15,160.15,,160.15,160.149994,155.5,13.31,160.15
2026-08-17T00:45Z,158.65,158.65,182.69,158.65,158.65,158.65,158.65,,158.65,158.649994,154.03,13.97,158.65
2026-08-17T01:00Z,162.09,162.09,186.75,162.09,162.09,162.09,162.09,158.24,162.09,162.089996,155.92,11.07,162.09
2026-08-17T01:15Z,160.72,160.72,188.5,160.72,160.72,160.72,160.72,,160.72,160.720001,155.93,31.12,160.72
2026-08-17T01:30Z,158.25,158.25,185.0,158.25,158.25,158.25,158.25,,158.25,158.25,153.65,11.04,158.25
2026-08-17T01:45Z,160.06,160.06,185.0,160.06,160.06,160.06,160.06,,160.06,160.059998,155.41,13.96,160.06
2026-08-17T02:00Z,157.74,157.74,184.0,157.74,157.74,157.74,157.74,160.0,157.74,157.740005,153.16,8.06,157.74
2026-08-17T02:15Z,155.25,155.25,182.69,155.25,155.25,155.25,155.25,,155.25,155.25,150.71,10.06,155.25
2026-08-17T02:30Z,159.29,159.29,184.0,159.29,159.29,159.29,159.29,,159.29,159.289993,154.65,13.97,159.29
2026-08-17T02:45Z,164.0,164.0,185.0,164.0,164.0,164.0,164.0,,164.0,164.0,155.92,20.67,164.0
2026-08-17T03:00Z,162.9,162.9,182.69,162.9,162.9,162.9,162.9,169.89,162.9,162.910004,155.9,62.94,162.9
2026-08-17T03:15Z,169.13,169.13,185.0,169.13,169.13,169.13,169.13,,169.13,169.139999,155.92,63.65,169.13
2026-08-17T03:30Z,177.7,177.7,189.0,177.7,177.7,177.7,177.7,,177.7,177.710007,155.94,94.2,177.7
2026-08-17T03:45Z,190.14,190.14,191.6,190.14,190.14,190.14,186.07,,190.14,190.149994,155.96,65.0,190.14
2026-08-17T04:00Z,192.62,192.62,192.62,192.62,192.62,192.62,192.62,190.03,192.62,192.619995,155.94,35.91,192.62
2026-08-17T04:15Z,197.5,197.5,197.5,197.5,197.5,197.5,197.5,,197.5,197.509995,155.98,65.0,197.5
2026-08-17T04:30Z,198.5,198.5,198.5,198.5,198.5,198.5,198.5,,198.5,198.520004,157.29,103.77,198.5
2026-08-17T04:45Z,200.98,200.98,200.98,200.98,200.98,200.98,200.98,,200.98,201.0,159.39,115.01,200.98
2026-08-17T05:00Z,207.0,207.0,207.0,207.0,207.0,207.0,207.0,199.35,207.0,207.020004,162.16,114.98,207.0
2026-08-17T05:15Z,208.9,208.9,208.9,208.9,208.9,208.9,208.9,,208.9,208.919998,162.8,117.08,208.9
2026-08-17T05:30Z,205.0,205.0,205.0,205.0,205.0,205.0,205.0,,205.0,205.020004,163.09,117.43,205.0
2026-08-17T05:45Z,199.7,199.7,199.7,199.7,199.7,199.7,199.7,,199.7,199.720001,163.76,119.96,199.7
2026-08-17T06:00Z,212.08,212.08,212.08,212.08,212.08,212.08,212.08,200.0,212.08,212.100006,167.1,120.45,212.08
2026-08-17T06:15Z,208.46,208.46,208.46,208.46,208.46,208.46,185.07,,208.46,208.479996,166.91,120.92,208.46
2026-08-17T06:30Z,213.01,212.01,212.01,213.21,213.27,212.38,153.72,,213.14,213.259995,166.4,121.24,209.79
2026-08-17T06:45Z,200.9,197.5,197.5,201.59,201.76,198.77,130.19,,201.35,201.679993,166.07,121.44,189.98
2026-08-17T07:00Z,212.49,212.4,212.4,212.47,212.44,212.44,123.55,185.42,212.48,212.539993,167.43,118.57,211.73
2026-08-17T07:15Z,204.32,203.82,196.0,204.18,204.05,204.03,104.51,,204.24,204.520004,166.65,117.5,203.82
2026-08-17T07:30Z,195.99,195.51,167.4,195.85,195.73,195.71,104.04,,195.91,196.179993,166.51,109.99,195.51
2026-08-17T07:45Z,182.36,181.95,121.51,182.24,182.14,182.12,104.51,,182.28,182.529999,166.55,111.62,181.95
2026-08-17T08:00Z,190.2,189.9,124.3,190.1,190.03,189.99,104.51,171.5,190.14,190.309998,173.48,117.96,189.9
2026-08-17T08:15Z,180.0,179.76,105.27,179.92,179.86,179.84,104.05,,179.95,180.080002,171.12,113.17,179.76
2026-08-17T08:30Z,169.15,167.4,101.23,168.87,168.63,169.15,104.51,,168.97,169.240005,164.02,106.97,167.4
2026-08-17T08:45Z,162.6,160.55,92.79,162.27,161.99,162.6,104.51,,162.39,162.699997,160.41,100.0,160.55
2026-08-17T09:00Z,176.67,175.29,90.89,176.45,176.26,176.68,104.05,170.38,176.53,176.75,171.65,109.5,175.29
2026-08-17T09:15Z,173.36,171.52,82.1,173.06,172.81,173.37,104.51,,173.17,173.460007,164.35,107.63,171.52
2026-08-17T09:30Z,161.29,159.89,73.0,161.07,160.88,161.31,104.51,,161.15,161.369995,160.47,100.0,159.89
2026-08-17T09:45Z,156.57,156.5,53.75,156.55,156.53,156.53,106.9,,156.56,156.610001,156.0,97.55,156.5
2026-08-17T10:00Z,158.83,158.6,49.0,158.76,158.71,158.7,108.27,161.6,158.79,158.940002,155.12,98.86,158.6
2026-08-17T10:15Z,156.07,156.0,39.1,156.05,156.03,156.03,119.69,,156.07,156.110001,152.04,95.96,156.0
2026-08-17T10:30Z,155.82,155.75,40.0,155.8,155.78,155.78,123.08,,155.82,155.850006,151.02,96.05,155.75
2026-08-17T10:45Z,146.42,146.29,40.0,146.38,146.35,146.35,123.55,,146.43,146.479996,144.04,90.51,146.29
2026-08-17T11:00Z,158.36,157.0,40.68,158.14,157.96,158.42,132.89,159.96,158.35,158.440002,153.62,96.69,157.0
2026-08-17T11:15Z,158.21,158.08,50.0,158.13,158.16,158.16,123.0,,158.16,158.279999,153.5,97.18,158.08
2026-08-17T11:30Z,147.39,147.37,63.75,147.38,147.38,147.38,130.04,,147.38,147.399994,144.3,90.64,147.37
2026-08-17T11:45Z,136.81,136.81,60.0,136.81,136.81,136.81,133.59,,136.81,136.820007,141.07,84.74,136.81
2026-08-17T12:00Z,142.54,142.46,80.8,142.49,142.51,142.51,130.51,156.8,142.55,142.580002,147.29,85.74,142.46
2026-08-17T12:15Z,136.92,136.86,84.25,136.88,136.9,136.89,132.88,,136.92,136.949997,141.34,84.36,136.86
2026-08-17T12:30Z,142.17,142.16,84.25,142.16,142.16,142.51,132.37,,142.17,142.199997,146.79,87.38,142.16
2026-08-17T12:45Z,143.56,143.65,84.25,143.54,143.57,145.29,138.75,,143.54,143.630005,148.24,89.1,144.78
2026-08-17T13:00Z,142.67,142.69,85.0,142.62,142.64,145.12,143.84,160.69,142.68,142.809998,143.04,80.12,143.52
2026-08-17T13:15Z,137.86,140.17,85.2,135.68,140.17,154.94,144.4,,136.69,138.360001,141.27,87.46,147.44
2026-08-17T13:30Z,138.17,140.93,88.31,135.03,140.31,163.92,148.04,,136.43,138.919998,141.03,88.91,156.35
2026-08-17T13:45Z,140.84,144.32,90.89,136.19,144.13,163.93,149.55,,138.37,141.369995,143.14,91.1,153.09
2026-08-17T14:00Z,135.4,137.58,94.69,133.8,137.29,148.26,149.63,167.4,134.53,133.460007,138.91,79.02,153.68
2026-08-17T14:15Z,139.78,142.04,100.0,138.03,141.79,152.39,154.01,,138.85,138.039993,143.54,87.66,150.9
2026-08-17T14:30Z,142.37,145.39,101.23,141.27,144.69,164.07,169.69,,141.27,142.380005,146.08,93.46,146.21
2026-08-17T14:45Z,142.79,148.36,105.01,142.79,146.5,186.99,206.08,,142.79,145.410004,146.74,101.61,149.61
2026-08-17T15:00Z,136.66,138.58,106.19,137.3,137.73,150.9,164.01,171.5,136.66,139.169998,141.14,86.59,148.81
2026-08-17T15:15Z,147.49,152.48,121.51,148.35,150.0,180.49,212.18,,143.81,146.460007,143.12,94.43,167.4
2026-08-17T15:30Z,154.57,161.65,125.3,155.73,158.11,200.77,245.86,,149.06,152.169998,148.41,108.24,161.65
2026-08-17T15:45Z,169.37,176.92,140.0,170.62,173.15,218.69,266.76,,163.49,166.589996,158.79,114.93,176.92
2026-08-17T16:00Z,157.75,161.73,135.21,159.23,160.0,183.35,219.99,179.94,158.84,162.210007,157.42,109.36,161.73
2026-08-17T16:15Z,170.46,176.66,165.0,172.97,174.15,201.95,269.39,,172.19,175.389999,163.9,113.3,176.66
2026-08-17T16:30Z,185.71,191.91,172.0,188.64,189.81,210.82,283.67,,187.48,189.149994,182.36,123.33,191.91
2026-08-17T16:45Z,194.48,200.52,195.0,197.06,198.21,219.51,292.16,,196.19,197.880005,190.97,132.0,200.52
2026-08-17T17:00Z,184.66,189.3,164.02,186.49,187.42,204.62,261.23,199.83,185.77,187.110001,180.7,125.8,189.3
2026-08-17T17:15Z,200.57,203.27,173.74,201.76,202.3,211.91,244.05,,201.23,201.979996,195.92,133.06,203.27
2026-08-17T17:30Z,212.04,213.86,196.0,212.76,213.12,219.87,242.1,,212.48,213.009995,206.96,134.29,213.86
2026-08-17T17:45Z,219.14,219.33,207.27,219.22,219.25,219.95,222.25,,219.19,219.259995,213.55,135.83,219.33
2026-08-17T18:00Z,206.58,207.57,196.0,206.98,207.17,210.78,222.6,224.38,206.83,207.119995,201.5,140.87,207.57
2026-08-17T18:15Z,213.69,213.86,212.34,213.76,213.79,214.42,216.5,,213.73,213.789993,208.0,135.56,213.86
2026-08-17T18:30Z,216.04,216.23,216.23,216.12,216.15,216.84,219.1,,216.09,216.160004,210.53,134.5,216.23
2026-08-17T18:45Z,217.29,217.46,220.37,217.36,217.4,218.0,220.02,,217.33,217.389999,211.62,131.3,217.46
2026-08-17T19:00Z,219.05,219.05,235.01,219.05,219.05,219.05,219.05,213.47,219.05,219.059998,213.44,137.09,219.05
2026-08-17T19:15Z,213.86,213.86,240.0,213.86,213.86,213.86,213.86,,213.86,213.880005,208.33,134.53,213.86
2026-08-17T19:30Z,210.0,210.0,235.17,210.0,210.0,210.0,210.0,,210.0,210.009995,204.52,132.47,210.0
2026-08-17T19:45Z,197.1,197.1,226.06,197.1,197.1,197.1,197.1,,197.1,197.509995,191.82,123.19,197.1
2026-08-17T20:00Z,205.4,205.4,217.95,205.4,205.4,205.4,205.4,199.43,205.4,205.020004,199.98,134.53,205.4
2026-08-17T20:15Z,199.19,199.19,212.4,199.19,199.19,199.19,199.19,,199.19,199.210007,191.51,126.74,199.19
2026-08-17T20:30Z,199.24,199.24,207.27,199.24,199.24,199.24,199.24,,199.24,199.259995,184.54,124.81,199.24
2026-08-17T20:45Z,186.99,186.99,197.5,186.99,186.99,186.99,179.3,,186.99,187.0,174.25,116.94,186.99
2026-08-17T21:00Z,192.75,192.75,197.5,192.75,192.75,192.75,180.09,180.08,192.75,192.770004,174.03,120.02,192.75
2026-08-17T21:15Z,184.4,184.4,196.0,184.4,184.4,184.4,157.86,,184.4,184.410004,171.18,116.31,184.4
2026-08-17T21:30Z,176.53,176.53,191.0,176.53,176.53,176.53,166.74,,176.53,176.539993,168.68,111.23,176.53
2026-08-17T21:45Z,166.0,166.0,186.22,166.0,166.0,166.0,166.0,,166.0,166.009995,162.52,103.73,166.0
2026-08-17T22:00Z,187.93,187.93,195.3,187.93,187.93,187.93,170.23,176.86,187.93,187.940002,169.46,121.62,187.93
2026-08-17T22:15Z,179.97,179.97,188.95,179.97,179.97,179.97,152.0,,179.97,179.990005,168.4,114.97,179.97
2026-08-17T22:30Z,167.81,167.81,178.75,167.81,167.81,167.81,149.9,,167.81,167.820007,163.98,107.52,167.81
2026-08-17T22:45Z,158.56,158.56,164.02,158.56,158.56,158.56,156.87,,158.56,158.570007,157.16,99.71,158.56
2026-08-17T23:00Z,167.15,167.15,191.1,167.15,167.15,167.15,167.15,167.49,167.15,167.160004,158.71,106.55,167.15
2026-08-17T23:15Z,161.93,161.93,187.96,161.93,161.93,161.93,161.93,,161.93,161.949997,157.02,102.92,161.93
2026-08-17T23:30Z,160.0,160.0,181.4,160.0,160.0,160.0,160.0,,160.0,160.009995,155.14,103.24,160.0
2026-08-17T23:45Z,150.07,150.07,174.83,150.07,150.07,150.07,150.07,,150.07,150.080002,145.9,97.44,150.07
2026-08-18T00:00Z,152.55,152.55,188.9,152.55,152.55,152.55,152.55,161.79,152.55,152.559998,147.24,98.18,152.55
2026-08-18T00:15Z,150.08,150.08,185.26,150.08,150.08,150.08,150.08,,150.08,150.089996,145.35,98.02,150.08
2026-08-18T00:30Z,149.66,149.66,180.0,149.66,149.66,149.66,149.66,,149.66,149.669998,144.95,96.0,149.66
2026-08-18T00:45Z,150.93,150.93,177.21,150.93,150.93,150.93,150.93,,150.93,150.940002,146.21,98.28,150.93
2026-08-18T01:00Z,148.34,148.34,175.01,148.34,148.34,148.34,148.34,158.73,148.34,148.350006,143.64,95.14,148.34
2026-08-18T01:15Z,146.98,146.98,175.0,146.98,146.98,146.98,146.98,,146.98,146.990005,142.31,95.24,152.58
2026-08-18T01:30Z,148.18,148.18,171.44,148.18,148.18,148.18,148.18,,148.18,148.190002,143.49,96.08,148.18
2026-08-18T01:45Z,150.07,150.07,171.44,150.07,150.07,150.07,150.07,,150.07,150.089996,145.36,97.1,158.74
2026-08-18T02:00Z,148.4,148.4,169.71,148.4,148.4,148.4,148.4,158.1,148.4,148.410004,143.7,93.01,148.8
2026-08-18T02:15Z,147.05,147.05,167.75,147.05,147.05,147.05,147.05,,147.05,147.059998,142.37,94.37,152.99
2026-08-18T02:30Z,149.3,149.3,169.58,149.3,149.3,149.3,149.3,,149.3,149.309998,144.62,97.38,152.44
2026-08-18T02:45Z,152.13,152.13,171.28,152.13,152.13,152.13,152.13,,152.13,152.139999,147.41,101.53,152.13
2026-08-18T03:00Z,147.12,147.12,169.68,147.12,147.12,147.12,147.12,165.69,147.12,147.130005,142.48,90.87,156.11
2026-08-18T03:15Z,155.99,155.99,171.44,155.99,155.99,155.99,155.99,,155.99,156.0,151.2,99.77,160.8
2026-08-18T03:30Z,159.44,159.44,175.67,159.44,159.44,159.44,159.44,,159.44,159.460007,154.63,105.45,161.13
2026-08-18T03:45Z,173.57,173.57,185.0,173.57,173.57,173.57,115.02,,173.57,172.710007,157.47,117.46,174.72
2026-08-18T04:00Z,172.39,172.39,172.39,172.39,172.39,172.39,143.0,180.0,172.39,173.270004,158.52,107.91,191.37
2026-08-18T04:15Z,190.44,183.28,183.28,174.29,172.89,189.6,140.59,,187.7,188.690002,160.95,115.78,190.0
2026-08-18T04:30Z,192.51,179.44,179.44,163.0,160.44,190.99,145.72,,187.51,189.309998,162.74,129.99,196.59
2026-08-18T04:45Z,195.78,185.58,185.58,172.76,170.76,194.59,131.8,,191.88,193.300003,163.61,151.39,194.86
2026-08-18T05:00Z,199.7,188.8,188.8,174.64,172.72,198.4,123.45,183.83,195.54,197.110001,168.61,132.21,190.5
2026-08-18T05:15Z,193.79,190.32,190.32,185.83,185.22,193.37,123.45,,192.47,192.979996,168.69,144.99,190.39
2026-08-18T05:30Z,188.86,188.86,191.16,188.86,188.86,188.86,143.8,,188.86,188.880005,169.56,147.79,213.86
2026-08-18T05:45Z,187.94,187.39,188.89,187.77,187.64,187.18,143.02,,188.02,188.229996,169.37,156.51,189.1
2026-08-18T06:00Z,201.38,201.38,201.38,201.38,201.38,201.38,109.07,182.89,201.38,201.410004,171.29,152.51,201.38
2026-08-18T06:15Z,196.16,196.16,196.16,196.16,196.16,196.16,135.38,,196.16,196.179993,170.72,153.2,196.16
2026-08-18T06:30Z,180.0,180.0,180.0,180.0,180.0,180.0,180.0,,180.0,180.009995,169.57,140.01,180.0
2026-08-18T06:45Z,163.34,163.34,163.34,163.34,163.34,163.34,163.34,,163.34,165.080002,163.92,132.13,163.34
2026-08-18T07:00Z,174.56,174.56,172.03,174.56,174.56,174.56,174.56,168.76,174.56,172.839996,168.88,130.0,174.56
2026-08-18T07:15Z,167.97,167.97,163.61,167.97,167.97,167.97,167.97,,167.97,167.979996,163.91,128.0,167.97
2026-08-18T07:30Z,156.37,158.0,130.0,156.79,157.05,146.39,131.29,,157.23,158.740005,154.22,123.56,158.0
2026-08-18T07:45Z,146.82,148.18,105.5,147.55,147.93,134.14,114.87,,147.99,149.929993,144.32,114.5,148.18
2026-08-18T08:00Z,160.98,160.7,102.24,160.95,160.95,160.7,154.87,155.0,160.87,160.580002,157.33,126.42,160.7
2026-08-18T08:15Z,155.17,155.33,88.22,155.23,155.28,157.83,153.01,,155.06,154.880005,150.48,121.41,155.33
2026-08-18T08:30Z,147.9,146.18,39.1,148.02,148.01,153.02,143.17,,147.73,147.270004,144.97,115.74,146.18
2026-08-18T08:45Z,145.48,137.79,2.81,145.61,145.32,148.43,140.93,,145.55,146.399994,141.15,114.46,138.19
2026-08-18T09:00Z,148.95,147.0,2.0,148.78,148.7,154.6,143.55,145.0,148.64,146.759995,145.62,118.52,147.0
2026-08-18T09:15Z,144.56,142.41,1.2,144.35,144.23,148.63,140.56,,144.32,144.0,144.08,115.34,142.41
2026-08-18T09:30Z,141.93,129.43,1.08,140.41,139.48,143.22,139.02,,141.65,141.490005,143.3,116.86,136.34
2026-08-18T09:45Z,147.13,116.56,0.89,143.4,141.1,149.32,140.87,,146.49,146.160004,143.18,117.76,136.34
2026-08-18T10:00Z,137.31,135.7,1.0,137.22,137.22,141.9,133.45,140.21,137.07,136.770004,141.61,110.88,135.7
2026-08-18T10:15Z,137.16,136.75,0.89,137.14,137.14,138.32,136.19,,137.1,137.029999,141.62,112.12,136.75
2026-08-18T10:30Z,136.41,136.41,0.89,136.41,136.41,136.41,136.41,,136.41,136.410004,140.9,113.42,136.41
2026-08-18T10:45Z,135.42,135.85,1.0,135.58,135.69,137.99,130.6,,135.26,134.889999,139.73,111.56,135.85
2026-08-18T11:00Z,133.77,134.27,1.08,133.94,134.07,136.03,128.09,137.76,133.59,133.160004,138.13,108.24,134.27
2026-08-18T11:15Z,133.15,133.6,1.15,133.31,133.42,135.17,128.09,,132.99,132.610001,137.37,108.53,133.6
2026-08-18T11:30Z,131.76,124.76,1.25,131.17,130.97,135.04,125.77,,131.38,131.050003,135.66,109.23,134.75
2026-08-18T11:45Z,128.73,129.65,1.49,129.05,129.28,132.88,118.34,,128.4,127.620003,134.81,110.0,136.32
2026-08-18T12:00Z,129.85,130.57,1.73,130.1,130.28,133.11,121.59,138.3,129.59,128.970001,131.37,104.8,130.57
2026-08-18T12:15Z,130.24,130.9,1.82,130.47,130.63,133.2,122.76,,130.0,129.449997,134.22,109.92,136.51
2026-08-18T12:30Z,131.96,132.62,1.81,132.19,132.36,134.96,124.37,,131.72,131.149994,136.1,117.39,136.93
2026-08-18T12:45Z,130.1,131.17,1.75,130.48,130.74,134.93,117.88,,129.71,128.800003,134.02,119.04,139.4
2026-08-18T13:00Z,131.79,132.18,1.85,131.91,132.01,133.52,127.28,143.27,131.63,131.289993,128.0,121.27,136.66
2026-08-18T13:15Z,130.35,130.54,1.8,130.41,130.46,131.22,128.09,,130.27,130.100006,129.15,123.89,139.4
2026-08-18T13:30Z,131.72,128.9,1.68,131.58,131.56,134.98,124.38,,131.38,130.889999,131.12,127.67,138.59
2026-08-18T13:45Z,135.91,128.7,1.82,135.07,134.28,141.22,125.38,,135.27,134.660004,134.83,130.0,141.22
2026-08-18T14:00Z,132.03,132.06,1.8,132.11,132.17,133.62,128.09,154.89,131.88,131.600006,136.27,110.0,146.51
2026-08-18T14:15Z,134.74,113.15,2.0,132.62,131.74,137.35,134.86,,134.26,134.630005,138.77,124.88,150.0
2026-08-18T14:30Z,139.72,139.72,2.0,139.72,139.72,139.72,139.72,,139.72,139.729996,140.0,134.7,148.18
2026-08-18T14:45Z,149.3,149.3,15.0,149.3,149.3,149.3,149.3,,149.3,149.309998,148.83,144.78,155.71
2026-08-18T15:00Z,138.26,138.26,50.0,138.25,138.26,138.91,138.47,169.83,138.26,140.820007,138.36,133.49,148.45
2026-08-18T15:15Z,150.66,148.17,89.25,148.96,150.66,159.56,150.0,,150.46,153.240005,144.92,146.19,156.95
2026-08-18T15:30Z,160.5,155.49,92.39,153.66,155.49,179.95,113.53,,159.52,162.460007,155.15,156.0,174.06
2026-08-18T15:45Z,167.19,154.78,100.0,148.6,152.34,214.9,104.43,,164.54,170.669998,159.99,163.13,186.46
2026-08-18T16:00Z,159.01,155.32,94.29,149.05,148.29,174.6,104.43,186.89,157.42,159.139999,159.29,153.63,172.9
2026-08-18T16:15Z,174.44,167.8,103.02,158.87,157.48,179.99,104.43,,171.85,175.020004,166.67,166.98,186.53
2026-08-18T16:30Z,187.57,185.44,110.14,181.72,181.29,197.36,180.2,,186.64,190.089996,176.22,179.95,186.53
2026-08-18T16:45Z,193.2,188.33,121.51,179.94,178.94,214.82,201.23,,191.09,194.619995,185.12,185.25,210.21
2026-08-18T17:00Z,192.0,192.0,111.19,192.0,192.0,192.0,192.0,205.55,192.37,207.589996,187.04,194.71,197.48
2026-08-18T17:15Z,195.01,192.34,147.0,188.59,188.06,195.39,197.71,,193.98,197.559998,189.08,187.07,198.98
2026-08-18T17:30Z,200.16,201.04,166.74,200.52,200.69,203.46,214.48,,200.38,204.080002,195.37,193.6,204.25
2026-08-18T17:45Z,203.56,205.47,205.47,204.35,204.72,210.71,234.56,,204.04,207.800003,198.98,196.91,214.34
2026-08-18T18:00Z,198.56,199.88,180.0,199.09,199.35,203.5,220.11,206.88,198.95,205.009995,193.85,194.17,199.88
2026-08-18T18:15Z,202.56,202.96,202.96,202.72,202.8,204.05,209.07,,202.65,206.399994,197.6,195.63,202.96
2026-08-18T18:30Z,202.0,202.6,217.0,202.24,202.36,204.27,211.9,,202.63,222.779999,196.97,208.46,202.6
2026-08-18T18:45Z,198.46,199.93,226.16,199.06,199.35,203.96,222.43,,198.86,203.949997,193.81,193.29,204.0
2026-08-18T19:00Z,203.6,205.24,237.07,204.26,204.58,209.74,230.44,200.79,203.99,207.759995,198.89,197.76,210.14
2026-08-18T19:15Z,208.53,208.92,248.0,208.69,208.77,210.01,214.97,,208.63,212.479996,203.46,201.94,210.01
2026-08-18T19:30Z,196.03,196.03,245.76,196.03,196.03,196.03,196.03,,196.03,199.649994,191.04,190.51,196.03
2026-08-18T19:45Z,187.02,187.02,239.32,187.02,187.02,187.02,187.02,,187.02,190.470001,182.17,182.32,187.02
2026-08-18T20:00Z,200.23,200.23,223.0,200.23,200.23,200.23,200.23,193.09,200.23,200.259995,193.69,191.52,200.23
2026-08-18T20:15Z,195.0,195.0,220.27,195.0,195.0,195.0,195.0,,195.0,195.020004,183.27,186.13,195.0
2026-08-18T20:30Z,188.25,188.25,217.5,188.25,188.25,188.25,167.12,,188.25,188.279999,178.77,180.31,188.25
2026-08-18T20:45Z,182.06,182.06,216.9,182.06,182.06,182.06,149.9,,182.06,182.080002,177.14,148.69,182.06
2026-08-18T21:00Z,191.52,191.52,216.9,191.52,191.52,191.52,133.28,180.0,191.52,191.550003,173.58,173.89,191.52
2026-08-18T21:15Z,177.9,177.9,215.0,177.9,177.9,177.9,154.16,,177.9,177.910004,172.75,145.96,177.9
2026-08-18T21:30Z,174.25,174.25,212.4,174.25,174.25,174.25,163.38,,174.25,174.259995,168.0,132.43,174.25
2026-08-18T21:45Z,164.9,164.9,204.33,164.9,164.9,164.9,164.9,,164.9,164.910004,161.56,129.37,166.33
2026-08-18T22:00Z,192.0,192.0,207.8,192.0,192.0,192.0,156.97,169.68,192.0,192.009995,172.85,136.47,192.0
2026-08-18T22:15Z,179.12,179.12,207.19,179.12,179.12,179.12,149.25,,179.12,179.130005,173.65,138.48,189.0
2026-08-18T22:30Z,174.36,174.36,198.42,174.36,174.36,174.36,148.99,,174.36,174.369995,170.06,137.53,177.0
2026-08-18T22:45Z,160.92,160.92,188.89,160.92,160.92,160.92,160.92,,160.92,160.929993,157.27,131.98,162.0
2026-08-18T23:00Z,163.46,163.46,186.69,163.46,163.46,163.46,156.0,155.59,163.46,163.460007,157.76,129.99,163.55
2026-08-18T23:15Z,157.81,157.81,185.0,157.81,157.81,157.81,157.81,,157.81,157.820007,153.13,123.37,165.0
2026-08-18T23:30Z,156.13,156.13,178.0,156.13,156.13,156.13,156.13,,156.13,156.139999,151.5,123.99,172.0
2026-08-18T23:45Z,153.0,153.0,174.83,153.0,153.0,153.0,153.0,,153.0,153.009995,148.48,127.76,180.07
2026-08-19T00:00Z,156.88,156.88,186.0,156.88,156.88,156.88,156.88,150.1,156.88,156.889999,152.24,124.12,156.88
2026-08-19T00:15Z,151.89,151.89,182.0,151.89,151.89,151.89,151.89,,151.89,151.899994,147.29,118.69,180.08
2026-08-19T00:30Z,150.39,150.39,179.05,150.39,150.39,150.39,150.39,,150.39,150.399994,145.87,122.49,163.67
2026-08-19T00:45Z,146.49,146.49,175.0,146.49,146.49,146.49,146.49,,146.49,146.490005,142.05,123.89,169.17
2026-08-19T01:00Z,147.52,147.52,187.0,147.52,147.52,147.52,147.52,148.31,147.52,147.529999,143.09,124.57,178.34
2026-08-19T01:15Z,147.94,147.94,186.0,147.94,147.94,147.94,147.94,,147.94,147.940002,143.4,117.01,180.0
2026-08-19T01:30Z,146.48,146.48,183.82,146.48,146.48,146.48,146.48,,146.48,146.490005,142.03,120.29,148.68
2026-08-19T01:45Z,147.26,147.26,182.0,147.26,147.26,147.26,147.26,,147.26,147.270004,142.77,119.16,153.34
2026-08-19T02:00Z,148.07,148.07,180.01,148.07,148.07,148.07,148.07,148.39,148.07,148.080002,143.59,118.1,180.0
2026-08-19T02:15Z,148.82,148.82,180.0,148.82,148.82,148.82,148.82,,148.82,148.820007,144.33,119.25,172.59
2026-08-19T02:30Z,150.0,150.0,180.0,150.0,150.0,150.0,150.0,,150.0,150.009995,145.57,125.45,150.0
2026-08-19T02:45Z,149.09,149.09,180.0,149.09,149.09,149.09,149.09,,149.09,149.089996,144.69,127.2,149.09
2026-08-19T03:00Z,155.03,155.03,165.73,155.03,155.03,155.03,145.75,154.64,155.03,155.039993,150.46,122.13,155.03
2026-08-19T03:15Z,155.34,155.39,165.85,155.35,155.37,155.6,147.0,,155.33,155.320007,150.83,129.05,155.6
2026-08-19T03:30Z,161.45,162.18,169.86,161.44,161.67,168.77,145.23,,161.3,161.309998,156.71,134.49,170.93
2026-08-19T03:45Z,174.84,175.0,175.0,174.82,174.88,176.64,129.57,,174.8,174.830002,170.25,168.45,176.54
2026-08-19T04:00Z,173.09,173.67,173.67,173.2,173.36,178.7,149.92,180.7,172.98,172.820007,160.96,131.64,178.7
2026-08-19T04:15Z,184.71,184.76,184.76,184.71,184.72,186.25,169.2,,184.72,184.770004,170.17,168.2,184.76
2026-08-19T04:30Z,188.92,188.92,188.92,188.92,188.92,188.92,173.0,,188.92,188.940002,171.52,178.32,188.92
2026-08-19T04:45Z,192.23,192.23,192.23,192.23,192.23,192.23,174.2,,192.23,190.199997,172.4,181.56,192.23
2026-08-19T05:00Z,197.0,197.0,197.0,197.0,197.0,197.0,197.0,187.0,197.0,199.080002,174.78,183.86,197.0
2026-08-19T05:15Z,192.85,192.85,192.85,192.85,192.85,192.85,190.31,,192.85,192.869995,175.4,185.01,192.85
2026-08-19T05:30Z,191.72,191.72,191.72,191.72,191.72,191.72,158.73,,191.72,191.740005,176.15,183.9,191.72
2026-08-19T05:45Z,188.95,188.95,188.95,188.95,188.95,188.95,144.37,,188.95,188.960007,177.05,179.98,188.95
2026-08-19T06:00Z,202.0,202.0,202.0,202.0,202.0,202.0,156.39,180.0,202.0,202.009995,196.44,186.18,202.0
2026-08-19T06:15Z,194.13,194.13,194.13,194.13,194.13,194.13,135.31,,194.13,194.139999,188.55,175.42,194.13
2026-08-19T06:30Z,186.99,186.99,186.99,186.99,186.99,186.99,122.15,,186.99,187.0,181.51,171.71,186.99
2026-08-19T06:45Z,180.34,180.34,180.34,180.34,180.34,180.34,116.67,,180.34,180.339996,175.14,161.7,180.34
2026-08-19T07:00Z,200.0,200.0,200.0,200.0,200.0,200.0,111.06,157.93,200.0,200.009995,181.93,178.09,200.0
2026-08-19T07:15Z,179.92,179.92,179.92,179.92,179.92,179.92,111.06,,179.92,179.919998,173.1,163.16,179.92
2026-08-19T07:30Z,155.0,155.0,155.0,155.0,155.0,155.0,118.91,,155.0,155.0,161.53,152.53,155.0
2026-08-19T07:45Z,143.78,143.78,110.14,143.78,143.78,143.78,131.87,,143.78,146.410004,151.39,145.1,143.78
2026-08-19T08:00Z,163.0,163.0,110.4,163.0,163.0,163.0,119.9,148.3,163.0,160.360001,167.95,155.56,163.0
2026-08-19T08:15Z,154.9,154.9,100.0,154.9,154.9,154.9,154.9,,154.9,154.899994,160.48,150.11,160.34
2026-08-19T08:30Z,146.43,146.43,86.54,146.43,146.43,146.43,146.43,,146.43,146.429993,153.14,144.16,146.47
2026-08-19T08:45Z,146.34,141.31,53.33,148.65,150.06,145.35,145.85,,146.71,146.410004,152.61,142.91,145.27
2026-08-19T09:00Z,145.69,145.69,38.66,145.69,145.69,145.69,145.69,138.13,145.69,145.690002,151.55,141.92,147.33
2026-08-19T09:15Z,146.02,146.02,20.0,146.02,146.02,146.02,146.02,,146.02,146.020004,151.5,141.78,146.02
2026-08-19T09:30Z,142.13,142.13,10.0,142.13,142.13,142.13,142.13,,142.13,142.130005,148.1,139.72,142.13
2026-08-19T09:45Z,138.0,138.0,5.88,138.0,138.0,138.0,138.0,,138.0,138.0,142.79,136.62,138.6
2026-08-19T10:00Z,143.44,143.44,3.43,143.44,143.44,143.44,143.44,129.97,143.44,143.330002,151.91,141.88,143.44
2026-08-19T10:15Z,135.42,135.42,3.43,135.42,135.42,135.42,135.42,,135.42,135.529999,142.18,135.37,135.42
2026-08-19T10:30Z,134.6,134.6,2.0,134.6,134.6,134.6,134.6,,134.6,134.600006,141.18,134.45,134.6
2026-08-19T10:45Z,130.87,130.87,2.0,130.87,130.87,130.87,130.87,,130.87,130.949997,139.16,130.82,130.87
2026-08-19T11:00Z,133.2,133.2,3.43,133.2,133.2,133.2,133.2,125.0,133.2,133.119995,139.39,132.98,135.0
2026-08-19T11:15Z,129.43,128.04,3.43,130.1,130.49,129.16,129.3,,129.8,129.460007,138.73,129.26,135.25
2026-08-19T11:30Z,126.39,112.83,3.43,132.91,136.7,123.76,125.1,,129.0,126.68,136.77,126.56,125.0
2026-08-19T11:45Z,123.8,121.14,3.43,125.08,125.82,123.28,123.54,,124.01,123.849998,132.71,123.77,131.75
2026-08-19T12:00Z,128.08,126.14,3.43,129.01,129.55,127.71,127.9,129.41,128.24,128.119995,134.97,127.88,130.67
2026-08-19T12:15Z,129.28,127.99,3.43,129.9,130.26,129.03,129.16,,129.39,129.309998,134.96,129.14,133.0
2026-08-19T12:30Z,126.8,125.64,3.43,127.36,127.69,126.58,126.69,,126.9,126.769997,134.93,126.69,136.87
2026-08-19T12:45Z,126.93,126.93,3.43,126.93,126.93,126.93,126.93,,126.93,126.980003,134.95,126.9,138.6
2026-08-19T13:00Z,125.48,123.15,2.0,126.49,128.49,124.92,125.21,130.99,125.71,125.480003,133.55,125.4,142.56
2026-08-19T13:15Z,129.36,129.36,2.0,129.36,129.36,129.36,129.36,,129.36,129.419998,134.9,129.33,147.33
2026-08-19T13:30Z,132.95,132.2,2.0,133.27,133.91,132.77,132.86,,133.02,132.970001,139.12,132.84,155.46
2026-08-19T13:45Z,136.24,136.24,2.81,136.24,136.24,136.24,136.24,,136.24,136.240005,143.02,136.08,157.25
2026-08-19T14:00Z,130.0,130.0,3.43,130.0,130.0,130.0,130.0,146.19,130.0,130.070007,136.57,129.97,147.54
2026-08-19T14:15Z,135.0,135.0,3.43,135.0,135.0,135.0,135.0,,135.0,134.929993,140.2,134.81,149.0
2026-08-19T14:30Z,140.56,138.43,3.43,141.77,144.12,146.88,142.77,,140.95,141.009995,150.18,140.8,178.18
2026-08-19T14:45Z,147.71,145.5,5.88,149.29,152.31,159.99,152.68,,148.33,148.509995,153.19,148.09,183.8
2026-08-19T15:00Z,138.08,138.08,12.09,138.08,138.08,138.08,138.08,163.1,138.08,138.179993,142.7,138.02,147.33
2026-08-19T15:15Z,146.02,146.59,38.99,146.34,146.59,153.46,155.41,,146.27,146.580002,151.08,146.22,153.46
2026-08-19T15:30Z,156.97,158.34,53.48,157.44,157.73,170.37,173.85,,157.14,157.25,160.37,156.9,168.09
2026-08-19T15:45Z,173.5,175.0,78.5,174.04,174.34,186.96,191.0,,173.78,174.100006,168.33,174.06,175.0
2026-08-19T16:00Z,164.67,165.59,79.25,164.78,164.99,174.92,166.96,183.99,164.7,164.779999,166.35,163.1,174.92
2026-08-19T16:15Z,180.0,181.14,92.06,180.19,180.48,191.86,180.23,,179.91,179.789993,173.29,178.47,181.14
2026-08-19T16:30Z,192.0,192.54,106.73,192.06,192.19,198.04,193.35,,192.01,192.070007,180.29,190.25,195.11
2026-08-19T16:45Z,198.27,199.58,110.73,198.4,198.71,214.92,203.1,,198.3,197.539993,185.57,195.59,214.92
2026-08-19T17:00Z,187.42,188.48,110.14,187.5,187.69,190.72,195.07,207.99,187.79,191.240005,181.92,189.08,190.72
2026-08-19T17:15Z,205.02,205.08,133.44,205.03,205.04,204.79,205.42,,205.05,203.110001,187.77,197.28,208.0
2026-08-19T17:30Z,215.99,215.99,188.9,215.99,215.99,215.99,215.99,,215.99,216.020004,184.98,205.31,215.99
2026-08-19T17:45Z,221.78,221.78,212.6,221.78,221.78,221.78,221.78,,221.78,221.809998,183.77,205.78,221.78
2026-08-19T18:00Z,199.57,200.28,200.28,199.69,199.89,201.32,196.98,210.0,199.36,199.080002,193.23,194.7,211.71
2026-08-19T18:15Z,208.87,208.95,208.95,208.88,208.91,209.07,208.57,,208.84,208.830002,188.47,200.24,212.5
2026-08-19T18:30Z,212.6,212.6,212.6,212.6,212.6,212.6,212.6,,212.6,212.619995,186.52,201.05,216.74
2026-08-19T18:45Z,216.74,216.74,216.74,216.74,216.74,216.74,216.74,,216.74,216.759995,187.01,202.97,216.74
2026-08-19T19:00Z,212.86,212.86,212.86,212.86,212.86,212.86,212.86,204.39,212.86,212.880005,188.34,207.48,212.86
2026-08-19T19:15Z,211.1,211.1,211.1,211.1,211.1,211.1,211.1,,211.1,211.119995,186.95,201.08,211.1
2026-08-19T19:30Z,203.54,203.54,210.1,203.54,203.54,203.54,200.24,,203.54,203.550003,186.35,190.68,203.54
2026-08-19T19:45Z,196.99,196.99,209.1,196.99,196.99,196.99,162.38,,196.99,197.0,183.72,171.85,196.99
2026-08-19T20:00Z,206.89,206.89,207.19,206.89,206.89,206.89,141.13,190.9,206.89,206.899994,200.51,191.32,206.89
2026-08-19T20:15Z,201.18,201.18,205.0,201.18,201.18,201.18,144.37,,201.18,201.179993,190.92,167.95,201.18
2026-08-19T20:30Z,198.0,198.0,198.0,198.0,198.0,198.0,172.02,,198.0,198.0,182.51,154.78,198.0
2026-08-19T20:45Z,190.32,190.32,190.32,190.32,190.32,190.32,190.32,,190.32,190.320007,179.7,147.12,190.32
2026-08-19T21:00Z,196.0,196.0,196.0,196.0,196.0,196.0,196.0,180.0,196.0,196.0,176.12,150.0,196.0
2026-08-19T21:15Z,190.1,190.1,191.16,190.1,190.1,190.1,190.1,,190.1,190.100006,174.59,137.54,190.1
2026-08-19T21:30Z,185.0,185.0,187.64,185.0,185.0,185.0,185.0,,185.0,185.0,173.61,132.86,185.0
2026-08-19T21:45Z,175.09,175.09,180.0,175.09,175.09,175.09,175.09,,175.09,175.089996,170.14,125.45,175.09
2026-08-19T22:00Z,185.0,185.0,201.42,185.0,185.0,185.0,181.72,178.39,185.0,185.0,178.85,137.15,185.0
2026-08-19T22:15Z,178.23,178.23,198.52,178.23,178.23,178.23,167.65,,178.229996,178.23,172.52,131.93,178.23
2026-08-19T22:30Z,168.62,168.62,190.49,168.62,168.62,168.62,155.3,,168.619995,168.63,163.32,120.0,168.62
2026-08-19T22:45Z,159.0,159.0,187.95,159.0,159.0,159.0,159.0,,159.0,159.01,155.79,111.41,159.0
2026-08-19T23:00Z,166.11,166.11,188.9,166.11,166.11,166.11,166.11,165.05,166.110001,166.12,160.22,126.97,166.11
2026-08-19T23:15Z,162.91,162.91,185.0,162.91,162.91,162.91,162.91,,162.910004,162.91,157.95,116.16,162.91
2026-08-19T23:30Z,162.11,162.11,179.53,162.11,162.11,162.11,162.11,,162.110001,162.12,157.16,114.69,162.11
2026-08-19T23:45Z,158.27,158.27,175.0,158.27,158.27,158.27,158.27,,158.270004,158.28,153.36,110.39,158.27
2026-08-20T00:00Z,158.91,158.91,188.96,158.91,158.91,158.91,158.91,157.1,158.910004,158.91,154.18,117.37,158.91
2026-08-20T00:15Z,154.99,154.99,187.95,154.99,154.99,154.99,154.99,,154.990005,155.0,150.27,115.76,157.7
2026-08-20T00:30Z,151.5,151.5,185.0,151.5,151.5,151.5,151.5,,151.5,151.51,146.77,107.82,160.62
2026-08-20T00:45Z,149.53,149.53,183.94,149.53,149.53,149.53,149.53,,149.529999,149.53,144.82,105.96,156.09
2026-08-20T01:00Z,149.15,149.2,164.96,149.17,149.18,149.34,148.98,154.0,149.139999,149.13,144.57,110.0,165.71
2026-08-20T01:15Z,146.95,146.97,164.69,146.96,146.96,147.0,146.91,,146.949997,146.95,142.79,109.99,157.71
2026-08-20T01:30Z,148.89,148.89,164.69,148.89,148.89,148.89,148.89,,148.889999,148.89,144.26,108.28,170.3
2026-08-20T01:45Z,146.97,146.97,164.69,146.97,146.97,146.97,146.97,,146.970001,146.97,142.69,104.72,170.0
2026-08-20T02:00Z,145.9,145.9,161.2,145.9,145.9,145.9,145.9,154.94,145.899994,145.9,141.66,101.22,168.63
2026-08-20T02:15Z,146.91,145.2,161.2,146.71,146.5,147.11,147.01,,146.869995,146.92,142.64,106.3,160.09
2026-08-20T02:30Z,149.56,149.56,161.2,149.56,149.56,149.56,149.56,,149.559998,149.57,144.95,110.0,169.52
2026-08-20T02:45Z,151.6,151.6,161.88,151.6,151.6,151.6,151.6,,151.600006,151.61,146.99,114.26,165.32
2026-08-20T03:00Z,148.71,146.35,161.88,148.34,148.12,153.72,150.51,161.34,148.619995,148.87,144.02,106.77,163.18
2026-08-20T03:15Z,154.65,152.34,162.14,154.28,154.07,159.55,150.1,,154.559998,154.8,149.96,116.22,158.6
2026-08-20T03:30Z,162.13,162.13,163.08,162.13,162.13,162.13,139.3,,162.130005,162.14,158.44,128.64,162.13
2026-08-20T03:45Z,172.71,164.96,164.96,171.55,170.79,185.12,117.26,,172.429993,170.96,166.59,137.26,182.05
2026-08-20T04:00Z,171.64,164.96,164.96,160.0,158.1,188.82,151.48,182.42,170.929993,173.8,165.79,121.77,209.84
2026-08-20T04:15Z,183.99,165.4,165.4,174.68,166.87,192.03,176.36,,183.869995,184.1,171.27,127.75,194.09
2026-08-20T04:30Z,188.22,177.0,177.0,184.39,180.71,187.0,187.63,,188.279999,188.17,177.99,136.26,207.2
2026-08-20T04:45Z,187.35,185.29,185.29,187.13,186.46,186.93,187.17,,187.369995,187.34,180.98,149.11,211.01
2026-08-20T05:00Z,195.14,181.0,181.0,187.86,182.22,192.51,194.07,189.9,194.979996,194.98,184.44,135.27,203.41
2026-08-20T05:15Z,188.66,187.28,187.28,187.95,187.4,188.4,188.55,,188.639999,188.65,183.13,146.38,188.4
2026-08-20T05:30Z,185.68,185.68,185.68,185.68,185.68,185.68,185.68,,185.679993,185.68,180.2,147.72,193.04
2026-08-20T05:45Z,176.25,176.25,176.25,176.25,176.25,176.25,172.27,,176.25,176.25,171.02,142.1,195.15
2026-08-20T06:00Z,188.96,188.96,188.96,188.96,188.96,188.96,185.12,182.46,188.960007,188.96,183.4,143.37,188.96
2026-08-20T06:15Z,177.63,177.63,177.63,177.63,177.63,177.63,172.27,,177.630005,177.63,171.3,139.73,177.63
2026-08-20T06:30Z,165.0,165.0,165.0,165.0,165.0,165.0,135.32,,165.0,165.0,160.91,137.52,175.49
2026-08-20T06:45Z,155.4,155.4,155.4,155.4,155.4,155.4,113.15,,155.399994,155.4,154.96,137.45,167.9
2026-08-20T07:00Z,170.0,170.0,170.0,170.0,170.0,170.0,105.29,161.17,170.0,170.0,164.78,140.27,170.0
2026-08-20T07:15Z,165.11,165.11,165.11,165.11,165.11,165.11,104.39,,165.110001,165.11,160.24,137.38,168.08
2026-08-20T07:30Z,147.12,147.12,147.12,147.12,147.12,147.12,112.7,,147.119995,147.12,150.85,132.48,174.2
2026-08-20T07:45Z,135.79,135.79,135.79,135.79,135.79,135.79,125.62,,135.789993,135.78,142.58,129.9,151.38
2026-08-20T08:00Z,154.89,154.89,154.89,154.89,154.89,154.89,111.44,155.39,154.889999,154.88,156.53,138.55,154.89
2026-08-20T08:15Z,137.18,137.18,115.5,137.18,137.18,137.18,109.01,,137.179993,137.18,144.84,128.39,148.86
2026-08-20T08:30Z,133.0,133.0,110.14,133.0,133.0,133.0,104.39,,133.0,133.0,135.15,122.14,160.0
2026-08-20T08:45Z,117.89,117.89,101.4,117.89,117.89,117.89,113.15,,117.900002,117.91,125.92,116.29,159.5
2026-08-20T09:00Z,132.96,133.03,94.2,132.99,133.0,133.46,78.99,151.0,132.979996,132.97,137.4,125.16,164.2
2026-08-20T09:15Z,112.6,113.51,85.0,113.01,113.17,118.9,103.06,,112.910004,113.18,126.36,111.7,162.74
2026-08-20T09:30Z,103.04,104.84,79.25,103.84,104.17,115.62,103.07,,103.650002,104.15,126.82,102.84,160.54
2026-08-20T09:45Z,89.22,95.69,63.78,92.36,93.42,133.23,84.01,,99.620003,97.83,127.88,88.79,159.47
2026-08-20T10:00Z,99.77,103.6,58.52,101.22,102.05,126.81,95.01,148.1,100.730003,98.91,126.64,95.88,158.11
2026-08-20T10:15Z,83.69,89.29,50.0,85.89,87.06,123.44,79.33,,85.230003,83.69,127.5,81.71,152.52
2026-08-20T10:30Z,78.09,86.92,46.61,82.19,83.7,140.04,75.97,,90.050003,88.42,127.48,87.36,150.77
2026-08-20T10:45Z,72.97,79.27,46.52,75.85,76.95,117.96,75.73,,81.160004,79.69,127.37,76.24,150.77
2026-08-20T11:00Z,73.47,78.85,50.0,75.43,76.59,114.51,77.77,147.22,80.400002,79.1,125.87,78.16,155.42
2026-08-20T11:15Z,68.25,75.45,50.0,70.89,72.43,123.62,77.01,,84.339996,82.82,126.36,81.81,155.03
2026-08-20T11:30Z,60.42,70.45,50.0,64.09,66.24,137.38,71.7,,82.110001,80.63,126.63,79.7,155.0
2026-08-20T11:45Z,52.69,64.35,50.0,56.96,59.45,142.15,65.6,,84.339996,77.71,126.53,76.82,152.47
2026-08-20T12:00Z,66.88,69.74,55.99,67.69,68.26,108.51,72.73,150.0,67.400002,71.77,124.67,70.91,158.4
2026-08-20T12:15Z,65.18,70.05,70.0,66.55,67.52,137.11,77.02,,76.290001,74.92,125.04,74.01,157.7
2026-08-20T12:30Z,72.77,77.71,71.07,74.15,75.11,149.7,91.76,,94.160004,92.46,125.02,91.27,161.37
2026-08-20T12:45Z,72.93,77.44,69.0,74.17,74.99,148.97,100.47,,101.260002,97.45,125.3,92.83,162.74
2026-08-20T13:00Z,78.7,80.18,69.0,79.02,79.31,104.28,87.81,154.72,78.980003,79.54,119.57,78.53,155.0
2026-08-20T13:15Z,85.36,84.06,58.72,85.34,85.36,120.06,97.78,,88.059998,86.47,128.58,85.31,163.4
2026-08-20T13:30Z,97.36,65.28,58.71,94.3,92.83,145.4,115.02,,100.580002,98.77,130.52,88.97,174.9
2026-08-20T13:45Z,103.41,69.8,63.99,99.67,97.83,162.0,114.54,,105.910004,104.0,129.72,96.11,174.86
2026-08-20T14:00Z,73.87,64.99,64.99,73.05,72.84,159.5,103.54,160.0,101.449997,99.63,124.75,50.82,159.5
2026-08-20T14:15Z,99.0,75.0,75.0,96.78,95.84,160.54,114.55,,114.059998,112.0,133.37,84.89,160.54
2026-08-20T14:30Z,119.24,80.31,79.25,115.53,113.82,178.41,114.55,,138.949997,136.44,137.95,80.67,185.0
2026-08-20T14:45Z,131.91,107.14,80.01,129.56,128.52,189.91,112.24,,159.020004,156.15,144.37,110.0,189.91
2026-08-20T15:00Z,128.09,80.01,80.01,122.94,119.75,166.71,109.47,176.02,128.059998,130.41,135.92,51.41,176.0
2026-08-20T15:15Z,135.63,111.95,90.0,133.57,132.38,182.84,135.79,,135.479996,137.96,140.01,108.31,182.84
2026-08-20T15:30Z,151.07,142.49,90.59,149.82,149.6,197.77,166.31,,150.649994,153.41,146.49,128.39,197.77
2026-08-20T15:45Z,162.01,155.15,100.0,160.96,160.87,208.51,176.83,,161.600006,164.56,157.06,148.12,208.51
2026-08-20T16:00Z,140.81,140.81,100.0,141.34,141.66,201.32,195.55,174.9,141.610001,143.38,146.65,128.36,200.45
2026-08-20T16:15Z,156.73,146.95,105.01,156.02,155.02,184.11,189.44,,156.919998,157.97,158.43,147.46,181.5
2026-08-20T16:30Z,177.35,165.57,110.14,176.47,175.24,205.06,213.57,,177.520004,178.67,166.59,157.48,203.12
2026-08-20T16:45Z,182.09,149.23,116.07,178.45,174.7,220.58,213.29,,181.660004,183.37,173.79,166.7,214.93
2026-08-20T17:00Z,180.59,125.77,110.98,177.13,158.05,202.95,225.62,204.39,182.529999,182.4,180.31,158.46,202.95
2026-08-20T17:15Z,189.29,150.65,135.0,186.96,173.48,204.17,225.17,,190.699997,190.63,186.29,157.44,205.06
2026-08-20T17:30Z,196.2,164.97,164.97,192.41,177.18,203.33,239.35,,196.880005,197.13,190.69,168.05,208.26
2026-08-20T17:45Z,202.81,195.01,195.01,201.92,198.07,205.27,216.08,,203.020004,203.12,195.63,168.07,206.82
2026-08-20T18:00Z,198.85,165.04,165.04,195.06,179.99,198.95,217.91,203.46,199.479996,199.3,190.06,168.72,200.86
2026-08-20T18:15Z,199.99,175.56,175.56,198.69,190.1,201.5,220.18,,200.899994,200.68,190.77,168.44,203.77
2026-08-20T18:30Z,201.56,188.6,188.6,201.12,196.46,204.95,221.76,,202.220001,202.22,190.81,155.2,207.34
2026-08-20T18:45Z,202.0,202.04,202.04,202.02,202.03,202.24,202.86,,202.009995,202.03,190.25,138.61,204.33
2026-08-20T19:00Z,200.64,200.64,200.64,200.64,200.64,200.64,200.64,199.17,200.639999,200.64,194.99,169.36,200.64
2026-08-20T19:15Z,197.67,197.67,197.67,197.67,197.67,197.67,197.67,,197.669998,197.67,192.55,145.28,197.67
2026-08-20T19:30Z,195.01,195.01,195.01,195.01,195.01,195.01,195.01,,195.009995,195.01,189.81,137.99,195.01
2026-08-20T19:45Z,189.15,189.15,189.15,189.15,189.15,189.15,189.15,,189.149994,189.16,184.81,126.78,189.15
2026-08-20T20:00Z,193.65,193.65,193.65,193.65,193.65,193.65,193.65,190.0,193.649994,193.64,187.01,150.12,193.65
2026-08-20T20:15Z,190.0,190.0,190.0,190.0,190.0,190.0,190.0,,190.0,190.0,184.99,138.66,190.0
2026-08-20T20:30Z,187.99,187.99,187.99,187.99,187.99,187.99,187.99,,187.990005,187.99,182.68,129.92,187.99
2026-08-20T20:45Z,180.07,180.07,180.07,180.07,180.07,180.07,180.07,,180.070007,180.45,174.9,122.67,180.07
2026-08-20T21:00Z,180.09,180.09,180.09,180.09,180.09,180.09,180.09,176.34,180.089996,179.72,175.07,128.72,180.09
2026-08-20T21:15Z,176.0,176.0,176.0,176.0,176.0,176.0,176.0,,176.0,176.01,170.94,123.03,176.0
2026-08-20T21:30Z,170.93,170.93,170.93,170.93,170.93,170.93,170.93,,170.929993,170.94,165.93,117.79,170.93
2026-08-20T21:45Z,165.04,165.04,165.04,165.04,165.04,165.04,151.49,,165.039993,165.05,160.03,106.03,165.04
2026-08-20T22:00Z,183.05,183.05,207.18,183.05,183.05,183.05,177.38,165.0,183.05,183.059998,162.12,130.82,183.05
2026-08-20T22:15Z,175.0,175.0,199.77,175.0,175.0,175.0,151.45,,175.0,175.0,163.94,110.0,175.0
2026-08-20T22:30Z,166.45,166.45,195.91,166.45,166.45,166.45,151.3,,166.45,166.460007,160.99,72.64,166.45
2026-08-20T22:45Z,156.9,156.9,183.5,156.9,156.9,156.9,156.9,,156.9,156.899994,152.46,61.95,156.9
2026-08-20T23:00Z,165.55,165.55,177.0,165.55,165.55,165.55,148.2,158.85,165.55,165.550003,160.77,60.22,165.55
2026-08-20T23:15Z,162.28,162.28,170.0,162.28,162.28,162.28,147.74,,162.28,162.279999,157.51,59.2,162.28
2026-08-20T23:30Z,159.74,159.74,165.42,159.74,159.74,159.74,146.35,,159.74,159.740005,154.97,64.87,159.74
2026-08-20T23:45Z,154.39,154.39,165.1,154.39,154.39,154.39,147.27,,154.39,154.389999,149.69,56.25,154.39
2026-08-21T00:00Z,154.94,154.94,171.58,154.94,154.94,154.94,154.94,152.35,154.94,154.949997,150.16,61.65,154.94
2026-08-21T00:15Z,152.71,153.93,167.49,153.05,153.38,159.38,148.63,,152.38,151.809998,147.63,68.63,162.56
2026-08-21T00:30Z,151.0,151.56,165.4,151.16,151.31,154.05,148.62,,150.85,150.589996,146.21,68.33,155.5
2026-08-21T00:45Z,151.3,152.26,165.38,151.58,151.83,156.57,148.09,,151.04,150.589996,146.4,67.32,159.07
2026-08-21T01:00Z,152.65,152.78,163.18,152.69,152.72,153.34,152.24,149.13,152.62,152.559998,148.02,49.8,153.66
2026-08-21T01:15Z,151.11,151.11,159.23,151.11,151.11,151.11,151.11,,151.11,151.100006,146.53,54.34,151.7
2026-08-21T01:30Z,151.53,151.53,155.0,151.53,151.53,151.53,151.53,,151.53,151.529999,146.97,61.37,151.7
2026-08-21T01:45Z,150.61,150.61,153.34,150.61,150.61,150.61,150.61,,150.61,150.600006,146.06,63.58,151.7
2026-08-21T02:00Z,150.88,150.88,150.88,150.88,150.88,150.88,150.88,149.0,150.88,150.880005,146.11,67.59,154.39
2026-08-21T02:15Z,151.49,151.87,151.87,151.6,151.7,153.54,150.24,,151.39,151.220001,146.52,94.82,156.97
2026-08-21T02:30Z,152.57,152.92,152.92,152.67,152.76,154.5,151.4,,152.48,152.320007,147.53,113.19,155.42
2026-08-21T02:45Z,157.9,157.9,157.9,157.9,157.9,157.9,149.62,,157.9,157.899994,152.92,123.64,166.36
2026-08-21T03:00Z,152.1,152.56,152.56,152.22,152.35,154.8,150.95,156.68,151.98,151.789993,147.39,69.64,156.24
2026-08-21T03:15Z,157.08,157.06,157.06,157.08,157.08,157.56,145.89,,157.07,157.070007,152.19,124.33,157.56
2026-08-21T03:30Z,169.32,165.32,165.32,168.86,168.38,172.59,147.27,,169.25,169.399994,158.83,141.19,172.59
2026-08-21T03:45Z,185.0,167.0,167.0,182.92,180.75,187.04,118.1,,184.56,182.050003,160.64,144.04,187.41
2026-08-21T04:00Z,181.71,167.44,167.44,179.99,178.3,183.31,150.05,180.0,181.28,184.559998,163.97,119.94,183.31
2026-08-21T04:15Z,189.94,174.61,174.61,188.09,186.28,191.65,165.8,,189.48,189.839996,172.91,126.77,191.65
2026-08-21T04:30Z,189.93,181.93,181.93,188.97,188.02,190.83,190.34,,189.7,189.889999,172.17,163.7,190.39
2026-08-21T04:45Z,195.26,185.0,185.0,194.37,193.8,196.21,195.69,,195.04,195.220001,178.24,171.32,194.02
2026-08-21T05:00Z,193.58,193.58,193.58,193.58,193.58,193.58,193.58,184.51,193.58,193.580002,183.22,154.45,193.58
2026-08-21T05:15Z,194.66,194.66,194.66,194.66,194.66,194.66,194.66,,194.66,194.669998,183.57,170.35,194.66
2026-08-21T05:30Z,195.32,195.32,195.32,195.32,195.32,195.32,195.32,,195.32,195.320007,183.58,159.23,195.32
2026-08-21T05:45Z,192.0,192.0,192.0,192.0,192.0,192.0,184.4,,192.0,192.0,184.25,171.83,192.74
2026-08-21T06:00Z,211.88,211.88,211.88,211.88,211.88,211.88,186.58,178.0,211.88,211.880005,183.1,167.07,211.88
2026-08-21T06:15Z,204.71,204.71,204.71,204.71,204.71,204.71,157.53,,204.71,204.699997,183.01,169.29,204.71
2026-08-21T06:30Z,188.2,188.2,188.2,188.2,188.2,188.2,125.05,,188.2,188.190002,181.04,161.47,194.02
2026-08-21T06:45Z,165.55,165.55,165.55,165.55,165.55,165.55,112.08,,165.55,165.550003,163.97,157.01,189.39
2026-08-21T07:00Z,193.04,193.04,150.0,193.04,193.04,193.04,107.45,165.0,193.04,193.039993,181.29,175.43,231.15
2026-08-21T07:15Z,175.59,175.59,110.8,175.59,175.59,175.59,107.46,,175.59,175.580002,170.17,152.87,198.08
2026-08-21T07:30Z,158.24,158.24,85.3,158.24,158.24,158.24,106.07,,158.24,158.240005,159.06,143.41,189.39
2026-08-21T07:45Z,144.45,144.45,81.75,144.45,144.45,144.45,125.62,,144.45,146.419998,147.69,135.52,181.38
2026-08-21T08:00Z,166.0,166.0,80.01,166.0,166.0,166.0,110.36,159.6,166.0,164.020004,160.0,146.74,194.02
2026-08-21T08:15Z,154.69,154.69,59.25,154.69,154.69,154.69,113.48,,154.69,152.070007,150.24,136.5,208.0
2026-08-21T08:30Z,142.59,142.59,21.56,142.59,142.59,142.59,121.8,,142.59,145.199997,140.01,130.02,196.8
2026-08-21T08:45Z,132.72,132.72,6.03,132.72,132.72,132.72,132.48,,132.72,132.710007,137.05,97.82,189.5
2026-08-21T09:00Z,139.8,139.8,5.88,139.83,139.88,157.76,113.47,159.6,139.49,139.100006,137.63,128.72,194.2
2026-08-21T09:15Z,142.14,142.42,2.0,142.23,142.31,147.78,113.48,,142.0,141.779999,138.07,109.99,187.11
2026-08-21T09:30Z,137.0,137.0,2.0,137.0,137.0,137.0,113.94,,137.0,137.0,137.28,112.64,174.71
2026-08-21T09:45Z,136.59,128.34,1.8,135.14,134.33,137.48,113.94,,136.23,136.429993,137.88,86.26,168.75
2026-08-21T10:00Z,134.38,135.62,2.2,134.91,135.26,156.69,113.47,160.07,133.59,132.100006,135.67,118.1,166.36
2026-08-21T10:15Z,134.62,135.58,2.0,135.12,135.4,149.09,113.94,,133.86,132.389999,135.2,115.87,161.02
2026-08-21T10:30Z,134.77,136.62,2.0,135.48,135.93,143.7,113.93,,134.07,132.550003,135.5,90.79,160.08
2026-08-21T10:45Z,137.07,137.37,2.0,137.54,137.77,145.73,113.94,,136.18,134.520004,135.22,85.85,155.69
2026-08-21T11:00Z,140.65,140.65,2.0,140.65,140.65,140.65,113.9,152.0,140.65,140.639999,140.0,101.84,152.01
2026-08-21T11:15Z,138.01,120.12,2.0,134.89,133.16,144.1,112.66,,137.18,137.550003,139.99,90.53,144.1
2026-08-21T11:30Z,142.81,90.35,2.0,133.71,128.66,154.0,114.02,,140.38,141.410004,139.97,99.14,155.5
2026-08-21T11:45Z,140.51,57.91,2.0,126.31,118.4,154.39,128.13,,136.46,137.5,139.95,101.72,154.39
2026-08-21T12:00Z,134.35,132.76,2.0,134.2,134.12,135.11,126.9,156.95,134.25,134.160004,137.41,77.31,151.9
2026-08-21T12:15Z,142.05,103.12,2.0,137.67,135.22,147.66,124.12,,141.04,141.690002,137.08,92.73,150.22
2026-08-21T12:30Z,144.34,79.92,2.0,136.96,132.85,151.82,127.36,,142.8,144.130005,138.81,101.94,152.39
2026-08-21T12:45Z,143.95,64.52,2.0,134.85,129.78,153.49,127.0,,142.05,143.679993,138.08,109.99,153.49
2026-08-21T13:00Z,144.78,126.12,2.0,142.66,141.47,147.21,138.26,157.49,143.57,144.679993,139.52,72.55,147.64
2026-08-21T13:15Z,145.0,94.37,2.0,139.23,135.97,151.06,141.26,,141.63,144.830002,139.49,83.5,151.68
2026-08-21T13:30Z,144.12,70.77,2.0,135.76,131.03,152.75,148.2,,142.41,146.399994,139.05,113.39,152.75
2026-08-21T13:45Z,165.09,58.77,2.0,153.53,146.54,177.9,126.73,,158.29,161.520004,152.04,138.43,154.39
2026-08-21T14:00Z,148.6,30.81,2.0,135.47,127.62,162.59,132.0,159.6,140.59,147.679993,138.14,93.24,163.56
2026-08-21T14:15Z,157.97,47.64,2.0,145.9,138.49,171.19,124.2,,150.79,156.759995,145.35,126.92,164.16
2026-08-21T14:30Z,167.88,62.42,2.2,154.86,142.33,181.4,144.04,,158.63,166.240005,152.78,137.94,169.73
2026-08-21T14:45Z,191.51,80.56,4.77,180.29,166.36,207.03,185.6,,157.62,186.080002,153.08,156.0,170.32
2026-08-21T15:00Z,160.6,91.17,4.95,152.66,144.19,169.97,165.0,169.1,155.23,159.789993,150.27,136.42,161.36
2026-08-21T15:15Z,180.84,130.62,7.27,176.71,170.06,188.37,184.2,,164.48,177.839996,157.37,159.12,180.0
2026-08-21T15:30Z,196.0,150.44,13.01,193.76,187.24,203.54,199.21,,169.43,190.990005,160.59,165.32,198.97
2026-08-21T15:45Z,207.39,160.53,38.77,203.28,197.16,214.3,210.5,,194.09,204.979996,162.18,168.39,200.22
2026-08-21T16:00Z,193.49,135.72,53.75,186.58,179.62,194.14,213.48,187.0,174.21,193.75,170.09,167.54,175.57
2026-08-21T16:15Z,199.99,151.22,81.81,194.66,188.9,214.91,244.58,,196.58,200.770004,170.96,171.45,185.0
2026-08-21T16:30Z,196.37,178.77,85.4,195.02,193.08,211.86,243.86,,193.86,197.419998,173.36,174.04,202.55
2026-08-21T16:45Z,198.11,185.06,100.0,197.45,196.1,214.92,251.99,,193.98,197.550003,173.69,187.35,189.5
2026-08-21T17:00Z,205.0,137.48,94.01,197.56,164.73,202.84,237.09,192.51,204.02,207.759995,180.89,177.15,191.87
2026-08-21T17:15Z,204.34,159.98,129.79,199.6,177.9,204.85,232.69,,203.84,205.160004,180.68,176.46,201.5
2026-08-21T17:30Z,199.99,193.87,187.95,200.08,196.45,209.84,240.75,,200.67,201.119995,180.78,176.65,209.84
2026-08-21T17:45Z,208.33,210.27,210.27,209.37,209.61,219.31,248.53,,208.87,209.429993,180.08,174.06,216.79
2026-08-21T18:00Z,206.99,165.76,165.76,202.92,182.45,211.9,249.9,195.03,207.22,208.190002,181.36,172.16,201.17
2026-08-21T18:15Z,199.56,195.91,195.91,199.76,197.46,207.68,232.24,,200.06,200.440002,181.27,175.96,201.17
2026-08-21T18:30Z,200.76,201.56,201.56,201.18,201.28,205.37,217.6,,200.97,201.210007,180.82,173.69,205.37
2026-08-21T18:45Z,208.31,208.78,208.78,208.56,208.61,211.0,218.14,,208.43,208.580002,180.7,166.47,211.0
2026-08-21T19:00Z,205.32,205.32,205.32,205.32,205.32,205.32,205.32,190.0,205.32,205.320007,180.65,166.9,205.32
2026-08-21T19:15Z,204.01,204.01,204.01,204.01,204.01,204.01,204.01,,204.01,204.020004,180.42,166.7,204.01
2026-08-21T19:30Z,195.96,195.96,195.96,195.96,195.96,195.96,195.96,,195.96,195.970001,179.56,166.15,195.96
2026-08-21T19:45Z,189.57,189.39,189.39,189.55,189.45,189.39,190.41,,189.57,189.619995,174.98,153.1,189.39
2026-08-21T20:00Z,192.71,192.83,192.83,192.74,192.76,192.47,194.36,180.0,192.74,192.800003,173.24,155.21,192.83
2026-08-21T20:15Z,188.27,188.44,188.44,188.32,188.35,187.93,190.67,,188.31,188.410004,171.9,152.67,188.44
2026-08-21T20:30Z,189.26,189.39,189.39,189.3,189.32,189.0,191.08,,189.29,189.369995,170.54,141.78,189.39
2026-08-21T20:45Z,179.19,179.31,179.31,179.22,179.24,178.92,181.03,,179.21,179.300003,170.45,136.17,179.31
2026-08-21T21:00Z,182.37,182.37,182.37,182.37,182.37,182.37,182.37,172.17,182.37,182.369995,170.44,146.92,182.37
2026-08-21T21:15Z,175.8,175.8,175.8,175.8,175.8,175.8,175.8,,175.8,175.800003,169.04,139.93,175.8
2026-08-21T21:30Z,171.92,171.92,171.92,171.92,171.92,171.92,148.67,,171.92,171.919998,163.96,135.35,171.92
2026-08-21T21:45Z,163.91,163.91,163.91,163.91,163.91,163.91,153.12,,163.91,163.919998,159.75,128.65,163.91
2026-08-21T22:00Z,176.56,177.25,177.25,176.74,176.93,179.34,125.66,162.68,176.34,179.539993,164.19,134.98,182.92
2026-08-21T22:15Z,171.6,172.86,172.86,171.93,172.28,176.68,140.05,,171.21,170.660004,163.97,129.61,183.2
2026-08-21T22:30Z,166.27,167.39,167.39,166.56,166.87,170.77,137.54,,165.93,165.429993,161.14,113.32,176.56
2026-08-21T22:45Z,157.6,158.94,158.94,157.95,158.32,163.01,153.59,,157.18,156.570007,152.57,102.61,169.77
2026-08-21T23:00Z,164.97,165.04,165.04,164.98,165.01,165.39,127.05,157.77,164.94,164.910004,160.13,112.23,165.66
2026-08-21T23:15Z,161.34,161.44,161.44,161.36,161.39,161.92,140.03,,161.31,161.259995,156.63,108.87,162.28
2026-08-21T23:30Z,160.01,160.01,160.01,160.01,160.01,160.01,142.0,,160.01,160.009995,155.44,92.52,160.01
2026-08-21T23:45Z,159.82,159.82,159.82,159.82,159.82,159.82,151.16,,159.82,159.820007,155.26,92.42,159.82
2026-08-22T00:00Z,159.97,159.97,163.6,159.97,159.97,159.97,137.2,150.0,159.97,159.960007,155.42,88.11,159.97
2026-08-22T00:15Z,156.91,156.91,160.0,156.91,156.91,156.91,134.93,,156.91,156.899994,152.4,88.76,156.91
2026-08-22T00:30Z,159.9,159.9,159.9,159.9,159.9,159.9,159.5,,159.9,159.899994,155.24,124.87,159.9
2026-08-22T00:45Z,158.07,158.07,158.07,158.07,158.07,158.07,154.48,,158.07,158.070007,153.52,112.34,158.07
2026-08-22T01:00Z,160.23,160.23,160.23,160.23,160.23,160.23,160.23,146.7,160.23,160.229996,155.54,120.6,160.76
2026-08-22T01:15Z,155.99,155.99,157.33,155.99,155.99,155.99,150.23,,155.99,155.990005,151.36,120.05,157.82
2026-08-22T01:30Z,153.7,153.75,155.0,153.71,153.72,153.98,145.13,,153.68,153.660004,149.23,109.99,155.6
2026-08-22T01:45Z,147.64,148.09,155.0,147.75,147.87,150.3,139.57,,147.47,147.259995,143.11,109.99,155.14
2026-08-22T02:00Z,154.29,154.29,155.39,154.29,154.29,154.29,145.13,145.0,154.29,154.289993,149.66,129.69,155.61
2026-08-22T02:15Z,149.62,150.2,154.61,149.76,149.92,153.0,145.12,,149.41,149.139999,144.99,109.99,155.0
2026-08-22T02:30Z,145.26,146.55,154.5,145.57,145.93,152.78,141.42,,144.8,144.199997,140.44,101.51,160.85
2026-08-22T02:45Z,144.83,146.16,155.0,145.15,145.52,152.6,140.86,,144.36,143.729996,140.0,101.51,157.18
2026-08-22T03:00Z,147.67,149.65,158.22,148.09,148.66,159.63,141.42,145.0,146.86,145.899994,142.5,109.99,166.74
2026-08-22T03:15Z,143.8,146.39,157.33,144.35,145.09,159.46,134.93,,142.74,141.479996,138.44,107.16,168.76
2026-08-22T03:30Z,144.19,146.8,159.95,144.75,145.49,159.95,135.95,,143.12,141.850006,138.81,101.5,169.31
2026-08-22T03:45Z,146.37,148.86,161.44,146.9,147.61,161.46,134.92,,145.35,144.130005,141.01,96.61,170.42
2026-08-22T04:00Z,153.82,154.47,166.37,153.95,154.13,157.8,136.78,146.7,153.53,153.210007,149.01,105.71,161.99
2026-08-22T04:15Z,156.7,156.78,169.12,156.83,156.8,156.76,138.63,,155.52,156.449997,150.92,103.75,176.11
2026-08-22T04:30Z,155.67,155.78,169.12,155.85,155.8,155.7,140.5,,154.02,155.330002,149.35,101.12,157.38
2026-08-22T04:45Z,149.37,149.37,170.0,149.37,149.37,149.37,131.35,,149.37,151.369995,144.96,105.28,155.0
2026-08-22T05:00Z,159.74,160.12,171.0,160.35,160.22,159.87,141.79,140.0,153.74,156.559998,148.53,99.05,166.85
2026-08-22T05:15Z,146.89,146.89,171.44,146.89,146.89,146.89,130.29,,146.89,146.889999,142.5,102.03,190.0
2026-08-22T05:30Z,139.3,139.3,169.22,139.3,139.3,139.3,128.44,,139.3,139.300003,134.98,101.94,176.13
2026-08-22T05:45Z,130.09,130.09,169.0,130.09,130.09,130.09,124.72,,130.09,130.089996,130.56,109.01,158.17
2026-08-22T06:00Z,147.32,147.32,155.39,147.32,147.32,147.32,121.36,129.77,147.32,147.320007,138.29,106.52,182.68
2026-08-22T06:15Z,138.0,138.0,142.4,138.0,138.0,138.0,121.01,,138.0,138.0,133.72,106.21,158.61
2026-08-22T06:30Z,124.51,124.51,124.51,124.51,124.51,124.51,118.7,,124.51,124.510002,121.33,99.47,148.89
2026-08-22T06:45Z,102.69,102.69,102.69,102.69,102.69,102.69,102.69,,102.69,102.690002,110.83,95.6,141.54
2026-08-22T07:00Z,110.75,110.75,101.96,110.75,110.75,110.75,110.75,102.0,110.75,110.75,111.12,110.58,150.0
2026-08-22T07:15Z,98.63,98.63,85.4,98.63,98.63,98.63,98.63,,98.63,98.629997,104.96,98.63,145.12
2026-08-22T07:30Z,85.01,85.01,59.25,85.01,85.01,85.01,85.01,,85.01,85.010002,87.75,84.77,172.89
2026-08-22T07:45Z,66.68,43.38,10.8,64.64,63.38,69.36,67.99,,66.39,66.830002,74.91,66.81,156.17
2026-08-22T08:00Z,78.38,50.24,5.88,75.68,74.2,81.41,79.77,54.76,77.83,78.360001,80.33,78.22,178.59
2026-08-22T08:15Z,64.13,3.11,1.81,58.28,55.06,70.7,67.15,,62.94,64.080002,64.95,64.03,163.4
2026-08-22T08:30Z,38.57,9.8,1.01,35.82,34.3,41.68,40.0,,38.01,38.549999,93.02,38.55,143.31
2026-08-22T08:45Z,20.1,8.01,0.43,18.94,18.3,21.4,20.7,,19.86,20.4,94.97,20.7,127.94
2026-08-22T09:00Z,41.97,0.0,0.0,34.29,29.41,46.45,43.91,26.84,40.13,41.189999,105.64,43.91,114.57
2026-08-22T09:15Z,20.59,0.0,0.0,16.82,14.42,22.78,21.54,,19.68,20.76,106.53,31.38,103.1
2026-08-22T09:30Z,10.22,0.0,0.0,8.35,7.16,11.31,10.69,,9.77,11.25,106.49,38.0,98.67
2026-08-22T09:45Z,6.47,-0.01,-0.01,5.28,4.53,7.16,6.77,,6.19,7.56,106.38,35.99,98.1
2026-08-22T10:00Z,3.02,3.02,0.0,3.02,3.02,3.02,3.02,13.4,3.02,4.83,97.97,44.6,119.18
2026-08-22T10:15Z,0.96,0.96,-0.01,0.96,0.96,0.96,0.96,,0.96,2.71,97.96,41.7,111.14
2026-08-22T10:30Z,0.01,0.01,-0.01,0.01,0.01,0.01,0.01,,1.31,2.76,97.96,34.9,118.71
2026-08-22T10:45Z,0.0,0.0,-0.01,0.0,0.0,0.0,0.0,,1.0,2.24,97.96,30.0,105.0
2026-08-22T11:00Z,0.0,0.0,-0.01,0.0,0.0,0.0,0.0,8.0,1.35,2.93,100.49,38.0,93.0
2026-08-22T11:15Z,0.0,0.0,-0.01,0.0,0.0,0.0,0.0,,1.36,2.86,98.38,36.21,96.95
2026-08-22T11:30Z,-0.01,-0.01,-0.01,-0.01,-0.01,0.0,-0.01,,1.34,2.67,97.97,32.23,90.0
2026-08-22T11:45Z,-0.01,-0.01,-0.01,-0.01,-0.01,0.0,-0.01,,1.33,2.63,97.96,31.38,90.0
2026-08-22T12:00Z,-0.01,-0.01,-0.01,-0.01,-0.01,0.0,-0.01,9.0,1.33,2.87,93.98,37.1,91.95
2026-08-22T12:15Z,-0.01,-0.01,-0.01,-0.01,-0.01,0.0,-0.01,,1.33,2.75,90.0,34.47,92.02
2026-08-22T12:30Z,-0.01,-0.01,-0.01,-0.01,-0.01,0.01,-0.01,,1.31,2.63,81.72,32.1,91.95
2026-08-22T12:45Z,-0.01,-0.01,-0.01,-0.01,-0.01,0.01,-0.01,,0.97,2.16,10.07,29.31,82.33
2026-08-22T13:00Z,-0.06,-0.01,-0.01,-0.04,-0.04,1.34,0.36,15.0,0.92,2.18,-0.02,30.97,80.0
2026-08-22T13:15Z,-0.14,0.0,-0.01,-0.09,-0.07,5.0,1.65,,1.33,2.54,0.0,30.01,74.77
2026-08-22T13:30Z,-0.1,-0.01,-0.01,-0.04,-0.02,11.83,3.5,,1.33,2.61,0.0,31.72,68.0
2026-08-22T13:45Z,-0.09,-0.01,-0.01,-0.01,0.01,16.67,4.97,,1.33,2.7,0.01,33.98,78.0
2026-08-22T14:00Z,-0.01,-0.01,-0.01,0.11,0.12,10.8,5.52,62.9,0.35,2.11,1.23,30.41,66.28
2026-08-22T14:15Z,0.0,-0.01,-0.01,0.26,0.29,23.53,12.46,,0.77,3.98,2.9,35.53,87.44
2026-08-22T14:30Z,0.0,-0.01,-0.01,0.67,0.74,78.15,34.9,,2.11,4.98,56.48,36.91,122.26
2026-08-22T14:45Z,0.0,0.0,0.0,1.07,1.2,126.69,56.29,,3.41,8.91,94.99,46.93,130.32
2026-08-22T15:00Z,0.01,0.0,0.0,0.34,0.44,69.75,69.76,133.91,1.45,4.9,104.96,29.16,141.91
2026-08-22T15:15Z,2.05,0.0,0.0,2.77,3.13,134.18,96.44,,2.96,6.14,105.13,42.0,144.0
2026-08-22T15:30Z,39.51,12.3,0.51,38.0,36.92,170.4,97.8,,39.78,42.029999,100.49,53.0,170.4
2026-08-22T15:45Z,71.99,68.39,1.08,72.37,72.49,171.04,95.53,,72.42,73.410004,104.98,73.41,174.27
2026-08-22T16:00Z,76.32,76.32,1.08,76.6,77.18,152.49,92.17,151.42,76.1,76.660004,104.92,76.55,154.81
2026-08-22T16:15Z,95.15,99.88,3.43,96.05,97.11,148.27,104.2,,94.87,94.82,109.49,94.42,177.81
2026-08-22T16:30Z,113.99,119.21,10.0,115.06,116.25,167.85,120.3,,113.52,113.139999,114.53,87.67,198.37
2026-08-22T16:45Z,134.83,138.77,35.38,135.62,136.5,171.1,141.15,,134.64,134.550003,130.02,70.61,207.4
2026-08-22T17:00Z,132.5,134.18,38.99,132.59,132.92,154.98,125.11,156.0,132.52,133.75,128.38,100.01,178.32
2026-08-22T17:15Z,141.86,144.36,85.19,142.48,142.91,170.0,131.22,,139.42,141.979996,134.79,94.76,190.0
2026-08-22T17:30Z,157.56,162.36,110.0,160.32,160.9,174.95,142.0,,134.29,145.110001,139.94,60.09,193.31
2026-08-22T17:45Z,164.68,167.99,145.0,167.89,167.57,174.92,148.37,,133.05,146.080002,140.87,50.06,198.37
2026-08-22T18:00Z,146.99,150.86,150.86,148.4,149.25,163.19,136.75,158.2,137.0,143.259995,137.19,91.99,183.87
2026-08-22T18:15Z,156.78,162.01,162.01,160.05,160.57,173.96,146.91,,138.22,142.970001,135.0,58.05,190.0
2026-08-22T18:30Z,169.75,175.0,175.0,174.78,174.51,181.01,145.19,,137.63,143.979996,134.99,35.92,190.02
2026-08-22T18:45Z,183.13,188.0,188.0,189.92,188.7,186.31,134.25,,136.87,144.899994,134.85,24.01,190.0
2026-08-22T19:00Z,172.56,176.99,176.99,177.98,177.19,174.92,113.61,156.0,135.13,142.830002,133.87,67.13,188.48
2026-08-22T19:15Z,170.74,175.36,175.36,175.93,175.34,177.99,123.79,,133.0,142.039993,133.83,47.27,182.98
2026-08-22T19:30Z,165.85,170.0,170.0,170.29,169.87,173.51,138.71,,126.51,139.860001,133.86,29.8,177.8
2026-08-22T19:45Z,163.66,167.93,168.0,167.9,167.62,172.73,146.7,,125.39,139.039993,133.39,14.0,178.22
2026-08-22T20:00Z,166.18,172.0,172.0,171.12,171.1,180.77,147.89,155.8,127.17,139.449997,133.01,25.0,193.77
2026-08-22T20:15Z,158.41,166.16,166.16,165.61,165.94,177.96,146.12,,123.41,136.369995,131.11,13.19,191.28
2026-08-22T20:30Z,152.26,165.95,165.95,169.04,169.39,175.31,139.24,,122.47,134.470001,129.78,9.52,190.0
2026-08-22T20:45Z,145.98,160.0,160.0,163.13,163.53,169.74,132.45,,123.01,130.300003,128.0,8.29,184.96
2026-08-22T21:00Z,146.75,160.0,160.0,161.91,162.65,169.15,132.36,150.82,128.0,134.210007,133.28,7.72,187.92
2026-08-22T21:15Z,142.34,158.09,158.09,161.31,161.96,166.34,127.86,,123.97,127.580002,128.17,6.95,185.62
2026-08-22T21:30Z,139.28,154.29,154.29,156.55,157.39,164.4,123.2,,122.83,126.230003,126.93,5.87,185.39
2026-08-22T21:45Z,136.11,150.0,150.0,151.79,152.64,160.11,120.99,,121.31,124.529999,125.3,5.0,181.06
2026-08-22T22:00Z,140.99,153.17,161.0,153.92,154.45,172.91,117.41,142.05,131.91,134.330002,134.99,6.31,185.5
2026-08-22T22:15Z,133.96,142.47,160.52,140.89,141.87,164.65,115.01,,130.01,129.660004,133.89,5.56,198.37
2026-08-22T22:30Z,129.02,136.03,158.64,133.32,134.54,159.65,109.35,,127.41,125.120003,131.21,4.99,193.55
2026-08-22T22:45Z,126.72,133.1,158.46,130.54,131.68,154.98,108.53,,125.36,123.139999,129.1,4.12,190.0
2026-08-22T23:00Z,131.2,138.77,156.9,137.83,138.51,154.97,97.93,140.07,127.53,126.82,131.34,4.97,180.67
2026-08-22T23:15Z,126.69,132.91,158.64,130.88,131.82,151.18,97.93,,125.1,122.849998,128.84,4.01,177.0
2026-08-22T23:30Z,124.79,129.42,158.46,127.81,128.55,142.86,97.93,,123.74,121.669998,127.44,3.05,174.17
2026-08-22T23:45Z,120.6,124.45,160.04,123.14,123.75,135.33,96.16,,119.7,117.910004,123.54,2.85,173.6
2026-08-23T00:00Z,126.28,134.35,165.0,133.68,134.21,149.99,83.07,140.0,123.38,121.160004,126.54,2.91,159.72
2026-08-23T00:15Z,119.75,125.4,161.77,123.56,124.45,140.31,79.47,,118.59,116.459999,122.39,2.64,154.8
2026-08-23T00:30Z,117.56,122.02,160.29,119.37,120.39,137.44,75.8,,116.77,113.779999,120.26,2.22,154.8
2026-08-23T00:45Z,113.87,116.93,160.04,115.1,115.8,127.79,87.45,,113.34,111.300003,116.72,2.06,147.91
2026-08-23T01:00Z,117.57,121.51,159.5,119.14,120.05,135.11,76.18,134.18,116.76,114.050003,120.25,1.99,164.5
2026-08-23T01:15Z,116.43,120.97,158.64,118.24,119.29,136.64,68.73,,115.5,112.290001,118.95,1.94,162.44
2026-08-23T01:30Z,115.74,119.83,158.64,117.37,118.32,133.96,72.75,,114.9,112.010002,118.33,1.93,154.8
2026-08-23T01:45Z,115.1,120.18,158.46,117.12,118.3,137.72,61.72,,114.06,110.470001,117.46,1.89,154.8
2026-08-23T02:00Z,117.63,121.95,158.46,119.39,120.38,136.7,71.49,133.38,116.81,113.800003,120.3,1.92,154.8
2026-08-23T02:15Z,113.72,113.9,158.46,114.97,115.45,132.88,68.92,,112.84,110.110001,116.21,1.86,154.8
2026-08-23T02:30Z,113.64,112.63,158.46,114.38,114.63,126.88,83.07,,113.01,110.980003,116.39,1.83,154.8
2026-08-23T02:45Z,113.98,112.98,158.0,114.72,114.98,127.36,83.07,,113.34,111.400002,116.73,1.51,154.8
2026-08-23T03:00Z,116.5,119.65,156.9,117.79,118.5,130.36,83.08,133.34,115.91,113.720001,119.37,1.82,168.12
2026-08-23T03:15Z,115.39,118.43,158.46,116.63,117.33,128.79,83.08,,114.82,112.75,118.25,1.81,169.46
2026-08-23T03:30Z,117.78,120.36,158.46,118.84,119.42,129.14,90.42,,117.3,115.459999,120.8,1.81,164.5
2026-08-23T03:45Z,117.27,119.82,158.64,118.32,118.9,128.47,90.29,,116.8,115.029999,120.29,1.81,173.0
2026-08-23T04:00Z,119.5,123.57,158.64,121.06,122.0,143.72,96.01,132.89,118.81,116.669998,122.35,1.99,188.81
2026-08-23T04:15Z,117.25,120.54,158.64,118.49,119.26,137.32,99.66,,116.68,115.0,120.17,2.0,190.0
2026-08-23T04:30Z,116.62,119.19,160.04,117.59,118.19,132.47,103.31,,116.18,114.870003,119.65,2.14,173.0
2026-08-23T04:45Z,113.46,114.82,160.04,113.96,114.28,122.15,107.41,,113.22,112.559998,116.6,2.3,155.55
2026-08-23T05:00Z,115.99,115.99,158.64,115.99,115.99,115.99,115.99,110.87,115.99,115.989998,119.01,2.84,193.31
2026-08-23T05:15Z,111.99,111.99,158.64,111.99,111.99,111.99,111.99,,111.99,111.989998,115.27,3.68,188.13
2026-08-23T05:30Z,100.0,100.0,158.46,100.0,100.0,100.0,100.0,,100.0,99.279999,103.51,4.03,177.16
2026-08-23T05:45Z,80.39,80.39,155.3,80.39,80.39,80.39,80.39,,80.39,78.940002,82.79,4.99,150.0
2026-08-23T06:00Z,95.58,100.39,140.4,97.86,98.87,114.84,44.53,100.0,94.74,93.040001,97.96,4.13,150.0
2026-08-23T06:15Z,72.0,76.76,102.39,74.25,75.25,91.08,21.4,,71.16,67.32,83.36,4.97,132.33
2026-08-23T06:30Z,25.56,27.82,84.73,26.63,27.1,34.59,1.63,,25.17,23.35,97.96,4.99,100.0
2026-08-23T06:45Z,6.18,6.75,38.88,6.45,6.57,8.47,0.12,,6.08,4.97,100.5,4.1,75.0
2026-08-23T07:00Z,4.48,4.89,8.76,4.66,4.75,6.2,0.0,20.23,4.38,3.89,100.03,3.89,60.0
2026-08-23T07:15Z,0.05,0.28,0.71,0.27,0.26,0.78,-2.89,,0.5,2.31,101.25,2.31,34.71
2026-08-23T07:30Z,-0.13,0.01,0.01,0.06,0.03,0.19,-2.07,,0.42,1.6,102.82,2.03,30.0
2026-08-23T07:45Z,-0.38,0.0,0.0,-0.12,-0.08,0.99,-4.82,,0.0,1.6,104.48,2.0,63.52
2026-08-23T08:00Z,-0.19,-0.01,-0.01,0.06,0.02,0.2,-2.62,-2.3,0.52,2.01,108.15,2.01,31.0
2026-08-23T08:15Z,-0.44,-0.09,-0.09,-0.1,-0.11,0.62,-4.92,,0.36,2.0,108.98,2.0,31.0
2026-08-23T08:30Z,-0.64,-0.11,-0.5,-0.19,-0.18,1.15,-7.3,,0.23,1.99,109.46,1.99,14.0
2026-08-23T08:45Z,-1.01,-0.18,-0.78,-0.39,-0.34,1.93,-11.11,,0.0,1.99,110.22,1.99,14.0
2026-08-23T09:00Z,-1.0,-0.64,-1.0,-0.61,-0.64,0.06,-5.8,-4.0,0.1,2.0,107.32,2.0,14.0
2026-08-23T09:15Z,-1.62,-1.02,-1.02,-1.07,-1.08,0.29,-9.2,,0.92,2.0,107.83,2.0,14.0
2026-08-23T09:30Z,-2.03,-1.16,-1.16,-1.32,-1.29,0.96,-12.93,,1.3,1.99,107.91,1.99,13.0
2026-08-23T09:45Z,-2.67,-1.78,-1.78,-1.91,-1.9,0.31,-13.9,,0.66,1.93,108.37,1.93,13.0
2026-08-23T10:00Z,-2.99,-2.0,-2.0,-2.19,-2.16,0.36,-15.37,-9.03,1.75,1.81,107.0,1.81,12.0
2026-08-23T10:15Z,-3.17,-2.1,-2.1,-2.32,-2.29,0.49,-16.53,,1.77,1.81,107.05,1.81,12.0
2026-08-23T10:30Z,-2.99,-2.1,-2.1,-2.26,-2.25,0.0,-14.23,,1.57,1.6,107.09,1.6,12.0
2026-08-23T10:45Z,-2.99,-2.1,-2.1,-2.27,-2.25,0.0,-14.24,,1.54,1.59,107.06,1.59,12.0
2026-08-23T11:00Z,-3.52,-2.55,-2.1,-2.73,-2.72,-0.2,-15.99,-17.72,1.57,1.59,107.74,1.59,12.0
2026-08-23T11:15Z,-4.99,-3.9,-2.1,-4.04,-4.05,-1.4,-19.09,,1.57,1.59,107.57,1.59,12.0
2026-08-23T11:30Z,-5.44,-4.37,-2.1,-4.47,-4.5,-2.01,-19.38,,1.54,1.59,107.42,1.59,12.0
2026-08-23T11:45Z,-6.04,-4.9,-2.1,-5.0,-5.04,-2.39,-20.9,,1.46,1.51,107.12,1.51,12.0
2026-08-23T12:00Z,-6.21,-4.75,-2.1,-5.0,-4.99,-1.28,-25.06,-11.07,0.5,1.81,105.65,1.81,1.0
2026-08-23T12:15Z,-5.07,-3.74,-2.1,-4.0,-3.98,-0.53,-22.12,,1.3,1.81,105.18,1.81,10.0
2026-08-23T12:30Z,-3.04,-2.25,-2.1,-2.36,-2.37,-0.43,-13.26,,1.32,1.6,102.06,1.6,12.0
2026-08-23T12:45Z,-2.61,-2.1,-2.1,-2.44,-2.32,-0.31,-8.91,,1.32,1.6,100.5,1.71,12.0
2026-08-23T13:00Z,-2.01,-1.58,-1.58,-1.86,-1.76,0.0,-7.24,5.0,0.0,1.6,100.49,1.89,12.0
2026-08-23T13:15Z,-1.73,-1.02,-1.02,-1.49,-1.32,1.59,-10.35,,-0.01,1.6,100.49,1.99,12.0
2026-08-23T13:30Z,-1.0,-0.11,-1.0,-0.69,-0.49,3.17,-11.8,,0.0,1.6,100.49,2.03,12.0
2026-08-23T13:45Z,-1.17,-0.11,-1.0,-0.8,-0.58,7.94,-9.7,,0.0,2.1,100.5,2.48,12.0
2026-08-23T14:00Z,-1.03,-0.03,-1.0,-0.67,-0.45,5.57,-10.8,65.3,-0.03,2.14,110.03,2.67,6.57
2026-08-23T14:15Z,-1.0,-0.01,-1.0,-0.44,-0.13,7.27,-21.67,,-0.05,2.18,110.18,3.53,24.98
2026-08-23T14:30Z,-0.1,-0.01,-1.0,0.57,0.84,25.0,-22.53,,0.35,2.2,110.2,4.25,25.0
2026-08-23T14:45Z,0.0,-0.01,-1.0,2.32,3.12,139.09,-45.0,,1.56,3.97,110.43,5.5,65.0
2026-08-23T15:00Z,0.07,-0.01,-0.81,0.95,1.26,88.43,9.23,133.26,1.02,5.55,110.14,5.55,110.33
2026-08-23T15:15Z,10.71,-0.01,-0.66,11.12,10.87,133.27,8.94,,11.37,8.2,111.07,8.2,133.27
2026-08-23T15:30Z,70.68,-0.01,-0.39,65.51,61.94,164.8,62.7,,69.68,70.669998,111.18,22.12,164.8
2026-08-23T15:45Z,112.04,0.0,-0.02,103.17,97.38,192.0,95.14,,109.83,110.760002,118.16,33.57,192.0
2026-08-23T16:00Z,104.2,0.0,0.0,102.43,101.11,155.0,96.06,146.11,101.91,99.029999,130.54,24.81,155.0
2026-08-23T16:15Z,129.33,22.03,0.01,120.85,115.01,185.53,109.98,,126.83,127.25,139.44,65.7,185.53
2026-08-23T16:30Z,161.71,69.2,1.08,154.2,149.07,200.32,148.39,,159.68,160.369995,144.57,89.06,200.32
2026-08-23T16:45Z,182.45,165.91,3.43,181.56,180.84,202.36,164.54,,181.77,180.899994,150.25,97.73,203.74
2026-08-23T17:00Z,165.07,122.29,1.09,161.25,158.91,193.31,160.87,162.49,163.74,164.229996,156.31,78.57,193.31
2026-08-23T17:15Z,177.63,109.99,38.88,171.41,167.47,190.0,182.54,,176.05,177.520004,162.74,90.79,190.0
2026-08-23T17:30Z,189.05,140.21,84.73,184.57,181.72,196.57,192.36,,187.91,188.960007,164.64,100.03,196.8
2026-08-23T17:45Z,189.05,131.71,107.0,183.78,180.44,198.25,144.85,,187.72,188.949997,170.02,96.41,198.44
2026-08-23T18:00Z,188.4,125.0,125.0,182.39,178.67,194.44,174.3,178.95,186.67,187.929993,170.9,96.95,195.5
2026-08-23T18:15Z,187.17,150.0,150.0,183.61,181.42,195.49,166.01,,186.17,187.039993,172.69,86.75,195.07
2026-08-23T18:30Z,185.37,153.38,153.38,182.32,180.44,190.87,177.51,,184.51,185.210007,173.06,80.99,190.87
2026-08-23T18:45Z,182.62,160.14,160.14,180.49,179.17,184.76,168.01,,182.0,182.460007,173.06,73.0,185.13
2026-08-23T19:00Z,179.93,165.0,165.0,187.76,194.25,182.07,165.67,174.93,181.74,180.889999,173.01,82.19,193.31
2026-08-23T19:15Z,179.07,166.93,166.93,185.42,190.66,178.99,178.87,,180.53,179.789993,173.01,56.24,190.0
2026-08-23T19:30Z,176.95,165.0,165.0,183.31,188.59,179.26,176.35,,178.4,177.669998,173.01,82.09,184.0
2026-08-23T19:45Z,176.25,160.84,160.84,184.32,190.97,174.98,175.44,,178.08,177.089996,172.93,49.74,181.0
2026-08-23T20:00Z,174.86,165.54,165.54,179.82,183.97,177.0,170.41,172.59,175.94,175.339996,170.5,95.26,191.01
2026-08-23T20:15Z,173.54,161.24,161.24,180.02,185.44,174.97,173.01,,174.96,174.149994,169.75,61.32,190.0
2026-08-23T20:30Z,172.48,160.04,160.04,179.0,184.42,171.14,169.7,,173.87,172.929993,168.81,40.53,186.26
2026-08-23T20:45Z,169.83,158.46,158.46,176.44,181.92,171.77,160.9,,171.0,169.589996,166.11,20.4,174.55
2026-08-23T21:00Z,168.91,159.99,159.99,174.78,179.58,174.53,151.5,163.57,169.65,167.839996,164.62,43.26,177.0
2026-08-23T21:15Z,166.69,154.3,155.0,174.26,180.49,171.43,149.63,,167.81,165.820007,162.91,26.32,173.72
2026-08-23T21:30Z,166.12,155.3,155.3,173.29,179.16,173.23,144.32,,167.01,164.759995,162.18,17.45,176.2
2026-08-23T21:45Z,160.08,148.45,148.45,167.41,173.43,165.7,141.36,,161.1,159.029999,156.4,7.21,165.7
2026-08-23T22:00Z,164.69,164.0,164.0,166.27,167.26,182.55,147.69,148.2,163.970001,162.1,159.02,27.44,221.11
2026-08-23T22:15Z,162.16,161.67,161.67,162.88,163.34,183.46,142.57,,161.080002,159.06,156.21,21.94,198.42
2026-08-23T22:30Z,161.58,146.58,152.87,160.64,160.1,177.92,148.55,,160.479996,159.37,155.54,32.85,202.1
2026-08-23T22:45Z,155.29,100.83,161.53,170.98,179.99,156.6,148.47,,158.029999,155.71,153.14,31.01,198.37
2026-08-23T23:00Z,160.04,151.85,159.95,159.66,159.43,171.51,150.47,145.92,159.360001,158.51,154.47,31.22,193.31
2026-08-23T23:15Z,154.13,136.99,158.37,157.88,159.99,158.99,149.9,,154.5,153.6,149.71,25.78,189.69
2026-08-23T23:30Z,149.59,128.01,152.87,155.84,159.36,149.94,147.11,,150.669998,149.77,145.91,27.06,190.0
2026-08-23T23:45Z,146.73,94.83,150.0,154.08,158.18,148.74,144.88,,147.899994,146.99,143.81,27.06,187.0
2026-08-24T00:00Z,148.2,141.9,144.99,152.5,155.0,153.84,140.79,145.0,148.660004,147.47,143.96,25.25,174.0
2026-08-24T00:15Z,147.5,112.35,140.59,151.84,154.3,154.44,141.08,,147.860001,146.88,143.36,26.22,166.0
2026-08-24T00:30Z,147.83,133.9,138.34,155.89,160.57,152.32,139.69,,149.029999,147.34,144.32,24.22,177.83
2026-08-24T00:45Z,148.0,107.4,135.0,155.76,160.2,153.7,140.99,,149.039993,147.62,144.34,23.97,166.0
2026-08-24T01:00Z,149.54,106.01,131.12,149.61,149.59,159.26,143.86,145.0,148.919998,148.57,144.26,31.37,161.85
2026-08-24T01:15Z,149.94,106.4,130.0,153.3,155.2,160.61,141.35,,149.880005,148.85,145.12,30.1,166.0
2026-08-24T01:30Z,148.36,47.58,130.0,151.97,153.9,158.08,144.79,,148.279999,147.97,143.68,37.45,162.11
2026-08-24T01:45Z,147.1,0.01,130.0,152.77,155.82,155.14,147.28,,147.410004,147.43,143.13,42.79,159.0
2026-08-24T02:00Z,147.16,86.04,128.31,147.46,147.59,151.48,147.57,145.7,146.960007,147.2,141.89,18.7,164.2
2026-08-24T02:15Z,149.0,89.14,128.74,150.31,151.04,154.04,148.04,,148.940002,148.93,144.34,14.8,163.38
2026-08-24T02:30Z,151.54,89.8,130.0,150.59,149.99,156.99,151.75,,151.050003,151.43,146.4,19.99,158.59
2026-08-24T02:45Z,157.49,106.01,130.0,152.35,149.29,162.78,155.47,,156.25,157.29,151.48,29.36,164.2
2026-08-24T03:00Z,152.5,110.34,124.0,147.6,144.59,156.99,154.81,152.49,151.320007,152.34,146.71,18.7,158.15
2026-08-24T03:15Z,166.85,118.9,125.0,160.91,154.89,172.37,148.97,,165.410004,166.61,156.39,39.68,175.1
2026-08-24T03:30Z,179.34,124.0,128.48,172.45,165.49,185.44,148.97,,177.699997,179.11,156.43,77.78,187.0
2026-08-24T03:45Z,191.99,125.93,134.79,183.77,175.46,199.26,140.65,,190.029999,191.7,156.7,84.84,201.13
2026-08-24T04:00Z,180.77,134.59,141.57,176.35,167.21,202.78,156.81,184.94,181.5,181.39,149.42,41.78,202.78
2026-08-24T04:15Z,196.38,145.95,150.0,191.53,181.59,211.34,194.07,,197.059998,196.77,151.33,78.33,215.43
2026-08-24T04:30Z,222.35,152.0,152.87,213.71,188.23,210.33,217.11,,222.520004,221.64,151.34,100.98,210.33
2026-08-24T04:45Z,223.18,154.71,158.37,216.1,200.17,211.33,218.02,,223.600006,222.61,154.1,120.42,226.3
2026-08-24T05:00Z,233.26,163.18,163.18,232.91,225.18,219.98,227.81,189.98,235.679993,234.07,164.22,124.99,218.5
2026-08-24T05:15Z,220.85,165.0,165.0,220.71,214.64,213.13,217.48,,222.860001,221.65,164.16,125.03,220.35
2026-08-24T05:30Z,192.17,167.52,167.52,200.0,202.97,204.92,196.17,,194.720001,194.08,164.96,130.41,209.48
2026-08-24T05:45Z,179.32,167.03,167.03,181.06,181.0,177.9,173.62,,180.070007,179.68,160.19,126.52,206.47
2026-08-24T06:00Z,204.1,178.66,178.66,217.88,225.0,204.97,195.76,173.45,207.139999,205.62,169.82,115.29,215.87
2026-08-24T06:15Z,180.13,170.0,170.0,185.48,188.25,178.0,149.71,,181.279999,180.64,168.98,118.77,198.37
2026-08-24T06:30Z,170.39,159.97,159.97,175.89,178.74,168.2,117.16,,171.570007,170.9,160.38,110.35,187.0
2026-08-24T06:45Z,152.5,138.4,138.4,159.95,163.81,149.54,114.16,,154.100006,153.19,155.53,105.85,166.33
2026-08-24T07:00Z,175.0,134.9,134.9,169.99,167.22,180.41,104.89,134.81,173.820007,174.78,159.53,111.83,214.12
2026-08-24T07:15Z,150.19,102.39,102.39,153.6,155.01,151.65,103.96,,150.710007,150.39,151.89,103.28,198.37
2026-08-24T07:30Z,126.7,86.26,86.26,148.38,159.04,117.92,103.96,,130.990005,128.62,142.48,95.45,191.95
2026-08-24T07:45Z,113.49,50.0,50.0,147.53,164.27,99.71,104.43,,120.230003,118.05,130.55,87.3,176.52
2026-08-24T08:00Z,136.35,80.01,80.01,130.08,126.94,144.17,97.93,106.0,134.960007,134.28,138.13,90.55,168.81
2026-08-24T08:15Z,119.76,39.17,39.17,110.72,106.22,129.03,97.7,,117.690002,119.34,129.51,84.75,171.19
2026-08-24T08:30Z,110.24,22.14,22.14,100.36,95.45,120.38,78.9,,107.980003,109.79,125.04,81.8,164.01
2026-08-24T08:45Z,83.94,5.88,5.88,75.59,71.25,105.41,91.56,,82.43,84.31,120.91,79.08,175.5
2026-08-24T09:00Z,104.54,11.58,11.58,92.46,84.02,136.64,104.12,77.82,102.07,104.79,120.94,79.21,173.53
2026-08-24T09:15Z,82.3,3.43,3.43,72.35,65.21,118.82,94.2,,80.57,83.08,119.06,77.98,170.87
2026-08-24T09:30Z,74.15,3.24,3.24,65.29,58.87,109.59,85.58,,72.699997,75.01,113.63,70.4,164.77
2026-08-24T09:45Z,60.05,1.95,1.95,53.08,47.85,98.73,72.12,,59.23,61.33,116.26,57.6,164.54
2026-08-24T10:00Z,62.04,36.89,2.0,59.88,58.52,97.49,72.28,50.11,62.490002,63.61,120.98,54.31,153.65
2026-08-24T10:15Z,52.84,12.72,1.5,49.13,46.94,100.38,66.66,,53.860001,54.83,121.42,51.67,153.65
2026-08-24T10:30Z,57.68,29.31,1.08,55.23,53.69,97.23,69.11,,58.380001,59.42,122.17,50.08,150.0
2026-08-24T10:45Z,49.97,1.08,1.08,44.08,40.85,103.04,65.57,,52.169998,53.1,121.44,46.46,147.49
2026-08-24T11:00Z,48.81,1.08,1.08,43.38,40.18,103.75,65.03,43.5,53.77,54.73,125.06,46.65,146.39
2026-08-24T11:15Z,40.64,1.08,1.08,36.86,34.25,109.19,60.54,,59.139999,60.2,126.6,47.38,150.0
2026-08-24T11:30Z,27.0,1.0,1.0,26.18,24.59,122.13,55.05,,67.809998,69.03,127.0,46.69,152.63
2026-08-24T11:45Z,20.13,0.52,0.52,20.13,19.18,123.05,51.93,,62.150002,61.01,126.57,46.7,151.38
2026-08-24T12:00Z,31.67,4.01,1.05,29.81,28.15,104.33,54.08,50.9,53.77,54.73,126.71,46.65,146.37
2026-08-24T12:15Z,39.89,1.0,1.0,36.41,33.99,110.48,62.63,,56.619999,57.63,126.67,49.02,146.37
2026-08-24T12:30Z,33.63,24.63,0.75,33.63,33.63,113.94,59.7,,61.369999,62.47,126.45,51.62,151.89
2026-08-24T12:45Z,37.44,30.35,0.51,37.44,37.99,145.7,72.73,,88.379997,86.76,127.07,52.73,150.0
2026-08-24T13:00Z,50.24,48.39,0.51,50.29,50.73,99.78,65.89,99.38,63.119999,63.56,121.46,51.09,151.31
2026-08-24T13:15Z,59.01,9.97,0.3,52.17,49.64,127.53,81.35,,78.650002,80.07,125.95,55.0,154.73
2026-08-24T13:30Z,84.32,2.99,0.1,73.29,68.28,132.77,97.93,,92.150002,90.45,124.03,74.09,159.0
2026-08-24T13:45Z,96.42,9.49,0.3,84.62,79.42,154.55,104.43,,106.279999,104.32,128.39,77.89,160.0
2026-08-24T14:00Z,71.89,0.51,0.51,60.16,56.82,133.85,97.92,127.3,93.870003,92.14,120.06,65.99,172.3
2026-08-24T14:15Z,99.39,34.03,0.51,90.88,86.86,137.26,104.42,,99.389999,99.78,124.38,76.15,190.0
2026-08-24T14:30Z,110.25,64.99,0.51,104.62,102.09,155.65,112.7,,111.730003,110.99,130.15,80.87,195.27
2026-08-24T14:45Z,126.82,102.34,0.84,124.51,123.1,177.8,103.3,,127.580002,129.9,137.24,93.56,198.37
2026-08-24T15:00Z,112.65,45.43,1.08,105.1,100.79,165.29,116.01,143.7,113.120003,115.18,131.95,89.13,193.31
2026-08-24T15:15Z,130.4,98.0,1.8,127.32,125.27,172.98,135.8,,130.789993,133.18,140.48,96.15,205.03
2026-08-24T15:30Z,156.43,119.96,2.99,152.53,150.18,188.69,170.95,,156.289993,159.16,149.53,111.7,209.21
2026-08-24T15:45Z,174.36,136.43,3.43,168.06,168.06,204.97,187.15,,173.690002,176.89,158.73,132.59,219.06
2026-08-24T16:00Z,155.96,108.34,3.43,150.93,141.58,188.31,170.54,165.94,157.610001,160.5,152.55,110.16,217.88
2026-08-24T16:15Z,173.53,159.2,5.88,168.39,165.16,200.92,186.92,,174.009995,177.21,164.91,123.88,233.66
2026-08-24T16:30Z,184.38,182.31,22.14,183.68,182.31,206.41,195.22,,185.050003,188.45,168.55,133.55,228.85
2026-08-24T16:45Z,215.47,192.61,50.0,211.98,200.67,240.0,225.3,,216.139999,220.15,170.77,173.15,240.0
2026-08-24T17:00Z,188.3,162.77,60.27,184.81,171.49,232.26,212.69,190.2,189.580002,193.07,173.38,137.69,233.66
2026-08-24T17:15Z,209.39,183.96,86.47,206.08,192.97,240.0,244.92,,210.860001,214.73,174.06,137.61,240.0
2026-08-24T17:30Z,229.87,194.06,102.39,224.93,207.16,242.99,263.26,,231.320007,235.57,175.66,137.73,242.99
2026-08-24T17:45Z,249.92,198.43,157.46,242.42,217.52,244.78,273.41,,251.240005,255.86,173.8,133.0,244.78
2026-08-24T18:00Z,239.9,176.42,150.01,232.0,200.18,242.99,344.45,190.96,243.539993,248.01,173.9,137.65,242.99
2026-08-24T18:15Z,224.86,167.95,163.59,218.01,189.3,229.33,332.3,,228.460007,232.67,176.9,137.76,233.66
2026-08-24T18:30Z,216.36,177.4,177.4,212.11,192.05,222.69,315.55,,219.449997,223.49,176.73,135.47,233.66
2026-08-24T18:45Z,196.99,188.9,188.9,197.48,192.07,208.45,297.45,,199.580002,203.25,176.27,133.29,226.69
2026-08-24T19:00Z,199.0,197.12,197.12,199.7,197.74,218.17,262.23,188.29,200.619995,204.31,173.44,134.29,220.47
2026-08-24T19:15Z,193.23,197.03,197.03,194.33,195.03,233.66,239.74,,194.550003,198.12,173.35,131.83,233.66
2026-08-24T19:30Z,183.05,185.42,185.42,183.41,183.89,204.93,191.7,,183.529999,186.9,173.33,128.34,227.18
2026-08-24T19:45Z,176.83,177.76,177.76,176.99,177.16,178.96,179.93,,177.039993,180.28,169.95,120.0,199.74
2026-08-24T20:00Z,176.54,180.81,180.81,175.72,177.17,225.67,193.57,168.09,175.940002,179.17,167.94,124.84,225.67
2026-08-24T20:15Z,173.52,176.95,176.95,173.04,174.16,209.98,187.49,,173.100006,174.28,165.08,111.07,211.41
2026-08-24T20:30Z,169.99,172.73,172.73,169.61,170.5,199.0,181.12,,169.649994,170.61,162.35,114.07,200.16
2026-08-24T20:45Z,167.05,169.17,169.17,167.23,167.79,178.0,176.07,,167.020004,167.4,159.46,108.12,191.05
2026-08-24T21:00Z,163.19,167.0,167.0,162.34,163.66,209.11,176.88,151.73,162.619995,164.2,156.53,111.47,209.11
2026-08-24T21:15Z,157.08,159.85,163.09,156.48,157.43,189.18,167.03,,156.690002,157.84,151.19,103.87,191.7
2026-08-24T21:30Z,154.12,156.28,160.06,153.67,154.4,178.15,161.87,,153.830002,154.72,148.17,102.0,182.04
2026-08-24T21:45Z,144.51,146.15,158.37,144.16,144.73,163.59,150.36,,144.270004,144.93,140.42,97.49,164.63
2026-08-24T22:00Z,155.82,158.55,163.18,155.3,156.26,185.27,166.08,150.01,155.160004,156.35,150.25,109.97,194.0
2026-08-24T22:15Z,154.66,157.32,161.88,154.2,155.11,180.45,164.26,,154.050003,155.18,149.18,107.99,194.0
2026-08-24T22:30Z,151.45,154.48,160.3,151.45,152.33,174.99,160.56,,151.169998,152.06,146.53,103.09,194.0
2026-08-24T22:45Z,147.43,150.61,163.46,147.43,148.36,174.97,156.92,,147.130005,148.08,143.3,100.55,190.0
2026-08-24T23:00Z,152.74,155.72,161.88,152.4,153.37,181.99,163.14,142.47,152.270004,153.48,146.84,103.32,192.9
2026-08-24T23:15Z,145.42,148.83,158.8,145.07,146.15,174.96,156.66,,144.919998,146.27,140.68,99.34,194.97
2026-08-24T23:30Z,144.74,147.78,153.2,144.42,145.39,171.9,154.69,,144.279999,145.48,140.11,99.03,188.0
2026-08-24T23:45Z,144.4,147.0,150.47,144.14,144.96,166.9,152.8,,144.009995,145.02,139.56,99.1,182.0
2026-08-25T00:00Z,144.01,146.55,152.27,144.01,144.71,175.0,153.84,139.49,143.899994,144.81,139.92,99.79,178.79
2026-08-25T00:15Z,141.92,144.8,149.84,142.06,142.8,174.99,153.02,,141.919998,142.85,138.11,97.68,183.7
2026-08-25T00:30Z,142.19,144.69,145.98,142.19,142.89,174.36,152.3,,142.070007,142.96,138.1,97.89,174.36
2026-08-25T00:45Z,141.54,143.95,143.95,141.54,142.22,171.48,151.43,,141.399994,142.25,137.45,97.44,171.48
2026-08-25T01:00Z,139.87,142.73,142.73,139.53,140.53,174.31,151.62,137.7,139.399994,140.73,138.7,98.6,180.86
2026-08-25T01:15Z,139.8,141.55,141.55,139.31,140.16,174.91,151.0,,139.289993,140.6,138.83,99.07,176.43
2026-08-25T01:30Z,139.86,140.06,140.06,139.33,139.86,168.17,148.83,,139.419998,140.47,135.58,95.36,168.17
2026-08-25T01:45Z,140.49,140.79,140.79,139.9,140.49,171.5,150.12,,140.009995,141.18,136.22,95.76,171.5
2026-08-25T02:00Z,139.94,139.94,139.94,139.4,139.91,167.65,148.28,137.7,139.520004,140.55,135.3,95.11,167.65
2026-08-25T02:15Z,141.0,141.0,141.0,140.35,140.93,172.82,151.03,,140.529999,141.78,136.75,97.02,172.82
2026-08-25T02:30Z,141.55,141.55,141.55,140.97,141.49,170.3,150.61,,141.130005,142.25,137.07,97.59,170.3
2026-08-25T02:45Z,143.99,143.99,143.99,143.24,143.93,180.87,156.44,,143.449997,144.97,139.33,103.16,185.47
2026-08-25T03:00Z,144.99,144.94,144.94,144.42,144.94,174.53,154.53,143.6,144.600006,145.76,140.41,96.79,174.53
2026-08-25T03:15Z,145.66,145.66,145.66,145.17,145.64,171.94,154.32,,145.309998,146.33,142.14,98.0,171.94
2026-08-25T03:30Z,150.6,150.6,150.6,150.08,150.58,178.92,159.96,,150.229996,151.34,147.63,103.76,179.43
2026-08-25T03:45Z,157.07,157.07,157.07,156.53,157.07,186.4,167.39,,156.690002,157.89,155.27,126.07,189.79
2026-08-25T04:00Z,164.7,163.46,163.46,164.7,164.7,182.65,172.93,165.1,165.0,168.04,153.89,133.99,190.75
2026-08-25T04:15Z,170.99,166.92,166.92,170.75,170.75,199.91,192.7,,171.470001,174.63,163.46,152.39,201.81
2026-08-25T04:30Z,173.37,168.62,168.62,172.97,172.97,192.47,194.05,,173.720001,176.92,165.17,150.03,192.47
2026-08-25T04:45Z,176.6,174.62,174.62,176.6,176.6,191.96,194.05,,177.0,180.26,165.95,156.14,194.97
2026-08-25T05:00Z,184.84,177.0,177.0,181.24,182.81,202.46,203.48,174.1,182.729996,186.94,166.81,161.73,200.0
2026-08-25T05:15Z,185.05,185.05,185.05,182.05,186.31,199.98,189.31,,184.619995,188.03,168.05,160.97,199.98
2026-08-25T05:30Z,181.76,183.33,183.33,178.88,183.33,188.03,183.37,,181.300003,184.64,168.07,156.69,188.33
2026-08-25T05:45Z,170.99,177.0,177.0,160.48,176.76,181.46,173.64,,169.25,172.35,166.63,161.94,188.98
2026-08-25T06:00Z,187.63,193.69,193.69,179.89,194.7,195.51,155.79,166.18,186.580002,190.01,172.22,167.18,211.62
2026-08-25T06:15Z,173.97,178.0,178.0,168.36,178.89,174.91,142.81,,173.130005,176.31,167.01,160.67,197.0
2026-08-25T06:30Z,166.16,168.97,168.97,162.25,169.59,166.82,136.54,,165.580002,168.61,164.67,160.8,202.84
2026-08-25T06:45Z,157.86,160.3,160.3,154.48,160.84,158.43,125.19,,157.360001,160.24,160.0,151.35,189.45
2026-08-25T07:00Z,165.47,171.96,165.04,156.26,173.39,167.03,115.2,140.5,164.190002,167.2,159.23,157.65,219.12
2026-08-25T07:15Z,152.68,171.97,152.87,125.73,176.27,156.91,113.67,,149.199997,151.93,153.81,147.99,210.0
2026-08-25T07:30Z,135.91,154.47,124.57,114.19,159.06,135.78,111.28,,135.869995,138.35,140.6,106.23,202.84
2026-08-25T07:45Z,127.69,139.39,93.34,116.55,142.55,125.06,97.66,,129.679993,132.03,134.81,90.94,188.04
2026-08-25T08:00Z,140.49,172.21,94.29,100.0,177.51,160.19,97.84,130.22,133.179993,133.55,134.99,104.78,205.0
2026-08-25T08:15Z,122.67,144.14,88.73,95.64,147.58,136.98,90.07,,117.629997,117.62,128.45,86.94,204.71
2026-08-25T08:30Z,113.0,132.05,80.4,90.0,134.73,128.16,74.66,,108.300003,107.67,121.69,81.82,201.74
2026-08-25T08:45Z,93.68,110.68,50.0,73.36,113.0,107.76,57.39,,89.43,88.73,120.4,80.68,202.84
2026-08-25T09:00Z,108.4,130.27,40.0,83.78,132.55,133.12,48.0,131.9,102.459999,100.6,127.4,86.06,200.35
2026-08-25T09:15Z,92.72,133.46,38.55,42.87,139.46,137.12,66.23,,85.089996,87.2,121.7,81.5,194.97
2026-08-25T09:30Z,72.98,126.15,22.98,12.21,132.55,154.95,55.62,,65.480003,84.5,118.3,78.92,176.2
2026-08-25T09:45Z,58.48,111.28,10.01,1.14,116.6,154.99,45.29,,52.369999,84.39,118.27,78.8,164.54
2026-08-25T10:00Z,79.08,131.14,8.7,9.98,140.34,125.83,50.34,125.17,68.339996,84.3,118.25,78.7,175.19
2026-08-25T10:15Z,62.6,113.02,5.88,1.13,120.2,142.39,48.36,,54.799999,83.8,117.55,78.23,176.98
2026-08-25T10:30Z,67.03,122.2,5.88,-0.01,129.95,153.98,46.14,,58.080002,83.53,117.15,77.99,174.96
2026-08-25T10:45Z,59.92,110.89,5.88,0.0,117.51,158.2,62.56,,53.560001,83.4,116.98,77.86,166.22
2026-08-25T11:00Z,69.99,127.03,5.88,-0.01,135.02,154.97,67.53,125.0,61.419998,81.74,114.6,76.32,154.97
2026-08-25T11:15Z,62.38,116.23,5.88,-0.01,122.58,163.68,61.35,,57.080002,82.66,116.0,77.17,163.68
2026-08-25T11:30Z,58.53,108.58,5.88,0.0,114.74,154.14,72.49,,59.169998,82.21,115.36,76.75,154.14
2026-08-25T11:45Z,57.93,107.21,5.1,0.0,113.41,152.48,79.3,,58.619999,83.25,116.87,77.71,152.48
2026-08-25T12:00Z,56.63,106.51,5.88,0.0,112.33,154.57,68.99,125.0,62.990002,81.65,114.49,76.24,154.57
2026-08-25T12:15Z,60.02,110.55,5.88,2.0,116.65,154.92,74.8,,63.040001,82.13,115.19,76.68,154.92
2026-08-25T12:30Z,73.79,126.28,5.88,11.08,133.44,156.89,85.94,,68.220001,84.23,118.18,78.64,156.89
2026-08-25T12:45Z,83.41,126.14,5.56,32.68,131.9,155.66,99.78,,85.489998,87.04,122.08,81.27,155.66
2026-08-25T13:00Z,67.26,118.09,4.0,6.67,124.9,157.4,91.88,127.71,70.940002,87.01,122.19,81.21,149.49
2026-08-25T13:15Z,78.57,124.19,3.43,24.99,130.0,163.23,98.3,,84.82,88.52,123.91,82.69,149.31
2026-08-25T13:30Z,92.24,121.89,4.1,58.9,126.88,155.58,98.72,,92.239998,91.74,128.0,85.77,149.12
2026-08-25T13:45Z,101.92,115.03,5.01,90.32,138.22,174.0,99.91,,101.919998,102.14,130.01,87.85,156.15
2026-08-25T14:00Z,91.07,94.6,4.1,64.94,121.37,170.29,96.22,129.71,91.07,91.05,127.92,84.97,155.02
2026-08-25T14:15Z,111.5,113.94,5.88,100.1,126.55,170.0,95.01,,109.57,111.48,130.87,87.45,170.0
2026-08-25T14:30Z,118.01,124.46,5.96,114.94,138.6,177.91,105.73,,118.010002,117.99,134.87,98.47,176.62
2026-08-25T14:45Z,137.03,147.0,12.1,130.11,155.64,193.66,130.28,,136.520004,137.03,141.02,130.0,181.24
2026-08-25T15:00Z,118.68,118.25,36.0,122.53,142.83,176.53,120.89,137.7,120.419998,120.03,139.99,101.56,176.53
2026-08-25T15:15Z,138.7,138.7,40.0,141.5,150.58,185.03,136.77,,139.600006,139.05,148.94,132.63,185.03
2026-08-25T15:30Z,159.85,159.85,50.0,162.18,174.58,199.99,162.63,,161.449997,161.97,160.22,155.77,199.99
2026-08-25T15:45Z,170.98,170.98,80.0,172.93,178.91,210.27,185.03,,172.360001,175.52,165.27,169.15,210.27
2026-08-25T16:00Z,154.99,123.01,87.75,155.53,165.12,198.42,170.53,164.01,155.740005,158.59,159.09,152.77,198.42
2026-08-25T16:15Z,172.0,157.82,93.34,172.32,176.6,199.99,183.53,,172.449997,175.61,165.32,164.66,198.99
2026-08-25T16:30Z,186.91,186.91,118.6,186.91,193.21,209.64,195.87,,187.360001,190.81,168.62,180.91,201.27
2026-08-25T16:45Z,201.23,203.25,152.87,201.23,202.33,223.63,209.23,,201.539993,204.37,169.99,190.7,220.0
2026-08-25T17:00Z,193.07,193.07,151.0,193.21,193.27,205.26,201.03,180.13,193.320007,196.88,175.0,186.22,205.26
2026-08-25T17:15Z,205.65,206.01,169.09,205.74,205.81,211.12,208.51,,205.759995,209.56,184.89,187.53,210.0
2026-08-25T17:30Z,219.86,220.4,201.72,219.97,220.07,229.46,222.35,,220.0,220.22,186.99,195.57,227.18
2026-08-25T17:45Z,218.65,219.24,219.03,218.76,218.88,228.31,221.26,,218.789993,219.02,186.96,192.33,227.18
2026-08-25T18:00Z,200.32,200.58,200.58,200.5,200.58,209.78,208.42,191.5,200.570007,204.26,186.97,190.94,209.78
2026-08-25T18:15Z,212.58,212.72,212.72,212.65,212.67,213.76,215.12,,212.649994,212.76,188.55,188.35,213.76
2026-08-25T18:30Z,211.73,212.01,215.0,211.79,211.84,216.74,213.04,,211.800003,211.93,186.99,182.89,216.74
2026-08-25T18:45Z,195.94,199.16,217.5,193.57,199.12,209.95,200.24,,195.75,196.28,178.23,168.87,211.64
2026-08-25T19:00Z,192.1,195.69,226.06,192.1,194.05,222.42,203.4,178.75,192.610001,193.42,177.55,176.03,242.99
2026-08-25T19:15Z,186.95,195.39,226.83,180.9,195.23,218.38,197.86,,186.410004,189.85,174.9,171.78,229.15
2026-08-25T19:30Z,178.93,187.78,226.83,171.26,188.43,203.12,186.65,,178.009995,179.19,169.18,159.19,207.18
2026-08-25T19:45Z,171.99,173.85,217.73,171.99,173.03,187.87,164.3,,172.210007,172.61,165.61,145.4,194.97
2026-08-25T20:00Z,175.87,181.65,217.0,172.4,180.07,210.0,153.94,167.14,175.070007,176.55,166.86,133.76,210.0
2026-08-25T20:15Z,172.57,176.49,205.0,170.64,175.02,199.99,140.94,,172.050003,173.16,164.75,120.0,199.99
2026-08-25T20:30Z,176.25,200.39,201.99,151.97,204.12,202.26,129.93,,172.5,175.42,164.56,124.83,202.26
2026-08-25T20:45Z,164.38,180.86,200.0,148.75,182.69,187.79,164.38,,161.940002,164.04,158.27,110.0,191.07
2026-08-25T21:00Z,167.84,181.7,216.0,155.89,181.84,206.34,159.0,153.19,165.880005,168.25,159.14,129.67,206.34
2026-08-25T21:15Z,161.33,167.74,214.0,157.1,166.58,192.45,172.39,,160.509995,161.98,155.08,122.2,192.45
2026-08-25T21:30Z,161.29,171.02,201.99,155.03,170.16,195.0,146.72,,159.210007,158.97,152.83,113.06,195.0
2026-08-25T21:45Z,148.18,151.9,185.0,148.56,149.78,178.0,123.34,,146.729996,145.17,143.04,97.24,178.0
2026-08-25T22:00Z,180.19,182.41,212.4,180.44,181.1,197.97,176.17,164.81,179.770004,179.54,161.71,108.6,197.97
2026-08-25T22:15Z,165.74,168.7,205.0,165.85,166.77,194.0,164.9,,165.210007,165.35,158.08,105.81,194.0
2026-08-25T22:30Z,157.29,158.91,200.0,157.67,158.12,166.0,150.08,,156.949997,156.36,152.64,102.66,171.6
2026-08-25T22:45Z,152.89,153.52,214.0,152.86,153.07,160.05,153.82,,152.779999,152.91,148.9,100.45,164.82
2026-08-25T23:00Z,161.06,162.37,214.0,161.48,161.82,166.0,153.19,160.1,160.770004,160.1,154.12,103.24,170.01
2026-08-25T23:15Z,156.44,157.76,210.0,156.87,157.21,161.33,147.69,,156.130005,155.4,150.92,101.34,171.6
2026-08-25T23:30Z,156.64,157.32,201.99,156.86,157.04,159.14,152.29,,156.490005,156.11,151.23,101.28,164.94
2026-08-25T23:45Z,154.09,154.63,195.51,154.26,154.4,156.07,150.6,,153.970001,153.66,148.97,100.15,171.09
2026-08-26T00:00Z,152.29,154.21,186.0,152.9,153.4,159.32,140.38,150.79,151.850006,150.83,147.08,98.99,173.97
2026-08-26T00:15Z,151.95,153.78,184.39,152.53,153.01,158.63,140.64,,151.539993,150.57,146.78,98.89,179.12
2026-08-26T00:30Z,151.23,153.1,180.92,151.82,152.31,158.06,139.66,,150.809998,149.82,146.13,98.7,172.84
2026-08-26T00:45Z,151.1,152.85,180.0,151.66,152.11,157.51,140.26,,150.699997,149.77,146.04,98.5,191.71
2026-08-26T01:00Z,149.78,152.03,180.0,150.47,151.07,158.09,135.65,146.99,149.229996,148.03,144.7,98.01,178.5
2026-08-26T01:15Z,148.95,151.36,174.61,149.69,150.33,157.83,133.85,,148.369995,147.08,143.92,101.93,189.19
2026-08-26T01:30Z,150.01,152.07,172.04,150.64,151.19,157.6,137.09,,149.509995,148.41,144.94,99.21,178.26
2026-08-26T01:45Z,149.66,151.54,171.21,150.24,150.74,156.6,137.87,,149.210007,148.2,144.66,100.71,183.41
2026-08-26T02:00Z,149.86,151.68,172.04,150.43,150.91,156.53,138.49,146.95,149.440002,148.47,144.87,98.0,184.65
2026-08-26T02:15Z,150.39,152.01,171.21,150.9,151.32,156.36,140.21,,150.009995,149.14,145.4,97.9,179.0
2026-08-26T02:30Z,151.95,151.98,170.68,152.3,152.55,158.52,141.23,,151.509995,150.63,146.75,101.76,178.26
2026-08-26T02:45Z,154.83,154.33,170.68,155.1,155.27,161.05,144.83,,154.410004,153.59,149.36,109.99,175.61
2026-08-26T03:00Z,150.58,148.63,170.64,150.46,150.6,165.9,144.12,155.0,150.029999,149.63,147.21,98.09,193.55
2026-08-26T03:15Z,156.97,159.85,170.46,157.69,158.48,171.23,142.73,,156.300003,155.12,150.72,98.6,185.61
2026-08-26T03:30Z,163.26,166.57,170.64,163.55,164.56,190.99,158.51,,162.619995,162.4,155.47,109.99,200.0
2026-08-26T03:45Z,171.05,165.61,170.64,169.98,170.0,207.84,174.77,,170.300003,171.08,164.13,156.69,207.84
2026-08-26T04:00Z,173.79,173.79,173.79,173.9,174.15,200.0,173.79,180.0,173.639999,173.58,166.14,144.55,200.0
2026-08-26T04:15Z,185.5,175.04,175.04,184.37,183.73,213.77,189.84,,185.330002,185.9,170.13,164.65,213.77
2026-08-26T04:30Z,190.07,183.34,183.34,189.32,188.87,207.21,194.78,,190.070007,190.6,174.58,177.09,207.21
2026-08-26T04:45Z,191.16,181.19,181.19,190.03,189.36,210.64,196.12,,191.059998,191.65,176.94,183.63,210.64
2026-08-26T05:00Z,199.35,185.0,185.0,197.66,196.67,229.51,209.61,190.95,199.580002,200.7,175.94,186.7,229.51
2026-08-26T05:15Z,198.92,192.01,192.01,198.1,197.61,215.01,204.39,,199.070007,199.66,178.34,189.48,215.01
2026-08-26T05:30Z,194.48,194.51,194.51,194.45,194.45,198.06,195.68,,194.559998,194.68,178.88,185.01,213.0
2026-08-26T05:45Z,189.4,189.4,189.4,189.4,189.4,189.4,189.4,,189.399994,189.41,178.96,177.15,207.84
2026-08-26T06:00Z,212.12,212.12,212.12,212.12,212.12,212.12,183.58,183.71,212.119995,212.1,200.5,202.54,212.27
2026-08-26T06:15Z,204.49,204.49,204.49,204.49,204.49,204.49,197.86,,204.490005,204.47,192.65,195.58,209.52
2026-08-26T06:30Z,186.55,186.55,186.55,186.55,186.55,186.55,186.55,,186.550003,186.54,177.28,180.02,204.5
2026-08-26T06:45Z,170.92,170.92,170.92,170.92,170.92,170.92,170.92,,170.919998,170.92,167.36,161.1,173.71
2026-08-26T07:00Z,191.26,191.48,171.11,191.08,191.5,191.47,190.77,163.01,191.229996,191.19,169.94,179.34,191.48
2026-08-26T07:15Z,173.42,177.51,156.5,172.07,177.1,183.03,144.54,,172.419998,170.98,166.21,148.66,183.31
2026-08-26T07:30Z,157.54,162.89,117.16,157.01,161.9,173.31,108.69,,156.050003,153.49,159.83,115.22,173.75
2026-08-26T07:45Z,144.27,147.31,102.14,145.42,146.22,156.84,104.03,,143.240005,141.02,149.99,98.64,157.18
2026-08-26T08:00Z,165.21,178.38,82.4,155.94,178.76,183.72,113.13,133.23,162.690002,160.56,153.85,129.0,185.0
2026-08-26T08:15Z,135.93,143.52,50.0,130.54,143.76,146.47,106.36,,134.490005,133.27,145.2,112.38,180.11
2026-08-26T08:30Z,128.23,135.89,22.7,121.82,136.46,136.65,106.36,,126.879997,126.14,137.13,109.99,163.73
2026-08-26T08:45Z,120.55,126.26,6.01,115.7,126.71,126.65,104.9,,119.550003,119.04,133.16,106.47,158.0
2026-08-26T09:00Z,132.06,144.49,5.0,121.47,145.5,145.23,98.93,131.71,130.0,128.93,134.51,107.1,161.68
2026-08-26T09:15Z,125.1,130.26,1.5,122.74,130.0,135.0,95.61,,124.080002,122.67,131.31,99.4,177.75
2026-08-26T09:30Z,119.8,136.84,1.08,106.18,137.92,139.77,67.59,,116.910004,114.79,130.09,87.92,172.84
2026-08-26T09:45Z,105.68,137.18,1.0,77.52,140.18,136.16,32.0,,100.57,98.74,130.07,87.83,168.29
2026-08-26T10:00Z,112.77,136.97,1.0,93.01,138.5,145.28,37.3,125.0,108.610001,106.29,130.9,102.08,156.14
2026-08-26T10:15Z,94.25,119.33,0.51,74.0,120.79,130.92,16.43,,89.980003,91.96,127.29,86.08,156.45
2026-08-26T10:30Z,97.47,151.57,0.01,40.0,159.69,129.73,35.52,,89.449997,91.13,127.92,86.58,154.53
2026-08-26T10:45Z,89.93,126.76,0.01,56.01,130.0,150.35,30.75,,84.760002,86.54,127.3,86.16,156.0
2026-08-26T11:00Z,101.01,151.4,0.0,51.87,157.26,148.43,14.06,125.01,93.400002,92.13,125.83,86.5,159.68
2026-08-26T11:15Z,91.06,125.36,0.0,60.1,128.04,151.57,35.01,,86.43,88.01,122.38,82.61,160.68
2026-08-26T11:30Z,85.01,112.72,0.0,59.26,115.06,135.59,50.23,,81.489998,83.25,123.94,83.84,161.68
2026-08-26T11:45Z,81.08,110.56,0.0,52.41,113.49,120.77,58.7,,77.279999,79.11,123.2,83.19,169.08
2026-08-26T12:00Z,90.48,126.14,0.0,55.5,130.0,134.4,55.02,124.13,85.599998,87.15,121.55,81.43,153.12
2026-08-26T12:15Z,90.76,129.74,0.0,51.93,133.78,154.33,79.41,,86.209999,87.77,122.37,82.01,173.86
2026-08-26T12:30Z,91.87,118.09,0.0,66.0,120.52,146.94,92.05,,89.190002,90.8,126.09,84.93,175.61
2026-08-26T12:45Z,94.77,117.95,0.0,71.98,120.04,144.53,96.36,,92.440002,94.12,128.44,88.39,185.66
2026-08-26T13:00Z,93.62,123.41,0.0,63.38,126.72,146.88,98.8,126.85,90.57,92.21,128.33,86.21,172.98
2026-08-26T13:15Z,100.66,121.99,0.0,79.75,124.03,143.69,102.73,,98.529999,100.84,130.57,95.8,187.96
2026-08-26T13:30Z,104.3,112.18,0.0,98.32,112.18,129.98,101.43,,103.57,103.73,132.26,98.87,194.06
2026-08-26T13:45Z,111.63,118.66,0.0,107.67,118.66,136.6,105.2,,110.849998,110.49,134.14,106.35,205.0
2026-08-26T14:00Z,108.35,115.62,0.0,103.99,115.62,133.72,104.98,131.36,107.629997,107.5,133.37,99.6,190.0
2026-08-26T14:15Z,117.55,127.25,0.0,111.25,130.0,145.83,109.57,,116.610001,116.61,136.9,106.35,197.18
2026-08-26T14:30Z,122.93,134.1,0.01,119.99,134.6,166.0,118.42,,121.769997,120.66,140.0,117.12,205.0
2026-08-26T14:45Z,141.2,148.82,0.01,141.2,154.35,187.17,132.91,,141.199997,140.7,145.4,139.34,207.82
2026-08-26T15:00Z,125.31,123.51,0.51,127.94,135.89,158.4,124.16,145.99,125.879997,125.43,144.87,121.8,158.4
2026-08-26T15:15Z,149.7,149.4,1.08,151.58,156.84,180.46,150.14,,150.130005,149.88,151.3,148.98,180.46
2026-08-26T15:30Z,173.0,170.27,1.08,173.61,175.99,199.94,182.4,,173.460007,173.93,164.9,169.14,202.67
2026-08-26T15:45Z,179.87,179.87,1.9,181.79,187.35,233.23,198.13,,180.929993,181.74,168.06,175.22,238.47
2026-08-26T16:00Z,160.51,144.7,1.09,159.03,158.21,190.0,175.32,167.88,160.399994,161.47,164.12,160.11,240.64
2026-08-26T16:15Z,173.58,171.98,3.43,173.52,173.58,199.95,186.82,,173.789993,174.54,166.88,169.8,240.64
2026-08-26T16:30Z,191.78,192.19,5.88,192.08,192.54,227.67,214.74,,191.639999,191.45,170.14,185.22,243.8
2026-08-26T16:45Z,216.63,219.49,30.34,217.21,217.97,241.93,243.38,,215.940002,214.49,178.82,206.81,243.26
2026-08-26T17:00Z,193.34,193.34,38.66,193.82,194.38,238.81,228.87,200.0,193.380005,194.24,182.88,186.08,243.8
2026-08-26T17:15Z,206.64,207.79,72.5,207.21,207.79,238.47,239.87,,206.729996,207.49,194.67,192.71,245.48
2026-08-26T17:30Z,218.91,221.36,102.4,219.52,220.17,243.17,241.06,,219.020004,219.51,205.24,198.99,252.42
2026-08-26T17:45Z,226.09,226.8,141.57,226.44,226.8,243.19,242.28,,226.160004,226.58,211.36,201.37,258.3
2026-08-26T18:00Z,218.8,199.73,169.48,216.47,215.53,250.6,239.8,190.1,217.220001,219.75,203.67,194.44,250.6
2026-08-26T18:15Z,206.45,180.01,180.01,203.22,201.92,252.42,237.3,,204.070007,207.83,192.15,192.48,252.42
2026-08-26T18:30Z,195.66,185.89,185.89,194.0,193.72,233.88,222.41,,194.25,197.08,183.48,178.25,252.42
2026-08-26T18:45Z,186.2,190.5,190.5,186.31,187.51,202.56,196.6,,186.050003,187.11,176.21,162.26,251.4
2026-08-26T19:00Z,188.82,189.22,189.22,190.27,192.24,213.09,199.03,176.46,188.770004,189.72,178.97,183.13,240.64
2026-08-26T19:15Z,180.72,185.65,185.65,180.83,182.32,211.02,183.93,,180.020004,180.58,171.29,174.94,239.4
2026-08-26T19:30Z,177.31,182.45,182.45,177.45,179.0,208.77,180.04,,176.570007,177.1,167.09,165.87,237.91
2026-08-26T19:45Z,167.92,174.3,174.3,168.79,170.59,190.98,156.96,,166.880005,166.08,162.42,139.86,239.4
2026-08-26T20:00Z,172.29,176.28,176.28,172.06,173.32,207.61,146.32,164.89,171.860001,173.3,164.34,167.76,214.27
2026-08-26T20:15Z,165.95,170.07,171.03,165.71,167.01,202.39,174.79,,165.509995,166.99,158.59,156.26,209.22
2026-08-26T20:30Z,164.16,169.4,169.4,162.62,166.74,199.95,183.4,,163.570007,165.12,156.64,146.63,206.39
2026-08-26T20:45Z,151.95,157.67,169.4,150.1,154.92,190.05,172.08,,151.289993,152.93,148.83,109.99,196.28
2026-08-26T21:00Z,161.94,168.24,172.03,161.86,163.83,212.93,172.13,153.93,161.0,162.16,154.39,144.64,231.36
2026-08-26T21:15Z,152.79,157.91,171.03,152.69,154.29,195.85,165.38,,152.089996,153.25,148.93,136.61,207.84
2026-08-26T21:30Z,150.0,155.63,170.46,150.37,152.1,193.43,144.38,,148.830002,146.6,147.68,127.86,200.0
2026-08-26T21:45Z,139.72,144.76,169.4,140.18,141.72,177.93,131.19,,138.580002,140.02,142.31,95.0,180.8
2026-08-26T22:00Z,155.22,160.51,176.67,156.04,157.57,190.0,140.67,146.75,154.15,151.369995,147.93,110.0,206.0
2026-08-26T22:15Z,149.8,154.96,176.67,150.1,151.69,192.19,148.01,,148.82,148.259995,145.02,100.86,206.0
2026-08-26T22:30Z,147.17,152.38,175.88,147.65,149.22,187.4,139.55,,146.13,146.399994,142.61,100.0,205.88
2026-08-26T22:45Z,142.03,146.96,176.46,142.08,143.66,187.77,143.39,,141.06,141.529999,138.68,99.99,202.12
2026-08-26T23:00Z,149.56,154.59,176.46,149.83,151.38,192.44,147.22,141.0,148.61,148.720001,144.47,100.0,205.0
2026-08-26T23:15Z,142.95,148.02,175.0,143.3,144.85,184.55,138.76,,141.98,141.919998,138.51,99.99,201.6
2026-08-26T23:30Z,141.73,145.78,174.0,142.01,143.25,174.98,138.45,,140.96,140.919998,137.67,99.99,194.94
2026-08-26T23:45Z,134.46,139.03,173.3,134.69,136.11,174.93,129.44,,133.53,133.520004,134.4,99.99,183.06
2026-08-27T00:00Z,138.69,142.65,174.88,138.69,139.97,175.0,138.02,136.07,137.75,137.979996,134.44,91.55,193.0
2026-08-27T00:15Z,134.86,139.36,173.94,134.93,136.37,174.91,132.8,,133.8,133.929993,131.5,88.99,174.91
2026-08-27T00:30Z,134.18,138.51,173.94,134.24,135.63,172.75,132.26,,133.16,133.279999,130.36,87.65,172.75
2026-08-27T00:45Z,132.95,137.03,173.3,132.97,134.28,170.0,131.94,,131.99,132.179993,129.35,86.6,184.22
2026-08-27T01:00Z,135.43,140.15,173.3,135.7,137.17,173.5,129.02,137.03,134.31,134.029999,131.33,88.85,181.45
2026-08-27T01:15Z,134.02,137.65,173.0,134.08,135.24,166.0,132.2,,133.17,133.25,130.34,94.82,178.55
2026-08-27T01:30Z,134.31,137.99,172.2,134.41,135.58,166.0,131.54,,133.44,133.440002,130.54,97.9,167.42
2026-08-27T01:45Z,133.93,137.37,171.41,133.91,135.02,165.9,134.02,,133.13,133.380005,130.29,94.48,174.22
2026-08-27T02:00Z,133.7,137.53,166.28,133.79,134.98,166.0,134.41,137.99,132.99,133.300003,130.09,90.0,180.52
2026-08-27T02:15Z,134.13,137.9,166.28,134.22,135.39,166.0,134.78,,133.43,133.740005,130.66,93.59,166.0
2026-08-27T02:30Z,136.66,140.19,166.28,136.62,137.75,169.43,140.28,,136.02,136.600006,132.86,108.64,176.5
2026-08-27T02:45Z,140.27,143.14,166.28,140.22,141.13,167.5,143.7,,139.75,140.259995,136.19,110.0,167.5
2026-08-27T03:00Z,139.14,141.78,154.93,139.2,140.01,161.4,140.26,144.92,138.67,138.919998,136.2,89.99,161.4
2026-08-27T03:15Z,139.4,142.43,154.93,139.4,140.35,165.9,142.49,,138.89,139.820007,135.91,105.7,165.9
2026-08-27T03:30Z,147.27,151.11,159.99,147.62,148.68,178.76,151.0,,143.83,146.470001,140.17,130.0,178.76
2026-08-27T03:45Z,160.43,165.18,166.28,160.79,162.2,197.38,173.65,,145.74,148.410004,145.13,146.27,197.38
2026-08-27T04:00Z,160.45,163.22,163.22,160.87,161.7,189.79,171.17,160.1,151.68,154.470001,146.51,137.69,189.79
2026-08-27T04:15Z,169.22,170.8,170.8,169.67,170.42,202.49,182.12,,156.9,159.789993,151.12,144.43,202.49
2026-08-27T04:30Z,170.35,171.4,171.4,170.43,171.24,205.4,183.9,,157.99,160.889999,152.89,148.61,205.4
2026-08-27T04:45Z,170.31,174.55,174.55,170.86,171.98,203.0,183.18,,157.46,160.360001,152.53,151.62,203.0
2026-08-27T05:00Z,176.04,176.67,176.67,177.5,177.34,209.51,185.18,164.93,166.0,174.830002,160.14,167.82,209.51
2026-08-27T05:15Z,176.34,178.04,178.04,177.7,177.63,192.55,180.75,,168.71,175.089996,163.13,160.55,209.5
2026-08-27T05:30Z,174.79,174.88,174.88,174.79,174.88,175.27,174.92,,174.55,174.75,166.53,162.45,213.41
2026-08-27T05:45Z,169.41,172.94,173.3,165.51,173.69,170.47,140.19,,167.7,168.949997,162.06,159.9,216.11
2026-08-27T06:00Z,176.02,184.18,184.18,169.11,186.1,178.62,155.7,159.3,171.71,174.839996,164.92,163.29,232.96
2026-08-27T06:15Z,170.22,176.46,176.46,166.62,178.08,172.22,161.39,,168.98,169.729996,158.62,157.06,232.96
2026-08-27T06:30Z,157.54,173.63,173.63,146.42,176.93,166.0,145.97,,154.45,155.380005,150.3,148.84,231.14
2026-08-27T06:45Z,137.77,170.2,170.2,114.03,178.0,151.21,123.5,,133.11,135.539993,142.13,129.99,202.04
2026-08-27T07:00Z,151.28,187.75,180.01,122.87,195.55,167.7,137.51,140.1,145.06,147.300003,142.35,140.96,221.48
2026-08-27T07:15Z,132.34,172.99,172.99,120.72,185.87,151.38,111.55,,130.28,130.869995,134.65,115.89,212.29
2026-08-27T07:30Z,116.91,151.39,151.39,106.9,162.51,132.17,102.91,,115.21,116.550003,126.86,85.0,197.38
2026-08-27T07:45Z,98.08,147.7,127.99,82.74,164.83,114.71,99.82,,95.89,97.629997,124.3,81.85,188.85
2026-08-27T08:00Z,126.98,156.37,124.57,125.61,163.86,144.47,100.5,130.7,120.19,122.239998,125.65,83.01,203.0
2026-08-27T08:15Z,116.1,150.52,103.18,111.4,158.0,141.19,65.32,,108.39,107.410004,124.19,81.83,202.88
2026-08-27T08:30Z,94.98,146.09,90.49,91.47,156.87,135.3,7.3,,83.3,84.43,119.81,78.48,194.44
2026-08-27T08:45Z,78.35,134.13,60.2,71.63,146.54,118.1,0.0,,65.78,74.75,111.68,68.54,184.0
2026-08-27T09:00Z,105.06,136.21,38.77,109.16,140.59,148.45,0.0,124.51,97.88,86.839996,123.39,80.77,170.7
2026-08-27T09:15Z,71.31,145.39,19.38,77.5,134.43,115.0,-17.51,,66.37,66.68,111.72,73.97,177.69
2026-08-27T09:30Z,40.0,139.75,7.51,40.0,146.24,95.73,-44.39,,24.13,29.889999,110.7,73.33,180.41
2026-08-27T09:45Z,13.94,103.31,5.88,20.0,107.1,76.81,-119.71,,6.69,5.51,110.69,73.27,175.0
2026-08-27T10:00Z,31.59,151.26,5.1,31.9,186.0,87.65,-15.75,117.04,2.98,18.370001,114.18,75.66,172.82
2026-08-27T10:15Z,23.84,117.51,3.43,9.99,141.62,78.51,-49.96,,2.48,12.43,113.08,75.07,174.32
2026-08-27T10:30Z,20.09,125.81,2.81,0.0,151.86,85.28,-74.86,,2.1,5.53,115.07,76.16,172.84
2026-08-27T10:45Z,11.21,113.46,2.0,0.0,138.05,90.09,-63.06,,1.56,4.98,114.24,75.77,173.08
2026-08-27T11:00Z,10.02,105.33,1.85,0.0,127.94,111.35,-29.8,114.29,1.72,4.94,105.41,71.38,176.37
2026-08-27T11:15Z,10.05,102.47,1.5,1.13,122.15,145.02,-18.21,,1.64,4.91,107.38,72.46,178.8
2026-08-27T11:30Z,6.16,107.49,1.15,8.89,129.99,125.83,-80.0,,1.4,4.66,106.66,72.21,179.22
2026-08-27T11:45Z,0.06,113.04,1.08,9.98,140.0,137.79,-45.63,,1.37,4.66,107.46,72.64,180.0
2026-08-27T12:00Z,0.09,113.47,1.08,0.01,140.33,113.61,-28.48,120.53,1.34,4.58,107.07,71.66,177.0
2026-08-27T12:15Z,10.03,114.02,1.0,9.97,137.78,97.71,-77.34,,1.54,4.86,110.23,73.44,177.63
2026-08-27T12:30Z,20.05,125.1,1.0,17.3,149.94,139.61,-2.8,,1.63,4.99,110.82,74.34,180.45
2026-08-27T12:45Z,26.6,140.99,0.66,32.69,169.5,145.07,4.29,,2.13,17.35,109.79,73.26,196.0
2026-08-27T13:00Z,22.36,115.59,0.51,0.0,133.69,97.47,-52.4,131.59,2.49,9.27,109.97,72.99,169.09
2026-08-27T13:15Z,30.01,139.46,0.51,20.0,164.54,145.01,-2.94,,7.06,20.860001,112.43,74.84,195.0
2026-08-27T13:30Z,54.58,137.58,0.51,73.85,159.42,127.61,18.1,,34.99,45.189999,111.7,74.46,197.38
2026-08-27T13:45Z,74.58,136.59,0.51,105.79,154.0,151.33,72.82,,59.51,68.93,116.71,77.29,197.38
2026-08-27T14:00Z,51.04,120.65,0.51,64.65,143.48,75.79,62.71,131.96,34.64,49.889999,110.64,73.27,205.2
2026-08-27T14:15Z,93.31,133.94,0.51,100.0,144.99,128.93,87.4,,84.38,85.910004,119.99,80.25,200.0
2026-08-27T14:30Z,112.93,154.32,0.66,129.33,166.25,151.54,106.48,,103.28,105.150002,129.07,101.0,218.7
2026-08-27T14:45Z,127.32,178.25,1.0,150.5,191.4,199.92,119.42,,115.95,118.059998,132.33,115.21,207.83
2026-08-27T15:00Z,115.08,136.83,1.05,119.96,142.39,161.65,106.9,150.9,113.76,114.18,128.73,96.17,181.87
2026-08-27T15:15Z,128.97,142.77,1.08,142.38,143.09,196.0,115.26,,127.68,127.470001,134.61,116.99,196.0
2026-08-27T15:30Z,154.02,170.47,2.2,171.7,172.75,222.9,160.1,,146.06,146.490005,139.87,130.01,222.9
2026-08-27T15:45Z,168.73,188.84,3.43,193.15,192.31,243.11,186.84,,150.18,152.929993,146.99,145.29,243.11
2026-08-27T16:00Z,151.75,161.68,5.88,154.61,157.24,174.91,161.6,175.17,149.14,146.440002,139.99,130.14,236.5
2026-08-27T16:15Z,169.48,186.47,7.51,172.64,183.16,199.95,227.2,,147.34,150.029999,140.6,130.0,252.42
2026-08-27T16:30Z,177.02,191.68,19.08,184.69,187.27,209.16,277.63,,153.49,156.300003,146.49,133.97,255.54
2026-08-27T16:45Z,197.0,214.14,49.0,208.05,210.26,239.59,336.5,,157.05,159.929993,147.91,135.1,255.54
2026-08-27T17:00Z,184.45,190.98,67.99,190.24,190.21,194.85,223.4,200.0,157.03,159.899994,148.87,146.72,253.0
2026-08-27T17:15Z,194.52,202.49,100.0,202.45,202.05,207.06,240.6,,155.68,158.520004,149.18,130.0,253.0
2026-08-27T17:30Z,205.99,215.17,115.0,216.41,215.27,217.61,241.47,,153.14,155.929993,149.74,124.12,253.0
2026-08-27T17:45Z,212.09,221.22,165.0,222.34,221.06,212.45,228.34,,160.51,163.429993,149.74,96.54,255.54
2026-08-27T18:00Z,205.74,212.73,159.35,214.24,212.92,209.94,215.05,197.24,139.29,157.259995,149.33,137.35,253.0
2026-08-27T18:15Z,192.87,198.8,171.4,199.69,198.74,196.27,202.84,,149.03,157.389999,147.47,129.99,253.0
2026-08-27T18:30Z,187.8,193.47,176.67,194.09,193.28,190.95,198.49,,146.5,155.169998,146.24,95.73,255.32
2026-08-27T18:45Z,179.54,185.0,185.0,185.08,184.51,182.36,192.61,,150.86,153.600006,143.27,91.27,253.5
2026-08-27T19:00Z,192.13,199.65,180.03,200.97,199.72,196.57,203.07,176.4,133.61,146.470001,140.0,92.88,233.0
2026-08-27T19:15Z,180.12,186.77,185.02,186.84,186.18,190.0,156.54,,138.33,146.449997,137.97,89.24,233.0
2026-08-27T19:30Z,171.99,179.73,179.73,180.64,180.3,179.98,141.16,,138.46,145.899994,137.93,88.33,232.96
2026-08-27T19:45Z,159.44,180.01,180.01,172.44,185.89,173.26,154.01,,138.8,141.889999,135.01,86.68,232.96
2026-08-27T20:00Z,175.56,188.55,188.55,183.47,189.25,193.44,153.29,167.0,133.11,142.720001,135.01,86.72,232.05
2026-08-27T20:15Z,170.0,183.18,183.18,177.06,183.52,189.52,144.08,,132.51,140.039993,132.01,85.18,203.69
2026-08-27T20:30Z,159.68,182.0,182.0,165.0,186.01,181.87,133.4,,130.2,136.399994,129.22,82.79,196.39
2026-08-27T20:45Z,154.44,176.46,176.46,143.95,178.94,174.9,129.61,,122.65,132.639999,127.11,79.99,187.87
2026-08-27T21:00Z,159.9,174.88,174.88,160.88,174.49,187.09,125.02,162.29,133.13,135.550003,126.39,83.16,205.88
2026-08-27T21:15Z,153.16,170.61,170.61,150.1,171.47,174.92,120.53,,128.54,130.869995,125.98,82.04,202.0
2026-08-27T21:30Z,149.08,166.49,166.49,153.21,169.2,169.23,119.92,,129.14,131.490005,126.44,80.02,193.0
2026-08-27T21:45Z,139.42,155.41,155.41,159.71,161.01,154.85,120.37,,127.48,129.789993,124.78,76.46,162.94
2026-08-27T22:00Z,141.01,180.01,180.01,175.21,193.22,167.0,126.33,157.0,101.370003,103.21,111.54,52.78,216.26
2026-08-27T22:15Z,141.92,174.0,174.0,170.66,184.36,165.77,124.24,,109.790001,111.79,110.2,51.99,216.26
2026-08-27T22:30Z,139.0,171.56,171.56,156.92,181.5,161.63,118.02,,110.230003,112.24,111.02,48.28,216.26
2026-08-27T22:45Z,136.16,168.24,168.24,146.65,177.66,157.15,116.38,,110.239998,112.25,111.31,44.48,216.26
2026-08-27T23:00Z,141.81,168.2,168.2,180.19,177.89,163.41,116.38,150.96,110.349998,112.36,110.82,50.91,240.0
2026-08-27T23:15Z,138.66,161.8,161.8,171.63,169.79,159.44,111.18,,110.769997,112.79,111.62,50.01,230.7
2026-08-27T23:30Z,138.02,158.12,158.12,166.35,164.75,156.65,113.15,,110.779999,112.8,111.54,45.52,213.34
2026-08-27T23:45Z,138.66,149.36,149.36,151.67,150.99,152.95,115.93,,110.82,112.84,111.06,47.76,206.08
2026-08-28T00:00Z,137.18,161.07,161.07,153.24,168.99,155.14,114.54,141.01,114.730003,116.83,111.96,45.16,206.44
2026-08-28T00:15Z,138.68,151.05,151.05,148.24,153.17,153.66,114.69,,113.010002,115.07,111.56,45.83,206.08
2026-08-28T00:30Z,140.51,148.11,148.11,147.92,147.75,154.41,115.98,,111.720001,113.76,111.12,47.83,202.48
2026-08-28T00:45Z,136.6,142.76,142.76,142.5,142.3,148.23,115.93,,112.510002,114.56,110.62,51.09,205.0
2026-08-28T01:00Z,140.89,147.7,147.7,147.39,147.2,153.73,118.1,140.89,114.120003,116.2,111.4,48.1,185.14
2026-08-28T01:15Z,139.62,145.34,145.34,145.49,145.14,149.0,125.16,,114.339996,116.43,111.59,45.96,176.73
2026-08-28T01:30Z,138.26,143.96,143.96,144.07,143.74,147.55,125.16,,113.260002,115.33,110.63,51.79,184.12
2026-08-28T01:45Z,136.43,141.56,141.56,141.64,141.34,144.71,125.89,,114.0,116.08,111.26,46.07,178.93
2026-08-28T02:00Z,137.11,142.63,142.63,142.64,142.37,146.47,122.83,140.0,114.379997,116.46,111.61,45.66,175.59
2026-08-28T02:15Z,139.44,145.31,145.31,145.44,145.1,149.03,125.16,,114.510002,116.6,111.73,44.4,174.13
2026-08-28T02:30Z,139.96,146.04,146.04,146.19,145.83,149.83,125.16,,114.0,113.0,111.29,48.12,169.26
2026-08-28T02:45Z,139.85,145.5,145.5,146.02,145.5,147.48,132.88,,111.940002,110.76,113.32,50.78,176.47
2026-08-28T03:00Z,137.37,141.56,141.56,141.47,141.28,144.36,130.02,145.0,119.970001,122.16,114.25,42.99,176.48
2026-08-28T03:15Z,141.3,146.65,146.65,146.09,146.05,151.52,128.85,,121.970001,122.99,118.09,49.15,170.0
2026-08-28T03:30Z,148.48,154.67,154.67,153.93,153.95,161.09,128.29,,123.5,123.99,120.61,55.45,183.0
2026-08-28T03:45Z,159.92,167.05,167.05,166.82,166.58,173.04,137.09,,126.809998,129.11,123.72,69.35,188.18
2026-08-28T04:00Z,164.48,168.17,168.17,169.07,168.45,168.05,162.79,167.86,137.570007,140.08,133.58,44.37,181.52
2026-08-28T04:15Z,172.23,176.21,176.21,177.52,176.69,175.0,173.89,,140.490005,143.05,136.23,56.24,193.4
2026-08-28T04:30Z,174.29,178.04,178.04,179.28,178.49,176.9,175.85,,144.270004,146.89,139.75,81.84,198.4
2026-08-28T04:45Z,173.03,176.67,176.67,177.87,177.11,175.56,174.55,,143.820007,146.44,139.45,82.9,200.0
2026-08-28T05:00Z,179.81,182.9,182.9,184.13,183.35,181.75,180.76,175.26,152.809998,155.6,144.06,88.45,197.0
2026-08-28T05:15Z,180.26,183.3,183.3,184.51,183.74,182.17,181.19,,153.690002,156.5,144.94,94.99,204.0
2026-08-28T05:30Z,177.41,180.16,180.16,181.25,180.56,179.14,178.25,,153.399994,156.2,144.95,95.0,214.91
2026-08-28T05:45Z,174.44,176.93,176.93,177.92,177.29,176.0,175.2,,152.710007,155.49,144.61,94.99,209.1
2026-08-28T06:00Z,187.4,192.13,192.13,192.68,192.15,195.31,169.07,172.12,155.970001,158.81,147.98,97.69,213.59
2026-08-28T06:15Z,172.74,176.67,176.67,176.25,176.26,182.33,146.04,,155.179993,158.01,148.9,103.34,218.66
2026-08-28T06:30Z,162.59,168.4,168.4,166.1,167.15,145.07,118.69,,153.509995,156.3,148.55,93.53,216.11
2026-08-28T06:45Z,155.15,161.35,132.8,158.3,159.83,115.92,116.39,,151.690002,152.46,147.51,92.66,202.0
2026-08-28T07:00Z,161.87,166.38,125.0,164.67,165.3,177.24,115.0,150.24,153.0,155.79,148.0,98.27,238.8
2026-08-28T07:15Z,161.77,167.66,102.14,165.29,166.38,167.0,115.0,,153.270004,156.06,147.94,89.99,230.7
2026-08-28T07:30Z,151.21,154.35,68.0,152.81,153.59,146.73,96.96,,151.059998,150.11,145.93,84.62,220.0
2026-08-28T07:45Z,145.76,152.01,24.11,149.16,150.83,65.17,77.11,,146.490005,148.88,143.86,62.76,212.37
2026-08-28T08:00Z,155.0,157.82,7.51,157.07,157.71,88.98,79.74,137.14,155.300003,158.14,147.71,76.46,207.73
2026-08-28T08:15Z,142.59,145.06,2.49,144.56,145.18,60.06,42.23,,145.130005,147.78,139.26,53.97,210.47
2026-08-28T08:30Z,130.66,134.26,1.08,133.15,134.05,45.55,34.52,,132.899994,135.33,132.0,42.6,203.8
2026-08-28T08:45Z,122.31,115.25,1.0,119.95,118.55,79.49,13.66,,126.519997,128.83,130.69,31.14,198.0
2026-08-28T09:00Z,129.06,126.16,0.51,128.38,127.72,81.63,36.22,136.0,132.399994,139.87,134.55,49.3,195.98
2026-08-28T09:15Z,122.65,115.93,0.01,120.14,118.7,97.86,34.53,,126.480003,135.48,129.99,42.94,195.98
2026-08-28T09:30Z,117.81,110.88,0.01,115.21,113.73,92.02,34.63,,121.669998,130.78,125.98,34.36,195.96
2026-08-28T09:45Z,116.81,92.11,0.0,123.07,125.01,84.48,22.02,,122.720001,131.9,126.5,28.17,195.98
2026-08-28T10:00Z,112.08,108.47,0.0,110.77,109.98,99.21,45.17,135.41,114.379997,119.74,122.21,43.72,170.0
2026-08-28T10:15Z,108.98,102.9,0.0,106.76,105.45,86.05,34.39,,112.559998,120.7,121.8,36.9,180.0
2026-08-28T10:30Z,112.94,106.3,0.0,110.68,109.36,88.71,34.29,,116.730003,125.3,123.29,27.28,180.0
2026-08-28T10:45Z,109.56,68.62,0.0,126.46,132.55,79.74,32.07,,116.540001,122.57,123.6,24.54,173.33
2026-08-28T11:00Z,98.45,73.73,0.01,103.25,104.79,90.03,31.96,135.65,101.120003,104.46,116.79,32.17,179.86
2026-08-28T11:15Z,93.85,25.57,0.01,109.86,115.56,83.51,31.75,,98.300003,100.21,115.5,31.47,180.0
2026-08-28T11:30Z,100.58,0.08,0.01,111.01,114.32,90.05,31.87,,104.540001,108.19,118.46,29.49,179.31
2026-08-28T11:45Z,92.07,38.98,0.01,106.81,112.13,83.82,32.06,,96.0,97.76,114.22,26.9,180.27
2026-08-28T12:00Z,102.01,77.0,0.01,98.34,96.25,84.01,34.56,135.19,105.190002,112.92,113.56,25.79,185.0
2026-08-28T12:15Z,100.0,63.51,0.01,95.21,92.66,85.94,35.94,,102.510002,109.67,112.19,28.59,190.0
2026-08-28T12:30Z,106.26,70.03,0.01,101.75,99.39,97.59,35.38,,108.129997,114.16,114.89,31.56,184.27
2026-08-28T12:45Z,107.73,21.45,0.0,97.62,92.73,100.65,56.03,,108.660004,116.0,114.69,34.98,195.89
2026-08-28T13:00Z,109.55,93.92,0.0,106.73,104.98,93.44,48.37,137.4,112.760002,119.98,116.23,26.08,185.0
2026-08-28T13:15Z,112.23,59.45,0.0,104.96,101.14,103.96,53.72,,113.919998,121.0,117.43,30.02,187.9
2026-08-28T13:30Z,116.41,55.76,0.0,108.67,104.84,119.39,86.83,,115.860001,118.55,119.53,34.27,195.98
2026-08-28T13:45Z,119.29,27.25,0.0,108.09,102.77,134.81,110.84,,116.32,118.46,120.04,40.24,195.0
2026-08-28T14:00Z,111.35,46.86,0.0,103.64,100.0,125.14,97.26,140.09,109.050003,109.41,112.56,23.24,185.2
2026-08-28T14:15Z,118.32,41.71,0.0,108.97,104.55,131.31,110.84,,115.870003,116.83,119.6,28.26,194.6
2026-08-28T14:30Z,122.23,60.92,0.0,115.02,111.62,137.45,101.29,,119.849998,119.77,123.73,36.2,204.0
2026-08-28T14:45Z,126.34,52.18,0.01,116.94,109.29,153.01,112.24,,123.730003,124.37,127.74,41.56,206.8
2026-08-28T15:00Z,116.99,47.24,0.51,108.78,104.51,125.76,121.21,159.19,115.360001,116.86,128.2,27.09,195.98
2026-08-28T15:15Z,135.97,29.46,1.08,123.76,117.36,153.87,129.8,,133.199997,134.76,132.7,37.0,192.72
2026-08-28T15:30Z,156.76,103.2,1.08,150.48,147.2,166.05,160.05,,155.520004,156.68,140.72,42.74,206.8
2026-08-28T15:45Z,163.09,152.56,1.9,162.44,161.98,191.0,168.17,,163.229996,163.69,147.81,45.65,230.7
2026-08-28T16:00Z,144.39,105.59,2.5,139.77,137.5,160.91,155.9,160.1,143.380005,144.9,142.88,47.01,216.26
2026-08-28T16:15Z,160.89,143.36,7.96,158.8,157.77,176.33,171.7,,160.559998,161.64,149.2,41.51,230.92
2026-08-28T16:30Z,167.3,164.34,38.66,167.16,167.16,199.89,181.45,,167.490005,170.55,149.56,39.44,230.92
2026-08-28T16:45Z,169.34,172.89,89.49,170.1,170.85,203.49,145.25,,169.679993,170.36,149.92,25.97,230.92
2026-08-28T17:00Z,154.89,129.61,102.4,151.81,149.36,177.95,155.25,174.69,154.320007,155.73,148.69,47.75,230.92
2026-08-28T17:15Z,165.82,168.97,136.71,166.15,166.82,189.46,177.96,,166.130005,166.8,149.9,40.0,230.92
2026-08-28T17:30Z,175.5,177.71,174.88,175.81,176.27,171.03,180.71,,175.729996,176.0,149.94,20.69,231.2
2026-08-28T17:45Z,193.95,195.68,195.68,194.23,194.62,185.34,197.17,,193.960007,193.95,149.97,9.26,231.2
2026-08-28T18:00Z,174.88,174.88,174.88,174.12,174.55,194.59,182.01,167.72,174.389999,175.23,149.93,10.86,230.7
2026-08-28T18:15Z,177.73,178.8,178.8,177.31,177.71,190.92,182.37,,177.440002,177.97,149.94,9.49,218.4
2026-08-28T18:30Z,180.83,181.8,188.91,180.75,181.06,187.39,184.14,,180.679993,181.02,149.96,8.25,230.92
2026-08-28T18:45Z,173.64,176.14,212.07,173.83,174.45,166.99,179.05,,173.619995,174.03,149.99,6.75,230.92
2026-08-28T19:00Z,176.3,179.17,214.0,176.3,177.19,199.93,175.35,164.21,175.779999,176.39,151.85,6.59,218.93
2026-08-28T19:15Z,168.12,171.07,216.0,168.18,169.08,190.95,178.62,,167.610001,168.17,151.44,5.28,216.26
2026-08-28T19:30Z,166.01,167.71,215.0,166.02,166.54,180.02,172.18,,165.710007,166.07,152.06,4.8,216.26
2026-08-28T19:45Z,154.01,156.33,214.0,154.25,154.9,166.94,161.58,,153.690002,153.92,147.93,4.27,205.57
2026-08-28T20:00Z,171.44,173.2,200.34,171.44,171.98,187.4,178.16,160.1,171.190002,171.67,154.17,4.06,216.26
2026-08-28T20:15Z,162.3,165.24,194.31,162.48,163.34,184.48,172.84,,161.970001,162.56,154.16,3.52,205.42
2026-08-28T20:30Z,161.4,163.29,183.45,161.86,162.32,166.96,166.88,,161.339996,161.31,152.3,3.3,195.98
2026-08-28T20:45Z,150.64,152.59,178.04,151.0,151.51,159.2,156.73,,150.520004,150.62,147.42,2.81,170.48
2026-08-28T21:00Z,157.08,165.93,182.74,151.76,164.52,197.22,145.48,147.19,154.800003,155.36,148.8,2.27,206.8
2026-08-28T21:15Z,150.8,157.0,179.0,148.07,154.91,189.02,149.89,,149.699997,150.26,144.2,1.99,195.98
2026-08-28T21:30Z,141.55,148.02,176.67,138.5,145.9,181.18,142.71,,140.419998,141.16,135.4,1.99,181.26
2026-08-28T21:45Z,131.1,133.67,174.88,131.01,131.83,156.47,137.16,,130.649994,131.32,127.38,1.92,158.42
2026-08-28T22:00Z,141.58,154.82,188.91,131.36,155.98,157.5,107.03,140.06,139.58,137.850006,134.92,2.0,211.8
2026-08-28T22:15Z,135.4,137.34,187.72,136.16,136.64,142.51,116.25,,134.95,133.550003,130.67,1.99,228.24
2026-08-28T22:30Z,127.97,129.51,185.0,128.57,128.95,133.62,112.74,,127.61,126.489998,123.9,1.96,216.26
2026-08-28T22:45Z,117.12,118.35,195.56,117.57,117.86,121.85,111.65,,116.93,116.339996,120.67,1.88,216.26
2026-08-28T23:00Z,117.5,123.64,190.81,114.81,121.4,156.25,117.01,137.2,116.31,117.0,118.87,1.99,216.26
2026-08-28T23:15Z,114.51,117.73,187.72,114.41,115.44,140.6,117.25,,113.88,114.489998,117.52,1.99,216.26
2026-08-28T23:30Z,110.37,113.1,181.5,110.12,111.01,130.91,119.02,,109.95,110.959999,113.46,1.93,216.26
2026-08-28T23:45Z,107.04,109.89,180.52,107.33,108.06,103.37,113.58,,107.02,107.580002,110.44,1.89,209.32
2026-08-29T00:00Z,107.51,110.34,187.72,107.3,108.24,135.42,111.23,131.6,106.89,107.589996,110.3,2.0,219.47
2026-08-29T00:15Z,101.93,105.24,185.08,101.52,102.61,129.98,114.42,,101.38,102.800003,104.62,1.99,212.0
2026-08-29T00:30Z,100.07,103.66,180.52,99.67,100.84,128.58,113.31,,99.51,101.0,102.69,1.99,211.8
2026-08-29T00:45Z,91.68,96.0,180.52,91.2,92.6,126.0,107.62,,91.01,92.800003,93.91,1.99,211.8
2026-08-29T01:00Z,97.47,101.05,180.0,97.0,98.2,131.64,110.28,126.82,96.8,98.449997,99.89,1.99,211.8
2026-08-29T01:15Z,91.82,95.8,179.0,91.19,92.56,133.0,107.91,,91.03,92.699997,93.94,1.99,205.0
2026-08-29T01:30Z,91.19,95.22,179.0,90.44,91.86,137.68,108.12,,90.32,92.269997,93.2,1.93,203.2
2026-08-29T01:45Z,92.52,96.44,178.2,91.8,93.17,137.71,108.98,,91.68,93.360001,94.6,1.93,200.0
2026-08-29T02:00Z,96.99,98.57,176.0,96.64,97.22,117.14,107.03,125.0,96.58,97.580002,99.67,1.98,206.12
2026-08-29T02:15Z,93.91,96.83,175.94,93.17,94.25,133.29,107.03,,93.11,94.809998,96.08,1.96,198.98
2026-08-29T02:30Z,91.6,95.45,175.94,90.55,92.0,145.07,109.24,,90.52,92.489998,93.39,2.0,195.92
2026-08-29T02:45Z,89.52,94.2,175.5,88.19,89.97,155.59,111.32,,88.17,90.830002,90.98,2.0,198.98
2026-08-29T03:00Z,99.26,100.81,175.9,98.92,99.49,119.09,106.11,128.81,98.87,99.760002,102.03,2.2,200.0
2026-08-29T03:15Z,95.12,98.52,175.53,94.27,95.54,140.91,110.52,,94.21,95.940002,97.22,1.99,198.98
2026-08-29T03:30Z,95.23,99.14,175.0,94.18,95.66,149.39,113.19,,94.17,96.339996,97.16,1.93,193.0
2026-08-29T03:45Z,96.71,100.59,175.4,95.65,97.12,150.92,114.6,,95.64,97.5,98.68,1.92,184.85
2026-08-29T04:00Z,97.2,101.95,175.0,97.89,98.91,128.77,118.37,132.01,97.73,99.519997,100.65,1.99,200.0
2026-08-29T04:15Z,97.47,102.3,175.4,98.06,99.11,145.08,121.48,,98.01,99.720001,100.93,1.99,198.98
2026-08-29T04:30Z,97.19,101.28,175.9,97.58,98.48,154.15,120.2,,97.64,99.330002,100.56,1.98,180.0
2026-08-29T04:45Z,96.68,99.51,175.9,96.85,97.49,151.28,115.08,,97.0,98.379997,99.89,2.0,180.07
2026-08-29T05:00Z,107.2,110.27,178.2,107.27,108.0,172.32,128.5,133.99,107.45,109.010002,110.66,2.3,193.89
2026-08-29T05:15Z,103.88,106.05,177.64,103.88,104.4,156.53,120.03,,104.05,105.25,107.38,2.67,200.0
2026-08-29T05:30Z,100.79,102.66,176.01,100.79,101.24,146.45,115.33,,100.94,101.970001,106.1,2.96,193.6
2026-08-29T05:45Z,93.09,93.57,174.46,93.09,93.21,104.66,115.34,,93.13,93.389999,103.28,3.49,182.21
2026-08-29T06:00Z,106.11,109.52,174.46,106.81,107.45,164.11,131.01,130.1,106.95,108.25,110.37,3.5,164.11
2026-08-29T06:15Z,83.69,85.46,143.17,84.06,84.39,113.93,132.39,,84.13,84.809998,100.17,3.46,230.7
2026-08-29T06:30Z,41.79,42.08,120.0,41.85,41.91,46.75,154.09,,41.87,41.98,81.26,3.13,250.01
2026-08-29T06:45Z,10.09,10.14,81.08,10.1,10.11,10.94,165.87,,10.1,10.12,67.02,3.27,249.3
2026-08-29T07:00Z,18.4,18.98,40.95,18.56,18.98,22.18,164.7,121.91,18.49,18.16,70.77,3.49,230.7
2026-08-29T07:15Z,0.06,2.27,4.0,1.93,2.27,12.57,139.6,,3.51,3.58,62.48,3.39,230.7
2026-08-29T07:30Z,-0.01,1.08,1.08,0.31,1.08,11.55,132.23,,2.97,3.02,62.74,3.23,217.46
2026-08-29T07:45Z,-0.15,0.0,0.0,0.03,0.19,10.08,129.63,,2.89,2.95,63.53,3.0,187.54
2026-08-29T08:00Z,-0.01,0.0,0.0,0.49,0.53,33.54,119.02,22.0,2.95,3.0,80.76,3.29,184.03
2026-08-29T08:15Z,-0.1,0.0,0.0,0.28,0.32,24.49,114.4,,2.75,2.8,75.05,2.94,179.77
2026-08-29T08:30Z,-0.51,-0.01,-0.01,0.0,0.09,29.59,113.48,,2.44,2.49,79.77,2.62,163.8
2026-08-29T08:45Z,-0.75,-0.01,-0.01,-0.25,-0.14,26.34,112.56,,2.42,2.47,77.84,2.47,194.17
2026-08-29T09:00Z,-1.1,-0.01,-0.01,-0.18,0.98,27.24,105.18,14.5,2.14,2.18,79.32,2.46,178.84
2026-08-29T09:15Z,-1.35,-0.02,-0.02,-0.62,-0.02,25.41,104.72,,2.14,2.18,78.42,2.34,169.0
2026-08-29T09:30Z,-1.39,-0.05,-0.1,-0.65,-0.05,25.45,33.01,,2.08,2.12,78.53,2.26,152.56
2026-08-29T09:45Z,-1.58,-0.05,-0.19,-0.89,-0.05,24.98,37.07,,2.03,2.06,78.5,2.2,100.0
2026-08-29T10:00Z,-1.57,-0.03,-0.5,-1.06,-0.03,19.82,29.01,14.0,1.87,1.9,73.48,2.07,137.0
2026-08-29T10:15Z,-1.78,-0.04,-0.51,-1.37,-0.04,16.64,15.51,,1.57,1.6,69.63,1.78,103.97
2026-08-29T10:30Z,-1.88,-0.03,-0.5,-1.49,0.63,15.64,3.06,,1.54,1.57,67.78,1.75,100.0
2026-08-29T10:45Z,-2.02,-0.03,-0.5,-1.21,6.46,16.38,3.15,,1.35,1.49,61.9,1.7,97.43
2026-08-29T11:00Z,-1.91,-0.09,-0.5,-1.91,-0.09,20.47,10.0,15.6,1.33,1.36,75.05,1.31,91.43
2026-08-29T11:15Z,-1.89,-0.09,-0.3,-1.89,0.0,19.93,3.68,,1.31,1.59,74.59,1.55,93.41
2026-08-29T11:30Z,-1.69,-0.1,-0.5,-1.69,0.0,18.07,3.36,,0.13,1.14,74.59,1.62,89.93
2026-08-29T11:45Z,-1.56,-0.1,-0.5,-0.87,2.37,20.22,3.98,,0.1,1.11,74.25,1.6,91.91
2026-08-29T12:00Z,-1.53,-0.03,-0.5,-0.97,0.0,16.2,3.61,22.0,0.56,0.57,66.75,1.15,101.72
2026-08-29T12:15Z,-1.29,-0.02,-0.5,-0.76,0.0,15.19,3.41,,0.55,0.56,67.34,1.14,104.09
2026-08-29T12:30Z,-1.0,-0.02,-0.5,-0.33,0.42,21.09,4.64,,0.57,0.87,76.62,1.32,102.74
2026-08-29T12:45Z,-0.88,-0.02,-0.5,-0.01,1.25,25.12,5.65,,0.1,1.26,80.38,1.66,111.0
2026-08-29T13:00Z,-0.08,-0.07,-0.7,0.88,3.59,18.46,5.77,45.5,0.67,1.14,70.7,1.66,91.79
2026-08-29T13:15Z,-0.01,-0.06,-0.75,0.91,2.94,18.7,4.72,,0.73,1.3,72.11,1.8,119.35
2026-08-29T13:30Z,0.0,-0.09,-0.77,1.4,4.46,29.75,39.86,,1.54,2.46,79.75,2.85,145.0
2026-08-29T13:45Z,0.0,-0.09,-0.7,8.6,27.49,148.89,88.06,,5.07,4.99,106.03,3.99,155.0
2026-08-29T14:00Z,0.0,-0.1,-0.5,0.28,0.32,18.19,89.05,120.1,0.52,3.95,68.21,3.0,171.92
2026-08-29T14:15Z,1.66,-0.1,-0.5,3.87,4.27,150.62,116.26,,4.55,4.95,88.79,3.41,165.27
2026-08-29T14:30Z,30.88,-0.09,-0.3,29.91,29.08,179.95,113.48,,33.45,35.66,109.99,4.19,179.95
2026-08-29T14:45Z,65.78,-0.09,-0.1,59.64,55.76,211.24,120.86,,66.72,70.480003,110.53,6.95,211.24
2026-08-29T15:00Z,51.44,-0.02,-0.02,48.23,47.38,141.43,119.02,137.2,53.19,56.82,115.74,12.65,196.69
2026-08-29T15:15Z,100.78,-0.01,-0.01,91.62,86.77,181.81,142.08,,100.27,102.110001,122.2,25.77,201.99
2026-08-29T15:30Z,131.42,-0.01,-0.01,119.42,114.37,203.88,165.05,,130.78,135.139999,127.05,24.0,230.7
2026-08-29T15:45Z,168.33,-0.01,-0.01,148.76,138.39,212.64,187.55,,165.13,169.639999,134.69,58.99,215.98
2026-08-29T16:00Z,146.48,0.0,0.0,128.48,119.33,204.99,168.79,150.9,142.56,146.910004,135.15,33.9,207.15
2026-08-29T16:15Z,152.72,0.43,0.43,134.03,124.59,207.62,173.44,,148.29,152.380005,142.99,83.29,207.62
2026-08-29T16:30Z,185.46,1.15,1.15,162.7,151.09,211.93,197.27,,180.05,184.449997,147.99,98.58,215.18
2026-08-29T16:45Z,201.35,30.0,30.0,180.19,169.38,221.38,210.92,,196.26,200.270004,148.13,98.57,221.38
2026-08-29T17:00Z,183.9,33.05,33.05,164.5,155.0,205.06,210.18,178.73,178.57,181.860001,149.87,83.04,210.41
2026-08-29T17:15Z,191.92,93.3,93.3,179.28,173.11,207.6,217.38,,188.41,191.779999,153.84,82.1,211.8
2026-08-29T17:30Z,205.57,123.3,123.3,194.37,185.15,217.63,221.14,,202.52,204.770004,156.65,82.75,220.67
2026-08-29T17:45Z,214.47,150.6,150.6,205.78,198.63,224.11,227.83,,212.09,213.869995,156.73,75.8,226.58
2026-08-29T18:00Z,217.5,126.19,145.34,207.18,190.14,209.55,248.64,179.99,219.4,218.860001,156.72,97.78,211.8
2026-08-29T18:15Z,198.94,124.36,176.34,190.76,176.78,204.91,256.31,,200.62,200.830002,156.81,97.77,211.8
2026-08-29T18:30Z,181.76,141.18,185.02,177.42,169.74,204.93,235.01,,182.84,183.610001,156.95,97.77,216.26
2026-08-29T18:45Z,180.92,137.39,204.5,176.08,167.85,204.93,219.11,,182.05,182.600006,157.1,97.23,216.26
2026-08-29T19:00Z,205.71,162.7,204.98,200.24,197.53,210.42,207.93,174.47,204.27,205.289993,157.24,99.22,229.39
2026-08-29T19:15Z,179.29,133.25,215.0,172.62,170.0,214.91,191.9,,177.1,179.339996,157.19,98.83,216.26
2026-08-29T19:30Z,166.74,136.25,216.0,161.93,160.31,203.99,179.17,,165.02,167.029999,157.19,76.27,216.26
2026-08-29T19:45Z,158.33,114.99,216.0,152.67,150.04,170.64,164.08,,156.68,157.949997,150.66,57.17,216.26
2026-08-29T20:00Z,181.9,108.52,217.0,171.66,163.77,204.91,190.51,155.0,179.05,181.410004,157.23,81.99,223.67
2026-08-29T20:15Z,162.32,116.66,215.0,155.37,150.84,198.11,174.53,,160.08,162.360001,153.7,45.69,216.26
2026-08-29T20:30Z,158.1,157.48,205.0,156.83,157.55,202.05,172.12,,157.14,158.820007,150.76,33.79,215.07
2026-08-29T20:45Z,151.65,151.13,200.34,150.42,151.13,194.85,165.43,,150.71,152.350006,145.13,7.52,202.63
2026-08-29T21:00Z,150.77,141.05,203.81,148.23,148.1,204.97,168.32,144.15,149.5,152.029999,143.95,48.47,217.07
2026-08-29T21:15Z,146.47,117.12,198.5,141.38,140.0,204.96,167.66,,144.56,147.220001,139.38,36.41,215.35
2026-08-29T21:30Z,145.54,150.15,188.04,144.77,146.4,200.93,165.5,,144.59,146.759995,139.33,25.75,200.93
2026-08-29T21:45Z,139.68,143.67,185.18,139.07,140.47,186.65,156.61,,138.86,140.639999,134.2,16.91,186.65
2026-08-29T22:00Z,135.07,137.99,183.14,134.92,135.7,200.6,154.49,137.8,134.73,135.860001,136.14,41.08,200.6
2026-08-29T22:15Z,124.31,127.2,181.94,124.0,124.79,200.72,143.28,,123.91,125.190002,125.71,32.49,200.72
2026-08-29T22:30Z,110.72,114.1,204.65,110.36,111.28,200.0,133.39,,110.28,111.779999,118.34,15.54,200.0
2026-08-29T22:45Z,99.62,103.32,203.81,99.21,100.22,198.34,124.9,,99.14,100.82,105.28,15.54,198.68
2026-08-29T23:00Z,108.66,112.09,200.0,108.76,109.63,167.0,130.71,137.84,108.36,109.379997,111.82,23.13,201.76
2026-08-29T23:15Z,103.92,107.49,184.72,103.99,104.9,167.0,127.32,,103.61,104.720001,106.91,22.94,200.0
2026-08-29T23:30Z,101.17,104.65,181.94,101.2,102.09,164.86,124.44,,100.86,101.989998,104.07,27.49,196.26
2026-08-29T23:45Z,96.6,99.34,180.52,96.65,97.35,145.1,114.59,,96.36,97.309998,99.44,32.69,170.7
2026-08-30T00:00Z,98.6,103.41,180.01,98.81,99.91,187.99,127.66,137.9,98.79,100.589996,101.94,31.22,197.69
2026-08-30T00:15Z,88.17,94.03,178.46,88.47,89.79,191.08,122.87,,88.49,90.730003,94.67,31.45,211.8
2026-08-30T00:30Z,80.99,86.86,176.88,81.13,82.53,184.56,116.31,,82.42,83.919998,88.82,36.14,207.75
2026-08-30T00:45Z,76.38,82.08,176.88,76.51,77.87,176.23,110.62,,77.89,79.300003,86.2,41.85,200.0
2026-08-30T01:00Z,89.37,94.77,175.3,88.07,89.84,170.7,116.22,137.96,89.37,91.0,92.02,30.93,170.7
2026-08-30T01:15Z,79.85,85.96,175.0,78.36,80.37,170.7,110.69,,80.4,81.860001,83.61,33.11,170.7
2026-08-30T01:30Z,75.68,82.52,174.0,74.21,76.41,170.7,107.98,,76.37,77.760002,83.17,38.57,170.7
2026-08-30T01:45Z,66.85,73.94,173.2,65.27,67.56,167.0,104.63,,67.87,69.089996,83.17,40.44,167.0
2026-08-30T02:00Z,71.26,78.71,171.62,69.89,72.43,167.0,109.05,137.89,71.87,73.169998,81.93,36.08,167.0
2026-08-30T02:15Z,67.43,74.72,171.36,65.85,68.39,167.0,105.25,,68.27,69.5,81.72,35.92,167.49
2026-08-30T02:30Z,68.94,75.93,171.15,67.59,69.99,160.37,104.63,,69.53,70.790001,81.46,36.05,160.37
2026-08-30T02:45Z,69.88,76.7,171.07,68.58,70.91,158.7,104.63,,70.39,71.669998,81.83,36.9,158.7
2026-08-30T03:00Z,74.01,81.25,170.0,72.54,75.0,166.94,110.15,137.9,75.17,76.529999,81.12,32.61,166.94
2026-08-30T03:15Z,71.36,78.8,171.03,69.84,72.37,166.99,117.06,,72.65,73.970001,81.43,33.09,166.99
2026-08-30T03:30Z,72.66,80.18,171.13,71.04,73.62,172.71,116.01,,73.99,75.330002,81.56,33.88,172.71
2026-08-30T03:45Z,73.82,80.99,171.62,72.32,74.77,167.0,109.73,,75.03,76.379997,81.19,33.33,167.0
2026-08-30T04:00Z,67.01,73.82,172.5,67.75,69.15,159.03,113.84,137.8,68.48,69.720001,70.51,32.95,201.76
2026-08-30T04:15Z,70.42,76.89,172.9,71.11,72.45,158.1,121.18,,71.71,73.010002,73.84,30.12,198.98
2026-08-30T04:30Z,72.91,77.85,174.17,73.41,74.42,142.83,113.84,,76.39,75.0,78.66,31.23,172.5
2026-08-30T04:45Z,73.24,76.65,175.0,73.58,74.28,121.27,109.23,,76.09,74.699997,78.36,41.48,146.86
2026-08-30T05:00Z,75.74,81.79,175.57,76.21,77.55,180.07,113.83,133.76,76.21,74.82,82.99,28.3,180.07
2026-08-30T05:15Z,62.34,67.46,175.11,62.42,63.54,167.0,110.34,,72.01,67.279999,100.38,28.54,170.7
2026-08-30T05:30Z,55.88,59.48,174.0,55.86,56.64,133.78,110.14,,62.83,57.900002,100.46,37.64,148.88
2026-08-30T05:45Z,42.22,43.19,175.0,42.13,42.35,71.27,90.8,,42.26,41.490002,82.64,37.11,186.6
2026-08-30T06:00Z,35.0,46.66,171.62,35.26,38.32,186.9,103.38,120.9,99.7,40.630001,107.05,36.37,186.9
2026-08-30T06:15Z,20.02,31.28,132.83,20.27,23.22,166.64,86.13,,74.19,34.84,107.03,32.86,166.64
2026-08-30T06:30Z,8.83,14.78,106.0,8.96,10.52,86.32,36.6,,19.71,21.309999,102.21,20.49,151.36
2026-08-30T06:45Z,0.09,1.66,60.2,0.12,0.54,20.59,6.68,,6.62,10.84,94.59,10.84,144.86
2026-08-30T07:00Z,0.85,3.65,38.66,1.45,2.08,30.62,10.77,22.64,11.93,11.71,100.01,11.71,186.05
2026-08-30T07:15Z,0.0,1.19,1.19,0.25,0.53,12.65,4.22,,12.93,12.7,101.08,12.7,165.74
2026-08-30T07:30Z,-0.08,0.49,0.49,0.04,0.17,5.99,1.94,,12.14,11.92,101.77,11.92,153.0
2026-08-30T07:45Z,-0.82,0.0,0.0,-0.65,-0.46,7.9,2.09,,13.73,13.87,104.99,13.87,145.37
2026-08-30T08:00Z,-0.08,-0.01,-0.01,-0.05,-0.04,1.12,0.29,1.0,15.78,15.1,105.0,15.1,178.92
2026-08-30T08:15Z,-0.09,-0.07,-0.07,-0.08,-0.08,0.2,0.0,,14.99,14.72,109.77,14.72,183.54
2026-08-30T08:30Z,-0.12,-0.11,-0.11,-0.11,-0.11,0.09,-0.06,,13.38,13.14,110.29,13.14,161.66
2026-08-30T08:45Z,-0.12,-0.11,-0.11,-0.12,-0.12,0.08,-0.06,,12.05,11.84,110.64,11.84,143.8
2026-08-30T09:00Z,-0.15,-0.13,-0.13,-0.15,-0.14,0.07,-0.08,-1.05,18.85,18.059999,108.23,18.06,133.28
2026-08-30T09:15Z,-0.14,-0.13,-0.49,-0.14,-0.14,0.03,-0.09,,17.58,17.27,107.37,17.27,119.0
2026-08-30T09:30Z,-0.15,-0.14,-0.5,-0.15,-0.14,0.0,-0.11,,14.26,14.0,107.72,14.0,118.75
2026-08-30T09:45Z,-0.17,-0.15,-0.7,-0.16,-0.16,-0.07,-0.14,,14.26,14.0,109.58,14.0,118.5
2026-08-30T10:00Z,-0.99,-0.55,-0.7,-0.78,-0.01,-0.55,-0.92,-1.95,17.89,17.57,105.0,17.57,84.18
2026-08-30T10:15Z,-1.0,-0.11,-0.77,-0.56,1.06,-0.11,-0.76,,16.08,15.79,104.99,15.79,95.65
2026-08-30T10:30Z,-1.0,-0.78,-0.78,-0.9,-0.52,-0.98,-1.08,,14.88,14.61,105.0,14.61,90.2
2026-08-30T10:45Z,-1.09,-0.61,-0.7,-0.86,-0.01,-0.84,-1.09,,14.25,13.99,105.0,13.99,56.0
2026-08-30T11:00Z,-1.02,-0.98,-0.98,-1.0,-1.0,-1.03,-1.11,-1.68,14.25,14.0,108.04,14.0,56.56
2026-08-30T11:15Z,-1.04,-1.0,-1.0,-1.03,-1.02,-1.05,-1.14,,14.26,14.0,108.05,14.0,45.0
2026-08-30T11:30Z,-1.06,-1.02,-1.02,-1.05,-1.04,-1.07,-1.16,,14.25,13.99,107.82,13.99,45.0
2026-08-30T11:45Z,-1.09,-1.05,-1.05,-1.08,-1.07,-1.1,-1.2,,14.25,13.99,107.75,13.99,55.0
2026-08-30T12:00Z,-1.19,-1.0,-1.0,-1.1,-0.8,-1.18,-1.29,-0.01,14.25,13.99,105.0,13.99,66.21
2026-08-30T12:15Z,-1.03,-0.99,-0.99,-1.01,-1.01,-1.04,-1.13,,14.66,14.4,105.0,14.4,70.0
2026-08-30T12:30Z,-1.0,-0.96,-0.96,-0.99,-0.98,-0.96,-1.08,,14.98,14.71,105.0,14.71,76.0
2026-08-30T12:45Z,-1.0,-0.96,-0.96,-0.99,-0.98,-0.96,-1.08,,9.49,9.66,105.0,17.41,86.35
2026-08-30T13:00Z,-0.14,-0.13,-0.81,-0.13,-0.13,-0.06,-0.12,5.0,5.44,5.89,104.99,13.99,70.0
2026-08-30T13:15Z,-0.12,-0.11,-0.81,-0.12,-0.11,-0.06,-0.11,,4.99,5.58,104.99,16.94,76.0
2026-08-30T13:30Z,-0.12,-0.11,-0.81,-0.12,-0.12,0.02,-0.09,,4.14,5.0,104.99,23.05,121.0
2026-08-30T13:45Z,-0.11,-0.1,-0.81,-0.11,-0.11,-0.05,-0.1,,5.07,4.98,105.0,33.29,122.78
2026-08-30T14:00Z,-0.45,-0.01,-0.8,-0.36,-0.25,6.16,1.7,100.0,2.06,3.96,102.52,14.37,80.0
2026-08-30T14:15Z,-0.1,-0.01,-0.78,0.01,0.2,19.15,6.17,,1.34,4.65,102.58,20.34,103.02
2026-08-30T14:30Z,-0.01,-0.02,-0.77,0.67,1.67,93.82,33.93,,6.87,5.64,112.9,34.66,131.9
2026-08-30T14:45Z,0.52,-0.01,-0.59,1.59,3.26,166.73,60.66,,19.91,22.09,113.6,63.75,166.73
2026-08-30T15:00Z,4.15,-0.01,-0.49,4.43,4.5,101.92,69.4,135.7,5.71,6.03,111.12,11.14,149.06
2026-08-30T15:15Z,33.64,-0.01,-0.1,31.26,31.26,162.98,92.65,,34.71,35.349998,113.37,34.95,175.9
2026-08-30T15:30Z,74.59,0.0,-0.01,70.1,74.59,186.72,115.54,,74.93,76.300003,120.58,73.82,192.54
2026-08-30T15:45Z,137.41,1.5,0.0,121.07,112.8,185.54,157.35,,134.14,136.589996,126.15,90.85,158.7
2026-08-30T16:00Z,110.7,7.94,0.0,100.1,94.89,181.4,137.3,145.08,108.61,111.190002,126.32,87.29,198.1
2026-08-30T16:15Z,161.07,79.47,0.04,151.37,146.24,199.43,174.97,,159.0,161.330002,134.25,90.0,199.43
2026-08-30T16:30Z,181.26,138.99,1.08,176.19,173.5,201.76,188.69,,180.24,181.559998,142.49,96.15,201.76
2026-08-30T16:45Z,200.54,201.44,10.01,200.51,200.73,224.38,207.71,,200.61,201.139999,147.15,91.1,219.36
2026-08-30T17:00Z,169.46,169.46,40.0,169.35,169.46,198.77,176.85,190.8,169.27,169.660004,144.99,99.6,201.76
2026-08-30T17:15Z,180.69,180.69,95.24,180.54,180.69,208.27,188.3,,180.6,181.110001,147.63,99.39,208.27
2026-08-30T17:30Z,187.98,187.98,147.7,187.88,187.95,210.23,193.13,,187.83,188.110001,150.98,93.8,210.61
2026-08-30T17:45Z,198.53,198.98,181.94,198.46,198.48,217.7,204.32,,198.51,199.0,155.54,93.97,219.36
2026-08-30T18:00Z,174.45,175.3,175.3,174.54,174.64,190.94,181.02,192.66,174.4,174.649994,160.73,104.63,201.76
2026-08-30T18:15Z,184.63,185.33,185.33,184.75,184.85,193.48,189.01,,184.57,184.660004,160.8,93.48,211.8
2026-08-30T18:30Z,201.43,202.0,202.0,201.56,201.7,202.23,202.99,,201.37,201.320007,160.83,85.0,214.82
2026-08-30T18:45Z,212.27,212.82,212.82,212.4,212.54,213.04,213.77,,212.21,212.160004,160.85,80.01,219.36
2026-08-30T19:00Z,203.93,204.65,204.65,204.0,204.18,214.91,207.2,188.58,203.9,204.059998,160.96,85.0,219.36
2026-08-30T19:15Z,200.01,200.49,200.49,200.13,200.25,201.35,200.7,,199.95,199.880005,160.9,60.4,219.36
2026-08-30T19:30Z,187.92,189.07,200.91,188.21,188.49,190.92,189.53,,187.79,187.619995,160.93,46.54,216.61
2026-08-30T19:45Z,179.83,180.09,190.81,179.91,179.95,180.49,180.27,,179.79,179.720001,160.86,35.0,203.63
2026-08-30T20:00Z,189.32,189.21,200.85,189.3,189.3,190.99,189.8,178.84,189.32,189.339996,160.87,58.54,219.36
2026-08-30T20:15Z,180.06,177.08,190.37,179.6,179.33,190.92,183.21,,179.93,180.210007,160.78,44.17,210.95
2026-08-30T20:30Z,181.03,183.03,183.03,181.53,182.04,195.46,173.2,,180.62,179.889999,160.74,35.0,219.36
2026-08-30T20:45Z,175.34,175.03,180.52,175.55,175.73,179.96,171.11,,174.97,174.429993,160.66,27.52,211.8
2026-08-30T21:00Z,178.71,180.2,180.2,179.01,179.36,190.91,184.77,165.1,178.69,178.809998,159.93,45.73,228.7
2026-08-30T21:15Z,167.37,165.36,178.46,167.17,167.18,189.29,176.39,,167.24,167.649994,159.66,40.87,228.2
2026-08-30T21:30Z,166.57,168.3,175.3,166.93,167.34,179.9,173.45,,166.54,166.669998,159.14,32.05,201.76
2026-08-30T21:45Z,162.5,134.14,172.03,158.98,156.01,167.51,167.52,,161.38,161.970001,154.74,26.59,191.82
2026-08-30T22:00Z,188.79,179.11,179.11,187.9,187.52,194.99,180.29,156.88,188.160004,187.67,158.66,31.01,200.0
2026-08-30T22:15Z,174.97,174.69,174.69,175.22,175.39,180.05,165.91,,174.580002,173.89,158.67,30.0,197.55
2026-08-30T22:30Z,170.0,149.58,177.3,167.8,166.84,177.82,161.25,,169.059998,168.76,158.65,29.41,194.0
2026-08-30T22:45Z,166.15,125.7,174.4,161.39,159.4,171.82,166.14,,165.059998,165.77,157.94,31.11,188.9
2026-08-30T23:00Z,168.52,167.64,171.35,168.51,168.51,170.1,165.9,149.66,168.389999,168.2,158.72,29.7,171.46
2026-08-30T23:15Z,165.32,119.01,171.05,159.82,157.55,170.5,167.83,,164.240005,165.24,157.04,30.0,171.47
2026-08-30T23:30Z,159.92,107.88,158.26,153.74,151.18,165.73,162.73,,158.699997,159.82,151.95,31.13,166.82
2026-08-30T23:45Z,158.69,72.32,153.72,148.43,144.19,168.33,163.35,,156.669998,158.52,150.07,30.82,168.33
2026-08-31T00:00Z,164.22,115.02,147.7,158.34,155.9,169.71,167.0,143.1,163.139999,164.21,155.39,31.08,170.95
2026-08-31T00:15Z,153.74,80.81,145.0,145.02,141.43,166.9,158.44,,152.119995,153.76,145.87,31.13,167.45
2026-08-31T00:30Z,148.26,65.43,141.4,138.36,134.27,157.5,152.95,,146.440002,148.25,140.66,33.51,159.59
2026-08-31T00:45Z,146.74,0.0,139.9,129.2,121.94,163.11,155.05,,143.509995,146.72,137.96,36.03,170.45
2026-08-31T01:00Z,152.12,23.61,132.83,136.53,130.14,166.89,158.74,141.16,149.160004,151.95,143.02,28.5,170.48
2026-08-31T01:15Z,149.14,0.0,132.83,131.05,123.64,166.3,156.8,,145.720001,148.94,139.96,28.88,170.47
2026-08-31T01:30Z,146.18,0.0,132.83,128.38,121.14,166.9,154.29,,142.759995,146.0,137.24,29.58,170.46
2026-08-31T01:45Z,143.75,0.0,132.83,126.22,119.12,165.64,151.96,,140.360001,143.59,135.01,30.0,168.49
2026-08-31T02:00Z,143.1,0.0,132.83,125.54,118.6,171.02,151.67,141.0,139.570007,142.87,134.35,24.02,174.67
2026-08-31T02:15Z,141.57,0.0,132.83,124.13,117.3,173.71,150.55,,137.990005,141.34,132.88,26.74,174.53
2026-08-31T02:30Z,141.91,0.0,132.83,124.51,117.63,169.01,150.34,,138.429993,141.69,133.29,34.13,170.84
2026-08-31T02:45Z,143.06,0.0,137.0,125.38,118.44,173.97,153.96,,139.529999,143.05,134.3,48.19,173.97
2026-08-31T03:00Z,142.29,0.01,141.56,124.93,118.06,179.98,157.91,140.0,139.179993,143.11,133.96,15.36,179.98
2026-08-31T03:15Z,141.18,15.63,145.34,125.52,119.62,192.85,159.03,,138.139999,142.14,132.99,30.0,192.85
2026-08-31T03:30Z,143.09,19.13,150.99,127.41,121.67,204.64,164.01,,139.929993,144.27,134.71,51.55,204.64
2026-08-31T03:45Z,150.27,35.35,168.32,135.24,130.0,222.47,178.82,,147.25,152.19,141.26,80.41,222.47
2026-08-31T04:00Z,150.71,121.71,172.04,145.54,143.52,214.9,175.27,157.0,149.199997,152.36,143.41,35.08,214.9
2026-08-31T04:15Z,154.47,104.7,177.3,146.45,142.22,226.11,181.43,,152.440002,156.27,146.35,73.27,222.78
2026-08-31T04:30Z,157.17,126.34,179.68,152.21,150.0,225.0,200.54,,156.039993,159.58,149.67,106.95,225.0
2026-08-31T04:45Z,158.65,157.28,180.52,156.03,157.28,228.2,184.36,,157.539993,160.53,151.37,113.14,228.2
2026-08-31T05:00Z,164.35,156.14,185.0,165.15,165.03,221.24,255.41,168.03,166.240005,170.8,158.9,113.71,216.32
2026-08-31T05:15Z,165.12,157.03,199.99,165.22,165.22,232.4,234.39,,166.440002,170.51,159.19,115.23,219.36
2026-08-31T05:30Z,165.69,164.72,205.01,165.19,165.69,214.92,180.84,,165.869995,168.9,158.96,117.2,214.92
2026-08-31T05:45Z,164.69,164.72,205.0,164.64,164.72,171.07,166.65,,164.720001,167.73,158.06,118.43,211.8
2026-08-31T06:00Z,184.41,184.66,202.5,184.12,184.46,214.94,192.62,160.1,184.399994,187.78,159.56,122.72,219.36
2026-08-31T06:15Z,174.58,174.58,182.03,174.58,174.58,174.58,174.58,,174.580002,177.78,158.1,123.0,215.3
2026-08-31T06:30Z,160.51,160.51,171.25,160.51,160.51,160.51,160.51,,160.509995,163.45,150.66,121.51,211.8
2026-08-31T06:45Z,130.0,130.0,130.0,130.0,130.0,130.0,130.0,,130.0,132.38,139.78,122.31,197.0
2026-08-31T07:00Z,174.51,169.2,169.2,173.86,173.47,179.92,176.09,145.69,174.410004,177.6,148.5,126.24,186.05
2026-08-31T07:15Z,136.66,120.27,120.27,134.67,133.35,138.98,137.74,,136.289993,138.78,135.47,124.83,182.01
2026-08-31T07:30Z,108.97,50.07,50.07,101.39,96.82,116.97,112.92,,110.279999,118.81,128.7,116.94,164.36
2026-08-31T07:45Z,85.99,2.51,2.51,72.29,67.21,123.22,103.7,,105.220001,107.14,123.8,105.39,155.82
2026-08-31T08:00Z,91.0,2.0,2.0,78.14,71.81,123.59,103.24,140.29,99.330002,107.3,123.06,105.64,198.21
2026-08-31T08:15Z,47.39,1.08,1.08,31.4,32.38,135.96,104.62,,106.470001,106.4,121.24,94.43,198.98
2026-08-31T08:30Z,15.0,0.1,0.1,-0.6,4.7,133.71,104.76,,96.309998,98.07,121.28,70.61,176.87
2026-08-31T08:45Z,0.01,0.0,0.0,-1.09,0.0,158.97,112.92,,80.400002,81.87,120.78,54.28,158.97
2026-08-31T09:00Z,0.08,0.0,0.0,-0.37,1.35,155.23,114.3,138.7,46.52,73.89,120.85,72.8,160.21
2026-08-31T09:15Z,0.0,0.0,0.0,-2.0,0.42,138.14,114.31,,41.150002,63.47,121.24,62.6,158.7
2026-08-31T09:30Z,0.0,0.0,0.0,-2.0,0.7,145.06,114.76,,33.439999,53.77,121.39,53.1,151.73
2026-08-31T09:45Z,0.0,0.0,0.0,-2.0,0.9,120.55,114.76,,20.93,52.43,121.48,51.8,159.21
2026-08-31T10:00Z,-0.01,0.0,0.0,-3.02,0.5,148.61,115.7,134.48,30.639999,51.97,123.97,51.46,148.61
2026-08-31T10:15Z,-0.04,0.0,0.0,-3.03,0.38,133.47,123.06,,31.940001,54.69,123.91,54.14,150.65
2026-08-31T10:30Z,-0.08,0.0,0.0,-3.03,0.34,130.33,116.02,,29.299999,51.97,123.92,51.46,148.97
2026-08-31T10:45Z,-0.1,0.0,0.0,-3.04,0.41,127.86,124.55,,24.48,50.12,123.84,49.66,152.17
2026-08-31T11:00Z,-0.76,-0.01,0.0,-0.76,2.03,145.1,123.05,133.36,27.26,47.96,123.83,47.49,148.76
2026-08-31T11:15Z,-1.0,-0.01,0.0,-1.0,1.37,136.36,122.51,,33.599998,49.89,123.91,49.38,151.73
2026-08-31T11:30Z,-1.01,-0.01,0.0,-1.01,1.12,122.08,116.01,,23.74,51.8,123.25,51.25,151.73
2026-08-31T11:45Z,-1.01,-0.01,0.0,-1.01,1.33,136.57,121.8,,20.07,54.62,122.58,54.02,159.21
2026-08-31T12:00Z,-1.09,-0.01,0.0,1.02,2.98,142.56,114.76,134.8,14.99,44.8,123.95,44.36,167.72
2026-08-31T12:15Z,-1.01,-0.01,0.0,0.69,2.41,125.64,120.44,,17.68,51.74,123.72,51.18,172.58
2026-08-31T12:30Z,-1.01,-0.01,0.0,0.26,1.57,101.99,131.35,,20.07,57.08,123.35,56.41,174.34
2026-08-31T12:45Z,-1.0,-0.01,0.0,0.87,2.84,149.77,140.42,,23.299999,63.4,123.74,62.6,174.84
2026-08-31T13:00Z,-0.18,-0.01,0.0,1.81,3.31,111.39,151.97,136.5,10.57,37.09,123.74,36.79,167.7
2026-08-31T13:15Z,-0.1,-0.01,0.0,1.22,2.34,88.59,129.5,,13.2,44.41,123.92,43.96,172.09
2026-08-31T13:30Z,-0.04,-0.01,0.0,2.81,4.71,152.78,120.01,,24.09,76.3,122.83,75.19,181.59
2026-08-31T13:45Z,-0.01,-0.01,0.0,2.93,4.51,185.49,128.0,,39.66,98.38,123.04,96.82,189.65
2026-08-31T14:00Z,-0.02,-0.01,0.0,1.47,3.07,149.19,109.23,138.71,38.869999,74.29,122.25,73.24,189.47
2026-08-31T14:15Z,-0.01,-0.01,0.0,1.82,3.7,166.93,127.2,,44.169998,96.51,122.5,94.99,197.0
2026-08-31T14:30Z,0.0,0.0,0.0,2.16,4.43,211.5,159.14,,71.139999,114.88,124.61,113.0,211.8
2026-08-31T14:45Z,4.03,0.0,0.0,5.75,7.63,220.49,180.3,,52.939999,117.0,126.65,115.13,221.73
2026-08-31T15:00Z,6.56,0.51,0.51,6.34,8.72,184.44,158.6,141.01,56.5,123.04,123.04,123.04,202.91
2026-08-31T15:15Z,60.42,1.2,1.2,54.11,52.28,212.06,212.74,,78.139999,126.1,126.1,126.1,216.02
2026-08-31T15:30Z,105.82,2.51,2.51,95.02,93.84,228.2,246.0,,111.129997,127.52,127.52,127.52,228.2
2026-08-31T15:45Z,119.28,95.98,8.0,117.63,117.4,243.45,274.0,,125.279999,132.94,132.94,132.94,219.36
2026-08-31T16:00Z,122.86,19.9,19.9,111.61,106.62,219.36,199.7,152.44,122.330002,133.72,133.95,133.67,219.36
2026-08-31T16:15Z,142.02,135.98,41.42,142.6,142.6,218.26,244.61,,143.899994,146.55,139.02,140.99,218.26
2026-08-31T16:30Z,166.99,169.63,90.4,167.96,169.63,236.13,258.1,,168.830002,173.38,147.69,159.92,222.62
2026-08-31T16:45Z,199.84,223.38,120.27,181.66,222.99,284.0,313.29,,200.130005,203.87,155.88,172.5,232.92
2026-08-31T17:00Z,166.99,137.71,120.27,162.67,165.13,239.31,301.0,175.04,168.529999,178.57,155.85,168.01,238.28
2026-08-31T17:15Z,177.6,184.75,159.99,180.63,181.87,234.52,333.8,,180.479996,186.49,158.07,168.27,234.52
2026-08-31T17:30Z,180.34,188.96,182.03,183.86,185.53,239.64,342.43,,182.75,188.13,158.59,162.08,239.64
2026-08-31T17:45Z,207.51,215.0,215.0,208.78,212.56,246.55,302.1,,208.169998,210.63,159.09,167.78,246.55
2026-08-31T18:00Z,177.57,184.27,184.27,179.37,180.87,225.01,327.14,197.2,179.559998,186.31,159.11,170.93,228.7
2026-08-31T18:15Z,190.95,195.8,195.8,192.36,193.41,223.51,303.48,,192.5,197.54,159.0,168.07,227.83
2026-08-31T18:30Z,197.6,200.81,214.0,198.45,199.14,211.95,260.72,,198.529999,201.55,159.05,157.93,231.2
2026-08-31T18:45Z,190.48,193.18,217.0,191.48,191.94,186.1,241.37,,191.589996,195.16,159.06,143.41,231.01
2026-08-31T19:00Z,207.61,209.87,216.0,207.21,208.0,232.62,223.93,186.08,207.369995,208.0,159.05,178.0,232.62
2026-08-31T19:15Z,181.8,185.51,217.0,181.37,182.59,214.99,203.19,,181.449997,183.92,158.98,162.0,228.7
2026-08-31T19:30Z,175.94,179.32,216.0,175.58,176.67,204.48,199.16,,175.740005,178.2,158.96,140.18,219.36
2026-08-31T19:45Z,163.8,166.24,206.04,164.44,164.89,147.67,182.82,,164.429993,167.46,158.08,124.95,219.32
2026-08-31T20:00Z,176.2,180.3,200.85,175.57,176.97,214.93,199.45,170.1,175.649994,176.5,158.75,133.23,228.7
2026-08-31T20:15Z,170.0,173.36,185.0,169.37,170.55,204.92,192.53,,169.539993,172.11,158.04,127.64,210.95
2026-08-31T20:30Z,172.94,174.98,181.5,173.02,173.53,179.93,181.12,,173.0,174.48,157.96,117.0,206.0
2026-08-31T20:45Z,167.06,168.76,180.52,167.52,167.82,155.74,160.84,,167.479996,168.31,157.87,112.08,205.85
2026-08-31T21:00Z,163.85,180.5,180.5,152.7,179.16,204.97,154.85,158.1,161.160004,164.12,155.89,117.17,228.7
2026-08-31T21:15Z,156.54,162.71,177.99,154.8,160.27,179.9,162.69,,155.669998,157.77,150.09,115.27,210.8
2026-08-31T21:30Z,154.05,173.82,176.69,140.13,174.84,166.95,151.99,,151.110001,152.52,145.63,109.27,200.27
2026-08-31T21:45Z,146.69,153.27,172.03,144.54,151.78,166.91,139.43,,145.600006,144.58,140.49,97.64,180.23
2026-08-31T22:00Z,163.91,180.24,180.24,187.56,182.03,205.38,172.41,153.0,156.679993,159.56,150.93,111.81,210.52
2026-08-31T22:15Z,157.62,178.5,178.5,175.91,182.08,188.83,147.79,,150.449997,153.21,145.24,108.33,210.0
2026-08-31T22:30Z,149.56,162.54,175.0,160.53,163.28,182.45,139.94,,145.350006,146.59,140.65,101.97,204.0
2026-08-31T22:45Z,147.26,155.24,174.0,156.0,155.31,169.68,133.4,,144.410004,144.57,139.73,97.99,201.0
2026-08-31T23:00Z,149.84,165.38,177.49,164.18,168.81,167.0,143.18,148.69,144.149994,146.58,139.25,105.35,198.49
2026-08-31T23:15Z,146.05,158.75,177.49,155.75,160.82,166.3,141.08,,141.619995,143.54,136.95,98.91,195.0
2026-08-31T23:30Z,146.19,161.52,175.67,153.22,164.97,156.05,134.86,,141.580002,143.11,136.91,98.0,190.0
2026-08-31T23:45Z,144.35,163.31,175.0,150.86,167.69,154.95,134.4,,138.940002,141.04,134.51,98.0,188.31
