list_id,price,scraped_date
101641323,2500000000,2026-10-01
103635073,3950000000,2026-10-01
103685892,17900000000,2026-10-01
106405231,11500000000,2026-10-01
106823305,2360000000,2026-10-01
107966398,14900000000,2026-10-01
108349690,4900000000,2026-10-01
108557115,2390000000,2026-10-01
108727173,6950000000,2026-10-01
108791346,2870000000,2026-10-01
109263227,12700000000,2026-10-01
109263502,14500000000,2026-10-01
110043730,2000000000,2026-10-01
110446594,19600000000,2026-10-01
110635688,2400000000,2026-10-01
111365773,590000000,2026-10-01
111507055,1990000000,2026-10-01
111566370,8900000000,2026-10-01
111669750,2880000000,2026-10-01
113005983,12000000000,2026-10-01
113695333,3200000000,2026-10-01
113949719,7000000000,2026-10-01
114143926,2080000000,2026-10-01
114354926,2900000000,2026-10-01
114411631,6800000000,2026-10-01
114775207,3850000000,2026-10-01
114970178,4129000000,2026-10-01
115082113,10450000000,2026-10-01
115201506,8500000000,2026-10-01
115568217,7500000000,2026-10-01
115745799,35000000000,2026-10-01
116016622,2850000000,2026-10-01
116037512,5300000000,2026-10-01
116040076,8200000000,2026-10-01
116105867,29000000000,2026-10-01
116435258,17900000000,2026-10-01
116757414,12000000000,2026-10-01
116798208,30000000000,2026-10-01
117034717,11500000000,2026-10-01
117396324,2950000000,2026-10-01
117464299,2750000000,2026-10-01
117671649,6500000000,2026-10-01
117726273,9500000000,2026-10-01
117975472,9800000000,2026-10-01
118007185,9999000000,2026-10-01
118086823,3850000000,2026-10-01
118204368,6000000000,2026-10-01
118671292,9300000000,2026-10-01
119305386,2150000000,2026-10-01
119370733,14500000000,2026-10-01
119383439,3100000000,2026-10-01
119485811,18700000000,2026-10-01
119541592,4800000000,2026-10-01
119723716,17900000000,2026-10-01
119940523,2950000000,2026-10-01
120093810,36900000000,2026-10-01
120205768,23900000000,2026-10-01
120632486,6500000000,2026-10-01
120729869,950000000,2026-10-01
120893555,22500000000,2026-10-01
120925357,14700000000,2026-10-01
120969216,4560000000,2026-10-01
121021599,3800000000,2026-10-01
121120616,9000000000,2026-10-01
121310997,41000000000,2026-10-01
121353901,19900000000,2026-10-01
121375731,5180000000,2026-10-01
121516663,6700000000,2026-10-01
121692960,6000000000,2026-10-01
121772917,39999000000,2026-10-01
121865017,11000000000,2026-10-01
121870626,11650000000,2026-10-01
122117521,40000000000,2026-10-01
122291297,24500000000,2026-10-01
122303073,13500000000,2026-10-01
122334871,22900000000,2026-10-01
122364946,2900000000,2026-10-01
122408204,30000000000,2026-10-01
122521388,11500000000,2026-10-01
122600271,8600000000,2026-10-01
122616568,11000000000,2026-10-01
122666059,63000000000,2026-10-01
122673622,3400000000,2026-10-01
122687309,3300000000,2026-10-01
122705799,3900000000,2026-10-01
122854609,6000000000,2026-10-01
122907925,3200000000,2026-10-01
122916452,7400000000,2026-10-01
122931202,2600000000,2026-10-01
122939209,3520000000,2026-10-01
123006654,2400000000,2026-10-01
123017383,9200000000,2026-10-01
123045100,12900000000,2026-10-01
123045689,10700000000,2026-10-01
123097771,2000000000,2026-10-01
123108191,13500000000,2026-10-01
123251302,490000000,2026-10-01
123516678,1700000000,2026-10-01
123544800,4200000000,2026-10-01
123649022,7500000000,2026-10-01
123718361,3000000000,2026-10-01
123755456,6000000000,2026-10-01
123807088,17300000000,2026-10-01
123846527,28500000000,2026-10-01
123958083,28500000000,2026-10-01
124087193,16900000000,2026-10-01
124115669,2880000000,2026-10-01
124124264,3750000000,2026-10-01
124176308,4950000000,2026-10-01
124203352,8900000000,2026-10-01
124224838,1150000000,2026-10-01
124296205,2400000000,2026-10-01
124317816,2400000000,2026-10-01
124339037,12800000000,2026-10-01
124469271,2380000000,2026-10-01
124487089,22500000000,2026-10-01
124494806,3600000000,2026-10-01
124526487,41500000000,2026-10-01
124625248,11950000000,2026-10-01
124633287,15300000000,2026-10-01
124637761,45000000000,2026-10-01
124738308,47000000000,2026-10-01
124753719,13300000000,2026-10-01
124797040,2900000000,2026-10-01
124831736,2400000000,2026-10-01
124882983,15000000000,2026-10-01
124907010,3200000000,2026-10-01
124950143,10800000000,2026-10-01
125010972,33000000000,2026-10-01
125021421,14500000000,2026-10-01
125225022,17500000000,2026-10-01
125306203,9300000000,2026-10-01
125320416,4320000000,2026-10-01
125328540,17000000000,2026-10-01
125373813,1200000000,2026-10-01
125384133,7000000000,2026-10-01
125421092,11900000000,2026-10-01
125450413,21000000000,2026-10-01
125588859,18000000000,2026-10-01
125620338,6250000000,2026-10-01
125787066,2000000000,2026-10-01
125836421,5500000000,2026-10-01
125871325,13900000000,2026-10-01
125881112,13000000000,2026-10-01
126051157,7200000000,2026-10-01
126052326,9500000000,2026-10-01
126144340,18700000000,2026-10-01
126156187,17000000000,2026-10-01
126174096,17000000000,2026-10-01
126205659,3880000000,2026-10-01
126342155,40000000000,2026-10-01
126368594,41000000000,2026-10-01
126427196,36000000000,2026-10-01
126438916,28500000000,2026-10-01
126484130,8200000000,2026-10-01
126521159,16800000000,2026-10-01
126529998,7400000000,2026-10-01
126535600,3500000000,2026-10-01
126572803,14600000000,2026-10-01
126670942,13500000000,2026-10-01
126678462,5350000000,2026-10-01
126686709,7590000000,2026-10-01
126696642,7000000000,2026-10-01
126702032,4500000000,2026-10-01
126711111,26800000000,2026-10-01
126724257,4100000000,2026-10-01
126726242,1250000000,2026-10-01
126737395,7500000000,2026-10-01
126925338,1200000000,2026-10-01
126939965,3700000000,2026-10-01
126940501,4600000000,2026-10-01
127029154,3700000000,2026-10-01
127049900,2550000000,2026-10-01
127067368,13500000000,2026-10-01
127097635,18800000000,2026-10-01
127127039,15000000000,2026-10-01
127134631,2890000000,2026-10-01
127137531,6160000000,2026-10-01
127171113,36000000000,2026-10-01
127180113,3950000000,2026-10-01
127183786,45500000000,2026-10-01
127188653,7500000000,2026-10-01
127233661,3400000000,2026-10-01
127234909,3100000000,2026-10-01
127283020,1100000000,2026-10-01
127328024,1460000000,2026-10-01
127331672,1300000000,2026-10-01
127337298,3500000000,2026-10-01
127341311,14500000000,2026-10-01
127368820,8300000000,2026-10-01
127398210,2900000000,2026-10-01
127427050,6900000000,2026-10-01
127430229,6300000000,2026-10-01
127444277,9000000000,2026-10-01
127456205,4680000000,2026-10-01
127474250,9500000000,2026-10-01
127622339,4500000000,2026-10-01
127624685,15200000000,2026-10-01
127648637,1450000000,2026-10-01
127664084,26800000000,2026-10-01
127676418,2850000000,2026-10-01
127763329,10500000000,2026-10-01
127778643,3000000000,2026-10-01
127797181,5100000000,2026-10-01
127797375,6200000000,2026-10-01
127861014,2850000000,2026-10-01
127861826,2000000000,2026-10-01
127867418,3980000000,2026-10-01
127900939,6399000000,2026-10-01
127904526,7050000000,2026-10-01
127954277,3950000000,2026-10-01
128008297,10300000000,2026-10-01
128017373,4500000000,2026-10-01
128052176,3750000000,2026-10-01
128056538,9500000000,2026-10-01
128057864,9500000000,2026-10-01
128066761,3850000000,2026-10-01
128096832,480000000,2026-10-01
128109678,20800000000,2026-10-01
128144115,6200000000,2026-10-01
128145763,2750000000,2026-10-01
128166082,5900000000,2026-10-01
128169198,2900000000,2026-10-01
128171784,8350000000,2026-10-01
128215354,2050000000,2026-10-01
128254130,5850000000,2026-10-01
128266202,13300000000,2026-10-01
128268327,2250000000,2026-10-01
128319240,3500000000,2026-10-01
128365411,1150000000,2026-10-01
128385730,1800000000,2026-10-01
128400513,2600000000,2026-10-01
128419078,3700000000,2026-10-01
128466242,4000000000,2026-10-01
128466502,3600000000,2026-10-01
128481484,20500000000,2026-10-01
128498006,2350000000,2026-10-01
128510779,7300000000,2026-10-01
128561954,10850000000,2026-10-01
128592656,5890000000,2026-10-01
128631916,8500000000,2026-10-01
128640398,5990000000,2026-10-01
128695806,5500000000,2026-10-01
128714584,38000000000,2026-10-01
128715810,3300000000,2026-10-01
128722770,7300000000,2026-10-01
128751221,6960000000,2026-10-01
128754111,18800000000,2026-10-01
128755536,2950000000,2026-10-01
128760793,7600000000,2026-10-01
128764984,13900000000,2026-10-01
128768032,8900000000,2026-10-01
128777882,5600000000,2026-10-01
128791487,750000000,2026-10-01
128796887,11900000000,2026-10-01
128800954,14000000000,2026-10-01
128838335,8000000000,2026-10-01
128879775,4250000000,2026-10-01
128885755,5500000000,2026-10-01
128887406,1050000000,2026-10-01
128932138,17500000000,2026-10-01
128961710,4850000000,2026-10-01
128967325,4700000000,2026-10-01
128976408,4200000000,2026-10-01
128986296,16000000000,2026-10-01
128998274,19000000000,2026-10-01
128998659,2100000000,2026-10-01
129005085,8500000000,2026-10-01
129012511,48500000000,2026-10-01
129014837,4650000000,2026-10-01
129029444,11900000000,2026-10-01
129029480,1700000000,2026-10-01
129037269,2250000000,2026-10-01
129061384,2000000000,2026-10-01
129079278,1950000000,2026-10-01
129145799,8150000000,2026-10-01
129147443,23800000000,2026-10-01
129154366,22500000000,2026-10-01
129158108,5750000000,2026-10-01
129178771,2360000000,2026-10-01
129187404,9500000000,2026-10-01
129261979,4050000000,2026-10-01
129268724,8600000000,2026-10-01
129294252,17800000000,2026-10-01
129294761,11990000000,2026-10-01
129296613,5550000000,2026-10-01
129302959,3950000000,2026-10-01
129314249,7800000000,2026-10-01
129320973,8600000000,2026-10-01
129328359,18700000000,2026-10-01
129333238,6550000000,2026-10-01
129385789,5500000000,2026-10-01
129401401,2750000000,2026-10-01
129410707,18800000000,2026-10-01
129436774,9200000000,2026-10-01
129444833,10800000000,2026-10-01
129448178,4300000000,2026-10-01
129455877,4100000000,2026-10-01
129456707,2900000000,2026-10-01
129457087,59000000000,2026-10-01
129458163,14500000000,2026-10-01
129466254,7750000000,2026-10-01
129481167,2250000000,2026-10-01
129489228,5600000000,2026-10-01
129498758,18300000000,2026-10-01
129509429,25800000000,2026-10-01
129513410,14800000000,2026-10-01
129513884,14800000000,2026-10-01
129517288,3980000000,2026-10-01
129521108,3500000000,2026-10-01
129521286,3800000000,2026-10-01
129524617,7980000000,2026-10-01
129525495,33000000000,2026-10-01
129547403,950000000,2026-10-01
129555083,3150000000,2026-10-01
129557210,6650000000,2026-10-01
129598002,9800000000,2026-10-01
129609702,5250000000,2026-10-01
129628407,9000000000,2026-10-01
129634937,3500000000,2026-10-01
129644333,6590000000,2026-10-01
129649430,30000000000,2026-10-01
129652872,4100000000,2026-10-01
129653124,16950000000,2026-10-01
129662970,3950000000,2026-10-01
129663815,5900000000,2026-10-01
129670864,5700000000,2026-10-01
129680836,10500000000,2026-10-01
129687538,900000000,2026-10-01
129689279,6990000000,2026-10-01
129695888,2850000000,2026-10-01
129698240,9500000000,2026-10-01
129703519,4950000000,2026-10-01
129704071,11000000000,2026-10-01
129728355,5600000000,2026-10-01
129734252,6000000000,2026-10-01
129744001,2950000000,2026-10-01
129751943,10600000000,2026-10-01
129759090,4100000000,2026-10-01
129763614,5200000000,2026-10-01
129781154,3480000000,2026-10-01
129790397,5650000000,2026-10-01
129863603,11000000000,2026-10-01
129875850,2260000000,2026-10-01
129897703,5400000000,2026-10-01
129907430,3300000000,2026-10-01
129916984,7500000000,2026-10-01
129934169,6350000000,2026-10-01
129945492,3970000000,2026-10-01
129957677,14850000000,2026-10-01
129963624,2100000000,2026-10-01
129979442,5700000000,2026-10-01
129981418,12000000000,2026-10-01
129981946,13100400000,2026-10-01
129991497,2900000000,2026-10-01
130018610,3320000000,2026-10-01
130020898,2849000000,2026-10-01
130024071,1900000000,2026-10-01
130047638,6900000000,2026-10-01
130056491,12000000000,2026-10-01
130058196,7900000000,2026-10-01
130063171,23500000000,2026-10-01
130063747,2390000000,2026-10-01
130067027,6950000000,2026-10-01
130075588,16500000000,2026-10-01
130077210,8500000000,2026-10-01
130093425,8000000000,2026-10-01
130099256,6990000000,2026-10-01
130100744,5600000000,2026-10-01
130110841,5980000000,2026-10-01
130126563,4450000000,2026-10-01
130126599,2550000000,2026-10-01
130126903,2750000000,2026-10-01
130127024,2700000000,2026-10-01
130127914,3530000000,2026-10-01
130130954,5500000000,2026-10-01
130154624,6500000000,2026-10-01
130165334,11500000000,2026-10-01
130168792,5250000000,2026-10-01
130172414,1390000000,2026-10-01
130181598,6600000000,2026-10-01
130192325,5000000000,2026-10-01
130200406,24200000000,2026-10-01
130200809,12390000000,2026-10-01
130205287,2800000000,2026-10-01
130209609,10600000000,2026-10-01
130209759,3700000000,2026-10-01
130210174,1990000000,2026-10-01
130226832,3800000000,2026-10-01
130236081,1700000000,2026-10-01
130244820,4350000000,2026-10-01
130255216,9000000000,2026-10-01
130284652,2200000000,2026-10-01
130295761,2200000000,2026-10-01
130308647,4300000000,2026-10-01
130316468,5900000000,2026-10-01
130328639,2000000000,2026-10-01
130335141,2600000000,2026-10-01
130335575,3750000000,2026-10-01
130340524,6750000000,2026-10-01
130351826,18900000000,2026-10-01
130355339,6900000000,2026-10-01
130360147,3830000000,2026-10-01
130375386,13900000000,2026-10-01
130382144,3600000000,2026-10-01
130389069,13000000000,2026-10-01
130393348,6400000000,2026-10-01
130393734,1200000000,2026-10-01
130398584,2900000000,2026-10-01
130402052,10500000000,2026-10-01
130414895,2700000000,2026-10-01
130418130,22500000000,2026-10-01
130428542,1500000000,2026-10-01
130431324,14200000000,2026-10-01
130432099,5300000000,2026-10-01
130441639,3990000000,2026-10-01
130448198,13400000000,2026-10-01
130454834,8900000000,2026-10-01
130458416,9900000000,2026-10-01
130461377,6200000000,2026-10-01
130467461,4000000000,2026-10-01
130482028,2500000000,2026-10-01
130493268,5000000000,2026-10-01
130498949,19500000000,2026-10-01
130525144,2350000000,2026-10-01
130532836,3900000000,2026-10-01
130538585,18600000000,2026-10-01
130551342,6300000000,2026-10-01
130557564,22000000000,2026-10-01
130562865,10500000000,2026-10-01
130566584,950000000,2026-10-01
130575433,26200000000,2026-10-01
130577620,4500000000,2026-10-01
130580228,11000000000,2026-10-01
130584034,21900000000,2026-10-01
130584453,19250000000,2026-10-01
130589999,4490000000,2026-10-01
130598769,4390000000,2026-10-01
130599979,10900000000,2026-10-01
130602803,3200000000,2026-10-01
130622327,12600000000,2026-10-01
130623505,4500000000,2026-10-01
130631781,8600000000,2026-10-01
130645018,10900000000,2026-10-01
130648919,2380000000,2026-10-01
130653590,7800000000,2026-10-01
130654676,46000000000,2026-10-01
130654854,2450000000,2026-10-01
130657286,4480000000,2026-10-01
130657686,1500000000,2026-10-01
130658631,10700000000,2026-10-01
130670388,17900000000,2026-10-01
130671377,18200000000,2026-10-01
130671767,54500000000,2026-10-01
130683777,14500000000,2026-10-01
130686504,6890000000,2026-10-01
130695806,6500000000,2026-10-01
130701037,3150000000,2026-10-01
130705231,4500000000,2026-10-01
130705468,3600000000,2026-10-01
130739451,9500000000,2026-10-01
130741371,2840000000,2026-10-01
130770954,5700000000,2026-10-01
130799914,32000000000,2026-10-01
130801439,106000000000,2026-10-01
130804230,5980000000,2026-10-01
130817226,4200000000,2026-10-01
130817755,7500000000,2026-10-01
130825666,3650000000,2026-10-01
130841331,23800000000,2026-10-01
130852782,4500000000,2026-10-01
130862924,11300000000,2026-10-01
130863673,2800000000,2026-10-01
130863775,7990000000,2026-10-01
130869241,4790000000,2026-10-01
130875984,4750000000,2026-10-01
130876278,5050000000,2026-10-01
130876928,32500000000,2026-10-01
130877048,5700000000,2026-10-01
130881557,12500000000,2026-10-01
130892177,1950000000,2026-10-01
130892773,2150000000,2026-10-01
130893830,15000000000,2026-10-01
130903135,6750000000,2026-10-01
130909753,5300000000,2026-10-01
130910654,8000000000,2026-10-01
130923506,22000000000,2026-10-01
130928928,45000000000,2026-10-01
130929193,41000000000,2026-10-01
130934920,3950000000,2026-10-01
130936303,1750000000,2026-10-01
130946775,4900000000,2026-10-01
130946855,5000000000,2026-10-01
130954876,7900000000,2026-10-01
130962256,13500000000,2026-10-01
130963836,5500000000,2026-10-01
130970384,10500000000,2026-10-01
130970940,900000000,2026-10-01
130976756,3350000000,2026-10-01
130978845,4000000000,2026-10-01
130980938,16800000000,2026-10-01
130987335,5700000000,2026-10-01
130996130,5550000000,2026-10-01
131002703,3500000000,2026-10-01
131010681,7600000000,2026-10-01
131020823,5300000000,2026-10-01
131021428,6100000000,2026-10-01
131022065,13900000000,2026-10-01
131024277,3380000000,2026-10-01
131027069,4900000000,2026-10-01
131039564,5900000000,2026-10-01
131041281,3650000000,2026-10-01
131044932,3550000000,2026-10-01
131050652,7950000000,2026-10-01
131051047,1700000000,2026-10-01
131054299,1900000000,2026-10-01
131070746,1350000000,2026-10-01
131080033,3660000000,2026-10-01
131080067,2400000000,2026-10-01
131082345,4880000000,2026-10-01
131083588,5500000000,2026-10-01
131095459,3650000000,2026-10-01
131096360,1750000000,2026-10-01
131100127,18500000000,2026-10-01
131102011,8888000000,2026-10-01
131102428,4600000000,2026-10-01
131106671,5200000000,2026-10-01
131107457,10300000000,2026-10-01
131109231,20800000000,2026-10-01
131111701,5400000000,2026-10-01
131112364,4550000000,2026-10-01
131119861,4350000000,2026-10-01
131124971,7850000000,2026-10-01
131130557,38500000000,2026-10-01
131136695,16500000000,2026-10-01
131139180,4500000000,2026-10-01
131141161,550000000,2026-10-01
131148205,24000000000,2026-10-01
131166159,6549900000,2026-10-01
131167477,2600000000,2026-10-01
131174013,4700000000,2026-10-01
131185531,3850000000,2026-10-01
131190586,25980000000,2026-10-01
131191581,7500000000,2026-10-01
131196204,3100000000,2026-10-01
131200680,17800000000,2026-10-01
131201136,21000000000,2026-10-01
131201747,2600000000,2026-10-01
131204497,12000000000,2026-10-01
131204521,2200000000,2026-10-01
131210086,3650000000,2026-10-01
131214713,1480000000,2026-10-01
131221600,13500000000,2026-10-01
131226863,3500000000,2026-10-01
131227005,29000000000,2026-10-01
131229600,1250000000,2026-10-01
131230591,5100000000,2026-10-01
131236899,22000000000,2026-10-01
131236964,3600000000,2026-10-01
131239099,1990000000,2026-10-01
131242293,17600000000,2026-10-01
131254799,2390000000,2026-10-01
131255081,1580000000,2026-10-01
131255584,11850000000,2026-10-01
131261763,7500000000,2026-10-01
131263996,5000000000,2026-10-01
131267175,5000000000,2026-10-01
131269730,34000000000,2026-10-01
131270233,10900000000,2026-10-01
131279497,5800000000,2026-10-01
131284388,37000000000,2026-10-01
131291411,6200000000,2026-10-01
131301067,5980000000,2026-10-01
131301376,2550000000,2026-10-01
131316219,19000000000,2026-10-01
131319869,55000000000,2026-10-01
131320073,3150000000,2026-10-01
131327209,5800000000,2026-10-01
131328526,6200000000,2026-10-01
131336428,900000000,2026-10-01
131336584,90000000000,2026-10-01
131337524,7800000000,2026-10-01
131338923,20500000000,2026-10-01
131339622,1620000000,2026-10-01
131348053,10200000000,2026-10-01
131350225,82500000000,2026-10-01
131359534,5800000000,2026-10-01
131366332,14000000000,2026-10-01
131374405,1039000000,2026-10-01
131387083,2150000000,2026-10-01
131389779,15000000000,2026-10-01
131390415,2380000000,2026-10-01
131390767,6200000000,2026-10-01
131407464,1780000000,2026-10-01
131414564,3700000000,2026-10-01
131419389,3070000000,2026-10-01
131434235,8900000000,2026-10-01
131435621,3500000000,2026-10-01
131438030,5890000000,2026-10-01
131438717,4700000000,2026-10-01
131440332,3500000000,2026-10-01
131442404,3400000000,2026-10-01
131444955,44000000000,2026-10-01
131446316,5100000000,2026-10-01
131448629,2050000000,2026-10-01
131449717,6900000000,2026-10-01
131450445,3990000000,2026-10-01
131451686,7500000000,2026-10-01
131453269,6700000000,2026-10-01
131453527,3400000000,2026-10-01
131463479,4650000000,2026-10-01
131464364,40000000000,2026-10-01
131468780,45000000000,2026-10-01
131469390,3850000000,2026-10-01
131469467,7300000000,2026-10-01
131469549,9900000000,2026-10-01
131469629,19900000000,2026-10-01
131476627,1590000000,2026-10-01
131477028,19950000000,2026-10-01
131483701,2800000000,2026-10-01
131490482,2750000000,2026-10-01
131492067,2900000000,2026-10-01
131492550,3120000000,2026-10-01
131498734,95000000000,2026-10-01
131504764,7000000000,2026-10-01
131509557,4350000000,2026-10-01
131514034,4550000000,2026-10-01
131515347,4570000000,2026-10-01
131520496,4550000000,2026-10-01
131520835,4050000000,2026-10-01
131525345,5790000000,2026-10-01
131527855,3380000000,2026-10-01
131530761,3800000000,2026-10-01
131534907,2500000000,2026-10-01
131541522,1830000000,2026-10-01
131542747,11500000000,2026-10-01
131545706,550000000,2026-10-01
131548809,9960000000,2026-10-01
131549687,3100000000,2026-10-01
131553832,6980000000,2026-10-01
131560458,6950000000,2026-10-01
131560694,4500000000,2026-10-01
131564138,6500000000,2026-10-01
131564970,5350000000,2026-10-01
131567988,6700000000,2026-10-01
131568959,2350000000,2026-10-01
131572072,13999000000,2026-10-01
131578599,7800000000,2026-10-01
131578857,7700000000,2026-10-01
131578904,990000000,2026-10-01
131583310,3800000000,2026-10-01
131587954,7750000000,2026-10-01
131593522,6200000000,2026-10-01
131597613,3900000000,2026-10-01
131600516,3400000000,2026-10-01
131604176,3400000000,2026-10-01
131613299,2100000000,2026-10-01
131614291,2800000000,2026-10-01
131629620,6750000000,2026-10-01
131630116,22000000000,2026-10-01
131634282,2250000000,2026-10-01
131635443,6400000000,2026-10-01
131646231,4350000000,2026-10-01
131654367,4100000000,2026-10-01
131654439,3500000000,2026-10-01
131654602,6700000000,2026-10-01
131659501,990000000,2026-10-01
131660539,2420000000,2026-10-01
131661056,2200000000,2026-10-01
131662522,13800000000,2026-10-01
131665437,3900000000,2026-10-01
131666418,11210000000,2026-10-01
131670645,790000000,2026-10-01
131674892,3600000000,2026-10-01
131675491,12000000000,2026-10-01
131675704,7500000000,2026-10-01
131678222,16250000000,2026-10-01
131680506,28500000000,2026-10-01
131682389,9600000000,2026-10-01
131689279,10500000000,2026-10-01
131690335,1900000000,2026-10-01
131690770,1800000000,2026-10-01
131691621,7200000000,2026-10-01
131693102,2280000000,2026-10-01
131700155,990000000,2026-10-01
131705141,7900000000,2026-10-01
131706871,52000000000,2026-10-01
131708423,7500000000,2026-10-01
131712994,5490000000,2026-10-01
131714748,14000000000,2026-10-01
131715507,3900000000,2026-10-01
131716025,15300000000,2026-10-01
131717515,3120000000,2026-10-01
131719433,4700000000,2026-10-01
131723167,2680000000,2026-10-01
131723481,5850000000,2026-10-01
131724015,6100000000,2026-10-01
131729589,3380000000,2026-10-01
131734416,750000000,2026-10-01
131735058,3390000000,2026-10-01
131740293,1750000000,2026-10-01
131741360,4450000000,2026-10-01
131756429,6500000000,2026-10-01
131760689,4250000000,2026-10-01
131760829,6800000000,2026-10-01
131761072,10000000000,2026-10-01
131764340,3755000000,2026-10-01
131778639,9100000000,2026-10-01
131779232,13500000000,2026-10-01
131779662,3800000000,2026-10-01
131779944,6000000000,2026-10-01
131780909,6900000000,2026-10-01
131783917,8750000000,2026-10-01
131790076,3480000000,2026-10-01
131792794,17500000000,2026-10-01
131792819,10700000000,2026-10-01
131793223,3400000000,2026-10-01
131797984,1500000000,2026-10-01
131800701,4800000000,2026-10-01
131800977,14590000000,2026-10-01
131803709,6500000000,2026-10-01
131804307,6450000000,2026-10-01
131807841,1560000000,2026-10-01
131809519,13200000000,2026-10-01
131814690,2400000000,2026-10-01
131814880,7600000000,2026-10-01
131816617,2000000000,2026-10-01
131816750,16000000000,2026-10-01
131818688,3190000000,2026-10-01
131819109,8390000000,2026-10-01
131821000,2700000000,2026-10-01
131829801,6000000000,2026-10-01
131829811,6350000000,2026-10-01
131830325,1395000000,2026-10-01
131837882,5600000000,2026-10-01
131841905,850000000,2026-10-01
131845813,4630000000,2026-10-01
131848679,7790000000,2026-10-01
131856079,5650000000,2026-10-01
131863021,2250000000,2026-10-01
131863310,2750000000,2026-10-01
131869494,7090000000,2026-10-01
131879007,2900000000,2026-10-01
131884715,2200000000,2026-10-01
131886769,4479000000,2026-10-01
131886983,2550000000,2026-10-01
131887827,5200000000,2026-10-01
131890600,3350000000,2026-10-01
131895469,7000000000,2026-10-01
131899422,2150000000,2026-10-01
131903209,5480000000,2026-10-01
131908124,10300000000,2026-10-01
131910402,5700000000,2026-10-01
131929568,3290000000,2026-10-01
131932290,6300000000,2026-10-01
131932407,2100000000,2026-10-01
131935022,15200000000,2026-10-01
131939232,3870000000,2026-10-01
131944967,15000000000,2026-10-01
131950305,10500000000,2026-10-01
131953705,4000000000,2026-10-01
131959207,810000000,2026-10-01
131961156,3250000000,2026-10-01
131973951,3800000000,2026-10-01
131978494,3480000000,2026-10-01
131984874,15000000000,2026-10-01
131985921,5100000000,2026-10-01
131988706,12800000000,2026-10-01
131990417,7200000000,2026-10-01
131991910,9900000000,2026-10-01
131993579,12000000000,2026-10-01
131995120,6100000000,2026-10-01
131995311,6250000000,2026-10-01
132000383,12000000000,2026-10-01
132003887,3300000000,2026-10-01
132004764,13000000000,2026-10-01
132009253,2350000000,2026-10-01
132011270,2550000000,2026-10-01
132015436,6000000000,2026-10-01
132018385,4450000000,2026-10-01
132024452,5650000000,2026-10-01
132027229,27500000000,2026-10-01
132030669,8100000000,2026-10-01
132031660,2000000000,2026-10-01
132034483,6900000000,2026-10-01
132034510,15400000000,2026-10-01
132034715,13780000000,2026-10-01
132035574,2250000000,2026-10-01
132041220,3450000000,2026-10-01
132042288,23000000000,2026-10-01
132047538,4200000000,2026-10-01
132051053,23000000000,2026-10-01
132053366,3860000000,2026-10-01
132054294,6900000000,2026-10-01
132055264,89500000000,2026-10-01
132056385,36000000000,2026-10-01
132059417,8500000000,2026-10-01
132065576,9500000000,2026-10-01
132067324,2350000000,2026-10-01
132073538,10690000000,2026-10-01
132080860,5700000000,2026-10-01
132085502,999999999,2026-10-01
132085584,3600000000,2026-10-01
132085860,2530000000,2026-10-01
132088627,5350000000,2026-10-01
132088884,2820000000,2026-10-01
132091042,720000000,2026-10-01
132091160,6100000000,2026-10-01
132091982,5350000000,2026-10-01
132096543,5800000000,2026-10-01
132098206,2280000000,2026-10-01
132102342,1890000000,2026-10-01
132102682,4600000000,2026-10-01
132102917,2000000000,2026-10-01
132113394,7500000000,2026-10-01
132114259,6900000000,2026-10-01
132114267,3460000000,2026-10-01
132114702,1000000000,2026-10-01
132115776,2650000000,2026-10-01
132121262,4100000000,2026-10-01
132123976,2700000000,2026-10-01
132125318,6050000000,2026-10-01
132127299,5500000000,2026-10-01
132138282,2550000000,2026-10-01
132138988,16900000000,2026-10-01
132141813,690000000,2026-10-01
132141931,430000000,2026-10-01
132142086,2750000000,2026-10-01
132150843,2330000000,2026-10-01
132153282,6950000000,2026-10-01
132154017,3550000000,2026-10-01
132155482,3150000000,2026-10-01
132165091,3150000000,2026-10-01
132169711,4950000000,2026-10-01
132171610,3200000000,2026-10-01
132171908,3500000000,2026-10-01
132177933,2650000000,2026-10-01
132179240,2800000000,2026-10-01
132180257,4600000000,2026-10-01
132181379,9400000000,2026-10-01
132181576,5000000000,2026-10-01
132182305,2800000000,2026-10-01
132182381,59000000000,2026-10-01
132184035,4999000000,2026-10-01
132189261,4595000000,2026-10-01
132189417,7500000000,2026-10-01
132190078,3150000000,2026-10-01
132191867,4650000000,2026-10-01
132192849,5000000000,2026-10-01
132192939,3650000000,2026-10-01
132192970,14412000000,2026-10-01
132193743,2900000000,2026-10-01
132194161,4250000000,2026-10-01
132194990,2060000000,2026-10-01
132195859,4190000000,2026-10-01
132199639,1090000000,2026-10-01
132200849,21000000000,2026-10-01
132210500,9500000000,2026-10-01
132213324,5950000000,2026-10-01
132214255,59000000000,2026-10-01
132215427,4450000000,2026-10-01
132215430,46000000000,2026-10-01
132215484,2050000000,2026-10-01
132217158,15500000000,2026-10-01
132218077,16200000000,2026-10-01
132219253,4700000000,2026-10-01
132219293,4250000000,2026-10-01
132223482,4200000000,2026-10-01
132228194,5450000000,2026-10-01
132230520,11500000000,2026-10-01
132230647,4650000000,2026-10-01
132230877,3000000000,2026-10-01
132232400,8200000000,2026-10-01
132232605,3600000000,2026-10-01
132233487,2700000000,2026-10-01
132233655,1600000000,2026-10-01
132233881,2200000000,2026-10-01
132234093,3700000000,2026-10-01
132238832,3200000000,2026-10-01
132240298,3450000000,2026-10-01
132241915,22000000000,2026-10-01
132242040,14800000000,2026-10-01
132242706,2800000000,2026-10-01
132244092,120000000000,2026-10-01
132248058,4900000000,2026-10-01
132252266,3700000000,2026-10-01
132258369,1500000000,2026-10-01
132260019,895000000,2026-10-01
132261943,3600000000,2026-10-01
132262658,7600000000,2026-10-01
132263198,2450000000,2026-10-01
132263862,4100000000,2026-10-01
132264415,2420000000,2026-10-01
132267198,68000000000,2026-10-01
132269915,3900000000,2026-10-01
132269987,3600000000,2026-10-01
132273676,5600000000,2026-10-01
132276157,28500000000,2026-10-01
132277701,3900000000,2026-10-01
132285458,5400000000,2026-10-01
132300588,2250000000,2026-10-01
132301869,4950000000,2026-10-01
132309912,2800000000,2026-10-01
132310328,3200000000,2026-10-01
132310693,21000000000,2026-10-01
132312317,3550000000,2026-10-01
132319855,15000000000,2026-10-01
132322307,6600000000,2026-10-01
132325935,13200000000,2026-10-01
132328014,1350000000,2026-10-01
132328729,5050000000,2026-10-01
132331596,7500000000,2026-10-01
132331953,3750000000,2026-10-01
132333637,6900000000,2026-10-01
132334251,4500000000,2026-10-01
132341774,1690000000,2026-10-01
132343450,3500000000,2026-10-01
132353205,6150000000,2026-10-01
132356582,7500000000,2026-10-01
132357271,15000000000,2026-10-01
132357327,3800000000,2026-10-01
132359066,4100000000,2026-10-01
132362349,4000000000,2026-10-01
132363006,320000000,2026-10-01
132364346,5900000000,2026-10-01
132365129,1550000000,2026-10-01
132367404,4800000000,2026-10-01
132369816,4900000000,2026-10-01
132373742,4950000000,2026-10-01
132376673,4000000000,2026-10-01
132377467,3490000000,2026-10-01
132380483,6500000000,2026-10-01
132391577,15000000000,2026-10-01
132395187,2650000000,2026-10-01
132396812,7200000000,2026-10-01
132397618,860000000,2026-10-01
132398364,7800000000,2026-10-01
132398749,8800000000,2026-10-01
132402954,6500000000,2026-10-01
132403238,27900000000,2026-10-01
132409299,7500000000,2026-10-01
132409622,3950000000,2026-10-01
132410020,2800000000,2026-10-01
132410572,3100000000,2026-10-01
132414328,10500000000,2026-10-01
132414629,4150000000,2026-10-01
132417074,8390000000,2026-10-01
132419991,3100000000,2026-10-01
132423032,355000000,2026-10-01
132427520,1900000000,2026-10-01
132430179,8000000000,2026-10-01
132430626,8900000000,2026-10-01
132433327,8790000000,2026-10-01
132436263,4900000000,2026-10-01
132442136,1665000000,2026-10-01
132442860,18000000000,2026-10-01
132449148,5990000000,2026-10-01
132450456,5950000000,2026-10-01
132454654,6090000000,2026-10-01
132455206,3800000000,2026-10-01
132455924,4000000000,2026-10-01
132456959,3900000000,2026-10-01
132461649,900000000,2026-10-01
132466198,4680000000,2026-10-01
132467058,25000000000,2026-10-01
132470649,4000000000,2026-10-01
132472202,4450000000,2026-10-01
132473801,2750000000,2026-10-01
132474011,10800000000,2026-10-01
132479789,2390000000,2026-10-01
132481137,2950000000,2026-10-01
132481434,2150000000,2026-10-01
132492596,4400000000,2026-10-01
132492973,4600000000,2026-10-01
132493179,3200000000,2026-10-01
132503745,990000000,2026-10-01
132508774,23000000000,2026-10-01
132509094,4800000000,2026-10-01
132509210,3950000000,2026-10-01
132509383,4000000000,2026-10-01
132514998,6250000000,2026-10-01
132517657,6960000000,2026-10-01
132519534,117000000000,2026-10-01
132527941,4790000000,2026-10-01
132534870,9800000000,2026-10-01
132536526,6450000000,2026-10-01
132537538,4500000000,2026-10-01
132538691,6300000000,2026-10-01
132539144,5800000000,2026-10-01
132539529,12700000000,2026-10-01
132539866,18000000000,2026-10-01
132541304,4850000000,2026-10-01
132542525,4500000000,2026-10-01
132545152,5800000000,2026-10-01
132545639,3500000000,2026-10-01
132546003,4000000000,2026-10-01
132551648,28900000000,2026-10-01
132556268,4200000000,2026-10-01
132556432,1850000000,2026-10-01
132563225,11800000000,2026-10-01
132567854,1650000000,2026-10-01
132573227,4750000000,2026-10-01
132574562,2590000000,2026-10-01
132574621,2690000000,2026-10-01
132574691,4630000000,2026-10-01
132574748,3530000000,2026-10-01
132582899,85000000000,2026-10-01
132584846,100000000,2026-10-01
132587174,2100000000,2026-10-01
132588290,1270000000,2026-10-01
132588357,19900000000,2026-10-01
132589852,2150000000,2026-10-01
132596108,4300000000,2026-10-01
132597737,2600000000,2026-10-01
132598779,5900000000,2026-10-01
132600692,13000000000,2026-10-01
132601697,15300000000,2026-10-01
132604209,6290000000,2026-10-01
132605024,6100000000,2026-10-01
132605144,6000000000,2026-10-01
132605298,7490000000,2026-10-01
132605328,14000000000,2026-10-01
132608698,800000000,2026-10-01
132610010,5890000000,2026-10-01
132616737,3980000000,2026-10-01
132623098,30000000000,2026-10-01
132625249,8700000000,2026-10-01
132631354,2250000000,2026-10-01
132632367,10300000000,2026-10-01
132633346,2500000000,2026-10-01
132633598,8450000000,2026-10-01
132633775,4050000000,2026-10-01
132636049,7900000000,2026-10-01
132637595,10500000000,2026-10-01
132643596,8100000000,2026-10-01
132644155,5350000000,2026-10-01
132644740,3700000000,2026-10-01
132646837,3000000000,2026-10-01
132650325,4500000000,2026-10-01
132651332,2715000000,2026-10-01
132656516,3950000000,2026-10-01
132659071,4190000000,2026-10-01
132659981,10800000000,2026-10-01
132662414,2150000000,2026-10-01
132664121,10500000000,2026-10-01
132666085,35900000000,2026-10-01
132666425,9500000000,2026-10-01
132668066,3250000000,2026-10-01
132668214,3590000000,2026-10-01
132669474,2290000000,2026-10-01
132669579,13500000000,2026-10-01
132669971,25000000000,2026-10-01
132671466,10500000000,2026-10-01
132672118,3700000000,2026-10-01
132673157,12000000000,2026-10-01
132673393,2190000000,2026-10-01
132673510,1780000000,2026-10-01
132679475,2390000000,2026-10-01
132681628,2700000000,2026-10-01
132681990,2450000000,2026-10-01
132682406,750000000,2026-10-01
132683190,2750000000,2026-10-01
132683487,3099000000,2026-10-01
132683542,7550000000,2026-10-01
132686140,5080000000,2026-10-01
132687586,6450000000,2026-10-01
132687848,9200000000,2026-10-01
132690080,6250000000,2026-10-01
132691570,5100000000,2026-10-01
132692177,1250000000,2026-10-01
132698109,2050000000,2026-10-01
132698908,2680000000,2026-10-01
132699597,2350000000,2026-10-01
132701258,2400000000,2026-10-01
132703383,6200000000,2026-10-01
132707652,4000050055,2026-10-01
132707789,4000000000,2026-10-01
132708815,4000000000,2026-10-01
132711274,1950000000,2026-10-01
132711713,7600000000,2026-10-01
132711866,3650000000,2026-10-01
132711892,10200000000,2026-10-01
132711931,8450000000,2026-10-01
132713606,8590000000,2026-10-01
132717794,15900000000,2026-10-01
132718656,9400000000,2026-10-01
132719167,2050000000,2026-10-01
132721433,6500000000,2026-10-01
132722263,2900000000,2026-10-01
132724036,8000000000,2026-10-01
132724344,3300000000,2026-10-01
132725163,6390000000,2026-10-01
132725828,25500000000,2026-10-01
132726511,2350000000,2026-10-01
132728992,2690000000,2026-10-01
132730165,4000000000,2026-10-01
132732020,3000000000,2026-10-01
132732152,4950000000,2026-10-01
132735126,3000000000,2026-10-01
132739633,5000000000,2026-10-01
132739683,1700000000,2026-10-01
132740415,18500000000,2026-10-01
132740994,4600000000,2026-10-01
132742185,4500000000,2026-10-01
132742301,480000000,2026-10-01
132742550,5500000000,2026-10-01
132742644,6100000000,2026-10-01
132743663,4700000000,2026-10-01
132743975,2450000000,2026-10-01
132744359,3050000000,2026-10-01
132745734,920000000,2026-10-01
132747262,17990000000,2026-10-01
132748043,2350000000,2026-10-01
132749601,3150000000,2026-10-01
132750489,5800000000,2026-10-01
132752150,3470000000,2026-10-01
132752946,5950000000,2026-10-01
132753591,2220000000,2026-10-01
132756434,2050000000,2026-10-01
132757010,8900000000,2026-10-01
132761153,79000000000,2026-10-01
132765846,17500000000,2026-10-01
132767784,3990000000,2026-10-01
132771306,13000000000,2026-10-01
132771611,9450000000,2026-10-01
132773260,9500000000,2026-10-01
132773334,2390000000,2026-10-01
132777415,4350000000,2026-10-01
132778788,4650000000,2026-10-01
132779625,3850000000,2026-10-01
132783677,6190000000,2026-10-01
132784445,950000000,2026-10-01
132784577,900000000,2026-10-01
132785311,5780000000,2026-10-01
132787059,8500000000,2026-10-01
132791511,6500000000,2026-10-01
132791684,5000000000,2026-10-01
132793775,12000000000,2026-10-01
132794042,12900000000,2026-10-01
132796031,12800000000,2026-10-01
132797277,1000000000,2026-10-01
132797415,950000000,2026-10-01
132800708,3650000000,2026-10-01
132803079,2220000000,2026-10-01
132803147,2350000000,2026-10-01
132804225,6680000000,2026-10-01
132804263,2750000000,2026-10-01
132804524,3400000000,2026-10-01
132804714,1590000000,2026-10-01
132804933,3800000000,2026-10-01
132805327,2250000000,2026-10-01
132805984,2750000000,2026-10-01
132806264,2800000000,2026-10-01
132807317,3600000000,2026-10-01
132807593,3700000000,2026-10-01
132813253,550000000,2026-10-01
132814798,4600000000,2026-10-01
132815210,10500000000,2026-10-01
132815412,75000000000,2026-10-01
132817345,4300000000,2026-10-01
132824914,15300000000,2026-10-01
132824998,5700000000,2026-10-01
132834244,6890000000,2026-10-01
132836094,3450000000,2026-10-01
132837277,17500000000,2026-10-01
132839164,990000000,2026-10-01
132840499,5450000000,2026-10-01
132843583,14500000000,2026-10-01
132847134,12800000000,2026-10-01
132848623,43500000000,2026-10-01
132849581,2900000000,2026-10-01
132850421,1800000000,2026-10-01
132851591,2160000000,2026-10-01
132851654,2900000000,2026-10-01
132851726,44800000000,2026-10-01
132852928,8790000000,2026-10-01
132853464,7000000000,2026-10-01
132853960,2700000000,2026-10-01
132855301,4600000000,2026-10-01
132855859,3900000000,2026-10-01
132856705,3600000000,2026-10-01
132857363,14800000000,2026-10-01
132857411,3100000000,2026-10-01
132857801,12000000000,2026-10-01
132858042,4200000000,2026-10-01
132858327,1380000000,2026-10-01
132859690,2680000000,2026-10-01
132860613,9450000000,2026-10-01
132860830,7000000000,2026-10-01
132864183,4800000000,2026-10-01
132869986,1499000000,2026-10-01
132870496,2400000000,2026-10-01
132871530,4200000000,2026-10-01
132873353,11500000000,2026-10-01
132875561,100000000000,2026-10-01
132877556,8600000000,2026-10-01
132878672,10500000000,2026-10-01
132879023,4400000000,2026-10-01
132879756,7300000000,2026-10-01
132880378,9900000000,2026-10-01
132880519,1900000000,2026-10-01
132886789,14000000000,2026-10-01
132888563,3600000000,2026-10-01
132890943,4900000000,2026-10-01
132892229,4450000000,2026-10-01
132892426,9000000000,2026-10-01
132894064,3190000000,2026-10-01
132894748,696000000,2026-10-01
132895043,13000000000,2026-10-01
132896084,1130000000,2026-10-01
132899029,9500000000,2026-10-01
132902043,8000000000,2026-10-01
132902403,2260000000,2026-10-01
132910323,3800000000,2026-10-01
132910406,4500000000,2026-10-01
132910622,3300000000,2026-10-01
132910668,3400000000,2026-10-01
132910872,3220000000,2026-10-01
132911058,2700000000,2026-10-01
132911841,18500000000,2026-10-01
132915862,3170000000,2026-10-01
132916118,7200000000,2026-10-01
132917941,5050000000,2026-10-01
132922532,16500000000,2026-10-01
132922865,2350000000,2026-10-01
132922903,3800000000,2026-10-01
132924365,3580000000,2026-10-01
132927220,5000000000,2026-10-01
132930266,4250000000,2026-10-01
132932323,2700000000,2026-10-01
132932454,6000000000,2026-10-01
132933126,6000000000,2026-10-01
132938462,14500000000,2026-10-01
132939117,5400000000,2026-10-01
132942270,4299999999,2026-10-01
132943488,1400000000,2026-10-01
132947714,5800000000,2026-10-01
132948626,42500000000,2026-10-01
132948712,4100000000,2026-10-01
132949401,11200000000,2026-10-01
132951029,5890000000,2026-10-01
132951529,13000000000,2026-10-01
132952938,2600000000,2026-10-01
132953455,1250000000,2026-10-01
132955212,5000000000,2026-10-01
132955431,4000000000,2026-10-01
132958339,5900000000,2026-10-01
132959406,4300000000,2026-10-01
132959770,2050000000,2026-10-01
132960052,3700000000,2026-10-01
132965632,11252000000,2026-10-01
132966086,8500000000,2026-10-01
132966184,7150000000,2026-10-01
132966534,7300000000,2026-10-01
132967174,3950000000,2026-10-01
132969497,5700000000,2026-10-01
132972273,5850000000,2026-10-01
132972530,4850000000,2026-10-01
132973747,9900000000,2026-10-01
132975102,15500000000,2026-10-01
132987088,10900000000,2026-10-01
132988646,3200000000,2026-10-01
132991130,5450000000,2026-10-01
132991442,25000000000,2026-10-01
132991879,999000000,2026-10-01
132992105,42000000000,2026-10-01
132992442,4500000000,2026-10-01
132995684,3550000000,2026-10-01
132996414,3500000000,2026-10-01
132996482,7200000000,2026-10-01
132997121,6800000000,2026-10-01
133000941,4000000000,2026-10-01
133002364,3700000000,2026-10-01
133002663,870000000,2026-10-01
133004104,6750000000,2026-10-01
133010891,3800000000,2026-10-01
133011000,7100000000,2026-10-01
133011462,95000000000,2026-10-01
133012197,2000000000,2026-10-01
133013184,11900000000,2026-10-01
133013540,4500000000,2026-10-01
133013786,5350000000,2026-10-01
133014546,2600000000,2026-10-01
133016898,4750000000,2026-10-01
133020263,5900000000,2026-10-01
133020408,5200000000,2026-10-01
133022607,7890000000,2026-10-01
133027712,4460000000,2026-10-01
133030911,4200000000,2026-10-01
133031429,24000000000,2026-10-01
133032052,39000000000,2026-10-01
133032308,27000000000,2026-10-01
133032587,17480000000,2026-10-01
133033156,7250000000,2026-10-01
133033418,5500000000,2026-10-01
133034566,2700000000,2026-10-01
133036232,2850000000,2026-10-01
133036488,3650000000,2026-10-01
133040416,3800000000,2026-10-01
133044310,4700000000,2026-10-01
133046653,1350000000,2026-10-01
133047189,1700000000,2026-10-01
133049307,3050000000,2026-10-01
133049750,2390000000,2026-10-01
133050654,5850000000,2026-10-01
133051590,12500000000,2026-10-01
133053501,3500000000,2026-10-01
133054580,1600000000,2026-10-01
133055155,54000000000,2026-10-01
133056585,6200000000,2026-10-01
133057856,2550000000,2026-10-01
133059877,3150000000,2026-10-01
133060812,5850000000,2026-10-01
133065985,6500000000,2026-10-01
133066487,1750000000,2026-10-01
133067154,2400000000,2026-10-01
133069601,2650000000,2026-10-01
133070220,6950000000,2026-10-01
133070954,3400000000,2026-10-01
133071204,5950000000,2026-10-01
133071847,12000000000,2026-10-01
133072298,60000000000,2026-10-01
133073249,2800000000,2026-10-01
133074435,2860000000,2026-10-01
133074843,2600000000,2026-10-01
133076522,5750000000,2026-10-01
133076606,2760000000,2026-10-01
133076617,2360000000,2026-10-01
133077034,2080000000,2026-10-01
133077185,2080000000,2026-10-01
133077364,2360000000,2026-10-01
133077494,2760000000,2026-10-01
133077568,1400000000,2026-10-01
133078238,5340000000,2026-10-01
133078255,4800000000,2026-10-01
133080935,16000000000,2026-10-01
133080982,3000000000,2026-10-01
133081692,2300000000,2026-10-01
133081769,2300000000,2026-10-01
133082373,2300000000,2026-10-01
133083486,2120000000,2026-10-01
133083782,3700000000,2026-10-01
133083851,2750000000,2026-10-01
133084241,3900000000,2026-10-01
133084336,2350000000,2026-10-01
133084768,6800000000,2026-10-01
133086975,9500000000,2026-10-01
133087333,4300000000,2026-10-01
133088110,3100000000,2026-10-01
133088522,2800000000,2026-10-01
133088745,6290000000,2026-10-01
133089233,5500000000,2026-10-01
133089292,11700000000,2026-10-01
133090883,4000000000,2026-10-01
133091483,4500000000,2026-10-01
133092371,3900000000,2026-10-01
133092441,4500000000,2026-10-01
133093702,4380000000,2026-10-01
133095561,2150000000,2026-10-01
133097914,3790000000,2026-10-01
133100251,6000000000,2026-10-01
133102037,8000000000,2026-10-01
133103432,29000000000,2026-10-01
133104991,1400000000,2026-10-01
133105097,1380000000,2026-10-01
133105424,1390000000,2026-10-01
133108605,2200000000,2026-10-01
133108944,2200000000,2026-10-01
133115752,19500000000,2026-10-01
133116087,3600000000,2026-10-01
133116496,5500000000,2026-10-01
133119338,7500000000,2026-10-01
133119339,6900000000,2026-10-01
133120492,1680000000,2026-10-01
133124561,4450000000,2026-10-01
133125270,68000000000,2026-10-01
133127399,5350000000,2026-10-01
133130838,8600000000,2026-10-01
133131171,39500000000,2026-10-01
133135070,3250000000,2026-10-01
133136247,1680000000,2026-10-01
133136279,11500000000,2026-10-01
133137605,23500000000,2026-10-01
133137868,4950000000,2026-10-01
133138138,3400000000,2026-10-01
133138180,3400000000,2026-10-01
133138351,23500000000,2026-10-01
133141128,4950000000,2026-10-01
133144512,2250000000,2026-10-01
133146438,4650000000,2026-10-01
133146808,11700000000,2026-10-01
133146883,5590000000,2026-10-01
133153958,9000000000,2026-10-01
133155007,4890000000,2026-10-01
133156508,3900000000,2026-10-01
133158477,8850000000,2026-10-01
133158480,11600000000,2026-10-01
133158957,7500000000,2026-10-01
133160402,5500000000,2026-10-01
133160639,2320000000,2026-10-01
133160823,1380000000,2026-10-01
133162892,4600000000,2026-10-01
133163490,11500000000,2026-10-01
133164287,3250000000,2026-10-01
133167089,11688888888,2026-10-01
133167341,12500000000,2026-10-01
133167533,2150000000,2026-10-01
133167695,1890000000,2026-10-01
133167826,8100000000,2026-10-01
133168455,1030000000,2026-10-01
133170322,6750000000,2026-10-01
133171435,2200000000,2026-10-01
133171519,3780000000,2026-10-01
133174724,5100000000,2026-10-01
133176906,4200000000,2026-10-01
133177448,3850000000,2026-10-01
133178328,5800000000,2026-10-01
133178989,3900000000,2026-10-01
133181337,3050000000,2026-10-01
133182072,4000000000,2026-10-01
133183213,6200000000,2026-10-01
133183862,1700000000,2026-10-01
133184424,4790000000,2026-10-01
133185769,6250000000,2026-10-01
133186799,1030000000,2026-10-01
133187062,5600000000,2026-10-01
133189034,6900000000,2026-10-01
133189992,2890000000,2026-10-01
133190216,3600000000,2026-10-01
133191354,14000000000,2026-10-01
133193210,3300000000,2026-10-01
133193446,3900000000,2026-10-01
133194831,4500000000,2026-10-01
133195810,4350000000,2026-10-01
133198196,4900000000,2026-10-01
133198457,2950000000,2026-10-01
133202886,4500000000,2026-10-01
133203502,9000000000,2026-10-01
133204995,6850000000,2026-10-01
133205640,11900000000,2026-10-01
133209931,6800000000,2026-10-01
133210798,6890000000,2026-10-01
133212170,17700000000,2026-10-01
133213705,6500000000,2026-10-01
133214252,3390000000,2026-10-01
133219128,1750000000,2026-10-01
133220329,1350000000,2026-10-01
133220584,27000000000,2026-10-01
133221554,5680000000,2026-10-01
133222810,12000000000,2026-10-01
133224002,3350000000,2026-10-01
133224746,3800000000,2026-10-01
133226118,4590000000,2026-10-01
133230518,2190000000,2026-10-01
133233044,1550000000,2026-10-01
133233054,2900000000,2026-10-01
133234052,2450000000,2026-10-01
133237426,2100000000,2026-10-01
133238746,7900000000,2026-10-01
133239530,6800000000,2026-10-01
133243575,2400000000,2026-10-01
133248687,19500000000,2026-10-01
133250137,5900000000,2026-10-01
133251194,2850000000,2026-10-01
133251362,5599000000,2026-10-01
133252190,3100000000,2026-10-01
133252272,2100000000,2026-10-01
133252844,4680000000,2026-10-01
133257618,950000000,2026-10-01
133258827,4700000000,2026-10-01
133259354,1700000000,2026-10-01
133259602,1350000000,2026-10-01
133262745,6300000000,2026-10-01
133264501,3000000000,2026-10-01
133267559,4400000000,2026-10-01
133268062,3500000000,2026-10-01
133268322,3550000000,2026-10-01
133268811,2200000000,2026-10-01
133269157,12390000000,2026-10-01
133271480,14500000000,2026-10-01
133271580,3400000000,2026-10-01
133276069,1450000000,2026-10-01
133276399,2080000000,2026-10-01
133276652,5100000000,2026-10-01
133276787,690000000,2026-10-01
133277982,4100000000,2026-10-01
133278969,5700000000,2026-10-01
133279174,1700000000,2026-10-01
133279320,1500000000,2026-10-01
133282920,11900000000,2026-10-01
133283247,8600000000,2026-10-01
133283394,9000000000,2026-10-01
133283400,4800000000,2026-10-01
133284560,5000000000,2026-10-01
133290231,5200000000,2026-10-01
133290377,3500000000,2026-10-01
133293503,5300000000,2026-10-01
133294092,4025000000,2026-10-01
133296647,11500000000,2026-10-01
133296963,3650000000,2026-10-01
133297146,5800000000,2026-10-01
133297382,6100000000,2026-10-01
133297944,7300000000,2026-10-01
133299016,8790000000,2026-10-01
133299159,6200000000,2026-10-01
133299195,6600000000,2026-10-01
133299622,36500000000,2026-10-01
133299886,655000000,2026-10-01
133300427,7680000000,2026-10-01
133300966,1580000000,2026-10-01
133301255,1700000000,2026-10-01
133302538,5200000000,2026-10-01
133307534,1700000000,2026-10-01
133309410,5700000000,2026-10-01
133309802,5800000000,2026-10-01
133309945,5890000000,2026-10-01
133310087,5900000000,2026-10-01
133310499,18800000000,2026-10-01
133310599,3230000000,2026-10-01
133310988,1600000000,2026-10-01
133311149,4000000000,2026-10-01
133311503,4100000000,2026-10-01
133314924,2480000000,2026-10-01
133316274,1300000000,2026-10-01
133316606,5450000000,2026-10-01
133319605,1950000000,2026-10-01
133323184,3100000000,2026-10-01
133324416,1290000000,2026-10-01
133328509,3250000000,2026-10-01
133329423,3100000000,2026-10-01
133329582,3500000000,2026-10-01
133329771,2300000000,2026-10-01
133330531,6000000000,2026-10-01
133330599,4950000000,2026-10-01
133330683,6000000000,2026-10-01
133331882,9500000000,2026-10-01
133332121,1790000000,2026-10-01
133332622,5000000000,2026-10-01
133334839,5690000000,2026-10-01
133334884,9450000000,2026-10-01
133339693,6780000000,2026-10-01
133341843,2500000000,2026-10-01
133344871,3700000000,2026-10-01
133345683,9000000000,2026-10-01
133346177,2100000000,2026-10-01
133347179,7000000000,2026-10-01
133350031,3860000000,2026-10-01
133352855,3750000000,2026-10-01
133353319,9200000000,2026-10-01
133353388,5300000000,2026-10-01
133354047,3700000000,2026-10-01
133354896,6050000000,2026-10-01
133355163,3850000000,2026-10-01
133355180,1560000000,2026-10-01
133356684,9600000000,2026-10-01
133357019,5700000000,2026-10-01
133357272,6100000000,2026-10-01
133359081,4350000000,2026-10-01
133360203,15800000000,2026-10-01
133361004,3400000000,2026-10-01
133366588,3380000000,2026-10-01
133366984,2800000000,2026-10-01
133368443,3750000000,2026-10-01
133372183,4400000000,2026-10-01
133372351,1050000000,2026-10-01
133376860,3850000000,2026-10-01
133380831,4300000000,2026-10-01
133381242,2850000000,2026-10-01
133381290,2900000000,2026-10-01
133383275,2450000000,2026-10-01
133383644,5800000000,2026-10-01
133384855,1750000000,2026-10-01
133385149,3200000000,2026-10-01
133385225,1000000000,2026-10-01
133385281,4850000000,2026-10-01
133385292,12300000000,2026-10-01
133385937,1000000000,2026-10-01
133390285,9800000000,2026-10-01
133390663,2900000000,2026-10-01
133391204,5600000000,2026-10-01
133392441,18500000000,2026-10-01
133392513,6780000000,2026-10-01
133392572,6800000000,2026-10-01
133392635,18700000000,2026-10-01
133394226,3330000000,2026-10-01
133394968,3700000000,2026-10-01
133397934,2800000000,2026-10-01
133399119,5750000000,2026-10-01
133401120,6280000000,2026-10-01
133401629,12900000000,2026-10-01
133403964,3850000000,2026-10-01
133404632,4200000000,2026-10-01
133404925,11260000000,2026-10-01
133407670,3900000000,2026-10-01
133407850,900000000,2026-10-01
133410118,1000000000,2026-10-01
133410275,1000000000,2026-10-01
133410496,2550000000,2026-10-01
133411188,9800000000,2026-10-01
133411865,5350000000,2026-10-01
133412396,1500000000,2026-10-01
133412602,1250000000,2026-10-01
133413157,7300000000,2026-10-01
133414501,5790000000,2026-10-01
133414912,1800000000,2026-10-01
133416730,5190000000,2026-10-01
133418396,3950000000,2026-10-01
133418678,5350000000,2026-10-01
133419738,16500000000,2026-10-01
133422175,3250000000,2026-10-01
133423032,4390000000,2026-10-01
133423362,7150000000,2026-10-01
133425493,6000000000,2026-10-01
133428609,30800000000,2026-10-01
133430027,9960000000,2026-10-01
133431549,6200000000,2026-10-01
133431803,6000000000,2026-10-01
133432027,9000000000,2026-10-01
133438177,2990000000,2026-10-01
133440003,3200000000,2026-10-01
133442166,6500000000,2026-10-01
133443834,1500000000,2026-10-01
133443961,7990000000,2026-10-01
133444299,4850000000,2026-10-01
133444594,10600000000,2026-10-01
133445635,6500000000,2026-10-01
133446714,4200000000,2026-10-01
133449394,2390000000,2026-10-01
133449872,3690000000,2026-10-01
133450035,3660000000,2026-10-01
133454134,3350000000,2026-10-01
133455506,6950000000,2026-10-01
133455580,4450000000,2026-10-01
133457167,70000000000,2026-10-01
133457371,2600000000,2026-10-01
133457974,2360000000,2026-10-01
133460914,6800000000,2026-10-01
133461177,2900000000,2026-10-01
133461295,950000000,2026-10-01
133461784,5900000000,2026-10-01
133463394,6100000000,2026-10-01
133463913,5800000000,2026-10-01
133464592,18360000000,2026-10-01
133464973,1990000000,2026-10-01
133465288,1500000000,2026-10-01
133465573,1390000000,2026-10-01
133466571,12600000000,2026-10-01
133468949,4000000000,2026-10-01
133469476,14500000000,2026-10-01
133469581,3230000000,2026-10-01
133470326,20000000000,2026-10-01
133470982,1500000000,2026-10-01
133472077,4200000000,2026-10-01
133473164,4500000000,2026-10-01
133475143,8890000000,2026-10-01
133476035,6500000000,2026-10-01
133476306,3900000000,2026-10-01
133479053,5800000000,2026-10-01
133480908,18000000000,2026-10-01
133482916,5080000000,2026-10-01
133483664,3800000000,2026-10-01
133485053,6750000000,2026-10-01
133485473,7500000000,2026-10-01
133487344,5599000000,2026-10-01
133488366,13500000000,2026-10-01
133490973,2650000000,2026-10-01
133491403,3950000000,2026-10-01
133492931,5090000000,2026-10-01
133493232,9500000000,2026-10-01
133494217,6200000000,2026-10-01
133496165,16250000000,2026-10-01
133496439,1360000000,2026-10-01
133499164,3700000000,2026-10-01
133500126,6650000000,2026-10-01
133502122,12690000000,2026-10-01
133505244,8200000000,2026-10-01
133509678,11500000000,2026-10-01
133510233,2300000000,2026-10-01
133510596,2050000000,2026-10-01
133510688,3980000000,2026-10-01
133512532,7600000000,2026-10-01
133512538,10600000000,2026-10-01
133512555,7500000000,2026-10-01
133512595,1395000000,2026-10-01
133512938,3400000000,2026-10-01
133513297,1800000000,2026-10-01
133514251,6290000000,2026-10-01
133516086,3150000000,2026-10-01
133516284,9900000000,2026-10-01
133516885,4000000000,2026-10-01
133517492,3250000000,2026-10-01
133518424,6000000000,2026-10-01
133518642,3100000000,2026-10-01
133518993,6000000000,2026-10-01
133520783,7980000000,2026-10-01
133520811,6150000000,2026-10-01
133522075,5800000000,2026-10-01
133523132,12000000000,2026-10-01
133523349,1250000000,2026-10-01
133523674,3200000000,2026-10-01
133527648,32000000000,2026-10-01
133527891,8000000000,2026-10-01
133527924,5500000000,2026-10-01
133529000,7000000000,2026-10-01
133529553,9300000000,2026-10-01
133531152,15500000000,2026-10-01
133531452,6200000000,2026-10-01
133533820,3900000000,2026-10-01
133534195,5000000000,2026-10-01
133534416,2900000000,2026-10-01
133534474,7000000000,2026-10-01
133534639,4750000000,2026-10-01
133534995,3400000000,2026-10-01
133537687,25000000000,2026-10-01
133538699,5400000000,2026-10-01
133538864,3100000000,2026-10-01
133539781,4200000000,2026-10-01
133541436,7900000000,2026-10-01
133541464,8980000000,2026-10-01
133541975,2050000000,2026-10-01
133542169,21200000000,2026-10-01
133543843,8390000000,2026-10-01
133544025,4590000000,2026-10-01
133544604,985000000,2026-10-01
133545544,1300000000,2026-10-01
133548052,6500000000,2026-10-01
133551183,4500000000,2026-10-01
133552051,4300000000,2026-10-01
133553163,4950000000,2026-10-01
133553449,1680000000,2026-10-01
133554224,14800000000,2026-10-01
133555289,3100000000,2026-10-01
133556061,3850000000,2026-10-01
133556114,18000000000,2026-10-01
133556541,3500000000,2026-10-01
133557165,1980000000,2026-10-01
133559142,6500000000,2026-10-01
133559705,5990000000,2026-10-01
133560138,5500000000,2026-10-01
133561175,7700000000,2026-10-01
133563930,350000000,2026-10-01
133564295,4890000000,2026-10-01
133565227,1700000000,2026-10-01
133567034,5500000000,2026-10-01
133568980,12500000000,2026-10-01
133569247,5150000000,2026-10-01
133572897,36000000000,2026-10-01
133575677,4200000000,2026-10-01
133576195,4990000000,2026-10-01
133577719,920000000,2026-10-01
133580507,4000000000,2026-10-01
133580676,6900000000,2026-10-01
133581081,7900000000,2026-10-01
133581082,2990000000,2026-10-01
133581793,10500000000,2026-10-01
133581858,1500000000,2026-10-01
133582051,1780000000,2026-10-01
133582230,3500000000,2026-10-01
133582481,2400000000,2026-10-01
133582512,9900000000,2026-10-01
133582879,3570000000,2026-10-01
133583000,17800000000,2026-10-01
133583070,580000000,2026-10-01
133583376,760000000,2026-10-01
133585234,1550000000,2026-10-01
133585392,1390000000,2026-10-01
133585508,5100000000,2026-10-01
133586221,6000000000,2026-10-01
133588697,6300000000,2026-10-01
133592125,7000000000,2026-10-01
133592443,3700000000,2026-10-01
133592702,3700000000,2026-10-01
133593269,11500000000,2026-10-01
133593551,16500000000,2026-10-01
133593989,2700000000,2026-10-01
133594838,14800000000,2026-10-01
133595642,4050000000,2026-10-01
133595976,6150000000,2026-10-01
133596160,6700000000,2026-10-01
133596746,3650000000,2026-10-01
133596909,3200000000,2026-10-01
133597994,15600000000,2026-10-01
133599487,4900000000,2026-10-01
133599551,6000000000,2026-10-01
133599886,2750000000,2026-10-01
133600528,950000000,2026-10-01
133600961,2200000000,2026-10-01
133601001,65000000000,2026-10-01
133601298,4500000000,2026-10-01
133601598,10990000000,2026-10-01
133601609,8800000000,2026-10-01
133601722,1495000000,2026-10-01
133602360,7900000000,2026-10-01
133602971,5700000000,2026-10-01
133603848,5900000000,2026-10-01
133604043,4100000000,2026-10-01
133604241,6190000000,2026-10-01
133604355,970000000,2026-10-01
133604532,6900000000,2026-10-01
133604571,5600000000,2026-10-01
133605713,4400000000,2026-10-01
133606375,8200000000,2026-10-01
133607913,7150000000,2026-10-01
133610072,2970000000,2026-10-01
133610178,7400000000,2026-10-01
133610522,5400000000,2026-10-01
133611006,9800000000,2026-10-01
133614360,4000000000,2026-10-01
133614372,22900000000,2026-10-01
133614665,9500000000,2026-10-01
133615129,23000000000,2026-10-01
133615605,3380000000,2026-10-01
133615680,5250000000,2026-10-01
133617487,1990000000,2026-10-01
133619236,7600000000,2026-10-01
133621051,11680000000,2026-10-01
133621103,2150000000,2026-10-01
133621319,4950000000,2026-10-01
133622932,2200000000,2026-10-01
133623872,2250000000,2026-10-01
133623913,5500000000,2026-10-01
133625643,23000000000,2026-10-01
133626328,9000000000,2026-10-01
133626362,1850000000,2026-10-01
133626447,10800000000,2026-10-01
133626617,1550000000,2026-10-01
133627072,1700000000,2026-10-01
133627318,2480000000,2026-10-01
133628009,10600000000,2026-10-01
133628481,8390000000,2026-10-01
133628491,7590000000,2026-10-01
133629696,13500000000,2026-10-01
133631683,220000000000,2026-10-01
133634623,4650000000,2026-10-01
133634935,5980000000,2026-10-01
133635707,2650000000,2026-10-01
133638543,5890000000,2026-10-01
133638714,900000000,2026-10-01
133640357,10500000000,2026-10-01
133643899,4550000000,2026-10-01
133645775,7200000000,2026-10-01
133646806,12500000000,2026-10-01
133648268,3950000000,2026-10-01
133648438,4300000000,2026-10-01
133648465,36000000000,2026-10-01
133648501,13600000000,2026-10-01
133649021,2700000000,2026-10-01
133649590,2480000000,2026-10-01
133649790,16600000000,2026-10-01
133649883,15800000000,2026-10-01
133650425,2900000000,2026-10-01
133651525,5800000000,2026-10-01
133651895,5700000000,2026-10-01
133652766,1250000000,2026-10-01
133652907,1600000000,2026-10-01
133652948,1390000000,2026-10-01
133653065,1200000000,2026-10-01
133653351,3600000000,2026-10-01
133654668,42900000000,2026-10-01
133654717,20500000000,2026-10-01
133654961,6900000000,2026-10-01
133655140,73000000000,2026-10-01
133655273,1300000000,2026-10-01
133655447,1240000000,2026-10-01
133655622,1700000000,2026-10-01
133656846,1850000000,2026-10-01
133660091,4530000000,2026-10-01
133662304,3900000000,2026-10-01
133663826,6000000000,2026-10-01
133665056,3890000000,2026-10-01
133665786,4700000000,2026-10-01
133665895,3350000000,2026-10-01
133666550,2100000000,2026-10-01
133666982,2300000000,2026-10-01
133667652,5200000000,2026-10-01
133668356,10500000000,2026-10-01
133668549,1900000000,2026-10-01
133669933,4200000000,2026-10-01
133670744,4350000000,2026-10-01
133670847,2750000000,2026-10-01
133672035,800000000,2026-10-01
133675315,7450000000,2026-10-01
133675726,2400000000,2026-10-01
133676580,3150000000,2026-10-01
133676781,3300000000,2026-10-01
133676976,13000000000,2026-10-01
133678763,5580000000,2026-10-01
133679758,1250000000,2026-10-01
133679810,1500000000,2026-10-01
133679834,1500000000,2026-10-01
133679865,1390000000,2026-10-01
133679892,1600000000,2026-10-01
133679944,1700000000,2026-10-01
133680971,3000000000,2026-10-01
133681301,1900000000,2026-10-01
133681955,22900000000,2026-10-01
133681962,7300000000,2026-10-01
133682109,3600000000,2026-10-01
133683989,5980000000,2026-10-01
133684733,4200000000,2026-10-01
133685616,940000000,2026-10-01
133685851,5500000000,2026-10-01
133688756,7000000000,2026-10-01
133689562,2800000000,2026-10-01
133690035,3600000000,2026-10-01
133691990,3050000000,2026-10-01
133692660,3100000000,2026-10-01
133693340,86500000000,2026-10-01
133695835,1500000000,2026-10-01
133695908,5700000000,2026-10-01
133695939,40000000000,2026-10-01
133696363,1000000000,2026-10-01
133696393,5700000000,2026-10-01
133697060,2050000000,2026-10-01
133700813,2990000000,2026-10-01
133701849,5900000000,2026-10-01
133702261,8500000000,2026-10-01
133702262,5699000000,2026-10-01
133705424,4650000000,2026-10-01
133705610,3350000000,2026-10-01
133706940,1100000000,2026-10-01
133707650,3700000000,2026-10-01
133707690,8600000000,2026-10-01
133707995,100000000000,2026-10-01
133708555,9900000000,2026-10-01
133708562,2000000000,2026-10-01
133709495,10500000000,2026-10-01
133709760,2880000000,2026-10-01
133709816,2530000000,2026-10-01
133710494,3100000000,2026-10-01
133712163,34000000000,2026-10-01
133713391,2800000000,2026-10-01
133713520,33000000000,2026-10-01
133713916,30000000000,2026-10-01
133713962,6680000000,2026-10-01
133714019,7950000000,2026-10-01
133714024,3500000000,2026-10-01
133714049,6350000000,2026-10-01
133714360,7000000000,2026-10-01
133714545,4100000000,2026-10-01
133714602,12100000000,2026-10-01
133715633,1240000000,2026-10-01
133715634,5350000000,2026-10-01
133717661,1580000000,2026-10-01
133721956,2050000000,2026-10-01
133722772,12100000000,2026-10-01
133724702,4900000000,2026-10-01
133725477,3650000000,2026-10-01
133725691,12300000000,2026-10-01
133725807,30000000000,2026-10-01
133726546,3750000000,2026-10-01
133726853,5330000000,2026-10-01
133727690,9000000000,2026-10-01
133728412,7700000000,2026-10-01
133728506,1900000000,2026-10-01
133729060,3000000000,2026-10-01
133729398,2390000000,2026-10-01
133729946,7890000000,2026-10-01
133732209,13780000000,2026-10-01
133733030,4350000000,2026-10-01
133733067,3290000000,2026-10-01
133733163,4500000000,2026-10-01
133733382,2200000000,2026-10-01
133733623,1250000000,2026-10-01
133734714,16200000000,2026-10-01
133734882,7500000000,2026-10-01
133735045,5600000000,2026-10-01
133736396,4300000000,2026-10-01
133736814,3900000000,2026-10-01
133738387,3250000000,2026-10-01
133739791,4800000000,2026-10-01
133740374,3380000000,2026-10-01
133740673,3800000000,2026-10-01
133741352,9500000000,2026-10-01
133741927,33000000000,2026-10-01
133742111,3150000000,2026-10-01
133742130,6500000000,2026-10-01
133742583,550000000,2026-10-01
133743272,860000000,2026-10-01
133743280,970000000,2026-10-01
133743288,2750000000,2026-10-01
133743802,3400000000,2026-10-01
133745276,3880000000,2026-10-01
133745433,6600000000,2026-10-01
133746119,3500000000,2026-10-01
133749220,2750000000,2026-10-01
133750141,5410000000,2026-10-01
133750199,24000000000,2026-10-01
133750458,56000000000,2026-10-01
133751190,2680000000,2026-10-01
133752283,1850000000,2026-10-01
133752672,4550000000,2026-10-01
133754288,6700000000,2026-10-01
133754304,5999999999,2026-10-01
133755249,6680000000,2026-10-01
133756387,3700000000,2026-10-01
133756771,18000000000,2026-10-01
133758079,3300000000,2026-10-01
133758110,3700000000,2026-10-01
133758249,3768000000,2026-10-01
133759153,2800000000,2026-10-01
133759245,12560000000,2026-10-01
133762120,5200000000,2026-10-01
133762129,2100000000,2026-10-01
133762577,4500000000,2026-10-01
133763265,4100000000,2026-10-01
133763866,5250000000,2026-10-01
133766621,5400000000,2026-10-01
133766858,12600000000,2026-10-01
133767224,2480000000,2026-10-01
133769576,3250000000,2026-10-01
133770907,2580000000,2026-10-01
133771240,5600000000,2026-10-01
133774326,2700000000,2026-10-01
133775309,6900000000,2026-10-01
133776913,4900000000,2026-10-01
133779311,8300000000,2026-10-01
133779316,3950000000,2026-10-01
133779532,6600000000,2026-10-01
133780945,2800000000,2026-10-01
133781197,6500000000,2026-10-01
133781453,4200000000,2026-10-01
133781678,5300000000,2026-10-01
133782843,12500000000,2026-10-01
133783369,4100000000,2026-10-01
133783484,2120000000,2026-10-01
133784553,6950000000,2026-10-01
133787743,8900000000,2026-10-01
133788864,6500000000,2026-10-01
133789027,16500000000,2026-10-01
133790080,37000000000,2026-10-01
133792049,3000000000,2026-10-01
133792128,1980000000,2026-10-01
133792681,10800000000,2026-10-01
133793066,3800000000,2026-10-01
133795315,4400000000,2026-10-01
133798093,10450000000,2026-10-01
133798153,6700000000,2026-10-01
133798410,36000000000,2026-10-01
133799028,8390000000,2026-10-01
133799112,600000000,2026-10-01
133800849,3700000000,2026-10-01
133803450,1500000000,2026-10-01
133805176,8700000000,2026-10-01
133805704,3700000000,2026-10-01
133805933,1150000000,2026-10-01
133806725,8800000000,2026-10-01
133806992,1150000000,2026-10-01
133809495,42597750000,2026-10-01
133810827,1250000000,2026-10-01
133812514,1200000000,2026-10-01
133813674,1590000000,2026-10-01
133814279,2400000000,2026-10-01
133814837,25700000000,2026-10-01
133814854,21800000000,2026-10-01
133815102,45000000000,2026-10-01
133815434,1950000000,2026-10-01
133815594,4550000000,2026-10-01
133815609,1850000000,2026-10-01
133815947,68000000000,2026-10-01
133816959,2645000000,2026-10-01
133819344,600000000,2026-10-01
133819503,650000000,2026-10-01
133819861,950000000,2026-10-01
133820266,2950000000,2026-10-01
133821308,400000000,2026-10-01
133822160,3100000000,2026-10-01
133822460,4800000000,2026-10-01
133822586,8500000000,2026-10-01
133823184,4000000000,2026-10-01
133823213,5500000000,2026-10-01
133823250,2090000000,2026-10-01
133825979,3050000000,2026-10-01
133826125,3100000000,2026-10-01
133826478,11500000000,2026-10-01
133826656,495000000,2026-10-01
133826716,490000000,2026-10-01
133826851,4100000000,2026-10-01
133826879,3400000000,2026-10-01
133827038,850000000,2026-10-01
133827216,7000000000,2026-10-01
133827446,2050000000,2026-10-01
133827802,3690000000,2026-10-01
133827904,3200000000,2026-10-01
133828224,7600000000,2026-10-01
133828501,22000000000,2026-10-01
133829416,7700000000,2026-10-01
133829438,1150000000,2026-10-01
133829677,1450000000,2026-10-01
133829737,5950000000,2026-10-01
133830989,50000000000,2026-10-01
133831136,4480000000,2026-10-01
133831839,2590000000,2026-10-01
133833521,8890000000,2026-10-01
133834213,9500000000,2026-10-01
133835499,5100000000,2026-10-01
133837659,1280000000,2026-10-01
133838117,6550000000,2026-10-01
133838964,6320000000,2026-10-01
133839342,1790000000,2026-10-01
133839844,1530000000,2026-10-01
133841212,4890000000,2026-10-01
133841307,1850000000,2026-10-01
133842173,1400000000,2026-10-01
133842582,1250000000,2026-10-01
133843173,5800000000,2026-10-01
133843694,6900000000,2026-10-01
133844177,2200000000,2026-10-01
133846618,12000000000,2026-10-01
133847025,2700000000,2026-10-01
133847369,3650000000,2026-10-01
133847478,6900000000,2026-10-01
133847646,1700000000,2026-10-01
133847830,1370000000,2026-10-01
133848444,1550000000,2026-10-01
133848812,1500000000,2026-10-01
133849134,5000000000,2026-10-01
133849320,2580000000,2026-10-01
133849736,2500000000,2026-10-01
133850039,2500000000,2026-10-01
133850578,26000000000,2026-10-01
133850876,8000000000,2026-10-01
133852332,8900000000,2026-10-01
133853041,4700000000,2026-10-01
133853240,5300000000,2026-10-01
133853817,5600000000,2026-10-01
133854975,13700000000,2026-10-01
133861103,1480000000,2026-10-01
133861234,9500000000,2026-10-01
133861328,2750000000,2026-10-01
133862260,3000000000,2026-10-01
133862877,7000000000,2026-10-01
133863206,15500000000,2026-10-01
133863515,4250000000,2026-10-01
133864701,6400000000,2026-10-01
133865607,10490000000,2026-10-01
133865658,3000000000,2026-10-01
133865691,4000000000,2026-10-01
133865913,2250000000,2026-10-01
133866358,3390000000,2026-10-01
133869332,2150000000,2026-10-01
133869369,4800000000,2026-10-01
133870430,21900000000,2026-10-01
133870695,3850000000,2026-10-01
133870721,18000000000,2026-10-01
133870959,5300000000,2026-10-01
133871854,1750000000,2026-10-01
133872191,485000000,2026-10-01
133873406,9000000000,2026-10-01
133874952,2950000000,2026-10-01
133875443,5400000000,2026-10-01
133877400,2200000000,2026-10-01
133879353,3900000000,2026-10-01
133879528,17000000000,2026-10-01
133879900,16500000000,2026-10-01
133881451,8888888888,2026-10-01
133881557,5000000000,2026-10-01
133881650,6350000000,2026-10-01
133882570,5700000000,2026-10-01
133883644,8000000000,2026-10-01
133884623,19500000000,2026-10-01
133889101,2100000000,2026-10-01
133889675,1450000000,2026-10-01
133889880,14500000000,2026-10-01
133890140,7490000000,2026-10-01
133890313,4800000000,2026-10-01
133893118,3000000000,2026-10-01
133893244,5200000000,2026-10-01
133894510,8200000000,2026-10-01
133896191,5950000000,2026-10-01
133897385,4250000000,2026-10-01
133899454,3200000000,2026-10-01
133904323,5200000000,2026-10-01
133905839,5500000000,2026-10-01
133912875,8700000000,2026-10-01
133913035,600000000,2026-10-01
133913315,6468000000,2026-10-01
133913375,6900000000,2026-10-01
133913603,3950000000,2026-10-01
133914169,6790000000,2026-10-01
133914255,5000000000,2026-10-01
133914802,960000000,2026-10-01
133915239,9500000000,2026-10-01
133915753,5000000000,2026-10-01
133916257,6700000000,2026-10-01
133916585,4550000000,2026-10-01
133916822,3650000000,2026-10-01
133921343,4600000000,2026-10-01
133921730,6850000000,2026-10-01
133921775,5900000000,2026-10-01
133921803,5780000000,2026-10-01
133921861,7900000000,2026-10-01
133922303,9900000000,2026-10-01
133922869,3980000000,2026-10-01
133924855,5300000000,2026-10-01
133925865,3900000000,2026-10-01
133927693,10200000000,2026-10-01
133928539,3320000000,2026-10-01
133928588,19800000000,2026-10-01
133928725,3900000000,2026-10-01
133928728,13600000000,2026-10-01
133932989,2950000000,2026-10-01
133933023,45000000000,2026-10-01
133933440,5250000000,2026-10-01
133933470,800000000,2026-10-01
133933482,10000000000,2026-10-01
133933864,6200000000,2026-10-01
133934273,3700000000,2026-10-01
133934492,10500000000,2026-10-01
133934587,3580000000,2026-10-01
133935227,8100000000,2026-10-01
133935414,19500000000,2026-10-01
133935643,4000000000,2026-10-01
133935872,5890000000,2026-10-01
133935911,14000000000,2026-10-01
133936034,4350000000,2026-10-01
133936160,4300000000,2026-10-01
133937107,8200000000,2026-10-01
133938681,4800000000,2026-10-01
133939244,2700000000,2026-10-01
133940462,7400000000,2026-10-01
133940473,4500000000,2026-10-01
133940689,3500000000,2026-10-01
133942442,2900000000,2026-10-01
133942558,7790000000,2026-10-01
133942581,2290000000,2026-10-01
133943168,2400000000,2026-10-01
133944496,6000000000,2026-10-01
133945746,2180000000,2026-10-01
133946210,5980000000,2026-10-01
133947022,10500000000,2026-10-01
133947720,5450000000,2026-10-01
133950947,2180000000,2026-10-01
133951540,4100000000,2026-10-01
133951546,1950000000,2026-10-01
133951923,14800000000,2026-10-01
133951984,700000000,2026-10-01
133952898,615000000,2026-10-01
133953899,3680000000,2026-10-01
133954084,6700000000,2026-10-01
133954564,1990000000,2026-10-01
133954990,14000000000,2026-10-01
133955591,830000000,2026-10-01
133955884,3950000000,2026-10-01
133957941,6500000000,2026-10-01
133958568,7000000000,2026-10-01
133958571,6250000000,2026-10-01
133959157,4490000000,2026-10-01
133959600,2450000000,2026-10-01
133959717,10800000000,2026-10-01
133960016,3000000000,2026-10-01
133960243,2000000000,2026-10-01
133960330,2600000000,2026-10-01
133960774,785000000,2026-10-01
133961021,835000000,2026-10-01
133961361,26500000000,2026-10-01
133962359,459000000000,2026-10-01
133962884,850000000,2026-10-01
133963319,4970000000,2026-10-01
133963827,7500000000,2026-10-01
133963856,46000000000,2026-10-01
133963987,3850000000,2026-10-01
133964279,230000000000,2026-10-01
133965025,3800000000,2026-10-01
133965527,6200000000,2026-10-01
133966042,3150000000,2026-10-01
133967348,7650000000,2026-10-01
133969102,3350000000,2026-10-01
133971594,900000000,2026-10-01
133973066,730000000,2026-10-01
133973079,65000000000,2026-10-01
133973194,14800000000,2026-10-01
133973364,3500000000,2026-10-01
133973567,7680000000,2026-10-01
133973799,14800000000,2026-10-01
133974300,7000000000,2026-10-01
133974617,6100000000,2026-10-01
133974893,2850000000,2026-10-01
133974953,9900000000,2026-10-01
133975038,5500000000,2026-10-01
133975145,7900000000,2026-10-01
133976057,28950000000,2026-10-01
133976741,11800000000,2026-10-01
133976885,4850000000,2026-10-01
133976896,750000000,2026-10-01
133977167,28268000000,2026-10-01
133977736,3550000000,2026-10-01
133977911,11900000000,2026-10-01
133978008,25000000000,2026-10-01
133978890,1180000000,2026-10-01
133979520,7000000000,2026-10-01
133979627,6500000000,2026-10-01
133980087,2678000000,2026-10-01
133981934,4400000000,2026-10-01
133981949,4800000000,2026-10-01
133984335,9900000000,2026-10-01
133984652,925000000,2026-10-01
133984686,865000000,2026-10-01
133985145,9900000000,2026-10-01
133985544,9900000000,2026-10-01
133985974,4500000000,2026-10-01
133986329,4000000000,2026-10-01
133987202,3000000000,2026-10-01
133989990,3350000000,2026-10-01
133990049,3350000000,2026-10-01
133990165,2190000000,2026-10-01
133992466,4400000000,2026-10-01
133992484,3780000000,2026-10-01
133992622,4100000000,2026-10-01
133992813,9170000000,2026-10-01
133993777,3400000000,2026-10-01
133993943,1375000000,2026-10-01
133994056,8000000000,2026-10-01
133994717,6800000000,2026-10-01
133994789,3000000000,2026-10-01
133996567,3900000000,2026-10-01
133998663,6500000000,2026-10-01
133998843,9000000000,2026-10-01
134000003,25000000000,2026-10-01
134000022,3500000000,2026-10-01
134000937,3750000,2026-10-01
134002853,5500000000,2026-10-01
134004873,2200000000,2026-10-01
134005225,3800000000,2026-10-01
134005450,10300000000,2026-10-01
134009384,2750000000,2026-10-01
134009685,6000000000,2026-10-01
134011756,8900000000,2026-10-01
134013415,2080000000,2026-10-01
134013815,6380000000,2026-10-01
134014011,5400000000,2026-10-01
134014150,2880000000,2026-10-01
134014297,5690000000,2026-10-01
134015944,3380000000,2026-10-01
134016224,1200000000,2026-10-01
134016448,5350000000,2026-10-01
134019130,8000000000,2026-10-01
134020455,4490000000,2026-10-01
134021273,9800000000,2026-10-01
134021485,6500000000,2026-10-01
134021745,4500000000,2026-10-01
134022031,6200000000,2026-10-01
134022124,7000000000,2026-10-01
134022473,2700000000,2026-10-01
134022817,7000000000,2026-10-01
134023521,4000000000,2026-10-01
134023863,5800000000,2026-10-01
134024158,1690000000,2026-10-01
134026773,2050000000,2026-10-01
134026896,2850000000,2026-10-01
134028610,3600000000,2026-10-01
134029146,3950000000,2026-10-01
134031020,680000000,2026-10-01
134031032,4750000000,2026-10-01
134031997,4000000000,2026-10-01
134032268,6500000000,2026-10-01
134032448,2700000000,2026-10-01
134032765,3380000000,2026-10-01
134033947,18000000000,2026-10-01
134034531,1400000000,2026-10-01
134035325,1390000000,2026-10-01
134035669,4000000000,2026-10-01
134037475,5800000000,2026-10-01
134038057,4500000000,2026-10-01
134038266,12800000000,2026-10-01
134038537,4800000000,2026-10-01
134039061,5080000000,2026-10-01
134040596,8800000000,2026-10-01
134041601,9500000000,2026-10-01
134042514,8000000000,2026-10-01
134044290,1950000000,2026-10-01
134044622,7700000000,2026-10-01
134045745,9300000000,2026-10-01
134045858,3450000000,2026-10-01
134045923,2250000000,2026-10-01
134046066,8500000000,2026-10-01
134046252,5950000000,2026-10-01
134046536,4950000000,2026-10-01
134047022,5800000000,2026-10-01
134047780,6000000000,2026-10-01
134047799,9000000000,2026-10-01
134047970,20000000000,2026-10-01
134048173,2650000000,2026-10-01
134048207,7600000000,2026-10-01
134048350,3600000000,2026-10-01
134048670,5650000000,2026-10-01
134049238,4990000000,2026-10-01
134049467,55000000000,2026-10-01
134050061,4100000000,2026-10-01
134050152,2200000000,2026-10-01
134050194,6880000000,2026-10-01
134051765,6980000000,2026-10-01
134052160,1970000000,2026-10-01
134053006,1750000000,2026-10-01
134053696,4850000000,2026-10-01
134054094,3500000000,2026-10-01
134054326,1600000000,2026-10-01
134054573,4400000000,2026-10-01
134054840,4500000000,2026-10-01
134055195,10000000000,2026-10-01
134055516,17000000000,2026-10-01
134057813,16000000000,2026-10-01
134058300,7000000000,2026-10-01
134058970,6150000000,2026-10-01
134059129,2800000000,2026-10-01
134059492,7400000000,2026-10-01
134061044,2990000000,2026-10-01
134062014,2990000000,2026-10-01
134062095,11500000000,2026-10-01
134062451,3900000000,2026-10-01
134062721,16500000000,2026-10-01
134064148,3000000000,2026-10-01
134066907,2350000000,2026-10-01
134066924,1650000000,2026-10-01
134067891,2900000000,2026-10-01
134068539,5600000000,2026-10-01
134068836,15500000000,2026-10-01
134069200,3000000000,2026-10-01
134070311,4750000000,2026-10-01
134070585,3000000000,2026-10-01
134070672,10050000000,2026-10-01
134074237,4650000000,2026-10-01
134074448,3686000000,2026-10-01
134075306,4900000000,2026-10-01
134076089,14800000000,2026-10-01
134076141,590000000,2026-10-01
134076662,1450000000,2026-10-01
134077159,10000000000,2026-10-01
134077488,6000000000,2026-10-01
134077547,1450000000,2026-10-01
134078075,16500000000,2026-10-01
134078221,5900000000,2026-10-01
134079468,8990000000,2026-10-01
134079969,6400000000,2026-10-01
134079992,6990000000,2026-10-01
134080395,8650000000,2026-10-01
134080850,3230000000,2026-10-01
134081141,6500000000,2026-10-01
134082231,21000000000,2026-10-01
134082534,5670000000,2026-10-01
134086719,6800000000,2026-10-01
134087223,2260000000,2026-10-01
134087359,2590000000,2026-10-01
134088078,9500000000,2026-10-01
134088485,3950000000,2026-10-01
134089604,4100000000,2026-10-01
134089658,800000000,2026-10-01
134090131,6900000000,2026-10-01
134090339,6200000000,2026-10-01
134090466,16800000000,2026-10-01
134090576,11200000000,2026-10-01
134090933,2710000000,2026-10-01
134091145,3450000000,2026-10-01
134092108,7200000000,2026-10-01
134092554,8600000000,2026-10-01
134094029,3700000000,2026-10-01
134094320,27000000000,2026-10-01
134094462,3699999999,2026-10-01
134095250,6900000000,2026-10-01
134095380,22000000000,2026-10-01
134095445,550000000,2026-10-01
134095531,3500000000,2026-10-01
134095750,5990000000,2026-10-01
134096063,4500000000,2026-10-01
134096405,9500000000,2026-10-01
134097999,7700000000,2026-10-01
134100545,3980000000,2026-10-01
134100992,2100000000,2026-10-01
134101596,3600000000,2026-10-01
134104272,11800000000,2026-10-01
134105250,5100000000,2026-10-01
134105354,5100000000,2026-10-01
134105532,4400000000,2026-10-01
134106146,65000000000,2026-10-01
134106169,6000000000,2026-10-01
134106714,4250000000,2026-10-01
134108058,5700000000,2026-10-01
134108205,7500000000,2026-10-01
134110332,7150000000,2026-10-01
134110402,2500000000,2026-10-01
134110640,64000000000,2026-10-01
134111208,2150000000,2026-10-01
134111274,2050000000,2026-10-01
134111606,2600000000,2026-10-01
134111621,2950000000,2026-10-01
134112278,1200000000,2026-10-01
134112587,3450000000,2026-10-01
134112604,310000000,2026-10-01
134112763,3500000000,2026-10-01
134112832,2000000000,2026-10-01
134112983,4000000000,2026-10-01
134113268,295000000,2026-10-01
134113369,3750000000,2026-10-01
134113498,11500000000,2026-10-01
134114688,3150000000,2026-10-01
134114742,9290000000,2026-10-01
134115373,2600000000,2026-10-01
134115409,3300000000,2026-10-01
134116258,7200000000,2026-10-01
134116412,2200000000,2026-10-01
134118000,1800000000,2026-10-01
134118092,3400000000,2026-10-01
134118529,7000000000,2026-10-01
134118594,3450000000,2026-10-01
134119030,7900000000,2026-10-01
134119573,790000000,2026-10-01
134121189,4200000000,2026-10-01
134121738,6800000000,2026-10-01
134122003,4550000000,2026-10-01
134122504,4400000000,2026-10-01
134122523,4300000000,2026-10-01
134122747,20000000000,2026-10-01
134123455,6500000000,2026-10-01
134123906,2050000000,2026-10-01
134124071,1990000000,2026-10-01
134124263,8990000000,2026-10-01
134124351,2390000000,2026-10-01
134124530,2250000000,2026-10-01
134127754,3900000000,2026-10-01
134127792,1100000000,2026-10-01
134128452,850000000,2026-10-01
134128566,790000000,2026-10-01
134128573,2900000000,2026-10-01
134128628,1200000000,2026-10-01
134128861,550000000,2026-10-01
134128929,2550000000,2026-10-01
134129909,3980000000,2026-10-01
134130228,6100000000,2026-10-01
134130913,400000000,2026-10-01
134131608,10500000000,2026-10-01
134133243,2500000000,2026-10-01
134134272,4168000000,2026-10-01
134135225,2299000000,2026-10-01
134135256,815000000,2026-10-01
134136926,7980000000,2026-10-01
134137809,3690000000,2026-10-01
134138226,4300000000,2026-10-01
134138254,2700000000,2026-10-01
134138447,3200000000,2026-10-01
134138978,49000000000,2026-10-01
134139068,2720000000,2026-10-01
134140594,10500000000,2026-10-01
134140979,6200000000,2026-10-01
134141787,3660000000,2026-10-01
134141973,9900000000,2026-10-01
134142359,9900000000,2026-10-01
134142421,9900000000,2026-10-01
134142461,8900000000,2026-10-01
134143071,5800000000,2026-10-01
134143227,2300000000,2026-10-01
134143351,2600000000,2026-10-01
134143509,1800000000,2026-10-01
134143737,4700000000,2026-10-01
134144165,3300000000,2026-10-01
134144420,2090000000,2026-10-01
134146147,4000000000,2026-10-01
134146688,7300000000,2026-10-01
134146832,3349500000,2026-10-01
134147299,5150000000,2026-10-01
134147587,7450000000,2026-10-01
134147681,3100000000,2026-10-01
134148365,6400000000,2026-10-01
134148374,2520000000,2026-10-01
134149275,5950000000,2026-10-01
134149704,6100000000,2026-10-01
134149861,10800000000,2026-10-01
134150396,5400000000,2026-10-01
134150750,6580000000,2026-10-01
134151076,3200000000,2026-10-01
134151130,5100000000,2026-10-01
134151667,6850000000,2026-10-01
134153491,12000000000,2026-10-01
134153852,1150000000,2026-10-01
134153887,1450000000,2026-10-01
134154463,2490000000,2026-10-01
134154676,12000000000,2026-10-01
134155195,2800000000,2026-10-01
134157543,2150000000,2026-10-01
134157649,22000000000,2026-10-01
134158034,650000000,2026-10-01
134158350,3990000000,2026-10-01
134158447,4600000000,2026-10-01
134158896,11500000000,2026-10-01
134159373,4100000000,2026-10-01
134159439,2330000000,2026-10-01
134159614,2000000000,2026-10-01
134159873,24000000000,2026-10-01
134162389,5400000000,2026-10-01
134162469,5300000000,2026-10-01
134162908,3700000000,2026-10-01
134163126,3000000000,2026-10-01
134163560,6200000000,2026-10-01
134164211,2390000000,2026-10-01
134166628,4750000000,2026-10-01
134167163,4150000000,2026-10-01
134167224,5999000000,2026-10-01
134167397,8890000000,2026-10-01
134167741,4600000000,2026-10-01
134167774,5980000000,2026-10-01
134167791,4000000000,2026-10-01
134167841,5100000000,2026-10-01
134167890,4850000000,2026-10-01
134167998,18400000000,2026-10-01
134168366,3000000000,2026-10-01
134168789,8390000000,2026-10-01
134170013,2149000000,2026-10-01
134170061,4300000000,2026-10-01
134171948,13500000000,2026-10-01
134172589,2550000000,2026-10-01
134173439,6390000000,2026-10-01
134173832,2130000000,2026-10-01
134173845,1100000000,2026-10-01
134173885,950000000,2026-10-01
134174451,3700000000,2026-10-01
134174925,3800000000,2026-10-01
134176391,5580000000,2026-10-01
134176819,22000000000,2026-10-01
134177051,6900000000,2026-10-01
134177552,5290000000,2026-10-01
134179550,4790000000,2026-10-01
134182328,5600000000,2026-10-01
134182637,2280000000,2026-10-01
134183493,16500000000,2026-10-01
134183794,3300000000,2026-10-01
134183838,7000000000,2026-10-01
134184870,6100000000,2026-10-01
134185008,3100000000,2026-10-01
134185662,3000000000,2026-10-01
134185724,4300000000,2026-10-01
134186280,1760000000,2026-10-01
134186712,8200000000,2026-10-01
134187295,5500000000,2026-10-01
134187588,9900000000,2026-10-01
134187713,2700000000,2026-10-01
134187853,3750000000,2026-10-01
134190165,4600000000,2026-10-01
134192262,12900000000,2026-10-01
134192537,2190000000,2026-10-01
134193422,2500000000,2026-10-01
134193466,8400000000,2026-10-01
134194559,3200000000,2026-10-01
134194732,1700000000,2026-10-01
134195827,3950000000,2026-10-01
134197050,1450000000,2026-10-01
134198783,3000000000,2026-10-01
134198934,5280000000,2026-10-01
134199997,3600000000,2026-10-01
134202478,6600000000,2026-10-01
134203920,2650000000,2026-10-01
134206366,8800000000,2026-10-01
134206592,10500000000,2026-10-01
134207580,2890000000,2026-10-01
134208161,1680000000,2026-10-01
134208787,4100000000,2026-10-01
134209010,6800000000,2026-10-01
134209069,33333333333,2026-10-01
134209122,6300000000,2026-10-01
134210038,5750000000,2026-10-01
134210778,550000000,2026-10-01
134212759,5100000000,2026-10-01
134213093,2160000000,2026-10-01
134213171,1050000000,2026-10-01
134213579,4000000000,2026-10-01
134213621,550000000,2026-10-01
134214028,17200000000,2026-10-01
134214296,3400000000,2026-10-01
134214655,1700000000,2026-10-01
134215018,3600000000,2026-10-01
134215132,29300000000,2026-10-01
134215153,5600000000,2026-10-01
134215321,3000000000,2026-10-01
134215659,31000000000,2026-10-01
134217472,3380000000,2026-10-01
134217687,3690000000,2026-10-01
134217940,8500000000,2026-10-01
134219193,16500000000,2026-10-01
134219259,19000000000,2026-10-01
134219270,2450000000,2026-10-01
134219774,5400000000,2026-10-01
134220009,3200000000,2026-10-01
134220125,5500000000,2026-10-01
134221323,3300000000,2026-10-01
134221394,1480000000,2026-10-01
134221422,2850000000,2026-10-01
134221462,2495000000,2026-10-01
134221553,2600000000,2026-10-01
134221632,5900000000,2026-10-01
134221664,1950000000,2026-10-01
134221701,3700000000,2026-10-01
134221740,2850000000,2026-10-01
134221778,2490000000,2026-10-01
134221833,2600000000,2026-10-01
134222167,3599000000,2026-10-01
134222313,2350000000,2026-10-01
134222443,3300000000,2026-10-01
134223163,1780000000,2026-10-01
134223996,15800000000,2026-10-01
134224059,2420000000,2026-10-01
134224121,9000000000,2026-10-01
134225499,30000000000,2026-10-01
134226165,6300000000,2026-10-01
134227084,2700000000,2026-10-01
134227510,640000000,2026-10-01
134228417,550000000,2026-10-01
134228800,4450000000,2026-10-01
134228814,2700000000,2026-10-01
134229584,6000000000,2026-10-01
134230009,3700000000,2026-10-01
134230487,18000000000,2026-10-01
134230516,3400000000,2026-10-01
134231257,5900000000,2026-10-01
134231498,15100000000,2026-10-01
134231647,6600000000,2026-10-01
134231744,4280000000,2026-10-01
134231932,9400000000,2026-10-01
134232434,1280000000,2026-10-01
134233899,830000000,2026-10-01
134234127,1780000000,2026-10-01
134234270,4800000000,2026-10-01
134234413,495000000,2026-10-01
134235667,4300000000,2026-10-01
134236139,2950000000,2026-10-01
134236313,638000000,2026-10-01
134236602,4700000000,2026-10-01
134236700,2150000000,2026-10-01
134236862,638000000,2026-10-01
134237155,3350000000,2026-10-01
134237666,600000000,2026-10-01
134237860,47000000000,2026-10-01
134238576,12000000000,2026-10-01
134238678,6600000000,2026-10-01
134241509,500000000,2026-10-01
134242136,31500000000,2026-10-01
134242473,23000000000,2026-10-01
134242723,3150000000,2026-10-01
134242735,5950000000,2026-10-01
134243171,3000000000,2026-10-01
134245388,4800000000,2026-10-01
134246418,680000000,2026-10-01
134246517,13800000000,2026-10-01
134246549,6950000000,2026-10-01
134246616,650000000,2026-10-01
134246750,1100000000,2026-10-01
134246893,3700000000,2026-10-01
134247264,6900000000,2026-10-01
134247304,5300000000,2026-10-01
134247552,6000000000,2026-10-01
134247718,4850000000,2026-10-01
134248007,4700000000,2026-10-01
134248021,6600000000,2026-10-01
134248689,2200000000,2026-10-01
134248694,11500000000,2026-10-01
134248695,5500000000,2026-10-01
134248709,10800000000,2026-10-01
134248856,4450000000,2026-10-01
134249300,3600000000,2026-10-01
134249330,5000000000,2026-10-01
134249588,11400000000,2026-10-01
134249942,3700000000,2026-10-01
134250376,5500000000,2026-10-01
134250394,3500000000,2026-10-01
134250569,58000000000,2026-10-01
134251065,9000000000,2026-10-01
134251128,4550000000,2026-10-01
134251776,3550000000,2026-10-01
134254218,1050000000,2026-10-01
134254660,720000000,2026-10-01
134254754,2200000000,2026-10-01
134254947,10800000000,2026-10-01
134255758,7300000000,2026-10-01
134256091,250000000,2026-10-01
134256735,1500000000,2026-10-01
134257315,300000000,2026-10-01
134260468,8500000000,2026-10-01
134261098,3500000000,2026-10-01
134261738,5500000000,2026-10-01
134262250,2800000000,2026-10-01
134265353,6800000000,2026-10-01
134267479,520000000,2026-10-01
134267677,13000000000,2026-10-01
134267876,3900000000,2026-10-01
134267901,36320000000,2026-10-01
134267937,31800000000,2026-10-01
134267941,7100000000,2026-10-01
134267945,6300000000,2026-10-01
134268413,6400000000,2026-10-01
134268763,3600000000,2026-10-01
134269015,10500000000,2026-10-01
134269436,8900000000,2026-10-01
134269603,6650000000,2026-10-01
134269835,2480000000,2026-10-01
134269964,3500000000,2026-10-01
134270056,30000000000,2026-10-01
134270095,1850000000,2026-10-01
134272302,8550000000,2026-10-01
134272666,2550000000,2026-10-01
134273035,4500000000,2026-10-01
134273036,2150000000,2026-10-01
134273431,3650000000,2026-10-01
134273558,3350000000,2026-10-01
134273818,3350000000,2026-10-01
134274486,1100000000,2026-10-01
134274687,4500000000,2026-10-01
134274742,1250000000,2026-10-01
134275483,1480000000,2026-10-01
134275742,9800000000,2026-10-01
134276992,5500000000,2026-10-01
134277699,520000000,2026-10-01
134277777,5100000000,2026-10-01
134277904,1200000000,2026-10-01
134278200,3100000000,2026-10-01
134278222,6000000000,2026-10-01
134278569,6700000000,2026-10-01
134282083,4800000000,2026-10-01
134284532,4000000000,2026-10-01
134285280,6800000000,2026-10-01
134285603,17000000000,2026-10-01
134285990,2590000000,2026-10-01
134286103,4500000000,2026-10-01
134286646,1050000000,2026-10-01
134286724,2800000000,2026-10-01
134286961,678000000,2026-10-01
134287485,12500000000,2026-10-01
134287964,3990000000,2026-10-01
134288892,2050000000,2026-10-01
134289454,4400000000,2026-10-01
134289601,5200000000,2026-10-01
134289864,7500000000,2026-10-01
134290811,25000000000,2026-10-01
134290937,9000000000,2026-10-01
134291153,4700000000,2026-10-01
134291478,7130000000,2026-10-01
134292313,5690000000,2026-10-01
134292325,5500000000,2026-10-01
134292637,6250000000,2026-10-01
134292954,790000000,2026-10-01
134293354,6800000000,2026-10-01
134293594,3700000000,2026-10-01
134293616,830000000,2026-10-01
134293686,3900000000,2026-10-01
134293712,5500000000,2026-10-01
134294496,1900000000,2026-10-01
134294789,6990000000,2026-10-01
134295047,2250000000,2026-10-01
134296081,2250000000,2026-10-01
134297919,5700000000,2026-10-01
134299296,2000000000,2026-10-01
134300002,1750000000,2026-10-01
134302615,3650000000,2026-10-01
134303737,6000000000,2026-10-01
134304316,17790000000,2026-10-01
134305220,3900000000,2026-10-01
134305227,4888888888,2026-10-01
134305495,6500000000,2026-10-01
134307049,4050000000,2026-10-01
134307728,2950000000,2026-10-01
134307806,1570000000,2026-10-01
134308836,11900000000,2026-10-01
134311141,3350000000,2026-10-01
134313166,11900000000,2026-10-01
134316240,1850000000,2026-10-01
134317290,17900000000,2026-10-01
134318431,3500000000,2026-10-01
134318439,5800000000,2026-10-01
134318817,16000000000,2026-10-01
134319500,2690000000,2026-10-01
134320860,3850000000,2026-10-01
134322085,3200000000,2026-10-01
134322971,33000000000,2026-10-01
134323694,96000000000,2026-10-01
134324059,11500000000,2026-10-01
134324429,16900000000,2026-10-01
134326383,2600000000,2026-10-01
134327439,5039000000,2026-10-01
134327481,8600000000,2026-10-01
134327591,8000000000,2026-10-01
134327597,3000000000,2026-10-01
134327645,5000000000,2026-10-01
134327741,8000000000,2026-10-01
134327918,2500000000,2026-10-01
134328431,4700000000,2026-10-01
134328735,7360000000,2026-10-01
134329032,2690000000,2026-10-01
134329175,2490000000,2026-10-01
134329179,9500000000,2026-10-01
134330229,3200000000,2026-10-01
134330351,3200000000,2026-10-01
134330620,3000000000,2026-10-01
134331277,2650000000,2026-10-01
134331517,6600000000,2026-10-01
134332395,5300000000,2026-10-01
134332550,18000000000,2026-10-01
134334010,13300000000,2026-10-01
134335333,3390000000,2026-10-01
134336194,10900000000,2026-10-01
134336293,2350000000,2026-10-01
134336942,1390000000,2026-10-01
134338436,6500000000,2026-10-01
134338447,690000000,2026-10-01
134338709,6000000000,2026-10-01
134339188,6000000000,2026-10-01
134339556,2900000000,2026-10-01
134339773,6180000000,2026-10-01
134340004,7800000000,2026-10-01
134340384,450000000000,2026-10-01
134340716,4600000000,2026-10-01
134340805,3450000000,2026-10-01
134341028,12300000000,2026-10-01
134341072,3900000000,2026-10-01
134341155,1100000000,2026-10-01
134341794,420000000,2026-10-01
134342491,5800000000,2026-10-01
134342556,4300000000,2026-10-01
134343459,5300000000,2026-10-01
134343926,3150000000,2026-10-01
134344155,1500000000,2026-10-01
134344301,3500000000,2026-10-01
134344377,9200000000,2026-10-01
134344906,18200000000,2026-10-01
134345290,26000000000,2026-10-01
134345345,6300000000,2026-10-01
134345378,5800000000,2026-10-01
134345539,3500000000,2026-10-01
134345972,8800000000,2026-10-01
134346352,4100000000,2026-10-01
134347307,3800000000,2026-10-01
134348142,29999999999,2026-10-01
134348338,4300000000,2026-10-01
134348588,1250000000,2026-10-01
134349009,6450000000,2026-10-01
134349211,3550000000,2026-10-01
134349380,1900000000,2026-10-01
134349819,13000000000,2026-10-01
134350017,1550000000,2026-10-01
134351204,2990000000,2026-10-01
134354368,17000000000,2026-10-01
134355622,3850000000,2026-10-01
134356624,7300000000,2026-10-01
134360248,15000000000,2026-10-01
134360273,7200000000,2026-10-01
134360347,3780000000,2026-10-01
134361171,4300000000,2026-10-01
134361353,5000000000,2026-10-01
134361845,1495000000,2026-10-01
134362524,10500000000,2026-10-01
134362781,3000000000,2026-10-01
134363536,7300000000,2026-10-01
134363861,6100000000,2026-10-01
134364652,11000000000,2026-10-01
134365103,8000000000,2026-10-01
134365598,789000000,2026-10-01
134365729,3500000000,2026-10-01
134366196,2600000000,2026-10-01
134366555,7800000000,2026-10-01
134367350,1450000000,2026-10-01
134368401,4600000000,2026-10-01
134368552,1700000000,2026-10-01
134368744,5000000000,2026-10-01
134369501,10500000000,2026-10-01
134369728,9500000000,2026-10-01
134369917,2300000000,2026-10-01
134369967,13500000000,2026-10-01
134370103,8480000000,2026-10-01
134370964,12000000000,2026-10-01
134371238,4590000000,2026-10-01
134371707,2950000000,2026-10-01
134371719,8500000000,2026-10-01
134372706,3000000000,2026-10-01
134372831,1850000000,2026-10-01
134374211,19500000000,2026-10-01
134376566,10500000000,2026-10-01
134377107,7000000000,2026-10-01
134377168,4990000000,2026-10-01
134378425,4500000000,2026-10-01
134379391,2120000000,2026-10-01
134379453,5650000000,2026-10-01
134380874,3450000000,2026-10-01
134380931,22500000000,2026-10-01
134380990,3700000000,2026-10-01
134381117,2850000000,2026-10-01
134381587,3550000000,2026-10-01
134382216,3979000000,2026-10-01
134382809,4100000000,2026-10-01
134384264,3400000000,2026-10-01
134385058,5250000000,2026-10-01
134385723,6990000000,2026-10-01
134386261,4000000000,2026-10-01
134386289,2690000000,2026-10-01
134386852,14500000000,2026-10-01
134387277,3350000000,2026-10-01
134387281,13950000000,2026-10-01
134389368,28700000000,2026-10-01
134390198,2250000000,2026-10-01
134392318,6000200000,2026-10-01
134393770,950000000,2026-10-01
134394809,5580000000,2026-10-01
134395042,3420000000,2026-10-01
134395085,5850000000,2026-10-01
134395231,3000000000,2026-10-01
134395723,1790000000,2026-10-01
134396419,3400000000,2026-10-01
134396715,3350000000,2026-10-01
134397014,3990000000,2026-10-01
134397258,3700000000,2026-10-01
134397329,2850000000,2026-10-01
134397689,2720000000,2026-10-01
134398266,12300000000,2026-10-01
134399327,3350000000,2026-10-01
134399915,4500000000,2026-10-01
134400167,9500000000,2026-10-01
134400434,2000000000,2026-10-01
134400473,2000000000,2026-10-01
134400896,9700000000,2026-10-01
134401118,2100000000,2026-10-01
134401142,1590000000,2026-10-01
134401709,3000000000,2026-10-01
134401784,5400000000,2026-10-01
134402859,23000000000,2026-10-01
134403022,5700000000,2026-10-01
134403631,2950000000,2026-10-01
134404461,2250000000,2026-10-01
134405322,13500000000,2026-10-01
134407656,4500000000,2026-10-01
134407678,3980000000,2026-10-01
134408130,2930000000,2026-10-01
134408466,2290000000,2026-10-01
134408487,4700000000,2026-10-01
134408512,2400000000,2026-10-01
134409868,7800000000,2026-10-01
134409927,7200000000,2026-10-01
134410401,4600000000,2026-10-01
134410583,5850000000,2026-10-01
134410708,2650000000,2026-10-01
134410861,2900000000,2026-10-01
134411407,2700000000,2026-10-01
134411658,8000000000,2026-10-01
134411723,5790000000,2026-10-01
134411742,1800000000,2026-10-01
134412068,10000000000,2026-10-01
134412880,3250000000,2026-10-01
134413371,7050000000,2026-10-01
134413725,3750000000,2026-10-01
134413866,8850000000,2026-10-01
134414493,4900000000,2026-10-01
134416233,7200000000,2026-10-01
134416323,5000000000,2026-10-01
134417429,6500000000,2026-10-01
134421281,3490000000,2026-10-01
134422052,1150000000,2026-10-01
134422286,6500000000,2026-10-01
134422542,1750000000,2026-10-01
134423782,6180000000,2026-10-01
134424924,3500000000,2026-10-01
134425440,690000000,2026-10-01
134426660,3650000000,2026-10-01
134427070,10500000000,2026-10-01
134427687,6500000000,2026-10-01
134429101,4000000000,2026-10-01
134429308,2350000000,2026-10-01
134429888,1390000000,2026-10-01
134431711,3500000000,2026-10-01
134432215,13900000000,2026-10-01
134432331,10190000000,2026-10-01
134432459,4200000000,2026-10-01
134432918,2700000000,2026-10-01
134433113,30000000000,2026-10-01
134433278,1200000000,2026-10-01
134433444,5450000000,2026-10-01
134434422,4500000000,2026-10-01
134434630,4700000000,2026-10-01
134434719,6200000000,2026-10-01
134435499,2400000000,2026-10-01
134437797,2900000000,2026-10-01
134441607,5210000000,2026-10-01
134442283,2800000000,2026-10-01
134442420,3000000000,2026-10-01
134443262,8800000000,2026-10-01
134443756,7490000000,2026-10-01
134444038,3200000000,2026-10-01
134445236,1490000000,2026-10-01
134445491,5600000000,2026-10-01
134446932,23000000000,2026-10-01
134446981,14000000000,2026-10-01
134447304,360000000000,2026-10-01
134448364,4250000000,2026-10-01
134448541,3850000000,2026-10-01
134451290,6700000000,2026-10-01
134451550,3570000000,2026-10-01
134451799,3500000000,2026-10-01
134452122,3350000000,2026-10-01
134452854,4000000000,2026-10-01
134454752,2880000000,2026-10-01
134455161,1300000000,2026-10-01
134455227,2200000000,2026-10-01
134455282,1600000000,2026-10-01
134455346,7000000000,2026-10-01
134455542,11000000000,2026-10-01
134456200,2980000000,2026-10-01
134456266,10700000000,2026-10-01
134456473,2850000000,2026-10-01
134456498,7580000000,2026-10-01
134457885,7480000000,2026-10-01
134458128,3350000000,2026-10-01
134458183,7500000000,2026-10-01
134458242,5600000000,2026-10-01
134458304,5450000000,2026-10-01
134458974,5600000000,2026-10-01
134459141,4500000000,2026-10-01
134460239,10700000000,2026-10-01
134460736,68000000000,2026-10-01
134461907,8900000000,2026-10-01
134461931,5950000000,2026-10-01
134462921,4800000000,2026-10-01
134463189,2750000000,2026-10-01
134465632,10200000000,2026-10-01
134466044,2590000000,2026-10-01
134466094,2300000000,2026-10-01
134466245,2650000000,2026-10-01
134467233,7500000000,2026-10-01
134467251,5300000000,2026-10-01
134467271,5600000000,2026-10-01
134467420,8050000000,2026-10-01
134467773,5680000000,2026-10-01
134468416,8500000000,2026-10-01
134468467,5990000000,2026-10-01
134469703,10600000000,2026-10-01
134469736,8000000000,2026-10-01
134471049,2100000000,2026-10-01
134472163,3000000000,2026-10-01
134472418,8390000000,2026-10-01
134473224,3800000000,2026-10-01
134473578,70000000000,2026-10-01
134473662,7000000000,2026-10-01
134473707,1490000000,2026-10-01
134473942,3430000000,2026-10-01
134474146,25500000000,2026-10-01
134475134,4100000000,2026-10-01
134475241,4990000000,2026-10-01
134475505,5650000000,2026-10-01
134475625,2490000000,2026-10-01
134475694,2790000000,2026-10-01
134476361,4860000000,2026-10-01
134476425,4560000000,2026-10-01
134476518,3380000000,2026-10-01
134476825,12000000000,2026-10-01
134477510,3000000000,2026-10-01
134477982,2250000000,2026-10-01
134478277,4400000000,2026-10-01
134479809,4100000000,2026-10-01
134480164,9200000000,2026-10-01
134480981,4990000000,2026-10-01
134481348,7500000000,2026-10-01
134481523,2600000000,2026-10-01
134481777,9400000000,2026-10-01
134482537,5000000000,2026-10-01
134482549,10500000000,2026-10-01
134483000,9900000000,2026-10-01
134483082,7750000000,2026-10-01
134483967,17000000000,2026-10-01
134484064,3500000000,2026-10-01
134484261,3550000000,2026-10-01
134484561,4050000000,2026-10-01
134484596,7900000000,2026-10-01
134484795,3900000000,2026-10-01
134485165,999000000,2026-10-01
134485422,10300000000,2026-10-01
134485690,20000000000,2026-10-01
134485854,6950000000,2026-10-01
134485939,6900000000,2026-10-01
134486509,1950000000,2026-10-01
134486857,2900000000,2026-10-01
134487020,5200000000,2026-10-01
134487087,5400000000,2026-10-01
134487181,1598000000,2026-10-01
134487416,1950000000,2026-10-01
134487603,1850000000,2026-10-01
134487711,15000000000,2026-10-01
134487855,1600000000,2026-10-01
134487935,5700000000,2026-10-01
134488060,6800000000,2026-10-01
134488091,3500000000,2026-10-01
134488129,5750000000,2026-10-01
134488319,3700000000,2026-10-01
134488393,630000000,2026-10-01
134488430,5900000000,2026-10-01
134488433,2900000000,2026-10-01
134488434,3590000000,2026-10-01
134488556,1850000000,2026-10-01
134488577,3950000000,2026-10-01
134488803,2900000000,2026-10-01
134489877,3800000000,2026-10-01
134489969,4500000000,2026-10-01
134490123,5200000000,2026-10-01
134490229,2150000000,2026-10-01
134490442,580000000,2026-10-01
134490489,4300000000,2026-10-01
134490846,3050000000,2026-10-01
134492349,5900000000,2026-10-01
134492644,17000000000,2026-10-01
134492755,10950000000,2026-10-01
134493461,400000000,2026-10-01
134493551,3450000000,2026-10-01
134494144,850000000,2026-10-01
134494155,6600000000,2026-10-01
134494222,820000000,2026-10-01
134494326,220000000,2026-10-01
134494559,6850000000,2026-10-01
134495862,3580000000,2026-10-01
134497040,4150000000,2026-10-01
134497450,6300000000,2026-10-01
134498851,4800000000,2026-10-01
134499006,2950000000,2026-10-01
134499547,6200000000,2026-10-01
134500025,7000000000,2026-10-01
134500071,3800000000,2026-10-01
134500090,4500000000,2026-10-01
134500174,9000000000,2026-10-01
134500321,9000000000,2026-10-01
134500323,4000000000,2026-10-01
134500386,3190000000,2026-10-01
134500427,870000000,2026-10-01
134500474,2600000000,2026-10-01
134500591,3400000000,2026-10-01
134500728,2600000000,2026-10-01
134500752,3100000000,2026-10-01
134501082,3000000000,2026-10-01
134501197,710000000,2026-10-01
134501257,690000000,2026-10-01
134501302,5790000000,2026-10-01
134501429,2880000000,2026-10-01
134501576,2100000000,2026-10-01
134502309,3300000000,2026-10-01
134502449,17000000000,2026-10-01
134502872,29000000000,2026-10-01
134503088,2300000000,2026-10-01
134503113,2300000000,2026-10-01
134503120,515000000,2026-10-01
134503145,1150000000,2026-10-01
134503246,4950000000,2026-10-01
134503750,1750000000,2026-10-01
134504230,3200000000,2026-10-01
134504396,650000000,2026-10-01
134504613,14700000000,2026-10-01
134505001,2500000000,2026-10-01
134505052,10500000000,2026-10-01
134505287,4700000000,2026-10-01
134505361,12800000000,2026-10-01
134505633,8300000000,2026-10-01
134505886,6100000000,2026-10-01
134506271,3550000000,2026-10-01
134506750,5100000000,2026-10-01
134507399,16500000000,2026-10-01
134507453,7300000000,2026-10-01
134507485,1400000000,2026-10-01
134508731,17800000000,2026-10-01
134508856,4000000000,2026-10-01
134509006,12500000000,2026-10-01
134509277,3350000000,2026-10-01
134509471,1580000000,2026-10-01
134509714,900000000,2026-10-01
134510229,4300000000,2026-10-01
134510287,2850000000,2026-10-01
134510293,660000000,2026-10-01
134510349,2100000000,2026-10-01
134510550,1250000000,2026-10-01
134510677,1960000000,2026-10-01
134511055,5400000000,2026-10-01
134511426,5780000000,2026-10-01
134511955,1300000000,2026-10-01
134512300,890000000,2026-10-01
134512413,9300000000,2026-10-01
134512498,13175000000,2026-10-01
134512601,8000000000,2026-10-01
134512917,11980000000,2026-10-01
134513121,20000000000,2026-10-01
134514819,3050000000,2026-10-01
134515441,24750000000,2026-10-01
134515753,4700000000,2026-10-01
134516654,5300000000,2026-10-01
134516770,2080000000,2026-10-01
134517201,4950000000,2026-10-01
134517505,4800000000,2026-10-01
134517788,1900000000,2026-10-01
134517874,2600000000,2026-10-01
134518046,5000000000,2026-10-01
134518064,6000000000,2026-10-01
134518561,7590000000,2026-10-01
134518618,4950000000,2026-10-01
134518913,4000000000,2026-10-01
134518951,7400000000,2026-10-01
134519177,4150000000,2026-10-01
134519325,4500000000,2026-10-01
134519539,5290000000,2026-10-01
134519579,7850000000,2026-10-01
134519759,8800000000,2026-10-01
134519827,2600000000,2026-10-01
134519855,490000000,2026-10-01
134519997,2050000000,2026-10-01
134520075,9590000000,2026-10-01
134520147,3200000000,2026-10-01
134520331,9200000000,2026-10-01
134521234,5450000000,2026-10-01
134521386,950000000,2026-10-01
134521566,578000000,2026-10-01
134521817,11000000000,2026-10-01
134521831,3500000000,2026-10-01
134521843,4200000000,2026-10-01
134521879,1950000000,2026-10-01
134521970,3700000000,2026-10-01
134522014,5200000000,2026-10-01
134522202,500000000000,2026-10-01
134522390,2600000000,2026-10-01
134522995,9500000000,2026-10-01
134523241,6200000000,2026-10-01
134524015,4250000000,2026-10-01
134524040,520000000,2026-10-01
134525200,3290000000,2026-10-01
134525216,789000000,2026-10-01
134525298,2050000000,2026-10-01
134525311,6890000000,2026-10-01
134525395,2560000000,2026-10-01
134525761,2170000000,2026-10-01
134526073,6556113200,2026-10-01
134526595,4150000000,2026-10-01
134526860,3550000000,2026-10-01
134527026,3300000000,2026-10-01
134527627,6700000000,2026-10-01
134527860,10000000000,2026-10-01
134527914,3200000000,2026-10-01
134528028,2400000000,2026-10-01
134528213,3500000000,2026-10-01
134528357,1300000000,2026-10-01
134528821,7900000000,2026-10-01
134530256,2650000000,2026-10-01
134530347,6400000000,2026-10-01
134530993,2650000000,2026-10-01
134531113,2650000000,2026-10-01
134531138,2530000000,2026-10-01
134532746,5600000000,2026-10-01
134532763,5990000000,2026-10-01
134532802,7350000000,2026-10-01
134533108,10500000000,2026-10-01
134533294,2490000000,2026-10-01
134533666,15500000000,2026-10-01
134534123,11000000000,2026-10-01
134534196,11900000000,2026-10-01
134534231,1960000000,2026-10-01
134534337,890000000,2026-10-01
134534507,4000000000,2026-10-01
134534546,7350000000,2026-10-01
134534955,1390000000,2026-10-01
134535279,6900000000,2026-10-01
134535313,5600000000,2026-10-01
134535698,4000000000,2026-10-01
134535727,1250000000,2026-10-01
134536305,7200000000,2026-10-01
134536345,2900000000,2026-10-01
134536577,1100000000,2026-10-01
134536658,850000000,2026-10-01
134536737,11000000000,2026-10-01
134536971,5800000000,2026-10-01
134537102,3050000000,2026-10-01
134537655,6100000000,2026-10-01
134537780,3600000000,2026-10-01
134537945,7500000000,2026-10-01
134537946,2000000000,2026-10-01
134538067,1750000000,2026-10-01
134538653,3000000000,2026-10-01
134538717,4300000000,2026-10-01
134539117,3150000000,2026-10-01
134539139,20000000000,2026-10-01
134539582,8100000000,2026-10-01
134540530,3500000000,2026-10-01
134540660,5500000000,2026-10-01
134540879,2600000000,2026-10-01
134541005,4700000000,2026-10-01
134541227,6500000000,2026-10-01
134541248,6500000000,2026-10-01
134541939,100000000000,2026-10-01
134542325,5600000000,2026-10-01
134542853,6500000000,2026-10-01
134542917,6100000000,2026-10-01
134542939,5700000000,2026-10-01
134543219,350000000,2026-10-01
134543931,1250000000,2026-10-01
134544629,8900000000,2026-10-01
134544650,9000000000,2026-10-01
134544753,15000000000,2026-10-01
134545017,3800000000,2026-10-01
134545436,4250000000,2026-10-01
134546136,3680000000,2026-10-01
134546295,1650000000,2026-10-01
134546773,9200000000,2026-10-01
134547956,5200000000,2026-10-01
134547978,2650000000,2026-10-01
134548347,4000000000,2026-10-01
134548609,27900000000,2026-10-01
134549242,1350000000,2026-10-01
134549416,3000000000,2026-10-01
134549419,5400000000,2026-10-01
134550673,950000000,2026-10-01
134550737,4990000000,2026-10-01
134550833,2900000000,2026-10-01
134551122,4300000000,2026-10-01
134551508,7300000000,2026-10-01
134551575,6500000000,2026-10-01
134552464,1650000000,2026-10-01
134552743,3100000000,2026-10-01
134552883,6500000000,2026-10-01
134552893,3400000000,2026-10-01
134552954,5100000000,2026-10-01
134553640,3200000000,2026-10-01
134554218,15790000000,2026-10-01
134554517,2950000000,2026-10-01
134554847,4670000000,2026-10-01
134555033,20000000000,2026-10-01
134555324,2150000000,2026-10-01
134555455,7000000000,2026-10-01
134555750,2290000000,2026-10-01
134555818,9600000000,2026-10-01
134555936,2150000000,2026-10-01
134556005,4850000000,2026-10-01
134556491,7600000000,2026-10-01
134556668,3500000000,2026-10-01
134556721,28500000000,2026-10-01
134557157,5000000000,2026-10-01
134557273,4450000000,2026-10-01
134558274,5700000000,2026-10-01
134558979,4650000000,2026-10-01
134559257,2150000000,2026-10-01
134559280,3500000000,2026-10-01
134559326,6200000000,2026-10-01
134559354,3450000000,2026-10-01
134559631,4600000000,2026-10-01
134560173,3750000000,2026-10-01
134560307,4500000000,2026-10-01
134560803,2150000000,2026-10-01
134561007,3500000000,2026-10-01
134561074,2700000000,2026-10-01
134561351,16800000000,2026-10-01
134561487,7900000000,2026-10-01
134561827,3400000000,2026-10-01
134561918,165000000000,2026-10-01
134561953,6200000000,2026-10-01
134562031,8200000000,2026-10-01
134562037,75000000000,2026-10-01
134562234,120000000000,2026-10-01
134562452,12500000000,2026-10-01
134562642,130000000000,2026-10-01
134562808,2500000000,2026-10-01
134562882,48500000000,2026-10-01
134563938,5450000000,2026-10-01
134564235,41500000000,2026-10-01
134564239,5000000000,2026-10-01
134564242,11000000000,2026-10-01
134564246,6990000000,2026-10-01
134564249,41000000000,2026-10-01
134564259,32000000000,2026-10-01
134564265,21000000000,2026-10-01
134564271,8500000000,2026-10-01
134564278,7000000000,2026-10-01
134564281,29900000000,2026-10-01
134564293,6000000000,2026-10-01
134564304,14800000000,2026-10-01
134564306,13000000000,2026-10-01
134564309,118000000000,2026-10-01
134564318,155000000000,2026-10-01
134564325,9300000000,2026-10-01
134564333,10500000000,2026-10-01
134564338,6550000000,2026-10-01
134564339,5500000000,2026-10-01
134564345,10000000000,2026-10-01
134564356,67140000000,2026-10-01
134564376,10000000000,2026-10-01
134564382,8000000000,2026-10-01
134564385,16900000000,2026-10-01
134564390,21000000000,2026-10-01
134564399,25000000000,2026-10-01
134564407,4000000000,2026-10-01
134564410,10880000000,2026-10-01
134564420,26800000000,2026-10-01
134564422,9200000000,2026-10-01
134564449,70000000000,2026-10-01
134564458,30500000000,2026-10-01
134564478,9200000000,2026-10-01
134564484,6000000000,2026-10-01
134564490,7000000000,2026-10-01
134564493,3000000000,2026-10-01
134564511,13800000000,2026-10-01
134564524,8500000000,2026-10-01
134564531,9400000000,2026-10-01
134564536,8000000000,2026-10-01
134564541,15000000000,2026-10-01
134564547,16800000000,2026-10-01
134564550,33500000000,2026-10-01
134564559,41000000000,2026-10-01
134564574,11000000000,2026-10-01
134564579,26860000000,2026-10-01
134564580,8000000000,2026-10-01
134564591,8000000000,2026-10-01
134564603,1790000000,2026-10-01
134564608,50490000000,2026-10-01
134564610,39000000000,2026-10-01
134564618,85000000000,2026-10-01
134564632,15000000000,2026-10-01
134564646,9800000000,2026-10-01
134564656,26500000000,2026-10-01
134564660,14000000000,2026-10-01
134564662,14000000000,2026-10-01
134564664,11600000000,2026-10-01
134564667,36500000000,2026-10-01
134564675,8000000000,2026-10-01
134564685,9200000000,2026-10-01
134564690,5000000000,2026-10-01
134564694,16000000000,2026-10-01
134564696,6700000000,2026-10-01
134564697,6000000000,2026-10-01
134564710,48000000000,2026-10-01
134564730,11600000000,2026-10-01
134564751,8500000000,2026-10-01
134564756,9000000000,2026-10-01
134564759,45000000000,2026-10-01
134564801,13000000000,2026-10-01
134564803,23000000000,2026-10-01
134564809,19900000000,2026-10-01
134564821,6250000000,2026-10-01
134564823,17000000000,2026-10-01
134564826,16399000000,2026-10-01
134564844,4200000000,2026-10-01
134564850,15000000000,2026-10-01
134564855,5000000000,2026-10-01
134564861,29900000000,2026-10-01
134564864,8000000000,2026-10-01
134564868,77000000000,2026-10-01
134564874,8000000000,2026-10-01
134564886,26000000000,2026-10-01
134564892,8100000000,2026-10-01
134564898,4000000000,2026-10-01
134564905,38000000000,2026-10-01
134564920,16500000000,2026-10-01
134564924,7000000000,2026-10-01
134564925,13500000000,2026-10-01
134564943,37500000000,2026-10-01
134564947,30000000000,2026-10-01
134564952,3990000000,2026-10-01
134564958,10300000000,2026-10-01
134564969,32500000000,2026-10-01
134564973,36500000000,2026-10-01
134564981,19000000000,2026-10-01
134564996,8000000000,2026-10-01
134565002,15800000000,2026-10-01
134565008,15000000000,2026-10-01
134565012,26300000000,2026-10-01
134565028,6000000000,2026-10-01
134565032,14500000000,2026-10-01
134565046,5500000000,2026-10-01
134565058,13000000000,2026-10-01
134565059,11950000000,2026-10-01
134565063,12000000000,2026-10-01
134565074,50000000000,2026-10-01
134565075,3900000000,2026-10-01
134565077,5000000000,2026-10-01
134565079,1790000000,2026-10-01
134565082,20000000000,2026-10-01
134565086,5150000000,2026-10-01
134565087,6000000000,2026-10-01
134565104,98800000000,2026-10-01
134565132,12750000000,2026-10-01
134565162,18900000000,2026-10-01
134565185,4950000000,2026-10-01
134565188,12000000000,2026-10-01
134565193,3300000000,2026-10-01
134565198,34000000000,2026-10-01
134565206,32500000000,2026-10-01
134565214,13000000000,2026-10-01
134565215,7000000000,2026-10-01
134565241,41000000000,2026-10-01
134565245,15600000000,2026-10-01
134565253,26000000000,2026-10-01
134565263,6100000000,2026-10-01
134565268,12200000000,2026-10-01
134565270,17000000000,2026-10-01
134565279,6000000000,2026-10-01
134565285,19800000000,2026-10-01
134565287,18000000000,2026-10-01
134565290,2000000000,2026-10-01
134565295,6199000000,2026-10-01
134565325,21500000000,2026-10-01
134565383,5500000000,2026-10-01
134565411,33600000000,2026-10-01
134565534,46800000000,2026-10-01
134565649,5990000000,2026-10-01
134565702,13000000000,2026-10-01
134565744,10000000000,2026-10-01
134565752,9990000000,2026-10-01
134566040,5500000000,2026-10-01
134566156,5990000000,2026-10-01
134566190,7600000000,2026-10-01
134566306,5500000000,2026-10-01
134567150,250000000,2026-10-01
134567582,3290000000,2026-10-01
134567841,7600000000,2026-10-01
134567905,2000000000,2026-10-01
134568059,8000000000,2026-10-01
134568063,5000000000,2026-10-01
134568068,6760000000,2026-10-01
134568072,10000000000,2026-10-01
134568074,8000000000,2026-10-01
134568083,5000000000,2026-10-01
134568086,5000000000,2026-10-01
134568088,8200000000,2026-10-01
134568097,6300000000,2026-10-01
134568102,11200000000,2026-10-01
134568110,16000000000,2026-10-01
134568121,1690000000,2026-10-01
134568125,11600000000,2026-10-01
134568128,9000000000,2026-10-01
134568157,7000000000,2026-10-01
134568187,16000000000,2026-10-01
134568195,7000000000,2026-10-01
134568199,2500000000,2026-10-01
134568200,7000000000,2026-10-01
134568228,3500000000,2026-10-01
134568230,18500000000,2026-10-01
134568233,6000000000,2026-10-01
134568234,5000000000,2026-10-01
134568258,11900000000,2026-10-01
134568270,5000000000,2026-10-01
134568271,16000000000,2026-10-01
134568277,29000000000,2026-10-01
134568280,14000000000,2026-10-01
134568305,30000000000,2026-10-01
134568313,3000000000,2026-10-01
134568317,14000000000,2026-10-01
134568326,4000000000,2026-10-01
134568330,7500000000,2026-10-01
134568331,20000000000,2026-10-01
134568332,6000000000,2026-10-01
134568337,16000000000,2026-10-01
134568343,22800000000,2026-10-01
134568347,8000000000,2026-10-01
134568354,7250000000,2026-10-01
134568355,14000000000,2026-10-01
134568359,19000000000,2026-10-01
134568364,8000000000,2026-10-01
134568372,8400000000,2026-10-01
134568378,18000000000,2026-10-01
134568380,1000000000,2026-10-01
134568383,10000000000,2026-10-01
134568389,24000000000,2026-10-01
134568429,11000000000,2026-10-01
134568436,13000000000,2026-10-01
134568445,1000000000,2026-10-01
134568447,6000000000,2026-10-01
134568449,45000000000,2026-10-01
134568459,11000000000,2026-10-01
134568468,14900000000,2026-10-01
134568470,8000000000,2026-10-01
134568475,5000000000,2026-10-01
134568491,6000000000,2026-10-01
134568493,9000000000,2026-10-01
134568498,14700000000,2026-10-01
134568510,14000000000,2026-10-01
134568514,13000000000,2026-10-01
134568516,16000000000,2026-10-01
134568540,13000000000,2026-10-01
134568547,7200000000,2026-10-01
134568555,6000000000,2026-10-01
134568561,8000000000,2026-10-01
134568566,5000000000,2026-10-01
134568567,5000000000,2026-10-01
134568584,6000000000,2026-10-01
134568606,6500000000,2026-10-01
134568609,4000000000,2026-10-01
134568613,6300000000,2026-10-01
134568616,3000000000,2026-10-01
134568619,18000000000,2026-10-01
134568625,7250000000,2026-10-01
134568629,30000000000,2026-10-01
134568632,7000000000,2026-10-01
134568646,8000000000,2026-10-01
134568660,3000000000,2026-10-01
134568663,3700000000,2026-10-01
134568664,7000000000,2026-10-01
134568671,15790000000,2026-10-01
134568674,7000000000,2026-10-01
134568676,5000000000,2026-10-01
134568677,4000000000,2026-10-01
134568684,7000000000,2026-10-01
134568687,7000000000,2026-10-01
134568700,10000000000,2026-10-01
134568708,4000000000,2026-10-01
134568710,8700000000,2026-10-01
134568714,17000000000,2026-10-01
134568719,7500000000,2026-10-01
134568756,4900000000,2026-10-01
134568866,14500000000,2026-10-01
134568935,7000000000,2026-10-01
134569381,27000000000,2026-10-01
134569471,3500000000,2026-10-01
134569975,8900000000,2026-10-01
134570254,1680000000,2026-10-01
134570691,4500000000,2026-10-01
134570734,4550000000,2026-10-01
134570735,480000000,2026-10-01
134570778,10500000000,2026-10-01
134570963,12000000000,2026-10-01
134570976,12800000000,2026-10-01
134570984,14700000000,2026-10-01
134571032,23000000000,2026-10-01
134571233,7200000000,2026-10-01
134571400,5500000000,2026-10-01
134571527,3950000000,2026-10-01
134571645,1900000000,2026-10-01
134571647,6090000000,2026-10-01
134571665,7400000000,2026-10-01
134572109,8800000000,2026-10-01
134572231,14968000000,2026-10-01
134572363,3500000000,2026-10-01
134572412,6500000000,2026-10-01
134572499,7500000000,2026-10-01
134572692,350000000,2026-10-01
134572713,4200000000,2026-10-01
134572749,3350000000,2026-10-01
134573055,8500000000,2026-10-01
134573090,630000000,2026-10-01
134573388,1700000000,2026-10-01
134573664,5500000000,2026-10-01
134573706,14900000000,2026-10-01
134573855,300000000,2026-10-01
134573873,5190000000,2026-10-01
134574269,2800000000,2026-10-01
134574731,3700000000,2026-10-01
134574760,420000000,2026-10-01
134574839,4200000000,2026-10-01
134574909,5680000000,2026-10-01
134575002,5800000000,2026-10-01
134575216,8800000000,2026-10-01
134575224,52000000000,2026-10-01
134575361,7000000000,2026-10-01
134575398,2050000000,2026-10-01
134575424,5590000000,2026-10-01
134575707,600000000,2026-10-01
134575838,530000000,2026-10-01
134575884,13900000000,2026-10-01
134576024,5200000000,2026-10-01
134576090,670000000,2026-10-01
134576640,1980000000,2026-10-01
134576689,3590000000,2026-10-01
134576726,6490000000,2026-10-01
134576780,15500000000,2026-10-01
134576878,1100000000,2026-10-01
134576983,4700000000,2026-10-01
134577045,750000000,2026-10-01
134577363,2350000000,2026-10-01
134577391,9700000000,2026-10-01
134577509,5200000000,2026-10-01
134577807,3000000000,2026-10-01
134578129,2250000000,2026-10-01
134578182,630000000,2026-10-01
134578202,2320000000,2026-10-01
134578664,139000000000,2026-10-01
134578987,8500000000,2026-10-01
134579102,12400000000,2026-10-01
134579112,9200000000,2026-10-01
134579232,16200000000,2026-10-01
134579300,1400000000,2026-10-01
134579356,8200000000,2026-10-01
134579450,18000000000,2026-10-01
134579633,420000000000,2026-10-01
134579640,5550000000,2026-10-01
134579761,9200000000,2026-10-01
134579859,1050000000,2026-10-01
134580389,258000000000,2026-10-01
134580567,10800000000,2026-10-01
134580811,12000000000,2026-10-01
134580983,116000000000,2026-10-01
134581139,2600000000,2026-10-01
134581150,11000000000,2026-10-01
134581400,5200000000,2026-10-01
134581448,780000000,2026-10-01
134581530,4350000000,2026-10-01
134581692,1598000000,2026-10-01
134581727,3950000000,2026-10-01
134582102,4500000000,2026-10-01
134582121,200000000000,2026-10-01
134582133,4200000000,2026-10-01
134582444,5350000000,2026-10-01
134582546,724000000,2026-10-01
134582590,4850000000,2026-10-01
134582657,120000000000,2026-10-01
134582869,2950000000,2026-10-01
134582950,5190000000,2026-10-01
134582984,1400000000,2026-10-01
134583086,2200000000,2026-10-01
134583235,8200000000,2026-10-01
134583445,1250000000,2026-10-01
134584549,3850000000,2026-10-01
134584650,52800000000,2026-10-01
134584752,2100000000,2026-10-01
134584912,6350000000,2026-10-01
134585705,8990000000,2026-10-01
134585986,11200000000,2026-10-01
134586013,2600000000,2026-10-01
134586102,7050000000,2026-10-01
134586207,2650000000,2026-10-01
134586265,2800000000,2026-10-01
134586315,2750000000,2026-10-01
134586372,2200000000,2026-10-01
134586441,2250000000,2026-10-01
134586479,2450000000,2026-10-01
134586527,2350000000,2026-10-01
134586549,4000000000,2026-10-01
134586579,2690000000,2026-10-01
134586612,4200000000,2026-10-01
134586670,7400000000,2026-10-01
134586756,1350000000,2026-10-01
134586843,1350000000,2026-10-01
134586883,1300000000,2026-10-01
134586969,2500000000,2026-10-01
134586994,7500000000,2026-10-01
134587015,2450000000,2026-10-01
134587044,2300000000,2026-10-01
134587109,3000000000,2026-10-01
134587153,2000000000,2026-10-01
134587158,1450000000,2026-10-01
134587209,2700000000,2026-10-01
134587244,2300000000,2026-10-01
134588314,1800000000,2026-10-01
134588355,2250000000,2026-10-01
134588377,1400000000,2026-10-01
134588381,3400000000,2026-10-01
134588406,1500000000,2026-10-01
134588421,2630000000,2026-10-01
134588427,1800000000,2026-10-01
134588442,1790000000,2026-10-01
134588452,2650000000,2026-10-01
134588459,2690000000,2026-10-01
134588469,2650000000,2026-10-01
134588473,4150000000,2026-10-01
134588517,4850000000,2026-10-01
134589485,2300000000,2026-10-01
134589615,5900000000,2026-10-01
134589680,3800000000,2026-10-01
134590121,6200000000,2026-10-01
134590165,5900000000,2026-10-01
134590538,11400000000,2026-10-01
134590870,140000000000,2026-10-01
134591045,1800000000,2026-10-01
134591324,1822000000,2026-10-01
134591500,11000000000,2026-10-01
134591598,11600000000,2026-10-01
134591675,6700000000,2026-10-01
134591969,4300000000,2026-10-01
134592222,5800000000,2026-10-01
134592288,7900000000,2026-10-01
134592439,1350000000,2026-10-01
134592542,1000000000,2026-10-01
134592608,12600000000,2026-10-01
134592910,5800000000,2026-10-01
134593087,3350000000,2026-10-01
134593273,6150000000,2026-10-01
134593375,3650000000,2026-10-01
134593743,3850000000,2026-10-01
134594049,3500000000,2026-10-01
134594201,9000000000,2026-10-01
134594765,4850000000,2026-10-01
134595160,2350000000,2026-10-01
134595256,4200000000,2026-10-01
134595379,520000000,2026-10-01
134595889,6850000000,2026-10-01
134596293,3790000000,2026-10-01
134596558,2390000000,2026-10-01
134596833,4400000000,2026-10-01
134597510,3999999999,2026-10-01
134597615,10500000000,2026-10-01
134598136,2500000000,2026-10-01
134598281,690000000,2026-10-01
134598282,4680000000,2026-10-01
134598518,8700000000,2026-10-01
134598719,40000000000,2026-10-01
134598744,2950000000,2026-10-01
134599049,1000000000,2026-10-01
134599244,8600000000,2026-10-01
134599258,4680000000,2026-10-01
134599262,28800000000,2026-10-01
134599519,3900000000,2026-10-01
134599748,2800000000,2026-10-01
134600106,3200000000,2026-10-01
134600198,6100000000,2026-10-01
134600666,6900000000,2026-10-01
134601187,550000000,2026-10-01
134601282,7200000000,2026-10-01
134601415,5300000000,2026-10-01
134601515,8400000000,2026-10-01
134601755,3700000000,2026-10-01
134601953,4200000000,2026-10-01
134602145,12000000000,2026-10-01
134602471,130000000000,2026-10-01
134602639,6200000000,2026-10-01
134603411,7800000000,2026-10-01
134604132,3500000000,2026-10-01
134604169,8700000000,2026-10-01
134604259,12500000000,2026-10-01
134604293,3800000000,2026-10-01
134604582,3000000000,2026-10-01
134604756,10500000000,2026-10-01
134605038,3000000000,2026-10-01
134605302,6890000000,2026-10-01
134605914,3999000000,2026-10-01
134606089,1450000000,2026-10-01
134606240,5200000000,2026-10-01
134606256,9000000000,2026-10-01
134606613,19000000000,2026-10-01
134606743,6000000000,2026-10-01
134606903,9500000000,2026-10-01
134607329,2850000000,2026-10-01
134607640,10800000000,2026-10-01
134607712,16500000000,2026-10-01
134607808,7623000000,2026-10-01
134608290,3050000000,2026-10-01
134608485,5800000000,2026-10-01
134608584,8000000000,2026-10-01
134608734,5850000000,2026-10-01
134609203,8400000000,2026-10-01
134609241,8300000000,2026-10-01
134609375,8500000000,2026-10-01
134609478,2680000000,2026-10-01
134609489,5390000000,2026-10-01
134609495,11000000000,2026-10-01
134609558,6665000000,2026-10-01
134609678,6650000000,2026-10-01
134610302,2830000000,2026-10-01
134610587,650000000,2026-10-01
134610640,4100000000,2026-10-01
134610724,9500000000,2026-10-01
134610762,25500000000,2026-10-01
134610857,8000000000,2026-10-01
134610925,30800000000,2026-10-01
134610991,2400000000,2026-10-01
134611026,6500000000,2026-10-01
134611087,12000000000,2026-10-01
134611288,11500000000,2026-10-01
134611405,7980000000,2026-10-01
134611543,75500000000,2026-10-01
134611714,3100000000,2026-10-01
134612053,2000000000,2026-10-01
134612097,600000000,2026-10-01
134612195,32500000000,2026-10-01
134612274,4750000000,2026-10-01
134612769,600000000,2026-10-01
134613147,3150000000,2026-10-01
134613262,5000000000,2026-10-01
134613271,50000000000,2026-10-01
134613726,7800000000,2026-10-01
134614361,13500000000,2026-10-01
134614485,8950000000,2026-10-01
134614954,2400000000,2026-10-01
134615268,2400000000,2026-10-01
134615921,2400000000,2026-10-01
134616000,3800000000,2026-10-01
134616023,3750000000,2026-10-01
134616048,9000000000,2026-10-01
134616820,4000000000,2026-10-01
134617019,3200000000,2026-10-01
134617152,31000000000,2026-10-01
134617584,4500000000,2026-10-01
134617864,39500000000,2026-10-01
134618157,5300000000,2026-10-01
134618220,4000000000,2026-10-01
134618277,3300000000,2026-10-01
134618631,4300000000,2026-10-01
134618636,19200000000,2026-10-01
134618644,3150000000,2026-10-01
134618722,5600000000,2026-10-01
134618926,3700000000,2026-10-01
134619078,22800000000,2026-10-01
134619450,21800000000,2026-10-01
134619542,2200000000,2026-10-01
134619793,16700000000,2026-10-01
134619889,4650000000,2026-10-01
134620312,2580000000,2026-10-01
134620766,2000000000,2026-10-01
134620780,11800000000,2026-10-01
134620894,7500000000,2026-10-01
134621387,4150000000,2026-10-01
134621496,5190000000,2026-10-01
134621641,1850000000,2026-10-01
134621934,2750000000,2026-10-01
134622247,9700000000,2026-10-01
134622256,2900000000,2026-10-01
134622344,12000000000,2026-10-01
134622351,8850000000,2026-10-01
134623039,8500000000,2026-10-01
134623203,3100000000,2026-10-01
134623517,3990000000,2026-10-01
134623588,5800000000,2026-10-01
134623625,5700000000,2026-10-01
134624220,18800000000,2026-10-01
134624259,3490000000,2026-10-01
134624290,5380000000,2026-10-01
134624350,4500000000,2026-10-01
134624374,4500000000,2026-10-01
134624679,1900000000,2026-10-01
134624751,3100000000,2026-10-01
134624813,11500000000,2026-10-01
134624818,14500000000,2026-10-01
134624873,2000000000,2026-10-01
134625043,11800000000,2026-10-01
134625088,12000000000,2026-10-01
134625399,9400000000,2026-10-01
134625482,8500000000,2026-10-01
134625495,39800000000,2026-10-01
134625532,21000000000,2026-10-01
134625584,12000000000,2026-10-01
134625678,25000000000,2026-10-01
134625679,5900000000,2026-10-01
134625682,5000000000,2026-10-01
134625683,7000000000,2026-10-01
134625684,30000000000,2026-10-01
134625685,17900000000,2026-10-01
134625686,20000000000,2026-10-01
134625687,34000000000,2026-10-01
134625688,8000000000,2026-10-01
134625691,7000000000,2026-10-01
134625693,8000000000,2026-10-01
134625694,8000000000,2026-10-01
134625695,16000000000,2026-10-01
134625697,9000000000,2026-10-01
134625698,6000000000,2026-10-01
134625699,14000000000,2026-10-01
134625700,10000000000,2026-10-01
134625705,12000000000,2026-10-01
134625706,10000000000,2026-10-01
134625707,16000000000,2026-10-01
134625708,9000000000,2026-10-01
134625711,15000000000,2026-10-01
134625713,3500000000,2026-10-01
134625715,31000000000,2026-10-01
134625716,25000000000,2026-10-01
134625719,5000000000,2026-10-01
134625720,9000000000,2026-10-01
134625721,7000000000,2026-10-01
134625723,15000000000,2026-10-01
134625724,14000000000,2026-10-01
134625725,17200000000,2026-10-01
134625726,6000000000,2026-10-01
134625729,20000000000,2026-10-01
134625731,20000000000,2026-10-01
134625732,9000000000,2026-10-01
134625733,4000000000,2026-10-01
134625735,26500000000,2026-10-01
134625736,20000000000,2026-10-01
134625737,13800000000,2026-10-01
134625738,9000000000,2026-10-01
134625739,10000000000,2026-10-01
134625740,11000000000,2026-10-01
134625741,8000000000,2026-10-01
134625742,8000000000,2026-10-01
134625744,26000000000,2026-10-01
134625745,41000000000,2026-10-01
134625746,22000000000,2026-10-01
134625747,8000000000,2026-10-01
134625748,7000000000,2026-10-01
134625750,25000000000,2026-10-01
134625751,6000000000,2026-10-01
134625752,20000000000,2026-10-01
134625753,9000000000,2026-10-01
134625754,25000000000,2026-10-01
134625756,20000000000,2026-10-01
134625758,16000000000,2026-10-01
134625759,14000000000,2026-10-01
134625760,7000000000,2026-10-01
134625761,11000000000,2026-10-01
134625762,9000000000,2026-10-01
134625763,90000000,2026-10-01
134625765,15000000000,2026-10-01
134625766,6000000000,2026-10-01
134625769,24000000000,2026-10-01
134625770,5000000000,2026-10-01
134626039,6200000000,2026-10-01
134626387,22000000000,2026-10-01
134626407,17900000000,2026-10-01
134626424,9000000000,2026-10-01
134626431,22000000000,2026-10-01
134626515,8330000000,2026-10-01
134626728,5100000000,2026-10-01
134627007,3350000000,2026-10-01
134627163,2650000000,2026-10-01
134627204,450000000,2026-10-01
134627241,2150000000,2026-10-01
134627299,2900000000,2026-10-01
134627447,950000000,2026-10-01
134627475,11070000000,2026-10-01
134627543,23000000000,2026-10-01
134627652,6700000000,2026-10-01
134628154,6300000000,2026-10-01
134628204,8500000000,2026-10-01
134628255,2500000000,2026-10-01
134628279,1050000000,2026-10-01
134628293,4400000000,2026-10-01
134628585,3950000000,2026-10-01
134628798,3350000000,2026-10-01
134628915,450000000,2026-10-01
134629000,7400000000,2026-10-01
134629212,14900000000,2026-10-01
134629277,2000000000,2026-10-01
134629497,5070000000,2026-10-01
134629597,2500000000,2026-10-01
134629681,5000000000,2026-10-01
134629985,15000000000,2026-10-01
134630089,580000000,2026-10-01
134630118,3150000000,2026-10-01
134630197,4550000000,2026-10-01
134630363,6000000000,2026-10-01
134630522,9500000000,2026-10-01
134630561,12000000000,2026-10-01
134630611,3490000000,2026-10-01
134630659,75000000000,2026-10-01
134630748,3500000000,2026-10-01
134630846,7800000000,2026-10-01
134631435,3500000000,2026-10-01
134631458,6000000000,2026-10-01
134631553,6500000000,2026-10-01
134631583,7400000000,2026-10-01
134631800,12000000000,2026-10-01
134631876,4860000000,2026-10-01
134631915,6280000000,2026-10-01
134632218,6850000000,2026-10-01
134632782,8500000000,2026-10-01
134632939,6300000000,2026-10-01
134633148,4600000000,2026-10-01
134633312,3750000000,2026-10-01
134633511,3500000000,2026-10-01
134634058,2050000000,2026-10-01
134634251,6000000000,2026-10-01
134634369,12000000000,2026-10-01
134634687,4900000000,2026-10-01
134634931,1150000000,2026-10-01
134635661,14200000000,2026-10-01
134635821,3700000000,2026-10-01
134636067,1950000000,2026-10-01
134636166,10445800000,2026-10-01
134636252,2600000000,2026-10-01
134636491,1400000000,2026-10-01
134636922,6990000000,2026-10-01
134637110,2500000000,2026-10-01
134637714,8500000000,2026-10-01
134637788,4000000000,2026-10-01
134637985,2800000000,2026-10-01
134638138,2580000000,2026-10-01
134638616,1880000000,2026-10-01
134639120,15400000000,2026-10-01
134639438,6500000000,2026-10-01
134639483,13500000000,2026-10-01
134639622,2380000000,2026-10-01
134639724,17200000000,2026-10-01
134639772,3500000000,2026-10-01
134639862,9000000000,2026-10-01
134639950,2580000000,2026-10-01
134640169,1520000000,2026-10-01
134640527,23950000000,2026-10-01
134641131,19900000000,2026-10-01
134641361,17300000000,2026-10-01
134641783,22000000000,2026-10-01
134641838,2480000000,2026-10-01
134642096,5400000000,2026-10-01
134642150,6790000000,2026-10-01
134642187,105000000000,2026-10-01
134642226,26300000000,2026-10-01
134642235,40000000000,2026-10-01
134642352,5700000000,2026-10-01
134642379,11500000000,2026-10-01
134642598,19000000000,2026-10-01
134642740,25500000000,2026-10-01
134642831,13800000000,2026-10-01
134643539,35000000000,2026-10-01
134643711,13900000000,2026-10-01
134643891,5250000000,2026-10-01
134644107,6280000000,2026-10-01
134644337,3200000000,2026-10-01
134644350,6200000000,2026-10-01
134644380,5700000000,2026-10-01
134644472,4700000000,2026-10-01
134644522,10800000000,2026-10-01
134644731,1350000000,2026-10-01
134644909,10000000000,2026-10-01
134644945,3200000000,2026-10-01
134644949,5450000000,2026-10-01
134645046,36000000000,2026-10-01
134645095,3690000000,2026-10-01
134645113,6300000000,2026-10-01
134645124,3550000000,2026-10-01
134645279,850000000,2026-10-01
134645397,6000000000,2026-10-01
134645458,7500000000,2026-10-01
134645615,10500000000,2026-10-01
134645671,10500000000,2026-10-01
134645773,2050000000,2026-10-01
134645828,5300000000,2026-10-01
134645836,3700000000,2026-10-01
134645878,2580000000,2026-10-01
134645992,6200000000,2026-10-01
134646176,2550000000,2026-10-01
134646630,12900000000,2026-10-01
134646712,4550000000,2026-10-01
134646738,1850000000,2026-10-01
134646980,17500000000,2026-10-01
134647106,79000000000,2026-10-01
134647156,12800000000,2026-10-01
134647306,4900000000,2026-10-01
134647554,6000000000,2026-10-01
134647593,2220000000,2026-10-01
134647909,7500000000,2026-10-01
134647923,6100000000,2026-10-01
134648055,3000000000,2026-10-01
134648088,850000000,2026-10-01
134648314,4900000000,2026-10-01
134648529,5100000000,2026-10-01
134648737,3800000000,2026-10-01
134649239,3000000000,2026-10-01
134649626,11000000000,2026-10-01
134649630,5780000000,2026-10-01
134649687,4300000000,2026-10-01
134650412,2800000000,2026-10-01
134651334,4000000000,2026-10-01
134651389,530000000,2026-10-01
134651629,4900000000,2026-10-01
134652252,16000000000,2026-10-01
134652300,8000000000,2026-10-01
134652419,5850000000,2026-10-01
134652425,560000000,2026-10-01
134652552,870000000,2026-10-01
134652836,3950000000,2026-10-01
134653348,1200000000,2026-10-01
134653621,830000000,2026-10-01
134653634,2690000000,2026-10-01
134653672,8200000000,2026-10-01
134653856,5100000000,2026-10-01
134654561,7950000000,2026-10-01
134654578,5200000000,2026-10-01
134654607,4050000000,2026-10-01
134654640,19040000000,2026-10-01
134654651,11000000000,2026-10-01
134655055,2200000000,2026-10-01
134655154,4800000000,2026-10-01
134655906,2600000000,2026-10-01
134656364,3800000000,2026-10-01
134656647,2190000000,2026-10-01
134656926,5500000000,2026-10-01
134657070,5960000000,2026-10-01
134657158,5680000000,2026-10-01
134657355,2600000000,2026-10-01
134657423,9180000000,2026-10-01
134659202,4000000000,2026-10-01
134660409,8250000000,2026-10-01
134660411,3550000000,2026-10-01
134660603,7500000000,2026-10-01
134660636,2800000000,2026-10-01
134661018,9900000000,2026-10-01
134661095,16000000000,2026-10-01
134661164,7100000000,2026-10-01
134661192,2600000000,2026-10-01
134661959,19450000000,2026-10-01
134662220,22500000000,2026-10-01
134662565,3900000000,2026-10-01
134663200,3900000000,2026-10-01
134663201,5300000000,2026-10-01
134663518,6000000000,2026-10-01
134663915,6800000000,2026-10-01
134664082,9800000000,2026-10-01
134664415,22200000000,2026-10-01
134664640,22000000000,2026-10-01
134664808,1190000000,2026-10-01
134664811,8900000000,2026-10-01
134665394,5280000000,2026-10-01
134666570,2500000000,2026-10-01
134666764,4200000000,2026-10-01
134666912,3850000000,2026-10-01
134667004,4200000000,2026-10-01
134667569,5960000000,2026-10-01
134667663,520000000,2026-10-01
134667987,26000000000,2026-10-01
134668272,7000000000,2026-10-01
134668482,17000000000,2026-10-01
134668506,12800000000,2026-10-01
134668577,7300000000,2026-10-01
134669217,3250000000,2026-10-01
134669368,33000000000,2026-10-01
134670227,6000000000,2026-10-01
134670478,2600000000,2026-10-01
134671698,9999999999,2026-10-01
134671739,13900000000,2026-10-01
134672442,3180000000,2026-10-01
134672676,13900000000,2026-10-01
134672739,2680000000,2026-10-01
134673247,2900000000,2026-10-01
134673487,3900000000,2026-10-01
134673575,2800000000,2026-10-01
134674364,1830000000,2026-10-01
134674368,2600000000,2026-10-01
134674398,3790000000,2026-10-01
134674805,4300000000,2026-10-01
134675995,2050000000,2026-10-01
134676016,3350000000,2026-10-01
134676236,16800000000,2026-10-01
134676241,7250000000,2026-10-01
134676584,1000000000,2026-10-01
134676935,5450000000,2026-10-01
134677143,8000000000,2026-10-01
134677263,3280000000,2026-10-01
134677368,4700000000,2026-10-01
134677596,4650000000,2026-10-01
134677689,6999000000,2026-10-01
134677697,1980000000,2026-10-01
134677718,6500000000,2026-10-01
134677725,76000000000,2026-10-01
134677736,3350000000,2026-10-01
134677877,1329000000,2026-10-01
134677946,6500000000,2026-10-01
134677955,14000000000,2026-10-01
134678269,590000000,2026-10-01
134678275,8200000000,2026-10-01
134678398,1650000000,2026-10-01
134678473,6800000000,2026-10-01
134678623,10500000000,2026-10-01
134678759,1750000000,2026-10-01
134678806,12000000000,2026-10-01
134678982,4900000000,2026-10-01
134679290,2250000000,2026-10-01
134679368,3600000000,2026-10-01
134679479,1850000000,2026-10-01
134679489,8300000000,2026-10-01
134679527,3350000000,2026-10-01
134679999,2250000000,2026-10-01
134680005,5930000000,2026-10-01
134680015,9900000000,2026-10-01
134680018,24500000000,2026-10-01
134680123,9000000000,2026-10-01
134680131,4800000000,2026-10-01
134680186,7260000000,2026-10-01
134680294,2600000000,2026-10-01
134680748,6550000000,2026-10-01
134680770,5200000000,2026-10-01
134680845,5400000000,2026-10-01
134680907,7900000000,2026-10-01
134681189,6550000000,2026-10-01
134681241,7300000000,2026-10-01
134681324,3950000000,2026-10-01
134681335,12000000000,2026-10-01
134681418,3450000000,2026-10-01
134681518,11300000000,2026-10-01
134681554,3250000000,2026-10-01
134681670,4980000000,2026-10-01
134681738,5650000000,2026-10-01
134681961,8200000000,2026-10-01
134682078,3280000000,2026-10-01
134682262,7950000000,2026-10-01
134682715,2500000000,2026-10-01
134682745,8500000000,2026-10-01
134683420,3300000000,2026-10-01
134683529,8800000000,2026-10-01
134683709,2800000000,2026-10-01
134683875,1450000000,2026-10-01
134684239,7300000000,2026-10-01
134684595,14800000000,2026-10-01
134684773,2900000000,2026-10-01
134684777,10000000000,2026-10-01
134684849,3250000000,2026-10-01
134685034,5300000000,2026-10-01
134685182,4100000000,2026-10-01
134685352,70000000000,2026-10-01
134685448,48000000000,2026-10-01
134685524,78000000000,2026-10-01
134685539,9000000000,2026-10-01
134685605,50000000000,2026-10-01
134685625,1480000000,2026-10-01
134685798,38800000000,2026-10-01
134685866,5300000000,2026-10-01
134686034,8900000000,2026-10-01
134686363,1560000000,2026-10-01
134686790,1650000000,2026-10-01
134687198,4000000000,2026-10-01
134687241,4190000000,2026-10-01
134687365,2190000000,2026-10-01
134687590,1250000000,2026-10-01
134687748,3000000000,2026-10-01
134687810,4650000000,2026-10-01
134688266,16600000000,2026-10-01
134688385,3300000000,2026-10-01
134688512,6900000000,2026-10-01
134688516,11500000000,2026-10-01
134688619,11100000000,2026-10-01
134688772,1750000000,2026-10-01
134688784,9600000000,2026-10-01
134688803,20000000000,2026-10-01
134688820,9000000000,2026-10-01
134688824,8200000000,2026-10-01
134688830,31500000000,2026-10-01
134688847,3900000000,2026-10-01
134688856,80000000000,2026-10-01
134688860,32000000000,2026-10-01
134688868,29000000000,2026-10-01
134688874,23000000000,2026-10-01
134688895,36000000000,2026-10-01
134688900,13700000000,2026-10-01
134688907,30000000000,2026-10-01
134688913,6900000000,2026-10-01
134688919,7000000000,2026-10-01
134688926,11000000000,2026-10-01
134688937,13000000000,2026-10-01
134688939,100000000000,2026-10-01
134688943,18000000000,2026-10-01
134688964,15000000000,2026-10-01
134688974,7000000000,2026-10-01
134688977,7550000000,2026-10-01
134689013,52000000000,2026-10-01
134689016,11000000000,2026-10-01
134689042,17000000000,2026-10-01
134689053,11000000000,2026-10-01
134689075,4500000000,2026-10-01
134689078,9800000000,2026-10-01
134689082,5350000000,2026-10-01
134689093,18300000000,2026-10-01
134689098,4700000000,2026-10-01
134689102,22500000000,2026-10-01
134689105,17000000000,2026-10-01
134689111,8000000000,2026-10-01
134689114,13000000000,2026-10-01
134689118,48000000000,2026-10-01
134689122,16300000000,2026-10-01
134689126,7000000000,2026-10-01
134689131,9000000000,2026-10-01
134689135,24500000000,2026-10-01
134689159,10000000000,2026-10-01
134689162,9099000000,2026-10-01
134689166,22000000000,2026-10-01
134689173,18000000000,2026-10-01
134689178,47500000000,2026-10-01
134689182,5000000000,2026-10-01
134689221,13800000000,2026-10-01
134689224,13800000000,2026-10-01
134689226,12000000000,2026-10-01
134689231,29000000000,2026-10-01
134689237,18000000000,2026-10-01
134689245,24000000000,2026-10-01
134689249,18000000000,2026-10-01
134689259,14000000000,2026-10-01
134689261,3000000000,2026-10-01
134689272,43000000000,2026-10-01
134689277,25000000000,2026-10-01
134689280,72450000000,2026-10-01
134689285,11000000000,2026-10-01
134689286,20500000000,2026-10-01
134689288,13800000000,2026-10-01
134689297,4000000000,2026-10-01
134689312,15000000000,2026-10-01
134689314,10000000000,2026-10-01
134689318,8350000000,2026-10-01
134689322,12720000000,2026-10-01
134689325,7300000000,2026-10-01
134689328,18600000000,2026-10-01
134689332,16500000000,2026-10-01
134689339,8000000000,2026-10-01
134689340,12000000000,2026-10-01
134689365,35000000000,2026-10-01
134689370,18400000000,2026-10-01
134689377,20000000000,2026-10-01
134689382,45000000000,2026-10-01
134689390,10900000000,2026-10-01
134689400,27200000000,2026-10-01
134689412,20500000000,2026-10-01
134689417,20500000000,2026-10-01
134689420,6000000000,2026-10-01
134689438,22900000000,2026-10-01
134689441,5200000000,2026-10-01
134689445,13000000000,2026-10-01
134689474,69000000000,2026-10-01
134689479,32000000000,2026-10-01
134689484,14745000000,2026-10-01
134689489,9700000000,2026-10-01
134689490,10000000000,2026-10-01
134689571,3500000000,2026-10-01
134689877,11700000000,2026-10-01
134690097,6000000000,2026-10-01
134690104,8199000000,2026-10-01
134690114,60000000000,2026-10-01
134690204,9000000000,2026-10-01
134690243,8000000000,2026-10-01
134690328,12000000000,2026-10-01
134690862,4500000000,2026-10-01
134691067,7000000000,2026-10-01
134691071,3000000,2026-10-01
134691080,4000000000,2026-10-01
134691166,5050000000,2026-10-01
134691315,11800000000,2026-10-01
134691320,8400000000,2026-10-01
134691327,12000000000,2026-10-01
134691340,9000000000,2026-10-01
134691358,11000000000,2026-10-01
134691372,11000000000,2026-10-01
134691379,8000000000,2026-10-01
134691385,3000000000,2026-10-01
134691393,20000000000,2026-10-01
134691394,4350000000,2026-10-01
134691408,260000000,2026-10-01
134691418,20000000000,2026-10-01
134691431,18000000000,2026-10-01
134691433,7950000000,2026-10-01
134691464,6000000000,2026-10-01
134691467,4820000000,2026-10-01
134691485,9500000000,2026-10-01
134691507,6000000000,2026-10-01
134691512,7500000000,2026-10-01
134691520,4000000000,2026-10-01
134691526,3000000000,2026-10-01
134691529,30000000000,2026-10-01
134691532,5000000000,2026-10-01
134691537,32000000000,2026-10-01
134691546,34900000000,2026-10-01
134691566,6300000000,2026-10-01
134691594,18000000000,2026-10-01
134691607,1000000000,2026-10-01
134691611,7950000000,2026-10-01
134691615,3000000000,2026-10-01
134691625,10000000000,2026-10-01
134691630,8700000000,2026-10-01
134691636,10500000000,2026-10-01
134691638,3300000000,2026-10-01
134691642,1990000000,2026-10-01
134691644,10000000000,2026-10-01
134691645,6000000000,2026-10-01
134691659,5000000000,2026-10-01
134691665,16000000000,2026-10-01
134691669,14000000000,2026-10-01
134691671,7500000000,2026-10-01
134691688,4000000000,2026-10-01
134691691,4600000000,2026-10-01
134691701,1400000000,2026-10-01
134691713,8000000000,2026-10-01
134691731,3000000000,2026-10-01
134691742,6000000000,2026-10-01
134691745,1400000000,2026-10-01
134691747,32300000000,2026-10-01
134691756,4200000000,2026-10-01
134691761,4000000000,2026-10-01
134691772,4000000000,2026-10-01
134691774,3200000000,2026-10-01
134691778,9800000000,2026-10-01
134691899,3590000000,2026-10-01
134691968,3250000000,2026-10-01
134692040,8200000000,2026-10-01
134692072,6300000000,2026-10-01
134692347,3750000000,2026-10-01
134692421,13890000000,2026-10-01
134692528,5000000000,2026-10-01
134692640,4500000000,2026-10-01
134692647,5300000000,2026-10-01
134692655,1400000000,2026-10-01
134692656,3200000000,2026-10-01
134692689,4100000000,2026-10-01
134692818,1420000000,2026-10-01
134692847,3000000000,2026-10-01
134693099,4000000000,2026-10-01
134693156,4090000000,2026-10-01
134693238,6600000000,2026-10-01
134693355,4450000000,2026-10-01
134693558,4190000000,2026-10-01
134693874,22500000000,2026-10-01
134694880,4500000000,2026-10-01
134695318,5700000000,2026-10-01
134695572,6900000000,2026-10-01
134695757,4800000000,2026-10-01
134695942,4700000000,2026-10-01
134696033,9700000000,2026-10-01
134696063,3200000000,2026-10-01
134696209,7900000000,2026-10-01
134696269,7500000000,2026-10-01
134696317,4200000000,2026-10-01
134696883,7900000000,2026-10-01
134696932,6000000000,2026-10-01
134697526,420000000,2026-10-01
134697747,8400000000,2026-10-01
134697973,7290000000,2026-10-01
134697997,10000000000,2026-10-01
134698000,11000000000,2026-10-01
134698002,7000000000,2026-10-01
134698042,17000000000,2026-10-01
134698057,22000000000,2026-10-01
134698081,8000000000,2026-10-01
134698094,12000000000,2026-10-01
134698101,26000000000,2026-10-01
134698115,8000000000,2026-10-01
134698124,4000000000,2026-10-01
134698133,25800000000,2026-10-01
134698156,58000000000,2026-10-01
134698161,35000000000,2026-10-01
134698170,8000000000,2026-10-01
134698189,8000000000,2026-10-01
134698195,93100000000,2026-10-01
134698201,28500000000,2026-10-01
134698206,9800000000,2026-10-01
134698208,16500000000,2026-10-01
134698256,14000000000,2026-10-01
134698268,15100000000,2026-10-01
134698302,19000000000,2026-10-01
134698308,12000000000,2026-10-01
134698311,9100000000,2026-10-01
134698316,5000000000,2026-10-01
134698329,10000000000,2026-10-01
134698334,17000000000,2026-10-01
134698344,15000000000,2026-10-01
134698353,4000000000,2026-10-01
134698389,5300000000,2026-10-01
134698400,15000000000,2026-10-01
134698410,11000000000,2026-10-01
134698417,5400000000,2026-10-01
134698425,4000000000,2026-10-01
134698436,10000000000,2026-10-01
134698455,10000000000,2026-10-01
134698472,13900000000,2026-10-01
134698490,11000000000,2026-10-01
134698495,11000000000,2026-10-01
134698516,15000000000,2026-10-01
134698544,29000000000,2026-10-01
134698658,1100000000,2026-10-01
134698740,530000000,2026-10-01
134698878,690000000,2026-10-01
134698974,5600000000,2026-10-01
134699237,11000000000,2026-10-01
134699304,8000000000,2026-10-01
134699489,58000000000,2026-10-01
134699576,23000000000,2026-10-01
134699588,13660000000,2026-10-01
134699653,35900000000,2026-10-01
134699802,5400000000,2026-10-01
134699855,10000000000,2026-10-01
134699944,27600000000,2026-10-01
134700497,4200000000,2026-10-01
134700530,6300000000,2026-10-01
134700617,7800000000,2026-10-01
134700667,6200000000,2026-10-01
134700727,8000000000,2026-10-01
134700792,15800000000,2026-10-01
134700816,12000000000,2026-10-01
134701128,8600000000,2026-10-01
134701316,6000000000,2026-10-01
134701612,18000000000,2026-10-01
134701831,9000000000,2026-10-01
134701833,2650000000,2026-10-01
134702010,13500000000,2026-10-01
134702233,7150000000,2026-10-01
134702356,5000000000,2026-10-01
134702393,3850000000,2026-10-01
134702551,13000000000,2026-10-01
134702557,4000000000,2026-10-01
134702569,13800000000,2026-10-01
134702570,5750000000,2026-10-01
134702578,28000000000,2026-10-01
134702579,27000000000,2026-10-01
134702582,3750000000,2026-10-01
134702592,7500000000,2026-10-01
134702603,18500000000,2026-10-01
134702609,7000000000,2026-10-01
134702617,30000000000,2026-10-01
134702620,8000000000,2026-10-01
134702625,3320000000,2026-10-01
134702633,10000000000,2026-10-01
134702636,13000000000,2026-10-01
134702644,5000000000,2026-10-01
134702648,32800000000,2026-10-01
134702652,18500000000,2026-10-01
134702666,4000000000,2026-10-01
134702669,12000000000,2026-10-01
134702684,29000000000,2026-10-01
134702689,17500000000,2026-10-01
134702699,7500000000,2026-10-01
134702714,26200000000,2026-10-01
134702725,15200000000,2026-10-01
134702732,7000000000,2026-10-01
134702737,7950000000,2026-10-01
134702743,7000000000,2026-10-01
134702750,8000000000,2026-10-01
134702768,6000000000,2026-10-01
134702776,13000000000,2026-10-01
134702784,11000000000,2026-10-01
134702790,6000000000,2026-10-01
134702811,7000000000,2026-10-01
134702816,3000000000,2026-10-01
134702817,33000000000,2026-10-01
134702824,25000000000,2026-10-01
134702831,3000000000,2026-10-01
134702837,19000000000,2026-10-01
134702844,10000000000,2026-10-01
134702848,12000000000,2026-10-01
134702850,7800000000,2026-10-01
134702853,15800000000,2026-10-01
134702861,9600000000,2026-10-01
134702869,5890000000,2026-10-01
134702873,31800000000,2026-10-01
134702881,4000000000,2026-10-01
134702884,14000000000,2026-10-01
134702891,8100000000,2026-10-01
134702900,13500000000,2026-10-01
134702902,13000000000,2026-10-01
134702904,7000000000,2026-10-01
134702909,31790000000,2026-10-01
134702911,10000000000,2026-10-01
134702916,8800000000,2026-10-01
134702928,1000000000,2026-10-01
134702939,4200000000,2026-10-01
134702944,10000000000,2026-10-01
134702960,11500000000,2026-10-01
134702971,16000000000,2026-10-01
134702975,8900000000,2026-10-01
134702981,33900000000,2026-10-01
134702988,6000000000,2026-10-01
134703002,3500000000,2026-10-01
134703005,5000000000,2026-10-01
134703011,9000000000,2026-10-01
134703017,7400000000,2026-10-01
134703020,12600000000,2026-10-01
134703021,17000000000,2026-10-01
134703024,80000000,2026-10-01
134703033,11000000000,2026-10-01
134703048,26500000000,2026-10-01
134703054,7900000000,2026-10-01
134703059,5000000000,2026-10-01
134703064,11000000000,2026-10-01
134703070,10000000000,2026-10-01
134703073,23500000000,2026-10-01
134703078,14500000000,2026-10-01
134703084,5000000000,2026-10-01
134703095,2600000000,2026-10-01
134703097,9000000000,2026-10-01
134703100,24500000000,2026-10-01
134703106,12400000000,2026-10-01
134703107,2150000000,2026-10-01
134703124,12900000000,2026-10-01
134703128,800000000,2026-10-01
134703136,8000000000,2026-10-01
134703138,8200000000,2026-10-01
134703145,3000000000,2026-10-01
134703149,12000000000,2026-10-01
134703152,59000000000,2026-10-01
134703157,3400000000,2026-10-01
134703176,3000000000,2026-10-01
134703183,8000000000,2026-10-01
134703188,63000000000,2026-10-01
134703195,8500000000,2026-10-01
134703205,39000000000,2026-10-01
134703214,14800000000,2026-10-01
134703222,65800000000,2026-10-01
134703233,4900000000,2026-10-01
134703250,16000000000,2026-10-01
134703257,9000000000,2026-10-01
134703261,8350000000,2026-10-01
134703275,7800000000,2026-10-01
134703281,18000000000,2026-10-01
134703290,7490000000,2026-10-01
134703305,6199000000,2026-10-01
134703308,9000000000,2026-10-01
134703313,95000000000,2026-10-01
134703320,5000000000,2026-10-01
134703330,8000000000,2026-10-01
134703335,28500000000,2026-10-01
134703339,11000000000,2026-10-01
134703350,6000000000,2026-10-01
134703353,9000000000,2026-10-01
134703368,6850000000,2026-10-01
134703383,9000000000,2026-10-01
134703392,4000000000,2026-10-01
134703408,33000000000,2026-10-01
134703415,19000000000,2026-10-01
134703424,3000000000,2026-10-01
134703428,5950000000,2026-10-01
134703432,9000000000,2026-10-01
134703439,32000000000,2026-10-01
134703443,27500000000,2026-10-01
134703451,8000000000,2026-10-01
134703466,56250000000,2026-10-01
134703479,22000000000,2026-10-01
134703482,14900000000,2026-10-01
134703486,56000000000,2026-10-01
134703495,69000000000,2026-10-01
134703504,3200000000,2026-10-01
134703637,7900000000,2026-10-01
134704045,3000000000,2026-10-01
134704359,320000000,2026-10-01
134704447,3500000000,2026-10-01
134705103,6000000000,2026-10-01
134705124,3480000000,2026-10-01
134705144,7998000000,2026-10-01
134705164,5000000000,2026-10-01
134705183,4100000000,2026-10-01
134705226,6000000000,2026-10-01
134705620,4900000000,2026-10-01
134705806,8550000000,2026-10-01
134705809,2880000000,2026-10-01
134705890,7300000000,2026-10-01
134706119,8800000000,2026-10-01
134706313,3800000000,2026-10-01
134706324,6500000000,2026-10-01
134706418,17500000000,2026-10-01
134706477,6500000000,2026-10-01
134706496,620000000,2026-10-01
134706638,10900000000,2026-10-01
134706652,4450000000,2026-10-01
134706730,780000000,2026-10-01
134706953,4970000000,2026-10-01
134707024,4900000000,2026-10-01
134707080,2450000000,2026-10-01
134707207,11700000000,2026-10-01
134707238,6800000000,2026-10-01
134707388,13500000000,2026-10-01
134707404,3850000000,2026-10-01
134707475,9200000000,2026-10-01
134707495,1450000000,2026-10-01
134707536,3900000000,2026-10-01
134707717,3300000000,2026-10-01
134707741,5000000000,2026-10-01
134707787,5000000000,2026-10-01
134707831,4600000000,2026-10-01
134707851,5800000000,2026-10-01
134708117,4490000000,2026-10-01
134708119,3100000000,2026-10-01
134708135,5500000000,2026-10-01
134708165,3200000000,2026-10-01
134708187,850000000,2026-10-01
134708291,7400000000,2026-10-01
134708631,8500000000,2026-10-01
134709057,9600000000,2026-10-01
134709094,11700000000,2026-10-01
134709621,9290000000,2026-10-01
134709825,10900000000,2026-10-01
134709929,3400000000,2026-10-01
134710001,7200000000,2026-10-01
134710372,2300000000,2026-10-01
134711271,4380000000,2026-10-01
134711353,2350000000,2026-10-01
134711372,12500000000,2026-10-01
134711765,4350000000,2026-10-01
134712061,2380000000,2026-10-01
134712328,3150000000,2026-10-01
134712560,3200000000,2026-10-01
134712941,8000000000,2026-10-01
134713535,30500000000,2026-10-01
134714018,3000000000,2026-10-01
134714027,8850000000,2026-10-01
134714028,6000000000,2026-10-01
134714032,18500000000,2026-10-01
134714036,15000000000,2026-10-01
134714037,2000000000,2026-10-01
134714039,3300000000,2026-10-01
134714040,2350000000,2026-10-01
134714041,2600000000,2026-10-01
134714043,9800000000,2026-10-01
134714044,4600000000,2026-10-01
134714048,5100000000,2026-10-01
134714053,12000000000,2026-10-01
134714054,9600000000,2026-10-01
134714055,8000000000,2026-10-01
134714056,3000000000,2026-10-01
134714058,8000000000,2026-10-01
134714059,22000000000,2026-10-01
134714061,21500000000,2026-10-01
134714063,1300000000,2026-10-01
134714064,11000000000,2026-10-01
134714065,4700000000,2026-10-01
134714066,22900000000,2026-10-01
134714067,3590000000,2026-10-01
134714068,13800000000,2026-10-01
134714069,3750000000,2026-10-01
134714071,9000000000,2026-10-01
134714072,3150000000,2026-10-01
134714074,9100000000,2026-10-01
134714076,3500000000,2026-10-01
134714077,26500000000,2026-10-01
134714078,26500000000,2026-10-01
134714080,8000000000,2026-10-01
134714081,3000000000,2026-10-01
134714083,4000000000,2026-10-01
134714085,14000000000,2026-10-01
134714086,15000000000,2026-10-01
134714087,11000000000,2026-10-01
134714088,10000000000,2026-10-01
134714089,5000000000,2026-10-01
134714090,7000000000,2026-10-01
134714092,12000000000,2026-10-01
134714093,16000000000,2026-10-01
134714094,2000000000,2026-10-01
134714097,4050000000,2026-10-01
134714098,5500000000,2026-10-01
134714101,5000000000,2026-10-01
134714102,8600000000,2026-10-01
134714103,7000000000,2026-10-01
134714106,5150000000,2026-10-01
134714109,8390000000,2026-10-01
134714110,5000000000,2026-10-01
134714111,16500000000,2026-10-01
134714113,7190000000,2026-10-01
134714115,1999000000,2026-10-01
134714119,8700000000,2026-10-01
134714121,6000000000,2026-10-01
134714123,4800000000,2026-10-01
134714125,6000000000,2026-10-01
134714127,235000000000,2026-10-01
134714129,13600000000,2026-10-01
134714133,6000000000,2026-10-01
134714134,3430000000,2026-10-01
134714135,2200000000,2026-10-01
134714137,15000000000,2026-10-01
134714139,22648000000,2026-10-01
134714140,2000000000,2026-10-01
134714141,8800000000,2026-10-01
134714142,12000000000,2026-10-01
134714143,3600000000,2026-10-01
134714145,8000000000,2026-10-01
134714149,7500000000,2026-10-01
134714154,5800000000,2026-10-01
134714155,7000000000,2026-10-01
134714157,6500000000,2026-10-01
134714158,4000000000,2026-10-01
134714160,5000000000,2026-10-01
134714161,10600000000,2026-10-01
134714164,11000000000,2026-10-01
134714165,10990000000,2026-10-01
134714167,13000000000,2026-10-01
134714173,9500000000,2026-10-01
134714175,4100000000,2026-10-01
134714176,9000000000,2026-10-01
134714177,3300000000,2026-10-01
134714178,3000000000,2026-10-01
134714179,2000000000,2026-10-01
134714181,13000000000,2026-10-01
134714182,4000000000,2026-10-01
134714183,8000000000,2026-10-01
134714186,16000000000,2026-10-01
134714190,13000000000,2026-10-01
134714195,14652000000,2026-10-01
134714196,5350000000,2026-10-01
134714197,18000000000,2026-10-01
134714201,40000000000,2026-10-01
134714203,8400000000,2026-10-01
134714204,9000000000,2026-10-01
134714206,26000000000,2026-10-01
134714207,10000000000,2026-10-01
134714208,5000000000,2026-10-01
134714210,25000000000,2026-10-01
134714211,13200000000,2026-10-01
134714212,2750000000,2026-10-01
134714213,7000000000,2026-10-01
134714215,22000000000,2026-10-01
134714217,1000000000,2026-10-01
134714220,4000000000,2026-10-01
134714221,18500000000,2026-10-01
134714223,11600000000,2026-10-01
134714224,2000000000,2026-10-01
134714225,6900000000,2026-10-01
134714226,27000000000,2026-10-01
134714227,85000000000,2026-10-01
134714228,2800000000,2026-10-01
134714230,3680000000,2026-10-01
134714231,13000000000,2026-10-01
134714232,5000000000,2026-10-01
134714235,2000000000,2026-10-01
134714237,3000000000,2026-10-01
134714238,3000000000,2026-10-01
134714239,9000000000,2026-10-01
134714240,7450000000,2026-10-01
134714242,2650000000,2026-10-01
134714244,6000000000,2026-10-01
134714246,40000000000,2026-10-01
134714250,14800000000,2026-10-01
134714251,19000000000,2026-10-01
134714253,6000000000,2026-10-01
134714255,2350000000,2026-10-01
134714257,5600000000,2026-10-01
134714258,4000000000,2026-10-01
134714259,6900000000,2026-10-01
134714261,4000000000,2026-10-01
134714262,7000000000,2026-10-01
134714264,10000000000,2026-10-01
134714267,6000000000,2026-10-01
134714268,6000000000,2026-10-01
134714269,5000000000,2026-10-01
134714270,7400000000,2026-10-01
134714271,6000000000,2026-10-01
134714272,6000000000,2026-10-01
134714273,30000000000,2026-10-01
134714274,5000000000,2026-10-01
134714275,5700000000,2026-10-01
134714278,6000000000,2026-10-01
134714280,6000000000,2026-10-01
134714281,21000000000,2026-10-01
134714282,6000000000,2026-10-01
134714283,5000000000,2026-10-01
134714284,9000000000,2026-10-01
134714286,5100000000,2026-10-01
134714288,1500000000,2026-10-01
134714289,6000000000,2026-10-01
134714290,6000000000,2026-10-01
134714291,30000000000,2026-10-01
134714292,2000000000,2026-10-01
134714293,5000000000,2026-10-01
134714294,2000000000,2026-10-01
134714295,6000000000,2026-10-01
134714297,8000000000,2026-10-01
134714299,6000000000,2026-10-01
134714300,3000000000,2026-10-01
134714301,7000000000,2026-10-01
134714302,30000000000,2026-10-01
134714303,5000000000,2026-10-01
134714304,6000000000,2026-10-01
134714305,6000000000,2026-10-01
134714306,8000000000,2026-10-01
134714309,6000000000,2026-10-01
134714310,6000000000,2026-10-01
134714311,7000000000,2026-10-01
134714313,5450000000,2026-10-01
134714314,5000000000,2026-10-01
134714315,5000000000,2026-10-01
134714316,5000000000,2026-10-01
134714317,6000000000,2026-10-01
134714318,10000000000,2026-10-01
134714319,13000000000,2026-10-01
134714321,5000000000,2026-10-01
134714322,5000000000,2026-10-01
134714323,5200000000,2026-10-01
134714324,7000000000,2026-10-01
134714325,9200000000,2026-10-01
134714326,6000000000,2026-10-01
134714327,5000000000,2026-10-01
134714328,4500000000,2026-10-01
134714330,5000000000,2026-10-01
134714331,5000000000,2026-10-01
134714332,5000000000,2026-10-01
134714333,9000000000,2026-10-01
134714334,3000000000,2026-10-01
134714336,4500000000,2026-10-01
134714337,5000000000,2026-10-01
134714339,5000000000,2026-10-01
134714340,5000000000,2026-10-01
134714341,8400000000,2026-10-01
134714344,20000000000,2026-10-01
134714345,5900000000,2026-10-01
134714347,6000000000,2026-10-01
134714348,7000000000,2026-10-01
134714349,6000000000,2026-10-01
134714351,6000000000,2026-10-01
134714353,6000000000,2026-10-01
134714354,30000000000,2026-10-01
134714355,7000000000,2026-10-01
134714357,8000000000,2026-10-01
134714359,30000000000,2026-10-01
134714360,5550000000,2026-10-01
134714362,11000000000,2026-10-01
134714363,6000000000,2026-10-01
134714364,6000000000,2026-10-01
134714366,3200000000,2026-10-01
134714369,9800000000,2026-10-01
134714370,6000000000,2026-10-01
134714371,6000000000,2026-10-01
134714680,2650000000,2026-10-01
134715033,7200000000,2026-10-01
134715350,7000000000,2026-10-01
134715526,3660000000,2026-10-01
134715725,19800000000,2026-10-01
134715736,2000000000,2026-10-01
134715743,13000000000,2026-10-01
134715751,7900000000,2026-10-01
134715754,23000000000,2026-10-01
134715764,16000000000,2026-10-01
134715769,23000000000,2026-10-01
134715776,3500000000,2026-10-01
134715790,9900000000,2026-10-01
134715904,8880000000,2026-10-01
134715905,4610000000,2026-10-01
134715909,19000000000,2026-10-01
134715942,3790000000,2026-10-01
134715946,19000000000,2026-10-01
134715955,10000000000,2026-10-01
134715963,12000000000,2026-10-01
134715967,7000000000,2026-10-01
134715996,5600000000,2026-10-01
134716241,4550000000,2026-10-01
134716295,6980000000,2026-10-01
134716325,4000000000,2026-10-01
134716335,5600000000,2026-10-01
134716346,3900000000,2026-10-01
134716350,370000000,2026-10-01
134716353,185000000,2026-10-01
134716358,2500000000,2026-10-01
134716362,7420000000,2026-10-01
134716375,2200000000,2026-10-01
134716379,1000000000,2026-10-01
134716459,60000000000,2026-10-01
134716502,2000000000,2026-10-01
134716804,5800000000,2026-10-01
134716873,4950000000,2026-10-01
134717412,5750000000,2026-10-01
134717508,3700000000,2026-10-01
134717578,3850000000,2026-10-01
134717983,8100000000,2026-10-01
134718000,4860000000,2026-10-01
134718269,45000000000,2026-10-01
134718330,2290000000,2026-10-01
134718403,5800000000,2026-10-01
134718561,3349000000,2026-10-01
134718566,6890000000,2026-10-01
134718914,2090000000,2026-10-01
134719034,4850000000,2026-10-01
134719424,2499000000,2026-10-01
134719499,7200000000,2026-10-01
134719599,5300000000,2026-10-01
134719675,2590000000,2026-10-01
134719740,1560000000,2026-10-01
134720022,2100000000,2026-10-01
134720350,495000000,2026-10-01
134720411,2350000000,2026-10-01
134720493,50000000000,2026-10-01
134720596,3600000000,2026-10-01
134720678,4480000000,2026-10-01
134721286,4700000000,2026-10-01
134721495,7300000000,2026-10-01
134721637,4800000000,2026-10-01
134721832,14500000000,2026-10-01
134721898,3950000000,2026-10-01
134722299,7950000000,2026-10-01
134722967,6500000000,2026-10-01
134723029,3300000000,2026-10-01
134724330,3755000000,2026-10-01
134724720,6500000000,2026-10-01
134724726,12300000000,2026-10-01
134724816,850000000,2026-10-01
134724970,26300000000,2026-10-01
134725045,4700000000,2026-10-01
134725224,2800000000,2026-10-01
134725342,15000000000,2026-10-01
134725371,3500000000,2026-10-01
134725384,3300000000,2026-10-01
134725534,7060000000,2026-10-01
134725656,350000000,2026-10-01
134725769,4800000000,2026-10-01
134725921,1550000000,2026-10-01
134726047,4300000000,2026-10-01
134726241,7290000000,2026-10-01
134726392,6900000000,2026-10-01
134727072,6690000000,2026-10-01
134727188,10300000000,2026-10-01
134727244,6500000000,2026-10-01
134727422,3400000000,2026-10-01
134727671,3100000000,2026-10-01
134727853,1530000000,2026-10-01
134728046,2150000000,2026-10-01
134728131,13500000000,2026-10-01
134728219,780000000,2026-10-01
134728389,8500000000,2026-10-01
134729065,3000000000,2026-10-01
134729164,3000000000,2026-10-01
134729339,7100000000,2026-10-01
134729572,2888888888,2026-10-01
134730082,4750000000,2026-10-01
134730505,5600000000,2026-10-01
134730820,6800000000,2026-10-01
134730824,7800000000,2026-10-01
134730887,14000000000,2026-10-01
134731130,3000000000,2026-10-01
134731349,4300000000,2026-10-01
134731886,4999999999,2026-10-01
134732044,3990000000,2026-10-01
134732055,1600000000,2026-10-01
134732220,5150000000,2026-10-01
134732459,1600000000,2026-10-01
134732602,6000000000,2026-10-01
134732661,4350000000,2026-10-01
134732709,2900000000,2026-10-01
134732883,6180000000,2026-10-01
134732962,7350000000,2026-10-01
134733235,5100000000,2026-10-01
134733791,6600000000,2026-10-01
134734051,6450000000,2026-10-01
134734138,7200000000,2026-10-01
134734410,8500000000,2026-10-01
134734504,2300000000,2026-10-01
134735240,750000000,2026-10-01
134735459,850000000,2026-10-01
134735556,350000000,2026-10-01
134735571,1960000000,2026-10-01
134735645,2850000000,2026-10-01
134735667,26000000000,2026-10-01
134735813,5000000000,2026-10-01
134735852,4500000000,2026-10-01
134735979,7200000000,2026-10-01
134735990,3500000000,2026-10-01
134736011,700000000,2026-10-01
134736175,1150000000,2026-10-01
134736319,2650000000,2026-10-01
134736494,7900000000,2026-10-01
134736545,2400000000,2026-10-01
134736659,3750000000,2026-10-01
134736666,7000000000,2026-10-01
134736710,8500000000,2026-10-01
134736870,1600000000,2026-10-01
134736918,5100000000,2026-10-01
134737187,7000000000,2026-10-01
134737417,4200000000,2026-10-01
134737499,1100000000,2026-10-01
134737573,4590000000,2026-10-01
134737632,580000000,2026-10-01
134737720,3180000000,2026-10-01
134737863,4900000000,2026-10-01
134738655,3100000000,2026-10-01
134738763,5800000000,2026-10-01
134738847,13000000000,2026-10-01
134739055,15500000000,2026-10-01
134739086,2100000000,2026-10-01
134739089,4550000000,2026-10-01
134739279,3350000000,2026-10-01
134739507,7200000000,2026-10-01
134739623,9210000000,2026-10-01
134739819,4300000000,2026-10-01
134739823,8500000000,2026-10-01
134739992,9300000000,2026-10-01
134740147,6500000000,2026-10-01
134740150,9500000000,2026-10-01
134740439,3490000000,2026-10-01
134740544,7300000000,2026-10-01
134741758,2350000000,2026-10-01
134741781,10500000000,2026-10-01
134741800,11800000000,2026-10-01
134742019,5100000000,2026-10-01
134742154,6600000000,2026-10-01
134742318,2650000000,2026-10-01
134742334,4250000000,2026-10-01
134742481,680000000,2026-10-01
134742708,10000000000,2026-10-01
134742941,3900000000,2026-10-01
134743045,6300000000,2026-10-01
134743440,8250000000,2026-10-01
134743836,21990000000,2026-10-01
134744261,11200000000,2026-10-01
134744286,3000000000,2026-10-01
134744505,5000000000,2026-10-01
134745004,4700000000,2026-10-01
134745822,3800000000,2026-10-01
134745858,4800000000,2026-10-01
134746252,5600000000,2026-10-01
134746530,5900000000,2026-10-01
134746609,5900000000,2026-10-01
134746778,2200000000,2026-10-01
134747021,2000000000,2026-10-01
134747194,13000000000,2026-10-01
134748602,8000000000,2026-10-01
134748610,15500000000,2026-10-01
134748619,11000000000,2026-10-01
134748634,13000000000,2026-10-01
134748643,33500000000,2026-10-01
134748648,13800000000,2026-10-01
134748651,19200000000,2026-10-01
134748657,6000000000,2026-10-01
134748673,18600000000,2026-10-01
134748675,10000000000,2026-10-01
134748703,9000000000,2026-10-01
134748709,7500000000,2026-10-01
134748718,12000000000,2026-10-01
134748727,25000000000,2026-10-01
134748730,7500000000,2026-10-01
134748736,9000000000,2026-10-01
134748738,50000000000,2026-10-01
134748742,45000000000,2026-10-01
134748744,3000000000,2026-10-01
134748754,8600000000,2026-10-01
134748762,22000000000,2026-10-01
134748768,78000000000,2026-10-01
134748773,7000000000,2026-10-01
134748776,11000000000,2026-10-01
134748780,7000000000,2026-10-01
134748786,5000000000,2026-10-01
134748794,35000000000,2026-10-01
134748800,50000000000,2026-10-01
134748809,13900000000,2026-10-01
134748812,16900000000,2026-10-01
134748816,21000000000,2026-10-01
134748825,8500000000,2026-10-01
134748828,11200000000,2026-10-01
134748835,20000000000,2026-10-01
134748846,7000000000,2026-10-01
134748850,28500000000,2026-10-01
134748856,32800000000,2026-10-01
134748857,14500000000,2026-10-01
134748863,6000000000,2026-10-01
134748867,10000000000,2026-10-01
134748876,13000000000,2026-10-01
134748880,30000000000,2026-10-01
134748885,17000000000,2026-10-01
134748893,2000000000,2026-10-01
134748908,28000000000,2026-10-01
134748913,3450000000,2026-10-01
134748914,10000000000,2026-10-01
134748922,6000000000,2026-10-01
134748929,3000000000,2026-10-01
134748940,72000000000,2026-10-01
134748949,16500000000,2026-10-01
134748954,8900000000,2026-10-01
134748978,3100000000,2026-10-01
134748987,11980000000,2026-10-01
134749106,4000000000,2026-10-01
134749174,1600000000,2026-10-01
134749244,4800000000,2026-10-01
134749560,3780000000,2026-10-01
134749628,4200000000,2026-10-01
134749901,6360000000,2026-10-01
134749958,5250000000,2026-10-01
134750003,6200000000,2026-10-01
134750076,6100000000,2026-10-01
134750083,2300000000,2026-10-01
134750098,12000000000,2026-10-01
134750109,6850000000,2026-10-01
134750130,19000000000,2026-10-01
134750133,6550000000,2026-10-01
134750148,2000000000,2026-10-01
134750153,16000000000,2026-10-01
134750165,9000000000,2026-10-01
134750169,8000000000,2026-10-01
134750182,3000000000,2026-10-01
134750206,3200000000,2026-10-01
134750208,7800000000,2026-10-01
134750239,5000000000,2026-10-01
134750247,17000000000,2026-10-01
134750254,6800000000,2026-10-01
134750261,9000000000,2026-10-01
134750269,7500000000,2026-10-01
134750273,6000000000,2026-10-01
134750291,11500000000,2026-10-01
134750311,28000000000,2026-10-01
134750315,24000000000,2026-10-01
134750317,4000000000,2026-10-01
134750328,3300000000,2026-10-01
134750335,12000000000,2026-10-01
134750339,8300000000,2026-10-01
134750341,11000000000,2026-10-01
134750350,10000000000,2026-10-01
134750439,16500000000,2026-10-01
134750629,6500000000,2026-10-01
134750983,1600000000,2026-10-01
134751208,2200000000,2026-10-01
134751399,5300000000,2026-10-01
134751607,3400000000,2026-10-01
134752624,5780000000,2026-10-01
134752754,8000000000,2026-10-01
134752785,18600000000,2026-10-01
134752788,2000000000,2026-10-01
134753207,2800000000,2026-10-01
134753460,3850000000,2026-10-01
134754077,4200000000,2026-10-01
134754343,1590000000,2026-10-01
134754570,1430000000,2026-10-01
134754748,8300000000,2026-10-01
134754940,3900000000,2026-10-01
134754963,1290000000,2026-10-01
134755006,6200000000,2026-10-01
134755124,4850000000,2026-10-01
134755418,5300000000,2026-10-01
134755424,15800000000,2026-10-01
134755509,2100000000,2026-10-01
134755572,2450000000,2026-10-01
134755684,4650000000,2026-10-01
134755916,970000000,2026-10-01
134755999,1900000000,2026-10-01
134756088,5000000000,2026-10-01
134756250,4700000000,2026-10-01
134756364,4800000000,2026-10-01
134756388,24900000000,2026-10-01
134756583,10900000000,2026-10-01
134756832,1530000000,2026-10-01
134756965,4350000000,2026-10-01
134756974,3450000000,2026-10-01
134757034,3750000000,2026-10-01
134757219,11800000000,2026-10-01
134757265,610000000,2026-10-01
134757593,4179000000,2026-10-01
134757885,3850000000,2026-10-01
134757961,2700000000,2026-10-01
134758002,14000000000,2026-10-01
134758003,4200000000,2026-10-01
134758551,2900000000,2026-10-01
134758779,3190000000,2026-10-01
134759084,3300000000,2026-10-01
134759182,9500000000,2026-10-01
134759187,1850000000,2026-10-01
134759405,2550000000,2026-10-01
134759431,2150000000,2026-10-01
134759750,2550000000,2026-10-01
134759865,3500000000,2026-10-01
134759888,7450000000,2026-10-01
134759998,7180000000,2026-10-01
134760285,3300000000,2026-10-01
134760286,2200000000,2026-10-01
134760579,11900000000,2026-10-01
134760794,4900000000,2026-10-01
134760811,14500000000,2026-10-01
134760831,4760000000,2026-10-01
134761239,6000000000,2026-10-01
134761365,10900000000,2026-10-01
134761366,4290000000,2026-10-01
134761590,6050000000,2026-10-01
134761848,3990000000,2026-10-01
134761968,4000000000,2026-10-01
134762089,1650000000,2026-10-01
134762206,7000000000,2026-10-01
134762257,2600000000,2026-10-01
134762329,21000000000,2026-10-01
134762372,3200000000,2026-10-01
134762582,7300000000,2026-10-01
134762895,290000000,2026-10-01
134763163,450000000,2026-10-01
134763238,2750000000,2026-10-01
134763244,2200000000,2026-10-01
134763263,2050000000,2026-10-01
134763279,10300000000,2026-10-01
134763346,2000000000,2026-10-01
134763495,7650000000,2026-10-01
134763542,8500000000,2026-10-01
134763597,12200000000,2026-10-01
134763814,800000000,2026-10-01
134764013,65000000000,2026-10-01
134764147,655000000,2026-10-01
134764199,2550000000,2026-10-01
134764400,3200000000,2026-10-01
134764428,3290000000,2026-10-01
134764539,3880000000,2026-10-01
134764592,3350000000,2026-10-01
134765140,4100000000,2026-10-01
134765324,2680000000,2026-10-01
134765830,3590000000,2026-10-01
134766127,2000000000,2026-10-01
134766325,4500000000,2026-10-01
134766398,6800000000,2026-10-01
134766542,3100000000,2026-10-01
134766694,5600000000,2026-10-01
134767370,2000000000,2026-10-01
134767656,3250000000,2026-10-01
134767739,4600000000,2026-10-01
134768227,60000000000,2026-10-01
134768249,3850000000,2026-10-01
134768304,2250000000,2026-10-01
134768567,550000000,2026-10-01
134768697,4090000000,2026-10-01
134768783,8900000000,2026-10-01
134768960,2750000000,2026-10-01
134769263,18000000000,2026-10-01
134769282,15500000000,2026-10-01
134769635,6100000000,2026-10-01
134769771,4100000000,2026-10-01
134769782,4200000000,2026-10-01
134770453,7400000000,2026-10-01
134770549,8100000000,2026-10-01
134770887,4250000000,2026-10-01
134770907,3650000000,2026-10-01
134770919,1600000000,2026-10-01
134770977,3700000000,2026-10-01
134771208,7950000000,2026-10-01
134771286,5900000000,2026-10-01
134771355,2040000000,2026-10-01
134771424,690000000,2026-10-01
134771432,2200000000,2026-10-01
134771643,4200000000,2026-10-01
134771795,2500000000,2026-10-01
134771914,6360000000,2026-10-01
134772089,2500000000,2026-10-01
134772092,2160000000,2026-10-01
134772138,390000000,2026-10-01
134772239,2550000000,2026-10-01
134772363,6500000000,2026-10-01
134772435,3500000000,2026-10-01
134772494,7500000000,2026-10-01
134772707,17000000000,2026-10-01
134772755,3900000000,2026-10-01
134773067,1690000000,2026-10-01
134773154,2160000000,2026-10-01
134773189,6500000000,2026-10-01
134773263,6350000000,2026-10-01
134773338,8000000000,2026-10-01
134773443,3200000000,2026-10-01
134773489,7950000000,2026-10-01
134773630,4300000000,2026-10-01
134773675,3300000000,2026-10-01
134773904,4300000000,2026-10-01
134773954,650000000,2026-10-01
134773985,2800000000,2026-10-01
134774053,3700000000,2026-10-01
134774086,1400000000,2026-10-01
134774091,3600000000,2026-10-01
134774132,5250000000,2026-10-01
134774142,3350000000,2026-10-01
134774165,9000000000,2026-10-01
134774307,6000000000,2026-10-01
134774615,9100000000,2026-10-01
134775092,450000000,2026-10-01
134775413,4900000000,2026-10-01
134775432,4700000000,2026-10-01
134775460,6850000000,2026-10-01
134775578,18000000000,2026-10-01
134775600,4300000000,2026-10-01
134775932,4900000000,2026-10-01
134776354,2950000000,2026-10-01
134776953,4300000000,2026-10-01
134777108,5700000000,2026-10-01
134777500,3380000000,2026-10-01
134777750,2450000000,2026-10-01
134777857,640000000,2026-10-01
134778409,6200000000,2026-10-01
134778619,2800000000,2026-10-01
134778702,6300000000,2026-10-01
134779009,2350000000,2026-10-01
134779189,490000000,2026-10-01
134779222,10500000000,2026-10-01
134779364,13400000000,2026-10-01
134779424,1845000000,2026-10-01
134779640,4970000000,2026-10-01
134779766,480000000,2026-10-01
134779956,10500000000,2026-10-01
134780055,520000000,2026-10-01
134780087,650000000,2026-10-01
134780165,8000000000,2026-10-01
134780572,3900000000,2026-10-01
134780734,2250000000,2026-10-01
134780825,2400000000,2026-10-01
134781196,5680000000,2026-10-01
134781238,5200000000,2026-10-01
134781381,4400000000,2026-10-01
134781601,2100000000,2026-10-01
134781727,2400000000,2026-10-01
134782228,2700000000,2026-10-01
134782477,6050000000,2026-10-01
134782606,5350000000,2026-10-01
134782686,8000000000,2026-10-01
134783493,5000000000,2026-10-01
134783498,10300000000,2026-10-01
134783534,5050000000,2026-10-01
134783769,620000000,2026-10-01
134784112,3950000000,2026-10-01
134784514,5790000000,2026-10-01
134784717,17900000000,2026-10-01
134784801,2200000000,2026-10-01
134784985,28900000000,2026-10-01
134785069,23000000000,2026-10-01
134785421,5500000000,2026-10-01
134785488,3400000000,2026-10-01
134786542,1550000000,2026-10-01
134787835,3150000000,2026-10-01
134787858,14805000000,2026-10-01
134787867,7500000000,2026-10-01
134787977,9500000000,2026-10-01
134787981,2300000000,2026-10-01
134788116,2500000000,2026-10-01
134788189,8600000000,2026-10-01
134788193,11900000000,2026-10-01
134788211,14000000000,2026-10-01
134788629,12700000000,2026-10-01
134788897,6750000000,2026-10-01
134789065,2500000000,2026-10-01
134789256,3200000000,2026-10-01
134789277,7250000000,2026-10-01
134789388,2800000000,2026-10-01
134789739,5300000000,2026-10-01
134789926,5500000000,2026-10-01
134790005,5900000000,2026-10-01
134790186,3800000000,2026-10-01
134790428,3350000000,2026-10-01
134790493,11600000000,2026-10-01
134790709,3050000000,2026-10-01
134790746,3500000000,2026-10-01
134790827,5350000000,2026-10-01
134790876,5500000000,2026-10-01
134790932,1200000000,2026-10-01
134791003,6590000000,2026-10-01
134791300,24000000000,2026-10-01
134791414,2950000000,2026-10-01
134791420,4300000000,2026-10-01
134791521,11800000000,2026-10-01
134791657,2250000000,2026-10-01
134791777,1700000000,2026-10-01
134791783,6500000000,2026-10-01
134792474,3700000000,2026-10-01
134792711,3000000000,2026-10-01
134793071,3550000000,2026-10-01
134793099,6500000000,2026-10-01
134793442,7500000000,2026-10-01
134793786,1750000000,2026-10-01
134793961,4390000000,2026-10-01
134794331,5200000000,2026-10-01
134794444,620000000,2026-10-01
134794589,5700000000,2026-10-01
134794805,5150000000,2026-10-01
134794816,23900000000,2026-10-01
134794817,5400000000,2026-10-01
134795015,12300000000,2026-10-01
134795045,3350000000,2026-10-01
134795625,15800000000,2026-10-01
134796129,14900000000,2026-10-01
134796172,3750000000,2026-10-01
134796628,2650000000,2026-10-01
134796807,6500000000,2026-10-01
134797247,20300000000,2026-10-01
134797371,12000000000,2026-10-01
134797689,3290000000,2026-10-01
134798204,6750000000,2026-10-01
134798219,9950000000,2026-10-01
134798861,6300000000,2026-10-01
134799526,3680000000,2026-10-01
134800135,7500000000,2026-10-01
134800206,5000000000,2026-10-01
134800329,70000000000,2026-10-01
134800395,5500000000,2026-10-01
134800427,5799999999,2026-10-01
134800553,5499999999,2026-10-01
134800896,9000000000,2026-10-01
134800914,810000000,2026-10-01
134801117,3800000000,2026-10-01
134802890,3600000000,2026-10-01
134802974,9000000000,2026-10-01
134803263,11500000000,2026-10-01
134803268,3100000000,2026-10-01
134803400,3200000000,2026-10-01
134803808,42500000000,2026-10-01
134803813,42500000000,2026-10-01
134803838,5500000000,2026-10-01
134803931,2100000000,2026-10-01
134803942,6500000000,2026-10-01
134803947,7200000000,2026-10-01
134804030,6000000000,2026-10-01
134804042,15500000000,2026-10-01
134804069,25000000000,2026-10-01
134804324,3880000000,2026-10-01
134804785,6000000000,2026-10-01
134804794,2750000000,2026-10-01
134804882,2300000000,2026-10-01
134804912,5290000000,2026-10-01
134805019,4300000000,2026-10-01
134805070,5000000000,2026-10-01
134805180,7000000000,2026-10-01
134805199,2400000000,2026-10-01
134805327,11900000000,2026-10-01
134805435,4700000000,2026-10-01
134805448,60000000000,2026-10-01
134805522,13900000000,2026-10-01
134805635,3300000000,2026-10-01
134805696,4050000000,2026-10-01
134805888,5800000000,2026-10-01
134805989,6500000000,2026-10-01
134806224,7800000000,2026-10-01
134806235,3800000000,2026-10-01
134806383,2380000000,2026-10-01
134806432,2800000000,2026-10-01
134806515,5600000000,2026-10-01
134806538,3980000000,2026-10-01
134806698,15800000000,2026-10-01
134806789,9500000000,2026-10-01
134806906,7500000000,2026-10-01
134806923,4600000000,2026-10-01
134807011,8200000000,2026-10-01
134807061,3100000000,2026-10-01
134807125,4250000000,2026-10-01
134807236,20000000000,2026-10-01
134807299,3200000000,2026-10-01
134807400,3300000000,2026-10-01
134807626,7890000000,2026-10-01
134807627,6500000000,2026-10-01
134807655,1250000000,2026-10-01
134807715,13200000000,2026-10-01
134807810,2900000000,2026-10-01
134807926,29500000000,2026-10-01
134807964,4600000000,2026-10-01
134808108,40000000000,2026-10-01
134808114,6200000000,2026-10-01
134808205,30500000000,2026-10-01
134808296,12200000000,2026-10-01
134808419,27000000000,2026-10-01
134808483,25500000000,2026-10-01
134808566,24500000000,2026-10-01
134808678,3500000000,2026-10-01
134808791,3750000000,2026-10-01
134809236,5750000000,2026-10-01
134809273,2500000000,2026-10-01
134809295,4450000000,2026-10-01
134810062,6100000000,2026-10-01
134810140,1400000000,2026-10-01
134810170,6500000000,2026-10-01
134810244,8600000000,2026-10-01
134810255,5700000000,2026-10-01
134810271,42500000000,2026-10-01
134810356,9890000000,2026-10-01
134810363,2800000000,2026-10-01
134810377,11100000000,2026-10-01
134810411,3999000000,2026-10-01
134810414,2450000000,2026-10-01
134810494,3200000000,2026-10-01
134810541,14000000000,2026-10-01
134810579,3400000000,2026-10-01
134810584,3300000000,2026-10-01
134810606,2350000000,2026-10-01
134810665,2350000000,2026-10-01
134810699,3600000000,2026-10-01
134810861,1860000000,2026-10-01
134810871,7600000000,2026-10-01
134811251,3550000000,2026-10-01
134811437,3100000000,2026-10-01
134811547,14500000000,2026-10-01
134811573,4550000000,2026-10-01
134811695,3250000000,2026-10-01
134811708,4700000000,2026-10-01
134811733,4100000000,2026-10-01
134811750,28300000000,2026-10-01
134811792,1700000000,2026-10-01
134811921,2350000000,2026-10-01
134811936,1111110000,2026-10-01
134812042,12150000000,2026-10-01
134812048,5500000000,2026-10-01
134812057,3250000000,2026-10-01
134812335,1200000000,2026-10-01
134812405,7200000000,2026-10-01
134812577,9950000368,2026-10-01
134813096,4950000000,2026-10-01
134813130,45000000000,2026-10-01
134813134,4000000000,2026-10-01
134813231,2900000000,2026-10-01
134813281,7900000000,2026-10-01
134813543,5300000000,2026-10-01
134813547,5500000000,2026-10-01
134813768,21500000000,2026-10-01
134813834,13100000000,2026-10-01
134814105,12075000000,2026-10-01
134814119,6980000000,2026-10-01
134814139,3600000000,2026-10-01
134814327,3000000000,2026-10-01
134814366,6350000000,2026-10-01
134814690,9900000000,2026-10-01
134814721,4250000000,2026-10-01
134814799,10100000000,2026-10-01
134814897,8000000000,2026-10-01
134814899,3580000000,2026-10-01
134815163,6800000000,2026-10-01
134815186,9900000000,2026-10-01
134815248,7000000000,2026-10-01
134815275,2150000000,2026-10-01
134815280,5800000000,2026-10-01
134815320,4150000000,2026-10-01
134815343,13000000000,2026-10-01
134815348,7000000000,2026-10-01
134815350,3000000000,2026-10-01
134815379,8500000000,2026-10-01
134815392,3200000000,2026-10-01
134815818,2490000000,2026-10-01
134816021,3460000000,2026-10-01
134816280,9000000000,2026-10-01
134816371,26000000000,2026-10-01
134816762,5200000000,2026-10-01
134816959,5200000000,2026-10-01
134817090,52000000000,2026-10-01
134817199,5500000000,2026-10-01
134817569,189000000000,2026-10-01
134817718,14980000000,2026-10-01
134817953,2900000000,2026-10-01
134818076,8000000000,2026-10-01
134818277,5650000000,2026-10-01
134818409,5300000000,2026-10-01
134818626,2800000000,2026-10-01
134818783,2800000000,2026-10-01
134819013,17500000000,2026-10-01
134819054,10500000000,2026-10-01
134819079,8500000000,2026-10-01
134819103,7000000000,2026-10-01
134819116,5500000000,2026-10-01
134819183,17000000000,2026-10-01
134819206,11700000000,2026-10-01
134819472,3000000000,2026-10-01
134819550,6500000000,2026-10-01
134819566,2600000000,2026-10-01
134819586,2350000000,2026-10-01
134819954,8900000000,2026-10-01
134820105,4300000000,2026-10-01
134820302,26000000000,2026-10-01
134820348,1750000000,2026-10-01
134820556,15500000000,2026-10-01
134820625,1550000000,2026-10-01
134821035,7600000000,2026-10-01
134821050,5600000000,2026-10-01
134821109,3800000000,2026-10-01
134821154,4500000000,2026-10-01
134821158,4850000000,2026-10-01
134821168,2790000000,2026-10-01
134821241,5900000000,2026-10-01
134821284,6800000000,2026-10-01
134821326,4800000000,2026-10-01
134821368,5100000000,2026-10-01
134821390,7000000000,2026-10-01
134821392,4500000000,2026-10-01
134821438,4200000000,2026-10-01
134821482,4750000000,2026-10-01
134821514,4500000000,2026-10-01
134821919,4550000000,2026-10-01
134821948,11000000000,2026-10-01
134821980,8900000000,2026-10-01
134821996,14800000000,2026-10-01
134822209,7000000000,2026-10-01
134822305,17900000000,2026-10-01
134822308,5850000000,2026-10-01
134822309,14900000000,2026-10-01
134822324,9500000000,2026-10-01
134822416,5650000000,2026-10-01
134822815,2590000000,2026-10-01
134822824,3650000000,2026-10-01
134823058,4260000000,2026-10-01
134823361,2690000000,2026-10-01
134823405,8800000000,2026-10-01
134823423,2290000000,2026-10-01
134823437,4000000000,2026-10-01
134823439,480000000,2026-10-01
134823689,6100000000,2026-10-01
134823769,3500000000,2026-10-01
134823860,600000000,2026-10-01
134824002,23000000000,2026-10-01
134824135,1500000000,2026-10-01
134824166,1150000000,2026-10-01
134824230,10500000000,2026-10-01
134824295,2200000000,2026-10-01
134824450,3420000000,2026-10-01
134824507,2250000000,2026-10-01
134824555,1350000000,2026-10-01
134824641,2790000000,2026-10-01
134824707,9900000000,2026-10-01
134824758,3150000000,2026-10-01
134824771,3300000000,2026-10-01
134824925,3300000000,2026-10-01
134824961,13600000000,2026-10-01
134824985,6100000000,2026-10-01
134825021,3900000000,2026-10-01
134825053,3000000000,2026-10-01
134825118,7950000000,2026-10-01
134825145,4500000000,2026-10-01
134825203,470000000,2026-10-01
134825243,4200000000,2026-10-01
134825257,2800000000,2026-10-01
134825311,3350000000,2026-10-01
134825323,3330000000,2026-10-01
134825336,3000000000,2026-10-01
134825402,3500000000,2026-10-01
134825490,7200000000,2026-10-01
134825491,1180000000,2026-10-01
134825528,7600000000,2026-10-01
134825652,8800000000,2026-10-01
134825675,15000000000,2026-10-01
134825721,530000000,2026-10-01
134825750,4300000000,2026-10-01
134825855,5000000000,2026-10-01
134825886,3350000000,2026-10-01
134825912,11500000000,2026-10-01
134825954,4500000000,2026-10-01
134826015,2850000000,2026-10-01
134826053,3450000000,2026-10-01
134826127,4990000000,2026-10-01
134826188,4700000000,2026-10-01
134826271,3250000000,2026-10-01
134826375,2550000000,2026-10-01
134826402,5500000000,2026-10-01
134826929,660000000,2026-10-01
134826939,3400000000,2026-10-01
134827095,3500000000,2026-10-01
134827119,28000000000,2026-10-01
134827174,755000000,2026-10-01
134827204,38000000000,2026-10-01
134827278,8890000000,2026-10-01
134827334,4450000000,2026-10-01
134827401,73000000000,2026-10-01
134827407,6700000000,2026-10-01
134827584,3650000000,2026-10-01
134827604,6000000000,2026-10-01
134827635,3500000000,2026-10-01
134827702,2770000000,2026-10-01
134827737,10000000000,2026-10-01
134827823,4650000000,2026-10-01
134827920,6990000000,2026-10-01
134828064,7500000000,2026-10-01
134828084,4350000000,2026-10-01
134828132,6300000000,2026-10-01
134828134,17800000000,2026-10-01
134828173,575000000,2026-10-01
134828189,10400000000,2026-10-01
134828211,5200000000,2026-10-01
134828372,3700000000,2026-10-01
134828427,4300000000,2026-10-01
134828678,680000000,2026-10-01
134828764,4380000000,2026-10-01
134828822,2600000000,2026-10-01
134828835,8500000000,2026-10-01
134828837,5850000000,2026-10-01
134828896,2380000000,2026-10-01
134828927,4750000000,2026-10-01
134828932,4800000000,2026-10-01
134828950,3000000000,2026-10-01
134829114,2650000000,2026-10-01
134829239,35500000000,2026-10-01
134829281,2290000000,2026-10-01
134829440,15900000000,2026-10-01
134829659,8500000000,2026-10-01
134829674,4000000000,2026-10-01
134829996,9600000000,2026-10-01
134830040,3650000000,2026-10-01
134830159,860000000,2026-10-01
134830185,14500000000,2026-10-01
134830191,600000000,2026-10-01
134830256,890000000,2026-10-01
134830310,3850000000,2026-10-01
134830344,2290000000,2026-10-01
134830512,400000000,2026-10-01
134830531,2250000000,2026-10-01
134830565,1300000000,2026-10-01
134830587,2750000000,2026-10-01
134830625,3000000000,2026-10-01
134830662,3990000000,2026-10-01
134830753,7500000000,2026-10-01
134830876,8500000000,2026-10-01
134830928,10500000000,2026-10-01
134830931,5600000000,2026-10-01
134831238,820000000,2026-10-01
134831360,590000000,2026-10-01
134831409,15000000000,2026-10-01
134831517,17500000000,2026-10-01
134831519,6800000000,2026-10-01
134831539,2000000000,2026-10-01
134831555,2700000000,2026-10-01
134831785,25500000000,2026-10-01
134831812,3750000000,2026-10-01
134832028,3250000000,2026-10-01
134832058,6100000000,2026-10-01
134832155,3300000000,2026-10-01
134832210,990000000,2026-10-01
134832302,3200000000,2026-10-01
134832318,1890000000,2026-10-01
134832426,5500000000,2026-10-01
134832459,3750000000,2026-10-01
134832518,5500000000,2026-10-01
134832682,7800000000,2026-10-01
134832684,5900000000,2026-10-01
134833397,4700000000,2026-10-01
134833493,4900000000,2026-10-01
134833513,6100000000,2026-10-01
134833572,7500000000,2026-10-01
134833578,2200000000,2026-10-01
134833625,6900000000,2026-10-01
134833725,2050000000,2026-10-01
134833761,4000000000,2026-10-01
134833762,4200000000,2026-10-01
134833770,8250000000,2026-10-01
134833788,4250000000,2026-10-01
134833819,3600000000,2026-10-01
134834026,3900000000,2026-10-01
134834033,2000000000,2026-10-01
134834105,6000000000,2026-10-01
134834201,5000000000,2026-10-01
134834438,1360000000,2026-10-01
134834464,9000000000,2026-10-01
134834687,7500000000,2026-10-01
134834753,6600000000,2026-10-01
134835092,6200000000,2026-10-01
134835252,2850000000,2026-10-01
134835397,8200000000,2026-10-01
134835472,15800000000,2026-10-01
134835855,4599999999,2026-10-01
134835906,3250000000,2026-10-01
134836520,620000000,2026-10-01
134836867,5000000000,2026-10-01
134837018,3150000000,2026-10-01
134837311,6500000000,2026-10-01
134837317,4999000000,2026-10-01
134837395,1850000000,2026-10-01
134837429,8000000000,2026-10-01
134837546,6380000000,2026-10-01
134837864,2100000000,2026-10-01
134837868,3699000000,2026-10-01
134837929,1950000000,2026-10-01
134837988,10300000000,2026-10-01
134838067,4800000000,2026-10-01
134838233,19200000000,2026-10-01
134838469,18500000000,2026-10-01
134838543,125000000000,2026-10-01
134838628,4900000000,2026-10-01
134838784,11500000000,2026-10-01
134838940,12000000000,2026-10-01
134839062,7100000000,2026-10-01
134839105,123456789686,2026-10-01
134839290,3450000000,2026-10-01
134839353,15900000000,2026-10-01
134839573,2730000000,2026-10-01
134839718,7000000000,2026-10-01
134839835,6800000000,2026-10-01
134840025,40000000000,2026-10-01
134840214,8500000000,2026-10-01
134840421,24000000000,2026-10-01
134840599,3600000000,2026-10-01
134840603,2850000000,2026-10-01
134840616,5500000000,2026-10-01
134840617,2500000000,2026-10-01
134840874,1300000000,2026-10-01
134840897,16000000000,2026-10-01
134841187,2150000000,2026-10-01
134841226,6280000000,2026-10-01
134841376,4350000000,2026-10-01
134841517,3400000000,2026-10-01
134841676,4399999999,2026-10-01
134841704,4990000000,2026-10-01
134841761,1699000000,2026-10-01
134841865,10500000000,2026-10-01
134841913,13000000000,2026-10-01
134841921,950000000,2026-10-01
134841951,7400000000,2026-10-01
134842025,2850000000,2026-10-01
134842060,15000000000,2026-10-01
134842078,16800000000,2026-10-01
134842187,2700000000,2026-10-01
134842222,3880000000,2026-10-01
134842355,6300000000,2026-10-01
134842442,1900000000,2026-10-01
134842476,3500000000,2026-10-01
134842660,1530000000,2026-10-01
134842733,2200000000,2026-10-01
134842816,2870000000,2026-10-01
134842825,8300000000,2026-10-01
134842884,10200000000,2026-10-01
134842900,1750000000,2026-10-01
134843053,8700000000,2026-10-01
134843110,480000000,2026-10-01
134843120,2200000000,2026-10-01
134843220,4800000000,2026-10-01
134843253,4410000000,2026-10-01
134843286,6000000000,2026-10-01
134843302,1360000000,2026-10-01
134843398,23000000000,2026-10-01
134843454,5400000088,2026-10-01
134843619,4200000000,2026-10-01
134843698,4410000000,2026-10-01
134843709,13000000000,2026-10-01
134843744,3500000000,2026-10-01
134843758,23000000000,2026-10-01
134843873,6300000000,2026-10-01
134843885,4900000000,2026-10-01
134843918,3470000000,2026-10-01
134843942,5090000000,2026-10-01
134843949,6500000000,2026-10-01
134843955,5900000000,2026-10-01
134843998,2500000000,2026-10-01
134844004,2700000000,2026-10-01
134844127,3550000000,2026-10-01
134844156,4900000000,2026-10-01
134844183,10600000000,2026-10-01
134844211,4100000000,2026-10-01
134844225,5400000000,2026-10-01
134844280,1500000000,2026-10-01
134844337,3600000000,2026-10-01
134844352,7200000000,2026-10-01
134844383,2200000000,2026-10-01
134844385,950000000,2026-10-01
134844389,2980000000,2026-10-01
134844422,2699999999,2026-10-01
134844449,2750000000,2026-10-01
134844512,6600000000,2026-10-01
134844570,3150000000,2026-10-01
134844695,4300000000,2026-10-01
134844711,2500000000,2026-10-01
134844733,2850000000,2026-10-01
134844803,5800000000,2026-10-01
134844864,6000000000,2026-10-01
134844905,3350000000,2026-10-01
134845011,2300000000,2026-10-01
134845052,2300000000,2026-10-01
134845151,2650000000,2026-10-01
134845157,3000000000,2026-10-01
134845174,4480000000,2026-10-01
134845183,5750000000,2026-10-01
134845212,25000000000,2026-10-01
134845378,12200000000,2026-10-01
134845394,15800000000,2026-10-01
134845477,8000000000,2026-10-01
134845542,2200000000,2026-10-01
134845573,2700000000,2026-10-01
134845588,17500000000,2026-10-01
134845604,5700000000,2026-10-01
134845647,6800000000,2026-10-01
134845810,8800000000,2026-10-01
134845854,6000000000,2026-10-01
134845885,3300000000,2026-10-01
134846003,5400000000,2026-10-01
134846053,3250000000,2026-10-01
134846167,5680000000,2026-10-01
134846244,3900000000,2026-10-01
134846353,8100000000,2026-10-01
134846366,4800000000,2026-10-01
134846367,2700000000,2026-10-01
134846533,1880000000,2026-10-01
134846674,6500000000,2026-10-01
134846708,3000000000,2026-10-01
134846804,5750000000,2026-10-01
134846895,13000000000,2026-10-01
134846933,6980000000,2026-10-01
134846952,3600000000,2026-10-01
134846985,3200000000,2026-10-01
134847015,5080000000,2026-10-01
134847028,4500000000,2026-10-01
134847517,5400000000,2026-10-01
134847617,5390000000,2026-10-01
134848204,3400000000,2026-10-01
134848356,5750000000,2026-10-01
134848468,5050000000,2026-10-01
134848635,5900000000,2026-10-01
134848733,4450000000,2026-10-01
134848760,6700000000,2026-10-01
134848763,1200000000,2026-10-01
134848822,5850000000,2026-10-01
134848895,1700000000,2026-10-01
134848965,3680000000,2026-10-01
134849028,1950000000,2026-10-01
134849125,7300000000,2026-10-01
134849136,5600000000,2026-10-01
134849140,5100000000,2026-10-01
134849268,7000000000,2026-10-01
134849355,24500000000,2026-10-01
134849474,5550000000,2026-10-01
134849589,5550000000,2026-10-01
134849670,4650000000,2026-10-01
134849749,2700000000,2026-10-01
134849764,9000000000,2026-10-01
134849814,9050000000,2026-10-01
134849852,5800000000,2026-10-01
134849897,1450000000,2026-10-01
134849945,2300000000,2026-10-01
134849950,170000000000,2026-10-01
134850001,2500000000,2026-10-01
134850093,2700000000,2026-10-01
134850105,5850000000,2026-10-01
134850189,3300000000,2026-10-01
134850219,890000000,2026-10-01
134850306,4750000000,2026-10-01
134850521,2900000000,2026-10-01
134850534,1799000000,2026-10-01
134850593,3000000000,2026-10-01
134850780,5050000000,2026-10-01
134850802,2280000000,2026-10-01
134850859,2400000000,2026-10-01
134850866,1350000000,2026-10-01
134850943,3300000000,2026-10-01
134850946,890000000,2026-10-01
134850950,1990000000,2026-10-01
134850963,12000000000,2026-10-01
134850979,6900000000,2026-10-01
134851003,14500000000,2026-10-01
134851044,470000000,2026-10-01
134851067,4100000000,2026-10-01
134851414,3000000000,2026-10-01
134851451,5950000000,2026-10-01
134851624,26500000000,2026-10-01
134851745,3500000000,2026-10-01
134851772,5800000008,2026-10-01
134851810,750000000,2026-10-01
134851852,6900000000,2026-10-01
134851881,4200000000,2026-10-01
134851900,4700000000,2026-10-01
134852084,4750000000,2026-10-01
134852327,7600000000,2026-10-01
134852332,3200000000,2026-10-01
134852391,1550000000,2026-10-01
134852767,2200000000,2026-10-01
134852773,950000000,2026-10-01
134852994,3200000000,2026-10-01
134853006,9400000000,2026-10-01
134853031,3000000000,2026-10-01
134853090,2948000000,2026-10-01
134853128,6500000000,2026-10-01
134853227,5100000000,2026-10-01
134853298,6000000000,2026-10-01
134853399,10400000000,2026-10-01
134853533,5500000000,2026-10-01
134853540,6950000000,2026-10-01
134853652,2000000000,2026-10-01
134854112,2850000000,2026-10-01
134854175,3900000000,2026-10-01
134854235,1000000000,2026-10-01
134854349,1100000000,2026-10-01
134854520,5900000000,2026-10-01
134854576,360000000,2026-10-01
134854673,3800000000,2026-10-01
134854698,900000000000,2026-10-01
134854729,4900000000,2026-10-01
134854928,15800000000,2026-10-01
134855036,11500000000,2026-10-01
134855203,6000000000,2026-10-01
134855268,6500000000,2026-10-01
134855341,4250000000,2026-10-01
134855414,6800000000,2026-10-01
134855680,6800000000,2026-10-01
134855713,3200000000,2026-10-01
134855729,3200000000,2026-10-01
134855902,25500000000,2026-10-01
134856080,10000000000,2026-10-01
134856132,3900000000,2026-10-01
134856160,4000000000,2026-10-01
134856169,3999000000,2026-10-01
134856215,2300000000,2026-10-01
134856251,11500000000,2026-10-01
134856290,1350000000,2026-10-01
134856306,3200000000,2026-10-01
134856742,3300000000,2026-10-01
134856806,5750000000,2026-10-01
134856810,7500000000,2026-10-01
134856948,4600000000,2026-10-01
134856988,6000000000,2026-10-01
134857188,7450000000,2026-10-01
134857316,4850000000,2026-10-01
134857405,2300000000,2026-10-01
134857418,3150000000,2026-10-01
134857433,3550000000,2026-10-01
134857437,10500000000,2026-10-01
134857453,3150000000,2026-10-01
134857709,3690000000,2026-10-01
134857740,2450000000,2026-10-01
134857840,3450000000,2026-10-01
134857941,5800000000,2026-10-01
134857952,3250000000,2026-10-01
134857970,2200000000,2026-10-01
134858023,4850000000,2026-10-01
134858059,4850000000,2026-10-01
134858084,4850000000,2026-10-01
134858105,4850000000,2026-10-01
134858146,4800000000,2026-10-01
134858172,4850000000,2026-10-01
134858188,1650000000,2026-10-01
134858202,4850000000,2026-10-01
134858221,4850000000,2026-10-01
134858246,4850000000,2026-10-01
134858411,7800000000,2026-10-01
134858442,5000000000,2026-10-01
134858460,3500000000,2026-10-01
134858548,3790000000,2026-10-01
134858787,25500000000,2026-10-01
134858800,3300000000,2026-10-01
134858946,2350000000,2026-10-01
134858947,6600000000,2026-10-01
134859043,2850000000,2026-10-01
134859056,8000000000,2026-10-01
134859477,2400000000,2026-10-01
134859832,3900000000,2026-10-01
134860121,22000000000,2026-10-01
134860175,1580000000,2026-10-01
134860202,41000000000,2026-10-01
134860305,19000000000,2026-10-01
134860340,5900000000,2026-10-01
134860484,7990000000,2026-10-01
134860489,18900000000,2026-10-01
134860757,2300000000,2026-10-01
134860802,2800000000,2026-10-01
134860813,1790000000,2026-10-01
134860845,4080000000,2026-10-01
134860882,2700000000,2026-10-01
134860930,600000000,2026-10-01
134861054,4600000000,2026-10-01
134861080,3350000000,2026-10-01
134861109,6600000000,2026-10-01
134861114,5500000000,2026-10-01
134861165,1960000000,2026-10-01
134861362,5800000000,2026-10-01
134861408,20000000000,2026-10-01
134861424,5100000000,2026-10-01
134861470,13900000000,2026-10-01
134861472,1600000000,2026-10-01
134861569,3950000000,2026-10-01
134861612,7000000000,2026-10-01
134861685,10200000000,2026-10-01
134861702,1800000000,2026-10-01
134861821,3990000000,2026-10-01
134861946,4700000000,2026-10-01
134862106,5750000000,2026-10-01
134862125,7500000000,2026-10-01
134862145,6750000000,2026-10-01
134862208,7900000000,2026-10-01
134862262,2800000000,2026-10-01
134862274,22000000000,2026-10-01
134862321,3450000000,2026-10-01
134862374,5000000000,2026-10-01
134862418,4600000000,2026-10-01
134862424,1800000000,2026-10-01
134862442,3870000000,2026-10-01
134862482,3400000000,2026-10-01
134862514,1200000000,2026-10-01
134862548,3680000000,2026-10-01
134862564,3400000000,2026-10-01
134862600,660000000,2026-10-01
134862705,3950000000,2026-10-01
134862721,1450000000,2026-10-01
134862729,360000000,2026-10-01
134862889,15000000000,2026-10-01
134862896,5600000000,2026-10-01
134862915,3700000000,2026-10-01
134862945,5500000000,2026-10-01
134862960,4750000000,2026-10-01
134863072,6200000000,2026-10-01
134863183,3000000000,2026-10-01
134863247,6000000000,2026-10-01
134863310,5500000000,2026-10-01
134863370,4290000000,2026-10-01
134863397,2400000000,2026-10-01
134863419,29500000000,2026-10-01
134863451,7350000000,2026-10-01
134863547,3900000000,2026-10-01
134863691,1650000000,2026-10-01
134863773,10000000000,2026-10-01
134863778,760000000,2026-10-01
134863819,2550000000,2026-10-01
134863887,10500000000,2026-10-01
134863927,5500000000,2026-10-01
134863972,8500000000,2026-10-01
134864044,4400000000,2026-10-01
134864209,2500000000,2026-10-01
134864229,3400000000,2026-10-01
134864250,11500000000,2026-10-01
134864637,16500000000,2026-10-01
134864732,4300000000,2026-10-01
134864910,2200000000,2026-10-01
134864920,17000000000,2026-10-01
134864964,3230000000,2026-10-01
134864992,4450000000,2026-10-01
134865032,3950000000,2026-10-01
134865069,2300000000,2026-10-01
134865139,790000000,2026-10-01
134865171,13900000000,2026-10-01
134865233,7500000000,2026-10-01
134865289,820000000,2026-10-01
134865512,3550000000,2026-10-01
134865843,7800000000,2026-10-01
134865887,45000000000,2026-10-01
134866029,2900000000,2026-10-01
134866233,2350000000,2026-10-01
134866292,3600000000,2026-10-01
134866392,2980000000,2026-10-01
134866447,21542400000,2026-10-01
134866473,4600000000,2026-10-01
134866712,4000000000,2026-10-01
134866715,12000000000,2026-10-01
134866724,28000000000,2026-10-01
134866728,33000000000,2026-10-01
134866730,9000000000,2026-10-01
134866735,15000000000,2026-10-01
134866737,19000000000,2026-10-01
134866750,6200000000,2026-10-01
134866752,5000000000,2026-10-01
134866765,22000000000,2026-10-01
134866769,4800000000,2026-10-01
134866772,30000000000,2026-10-01
134866781,2000000000,2026-10-01
134866783,13000000000,2026-10-01
134866792,5350000000,2026-10-01
134866793,4000000000,2026-10-01
134866798,5000000000,2026-10-01
134866815,3000000000,2026-10-01
134866818,7000000000,2026-10-01
134866823,7900000000,2026-10-01
134866838,7000000000,2026-10-01
134866846,1850000000,2026-10-01
134866865,4600000000,2026-10-01
134866866,14000000000,2026-10-01
134866877,10000000000,2026-10-01
134866888,21500000000,2026-10-01
134866899,8000000000,2026-10-01
134866905,8000000000,2026-10-01
134866906,5200000000,2026-10-01
134866910,10800000000,2026-10-01
134866912,2000000000,2026-10-01
134866916,9000000000,2026-10-01
134866919,10000000000,2026-10-01
134866926,5000000000,2026-10-01
134866941,13050000000,2026-10-01
134866942,32000000000,2026-10-01
134866946,18500000000,2026-10-01
134866950,20000000000,2026-10-01
134866951,7500000000,2026-10-01
134866959,4000000000,2026-10-01
134866966,16000000000,2026-10-01
134866971,9000000000,2026-10-01
134866980,5000000000,2026-10-01
134866983,11000000000,2026-10-01
134866990,6000000000,2026-10-01
134866993,5500000000,2026-10-01
134866996,60000000000,2026-10-01
134867004,11000000000,2026-10-01
134867015,13000000000,2026-10-01
134867019,4000000000,2026-10-01
134867022,8000000000,2026-10-01
134867026,13700000000,2026-10-01
134867031,9000000000,2026-10-01
134867044,5050000000,2026-10-01
134867049,11000000000,2026-10-01
134867054,13800000000,2026-10-01
134867057,25000000000,2026-10-01
134867060,11000000000,2026-10-01
134867065,11500000000,2026-10-01
134867075,4000000000,2026-10-01
134867080,10000000000,2026-10-01
134867087,9000000000,2026-10-01
134867094,2614000000,2026-10-01
134867095,8000000000,2026-10-01
134867100,12200000000,2026-10-01
134867104,29500000000,2026-10-01
134867106,7000000000,2026-10-01
134867110,22000000000,2026-10-01
134867124,33500000000,2026-10-01
134867142,26000000000,2026-10-01
134867150,4000000000,2026-10-01
134867157,16000000000,2026-10-01
134867161,9000000000,2026-10-01
134867177,7000000000,2026-10-01
134867184,50000000000,2026-10-01
134867196,20500000000,2026-10-01
134867197,11000000000,2026-10-01
134867211,6050000000,2026-10-01
134867217,5100000000,2026-10-01
134867228,11000000000,2026-10-01
134867232,12000000000,2026-10-01
134867237,9600000000,2026-10-01
134867246,7000000000,2026-10-01
134867259,13000000000,2026-10-01
134867266,6800000000,2026-10-01
134867271,13800000000,2026-10-01
134867275,10000000000,2026-10-01
134867277,4000000000,2026-10-01
134867288,50000000000,2026-10-01
134867307,5000000000,2026-10-01
134867321,7600000000,2026-10-01
134867337,7000000000,2026-10-01
134867352,4269610000,2026-10-01
134867410,3200000000,2026-10-01
134867414,6200000000,2026-10-01
134867416,6930000000,2026-10-01
134867422,2390000000,2026-10-01
134867434,2870000000,2026-10-01
134867465,1400000000,2026-10-01
134867470,3580000000,2026-10-01
134867487,3200000000,2026-10-01
134867504,3650000000,2026-10-01
134867517,2460000000,2026-10-01
134867560,870000000,2026-10-01
134867600,4700000000,2026-10-01
134867625,4300000000,2026-10-01
134867640,4200000000,2026-10-01
134867655,3900000000,2026-10-01
134867677,3800000000,2026-10-01
134867690,2000000000,2026-10-01
134867695,2700000000,2026-10-01
134867703,3200000000,2026-10-01
134867711,5000000000,2026-10-01
134867725,3150000000,2026-10-01
134867743,2850000000,2026-10-01
134867749,4100000000,2026-10-01
134867771,3000000000,2026-10-01
134867777,2000000000,2026-10-01
134867805,3400000000,2026-10-01
134867820,2530000000,2026-10-01
134867826,1985000000,2026-10-01
134867830,4200000000,2026-10-01
134867853,3200000000,2026-10-01
134867911,2720000000,2026-10-01
134867986,3200000000,2026-10-01
134867998,4200000000,2026-10-01
134868025,3050000000,2026-10-01
134868028,3900000000,2026-10-01
134868036,3750000000,2026-10-01
134868068,2300000000,2026-10-01
134868109,4050000000,2026-10-01
134868121,2350000000,2026-10-01
134868170,3050000000,2026-10-01
134868212,28000000000,2026-10-01
134868273,9800000000,2026-10-01
134868396,3800000000,2026-10-01
134868398,4200000000,2026-10-01
134868427,1450000000,2026-10-01
134868436,2700000000,2026-10-01
134868439,2500000000,2026-10-01
134868490,6000000000,2026-10-01
134868543,2450000000,2026-10-01
134868581,3800000000,2026-10-01
134868586,5000000000,2026-10-01
134868587,1599000000,2026-10-01
134868601,4000000000,2026-10-01
134868624,250000000,2026-10-01
134868715,25800000000,2026-10-01
134868746,2150000000,2026-10-01
134868752,5000000000,2026-10-01
134868829,3050000000,2026-10-01
134868937,4800000000,2026-10-01
134868940,2950000000,2026-10-01
134868961,9500000000,2026-10-01
134869018,5250000000,2026-10-01
134869128,7190000000,2026-10-01
134869167,4500000000,2026-10-01
134869195,3700000000,2026-10-01
134869210,13000000000,2026-10-01
134869218,4300000000,2026-10-01
134869252,2000000000,2026-10-01
134869262,8800000000,2026-10-01
134869418,2220000000,2026-10-01
134869420,650000000,2026-10-01
134869453,2450000000,2026-10-01
134869559,5950000000,2026-10-01
134869643,2850000000,2026-10-01
134869646,1599000000,2026-10-01
134869719,11500000000,2026-10-01
134869816,16000000000,2026-10-01
134869985,4700000000,2026-10-01
134870015,4700000000,2026-10-01
134870041,4200000000,2026-10-01
134870082,2500000000,2026-10-01
134870203,3230000000,2026-10-01
134870244,15000000000,2026-10-01
134870270,3850000000,2026-10-01
134870277,6750000000,2026-10-01
134870455,2300000000,2026-10-01
134870530,3600000000,2026-10-01
134870541,9300000000,2026-10-01
134870559,3000000000,2026-10-01
134870581,11500000000,2026-10-01
134870589,2680000000,2026-10-01
134870620,9100000000,2026-10-01
134870973,28000000000,2026-10-01
134871005,5800000000,2026-10-01
134871156,5500000000,2026-10-01
134871174,1500000000,2026-10-01
134871180,3400000000,2026-10-01
134871304,5800000000,2026-10-01
134871399,2600000000,2026-10-01
134871748,9000000000,2026-10-01
134871779,12900000000,2026-10-01
134871839,950000000,2026-10-01
134871889,5650000000,2026-10-01
134871905,6700000000,2026-10-01
134872048,2600000000,2026-10-01
134872049,4900000000,2026-10-01
134872103,75000000000,2026-10-01
134872139,1600000000,2026-10-01
134872186,3950000000,2026-10-01
134872194,3000000000,2026-10-01
134872359,4400000000,2026-10-01
134872544,550000000,2026-10-01
134872552,3190000000,2026-10-01
134872595,5950000000,2026-10-01
134872757,1450000000,2026-10-01
134872807,16500000000,2026-10-01
134872832,1400000000,2026-10-01
134872833,3650000000,2026-10-01
134872951,1150000000,2026-10-01
134872969,4700000000,2026-10-01
134873017,4650000000,2026-10-01
134873025,4500000000,2026-10-01
134873102,6500000000,2026-10-01
134873232,4650000000,2026-10-01
134873588,21000000000,2026-10-01
134873628,9800000000,2026-10-01
134873678,9900000000,2026-10-01
134873749,4500000000,2026-10-01
134873814,3300000000,2026-10-01
134874694,4680000000,2026-10-01
134874840,4800000000,2026-10-01
134874950,750000000,2026-10-01
134875094,4400000000,2026-10-01
134875331,7250000000,2026-10-01
134875347,5000000000,2026-10-01
134875352,5550000000,2026-10-01
134875358,8000000000,2026-10-01
134875363,40000000000,2026-10-01
134875375,8300000000,2026-10-01
134875379,27000000000,2026-10-01
134875383,23510000000,2026-10-01
134875386,14900000000,2026-10-01
134875392,7000000000,2026-10-01
134875398,1000000000,2026-10-01
134875408,15600000000,2026-10-01
134875413,5100000000,2026-10-01
134875418,18000000000,2026-10-01
134875423,1000000000,2026-10-01
134875428,2000000000,2026-10-01
134875431,8250000000,2026-10-01
134875434,8680000000,2026-10-01
134875440,11000000000,2026-10-01
134875443,5000000000,2026-10-01
134875444,5800000000,2026-10-01
134875445,6100000000,2026-10-01
134875447,5300000000,2026-10-01
134875451,2300000000,2026-10-01
134875452,10000000000,2026-10-01
134875456,6800000000,2026-10-01
134875467,9800000000,2026-10-01
134875470,3500000000,2026-10-01
134875475,2000000000,2026-10-01
134875494,15000000000,2026-10-01
134875499,33500000000,2026-10-01
134875508,10000000000,2026-10-01
134875525,9800000000,2026-10-01
134875536,4000000000,2026-10-01
134875543,1950000000,2026-10-01
134875556,4600000000,2026-10-01
134875559,7900000000,2026-10-01
134875563,3490000000,2026-10-01
134875572,6680000000,2026-10-01
134875574,8600000000,2026-10-01
134875579,7950000000,2026-10-01
134875584,4000000000,2026-10-01
134875590,3200000000,2026-10-01
134875597,5600000000,2026-10-01
134875610,5790000000,2026-10-01
134875616,3000000000,2026-10-01
134875621,2000000000,2026-10-01
134875630,5200000000,2026-10-01
134875635,10000000000,2026-10-01
134875637,1000000000,2026-10-01
134875642,15000000000,2026-10-01
134875654,22000000000,2026-10-01
134875669,15399000000,2026-10-01
134875673,3000000000,2026-10-01
134875679,26000000000,2026-10-01
134875681,6700000000,2026-10-01
134875684,1950000000,2026-10-01
134875704,23900000000,2026-10-01
134875716,3000000000,2026-10-01
134875723,23500000000,2026-10-01
134875725,4050000000,2026-10-01
134875727,8000000000,2026-10-01
134875737,2520000000,2026-10-01
134875762,7000000000,2026-10-01
134875773,8000000000,2026-10-01
134875776,1900000000,2026-10-01
134875777,13000000000,2026-10-01
134875787,6300000000,2026-10-01
134875804,3000000000,2026-10-01
134875809,5000000000,2026-10-01
134875814,6300000000,2026-10-01
134875823,4000000000,2026-10-01
134875847,9000000000,2026-10-01
134875851,4090000000,2026-10-01
134875855,3200000000,2026-10-01
134875863,8000000000,2026-10-01
134875869,8000000000,2026-10-01
134875880,4000000000,2026-10-01
134875882,8000000000,2026-10-01
134875885,7000000000,2026-10-01
134875887,11000000000,2026-10-01
134875894,5000000000,2026-10-01
134875904,7000000000,2026-10-01
134875926,5000000000,2026-10-01
134875927,6500000000,2026-10-01
134875930,2000000000,2026-10-01
134875933,8000000000,2026-10-01
134875937,6000000000,2026-10-01
134875939,6000000000,2026-10-01
134875941,11000000000,2026-10-01
134875946,520000000,2026-10-01
134875950,4000000000,2026-10-01
134875961,15000000000,2026-10-01
134875971,11000000000,2026-10-01
134875978,6000000000,2026-10-01
134875983,890000000,2026-10-01
134875986,3950000000,2026-10-01
134875992,2000000000,2026-10-01
134875999,5000000000,2026-10-01
134876000,5000000000,2026-10-01
134876008,7000000000,2026-10-01
134876012,4000000000,2026-10-01
134876019,3000000000,2026-10-01
134876024,5000000000,2026-10-01
134876025,3000000000,2026-10-01
134876026,7800000000,2026-10-01
134876029,2000000000,2026-10-01
134876030,5000000000,2026-10-01
134876039,14500000000,2026-10-01
134876047,8000000000,2026-10-01
134876050,3000000000,2026-10-01
134876054,5350000000,2026-10-01
134876164,6000000000,2026-10-01
134876299,6800000000,2026-10-01
134876329,19900000000,2026-10-01
134876388,5400000000,2026-10-01
134876397,1800000000,2026-10-01
134876398,2900000000,2026-10-01
134876403,1800000000,2026-10-01
134876408,2500000000,2026-10-01
134876414,2300000000,2026-10-01
134876424,2850000000,2026-10-01
134876463,5000000000,2026-10-01
134876624,5850000000,2026-10-01
134876722,3650000000,2026-10-01
134876800,1460000000,2026-10-01
134877017,4600000000,2026-10-01
134877046,4600000000,2026-10-01
134877090,4400000000,2026-10-01
134877120,4790000000,2026-10-01
134877161,2100000000,2026-10-01
134877180,3150000000,2026-10-01
134877187,4800000000,2026-10-01
134877193,3150000000,2026-10-01
134877200,6100000000,2026-10-01
134877226,7700000000,2026-10-01
134877230,2800000,2026-10-01
134877239,9265000000,2026-10-01
134877254,11680000000,2026-10-01
134877256,5800000000,2026-10-01
134877281,13800000000,2026-10-01
134877290,3500000000,2026-10-01
134877315,3500000000,2026-10-01
134877320,2100000000,2026-10-01
134877328,3600000000,2026-10-01
134877339,4650000000,2026-10-01
134877354,3500000000,2026-10-01
134877373,34500000000,2026-10-01
134877491,2350000000,2026-10-01
134877625,6100000000,2026-10-01
134877750,7200000000,2026-10-01
134877793,3700000000,2026-10-01
134877892,3350000000,2026-10-01
134878127,1800000000,2026-10-01
134878246,6500000000,2026-10-01
134878416,2599999990,2026-10-01
134878542,1390000000,2026-10-01
134878549,12500000000,2026-10-01
134878557,2300000000,2026-10-01
134878620,2000000000,2026-10-01
134878923,3000000000,2026-10-01
134878925,7000000000,2026-10-01
134878929,8800000000,2026-10-01
134878930,2500000000,2026-10-01
134878932,1000000000,2026-10-01
134878933,4000000000,2026-10-01
134878934,10200000000,2026-10-01
134878935,4000000000,2026-10-01
134878936,10350000000,2026-10-01
134878937,4000000000,2026-10-01
134878938,19000000000,2026-10-01
134878939,2300000000,2026-10-01
134878942,2200000000,2026-10-01
134878944,3000000000,2026-10-01
134878945,4000000000,2026-10-01
134878946,1000000000,2026-10-01
134878947,9450000000,2026-10-01
134878949,8500000000,2026-10-01
134878953,1000000000,2026-10-01
134878954,6476000000,2026-10-01
134878955,5000000000,2026-10-01
134878956,2300000000,2026-10-01
134878957,3000000000,2026-10-01
134878958,2000000000,2026-10-01
134878959,3000000000,2026-10-01
134878960,4000000000,2026-10-01
134878964,4000000000,2026-10-01
134878966,2000000000,2026-10-01
134878968,7000000000,2026-10-01
134878969,5700000000,2026-10-01
134878971,10300000000,2026-10-01
134878973,21450000000,2026-10-01
134878974,2000000000,2026-10-01
134878975,1600000000,2026-10-01
134878977,9000000000,2026-10-01
134878978,1000000000,2026-10-01
134878979,2000000000,2026-10-01
134878980,3000000000,2026-10-01
134878981,4000000000,2026-10-01
134878984,7000000000,2026-10-01
134878985,10000000000,2026-10-01
134878986,3600000000,2026-10-01
134878987,2000000000,2026-10-01
134878988,5000000000,2026-10-01
134878989,4000000000,2026-10-01
134878991,3000000000,2026-10-01
134878993,4300000000,2026-10-01
134878994,3000000000,2026-10-01
134878995,8750000000,2026-10-01
134878996,3000000000,2026-10-01
134878997,3000000000,2026-10-01
134878998,7000000000,2026-10-01
134878999,1000000000,2026-10-01
134879001,4000000000,2026-10-01
134879002,5000000000,2026-10-01
134879003,20000000000,2026-10-01
134879004,4000000000,2026-10-01
134879005,2000000000,2026-10-01
134879006,4000000000,2026-10-01
134879008,9000000000,2026-10-01
134879009,6000000000,2026-10-01
134879013,11000000000,2026-10-01
134879014,4250000000,2026-10-01
134879015,3000000000,2026-10-01
134879016,4000000000,2026-10-01
134879017,1600000000,2026-10-01
134879018,3000000000,2026-10-01
134879020,1000000000,2026-10-01
134879021,1200000000,2026-10-01
134879023,1000000000,2026-10-01
134879025,2000000000,2026-10-01
134879027,4000000000,2026-10-01
134879028,1000000000,2026-10-01
134879029,4000000000,2026-10-01
134879030,1000000000,2026-10-01
134879031,2000000000,2026-10-01
134879034,2000000000,2026-10-01
134879035,11000000000,2026-10-01
134879036,7000000000,2026-10-01
134879038,3000000000,2026-10-01
134879039,3000000000,2026-10-01
134879040,2000000000,2026-10-01
134879041,3000000000,2026-10-01
134879042,4000000000,2026-10-01
134879043,3000000000,2026-10-01
134879045,3000000000,2026-10-01
134879046,3000000000,2026-10-01
134879048,3000000000,2026-10-01
134879049,5000000000,2026-10-01
134879050,1700000000,2026-10-01
134879051,3000000000,2026-10-01
134879053,21000000000,2026-10-01
134879054,1000000000,2026-10-01
134879056,12500000000,2026-10-01
134879057,1520000000,2026-10-01
134879058,4000000000,2026-10-01
134879059,2000000000,2026-10-01
134879060,1050000000,2026-10-01
134879061,4000000000,2026-10-01
134879062,499000000,2026-10-01
134879064,2000000000,2026-10-01
134879065,4000000000,2026-10-01
134879067,4000000000,2026-10-01
134879068,8000000000,2026-10-01
134879071,2700000000,2026-10-01
134879072,2200000000,2026-10-01
134879074,1700000000,2026-10-01
134879075,8200000000,2026-10-01
134879076,5000000000,2026-10-01
134879077,600000000,2026-10-01
134879078,4000000000,2026-10-01
134879079,3000000000,2026-10-01
134879080,5000000000,2026-10-01
134879083,1552000000,2026-10-01
134879084,2500000000,2026-10-01
134879085,3000000000,2026-10-01
134879086,4000000000,2026-10-01
134879087,4100000000,2026-10-01
134879089,5000000000,2026-10-01
134879091,1200000000,2026-10-01
134879092,2200000000,2026-10-01
134879093,4000000000,2026-10-01
134879095,6000000000,2026-10-01
134879096,2000000000,2026-10-01
134879098,9095000000,2026-10-01
134879503,4000000000,2026-10-01
134879631,3750000000,2026-10-01
134879833,3000000000,2026-10-01
134879836,4750000000,2026-10-01
134879837,2000000000,2026-10-01
134879844,3000000000,2026-10-01
134879850,8000000000,2026-10-01
134879858,2000000000,2026-10-01
134879863,5376000000,2026-10-01
134879881,6000000000,2026-10-01
134879886,7900000000,2026-10-01
134880066,1350000000,2026-10-01
134880090,3790000000,2026-10-01
134880132,2665000000,2026-10-01
134880143,7900000000,2026-10-01
134880253,2990000000,2026-10-01
134880296,9600000000,2026-10-01
134880329,3390000000,2026-10-01
134880364,4100000000,2026-10-01
134880405,12000000000,2026-10-01
134880555,810000000,2026-10-01
134880763,2650000000,2026-10-01
134880801,1300000000,2026-10-01
134880877,1068000000,2026-10-01
134880948,3300000000,2026-10-01
134881001,8500000000,2026-10-01
134881096,750000000,2026-10-01
134881113,680000000,2026-10-01
134881118,1250000000,2026-10-01
134881157,6000000000,2026-10-01
134881170,4750000000,2026-10-01
134881216,1150000000,2026-10-01
134881272,5500000000,2026-10-01
134881325,3300000000,2026-10-01
134881327,520000000,2026-10-01
134881425,6000000000,2026-10-01
134881588,11700000000,2026-10-01
134881741,4000000000,2026-10-01
134881799,3450000000,2026-10-01
134881825,8900000000,2026-10-01
134881900,560000000,2026-10-01
134881927,3200000000,2026-10-01
134881936,930000000,2026-10-01
134882014,8200000000,2026-10-01
134882028,890000000,2026-10-01
134882034,2300000000,2026-10-01
134882186,3333200000,2026-10-01
134882208,650000000,2026-10-01
134882216,4900000000,2026-10-01
134882223,9000000000,2026-10-01
134882235,19000000000,2026-10-01
134882274,3100000000,2026-10-01
134882292,7200000000,2026-10-01
134882475,23100000000,2026-10-01
134882542,2800000000,2026-10-01
134882569,21500000000,2026-10-01
134882739,6100000000,2026-10-01
134882771,5100000000,2026-10-01
134882779,5400000000,2026-10-01
134882795,25000000000,2026-10-01
134882809,6950000000,2026-10-01
134882866,5700000000,2026-10-01
134882905,4300000000,2026-10-01
134882972,3030000000,2026-10-01
134883026,2190000000,2026-10-01
134883075,18000000000,2026-10-01
134883105,18500000000,2026-10-01
134883165,4400000000,2026-10-01
134883186,2800000000,2026-10-01
134883190,4990000000,2026-10-01
134883197,3350000000,2026-10-01
134883203,6200000000,2026-10-01
134883265,24000000000,2026-10-01
134883328,4990000000,2026-10-01
134883344,1225000000,2026-10-01
134883414,8500000000,2026-10-01
134883483,2360000000,2026-10-01
134883538,2380000000,2026-10-01
134883543,5200000000,2026-10-01
134883556,15200000000,2026-10-01
134883580,6250000000,2026-10-01
134883590,2800000000,2026-10-01
134883665,2800000000,2026-10-01
134883709,3500000000,2026-10-01
134883724,2880000000,2026-10-01
134883804,800000000,2026-10-01
134883874,7500000000,2026-10-01
134883887,5000000000,2026-10-01
134883895,2650000000,2026-10-01
134883902,7800000000,2026-10-01
134883908,5000000000,2026-10-01
134883962,7100000000,2026-10-01
134884001,50000000000,2026-10-01
134884038,3500000000,2026-10-01
134884191,1750000000,2026-10-01
134884272,990000000,2026-10-01
134884328,6600000000,2026-10-01
134884453,3800000000,2026-10-01
134884582,6300000000,2026-10-01
134884584,5500000000,2026-10-01
134884684,4410000000,2026-10-01
134884710,2800000000,2026-10-01
134884906,6950000000,2026-10-01
134884909,22500000000,2026-10-01
134884926,5100000000,2026-10-01
134884959,3100000000,2026-10-01
134885098,580000000,2026-10-01
134885118,4200000000,2026-10-01
134885144,5360000000,2026-10-01
134885367,2020000000,2026-10-01
134885444,4500000000,2026-10-01
134885754,1950000000,2026-10-01
134885866,5200000000,2026-10-01
134885892,2000000000,2026-10-01
134885929,17000000000,2026-10-01
134885938,6900000000,2026-10-01
134885982,4500000000,2026-10-01
134886132,1500000000,2026-10-01
134886144,5800000000,2026-10-01
134886154,7200000000,2026-10-01
134886397,24500000000,2026-10-01
134886658,8200000000,2026-10-01
134886724,5900000000,2026-10-01
134886895,3400000000,2026-10-01
134886960,4500000000,2026-10-01
134887123,2250000000,2026-10-01
134887143,4660000000,2026-10-01
134887234,1860000000,2026-10-01
134887305,11110000000,2026-10-01
134887420,6170000000,2026-10-01
134887433,7900000000,2026-10-01
134887796,6800000000,2026-10-01
134887887,28200000000,2026-10-01
134887907,3400000000,2026-10-01
134887934,6200000000,2026-10-01
134888004,20000000000,2026-10-01
134888022,30500000000,2026-10-01
134888116,1200000000,2026-10-01
134888142,1250000000,2026-10-01
134888246,1200000000,2026-10-01
134888316,3900000000,2026-10-01
134888422,4900000000,2026-10-01
134888473,2700000000,2026-10-01
134888621,13000000000,2026-10-01
134888660,2060000000,2026-10-01
134888667,2800000000,2026-10-01
134888752,3000000000,2026-10-01
134888787,5000000000,2026-10-01
134888808,3650000000,2026-10-01
134888903,1950000000,2026-10-01
134889002,1900000000,2026-10-01
134889009,2700000000,2026-10-01
134889017,3000000000,2026-10-01
134889068,8099999999,2026-10-01
134889155,950000000,2026-10-01
134889211,4850000000,2026-10-01
134889241,12000000000,2026-10-01
134889293,4700000000,2026-10-01
134889369,2260000000,2026-10-01
134889388,8171000000,2026-10-01
134889393,4000000000,2026-10-01
134889402,4150000000,2026-10-01
134889428,2850000000,2026-10-01
134889465,2300000000,2026-10-01
134889496,5580000000,2026-10-01
134889512,7600000000,2026-10-01
134889556,2750000000,2026-10-01
134889672,3300000000,2026-10-01
134889744,3200000000,2026-10-01
134889756,14300000000,2026-10-01
134889826,3300000000,2026-10-01
134889869,350000000,2026-10-01
134889948,6300000000,2026-10-01
134889954,2400000000,2026-10-01
134889992,5900000000,2026-10-01
134890007,8100000000,2026-10-01
134890061,500000000,2026-10-01
134890091,3300000000,2026-10-01
134890272,680000000,2026-10-01
134890450,11000000000,2026-10-01
134890505,8100000000,2026-10-01
134890525,2560000000,2026-10-01
134890565,7600000000,2026-10-01
134890619,8300000000,2026-10-01
134890645,1200000000,2026-10-01
134890684,3000000000,2026-10-01
134890708,2900000000,2026-10-01
134890712,2150000000,2026-10-01
134890724,400000000,2026-10-01
134890760,3200000000,2026-10-01
134891041,6100000000,2026-10-01
134891042,5200000000,2026-10-01
134891158,4450000000,2026-10-01
134891180,26400000000,2026-10-01
134891283,6500000000,2026-10-01
134891408,9000000000,2026-10-01
134891444,100000000000,2026-10-01
134891469,3900000000,2026-10-01
134891554,4000000000,2026-10-01
134891598,2300000000,2026-10-01
134891636,25000000000,2026-10-01
134891699,3500000000,2026-10-01
134891765,6000000000,2026-10-01
134891849,8300000000,2026-10-01
134891989,2590000000,2026-10-01
134892088,620000000,2026-10-01
134892184,490000000,2026-10-01
134892559,16500000000,2026-10-01
134892745,2800000000,2026-10-01
134893101,4700000000,2026-10-01
134893161,3600000000,2026-10-01
134893247,4900000000,2026-10-01
134893293,3250000000,2026-10-01
134893399,3750000000,2026-10-01
134893520,9600000000,2026-10-01
134893526,12000000000,2026-10-01
134893578,4900000000,2026-10-01
134893703,4100000000,2026-10-01
134893809,7000000000,2026-10-01
134894071,3100000000,2026-10-01
134894128,3220000000,2026-10-01
134894131,1700000000,2026-10-01
134894146,4700000000,2026-10-01
134894150,25000000000,2026-10-01
134894277,10500000000,2026-10-01
134894385,2350000000,2026-10-01
134894416,4100000000,2026-10-01
134894650,3150000000,2026-10-01
134894802,4200000000,2026-10-01
134895026,2900000000,2026-10-01
134895074,11800000000,2026-10-01
134895102,3400000000,2026-10-01
134895189,5350000000,2026-10-01
134895197,1900000000,2026-10-01
134895247,6290000000,2026-10-01
134895339,2850000000,2026-10-01
134895350,10400000000,2026-10-01
134895363,5900000000,2026-10-01
134895488,4350000000,2026-10-01
134895564,3250000000,2026-10-01
134895607,9000000000,2026-10-01
134895677,2900000000,2026-10-01
134895723,59000000000,2026-10-01
134896037,2450000000,2026-10-01
134896416,2700000000,2026-10-01
134896427,5900000000,2026-10-01
134896430,2300000000,2026-10-01
134896468,3500000000,2026-10-01
134896592,9500000000,2026-10-01
134896781,11580000000,2026-10-01
134896857,2650000000,2026-10-01
134896917,4000000000,2026-10-01
134896986,4950000000,2026-10-01
134897014,47000000000,2026-10-01
134897141,3300000000,2026-10-01
134897337,3900000000,2026-10-01
134897339,4990000000,2026-10-01
134897412,3120000000,2026-10-01
134897414,5300000000,2026-10-01
134897422,8790000000,2026-10-01
134897505,15600000000,2026-10-01
134897561,3120000000,2026-10-01
134897666,2715000000,2026-10-01
134897676,9500000000,2026-10-01
134897832,2750000000,2026-10-01
134897853,2100000000,2026-10-01
134897866,2000000000,2026-10-01
134897894,3550000000,2026-10-01
134897982,8100000000,2026-10-01
134897989,12600000000,2026-10-01
134897995,3390000000,2026-10-01
134898024,5500000000,2026-10-01
134898052,1700000000,2026-10-01
134898110,2282000000,2026-10-01
134898244,8000000000,2026-10-01
134898273,2050000000,2026-10-01
134898301,3100000000,2026-10-01
134898347,9000000000,2026-10-01
134898619,23000000000,2026-10-01
134898634,6400000000,2026-10-01
134898694,11500000000,2026-10-01
134898731,400000000,2026-10-01
134898744,3200000000,2026-10-01
134898778,7200000000,2026-10-01
134898813,4500000000,2026-10-01
134898839,5000000000,2026-10-01
134898862,3690000000,2026-10-01
134898977,21500000000,2026-10-01
134899263,2000000000,2026-10-01
134899324,3500000000,2026-10-01
134899327,2500000000,2026-10-01
134899605,1290000000,2026-10-01
134899621,4280000000,2026-10-01
134899710,2400000000,2026-10-01
134899716,3490000000,2026-10-01
134899732,3300000000,2026-10-01
134899765,3480000000,2026-10-01
134899835,19800000000,2026-10-01
134899943,2500000000,2026-10-01
134899986,5900000000,2026-10-01
134900211,20800000000,2026-10-01
134900245,2710000000,2026-10-01
134900263,3950000000,2026-10-01
134900379,4800000000,2026-10-01
134900431,220000000,2026-10-01
134900470,3250000000,2026-10-01
134900643,2800000000,2026-10-01
134900732,4250000000,2026-10-01
134900733,2700000000,2026-10-01
134900850,10030000000,2026-10-01
134900886,6200000000,2026-10-01
134900954,5900000000,2026-10-01
134901080,6850000000,2026-10-01
134901162,26500000000,2026-10-01
134901181,8900000000,2026-10-01
134901190,5390000000,2026-10-01
134901305,790000000,2026-10-01
134901421,5500000000,2026-10-01
134901515,2370000000,2026-10-01
134901565,2500000000,2026-10-01
134901645,4800000000,2026-10-01
134901649,3600000000,2026-10-01
134901785,5500000000,2026-10-01
134901815,5890000000,2026-10-01
134901935,4500000000,2026-10-01
134902065,3550000000,2026-10-01
134902067,3900000000,2026-10-01
134902076,680000000,2026-10-01
134902157,5500000000,2026-10-01
134902266,5800000000,2026-10-01
134902293,7500000000,2026-10-01
134902470,8600000000,2026-10-01
134902495,12800000000,2026-10-01
134902510,3750000000,2026-10-01
134902589,7000000000,2026-10-01
134902610,3590000000,2026-10-01
134902639,3050000000,2026-10-01
134902711,3200000000,2026-10-01
134902739,4750000000,2026-10-01
134902838,3900000000,2026-10-01
134902867,4450000000,2026-10-01
134902888,6500000000,2026-10-01
134902996,4800000000,2026-10-01
134903184,3950000000,2026-10-01
134903193,7100000000,2026-10-01
134903316,5700000000,2026-10-01
134903340,4390000000,2026-10-01
134903412,3550000000,2026-10-01
134903444,3800000000,2026-10-01
134903526,13000000000,2026-10-01
134903580,4600000000,2026-10-01
134903761,3650000000,2026-10-01
134903805,23900000000,2026-10-01
134903955,6400000000,2026-10-01
134903956,19000000000,2026-10-01
134904441,3778000000,2026-10-01
134904614,3050000000,2026-10-01
134904719,600000000,2026-10-01
134904723,829000000,2026-10-01
134904852,33000000000,2026-10-01
134904940,2200000000,2026-10-01
134905000,2599000000,2026-10-01
134905070,4220000000,2026-10-01
134905094,16000000000,2026-10-01
134905177,7200000000,2026-10-01
134905281,18000000000,2026-10-01
134905283,2300000000,2026-10-01
134905330,3100000000,2026-10-01
134905371,4300000000,2026-10-01
134905388,3950000000,2026-10-01
134905433,4450000000,2026-10-01
134905442,5700000000,2026-10-01
134905526,45000000000,2026-10-01
134905532,5900000000,2026-10-01
134905597,5700000000,2026-10-01
134905665,800000000,2026-10-01
134905671,1100000000,2026-10-01
134905702,14800000000,2026-10-01
134905710,3290000000,2026-10-01
134905712,1290000000,2026-10-01
134905779,2000000000,2026-10-01
134905819,3800000000,2026-10-01
134905826,8000000000,2026-10-01
134905946,11700000000,2026-10-01
134905961,485000000,2026-10-01
134905994,4600000000,2026-10-01
134906036,2400000000,2026-10-01
134906164,6170000000,2026-10-01
134906259,8100000000,2026-10-01
134906446,6170000000,2026-10-01
134906490,1100000000,2026-10-01
134906564,3100000000,2026-10-01
134906684,4050000000,2026-10-01
134906694,1600000000,2026-10-01
134906833,1890000000,2026-10-01
134906938,4000000000,2026-10-01
134906955,8099000000,2026-10-01
134906956,11800000000,2026-10-01
134906988,7800000000,2026-10-01
134907031,2280000000,2026-10-01
134907091,5890000000,2026-10-01
134907139,2900000000,2026-10-01
134907160,570000000,2026-10-01
134907178,870000000,2026-10-01
134907235,2400000000,2026-10-01
134907556,6290000000,2026-10-01
134907564,980000000,2026-10-01
134907565,5100000000,2026-10-01
134907669,4000000000,2026-10-01
134907795,5600000000,2026-10-01
134907857,16000000000,2026-10-01
134907994,12500000000,2026-10-01
134908107,1700000000,2026-10-01
134908164,3850000000,2026-10-01
134908237,6000000000,2026-10-01
134908292,5200000000,2026-10-01
134908599,22800000000,2026-10-01
134908682,5900000000,2026-10-01
134908779,18000000000,2026-10-01
134909121,7980000000,2026-10-01
134909386,6100000000,2026-10-01
134909449,7500000000,2026-10-01
134909619,2950000000,2026-10-01
134909806,2500000000,2026-10-01
134909882,2900000000,2026-10-01
134909932,3300000000,2026-10-01
134909936,3600000000,2026-10-01
134910032,1200000000,2026-10-01
134910123,12200000000,2026-10-01
134910469,3800000000,2026-10-01
134910477,7600000000,2026-10-01
134910542,21900000000,2026-10-01
134910593,3200000000,2026-10-01
134910736,2500000000,2026-10-01
134910783,8900000000,2026-10-01
134910851,2300000000,2026-10-01
134910894,3500000000,2026-10-01
134910931,25000000000,2026-10-01
134911105,7500000000,2026-10-01
134911129,1450000000,2026-10-01
134911159,4700000000,2026-10-01
134911161,1030000000,2026-10-01
134911321,4200000000,2026-10-01
134911432,7350000000,2026-10-01
134911665,6500000000,2026-10-01
134911693,3500000000,2026-10-01
134911764,2900000000,2026-10-01
134911788,6000000000,2026-10-01
134911852,4120000000,2026-10-01
134911931,3680000000,2026-10-01
134911936,6300000000,2026-10-01
134911940,7300000000,2026-10-01
134911982,2600000000,2026-10-01
134912077,3400000000,2026-10-01
134912221,11999000000,2026-10-01
134912297,2800000000,2026-10-01
134912678,5350000000,2026-10-01
134912844,8400000000,2026-10-01
134912864,4850000000,2026-10-01
134913049,19500000000,2026-10-01
134913156,3300000000,2026-10-01
134913591,2950000000,2026-10-01
134913593,4000000000,2026-10-01
134913597,13000000000,2026-10-01
134913600,4000000000,2026-10-01
134913603,14000000000,2026-10-01
134913605,19000000000,2026-10-01
134913608,10000000000,2026-10-01
134913610,6000000000,2026-10-01
134913611,9600000000,2026-10-01
134913615,9000000000,2026-10-01
134913617,6200000000,2026-10-01
134913620,7600000000,2026-10-01
134913623,7000000000,2026-10-01
134913633,8000000000,2026-10-01
134913634,10000000000,2026-10-01
134913635,7000000000,2026-10-01
134913637,9100000000,2026-10-01
134913643,6000000000,2026-10-01
134913645,29550000000,2026-10-01
134913646,5000000000,2026-10-01
134913649,11000000000,2026-10-01
134913651,5000000000,2026-10-01
134913655,3500000000,2026-10-01
134913659,14000000000,2026-10-01
134913662,3500000000,2026-10-01
134913666,5000000000,2026-10-01
134913669,6800000000,2026-10-01
134913670,6000000000,2026-10-01
134913673,13000000000,2026-10-01
134913675,9000000000,2026-10-01
134913677,9200000000,2026-10-01
134913680,9000000000,2026-10-01
134913683,7000000000,2026-10-01
134913695,5500000000,2026-10-01
134913696,7000000000,2026-10-01
134913704,9000000000,2026-10-01
134913705,9000000000,2026-10-01
134913706,9000000000,2026-10-01
134913708,9000000000,2026-10-01
134913717,2050000000,2026-10-01
134913739,4000000000,2026-10-01
134913742,8000000000,2026-10-01
134913743,5000000000,2026-10-01
134913745,6800000000,2026-10-01
134913753,14000000000,2026-10-01
134913781,8000000000,2026-10-01
134913796,9000000000,2026-10-01
134913798,13000000000,2026-10-01
134913801,8000000000,2026-10-01
134913802,5500000000,2026-10-01
134913818,9000000000,2026-10-01
134913819,8000000000,2026-10-01
134913824,7000000000,2026-10-01
134913828,9500000000,2026-10-01
134913838,9000000000,2026-10-01
134913839,2300000000,2026-10-01
134913840,9000000000,2026-10-01
134913841,9300000000,2026-10-01
134913844,8000000000,2026-10-01
134913847,6500000000,2026-10-01
134913851,5215000000,2026-10-01
134913856,13900000000,2026-10-01
134913857,5000000000,2026-10-01
134913859,9000000000,2026-10-01
134913860,9000000000,2026-10-01
134914103,3600000000,2026-10-01
134914105,2100000000,2026-10-01
134914107,2100000000,2026-10-01
134914108,2100000000,2026-10-01
134914109,2100000000,2026-10-01
134914110,2500000000,2026-10-01
134914169,2450000000,2026-10-01
134914226,13700000000,2026-10-01
134914261,2800000000,2026-10-01
134914282,3100000000,2026-10-01
134914303,11200000000,2026-10-01
134914304,1400000000,2026-10-01
134914328,9000000000,2026-10-01
134914329,24000000000,2026-10-01
134914332,4000000000,2026-10-01
134914333,1300000000,2026-10-01
134914334,3500000000,2026-10-01
134914335,5000000000,2026-10-01
134914337,9500000000,2026-10-01
134914365,7500000000,2026-10-01
134914372,10000000000,2026-10-01
134914373,3600000000,2026-10-01
134914374,13000000000,2026-10-01
134914376,10250000000,2026-10-01
134914378,8900000000,2026-10-01
134914381,54000000000,2026-10-01
134914382,10000000000,2026-10-01
134914384,6000000000,2026-10-01
134914386,9000000000,2026-10-01
134914387,8360000000,2026-10-01
134914390,8360000000,2026-10-01
134914392,9350000000,2026-10-01
134914393,13000000000,2026-10-01
134914395,20000000000,2026-10-01
134914396,9900000000,2026-10-01
134914397,12000000000,2026-10-01
134914399,5000000000,2026-10-01
134914400,6550000000,2026-10-01
134914401,6800000000,2026-10-01
134914402,8000000000,2026-10-01
134914403,9000000000,2026-10-01
134914405,22000000000,2026-10-01
134914409,15000000000,2026-10-01
134914410,9000000000,2026-10-01
134914412,8500000000,2026-10-01
134914413,8500000000,2026-10-01
134914415,9000000000,2026-10-01
134914417,6000000000,2026-10-01
134914419,11500000000,2026-10-01
134914420,9000000000,2026-10-01
134914422,9700000000,2026-10-01
134914423,8500000000,2026-10-01
134914426,9000000000,2026-10-01
134914429,13800000000,2026-10-01
134914430,4000000000,2026-10-01
134914431,2300000000,2026-10-01
134914433,5300000000,2026-10-01
134914434,7300000000,2026-10-01
134914436,3600000000,2026-10-01
134914439,5250000000,2026-10-01
134914440,11700000000,2026-10-01
134914448,6000000000,2026-10-01
134914509,4700000000,2026-10-01
134914514,17000000000,2026-10-01
134914515,6000000000,2026-10-01
134914516,15800000000,2026-10-01
134914519,8150000000,2026-10-01
134914522,7700000000,2026-10-01
134914526,7000000000,2026-10-01
134914527,16850000000,2026-10-01
134914531,9600000000,2026-10-01
134914532,3600000000,2026-10-01
134914539,15000000000,2026-10-01
134914543,9000000000,2026-10-01
134914544,5000000000,2026-10-01
134914546,6000000000,2026-10-01
134914552,5050000000,2026-10-01
134914553,5050000000,2026-10-01
134914555,6600000000,2026-10-01
134914558,6600000000,2026-10-01
134914561,6500000000,2026-10-01
134914568,4650000000,2026-10-01
134914572,4800000000,2026-10-01
134914576,4650000000,2026-10-01
134914577,8500000000,2026-10-01
134914615,5500000000,2026-10-01
134914616,8700000000,2026-10-01
134914618,4710000000,2026-10-01
134914621,4950000000,2026-10-01
134914624,4999000000,2026-10-01
134914627,7000000000,2026-10-01
134914633,4999000000,2026-10-01
134914643,7000000000,2026-10-01
134914652,7300000000,2026-10-01
134914653,5500000000,2026-10-01
134914656,6200000000,2026-10-01
134914663,8800000000,2026-10-01
134914671,8000000000,2026-10-01
134914672,6000000000,2026-10-01
134914676,6800000000,2026-10-01
134914683,4200000000,2026-10-01
134914694,8800000000,2026-10-01
134914761,3950000000,2026-10-01
134914775,8500000000,2026-10-01
134914822,2500000000,2026-10-01
134914825,2850000000,2026-10-01
134914828,2950000000,2026-10-01
134914864,4800000000,2026-10-01
134914914,4900000000,2026-10-01
134914915,10000000000,2026-10-01
134914973,6000000000,2026-10-01
134914981,4900000000,2026-10-01
134914996,12900000000,2026-10-01
134914997,14000000000,2026-10-01
134915091,6224000000,2026-10-01
134915098,5900000000,2026-10-01
134915141,7050000000,2026-10-01
134915151,1290000000,2026-10-01
134915187,1350000000,2026-10-01
134915195,1600000000,2026-10-01
134915248,7900000000,2026-10-01
134915298,7900000000,2026-10-01
134915329,11500000000,2026-10-01
134915333,5900000000,2026-10-01
134915340,550000000,2026-10-01
134915440,3000000000,2026-10-01
134915491,2350000000,2026-10-01
134915531,4200000000,2026-10-01
134915542,5850000000,2026-10-01
134915544,5700000000,2026-10-01
134915930,1490000000,2026-10-01
134915940,4100000000,2026-10-01
134915960,6800000000,2026-10-01
134916012,5700000000,2026-10-01
134916107,3500000000,2026-10-01
134916380,2550000000,2026-10-01
134916413,5500000000,2026-10-01
134916443,21000000000,2026-10-01
134916469,51000000000,2026-10-01
134916506,3880000000,2026-10-01
134916697,6800000000,2026-10-01
134916824,4400000000,2026-10-01
134917038,9000000000,2026-10-01
134917041,3500000000,2026-10-01
134917060,2500000000,2026-10-01
134917139,4500000000,2026-10-01
134917179,2900000000,2026-10-01
134917237,3800000000,2026-10-01
134917307,13900000000,2026-10-01
134917319,6250000000,2026-10-01
134917322,7200000000,2026-10-01
134917335,5300000000,2026-10-01
134917383,4500000000,2026-10-01
134917388,6500000000,2026-10-01
134917399,5100000000,2026-10-01
134917408,4200000000,2026-10-01
134917482,4200000000,2026-10-01
134917492,5450000000,2026-10-01
134917514,11380000000,2026-10-01
134917623,5600000000,2026-10-01
134917768,780000000,2026-10-01
134917800,450000000,2026-10-01
134917847,1800000000,2026-10-01
134917850,2480000000,2026-10-01
134917968,7600000000,2026-10-01
134918007,3580000000,2026-10-01
134918107,12500000000,2026-10-01
134918146,7750000000,2026-10-01
134918215,14000000000,2026-10-01
134918241,14000000000,2026-10-01
134918275,5650000000,2026-10-01
134918420,3390000000,2026-10-01
134918453,13000000000,2026-10-01
134918504,570000000,2026-10-01
134918545,4300000000,2026-10-01
134918632,4500000000,2026-10-01
134918709,7000000000,2026-10-01
134918841,11500000000,2026-10-01
134918891,3900000000,2026-10-01
134918984,4400000000,2026-10-01
134919023,645000000,2026-10-01
134919058,7000000000,2026-10-01
134919191,12600000000,2026-10-01
134919204,7500000000,2026-10-01
134919217,7200000000,2026-10-01
134919230,9200000000,2026-10-01
134919436,2100000000,2026-10-01
134919453,6780000000,2026-10-01
134919699,1900000000,2026-10-01
134919916,3000000000,2026-10-01
134920282,2400000000,2026-10-01
134920447,33000000000,2026-10-01
134920466,6500000000,2026-10-01
134920536,5500000000,2026-10-01
134920936,10500000000,2026-10-01
134921112,4850000000,2026-10-01
134921132,4000000000,2026-10-01
134921242,7100000000,2026-10-01
134921304,40000000000,2026-10-01
134921644,5700000000,2026-10-01
134922014,8880000000,2026-10-01
134922360,900000000,2026-10-01
134922851,3350000000,2026-10-01
134923077,2800000000,2026-10-01
134923083,23200000000,2026-10-01
134923121,3350000000,2026-10-01
134923188,5900000000,2026-10-01
134923245,4290000000,2026-10-01
134923497,9000000000,2026-10-01
134923857,4850000000,2026-10-01
134924260,1620000000,2026-10-01
134924460,2890000000,2026-10-01
134924590,2900000000,2026-10-01
134924689,1230000000,2026-10-01
134924721,3300000000,2026-10-01
134924840,3650000000,2026-10-01
134924974,2300000000,2026-10-01
134925103,5000000000,2026-10-01
134925401,2900000000,2026-10-01
134925609,3650000000,2026-10-01
134925708,16000000000,2026-10-01
134925769,3550000000,2026-10-01
134926278,4800000000,2026-10-01
134926561,800000000,2026-10-01
134926984,6300000000,2026-10-01
134927136,6000000000,2026-10-01
134927243,5690000000,2026-10-01
134927448,2400000000,2026-10-01
134927493,10200000000,2026-10-01
134927554,5000000000,2026-10-01
134928050,4500000000,2026-10-01
134928100,3100000000,2026-10-01
134928113,13000000000,2026-10-01
134928369,29900000000,2026-10-01
134928416,7500000000,2026-10-01
134928478,2250000000,2026-10-01
134928545,5500000000,2026-10-01
134928594,5200000000,2026-10-01
134928635,5200000000,2026-10-01
134928661,5950000000,2026-10-01
134928771,4700000000,2026-10-01
134928792,4100000000,2026-10-01
134928871,19950000000,2026-10-01
134928876,6950000000,2026-10-01
134928903,6200000000,2026-10-01
134928907,3890000000,2026-10-01
134929066,6700000000,2026-10-01
134929231,17800000000,2026-10-01
134929355,7700000000,2026-10-01
134929390,2730000000,2026-10-01
134929432,1790000000,2026-10-01
134929448,2750000000,2026-10-01
134929465,5750000000,2026-10-01
134929668,7900000000,2026-10-01
134930063,6200000000,2026-10-01
134930131,4190000000,2026-10-01
134930362,2890000000,2026-10-01
134930418,7200000000,2026-10-01
134930481,9500000000,2026-10-01
134930546,9000000000,2026-10-01
134930829,7200000000,2026-10-01
134931055,3350000000,2026-10-01
134931225,4080000000,2026-10-01
134931356,3800000000,2026-10-01
134931372,4790000000,2026-10-01
134931386,6500000000,2026-10-01
134931403,2950000000,2026-10-01
134931438,2050000000,2026-10-01
134931640,3300000000,2026-10-01
134931683,50000000000,2026-10-01
134931750,4450000000,2026-10-01
134931830,5600000000,2026-10-01
134931914,14500000000,2026-10-01
134931952,4500000000,2026-10-01
134932070,4500000000,2026-10-01
134932082,1550000000,2026-10-01
134932091,4900000000,2026-10-01
134932137,4750000000,2026-10-01
134932160,6200000000,2026-10-01
134932307,4500000000,2026-10-01
134932403,3100000000,2026-10-01
134932438,3000000000,2026-10-01
134932527,9000000000,2026-10-01
134932548,3550000000,2026-10-01
134932560,3280000000,2026-10-01
134932593,9100000000,2026-10-01
134932643,4700000000,2026-10-01
134932671,18300000000,2026-10-01
134932678,4450000000,2026-10-01
134932692,7200000000,2026-10-01
134932742,4700000000,2026-10-01
134932748,4950000000,2026-10-01
134932750,36800000000,2026-10-01
134932780,33900000000,2026-10-01
134932891,4550000000,2026-10-01
134932923,3450000000,2026-10-01
134932931,5950000000,2026-10-01
134932934,8500000000,2026-10-01
134932950,4000000000,2026-10-01
134932962,5300000000,2026-10-01
134932985,15200000000,2026-10-01
134932996,5800000000,2026-10-01
134933043,12900000000,2026-10-01
134933084,3150000000,2026-10-01
134933181,2700000000,2026-10-01
134933330,4500000000,2026-10-01
134933339,6400000000,2026-10-01
134933384,5250000000,2026-10-01
134933439,3340000000,2026-10-01
134933442,3150000000,2026-10-01
134933445,4800000000,2026-10-01
134933452,2450000000,2026-10-01
134933500,2900000000,2026-10-01
134933597,3600000000,2026-10-01
134933637,2900000000,2026-10-01
134933749,3480000000,2026-10-01
134933780,6299000000,2026-10-01
134933856,15500000000,2026-10-01
134933949,4600000000,2026-10-01
134934030,7400000000,2026-10-01
134934040,9800000000,2026-10-01
134934128,3650000000,2026-10-01
134934155,6200000000,2026-10-01
134934170,4400000000,2026-10-01
134934218,8700000000,2026-10-01
134934265,4600000000,2026-10-01
134934296,2750000000,2026-10-01
134934349,11000000000,2026-10-01
134934370,2180000000,2026-10-01
134934440,6890000000,2026-10-01
134934446,7900000000,2026-10-01
134934472,4350000000,2026-10-01
134934543,21000000000,2026-10-01
134934615,1120000000,2026-10-01
134934670,4350000000,2026-10-01
134934727,2750000000,2026-10-01
134934766,11000000000,2026-10-01
134934825,11500000000,2026-10-01
134934862,6980000000,2026-10-01
134934883,8400000000,2026-10-01
134934888,160000000000,2026-10-01
134935009,4400000000,2026-10-01
134935078,2950000000,2026-10-01
134935100,5900000000,2026-10-01
134935181,6600000000,2026-10-01
134935421,3280000000,2026-10-01
134935426,3400000000,2026-10-01
134935743,6500000000,2026-10-01
134935745,11800000000,2026-10-01
134935811,1850000000,2026-10-01
134935828,3400000000,2026-10-01
134935835,8800000000,2026-10-01
134935899,21000000000,2026-10-01
134936057,3200000000,2026-10-01
134936147,30000000000,2026-10-01
134936216,2800000000,2026-10-01
134936299,17600000000,2026-10-01
134936335,9500000000,2026-10-01
134936400,2180000000,2026-10-01
134936454,6000000000,2026-10-01
134936456,3550000000,2026-10-01
134936461,4900000000,2026-10-01
134936491,3150000000,2026-10-01
134936497,9490000000,2026-10-01
134936533,3750000000,2026-10-01
134936581,1600000000,2026-10-01
134936657,3000000000,2026-10-01
134936667,3500000000,2026-10-01
134936694,6100000000,2026-10-01
134936699,2820000000,2026-10-01
134936727,2800000000,2026-10-01
134936769,3200000000,2026-10-01
134936810,2000000000,2026-10-01
134936840,2330000000,2026-10-01
134936981,2450000000,2026-10-01
134937016,9700000000,2026-10-01
134937079,4500000000,2026-10-01
134937117,8200000000,2026-10-01
134937152,6500000000,2026-10-01
134937195,1260000000,2026-10-01
134937209,17700000000,2026-10-01
134937269,4200000000,2026-10-01
134937408,8150000000,2026-10-01
134937422,8000000000,2026-10-01
134937437,5000000000,2026-10-01
134937442,6500000000,2026-10-01
134937552,7900000000,2026-10-01
134937641,4050000000,2026-10-01
134937714,2200000000,2026-10-01
134937866,7200000000,2026-10-01
134937977,3800000000,2026-10-01
134938070,3890000000,2026-10-01
134938143,4200000000,2026-10-01
134938170,12990000000,2026-10-01
134938233,5800000000,2026-10-01
134938242,17500000000,2026-10-01
134938248,12900000000,2026-10-01
134938423,2300000000,2026-10-01
134938442,3000000000,2026-10-01
134938494,8500000000,2026-10-01
134938515,8200000000,2026-10-01
134938651,4400000000,2026-10-01
134938694,11500000000,2026-10-01
134938727,1390000000,2026-10-01
134938773,22000000000,2026-10-01
134938803,6600000000,2026-10-01
134938952,685000000,2026-10-01
134939059,2500000000,2026-10-01
134939225,14500000000,2026-10-01
134939301,3780000000,2026-10-01
134939430,3390000000,2026-10-01
134939542,2500000000,2026-10-01
134939582,5200000000,2026-10-01
134939808,6500000000,2026-10-01
134939816,5500000000,2026-10-01
134939834,13000000000,2026-10-01
134939890,7880000000,2026-10-01
134939943,13500000000,2026-10-01
134940058,10300000000,2026-10-01
134940146,11000000000,2026-10-01
134940180,3800000000,2026-10-01
134940273,5300000000,2026-10-01
134940363,7500000000,2026-10-01
134940431,7000000000,2026-10-01
134940517,6700000000,2026-10-01
134940548,4000000000,2026-10-01
134940588,2750000000,2026-10-01
134940616,5950000000,2026-10-01
134940618,2180000000,2026-10-01
134940675,2080000000,2026-10-01
134940722,8500000000,2026-10-01
134940734,3820000000,2026-10-01
134940778,2900000000,2026-10-01
134940823,32800000000,2026-10-01
134940890,800000000,2026-10-01
134940938,3000000000,2026-10-01
134940943,4850000000,2026-10-01
134941023,1400000000,2026-10-01
134941051,3280000000,2026-10-01
134941054,4000000000,2026-10-01
134941178,3400000000,2026-10-01
134941205,3100000000,2026-10-01
134941229,3750000000,2026-10-01
134941362,3500000000,2026-10-01
134941455,3300000000,2026-10-01
134941623,9400000000,2026-10-01
134941661,97000000000,2026-10-01
134941754,3200000000,2026-10-01
134941762,2050000000,2026-10-01
134941902,2380000000,2026-10-01
134941903,2350000000,2026-10-01
134941953,3100000000,2026-10-01
134941987,8150000000,2026-10-01
134942032,10000000000,2026-10-01
134942086,2300000000,2026-10-01
134942113,18000000000,2026-10-01
134942173,2650000000,2026-10-01
134942181,3200000000,2026-10-01
134942357,3700000000,2026-10-01
134942378,1700000000,2026-10-01
134942447,3850000000,2026-10-01
134942602,5000000000,2026-10-01
134942619,4600000000,2026-10-01
134942675,4900000000,2026-10-01
134942682,5800000000,2026-10-01
134942715,3100000000,2026-10-01
134942913,250000000,2026-10-01
134943068,4700000000,2026-10-01
134943074,3500000000,2026-10-01
134943106,4200000000,2026-10-01
134943122,22000000000,2026-10-01
134943163,6000000000,2026-10-01
134943301,3800000000,2026-10-01
134943305,7500000000,2026-10-01
134943309,2900000000,2026-10-01
134943340,6100000000,2026-10-01
134943348,5500000000,2026-10-01
134943349,3390000000,2026-10-01
134943400,3750000000,2026-10-01
134943419,4990000000,2026-10-01
134943479,270000000,2026-10-01
134943508,6500000000,2026-10-01
134943682,7290000000,2026-10-01
134943701,10000000000,2026-10-01
134943809,4600000000,2026-10-01
134944103,3650000000,2026-10-01
134944178,4150000000,2026-10-01
134944409,3000000000,2026-10-01
134944421,20000000000,2026-10-01
134944433,10500000000,2026-10-01
134944441,88000000000,2026-10-01
134944448,5500000000,2026-10-01
134944453,4900000000,2026-10-01
134944456,6000000000,2026-10-01
134944461,4650000000,2026-10-01
134944467,4800000000,2026-10-01
134944471,5600000000,2026-10-01
134944472,5400000000,2026-10-01
134944476,5400000000,2026-10-01
134944555,8700000000,2026-10-01
134944559,8700000000,2026-10-01
134944565,5699000000,2026-10-01
134944581,8600000000,2026-10-01
134944586,6800000000,2026-10-01
134944591,5200000000,2026-10-01
134944596,6750000000,2026-10-01
134944603,6750000000,2026-10-01
134944610,4700000000,2026-10-01
134944612,7000000000,2026-10-01
134944619,5699000000,2026-10-01
134944625,5699000000,2026-10-01
134944630,7000000000,2026-10-01
134944633,4699000000,2026-10-01
134944636,7000000000,2026-10-01
134944645,6900000000,2026-10-01
134944654,7500000000,2026-10-01
134944659,4800000000,2026-10-01
134944662,4800000000,2026-10-01
134944668,6799000000,2026-10-01
134944680,6800000000,2026-10-01
134944686,6800000000,2026-10-01
134944694,5700000000,2026-10-01
134944700,6800000000,2026-10-01
134944702,8250000000,2026-10-01
134944705,8500000000,2026-10-01
134944714,6800000000,2026-10-01
134944716,6000000000,2026-10-01
134944720,8500000000,2026-10-01
134944726,4650000000,2026-10-01
134944727,6000000000,2026-10-01
134944730,6000000000,2026-10-01
134944731,2800000000,2026-10-01
134944791,8300000000,2026-10-01
134944804,5800000000,2026-10-01
134944838,5150000000,2026-10-01
134944845,5150000000,2026-10-01
134944877,7500000000,2026-10-01
134944949,11500000000,2026-10-01
134944964,7200000000,2026-10-01
134944968,11000000000,2026-10-01
134944970,5500000000,2026-10-01
134944987,9500000000,2026-10-01
134944988,2250000000,2026-10-01
134945029,7200000000,2026-10-01
134945033,5550000000,2026-10-01
134945042,6000000000,2026-10-01
134945062,7000000000,2026-10-01
134945074,24500000000,2026-10-01
134945086,8250000000,2026-10-01
134945113,6800000000,2026-10-01
134945130,8448000000,2026-10-01
134945161,9500000000,2026-10-01
134945177,8300000000,2026-10-01
134945198,2550000000,2026-10-01
134945219,2400000000,2026-10-01
134945235,7500000000,2026-10-01
134945261,3000000000,2026-10-01
134945300,7000000000,2026-10-01
134945308,25000000000,2026-10-01
134945314,5500000000,2026-10-01
134945429,6500000000,2026-10-01
134945634,10800000000,2026-10-01
134945680,7000000000,2026-10-01
134945687,2250000000,2026-10-01
134945710,11200000000,2026-10-01
134945761,8500000000,2026-10-01
134945976,3550000000,2026-10-01
134946113,5999000000,2026-10-01
134946178,7350000000,2026-10-01
134946187,15500000000,2026-10-01
134946547,37000000000,2026-10-01
134946557,3960000000,2026-10-01
134946631,6700000000,2026-10-01
134946685,3800000000,2026-10-01
134946918,9500000000,2026-10-01
134946942,5200000000,2026-10-01
134946994,27300000000,2026-10-01
134947002,10600000000,2026-10-01
134947008,41500000000,2026-10-01
134947010,5000000000,2026-10-01
134947016,7000000000,2026-10-01
134947020,9900000000,2026-10-01
134947021,55000000000,2026-10-01
134947026,10000000000,2026-10-01
134947052,13200000000,2026-10-01
134947065,13000000000,2026-10-01
134947069,7500000000,2026-10-01
134947071,4860000000,2026-10-01
134947083,30000000000,2026-10-01
134947090,17500000000,2026-10-01
134947098,23500000000,2026-10-01
134947109,42000000000,2026-10-01
134947137,51000000000,2026-10-01
134947145,15100000000,2026-10-01
134947151,75000000000,2026-10-01
134947156,9000000000,2026-10-01
134947159,1800000000,2026-10-01
134947162,25000000000,2026-10-01
134947176,10500000000,2026-10-01
134947198,6000000000,2026-10-01
134947201,5000000000,2026-10-01
134947208,27500000000,2026-10-01
134947209,14200000000,2026-10-01
134947218,19000000000,2026-10-01
134947221,11990000000,2026-10-01
134947235,43000000000,2026-10-01
134947243,6570000000,2026-10-01
134947254,3500000000,2026-10-01
134947260,4000000000,2026-10-01
134947264,3500000000,2026-10-01
134947270,3000000000,2026-10-01
134947276,6800000000,2026-10-01
134947314,5995000000,2026-10-01
134947333,8350000000,2026-10-01
134947417,1750000000,2026-10-01
134947455,2900000000,2026-10-01
134947648,6800000000,2026-10-01
134947745,7860000000,2026-10-01
134947884,6200000000,2026-10-01
134947886,5400000000,2026-10-01
134947891,4600000000,2026-10-01
134947909,20980000000,2026-10-01
134948091,3500000000,2026-10-01
134948145,2850000000,2026-10-01
134948197,3100000000,2026-10-01
134948256,1950000000,2026-10-01
134948270,820000000,2026-10-01
134948271,3550000000,2026-10-01
134948340,10300000000,2026-10-01
134948507,10600000000,2026-10-01
134948541,6480000000,2026-10-01
134948589,2000000000,2026-10-01
134948591,12900000000,2026-10-01
134948592,3100000000,2026-10-01
134948596,4450000000,2026-10-01
134948600,8500000000,2026-10-01
134948601,12000000000,2026-10-01
134948611,6400000000,2026-10-01
134948616,7000000000,2026-10-01
134948620,6700000000,2026-10-01
134948632,7450000000,2026-10-01
134948634,2000000000,2026-10-01
134948638,7400000000,2026-10-01
134948641,2790000000,2026-10-01
134948642,30800000000,2026-10-01
134948645,5990000000,2026-10-01
134948648,6000000000,2026-10-01
134948658,8000000000,2026-10-01
134948661,7700000000,2026-10-01
134948664,3100000000,2026-10-01
134948670,6000000000,2026-10-01
134948673,7000000000,2026-10-01
134948674,17000000000,2026-10-01
134948696,4000000000,2026-10-01
134948699,4000000000,2026-10-01
134948704,11900000000,2026-10-01
134948739,7150000000,2026-10-01
134948992,247000000000,2026-10-01
134948998,7600000000,2026-10-01
134949000,8300000000,2026-10-01
134949256,12000000000,2026-10-01
134949324,3300000000,2026-10-01
134949351,3350000000,2026-10-01
134949467,5500000000,2026-10-01
134949498,2190000000,2026-10-01
134949561,3650000000,2026-10-01
134949578,48000000000,2026-10-01
134949601,1400000000,2026-10-01
134949616,1450000000,2026-10-01
134949627,10500000000,2026-10-01
134949635,22000000000,2026-10-01
134949643,20000000000,2026-10-01
134949644,2450000000,2026-10-01
134949645,8000000000,2026-10-01
134949646,11000000000,2026-10-01
134949648,56000000000,2026-10-01
134949649,6200000000,2026-10-01
134949651,3402600000,2026-10-01
134949652,5000000000,2026-10-01
134949656,16000000000,2026-10-01
134949657,10000000000,2026-10-01
134949659,13000000000,2026-10-01
134949660,10000000000,2026-10-01
134949669,6200000000,2026-10-01
134949991,8000000000,2026-10-01
134949994,8500000000,2026-10-01
134949995,3500000000,2026-10-01
134950004,2500000000,2026-10-01
134950017,3900000000,2026-10-01
134950019,2890000000,2026-10-01
134950021,3580000000,2026-10-01
134950026,3910000000,2026-10-01
134950028,2350000000,2026-10-01
134950029,5800000000,2026-10-01
134950033,3900000000,2026-10-01
134950035,3800000000,2026-10-01
134950036,3800000000,2026-10-01
134950038,19653000000,2026-10-01
134950040,2450000000,2026-10-01
134950049,9500000000,2026-10-01
134950051,1700000000,2026-10-01
134950052,3800000000,2026-10-01
134950053,3800000000,2026-10-01
134950057,2400000000,2026-10-01
134950059,3750000000,2026-10-01
134950074,3300000000,2026-10-01
134950077,3580000000,2026-10-01
134950080,3300000000,2026-10-01
134950081,3300000000,2026-10-01
134950087,4000000000,2026-10-01
134950093,3580000000,2026-10-01
134950102,3600000000,2026-10-01
134950109,5500000000,2026-10-01
134950140,3300000000,2026-10-01
134950142,1200000000,2026-10-01
134950143,1250000000,2026-10-01
134950158,14000000000,2026-10-01
134950240,12000000000,2026-10-01
134950253,28300000000,2026-10-01
134950256,5850000000,2026-10-01
134950263,9000000000,2026-10-01
134950265,13700000000,2026-10-01
134950266,16000000000,2026-10-01
134950267,26900000000,2026-10-01
134950268,10800000000,2026-10-01
134950270,40000000000,2026-10-01
134950271,12500000000,2026-10-01
134950272,8600000000,2026-10-01
134950274,21000000000,2026-10-01
134950275,700000000,2026-10-01
134950277,190000000000,2026-10-01
134950278,8000000000,2026-10-01
134950279,48000000000,2026-10-01
134950280,12000000000,2026-10-01
134950281,5000000000,2026-10-01
134950283,14000000000,2026-10-01
134950285,20000000000,2026-10-01
134950286,6000000000,2026-10-01
134950288,17000000000,2026-10-01
134950290,6000000000,2026-10-01
134950291,13500000000,2026-10-01
134950292,3000000000,2026-10-01
134950294,3600000000,2026-10-01
134950296,3050000000,2026-10-01
134950299,2400000000,2026-10-01
134950301,2450000000,2026-10-01
134950302,3400000000,2026-10-01
134950303,2450000000,2026-10-01
134950304,3430000000,2026-10-01
134950310,2980000000,2026-10-01
134950311,3200000000,2026-10-01
134950312,3890000000,2026-10-01
134950313,4250000000,2026-10-01
134950320,2400000000,2026-10-01
134950323,4100000000,2026-10-01
134950324,4820000000,2026-10-01
134950330,3700000000,2026-10-01
134950331,4550000000,2026-10-01
134950336,4250000000,2026-10-01
134950338,11800000000,2026-10-01
134950344,3300000000,2026-10-01
134950345,5000000000,2026-10-01
134950348,4990000000,2026-10-01
134950355,3600000000,2026-10-01
134950363,3300000000,2026-10-01
134950368,4900000000,2026-10-01
134950369,3100000000,2026-10-01
134950370,4800000000,2026-10-01
134950371,5800000000,2026-10-01
134950397,8250000000,2026-10-01
134950418,10500000000,2026-10-01
134950419,6000000000,2026-10-01
134950420,6880000000,2026-10-01
134950421,45922000000,2026-10-01
134950422,11900000000,2026-10-01
134950424,11500000000,2026-10-01
134950426,14000000000,2026-10-01
134950427,3000000000,2026-10-01
134950428,14000000000,2026-10-01
134950429,3000000000,2026-10-01
134950431,8000000000,2026-10-01
134950432,12000000000,2026-10-01
134950434,3250000000,2026-10-01
134950436,6500000000,2026-10-01
134950437,5000000000,2026-10-01
134950438,12000000000,2026-10-01
134950441,3500000000,2026-10-01
134950446,12300000000,2026-10-01
134950447,9000000000,2026-10-01
134950448,1000000000,2026-10-01
134950449,2300000000,2026-10-01
134950452,30000000000,2026-10-01
134950454,11000000000,2026-10-01
134950460,8100000000,2026-10-01
134950463,110000000000,2026-10-01
134950464,20000000000,2026-10-01
134950466,5000000000,2026-10-01
134950470,5000000000,2026-10-01
134950471,14000000000,2026-10-01
134950474,7800000000,2026-10-01
134950477,12000000000,2026-10-01
134950490,3100000000,2026-10-01
134950568,4150000000,2026-10-01
134950589,2030000000,2026-10-01
134950916,3650000000,2026-10-01
134951124,8500000000,2026-10-01
134951184,6000000000,2026-10-01
134951236,6500000000,2026-10-01
134951297,25000000000,2026-10-01
134951301,4100000000,2026-10-01
134951322,36000000000,2026-10-01
134951431,11000000000,2026-10-01
134951528,8500000000,2026-10-01
134951579,4180000000,2026-10-01
134951716,4250000000,2026-10-01
134951719,14700000000,2026-10-01
134951751,6950000000,2026-10-01
134951800,8600000000,2026-10-01
134951828,3150000000,2026-10-01
134951873,10800000000,2026-10-01
134951884,3000000000,2026-10-01
134951918,2700000000,2026-10-01
134952062,27000000000,2026-10-01
134952100,3100000000,2026-10-01
134952108,4250000000,2026-10-01
134952152,5500000000,2026-10-01
134952218,4550000000,2026-10-01
134952233,3900000000,2026-10-01
134952340,1000000000,2026-10-01
134952354,6100000000,2026-10-01
134952355,5000000000,2026-10-01
134952462,4250000000,2026-10-01
134952463,775000000,2026-10-01
134952542,1290000000,2026-10-01
134952601,5599000000,2026-10-01
134952683,3100000000,2026-10-01
134952716,9500000000,2026-10-01
134952738,6900000000,2026-10-01
134952750,6490000000,2026-10-01
134952766,5950000000,2026-10-01
134952794,5400000000,2026-10-01
134952837,1960000000,2026-10-01
134952839,12500000000,2026-10-01
134952853,3850000000,2026-10-01
134952885,4280000000,2026-10-01
134952891,3200000000,2026-10-01
134952956,3200000000,2026-10-01
134953098,2350000000,2026-10-01
134953149,15000000000,2026-10-01
134953254,13700000000,2026-10-01
134953325,3300000000,2026-10-01
134953345,2200000000,2026-10-01
134953384,80000000000,2026-10-01
134953399,9600000000,2026-10-01
134953406,15900000000,2026-10-01
134953435,7550000000,2026-10-01
134953489,6880000000,2026-10-01
134953500,1800000000,2026-10-01
134953573,5300000000,2026-10-01
134953614,6900000000,2026-10-01
134953699,5800000000,2026-10-01
134953758,4500000000,2026-10-01
134953817,2000000000,2026-10-01
134953826,34000000000,2026-10-01
134953851,18800000000,2026-10-01
134953876,4000000000,2026-10-01
134953942,5200000000,2026-10-01
134953974,4350000000,2026-10-01
134954053,4350000000,2026-10-01
134954055,1430000000,2026-10-01
134954114,1199000000,2026-10-01
134954150,4350000000,2026-10-01
134954156,4000000000,2026-10-01
134954170,6800000000,2026-10-01
134954251,2350000000,2026-10-01
134954337,3350000000,2026-10-01
134954366,5600000000,2026-10-01
134954398,6800000000,2026-10-01
134954424,5190000000,2026-10-01
134954526,6600000000,2026-10-01
134954542,5980000000,2026-10-01
134954674,1650000000,2026-10-01
134954772,1700000000,2026-10-01
134954860,5300000000,2026-10-01
134954906,1320000000,2026-10-01
134954932,50500000000,2026-10-01
134955012,23500000000,2026-10-01
134955020,28000000000,2026-10-01
134955044,7000000000,2026-10-01
134955075,3750000000,2026-10-01
134955131,7333333333,2026-10-01
134955147,4600000000,2026-10-01
134955154,5400000000,2026-10-01
134955161,2350000000,2026-10-01
134955169,6200000000,2026-10-01
134955170,5300000000,2026-10-01
134955187,2350000000,2026-10-01
134955247,1600000000,2026-10-01
134955259,76000000000,2026-10-01
134955281,1100000000,2026-10-01
134955339,5300000000,2026-10-01
134955371,3400000000,2026-10-01
134955448,13000000000,2026-10-01
134955454,3150000000,2026-10-01
134955495,2950000000,2026-10-01
134955545,5200000000,2026-10-01
134955632,4600000000,2026-10-01
134955633,5980000000,2026-10-01
134955650,1100000000,2026-10-01
134955705,3400000000,2026-10-01
134955706,4700000000,2026-10-01
134955710,18000000000,2026-10-01
134955736,4350000000,2026-10-01
134955753,2700000000,2026-10-01
134955763,4500000000,2026-10-01
134955840,4900000000,2026-10-01
134955857,2350000000,2026-10-01
134955916,5500000000,2026-10-01
134955922,4800000000,2026-10-01
134955961,3400000000,2026-10-01
134955976,2450000000,2026-10-01
134956076,380000000,2026-10-01
134956092,6380000000,2026-10-01
134956119,780000000,2026-10-01
134956136,28000000000,2026-10-01
134956162,2500000000,2026-10-01
134956163,6600000000,2026-10-01
134956168,3640000000,2026-10-01
134956175,36000000000,2026-10-01
134956187,6500000000,2026-10-01
134956230,1480000000,2026-10-01
134956427,4300000000,2026-10-01
134956457,4990000000,2026-10-01
134956563,7190000000,2026-10-01
134956576,6750000000,2026-10-01
134956593,2000000000,2026-10-01
134956597,7990000000,2026-10-01
134956682,4990000000,2026-10-01
134956717,11800000000,2026-10-01
134956749,5700000000,2026-10-01
134956753,8650000000,2026-10-01
134956806,3900000000,2026-10-01
134956858,5250000000,2026-10-01
134956879,3980000000,2026-10-01
134956884,7200000000,2026-10-01
134957089,4250000000,2026-10-01
134957124,5800000000,2026-10-01
134957128,8600000000,2026-10-01
134957152,60000000000,2026-10-01
134957160,21000000000,2026-10-01
134957204,32000000000,2026-10-01
134957228,5700000000,2026-10-01
134957244,11700000000,2026-10-01
134957265,13230000000,2026-10-01
134957338,1965000000,2026-10-01
134957449,4600000000,2026-10-01
134957456,3740000000,2026-10-01
134957460,4450000000,2026-10-01
134957529,4600000000,2026-10-01
134957536,4450000000,2026-10-01
134957579,5800000000,2026-10-01
134957592,6500000000,2026-10-01
134957624,1965000000,2026-10-01
134957649,6980000000,2026-10-01
134957654,3550000000,2026-10-01
134957696,5300000000,2026-10-01
134957849,3950000000,2026-10-01
134957920,17000000000,2026-10-01
134957934,4800000000,2026-10-01
134958109,7000000000,2026-10-01
134958189,4300000000,2026-10-01
134958199,9100000000,2026-10-01
134958220,3200000000,2026-10-01
134958268,3300000000,2026-10-01
134958271,3700000000,2026-10-01
134958294,3650000000,2026-10-01
134958381,6500000000,2026-10-01
134958419,4000000000,2026-10-01
134958430,5700000000,2026-10-01
134958442,7590000000,2026-10-01
134958447,2600000000,2026-10-01
134958512,2850000000,2026-10-01
134958715,3990000000,2026-10-01
134958793,1800000000,2026-10-01
134958862,2500000000,2026-10-01
134958919,1520000000,2026-10-01
134959019,16300000000,2026-10-01
134959072,3400000000,2026-10-01
134959073,2950000000,2026-10-01
134959104,15000000000,2026-10-01
134959113,5900000000,2026-10-01
134959243,2950000000,2026-10-01
134959248,5980000000,2026-10-01
134959286,12500000000,2026-10-01
134959292,3250000000,2026-10-01
134959319,1900000000,2026-10-01
134959464,4990000000,2026-10-01
134959575,3150000000,2026-10-01
134959580,950000000,2026-10-01
134959590,4900000000,2026-10-01
134960072,3350000000,2026-10-01
134960162,26000000000,2026-10-01
134960166,36000000000,2026-10-01
134960341,2880000000,2026-10-01
134960371,5500000000,2026-10-01
134960622,4900000000,2026-10-01
134960843,3280000000,2026-10-01
134960871,4350000000,2026-10-01
134960902,2780000000,2026-10-01
134960959,41700000000,2026-10-01
134960993,7000000000,2026-10-01
134961027,7200000000,2026-10-01
134961042,2799000000,2026-10-01
134961115,6600000000,2026-10-01
134961137,10000000000,2026-10-01
134961221,4750000000,2026-10-01
134961277,3600000000,2026-10-01
134961387,5980000000,2026-10-01
134961442,2750000000,2026-10-01
134961462,11300000000,2026-10-01
134961471,950000000,2026-10-01
134961481,4650000000,2026-10-01
134961521,5300000000,2026-10-01
134961538,9500000000,2026-10-01
134961704,18000000000,2026-10-01
134961715,2730000000,2026-10-01
134961729,3700000000,2026-10-01
134961731,2650000000,2026-10-01
134961751,8400000000,2026-10-01
134961765,7300000000,2026-10-01
134961781,6800000000,2026-10-01
134961889,4350000000,2026-10-01
134962039,360000000,2026-10-01
134962124,5590000000,2026-10-01
134962146,4800000000,2026-10-01
134962227,2720000000,2026-10-01
134962235,2180000000,2026-10-01
134962386,6800000000,2026-10-01
134962402,7500000000,2026-10-01
134962421,5500000000,2026-10-01
134962481,8480000000,2026-10-01
134962527,7850000000,2026-10-01
134962550,24000000000,2026-10-01
134962608,3900000000,2026-10-01
134962616,3680000000,2026-10-01
134962618,6300000000,2026-10-01
134962655,4890000000,2026-10-01
134962777,879000000,2026-10-01
134962782,7500000000,2026-10-01
134962855,1650000000,2026-10-01
134962929,6100000000,2026-10-01
134962943,4350000000,2026-10-01
134962960,2300000000,2026-10-01
134963054,4500000000,2026-10-01
134963069,3550000000,2026-10-01
134963133,3350000000,2026-10-01
134963230,5190000000,2026-10-01
134963245,11000000000,2026-10-01
134963253,3400000000,2026-10-01
134963263,2280000000,2026-10-01
134963333,4450000000,2026-10-01
134963360,12500000000,2026-10-01
134963363,11900000000,2026-10-01
134963410,3350000000,2026-10-01
134963413,4650000000,2026-10-01
134963507,720000000,2026-10-01
134963529,6200000000,2026-10-01
134963612,688000000,2026-10-01
134963666,27000000000,2026-10-01
134963694,3550000000,2026-10-01
134963695,6700000000,2026-10-01
134963709,4250000000,2026-10-01
134963761,6950000000,2026-10-01
134963772,5990000000,2026-10-01
134963777,3000000000,2026-10-01
134963792,2600000000,2026-10-01
134963807,7000000000,2026-10-01
134963865,999000000,2026-10-01
134963898,4850000000,2026-10-01
134963923,2600000000,2026-10-01
134963939,3590000000,2026-10-01
134963940,2350000000,2026-10-01
134963977,5100000000,2026-10-01
134964024,6490000000,2026-10-01
134964029,7800000000,2026-10-01
134964053,5000000000,2026-10-01
134964237,5300000000,2026-10-01
134964344,6000000000,2026-10-01
134964356,3150000000,2026-10-01
134964385,7000000000,2026-10-01
134964568,3200000000,2026-10-01
134964909,5150000000,2026-10-01
134964986,6900000000,2026-10-01
134965138,8350000000,2026-10-01
134965345,25000000000,2026-10-01
134965362,4280000000,2026-10-01
134965480,2200000000,2026-10-01
134965554,40100000000,2026-10-01
134965602,4800000000,2026-10-01
134966054,5500000000,2026-10-01
134966175,3300000000,2026-10-01
134966283,1650000000,2026-10-01
134966367,6690000000,2026-10-01
134966413,2350000000,2026-10-01
134966462,3650000000,2026-10-01
134966575,3650000000,2026-10-01
134966747,25000000000,2026-10-01
134966763,9800000000,2026-10-01
134966965,4800000000,2026-10-01
134967293,2050000000,2026-10-01
134967444,2900000000,2026-10-01
134967485,6800000000,2026-10-01
134967487,5000000000,2026-10-01
134967499,5500000000,2026-10-01
134968348,5930000000,2026-10-01
134968410,4650000000,2026-10-01
134968415,3190000000,2026-10-01
134968441,4400000000,2026-10-01
134968531,1100000000,2026-10-01
134968535,2700000000,2026-10-01
134968554,11400000000,2026-10-01
134968598,1900000000,2026-10-01
134969140,5500000000,2026-10-01
134969144,22500000000,2026-10-01
134969148,3150000000,2026-10-01
134969232,7890000000,2026-10-01
134969337,6500000000,2026-10-01
134969407,75000000000,2026-10-01
134969458,4500000000,2026-10-01
134969515,3400000000,2026-10-01
134969741,9000000000,2026-10-01
134969748,4500000000,2026-10-01
134969757,6900000000,2026-10-01
134969817,2400000000,2026-10-01
134970390,8900000000,2026-10-01
134970546,4990000000,2026-10-01
134970556,25000000000,2026-10-01
134970631,4200000000,2026-10-01
134970751,1850000000,2026-10-01
134970760,6700000000,2026-10-01
134970803,2300000000,2026-10-01
134970812,3350000000,2026-10-01
134970897,3599999999,2026-10-01
134971084,7780000000,2026-10-01
134971346,2600000000,2026-10-01
134971377,6000000000,2026-10-01
134971386,4050000000,2026-10-01
134971398,4000000000,2026-10-01
134971399,8000000000,2026-10-01
134971569,6000000000,2026-10-01
134971743,3100000000,2026-10-01
134971832,6300000000,2026-10-01
134971907,11340000000,2026-10-01
134971913,3250000000,2026-10-01
134971968,5500000000,2026-10-01
134972129,1100000000,2026-10-01
134972141,25000000000,2026-10-01
134972145,1600000000,2026-10-01
134972173,4390000000,2026-10-01
134972219,2000000000,2026-10-01
134972245,3690000000,2026-10-01
134972271,2900000000,2026-10-01
134972317,11000000000,2026-10-01
134972397,4800000000,2026-10-01
134972551,5350000000,2026-10-01
134972574,2780000000,2026-10-01
134972575,1380000000,2026-10-01
134972590,7900000000,2026-10-01
134972610,1500000000,2026-10-01
134972612,3980000000,2026-10-01
134972804,2560000000,2026-10-01
134972842,6500000000,2026-10-01
134972860,3450000000,2026-10-01
134972893,11800000000,2026-10-01
134972985,5580000000,2026-10-01
134973059,1200000000,2026-10-01
134973071,820000000,2026-10-01
134973094,4750000000,2026-10-01
134973122,3600000000,2026-10-01
134973175,8900000000,2026-10-01
134973177,8700000000,2026-10-01
134973184,4300000000,2026-10-01
134973226,5200000000,2026-10-01
134973235,3950000000,2026-10-01
134973242,4500000000,2026-10-01
134973497,1550000000,2026-10-01
134973544,16600000000,2026-10-01
134973590,2250000000,2026-10-01
134973639,27800000000,2026-10-01
134973645,3700000000,2026-10-01
134973655,4350000000,2026-10-01
134973756,3150000000,2026-10-01
134973858,668000000,2026-10-01
134973880,580000000,2026-10-01
134973904,7300000000,2026-10-01
134973920,2550000000,2026-10-01
134973925,5500000000,2026-10-01
134973928,7600000000,2026-10-01
134973932,8500000000,2026-10-01
134973984,2450000000,2026-10-01
134974028,6300000000,2026-10-01
134974045,3600000000,2026-10-01
134974065,7350000000,2026-10-01
134974090,950000000,2026-10-01
134974092,2350000000,2026-10-01
134974093,8200000000,2026-10-01
134974101,5500000000,2026-10-01
134974163,11000000000,2026-10-01
134974168,27800000000,2026-10-01
134974171,3500000000,2026-10-01
134974192,790000000,2026-10-01
134974328,18900000000,2026-10-01
134974335,8800000000,2026-10-01
134974367,2500000000,2026-10-01
134974391,6250000000,2026-10-01
134974402,7800000000,2026-10-01
134974421,7250000000,2026-10-01
134974475,4300000000,2026-10-01
134974510,2600000000,2026-10-01
134974582,3500000000,2026-10-01
134974592,13850000000,2026-10-01
134974622,3500000000,2026-10-01
134974676,3290000000,2026-10-01
134974933,6600000000,2026-10-01
134974973,2680000000,2026-10-01
134975005,450000000,2026-10-01
134975093,7900000000,2026-10-01
134975207,11200000000,2026-10-01
134975303,2650000000,2026-10-01
134975356,6800000000,2026-10-01
134975465,1450000000,2026-10-01
134975559,7200000000,2026-10-01
134975694,440000000,2026-10-01
134975696,1900000000,2026-10-01
134975710,3500000000,2026-10-01
134975851,10000000000,2026-10-01
134976046,3310000000,2026-10-01
134976058,3300000000,2026-10-01
134976074,7800000000,2026-10-01
134976078,4699000000,2026-10-01
134976079,4550000000,2026-10-01
134976098,9500000000,2026-10-01
134976126,2500000000,2026-10-01
134976128,4400000000,2026-10-01
134976136,3100000000,2026-10-01
134976169,7700000000,2026-10-01
134976176,2050000000,2026-10-01
134976179,4550000000,2026-10-01
134976187,120000000000,2026-10-01
134976230,2800000000,2026-10-01
134976251,4600000000,2026-10-01
134976274,3500000000,2026-10-01
134976378,105500000000,2026-10-01
134976385,30000000000,2026-10-01
134976402,8900000000,2026-10-01
134976472,14800000000,2026-10-01
134976484,55000000000,2026-10-01
134976485,6500000000,2026-10-01
134976623,3480000000,2026-10-01
134976704,3400000000,2026-10-01
134976774,6300000000,2026-10-01
134976810,4850000000,2026-10-01
134976814,4000000000,2026-10-01
134976842,3430000000,2026-10-01
134976861,4100000000,2026-10-01
134976866,15500000000,2026-10-01
134976872,6500000000,2026-10-01
134976901,4500000000,2026-10-01
134977004,8250000000,2026-10-01
134977006,4680000000,2026-10-01
134977040,6150000000,2026-10-01
134977053,2700000000,2026-10-01
134977075,5580000000,2026-10-01
134977122,2950000000,2026-10-01
134977155,6500000000,2026-10-01
134977176,1800000000,2026-10-01
134977222,7800000000,2026-10-01
134977276,4900000000,2026-10-01
134977288,7800000000,2026-10-01
134977301,28000000000,2026-10-01
134977309,13500000000,2026-10-01
134977317,3800000000,2026-10-01
134977320,2450000000,2026-10-01
134977394,8700000000,2026-10-01
134977404,2900000000,2026-10-01
134977408,4250000000,2026-10-01
134977447,1900000000,2026-10-01
134977453,3000000000,2026-10-01
134977466,2550000000,2026-10-01
134977540,5850000000,2026-10-01
134977570,10868000000,2026-10-01
134977582,2380000000,2026-10-01
134977615,9900000000,2026-10-01
134977628,2150000000,2026-10-01
134977648,8590000000,2026-10-01
134977655,2500000000,2026-10-01
134977676,3380000000,2026-10-01
134977703,3650000000,2026-10-01
134977719,1900000000,2026-10-01
134977739,6890000000,2026-10-01
134977763,3600000000,2026-10-01
134977773,17000000000,2026-10-01
134977817,1750000000,2026-10-01
134977937,3000000000,2026-10-01
134977954,2500000000,2026-10-01
134978021,1950000000,2026-10-01
134978067,5400000000,2026-10-01
134978289,3000000000,2026-10-01
134978298,7500000000,2026-10-01
134978307,6520000000,2026-10-01
134978312,1400000000,2026-10-01
134978317,1000000000,2026-10-01
134978326,2200000000,2026-10-01
134978334,8000000000,2026-10-01
134978337,3000000000,2026-10-01
134978338,5000000000,2026-10-01
134978339,3000000000,2026-10-01
134978343,22700000000,2026-10-01
134978350,130000000,2026-10-01
134978357,2900000000,2026-10-01
134978360,4500000000,2026-10-01
134978365,8000000000,2026-10-01
134978370,3000000000,2026-10-01
134978372,7000000000,2026-10-01
134978375,3000000000,2026-10-01
134978388,5000000000,2026-10-01
134978399,4000000000,2026-10-01
134978403,3000000000,2026-10-01
134978413,4000000000,2026-10-01
134978421,14530500000,2026-10-01
134978422,5000000000,2026-10-01
134978428,7000000000,2026-10-01
134978437,8000000000,2026-10-01
134978445,1000000000,2026-10-01
134978447,3000000000,2026-10-01
134978456,1000000000,2026-10-01
134978460,3500000000,2026-10-01
134978462,3000000000,2026-10-01
134978467,2000000000,2026-10-01
134978470,4000000000,2026-10-01
134978495,8900000000,2026-10-01
134978531,4450000000,2026-10-01
134978552,5300000000,2026-10-01
134978645,6800000000,2026-10-01
134978648,2550000000,2026-10-01
134978679,7200000000,2026-10-01
134978682,5000000000,2026-10-01
134978791,3750000000,2026-10-01
134978880,7000000000,2026-10-01
134979036,6000000000,2026-10-01
134979087,19000000000,2026-10-01
134979091,6600000000,2026-10-01
134979092,4400000000,2026-10-01
134979132,3000000000,2026-10-01
134979136,14000000000,2026-10-01
134979143,11256000000,2026-10-01
134979158,8000000000,2026-10-01
134979177,6450000000,2026-10-01
134979181,13000000000,2026-10-01
134979198,4516000000,2026-10-01
134979208,13900000000,2026-10-01
134979214,8300000000,2026-10-01
134979227,5000000000,2026-10-01
134979236,99000000000,2026-10-01
134979239,6350000000,2026-10-01
134979248,10000000000,2026-10-01
134979260,13900000000,2026-10-01
134979266,9000000000,2026-10-01
134979273,12000000000,2026-10-01
134979281,9500000000,2026-10-01
134979292,9000000000,2026-10-01
134979310,4280000000,2026-10-01
134979381,1850000000,2026-10-01
134979415,2850000000,2026-10-01
134979471,18350000000,2026-10-01
134979486,9800000000,2026-10-01
134979541,7980000000,2026-10-01
134979543,2500000000,2026-10-01
134979737,3500000000,2026-10-01
134979754,2950000000,2026-10-01
134979851,7600000000,2026-10-01
134979891,6350000000,2026-10-01
134979893,2490000000,2026-10-01
134979916,540000000,2026-10-01
134979953,880000000,2026-10-01
134979957,7930000000,2026-10-01
134980002,10200000000,2026-10-01
134980022,8900000000,2026-10-01
134980032,1750000000,2026-10-01
134980135,7300000000,2026-10-01
134980155,2400000000,2026-10-01
134980200,13900000000,2026-10-01
134980335,3900000000,2026-10-01
134980356,8650000000,2026-10-01
134980475,2800000000,2026-10-01
134980729,27800000000,2026-10-01
134980855,3350000000,2026-10-01
134980862,6300000000,2026-10-01
134980876,8400000000,2026-10-01
134980894,3570000000,2026-10-01
134980979,3350000000,2026-10-01
134981102,8400000000,2026-10-01
134981121,820000000,2026-10-01
134981186,550000000,2026-10-01
134981220,1768000000,2026-10-01
134981234,5500000000,2026-10-01
134981277,1850000000,2026-10-01
134981492,12000000000,2026-10-01
134981502,38500000000,2026-10-01
134981506,17000000000,2026-10-01
134981588,670000000,2026-10-01
134981602,3500000000,2026-10-01
134981616,5900000000,2026-10-01
134981719,7980000000,2026-10-01
134981725,2490000000,2026-10-01
134981756,9000000000,2026-10-01
134981779,650000000,2026-10-01
134981847,4900000000,2026-10-01
134981901,2500000000,2026-10-01
134982060,2150000000,2026-10-01
134982151,3980000000,2026-10-01
134982198,5990000000,2026-10-01
134982216,880000000,2026-10-01
134982372,4100000000,2026-10-01
134982631,3150000000,2026-10-01
134982705,20000000000,2026-10-01
134982780,2900000000,2026-10-01
134982797,4750000000,2026-10-01
134982823,6900000000,2026-10-01
134983014,4300000000,2026-10-01
134983085,7500000000,2026-10-01
134983186,5450000000,2026-10-01
134983229,3600000000,2026-10-01
134983245,3500000000,2026-10-01
134983360,5700000000,2026-10-01
134983380,7000000000,2026-10-01
134983401,3650000000,2026-10-01
134983446,3300000000,2026-10-01
134983607,320000000,2026-10-01
134983657,5900000000,2026-10-01
134983672,8500000000,2026-10-01
134983680,5980000000,2026-10-01
134983688,12500000000,2026-10-01
134983723,7000000000,2026-10-01
134983746,6380000000,2026-10-01
134983781,7200000000,2026-10-01
134983811,5100000000,2026-10-01
134983828,5490000000,2026-10-01
134983830,2650000000,2026-10-01
134983838,10300000000,2026-10-01
134983883,3980000000,2026-10-01
134983939,10000000000,2026-10-01
134983980,3500000000,2026-10-01
134983991,9500000000,2026-10-01
134984004,1020000000,2026-10-01
134984084,3400000000,2026-10-01
134984099,11500000000,2026-10-01
134984106,4000000000,2026-10-01
134984115,750000000,2026-10-01
134984118,4850000000,2026-10-01
134984138,4600000000,2026-10-01
134984141,570000000,2026-10-01
134984171,6250000000,2026-10-01
134984186,2850000000,2026-10-01
134984203,3300000000,2026-10-01
134984229,3900000000,2026-10-01
134984244,2400000000,2026-10-01
134984254,3500000000,2026-10-01
134984265,3900000000,2026-10-01
134984267,5000000000,2026-10-01
134984270,13700000000,2026-10-01
134984278,8600000000,2026-10-01
134984282,16000000000,2026-10-01
134984288,5600000000,2026-10-01
134984302,3450000000,2026-10-01
134984321,4800000000,2026-10-01
134984337,9500000000,2026-10-01
134984383,3500000000,2026-10-01
134984462,4800000000,2026-10-01
134984476,3650000000,2026-10-01
134984485,3350000000,2026-10-01
134984499,3300000000,2026-10-01
134984515,4500000000,2026-10-01
134984534,6000000000,2026-10-01
134984560,3570000000,2026-10-01
134984572,1350000000,2026-10-01
134984578,9300000000,2026-10-01
134984696,4750000000,2026-10-01
134984705,4500000000,2026-10-01
134984773,3900000000,2026-10-01
134984798,14000000000,2026-10-01
134984820,18500000000,2026-10-01
134984821,2280000000,2026-10-01
134984858,6000000000,2026-10-01
134984874,540000000,2026-10-01
134984889,8600000000,2026-10-01
134984941,1360000000,2026-10-01
134984957,1280000000,2026-10-01
134984988,2300000000,2026-10-01
134984999,4950000000,2026-10-01
134985075,6650000000,2026-10-01
134985167,12000000000,2026-10-01
134985197,5000000000,2026-10-01
134985316,22000000000,2026-10-01
134985326,5450000000,2026-10-01
134985386,7590000000,2026-10-01
134985412,4800000000,2026-10-01
134985422,7800000000,2026-10-01
134985498,3900000000,2026-10-01
134985513,5190000000,2026-10-01
134985553,2800000000,2026-10-01
134985560,4600000000,2026-10-01
134985577,4980000000,2026-10-01
134985583,8400000000,2026-10-01
134985650,2600000000,2026-10-01
134985725,5850000000,2026-10-01
134985767,9500000000,2026-10-01
134985863,1120000000,2026-10-01
134985972,3480000000,2026-10-01
134985999,2500000000,2026-10-01
134986011,1635000000,2026-10-01
134986054,8000000000,2026-10-01
134986082,11200000000,2026-10-01
134986210,4500000000,2026-10-01
134986254,5270000000,2026-10-01
134986293,15000000000,2026-10-01
134986425,10500000000,2026-10-01
134986479,5690000000,2026-10-01
134986554,5650000000,2026-10-01
134986669,5200000000,2026-10-01
134986707,7500000000,2026-10-01
134986729,4600000000,2026-10-01
134986833,3000000000,2026-10-01
134986834,3890000000,2026-10-01
134986841,3990000000,2026-10-01
134986866,3600000000,2026-10-01
134986935,5900000000,2026-10-01
134986970,1500000000,2026-10-01
134986986,14500000000,2026-10-01
134987036,12000000000,2026-10-01
134987079,7000000000,2026-10-01
134987243,7200000000,2026-10-01
134987311,7800000000,2026-10-01
134987328,20000000000,2026-10-01
134987368,6280000000,2026-10-01
134987429,7700000000,2026-10-01
134987434,4050000000,2026-10-01
134987481,1780000000,2026-10-01
134987501,7900000000,2026-10-01
134987527,2250000000,2026-10-01
134987532,1200000000,2026-10-01
134987554,5800000000,2026-10-01
134987562,3050000000,2026-10-01
134987588,5100000000,2026-10-01
134987622,2500000000,2026-10-01
134987638,7200000000,2026-10-01
134987664,11000000000,2026-10-01
134987721,2200000000,2026-10-01
134987759,2650000000,2026-10-01
134987780,2100000000,2026-10-01
134987806,14000000000,2026-10-01
134987810,7150000000,2026-10-01
134987819,9200000000,2026-10-01
134987834,3000000000,2026-10-01
134987855,3300000000,2026-10-01
134987866,7300000000,2026-10-01
134987868,11000000000,2026-10-01
134987878,4350000000,2026-10-01
134987889,9100000000,2026-10-01
134987893,4800000000,2026-10-01
134987897,11000000000,2026-10-01
134987905,3000000000,2026-10-01
134987908,10900000000,2026-10-01
134987918,1700000000,2026-10-01
134987924,9000000000,2026-10-01
134987929,8800000000,2026-10-01
134987941,11500000000,2026-10-01
134987942,4950000000,2026-10-01
134987944,8300000000,2026-10-01
134987946,20000000000,2026-10-01
134987955,3600000000,2026-10-01
134987958,3800000000,2026-10-01
134987972,3300000000,2026-10-01
134987977,2350000000,2026-10-01
134987983,3500000000,2026-10-01
134987985,9200000000,2026-10-01
134987988,3200000000,2026-10-01
134988006,2350000000,2026-10-01
134988075,25800000000,2026-10-01
134988111,3600000000,2026-10-01
134988112,6940000000,2026-10-01
134988122,6500000000,2026-10-01
134988134,6500000000,2026-10-01
134988140,16990000000,2026-10-01
134988142,12600000000,2026-10-01
134988147,8720000000,2026-10-01
134988151,17000000000,2026-10-01
134988159,7230000000,2026-10-01
134988166,16000000000,2026-10-01
134988172,4000000000,2026-10-01
134988175,2850000000,2026-10-01
134988180,15500000000,2026-10-01
134988184,3000000000,2026-10-01
134988191,11000000000,2026-10-01
134988195,27000000000,2026-10-01
134988200,7000000000,2026-10-01
134988208,6990000000,2026-10-01
134988214,10300000000,2026-10-01
134988215,7200000000,2026-10-01
134988217,12000000000,2026-10-01
134988223,10400000000,2026-10-01
134988226,6000000000,2026-10-01
134988231,11990000000,2026-10-01
134988242,7000000000,2026-10-01
134988249,7000000000,2026-10-01
134988266,13500000000,2026-10-01
134988271,11000000000,2026-10-01
134988276,11000000000,2026-10-01
134988280,26000000000,2026-10-01
134988284,250000000,2026-10-01
134988285,3750000000,2026-10-01
134988287,4000000000,2026-10-01
134988294,8790000000,2026-10-01
134988300,17000000000,2026-10-01
134988301,4500000000,2026-10-01
134988308,5500000000,2026-10-01
134988322,6000000000,2026-10-01
134988325,24000000000,2026-10-01
134988329,6000000000,2026-10-01
134988333,8400000000,2026-10-01
134988334,7800000000,2026-10-01
134988338,9490000000,2026-10-01
134988346,5700000000,2026-10-01
134988360,4150000000,2026-10-01
134988362,4170000000,2026-10-01
134988363,8950000000,2026-10-01
134988365,21000000000,2026-10-01
134988375,16000000000,2026-10-01
134988376,3000000000,2026-10-01
134988379,3850000000,2026-10-01
134988386,4900000000,2026-10-01
134988388,2550000000,2026-10-01
134988399,16500000000,2026-10-01
134988403,8000000000,2026-10-01
134988407,12000000000,2026-10-01
134988409,16800000000,2026-10-01
134988416,10000000000,2026-10-01
134988422,4600000000,2026-10-01
134988430,9400000000,2026-10-01
134988438,4000000000,2026-10-01
134988460,7780000000,2026-10-01
134988464,8000000000,2026-10-01
134988472,9850000000,2026-10-01
134988473,11000000000,2026-10-01
134988479,12000000000,2026-10-01
134988491,5000000000,2026-10-01
134988493,12000000000,2026-10-01
134988499,6300000000,2026-10-01
134988506,23300000000,2026-10-01
134988516,3700000000,2026-10-01
134988518,5600000000,2026-10-01
134988519,3350000000,2026-10-01
134988523,4000000000,2026-10-01
134988524,3000000000,2026-10-01
134988527,5280000000,2026-10-01
134988530,6600000000,2026-10-01
134988534,9400000000,2026-10-01
134988535,9250000000,2026-10-01
134988538,6980000000,2026-10-01
134988544,17000000000,2026-10-01
134988553,11900000000,2026-10-01
134988555,7000000000,2026-10-01
134988558,4000000000,2026-10-01
134988561,3980000000,2026-10-01
134988562,11000000000,2026-10-01
134988563,5800000000,2026-10-01
134988574,10000000000,2026-10-01
134988616,3398000000,2026-10-01
134988642,7900000000,2026-10-01
134988671,5190000000,2026-10-01
134988703,8980000000,2026-10-01
134988732,6370000000,2026-10-01
134988737,4100000000,2026-10-01
134988747,5900000000,2026-10-01
134988763,5690000000,2026-10-01
134988801,6400000000,2026-10-01
134988811,5950000000,2026-10-01
134988839,4450000000,2026-10-01
134988914,4800000000,2026-10-01
134988981,6000000000,2026-10-01
134989008,6350000000,2026-10-01
134989019,2990000000,2026-10-01
134989069,5600000000,2026-10-01
134989092,8180000000,2026-10-01
134989100,3780000000,2026-10-01
134989137,900000000,2026-10-01
134989147,6600000000,2026-10-01
134989155,3350000000,2026-10-01
134989162,7150000000,2026-10-01
134989175,5262000000,2026-10-01
134989222,3200000000,2026-10-01
134989232,3300000000,2026-10-01
134989259,5100000000,2026-10-01
134989268,5500000000,2026-10-01
134989275,3300000000,2026-10-01
134989276,4950000000,2026-10-01
134989297,3250000000,2026-10-01
134989302,4850000000,2026-10-01
134989325,2800000000,2026-10-01
134989342,7800000000,2026-10-01
134989343,1790000000,2026-10-01
134989346,3680000000,2026-10-01
134989369,3300000000,2026-10-01
134989371,6100000000,2026-10-01
134989408,5900000000,2026-10-01
134989415,3680000000,2026-10-01
134989422,4600000000,2026-10-01
134989428,20900000000,2026-10-01
134989431,3900000000,2026-10-01
134989449,3890000000,2026-10-01
134989527,2990000000,2026-10-01
134989534,11200000000,2026-10-01
134989539,16800000000,2026-10-01
134989544,7950000000,2026-10-01
134989557,16000000000,2026-10-01
134989559,8200000000,2026-10-01
134989560,13900000000,2026-10-01
134989563,9000000000,2026-10-01
134989582,10600000000,2026-10-01
134989603,3600000000,2026-10-01
134989616,9390000000,2026-10-01
134989638,6500000000,2026-10-01
134989652,4250000000,2026-10-01
134989662,3500000000,2026-10-01
134989699,4200000000,2026-10-01
134989701,4590000000,2026-10-01
134989707,5670000000,2026-10-01
134989719,6000000000,2026-10-01
134989729,24000000000,2026-10-01
134989769,9500000000,2026-10-01
134989799,12000000000,2026-10-01
134989802,19000000000,2026-10-01
134989845,95000000000,2026-10-01
134989882,4680000000,2026-10-01
134989910,70000000000,2026-10-01
134989912,5700000000,2026-10-01
134989940,3890000000,2026-10-01
134989952,3480000000,2026-10-01
134990001,5500000000,2026-10-01
134990069,2380000000,2026-10-01
134990181,7990000000,2026-10-01
134990201,3150000000,2026-10-01
134990208,5600000000,2026-10-01
134990375,3900000000,2026-10-01
134990400,1690000000,2026-10-01
134990401,19000000000,2026-10-01
134990425,10500000000,2026-10-01
134990437,2700000000,2026-10-01
134990450,15900000000,2026-10-01
134990465,9300000000,2026-10-01
134990468,9000000000,2026-10-01
134990479,4350000000,2026-10-01
134990506,4450000000,2026-10-01
134990548,5999000000,2026-10-01
134990600,12000000000,2026-10-01
134990604,8900000000,2026-10-01
134990619,3750000000,2026-10-01
134990690,1390000000,2026-10-01
134990755,4180000000,2026-10-01
134990780,5000000000,2026-10-01
134990781,18000000000,2026-10-01
134990783,20000000000,2026-10-01
134990785,320000000000,2026-10-01
134990786,66000000000,2026-10-01
134990787,4000000000,2026-10-01
134990789,6204000000,2026-10-01
134990799,22000000000,2026-10-01
134990801,1000000000,2026-10-01
134990809,22000000000,2026-10-01
134990810,7250000000,2026-10-01
134990814,2000000000,2026-10-01
134990819,17000000000,2026-10-01
134990820,48500000000,2026-10-01
134990823,5680000000,2026-10-01
134990824,13000000000,2026-10-01
134990825,12000000000,2026-10-01
134990826,3000000000,2026-10-01
134990829,4000000000,2026-10-01
134990835,7000000000,2026-10-01
134990836,12000000000,2026-10-01
134990839,4450000000,2026-10-01
134990841,4000000000,2026-10-01
134990852,21900000000,2026-10-01
134990868,15450000000,2026-10-01
134990870,1000000000,2026-10-01
134990872,12900000000,2026-10-01
134990874,5000000000,2026-10-01
134990875,5000000000,2026-10-01
134990876,15000000000,2026-10-01
134990900,7000000000,2026-10-01
134990904,3000000000,2026-10-01
134990906,23900000000,2026-10-01
134990908,10000000000,2026-10-01
134990910,5600000000,2026-10-01
134990911,8000000000,2026-10-01
134990912,10000000000,2026-10-01
134990930,2300000000,2026-10-01
134990931,8950000000,2026-10-01
134990932,1999000000,2026-10-01
134990933,9000000000,2026-10-01
134990934,9000000000,2026-10-01
134990935,7500000000,2026-10-01
134990936,5000000000,2026-10-01
134990937,4500000000,2026-10-01
134990939,7000000000,2026-10-01
134990940,3000000000,2026-10-01
134990942,11690000000,2026-10-01
134990943,1700000000,2026-10-01
134990946,4680000000,2026-10-01
134990950,1750000000,2026-10-01
134990954,7000000000,2026-10-01
134990957,14000000000,2026-10-01
134990958,4000000000,2026-10-01
134990974,8000000000,2026-10-01
134990975,18300000000,2026-10-01
134990976,16000000000,2026-10-01
134990979,14000000000,2026-10-01
134990980,14000000000,2026-10-01
134990981,6200000000,2026-10-01
134990982,7000000,2026-10-01
134990983,4000000000,2026-10-01
134991006,3000000000,2026-10-01
134991017,4000000000,2026-10-01
134991019,10980000000,2026-10-01
134991020,34500000000,2026-10-01
134991087,2000000000,2026-10-01
134991097,3600000000,2026-10-01
134991126,3580000000,2026-10-01
134991130,9000000000,2026-10-01
134991155,3500000000,2026-10-01
134991170,2090000000,2026-10-01
134991187,2935000000,2026-10-01
134991197,2700000,2026-10-01
134991206,2720000000,2026-10-01
134991234,4200000000,2026-10-01
134991236,2700000000,2026-10-01
134991242,3100000000,2026-10-01
134991273,3600000000,2026-10-01
134991278,4050000000,2026-10-01
134991282,3800000000,2026-10-01
134991289,8300000000,2026-10-01
134991322,5000000000,2026-10-01
134991331,10300000000,2026-10-01
134991398,2000000000,2026-10-01
134991422,8300000000,2026-10-01
134991442,3000000000,2026-10-01
134991560,17500000000,2026-10-01
134991565,23700000000,2026-10-01
134991571,21900000000,2026-10-01
134991629,3900000000,2026-10-01
134991724,6000000000,2026-10-01
134991772,17000000000,2026-10-01
134991774,8000000000,2026-10-01
134991780,4700000000,2026-10-01
134991802,4200000000,2026-10-01
134991814,3000000000,2026-10-01
134991816,4000000000,2026-10-01
134991820,5100000000,2026-10-01
134991831,5000000000,2026-10-01
134991843,8000000000,2026-10-01
134991851,5200000000,2026-10-01
134991859,9000000000,2026-10-01
134991870,9300000000,2026-10-01
134991871,7950000000,2026-10-01
134991879,6150000000,2026-10-01
134991880,23000000000,2026-10-01
134991899,9300000000,2026-10-01
134991901,2200000000,2026-10-01
134991903,6500000000,2026-10-01
134991909,10500000000,2026-10-01
134991911,7200000000,2026-10-01
134991914,3500000000,2026-10-01
134991916,7800000000,2026-10-01
134991927,9300000000,2026-10-01
134991930,6000000000,2026-10-01
134991931,25000000000,2026-10-01
134991932,4600000000,2026-10-01
134991942,5000000000,2026-10-01
134991954,6500000000,2026-10-01
134991957,5360000000,2026-10-01
134991960,7500000000,2026-10-01
134991961,1790000000,2026-10-01
134991963,9500000000,2026-10-01
134991966,4500000000,2026-10-01
134991972,7800000000,2026-10-01
134991973,5100000000,2026-10-01
134991977,6000000000,2026-10-01
134991979,6000000000,2026-10-01
134991999,5800000000,2026-10-01
134992015,6000000000,2026-10-01
134992019,9400000000,2026-10-01
134992024,18000000000,2026-10-01
134992026,5600000000,2026-10-01
134992028,3680000000,2026-10-01
134992030,10000000000,2026-10-01
134992115,4850000000,2026-10-01
134992139,8700000000,2026-10-01
134992147,5700000000,2026-10-01
134992201,8900000000,2026-10-01
134992227,6400000000,2026-10-01
134992264,6100000000,2026-10-01
134992274,5880000000,2026-10-01
134992286,1700000000,2026-10-01
134992289,33000000000,2026-10-01
134992331,4100000000,2026-10-01
134992385,2500000000,2026-10-01
134992406,4950000000,2026-10-01
134992413,8200000000,2026-10-01
134992436,5700000000,2026-10-01
134992454,8590000000,2026-10-01
134992461,900000000,2026-10-01
134992482,350000000,2026-10-01
134992504,5299000000,2026-10-01
134992507,6000000000,2026-10-01
134992508,4500000000,2026-10-01
134992517,3650000000,2026-10-01
134992546,3000000000,2026-10-01
134992561,7700000000,2026-10-01
134992614,3456000000,2026-10-01
134992670,3500000000,2026-10-01
134992684,3800000000,2026-10-01
134992686,7150000000,2026-10-01
134992748,6800000000,2026-10-01
134992806,4000000000,2026-10-01
134992832,1790000000,2026-10-01
134992871,2680000000,2026-10-01
134992921,9900000000,2026-10-01
134992940,1150000000,2026-10-01
134992951,25000000000,2026-10-01
134992953,1150000000,2026-10-01
134992965,7500000000,2026-10-01
134992979,3700000000,2026-10-01
134993017,3600000000,2026-10-01
134993045,4950000000,2026-10-01
134993052,4100000000,2026-10-01
134993062,6400000000,2026-10-01
134993076,3800000000,2026-10-01
134993081,585000000,2026-10-01
134993104,2839000000,2026-10-01
134993137,3800000000,2026-10-01
134993162,3800000000,2026-10-01
134993206,11900000000,2026-10-01
134993281,2300000000,2026-10-01
134993290,8000000000,2026-10-01
134993336,5200000000,2026-10-01
134993391,880000000,2026-10-01
134993396,4250000000,2026-10-01
134993410,3900000000,2026-10-01
134993442,630000000,2026-10-01
134993474,3900000000,2026-10-01
134993482,14500000000,2026-10-01
134993495,1650000000,2026-10-01
134993499,26000000000,2026-10-01
134993557,8900000000,2026-10-01
134993584,3400000000,2026-10-01
134993612,4200000000,2026-10-01
134993638,3250000000,2026-10-01
134993645,7900000000,2026-10-01
134993651,4750000000,2026-10-01
134993654,6800000000,2026-10-01
134993666,2950000000,2026-10-01
134993688,4900000000,2026-10-01
134993772,27800000000,2026-10-01
134993784,8500000000,2026-10-01
134993796,8300000000,2026-10-01
134993921,3650000000,2026-10-01
134993940,1000000000,2026-10-01
134993964,3580000000,2026-10-01
134994028,5050000000,2026-10-01
134994034,5400000000,2026-10-01
134994035,3900000000,2026-10-01
134994049,3300000000,2026-10-01
134994050,3950000000,2026-10-01
134994071,4000000000,2026-10-01
134994079,4800000000,2026-10-01
134994089,4090000000,2026-10-01
134994094,10790000000,2026-10-01
134994109,1560000000,2026-10-01
134994116,5600000000,2026-10-01
134994254,6250000000,2026-10-01
134994363,4700000000,2026-10-01
134994366,3890000000,2026-10-01
134994410,16000000000,2026-10-01
134994421,8600000000,2026-10-01
134994428,9500000000,2026-10-01
134994460,4550000000,2026-10-01
134994489,4200000000,2026-10-01
134994491,3950000000,2026-10-01
134994511,4500000000,2026-10-01
134994557,3050000000,2026-10-01
134994559,26000000000,2026-10-01
134994576,7200000000,2026-10-01
134994612,15000000000,2026-10-01
134994616,3750000000,2026-10-01
134994637,400000000,2026-10-01
134994705,2050000000,2026-10-01
134994710,2850000000,2026-10-01
134994727,680000000,2026-10-01
134994736,1450000000,2026-10-01
134994743,850000000,2026-10-01
134994756,890000000,2026-10-01
134994795,1100000000,2026-10-01
134994804,17900000000,2026-10-01
134994861,900000000,2026-10-01
134994866,4080000000,2026-10-01
134994898,2300000000,2026-10-01
134994974,23000000000,2026-10-01
134994977,4700000000,2026-10-01
134994978,4980000000,2026-10-01
134995004,14000000000,2026-10-01
134995006,10300000000,2026-10-01
134995035,125000000000,2026-10-01
134995092,5100000000,2026-10-01
134995116,13900000000,2026-10-01
134995129,4000000000,2026-10-01
134995138,8300000000,2026-10-01
134995186,3050000000,2026-10-01
134995208,4400000000,2026-10-01
134995233,1100000000,2026-10-01
134995277,2000000000,2026-10-01
134995293,4250000000,2026-10-01
134995327,11000000000,2026-10-01
134995329,5600000000,2026-10-01
134995375,3200000000,2026-10-01
134995380,2600000000,2026-10-01
134995387,1900000000,2026-10-01
134995419,3750000000,2026-10-01
134995442,9900000000,2026-10-01
134995477,3200000000,2026-10-01
134995478,10500000000,2026-10-01
134995479,8700000000,2026-10-01
134995534,12900000000,2026-10-01
134995553,3450000000,2026-10-01
134995574,2020000000,2026-10-01
134995587,4200000000,2026-10-01
134995590,3700000000,2026-10-01
134995705,2500000000,2026-10-01
134995781,550000000,2026-10-01
134995821,3380000000,2026-10-01
134995853,4900000000,2026-10-01
134995866,11500000000,2026-10-01
134995872,7650000000,2026-10-01
134995957,4800000000,2026-10-01
134995985,2250000000,2026-10-01
134995995,2600000000,2026-10-01
134996009,4850000000,2026-10-01
134996018,3500000000,2026-10-01
134996092,18000000000,2026-10-01
134996095,350000000000,2026-10-01
134996099,2500000000,2026-10-01
134996132,5000000000,2026-10-01
134996147,3170000000,2026-10-01
134996211,22000000000,2026-10-01
134996214,4800000000,2026-10-01
134996239,2020000000,2026-10-01
134996261,4800000000,2026-10-01
134996289,3750000000,2026-10-01
134996332,18500000000,2026-10-01
134996337,4800000000,2026-10-01
134996350,3900000000,2026-10-01
134996381,55000000000,2026-10-01
134996402,2300000000,2026-10-01
134996424,9500000000,2026-10-01
134996437,4200000000,2026-10-01
134996478,4600000000,2026-10-01
134996512,7800000000,2026-10-01
134996519,7300000000,2026-10-01
134996521,7500000000,2026-10-01
134996571,3000000000,2026-10-01
134996579,2500000000,2026-10-01
134996630,1290000000,2026-10-01
134996654,1850000000,2026-10-01
134996655,11000000000,2026-10-01
134996685,12500000000,2026-10-01
134996699,3850000000,2026-10-01
134996769,32161000000,2026-10-01
134996798,8100000000,2026-10-01
134996821,4700000000,2026-10-01
134996838,2000000000,2026-10-01
134996850,1650000000,2026-10-01
134996868,3190000000,2026-10-01
134996873,23000000000,2026-10-01
134996898,5200000000,2026-10-01
134996911,2880000000,2026-10-01
134996924,7400000000,2026-10-01
134996976,6550000000,2026-10-01
134997000,4700000000,2026-10-01
134997002,6800000000,2026-10-01
134997019,13000000000,2026-10-01
134997047,780000000,2026-10-01
134997083,650000000,2026-10-01
134997113,560000000,2026-10-01
134997138,730000000,2026-10-01
134997162,6560000000,2026-10-01
134997165,6980000000,2026-10-01
134997210,3250000000,2026-10-01
134997237,350000000,2026-10-01
134997252,7600000000,2026-10-01
134997273,1980000000,2026-10-01
134997280,5200000000,2026-10-01
134997285,2600000000,2026-10-01
134997302,9950000000,2026-10-01
134997329,18680000000,2026-10-01
134997330,1260000000,2026-10-01
134997336,11800000000,2026-10-01
134997391,5880000000,2026-10-01
134997430,2480000000,2026-10-01
134997453,7950000000,2026-10-01
134997460,5800000000,2026-10-01
134997490,4888000000,2026-10-01
134997512,3000000000,2026-10-01
134997530,12000000000,2026-10-01
134997544,5700000000,2026-10-01
134997590,3500000000,2026-10-01
134997606,4000000000,2026-10-01
134997607,3350000000,2026-10-01
134997614,3950000000,2026-10-01
134997616,8900000000,2026-10-01
134997640,4680000000,2026-10-01
134997704,2300000000,2026-10-01
134997724,37999000000,2026-10-01
134997762,8500000000,2026-10-01
134997769,2880000000,2026-10-01
134997808,15300000000,2026-10-01
134997815,6380000000,2026-10-01
134997819,11500000000,2026-10-01
134997875,4050000000,2026-10-01
134997886,3000000000,2026-10-01
134997901,3950000000,2026-10-01
134997921,4950000000,2026-10-01
134997933,4800000000,2026-10-01
134997941,5950000000,2026-10-01
134997951,3900000000,2026-10-01
134997962,15800000000,2026-10-01
134998006,8200000000,2026-10-01
134998055,6500000000,2026-10-01
134998153,9200000000,2026-10-01
134998163,3990000000,2026-10-01
134998208,3950000000,2026-10-01
134998209,4700000000,2026-10-01
134998249,7800000000,2026-10-01
134998299,7980000000,2026-10-01
134998301,2000000000,2026-10-01
134998317,6700000000,2026-10-01
134998326,13000000000,2026-10-01
134998327,5950000000,2026-10-01
134998330,3000000000,2026-10-01
134998387,4170000000,2026-10-01
134998413,3500000000,2026-10-01
134998417,4780000000,2026-10-01
134998434,16500000000,2026-10-01
134998481,1900000000,2026-10-01
134998502,1700000000,2026-10-01
134998536,5000000000,2026-10-01
134998551,2380000000,2026-10-01
134998567,2350000000,2026-10-01
134998581,24000000000,2026-10-01
134998600,2020000000,2026-10-01
134998613,6990000000,2026-10-01
134998695,22900000000,2026-10-01
134998741,5880000000,2026-10-01
134998745,3950000000,2026-10-01
134998822,8500000000,2026-10-01
134998859,3890000000,2026-10-01
134998888,4300000000,2026-10-01
134998960,4450000000,2026-10-01
134998987,8800000000,2026-10-01
134999010,3500000000,2026-10-01
134999030,4800000000,2026-10-01
134999210,2100000000,2026-10-01
134999211,18000000000,2026-10-01
134999303,6500000000,2026-10-01
134999345,8990000000,2026-10-01
134999367,4480000000,2026-10-01
134999410,9700000000,2026-10-01
134999487,65000000000,2026-10-01
134999613,75000000000,2026-10-01
134999630,1250000000,2026-10-01
134999712,5150000000,2026-10-01
134999721,16900000000,2026-10-01
134999734,6600000000,2026-10-01
134999762,7800000000,2026-10-01
134999834,2590000000,2026-10-01
134999843,23000000000,2026-10-01
134999849,5380000000,2026-10-01
134999867,11300000000,2026-10-01
134999887,15000000000,2026-10-01
134999896,2150000000,2026-10-01
134999902,5500000000,2026-10-01
134999927,21000000000,2026-10-01
134999951,1750000000,2026-10-01
134999952,12790000000,2026-10-01
134999981,375000000,2026-10-01
134999986,8100000000,2026-10-01
134999995,10350000000,2026-10-01
135000012,2000000000,2026-10-01
135000027,3990000000,2026-10-01
135000102,12000000000,2026-10-01
135000151,4850000000,2026-10-01
135000188,12000000000,2026-10-01
135000235,7700000000,2026-10-01
135000239,1750000000,2026-10-01
135000243,4900000000,2026-10-01
135000279,6500000000,2026-10-01
135000280,3380000000,2026-10-01
135000291,3150000000,2026-10-01
135000292,3950000000,2026-10-01
135000309,5100000000,2026-10-01
135000340,2650000000,2026-10-01
135000345,1800000000,2026-10-01
135000349,4900000000,2026-10-01
135000357,2000000000,2026-10-01
135000358,25000000000,2026-10-01
135000385,5880000000,2026-10-01
135000386,4100000000,2026-10-01
135000404,5200000000,2026-10-01
135000420,3980000000,2026-10-01
135000427,11999000000,2026-10-01
135000438,5299000000,2026-10-01
135000467,780000000,2026-10-01
135000547,4200000000,2026-10-01
135000588,9500000000,2026-10-01
135000605,950000000,2026-10-01
135000627,1550000000,2026-10-01
135000673,220000000000,2026-10-01
135000682,5500000000,2026-10-01
135000709,5250000000,2026-10-01
135000710,8200000000,2026-10-01
135000740,6750000000,2026-10-01
135000795,15900000000,2026-10-01
135000822,1800000000,2026-10-01
135000840,8590000000,2026-10-01
135000855,9500000000,2026-10-01
135000966,4980000000,2026-10-01
135000996,9600000000,2026-10-01
135001031,6600000000,2026-10-01
135001053,9500000000,2026-10-01
135001068,4000000000,2026-10-01
135001202,2500000000,2026-10-01
135001206,1000000000,2026-10-01
135001209,17800000000,2026-10-01
135001210,1300000000,2026-10-01
135001217,4150000000,2026-10-01
135001241,13999000000,2026-10-01
135001259,1500000000,2026-10-01
135001303,960000000,2026-10-01
135001314,1190000000,2026-10-01
135001319,7000000000,2026-10-01
135001323,6490000000,2026-10-01
135001332,1100000000,2026-10-01
135001374,2880000000,2026-10-01
135001378,8100000000,2026-10-01
135001429,9000000000,2026-10-01
135001452,3480000000,2026-10-01
135001480,5000000000,2026-10-01
135001481,28000000000,2026-10-01
135001508,6600000000,2026-10-01
135001527,8800000000,2026-10-01
53045531,2150000000,2026-10-01
80207953,2390000000,2026-10-01
80469453,8850000000,2026-10-01
89762915,2900000000,2026-10-01
91239571,2600000000,2026-10-01
92281215,3050000000,2026-10-01
94770691,8500000000,2026-10-01
96976900,7000000000,2026-10-01
98051574,19000000000,2026-10-01
99126256,28000000000,2026-10-01
