location,time,temperature_2m,relative_humidity_2m,dew_point_2m,apparent_temperature,precipitation,cloud_cover,surface_pressure,wind_speed_10m,wind_speed_100m,wind_direction_100m,wind_gusts_10m,shortwave_radiation,direct_normal_irradiance,diffuse_radiation
AT_Vienna,2026-09-07T00:00Z,16.2,50,5.6,14.7,0.0,80,1003.7,2.6,8.7,95,9.4,0.0,0.0,0.0
BE_Brussels,2026-09-07T00:00Z,19.7,56,10.6,18.5,0.0,47,1015.9,9.5,20.5,204,17.6,0.0,0.0,0.0
DE_Berlin,2026-09-07T00:00Z,12.7,78,8.9,11.1,0.0,85,1021.4,8.3,21.0,167,15.1,0.0,0.0,0.0
DE_Hamburg,2026-09-07T00:00Z,15.1,73,10.2,13.4,0.0,18,1020.3,11.8,25.1,155,22.3,0.0,0.0,0.0
DE_Munich,2026-09-07T00:00Z,14.0,74,9.5,13.1,0.0,1,962.6,5.2,16.3,101,10.4,0.0,0.0,0.0
ES_Madrid,2026-09-07T00:00Z,28.0,28,7.7,27.2,0.0,1,947.1,1.0,1.7,72,9.4,0.0,0.0,0.0
FR_Paris,2026-09-07T00:00Z,20.3,61,12.5,20.5,0.0,6,1012.8,3.8,12.6,176,7.6,0.0,0.0,0.0
NL_Amsterdam,2026-09-07T00:00Z,16.4,79,12.8,16.0,0.0,25,1017.5,8.6,22.4,184,16.2,0.0,0.0,0.0
PL_Warsaw,2026-09-07T00:00Z,11.6,88,9.6,10.4,0.0,59,1012.2,7.4,16.9,287,17.3,0.0,0.0,0.0
US_BPAT_Portland,2026-09-07T00:00Z,17.9,69,12.1,17.5,0.0,63,1013.5,7.2,10.3,182,19.4,398.0,486.6,145.0
US_CISO_LosAngeles,2026-09-07T00:00Z,22.8,96,22.2,26.8,0.5,100,1003.1,6.5,11.7,1,11.9,97.0,0.0,97.0
US_CISO_SanFrancisco,2026-09-07T00:00Z,18.7,66,12.3,16.5,0.0,0,1012.3,19.2,25.9,261,46.4,536.0,789.7,91.0
US_ERCO_Dallas,2026-09-07T00:00Z,34.8,40,19.3,36.8,0.0,7,995.4,10.0,18.2,122,26.3,185.0,488.8,59.0
US_ERCO_Houston,2026-09-07T00:00Z,28.3,85,25.6,34.9,0.0,48,1008.9,3.9,6.5,134,10.4,138.0,260.9,76.0
US_ISNE_Boston,2026-09-07T00:00Z,17.8,77,13.8,18.1,0.0,25,1013.7,6.8,15.4,300,15.5,0.0,0.0,0.0
US_MISO_Chicago,2026-09-07T00:00Z,22.0,74,17.1,22.4,0.0,23,987.0,14.3,23.9,51,31.3,78.0,239.5,46.0
US_NYIS_NewYork,2026-09-07T00:00Z,20.0,77,15.8,21.1,0.0,13,1012.7,5.6,11.1,146,4.7,3.0,19.1,2.0
US_PJM_Philadelphia,2026-09-07T00:00Z,22.7,68,16.5,24.6,0.0,34,1013.1,2.1,7.6,3,13.3,4.0,19.1,3.0
US_SWPP_OklahomaCity,2026-09-07T00:00Z,37.1,28,15.8,37.9,0.0,66,969.4,7.9,11.4,174,16.9,161.0,313.3,78.0
VN_DaNang,2026-09-07T00:00Z,27.4,85,24.7,33.7,0.0,26,1008.6,1.5,1.8,307,9.7,140.0,387.0,57.0
VN_HaNoi,2026-09-07T00:00Z,25.4,85,22.7,30.2,0.0,80,1006.9,3.7,8.2,98,11.9,90.0,211.9,52.0
VN_HoChiMinh,2026-09-07T00:00Z,27.0,89,25.1,32.9,0.0,90,1009.7,6.2,14.3,226,16.2,103.0,223.5,62.0
AT_Vienna,2026-09-07T01:00Z,15.6,52,5.7,14.2,0.0,70,1003.4,2.2,7.3,118,6.8,0.0,0.0,0.0
BE_Brussels,2026-09-07T01:00Z,19.1,57,10.4,17.9,0.0,27,1015.4,9.2,19.7,205,18.0,0.0,0.0,0.0
DE_Berlin,2026-09-07T01:00Z,12.3,78,8.5,10.5,0.0,92,1021.0,9.1,21.8,165,17.3,0.0,0.0,0.0
DE_Hamburg,2026-09-07T01:00Z,14.4,76,10.2,13.0,0.0,23,1020.0,10.1,22.7,154,22.7,0.0,0.0,0.0
DE_Munich,2026-09-07T01:00Z,13.7,76,9.5,12.9,0.0,0,962.2,4.9,16.2,103,10.8,0.0,0.0,0.0
ES_Madrid,2026-09-07T01:00Z,27.1,27,6.7,25.7,0.0,1,947.4,3.5,7.7,11,7.9,0.0,0.0,0.0
FR_Paris,2026-09-07T01:00Z,20.0,60,12.0,20.0,0.0,23,1012.3,4.5,14.2,183,9.4,0.0,0.0,0.0
NL_Amsterdam,2026-09-07T01:00Z,16.2,80,12.8,15.9,0.0,73,1016.9,7.6,21.4,186,15.8,0.0,0.0,0.0
PL_Warsaw,2026-09-07T01:00Z,11.0,89,9.3,9.6,0.0,42,1012.1,8.1,17.9,275,16.2,0.0,0.0,0.0
US_BPAT_Portland,2026-09-07T01:00Z,17.8,69,12.1,17.5,0.0,29,1013.6,6.5,9.8,210,19.8,224.0,245.7,134.0
US_CISO_LosAngeles,2026-09-07T01:00Z,22.8,98,22.5,27.0,4.5,87,1002.4,6.1,12.8,56,13.0,48.0,5.8,46.0
US_CISO_SanFrancisco,2026-09-07T01:00Z,17.7,71,12.4,15.5,0.0,0,1012.2,19.8,27.5,261,47.2,340.0,674.7,77.0
US_ERCO_Dallas,2026-09-07T01:00Z,33.8,42,19.0,35.9,0.0,3,995.0,8.3,15.9,133,22.0,27.0,144.1,13.0
US_ERCO_Houston,2026-09-07T01:00Z,27.5,91,25.9,34.3,0.0,47,1008.8,3.1,7.0,151,8.3,17.0,69.9,11.0
US_ISNE_Boston,2026-09-07T01:00Z,17.5,56,8.7,15.6,0.0,1,1014.0,10.8,24.4,331,21.6,0.0,0.0,0.0
US_MISO_Chicago,2026-09-07T01:00Z,22.1,76,17.6,23.4,0.0,55,988.0,10.1,18.9,52,29.2,1.0,0.0,1.0
US_NYIS_NewYork,2026-09-07T01:00Z,19.4,84,16.6,21.3,0.0,5,1013.4,2.8,9.2,176,11.2,0.0,0.0,0.0
US_PJM_Philadelphia,2026-09-07T01:00Z,21.5,75,16.9,22.5,0.0,46,1014.1,9.3,17.1,129,19.8,0.0,0.0,0.0
US_SWPP_OklahomaCity,2026-09-07T01:00Z,36.0,30,15.7,36.8,0.1,31,969.6,7.7,13.1,188,20.9,29.0,137.4,15.0
VN_DaNang,2026-09-07T01:00Z,28.5,80,24.8,35.0,0.0,97,1009.1,0.6,0.9,270,9.0,353.0,559.9,101.0
VN_HaNoi,2026-09-07T01:00Z,27.0,79,23.0,32.2,0.0,14,1007.5,1.5,2.4,126,11.2,308.0,469.4,115.0
VN_HoChiMinh,2026-09-07T01:00Z,28.4,83,25.2,34.2,0.0,16,1010.2,7.6,11.6,234,20.9,311.0,422.1,131.0
AT_Vienna,2026-09-07T02:00Z,15.2,54,6.0,13.7,0.0,37,1002.9,2.7,9.1,142,6.8,0.0,0.0,0.0
BE_Brussels,2026-09-07T02:00Z,18.8,56,9.8,17.2,0.0,39,1015.0,10.1,22.1,199,19.4,0.0,0.0,0.0
DE_Berlin,2026-09-07T02:00Z,12.0,79,8.5,10.2,0.0,95,1020.4,8.9,21.3,164,17.3,0.0,0.0,0.0
DE_Hamburg,2026-09-07T02:00Z,14.0,78,10.2,12.6,0.0,70,1019.6,10.0,22.5,156,20.5,0.0,0.0,0.0
DE_Munich,2026-09-07T02:00Z,13.3,78,9.5,12.4,0.0,26,961.9,4.7,14.0,113,8.6,0.0,0.0,0.0
ES_Madrid,2026-09-07T02:00Z,26.0,29,6.7,23.9,0.0,12,946.9,8.0,15.6,29,17.6,0.0,0.0,0.0
FR_Paris,2026-09-07T02:00Z,20.1,60,12.0,20.0,0.0,37,1012.2,5.1,14.9,191,10.1,0.0,0.0,0.0
NL_Amsterdam,2026-09-07T02:00Z,16.3,80,12.8,16.0,0.0,73,1016.5,8.1,21.8,188,16.6,0.0,0.0,0.0
PL_Warsaw,2026-09-07T02:00Z,10.4,91,9.0,8.9,0.0,49,1012.0,8.5,18.9,267,16.9,0.0,0.0,0.0
US_BPAT_Portland,2026-09-07T02:00Z,17.3,73,12.4,17.0,0.0,44,1013.8,7.0,12.9,229,17.3,115.0,352.7,47.0
US_CISO_LosAngeles,2026-09-07T02:00Z,23.2,96,22.5,28.0,0.9,86,1002.2,2.7,8.3,46,14.0,51.0,105.0,36.0
US_CISO_SanFrancisco,2026-09-07T02:00Z,17.0,74,12.4,15.2,0.0,0,1012.3,17.3,24.8,260,46.8,140.0,474.4,48.0
US_ERCO_Dallas,2026-09-07T02:00Z,32.9,44,19.0,34.9,0.0,2,995.5,9.1,18.2,131,17.3,0.0,0.0,0.0
US_ERCO_Houston,2026-09-07T02:00Z,27.1,92,25.7,33.8,0.0,8,1009.1,3.7,9.3,153,7.2,0.0,0.0,0.0
US_ISNE_Boston,2026-09-07T02:00Z,16.8,58,8.6,14.6,0.0,2,1014.3,12.6,27.3,330,25.2,0.0,0.0,0.0
US_MISO_Chicago,2026-09-07T02:00Z,22.2,78,18.2,24.1,0.0,69,989.0,6.9,15.4,57,20.5,0.0,0.0,0.0
US_NYIS_NewYork,2026-09-07T02:00Z,19.1,86,16.7,21.0,0.0,9,1014.2,2.6,5.2,248,6.1,0.0,0.0,0.0
US_PJM_Philadelphia,2026-09-07T02:00Z,20.2,83,17.1,21.6,0.0,67,1015.0,7.5,14.3,144,25.6,0.0,0.0,0.0
US_SWPP_OklahomaCity,2026-09-07T02:00Z,35.7,31,15.7,36.6,0.0,40,970.1,6.5,12.3,187,17.6,0.0,0.0,0.0
VN_DaNang,2026-09-07T02:00Z,29.3,76,24.6,35.4,0.0,68,1009.1,2.3,2.8,145,11.9,479.0,450.5,183.0
VN_HaNoi,2026-09-07T02:00Z,28.3,74,23.3,33.5,0.0,3,1007.3,3.3,4.5,331,13.3,499.0,542.4,164.0
VN_HoChiMinh,2026-09-07T02:00Z,29.8,76,25.1,35.1,0.0,38,1010.6,10.1,14.8,246,30.2,541.0,648.3,125.0
AT_Vienna,2026-09-07T03:00Z,14.7,58,6.4,13.3,0.0,0,1002.8,3.7,11.2,134,8.6,0.0,0.0,0.0
BE_Brussels,2026-09-07T03:00Z,18.7,54,9.2,17.0,0.0,66,1014.5,10.4,22.7,194,20.2,0.0,0.0,0.0
DE_Berlin,2026-09-07T03:00Z,11.7,81,8.5,10.1,0.0,96,1020.2,8.1,20.2,167,17.3,0.0,0.0,0.0
DE_Hamburg,2026-09-07T03:00Z,13.6,80,10.1,12.0,0.0,48,1019.3,11.0,23.8,161,22.0,0.0,0.0,0.0
DE_Munich,2026-09-07T03:00Z,12.7,81,9.6,12.0,0.0,73,961.5,4.3,13.3,123,8.6,0.0,0.0,0.0
ES_Madrid,2026-09-07T03:00Z,24.4,34,7.5,22.7,0.0,38,946.6,7.3,16.1,39,18.0,0.0,0.0,0.0
FR_Paris,2026-09-07T03:00Z,20.7,56,11.6,19.3,0.0,50,1012.8,13.2,29.1,197,24.5,0.0,0.0,0.0
NL_Amsterdam,2026-09-07T03:00Z,15.9,82,12.8,15.8,0.0,48,1016.1,6.1,18.7,199,15.5,0.0,0.0,0.0
PL_Warsaw,2026-09-07T03:00Z,10.0,92,8.7,8.4,0.0,60,1011.9,8.3,19.0,261,16.9,0.0,0.0,0.0
US_BPAT_Portland,2026-09-07T03:00Z,15.9,84,13.1,16.4,0.1,46,1014.2,3.3,9.6,240,15.5,11.0,57.7,7.0
US_CISO_LosAngeles,2026-09-07T03:00Z,22.6,96,22.0,26.5,1.0,95,1001.6,7.3,12.5,327,16.6,0.0,0.0,0.0
US_CISO_SanFrancisco,2026-09-07T03:00Z,16.4,78,12.6,15.1,0.0,0,1012.3,14.2,22.0,255,38.9,10.0,60.2,6.0
US_ERCO_Dallas,2026-09-07T03:00Z,32.3,46,19.1,34.4,0.0,1,996.5,8.9,18.2,152,18.7,0.0,0.0,0.0
US_ERCO_Houston,2026-09-07T03:00Z,26.9,92,25.5,33.3,0.0,5,1009.7,4.0,10.1,170,7.2,0.0,0.0,0.0
US_ISNE_Boston,2026-09-07T03:00Z,16.0,63,9.0,14.1,0.0,2,1014.6,11.3,24.7,328,25.6,0.0,0.0,0.0
US_MISO_Chicago,2026-09-07T03:00Z,22.5,77,18.3,24.3,0.0,38,989.0,8.1,16.7,79,16.2,0.0,0.0,0.0
US_NYIS_NewYork,2026-09-07T03:00Z,18.8,88,16.8,20.5,0.0,15,1014.8,4.1,10.6,337,9.0,0.0,0.0,0.0
US_PJM_Philadelphia,2026-09-07T03:00Z,19.5,87,17.2,21.4,0.0,77,1015.7,4.0,10.3,125,16.6,0.0,0.0,0.0
US_SWPP_OklahomaCity,2026-09-07T03:00Z,34.9,33,16.2,35.8,0.0,23,970.7,7.9,15.0,176,19.1,0.0,0.0,0.0
VN_DaNang,2026-09-07T03:00Z,30.3,71,24.5,37.1,0.1,46,1009.0,2.4,3.1,170,20.9,666.0,601.6,172.0
VN_HaNoi,2026-09-07T03:00Z,29.5,72,24.0,35.9,0.0,11,1007.3,4.5,5.9,333,16.6,706.0,690.9,164.0
VN_HoChiMinh,2026-09-07T03:00Z,31.0,70,25.0,37.4,0.0,73,1010.3,10.3,15.0,257,34.9,763.0,794.4,116.0
AT_Vienna,2026-09-07T04:00Z,14.2,61,6.8,12.6,0.0,2,1002.6,5.6,14.5,118,11.9,0.0,0.0,0.0
BE_Brussels,2026-09-07T04:00Z,18.4,55,9.2,16.5,0.0,77,1014.2,11.0,24.0,188,20.9,0.0,0.0,0.0
DE_Berlin,2026-09-07T04:00Z,11.4,83,8.5,9.7,0.0,67,1019.9,8.3,20.3,160,15.5,0.0,0.0,0.0
DE_Hamburg,2026-09-07T04:00Z,13.3,80,9.9,11.7,0.0,27,1018.6,10.4,23.4,165,22.7,0.0,0.0,0.0
DE_Munich,2026-09-07T04:00Z,12.1,85,9.6,11.5,0.0,95,961.2,3.6,10.2,134,7.6,0.0,0.0,0.0
ES_Madrid,2026-09-07T04:00Z,23.6,36,7.6,22.1,0.0,0,946.5,5.4,12.2,49,16.9,0.0,0.0,0.0
FR_Paris,2026-09-07T04:00Z,21.5,59,13.1,21.0,0.0,57,1012.1,10.1,25.1,233,30.6,0.0,0.0,0.0
NL_Amsterdam,2026-09-07T04:00Z,15.7,82,12.7,15.5,0.0,25,1015.2,7.4,19.6,186,14.0,0.0,0.0,0.0
PL_Warsaw,2026-09-07T04:00Z,9.6,93,8.5,8.0,0.0,53,1012.1,8.2,18.8,257,16.6,0.0,0.0,0.0
US_BPAT_Portland,2026-09-07T04:00Z,15.3,87,13.2,15.7,0.1,98,1014.8,4.5,10.5,213,9.0,0.0,0.0,0.0
US_CISO_LosAngeles,2026-09-07T04:00Z,22.7,95,21.8,26.7,0.7,69,1002.4,5.8,12.6,303,17.6,0.0,0.0,0.0
US_CISO_SanFrancisco,2026-09-07T04:00Z,16.1,80,12.7,15.3,0.0,0,1012.6,11.3,18.5,246,31.7,0.0,0.0,0.0
US_ERCO_Dallas,2026-09-07T04:00Z,31.5,49,19.5,33.9,0.0,1,996.8,8.5,16.9,177,17.6,0.0,0.0,0.0
US_ERCO_Houston,2026-09-07T04:00Z,26.6,92,25.2,32.9,0.0,3,1010.0,4.0,11.1,189,8.6,0.0,0.0,0.0
US_ISNE_Boston,2026-09-07T04:00Z,15.3,68,9.4,13.6,0.0,2,1014.9,11.2,24.0,319,22.7,0.0,0.0,0.0
US_MISO_Chicago,2026-09-07T04:00Z,22.5,72,17.3,23.5,0.0,84,988.8,10.8,19.9,102,21.6,0.0,0.0,0.0
US_NYIS_NewYork,2026-09-07T04:00Z,18.5,83,15.6,19.7,0.0,23,1015.0,5.0,14.7,6,10.4,0.0,0.0,0.0
US_PJM_Philadelphia,2026-09-07T04:00Z,19.2,88,17.2,21.7,0.0,25,1016.0,0.6,6.9,143,9.0,0.0,0.0,0.0
US_SWPP_OklahomaCity,2026-09-07T04:00Z,34.0,35,16.4,34.9,0.0,8,971.0,8.4,16.3,187,18.7,0.0,0.0,0.0
VN_DaNang,2026-09-07T04:00Z,31.0,69,24.6,38.4,0.2,93,1008.2,4.3,5.0,120,24.5,800.0,565.9,273.0
VN_HaNoi,2026-09-07T04:00Z,30.5,68,24.0,37.8,0.1,13,1006.8,3.4,4.5,360,16.6,806.0,685.1,189.0
VN_HoChiMinh,2026-09-07T04:00Z,31.8,66,24.7,38.8,0.0,98,1009.7,9.4,13.0,264,35.3,863.0,770.5,144.0
AT_Vienna,2026-09-07T05:00Z,14.2,61,6.8,12.4,0.0,1,1002.5,7.0,15.7,123,14.8,14.0,89.1,8.0
BE_Brussels,2026-09-07T05:00Z,18.7,55,9.6,17.1,0.0,82,1014.1,9.6,21.7,189,22.0,0.0,0.0,0.0
DE_Berlin,2026-09-07T05:00Z,11.4,83,8.6,9.5,0.0,82,1019.7,10.0,22.3,153,18.7,7.0,38.2,5.0
DE_Hamburg,2026-09-07T05:00Z,13.2,80,9.8,11.6,0.0,34,1018.1,10.9,23.3,161,21.6,2.0,0.0,2.0
DE_Munich,2026-09-07T05:00Z,12.0,88,10.1,11.6,0.0,68,961.4,3.0,6.0,163,7.2,2.0,0.0,2.0
ES_Madrid,2026-09-07T05:00Z,23.0,36,7.2,21.6,0.0,0,946.4,4.3,10.2,49,11.9,0.0,0.0,0.0
FR_Paris,2026-09-07T05:00Z,21.0,64,14.0,21.1,0.0,85,1012.4,8.1,21.2,254,20.2,0.0,0.0,0.0
NL_Amsterdam,2026-09-07T05:00Z,15.7,82,12.7,15.1,0.0,88,1015.2,9.8,24.1,178,18.7,0.0,0.0,0.0
PL_Warsaw,2026-09-07T05:00Z,10.2,91,8.8,8.7,0.0,91,1012.3,8.2,18.0,254,16.6,39.0,185.4,22.0
US_BPAT_Portland,2026-09-07T05:00Z,15.0,89,13.2,15.1,0.0,54,1015.2,6.0,12.6,204,12.6,0.0,0.0,0.0
US_CISO_LosAngeles,2026-09-07T05:00Z,22.6,95,21.7,27.2,0.8,42,1002.8,0.4,4.3,343,16.9,0.0,0.0,0.0
US_CISO_SanFrancisco,2026-09-07T05:00Z,15.9,82,12.8,15.4,0.0,0,1013.0,9.2,15.1,234,24.5,0.0,0.0,0.0
US_ERCO_Dallas,2026-09-07T05:00Z,30.6,55,20.6,33.6,0.0,1,996.9,8.0,15.8,173,16.6,0.0,0.0,0.0
US_ERCO_Houston,2026-09-07T05:00Z,26.4,91,24.9,32.3,0.0,0,1010.0,4.6,12.0,189,8.3,0.0,0.0,0.0
US_ISNE_Boston,2026-09-07T05:00Z,14.8,73,10.0,13.3,0.0,1,1015.2,10.4,22.9,318,22.3,0.0,0.0,0.0
US_MISO_Chicago,2026-09-07T05:00Z,22.2,69,16.3,22.8,0.0,94,988.6,10.4,19.8,107,22.3,0.0,0.0,0.0
US_NYIS_NewYork,2026-09-07T05:00Z,18.2,80,14.6,19.0,0.0,15,1015.3,4.6,14.5,14,10.8,0.0,0.0,0.0
US_PJM_Philadelphia,2026-09-07T05:00Z,19.3,87,17.1,21.7,0.1,23,1016.3,0.5,5.7,152,2.2,0.0,0.0,0.0
US_SWPP_OklahomaCity,2026-09-07T05:00Z,33.0,38,16.6,34.0,0.0,2,971.1,8.2,16.3,191,21.6,0.0,0.0,0.0
VN_DaNang,2026-09-07T05:00Z,28.1,85,25.2,34.3,5.3,98,1007.9,5.4,7.0,77,25.9,577.0,341.8,242.0
VN_HaNoi,2026-09-07T05:00Z,31.0,65,23.6,38.4,0.1,34,1005.7,2.7,3.3,13,15.1,848.0,677.5,199.0
VN_HoChiMinh,2026-09-07T05:00Z,32.6,62,24.5,39.7,0.0,100,1008.6,9.5,12.8,259,33.5,921.0,687.1,241.0
AT_Vienna,2026-09-07T06:00Z,15.0,57,6.6,13.2,0.0,13,1002.6,6.8,17.7,130,19.1,129.0,430.3,49.0
BE_Brussels,2026-09-07T06:00Z,18.6,57,9.8,16.9,0.0,35,1014.2,11.2,23.7,211,19.4,26.0,95.8,18.0
DE_Berlin,2026-09-07T06:00Z,12.4,81,9.2,10.7,0.0,73,1019.7,9.8,20.2,155,20.5,94.0,305.4,48.0
DE_Hamburg,2026-09-07T06:00Z,14.2,77,10.2,12.8,0.0,45,1017.9,9.7,19.2,161,21.6,69.0,312.8,33.0
DE_Munich,2026-09-07T06:00Z,12.8,90,11.2,12.6,0.0,11,961.8,4.1,9.0,258,9.4,62.0,191.4,37.0
ES_Madrid,2026-09-07T06:00Z,22.1,39,7.4,20.8,0.0,0,947.0,4.6,10.0,41,10.1,1.0,0.0,1.0
FR_Paris,2026-09-07T06:00Z,20.0,69,14.0,20.2,0.0,98,1013.1,6.9,17.3,273,16.9,14.0,27.6,12.0
NL_Amsterdam,2026-09-07T06:00Z,16.2,80,12.8,15.5,0.0,75,1015.1,11.0,24.3,181,20.9,29.0,105.1,20.0
PL_Warsaw,2026-09-07T06:00Z,11.2,88,9.3,10.1,0.0,63,1012.7,6.1,19.3,259,15.5,150.0,296.4,82.0
US_BPAT_Portland,2026-09-07T06:00Z,14.2,97,13.7,14.3,0.1,42,1015.4,7.3,11.5,178,15.1,0.0,0.0,0.0
US_CISO_LosAngeles,2026-09-07T06:00Z,22.2,97,21.6,26.7,0.2,23,1002.4,0.8,3.6,96,2.2,0.0,0.0,0.0
US_CISO_SanFrancisco,2026-09-07T06:00Z,15.5,85,12.9,15.3,0.0,0,1012.8,7.6,12.1,224,20.2,0.0,0.0,0.0
US_ERCO_Dallas,2026-09-07T06:00Z,28.5,65,21.3,31.7,0.0,3,997.4,9.3,17.6,167,18.0,0.0,0.0,0.0
US_ERCO_Houston,2026-09-07T06:00Z,25.8,93,24.6,31.4,0.0,0,1010.1,5.5,14.0,198,9.4,0.0,0.0,0.0
US_ISNE_Boston,2026-09-07T06:00Z,13.4,77,9.5,11.6,0.0,0,1015.3,11.5,24.1,324,21.2,0.0,0.0,0.0
US_MISO_Chicago,2026-09-07T06:00Z,21.1,78,17.2,22.2,0.0,96,989.1,10.1,18.4,92,21.2,0.0,0.0,0.0
US_NYIS_NewYork,2026-09-07T06:00Z,17.0,84,14.2,17.7,0.0,13,1015.7,4.5,13.4,4,10.1,0.0,0.0,0.0
US_PJM_Philadelphia,2026-09-07T06:00Z,18.5,92,17.2,20.2,0.0,100,1016.6,5.2,8.5,83,7.2,0.0,0.0,0.0
US_SWPP_OklahomaCity,2026-09-07T06:00Z,30.8,44,17.1,32.1,0.0,5,971.3,8.3,17.4,193,19.1,0.0,0.0,0.0
VN_DaNang,2026-09-07T06:00Z,28.9,81,25.2,35.1,6.9,96,1007.3,4.0,5.2,297,22.0,503.0,215.8,295.0
VN_HaNoi,2026-09-07T06:00Z,31.6,61,23.1,38.9,0.2,22,1004.8,2.0,2.7,356,14.0,852.0,700.3,185.0
VN_HoChiMinh,2026-09-07T06:00Z,32.7,58,23.3,37.3,0.1,65,1008.1,12.9,17.7,251,32.8,721.0,416.4,313.0
AT_Vienna,2026-09-07T07:00Z,17.4,47,6.1,15.1,0.0,20,1002.3,8.8,14.3,126,24.1,292.0,624.1,73.0
BE_Brussels,2026-09-07T07:00Z,20.6,53,10.6,19.3,0.0,69,1014.0,10.2,21.7,211,22.3,151.0,446.7,55.0
DE_Berlin,2026-09-07T07:00Z,14.0,77,10.0,12.7,0.0,80,1019.2,8.9,19.3,155,21.2,225.0,441.8,91.0
DE_Hamburg,2026-09-07T07:00Z,15.6,78,11.7,14.6,0.0,47,1017.2,10.5,23.1,160,19.4,177.0,386.9,74.0
DE_Munich,2026-09-07T07:00Z,15.7,82,12.6,16.1,0.0,16,962.8,2.9,9.8,235,11.5,245.0,591.0,68.0
ES_Madrid,2026-09-07T07:00Z,23.1,36,7.2,21.7,0.0,0,947.9,4.6,8.9,50,11.9,81.0,380.0,31.0
FR_Paris,2026-09-07T07:00Z,21.0,66,14.3,21.5,0.0,94,1013.7,5.8,14.5,265,13.3,93.0,81.9,77.0
NL_Amsterdam,2026-09-07T07:00Z,17.8,75,13.4,17.4,0.0,20,1014.9,10.3,22.2,182,20.9,133.0,312.7,65.0
PL_Warsaw,2026-09-07T07:00Z,13.4,81,10.1,12.7,0.0,83,1012.7,4.9,9.2,253,15.5,304.0,533.5,103.0
US_BPAT_Portland,2026-09-07T07:00Z,14.0,96,13.4,13.9,0.1,24,1015.6,7.5,14.0,202,15.8,0.0,0.0,0.0
US_CISO_LosAngeles,2026-09-07T07:00Z,22.4,96,21.8,27.1,0.1,65,1002.2,0.4,1.9,68,1.4,0.0,0.0,0.0
US_CISO_SanFrancisco,2026-09-07T07:00Z,15.0,88,13.1,14.7,0.0,0,1012.9,8.4,11.1,187,16.9,0.0,0.0,0.0
US_ERCO_Dallas,2026-09-07T07:00Z,28.0,72,22.5,32.1,0.0,10,997.5,6.9,15.0,183,17.6,0.0,0.0,0.0
US_ERCO_Houston,2026-09-07T07:00Z,26.0,92,24.5,31.5,0.0,2,1010.3,5.7,14.4,210,10.8,0.0,0.0,0.0
US_ISNE_Boston,2026-09-07T07:00Z,13.4,78,9.7,11.7,0.0,0,1015.2,11.6,24.4,314,23.0,0.0,0.0,0.0
US_MISO_Chicago,2026-09-07T07:00Z,21.3,78,17.3,22.3,0.0,91,989.5,10.5,19.2,84,21.6,0.0,0.0,0.0
US_NYIS_NewYork,2026-09-07T07:00Z,16.7,84,14.0,17.2,0.0,0,1015.8,5.3,15.8,345,10.8,0.0,0.0,0.0
US_PJM_Philadelphia,2026-09-07T07:00Z,18.2,94,17.3,20.1,0.0,14,1016.7,4.3,9.4,64,11.2,0.0,0.0,0.0
US_SWPP_OklahomaCity,2026-09-07T07:00Z,30.5,45,17.3,31.8,0.0,3,971.3,8.6,18.1,191,19.8,0.0,0.0,0.0
VN_DaNang,2026-09-07T07:00Z,29.0,76,24.4,35.5,2.9,95,1006.9,2.4,3.0,253,21.2,629.0,506.8,181.0
VN_HaNoi,2026-09-07T07:00Z,32.1,59,23.0,39.2,0.1,16,1003.7,0.7,1.1,360,12.2,801.0,707.7,175.0
VN_HoChiMinh,2026-09-07T07:00Z,32.9,56,22.9,37.5,0.1,94,1006.9,13.5,19.5,248,35.3,766.0,683.1,148.0
AT_Vienna,2026-09-07T08:00Z,20.1,40,6.1,17.4,0.0,26,1001.9,11.9,17.7,128,31.0,449.0,719.8,91.0
BE_Brussels,2026-09-07T08:00Z,22.6,49,11.3,21.7,0.0,63,1014.2,9.0,22.5,215,22.0,294.0,569.9,84.0
DE_Berlin,2026-09-07T08:00Z,15.8,72,10.9,15.0,0.0,98,1019.1,7.4,11.9,160,20.9,335.0,453.6,135.0
DE_Hamburg,2026-09-07T08:00Z,17.6,70,12.1,17.0,0.0,55,1017.0,8.2,15.1,160,20.2,344.0,642.0,84.0
DE_Munich,2026-09-07T08:00Z,19.2,72,14.1,19.7,0.0,77,963.6,5.7,10.0,253,16.6,385.0,648.6,91.0
ES_Madrid,2026-09-07T08:00Z,25.3,30,6.3,23.9,0.0,0,948.5,3.3,6.2,69,13.3,263.0,632.9,62.0
FR_Paris,2026-09-07T08:00Z,22.3,63,15.0,22.8,0.0,80,1014.1,8.1,12.6,269,20.5,236.0,335.8,116.0
NL_Amsterdam,2026-09-07T08:00Z,19.8,71,14.4,19.9,0.0,13,1014.9,9.1,23.9,186,20.5,304.0,637.7,71.0
PL_Warsaw,2026-09-07T08:00Z,15.3,75,10.8,14.8,0.0,71,1012.5,4.9,7.6,252,16.2,415.0,515.9,155.0
US_BPAT_Portland,2026-09-07T08:00Z,13.3,97,12.9,13.5,0.0,18,1015.9,4.5,10.7,220,15.1,0.0,0.0,0.0
US_CISO_LosAngeles,2026-09-07T08:00Z,22.4,96,21.7,26.9,0.0,49,1002.5,1.5,8.4,81,2.2,0.0,0.0,0.0
US_CISO_SanFrancisco,2026-09-07T08:00Z,14.7,91,13.3,14.3,0.0,0,1013.1,9.7,13.2,175,19.4,0.0,0.0,0.0
US_ERCO_Dallas,2026-09-07T08:00Z,27.4,76,22.8,32.0,0.0,47,997.5,5.6,12.8,194,13.3,0.0,0.0,0.0
US_ERCO_Houston,2026-09-07T08:00Z,25.9,92,24.4,31.3,0.0,2,1010.5,6.2,14.6,226,11.5,0.0,0.0,0.0
US_ISNE_Boston,2026-09-07T08:00Z,13.3,79,9.7,11.6,0.0,0,1015.1,10.9,23.5,308,23.4,0.0,0.0,0.0
US_MISO_Chicago,2026-09-07T08:00Z,21.1,77,17.0,21.9,0.0,72,990.0,11.5,20.2,88,24.1,0.0,0.0,0.0
US_NYIS_NewYork,2026-09-07T08:00Z,16.3,81,13.1,16.4,0.0,0,1015.9,5.9,16.5,349,12.6,0.0,0.0,0.0
US_PJM_Philadelphia,2026-09-07T08:00Z,17.8,96,17.2,19.5,0.0,1,1016.8,6.0,14.3,45,13.0,0.0,0.0,0.0
US_SWPP_OklahomaCity,2026-09-07T08:00Z,29.9,47,17.5,31.2,0.0,5,971.4,9.1,18.3,191,21.2,0.0,0.0,0.0
VN_DaNang,2026-09-07T08:00Z,28.8,81,25.2,35.4,1.6,73,1006.0,1.0,1.3,270,19.4,410.0,348.6,150.0
VN_HaNoi,2026-09-07T08:00Z,32.1,59,23.1,38.4,0.0,7,1002.7,0.5,0.5,45,10.8,669.0,679.8,153.0
VN_HoChiMinh,2026-09-07T08:00Z,30.9,66,23.7,35.3,0.4,98,1006.6,13.5,20.3,228,39.2,658.0,660.4,150.0
AT_Vienna,2026-09-07T09:00Z,22.4,36,6.4,19.7,0.0,48,1001.8,13.4,19.8,141,35.6,583.0,788.3,98.0
BE_Brussels,2026-09-07T09:00Z,24.2,45,11.6,22.8,0.0,2,1014.4,12.9,20.0,224,31.3,425.0,603.0,122.0
DE_Berlin,2026-09-07T09:00Z,16.7,71,11.4,16.0,0.0,100,1018.8,7.6,12.7,165,19.4,256.0,128.1,185.0
DE_Hamburg,2026-09-07T09:00Z,19.5,67,13.1,19.1,0.0,40,1016.8,8.9,13.6,149,22.0,469.0,709.0,99.0
DE_Munich,2026-09-07T09:00Z,21.8,62,14.2,21.9,0.0,63,964.3,8.3,12.6,273,22.3,477.0,529.7,169.0
ES_Madrid,2026-09-07T09:00Z,28.0,23,5.0,26.2,0.0,0,949.1,3.4,4.9,94,16.2,456.0,764.0,79.0
FR_Paris,2026-09-07T09:00Z,24.0,61,16.0,24.9,0.0,37,1014.4,7.9,11.7,266,23.0,426.0,605.7,123.0
NL_Amsterdam,2026-09-07T09:00Z,21.6,65,14.9,22.1,0.0,3,1014.7,7.4,14.5,188,19.8,447.0,734.7,84.0
PL_Warsaw,2026-09-07T09:00Z,17.0,66,10.5,16.1,0.0,73,1012.5,6.9,10.0,261,20.5,547.0,678.7,138.0
US_BPAT_Portland,2026-09-07T09:00Z,12.8,99,12.6,13.1,0.0,26,1016.0,3.6,9.5,241,9.4,0.0,0.0,0.0
US_CISO_LosAngeles,2026-09-07T09:00Z,22.6,94,21.6,27.0,0.2,57,1002.1,2.0,7.4,45,4.0,0.0,0.0,0.0
US_CISO_SanFrancisco,2026-09-07T09:00Z,14.4,93,13.4,14.1,0.0,0,1012.9,9.2,13.5,178,19.4,0.0,0.0,0.0
US_ERCO_Dallas,2026-09-07T09:00Z,27.0,78,22.9,31.7,0.0,1,997.6,5.2,12.4,197,11.2,0.0,0.0,0.0
US_ERCO_Houston,2026-09-07T09:00Z,25.8,93,24.5,31.3,0.0,1,1010.6,5.5,13.5,247,12.2,0.0,0.0,0.0
US_ISNE_Boston,2026-09-07T09:00Z,13.2,79,9.7,11.5,0.0,1,1015.1,11.2,24.1,300,22.3,0.0,0.0,0.0
US_MISO_Chicago,2026-09-07T09:00Z,20.4,82,17.3,21.6,0.0,88,989.8,9.5,16.9,102,24.1,0.0,0.0,0.0
US_NYIS_NewYork,2026-09-07T09:00Z,15.9,78,12.0,15.7,0.0,0,1016.0,5.6,16.7,349,13.0,0.0,0.0,0.0
US_PJM_Philadelphia,2026-09-07T09:00Z,17.5,97,16.9,19.0,0.0,5,1016.8,6.0,13.4,35,13.3,0.0,0.0,0.0
US_SWPP_OklahomaCity,2026-09-07T09:00Z,29.3,49,17.6,30.8,0.0,5,971.3,8.4,17.8,202,20.5,0.0,0.0,0.0
VN_DaNang,2026-09-07T09:00Z,29.5,80,25.6,36.3,0.5,91,1005.6,2.3,2.7,48,10.8,466.0,630.0,114.0
VN_HaNoi,2026-09-07T09:00Z,32.0,58,22.8,36.9,0.0,12,1002.2,3.1,3.9,127,10.8,473.0,592.2,127.0
VN_HoChiMinh,2026-09-07T09:00Z,30.9,69,24.6,36.3,0.2,98,1006.1,7.2,12.9,223,32.0,335.0,336.4,139.0
AT_Vienna,2026-09-07T10:00Z,23.9,35,7.6,22.0,0.0,23,1001.6,12.8,18.6,148,36.0,673.0,804.1,113.0
BE_Brussels,2026-09-07T10:00Z,25.1,48,13.2,24.3,0.0,1,1014.4,12.7,19.1,227,34.6,566.0,788.2,87.0
DE_Berlin,2026-09-07T10:00Z,17.5,70,11.9,17.0,0.0,100,1018.2,6.7,12.3,155,19.1,186.0,0.0,186.0
DE_Hamburg,2026-09-07T10:00Z,21.2,62,13.6,20.9,0.0,34,1016.4,10.2,14.9,165,24.8,571.0,770.2,102.0
DE_Munich,2026-09-07T10:00Z,23.9,53,13.7,23.6,0.0,84,964.5,11.7,17.8,272,29.5,584.0,596.7,181.0
ES_Madrid,2026-09-07T10:00Z,30.4,20,5.1,29.2,0.0,2,949.6,3.1,4.1,128,17.3,623.0,832.4,90.0
FR_Paris,2026-09-07T10:00Z,25.6,57,16.6,26.7,0.0,2,1014.3,9.1,13.2,253,26.3,570.0,742.1,114.0
NL_Amsterdam,2026-09-07T10:00Z,23.2,62,15.5,23.7,0.0,6,1013.8,9.7,15.9,190,24.1,564.0,812.2,81.0
PL_Warsaw,2026-09-07T10:00Z,18.2,60,10.3,17.3,0.0,95,1012.4,9.4,13.9,267,25.6,622.0,722.5,141.0
US_BPAT_Portland,2026-09-07T10:00Z,12.4,99,12.2,12.5,0.0,69,1016.1,3.5,9.0,275,6.8,0.0,0.0,0.0
US_CISO_LosAngeles,2026-09-07T10:00Z,22.7,92,21.4,27.0,0.2,41,1001.8,1.8,3.8,355,3.2,0.0,0.0,0.0
US_CISO_SanFrancisco,2026-09-07T10:00Z,14.2,94,13.3,14.1,0.0,0,1012.8,7.2,11.4,187,18.4,0.0,0.0,0.0
US_ERCO_Dallas,2026-09-07T10:00Z,26.6,81,23.0,31.5,0.0,1,997.8,4.4,11.4,205,10.1,0.0,0.0,0.0
US_ERCO_Houston,2026-09-07T10:00Z,25.4,94,24.4,31.2,0.0,14,1010.7,3.5,9.3,286,10.1,0.0,0.0,0.0
US_ISNE_Boston,2026-09-07T10:00Z,13.2,79,9.6,11.5,0.0,0,1015.3,11.2,24.2,299,22.3,0.0,0.0,0.0
US_MISO_Chicago,2026-09-07T10:00Z,19.8,87,17.6,21.5,0.0,92,989.5,6.9,13.4,108,19.4,0.0,0.0,0.0
US_NYIS_NewYork,2026-09-07T10:00Z,15.5,76,11.3,15.0,0.0,0,1016.0,6.0,17.3,344,13.0,0.0,0.0,0.0
US_PJM_Philadelphia,2026-09-07T10:00Z,17.2,96,16.5,18.7,0.0,2,1017.1,4.7,12.8,22,12.2,0.0,0.0,0.0
US_SWPP_OklahomaCity,2026-09-07T10:00Z,28.8,51,17.6,30.3,0.0,2,971.3,8.2,17.8,206,18.7,0.0,0.0,0.0
VN_DaNang,2026-09-07T10:00Z,29.3,77,24.9,35.4,0.4,73,1005.6,4.2,5.3,102,16.6,248.0,527.4,71.0
VN_HaNoi,2026-09-07T10:00Z,31.3,62,23.2,36.1,0.0,7,1002.2,5.6,7.7,118,12.6,271.0,480.9,92.0
VN_HoChiMinh,2026-09-07T10:00Z,30.6,67,23.9,35.3,0.4,97,1007.1,9.2,17.0,248,21.6,237.0,411.1,90.0
AT_Vienna,2026-09-07T11:00Z,25.1,34,8.2,23.7,0.0,43,1001.1,11.9,17.1,146,34.9,710.0,796.8,124.0
BE_Brussels,2026-09-07T11:00Z,26.1,49,14.6,26.2,0.0,0,1014.2,13.2,19.3,231,34.9,644.0,815.3,92.0
DE_Berlin,2026-09-07T11:00Z,17.7,71,12.3,16.9,0.2,100,1018.1,10.6,18.4,175,22.3,173.0,0.0,173.0
DE_Hamburg,2026-09-07T11:00Z,22.6,56,13.2,22.5,0.0,7,1015.9,10.3,14.9,179,25.6,632.0,815.0,94.0
DE_Munich,2026-09-07T11:00Z,22.7,60,14.6,23.6,0.0,90,963.6,4.3,6.3,268,29.9,283.0,116.7,198.0
ES_Madrid,2026-09-07T11:00Z,32.7,19,6.0,32.5,0.0,2,949.6,2.8,4.1,167,18.0,747.0,867.5,98.0
FR_Paris,2026-09-07T11:00Z,27.5,50,16.1,28.3,0.0,27,1014.2,12.6,18.2,247,33.1,664.0,806.2,106.0
NL_Amsterdam,2026-09-07T11:00Z,24.5,58,15.6,25.0,0.0,8,1013.9,12.1,19.4,232,28.1,631.0,816.1,92.0
PL_Warsaw,2026-09-07T11:00Z,19.0,54,9.6,17.8,0.0,73,1012.1,10.3,15.1,267,28.8,627.0,666.1,168.0
US_BPAT_Portland,2026-09-07T11:00Z,12.1,99,12.0,12.3,0.0,100,1016.3,3.1,8.0,304,6.5,0.0,0.0,0.0
US_CISO_LosAngeles,2026-09-07T11:00Z,22.3,92,20.9,26.3,0.3,23,1001.5,2.2,3.5,332,2.9,0.0,0.0,0.0
US_CISO_SanFrancisco,2026-09-07T11:00Z,13.8,95,13.0,13.8,0.0,0,1012.6,6.3,10.9,193,14.8,0.0,0.0,0.0
US_ERCO_Dallas,2026-09-07T11:00Z,26.3,82,23.1,31.2,0.0,0,997.8,4.1,10.7,207,8.3,0.0,0.0,0.0
US_ERCO_Houston,2026-09-07T11:00Z,25.2,96,24.4,31.0,0.0,35,1010.8,3.1,8.2,308,6.5,0.0,0.0,0.0
US_ISNE_Boston,2026-09-07T11:00Z,13.7,76,9.6,11.9,0.0,3,1016.1,12.2,25.9,309,24.1,23.0,146.0,11.0
US_MISO_Chicago,2026-09-07T11:00Z,19.6,88,17.5,21.4,0.0,81,989.5,5.8,11.8,117,14.0,0.0,0.0,0.0
US_NYIS_NewYork,2026-09-07T11:00Z,15.5,76,11.2,14.9,0.0,0,1016.9,6.2,17.3,339,13.7,10.0,63.4,6.0
US_PJM_Philadelphia,2026-09-07T11:00Z,17.0,91,15.5,17.9,0.0,1,1018.2,6.0,14.6,21,12.6,6.0,36.1,4.0
US_SWPP_OklahomaCity,2026-09-07T11:00Z,28.3,52,17.6,29.8,0.0,1,971.4,8.3,18.0,207,19.1,0.0,0.0,0.0
VN_DaNang,2026-09-07T11:00Z,28.6,83,25.5,35.1,0.5,65,1006.7,3.2,5.4,150,15.8,50.0,195.4,24.0
VN_HaNoi,2026-09-07T11:00Z,30.1,72,24.5,35.5,0.0,5,1002.6,6.7,14.1,120,13.3,76.0,247.7,38.0
VN_HoChiMinh,2026-09-07T11:00Z,29.7,73,24.3,35.0,0.0,94,1007.3,6.3,14.8,233,18.7,54.0,166.8,30.0
AT_Vienna,2026-09-07T12:00Z,26.2,32,8.1,25.2,0.0,77,1000.9,8.7,12.0,141,33.8,682.0,730.5,149.0
BE_Brussels,2026-09-07T12:00Z,26.1,52,15.4,26.3,0.0,64,1014.6,15.2,22.2,255,41.0,678.0,827.5,94.0
DE_Berlin,2026-09-07T12:00Z,16.6,77,12.6,15.3,0.0,100,1017.9,14.1,24.5,173,25.2,148.0,0.0,148.0
DE_Hamburg,2026-09-07T12:00Z,23.9,51,13.0,23.8,0.0,7,1015.4,10.3,15.2,175,25.2,646.0,821.3,94.0
DE_Munich,2026-09-07T12:00Z,25.9,50,14.8,27.0,0.0,7,962.8,3.6,4.4,308,14.0,432.0,252.3,246.0
ES_Madrid,2026-09-07T12:00Z,34.4,18,6.7,34.6,0.0,2,949.2,4.5,6.2,195,20.2,819.0,889.4,99.0
FR_Paris,2026-09-07T12:00Z,27.9,48,15.7,28.3,0.0,21,1014.1,13.7,19.5,258,34.9,638.0,658.0,159.0
NL_Amsterdam,2026-09-07T12:00Z,24.7,58,15.8,25.1,0.0,39,1014.0,14.8,22.7,243,37.1,660.0,825.6,93.0
PL_Warsaw,2026-09-07T12:00Z,19.1,56,10.1,18.1,0.0,11,1011.7,7.0,9.9,254,27.4,468.0,333.8,244.0
US_BPAT_Portland,2026-09-07T12:00Z,12.6,98,12.3,12.7,0.0,97,1016.7,3.9,10.6,341,7.2,0.0,0.0,0.0
US_CISO_LosAngeles,2026-09-07T12:00Z,21.1,91,19.7,24.2,0.2,3,1001.0,4.0,11.0,296,10.1,0.0,0.0,0.0
US_CISO_SanFrancisco,2026-09-07T12:00Z,13.4,95,12.6,13.3,0.0,0,1012.7,6.0,10.6,191,13.0,0.0,0.0,0.0
US_ERCO_Dallas,2026-09-07T12:00Z,25.4,83,22.3,30.1,0.0,0,998.4,3.0,9.0,211,10.4,0.0,0.0,0.0
US_ERCO_Houston,2026-09-07T12:00Z,24.6,96,23.9,30.2,0.0,95,1011.5,3.0,7.6,292,5.8,0.0,0.0,0.0
US_ISNE_Boston,2026-09-07T12:00Z,15.6,74,10.9,14.1,0.0,0,1017.0,12.4,31.6,320,26.3,168.0,539.5,49.0
US_MISO_Chicago,2026-09-07T12:00Z,18.9,92,17.6,21.2,0.0,21,990.4,2.8,7.5,123,11.9,14.0,55.3,10.0
US_NYIS_NewYork,2026-09-07T12:00Z,16.6,77,12.6,16.2,0.0,0,1018.1,7.7,21.3,333,14.0,136.0,492.9,45.0
US_PJM_Philadelphia,2026-09-07T12:00Z,18.5,88,16.4,19.9,0.0,5,1019.1,5.4,13.9,27,13.7,117.0,435.0,43.0
US_SWPP_OklahomaCity,2026-09-07T12:00Z,27.1,57,18.0,28.7,0.0,0,971.8,8.7,19.5,218,18.4,0.0,0.0,0.0
VN_DaNang,2026-09-07T12:00Z,28.5,84,25.5,35.1,0.1,56,1007.1,2.7,3.3,189,8.6,0.0,0.0,0.0
VN_HaNoi,2026-09-07T12:00Z,29.9,75,24.9,35.2,0.0,5,1003.1,8.6,16.4,120,13.3,0.0,0.0,0.0
VN_HoChiMinh,2026-09-07T12:00Z,27.3,93,26.1,34.0,0.0,91,1008.1,5.6,13.1,223,15.5,0.0,0.0,0.0
AT_Vienna,2026-09-07T13:00Z,27.2,30,8.3,26.3,0.0,88,1000.3,7.0,9.9,142,30.6,656.0,799.3,113.0
BE_Brussels,2026-09-07T13:00Z,25.9,56,16.3,25.6,0.1,74,1014.4,16.7,24.6,246,41.8,556.0,563.7,166.0
DE_Berlin,2026-09-07T13:00Z,17.5,75,12.9,16.6,0.0,85,1016.9,12.4,21.2,154,33.1,256.0,71.5,210.0
DE_Hamburg,2026-09-07T13:00Z,24.2,53,13.9,24.6,0.0,3,1014.5,8.7,12.6,177,24.8,612.0,801.4,96.0
DE_Munich,2026-09-07T13:00Z,26.7,50,15.5,28.6,0.0,83,962.3,4.9,5.9,360,18.4,669.0,784.6,119.0
ES_Madrid,2026-09-07T13:00Z,36.0,17,7.2,36.1,0.0,15,948.7,6.4,9.2,213,24.5,836.0,898.4,99.0
FR_Paris,2026-09-07T13:00Z,28.1,47,15.6,28.4,0.0,25,1013.9,13.7,19.6,267,36.7,638.0,692.1,140.0
NL_Amsterdam,2026-09-07T13:00Z,24.2,64,17.0,24.8,0.0,98,1013.8,15.6,24.1,239,36.0,641.0,812.6,95.0
PL_Warsaw,2026-09-07T13:00Z,19.6,54,10.1,19.0,0.0,56,1011.2,5.1,7.5,246,20.2,564.0,740.7,110.0
US_BPAT_Portland,2026-09-07T13:00Z,12.7,98,12.4,13.0,0.0,100,1016.8,2.8,9.6,348,8.3,0.0,0.0,0.0
US_CISO_LosAngeles,2026-09-07T13:00Z,21.7,88,19.7,24.8,0.0,54,1001.8,4.0,10.3,293,6.5,0.0,0.0,0.0
US_CISO_SanFrancisco,2026-09-07T13:00Z,13.3,94,12.4,13.4,0.0,13,1012.9,4.3,9.4,180,11.9,0.0,0.0,0.0
US_ERCO_Dallas,2026-09-07T13:00Z,26.4,80,22.7,30.9,0.0,0,998.8,5.6,10.7,192,11.9,43.0,203.4,20.0
US_ERCO_Houston,2026-09-07T13:00Z,25.8,93,24.7,31.6,0.0,82,1012.0,4.6,9.0,293,9.0,49.0,152.4,30.0
US_ISNE_Boston,2026-09-07T13:00Z,17.9,68,11.8,16.7,0.0,2,1017.0,11.8,21.5,322,27.4,355.0,715.8,68.0
US_MISO_Chicago,2026-09-07T13:00Z,20.2,86,17.7,22.1,0.0,45,990.4,5.9,10.0,128,14.8,146.0,461.0,53.0
US_NYIS_NewYork,2026-09-07T13:00Z,19.1,68,13.0,19.0,0.0,0,1018.0,6.8,13.2,321,18.4,328.0,695.1,69.0
US_PJM_Philadelphia,2026-09-07T13:00Z,20.6,71,15.2,21.5,0.0,2,1019.5,5.5,9.0,16,16.6,304.0,639.2,73.0
US_SWPP_OklahomaCity,2026-09-07T13:00Z,28.0,55,18.1,29.8,0.0,0,972.4,7.6,20.0,216,19.1,40.0,204.4,18.0
VN_DaNang,2026-09-07T13:00Z,27.7,92,26.3,34.4,0.0,27,1007.8,5.6,8.9,201,11.2,0.0,0.0,0.0
VN_HaNoi,2026-09-07T13:00Z,28.8,78,24.7,33.7,0.0,4,1004.3,10.9,20.5,137,21.6,0.0,0.0,0.0
VN_HoChiMinh,2026-09-07T13:00Z,27.3,94,26.2,33.9,0.0,98,1008.3,6.1,13.8,204,11.9,0.0,0.0,0.0
AT_Vienna,2026-09-07T14:00Z,27.3,31,8.7,25.9,0.0,78,999.7,7.4,10.4,143,24.1,437.0,409.9,196.0
BE_Brussels,2026-09-07T14:00Z,26.3,54,16.3,25.6,0.0,97,1014.1,19.5,29.0,242,47.9,503.0,503.0,183.0
DE_Berlin,2026-09-07T14:00Z,19.7,67,13.4,18.9,0.0,12,1016.1,12.2,19.9,151,30.6,463.0,509.4,174.0
DE_Hamburg,2026-09-07T14:00Z,24.6,54,14.5,24.4,0.0,22,1013.9,10.8,16.1,170,24.1,522.0,749.8,89.0
DE_Munich,2026-09-07T14:00Z,27.0,51,15.9,28.7,0.0,89,962.0,3.7,4.4,12,18.0,590.0,777.9,106.0
ES_Madrid,2026-09-07T14:00Z,36.7,15,6.3,35.6,0.0,17,948.0,8.5,12.5,223,28.8,751.0,822.1,110.0
FR_Paris,2026-09-07T14:00Z,28.0,46,15.2,28.1,0.0,15,1013.6,12.4,17.8,271,36.4,576.0,623.4,160.0
NL_Amsterdam,2026-09-07T14:00Z,23.2,69,17.1,23.0,0.0,90,1014.3,18.7,29.4,247,42.1,559.0,689.1,134.0
PL_Warsaw,2026-09-07T14:00Z,19.7,55,10.4,19.1,0.0,83,1010.7,4.5,6.6,235,16.6,469.0,713.6,99.0
US_BPAT_Portland,2026-09-07T14:00Z,12.8,97,12.4,13.2,0.0,100,1017.3,1.9,5.7,349,6.1,1.0,0.0,1.0
US_CISO_LosAngeles,2026-09-07T14:00Z,21.9,89,19.9,24.5,1.6,69,1002.5,7.9,15.4,306,14.4,6.0,30.0,4.0
US_CISO_SanFrancisco,2026-09-07T14:00Z,13.0,95,12.3,13.4,0.0,23,1013.3,1.9,5.7,171,8.6,1.0,0.0,1.0
US_ERCO_Dallas,2026-09-07T14:00Z,28.3,72,22.8,33.0,0.0,0,999.4,4.1,6.6,169,14.0,219.0,537.8,64.0
US_ERCO_Houston,2026-09-07T14:00Z,27.7,87,25.4,34.2,0.0,45,1012.4,3.1,7.5,294,10.4,225.0,431.9,90.0
US_ISNE_Boston,2026-09-07T14:00Z,20.1,60,12.2,19.1,0.0,0,1017.0,11.1,17.3,324,28.1,532.0,807.2,81.0
US_MISO_Chicago,2026-09-07T14:00Z,21.1,80,17.5,23.1,0.0,0,991.0,4.4,6.5,124,14.4,317.0,558.2,102.0
US_NYIS_NewYork,2026-09-07T14:00Z,21.4,54,11.7,20.8,0.0,0,1017.9,7.5,11.7,323,21.2,518.0,809.5,81.0
US_PJM_Philadelphia,2026-09-07T14:00Z,22.4,57,13.4,22.6,0.0,1,1019.6,5.4,7.7,9,18.4,492.0,753.0,91.0
US_SWPP_OklahomaCity,2026-09-07T14:00Z,29.8,50,18.3,31.7,0.0,0,972.9,7.2,13.1,212,19.4,209.0,544.0,59.0
VN_DaNang,2026-09-07T14:00Z,27.3,95,26.3,33.8,0.0,27,1008.7,7.3,12.6,211,14.8,0.0,0.0,0.0
VN_HaNoi,2026-09-07T14:00Z,27.9,82,24.6,33.0,0.0,11,1005.3,9.3,19.0,145,22.0,0.0,0.0,0.0
VN_HoChiMinh,2026-09-07T14:00Z,27.3,92,25.9,33.9,0.0,87,1009.4,5.0,13.7,231,11.2,0.0,0.0,0.0
AT_Vienna,2026-09-07T15:00Z,27.7,31,9.2,26.4,0.0,59,999.2,7.1,10.1,145,23.0,372.0,489.4,146.0
BE_Brussels,2026-09-07T15:00Z,25.5,58,16.5,24.8,0.0,74,1014.4,19.7,29.5,249,48.6,399.0,385.2,190.0
DE_Berlin,2026-09-07T15:00Z,20.4,63,13.0,19.6,0.0,5,1015.3,11.9,19.2,153,29.5,408.0,716.3,80.0
DE_Hamburg,2026-09-07T15:00Z,24.1,59,15.7,24.3,0.0,6,1013.4,11.3,17.9,170,24.5,388.0,576.1,113.0
DE_Munich,2026-09-07T15:00Z,26.9,52,16.1,28.2,0.0,97,961.7,4.8,6.0,49,15.1,422.0,533.4,152.0
ES_Madrid,2026-09-07T15:00Z,36.8,15,5.9,34.9,0.0,5,947.4,9.8,14.3,235,30.2,638.0,748.7,121.0
FR_Paris,2026-09-07T15:00Z,28.5,42,14.3,28.1,0.0,85,1013.3,12.6,18.4,259,33.1,482.0,614.0,129.0
NL_Amsterdam,2026-09-07T15:00Z,22.1,76,17.6,22.2,0.0,91,1014.6,17.7,28.4,250,42.5,435.0,529.4,157.0
PL_Warsaw,2026-09-07T15:00Z,19.6,57,10.7,19.2,0.0,66,1010.3,3.6,5.5,226,14.8,329.0,601.0,92.0
US_BPAT_Portland,2026-09-07T15:00Z,13.2,96,12.6,13.7,0.0,100,1017.7,2.0,3.8,3,7.2,44.0,108.4,29.0
US_CISO_LosAngeles,2026-09-07T15:00Z,23.1,89,21.2,27.0,2.6,21,1002.5,4.2,8.1,342,14.8,69.0,126.9,44.0
US_CISO_SanFrancisco,2026-09-07T15:00Z,14.2,93,13.2,14.8,0.0,8,1013.9,2.9,3.7,133,9.7,89.0,360.3,38.0
US_ERCO_Dallas,2026-09-07T15:00Z,30.3,64,22.8,35.2,0.0,0,999.8,3.3,4.9,163,15.1,424.0,693.4,86.0
US_ERCO_Houston,2026-09-07T15:00Z,29.3,80,25.5,35.6,0.0,12,1012.6,4.6,6.6,281,14.8,439.0,651.3,103.0
US_ISNE_Boston,2026-09-07T15:00Z,21.8,52,11.5,21.5,0.0,0,1016.9,10.2,15.0,323,27.0,674.0,857.8,88.0
US_MISO_Chicago,2026-09-07T15:00Z,21.9,75,17.3,23.6,0.0,0,991.2,5.7,8.0,126,18.4,515.0,777.0,90.0
US_NYIS_NewYork,2026-09-07T15:00Z,23.3,41,9.2,22.6,0.0,0,1018.3,8.3,12.2,332,23.8,676.0,868.3,90.0
US_PJM_Philadelphia,2026-09-07T15:00Z,23.8,54,13.9,24.8,0.0,53,1019.9,6.2,8.9,352,20.9,655.0,830.5,97.0
US_SWPP_OklahomaCity,2026-09-07T15:00Z,32.2,44,18.3,34.1,0.0,0,973.3,7.4,11.5,207,22.3,411.0,702.5,81.0
VN_DaNang,2026-09-07T15:00Z,27.1,93,25.9,33.6,0.0,45,1008.9,5.4,10.9,211,14.8,0.0,0.0,0.0
VN_HaNoi,2026-09-07T15:00Z,27.5,84,24.7,32.8,0.0,13,1006.1,8.4,17.5,161,17.6,0.0,0.0,0.0
VN_HoChiMinh,2026-09-07T15:00Z,27.1,92,25.7,33.2,0.0,97,1009.7,7.7,16.6,231,14.8,0.0,0.0,0.0
AT_Vienna,2026-09-07T16:00Z,27.4,33,9.6,26.1,0.0,29,999.0,7.7,11.1,149,22.0,238.0,501.1,83.0
BE_Brussels,2026-09-07T16:00Z,24.3,62,16.5,23.7,0.0,99,1014.5,19.3,29.3,251,47.5,286.0,354.5,138.0
DE_Berlin,2026-09-07T16:00Z,20.1,67,13.8,19.8,0.0,1,1014.7,10.5,18.4,148,27.4,259.0,594.8,67.0
DE_Hamburg,2026-09-07T16:00Z,23.5,65,16.5,24.4,0.0,6,1013.1,9.4,17.0,173,23.0,289.0,633.8,67.0
DE_Munich,2026-09-07T16:00Z,24.3,61,16.4,26.1,0.2,99,962.0,2.6,4.5,43,22.0,208.0,177.3,144.0
ES_Madrid,2026-09-07T16:00Z,36.7,15,5.8,34.3,0.0,7,947.0,9.5,14.1,238,30.6,521.0,774.8,88.0
FR_Paris,2026-09-07T16:00Z,28.3,43,14.4,27.6,0.0,85,1012.8,13.9,20.3,268,33.5,279.0,300.9,144.0
NL_Amsterdam,2026-09-07T16:00Z,21.6,78,17.6,21.9,0.0,99,1014.5,16.4,27.2,248,38.9,288.0,342.2,150.0
PL_Warsaw,2026-09-07T16:00Z,19.2,61,11.4,19.3,0.0,55,1009.6,1.9,3.3,167,10.4,184.0,478.3,65.0
US_BPAT_Portland,2026-09-07T16:00Z,13.9,92,12.5,14.5,0.0,88,1017.8,0.9,1.5,54,7.6,94.0,88.8,66.0
US_CISO_LosAngeles,2026-09-07T16:00Z,25.5,84,22.6,30.4,0.1,16,1002.7,2.3,5.5,293,12.2,307.0,532.6,93.0
US_CISO_SanFrancisco,2026-09-07T16:00Z,15.8,85,13.2,16.4,0.0,0,1013.8,2.6,4.5,133,13.0,279.0,590.5,79.0
US_ERCO_Dallas,2026-09-07T16:00Z,32.4,55,22.2,37.2,0.0,0,999.8,3.4,4.6,154,16.2,610.0,774.4,101.0
US_ERCO_Houston,2026-09-07T16:00Z,30.4,76,25.6,37.2,0.0,10,1013.0,4.4,6.2,262,15.8,600.0,685.1,129.0
US_ISNE_Boston,2026-09-07T16:00Z,23.1,48,11.6,23.3,0.0,0,1016.4,10.3,15.0,323,27.0,769.0,884.1,92.0
US_MISO_Chicago,2026-09-07T16:00Z,22.7,71,17.2,24.9,0.0,0,991.6,7.1,9.7,115,21.2,664.0,834.0,100.0
US_NYIS_NewYork,2026-09-07T16:00Z,24.3,37,8.7,24.0,0.0,0,1018.1,9.1,13.1,341,26.3,784.0,895.3,96.0
US_PJM_Philadelphia,2026-09-07T16:00Z,24.7,50,13.6,25.7,0.0,13,1019.5,6.8,9.7,357,22.7,684.0,664.9,172.0
US_SWPP_OklahomaCity,2026-09-07T16:00Z,34.4,37,17.7,35.7,0.0,0,973.4,11.2,16.5,198,31.0,594.0,786.4,94.0
VN_DaNang,2026-09-07T16:00Z,27.0,93,25.7,33.7,0.0,75,1008.3,3.2,8.8,192,10.8,0.0,0.0,0.0
VN_HaNoi,2026-09-07T16:00Z,27.2,87,24.8,32.5,0.0,16,1006.3,8.5,17.3,178,15.8,0.0,0.0,0.0
VN_HoChiMinh,2026-09-07T16:00Z,26.9,93,25.6,32.9,0.0,96,1009.7,7.3,15.8,220,15.5,0.0,0.0,0.0
AT_Vienna,2026-09-07T17:00Z,26.4,35,9.7,25.3,0.0,50,998.5,6.7,12.9,139,20.5,89.0,347.6,40.0
BE_Brussels,2026-09-07T17:00Z,23.1,65,16.2,22.9,0.0,93,1014.3,16.3,24.7,249,46.1,147.0,207.9,91.0
DE_Berlin,2026-09-07T17:00Z,19.3,71,14.0,19.0,0.0,0,1014.0,10.7,22.3,157,24.1,115.0,414.6,44.0
DE_Hamburg,2026-09-07T17:00Z,22.5,70,16.6,23.5,0.0,92,1012.7,8.7,19.0,176,18.7,143.0,458.6,49.0
DE_Munich,2026-09-07T17:00Z,22.7,70,17.0,24.3,0.0,96,961.1,6.2,11.3,126,13.0,68.0,40.8,60.0
ES_Madrid,2026-09-07T17:00Z,36.1,15,5.5,33.4,0.0,2,946.7,10.9,16.2,240,28.8,334.0,665.7,72.0
FR_Paris,2026-09-07T17:00Z,27.2,49,15.5,27.2,0.0,85,1012.4,12.3,18.4,272,33.5,140.0,111.1,107.0
NL_Amsterdam,2026-09-07T17:00Z,21.0,82,17.7,21.7,0.0,99,1014.0,14.0,24.8,230,36.0,129.0,80.9,108.0
PL_Warsaw,2026-09-07T17:00Z,17.5,72,12.5,17.8,0.0,82,1009.2,3.1,7.6,168,4.7,52.0,226.5,29.0
US_BPAT_Portland,2026-09-07T17:00Z,15.0,85,12.5,15.7,0.0,55,1018.1,0.9,1.2,63,8.3,201.0,126.2,141.0
US_CISO_LosAngeles,2026-09-07T17:00Z,28.0,70,22.1,32.8,0.0,48,1002.5,0.4,1.8,11,11.9,479.0,602.0,128.0
US_CISO_SanFrancisco,2026-09-07T17:00Z,18.1,72,13.0,18.6,0.0,0,1014.0,2.7,3.3,135,15.5,478.0,735.9,96.0
US_ERCO_Dallas,2026-09-07T17:00Z,34.0,48,21.5,39.3,0.0,0,999.6,4.1,5.5,139,18.4,756.0,821.8,110.0
US_ERCO_Houston,2026-09-07T17:00Z,31.4,71,25.5,39.3,0.1,7,1012.9,3.0,4.0,260,15.8,759.0,775.9,126.0
US_ISNE_Boston,2026-09-07T17:00Z,24.2,44,11.3,24.4,0.0,0,1015.7,11.4,16.9,333,29.2,811.0,895.3,94.0
US_MISO_Chicago,2026-09-07T17:00Z,23.5,62,15.8,25.3,0.0,66,991.5,9.6,13.6,107,26.6,767.0,867.7,104.0
US_NYIS_NewYork,2026-09-07T17:00Z,25.0,37,9.4,25.3,0.0,0,1017.5,8.4,12.3,348,26.6,837.0,907.6,98.0
US_PJM_Philadelphia,2026-09-07T17:00Z,25.3,46,12.7,26.4,0.0,6,1019.2,6.9,9.7,4,23.0,760.0,726.8,164.0
US_SWPP_OklahomaCity,2026-09-07T17:00Z,35.9,32,16.8,37.3,0.0,6,973.4,13.7,20.2,189,37.1,739.0,836.6,101.0
VN_DaNang,2026-09-07T17:00Z,26.8,95,25.8,33.3,0.0,89,1007.7,4.7,9.3,212,9.7,0.0,0.0,0.0
VN_HaNoi,2026-09-07T17:00Z,26.9,88,24.6,32.1,0.0,16,1005.7,8.5,18.2,187,16.2,0.0,0.0,0.0
VN_HoChiMinh,2026-09-07T17:00Z,26.6,94,25.6,32.7,0.0,38,1009.3,6.9,15.2,214,14.4,0.0,0.0,0.0
AT_Vienna,2026-09-07T18:00Z,25.7,36,9.4,24.6,0.0,38,998.2,5.8,15.4,128,15.1,4.0,19.1,3.0
BE_Brussels,2026-09-07T18:00Z,22.6,68,16.3,22.8,0.0,97,1014.2,13.5,22.4,253,39.6,51.0,134.6,36.0
DE_Berlin,2026-09-07T18:00Z,18.4,71,13.1,17.6,0.0,0,1013.5,11.7,26.2,153,21.2,13.0,80.7,8.0
DE_Hamburg,2026-09-07T18:00Z,21.6,70,15.8,22.2,0.0,100,1012.3,8.9,22.0,177,17.6,26.0,100.5,18.0
DE_Munich,2026-09-07T18:00Z,22.7,65,15.7,23.8,0.0,91,960.5,6.0,11.8,151,13.3,13.0,13.8,12.0
ES_Madrid,2026-09-07T18:00Z,35.4,16,5.7,32.6,0.0,4,946.1,11.2,17.8,243,29.9,150.0,495.3,48.0
FR_Paris,2026-09-07T18:00Z,26.1,54,16.2,26.6,0.0,98,1012.7,10.9,18.3,246,29.2,63.0,153.5,43.0
NL_Amsterdam,2026-09-07T18:00Z,20.2,81,16.9,20.6,0.0,100,1013.9,14.0,27.1,227,32.8,44.0,65.3,37.0
PL_Warsaw,2026-09-07T18:00Z,16.6,72,11.6,16.1,0.0,73,1008.9,6.6,16.6,186,11.2,0.0,0.0,0.0
US_BPAT_Portland,2026-09-07T18:00Z,17.0,73,12.1,17.4,0.0,50,1018.3,1.5,1.9,209,9.4,331.0,208.8,204.0
US_CISO_LosAngeles,2026-09-07T18:00Z,30.2,59,21.3,34.1,0.0,34,1003.2,6.3,7.8,185,17.3,598.0,568.3,184.0
US_CISO_SanFrancisco,2026-09-07T18:00Z,20.3,62,12.7,21.6,0.0,0,1014.4,1.5,1.2,117,15.8,653.0,818.4,106.0
US_ERCO_Dallas,2026-09-07T18:00Z,35.7,40,20.2,40.5,0.0,19,999.1,6.6,8.8,129,26.3,848.0,849.7,113.0
US_ERCO_Houston,2026-09-07T18:00Z,32.7,57,23.1,39.7,0.1,28,1012.4,2.9,4.1,268,13.7,836.0,791.6,130.0
US_ISNE_Boston,2026-09-07T18:00Z,25.2,39,10.3,25.3,0.0,0,1015.3,10.1,15.0,334,29.9,795.0,895.6,91.0
US_MISO_Chicago,2026-09-07T18:00Z,24.7,50,13.7,26.1,0.0,56,991.2,9.1,12.3,100,28.1,815.0,876.4,110.0
US_NYIS_NewYork,2026-09-07T18:00Z,25.7,36,9.5,26.1,0.0,0,1017.0,7.5,10.3,348,25.6,829.0,903.6,98.0
US_PJM_Philadelphia,2026-09-07T18:00Z,25.7,41,11.6,27.0,0.0,2,1018.8,5.0,6.8,357,23.0,791.0,793.9,141.0
US_SWPP_OklahomaCity,2026-09-07T18:00Z,37.1,28,15.5,38.5,0.0,36,973.0,13.5,19.9,184,41.8,829.0,861.6,104.0
VN_DaNang,2026-09-07T18:00Z,26.8,95,25.8,33.5,0.0,80,1007.6,3.5,7.0,222,10.1,0.0,0.0,0.0
VN_HaNoi,2026-09-07T18:00Z,27.1,87,24.7,32.3,0.0,8,1005.5,8.6,16.9,192,16.2,0.0,0.0,0.0
VN_HoChiMinh,2026-09-07T18:00Z,27.0,92,25.6,32.5,0.0,91,1009.0,11.2,21.9,236,15.5,0.0,0.0,0.0
AT_Vienna,2026-09-07T19:00Z,24.7,38,9.3,23.7,0.0,5,997.9,5.2,15.6,126,13.0,0.0,0.0,0.0
BE_Brussels,2026-09-07T19:00Z,21.7,70,15.9,21.7,0.0,95,1014.1,13.7,23.8,256,31.0,1.0,0.0,1.0
DE_Berlin,2026-09-07T19:00Z,18.0,70,12.5,17.0,0.0,2,1013.4,11.7,26.2,163,22.3,0.0,0.0,0.0
DE_Hamburg,2026-09-07T19:00Z,20.8,71,15.3,21.4,0.0,100,1012.1,7.8,20.3,194,17.6,0.0,0.0,0.0
DE_Munich,2026-09-07T19:00Z,21.8,66,15.1,22.4,0.0,67,960.4,7.2,15.3,150,13.0,0.0,0.0,0.0
ES_Madrid,2026-09-07T19:00Z,33.8,17,5.6,31.2,0.0,4,945.8,10.0,19.5,252,25.6,15.0,95.0,8.0
FR_Paris,2026-09-07T19:00Z,25.7,57,16.6,26.4,0.0,99,1012.4,10.7,17.4,242,25.9,1.0,0.0,1.0
NL_Amsterdam,2026-09-07T19:00Z,19.8,83,16.8,20.1,0.0,98,1013.7,13.9,27.2,226,29.5,1.0,0.0,1.0
PL_Warsaw,2026-09-07T19:00Z,16.4,71,11.1,15.7,0.0,87,1008.5,6.7,17.3,176,14.0,0.0,0.0,0.0
US_BPAT_Portland,2026-09-07T19:00Z,18.3,66,11.9,18.6,0.0,54,1017.9,2.2,3.1,249,13.7,558.0,540.8,177.0
US_CISO_LosAngeles,2026-09-07T19:00Z,30.7,59,21.7,35.7,0.0,84,1003.0,6.1,8.3,150,19.8,750.0,700.3,170.0
US_CISO_SanFrancisco,2026-09-07T19:00Z,23.5,49,12.2,25.5,0.0,0,1014.0,1.3,1.6,270,15.8,783.0,873.3,105.0
US_ERCO_Dallas,2026-09-07T19:00Z,37.0,34,18.5,40.2,0.0,15,998.1,10.3,14.4,136,31.3,822.0,761.7,145.0
US_ERCO_Houston,2026-09-07T19:00Z,33.1,56,23.1,40.0,0.1,16,1011.6,1.5,1.9,202,12.6,799.0,719.3,144.0
US_ISNE_Boston,2026-09-07T19:00Z,25.9,35,9.3,24.5,0.0,67,1015.3,14.6,21.1,327,36.4,722.0,880.4,86.0
US_MISO_Chicago,2026-09-07T19:00Z,24.8,51,14.1,26.3,0.0,51,990.6,9.0,12.3,94,25.2,805.0,874.6,110.0
US_NYIS_NewYork,2026-09-07T19:00Z,25.9,36,9.7,26.1,0.0,0,1016.8,7.0,9.9,331,23.0,762.0,885.6,95.0
US_PJM_Philadelphia,2026-09-07T19:00Z,26.2,38,10.7,26.9,0.0,2,1018.4,4.5,6.4,350,19.1,730.0,774.1,137.0
US_SWPP_OklahomaCity,2026-09-07T19:00Z,37.9,26,15.0,38.9,0.1,33,972.2,13.1,19.3,180,37.4,784.0,730.1,151.0
VN_DaNang,2026-09-07T19:00Z,26.5,96,25.8,33.2,0.2,88,1007.1,3.6,6.9,229,8.3,0.0,0.0,0.0
VN_HaNoi,2026-09-07T19:00Z,26.7,88,24.5,32.1,0.0,5,1005.2,6.5,15.1,197,15.8,0.0,0.0,0.0
VN_HoChiMinh,2026-09-07T19:00Z,26.8,92,25.3,32.1,0.0,99,1008.2,10.8,20.9,235,24.5,0.0,0.0,0.0
AT_Vienna,2026-09-07T20:00Z,23.4,41,9.5,22.6,0.0,6,997.7,4.7,14.3,141,11.9,0.0,0.0,0.0
BE_Brussels,2026-09-07T20:00Z,20.7,71,15.2,20.5,0.0,77,1014.1,13.5,23.9,246,31.3,0.0,0.0,0.0
DE_Berlin,2026-09-07T20:00Z,17.6,69,11.8,16.6,0.0,1,1012.7,11.0,25.6,163,23.0,0.0,0.0,0.0
DE_Hamburg,2026-09-07T20:00Z,20.0,75,15.4,20.9,0.0,100,1011.8,6.1,16.4,219,14.4,0.0,0.0,0.0
DE_Munich,2026-09-07T20:00Z,21.3,65,14.5,21.3,0.0,17,960.3,9.9,19.4,172,19.4,0.0,0.0,0.0
ES_Madrid,2026-09-07T20:00Z,32.6,19,5.6,30.4,0.0,3,946.2,7.0,16.0,262,22.0,0.0,0.0,0.0
FR_Paris,2026-09-07T20:00Z,24.6,62,16.9,25.7,0.0,84,1012.4,8.4,16.2,239,24.5,0.0,0.0,0.0
NL_Amsterdam,2026-09-07T20:00Z,19.6,83,16.6,19.6,0.0,95,1013.4,15.3,29.4,227,32.4,0.0,0.0,0.0
PL_Warsaw,2026-09-07T20:00Z,15.9,71,10.7,14.9,0.0,100,1008.0,8.4,20.4,171,16.6,0.0,0.0,0.0
US_BPAT_Portland,2026-09-07T20:00Z,19.2,61,11.5,19.7,0.0,47,1017.5,3.0,3.7,317,14.8,617.0,580.7,177.0
US_CISO_LosAngeles,2026-09-07T20:00Z,31.0,57,21.5,35.8,0.0,85,1002.4,3.2,4.1,167,18.4,649.0,398.7,300.0
US_CISO_SanFrancisco,2026-09-07T20:00Z,25.9,39,11.0,27.6,0.0,0,1013.3,3.8,5.2,292,19.8,857.0,903.4,102.0
US_ERCO_Dallas,2026-09-07T20:00Z,37.5,32,17.9,39.8,0.0,16,997.4,11.6,16.2,138,33.1,761.0,722.2,143.0
US_ERCO_Houston,2026-09-07T20:00Z,33.3,55,23.0,40.2,0.0,15,1010.5,2.0,2.5,184,12.2,813.0,782.1,132.0
US_ISNE_Boston,2026-09-07T20:00Z,25.8,38,10.2,23.8,0.0,4,1015.1,14.4,23.0,321,38.9,490.0,553.7,150.0
US_MISO_Chicago,2026-09-07T20:00Z,24.8,53,14.5,26.1,0.0,31,990.0,8.5,11.7,87,25.2,736.0,858.2,105.0
US_NYIS_NewYork,2026-09-07T20:00Z,25.9,38,10.4,25.9,0.0,0,1016.4,4.9,7.0,320,22.3,640.0,842.4,92.0
US_PJM_Philadelphia,2026-09-07T20:00Z,26.6,34,9.6,26.4,0.0,1,1018.0,4.9,6.7,354,18.4,649.0,821.9,102.0
US_SWPP_OklahomaCity,2026-09-07T20:00Z,38.0,26,15.0,38.6,0.2,14,971.5,14.4,21.1,178,38.9,756.0,740.4,136.0
VN_DaNang,2026-09-07T20:00Z,26.5,95,25.6,33.4,0.1,63,1006.6,1.2,4.6,211,8.3,0.0,0.0,0.0
VN_HaNoi,2026-09-07T20:00Z,26.3,91,24.7,32.4,0.0,2,1004.7,3.1,10.4,201,11.9,0.0,0.0,0.0
VN_HoChiMinh,2026-09-07T20:00Z,26.5,92,25.1,32.2,0.0,99,1008.1,7.4,15.5,245,22.0,0.0,0.0,0.0
AT_Vienna,2026-09-07T21:00Z,22.4,46,10.2,21.8,0.0,9,997.5,4.0,12.1,183,10.4,0.0,0.0,0.0
BE_Brussels,2026-09-07T21:00Z,19.9,73,15.0,19.8,0.0,96,1014.1,12.3,22.5,240,30.2,0.0,0.0,0.0
DE_Berlin,2026-09-07T21:00Z,17.1,70,11.6,16.1,0.0,21,1012.3,10.4,24.2,169,20.9,0.0,0.0,0.0
DE_Hamburg,2026-09-07T21:00Z,19.8,75,15.3,19.8,0.0,72,1011.9,11.9,25.1,274,20.9,0.0,0.0,0.0
DE_Munich,2026-09-07T21:00Z,20.2,72,15.0,20.4,0.0,3,960.0,10.0,18.8,210,19.4,0.0,0.0,0.0
ES_Madrid,2026-09-07T21:00Z,31.4,20,5.6,29.2,0.0,13,946.2,7.2,17.1,281,16.6,0.0,0.0,0.0
FR_Paris,2026-09-07T21:00Z,23.9,66,17.1,24.9,0.0,46,1012.4,9.9,18.0,247,23.8,0.0,0.0,0.0
NL_Amsterdam,2026-09-07T21:00Z,19.2,84,16.4,19.2,0.0,100,1013.1,15.2,29.5,225,33.5,0.0,0.0,0.0
PL_Warsaw,2026-09-07T21:00Z,15.6,72,10.5,14.5,0.0,100,1007.8,8.5,20.8,168,16.9,0.0,0.0,0.0
US_BPAT_Portland,2026-09-07T21:00Z,20.0,57,11.2,20.6,0.0,38,1017.0,3.1,3.9,336,15.1,647.0,625.4,169.0
US_CISO_LosAngeles,2026-09-07T21:00Z,31.2,58,22.0,36.2,0.0,23,1001.7,4.0,4.9,219,13.7,653.0,438.5,273.0
US_CISO_SanFrancisco,2026-09-07T21:00Z,26.5,37,10.7,27.3,0.0,8,1012.6,8.8,10.3,283,27.4,869.0,915.4,98.0
US_ERCO_Dallas,2026-09-07T21:00Z,37.7,31,17.5,39.5,0.0,16,996.6,11.7,16.2,144,33.1,690.0,725.2,133.0
US_ERCO_Houston,2026-09-07T21:00Z,33.4,54,22.8,39.3,0.0,12,1009.9,3.0,3.6,143,12.2,703.0,735.5,133.0
US_ISNE_Boston,2026-09-07T21:00Z,25.3,41,11.1,23.7,0.0,4,1015.5,13.4,22.6,333,31.3,378.0,576.2,108.0
US_MISO_Chicago,2026-09-07T21:00Z,24.6,54,14.6,25.0,0.0,32,989.6,9.6,13.3,77,25.2,614.0,820.1,97.0
US_NYIS_NewYork,2026-09-07T21:00Z,26.0,39,10.9,25.6,0.0,3,1016.5,4.0,6.0,291,16.9,474.0,769.6,83.0
US_PJM_Philadelphia,2026-09-07T21:00Z,26.5,33,8.9,25.5,0.0,0,1018.1,4.6,6.3,345,17.6,493.0,782.3,83.0
US_SWPP_OklahomaCity,2026-09-07T21:00Z,37.8,26,15.0,38.0,0.1,3,971.1,13.3,19.6,182,38.9,652.0,699.6,124.0
VN_DaNang,2026-09-07T21:00Z,26.5,94,25.5,33.4,0.0,56,1006.6,1.3,2.7,242,4.0,0.0,0.0,0.0
VN_HaNoi,2026-09-07T21:00Z,26.2,92,24.8,32.5,0.0,2,1004.8,1.9,6.8,197,6.1,0.0,0.0,0.0
VN_HoChiMinh,2026-09-07T21:00Z,26.2,93,25.0,31.9,0.0,98,1008.2,6.5,13.9,243,14.8,0.0,0.0,0.0
AT_Vienna,2026-09-07T22:00Z,21.6,51,11.0,21.5,0.0,45,997.2,2.8,9.2,196,9.0,0.0,0.0,0.0
BE_Brussels,2026-09-07T22:00Z,19.8,73,14.9,19.6,0.0,100,1013.3,12.4,23.2,234,26.6,0.0,0.0,0.0
DE_Berlin,2026-09-07T22:00Z,16.5,74,11.9,15.8,0.0,43,1011.7,8.7,21.6,181,19.8,0.0,0.0,0.0
DE_Hamburg,2026-09-07T22:00Z,18.5,83,15.6,18.9,0.0,75,1012.1,10.4,22.7,288,24.8,0.0,0.0,0.0
DE_Munich,2026-09-07T22:00Z,20.4,72,15.1,20.4,0.0,1,959.9,11.2,23.7,223,22.0,0.0,0.0,0.0
ES_Madrid,2026-09-07T22:00Z,30.5,21,5.4,28.5,0.0,2,946.0,5.8,16.1,277,15.5,0.0,0.0,0.0
FR_Paris,2026-09-07T22:00Z,22.0,77,17.7,23.3,0.6,83,1012.2,9.8,17.8,242,28.8,0.0,0.0,0.0
NL_Amsterdam,2026-09-07T22:00Z,19.0,84,16.2,19.0,0.0,96,1012.6,14.1,28.4,224,32.4,0.0,0.0,0.0
PL_Warsaw,2026-09-07T22:00Z,15.2,72,10.3,13.9,0.0,98,1007.3,9.5,20.9,169,19.8,0.0,0.0,0.0
US_BPAT_Portland,2026-09-07T22:00Z,20.5,55,11.2,20.8,0.0,41,1016.5,3.4,4.2,355,14.8,624.0,635.7,164.0
US_CISO_LosAngeles,2026-09-07T22:00Z,31.7,58,22.3,37.1,0.0,52,1001.3,6.5,8.5,212,17.6,757.0,778.6,132.0
US_CISO_SanFrancisco,2026-09-07T22:00Z,24.9,45,12.0,24.8,0.0,13,1012.0,14.6,17.8,272,36.7,815.0,902.4,97.0
US_ERCO_Dallas,2026-09-07T22:00Z,37.5,31,17.6,38.6,0.0,8,996.3,12.0,16.7,143,32.8,568.0,737.6,102.0
US_ERCO_Houston,2026-09-07T22:00Z,33.0,55,22.8,37.8,0.0,9,1009.8,4.6,6.1,133,14.8,568.0,741.6,101.0
US_ISNE_Boston,2026-09-07T22:00Z,24.1,46,11.8,23.0,0.0,1,1016.3,11.3,22.5,331,28.4,240.0,615.3,58.0
US_MISO_Chicago,2026-09-07T22:00Z,24.2,56,15.0,24.4,0.0,29,989.4,9.8,14.0,77,25.6,450.0,751.3,84.0
US_NYIS_NewYork,2026-09-07T22:00Z,25.8,40,11.1,25.4,0.0,11,1017.0,4.8,7.2,292,13.7,283.0,641.0,68.0
US_PJM_Philadelphia,2026-09-07T22:00Z,25.9,33,8.4,24.6,0.0,1,1018.6,6.1,8.7,343,16.2,303.0,671.6,67.0
US_SWPP_OklahomaCity,2026-09-07T22:00Z,37.7,27,15.3,37.4,0.0,9,970.8,13.5,19.8,172,36.4,536.0,686.8,107.0
VN_DaNang,2026-09-07T22:00Z,26.6,94,25.6,33.4,0.0,89,1007.1,2.0,3.3,279,5.0,0.0,0.0,0.0
VN_HaNoi,2026-09-07T22:00Z,26.2,93,25.0,32.0,0.0,4,1005.4,5.7,8.9,52,11.2,0.0,0.0,0.0
VN_HoChiMinh,2026-09-07T22:00Z,26.0,94,25.0,31.7,0.0,97,1008.3,6.4,13.7,232,12.6,0.0,0.0,0.0
AT_Vienna,2026-09-07T23:00Z,21.2,53,11.4,21.6,0.0,61,996.8,0.4,4.3,202,6.1,0.0,0.0,0.0
BE_Brussels,2026-09-07T23:00Z,20.0,73,15.0,19.6,0.0,100,1013.0,13.4,23.6,239,28.8,0.0,0.0,0.0
DE_Berlin,2026-09-07T23:00Z,16.2,77,12.2,15.6,0.0,91,1011.2,8.3,20.2,191,16.6,0.0,0.0,0.0
DE_Hamburg,2026-09-07T23:00Z,17.8,88,15.9,18.8,0.0,67,1011.7,7.2,17.3,270,20.2,0.0,0.0,0.0
DE_Munich,2026-09-07T23:00Z,20.3,70,14.6,20.3,0.0,1,959.6,10.1,22.5,232,22.0,0.0,0.0,0.0
ES_Madrid,2026-09-07T23:00Z,29.7,21,5.3,27.8,0.0,3,945.6,5.4,15.3,271,13.0,0.0,0.0,0.0
FR_Paris,2026-09-07T23:00Z,21.8,79,17.9,23.5,0.0,75,1011.8,8.0,15.6,246,19.4,0.0,0.0,0.0
NL_Amsterdam,2026-09-07T23:00Z,18.7,86,16.3,18.8,0.0,100,1012.1,14.3,28.6,224,30.6,0.0,0.0,0.0
PL_Warsaw,2026-09-07T23:00Z,14.6,76,10.4,13.3,0.0,85,1006.8,9.2,20.3,173,19.8,0.0,0.0,0.0
US_BPAT_Portland,2026-09-07T23:00Z,20.7,54,11.2,20.3,0.0,14,1016.0,5.4,7.2,354,17.6,538.0,576.3,170.0
US_CISO_LosAngeles,2026-09-07T23:00Z,30.6,63,22.7,34.8,0.0,19,1001.1,8.2,11.0,218,21.2,573.0,574.2,178.0
US_CISO_SanFrancisco,2026-09-07T23:00Z,22.1,55,12.6,21.1,0.0,27,1011.8,17.6,24.7,268,41.0,689.0,815.4,119.0
US_ERCO_Dallas,2026-09-07T23:00Z,37.2,32,17.7,38.2,0.0,9,996.2,11.9,17.1,139,32.0,382.0,653.3,84.0
US_ERCO_Houston,2026-09-07T23:00Z,32.9,55,22.5,37.3,0.0,17,1009.7,5.1,7.5,132,14.0,364.0,622.6,87.0
US_ISNE_Boston,2026-09-07T23:00Z,22.0,54,12.2,21.2,0.0,0,1016.9,10.0,22.9,318,23.0,70.0,363.8,26.0
US_MISO_Chicago,2026-09-07T23:00Z,23.9,61,16.0,24.8,0.0,91,989.1,7.6,12.1,87,23.8,259.0,590.0,73.0
US_NYIS_NewYork,2026-09-07T23:00Z,24.5,49,12.9,24.8,0.0,44,1017.2,4.2,11.4,303,11.5,97.0,415.5,37.0
US_PJM_Philadelphia,2026-09-07T23:00Z,24.3,40,9.8,23.3,0.0,12,1019.0,6.2,13.7,344,16.2,112.0,465.0,38.0
US_SWPP_OklahomaCity,2026-09-07T23:00Z,37.2,28,15.6,36.9,0.0,33,970.5,15.0,22.2,163,37.1,354.0,554.9,101.0
VN_DaNang,2026-09-07T23:00Z,26.8,94,25.8,33.7,0.0,65,1007.5,2.3,3.1,257,5.8,6.0,14.2,5.0
VN_HaNoi,2026-09-07T23:00Z,25.6,94,24.6,31.1,0.0,5,1005.8,6.8,11.8,51,13.3,2.0,0.0,2.0
VN_HoChiMinh,2026-09-07T23:00Z,25.9,94,24.9,31.5,0.0,65,1008.6,7.7,15.8,233,15.5,2.0,0.0,2.0
AT_Vienna,2026-09-08T00:00Z,19.0,62,11.5,19.3,0.0,63,996.5,0.7,1.5,249,3.2,0.0,0.0,0.0
BE_Brussels,2026-09-08T00:00Z,19.1,79,15.4,19.1,0.0,100,1012.5,12.0,21.5,230,30.2,0.0,0.0,0.0
DE_Berlin,2026-09-08T00:00Z,15.7,80,12.3,15.3,0.0,85,1010.9,8.0,19.4,203,15.8,0.0,0.0,0.0
DE_Hamburg,2026-09-08T00:00Z,17.3,91,15.8,18.2,0.0,73,1011.5,7.1,17.1,245,16.2,0.0,0.0,0.0
DE_Munich,2026-09-08T00:00Z,19.0,70,13.3,18.3,0.0,0,959.1,12.4,25.8,233,19.4,0.0,0.0,0.0
ES_Madrid,2026-09-08T00:00Z,28.8,21,4.5,26.8,0.0,2,945.2,4.2,11.6,296,11.9,0.0,0.0,0.0
FR_Paris,2026-09-08T00:00Z,21.2,82,18.0,22.8,0.0,100,1011.1,8.8,18.1,249,18.4,0.0,0.0,0.0
NL_Amsterdam,2026-09-08T00:00Z,18.5,88,16.4,18.8,0.0,96,1011.3,13.0,26.0,227,30.6,0.0,0.0,0.0
PL_Warsaw,2026-09-08T00:00Z,13.6,81,10.3,12.3,0.0,45,1006.3,9.3,20.9,178,19.1,0.0,0.0,0.0
US_BPAT_Portland,2026-09-08T00:00Z,20.8,48,9.4,19.4,0.0,3,1016.0,8.3,11.1,346,21.2,421.0,578.9,123.0
US_CISO_LosAngeles,2026-09-08T00:00Z,28.9,68,22.5,33.2,0.1,78,1000.7,5.8,8.2,280,26.6,437.0,601.8,118.0
US_CISO_SanFrancisco,2026-09-08T00:00Z,22.6,53,12.6,21.1,0.0,4,1011.3,15.2,22.9,268,41.4,526.0,747.9,108.0
US_ERCO_Dallas,2026-09-08T00:00Z,36.2,34,17.8,37.3,0.0,5,996.5,11.5,18.6,139,33.8,171.0,442.5,59.0
US_ERCO_Houston,2026-09-08T00:00Z,29.7,77,25.2,35.3,0.0,35,1010.7,8.6,17.1,172,15.1,157.0,424.5,58.0
US_ISNE_Boston,2026-09-08T00:00Z,20.9,55,11.4,19.5,0.0,6,1018.0,12.8,27.5,317,24.8,0.0,0.0,0.0
US_MISO_Chicago,2026-09-08T00:00Z,23.0,69,17.0,24.2,0.0,98,989.5,8.6,16.1,80,15.8,73.0,206.2,46.0
US_NYIS_NewYork,2026-09-08T00:00Z,23.2,52,12.7,23.0,0.0,71,1017.9,7.1,18.0,310,14.8,2.0,19.1,1.0
US_PJM_Philadelphia,2026-09-08T00:00Z,22.5,49,11.3,21.7,0.0,16,1019.8,8.0,17.7,331,15.5,4.0,19.1,3.0
US_SWPP_OklahomaCity,2026-09-08T00:00Z,37.1,26,14.5,36.5,0.0,8,970.6,14.0,21.9,160,36.7,177.0,434.5,64.0
VN_DaNang,2026-09-08T00:00Z,27.5,90,25.8,34.3,0.0,86,1008.0,3.0,4.5,227,9.4,135.0,350.1,60.0
VN_HaNoi,2026-09-08T00:00Z,26.9,89,25.0,32.9,0.0,1,1006.1,5.0,8.8,51,15.8,102.0,274.6,53.0
VN_HoChiMinh,2026-09-08T00:00Z,27.2,89,25.2,33.1,0.0,60,1009.5,6.7,13.6,221,21.2,112.0,315.5,54.0
AT_Vienna,2026-09-08T01:00Z,19.0,60,11.1,19.1,0.0,16,996.1,1.5,2.2,360,4.3,0.0,0.0,0.0
BE_Brussels,2026-09-08T01:00Z,19.1,80,15.6,19.2,0.0,100,1011.9,12.0,20.5,228,28.4,0.0,0.0,0.0
DE_Berlin,2026-09-08T01:00Z,16.1,81,12.8,15.8,0.0,74,1010.4,8.0,20.5,212,15.5,0.0,0.0,0.0
DE_Hamburg,2026-09-08T01:00Z,17.1,91,15.7,17.9,0.0,92,1010.8,7.9,18.8,234,14.4,0.0,0.0,0.0
DE_Munich,2026-09-08T01:00Z,19.0,67,12.7,18.2,0.0,0,958.7,11.3,24.8,244,23.4,0.0,0.0,0.0
ES_Madrid,2026-09-08T01:00Z,27.6,23,4.6,25.8,0.0,6,944.8,2.7,7.0,348,8.6,0.0,0.0,0.0
FR_Paris,2026-09-08T01:00Z,21.4,80,17.9,23.0,0.0,93,1010.6,8.4,15.3,246,20.2,0.0,0.0,0.0
NL_Amsterdam,2026-09-08T01:00Z,18.2,90,16.4,18.7,0.0,100,1010.6,11.4,23.8,217,27.0,0.0,0.0,0.0
PL_Warsaw,2026-09-08T01:00Z,13.5,81,10.3,12.2,0.0,55,1005.8,9.6,21.7,174,18.7,0.0,0.0,0.0
US_BPAT_Portland,2026-09-08T01:00Z,20.1,50,9.3,18.8,0.0,3,1016.1,7.0,10.4,8,21.6,304.0,648.5,70.0
US_CISO_LosAngeles,2026-09-08T01:00Z,27.9,69,21.7,31.8,0.0,65,1001.0,5.7,8.7,236,19.8,219.0,367.8,94.0
US_CISO_SanFrancisco,2026-09-08T01:00Z,22.0,58,13.4,20.8,0.0,2,1011.1,15.4,25.2,273,34.9,336.0,670.3,78.0
US_ERCO_Dallas,2026-09-08T01:00Z,35.6,35,17.9,36.6,0.0,7,997.1,12.2,20.4,139,30.2,26.0,137.1,13.0
US_ERCO_Houston,2026-09-08T01:00Z,29.1,81,25.5,35.2,0.0,46,1010.5,6.7,16.2,170,17.3,15.0,59.8,10.0
US_ISNE_Boston,2026-09-08T01:00Z,20.1,56,11.1,18.7,0.0,26,1018.4,12.2,26.6,316,25.2,0.0,0.0,0.0
US_MISO_Chicago,2026-09-08T01:00Z,23.1,70,17.3,24.5,0.0,98,989.2,7.5,17.2,84,18.7,1.0,0.0,1.0
US_NYIS_NewYork,2026-09-08T01:00Z,22.2,57,13.4,22.5,0.0,100,1018.4,5.7,17.1,289,14.4,0.0,0.0,0.0
US_PJM_Philadelphia,2026-09-08T01:00Z,21.6,58,13.0,21.9,0.0,97,1020.4,4.5,12.8,329,15.5,0.0,0.0,0.0
US_SWPP_OklahomaCity,2026-09-08T01:00Z,36.0,29,15.0,35.8,0.0,2,970.9,12.0,21.0,157,33.1,31.0,160.9,15.0
VN_DaNang,2026-09-08T01:00Z,28.8,83,25.6,35.6,0.0,84,1008.6,2.6,3.6,264,11.5,296.0,386.8,122.0
VN_HaNoi,2026-09-08T01:00Z,28.4,80,24.7,34.2,0.0,1,1006.5,5.3,7.6,34,15.1,311.0,509.3,102.0
VN_HoChiMinh,2026-09-08T01:00Z,28.6,82,25.3,34.4,0.0,34,1010.4,7.8,11.8,226,23.8,346.0,604.5,88.0
AT_Vienna,2026-09-08T02:00Z,18.2,63,11.2,18.3,0.0,9,995.8,2.0,4.0,357,5.0,0.0,0.0,0.0
BE_Brussels,2026-09-08T02:00Z,18.7,81,15.5,18.8,0.0,100,1011.6,12.0,21.0,236,27.4,0.0,0.0,0.0
DE_Berlin,2026-09-08T02:00Z,16.2,82,13.2,16.0,0.0,75,1009.9,7.9,20.0,211,14.8,0.0,0.0,0.0
DE_Hamburg,2026-09-08T02:00Z,17.4,91,15.9,18.2,0.0,100,1010.3,8.6,19.6,223,16.6,0.0,0.0,0.0
DE_Munich,2026-09-08T02:00Z,18.7,68,12.6,18.0,0.0,0,958.2,9.9,21.7,253,22.0,0.0,0.0,0.0
ES_Madrid,2026-09-08T02:00Z,26.5,26,5.3,24.9,0.0,2,944.4,2.8,7.6,54,6.5,0.0,0.0,0.0
FR_Paris,2026-09-08T02:00Z,21.1,82,17.9,22.5,0.0,62,1010.1,9.4,16.7,238,21.2,0.0,0.0,0.0
NL_Amsterdam,2026-09-08T02:00Z,18.1,89,16.2,18.2,0.0,100,1010.4,13.7,27.3,217,29.2,0.0,0.0,0.0
PL_Warsaw,2026-09-08T02:00Z,13.4,82,10.3,12.2,0.0,2,1005.2,9.2,20.9,169,19.4,0.0,0.0,0.0
US_BPAT_Portland,2026-09-08T02:00Z,19.3,62,12.0,19.8,0.0,2,1016.0,0.8,5.1,10,15.8,131.0,459.6,45.0
US_CISO_LosAngeles,2026-09-08T02:00Z,26.9,75,22.0,31.3,0.0,34,1000.9,3.5,9.1,278,12.6,69.0,177.9,44.0
US_CISO_SanFrancisco,2026-09-08T02:00Z,21.7,58,13.1,20.7,0.0,1,1011.1,13.8,25.2,280,33.5,136.0,466.1,48.0
US_ERCO_Dallas,2026-09-08T02:00Z,34.6,38,18.3,36.0,0.0,9,997.8,11.3,20.3,138,27.4,0.0,0.0,0.0
US_ERCO_Houston,2026-09-08T02:00Z,28.9,81,25.3,34.8,0.0,88,1010.9,6.4,16.4,171,13.7,0.0,0.0,0.0
US_ISNE_Boston,2026-09-08T02:00Z,19.2,58,10.8,17.7,0.0,1,1018.8,12.5,27.6,316,24.8,0.0,0.0,0.0
US_MISO_Chicago,2026-09-08T02:00Z,23.0,68,16.7,23.8,0.0,99,989.7,9.9,20.2,145,18.7,0.0,0.0,0.0
US_NYIS_NewYork,2026-09-08T02:00Z,21.6,61,13.7,21.7,0.0,98,1018.6,6.8,18.1,286,14.0,0.0,0.0,0.0
US_PJM_Philadelphia,2026-09-08T02:00Z,21.3,62,13.8,22.1,0.0,97,1020.5,3.1,9.7,318,9.0,0.0,0.0,0.0
US_SWPP_OklahomaCity,2026-09-08T02:00Z,35.2,31,15.6,35.7,0.0,2,971.5,9.4,18.3,167,27.7,0.0,0.0,0.0
VN_DaNang,2026-09-08T02:00Z,30.3,75,25.4,36.9,0.0,70,1008.7,2.5,3.4,357,11.9,508.0,478.2,194.0
VN_HaNoi,2026-09-08T02:00Z,29.8,74,24.6,35.5,0.0,1,1006.4,4.5,5.9,20,15.8,528.0,642.1,132.0
VN_HoChiMinh,2026-09-08T02:00Z,29.9,76,25.1,35.3,0.0,31,1010.4,10.1,14.8,240,30.6,575.0,725.9,109.0
AT_Vienna,2026-09-08T03:00Z,17.6,67,11.4,17.6,0.0,3,995.7,2.6,5.6,2,6.1,0.0,0.0,0.0
BE_Brussels,2026-09-08T03:00Z,18.6,81,15.3,18.6,0.0,100,1011.1,11.9,20.3,233,27.0,0.0,0.0,0.0
DE_Berlin,2026-09-08T03:00Z,16.5,82,13.4,16.2,0.0,86,1009.6,8.9,22.3,218,16.6,0.0,0.0,0.0
DE_Hamburg,2026-09-08T03:00Z,17.6,90,15.9,18.0,0.0,100,1009.8,11.2,23.7,221,21.6,0.0,0.0,0.0
DE_Munich,2026-09-08T03:00Z,17.8,72,12.6,17.2,0.0,0,957.7,9.7,18.0,237,19.4,0.0,0.0,0.0
ES_Madrid,2026-09-08T03:00Z,25.4,28,5.8,24.2,0.0,7,943.9,1.0,5.6,92,6.1,0.0,0.0,0.0
FR_Paris,2026-09-08T03:00Z,20.2,86,17.8,21.5,0.0,67,1009.6,10.0,18.3,240,21.6,0.0,0.0,0.0
NL_Amsterdam,2026-09-08T03:00Z,17.9,89,16.0,17.8,0.1,100,1009.9,14.2,27.9,224,29.9,0.0,0.0,0.0
PL_Warsaw,2026-09-08T03:00Z,13.0,83,10.2,11.6,0.0,16,1004.9,9.8,21.8,165,19.1,0.0,0.0,0.0
US_BPAT_Portland,2026-09-08T03:00Z,17.9,65,11.2,17.8,0.0,2,1016.1,3.4,10.2,352,5.4,13.0,75.3,8.0
US_CISO_LosAngeles,2026-09-08T03:00Z,25.6,79,21.8,29.7,0.0,26,1001.1,5.0,9.1,219,10.4,0.0,0.0,0.0
US_CISO_SanFrancisco,2026-09-08T03:00Z,21.2,54,11.6,20.0,0.0,0,1011.1,11.5,21.3,287,29.2,9.0,62.6,5.0
US_ERCO_Dallas,2026-09-08T03:00Z,33.8,41,18.8,35.3,0.0,11,998.7,11.9,21.5,143,25.2,0.0,0.0,0.0
US_ERCO_Houston,2026-09-08T03:00Z,28.7,80,24.9,34.2,0.0,62,1011.6,7.4,18.0,177,14.8,0.0,0.0,0.0
US_ISNE_Boston,2026-09-08T03:00Z,18.5,61,10.7,16.9,0.0,18,1019.1,12.2,26.9,323,24.8,0.0,0.0,0.0
US_MISO_Chicago,2026-09-08T03:00Z,22.7,67,16.1,23.4,0.0,98,989.7,9.5,20.2,135,21.6,0.0,0.0,0.0
US_NYIS_NewYork,2026-09-08T03:00Z,20.7,66,14.1,21.1,0.0,31,1018.9,6.0,16.6,302,15.1,0.0,0.0,0.0
US_PJM_Philadelphia,2026-09-08T03:00Z,20.7,65,13.9,21.3,0.0,92,1020.6,4.3,10.7,303,8.3,0.0,0.0,0.0
US_SWPP_OklahomaCity,2026-09-08T03:00Z,34.3,34,16.3,34.7,0.0,2,972.3,11.8,21.3,166,27.0,0.0,0.0,0.0
VN_DaNang,2026-09-08T03:00Z,31.4,68,24.8,38.2,0.2,70,1008.4,5.2,6.5,354,21.6,710.0,634.8,189.0
VN_HaNoi,2026-09-08T03:00Z,31.0,68,24.3,37.7,0.0,4,1006.5,4.2,5.6,22,15.8,712.0,717.3,150.0
VN_HoChiMinh,2026-09-08T03:00Z,30.7,72,25.2,37.2,0.1,28,1009.8,10.5,15.0,254,32.8,757.0,778.2,123.0
AT_Vienna,2026-09-08T04:00Z,17.0,71,11.6,17.2,0.0,10,995.5,2.1,3.7,29,6.5,0.0,0.0,0.0
BE_Brussels,2026-09-08T04:00Z,18.1,83,15.2,18.1,0.0,100,1010.4,11.5,19.8,235,26.3,0.0,0.0,0.0
DE_Berlin,2026-09-08T04:00Z,16.5,82,13.5,16.3,0.0,94,1009.3,9.1,22.2,230,16.9,0.0,0.0,0.0
DE_Hamburg,2026-09-08T04:00Z,17.8,89,16.0,18.3,0.1,100,1009.2,11.0,22.6,217,21.6,0.0,0.0,0.0
DE_Munich,2026-09-08T04:00Z,17.3,73,12.4,16.7,0.0,0,957.0,9.0,17.7,224,19.1,0.0,0.0,0.0
ES_Madrid,2026-09-08T04:00Z,24.4,31,6.0,23.0,0.0,15,943.6,2.6,2.0,10,5.8,0.0,0.0,0.0
FR_Paris,2026-09-08T04:00Z,19.2,90,17.5,20.4,0.0,66,1009.1,10.0,18.5,239,21.6,0.0,0.0,0.0
NL_Amsterdam,2026-09-08T04:00Z,17.6,90,16.0,17.9,0.1,100,1009.3,12.2,24.7,223,29.9,0.0,0.0,0.0
PL_Warsaw,2026-09-08T04:00Z,13.0,82,10.0,11.5,0.0,13,1004.3,10.3,22.9,164,20.5,0.0,0.0,0.0
US_BPAT_Portland,2026-09-08T04:00Z,17.2,70,11.8,16.2,0.0,1,1016.9,10.6,22.6,343,21.2,0.0,0.0,0.0
US_CISO_LosAngeles,2026-09-08T04:00Z,24.7,82,21.5,29.1,0.0,15,1002.3,1.3,3.2,196,10.4,0.0,0.0,0.0
US_CISO_SanFrancisco,2026-09-08T04:00Z,20.7,54,11.0,20.5,0.0,0,1011.5,3.4,11.1,321,23.4,0.0,0.0,0.0
US_ERCO_Dallas,2026-09-08T04:00Z,33.0,45,19.4,34.9,0.0,5,998.7,11.2,20.5,156,25.6,0.0,0.0,0.0
US_ERCO_Houston,2026-09-08T04:00Z,28.4,81,24.8,33.8,0.0,41,1011.9,7.6,18.4,188,15.1,0.0,0.0,0.0
US_ISNE_Boston,2026-09-08T04:00Z,17.7,64,10.9,16.5,0.0,80,1019.0,10.3,22.9,322,24.1,0.0,0.0,0.0
US_MISO_Chicago,2026-09-08T04:00Z,22.3,71,16.7,23.5,0.0,98,990.0,7.7,18.0,145,19.1,0.0,0.0,0.0
US_NYIS_NewYork,2026-09-08T04:00Z,19.7,72,14.6,20.5,0.0,55,1018.9,4.6,13.8,318,12.6,0.0,0.0,0.0
US_PJM_Philadelphia,2026-09-08T04:00Z,20.2,67,13.9,20.9,0.0,56,1020.8,4.1,10.3,301,9.0,0.0,0.0,0.0
US_SWPP_OklahomaCity,2026-09-08T04:00Z,33.1,39,17.1,33.7,0.0,2,972.5,13.1,24.2,172,30.2,0.0,0.0,0.0
VN_DaNang,2026-09-08T04:00Z,30.0,74,24.9,36.9,1.6,89,1008.3,11.8,15.4,341,29.9,897.0,792.0,160.0
VN_HaNoi,2026-09-08T04:00Z,31.9,65,24.5,39.5,0.0,9,1006.3,3.8,4.9,28,15.8,833.0,742.8,165.0
VN_HoChiMinh,2026-09-08T04:00Z,31.7,67,24.9,38.3,0.1,46,1009.4,11.1,15.6,263,33.1,833.0,702.0,178.0
AT_Vienna,2026-09-08T05:00Z,17.3,70,11.9,17.8,0.0,5,995.6,0.4,0.6,108,4.7,12.0,76.4,7.0
BE_Brussels,2026-09-08T05:00Z,17.9,84,15.1,18.0,0.1,100,1009.9,10.5,18.2,234,25.9,0.0,0.0,0.0
DE_Berlin,2026-09-08T05:00Z,16.5,84,13.7,16.5,0.1,98,1009.2,8.5,20.1,243,18.4,5.0,19.1,4.0
DE_Hamburg,2026-09-08T05:00Z,18.1,89,16.3,18.3,0.0,98,1008.8,13.5,25.6,220,26.6,1.0,0.0,1.0
DE_Munich,2026-09-08T05:00Z,16.7,75,12.2,16.1,0.0,0,956.5,8.6,16.7,215,17.3,2.0,0.0,2.0
ES_Madrid,2026-09-08T05:00Z,23.7,32,6.2,22.3,0.0,16,943.5,3.0,4.0,5,7.2,0.0,0.0,0.0
FR_Paris,2026-09-08T05:00Z,18.6,90,17.0,19.5,0.0,100,1008.6,10.6,19.2,233,23.0,0.0,0.0,0.0
NL_Amsterdam,2026-09-08T05:00Z,17.3,91,15.9,17.5,0.1,97,1009.1,12.2,24.8,229,26.3,0.0,0.0,0.0
PL_Warsaw,2026-09-08T05:00Z,13.5,80,10.2,11.9,0.0,3,1003.9,11.1,23.4,159,22.3,37.0,212.0,18.0
US_BPAT_Portland,2026-09-08T05:00Z,15.8,83,12.9,15.4,0.0,1,1017.1,8.7,19.5,342,22.3,0.0,0.0,0.0
US_CISO_LosAngeles,2026-09-08T05:00Z,24.6,85,22.0,29.2,0.0,76,1002.7,1.8,6.0,39,6.5,0.0,0.0,0.0
US_CISO_SanFrancisco,2026-09-08T05:00Z,19.9,58,11.4,19.9,0.0,0,1011.8,2.2,6.8,58,7.2,0.0,0.0,0.0
US_ERCO_Dallas,2026-09-08T05:00Z,32.2,48,19.9,34.4,0.0,5,998.8,11.1,20.6,164,23.8,0.0,0.0,0.0
US_ERCO_Houston,2026-09-08T05:00Z,27.9,83,24.8,33.5,0.0,9,1012.1,6.8,16.6,202,15.1,0.0,0.0,0.0
US_ISNE_Boston,2026-09-08T05:00Z,17.0,68,11.0,15.8,0.0,69,1019.1,10.1,22.2,310,19.8,0.0,0.0,0.0
US_MISO_Chicago,2026-09-08T05:00Z,22.0,74,17.1,23.3,0.0,89,990.1,8.5,18.5,142,16.6,0.0,0.0,0.0
US_NYIS_NewYork,2026-09-08T05:00Z,19.3,73,14.4,19.9,0.0,30,1019.3,5.5,17.0,324,11.9,0.0,0.0,0.0
US_PJM_Philadelphia,2026-09-08T05:00Z,19.7,67,13.5,20.1,0.0,2,1021.2,4.4,12.4,304,9.4,0.0,0.0,0.0
US_SWPP_OklahomaCity,2026-09-08T05:00Z,32.4,42,17.7,33.2,0.0,1,972.7,13.2,24.4,175,30.6,0.0,0.0,0.0
VN_DaNang,2026-09-08T05:00Z,30.2,75,25.3,36.4,1.4,85,1007.5,9.0,12.0,325,30.6,651.0,331.0,327.0
VN_HaNoi,2026-09-08T05:00Z,32.4,62,24.3,40.0,0.0,5,1005.4,3.7,4.8,45,16.2,845.0,688.1,187.0
VN_HoChiMinh,2026-09-08T05:00Z,30.8,67,24.0,36.7,0.0,100,1008.4,14.1,19.2,250,38.5,887.0,671.3,223.0
AT_Vienna,2026-09-08T06:00Z,18.8,61,11.0,18.8,0.0,14,995.9,2.3,4.5,310,7.9,118.0,389.9,47.0
BE_Brussels,2026-09-08T06:00Z,17.9,80,14.4,17.6,0.0,88,1009.7,11.8,20.5,238,23.0,11.0,12.3,10.0
DE_Berlin,2026-09-08T06:00Z,16.9,84,14.2,17.2,0.0,97,1009.0,6.6,13.5,251,15.5,76.0,170.8,51.0
DE_Hamburg,2026-09-08T06:00Z,18.4,87,16.2,18.4,0.0,100,1008.8,14.5,26.6,225,31.0,30.0,27.1,27.0
DE_Munich,2026-09-08T06:00Z,17.5,70,12.0,16.8,0.0,0,956.8,8.8,16.2,176,17.6,82.0,378.6,34.0
ES_Madrid,2026-09-08T06:00Z,22.5,36,6.7,21.2,0.0,23,943.4,2.8,5.9,79,6.8,0.0,0.0,0.0
FR_Paris,2026-09-08T06:00Z,18.7,87,16.5,19.4,0.0,100,1008.4,10.7,17.5,229,26.6,11.0,28.3,9.0
NL_Amsterdam,2026-09-08T06:00Z,17.0,91,15.5,17.2,0.1,100,1008.8,10.8,22.4,226,25.9,21.0,47.9,17.0
PL_Warsaw,2026-09-08T06:00Z,14.9,79,11.3,13.7,0.0,0,1003.4,10.7,24.1,163,23.4,165.0,492.8,54.0
US_BPAT_Portland,2026-09-08T06:00Z,15.0,88,13.0,14.8,0.0,1,1017.1,7.7,18.8,355,19.4,0.0,0.0,0.0
US_CISO_LosAngeles,2026-09-08T06:00Z,24.2,82,21.0,27.3,0.0,59,1002.2,8.7,14.9,268,5.4,0.0,0.0,0.0
US_CISO_SanFrancisco,2026-09-08T06:00Z,18.8,60,10.9,18.2,0.0,0,1011.5,6.0,8.6,120,11.9,0.0,0.0,0.0
US_ERCO_Dallas,2026-09-08T06:00Z,30.4,57,20.8,33.2,0.0,3,998.9,9.6,18.8,167,23.4,0.0,0.0,0.0
US_ERCO_Houston,2026-09-08T06:00Z,26.9,91,25.2,32.7,0.0,61,1012.2,6.9,16.1,212,13.0,0.0,0.0,0.0
US_ISNE_Boston,2026-09-08T06:00Z,15.6,71,10.4,14.0,0.0,88,1019.3,11.7,24.9,308,20.9,0.0,0.0,0.0
US_MISO_Chicago,2026-09-08T06:00Z,20.6,82,17.4,21.5,0.0,87,990.2,11.8,21.7,132,22.0,0.0,0.0,0.0
US_NYIS_NewYork,2026-09-08T06:00Z,17.7,79,14.0,18.3,0.0,10,1019.3,4.6,14.4,332,11.5,0.0,0.0,0.0
US_PJM_Philadelphia,2026-09-08T06:00Z,17.6,74,13.0,18.0,0.0,0,1021.1,3.4,9.6,304,8.6,0.0,0.0,0.0
US_SWPP_OklahomaCity,2026-09-08T06:00Z,30.3,49,18.4,31.5,0.0,0,972.9,12.6,24.4,176,29.9,0.0,0.0,0.0
VN_DaNang,2026-09-08T06:00Z,30.5,73,25.2,37.5,0.4,94,1007.0,8.9,11.9,304,23.8,813.0,595.4,240.0
VN_HaNoi,2026-09-08T06:00Z,33.0,56,23.1,40.3,0.0,11,1004.7,2.1,2.7,23,15.5,873.0,730.2,179.0
VN_HoChiMinh,2026-09-08T06:00Z,32.7,61,24.1,37.3,4.6,17,1007.5,13.7,18.9,246,44.3,643.0,234.9,413.0
AT_Vienna,2026-09-08T07:00Z,20.8,54,11.2,20.5,0.0,16,995.6,3.8,5.6,119,14.4,251.0,495.5,79.0
BE_Brussels,2026-09-08T07:00Z,18.4,77,14.2,18.0,0.0,99,1008.8,12.1,18.8,223,28.8,113.0,203.9,70.0
DE_Berlin,2026-09-08T07:00Z,18.5,82,15.3,19.5,0.0,54,1008.7,4.8,13.3,257,13.3,204.0,321.0,108.0
DE_Hamburg,2026-09-08T07:00Z,18.6,85,16.0,18.6,0.0,100,1008.2,14.0,24.5,221,29.9,66.0,15.3,62.0
DE_Munich,2026-09-08T07:00Z,21.1,60,13.0,21.1,0.0,16,956.8,6.1,14.9,162,16.9,238.0,588.4,64.0
ES_Madrid,2026-09-08T07:00Z,23.8,32,6.2,22.5,0.0,13,944.0,2.1,4.7,173,7.2,67.0,238.3,36.0
FR_Paris,2026-09-08T07:00Z,19.0,81,15.7,19.4,0.0,94,1008.0,10.4,15.8,229,25.6,67.0,10.4,65.0
NL_Amsterdam,2026-09-08T07:00Z,17.7,87,15.5,17.9,0.0,100,1008.1,10.9,19.8,222,21.6,49.0,0.0,49.0
PL_Warsaw,2026-09-08T07:00Z,16.8,75,12.4,16.4,0.0,0,1002.9,8.0,23.3,165,20.9,319.0,665.7,71.0
US_BPAT_Portland,2026-09-08T07:00Z,15.0,87,12.9,14.7,0.0,0,1017.0,8.1,19.7,348,16.6,0.0,0.0,0.0
US_CISO_LosAngeles,2026-09-08T07:00Z,24.7,81,21.1,28.2,0.0,17,1002.1,6.3,14.1,323,16.2,0.0,0.0,0.0
US_CISO_SanFrancisco,2026-09-08T07:00Z,18.0,63,10.8,17.3,0.0,0,1011.4,6.1,10.2,129,13.0,0.0,0.0,0.0
US_ERCO_Dallas,2026-09-08T07:00Z,30.0,59,21.2,33.1,0.0,2,999.2,9.3,18.4,172,19.4,0.0,0.0,0.0
US_ERCO_Houston,2026-09-08T07:00Z,26.7,92,25.2,32.7,0.0,70,1012.3,5.6,14.1,220,13.0,0.0,0.0,0.0
US_ISNE_Boston,2026-09-08T07:00Z,15.7,70,10.3,14.2,0.0,100,1019.6,11.6,25.5,309,23.0,0.0,0.0,0.0
US_MISO_Chicago,2026-09-08T07:00Z,20.2,82,17.1,20.7,0.0,69,989.6,13.8,23.8,141,28.8,0.0,0.0,0.0
US_NYIS_NewYork,2026-09-08T07:00Z,17.5,79,13.8,18.0,0.0,1,1019.5,4.6,13.4,316,9.4,0.0,0.0,0.0
US_PJM_Philadelphia,2026-09-08T07:00Z,17.3,74,12.5,17.6,0.0,4,1021.1,3.3,9.2,301,7.9,0.0,0.0,0.0
US_SWPP_OklahomaCity,2026-09-08T07:00Z,29.8,51,18.6,31.3,0.0,0,973.1,11.5,23.3,184,27.7,0.0,0.0,0.0
VN_DaNang,2026-09-08T07:00Z,30.4,73,25.1,35.8,0.2,98,1006.1,10.0,13.5,322,26.3,578.0,307.2,307.0
VN_HaNoi,2026-09-08T07:00Z,33.2,56,23.2,39.9,0.0,8,1003.2,3.6,4.4,60,14.0,800.0,716.4,168.0
VN_HoChiMinh,2026-09-08T07:00Z,32.6,59,23.5,37.7,0.1,18,1006.4,13.6,19.8,244,34.6,803.0,720.5,152.0
AT_Vienna,2026-09-08T08:00Z,22.9,49,11.6,22.6,0.0,3,995.4,4.9,6.9,147,18.0,406.0,622.0,99.0
BE_Brussels,2026-09-08T08:00Z,19.2,70,13.6,18.1,0.0,100,1008.7,15.4,23.3,236,36.4,216.0,178.4,151.0
DE_Berlin,2026-09-08T08:00Z,20.8,75,16.3,22.4,0.0,40,1008.4,3.8,6.7,214,13.0,372.0,636.6,94.0
DE_Hamburg,2026-09-08T08:00Z,18.6,83,15.7,18.5,0.0,100,1007.9,14.1,24.9,219,30.2,86.0,34.9,72.0
DE_Munich,2026-09-08T08:00Z,24.5,52,14.0,25.3,0.0,34,956.9,3.1,11.3,172,13.3,358.0,609.6,84.0
ES_Madrid,2026-09-08T08:00Z,26.0,28,6.0,24.8,0.0,0,944.3,1.4,4.6,216,10.4,255.0,597.6,67.0
FR_Paris,2026-09-08T08:00Z,20.2,72,15.0,20.1,0.1,44,1007.4,11.6,17.3,219,28.4,199.0,206.5,126.0
NL_Amsterdam,2026-09-08T08:00Z,18.0,84,15.3,18.2,0.1,100,1008.3,11.0,19.9,229,24.1,108.0,16.6,102.0
PL_Warsaw,2026-09-08T08:00Z,19.0,69,13.1,18.7,0.0,9,1002.7,8.6,14.4,162,22.7,460.0,756.3,82.0
US_BPAT_Portland,2026-09-08T08:00Z,14.8,88,12.8,14.6,0.0,0,1017.3,7.1,17.8,348,16.6,0.0,0.0,0.0
US_CISO_LosAngeles,2026-09-08T08:00Z,24.7,79,20.9,28.1,0.0,35,1001.8,6.0,16.2,337,13.0,0.0,0.0,0.0
US_CISO_SanFrancisco,2026-09-08T08:00Z,17.1,67,10.9,16.5,0.0,0,1011.8,5.4,11.7,142,13.3,0.0,0.0,0.0
US_ERCO_Dallas,2026-09-08T08:00Z,29.5,62,21.5,32.8,0.0,3,999.3,9.0,17.7,170,19.1,0.0,0.0,0.0
US_ERCO_Houston,2026-09-08T08:00Z,26.5,92,25.1,32.6,0.0,37,1012.3,4.7,12.9,229,10.8,0.0,0.0,0.0
US_ISNE_Boston,2026-09-08T08:00Z,15.7,71,10.4,14.3,0.0,95,1019.3,10.4,23.2,302,23.0,0.0,0.0,0.0
US_MISO_Chicago,2026-09-08T08:00Z,19.5,83,16.6,20.1,0.0,85,989.2,11.4,20.8,152,28.1,0.0,0.0,0.0
US_NYIS_NewYork,2026-09-08T08:00Z,17.0,80,13.6,17.5,0.0,11,1019.5,4.5,13.7,326,10.1,0.0,0.0,0.0
US_PJM_Philadelphia,2026-09-08T08:00Z,16.7,78,12.8,17.0,0.0,50,1021.3,3.6,10.2,287,8.3,0.0,0.0,0.0
US_SWPP_OklahomaCity,2026-09-08T08:00Z,29.2,53,18.6,30.7,0.0,0,973.0,11.2,23.0,186,26.3,0.0,0.0,0.0
VN_DaNang,2026-09-08T08:00Z,30.2,75,25.2,36.0,0.5,98,1005.2,6.9,9.0,325,25.2,475.0,281.1,266.0
VN_HaNoi,2026-09-08T08:00Z,33.2,56,23.3,38.9,0.0,3,1002.0,4.2,5.4,70,15.5,668.0,687.6,148.0
VN_HoChiMinh,2026-09-08T08:00Z,31.3,63,23.4,35.4,0.5,73,1005.5,13.6,20.3,240,34.2,639.0,626.7,158.0
AT_Vienna,2026-09-08T09:00Z,25.6,42,11.7,25.4,0.0,1,994.9,5.2,7.5,136,20.2,560.0,747.6,103.0
BE_Brussels,2026-09-08T09:00Z,19.7,67,13.3,18.3,0.1,88,1008.1,16.5,24.6,234,40.0,249.0,194.6,152.0
DE_Berlin,2026-09-08T09:00Z,23.0,69,16.9,24.8,0.0,26,1008.0,4.5,6.7,194,15.5,497.0,723.8,99.0
DE_Hamburg,2026-09-08T09:00Z,19.1,79,15.4,18.6,0.0,100,1007.4,15.8,24.4,222,32.8,159.0,21.3,148.0
DE_Munich,2026-09-08T09:00Z,26.9,42,12.8,27.1,0.0,38,956.9,4.0,6.2,210,13.3,447.0,567.9,119.0
ES_Madrid,2026-09-08T09:00Z,28.8,22,5.1,27.1,0.0,0,944.7,3.7,6.0,226,16.6,454.0,766.6,78.0
FR_Paris,2026-09-08T09:00Z,21.8,62,14.2,20.8,0.0,27,1006.8,15.7,23.4,218,38.5,401.0,527.8,139.0
NL_Amsterdam,2026-09-08T09:00Z,16.1,94,15.1,15.9,2.4,100,1008.2,13.2,24.3,238,25.6,34.0,0.0,34.0
PL_Warsaw,2026-09-08T09:00Z,20.8,64,13.8,20.9,0.0,0,1002.3,8.3,12.6,171,22.7,570.0,802.4,90.0
US_BPAT_Portland,2026-09-08T09:00Z,14.4,90,12.7,14.2,0.0,0,1017.3,7.5,18.7,352,15.5,0.0,0.0,0.0
US_CISO_LosAngeles,2026-09-08T09:00Z,24.4,80,20.8,27.8,0.0,18,1001.2,5.3,14.4,326,12.2,0.0,0.0,0.0
US_CISO_SanFrancisco,2026-09-08T09:00Z,16.4,72,11.4,16.0,0.0,1,1011.8,5.3,12.0,141,12.2,0.0,0.0,0.0
US_ERCO_Dallas,2026-09-08T09:00Z,29.1,64,21.7,32.5,0.0,3,999.6,8.8,17.7,168,18.4,0.0,0.0,0.0
US_ERCO_Houston,2026-09-08T09:00Z,26.3,93,25.1,32.5,0.0,14,1012.6,3.8,11.0,236,9.0,0.0,0.0,0.0
US_ISNE_Boston,2026-09-08T09:00Z,15.5,73,10.6,14.2,0.0,98,1019.2,10.4,22.4,292,20.5,0.0,0.0,0.0
US_MISO_Chicago,2026-09-08T09:00Z,19.1,83,16.1,19.6,0.0,100,988.8,10.4,19.6,154,23.4,0.0,0.0,0.0
US_NYIS_NewYork,2026-09-08T09:00Z,16.7,82,13.6,17.2,0.0,36,1019.7,4.6,14.1,328,9.7,0.0,0.0,0.0
US_PJM_Philadelphia,2026-09-08T09:00Z,16.4,78,12.6,16.4,0.0,92,1021.6,5.3,14.1,283,10.8,0.0,0.0,0.0
US_SWPP_OklahomaCity,2026-09-08T09:00Z,28.7,54,18.5,30.2,0.0,0,972.9,11.3,23.0,189,24.8,0.0,0.0,0.0
VN_DaNang,2026-09-08T09:00Z,29.9,77,25.4,36.5,0.1,98,1005.1,2.7,3.6,315,19.1,339.0,215.8,219.0
VN_HaNoi,2026-09-08T09:00Z,32.9,57,23.4,37.8,0.0,28,1001.7,5.6,7.5,75,15.1,482.0,616.0,124.0
VN_HoChiMinh,2026-09-08T09:00Z,30.6,67,23.8,34.2,0.1,87,1005.6,16.3,25.5,237,36.7,423.0,482.3,143.0
AT_Vienna,2026-09-08T10:00Z,28.3,34,11.2,28.3,0.0,0,994.2,7.0,9.9,138,23.8,662.0,807.4,103.0
BE_Brussels,2026-09-08T10:00Z,21.4,58,12.8,19.8,0.1,77,1007.1,16.6,24.3,233,42.5,440.0,420.9,186.0
DE_Berlin,2026-09-08T10:00Z,24.4,63,17.0,26.2,0.0,70,1007.5,6.1,8.5,198,18.7,589.0,775.1,100.0
DE_Hamburg,2026-09-08T10:00Z,20.1,72,14.8,19.0,0.0,100,1007.2,18.2,27.9,226,43.9,342.0,134.0,261.0
DE_Munich,2026-09-08T10:00Z,28.4,36,12.0,28.6,0.0,11,956.3,3.7,5.3,190,14.0,566.0,628.6,144.0
ES_Madrid,2026-09-08T10:00Z,31.1,19,4.7,28.9,0.0,16,944.9,9.2,13.6,234,27.4,626.0,845.9,87.0
FR_Paris,2026-09-08T10:00Z,23.3,53,13.0,21.2,0.0,75,1006.0,20.3,30.8,221,47.5,497.0,583.2,141.0
NL_Amsterdam,2026-09-08T10:00Z,16.4,92,15.1,15.5,1.5,100,1007.6,18.1,31.2,230,36.0,122.0,0.0,122.0
PL_Warsaw,2026-09-08T10:00Z,22.3,60,14.2,23.0,0.0,20,1001.8,7.9,11.6,173,22.7,640.0,825.8,94.0
US_BPAT_Portland,2026-09-08T10:00Z,13.9,92,12.6,13.6,0.0,1,1017.3,7.7,18.6,356,16.9,0.0,0.0,0.0
US_CISO_LosAngeles,2026-09-08T10:00Z,24.0,80,20.4,27.2,0.0,5,1000.8,5.8,16.4,314,11.5,0.0,0.0,0.0
US_CISO_SanFrancisco,2026-09-08T10:00Z,16.0,75,11.7,16.2,0.0,1,1011.5,1.9,9.1,150,10.4,0.0,0.0,0.0
US_ERCO_Dallas,2026-09-08T10:00Z,28.8,66,21.8,32.3,0.0,2,1000.2,8.6,17.0,170,18.4,0.0,0.0,0.0
US_ERCO_Houston,2026-09-08T10:00Z,26.1,94,25.0,32.3,0.0,3,1013.0,3.2,9.7,241,6.8,0.0,0.0,0.0
US_ISNE_Boston,2026-09-08T10:00Z,15.5,73,10.6,14.1,0.0,84,1019.8,10.9,24.0,290,21.6,0.0,0.0,0.0
US_MISO_Chicago,2026-09-08T10:00Z,18.7,85,16.1,20.1,0.0,83,989.7,4.5,12.1,165,21.2,0.0,0.0,0.0
US_NYIS_NewYork,2026-09-08T10:00Z,16.3,85,13.7,17.0,0.0,13,1020.0,3.2,11.0,322,9.7,0.0,0.0,0.0
US_PJM_Philadelphia,2026-09-08T10:00Z,16.1,77,12.2,16.1,0.0,93,1022.0,4.6,14.3,298,11.5,0.0,0.0,0.0
US_SWPP_OklahomaCity,2026-09-08T10:00Z,28.4,55,18.6,29.9,0.0,0,973.3,11.0,22.8,187,24.5,0.0,0.0,0.0
VN_DaNang,2026-09-08T10:00Z,29.7,75,24.9,36.3,0.2,99,1005.6,0.2,0.9,233,14.0,188.0,222.5,114.0
VN_HaNoi,2026-09-08T10:00Z,32.1,61,23.7,37.0,0.0,34,1002.0,6.8,9.9,89,15.1,261.0,452.8,94.0
VN_HoChiMinh,2026-09-08T10:00Z,29.7,74,24.6,34.6,0.1,45,1005.8,10.7,18.1,239,36.0,239.0,456.2,77.0
AT_Vienna,2026-09-08T11:00Z,30.4,31,11.2,30.4,0.0,1,993.3,8.5,12.0,145,26.6,707.0,823.4,105.0
BE_Brussels,2026-09-08T11:00Z,22.2,55,12.8,20.5,0.0,98,1006.2,17.1,24.9,226,44.6,525.0,517.3,177.0
DE_Berlin,2026-09-08T11:00Z,25.3,60,16.9,26.7,0.0,88,1006.9,9.7,13.8,206,24.8,634.0,744.6,132.0
DE_Hamburg,2026-09-08T11:00Z,20.1,70,14.6,18.9,0.0,100,1006.9,18.2,27.7,225,43.6,269.0,108.3,198.0
DE_Munich,2026-09-08T11:00Z,29.9,33,12.1,30.9,0.0,3,955.5,2.9,4.4,148,14.0,681.0,788.4,110.0
ES_Madrid,2026-09-08T11:00Z,32.8,15,3.0,30.3,0.0,6,944.5,13.5,20.0,235,37.1,756.0,880.7,100.0
FR_Paris,2026-09-08T11:00Z,24.4,47,12.4,21.6,0.0,100,1004.6,23.9,37.0,218,55.8,469.0,386.6,203.0
NL_Amsterdam,2026-09-08T11:00Z,16.8,84,14.0,15.8,0.3,100,1007.0,15.7,26.9,226,37.4,183.0,0.0,183.0
PL_Warsaw,2026-09-08T11:00Z,23.6,56,14.4,24.5,0.0,34,1001.2,8.4,12.3,176,23.0,666.0,833.0,96.0
US_BPAT_Portland,2026-09-08T11:00Z,13.3,95,12.4,13.2,0.0,2,1017.4,5.8,15.0,5,16.6,0.0,0.0,0.0
US_CISO_LosAngeles,2026-09-08T11:00Z,23.8,80,20.2,27.4,0.0,9,1000.8,2.2,9.7,335,11.2,0.0,0.0,0.0
US_CISO_SanFrancisco,2026-09-08T11:00Z,15.7,78,11.8,16.1,0.0,1,1011.8,0.7,5.8,182,4.0,0.0,0.0,0.0
US_ERCO_Dallas,2026-09-08T11:00Z,28.3,68,21.9,32.0,0.0,2,1000.6,7.7,15.6,173,17.6,0.0,0.0,0.0
US_ERCO_Houston,2026-09-08T11:00Z,26.0,94,24.9,32.2,0.0,9,1013.0,3.2,9.6,261,5.8,0.0,0.0,0.0
US_ISNE_Boston,2026-09-08T11:00Z,16.1,70,10.7,14.6,0.0,38,1020.3,11.5,25.2,290,23.0,14.0,24.8,12.0
US_MISO_Chicago,2026-09-08T11:00Z,18.5,85,15.9,19.1,0.0,100,989.3,9.4,18.0,156,19.1,0.0,0.0,0.0
US_NYIS_NewYork,2026-09-08T11:00Z,16.3,87,14.1,17.1,0.0,68,1020.4,3.5,10.3,305,7.2,8.0,48.7,5.0
US_PJM_Philadelphia,2026-09-08T11:00Z,16.3,76,12.0,16.2,0.0,89,1022.3,4.6,13.1,311,9.4,5.0,18.5,4.0
US_SWPP_OklahomaCity,2026-09-08T11:00Z,27.9,58,18.8,29.5,0.0,0,973.7,11.0,22.7,181,23.8,0.0,0.0,0.0
VN_DaNang,2026-09-08T11:00Z,28.9,81,25.4,35.2,0.0,100,1006.2,4.9,7.1,186,9.0,33.0,45.6,27.0
VN_HaNoi,2026-09-08T11:00Z,30.8,72,25.1,36.8,0.0,13,1002.4,5.4,12.3,98,13.3,70.0,211.1,38.0
VN_HoChiMinh,2026-09-08T11:00Z,28.8,78,24.6,34.1,0.1,19,1006.4,8.0,16.4,238,22.3,60.0,238.4,26.0
AT_Vienna,2026-09-08T12:00Z,31.9,28,11.1,31.7,0.0,19,992.2,8.9,12.6,155,30.6,690.0,805.5,106.0
BE_Brussels,2026-09-08T12:00Z,23.4,48,11.7,20.8,0.0,62,1005.3,21.6,32.2,225,46.1,548.0,506.3,193.0
DE_Berlin,2026-09-08T12:00Z,26.3,53,15.9,27.0,0.1,87,1006.2,11.0,15.7,222,30.2,595.0,644.3,159.0
DE_Hamburg,2026-09-08T12:00Z,20.7,70,15.0,19.6,0.0,100,1006.1,18.7,28.5,228,48.6,440.0,275.8,256.0
DE_Munich,2026-09-08T12:00Z,29.6,35,12.6,30.3,0.0,13,954.6,6.9,9.3,146,23.4,703.0,817.5,104.0
ES_Madrid,2026-09-08T12:00Z,34.0,12,0.8,31.3,0.0,58,943.8,15.4,22.5,238,41.8,838.0,916.9,99.0
FR_Paris,2026-09-08T12:00Z,26.0,41,11.7,23.3,0.0,91,1003.4,21.7,32.8,210,56.2,366.0,149.3,258.0
NL_Amsterdam,2026-09-08T12:00Z,16.1,92,14.8,15.9,1.0,100,1006.5,12.1,21.3,234,33.1,158.0,11.7,150.0
PL_Warsaw,2026-09-08T12:00Z,25.6,45,12.8,25.7,0.0,12,1000.2,8.5,12.5,187,24.8,642.0,810.8,102.0
US_BPAT_Portland,2026-09-08T12:00Z,12.3,97,11.9,12.5,0.0,100,1017.8,2.6,8.3,18,12.2,0.0,0.0,0.0
US_CISO_LosAngeles,2026-09-08T12:00Z,22.7,87,20.3,26.1,0.0,64,1001.4,4.1,6.7,88,3.6,0.0,0.0,0.0
US_CISO_SanFrancisco,2026-09-08T12:00Z,14.5,84,11.8,14.9,0.0,0,1012.2,0.7,5.9,182,2.2,0.0,0.0,0.0
US_ERCO_Dallas,2026-09-08T12:00Z,27.7,67,21.0,31.1,0.0,19,1001.0,6.3,15.3,201,15.5,0.0,0.0,0.0
US_ERCO_Houston,2026-09-08T12:00Z,25.5,88,23.3,29.9,0.0,63,1014.3,8.6,13.5,119,5.8,0.0,0.0,0.0
US_ISNE_Boston,2026-09-08T12:00Z,17.5,69,11.7,16.3,0.0,21,1020.9,11.7,24.3,292,23.0,153.0,427.9,60.0
US_MISO_Chicago,2026-09-08T12:00Z,18.3,87,16.1,19.5,0.0,100,990.0,6.4,12.9,160,19.8,11.0,0.0,11.0
US_NYIS_NewYork,2026-09-08T12:00Z,17.5,84,14.7,18.4,0.0,81,1020.8,3.9,11.4,327,11.9,128.0,457.2,45.0
US_PJM_Philadelphia,2026-09-08T12:00Z,17.2,78,13.3,17.4,0.0,20,1022.3,5.7,14.5,323,10.8,111.0,376.9,48.0
US_SWPP_OklahomaCity,2026-09-08T12:00Z,27.2,60,18.9,28.8,0.0,0,974.0,11.7,24.5,193,23.8,0.0,0.0,0.0
VN_DaNang,2026-09-08T12:00Z,28.6,85,25.8,34.7,0.0,100,1006.6,8.0,11.2,217,16.6,0.0,0.0,0.0
VN_HaNoi,2026-09-08T12:00Z,30.2,76,25.4,35.8,0.0,21,1003.2,9.3,17.6,116,13.7,0.0,0.0,0.0
VN_HoChiMinh,2026-09-08T12:00Z,27.2,88,25.1,32.9,0.0,96,1007.2,6.9,13.8,223,16.2,0.0,0.0,0.0
AT_Vienna,2026-09-08T13:00Z,32.2,26,10.1,31.2,0.0,20,991.3,9.1,12.8,166,27.4,605.0,733.9,110.0
BE_Brussels,2026-09-08T13:00Z,23.6,46,11.4,20.8,0.0,94,1003.9,21.7,32.6,215,53.6,553.0,503.7,207.0
DE_Berlin,2026-09-08T13:00Z,26.5,52,15.8,26.7,0.2,90,1005.2,12.3,18.5,218,29.5,540.0,618.7,145.0
DE_Hamburg,2026-09-08T13:00Z,20.7,69,14.9,20.0,0.1,100,1005.4,15.8,25.5,228,38.9,245.0,53.2,211.0
DE_Munich,2026-09-08T13:00Z,30.7,32,12.0,30.7,0.0,23,953.6,6.2,8.7,166,20.9,613.0,692.4,131.0
ES_Madrid,2026-09-08T13:00Z,34.5,10,-1.1,31.2,0.0,97,943.0,17.6,26.1,240,46.1,846.0,886.7,122.0
FR_Paris,2026-09-08T13:00Z,26.4,39,11.4,23.2,0.0,100,1002.8,25.7,39.8,224,61.6,598.0,622.5,153.0
NL_Amsterdam,2026-09-08T13:00Z,16.4,92,15.1,16.4,1.2,100,1005.7,11.9,20.8,221,27.4,170.0,1.5,169.0
PL_Warsaw,2026-09-08T13:00Z,26.0,42,12.0,25.5,0.0,23,999.5,8.6,12.7,193,22.3,577.0,803.2,89.0
US_BPAT_Portland,2026-09-08T13:00Z,12.2,97,11.7,12.0,0.0,98,1017.7,4.6,8.6,1,10.1,0.0,0.0,0.0
US_CISO_LosAngeles,2026-09-08T13:00Z,23.0,85,20.4,26.9,0.3,50,1002.1,1.5,1.3,124,8.6,0.0,0.0,0.0
US_CISO_SanFrancisco,2026-09-08T13:00Z,14.4,84,11.7,14.8,0.0,0,1012.3,0.4,3.9,193,1.4,0.0,0.0,0.0
US_ERCO_Dallas,2026-09-08T13:00Z,28.5,65,21.4,32.1,0.0,12,1001.6,6.0,15.0,212,13.3,39.0,169.7,20.0
US_ERCO_Houston,2026-09-08T13:00Z,25.0,89,23.1,30.1,1.0,71,1015.5,3.3,9.3,133,18.7,41.0,137.4,24.0
US_ISNE_Boston,2026-09-08T13:00Z,20.0,65,13.3,19.7,0.0,6,1020.8,9.1,21.3,291,22.3,340.0,661.2,77.0
US_MISO_Chicago,2026-09-08T13:00Z,18.9,83,15.9,20.0,0.0,100,990.2,6.2,11.8,168,15.1,111.0,146.1,82.0
US_NYIS_NewYork,2026-09-08T13:00Z,20.3,70,14.7,21.3,0.0,35,1020.8,3.7,12.1,323,13.0,310.0,616.9,82.0
US_PJM_Philadelphia,2026-09-08T13:00Z,20.1,68,14.1,21.0,0.0,35,1022.3,3.0,12.6,331,12.2,307.0,669.6,67.0
US_SWPP_OklahomaCity,2026-09-08T13:00Z,27.9,59,19.1,29.8,0.0,0,975.1,10.3,23.1,189,25.9,38.0,197.3,17.0
VN_DaNang,2026-09-08T13:00Z,27.9,88,25.6,33.6,0.0,99,1007.6,9.3,15.8,217,19.1,0.0,0.0,0.0
VN_HaNoi,2026-09-08T13:00Z,29.5,80,25.7,35.5,0.0,14,1004.0,7.9,17.1,129,17.3,0.0,0.0,0.0
VN_HoChiMinh,2026-09-08T13:00Z,26.9,89,24.9,32.5,0.0,80,1007.9,6.9,14.9,210,14.4,0.0,0.0,0.0
AT_Vienna,2026-09-08T14:00Z,31.9,28,10.9,30.7,0.0,20,990.8,10.2,14.3,155,28.4,485.0,652.0,105.0
BE_Brussels,2026-09-08T14:00Z,23.5,45,11.0,20.4,0.0,100,1003.0,23.5,36.1,210,56.2,426.0,374.0,190.0
DE_Berlin,2026-09-08T14:00Z,26.7,50,15.5,26.5,0.2,44,1004.5,13.5,20.6,224,31.3,449.0,542.8,144.0
DE_Hamburg,2026-09-08T14:00Z,21.4,65,14.5,20.3,0.0,92,1005.0,17.6,26.1,222,44.6,355.0,236.0,220.0
DE_Munich,2026-09-08T14:00Z,31.4,28,10.5,30.9,0.0,14,952.8,4.4,6.7,211,19.1,544.0,693.6,116.0
ES_Madrid,2026-09-08T14:00Z,34.4,9,-3.6,30.1,0.0,100,942.3,18.3,27.2,238,47.2,752.0,687.2,219.0
FR_Paris,2026-09-08T14:00Z,25.5,44,12.3,21.8,0.0,100,1002.3,30.3,47.3,229,68.8,426.0,228.0,275.0
NL_Amsterdam,2026-09-08T14:00Z,16.1,92,14.7,16.3,1.6,100,1004.9,9.1,17.2,223,22.3,79.0,0.0,79.0
PL_Warsaw,2026-09-08T14:00Z,26.1,42,12.3,25.6,0.0,69,999.0,7.9,12.2,199,21.2,468.0,742.8,87.0
US_BPAT_Portland,2026-09-08T14:00Z,12.0,95,11.3,11.5,0.0,98,1018.2,6.0,9.7,1,13.3,1.0,0.0,1.0
US_CISO_LosAngeles,2026-09-08T14:00Z,23.3,85,20.6,27.2,0.2,77,1002.2,1.7,6.0,51,7.9,6.0,30.5,4.0
US_CISO_SanFrancisco,2026-09-08T14:00Z,14.2,85,11.8,14.6,0.0,0,1012.8,1.0,4.6,216,1.4,1.0,0.0,1.0
US_ERCO_Dallas,2026-09-08T14:00Z,30.1,60,21.4,34.1,0.0,5,1002.3,4.0,6.0,171,14.0,201.0,461.5,69.0
US_ERCO_Houston,2026-09-08T14:00Z,25.8,89,23.9,31.3,0.2,66,1015.5,3.2,3.3,22,10.4,153.0,173.8,99.0
US_ISNE_Boston,2026-09-08T14:00Z,22.4,59,14.0,22.4,0.0,5,1020.7,8.7,13.3,302,23.0,519.0,790.3,80.0
US_MISO_Chicago,2026-09-08T14:00Z,19.6,81,16.3,20.9,0.0,100,990.1,5.7,9.1,166,15.8,218.0,133.5,167.0
US_NYIS_NewYork,2026-09-08T14:00Z,22.8,57,13.8,23.1,0.0,28,1020.8,5.8,9.4,329,18.0,499.0,763.8,89.0
US_PJM_Philadelphia,2026-09-08T14:00Z,23.0,56,13.8,23.7,0.0,37,1022.5,3.3,5.6,335,13.3,494.0,772.4,85.0
US_SWPP_OklahomaCity,2026-09-08T14:00Z,29.5,54,19.3,31.5,0.0,0,975.7,10.5,17.7,186,25.6,206.0,534.2,60.0
VN_DaNang,2026-09-08T14:00Z,27.6,87,25.2,33.4,0.0,99,1008.2,6.9,13.5,222,18.4,0.0,0.0,0.0
VN_HaNoi,2026-09-08T14:00Z,29.3,80,25.5,34.9,0.0,28,1005.1,9.6,19.1,147,17.6,0.0,0.0,0.0
VN_HoChiMinh,2026-09-08T14:00Z,26.7,90,24.9,32.5,0.0,98,1008.9,5.9,13.9,201,13.7,0.0,0.0,0.0
AT_Vienna,2026-09-08T15:00Z,32.0,27,10.5,30.4,0.0,6,990.1,11.7,17.1,141,30.2,357.0,569.8,97.0
BE_Brussels,2026-09-08T15:00Z,22.4,50,11.4,20.6,0.1,100,1002.4,15.0,24.0,207,56.2,111.0,0.0,111.0
DE_Berlin,2026-09-08T15:00Z,26.5,52,15.8,26.6,0.0,13,1003.9,12.8,19.9,222,31.0,376.0,612.6,99.0
DE_Hamburg,2026-09-08T15:00Z,21.5,63,14.2,20.4,0.0,64,1004.6,17.1,26.6,226,43.2,366.0,513.1,124.0
DE_Munich,2026-09-08T15:00Z,31.3,26,9.5,29.8,0.0,22,952.4,9.7,14.1,276,24.1,443.0,712.9,86.0
ES_Madrid,2026-09-08T15:00Z,33.9,10,-2.1,29.1,0.0,100,941.8,17.6,26.3,243,47.2,583.0,424.2,292.0
FR_Paris,2026-09-08T15:00Z,23.3,55,13.8,21.4,0.1,100,1001.9,21.2,34.5,219,68.8,77.0,0.0,77.0
NL_Amsterdam,2026-09-08T15:00Z,15.7,91,14.3,16.1,2.4,100,1004.1,6.8,13.5,217,16.9,46.0,0.0,46.0
PL_Warsaw,2026-09-08T15:00Z,25.7,50,14.6,26.4,0.0,21,998.6,5.1,10.5,199,18.4,326.0,625.4,83.0
US_BPAT_Portland,2026-09-08T15:00Z,12.3,94,11.3,11.8,0.0,97,1018.5,5.9,8.8,5,15.5,53.0,96.4,40.0
US_CISO_LosAngeles,2026-09-08T15:00Z,24.6,84,21.8,28.9,0.0,43,1002.6,3.1,5.2,34,8.3,89.0,226.0,45.0
US_CISO_SanFrancisco,2026-09-08T15:00Z,15.5,80,12.1,15.8,0.0,0,1013.5,1.7,4.3,204,7.2,91.0,399.4,35.0
US_ERCO_Dallas,2026-09-08T15:00Z,32.0,53,21.3,35.8,0.0,2,1002.7,4.7,6.5,157,17.3,412.0,659.4,92.0
US_ERCO_Houston,2026-09-08T15:00Z,27.5,83,24.4,33.4,0.1,66,1015.9,2.4,3.4,43,13.0,337.0,328.8,168.0
US_ISNE_Boston,2026-09-08T15:00Z,23.9,50,12.8,23.5,0.0,9,1020.8,12.7,18.6,332,31.7,653.0,819.4,96.0
US_MISO_Chicago,2026-09-08T15:00Z,20.9,79,17.0,22.7,0.0,100,990.3,4.5,7.1,174,16.2,390.0,321.8,215.0
US_NYIS_NewYork,2026-09-08T15:00Z,24.4,49,13.1,24.6,0.0,47,1020.7,8.7,12.8,328,24.8,652.0,824.8,98.0
US_PJM_Philadelphia,2026-09-08T15:00Z,24.7,47,12.8,25.7,0.0,20,1022.5,3.8,5.7,314,15.5,652.0,834.3,94.0
US_SWPP_OklahomaCity,2026-09-08T15:00Z,31.7,48,19.5,33.6,0.0,0,976.1,11.4,17.6,188,30.2,406.0,691.2,83.0
VN_DaNang,2026-09-08T15:00Z,27.4,88,25.2,33.6,0.0,100,1008.1,4.5,11.1,211,13.7,0.0,0.0,0.0
VN_HaNoi,2026-09-08T15:00Z,28.8,82,25.4,34.5,0.1,24,1005.7,8.9,18.0,168,18.7,0.0,0.0,0.0
VN_HoChiMinh,2026-09-08T15:00Z,26.7,91,25.1,32.6,0.0,98,1009.3,5.3,13.6,219,12.2,0.0,0.0,0.0
AT_Vienna,2026-09-08T16:00Z,31.7,26,9.9,29.6,0.0,2,989.3,14.1,21.2,144,33.1,235.0,553.3,67.0
BE_Brussels,2026-09-08T16:00Z,20.3,67,13.9,19.1,1.1,100,1001.1,17.2,29.7,201,35.3,58.0,0.0,58.0
DE_Berlin,2026-09-08T16:00Z,25.8,57,16.7,27.1,0.0,9,1003.2,6.8,14.1,228,28.4,235.0,511.2,73.0
DE_Hamburg,2026-09-08T16:00Z,20.8,69,14.8,20.5,0.1,23,1003.8,12.5,21.6,218,36.0,223.0,383.3,91.0
DE_Munich,2026-09-08T16:00Z,30.0,31,11.0,29.4,0.0,4,951.7,5.9,10.0,290,24.8,266.0,534.8,76.0
ES_Madrid,2026-09-08T16:00Z,33.5,13,1.1,29.0,0.0,91,941.1,17.2,25.6,240,44.6,438.0,382.7,226.0
FR_Paris,2026-09-08T16:00Z,21.6,64,14.5,19.4,0.6,84,1002.7,25.2,41.1,243,66.2,135.0,20.3,126.0
NL_Amsterdam,2026-09-08T16:00Z,15.7,95,14.9,16.7,1.5,100,1003.3,3.9,8.9,212,11.9,43.0,0.0,43.0
PL_Warsaw,2026-09-08T16:00Z,24.5,62,16.7,26.3,0.0,39,998.1,3.6,9.7,182,10.4,183.0,523.0,56.0
US_BPAT_Portland,2026-09-08T16:00Z,13.1,89,11.4,12.5,0.0,22,1018.7,6.4,9.6,4,17.3,163.0,173.3,109.0
US_CISO_LosAngeles,2026-09-08T16:00Z,27.8,69,21.6,32.2,0.0,98,1003.0,1.5,6.1,32,9.7,293.0,498.2,94.0
US_CISO_SanFrancisco,2026-09-08T16:00Z,17.4,71,12.1,17.9,0.0,0,1013.7,1.1,0.8,135,10.8,285.0,640.0,70.0
US_ERCO_Dallas,2026-09-08T16:00Z,34.2,45,20.5,37.7,0.0,5,1002.4,5.3,7.5,170,23.0,593.0,739.0,109.0
US_ERCO_Houston,2026-09-08T16:00Z,29.7,78,25.4,36.9,0.0,55,1016.0,0.0,0.3,315,11.5,588.0,602.4,175.0
US_ISNE_Boston,2026-09-08T16:00Z,24.7,48,12.9,25.1,0.0,100,1020.4,11.8,16.8,337,31.7,759.0,876.5,91.0
US_MISO_Chicago,2026-09-08T16:00Z,22.2,76,17.8,24.6,0.0,66,990.5,2.7,4.4,187,15.1,470.0,272.0,287.0
US_NYIS_NewYork,2026-09-08T16:00Z,25.2,45,12.3,25.6,0.0,13,1020.7,10.3,15.1,327,29.2,758.0,848.3,109.0
US_PJM_Philadelphia,2026-09-08T16:00Z,26.1,41,11.7,27.1,0.0,43,1022.2,5.6,8.2,308,19.1,765.0,864.8,102.0
US_SWPP_OklahomaCity,2026-09-08T16:00Z,34.0,42,19.3,35.7,0.0,0,976.0,13.3,19.8,190,34.9,588.0,776.9,96.0
VN_DaNang,2026-09-08T16:00Z,27.3,88,25.2,33.7,0.0,98,1007.8,3.2,9.4,209,9.0,0.0,0.0,0.0
VN_HaNoi,2026-09-08T16:00Z,28.4,85,25.5,34.3,0.0,64,1006.2,8.0,16.6,178,16.9,0.0,0.0,0.0
VN_HoChiMinh,2026-09-08T16:00Z,26.7,91,25.1,32.6,0.0,96,1009.2,5.4,13.7,219,10.8,0.0,0.0,0.0
AT_Vienna,2026-09-08T17:00Z,30.2,30,10.7,28.5,0.0,1,988.7,13.3,22.9,133,34.6,85.0,370.2,35.0
BE_Brussels,2026-09-08T17:00Z,20.3,67,13.9,18.5,0.5,100,1000.2,20.7,35.9,213,48.2,73.0,56.9,58.0
DE_Berlin,2026-09-08T17:00Z,24.4,68,18.0,26.7,0.0,13,1002.4,3.8,10.8,201,13.7,103.0,369.3,42.0
DE_Hamburg,2026-09-08T17:00Z,19.8,76,15.5,20.9,0.0,20,1003.1,4.8,8.5,294,25.2,127.0,372.1,53.0
DE_Munich,2026-09-08T17:00Z,28.1,46,15.6,29.7,0.0,1,951.1,1.8,5.2,316,13.3,131.0,451.8,45.0
ES_Madrid,2026-09-08T17:00Z,33.3,14,2.2,29.3,0.0,49,940.7,14.7,22.3,251,42.5,312.0,489.1,122.0
FR_Paris,2026-09-08T17:00Z,20.5,58,12.0,17.4,0.0,16,1003.9,25.2,40.5,278,60.5,211.0,415.6,90.0
NL_Amsterdam,2026-09-08T17:00Z,15.6,97,15.1,16.4,2.0,100,1001.8,5.9,8.0,160,10.4,28.0,0.0,28.0
PL_Warsaw,2026-09-08T17:00Z,22.5,67,16.0,23.7,0.0,96,997.5,5.9,13.1,167,10.8,50.0,263.9,24.0
US_BPAT_Portland,2026-09-08T17:00Z,15.0,81,11.7,14.6,0.0,16,1018.9,5.9,8.8,358,18.4,346.0,392.1,161.0
US_CISO_LosAngeles,2026-09-08T17:00Z,29.9,62,21.7,34.0,0.0,91,1003.2,3.8,5.3,145,13.0,472.0,554.5,150.0
US_CISO_SanFrancisco,2026-09-08T17:00Z,20.1,59,11.8,20.4,0.0,0,1013.9,1.3,1.3,146,13.0,486.0,772.8,87.0
US_ERCO_Dallas,2026-09-08T17:00Z,35.6,39,19.7,39.5,0.0,6,1002.1,6.2,8.5,173,25.2,731.0,778.5,121.0
US_ERCO_Houston,2026-09-08T17:00Z,31.0,70,24.9,38.8,0.0,47,1015.9,1.3,1.3,135,13.7,745.0,716.5,162.0
US_ISNE_Boston,2026-09-08T17:00Z,24.6,47,12.5,23.8,0.0,38,1020.3,10.8,15.6,324,30.2,509.0,325.0,250.0
US_MISO_Chicago,2026-09-08T17:00Z,24.0,72,18.7,28.0,0.0,54,990.0,2.0,3.1,190,13.7,714.0,717.9,168.0
US_NYIS_NewYork,2026-09-08T17:00Z,25.8,42,11.8,26.6,0.0,7,1020.3,8.7,12.5,320,29.2,813.0,877.2,102.0
US_PJM_Philadelphia,2026-09-08T17:00Z,27.0,38,11.4,28.0,0.0,24,1021.8,7.0,10.3,324,22.3,818.0,862.2,114.0
US_SWPP_OklahomaCity,2026-09-08T17:00Z,35.4,37,18.6,37.2,0.0,0,975.7,15.2,22.4,188,42.8,731.0,826.5,103.0
VN_DaNang,2026-09-08T17:00Z,27.1,90,25.4,33.9,0.0,78,1007.4,1.7,5.9,215,7.9,0.0,0.0,0.0
VN_HaNoi,2026-09-08T17:00Z,27.8,87,25.3,33.8,0.6,69,1006.1,5.8,14.0,179,15.1,0.0,0.0,0.0
VN_HoChiMinh,2026-09-08T17:00Z,26.6,90,24.9,32.5,0.0,99,1009.3,5.6,13.9,219,11.2,0.0,0.0,0.0
AT_Vienna,2026-09-08T18:00Z,29.3,33,11.2,27.6,0.0,2,988.3,13.7,26.0,141,29.9,3.0,19.1,2.0
BE_Brussels,2026-09-08T18:00Z,18.5,84,15.8,16.3,0.4,100,1000.6,28.8,48.9,235,68.0,29.0,64.5,22.0
DE_Berlin,2026-09-08T18:00Z,23.0,71,17.4,24.9,0.0,26,1001.7,4.8,11.2,186,11.5,11.0,67.9,7.0
DE_Hamburg,2026-09-08T18:00Z,17.6,85,15.0,17.5,0.0,30,1003.1,12.0,22.2,347,22.3,24.0,130.6,14.0
DE_Munich,2026-09-08T18:00Z,26.8,43,13.3,26.8,0.0,8,950.2,6.6,15.2,303,4.3,16.0,100.9,9.0
ES_Madrid,2026-09-08T18:00Z,31.7,15,1.8,27.8,0.0,27,940.7,13.6,21.3,287,36.4,146.0,463.6,53.0
FR_Paris,2026-09-08T18:00Z,18.3,66,11.8,16.2,0.0,18,1005.5,18.2,28.9,289,56.5,76.0,337.8,34.0
NL_Amsterdam,2026-09-08T18:00Z,15.2,99,15.1,16.3,5.7,100,1001.5,3.6,5.3,246,13.3,6.0,0.0,6.0
PL_Warsaw,2026-09-08T18:00Z,21.6,66,15.0,22.2,0.0,99,997.2,6.7,14.1,170,14.4,0.0,0.0,0.0
US_BPAT_Portland,2026-09-08T18:00Z,17.6,71,12.2,17.5,0.0,6,1018.9,6.6,9.2,343,20.9,572.0,779.1,101.0
US_CISO_LosAngeles,2026-09-08T18:00Z,28.5,67,21.8,32.0,0.0,100,1004.6,9.3,12.1,190,15.5,564.0,409.1,267.0
US_CISO_SanFrancisco,2026-09-08T18:00Z,22.8,47,11.0,23.4,0.0,0,1014.4,2.3,2.7,266,16.2,660.0,846.0,97.0
US_ERCO_Dallas,2026-09-08T18:00Z,37.3,36,19.6,41.5,0.0,16,1001.9,7.2,9.6,157,25.9,814.0,793.2,130.0
US_ERCO_Houston,2026-09-08T18:00Z,33.3,55,22.9,39.5,0.0,48,1015.3,3.3,4.4,128,17.3,762.0,626.2,205.0
US_ISNE_Boston,2026-09-08T18:00Z,25.1,47,12.8,25.5,0.0,37,1020.6,9.4,13.2,325,29.2,704.0,671.4,179.0
US_MISO_Chicago,2026-09-08T18:00Z,25.8,62,17.9,29.8,0.0,95,990.0,2.4,2.6,141,15.5,780.0,803.1,137.0
US_NYIS_NewYork,2026-09-08T18:00Z,26.7,41,12.2,27.7,0.0,45,1019.9,8.0,11.1,306,25.9,808.0,878.2,101.0
US_PJM_Philadelphia,2026-09-08T18:00Z,27.6,37,11.5,29.0,0.0,52,1021.2,5.2,7.3,330,22.3,817.0,868.9,109.0
US_SWPP_OklahomaCity,2026-09-08T18:00Z,37.3,31,17.6,39.4,0.0,2,975.4,13.9,20.1,186,42.8,822.0,851.6,108.0
VN_DaNang,2026-09-08T18:00Z,26.9,92,25.6,33.5,0.0,99,1006.9,3.7,6.3,215,6.8,0.0,0.0,0.0
VN_HaNoi,2026-09-08T18:00Z,27.3,87,24.8,33.4,8.3,59,1005.3,3.5,4.3,132,9.7,0.0,0.0,0.0
VN_HoChiMinh,2026-09-08T18:00Z,27.1,89,25.1,32.4,0.0,79,1008.4,9.5,19.2,230,16.2,0.0,0.0,0.0
AT_Vienna,2026-09-08T19:00Z,28.2,36,11.8,26.4,0.0,2,988.1,16.1,29.8,161,35.6,0.0,0.0,0.0
BE_Brussels,2026-09-08T19:00Z,17.0,86,14.6,14.6,0.2,67,1002.8,26.4,42.2,281,66.6,0.0,0.0,0.0
DE_Berlin,2026-09-08T19:00Z,22.2,73,17.1,23.6,0.0,32,1000.9,7.3,18.7,183,13.3,0.0,0.0,0.0
DE_Hamburg,2026-09-08T19:00Z,17.0,84,14.2,16.7,0.0,100,1002.2,10.9,21.8,357,25.2,0.0,0.0,0.0
DE_Munich,2026-09-08T19:00Z,25.9,44,12.7,25.7,0.0,0,949.6,6.8,14.0,311,12.6,0.0,0.0,0.0
ES_Madrid,2026-09-08T19:00Z,29.5,18,2.4,26.0,0.0,76,940.7,11.9,20.1,318,30.6,14.0,84.5,8.0
FR_Paris,2026-09-08T19:00Z,17.4,69,11.7,15.6,0.0,2,1006.1,16.0,27.2,290,39.6,2.0,0.0,2.0
NL_Amsterdam,2026-09-08T19:00Z,15.2,95,14.4,14.6,6.1,92,1002.0,14.0,28.0,317,26.6,0.0,0.0,0.0
PL_Warsaw,2026-09-08T19:00Z,21.1,66,14.4,21.2,0.0,90,996.8,8.7,19.2,155,16.2,0.0,0.0,0.0
US_BPAT_Portland,2026-09-08T19:00Z,20.0,59,11.7,20.2,0.0,1,1018.7,7.8,11.4,345,23.0,692.0,846.3,99.0
US_CISO_LosAngeles,2026-09-08T19:00Z,24.8,87,22.5,27.6,2.2,100,1004.5,16.6,28.1,322,34.2,74.0,0.0,74.0
US_CISO_SanFrancisco,2026-09-08T19:00Z,26.2,37,10.2,27.4,0.0,0,1014.0,3.2,4.0,278,18.0,787.0,883.2,104.0
US_ERCO_Dallas,2026-09-08T19:00Z,37.6,34,19.0,41.0,0.0,36,1000.9,10.8,14.5,145,31.7,849.0,803.8,137.0
US_ERCO_Houston,2026-09-08T19:00Z,32.1,58,22.7,37.4,0.1,71,1014.5,6.9,9.1,172,19.1,726.0,518.8,255.0
US_ISNE_Boston,2026-09-08T19:00Z,25.6,43,12.2,25.6,0.0,16,1020.5,9.6,13.6,324,25.2,664.0,734.1,137.0
US_MISO_Chicago,2026-09-08T19:00Z,26.2,61,18.0,29.2,0.0,94,989.2,5.6,7.2,129,18.0,700.0,564.2,254.0
US_NYIS_NewYork,2026-09-08T19:00Z,27.0,40,12.2,27.7,0.0,63,1019.8,7.8,11.1,313,23.8,736.0,834.6,111.0
US_PJM_Philadelphia,2026-09-08T19:00Z,28.0,36,11.7,28.8,0.0,67,1021.2,6.0,8.2,327,19.1,742.0,806.0,128.0
US_SWPP_OklahomaCity,2026-09-08T19:00Z,38.0,29,16.9,39.9,0.0,22,974.3,14.2,20.7,183,39.2,836.0,832.5,117.0
VN_DaNang,2026-09-08T19:00Z,26.5,96,25.8,33.1,0.0,99,1006.6,4.2,7.8,217,10.1,0.0,0.0,0.0
VN_HaNoi,2026-09-08T19:00Z,24.2,98,23.9,28.1,1.5,77,1005.6,13.9,23.8,38,37.4,0.0,0.0,0.0
VN_HoChiMinh,2026-09-08T19:00Z,26.5,90,24.8,31.9,0.0,96,1007.6,8.4,17.2,238,19.8,0.0,0.0,0.0
AT_Vienna,2026-09-08T20:00Z,26.9,40,12.3,25.4,0.0,2,987.8,15.1,28.6,178,35.6,0.0,0.0,0.0
BE_Brussels,2026-09-08T20:00Z,15.9,86,13.6,14.0,0.1,87,1004.9,20.4,33.4,281,61.6,0.0,0.0,0.0
DE_Berlin,2026-09-08T20:00Z,21.7,71,16.2,22.4,0.0,2,1000.1,9.6,22.5,179,17.6,0.0,0.0,0.0
DE_Hamburg,2026-09-08T20:00Z,16.1,85,13.5,15.8,1.2,100,1001.4,9.4,17.5,12,28.4,0.0,0.0,0.0
DE_Munich,2026-09-08T20:00Z,24.3,49,13.0,25.0,0.0,4,949.1,1.6,6.9,285,12.6,0.0,0.0,0.0
ES_Madrid,2026-09-08T20:00Z,28.3,20,3.4,25.0,0.0,92,941.1,11.6,20.4,319,27.4,0.0,0.0,0.0
FR_Paris,2026-09-08T20:00Z,16.4,74,11.8,14.6,0.0,5,1006.9,16.2,27.2,297,39.2,0.0,0.0,0.0
NL_Amsterdam,2026-09-08T20:00Z,14.9,94,13.9,14.2,0.8,98,1002.7,12.8,25.6,311,26.6,0.0,0.0,0.0
PL_Warsaw,2026-09-08T20:00Z,20.2,68,14.0,20.1,0.0,99,996.2,9.1,22.2,154,17.6,0.0,0.0,0.0
US_BPAT_Portland,2026-09-08T20:00Z,21.9,53,11.8,22.5,0.0,0,1018.3,8.0,11.7,351,23.8,755.0,867.7,101.0
US_CISO_LosAngeles,2026-09-08T20:00Z,27.0,84,24.1,32.6,1.0,80,1002.8,3.5,11.4,3,32.4,237.0,22.9,217.0
US_CISO_SanFrancisco,2026-09-08T20:00Z,28.0,33,10.4,28.8,0.0,4,1013.4,7.2,8.7,265,24.5,851.0,877.0,121.0
US_ERCO_Dallas,2026-09-08T20:00Z,37.3,33,18.5,40.3,0.4,21,1000.4,9.7,13.5,144,34.2,784.0,740.3,153.0
US_ERCO_Houston,2026-09-08T20:00Z,31.4,65,24.0,37.0,0.7,67,1014.2,8.7,12.1,143,27.7,689.0,506.0,250.0
US_ISNE_Boston,2026-09-08T20:00Z,25.9,42,12.0,24.9,0.0,100,1020.4,10.9,15.9,326,29.9,474.0,515.4,160.0
US_MISO_Chicago,2026-09-08T20:00Z,26.2,62,18.5,28.0,0.0,100,988.1,9.3,13.1,132,24.1,542.0,336.6,296.0
US_NYIS_NewYork,2026-09-08T20:00Z,27.1,39,12.0,26.9,0.0,87,1019.6,7.0,9.5,314,23.8,595.0,704.4,140.0
US_PJM_Philadelphia,2026-09-08T20:00Z,28.1,37,12.0,28.3,0.0,97,1020.7,6.0,8.4,325,19.8,625.0,768.6,117.0
US_SWPP_OklahomaCity,2026-09-08T20:00Z,38.3,28,16.4,39.5,0.0,16,973.9,14.8,21.4,181,40.0,772.0,768.8,131.0
VN_DaNang,2026-09-08T20:00Z,26.4,95,25.6,33.1,0.0,100,1006.3,2.7,6.1,223,9.7,0.0,0.0,0.0
VN_HaNoi,2026-09-08T20:00Z,24.2,99,24.0,29.1,2.0,100,1004.9,7.6,9.3,25,22.0,0.0,0.0,0.0
VN_HoChiMinh,2026-09-08T20:00Z,26.2,92,24.8,31.7,0.0,99,1007.3,7.5,16.5,229,17.3,0.0,0.0,0.0
AT_Vienna,2026-09-08T21:00Z,25.5,44,12.4,24.5,0.0,1,987.4,11.9,23.8,181,33.1,0.0,0.0,0.0
BE_Brussels,2026-09-08T21:00Z,14.9,89,13.2,13.1,0.4,14,1006.4,19.5,32.7,275,45.4,0.0,0.0,0.0
DE_Berlin,2026-09-08T21:00Z,21.1,71,15.6,21.4,0.0,1,999.6,10.3,24.7,180,19.4,0.0,0.0,0.0
DE_Hamburg,2026-09-08T21:00Z,15.3,92,14.0,15.4,2.2,100,1000.5,8.2,16.0,52,23.4,0.0,0.0,0.0
DE_Munich,2026-09-08T21:00Z,21.6,61,13.8,21.4,0.5,70,949.3,9.2,15.6,216,20.5,0.0,0.0,0.0
ES_Madrid,2026-09-08T21:00Z,27.1,24,5.0,24.2,0.0,99,941.2,11.2,19.3,310,28.1,0.0,0.0,0.0
FR_Paris,2026-09-08T21:00Z,15.6,78,11.7,14.2,0.0,2,1007.9,13.0,22.8,290,36.4,0.0,0.0,0.0
NL_Amsterdam,2026-09-08T21:00Z,14.6,90,13.0,13.1,0.2,4,1004.0,16.3,30.7,301,33.1,0.0,0.0,0.0
PL_Warsaw,2026-09-08T21:00Z,19.3,72,14.2,19.2,0.0,100,996.0,9.8,23.4,163,19.1,0.0,0.0,0.0
US_BPAT_Portland,2026-09-08T21:00Z,23.5,49,12.2,24.3,0.0,0,1017.9,7.8,11.3,352,23.4,763.0,873.8,99.0
US_CISO_LosAngeles,2026-09-08T21:00Z,30.4,67,23.5,35.5,0.0,48,1002.9,13.4,19.5,238,32.8,779.0,632.5,233.0
US_CISO_SanFrancisco,2026-09-08T21:00Z,26.6,39,11.7,26.7,0.0,75,1013.3,13.4,15.4,263,34.6,845.0,843.0,138.0
US_ERCO_Dallas,2026-09-08T21:00Z,37.9,33,19.0,40.2,0.0,48,1000.1,11.1,15.1,140,30.6,660.0,651.5,162.0
US_ERCO_Houston,2026-09-08T21:00Z,31.5,66,24.4,37.3,0.1,37,1014.0,5.1,7.3,128,23.8,596.0,512.0,201.0
US_ISNE_Boston,2026-09-08T21:00Z,24.2,57,15.1,25.1,0.0,94,1020.4,5.7,8.4,43,25.9,135.0,0.0,135.0
US_MISO_Chicago,2026-09-08T21:00Z,26.0,67,19.3,27.9,0.0,71,987.2,10.9,17.1,135,25.2,315.0,89.5,259.0
US_NYIS_NewYork,2026-09-08T21:00Z,26.9,39,11.9,26.5,0.0,80,1019.6,6.9,9.4,312,20.9,411.0,522.7,148.0
US_PJM_Philadelphia,2026-09-08T21:00Z,27.9,39,12.6,27.9,0.0,100,1020.7,5.8,7.9,348,18.4,456.0,658.6,114.0
US_SWPP_OklahomaCity,2026-09-08T21:00Z,38.4,27,16.3,39.1,0.0,5,973.6,14.1,20.5,178,39.6,677.0,747.3,116.0
VN_DaNang,2026-09-08T21:00Z,26.4,95,25.5,33.2,0.0,98,1006.4,1.8,4.8,225,6.5,0.0,0.0,0.0
VN_HaNoi,2026-09-08T21:00Z,24.8,97,24.4,30.3,0.4,53,1004.9,5.5,8.0,50,13.7,0.0,0.0,0.0
VN_HoChiMinh,2026-09-08T21:00Z,26.1,92,24.8,31.2,0.0,97,1007.3,10.1,20.7,240,20.5,0.0,0.0,0.0
AT_Vienna,2026-09-08T22:00Z,24.4,47,12.3,23.7,0.0,0,987.1,9.7,21.0,175,24.8,0.0,0.0,0.0
BE_Brussels,2026-09-08T22:00Z,14.4,87,12.3,12.8,0.0,11,1006.9,15.7,27.4,270,42.1,0.0,0.0,0.0
DE_Berlin,2026-09-08T22:00Z,20.7,71,15.3,20.8,0.0,2,999.0,11.4,26.1,179,21.6,0.0,0.0,0.0
DE_Hamburg,2026-09-08T22:00Z,15.1,94,14.2,14.9,0.7,52,999.6,10.7,19.1,94,31.7,0.0,0.0,0.0
DE_Munich,2026-09-08T22:00Z,19.2,86,16.9,20.1,1.6,34,949.2,10.5,15.8,188,27.0,0.0,0.0,0.0
ES_Madrid,2026-09-08T22:00Z,26.3,27,5.6,23.8,0.0,100,940.9,9.2,16.0,296,25.2,0.0,0.0,0.0
FR_Paris,2026-09-08T22:00Z,15.1,79,11.4,13.8,0.0,2,1008.3,11.8,21.8,285,28.8,0.0,0.0,0.0
NL_Amsterdam,2026-09-08T22:00Z,14.2,84,11.6,12.9,0.0,23,1004.8,12.5,27.9,286,31.3,0.0,0.0,0.0
PL_Warsaw,2026-09-08T22:00Z,19.1,74,14.4,18.9,0.0,100,995.8,10.8,25.1,175,20.9,0.0,0.0,0.0
US_BPAT_Portland,2026-09-08T22:00Z,24.6,47,12.4,25.0,0.0,0,1017.5,8.8,12.8,346,24.1,716.0,862.4,96.0
US_CISO_LosAngeles,2026-09-08T22:00Z,31.7,53,21.1,35.5,0.0,58,1002.9,12.1,18.2,268,33.8,751.0,764.8,140.0
US_CISO_SanFrancisco,2026-09-08T22:00Z,24.4,45,11.7,23.5,0.0,78,1013.1,16.8,21.5,264,39.6,764.0,740.2,178.0
US_ERCO_Dallas,2026-09-08T22:00Z,35.7,37,18.9,36.9,0.1,28,1000.1,14.3,20.7,140,40.3,503.0,573.5,143.0
US_ERCO_Houston,2026-09-08T22:00Z,31.7,64,24.2,36.9,0.0,28,1013.6,6.4,9.4,128,18.7,500.0,544.9,159.0
US_ISNE_Boston,2026-09-08T22:00Z,22.0,68,15.8,22.3,0.0,63,1020.6,11.8,19.2,110,26.6,130.0,185.9,76.0
US_MISO_Chicago,2026-09-08T22:00Z,26.5,66,19.8,28.8,0.0,41,986.8,9.8,17.4,153,25.9,346.0,398.3,154.0
US_NYIS_NewYork,2026-09-08T22:00Z,26.6,41,12.2,26.3,0.0,86,1019.5,6.5,9.6,337,18.4,252.0,487.5,91.0
US_PJM_Philadelphia,2026-09-08T22:00Z,27.3,43,13.5,27.7,0.0,92,1020.6,4.2,6.7,31,16.2,247.0,407.2,106.0
US_SWPP_OklahomaCity,2026-09-08T22:00Z,38.3,27,16.3,38.2,0.0,7,973.3,15.0,21.9,171,38.9,555.0,727.1,104.0
VN_DaNang,2026-09-08T22:00Z,26.4,95,25.4,33.0,0.0,99,1006.5,2.6,4.8,241,6.5,0.0,0.0,0.0
VN_HaNoi,2026-09-08T22:00Z,24.9,98,24.6,30.8,0.0,12,1005.3,4.0,11.8,7,10.8,0.0,0.0,0.0
VN_HoChiMinh,2026-09-08T22:00Z,26.1,91,24.6,31.4,0.0,96,1007.1,8.0,17.4,244,21.6,0.0,0.0,0.0
AT_Vienna,2026-09-08T23:00Z,23.5,48,11.9,22.8,0.0,0,986.9,8.5,20.1,170,20.5,0.0,0.0,0.0
BE_Brussels,2026-09-08T23:00Z,13.8,87,11.8,12.1,0.0,12,1007.8,15.6,27.4,256,34.6,0.0,0.0,0.0
DE_Berlin,2026-09-08T23:00Z,20.4,72,15.2,20.2,0.0,16,998.7,13.5,29.2,188,25.9,0.0,0.0,0.0
DE_Hamburg,2026-09-08T23:00Z,14.9,94,14.0,14.6,2.6,98,1000.0,10.8,14.7,329,23.8,0.0,0.0,0.0
DE_Munich,2026-09-08T23:00Z,19.3,83,16.3,20.3,0.0,48,949.6,8.0,19.2,199,26.3,0.0,0.0,0.0
ES_Madrid,2026-09-08T23:00Z,25.4,30,6.4,23.5,0.0,98,940.7,7.1,12.8,272,20.2,0.0,0.0,0.0
FR_Paris,2026-09-08T23:00Z,14.8,80,11.3,13.7,0.0,3,1008.8,10.1,19.6,276,25.9,0.0,0.0,0.0
NL_Amsterdam,2026-09-08T23:00Z,14.6,79,10.9,12.8,0.1,45,1005.5,13.9,28.5,277,26.3,0.0,0.0,0.0
PL_Warsaw,2026-09-08T23:00Z,18.8,76,14.4,18.8,0.0,98,995.7,10.0,23.7,193,21.2,0.0,0.0,0.0
US_BPAT_Portland,2026-09-08T23:00Z,25.2,46,12.6,24.9,0.0,0,1017.0,10.2,14.8,344,25.9,616.0,828.7,91.0
US_CISO_LosAngeles,2026-09-08T23:00Z,32.1,55,22.0,36.1,0.0,4,1002.5,9.7,14.0,269,29.5,651.0,770.7,124.0
US_CISO_SanFrancisco,2026-09-08T23:00Z,22.0,56,12.7,20.6,0.0,51,1013.0,17.4,26.1,257,38.9,612.0,578.7,210.0
US_ERCO_Dallas,2026-09-08T23:00Z,35.9,36,18.6,37.3,0.1,16,999.7,11.6,16.7,140,36.4,350.0,535.7,108.0
US_ERCO_Houston,2026-09-08T23:00Z,31.8,59,22.8,36.0,0.2,43,1013.7,7.8,12.0,126,19.1,315.0,469.7,108.0
US_ISNE_Boston,2026-09-08T23:00Z,20.7,72,15.5,21.5,0.0,49,1021.1,7.8,17.9,127,27.0,47.0,194.5,24.0
US_MISO_Chicago,2026-09-08T23:00Z,26.9,57,17.8,28.0,0.0,6,986.6,11.2,20.5,178,23.4,241.0,558.2,68.0
US_NYIS_NewYork,2026-09-08T23:00Z,24.9,56,15.7,26.3,0.0,64,1019.7,3.3,7.3,20,14.0,83.0,273.4,45.0
US_PJM_Philadelphia,2026-09-08T23:00Z,25.5,56,16.0,26.9,0.0,50,1020.7,4.2,9.6,76,9.7,89.0,214.6,56.0
US_SWPP_OklahomaCity,2026-09-08T23:00Z,37.6,28,16.0,37.4,0.0,7,973.1,15.2,22.6,168,39.2,382.0,667.0,81.0
VN_DaNang,2026-09-08T23:00Z,26.5,94,25.5,33.2,0.0,99,1007.1,2.4,3.1,225,6.5,7.0,14.2,6.0
VN_HaNoi,2026-09-08T23:00Z,25.1,97,24.7,30.8,0.0,37,1006.2,5.9,13.5,3,10.8,2.0,0.0,2.0
VN_HoChiMinh,2026-09-08T23:00Z,26.0,92,24.6,31.4,0.0,80,1007.8,7.1,15.5,237,16.6,2.0,0.0,2.0
AT_Vienna,2026-09-09T00:00Z,22.3,49,11.2,22.0,0.0,1,986.3,4.5,15.0,161,18.4,0.0,0.0,0.0
BE_Brussels,2026-09-09T00:00Z,13.1,85,10.6,11.2,0.0,6,1007.8,14.0,25.7,250,33.8,0.0,0.0,0.0
DE_Berlin,2026-09-09T00:00Z,21.2,66,14.7,20.3,0.0,27,998.4,16.4,34.1,204,27.4,0.0,0.0,0.0
DE_Hamburg,2026-09-09T00:00Z,15.1,97,14.6,14.6,0.7,100,999.7,13.2,22.7,302,25.2,0.0,0.0,0.0
DE_Munich,2026-09-09T00:00Z,18.8,74,14.0,18.0,0.2,99,951.1,14.0,29.5,284,54.7,0.0,0.0,0.0
ES_Madrid,2026-09-09T00:00Z,24.6,44,11.7,25.0,0.0,98,940.9,0.4,4.8,292,15.8,0.0,0.0,0.0
FR_Paris,2026-09-09T00:00Z,14.6,79,11.1,13.4,0.0,4,1008.8,10.4,19.3,269,21.6,0.0,0.0,0.0
NL_Amsterdam,2026-09-09T00:00Z,14.6,86,12.3,13.0,0.2,38,1005.4,15.7,31.1,276,28.8,0.0,0.0,0.0
PL_Warsaw,2026-09-09T00:00Z,18.5,72,13.4,18.1,0.0,95,995.1,10.3,23.6,199,19.8,0.0,0.0,0.0
US_BPAT_Portland,2026-09-09T00:00Z,25.8,43,12.2,24.9,0.0,0,1016.8,10.2,15.0,341,27.0,474.0,769.3,82.0
US_CISO_LosAngeles,2026-09-09T00:00Z,30.7,63,22.8,33.7,0.0,87,1001.7,15.9,33.2,304,24.5,460.0,703.9,90.0
US_CISO_SanFrancisco,2026-09-09T00:00Z,22.4,53,12.3,20.8,0.0,51,1012.4,16.2,23.4,267,42.1,487.0,636.9,134.0
US_ERCO_Dallas,2026-09-09T00:00Z,35.8,36,18.6,37.6,0.0,34,999.8,9.4,14.6,146,29.9,174.0,442.8,64.0
US_ERCO_Houston,2026-09-09T00:00Z,30.5,73,25.0,36.2,0.1,53,1014.1,6.5,13.4,140,18.4,128.0,288.5,62.0
US_ISNE_Boston,2026-09-09T00:00Z,19.5,75,15.1,20.5,0.0,84,1022.0,5.1,13.5,157,15.8,0.0,0.0,0.0
US_MISO_Chicago,2026-09-09T00:00Z,25.8,62,17.9,26.7,0.0,23,986.2,13.0,25.0,178,23.4,74.0,335.3,31.0
US_NYIS_NewYork,2026-09-09T00:00Z,23.3,67,16.7,25.3,0.0,70,1020.3,2.2,4.2,83,9.4,2.0,0.0,2.0
US_PJM_Philadelphia,2026-09-09T00:00Z,23.9,63,16.5,25.5,0.0,55,1021.3,4.5,8.1,51,12.2,3.0,19.1,2.0
US_SWPP_OklahomaCity,2026-09-09T00:00Z,37.5,28,15.8,37.2,0.0,46,973.3,15.3,23.2,161,37.8,187.0,505.5,58.0
VN_DaNang,2026-09-09T00:00Z,27.9,84,25.0,34.1,0.0,94,1007.6,3.3,4.3,272,9.0,117.0,224.3,69.0
VN_HaNoi,2026-09-09T00:00Z,26.0,90,24.3,30.4,0.0,51,1006.6,12.4,18.6,320,14.8,78.0,146.4,52.0
VN_HoChiMinh,2026-09-09T00:00Z,27.1,91,25.5,33.3,0.0,88,1007.8,5.6,14.1,242,15.1,106.0,287.8,53.0
AT_Vienna,2026-09-09T01:00Z,21.5,51,11.0,21.2,0.0,2,985.8,3.4,11.3,149,9.0,0.0,0.0,0.0
BE_Brussels,2026-09-09T01:00Z,12.9,84,10.3,11.0,0.0,28,1007.9,13.4,25.1,245,29.9,0.0,0.0,0.0
DE_Berlin,2026-09-09T01:00Z,21.1,66,14.6,20.6,0.0,34,998.9,13.5,28.7,244,31.7,0.0,0.0,0.0
DE_Hamburg,2026-09-09T01:00Z,15.0,93,13.9,14.4,0.3,100,1000.9,12.4,22.3,306,31.3,0.0,0.0,0.0
DE_Munich,2026-09-09T01:00Z,18.9,69,13.2,18.2,0.0,98,950.9,11.4,23.8,270,27.0,0.0,0.0,0.0
ES_Madrid,2026-09-09T01:00Z,23.7,38,8.6,22.9,0.0,100,940.8,2.9,4.4,7,8.3,0.0,0.0,0.0
FR_Paris,2026-09-09T01:00Z,14.0,81,10.8,12.7,0.0,7,1009.1,10.2,20.3,264,22.3,0.0,0.0,0.0
NL_Amsterdam,2026-09-09T01:00Z,14.7,82,11.6,12.8,0.1,10,1005.8,16.4,31.5,275,35.6,0.0,0.0,0.0
PL_Warsaw,2026-09-09T01:00Z,18.4,71,13.1,17.9,0.0,66,994.7,10.3,24.8,197,21.2,0.0,0.0,0.0
US_BPAT_Portland,2026-09-09T01:00Z,24.9,46,12.6,24.1,0.0,0,1016.7,11.0,19.5,336,24.5,303.0,664.2,67.0
US_CISO_LosAngeles,2026-09-09T01:00Z,32.0,46,18.9,33.3,0.0,70,1001.0,13.7,27.3,313,31.7,189.0,214.8,117.0
US_CISO_SanFrancisco,2026-09-09T01:00Z,20.0,62,12.5,18.5,0.0,33,1012.6,16.0,26.3,269,36.4,297.0,489.5,111.0
US_ERCO_Dallas,2026-09-09T01:00Z,35.2,38,18.9,37.0,0.0,2,1000.1,10.3,17.3,144,28.4,22.0,97.4,13.0
US_ERCO_Houston,2026-09-09T01:00Z,29.8,74,24.7,34.7,0.0,40,1014.5,10.7,19.6,146,23.0,14.0,49.2,10.0
US_ISNE_Boston,2026-09-09T01:00Z,19.0,77,15.0,20.0,0.0,88,1022.4,4.8,12.6,163,10.4,0.0,0.0,0.0
US_MISO_Chicago,2026-09-09T01:00Z,25.5,60,17.2,26.1,0.0,17,985.9,13.0,25.7,187,27.7,1.0,0.0,1.0
US_NYIS_NewYork,2026-09-09T01:00Z,22.8,64,15.8,23.9,0.0,39,1020.7,5.8,13.4,162,11.9,0.0,0.0,0.0
US_PJM_Philadelphia,2026-09-09T01:00Z,23.2,67,16.8,25.0,0.0,37,1021.7,3.6,8.5,103,8.6,0.0,0.0,0.0
US_SWPP_OklahomaCity,2026-09-09T01:00Z,35.8,32,16.3,35.9,0.0,17,973.4,14.1,23.4,159,37.8,28.0,134.1,15.0
VN_DaNang,2026-09-09T01:00Z,29.4,78,25.2,36.0,0.0,98,1008.3,1.8,2.7,312,11.2,345.0,540.5,102.0
VN_HaNoi,2026-09-09T01:00Z,26.9,87,24.5,33.0,0.3,30,1007.2,1.5,3.6,340,24.5,212.0,256.4,107.0
VN_HoChiMinh,2026-09-09T01:00Z,28.7,79,24.6,33.6,0.0,98,1009.1,10.2,15.9,252,23.8,300.0,367.5,143.0
AT_Vienna,2026-09-09T02:00Z,20.9,52,10.7,20.5,0.0,2,985.4,4.0,13.1,138,8.3,0.0,0.0,0.0
BE_Brussels,2026-09-09T02:00Z,12.9,83,10.1,11.0,0.0,34,1008.2,12.9,24.6,243,28.4,0.0,0.0,0.0
DE_Berlin,2026-09-09T02:00Z,19.8,72,14.7,20.0,0.0,73,999.2,9.3,22.3,257,25.9,0.0,0.0,0.0
DE_Hamburg,2026-09-09T02:00Z,14.9,95,14.1,14.2,0.0,57,1002.0,13.6,24.1,284,27.7,0.0,0.0,0.0
DE_Munich,2026-09-09T02:00Z,19.0,67,12.7,18.4,0.0,98,951.5,9.7,19.9,250,25.2,0.0,0.0,0.0
ES_Madrid,2026-09-09T02:00Z,21.7,52,11.3,21.3,0.7,99,940.0,5.4,7.4,96,11.2,0.0,0.0,0.0
FR_Paris,2026-09-09T02:00Z,13.6,82,10.6,12.3,0.0,4,1009.0,10.2,20.9,268,22.0,0.0,0.0,0.0
NL_Amsterdam,2026-09-09T02:00Z,14.4,81,11.1,12.5,0.0,42,1006.1,15.1,30.1,270,32.8,0.0,0.0,0.0
PL_Warsaw,2026-09-09T02:00Z,18.1,71,12.8,17.5,0.0,2,994.3,10.4,24.0,195,20.2,0.0,0.0,0.0
US_BPAT_Portland,2026-09-09T02:00Z,23.0,53,12.9,21.9,0.0,0,1016.8,13.4,26.9,342,27.7,129.0,468.5,44.0
US_CISO_LosAngeles,2026-09-09T02:00Z,31.1,46,18.1,32.6,0.0,61,1000.9,9.2,18.7,306,28.8,57.0,166.6,34.0
US_CISO_SanFrancisco,2026-09-09T02:00Z,19.1,68,13.2,17.8,0.0,83,1012.9,15.5,28.2,265,32.8,117.0,343.1,54.0
US_ERCO_Dallas,2026-09-09T02:00Z,34.1,43,19.6,35.8,0.0,1,1000.6,13.1,21.5,133,29.5,0.0,0.0,0.0
US_ERCO_Houston,2026-09-09T02:00Z,28.4,78,24.1,33.3,0.0,73,1014.7,7.8,16.5,147,23.8,0.0,0.0,0.0
US_ISNE_Boston,2026-09-09T02:00Z,18.3,81,14.9,19.3,0.0,90,1022.8,4.2,11.9,179,10.1,0.0,0.0,0.0
US_MISO_Chicago,2026-09-09T02:00Z,25.0,61,17.0,25.5,0.0,5,986.7,12.9,26.1,200,25.9,0.0,0.0,0.0
US_NYIS_NewYork,2026-09-09T02:00Z,22.0,72,16.7,23.5,0.0,78,1020.7,5.5,16.0,172,13.3,0.0,0.0,0.0
US_PJM_Philadelphia,2026-09-09T02:00Z,22.4,70,16.7,24.1,0.0,9,1022.0,4.8,10.2,156,9.4,0.0,0.0,0.0
US_SWPP_OklahomaCity,2026-09-09T02:00Z,35.0,33,16.5,35.4,0.0,5,974.0,12.4,22.0,170,33.1,0.0,0.0,0.0
VN_DaNang,2026-09-09T02:00Z,30.4,73,25.1,36.5,0.0,100,1008.7,4.4,5.9,346,19.4,559.0,636.8,141.0
VN_HaNoi,2026-09-09T02:00Z,28.5,77,24.0,32.7,0.1,46,1007.9,12.8,17.7,357,29.9,466.0,475.8,173.0
VN_HoChiMinh,2026-09-09T02:00Z,29.4,74,24.3,33.8,0.0,100,1009.3,12.6,18.5,257,31.3,464.0,372.1,225.0
AT_Vienna,2026-09-09T03:00Z,20.4,53,10.6,20.2,0.0,37,986.2,2.9,5.1,228,8.3,0.0,0.0,0.0
BE_Brussels,2026-09-09T03:00Z,12.7,83,9.9,10.8,0.0,23,1008.5,12.8,24.2,241,27.7,0.0,0.0,0.0
DE_Berlin,2026-09-09T03:00Z,18.7,78,14.8,19.0,0.0,93,999.5,8.5,19.0,241,17.6,0.0,0.0,0.0
DE_Hamburg,2026-09-09T03:00Z,14.8,95,13.9,14.1,0.0,27,1002.9,13.0,23.3,265,26.6,0.0,0.0,0.0
DE_Munich,2026-09-09T03:00Z,18.6,69,12.8,18.2,0.0,100,951.6,8.5,19.2,242,19.4,0.0,0.0,0.0
ES_Madrid,2026-09-09T03:00Z,21.2,53,11.3,20.6,0.0,81,939.8,6.4,11.6,74,16.2,0.0,0.0,0.0
FR_Paris,2026-09-09T03:00Z,13.3,84,10.6,12.1,0.0,5,1009.1,9.3,19.8,267,21.2,0.0,0.0,0.0
NL_Amsterdam,2026-09-09T03:00Z,14.0,74,9.5,11.9,0.2,51,1006.3,13.3,28.0,262,30.6,0.0,0.0,0.0
PL_Warsaw,2026-09-09T03:00Z,17.7,73,12.8,17.0,0.0,0,994.0,10.7,23.9,190,20.5,0.0,0.0,0.0
US_BPAT_Portland,2026-09-09T03:00Z,21.3,58,12.6,20.1,0.0,0,1016.8,13.7,29.4,349,28.4,11.0,78.6,6.0
US_CISO_LosAngeles,2026-09-09T03:00Z,29.1,57,19.8,32.4,0.0,18,1001.1,2.7,8.7,292,18.0,0.0,0.0,0.0
US_CISO_SanFrancisco,2026-09-09T03:00Z,18.4,73,13.6,17.4,0.0,99,1013.2,14.5,29.2,264,29.5,7.0,32.7,5.0
US_ERCO_Dallas,2026-09-09T03:00Z,33.3,45,19.8,35.2,0.0,1,1001.6,12.1,21.4,148,29.5,0.0,0.0,0.0
US_ERCO_Houston,2026-09-09T03:00Z,28.0,81,24.4,33.5,0.0,80,1015.2,5.9,15.6,151,15.5,0.0,0.0,0.0
US_ISNE_Boston,2026-09-09T03:00Z,17.6,84,14.8,18.8,0.0,92,1022.8,3.1,8.6,192,8.3,0.0,0.0,0.0
US_MISO_Chicago,2026-09-09T03:00Z,24.7,63,17.1,25.3,0.0,49,986.8,12.8,26.2,208,27.0,0.0,0.0,0.0
US_NYIS_NewYork,2026-09-09T03:00Z,21.5,76,17.2,23.3,0.0,73,1020.6,4.7,13.7,175,11.2,0.0,0.0,0.0
US_PJM_Philadelphia,2026-09-09T03:00Z,21.8,73,16.8,23.3,0.0,93,1021.8,5.6,13.7,182,11.2,0.0,0.0,0.0
US_SWPP_OklahomaCity,2026-09-09T03:00Z,34.3,35,16.8,34.9,0.0,5,974.9,12.0,21.9,168,28.4,0.0,0.0,0.0
VN_DaNang,2026-09-09T03:00Z,30.7,70,24.7,36.5,0.0,100,1008.3,5.4,6.8,357,22.3,568.0,429.2,216.0
VN_HaNoi,2026-09-09T03:00Z,29.6,75,24.6,35.3,0.0,34,1007.7,8.5,11.3,1,29.9,631.0,524.0,221.0
VN_HoChiMinh,2026-09-09T03:00Z,30.4,73,24.9,36.0,0.1,100,1008.9,12.4,18.1,259,36.0,676.0,517.9,254.0
AT_Vienna,2026-09-09T04:00Z,21.2,51,10.8,20.6,0.0,2,986.4,6.1,21.0,284,14.0,0.0,0.0,0.0
BE_Brussels,2026-09-09T04:00Z,12.4,84,9.7,10.4,0.0,10,1008.8,13.4,25.4,241,28.4,0.0,0.0,0.0
DE_Berlin,2026-09-09T04:00Z,18.8,77,14.7,18.3,0.0,91,1000.5,14.0,27.8,258,26.3,0.0,0.0,0.0
DE_Hamburg,2026-09-09T04:00Z,14.0,94,13.1,12.6,0.2,41,1003.7,16.2,28.7,251,32.4,0.0,0.0,0.0
DE_Munich,2026-09-09T04:00Z,18.7,69,13.0,18.5,0.0,100,951.4,7.4,17.1,243,17.6,0.0,0.0,0.0
ES_Madrid,2026-09-09T04:00Z,20.5,58,12.0,20.2,0.0,68,939.7,6.1,10.6,40,15.8,0.0,0.0,0.0
FR_Paris,2026-09-09T04:00Z,13.0,85,10.6,11.8,0.0,14,1009.5,9.2,19.6,271,19.4,0.0,0.0,0.0
NL_Amsterdam,2026-09-09T04:00Z,13.6,83,10.8,12.0,0.2,55,1006.5,12.3,27.1,264,27.0,0.0,0.0,0.0
PL_Warsaw,2026-09-09T04:00Z,17.6,73,12.6,16.7,0.0,0,993.8,11.6,26.2,188,23.0,0.0,0.0,0.0
US_BPAT_Portland,2026-09-09T04:00Z,20.3,61,12.5,18.9,0.0,0,1017.3,14.7,30.7,346,29.9,0.0,0.0,0.0
US_CISO_LosAngeles,2026-09-09T04:00Z,27.6,64,20.1,31.0,0.0,13,1001.9,2.7,7.6,315,6.1,0.0,0.0,0.0
US_CISO_SanFrancisco,2026-09-09T04:00Z,18.9,70,13.4,18.3,0.0,100,1013.6,11.3,24.1,268,27.0,0.0,0.0,0.0
US_ERCO_Dallas,2026-09-09T04:00Z,32.7,47,19.9,34.4,0.0,0,1002.0,13.8,24.3,155,29.9,0.0,0.0,0.0
US_ERCO_Houston,2026-09-09T04:00Z,27.8,84,24.8,33.5,0.0,10,1015.7,6.5,16.2,151,13.0,0.0,0.0,0.0
US_ISNE_Boston,2026-09-09T04:00Z,17.0,87,14.8,18.2,0.0,98,1022.8,2.8,6.5,219,5.4,0.0,0.0,0.0
US_MISO_Chicago,2026-09-09T04:00Z,24.0,69,17.9,25.8,0.1,98,987.4,6.8,19.6,231,25.2,0.0,0.0,0.0
US_NYIS_NewYork,2026-09-09T04:00Z,21.3,80,17.7,23.3,0.0,85,1020.4,4.8,13.9,191,9.7,0.0,0.0,0.0
US_PJM_Philadelphia,2026-09-09T04:00Z,21.2,81,17.7,23.2,0.0,85,1021.7,5.0,14.6,206,11.9,0.0,0.0,0.0
US_SWPP_OklahomaCity,2026-09-09T04:00Z,33.5,38,17.4,34.2,0.0,2,975.3,12.8,23.6,172,30.2,0.0,0.0,0.0
VN_DaNang,2026-09-09T04:00Z,30.6,70,24.4,36.2,0.0,100,1007.8,4.9,6.4,349,23.0,443.0,140.9,312.0
VN_HaNoi,2026-09-09T04:00Z,30.8,70,24.7,38.0,0.0,72,1007.3,6.0,7.8,356,23.4,789.0,671.5,186.0
VN_HoChiMinh,2026-09-09T04:00Z,30.9,68,24.3,36.3,0.2,100,1008.2,12.9,17.8,278,38.5,741.0,418.0,351.0
AT_Vienna,2026-09-09T05:00Z,21.3,55,11.9,21.2,0.0,18,986.7,4.5,16.6,279,14.4,11.0,63.0,7.0
BE_Brussels,2026-09-09T05:00Z,12.0,85,9.6,9.9,0.0,5,1008.7,13.4,25.8,238,28.4,0.0,0.0,0.0
DE_Berlin,2026-09-09T05:00Z,18.3,79,14.6,16.9,0.0,89,1001.4,19.3,33.7,268,40.7,4.0,0.0,4.0
DE_Hamburg,2026-09-09T05:00Z,13.7,96,13.0,12.3,0.1,20,1004.0,15.9,27.8,256,34.2,1.0,0.0,1.0
DE_Munich,2026-09-09T05:00Z,18.5,73,13.5,18.9,0.0,99,951.2,5.2,13.4,234,14.4,1.0,0.0,1.0
ES_Madrid,2026-09-09T05:00Z,20.1,63,12.8,20.0,0.0,37,939.7,6.5,10.9,51,15.5,0.0,0.0,0.0
FR_Paris,2026-09-09T05:00Z,12.8,86,10.5,11.6,0.0,11,1009.6,9.0,19.4,268,19.1,0.0,0.0,0.0
NL_Amsterdam,2026-09-09T05:00Z,13.0,86,10.6,10.9,0.8,34,1006.5,15.3,29.7,260,29.9,0.0,0.0,0.0
PL_Warsaw,2026-09-09T05:00Z,18.3,70,12.7,17.2,0.0,0,993.5,13.0,27.8,183,25.6,36.0,217.0,17.0
US_BPAT_Portland,2026-09-09T05:00Z,19.4,64,12.5,18.4,0.0,0,1017.6,11.9,26.7,348,29.9,0.0,0.0,0.0
US_CISO_LosAngeles,2026-09-09T05:00Z,26.6,70,20.7,30.0,0.0,0,1002.4,5.2,8.6,67,10.4,0.0,0.0,0.0
US_CISO_SanFrancisco,2026-09-09T05:00Z,19.4,66,12.9,19.2,0.0,98,1014.3,7.1,16.1,266,21.2,0.0,0.0,0.0
US_ERCO_Dallas,2026-09-09T05:00Z,31.9,52,20.9,34.0,0.0,1,1002.0,14.7,25.6,160,32.0,0.0,0.0,0.0
US_ERCO_Houston,2026-09-09T05:00Z,27.6,86,25.1,33.5,0.0,2,1015.7,6.0,15.1,149,12.6,0.0,0.0,0.0
US_ISNE_Boston,2026-09-09T05:00Z,16.4,91,14.8,17.5,0.0,100,1022.7,3.4,6.3,257,6.8,0.0,0.0,0.0
US_MISO_Chicago,2026-09-09T05:00Z,22.6,86,20.0,25.9,0.7,99,987.1,3.2,3.1,170,13.3,0.0,0.0,0.0
US_NYIS_NewYork,2026-09-09T05:00Z,20.8,82,17.6,22.9,0.0,67,1020.1,4.3,12.7,207,9.7,0.0,0.0,0.0
US_PJM_Philadelphia,2026-09-09T05:00Z,20.7,86,18.3,23.1,0.0,32,1021.6,4.7,13.9,205,10.4,0.0,0.0,0.0
US_SWPP_OklahomaCity,2026-09-09T05:00Z,32.6,42,17.8,33.6,0.0,1,975.3,12.3,22.6,172,29.2,0.0,0.0,0.0
VN_DaNang,2026-09-09T05:00Z,30.5,71,24.8,37.3,0.0,100,1007.2,5.3,7.2,4,23.4,702.0,415.2,296.0
VN_HaNoi,2026-09-09T05:00Z,31.8,66,24.7,39.3,0.1,79,1006.6,7.2,9.6,356,23.4,898.0,738.5,193.0
VN_HoChiMinh,2026-09-09T05:00Z,29.7,72,24.1,34.3,0.2,100,1007.4,10.5,14.8,256,38.2,415.0,68.8,347.0
AT_Vienna,2026-09-09T06:00Z,22.2,53,12.1,22.5,0.0,0,987.4,2.4,7.5,262,13.3,118.0,403.9,46.0
BE_Brussels,2026-09-09T06:00Z,12.2,86,10.0,10.1,0.0,14,1009.4,14.4,26.4,246,30.2,26.0,163.6,13.0
DE_Berlin,2026-09-09T06:00Z,18.1,76,13.9,16.4,0.0,85,1002.7,20.1,33.3,280,44.6,71.0,182.9,45.0
DE_Hamburg,2026-09-09T06:00Z,13.8,92,12.5,12.4,0.0,5,1004.7,14.5,24.9,238,32.8,59.0,251.7,32.0
DE_Munich,2026-09-09T06:00Z,17.7,82,14.6,18.2,0.2,100,951.1,6.9,13.9,289,11.2,27.0,0.0,27.0
ES_Madrid,2026-09-09T06:00Z,19.1,75,14.6,19.3,0.4,71,939.5,8.7,15.2,17,18.4,0.0,0.0,0.0
FR_Paris,2026-09-09T06:00Z,13.1,85,10.6,11.9,0.0,21,1010.2,9.5,19.5,266,19.4,15.0,87.4,9.0
NL_Amsterdam,2026-09-09T06:00Z,13.2,85,10.7,10.9,0.6,100,1007.1,16.5,30.8,264,36.0,24.0,122.8,14.0
PL_Warsaw,2026-09-09T06:00Z,20.2,64,13.2,19.5,0.0,1,993.4,11.9,25.3,191,27.7,164.0,511.2,51.0
US_BPAT_Portland,2026-09-09T06:00Z,18.2,70,12.5,17.4,0.0,0,1017.8,10.5,24.1,350,24.8,0.0,0.0,0.0
US_CISO_LosAngeles,2026-09-09T06:00Z,26.0,72,20.5,29.6,0.0,5,1002.7,3.3,10.3,109,11.2,0.0,0.0,0.0
US_CISO_SanFrancisco,2026-09-09T06:00Z,18.8,64,11.9,18.3,0.0,99,1014.6,7.4,13.4,243,14.0,0.0,0.0,0.0
US_ERCO_Dallas,2026-09-09T06:00Z,30.4,64,22.7,33.6,0.0,2,1002.4,14.6,25.5,162,32.0,0.0,0.0,0.0
US_ERCO_Houston,2026-09-09T06:00Z,26.6,94,25.5,32.9,0.0,55,1016.2,5.3,11.2,148,11.9,0.0,0.0,0.0
US_ISNE_Boston,2026-09-09T06:00Z,15.2,96,14.5,16.2,0.0,63,1022.8,3.6,9.8,336,7.2,0.0,0.0,0.0
US_MISO_Chicago,2026-09-09T06:00Z,22.7,82,19.5,25.2,0.0,97,986.3,7.6,16.0,191,11.5,0.0,0.0,0.0
US_NYIS_NewYork,2026-09-09T06:00Z,19.4,89,17.5,22.0,0.0,65,1020.1,0.6,5.3,188,7.6,0.0,0.0,0.0
US_PJM_Philadelphia,2026-09-09T06:00Z,19.5,93,18.4,22.0,0.0,83,1021.5,4.1,12.7,187,10.8,0.0,0.0,0.0
US_SWPP_OklahomaCity,2026-09-09T06:00Z,30.5,48,18.4,31.6,0.0,2,975.3,13.7,25.9,182,28.8,0.0,0.0,0.0
VN_DaNang,2026-09-09T06:00Z,30.0,70,23.9,34.7,0.4,97,1006.2,13.3,17.8,359,27.7,669.0,349.7,333.0
VN_HaNoi,2026-09-09T06:00Z,33.0,58,23.6,40.2,0.1,38,1005.3,4.2,5.5,44,22.0,853.0,682.2,206.0
VN_HoChiMinh,2026-09-09T06:00Z,28.3,77,23.9,31.9,3.9,99,1007.1,16.3,23.7,264,41.8,527.0,282.2,251.0
AT_Vienna,2026-09-09T07:00Z,24.5,48,12.8,24.7,0.0,0,987.6,4.3,7.2,258,13.7,276.0,585.4,75.0
BE_Brussels,2026-09-09T07:00Z,13.4,80,10.0,11.3,0.0,11,1009.7,14.0,22.9,244,36.4,147.0,459.4,52.0
DE_Berlin,2026-09-09T07:00Z,17.8,74,13.2,16.2,0.0,55,1003.9,17.8,27.9,279,46.8,187.0,267.9,108.0
DE_Hamburg,2026-09-09T07:00Z,14.5,87,12.4,12.8,0.0,7,1005.2,16.3,25.8,229,35.3,190.0,493.0,63.0
DE_Munich,2026-09-09T07:00Z,17.6,90,16.0,18.7,0.9,100,951.3,6.0,11.6,277,13.3,45.0,0.0,45.0
ES_Madrid,2026-09-09T07:00Z,19.6,76,15.2,19.9,0.7,13,939.7,9.3,16.2,35,21.6,51.0,171.0,29.0
FR_Paris,2026-09-09T07:00Z,14.3,80,10.9,13.3,0.0,9,1010.6,8.4,19.1,267,19.4,118.0,373.1,48.0
NL_Amsterdam,2026-09-09T07:00Z,13.7,85,11.3,11.3,0.5,91,1007.4,19.0,33.6,265,36.4,96.0,210.5,52.0
PL_Warsaw,2026-09-09T07:00Z,22.4,65,15.5,22.7,0.0,9,993.5,10.6,26.6,197,23.8,315.0,667.8,69.0
US_BPAT_Portland,2026-09-09T07:00Z,17.5,72,12.3,16.9,0.0,0,1018.1,8.6,22.1,353,21.6,0.0,0.0,0.0
US_CISO_LosAngeles,2026-09-09T07:00Z,26.5,68,20.1,29.8,0.0,5,1002.8,4.2,5.6,31,9.7,0.0,0.0,0.0
US_CISO_SanFrancisco,2026-09-09T07:00Z,18.5,65,11.8,18.2,0.0,95,1014.9,5.4,12.8,242,15.8,0.0,0.0,0.0
US_ERCO_Dallas,2026-09-09T07:00Z,30.1,66,23.0,33.6,0.0,0,1002.8,13.5,23.7,169,31.3,0.0,0.0,0.0
US_ERCO_Houston,2026-09-09T07:00Z,25.4,97,24.8,31.3,0.5,70,1016.1,4.4,8.8,137,13.3,0.0,0.0,0.0
US_ISNE_Boston,2026-09-09T07:00Z,15.2,93,14.0,15.6,0.0,69,1022.7,6.0,14.6,359,11.5,0.0,0.0,0.0
US_MISO_Chicago,2026-09-09T07:00Z,23.1,78,19.0,25.5,0.0,100,986.1,6.4,17.8,211,15.5,0.0,0.0,0.0
US_NYIS_NewYork,2026-09-09T07:00Z,19.2,90,17.5,21.6,0.0,66,1020.3,2.1,10.1,223,4.0,0.0,0.0,0.0
US_PJM_Philadelphia,2026-09-09T07:00Z,19.6,93,18.5,22.3,0.0,97,1021.4,3.2,11.9,195,10.1,0.0,0.0,0.0
US_SWPP_OklahomaCity,2026-09-09T07:00Z,30.2,50,18.8,31.5,0.0,3,975.5,13.7,25.6,183,32.0,0.0,0.0,0.0
VN_DaNang,2026-09-09T07:00Z,29.7,75,24.9,34.9,1.0,92,1005.5,10.5,14.5,354,33.5,574.0,329.5,284.0
VN_HaNoi,2026-09-09T07:00Z,33.5,54,23.0,39.5,0.0,21,1004.0,5.4,7.0,61,18.7,769.0,660.4,188.0
VN_HoChiMinh,2026-09-09T07:00Z,28.0,79,24.0,31.8,1.6,98,1006.0,15.9,23.4,234,38.2,554.0,283.8,298.0
AT_Vienna,2026-09-09T08:00Z,26.5,44,13.2,26.2,0.0,0,988.0,8.9,13.3,295,25.2,439.0,720.9,86.0
BE_Brussels,2026-09-09T08:00Z,14.7,74,10.1,12.4,0.0,16,1010.1,15.7,24.3,253,37.8,292.0,588.3,80.0
DE_Berlin,2026-09-09T08:00Z,18.1,69,12.3,16.4,0.0,88,1004.6,16.2,24.5,280,40.7,339.0,504.1,121.0
DE_Hamburg,2026-09-09T08:00Z,15.3,83,12.5,13.6,0.0,24,1005.7,17.3,26.6,230,38.5,321.0,585.4,89.0
DE_Munich,2026-09-09T08:00Z,17.6,91,16.1,17.9,0.4,100,951.8,11.7,19.4,303,23.8,85.0,0.0,85.0
ES_Madrid,2026-09-09T08:00Z,20.8,66,14.2,20.2,0.0,43,940.3,13.8,21.0,41,33.8,239.0,548.8,68.0
FR_Paris,2026-09-09T08:00Z,16.0,71,10.8,14.6,0.0,15,1011.1,10.6,16.7,276,26.6,282.0,583.6,78.0
NL_Amsterdam,2026-09-09T08:00Z,13.4,88,11.5,10.9,1.5,84,1007.8,20.3,35.0,246,41.8,156.0,134.5,108.0
PL_Warsaw,2026-09-09T08:00Z,24.4,57,15.5,24.9,0.0,21,993.8,9.4,17.6,209,21.6,436.0,706.4,86.0
US_BPAT_Portland,2026-09-09T08:00Z,16.6,76,12.3,16.3,0.0,5,1018.3,6.7,18.9,358,18.7,0.0,0.0,0.0
US_CISO_LosAngeles,2026-09-09T08:00Z,26.3,66,19.4,29.2,0.0,5,1002.8,4.2,5.3,352,10.1,0.0,0.0,0.0
US_CISO_SanFrancisco,2026-09-09T08:00Z,17.9,68,12.0,18.2,0.0,95,1014.9,1.8,7.7,252,13.0,0.0,0.0,0.0
US_ERCO_Dallas,2026-09-09T08:00Z,29.8,64,22.3,32.8,0.0,0,1003.0,13.7,23.4,177,29.5,0.0,0.0,0.0
US_ERCO_Houston,2026-09-09T08:00Z,25.2,91,23.7,30.0,0.1,95,1016.1,7.2,15.3,161,17.3,0.0,0.0,0.0
US_ISNE_Boston,2026-09-09T08:00Z,15.0,88,13.0,15.0,0.0,92,1023.0,6.4,14.1,4,13.7,0.0,0.0,0.0
US_MISO_Chicago,2026-09-09T08:00Z,23.2,77,18.9,25.3,0.0,100,985.3,8.7,20.6,214,16.9,0.0,0.0,0.0
US_NYIS_NewYork,2026-09-09T08:00Z,19.0,87,16.7,21.0,0.0,81,1020.4,2.4,11.4,252,5.0,0.0,0.0,0.0
US_PJM_Philadelphia,2026-09-09T08:00Z,19.7,94,18.6,22.4,0.0,95,1021.3,2.9,11.3,198,6.1,0.0,0.0,0.0
US_SWPP_OklahomaCity,2026-09-09T08:00Z,29.8,52,18.9,31.0,0.0,2,975.5,14.2,26.4,189,32.4,0.0,0.0,0.0
VN_DaNang,2026-09-09T08:00Z,30.2,68,23.7,34.0,0.2,98,1004.7,14.1,19.8,353,33.1,493.0,313.0,261.0
VN_HaNoi,2026-09-09T08:00Z,33.2,55,22.8,37.9,0.2,10,1003.1,6.8,8.8,78,21.2,607.0,582.7,168.0
VN_HoChiMinh,2026-09-09T08:00Z,27.4,85,24.7,32.3,1.4,98,1005.2,10.6,15.7,255,36.4,340.0,109.7,256.0
AT_Vienna,2026-09-09T09:00Z,28.0,37,12.0,27.5,0.0,0,988.0,8.2,11.3,317,27.4,569.0,775.6,98.0
BE_Brussels,2026-09-09T09:00Z,16.0,63,8.9,12.7,0.1,27,1010.9,20.5,31.3,272,49.0,417.0,631.3,105.0
DE_Berlin,2026-09-09T09:00Z,18.7,62,11.3,16.8,0.0,84,1005.3,16.0,23.6,274,38.2,432.0,471.1,175.0
DE_Hamburg,2026-09-09T09:00Z,16.0,79,12.4,14.1,0.1,23,1006.3,17.7,26.7,241,41.8,416.0,573.0,122.0
DE_Munich,2026-09-09T09:00Z,17.2,91,15.6,17.5,0.4,100,952.4,10.8,15.9,316,27.7,133.0,3.5,131.0
ES_Madrid,2026-09-09T09:00Z,21.4,61,13.5,20.3,0.1,16,940.6,15.2,23.1,33,38.5,370.0,551.9,101.0
FR_Paris,2026-09-09T09:00Z,17.3,62,10.1,15.4,0.1,43,1011.3,13.4,20.0,292,33.8,419.0,641.7,103.0
NL_Amsterdam,2026-09-09T09:00Z,13.7,96,13.0,11.5,2.5,100,1008.4,21.3,37.9,265,46.4,290.0,284.2,152.0
PL_Warsaw,2026-09-09T09:00Z,25.4,53,15.0,25.4,0.0,6,993.7,11.0,17.3,208,26.3,504.0,661.8,111.0
US_BPAT_Portland,2026-09-09T09:00Z,15.7,79,12.1,15.4,0.0,2,1018.4,6.5,18.4,358,15.1,0.0,0.0,0.0
US_CISO_LosAngeles,2026-09-09T09:00Z,26.4,61,18.2,28.5,0.0,5,1002.5,6.2,8.4,317,12.6,0.0,0.0,0.0
US_CISO_SanFrancisco,2026-09-09T09:00Z,17.6,70,12.0,17.8,0.0,98,1014.8,2.3,7.1,243,5.0,0.0,0.0,0.0
US_ERCO_Dallas,2026-09-09T09:00Z,29.2,65,22.0,32.3,0.0,0,1003.3,12.3,21.2,180,29.5,0.0,0.0,0.0
US_ERCO_Houston,2026-09-09T09:00Z,25.3,92,23.9,30.8,0.0,81,1015.9,3.1,7.2,198,13.0,0.0,0.0,0.0
US_ISNE_Boston,2026-09-09T09:00Z,15.2,84,12.4,15.1,0.0,100,1023.3,6.0,12.4,13,13.7,0.0,0.0,0.0
US_MISO_Chicago,2026-09-09T09:00Z,23.7,74,18.7,25.2,0.0,100,984.7,11.8,26.0,222,23.4,0.0,0.0,0.0
US_NYIS_NewYork,2026-09-09T09:00Z,18.6,86,16.2,20.4,0.0,86,1020.5,2.4,11.0,244,5.8,0.0,0.0,0.0
US_PJM_Philadelphia,2026-09-09T09:00Z,19.7,93,18.6,22.3,0.0,88,1021.5,3.7,12.2,207,7.2,0.0,0.0,0.0
US_SWPP_OklahomaCity,2026-09-09T09:00Z,29.4,54,19.0,30.7,0.0,1,975.5,13.6,25.5,189,32.4,0.0,0.0,0.0
VN_DaNang,2026-09-09T09:00Z,29.6,69,23.3,33.2,0.5,98,1005.1,13.7,19.4,350,33.1,330.0,260.2,186.0
VN_HaNoi,2026-09-09T09:00Z,33.0,57,23.3,37.6,0.0,11,1002.8,7.0,8.8,78,20.2,485.0,619.4,127.0
VN_HoChiMinh,2026-09-09T09:00Z,27.4,85,24.7,32.7,2.1,97,1005.4,8.1,12.5,254,29.9,288.0,153.9,199.0
AT_Vienna,2026-09-09T10:00Z,29.2,33,11.4,29.6,0.0,0,987.5,4.5,6.2,330,25.2,664.0,819.6,100.0
BE_Brussels,2026-09-09T10:00Z,17.0,57,8.4,13.7,0.2,24,1011.2,20.1,30.4,276,49.3,508.0,639.1,125.0
DE_Berlin,2026-09-09T10:00Z,19.2,58,10.8,17.2,0.0,80,1005.8,15.2,22.3,264,38.9,485.0,415.1,225.0
DE_Hamburg,2026-09-09T10:00Z,16.8,75,12.3,15.0,0.0,30,1006.4,16.9,25.5,235,41.4,496.0,638.5,113.0
DE_Munich,2026-09-09T10:00Z,16.0,91,14.6,15.5,1.0,100,952.9,13.9,20.4,314,32.8,165.0,3.0,163.0
ES_Madrid,2026-09-09T10:00Z,22.6,53,12.4,21.3,0.0,3,940.9,14.9,22.1,38,39.2,575.0,725.5,115.0
FR_Paris,2026-09-09T10:00Z,18.4,58,9.9,16.6,0.1,32,1011.5,12.0,17.6,293,33.5,482.0,531.0,160.0
NL_Amsterdam,2026-09-09T10:00Z,13.8,94,12.8,12.2,2.1,100,1009.1,16.5,32.4,279,43.9,303.0,128.0,228.0
PL_Warsaw,2026-09-09T10:00Z,26.5,48,14.7,26.8,0.0,2,993.5,10.6,15.8,218,26.6,609.0,776.8,99.0
US_BPAT_Portland,2026-09-09T10:00Z,15.0,83,12.0,14.7,0.0,0,1018.3,6.1,17.3,357,14.8,0.0,0.0,0.0
US_CISO_LosAngeles,2026-09-09T10:00Z,26.4,56,16.8,28.2,0.0,9,1002.3,4.0,9.0,323,12.6,0.0,0.0,0.0
US_CISO_SanFrancisco,2026-09-09T10:00Z,17.4,71,12.0,17.7,0.0,98,1014.8,1.6,4.3,225,5.0,0.0,0.0,0.0
US_ERCO_Dallas,2026-09-09T10:00Z,28.7,69,22.3,32.3,0.0,0,1003.3,10.1,18.2,183,26.3,0.0,0.0,0.0
US_ERCO_Houston,2026-09-09T10:00Z,24.9,95,24.1,30.9,0.0,70,1015.8,1.1,2.0,243,6.1,0.0,0.0,0.0
US_ISNE_Boston,2026-09-09T10:00Z,15.0,83,12.1,14.9,0.0,100,1023.3,5.4,10.6,18,13.7,0.0,0.0,0.0
US_MISO_Chicago,2026-09-09T10:00Z,23.9,74,18.9,25.3,0.2,100,984.8,13.0,26.2,233,26.3,0.0,0.0,0.0
US_NYIS_NewYork,2026-09-09T10:00Z,18.3,86,16.0,20.1,0.0,82,1020.2,1.9,9.9,237,4.7,0.0,0.0,0.0
US_PJM_Philadelphia,2026-09-09T10:00Z,19.7,93,18.6,22.2,0.0,78,1021.3,4.7,12.8,206,9.0,0.0,0.0,0.0
US_SWPP_OklahomaCity,2026-09-09T10:00Z,28.9,56,19.2,30.3,0.0,0,975.6,13.9,25.8,188,31.3,0.0,0.0,0.0
VN_DaNang,2026-09-09T10:00Z,28.7,78,24.4,33.9,0.3,82,1005.6,7.7,12.1,337,29.9,136.0,97.1,104.0
VN_HaNoi,2026-09-09T10:00Z,32.2,61,23.7,37.1,0.0,25,1003.0,6.7,8.7,95,18.7,260.0,459.9,92.0
VN_HoChiMinh,2026-09-09T10:00Z,27.4,84,24.4,32.8,0.3,93,1005.4,6.8,10.1,251,20.5,151.0,110.6,112.0
AT_Vienna,2026-09-09T11:00Z,30.2,30,10.8,31.0,0.0,4,986.6,3.2,4.4,330,19.8,710.0,836.6,102.0
BE_Brussels,2026-09-09T11:00Z,17.7,53,8.1,14.4,0.2,31,1011.6,19.1,28.6,282,48.6,533.0,607.6,127.0
DE_Berlin,2026-09-09T11:00Z,20.2,53,10.2,18.4,0.0,99,1005.9,14.6,21.1,262,37.4,615.0,678.2,161.0
DE_Hamburg,2026-09-09T11:00Z,17.7,68,11.7,15.8,0.0,17,1006.6,17.9,26.6,234,43.6,580.0,714.6,115.0
DE_Munich,2026-09-09T11:00Z,14.9,95,14.1,14.6,1.9,100,953.2,10.8,16.2,299,33.5,134.0,0.0,134.0
ES_Madrid,2026-09-09T11:00Z,24.0,45,11.5,23.3,0.0,9,940.9,13.4,19.6,42,39.2,713.0,805.1,116.0
FR_Paris,2026-09-09T11:00Z,19.3,52,9.3,17.5,0.1,47,1011.6,13.0,18.9,297,34.2,593.0,666.9,137.0
NL_Amsterdam,2026-09-09T11:00Z,15.1,87,12.9,13.2,1.1,48,1009.5,19.1,30.8,290,42.5,364.0,148.9,267.0
PL_Warsaw,2026-09-09T11:00Z,27.2,48,15.3,28.2,0.0,2,993.4,9.0,13.2,206,26.3,650.0,818.3,94.0
US_BPAT_Portland,2026-09-09T11:00Z,14.6,84,11.9,14.2,0.0,0,1018.2,6.5,18.6,354,15.8,0.0,0.0,0.0
US_CISO_LosAngeles,2026-09-09T11:00Z,26.1,55,16.5,28.2,0.0,1,1002.3,0.7,3.7,331,7.9,0.0,0.0,0.0
US_CISO_SanFrancisco,2026-09-09T11:00Z,17.2,71,11.8,17.5,0.0,95,1015.0,2.0,4.7,196,4.7,0.0,0.0,0.0
US_ERCO_Dallas,2026-09-09T11:00Z,28.3,69,22.2,32.1,0.0,0,1003.3,8.1,15.4,187,21.2,0.0,0.0,0.0
US_ERCO_Houston,2026-09-09T11:00Z,24.7,97,24.1,30.3,0.0,14,1016.0,3.7,3.8,3,7.2,0.0,0.0,0.0
US_ISNE_Boston,2026-09-09T11:00Z,15.1,83,12.2,15.2,0.0,100,1023.7,4.0,7.3,16,12.2,9.0,0.0,9.0
US_MISO_Chicago,2026-09-09T11:00Z,22.9,82,19.7,24.7,0.6,100,985.4,13.0,24.5,250,27.4,0.0,0.0,0.0
US_NYIS_NewYork,2026-09-09T11:00Z,18.4,88,16.3,20.1,0.0,58,1020.2,2.6,10.0,229,4.3,7.0,16.7,6.0
US_PJM_Philadelphia,2026-09-09T11:00Z,19.7,93,18.6,21.9,0.0,81,1021.2,6.6,15.2,204,13.0,4.0,0.0,4.0
US_SWPP_OklahomaCity,2026-09-09T11:00Z,28.5,59,19.6,30.1,0.0,0,975.7,14.1,26.1,188,31.7,0.0,0.0,0.0
VN_DaNang,2026-09-09T11:00Z,26.8,89,24.9,32.7,0.7,98,1006.7,5.0,7.1,289,16.2,38.0,115.4,23.0
VN_HaNoi,2026-09-09T11:00Z,31.3,68,24.7,36.6,0.0,31,1003.6,8.0,12.7,101,15.8,68.0,213.6,36.0
VN_HoChiMinh,2026-09-09T11:00Z,27.1,88,24.9,33.6,1.0,99,1006.0,1.0,3.6,297,16.9,35.0,63.7,26.0
AT_Vienna,2026-09-09T12:00Z,30.8,29,10.9,31.4,0.0,5,986.2,4.3,5.2,41,18.7,704.0,834.3,103.0
BE_Brussels,2026-09-09T12:00Z,18.3,52,8.4,15.5,0.2,33,1012.1,17.5,25.8,285,46.4,587.0,631.8,147.0
DE_Berlin,2026-09-09T12:00Z,20.5,50,9.7,18.2,0.0,96,1006.3,14.8,21.4,254,37.1,483.0,369.2,235.0
DE_Hamburg,2026-09-09T12:00Z,18.3,57,9.6,15.9,0.2,16,1006.3,17.0,25.1,232,44.3,592.0,703.8,126.0
DE_Munich,2026-09-09T12:00Z,14.6,95,13.8,13.4,1.0,100,953.9,16.2,26.5,297,26.6,151.0,9.6,144.0
ES_Madrid,2026-09-09T12:00Z,24.2,47,12.2,24.6,0.0,20,940.5,11.4,16.3,27,36.7,791.0,836.3,120.0
FR_Paris,2026-09-09T12:00Z,20.0,50,9.4,18.0,0.2,30,1011.9,12.4,17.9,302,34.2,541.0,511.8,173.0
NL_Amsterdam,2026-09-09T12:00Z,16.2,89,14.4,15.9,0.7,92,1010.5,12.0,21.6,263,46.1,540.0,546.4,170.0
PL_Warsaw,2026-09-09T12:00Z,28.1,45,15.1,28.4,0.0,2,993.7,11.7,17.6,244,30.6,614.0,777.7,100.0
US_BPAT_Portland,2026-09-09T12:00Z,13.3,89,11.5,13.1,0.0,0,1018.9,4.0,14.9,352,14.4,0.0,0.0,0.0
US_CISO_LosAngeles,2026-09-09T12:00Z,25.3,53,15.1,26.6,0.0,5,1002.3,2.6,3.8,357,2.9,0.0,0.0,0.0
US_CISO_SanFrancisco,2026-09-09T12:00Z,16.7,75,12.2,17.2,0.0,97,1015.3,1.0,5.8,196,4.3,0.0,0.0,0.0
US_ERCO_Dallas,2026-09-09T12:00Z,27.5,74,22.3,31.6,0.0,0,1003.8,6.3,12.7,192,16.6,0.0,0.0,0.0
US_ERCO_Houston,2026-09-09T12:00Z,24.6,94,23.5,29.2,0.0,79,1017.0,7.9,11.7,52,9.7,0.0,0.0,0.0
US_ISNE_Boston,2026-09-09T12:00Z,15.4,85,12.9,15.7,0.0,100,1024.1,4.1,7.7,1,10.1,78.0,37.4,70.0
US_MISO_Chicago,2026-09-09T12:00Z,21.4,93,20.2,23.1,0.4,100,985.3,15.4,29.4,248,27.4,4.0,0.0,4.0
US_NYIS_NewYork,2026-09-09T12:00Z,19.4,87,17.1,21.4,0.0,8,1020.7,3.2,10.6,224,8.6,116.0,364.2,51.0
US_PJM_Philadelphia,2026-09-09T12:00Z,20.3,90,18.5,22.6,0.0,7,1021.8,5.5,15.2,209,13.7,99.0,274.2,54.0
US_SWPP_OklahomaCity,2026-09-09T12:00Z,27.7,64,20.3,29.5,0.0,0,976.1,14.5,28.0,198,31.7,0.0,0.0,0.0
VN_DaNang,2026-09-09T12:00Z,27.5,89,25.6,33.8,0.8,91,1006.9,5.8,9.3,283,14.0,0.0,0.0,0.0
VN_HaNoi,2026-09-09T12:00Z,30.2,71,24.4,35.4,0.0,19,1005.1,7.5,13.6,144,29.5,0.0,0.0,0.0
VN_HoChiMinh,2026-09-09T12:00Z,26.3,94,25.3,32.0,0.5,100,1007.0,8.3,16.1,252,7.2,0.0,0.0,0.0
AT_Vienna,2026-09-09T13:00Z,31.0,28,10.5,30.9,0.0,54,985.5,4.3,5.8,94,19.8,604.0,720.0,122.0
BE_Brussels,2026-09-09T13:00Z,18.4,51,8.1,15.3,0.1,32,1012.5,17.8,26.3,284,43.6,537.0,585.1,138.0
DE_Berlin,2026-09-09T13:00Z,20.3,48,9.1,17.7,0.0,71,1006.2,16.0,23.5,259,38.2,474.0,412.2,213.0
DE_Hamburg,2026-09-09T13:00Z,18.2,60,10.2,15.7,0.2,52,1006.5,17.4,26.5,237,40.7,552.0,696.2,111.0
DE_Munich,2026-09-09T13:00Z,14.7,89,12.8,13.6,0.3,100,954.1,13.0,20.2,290,36.0,128.0,1.4,127.0
ES_Madrid,2026-09-09T13:00Z,25.5,42,11.7,25.7,0.1,37,940.1,10.4,14.6,30,32.4,772.0,776.5,141.0
FR_Paris,2026-09-09T13:00Z,20.6,46,8.7,18.7,0.0,41,1011.9,12.8,18.6,306,33.8,610.0,638.0,157.0
NL_Amsterdam,2026-09-09T13:00Z,17.6,71,12.3,16.1,0.5,20,1011.1,14.5,23.5,295,36.7,510.0,542.5,151.0
PL_Warsaw,2026-09-09T13:00Z,27.9,46,15.2,28.0,0.0,61,993.9,11.7,17.6,269,28.4,564.0,787.1,90.0
US_BPAT_Portland,2026-09-09T13:00Z,13.0,90,11.4,12.8,0.0,0,1018.7,3.8,12.9,354,7.9,0.0,0.0,0.0
US_CISO_LosAngeles,2026-09-09T13:00Z,25.6,53,15.4,27.1,0.0,24,1002.7,2.2,2.9,300,4.0,0.0,0.0,0.0
US_CISO_SanFrancisco,2026-09-09T13:00Z,16.6,77,12.5,17.2,0.0,19,1015.5,0.5,5.6,205,1.4,0.0,0.0,0.0
US_ERCO_Dallas,2026-09-09T13:00Z,27.8,75,22.9,32.1,0.0,0,1004.2,7.1,15.2,174,15.5,39.0,180.3,19.0
US_ERCO_Houston,2026-09-09T13:00Z,23.7,97,23.2,28.5,5.2,95,1017.5,5.7,9.8,72,30.6,30.0,81.4,20.0
US_ISNE_Boston,2026-09-09T13:00Z,16.6,82,13.6,17.5,0.0,100,1023.7,2.2,3.6,18,10.8,171.0,50.7,151.0
US_MISO_Chicago,2026-09-09T13:00Z,21.6,93,20.5,23.9,1.7,100,986.0,11.8,23.3,231,28.1,22.0,0.0,22.0
US_NYIS_NewYork,2026-09-09T13:00Z,22.1,76,17.7,24.4,0.0,30,1020.5,3.1,6.3,211,12.2,304.0,641.1,69.0
US_PJM_Philadelphia,2026-09-09T13:00Z,22.3,82,19.1,24.9,0.0,11,1021.6,5.7,10.3,203,16.6,288.0,599.2,75.0
US_SWPP_OklahomaCity,2026-09-09T13:00Z,28.2,62,20.3,30.4,0.0,0,976.7,12.1,23.3,197,32.0,36.0,180.6,17.0
VN_DaNang,2026-09-09T13:00Z,27.1,92,25.7,33.3,0.0,66,1007.4,6.7,11.2,260,13.7,0.0,0.0,0.0
VN_HaNoi,2026-09-09T13:00Z,29.7,74,24.6,35.3,0.0,18,1006.1,5.6,11.1,137,14.8,0.0,0.0,0.0
VN_HoChiMinh,2026-09-09T13:00Z,25.6,96,24.9,31.3,2.6,100,1007.7,6.6,13.8,244,15.8,0.0,0.0,0.0
AT_Vienna,2026-09-09T14:00Z,31.6,28,10.7,31.1,0.0,70,985.1,4.7,6.9,113,20.5,476.0,616.4,120.0
BE_Brussels,2026-09-09T14:00Z,18.6,50,8.0,15.4,0.1,74,1012.9,18.0,26.8,291,43.9,491.0,580.1,128.0
DE_Berlin,2026-09-09T14:00Z,20.2,47,8.5,17.6,0.0,77,1006.4,14.8,22.1,256,38.2,403.0,424.2,167.0
DE_Hamburg,2026-09-09T14:00Z,17.0,67,10.8,15.3,0.5,62,1007.0,13.3,20.4,261,42.1,402.0,464.2,139.0
DE_Munich,2026-09-09T14:00Z,13.9,88,12.0,12.6,0.7,100,954.4,13.1,21.4,290,31.3,61.0,0.0,61.0
ES_Madrid,2026-09-09T14:00Z,25.4,42,11.4,25.3,0.1,22,939.7,9.2,12.8,16,30.6,697.0,722.1,140.0
FR_Paris,2026-09-09T14:00Z,21.0,44,8.4,18.6,0.0,60,1011.9,13.3,19.5,310,34.6,545.0,572.0,169.0
NL_Amsterdam,2026-09-09T14:00Z,18.2,58,9.9,15.4,0.1,39,1011.9,18.7,30.6,317,41.4,486.0,582.4,133.0
PL_Warsaw,2026-09-09T14:00Z,27.1,50,15.8,27.5,0.0,37,994.1,10.1,15.8,270,28.1,371.0,427.7,154.0
US_BPAT_Portland,2026-09-09T14:00Z,12.7,93,11.6,12.4,0.0,0,1018.9,5.5,14.4,356,11.9,2.0,0.0,2.0
US_CISO_LosAngeles,2026-09-09T14:00Z,26.6,49,15.2,28.1,0.0,4,1003.1,1.3,5.6,42,3.2,7.0,31.1,5.0
US_CISO_SanFrancisco,2026-09-09T14:00Z,16.4,77,12.4,17.1,0.0,63,1015.8,0.4,2.8,191,1.8,1.0,0.0,1.0
US_ERCO_Dallas,2026-09-09T14:00Z,29.2,69,22.8,33.3,0.0,0,1004.6,8.5,12.7,165,22.0,211.0,517.9,64.0
US_ERCO_Houston,2026-09-09T14:00Z,24.6,96,23.8,30.1,0.7,92,1018.0,2.8,6.0,53,13.7,105.0,58.3,87.0
US_ISNE_Boston,2026-09-09T14:00Z,17.5,80,14.0,18.5,0.0,100,1023.2,2.1,2.9,22,10.4,204.0,14.5,196.0
US_MISO_Chicago,2026-09-09T14:00Z,21.8,95,20.9,24.5,2.6,100,985.6,11.0,22.0,249,22.3,54.0,5.3,52.0
US_NYIS_NewYork,2026-09-09T14:00Z,24.8,66,18.1,26.7,0.0,16,1019.7,7.4,11.2,185,21.2,478.0,719.6,94.0
US_PJM_Philadelphia,2026-09-09T14:00Z,24.5,71,19.0,26.6,0.0,1,1021.1,9.0,13.7,203,24.5,470.0,710.3,96.0
US_SWPP_OklahomaCity,2026-09-09T14:00Z,29.6,57,20.2,31.5,0.0,0,977.0,13.8,22.1,196,32.8,202.0,524.4,60.0
VN_DaNang,2026-09-09T14:00Z,26.8,93,25.6,33.2,0.1,94,1008.2,4.6,9.2,258,15.5,0.0,0.0,0.0
VN_HaNoi,2026-09-09T14:00Z,29.2,76,24.6,34.8,0.0,24,1006.8,5.6,10.7,134,10.4,0.0,0.0,0.0
VN_HoChiMinh,2026-09-09T14:00Z,25.6,96,24.9,31.7,2.8,100,1008.7,3.4,9.5,231,11.2,0.0,0.0,0.0
AT_Vienna,2026-09-09T15:00Z,26.7,46,14.0,25.9,0.5,98,985.3,13.9,20.4,267,33.1,220.0,237.4,113.0
BE_Brussels,2026-09-09T15:00Z,17.5,57,8.9,15.0,0.2,64,1013.5,14.8,22.6,304,43.9,279.0,253.9,144.0
DE_Berlin,2026-09-09T15:00Z,20.0,45,7.7,17.1,0.0,98,1006.6,15.7,23.5,251,37.1,324.0,389.8,150.0
DE_Hamburg,2026-09-09T15:00Z,17.6,67,11.5,16.6,0.0,24,1007.0,10.2,15.5,235,29.2,317.0,459.3,103.0
DE_Munich,2026-09-09T15:00Z,14.4,80,11.0,12.8,0.1,100,954.9,12.6,20.3,283,28.4,95.0,4.0,93.0
ES_Madrid,2026-09-09T15:00Z,25.6,38,10.4,24.7,0.0,20,939.3,9.5,13.4,20,28.4,628.0,743.9,121.0
FR_Paris,2026-09-09T15:00Z,20.8,44,8.2,18.2,0.0,35,1011.9,14.2,21.1,310,35.3,389.0,404.0,161.0
NL_Amsterdam,2026-09-09T15:00Z,17.9,59,9.9,15.2,0.2,34,1012.6,18.6,30.6,318,41.4,433.0,634.2,107.0
PL_Warsaw,2026-09-09T15:00Z,26.4,55,16.7,27.3,0.0,43,994.2,9.7,17.0,265,23.4,309.0,585.3,85.0
US_BPAT_Portland,2026-09-09T15:00Z,14.0,89,12.3,13.5,0.0,0,1019.3,8.1,17.3,352,15.5,85.0,381.0,35.0
US_CISO_LosAngeles,2026-09-09T15:00Z,28.2,48,16.2,29.8,0.0,5,1003.8,3.2,7.6,118,9.4,129.0,436.7,45.0
US_CISO_SanFrancisco,2026-09-09T15:00Z,17.9,68,11.9,18.0,0.0,98,1016.0,3.2,4.4,109,10.1,83.0,331.3,37.0
US_ERCO_Dallas,2026-09-09T15:00Z,30.8,62,22.7,35.0,0.0,0,1004.5,7.9,11.1,171,23.0,417.0,683.1,87.0
US_ERCO_Houston,2026-09-09T15:00Z,26.9,86,24.4,32.9,0.0,97,1018.2,1.8,2.9,4,11.5,347.0,292.9,197.0
US_ISNE_Boston,2026-09-09T15:00Z,19.6,75,15.0,21.1,0.0,100,1022.7,1.8,2.3,113,13.0,490.0,325.3,270.0
US_MISO_Chicago,2026-09-09T15:00Z,21.9,96,21.2,24.5,4.4,100,986.2,12.2,22.6,253,29.5,105.0,9.2,100.0
US_NYIS_NewYork,2026-09-09T15:00Z,26.8,59,18.3,28.9,0.0,48,1019.2,9.8,14.5,186,27.4,632.0,797.4,99.0
US_PJM_Philadelphia,2026-09-09T15:00Z,26.4,64,19.0,28.6,0.0,19,1020.3,11.3,16.6,199,29.5,632.0,805.2,96.0
US_SWPP_OklahomaCity,2026-09-09T15:00Z,31.5,50,19.9,33.3,0.0,0,977.1,14.0,21.6,199,35.6,402.0,688.5,82.0
VN_DaNang,2026-09-09T15:00Z,26.1,93,24.9,32.2,2.5,99,1009.5,4.1,8.8,47,15.1,0.0,0.0,0.0
VN_HaNoi,2026-09-09T15:00Z,28.9,78,24.7,34.7,0.0,7,1007.4,5.3,11.0,125,11.9,0.0,0.0,0.0
VN_HoChiMinh,2026-09-09T15:00Z,25.3,97,24.8,31.0,4.6,100,1009.5,5.4,12.3,248,10.4,0.0,0.0,0.0
AT_Vienna,2026-09-09T16:00Z,21.3,80,17.7,21.4,1.2,100,986.2,18.4,30.0,285,41.8,64.0,36.9,53.0
BE_Brussels,2026-09-09T16:00Z,17.4,58,9.1,15.0,0.1,44,1013.8,14.8,22.7,300,36.7,246.0,334.9,110.0
DE_Berlin,2026-09-09T16:00Z,19.5,44,7.0,16.6,0.0,98,1006.8,14.2,22.7,252,37.1,219.0,353.8,109.0
DE_Hamburg,2026-09-09T16:00Z,16.9,68,11.0,15.6,0.1,74,1007.1,10.6,16.5,240,31.3,256.0,499.4,87.0
DE_Munich,2026-09-09T16:00Z,14.4,75,10.0,12.6,0.0,100,955.5,12.0,19.6,297,29.2,55.0,0.0,55.0
ES_Madrid,2026-09-09T16:00Z,26.4,29,6.7,23.9,0.0,23,939.1,11.2,16.6,22,29.2,492.0,710.2,102.0
FR_Paris,2026-09-09T16:00Z,20.4,45,8.1,17.9,0.0,25,1012.0,13.6,20.5,315,35.3,299.0,402.3,123.0
NL_Amsterdam,2026-09-09T16:00Z,17.2,65,10.6,15.0,0.2,28,1013.2,16.3,27.9,319,40.3,306.0,551.5,90.0
PL_Warsaw,2026-09-09T16:00Z,24.9,62,17.2,26.3,0.0,45,994.5,7.4,16.5,288,20.9,150.0,350.5,67.0
US_BPAT_Portland,2026-09-09T16:00Z,16.1,78,12.4,16.0,0.0,3,1019.3,5.7,12.4,352,18.4,255.0,616.7,65.0
US_CISO_LosAngeles,2026-09-09T16:00Z,30.4,44,16.7,32.6,0.0,4,1004.1,0.9,2.0,100,10.1,327.0,634.5,75.0
US_CISO_SanFrancisco,2026-09-09T16:00Z,19.3,63,12.0,19.8,0.0,95,1016.3,0.5,2.7,90,10.4,193.0,165.1,138.0
US_ERCO_Dallas,2026-09-09T16:00Z,32.8,53,21.8,36.7,0.0,0,1004.5,7.8,10.8,178,23.8,605.0,772.2,101.0
US_ERCO_Houston,2026-09-09T16:00Z,28.5,79,24.5,34.5,0.0,98,1018.2,2.7,4.0,355,13.0,537.0,428.6,244.0
US_ISNE_Boston,2026-09-09T16:00Z,21.1,72,15.9,22.5,0.0,100,1021.5,4.5,6.2,147,17.3,537.0,247.9,349.0
US_MISO_Chicago,2026-09-09T16:00Z,22.0,96,21.4,24.8,2.2,100,986.3,12.4,23.9,250,24.5,66.0,0.0,66.0
US_NYIS_NewYork,2026-09-09T16:00Z,28.3,54,18.0,30.7,0.0,40,1018.4,10.4,15.1,188,29.2,740.0,832.5,106.0
US_PJM_Philadelphia,2026-09-09T16:00Z,28.0,58,19.1,30.7,0.0,9,1019.8,12.4,18.4,206,32.8,740.0,831.9,105.0
US_SWPP_OklahomaCity,2026-09-09T16:00Z,33.6,44,19.7,35.4,0.0,0,976.9,13.7,20.5,202,36.4,585.0,777.0,95.0
VN_DaNang,2026-09-09T16:00Z,26.0,95,25.1,31.6,0.1,97,1009.5,8.0,10.8,238,15.8,0.0,0.0,0.0
VN_HaNoi,2026-09-09T16:00Z,28.5,81,24.9,34.5,0.0,20,1007.8,4.4,9.8,126,9.7,0.0,0.0,0.0
VN_HoChiMinh,2026-09-09T16:00Z,25.3,97,24.8,30.7,2.5,100,1008.9,7.6,16.6,221,13.7,0.0,0.0,0.0
AT_Vienna,2026-09-09T17:00Z,21.1,82,18.0,21.5,0.4,73,986.7,17.1,29.3,297,45.4,52.0,100.7,39.0
BE_Brussels,2026-09-09T17:00Z,16.9,61,9.4,14.8,0.1,20,1014.1,13.1,20.5,298,35.3,169.0,400.1,66.0
DE_Berlin,2026-09-09T17:00Z,18.5,48,7.4,16.2,0.0,100,1006.9,11.3,21.3,245,35.3,78.0,138.3,56.0
DE_Hamburg,2026-09-09T17:00Z,16.0,76,11.7,15.4,0.1,52,1007.7,7.2,12.6,284,23.0,107.0,306.1,48.0
DE_Munich,2026-09-09T17:00Z,13.7,75,9.4,12.1,0.1,100,955.7,9.8,17.5,291,29.5,22.0,0.0,22.0
ES_Madrid,2026-09-09T17:00Z,25.7,25,4.3,21.9,0.0,38,939.2,16.4,24.6,28,38.2,313.0,602.7,82.0
FR_Paris,2026-09-09T17:00Z,19.6,47,8.1,17.2,0.0,20,1012.2,12.9,19.5,322,32.8,204.0,438.0,79.0
NL_Amsterdam,2026-09-09T17:00Z,16.4,70,10.9,14.7,0.1,16,1013.9,13.3,25.0,319,34.6,172.0,432.4,65.0
PL_Warsaw,2026-09-09T17:00Z,23.0,69,16.9,24.3,0.0,82,994.5,7.5,18.0,309,15.1,38.0,178.0,21.0
US_BPAT_Portland,2026-09-09T17:00Z,18.4,71,13.0,18.6,0.0,20,1019.2,4.7,7.9,348,16.2,430.0,749.6,79.0
US_CISO_LosAngeles,2026-09-09T17:00Z,33.3,35,15.7,35.1,0.0,2,1004.3,0.6,0.5,180,11.5,519.0,733.2,95.0
US_CISO_SanFrancisco,2026-09-09T17:00Z,22.2,52,11.7,22.6,0.0,80,1016.5,0.8,4.0,30,11.5,380.0,385.5,182.0
US_ERCO_Dallas,2026-09-09T17:00Z,34.4,46,21.0,38.8,0.0,5,1004.1,7.6,10.6,179,24.8,751.0,820.7,110.0
US_ERCO_Houston,2026-09-09T17:00Z,30.1,73,24.7,37.0,0.0,94,1017.6,4.2,5.8,22,16.2,702.0,542.3,262.0
US_ISNE_Boston,2026-09-09T17:00Z,23.0,69,17.0,24.9,0.0,100,1020.4,5.6,8.1,152,19.4,587.0,345.5,313.0
US_MISO_Chicago,2026-09-09T17:00Z,22.3,96,21.5,24.9,2.0,100,985.7,13.5,24.4,242,26.3,67.0,0.0,67.0
US_NYIS_NewYork,2026-09-09T17:00Z,29.7,46,16.8,31.3,0.0,87,1017.4,13.7,20.1,208,35.6,776.0,800.7,130.0
US_PJM_Philadelphia,2026-09-09T17:00Z,29.2,52,18.2,31.0,0.0,27,1018.9,16.1,23.9,211,39.2,781.0,825.5,110.0
US_SWPP_OklahomaCity,2026-09-09T17:00Z,35.6,38,19.1,38.0,0.0,0,976.8,13.3,19.2,206,36.4,728.0,824.2,104.0
VN_DaNang,2026-09-09T17:00Z,25.4,98,25.1,31.2,0.1,94,1008.5,6.3,8.8,258,17.6,0.0,0.0,0.0
VN_HaNoi,2026-09-09T17:00Z,26.3,86,23.7,30.7,0.8,54,1007.6,9.5,9.9,19,18.4,0.0,0.0,0.0
VN_HoChiMinh,2026-09-09T17:00Z,25.1,96,24.5,30.5,0.7,100,1008.3,6.4,14.3,229,16.9,0.0,0.0,0.0
AT_Vienna,2026-09-09T18:00Z,19.6,93,18.5,20.3,0.3,100,987.3,17.1,29.5,305,42.1,1.0,0.0,1.0
BE_Brussels,2026-09-09T18:00Z,15.8,69,10.1,14.2,0.0,23,1014.7,10.7,19.3,310,30.2,53.0,255.9,26.0
DE_Berlin,2026-09-09T18:00Z,17.6,52,7.5,15.5,0.0,98,1007.1,9.9,21.0,246,23.0,6.0,0.0,6.0
DE_Hamburg,2026-09-09T18:00Z,14.7,90,13.0,14.7,0.1,13,1008.4,6.2,12.3,335,18.0,17.0,81.6,11.0
DE_Munich,2026-09-09T18:00Z,12.8,87,10.7,11.6,0.2,100,956.1,9.2,18.0,290,20.9,3.0,0.0,3.0
ES_Madrid,2026-09-09T18:00Z,23.1,28,3.8,18.7,0.0,2,939.1,20.3,32.7,18,45.0,138.0,445.6,51.0
FR_Paris,2026-09-09T18:00Z,18.5,50,8.0,16.4,0.0,6,1012.8,10.8,18.8,337,32.8,74.0,344.4,33.0
NL_Amsterdam,2026-09-09T18:00Z,14.9,79,11.2,14.0,0.0,29,1014.9,8.4,19.4,323,28.1,47.0,217.5,25.0
PL_Warsaw,2026-09-09T18:00Z,21.9,71,16.4,22.5,0.0,37,994.9,10.9,22.9,333,22.3,0.0,0.0,0.0
US_BPAT_Portland,2026-09-09T18:00Z,21.0,59,12.8,21.3,0.0,61,1019.2,4.7,6.9,351,19.4,580.0,812.2,92.0
US_CISO_LosAngeles,2026-09-09T18:00Z,35.3,29,14.6,37.6,0.0,2,1004.6,1.2,1.5,216,15.1,685.0,807.3,101.0
US_CISO_SanFrancisco,2026-09-09T18:00Z,25.2,41,11.1,25.5,0.0,98,1016.7,1.0,2.2,346,14.4,566.0,552.4,200.0
US_ERCO_Dallas,2026-09-09T18:00Z,35.8,40,20.0,40.6,0.0,7,1003.6,5.1,6.9,171,25.6,826.0,815.5,125.0
US_ERCO_Houston,2026-09-09T18:00Z,29.9,72,24.2,37.0,0.1,95,1017.0,4.7,6.2,64,19.4,808.0,656.2,226.0
US_ISNE_Boston,2026-09-09T18:00Z,24.5,64,17.3,26.6,0.0,97,1019.7,5.7,8.4,160,22.3,602.0,392.2,297.0
US_MISO_Chicago,2026-09-09T18:00Z,22.9,92,21.5,25.8,0.4,100,986.1,11.8,21.3,265,27.4,119.0,0.0,119.0
US_NYIS_NewYork,2026-09-09T18:00Z,30.2,43,16.2,30.3,0.0,49,1016.7,17.3,25.6,219,38.2,648.0,598.0,169.0
US_PJM_Philadelphia,2026-09-09T18:00Z,29.5,49,17.6,30.5,0.0,14,1018.3,17.2,25.7,210,43.9,712.0,652.4,183.0
US_SWPP_OklahomaCity,2026-09-09T18:00Z,37.9,30,17.4,40.2,0.0,3,976.3,12.3,17.7,211,36.4,818.0,851.1,107.0
VN_DaNang,2026-09-09T18:00Z,25.5,96,24.9,31.5,0.0,71,1008.2,4.9,8.4,261,12.2,0.0,0.0,0.0
VN_HaNoi,2026-09-09T18:00Z,25.6,95,24.8,31.9,0.0,16,1007.5,1.8,5.5,126,20.5,0.0,0.0,0.0
VN_HoChiMinh,2026-09-09T18:00Z,25.7,96,25.0,31.4,1.0,99,1007.9,7.2,14.6,220,14.0,0.0,0.0,0.0
AT_Vienna,2026-09-09T19:00Z,18.3,92,17.0,17.1,4.8,100,988.9,24.7,41.1,299,51.5,0.0,0.0,0.0
BE_Brussels,2026-09-09T19:00Z,14.9,75,10.6,13.9,0.0,15,1015.3,8.1,16.8,308,22.7,0.0,0.0,0.0
DE_Berlin,2026-09-09T19:00Z,16.7,57,8.1,15.0,0.0,2,1007.2,8.4,19.7,246,18.7,0.0,0.0,0.0
DE_Hamburg,2026-09-09T19:00Z,14.1,93,13.0,13.8,0.1,42,1009.1,8.2,17.1,297,15.1,0.0,0.0,0.0
DE_Munich,2026-09-09T19:00Z,12.6,89,10.8,11.5,0.2,100,956.9,9.2,17.0,266,18.4,0.0,0.0,0.0
ES_Madrid,2026-09-09T19:00Z,21.9,31,4.1,17.6,0.0,0,939.7,19.9,33.1,18,47.2,12.0,73.2,7.0
FR_Paris,2026-09-09T19:00Z,17.2,56,8.4,15.5,0.0,6,1013.4,8.7,17.7,345,23.8,1.0,0.0,1.0
NL_Amsterdam,2026-09-09T19:00Z,14.4,79,10.7,13.7,0.0,23,1015.5,6.1,18.1,316,16.2,0.0,0.0,0.0
PL_Warsaw,2026-09-09T19:00Z,20.8,74,15.9,21.3,0.0,20,995.1,9.8,22.2,331,21.2,0.0,0.0,0.0
US_BPAT_Portland,2026-09-09T19:00Z,23.2,47,11.4,23.8,0.0,56,1018.6,4.7,6.7,344,17.6,686.0,820.9,114.0
US_CISO_LosAngeles,2026-09-09T19:00Z,38.1,25,14.6,41.0,0.0,1,1004.1,1.5,1.8,191,14.8,797.0,838.8,107.0
US_CISO_SanFrancisco,2026-09-09T19:00Z,29.4,30,9.8,29.5,0.0,77,1016.3,3.8,5.5,308,17.6,661.0,540.1,245.0
US_ERCO_Dallas,2026-09-09T19:00Z,36.8,35,19.0,40.8,0.0,17,1002.4,7.3,10.0,154,24.1,844.0,812.3,127.0
US_ERCO_Houston,2026-09-09T19:00Z,30.5,68,23.9,36.2,0.3,98,1016.9,4.8,6.5,71,17.6,621.0,296.1,353.0
US_ISNE_Boston,2026-09-09T19:00Z,25.3,59,16.8,26.4,0.1,98,1018.6,8.4,13.0,179,22.7,533.0,422.0,232.0
US_MISO_Chicago,2026-09-09T19:00Z,24.6,80,21.0,26.8,0.0,95,985.7,14.5,22.4,265,34.9,370.0,85.2,303.0
US_NYIS_NewYork,2026-09-09T19:00Z,30.8,41,16.0,30.9,0.0,78,1015.6,16.8,25.3,226,43.9,638.0,644.7,158.0
US_PJM_Philadelphia,2026-09-09T19:00Z,29.9,47,17.4,30.8,0.0,68,1017.5,17.4,26.2,215,42.8,724.0,817.2,105.0
US_SWPP_OklahomaCity,2026-09-09T19:00Z,38.6,28,16.9,40.9,0.1,17,975.0,11.5,16.3,205,34.9,831.0,833.4,114.0
VN_DaNang,2026-09-09T19:00Z,25.4,94,24.5,31.4,0.3,82,1008.0,2.5,5.3,336,10.4,0.0,0.0,0.0
VN_HaNoi,2026-09-09T19:00Z,25.5,96,24.7,31.1,0.2,43,1007.5,6.0,13.5,86,13.0,0.0,0.0,0.0
VN_HoChiMinh,2026-09-09T19:00Z,25.6,96,25.0,31.6,0.9,100,1007.3,4.6,11.2,233,13.3,0.0,0.0,0.0
AT_Vienna,2026-09-09T20:00Z,17.1,91,15.6,15.6,2.9,100,990.6,23.3,39.2,302,51.8,0.0,0.0,0.0
BE_Brussels,2026-09-09T20:00Z,14.3,79,10.7,13.5,0.0,3,1015.9,7.2,16.3,308,17.3,0.0,0.0,0.0
DE_Berlin,2026-09-09T20:00Z,16.1,58,7.9,13.6,0.0,13,1007.7,13.0,26.7,254,24.8,0.0,0.0,0.0
DE_Hamburg,2026-09-09T20:00Z,14.0,92,12.7,12.9,0.0,13,1009.9,13.2,25.1,289,25.6,0.0,0.0,0.0
DE_Munich,2026-09-09T20:00Z,12.7,89,10.8,11.5,0.0,100,957.4,9.4,17.9,245,18.0,0.0,0.0,0.0
ES_Madrid,2026-09-09T20:00Z,21.1,33,4.1,17.0,0.0,0,940.6,17.8,30.5,22,45.7,0.0,0.0,0.0
FR_Paris,2026-09-09T20:00Z,16.2,61,8.7,14.7,0.0,1,1014.1,7.3,16.6,351,18.4,0.0,0.0,0.0
NL_Amsterdam,2026-09-09T20:00Z,13.8,82,10.7,13.1,0.0,26,1016.2,5.6,17.6,312,12.6,0.0,0.0,0.0
PL_Warsaw,2026-09-09T20:00Z,19.7,77,15.6,20.1,0.0,16,995.7,10.2,22.6,326,19.8,0.0,0.0,0.0
US_BPAT_Portland,2026-09-09T20:00Z,25.1,41,10.9,25.8,0.0,70,1018.0,5.5,7.6,341,19.1,752.0,855.2,111.0
US_CISO_LosAngeles,2026-09-09T20:00Z,39.7,25,16.0,43.1,0.0,0,1003.2,3.8,5.0,201,18.4,853.0,858.3,107.0
US_CISO_SanFrancisco,2026-09-09T20:00Z,32.2,22,8.1,32.2,0.0,13,1015.4,7.3,9.6,308,24.8,801.0,798.6,139.0
US_ERCO_Dallas,2026-09-09T20:00Z,37.5,32,18.2,40.6,0.0,33,1001.3,8.7,12.0,147,27.0,800.0,778.6,139.0
US_ERCO_Houston,2026-09-09T20:00Z,30.6,69,24.2,36.2,0.1,96,1015.5,4.5,6.1,92,18.4,525.0,210.5,343.0
US_ISNE_Boston,2026-09-09T20:00Z,25.2,60,16.9,25.5,0.2,98,1017.6,14.4,22.7,188,33.8,384.0,309.4,197.0
US_MISO_Chicago,2026-09-09T20:00Z,25.6,74,20.7,27.7,0.0,100,985.1,14.6,22.3,260,33.5,399.0,181.7,267.0
US_NYIS_NewYork,2026-09-09T20:00Z,30.3,43,16.5,30.3,0.0,96,1014.9,15.5,23.8,225,41.4,428.0,435.1,149.0
US_PJM_Philadelphia,2026-09-09T20:00Z,29.8,47,17.3,30.0,0.0,27,1016.5,17.0,26.2,212,42.1,564.0,638.4,145.0
US_SWPP_OklahomaCity,2026-09-09T20:00Z,38.8,28,16.8,40.2,0.0,30,974.1,13.4,19.0,197,36.4,732.0,719.2,135.0
VN_DaNang,2026-09-09T20:00Z,24.8,95,24.0,30.4,2.2,96,1007.9,3.5,4.7,286,12.6,0.0,0.0,0.0
VN_HaNoi,2026-09-09T20:00Z,25.2,94,24.1,30.0,0.1,45,1007.5,8.9,14.9,30,18.7,0.0,0.0,0.0
VN_HoChiMinh,2026-09-09T20:00Z,25.5,96,24.8,31.4,0.3,100,1006.9,4.3,11.4,246,11.9,0.0,0.0,0.0
AT_Vienna,2026-09-09T21:00Z,17.0,86,14.7,15.8,0.3,100,991.7,19.0,33.1,303,48.6,0.0,0.0,0.0
BE_Brussels,2026-09-09T21:00Z,13.8,82,10.8,13.2,0.0,2,1016.0,5.2,13.4,316,14.8,0.0,0.0,0.0
DE_Berlin,2026-09-09T21:00Z,16.0,58,7.8,13.2,0.0,1,1008.0,14.7,28.6,253,30.2,0.0,0.0,0.0
DE_Hamburg,2026-09-09T21:00Z,13.6,91,12.1,12.2,0.0,5,1010.7,13.8,25.4,298,28.4,0.0,0.0,0.0
DE_Munich,2026-09-09T21:00Z,12.8,89,10.9,11.6,0.0,90,957.6,9.6,18.4,238,19.1,0.0,0.0,0.0
ES_Madrid,2026-09-09T21:00Z,20.1,37,4.9,16.2,0.0,1,941.5,17.9,29.7,40,41.0,0.0,0.0,0.0
FR_Paris,2026-09-09T21:00Z,15.2,66,8.9,14.1,0.0,0,1014.1,5.7,14.8,357,15.1,0.0,0.0,0.0
NL_Amsterdam,2026-09-09T21:00Z,13.3,85,10.8,12.7,0.0,22,1016.6,5.7,17.8,316,11.9,0.0,0.0,0.0
PL_Warsaw,2026-09-09T21:00Z,18.8,75,14.3,18.2,0.0,55,996.5,13.6,26.3,318,29.5,0.0,0.0,0.0
US_BPAT_Portland,2026-09-09T21:00Z,26.5,37,10.7,26.9,0.0,47,1017.4,6.9,10.0,342,21.6,751.0,824.6,128.0
US_CISO_LosAngeles,2026-09-09T21:00Z,40.5,26,17.4,44.0,0.0,0,1002.7,6.5,8.7,214,22.7,846.0,864.2,103.0
US_CISO_SanFrancisco,2026-09-09T21:00Z,33.6,20,7.6,33.3,0.0,88,1014.7,8.8,10.6,294,27.0,828.0,873.1,99.0
US_ERCO_Dallas,2026-09-09T21:00Z,37.5,32,18.0,39.5,0.1,25,1000.6,11.4,15.6,147,31.3,689.0,736.3,129.0
US_ERCO_Houston,2026-09-09T21:00Z,30.9,64,23.3,35.4,0.6,98,1014.7,8.7,12.0,98,23.0,588.0,408.9,274.0
US_ISNE_Boston,2026-09-09T21:00Z,23.8,71,18.3,24.1,0.0,100,1016.9,19.1,29.1,189,42.1,198.0,100.4,152.0
US_MISO_Chicago,2026-09-09T21:00Z,25.7,73,20.4,27.4,0.0,98,984.7,15.7,25.0,264,36.4,302.0,72.5,257.0
US_NYIS_NewYork,2026-09-09T21:00Z,30.0,44,16.5,30.3,0.0,99,1013.9,13.7,21.9,222,38.2,222.0,140.5,152.0
US_PJM_Philadelphia,2026-09-09T21:00Z,29.3,48,17.2,29.2,0.0,25,1015.7,17.4,26.9,206,40.3,396.0,526.9,125.0
US_SWPP_OklahomaCity,2026-09-09T21:00Z,38.6,28,16.8,39.7,0.0,15,973.2,12.6,18.1,193,37.8,670.0,720.5,132.0
VN_DaNang,2026-09-09T21:00Z,24.5,99,24.3,29.9,0.2,87,1007.6,5.8,8.6,282,14.8,0.0,0.0,0.0
VN_HaNoi,2026-09-09T21:00Z,24.9,93,23.7,29.7,0.1,17,1007.6,7.6,12.6,28,16.6,0.0,0.0,0.0
VN_HoChiMinh,2026-09-09T21:00Z,25.1,98,24.7,30.5,2.0,100,1006.5,7.9,14.5,284,15.5,0.0,0.0,0.0
AT_Vienna,2026-09-09T22:00Z,17.0,82,13.9,15.6,0.0,100,992.0,18.3,31.9,303,42.8,0.0,0.0,0.0
BE_Brussels,2026-09-09T22:00Z,13.3,85,10.8,13.0,0.0,3,1016.2,3.3,10.1,329,10.4,0.0,0.0,0.0
DE_Berlin,2026-09-09T22:00Z,15.5,64,8.6,12.9,0.0,11,1008.1,15.3,28.5,248,31.3,0.0,0.0,0.0
DE_Hamburg,2026-09-09T22:00Z,13.1,92,11.7,11.6,0.0,44,1011.5,13.3,24.8,292,27.7,0.0,0.0,0.0
DE_Munich,2026-09-09T22:00Z,12.7,89,10.9,11.5,0.0,98,957.9,10.0,19.5,236,19.8,0.0,0.0,0.0
ES_Madrid,2026-09-09T22:00Z,18.6,42,5.5,15.0,0.0,0,941.8,17.1,28.5,44,41.4,0.0,0.0,0.0
FR_Paris,2026-09-09T22:00Z,14.4,70,9.0,13.5,0.0,0,1014.1,4.5,13.3,19,11.5,0.0,0.0,0.0
NL_Amsterdam,2026-09-09T22:00Z,12.8,88,10.9,12.5,0.0,5,1016.8,3.2,13.4,319,11.2,0.0,0.0,0.0
PL_Warsaw,2026-09-09T22:00Z,17.9,77,13.8,17.6,0.0,100,997.1,9.9,19.9,322,28.8,0.0,0.0,0.0
US_BPAT_Portland,2026-09-09T22:00Z,27.5,36,11.2,27.6,0.0,17,1016.7,8.3,11.8,343,23.4,705.0,830.2,112.0
US_CISO_LosAngeles,2026-09-09T22:00Z,40.2,26,17.0,42.7,0.0,0,1002.0,8.4,11.1,219,25.9,770.0,843.9,99.0
US_CISO_SanFrancisco,2026-09-09T22:00Z,30.8,29,10.8,29.7,0.0,43,1014.3,14.9,19.7,278,36.4,708.0,618.3,221.0
US_ERCO_Dallas,2026-09-09T22:00Z,37.0,33,18.0,38.1,0.0,14,999.9,12.3,17.5,154,33.1,543.0,700.9,106.0
US_ERCO_Houston,2026-09-09T22:00Z,30.2,69,23.8,34.8,0.1,97,1014.1,8.7,12.6,99,23.8,369.0,193.0,249.0
US_ISNE_Boston,2026-09-09T22:00Z,22.1,85,19.4,23.2,1.1,100,1016.3,17.0,28.9,192,42.1,25.0,0.0,25.0
US_MISO_Chicago,2026-09-09T22:00Z,25.5,76,20.9,28.0,0.0,100,984.5,12.5,20.5,267,36.0,248.0,144.7,179.0
US_NYIS_NewYork,2026-09-09T22:00Z,29.2,47,16.7,29.1,0.0,98,1013.3,16.3,27.1,216,37.8,118.0,95.4,87.0
US_PJM_Philadelphia,2026-09-09T22:00Z,28.4,51,17.3,28.5,0.0,58,1015.3,17.0,27.9,204,40.3,268.0,571.7,73.0
US_SWPP_OklahomaCity,2026-09-09T22:00Z,38.0,29,16.8,38.5,0.0,6,972.8,12.8,18.5,187,34.9,529.0,677.1,112.0
VN_DaNang,2026-09-09T22:00Z,24.7,98,24.4,30.6,0.1,35,1007.6,3.4,6.5,283,11.5,0.0,0.0,0.0
VN_HaNoi,2026-09-09T22:00Z,24.6,93,23.4,29.2,0.0,54,1008.3,7.9,14.6,16,15.5,0.0,0.0,0.0
VN_HoChiMinh,2026-09-09T22:00Z,24.6,99,24.4,30.3,1.6,98,1006.8,3.9,7.7,295,15.1,0.0,0.0,0.0
AT_Vienna,2026-09-09T23:00Z,16.7,83,13.8,15.2,0.0,100,992.3,18.5,32.0,294,42.8,0.0,0.0,0.0
BE_Brussels,2026-09-09T23:00Z,13.0,86,10.7,12.9,0.0,5,1016.2,1.7,6.0,335,6.5,0.0,0.0,0.0
DE_Berlin,2026-09-09T23:00Z,14.9,71,9.6,12.4,0.0,100,1008.4,16.1,29.1,256,33.5,0.0,0.0,0.0
DE_Hamburg,2026-09-09T23:00Z,13.0,90,11.4,11.4,0.1,26,1012.3,13.9,25.3,289,29.5,0.0,0.0,0.0
DE_Munich,2026-09-09T23:00Z,12.0,91,10.6,10.7,0.0,98,957.6,10.0,19.8,243,19.1,0.0,0.0,0.0
ES_Madrid,2026-09-09T23:00Z,17.3,47,6.0,13.9,0.0,5,941.9,16.2,26.2,51,39.6,0.0,0.0,0.0
FR_Paris,2026-09-09T23:00Z,13.7,76,9.4,13.1,0.0,1,1014.0,2.7,9.2,28,9.4,0.0,0.0,0.0
NL_Amsterdam,2026-09-09T23:00Z,12.2,91,10.8,12.0,0.0,2,1016.9,2.7,9.4,300,5.8,0.0,0.0,0.0
PL_Warsaw,2026-09-09T23:00Z,17.2,78,13.4,16.3,0.0,100,997.3,13.2,24.0,313,30.6,0.0,0.0,0.0
US_BPAT_Portland,2026-09-09T23:00Z,28.0,34,10.7,27.2,0.0,2,1016.1,9.2,13.3,341,24.5,611.0,822.5,94.0
US_CISO_LosAngeles,2026-09-09T23:00Z,39.0,25,15.5,39.7,0.0,0,1001.5,11.2,15.3,230,30.6,642.0,806.3,94.0
US_CISO_SanFrancisco,2026-09-09T23:00Z,29.5,34,12.1,28.1,0.0,63,1013.6,17.5,27.4,277,39.6,648.0,767.8,118.0
US_ERCO_Dallas,2026-09-09T23:00Z,36.4,34,18.1,37.4,0.0,13,999.1,12.9,18.6,150,32.8,366.0,630.5,84.0
US_ERCO_Houston,2026-09-09T23:00Z,29.7,69,23.4,34.0,0.2,100,1013.8,9.6,14.3,119,23.4,282.0,304.7,149.0
US_ISNE_Boston,2026-09-09T23:00Z,21.6,88,19.6,22.7,0.4,100,1015.3,18.1,31.4,192,37.1,17.0,0.0,17.0
US_MISO_Chicago,2026-09-09T23:00Z,24.8,80,21.2,27.7,0.0,15,984.2,10.5,18.9,256,26.6,88.0,0.0,88.0
US_NYIS_NewYork,2026-09-09T23:00Z,28.4,50,16.9,28.4,0.0,63,1013.0,16.9,30.5,217,38.9,46.0,88.4,34.0
US_PJM_Philadelphia,2026-09-09T23:00Z,27.2,57,18.0,27.9,0.0,9,1014.9,14.5,26.5,199,38.2,86.0,296.5,42.0
US_SWPP_OklahomaCity,2026-09-09T23:00Z,37.7,29,16.6,38.0,0.0,5,972.2,13.5,19.8,190,34.9,366.0,629.3,85.0
VN_DaNang,2026-09-09T23:00Z,25.0,97,24.5,30.7,0.0,56,1007.7,4.1,6.6,286,8.3,7.0,28.5,5.0
VN_HaNoi,2026-09-09T23:00Z,23.5,97,22.9,27.3,2.4,85,1008.9,10.9,20.3,21,30.2,2.0,0.0,2.0
VN_HoChiMinh,2026-09-09T23:00Z,24.2,100,24.1,30.0,2.0,100,1007.0,2.2,2.3,288,11.2,1.0,0.0,1.0
AT_Vienna,2026-09-10T00:00Z,16.0,81,12.7,14.3,0.0,100,992.7,17.1,30.6,302,42.5,0.0,0.0,0.0
BE_Brussels,2026-09-10T00:00Z,12.2,90,10.6,11.6,0.0,19,1016.3,5.0,4.2,252,7.2,0.0,0.0,0.0
DE_Berlin,2026-09-10T00:00Z,14.4,77,10.5,12.6,0.0,26,1009.3,12.7,24.0,280,35.3,0.0,0.0,0.0
DE_Hamburg,2026-09-10T00:00Z,13.0,88,11.1,11.5,0.0,28,1012.5,12.6,23.8,270,28.8,0.0,0.0,0.0
DE_Munich,2026-09-10T00:00Z,12.5,85,10.0,11.1,0.0,91,957.4,9.1,18.4,219,19.1,0.0,0.0,0.0
ES_Madrid,2026-09-10T00:00Z,15.8,50,5.4,12.6,0.0,1,941.2,13.5,23.2,48,36.7,0.0,0.0,0.0
FR_Paris,2026-09-10T00:00Z,12.2,85,9.7,11.6,0.0,12,1014.3,4.0,10.1,335,6.1,0.0,0.0,0.0
NL_Amsterdam,2026-09-10T00:00Z,11.9,91,10.5,11.5,0.0,3,1016.9,3.6,14.3,309,6.5,0.0,0.0,0.0
PL_Warsaw,2026-09-10T00:00Z,15.5,94,14.5,15.2,0.3,100,997.8,12.4,24.5,322,28.8,0.0,0.0,0.0
US_BPAT_Portland,2026-09-10T00:00Z,28.8,30,9.6,27.4,0.0,0,1015.5,8.4,12.6,349,24.1,471.0,775.4,80.0
US_CISO_LosAngeles,2026-09-10T00:00Z,37.9,28,16.1,38.0,0.0,0,1001.0,13.1,20.2,235,31.3,462.0,725.3,84.0
US_CISO_SanFrancisco,2026-09-10T00:00Z,31.5,31,12.5,30.9,0.0,99,1012.8,9.5,13.0,280,38.9,488.0,687.8,110.0
US_ERCO_Dallas,2026-09-10T00:00Z,35.7,33,17.1,36.2,0.0,9,999.2,13.4,20.3,140,32.4,167.0,451.4,57.0
US_ERCO_Houston,2026-09-10T00:00Z,28.6,79,24.7,34.5,0.1,79,1014.2,4.3,9.6,154,22.3,82.0,84.7,63.0
US_ISNE_Boston,2026-09-10T00:00Z,21.7,90,20.0,22.9,0.9,100,1014.8,18.6,33.0,191,40.7,0.0,0.0,0.0
US_MISO_Chicago,2026-09-10T00:00Z,24.2,84,21.3,27.4,0.0,7,984.5,9.0,18.3,250,22.3,70.0,286.8,34.0
US_NYIS_NewYork,2026-09-10T00:00Z,27.1,56,17.6,27.6,0.0,49,1012.7,15.0,28.3,206,41.0,1.0,0.0,1.0
US_PJM_Philadelphia,2026-09-10T00:00Z,26.0,65,18.8,26.9,0.0,38,1014.6,16.0,29.5,198,34.2,2.0,19.1,1.0
US_SWPP_OklahomaCity,2026-09-10T00:00Z,36.1,31,16.4,36.0,0.2,52,972.1,15.8,23.6,176,34.9,176.0,483.5,55.0
VN_DaNang,2026-09-10T00:00Z,26.5,85,23.7,31.6,0.0,76,1008.9,5.0,7.2,307,13.7,134.0,379.0,53.0
VN_HaNoi,2026-09-10T00:00Z,25.3,96,24.6,31.0,0.3,100,1009.4,4.9,4.9,268,19.8,86.0,169.8,56.0
VN_HoChiMinh,2026-09-10T00:00Z,25.1,94,24.1,30.6,1.0,100,1007.8,4.0,4.4,305,8.3,29.0,10.8,27.0
AT_Vienna,2026-09-10T01:00Z,15.9,84,13.1,14.4,0.0,100,992.7,16.7,29.3,296,38.5,0.0,0.0,0.0
BE_Brussels,2026-09-10T01:00Z,11.8,91,10.3,10.9,0.0,15,1016.2,6.3,8.0,230,12.2,0.0,0.0,0.0
DE_Berlin,2026-09-10T01:00Z,14.0,82,10.9,12.2,0.1,22,1009.7,14.0,25.7,289,28.8,0.0,0.0,0.0
DE_Hamburg,2026-09-10T01:00Z,12.8,87,10.7,11.1,0.0,48,1012.7,13.0,25.1,276,26.6,0.0,0.0,0.0
DE_Munich,2026-09-10T01:00Z,12.0,86,9.7,11.0,0.0,100,957.0,6.0,14.4,237,17.6,0.0,0.0,0.0
ES_Madrid,2026-09-10T01:00Z,15.1,51,4.9,12.1,0.0,5,941.2,11.6,19.6,44,30.2,0.0,0.0,0.0
FR_Paris,2026-09-10T01:00Z,11.8,87,9.7,11.1,0.0,20,1014.4,4.3,11.5,318,10.1,0.0,0.0,0.0
NL_Amsterdam,2026-09-10T01:00Z,11.8,89,10.1,11.3,0.0,2,1017.1,3.6,14.4,311,7.2,0.0,0.0,0.0
PL_Warsaw,2026-09-10T01:00Z,15.7,94,14.8,16.0,1.0,100,998.9,8.7,17.7,289,24.5,0.0,0.0,0.0
US_BPAT_Portland,2026-09-10T01:00Z,28.3,30,9.2,26.9,0.0,0,1014.7,8.1,13.1,341,22.0,302.0,671.8,67.0
US_CISO_LosAngeles,2026-09-10T01:00Z,36.1,33,17.1,37.4,0.0,1,1001.2,8.0,13.9,236,30.6,262.0,602.3,63.0
US_CISO_SanFrancisco,2026-09-10T01:00Z,31.3,31,12.1,30.7,0.0,99,1012.3,7.9,10.1,280,23.0,233.0,202.7,157.0
US_ERCO_Dallas,2026-09-10T01:00Z,35.0,35,17.1,35.6,0.0,5,999.2,13.0,20.7,143,32.0,22.0,111.1,12.0
US_ERCO_Houston,2026-09-10T01:00Z,28.1,82,24.8,33.6,0.0,71,1014.0,7.2,14.8,148,14.0,12.0,25.3,10.0
US_ISNE_Boston,2026-09-10T01:00Z,21.7,91,20.2,22.6,0.8,100,1014.1,21.3,36.8,199,43.2,0.0,0.0,0.0
US_MISO_Chicago,2026-09-10T01:00Z,23.4,87,21.2,26.5,0.0,8,984.5,9.3,19.3,250,18.4,0.0,0.0,0.0
US_NYIS_NewYork,2026-09-10T01:00Z,26.2,61,18.1,26.8,0.0,60,1013.2,15.4,28.5,200,34.6,0.0,0.0,0.0
US_PJM_Philadelphia,2026-09-10T01:00Z,25.3,66,18.6,26.0,0.0,52,1014.9,16.6,30.9,203,36.4,0.0,0.0,0.0
US_SWPP_OklahomaCity,2026-09-10T01:00Z,33.7,41,18.8,35.6,0.0,37,972.3,9.5,20.2,171,46.4,20.0,95.3,11.0
VN_DaNang,2026-09-10T01:00Z,27.6,79,23.7,32.6,0.0,91,1009.6,6.5,8.9,302,18.4,333.0,451.7,130.0
VN_HaNoi,2026-09-10T01:00Z,25.9,92,24.6,31.8,0.0,74,1010.3,3.4,4.2,277,12.2,139.0,75.9,108.0
VN_HoChiMinh,2026-09-10T01:00Z,24.5,98,24.1,30.0,2.8,99,1008.0,4.3,3.7,11,20.9,89.0,11.7,84.0
AT_Vienna,2026-09-10T02:00Z,15.7,83,12.8,14.2,0.0,100,993.0,16.2,28.3,303,39.2,0.0,0.0,0.0
BE_Brussels,2026-09-10T02:00Z,11.5,91,10.0,10.6,0.0,19,1016.1,6.1,11.0,235,12.2,0.0,0.0,0.0
DE_Berlin,2026-09-10T02:00Z,13.5,86,11.1,11.8,0.0,13,1010.2,13.6,25.2,289,29.2,0.0,0.0,0.0
DE_Hamburg,2026-09-10T02:00Z,12.7,85,10.2,11.0,0.0,39,1013.0,12.3,23.4,280,27.7,0.0,0.0,0.0
DE_Munich,2026-09-10T02:00Z,11.9,87,9.8,11.1,0.0,100,957.1,5.4,12.6,248,11.2,0.0,0.0,0.0
ES_Madrid,2026-09-10T02:00Z,14.3,52,4.7,11.5,0.0,13,940.8,10.4,18.7,40,26.3,0.0,0.0,0.0
FR_Paris,2026-09-10T02:00Z,11.4,90,9.8,10.9,0.0,3,1013.8,2.8,8.5,322,9.4,0.0,0.0,0.0
NL_Amsterdam,2026-09-10T02:00Z,11.7,88,9.8,11.3,0.0,12,1017.1,2.3,13.5,314,6.5,0.0,0.0,0.0
PL_Warsaw,2026-09-10T02:00Z,15.4,96,14.7,15.4,1.5,100,998.7,10.4,20.2,286,19.8,0.0,0.0,0.0
US_BPAT_Portland,2026-09-10T02:00Z,26.2,36,10.0,24.9,0.0,0,1014.4,8.7,17.9,335,19.1,126.0,478.1,42.0
US_CISO_LosAngeles,2026-09-10T02:00Z,34.2,36,17.1,35.7,0.0,3,1001.4,6.7,13.0,245,20.5,74.0,339.1,28.0
US_CISO_SanFrancisco,2026-09-10T02:00Z,30.8,30,11.0,30.0,0.0,100,1012.3,7.5,10.5,287,19.1,94.0,106.5,75.0
US_ERCO_Dallas,2026-09-10T02:00Z,34.2,36,17.2,34.8,0.0,4,999.8,13.2,22.5,143,31.0,0.0,0.0,0.0
US_ERCO_Houston,2026-09-10T02:00Z,27.6,84,24.6,33.1,0.0,95,1014.1,5.8,13.7,148,14.4,0.0,0.0,0.0
US_ISNE_Boston,2026-09-10T02:00Z,21.4,91,19.9,22.0,0.6,96,1013.0,22.3,38.9,202,45.0,0.0,0.0,0.0
US_MISO_Chicago,2026-09-10T02:00Z,22.8,90,21.1,25.8,0.0,5,984.5,9.5,20.4,253,19.1,0.0,0.0,0.0
US_NYIS_NewYork,2026-09-10T02:00Z,25.1,69,18.9,25.9,0.0,10,1012.6,17.1,30.2,200,37.4,0.0,0.0,0.0
US_PJM_Philadelphia,2026-09-10T02:00Z,24.7,67,18.1,25.1,0.0,7,1014.2,17.1,31.7,201,37.1,0.0,0.0,0.0
US_SWPP_OklahomaCity,2026-09-10T02:00Z,34.1,39,18.3,35.1,0.0,21,972.8,13.4,22.9,171,29.9,0.0,0.0,0.0
VN_DaNang,2026-09-10T02:00Z,29.1,75,24.2,34.6,0.0,91,1009.7,4.8,6.5,314,19.8,533.0,541.1,178.0
VN_HaNoi,2026-09-10T02:00Z,27.0,87,24.7,32.6,0.0,46,1010.8,5.8,7.4,276,19.8,340.0,268.3,175.0
VN_HoChiMinh,2026-09-10T02:00Z,27.4,85,24.7,33.2,0.1,100,1008.0,5.0,7.8,279,14.4,389.0,281.7,208.0
AT_Vienna,2026-09-10T03:00Z,15.5,82,12.5,14.2,0.0,100,993.6,14.3,25.3,302,37.1,0.0,0.0,0.0
BE_Brussels,2026-09-10T03:00Z,11.2,91,9.8,10.2,0.0,30,1016.2,6.5,12.9,235,12.6,0.0,0.0,0.0
DE_Berlin,2026-09-10T03:00Z,13.0,88,11.0,11.5,0.0,9,1011.0,12.2,22.9,283,28.1,0.0,0.0,0.0
DE_Hamburg,2026-09-10T03:00Z,12.2,88,10.2,10.5,0.0,43,1013.4,11.5,22.9,275,25.6,0.0,0.0,0.0
DE_Munich,2026-09-10T03:00Z,11.6,90,9.9,11.1,0.0,100,956.9,3.2,9.3,279,9.7,0.0,0.0,0.0
ES_Madrid,2026-09-10T03:00Z,13.7,55,4.8,11.1,0.0,23,940.7,9.0,17.6,36,23.4,0.0,0.0,0.0
FR_Paris,2026-09-10T03:00Z,11.1,92,9.9,10.7,0.0,6,1013.9,2.5,6.5,326,5.8,0.0,0.0,0.0
NL_Amsterdam,2026-09-10T03:00Z,11.6,88,9.6,11.2,0.0,12,1017.2,1.9,12.1,317,5.0,0.0,0.0,0.0
PL_Warsaw,2026-09-10T03:00Z,15.0,97,14.4,14.9,1.0,100,998.5,10.4,19.9,294,20.5,0.0,0.0,0.0
US_BPAT_Portland,2026-09-10T03:00Z,24.3,40,9.8,22.6,0.0,0,1014.2,11.3,23.3,335,20.5,10.0,65.9,6.0
US_CISO_LosAngeles,2026-09-10T03:00Z,33.5,37,16.7,35.3,0.0,0,1001.7,3.9,6.6,249,14.8,0.0,0.0,0.0
US_CISO_SanFrancisco,2026-09-10T03:00Z,29.3,29,9.4,27.7,0.0,39,1012.4,9.7,15.9,280,19.1,5.0,0.0,5.0
US_ERCO_Dallas,2026-09-10T03:00Z,32.6,45,19.0,33.4,0.0,3,1001.0,17.1,27.5,156,38.9,0.0,0.0,0.0
US_ERCO_Houston,2026-09-10T03:00Z,27.2,85,24.4,32.5,0.0,93,1014.6,6.8,16.2,142,13.3,0.0,0.0,0.0
US_ISNE_Boston,2026-09-10T03:00Z,21.5,87,19.3,21.9,0.0,89,1011.7,22.0,39.0,208,45.7,0.0,0.0,0.0
US_MISO_Chicago,2026-09-10T03:00Z,22.4,92,20.9,25.2,0.0,44,984.8,10.5,22.2,257,20.9,0.0,0.0,0.0
US_NYIS_NewYork,2026-09-10T03:00Z,24.3,69,18.2,24.8,0.0,44,1011.6,17.3,30.9,204,38.5,0.0,0.0,0.0
US_PJM_Philadelphia,2026-09-10T03:00Z,24.0,69,17.9,24.3,0.0,3,1013.3,17.0,31.4,199,37.1,0.0,0.0,0.0
US_SWPP_OklahomaCity,2026-09-10T03:00Z,33.7,40,18.3,35.1,0.0,77,973.8,11.2,19.4,180,30.6,0.0,0.0,0.0
VN_DaNang,2026-09-10T03:00Z,27.2,80,23.5,32.3,1.0,75,1010.2,11.5,16.1,6,37.4,721.0,639.3,197.0
VN_HaNoi,2026-09-10T03:00Z,28.2,81,24.7,33.6,0.0,36,1010.8,7.9,10.6,314,25.2,558.0,408.2,239.0
VN_HoChiMinh,2026-09-10T03:00Z,28.6,78,24.4,33.5,0.0,100,1008.1,9.3,13.3,279,24.5,426.0,135.0,316.0
AT_Vienna,2026-09-10T04:00Z,15.4,81,12.1,14.1,0.0,100,993.9,13.0,23.3,298,32.8,0.0,0.0,0.0
BE_Brussels,2026-09-10T04:00Z,11.1,91,9.7,10.0,0.0,9,1016.2,6.4,13.4,229,12.6,0.0,0.0,0.0
DE_Berlin,2026-09-10T04:00Z,12.5,90,10.9,11.1,0.0,10,1011.4,11.3,22.1,277,24.8,0.0,0.0,0.0
DE_Hamburg,2026-09-10T04:00Z,11.9,90,10.3,10.5,0.0,41,1013.7,10.3,20.9,271,23.8,0.0,0.0,0.0
DE_Munich,2026-09-10T04:00Z,11.5,91,10.0,11.2,0.0,100,957.1,2.4,6.0,267,5.8,0.0,0.0,0.0
ES_Madrid,2026-09-10T04:00Z,13.1,57,4.8,10.5,0.0,22,940.7,8.9,18.1,46,20.2,0.0,0.0,0.0
FR_Paris,2026-09-10T04:00Z,10.8,95,10.0,10.5,0.0,8,1013.8,1.9,4.8,331,5.4,0.0,0.0,0.0
NL_Amsterdam,2026-09-10T04:00Z,11.4,89,9.7,11.2,0.0,13,1017.2,0.9,7.4,319,4.0,0.0,0.0,0.0
PL_Warsaw,2026-09-10T04:00Z,14.5,96,13.9,14.2,0.7,100,999.0,10.6,20.3,290,22.3,0.0,0.0,0.0
US_BPAT_Portland,2026-09-10T04:00Z,23.3,43,9.9,21.5,0.0,0,1014.5,12.0,24.6,339,22.7,0.0,0.0,0.0
US_CISO_LosAngeles,2026-09-10T04:00Z,32.3,41,17.3,34.0,0.0,0,1002.5,5.8,4.7,171,13.0,0.0,0.0,0.0
US_CISO_SanFrancisco,2026-09-10T04:00Z,26.1,34,8.9,23.9,0.0,54,1013.1,12.8,21.9,280,25.2,0.0,0.0,0.0
US_ERCO_Dallas,2026-09-10T04:00Z,31.4,53,20.7,33.2,0.0,1,1001.4,16.2,26.3,165,38.5,0.0,0.0,0.0
US_ERCO_Houston,2026-09-10T04:00Z,27.1,86,24.6,32.6,0.0,97,1014.5,6.4,16.0,145,14.0,0.0,0.0,0.0
US_ISNE_Boston,2026-09-10T04:00Z,21.8,84,19.0,21.9,0.0,84,1010.5,22.6,39.8,213,47.5,0.0,0.0,0.0
US_MISO_Chicago,2026-09-10T04:00Z,22.0,93,20.8,24.7,0.0,100,984.7,10.6,22.3,260,22.0,0.0,0.0,0.0
US_NYIS_NewYork,2026-09-10T04:00Z,23.9,69,17.8,24.1,0.0,37,1011.2,17.3,31.2,212,38.2,0.0,0.0,0.0
US_PJM_Philadelphia,2026-09-10T04:00Z,23.6,71,18.0,23.9,0.0,34,1013.0,17.3,32.0,206,37.4,0.0,0.0,0.0
US_SWPP_OklahomaCity,2026-09-10T04:00Z,32.9,42,18.3,34.0,0.0,48,973.7,12.7,22.0,176,29.5,0.0,0.0,0.0
VN_DaNang,2026-09-10T04:00Z,28.1,79,24.0,33.3,0.4,78,1010.2,10.0,13.3,352,27.7,659.0,447.8,243.0
VN_HaNoi,2026-09-10T04:00Z,29.3,77,24.8,35.5,0.3,100,1010.8,10.0,13.1,337,29.2,752.0,571.0,240.0
VN_HoChiMinh,2026-09-10T04:00Z,28.4,80,24.6,33.6,0.1,100,1007.8,7.9,11.7,271,23.8,288.0,10.7,278.0
AT_Vienna,2026-09-10T05:00Z,15.3,79,11.7,13.9,0.0,100,994.1,13.1,23.3,299,29.5,3.0,0.0,3.0
BE_Brussels,2026-09-10T05:00Z,10.9,91,9.5,9.8,0.0,1,1016.1,6.5,13.5,223,12.2,0.0,0.0,0.0
DE_Berlin,2026-09-10T05:00Z,12.1,92,10.9,10.6,0.0,5,1011.9,12.4,23.6,274,25.6,5.0,19.1,4.0
DE_Hamburg,2026-09-10T05:00Z,11.6,92,10.3,10.3,0.0,25,1013.9,9.0,18.7,263,20.9,1.0,0.0,1.0
DE_Munich,2026-09-10T05:00Z,11.3,92,10.1,11.1,0.0,100,957.0,1.5,4.6,351,4.3,1.0,0.0,1.0
ES_Madrid,2026-09-10T05:00Z,12.6,58,4.6,10.0,0.0,93,940.9,8.6,17.6,48,19.8,0.0,0.0,0.0
FR_Paris,2026-09-10T05:00Z,10.6,96,10.1,10.4,0.0,12,1013.8,1.3,3.6,319,4.3,0.0,0.0,0.0
NL_Amsterdam,2026-09-10T05:00Z,10.8,95,10.1,10.4,0.0,23,1017.1,2.6,2.5,270,6.5,0.0,0.0,0.0
PL_Warsaw,2026-09-10T05:00Z,14.1,95,13.3,13.8,0.8,99,999.1,8.7,17.2,260,20.5,4.0,0.0,4.0
US_BPAT_Portland,2026-09-10T05:00Z,22.2,47,10.2,20.9,0.0,0,1014.7,9.7,21.5,338,22.3,0.0,0.0,0.0
US_CISO_LosAngeles,2026-09-10T05:00Z,31.2,45,17.7,33.2,0.0,1,1002.9,4.5,3.1,170,12.6,0.0,0.0,0.0
US_CISO_SanFrancisco,2026-09-10T05:00Z,25.1,38,9.6,23.4,0.0,10,1013.6,11.2,21.4,288,24.5,0.0,0.0,0.0
US_ERCO_Dallas,2026-09-10T05:00Z,30.5,59,21.5,33.1,0.0,0,1001.3,13.5,22.4,172,36.0,0.0,0.0,0.0
US_ERCO_Houston,2026-09-10T05:00Z,26.8,89,24.8,32.6,0.0,77,1014.5,5.1,13.1,127,11.9,0.0,0.0,0.0
US_ISNE_Boston,2026-09-10T05:00Z,22.1,80,18.5,21.8,0.0,100,1010.0,23.4,41.1,216,49.3,0.0,0.0,0.0
US_MISO_Chicago,2026-09-10T05:00Z,21.8,93,20.6,24.5,0.0,99,984.6,10.0,20.8,258,21.6,0.0,0.0,0.0
US_NYIS_NewYork,2026-09-10T05:00Z,23.6,69,17.6,23.8,0.0,52,1010.7,17.4,31.6,217,37.8,0.0,0.0,0.0
US_PJM_Philadelphia,2026-09-10T05:00Z,23.5,73,18.3,24.0,0.0,24,1012.7,16.9,31.6,212,37.4,0.0,0.0,0.0
US_SWPP_OklahomaCity,2026-09-10T05:00Z,32.0,45,18.5,33.0,0.0,38,973.4,13.9,24.1,178,32.8,0.0,0.0,0.0
VN_DaNang,2026-09-10T05:00Z,29.5,71,23.7,35.3,0.1,55,1009.3,8.7,11.4,355,30.6,761.0,449.5,322.0
VN_HaNoi,2026-09-10T05:00Z,28.2,80,24.3,33.8,2.6,31,1010.0,11.2,15.1,9,31.0,733.0,457.5,297.0
VN_HoChiMinh,2026-09-10T05:00Z,28.3,82,24.8,33.9,0.2,70,1006.9,6.5,9.1,288,19.8,269.0,30.4,239.0
AT_Vienna,2026-09-10T06:00Z,15.1,77,11.2,13.9,0.0,100,994.7,10.4,21.0,292,29.5,31.0,0.0,31.0
BE_Brussels,2026-09-10T06:00Z,11.1,90,9.6,9.7,0.0,1,1016.5,8.4,16.8,219,15.8,24.0,155.0,12.0
DE_Berlin,2026-09-10T06:00Z,13.4,83,10.5,11.6,0.0,3,1012.8,13.0,23.1,273,27.4,88.0,340.9,41.0
DE_Hamburg,2026-09-10T06:00Z,12.1,90,10.6,10.9,0.0,63,1014.6,9.3,19.4,264,19.1,57.0,266.4,29.0
DE_Munich,2026-09-10T06:00Z,11.0,93,9.9,10.6,0.0,97,957.0,2.6,5.4,42,6.5,33.0,8.3,32.0
ES_Madrid,2026-09-10T06:00Z,12.0,61,4.8,9.5,0.0,76,941.4,7.8,15.7,50,19.4,0.0,0.0,0.0
FR_Paris,2026-09-10T06:00Z,10.4,96,9.8,10.0,0.0,3,1014.4,1.9,3.4,342,3.2,15.0,90.0,9.0
NL_Amsterdam,2026-09-10T06:00Z,10.5,98,10.2,9.4,0.0,8,1017.4,8.3,7.3,190,14.0,27.0,151.3,15.0
PL_Warsaw,2026-09-10T06:00Z,13.7,90,12.1,12.7,0.0,43,1000.1,10.9,20.7,237,23.4,57.0,18.4,53.0
US_BPAT_Portland,2026-09-10T06:00Z,20.4,53,10.6,19.8,0.0,0,1014.4,5.6,17.1,341,18.7,0.0,0.0,0.0
US_CISO_LosAngeles,2026-09-10T06:00Z,29.9,47,17.3,31.8,0.0,0,1002.5,4.0,3.5,201,11.5,0.0,0.0,0.0
US_CISO_SanFrancisco,2026-09-10T06:00Z,24.8,38,9.5,24.1,0.0,1,1013.2,3.8,8.7,288,22.3,0.0,0.0,0.0
US_ERCO_Dallas,2026-09-10T06:00Z,29.1,65,21.9,31.9,0.0,1,1001.8,14.2,24.0,178,31.0,0.0,0.0,0.0
US_ERCO_Houston,2026-09-10T06:00Z,25.9,95,25.0,31.9,0.0,41,1015.0,4.5,12.3,128,9.4,0.0,0.0,0.0
US_ISNE_Boston,2026-09-10T06:00Z,22.6,78,18.6,22.4,0.0,100,1009.1,23.5,41.1,219,49.7,0.0,0.0,0.0
US_MISO_Chicago,2026-09-10T06:00Z,20.7,98,20.4,23.2,0.0,100,985.0,11.0,21.2,256,21.6,0.0,0.0,0.0
US_NYIS_NewYork,2026-09-10T06:00Z,23.4,71,17.9,23.8,0.0,63,1010.6,16.6,30.4,225,37.8,0.0,0.0,0.0
US_PJM_Philadelphia,2026-09-10T06:00Z,23.5,75,18.8,24.1,0.0,55,1012.4,17.6,33.1,218,38.5,0.0,0.0,0.0
US_SWPP_OklahomaCity,2026-09-10T06:00Z,30.8,48,18.6,31.6,0.0,55,973.8,15.5,27.5,186,32.0,0.0,0.0,0.0
VN_DaNang,2026-09-10T06:00Z,29.8,68,23.2,35.9,0.4,45,1008.7,10.1,13.0,25,35.6,889.0,708.9,209.0
VN_HaNoi,2026-09-10T06:00Z,28.6,76,24.0,34.8,0.4,99,1009.8,6.8,8.4,74,30.2,724.0,441.7,306.0
VN_HoChiMinh,2026-09-10T06:00Z,29.5,68,23.0,34.5,0.2,67,1005.9,9.6,14.3,264,22.3,703.0,482.0,232.0
AT_Vienna,2026-09-10T07:00Z,15.6,75,11.2,14.2,0.0,100,994.9,11.8,20.5,295,26.3,91.0,14.7,86.0
BE_Brussels,2026-09-10T07:00Z,12.8,85,10.3,11.8,0.0,5,1016.8,7.3,18.0,222,16.6,153.0,513.1,49.0
DE_Berlin,2026-09-10T07:00Z,14.7,73,10.0,12.6,0.0,10,1012.9,14.4,22.7,270,32.8,228.0,536.8,72.0
DE_Hamburg,2026-09-10T07:00Z,13.3,85,10.8,12.2,0.0,51,1015.2,8.6,18.4,256,19.8,158.0,276.4,88.0
DE_Munich,2026-09-10T07:00Z,11.9,87,9.9,11.6,0.0,74,958.2,1.8,2.2,346,9.4,148.0,114.5,115.0
ES_Madrid,2026-09-10T07:00Z,12.6,59,4.8,10.2,0.0,77,942.0,7.6,13.2,40,19.4,74.0,298.9,36.0
FR_Paris,2026-09-10T07:00Z,12.0,89,10.2,11.7,0.0,6,1014.7,2.0,3.1,294,9.0,133.0,468.2,47.0
NL_Amsterdam,2026-09-10T07:00Z,12.5,91,11.1,11.7,0.0,55,1017.9,7.7,15.1,192,15.5,146.0,439.5,56.0
PL_Warsaw,2026-09-10T07:00Z,15.4,76,11.2,13.9,0.0,25,1000.0,12.9,20.3,234,29.5,263.0,458.6,96.0
US_BPAT_Portland,2026-09-10T07:00Z,19.9,58,11.3,19.2,0.0,0,1014.2,7.1,17.8,344,14.4,0.0,0.0,0.0
US_CISO_LosAngeles,2026-09-10T07:00Z,28.9,51,17.6,30.7,0.0,0,1002.7,6.1,7.9,133,12.2,0.0,0.0,0.0
US_CISO_SanFrancisco,2026-09-10T07:00Z,23.7,42,10.1,22.9,0.0,1,1013.4,6.0,6.1,227,13.7,0.0,0.0,0.0
US_ERCO_Dallas,2026-09-10T07:00Z,28.6,68,22.0,31.7,0.0,1,1001.7,11.9,19.9,185,31.3,0.0,0.0,0.0
US_ERCO_Houston,2026-09-10T07:00Z,25.0,99,24.9,30.6,0.4,71,1015.5,6.9,6.7,268,12.6,0.0,0.0,0.0
US_ISNE_Boston,2026-09-10T07:00Z,22.8,77,18.5,22.5,0.0,99,1008.5,23.3,40.3,221,49.7,0.0,0.0,0.0
US_MISO_Chicago,2026-09-10T07:00Z,20.8,98,20.4,23.4,0.0,92,985.0,10.3,21.5,261,22.0,0.0,0.0,0.0
US_NYIS_NewYork,2026-09-10T07:00Z,23.5,72,18.1,24.0,0.0,100,1009.8,16.4,30.2,225,36.0,0.0,0.0,0.0
US_PJM_Philadelphia,2026-09-10T07:00Z,23.9,71,18.4,24.4,0.0,82,1011.7,17.4,32.8,222,38.2,0.0,0.0,0.0
US_SWPP_OklahomaCity,2026-09-10T07:00Z,30.4,48,18.1,31.2,0.0,5,973.5,15.0,26.7,192,35.6,0.0,0.0,0.0
VN_DaNang,2026-09-10T07:00Z,29.3,68,22.9,33.9,0.2,70,1007.6,11.6,15.5,31,31.7,718.0,540.9,243.0
VN_HaNoi,2026-09-10T07:00Z,26.2,85,23.4,30.6,2.7,99,1009.2,13.8,18.2,346,31.3,684.0,471.9,270.0
VN_HoChiMinh,2026-09-10T07:00Z,30.5,63,22.7,34.9,0.0,73,1004.8,8.8,12.6,253,24.1,608.0,379.7,266.0
AT_Vienna,2026-09-10T08:00Z,16.7,66,10.3,15.1,0.0,100,995.6,11.9,18.2,300,29.2,255.0,111.2,201.0
BE_Brussels,2026-09-10T08:00Z,15.1,75,10.7,14.5,0.0,8,1017.0,5.4,11.9,221,16.2,316.0,696.1,68.0
DE_Berlin,2026-09-10T08:00Z,15.9,61,8.5,12.9,0.0,55,1013.3,17.5,26.3,282,40.3,370.0,665.6,85.0
DE_Hamburg,2026-09-10T08:00Z,14.7,77,10.6,13.3,0.0,70,1015.8,10.4,16.3,259,24.8,274.0,400.6,117.0
DE_Munich,2026-09-10T08:00Z,13.8,75,9.4,12.9,0.0,66,958.6,4.7,6.4,47,15.8,342.0,466.3,136.0
ES_Madrid,2026-09-10T08:00Z,14.1,52,4.5,11.8,0.0,88,942.2,6.6,10.4,45,20.2,232.0,388.9,112.0
FR_Paris,2026-09-10T08:00Z,14.5,76,10.3,14.5,0.0,2,1015.0,0.4,1.0,211,9.0,297.0,653.8,71.0
NL_Amsterdam,2026-09-10T08:00Z,14.8,84,12.0,14.3,0.0,70,1018.2,7.1,18.2,191,16.6,256.0,493.3,82.0
PL_Warsaw,2026-09-10T08:00Z,16.9,69,11.1,14.8,0.0,78,1000.3,16.5,25.2,249,40.7,428.0,647.4,110.0
US_BPAT_Portland,2026-09-10T08:00Z,19.1,63,11.9,18.8,0.0,0,1014.2,6.0,16.4,345,14.4,0.0,0.0,0.0
US_CISO_LosAngeles,2026-09-10T08:00Z,28.1,51,17.2,29.9,0.0,1,1002.9,5.0,10.2,127,13.0,0.0,0.0,0.0
US_CISO_SanFrancisco,2026-09-10T08:00Z,22.0,50,11.1,21.2,0.0,4,1013.5,7.2,10.9,230,16.9,0.0,0.0,0.0
US_ERCO_Dallas,2026-09-10T08:00Z,28.1,70,22.0,31.4,0.0,0,1001.2,10.8,18.5,181,26.3,0.0,0.0,0.0
US_ERCO_Houston,2026-09-10T08:00Z,24.6,99,24.4,30.7,0.4,95,1014.9,1.7,4.6,231,16.2,0.0,0.0,0.0
US_ISNE_Boston,2026-09-10T08:00Z,22.7,79,18.8,22.7,0.0,100,1007.9,22.5,38.8,226,50.0,0.0,0.0,0.0
US_MISO_Chicago,2026-09-10T08:00Z,20.6,97,20.2,23.3,0.0,100,985.0,8.8,19.3,282,21.2,0.0,0.0,0.0
US_NYIS_NewYork,2026-09-10T08:00Z,23.7,72,18.3,24.5,0.0,95,1009.3,14.9,27.6,231,35.6,0.0,0.0,0.0
US_PJM_Philadelphia,2026-09-10T08:00Z,23.8,71,18.1,24.4,0.0,94,1011.3,15.9,30.4,224,37.4,0.0,0.0,0.0
US_SWPP_OklahomaCity,2026-09-10T08:00Z,29.9,48,17.9,30.6,0.0,3,973.2,14.4,26.0,197,34.9,0.0,0.0,0.0
VN_DaNang,2026-09-10T08:00Z,28.4,73,23.2,32.0,0.6,64,1007.3,13.1,18.2,23,34.2,547.0,427.7,231.0
VN_HaNoi,2026-09-10T08:00Z,25.1,92,23.7,30.5,1.0,30,1008.6,3.4,5.7,37,32.0,197.0,49.3,160.0
VN_HoChiMinh,2026-09-10T08:00Z,30.3,63,22.5,34.3,0.0,100,1004.5,7.9,11.4,241,22.3,474.0,322.0,228.0
AT_Vienna,2026-09-10T09:00Z,16.9,65,10.3,15.2,0.0,100,996.3,11.7,17.8,303,28.8,227.0,33.2,207.0
BE_Brussels,2026-09-10T09:00Z,16.8,64,9.9,15.7,0.0,2,1017.2,6.9,9.9,217,20.9,467.0,793.8,78.0
DE_Berlin,2026-09-10T09:00Z,16.7,54,7.3,13.6,0.0,65,1013.9,16.6,24.8,287,41.0,401.0,460.1,152.0
DE_Hamburg,2026-09-10T09:00Z,15.1,72,10.1,13.3,0.1,59,1016.3,12.3,18.2,278,28.8,338.0,359.8,155.0
DE_Munich,2026-09-10T09:00Z,15.4,63,8.5,14.1,0.0,98,958.7,6.5,8.9,50,20.9,514.0,628.4,156.0
ES_Madrid,2026-09-10T09:00Z,16.2,44,4.0,13.9,0.0,80,942.8,6.0,8.9,40,20.2,361.0,359.2,187.0
FR_Paris,2026-09-10T09:00Z,16.6,60,8.7,16.0,0.0,23,1014.9,1.5,2.2,204,11.9,456.0,755.4,87.0
NL_Amsterdam,2026-09-10T09:00Z,15.4,76,11.1,14.3,0.2,83,1018.4,9.2,14.2,189,22.3,302.0,322.1,147.0
PL_Warsaw,2026-09-10T09:00Z,17.6,67,11.3,15.6,0.0,58,1000.7,15.7,23.8,247,39.2,472.0,492.1,182.0
US_BPAT_Portland,2026-09-10T09:00Z,18.4,68,12.3,18.3,0.0,0,1014.0,5.3,15.4,349,11.9,0.0,0.0,0.0
US_CISO_LosAngeles,2026-09-10T09:00Z,27.7,52,16.9,29.3,0.0,25,1002.8,5.5,12.0,118,10.1,0.0,0.0,0.0
US_CISO_SanFrancisco,2026-09-10T09:00Z,21.1,55,11.8,20.8,0.0,5,1013.3,5.2,9.8,234,14.8,0.0,0.0,0.0
US_ERCO_Dallas,2026-09-10T09:00Z,27.6,71,21.8,30.8,0.0,0,1000.8,11.0,18.7,181,24.5,0.0,0.0,0.0
US_ERCO_Houston,2026-09-10T09:00Z,24.5,99,24.3,30.7,0.7,88,1014.4,0.0,2.5,201,4.3,0.0,0.0,0.0
US_ISNE_Boston,2026-09-10T09:00Z,22.7,79,18.9,22.9,0.0,90,1007.6,21.4,37.3,234,47.5,0.0,0.0,0.0
US_MISO_Chicago,2026-09-10T09:00Z,20.5,97,20.0,23.2,0.0,100,984.8,7.8,17.2,307,18.0,0.0,0.0,0.0
US_NYIS_NewYork,2026-09-10T09:00Z,23.7,72,18.4,24.8,0.0,100,1008.9,13.3,25.1,236,32.0,0.0,0.0,0.0
US_PJM_Philadelphia,2026-09-10T09:00Z,23.6,72,18.1,24.4,0.0,90,1010.8,14.5,28.4,227,33.8,0.0,0.0,0.0
US_SWPP_OklahomaCity,2026-09-10T09:00Z,29.6,49,17.7,30.1,0.0,16,972.9,15.3,27.6,200,34.6,0.0,0.0,0.0
VN_DaNang,2026-09-10T09:00Z,27.7,75,23.0,31.3,0.5,77,1007.4,12.8,17.5,39,32.0,347.0,319.7,171.0
VN_HaNoi,2026-09-10T09:00Z,27.0,86,24.4,32.3,0.4,7,1008.3,7.2,10.3,33,20.9,382.0,368.9,170.0
VN_HoChiMinh,2026-09-10T09:00Z,27.8,78,23.6,32.0,0.1,100,1005.1,10.8,18.1,247,25.9,118.0,6.9,114.0
AT_Vienna,2026-09-10T10:00Z,16.1,73,11.3,14.8,0.4,100,997.1,11.4,17.9,295,29.2,161.0,2.9,159.0
BE_Brussels,2026-09-10T10:00Z,18.0,56,9.1,16.7,0.0,52,1017.1,8.6,12.1,198,24.5,586.0,845.5,83.0
DE_Berlin,2026-09-10T10:00Z,17.3,50,6.8,14.2,0.0,66,1014.7,15.9,23.3,282,40.0,440.0,447.1,162.0
DE_Hamburg,2026-09-10T10:00Z,15.6,70,10.1,13.5,0.1,91,1016.8,14.1,20.9,285,32.8,386.0,357.9,173.0
DE_Munich,2026-09-10T10:00Z,16.4,55,7.3,14.3,0.0,99,958.8,8.9,12.4,48,25.6,512.0,366.5,269.0
ES_Madrid,2026-09-10T10:00Z,18.0,37,3.0,15.5,0.0,40,943.4,5.8,8.2,38,21.6,436.0,288.5,254.0
FR_Paris,2026-09-10T10:00Z,18.1,50,7.6,17.2,0.0,95,1014.8,3.5,4.9,246,15.8,591.0,820.2,97.0
NL_Amsterdam,2026-09-10T10:00Z,16.1,73,11.3,15.2,0.1,61,1018.4,9.0,13.8,194,22.7,330.0,268.3,174.0
PL_Warsaw,2026-09-10T10:00Z,18.1,64,11.1,15.7,0.1,95,1001.2,18.6,28.5,258,43.9,499.0,544.5,144.0
US_BPAT_Portland,2026-09-10T10:00Z,17.5,74,12.7,17.5,0.0,0,1013.7,5.3,15.4,353,11.9,0.0,0.0,0.0
US_CISO_LosAngeles,2026-09-10T10:00Z,27.3,52,16.7,28.5,0.0,11,1002.5,7.3,14.2,114,15.8,0.0,0.0,0.0
US_CISO_SanFrancisco,2026-09-10T10:00Z,20.3,61,12.6,19.7,0.0,2,1013.1,9.5,19.3,242,19.4,0.0,0.0,0.0
US_ERCO_Dallas,2026-09-10T10:00Z,27.2,72,21.7,30.5,0.0,0,1000.7,9.5,17.0,186,24.1,0.0,0.0,0.0
US_ERCO_Houston,2026-09-10T10:00Z,24.4,100,24.3,30.5,0.3,98,1014.2,0.8,6.2,172,2.5,0.0,0.0,0.0
US_ISNE_Boston,2026-09-10T10:00Z,22.4,81,18.9,22.7,0.1,100,1007.7,20.9,36.6,244,45.7,0.0,0.0,0.0
US_MISO_Chicago,2026-09-10T10:00Z,20.4,95,19.6,22.8,0.0,86,984.7,8.1,17.4,330,16.6,0.0,0.0,0.0
US_NYIS_NewYork,2026-09-10T10:00Z,23.8,72,18.4,24.9,0.0,100,1008.7,13.4,25.5,245,29.2,0.0,0.0,0.0
US_PJM_Philadelphia,2026-09-10T10:00Z,23.4,73,18.3,24.5,0.0,56,1010.6,13.0,25.6,230,30.6,0.0,0.0,0.0
US_SWPP_OklahomaCity,2026-09-10T10:00Z,29.1,51,17.9,29.7,0.0,57,972.9,15.3,27.4,199,34.6,0.0,0.0,0.0
VN_DaNang,2026-09-10T10:00Z,27.4,79,23.5,31.8,0.6,81,1007.6,9.3,13.8,39,31.0,161.0,242.0,82.0
VN_HaNoi,2026-09-10T10:00Z,27.4,82,24.1,32.2,0.0,11,1008.2,9.2,13.5,19,24.1,262.0,445.1,101.0
VN_HoChiMinh,2026-09-10T10:00Z,26.4,89,24.5,31.7,1.2,99,1005.6,7.4,12.8,296,22.7,30.0,0.0,30.0
AT_Vienna,2026-09-10T11:00Z,14.9,88,12.8,14.6,1.8,100,996.7,7.5,12.4,283,26.3,77.0,0.0,77.0
BE_Brussels,2026-09-10T11:00Z,18.6,51,8.4,16.9,0.0,68,1016.8,9.0,12.8,194,26.3,566.0,583.1,179.0
DE_Berlin,2026-09-10T11:00Z,17.7,48,6.6,14.6,0.0,89,1014.8,15.4,22.4,278,38.5,454.0,340.0,228.0
DE_Hamburg,2026-09-10T11:00Z,15.8,70,10.4,14.0,0.1,100,1017.0,13.2,19.4,277,33.1,386.0,266.3,214.0
DE_Munich,2026-09-10T11:00Z,17.1,49,6.4,14.8,0.0,98,958.3,9.4,13.1,48,26.6,498.0,331.2,261.0
ES_Madrid,2026-09-10T11:00Z,20.6,28,1.7,19.6,0.0,38,943.7,2.8,3.9,68,20.9,741.0,802.1,149.0
FR_Paris,2026-09-10T11:00Z,18.7,48,7.5,17.1,0.0,100,1014.4,6.7,9.6,253,21.6,487.0,438.6,189.0
NL_Amsterdam,2026-09-10T11:00Z,17.1,66,10.8,15.5,0.1,52,1018.3,12.1,18.4,202,28.4,450.0,403.6,189.0
PL_Warsaw,2026-09-10T11:00Z,17.5,66,11.1,14.8,0.1,98,1001.8,20.7,32.2,264,47.9,364.0,176.4,245.0
US_BPAT_Portland,2026-09-10T11:00Z,16.7,79,13.0,17.4,0.0,3,1013.4,1.9,10.8,358,10.8,0.0,0.0,0.0
US_CISO_LosAngeles,2026-09-10T11:00Z,26.4,59,17.6,28.1,0.0,9,1002.6,7.1,13.4,118,16.2,0.0,0.0,0.0
US_CISO_SanFrancisco,2026-09-10T11:00Z,19.5,67,13.1,19.1,0.0,2,1013.0,9.0,17.7,251,21.2,0.0,0.0,0.0
US_ERCO_Dallas,2026-09-10T11:00Z,26.9,73,21.6,30.3,0.0,0,1000.6,8.1,15.1,183,20.2,0.0,0.0,0.0
US_ERCO_Houston,2026-09-10T11:00Z,24.1,100,24.1,29.8,0.1,97,1014.0,2.8,8.2,202,6.1,0.0,0.0,0.0
US_ISNE_Boston,2026-09-10T11:00Z,22.5,80,18.8,22.9,0.0,52,1007.5,19.9,35.1,244,44.3,9.0,25.9,7.0
US_MISO_Chicago,2026-09-10T11:00Z,20.2,93,19.1,22.6,0.0,100,985.2,6.6,15.1,342,16.6,0.0,0.0,0.0
US_NYIS_NewYork,2026-09-10T11:00Z,23.3,75,18.6,24.6,0.0,100,1008.9,13.1,24.9,252,29.2,2.0,0.0,2.0
US_PJM_Philadelphia,2026-09-10T11:00Z,23.1,75,18.4,24.6,0.0,48,1010.9,10.7,22.2,239,27.0,4.0,0.0,4.0
US_SWPP_OklahomaCity,2026-09-10T11:00Z,28.6,53,18.2,29.7,0.0,91,973.2,12.9,23.5,202,34.6,0.0,0.0,0.0
VN_DaNang,2026-09-10T11:00Z,25.9,89,24.0,30.6,1.9,89,1008.6,9.6,15.2,53,23.0,39.0,101.3,26.0
VN_HaNoi,2026-09-10T11:00Z,26.6,87,24.2,31.6,0.0,18,1008.7,8.1,14.0,20,20.2,65.0,196.0,36.0
VN_HoChiMinh,2026-09-10T11:00Z,25.6,93,24.4,31.4,2.6,100,1006.9,3.0,7.5,290,13.7,12.0,14.3,10.0
AT_Vienna,2026-09-10T12:00Z,16.5,70,11.0,15.4,0.7,100,996.6,9.4,13.5,326,19.1,140.0,1.4,139.0
BE_Brussels,2026-09-10T12:00Z,19.5,47,7.8,17.5,0.0,100,1016.5,9.4,13.1,195,26.3,435.0,273.2,246.0
DE_Berlin,2026-09-10T12:00Z,17.9,46,6.0,14.6,0.0,100,1015.4,15.3,22.4,276,37.8,383.0,250.5,216.0
DE_Hamburg,2026-09-10T12:00Z,16.5,65,9.8,14.5,0.2,70,1017.4,13.2,19.2,283,32.0,372.0,223.7,225.0
DE_Munich,2026-09-10T12:00Z,17.4,48,6.4,15.0,0.0,98,958.2,10.1,13.9,52,27.4,511.0,308.2,288.0
ES_Madrid,2026-09-10T12:00Z,22.4,25,1.2,22.1,0.0,6,943.4,1.9,2.2,138,17.6,836.0,886.4,128.0
FR_Paris,2026-09-10T12:00Z,19.8,43,6.7,17.9,0.0,99,1014.1,7.2,9.9,255,21.6,348.0,58.8,306.0
NL_Amsterdam,2026-09-10T12:00Z,18.2,60,10.3,16.4,0.0,65,1018.0,12.5,19.0,203,29.2,493.0,413.5,215.0
PL_Warsaw,2026-09-10T12:00Z,17.8,66,11.3,15.4,0.1,96,1002.7,18.6,28.5,273,47.9,315.0,88.4,257.0
US_BPAT_Portland,2026-09-10T12:00Z,15.1,84,12.5,15.6,0.0,16,1013.7,1.5,8.7,22,4.7,0.0,0.0,0.0
US_CISO_LosAngeles,2026-09-10T12:00Z,25.6,64,18.2,28.0,0.0,2,1002.3,4.2,9.0,80,16.2,0.0,0.0,0.0
US_CISO_SanFrancisco,2026-09-10T12:00Z,20.3,61,12.6,19.9,0.0,98,1012.8,8.3,12.4,223,19.4,0.0,0.0,0.0
US_ERCO_Dallas,2026-09-10T12:00Z,26.0,79,22.1,29.8,0.0,0,1000.6,7.9,15.4,194,16.9,0.0,0.0,0.0
US_ERCO_Houston,2026-09-10T12:00Z,24.0,96,23.4,29.1,0.0,63,1013.8,4.4,12.5,198,5.8,0.0,0.0,0.0
US_ISNE_Boston,2026-09-10T12:00Z,22.2,87,19.8,23.5,0.0,2,1007.8,16.8,30.1,246,41.8,130.0,355.7,55.0
US_MISO_Chicago,2026-09-10T12:00Z,20.0,94,19.0,22.0,0.0,85,985.3,9.1,18.0,1,14.4,7.0,14.8,6.0
US_NYIS_NewYork,2026-09-10T12:00Z,21.5,91,20.0,23.8,0.6,100,1009.7,10.3,21.8,241,28.1,33.0,11.4,31.0
US_PJM_Philadelphia,2026-09-10T12:00Z,23.0,82,19.9,25.8,0.0,69,1011.3,6.8,16.0,246,22.0,93.0,285.5,47.0
US_SWPP_OklahomaCity,2026-09-10T12:00Z,27.5,64,20.2,29.4,0.2,95,972.8,13.9,25.7,200,28.8,0.0,0.0,0.0
VN_DaNang,2026-09-10T12:00Z,26.4,94,25.4,33.1,1.0,90,1008.9,1.3,3.5,78,21.2,0.0,0.0,0.0
VN_HaNoi,2026-09-10T12:00Z,25.5,90,23.7,30.3,0.0,23,1009.7,7.6,15.0,357,18.4,0.0,0.0,0.0
VN_HoChiMinh,2026-09-10T12:00Z,24.9,95,24.0,30.2,1.2,100,1007.2,5.4,9.8,306,7.6,0.0,0.0,0.0
AT_Vienna,2026-09-10T13:00Z,17.4,64,10.5,16.5,0.0,100,997.3,7.1,10.2,319,25.6,410.0,185.1,287.0
BE_Brussels,2026-09-10T13:00Z,19.7,46,7.6,17.7,0.0,100,1016.2,9.3,13.3,207,25.6,434.0,279.2,245.0
DE_Berlin,2026-09-10T13:00Z,17.8,45,5.8,14.6,0.0,100,1015.4,14.3,21.1,281,36.4,262.0,79.6,212.0
DE_Hamburg,2026-09-10T13:00Z,16.6,64,9.8,14.7,0.0,76,1017.4,12.4,18.2,284,30.2,354.0,257.9,192.0
DE_Munich,2026-09-10T13:00Z,17.8,46,6.0,15.3,0.0,97,958.0,10.0,13.9,54,28.1,472.0,304.5,263.0
ES_Madrid,2026-09-10T13:00Z,24.0,22,1.3,23.9,0.0,0,943.3,2.1,2.5,184,16.6,862.0,943.6,99.0
FR_Paris,2026-09-10T13:00Z,20.6,41,7.0,18.5,0.0,100,1014.0,9.2,13.0,269,26.6,569.0,459.4,245.0
NL_Amsterdam,2026-09-10T13:00Z,18.2,58,9.8,16.3,0.0,89,1017.7,12.6,19.7,214,29.9,331.0,181.2,212.0
PL_Warsaw,2026-09-10T13:00Z,18.3,61,10.6,15.9,0.1,100,1002.8,17.1,26.6,279,42.5,425.0,454.1,154.0
US_BPAT_Portland,2026-09-10T13:00Z,14.9,86,12.5,15.6,0.0,45,1013.5,0.4,5.7,11,3.6,0.0,0.0,0.0
US_CISO_LosAngeles,2026-09-10T13:00Z,25.7,65,18.6,28.0,0.0,15,1002.2,5.9,11.4,108,12.6,0.0,0.0,0.0
US_CISO_SanFrancisco,2026-09-10T13:00Z,20.3,62,12.7,19.8,0.0,66,1012.9,8.9,16.4,238,18.7,0.0,0.0,0.0
US_ERCO_Dallas,2026-09-10T13:00Z,26.7,77,22.2,30.6,0.0,0,1001.1,7.6,13.8,188,18.4,39.0,182.1,19.0
US_ERCO_Houston,2026-09-10T13:00Z,24.8,95,24.0,30.0,0.1,91,1014.0,5.6,8.6,157,12.6,45.0,164.0,25.0
US_ISNE_Boston,2026-09-10T13:00Z,24.3,78,20.1,25.9,0.0,7,1007.6,15.6,24.5,252,42.8,332.0,669.6,70.0
US_MISO_Chicago,2026-09-10T13:00Z,20.9,91,19.5,23.2,0.0,100,985.6,8.8,17.8,7,18.4,111.0,218.6,69.0
US_NYIS_NewYork,2026-09-10T13:00Z,22.5,90,20.8,25.4,0.4,84,1009.3,9.4,23.2,253,20.2,115.0,88.0,83.0
US_PJM_Philadelphia,2026-09-10T13:00Z,24.8,74,19.9,27.6,0.0,84,1011.1,6.6,10.9,264,16.9,233.0,337.6,114.0
US_SWPP_OklahomaCity,2026-09-10T13:00Z,26.5,71,20.7,29.3,0.2,96,973.0,9.9,19.5,191,30.6,23.0,38.5,19.0
VN_DaNang,2026-09-10T13:00Z,26.2,95,25.3,32.9,0.6,80,1009.7,1.7,3.8,98,8.6,0.0,0.0,0.0
VN_HaNoi,2026-09-10T13:00Z,25.1,90,23.4,30.0,0.0,6,1010.7,5.5,13.3,3,14.8,0.0,0.0,0.0
VN_HoChiMinh,2026-09-10T13:00Z,24.5,96,23.9,29.5,3.0,100,1007.6,7.2,13.6,253,15.1,0.0,0.0,0.0
AT_Vienna,2026-09-10T14:00Z,17.2,63,10.2,16.7,0.0,100,997.0,3.8,5.1,318,20.5,202.0,47.2,175.0
BE_Brussels,2026-09-10T14:00Z,19.9,44,7.4,17.9,0.1,100,1015.8,9.0,12.7,212,25.6,406.0,317.5,209.0
DE_Berlin,2026-09-10T14:00Z,18.1,43,5.4,15.0,0.0,100,1015.2,13.1,19.4,287,34.6,280.0,147.1,199.0
DE_Hamburg,2026-09-10T14:00Z,16.7,64,9.9,15.0,0.0,70,1017.4,11.8,17.3,289,28.8,325.0,231.7,195.0
DE_Munich,2026-09-10T14:00Z,17.9,43,5.2,15.4,0.0,100,957.9,8.9,12.7,63,27.0,358.0,164.8,258.0
ES_Madrid,2026-09-10T14:00Z,25.2,20,0.5,24.4,0.0,3,942.9,2.9,3.7,191,17.6,815.0,936.0,97.0
FR_Paris,2026-09-10T14:00Z,20.1,43,7.1,18.3,0.0,46,1013.5,7.2,10.3,277,27.0,338.0,75.1,289.0
NL_Amsterdam,2026-09-10T14:00Z,18.2,60,10.3,16.5,0.0,100,1017.3,11.8,18.4,220,28.8,334.0,161.5,237.0
PL_Warsaw,2026-09-10T14:00Z,17.9,55,8.8,15.1,0.0,99,1002.9,16.6,25.6,280,43.9,240.0,93.7,193.0
US_BPAT_Portland,2026-09-10T14:00Z,14.6,90,12.9,15.2,0.0,49,1013.7,2.0,8.5,354,4.7,1.0,0.0,1.0
US_CISO_LosAngeles,2026-09-10T14:00Z,25.1,69,19.1,28.0,0.0,25,1002.4,3.7,7.4,119,12.6,6.0,31.7,4.0
US_CISO_SanFrancisco,2026-09-10T14:00Z,19.7,64,12.8,19.2,0.0,45,1013.2,9.5,16.7,240,20.9,1.0,0.0,1.0
US_ERCO_Dallas,2026-09-10T14:00Z,28.2,71,22.3,31.9,0.0,0,1001.0,9.3,13.7,197,24.5,211.0,521.9,64.0
US_ERCO_Houston,2026-09-10T14:00Z,26.5,89,24.4,32.5,0.0,55,1014.5,2.2,6.2,170,12.6,215.0,407.1,90.0
US_ISNE_Boston,2026-09-10T14:00Z,25.6,71,19.9,26.9,0.0,10,1007.4,17.1,25.6,260,40.0,509.0,781.7,80.0
US_MISO_Chicago,2026-09-10T14:00Z,21.7,83,18.6,23.7,0.0,100,986.2,7.8,12.6,10,18.7,198.0,127.8,150.0
US_NYIS_NewYork,2026-09-10T14:00Z,25.6,75,20.9,28.6,0.0,63,1009.0,8.9,14.5,264,25.2,430.0,559.8,133.0
US_PJM_Philadelphia,2026-09-10T14:00Z,26.4,70,20.4,29.2,0.0,91,1011.0,8.6,12.8,271,23.0,381.0,370.6,187.0
US_SWPP_OklahomaCity,2026-09-10T14:00Z,25.0,86,22.5,28.6,6.0,99,974.9,10.8,16.7,353,27.7,135.0,149.1,95.0
VN_DaNang,2026-09-10T14:00Z,25.2,96,24.5,31.0,2.1,93,1011.0,3.8,3.2,207,12.6,0.0,0.0,0.0
VN_HaNoi,2026-09-10T14:00Z,25.1,90,23.3,29.7,0.0,13,1011.9,6.9,15.5,359,12.6,0.0,0.0,0.0
VN_HoChiMinh,2026-09-10T14:00Z,24.4,96,23.8,29.4,1.4,100,1008.3,6.6,13.7,288,13.7,0.0,0.0,0.0
AT_Vienna,2026-09-10T15:00Z,17.0,64,10.1,16.6,0.0,98,996.7,2.7,3.8,349,11.9,101.0,6.7,98.0
BE_Brussels,2026-09-10T15:00Z,19.8,44,7.3,17.8,0.0,99,1015.4,8.3,11.8,214,24.5,271.0,163.5,185.0
DE_Berlin,2026-09-10T15:00Z,18.0,43,5.1,14.8,0.0,100,1015.2,13.2,19.2,295,32.0,216.0,124.8,161.0
DE_Hamburg,2026-09-10T15:00Z,16.7,64,9.9,15.0,0.0,48,1017.4,11.1,16.6,290,27.7,277.0,258.6,158.0
DE_Munich,2026-09-10T15:00Z,17.4,44,5.1,15.1,0.0,100,957.6,7.6,11.9,80,23.4,179.0,20.4,169.0
ES_Madrid,2026-09-10T15:00Z,26.1,17,-0.8,24.3,0.0,13,942.5,4.0,5.3,192,18.7,708.0,910.0,92.0
FR_Paris,2026-09-10T15:00Z,21.0,39,6.7,19.2,0.0,97,1013.2,6.0,8.5,274,21.2,462.0,513.5,175.0
NL_Amsterdam,2026-09-10T15:00Z,18.3,60,10.4,17.0,0.0,34,1017.0,9.5,15.0,214,26.3,286.0,222.3,173.0
PL_Warsaw,2026-09-10T15:00Z,17.3,57,8.7,14.7,0.0,95,1003.6,14.7,23.4,283,43.2,224.0,207.0,146.0
US_BPAT_Portland,2026-09-10T15:00Z,16.2,83,13.3,16.9,0.0,81,1014.1,2.4,6.9,5,6.5,74.0,289.9,37.0
US_CISO_LosAngeles,2026-09-10T15:00Z,26.6,64,19.3,29.4,0.0,11,1003.0,5.1,8.9,119,15.5,121.0,379.0,49.0
US_CISO_SanFrancisco,2026-09-10T15:00Z,19.8,66,13.2,19.5,0.0,2,1013.5,8.9,15.7,239,20.9,68.0,261.8,32.0
US_ERCO_Dallas,2026-09-10T15:00Z,30.0,63,22.2,33.8,0.0,0,1000.8,8.3,11.7,198,25.9,417.0,682.1,89.0
US_ERCO_Houston,2026-09-10T15:00Z,28.3,80,24.4,34.6,0.0,14,1014.5,0.3,0.7,180,9.7,420.0,601.6,113.0
US_ISNE_Boston,2026-09-10T15:00Z,26.7,63,19.0,27.9,0.0,31,1007.4,18.1,26.9,262,42.8,648.0,829.3,90.0
US_MISO_Chicago,2026-09-10T15:00Z,22.1,77,17.8,23.7,0.0,100,986.5,8.2,11.7,18,20.5,260.0,85.6,214.0
US_NYIS_NewYork,2026-09-10T15:00Z,27.6,66,20.8,30.8,0.0,37,1008.6,8.4,12.5,282,25.6,589.0,643.5,161.0
US_PJM_Philadelphia,2026-09-10T15:00Z,28.5,63,20.7,31.2,0.0,48,1010.7,10.6,15.6,294,27.7,562.0,594.8,168.0
US_SWPP_OklahomaCity,2026-09-10T15:00Z,23.7,95,22.9,27.5,4.0,98,974.7,10.5,18.1,120,32.4,98.0,15.1,91.0
VN_DaNang,2026-09-10T15:00Z,24.4,98,24.0,29.5,3.5,98,1011.9,6.6,7.6,270,15.5,0.0,0.0,0.0
VN_HaNoi,2026-09-10T15:00Z,24.8,92,23.3,29.0,0.0,58,1012.6,9.5,17.8,324,18.4,0.0,0.0,0.0
VN_HoChiMinh,2026-09-10T15:00Z,24.4,97,23.8,29.7,1.1,100,1009.1,4.1,10.2,318,13.3,0.0,0.0,0.0
AT_Vienna,2026-09-10T16:00Z,17.1,64,10.1,16.8,0.0,98,996.1,2.2,3.1,28,10.8,166.0,188.3,111.0
BE_Brussels,2026-09-10T16:00Z,19.9,43,6.9,17.9,0.0,50,1014.8,8.3,12.1,218,22.0,259.0,319.8,131.0
DE_Berlin,2026-09-10T16:00Z,17.6,44,5.2,14.9,0.0,100,1015.3,10.7,15.9,298,31.3,120.0,59.0,102.0
DE_Hamburg,2026-09-10T16:00Z,16.4,66,10.0,15.0,0.0,59,1017.1,9.7,14.9,290,25.6,183.0,204.6,115.0
DE_Munich,2026-09-10T16:00Z,17.2,47,5.9,15.3,0.0,99,957.2,6.2,11.3,103,18.7,126.0,23.3,118.0
ES_Madrid,2026-09-10T16:00Z,26.5,16,-1.4,23.4,0.0,23,941.9,5.1,7.0,201,19.1,548.0,848.9,86.0
FR_Paris,2026-09-10T16:00Z,20.8,40,6.6,19.1,0.0,48,1012.8,5.7,8.1,287,19.8,274.0,257.1,163.0
NL_Amsterdam,2026-09-10T16:00Z,18.5,58,10.2,17.6,0.0,90,1016.4,6.9,11.9,198,20.9,266.0,419.9,104.0
PL_Warsaw,2026-09-10T16:00Z,16.4,60,8.5,14.3,0.0,80,1004.0,11.7,20.7,283,33.8,143.0,281.7,78.0
US_BPAT_Portland,2026-09-10T16:00Z,17.9,73,12.9,18.4,0.0,96,1014.0,2.5,4.5,360,11.2,209.0,417.1,82.0
US_CISO_LosAngeles,2026-09-10T16:00Z,28.9,55,19.0,31.6,0.0,26,1003.1,4.7,6.6,133,16.6,323.0,625.6,76.0
US_CISO_SanFrancisco,2026-09-10T16:00Z,21.3,60,13.1,20.9,0.0,2,1013.6,9.0,14.8,243,23.4,263.0,590.1,68.0
US_ERCO_Dallas,2026-09-10T16:00Z,32.1,54,21.7,36.1,0.0,0,1001.0,7.3,10.2,206,24.5,604.0,771.9,102.0
US_ERCO_Houston,2026-09-10T16:00Z,29.8,73,24.4,36.3,0.0,14,1014.5,1.9,2.7,247,14.4,625.0,751.2,113.0
US_ISNE_Boston,2026-09-10T16:00Z,27.6,57,18.3,28.6,0.0,29,1006.9,20.4,30.1,268,47.5,744.0,855.9,98.0
US_MISO_Chicago,2026-09-10T16:00Z,22.6,73,17.6,24.0,0.0,100,986.9,8.4,11.6,28,22.0,383.0,171.1,269.0
US_NYIS_NewYork,2026-09-10T16:00Z,29.1,59,20.3,32.8,0.0,81,1008.0,9.0,12.8,281,26.3,720.0,787.5,123.0
US_PJM_Philadelphia,2026-09-10T16:00Z,29.7,58,20.5,32.7,0.0,100,1010.1,11.1,16.3,289,29.5,638.0,614.6,171.0
US_SWPP_OklahomaCity,2026-09-10T16:00Z,24.8,89,22.9,29.2,0.8,84,974.9,7.1,9.9,119,22.7,268.0,157.6,169.0
VN_DaNang,2026-09-10T16:00Z,24.6,93,23.4,30.2,2.9,100,1011.8,0.6,1.5,330,17.3,0.0,0.0,0.0
VN_HaNoi,2026-09-10T16:00Z,24.6,94,23.6,29.1,0.0,15,1012.7,9.3,18.8,324,18.4,0.0,0.0,0.0
VN_HoChiMinh,2026-09-10T16:00Z,24.3,98,23.9,29.6,1.1,100,1009.1,5.1,11.2,300,10.1,0.0,0.0,0.0
AT_Vienna,2026-09-10T17:00Z,16.4,71,11.1,16.6,0.0,99,995.5,0.4,1.3,98,7.6,55.0,56.8,48.0
BE_Brussels,2026-09-10T17:00Z,19.3,46,7.5,17.6,0.0,24,1014.7,7.1,12.7,225,24.1,149.0,310.2,71.0
DE_Berlin,2026-09-10T17:00Z,17.1,46,5.4,15.0,0.0,90,1015.6,6.9,11.6,294,25.2,59.0,85.0,46.0
DE_Hamburg,2026-09-10T17:00Z,15.9,72,10.9,15.4,0.0,39,1017.2,5.1,10.6,280,21.2,106.0,257.3,58.0
DE_Munich,2026-09-10T17:00Z,16.1,62,8.8,15.5,0.0,100,956.8,2.2,6.2,102,14.4,48.0,11.2,46.0
ES_Madrid,2026-09-10T17:00Z,26.5,15,-1.9,23.1,0.0,1,941.8,6.4,9.0,200,19.8,349.0,732.6,72.0
FR_Paris,2026-09-10T17:00Z,20.5,40,6.4,18.8,0.0,95,1012.5,5.4,7.9,286,16.9,209.0,486.5,73.0
NL_Amsterdam,2026-09-10T17:00Z,17.6,66,11.1,17.2,0.0,88,1016.2,4.9,12.5,176,14.8,137.0,252.7,76.0
PL_Warsaw,2026-09-10T17:00Z,15.5,64,8.8,13.8,0.0,14,1004.5,9.1,18.6,261,25.6,30.0,86.5,22.0
US_BPAT_Portland,2026-09-10T17:00Z,19.4,63,12.2,19.6,0.0,100,1013.6,3.6,5.1,356,15.1,351.0,447.7,143.0
US_CISO_LosAngeles,2026-09-10T17:00Z,30.6,48,18.4,32.4,0.0,7,1003.3,8.1,11.4,123,25.2,504.0,687.7,108.0
US_CISO_SanFrancisco,2026-09-10T17:00Z,22.0,58,13.3,21.0,0.0,0,1013.8,13.3,18.3,248,33.1,455.0,722.5,86.0
US_ERCO_Dallas,2026-09-10T17:00Z,34.1,45,20.6,38.4,0.0,6,1000.5,7.2,9.9,207,24.8,749.0,820.8,110.0
US_ERCO_Houston,2026-09-10T17:00Z,30.9,68,24.2,38.3,0.1,21,1014.5,0.9,1.1,198,14.4,747.0,752.6,138.0
US_ISNE_Boston,2026-09-10T17:00Z,28.3,53,17.8,28.9,0.0,46,1006.5,22.0,32.6,270,51.8,751.0,788.3,129.0
US_MISO_Chicago,2026-09-10T17:00Z,22.7,72,17.4,24.2,0.0,100,986.9,7.5,10.4,39,22.3,438.0,154.0,322.0
US_NYIS_NewYork,2026-09-10T17:00Z,30.5,48,18.4,33.0,0.0,63,1007.5,11.0,15.9,293,30.2,751.0,721.0,172.0
US_PJM_Philadelphia,2026-09-10T17:00Z,29.8,57,20.3,32.1,0.0,98,1009.6,11.8,17.6,284,29.9,394.0,139.7,281.0
US_SWPP_OklahomaCity,2026-09-10T17:00Z,27.0,77,22.7,31.2,0.1,97,974.3,8.8,13.3,157,25.6,571.0,395.1,273.0
VN_DaNang,2026-09-10T17:00Z,24.6,96,24.0,30.2,1.6,98,1011.2,3.3,5.9,320,12.2,0.0,0.0,0.0
VN_HaNoi,2026-09-10T17:00Z,23.6,95,22.7,27.5,1.7,88,1012.8,10.0,19.5,25,25.2,0.0,0.0,0.0
VN_HoChiMinh,2026-09-10T17:00Z,24.3,98,23.9,29.7,1.5,100,1008.7,3.8,8.8,290,9.7,0.0,0.0,0.0
AT_Vienna,2026-09-10T18:00Z,15.6,80,12.1,16.0,0.0,77,995.9,1.5,2.8,281,7.2,1.0,0.0,1.0
BE_Brussels,2026-09-10T18:00Z,18.0,53,8.4,16.5,0.0,9,1015.0,7.0,15.2,229,15.5,49.0,214.7,27.0
DE_Berlin,2026-09-10T18:00Z,16.3,52,6.4,14.4,0.0,20,1015.8,6.5,13.8,288,13.7,5.0,19.0,4.0
DE_Hamburg,2026-09-10T18:00Z,15.0,79,11.4,15.0,0.0,23,1017.2,2.8,7.1,249,10.4,18.0,99.4,11.0
DE_Munich,2026-09-10T18:00Z,14.8,68,9.0,14.0,0.0,100,957.1,3.3,7.8,148,4.7,6.0,0.0,6.0
ES_Madrid,2026-09-10T18:00Z,25.9,14,-4.0,22.0,0.0,2,941.6,8.4,13.8,198,19.4,147.0,537.3,45.0
FR_Paris,2026-09-10T18:00Z,19.1,50,8.3,18.1,0.0,95,1012.7,3.7,9.7,301,13.7,53.0,137.8,37.0
NL_Amsterdam,2026-09-10T18:00Z,16.3,73,11.5,15.9,0.0,79,1016.1,5.2,15.5,182,12.2,38.0,132.5,25.0
PL_Warsaw,2026-09-10T18:00Z,14.2,68,8.4,12.0,0.0,2,1004.9,11.9,24.5,256,20.9,0.0,0.0,0.0
US_BPAT_Portland,2026-09-10T18:00Z,21.0,57,12.2,21.1,0.0,98,1013.7,4.3,5.6,354,18.0,476.0,462.2,200.0
US_CISO_LosAngeles,2026-09-10T18:00Z,32.3,43,18.1,35.2,0.0,2,1003.4,6.0,8.2,126,25.2,679.0,797.7,104.0
US_CISO_SanFrancisco,2026-09-10T18:00Z,22.8,57,13.8,22.6,0.0,5,1014.0,12.5,17.2,240,35.6,623.0,797.4,97.0
US_ERCO_Dallas,2026-09-10T18:00Z,35.8,37,18.8,39.9,0.0,23,999.6,6.0,8.1,184,25.2,820.0,811.2,125.0
US_ERCO_Houston,2026-09-10T18:00Z,29.1,74,23.9,35.4,0.2,95,1014.3,8.1,10.8,150,14.4,809.0,746.2,149.0
US_ISNE_Boston,2026-09-10T18:00Z,28.6,48,16.5,28.6,0.0,20,1006.2,19.9,30.1,268,51.1,670.0,647.8,169.0
US_MISO_Chicago,2026-09-10T18:00Z,23.3,66,16.7,24.6,0.0,100,986.9,7.1,9.3,40,22.0,547.0,266.1,336.0
US_NYIS_NewYork,2026-09-10T18:00Z,30.6,46,17.6,32.9,0.0,82,1007.6,10.8,15.6,299,32.4,756.0,752.9,156.0
US_PJM_Philadelphia,2026-09-10T18:00Z,30.3,52,19.4,32.7,0.0,50,1009.9,11.5,16.9,287,32.0,646.0,523.0,224.0
US_SWPP_OklahomaCity,2026-09-10T18:00Z,25.1,82,21.8,28.3,0.0,92,975.2,14.1,20.5,83,24.5,635.0,380.9,318.0
VN_DaNang,2026-09-10T18:00Z,25.0,94,24.1,30.5,1.3,99,1010.7,4.4,10.0,54,16.2,0.0,0.0,0.0
VN_HaNoi,2026-09-10T18:00Z,24.1,97,23.6,28.6,0.4,26,1011.9,9.6,17.7,325,19.8,0.0,0.0,0.0
VN_HoChiMinh,2026-09-10T18:00Z,24.5,96,23.9,29.7,2.4,100,1008.1,5.6,11.3,299,7.6,0.0,0.0,0.0
AT_Vienna,2026-09-10T19:00Z,15.1,84,12.4,15.5,0.0,97,996.0,2.2,4.1,304,5.0,0.0,0.0,0.0
BE_Brussels,2026-09-10T19:00Z,17.0,57,8.4,15.7,0.0,0,1015.2,6.3,14.7,239,13.3,0.0,0.0,0.0
DE_Berlin,2026-09-10T19:00Z,15.2,59,7.2,13.7,0.0,19,1016.1,4.7,12.8,292,12.2,0.0,0.0,0.0
DE_Hamburg,2026-09-10T19:00Z,14.4,82,11.4,14.2,0.0,3,1017.5,4.6,9.6,214,9.0,0.0,0.0,0.0
DE_Munich,2026-09-10T19:00Z,14.2,72,9.3,13.4,0.0,99,957.8,4.1,9.5,161,8.3,0.0,0.0,0.0
ES_Madrid,2026-09-10T19:00Z,24.4,14,-5.1,20.8,0.0,11,941.7,5.1,13.0,214,18.4,11.0,76.3,6.0
FR_Paris,2026-09-10T19:00Z,18.1,54,8.7,17.3,0.0,88,1013.1,3.3,9.3,306,8.3,1.0,0.0,1.0
NL_Amsterdam,2026-09-10T19:00Z,15.9,74,11.3,15.2,0.0,71,1016.3,6.9,19.0,193,13.3,0.0,0.0,0.0
PL_Warsaw,2026-09-10T19:00Z,13.4,69,7.9,11.3,0.0,1,1005.0,10.4,23.5,261,23.8,0.0,0.0,0.0
US_BPAT_Portland,2026-09-10T19:00Z,22.3,53,12.3,22.3,0.0,98,1013.3,6.0,8.3,349,21.6,581.0,503.7,232.0
US_CISO_LosAngeles,2026-09-10T19:00Z,34.3,39,18.4,37.9,0.0,3,1002.7,6.5,8.9,153,23.8,791.0,829.5,111.0
US_CISO_SanFrancisco,2026-09-10T19:00Z,23.2,55,13.7,23.4,0.0,0,1013.8,13.9,18.9,243,36.0,750.0,843.5,103.0
US_ERCO_Dallas,2026-09-10T19:00Z,36.8,32,17.5,40.4,0.0,30,998.0,4.9,6.9,187,25.2,817.0,764.0,145.0
US_ERCO_Houston,2026-09-10T19:00Z,28.4,78,24.1,33.8,0.8,98,1013.1,5.4,7.7,126,20.2,413.0,164.0,265.0
US_ISNE_Boston,2026-09-10T19:00Z,29.4,41,14.7,28.3,0.0,2,1005.8,22.5,33.8,271,51.5,678.0,815.6,100.0
US_MISO_Chicago,2026-09-10T19:00Z,23.2,65,16.3,24.1,0.0,100,986.3,8.6,11.8,39,23.4,496.0,182.8,353.0
US_NYIS_NewYork,2026-09-10T19:00Z,30.8,43,16.7,32.1,0.0,3,1007.3,11.5,17.2,300,30.6,668.0,662.1,178.0
US_PJM_Philadelphia,2026-09-10T19:00Z,30.9,46,18.1,32.9,0.0,34,1009.3,11.7,17.1,291,31.0,686.0,677.1,176.0
US_SWPP_OklahomaCity,2026-09-10T19:00Z,25.6,78,21.5,28.6,0.0,100,974.2,11.3,16.7,91,34.2,531.0,273.1,297.0
VN_DaNang,2026-09-10T19:00Z,25.0,95,24.2,30.6,1.3,100,1009.6,3.8,3.8,287,13.0,0.0,0.0,0.0
VN_HaNoi,2026-09-10T19:00Z,23.3,97,22.7,27.7,0.6,80,1012.1,5.7,11.4,311,22.7,0.0,0.0,0.0
VN_HoChiMinh,2026-09-10T19:00Z,24.3,97,23.8,29.8,0.9,100,1007.7,3.1,8.2,302,10.4,0.0,0.0,0.0
AT_Vienna,2026-09-10T20:00Z,14.9,88,12.9,15.2,0.0,100,996.5,3.6,7.1,315,7.9,0.0,0.0,0.0
BE_Brussels,2026-09-10T20:00Z,16.1,61,8.6,14.5,0.0,4,1015.3,8.3,19.0,250,16.2,0.0,0.0,0.0
DE_Berlin,2026-09-10T20:00Z,14.3,66,8.0,13.2,0.0,12,1016.3,3.9,9.8,287,9.0,0.0,0.0,0.0
DE_Hamburg,2026-09-10T20:00Z,13.9,84,11.3,13.5,0.0,34,1017.7,5.1,11.8,224,10.4,0.0,0.0,0.0
DE_Munich,2026-09-10T20:00Z,13.8,75,9.5,13.3,0.0,100,958.1,2.6,5.6,187,7.6,0.0,0.0,0.0
ES_Madrid,2026-09-10T20:00Z,23.4,15,-5.1,20.0,0.0,9,942.0,4.0,11.8,245,11.5,0.0,0.0,0.0
FR_Paris,2026-09-10T20:00Z,17.4,59,9.3,17.0,0.0,97,1013.3,1.1,5.1,312,6.1,0.0,0.0,0.0
NL_Amsterdam,2026-09-10T20:00Z,16.0,73,11.2,15.2,0.0,70,1016.1,7.8,19.9,192,15.1,0.0,0.0,0.0
PL_Warsaw,2026-09-10T20:00Z,12.8,72,7.9,10.7,0.0,6,1005.4,10.0,22.9,262,20.5,0.0,0.0,0.0
US_BPAT_Portland,2026-09-10T20:00Z,23.4,50,12.3,23.6,0.0,99,1012.6,6.2,8.8,348,22.3,613.0,468.2,264.0
US_CISO_LosAngeles,2026-09-10T20:00Z,36.0,36,18.4,39.7,0.0,0,1001.7,7.3,9.7,164,25.2,836.0,822.2,124.0
US_CISO_SanFrancisco,2026-09-10T20:00Z,22.7,57,13.8,22.7,0.0,2,1013.5,17.2,23.7,248,41.8,820.0,866.1,105.0
US_ERCO_Dallas,2026-09-10T20:00Z,37.6,29,16.7,40.8,0.0,31,997.4,3.4,4.5,178,21.6,771.0,742.8,143.0
US_ERCO_Houston,2026-09-10T20:00Z,29.3,74,24.2,34.8,0.2,97,1011.8,4.9,6.6,133,16.9,414.0,126.6,305.0
US_ISNE_Boston,2026-09-10T20:00Z,28.9,39,13.6,26.6,0.0,26,1005.7,24.1,37.1,270,55.4,562.0,795.7,85.0
US_MISO_Chicago,2026-09-10T20:00Z,22.8,64,15.7,23.5,0.0,98,985.8,8.1,11.5,35,23.4,334.0,59.6,291.0
US_NYIS_NewYork,2026-09-10T20:00Z,30.7,41,16.0,31.0,0.0,34,1006.9,12.7,19.1,304,34.9,576.0,738.5,106.0
US_PJM_Philadelphia,2026-09-10T20:00Z,30.9,45,17.6,31.9,0.0,71,1008.9,12.8,18.9,302,31.3,578.0,692.0,127.0
US_SWPP_OklahomaCity,2026-09-10T20:00Z,25.4,78,21.3,28.5,0.1,100,972.7,9.7,15.0,110,29.9,297.0,70.2,239.0
VN_DaNang,2026-09-10T20:00Z,25.1,92,23.7,30.6,1.5,100,1009.5,2.2,0.8,225,11.5,0.0,0.0,0.0
VN_HaNoi,2026-09-10T20:00Z,22.3,99,22.2,25.8,2.5,95,1012.3,10.0,14.0,279,23.0,0.0,0.0,0.0
VN_HoChiMinh,2026-09-10T20:00Z,24.2,99,24.0,29.6,0.5,100,1007.6,4.8,10.5,322,8.6,0.0,0.0,0.0
AT_Vienna,2026-09-10T21:00Z,15.1,87,12.9,15.4,0.0,100,996.6,3.9,8.5,325,9.0,0.0,0.0,0.0
BE_Brussels,2026-09-10T21:00Z,15.1,66,8.7,13.5,0.0,95,1015.4,8.0,17.7,265,16.9,0.0,0.0,0.0
DE_Berlin,2026-09-10T21:00Z,13.5,72,8.5,12.5,0.0,7,1016.5,3.6,7.6,273,6.8,0.0,0.0,0.0
DE_Hamburg,2026-09-10T21:00Z,13.4,85,11.0,12.7,0.0,22,1017.9,6.8,14.7,208,13.3,0.0,0.0,0.0
DE_Munich,2026-09-10T21:00Z,13.4,81,10.1,13.0,0.0,100,958.2,2.9,3.5,294,6.5,0.0,0.0,0.0
ES_Madrid,2026-09-10T21:00Z,22.9,15,-4.8,19.5,0.0,0,942.3,3.8,11.6,255,9.0,0.0,0.0,0.0
FR_Paris,2026-09-10T21:00Z,16.2,65,9.7,16.0,0.0,100,1013.4,1.1,3.6,311,2.9,0.0,0.0,0.0
NL_Amsterdam,2026-09-10T21:00Z,15.3,76,11.0,14.3,0.0,100,1016.2,8.4,21.2,200,16.6,0.0,0.0,0.0
PL_Warsaw,2026-09-10T21:00Z,12.2,75,7.9,10.3,0.0,12,1005.7,9.1,21.3,267,20.2,0.0,0.0,0.0
US_BPAT_Portland,2026-09-10T21:00Z,24.6,47,12.5,24.9,0.0,99,1012.1,7.3,10.2,343,24.1,647.0,535.2,245.0
US_CISO_LosAngeles,2026-09-10T21:00Z,37.4,33,18.4,40.8,0.0,3,1000.9,8.7,11.2,180,27.0,837.0,852.5,107.0
US_CISO_SanFrancisco,2026-09-10T21:00Z,21.8,62,14.3,21.8,0.0,20,1012.8,18.9,26.4,250,45.4,828.0,868.6,106.0
US_ERCO_Dallas,2026-09-10T21:00Z,37.2,30,16.5,39.9,0.3,44,997.0,1.4,1.8,156,18.7,649.0,658.2,151.0
US_ERCO_Houston,2026-09-10T21:00Z,29.7,73,24.3,35.4,0.1,95,1010.9,3.5,5.0,131,16.6,445.0,273.5,236.0
US_ISNE_Boston,2026-09-10T21:00Z,28.3,39,13.1,26.2,0.0,0,1005.8,21.4,34.6,272,55.1,410.0,743.8,73.0
US_MISO_Chicago,2026-09-10T21:00Z,22.9,62,15.2,23.5,0.0,88,985.1,7.1,10.2,44,22.0,391.0,235.4,246.0
US_NYIS_NewYork,2026-09-10T21:00Z,30.6,40,15.5,30.8,0.0,42,1006.6,11.1,16.8,295,32.0,434.0,699.7,89.0
US_PJM_Philadelphia,2026-09-10T21:00Z,30.3,46,17.3,31.2,0.0,41,1008.9,11.5,17.9,306,32.0,423.0,608.6,113.0
US_SWPP_OklahomaCity,2026-09-10T21:00Z,24.8,84,21.8,28.7,1.2,100,972.1,6.1,9.4,91,24.5,94.0,0.0,94.0
VN_DaNang,2026-09-10T21:00Z,24.4,96,23.7,29.7,4.6,100,1009.9,3.8,7.5,37,14.0,0.0,0.0,0.0
VN_HaNoi,2026-09-10T21:00Z,22.7,98,22.4,26.5,0.1,34,1012.4,9.1,17.8,317,24.1,0.0,0.0,0.0
VN_HoChiMinh,2026-09-10T21:00Z,24.3,98,24.0,29.7,0.6,100,1007.2,4.6,10.3,329,9.0,0.0,0.0,0.0
AT_Vienna,2026-09-10T22:00Z,14.5,90,12.8,15.0,0.1,100,996.6,2.4,5.9,320,8.3,0.0,0.0,0.0
BE_Brussels,2026-09-10T22:00Z,14.3,73,9.5,13.0,0.0,100,1015.6,7.3,16.7,272,16.2,0.0,0.0,0.0
DE_Berlin,2026-09-10T22:00Z,12.6,78,9.0,11.7,0.0,9,1016.7,4.2,8.9,249,7.2,0.0,0.0,0.0
DE_Hamburg,2026-09-10T22:00Z,12.6,86,10.4,11.8,0.0,1,1017.8,6.5,16.1,217,14.0,0.0,0.0,0.0
DE_Munich,2026-09-10T22:00Z,12.9,83,10.1,12.5,0.0,100,958.3,2.8,4.4,289,7.2,0.0,0.0,0.0
ES_Madrid,2026-09-10T22:00Z,22.0,17,-4.0,18.8,0.0,0,942.3,3.2,9.7,266,7.9,0.0,0.0,0.0
FR_Paris,2026-09-10T22:00Z,15.5,71,10.2,15.1,0.0,99,1013.8,3.2,6.4,320,6.8,0.0,0.0,0.0
NL_Amsterdam,2026-09-10T22:00Z,15.2,75,10.8,14.3,0.0,100,1016.1,7.9,20.9,211,16.6,0.0,0.0,0.0
PL_Warsaw,2026-09-10T22:00Z,11.6,78,7.8,9.6,0.0,61,1006.2,9.4,21.5,264,18.7,0.0,0.0,0.0
US_BPAT_Portland,2026-09-10T22:00Z,25.4,46,12.9,25.5,0.0,99,1011.0,6.2,9.1,321,24.5,572.0,465.1,242.0
US_CISO_LosAngeles,2026-09-10T22:00Z,37.3,34,18.6,39.9,0.0,0,1000.1,11.6,15.3,188,32.0,763.0,834.1,103.0
US_CISO_SanFrancisco,2026-09-10T22:00Z,21.5,64,14.4,21.1,0.0,77,1012.3,20.4,28.7,252,47.5,773.0,844.9,111.0
US_ERCO_Dallas,2026-09-10T22:00Z,35.8,34,17.3,38.2,0.2,59,996.5,1.0,1.4,90,20.5,515.0,641.1,118.0
US_ERCO_Houston,2026-09-10T22:00Z,29.8,71,24.0,35.1,0.0,87,1010.5,5.1,6.8,130,14.8,391.0,244.4,240.0
US_ISNE_Boston,2026-09-10T22:00Z,26.8,41,12.5,24.5,0.0,2,1005.9,20.9,34.8,273,46.4,230.0,629.5,54.0
US_MISO_Chicago,2026-09-10T22:00Z,23.1,60,14.8,23.5,0.0,96,985.1,7.7,10.8,47,20.2,395.0,574.4,124.0
US_NYIS_NewYork,2026-09-10T22:00Z,30.3,41,15.7,30.6,0.0,70,1006.5,10.6,17.3,304,27.4,237.0,475.5,85.0
US_PJM_Philadelphia,2026-09-10T22:00Z,29.7,49,17.8,31.6,0.0,70,1008.6,6.6,12.1,295,27.0,242.0,416.8,102.0
US_SWPP_OklahomaCity,2026-09-10T22:00Z,25.9,79,22.0,29.8,0.2,97,971.6,6.3,9.6,106,20.5,300.0,114.5,230.0
VN_DaNang,2026-09-10T22:00Z,24.4,93,23.2,29.5,3.5,100,1010.1,3.3,6.6,116,14.8,0.0,0.0,0.0
VN_HaNoi,2026-09-10T22:00Z,22.9,98,22.6,26.5,0.0,61,1012.8,10.7,19.0,312,20.2,0.0,0.0,0.0
VN_HoChiMinh,2026-09-10T22:00Z,24.3,97,23.7,29.7,0.4,100,1007.3,2.9,7.0,314,7.9,0.0,0.0,0.0
AT_Vienna,2026-09-10T23:00Z,14.6,89,12.9,14.9,0.4,100,996.4,4.0,9.0,329,8.6,0.0,0.0,0.0
BE_Brussels,2026-09-10T23:00Z,13.9,77,10.0,12.9,0.0,99,1015.4,6.3,14.5,251,14.8,0.0,0.0,0.0
DE_Berlin,2026-09-10T23:00Z,12.2,81,9.1,11.6,0.0,2,1016.6,2.3,9.2,264,7.2,0.0,0.0,0.0
DE_Hamburg,2026-09-10T23:00Z,12.1,86,9.8,11.2,0.0,2,1017.7,6.2,16.7,218,13.0,0.0,0.0,0.0
DE_Munich,2026-09-10T23:00Z,12.5,84,9.8,11.7,0.1,100,958.3,5.3,7.8,265,10.1,0.0,0.0,0.0
ES_Madrid,2026-09-10T23:00Z,20.7,21,-2.2,17.7,0.0,0,942.1,3.4,8.0,312,7.2,0.0,0.0,0.0
FR_Paris,2026-09-10T23:00Z,15.2,74,10.7,15.4,0.0,99,1013.5,0.3,3.6,60,6.5,0.0,0.0,0.0
NL_Amsterdam,2026-09-10T23:00Z,14.3,80,10.9,13.4,0.0,98,1015.8,7.3,20.5,216,15.5,0.0,0.0,0.0
PL_Warsaw,2026-09-10T23:00Z,11.2,79,7.7,9.2,0.0,56,1006.7,9.2,21.3,272,19.4,0.0,0.0,0.0
US_BPAT_Portland,2026-09-10T23:00Z,25.1,48,13.3,24.0,0.0,100,1010.6,14.9,21.0,321,36.0,440.0,386.5,199.0
US_CISO_LosAngeles,2026-09-10T23:00Z,36.4,33,17.8,38.1,0.0,2,999.7,10.8,14.1,184,33.1,634.0,800.9,93.0
US_CISO_SanFrancisco,2026-09-10T23:00Z,20.9,66,14.3,19.7,0.0,80,1011.6,20.5,29.3,257,47.9,633.0,691.1,159.0
US_ERCO_Dallas,2026-09-10T23:00Z,34.3,38,17.9,35.2,0.3,64,996.4,13.5,18.9,76,32.0,271.0,336.6,122.0
US_ERCO_Houston,2026-09-10T23:00Z,29.3,70,23.4,34.0,0.2,80,1010.5,6.5,9.4,150,18.4,296.0,365.6,138.0
US_ISNE_Boston,2026-09-10T23:00Z,24.9,48,13.0,23.2,0.0,2,1006.4,18.6,32.8,271,43.9,58.0,328.2,21.0
US_MISO_Chicago,2026-09-10T23:00Z,22.5,64,15.2,23.0,0.0,99,985.1,8.5,13.4,64,20.5,198.0,320.9,102.0
US_NYIS_NewYork,2026-09-10T23:00Z,28.8,50,17.3,30.4,0.0,45,1006.7,6.6,14.3,327,23.0,71.0,240.5,39.0
US_PJM_Philadelphia,2026-09-10T23:00Z,28.5,59,19.7,31.7,0.0,66,1008.5,3.1,9.0,271,14.0,78.0,251.7,42.0
US_SWPP_OklahomaCity,2026-09-10T23:00Z,26.2,78,22.0,30.8,0.0,55,971.6,2.0,2.2,24,16.2,213.0,95.1,171.0
VN_DaNang,2026-09-10T23:00Z,23.9,95,23.1,29.0,3.9,100,1010.8,2.4,2.8,288,12.2,3.0,0.0,3.0
VN_HaNoi,2026-09-10T23:00Z,23.0,97,22.6,26.5,0.0,58,1013.4,12.0,20.8,317,24.1,2.0,0.0,2.0
VN_HoChiMinh,2026-09-10T23:00Z,24.3,97,23.8,30.0,0.1,100,1007.9,1.7,3.6,290,7.2,0.0,0.0,0.0
AT_Vienna,2026-09-11T00:00Z,13.9,93,12.8,14.0,0.6,100,995.9,5.2,11.4,355,9.0,0.0,0.0,0.0
BE_Brussels,2026-09-11T00:00Z,13.3,81,10.1,12.1,0.0,99,1014.9,8.5,15.9,214,14.8,0.0,0.0,0.0
DE_Berlin,2026-09-11T00:00Z,12.3,81,9.2,11.7,0.0,98,1016.8,2.4,10.4,271,4.0,0.0,0.0,0.0
DE_Hamburg,2026-09-11T00:00Z,11.6,85,9.2,10.4,0.0,0,1017.6,6.7,16.3,199,12.6,0.0,0.0,0.0
DE_Munich,2026-09-11T00:00Z,12.1,96,11.4,12.3,0.1,100,958.3,1.3,3.5,321,10.4,0.0,0.0,0.0
ES_Madrid,2026-09-11T00:00Z,19.2,33,2.3,16.3,0.0,0,942.0,7.6,16.4,29,12.2,0.0,0.0,0.0
FR_Paris,2026-09-11T00:00Z,14.2,78,10.5,14.1,0.0,98,1013.3,1.6,1.7,139,7.2,0.0,0.0,0.0
NL_Amsterdam,2026-09-11T00:00Z,13.7,87,11.6,13.0,0.0,100,1015.5,7.7,20.4,206,15.1,0.0,0.0,0.0
PL_Warsaw,2026-09-11T00:00Z,10.2,84,7.7,8.4,0.0,60,1006.7,7.8,17.7,282,18.4,0.0,0.0,0.0
US_BPAT_Portland,2026-09-11T00:00Z,23.4,54,13.6,22.1,0.0,97,1010.5,16.5,24.4,332,39.6,176.0,32.1,160.0
US_CISO_LosAngeles,2026-09-11T00:00Z,35.0,36,17.9,36.2,0.0,0,999.4,10.9,14.6,212,29.9,456.0,716.2,86.0
US_CISO_SanFrancisco,2026-09-11T00:00Z,20.9,66,14.4,19.8,0.0,100,1011.4,17.5,26.9,256,47.2,479.0,627.7,137.0
US_ERCO_Dallas,2026-09-11T00:00Z,30.3,55,20.2,33.2,0.0,97,997.4,6.4,9.7,74,42.1,154.0,343.2,72.0
US_ERCO_Houston,2026-09-11T00:00Z,28.1,82,24.8,33.7,0.0,98,1010.5,6.2,12.6,136,16.6,123.0,232.1,72.0
US_ISNE_Boston,2026-09-11T00:00Z,23.9,52,13.5,22.4,0.0,0,1007.4,18.2,33.1,271,38.5,0.0,0.0,0.0
US_MISO_Chicago,2026-09-11T00:00Z,21.4,69,15.5,22.4,0.0,66,985.0,6.0,12.6,80,19.1,56.0,105.9,43.0
US_NYIS_NewYork,2026-09-11T00:00Z,28.2,50,16.8,29.1,0.0,13,1007.4,9.5,18.6,255,14.4,1.0,0.0,1.0
US_PJM_Philadelphia,2026-09-11T00:00Z,27.8,57,18.5,29.7,0.0,49,1009.3,8.4,19.2,282,8.6,1.0,0.0,1.0
US_SWPP_OklahomaCity,2026-09-11T00:00Z,26.0,74,21.1,30.1,0.0,51,971.9,2.6,3.1,66,14.4,164.0,350.6,78.0
VN_DaNang,2026-09-11T00:00Z,24.0,96,23.3,28.2,2.5,93,1010.8,10.1,13.8,252,13.0,38.0,18.7,34.0
VN_HaNoi,2026-09-11T00:00Z,25.1,92,23.7,29.6,0.0,38,1013.7,8.9,15.9,342,23.8,88.0,170.6,58.0
VN_HoChiMinh,2026-09-11T00:00Z,25.6,92,24.2,31.6,0.1,100,1008.5,1.8,2.0,207,6.8,30.0,16.2,27.0
AT_Vienna,2026-09-11T01:00Z,13.9,92,12.7,13.9,2.2,100,995.6,5.6,10.4,9,11.5,0.0,0.0,0.0
BE_Brussels,2026-09-11T01:00Z,13.2,79,9.7,11.8,0.0,100,1014.9,9.2,18.9,212,17.6,0.0,0.0,0.0
DE_Berlin,2026-09-11T01:00Z,12.7,80,9.3,12.5,0.0,96,1016.7,0.4,4.2,282,4.0,0.0,0.0,0.0
DE_Hamburg,2026-09-11T01:00Z,11.1,87,9.0,9.9,0.0,2,1017.2,5.9,15.4,191,12.6,0.0,0.0,0.0
DE_Munich,2026-09-11T01:00Z,12.1,95,11.4,12.2,0.1,99,957.7,2.2,6.7,71,6.5,0.0,0.0,0.0
ES_Madrid,2026-09-11T01:00Z,18.7,30,0.9,15.3,0.0,0,942.2,9.3,19.5,44,19.4,0.0,0.0,0.0
FR_Paris,2026-09-11T01:00Z,14.5,75,10.1,14.0,0.0,95,1012.8,3.5,7.7,147,8.3,0.0,0.0,0.0
NL_Amsterdam,2026-09-11T01:00Z,13.5,89,11.8,12.6,0.0,99,1015.5,9.8,23.9,201,19.4,0.0,0.0,0.0
PL_Warsaw,2026-09-11T01:00Z,9.7,87,7.6,8.1,0.0,33,1006.7,6.5,15.7,290,15.1,0.0,0.0,0.0
US_BPAT_Portland,2026-09-11T01:00Z,21.9,57,13.1,20.6,0.0,99,1010.4,15.4,23.2,341,38.2,143.0,101.7,108.0
US_CISO_LosAngeles,2026-09-11T01:00Z,33.0,42,18.3,34.7,0.0,0,999.7,9.0,12.6,193,28.4,259.0,595.7,65.0
US_CISO_SanFrancisco,2026-09-11T01:00Z,19.5,73,14.5,18.2,0.0,91,1011.3,18.8,29.9,257,41.8,289.0,483.8,110.0
US_ERCO_Dallas,2026-09-11T01:00Z,29.2,62,21.0,32.3,0.0,100,996.8,8.6,15.2,123,21.2,12.0,45.7,8.0
US_ERCO_Houston,2026-09-11T01:00Z,27.7,84,24.7,33.3,0.0,92,1010.8,6.1,12.9,148,14.0,8.0,0.0,8.0
US_ISNE_Boston,2026-09-11T01:00Z,23.4,51,12.5,21.6,0.0,23,1008.0,18.0,32.6,273,38.5,0.0,0.0,0.0
US_MISO_Chicago,2026-09-11T01:00Z,21.3,72,16.0,22.3,0.0,2,985.0,6.9,14.8,92,14.0,0.0,0.0,0.0
US_NYIS_NewYork,2026-09-11T01:00Z,27.0,57,17.7,28.8,0.0,30,1008.3,6.5,16.2,270,20.5,0.0,0.0,0.0
US_PJM_Philadelphia,2026-09-11T01:00Z,26.9,63,19.3,29.4,0.0,39,1009.7,6.9,17.1,269,16.6,0.0,0.0,0.0
US_SWPP_OklahomaCity,2026-09-11T01:00Z,25.2,81,21.8,29.2,0.0,52,971.7,5.0,9.9,65,10.4,23.0,87.1,15.0
VN_DaNang,2026-09-11T01:00Z,25.7,91,24.2,30.6,0.1,77,1011.1,8.4,12.3,299,22.0,217.0,211.5,122.0
VN_HaNoi,2026-09-11T01:00Z,26.3,77,22.0,29.5,0.0,30,1014.6,11.7,17.1,3,25.6,280.0,385.0,123.0
VN_HoChiMinh,2026-09-11T01:00Z,25.5,93,24.2,31.2,0.0,100,1008.9,3.4,4.6,219,10.1,86.0,7.0,83.0
AT_Vienna,2026-09-11T02:00Z,13.7,94,12.7,13.6,1.9,100,995.5,6.8,10.7,333,13.0,0.0,0.0,0.0
BE_Brussels,2026-09-11T02:00Z,13.4,76,9.3,11.9,0.0,100,1014.8,8.9,19.5,212,19.4,0.0,0.0,0.0
DE_Berlin,2026-09-11T02:00Z,12.4,81,9.3,11.8,0.0,80,1016.6,3.1,3.4,183,6.5,0.0,0.0,0.0
DE_Hamburg,2026-09-11T02:00Z,10.8,87,8.7,9.3,0.0,2,1017.1,7.5,18.0,183,15.1,0.0,0.0,0.0
DE_Munich,2026-09-11T02:00Z,11.8,97,11.3,11.7,0.2,60,957.6,2.8,9.0,100,7.2,0.0,0.0,0.0
ES_Madrid,2026-09-11T02:00Z,17.4,33,0.8,14.2,0.0,0,942.1,8.5,18.5,43,21.6,0.0,0.0,0.0
FR_Paris,2026-09-11T02:00Z,14.2,77,10.1,13.7,0.0,98,1013.1,3.2,7.6,177,7.2,0.0,0.0,0.0
NL_Amsterdam,2026-09-11T02:00Z,13.9,87,11.7,12.7,0.0,98,1015.2,11.6,25.3,207,23.4,0.0,0.0,0.0
PL_Warsaw,2026-09-11T02:00Z,9.2,89,7.5,7.7,0.0,92,1007.0,5.9,14.3,287,13.0,0.0,0.0,0.0
US_BPAT_Portland,2026-09-11T02:00Z,19.9,58,11.5,18.0,0.0,100,1010.7,15.9,24.9,328,37.1,47.0,17.7,44.0
US_CISO_LosAngeles,2026-09-11T02:00Z,31.1,48,18.9,33.3,0.0,0,1000.0,7.3,9.9,192,24.1,71.0,322.8,28.0
US_CISO_SanFrancisco,2026-09-11T02:00Z,18.3,80,14.7,17.2,0.0,85,1011.5,18.2,29.9,259,41.8,112.0,311.7,58.0
US_ERCO_Dallas,2026-09-11T02:00Z,28.6,66,21.7,32.5,0.0,60,996.5,5.7,12.5,125,19.4,0.0,0.0,0.0
US_ERCO_Houston,2026-09-11T02:00Z,27.3,86,24.7,32.8,0.0,97,1011.1,6.8,14.9,157,13.3,0.0,0.0,0.0
US_ISNE_Boston,2026-09-11T02:00Z,22.4,52,11.9,20.7,0.0,39,1008.6,15.9,30.1,276,36.7,0.0,0.0,0.0
US_MISO_Chicago,2026-09-11T02:00Z,21.1,73,16.2,22.1,0.0,2,985.5,7.4,15.7,94,15.5,0.0,0.0,0.0
US_NYIS_NewYork,2026-09-11T02:00Z,26.1,63,18.5,28.6,0.0,70,1008.1,3.9,12.2,296,13.3,0.0,0.0,0.0
US_PJM_Philadelphia,2026-09-11T02:00Z,25.9,70,19.9,28.6,0.0,67,1009.9,7.5,18.3,263,15.1,0.0,0.0,0.0
US_SWPP_OklahomaCity,2026-09-11T02:00Z,24.6,84,21.7,28.2,0.0,34,971.9,7.4,14.6,76,15.8,0.0,0.0,0.0
VN_DaNang,2026-09-11T02:00Z,26.9,89,24.8,32.6,1.2,95,1011.9,6.0,8.4,335,23.4,338.0,222.7,192.0
VN_HaNoi,2026-09-11T02:00Z,27.3,67,20.7,29.3,0.0,21,1014.7,14.8,21.2,18,32.4,484.0,511.4,170.0
VN_HoChiMinh,2026-09-11T02:00Z,26.6,85,24.0,32.2,0.0,100,1009.4,3.3,4.4,261,12.2,263.0,138.4,174.0
AT_Vienna,2026-09-11T03:00Z,13.4,94,12.5,12.9,0.8,100,995.3,8.6,16.2,328,16.9,0.0,0.0,0.0
BE_Brussels,2026-09-11T03:00Z,13.3,76,9.2,11.6,0.0,46,1014.8,9.9,21.0,205,19.4,0.0,0.0,0.0
DE_Berlin,2026-09-11T03:00Z,12.0,81,8.9,10.7,0.0,71,1016.4,6.9,10.6,150,13.0,0.0,0.0,0.0
DE_Hamburg,2026-09-11T03:00Z,10.6,86,8.3,9.2,0.0,1,1016.9,6.9,17.9,193,15.1,0.0,0.0,0.0
DE_Munich,2026-09-11T03:00Z,11.5,95,10.8,11.5,0.1,40,957.7,1.7,6.0,80,4.0,0.0,0.0,0.0
ES_Madrid,2026-09-11T03:00Z,16.6,36,1.4,13.6,0.0,0,942.1,7.3,15.8,46,18.4,0.0,0.0,0.0
FR_Paris,2026-09-11T03:00Z,14.3,76,10.0,13.7,0.0,59,1013.3,4.0,9.7,190,7.9,0.0,0.0,0.0
NL_Amsterdam,2026-09-11T03:00Z,13.3,89,11.6,12.3,0.5,95,1015.1,10.1,23.5,203,23.8,0.0,0.0,0.0
PL_Warsaw,2026-09-11T03:00Z,8.9,90,7.4,7.4,0.0,93,1007.0,5.0,13.2,285,12.2,0.0,0.0,0.0
US_BPAT_Portland,2026-09-11T03:00Z,18.2,60,10.2,16.1,0.0,16,1011.1,14.7,23.0,325,36.4,3.0,0.0,3.0
US_CISO_LosAngeles,2026-09-11T03:00Z,29.7,54,19.4,32.2,0.0,0,1000.2,6.7,8.6,196,18.4,0.0,0.0,0.0
US_CISO_SanFrancisco,2026-09-11T03:00Z,17.6,84,14.9,16.8,0.0,1,1011.5,16.2,27.4,255,39.2,6.0,17.9,5.0
US_ERCO_Dallas,2026-09-11T03:00Z,28.5,69,22.3,32.8,0.0,80,997.2,5.1,15.0,125,13.7,0.0,0.0,0.0
US_ERCO_Houston,2026-09-11T03:00Z,27.0,88,24.9,32.6,0.0,59,1011.6,7.0,15.5,171,13.7,0.0,0.0,0.0
US_ISNE_Boston,2026-09-11T03:00Z,21.6,51,11.2,19.6,0.0,20,1008.6,16.5,30.5,280,34.2,0.0,0.0,0.0
US_MISO_Chicago,2026-09-11T03:00Z,20.9,76,16.4,22.0,0.0,1,985.8,7.6,15.5,100,15.1,0.0,0.0,0.0
US_NYIS_NewYork,2026-09-11T03:00Z,25.6,66,18.9,28.4,0.0,99,1008.4,3.6,11.5,284,8.3,0.0,0.0,0.0
US_PJM_Philadelphia,2026-09-11T03:00Z,25.2,75,20.4,28.2,0.0,31,1009.8,7.0,17.6,272,15.1,0.0,0.0,0.0
US_SWPP_OklahomaCity,2026-09-11T03:00Z,23.8,87,21.6,27.4,0.0,28,972.5,7.6,15.0,79,17.3,0.0,0.0,0.0
VN_DaNang,2026-09-11T03:00Z,27.1,85,24.4,31.9,2.1,98,1012.2,14.8,20.2,359,37.1,660.0,542.1,216.0
VN_HaNoi,2026-09-11T03:00Z,28.2,64,20.8,30.9,0.0,16,1014.7,15.3,21.9,30,33.8,689.0,662.6,172.0
VN_HoChiMinh,2026-09-11T03:00Z,27.0,81,23.5,32.3,0.0,100,1009.5,3.5,4.7,223,13.0,292.0,143.6,175.0
AT_Vienna,2026-09-11T04:00Z,13.2,95,12.4,12.5,0.6,100,995.3,9.8,18.1,319,19.4,0.0,0.0,0.0
BE_Brussels,2026-09-11T04:00Z,13.2,74,8.8,11.4,0.0,66,1014.9,10.2,21.8,209,20.2,0.0,0.0,0.0
DE_Berlin,2026-09-11T04:00Z,11.3,81,8.1,9.7,0.0,98,1016.3,7.3,16.2,157,14.0,0.0,0.0,0.0
DE_Hamburg,2026-09-11T04:00Z,10.5,85,8.0,9.0,0.0,1,1016.9,6.3,17.4,197,14.0,0.0,0.0,0.0
DE_Munich,2026-09-11T04:00Z,11.1,96,10.5,10.9,0.0,45,958.0,2.6,6.3,72,3.6,0.0,0.0,0.0
ES_Madrid,2026-09-11T04:00Z,15.9,37,1.3,12.8,0.0,0,942.2,7.9,15.3,42,16.6,0.0,0.0,0.0
FR_Paris,2026-09-11T04:00Z,13.6,78,9.8,12.9,0.0,14,1013.5,4.3,11.1,209,9.0,0.0,0.0,0.0
NL_Amsterdam,2026-09-11T04:00Z,13.6,89,11.7,12.4,0.0,98,1014.8,11.3,24.3,199,22.3,0.0,0.0,0.0
PL_Warsaw,2026-09-11T04:00Z,8.6,92,7.3,7.1,0.0,84,1007.2,5.2,12.8,281,10.8,0.0,0.0,0.0
US_BPAT_Portland,2026-09-11T04:00Z,16.5,66,10.1,15.0,0.0,0,1011.7,10.5,16.5,324,32.8,0.0,0.0,0.0
US_CISO_LosAngeles,2026-09-11T04:00Z,28.6,59,19.7,31.3,0.0,0,1000.8,6.2,8.0,174,16.6,0.0,0.0,0.0
US_CISO_SanFrancisco,2026-09-11T04:00Z,17.2,85,14.6,16.6,0.0,2,1012.1,14.6,25.4,253,34.9,0.0,0.0,0.0
US_ERCO_Dallas,2026-09-11T04:00Z,28.3,73,23.0,32.9,0.0,60,997.4,6.1,14.5,128,12.6,0.0,0.0,0.0
US_ERCO_Houston,2026-09-11T04:00Z,26.7,88,24.6,32.1,0.0,34,1011.4,7.5,16.8,171,14.8,0.0,0.0,0.0
US_ISNE_Boston,2026-09-11T04:00Z,20.8,55,11.3,18.9,0.0,41,1008.9,15.9,29.8,284,33.8,0.0,0.0,0.0
US_MISO_Chicago,2026-09-11T04:00Z,20.6,78,16.6,21.7,0.0,0,985.7,7.6,15.5,118,16.2,0.0,0.0,0.0
US_NYIS_NewYork,2026-09-11T04:00Z,25.3,67,18.9,27.9,0.0,98,1008.7,4.8,11.9,318,9.4,0.0,0.0,0.0
US_PJM_Philadelphia,2026-09-11T04:00Z,24.8,78,20.8,28.1,0.0,100,1010.0,6.8,16.6,273,14.0,0.0,0.0,0.0
US_SWPP_OklahomaCity,2026-09-11T04:00Z,23.3,90,21.6,27.0,0.0,4,972.6,6.8,14.5,95,16.2,0.0,0.0,0.0
VN_DaNang,2026-09-11T04:00Z,27.0,86,24.6,33.7,1.8,84,1012.1,8.0,10.8,345,37.4,779.0,523.6,293.0
VN_HaNoi,2026-09-11T04:00Z,29.0,61,20.7,32.2,0.0,8,1014.5,16.2,23.0,35,36.7,820.0,714.8,180.0
VN_HoChiMinh,2026-09-11T04:00Z,27.2,80,23.6,32.5,0.1,100,1009.3,3.7,4.9,208,13.3,373.0,81.5,297.0
AT_Vienna,2026-09-11T05:00Z,13.1,95,12.3,12.3,1.0,100,995.4,9.9,18.4,324,20.5,2.0,0.0,2.0
BE_Brussels,2026-09-11T05:00Z,13.7,68,8.0,11.5,0.0,100,1014.9,11.5,23.9,210,23.4,0.0,0.0,0.0
DE_Berlin,2026-09-11T05:00Z,10.9,81,7.9,9.6,0.0,100,1016.4,5.1,14.2,160,13.7,4.0,19.1,3.0
DE_Hamburg,2026-09-11T05:00Z,10.3,85,7.9,8.7,0.0,5,1017.0,7.0,17.1,188,13.7,1.0,0.0,1.0
DE_Munich,2026-09-11T05:00Z,11.0,96,10.4,11.1,0.0,100,958.3,0.4,1.8,114,3.6,1.0,0.0,1.0
ES_Madrid,2026-09-11T05:00Z,15.2,36,0.4,11.9,0.0,0,942.4,8.7,18.6,38,18.7,0.0,0.0,0.0
FR_Paris,2026-09-11T05:00Z,13.0,79,9.4,12.2,0.0,8,1013.7,4.6,12.3,217,9.4,0.0,0.0,0.0
NL_Amsterdam,2026-09-11T05:00Z,13.5,90,11.9,12.2,0.7,100,1014.8,12.5,25.2,203,23.0,0.0,0.0,0.0
PL_Warsaw,2026-09-11T05:00Z,9.0,91,7.6,7.5,0.0,88,1007.5,5.8,12.7,293,10.8,29.0,96.0,21.0
US_BPAT_Portland,2026-09-11T05:00Z,15.4,72,10.4,14.6,0.0,0,1012.4,6.4,10.9,315,22.7,0.0,0.0,0.0
US_CISO_LosAngeles,2026-09-11T05:00Z,27.5,61,19.4,30.0,0.0,0,1001.2,7.5,10.0,142,18.0,0.0,0.0,0.0
US_CISO_SanFrancisco,2026-09-11T05:00Z,17.0,84,14.4,16.2,0.0,3,1012.3,15.2,25.7,248,31.7,0.0,0.0,0.0
US_ERCO_Dallas,2026-09-11T05:00Z,28.4,70,22.4,32.5,0.0,41,997.2,6.5,14.7,151,14.0,0.0,0.0,0.0
US_ERCO_Houston,2026-09-11T05:00Z,26.5,86,23.9,31.4,0.0,20,1011.1,8.0,18.0,178,16.2,0.0,0.0,0.0
US_ISNE_Boston,2026-09-11T05:00Z,20.1,59,11.8,18.6,0.0,23,1009.4,14.0,27.3,284,32.8,0.0,0.0,0.0
US_MISO_Chicago,2026-09-11T05:00Z,20.1,82,17.0,21.8,0.0,1,986.0,5.3,13.0,115,15.1,0.0,0.0,0.0
US_NYIS_NewYork,2026-09-11T05:00Z,24.6,70,18.8,26.9,0.0,85,1009.0,6.3,13.7,355,13.3,0.0,0.0,0.0
US_PJM_Philadelphia,2026-09-11T05:00Z,24.9,79,21.0,28.5,0.0,100,1010.2,5.5,14.3,295,13.7,0.0,0.0,0.0
US_SWPP_OklahomaCity,2026-09-11T05:00Z,22.9,91,21.4,26.4,0.0,0,972.3,6.9,14.4,99,15.8,0.0,0.0,0.0
VN_DaNang,2026-09-11T05:00Z,27.0,84,24.1,31.6,1.8,88,1011.4,13.6,17.1,25,38.5,641.0,299.4,349.0
VN_HaNoi,2026-09-11T05:00Z,29.7,57,20.4,33.2,0.0,9,1013.5,15.2,21.5,37,36.4,873.0,712.8,195.0
VN_HoChiMinh,2026-09-11T05:00Z,27.2,80,23.6,32.2,0.3,100,1008.5,5.4,7.5,188,17.3,438.0,108.3,331.0
AT_Vienna,2026-09-11T06:00Z,12.5,95,11.8,11.3,1.5,100,995.9,11.9,21.5,320,23.0,14.0,0.0,14.0
BE_Brussels,2026-09-11T06:00Z,13.9,70,8.5,11.8,0.0,100,1015.5,11.7,23.9,220,25.2,8.0,13.3,7.0
DE_Berlin,2026-09-11T06:00Z,11.7,80,8.3,10.5,0.0,90,1016.7,5.0,11.3,171,10.8,74.0,194.7,48.0
DE_Hamburg,2026-09-11T06:00Z,10.8,86,8.5,9.0,0.0,39,1017.1,9.0,18.5,170,16.9,60.0,330.3,26.0
DE_Munich,2026-09-11T06:00Z,11.5,98,11.3,11.5,0.0,100,958.8,2.4,2.9,173,6.5,44.0,135.1,28.0
ES_Madrid,2026-09-11T06:00Z,14.5,38,0.3,11.2,0.0,0,943.0,8.2,19.2,45,18.7,0.0,0.0,0.0
FR_Paris,2026-09-11T06:00Z,13.6,73,8.9,12.5,0.0,1,1014.1,5.5,15.6,239,10.1,13.0,92.7,7.0
NL_Amsterdam,2026-09-11T06:00Z,13.7,92,12.3,12.3,1.4,100,1014.9,14.0,27.9,200,25.6,9.0,0.0,9.0
PL_Warsaw,2026-09-11T06:00Z,10.0,88,8.1,9.1,0.0,76,1007.8,2.0,7.7,321,10.8,146.0,334.0,75.0
US_BPAT_Portland,2026-09-11T06:00Z,14.6,75,10.3,14.0,0.0,0,1012.7,5.1,9.4,317,13.7,0.0,0.0,0.0
US_CISO_LosAngeles,2026-09-11T06:00Z,26.4,61,18.4,28.3,0.0,0,1001.1,7.8,11.7,127,18.7,0.0,0.0,0.0
US_CISO_SanFrancisco,2026-09-11T06:00Z,16.4,85,13.9,15.4,0.0,5,1012.1,15.4,24.0,240,29.2,0.0,0.0,0.0
US_ERCO_Dallas,2026-09-11T06:00Z,26.9,76,22.3,31.1,0.0,27,997.9,6.2,12.8,154,13.3,0.0,0.0,0.0
US_ERCO_Houston,2026-09-11T06:00Z,25.9,89,24.0,31.1,0.0,9,1011.2,5.8,15.3,189,15.5,0.0,0.0,0.0
US_ISNE_Boston,2026-09-11T06:00Z,19.0,64,11.9,17.8,0.0,39,1009.7,12.4,25.3,279,28.8,0.0,0.0,0.0
US_MISO_Chicago,2026-09-11T06:00Z,18.8,89,17.0,20.1,0.0,1,986.1,7.7,14.3,117,14.0,0.0,0.0,0.0
US_NYIS_NewYork,2026-09-11T06:00Z,23.6,70,17.9,25.3,0.0,99,1009.5,8.1,17.1,17,18.0,0.0,0.0,0.0
US_PJM_Philadelphia,2026-09-11T06:00Z,24.6,81,21.1,28.0,0.0,100,1010.6,6.6,15.8,323,10.8,0.0,0.0,0.0
US_SWPP_OklahomaCity,2026-09-11T06:00Z,21.2,93,20.1,24.4,0.0,0,972.2,4.9,11.8,103,14.8,0.0,0.0,0.0
VN_DaNang,2026-09-11T06:00Z,28.5,75,23.6,33.5,0.9,92,1010.2,15.3,20.9,17,42.5,823.0,575.4,272.0
VN_HaNoi,2026-09-11T06:00Z,30.0,55,20.0,33.3,0.1,16,1012.8,13.9,19.4,40,34.6,832.0,672.5,197.0
VN_HoChiMinh,2026-09-11T06:00Z,27.1,80,23.4,32.4,0.3,89,1007.4,3.1,4.5,275,17.3,177.0,0.0,177.0
AT_Vienna,2026-09-11T07:00Z,12.8,95,11.9,11.9,0.7,100,996.6,10.0,17.3,312,24.5,44.0,3.0,43.0
BE_Brussels,2026-09-11T07:00Z,14.4,71,9.2,12.4,0.2,100,1015.5,12.1,24.9,214,23.0,31.0,0.0,31.0
DE_Berlin,2026-09-11T07:00Z,13.2,75,8.9,12.4,0.0,100,1017.3,3.5,11.9,195,11.5,177.0,209.6,117.0
DE_Hamburg,2026-09-11T07:00Z,12.3,82,9.2,11.0,0.0,22,1017.1,6.9,18.5,174,16.6,196.0,558.5,57.0
DE_Munich,2026-09-11T07:00Z,13.0,94,12.1,13.5,0.0,99,959.3,1.4,4.2,198,8.6,143.0,228.7,78.0
ES_Madrid,2026-09-11T07:00Z,15.6,36,0.5,12.2,0.0,0,944.0,9.3,21.1,40,19.4,75.0,374.2,28.0
FR_Paris,2026-09-11T07:00Z,15.5,66,9.2,14.4,0.0,5,1014.6,5.7,14.9,247,12.2,127.0,450.6,46.0
NL_Amsterdam,2026-09-11T07:00Z,14.3,90,12.7,13.1,0.1,100,1015.0,13.7,26.0,201,27.4,53.0,34.9,46.0
PL_Warsaw,2026-09-11T07:00Z,12.4,81,9.1,11.9,0.0,99,1008.2,1.3,2.2,284,9.4,299.0,553.0,100.0
US_BPAT_Portland,2026-09-11T07:00Z,13.9,79,10.3,13.6,0.0,0,1012.9,2.9,6.0,316,10.4,0.0,0.0,0.0
US_CISO_LosAngeles,2026-09-11T07:00Z,25.9,59,17.3,27.6,0.0,0,1001.5,6.2,10.5,117,18.4,0.0,0.0,0.0
US_CISO_SanFrancisco,2026-09-11T07:00Z,16.2,87,14.0,15.2,0.0,5,1012.1,15.5,25.7,248,31.0,0.0,0.0,0.0
US_ERCO_Dallas,2026-09-11T07:00Z,27.2,73,22.0,31.0,0.0,19,997.7,7.3,16.1,170,14.8,0.0,0.0,0.0
US_ERCO_Houston,2026-09-11T07:00Z,25.8,90,24.0,31.1,0.0,25,1011.0,5.1,13.3,215,10.8,0.0,0.0,0.0
US_ISNE_Boston,2026-09-11T07:00Z,18.7,65,12.0,17.7,0.0,55,1009.7,11.1,23.1,275,24.5,0.0,0.0,0.0
US_MISO_Chicago,2026-09-11T07:00Z,18.9,89,17.0,20.3,0.0,0,985.9,6.9,13.5,115,15.1,0.0,0.0,0.0
US_NYIS_NewYork,2026-09-11T07:00Z,23.3,66,16.6,24.5,0.0,98,1009.9,7.8,14.9,15,18.0,0.0,0.0,0.0
US_PJM_Philadelphia,2026-09-11T07:00Z,24.4,82,21.2,27.7,0.2,100,1010.7,8.2,17.1,341,16.6,0.0,0.0,0.0
US_SWPP_OklahomaCity,2026-09-11T07:00Z,21.3,94,20.3,24.7,0.0,0,971.8,4.1,12.0,126,9.7,0.0,0.0,0.0
VN_DaNang,2026-09-11T07:00Z,29.0,72,23.4,33.2,0.9,52,1009.0,15.5,21.9,14,39.6,704.0,517.0,251.0
VN_HaNoi,2026-09-11T07:00Z,30.0,55,20.0,33.2,0.1,40,1011.7,12.9,18.0,41,31.7,779.0,682.4,182.0
VN_HoChiMinh,2026-09-11T07:00Z,27.4,79,23.4,32.4,0.4,80,1006.5,4.2,5.6,248,15.5,313.0,33.4,283.0
AT_Vienna,2026-09-11T08:00Z,13.4,90,11.7,11.7,0.3,100,996.5,14.6,23.2,326,32.4,132.0,8.3,128.0
BE_Brussels,2026-09-11T08:00Z,15.2,72,10.1,13.5,0.2,100,1015.9,11.8,25.0,213,24.5,98.0,28.4,88.0
DE_Berlin,2026-09-11T08:00Z,15.0,66,8.6,14.0,0.0,100,1017.5,3.8,7.4,181,13.0,245.0,136.8,187.0
DE_Hamburg,2026-09-11T08:00Z,14.3,76,10.0,13.2,0.0,42,1017.0,7.1,14.7,157,18.4,344.0,701.8,72.0
DE_Munich,2026-09-11T08:00Z,14.8,79,11.2,14.9,0.0,27,959.8,1.7,2.7,212,10.8,272.0,324.3,130.0
ES_Madrid,2026-09-11T08:00Z,17.7,30,-0.1,14.4,0.0,0,944.6,8.1,17.8,40,21.6,263.0,657.9,62.0
FR_Paris,2026-09-11T08:00Z,18.0,56,9.1,17.2,0.0,0,1015.0,3.7,9.1,238,12.6,288.0,635.0,71.0
NL_Amsterdam,2026-09-11T08:00Z,14.6,92,13.3,13.5,0.6,67,1015.3,14.5,26.7,205,28.4,73.0,11.5,69.0
PL_Warsaw,2026-09-11T08:00Z,14.1,72,9.1,13.7,0.0,100,1008.7,1.4,1.7,212,10.8,399.0,464.2,173.0
US_BPAT_Portland,2026-09-11T08:00Z,13.3,82,10.2,13.0,0.0,0,1013.0,2.3,5.1,333,7.2,0.0,0.0,0.0
US_CISO_LosAngeles,2026-09-11T08:00Z,25.5,60,17.2,27.2,0.0,0,1001.5,5.5,10.8,118,15.1,0.0,0.0,0.0
US_CISO_SanFrancisco,2026-09-11T08:00Z,16.1,87,13.9,14.9,0.0,16,1012.3,16.7,27.3,253,33.5,0.0,0.0,0.0
US_ERCO_Dallas,2026-09-11T08:00Z,27.2,72,21.6,30.8,0.0,16,997.5,7.8,16.4,181,16.6,0.0,0.0,0.0
US_ERCO_Houston,2026-09-11T08:00Z,25.5,92,24.1,30.9,0.0,59,1010.7,4.8,13.7,214,9.7,0.0,0.0,0.0
US_ISNE_Boston,2026-09-11T08:00Z,17.9,69,12.1,17.1,0.0,73,1010.2,10.1,21.5,278,22.0,0.0,0.0,0.0
US_MISO_Chicago,2026-09-11T08:00Z,18.6,90,16.9,20.3,0.0,0,986.0,4.8,11.3,112,14.0,0.0,0.0,0.0
US_NYIS_NewYork,2026-09-11T08:00Z,22.3,69,16.2,23.7,0.0,97,1010.0,5.0,11.0,357,17.3,0.0,0.0,0.0
US_PJM_Philadelphia,2026-09-11T08:00Z,24.1,81,20.6,27.2,0.1,100,1010.9,7.2,15.3,12,16.9,0.0,0.0,0.0
US_SWPP_OklahomaCity,2026-09-11T08:00Z,21.1,95,20.4,24.9,0.0,0,971.3,1.9,9.2,140,9.0,0.0,0.0,0.0
VN_DaNang,2026-09-11T08:00Z,28.3,75,23.6,32.8,0.5,81,1008.5,12.2,17.1,32,35.6,629.0,623.4,170.0
VN_HaNoi,2026-09-11T08:00Z,30.0,54,19.6,32.3,0.0,13,1010.8,12.3,17.7,52,28.8,631.0,604.5,179.0
VN_HoChiMinh,2026-09-11T08:00Z,27.1,78,22.9,31.6,0.1,100,1006.0,6.0,8.3,194,19.4,323.0,116.8,234.0
AT_Vienna,2026-09-11T09:00Z,14.2,82,11.2,12.4,0.2,100,996.9,14.7,22.9,332,34.9,208.0,11.7,201.0
BE_Brussels,2026-09-11T09:00Z,16.1,70,10.7,14.4,0.2,100,1016.3,13.0,23.8,214,28.1,130.0,6.2,127.0
DE_Berlin,2026-09-11T09:00Z,17.0,54,7.7,15.7,0.0,99,1017.4,4.5,6.2,187,15.5,404.0,372.6,204.0
DE_Hamburg,2026-09-11T09:00Z,16.4,70,10.9,15.6,0.0,98,1017.0,7.2,10.8,148,19.4,451.0,654.6,121.0
DE_Munich,2026-09-11T09:00Z,16.4,63,9.5,15.9,0.0,25,960.4,2.8,4.0,280,13.0,423.0,487.9,147.0
ES_Madrid,2026-09-11T09:00Z,20.9,24,-0.7,17.6,0.0,0,945.5,7.5,12.0,39,23.0,459.0,793.8,77.0
FR_Paris,2026-09-11T09:00Z,20.4,47,8.9,19.3,0.0,2,1015.4,5.5,8.2,244,17.6,445.0,747.2,83.0
NL_Amsterdam,2026-09-11T09:00Z,15.5,92,14.2,15.0,0.7,93,1015.8,13.1,23.8,209,34.9,184.0,92.3,140.0
PL_Warsaw,2026-09-11T09:00Z,15.4,64,8.6,15.0,0.0,99,1008.8,0.2,0.4,243,11.2,477.0,410.3,237.0
US_BPAT_Portland,2026-09-11T09:00Z,12.9,84,10.2,12.7,0.0,6,1013.1,1.8,4.0,328,6.1,0.0,0.0,0.0
US_CISO_LosAngeles,2026-09-11T09:00Z,24.9,64,17.7,26.8,0.0,0,1001.4,5.6,11.1,120,13.7,0.0,0.0,0.0
US_CISO_SanFrancisco,2026-09-11T09:00Z,15.8,86,13.6,14.5,0.0,27,1012.2,16.6,27.0,255,34.6,0.0,0.0,0.0
US_ERCO_Dallas,2026-09-11T09:00Z,27.1,73,21.7,30.6,0.0,50,997.4,8.3,16.7,188,16.6,0.0,0.0,0.0
US_ERCO_Houston,2026-09-11T09:00Z,25.4,93,24.1,31.0,0.0,77,1010.8,4.2,12.6,223,9.7,0.0,0.0,0.0
US_ISNE_Boston,2026-09-11T09:00Z,17.4,72,12.2,16.7,0.0,59,1011.0,9.7,20.2,293,20.2,0.0,0.0,0.0
US_MISO_Chicago,2026-09-11T09:00Z,18.5,90,16.8,20.0,0.0,0,986.0,5.9,11.9,124,11.9,0.0,0.0,0.0
US_NYIS_NewYork,2026-09-11T09:00Z,21.9,71,16.5,23.4,0.0,80,1010.2,4.5,10.6,339,10.8,0.0,0.0,0.0
US_PJM_Philadelphia,2026-09-11T09:00Z,23.6,81,20.1,26.6,0.1,99,1011.3,6.0,12.4,26,14.0,0.0,0.0,0.0
US_SWPP_OklahomaCity,2026-09-11T09:00Z,21.1,95,20.3,24.9,0.0,0,971.1,1.5,7.2,129,4.3,0.0,0.0,0.0
VN_DaNang,2026-09-11T09:00Z,25.3,92,23.9,29.4,4.2,89,1009.0,13.3,19.9,49,36.4,322.0,259.2,180.0
VN_HaNoi,2026-09-11T09:00Z,29.6,56,19.9,31.5,0.0,11,1010.5,13.0,19.5,52,27.4,454.0,547.7,141.0
VN_HoChiMinh,2026-09-11T09:00Z,27.2,79,23.3,31.7,0.7,95,1006.0,8.4,11.5,189,20.2,402.0,390.2,178.0
AT_Vienna,2026-09-11T10:00Z,14.9,78,11.1,12.8,0.1,100,997.1,16.7,25.8,325,40.0,305.0,92.7,242.0
BE_Brussels,2026-09-11T10:00Z,16.4,72,11.3,15.0,0.2,100,1016.5,12.1,23.6,219,29.2,95.0,0.0,95.0
DE_Berlin,2026-09-11T10:00Z,18.1,48,6.9,16.3,0.0,98,1017.1,6.3,8.7,184,19.4,454.0,296.5,271.0
DE_Hamburg,2026-09-11T10:00Z,17.8,64,10.8,16.9,0.0,98,1017.0,7.9,11.5,172,20.2,438.0,374.2,217.0
DE_Munich,2026-09-11T10:00Z,17.7,56,8.8,16.5,0.0,82,960.9,6.6,9.3,314,21.2,570.0,655.7,138.0
ES_Madrid,2026-09-11T10:00Z,24.0,18,-1.9,21.1,0.0,0,946.1,6.2,8.8,57,23.0,630.0,863.6,88.0
FR_Paris,2026-09-11T10:00Z,21.6,44,8.8,20.3,0.0,2,1015.7,7.2,10.2,257,22.7,570.0,795.8,94.0
NL_Amsterdam,2026-09-11T10:00Z,16.9,88,14.8,16.1,1.2,91,1016.2,15.8,23.7,226,36.7,366.0,298.1,194.0
PL_Warsaw,2026-09-11T10:00Z,16.1,57,7.6,15.4,0.0,100,1008.6,0.7,1.3,270,10.4,507.0,352.3,279.0
US_BPAT_Portland,2026-09-11T10:00Z,12.5,86,10.2,12.3,0.0,29,1013.1,2.1,4.3,312,5.0,0.0,0.0,0.0
US_CISO_LosAngeles,2026-09-11T10:00Z,24.4,67,17.9,26.7,0.0,0,1001.1,4.1,9.5,115,12.6,0.0,0.0,0.0
US_CISO_SanFrancisco,2026-09-11T10:00Z,15.2,91,13.8,14.1,0.0,58,1012.2,16.1,25.7,253,34.9,0.0,0.0,0.0
US_ERCO_Dallas,2026-09-11T10:00Z,26.8,75,21.9,30.6,0.0,16,997.0,6.9,15.1,189,17.6,0.0,0.0,0.0
US_ERCO_Houston,2026-09-11T10:00Z,25.3,94,24.2,31.1,0.0,8,1010.5,2.3,9.7,235,7.6,0.0,0.0,0.0
US_ISNE_Boston,2026-09-11T10:00Z,16.8,74,12.2,16.2,0.0,75,1011.3,9.3,19.4,317,19.1,0.0,0.0,0.0
US_MISO_Chicago,2026-09-11T10:00Z,18.0,91,16.5,19.5,0.0,0,985.9,4.8,11.2,135,11.9,0.0,0.0,0.0
US_NYIS_NewYork,2026-09-11T10:00Z,21.5,68,15.4,22.3,0.0,100,1010.7,7.1,15.3,344,15.8,0.0,0.0,0.0
US_PJM_Philadelphia,2026-09-11T10:00Z,23.0,77,18.6,24.7,0.0,100,1011.6,9.7,18.1,22,20.2,0.0,0.0,0.0
US_SWPP_OklahomaCity,2026-09-11T10:00Z,21.1,95,20.3,24.6,0.0,0,971.0,3.0,8.6,119,6.8,0.0,0.0,0.0
VN_DaNang,2026-09-11T10:00Z,25.7,93,24.4,31.6,8.2,99,1009.4,2.7,6.0,25,27.0,150.0,176.3,93.0
VN_HaNoi,2026-09-11T10:00Z,28.7,63,21.0,31.4,0.0,4,1010.6,11.1,19.7,51,25.6,259.0,466.3,92.0
VN_HoChiMinh,2026-09-11T10:00Z,25.9,90,24.0,30.7,0.6,99,1006.5,8.4,13.9,181,22.0,73.0,17.3,67.0
AT_Vienna,2026-09-11T11:00Z,14.6,80,11.1,12.5,0.1,100,997.3,16.6,26.3,327,40.7,177.0,11.1,169.0
BE_Brussels,2026-09-11T11:00Z,18.9,61,11.2,17.6,0.0,100,1016.6,11.5,18.7,225,29.2,261.0,122.9,180.0
DE_Berlin,2026-09-11T11:00Z,19.0,43,6.0,16.8,0.0,100,1016.7,8.5,11.7,193,24.1,566.0,518.3,224.0
DE_Hamburg,2026-09-11T11:00Z,18.9,53,9.1,17.5,0.0,98,1017.1,8.0,11.7,200,20.5,439.0,252.7,277.0
DE_Munich,2026-09-11T11:00Z,18.1,52,8.1,16.6,0.0,59,960.9,7.5,10.3,319,23.0,560.0,496.4,207.0
ES_Madrid,2026-09-11T11:00Z,26.0,15,-2.7,24.4,0.0,0,946.2,3.2,4.6,99,21.6,757.0,901.1,95.0
FR_Paris,2026-09-11T11:00Z,22.9,40,8.8,22.2,0.0,63,1015.6,7.4,10.3,264,23.8,660.0,831.0,99.0
NL_Amsterdam,2026-09-11T11:00Z,18.8,78,14.9,18.7,0.2,27,1016.4,11.6,17.4,254,33.8,466.0,442.4,182.0
PL_Warsaw,2026-09-11T11:00Z,16.1,56,7.2,15.1,0.0,100,1008.5,1.9,2.4,222,10.4,363.0,101.5,295.0
US_BPAT_Portland,2026-09-11T11:00Z,12.4,87,10.3,12.0,0.0,70,1013.5,3.3,6.7,316,7.9,0.0,0.0,0.0
US_CISO_LosAngeles,2026-09-11T11:00Z,24.1,70,18.3,27.1,0.0,0,1001.0,0.3,5.0,109,8.3,0.0,0.0,0.0
US_CISO_SanFrancisco,2026-09-11T11:00Z,15.1,93,13.9,14.1,0.0,66,1012.2,15.4,23.0,253,35.3,0.0,0.0,0.0
US_ERCO_Dallas,2026-09-11T11:00Z,26.4,78,22.3,30.8,0.0,51,997.0,4.5,11.7,195,13.7,0.0,0.0,0.0
US_ERCO_Houston,2026-09-11T11:00Z,24.9,93,23.7,30.7,0.3,36,1010.0,0.5,6.2,234,3.6,0.0,0.0,0.0
US_ISNE_Boston,2026-09-11T11:00Z,16.7,76,12.4,16.1,0.0,30,1011.9,9.3,18.5,336,18.4,17.0,92.5,10.0
US_MISO_Chicago,2026-09-11T11:00Z,17.5,91,16.0,19.0,0.0,0,985.7,3.5,9.3,134,10.1,0.0,0.0,0.0
US_NYIS_NewYork,2026-09-11T11:00Z,21.3,62,13.8,21.5,0.0,98,1011.1,6.8,13.4,345,15.8,3.0,0.0,3.0
US_PJM_Philadelphia,2026-09-11T11:00Z,22.3,72,17.0,23.4,0.0,76,1012.2,9.0,17.1,29,21.6,1.0,0.0,1.0
US_SWPP_OklahomaCity,2026-09-11T11:00Z,21.1,95,20.2,24.6,0.0,9,971.1,3.3,8.9,133,7.9,0.0,0.0,0.0
VN_DaNang,2026-09-11T11:00Z,25.0,95,24.1,30.2,4.5,100,1009.9,6.2,11.6,6,16.6,18.0,39.5,13.0
VN_HaNoi,2026-09-11T11:00Z,27.4,69,21.2,30.5,0.0,9,1010.8,8.7,19.2,62,22.0,67.0,225.9,34.0
VN_HoChiMinh,2026-09-11T11:00Z,25.4,93,24.2,30.3,0.6,95,1007.0,8.7,15.6,191,17.6,16.0,0.0,16.0
AT_Vienna,2026-09-11T12:00Z,14.8,80,11.3,12.8,0.0,60,997.5,15.9,24.7,328,39.6,249.0,63.3,204.0
BE_Brussels,2026-09-11T12:00Z,19.1,69,13.3,17.9,0.0,71,1017.1,15.1,22.7,236,44.6,484.0,356.7,239.0
DE_Berlin,2026-09-11T12:00Z,19.2,41,5.8,16.9,0.0,100,1016.6,8.5,11.5,203,24.8,489.0,337.0,266.0
DE_Hamburg,2026-09-11T12:00Z,19.9,49,8.8,18.0,0.0,59,1017.0,10.4,14.9,224,21.6,351.0,107.4,281.0
DE_Munich,2026-09-11T12:00Z,18.2,52,8.2,16.8,0.0,47,961.1,6.2,8.8,313,23.0,408.0,175.3,282.0
ES_Madrid,2026-09-11T12:00Z,27.8,14,-2.5,26.7,0.0,0,945.7,3.0,4.0,175,18.4,829.0,919.4,98.0
FR_Paris,2026-09-11T12:00Z,23.5,41,9.5,22.6,0.0,98,1015.4,7.2,9.7,251,23.8,605.0,625.4,161.0
NL_Amsterdam,2026-09-11T12:00Z,19.4,74,14.7,19.4,0.1,21,1017.0,10.5,15.8,262,27.7,546.0,582.9,157.0
PL_Warsaw,2026-09-11T12:00Z,15.9,59,8.0,15.0,0.0,100,1008.3,2.3,2.9,248,12.2,251.0,32.3,230.0
US_BPAT_Portland,2026-09-11T12:00Z,11.7,91,10.2,11.7,0.0,98,1013.8,0.2,1.8,354,8.6,0.0,0.0,0.0
US_CISO_LosAngeles,2026-09-11T12:00Z,23.8,70,18.1,26.4,0.0,0,1000.9,2.0,6.2,123,2.2,0.0,0.0,0.0
US_CISO_SanFrancisco,2026-09-11T12:00Z,15.2,92,13.8,14.2,0.0,75,1012.1,15.2,23.4,245,35.6,0.0,0.0,0.0
US_ERCO_Dallas,2026-09-11T12:00Z,24.1,96,23.4,29.0,0.0,79,997.7,5.3,13.3,245,9.0,0.0,0.0,0.0
US_ERCO_Houston,2026-09-11T12:00Z,24.2,95,23.4,29.6,4.2,7,1011.0,2.2,8.7,225,16.9,0.0,0.0,0.0
US_ISNE_Boston,2026-09-11T12:00Z,17.5,69,11.7,16.9,0.0,69,1012.4,7.8,19.5,342,18.7,158.0,529.9,48.0
US_MISO_Chicago,2026-09-11T12:00Z,17.6,93,16.4,19.4,0.0,0,986.2,2.7,8.3,129,6.8,11.0,75.8,6.0
US_NYIS_NewYork,2026-09-11T12:00Z,21.1,66,14.4,21.6,0.0,94,1011.9,6.3,14.1,337,17.6,46.0,34.8,40.0
US_PJM_Philadelphia,2026-09-11T12:00Z,22.4,70,16.8,23.9,0.0,96,1013.1,6.0,12.2,31,18.7,57.0,113.9,39.0
US_SWPP_OklahomaCity,2026-09-11T12:00Z,20.5,95,19.7,23.6,0.0,44,970.9,4.0,9.5,81,8.3,0.0,0.0,0.0
VN_DaNang,2026-09-11T12:00Z,25.3,94,24.2,30.2,8.3,100,1009.9,9.0,14.9,337,20.9,0.0,0.0,0.0
VN_HaNoi,2026-09-11T12:00Z,26.8,68,20.4,29.1,0.0,14,1011.5,12.1,23.6,57,20.9,0.0,0.0,0.0
VN_HoChiMinh,2026-09-11T12:00Z,26.1,93,24.9,32.0,1.0,100,1007.2,5.2,10.5,176,16.9,0.0,0.0,0.0
AT_Vienna,2026-09-11T13:00Z,15.3,74,10.7,13.2,0.1,98,997.7,16.0,24.5,326,38.9,381.0,269.9,203.0
BE_Brussels,2026-09-11T13:00Z,20.1,66,13.6,18.9,0.0,91,1017.2,15.5,23.2,250,39.6,411.0,248.5,244.0
DE_Berlin,2026-09-11T13:00Z,19.6,40,5.5,17.4,0.0,96,1016.3,7.5,10.5,204,23.8,397.0,196.0,275.0
DE_Hamburg,2026-09-11T13:00Z,19.8,51,9.3,17.9,0.0,61,1017.1,11.6,16.8,223,28.8,491.0,497.7,181.0
DE_Munich,2026-09-11T13:00Z,19.1,48,7.9,17.7,0.0,39,960.8,5.8,7.9,283,18.7,508.0,501.9,166.0
ES_Madrid,2026-09-11T13:00Z,29.3,12,-3.2,28.0,0.0,0,945.4,3.8,5.1,198,19.8,839.0,920.9,98.0
FR_Paris,2026-09-11T13:00Z,24.1,40,9.6,22.9,0.0,100,1015.5,7.3,10.2,260,22.7,475.0,324.1,248.0
NL_Amsterdam,2026-09-11T13:00Z,19.7,72,14.6,19.5,0.2,20,1017.4,11.3,16.8,280,27.7,540.0,601.7,148.0
PL_Warsaw,2026-09-11T13:00Z,16.0,59,8.0,15.1,0.0,100,1007.9,2.3,3.1,249,9.7,216.0,20.3,204.0
US_BPAT_Portland,2026-09-11T13:00Z,11.3,94,10.3,11.2,0.0,42,1013.9,1.3,3.1,130,2.9,0.0,0.0,0.0
US_CISO_LosAngeles,2026-09-11T13:00Z,23.7,71,18.1,26.4,0.0,0,1000.8,1.5,4.2,149,4.0,0.0,0.0,0.0
US_CISO_SanFrancisco,2026-09-11T13:00Z,15.4,89,13.6,14.3,0.0,73,1012.0,15.0,23.2,241,31.7,0.0,0.0,0.0
US_ERCO_Dallas,2026-09-11T13:00Z,25.1,93,23.9,30.3,1.8,78,997.3,5.6,14.7,223,20.2,22.0,64.4,15.0
US_ERCO_Houston,2026-09-11T13:00Z,23.1,98,22.7,26.9,9.0,100,1011.5,10.7,13.1,53,27.4,46.0,181.8,24.0
US_ISNE_Boston,2026-09-11T13:00Z,19.4,53,9.5,17.9,0.0,71,1012.9,9.0,13.7,330,24.1,321.0,554.2,106.0
US_MISO_Chicago,2026-09-11T13:00Z,19.2,86,16.8,20.9,0.0,0,986.4,4.5,8.8,137,10.4,137.0,471.1,48.0
US_NYIS_NewYork,2026-09-11T13:00Z,22.0,55,12.6,21.3,0.0,99,1012.4,10.0,16.1,340,24.8,180.0,116.5,138.0
US_PJM_Philadelphia,2026-09-11T13:00Z,23.2,63,15.8,24.0,0.0,100,1013.6,8.4,13.4,24,20.5,173.0,171.7,113.0
US_SWPP_OklahomaCity,2026-09-11T13:00Z,21.1,92,19.8,24.4,0.0,43,971.4,3.5,8.8,85,10.1,27.0,97.4,17.0
VN_DaNang,2026-09-11T13:00Z,25.0,96,24.3,30.2,3.8,98,1010.0,7.7,14.9,1,23.0,0.0,0.0,0.0
VN_HaNoi,2026-09-11T13:00Z,26.1,69,20.0,28.4,0.0,23,1012.2,10.6,22.7,43,23.0,0.0,0.0,0.0
VN_HoChiMinh,2026-09-11T13:00Z,26.1,93,25.0,32.5,0.3,100,1007.8,1.8,5.6,158,10.1,0.0,0.0,0.0
AT_Vienna,2026-09-11T14:00Z,15.5,71,10.2,13.4,0.0,100,997.9,14.8,23.5,329,39.6,248.0,155.2,160.0
BE_Brussels,2026-09-11T14:00Z,20.7,64,13.6,19.7,0.0,60,1017.2,14.6,22.1,249,38.9,376.0,266.6,212.0
DE_Berlin,2026-09-11T14:00Z,19.8,39,5.5,18.0,0.0,71,1016.1,4.4,6.3,185,21.2,257.0,119.2,192.0
DE_Hamburg,2026-09-11T14:00Z,19.9,50,9.1,18.1,0.0,98,1017.1,10.3,15.7,217,26.3,340.0,259.3,196.0
DE_Munich,2026-09-11T14:00Z,19.1,47,7.6,17.4,0.0,41,960.7,7.0,10.1,271,19.1,368.0,286.0,196.0
ES_Madrid,2026-09-11T14:00Z,30.0,11,-3.8,28.4,0.0,0,945.1,3.7,5.1,216,19.8,790.0,909.9,96.0
FR_Paris,2026-09-11T14:00Z,23.6,41,9.7,22.3,0.0,100,1015.5,8.1,11.5,269,22.7,256.0,57.2,219.0
NL_Amsterdam,2026-09-11T14:00Z,19.6,73,14.6,19.5,0.1,25,1017.9,11.3,16.8,289,28.1,532.0,688.7,122.0
PL_Warsaw,2026-09-11T14:00Z,15.7,59,7.8,14.6,0.0,100,1007.9,3.2,4.1,232,9.7,111.0,0.0,111.0
US_BPAT_Portland,2026-09-11T14:00Z,10.5,98,10.3,10.2,0.0,63,1013.7,2.7,7.0,125,5.8,1.0,0.0,1.0
US_CISO_LosAngeles,2026-09-11T14:00Z,23.5,72,18.1,26.2,0.0,0,1001.1,1.7,2.9,180,4.3,7.0,32.3,5.0
US_CISO_SanFrancisco,2026-09-11T14:00Z,15.6,88,13.7,14.6,0.0,88,1012.2,14.4,22.7,243,31.7,0.0,0.0,0.0
US_ERCO_Dallas,2026-09-11T14:00Z,26.0,91,24.3,31.5,0.4,19,998.0,5.0,5.7,77,14.8,131.0,171.8,83.0
US_ERCO_Houston,2026-09-11T14:00Z,23.3,97,22.9,28.0,0.8,76,1011.2,4.6,5.1,162,24.1,41.0,0.0,41.0
US_ISNE_Boston,2026-09-11T14:00Z,20.6,47,9.0,18.8,0.0,3,1013.0,10.3,14.8,319,29.2,489.0,632.5,144.0
US_MISO_Chicago,2026-09-11T14:00Z,20.2,76,15.9,21.5,0.0,0,986.4,4.9,7.1,137,14.4,324.0,674.0,73.0
US_NYIS_NewYork,2026-09-11T14:00Z,22.3,49,11.1,21.2,0.0,100,1012.8,10.0,15.4,344,26.3,259.0,128.9,191.0
US_PJM_Philadelphia,2026-09-11T14:00Z,23.1,61,15.1,23.6,0.0,100,1013.9,8.1,12.5,25,20.5,142.0,9.6,137.0
US_SWPP_OklahomaCity,2026-09-11T14:00Z,22.5,88,20.4,26.0,0.2,14,971.5,3.6,7.1,81,12.2,174.0,376.3,74.0
VN_DaNang,2026-09-11T14:00Z,25.1,93,23.9,29.7,4.7,99,1011.0,9.4,18.3,18,20.9,0.0,0.0,0.0
VN_HaNoi,2026-09-11T14:00Z,25.5,72,20.0,28.1,0.0,19,1013.0,8.1,19.2,34,20.2,0.0,0.0,0.0
VN_HoChiMinh,2026-09-11T14:00Z,26.0,95,25.1,32.3,0.1,100,1008.6,3.7,7.4,122,7.2,0.0,0.0,0.0
AT_Vienna,2026-09-11T15:00Z,15.5,70,10.1,13.7,0.0,34,998.1,12.5,20.1,326,34.6,172.0,81.9,136.0
BE_Brussels,2026-09-11T15:00Z,21.1,65,14.3,20.5,0.1,27,1017.4,13.0,19.2,259,35.6,353.0,399.6,145.0
DE_Berlin,2026-09-11T15:00Z,20.1,38,5.4,18.4,0.0,100,1016.2,3.5,4.9,184,14.0,202.0,85.1,165.0
DE_Hamburg,2026-09-11T15:00Z,19.5,58,11.1,18.2,0.0,95,1017.2,10.8,17.9,234,22.7,223.0,103.5,176.0
DE_Munich,2026-09-11T15:00Z,18.9,46,7.0,17.0,0.0,44,960.8,8.0,11.4,265,20.5,292.0,245.7,173.0
ES_Madrid,2026-09-11T15:00Z,30.4,10,-4.4,27.8,0.0,0,944.8,4.4,6.1,220,19.8,682.0,880.6,90.0
FR_Paris,2026-09-11T15:00Z,23.6,42,10.0,22.3,0.0,39,1015.7,8.6,12.6,272,23.8,206.0,52.4,177.0
NL_Amsterdam,2026-09-11T15:00Z,19.2,75,14.6,18.9,0.1,30,1018.4,11.8,18.3,292,27.7,400.0,561.0,118.0
PL_Warsaw,2026-09-11T15:00Z,15.8,59,7.8,14.7,0.0,100,1007.5,3.3,4.7,288,10.1,130.0,21.6,122.0
US_BPAT_Portland,2026-09-11T15:00Z,11.3,93,10.2,10.9,0.0,91,1013.5,3.0,6.3,114,10.1,53.0,119.2,38.0
US_CISO_LosAngeles,2026-09-11T15:00Z,24.7,66,18.0,27.4,0.0,0,1001.5,1.5,2.4,197,9.0,128.0,447.8,44.0
US_CISO_SanFrancisco,2026-09-11T15:00Z,16.1,86,13.8,15.3,0.0,78,1012.4,13.8,20.3,240,32.0,61.0,161.6,39.0
US_ERCO_Dallas,2026-09-11T15:00Z,27.9,80,24.2,33.8,0.2,2,997.5,1.5,2.5,201,16.6,378.0,557.9,111.0
US_ERCO_Houston,2026-09-11T15:00Z,24.7,95,23.8,28.9,1.2,100,1012.3,12.4,18.6,161,32.4,349.0,387.5,152.0
US_ISNE_Boston,2026-09-11T15:00Z,21.9,44,9.2,20.9,0.0,0,1013.0,10.3,14.7,312,30.2,672.0,866.6,92.0
US_MISO_Chicago,2026-09-11T15:00Z,21.2,66,14.6,21.8,0.0,1,986.7,6.1,8.7,135,18.4,504.0,780.9,87.0
US_NYIS_NewYork,2026-09-11T15:00Z,22.8,46,10.5,21.7,0.0,100,1012.9,8.2,12.5,342,26.3,312.0,84.6,256.0
US_PJM_Philadelphia,2026-09-11T15:00Z,22.6,61,14.6,23.0,0.1,100,1014.5,7.6,11.9,18,19.4,129.0,0.0,129.0
US_SWPP_OklahomaCity,2026-09-11T15:00Z,24.3,80,20.7,27.8,0.0,3,971.4,4.6,6.7,81,15.8,368.0,583.0,100.0
VN_DaNang,2026-09-11T15:00Z,25.7,93,24.5,30.4,4.6,96,1010.8,11.5,20.2,349,22.3,0.0,0.0,0.0
VN_HaNoi,2026-09-11T15:00Z,24.8,74,20.0,27.6,0.0,10,1013.6,7.2,17.4,18,15.1,0.0,0.0,0.0
VN_HoChiMinh,2026-09-11T15:00Z,25.7,94,24.6,31.6,0.2,100,1009.0,3.5,7.7,121,7.9,0.0,0.0,0.0
AT_Vienna,2026-09-11T16:00Z,15.5,70,10.0,14.0,0.0,32,998.4,10.3,17.0,323,29.2,183.0,338.9,86.0
BE_Brussels,2026-09-11T16:00Z,20.5,68,14.4,20.2,0.1,45,1017.7,11.5,16.9,285,33.5,278.0,408.2,117.0
DE_Berlin,2026-09-11T16:00Z,19.9,39,5.6,18.4,0.0,48,1016.4,2.9,3.1,135,10.8,109.0,50.2,94.0
DE_Hamburg,2026-09-11T16:00Z,17.1,77,13.1,16.3,0.3,71,1017.8,11.4,19.0,253,26.6,106.0,58.2,87.0
DE_Munich,2026-09-11T16:00Z,18.7,46,6.8,17.0,0.0,68,961.3,6.3,10.1,273,20.2,211.0,289.9,113.0
ES_Madrid,2026-09-11T16:00Z,30.4,10,-4.6,27.0,0.0,0,944.5,4.3,6.0,213,19.8,526.0,823.3,82.0
FR_Paris,2026-09-11T16:00Z,23.9,41,9.8,22.8,0.0,61,1015.9,7.0,10.3,272,23.0,279.0,377.8,118.0
NL_Amsterdam,2026-09-11T16:00Z,18.7,77,14.6,18.6,0.0,22,1018.9,11.1,17.4,294,27.7,274.0,465.9,97.0
PL_Warsaw,2026-09-11T16:00Z,14.6,71,9.3,13.8,0.0,100,1007.8,4.0,8.6,293,9.0,17.0,0.0,17.0
US_BPAT_Portland,2026-09-11T16:00Z,12.9,83,10.1,12.9,0.0,91,1013.2,0.3,0.7,90,10.1,146.0,132.9,106.0
US_CISO_LosAngeles,2026-09-11T16:00Z,26.3,60,18.0,28.9,0.0,0,1001.4,1.9,3.1,187,13.0,328.0,649.8,73.0
US_CISO_SanFrancisco,2026-09-11T16:00Z,16.6,84,13.9,15.6,0.0,71,1012.3,15.6,21.5,242,37.8,198.0,253.3,115.0
US_ERCO_Dallas,2026-09-11T16:00Z,29.9,70,23.8,36.0,0.0,10,997.9,0.3,0.3,225,10.8,592.0,748.5,107.0
US_ERCO_Houston,2026-09-11T16:00Z,24.4,92,23.1,29.2,8.9,100,1013.1,5.2,7.1,153,36.0,347.0,158.9,239.0
US_ISNE_Boston,2026-09-11T16:00Z,23.1,41,9.1,22.7,0.0,0,1012.9,9.9,14.1,302,30.6,771.0,908.1,89.0
US_MISO_Chicago,2026-09-11T16:00Z,22.2,59,13.9,23.1,0.0,0,986.8,6.6,9.2,132,20.2,652.0,837.6,97.0
US_NYIS_NewYork,2026-09-11T16:00Z,24.3,42,10.4,23.3,0.0,86,1012.9,7.7,11.1,340,24.5,553.0,312.8,317.0
US_PJM_Philadelphia,2026-09-11T16:00Z,23.0,57,14.1,23.3,0.1,100,1014.5,7.1,10.9,22,18.0,192.0,19.8,177.0
US_SWPP_OklahomaCity,2026-09-11T16:00Z,26.4,72,21.0,30.0,0.0,4,971.5,5.8,8.3,114,19.1,568.0,742.0,104.0
VN_DaNang,2026-09-11T16:00Z,25.2,95,24.4,30.1,1.6,100,1010.7,9.9,17.8,359,25.2,0.0,0.0,0.0
VN_HaNoi,2026-09-11T16:00Z,24.4,75,19.7,26.9,0.0,21,1013.6,8.1,19.0,7,15.1,0.0,0.0,0.0
VN_HoChiMinh,2026-09-11T16:00Z,25.7,95,24.8,31.8,0.3,100,1008.8,3.1,8.0,155,6.8,0.0,0.0,0.0
AT_Vienna,2026-09-11T17:00Z,14.7,75,10.4,13.7,0.0,80,998.4,7.6,16.4,315,23.4,59.0,217.8,33.0
BE_Brussels,2026-09-11T17:00Z,19.9,70,14.3,20.0,0.1,16,1018.2,8.7,13.7,293,28.1,160.0,411.4,59.0
DE_Berlin,2026-09-11T17:00Z,18.6,48,7.5,17.1,0.0,100,1016.4,5.7,11.1,112,11.2,76.0,211.3,45.0
DE_Hamburg,2026-09-11T17:00Z,16.4,85,13.9,16.9,0.1,38,1017.9,4.8,10.5,243,22.7,97.0,232.9,55.0
DE_Munich,2026-09-11T17:00Z,17.5,56,8.6,16.5,0.0,95,961.4,4.3,10.9,310,15.1,97.0,179.5,66.0
ES_Madrid,2026-09-11T17:00Z,30.1,10,-4.6,26.7,0.0,0,944.3,4.8,6.9,203,18.0,335.0,716.0,68.0
FR_Paris,2026-09-11T17:00Z,23.6,41,9.6,22.6,0.0,96,1016.2,6.2,9.1,284,19.4,160.0,270.4,86.0
NL_Amsterdam,2026-09-11T17:00Z,18.2,80,14.7,18.5,0.0,19,1019.4,8.3,15.3,298,24.5,158.0,408.0,62.0
PL_Warsaw,2026-09-11T17:00Z,13.5,82,10.4,13.0,0.5,100,1007.9,4.7,9.7,305,10.4,7.0,0.0,7.0
US_BPAT_Portland,2026-09-11T17:00Z,14.6,73,9.8,14.1,0.0,62,1013.1,3.0,4.0,309,14.0,303.0,279.8,174.0
US_CISO_LosAngeles,2026-09-11T17:00Z,28.1,55,18.1,30.6,0.0,0,1001.3,2.9,4.2,170,16.6,525.0,760.4,89.0
US_CISO_SanFrancisco,2026-09-11T17:00Z,17.0,81,13.8,15.9,0.0,75,1012.3,15.8,20.9,238,39.2,348.0,328.8,181.0
US_ERCO_Dallas,2026-09-11T17:00Z,31.3,64,23.7,37.8,0.0,0,997.4,3.4,4.6,169,15.5,729.0,774.5,128.0
US_ERCO_Houston,2026-09-11T17:00Z,24.3,92,22.9,28.7,1.1,92,1012.5,6.9,10.1,185,17.6,131.0,39.7,99.0
US_ISNE_Boston,2026-09-11T17:00Z,24.1,38,8.8,24.0,0.0,0,1012.5,9.1,13.0,294,30.2,812.0,918.5,91.0
US_MISO_Chicago,2026-09-11T17:00Z,23.0,56,13.6,24.2,0.0,0,986.3,7.8,10.9,121,22.7,754.0,869.8,102.0
US_NYIS_NewYork,2026-09-11T17:00Z,25.8,36,9.7,25.9,0.0,2,1012.4,7.5,10.9,329,25.6,771.0,730.7,187.0
US_PJM_Philadelphia,2026-09-11T17:00Z,24.0,51,13.3,24.3,0.0,99,1014.0,4.9,7.2,35,18.7,316.0,68.3,261.0
US_SWPP_OklahomaCity,2026-09-11T17:00Z,28.1,66,21.2,32.7,0.0,1,971.4,6.0,8.8,134,20.9,713.0,797.2,114.0
VN_DaNang,2026-09-11T17:00Z,25.2,95,24.4,30.1,1.5,100,1009.6,9.9,17.8,342,21.2,0.0,0.0,0.0
VN_HaNoi,2026-09-11T17:00Z,24.2,74,19.2,26.4,0.0,14,1013.3,8.5,20.0,1,15.8,0.0,0.0,0.0
VN_HoChiMinh,2026-09-11T17:00Z,25.7,94,24.6,31.7,0.3,99,1008.1,2.8,6.8,207,5.8,0.0,0.0,0.0
AT_Vienna,2026-09-11T18:00Z,14.8,78,11.0,14.2,0.0,46,998.4,5.9,15.1,305,16.2,1.0,0.0,1.0
BE_Brussels,2026-09-11T18:00Z,18.5,80,15.0,19.6,0.0,7,1018.9,3.6,10.1,305,19.1,46.0,231.3,23.0
DE_Berlin,2026-09-11T18:00Z,16.9,59,8.8,15.6,0.0,100,1016.7,6.4,11.6,145,16.2,4.0,19.1,3.0
DE_Hamburg,2026-09-11T18:00Z,15.9,87,13.7,16.2,0.0,23,1018.2,5.9,14.3,233,10.8,16.0,89.2,10.0
DE_Munich,2026-09-11T18:00Z,16.1,64,9.3,15.0,0.0,13,961.4,6.1,15.0,313,9.4,9.0,16.5,8.0
ES_Madrid,2026-09-11T18:00Z,29.5,10,-4.9,26.0,0.0,0,944.1,5.2,8.9,194,16.9,138.0,509.6,44.0
FR_Paris,2026-09-11T18:00Z,22.0,53,12.0,22.1,0.0,13,1016.7,3.4,8.9,336,15.1,34.0,70.7,26.0
NL_Amsterdam,2026-09-11T18:00Z,16.9,85,14.4,17.4,0.0,39,1020.2,6.1,16.8,308,16.9,41.0,210.5,21.0
PL_Warsaw,2026-09-11T18:00Z,13.2,84,10.5,13.0,0.3,100,1008.0,2.8,7.8,337,8.6,0.0,0.0,0.0
US_BPAT_Portland,2026-09-11T18:00Z,16.7,63,9.5,15.9,0.0,8,1013.4,4.5,6.1,330,18.7,528.0,633.7,152.0
US_CISO_LosAngeles,2026-09-11T18:00Z,29.7,51,18.5,33.1,0.0,0,1001.8,4.3,5.4,159,21.2,688.0,821.5,98.0
US_CISO_SanFrancisco,2026-09-11T18:00Z,17.4,77,13.4,16.3,0.0,81,1013.0,15.1,19.8,239,40.3,541.0,499.5,213.0
US_ERCO_Dallas,2026-09-11T18:00Z,29.5,72,24.0,36.7,0.0,9,997.4,4.2,5.1,107,16.6,829.0,836.2,115.0
US_ERCO_Houston,2026-09-11T18:00Z,25.7,89,23.7,30.5,0.2,95,1011.6,9.5,14.8,164,17.6,595.0,294.8,335.0
US_ISNE_Boston,2026-09-11T18:00Z,25.4,33,7.9,24.6,0.0,0,1012.4,11.0,15.0,294,31.3,792.0,914.2,89.0
US_MISO_Chicago,2026-09-11T18:00Z,24.5,48,12.8,25.4,0.0,0,985.7,9.4,12.9,109,24.8,800.0,882.3,104.0
US_NYIS_NewYork,2026-09-11T18:00Z,26.5,35,10.0,26.8,0.0,0,1012.3,7.8,10.4,312,26.3,803.0,876.7,108.0
US_PJM_Philadelphia,2026-09-11T18:00Z,24.9,48,13.0,26.3,0.0,91,1014.2,1.2,1.0,112,16.2,640.0,406.1,314.0
US_SWPP_OklahomaCity,2026-09-11T18:00Z,30.9,52,20.0,36.1,0.0,0,970.2,2.7,3.7,133,20.2,807.0,832.1,117.0
VN_DaNang,2026-09-11T18:00Z,26.1,88,24.0,29.3,3.6,100,1008.9,20.1,32.4,10,31.0,0.0,0.0,0.0
VN_HaNoi,2026-09-11T18:00Z,24.6,72,19.3,26.8,0.0,20,1012.9,9.1,19.6,358,16.2,0.0,0.0,0.0
VN_HoChiMinh,2026-09-11T18:00Z,25.3,92,23.9,31.0,0.2,100,1008.3,1.8,5.6,163,6.8,0.0,0.0,0.0
AT_Vienna,2026-09-11T19:00Z,14.5,79,11.0,13.6,0.0,97,999.0,7.9,19.5,293,15.5,0.0,0.0,0.0
BE_Brussels,2026-09-11T19:00Z,17.8,82,14.6,18.4,0.0,21,1019.7,5.7,13.0,312,11.5,0.0,0.0,0.0
DE_Berlin,2026-09-11T19:00Z,16.3,63,9.3,14.9,0.0,8,1016.9,8.2,16.3,149,16.2,0.0,0.0,0.0
DE_Hamburg,2026-09-11T19:00Z,15.7,88,13.7,15.6,0.0,48,1018.8,8.4,18.6,240,15.8,0.0,0.0,0.0
DE_Munich,2026-09-11T19:00Z,14.8,71,9.5,14.3,0.0,1,961.7,2.4,9.3,310,11.2,0.0,0.0,0.0
ES_Madrid,2026-09-11T19:00Z,28.0,13,-3.1,25.0,0.0,0,944.1,2.8,8.2,218,12.6,10.0,63.7,6.0
FR_Paris,2026-09-11T19:00Z,20.4,63,13.1,19.4,0.0,5,1017.6,13.4,22.4,340,31.0,0.0,0.0,0.0
NL_Amsterdam,2026-09-11T19:00Z,16.3,88,14.2,16.9,0.0,19,1020.9,4.9,14.8,317,10.8,0.0,0.0,0.0
PL_Warsaw,2026-09-11T19:00Z,13.1,86,10.8,13.0,0.0,100,1008.2,1.8,5.2,331,4.3,0.0,0.0,0.0
US_BPAT_Portland,2026-09-11T19:00Z,18.2,54,8.7,17.9,0.0,73,1012.8,4.4,5.9,346,19.8,663.0,766.4,135.0
US_CISO_LosAngeles,2026-09-11T19:00Z,31.4,47,18.9,35.4,0.0,0,1001.5,5.7,7.8,171,22.3,801.0,852.0,105.0
US_CISO_SanFrancisco,2026-09-11T19:00Z,18.0,75,13.5,17.5,0.0,66,1012.7,15.4,20.1,242,40.0,672.0,578.7,230.0
US_ERCO_Dallas,2026-09-11T19:00Z,33.2,52,22.1,39.4,0.2,23,995.3,3.3,4.5,119,19.1,814.0,784.0,127.0
US_ERCO_Houston,2026-09-11T19:00Z,28.2,78,24.1,33.5,0.4,94,1009.9,8.0,11.6,164,22.3,616.0,342.5,308.0
US_ISNE_Boston,2026-09-11T19:00Z,25.7,31,7.2,24.4,0.0,0,1012.2,11.0,15.2,294,31.7,715.0,894.9,85.0
US_MISO_Chicago,2026-09-11T19:00Z,24.4,50,13.3,25.4,0.0,1,985.1,9.7,13.4,105,26.6,787.0,880.7,102.0
US_NYIS_NewYork,2026-09-11T19:00Z,27.0,34,9.6,26.3,0.0,0,1011.9,10.9,15.3,317,30.2,742.0,883.6,92.0
US_PJM_Philadelphia,2026-09-11T19:00Z,25.9,46,13.4,27.3,0.0,3,1013.7,1.5,1.8,225,11.9,629.0,500.8,254.0
US_SWPP_OklahomaCity,2026-09-11T19:00Z,32.4,48,20.0,37.9,0.0,0,969.2,1.8,2.5,120,13.7,845.0,861.2,110.0
VN_DaNang,2026-09-11T19:00Z,25.3,92,23.9,28.4,2.9,100,1008.2,19.7,32.5,350,41.4,0.0,0.0,0.0
VN_HaNoi,2026-09-11T19:00Z,24.2,73,19.0,26.3,0.0,15,1012.4,8.5,20.0,351,16.6,0.0,0.0,0.0
VN_HoChiMinh,2026-09-11T19:00Z,24.8,92,23.5,29.9,0.6,100,1007.7,4.5,8.9,201,9.0,0.0,0.0,0.0
AT_Vienna,2026-09-11T20:00Z,14.4,80,11.0,13.6,0.0,92,999.4,7.8,19.7,300,17.6,0.0,0.0,0.0
BE_Brussels,2026-09-11T20:00Z,16.9,85,14.4,17.5,0.0,17,1020.2,5.9,14.0,329,12.2,0.0,0.0,0.0
DE_Berlin,2026-09-11T20:00Z,15.1,70,9.6,14.0,0.0,80,1017.3,6.8,15.0,161,16.2,0.0,0.0,0.0
DE_Hamburg,2026-09-11T20:00Z,15.2,91,13.7,15.0,0.1,41,1019.0,8.9,18.9,246,17.3,0.0,0.0,0.0
DE_Munich,2026-09-11T20:00Z,14.1,71,9.0,13.6,0.0,0,962.0,1.7,5.8,321,4.0,0.0,0.0,0.0
ES_Madrid,2026-09-11T20:00Z,26.9,14,-3.0,24.2,0.0,0,944.5,1.3,5.4,270,6.5,0.0,0.0,0.0
FR_Paris,2026-09-11T20:00Z,18.8,74,14.0,19.2,0.0,5,1018.1,5.9,13.0,342,30.6,0.0,0.0,0.0
NL_Amsterdam,2026-09-11T20:00Z,15.4,91,14.0,16.1,0.0,13,1021.2,4.4,13.9,326,9.0,0.0,0.0,0.0
PL_Warsaw,2026-09-11T20:00Z,12.8,88,10.9,12.6,0.0,100,1008.2,2.9,6.8,320,5.8,0.0,0.0,0.0
US_BPAT_Portland,2026-09-11T20:00Z,19.9,44,7.3,19.8,0.0,94,1012.0,4.3,5.6,329,19.8,736.0,827.1,123.0
US_CISO_LosAngeles,2026-09-11T20:00Z,32.6,44,18.9,36.6,0.0,0,1000.7,7.4,9.9,182,25.6,854.0,864.6,108.0
US_CISO_SanFrancisco,2026-09-11T20:00Z,18.4,74,13.7,18.2,0.0,77,1012.2,16.9,22.2,246,43.2,755.0,663.0,210.0
US_ERCO_Dallas,2026-09-11T20:00Z,35.0,45,21.4,40.2,0.0,46,994.1,6.2,8.5,155,21.2,804.0,781.6,146.0
US_ERCO_Houston,2026-09-11T20:00Z,29.6,75,24.6,35.6,0.0,89,1008.8,7.7,11.1,173,23.4,656.0,440.6,278.0
US_ISNE_Boston,2026-09-11T20:00Z,25.8,30,6.9,23.5,0.0,0,1011.9,11.8,16.4,296,32.0,587.0,852.9,80.0
US_MISO_Chicago,2026-09-11T20:00Z,24.3,52,13.9,25.1,0.0,2,983.9,9.9,13.6,95,26.6,715.0,858.9,99.0
US_NYIS_NewYork,2026-09-11T20:00Z,27.0,31,8.6,25.2,0.0,0,1011.4,12.8,18.3,322,33.8,625.0,851.7,87.0
US_PJM_Philadelphia,2026-09-11T20:00Z,26.9,44,13.5,28.1,0.0,1,1012.9,2.1,3.5,305,12.2,625.0,814.5,98.0
US_SWPP_OklahomaCity,2026-09-11T20:00Z,33.2,45,19.8,37.9,0.0,13,967.9,4.1,5.9,135,18.0,806.0,849.9,107.0
VN_DaNang,2026-09-11T20:00Z,25.1,93,23.9,28.1,8.5,100,1007.2,20.4,33.5,325,39.2,0.0,0.0,0.0
VN_HaNoi,2026-09-11T20:00Z,23.9,74,19.0,26.0,0.0,24,1012.1,8.8,20.5,349,16.2,0.0,0.0,0.0
VN_HoChiMinh,2026-09-11T20:00Z,24.7,95,23.9,30.2,0.3,100,1007.1,3.2,7.3,190,9.4,0.0,0.0,0.0
AT_Vienna,2026-09-11T21:00Z,13.6,86,11.2,13.1,0.0,52,999.8,5.6,14.5,325,16.6,0.0,0.0,0.0
BE_Brussels,2026-09-11T21:00Z,16.1,88,14.1,16.9,0.0,6,1020.6,3.6,10.9,351,11.9,0.0,0.0,0.0
DE_Berlin,2026-09-11T21:00Z,14.4,72,9.5,13.1,0.0,99,1017.6,7.7,14.9,165,15.1,0.0,0.0,0.0
DE_Hamburg,2026-09-11T21:00Z,14.8,93,13.7,14.6,0.0,60,1019.5,9.0,19.3,258,17.6,0.0,0.0,0.0
DE_Munich,2026-09-11T21:00Z,13.4,70,8.1,12.6,0.0,0,962.3,2.1,2.1,308,5.0,0.0,0.0,0.0
ES_Madrid,2026-09-11T21:00Z,25.8,15,-2.7,22.8,0.0,0,944.6,3.7,7.4,326,7.6,0.0,0.0,0.0
FR_Paris,2026-09-11T21:00Z,18.0,78,14.2,18.5,0.0,4,1018.5,5.8,13.3,352,13.7,0.0,0.0,0.0
NL_Amsterdam,2026-09-11T21:00Z,14.9,93,13.8,15.8,0.0,8,1021.8,2.4,11.2,336,7.9,0.0,0.0,0.0
PL_Warsaw,2026-09-11T21:00Z,12.5,88,10.6,11.8,0.0,100,1008.3,6.3,11.8,310,11.5,0.0,0.0,0.0
US_BPAT_Portland,2026-09-11T21:00Z,20.2,43,7.3,19.1,0.0,89,1011.2,5.3,7.1,7,21.2,625.0,431.3,303.0
US_CISO_LosAngeles,2026-09-11T21:00Z,33.1,44,19.1,37.0,0.0,0,1000.0,8.7,11.5,190,27.7,843.0,861.9,108.0
US_CISO_SanFrancisco,2026-09-11T21:00Z,18.5,74,13.7,18.2,0.0,72,1011.7,18.3,24.2,248,46.1,781.0,708.3,195.0
US_ERCO_Dallas,2026-09-11T21:00Z,35.1,42,20.1,38.8,0.1,64,993.6,4.8,6.7,214,23.4,631.0,608.5,173.0
US_ERCO_Houston,2026-09-11T21:00Z,30.8,69,24.3,36.6,0.0,84,1008.0,6.4,9.4,192,21.6,635.0,532.5,230.0
US_ISNE_Boston,2026-09-11T21:00Z,25.4,30,6.8,22.8,0.0,0,1011.9,12.4,17.8,302,32.4,418.0,777.1,70.0
US_MISO_Chicago,2026-09-11T21:00Z,24.2,54,14.3,24.3,0.0,5,982.9,9.9,14.2,91,26.3,585.0,793.7,100.0
US_NYIS_NewYork,2026-09-11T21:00Z,26.6,31,8.0,24.3,0.0,0,1011.5,11.8,17.1,317,33.8,462.0,788.9,77.0
US_PJM_Philadelphia,2026-09-11T21:00Z,27.0,45,13.9,27.6,0.0,7,1012.6,4.1,6.0,323,13.7,464.0,767.3,77.0
US_SWPP_OklahomaCity,2026-09-11T21:00Z,33.4,43,19.1,36.7,0.1,2,966.7,3.7,5.6,153,18.4,628.0,658.2,142.0
VN_DaNang,2026-09-11T21:00Z,25.0,93,23.8,28.2,8.0,100,1006.9,19.1,32.0,325,39.6,0.0,0.0,0.0
VN_HaNoi,2026-09-11T21:00Z,23.9,72,18.6,25.6,0.0,88,1012.3,10.2,22.5,353,19.1,0.0,0.0,0.0
VN_HoChiMinh,2026-09-11T21:00Z,24.7,96,24.0,30.2,0.0,94,1006.5,3.8,7.8,202,7.2,0.0,0.0,0.0
AT_Vienna,2026-09-11T22:00Z,12.9,90,11.3,12.7,0.0,37,1000.0,4.1,10.9,340,12.2,0.0,0.0,0.0
BE_Brussels,2026-09-11T22:00Z,15.5,90,14.0,16.6,0.0,5,1020.7,1.1,7.2,360,6.8,0.0,0.0,0.0
DE_Berlin,2026-09-11T22:00Z,13.9,74,9.3,12.8,0.0,22,1017.8,5.9,11.7,185,14.8,0.0,0.0,0.0
DE_Hamburg,2026-09-11T22:00Z,14.5,96,13.8,14.3,0.0,27,1019.5,9.3,19.7,258,18.0,0.0,0.0,0.0
DE_Munich,2026-09-11T22:00Z,11.7,80,8.5,10.3,0.0,1,962.2,6.5,4.7,196,12.6,0.0,0.0,0.0
ES_Madrid,2026-09-11T22:00Z,25.3,18,-1.2,22.0,0.0,0,944.9,6.7,14.4,356,13.3,0.0,0.0,0.0
FR_Paris,2026-09-11T22:00Z,17.1,84,14.3,17.7,0.0,6,1018.7,4.8,11.9,349,12.2,0.0,0.0,0.0
NL_Amsterdam,2026-09-11T22:00Z,14.4,96,13.7,15.5,0.0,4,1021.9,0.7,6.3,357,4.0,0.0,0.0,0.0
PL_Warsaw,2026-09-11T22:00Z,12.3,88,10.3,11.3,0.0,100,1008.4,7.3,15.1,310,14.4,0.0,0.0,0.0
US_BPAT_Portland,2026-09-11T22:00Z,20.7,41,7.2,20.0,0.0,98,1010.5,4.1,5.3,12,20.9,654.0,693.9,165.0
US_CISO_LosAngeles,2026-09-11T22:00Z,33.2,44,19.1,36.5,0.0,0,999.1,9.4,12.7,191,28.8,768.0,843.3,104.0
US_CISO_SanFrancisco,2026-09-11T22:00Z,18.2,76,13.9,17.4,0.0,59,1011.3,19.8,26.5,251,49.3,737.0,717.2,178.0
US_ERCO_Dallas,2026-09-11T22:00Z,34.9,40,19.4,36.8,0.3,20,993.1,10.9,15.2,220,27.7,461.0,494.3,157.0
US_ERCO_Houston,2026-09-11T22:00Z,30.7,69,24.4,36.0,0.0,79,1007.8,6.9,9.8,187,18.7,508.0,547.3,172.0
US_ISNE_Boston,2026-09-11T22:00Z,24.5,31,6.4,21.7,0.0,0,1012.5,13.1,19.5,315,32.0,229.0,638.4,54.0
US_MISO_Chicago,2026-09-11T22:00Z,24.0,57,14.8,24.3,0.0,2,982.2,8.4,13.3,99,25.2,424.0,726.5,85.0
US_NYIS_NewYork,2026-09-11T22:00Z,25.8,33,8.3,23.9,0.0,0,1011.7,10.2,14.8,319,30.6,271.0,668.0,61.0
US_PJM_Philadelphia,2026-09-11T22:00Z,26.5,48,14.6,27.5,0.0,5,1012.7,3.0,5.0,334,13.3,275.0,635.2,65.0
US_SWPP_OklahomaCity,2026-09-11T22:00Z,33.7,41,18.6,36.1,0.0,2,966.2,5.4,7.7,162,16.2,535.0,705.2,107.0
VN_DaNang,2026-09-11T22:00Z,25.1,93,23.9,27.8,7.5,100,1006.4,23.0,37.5,328,42.8,0.0,0.0,0.0
VN_HaNoi,2026-09-11T22:00Z,23.8,71,18.2,25.2,0.0,93,1012.5,11.1,23.6,353,21.2,0.0,0.0,0.0
VN_HoChiMinh,2026-09-11T22:00Z,24.6,95,23.8,29.7,0.0,91,1006.6,5.2,11.0,215,11.2,0.0,0.0,0.0
AT_Vienna,2026-09-11T23:00Z,12.2,93,11.1,12.0,0.0,27,1000.2,3.2,8.6,330,9.0,0.0,0.0,0.0
BE_Brussels,2026-09-11T23:00Z,15.0,92,13.8,16.2,0.0,4,1020.9,0.4,3.2,344,1.8,0.0,0.0,0.0
DE_Berlin,2026-09-11T23:00Z,12.9,79,9.4,12.1,0.0,17,1017.7,4.2,9.7,211,11.2,0.0,0.0,0.0
DE_Hamburg,2026-09-11T23:00Z,14.1,96,13.6,13.9,0.0,15,1019.6,9.0,19.2,263,18.4,0.0,0.0,0.0
DE_Munich,2026-09-11T23:00Z,11.6,79,8.1,9.6,0.0,1,962.3,10.1,16.2,219,18.7,0.0,0.0,0.0
ES_Madrid,2026-09-11T23:00Z,24.3,20,0.1,20.1,0.0,0,945.2,14.1,28.3,26,27.4,0.0,0.0,0.0
FR_Paris,2026-09-11T23:00Z,16.4,88,14.4,17.4,0.0,10,1018.9,2.7,9.0,357,10.1,0.0,0.0,0.0
NL_Amsterdam,2026-09-11T23:00Z,13.8,99,13.6,14.9,0.0,10,1022.1,0.2,2.9,353,2.2,0.0,0.0,0.0
PL_Warsaw,2026-09-11T23:00Z,12.1,88,10.3,11.4,0.0,100,1008.5,5.3,12.2,307,13.7,0.0,0.0,0.0
US_BPAT_Portland,2026-09-11T23:00Z,20.8,41,7.0,19.4,0.0,98,1009.7,4.0,5.0,2,19.1,517.0,473.8,224.0
US_CISO_LosAngeles,2026-09-11T23:00Z,32.9,44,19.0,35.4,0.0,0,998.5,9.3,12.3,195,28.8,636.0,804.5,96.0
US_CISO_SanFrancisco,2026-09-11T23:00Z,18.0,77,13.9,16.6,0.0,13,1010.9,20.1,26.7,251,49.7,620.0,657.5,172.0
US_ERCO_Dallas,2026-09-11T23:00Z,34.4,41,19.2,36.2,0.0,42,993.0,11.4,17.0,207,29.2,344.0,566.0,96.0
US_ERCO_Houston,2026-09-11T23:00Z,29.8,74,24.8,35.3,0.0,85,1008.0,7.0,10.3,180,18.7,281.0,336.5,137.0
US_ISNE_Boston,2026-09-11T23:00Z,22.8,36,6.8,20.6,0.0,0,1013.1,9.7,17.5,321,31.3,56.0,327.4,20.0
US_MISO_Chicago,2026-09-11T23:00Z,23.7,64,16.4,24.9,0.0,28,981.4,6.8,13.2,101,20.2,229.0,541.2,70.0
US_NYIS_NewYork,2026-09-11T23:00Z,24.5,40,9.9,23.6,0.0,0,1012.2,5.6,11.6,323,24.8,85.0,422.0,30.0
US_PJM_Philadelphia,2026-09-11T23:00Z,24.9,62,17.2,27.1,0.0,2,1013.1,2.2,3.4,177,7.6,90.0,404.1,34.0
US_SWPP_OklahomaCity,2026-09-11T23:00Z,33.4,41,18.4,35.4,0.0,5,965.8,7.1,10.8,169,17.6,372.0,665.8,81.0
VN_DaNang,2026-09-11T23:00Z,25.2,93,23.9,28.5,8.4,100,1006.6,18.6,30.3,328,42.5,0.0,0.0,0.0
VN_HaNoi,2026-09-11T23:00Z,23.7,71,18.1,25.1,0.0,63,1013.0,10.2,22.3,354,21.2,2.0,0.0,2.0
VN_HoChiMinh,2026-09-11T23:00Z,24.5,96,23.9,29.8,0.0,82,1007.2,5.2,10.1,219,9.7,2.0,0.0,2.0
AT_Vienna,2026-09-12T00:00Z,11.9,91,10.6,11.7,0.0,32,1000.2,2.5,2.4,324,7.6,0.0,0.0,0.0
BE_Brussels,2026-09-12T00:00Z,14.3,95,13.4,15.0,0.0,85,1021.1,2.4,2.9,277,5.0,0.0,0.0,0.0
DE_Berlin,2026-09-12T00:00Z,12.5,79,9.0,11.9,0.0,20,1018.1,2.2,8.9,262,8.3,0.0,0.0,0.0
DE_Hamburg,2026-09-12T00:00Z,14.1,98,13.8,14.0,0.0,29,1019.8,8.8,18.2,269,17.6,0.0,0.0,0.0
DE_Munich,2026-09-12T00:00Z,11.6,81,8.4,9.8,0.0,9,962.6,9.3,13.9,222,19.4,0.0,0.0,0.0
ES_Madrid,2026-09-12T00:00Z,21.4,28,2.3,17.7,0.0,0,945.4,13.7,25.7,24,38.2,0.0,0.0,0.0
FR_Paris,2026-09-12T00:00Z,15.8,91,14.3,16.7,0.0,29,1019.4,3.4,10.5,19,8.3,0.0,0.0,0.0
NL_Amsterdam,2026-09-12T00:00Z,12.9,100,12.9,13.5,0.0,94,1022.2,1.8,1.2,231,4.7,0.0,0.0,0.0
PL_Warsaw,2026-09-12T00:00Z,11.7,91,10.2,10.9,0.0,100,1008.6,5.8,9.9,307,10.4,0.0,0.0,0.0
US_BPAT_Portland,2026-09-12T00:00Z,20.4,42,7.0,18.6,0.0,95,1009.5,6.8,9.0,360,17.6,382.0,407.3,181.0
US_CISO_LosAngeles,2026-09-12T00:00Z,32.3,45,18.8,34.3,0.0,0,998.3,8.5,11.5,207,27.4,459.0,732.3,84.0
US_CISO_SanFrancisco,2026-09-12T00:00Z,18.0,76,13.8,16.6,0.0,0,1010.2,18.0,24.5,249,48.6,496.0,727.7,103.0
US_ERCO_Dallas,2026-09-12T00:00Z,26.4,87,24.0,30.9,0.0,78,993.8,10.8,27.8,188,27.7,156.0,380.1,67.0
US_ERCO_Houston,2026-09-12T00:00Z,27.9,86,25.3,33.5,0.0,61,1007.8,8.7,20.0,156,18.7,125.0,241.6,73.0
US_ISNE_Boston,2026-09-12T00:00Z,21.3,39,6.9,19.2,0.0,0,1014.0,8.9,18.3,330,20.5,0.0,0.0,0.0
US_MISO_Chicago,2026-09-12T00:00Z,22.8,68,16.6,23.4,0.0,5,981.6,11.3,22.6,111,16.9,63.0,299.9,27.0
US_NYIS_NewYork,2026-09-12T00:00Z,23.0,53,12.8,23.3,0.0,0,1012.6,4.2,10.7,325,11.9,1.0,0.0,1.0
US_PJM_Philadelphia,2026-09-12T00:00Z,23.6,69,17.5,26.1,0.0,9,1013.6,1.1,2.5,180,9.0,1.0,0.0,1.0
US_SWPP_OklahomaCity,2026-09-12T00:00Z,32.5,49,20.4,35.3,0.0,3,965.5,8.6,16.9,147,18.0,174.0,495.3,55.0
VN_DaNang,2026-09-12T00:00Z,25.5,93,24.2,28.5,12.9,100,1007.5,21.3,35.5,2,37.8,15.0,0.0,15.0
VN_HaNoi,2026-09-12T00:00Z,24.9,71,19.3,26.8,0.0,31,1013.2,10.9,21.2,346,22.3,104.0,291.5,53.0
VN_HoChiMinh,2026-09-12T00:00Z,25.6,95,24.7,31.2,0.0,97,1008.0,6.2,11.0,206,16.2,68.0,91.8,51.0
AT_Vienna,2026-09-12T01:00Z,12.0,91,10.6,11.7,0.0,32,1000.0,3.1,6.2,280,8.3,0.0,0.0,0.0
BE_Brussels,2026-09-12T01:00Z,14.2,95,13.5,14.4,0.0,79,1021.0,6.0,7.5,233,11.5,0.0,0.0,0.0
DE_Berlin,2026-09-12T01:00Z,12.8,80,9.3,12.0,0.0,19,1018.1,3.6,13.4,296,4.7,0.0,0.0,0.0
DE_Hamburg,2026-09-12T01:00Z,13.8,98,13.5,13.6,0.0,10,1019.7,8.6,18.9,271,15.5,0.0,0.0,0.0
DE_Munich,2026-09-12T01:00Z,12.0,84,9.4,10.5,0.0,23,962.5,8.9,17.1,225,18.4,0.0,0.0,0.0
ES_Madrid,2026-09-12T01:00Z,20.5,32,3.1,16.8,0.0,0,945.4,14.0,27.0,34,31.3,0.0,0.0,0.0
FR_Paris,2026-09-12T01:00Z,15.4,92,14.1,16.3,0.0,9,1019.3,2.3,7.7,12,7.9,0.0,0.0,0.0
NL_Amsterdam,2026-09-12T01:00Z,12.3,100,12.3,12.6,0.0,99,1022.2,3.1,4.0,216,5.8,0.0,0.0,0.0
PL_Warsaw,2026-09-12T01:00Z,11.6,91,10.2,10.7,0.1,100,1008.6,6.3,11.5,300,12.2,0.0,0.0,0.0
US_BPAT_Portland,2026-09-12T01:00Z,20.1,40,6.1,18.6,0.0,79,1008.8,3.6,5.1,27,19.8,254.0,413.5,114.0
US_CISO_LosAngeles,2026-09-12T01:00Z,30.6,50,19.1,32.7,0.0,0,998.2,8.5,11.4,213,24.5,257.0,601.5,64.0
US_CISO_SanFrancisco,2026-09-12T01:00Z,17.4,79,13.8,15.9,0.0,0,1009.8,18.5,25.7,247,43.6,312.0,654.9,73.0
US_ERCO_Dallas,2026-09-12T01:00Z,27.2,83,24.1,32.2,0.1,36,993.3,7.6,25.2,201,20.2,15.0,35.2,12.0
US_ERCO_Houston,2026-09-12T01:00Z,28.1,85,25.3,33.6,0.0,58,1008.1,9.4,20.2,160,18.0,11.0,40.3,8.0
US_ISNE_Boston,2026-09-12T01:00Z,20.5,42,7.3,18.8,0.0,0,1014.9,7.1,16.1,338,17.3,0.0,0.0,0.0
US_MISO_Chicago,2026-09-12T01:00Z,22.4,74,17.5,23.6,0.0,2,981.5,10.3,20.7,125,22.3,0.0,0.0,0.0
US_NYIS_NewYork,2026-09-12T01:00Z,22.4,53,12.3,22.5,0.0,0,1013.4,4.3,11.5,338,9.0,0.0,0.0,0.0
US_PJM_Philadelphia,2026-09-12T01:00Z,22.8,70,17.0,24.6,0.0,100,1014.5,4.4,11.1,196,9.4,0.0,0.0,0.0
US_SWPP_OklahomaCity,2026-09-12T01:00Z,31.7,47,19.2,33.8,0.0,5,965.9,9.3,21.7,155,19.8,23.0,134.3,11.0
VN_DaNang,2026-09-12T01:00Z,26.2,92,24.8,30.0,5.6,100,1008.1,19.0,30.8,30,39.2,43.0,0.0,43.0
VN_HaNoi,2026-09-12T01:00Z,26.5,66,19.6,28.5,0.0,37,1013.8,10.7,18.5,352,22.0,304.0,471.8,112.0
VN_HoChiMinh,2026-09-12T01:00Z,26.3,90,24.4,31.8,0.0,65,1008.9,5.5,8.6,213,14.8,166.0,98.1,124.0
AT_Vienna,2026-09-12T02:00Z,11.7,93,10.5,11.5,0.0,5,1000.1,2.2,6.8,302,6.5,0.0,0.0,0.0
BE_Brussels,2026-09-12T02:00Z,14.2,95,13.4,14.3,0.0,52,1020.9,6.2,11.3,236,12.2,0.0,0.0,0.0
DE_Berlin,2026-09-12T02:00Z,13.0,78,9.3,11.8,0.0,0,1018.2,6.6,16.8,303,11.5,0.0,0.0,0.0
DE_Hamburg,2026-09-12T02:00Z,13.5,98,13.3,13.3,0.0,73,1020.1,8.7,19.4,272,16.6,0.0,0.0,0.0
DE_Munich,2026-09-12T02:00Z,11.6,87,9.5,10.0,0.0,2,962.3,9.9,19.0,217,19.4,0.0,0.0,0.0
ES_Madrid,2026-09-12T02:00Z,19.5,35,3.7,16.3,0.0,0,945.3,11.6,23.3,39,30.6,0.0,0.0,0.0
FR_Paris,2026-09-12T02:00Z,14.7,95,13.9,15.5,0.0,22,1019.2,2.4,6.1,3,5.4,0.0,0.0,0.0
NL_Amsterdam,2026-09-12T02:00Z,12.2,100,12.1,12.2,0.0,100,1022.1,4.2,8.5,207,7.9,0.0,0.0,0.0
PL_Warsaw,2026-09-12T02:00Z,11.3,92,10.0,10.4,0.0,100,1008.6,6.1,11.0,298,11.9,0.0,0.0,0.0
US_BPAT_Portland,2026-09-12T02:00Z,19.5,42,6.2,18.1,0.0,95,1008.6,2.5,3.6,84,13.3,102.0,280.2,56.0
US_CISO_LosAngeles,2026-09-12T02:00Z,28.3,58,19.3,30.6,0.0,0,998.4,8.3,11.6,201,22.3,69.0,321.2,27.0
US_CISO_SanFrancisco,2026-09-12T02:00Z,16.9,81,13.7,15.3,0.0,0,1009.9,18.5,26.8,245,43.2,116.0,440.5,42.0
US_ERCO_Dallas,2026-09-12T02:00Z,27.6,77,23.2,32.0,0.0,6,993.4,7.9,17.4,193,15.1,0.0,0.0,0.0
US_ERCO_Houston,2026-09-12T02:00Z,28.2,86,25.6,33.6,0.0,57,1008.4,11.6,22.9,179,23.4,0.0,0.0,0.0
US_ISNE_Boston,2026-09-12T02:00Z,19.6,46,7.5,18.1,0.0,0,1015.5,6.0,14.6,346,14.0,0.0,0.0,0.0
US_MISO_Chicago,2026-09-12T02:00Z,22.2,75,17.6,23.5,0.0,30,981.8,9.2,20.4,164,20.2,0.0,0.0,0.0
US_NYIS_NewYork,2026-09-12T02:00Z,21.9,55,12.3,21.8,0.0,0,1014.0,5.2,14.1,335,10.8,0.0,0.0,0.0
US_PJM_Philadelphia,2026-09-12T02:00Z,21.8,74,16.9,23.5,0.0,87,1015.1,4.3,12.4,216,10.4,0.0,0.0,0.0
US_SWPP_OklahomaCity,2026-09-12T02:00Z,31.1,48,19.0,33.3,0.0,2,966.3,8.1,21.1,150,20.9,0.0,0.0,0.0
VN_DaNang,2026-09-12T02:00Z,25.7,93,24.5,28.8,7.0,100,1008.9,22.7,36.4,20,45.0,75.0,0.0,75.0
VN_HaNoi,2026-09-12T02:00Z,27.3,59,18.5,27.9,0.0,15,1013.9,16.9,24.9,8,35.6,511.0,580.7,155.0
VN_HoChiMinh,2026-09-12T02:00Z,27.8,79,23.8,32.9,0.1,41,1009.3,5.9,8.5,224,17.3,405.0,272.1,230.0
AT_Vienna,2026-09-12T03:00Z,11.1,95,10.4,10.7,0.0,20,1000.1,3.4,9.4,310,6.8,0.0,0.0,0.0
BE_Brussels,2026-09-12T03:00Z,13.7,98,13.4,13.6,0.0,49,1020.8,7.5,14.2,238,13.7,0.0,0.0,0.0
DE_Berlin,2026-09-12T03:00Z,12.7,78,9.0,11.4,0.0,1,1018.4,6.9,18.2,303,13.3,0.0,0.0,0.0
DE_Hamburg,2026-09-12T03:00Z,13.4,98,13.1,13.2,0.0,46,1020.3,8.4,18.5,264,15.8,0.0,0.0,0.0
DE_Munich,2026-09-12T03:00Z,11.3,86,9.0,9.6,0.0,9,962.5,9.4,19.9,225,19.4,0.0,0.0,0.0
ES_Madrid,2026-09-12T03:00Z,18.8,38,4.0,16.0,0.0,0,945.1,9.3,19.3,42,24.8,0.0,0.0,0.0
FR_Paris,2026-09-12T03:00Z,14.3,96,13.8,15.2,0.0,97,1019.2,2.4,5.9,358,5.8,0.0,0.0,0.0
NL_Amsterdam,2026-09-12T03:00Z,12.0,99,11.9,12.0,0.0,100,1022.0,4.1,11.0,205,7.9,0.0,0.0,0.0
PL_Warsaw,2026-09-12T03:00Z,11.1,92,9.8,10.1,0.0,100,1008.6,6.8,12.5,302,13.0,0.0,0.0,0.0
US_BPAT_Portland,2026-09-12T03:00Z,18.7,44,6.1,17.4,0.0,100,1008.6,2.3,4.5,331,6.5,6.0,18.2,5.0
US_CISO_LosAngeles,2026-09-12T03:00Z,26.3,67,19.6,28.8,0.0,0,998.8,7.7,11.0,180,19.8,0.0,0.0,0.0
US_CISO_SanFrancisco,2026-09-12T03:00Z,16.8,81,13.4,15.3,0.0,0,1009.8,17.1,26.1,239,41.8,5.0,37.5,3.0
US_ERCO_Dallas,2026-09-12T03:00Z,27.3,73,22.1,31.0,0.0,1,994.3,8.8,17.0,164,16.9,0.0,0.0,0.0
US_ERCO_Houston,2026-09-12T03:00Z,28.0,87,25.7,33.3,0.0,98,1009.1,12.4,23.8,182,25.6,0.0,0.0,0.0
US_ISNE_Boston,2026-09-12T03:00Z,18.7,49,7.9,17.4,0.0,0,1015.8,5.6,14.2,352,11.9,0.0,0.0,0.0
US_MISO_Chicago,2026-09-12T03:00Z,22.2,72,17.0,23.4,0.0,42,981.6,8.5,20.4,153,18.4,0.0,0.0,0.0
US_NYIS_NewYork,2026-09-12T03:00Z,21.3,56,12.3,21.0,0.0,0,1014.3,6.2,17.9,334,13.0,0.0,0.0,0.0
US_PJM_Philadelphia,2026-09-12T03:00Z,21.1,76,16.7,22.9,0.0,44,1015.5,3.1,10.7,228,9.0,0.0,0.0,0.0
US_SWPP_OklahomaCity,2026-09-12T03:00Z,30.2,52,19.2,32.3,0.0,2,966.9,9.2,22.2,139,18.4,0.0,0.0,0.0
VN_DaNang,2026-09-12T03:00Z,25.9,92,24.5,29.4,9.3,100,1009.1,19.8,32.5,4,43.2,80.0,0.0,80.0
VN_HaNoi,2026-09-12T03:00Z,28.1,57,18.7,29.8,0.0,27,1013.7,15.8,22.8,7,37.1,703.0,691.8,164.0
VN_HoChiMinh,2026-09-12T03:00Z,29.3,70,23.3,34.7,0.1,74,1009.1,8.7,12.2,225,23.4,719.0,674.8,169.0
AT_Vienna,2026-09-12T04:00Z,11.0,96,10.5,10.5,0.0,35,1000.2,4.5,12.7,310,9.4,0.0,0.0,0.0
BE_Brussels,2026-09-12T04:00Z,13.3,99,13.1,13.2,0.0,65,1020.7,7.7,15.6,240,14.4,0.0,0.0,0.0
DE_Berlin,2026-09-12T04:00Z,12.2,82,9.2,11.1,0.0,14,1018.5,5.8,16.1,300,13.0,0.0,0.0,0.0
DE_Hamburg,2026-09-12T04:00Z,13.6,98,13.2,13.3,0.0,100,1020.3,8.4,18.4,256,15.8,0.0,0.0,0.0
DE_Munich,2026-09-12T04:00Z,10.9,85,8.4,9.3,0.0,3,962.6,8.4,18.4,239,18.0,0.0,0.0,0.0
ES_Madrid,2026-09-12T04:00Z,18.0,40,4.1,15.4,0.0,0,945.1,8.5,17.4,44,19.8,0.0,0.0,0.0
FR_Paris,2026-09-12T04:00Z,14.3,97,13.8,15.1,0.0,100,1019.1,2.9,5.2,329,6.8,0.0,0.0,0.0
NL_Amsterdam,2026-09-12T04:00Z,11.9,100,11.8,11.8,0.0,100,1021.8,4.4,12.7,201,9.0,0.0,0.0,0.0
PL_Warsaw,2026-09-12T04:00Z,10.9,92,9.6,9.6,0.0,80,1008.7,8.0,15.5,302,15.5,0.0,0.0,0.0
US_BPAT_Portland,2026-09-12T04:00Z,18.5,48,7.2,17.2,0.0,100,1008.7,4.2,10.7,340,10.1,0.0,0.0,0.0
US_CISO_LosAngeles,2026-09-12T04:00Z,25.1,72,19.7,27.9,0.0,10,999.5,6.5,8.8,161,19.1,0.0,0.0,0.0
US_CISO_SanFrancisco,2026-09-12T04:00Z,16.8,78,13.0,15.4,0.0,0,1010.1,15.7,25.7,237,37.8,0.0,0.0,0.0
US_ERCO_Dallas,2026-09-12T04:00Z,27.0,71,21.2,30.0,0.0,1,994.8,9.5,20.5,177,21.2,0.0,0.0,0.0
US_ERCO_Houston,2026-09-12T04:00Z,27.7,89,25.6,33.2,0.0,95,1009.4,10.8,21.4,182,25.6,0.0,0.0,0.0
US_ISNE_Boston,2026-09-12T04:00Z,17.8,54,8.5,16.4,0.0,0,1016.4,6.6,15.0,350,13.0,0.0,0.0,0.0
US_MISO_Chicago,2026-09-12T04:00Z,22.2,71,16.7,22.9,0.0,20,981.5,10.8,23.3,163,22.0,0.0,0.0,0.0
US_NYIS_NewYork,2026-09-12T04:00Z,20.1,62,12.7,20.1,0.0,1,1014.5,5.6,17.2,337,13.3,0.0,0.0,0.0
US_PJM_Philadelphia,2026-09-12T04:00Z,20.7,78,16.7,22.8,0.0,17,1015.7,1.4,8.3,248,5.8,0.0,0.0,0.0
US_SWPP_OklahomaCity,2026-09-12T04:00Z,29.8,51,18.5,30.9,0.0,2,967.3,13.3,27.6,159,25.6,0.0,0.0,0.0
VN_DaNang,2026-09-12T04:00Z,26.0,93,24.7,30.0,4.8,100,1008.8,17.3,28.9,15,37.1,87.0,0.0,87.0
VN_HaNoi,2026-09-12T04:00Z,28.9,57,19.5,31.7,0.0,50,1013.4,15.4,21.7,5,34.9,833.0,722.7,187.0
VN_HoChiMinh,2026-09-12T04:00Z,30.1,67,23.4,35.7,0.2,54,1008.8,8.8,12.5,235,29.2,757.0,538.4,255.0
AT_Vienna,2026-09-12T05:00Z,11.3,95,10.5,10.7,0.0,37,1000.5,4.8,12.5,307,10.1,8.0,34.7,6.0
BE_Brussels,2026-09-12T05:00Z,13.2,98,12.9,12.8,0.0,87,1020.6,8.4,17.7,232,16.6,0.0,0.0,0.0
DE_Berlin,2026-09-12T05:00Z,12.1,85,9.7,11.1,0.0,13,1018.7,5.7,15.3,292,11.2,3.0,19.1,2.0
DE_Hamburg,2026-09-12T05:00Z,13.9,97,13.5,13.8,0.0,100,1020.4,8.3,17.2,252,16.9,0.0,0.0,0.0
DE_Munich,2026-09-12T05:00Z,10.6,85,8.2,9.0,0.0,0,962.8,7.9,16.5,254,16.2,1.0,0.0,1.0
ES_Madrid,2026-09-12T05:00Z,17.3,42,4.4,14.8,0.0,0,944.9,7.8,17.1,47,18.4,0.0,0.0,0.0
FR_Paris,2026-09-12T05:00Z,14.7,96,14.0,15.5,0.0,100,1019.2,2.7,4.3,315,7.9,0.0,0.0,0.0
NL_Amsterdam,2026-09-12T05:00Z,11.9,100,11.9,11.6,0.0,100,1021.8,5.6,15.3,197,10.4,0.0,0.0,0.0
PL_Warsaw,2026-09-12T05:00Z,10.9,91,9.5,9.5,0.0,23,1008.6,8.4,16.8,303,16.6,18.0,49.3,14.0
US_BPAT_Portland,2026-09-12T05:00Z,18.1,52,8.0,16.8,0.0,99,1008.8,5.5,12.1,357,10.4,0.0,0.0,0.0
US_CISO_LosAngeles,2026-09-12T05:00Z,24.4,75,19.7,27.2,0.0,25,999.7,6.0,8.5,134,16.6,0.0,0.0,0.0
US_CISO_SanFrancisco,2026-09-12T05:00Z,16.7,77,12.6,15.3,0.0,0,1010.2,14.8,24.4,236,33.8,0.0,0.0,0.0
US_ERCO_Dallas,2026-09-12T05:00Z,26.7,70,20.7,29.3,0.0,0,994.9,10.9,22.7,179,21.2,0.0,0.0,0.0
US_ERCO_Houston,2026-09-12T05:00Z,27.5,89,25.6,33.2,0.0,83,1009.5,9.4,19.2,185,22.3,0.0,0.0,0.0
US_ISNE_Boston,2026-09-12T05:00Z,16.9,59,8.9,15.8,0.0,0,1017.0,6.0,14.3,354,13.0,0.0,0.0,0.0
US_MISO_Chicago,2026-09-12T05:00Z,21.7,73,16.6,22.6,0.0,2,981.5,9.8,22.2,169,22.3,0.0,0.0,0.0
US_NYIS_NewYork,2026-09-12T05:00Z,19.0,70,13.4,19.5,0.0,7,1014.8,4.2,13.3,344,11.9,0.0,0.0,0.0
US_PJM_Philadelphia,2026-09-12T05:00Z,20.2,80,16.7,22.0,0.0,1,1015.9,3.0,8.3,250,6.1,0.0,0.0,0.0
US_SWPP_OklahomaCity,2026-09-12T05:00Z,29.1,53,18.6,30.3,0.0,1,967.7,13.2,25.6,187,34.9,0.0,0.0,0.0
VN_DaNang,2026-09-12T05:00Z,26.2,91,24.6,29.7,2.8,100,1008.2,20.4,31.5,23,37.8,171.0,0.0,171.0
VN_HaNoi,2026-09-12T05:00Z,29.6,56,19.9,33.3,0.0,74,1012.8,13.8,19.2,7,34.6,911.0,761.5,188.0
VN_HoChiMinh,2026-09-12T05:00Z,31.0,65,23.6,37.2,0.1,90,1008.0,9.3,12.7,224,27.7,859.0,674.8,193.0
AT_Vienna,2026-09-12T06:00Z,11.8,97,11.3,11.7,0.0,53,1001.0,3.3,7.8,320,12.6,109.0,360.0,49.0
BE_Brussels,2026-09-12T06:00Z,13.2,98,12.8,12.8,0.0,85,1020.8,8.3,17.1,228,17.3,16.0,40.9,13.0
DE_Berlin,2026-09-12T06:00Z,13.4,84,10.8,12.4,0.0,13,1018.9,7.9,17.1,297,13.3,76.0,301.8,37.0
DE_Hamburg,2026-09-12T06:00Z,14.6,97,14.1,14.6,0.0,100,1020.7,8.9,17.3,243,16.6,28.0,19.8,26.0
DE_Munich,2026-09-12T06:00Z,11.5,82,8.5,9.9,0.0,5,963.5,8.4,15.4,259,15.8,70.0,343.4,30.0
ES_Madrid,2026-09-12T06:00Z,16.6,45,4.6,14.2,0.0,7,945.2,7.4,16.3,47,16.9,0.0,0.0,0.0
FR_Paris,2026-09-12T06:00Z,14.5,96,13.9,15.5,0.0,77,1019.4,1.5,1.4,23,5.8,7.0,15.9,6.0
NL_Amsterdam,2026-09-12T06:00Z,12.3,99,12.2,11.6,0.0,100,1021.6,9.2,21.4,193,14.4,15.0,26.6,13.0
PL_Warsaw,2026-09-12T06:00Z,11.5,89,9.8,10.4,0.0,48,1008.9,7.1,19.3,307,16.6,149.0,446.5,56.0
US_BPAT_Portland,2026-09-12T06:00Z,16.6,63,9.5,15.5,0.0,100,1008.9,6.7,13.0,2,15.1,0.0,0.0,0.0
US_CISO_LosAngeles,2026-09-12T06:00Z,24.0,78,19.8,26.8,0.0,15,1000.5,6.5,10.0,124,16.6,0.0,0.0,0.0
US_CISO_SanFrancisco,2026-09-12T06:00Z,16.4,75,12.1,15.2,0.0,0,1010.0,12.9,21.9,231,31.3,0.0,0.0,0.0
US_ERCO_Dallas,2026-09-12T06:00Z,25.6,76,21.1,28.4,0.0,0,995.3,10.9,22.0,181,23.4,0.0,0.0,0.0
US_ERCO_Houston,2026-09-12T06:00Z,27.1,93,25.8,32.9,0.0,89,1009.8,10.1,20.4,185,20.2,0.0,0.0,0.0
US_ISNE_Boston,2026-09-12T06:00Z,14.8,65,8.4,13.5,0.0,0,1017.6,6.4,14.1,358,12.2,0.0,0.0,0.0
US_MISO_Chicago,2026-09-12T06:00Z,20.3,80,16.7,21.3,0.0,0,981.3,9.0,20.4,171,19.8,0.0,0.0,0.0
US_NYIS_NewYork,2026-09-12T06:00Z,17.4,79,13.7,18.0,0.0,5,1015.2,4.3,13.2,14,9.4,0.0,0.0,0.0
US_PJM_Philadelphia,2026-09-12T06:00Z,18.7,88,16.6,20.9,0.0,0,1016.0,0.3,2.9,292,6.1,0.0,0.0,0.0
US_SWPP_OklahomaCity,2026-09-12T06:00Z,27.9,65,20.6,30.0,0.0,1,967.6,13.3,26.6,186,28.1,0.0,0.0,0.0
VN_DaNang,2026-09-12T06:00Z,25.8,93,24.6,28.9,1.6,100,1007.6,23.2,36.1,349,41.8,260.0,0.0,260.0
VN_HaNoi,2026-09-12T06:00Z,29.5,56,19.9,32.9,0.0,40,1011.8,11.3,16.0,360,31.7,766.0,492.5,302.0
VN_HoChiMinh,2026-09-12T06:00Z,30.6,64,23.0,34.6,0.1,98,1007.1,12.0,16.2,225,30.2,610.0,351.7,267.0
AT_Vienna,2026-09-12T07:00Z,13.8,89,12.1,14.1,0.0,20,1001.4,2.3,4.5,337,11.2,259.0,518.5,87.0
BE_Brussels,2026-09-12T07:00Z,14.2,96,13.5,14.1,0.0,91,1020.8,8.1,19.2,218,18.7,104.0,169.7,71.0
DE_Berlin,2026-09-12T07:00Z,15.5,77,11.5,14.9,0.0,26,1019.3,6.7,18.7,286,16.9,202.0,450.3,75.0
DE_Hamburg,2026-09-12T07:00Z,15.3,95,14.5,15.4,0.0,88,1021.1,9.4,16.5,245,18.7,98.0,32.7,90.0
DE_Munich,2026-09-12T07:00Z,14.1,73,9.3,13.0,0.0,2,964.0,5.8,12.9,238,16.9,221.0,556.4,65.0
ES_Madrid,2026-09-12T07:00Z,17.3,44,5.0,15.0,0.0,1,945.8,7.4,18.0,42,17.3,71.0,346.6,28.0
FR_Paris,2026-09-12T07:00Z,15.7,90,14.0,16.8,0.0,0,1019.5,0.9,3.3,99,6.8,88.0,170.7,58.0
NL_Amsterdam,2026-09-12T07:00Z,13.7,98,13.4,13.4,0.0,100,1021.4,9.4,23.8,196,17.3,84.0,81.5,68.0
PL_Warsaw,2026-09-12T07:00Z,13.4,81,10.3,12.6,0.0,38,1009.0,6.4,11.8,306,17.6,282.0,523.1,96.0
US_BPAT_Portland,2026-09-12T07:00Z,15.8,71,10.6,15.0,0.0,100,1008.6,6.5,12.2,1,15.1,0.0,0.0,0.0
US_CISO_LosAngeles,2026-09-12T07:00Z,23.8,78,19.8,26.7,0.0,7,1001.0,5.5,9.0,125,16.2,0.0,0.0,0.0
US_CISO_SanFrancisco,2026-09-12T07:00Z,16.3,76,12.2,15.3,0.0,0,1010.0,11.7,19.7,225,26.3,0.0,0.0,0.0
US_ERCO_Dallas,2026-09-12T07:00Z,25.5,79,21.6,29.0,0.0,0,995.6,8.3,17.9,190,21.2,0.0,0.0,0.0
US_ERCO_Houston,2026-09-12T07:00Z,27.2,92,25.8,33.0,0.0,65,1010.0,9.9,19.9,190,20.5,0.0,0.0,0.0
US_ISNE_Boston,2026-09-12T07:00Z,14.3,69,8.6,13.1,0.0,0,1018.0,5.4,12.1,5,12.2,0.0,0.0,0.0
US_MISO_Chicago,2026-09-12T07:00Z,20.1,82,16.9,21.3,0.0,0,981.0,8.4,19.7,171,17.6,0.0,0.0,0.0
US_NYIS_NewYork,2026-09-12T07:00Z,17.1,81,13.7,17.5,0.0,8,1015.1,5.1,13.6,15,10.4,0.0,0.0,0.0
US_PJM_Philadelphia,2026-09-12T07:00Z,18.4,90,16.8,20.3,0.0,6,1015.8,2.9,5.9,40,7.2,0.0,0.0,0.0
US_SWPP_OklahomaCity,2026-09-12T07:00Z,27.4,66,20.5,29.5,0.0,0,967.8,14.1,27.4,192,31.0,0.0,0.0,0.0
VN_DaNang,2026-09-12T07:00Z,25.6,93,24.4,28.8,3.8,100,1006.5,21.2,32.9,329,42.8,118.0,0.0,118.0
VN_HaNoi,2026-09-12T07:00Z,30.3,54,19.9,33.1,0.0,59,1010.7,11.9,16.9,358,27.4,701.0,538.8,231.0
VN_HoChiMinh,2026-09-12T07:00Z,27.5,80,23.8,31.1,3.4,98,1006.0,16.5,24.7,226,36.7,547.0,268.4,306.0
AT_Vienna,2026-09-12T08:00Z,15.9,80,12.4,16.2,0.0,7,1001.5,3.3,5.0,339,14.0,424.0,680.1,99.0
BE_Brussels,2026-09-12T08:00Z,15.7,91,14.2,15.9,0.0,74,1021.1,8.4,15.6,220,21.6,217.0,221.3,140.0
DE_Berlin,2026-09-12T08:00Z,17.4,73,12.5,17.0,0.0,16,1019.3,7.8,11.8,279,20.9,333.0,557.8,99.0
DE_Hamburg,2026-09-12T08:00Z,16.2,89,14.4,16.1,0.0,34,1021.0,10.3,15.1,250,23.4,246.0,271.5,142.0
DE_Munich,2026-09-12T08:00Z,16.6,62,9.3,15.6,0.0,4,964.4,5.1,8.0,234,15.8,384.0,695.9,82.0
ES_Madrid,2026-09-12T08:00Z,19.4,41,5.9,17.5,0.0,0,946.5,6.2,12.1,47,18.7,254.0,634.8,62.0
FR_Paris,2026-09-12T08:00Z,18.0,78,14.0,19.1,0.0,16,1019.7,0.9,1.0,248,9.4,284.0,621.7,74.0
NL_Amsterdam,2026-09-12T08:00Z,15.7,95,15.0,16.2,0.0,88,1021.5,7.9,20.6,201,19.8,223.0,255.7,135.0
PL_Warsaw,2026-09-12T08:00Z,15.6,67,9.6,14.3,0.0,25,1009.3,8.1,12.3,316,22.0,430.0,677.8,103.0
US_BPAT_Portland,2026-09-12T08:00Z,15.3,75,10.9,14.5,0.0,100,1008.7,7.1,12.8,354,15.8,0.0,0.0,0.0
US_CISO_LosAngeles,2026-09-12T08:00Z,23.1,83,20.0,26.2,0.0,1,1001.2,5.1,8.7,130,14.0,0.0,0.0,0.0
US_CISO_SanFrancisco,2026-09-12T08:00Z,16.1,78,12.3,15.0,0.0,0,1010.1,11.8,19.9,224,24.1,0.0,0.0,0.0
US_ERCO_Dallas,2026-09-12T08:00Z,25.3,82,22.0,28.8,0.0,0,995.4,9.2,18.6,185,18.0,0.0,0.0,0.0
US_ERCO_Houston,2026-09-12T08:00Z,27.1,92,25.7,32.9,0.0,10,1009.6,9.1,19.0,195,20.2,0.0,0.0,0.0
US_ISNE_Boston,2026-09-12T08:00Z,13.7,71,8.5,12.3,0.0,0,1018.4,7.0,13.7,5,13.7,0.0,0.0,0.0
US_MISO_Chicago,2026-09-12T08:00Z,19.9,84,17.1,21.1,0.0,0,980.4,9.2,20.5,169,18.7,0.0,0.0,0.0
US_NYIS_NewYork,2026-09-12T08:00Z,16.7,84,14.1,17.2,0.0,9,1015.2,5.8,15.8,38,13.0,0.0,0.0,0.0
US_PJM_Philadelphia,2026-09-12T08:00Z,17.9,93,16.8,19.9,0.0,16,1016.0,1.9,7.1,75,7.6,0.0,0.0,0.0
US_SWPP_OklahomaCity,2026-09-12T08:00Z,26.9,65,19.8,28.7,0.0,0,967.6,13.0,26.1,193,30.2,0.0,0.0,0.0
VN_DaNang,2026-09-12T08:00Z,26.2,94,25.1,30.5,4.0,100,1005.9,17.1,28.6,11,38.5,62.0,0.0,62.0
VN_HaNoi,2026-09-12T08:00Z,30.5,53,19.7,32.8,0.0,98,1009.8,11.4,16.2,359,27.0,594.0,503.5,219.0
VN_HoChiMinh,2026-09-12T08:00Z,27.8,83,24.6,33.2,1.1,98,1005.9,6.7,9.7,184,37.1,257.0,43.4,224.0
AT_Vienna,2026-09-12T09:00Z,17.8,70,12.1,17.8,0.0,4,1001.4,4.5,6.5,336,16.6,558.0,754.5,109.0
BE_Brussels,2026-09-12T09:00Z,17.9,80,14.4,17.8,0.0,35,1021.5,10.6,15.9,226,26.6,371.0,471.3,144.0
DE_Berlin,2026-09-12T09:00Z,18.8,64,11.9,17.9,0.0,41,1019.3,10.5,14.9,269,28.1,450.0,633.2,113.0
DE_Hamburg,2026-09-12T09:00Z,17.2,81,13.9,16.8,0.2,59,1021.0,11.2,16.4,251,27.0,413.0,622.5,102.0
DE_Munich,2026-09-12T09:00Z,18.4,53,8.7,17.4,0.0,5,964.6,4.3,5.9,252,15.8,523.0,762.0,95.0
ES_Madrid,2026-09-12T09:00Z,22.0,45,9.4,21.0,0.0,0,947.0,5.8,8.5,63,20.2,447.0,771.8,78.0
FR_Paris,2026-09-12T09:00Z,20.1,63,13.0,20.7,0.0,24,1020.0,2.6,3.6,276,14.0,432.0,691.1,100.0
NL_Amsterdam,2026-09-12T09:00Z,17.9,87,15.8,18.6,0.0,95,1021.7,8.3,14.4,208,20.9,360.0,452.9,146.0
PL_Warsaw,2026-09-12T09:00Z,16.8,56,8.0,14.9,0.0,17,1009.2,8.8,12.5,315,24.1,549.0,768.5,103.0
US_BPAT_Portland,2026-09-12T09:00Z,14.7,79,11.1,14.5,0.0,99,1008.9,3.9,9.3,352,15.5,0.0,0.0,0.0
US_CISO_LosAngeles,2026-09-12T09:00Z,22.6,84,19.9,25.7,0.0,2,1001.1,4.6,8.7,112,13.0,0.0,0.0,0.0
US_CISO_SanFrancisco,2026-09-12T09:00Z,15.9,79,12.4,14.7,0.0,0,1010.2,13.2,21.8,231,26.3,0.0,0.0,0.0
US_ERCO_Dallas,2026-09-12T09:00Z,25.2,83,22.1,28.6,0.0,0,995.4,10.6,20.9,187,21.6,0.0,0.0,0.0
US_ERCO_Houston,2026-09-12T09:00Z,27.0,92,25.5,32.8,0.0,2,1009.3,8.7,18.7,200,18.4,0.0,0.0,0.0
US_ISNE_Boston,2026-09-12T09:00Z,13.0,72,8.1,11.5,0.0,0,1018.8,7.4,14.3,14,15.1,0.0,0.0,0.0
US_MISO_Chicago,2026-09-12T09:00Z,19.7,86,17.3,21.0,0.0,41,980.0,8.3,18.9,177,18.7,0.0,0.0,0.0
US_NYIS_NewYork,2026-09-12T09:00Z,16.6,87,14.3,17.1,0.0,6,1015.6,5.7,15.9,47,12.6,0.0,0.0,0.0
US_PJM_Philadelphia,2026-09-12T09:00Z,17.6,95,16.8,19.8,0.0,52,1016.3,1.3,6.3,83,4.0,0.0,0.0,0.0
US_SWPP_OklahomaCity,2026-09-12T09:00Z,26.3,66,19.5,27.9,0.0,0,967.4,13.1,26.1,190,28.8,0.0,0.0,0.0
VN_DaNang,2026-09-12T09:00Z,25.9,93,24.6,29.6,4.0,100,1005.8,19.1,31.3,6,37.4,39.0,0.0,39.0
VN_HaNoi,2026-09-12T09:00Z,30.2,56,20.5,32.9,0.0,71,1009.4,9.9,15.4,355,24.8,387.0,352.0,187.0
VN_HoChiMinh,2026-09-12T09:00Z,26.4,90,24.7,31.7,3.8,100,1006.2,8.3,14.7,188,27.4,159.0,45.5,133.0
AT_Vienna,2026-09-12T10:00Z,19.1,61,11.4,19.4,0.0,5,1001.1,4.9,7.0,348,18.0,654.0,802.5,112.0
BE_Brussels,2026-09-12T10:00Z,19.4,69,13.6,18.4,0.0,58,1021.5,14.4,21.1,240,37.1,501.0,598.8,150.0
DE_Berlin,2026-09-12T10:00Z,19.8,57,11.1,18.7,0.2,42,1019.0,10.1,14.2,269,28.1,496.0,574.6,144.0
DE_Hamburg,2026-09-12T10:00Z,18.1,73,13.1,17.2,0.0,87,1020.8,12.7,18.5,255,31.3,472.0,573.5,136.0
DE_Munich,2026-09-12T10:00Z,19.5,48,8.2,18.7,0.0,5,964.6,5.1,7.0,270,17.6,624.0,791.2,106.0
ES_Madrid,2026-09-12T10:00Z,24.4,42,10.7,24.3,0.0,0,947.4,4.6,6.4,74,20.2,616.0,844.1,89.0
FR_Paris,2026-09-12T10:00Z,21.8,56,12.7,22.2,0.0,30,1020.0,3.8,5.4,264,16.9,567.0,779.5,104.0
NL_Amsterdam,2026-09-12T10:00Z,19.4,77,15.2,19.3,0.1,63,1021.2,12.1,19.0,222,29.2,470.0,496.1,186.0
PL_Warsaw,2026-09-12T10:00Z,17.5,52,7.5,16.1,0.0,36,1009.1,8.0,11.2,308,24.1,622.0,804.7,105.0
US_BPAT_Portland,2026-09-12T10:00Z,14.3,82,11.3,14.5,0.0,100,1009.0,1.0,3.8,349,8.6,0.0,0.0,0.0
US_CISO_LosAngeles,2026-09-12T10:00Z,22.3,84,19.5,25.1,0.0,3,1000.9,4.8,9.9,99,11.2,0.0,0.0,0.0
US_CISO_SanFrancisco,2026-09-12T10:00Z,15.7,80,12.3,14.4,0.0,0,1010.0,13.6,23.1,241,28.1,0.0,0.0,0.0
US_ERCO_Dallas,2026-09-12T10:00Z,25.2,84,22.2,28.7,0.0,0,995.5,10.1,20.2,191,22.0,0.0,0.0,0.0
US_ERCO_Houston,2026-09-12T10:00Z,26.8,92,25.3,32.7,0.0,2,1009.4,7.3,16.9,204,17.3,0.0,0.0,0.0
US_ISNE_Boston,2026-09-12T10:00Z,12.5,74,8.0,11.2,0.0,0,1019.1,5.3,10.6,32,14.8,0.0,0.0,0.0
US_MISO_Chicago,2026-09-12T10:00Z,19.5,88,17.4,20.8,0.0,55,980.2,8.7,19.0,185,17.3,0.0,0.0,0.0
US_NYIS_NewYork,2026-09-12T10:00Z,16.5,85,13.9,16.9,0.0,55,1016.0,5.7,15.6,50,12.6,0.0,0.0,0.0
US_PJM_Philadelphia,2026-09-12T10:00Z,17.4,94,16.4,19.1,0.0,91,1016.4,3.9,9.2,69,7.9,0.0,0.0,0.0
US_SWPP_OklahomaCity,2026-09-12T10:00Z,25.7,68,19.4,27.5,0.0,0,967.6,12.0,24.7,191,28.1,0.0,0.0,0.0
VN_DaNang,2026-09-12T10:00Z,25.4,93,24.3,29.4,3.5,100,1006.4,15.7,26.5,4,35.3,34.0,0.0,34.0
VN_HaNoi,2026-09-12T10:00Z,29.6,62,21.4,32.9,0.0,37,1009.4,8.4,16.2,352,19.4,245.0,389.2,107.0
VN_HoChiMinh,2026-09-12T10:00Z,26.6,87,24.3,31.2,0.6,99,1006.4,10.9,18.0,204,23.8,122.0,55.0,103.0
AT_Vienna,2026-09-12T11:00Z,20.0,55,10.7,20.1,0.0,25,1000.7,5.9,8.4,341,19.4,675.0,776.8,121.0
BE_Brussels,2026-09-12T11:00Z,20.5,61,12.7,19.4,0.0,82,1021.4,13.9,20.3,243,36.4,579.0,647.7,155.0
DE_Berlin,2026-09-12T11:00Z,20.8,52,10.7,19.4,0.3,40,1018.7,10.6,14.9,271,28.8,554.0,621.4,147.0
DE_Hamburg,2026-09-12T11:00Z,18.9,66,12.3,17.9,0.0,81,1020.6,12.4,17.9,258,29.9,566.0,677.5,135.0
DE_Munich,2026-09-12T11:00Z,20.3,45,8.1,19.9,0.0,3,964.4,5.4,7.7,286,19.4,689.0,820.8,109.0
ES_Madrid,2026-09-12T11:00Z,26.5,35,9.7,27.2,0.0,0,947.5,3.3,4.5,90,19.8,742.0,884.9,95.0
FR_Paris,2026-09-12T11:00Z,23.2,49,12.1,23.2,0.0,25,1019.7,7.0,9.8,263,23.0,607.0,694.8,141.0
NL_Amsterdam,2026-09-12T11:00Z,20.2,68,14.1,19.5,0.0,100,1020.8,13.6,21.0,222,31.7,544.0,626.1,145.0
PL_Warsaw,2026-09-12T11:00Z,17.9,49,6.9,16.4,0.0,42,1008.9,7.8,11.1,301,23.0,622.0,756.7,119.0
US_BPAT_Portland,2026-09-12T11:00Z,13.9,84,11.2,13.9,0.0,100,1008.9,2.1,4.6,201,5.0,0.0,0.0,0.0
US_CISO_LosAngeles,2026-09-12T11:00Z,22.0,84,19.2,24.7,0.0,3,1000.7,4.7,10.3,103,9.7,0.0,0.0,0.0
US_CISO_SanFrancisco,2026-09-12T11:00Z,15.4,83,12.5,14.1,0.0,2,1010.0,14.2,24.1,244,29.2,0.0,0.0,0.0
US_ERCO_Dallas,2026-09-12T11:00Z,25.1,86,22.6,29.0,0.0,0,995.7,9.4,18.9,188,20.2,0.0,0.0,0.0
US_ERCO_Houston,2026-09-12T11:00Z,26.6,91,25.1,32.4,0.0,5,1009.5,6.2,15.9,207,14.0,0.0,0.0,0.0
US_ISNE_Boston,2026-09-12T11:00Z,12.6,75,8.2,11.5,0.0,0,1019.8,4.8,6.8,35,10.4,17.0,121.5,8.0
US_MISO_Chicago,2026-09-12T11:00Z,19.2,90,17.5,20.7,0.0,25,980.4,7.6,18.1,201,18.0,0.0,0.0,0.0
US_NYIS_NewYork,2026-09-12T11:00Z,16.4,84,13.6,16.7,0.0,84,1016.8,5.4,14.7,51,12.2,6.0,36.1,4.0
US_PJM_Philadelphia,2026-09-12T11:00Z,17.4,89,15.6,18.4,0.0,80,1017.2,6.2,14.7,65,12.6,3.0,19.1,2.0
US_SWPP_OklahomaCity,2026-09-12T11:00Z,25.2,70,19.3,26.9,0.0,0,967.8,12.7,25.7,189,26.6,0.0,0.0,0.0
VN_DaNang,2026-09-12T11:00Z,25.9,93,24.7,30.5,3.0,100,1006.9,13.0,23.1,9,28.4,9.0,0.0,9.0
VN_HaNoi,2026-09-12T11:00Z,28.0,67,21.3,31.5,0.0,87,1009.6,6.5,16.3,354,15.8,63.0,187.2,36.0
VN_HoChiMinh,2026-09-12T11:00Z,25.4,93,24.3,30.2,0.6,96,1007.8,10.2,17.9,199,26.3,38.0,50.9,31.0
AT_Vienna,2026-09-12T12:00Z,21.0,49,9.8,20.0,0.0,22,1000.3,8.6,12.7,328,23.0,606.0,664.3,137.0
BE_Brussels,2026-09-12T12:00Z,21.2,57,12.2,19.9,0.0,77,1021.2,13.8,19.8,243,36.4,561.0,466.2,243.0
DE_Berlin,2026-09-12T12:00Z,20.8,55,11.3,19.9,0.2,17,1018.9,9.6,13.2,276,29.2,577.0,653.4,148.0
DE_Hamburg,2026-09-12T12:00Z,19.3,64,12.3,18.2,0.0,100,1020.6,12.0,17.3,255,31.7,540.0,606.0,148.0
DE_Munich,2026-09-12T12:00Z,20.9,45,8.5,20.7,0.0,7,964.0,4.5,5.9,315,19.1,698.0,823.5,110.0
ES_Madrid,2026-09-12T12:00Z,28.3,27,7.6,29.0,0.0,0,946.9,3.1,4.1,124,18.7,815.0,907.4,97.0
FR_Paris,2026-09-12T12:00Z,24.2,44,11.2,23.8,0.0,20,1019.5,8.8,12.2,278,25.6,640.0,683.4,158.0
NL_Amsterdam,2026-09-12T12:00Z,20.7,61,13.0,18.9,0.0,99,1020.5,18.7,29.4,225,46.4,354.0,184.2,232.0
PL_Warsaw,2026-09-12T12:00Z,18.3,48,7.2,16.4,0.0,100,1008.8,7.9,11.1,299,23.8,528.0,545.4,176.0
US_BPAT_Portland,2026-09-12T12:00Z,13.4,83,10.5,12.9,0.0,99,1009.4,4.3,10.3,177,8.3,0.0,0.0,0.0
US_CISO_LosAngeles,2026-09-12T12:00Z,21.7,87,19.3,24.6,0.0,0,1001.2,4.1,8.1,122,9.4,0.0,0.0,0.0
US_CISO_SanFrancisco,2026-09-12T12:00Z,15.3,84,12.7,14.1,0.0,36,1010.4,13.9,23.4,235,31.3,0.0,0.0,0.0
US_ERCO_Dallas,2026-09-12T12:00Z,24.9,88,22.8,29.0,0.0,0,996.4,8.6,17.8,196,19.4,0.0,0.0,0.0
US_ERCO_Houston,2026-09-12T12:00Z,25.9,94,24.9,31.7,0.0,15,1010.2,5.7,15.3,205,11.5,0.0,0.0,0.0
US_ISNE_Boston,2026-09-12T12:00Z,14.8,68,8.9,14.0,0.0,0,1020.4,4.2,6.2,26,11.5,158.0,553.2,45.0
US_MISO_Chicago,2026-09-12T12:00Z,18.6,93,17.5,20.5,0.0,0,980.8,5.1,13.5,227,15.5,10.0,46.6,7.0
US_NYIS_NewYork,2026-09-12T12:00Z,17.3,83,14.4,17.9,0.0,74,1017.3,5.9,14.7,55,13.7,118.0,419.8,47.0
US_PJM_Philadelphia,2026-09-12T12:00Z,18.1,92,16.8,19.6,0.0,96,1017.6,6.3,14.5,73,14.4,99.0,329.0,48.0
US_SWPP_OklahomaCity,2026-09-12T12:00Z,24.5,73,19.5,26.2,0.0,0,968.3,13.3,27.5,203,29.2,0.0,0.0,0.0
VN_DaNang,2026-09-12T12:00Z,25.9,91,24.3,30.7,6.6,100,1007.5,10.2,18.4,63,25.2,0.0,0.0,0.0
VN_HaNoi,2026-09-12T12:00Z,27.8,67,21.0,31.1,0.0,98,1010.1,6.8,16.1,338,14.0,0.0,0.0,0.0
VN_HoChiMinh,2026-09-12T12:00Z,25.4,95,24.5,30.5,0.5,98,1008.3,8.5,17.1,188,23.0,0.0,0.0,0.0
AT_Vienna,2026-09-12T13:00Z,21.3,48,9.9,20.1,0.1,37,999.9,9.0,13.4,334,24.8,575.0,695.4,120.0
BE_Brussels,2026-09-12T13:00Z,21.4,53,11.6,19.7,0.0,92,1020.6,15.2,22.1,243,38.2,546.0,532.4,191.0
DE_Berlin,2026-09-12T13:00Z,21.3,51,10.9,20.1,0.0,19,1018.4,9.9,13.9,272,27.0,551.0,701.5,118.0
DE_Hamburg,2026-09-12T13:00Z,19.2,61,11.5,17.9,0.0,98,1020.2,11.8,17.1,255,29.9,364.0,166.8,261.0
DE_Munich,2026-09-12T13:00Z,21.3,44,8.7,20.7,0.0,9,963.7,5.7,7.7,332,19.4,638.0,767.3,119.0
ES_Madrid,2026-09-12T13:00Z,30.3,20,4.8,30.3,0.0,0,946.5,3.6,5.2,168,19.4,828.0,913.1,97.0
FR_Paris,2026-09-12T13:00Z,24.7,42,10.9,24.5,0.0,6,1019.0,7.1,10.0,283,25.9,645.0,741.9,129.0
NL_Amsterdam,2026-09-12T13:00Z,20.4,66,13.9,18.8,0.0,68,1019.9,20.0,31.4,235,50.0,443.0,328.0,231.0
PL_Warsaw,2026-09-12T13:00Z,17.6,48,6.5,15.4,0.0,100,1008.7,9.3,13.2,299,24.8,281.0,87.0,230.0
US_BPAT_Portland,2026-09-12T13:00Z,13.2,84,10.6,12.7,0.0,99,1009.3,5.0,11.5,194,11.2,0.0,0.0,0.0
US_CISO_LosAngeles,2026-09-12T13:00Z,21.6,87,19.4,24.7,0.0,0,1001.6,2.9,7.2,141,8.6,0.0,0.0,0.0
US_CISO_SanFrancisco,2026-09-12T13:00Z,15.3,85,12.8,14.2,0.0,71,1010.5,13.4,22.7,228,28.4,0.0,0.0,0.0
US_ERCO_Dallas,2026-09-12T13:00Z,25.6,86,23.1,29.9,0.0,0,996.9,7.9,18.2,191,18.4,37.0,176.6,18.0
US_ERCO_Houston,2026-09-12T13:00Z,26.8,91,25.3,32.7,0.0,26,1011.0,7.0,15.4,197,13.3,47.0,199.9,23.0
US_ISNE_Boston,2026-09-12T13:00Z,17.5,61,9.9,17.1,0.0,0,1020.2,2.7,4.3,57,13.7,346.0,727.9,66.0
US_MISO_Chicago,2026-09-12T13:00Z,19.8,91,18.4,22.1,0.0,0,981.0,5.2,13.4,242,12.2,128.0,430.9,48.0
US_NYIS_NewYork,2026-09-12T13:00Z,19.8,73,14.8,20.7,0.0,33,1017.0,4.5,8.6,57,15.5,302.0,618.6,81.0
US_PJM_Philadelphia,2026-09-12T13:00Z,20.0,80,16.5,21.5,0.0,89,1017.6,5.4,10.1,70,16.2,262.0,456.1,104.0
US_SWPP_OklahomaCity,2026-09-12T13:00Z,25.0,73,19.8,26.8,0.0,0,968.9,13.1,27.1,203,28.1,34.0,177.5,16.0
VN_DaNang,2026-09-12T13:00Z,25.9,93,24.6,31.2,2.7,100,1007.8,8.4,16.3,55,19.8,0.0,0.0,0.0
VN_HaNoi,2026-09-12T13:00Z,26.7,72,21.3,30.3,0.0,99,1010.4,5.9,15.5,18,11.5,0.0,0.0,0.0
VN_HoChiMinh,2026-09-12T13:00Z,25.5,94,24.6,31.1,0.1,99,1008.8,5.8,13.4,198,16.2,0.0,0.0,0.0
AT_Vienna,2026-09-12T14:00Z,21.2,52,10.9,20.5,0.0,10,999.5,6.0,8.9,336,29.5,444.0,571.7,123.0
BE_Brussels,2026-09-12T14:00Z,21.9,50,11.0,20.1,0.0,76,1020.1,14.4,21.5,243,38.5,429.0,341.1,221.0
DE_Berlin,2026-09-12T14:00Z,21.7,48,10.2,20.1,0.0,43,1018.1,11.2,15.9,275,28.8,475.0,685.7,105.0
DE_Hamburg,2026-09-12T14:00Z,19.2,62,11.7,18.1,0.0,100,1019.6,10.7,16.0,247,29.5,298.0,171.0,204.0
DE_Munich,2026-09-12T14:00Z,21.3,44,8.7,20.0,0.0,12,963.6,6.6,9.1,333,20.2,545.0,736.4,106.0
ES_Madrid,2026-09-12T14:00Z,31.2,17,3.2,30.3,0.0,0,946.0,4.9,6.8,183,21.6,779.0,901.9,95.0
FR_Paris,2026-09-12T14:00Z,25.2,40,10.5,24.7,0.0,11,1018.6,6.9,9.5,285,23.4,619.0,807.0,101.0
NL_Amsterdam,2026-09-12T14:00Z,20.0,67,13.7,18.4,0.0,58,1020.0,19.0,30.0,237,47.5,401.0,342.5,199.0
PL_Warsaw,2026-09-12T14:00Z,17.1,51,6.9,14.9,0.0,92,1008.7,9.2,15.1,302,25.2,150.0,44.9,128.0
US_BPAT_Portland,2026-09-12T14:00Z,13.2,85,10.7,12.7,0.0,99,1009.5,5.2,11.8,199,11.5,0.0,0.0,0.0
US_CISO_LosAngeles,2026-09-12T14:00Z,21.3,91,19.7,24.6,0.0,5,1002.1,2.5,4.5,164,7.2,6.0,32.9,4.0
US_CISO_SanFrancisco,2026-09-12T14:00Z,15.2,86,12.8,14.0,0.0,14,1011.0,14.2,24.8,230,29.2,0.0,0.0,0.0
US_ERCO_Dallas,2026-09-12T14:00Z,27.0,80,23.4,31.5,0.0,0,997.5,7.9,12.1,186,19.8,209.0,526.7,63.0
US_ERCO_Houston,2026-09-12T14:00Z,28.5,85,25.8,35.0,0.0,27,1011.5,5.3,10.9,197,14.4,229.0,521.0,71.0
US_ISNE_Boston,2026-09-12T14:00Z,19.6,54,10.1,18.8,0.0,0,1020.2,5.7,7.9,106,20.2,524.0,822.8,78.0
US_MISO_Chicago,2026-09-12T14:00Z,21.6,86,19.2,24.3,0.0,0,980.9,5.3,13.0,222,15.5,310.0,633.9,76.0
US_NYIS_NewYork,2026-09-12T14:00Z,22.2,66,15.6,23.5,0.0,29,1016.9,4.0,6.2,83,16.2,491.0,765.1,90.0
US_PJM_Philadelphia,2026-09-12T14:00Z,22.1,71,16.6,23.6,0.0,92,1017.7,5.1,7.8,99,17.3,433.0,601.2,122.0
US_SWPP_OklahomaCity,2026-09-12T14:00Z,26.7,68,20.3,29.2,0.0,16,969.4,10.3,22.9,196,28.1,198.0,531.9,58.0
VN_DaNang,2026-09-12T14:00Z,25.7,95,24.9,31.3,4.1,100,1008.8,7.1,14.3,43,16.6,0.0,0.0,0.0
VN_HaNoi,2026-09-12T14:00Z,26.3,74,21.3,29.8,0.0,99,1011.1,6.6,18.2,38,12.2,0.0,0.0,0.0
VN_HoChiMinh,2026-09-12T14:00Z,25.6,95,24.8,31.5,0.0,98,1009.5,4.9,13.0,208,10.4,0.0,0.0,0.0
AT_Vienna,2026-09-12T15:00Z,20.9,53,11.0,20.4,0.0,14,999.4,5.4,8.1,357,16.6,305.0,486.2,94.0
BE_Brussels,2026-09-12T15:00Z,21.9,51,11.3,20.1,0.0,70,1019.6,14.8,22.0,230,35.6,390.0,433.1,167.0
DE_Berlin,2026-09-12T15:00Z,21.5,46,9.4,19.5,0.0,100,1018.0,12.1,17.9,273,29.2,338.0,547.8,103.0
DE_Hamburg,2026-09-12T15:00Z,19.5,60,11.6,18.6,0.0,100,1019.5,9.4,14.3,245,26.6,285.0,229.7,182.0
DE_Munich,2026-09-12T15:00Z,21.1,46,9.0,19.6,0.0,25,963.6,8.2,11.6,330,22.0,429.0,710.2,89.0
ES_Madrid,2026-09-12T15:00Z,31.6,16,2.9,30.1,0.0,0,945.6,4.3,5.8,171,21.6,672.0,873.4,89.0
FR_Paris,2026-09-12T15:00Z,25.3,38,10.1,24.2,0.0,12,1018.3,7.5,10.4,290,23.4,515.0,771.8,92.0
NL_Amsterdam,2026-09-12T15:00Z,19.5,68,13.5,18.0,0.0,19,1019.6,17.3,28.2,229,47.5,357.0,456.8,130.0
PL_Warsaw,2026-09-12T15:00Z,17.1,49,6.4,14.9,0.0,6,1008.6,8.3,13.7,298,23.8,204.0,180.9,138.0
US_BPAT_Portland,2026-09-12T15:00Z,13.6,83,10.7,12.9,0.0,93,1009.7,6.5,11.4,196,15.5,31.0,0.0,31.0
US_CISO_LosAngeles,2026-09-12T15:00Z,22.3,86,19.8,25.9,0.0,31,1002.6,1.3,2.1,149,9.4,125.0,426.6,46.0
US_CISO_SanFrancisco,2026-09-12T15:00Z,15.8,83,13.0,14.5,0.0,32,1011.8,15.1,24.4,236,34.2,80.0,348.8,33.0
US_ERCO_Dallas,2026-09-12T15:00Z,28.7,74,23.6,33.3,0.0,0,997.6,8.3,12.3,183,23.4,416.0,692.9,86.0
US_ERCO_Houston,2026-09-12T15:00Z,30.1,78,25.8,36.0,0.0,27,1011.7,9.0,13.3,210,22.7,429.0,663.5,93.0
US_ISNE_Boston,2026-09-12T15:00Z,21.1,47,9.4,20.9,0.0,0,1020.3,5.7,7.5,117,21.6,667.0,874.2,85.0
US_MISO_Chicago,2026-09-12T15:00Z,23.6,81,20.2,26.7,0.0,0,980.8,5.6,8.9,198,17.3,489.0,751.9,90.0
US_NYIS_NewYork,2026-09-12T15:00Z,24.3,58,15.6,26.0,0.0,74,1016.8,5.2,7.8,142,19.1,645.0,832.3,97.0
US_PJM_Philadelphia,2026-09-12T15:00Z,24.0,67,17.6,25.7,0.0,96,1017.7,7.0,10.3,131,21.6,560.0,580.8,179.0
US_SWPP_OklahomaCity,2026-09-12T15:00Z,26.2,73,20.9,28.2,0.4,73,970.9,15.8,24.0,71,45.0,339.0,527.2,98.0
VN_DaNang,2026-09-12T15:00Z,25.8,93,24.6,30.2,13.2,100,1008.6,13.5,23.5,53,24.1,0.0,0.0,0.0
VN_HaNoi,2026-09-12T15:00Z,26.2,71,20.5,29.2,0.0,99,1011.5,7.2,19.5,35,13.0,0.0,0.0,0.0
VN_HoChiMinh,2026-09-12T15:00Z,25.7,95,24.9,31.6,0.0,92,1009.8,4.6,12.6,217,9.4,0.0,0.0,0.0
AT_Vienna,2026-09-12T16:00Z,20.1,60,12.0,19.9,0.0,29,999.5,5.3,10.5,31,14.4,182.0,385.1,74.0
BE_Brussels,2026-09-12T16:00Z,21.5,54,11.7,19.9,0.0,55,1019.4,14.0,21.4,236,36.4,288.0,478.6,102.0
DE_Berlin,2026-09-12T16:00Z,20.8,49,9.8,19.1,0.0,96,1017.7,11.2,17.4,276,29.2,165.0,259.5,89.0
DE_Hamburg,2026-09-12T16:00Z,18.7,65,12.1,18.3,0.0,100,1019.0,7.3,14.4,233,20.5,104.0,25.0,96.0
DE_Munich,2026-09-12T16:00Z,20.3,48,9.0,18.9,0.0,5,963.6,7.9,12.2,331,22.0,266.0,583.8,72.0
ES_Madrid,2026-09-12T16:00Z,31.6,16,2.9,29.3,0.0,0,945.3,4.3,5.5,153,19.8,516.0,814.2,81.0
FR_Paris,2026-09-12T16:00Z,25.0,39,10.2,23.9,0.0,16,1018.1,7.3,10.3,297,23.0,373.0,704.0,77.0
NL_Amsterdam,2026-09-12T16:00Z,19.4,74,14.6,18.5,0.0,95,1019.3,16.1,27.0,234,38.2,269.0,435.9,106.0
PL_Warsaw,2026-09-12T16:00Z,16.1,58,7.9,14.7,0.0,5,1008.4,5.8,13.1,279,19.1,162.0,494.3,54.0
US_BPAT_Portland,2026-09-12T16:00Z,14.7,77,10.7,14.0,0.0,92,1009.4,6.1,9.3,195,17.6,140.0,100.9,110.0
US_CISO_LosAngeles,2026-09-12T16:00Z,24.2,74,19.4,27.3,0.0,2,1002.6,3.3,4.4,145,15.1,320.0,615.4,80.0
US_CISO_SanFrancisco,2026-09-12T16:00Z,16.6,79,13.0,15.1,0.0,27,1012.2,16.8,23.5,246,40.0,266.0,591.0,74.0
US_ERCO_Dallas,2026-09-12T16:00Z,30.7,67,23.9,35.9,0.0,0,998.0,8.0,11.6,176,23.8,604.0,782.3,99.0
US_ERCO_Houston,2026-09-12T16:00Z,31.2,71,25.4,37.1,0.0,25,1012.1,9.3,13.4,206,24.5,599.0,692.3,130.0
US_ISNE_Boston,2026-09-12T16:00Z,22.3,45,9.7,22.5,0.0,0,1019.8,6.7,8.7,107,24.1,761.0,898.0,90.0
US_MISO_Chicago,2026-09-12T16:00Z,25.5,75,20.6,29.0,0.0,0,980.9,7.6,11.1,192,21.6,636.0,819.3,96.0
US_NYIS_NewYork,2026-09-12T16:00Z,25.6,51,14.7,26.9,0.0,99,1016.8,8.7,12.3,170,25.9,728.0,784.4,139.0
US_PJM_Philadelphia,2026-09-12T16:00Z,25.8,59,17.2,28.0,0.0,20,1017.3,8.2,12.0,145,24.5,686.0,709.2,152.0
US_SWPP_OklahomaCity,2026-09-12T16:00Z,26.8,75,22.0,29.8,1.9,78,970.7,13.1,25.8,182,41.0,348.0,279.4,174.0
VN_DaNang,2026-09-12T16:00Z,25.7,93,24.5,30.2,13.0,100,1007.8,12.8,22.7,57,26.6,0.0,0.0,0.0
VN_HaNoi,2026-09-12T16:00Z,25.9,69,19.8,28.5,0.0,94,1011.7,7.9,20.0,30,15.1,0.0,0.0,0.0
VN_HoChiMinh,2026-09-12T16:00Z,25.6,95,24.8,31.5,0.0,98,1009.7,4.4,12.1,220,9.0,0.0,0.0,0.0
AT_Vienna,2026-09-12T17:00Z,18.4,70,12.9,18.9,0.0,38,999.6,2.8,8.1,85,11.9,57.0,240.5,29.0
BE_Brussels,2026-09-12T17:00Z,20.9,57,12.2,19.7,0.0,36,1019.4,12.6,21.5,242,33.1,169.0,434.3,65.0
DE_Berlin,2026-09-12T17:00Z,19.7,57,10.9,19.0,0.0,98,1017.7,6.8,13.5,274,25.2,57.0,71.2,47.0
DE_Hamburg,2026-09-12T17:00Z,17.9,69,12.2,17.5,0.0,98,1018.6,7.7,16.7,221,15.1,26.0,0.0,26.0
DE_Munich,2026-09-12T17:00Z,19.0,63,11.7,19.1,0.0,10,963.2,2.7,8.3,330,18.7,110.0,401.8,43.0
ES_Madrid,2026-09-12T17:00Z,31.1,16,2.8,28.6,0.0,0,945.2,5.5,7.1,135,18.4,327.0,707.2,67.0
FR_Paris,2026-09-12T17:00Z,24.4,41,10.4,23.5,0.0,13,1017.9,6.8,9.4,293,21.2,214.0,586.3,57.0
NL_Amsterdam,2026-09-12T17:00Z,18.7,78,14.8,17.4,0.1,90,1019.2,19.5,35.1,241,42.1,83.0,87.3,63.0
PL_Warsaw,2026-09-12T17:00Z,14.2,68,8.3,12.8,0.0,3,1008.3,6.0,15.6,285,11.9,35.0,208.6,17.0
US_BPAT_Portland,2026-09-12T17:00Z,16.2,68,10.3,15.1,0.0,90,1009.0,8.4,12.2,206,23.4,285.0,240.5,175.0
US_CISO_LosAngeles,2026-09-12T17:00Z,26.2,65,19.2,29.0,0.0,2,1002.5,3.9,5.4,159,18.4,519.0,728.7,103.0
US_CISO_SanFrancisco,2026-09-12T17:00Z,17.3,75,12.9,15.6,0.0,13,1012.4,17.6,23.8,247,42.8,460.0,716.8,98.0
US_ERCO_Dallas,2026-09-12T17:00Z,32.7,61,24.1,38.9,0.0,0,997.8,7.6,11.0,175,24.1,749.0,828.9,108.0
US_ERCO_Houston,2026-09-12T17:00Z,32.1,65,24.8,38.6,0.0,27,1011.9,8.0,11.4,193,24.5,728.0,709.7,157.0
US_ISNE_Boston,2026-09-12T17:00Z,23.1,45,10.6,23.5,0.0,1,1019.3,8.5,10.8,101,27.4,799.0,906.6,91.0
US_MISO_Chicago,2026-09-12T17:00Z,26.9,65,19.8,30.4,0.0,16,980.8,9.0,13.3,210,24.8,737.0,854.1,100.0
US_NYIS_NewYork,2026-09-12T17:00Z,25.8,51,14.8,26.5,0.0,98,1016.4,11.4,16.4,172,31.7,696.0,557.0,253.0
US_PJM_Philadelphia,2026-09-12T17:00Z,27.4,50,16.2,28.7,0.0,70,1016.6,11.4,16.6,162,30.2,713.0,668.6,177.0
US_SWPP_OklahomaCity,2026-09-12T17:00Z,30.3,58,21.1,33.1,0.3,19,970.5,10.6,16.7,182,29.9,510.0,411.5,202.0
VN_DaNang,2026-09-12T17:00Z,25.4,95,24.6,30.6,1.8,100,1007.4,8.3,14.3,31,23.0,0.0,0.0,0.0
VN_HaNoi,2026-09-12T17:00Z,25.5,72,20.0,28.2,0.0,95,1011.6,7.6,18.8,15,14.8,0.0,0.0,0.0
VN_HoChiMinh,2026-09-12T17:00Z,25.4,96,24.7,31.2,0.0,99,1009.4,5.1,12.8,220,10.4,0.0,0.0,0.0
AT_Vienna,2026-09-12T18:00Z,15.0,92,13.6,14.9,0.1,58,1000.5,8.1,9.6,273,11.9,1.0,0.0,1.0
BE_Brussels,2026-09-12T18:00Z,20.2,61,12.4,19.0,0.0,34,1019.4,13.0,24.1,237,27.7,43.0,217.8,22.0
DE_Berlin,2026-09-12T18:00Z,18.6,65,11.9,18.4,0.0,100,1017.7,5.3,14.3,265,13.7,4.0,0.0,4.0
DE_Hamburg,2026-09-12T18:00Z,17.1,72,12.1,16.4,0.0,97,1018.5,9.2,20.8,222,17.6,11.0,15.6,10.0
DE_Munich,2026-09-12T18:00Z,17.9,62,10.5,17.5,0.0,7,962.9,3.8,9.8,311,4.3,9.0,52.2,6.0
ES_Madrid,2026-09-12T18:00Z,30.2,17,2.7,27.4,0.0,0,945.1,7.6,11.0,132,18.7,132.0,497.2,43.0
FR_Paris,2026-09-12T18:00Z,23.4,41,9.5,22.2,0.0,4,1018.2,7.1,14.3,319,17.3,62.0,326.9,26.0
NL_Amsterdam,2026-09-12T18:00Z,18.0,83,15.1,17.2,0.0,100,1019.3,17.3,32.6,241,42.5,25.0,65.3,19.0
PL_Warsaw,2026-09-12T18:00Z,13.4,72,8.4,12.0,0.0,2,1008.8,6.3,16.9,299,12.6,0.0,0.0,0.0
US_BPAT_Portland,2026-09-12T18:00Z,17.3,63,10.1,16.0,0.0,90,1009.1,8.5,11.8,205,23.8,375.0,273.1,214.0
US_CISO_LosAngeles,2026-09-12T18:00Z,28.0,58,19.1,31.5,0.0,2,1003.1,5.2,6.8,153,21.2,687.0,805.0,111.0
US_CISO_SanFrancisco,2026-09-12T18:00Z,18.2,71,12.7,16.7,0.0,0,1013.2,18.3,24.2,244,48.6,633.0,809.3,104.0
US_ERCO_Dallas,2026-09-12T18:00Z,35.1,50,23.1,41.3,0.0,7,997.8,6.9,9.6,175,23.8,838.0,853.2,112.0
US_ERCO_Houston,2026-09-12T18:00Z,33.6,57,24.0,40.0,0.0,23,1012.0,7.5,10.3,192,23.8,779.0,701.7,162.0
US_ISNE_Boston,2026-09-12T18:00Z,23.2,51,12.6,23.6,0.0,69,1019.1,12.2,16.2,86,31.3,779.0,902.4,89.0
US_MISO_Chicago,2026-09-12T18:00Z,28.7,53,18.2,31.4,0.0,55,981.1,10.2,15.0,233,29.5,774.0,846.0,110.0
US_NYIS_NewYork,2026-09-12T18:00Z,25.3,56,15.9,25.6,0.0,95,1016.4,13.1,18.7,162,33.8,594.0,471.7,222.0
US_PJM_Philadelphia,2026-09-12T18:00Z,27.4,51,16.4,28.8,0.0,98,1016.4,11.2,16.0,165,31.0,708.0,681.1,164.0
US_SWPP_OklahomaCity,2026-09-12T18:00Z,35.0,43,20.5,39.2,0.1,3,970.6,9.9,15.0,186,29.2,808.0,830.5,122.0
VN_DaNang,2026-09-12T18:00Z,25.3,98,24.9,31.6,0.7,100,1006.5,1.8,4.9,303,14.0,0.0,0.0,0.0
VN_HaNoi,2026-09-12T18:00Z,25.6,74,20.5,28.3,0.0,100,1011.4,9.3,20.0,3,15.5,0.0,0.0,0.0
VN_HoChiMinh,2026-09-12T18:00Z,26.0,95,25.1,31.6,0.0,98,1008.9,8.0,16.3,229,10.8,0.0,0.0,0.0
AT_Vienna,2026-09-12T19:00Z,14.8,95,14.0,15.4,0.2,8,999.5,4.6,9.3,205,15.5,0.0,0.0,0.0
BE_Brussels,2026-09-12T19:00Z,19.5,65,12.7,18.4,0.0,48,1019.2,13.3,24.9,243,28.1,0.0,0.0,0.0
DE_Berlin,2026-09-12T19:00Z,18.1,69,12.4,17.8,0.0,100,1017.6,7.2,16.3,252,13.7,0.0,0.0,0.0
DE_Hamburg,2026-09-12T19:00Z,17.0,74,12.3,16.2,0.1,100,1018.5,10.1,22.2,227,22.0,0.0,0.0,0.0
DE_Munich,2026-09-12T19:00Z,17.2,63,10.0,16.6,0.0,41,962.9,4.0,10.6,320,6.8,0.0,0.0,0.0
ES_Madrid,2026-09-12T19:00Z,28.8,19,2.7,26.5,0.0,0,945.0,4.4,11.4,129,17.3,8.0,49.9,5.0
FR_Paris,2026-09-12T19:00Z,22.3,43,9.2,21.2,0.0,1,1018.4,6.1,15.5,328,15.5,0.0,0.0,0.0
NL_Amsterdam,2026-09-12T19:00Z,17.5,87,15.4,16.6,0.3,100,1018.9,18.5,34.5,241,37.8,0.0,0.0,0.0
PL_Warsaw,2026-09-12T19:00Z,12.6,75,8.4,11.4,0.0,2,1008.8,5.1,14.2,282,11.9,0.0,0.0,0.0
US_BPAT_Portland,2026-09-12T19:00Z,17.5,60,9.7,16.1,0.0,100,1008.7,8.5,11.9,212,24.1,275.0,51.1,240.0
US_CISO_LosAngeles,2026-09-12T19:00Z,29.8,53,19.3,33.9,0.0,3,1002.9,6.6,8.9,173,24.1,806.0,856.3,109.0
US_CISO_SanFrancisco,2026-09-12T19:00Z,18.6,69,12.7,17.4,0.0,0,1013.3,20.4,27.3,250,50.0,758.0,858.5,105.0
US_ERCO_Dallas,2026-09-12T19:00Z,36.8,40,21.1,42.0,0.0,14,996.4,6.8,9.3,170,22.0,835.0,812.1,126.0
US_ERCO_Houston,2026-09-12T19:00Z,34.2,54,23.6,40.5,0.0,28,1010.9,7.5,10.5,176,21.2,822.0,743.1,156.0
US_ISNE_Boston,2026-09-12T19:00Z,23.2,51,12.5,23.0,0.0,100,1018.7,12.3,16.6,90,35.6,689.0,823.7,113.0
US_MISO_Chicago,2026-09-12T19:00Z,29.0,51,17.7,31.2,0.0,87,980.8,11.4,16.8,244,28.8,750.0,801.5,130.0
US_NYIS_NewYork,2026-09-12T19:00Z,25.3,55,15.6,25.9,0.0,19,1016.1,12.8,19.0,160,36.4,657.0,703.0,143.0
US_PJM_Philadelphia,2026-09-12T19:00Z,27.5,51,16.4,28.2,0.0,100,1015.9,10.0,14.5,169,28.4,421.0,143.7,314.0
US_SWPP_OklahomaCity,2026-09-12T19:00Z,36.9,35,18.7,40.5,0.0,16,970.2,9.4,13.7,178,27.4,853.0,876.5,108.0
VN_DaNang,2026-09-12T19:00Z,25.2,98,24.8,30.7,0.3,100,1005.6,7.1,10.3,292,12.6,0.0,0.0,0.0
VN_HaNoi,2026-09-12T19:00Z,25.5,73,20.4,28.2,0.0,100,1010.8,9.1,20.8,355,16.9,0.0,0.0,0.0
VN_HoChiMinh,2026-09-12T19:00Z,25.6,96,24.8,31.2,0.0,97,1008.0,6.5,15.1,237,15.5,0.0,0.0,0.0
AT_Vienna,2026-09-12T20:00Z,14.3,96,13.6,14.9,0.0,36,999.7,3.3,8.9,227,9.7,0.0,0.0,0.0
BE_Brussels,2026-09-12T20:00Z,18.8,69,13.1,17.6,0.0,48,1019.6,14.5,26.4,249,31.0,0.0,0.0,0.0
DE_Berlin,2026-09-12T20:00Z,17.6,71,12.4,17.3,0.0,100,1017.5,7.3,17.4,254,14.8,0.0,0.0,0.0
DE_Hamburg,2026-09-12T20:00Z,16.7,77,12.6,16.0,0.0,98,1018.2,9.7,21.3,223,19.8,0.0,0.0,0.0
DE_Munich,2026-09-12T20:00Z,16.0,68,10.1,15.3,0.0,84,963.0,4.7,11.1,309,8.6,0.0,0.0,0.0
ES_Madrid,2026-09-12T20:00Z,28.1,20,3.3,26.3,0.0,0,945.4,1.6,7.7,143,9.7,0.0,0.0,0.0
FR_Paris,2026-09-12T20:00Z,21.2,47,9.6,20.3,0.0,1,1018.8,5.4,14.1,322,13.0,0.0,0.0,0.0
NL_Amsterdam,2026-09-12T20:00Z,17.1,93,16.0,16.7,1.8,99,1018.9,17.1,31.7,239,38.2,0.0,0.0,0.0
PL_Warsaw,2026-09-12T20:00Z,12.0,79,8.4,10.7,0.0,1,1008.8,5.4,13.8,276,10.8,0.0,0.0,0.0
US_BPAT_Portland,2026-09-12T20:00Z,17.6,58,9.3,16.2,0.0,100,1008.3,8.0,11.2,228,23.8,227.0,0.0,227.0
US_CISO_LosAngeles,2026-09-12T20:00Z,31.1,50,19.4,35.4,0.0,2,1002.3,7.6,10.3,182,26.3,857.0,864.4,114.0
US_CISO_SanFrancisco,2026-09-12T20:00Z,18.8,68,12.8,17.9,0.0,0,1013.0,21.1,28.0,255,51.8,827.0,878.4,108.0
US_ERCO_Dallas,2026-09-12T20:00Z,37.6,36,19.9,41.6,0.0,31,995.8,7.4,10.4,157,23.4,765.0,750.4,136.0
US_ERCO_Houston,2026-09-12T20:00Z,34.5,53,23.7,40.8,0.0,19,1010.2,7.2,10.3,176,22.3,802.0,759.5,153.0
US_ISNE_Boston,2026-09-12T20:00Z,23.2,51,12.4,22.5,0.0,100,1018.2,10.1,13.9,95,34.6,513.0,551.4,188.0
US_MISO_Chicago,2026-09-12T20:00Z,29.1,50,17.6,30.8,0.0,63,980.4,10.7,15.6,246,28.4,653.0,686.3,164.0
US_NYIS_NewYork,2026-09-12T20:00Z,25.0,55,15.4,24.9,0.0,77,1015.7,12.8,19.1,161,34.9,495.0,510.5,175.0
US_PJM_Philadelphia,2026-09-12T20:00Z,27.2,52,16.4,27.4,0.0,100,1015.4,13.3,19.1,156,34.2,371.0,191.5,248.0
US_SWPP_OklahomaCity,2026-09-12T20:00Z,37.0,28,15.4,39.5,0.1,91,969.6,4.1,6.3,160,25.9,753.0,742.7,145.0
VN_DaNang,2026-09-12T20:00Z,25.0,99,24.8,31.0,0.2,100,1005.4,4.2,5.7,257,13.0,0.0,0.0,0.0
VN_HaNoi,2026-09-12T20:00Z,25.8,68,19.4,27.6,0.0,100,1010.3,12.0,25.3,354,22.3,0.0,0.0,0.0
VN_HoChiMinh,2026-09-12T20:00Z,25.4,96,24.7,31.2,0.0,91,1007.7,4.8,12.7,240,12.2,0.0,0.0,0.0
AT_Vienna,2026-09-12T21:00Z,14.1,96,13.5,14.8,0.0,10,999.8,3.0,6.7,270,6.5,0.0,0.0,0.0
BE_Brussels,2026-09-12T21:00Z,17.8,74,13.1,16.7,0.0,80,1019.9,14.6,26.8,253,32.4,0.0,0.0,0.0
DE_Berlin,2026-09-12T21:00Z,17.1,73,12.3,16.7,0.0,100,1017.6,7.8,17.7,257,15.5,0.0,0.0,0.0
DE_Hamburg,2026-09-12T21:00Z,16.2,81,13.0,15.6,0.3,100,1017.6,10.5,21.8,216,20.2,0.0,0.0,0.0
DE_Munich,2026-09-12T21:00Z,15.5,71,10.2,14.7,0.0,82,963.0,5.6,10.4,285,11.5,0.0,0.0,0.0
ES_Madrid,2026-09-12T21:00Z,27.4,24,5.1,26.2,0.0,0,945.8,0.3,4.3,147,4.7,0.0,0.0,0.0
FR_Paris,2026-09-12T21:00Z,20.0,56,11.0,19.2,0.0,3,1018.9,6.9,15.3,333,14.8,0.0,0.0,0.0
NL_Amsterdam,2026-09-12T21:00Z,17.2,95,16.4,16.6,3.3,100,1019.1,19.4,36.6,242,37.1,0.0,0.0,0.0
PL_Warsaw,2026-09-12T21:00Z,11.4,81,8.2,10.2,0.0,2,1008.5,4.9,12.6,268,10.1,0.0,0.0,0.0
US_BPAT_Portland,2026-09-12T21:00Z,18.7,52,8.7,17.1,0.0,100,1008.1,8.8,12.5,226,24.8,337.0,75.5,281.0
US_CISO_LosAngeles,2026-09-12T21:00Z,31.5,49,19.6,35.5,0.0,1,1001.8,9.4,12.9,196,29.5,846.0,865.5,111.0
US_CISO_SanFrancisco,2026-09-12T21:00Z,18.8,67,12.7,17.5,0.0,0,1012.9,23.4,31.5,259,56.2,831.0,877.9,108.0
US_ERCO_Dallas,2026-09-12T21:00Z,38.0,33,18.7,40.2,0.0,39,995.3,10.9,15.4,157,29.2,659.0,691.8,141.0
US_ERCO_Houston,2026-09-12T21:00Z,32.8,58,23.6,37.8,0.3,52,1009.8,11.5,15.8,157,27.0,702.0,769.0,120.0
US_ISNE_Boston,2026-09-12T21:00Z,23.4,51,12.7,23.3,0.0,98,1017.8,7.1,9.7,118,29.2,323.0,311.8,185.0
US_MISO_Chicago,2026-09-12T21:00Z,28.9,50,17.6,30.1,0.0,100,980.0,10.0,14.4,252,26.3,535.0,651.7,140.0
US_NYIS_NewYork,2026-09-12T21:00Z,24.1,56,14.6,23.5,0.0,97,1015.1,13.9,21.3,150,34.9,290.0,312.7,139.0
US_PJM_Philadelphia,2026-09-12T21:00Z,26.4,54,16.4,26.6,0.0,100,1015.0,13.2,19.2,153,36.0,247.0,102.1,196.0
US_SWPP_OklahomaCity,2026-09-12T21:00Z,36.4,29,15.3,36.6,0.4,61,969.0,10.7,16.3,169,28.1,516.0,381.4,236.0
VN_DaNang,2026-09-12T21:00Z,25.0,98,24.7,30.6,0.1,100,1005.4,5.9,7.6,198,10.8,0.0,0.0,0.0
VN_HaNoi,2026-09-12T21:00Z,26.0,63,18.5,27.1,0.0,95,1010.1,13.9,27.4,352,27.0,0.0,0.0,0.0
VN_HoChiMinh,2026-09-12T21:00Z,25.2,97,24.7,31.2,0.0,86,1007.5,3.3,10.2,239,9.0,0.0,0.0,0.0
AT_Vienna,2026-09-12T22:00Z,13.5,96,12.9,14.0,0.0,6,999.7,2.9,6.4,302,6.5,0.0,0.0,0.0
BE_Brussels,2026-09-12T22:00Z,17.4,77,13.4,16.5,0.0,16,1019.7,13.6,24.9,246,31.3,0.0,0.0,0.0
DE_Berlin,2026-09-12T22:00Z,16.9,75,12.4,16.8,0.0,100,1017.3,5.2,13.6,259,15.5,0.0,0.0,0.0
DE_Hamburg,2026-09-12T22:00Z,15.9,85,13.4,15.2,0.1,100,1017.5,11.7,23.4,217,22.7,0.0,0.0,0.0
DE_Munich,2026-09-12T22:00Z,13.8,80,10.4,13.1,0.0,30,962.5,5.9,8.0,243,11.5,0.0,0.0,0.0
ES_Madrid,2026-09-12T22:00Z,26.5,22,3.3,24.7,0.0,0,946.1,1.7,3.2,16,5.0,0.0,0.0,0.0
FR_Paris,2026-09-12T22:00Z,18.7,65,12.0,18.6,0.0,30,1019.0,4.5,12.2,334,15.1,0.0,0.0,0.0
NL_Amsterdam,2026-09-12T22:00Z,17.6,94,16.6,17.5,1.6,88,1018.7,16.5,32.6,252,36.7,0.0,0.0,0.0
PL_Warsaw,2026-09-12T22:00Z,10.9,83,8.1,9.7,0.0,2,1008.2,4.9,14.1,256,9.7,0.0,0.0,0.0
US_BPAT_Portland,2026-09-12T22:00Z,18.4,50,7.9,16.7,0.0,100,1008.1,7.7,11.1,220,25.2,139.0,22.9,123.0
US_CISO_LosAngeles,2026-09-12T22:00Z,31.3,49,19.4,34.7,0.0,0,1001.4,9.7,13.1,209,29.9,770.0,846.2,107.0
US_CISO_SanFrancisco,2026-09-12T22:00Z,18.8,67,12.5,16.9,0.0,0,1013.0,24.9,34.1,263,59.0,774.0,863.0,105.0
US_ERCO_Dallas,2026-09-12T22:00Z,37.7,32,17.9,38.7,0.0,24,995.2,12.1,17.3,159,31.0,502.0,614.0,127.0
US_ERCO_Houston,2026-09-12T22:00Z,31.6,64,23.9,36.3,0.8,59,1010.3,8.6,13.0,170,33.5,433.0,469.0,147.0
US_ISNE_Boston,2026-09-12T22:00Z,23.3,46,11.0,22.6,0.0,100,1017.3,7.2,10.8,169,20.9,145.0,93.1,120.0
US_MISO_Chicago,2026-09-12T22:00Z,28.2,56,18.5,30.0,0.0,68,980.1,9.4,15.9,265,23.8,293.0,244.9,180.0
US_NYIS_NewYork,2026-09-12T22:00Z,23.4,56,14.1,22.7,0.0,77,1014.6,13.9,22.0,152,34.9,200.0,304.2,106.0
US_PJM_Philadelphia,2026-09-12T22:00Z,25.4,58,16.7,25.7,0.0,99,1014.6,13.8,22.0,149,35.6,151.0,92.2,121.0
US_SWPP_OklahomaCity,2026-09-12T22:00Z,35.8,30,15.4,36.2,0.0,79,969.3,9.2,13.7,170,26.3,436.0,401.7,194.0
VN_DaNang,2026-09-12T22:00Z,24.8,97,24.3,30.5,0.3,100,1005.2,3.8,6.4,188,13.7,0.0,0.0,0.0
VN_HaNoi,2026-09-12T22:00Z,25.6,65,18.6,26.9,0.0,100,1010.1,12.3,25.8,348,26.6,0.0,0.0,0.0
VN_HoChiMinh,2026-09-12T22:00Z,25.0,97,24.6,31.3,0.0,71,1007.6,1.3,7.3,234,6.1,0.0,0.0,0.0
AT_Vienna,2026-09-12T23:00Z,13.3,94,12.4,13.4,0.0,16,999.6,4.6,8.2,306,9.4,0.0,0.0,0.0
BE_Brussels,2026-09-12T23:00Z,16.9,81,13.6,16.1,0.0,27,1019.9,13.3,24.7,250,29.9,0.0,0.0,0.0
DE_Berlin,2026-09-12T23:00Z,16.7,76,12.4,16.8,0.0,100,1017.0,4.0,11.3,250,10.4,0.0,0.0,0.0
DE_Hamburg,2026-09-12T23:00Z,15.6,90,14.0,14.9,0.8,100,1017.1,13.7,25.7,230,26.3,0.0,0.0,0.0
DE_Munich,2026-09-12T23:00Z,13.6,81,10.4,12.4,0.0,37,962.7,8.6,13.2,217,16.2,0.0,0.0,0.0
ES_Madrid,2026-09-12T23:00Z,25.1,24,2.9,22.6,0.0,0,946.9,5.7,12.8,99,14.0,0.0,0.0,0.0
FR_Paris,2026-09-12T23:00Z,17.9,70,12.3,17.8,0.0,2,1019.3,5.1,13.4,323,11.9,0.0,0.0,0.0
NL_Amsterdam,2026-09-12T23:00Z,17.9,95,17.1,18.1,1.4,98,1018.6,16.0,32.0,248,30.6,0.0,0.0,0.0
PL_Warsaw,2026-09-12T23:00Z,10.6,84,8.0,9.3,0.0,5,1008.2,5.2,15.3,257,10.1,0.0,0.0,0.0
US_BPAT_Portland,2026-09-12T23:00Z,18.2,48,7.1,16.4,0.0,65,1008.0,7.4,10.9,187,20.9,66.0,0.0,66.0
US_CISO_LosAngeles,2026-09-12T23:00Z,30.4,52,19.4,33.0,0.0,0,1000.9,9.5,12.8,219,29.5,638.0,811.2,97.0
US_CISO_SanFrancisco,2026-09-12T23:00Z,18.7,67,12.6,16.6,0.0,0,1013.0,23.5,33.0,266,59.4,657.0,824.4,99.0
US_ERCO_Dallas,2026-09-12T23:00Z,36.2,36,18.8,37.3,0.0,61,995.6,14.8,21.7,170,35.6,325.0,530.5,95.0
US_ERCO_Houston,2026-09-12T23:00Z,31.6,63,23.8,36.1,0.0,45,1010.3,10.3,16.8,167,23.0,290.0,384.8,127.0
US_ISNE_Boston,2026-09-12T23:00Z,22.1,47,10.4,20.4,0.0,5,1017.1,12.9,19.6,195,28.8,37.0,56.0,31.0
US_MISO_Chicago,2026-09-12T23:00Z,27.6,59,19.0,29.9,0.0,4,980.0,6.9,15.2,240,19.1,180.0,308.7,91.0
US_NYIS_NewYork,2026-09-12T23:00Z,22.6,59,14.1,22.2,0.0,91,1014.7,11.8,21.7,155,32.8,59.0,148.9,40.0
US_PJM_Philadelphia,2026-09-12T23:00Z,24.0,64,16.8,24.9,0.0,98,1014.9,9.9,18.5,138,31.7,49.0,36.8,44.0
US_SWPP_OklahomaCity,2026-09-12T23:00Z,34.1,38,17.7,34.4,0.0,35,969.2,16.2,25.7,147,36.0,245.0,293.8,118.0
VN_DaNang,2026-09-12T23:00Z,25.0,96,24.3,30.7,1.3,100,1005.4,3.4,5.2,214,7.2,1.0,0.0,1.0
VN_HaNoi,2026-09-12T23:00Z,25.7,63,18.1,26.9,0.0,93,1010.5,11.8,24.8,353,23.8,1.0,0.0,1.0
VN_HoChiMinh,2026-09-12T23:00Z,25.1,97,24.6,31.2,0.0,73,1008.1,2.1,7.1,218,3.6,3.0,0.0,3.0
AT_Vienna,2026-09-13T00:00Z,14.3,84,11.6,14.3,0.0,43,999.6,2.7,4.9,176,12.6,0.0,0.0,0.0
BE_Brussels,2026-09-13T00:00Z,16.7,82,13.6,16.1,0.0,95,1019.5,11.6,22.5,236,30.2,0.0,0.0,0.0
DE_Berlin,2026-09-13T00:00Z,16.2,81,12.9,15.8,0.0,100,1016.9,8.9,16.9,223,12.6,0.0,0.0,0.0
DE_Hamburg,2026-09-13T00:00Z,15.8,90,14.1,15.1,0.1,100,1016.9,13.7,25.5,234,28.1,0.0,0.0,0.0
DE_Munich,2026-09-13T00:00Z,13.8,82,10.8,12.5,0.0,75,962.8,10.2,19.9,229,18.0,0.0,0.0,0.0
ES_Madrid,2026-09-13T00:00Z,23.1,32,5.4,21.3,0.0,0,947.1,4.2,10.8,101,12.6,0.0,0.0,0.0
FR_Paris,2026-09-13T00:00Z,17.1,74,12.5,17.1,0.0,17,1018.9,5.3,12.5,297,10.4,0.0,0.0,0.0
NL_Amsterdam,2026-09-13T00:00Z,17.7,97,17.2,18.2,0.8,99,1018.5,14.3,29.9,246,34.2,0.0,0.0,0.0
PL_Warsaw,2026-09-13T00:00Z,9.9,86,7.7,8.5,0.0,99,1008.3,5.1,15.7,257,10.4,0.0,0.0,0.0
US_BPAT_Portland,2026-09-13T00:00Z,18.7,50,8.0,16.7,0.0,65,1008.0,9.9,14.6,184,28.1,256.0,176.2,170.0
US_CISO_LosAngeles,2026-09-13T00:00Z,28.5,59,19.7,30.7,0.0,0,1000.9,10.2,13.8,222,28.4,461.0,742.9,84.0
US_CISO_SanFrancisco,2026-09-13T00:00Z,18.7,67,12.5,16.4,0.0,2,1012.3,20.8,28.7,260,55.1,496.0,758.6,90.0
US_ERCO_Dallas,2026-09-13T00:00Z,35.6,37,18.9,37.3,0.0,10,995.5,11.0,21.0,137,35.6,145.0,383.7,57.0
US_ERCO_Houston,2026-09-13T00:00Z,29.4,81,25.8,35.0,0.0,52,1010.2,11.1,25.1,175,22.3,133.0,318.0,66.0
US_ISNE_Boston,2026-09-13T00:00Z,20.4,57,11.7,19.1,0.0,2,1018.0,13.0,22.3,193,31.7,0.0,0.0,0.0
US_MISO_Chicago,2026-09-13T00:00Z,25.9,71,20.3,29.3,0.0,41,980.5,4.4,12.3,267,14.0,58.0,289.9,24.0
US_NYIS_NewYork,2026-09-13T00:00Z,22.1,64,14.9,22.3,0.0,96,1015.4,9.5,19.4,157,26.3,0.0,0.0,0.0
US_PJM_Philadelphia,2026-09-13T00:00Z,23.1,69,17.2,24.1,0.0,100,1015.9,10.2,19.4,143,21.2,1.0,0.0,1.0
US_SWPP_OklahomaCity,2026-09-13T00:00Z,30.4,60,21.9,33.2,0.0,56,968.8,14.3,32.5,167,38.5,167.0,442.1,63.0
VN_DaNang,2026-09-13T00:00Z,25.4,94,24.3,30.6,0.9,100,1005.8,7.5,11.8,187,14.8,52.0,18.8,48.0
VN_HaNoi,2026-09-13T00:00Z,25.9,66,19.0,27.4,0.0,100,1011.3,12.6,24.0,349,23.8,72.0,91.9,56.0
VN_HoChiMinh,2026-09-13T00:00Z,26.1,90,24.4,31.9,0.0,76,1008.5,3.4,10.0,229,9.4,111.0,307.1,54.0
AT_Vienna,2026-09-13T01:00Z,13.5,89,11.8,13.3,0.0,26,999.4,5.0,7.0,282,9.7,0.0,0.0,0.0
BE_Brussels,2026-09-13T01:00Z,16.5,84,13.8,16.0,0.0,89,1019.2,11.6,22.2,241,25.2,0.0,0.0,0.0
DE_Berlin,2026-09-13T01:00Z,15.9,83,12.9,15.3,0.4,100,1016.5,10.3,20.5,222,21.6,0.0,0.0,0.0
DE_Hamburg,2026-09-13T01:00Z,15.9,91,14.4,15.5,0.0,100,1016.3,12.8,24.2,242,27.4,0.0,0.0,0.0
DE_Munich,2026-09-13T01:00Z,13.6,82,10.7,12.2,0.0,68,962.5,10.9,21.9,225,21.2,0.0,0.0,0.0
ES_Madrid,2026-09-13T01:00Z,22.1,42,8.6,21.0,0.0,0,947.2,4.8,10.9,99,11.2,0.0,0.0,0.0
FR_Paris,2026-09-13T01:00Z,16.7,78,12.8,16.8,0.0,53,1018.7,5.0,13.3,280,11.2,0.0,0.0,0.0
NL_Amsterdam,2026-09-13T01:00Z,17.7,97,17.1,17.9,0.2,100,1018.4,15.5,30.7,246,30.6,0.0,0.0,0.0
PL_Warsaw,2026-09-13T01:00Z,11.0,83,8.1,9.6,0.0,98,1008.1,5.7,15.7,246,11.5,0.0,0.0,0.0
US_BPAT_Portland,2026-09-13T01:00Z,15.7,68,9.8,13.3,0.4,99,1008.4,15.9,24.3,234,36.0,118.0,72.1,94.0
US_CISO_LosAngeles,2026-09-13T01:00Z,26.7,65,19.6,29.0,0.0,0,1000.7,9.1,12.8,219,28.4,254.0,591.7,67.0
US_CISO_SanFrancisco,2026-09-13T01:00Z,17.7,72,12.6,15.2,0.0,0,1012.4,22.5,31.4,262,52.6,303.0,636.4,74.0
US_ERCO_Dallas,2026-09-13T01:00Z,35.5,36,18.3,36.3,0.0,13,996.1,15.3,26.1,141,32.4,16.0,84.6,9.0
US_ERCO_Houston,2026-09-13T01:00Z,29.6,77,25.1,34.9,0.0,41,1010.2,10.1,20.2,177,24.1,10.0,41.6,7.0
US_ISNE_Boston,2026-09-13T01:00Z,19.4,64,12.3,18.4,0.0,56,1018.5,11.8,22.3,190,26.6,0.0,0.0,0.0
US_MISO_Chicago,2026-09-13T01:00Z,25.4,72,20.0,28.4,0.0,43,980.7,5.6,15.5,282,10.1,0.0,0.0,0.0
US_NYIS_NewYork,2026-09-13T01:00Z,22.0,65,15.1,22.5,0.0,98,1015.5,7.7,17.8,157,20.2,0.0,0.0,0.0
US_PJM_Philadelphia,2026-09-13T01:00Z,22.2,77,18.0,23.7,0.2,95,1016.0,9.6,18.6,137,22.0,0.0,0.0,0.0
US_SWPP_OklahomaCity,2026-09-13T01:00Z,31.3,55,21.3,34.2,0.0,84,969.4,10.8,23.1,129,25.2,21.0,92.1,13.0
VN_DaNang,2026-09-13T01:00Z,26.4,88,24.3,31.5,0.4,99,1006.6,7.7,10.8,180,19.1,224.0,147.2,158.0
VN_HaNoi,2026-09-13T01:00Z,26.7,64,19.4,28.1,0.0,97,1011.4,14.6,26.7,350,28.4,112.0,36.9,97.0
VN_HoChiMinh,2026-09-13T01:00Z,27.7,82,24.4,33.4,0.0,80,1009.4,4.2,6.2,224,13.7,327.0,515.6,106.0
AT_Vienna,2026-09-13T02:00Z,13.2,89,11.4,12.6,0.0,12,999.2,6.8,11.8,297,13.3,0.0,0.0,0.0
BE_Brussels,2026-09-13T02:00Z,16.0,88,14.1,15.6,0.1,80,1018.6,12.1,23.0,233,25.6,0.0,0.0,0.0
DE_Berlin,2026-09-13T02:00Z,15.4,86,13.0,14.9,0.1,96,1015.9,9.8,19.4,228,18.7,0.0,0.0,0.0
DE_Hamburg,2026-09-13T02:00Z,16.0,92,14.7,15.7,0.0,99,1015.9,12.5,23.8,239,25.9,0.0,0.0,0.0
DE_Munich,2026-09-13T02:00Z,13.7,79,10.1,12.2,0.0,59,962.3,10.7,22.5,226,21.6,0.0,0.0,0.0
ES_Madrid,2026-09-13T02:00Z,21.1,47,9.3,20.0,0.0,0,946.9,6.4,12.2,68,13.3,0.0,0.0,0.0
FR_Paris,2026-09-13T02:00Z,16.3,81,13.0,16.6,0.0,34,1018.4,4.3,13.0,271,10.4,0.0,0.0,0.0
NL_Amsterdam,2026-09-13T02:00Z,17.8,96,17.1,18.2,0.1,55,1017.9,14.3,28.4,254,29.5,0.0,0.0,0.0
PL_Warsaw,2026-09-13T02:00Z,11.6,81,8.4,10.4,0.0,96,1007.9,5.7,14.7,231,11.5,0.0,0.0,0.0
US_BPAT_Portland,2026-09-13T02:00Z,14.6,76,10.4,13.7,0.2,100,1008.8,7.0,11.6,228,36.0,37.0,69.5,26.0
US_CISO_LosAngeles,2026-09-13T02:00Z,25.1,71,19.5,27.7,0.0,0,1000.7,7.1,10.2,219,24.5,66.0,311.8,26.0
US_CISO_SanFrancisco,2026-09-13T02:00Z,17.3,71,12.0,14.9,0.0,0,1012.7,20.4,29.9,273,51.8,112.0,430.1,42.0
US_ERCO_Dallas,2026-09-13T02:00Z,34.4,40,18.7,35.8,0.0,3,996.5,12.3,22.1,152,33.8,0.0,0.0,0.0
US_ERCO_Houston,2026-09-13T02:00Z,29.1,78,24.8,34.3,0.0,40,1011.0,9.1,18.7,178,21.2,0.0,0.0,0.0
US_ISNE_Boston,2026-09-13T02:00Z,18.5,68,12.4,17.7,0.0,88,1018.4,10.4,20.6,192,24.5,0.0,0.0,0.0
US_MISO_Chicago,2026-09-13T02:00Z,24.9,75,20.3,27.3,0.0,18,981.9,10.7,22.3,315,20.5,0.0,0.0,0.0
US_NYIS_NewYork,2026-09-13T02:00Z,21.8,68,15.7,22.9,0.0,100,1015.2,5.7,15.5,157,16.9,0.0,0.0,0.0
US_PJM_Philadelphia,2026-09-13T02:00Z,21.7,83,18.7,23.8,0.4,96,1015.5,7.7,15.7,121,19.8,0.0,0.0,0.0
US_SWPP_OklahomaCity,2026-09-13T02:00Z,31.2,56,21.5,34.0,0.0,99,970.0,12.6,27.3,140,23.8,0.0,0.0,0.0
VN_DaNang,2026-09-13T02:00Z,27.6,82,24.1,32.1,0.2,95,1007.1,11.3,15.5,168,26.3,340.0,163.4,233.0
VN_HaNoi,2026-09-13T02:00Z,28.8,57,19.5,30.0,0.0,100,1011.5,15.9,24.4,355,31.3,461.0,423.2,202.0
VN_HoChiMinh,2026-09-13T02:00Z,29.0,76,24.3,34.3,0.0,87,1009.9,6.2,8.9,227,23.4,545.0,626.4,142.0
AT_Vienna,2026-09-13T03:00Z,13.1,88,11.1,12.4,0.0,55,999.1,7.0,15.8,291,14.8,0.0,0.0,0.0
BE_Brussels,2026-09-13T03:00Z,15.6,92,14.3,15.1,0.4,90,1018.8,12.8,24.4,236,26.3,0.0,0.0,0.0
DE_Berlin,2026-09-13T03:00Z,15.0,87,12.9,14.5,0.0,98,1015.7,9.9,20.5,246,18.4,0.0,0.0,0.0
DE_Hamburg,2026-09-13T03:00Z,15.8,94,14.9,15.6,0.0,100,1015.7,12.2,23.2,240,25.9,0.0,0.0,0.0
DE_Munich,2026-09-13T03:00Z,13.6,79,9.9,11.9,0.0,96,962.3,11.0,22.7,231,21.2,0.0,0.0,0.0
ES_Madrid,2026-09-13T03:00Z,20.3,47,8.8,19.1,0.0,0,946.8,6.1,14.3,62,14.4,0.0,0.0,0.0
FR_Paris,2026-09-13T03:00Z,16.1,83,13.2,16.4,0.0,73,1018.4,4.5,13.3,272,9.0,0.0,0.0,0.0
NL_Amsterdam,2026-09-13T03:00Z,17.8,97,17.2,18.3,0.1,97,1017.8,13.7,27.2,270,27.0,0.0,0.0,0.0
PL_Warsaw,2026-09-13T03:00Z,11.3,82,8.4,9.9,0.0,98,1007.6,6.4,15.3,219,12.2,0.0,0.0,0.0
US_BPAT_Portland,2026-09-13T03:00Z,14.4,78,10.6,13.4,0.1,100,1009.3,8.1,13.0,174,17.6,3.0,0.0,3.0
US_CISO_LosAngeles,2026-09-13T03:00Z,24.0,76,19.6,26.7,0.0,0,1001.0,6.5,9.2,223,18.4,0.0,0.0,0.0
US_CISO_SanFrancisco,2026-09-13T03:00Z,16.9,72,11.8,14.8,0.0,0,1012.8,18.2,29.8,277,46.4,4.0,19.1,3.0
US_ERCO_Dallas,2026-09-13T03:00Z,33.5,42,18.8,35.0,0.0,2,997.6,12.0,22.1,145,26.3,0.0,0.0,0.0
US_ERCO_Houston,2026-09-13T03:00Z,28.4,80,24.7,33.9,0.0,30,1012.4,7.0,16.2,176,18.7,0.0,0.0,0.0
US_ISNE_Boston,2026-09-13T03:00Z,17.7,71,12.5,17.1,0.0,55,1018.0,9.5,19.5,192,21.2,0.0,0.0,0.0
US_MISO_Chicago,2026-09-13T03:00Z,23.8,81,20.4,26.5,0.0,4,982.6,9.7,19.0,332,24.5,0.0,0.0,0.0
US_NYIS_NewYork,2026-09-13T03:00Z,21.7,72,16.5,23.2,0.0,100,1014.8,4.8,14.7,160,12.2,0.0,0.0,0.0
US_PJM_Philadelphia,2026-09-13T03:00Z,21.3,86,18.8,23.2,0.0,92,1014.9,8.6,17.5,107,16.9,0.0,0.0,0.0
US_SWPP_OklahomaCity,2026-09-13T03:00Z,31.2,50,19.7,32.8,0.0,63,971.0,14.2,26.8,144,32.0,0.0,0.0,0.0
VN_DaNang,2026-09-13T03:00Z,29.1,72,23.5,33.2,0.1,100,1007.0,11.5,16.2,168,29.2,504.0,287.4,269.0
VN_HaNoi,2026-09-13T03:00Z,28.9,55,18.8,29.3,0.0,100,1011.6,19.3,29.7,3,40.3,463.0,226.2,287.0
VN_HoChiMinh,2026-09-13T03:00Z,29.7,72,24.2,35.4,0.2,97,1009.5,9.8,13.9,224,29.5,713.0,690.8,150.0
AT_Vienna,2026-09-13T04:00Z,13.0,89,11.1,12.3,0.0,18,999.1,7.1,16.5,300,14.0,0.0,0.0,0.0
BE_Brussels,2026-09-13T04:00Z,15.5,96,14.8,15.1,3.6,99,1018.5,13.6,25.2,242,28.8,0.0,0.0,0.0
DE_Berlin,2026-09-13T04:00Z,15.1,86,12.8,14.6,0.0,100,1015.1,9.5,20.4,243,18.7,0.0,0.0,0.0
DE_Hamburg,2026-09-13T04:00Z,16.0,94,15.1,15.9,0.0,100,1015.2,12.2,23.3,239,24.5,0.0,0.0,0.0
DE_Munich,2026-09-13T04:00Z,13.8,77,9.8,12.1,0.0,84,962.2,11.1,23.3,237,22.3,0.0,0.0,0.0
ES_Madrid,2026-09-13T04:00Z,19.6,50,8.9,18.3,0.0,0,946.8,6.4,14.9,62,13.7,0.0,0.0,0.0
FR_Paris,2026-09-13T04:00Z,15.9,85,13.3,16.0,0.0,84,1018.4,6.1,15.1,282,12.2,0.0,0.0,0.0
NL_Amsterdam,2026-09-13T04:00Z,17.2,97,16.6,18.2,0.1,90,1017.5,8.5,22.1,279,25.6,0.0,0.0,0.0
PL_Warsaw,2026-09-13T04:00Z,11.6,81,8.4,10.0,0.0,100,1007.3,7.5,16.6,217,14.4,0.0,0.0,0.0
US_BPAT_Portland,2026-09-13T04:00Z,13.5,89,11.6,12.7,1.1,70,1009.9,8.5,14.8,186,22.3,0.0,0.0,0.0
US_CISO_LosAngeles,2026-09-13T04:00Z,23.2,80,19.6,26.1,0.0,0,1001.7,5.1,7.6,218,16.6,0.0,0.0,0.0
US_CISO_SanFrancisco,2026-09-13T04:00Z,16.8,69,11.1,14.4,0.0,3,1013.5,18.7,30.9,286,39.6,0.0,0.0,0.0
US_ERCO_Dallas,2026-09-13T04:00Z,32.6,48,20.1,34.3,0.0,2,997.8,14.5,25.8,158,32.8,0.0,0.0,0.0
US_ERCO_Houston,2026-09-13T04:00Z,27.9,82,24.6,33.2,0.0,21,1012.5,8.0,18.4,178,16.2,0.0,0.0,0.0
US_ISNE_Boston,2026-09-13T04:00Z,17.3,73,12.4,16.8,0.0,44,1017.7,9.1,19.3,191,19.1,0.0,0.0,0.0
US_MISO_Chicago,2026-09-13T04:00Z,22.9,85,20.2,25.5,0.0,23,982.7,9.4,18.8,334,19.4,0.0,0.0,0.0
US_NYIS_NewYork,2026-09-13T04:00Z,21.9,75,17.3,23.6,0.0,100,1014.2,6.1,15.6,144,13.3,0.0,0.0,0.0
US_PJM_Philadelphia,2026-09-13T04:00Z,21.1,87,18.8,23.2,0.0,100,1014.6,8.0,17.7,112,17.3,0.0,0.0,0.0
US_SWPP_OklahomaCity,2026-09-13T04:00Z,30.9,48,18.7,31.5,0.0,36,971.1,17.6,32.2,155,39.2,0.0,0.0,0.0
VN_DaNang,2026-09-13T04:00Z,29.9,68,23.4,34.2,0.0,99,1006.5,9.0,12.6,176,28.1,533.0,159.8,385.0
VN_HaNoi,2026-09-13T04:00Z,29.5,54,19.3,30.4,0.0,100,1011.2,18.7,28.3,1,39.6,579.0,338.4,277.0
VN_HoChiMinh,2026-09-13T04:00Z,30.6,68,24.1,36.7,0.2,100,1009.1,10.2,14.4,230,32.8,809.0,642.7,210.0
AT_Vienna,2026-09-13T05:00Z,13.0,89,11.3,12.5,0.0,20,999.3,6.3,16.0,294,14.8,7.0,35.9,5.0
BE_Brussels,2026-09-13T05:00Z,15.8,97,15.2,15.5,0.3,100,1018.4,13.6,24.8,232,26.3,0.0,0.0,0.0
DE_Berlin,2026-09-13T05:00Z,15.2,85,12.8,14.5,0.0,100,1015.0,10.4,21.3,236,20.2,1.0,0.0,1.0
DE_Hamburg,2026-09-13T05:00Z,16.2,95,15.3,16.1,0.0,100,1015.2,12.7,23.1,242,26.3,0.0,0.0,0.0
DE_Munich,2026-09-13T05:00Z,13.4,76,9.3,11.5,0.0,27,962.3,11.3,24.4,239,22.3,0.0,0.0,0.0
ES_Madrid,2026-09-13T05:00Z,18.8,55,9.7,17.8,0.0,0,946.9,6.4,14.9,65,13.7,0.0,0.0,0.0
FR_Paris,2026-09-13T05:00Z,15.5,85,12.9,15.5,0.0,97,1018.6,6.5,15.9,275,13.3,0.0,0.0,0.0
NL_Amsterdam,2026-09-13T05:00Z,17.1,97,16.6,18.1,0.0,97,1017.7,9.3,22.8,286,17.3,0.0,0.0,0.0
PL_Warsaw,2026-09-13T05:00Z,12.0,78,8.4,10.4,0.0,100,1007.3,8.0,17.1,212,15.8,14.0,12.6,13.0
US_BPAT_Portland,2026-09-13T05:00Z,13.3,87,11.1,12.2,0.3,47,1009.9,9.4,17.3,182,19.4,0.0,0.0,0.0
US_CISO_LosAngeles,2026-09-13T05:00Z,22.7,82,19.5,25.7,0.0,0,1002.2,4.3,6.3,177,13.7,0.0,0.0,0.0
US_CISO_SanFrancisco,2026-09-13T05:00Z,16.7,68,10.9,14.7,0.0,9,1014.1,15.8,26.4,291,38.5,0.0,0.0,0.0
US_ERCO_Dallas,2026-09-13T05:00Z,31.8,51,20.3,34.1,0.0,1,998.4,11.1,20.7,167,30.6,0.0,0.0,0.0
US_ERCO_Houston,2026-09-13T05:00Z,27.6,83,24.4,32.7,0.0,18,1012.4,8.3,19.1,184,17.3,0.0,0.0,0.0
US_ISNE_Boston,2026-09-13T05:00Z,17.0,74,12.4,16.6,0.0,19,1017.4,8.5,18.6,188,18.0,0.0,0.0,0.0
US_MISO_Chicago,2026-09-13T05:00Z,22.5,86,20.1,25.2,0.0,23,982.9,8.0,16.8,336,19.1,0.0,0.0,0.0
US_NYIS_NewYork,2026-09-13T05:00Z,22.0,79,18.1,23.9,0.0,99,1013.8,7.0,16.8,153,14.8,0.0,0.0,0.0
US_PJM_Philadelphia,2026-09-13T05:00Z,21.5,87,19.2,23.7,0.0,100,1014.3,8.1,17.7,123,16.9,0.0,0.0,0.0
US_SWPP_OklahomaCity,2026-09-13T05:00Z,30.5,50,18.7,31.3,0.0,6,971.3,16.3,30.8,154,39.2,0.0,0.0,0.0
VN_DaNang,2026-09-13T05:00Z,30.9,65,23.5,36.3,0.0,92,1005.5,10.5,14.1,163,34.6,770.0,393.7,387.0
VN_HaNoi,2026-09-13T05:00Z,29.0,60,20.3,30.5,0.0,98,1010.4,16.6,27.4,4,39.6,282.0,0.0,282.0
VN_HoChiMinh,2026-09-13T05:00Z,31.3,65,23.9,38.1,0.1,100,1008.1,10.2,14.3,221,32.0,944.0,758.4,196.0
AT_Vienna,2026-09-13T06:00Z,14.1,88,12.1,14.3,0.0,41,999.5,3.0,8.1,301,12.6,104.0,344.1,48.0
BE_Brussels,2026-09-13T06:00Z,16.2,96,15.5,16.2,0.0,100,1018.7,13.1,24.7,240,28.4,8.0,0.0,8.0
DE_Berlin,2026-09-13T06:00Z,15.1,92,13.7,14.8,0.1,100,1015.2,10.1,19.8,234,22.3,28.0,64.0,20.0
DE_Hamburg,2026-09-13T06:00Z,16.6,96,16.0,17.0,0.0,48,1015.3,11.5,22.3,232,25.9,27.0,30.4,24.0
DE_Munich,2026-09-13T06:00Z,13.9,72,8.9,11.9,0.0,14,962.8,11.7,23.8,246,23.4,63.0,270.6,32.0
ES_Madrid,2026-09-13T06:00Z,18.1,59,10.0,17.1,0.0,0,947.2,6.8,15.9,57,13.3,0.0,0.0,0.0
FR_Paris,2026-09-13T06:00Z,16.7,78,12.8,16.5,0.0,100,1018.9,6.7,15.3,282,14.0,9.0,16.5,8.0
NL_Amsterdam,2026-09-13T06:00Z,17.3,95,16.6,18.1,0.0,100,1018.2,9.9,22.2,281,17.6,15.0,27.4,13.0
PL_Warsaw,2026-09-13T06:00Z,12.7,78,8.9,11.0,0.0,100,1007.2,9.0,19.4,209,16.2,69.0,4.9,68.0
US_BPAT_Portland,2026-09-13T06:00Z,12.6,93,11.5,11.3,0.3,52,1010.1,12.2,23.2,187,23.0,0.0,0.0,0.0
US_CISO_LosAngeles,2026-09-13T06:00Z,22.5,82,19.3,25.4,0.0,2,1002.4,3.7,5.9,142,11.9,0.0,0.0,0.0
US_CISO_SanFrancisco,2026-09-13T06:00Z,16.6,72,11.6,15.1,0.0,1,1014.1,13.1,22.0,289,32.8,0.0,0.0,0.0
US_ERCO_Dallas,2026-09-13T06:00Z,30.5,59,21.4,33.2,0.0,0,998.4,12.6,23.7,166,24.1,0.0,0.0,0.0
US_ERCO_Houston,2026-09-13T06:00Z,27.2,88,25.1,32.8,0.0,22,1012.9,7.3,17.6,191,16.6,0.0,0.0,0.0
US_ISNE_Boston,2026-09-13T06:00Z,16.7,74,12.1,16.0,0.0,37,1017.1,9.5,20.7,180,17.3,0.0,0.0,0.0
US_MISO_Chicago,2026-09-13T06:00Z,21.1,91,19.7,23.2,0.0,87,983.7,11.1,20.4,339,20.5,0.0,0.0,0.0
US_NYIS_NewYork,2026-09-13T06:00Z,21.7,82,18.4,24.0,0.0,100,1013.3,5.7,16.5,136,14.8,0.0,0.0,0.0
US_PJM_Philadelphia,2026-09-13T06:00Z,21.8,89,19.9,24.2,0.0,100,1013.8,9.5,20.0,117,16.9,0.0,0.0,0.0
US_SWPP_OklahomaCity,2026-09-13T06:00Z,28.8,59,20.0,31.5,0.0,80,972.8,7.5,16.8,164,37.8,0.0,0.0,0.0
VN_DaNang,2026-09-13T06:00Z,30.0,77,25.4,35.9,0.2,89,1005.3,12.8,17.2,142,27.0,694.0,386.7,325.0
VN_HaNoi,2026-09-13T06:00Z,28.4,61,20.3,30.6,0.0,99,1010.0,13.3,20.7,360,42.5,571.0,202.2,381.0
VN_HoChiMinh,2026-09-13T06:00Z,31.3,65,23.9,37.1,0.0,96,1007.6,11.4,15.7,195,33.5,804.0,426.0,389.0
AT_Vienna,2026-09-13T07:00Z,15.6,83,12.8,16.4,0.0,88,999.7,0.4,6.3,290,7.2,145.0,158.6,93.0
BE_Brussels,2026-09-13T07:00Z,16.9,93,15.8,16.9,0.0,100,1018.6,12.9,22.4,240,29.9,49.0,5.3,48.0
DE_Berlin,2026-09-13T07:00Z,15.8,89,14.0,15.7,0.0,100,1014.9,9.3,22.1,231,20.2,76.0,0.0,76.0
DE_Hamburg,2026-09-13T07:00Z,17.5,93,16.4,17.8,0.0,61,1015.2,12.8,22.3,236,27.0,122.0,199.9,74.0
DE_Munich,2026-09-13T07:00Z,16.1,67,10.0,14.6,0.0,42,963.2,10.1,25.4,251,21.6,214.0,524.5,69.0
ES_Madrid,2026-09-13T07:00Z,18.8,58,10.4,18.0,0.0,0,947.8,6.5,16.2,63,14.8,67.0,334.6,26.0
FR_Paris,2026-09-13T07:00Z,17.5,72,12.5,17.2,0.0,100,1018.7,7.1,20.9,267,16.2,56.0,17.5,53.0
NL_Amsterdam,2026-09-13T07:00Z,17.8,94,16.8,18.5,0.2,99,1018.3,10.9,20.7,290,19.8,57.0,10.4,55.0
PL_Warsaw,2026-09-13T07:00Z,14.1,76,9.9,13.0,0.0,99,1007.1,7.2,22.1,215,16.2,147.0,56.9,127.0
US_BPAT_Portland,2026-09-13T07:00Z,12.0,94,11.1,10.6,0.0,38,1010.1,12.0,24.0,191,24.5,0.0,0.0,0.0
US_CISO_LosAngeles,2026-09-13T07:00Z,22.4,83,19.3,25.2,0.0,0,1002.5,4.2,5.0,182,9.7,0.0,0.0,0.0
US_CISO_SanFrancisco,2026-09-13T07:00Z,16.3,74,11.7,15.0,0.0,14,1014.5,12.5,20.5,287,27.0,0.0,0.0,0.0
US_ERCO_Dallas,2026-09-13T07:00Z,30.5,58,21.3,32.9,0.0,0,998.4,14.2,25.5,176,31.0,0.0,0.0,0.0
US_ERCO_Houston,2026-09-13T07:00Z,27.0,89,25.0,32.7,0.0,18,1012.7,6.8,16.0,205,14.4,0.0,0.0,0.0
US_ISNE_Boston,2026-09-13T07:00Z,17.1,73,12.2,16.5,0.0,78,1016.5,8.6,20.0,182,18.7,0.0,0.0,0.0
US_MISO_Chicago,2026-09-13T07:00Z,21.2,84,18.4,22.3,0.0,5,983.7,13.7,22.8,350,28.4,0.0,0.0,0.0
US_NYIS_NewYork,2026-09-13T07:00Z,21.9,82,18.7,24.6,0.0,100,1012.6,4.0,13.6,132,11.5,0.0,0.0,0.0
US_PJM_Philadelphia,2026-09-13T07:00Z,21.6,95,20.8,24.7,1.9,100,1013.0,7.8,17.1,129,21.2,0.0,0.0,0.0
US_SWPP_OklahomaCity,2026-09-13T07:00Z,28.9,58,19.9,31.5,0.0,92,973.3,7.8,14.8,156,16.2,0.0,0.0,0.0
VN_DaNang,2026-09-13T07:00Z,29.4,78,25.3,35.6,1.7,91,1004.9,11.4,15.0,184,34.9,722.0,555.1,238.0
VN_HaNoi,2026-09-13T07:00Z,30.4,52,19.5,31.7,0.0,100,1008.9,17.6,26.2,8,34.9,614.0,331.2,326.0
VN_HoChiMinh,2026-09-13T07:00Z,29.3,73,24.0,35.0,1.1,100,1006.7,11.0,15.8,199,33.8,769.0,625.8,208.0
AT_Vienna,2026-09-13T08:00Z,17.3,78,13.5,18.3,0.0,91,999.6,0.4,2.0,275,7.9,279.0,299.6,137.0
BE_Brussels,2026-09-13T08:00Z,17.6,91,16.0,17.7,0.0,100,1018.7,12.9,21.3,237,31.0,75.0,0.0,75.0
DE_Berlin,2026-09-13T08:00Z,16.3,84,13.5,15.5,0.1,100,1015.0,12.9,21.1,245,27.0,77.0,0.0,77.0
DE_Hamburg,2026-09-13T08:00Z,18.3,89,16.4,18.5,0.0,90,1015.3,14.0,21.7,241,31.3,212.0,303.7,97.0
DE_Munich,2026-09-13T08:00Z,18.3,59,10.3,17.0,0.0,48,963.3,9.8,15.6,246,24.1,366.0,618.6,100.0
ES_Madrid,2026-09-13T08:00Z,21.1,52,10.8,20.4,0.0,0,948.7,6.2,11.2,60,18.0,246.0,618.0,61.0
FR_Paris,2026-09-13T08:00Z,18.6,67,12.4,18.4,0.0,100,1019.1,5.9,12.0,278,15.5,121.0,59.9,101.0
NL_Amsterdam,2026-09-13T08:00Z,18.3,91,16.8,19.2,0.2,99,1018.3,10.2,17.5,287,20.5,145.0,100.1,111.0
PL_Warsaw,2026-09-13T08:00Z,15.9,71,10.6,15.1,0.0,98,1007.2,6.7,11.8,209,16.9,261.0,133.9,197.0
US_BPAT_Portland,2026-09-13T08:00Z,11.7,94,10.8,10.2,0.0,23,1010.4,11.5,23.5,200,24.8,0.0,0.0,0.0
US_CISO_LosAngeles,2026-09-13T08:00Z,21.6,87,19.3,24.5,0.0,0,1002.3,3.9,5.3,208,10.4,0.0,0.0,0.0
US_CISO_SanFrancisco,2026-09-13T08:00Z,16.0,75,11.7,14.7,0.0,6,1014.8,12.4,21.3,284,25.9,0.0,0.0,0.0
US_ERCO_Dallas,2026-09-13T08:00Z,29.9,61,21.5,32.6,0.0,0,998.5,13.5,24.4,186,30.6,0.0,0.0,0.0
US_ERCO_Houston,2026-09-13T08:00Z,26.6,91,24.9,32.5,0.0,11,1012.4,4.7,13.8,209,13.3,0.0,0.0,0.0
US_ISNE_Boston,2026-09-13T08:00Z,17.4,76,13.2,17.2,0.0,100,1015.8,8.5,18.8,175,17.3,0.0,0.0,0.0
US_MISO_Chicago,2026-09-13T08:00Z,20.5,77,16.3,20.7,0.0,27,983.5,13.5,22.6,351,30.2,0.0,0.0,0.0
US_NYIS_NewYork,2026-09-13T08:00Z,21.5,89,19.7,24.5,1.2,100,1012.4,5.1,15.0,148,13.0,0.0,0.0,0.0
US_PJM_Philadelphia,2026-09-13T08:00Z,21.3,98,20.9,25.0,1.3,99,1012.1,4.4,12.0,136,14.4,0.0,0.0,0.0
US_SWPP_OklahomaCity,2026-09-13T08:00Z,26.8,68,20.4,29.0,0.0,96,973.2,12.8,25.6,162,35.3,0.0,0.0,0.0
VN_DaNang,2026-09-13T08:00Z,27.7,86,25.1,33.9,3.1,98,1004.8,4.0,5.5,226,34.9,426.0,294.0,211.0
VN_HaNoi,2026-09-13T08:00Z,29.3,59,20.4,31.3,0.0,100,1008.1,14.1,25.8,8,39.2,204.0,24.3,186.0
VN_HoChiMinh,2026-09-13T08:00Z,27.3,85,24.5,32.1,3.7,100,1006.8,10.6,15.3,208,29.5,461.0,325.7,214.0
AT_Vienna,2026-09-13T09:00Z,18.9,72,13.8,19.7,0.0,100,999.6,3.1,5.1,278,12.2,366.0,348.6,160.0
BE_Brussels,2026-09-13T09:00Z,18.1,88,16.2,18.1,0.1,100,1018.7,14.3,23.5,235,33.8,90.0,0.0,90.0
DE_Berlin,2026-09-13T09:00Z,17.8,77,13.8,17.0,0.0,91,1014.8,13.2,20.2,250,29.5,185.0,37.9,165.0
DE_Hamburg,2026-09-13T09:00Z,17.9,85,15.3,17.7,0.6,98,1015.5,13.4,22.2,259,33.5,253.0,212.1,148.0
DE_Munich,2026-09-13T09:00Z,20.2,54,10.6,18.8,0.0,30,963.4,11.1,16.5,259,27.7,521.0,755.1,100.0
ES_Madrid,2026-09-13T09:00Z,23.1,48,11.5,22.6,0.0,0,949.3,6.4,9.2,67,21.6,438.0,758.0,78.0
FR_Paris,2026-09-13T09:00Z,19.8,64,12.7,19.6,0.0,98,1018.9,7.1,10.8,255,19.4,206.0,35.7,189.0
NL_Amsterdam,2026-09-13T09:00Z,18.7,90,16.9,19.5,0.3,100,1018.6,10.6,17.2,277,22.7,223.0,168.8,144.0
PL_Warsaw,2026-09-13T09:00Z,17.8,65,11.1,16.8,0.0,98,1007.1,8.9,13.4,211,23.0,445.0,418.6,204.0
US_BPAT_Portland,2026-09-13T09:00Z,11.3,92,10.1,9.6,0.0,41,1010.7,11.4,23.5,201,24.1,0.0,0.0,0.0
US_CISO_LosAngeles,2026-09-13T09:00Z,20.9,91,19.3,24.0,0.0,9,1001.9,2.4,3.5,204,9.4,0.0,0.0,0.0
US_CISO_SanFrancisco,2026-09-13T09:00Z,15.8,76,11.7,14.3,0.0,5,1014.6,13.6,24.7,290,27.7,0.0,0.0,0.0
US_ERCO_Dallas,2026-09-13T09:00Z,29.3,64,21.8,32.3,0.0,0,998.6,11.7,21.5,190,28.4,0.0,0.0,0.0
US_ERCO_Houston,2026-09-13T09:00Z,26.3,91,24.7,32.3,0.0,1,1012.2,3.2,10.7,210,9.0,0.0,0.0,0.0
US_ISNE_Boston,2026-09-13T09:00Z,17.7,81,14.4,18.2,0.0,100,1015.5,6.5,16.2,179,16.6,0.0,0.0,0.0
US_MISO_Chicago,2026-09-13T09:00Z,19.7,75,15.2,19.7,0.0,79,983.7,11.7,20.6,348,28.4,0.0,0.0,0.0
US_NYIS_NewYork,2026-09-13T09:00Z,21.1,96,20.4,23.8,1.6,100,1011.4,9.2,19.6,124,19.1,0.0,0.0,0.0
US_PJM_Philadelphia,2026-09-13T09:00Z,21.4,98,21.1,24.8,1.1,99,1011.2,6.9,14.8,131,16.6,0.0,0.0,0.0
US_SWPP_OklahomaCity,2026-09-13T09:00Z,26.2,73,21.0,28.8,0.0,98,972.7,11.7,26.1,155,26.6,0.0,0.0,0.0
VN_DaNang,2026-09-13T09:00Z,28.3,84,25.3,34.5,0.1,99,1004.9,4.4,6.0,170,13.3,272.0,182.6,173.0
VN_HaNoi,2026-09-13T09:00Z,28.2,69,22.0,32.1,0.0,100,1008.3,6.7,14.1,48,30.2,139.0,49.6,111.0
VN_HoChiMinh,2026-09-13T09:00Z,26.5,87,24.2,31.5,3.6,98,1006.9,8.2,11.6,216,26.6,321.0,259.8,173.0
AT_Vienna,2026-09-13T10:00Z,20.0,66,13.6,20.5,0.0,96,999.4,4.1,6.2,285,14.0,376.0,211.6,234.0
BE_Brussels,2026-09-13T10:00Z,18.7,88,16.8,19.0,0.8,100,1018.6,14.3,24.0,239,33.1,123.0,1.7,122.0
DE_Berlin,2026-09-13T10:00Z,19.7,68,13.7,19.0,0.1,78,1014.4,12.7,18.7,262,35.3,406.0,299.4,224.0
DE_Hamburg,2026-09-13T10:00Z,19.2,83,16.2,19.2,0.1,100,1015.5,14.1,21.2,260,32.8,328.0,239.2,189.0
DE_Munich,2026-09-13T10:00Z,21.4,49,10.2,19.8,0.0,39,963.3,12.6,18.5,269,31.7,582.0,696.5,129.0
ES_Madrid,2026-09-13T10:00Z,25.2,41,10.9,24.9,0.0,0,949.6,5.7,8.0,85,21.6,607.0,834.0,89.0
FR_Paris,2026-09-13T10:00Z,20.8,62,13.2,20.6,0.1,84,1019.2,8.1,11.9,269,22.0,279.0,76.3,234.0
NL_Amsterdam,2026-09-13T10:00Z,18.4,89,16.6,19.2,0.3,100,1018.7,10.3,17.6,281,23.8,159.0,1.8,158.0
PL_Warsaw,2026-09-13T10:00Z,18.8,61,11.0,17.5,0.0,98,1006.7,10.4,15.4,213,26.6,487.0,421.8,218.0
US_BPAT_Portland,2026-09-13T10:00Z,10.8,91,9.4,8.9,0.0,47,1011.0,11.9,23.1,203,24.5,0.0,0.0,0.0
US_CISO_LosAngeles,2026-09-13T10:00Z,20.3,94,19.3,23.8,0.0,23,1001.4,0.3,0.2,270,6.5,0.0,0.0,0.0
US_CISO_SanFrancisco,2026-09-13T10:00Z,15.6,79,12.0,13.9,0.0,1,1014.2,15.7,28.3,291,32.8,0.0,0.0,0.0
US_ERCO_Dallas,2026-09-13T10:00Z,28.6,69,22.4,32.2,0.0,0,999.2,10.4,19.2,186,24.8,0.0,0.0,0.0
US_ERCO_Houston,2026-09-13T10:00Z,26.0,92,24.6,32.3,0.0,1,1012.3,1.0,6.9,208,5.0,0.0,0.0,0.0
US_ISNE_Boston,2026-09-13T10:00Z,18.0,85,15.4,18.8,0.0,100,1015.0,7.1,16.7,179,13.7,0.0,0.0,0.0
US_MISO_Chicago,2026-09-13T10:00Z,19.0,76,14.8,19.0,0.0,81,984.2,10.9,19.4,343,24.1,0.0,0.0,0.0
US_NYIS_NewYork,2026-09-13T10:00Z,21.3,97,20.8,24.4,0.1,100,1010.8,7.9,18.1,137,17.3,0.0,0.0,0.0
US_PJM_Philadelphia,2026-09-13T10:00Z,21.4,99,21.2,25.3,1.8,100,1010.9,3.6,8.1,125,12.6,0.0,0.0,0.0
US_SWPP_OklahomaCity,2026-09-13T10:00Z,25.8,78,21.6,28.7,0.0,99,972.2,12.0,31.6,157,26.3,0.0,0.0,0.0
VN_DaNang,2026-09-13T10:00Z,28.4,83,25.3,34.2,0.2,100,1005.3,7.3,10.6,145,21.2,149.0,129.3,108.0
VN_HaNoi,2026-09-13T10:00Z,27.8,71,22.0,31.5,0.0,100,1008.3,8.6,17.4,64,18.0,76.0,14.2,71.0
VN_HoChiMinh,2026-09-13T10:00Z,25.8,93,24.5,30.7,4.9,99,1007.6,9.7,14.6,261,22.3,162.0,204.3,92.0
AT_Vienna,2026-09-13T11:00Z,21.2,61,13.5,21.9,0.0,97,999.1,2.6,4.1,283,14.0,435.0,210.3,286.0
BE_Brussels,2026-09-13T11:00Z,19.0,90,17.3,19.3,0.7,100,1018.6,15.1,25.4,245,34.6,134.0,0.0,134.0
DE_Berlin,2026-09-13T11:00Z,20.6,63,13.2,19.6,0.3,48,1014.4,13.7,20.0,275,33.8,429.0,344.6,205.0
DE_Hamburg,2026-09-13T11:00Z,19.9,76,15.6,19.7,0.1,100,1015.6,14.6,21.6,270,35.6,434.0,323.2,230.0
DE_Munich,2026-09-13T11:00Z,22.3,44,9.6,20.7,0.0,76,963.3,12.5,18.1,280,32.0,625.0,690.7,140.0
ES_Madrid,2026-09-13T11:00Z,27.4,34,10.0,27.8,0.0,0,949.5,5.2,7.5,114,22.0,733.0,876.8,95.0
FR_Paris,2026-09-13T11:00Z,22.2,59,13.7,22.1,0.5,45,1018.9,9.1,13.3,260,25.9,431.0,367.7,186.0
NL_Amsterdam,2026-09-13T11:00Z,18.4,90,16.6,19.1,0.2,100,1019.2,10.8,19.0,280,21.6,127.0,0.0,127.0
PL_Warsaw,2026-09-13T11:00Z,19.3,58,10.8,17.9,0.2,100,1006.5,11.6,17.3,219,29.5,540.0,471.4,229.0
US_BPAT_Portland,2026-09-13T11:00Z,10.6,92,9.3,8.6,0.0,40,1011.1,12.0,23.5,207,24.1,0.0,0.0,0.0
US_CISO_LosAngeles,2026-09-13T11:00Z,19.9,95,19.1,23.1,0.0,39,1001.3,1.5,1.9,338,4.3,0.0,0.0,0.0
US_CISO_SanFrancisco,2026-09-13T11:00Z,15.4,81,12.2,13.9,0.0,0,1014.2,14.4,26.9,290,33.1,0.0,0.0,0.0
US_ERCO_Dallas,2026-09-13T11:00Z,27.9,75,22.9,32.0,0.0,0,999.5,8.8,16.2,179,22.0,0.0,0.0,0.0
US_ERCO_Houston,2026-09-13T11:00Z,25.7,93,24.4,31.8,0.0,1,1012.6,1.5,5.8,189,2.9,0.0,0.0,0.0
US_ISNE_Boston,2026-09-13T11:00Z,18.6,87,16.3,19.4,0.0,100,1014.8,9.6,20.2,175,18.7,5.0,0.0,5.0
US_MISO_Chicago,2026-09-13T11:00Z,18.3,76,14.1,17.9,0.0,74,984.8,11.5,20.9,337,24.8,0.0,0.0,0.0
US_NYIS_NewYork,2026-09-13T11:00Z,21.4,98,21.1,25.0,0.7,100,1010.5,5.5,11.5,125,14.4,2.0,0.0,2.0
US_PJM_Philadelphia,2026-09-13T11:00Z,21.4,99,21.3,25.2,2.6,100,1011.0,5.1,7.4,87,9.4,1.0,0.0,1.0
US_SWPP_OklahomaCity,2026-09-13T11:00Z,25.4,80,21.7,28.2,0.0,100,972.0,12.7,31.1,135,26.6,0.0,0.0,0.0
VN_DaNang,2026-09-13T11:00Z,27.2,92,25.8,33.5,1.0,100,1005.9,6.4,10.7,185,21.6,19.0,24.3,16.0
VN_HaNoi,2026-09-13T11:00Z,27.4,70,21.6,30.1,0.0,100,1008.7,13.3,25.6,51,23.8,19.0,0.0,19.0
VN_HoChiMinh,2026-09-13T11:00Z,25.5,94,24.5,31.2,0.6,99,1008.3,4.7,7.8,261,20.5,24.0,36.7,19.0
AT_Vienna,2026-09-13T12:00Z,21.4,60,13.3,21.9,0.0,98,998.5,3.7,5.9,310,22.7,487.0,336.6,251.0
BE_Brussels,2026-09-13T12:00Z,18.8,93,17.7,18.8,0.7,100,1018.9,18.4,30.7,260,37.1,220.0,29.5,200.0
DE_Berlin,2026-09-13T12:00Z,20.1,68,14.0,19.7,0.3,92,1014.7,11.4,16.5,252,34.9,448.0,429.8,168.0
DE_Hamburg,2026-09-13T12:00Z,19.3,76,14.9,18.7,0.1,95,1015.9,15.4,23.2,276,36.4,412.0,193.2,288.0
DE_Munich,2026-09-13T12:00Z,21.9,51,11.2,21.5,0.0,94,963.0,8.5,12.4,261,33.5,630.0,630.2,183.0
ES_Madrid,2026-09-13T12:00Z,29.4,28,9.0,30.0,0.0,0,948.8,5.2,7.4,158,22.0,806.0,899.0,98.0
FR_Paris,2026-09-13T12:00Z,24.3,47,12.3,24.2,0.0,95,1018.6,8.4,12.1,277,26.3,619.0,676.5,145.0
NL_Amsterdam,2026-09-13T12:00Z,19.4,83,16.4,19.9,0.1,44,1019.2,11.4,18.3,295,32.0,382.0,159.7,277.0
PL_Warsaw,2026-09-13T12:00Z,18.9,60,10.8,17.6,0.3,100,1006.5,10.3,15.8,224,29.5,297.0,100.0,233.0
US_BPAT_Portland,2026-09-13T12:00Z,10.5,96,10.0,9.1,0.0,48,1011.6,9.8,20.6,203,24.1,0.0,0.0,0.0
US_CISO_LosAngeles,2026-09-13T12:00Z,20.0,96,19.4,23.5,0.0,23,1001.4,0.3,2.4,132,4.7,0.0,0.0,0.0
US_CISO_SanFrancisco,2026-09-13T12:00Z,15.4,82,12.3,13.9,0.0,0,1014.6,14.6,25.1,285,31.7,0.0,0.0,0.0
US_ERCO_Dallas,2026-09-13T12:00Z,26.3,81,22.8,30.5,0.0,0,1000.2,7.9,15.7,167,18.4,0.0,0.0,0.0
US_ERCO_Houston,2026-09-13T12:00Z,25.5,97,25.0,32.0,0.0,2,1013.5,1.3,6.5,185,5.4,0.0,0.0,0.0
US_ISNE_Boston,2026-09-13T12:00Z,19.5,85,17.0,20.8,0.0,100,1014.7,8.6,20.7,172,19.4,67.0,14.9,64.0
US_MISO_Chicago,2026-09-13T12:00Z,17.9,82,14.7,18.0,0.0,63,985.7,10.3,19.4,337,24.1,9.0,31.9,7.0
US_NYIS_NewYork,2026-09-13T12:00Z,20.6,100,20.5,23.9,1.9,100,1010.4,5.4,8.0,56,10.8,22.0,0.0,22.0
US_PJM_Philadelphia,2026-09-13T12:00Z,21.7,98,21.4,25.5,0.4,100,1011.0,5.4,7.2,14,14.0,26.0,0.0,26.0
US_SWPP_OklahomaCity,2026-09-13T12:00Z,25.1,75,20.3,27.1,0.0,99,973.2,13.3,25.1,123,28.1,0.0,0.0,0.0
VN_DaNang,2026-09-13T12:00Z,27.0,92,25.6,33.6,0.1,99,1007.0,3.2,7.1,207,12.2,0.0,0.0,0.0
VN_HaNoi,2026-09-13T12:00Z,26.2,77,21.9,28.9,6.8,100,1010.1,14.7,27.4,41,33.5,0.0,0.0,0.0
VN_HoChiMinh,2026-09-13T12:00Z,26.3,97,25.7,33.0,0.1,94,1009.0,3.1,8.6,239,9.7,0.0,0.0,0.0
AT_Vienna,2026-09-13T13:00Z,19.8,75,15.2,21.1,1.3,98,998.5,3.0,4.4,302,18.0,276.0,40.1,250.0
BE_Brussels,2026-09-13T13:00Z,19.2,89,17.4,20.0,0.3,81,1018.8,12.6,18.6,285,45.7,252.0,58.9,213.0
DE_Berlin,2026-09-13T13:00Z,20.8,66,14.2,20.7,0.0,98,1014.1,10.0,14.1,247,32.8,404.0,287.7,228.0
DE_Hamburg,2026-09-13T13:00Z,19.4,74,14.7,18.6,0.3,100,1015.6,15.5,23.2,286,34.6,329.0,178.1,220.0
DE_Munich,2026-09-13T13:00Z,22.4,49,11.2,21.4,0.1,84,962.3,9.5,14.2,269,28.4,497.0,411.1,221.0
ES_Madrid,2026-09-13T13:00Z,31.0,22,7.0,31.1,0.0,0,948.2,5.2,7.4,183,23.0,817.0,904.0,97.0
FR_Paris,2026-09-13T13:00Z,25.0,45,12.1,24.6,0.0,54,1018.0,7.0,10.4,271,23.4,346.0,160.7,235.0
NL_Amsterdam,2026-09-13T13:00Z,20.3,75,15.8,20.5,0.1,27,1019.1,12.3,18.7,303,30.2,526.0,583.5,152.0
PL_Warsaw,2026-09-13T13:00Z,18.4,65,11.6,17.9,0.0,100,1006.2,6.6,11.8,247,22.3,126.0,3.4,124.0
US_BPAT_Portland,2026-09-13T13:00Z,10.5,96,9.8,8.9,0.1,59,1011.5,10.1,22.4,197,20.2,0.0,0.0,0.0
US_CISO_LosAngeles,2026-09-13T13:00Z,19.9,97,19.4,23.5,0.0,91,1001.4,0.0,1.9,151,1.4,0.0,0.0,0.0
US_CISO_SanFrancisco,2026-09-13T13:00Z,15.2,83,12.2,13.8,0.0,0,1014.6,13.8,24.6,281,30.2,0.0,0.0,0.0
US_ERCO_Dallas,2026-09-13T13:00Z,27.0,78,22.9,31.4,0.0,0,1001.1,7.2,14.5,163,16.6,36.0,178.5,17.0
US_ERCO_Houston,2026-09-13T13:00Z,26.4,95,25.6,33.3,0.1,39,1014.1,1.5,2.7,176,5.8,45.0,193.1,22.0
US_ISNE_Boston,2026-09-13T13:00Z,19.9,89,17.9,21.8,1.0,100,1014.2,6.7,19.0,171,18.0,81.0,0.0,81.0
US_MISO_Chicago,2026-09-13T13:00Z,18.4,78,14.6,18.5,0.0,84,986.0,9.6,17.7,339,22.7,125.0,389.2,54.0
US_NYIS_NewYork,2026-09-13T13:00Z,20.7,99,20.6,23.9,13.2,100,1009.8,5.9,8.2,41,17.6,17.0,0.0,17.0
US_PJM_Philadelphia,2026-09-13T13:00Z,22.2,98,21.9,26.4,0.4,100,1010.9,4.1,6.9,57,12.6,70.0,29.1,60.0
US_SWPP_OklahomaCity,2026-09-13T13:00Z,25.1,75,20.4,27.7,0.0,94,974.1,9.8,18.3,124,27.7,14.0,30.0,11.0
VN_DaNang,2026-09-13T13:00Z,27.0,93,25.8,34.0,0.0,100,1007.8,2.2,4.8,209,6.1,0.0,0.0,0.0
VN_HaNoi,2026-09-13T13:00Z,26.0,76,21.5,28.1,0.0,71,1010.6,17.0,29.9,32,34.2,0.0,0.0,0.0
VN_HoChiMinh,2026-09-13T13:00Z,26.3,95,25.4,33.2,0.0,100,1009.6,1.0,5.9,230,5.8,0.0,0.0,0.0
AT_Vienna,2026-09-13T14:00Z,19.3,80,15.8,20.7,0.8,59,997.8,3.8,4.9,90,12.6,214.0,59.3,181.0
BE_Brussels,2026-09-13T14:00Z,20.4,82,17.2,21.0,0.3,55,1018.8,13.0,20.0,297,32.4,295.0,120.8,222.0
DE_Berlin,2026-09-13T14:00Z,21.1,65,14.2,21.0,0.1,94,1013.9,9.8,14.1,245,30.2,400.0,432.6,169.0
DE_Hamburg,2026-09-13T14:00Z,19.1,73,14.2,18.4,0.3,100,1015.7,14.0,21.5,293,34.9,265.0,102.9,209.0
DE_Munich,2026-09-13T14:00Z,23.2,42,9.8,21.2,0.0,87,961.7,13.2,19.9,276,31.0,444.0,524.7,134.0
ES_Madrid,2026-09-13T14:00Z,31.7,20,6.2,31.6,0.0,0,947.6,3.5,5.1,198,22.3,768.0,892.6,95.0
FR_Paris,2026-09-13T14:00Z,26.4,41,12.2,26.0,0.0,58,1017.6,7.0,9.7,289,25.6,529.0,570.2,166.0
NL_Amsterdam,2026-09-13T14:00Z,20.3,75,15.8,20.5,0.0,91,1019.3,11.9,17.7,305,29.9,525.0,703.4,114.0
PL_Warsaw,2026-09-13T14:00Z,18.5,65,11.8,18.1,0.0,96,1005.7,6.0,10.2,233,15.8,155.0,22.7,144.0
US_BPAT_Portland,2026-09-13T14:00Z,10.5,95,9.7,9.1,0.6,99,1011.8,9.0,21.5,199,20.9,1.0,0.0,1.0
US_CISO_LosAngeles,2026-09-13T14:00Z,20.1,95,19.2,23.4,0.0,100,1001.8,1.0,1.2,219,5.4,5.0,16.8,4.0
US_CISO_SanFrancisco,2026-09-13T14:00Z,14.9,85,12.5,13.9,0.0,0,1014.8,12.5,23.1,283,29.2,0.0,0.0,0.0
US_ERCO_Dallas,2026-09-13T14:00Z,28.6,71,22.8,32.6,0.0,0,1001.4,8.6,12.7,174,22.7,206.0,520.2,63.0
US_ERCO_Houston,2026-09-13T14:00Z,27.4,88,25.2,32.6,0.5,98,1014.9,11.3,17.1,139,27.0,201.0,355.1,94.0
US_ISNE_Boston,2026-09-13T14:00Z,20.0,95,19.2,22.1,1.8,100,1013.9,9.4,18.0,151,20.5,159.0,33.4,141.0
US_MISO_Chicago,2026-09-13T14:00Z,19.2,74,14.4,19.1,0.0,98,986.2,10.2,15.0,350,24.8,259.0,390.9,116.0
US_NYIS_NewYork,2026-09-13T14:00Z,20.9,99,20.7,24.7,10.9,100,1009.6,3.1,8.4,43,18.0,36.0,1.9,35.0
US_PJM_Philadelphia,2026-09-13T14:00Z,22.6,98,22.3,27.3,1.4,100,1010.9,2.3,3.6,273,11.2,98.0,5.8,95.0
US_SWPP_OklahomaCity,2026-09-13T14:00Z,25.9,72,20.5,28.6,0.0,81,974.6,8.9,15.4,125,22.0,90.0,76.7,70.0
VN_DaNang,2026-09-13T14:00Z,27.0,94,25.9,33.7,0.0,100,1008.7,3.8,3.9,294,7.6,0.0,0.0,0.0
VN_HaNoi,2026-09-13T14:00Z,25.4,80,21.6,27.9,0.0,48,1011.3,14.6,27.2,30,34.9,0.0,0.0,0.0
VN_HoChiMinh,2026-09-13T14:00Z,26.4,93,25.2,32.9,0.0,100,1010.3,2.3,8.3,210,3.6,0.0,0.0,0.0
AT_Vienna,2026-09-13T15:00Z,20.0,77,15.7,21.6,0.1,89,997.6,2.3,2.8,165,13.0,251.0,284.8,129.0
BE_Brussels,2026-09-13T15:00Z,20.9,77,16.8,21.5,0.1,51,1018.7,11.7,18.1,289,31.3,287.0,241.5,164.0
DE_Berlin,2026-09-13T15:00Z,21.3,64,14.1,21.2,0.0,77,1013.7,9.4,13.6,244,28.8,340.0,510.6,124.0
DE_Hamburg,2026-09-13T15:00Z,18.4,80,14.9,18.5,0.2,100,1016.0,10.5,17.4,298,30.2,119.0,11.3,114.0
DE_Munich,2026-09-13T15:00Z,23.0,44,10.0,21.0,0.0,98,961.6,14.0,21.7,279,33.1,376.0,481.8,148.0
ES_Madrid,2026-09-13T15:00Z,32.0,19,5.9,31.2,0.0,0,947.2,3.4,4.9,178,19.1,662.0,863.0,90.0
FR_Paris,2026-09-13T15:00Z,23.9,59,15.4,24.5,2.2,51,1017.6,8.0,11.0,345,29.9,371.0,405.5,151.0
NL_Amsterdam,2026-09-13T15:00Z,19.6,77,15.4,19.7,0.0,31,1019.6,11.2,16.5,307,28.8,350.0,370.5,168.0
PL_Warsaw,2026-09-13T15:00Z,18.6,66,12.2,18.4,0.0,98,1005.5,5.5,9.8,211,15.1,162.0,105.9,124.0
US_BPAT_Portland,2026-09-13T15:00Z,11.2,95,10.5,9.6,0.0,100,1012.1,12.1,22.4,201,23.8,35.0,49.1,29.0
US_CISO_LosAngeles,2026-09-13T15:00Z,20.8,88,18.8,23.8,0.0,34,1002.0,1.7,2.1,149,9.4,93.0,213.4,54.0
US_CISO_SanFrancisco,2026-09-13T15:00Z,15.5,82,12.4,14.7,0.0,0,1015.2,10.3,17.2,284,26.6,81.0,367.5,32.0
US_ERCO_Dallas,2026-09-13T15:00Z,30.4,63,22.5,34.3,0.0,0,1001.6,8.6,12.4,182,25.6,411.0,685.7,86.0
US_ERCO_Houston,2026-09-13T15:00Z,27.3,85,24.5,32.0,0.1,84,1015.3,11.3,16.6,144,26.6,239.0,111.0,183.0
US_ISNE_Boston,2026-09-13T15:00Z,20.0,95,19.2,22.0,2.8,100,1013.8,10.8,19.8,166,22.0,118.0,6.0,114.0
US_MISO_Chicago,2026-09-13T15:00Z,19.7,71,14.2,19.5,0.0,94,987.1,10.9,15.5,342,27.7,359.0,331.9,184.0
US_NYIS_NewYork,2026-09-13T15:00Z,20.9,99,20.8,24.7,6.9,100,1009.6,3.3,8.5,17,13.7,38.0,0.0,38.0
US_PJM_Philadelphia,2026-09-13T15:00Z,22.7,98,22.3,27.1,1.1,100,1010.9,4.4,8.2,308,10.8,90.0,0.0,90.0
US_SWPP_OklahomaCity,2026-09-13T15:00Z,28.7,62,20.6,31.4,0.0,65,975.1,10.3,16.1,140,28.1,368.0,578.6,105.0
VN_DaNang,2026-09-13T15:00Z,26.9,95,26.0,33.9,0.0,100,1008.9,2.9,3.4,267,7.6,0.0,0.0,0.0
VN_HaNoi,2026-09-13T15:00Z,25.2,81,21.7,28.1,0.3,55,1011.6,12.2,23.9,23,28.8,0.0,0.0,0.0
VN_HoChiMinh,2026-09-13T15:00Z,26.3,92,24.9,32.4,0.0,100,1010.8,3.9,11.2,202,6.8,0.0,0.0,0.0
AT_Vienna,2026-09-13T16:00Z,19.8,75,15.3,20.9,0.1,98,997.5,4.7,9.3,278,9.4,123.0,109.3,93.0
BE_Brussels,2026-09-13T16:00Z,20.3,79,16.5,20.8,0.4,58,1018.8,11.7,17.9,267,30.2,240.0,360.6,102.0
DE_Berlin,2026-09-13T16:00Z,20.3,68,14.1,20.1,0.2,100,1013.6,9.8,15.1,250,26.6,151.0,233.6,84.0
DE_Hamburg,2026-09-13T16:00Z,18.3,81,15.0,18.4,0.0,100,1016.1,10.5,17.6,303,23.0,111.0,41.4,98.0
DE_Munich,2026-09-13T16:00Z,21.9,51,11.2,20.6,0.0,98,961.5,11.4,20.4,307,32.4,150.0,150.1,101.0
ES_Madrid,2026-09-13T16:00Z,31.9,20,5.9,30.1,0.0,0,946.8,5.2,6.8,148,19.4,506.0,803.0,81.0
FR_Paris,2026-09-13T16:00Z,23.8,58,15.0,24.2,0.1,25,1017.5,8.8,12.8,2,23.0,285.0,448.5,99.0
NL_Amsterdam,2026-09-13T16:00Z,19.0,77,14.8,19.3,0.0,13,1019.8,8.6,13.3,312,26.3,265.0,467.4,93.0
PL_Warsaw,2026-09-13T16:00Z,17.8,72,12.7,17.5,0.0,100,1005.0,7.8,16.1,186,15.8,61.0,18.8,57.0
US_BPAT_Portland,2026-09-13T16:00Z,12.4,89,10.6,10.9,0.0,97,1012.4,11.9,19.2,204,26.6,143.0,78.3,120.0
US_CISO_LosAngeles,2026-09-13T16:00Z,22.5,77,18.2,25.1,0.0,49,1002.1,2.3,3.2,128,13.3,251.0,356.0,113.0
US_CISO_SanFrancisco,2026-09-13T16:00Z,16.7,74,12.0,16.0,0.0,0,1015.4,9.0,13.4,284,23.8,273.0,633.4,69.0
US_ERCO_Dallas,2026-09-13T16:00Z,32.6,53,21.8,36.4,0.0,0,1001.4,8.8,12.5,184,27.0,598.0,774.4,100.0
US_ERCO_Houston,2026-09-13T16:00Z,27.0,82,23.7,31.4,1.2,92,1015.8,10.1,14.4,131,33.1,464.0,327.3,243.0
US_ISNE_Boston,2026-09-13T16:00Z,19.9,96,19.2,22.2,5.0,100,1012.8,8.2,17.3,167,20.9,53.0,0.0,53.0
US_MISO_Chicago,2026-09-13T16:00Z,20.7,64,13.7,20.6,0.0,42,987.9,10.2,14.3,349,28.8,589.0,625.4,179.0
US_NYIS_NewYork,2026-09-13T16:00Z,21.3,98,20.9,24.7,1.4,100,1009.4,5.9,12.4,344,17.6,122.0,5.4,118.0
US_PJM_Philadelphia,2026-09-13T16:00Z,23.8,90,22.1,27.9,0.7,89,1010.9,5.3,7.0,305,16.9,257.0,45.4,223.0
US_SWPP_OklahomaCity,2026-09-13T16:00Z,31.0,54,20.7,33.6,0.0,30,974.9,10.7,15.6,149,30.2,545.0,659.8,136.0
VN_DaNang,2026-09-13T16:00Z,26.8,95,25.9,33.6,0.0,99,1008.7,3.6,6.3,195,7.2,0.0,0.0,0.0
VN_HaNoi,2026-09-13T16:00Z,25.3,80,21.7,28.2,0.0,80,1011.8,12.9,24.6,27,24.5,0.0,0.0,0.0
VN_HoChiMinh,2026-09-13T16:00Z,26.1,93,24.8,32.1,0.0,100,1010.7,4.4,10.5,209,8.6,0.0,0.0,0.0
AT_Vienna,2026-09-13T17:00Z,19.0,67,12.8,18.1,0.0,99,997.2,12.0,23.5,281,24.8,35.0,35.3,31.0
BE_Brussels,2026-09-13T17:00Z,19.2,88,17.1,20.4,0.6,69,1018.8,8.8,14.7,252,29.5,133.0,287.1,66.0
DE_Berlin,2026-09-13T17:00Z,19.0,76,14.6,19.2,0.1,100,1013.6,9.1,16.8,251,23.4,42.0,52.1,35.0
DE_Hamburg,2026-09-13T17:00Z,17.7,84,15.0,17.7,0.0,100,1016.3,11.2,20.4,309,22.3,43.0,17.9,40.0
DE_Munich,2026-09-13T17:00Z,18.8,68,12.8,18.5,0.0,100,961.3,7.8,12.8,338,33.5,63.0,62.2,53.0
ES_Madrid,2026-09-13T17:00Z,31.5,20,5.9,29.3,0.0,0,946.6,7.4,10.1,145,22.0,318.0,692.6,67.0
FR_Paris,2026-09-13T17:00Z,23.4,60,15.1,24.1,0.0,24,1017.5,7.2,11.1,351,23.0,176.0,397.2,72.0
NL_Amsterdam,2026-09-13T17:00Z,18.2,80,14.6,18.6,0.0,95,1020.0,7.5,12.1,322,20.5,148.0,399.0,59.0
PL_Warsaw,2026-09-13T17:00Z,17.1,74,12.4,16.7,0.0,88,1005.0,7.6,17.5,192,16.2,11.0,12.0,10.0
US_BPAT_Portland,2026-09-13T17:00Z,14.2,76,10.0,11.8,0.0,100,1012.4,16.3,24.6,205,37.8,289.0,284.4,160.0
US_CISO_LosAngeles,2026-09-13T17:00Z,24.7,66,17.9,27.1,0.0,11,1001.9,2.6,3.6,135,15.5,456.0,534.8,152.0
US_CISO_SanFrancisco,2026-09-13T17:00Z,18.5,63,11.2,17.1,0.0,0,1015.2,11.9,16.3,295,32.4,473.0,766.7,88.0
US_ERCO_Dallas,2026-09-13T17:00Z,34.8,42,20.2,38.5,0.0,0,1000.7,9.2,13.0,181,28.8,744.0,829.2,105.0
US_ERCO_Houston,2026-09-13T17:00Z,29.8,73,24.5,34.7,0.2,92,1015.4,10.3,14.7,162,27.4,550.0,327.8,287.0
US_ISNE_Boston,2026-09-13T17:00Z,20.0,97,19.5,22.2,7.6,100,1011.6,9.9,18.2,154,18.7,50.0,0.0,50.0
US_MISO_Chicago,2026-09-13T17:00Z,20.9,65,14.2,21.5,0.0,47,987.6,11.9,16.4,4,31.3,730.0,826.1,117.0
US_NYIS_NewYork,2026-09-13T17:00Z,21.7,96,20.9,25.2,0.9,91,1008.7,5.4,9.5,346,17.3,186.0,22.7,168.0
US_PJM_Philadelphia,2026-09-13T17:00Z,25.0,82,21.7,28.5,0.1,100,1010.3,9.0,13.2,301,23.0,333.0,107.8,247.0
US_SWPP_OklahomaCity,2026-09-13T17:00Z,33.2,48,20.6,36.6,0.0,43,974.5,11.4,16.5,158,32.4,713.0,812.9,107.0
VN_DaNang,2026-09-13T17:00Z,26.6,94,25.5,32.8,0.0,100,1008.4,5.1,11.0,169,10.8,0.0,0.0,0.0
VN_HaNoi,2026-09-13T17:00Z,25.0,81,21.6,27.7,0.1,65,1011.4,13.9,24.7,8,29.5,0.0,0.0,0.0
VN_HoChiMinh,2026-09-13T17:00Z,26.1,93,24.9,32.3,0.0,100,1010.2,3.1,9.0,195,8.6,0.0,0.0,0.0
AT_Vienna,2026-09-13T18:00Z,17.2,71,11.8,15.5,0.4,85,997.7,15.3,29.3,283,32.4,0.0,0.0,0.0
BE_Brussels,2026-09-13T18:00Z,18.3,94,17.2,19.5,0.4,55,1019.3,9.2,18.1,243,22.7,28.0,96.4,19.0
DE_Berlin,2026-09-13T18:00Z,17.1,93,16.0,18.5,0.0,99,1014.1,4.1,11.4,283,18.4,3.0,0.0,3.0
DE_Hamburg,2026-09-13T18:00Z,17.1,86,14.7,16.8,0.1,99,1017.1,12.9,23.1,323,28.4,5.0,0.0,5.0
DE_Munich,2026-09-13T18:00Z,16.4,87,14.2,16.9,0.6,100,961.8,5.8,12.3,308,24.1,4.0,0.0,4.0
ES_Madrid,2026-09-13T18:00Z,30.5,21,5.8,28.2,0.0,0,946.3,8.9,13.6,143,22.0,126.0,483.9,42.0
FR_Paris,2026-09-13T18:00Z,23.1,63,15.7,24.1,0.0,58,1017.6,6.4,14.3,350,17.3,51.0,224.0,27.0
NL_Amsterdam,2026-09-13T18:00Z,17.2,86,14.8,18.2,0.0,99,1020.4,4.0,12.1,349,15.5,27.0,101.3,18.0
PL_Warsaw,2026-09-13T18:00Z,16.7,77,12.7,16.5,0.0,100,1005.1,6.8,16.4,210,15.1,0.0,0.0,0.0
US_BPAT_Portland,2026-09-13T18:00Z,15.7,70,10.3,13.8,0.1,100,1013.3,13.3,19.7,214,37.8,347.0,189.5,236.0
US_CISO_LosAngeles,2026-09-13T18:00Z,26.3,60,17.9,28.9,0.0,25,1002.4,4.3,5.6,165,17.3,615.0,618.7,174.0
US_CISO_SanFrancisco,2026-09-13T18:00Z,19.4,64,12.3,18.5,0.0,0,1015.8,14.6,19.2,277,38.2,643.0,834.6,100.0
US_ERCO_Dallas,2026-09-13T18:00Z,36.3,36,19.1,40.1,0.0,1,1000.5,8.8,12.1,177,32.0,834.0,855.0,109.0
US_ERCO_Houston,2026-09-13T18:00Z,28.5,81,24.9,35.5,0.0,97,1014.7,3.9,5.4,130,27.4,687.0,365.1,367.0
US_ISNE_Boston,2026-09-13T18:00Z,19.6,96,19.0,21.8,7.5,100,1011.3,7.8,14.8,121,23.8,77.0,0.0,77.0
US_MISO_Chicago,2026-09-13T18:00Z,21.3,62,13.7,21.7,0.0,100,989.2,13.7,19.3,359,35.6,781.0,863.2,107.0
US_NYIS_NewYork,2026-09-13T18:00Z,25.0,79,21.1,28.9,0.1,100,1008.4,6.5,9.3,324,23.8,618.0,416.9,291.0
US_PJM_Philadelphia,2026-09-13T18:00Z,26.4,75,21.6,30.1,0.0,45,1010.0,6.9,10.1,301,25.2,519.0,285.7,292.0
US_SWPP_OklahomaCity,2026-09-13T18:00Z,34.0,39,18.1,35.9,0.0,17,973.7,15.7,22.8,171,38.2,807.0,838.6,117.0
VN_DaNang,2026-09-13T18:00Z,26.7,92,25.3,32.6,0.1,100,1008.3,7.1,13.2,156,10.1,0.0,0.0,0.0
VN_HaNoi,2026-09-13T18:00Z,25.4,79,21.5,27.8,0.0,99,1010.9,15.3,26.5,3,29.2,0.0,0.0,0.0
VN_HoChiMinh,2026-09-13T18:00Z,26.4,94,25.3,32.5,0.0,99,1009.7,5.7,11.7,159,6.1,0.0,0.0,0.0
AT_Vienna,2026-09-13T19:00Z,17.1,74,12.4,15.8,0.1,93,997.8,14.1,27.7,287,32.4,0.0,0.0,0.0
BE_Brussels,2026-09-13T19:00Z,18.0,94,17.0,19.1,0.4,100,1019.8,8.9,17.5,272,18.7,0.0,0.0,0.0
DE_Berlin,2026-09-13T19:00Z,16.9,95,16.1,18.0,0.3,100,1014.4,6.3,12.1,267,11.9,0.0,0.0,0.0
DE_Hamburg,2026-09-13T19:00Z,16.0,87,13.8,15.1,0.0,40,1018.2,14.5,25.2,321,30.6,0.0,0.0,0.0
DE_Munich,2026-09-13T19:00Z,15.7,91,14.3,15.6,1.4,100,962.3,10.3,19.3,273,22.0,0.0,0.0,0.0
ES_Madrid,2026-09-13T19:00Z,29.5,23,6.3,28.0,0.0,0,946.2,3.4,9.0,120,20.9,7.0,52.3,4.0
FR_Paris,2026-09-13T19:00Z,22.5,69,16.4,24.1,0.0,27,1017.8,4.0,11.2,354,12.2,0.0,0.0,0.0
NL_Amsterdam,2026-09-13T19:00Z,17.3,85,14.7,18.2,0.0,71,1020.7,4.1,10.4,1,9.0,0.0,0.0,0.0
PL_Warsaw,2026-09-13T19:00Z,16.3,80,12.8,16.4,0.0,100,1005.2,5.1,14.1,228,13.0,0.0,0.0,0.0
US_BPAT_Portland,2026-09-13T19:00Z,15.0,74,10.5,13.5,0.2,99,1013.5,11.6,18.0,224,30.2,107.0,0.0,107.0
US_CISO_LosAngeles,2026-09-13T19:00Z,28.4,53,17.8,31.9,0.0,12,1001.8,4.1,5.4,188,19.4,758.0,707.7,184.0
US_CISO_SanFrancisco,2026-09-13T19:00Z,19.9,63,12.7,19.4,0.0,0,1015.5,16.8,22.2,274,43.9,765.0,867.5,108.0
US_ERCO_Dallas,2026-09-13T19:00Z,37.4,32,17.9,40.3,0.0,10,999.5,11.3,15.8,172,33.5,859.0,860.0,111.0
US_ERCO_Houston,2026-09-13T19:00Z,31.0,71,25.1,37.4,0.0,97,1013.9,6.1,8.2,148,19.1,637.0,251.9,412.0
US_ISNE_Boston,2026-09-13T19:00Z,19.4,97,18.9,21.7,3.7,100,1009.4,6.9,13.0,115,16.2,60.0,0.0,60.0
US_MISO_Chicago,2026-09-13T19:00Z,20.1,68,13.9,19.7,0.0,100,988.7,10.7,15.0,20,32.4,328.0,42.9,295.0
US_NYIS_NewYork,2026-09-13T19:00Z,26.1,74,21.2,29.7,0.1,64,1007.7,5.9,8.9,318,21.2,489.0,286.3,281.0
US_PJM_Philadelphia,2026-09-13T19:00Z,27.4,69,21.2,31.2,0.0,8,1009.1,5.5,8.1,299,19.4,561.0,441.9,234.0
US_SWPP_OklahomaCity,2026-09-13T19:00Z,35.6,34,17.2,37.1,0.0,58,973.5,14.5,21.7,170,41.8,762.0,706.5,164.0
VN_DaNang,2026-09-13T19:00Z,26.5,92,25.1,32.1,0.1,100,1008.1,7.7,14.6,176,15.8,0.0,0.0,0.0
VN_HaNoi,2026-09-13T19:00Z,24.9,81,21.4,27.3,0.0,93,1010.4,14.8,26.6,1,29.9,0.0,0.0,0.0
VN_HoChiMinh,2026-09-13T19:00Z,26.0,95,25.2,32.4,0.0,100,1009.2,3.5,10.1,151,11.2,0.0,0.0,0.0
AT_Vienna,2026-09-13T20:00Z,16.8,77,12.7,15.6,0.0,92,998.0,13.8,26.5,288,30.2,0.0,0.0,0.0
BE_Brussels,2026-09-13T20:00Z,17.7,96,17.1,19.2,0.1,45,1019.9,6.9,14.0,277,18.0,0.0,0.0,0.0
DE_Berlin,2026-09-13T20:00Z,16.6,96,16.0,17.6,0.0,98,1014.6,7.5,14.6,260,13.7,0.0,0.0,0.0
DE_Hamburg,2026-09-13T20:00Z,15.1,86,12.7,14.4,0.0,14,1018.3,10.4,19.4,327,30.2,0.0,0.0,0.0
DE_Munich,2026-09-13T20:00Z,15.2,93,14.2,15.0,1.5,100,962.4,10.8,20.8,238,21.2,0.0,0.0,0.0
ES_Madrid,2026-09-13T20:00Z,28.9,29,9.2,28.6,0.0,0,946.7,0.2,3.0,142,7.9,0.0,0.0,0.0
FR_Paris,2026-09-13T20:00Z,21.6,73,16.6,22.9,0.0,32,1018.2,6.9,14.6,341,13.3,0.0,0.0,0.0
NL_Amsterdam,2026-09-13T20:00Z,16.4,90,14.7,17.5,0.0,16,1021.2,2.6,7.2,347,7.9,0.0,0.0,0.0
PL_Warsaw,2026-09-13T20:00Z,15.9,82,12.9,16.2,0.0,100,1005.2,4.0,11.6,238,9.7,0.0,0.0,0.0
US_BPAT_Portland,2026-09-13T20:00Z,16.5,69,10.8,15.0,0.1,100,1013.7,12.1,18.3,217,30.2,326.0,64.2,279.0
US_CISO_LosAngeles,2026-09-13T20:00Z,30.3,46,17.4,33.9,0.0,0,1001.1,5.2,6.9,211,21.2,831.0,797.6,148.0
US_CISO_SanFrancisco,2026-09-13T20:00Z,20.2,63,12.9,19.8,0.0,0,1015.0,18.7,24.7,268,47.5,833.0,885.9,111.0
US_ERCO_Dallas,2026-09-13T20:00Z,37.8,29,16.7,39.5,0.0,13,998.4,12.2,17.0,173,34.6,764.0,765.7,125.0
US_ERCO_Houston,2026-09-13T20:00Z,31.6,69,25.2,37.4,0.1,94,1013.0,10.9,15.7,158,28.4,645.0,367.7,332.0
US_ISNE_Boston,2026-09-13T20:00Z,19.3,97,18.9,21.7,2.0,100,1008.4,6.5,13.0,96,18.7,54.0,0.0,54.0
US_MISO_Chicago,2026-09-13T20:00Z,18.3,77,14.3,18.2,1.5,100,988.0,10.0,13.9,25,27.7,159.0,2.8,157.0
US_NYIS_NewYork,2026-09-13T20:00Z,26.5,71,20.8,29.8,0.2,26,1007.3,6.3,9.2,320,16.9,360.0,299.0,174.0
US_PJM_Philadelphia,2026-09-13T20:00Z,28.0,65,20.9,31.6,0.0,14,1008.6,5.5,7.9,290,17.3,565.0,716.9,108.0
US_SWPP_OklahomaCity,2026-09-13T20:00Z,36.0,32,16.9,36.8,0.0,72,972.5,14.1,20.7,191,41.0,633.0,478.7,243.0
VN_DaNang,2026-09-13T20:00Z,26.3,91,24.8,32.0,0.6,100,1008.1,6.3,12.0,167,15.5,0.0,0.0,0.0
VN_HaNoi,2026-09-13T20:00Z,24.6,83,21.4,26.8,0.2,59,1010.0,15.8,28.3,4,31.7,0.0,0.0,0.0
VN_HoChiMinh,2026-09-13T20:00Z,26.0,95,25.1,32.5,0.0,98,1009.0,2.2,8.4,160,6.8,0.0,0.0,0.0
AT_Vienna,2026-09-13T21:00Z,16.1,84,13.5,15.5,0.3,99,997.8,11.4,23.4,284,29.2,0.0,0.0,0.0
BE_Brussels,2026-09-13T21:00Z,17.6,97,17.1,19.1,0.1,96,1020.1,6.3,13.2,274,13.7,0.0,0.0,0.0
DE_Berlin,2026-09-13T21:00Z,16.5,96,15.9,17.0,0.0,98,1014.8,10.6,20.9,281,19.4,0.0,0.0,0.0
DE_Hamburg,2026-09-13T21:00Z,14.2,87,12.2,13.4,0.0,11,1018.8,10.3,20.0,316,21.2,0.0,0.0,0.0
DE_Munich,2026-09-13T21:00Z,15.2,94,14.3,14.7,2.8,100,962.3,13.2,24.2,249,23.4,0.0,0.0,0.0
ES_Madrid,2026-09-13T21:00Z,27.8,28,7.6,27.1,0.0,0,947.0,0.4,1.3,254,2.9,0.0,0.0,0.0
FR_Paris,2026-09-13T21:00Z,20.8,79,17.0,22.5,0.0,63,1018.5,5.0,11.4,356,14.0,0.0,0.0,0.0
NL_Amsterdam,2026-09-13T21:00Z,15.5,94,14.5,16.5,0.0,38,1021.5,2.9,7.0,359,5.8,0.0,0.0,0.0
PL_Warsaw,2026-09-13T21:00Z,15.5,84,12.8,15.6,0.0,97,1005.0,4.8,10.3,230,9.4,0.0,0.0,0.0
US_BPAT_Portland,2026-09-13T21:00Z,16.6,69,10.9,15.1,0.3,100,1013.7,12.2,18.3,232,30.6,205.0,16.3,193.0
US_CISO_LosAngeles,2026-09-13T21:00Z,31.1,44,17.6,34.2,0.0,0,1000.0,8.9,12.0,224,27.4,831.0,837.3,123.0
US_CISO_SanFrancisco,2026-09-13T21:00Z,20.2,63,12.9,19.2,0.0,0,1014.5,22.5,30.1,268,53.6,838.0,888.2,110.0
US_ERCO_Dallas,2026-09-13T21:00Z,38.0,28,16.3,39.1,0.0,15,997.9,11.4,16.1,174,34.6,665.0,717.0,131.0
US_ERCO_Houston,2026-09-13T21:00Z,32.5,60,23.9,37.1,0.0,98,1012.5,10.3,15.1,163,29.2,572.0,424.9,252.0
US_ISNE_Boston,2026-09-13T21:00Z,19.7,96,19.0,22.6,0.8,91,1008.6,3.5,5.3,35,12.2,66.0,0.0,66.0
US_MISO_Chicago,2026-09-13T21:00Z,18.7,72,13.5,18.3,0.4,100,988.5,10.2,15.0,321,26.6,214.0,43.3,188.0
US_NYIS_NewYork,2026-09-13T21:00Z,27.0,68,20.7,30.3,0.1,22,1007.0,6.0,8.4,320,18.4,404.0,648.9,94.0
US_PJM_Philadelphia,2026-09-13T21:00Z,28.1,64,20.6,31.5,0.0,14,1008.2,5.4,8.1,274,16.6,407.0,627.2,97.0
US_SWPP_OklahomaCity,2026-09-13T21:00Z,36.1,31,16.2,36.0,0.0,66,971.8,14.9,22.2,177,38.5,550.0,509.6,178.0
VN_DaNang,2026-09-13T21:00Z,25.9,94,24.9,31.7,1.5,100,1008.1,5.5,10.5,183,12.2,0.0,0.0,0.0
VN_HaNoi,2026-09-13T21:00Z,24.0,88,21.8,26.8,0.3,65,1009.9,13.5,24.9,2,31.0,0.0,0.0,0.0
VN_HoChiMinh,2026-09-13T21:00Z,26.0,94,24.9,32.2,0.0,89,1008.4,3.0,9.0,158,5.8,0.0,0.0,0.0
AT_Vienna,2026-09-13T22:00Z,16.0,88,13.9,15.5,0.4,98,997.7,11.7,24.0,288,23.4,0.0,0.0,0.0
BE_Brussels,2026-09-13T22:00Z,17.5,98,17.1,19.1,0.1,98,1020.1,6.3,12.4,268,13.0,0.0,0.0,0.0
DE_Berlin,2026-09-13T22:00Z,16.4,96,15.7,16.9,0.0,100,1015.1,9.8,19.5,292,20.5,0.0,0.0,0.0
DE_Hamburg,2026-09-13T22:00Z,13.6,88,11.6,12.6,0.0,15,1019.5,10.2,20.1,318,21.6,0.0,0.0,0.0
DE_Munich,2026-09-13T22:00Z,15.4,94,14.5,14.3,0.8,97,962.4,17.5,31.0,256,33.8,0.0,0.0,0.0
ES_Madrid,2026-09-13T22:00Z,27.2,27,6.7,25.9,0.0,0,947.1,2.5,5.4,354,5.4,0.0,0.0,0.0
FR_Paris,2026-09-13T22:00Z,19.9,85,17.3,22.1,0.0,84,1018.4,2.6,7.6,342,10.1,0.0,0.0,0.0
NL_Amsterdam,2026-09-13T22:00Z,15.2,95,14.5,16.1,0.0,76,1021.7,4.2,10.9,40,7.9,0.0,0.0,0.0
PL_Warsaw,2026-09-13T22:00Z,15.1,86,12.7,15.2,0.0,100,1005.0,5.1,9.8,220,10.1,0.0,0.0,0.0
US_BPAT_Portland,2026-09-13T22:00Z,16.0,74,11.4,14.9,0.2,87,1013.8,9.9,16.3,225,28.8,81.0,0.0,81.0
US_CISO_LosAngeles,2026-09-13T22:00Z,30.5,49,18.7,33.3,0.0,0,999.5,11.2,15.3,228,32.0,767.0,839.0,113.0
US_CISO_SanFrancisco,2026-09-13T22:00Z,20.3,61,12.7,18.8,0.0,0,1014.0,23.6,31.9,273,56.2,780.0,872.9,107.0
US_ERCO_Dallas,2026-09-13T22:00Z,37.8,28,16.4,38.2,0.0,23,997.4,12.7,17.9,168,33.5,547.0,730.5,104.0
US_ERCO_Houston,2026-09-13T22:00Z,32.5,55,22.4,36.3,0.0,95,1011.9,9.4,13.9,155,26.6,413.0,321.9,218.0
US_ISNE_Boston,2026-09-13T22:00Z,20.1,94,19.1,22.6,0.1,100,1008.1,6.4,8.6,329,14.8,156.0,296.5,78.0
US_MISO_Chicago,2026-09-13T22:00Z,18.4,67,12.1,17.8,0.0,98,988.5,8.6,12.8,286,24.8,134.0,4.4,132.0
US_NYIS_NewYork,2026-09-13T22:00Z,26.4,72,21.0,30.1,0.1,28,1006.8,4.2,6.5,309,15.8,220.0,497.2,69.0
US_PJM_Philadelphia,2026-09-13T22:00Z,27.8,67,21.0,31.3,0.0,30,1008.2,5.8,10.8,273,15.1,237.0,518.6,71.0
US_SWPP_OklahomaCity,2026-09-13T22:00Z,36.1,32,16.8,36.4,0.0,88,971.5,13.8,20.4,171,38.2,491.0,546.9,164.0
VN_DaNang,2026-09-13T22:00Z,25.8,95,25.0,32.2,2.3,100,1008.4,2.1,5.1,190,18.0,0.0,0.0,0.0
VN_HaNoi,2026-09-13T22:00Z,23.9,87,21.6,26.3,0.1,82,1009.7,15.2,27.5,1,28.8,0.0,0.0,0.0
VN_HoChiMinh,2026-09-13T22:00Z,26.0,93,24.8,32.1,0.0,63,1008.5,3.2,8.8,157,6.5,0.0,0.0,0.0
AT_Vienna,2026-09-13T23:00Z,15.9,89,14.1,15.5,0.4,100,997.6,12.0,23.5,284,23.4,0.0,0.0,0.0
BE_Brussels,2026-09-13T23:00Z,17.4,98,17.1,19.0,0.1,98,1020.2,5.8,11.4,264,12.6,0.0,0.0,0.0
DE_Berlin,2026-09-13T23:00Z,15.9,97,15.4,16.3,0.0,100,1015.1,9.4,18.6,293,18.7,0.0,0.0,0.0
DE_Hamburg,2026-09-13T23:00Z,12.8,89,11.1,12.0,0.0,67,1020.0,8.0,17.7,322,21.2,0.0,0.0,0.0
DE_Munich,2026-09-13T23:00Z,15.2,92,13.8,13.6,0.0,85,962.4,19.1,33.8,262,39.2,0.0,0.0,0.0
ES_Madrid,2026-09-13T23:00Z,26.3,29,6.9,25.1,0.0,0,946.8,2.7,7.2,27,6.8,0.0,0.0,0.0
FR_Paris,2026-09-13T23:00Z,19.4,88,17.3,21.7,0.0,95,1018.5,1.6,4.8,304,5.0,0.0,0.0,0.0
NL_Amsterdam,2026-09-13T23:00Z,14.8,96,14.2,15.5,0.0,95,1021.7,4.1,12.9,77,8.3,0.0,0.0,0.0
PL_Warsaw,2026-09-13T23:00Z,14.8,86,12.5,14.8,0.0,100,1005.1,5.1,10.7,216,10.4,0.0,0.0,0.0
US_BPAT_Portland,2026-09-13T23:00Z,17.9,64,10.9,16.6,0.0,99,1013.9,10.9,16.3,225,29.5,360.0,236.8,216.0
US_CISO_LosAngeles,2026-09-13T23:00Z,29.5,51,18.4,31.5,0.0,0,998.9,10.9,15.2,235,32.4,639.0,817.9,97.0
US_CISO_SanFrancisco,2026-09-13T23:00Z,20.3,60,12.4,18.3,0.0,0,1013.5,22.4,30.1,280,56.5,664.0,837.4,101.0
US_ERCO_Dallas,2026-09-13T23:00Z,36.9,29,16.1,36.8,0.0,26,997.1,14.7,21.1,164,36.7,330.0,566.5,87.0
US_ERCO_Houston,2026-09-13T23:00Z,32.2,56,22.2,35.8,0.0,43,1011.6,9.5,14.9,150,22.3,261.0,276.7,145.0
US_ISNE_Boston,2026-09-13T23:00Z,19.5,97,19.1,22.3,0.0,100,1007.6,4.9,10.3,327,15.1,35.0,105.4,24.0
US_MISO_Chicago,2026-09-13T23:00Z,18.2,65,11.6,17.4,0.0,68,988.6,9.0,13.7,314,22.3,111.0,60.1,94.0
US_NYIS_NewYork,2026-09-13T23:00Z,25.1,80,21.4,29.1,0.1,10,1006.9,4.1,10.0,221,10.4,62.0,264.2,29.0
US_PJM_Philadelphia,2026-09-13T23:00Z,26.4,77,21.9,30.7,0.0,6,1008.4,3.7,10.2,253,12.6,70.0,277.8,33.0
US_SWPP_OklahomaCity,2026-09-13T23:00Z,34.9,35,17.4,35.5,0.0,91,971.1,13.9,20.8,168,37.8,331.0,486.6,123.0
VN_DaNang,2026-09-13T23:00Z,26.1,93,24.8,32.4,3.1,100,1008.8,1.4,3.2,137,13.3,2.0,0.0,2.0
VN_HaNoi,2026-09-13T23:00Z,23.8,87,21.5,26.0,0.1,95,1009.8,16.2,28.6,2,32.4,1.0,0.0,1.0
VN_HoChiMinh,2026-09-13T23:00Z,26.0,93,24.8,32.2,0.0,96,1008.6,2.8,7.7,152,6.5,3.0,0.0,3.0
AT_Vienna,2026-09-14T00:00Z,16.3,92,15.0,16.4,0.5,100,997.2,10.3,21.7,287,26.6,0.0,0.0,0.0
BE_Brussels,2026-09-14T00:00Z,17.4,98,17.1,18.7,0.0,100,1020.2,8.3,17.6,256,11.9,0.0,0.0,0.0
DE_Berlin,2026-09-14T00:00Z,16.0,93,14.8,16.1,0.0,85,1015.5,10.5,20.8,302,20.5,0.0,0.0,0.0
DE_Hamburg,2026-09-14T00:00Z,12.7,89,11.0,12.0,0.0,100,1020.1,7.1,14.8,312,16.6,0.0,0.0,0.0
DE_Munich,2026-09-14T00:00Z,15.3,96,14.6,14.5,0.5,100,962.5,16.0,28.6,275,38.9,0.0,0.0,0.0
ES_Madrid,2026-09-14T00:00Z,24.3,35,7.7,23.4,0.0,0,946.5,2.0,8.5,27,5.8,0.0,0.0,0.0
FR_Paris,2026-09-14T00:00Z,19.0,86,16.5,20.7,0.0,88,1018.5,3.6,7.6,335,4.3,0.0,0.0,0.0
NL_Amsterdam,2026-09-14T00:00Z,14.3,99,14.1,15.0,0.0,78,1021.8,3.8,11.3,90,7.9,0.0,0.0,0.0
PL_Warsaw,2026-09-14T00:00Z,14.0,96,13.4,14.6,0.0,100,1005.2,3.1,7.8,218,9.7,0.0,0.0,0.0
US_BPAT_Portland,2026-09-14T00:00Z,16.7,74,12.0,15.7,0.0,96,1014.5,10.9,17.2,204,27.7,112.0,8.3,108.0
US_CISO_LosAngeles,2026-09-14T00:00Z,27.9,56,18.2,29.3,0.0,0,998.8,10.4,14.6,230,31.0,459.0,747.7,83.0
US_CISO_SanFrancisco,2026-09-14T00:00Z,19.5,64,12.5,17.4,0.0,0,1013.4,19.3,26.1,273,53.6,501.0,776.8,89.0
US_ERCO_Dallas,2026-09-14T00:00Z,36.0,34,17.8,36.7,0.0,22,997.7,13.8,20.9,160,36.4,151.0,423.1,56.0
US_ERCO_Houston,2026-09-14T00:00Z,29.8,72,24.2,34.8,0.0,70,1012.4,8.1,14.9,149,23.8,139.0,422.1,52.0
US_ISNE_Boston,2026-09-14T00:00Z,19.1,98,18.8,22.1,0.0,17,1008.2,2.4,7.2,13,10.8,0.0,0.0,0.0
US_MISO_Chicago,2026-09-14T00:00Z,17.3,72,12.2,16.7,0.0,2,988.8,8.7,14.1,323,22.0,51.0,174.7,31.0
US_NYIS_NewYork,2026-09-14T00:00Z,24.1,86,21.7,28.0,0.0,2,1007.8,5.5,12.2,172,9.7,0.0,0.0,0.0
US_PJM_Philadelphia,2026-09-14T00:00Z,25.5,79,21.6,29.7,0.0,3,1009.4,3.3,6.7,254,13.3,1.0,0.0,1.0
US_SWPP_OklahomaCity,2026-09-14T00:00Z,31.4,47,18.8,33.0,0.0,82,970.9,11.0,20.8,165,34.2,130.0,212.8,81.0
VN_DaNang,2026-09-14T00:00Z,26.2,95,25.3,31.9,1.4,100,1009.6,8.5,13.9,170,9.0,29.0,0.0,29.0
VN_HaNoi,2026-09-14T00:00Z,25.5,82,22.1,27.7,0.0,98,1010.5,18.9,30.2,14,32.0,60.0,75.1,47.0
VN_HoChiMinh,2026-09-14T00:00Z,27.3,88,25.1,33.7,0.0,84,1009.6,2.4,5.7,152,9.4,112.0,301.2,56.0
AT_Vienna,2026-09-14T01:00Z,16.5,93,15.3,16.3,0.3,100,997.0,13.6,25.9,285,26.6,0.0,0.0,0.0
BE_Brussels,2026-09-14T01:00Z,17.6,98,17.2,18.9,0.1,91,1020.3,8.7,17.3,262,17.3,0.0,0.0,0.0
DE_Berlin,2026-09-14T01:00Z,15.7,96,15.1,15.9,0.1,52,1016.0,10.1,20.8,303,20.5,0.0,0.0,0.0
DE_Hamburg,2026-09-14T01:00Z,12.6,89,10.9,12.0,0.0,94,1020.3,5.9,14.4,312,14.0,0.0,0.0,0.0
DE_Munich,2026-09-14T01:00Z,15.4,95,14.5,14.6,0.0,95,962.8,15.3,27.1,286,31.7,0.0,0.0,0.0
ES_Madrid,2026-09-14T01:00Z,23.3,35,6.9,21.8,0.0,0,947.1,4.6,11.5,76,10.1,0.0,0.0,0.0
FR_Paris,2026-09-14T01:00Z,18.6,87,16.3,20.1,0.0,59,1018.7,4.1,10.5,329,10.8,0.0,0.0,0.0
NL_Amsterdam,2026-09-14T01:00Z,14.2,99,14.1,14.9,0.0,69,1021.9,4.2,11.9,110,7.6,0.0,0.0,0.0
PL_Warsaw,2026-09-14T01:00Z,14.1,96,13.6,14.5,0.2,100,1004.9,5.2,9.8,224,9.4,0.0,0.0,0.0
US_BPAT_Portland,2026-09-14T01:00Z,17.0,74,12.3,16.4,0.1,56,1014.5,8.9,15.3,202,25.6,102.0,33.6,91.0
US_CISO_LosAngeles,2026-09-14T01:00Z,26.4,60,17.9,28.0,0.0,0,998.8,8.3,11.8,224,27.7,253.0,604.2,65.0
US_CISO_SanFrancisco,2026-09-14T01:00Z,19.0,66,12.5,17.3,0.0,0,1013.0,16.8,23.2,277,45.4,306.0,659.6,72.0
US_ERCO_Dallas,2026-09-14T01:00Z,35.3,36,17.9,36.3,0.0,5,998.1,12.5,19.5,150,33.1,15.0,74.7,9.0
US_ERCO_Houston,2026-09-14T01:00Z,29.2,75,24.2,34.7,0.0,39,1012.6,4.8,13.7,147,16.2,9.0,28.7,7.0
US_ISNE_Boston,2026-09-14T01:00Z,19.1,99,18.9,21.8,0.0,88,1008.9,4.5,8.7,312,8.3,0.0,0.0,0.0
US_MISO_Chicago,2026-09-14T01:00Z,17.0,76,12.8,16.9,0.0,0,989.0,6.9,13.3,324,18.4,0.0,0.0,0.0
US_NYIS_NewYork,2026-09-14T01:00Z,23.7,90,21.9,27.6,0.0,35,1008.6,6.4,16.6,179,13.3,0.0,0.0,0.0
US_PJM_Philadelphia,2026-09-14T01:00Z,25.0,83,21.9,29.0,0.0,16,1010.0,5.5,12.5,224,10.8,0.0,0.0,0.0
US_SWPP_OklahomaCity,2026-09-14T01:00Z,31.8,47,18.9,33.6,0.0,63,971.1,10.0,24.5,145,21.2,17.0,59.3,12.0
VN_DaNang,2026-09-14T01:00Z,26.8,88,24.7,32.4,0.0,96,1010.0,6.2,8.5,163,18.0,162.0,82.6,125.0
VN_HaNoi,2026-09-14T01:00Z,26.3,80,22.6,29.3,0.1,100,1010.9,15.0,24.5,16,37.4,188.0,106.1,145.0
VN_HoChiMinh,2026-09-14T01:00Z,28.5,81,25.0,34.7,0.1,82,1010.2,3.8,5.4,146,15.5,321.0,482.6,114.0
AT_Vienna,2026-09-14T02:00Z,16.6,92,15.3,16.2,0.2,100,997.0,15.3,28.2,282,30.6,0.0,0.0,0.0
BE_Brussels,2026-09-14T02:00Z,17.5,98,17.2,18.9,0.2,99,1020.3,7.7,14.8,264,16.9,0.0,0.0,0.0
DE_Berlin,2026-09-14T02:00Z,15.3,96,14.7,14.9,0.1,100,1016.6,13.5,25.0,313,26.3,0.0,0.0,0.0
DE_Hamburg,2026-09-14T02:00Z,13.1,88,11.2,12.5,0.0,98,1020.8,6.3,15.1,308,12.6,0.0,0.0,0.0
DE_Munich,2026-09-14T02:00Z,15.1,94,14.2,14.5,0.0,99,963.2,12.9,23.4,284,31.3,0.0,0.0,0.0
ES_Madrid,2026-09-14T02:00Z,22.3,37,7.0,21.1,0.0,0,946.9,2.4,7.4,103,10.1,0.0,0.0,0.0
FR_Paris,2026-09-14T02:00Z,17.8,91,16.3,19.6,0.0,18,1018.5,2.5,7.3,329,9.7,0.0,0.0,0.0
NL_Amsterdam,2026-09-14T02:00Z,13.8,100,13.8,14.3,0.0,99,1022.0,4.2,11.9,122,7.9,0.0,0.0,0.0
PL_Warsaw,2026-09-14T02:00Z,14.0,97,13.5,14.4,0.0,98,1005.2,4.8,10.6,228,10.1,0.0,0.0,0.0
US_BPAT_Portland,2026-09-14T02:00Z,16.8,74,12.1,16.1,0.0,21,1015.0,9.0,17.8,218,20.5,83.0,255.6,44.0
US_CISO_LosAngeles,2026-09-14T02:00Z,24.9,66,18.0,26.9,0.0,0,998.8,6.1,8.9,209,22.7,63.0,302.0,25.0
US_CISO_SanFrancisco,2026-09-14T02:00Z,18.1,70,12.4,16.9,0.0,0,1012.8,13.0,19.1,279,40.3,110.0,438.1,41.0
US_ERCO_Dallas,2026-09-14T02:00Z,34.3,39,18.5,35.7,0.0,4,998.7,11.6,19.4,140,29.2,0.0,0.0,0.0
US_ERCO_Houston,2026-09-14T02:00Z,29.1,75,24.2,33.7,0.0,16,1013.2,10.2,20.8,162,19.8,0.0,0.0,0.0
US_ISNE_Boston,2026-09-14T02:00Z,18.8,99,18.7,21.1,0.0,34,1009.4,6.7,11.9,281,11.9,0.0,0.0,0.0
US_MISO_Chicago,2026-09-14T02:00Z,16.8,78,12.9,16.8,0.0,0,989.8,6.2,12.8,328,15.5,0.0,0.0,0.0
US_NYIS_NewYork,2026-09-14T02:00Z,23.3,92,21.9,27.5,0.0,34,1008.8,4.6,14.1,208,12.6,0.0,0.0,0.0
US_PJM_Philadelphia,2026-09-14T02:00Z,24.4,85,21.8,28.3,0.0,11,1010.3,6.1,16.1,235,11.9,0.0,0.0,0.0
US_SWPP_OklahomaCity,2026-09-14T02:00Z,32.3,42,17.9,33.1,0.0,56,971.9,14.0,26.5,145,32.0,0.0,0.0,0.0
VN_DaNang,2026-09-14T02:00Z,28.0,79,24.1,33.0,0.0,99,1010.7,7.2,9.8,156,19.1,361.0,154.3,260.0
VN_HaNoi,2026-09-14T02:00Z,25.3,88,23.3,28.2,1.6,100,1011.1,19.0,30.5,13,35.6,89.0,0.0,89.0
VN_HoChiMinh,2026-09-14T02:00Z,29.8,74,24.7,35.4,0.0,55,1010.6,6.6,9.2,173,23.0,533.0,590.5,153.0
AT_Vienna,2026-09-14T03:00Z,16.4,93,15.2,15.9,0.5,100,996.9,15.7,28.6,284,32.0,0.0,0.0,0.0
BE_Brussels,2026-09-14T03:00Z,17.4,98,17.1,18.8,0.1,100,1020.2,7.4,14.9,255,14.8,0.0,0.0,0.0
DE_Berlin,2026-09-14T03:00Z,15.1,97,14.5,14.8,0.0,100,1016.9,12.0,21.9,316,27.4,0.0,0.0,0.0
DE_Hamburg,2026-09-14T03:00Z,13.3,88,11.3,12.8,0.0,100,1020.9,5.8,14.1,309,13.0,0.0,0.0,0.0
DE_Munich,2026-09-14T03:00Z,14.9,95,14.1,14.5,0.0,100,963.3,11.2,20.5,283,26.3,0.0,0.0,0.0
ES_Madrid,2026-09-14T03:00Z,21.0,40,6.7,19.7,0.0,0,946.8,3.1,6.7,84,6.8,0.0,0.0,0.0
FR_Paris,2026-09-14T03:00Z,17.3,93,16.2,19.1,0.0,4,1018.3,2.7,6.4,322,5.8,0.0,0.0,0.0
NL_Amsterdam,2026-09-14T03:00Z,13.5,100,13.4,13.8,0.0,100,1021.8,4.8,13.4,122,9.0,0.0,0.0,0.0
PL_Warsaw,2026-09-14T03:00Z,13.8,98,13.5,14.3,0.0,96,1005.2,3.9,9.7,246,8.3,0.0,0.0,0.0
US_BPAT_Portland,2026-09-14T03:00Z,15.7,79,12.1,15.0,0.0,23,1015.7,8.5,19.3,221,19.8,4.0,19.1,3.0
US_CISO_LosAngeles,2026-09-14T03:00Z,23.7,72,18.4,25.9,0.0,1,999.0,5.6,7.8,206,15.8,0.0,0.0,0.0
US_CISO_SanFrancisco,2026-09-14T03:00Z,17.1,75,12.6,16.4,0.0,0,1012.7,10.1,17.3,287,29.9,3.0,19.1,2.0
US_ERCO_Dallas,2026-09-14T03:00Z,33.4,42,18.7,34.7,0.0,9,999.6,12.9,22.3,138,27.4,0.0,0.0,0.0
US_ERCO_Houston,2026-09-14T03:00Z,28.3,82,25.0,33.7,0.0,13,1014.0,9.1,19.3,164,22.7,0.0,0.0,0.0
US_ISNE_Boston,2026-09-14T03:00Z,18.4,100,18.4,20.3,0.0,100,1008.9,8.2,16.8,254,13.7,0.0,0.0,0.0
US_MISO_Chicago,2026-09-14T03:00Z,16.3,80,12.8,16.6,0.0,0,990.3,3.9,9.3,313,13.7,0.0,0.0,0.0
US_NYIS_NewYork,2026-09-14T03:00Z,23.2,90,21.6,27.0,0.0,16,1008.6,5.7,16.8,249,11.2,0.0,0.0,0.0
US_PJM_Philadelphia,2026-09-14T03:00Z,24.0,87,21.7,27.7,0.0,9,1010.2,6.7,16.8,240,13.0,0.0,0.0,0.0
US_SWPP_OklahomaCity,2026-09-14T03:00Z,32.1,41,17.2,32.5,0.0,34,972.9,14.6,27.4,157,32.8,0.0,0.0,0.0
VN_DaNang,2026-09-14T03:00Z,29.2,70,23.2,33.8,0.0,99,1010.8,6.8,9.7,155,20.5,552.0,254.6,344.0
VN_HaNoi,2026-09-14T03:00Z,25.0,91,23.5,28.1,3.3,100,1010.9,18.1,31.6,15,41.4,113.0,0.0,113.0
VN_HoChiMinh,2026-09-14T03:00Z,30.3,72,24.7,36.5,0.1,100,1010.3,7.6,10.5,164,27.7,684.0,604.9,191.0
AT_Vienna,2026-09-14T04:00Z,16.1,93,15.1,15.8,0.6,99,996.8,13.9,26.2,291,31.3,0.0,0.0,0.0
BE_Brussels,2026-09-14T04:00Z,17.4,99,17.3,19.0,0.0,100,1020.0,6.8,14.1,249,14.8,0.0,0.0,0.0
DE_Berlin,2026-09-14T04:00Z,14.7,97,14.2,14.4,0.0,100,1017.5,11.3,20.6,314,23.8,0.0,0.0,0.0
DE_Hamburg,2026-09-14T04:00Z,13.3,87,11.1,13.0,0.0,100,1021.1,3.8,11.1,312,11.9,0.0,0.0,0.0
DE_Munich,2026-09-14T04:00Z,14.7,96,14.0,14.4,0.1,100,963.6,10.3,18.4,289,23.4,0.0,0.0,0.0
ES_Madrid,2026-09-14T04:00Z,20.1,41,6.5,18.6,0.0,0,947.0,3.5,7.6,62,8.3,0.0,0.0,0.0
FR_Paris,2026-09-14T04:00Z,16.8,96,16.1,18.5,0.0,12,1018.2,2.6,6.9,327,6.8,0.0,0.0,0.0
NL_Amsterdam,2026-09-14T04:00Z,13.2,99,13.1,13.2,0.0,100,1021.8,6.5,15.0,122,11.5,0.0,0.0,0.0
PL_Warsaw,2026-09-14T04:00Z,13.1,98,12.9,13.4,0.0,73,1005.5,4.0,9.7,252,6.8,0.0,0.0,0.0
US_BPAT_Portland,2026-09-14T04:00Z,14.8,84,12.0,14.1,0.0,13,1016.4,9.0,20.3,217,18.4,0.0,0.0,0.0
US_CISO_LosAngeles,2026-09-14T04:00Z,22.8,78,18.7,25.4,0.0,1,999.5,3.7,5.0,199,14.8,0.0,0.0,0.0
US_CISO_SanFrancisco,2026-09-14T04:00Z,16.7,77,12.6,16.6,0.0,0,1013.0,5.8,11.5,295,22.0,0.0,0.0,0.0
US_ERCO_Dallas,2026-09-14T04:00Z,32.6,44,18.6,33.5,0.0,1,1000.2,14.9,24.1,173,33.5,0.0,0.0,0.0
US_ERCO_Houston,2026-09-14T04:00Z,27.8,86,25.2,33.5,0.0,4,1014.2,7.2,16.8,163,18.7,0.0,0.0,0.0
US_ISNE_Boston,2026-09-14T04:00Z,18.8,99,18.7,20.4,0.0,85,1008.3,11.4,23.5,247,20.5,0.0,0.0,0.0
US_MISO_Chicago,2026-09-14T04:00Z,15.9,83,13.0,16.3,0.0,0,990.6,3.8,9.6,307,10.1,0.0,0.0,0.0
US_NYIS_NewYork,2026-09-14T04:00Z,23.0,89,21.0,26.4,0.0,15,1008.3,6.6,16.8,264,12.2,0.0,0.0,0.0
US_PJM_Philadelphia,2026-09-14T04:00Z,23.5,91,21.9,27.2,0.0,24,1010.0,7.7,18.4,243,15.5,0.0,0.0,0.0
US_SWPP_OklahomaCity,2026-09-14T04:00Z,31.6,41,16.8,31.7,0.0,14,973.2,14.9,28.2,162,32.8,0.0,0.0,0.0
VN_DaNang,2026-09-14T04:00Z,30.0,67,23.1,35.5,0.0,100,1010.6,6.5,8.8,149,20.2,704.0,342.6,387.0
VN_HaNoi,2026-09-14T04:00Z,25.5,92,24.0,28.9,3.1,100,1010.8,18.0,29.7,33,37.8,129.0,0.0,129.0
VN_HoChiMinh,2026-09-14T04:00Z,30.2,72,24.5,35.5,0.0,100,1010.1,7.7,10.2,156,27.4,554.0,126.7,436.0
AT_Vienna,2026-09-14T05:00Z,16.0,93,14.9,15.7,0.1,100,997.3,13.0,24.6,292,27.7,2.0,0.0,2.0
BE_Brussels,2026-09-14T05:00Z,17.7,99,17.5,19.4,0.0,100,1020.1,7.1,14.0,244,13.7,0.0,0.0,0.0
DE_Berlin,2026-09-14T05:00Z,14.7,95,13.8,14.3,0.0,100,1018.0,10.6,18.1,308,22.7,1.0,0.0,1.0
DE_Hamburg,2026-09-14T05:00Z,13.2,89,11.5,12.9,0.0,100,1021.2,5.1,9.2,273,10.1,0.0,0.0,0.0
DE_Munich,2026-09-14T05:00Z,14.5,96,13.8,14.5,0.1,100,964.0,8.6,15.5,288,21.6,0.0,0.0,0.0
ES_Madrid,2026-09-14T05:00Z,19.4,42,6.3,17.8,0.0,0,947.0,4.5,9.2,55,10.1,0.0,0.0,0.0
FR_Paris,2026-09-14T05:00Z,16.4,97,15.9,18.0,0.0,18,1018.3,2.7,6.7,324,6.1,0.0,0.0,0.0
NL_Amsterdam,2026-09-14T05:00Z,12.7,100,12.7,12.3,0.0,100,1021.8,8.2,19.0,127,14.0,0.0,0.0,0.0
PL_Warsaw,2026-09-14T05:00Z,13.4,99,13.2,13.6,0.0,55,1005.6,5.8,10.1,245,10.4,19.0,52.0,15.0
US_BPAT_Portland,2026-09-14T05:00Z,14.2,87,12.0,13.4,0.0,12,1016.7,9.2,20.2,210,19.1,0.0,0.0,0.0
US_CISO_LosAngeles,2026-09-14T05:00Z,22.2,81,18.7,24.9,0.0,0,999.8,3.4,4.8,160,10.4,0.0,0.0,0.0
US_CISO_SanFrancisco,2026-09-14T05:00Z,16.2,80,12.7,16.7,0.0,0,1013.2,2.0,4.8,290,11.9,0.0,0.0,0.0
US_ERCO_Dallas,2026-09-14T05:00Z,31.4,48,18.9,32.9,0.0,1,1000.3,12.0,20.7,173,33.1,0.0,0.0,0.0
US_ERCO_Houston,2026-09-14T05:00Z,27.4,88,25.2,33.3,0.0,1,1013.9,6.3,15.7,164,14.4,0.0,0.0,0.0
US_ISNE_Boston,2026-09-14T05:00Z,19.0,99,18.8,20.5,0.0,32,1007.6,12.3,25.1,249,22.7,0.0,0.0,0.0
US_MISO_Chicago,2026-09-14T05:00Z,15.6,87,13.4,16.1,0.0,0,990.8,4.1,10.4,314,9.7,0.0,0.0,0.0
US_NYIS_NewYork,2026-09-14T05:00Z,22.4,90,20.8,25.9,0.0,2,1007.8,5.4,13.9,280,14.4,0.0,0.0,0.0
US_PJM_Philadelphia,2026-09-14T05:00Z,23.3,92,22.0,26.8,0.0,4,1009.5,9.2,20.1,236,18.4,0.0,0.0,0.0
US_SWPP_OklahomaCity,2026-09-14T05:00Z,31.2,42,16.9,31.4,0.0,12,973.2,15.1,28.3,166,33.5,0.0,0.0,0.0
VN_DaNang,2026-09-14T05:00Z,30.5,66,23.4,35.9,0.0,100,1009.9,6.9,9.0,133,19.8,662.0,252.2,417.0
VN_HaNoi,2026-09-14T05:00Z,25.6,92,24.2,29.0,1.3,100,1010.0,19.3,31.3,38,37.1,167.0,4.2,163.0
VN_HoChiMinh,2026-09-14T05:00Z,30.4,70,24.4,35.5,0.0,95,1009.0,8.4,11.2,162,27.7,478.0,78.1,401.0
AT_Vienna,2026-09-14T06:00Z,16.3,92,15.0,16.2,0.1,98,997.9,11.8,22.3,293,28.4,25.0,0.0,25.0
BE_Brussels,2026-09-14T06:00Z,18.0,98,17.6,19.4,0.0,100,1020.4,8.8,17.3,240,16.2,6.0,0.0,6.0
DE_Berlin,2026-09-14T06:00Z,14.7,91,13.3,14.2,0.0,88,1018.7,10.7,17.5,299,25.2,36.0,33.2,32.0
DE_Hamburg,2026-09-14T06:00Z,13.1,90,11.5,12.5,0.0,99,1021.9,7.2,14.9,249,14.8,27.0,0.0,27.0
DE_Munich,2026-09-14T06:00Z,14.7,95,14.0,14.9,0.0,97,964.4,7.4,13.8,303,21.2,33.0,44.4,28.0
ES_Madrid,2026-09-14T06:00Z,18.4,45,6.2,16.7,0.0,0,947.2,4.7,11.2,60,10.1,0.0,0.0,0.0
FR_Paris,2026-09-14T06:00Z,16.3,100,16.2,17.7,0.0,49,1018.6,4.5,6.7,336,7.6,9.0,34.0,7.0
NL_Amsterdam,2026-09-14T06:00Z,12.8,100,12.7,12.5,0.0,100,1022.0,7.8,18.4,138,14.0,14.0,14.1,13.0
PL_Warsaw,2026-09-14T06:00Z,14.3,96,13.7,14.7,0.0,63,1006.1,5.4,9.4,223,13.0,115.0,245.4,66.0
US_BPAT_Portland,2026-09-14T06:00Z,13.6,92,12.4,12.8,0.0,15,1016.5,10.8,22.7,212,19.8,0.0,0.0,0.0
US_CISO_LosAngeles,2026-09-14T06:00Z,21.7,83,18.7,24.4,0.0,0,999.8,3.7,5.3,156,11.9,0.0,0.0,0.0
US_CISO_SanFrancisco,2026-09-14T06:00Z,15.4,84,12.8,15.9,0.0,0,1012.8,2.3,3.7,241,8.3,0.0,0.0,0.0
US_ERCO_Dallas,2026-09-14T06:00Z,29.9,58,20.7,32.1,0.0,1,1000.7,13.7,24.2,164,25.6,0.0,0.0,0.0
US_ERCO_Houston,2026-09-14T06:00Z,27.0,93,25.7,33.2,0.0,5,1014.3,6.3,15.4,175,12.2,0.0,0.0,0.0
US_ISNE_Boston,2026-09-14T06:00Z,19.3,97,18.8,20.7,0.0,56,1007.6,12.6,25.4,268,23.4,0.0,0.0,0.0
US_MISO_Chicago,2026-09-14T06:00Z,14.0,93,12.8,14.0,0.0,0,991.7,5.7,11.0,322,11.9,0.0,0.0,0.0
US_NYIS_NewYork,2026-09-14T06:00Z,21.7,93,20.6,25.1,0.0,16,1007.8,5.2,15.0,273,13.3,0.0,0.0,0.0
US_PJM_Philadelphia,2026-09-14T06:00Z,23.2,94,22.2,26.9,0.0,10,1009.6,8.8,19.8,256,19.8,0.0,0.0,0.0
US_SWPP_OklahomaCity,2026-09-14T06:00Z,29.1,51,18.0,29.7,0.0,7,973.5,15.5,29.1,171,33.8,0.0,0.0,0.0
VN_DaNang,2026-09-14T06:00Z,30.8,65,23.4,36.6,0.0,99,1009.2,5.5,7.1,117,22.0,688.0,312.9,390.0
VN_HaNoi,2026-09-14T06:00Z,26.7,85,24.0,30.4,1.2,100,1009.5,16.2,26.2,27,38.5,212.0,7.5,205.0
VN_HoChiMinh,2026-09-14T06:00Z,27.7,82,24.3,32.9,0.0,98,1009.0,6.7,10.0,255,28.8,525.0,118.2,410.0
AT_Vienna,2026-09-14T07:00Z,16.7,91,15.3,16.4,0.3,100,998.5,14.0,24.5,306,30.2,82.0,18.5,76.0
BE_Brussels,2026-09-14T07:00Z,18.4,96,17.7,19.8,0.0,100,1020.7,9.5,16.6,240,20.5,50.0,0.0,50.0
DE_Berlin,2026-09-14T07:00Z,14.7,83,11.8,13.6,0.0,95,1019.1,11.3,16.9,293,27.4,132.0,215.8,73.0
DE_Hamburg,2026-09-14T07:00Z,13.9,85,11.5,13.4,0.0,98,1022.2,6.3,15.2,246,14.8,104.0,50.9,92.0
DE_Munich,2026-09-14T07:00Z,15.3,91,13.8,15.4,0.1,59,964.6,7.1,10.9,303,18.7,141.0,187.1,90.0
ES_Madrid,2026-09-14T07:00Z,19.1,43,6.3,17.4,0.0,0,947.8,5.2,11.1,68,12.2,66.0,338.8,25.0
FR_Paris,2026-09-14T07:00Z,17.3,95,16.5,19.1,0.0,100,1018.8,2.8,6.4,338,10.4,85.0,131.1,63.0
NL_Amsterdam,2026-09-14T07:00Z,13.7,99,13.6,13.9,0.0,100,1022.0,6.9,19.1,142,14.4,88.0,48.0,79.0
PL_Warsaw,2026-09-14T07:00Z,15.8,92,14.5,16.7,0.0,93,1006.4,3.4,6.7,226,12.2,224.0,383.4,91.0
US_BPAT_Portland,2026-09-14T07:00Z,13.5,94,12.5,12.9,0.0,17,1017.0,9.8,21.7,220,21.2,0.0,0.0,0.0
US_CISO_LosAngeles,2026-09-14T07:00Z,21.4,84,18.6,24.1,0.0,0,1000.1,2.9,4.1,165,9.7,0.0,0.0,0.0
US_CISO_SanFrancisco,2026-09-14T07:00Z,15.1,86,12.8,15.6,0.0,3,1012.7,2.0,4.7,261,6.1,0.0,0.0,0.0
US_ERCO_Dallas,2026-09-14T07:00Z,29.4,62,21.4,31.9,0.0,1,1001.1,13.5,23.5,169,29.9,0.0,0.0,0.0
US_ERCO_Houston,2026-09-14T07:00Z,26.9,93,25.6,33.3,0.0,22,1014.5,5.0,13.6,191,11.9,0.0,0.0,0.0
US_ISNE_Boston,2026-09-14T07:00Z,19.5,95,18.7,21.0,0.0,24,1007.7,12.6,25.4,277,24.1,0.0,0.0,0.0
US_MISO_Chicago,2026-09-14T07:00Z,13.8,93,12.7,14.0,0.0,0,992.0,4.0,9.6,323,12.6,0.0,0.0,0.0
US_NYIS_NewYork,2026-09-14T07:00Z,21.8,92,20.5,25.0,0.0,27,1008.0,6.0,16.0,293,11.9,0.0,0.0,0.0
US_PJM_Philadelphia,2026-09-14T07:00Z,23.3,92,22.0,26.8,0.0,34,1009.7,10.0,21.1,282,19.1,0.0,0.0,0.0
US_SWPP_OklahomaCity,2026-09-14T07:00Z,28.7,54,18.4,29.5,0.0,2,973.5,15.2,28.5,175,33.8,0.0,0.0,0.0
VN_DaNang,2026-09-14T07:00Z,31.0,65,23.6,36.7,0.0,100,1008.4,7.3,9.4,121,23.0,707.0,479.5,290.0
VN_HaNoi,2026-09-14T07:00Z,25.4,90,23.6,27.9,1.9,100,1009.2,22.3,34.7,53,46.1,186.0,9.2,178.0
VN_HoChiMinh,2026-09-14T07:00Z,28.9,78,24.7,34.6,0.4,87,1008.0,5.6,8.5,208,16.9,393.0,126.3,280.0
AT_Vienna,2026-09-14T08:00Z,17.2,91,15.8,17.3,0.0,53,999.1,12.6,22.2,308,30.6,130.0,23.4,119.0
BE_Brussels,2026-09-14T08:00Z,18.8,93,17.7,20.1,0.0,100,1021.1,10.3,15.3,238,26.6,130.0,76.6,104.0
DE_Berlin,2026-09-14T08:00Z,15.5,72,10.5,13.9,0.0,50,1020.0,11.8,17.1,297,29.9,298.0,443.2,116.0
DE_Hamburg,2026-09-14T08:00Z,15.2,71,10.0,14.1,0.0,100,1022.5,7.3,10.4,259,18.7,209.0,128.3,161.0
DE_Munich,2026-09-14T08:00Z,16.6,80,13.2,16.5,0.1,50,965.2,7.2,10.3,303,20.5,303.0,413.1,127.0
ES_Madrid,2026-09-14T08:00Z,21.4,38,6.6,20.1,0.0,0,948.7,2.7,6.3,75,12.2,247.0,631.3,60.0
FR_Paris,2026-09-14T08:00Z,19.1,86,16.7,21.1,0.0,79,1019.0,2.1,5.3,350,10.4,142.0,60.6,122.0
NL_Amsterdam,2026-09-14T08:00Z,15.8,94,14.8,16.6,0.0,100,1022.1,5.0,16.6,143,16.2,203.0,169.9,146.0
PL_Warsaw,2026-09-14T08:00Z,17.1,86,14.8,18.1,0.0,64,1006.7,3.7,5.5,243,14.0,266.0,289.3,129.0
US_BPAT_Portland,2026-09-14T08:00Z,13.3,95,12.5,12.5,0.1,29,1017.2,10.3,22.3,214,20.5,0.0,0.0,0.0
US_CISO_LosAngeles,2026-09-14T08:00Z,21.0,86,18.5,23.6,0.0,1,1000.4,4.0,6.3,162,9.4,0.0,0.0,0.0
US_CISO_SanFrancisco,2026-09-14T08:00Z,14.7,88,12.8,15.2,0.0,9,1012.8,1.9,4.2,230,5.8,0.0,0.0,0.0
US_ERCO_Dallas,2026-09-14T08:00Z,28.8,67,21.9,31.7,0.0,2,1001.3,13.1,22.8,175,29.5,0.0,0.0,0.0
US_ERCO_Houston,2026-09-14T08:00Z,26.6,94,25.5,33.1,0.0,2,1014.4,3.6,11.1,210,9.4,0.0,0.0,0.0
US_ISNE_Boston,2026-09-14T08:00Z,19.5,94,18.5,20.4,0.0,63,1008.4,15.5,30.4,289,28.4,0.0,0.0,0.0
US_MISO_Chicago,2026-09-14T08:00Z,13.6,95,12.8,13.9,0.0,0,992.3,3.7,10.1,336,10.1,0.0,0.0,0.0
US_NYIS_NewYork,2026-09-14T08:00Z,21.9,87,19.6,24.1,0.0,56,1008.3,9.7,22.3,311,18.0,0.0,0.0,0.0
US_PJM_Philadelphia,2026-09-14T08:00Z,23.2,89,21.2,26.2,0.0,13,1009.9,9.4,21.1,306,22.3,0.0,0.0,0.0
US_SWPP_OklahomaCity,2026-09-14T08:00Z,28.3,57,18.8,29.1,0.0,0,973.3,16.4,30.4,179,36.4,0.0,0.0,0.0
VN_DaNang,2026-09-14T08:00Z,29.5,73,24.2,33.7,0.1,99,1008.2,13.9,19.0,127,31.7,492.0,312.9,264.0
VN_HaNoi,2026-09-14T08:00Z,25.1,93,23.8,28.9,2.5,100,1008.7,14.7,26.8,49,40.0,61.0,0.0,61.0
VN_HoChiMinh,2026-09-14T08:00Z,29.0,77,24.7,34.6,0.4,90,1007.4,5.9,8.6,168,22.7,478.0,321.2,235.0
AT_Vienna,2026-09-14T09:00Z,18.4,86,15.9,18.5,0.0,41,999.7,12.6,19.2,318,32.8,256.0,97.1,199.0
BE_Brussels,2026-09-14T09:00Z,19.2,89,17.3,20.2,0.0,100,1021.3,10.8,16.0,230,26.3,172.0,74.0,137.0
DE_Berlin,2026-09-14T09:00Z,16.6,62,9.4,14.7,0.0,94,1020.4,11.3,16.0,300,31.3,432.0,554.3,142.0
DE_Hamburg,2026-09-14T09:00Z,15.9,64,9.2,14.6,0.0,100,1022.7,7.2,10.2,278,19.8,322.0,234.5,207.0
DE_Munich,2026-09-14T09:00Z,17.9,71,12.7,17.8,0.0,22,965.5,6.5,9.1,300,20.5,438.0,543.8,137.0
ES_Madrid,2026-09-14T09:00Z,24.0,36,8.1,23.0,0.0,0,949.1,3.1,4.4,102,15.5,440.0,769.4,77.0
FR_Paris,2026-09-14T09:00Z,21.0,76,16.6,22.9,0.0,34,1019.2,2.5,3.6,351,12.6,244.0,186.3,156.0
NL_Amsterdam,2026-09-14T09:00Z,17.6,89,15.7,18.7,0.0,88,1022.1,5.9,11.5,145,16.9,329.0,325.7,178.0
PL_Warsaw,2026-09-14T09:00Z,18.6,76,14.2,19.2,0.0,100,1007.0,5.6,7.9,266,19.8,447.0,527.0,146.0
US_BPAT_Portland,2026-09-14T09:00Z,13.0,96,12.4,12.1,0.0,30,1017.3,11.3,23.6,208,22.3,0.0,0.0,0.0
US_CISO_LosAngeles,2026-09-14T09:00Z,20.6,88,18.6,23.3,0.0,5,1000.5,3.5,6.9,149,9.4,0.0,0.0,0.0
US_CISO_SanFrancisco,2026-09-14T09:00Z,14.3,90,12.7,14.8,0.0,0,1012.5,2.3,3.8,191,5.4,0.0,0.0,0.0
US_ERCO_Dallas,2026-09-14T09:00Z,28.3,70,22.2,31.4,0.0,1,1001.0,12.9,22.4,177,28.4,0.0,0.0,0.0
US_ERCO_Houston,2026-09-14T09:00Z,26.3,95,25.4,32.8,0.0,2,1014.1,2.9,8.9,223,6.8,0.0,0.0,0.0
US_ISNE_Boston,2026-09-14T09:00Z,19.4,93,18.2,20.2,0.0,59,1008.8,14.8,28.5,293,31.0,0.0,0.0,0.0
US_MISO_Chicago,2026-09-14T09:00Z,13.7,96,13.0,13.9,0.0,0,992.6,4.6,11.7,342,10.8,0.0,0.0,0.0
US_NYIS_NewYork,2026-09-14T09:00Z,21.8,81,18.3,22.8,0.0,56,1009.1,13.9,26.2,341,31.7,0.0,0.0,0.0
US_PJM_Philadelphia,2026-09-14T09:00Z,22.9,83,19.9,24.6,0.0,11,1010.6,13.9,27.1,323,28.1,0.0,0.0,0.0
US_SWPP_OklahomaCity,2026-09-14T09:00Z,28.0,58,19.0,29.1,0.0,0,973.2,15.8,29.3,180,36.7,0.0,0.0,0.0
VN_DaNang,2026-09-14T09:00Z,27.7,83,24.6,32.4,1.5,99,1008.8,11.7,16.9,156,33.1,286.0,228.1,163.0
VN_HaNoi,2026-09-14T09:00Z,25.0,93,23.7,28.5,3.2,100,1008.5,16.0,28.3,42,30.2,36.0,0.0,36.0
VN_HoChiMinh,2026-09-14T09:00Z,29.0,74,23.9,34.0,0.2,86,1007.3,7.1,10.5,158,18.7,321.0,229.2,191.0
AT_Vienna,2026-09-14T10:00Z,20.0,75,15.4,20.2,0.1,80,999.9,11.1,16.6,326,31.3,494.0,415.5,217.0
BE_Brussels,2026-09-14T10:00Z,19.5,87,17.2,20.3,0.0,100,1021.1,11.8,17.6,232,28.4,164.0,5.2,161.0
DE_Berlin,2026-09-14T10:00Z,17.3,56,8.4,15.3,0.0,97,1020.4,11.0,15.7,295,30.2,460.0,417.8,208.0
DE_Hamburg,2026-09-14T10:00Z,16.4,63,9.4,15.1,0.0,94,1022.7,7.6,10.7,264,20.2,358.0,204.7,240.0
DE_Munich,2026-09-14T10:00Z,19.3,63,12.1,19.4,0.0,35,965.3,5.7,8.2,299,20.2,600.0,739.8,122.0
ES_Madrid,2026-09-14T10:00Z,26.2,33,8.6,25.6,0.0,0,949.6,3.8,5.0,111,18.4,608.0,845.0,86.0
FR_Paris,2026-09-14T10:00Z,23.3,61,15.2,24.7,0.0,19,1019.0,2.3,3.1,324,14.8,464.0,536.3,150.0
NL_Amsterdam,2026-09-14T10:00Z,19.7,81,16.4,20.6,0.0,87,1021.8,9.2,13.6,173,23.4,471.0,530.8,172.0
PL_Warsaw,2026-09-14T10:00Z,18.9,72,13.8,19.3,0.1,100,1007.1,5.6,7.9,266,20.2,358.0,146.9,265.0
US_BPAT_Portland,2026-09-14T10:00Z,12.9,96,12.3,11.9,0.0,40,1017.1,12.0,24.0,203,24.1,0.0,0.0,0.0
US_CISO_LosAngeles,2026-09-14T10:00Z,20.2,91,18.7,23.0,0.0,19,999.9,2.3,6.0,141,7.9,0.0,0.0,0.0
US_CISO_SanFrancisco,2026-09-14T10:00Z,14.0,91,12.6,14.3,0.0,92,1012.2,3.3,6.8,205,7.2,0.0,0.0,0.0
US_ERCO_Dallas,2026-09-14T10:00Z,27.8,71,22.0,31.0,0.0,1,1000.9,12.1,21.2,180,27.7,0.0,0.0,0.0
US_ERCO_Houston,2026-09-14T10:00Z,26.1,95,25.3,32.7,0.0,2,1014.4,1.8,7.1,227,4.7,0.0,0.0,0.0
US_ISNE_Boston,2026-09-14T10:00Z,18.8,90,17.2,19.1,0.0,100,1009.5,15.2,29.0,300,29.2,0.0,0.0,0.0
US_MISO_Chicago,2026-09-14T10:00Z,14.0,95,13.2,13.8,0.0,0,992.5,8.0,17.0,345,15.1,0.0,0.0,0.0
US_NYIS_NewYork,2026-09-14T10:00Z,20.6,80,17.1,21.0,0.0,52,1010.3,14.5,27.2,342,31.7,0.0,0.0,0.0
US_PJM_Philadelphia,2026-09-14T10:00Z,22.2,80,18.6,23.3,0.0,24,1011.5,14.0,26.4,349,31.7,0.0,0.0,0.0
US_SWPP_OklahomaCity,2026-09-14T10:00Z,27.8,59,19.1,28.9,0.0,0,973.1,15.1,28.5,183,34.9,0.0,0.0,0.0
VN_DaNang,2026-09-14T10:00Z,27.5,89,25.5,33.5,0.8,100,1009.4,6.9,10.6,161,23.4,71.0,51.0,55.0
VN_HaNoi,2026-09-14T10:00Z,24.7,94,23.7,28.7,3.2,100,1008.9,13.3,24.8,44,30.2,37.0,0.0,37.0
VN_HoChiMinh,2026-09-14T10:00Z,29.1,74,24.0,34.3,0.1,96,1007.6,5.9,9.4,163,18.0,213.0,344.0,96.0
AT_Vienna,2026-09-14T11:00Z,20.5,70,14.7,20.4,0.1,100,999.5,10.8,16.0,327,30.6,416.0,288.4,213.0
BE_Brussels,2026-09-14T11:00Z,20.4,83,17.4,21.4,0.0,100,1021.2,11.1,16.3,232,29.2,238.0,60.4,199.0
DE_Berlin,2026-09-14T11:00Z,18.1,50,7.4,15.8,0.0,67,1020.4,11.0,15.5,297,31.0,530.0,469.7,227.0
DE_Hamburg,2026-09-14T11:00Z,17.1,61,9.6,15.8,0.0,100,1022.7,8.5,11.9,267,22.3,452.0,338.5,240.0
DE_Munich,2026-09-14T11:00Z,20.3,60,12.2,20.4,0.0,51,965.1,6.2,8.3,318,19.8,607.0,678.0,134.0
ES_Madrid,2026-09-14T11:00Z,28.4,27,7.7,28.4,0.0,0,949.6,3.7,5.0,131,19.1,734.0,885.2,93.0
FR_Paris,2026-09-14T11:00Z,25.1,50,13.9,26.4,0.0,3,1018.9,1.5,1.9,311,15.1,589.0,678.4,140.0
NL_Amsterdam,2026-09-14T11:00Z,21.1,78,17.2,22.2,0.1,97,1021.4,9.3,14.1,197,24.1,444.0,374.4,209.0
PL_Warsaw,2026-09-14T11:00Z,19.2,69,13.4,19.3,0.0,100,1007.1,6.3,9.0,271,21.2,281.0,64.2,239.0
US_BPAT_Portland,2026-09-14T11:00Z,12.8,96,12.3,11.9,0.0,100,1017.0,11.1,22.4,200,24.1,0.0,0.0,0.0
US_CISO_LosAngeles,2026-09-14T11:00Z,19.9,93,18.8,22.8,0.0,12,999.5,2.4,5.9,135,6.1,0.0,0.0,0.0
US_CISO_SanFrancisco,2026-09-14T11:00Z,13.8,92,12.5,14.1,0.0,94,1011.8,3.1,4.8,155,7.2,0.0,0.0,0.0
US_ERCO_Dallas,2026-09-14T11:00Z,27.4,72,21.9,30.6,0.0,0,1001.0,11.2,19.9,185,25.6,0.0,0.0,0.0
US_ERCO_Houston,2026-09-14T11:00Z,25.8,96,25.2,32.5,0.0,5,1014.6,0.9,4.2,223,2.5,0.0,0.0,0.0
US_ISNE_Boston,2026-09-14T11:00Z,18.8,86,16.4,18.8,0.0,100,1010.5,15.6,28.9,300,31.3,5.0,0.0,5.0
US_MISO_Chicago,2026-09-14T11:00Z,14.3,96,13.6,13.9,0.0,0,992.5,9.9,19.9,343,18.4,0.0,0.0,0.0
US_NYIS_NewYork,2026-09-14T11:00Z,19.8,75,15.3,19.3,0.0,27,1011.4,15.1,27.7,344,34.2,4.0,19.1,3.0
US_PJM_Philadelphia,2026-09-14T11:00Z,21.3,79,17.4,21.7,0.0,20,1012.7,15.0,27.6,357,32.4,2.0,0.0,2.0
US_SWPP_OklahomaCity,2026-09-14T11:00Z,27.5,60,19.1,28.7,0.0,0,973.0,15.3,28.7,185,34.2,0.0,0.0,0.0
VN_DaNang,2026-09-14T11:00Z,26.0,93,24.8,32.1,3.5,99,1010.0,3.1,5.8,158,15.8,23.0,32.8,19.0
VN_HaNoi,2026-09-14T11:00Z,24.7,94,23.7,28.7,1.6,100,1009.3,12.8,23.8,55,24.5,13.0,0.0,13.0
VN_HoChiMinh,2026-09-14T11:00Z,27.5,81,24.0,32.9,0.6,100,1008.5,4.4,8.2,195,13.0,40.0,81.6,29.0
AT_Vienna,2026-09-14T12:00Z,17.6,91,16.1,17.5,0.3,100,1000.2,15.1,25.4,308,29.9,450.0,334.7,217.0
BE_Brussels,2026-09-14T12:00Z,21.6,76,17.3,22.5,0.0,100,1021.1,11.4,16.7,242,27.7,261.0,35.7,237.0
DE_Berlin,2026-09-14T12:00Z,18.5,51,8.0,16.8,0.0,84,1020.7,9.3,12.8,286,30.6,590.0,637.5,178.0
DE_Hamburg,2026-09-14T12:00Z,17.9,58,9.6,16.7,0.0,48,1022.5,7.3,10.1,251,23.4,411.0,226.2,267.0
DE_Munich,2026-09-14T12:00Z,20.9,58,12.4,20.9,0.0,30,965.3,6.0,7.6,315,22.3,576.0,516.7,212.0
ES_Madrid,2026-09-14T12:00Z,30.6,23,7.3,30.7,0.0,0,949.1,5.0,6.7,164,20.2,807.0,907.2,96.0
FR_Paris,2026-09-14T12:00Z,26.9,43,13.3,28.2,0.0,14,1018.3,3.3,4.4,305,15.1,668.0,814.7,101.0
NL_Amsterdam,2026-09-14T12:00Z,19.8,87,17.6,21.1,0.5,98,1021.6,10.1,17.6,211,31.0,354.0,217.7,212.0
PL_Warsaw,2026-09-14T12:00Z,18.5,75,13.9,19.0,0.0,100,1007.3,5.4,7.4,284,21.6,227.0,20.5,214.0
US_BPAT_Portland,2026-09-14T12:00Z,12.8,94,11.8,12.5,0.0,100,1017.2,5.4,14.0,211,22.7,0.0,0.0,0.0
US_CISO_LosAngeles,2026-09-14T12:00Z,19.6,96,19.0,22.7,0.0,8,999.7,2.1,7.0,140,6.1,0.0,0.0,0.0
US_CISO_SanFrancisco,2026-09-14T12:00Z,13.6,95,12.8,12.9,0.0,38,1012.0,10.1,14.7,145,14.4,0.0,0.0,0.0
US_ERCO_Dallas,2026-09-14T12:00Z,26.5,78,22.3,30.1,0.0,0,1001.6,9.7,18.2,187,23.8,0.0,0.0,0.0
US_ERCO_Houston,2026-09-14T12:00Z,24.9,98,24.6,30.9,0.0,0,1015.1,3.1,8.3,153,4.3,0.0,0.0,0.0
US_ISNE_Boston,2026-09-14T12:00Z,18.7,81,15.4,18.4,0.0,100,1011.6,14.9,28.8,300,31.7,31.0,0.0,31.0
US_MISO_Chicago,2026-09-14T12:00Z,14.0,100,14.0,15.0,0.0,96,992.6,2.0,7.5,27,18.4,9.0,49.1,6.0
US_NYIS_NewYork,2026-09-14T12:00Z,20.1,68,14.0,19.5,0.0,15,1012.8,13.0,23.6,340,34.2,94.0,307.1,44.0
US_PJM_Philadelphia,2026-09-14T12:00Z,21.2,73,16.1,21.0,0.0,30,1014.6,15.3,25.9,1,41.8,88.0,322.4,40.0
US_SWPP_OklahomaCity,2026-09-14T12:00Z,26.7,65,19.6,28.2,0.0,0,973.5,14.9,28.7,192,34.2,0.0,0.0,0.0
VN_DaNang,2026-09-14T12:00Z,26.8,89,24.8,32.2,3.4,100,1010.0,7.6,14.7,162,14.0,0.0,0.0,0.0
VN_HaNoi,2026-09-14T12:00Z,24.4,96,23.8,28.9,1.5,100,1009.8,9.9,17.6,63,26.6,0.0,0.0,0.0
VN_HoChiMinh,2026-09-14T12:00Z,27.2,85,24.5,32.7,0.1,98,1008.9,5.8,12.4,149,7.9,0.0,0.0,0.0
AT_Vienna,2026-09-14T13:00Z,18.1,90,16.4,18.4,0.8,100,1000.2,13.1,22.9,314,33.8,185.0,24.8,169.0
BE_Brussels,2026-09-14T13:00Z,22.4,73,17.3,23.6,0.3,40,1020.6,9.5,13.7,247,27.7,468.0,434.1,183.0
DE_Berlin,2026-09-14T13:00Z,18.6,48,7.3,16.5,0.0,66,1020.5,9.0,12.5,290,27.0,461.0,367.8,238.0
DE_Hamburg,2026-09-14T13:00Z,18.3,56,9.5,17.1,0.0,30,1022.3,7.3,10.4,255,20.5,522.0,550.6,188.0
DE_Munich,2026-09-14T13:00Z,21.4,56,12.2,21.2,0.0,20,964.9,5.9,8.0,332,19.4,557.0,595.9,160.0
ES_Madrid,2026-09-14T13:00Z,32.3,20,6.2,32.3,0.0,10,948.6,4.5,5.9,180,22.0,819.0,911.2,97.0
FR_Paris,2026-09-14T13:00Z,27.8,41,13.3,28.9,0.0,2,1017.8,4.1,5.5,314,19.1,655.0,806.6,102.0
NL_Amsterdam,2026-09-14T13:00Z,20.9,80,17.3,21.6,0.2,21,1021.2,13.0,20.2,248,31.7,314.0,217.1,176.0
PL_Warsaw,2026-09-14T13:00Z,18.4,75,13.9,18.7,0.1,100,1007.1,6.2,9.1,295,20.5,210.0,20.9,198.0
US_BPAT_Portland,2026-09-14T13:00Z,13.1,94,12.1,12.9,0.5,100,1017.3,5.2,12.8,218,12.2,0.0,0.0,0.0
US_CISO_LosAngeles,2026-09-14T13:00Z,19.6,95,18.8,22.7,0.0,16,999.8,1.3,3.7,133,5.8,0.0,0.0,0.0
US_CISO_SanFrancisco,2026-09-14T13:00Z,13.4,96,12.7,13.2,0.0,81,1012.1,7.1,12.0,152,18.4,0.0,0.0,0.0
US_ERCO_Dallas,2026-09-14T13:00Z,26.8,78,22.6,30.7,0.0,0,1002.1,9.0,15.9,185,20.5,35.0,170.9,17.0
US_ERCO_Houston,2026-09-14T13:00Z,26.2,95,25.4,32.6,0.0,2,1015.6,3.6,8.0,142,8.6,45.0,211.6,20.0
US_ISNE_Boston,2026-09-14T13:00Z,19.2,74,14.4,18.4,0.0,10,1012.6,15.9,28.0,312,33.5,104.0,0.0,104.0
US_MISO_Chicago,2026-09-14T13:00Z,15.6,100,15.6,17.4,0.0,98,993.1,0.8,3.4,106,6.5,129.0,463.4,46.0
US_NYIS_NewYork,2026-09-14T13:00Z,20.4,64,13.3,19.4,0.0,0,1013.6,14.2,23.6,335,33.1,252.0,421.8,104.0
US_PJM_Philadelphia,2026-09-14T13:00Z,21.3,65,14.5,20.6,0.0,0,1015.6,14.6,23.3,355,34.2,241.0,452.6,87.0
US_SWPP_OklahomaCity,2026-09-14T13:00Z,26.9,66,20.0,28.7,0.0,0,974.1,14.2,26.4,191,32.8,31.0,161.8,15.0
VN_DaNang,2026-09-14T13:00Z,27.0,88,24.8,32.3,0.0,100,1010.9,8.5,15.4,175,16.9,0.0,0.0,0.0
VN_HaNoi,2026-09-14T13:00Z,24.5,96,23.8,28.9,7.0,100,1010.2,10.4,20.1,73,21.6,0.0,0.0,0.0
VN_HoChiMinh,2026-09-14T13:00Z,27.1,86,24.5,32.9,0.0,97,1009.8,4.2,10.9,121,10.8,0.0,0.0,0.0
AT_Vienna,2026-09-14T14:00Z,19.3,78,15.3,19.0,0.0,50,1000.3,13.9,21.4,318,35.3,325.0,317.8,150.0
BE_Brussels,2026-09-14T14:00Z,22.8,70,17.2,23.9,0.1,52,1020.1,9.6,13.9,243,25.2,434.0,459.1,159.0
DE_Berlin,2026-09-14T14:00Z,18.8,48,7.5,16.8,0.0,43,1020.4,8.7,12.1,287,25.9,454.0,569.8,153.0
DE_Hamburg,2026-09-14T14:00Z,18.3,59,10.1,17.4,0.0,44,1022.2,5.9,8.3,254,20.2,456.0,542.4,164.0
DE_Munich,2026-09-14T14:00Z,21.8,53,11.9,21.4,0.0,41,964.7,6.3,8.6,331,19.1,491.0,573.9,155.0
ES_Madrid,2026-09-14T14:00Z,33.3,17,4.5,32.9,0.0,48,947.9,2.9,4.0,177,20.9,769.0,900.6,94.0
FR_Paris,2026-09-14T14:00Z,28.2,40,13.5,29.0,0.0,9,1017.2,3.7,5.1,321,19.1,591.0,774.5,102.0
NL_Amsterdam,2026-09-14T14:00Z,21.5,75,16.8,21.9,0.0,58,1020.9,14.0,21.3,246,32.4,481.0,599.5,134.0
PL_Warsaw,2026-09-14T14:00Z,18.7,72,13.5,18.9,0.0,95,1007.1,5.6,8.5,297,18.0,159.0,81.5,120.0
US_BPAT_Portland,2026-09-14T14:00Z,12.9,96,12.2,12.7,0.2,100,1017.5,5.9,12.8,211,11.9,0.0,0.0,0.0
US_CISO_LosAngeles,2026-09-14T14:00Z,19.6,95,18.8,22.7,0.0,33,1000.1,1.0,2.4,77,3.2,5.0,17.1,4.0
US_CISO_SanFrancisco,2026-09-14T14:00Z,13.2,95,12.3,13.0,0.0,70,1012.1,6.3,11.2,156,13.0,0.0,0.0,0.0
US_ERCO_Dallas,2026-09-14T14:00Z,28.0,74,22.9,31.9,0.0,0,1002.3,10.7,16.1,194,26.6,203.0,517.2,62.0
US_ERCO_Houston,2026-09-14T14:00Z,28.4,87,26.1,35.5,0.0,1,1015.8,2.1,4.8,138,9.4,226.0,527.7,68.0
US_ISNE_Boston,2026-09-14T14:00Z,20.6,62,13.0,18.8,0.0,0,1013.5,19.3,29.4,332,44.3,474.0,693.2,103.0
US_MISO_Chicago,2026-09-14T14:00Z,17.2,84,14.5,18.0,0.0,48,993.5,4.4,7.4,179,14.8,317.0,670.2,74.0
US_NYIS_NewYork,2026-09-14T14:00Z,21.1,60,13.0,19.9,0.0,0,1014.2,14.4,22.5,335,34.9,482.0,774.7,81.0
US_PJM_Philadelphia,2026-09-14T14:00Z,21.8,60,13.6,20.9,0.0,0,1016.2,14.2,21.7,353,35.3,469.0,757.4,82.0
US_SWPP_OklahomaCity,2026-09-14T14:00Z,28.0,63,20.4,30.1,0.0,0,974.3,13.3,22.1,186,31.0,193.0,523.1,58.0
VN_DaNang,2026-09-14T14:00Z,26.6,91,25.0,32.3,0.0,99,1011.4,6.5,12.8,185,16.2,0.0,0.0,0.0
VN_HaNoi,2026-09-14T14:00Z,24.4,96,23.7,28.5,1.7,100,1010.8,12.3,22.4,84,23.0,0.0,0.0,0.0
VN_HoChiMinh,2026-09-14T14:00Z,27.0,86,24.6,32.7,0.0,98,1010.6,5.1,12.7,122,9.7,0.0,0.0,0.0
AT_Vienna,2026-09-14T15:00Z,19.5,74,14.8,19.2,0.0,19,1000.1,12.8,20.2,313,33.8,232.0,283.9,112.0
BE_Brussels,2026-09-14T15:00Z,22.8,71,17.3,24.0,0.1,91,1019.9,9.2,13.5,243,25.9,386.0,494.4,137.0
DE_Berlin,2026-09-14T15:00Z,18.6,49,7.7,16.7,0.0,18,1020.4,8.5,12.0,289,24.8,347.0,568.1,110.0
DE_Hamburg,2026-09-14T15:00Z,18.3,59,10.2,17.4,0.0,21,1021.9,6.3,8.7,246,17.3,378.0,629.9,103.0
DE_Munich,2026-09-14T15:00Z,21.3,55,11.8,20.8,0.0,60,964.5,7.0,9.7,335,19.1,325.0,391.4,142.0
ES_Madrid,2026-09-14T15:00Z,33.6,15,3.7,32.3,0.0,65,947.2,3.5,4.4,161,18.0,661.0,864.7,92.0
FR_Paris,2026-09-14T15:00Z,28.3,40,13.6,28.8,0.0,2,1016.7,4.1,5.5,337,18.0,485.0,737.3,89.0
NL_Amsterdam,2026-09-14T15:00Z,21.2,75,16.6,21.4,0.0,94,1020.7,14.6,22.7,244,35.6,346.0,424.4,140.0
PL_Warsaw,2026-09-14T15:00Z,19.0,70,13.5,19.2,0.0,24,1007.0,5.6,8.1,291,17.3,213.0,235.1,130.0
US_BPAT_Portland,2026-09-14T15:00Z,13.2,94,12.3,13.2,0.0,32,1017.8,4.6,7.9,227,12.6,29.0,41.5,24.0
US_CISO_LosAngeles,2026-09-14T15:00Z,20.6,88,18.5,23.4,0.0,41,1000.4,1.8,2.8,75,9.7,97.0,216.2,58.0
US_CISO_SanFrancisco,2026-09-14T15:00Z,13.9,95,13.2,14.2,0.0,63,1012.5,4.8,8.6,170,11.5,76.0,310.8,35.0
US_ERCO_Dallas,2026-09-14T15:00Z,29.7,67,22.9,33.5,0.0,4,1002.3,11.2,16.4,197,29.9,408.0,680.6,87.0
US_ERCO_Houston,2026-09-14T15:00Z,30.4,74,25.2,36.5,0.0,9,1015.8,5.0,7.2,155,15.8,436.0,688.7,90.0
US_ISNE_Boston,2026-09-14T15:00Z,20.7,49,9.7,18.5,0.0,0,1014.2,19.1,28.3,334,44.6,663.0,877.8,85.0
US_MISO_Chicago,2026-09-14T15:00Z,18.5,68,12.5,18.3,0.0,98,993.4,6.6,9.7,155,19.4,493.0,757.8,96.0
US_NYIS_NewYork,2026-09-14T15:00Z,21.6,52,11.3,20.2,0.0,0,1014.8,15.4,23.7,339,38.5,644.0,851.8,89.0
US_PJM_Philadelphia,2026-09-14T15:00Z,22.5,54,12.8,21.8,0.0,0,1016.9,13.6,20.5,350,34.2,630.0,830.1,91.0
US_SWPP_OklahomaCity,2026-09-14T15:00Z,29.8,58,20.6,31.8,0.0,0,974.2,14.4,22.3,190,35.3,392.0,688.2,81.0
VN_DaNang,2026-09-14T15:00Z,26.4,92,25.0,32.6,0.0,100,1011.7,3.6,11.1,168,13.0,0.0,0.0,0.0
VN_HaNoi,2026-09-14T15:00Z,24.2,96,23.5,28.2,0.9,100,1011.2,12.1,22.0,77,22.7,0.0,0.0,0.0
VN_HoChiMinh,2026-09-14T15:00Z,26.8,88,24.7,32.6,0.1,95,1011.0,4.8,12.7,113,11.9,0.0,0.0,0.0
AT_Vienna,2026-09-14T16:00Z,19.4,74,14.7,19.5,0.1,23,1000.3,9.7,18.1,307,29.5,148.0,279.1,73.0
BE_Brussels,2026-09-14T16:00Z,22.3,74,17.4,23.5,0.0,88,1019.5,9.5,14.5,235,23.4,198.0,167.2,135.0
DE_Berlin,2026-09-14T16:00Z,18.1,51,7.8,16.4,0.0,32,1020.1,7.5,10.6,291,23.4,211.0,484.5,75.0
DE_Hamburg,2026-09-14T16:00Z,18.0,62,10.6,17.3,0.0,6,1021.4,5.6,8.2,230,16.6,239.0,519.3,79.0
DE_Munich,2026-09-14T16:00Z,20.6,60,12.4,20.3,0.0,50,964.4,6.7,9.7,360,19.1,189.0,268.1,103.0
ES_Madrid,2026-09-14T16:00Z,33.5,15,3.4,31.2,0.0,77,946.8,5.3,6.7,153,19.8,504.0,797.4,86.0
FR_Paris,2026-09-14T16:00Z,28.1,41,13.7,28.5,0.0,1,1016.3,5.2,7.1,339,18.4,347.0,657.7,78.0
NL_Amsterdam,2026-09-14T16:00Z,20.7,80,17.2,21.4,0.0,42,1020.2,12.4,20.0,244,32.8,204.0,251.4,113.0
PL_Warsaw,2026-09-14T16:00Z,18.5,73,13.6,18.6,0.0,41,1007.1,6.9,11.0,289,17.6,128.0,329.7,60.0
US_BPAT_Portland,2026-09-14T16:00Z,14.1,91,12.6,14.4,0.0,57,1017.8,3.5,4.4,243,12.6,134.0,134.5,95.0
US_CISO_LosAngeles,2026-09-14T16:00Z,22.3,76,18.0,24.8,0.0,95,1000.6,2.8,4.2,121,14.0,258.0,332.3,130.0
US_CISO_SanFrancisco,2026-09-14T16:00Z,15.6,87,13.4,16.2,0.0,2,1012.5,3.2,5.4,194,13.7,260.0,563.9,80.0
US_ERCO_Dallas,2026-09-14T16:00Z,31.7,58,22.4,35.4,0.0,5,1002.3,11.2,16.1,198,30.6,587.0,746.2,109.0
US_ERCO_Houston,2026-09-14T16:00Z,31.6,64,24.0,37.1,0.0,10,1015.6,5.9,8.0,146,20.2,608.0,729.5,117.0
US_ISNE_Boston,2026-09-14T16:00Z,20.9,46,8.9,19.2,0.0,0,1014.2,17.7,26.4,324,44.6,764.0,912.8,89.0
US_MISO_Chicago,2026-09-14T16:00Z,19.3,57,10.6,18.0,0.0,100,993.4,11.2,15.9,133,28.4,578.0,567.5,208.0
US_NYIS_NewYork,2026-09-14T16:00Z,22.2,50,11.2,21.5,0.0,0,1014.9,14.5,22.0,343,38.2,761.0,897.0,94.0
US_PJM_Philadelphia,2026-09-14T16:00Z,22.9,52,12.5,22.8,0.0,0,1017.0,13.5,20.1,348,35.3,753.0,882.3,95.0
US_SWPP_OklahomaCity,2026-09-14T16:00Z,31.7,53,20.8,33.9,0.0,0,974.3,14.9,22.6,189,37.8,573.0,777.8,93.0
VN_DaNang,2026-09-14T16:00Z,26.6,91,25.0,32.4,0.0,100,1011.9,6.1,13.1,157,11.5,0.0,0.0,0.0
VN_HaNoi,2026-09-14T16:00Z,24.2,96,23.5,28.2,1.3,100,1011.3,12.0,22.3,71,22.0,0.0,0.0,0.0
VN_HoChiMinh,2026-09-14T16:00Z,26.7,90,24.9,32.7,0.0,81,1011.0,3.8,10.3,103,9.4,0.0,0.0,0.0
AT_Vienna,2026-09-14T17:00Z,18.4,79,14.7,18.6,0.0,34,1000.2,8.8,18.9,302,21.6,51.0,208.2,28.0
BE_Brussels,2026-09-14T17:00Z,21.7,78,17.7,23.5,0.0,30,1018.9,6.5,11.5,229,22.7,99.0,123.2,71.0
DE_Berlin,2026-09-14T17:00Z,17.2,55,8.0,15.8,0.0,28,1019.9,5.9,9.9,286,19.4,79.0,335.7,36.0
DE_Hamburg,2026-09-14T17:00Z,17.1,74,12.3,17.4,0.0,67,1021.2,2.8,7.5,217,12.6,106.0,389.7,43.0
DE_Munich,2026-09-14T17:00Z,19.3,72,14.1,20.2,0.0,13,964.0,2.8,6.9,51,16.2,91.0,303.6,44.0
ES_Madrid,2026-09-14T17:00Z,33.0,15,2.5,30.1,0.0,58,946.6,7.8,10.7,147,22.3,312.0,655.2,78.0
FR_Paris,2026-09-14T17:00Z,27.6,43,13.8,28.2,0.0,0,1015.8,4.1,5.8,360,18.0,195.0,539.2,57.0
NL_Amsterdam,2026-09-14T17:00Z,20.2,85,17.6,21.7,0.0,44,1019.9,7.9,14.9,238,26.3,110.0,202.8,66.0
PL_Warsaw,2026-09-14T17:00Z,17.4,80,13.9,17.6,0.0,26,1007.2,7.3,14.4,299,15.1,24.0,112.3,15.0
US_BPAT_Portland,2026-09-14T17:00Z,15.5,82,12.3,16.1,0.0,37,1017.8,0.3,0.6,214,11.9,257.0,189.0,172.0
US_CISO_LosAngeles,2026-09-14T17:00Z,24.6,66,17.9,26.8,0.0,46,1000.6,3.8,5.2,134,17.3,444.0,477.2,174.0
US_CISO_SanFrancisco,2026-09-14T17:00Z,17.6,74,12.9,17.9,0.0,1,1012.1,4.1,5.4,201,17.3,459.0,715.1,102.0
US_ERCO_Dallas,2026-09-14T17:00Z,33.8,45,20.4,37.3,0.0,1,1001.7,11.0,15.6,201,34.9,734.0,804.8,116.0
US_ERCO_Houston,2026-09-14T17:00Z,32.9,59,23.8,38.9,0.0,15,1015.5,7.1,10.0,163,23.8,738.0,761.4,129.0
US_ISNE_Boston,2026-09-14T17:00Z,21.2,47,9.4,19.8,0.0,0,1014.2,17.6,26.0,323,42.1,804.0,925.4,89.0
US_MISO_Chicago,2026-09-14T17:00Z,19.7,52,9.5,18.1,0.0,99,992.9,13.4,19.0,136,33.5,639.0,497.1,272.0
US_NYIS_NewYork,2026-09-14T17:00Z,22.6,47,10.8,22.2,0.0,0,1015.0,14.1,21.2,346,36.7,813.0,908.0,98.0
US_PJM_Philadelphia,2026-09-14T17:00Z,23.5,48,11.8,23.4,0.0,0,1016.8,14.0,20.7,345,35.3,813.0,899.3,99.0
US_SWPP_OklahomaCity,2026-09-14T17:00Z,33.6,45,19.9,35.7,0.0,16,973.8,17.0,25.5,191,42.8,715.0,826.9,101.0
VN_DaNang,2026-09-14T17:00Z,26.6,92,25.2,33.0,0.0,100,1011.6,3.4,8.8,165,10.8,0.0,0.0,0.0
VN_HaNoi,2026-09-14T17:00Z,24.0,96,23.4,28.2,1.3,100,1011.0,10.8,20.0,71,21.6,0.0,0.0,0.0
VN_HoChiMinh,2026-09-14T17:00Z,26.3,92,25.0,33.0,0.0,94,1010.6,0.2,3.4,122,7.9,0.0,0.0,0.0
AT_Vienna,2026-09-14T18:00Z,18.3,76,14.0,18.0,0.0,23,1001.2,10.6,21.6,315,22.0,0.0,0.0,0.0
BE_Brussels,2026-09-14T18:00Z,21.1,84,18.2,23.5,0.0,45,1019.1,3.8,9.7,252,13.7,35.0,177.2,19.0
DE_Berlin,2026-09-14T18:00Z,16.1,67,9.9,15.8,0.0,30,1020.2,1.7,4.9,287,11.5,3.0,19.1,2.0
DE_Hamburg,2026-09-14T18:00Z,16.3,73,11.6,16.4,0.0,95,1021.1,2.3,8.1,205,6.8,11.0,51.8,8.0
DE_Munich,2026-09-14T18:00Z,18.0,76,13.7,18.4,0.0,7,963.7,5.0,7.1,128,10.1,6.0,38.2,4.0
ES_Madrid,2026-09-14T18:00Z,32.1,14,0.9,29.1,0.0,11,946.3,6.4,10.5,145,22.7,122.0,469.9,43.0
FR_Paris,2026-09-14T18:00Z,26.7,46,14.0,27.5,0.0,6,1015.8,2.8,6.6,33,13.3,52.0,288.1,22.0
NL_Amsterdam,2026-09-14T18:00Z,19.0,92,17.7,20.7,0.0,21,1020.2,7.3,17.1,231,16.6,28.0,116.6,18.0
PL_Warsaw,2026-09-14T18:00Z,16.5,86,14.2,16.8,0.0,23,1008.0,7.0,15.0,313,14.0,0.0,0.0,0.0
US_BPAT_Portland,2026-09-14T18:00Z,17.3,64,10.4,17.1,0.0,19,1018.0,1.8,2.2,138,11.2,501.0,593.0,156.0
US_CISO_LosAngeles,2026-09-14T18:00Z,25.7,60,17.3,28.1,0.0,6,1000.9,4.6,6.1,137,18.4,626.0,604.2,197.0
US_CISO_SanFrancisco,2026-09-14T18:00Z,19.5,65,12.7,20.1,0.0,41,1012.8,5.3,6.3,217,22.7,635.0,812.3,109.0
US_ERCO_Dallas,2026-09-14T18:00Z,35.7,39,19.4,39.3,0.0,16,1001.4,10.2,14.2,198,35.3,824.0,842.6,112.0
US_ERCO_Houston,2026-09-14T18:00Z,31.6,59,22.5,36.5,3.9,61,1016.0,11.5,16.0,209,52.6,796.0,725.5,162.0
US_ISNE_Boston,2026-09-14T18:00Z,22.0,44,9.0,20.7,0.0,0,1014.7,15.4,22.7,320,42.1,782.0,918.4,88.0
US_MISO_Chicago,2026-09-14T18:00Z,20.4,48,9.0,18.7,0.0,100,992.8,11.3,16.3,138,33.5,588.0,329.6,332.0
US_NYIS_NewYork,2026-09-14T18:00Z,23.3,42,9.8,22.6,0.0,0,1015.3,13.4,19.8,341,36.0,803.0,906.3,96.0
US_PJM_Philadelphia,2026-09-14T18:00Z,23.9,43,10.6,23.3,0.0,0,1017.2,14.5,21.2,344,36.7,810.0,900.8,98.0
US_SWPP_OklahomaCity,2026-09-14T18:00Z,35.7,35,17.9,36.8,0.0,17,973.6,18.5,27.7,194,50.4,755.0,766.3,127.0
VN_DaNang,2026-09-14T18:00Z,26.5,93,25.3,33.1,0.5,100,1011.2,2.1,2.3,219,6.5,0.0,0.0,0.0
VN_HaNoi,2026-09-14T18:00Z,24.4,96,23.7,28.3,2.8,100,1010.4,13.4,23.5,58,19.4,0.0,0.0,0.0
VN_HoChiMinh,2026-09-14T18:00Z,26.5,89,24.5,32.4,0.0,99,1010.3,2.7,4.9,268,3.6,0.0,0.0,0.0
AT_Vienna,2026-09-14T19:00Z,17.2,81,14.0,17.0,0.0,13,1001.5,9.5,20.7,301,21.6,0.0,0.0,0.0
BE_Brussels,2026-09-14T19:00Z,20.7,85,18.0,23.2,0.0,59,1019.0,2.5,8.1,265,7.6,0.0,0.0,0.0
DE_Berlin,2026-09-14T19:00Z,15.4,68,9.6,15.2,0.0,34,1020.4,0.8,4.3,298,3.2,0.0,0.0,0.0
DE_Hamburg,2026-09-14T19:00Z,15.9,76,11.7,15.9,0.0,98,1021.0,3.2,7.6,187,6.5,0.0,0.0,0.0
DE_Munich,2026-09-14T19:00Z,16.9,81,13.7,17.4,0.0,14,963.9,4.4,10.9,128,9.7,0.0,0.0,0.0
ES_Madrid,2026-09-14T19:00Z,31.1,16,2.3,29.2,0.0,7,946.2,1.1,5.9,166,14.4,6.0,36.6,4.0
FR_Paris,2026-09-14T19:00Z,25.7,50,14.4,26.4,0.0,3,1015.7,5.2,11.5,50,11.5,0.0,0.0,0.0
NL_Amsterdam,2026-09-14T19:00Z,18.8,93,17.7,20.3,0.0,82,1020.0,8.6,18.9,222,16.9,0.0,0.0,0.0
PL_Warsaw,2026-09-14T19:00Z,16.2,87,13.9,16.4,0.0,31,1008.0,6.7,14.6,316,13.7,0.0,0.0,0.0
US_BPAT_Portland,2026-09-14T19:00Z,18.7,55,9.6,19.0,0.0,48,1017.5,0.7,1.3,214,13.3,633.0,761.0,118.0
US_CISO_LosAngeles,2026-09-14T19:00Z,27.7,52,16.9,30.7,0.0,6,1000.2,4.1,5.3,168,19.8,728.0,607.7,237.0
US_CISO_SanFrancisco,2026-09-14T19:00Z,21.1,58,12.4,22.0,0.0,41,1012.4,7.5,8.9,241,24.8,760.0,854.1,116.0
US_ERCO_Dallas,2026-09-14T19:00Z,36.7,35,18.7,39.8,0.0,22,1000.2,11.3,15.9,194,32.8,829.0,807.9,129.0
US_ERCO_Houston,2026-09-14T19:00Z,31.4,62,23.3,37.1,1.2,69,1014.7,5.0,6.3,125,31.3,679.0,481.9,250.0
US_ISNE_Boston,2026-09-14T19:00Z,22.2,41,8.2,20.2,0.0,0,1014.9,16.1,23.8,325,37.8,704.0,897.4,85.0
US_MISO_Chicago,2026-09-14T19:00Z,20.8,46,8.8,19.0,0.0,98,991.9,11.3,16.3,139,29.2,582.0,366.1,302.0
US_NYIS_NewYork,2026-09-14T19:00Z,23.4,40,9.2,22.4,0.0,0,1015.3,12.8,18.9,339,34.2,735.0,890.6,92.0
US_PJM_Philadelphia,2026-09-14T19:00Z,23.8,42,10.2,22.9,0.0,0,1017.1,13.6,20.1,345,36.0,745.0,883.9,95.0
US_SWPP_OklahomaCity,2026-09-14T19:00Z,36.3,33,17.4,37.3,0.0,21,972.5,19.7,29.6,195,50.0,806.0,803.3,129.0
VN_DaNang,2026-09-14T19:00Z,26.5,94,25.4,33.5,0.4,100,1011.1,0.2,2.3,148,4.7,0.0,0.0,0.0
VN_HaNoi,2026-09-14T19:00Z,24.2,96,23.6,28.2,1.7,100,1009.9,12.2,22.3,56,27.7,0.0,0.0,0.0
VN_HoChiMinh,2026-09-14T19:00Z,26.0,93,24.8,32.4,0.0,100,1009.6,1.4,1.3,278,6.1,0.0,0.0,0.0
AT_Vienna,2026-09-14T20:00Z,16.4,84,13.6,16.2,0.0,5,1001.3,9.0,20.2,301,19.8,0.0,0.0,0.0
BE_Brussels,2026-09-14T20:00Z,20.3,85,17.7,22.8,0.0,3,1018.6,1.7,6.3,243,4.0,0.0,0.0,0.0
DE_Berlin,2026-09-14T20:00Z,14.9,71,9.6,14.7,0.0,34,1020.2,0.4,2.6,304,2.2,0.0,0.0,0.0
DE_Hamburg,2026-09-14T20:00Z,15.4,81,12.1,15.1,0.0,66,1020.6,6.1,13.5,171,11.9,0.0,0.0,0.0
DE_Munich,2026-09-14T20:00Z,15.9,85,13.3,16.3,0.0,17,963.8,4.3,12.7,130,8.6,0.0,0.0,0.0
ES_Madrid,2026-09-14T20:00Z,30.0,16,1.7,27.7,0.0,0,946.5,3.1,8.7,212,7.2,0.0,0.0,0.0
FR_Paris,2026-09-14T20:00Z,24.7,56,15.3,25.4,0.0,0,1015.6,6.6,13.8,64,14.0,0.0,0.0,0.0
NL_Amsterdam,2026-09-14T20:00Z,19.0,92,17.6,20.3,0.0,100,1019.6,9.3,19.6,213,18.7,0.0,0.0,0.0
PL_Warsaw,2026-09-14T20:00Z,15.4,90,13.9,15.7,0.0,77,1007.9,6.7,12.9,312,12.6,0.0,0.0,0.0
US_BPAT_Portland,2026-09-14T20:00Z,19.5,51,9.0,19.6,0.0,100,1016.9,1.4,1.9,343,13.3,647.0,660.5,166.0
US_CISO_LosAngeles,2026-09-14T20:00Z,29.9,45,16.6,33.3,0.0,2,999.5,5.2,6.9,185,22.0,857.0,857.0,126.0
US_CISO_SanFrancisco,2026-09-14T20:00Z,21.2,58,12.5,21.6,0.0,13,1011.8,12.9,15.4,253,34.6,831.0,883.7,114.0
US_ERCO_Dallas,2026-09-14T20:00Z,37.1,33,18.0,39.3,0.0,27,999.2,13.1,18.6,188,35.6,768.0,771.5,127.0
US_ERCO_Houston,2026-09-14T20:00Z,32.2,62,23.9,38.4,0.1,22,1013.5,5.8,7.7,123,19.1,715.0,546.2,252.0
US_ISNE_Boston,2026-09-14T20:00Z,21.6,41,7.7,18.6,0.0,0,1015.4,17.3,26.2,333,40.3,574.0,854.4,79.0
US_MISO_Chicago,2026-09-14T20:00Z,21.0,45,8.7,19.0,0.0,100,991.0,11.1,16.1,146,29.5,495.0,260.3,312.0
US_NYIS_NewYork,2026-09-14T20:00Z,23.3,40,9.1,21.7,0.0,0,1015.4,12.0,17.9,339,32.4,611.0,850.7,86.0
US_PJM_Philadelphia,2026-09-14T20:00Z,23.8,41,9.8,22.2,0.0,0,1017.2,13.4,19.9,342,33.8,627.0,851.9,88.0
US_SWPP_OklahomaCity,2026-09-14T20:00Z,36.1,34,17.6,36.7,0.0,26,972.0,19.5,29.1,189,49.7,695.0,693.1,133.0
VN_DaNang,2026-09-14T20:00Z,26.5,93,25.3,33.2,0.2,100,1011.0,1.1,5.0,139,2.5,0.0,0.0,0.0
VN_HaNoi,2026-09-14T20:00Z,24.2,96,23.5,28.1,1.8,100,1009.7,12.7,23.0,61,26.6,0.0,0.0,0.0
VN_HoChiMinh,2026-09-14T20:00Z,25.8,94,24.8,31.9,0.1,100,1009.7,2.8,7.0,167,5.4,0.0,0.0,0.0
AT_Vienna,2026-09-14T21:00Z,15.9,83,13.1,15.5,0.0,4,1001.2,9.2,20.6,302,19.1,0.0,0.0,0.0
BE_Brussels,2026-09-14T21:00Z,19.7,86,17.3,21.8,0.0,6,1018.4,3.1,7.4,219,6.5,0.0,0.0,0.0
DE_Berlin,2026-09-14T21:00Z,14.2,74,9.6,13.9,0.0,24,1020.1,0.8,1.5,234,1.8,0.0,0.0,0.0
DE_Hamburg,2026-09-14T21:00Z,14.8,84,12.2,14.5,0.0,84,1020.3,6.8,16.2,168,13.7,0.0,0.0,0.0
DE_Munich,2026-09-14T21:00Z,15.1,87,13.0,15.4,0.0,2,963.5,4.2,12.4,140,7.9,0.0,0.0,0.0
ES_Madrid,2026-09-14T21:00Z,28.9,18,1.9,26.5,0.0,9,946.3,4.3,11.2,276,9.0,0.0,0.0,0.0
FR_Paris,2026-09-14T21:00Z,23.9,59,15.5,24.8,0.0,0,1015.4,6.0,14.0,78,14.0,0.0,0.0,0.0
NL_Amsterdam,2026-09-14T21:00Z,18.9,92,17.5,20.3,0.0,100,1019.3,9.0,19.3,212,19.1,0.0,0.0,0.0
PL_Warsaw,2026-09-14T21:00Z,14.9,93,13.8,14.9,0.0,81,1008.1,7.6,15.2,306,14.4,0.0,0.0,0.0
US_BPAT_Portland,2026-09-14T21:00Z,19.4,51,8.9,18.7,0.0,100,1016.3,2.5,2.8,18,13.7,446.0,262.0,254.0
US_CISO_LosAngeles,2026-09-14T21:00Z,30.8,42,16.4,33.5,0.0,0,998.9,8.5,11.4,198,27.0,847.0,864.7,119.0
US_CISO_SanFrancisco,2026-09-14T21:00Z,20.3,61,12.5,20.3,0.0,18,1011.2,15.4,19.5,256,39.2,838.0,891.2,111.0
US_ERCO_Dallas,2026-09-14T21:00Z,37.3,32,17.7,38.7,0.0,13,998.2,14.0,20.0,188,37.1,684.0,761.4,120.0
US_ERCO_Houston,2026-09-14T21:00Z,32.7,60,23.9,38.5,0.0,16,1012.5,6.9,9.4,122,21.2,696.0,747.3,136.0
US_ISNE_Boston,2026-09-14T21:00Z,20.6,45,8.4,17.9,0.0,0,1016.2,15.9,25.6,332,39.6,404.0,775.6,69.0
US_MISO_Chicago,2026-09-14T21:00Z,21.1,45,8.6,19.2,0.0,100,990.3,10.5,15.5,145,27.7,352.0,216.4,223.0
US_NYIS_NewYork,2026-09-14T21:00Z,23.1,40,8.9,21.2,0.0,0,1015.9,10.9,17.0,341,29.5,445.0,778.7,77.0
US_PJM_Philadelphia,2026-09-14T21:00Z,23.3,41,9.3,21.1,0.0,0,1017.8,13.7,21.2,340,32.8,462.0,784.9,78.0
US_SWPP_OklahomaCity,2026-09-14T21:00Z,35.8,33,17.2,35.8,0.0,21,970.8,20.0,30.3,184,51.5,623.0,655.9,147.0
VN_DaNang,2026-09-14T21:00Z,26.3,94,25.3,33.0,0.2,100,1010.8,1.7,4.8,158,3.6,0.0,0.0,0.0
VN_HaNoi,2026-09-14T21:00Z,24.0,96,23.3,27.9,2.1,100,1009.5,12.2,22.6,58,24.5,0.0,0.0,0.0
VN_HoChiMinh,2026-09-14T21:00Z,25.5,95,24.7,31.5,0.4,99,1009.7,3.6,9.9,179,9.7,0.0,0.0,0.0
AT_Vienna,2026-09-14T22:00Z,15.6,83,12.7,15.0,0.0,4,1001.2,9.2,20.3,301,19.1,0.0,0.0,0.0
BE_Brussels,2026-09-14T22:00Z,19.2,88,17.2,20.9,0.0,5,1018.1,5.4,9.3,205,10.4,0.0,0.0,0.0
DE_Berlin,2026-09-14T22:00Z,13.4,77,9.5,12.7,0.0,72,1019.9,4.0,6.0,141,7.2,0.0,0.0,0.0
DE_Hamburg,2026-09-14T22:00Z,14.4,86,12.0,13.9,0.0,15,1020.1,7.4,17.5,161,14.4,0.0,0.0,0.0
DE_Munich,2026-09-14T22:00Z,14.5,89,12.8,14.6,0.0,1,962.9,5.2,12.2,151,9.7,0.0,0.0,0.0
ES_Madrid,2026-09-14T22:00Z,27.9,21,3.7,25.5,0.0,7,946.3,6.2,16.5,299,13.0,0.0,0.0,0.0
FR_Paris,2026-09-14T22:00Z,23.1,62,15.4,24.0,0.0,0,1015.2,6.3,14.8,93,13.0,0.0,0.0,0.0
NL_Amsterdam,2026-09-14T22:00Z,18.9,92,17.6,20.4,0.0,99,1019.0,8.5,18.7,215,18.4,0.0,0.0,0.0
PL_Warsaw,2026-09-14T22:00Z,14.4,95,13.5,14.4,0.1,73,1008.2,7.2,15.5,315,14.8,0.0,0.0,0.0
US_BPAT_Portland,2026-09-14T22:00Z,19.7,50,8.9,18.8,0.0,63,1015.6,3.9,4.8,25,14.8,402.0,202.9,262.0
US_CISO_LosAngeles,2026-09-14T22:00Z,30.3,45,17.1,32.5,0.0,0,998.4,10.8,14.6,214,31.3,776.0,866.5,104.0
US_CISO_SanFrancisco,2026-09-14T22:00Z,19.7,63,12.5,19.4,0.0,11,1010.4,15.4,20.2,256,39.6,780.0,875.1,109.0
US_ERCO_Dallas,2026-09-14T22:00Z,36.9,32,17.5,37.5,0.0,10,997.4,14.1,20.4,183,37.8,513.0,674.3,107.0
US_ERCO_Houston,2026-09-14T22:00Z,32.6,57,23.0,37.0,0.0,36,1012.3,7.0,9.8,149,22.3,542.0,729.6,103.0
US_ISNE_Boston,2026-09-14T22:00Z,19.4,50,8.8,16.9,0.0,0,1017.3,15.1,26.2,332,34.9,214.0,621.1,54.0
US_MISO_Chicago,2026-09-14T22:00Z,21.1,47,9.3,19.1,0.0,97,989.0,12.2,19.8,149,29.2,263.0,146.4,197.0
US_NYIS_NewYork,2026-09-14T22:00Z,22.5,44,9.5,21.1,0.0,0,1016.7,8.8,17.1,341,25.6,252.0,643.6,60.0
US_PJM_Philadelphia,2026-09-14T22:00Z,22.5,45,9.9,20.8,0.0,0,1018.4,11.7,20.9,340,31.7,269.0,657.6,62.0
US_SWPP_OklahomaCity,2026-09-14T22:00Z,35.5,32,16.3,34.7,0.0,38,970.5,20.3,31.0,187,50.0,494.0,630.4,120.0
VN_DaNang,2026-09-14T22:00Z,26.3,94,25.3,33.1,0.1,100,1010.9,0.9,4.3,147,3.6,0.0,0.0,0.0
VN_HaNoi,2026-09-14T22:00Z,24.0,96,23.3,27.8,5.9,100,1009.2,12.6,23.7,51,24.1,0.0,0.0,0.0
VN_HoChiMinh,2026-09-14T22:00Z,25.8,94,24.7,31.7,0.0,96,1009.8,3.6,10.0,146,6.8,0.0,0.0,0.0
AT_Vienna,2026-09-14T23:00Z,15.3,83,12.3,14.6,0.0,6,1001.1,9.1,19.8,305,19.1,0.0,0.0,0.0
BE_Brussels,2026-09-14T23:00Z,18.4,90,16.8,20.0,0.0,5,1018.1,5.2,11.1,212,11.5,0.0,0.0,0.0
DE_Berlin,2026-09-14T23:00Z,13.1,77,9.2,11.9,0.0,99,1019.5,6.5,12.7,140,12.2,0.0,0.0,0.0
DE_Hamburg,2026-09-14T23:00Z,14.2,85,11.8,13.5,0.0,15,1019.7,8.4,19.7,168,16.6,0.0,0.0,0.0
DE_Munich,2026-09-14T23:00Z,14.0,90,12.3,13.9,0.0,6,962.5,5.0,11.4,151,9.7,0.0,0.0,0.0
ES_Madrid,2026-09-14T23:00Z,26.9,24,4.9,25.0,0.0,0,946.2,4.3,14.1,280,13.3,0.0,0.0,0.0
FR_Paris,2026-09-14T23:00Z,22.4,65,15.4,23.3,0.0,0,1015.2,6.1,14.8,111,13.3,0.0,0.0,0.0
NL_Amsterdam,2026-09-14T23:00Z,18.8,93,17.6,20.2,0.0,100,1018.9,8.5,18.8,220,17.3,0.0,0.0,0.0
PL_Warsaw,2026-09-14T23:00Z,14.0,95,13.2,14.2,0.0,98,1008.2,5.4,11.1,330,13.7,0.0,0.0,0.0
US_BPAT_Portland,2026-09-14T23:00Z,20.0,49,9.1,19.0,0.0,72,1014.8,5.3,6.9,20,17.3,447.0,502.6,144.0
US_CISO_LosAngeles,2026-09-14T23:00Z,29.3,48,17.3,30.8,0.0,0,998.1,10.9,14.9,223,31.7,642.0,834.0,93.0
US_CISO_SanFrancisco,2026-09-14T23:00Z,19.0,67,12.7,18.1,0.0,23,1009.6,16.5,22.1,254,40.7,666.0,846.1,101.0
US_ERCO_Dallas,2026-09-14T23:00Z,36.6,32,17.3,37.0,0.0,6,996.8,14.4,21.2,180,37.1,353.0,641.0,81.0
US_ERCO_Houston,2026-09-14T23:00Z,32.1,58,22.8,36.1,0.2,22,1011.8,8.6,13.0,146,19.8,298.0,479.7,99.0
US_ISNE_Boston,2026-09-14T23:00Z,17.8,53,8.0,15.1,0.0,0,1018.5,14.6,27.6,336,33.5,45.0,275.6,17.0
US_MISO_Chicago,2026-09-14T23:00Z,20.9,49,9.9,19.0,0.0,84,987.7,12.6,22.1,143,26.3,163.0,187.4,111.0
US_NYIS_NewYork,2026-09-14T23:00Z,20.7,49,9.6,19.1,0.0,0,1017.3,10.2,21.7,334,21.6,71.0,360.2,27.0
US_PJM_Philadelphia,2026-09-14T23:00Z,20.9,52,10.7,19.7,0.0,0,1018.8,9.3,20.0,339,26.3,82.0,398.5,30.0
US_SWPP_OklahomaCity,2026-09-14T23:00Z,35.1,32,15.8,34.3,0.0,32,970.0,19.0,29.5,186,49.0,314.0,501.7,102.0
VN_DaNang,2026-09-14T23:00Z,26.2,95,25.4,32.6,0.1,100,1011.2,3.3,6.4,162,5.8,3.0,0.0,3.0
VN_HaNoi,2026-09-14T23:00Z,24.1,96,23.4,27.8,12.1,100,1009.4,13.6,24.8,49,29.9,0.0,0.0,0.0
VN_HoChiMinh,2026-09-14T23:00Z,25.6,94,24.5,31.1,0.0,99,1009.9,6.0,12.3,134,11.2,2.0,0.0,2.0
AT_Vienna,2026-09-15T00:00Z,15.4,85,12.9,15.2,0.0,33,1000.9,7.5,15.0,308,18.4,0.0,0.0,0.0
BE_Brussels,2026-09-15T00:00Z,17.3,92,16.0,18.4,0.0,0,1017.7,6.6,12.7,219,10.1,0.0,0.0,0.0
DE_Berlin,2026-09-15T00:00Z,12.3,80,8.9,11.0,0.0,99,1019.4,6.5,15.3,148,12.2,0.0,0.0,0.0
DE_Hamburg,2026-09-15T00:00Z,14.2,85,11.8,13.4,0.0,100,1019.5,9.5,20.3,160,17.6,0.0,0.0,0.0
DE_Munich,2026-09-15T00:00Z,13.1,92,11.9,12.7,0.0,5,962.3,6.5,11.4,169,11.2,0.0,0.0,0.0
ES_Madrid,2026-09-15T00:00Z,25.3,28,5.7,23.9,0.0,0,945.9,1.9,1.8,114,8.6,0.0,0.0,0.0
FR_Paris,2026-09-15T00:00Z,20.7,71,15.2,21.8,0.0,0,1015.0,4.6,13.0,134,12.2,0.0,0.0,0.0
NL_Amsterdam,2026-09-15T00:00Z,18.2,96,17.5,19.7,0.0,98,1018.4,7.7,17.7,215,16.9,0.0,0.0,0.0
PL_Warsaw,2026-09-15T00:00Z,13.7,96,13.1,14.2,0.0,98,1008.2,3.1,9.0,16,11.9,0.0,0.0,0.0
US_BPAT_Portland,2026-09-15T00:00Z,19.6,50,8.9,18.1,0.0,1,1014.8,7.9,10.5,25,19.4,373.0,549.0,111.0
US_CISO_LosAngeles,2026-09-15T00:00Z,28.2,49,16.6,29.0,0.0,0,998.0,10.0,13.8,219,30.6,461.0,760.6,82.0
US_CISO_SanFrancisco,2026-09-15T00:00Z,19.5,64,12.6,18.2,0.0,2,1009.3,14.7,20.7,251,42.5,501.0,780.2,91.0
US_ERCO_Dallas,2026-09-15T00:00Z,35.5,35,17.7,36.1,0.0,20,997.3,14.2,23.6,173,36.0,154.0,464.2,52.0
US_ERCO_Houston,2026-09-15T00:00Z,30.1,74,24.8,35.1,0.1,24,1012.4,10.7,16.8,176,22.7,119.0,352.3,48.0
US_ISNE_Boston,2026-09-15T00:00Z,16.7,56,7.8,14.1,0.0,0,1019.8,14.2,27.8,341,30.6,0.0,0.0,0.0
US_MISO_Chicago,2026-09-15T00:00Z,20.2,53,10.2,18.2,0.0,80,987.6,14.0,25.9,155,28.1,47.0,170.1,28.0
US_NYIS_NewYork,2026-09-15T00:00Z,19.4,53,9.4,17.4,0.0,0,1018.4,12.3,24.7,338,27.0,0.0,0.0,0.0
US_PJM_Philadelphia,2026-09-15T00:00Z,19.5,59,11.3,18.5,0.0,0,1019.7,9.3,20.4,357,21.2,0.0,0.0,0.0
US_SWPP_OklahomaCity,2026-09-15T00:00Z,35.6,29,15.1,34.4,0.0,40,969.8,19.4,31.9,181,44.6,156.0,435.2,58.0
VN_DaNang,2026-09-15T00:00Z,27.0,89,25.0,32.5,0.0,58,1011.8,8.3,12.7,128,11.2,69.0,18.8,65.0
VN_HaNoi,2026-09-15T00:00Z,24.4,96,23.7,28.7,6.4,100,1011.1,10.8,19.1,52,36.0,6.0,0.0,6.0
VN_HoChiMinh,2026-09-15T00:00Z,26.8,90,25.1,33.0,0.0,91,1010.9,3.3,4.6,111,12.6,112.0,300.7,56.0
AT_Vienna,2026-09-15T01:00Z,14.6,87,12.4,14.2,0.0,6,1000.5,7.2,14.5,307,15.1,0.0,0.0,0.0
BE_Brussels,2026-09-15T01:00Z,17.0,92,15.7,17.8,0.0,0,1017.3,7.2,14.8,211,14.0,0.0,0.0,0.0
DE_Berlin,2026-09-15T01:00Z,11.7,84,9.1,10.6,0.0,100,1019.2,5.9,14.7,165,12.2,0.0,0.0,0.0
DE_Hamburg,2026-09-15T01:00Z,14.2,86,11.8,13.4,0.0,59,1019.1,9.0,19.4,165,18.7,0.0,0.0,0.0
DE_Munich,2026-09-15T01:00Z,12.9,91,11.5,12.2,0.0,2,961.9,7.4,12.2,180,14.0,0.0,0.0,0.0
ES_Madrid,2026-09-15T01:00Z,24.6,27,4.3,22.4,0.0,0,945.8,5.2,13.8,153,10.4,0.0,0.0,0.0
FR_Paris,2026-09-15T01:00Z,20.1,73,15.2,21.1,0.0,0,1014.6,5.4,14.1,145,10.8,0.0,0.0,0.0
NL_Amsterdam,2026-09-15T01:00Z,18.0,97,17.4,19.4,0.0,42,1018.0,8.1,18.4,216,16.2,0.0,0.0,0.0
PL_Warsaw,2026-09-15T01:00Z,13.5,96,12.9,14.3,0.0,93,1008.0,1.1,3.9,47,4.7,0.0,0.0,0.0
US_BPAT_Portland,2026-09-15T01:00Z,19.1,51,8.6,17.7,0.0,10,1014.5,6.4,9.0,12,21.6,242.0,503.6,80.0
US_CISO_LosAngeles,2026-09-15T01:00Z,26.6,54,16.4,27.4,0.0,0,998.2,9.5,13.4,216,27.4,254.0,623.5,63.0
US_CISO_SanFrancisco,2026-09-15T01:00Z,18.5,69,12.8,17.3,0.0,1,1009.0,14.1,21.5,258,36.7,304.0,660.6,73.0
US_ERCO_Dallas,2026-09-15T01:00Z,35.0,36,17.5,36.0,0.0,8,997.4,11.0,19.3,164,33.1,13.0,77.1,7.0
US_ERCO_Houston,2026-09-15T01:00Z,29.4,77,24.9,34.8,0.0,15,1012.7,8.8,17.2,160,22.7,8.0,29.6,6.0
US_ISNE_Boston,2026-09-15T01:00Z,16.2,57,7.6,13.5,0.0,0,1021.0,14.4,27.6,348,30.2,0.0,0.0,0.0
US_MISO_Chicago,2026-09-15T01:00Z,20.1,55,10.8,18.1,0.0,45,987.1,14.9,27.7,144,31.0,0.0,0.0,0.0
US_NYIS_NewYork,2026-09-15T01:00Z,18.6,56,9.6,16.7,0.0,0,1019.5,12.5,25.9,348,27.0,0.0,0.0,0.0
US_PJM_Philadelphia,2026-09-15T01:00Z,18.5,61,10.9,17.4,0.0,0,1020.9,9.6,21.3,349,20.5,0.0,0.0,0.0
US_SWPP_OklahomaCity,2026-09-15T01:00Z,34.5,32,15.3,33.7,0.0,23,969.8,17.3,29.7,182,43.9,16.0,85.6,9.0
VN_DaNang,2026-09-15T01:00Z,27.8,83,24.7,33.0,0.1,64,1012.6,8.9,12.3,153,21.6,249.0,221.1,150.0
VN_HaNoi,2026-09-15T01:00Z,24.6,96,23.8,28.6,1.6,100,1011.5,13.5,23.2,56,24.8,61.0,2.5,60.0
VN_HoChiMinh,2026-09-15T01:00Z,28.1,82,24.6,34.0,0.0,96,1011.3,3.3,4.7,137,14.0,340.0,540.5,108.0
AT_Vienna,2026-09-15T02:00Z,14.0,88,12.0,13.5,0.0,1,1000.4,7.0,15.1,299,14.4,0.0,0.0,0.0
BE_Brussels,2026-09-15T02:00Z,16.8,91,15.4,17.4,0.0,0,1016.7,8.2,17.6,206,15.5,0.0,0.0,0.0
DE_Berlin,2026-09-15T02:00Z,11.5,85,9.0,10.3,0.0,42,1018.7,6.5,15.8,168,12.2,0.0,0.0,0.0
DE_Hamburg,2026-09-15T02:00Z,14.3,86,12.0,13.7,0.0,52,1018.5,8.2,18.6,172,18.0,0.0,0.0,0.0
DE_Munich,2026-09-15T02:00Z,12.4,92,11.1,11.7,0.0,3,961.6,7.0,10.7,193,14.0,0.0,0.0,0.0
ES_Madrid,2026-09-15T02:00Z,23.4,28,4.0,21.4,0.0,0,945.5,4.2,13.0,166,11.9,0.0,0.0,0.0
FR_Paris,2026-09-15T02:00Z,19.8,75,15.2,20.6,0.0,0,1014.1,6.2,15.6,157,12.6,0.0,0.0,0.0
NL_Amsterdam,2026-09-15T02:00Z,17.3,98,17.0,18.5,0.0,12,1017.4,8.4,19.3,210,16.6,0.0,0.0,0.0
PL_Warsaw,2026-09-15T02:00Z,13.4,97,13.0,13.2,0.0,85,1007.8,7.4,7.7,269,12.6,0.0,0.0,0.0
US_BPAT_Portland,2026-09-15T02:00Z,18.1,57,9.4,17.3,0.0,9,1014.4,3.9,8.1,336,16.9,89.0,340.6,39.0
US_CISO_LosAngeles,2026-09-15T02:00Z,24.9,60,16.5,26.0,0.0,0,998.6,7.5,11.1,211,24.5,61.0,308.1,23.0
US_CISO_SanFrancisco,2026-09-15T02:00Z,17.4,74,12.7,16.3,0.0,0,1009.0,13.3,22.2,256,33.8,106.0,440.1,39.0
US_ERCO_Dallas,2026-09-15T02:00Z,33.7,41,18.8,34.2,0.0,6,998.3,18.4,29.2,157,42.1,0.0,0.0,0.0
US_ERCO_Houston,2026-09-15T02:00Z,29.0,80,25.2,34.4,0.0,3,1013.2,9.5,18.3,154,19.4,0.0,0.0,0.0
US_ISNE_Boston,2026-09-15T02:00Z,15.3,60,7.6,12.8,0.0,0,1021.8,12.7,24.7,352,30.6,0.0,0.0,0.0
US_MISO_Chicago,2026-09-15T02:00Z,19.9,58,11.4,18.0,0.0,4,986.9,15.8,29.1,150,33.8,0.0,0.0,0.0
US_NYIS_NewYork,2026-09-15T02:00Z,17.8,61,10.1,16.3,0.0,0,1020.4,9.9,22.3,360,27.0,0.0,0.0,0.0
US_PJM_Philadelphia,2026-09-15T02:00Z,17.7,63,10.6,16.5,0.0,0,1021.7,9.5,21.9,355,20.2,0.0,0.0,0.0
US_SWPP_OklahomaCity,2026-09-15T02:00Z,33.2,35,15.9,32.7,0.0,5,970.5,17.0,29.3,163,38.9,0.0,0.0,0.0
VN_DaNang,2026-09-15T02:00Z,29.0,80,25.2,34.4,0.1,82,1012.9,9.2,12.3,141,23.8,538.0,549.0,179.0
VN_HaNoi,2026-09-15T02:00Z,25.3,94,24.2,29.7,0.6,100,1011.8,12.1,18.5,63,29.5,175.0,19.7,163.0
VN_HoChiMinh,2026-09-15T02:00Z,29.3,75,24.3,35.3,0.0,91,1011.6,2.2,3.1,183,14.0,565.0,675.8,130.0
AT_Vienna,2026-09-15T03:00Z,13.5,88,11.6,13.1,0.0,1,1000.3,6.4,16.2,291,14.8,0.0,0.0,0.0
BE_Brussels,2026-09-15T03:00Z,16.9,90,15.3,17.4,0.0,0,1016.1,9.0,19.7,204,17.3,0.0,0.0,0.0
DE_Berlin,2026-09-15T03:00Z,11.1,86,8.9,10.0,0.0,4,1018.3,5.5,15.0,169,11.9,0.0,0.0,0.0
DE_Hamburg,2026-09-15T03:00Z,14.8,86,12.6,14.5,0.1,80,1017.9,7.4,17.0,184,16.2,0.0,0.0,0.0
DE_Munich,2026-09-15T03:00Z,11.7,95,10.9,11.1,0.0,4,961.1,5.3,7.1,199,13.3,0.0,0.0,0.0
ES_Madrid,2026-09-15T03:00Z,22.2,31,4.3,20.6,0.0,0,945.5,1.7,6.1,130,8.6,0.0,0.0,0.0
FR_Paris,2026-09-15T03:00Z,19.3,77,15.1,20.1,0.0,0,1013.5,6.2,16.0,168,13.0,0.0,0.0,0.0
NL_Amsterdam,2026-09-15T03:00Z,16.8,99,16.6,17.8,0.0,7,1016.7,8.7,20.3,203,17.3,0.0,0.0,0.0
PL_Warsaw,2026-09-15T03:00Z,13.2,97,12.8,12.9,0.0,77,1007.9,7.5,16.8,296,20.2,0.0,0.0,0.0
US_BPAT_Portland,2026-09-15T03:00Z,17.3,61,9.6,16.2,0.0,95,1014.3,6.4,15.7,354,12.6,4.0,19.1,3.0
US_CISO_LosAngeles,2026-09-15T03:00Z,23.8,64,16.6,24.9,0.0,0,999.5,7.6,11.3,189,18.4,0.0,0.0,0.0
US_CISO_SanFrancisco,2026-09-15T03:00Z,16.5,78,12.7,15.6,0.0,39,1009.0,11.7,20.4,254,29.9,3.0,19.1,2.0
US_ERCO_Dallas,2026-09-15T03:00Z,32.9,43,18.7,33.7,0.0,3,999.0,16.5,28.1,155,40.0,0.0,0.0,0.0
US_ERCO_Houston,2026-09-15T03:00Z,28.4,83,25.2,33.8,0.0,0,1013.8,9.8,18.9,159,20.9,0.0,0.0,0.0
US_ISNE_Boston,2026-09-15T03:00Z,14.4,65,7.8,12.3,0.0,0,1022.6,10.5,21.9,354,26.3,0.0,0.0,0.0
US_MISO_Chicago,2026-09-15T03:00Z,19.7,59,11.5,18.0,0.0,2,986.9,15.0,28.8,160,33.1,0.0,0.0,0.0
US_NYIS_NewYork,2026-09-15T03:00Z,16.7,69,10.9,16.1,0.0,0,1020.7,6.0,17.6,359,21.2,0.0,0.0,0.0
US_PJM_Philadelphia,2026-09-15T03:00Z,17.2,64,10.3,15.9,0.0,0,1022.3,9.4,21.6,360,20.2,0.0,0.0,0.0
US_SWPP_OklahomaCity,2026-09-15T03:00Z,32.0,41,17.2,31.8,0.0,2,971.1,19.0,33.5,165,42.1,0.0,0.0,0.0
VN_DaNang,2026-09-15T03:00Z,29.8,75,24.9,36.0,0.0,87,1012.7,10.6,14.0,137,27.4,747.0,717.8,161.0
VN_HaNoi,2026-09-15T03:00Z,25.6,92,24.3,30.1,0.4,100,1011.6,11.8,17.1,57,27.4,190.0,15.5,178.0
VN_HoChiMinh,2026-09-15T03:00Z,30.2,69,24.0,37.0,0.2,88,1011.5,2.1,3.0,218,12.6,714.0,701.9,142.0
AT_Vienna,2026-09-15T04:00Z,13.2,89,11.4,12.9,0.0,2,1000.2,5.1,14.3,291,13.3,0.0,0.0,0.0
BE_Brussels,2026-09-15T04:00Z,17.2,89,15.4,17.6,0.0,0,1015.4,9.7,21.4,204,18.7,0.0,0.0,0.0
DE_Berlin,2026-09-15T04:00Z,10.9,87,8.9,9.5,0.0,2,1017.8,7.3,16.5,166,13.7,0.0,0.0,0.0
DE_Hamburg,2026-09-15T04:00Z,14.6,89,12.8,14.3,0.0,42,1017.3,8.1,18.7,188,15.5,0.0,0.0,0.0
DE_Munich,2026-09-15T04:00Z,11.0,98,10.7,10.7,0.0,93,960.8,3.3,1.7,221,10.4,0.0,0.0,0.0
ES_Madrid,2026-09-15T04:00Z,21.1,33,4.3,19.1,0.0,0,945.3,3.9,7.2,72,7.9,0.0,0.0,0.0
FR_Paris,2026-09-15T04:00Z,18.8,79,15.0,19.4,0.0,0,1012.9,7.3,17.7,168,14.8,0.0,0.0,0.0
NL_Amsterdam,2026-09-15T04:00Z,16.4,99,16.3,17.3,0.0,15,1016.1,9.1,20.9,202,17.6,0.0,0.0,0.0
PL_Warsaw,2026-09-15T04:00Z,12.7,98,12.5,12.7,0.0,69,1008.0,5.6,11.7,328,14.0,0.0,0.0,0.0
US_BPAT_Portland,2026-09-15T04:00Z,16.9,63,9.8,15.6,0.0,99,1014.4,7.9,17.3,349,15.5,0.0,0.0,0.0
US_CISO_LosAngeles,2026-09-15T04:00Z,22.8,67,16.3,23.9,0.0,0,1000.5,7.1,10.6,166,18.4,0.0,0.0,0.0
US_CISO_SanFrancisco,2026-09-15T04:00Z,16.0,82,12.9,15.4,0.0,66,1009.4,10.2,17.1,238,25.6,0.0,0.0,0.0
US_ERCO_Dallas,2026-09-15T04:00Z,32.4,46,19.5,33.5,0.0,2,999.3,16.8,29.1,164,36.7,0.0,0.0,0.0
US_ERCO_Houston,2026-09-15T04:00Z,27.9,87,25.5,33.7,0.0,0,1013.9,8.3,17.1,171,20.9,0.0,0.0,0.0
US_ISNE_Boston,2026-09-15T04:00Z,13.6,70,8.2,11.9,0.0,0,1023.0,8.3,19.4,354,21.6,0.0,0.0,0.0
US_MISO_Chicago,2026-09-15T04:00Z,19.7,59,11.5,17.7,0.0,56,986.6,16.7,31.7,165,34.6,0.0,0.0,0.0
US_NYIS_NewYork,2026-09-15T04:00Z,16.0,73,11.2,15.5,0.0,0,1021.3,5.3,15.6,353,13.0,0.0,0.0,0.0
US_PJM_Philadelphia,2026-09-15T04:00Z,16.5,67,10.3,15.2,0.0,0,1022.9,9.2,21.2,7,19.4,0.0,0.0,0.0
US_SWPP_OklahomaCity,2026-09-15T04:00Z,31.5,43,17.4,31.3,0.0,1,971.4,19.2,34.1,168,42.8,0.0,0.0,0.0
VN_DaNang,2026-09-15T04:00Z,30.4,71,24.5,36.8,0.0,63,1012.4,11.5,15.4,135,29.5,852.0,733.6,174.0
VN_HaNoi,2026-09-15T04:00Z,25.3,94,24.3,29.7,1.4,100,1011.5,12.9,20.3,73,30.2,170.0,0.0,170.0
VN_HoChiMinh,2026-09-15T04:00Z,31.1,68,24.4,39.2,0.2,94,1011.3,1.9,2.6,219,14.0,862.0,738.8,174.0
AT_Vienna,2026-09-15T05:00Z,13.2,89,11.4,12.9,0.0,0,1000.0,4.2,12.8,287,10.8,6.0,38.2,4.0
BE_Brussels,2026-09-15T05:00Z,17.2,89,15.4,17.5,0.0,0,1015.1,10.4,22.1,199,20.2,0.0,0.0,0.0
DE_Berlin,2026-09-15T05:00Z,10.7,89,8.9,9.3,0.0,2,1017.5,7.5,16.7,162,14.0,2.0,0.0,2.0
DE_Hamburg,2026-09-15T05:00Z,14.5,91,13.0,14.2,0.0,28,1016.9,7.9,18.0,196,15.5,0.0,0.0,0.0
DE_Munich,2026-09-15T05:00Z,10.3,100,10.3,9.9,0.0,100,960.6,3.1,1.6,63,8.6,0.0,0.0,0.0
ES_Madrid,2026-09-15T05:00Z,20.0,37,4.8,18.1,0.0,0,945.1,4.5,11.4,63,9.4,0.0,0.0,0.0
FR_Paris,2026-09-15T05:00Z,18.4,80,14.8,18.8,0.0,1,1012.8,7.5,17.9,175,15.5,0.0,0.0,0.0
NL_Amsterdam,2026-09-15T05:00Z,16.2,99,16.1,16.9,0.0,6,1015.8,9.3,22.3,201,18.7,0.0,0.0,0.0
PL_Warsaw,2026-09-15T05:00Z,12.8,98,12.5,12.8,0.0,77,1007.8,4.7,8.8,309,10.4,16.0,53.5,12.0
US_BPAT_Portland,2026-09-15T05:00Z,16.0,71,10.8,15.0,0.0,98,1014.3,8.1,16.5,342,17.3,0.0,0.0,0.0
US_CISO_LosAngeles,2026-09-15T05:00Z,21.8,71,16.3,23.0,0.0,1,1001.2,6.6,9.6,152,17.3,0.0,0.0,0.0
US_CISO_SanFrancisco,2026-09-15T05:00Z,15.8,83,13.0,15.1,0.0,36,1009.8,10.7,16.3,226,23.4,0.0,0.0,0.0
US_ERCO_Dallas,2026-09-15T05:00Z,32.0,49,19.8,33.3,0.0,2,999.3,16.3,28.1,174,37.1,0.0,0.0,0.0
US_ERCO_Houston,2026-09-15T05:00Z,27.7,89,25.7,33.8,0.0,9,1013.4,7.2,15.5,175,16.9,0.0,0.0,0.0
US_ISNE_Boston,2026-09-15T05:00Z,13.0,74,8.4,11.4,0.0,0,1023.1,8.0,18.5,358,16.6,0.0,0.0,0.0
US_MISO_Chicago,2026-09-15T05:00Z,19.8,60,11.8,17.8,0.0,71,986.3,17.2,33.4,172,37.1,0.0,0.0,0.0
US_NYIS_NewYork,2026-09-15T05:00Z,15.4,76,11.2,14.9,0.0,0,1021.8,5.8,16.2,348,12.6,0.0,0.0,0.0
US_PJM_Philadelphia,2026-09-15T05:00Z,15.9,69,10.2,14.6,0.0,0,1022.9,9.3,21.2,13,19.1,0.0,0.0,0.0
US_SWPP_OklahomaCity,2026-09-15T05:00Z,31.1,45,17.6,31.0,0.0,2,971.4,19.4,34.5,175,43.2,0.0,0.0,0.0
VN_DaNang,2026-09-15T05:00Z,30.6,69,24.1,37.1,0.0,27,1011.7,11.0,14.1,120,29.5,893.0,713.4,201.0
VN_HaNoi,2026-09-15T05:00Z,25.4,91,23.8,29.7,2.4,100,1010.6,11.2,19.0,68,25.6,147.0,0.0,147.0
VN_HoChiMinh,2026-09-15T05:00Z,31.6,67,24.8,40.4,0.0,91,1010.5,0.9,1.4,247,14.0,899.0,663.1,246.0
AT_Vienna,2026-09-15T06:00Z,14.4,87,12.2,14.4,0.0,1,1000.2,4.4,11.0,293,10.1,103.0,393.8,42.0
BE_Brussels,2026-09-15T06:00Z,17.5,87,15.4,17.7,0.0,0,1015.0,10.5,22.6,205,20.5,16.0,104.4,9.0
DE_Berlin,2026-09-15T06:00Z,11.3,87,9.1,10.0,0.0,1,1017.4,6.9,15.3,167,16.6,73.0,344.2,33.0
DE_Hamburg,2026-09-15T06:00Z,15.2,92,13.9,15.0,0.0,38,1016.9,9.7,20.6,198,17.6,41.0,191.1,23.0
DE_Munich,2026-09-15T06:00Z,11.0,97,10.5,10.5,0.0,70,960.9,4.0,2.7,152,10.8,50.0,189.8,29.0
ES_Madrid,2026-09-15T06:00Z,18.8,42,5.6,17.0,0.0,0,945.1,4.7,13.9,59,9.4,0.0,0.0,0.0
FR_Paris,2026-09-15T06:00Z,18.0,79,14.3,18.5,0.0,20,1012.7,6.1,15.2,185,15.1,9.0,52.9,6.0
NL_Amsterdam,2026-09-15T06:00Z,16.7,96,16.1,17.2,0.0,89,1015.5,10.7,23.3,202,19.8,17.0,87.4,11.0
PL_Warsaw,2026-09-15T06:00Z,13.6,94,12.7,13.8,0.0,95,1008.4,4.5,7.9,281,13.3,111.0,271.3,58.0
US_BPAT_Portland,2026-09-15T06:00Z,14.6,80,11.2,14.1,0.0,95,1014.1,5.9,14.4,342,16.2,0.0,0.0,0.0
US_CISO_LosAngeles,2026-09-15T06:00Z,20.9,77,16.6,22.2,0.0,5,1001.3,6.3,9.0,157,15.8,0.0,0.0,0.0
US_CISO_SanFrancisco,2026-09-15T06:00Z,15.2,87,13.0,14.7,0.0,74,1009.6,9.9,15.1,205,22.7,0.0,0.0,0.0
US_ERCO_Dallas,2026-09-15T06:00Z,30.7,56,20.8,32.6,0.0,2,999.6,16.5,28.7,176,35.6,0.0,0.0,0.0
US_ERCO_Houston,2026-09-15T06:00Z,27.2,93,26.0,33.5,0.0,32,1013.7,6.7,15.7,179,14.4,0.0,0.0,0.0
US_ISNE_Boston,2026-09-15T06:00Z,11.4,79,7.8,9.6,0.0,0,1023.9,8.6,18.2,359,15.8,0.0,0.0,0.0
US_MISO_Chicago,2026-09-15T06:00Z,19.2,62,11.9,17.0,0.0,100,985.2,18.8,36.6,179,38.5,0.0,0.0,0.0
US_NYIS_NewYork,2026-09-15T06:00Z,14.1,85,11.6,13.5,0.0,0,1022.0,7.3,19.6,2,13.7,0.0,0.0,0.0
US_PJM_Philadelphia,2026-09-15T06:00Z,14.5,73,9.6,12.9,0.0,0,1023.4,9.8,20.5,15,19.4,0.0,0.0,0.0
US_SWPP_OklahomaCity,2026-09-15T06:00Z,29.8,50,18.2,29.8,0.0,1,971.5,20.3,36.4,180,44.6,0.0,0.0,0.0
VN_DaNang,2026-09-15T06:00Z,30.6,67,23.9,36.4,0.1,88,1011.0,13.1,17.3,107,31.0,868.0,715.3,188.0
VN_HaNoi,2026-09-15T06:00Z,25.6,93,24.4,30.4,2.5,100,1010.6,10.7,15.0,80,24.1,196.0,4.3,192.0
VN_HoChiMinh,2026-09-15T06:00Z,31.8,64,24.1,39.4,0.0,99,1009.9,4.4,5.5,293,16.2,879.0,665.7,232.0
AT_Vienna,2026-09-15T07:00Z,16.5,81,13.2,17.2,0.0,0,1000.5,2.1,6.3,305,10.1,263.0,603.2,70.0
BE_Brussels,2026-09-15T07:00Z,19.2,82,16.0,19.6,0.0,0,1014.6,10.9,22.7,201,22.3,126.0,450.9,44.0
DE_Berlin,2026-09-15T07:00Z,13.3,80,9.9,12.5,0.0,2,1017.2,5.5,17.1,169,15.1,212.0,557.6,62.0
DE_Hamburg,2026-09-15T07:00Z,16.9,90,15.3,17.2,0.0,23,1016.5,10.4,26.1,201,19.4,153.0,350.3,72.0
DE_Munich,2026-09-15T07:00Z,13.7,88,11.8,13.7,0.0,24,961.4,3.6,4.7,164,11.9,161.0,253.1,93.0
ES_Madrid,2026-09-15T07:00Z,19.7,39,5.5,18.1,0.0,0,945.8,3.1,7.8,94,9.4,65.0,334.9,25.0
FR_Paris,2026-09-15T07:00Z,19.4,71,14.0,19.8,0.0,87,1012.5,5.8,15.7,189,14.0,112.0,427.3,42.0
NL_Amsterdam,2026-09-15T07:00Z,17.9,94,16.8,18.9,0.0,38,1014.9,9.4,28.4,200,24.5,109.0,251.0,63.0
PL_Warsaw,2026-09-15T07:00Z,15.3,86,13.0,15.8,0.0,63,1008.6,3.4,4.9,287,14.0,235.0,327.0,123.0
US_BPAT_Portland,2026-09-15T07:00Z,14.2,83,11.4,13.8,0.0,98,1013.7,5.0,13.7,337,12.2,0.0,0.0,0.0
US_CISO_LosAngeles,2026-09-15T07:00Z,20.3,81,16.8,21.8,0.0,5,1001.2,5.7,8.4,160,15.5,0.0,0.0,0.0
US_CISO_SanFrancisco,2026-09-15T07:00Z,15.0,90,13.3,14.4,0.0,9,1009.5,10.9,16.1,198,22.0,0.0,0.0,0.0
US_ERCO_Dallas,2026-09-15T07:00Z,30.3,57,20.8,32.1,0.0,2,999.9,16.9,28.8,182,36.7,0.0,0.0,0.0
US_ERCO_Houston,2026-09-15T07:00Z,27.3,93,26.0,33.7,0.0,45,1013.9,6.1,14.1,194,13.7,0.0,0.0,0.0
US_ISNE_Boston,2026-09-15T07:00Z,11.1,80,7.9,9.4,0.0,0,1024.5,8.2,17.8,1,16.9,0.0,0.0,0.0
US_MISO_Chicago,2026-09-15T07:00Z,19.6,63,12.3,17.4,0.0,99,984.8,19.8,37.9,183,41.8,0.0,0.0,0.0
US_NYIS_NewYork,2026-09-15T07:00Z,14.0,77,10.1,12.8,0.0,0,1022.7,8.7,21.7,11,18.4,0.0,0.0,0.0
US_PJM_Philadelphia,2026-09-15T07:00Z,14.1,74,9.5,12.6,0.0,0,1023.5,8.9,20.0,15,19.8,0.0,0.0,0.0
US_SWPP_OklahomaCity,2026-09-15T07:00Z,29.6,50,18.1,29.6,0.0,2,971.6,19.6,34.8,183,45.7,0.0,0.0,0.0
VN_DaNang,2026-09-15T07:00Z,29.9,74,24.7,35.8,0.1,95,1009.9,12.4,16.9,101,34.2,778.0,657.0,208.0
VN_HaNoi,2026-09-15T07:00Z,25.2,96,24.5,30.1,4.2,100,1009.3,10.0,16.3,68,25.9,95.0,0.0,95.0
VN_HoChiMinh,2026-09-15T07:00Z,31.3,65,24.1,37.7,0.1,95,1008.6,2.7,3.6,261,19.4,646.0,396.3,292.0
AT_Vienna,2026-09-15T08:00Z,18.4,76,14.1,19.4,0.0,5,1000.6,1.8,2.8,342,11.2,421.0,714.8,88.0
BE_Brussels,2026-09-15T08:00Z,21.3,77,17.1,22.3,0.0,0,1014.3,10.1,27.2,199,22.7,276.0,629.2,65.0
DE_Berlin,2026-09-15T08:00Z,16.0,72,10.9,15.6,0.0,13,1017.0,5.0,10.6,165,16.2,352.0,669.5,80.0
DE_Hamburg,2026-09-15T08:00Z,18.6,87,16.4,19.6,0.0,32,1016.3,8.1,25.8,206,18.4,235.0,365.2,100.0
DE_Munich,2026-09-15T08:00Z,16.8,79,13.0,17.6,0.0,6,961.8,0.6,3.0,166,11.5,318.0,433.6,135.0
ES_Madrid,2026-09-15T08:00Z,22.3,32,5.0,20.8,0.0,0,946.9,2.2,2.4,17,11.2,245.0,634.6,59.0
FR_Paris,2026-09-15T08:00Z,21.8,60,13.7,22.4,0.0,98,1012.4,3.8,11.3,193,13.7,249.0,475.8,94.0
NL_Amsterdam,2026-09-15T08:00Z,19.3,89,17.4,20.3,0.0,40,1014.8,11.1,21.2,204,24.1,256.0,513.4,86.0
PL_Warsaw,2026-09-15T08:00Z,16.9,79,13.1,17.4,0.0,40,1008.8,2.7,3.6,237,13.7,324.0,366.6,152.0
US_BPAT_Portland,2026-09-15T08:00Z,13.9,84,11.3,13.5,0.0,98,1013.5,5.3,14.4,342,11.9,0.0,0.0,0.0
US_CISO_LosAngeles,2026-09-15T08:00Z,19.9,83,17.0,21.8,0.0,6,1001.3,3.6,5.7,143,13.3,0.0,0.0,0.0
US_CISO_SanFrancisco,2026-09-15T08:00Z,14.7,92,13.4,14.1,0.0,1,1009.5,10.8,17.1,197,22.3,0.0,0.0,0.0
US_ERCO_Dallas,2026-09-15T08:00Z,29.6,61,21.2,31.7,0.0,2,999.9,16.0,27.5,185,36.7,0.0,0.0,0.0
US_ERCO_Houston,2026-09-15T08:00Z,27.0,94,25.9,33.7,0.0,5,1013.9,4.3,11.9,205,11.9,0.0,0.0,0.0
US_ISNE_Boston,2026-09-15T08:00Z,10.8,82,7.9,9.1,0.0,0,1025.1,7.9,17.5,3,16.6,0.0,0.0,0.0
US_MISO_Chicago,2026-09-15T08:00Z,19.8,63,12.6,17.5,0.0,93,984.3,20.6,39.5,189,44.3,0.0,0.0,0.0
US_NYIS_NewYork,2026-09-15T08:00Z,13.6,77,9.7,12.3,0.0,11,1023.1,8.1,20.6,26,20.2,0.0,0.0,0.0
US_PJM_Philadelphia,2026-09-15T08:00Z,13.7,76,9.4,12.2,0.0,5,1023.8,8.8,19.7,24,19.1,0.0,0.0,0.0
US_SWPP_OklahomaCity,2026-09-15T08:00Z,29.2,52,18.3,29.5,0.0,2,971.5,18.6,33.7,187,43.9,0.0,0.0,0.0
VN_DaNang,2026-09-15T08:00Z,29.5,75,24.7,34.7,0.2,84,1009.1,11.5,15.8,114,30.6,614.0,590.7,185.0
VN_HaNoi,2026-09-15T08:00Z,25.4,96,24.7,30.7,2.2,100,1008.7,8.0,12.6,66,23.0,110.0,0.0,110.0
VN_HoChiMinh,2026-09-15T08:00Z,28.1,79,24.0,32.8,0.6,100,1008.4,9.6,12.5,122,22.3,480.0,322.0,237.0
AT_Vienna,2026-09-15T09:00Z,19.9,71,14.4,21.0,0.0,0,1000.5,2.0,2.5,8,12.6,551.0,775.9,99.0
BE_Brussels,2026-09-15T09:00Z,23.3,69,17.3,24.3,0.0,0,1014.0,10.8,17.8,203,26.6,420.0,729.6,78.0
DE_Berlin,2026-09-15T09:00Z,18.6,66,12.2,18.4,0.0,23,1016.7,5.7,8.7,167,18.4,452.0,671.0,104.0
DE_Hamburg,2026-09-15T09:00Z,20.0,84,17.2,21.2,0.0,9,1015.7,9.4,15.1,192,22.3,348.0,461.1,124.0
DE_Munich,2026-09-15T09:00Z,19.6,66,13.1,20.2,0.0,0,962.1,2.2,2.8,72,11.9,508.0,730.0,107.0
ES_Madrid,2026-09-15T09:00Z,25.1,26,4.0,23.3,0.0,0,947.5,2.2,3.0,104,13.3,439.0,774.7,76.0
FR_Paris,2026-09-15T09:00Z,24.7,49,13.4,25.2,0.0,84,1012.2,4.0,6.5,172,15.8,385.0,519.1,142.0
NL_Amsterdam,2026-09-15T09:00Z,20.8,81,17.5,21.7,0.0,74,1014.6,12.5,19.9,217,28.4,397.0,662.1,93.0
PL_Warsaw,2026-09-15T09:00Z,18.3,72,13.1,18.4,0.0,57,1008.6,5.8,8.0,242,20.5,469.0,545.4,160.0
US_BPAT_Portland,2026-09-15T09:00Z,13.7,84,11.0,13.1,0.0,99,1013.3,5.6,14.0,345,13.7,0.0,0.0,0.0
US_CISO_LosAngeles,2026-09-15T09:00Z,19.6,85,17.0,21.7,0.0,19,1001.4,2.0,4.6,111,8.3,0.0,0.0,0.0
US_CISO_SanFrancisco,2026-09-15T09:00Z,14.5,93,13.4,14.0,0.0,1,1009.6,11.2,17.5,197,23.0,0.0,0.0,0.0
US_ERCO_Dallas,2026-09-15T09:00Z,29.0,63,21.4,31.3,0.0,1,1000.1,15.3,26.3,187,34.6,0.0,0.0,0.0
US_ERCO_Houston,2026-09-15T09:00Z,26.8,95,25.8,33.4,0.0,10,1014.0,4.3,11.6,216,8.6,0.0,0.0,0.0
US_ISNE_Boston,2026-09-15T09:00Z,10.6,82,7.7,8.8,0.0,0,1025.5,8.4,18.4,8,16.6,0.0,0.0,0.0
US_MISO_Chicago,2026-09-15T09:00Z,20.0,64,12.9,18.1,0.0,96,984.1,19.3,38.1,195,45.0,0.0,0.0,0.0
US_NYIS_NewYork,2026-09-15T09:00Z,13.2,79,9.7,12.0,0.0,20,1023.5,7.5,19.4,31,18.0,0.0,0.0,0.0
US_PJM_Philadelphia,2026-09-15T09:00Z,13.4,76,9.4,12.0,0.0,65,1024.2,8.1,19.1,33,18.7,0.0,0.0,0.0
US_SWPP_OklahomaCity,2026-09-15T09:00Z,28.8,54,18.5,29.2,0.0,1,971.6,18.7,33.7,189,41.8,0.0,0.0,0.0
VN_DaNang,2026-09-15T09:00Z,29.3,76,24.6,34.4,0.1,84,1009.6,9.0,12.4,132,27.4,377.0,460.5,130.0
VN_HaNoi,2026-09-15T09:00Z,25.7,96,25.0,31.5,1.9,100,1008.5,6.3,9.3,72,18.0,94.0,0.0,94.0
VN_HoChiMinh,2026-09-15T09:00Z,26.6,86,24.1,31.7,0.7,99,1008.4,7.0,10.8,126,32.4,231.0,129.2,158.0
AT_Vienna,2026-09-15T10:00Z,21.1,65,14.2,22.8,0.0,9,1000.0,1.4,1.5,60,12.6,640.0,803.3,108.0
BE_Brussels,2026-09-15T10:00Z,24.8,62,16.9,25.3,0.0,0,1013.4,13.1,20.3,212,31.3,536.0,789.0,84.0
DE_Berlin,2026-09-15T10:00Z,20.7,63,13.5,20.8,0.0,26,1016.2,6.9,9.9,177,20.9,532.0,681.8,124.0
DE_Hamburg,2026-09-15T10:00Z,21.7,78,17.7,22.9,0.0,69,1015.1,10.5,15.6,201,25.2,492.0,663.0,113.0
DE_Munich,2026-09-15T10:00Z,21.3,58,12.7,22.0,0.0,0,961.7,4.2,5.7,66,16.6,624.0,821.2,97.0
ES_Madrid,2026-09-15T10:00Z,27.8,21,3.5,26.1,0.0,0,947.8,3.2,4.5,130,16.9,608.0,849.7,86.0
FR_Paris,2026-09-15T10:00Z,27.8,40,12.8,27.9,0.0,95,1011.6,4.7,7.0,198,17.6,519.0,645.2,144.0
NL_Amsterdam,2026-09-15T10:00Z,22.0,76,17.5,22.8,0.0,82,1013.8,13.3,20.8,223,31.0,494.0,664.1,123.0
PL_Warsaw,2026-09-15T10:00Z,19.3,66,12.8,19.1,0.1,55,1008.2,6.8,9.4,252,22.7,527.0,573.1,167.0
US_BPAT_Portland,2026-09-15T10:00Z,13.7,83,10.8,12.9,0.0,86,1012.9,6.9,14.4,344,15.1,0.0,0.0,0.0
US_CISO_LosAngeles,2026-09-15T10:00Z,19.3,87,17.0,21.5,0.0,13,1001.2,2.1,6.4,115,5.4,0.0,0.0,0.0
US_CISO_SanFrancisco,2026-09-15T10:00Z,14.3,94,13.4,13.7,0.0,9,1009.3,11.4,17.9,206,23.8,0.0,0.0,0.0
US_ERCO_Dallas,2026-09-15T10:00Z,28.3,68,21.9,31.1,0.0,1,1000.4,14.0,24.3,183,32.8,0.0,0.0,0.0
US_ERCO_Houston,2026-09-15T10:00Z,26.4,95,25.6,33.1,0.0,5,1014.2,3.0,9.5,219,8.3,0.0,0.0,0.0
US_ISNE_Boston,2026-09-15T10:00Z,10.3,83,7.6,8.6,0.0,0,1026.4,8.1,17.1,356,16.6,0.0,0.0,0.0
US_MISO_Chicago,2026-09-15T10:00Z,19.0,73,13.9,17.9,0.9,100,985.3,16.0,30.0,216,41.0,0.0,0.0,0.0
US_NYIS_NewYork,2026-09-15T10:00Z,12.8,81,9.7,11.8,0.0,2,1024.1,6.4,17.8,28,16.6,0.0,0.0,0.0
US_PJM_Philadelphia,2026-09-15T10:00Z,13.2,77,9.3,11.8,0.0,87,1025.0,7.7,18.4,35,17.3,0.0,0.0,0.0
US_SWPP_OklahomaCity,2026-09-15T10:00Z,28.5,57,19.1,29.2,0.0,0,972.0,18.3,32.9,192,41.8,0.0,0.0,0.0
VN_DaNang,2026-09-15T10:00Z,28.7,79,24.6,34.0,0.2,90,1010.0,8.0,11.5,171,21.6,184.0,292.8,93.0
VN_HaNoi,2026-09-15T10:00Z,24.9,95,24.1,29.5,6.0,100,1008.5,10.0,17.8,99,22.7,57.0,2.9,56.0
VN_HoChiMinh,2026-09-15T10:00Z,26.8,87,24.4,32.2,0.1,98,1008.7,5.9,10.2,148,16.6,157.0,174.8,98.0
AT_Vienna,2026-09-15T11:00Z,21.9,61,14.0,23.8,0.0,26,999.3,2.2,2.2,81,13.0,684.0,819.4,111.0
BE_Brussels,2026-09-15T11:00Z,25.8,57,16.5,26.4,0.0,16,1012.9,13.7,20.7,220,33.5,614.0,824.2,86.0
DE_Berlin,2026-09-15T11:00Z,22.2,60,14.0,22.3,0.0,15,1015.4,9.0,12.8,183,25.2,571.0,681.1,135.0
DE_Hamburg,2026-09-15T11:00Z,22.9,71,17.3,23.7,0.0,95,1014.6,12.0,17.6,212,29.5,527.0,556.9,181.0
DE_Munich,2026-09-15T11:00Z,22.5,53,12.4,23.4,0.0,0,961.3,4.6,6.0,61,17.6,684.0,844.1,99.0
ES_Madrid,2026-09-15T11:00Z,30.1,18,3.4,29.2,0.0,0,947.4,3.2,4.2,133,18.0,733.0,889.6,92.0
FR_Paris,2026-09-15T11:00Z,30.0,32,11.3,29.3,0.0,10,1010.9,9.6,13.9,216,27.0,619.0,740.9,132.0
NL_Amsterdam,2026-09-15T11:00Z,22.8,72,17.4,23.4,0.0,98,1013.3,14.3,21.8,223,33.5,571.0,722.5,121.0
PL_Warsaw,2026-09-15T11:00Z,20.1,62,12.6,19.8,0.1,42,1007.8,8.8,12.5,255,26.6,581.0,665.0,149.0
US_BPAT_Portland,2026-09-15T11:00Z,13.3,84,10.6,12.6,0.0,100,1012.7,6.3,14.3,346,15.5,0.0,0.0,0.0
US_CISO_LosAngeles,2026-09-15T11:00Z,19.1,88,17.0,21.2,0.0,8,1001.1,1.9,6.3,125,5.4,0.0,0.0,0.0
US_CISO_SanFrancisco,2026-09-15T11:00Z,14.2,94,13.3,13.6,0.0,42,1009.2,11.2,16.9,209,23.0,0.0,0.0,0.0
US_ERCO_Dallas,2026-09-15T11:00Z,27.7,73,22.5,31.0,0.0,1,1000.7,13.0,22.5,181,30.2,0.0,0.0,0.0
US_ERCO_Houston,2026-09-15T11:00Z,26.3,96,25.6,33.2,0.0,2,1014.5,0.9,6.5,208,5.0,0.0,0.0,0.0
US_ISNE_Boston,2026-09-15T11:00Z,10.3,84,7.8,8.7,0.0,0,1027.2,7.5,15.8,353,16.2,14.0,101.3,7.0
US_MISO_Chicago,2026-09-15T11:00Z,18.8,78,14.9,18.4,0.3,75,984.9,14.1,28.6,210,36.0,0.0,0.0,0.0
US_NYIS_NewYork,2026-09-15T11:00Z,12.6,86,10.3,11.7,0.0,0,1024.7,6.3,18.6,34,14.4,5.0,38.2,3.0
US_PJM_Philadelphia,2026-09-15T11:00Z,13.0,79,9.4,11.8,0.0,2,1025.5,6.8,17.0,41,16.2,2.0,0.0,2.0
US_SWPP_OklahomaCity,2026-09-15T11:00Z,28.2,59,19.5,29.2,0.0,0,972.3,17.5,31.7,195,40.3,0.0,0.0,0.0
VN_DaNang,2026-09-15T11:00Z,27.3,90,25.6,33.5,1.1,96,1010.2,6.3,9.7,202,16.6,28.0,66.5,20.0
VN_HaNoi,2026-09-15T11:00Z,24.7,96,24.0,29.5,1.4,100,1008.6,8.6,16.8,85,19.8,7.0,0.0,7.0
VN_HoChiMinh,2026-09-15T11:00Z,26.6,89,24.6,32.7,0.0,99,1009.2,2.6,6.5,157,14.0,40.0,89.9,28.0
AT_Vienna,2026-09-15T12:00Z,22.7,57,13.7,23.9,0.0,32,998.6,5.0,6.0,44,14.0,668.0,799.9,115.0
BE_Brussels,2026-09-15T12:00Z,27.2,49,15.6,27.5,0.0,40,1012.1,14.0,20.9,232,33.5,642.0,822.6,93.0
DE_Berlin,2026-09-15T12:00Z,24.3,52,13.9,24.4,0.0,47,1014.6,9.6,13.5,201,27.0,597.0,756.6,112.0
DE_Hamburg,2026-09-15T12:00Z,23.9,65,16.8,24.3,0.0,91,1013.7,13.8,21.7,212,32.0,362.0,253.4,202.0
DE_Munich,2026-09-15T12:00Z,23.9,48,12.1,24.6,0.0,0,960.5,5.4,6.8,61,18.0,691.0,846.2,99.0
ES_Madrid,2026-09-15T12:00Z,32.2,16,3.3,31.6,0.0,0,946.8,4.5,5.8,150,19.1,805.0,909.2,96.0
FR_Paris,2026-09-15T12:00Z,31.5,27,10.4,30.6,0.0,0,1009.9,12.0,17.2,226,33.5,678.0,842.0,96.0
NL_Amsterdam,2026-09-15T12:00Z,23.7,66,16.9,24.1,0.0,100,1012.7,13.8,21.5,223,33.5,521.0,444.9,233.0
PL_Warsaw,2026-09-15T12:00Z,20.0,62,12.6,19.6,0.0,100,1007.8,7.9,11.0,246,28.1,512.0,556.0,162.0
US_BPAT_Portland,2026-09-15T12:00Z,13.3,83,10.4,12.8,0.0,87,1012.9,3.9,9.6,346,13.7,0.0,0.0,0.0
US_CISO_LosAngeles,2026-09-15T12:00Z,19.2,88,17.2,21.1,0.0,3,1001.5,3.9,10.1,131,4.7,0.0,0.0,0.0
US_CISO_SanFrancisco,2026-09-15T12:00Z,13.8,94,12.9,13.1,0.0,88,1009.3,11.3,16.3,197,22.7,0.0,0.0,0.0
US_ERCO_Dallas,2026-09-15T12:00Z,26.9,78,22.8,30.5,0.0,0,1001.4,11.7,21.7,184,27.7,0.0,0.0,0.0
US_ERCO_Houston,2026-09-15T12:00Z,25.3,98,25.0,31.8,0.0,4,1015.3,1.9,7.4,180,3.6,0.0,0.0,0.0
US_ISNE_Boston,2026-09-15T12:00Z,11.8,79,8.3,10.3,0.0,0,1028.4,7.3,17.4,353,16.2,149.0,530.1,46.0
US_MISO_Chicago,2026-09-15T12:00Z,18.8,76,14.4,19.0,0.1,99,986.5,8.3,19.9,226,30.2,5.0,16.8,4.0
US_NYIS_NewYork,2026-09-15T12:00Z,13.9,83,11.1,13.2,0.0,11,1025.7,6.9,18.6,40,15.8,115.0,469.8,40.0
US_PJM_Philadelphia,2026-09-15T12:00Z,14.1,79,10.5,13.2,0.0,0,1026.5,7.0,17.4,41,15.1,101.0,445.9,36.0
US_SWPP_OklahomaCity,2026-09-15T12:00Z,27.2,64,19.8,28.4,0.0,0,972.9,17.4,32.4,198,38.9,0.0,0.0,0.0
VN_DaNang,2026-09-15T12:00Z,27.2,90,25.5,33.5,0.2,84,1010.9,5.3,8.6,213,12.2,0.0,0.0,0.0
VN_HaNoi,2026-09-15T12:00Z,25.4,95,24.5,31.4,2.0,100,1009.5,2.6,8.6,80,18.0,0.0,0.0,0.0
VN_HoChiMinh,2026-09-15T12:00Z,27.4,88,25.2,33.4,0.0,97,1009.8,5.5,10.5,211,5.8,0.0,0.0,0.0
AT_Vienna,2026-09-15T13:00Z,22.8,56,13.6,23.1,0.0,25,997.8,6.1,8.0,38,19.4,570.0,677.9,137.0
BE_Brussels,2026-09-15T13:00Z,27.6,47,15.3,27.9,0.0,52,1011.3,13.1,19.5,234,33.5,628.0,827.5,89.0
DE_Berlin,2026-09-15T13:00Z,24.6,50,13.6,24.3,0.0,82,1013.8,10.1,14.3,211,27.0,446.0,447.7,177.0
DE_Hamburg,2026-09-15T13:00Z,24.4,64,17.0,24.9,0.0,61,1012.8,12.9,19.9,207,28.8,385.0,261.2,228.0
DE_Munich,2026-09-15T13:00Z,24.4,46,12.2,24.8,0.0,0,959.7,5.6,7.3,48,19.4,646.0,833.5,95.0
ES_Madrid,2026-09-15T13:00Z,34.0,14,2.4,33.1,0.0,0,946.2,5.8,7.7,189,23.0,816.0,913.5,96.0
FR_Paris,2026-09-15T13:00Z,32.1,25,9.7,30.9,0.0,0,1009.1,12.0,17.2,232,32.8,667.0,852.2,87.0
NL_Amsterdam,2026-09-15T13:00Z,23.4,66,16.7,23.6,0.0,100,1012.3,14.8,23.4,234,33.5,466.0,342.6,250.0
PL_Warsaw,2026-09-15T13:00Z,19.5,63,12.3,18.9,0.0,100,1007.1,9.1,12.8,248,25.9,316.0,152.8,229.0
US_BPAT_Portland,2026-09-15T13:00Z,12.7,86,10.5,12.4,0.0,99,1012.8,2.9,8.7,347,9.7,0.0,0.0,0.0
US_CISO_LosAngeles,2026-09-15T13:00Z,19.1,88,17.1,21.1,0.0,10,1001.9,2.9,9.2,129,9.4,0.0,0.0,0.0
US_CISO_SanFrancisco,2026-09-15T13:00Z,13.9,95,13.1,13.1,0.0,75,1009.6,11.5,18.4,203,23.0,0.0,0.0,0.0
US_ERCO_Dallas,2026-09-15T13:00Z,27.4,77,23.0,31.4,0.0,0,1002.1,9.6,16.4,180,24.1,34.0,172.7,16.0
US_ERCO_Houston,2026-09-15T13:00Z,26.5,95,25.7,33.3,0.0,12,1016.1,2.4,4.9,172,6.8,43.0,187.7,21.0
US_ISNE_Boston,2026-09-15T13:00Z,13.8,72,8.8,12.7,0.0,0,1028.6,5.8,9.7,359,17.6,337.0,718.1,68.0
US_MISO_Chicago,2026-09-15T13:00Z,19.3,77,15.1,19.2,0.2,100,986.8,12.1,24.2,217,25.9,44.0,17.1,41.0
US_NYIS_NewYork,2026-09-15T13:00Z,15.9,70,10.5,15.1,0.0,9,1026.2,5.9,10.2,37,17.6,306.0,684.5,68.0
US_PJM_Philadelphia,2026-09-15T13:00Z,16.3,72,11.2,15.7,0.0,0,1026.8,6.5,11.2,37,18.0,291.0,664.4,67.0
US_SWPP_OklahomaCity,2026-09-15T13:00Z,27.4,64,19.9,28.9,0.0,0,973.5,15.7,29.0,198,38.5,30.0,164.0,14.0
VN_DaNang,2026-09-15T13:00Z,27.0,90,25.1,32.8,0.0,80,1011.3,6.4,12.0,216,12.6,0.0,0.0,0.0
VN_HaNoi,2026-09-15T13:00Z,24.9,96,24.2,29.9,2.9,100,1010.1,8.3,15.4,84,18.4,0.0,0.0,0.0
VN_HoChiMinh,2026-09-15T13:00Z,26.6,91,25.1,32.6,0.0,99,1010.7,5.3,11.6,249,12.6,0.0,0.0,0.0
AT_Vienna,2026-09-15T14:00Z,22.8,55,13.3,22.8,0.0,20,997.4,7.1,9.3,50,20.9,496.0,720.9,103.0
BE_Brussels,2026-09-15T14:00Z,27.6,46,15.1,27.4,0.0,80,1010.8,12.3,18.4,241,32.0,541.0,707.6,121.0
DE_Berlin,2026-09-15T14:00Z,24.7,50,13.6,24.3,0.0,88,1013.2,10.5,15.3,212,27.4,330.0,340.6,152.0
DE_Hamburg,2026-09-15T14:00Z,24.9,62,17.0,25.1,0.0,77,1012.1,15.6,24.1,214,34.2,458.0,653.3,110.0
DE_Munich,2026-09-15T14:00Z,24.4,47,12.4,24.2,0.0,0,959.2,6.4,8.3,42,19.8,553.0,799.9,89.0
ES_Madrid,2026-09-15T14:00Z,35.2,12,1.7,33.8,0.0,0,945.4,6.0,8.2,216,23.4,764.0,900.7,93.0
FR_Paris,2026-09-15T14:00Z,32.4,23,8.7,30.5,0.0,0,1008.5,12.3,17.6,245,32.8,605.0,830.5,85.0
NL_Amsterdam,2026-09-15T14:00Z,22.3,70,16.6,22.2,0.0,100,1012.2,16.7,26.6,243,36.7,353.0,214.6,230.0
PL_Warsaw,2026-09-15T14:00Z,19.3,63,12.0,18.8,0.0,5,1006.8,7.1,10.0,255,25.6,220.0,82.5,181.0
US_BPAT_Portland,2026-09-15T14:00Z,12.6,87,10.5,12.3,0.0,84,1012.9,2.8,7.3,343,7.9,0.0,0.0,0.0
US_CISO_LosAngeles,2026-09-15T14:00Z,19.0,89,17.2,21.2,0.0,13,1002.4,2.3,7.6,126,6.1,5.0,17.5,4.0
US_CISO_SanFrancisco,2026-09-15T14:00Z,14.1,94,13.1,13.5,0.0,88,1010.0,10.5,17.4,218,23.4,0.0,0.0,0.0
US_ERCO_Dallas,2026-09-15T14:00Z,28.6,72,23.2,32.5,0.0,4,1002.7,11.3,17.0,193,28.4,203.0,525.3,61.0
US_ERCO_Houston,2026-09-15T14:00Z,28.7,85,26.0,35.9,0.0,15,1016.4,1.3,2.3,151,9.0,216.0,487.5,71.0
US_ISNE_Boston,2026-09-15T14:00Z,15.7,64,8.9,14.6,0.0,8,1028.7,5.5,8.1,32,18.0,515.0,816.3,81.0
US_MISO_Chicago,2026-09-15T14:00Z,19.3,84,16.5,19.5,0.9,100,986.2,14.2,27.5,215,28.1,54.0,0.0,54.0
US_NYIS_NewYork,2026-09-15T14:00Z,17.6,65,10.8,16.9,0.0,17,1026.2,6.1,9.3,54,19.8,493.0,795.2,84.0
US_PJM_Philadelphia,2026-09-15T14:00Z,18.3,68,12.4,18.1,0.0,0,1026.8,6.0,9.0,52,18.7,479.0,779.9,83.0
US_SWPP_OklahomaCity,2026-09-15T14:00Z,28.6,60,20.1,30.2,0.0,0,974.1,15.2,24.9,192,35.3,191.0,524.5,57.0
VN_DaNang,2026-09-15T14:00Z,27.0,88,24.7,32.8,0.0,99,1011.9,4.6,11.2,215,12.6,0.0,0.0,0.0
VN_HaNoi,2026-09-15T14:00Z,24.7,96,23.9,29.9,1.9,100,1010.6,5.8,13.1,77,19.1,0.0,0.0,0.0
VN_HoChiMinh,2026-09-15T14:00Z,26.4,93,25.2,32.5,0.2,91,1011.3,5.0,8.3,303,10.8,0.0,0.0,0.0
AT_Vienna,2026-09-15T15:00Z,22.3,56,13.2,22.3,0.0,7,996.9,6.7,9.4,85,20.5,360.0,659.6,85.0
BE_Brussels,2026-09-15T15:00Z,27.1,49,15.6,27.2,0.0,96,1010.5,12.2,18.5,259,29.5,418.0,576.4,131.0
DE_Berlin,2026-09-15T15:00Z,24.5,53,14.2,24.3,0.0,53,1012.7,10.2,14.9,203,26.6,241.0,252.9,137.0
DE_Hamburg,2026-09-15T15:00Z,24.5,65,17.6,25.5,0.0,80,1011.7,11.2,19.6,212,32.8,281.0,392.4,112.0
DE_Munich,2026-09-15T15:00Z,24.0,49,12.7,23.8,0.0,0,958.6,7.2,9.5,37,20.2,421.0,740.3,79.0
ES_Madrid,2026-09-15T15:00Z,35.6,11,1.0,33.5,0.0,0,944.8,5.6,7.8,217,23.0,655.0,868.0,88.0
FR_Paris,2026-09-15T15:00Z,32.2,22,7.8,29.5,0.0,0,1008.1,14.4,21.1,250,36.0,498.0,790.2,78.0
NL_Amsterdam,2026-09-15T15:00Z,20.8,77,16.6,20.8,0.0,98,1012.4,15.7,23.6,254,41.0,257.0,171.0,175.0
PL_Warsaw,2026-09-15T15:00Z,19.3,61,11.6,18.9,0.0,20,1006.5,6.0,8.4,255,20.9,285.0,599.5,77.0
US_BPAT_Portland,2026-09-15T15:00Z,13.3,83,10.5,12.8,0.1,73,1013.1,4.3,6.6,317,11.5,46.0,126.5,31.0
US_CISO_LosAngeles,2026-09-15T15:00Z,20.5,81,17.1,22.3,0.0,13,1002.9,4.5,7.1,128,13.0,115.0,371.0,49.0
US_CISO_SanFrancisco,2026-09-15T15:00Z,14.8,90,13.1,14.3,0.0,41,1010.5,10.1,15.2,215,23.4,58.0,114.9,43.0
US_ERCO_Dallas,2026-09-15T15:00Z,30.3,65,22.9,34.0,0.0,10,1002.9,12.0,17.2,194,31.7,398.0,643.6,96.0
US_ERCO_Houston,2026-09-15T15:00Z,30.7,74,25.4,37.1,0.2,34,1016.5,3.5,5.0,193,14.0,417.0,633.5,100.0
US_ISNE_Boston,2026-09-15T15:00Z,16.9,59,8.9,16.5,0.0,19,1028.8,5.2,7.1,56,18.7,659.0,870.5,89.0
US_MISO_Chicago,2026-09-15T15:00Z,20.3,86,17.9,20.9,0.3,96,987.1,15.3,30.7,223,29.5,84.0,0.0,84.0
US_NYIS_NewYork,2026-09-15T15:00Z,18.9,60,10.9,19.0,0.0,13,1026.2,4.7,6.9,65,19.8,647.0,853.3,94.0
US_PJM_Philadelphia,2026-09-15T15:00Z,20.0,64,13.0,20.5,0.0,13,1026.8,6.4,9.3,81,20.9,639.0,845.3,93.0
US_SWPP_OklahomaCity,2026-09-15T15:00Z,30.2,55,20.3,31.8,0.0,0,974.4,16.8,26.3,192,41.0,388.0,685.6,80.0
VN_DaNang,2026-09-15T15:00Z,27.0,88,24.9,33.2,0.0,100,1012.5,2.4,7.9,215,9.4,0.0,0.0,0.0
VN_HaNoi,2026-09-15T15:00Z,24.5,95,23.7,29.6,2.3,98,1010.9,5.1,11.3,70,15.8,0.0,0.0,0.0
VN_HoChiMinh,2026-09-15T15:00Z,26.3,95,25.3,32.6,0.0,95,1011.9,4.3,9.0,307,11.9,0.0,0.0,0.0
AT_Vienna,2026-09-15T16:00Z,21.5,62,14.0,21.8,0.0,0,996.5,6.9,13.0,124,17.6,203.0,536.5,62.0
BE_Brussels,2026-09-15T16:00Z,25.7,59,17.0,26.1,0.0,98,1010.4,13.6,21.4,292,30.2,241.0,337.0,116.0
DE_Berlin,2026-09-15T16:00Z,24.4,53,14.2,24.5,0.0,21,1012.0,8.3,13.1,198,24.8,172.0,353.3,75.0
DE_Hamburg,2026-09-15T16:00Z,24.3,66,17.6,25.3,0.0,90,1011.2,11.3,21.1,219,22.7,198.0,331.1,98.0
DE_Munich,2026-09-15T16:00Z,23.2,53,13.1,23.1,0.0,2,958.2,7.6,10.6,34,20.2,262.0,625.6,65.0
ES_Madrid,2026-09-15T16:00Z,35.5,11,0.8,32.7,0.0,0,944.3,5.2,7.3,218,21.6,498.0,807.1,79.0
FR_Paris,2026-09-15T16:00Z,29.8,33,11.6,27.6,0.0,1,1008.2,18.4,26.6,302,42.5,356.0,714.2,68.0
NL_Amsterdam,2026-09-15T16:00Z,19.9,80,16.4,20.4,0.0,87,1012.4,11.5,17.4,262,38.5,183.0,115.2,142.0
PL_Warsaw,2026-09-15T16:00Z,18.7,63,11.4,18.7,0.0,12,1006.1,2.8,4.7,261,18.0,131.0,364.9,58.0
US_BPAT_Portland,2026-09-15T16:00Z,14.3,77,10.4,13.7,0.0,59,1013.3,4.4,6.4,335,15.1,180.0,289.9,97.0
US_CISO_LosAngeles,2026-09-15T16:00Z,22.3,68,16.2,23.4,0.0,18,1003.0,7.0,10.1,137,20.9,304.0,538.3,98.0
US_CISO_SanFrancisco,2026-09-15T16:00Z,15.9,83,13.0,15.2,0.0,30,1010.7,11.0,15.0,212,28.4,255.0,540.6,84.0
US_ERCO_Dallas,2026-09-15T16:00Z,32.4,55,22.3,35.9,0.0,5,1002.8,11.6,16.3,188,32.0,586.0,744.5,111.0
US_ERCO_Houston,2026-09-15T16:00Z,32.0,65,24.7,37.9,0.1,16,1016.6,4.0,5.4,178,16.2,551.0,584.3,159.0
US_ISNE_Boston,2026-09-15T16:00Z,17.6,58,9.3,18.0,0.0,59,1028.5,5.1,6.6,73,18.7,754.0,895.9,95.0
US_MISO_Chicago,2026-09-15T16:00Z,22.1,88,20.1,24.3,1.1,70,986.7,11.5,24.2,218,32.0,269.0,112.6,196.0
US_NYIS_NewYork,2026-09-15T16:00Z,20.0,55,10.7,21.1,0.0,4,1026.0,3.0,4.4,81,18.0,754.0,885.3,99.0
US_PJM_Philadelphia,2026-09-15T16:00Z,21.4,55,12.1,22.5,0.0,2,1026.6,5.4,7.6,109,21.2,753.0,881.2,99.0
US_SWPP_OklahomaCity,2026-09-15T16:00Z,32.0,51,20.5,33.6,0.0,0,974.6,17.7,27.0,190,44.3,570.0,774.8,94.0
VN_DaNang,2026-09-15T16:00Z,27.0,88,24.9,33.4,0.0,97,1012.2,2.2,7.0,220,4.7,0.0,0.0,0.0
VN_HaNoi,2026-09-15T16:00Z,24.2,96,23.6,29.4,3.5,100,1010.9,4.8,10.9,66,14.0,0.0,0.0,0.0
VN_HoChiMinh,2026-09-15T16:00Z,26.3,95,25.5,32.9,0.0,98,1011.7,3.0,6.7,306,8.6,0.0,0.0,0.0
AT_Vienna,2026-09-15T17:00Z,19.9,69,14.0,20.3,0.0,0,996.0,5.6,14.1,136,14.8,56.0,279.1,26.0
BE_Brussels,2026-09-15T17:00Z,23.6,70,17.8,24.3,0.0,91,1010.6,14.3,24.2,296,32.8,111.0,122.0,84.0
DE_Berlin,2026-09-15T17:00Z,23.2,59,14.8,23.8,0.0,20,1011.5,6.6,13.7,176,19.4,68.0,278.9,34.0
DE_Hamburg,2026-09-15T17:00Z,23.0,71,17.4,24.1,0.0,100,1011.0,10.3,21.4,228,24.5,82.0,193.0,52.0
DE_Munich,2026-09-15T17:00Z,21.6,63,14.3,21.9,0.0,3,957.6,7.4,14.5,34,18.0,101.0,416.4,39.0
ES_Madrid,2026-09-15T17:00Z,35.0,11,0.7,32.0,0.0,0,944.0,6.6,9.4,228,19.4,310.0,696.4,65.0
FR_Paris,2026-09-15T17:00Z,25.0,48,13.1,23.1,0.0,17,1009.2,19.1,29.9,313,52.6,195.0,564.0,54.0
NL_Amsterdam,2026-09-15T17:00Z,19.4,84,16.5,20.3,0.0,68,1012.0,8.7,15.2,263,28.4,112.0,113.9,88.0
PL_Warsaw,2026-09-15T17:00Z,17.6,68,11.6,18.0,0.0,32,1005.9,0.2,2.2,222,8.3,24.0,129.8,14.0
US_BPAT_Portland,2026-09-15T17:00Z,15.2,73,10.3,14.7,0.0,99,1012.9,4.0,5.6,7,15.1,292.0,354.2,134.0
US_CISO_LosAngeles,2026-09-15T17:00Z,24.3,57,15.2,24.7,0.0,14,1003.0,8.5,11.8,144,25.6,502.0,672.9,123.0
US_CISO_SanFrancisco,2026-09-15T17:00Z,17.1,76,12.8,16.2,0.0,4,1010.9,11.7,15.3,210,31.3,451.0,695.2,106.0
US_ERCO_Dallas,2026-09-15T17:00Z,34.4,46,21.2,38.0,0.0,5,1002.3,12.3,17.4,188,38.2,733.0,803.8,118.0
US_ERCO_Houston,2026-09-15T17:00Z,33.1,58,23.9,39.1,0.1,27,1016.0,6.9,9.2,168,22.3,720.0,726.2,141.0
US_ISNE_Boston,2026-09-15T17:00Z,18.0,60,10.0,18.7,0.0,48,1027.7,6.1,7.6,105,20.9,793.0,905.7,97.0
US_MISO_Chicago,2026-09-15T17:00Z,24.3,78,20.3,26.8,0.0,98,986.8,10.4,16.3,218,26.3,513.0,326.8,273.0
US_NYIS_NewYork,2026-09-15T17:00Z,20.9,53,10.9,22.6,0.0,26,1025.7,2.0,3.1,118,15.8,806.0,901.2,100.0
US_PJM_Philadelphia,2026-09-15T17:00Z,22.2,51,11.6,23.8,0.0,0,1026.1,4.2,5.7,122,19.4,812.0,901.2,100.0
US_SWPP_OklahomaCity,2026-09-15T17:00Z,33.7,46,20.4,36.1,0.0,0,974.7,16.7,25.2,192,44.3,712.0,824.9,102.0
VN_DaNang,2026-09-15T17:00Z,26.8,91,25.1,33.2,0.0,100,1011.8,2.3,6.8,230,6.5,0.0,0.0,0.0
VN_HaNoi,2026-09-15T17:00Z,24.2,97,23.7,29.0,2.5,100,1010.3,7.2,13.1,18,11.9,0.0,0.0,0.0
VN_HoChiMinh,2026-09-15T17:00Z,26.2,95,25.4,32.3,0.0,98,1011.2,5.3,9.6,356,11.5,0.0,0.0,0.0
AT_Vienna,2026-09-15T18:00Z,19.1,72,13.9,19.5,0.0,0,995.8,5.5,13.8,137,11.5,0.0,0.0,0.0
BE_Brussels,2026-09-15T18:00Z,21.2,78,17.3,22.1,0.0,98,1011.1,11.3,19.9,323,32.0,28.0,80.2,21.0
DE_Berlin,2026-09-15T18:00Z,22.4,63,15.1,22.9,0.0,33,1011.2,7.9,17.1,177,16.6,2.0,0.0,2.0
DE_Hamburg,2026-09-15T18:00Z,21.9,75,17.3,23.3,0.0,100,1010.6,8.1,20.1,214,19.4,7.0,0.0,7.0
DE_Munich,2026-09-15T18:00Z,20.2,68,14.1,20.3,0.0,3,957.0,7.8,17.3,71,15.5,5.0,38.2,3.0
ES_Madrid,2026-09-15T18:00Z,33.3,13,1.1,30.1,0.0,0,943.3,8.6,16.0,243,20.5,117.0,479.4,39.0
FR_Paris,2026-09-15T18:00Z,22.8,57,13.9,21.5,0.0,59,1010.1,16.9,26.6,321,47.2,48.0,257.0,22.0
NL_Amsterdam,2026-09-15T18:00Z,18.9,87,16.7,20.3,0.0,100,1012.5,6.7,15.5,280,18.4,20.0,60.5,15.0
PL_Warsaw,2026-09-15T18:00Z,16.7,72,11.6,16.7,0.0,1,1006.0,3.4,10.1,211,5.4,0.0,0.0,0.0
US_BPAT_Portland,2026-09-15T18:00Z,16.2,68,10.3,15.7,0.0,99,1013.4,4.4,5.4,352,15.1,184.0,38.1,162.0
US_CISO_LosAngeles,2026-09-15T18:00Z,25.4,53,15.2,26.5,0.0,18,1003.9,9.2,12.6,156,27.0,664.0,731.0,147.0
US_CISO_SanFrancisco,2026-09-15T18:00Z,18.4,70,12.8,18.0,0.0,3,1011.5,11.0,14.2,206,35.3,622.0,780.6,119.0
US_ERCO_Dallas,2026-09-15T18:00Z,36.0,40,20.1,39.6,0.0,10,1002.3,11.8,16.4,189,38.9,826.0,848.1,112.0
US_ERCO_Houston,2026-09-15T18:00Z,34.1,52,23.0,39.9,0.1,30,1016.0,7.2,9.5,165,25.2,785.0,719.8,158.0
US_ISNE_Boston,2026-09-15T18:00Z,18.7,59,10.4,19.2,0.0,23,1027.5,7.3,9.1,112,23.8,771.0,893.3,100.0
US_MISO_Chicago,2026-09-15T18:00Z,26.2,74,21.1,29.3,0.0,100,987.3,8.8,13.9,220,28.4,529.0,251.1,335.0
US_NYIS_NewYork,2026-09-15T18:00Z,21.7,48,10.3,23.1,0.0,2,1025.4,1.8,2.6,155,15.8,790.0,870.1,115.0
US_PJM_Philadelphia,2026-09-15T18:00Z,23.0,46,10.8,24.3,0.0,0,1026.1,4.0,5.5,122,17.6,805.0,892.9,103.0
US_SWPP_OklahomaCity,2026-09-15T18:00Z,36.1,37,19.1,38.5,0.0,9,974.8,15.8,23.1,195,46.8,800.0,850.3,106.0
VN_DaNang,2026-09-15T18:00Z,26.9,90,25.1,33.1,0.0,100,1011.7,3.4,7.8,222,4.7,0.0,0.0,0.0
VN_HaNoi,2026-09-15T18:00Z,24.4,98,24.1,29.9,4.4,100,1009.9,3.8,9.2,50,17.3,0.0,0.0,0.0
VN_HoChiMinh,2026-09-15T18:00Z,26.8,96,26.1,33.8,0.0,100,1010.9,2.4,2.5,8,12.2,0.0,0.0,0.0
AT_Vienna,2026-09-15T19:00Z,18.4,70,12.9,18.3,0.0,0,995.8,6.7,18.8,134,13.0,0.0,0.0,0.0
BE_Brussels,2026-09-15T19:00Z,19.7,80,16.2,20.3,0.0,88,1011.4,10.4,19.0,322,24.5,0.0,0.0,0.0
DE_Berlin,2026-09-15T19:00Z,21.9,64,14.7,22.1,0.0,100,1011.0,8.9,19.5,177,17.3,0.0,0.0,0.0
DE_Hamburg,2026-09-15T19:00Z,20.9,80,17.2,22.6,0.0,99,1010.3,5.7,16.7,218,17.3,0.0,0.0,0.0
DE_Munich,2026-09-15T19:00Z,19.0,71,13.7,19.2,0.0,42,956.9,6.3,17.6,88,15.1,0.0,0.0,0.0
ES_Madrid,2026-09-15T19:00Z,31.5,15,1.8,28.4,0.0,0,942.9,8.7,19.1,262,18.7,5.0,38.2,3.0
FR_Paris,2026-09-15T19:00Z,21.6,64,14.5,20.8,0.0,63,1010.5,15.6,25.5,310,41.8,0.0,0.0,0.0
NL_Amsterdam,2026-09-15T19:00Z,18.6,88,16.6,19.3,0.2,100,1012.4,10.5,20.5,298,21.2,0.0,0.0,0.0
PL_Warsaw,2026-09-15T19:00Z,15.9,76,11.7,15.8,0.0,0,1005.6,4.1,9.9,199,7.9,0.0,0.0,0.0
US_BPAT_Portland,2026-09-15T19:00Z,16.0,69,10.3,15.1,0.0,75,1013.3,6.5,8.7,346,18.7,256.0,56.5,218.0
US_CISO_LosAngeles,2026-09-15T19:00Z,26.8,49,15.0,28.2,0.0,10,1003.5,9.4,12.9,160,29.2,751.0,696.9,190.0
US_CISO_SanFrancisco,2026-09-15T19:00Z,19.0,68,12.8,19.3,0.0,4,1011.6,11.7,15.0,224,33.5,759.0,860.6,113.0
US_ERCO_Dallas,2026-09-15T19:00Z,37.1,34,18.8,40.1,0.0,16,1001.2,11.8,16.5,186,34.2,804.0,769.3,140.0
US_ERCO_Houston,2026-09-15T19:00Z,34.9,47,22.0,40.1,0.1,53,1015.3,8.1,10.9,158,24.5,802.0,722.6,161.0
US_ISNE_Boston,2026-09-15T19:00Z,18.5,61,10.9,18.6,0.0,27,1027.2,7.6,9.9,109,23.4,694.0,884.7,88.0
US_MISO_Chicago,2026-09-15T19:00Z,26.5,74,21.5,29.5,0.9,86,987.5,11.2,18.0,244,24.1,321.0,107.9,239.0
US_NYIS_NewYork,2026-09-15T19:00Z,22.2,49,11.0,23.0,0.0,0,1024.8,4.1,5.6,182,16.9,728.0,882.4,95.0
US_PJM_Philadelphia,2026-09-15T19:00Z,23.5,45,10.8,24.6,0.0,2,1025.6,2.7,4.0,144,16.2,746.0,894.8,92.0
US_SWPP_OklahomaCity,2026-09-15T19:00Z,36.8,33,17.7,38.4,0.0,30,974.1,16.4,24.3,194,43.2,787.0,785.3,128.0
VN_DaNang,2026-09-15T19:00Z,26.7,92,25.3,33.4,0.0,100,1011.2,1.3,5.2,205,7.9,0.0,0.0,0.0
VN_HaNoi,2026-09-15T19:00Z,24.0,99,23.9,29.0,2.7,100,1009.6,6.4,11.6,84,15.8,0.0,0.0,0.0
VN_HoChiMinh,2026-09-15T19:00Z,26.2,92,24.8,32.5,0.8,98,1010.5,2.2,4.2,340,5.8,0.0,0.0,0.0
AT_Vienna,2026-09-15T20:00Z,17.3,74,12.6,17.3,0.0,0,995.5,5.2,16.7,138,13.3,0.0,0.0,0.0
BE_Brussels,2026-09-15T20:00Z,18.8,84,16.0,19.5,0.1,99,1011.7,8.5,16.4,308,22.3,0.0,0.0,0.0
DE_Berlin,2026-09-15T20:00Z,21.0,66,14.4,20.8,0.0,11,1010.4,10.9,22.3,170,21.2,0.0,0.0,0.0
DE_Hamburg,2026-09-15T20:00Z,18.5,93,17.4,18.4,1.2,100,1011.2,18.6,33.6,265,35.3,0.0,0.0,0.0
DE_Munich,2026-09-15T20:00Z,17.9,73,12.9,17.9,0.0,88,956.7,6.0,17.1,107,12.6,0.0,0.0,0.0
ES_Madrid,2026-09-15T20:00Z,30.5,18,3.3,27.4,0.0,0,943.2,10.4,22.2,259,22.7,0.0,0.0,0.0
FR_Paris,2026-09-15T20:00Z,20.4,66,14.0,19.4,0.0,91,1011.1,15.9,25.6,314,37.4,0.0,0.0,0.0
NL_Amsterdam,2026-09-15T20:00Z,17.6,88,15.6,18.4,0.0,36,1012.3,7.8,17.2,327,22.7,0.0,0.0,0.0
PL_Warsaw,2026-09-15T20:00Z,15.2,80,11.8,14.7,0.0,0,1005.3,7.1,13.2,175,13.0,0.0,0.0,0.0
US_BPAT_Portland,2026-09-15T20:00Z,18.4,56,9.4,17.6,0.0,79,1012.9,7.7,10.6,337,24.5,633.0,620.2,184.0
US_CISO_LosAngeles,2026-09-15T20:00Z,27.9,45,14.8,29.7,0.0,2,1002.8,10.4,14.3,161,31.3,862.0,880.4,114.0
US_CISO_SanFrancisco,2026-09-15T20:00Z,18.9,68,13.0,19.4,0.0,10,1011.2,13.1,17.1,234,36.7,825.0,876.5,117.0
US_ERCO_Dallas,2026-09-15T20:00Z,37.7,32,18.0,39.9,0.0,20,1000.4,11.7,16.6,179,34.6,739.0,727.8,137.0
US_ERCO_Houston,2026-09-15T20:00Z,34.9,43,20.7,38.3,1.8,55,1014.4,10.8,14.4,152,28.1,695.0,573.3,211.0
US_ISNE_Boston,2026-09-15T20:00Z,18.3,63,11.3,17.6,0.0,13,1027.1,8.6,11.4,102,24.1,564.0,837.6,83.0
US_MISO_Chicago,2026-09-15T20:00Z,26.8,75,22.0,30.0,0.9,57,987.2,11.1,17.5,255,26.3,375.0,246.3,203.0
US_NYIS_NewYork,2026-09-15T20:00Z,22.2,51,11.5,22.1,0.0,0,1024.4,5.7,7.8,188,19.1,605.0,846.1,87.0
US_PJM_Philadelphia,2026-09-15T20:00Z,23.7,45,11.1,24.2,0.0,1,1025.1,2.0,3.1,156,14.4,625.0,858.5,86.0
US_SWPP_OklahomaCity,2026-09-15T20:00Z,36.9,32,17.6,38.2,0.0,12,973.4,16.2,24.0,184,43.9,733.0,718.8,153.0
VN_DaNang,2026-09-15T20:00Z,26.7,93,25.4,33.4,0.0,100,1010.9,1.7,5.1,207,5.0,0.0,0.0,0.0
VN_HaNoi,2026-09-15T20:00Z,23.9,99,23.7,28.7,4.2,100,1009.2,7.3,12.8,75,16.6,0.0,0.0,0.0
VN_HoChiMinh,2026-09-15T20:00Z,26.0,97,25.4,32.5,0.0,98,1009.8,3.2,5.4,4,6.5,0.0,0.0,0.0
AT_Vienna,2026-09-15T21:00Z,16.7,77,12.7,16.8,0.0,0,995.1,4.6,15.7,143,10.1,0.0,0.0,0.0
BE_Brussels,2026-09-15T21:00Z,18.2,89,16.3,19.3,2.4,99,1011.8,7.4,13.8,282,21.6,0.0,0.0,0.0
DE_Berlin,2026-09-15T21:00Z,20.5,68,14.3,20.3,0.0,13,1009.9,11.2,23.5,174,22.0,0.0,0.0,0.0
DE_Hamburg,2026-09-15T21:00Z,17.8,96,17.2,18.9,1.7,84,1010.4,10.2,21.2,242,36.7,0.0,0.0,0.0
DE_Munich,2026-09-15T21:00Z,17.3,73,12.4,17.0,0.0,97,956.6,7.2,17.8,133,14.0,0.0,0.0,0.0
ES_Madrid,2026-09-15T21:00Z,29.7,19,4.0,26.8,0.0,0,943.0,10.4,21.4,258,24.5,0.0,0.0,0.0
FR_Paris,2026-09-15T21:00Z,18.9,69,13.1,17.6,0.0,88,1011.6,15.4,24.8,315,36.7,0.0,0.0,0.0
NL_Amsterdam,2026-09-15T21:00Z,17.0,88,14.9,17.9,0.0,60,1012.4,5.0,15.7,308,15.5,0.0,0.0,0.0
PL_Warsaw,2026-09-15T21:00Z,14.6,82,11.6,13.8,0.0,1,1005.1,9.0,19.9,164,17.3,0.0,0.0,0.0
US_BPAT_Portland,2026-09-15T21:00Z,18.3,60,10.4,17.3,0.3,80,1012.5,7.8,10.5,336,24.8,560.0,440.8,239.0
US_CISO_LosAngeles,2026-09-15T21:00Z,28.5,43,14.6,30.0,0.0,2,1002.2,11.1,15.5,168,32.8,847.0,876.9,112.0
US_CISO_SanFrancisco,2026-09-15T21:00Z,18.4,71,13.1,18.4,0.0,27,1011.0,16.4,21.5,240,42.8,825.0,858.6,128.0
US_ERCO_Dallas,2026-09-15T21:00Z,38.1,30,17.4,39.4,0.0,19,999.6,12.8,18.1,173,35.3,657.0,714.0,131.0
US_ERCO_Houston,2026-09-15T21:00Z,33.2,51,21.6,36.3,1.0,46,1014.6,11.5,16.5,142,32.0,572.0,481.5,213.0
US_ISNE_Boston,2026-09-15T21:00Z,17.8,66,11.5,17.0,0.0,5,1027.2,8.9,12.4,99,24.1,393.0,747.8,74.0
US_MISO_Chicago,2026-09-15T21:00Z,26.5,75,21.8,30.1,0.2,45,987.0,8.2,11.8,243,26.6,352.0,316.4,165.0
US_NYIS_NewYork,2026-09-15T21:00Z,21.6,53,11.6,21.1,0.0,4,1024.4,6.7,9.2,182,19.4,439.0,772.3,78.0
US_PJM_Philadelphia,2026-09-15T21:00Z,23.8,47,11.8,24.0,0.0,2,1024.8,2.1,3.0,147,11.5,444.0,731.2,90.0
US_SWPP_OklahomaCity,2026-09-15T21:00Z,37.2,30,17.0,37.8,0.0,14,972.8,16.7,24.7,180,42.8,672.0,779.0,110.0
VN_DaNang,2026-09-15T21:00Z,26.5,94,25.4,33.2,0.0,100,1010.7,2.3,5.2,211,5.8,0.0,0.0,0.0
VN_HaNoi,2026-09-15T21:00Z,23.7,98,23.4,28.1,2.4,100,1009.0,9.0,16.0,87,19.1,0.0,0.0,0.0
VN_HoChiMinh,2026-09-15T21:00Z,25.8,98,25.4,32.0,0.0,98,1009.6,4.9,9.3,19,10.1,0.0,0.0,0.0
AT_Vienna,2026-09-15T22:00Z,16.3,77,12.2,16.2,0.0,0,994.9,5.0,16.3,142,9.7,0.0,0.0,0.0
BE_Brussels,2026-09-15T22:00Z,17.8,94,16.8,18.6,0.4,34,1011.6,10.7,18.9,268,21.2,0.0,0.0,0.0
DE_Berlin,2026-09-15T22:00Z,20.1,69,14.3,19.8,0.0,17,1009.5,11.5,24.6,186,22.3,0.0,0.0,0.0
DE_Hamburg,2026-09-15T22:00Z,17.3,98,16.9,18.8,3.4,100,1010.5,6.1,13.0,260,20.2,0.0,0.0,0.0
DE_Munich,2026-09-15T22:00Z,16.5,77,12.6,16.2,0.0,53,956.2,7.4,16.5,164,15.5,0.0,0.0,0.0
ES_Madrid,2026-09-15T22:00Z,28.3,21,4.0,25.7,0.0,0,942.5,8.1,18.1,289,22.7,0.0,0.0,0.0
FR_Paris,2026-09-15T22:00Z,18.0,73,13.0,17.1,0.0,86,1011.8,13.0,21.1,314,34.9,0.0,0.0,0.0
NL_Amsterdam,2026-09-15T22:00Z,16.9,84,14.2,17.4,0.0,25,1012.1,6.1,17.3,316,12.2,0.0,0.0,0.0
PL_Warsaw,2026-09-15T22:00Z,14.2,85,11.8,13.2,0.0,3,1004.9,10.3,22.3,167,20.2,0.0,0.0,0.0
US_BPAT_Portland,2026-09-15T22:00Z,18.0,61,10.4,17.2,0.4,35,1012.0,6.2,8.5,333,24.5,457.0,281.7,264.0
US_CISO_LosAngeles,2026-09-15T22:00Z,28.5,43,14.6,29.7,0.0,1,1001.6,10.4,14.4,182,32.8,769.0,859.4,106.0
US_CISO_SanFrancisco,2026-09-15T22:00Z,18.0,73,13.2,17.3,0.0,48,1010.9,18.4,24.8,245,46.8,750.0,792.2,146.0
US_ERCO_Dallas,2026-09-15T22:00Z,38.0,29,17.2,38.5,0.0,38,999.3,13.8,19.6,166,35.6,480.0,587.3,129.0
US_ERCO_Houston,2026-09-15T22:00Z,32.9,55,22.6,36.2,0.2,34,1014.3,12.6,18.4,140,30.2,420.0,466.9,141.0
US_ISNE_Boston,2026-09-15T22:00Z,17.1,70,11.5,16.2,0.0,6,1027.1,9.1,13.9,114,23.0,205.0,599.0,54.0
US_MISO_Chicago,2026-09-15T22:00Z,26.1,78,21.9,29.7,0.1,74,987.2,8.2,11.6,233,24.5,295.0,412.9,111.0
US_NYIS_NewYork,2026-09-15T22:00Z,20.7,55,11.3,20.0,0.0,9,1024.5,7.2,10.6,176,19.4,247.0,638.3,60.0
US_PJM_Philadelphia,2026-09-15T22:00Z,23.5,50,12.4,23.7,0.0,7,1024.8,3.3,5.2,139,9.7,256.0,617.1,65.0
US_SWPP_OklahomaCity,2026-09-15T22:00Z,36.8,30,16.5,36.6,0.0,22,972.9,16.6,24.8,179,44.3,544.0,769.5,91.0
VN_DaNang,2026-09-15T22:00Z,26.5,94,25.4,33.2,0.0,100,1010.7,1.7,4.6,206,6.5,0.0,0.0,0.0
VN_HaNoi,2026-09-15T22:00Z,23.6,98,23.3,27.7,3.6,100,1009.3,10.5,17.8,88,22.0,0.0,0.0,0.0
VN_HoChiMinh,2026-09-15T22:00Z,25.5,97,25.1,31.7,0.0,99,1009.6,4.1,8.9,27,10.1,0.0,0.0,0.0
AT_Vienna,2026-09-15T23:00Z,15.4,81,12.1,15.4,0.0,0,994.3,4.4,13.3,152,9.7,0.0,0.0,0.0
BE_Brussels,2026-09-15T23:00Z,17.3,96,16.6,18.0,0.0,28,1011.5,10.6,19.5,272,23.0,0.0,0.0,0.0
DE_Berlin,2026-09-15T23:00Z,19.6,71,14.1,19.3,0.0,21,1009.1,11.3,23.9,191,22.7,0.0,0.0,0.0
DE_Hamburg,2026-09-15T23:00Z,17.2,97,16.8,18.5,1.5,99,1010.0,7.0,13.7,251,14.0,0.0,0.0,0.0
DE_Munich,2026-09-15T23:00Z,15.7,82,12.7,15.3,0.0,30,955.6,8.1,17.7,208,15.8,0.0,0.0,0.0
ES_Madrid,2026-09-15T23:00Z,27.2,22,3.7,24.4,0.0,0,942.5,8.3,16.5,311,19.1,0.0,0.0,0.0
FR_Paris,2026-09-15T23:00Z,17.5,72,12.4,16.3,0.0,13,1011.9,13.2,21.7,306,29.9,0.0,0.0,0.0
NL_Amsterdam,2026-09-15T23:00Z,15.9,87,13.7,16.5,0.0,37,1012.2,4.2,13.6,313,11.9,0.0,0.0,0.0
PL_Warsaw,2026-09-15T23:00Z,13.8,87,11.8,12.7,0.0,3,1004.5,11.4,24.4,172,22.7,0.0,0.0,0.0
US_BPAT_Portland,2026-09-15T23:00Z,19.0,55,9.7,18.1,0.1,59,1011.6,5.3,7.3,343,20.5,467.0,512.0,161.0
US_CISO_LosAngeles,2026-09-15T23:00Z,27.9,44,14.5,28.3,0.0,0,1001.3,10.6,14.7,199,30.6,637.0,830.4,94.0
US_CISO_SanFrancisco,2026-09-15T23:00Z,17.6,76,13.3,16.3,0.0,38,1010.5,18.7,25.2,247,46.8,624.0,729.8,140.0
US_ERCO_Dallas,2026-09-15T23:00Z,36.9,30,16.7,37.4,0.1,19,999.3,12.7,18.8,163,36.7,289.0,476.5,89.0
US_ERCO_Houston,2026-09-15T23:00Z,32.0,59,22.9,35.6,0.0,9,1013.7,12.3,18.2,152,30.2,286.0,477.5,90.0
US_ISNE_Boston,2026-09-15T23:00Z,15.9,77,11.8,15.2,0.0,10,1026.7,8.9,17.0,127,20.9,41.0,242.9,17.0
US_MISO_Chicago,2026-09-15T23:00Z,25.5,82,22.2,29.6,0.0,90,987.3,6.4,10.7,241,20.2,175.0,345.6,81.0
US_NYIS_NewYork,2026-09-15T23:00Z,19.0,63,11.8,18.6,0.0,1,1024.5,6.4,14.5,163,18.0,66.0,334.9,26.0
US_PJM_Philadelphia,2026-09-15T23:00Z,21.9,64,14.8,23.2,0.0,1,1024.7,1.8,5.0,116,8.6,73.0,336.5,30.0
US_SWPP_OklahomaCity,2026-09-15T23:00Z,36.1,31,16.5,36.2,0.0,11,972.8,15.0,22.9,177,42.1,340.0,612.8,84.0
VN_DaNang,2026-09-15T23:00Z,26.6,93,25.4,33.4,0.0,100,1011.0,1.2,3.1,180,4.7,2.0,0.0,2.0
VN_HaNoi,2026-09-15T23:00Z,23.7,98,23.3,27.8,1.6,100,1009.3,10.5,18.7,83,23.8,0.0,0.0,0.0
VN_HoChiMinh,2026-09-15T23:00Z,25.4,96,24.8,31.4,0.0,100,1009.7,4.1,8.6,26,9.4,2.0,0.0,2.0
AT_Vienna,2026-09-16T00:00Z,14.2,88,12.3,14.4,0.0,0,993.9,3.3,10.8,159,8.3,0.0,0.0,0.0
BE_Brussels,2026-09-16T00:00Z,17.1,96,16.4,18.0,0.0,16,1011.6,9.1,17.3,269,21.2,0.0,0.0,0.0
DE_Berlin,2026-09-16T00:00Z,19.1,73,14.2,18.7,0.0,14,1008.0,11.5,24.6,191,22.7,0.0,0.0,0.0
DE_Hamburg,2026-09-16T00:00Z,17.8,97,17.3,19.1,1.4,99,1009.4,8.9,19.3,284,16.2,0.0,0.0,0.0
DE_Munich,2026-09-16T00:00Z,15.3,87,13.2,14.8,0.0,18,955.3,10.6,22.1,211,17.6,0.0,0.0,0.0
ES_Madrid,2026-09-16T00:00Z,25.9,22,2.7,23.0,0.0,0,942.1,8.2,17.1,314,22.0,0.0,0.0,0.0
FR_Paris,2026-09-16T00:00Z,16.6,75,12.3,15.6,0.0,11,1012.0,11.9,20.1,304,30.2,0.0,0.0,0.0
NL_Amsterdam,2026-09-16T00:00Z,15.5,91,14.1,16.7,0.0,27,1012.3,0.8,7.2,323,7.2,0.0,0.0,0.0
PL_Warsaw,2026-09-16T00:00Z,13.2,89,11.5,11.9,0.0,0,1004.0,12.1,25.3,172,24.1,0.0,0.0,0.0
US_BPAT_Portland,2026-09-16T00:00Z,19.5,52,9.4,18.7,0.0,9,1011.8,4.3,6.0,343,18.7,345.0,436.6,139.0
US_CISO_LosAngeles,2026-09-16T00:00Z,26.8,46,14.2,26.6,0.0,0,1001.4,10.1,13.8,212,29.9,453.0,749.5,83.0
US_CISO_SanFrancisco,2026-09-16T00:00Z,17.1,77,13.0,15.3,0.0,20,1010.4,18.9,25.5,248,47.9,470.0,676.1,118.0
US_ERCO_Dallas,2026-09-16T00:00Z,36.0,32,16.8,36.5,0.0,41,999.9,12.7,19.8,152,31.3,142.0,423.5,51.0
US_ERCO_Houston,2026-09-16T00:00Z,30.8,67,24.0,35.6,0.0,11,1014.5,8.1,13.1,171,28.4,132.0,416.3,50.0
US_ISNE_Boston,2026-09-16T00:00Z,15.1,77,11.0,13.9,0.0,1,1027.2,10.2,20.1,140,19.1,0.0,0.0,0.0
US_MISO_Chicago,2026-09-16T00:00Z,24.1,91,22.5,28.5,0.0,26,987.3,4.9,12.7,288,12.2,36.0,101.0,25.0
US_NYIS_NewYork,2026-09-16T00:00Z,18.1,69,12.3,17.9,0.0,1,1024.8,6.5,17.6,157,14.8,0.0,0.0,0.0
US_PJM_Philadelphia,2026-09-16T00:00Z,21.0,69,15.0,22.4,0.0,14,1025.1,1.5,6.3,160,5.8,0.0,0.0,0.0
US_SWPP_OklahomaCity,2026-09-16T00:00Z,35.8,32,16.4,35.3,0.0,7,972.5,18.7,30.2,159,36.7,157.0,476.9,52.0
VN_DaNang,2026-09-16T00:00Z,27.4,82,24.1,33.2,0.0,100,1011.8,1.8,1.5,291,5.4,57.0,0.0,57.0
VN_HaNoi,2026-09-16T00:00Z,24.6,95,23.7,29.0,4.5,100,1010.1,10.3,17.2,97,30.6,16.0,0.0,16.0
VN_HoChiMinh,2026-09-16T00:00Z,26.8,89,24.9,33.0,0.0,100,1010.4,3.5,5.3,35,11.5,89.0,112.6,68.0
AT_Vienna,2026-09-16T01:00Z,13.6,90,12.0,14.0,0.0,0,993.4,1.4,8.8,157,6.5,0.0,0.0,0.0
BE_Brussels,2026-09-16T01:00Z,16.3,96,15.7,16.7,0.0,5,1011.6,9.8,19.4,269,19.4,0.0,0.0,0.0
DE_Berlin,2026-09-16T01:00Z,18.8,76,14.4,18.5,0.0,16,1007.8,11.2,24.3,200,23.0,0.0,0.0,0.0
DE_Hamburg,2026-09-16T01:00Z,17.5,97,17.0,18.5,2.1,100,1009.6,9.6,18.8,297,21.6,0.0,0.0,0.0
DE_Munich,2026-09-16T01:00Z,16.0,85,13.4,15.5,0.0,20,954.8,10.4,22.5,220,21.2,0.0,0.0,0.0
ES_Madrid,2026-09-16T01:00Z,24.3,27,4.3,21.5,0.0,0,942.0,9.6,19.1,3,21.6,0.0,0.0,0.0
FR_Paris,2026-09-16T01:00Z,16.1,76,11.8,15.0,0.0,5,1012.1,11.1,19.5,296,25.9,0.0,0.0,0.0
NL_Amsterdam,2026-09-16T01:00Z,15.2,92,13.8,16.0,0.1,30,1012.2,2.4,9.4,290,5.0,0.0,0.0,0.0
PL_Warsaw,2026-09-16T01:00Z,13.0,91,11.5,11.7,0.0,0,1003.5,11.7,24.4,175,24.1,0.0,0.0,0.0
US_BPAT_Portland,2026-09-16T01:00Z,19.5,52,9.3,18.3,0.0,16,1011.7,7.1,10.2,330,18.7,224.0,446.2,83.0
US_CISO_LosAngeles,2026-09-16T01:00Z,25.4,50,14.3,25.4,0.0,1,1001.6,9.2,13.0,204,27.7,241.0,573.8,68.0
US_CISO_SanFrancisco,2026-09-16T01:00Z,16.6,79,12.9,14.9,0.0,39,1010.4,17.7,24.8,247,46.4,288.0,597.8,82.0
US_ERCO_Dallas,2026-09-16T01:00Z,35.1,36,18.0,35.5,0.0,6,1000.1,16.8,26.8,132,37.4,12.0,53.0,8.0
US_ERCO_Houston,2026-09-16T01:00Z,30.2,72,24.6,35.4,0.0,1,1014.8,8.3,15.7,177,16.9,7.0,30.7,5.0
US_ISNE_Boston,2026-09-16T01:00Z,14.5,78,10.7,13.2,0.0,1,1027.4,10.2,20.8,147,20.5,0.0,0.0,0.0
US_MISO_Chicago,2026-09-16T01:00Z,24.2,90,22.4,27.8,0.0,27,987.7,10.1,20.9,340,18.4,0.0,0.0,0.0
US_NYIS_NewYork,2026-09-16T01:00Z,17.9,72,12.8,17.8,0.0,0,1024.9,6.3,17.5,158,14.0,0.0,0.0,0.0
US_PJM_Philadelphia,2026-09-16T01:00Z,19.5,72,14.3,19.4,0.0,0,1025.5,10.4,18.1,138,22.7,0.0,0.0,0.0
US_SWPP_OklahomaCity,2026-09-16T01:00Z,34.6,35,16.9,34.9,0.0,13,973.4,14.3,24.2,157,42.1,16.0,88.4,9.0
VN_DaNang,2026-09-16T01:00Z,28.2,75,23.4,33.7,0.0,100,1012.1,1.6,1.8,246,8.3,205.0,60.3,178.0
VN_HaNoi,2026-09-16T01:00Z,24.8,95,23.9,29.1,0.4,100,1010.6,11.9,19.2,101,21.6,74.0,0.0,74.0
VN_HoChiMinh,2026-09-16T01:00Z,28.1,81,24.5,34.0,0.0,91,1010.8,3.4,5.1,356,12.6,309.0,381.9,145.0
AT_Vienna,2026-09-16T02:00Z,13.1,93,12.0,13.6,0.0,0,992.9,0.6,5.4,160,2.9,0.0,0.0,0.0
BE_Brussels,2026-09-16T02:00Z,15.3,97,14.8,15.4,0.0,2,1011.6,9.9,19.5,279,19.8,0.0,0.0,0.0
DE_Berlin,2026-09-16T02:00Z,18.5,77,14.3,18.4,0.0,28,1007.3,10.3,23.2,207,22.0,0.0,0.0,0.0
DE_Hamburg,2026-09-16T02:00Z,17.0,96,16.4,17.5,0.6,100,1009.2,11.4,21.1,302,20.9,0.0,0.0,0.0
DE_Munich,2026-09-16T02:00Z,16.3,81,13.0,15.7,0.0,30,954.2,10.7,22.4,218,20.5,0.0,0.0,0.0
ES_Madrid,2026-09-16T02:00Z,23.0,33,6.0,20.4,0.0,0,941.7,11.2,21.3,16,23.4,0.0,0.0,0.0
FR_Paris,2026-09-16T02:00Z,15.6,75,11.2,14.2,0.0,1,1012.3,11.6,21.6,297,25.9,0.0,0.0,0.0
NL_Amsterdam,2026-09-16T02:00Z,15.0,90,13.4,15.4,0.0,19,1012.2,4.5,13.0,280,7.9,0.0,0.0,0.0
PL_Warsaw,2026-09-16T02:00Z,12.6,91,11.1,11.3,0.0,0,1002.9,11.6,24.0,178,23.8,0.0,0.0,0.0
US_BPAT_Portland,2026-09-16T02:00Z,18.5,57,9.7,17.2,0.0,6,1012.0,8.4,14.1,332,20.2,76.0,276.6,37.0
US_CISO_LosAngeles,2026-09-16T02:00Z,23.9,56,14.6,24.3,0.0,0,1001.7,7.5,11.0,198,24.1,57.0,273.0,24.0
US_CISO_SanFrancisco,2026-09-16T02:00Z,16.1,82,13.0,14.6,0.0,39,1010.4,16.6,23.7,241,42.8,99.0,394.6,41.0
US_ERCO_Dallas,2026-09-16T02:00Z,34.2,40,18.7,34.9,0.0,20,1000.8,17.1,27.9,139,40.0,0.0,0.0,0.0
US_ERCO_Houston,2026-09-16T02:00Z,29.6,75,24.8,34.9,0.0,2,1015.3,8.7,17.1,168,19.1,0.0,0.0,0.0
US_ISNE_Boston,2026-09-16T02:00Z,13.9,80,10.4,12.6,0.0,0,1027.3,9.8,20.6,159,20.2,0.0,0.0,0.0
US_MISO_Chicago,2026-09-16T02:00Z,23.7,89,21.7,27.2,0.0,24,989.6,8.4,18.4,2,19.4,0.0,0.0,0.0
US_NYIS_NewYork,2026-09-16T02:00Z,17.7,72,12.6,17.5,0.0,0,1024.6,6.6,18.4,156,15.1,0.0,0.0,0.0
US_PJM_Philadelphia,2026-09-16T02:00Z,18.0,75,13.6,17.8,0.0,0,1025.7,9.4,18.7,145,27.4,0.0,0.0,0.0
US_SWPP_OklahomaCity,2026-09-16T02:00Z,33.5,38,17.4,33.7,0.0,14,974.4,16.0,27.1,150,36.0,0.0,0.0,0.0
VN_DaNang,2026-09-16T02:00Z,29.2,66,22.2,34.1,0.0,100,1012.1,1.2,1.4,220,9.0,362.0,134.7,274.0
VN_HaNoi,2026-09-16T02:00Z,25.4,90,23.7,29.8,0.1,100,1010.8,10.4,16.3,95,24.5,111.0,1.6,110.0
VN_HoChiMinh,2026-09-16T02:00Z,29.3,73,24.0,34.6,0.0,33,1011.1,5.1,7.0,328,16.6,530.0,526.6,191.0
AT_Vienna,2026-09-16T03:00Z,12.6,95,11.8,13.1,0.0,0,992.6,0.4,3.4,162,2.2,0.0,0.0,0.0
BE_Brussels,2026-09-16T03:00Z,14.8,96,14.1,14.5,0.0,23,1011.8,10.5,21.3,304,20.9,0.0,0.0,0.0
DE_Berlin,2026-09-16T03:00Z,18.3,77,14.1,18.1,0.0,45,1006.7,10.7,23.2,202,21.2,0.0,0.0,0.0
DE_Hamburg,2026-09-16T03:00Z,16.3,97,15.7,16.7,0.0,49,1008.9,10.6,20.0,315,22.0,0.0,0.0,0.0
DE_Munich,2026-09-16T03:00Z,16.5,79,12.8,15.8,0.0,65,953.9,10.5,22.3,215,20.9,0.0,0.0,0.0
ES_Madrid,2026-09-16T03:00Z,22.2,42,8.5,19.9,0.0,0,941.4,12.7,25.1,29,29.5,0.0,0.0,0.0
FR_Paris,2026-09-16T03:00Z,15.2,76,11.0,13.9,0.0,1,1012.3,11.3,21.3,292,25.6,0.0,0.0,0.0
NL_Amsterdam,2026-09-16T03:00Z,14.8,86,12.5,14.7,0.0,13,1012.2,5.9,17.8,296,10.4,0.0,0.0,0.0
PL_Warsaw,2026-09-16T03:00Z,12.4,91,10.9,11.0,0.0,0,1002.5,10.9,23.4,182,23.4,0.0,0.0,0.0
US_BPAT_Portland,2026-09-16T03:00Z,17.4,63,10.2,16.5,0.0,17,1012.6,6.9,15.3,336,17.6,3.0,19.1,2.0
US_CISO_LosAngeles,2026-09-16T03:00Z,22.8,61,15.0,23.5,0.0,1,1002.1,6.8,9.9,199,18.0,0.0,0.0,0.0
US_CISO_SanFrancisco,2026-09-16T03:00Z,15.8,85,13.2,14.5,0.0,56,1010.5,16.2,23.1,238,38.2,2.0,0.0,2.0
US_ERCO_Dallas,2026-09-16T03:00Z,33.2,44,19.4,34.4,0.0,19,1001.9,15.9,26.4,144,37.4,0.0,0.0,0.0
US_ERCO_Houston,2026-09-16T03:00Z,29.2,77,24.8,34.5,0.0,2,1015.9,8.5,17.3,168,18.7,0.0,0.0,0.0
US_ISNE_Boston,2026-09-16T03:00Z,13.3,82,10.3,12.2,0.0,0,1027.4,8.3,18.4,179,19.4,0.0,0.0,0.0
US_MISO_Chicago,2026-09-16T03:00Z,23.1,90,21.5,26.7,0.1,97,990.6,7.1,14.7,352,14.8,0.0,0.0,0.0
US_NYIS_NewYork,2026-09-16T03:00Z,17.5,72,12.5,17.4,0.0,0,1024.5,5.6,17.3,168,14.8,0.0,0.0,0.0
US_PJM_Philadelphia,2026-09-16T03:00Z,17.4,78,13.5,17.4,0.0,14,1025.8,7.2,16.6,156,20.2,0.0,0.0,0.0
US_SWPP_OklahomaCity,2026-09-16T03:00Z,32.8,38,16.7,32.8,0.0,4,975.2,15.8,28.4,157,38.5,0.0,0.0,0.0
VN_DaNang,2026-09-16T03:00Z,29.9,62,21.9,34.6,0.0,100,1012.0,0.7,1.0,68,9.0,452.0,118.9,355.0
VN_HaNoi,2026-09-16T03:00Z,25.2,93,24.0,29.7,0.4,100,1010.8,10.8,17.9,84,20.9,79.0,0.0,79.0
VN_HoChiMinh,2026-09-16T03:00Z,30.3,68,23.8,36.7,0.0,21,1010.8,5.8,8.0,322,19.1,763.0,767.1,138.0
AT_Vienna,2026-09-16T04:00Z,12.3,96,11.7,12.7,0.0,13,992.2,0.4,2.8,169,2.9,0.0,0.0,0.0
BE_Brussels,2026-09-16T04:00Z,14.4,96,13.7,14.5,0.0,20,1012.0,7.3,15.5,317,20.9,0.0,0.0,0.0
DE_Berlin,2026-09-16T04:00Z,17.8,78,14.0,17.8,0.0,57,1006.7,8.7,18.8,225,21.6,0.0,0.0,0.0
DE_Hamburg,2026-09-16T04:00Z,15.4,95,14.7,15.4,0.0,87,1009.1,10.3,20.0,308,19.4,0.0,0.0,0.0
DE_Munich,2026-09-16T04:00Z,16.5,78,12.7,15.8,0.0,25,953.5,10.5,22.0,219,20.2,0.0,0.0,0.0
ES_Madrid,2026-09-16T04:00Z,20.9,52,10.7,18.9,0.0,0,941.0,14.7,25.3,32,33.1,0.0,0.0,0.0
FR_Paris,2026-09-16T04:00Z,14.9,78,11.0,13.5,0.0,6,1012.5,11.2,21.5,286,24.8,0.0,0.0,0.0
NL_Amsterdam,2026-09-16T04:00Z,14.4,86,12.2,14.3,0.0,13,1012.2,5.5,17.3,300,10.8,0.0,0.0,0.0
PL_Warsaw,2026-09-16T04:00Z,12.2,91,10.8,10.9,0.0,0,1002.2,10.9,23.2,179,22.0,0.0,0.0,0.0
US_BPAT_Portland,2026-09-16T04:00Z,17.0,65,10.3,15.7,0.0,4,1012.8,9.7,19.2,334,19.4,0.0,0.0,0.0
US_CISO_LosAngeles,2026-09-16T04:00Z,22.2,65,15.2,23.1,0.0,0,1002.8,5.9,8.8,181,15.8,0.0,0.0,0.0
US_CISO_SanFrancisco,2026-09-16T04:00Z,15.8,86,13.4,14.6,0.0,37,1011.0,15.0,21.7,237,37.8,0.0,0.0,0.0
US_ERCO_Dallas,2026-09-16T04:00Z,32.4,49,20.3,34.2,0.0,9,1002.2,14.9,26.1,151,34.9,0.0,0.0,0.0
US_ERCO_Houston,2026-09-16T04:00Z,28.7,80,24.9,34.3,0.0,1,1016.1,6.9,15.4,173,17.6,0.0,0.0,0.0
US_ISNE_Boston,2026-09-16T04:00Z,13.0,83,10.2,12.1,0.0,0,1027.1,6.9,17.2,190,16.2,0.0,0.0,0.0
US_MISO_Chicago,2026-09-16T04:00Z,22.5,93,21.3,25.5,0.3,53,990.2,10.2,19.0,353,19.4,0.0,0.0,0.0
US_NYIS_NewYork,2026-09-16T04:00Z,17.1,77,13.0,17.4,0.0,1,1024.8,4.4,14.0,195,12.2,0.0,0.0,0.0
US_PJM_Philadelphia,2026-09-16T04:00Z,16.9,81,13.6,17.3,0.0,0,1025.7,5.4,14.7,163,14.8,0.0,0.0,0.0
US_SWPP_OklahomaCity,2026-09-16T04:00Z,31.9,41,16.9,31.7,0.0,2,975.3,17.3,30.8,158,39.2,0.0,0.0,0.0
VN_DaNang,2026-09-16T04:00Z,30.2,61,21.9,34.7,0.0,100,1011.5,2.7,3.3,54,11.5,521.0,160.3,373.0
VN_HaNoi,2026-09-16T04:00Z,25.7,93,24.5,30.6,0.7,100,1010.8,9.6,14.3,85,26.6,177.0,4.5,173.0
VN_HoChiMinh,2026-09-16T04:00Z,31.1,65,23.8,38.2,0.0,88,1010.3,6.0,8.2,319,21.6,881.0,784.2,151.0
AT_Vienna,2026-09-16T05:00Z,12.4,96,11.8,12.8,0.0,45,992.0,0.5,3.1,149,2.5,5.0,19.1,4.0
BE_Brussels,2026-09-16T05:00Z,13.9,95,13.2,13.8,0.0,22,1012.3,7.7,16.4,293,14.8,0.0,0.0,0.0
DE_Berlin,2026-09-16T05:00Z,16.9,84,14.1,17.3,0.0,60,1006.0,6.3,12.8,231,18.4,1.0,0.0,1.0
DE_Hamburg,2026-09-16T05:00Z,14.9,95,14.0,14.7,0.0,6,1009.1,9.7,20.1,303,19.4,0.0,0.0,0.0
DE_Munich,2026-09-16T05:00Z,16.3,79,12.7,15.6,0.0,68,953.2,10.9,22.5,226,20.9,0.0,0.0,0.0
ES_Madrid,2026-09-16T05:00Z,19.6,60,11.7,17.6,0.0,0,941.1,17.5,30.5,37,40.0,0.0,0.0,0.0
FR_Paris,2026-09-16T05:00Z,14.3,81,11.1,13.1,0.0,6,1012.9,10.7,21.0,282,24.1,0.0,0.0,0.0
NL_Amsterdam,2026-09-16T05:00Z,14.1,88,12.1,14.1,0.0,42,1012.3,4.4,15.0,291,9.7,0.0,0.0,0.0
PL_Warsaw,2026-09-16T05:00Z,12.5,91,11.0,11.1,0.0,0,1002.0,11.4,23.5,175,23.0,21.0,137.7,11.0
US_BPAT_Portland,2026-09-16T05:00Z,16.2,71,10.9,15.1,0.0,2,1013.1,9.1,18.6,343,20.9,0.0,0.0,0.0
US_CISO_LosAngeles,2026-09-16T05:00Z,21.6,66,15.1,22.4,0.0,0,1003.0,5.9,9.0,164,13.7,0.0,0.0,0.0
US_CISO_SanFrancisco,2026-09-16T05:00Z,15.6,87,13.4,14.4,0.0,26,1011.1,15.1,22.7,231,32.4,0.0,0.0,0.0
US_ERCO_Dallas,2026-09-16T05:00Z,32.0,51,20.6,34.1,0.0,10,1002.7,14.2,25.0,159,32.4,0.0,0.0,0.0
US_ERCO_Houston,2026-09-16T05:00Z,28.1,84,25.1,34.1,0.0,0,1016.2,5.0,13.0,166,14.0,0.0,0.0,0.0
US_ISNE_Boston,2026-09-16T05:00Z,12.9,83,10.0,11.8,0.0,3,1027.1,7.5,17.8,201,14.4,0.0,0.0,0.0
US_MISO_Chicago,2026-09-16T05:00Z,22.2,92,20.9,25.4,0.0,82,990.8,7.8,16.7,358,19.8,0.0,0.0,0.0
US_NYIS_NewYork,2026-09-16T05:00Z,16.8,81,13.5,17.2,0.0,0,1024.4,4.9,15.3,201,10.4,0.0,0.0,0.0
US_PJM_Philadelphia,2026-09-16T05:00Z,16.6,83,13.7,17.0,0.0,7,1025.2,5.7,15.5,167,12.2,0.0,0.0,0.0
US_SWPP_OklahomaCity,2026-09-16T05:00Z,31.3,43,17.2,31.4,0.0,1,975.4,16.7,30.3,164,40.0,0.0,0.0,0.0
VN_DaNang,2026-09-16T05:00Z,30.1,64,22.6,34.6,0.0,100,1010.8,4.6,5.6,40,14.4,471.0,50.6,422.0
VN_HaNoi,2026-09-16T05:00Z,25.9,91,24.3,30.8,1.3,100,1010.1,9.4,13.4,95,25.9,278.0,13.8,265.0
VN_HoChiMinh,2026-09-16T05:00Z,31.7,62,23.6,38.7,0.0,13,1009.5,6.3,8.5,324,22.3,886.0,712.4,185.0
AT_Vienna,2026-09-16T06:00Z,13.7,93,12.6,14.0,0.0,17,992.5,3.0,2.3,293,5.4,96.0,337.9,45.0
BE_Brussels,2026-09-16T06:00Z,14.4,92,13.2,13.9,0.0,74,1013.3,10.3,20.5,294,20.5,12.0,61.6,8.0
DE_Berlin,2026-09-16T06:00Z,17.5,80,14.1,18.1,0.0,88,1006.7,5.2,11.5,302,13.0,60.0,241.4,33.0
DE_Hamburg,2026-09-16T06:00Z,14.9,96,14.3,15.1,0.0,8,1009.9,8.2,15.5,279,18.7,36.0,184.9,19.0
DE_Munich,2026-09-16T06:00Z,17.2,73,12.3,16.3,0.0,91,953.8,11.1,23.9,233,23.0,55.0,248.4,28.0
ES_Madrid,2026-09-16T06:00Z,19.2,61,11.5,17.0,0.0,0,941.4,17.9,31.4,38,44.3,0.0,0.0,0.0
FR_Paris,2026-09-16T06:00Z,14.0,84,11.4,12.9,0.0,16,1014.0,10.2,19.9,285,23.0,8.0,54.8,5.0
NL_Amsterdam,2026-09-16T06:00Z,14.6,88,12.7,14.5,0.2,25,1013.1,6.2,14.7,278,10.4,15.0,90.3,9.0
PL_Warsaw,2026-09-16T06:00Z,13.9,84,11.3,12.8,0.0,0,1001.9,10.5,26.1,178,23.4,138.0,465.9,49.0
US_BPAT_Portland,2026-09-16T06:00Z,15.3,76,11.1,14.8,0.0,2,1013.3,5.4,14.6,357,19.4,0.0,0.0,0.0
US_CISO_LosAngeles,2026-09-16T06:00Z,21.3,71,15.8,22.5,0.0,1,1003.1,4.8,8.3,164,13.0,0.0,0.0,0.0
US_CISO_SanFrancisco,2026-09-16T06:00Z,15.2,86,12.9,13.7,0.0,73,1011.1,16.4,25.2,228,31.7,0.0,0.0,0.0
US_ERCO_Dallas,2026-09-16T06:00Z,30.5,58,21.4,33.0,0.0,4,1003.0,14.4,25.2,162,31.7,0.0,0.0,0.0
US_ERCO_Houston,2026-09-16T06:00Z,27.0,90,25.3,33.3,0.0,0,1016.5,4.2,12.2,172,10.1,0.0,0.0,0.0
US_ISNE_Boston,2026-09-16T06:00Z,11.9,86,9.6,10.7,0.0,0,1027.3,7.2,17.3,208,14.8,0.0,0.0,0.0
US_MISO_Chicago,2026-09-16T06:00Z,21.7,95,20.9,24.7,0.0,94,991.5,9.0,17.5,2,14.4,0.0,0.0,0.0
US_NYIS_NewYork,2026-09-16T06:00Z,15.6,89,13.8,16.3,0.0,2,1024.7,3.2,11.4,218,9.7,0.0,0.0,0.0
US_PJM_Philadelphia,2026-09-16T06:00Z,15.6,88,13.7,16.3,0.0,22,1025.5,2.9,11.9,175,11.9,0.0,0.0,0.0
US_SWPP_OklahomaCity,2026-09-16T06:00Z,29.8,50,18.3,30.3,0.0,15,975.8,16.9,31.1,167,38.2,0.0,0.0,0.0
VN_DaNang,2026-09-16T06:00Z,30.2,70,24.0,35.2,0.0,100,1010.2,6.9,8.5,38,21.2,523.0,128.6,401.0
VN_HaNoi,2026-09-16T06:00Z,25.3,92,23.9,30.1,1.2,100,1009.5,8.4,13.7,73,21.2,229.0,7.5,222.0
VN_HoChiMinh,2026-09-16T06:00Z,32.5,57,22.8,38.7,0.0,49,1009.0,8.8,12.1,312,21.2,921.0,794.3,150.0
AT_Vienna,2026-09-16T07:00Z,15.9,84,13.2,16.7,0.0,6,992.6,1.4,1.7,108,8.6,256.0,591.8,69.0
BE_Brussels,2026-09-16T07:00Z,15.2,90,13.6,14.9,0.0,10,1013.8,10.2,22.7,289,25.2,104.0,281.4,54.0
DE_Berlin,2026-09-16T07:00Z,18.3,85,15.8,19.8,0.9,95,1006.9,3.1,8.6,300,16.9,146.0,245.6,81.0
DE_Hamburg,2026-09-16T07:00Z,15.8,95,15.0,16.2,0.0,63,1010.0,8.6,21.0,256,18.4,162.0,467.5,56.0
DE_Munich,2026-09-16T07:00Z,19.1,67,12.8,18.4,0.0,48,954.3,10.4,21.1,225,23.8,157.0,306.0,76.0
ES_Madrid,2026-09-16T07:00Z,18.9,60,11.1,16.8,0.0,9,942.0,16.6,27.7,42,40.7,61.0,313.9,24.0
FR_Paris,2026-09-16T07:00Z,15.1,79,11.5,14.3,0.0,15,1014.4,8.8,16.2,279,21.2,103.0,381.7,42.0
NL_Amsterdam,2026-09-16T07:00Z,15.5,89,13.7,15.3,0.1,49,1013.2,9.5,18.9,284,15.8,101.0,285.1,50.0
PL_Warsaw,2026-09-16T07:00Z,15.8,77,11.9,14.9,0.0,0,1001.5,10.1,19.9,168,24.8,286.0,638.8,70.0
US_BPAT_Portland,2026-09-16T07:00Z,15.0,78,11.1,14.5,0.0,2,1013.5,5.8,13.9,358,13.3,0.0,0.0,0.0
US_CISO_LosAngeles,2026-09-16T07:00Z,20.8,74,16.0,22.0,0.0,6,1003.5,5.6,8.7,158,13.3,0.0,0.0,0.0
US_CISO_SanFrancisco,2026-09-16T07:00Z,15.2,87,13.0,13.8,0.0,80,1011.0,15.8,24.1,220,34.2,0.0,0.0,0.0
US_ERCO_Dallas,2026-09-16T07:00Z,30.2,60,21.6,32.9,0.0,1,1003.3,13.7,23.4,167,30.6,0.0,0.0,0.0
US_ERCO_Houston,2026-09-16T07:00Z,26.9,92,25.4,33.4,0.0,5,1016.7,3.1,10.3,185,8.6,0.0,0.0,0.0
US_ISNE_Boston,2026-09-16T07:00Z,12.0,88,10.1,11.0,0.0,14,1027.1,7.0,17.4,220,13.7,0.0,0.0,0.0
US_MISO_Chicago,2026-09-16T07:00Z,21.5,94,20.5,24.1,0.8,100,992.1,10.3,18.3,5,22.0,0.0,0.0,0.0
US_NYIS_NewYork,2026-09-16T07:00Z,15.6,90,13.9,16.5,0.0,30,1024.5,2.2,11.3,217,7.2,0.0,0.0,0.0
US_PJM_Philadelphia,2026-09-16T07:00Z,15.8,87,13.6,16.6,0.0,24,1025.3,2.4,10.1,179,6.1,0.0,0.0,0.0
US_SWPP_OklahomaCity,2026-09-16T07:00Z,29.6,52,18.8,30.4,0.0,1,976.1,16.9,30.6,174,38.9,0.0,0.0,0.0
VN_DaNang,2026-09-16T07:00Z,29.8,74,24.6,34.9,0.0,100,1009.3,9.2,11.8,39,23.4,513.0,183.8,354.0
VN_HaNoi,2026-09-16T07:00Z,25.5,91,23.9,30.4,2.3,100,1008.0,7.9,12.6,76,18.0,170.0,0.0,170.0
VN_HoChiMinh,2026-09-16T07:00Z,32.7,54,22.3,38.0,0.0,61,1007.8,9.5,13.5,308,25.6,835.0,779.4,140.0
AT_Vienna,2026-09-16T08:00Z,17.7,75,13.2,18.4,0.0,15,992.9,2.4,3.2,142,11.9,413.0,710.3,85.0
BE_Brussels,2026-09-16T08:00Z,16.2,77,12.2,15.0,0.1,41,1014.1,12.6,19.7,283,30.2,267.0,564.7,80.0
DE_Berlin,2026-09-16T08:00Z,18.5,87,16.4,19.9,0.6,96,1007.0,5.9,9.2,312,18.7,181.0,144.3,123.0
DE_Hamburg,2026-09-16T08:00Z,16.9,85,14.5,16.9,0.0,53,1010.2,10.0,15.9,252,24.5,281.0,512.1,94.0
DE_Munich,2026-09-16T08:00Z,21.3,63,13.9,21.1,0.0,61,954.5,9.6,24.6,238,23.0,299.0,492.8,93.0
ES_Madrid,2026-09-16T08:00Z,19.9,58,11.5,17.6,0.0,85,941.8,19.2,31.2,40,45.4,221.0,541.5,64.0
FR_Paris,2026-09-16T08:00Z,16.6,71,11.3,15.3,0.0,17,1014.7,11.1,16.8,295,28.1,243.0,528.4,73.0
NL_Amsterdam,2026-09-16T08:00Z,16.6,82,13.6,16.4,0.1,33,1013.4,9.1,16.6,274,20.2,214.0,391.8,86.0
PL_Warsaw,2026-09-16T08:00Z,17.9,71,12.7,17.2,0.0,3,1001.3,10.8,17.2,165,27.7,425.0,740.3,81.0
US_BPAT_Portland,2026-09-16T08:00Z,14.5,80,11.1,13.8,0.0,0,1013.7,7.3,16.0,358,15.8,0.0,0.0,0.0
US_CISO_LosAngeles,2026-09-16T08:00Z,20.3,77,16.1,21.7,0.0,2,1003.8,4.5,8.1,143,13.3,0.0,0.0,0.0
US_CISO_SanFrancisco,2026-09-16T08:00Z,15.2,87,13.1,13.9,0.0,64,1011.2,15.2,24.2,219,32.8,0.0,0.0,0.0
US_ERCO_Dallas,2026-09-16T08:00Z,29.7,64,22.1,32.8,0.0,1,1003.4,12.7,22.0,177,29.5,0.0,0.0,0.0
US_ERCO_Houston,2026-09-16T08:00Z,26.8,92,25.3,33.5,0.0,3,1016.6,1.9,7.1,210,5.8,0.0,0.0,0.0
US_ISNE_Boston,2026-09-16T08:00Z,12.0,91,10.6,11.1,0.0,58,1026.5,7.5,18.1,225,14.4,0.0,0.0,0.0
US_MISO_Chicago,2026-09-16T08:00Z,21.2,87,19.0,22.3,0.5,93,991.6,15.2,25.9,29,28.8,0.0,0.0,0.0
US_NYIS_NewYork,2026-09-16T08:00Z,15.4,91,14.0,16.4,0.0,87,1024.3,1.8,10.6,227,4.3,0.0,0.0,0.0
US_PJM_Philadelphia,2026-09-16T08:00Z,15.7,88,13.8,16.6,0.0,26,1025.2,1.8,8.8,192,5.0,0.0,0.0,0.0
US_SWPP_OklahomaCity,2026-09-16T08:00Z,29.2,55,19.1,30.3,0.0,1,976.1,15.9,28.8,177,38.2,0.0,0.0,0.0
VN_DaNang,2026-09-16T08:00Z,29.5,75,24.5,34.5,0.0,97,1008.4,9.1,12.0,46,25.9,432.0,160.3,316.0
VN_HaNoi,2026-09-16T08:00Z,25.4,93,24.1,30.7,2.0,100,1007.1,5.9,10.4,80,14.8,95.0,0.0,95.0
VN_HoChiMinh,2026-09-16T08:00Z,32.4,56,22.4,37.0,0.0,62,1006.8,8.4,11.7,313,24.8,668.0,706.9,136.0
AT_Vienna,2026-09-16T09:00Z,19.3,70,13.7,20.0,0.0,44,992.8,3.2,4.5,146,14.4,495.0,622.5,135.0
BE_Brussels,2026-09-16T09:00Z,16.9,71,11.6,15.2,0.2,21,1014.2,14.5,21.9,279,34.9,374.0,585.7,102.0
DE_Berlin,2026-09-16T09:00Z,18.9,86,16.6,20.4,0.8,100,1007.6,5.1,7.5,291,17.6,236.0,97.3,186.0
DE_Hamburg,2026-09-16T09:00Z,17.8,77,13.8,17.0,0.1,24,1010.4,13.7,20.3,255,31.3,396.0,606.9,104.0
DE_Munich,2026-09-16T09:00Z,23.9,55,14.3,23.8,0.0,55,954.7,9.9,16.3,229,24.8,436.0,559.5,131.0
ES_Madrid,2026-09-16T09:00Z,21.1,55,11.6,19.1,0.0,81,942.2,16.8,26.4,38,45.7,255.0,182.7,170.0
FR_Paris,2026-09-16T09:00Z,17.9,62,10.5,16.4,0.0,25,1014.7,11.4,16.8,302,30.2,369.0,590.5,95.0
NL_Amsterdam,2026-09-16T09:00Z,15.4,86,13.1,14.4,1.4,100,1014.1,13.0,20.8,297,30.2,366.0,585.0,100.0
PL_Warsaw,2026-09-16T09:00Z,19.9,65,13.1,19.2,0.0,0,1000.9,11.4,17.2,170,30.6,533.0,786.6,91.0
US_BPAT_Portland,2026-09-16T09:00Z,14.0,83,11.1,13.2,0.0,0,1013.9,7.2,16.9,358,16.9,0.0,0.0,0.0
US_CISO_LosAngeles,2026-09-16T09:00Z,19.9,79,16.1,21.4,0.0,11,1003.6,3.8,7.8,124,11.5,0.0,0.0,0.0
US_CISO_SanFrancisco,2026-09-16T09:00Z,15.3,87,13.1,14.0,0.0,86,1011.1,15.2,24.0,214,31.0,0.0,0.0,0.0
US_ERCO_Dallas,2026-09-16T09:00Z,29.3,65,22.1,32.6,0.0,1,1003.8,11.3,20.0,183,27.0,0.0,0.0,0.0
US_ERCO_Houston,2026-09-16T09:00Z,26.6,93,25.3,33.4,0.0,13,1016.8,0.8,3.3,234,3.6,0.0,0.0,0.0
US_ISNE_Boston,2026-09-16T09:00Z,12.2,93,11.1,11.3,0.0,9,1026.2,8.2,19.1,232,15.8,0.0,0.0,0.0
US_MISO_Chicago,2026-09-16T09:00Z,21.0,82,17.8,21.8,0.0,99,992.2,13.4,23.4,37,29.2,0.0,0.0,0.0
US_NYIS_NewYork,2026-09-16T09:00Z,15.1,94,14.1,16.0,0.0,88,1024.5,2.9,10.6,251,6.1,0.0,0.0,0.0
US_PJM_Philadelphia,2026-09-16T09:00Z,15.6,89,13.9,16.7,0.0,84,1025.4,0.7,6.5,203,4.0,0.0,0.0,0.0
US_SWPP_OklahomaCity,2026-09-16T09:00Z,28.9,56,19.3,30.2,0.0,1,976.5,14.8,27.2,182,34.9,0.0,0.0,0.0
VN_DaNang,2026-09-16T09:00Z,29.5,73,24.2,34.3,0.0,93,1008.7,9.4,12.8,59,23.8,340.0,271.8,195.0
VN_HaNoi,2026-09-16T09:00Z,25.7,91,24.0,30.9,1.0,100,1007.0,6.0,9.2,87,18.0,158.0,12.6,151.0
VN_HoChiMinh,2026-09-16T09:00Z,32.1,58,22.7,36.4,0.0,73,1007.1,6.7,9.8,314,21.6,457.0,600.7,119.0
AT_Vienna,2026-09-16T10:00Z,21.0,65,14.1,21.9,0.0,70,992.4,4.2,6.0,141,15.8,590.0,688.7,137.0
BE_Brussels,2026-09-16T10:00Z,17.6,70,12.1,16.1,0.0,34,1014.4,14.6,21.8,285,36.7,468.0,612.3,120.0
DE_Berlin,2026-09-16T10:00Z,17.5,97,17.0,18.4,2.2,100,1007.6,10.2,16.9,287,20.2,50.0,0.0,50.0
DE_Hamburg,2026-09-16T10:00Z,18.2,70,12.6,16.7,0.2,21,1010.4,15.2,22.4,264,35.6,480.0,666.9,102.0
DE_Munich,2026-09-16T10:00Z,25.6,48,13.6,25.1,0.0,22,954.7,11.5,17.4,260,29.5,565.0,688.7,126.0
ES_Madrid,2026-09-16T10:00Z,22.8,48,11.3,20.5,0.0,71,942.5,18.4,28.2,36,44.6,385.0,255.3,229.0
FR_Paris,2026-09-16T10:00Z,19.2,53,9.5,17.4,0.1,24,1014.7,11.5,16.7,305,31.3,493.0,650.0,118.0
NL_Amsterdam,2026-09-16T10:00Z,16.2,83,13.3,15.5,0.5,34,1014.2,11.8,17.9,291,28.4,363.0,319.5,186.0
PL_Warsaw,2026-09-16T10:00Z,21.4,60,13.3,21.0,0.0,0,1000.4,11.8,17.3,172,31.7,603.0,818.3,93.0
US_BPAT_Portland,2026-09-16T10:00Z,13.5,85,11.0,12.6,0.0,0,1013.7,7.7,18.2,355,18.0,0.0,0.0,0.0
US_CISO_LosAngeles,2026-09-16T10:00Z,19.5,81,16.1,21.1,0.0,30,1003.3,2.7,7.8,122,9.7,0.0,0.0,0.0
US_CISO_SanFrancisco,2026-09-16T10:00Z,15.3,88,13.2,14.1,0.0,48,1010.7,15.1,24.0,213,30.6,0.0,0.0,0.0
US_ERCO_Dallas,2026-09-16T10:00Z,28.8,67,22.1,32.3,0.0,0,1004.2,9.9,17.7,186,24.5,0.0,0.0,0.0
US_ERCO_Houston,2026-09-16T10:00Z,26.2,95,25.3,32.8,0.0,13,1017.1,1.6,1.7,288,4.0,0.0,0.0,0.0
US_ISNE_Boston,2026-09-16T10:00Z,12.3,93,11.2,11.4,0.0,36,1026.4,9.3,20.7,230,17.6,0.0,0.0,0.0
US_MISO_Chicago,2026-09-16T10:00Z,21.1,80,17.5,22.0,0.0,100,992.8,11.5,20.6,39,25.9,0.0,0.0,0.0
US_NYIS_NewYork,2026-09-16T10:00Z,14.9,96,14.2,15.8,0.0,88,1024.9,3.1,11.4,252,5.4,0.0,0.0,0.0
US_PJM_Philadelphia,2026-09-16T10:00Z,15.6,91,14.1,16.8,0.0,34,1026.0,0.4,4.8,214,2.2,0.0,0.0,0.0
US_SWPP_OklahomaCity,2026-09-16T10:00Z,28.5,58,19.4,29.9,0.0,1,976.7,14.8,27.0,183,32.8,0.0,0.0,0.0
VN_DaNang,2026-09-16T10:00Z,29.0,75,24.2,34.3,0.0,41,1009.3,6.0,9.0,84,22.0,180.0,256.8,101.0
VN_HaNoi,2026-09-16T10:00Z,25.4,92,24.0,31.3,0.5,100,1007.0,1.6,3.7,76,12.2,86.0,0.0,86.0
VN_HoChiMinh,2026-09-16T10:00Z,31.5,63,23.5,36.6,0.0,16,1007.3,4.0,7.2,321,16.9,248.0,492.6,83.0
AT_Vienna,2026-09-16T11:00Z,22.6,60,14.5,23.9,0.0,31,992.0,5.1,7.5,143,17.6,642.0,715.5,145.0
BE_Brussels,2026-09-16T11:00Z,18.3,67,12.1,16.8,0.0,99,1014.6,14.6,21.5,288,39.6,534.0,545.7,187.0
DE_Berlin,2026-09-16T11:00Z,17.1,95,16.3,17.6,1.8,100,1007.8,11.6,18.3,298,28.4,155.0,26.8,138.0
DE_Hamburg,2026-09-16T11:00Z,18.2,66,11.8,16.4,0.2,37,1010.4,16.1,23.9,276,37.1,478.0,572.8,125.0
DE_Munich,2026-09-16T11:00Z,22.9,57,14.0,21.9,1.0,80,954.6,16.5,24.6,279,39.6,575.0,613.0,153.0
ES_Madrid,2026-09-16T11:00Z,25.1,39,10.3,22.7,0.0,55,942.2,16.9,25.6,42,45.7,533.0,400.3,246.0
FR_Paris,2026-09-16T11:00Z,20.3,49,9.1,18.4,0.2,34,1014.7,13.0,18.7,308,34.6,594.0,718.4,125.0
NL_Amsterdam,2026-09-16T11:00Z,15.7,84,13.0,14.7,0.7,71,1014.3,13.7,20.0,301,33.5,519.0,589.0,155.0
PL_Warsaw,2026-09-16T11:00Z,22.6,56,13.2,22.2,0.0,9,999.9,12.6,18.6,182,33.8,628.0,830.1,93.0
US_BPAT_Portland,2026-09-16T11:00Z,13.2,86,10.9,12.3,0.0,0,1013.7,8.3,18.7,359,19.4,0.0,0.0,0.0
US_CISO_LosAngeles,2026-09-16T11:00Z,19.2,82,16.1,21.0,0.0,42,1003.0,1.9,7.9,129,6.1,0.0,0.0,0.0
US_CISO_SanFrancisco,2026-09-16T11:00Z,15.2,89,13.4,14.1,0.0,33,1010.5,15.0,23.7,215,29.9,0.0,0.0,0.0
US_ERCO_Dallas,2026-09-16T11:00Z,28.3,69,22.0,31.9,0.0,0,1004.5,9.0,16.4,184,21.2,0.0,0.0,0.0
US_ERCO_Houston,2026-09-16T11:00Z,25.9,97,25.3,32.3,0.0,2,1017.3,3.8,4.2,355,6.8,0.0,0.0,0.0
US_ISNE_Boston,2026-09-16T11:00Z,12.7,92,11.5,11.8,0.0,73,1026.5,9.6,20.6,228,18.4,12.0,74.2,7.0
US_MISO_Chicago,2026-09-16T11:00Z,20.9,82,17.6,22.1,0.2,100,993.5,10.1,18.8,37,22.7,0.0,0.0,0.0
US_NYIS_NewYork,2026-09-16T11:00Z,14.8,99,14.6,15.7,0.0,36,1024.8,3.9,13.6,231,7.6,3.0,19.1,2.0
US_PJM_Philadelphia,2026-09-16T11:00Z,15.4,93,14.2,16.5,0.0,7,1026.2,1.9,5.4,195,3.6,2.0,0.0,2.0
US_SWPP_OklahomaCity,2026-09-16T11:00Z,28.1,60,19.7,29.6,0.0,3,977.0,14.9,27.2,184,33.1,0.0,0.0,0.0
VN_DaNang,2026-09-16T11:00Z,28.2,83,24.9,34.5,0.3,73,1009.4,2.4,5.4,132,13.0,30.0,84.3,20.0
VN_HaNoi,2026-09-16T11:00Z,25.1,96,24.3,31.0,0.4,100,1007.2,2.7,5.9,59,6.1,17.0,0.0,17.0
VN_HoChiMinh,2026-09-16T11:00Z,29.9,74,24.7,35.8,0.0,30,1007.8,4.3,10.4,330,9.0,48.0,181.7,24.0
AT_Vienna,2026-09-16T12:00Z,25.1,54,15.1,26.6,0.0,9,991.3,5.6,8.0,136,19.4,660.0,785.3,121.0
BE_Brussels,2026-09-16T12:00Z,16.5,72,11.5,14.7,0.0,68,1015.0,15.1,22.1,285,39.6,414.0,203.8,279.0
DE_Berlin,2026-09-16T12:00Z,17.1,93,15.9,17.3,0.4,100,1008.3,11.7,17.8,308,24.8,111.0,0.0,111.0
DE_Hamburg,2026-09-16T12:00Z,18.5,63,11.4,16.7,0.2,66,1010.5,15.4,22.8,284,37.8,500.0,584.6,134.0
DE_Munich,2026-09-16T12:00Z,20.5,78,16.6,21.1,0.4,94,954.5,11.4,23.3,266,37.1,461.0,372.8,202.0
ES_Madrid,2026-09-16T12:00Z,27.3,34,10.1,26.2,0.0,61,941.8,14.9,21.5,40,43.2,747.0,744.9,169.0
FR_Paris,2026-09-16T12:00Z,21.0,49,9.8,19.3,0.0,30,1014.8,11.4,16.2,308,34.9,558.0,600.2,146.0
NL_Amsterdam,2026-09-16T12:00Z,17.3,74,12.7,16.3,1.0,12,1014.7,12.7,19.1,286,34.9,554.0,635.3,146.0
PL_Warsaw,2026-09-16T12:00Z,24.0,47,12.1,22.9,0.0,23,999.1,13.0,19.1,188,35.3,597.0,788.2,105.0
US_BPAT_Portland,2026-09-16T12:00Z,12.5,89,10.7,11.9,0.0,4,1014.2,5.3,15.3,4,19.4,0.0,0.0,0.0
US_CISO_LosAngeles,2026-09-16T12:00Z,19.3,81,16.0,20.7,0.0,34,1003.4,4.6,11.5,131,4.7,0.0,0.0,0.0
US_CISO_SanFrancisco,2026-09-16T12:00Z,15.1,90,13.4,13.8,0.0,16,1010.7,16.0,25.8,211,31.3,0.0,0.0,0.0
US_ERCO_Dallas,2026-09-16T12:00Z,27.3,72,21.9,31.0,0.0,0,1005.5,7.8,15.1,181,19.4,0.0,0.0,0.0
US_ERCO_Houston,2026-09-16T12:00Z,25.2,96,24.5,30.9,0.0,16,1018.0,4.8,6.5,39,10.8,0.0,0.0,0.0
US_ISNE_Boston,2026-09-16T12:00Z,13.6,91,12.1,12.8,0.0,50,1026.7,10.0,22.1,224,20.2,91.0,188.5,55.0
US_MISO_Chicago,2026-09-16T12:00Z,20.4,87,18.2,21.8,0.6,100,993.7,10.3,20.0,47,22.7,2.0,0.0,2.0
US_NYIS_NewYork,2026-09-16T12:00Z,15.8,93,14.7,16.6,0.0,100,1025.3,5.0,14.3,236,10.4,89.0,294.0,43.0
US_PJM_Philadelphia,2026-09-16T12:00Z,16.3,90,14.7,17.4,0.0,2,1026.6,2.6,7.6,187,9.4,91.0,385.5,36.0
US_SWPP_OklahomaCity,2026-09-16T12:00Z,27.3,64,19.9,28.9,0.0,2,977.7,14.9,28.2,192,33.5,0.0,0.0,0.0
VN_DaNang,2026-09-16T12:00Z,27.8,88,25.6,34.4,0.4,95,1010.1,3.6,5.1,234,13.7,0.0,0.0,0.0
VN_HaNoi,2026-09-16T12:00Z,25.0,95,24.1,30.3,0.2,95,1007.9,6.1,12.6,66,5.8,0.0,0.0,0.0
VN_HoChiMinh,2026-09-16T12:00Z,26.8,97,26.3,33.5,0.1,92,1009.4,6.6,7.0,89,14.8,0.0,0.0,0.0
AT_Vienna,2026-09-16T13:00Z,26.1,51,15.2,27.1,0.0,21,990.5,6.6,9.8,140,19.1,584.0,749.8,109.0
BE_Brussels,2026-09-16T13:00Z,18.0,62,10.6,15.6,1.4,50,1014.6,17.3,25.6,290,40.3,542.0,597.4,156.0
DE_Berlin,2026-09-16T13:00Z,17.0,87,14.9,17.3,0.1,98,1008.5,9.5,14.2,305,27.0,124.0,3.4,122.0
DE_Hamburg,2026-09-16T13:00Z,16.8,77,12.8,15.2,1.2,71,1010.9,16.8,24.7,280,37.1,445.0,485.2,156.0
DE_Munich,2026-09-16T13:00Z,19.1,88,17.2,20.2,3.6,93,955.3,10.1,15.7,279,41.4,366.0,280.5,182.0
ES_Madrid,2026-09-16T13:00Z,28.3,32,9.8,27.1,0.0,14,941.2,15.0,22.0,37,40.3,752.0,705.4,199.0
FR_Paris,2026-09-16T13:00Z,21.5,45,9.0,19.7,0.0,24,1014.2,11.1,15.7,306,31.3,564.0,615.8,148.0
NL_Amsterdam,2026-09-16T13:00Z,17.6,71,12.3,16.1,0.2,38,1014.7,14.6,22.3,305,35.3,520.0,630.3,126.0
PL_Warsaw,2026-09-16T13:00Z,24.1,41,10.2,22.2,0.0,18,998.6,13.4,20.0,194,34.9,526.0,752.2,102.0
US_BPAT_Portland,2026-09-16T13:00Z,12.3,90,10.6,11.4,0.0,3,1014.6,7.1,17.5,3,15.5,0.0,0.0,0.0
US_CISO_LosAngeles,2026-09-16T13:00Z,19.4,81,16.1,21.0,0.0,82,1003.8,3.4,10.6,132,10.4,0.0,0.0,0.0
US_CISO_SanFrancisco,2026-09-16T13:00Z,15.0,90,13.3,13.8,0.0,12,1011.1,15.4,25.0,216,31.7,0.0,0.0,0.0
US_ERCO_Dallas,2026-09-16T13:00Z,27.8,71,22.0,31.6,0.0,0,1006.1,7.3,12.4,178,16.9,32.0,165.0,15.0
US_ERCO_Houston,2026-09-16T13:00Z,26.2,93,24.9,32.0,0.0,16,1018.6,5.9,12.0,54,12.2,44.0,206.5,20.0
US_ISNE_Boston,2026-09-16T13:00Z,15.9,83,13.1,15.7,0.0,13,1026.4,8.5,18.6,220,20.2,220.0,315.2,103.0
US_MISO_Chicago,2026-09-16T13:00Z,20.6,88,18.6,22.3,2.2,100,993.9,10.4,20.1,61,20.5,20.0,0.0,20.0
US_NYIS_NewYork,2026-09-16T13:00Z,16.7,88,14.7,17.7,0.0,100,1025.2,3.9,13.4,229,10.8,78.0,0.0,78.0
US_PJM_Philadelphia,2026-09-16T13:00Z,18.5,81,15.2,19.8,0.0,47,1026.7,3.1,6.8,202,12.2,269.0,604.8,67.0
US_SWPP_OklahomaCity,2026-09-16T13:00Z,27.2,64,19.9,28.8,0.0,2,978.4,14.5,27.4,192,32.4,28.0,145.4,14.0
VN_DaNang,2026-09-16T13:00Z,27.1,94,26.1,33.9,0.6,83,1010.7,4.5,7.8,218,9.4,0.0,0.0,0.0
VN_HaNoi,2026-09-16T13:00Z,24.8,96,24.1,30.1,2.2,99,1008.4,6.0,11.5,61,13.0,0.0,0.0,0.0
VN_HoChiMinh,2026-09-16T13:00Z,26.7,97,26.2,33.5,0.2,96,1009.7,5.0,6.0,170,13.3,0.0,0.0,0.0
AT_Vienna,2026-09-16T14:00Z,26.5,48,14.5,26.7,0.0,41,989.8,9.0,13.6,146,22.3,484.0,715.2,98.0
BE_Brussels,2026-09-16T14:00Z,17.8,64,10.9,15.9,0.7,21,1014.7,15.2,23.2,288,41.0,344.0,328.2,151.0
DE_Berlin,2026-09-16T14:00Z,17.9,77,13.9,18.1,0.0,97,1008.3,7.6,11.2,286,22.3,212.0,89.0,166.0
DE_Hamburg,2026-09-16T14:00Z,16.8,80,13.4,15.9,0.3,35,1010.9,13.2,19.9,282,37.4,370.0,432.7,142.0
DE_Munich,2026-09-16T14:00Z,19.0,79,15.4,18.7,1.3,88,954.9,14.4,22.8,301,32.4,279.0,268.0,125.0
ES_Madrid,2026-09-16T14:00Z,27.4,32,9.3,25.8,0.0,63,940.9,15.7,23.3,39,42.5,728.0,833.2,111.0
FR_Paris,2026-09-16T14:00Z,21.8,43,8.7,19.8,0.0,13,1013.9,11.5,16.5,304,32.0,573.0,737.7,115.0
NL_Amsterdam,2026-09-16T14:00Z,16.9,69,11.1,15.2,0.2,64,1014.8,13.6,20.9,305,34.6,432.0,517.9,138.0
PL_Warsaw,2026-09-16T14:00Z,24.0,42,10.2,22.2,0.0,43,998.5,12.6,19.5,201,34.6,422.0,712.9,89.0
US_BPAT_Portland,2026-09-16T14:00Z,12.4,87,10.4,10.9,0.0,2,1015.1,10.8,24.3,354,23.4,0.0,0.0,0.0
US_CISO_LosAngeles,2026-09-16T14:00Z,19.6,80,16.2,21.2,0.0,73,1004.4,3.6,9.3,134,7.9,3.0,0.0,3.0
US_CISO_SanFrancisco,2026-09-16T14:00Z,14.8,91,13.4,13.6,0.0,15,1011.6,15.5,25.0,218,30.6,0.0,0.0,0.0
US_ERCO_Dallas,2026-09-16T14:00Z,29.2,65,21.9,32.9,0.0,0,1006.3,7.8,11.5,190,21.6,200.0,518.7,61.0
US_ERCO_Houston,2026-09-16T14:00Z,28.5,83,25.4,34.8,0.0,3,1019.0,5.0,8.9,52,14.4,224.0,528.0,68.0
US_ISNE_Boston,2026-09-16T14:00Z,18.7,74,13.9,18.7,0.0,0,1026.3,9.1,13.9,223,24.1,476.0,738.4,86.0
US_MISO_Chicago,2026-09-16T14:00Z,21.0,89,19.2,23.0,0.5,100,994.3,9.8,16.1,74,19.1,72.0,0.0,72.0
US_NYIS_NewYork,2026-09-16T14:00Z,18.2,82,15.0,19.2,0.0,23,1025.4,4.5,8.7,227,13.7,176.0,88.1,131.0
US_PJM_Philadelphia,2026-09-16T14:00Z,20.9,71,15.4,21.7,0.0,70,1026.7,6.7,10.1,209,19.4,455.0,723.5,90.0
US_SWPP_OklahomaCity,2026-09-16T14:00Z,28.2,60,19.8,30.0,0.0,1,978.8,13.5,22.9,185,32.8,183.0,502.3,56.0
VN_DaNang,2026-09-16T14:00Z,26.7,98,26.3,33.4,0.1,66,1011.4,6.1,10.0,237,12.2,0.0,0.0,0.0
VN_HaNoi,2026-09-16T14:00Z,24.9,95,24.1,30.1,1.2,100,1009.1,6.0,11.5,50,10.1,0.0,0.0,0.0
VN_HoChiMinh,2026-09-16T14:00Z,26.7,97,26.2,33.3,0.0,98,1010.5,6.1,11.8,203,11.2,0.0,0.0,0.0
AT_Vienna,2026-09-16T15:00Z,26.1,49,14.5,26.2,0.0,70,989.4,9.1,16.2,153,22.7,341.0,617.6,87.0
BE_Brussels,2026-09-16T15:00Z,18.3,58,9.8,15.9,0.1,17,1014.6,16.0,24.3,289,38.5,407.0,629.8,97.0
DE_Berlin,2026-09-16T15:00Z,18.6,71,13.2,18.2,0.0,54,1008.2,9.3,14.0,282,22.3,270.0,342.9,131.0
DE_Hamburg,2026-09-16T15:00Z,17.3,77,13.3,16.2,0.1,90,1010.7,14.5,21.6,285,35.3,338.0,539.2,109.0
DE_Munich,2026-09-16T15:00Z,18.9,82,15.8,19.3,0.9,76,955.4,10.1,15.6,303,33.1,237.0,230.1,132.0
ES_Madrid,2026-09-16T15:00Z,26.5,34,9.5,24.2,0.3,70,941.1,14.5,21.7,34,42.5,436.0,421.0,163.0
FR_Paris,2026-09-16T15:00Z,21.7,42,8.2,19.4,0.0,22,1013.7,12.4,17.9,299,32.8,454.0,676.8,98.0
NL_Amsterdam,2026-09-16T15:00Z,17.1,70,11.6,16.1,0.2,34,1014.8,9.7,15.1,293,33.1,307.0,405.2,115.0
PL_Warsaw,2026-09-16T15:00Z,23.6,48,11.9,22.8,0.0,82,997.7,9.5,15.3,196,31.7,285.0,621.7,73.0
US_BPAT_Portland,2026-09-16T15:00Z,13.3,83,10.5,11.7,0.0,1,1015.5,11.9,25.3,354,26.6,61.0,291.2,27.0
US_CISO_LosAngeles,2026-09-16T15:00Z,20.6,76,16.2,22.1,0.0,81,1004.9,4.5,7.8,140,12.6,78.0,136.8,54.0
US_CISO_SanFrancisco,2026-09-16T15:00Z,15.5,86,13.2,14.1,0.0,20,1012.3,16.2,23.4,224,37.4,72.0,317.6,31.0
US_ERCO_Dallas,2026-09-16T15:00Z,31.2,55,21.0,34.5,0.0,0,1006.6,7.1,9.9,189,22.3,405.0,687.6,84.0
US_ERCO_Houston,2026-09-16T15:00Z,30.5,71,24.6,36.1,0.0,16,1019.2,5.9,8.1,66,18.4,432.0,684.3,91.0
US_ISNE_Boston,2026-09-16T15:00Z,20.9,67,14.6,21.3,0.0,4,1026.0,10.4,15.2,226,27.4,623.0,824.8,86.0
US_MISO_Chicago,2026-09-16T15:00Z,21.9,81,18.6,23.5,0.0,94,994.8,10.7,16.0,60,24.5,214.0,110.3,157.0
US_NYIS_NewYork,2026-09-16T15:00Z,20.7,71,15.3,21.4,0.0,7,1025.4,7.1,10.8,226,21.2,488.0,479.4,179.0
US_PJM_Philadelphia,2026-09-16T15:00Z,22.6,67,16.0,23.5,0.0,10,1026.4,8.6,12.5,219,24.8,575.0,717.5,114.0
US_SWPP_OklahomaCity,2026-09-16T15:00Z,30.0,52,19.2,31.3,0.0,6,979.1,14.7,23.0,192,35.3,387.0,687.5,80.0
VN_DaNang,2026-09-16T15:00Z,26.4,98,26.0,33.0,0.0,34,1011.6,5.6,11.8,223,12.2,0.0,0.0,0.0
VN_HaNoi,2026-09-16T15:00Z,24.7,96,24.1,30.2,1.7,100,1009.5,3.8,9.7,40,11.5,0.0,0.0,0.0
VN_HoChiMinh,2026-09-16T15:00Z,26.6,95,25.8,32.9,0.1,99,1010.8,6.5,12.0,198,15.8,0.0,0.0,0.0
AT_Vienna,2026-09-16T16:00Z,24.5,57,15.3,25.0,0.0,43,989.4,8.4,18.7,148,20.5,152.0,307.4,73.0
BE_Brussels,2026-09-16T16:00Z,17.9,59,9.7,15.6,0.0,11,1014.7,15.1,23.3,291,38.2,299.0,608.1,77.0
DE_Berlin,2026-09-16T16:00Z,18.4,69,12.7,17.7,0.1,64,1008.3,10.1,17.3,282,23.8,202.0,458.1,79.0
DE_Hamburg,2026-09-16T16:00Z,16.4,78,12.7,15.3,0.7,18,1010.8,13.0,21.2,280,36.0,167.0,273.8,86.0
DE_Munich,2026-09-16T16:00Z,17.8,85,15.3,17.6,0.8,89,955.8,13.5,22.9,296,27.4,148.0,194.1,88.0
ES_Madrid,2026-09-16T16:00Z,26.3,32,8.3,23.4,0.2,95,940.7,16.3,24.9,45,39.2,295.0,299.6,141.0
FR_Paris,2026-09-16T16:00Z,21.2,43,8.0,18.8,0.0,34,1013.6,13.0,19.3,298,32.8,293.0,515.7,88.0
NL_Amsterdam,2026-09-16T16:00Z,16.4,72,11.3,15.3,0.4,59,1014.8,9.9,16.8,283,25.2,235.0,448.6,78.0
PL_Warsaw,2026-09-16T16:00Z,22.3,57,13.5,22.1,0.0,98,997.4,9.0,16.8,197,22.7,103.0,180.5,68.0
US_BPAT_Portland,2026-09-16T16:00Z,15.1,75,10.7,13.9,0.0,0,1015.5,9.6,19.8,359,24.5,222.0,562.7,63.0
US_CISO_LosAngeles,2026-09-16T16:00Z,21.8,70,16.0,22.9,0.0,83,1004.9,6.6,9.4,154,19.1,191.0,228.8,104.0
US_CISO_SanFrancisco,2026-09-16T16:00Z,16.2,81,12.9,14.5,0.0,37,1012.5,17.4,23.7,238,41.8,250.0,539.2,81.0
US_ERCO_Dallas,2026-09-16T16:00Z,33.2,45,19.7,36.1,0.0,0,1006.8,7.2,10.1,186,24.1,592.0,777.4,98.0
US_ERCO_Houston,2026-09-16T16:00Z,31.7,63,23.7,36.8,0.0,12,1019.4,7.2,10.0,77,22.0,591.0,702.9,121.0
US_ISNE_Boston,2026-09-16T16:00Z,22.5,64,15.3,23.7,0.0,15,1025.5,10.6,15.3,231,28.4,704.0,825.6,100.0
US_MISO_Chicago,2026-09-16T16:00Z,22.3,79,18.5,23.9,0.0,64,994.7,10.5,14.9,38,26.3,349.0,147.3,254.0
US_NYIS_NewYork,2026-09-16T16:00Z,22.6,64,15.5,24.2,0.0,4,1024.7,7.3,10.7,221,23.0,692.0,779.7,118.0
US_PJM_Philadelphia,2026-09-16T16:00Z,24.0,62,16.4,25.8,0.0,2,1025.7,8.0,11.5,215,24.5,686.0,756.9,127.0
US_SWPP_OklahomaCity,2026-09-16T16:00Z,31.8,46,18.8,33.0,0.0,2,979.6,14.7,22.3,196,36.7,564.0,757.2,101.0
VN_DaNang,2026-09-16T16:00Z,26.4,91,24.9,32.4,0.0,60,1011.1,4.3,10.7,216,12.6,0.0,0.0,0.0
VN_HaNoi,2026-09-16T16:00Z,24.6,97,24.1,30.2,4.8,100,1009.4,3.3,8.0,54,7.9,0.0,0.0,0.0
VN_HoChiMinh,2026-09-16T16:00Z,26.5,95,25.6,33.4,0.0,99,1010.4,1.6,3.0,166,12.6,0.0,0.0,0.0
AT_Vienna,2026-09-16T17:00Z,22.7,63,15.4,23.2,0.0,43,988.8,9.3,22.1,159,19.1,49.0,229.6,25.0
BE_Brussels,2026-09-16T17:00Z,17.0,64,10.2,15.3,0.0,5,1014.5,12.0,20.3,293,36.4,153.0,464.6,53.0
DE_Berlin,2026-09-16T17:00Z,17.2,75,12.8,17.1,0.0,41,1008.3,6.9,15.7,271,21.2,61.0,190.2,39.0
DE_Hamburg,2026-09-16T17:00Z,16.0,78,12.1,14.7,0.0,59,1010.7,12.9,23.1,283,27.0,86.0,281.5,44.0
DE_Munich,2026-09-16T17:00Z,16.8,89,15.1,16.7,0.5,98,955.9,12.3,21.7,298,27.7,60.0,139.9,40.0
ES_Madrid,2026-09-16T17:00Z,24.3,39,9.6,21.5,0.0,59,940.9,18.6,29.0,30,47.2,198.0,282.8,100.0
FR_Paris,2026-09-16T17:00Z,20.7,45,8.3,18.4,0.0,24,1013.4,12.4,18.7,301,32.4,153.0,352.3,67.0
NL_Amsterdam,2026-09-16T17:00Z,15.3,81,12.1,14.6,0.4,61,1014.6,8.8,17.9,276,21.2,104.0,249.2,53.0
PL_Warsaw,2026-09-16T17:00Z,21.1,63,13.8,20.8,0.0,24,997.1,10.3,20.3,203,20.5,14.0,13.5,13.0
US_BPAT_Portland,2026-09-16T17:00Z,17.8,63,10.6,16.4,0.0,0,1015.5,10.5,17.1,4,26.3,393.0,709.9,79.0
US_CISO_LosAngeles,2026-09-16T17:00Z,23.4,60,15.2,24.0,0.0,59,1005.1,7.4,10.3,149,22.3,341.0,272.9,188.0
US_CISO_SanFrancisco,2026-09-16T17:00Z,16.6,78,12.7,14.7,0.0,83,1013.0,18.4,24.9,247,45.7,401.0,533.2,138.0
US_ERCO_Dallas,2026-09-16T17:00Z,35.0,39,19.0,38.3,0.0,5,1006.5,7.6,10.5,188,27.0,736.0,826.4,106.0
US_ERCO_Houston,2026-09-16T17:00Z,32.8,56,22.8,38.1,0.1,20,1019.2,7.8,10.6,94,24.1,734.0,756.1,133.0
US_ISNE_Boston,2026-09-16T17:00Z,23.7,61,15.9,25.4,0.0,22,1024.5,10.1,14.3,216,28.1,743.0,840.1,101.0
US_MISO_Chicago,2026-09-16T17:00Z,23.2,76,18.6,25.7,0.0,27,994.9,9.3,12.6,48,27.0,679.0,725.5,149.0
US_NYIS_NewYork,2026-09-16T17:00Z,23.9,61,16.0,25.9,0.0,5,1023.9,8.2,11.8,220,24.8,746.0,814.7,111.0
US_PJM_Philadelphia,2026-09-16T17:00Z,25.2,59,16.6,27.6,0.0,1,1025.2,7.7,11.1,217,24.1,765.0,837.0,107.0
US_SWPP_OklahomaCity,2026-09-16T17:00Z,33.7,40,18.2,35.5,0.0,0,979.6,13.9,20.6,201,36.7,711.0,825.6,103.0
VN_DaNang,2026-09-16T17:00Z,26.1,93,25.0,32.1,0.0,74,1010.6,4.5,9.7,214,10.4,0.0,0.0,0.0
VN_HaNoi,2026-09-16T17:00Z,24.6,98,24.2,29.9,2.1,100,1008.6,5.7,11.3,61,9.0,0.0,0.0,0.0
VN_HoChiMinh,2026-09-16T17:00Z,26.4,95,25.6,33.4,0.1,99,1009.9,1.0,1.3,135,4.7,0.0,0.0,0.0
AT_Vienna,2026-09-16T18:00Z,22.4,62,14.7,22.3,0.0,34,988.9,10.8,25.2,171,19.4,0.0,0.0,0.0
BE_Brussels,2026-09-16T18:00Z,15.5,71,10.2,14.2,0.0,20,1015.2,9.3,18.2,293,26.3,30.0,190.0,14.0
DE_Berlin,2026-09-16T18:00Z,15.6,82,12.5,15.1,0.0,83,1008.7,8.9,18.9,249,15.1,2.0,0.0,2.0
DE_Hamburg,2026-09-16T18:00Z,15.3,82,12.2,14.2,0.0,51,1011.2,12.1,22.4,275,27.0,7.0,38.2,5.0
DE_Munich,2026-09-16T18:00Z,15.5,93,14.4,15.2,0.1,100,956.4,11.3,20.8,299,24.5,2.0,0.0,2.0
ES_Madrid,2026-09-16T18:00Z,24.0,38,8.7,20.8,0.0,64,941.1,19.5,31.2,44,45.0,91.0,241.6,53.0
FR_Paris,2026-09-16T18:00Z,19.7,48,8.5,17.6,0.0,6,1014.0,11.3,19.0,307,29.5,42.0,224.1,20.0
NL_Amsterdam,2026-09-16T18:00Z,14.9,83,12.0,14.1,0.5,20,1014.9,9.5,19.9,274,15.1,25.0,138.2,14.0
PL_Warsaw,2026-09-16T18:00Z,20.3,64,13.2,19.8,0.0,80,997.2,9.8,20.9,213,20.2,0.0,0.0,0.0
US_BPAT_Portland,2026-09-16T18:00Z,20.3,53,10.5,19.0,0.0,0,1015.5,9.7,14.2,360,30.6,542.0,791.0,88.0
US_CISO_LosAngeles,2026-09-16T18:00Z,24.4,54,14.5,24.6,0.0,48,1006.2,8.1,11.1,143,24.8,467.0,370.5,206.0
US_CISO_SanFrancisco,2026-09-16T18:00Z,16.5,76,12.2,14.4,0.0,98,1014.3,19.3,26.1,250,50.0,558.0,589.5,180.0
US_ERCO_Dallas,2026-09-16T18:00Z,36.2,35,18.1,39.9,0.0,12,1006.5,5.8,7.8,185,27.0,810.0,830.9,113.0
US_ERCO_Houston,2026-09-16T18:00Z,32.4,55,22.3,37.4,0.3,52,1019.5,9.3,13.0,101,25.9,776.0,715.2,155.0
US_ISNE_Boston,2026-09-16T18:00Z,24.9,57,15.9,26.6,0.0,65,1024.2,9.1,12.6,223,27.4,717.0,822.3,103.0
US_MISO_Chicago,2026-09-16T18:00Z,23.2,76,18.8,26.1,0.0,100,995.2,9.0,12.5,44,29.5,703.0,718.3,151.0
US_NYIS_NewYork,2026-09-16T18:00Z,25.2,58,16.5,27.4,0.0,2,1023.3,8.4,11.7,216,26.3,750.0,841.3,101.0
US_PJM_Philadelphia,2026-09-16T18:00Z,26.3,56,16.9,28.7,0.0,0,1024.6,8.8,12.2,207,24.8,758.0,836.4,104.0
US_SWPP_OklahomaCity,2026-09-16T18:00Z,36.0,30,15.7,37.3,0.0,14,979.6,13.5,19.7,207,36.7,800.0,855.0,105.0
VN_DaNang,2026-09-16T18:00Z,26.5,94,25.4,32.8,0.0,94,1010.0,4.6,10.3,209,10.4,0.0,0.0,0.0
VN_HaNoi,2026-09-16T18:00Z,25.0,96,24.2,30.3,1.1,100,1008.2,6.1,12.7,83,9.7,0.0,0.0,0.0
VN_HoChiMinh,2026-09-16T18:00Z,26.8,95,26.0,33.6,0.1,100,1009.6,4.3,10.6,273,4.3,0.0,0.0,0.0
AT_Vienna,2026-09-16T19:00Z,21.4,65,14.6,21.3,0.0,100,989.3,10.8,24.4,213,21.6,0.0,0.0,0.0
BE_Brussels,2026-09-16T19:00Z,14.9,76,10.8,14.3,0.0,14,1015.1,5.5,13.6,277,18.7,0.0,0.0,0.0
DE_Berlin,2026-09-16T19:00Z,15.6,84,12.9,15.2,0.2,97,1008.9,9.3,19.2,242,20.5,0.0,0.0,0.0
DE_Hamburg,2026-09-16T19:00Z,14.7,84,12.1,13.4,0.0,42,1011.6,13.3,24.4,281,27.4,0.0,0.0,0.0
DE_Munich,2026-09-16T19:00Z,15.2,95,14.4,15.2,1.7,100,957.1,9.6,18.3,284,23.4,0.0,0.0,0.0
ES_Madrid,2026-09-16T19:00Z,22.4,42,8.7,19.2,0.0,23,941.9,19.6,31.7,47,46.1,4.0,19.1,3.0
FR_Paris,2026-09-16T19:00Z,18.8,52,8.7,16.9,0.0,5,1014.3,9.9,18.1,313,24.5,0.0,0.0,0.0
NL_Amsterdam,2026-09-16T19:00Z,14.4,86,12.1,13.8,0.0,19,1014.9,8.1,19.4,276,17.6,0.0,0.0,0.0
PL_Warsaw,2026-09-16T19:00Z,19.9,65,13.1,19.4,0.0,70,996.9,9.8,20.9,222,19.4,0.0,0.0,0.0
US_BPAT_Portland,2026-09-16T19:00Z,22.4,46,10.1,21.2,0.0,0,1015.0,12.5,18.1,10,32.4,651.0,833.2,94.0
US_CISO_LosAngeles,2026-09-16T19:00Z,25.8,48,13.9,25.8,0.0,52,1005.6,7.9,10.7,149,24.5,514.0,290.6,281.0
US_CISO_SanFrancisco,2026-09-16T19:00Z,16.6,75,12.2,14.7,0.0,100,1014.4,19.5,26.4,249,49.3,608.0,485.8,245.0
US_ERCO_Dallas,2026-09-16T19:00Z,37.4,31,17.5,40.6,0.1,30,1005.8,6.5,8.7,167,23.8,805.0,768.9,144.0
US_ERCO_Houston,2026-09-16T19:00Z,33.8,50,21.8,38.4,0.0,13,1018.5,7.6,10.7,98,24.8,717.0,570.2,213.0
US_ISNE_Boston,2026-09-16T19:00Z,25.5,57,16.3,26.9,0.0,84,1023.7,8.7,12.3,226,24.5,637.0,776.3,109.0
US_MISO_Chicago,2026-09-16T19:00Z,22.1,81,18.7,24.0,0.7,100,994.8,9.1,13.0,27,22.3,254.0,63.5,206.0
US_NYIS_NewYork,2026-09-16T19:00Z,26.0,57,16.8,28.0,0.0,83,1022.6,7.3,10.5,207,24.1,676.0,805.4,102.0
US_PJM_Philadelphia,2026-09-16T19:00Z,26.9,55,17.1,28.9,0.0,4,1023.8,9.2,13.3,207,26.3,696.0,823.3,98.0
US_SWPP_OklahomaCity,2026-09-16T19:00Z,36.9,27,15.1,38.0,0.0,7,979.0,12.1,17.7,197,35.3,778.0,780.4,126.0
VN_DaNang,2026-09-16T19:00Z,26.3,94,25.2,32.5,0.0,98,1009.6,4.3,9.8,210,10.4,0.0,0.0,0.0
VN_HaNoi,2026-09-16T19:00Z,24.6,96,24.0,29.9,2.4,100,1007.7,5.5,12.3,95,10.4,0.0,0.0,0.0
VN_HoChiMinh,2026-09-16T19:00Z,26.1,98,25.8,32.9,0.0,99,1008.9,3.2,6.9,327,11.5,0.0,0.0,0.0
AT_Vienna,2026-09-16T20:00Z,20.4,79,16.7,19.8,0.1,100,990.4,20.1,35.3,291,45.0,0.0,0.0,0.0
BE_Brussels,2026-09-16T20:00Z,14.5,78,10.7,13.6,0.0,5,1015.1,7.7,16.5,250,15.1,0.0,0.0,0.0
DE_Berlin,2026-09-16T20:00Z,15.3,81,12.2,14.6,0.0,53,1009.1,9.3,20.2,269,17.6,0.0,0.0,0.0
DE_Hamburg,2026-09-16T20:00Z,14.1,88,12.1,12.7,0.0,5,1011.9,13.7,25.0,270,28.4,0.0,0.0,0.0
DE_Munich,2026-09-16T20:00Z,15.0,95,14.2,15.0,0.6,100,957.5,9.5,17.2,254,18.7,0.0,0.0,0.0
ES_Madrid,2026-09-16T20:00Z,21.2,43,8.3,18.0,0.0,1,942.3,19.1,30.8,44,45.4,0.0,0.0,0.0
FR_Paris,2026-09-16T20:00Z,17.7,57,9.0,16.1,0.0,1,1014.5,8.8,16.8,311,22.3,0.0,0.0,0.0
NL_Amsterdam,2026-09-16T20:00Z,14.0,88,12.1,13.7,0.0,15,1014.9,6.3,17.6,277,15.8,0.0,0.0,0.0
PL_Warsaw,2026-09-16T20:00Z,19.4,68,13.3,19.1,0.0,83,996.7,8.8,19.1,223,18.7,0.0,0.0,0.0
US_BPAT_Portland,2026-09-16T20:00Z,23.9,41,10.0,22.7,0.0,0,1014.3,14.1,20.1,15,35.6,710.0,852.0,97.0
US_CISO_LosAngeles,2026-09-16T20:00Z,26.5,45,13.5,26.8,0.0,26,1004.8,8.4,11.2,165,26.3,630.0,378.2,310.0
US_CISO_SanFrancisco,2026-09-16T20:00Z,17.0,73,12.1,15.3,0.0,100,1014.2,20.2,27.1,253,51.1,671.0,450.2,309.0
US_ERCO_Dallas,2026-09-16T20:00Z,37.5,31,17.4,40.0,0.2,32,1005.0,8.0,11.0,154,26.3,717.0,691.0,148.0
US_ERCO_Houston,2026-09-16T20:00Z,34.3,47,21.3,38.5,0.2,25,1017.6,9.7,13.4,105,27.7,757.0,730.3,143.0
US_ISNE_Boston,2026-09-16T20:00Z,25.5,58,16.6,26.5,0.0,43,1023.3,8.6,12.2,223,23.4,483.0,585.1,150.0
US_MISO_Chicago,2026-09-16T20:00Z,21.7,83,18.8,23.9,0.3,100,994.6,7.1,10.2,14,22.3,146.0,2.9,144.0
US_NYIS_NewYork,2026-09-16T20:00Z,26.2,57,16.9,27.5,0.0,73,1022.1,7.1,10.2,193,22.7,489.0,525.3,170.0
US_PJM_Philadelphia,2026-09-16T20:00Z,27.0,56,17.4,28.4,0.0,42,1023.3,9.3,13.4,209,25.6,579.0,780.1,93.0
US_SWPP_OklahomaCity,2026-09-16T20:00Z,37.1,26,14.7,37.8,0.0,7,978.4,13.9,20.2,192,36.7,769.0,810.9,118.0
VN_DaNang,2026-09-16T20:00Z,26.1,93,24.9,32.2,0.0,99,1009.2,3.9,9.1,207,10.1,0.0,0.0,0.0
VN_HaNoi,2026-09-16T20:00Z,24.5,96,23.8,29.6,2.0,100,1007.2,5.8,13.2,97,11.5,0.0,0.0,0.0
VN_HoChiMinh,2026-09-16T20:00Z,26.0,98,25.7,32.9,0.0,99,1008.5,1.7,6.6,317,7.6,0.0,0.0,0.0
AT_Vienna,2026-09-16T21:00Z,19.6,85,17.1,19.5,0.1,97,991.3,18.0,33.4,296,42.5,0.0,0.0,0.0
BE_Brussels,2026-09-16T21:00Z,14.1,78,10.4,12.7,0.0,2,1014.9,9.9,20.5,245,19.4,0.0,0.0,0.0
DE_Berlin,2026-09-16T21:00Z,14.5,82,11.5,13.4,0.0,9,1009.6,10.1,21.7,277,19.4,0.0,0.0,0.0
DE_Hamburg,2026-09-16T21:00Z,13.4,91,11.9,12.1,0.0,5,1011.8,12.8,23.8,262,28.8,0.0,0.0,0.0
DE_Munich,2026-09-16T21:00Z,14.7,93,13.6,14.2,0.0,98,957.9,11.2,20.2,246,21.2,0.0,0.0,0.0
ES_Madrid,2026-09-16T21:00Z,19.8,46,7.9,16.3,0.0,7,942.6,19.8,32.1,36,44.6,0.0,0.0,0.0
FR_Paris,2026-09-16T21:00Z,16.7,62,9.5,15.3,0.0,4,1014.6,8.8,17.2,305,19.4,0.0,0.0,0.0
NL_Amsterdam,2026-09-16T21:00Z,13.5,90,11.9,13.4,0.0,8,1014.7,4.3,13.9,269,12.2,0.0,0.0,0.0
PL_Warsaw,2026-09-16T21:00Z,18.3,73,13.4,18.5,0.0,100,996.8,5.8,13.4,256,16.6,0.0,0.0,0.0
US_BPAT_Portland,2026-09-16T21:00Z,25.0,38,9.9,23.9,0.0,0,1013.5,13.5,19.1,12,35.6,713.0,851.4,97.0
US_CISO_LosAngeles,2026-09-16T21:00Z,27.9,40,13.0,29.1,0.0,8,1004.0,8.5,11.5,182,27.4,816.0,783.7,162.0
US_CISO_SanFrancisco,2026-09-16T21:00Z,17.3,72,12.1,15.4,0.0,74,1013.9,20.3,27.3,253,51.5,649.0,425.9,305.0
US_ERCO_Dallas,2026-09-16T21:00Z,37.5,31,17.3,39.5,0.3,22,1004.3,8.7,12.0,143,27.7,661.0,734.4,123.0
US_ERCO_Houston,2026-09-16T21:00Z,34.3,46,21.0,37.7,0.4,32,1017.1,10.4,14.5,101,28.1,656.0,718.6,123.0
US_ISNE_Boston,2026-09-16T21:00Z,25.2,60,16.9,26.3,0.0,85,1023.3,9.3,14.0,223,22.3,352.0,629.1,87.0
US_MISO_Chicago,2026-09-16T21:00Z,21.5,85,18.9,23.5,0.1,100,994.3,8.9,13.4,11,20.5,129.0,0.0,129.0
US_NYIS_NewYork,2026-09-16T21:00Z,26.0,58,17.0,27.4,0.0,52,1022.1,7.1,10.1,175,20.9,407.0,683.6,91.0
US_PJM_Philadelphia,2026-09-16T21:00Z,26.9,57,17.8,28.2,0.0,27,1023.2,10.2,15.1,208,25.6,416.0,691.0,85.0
US_SWPP_OklahomaCity,2026-09-16T21:00Z,37.1,26,14.4,37.3,0.0,9,977.9,13.1,19.0,187,37.1,682.0,801.8,107.0
VN_DaNang,2026-09-16T21:00Z,26.0,93,24.8,32.0,0.0,100,1009.2,3.7,9.3,207,9.0,0.0,0.0,0.0
VN_HaNoi,2026-09-16T21:00Z,24.5,96,23.9,29.5,1.9,100,1007.1,6.7,14.6,100,13.0,0.0,0.0,0.0
VN_HoChiMinh,2026-09-16T21:00Z,25.9,98,25.6,32.7,0.0,99,1008.4,2.3,7.0,337,5.0,0.0,0.0,0.0
AT_Vienna,2026-09-16T22:00Z,19.2,87,17.0,19.5,0.2,100,991.7,14.6,27.6,299,38.2,0.0,0.0,0.0
BE_Brussels,2026-09-16T22:00Z,13.7,79,10.2,12.1,0.0,5,1014.8,11.0,22.9,244,22.0,0.0,0.0,0.0
DE_Berlin,2026-09-16T22:00Z,13.8,85,11.4,12.7,0.0,13,1009.9,10.6,22.2,282,21.2,0.0,0.0,0.0
DE_Hamburg,2026-09-16T22:00Z,12.9,93,11.8,11.6,0.0,11,1011.9,12.8,24.5,256,27.0,0.0,0.0,0.0
DE_Munich,2026-09-16T22:00Z,14.1,90,12.5,13.0,0.0,100,957.9,12.6,23.0,244,24.5,0.0,0.0,0.0
ES_Madrid,2026-09-16T22:00Z,18.8,49,7.9,15.4,0.0,3,942.9,19.7,32.2,34,45.4,0.0,0.0,0.0
FR_Paris,2026-09-16T22:00Z,15.8,68,10.0,14.9,0.0,52,1014.7,6.5,14.3,303,19.4,0.0,0.0,0.0
NL_Amsterdam,2026-09-16T22:00Z,13.1,91,11.7,12.8,0.0,5,1014.5,5.0,14.3,245,9.7,0.0,0.0,0.0
PL_Warsaw,2026-09-16T22:00Z,17.5,78,13.6,18.1,0.0,98,996.7,3.4,8.3,292,11.2,0.0,0.0,0.0
US_BPAT_Portland,2026-09-16T22:00Z,25.7,37,9.9,24.4,0.0,0,1012.9,12.5,17.7,9,34.6,663.0,838.0,93.0
US_CISO_LosAngeles,2026-09-16T22:00Z,28.1,40,13.4,28.9,0.0,1,1003.3,10.0,13.8,200,29.5,763.0,848.3,112.0
US_CISO_SanFrancisco,2026-09-16T22:00Z,17.3,72,12.2,15.1,0.0,70,1013.7,21.4,28.9,257,53.3,605.0,423.4,284.0
US_ERCO_Dallas,2026-09-16T22:00Z,37.2,30,16.9,38.2,0.0,51,1004.0,9.3,12.9,143,27.4,502.0,664.1,108.0
US_ERCO_Houston,2026-09-16T22:00Z,33.6,49,21.6,36.6,0.7,31,1016.9,11.6,16.7,97,29.5,483.0,616.8,117.0
US_ISNE_Boston,2026-09-16T22:00Z,24.0,67,17.6,25.1,0.0,66,1023.1,11.4,19.3,207,23.4,169.0,389.3,73.0
US_MISO_Chicago,2026-09-16T22:00Z,21.1,89,19.3,22.9,0.2,88,993.9,11.7,18.8,5,25.9,87.0,15.9,80.0
US_NYIS_NewYork,2026-09-16T22:00Z,24.7,65,17.6,26.1,0.0,28,1022.0,8.7,14.0,149,20.2,149.0,173.9,99.0
US_PJM_Philadelphia,2026-09-16T22:00Z,26.2,62,18.3,27.8,0.0,2,1022.9,9.4,14.6,201,25.2,235.0,558.8,65.0
US_SWPP_OklahomaCity,2026-09-16T22:00Z,36.8,26,14.4,36.4,0.0,36,977.8,12.6,18.6,188,34.9,521.0,722.5,99.0
VN_DaNang,2026-09-16T22:00Z,26.0,93,24.8,32.1,0.0,99,1009.4,3.0,9.0,200,9.0,0.0,0.0,0.0
VN_HaNoi,2026-09-16T22:00Z,24.5,97,24.0,29.6,1.9,100,1007.3,6.6,14.5,107,12.6,0.0,0.0,0.0
VN_HoChiMinh,2026-09-16T22:00Z,25.8,98,25.4,32.3,0.0,99,1008.3,3.6,9.1,7,9.0,0.0,0.0,0.0
AT_Vienna,2026-09-16T23:00Z,18.3,93,17.1,18.4,2.5,82,992.0,16.3,28.3,292,32.0,0.0,0.0,0.0
BE_Brussels,2026-09-16T23:00Z,13.3,81,10.1,11.6,0.0,45,1014.8,11.4,23.3,228,23.4,0.0,0.0,0.0
DE_Berlin,2026-09-16T23:00Z,13.3,90,11.7,12.3,0.0,9,1010.3,9.9,21.1,281,20.9,0.0,0.0,0.0
DE_Hamburg,2026-09-16T23:00Z,12.7,94,11.8,11.4,0.0,9,1011.9,12.5,24.2,254,27.0,0.0,0.0,0.0
DE_Munich,2026-09-16T23:00Z,13.7,87,11.5,12.3,0.1,100,957.8,12.5,23.2,250,25.6,0.0,0.0,0.0
ES_Madrid,2026-09-16T23:00Z,17.9,53,8.0,14.6,0.0,12,942.9,18.4,30.3,36,44.6,0.0,0.0,0.0
FR_Paris,2026-09-16T23:00Z,15.1,73,10.4,14.7,0.0,80,1014.6,3.8,10.9,287,13.7,0.0,0.0,0.0
NL_Amsterdam,2026-09-16T23:00Z,12.9,92,11.6,12.2,0.0,67,1014.2,8.0,18.0,221,14.8,0.0,0.0,0.0
PL_Warsaw,2026-09-16T23:00Z,16.9,82,13.8,17.0,0.0,100,996.8,7.8,13.0,301,13.3,0.0,0.0,0.0
US_BPAT_Portland,2026-09-16T23:00Z,26.2,36,10.0,24.5,0.0,0,1012.4,12.0,17.0,19,32.4,562.0,801.8,87.0
US_CISO_LosAngeles,2026-09-16T23:00Z,26.8,48,14.8,27.1,0.0,1,1002.9,11.8,16.3,216,32.4,622.0,799.0,103.0
US_CISO_SanFrancisco,2026-09-16T23:00Z,17.2,72,12.2,14.8,0.0,27,1013.6,21.3,28.8,258,53.6,519.0,454.0,220.0
US_ERCO_Dallas,2026-09-16T23:00Z,36.5,31,16.8,37.3,0.1,13,1003.8,10.1,14.1,148,27.4,326.0,570.9,89.0
US_ERCO_Houston,2026-09-16T23:00Z,32.8,54,22.3,36.4,0.1,7,1016.7,9.9,14.4,106,29.5,317.0,551.6,93.0
US_ISNE_Boston,2026-09-16T23:00Z,22.1,78,18.1,23.5,0.0,45,1023.1,10.9,20.9,208,24.8,32.0,135.4,19.0
US_MISO_Chicago,2026-09-16T23:00Z,21.2,89,19.3,23.0,0.0,63,993.4,12.0,19.0,22,27.0,123.0,97.6,97.0
US_NYIS_NewYork,2026-09-16T23:00Z,22.9,76,18.4,24.6,0.0,5,1022.0,8.8,15.1,145,22.7,51.0,205.7,27.0
US_PJM_Philadelphia,2026-09-16T23:00Z,24.7,70,18.8,26.6,0.0,1,1023.1,9.0,17.3,184,20.5,65.0,295.8,28.0
US_SWPP_OklahomaCity,2026-09-16T23:00Z,36.1,27,14.3,35.6,0.0,28,977.5,13.0,19.4,182,33.1,323.0,571.6,87.0
VN_DaNang,2026-09-16T23:00Z,26.0,92,24.7,31.9,0.0,99,1009.6,3.9,9.6,201,9.0,5.0,14.5,4.0
VN_HaNoi,2026-09-16T23:00Z,24.5,97,24.0,29.4,1.9,99,1007.5,8.1,16.6,99,15.1,1.0,0.0,1.0
VN_HoChiMinh,2026-09-16T23:00Z,25.8,96,25.2,31.9,0.0,99,1008.9,4.8,8.8,51,10.1,2.0,0.0,2.0
AT_Vienna,2026-09-17T00:00Z,17.5,94,16.4,17.7,0.7,51,992.3,13.5,25.2,305,35.3,0.0,0.0,0.0
BE_Brussels,2026-09-17T00:00Z,13.0,84,10.3,11.2,0.0,99,1014.3,12.8,25.6,222,24.5,0.0,0.0,0.0
DE_Berlin,2026-09-17T00:00Z,13.0,92,11.7,12.1,0.0,4,1010.6,9.5,20.5,277,19.4,0.0,0.0,0.0
DE_Hamburg,2026-09-17T00:00Z,12.7,95,11.9,11.5,0.0,16,1011.7,12.3,23.3,243,25.9,0.0,0.0,0.0
DE_Munich,2026-09-17T00:00Z,13.6,85,11.1,11.9,0.2,100,958.2,14.2,25.6,250,25.2,0.0,0.0,0.0
ES_Madrid,2026-09-17T00:00Z,17.2,53,7.6,14.0,0.0,26,942.1,17.2,28.8,32,41.8,0.0,0.0,0.0
FR_Paris,2026-09-17T00:00Z,14.3,76,10.0,13.6,0.0,97,1014.3,4.6,11.3,268,10.4,0.0,0.0,0.0
NL_Amsterdam,2026-09-17T00:00Z,13.2,91,11.8,12.3,0.1,100,1013.7,9.7,21.7,212,22.7,0.0,0.0,0.0
PL_Warsaw,2026-09-17T00:00Z,15.8,98,15.6,16.7,0.3,100,996.5,6.8,13.2,287,17.3,0.0,0.0,0.0
US_BPAT_Portland,2026-09-17T00:00Z,26.5,34,9.4,24.9,0.0,0,1011.9,9.9,14.4,28,30.6,421.0,735.6,78.0
US_CISO_LosAngeles,2026-09-17T00:00Z,25.6,55,15.9,25.7,0.0,15,1003.0,12.8,17.7,228,32.8,446.0,740.3,84.0
US_CISO_SanFrancisco,2026-09-17T00:00Z,16.5,75,12.0,14.6,0.0,40,1013.6,17.3,23.5,251,52.2,327.0,292.8,176.0
US_ERCO_Dallas,2026-09-17T00:00Z,36.1,34,17.6,37.4,0.0,7,1004.3,9.3,13.6,145,27.4,138.0,409.3,52.0
US_ERCO_Houston,2026-09-17T00:00Z,32.0,57,22.6,35.7,0.0,16,1017.3,10.6,17.6,104,23.8,126.0,410.6,47.0
US_ISNE_Boston,2026-09-17T00:00Z,21.0,84,18.1,22.6,0.0,2,1023.8,9.9,21.0,223,21.6,0.0,0.0,0.0
US_MISO_Chicago,2026-09-17T00:00Z,20.8,92,19.5,22.9,0.0,100,993.8,10.2,17.7,35,26.6,33.0,75.3,25.0
US_NYIS_NewYork,2026-09-17T00:00Z,22.2,83,19.1,24.5,0.0,1,1022.2,7.1,16.2,151,19.8,0.0,0.0,0.0
US_PJM_Philadelphia,2026-09-17T00:00Z,23.5,76,19.1,25.6,0.0,1,1023.5,8.8,18.2,189,20.5,0.0,0.0,0.0
US_SWPP_OklahomaCity,2026-09-17T00:00Z,35.7,29,14.9,35.3,0.0,51,978.0,13.7,22.3,162,32.4,146.0,432.3,53.0
VN_DaNang,2026-09-17T00:00Z,27.0,89,25.1,33.3,0.0,100,1010.3,3.0,5.8,187,10.1,112.0,250.6,59.0
VN_HaNoi,2026-09-17T00:00Z,24.5,98,24.1,29.7,1.7,100,1008.6,6.3,16.4,78,14.8,22.0,0.0,22.0
VN_HoChiMinh,2026-09-17T00:00Z,26.9,94,25.9,33.7,0.0,98,1009.6,3.2,5.0,15,13.7,102.0,208.8,63.0
AT_Vienna,2026-09-17T01:00Z,16.9,93,15.7,16.7,0.0,68,992.0,14.4,27.0,305,29.2,0.0,0.0,0.0
BE_Brussels,2026-09-17T01:00Z,12.8,85,10.3,10.9,0.0,100,1013.6,13.1,26.1,218,27.0,0.0,0.0,0.0
DE_Berlin,2026-09-17T01:00Z,12.6,94,11.6,11.6,0.0,7,1010.8,10.1,21.4,268,19.8,0.0,0.0,0.0
DE_Hamburg,2026-09-17T01:00Z,12.4,96,11.8,11.2,0.0,17,1011.5,12.0,24.1,240,23.8,0.0,0.0,0.0
DE_Munich,2026-09-17T01:00Z,13.4,86,11.0,11.7,0.1,100,957.8,13.6,25.1,262,28.8,0.0,0.0,0.0
ES_Madrid,2026-09-17T01:00Z,16.6,57,8.0,13.9,0.1,54,942.7,14.4,25.1,51,38.5,0.0,0.0,0.0
FR_Paris,2026-09-17T01:00Z,13.9,78,10.0,13.0,0.0,100,1013.8,5.7,12.3,247,11.9,0.0,0.0,0.0
NL_Amsterdam,2026-09-17T01:00Z,13.0,93,11.9,12.3,0.1,99,1012.7,8.7,21.9,202,19.1,0.0,0.0,0.0
PL_Warsaw,2026-09-17T01:00Z,15.9,99,15.8,16.4,1.2,100,996.6,9.9,18.8,279,22.7,0.0,0.0,0.0
US_BPAT_Portland,2026-09-17T01:00Z,26.0,35,9.5,24.3,0.0,0,1011.8,10.4,15.3,25,25.2,254.0,618.6,62.0
US_CISO_LosAngeles,2026-09-17T01:00Z,23.5,64,16.4,24.0,0.0,16,1003.3,11.2,16.3,237,33.1,235.0,573.1,65.0
US_CISO_SanFrancisco,2026-09-17T01:00Z,16.3,77,12.2,14.6,0.0,63,1013.7,15.8,21.5,245,42.1,230.0,324.0,120.0
US_ERCO_Dallas,2026-09-17T01:00Z,35.4,35,17.7,36.7,0.0,8,1004.6,9.9,15.7,135,22.7,11.0,54.8,7.0
US_ERCO_Houston,2026-09-17T01:00Z,31.1,63,23.4,35.6,0.0,26,1017.5,7.9,14.6,120,24.1,6.0,31.8,4.0
US_ISNE_Boston,2026-09-17T01:00Z,21.0,83,18.1,22.4,0.0,6,1024.1,11.1,23.1,241,21.6,0.0,0.0,0.0
US_MISO_Chicago,2026-09-17T01:00Z,20.9,92,19.5,23.2,0.0,84,994.0,8.4,15.2,30,20.2,0.0,0.0,0.0
US_NYIS_NewYork,2026-09-17T01:00Z,22.0,85,19.5,24.9,0.0,2,1022.6,4.4,13.4,166,14.8,0.0,0.0,0.0
US_PJM_Philadelphia,2026-09-17T01:00Z,22.9,78,19.0,25.0,0.0,9,1023.9,8.3,18.5,196,17.6,0.0,0.0,0.0
US_SWPP_OklahomaCity,2026-09-17T01:00Z,34.5,34,16.1,34.5,0.0,23,978.3,14.1,23.8,159,32.8,13.0,65.2,8.0
VN_DaNang,2026-09-17T01:00Z,28.0,83,24.9,34.1,0.0,100,1010.5,3.1,4.6,189,11.5,244.0,185.7,161.0
VN_HaNoi,2026-09-17T01:00Z,25.0,95,24.2,30.2,1.8,100,1008.9,7.1,12.5,78,16.9,90.0,5.0,88.0
VN_HoChiMinh,2026-09-17T01:00Z,28.3,84,25.3,34.7,0.0,100,1009.8,3.4,5.0,341,13.0,331.0,500.4,116.0
AT_Vienna,2026-09-17T02:00Z,16.7,90,15.0,15.9,0.0,100,992.5,16.4,30.3,302,34.2,0.0,0.0,0.0
BE_Brussels,2026-09-17T02:00Z,12.7,85,10.2,10.7,0.0,100,1013.1,13.5,26.6,218,28.1,0.0,0.0,0.0
DE_Berlin,2026-09-17T02:00Z,12.3,95,11.5,11.3,0.0,4,1010.8,9.8,20.9,257,19.8,0.0,0.0,0.0
DE_Hamburg,2026-09-17T02:00Z,12.3,96,11.8,11.1,0.0,7,1011.4,11.8,23.4,237,24.1,0.0,0.0,0.0
DE_Munich,2026-09-17T02:00Z,13.3,85,10.8,11.7,0.0,81,957.8,12.1,22.3,272,27.7,0.0,0.0,0.0
ES_Madrid,2026-09-17T02:00Z,15.5,60,7.8,12.6,0.4,56,942.3,15.9,26.4,46,37.1,0.0,0.0,0.0
FR_Paris,2026-09-17T02:00Z,13.6,80,10.1,12.7,0.0,100,1013.0,6.2,14.0,232,13.0,0.0,0.0,0.0
NL_Amsterdam,2026-09-17T02:00Z,13.2,92,11.9,12.0,0.0,100,1012.3,12.2,27.0,213,24.1,0.0,0.0,0.0
PL_Warsaw,2026-09-17T02:00Z,15.9,99,15.8,16.4,0.6,100,996.5,10.5,19.5,282,20.2,0.0,0.0,0.0
US_BPAT_Portland,2026-09-17T02:00Z,24.4,41,10.3,23.0,0.0,0,1011.9,10.4,18.7,2,24.1,88.0,406.8,33.0
US_CISO_LosAngeles,2026-09-17T02:00Z,22.0,70,16.3,22.8,0.0,15,1004.0,9.2,13.6,236,28.8,52.0,244.9,23.0
US_CISO_SanFrancisco,2026-09-17T02:00Z,16.1,79,12.5,14.8,0.0,99,1013.8,13.9,19.6,246,38.2,62.0,140.0,42.0
US_ERCO_Dallas,2026-09-17T02:00Z,34.4,39,18.7,35.9,0.0,5,1005.0,11.6,19.2,141,26.6,0.0,0.0,0.0
US_ERCO_Houston,2026-09-17T02:00Z,30.3,70,24.1,35.4,0.0,4,1018.0,6.6,12.9,123,16.2,0.0,0.0,0.0
US_ISNE_Boston,2026-09-17T02:00Z,20.4,86,18.0,21.9,0.0,6,1024.1,9.8,20.8,248,22.0,0.0,0.0,0.0
US_MISO_Chicago,2026-09-17T02:00Z,20.8,91,19.3,23.3,0.0,84,994.5,6.7,13.4,29,16.9,0.0,0.0,0.0
US_NYIS_NewYork,2026-09-17T02:00Z,21.9,86,19.4,24.8,0.0,2,1022.5,4.8,13.9,184,9.7,0.0,0.0,0.0
US_PJM_Philadelphia,2026-09-17T02:00Z,22.4,81,18.9,24.5,0.0,10,1024.0,8.0,17.8,198,17.6,0.0,0.0,0.0
US_SWPP_OklahomaCity,2026-09-17T02:00Z,33.4,36,16.5,33.7,0.0,16,978.8,12.9,23.8,160,33.5,0.0,0.0,0.0
VN_DaNang,2026-09-17T02:00Z,28.9,77,24.6,35.0,0.0,100,1010.5,2.3,3.2,180,11.9,337.0,147.1,241.0
VN_HaNoi,2026-09-17T02:00Z,25.6,94,24.5,31.0,1.4,100,1009.2,7.1,10.3,79,19.4,145.0,8.2,140.0
VN_HoChiMinh,2026-09-17T02:00Z,29.5,76,24.9,35.5,0.0,99,1010.1,4.2,6.1,304,15.5,518.0,529.6,177.0
AT_Vienna,2026-09-17T03:00Z,16.5,90,14.9,16.0,0.0,80,993.0,14.2,26.0,298,34.6,0.0,0.0,0.0
BE_Brussels,2026-09-17T03:00Z,12.7,84,10.2,10.8,0.0,100,1012.7,13.7,26.6,218,29.2,0.0,0.0,0.0
DE_Berlin,2026-09-17T03:00Z,12.1,95,11.4,10.9,0.0,9,1010.9,10.7,22.2,252,20.9,0.0,0.0,0.0
DE_Hamburg,2026-09-17T03:00Z,12.2,96,11.7,10.9,0.0,28,1011.2,12.1,23.7,234,24.1,0.0,0.0,0.0
DE_Munich,2026-09-17T03:00Z,12.6,89,10.8,11.4,0.0,73,957.7,9.2,18.1,265,24.8,0.0,0.0,0.0
ES_Madrid,2026-09-17T03:00Z,15.4,54,6.2,12.0,0.1,10,941.7,16.0,27.6,31,39.2,0.0,0.0,0.0
FR_Paris,2026-09-17T03:00Z,13.5,81,10.3,12.6,0.0,100,1012.7,7.1,15.9,239,14.4,0.0,0.0,0.0
NL_Amsterdam,2026-09-17T03:00Z,13.5,90,12.0,12.4,0.0,100,1011.7,11.6,25.4,207,24.1,0.0,0.0,0.0
PL_Warsaw,2026-09-17T03:00Z,15.4,98,15.0,14.5,0.8,100,997.2,17.0,26.7,310,33.8,0.0,0.0,0.0
US_BPAT_Portland,2026-09-17T03:00Z,22.9,46,10.7,21.4,0.0,0,1011.9,11.5,22.8,351,24.1,2.0,19.1,1.0
US_CISO_LosAngeles,2026-09-17T03:00Z,21.4,72,16.2,22.4,0.0,70,1004.7,7.1,10.8,232,22.3,0.0,0.0,0.0
US_CISO_SanFrancisco,2026-09-17T03:00Z,16.1,81,12.9,15.3,0.0,100,1013.8,11.2,16.0,237,33.1,1.0,0.0,1.0
US_ERCO_Dallas,2026-09-17T03:00Z,33.7,42,19.0,35.5,0.0,6,1005.8,10.7,18.9,143,26.6,0.0,0.0,0.0
US_ERCO_Houston,2026-09-17T03:00Z,29.7,73,24.4,35.2,0.0,32,1018.5,6.1,12.8,110,13.7,0.0,0.0,0.0
US_ISNE_Boston,2026-09-17T03:00Z,19.8,89,17.9,21.5,0.0,13,1024.1,8.3,18.2,247,19.4,0.0,0.0,0.0
US_MISO_Chicago,2026-09-17T03:00Z,20.6,92,19.3,23.3,0.0,100,994.0,5.6,11.7,37,13.0,0.0,0.0,0.0
US_NYIS_NewYork,2026-09-17T03:00Z,21.8,86,19.3,24.5,0.0,5,1022.4,5.2,14.7,203,10.8,0.0,0.0,0.0
US_PJM_Philadelphia,2026-09-17T03:00Z,21.8,84,18.9,24.1,0.0,20,1023.8,6.9,16.0,201,16.6,0.0,0.0,0.0
US_SWPP_OklahomaCity,2026-09-17T03:00Z,32.6,37,16.1,33.2,0.0,13,979.4,10.1,20.4,160,28.4,0.0,0.0,0.0
VN_DaNang,2026-09-17T03:00Z,30.6,69,24.3,37.4,0.0,100,1010.4,3.2,4.2,149,14.4,710.0,628.4,198.0
VN_HaNoi,2026-09-17T03:00Z,25.8,95,24.9,31.4,1.6,100,1009.2,7.3,10.4,81,18.7,134.0,18.1,120.0
VN_HoChiMinh,2026-09-17T03:00Z,30.4,71,24.5,36.7,0.1,99,1009.7,7.7,10.6,293,21.6,729.0,685.0,171.0
AT_Vienna,2026-09-17T04:00Z,15.6,91,14.2,14.9,0.0,57,993.3,14.4,26.1,293,32.4,0.0,0.0,0.0
BE_Brussels,2026-09-17T04:00Z,13.0,84,10.4,11.0,0.0,98,1012.3,13.9,26.5,218,29.5,0.0,0.0,0.0
DE_Berlin,2026-09-17T04:00Z,11.9,96,11.3,10.7,0.0,20,1011.0,10.8,22.4,253,21.6,0.0,0.0,0.0
DE_Hamburg,2026-09-17T04:00Z,12.0,97,11.6,10.6,0.0,29,1010.9,12.6,24.2,230,25.6,0.0,0.0,0.0
DE_Munich,2026-09-17T04:00Z,12.1,92,10.8,11.0,0.1,77,957.8,8.7,16.8,238,18.0,0.0,0.0,0.0
ES_Madrid,2026-09-17T04:00Z,15.1,51,5.2,11.8,0.0,5,941.7,14.7,26.9,40,36.4,0.0,0.0,0.0
FR_Paris,2026-09-17T04:00Z,13.2,83,10.3,12.2,0.0,98,1012.5,7.7,16.9,239,15.8,0.0,0.0,0.0
NL_Amsterdam,2026-09-17T04:00Z,13.5,92,12.2,12.1,0.0,100,1011.1,14.1,28.9,204,27.7,0.0,0.0,0.0
PL_Warsaw,2026-09-17T04:00Z,13.8,96,13.2,12.8,1.5,100,998.2,13.4,23.8,317,37.4,0.0,0.0,0.0
US_BPAT_Portland,2026-09-17T04:00Z,21.6,52,11.4,20.3,0.0,0,1012.1,11.5,23.1,351,23.4,0.0,0.0,0.0
US_CISO_LosAngeles,2026-09-17T04:00Z,21.4,72,16.2,22.5,0.0,96,1005.7,6.4,9.3,227,17.6,0.0,0.0,0.0
US_CISO_SanFrancisco,2026-09-17T04:00Z,16.0,84,13.3,15.2,0.0,88,1014.1,12.3,17.7,241,29.2,0.0,0.0,0.0
US_ERCO_Dallas,2026-09-17T04:00Z,33.1,44,19.1,35.1,0.0,4,1005.9,10.0,18.5,147,24.1,0.0,0.0,0.0
US_ERCO_Houston,2026-09-17T04:00Z,29.2,76,24.6,34.7,0.0,72,1018.7,6.9,14.4,93,13.3,0.0,0.0,0.0
US_ISNE_Boston,2026-09-17T04:00Z,19.4,91,17.9,21.1,0.0,20,1024.0,8.3,17.6,252,16.2,0.0,0.0,0.0
US_MISO_Chicago,2026-09-17T04:00Z,20.5,93,19.4,23.5,0.0,5,993.7,3.4,9.1,38,11.5,0.0,0.0,0.0
US_NYIS_NewYork,2026-09-17T04:00Z,21.5,86,19.1,24.2,0.0,11,1022.4,4.7,14.5,232,10.1,0.0,0.0,0.0
US_PJM_Philadelphia,2026-09-17T04:00Z,21.3,87,19.0,23.9,0.0,30,1023.9,5.4,14.0,213,13.7,0.0,0.0,0.0
US_SWPP_OklahomaCity,2026-09-17T04:00Z,31.8,39,16.2,32.3,0.0,25,979.6,10.7,21.7,166,23.4,0.0,0.0,0.0
VN_DaNang,2026-09-17T04:00Z,31.3,66,24.1,38.7,0.0,100,1010.1,5.2,6.2,112,17.6,873.0,731.0,199.0
VN_HaNoi,2026-09-17T04:00Z,26.0,95,25.0,31.4,1.8,100,1009.0,9.2,13.1,102,21.2,142.0,0.0,142.0
VN_HoChiMinh,2026-09-17T04:00Z,31.2,66,24.1,37.6,0.3,99,1009.0,9.5,13.3,291,26.3,837.0,710.5,176.0
AT_Vienna,2026-09-17T05:00Z,15.2,89,13.4,14.2,0.0,100,993.8,14.2,26.7,289,31.0,4.0,0.0,4.0
BE_Brussels,2026-09-17T05:00Z,12.9,84,10.3,10.8,0.0,100,1011.9,15.1,28.2,213,32.0,0.0,0.0,0.0
DE_Berlin,2026-09-17T05:00Z,11.8,96,11.2,10.6,0.0,7,1010.7,10.5,21.7,256,21.2,1.0,0.0,1.0
DE_Hamburg,2026-09-17T05:00Z,11.9,97,11.4,10.4,0.0,93,1010.7,13.1,25.0,226,26.3,0.0,0.0,0.0
DE_Munich,2026-09-17T05:00Z,12.0,92,10.8,10.9,0.1,56,958.0,9.0,17.9,233,17.6,0.0,0.0,0.0
ES_Madrid,2026-09-17T05:00Z,14.8,52,5.0,11.7,0.0,16,941.9,13.0,23.5,39,34.2,0.0,0.0,0.0
FR_Paris,2026-09-17T05:00Z,12.9,84,10.2,11.8,0.0,96,1012.1,8.0,17.5,238,16.2,0.0,0.0,0.0
NL_Amsterdam,2026-09-17T05:00Z,13.8,90,12.1,12.1,0.0,98,1010.4,15.8,30.4,208,33.1,0.0,0.0,0.0
PL_Warsaw,2026-09-17T05:00Z,13.5,96,12.9,12.8,0.4,100,998.8,11.0,19.3,304,26.3,4.0,0.0,4.0
US_BPAT_Portland,2026-09-17T05:00Z,20.4,58,11.7,19.5,0.0,0,1012.2,9.4,21.1,356,23.4,0.0,0.0,0.0
US_CISO_LosAngeles,2026-09-17T05:00Z,21.5,72,16.1,22.6,0.0,96,1006.1,6.7,9.9,213,16.6,0.0,0.0,0.0
US_CISO_SanFrancisco,2026-09-17T05:00Z,15.8,87,13.7,15.3,0.0,52,1014.4,11.6,17.5,242,28.8,0.0,0.0,0.0
US_ERCO_Dallas,2026-09-17T05:00Z,32.5,45,19.2,34.5,0.0,3,1006.0,10.3,19.1,154,22.0,0.0,0.0,0.0
US_ERCO_Houston,2026-09-17T05:00Z,28.7,79,24.7,33.9,0.0,71,1018.4,9.2,18.4,93,18.4,0.0,0.0,0.0
US_ISNE_Boston,2026-09-17T05:00Z,19.1,92,17.8,20.8,0.0,20,1023.9,7.5,16.7,254,16.2,0.0,0.0,0.0
US_MISO_Chicago,2026-09-17T05:00Z,20.1,95,19.2,23.0,0.0,65,993.2,3.8,7.4,14,7.6,0.0,0.0,0.0
US_NYIS_NewYork,2026-09-17T05:00Z,21.4,86,19.0,24.0,0.0,6,1022.1,4.8,14.3,233,9.7,0.0,0.0,0.0
US_PJM_Philadelphia,2026-09-17T05:00Z,21.0,89,19.2,23.6,0.0,7,1023.5,5.2,13.3,210,10.8,0.0,0.0,0.0
US_SWPP_OklahomaCity,2026-09-17T05:00Z,31.0,43,16.8,31.7,0.0,0,979.6,11.4,22.8,168,25.9,0.0,0.0,0.0
VN_DaNang,2026-09-17T05:00Z,31.0,67,24.2,37.7,0.0,100,1009.4,9.6,11.9,85,25.2,877.0,655.6,243.0
VN_HaNoi,2026-09-17T05:00Z,26.3,94,25.3,32.2,0.9,100,1008.2,6.7,9.4,92,20.5,164.0,0.0,164.0
VN_HoChiMinh,2026-09-17T05:00Z,31.8,62,23.7,38.2,0.3,98,1008.3,10.1,14.4,280,27.7,897.0,722.2,187.0
AT_Vienna,2026-09-17T06:00Z,15.4,84,12.7,13.9,0.0,99,994.0,16.1,29.5,288,32.4,40.0,0.0,40.0
BE_Brussels,2026-09-17T06:00Z,13.4,84,10.8,11.2,0.0,33,1011.9,16.1,29.3,218,34.6,5.0,0.0,5.0
DE_Berlin,2026-09-17T06:00Z,12.1,96,11.4,11.3,0.0,1,1011.0,8.2,19.9,248,20.9,62.0,274.8,32.0
DE_Hamburg,2026-09-17T06:00Z,12.5,96,11.9,11.1,0.0,100,1010.8,13.4,24.3,220,30.2,31.0,100.3,22.0
DE_Munich,2026-09-17T06:00Z,12.4,91,11.0,11.4,0.0,13,957.8,8.6,17.3,254,17.3,43.0,149.9,27.0
ES_Madrid,2026-09-17T06:00Z,14.8,50,4.6,11.6,0.0,4,942.0,13.2,24.5,41,30.2,0.0,0.0,0.0
FR_Paris,2026-09-17T06:00Z,12.9,84,10.3,11.7,0.0,83,1012.3,8.9,19.0,240,19.4,6.0,0.0,6.0
NL_Amsterdam,2026-09-17T06:00Z,14.3,90,12.6,12.9,0.0,100,1010.1,14.6,28.3,207,32.4,5.0,15.6,4.0
PL_Warsaw,2026-09-17T06:00Z,13.3,97,12.8,12.8,0.1,100,999.3,9.3,17.8,300,22.3,22.0,0.0,22.0
US_BPAT_Portland,2026-09-17T06:00Z,18.3,67,12.0,18.5,0.0,0,1012.2,3.0,12.1,12,20.5,0.0,0.0,0.0
US_CISO_LosAngeles,2026-09-17T06:00Z,21.3,73,16.2,22.4,0.0,96,1005.8,6.8,9.8,230,17.3,0.0,0.0,0.0
US_CISO_SanFrancisco,2026-09-17T06:00Z,16.3,86,13.9,16.0,0.0,100,1014.0,10.9,17.0,246,24.1,0.0,0.0,0.0
US_ERCO_Dallas,2026-09-17T06:00Z,30.3,55,20.2,32.8,0.0,1,1006.4,9.7,18.0,158,23.4,0.0,0.0,0.0
US_ERCO_Houston,2026-09-17T06:00Z,27.7,87,25.3,33.3,0.0,79,1018.5,8.8,17.7,99,19.8,0.0,0.0,0.0
US_ISNE_Boston,2026-09-17T06:00Z,18.9,93,17.8,21.0,0.0,100,1023.7,4.6,12.5,275,14.4,0.0,0.0,0.0
US_MISO_Chicago,2026-09-17T06:00Z,19.6,99,19.4,22.7,0.0,9,992.6,3.1,4.8,45,8.3,0.0,0.0,0.0
US_NYIS_NewYork,2026-09-17T06:00Z,21.3,88,19.2,23.9,0.0,100,1021.6,5.2,13.5,222,9.7,0.0,0.0,0.0
US_PJM_Philadelphia,2026-09-17T06:00Z,20.8,91,19.4,23.5,0.0,38,1023.0,5.8,14.0,208,10.4,0.0,0.0,0.0
US_SWPP_OklahomaCity,2026-09-17T06:00Z,29.0,51,17.8,29.9,0.0,0,979.6,12.5,24.4,176,25.2,0.0,0.0,0.0
VN_DaNang,2026-09-17T06:00Z,30.9,68,24.4,37.0,0.0,99,1009.0,12.7,16.4,78,32.0,843.0,641.0,236.0
VN_HaNoi,2026-09-17T06:00Z,25.8,91,24.2,30.6,0.5,100,1008.5,9.5,14.4,137,25.2,418.0,107.5,318.0
VN_HoChiMinh,2026-09-17T06:00Z,32.9,56,23.1,38.9,0.4,81,1007.3,9.0,12.6,280,27.4,851.0,662.2,209.0
AT_Vienna,2026-09-17T07:00Z,16.2,82,13.1,15.1,0.0,100,994.2,13.5,24.3,295,31.7,102.0,67.3,81.0
BE_Brussels,2026-09-17T07:00Z,14.1,83,11.3,12.5,0.0,100,1011.4,13.7,23.7,219,35.3,99.0,242.1,57.0
DE_Berlin,2026-09-17T07:00Z,13.4,91,11.9,12.7,0.0,7,1011.0,8.7,14.7,235,20.2,199.0,511.1,66.0
DE_Hamburg,2026-09-17T07:00Z,13.2,93,12.0,12.0,0.0,97,1010.5,12.2,19.2,216,28.1,118.0,135.0,88.0
DE_Munich,2026-09-17T07:00Z,13.9,83,11.2,13.4,0.0,4,957.7,5.6,10.6,242,15.5,171.0,349.1,80.0
ES_Madrid,2026-09-17T07:00Z,15.0,50,4.8,11.8,0.0,9,942.1,13.1,22.7,34,32.0,57.0,283.8,24.0
FR_Paris,2026-09-17T07:00Z,14.1,78,10.4,13.0,0.0,84,1011.9,8.1,20.1,227,18.7,100.0,314.6,51.0
NL_Amsterdam,2026-09-17T07:00Z,14.9,87,12.8,13.2,0.1,98,1009.5,17.2,31.6,212,36.0,36.0,0.0,36.0
PL_Warsaw,2026-09-17T07:00Z,13.8,94,12.9,13.2,0.2,100,999.9,10.3,17.9,265,23.0,51.0,0.0,51.0
US_BPAT_Portland,2026-09-17T07:00Z,17.3,71,11.9,17.5,0.0,0,1012.1,2.3,8.7,17,7.2,0.0,0.0,0.0
US_CISO_LosAngeles,2026-09-17T07:00Z,21.1,74,16.3,22.3,0.0,100,1006.1,6.5,9.6,237,16.9,0.0,0.0,0.0
US_CISO_SanFrancisco,2026-09-17T07:00Z,16.4,86,14.0,16.3,0.0,100,1014.1,9.6,14.9,240,22.7,0.0,0.0,0.0
US_ERCO_Dallas,2026-09-17T07:00Z,29.9,57,20.4,32.7,0.0,23,1006.5,8.3,15.9,168,19.1,0.0,0.0,0.0
US_ERCO_Houston,2026-09-17T07:00Z,27.7,88,25.6,33.9,0.0,95,1018.5,6.1,13.4,97,17.3,0.0,0.0,0.0
US_ISNE_Boston,2026-09-17T07:00Z,19.2,93,18.0,21.6,0.0,100,1023.4,3.6,9.1,280,9.7,0.0,0.0,0.0
US_MISO_Chicago,2026-09-17T07:00Z,19.5,99,19.4,22.7,0.0,44,991.7,2.5,5.6,94,7.2,0.0,0.0,0.0
US_NYIS_NewYork,2026-09-17T07:00Z,21.4,87,19.1,24.0,0.0,100,1021.2,5.2,13.1,221,11.2,0.0,0.0,0.0
US_PJM_Philadelphia,2026-09-17T07:00Z,20.9,91,19.4,23.8,0.0,50,1022.4,4.0,11.5,200,11.2,0.0,0.0,0.0
US_SWPP_OklahomaCity,2026-09-17T07:00Z,28.4,53,18.0,29.5,0.0,1,979.6,12.3,24.8,180,27.0,0.0,0.0,0.0
VN_DaNang,2026-09-17T07:00Z,30.4,72,24.7,36.3,0.0,84,1007.8,12.7,16.9,74,33.8,788.0,730.0,158.0
VN_HaNoi,2026-09-17T07:00Z,25.5,92,24.2,30.5,1.2,100,1007.2,8.4,12.4,137,17.3,129.0,1.2,128.0
VN_HoChiMinh,2026-09-17T07:00Z,32.8,56,22.9,38.5,0.2,68,1006.4,7.6,10.6,261,24.5,789.0,689.8,175.0
AT_Vienna,2026-09-17T08:00Z,16.4,82,13.4,15.9,0.0,100,994.7,10.6,18.4,294,29.9,108.0,28.4,95.0
BE_Brussels,2026-09-17T08:00Z,14.6,81,11.4,12.2,0.0,100,1011.4,19.5,30.9,223,43.2,120.0,61.2,100.0
DE_Berlin,2026-09-17T08:00Z,15.0,82,12.0,13.9,0.0,31,1011.1,11.5,17.1,236,28.1,326.0,586.4,93.0
DE_Hamburg,2026-09-17T08:00Z,14.2,87,12.0,12.7,0.0,99,1010.3,14.8,22.5,216,32.0,173.0,155.3,117.0
DE_Munich,2026-09-17T08:00Z,15.4,72,10.4,14.6,0.0,27,957.8,6.3,9.4,265,18.4,331.0,570.1,95.0
ES_Madrid,2026-09-17T08:00Z,16.3,48,5.2,13.2,0.0,21,942.3,12.9,20.2,37,32.0,201.0,439.4,75.0
FR_Paris,2026-09-17T08:00Z,15.6,71,10.3,14.1,0.0,69,1011.8,10.4,16.1,233,26.3,245.0,475.4,94.0
NL_Amsterdam,2026-09-17T08:00Z,15.7,84,13.0,14.2,0.3,63,1009.2,16.8,30.2,217,40.0,170.0,189.3,109.0
PL_Warsaw,2026-09-17T08:00Z,15.1,86,12.7,14.0,0.1,98,999.9,13.2,20.6,274,29.9,206.0,76.1,171.0
US_BPAT_Portland,2026-09-17T08:00Z,16.3,75,11.9,16.5,0.0,0,1012.4,2.2,8.1,18,6.1,0.0,0.0,0.0
US_CISO_LosAngeles,2026-09-17T08:00Z,20.8,76,16.5,22.1,0.0,95,1006.4,5.9,8.8,231,15.5,0.0,0.0,0.0
US_CISO_SanFrancisco,2026-09-17T08:00Z,16.4,85,13.9,16.2,0.0,100,1014.4,9.6,15.2,228,23.4,0.0,0.0,0.0
US_ERCO_Dallas,2026-09-17T08:00Z,29.5,58,20.5,32.3,0.0,33,1006.6,8.8,16.3,166,18.4,0.0,0.0,0.0
US_ERCO_Houston,2026-09-17T08:00Z,27.4,90,25.7,33.6,0.0,94,1018.2,6.8,13.8,83,13.3,0.0,0.0,0.0
US_ISNE_Boston,2026-09-17T08:00Z,19.2,93,18.1,21.7,0.0,99,1023.3,3.4,6.6,261,7.2,0.0,0.0,0.0
US_MISO_Chicago,2026-09-17T08:00Z,19.6,98,19.3,23.0,0.8,100,991.5,0.7,7.2,143,10.1,0.0,0.0,0.0
US_NYIS_NewYork,2026-09-17T08:00Z,21.3,87,19.1,23.9,0.0,98,1021.1,5.5,13.6,233,11.2,0.0,0.0,0.0
US_PJM_Philadelphia,2026-09-17T08:00Z,20.8,91,19.3,23.1,0.0,100,1022.7,8.2,17.3,228,16.6,0.0,0.0,0.0
US_SWPP_OklahomaCity,2026-09-17T08:00Z,27.8,56,18.1,29.0,0.0,1,979.6,11.7,23.9,180,27.0,0.0,0.0,0.0
VN_DaNang,2026-09-17T08:00Z,30.1,72,24.6,35.3,0.0,83,1007.3,10.4,14.0,75,31.0,588.0,625.5,137.0
VN_HaNoi,2026-09-17T08:00Z,26.2,89,24.1,31.1,0.5,100,1006.6,8.2,11.6,127,18.7,251.0,21.9,235.0
VN_HoChiMinh,2026-09-17T08:00Z,31.9,61,23.5,37.3,0.2,63,1005.7,4.4,5.9,203,24.1,591.0,548.9,179.0
AT_Vienna,2026-09-17T09:00Z,17.0,79,13.3,16.4,0.0,100,995.3,10.9,17.4,293,25.6,175.0,17.4,165.0
BE_Brussels,2026-09-17T09:00Z,15.8,75,11.4,13.5,0.0,17,1011.0,18.6,29.0,216,47.2,234.0,95.6,190.0
DE_Berlin,2026-09-17T09:00Z,16.2,77,12.2,15.0,0.0,35,1011.1,13.0,19.1,232,34.6,453.0,671.3,111.0
DE_Hamburg,2026-09-17T09:00Z,15.5,80,12.0,13.7,0.0,96,1010.0,16.1,24.5,211,35.6,312.0,304.3,167.0
DE_Munich,2026-09-17T09:00Z,16.3,63,9.4,15.2,0.0,32,958.0,6.3,9.0,283,19.8,469.0,648.8,118.0
ES_Madrid,2026-09-17T09:00Z,18.2,45,6.1,15.5,0.0,11,942.6,11.4,17.4,35,31.7,376.0,582.2,107.0
FR_Paris,2026-09-17T09:00Z,17.2,61,9.5,15.3,0.0,30,1011.6,11.9,17.8,244,31.3,410.0,685.1,95.0
NL_Amsterdam,2026-09-17T09:00Z,16.7,79,13.0,14.7,0.2,98,1008.9,19.9,32.7,218,43.2,359.0,535.4,118.0
PL_Warsaw,2026-09-17T09:00Z,15.8,80,12.3,14.3,0.5,100,1000.4,15.5,23.7,277,37.4,382.0,319.4,204.0
US_BPAT_Portland,2026-09-17T09:00Z,15.6,79,12.0,15.7,0.0,0,1012.1,3.4,11.5,357,7.2,0.0,0.0,0.0
US_CISO_LosAngeles,2026-09-17T09:00Z,20.7,76,16.4,22.0,0.0,63,1006.5,6.4,9.8,226,14.8,0.0,0.0,0.0
US_CISO_SanFrancisco,2026-09-17T09:00Z,16.3,87,14.1,16.0,0.0,100,1014.5,10.5,17.1,227,22.3,0.0,0.0,0.0
US_ERCO_Dallas,2026-09-17T09:00Z,29.0,60,20.5,31.7,0.0,22,1006.6,9.3,17.2,169,19.8,0.0,0.0,0.0
US_ERCO_Houston,2026-09-17T09:00Z,27.3,90,25.6,33.4,0.0,80,1017.8,7.2,14.3,79,14.8,0.0,0.0,0.0
US_ISNE_Boston,2026-09-17T09:00Z,19.1,95,18.2,21.8,0.0,100,1023.2,2.3,5.1,280,6.8,0.0,0.0,0.0
US_MISO_Chicago,2026-09-17T09:00Z,19.8,98,19.4,23.2,7.4,100,991.6,0.5,5.4,154,12.6,0.0,0.0,0.0
US_NYIS_NewYork,2026-09-17T09:00Z,21.1,88,19.1,23.8,0.0,63,1021.0,4.6,12.8,250,11.2,0.0,0.0,0.0
US_PJM_Philadelphia,2026-09-17T09:00Z,20.6,91,19.0,22.9,0.2,55,1022.3,7.3,14.6,224,17.6,0.0,0.0,0.0
US_SWPP_OklahomaCity,2026-09-17T09:00Z,27.3,57,18.1,28.5,0.0,0,979.5,11.9,24.8,186,26.3,0.0,0.0,0.0
VN_DaNang,2026-09-17T09:00Z,29.9,73,24.6,35.0,0.0,74,1007.5,9.1,12.1,72,25.6,460.0,667.3,106.0
VN_HaNoi,2026-09-17T09:00Z,26.2,88,24.1,31.3,0.5,100,1006.5,6.7,9.8,134,18.4,151.0,12.7,144.0
VN_HoChiMinh,2026-09-17T09:00Z,29.8,75,25.0,35.4,2.0,40,1005.6,7.3,9.6,167,20.5,423.0,517.5,133.0
AT_Vienna,2026-09-17T10:00Z,17.6,73,12.6,16.8,0.3,100,995.1,10.5,16.0,310,28.4,283.0,53.6,248.0
BE_Brussels,2026-09-17T10:00Z,17.4,66,10.9,14.6,0.0,100,1010.7,20.9,32.0,223,50.8,464.0,569.3,143.0
DE_Berlin,2026-09-17T10:00Z,17.2,70,11.7,15.8,0.0,58,1010.6,13.1,19.1,223,36.7,523.0,675.9,125.0
DE_Hamburg,2026-09-17T10:00Z,16.8,72,11.7,14.5,0.0,100,1009.7,19.3,29.3,218,48.2,419.0,395.0,197.0
DE_Munich,2026-09-17T10:00Z,17.2,58,8.8,16.0,0.1,48,957.9,6.3,9.0,272,19.8,543.0,655.6,128.0
ES_Madrid,2026-09-17T10:00Z,20.3,46,8.3,18.5,0.0,55,943.0,9.9,14.3,55,31.0,564.0,694.6,142.0
FR_Paris,2026-09-17T10:00Z,18.8,52,8.7,16.6,0.0,41,1011.1,12.6,18.4,244,33.1,543.0,771.9,101.0
NL_Amsterdam,2026-09-17T10:00Z,16.8,78,12.9,14.6,0.1,98,1008.7,21.1,34.8,216,47.5,373.0,262.1,229.0
PL_Warsaw,2026-09-17T10:00Z,16.8,73,11.9,15.1,0.3,100,1000.7,14.9,22.7,272,38.5,280.0,61.5,242.0
US_BPAT_Portland,2026-09-17T10:00Z,15.4,80,12.0,15.1,0.0,0,1011.7,5.8,16.4,351,12.6,0.0,0.0,0.0
US_CISO_LosAngeles,2026-09-17T10:00Z,20.4,78,16.4,21.6,0.0,81,1006.4,7.0,10.7,230,15.8,0.0,0.0,0.0
US_CISO_SanFrancisco,2026-09-17T10:00Z,16.2,88,14.2,16.2,0.1,97,1014.6,9.5,15.7,228,22.7,0.0,0.0,0.0
US_ERCO_Dallas,2026-09-17T10:00Z,28.5,62,20.6,31.3,0.0,5,1006.6,8.6,16.2,176,19.8,0.0,0.0,0.0
US_ERCO_Houston,2026-09-17T10:00Z,27.0,89,24.9,31.9,0.3,98,1018.7,11.8,21.2,83,23.0,0.0,0.0,0.0
US_ISNE_Boston,2026-09-17T10:00Z,18.9,96,18.2,21.8,0.0,100,1023.2,0.9,2.6,295,4.3,0.0,0.0,0.0
US_MISO_Chicago,2026-09-17T10:00Z,19.8,99,19.6,22.7,5.1,100,991.8,5.0,5.9,50,19.8,0.0,0.0,0.0
US_NYIS_NewYork,2026-09-17T10:00Z,20.7,90,19.1,23.7,0.0,1,1020.6,3.1,9.9,249,9.0,0.0,0.0,0.0
US_PJM_Philadelphia,2026-09-17T10:00Z,20.1,93,19.0,22.3,0.1,18,1022.0,7.7,17.2,233,18.4,0.0,0.0,0.0
US_SWPP_OklahomaCity,2026-09-17T10:00Z,26.9,59,18.2,28.2,0.0,0,979.5,11.5,24.4,191,25.9,0.0,0.0,0.0
VN_DaNang,2026-09-17T10:00Z,29.4,75,24.4,34.6,0.0,59,1007.7,7.9,11.0,75,22.7,219.0,476.1,74.0
VN_HaNoi,2026-09-17T10:00Z,26.0,91,24.4,31.6,0.3,100,1006.5,5.2,8.7,122,14.0,80.0,14.9,75.0
VN_HoChiMinh,2026-09-17T10:00Z,26.6,91,25.0,31.7,1.4,70,1007.1,11.2,16.1,214,25.6,182.0,288.8,86.0
AT_Vienna,2026-09-17T11:00Z,17.7,73,12.8,17.5,0.3,100,995.1,7.1,10.7,303,25.9,241.0,31.9,219.0
BE_Brussels,2026-09-17T11:00Z,17.4,62,10.1,14.4,0.0,97,1010.1,21.1,33.1,219,49.7,254.0,39.6,229.0
DE_Berlin,2026-09-17T11:00Z,17.8,66,11.4,16.1,0.3,84,1010.3,14.7,21.4,229,39.2,547.0,661.7,130.0
DE_Hamburg,2026-09-17T11:00Z,16.7,75,12.3,14.9,0.0,100,1009.4,17.4,26.5,219,45.7,273.0,62.2,235.0
DE_Munich,2026-09-17T11:00Z,18.1,54,8.6,16.9,0.1,58,957.6,8.2,11.6,278,23.4,617.0,699.0,139.0
ES_Madrid,2026-09-17T11:00Z,21.7,45,9.3,20.2,0.0,21,943.2,9.0,13.1,67,29.5,540.0,410.8,247.0
FR_Paris,2026-09-17T11:00Z,20.1,45,7.9,17.3,0.0,95,1010.3,16.4,24.1,248,41.0,585.0,692.6,136.0
NL_Amsterdam,2026-09-17T11:00Z,16.9,76,12.6,14.4,0.2,100,1008.5,22.3,36.7,225,48.2,300.0,114.2,230.0
PL_Warsaw,2026-09-17T11:00Z,17.3,68,11.3,15.9,0.0,100,1000.7,12.1,18.2,272,38.5,282.0,26.6,265.0
US_BPAT_Portland,2026-09-17T11:00Z,15.1,81,11.8,14.9,0.0,0,1011.5,4.8,16.0,1,13.0,0.0,0.0,0.0
US_CISO_LosAngeles,2026-09-17T11:00Z,20.1,80,16.5,21.4,0.0,82,1006.6,6.7,10.2,246,15.8,0.0,0.0,0.0
US_CISO_SanFrancisco,2026-09-17T11:00Z,16.1,90,14.4,16.2,0.1,76,1014.8,8.8,15.2,224,20.2,0.0,0.0,0.0
US_ERCO_Dallas,2026-09-17T11:00Z,28.1,64,20.6,31.2,0.0,5,1006.5,6.5,13.3,183,18.0,0.0,0.0,0.0
US_ERCO_Houston,2026-09-17T11:00Z,26.2,91,24.7,31.5,0.5,96,1016.7,8.0,13.0,19,28.4,0.0,0.0,0.0
US_ISNE_Boston,2026-09-17T11:00Z,18.9,95,18.1,21.8,0.0,100,1023.2,0.8,0.6,56,1.8,5.0,15.2,4.0
US_MISO_Chicago,2026-09-17T11:00Z,19.8,99,19.7,23.4,6.1,100,992.0,0.9,0.5,360,19.4,0.0,0.0,0.0
US_NYIS_NewYork,2026-09-17T11:00Z,20.4,92,19.0,23.2,0.0,63,1020.8,3.3,10.6,260,5.8,3.0,19.1,2.0
US_PJM_Philadelphia,2026-09-17T11:00Z,20.2,94,19.1,22.7,0.0,43,1022.1,5.8,11.7,214,14.8,1.0,0.0,1.0
US_SWPP_OklahomaCity,2026-09-17T11:00Z,26.5,61,18.4,27.9,0.0,0,979.5,11.4,24.3,196,24.8,0.0,0.0,0.0
VN_DaNang,2026-09-17T11:00Z,28.7,81,25.1,34.8,0.1,78,1008.3,4.0,7.6,89,17.6,34.0,136.7,18.0
VN_HaNoi,2026-09-17T11:00Z,25.6,94,24.5,31.6,0.2,100,1006.8,2.7,7.7,139,9.0,21.0,0.0,21.0
VN_HoChiMinh,2026-09-17T11:00Z,25.5,94,24.6,30.7,4.2,73,1007.9,8.6,15.7,230,25.2,26.0,76.5,16.0
AT_Vienna,2026-09-17T12:00Z,16.7,86,14.4,17.1,0.2,100,994.7,6.9,12.2,329,18.7,127.0,8.8,121.0
BE_Brussels,2026-09-17T12:00Z,17.6,64,10.6,14.4,0.0,100,1009.8,23.3,36.1,222,54.7,321.0,176.4,205.0
DE_Berlin,2026-09-17T12:00Z,18.4,59,10.4,16.7,0.0,80,1010.1,12.6,18.2,223,39.2,542.0,601.1,163.0
DE_Hamburg,2026-09-17T12:00Z,17.2,71,11.8,15.1,0.0,100,1009.0,18.0,27.9,214,45.7,242.0,69.3,199.0
DE_Munich,2026-09-17T12:00Z,18.1,56,9.1,16.9,0.0,83,957.3,6.4,8.9,279,24.1,533.0,495.7,191.0
ES_Madrid,2026-09-17T12:00Z,23.1,41,9.3,22.9,0.0,5,942.3,6.5,9.0,67,28.4,697.0,695.6,160.0
FR_Paris,2026-09-17T12:00Z,21.1,39,6.7,17.8,0.0,63,1010.0,16.7,24.6,249,43.9,489.0,380.0,230.0
NL_Amsterdam,2026-09-17T12:00Z,17.3,77,13.3,15.5,0.2,100,1008.1,19.4,31.5,219,47.9,164.0,4.7,161.0
PL_Warsaw,2026-09-17T12:00Z,17.6,66,11.1,16.1,0.0,91,1001.1,12.1,18.1,275,30.6,361.0,142.2,273.0
US_BPAT_Portland,2026-09-17T12:00Z,13.3,87,11.1,13.5,0.0,0,1012.0,0.6,5.9,360,11.5,0.0,0.0,0.0
US_CISO_LosAngeles,2026-09-17T12:00Z,20.0,82,16.7,21.5,0.0,41,1007.0,5.4,9.5,268,15.5,0.0,0.0,0.0
US_CISO_SanFrancisco,2026-09-17T12:00Z,16.4,86,14.0,16.9,0.1,100,1015.2,5.3,10.9,219,18.7,0.0,0.0,0.0
US_ERCO_Dallas,2026-09-17T12:00Z,27.2,68,20.9,30.7,0.0,1,1007.0,5.6,11.6,172,16.2,0.0,0.0,0.0
US_ERCO_Houston,2026-09-17T12:00Z,25.0,96,24.3,29.8,0.1,81,1018.6,9.6,19.5,61,23.4,0.0,0.0,0.0
US_ISNE_Boston,2026-09-17T12:00Z,19.0,94,18.0,21.7,0.0,30,1023.4,1.9,4.2,20,7.6,70.0,85.3,54.0
US_MISO_Chicago,2026-09-17T12:00Z,20.1,99,19.9,22.6,2.1,100,992.2,8.8,16.1,248,18.0,1.0,0.0,1.0
US_NYIS_NewYork,2026-09-17T12:00Z,20.8,91,19.3,24.1,0.0,7,1020.9,1.0,4.3,253,7.6,94.0,332.8,43.0
US_PJM_Philadelphia,2026-09-17T12:00Z,20.4,93,19.2,23.3,0.0,42,1022.2,3.5,9.2,206,12.6,83.0,322.4,38.0
US_SWPP_OklahomaCity,2026-09-17T12:00Z,26.1,63,18.6,27.7,0.0,0,980.2,10.7,23.6,210,24.8,0.0,0.0,0.0
VN_DaNang,2026-09-17T12:00Z,28.6,79,24.7,34.3,0.1,37,1009.0,5.2,10.5,85,9.4,0.0,0.0,0.0
VN_HaNoi,2026-09-17T12:00Z,25.7,94,24.6,31.5,0.0,100,1007.9,4.5,10.6,109,4.3,0.0,0.0,0.0
VN_HoChiMinh,2026-09-17T12:00Z,26.7,94,25.6,32.7,1.1,91,1008.5,7.7,15.2,230,16.6,0.0,0.0,0.0
AT_Vienna,2026-09-17T13:00Z,16.9,85,14.4,17.6,0.3,99,994.6,4.6,7.7,295,16.9,146.0,8.0,141.0
BE_Brussels,2026-09-17T13:00Z,18.5,59,10.4,15.4,0.0,100,1009.2,21.6,34.1,227,53.6,313.0,137.3,225.0
DE_Berlin,2026-09-17T13:00Z,18.1,63,10.8,16.9,0.2,46,1009.6,9.5,14.3,239,32.4,334.0,279.7,169.0
DE_Hamburg,2026-09-17T13:00Z,16.8,72,11.7,14.9,0.1,100,1008.7,16.2,26.0,218,40.7,156.0,8.5,151.0
DE_Munich,2026-09-17T13:00Z,18.8,51,8.4,17.5,0.0,66,956.7,5.9,8.6,280,18.7,499.0,491.7,179.0
ES_Madrid,2026-09-17T13:00Z,24.8,37,9.0,25.2,0.0,14,941.7,3.9,5.5,52,22.0,745.0,777.2,139.0
FR_Paris,2026-09-17T13:00Z,21.8,37,6.5,18.4,0.0,88,1009.2,17.4,25.9,250,43.2,533.0,475.8,214.0
NL_Amsterdam,2026-09-17T13:00Z,16.5,82,13.4,14.9,0.4,100,1007.7,18.6,31.9,217,41.0,196.0,29.0,178.0
PL_Warsaw,2026-09-17T13:00Z,17.9,62,10.5,16.2,0.1,18,1000.9,12.1,18.2,269,31.0,394.0,318.9,216.0
US_BPAT_Portland,2026-09-17T13:00Z,12.7,90,11.0,12.4,0.0,0,1011.9,3.6,11.1,351,5.8,0.0,0.0,0.0
US_CISO_LosAngeles,2026-09-17T13:00Z,19.7,83,16.7,21.3,0.0,76,1007.3,4.7,7.9,286,13.0,0.0,0.0,0.0
US_CISO_SanFrancisco,2026-09-17T13:00Z,16.6,87,14.3,16.9,0.0,100,1015.6,7.0,13.2,202,14.4,0.0,0.0,0.0
US_ERCO_Dallas,2026-09-17T13:00Z,27.6,68,21.1,31.2,0.0,1,1007.6,5.4,11.4,159,13.7,31.0,157.0,15.0
US_ERCO_Houston,2026-09-17T13:00Z,26.1,95,25.3,31.5,0.0,71,1018.9,10.0,21.8,68,20.2,33.0,86.8,23.0
US_ISNE_Boston,2026-09-17T13:00Z,20.5,89,18.7,23.6,0.0,21,1023.2,1.5,2.0,80,10.1,273.0,481.3,96.0
US_MISO_Chicago,2026-09-17T13:00Z,20.7,97,20.2,23.3,10.4,100,992.1,9.4,19.2,233,24.1,4.0,0.0,4.0
US_NYIS_NewYork,2026-09-17T13:00Z,23.1,81,19.7,26.2,0.0,29,1020.7,3.9,6.2,172,13.3,264.0,556.8,74.0
US_PJM_Philadelphia,2026-09-17T13:00Z,22.3,84,19.5,25.3,0.0,30,1022.0,4.2,7.6,172,13.7,235.0,477.5,77.0
US_SWPP_OklahomaCity,2026-09-17T13:00Z,26.6,62,18.7,28.4,0.0,0,981.0,9.7,20.6,211,22.7,28.0,158.0,13.0
VN_DaNang,2026-09-17T13:00Z,28.1,83,25.0,34.3,0.3,75,1009.8,3.6,9.6,95,9.4,0.0,0.0,0.0
VN_HaNoi,2026-09-17T13:00Z,25.3,95,24.4,31.1,0.0,99,1008.3,4.0,11.7,111,7.6,0.0,0.0,0.0
VN_HoChiMinh,2026-09-17T13:00Z,26.5,95,25.7,32.6,0.4,87,1008.6,7.7,14.4,260,14.4,0.0,0.0,0.0
AT_Vienna,2026-09-17T14:00Z,17.0,84,14.3,17.9,0.1,100,994.1,3.5,5.9,272,12.6,100.0,5.6,97.0
BE_Brussels,2026-09-17T14:00Z,18.4,59,10.3,15.8,0.0,100,1008.8,18.3,30.2,224,49.7,139.0,8.6,134.0
DE_Berlin,2026-09-17T14:00Z,18.6,59,10.5,16.8,0.0,31,1009.3,13.4,20.1,225,31.3,384.0,502.9,127.0
DE_Hamburg,2026-09-17T14:00Z,16.7,73,11.8,14.7,0.0,100,1008.3,17.1,29.1,216,37.1,91.0,0.0,91.0
DE_Munich,2026-09-17T14:00Z,19.2,49,8.2,17.7,0.0,32,956.1,6.9,9.8,283,19.8,484.0,643.0,118.0
ES_Madrid,2026-09-17T14:00Z,26.4,32,8.2,26.2,0.0,34,941.2,3.6,4.7,40,18.7,679.0,701.1,163.0
FR_Paris,2026-09-17T14:00Z,22.1,37,6.8,18.8,0.0,97,1008.8,17.1,25.5,250,43.6,455.0,406.2,205.0
NL_Amsterdam,2026-09-17T14:00Z,16.1,90,14.4,14.4,1.7,100,1007.4,21.3,35.2,207,43.9,195.0,80.1,150.0
PL_Warsaw,2026-09-17T14:00Z,18.2,59,10.0,16.3,0.1,39,1001.0,12.5,18.6,266,31.0,384.0,617.9,99.0
US_BPAT_Portland,2026-09-17T14:00Z,12.9,92,11.5,12.3,0.0,0,1012.0,6.7,17.0,353,12.6,0.0,0.0,0.0
US_CISO_LosAngeles,2026-09-17T14:00Z,19.7,82,16.6,21.5,0.0,44,1007.7,3.4,5.1,297,10.8,3.0,0.0,3.0
US_CISO_SanFrancisco,2026-09-17T14:00Z,16.6,87,14.4,16.9,0.0,100,1016.3,8.1,14.0,196,16.6,0.0,0.0,0.0
US_ERCO_Dallas,2026-09-17T14:00Z,29.2,62,21.3,33.0,0.0,21,1007.9,5.0,7.5,163,16.2,194.0,500.6,61.0
US_ERCO_Houston,2026-09-17T14:00Z,27.1,87,24.7,32.2,0.0,97,1019.1,9.9,15.1,58,23.8,169.0,289.7,84.0
US_ISNE_Boston,2026-09-17T14:00Z,22.0,84,19.2,25.2,0.0,59,1023.2,2.3,2.7,118,11.9,439.0,611.9,118.0
US_MISO_Chicago,2026-09-17T14:00Z,21.2,97,20.6,24.5,2.3,100,992.0,5.4,12.6,251,17.3,33.0,0.0,33.0
US_NYIS_NewYork,2026-09-17T14:00Z,24.8,74,19.7,27.2,0.0,40,1020.9,8.6,13.0,179,23.8,427.0,626.4,109.0
US_PJM_Philadelphia,2026-09-17T14:00Z,24.6,75,19.8,27.4,0.0,18,1022.2,6.3,10.0,201,19.4,405.0,600.5,104.0
US_SWPP_OklahomaCity,2026-09-17T14:00Z,28.1,57,18.9,30.2,0.0,0,981.6,8.2,15.0,203,21.2,188.0,527.5,56.0
VN_DaNang,2026-09-17T14:00Z,28.0,86,25.3,34.5,0.2,70,1010.6,2.4,7.2,102,6.5,0.0,0.0,0.0
VN_HaNoi,2026-09-17T14:00Z,25.2,95,24.4,30.9,0.0,52,1009.0,3.7,10.8,101,7.2,0.0,0.0,0.0
VN_HoChiMinh,2026-09-17T14:00Z,26.1,96,25.5,32.1,0.1,98,1009.2,7.0,13.4,263,16.2,0.0,0.0,0.0
AT_Vienna,2026-09-17T15:00Z,17.1,83,14.1,17.8,0.0,100,993.6,4.0,7.2,256,10.4,80.0,4.9,78.0
BE_Brussels,2026-09-17T15:00Z,18.2,61,10.5,15.8,0.0,100,1008.3,17.3,29.7,220,41.0,81.0,0.0,81.0
DE_Berlin,2026-09-17T15:00Z,18.3,60,10.3,16.4,0.0,100,1008.9,13.9,21.4,219,33.1,304.0,523.3,95.0
DE_Hamburg,2026-09-17T15:00Z,17.1,71,11.7,14.8,0.0,95,1007.9,18.9,30.7,211,40.3,191.0,35.8,176.0
DE_Munich,2026-09-17T15:00Z,18.9,48,7.5,17.3,0.0,52,955.6,6.4,9.1,284,19.8,390.0,652.3,96.0
ES_Madrid,2026-09-17T15:00Z,26.2,31,7.6,24.7,0.0,45,940.7,5.8,7.7,65,19.8,406.0,290.5,219.0
FR_Paris,2026-09-17T15:00Z,22.2,38,7.1,19.1,0.0,100,1008.4,16.1,24.0,252,42.1,311.0,172.9,221.0
NL_Amsterdam,2026-09-17T15:00Z,15.7,94,14.7,14.3,1.7,100,1007.2,20.1,33.9,222,43.2,200.0,145.3,132.0
PL_Warsaw,2026-09-17T15:00Z,17.8,60,10.0,16.0,0.2,23,1001.0,11.7,18.6,266,30.6,240.0,462.7,85.0
US_BPAT_Portland,2026-09-17T15:00Z,14.1,87,11.9,13.7,0.0,0,1012.3,6.1,14.9,1,13.3,63.0,330.7,25.0
US_CISO_LosAngeles,2026-09-17T15:00Z,20.5,77,16.4,22.4,0.0,51,1008.1,2.2,3.0,256,9.7,81.0,202.4,46.0
US_CISO_SanFrancisco,2026-09-17T15:00Z,16.8,87,14.5,17.0,0.0,100,1016.9,8.3,13.0,194,20.2,30.0,0.0,30.0
US_ERCO_Dallas,2026-09-17T15:00Z,31.3,55,21.3,35.1,0.0,8,1008.1,4.7,6.7,177,18.0,392.0,641.6,94.0
US_ERCO_Houston,2026-09-17T15:00Z,28.7,79,24.7,33.4,0.0,99,1019.2,12.1,17.7,75,30.2,304.0,229.7,190.0
US_ISNE_Boston,2026-09-17T15:00Z,23.3,79,19.5,26.3,0.0,72,1022.7,4.8,6.1,130,16.6,526.0,562.3,162.0
US_MISO_Chicago,2026-09-17T15:00Z,21.6,97,21.1,25.0,1.2,100,992.3,6.6,14.7,246,15.5,62.0,0.0,62.0
US_NYIS_NewYork,2026-09-17T15:00Z,26.1,68,19.6,28.5,0.0,16,1020.5,8.9,13.3,189,25.9,567.0,678.6,132.0
US_PJM_Philadelphia,2026-09-17T15:00Z,26.9,67,20.2,29.7,0.0,9,1021.8,9.6,14.1,210,26.3,599.0,780.9,100.0
US_SWPP_OklahomaCity,2026-09-17T15:00Z,30.3,51,18.9,32.2,0.0,0,981.8,9.4,14.4,200,25.9,387.0,694.0,79.0
VN_DaNang,2026-09-17T15:00Z,27.6,88,25.5,34.4,0.1,78,1011.0,1.7,4.1,157,4.3,0.0,0.0,0.0
VN_HaNoi,2026-09-17T15:00Z,24.9,96,24.3,30.5,0.0,44,1009.7,3.9,11.0,95,7.6,0.0,0.0,0.0
VN_HoChiMinh,2026-09-17T15:00Z,26.1,96,25.3,32.6,0.1,99,1010.1,2.3,7.4,277,13.3,0.0,0.0,0.0
AT_Vienna,2026-09-17T16:00Z,17.0,83,14.1,17.9,0.0,100,993.3,2.7,7.4,266,9.7,47.0,11.9,44.0
BE_Brussels,2026-09-17T16:00Z,18.4,61,10.8,16.0,0.0,100,1008.0,17.7,29.5,224,40.7,132.0,50.1,114.0
DE_Berlin,2026-09-17T16:00Z,17.5,67,11.2,16.7,0.0,90,1008.5,7.6,14.3,197,31.3,100.0,99.1,74.0
DE_Hamburg,2026-09-17T16:00Z,16.8,72,11.7,14.7,0.0,100,1007.5,17.8,30.1,213,41.0,143.0,151.8,99.0
DE_Munich,2026-09-17T16:00Z,18.4,49,7.4,17.0,0.0,47,955.2,4.5,6.8,268,16.9,244.0,544.1,79.0
ES_Madrid,2026-09-17T16:00Z,26.4,31,7.7,24.9,0.0,42,940.3,6.0,7.7,90,21.2,392.0,495.1,140.0
FR_Paris,2026-09-17T16:00Z,21.4,42,7.9,18.5,0.0,99,1007.9,16.0,24.8,248,38.5,111.0,7.7,108.0
NL_Amsterdam,2026-09-17T16:00Z,15.6,94,14.6,14.4,0.9,91,1006.9,18.4,32.0,234,40.3,148.0,95.9,115.0
PL_Warsaw,2026-09-17T16:00Z,16.9,68,10.9,16.0,0.0,9,1000.9,7.9,14.7,259,27.0,117.0,378.1,46.0
US_BPAT_Portland,2026-09-17T16:00Z,16.2,73,11.5,16.2,0.0,0,1012.7,3.2,7.3,7,12.2,223.0,591.7,58.0
US_CISO_LosAngeles,2026-09-17T16:00Z,21.7,70,16.1,23.4,0.0,60,1008.1,2.6,3.3,202,11.9,204.0,293.9,93.0
US_CISO_SanFrancisco,2026-09-17T16:00Z,17.1,86,14.7,17.4,0.3,100,1017.2,8.5,12.2,204,23.4,183.0,257.6,103.0
US_ERCO_Dallas,2026-09-17T16:00Z,33.2,48,20.6,36.8,0.0,27,1008.1,4.7,6.7,171,19.8,580.0,753.7,103.0
US_ERCO_Houston,2026-09-17T16:00Z,29.8,73,24.6,34.6,0.1,97,1019.1,11.5,16.6,77,31.0,355.0,90.0,295.0
US_ISNE_Boston,2026-09-17T16:00Z,24.5,74,19.7,27.4,0.0,44,1022.1,7.1,9.9,158,20.9,574.0,533.3,186.0
US_MISO_Chicago,2026-09-17T16:00Z,22.4,98,22.0,26.5,0.6,100,991.9,5.3,11.5,203,12.2,134.0,12.5,126.0
US_NYIS_NewYork,2026-09-17T16:00Z,27.5,62,19.6,30.4,0.0,37,1019.8,9.8,14.2,200,27.4,671.0,764.7,111.0
US_PJM_Philadelphia,2026-09-17T16:00Z,28.4,61,20.1,31.3,0.0,63,1020.8,11.7,17.0,199,31.0,684.0,744.4,137.0
US_SWPP_OklahomaCity,2026-09-17T16:00Z,32.3,45,19.0,34.0,0.0,0,982.1,11.3,16.6,199,31.0,568.0,782.1,92.0
VN_DaNang,2026-09-17T16:00Z,27.2,92,25.7,33.9,0.1,98,1010.8,3.7,5.8,210,7.6,0.0,0.0,0.0
VN_HaNoi,2026-09-17T16:00Z,24.7,97,24.1,30.4,0.0,63,1009.7,2.7,8.9,99,6.8,0.0,0.0,0.0
VN_HoChiMinh,2026-09-17T16:00Z,26.0,96,25.3,32.7,0.0,100,1010.0,1.8,7.0,283,5.0,0.0,0.0,0.0
AT_Vienna,2026-09-17T17:00Z,16.7,87,14.4,17.9,0.0,100,992.8,1.5,6.7,268,5.0,16.0,39.4,12.0
BE_Brussels,2026-09-17T17:00Z,17.0,71,11.6,14.8,0.3,100,1007.7,18.0,31.3,227,39.2,21.0,0.0,21.0
DE_Berlin,2026-09-17T17:00Z,16.7,71,11.5,16.0,0.0,94,1007.8,7.6,17.6,181,15.5,45.0,118.0,32.0
DE_Hamburg,2026-09-17T17:00Z,16.2,75,11.8,14.2,0.0,100,1006.9,17.4,30.6,212,37.1,32.0,0.0,32.0
DE_Munich,2026-09-17T17:00Z,17.1,63,10.0,17.0,0.0,14,954.4,0.8,4.2,290,11.2,91.0,365.0,41.0
ES_Madrid,2026-09-17T17:00Z,25.9,32,8.0,24.3,0.0,92,940.0,7.4,9.9,106,21.6,277.0,583.1,78.0
FR_Paris,2026-09-17T17:00Z,20.7,46,8.7,18.2,0.0,100,1007.7,14.3,22.8,245,37.4,79.0,29.4,72.0
NL_Amsterdam,2026-09-17T17:00Z,15.3,93,14.2,14.3,0.1,100,1006.7,16.1,29.5,238,37.1,82.0,105.8,61.0
PL_Warsaw,2026-09-17T17:00Z,15.4,77,11.3,14.8,0.0,5,1000.9,6.9,15.4,247,16.2,19.0,112.9,11.0
US_BPAT_Portland,2026-09-17T17:00Z,18.8,61,11.1,18.4,0.0,2,1012.5,4.5,7.2,346,16.9,395.0,732.1,74.0
US_CISO_LosAngeles,2026-09-17T17:00Z,23.2,62,15.4,24.4,0.0,57,1008.2,3.9,5.1,184,15.5,331.0,268.8,181.0
US_CISO_SanFrancisco,2026-09-17T17:00Z,18.7,72,13.5,18.5,0.5,99,1017.5,8.4,11.7,226,25.9,376.0,442.6,159.0
US_ERCO_Dallas,2026-09-17T17:00Z,34.7,42,19.7,38.6,0.1,38,1007.6,5.2,7.3,157,21.6,711.0,783.4,116.0
US_ERCO_Houston,2026-09-17T17:00Z,31.6,66,24.6,36.5,0.0,100,1018.4,12.3,17.4,80,33.8,602.0,412.7,275.0
US_ISNE_Boston,2026-09-17T17:00Z,25.2,72,19.8,28.1,0.0,100,1021.2,6.9,9.9,153,21.2,571.0,473.7,211.0
US_MISO_Chicago,2026-09-17T17:00Z,23.6,94,22.5,28.6,0.0,100,991.5,0.7,2.6,192,14.4,269.0,84.0,208.0
US_NYIS_NewYork,2026-09-17T17:00Z,29.1,57,19.6,31.8,0.0,100,1018.8,12.1,17.7,218,31.3,713.0,704.2,167.0
US_PJM_Philadelphia,2026-09-17T17:00Z,28.6,60,20.1,30.7,0.0,98,1019.9,12.6,18.7,205,32.0,519.0,349.0,246.0
US_SWPP_OklahomaCity,2026-09-17T17:00Z,33.9,40,18.4,36.1,0.0,8,981.6,11.8,17.3,205,33.8,709.0,829.1,101.0
VN_DaNang,2026-09-17T17:00Z,26.9,92,25.6,33.3,0.0,97,1010.3,5.0,7.7,216,10.4,0.0,0.0,0.0
VN_HaNoi,2026-09-17T17:00Z,24.5,98,24.1,30.3,0.0,34,1009.4,1.9,7.3,101,4.7,0.0,0.0,0.0
VN_HoChiMinh,2026-09-17T17:00Z,26.0,96,25.3,32.6,0.1,100,1009.4,2.0,7.6,288,5.4,0.0,0.0,0.0
AT_Vienna,2026-09-17T18:00Z,16.6,88,14.6,17.9,0.0,100,992.6,1.3,5.5,261,4.7,0.0,0.0,0.0
BE_Brussels,2026-09-17T18:00Z,16.6,74,12.0,14.6,0.0,100,1007.9,18.1,31.6,223,43.2,9.0,12.3,8.0
DE_Berlin,2026-09-17T18:00Z,16.3,69,10.7,15.0,0.0,98,1007.7,10.7,23.4,206,18.4,1.0,0.0,1.0
DE_Hamburg,2026-09-17T18:00Z,16.1,78,12.3,14.3,0.0,100,1006.7,17.2,30.7,208,36.7,3.0,0.0,3.0
DE_Munich,2026-09-17T18:00Z,16.3,63,9.4,15.9,0.0,19,954.0,1.9,4.0,252,1.4,3.0,19.1,2.0
ES_Madrid,2026-09-17T18:00Z,24.8,34,8.0,23.6,0.0,98,939.8,4.3,7.0,69,22.0,92.0,276.6,50.0
FR_Paris,2026-09-17T18:00Z,19.7,54,10.0,17.5,0.0,100,1008.0,14.9,25.5,250,33.1,15.0,0.0,15.0
NL_Amsterdam,2026-09-17T18:00Z,14.0,95,13.2,13.1,0.7,100,1007.3,13.5,25.9,241,35.6,15.0,26.1,13.0
PL_Warsaw,2026-09-17T18:00Z,14.8,78,11.0,13.9,0.0,9,1001.3,8.0,18.2,253,14.4,0.0,0.0,0.0
US_BPAT_Portland,2026-09-17T18:00Z,20.8,51,10.4,20.5,0.0,5,1013.2,2.7,3.5,28,17.6,544.0,808.8,83.0
US_CISO_LosAngeles,2026-09-17T18:00Z,25.0,50,13.8,25.5,0.0,65,1008.6,4.7,6.1,180,20.2,473.0,390.5,199.0
US_CISO_SanFrancisco,2026-09-17T18:00Z,19.6,65,12.7,19.3,0.4,91,1018.4,7.8,10.6,224,29.5,501.0,485.9,191.0
US_ERCO_Dallas,2026-09-17T18:00Z,36.1,37,19.2,40.2,0.1,54,1007.3,5.0,6.6,137,24.5,774.0,761.0,138.0
US_ERCO_Houston,2026-09-17T18:00Z,30.1,74,24.9,35.2,0.3,100,1019.4,10.3,14.0,121,36.7,466.0,152.5,334.0
US_ISNE_Boston,2026-09-17T18:00Z,24.4,78,20.3,27.7,0.0,100,1020.4,5.5,8.2,126,20.9,303.0,121.3,213.0
US_MISO_Chicago,2026-09-17T18:00Z,25.2,84,22.4,30.1,0.0,99,991.5,1.8,2.3,299,12.6,571.0,362.5,294.0
US_NYIS_NewYork,2026-09-17T18:00Z,29.0,58,19.8,30.8,0.0,88,1018.0,12.7,18.3,218,32.4,422.0,234.7,242.0
US_PJM_Philadelphia,2026-09-17T18:00Z,28.8,60,20.3,30.8,0.0,86,1019.4,13.3,19.6,213,32.8,538.0,336.9,276.0
US_SWPP_OklahomaCity,2026-09-17T18:00Z,35.9,32,16.6,38.2,0.0,16,981.4,9.2,12.8,208,33.8,786.0,835.1,110.0
VN_DaNang,2026-09-17T18:00Z,26.5,91,25.0,33.0,0.0,98,1010.0,1.0,2.8,140,9.7,0.0,0.0,0.0
VN_HaNoi,2026-09-17T18:00Z,24.8,97,24.4,30.4,0.0,39,1009.1,5.2,9.8,77,7.2,0.0,0.0,0.0
VN_HoChiMinh,2026-09-17T18:00Z,25.7,93,24.5,31.8,0.3,100,1009.4,1.7,6.4,308,7.2,0.0,0.0,0.0
AT_Vienna,2026-09-17T19:00Z,16.3,90,14.6,17.5,0.0,48,992.5,2.3,5.5,257,5.0,0.0,0.0,0.0
BE_Brussels,2026-09-17T19:00Z,16.1,78,12.2,14.2,0.0,99,1008.0,16.9,29.5,226,39.6,0.0,0.0,0.0
DE_Berlin,2026-09-17T19:00Z,15.9,66,9.6,14.3,0.0,98,1007.6,10.0,23.1,203,20.9,0.0,0.0,0.0
DE_Hamburg,2026-09-17T19:00Z,16.0,80,12.5,14.1,0.1,96,1006.5,17.6,31.3,214,37.1,0.0,0.0,0.0
DE_Munich,2026-09-17T19:00Z,15.4,65,8.9,14.9,0.0,41,954.1,1.4,1.8,259,2.9,0.0,0.0,0.0
ES_Madrid,2026-09-17T19:00Z,23.8,42,10.0,23.5,0.0,92,939.6,1.4,3.4,106,9.0,3.0,0.0,3.0
FR_Paris,2026-09-17T19:00Z,19.3,56,10.4,17.5,0.0,100,1008.0,13.1,21.8,249,33.5,0.0,0.0,0.0
NL_Amsterdam,2026-09-17T19:00Z,14.3,97,13.8,13.7,0.1,100,1007.4,11.9,23.0,220,27.4,0.0,0.0,0.0
PL_Warsaw,2026-09-17T19:00Z,14.1,80,10.8,13.3,0.0,28,1001.3,7.0,16.9,254,15.1,0.0,0.0,0.0
US_BPAT_Portland,2026-09-17T19:00Z,23.5,42,9.8,23.7,0.0,0,1013.0,2.5,3.1,310,15.8,652.0,846.0,90.0
US_CISO_LosAngeles,2026-09-17T19:00Z,26.9,42,12.9,27.3,0.0,88,1008.1,6.5,8.4,195,21.6,624.0,483.3,238.0
US_CISO_SanFrancisco,2026-09-17T19:00Z,19.9,63,12.8,19.5,0.2,99,1018.7,8.9,12.1,227,27.7,528.0,334.8,279.0
US_ERCO_Dallas,2026-09-17T19:00Z,37.3,33,18.5,40.9,0.0,55,1006.3,6.9,9.4,122,24.5,786.0,737.0,155.0
US_ERCO_Houston,2026-09-17T19:00Z,26.0,90,24.3,31.2,3.8,100,1019.5,7.7,10.7,77,38.2,276.0,22.7,256.0
US_ISNE_Boston,2026-09-17T19:00Z,24.3,82,21.1,28.5,0.1,98,1019.6,2.0,3.0,142,16.6,337.0,165.9,225.0
US_MISO_Chicago,2026-09-17T19:00Z,24.2,88,22.1,27.7,0.0,100,991.0,9.9,13.1,25,25.2,517.0,310.1,284.0
US_NYIS_NewYork,2026-09-17T19:00Z,28.6,59,19.8,30.7,0.0,100,1017.1,11.4,16.9,205,31.0,446.0,244.3,273.0
US_PJM_Philadelphia,2026-09-17T19:00Z,29.5,57,20.2,31.5,0.0,100,1018.3,13.5,20.1,220,34.2,566.0,505.7,201.0
US_SWPP_OklahomaCity,2026-09-17T19:00Z,36.3,30,16.0,38.5,0.0,16,980.4,8.1,11.5,188,28.1,777.0,787.4,122.0
VN_DaNang,2026-09-17T19:00Z,26.3,91,24.8,32.5,0.2,91,1009.7,2.7,6.0,134,4.7,0.0,0.0,0.0
VN_HaNoi,2026-09-17T19:00Z,24.4,98,24.0,29.9,0.0,71,1008.6,4.2,11.6,57,9.4,0.0,0.0,0.0
VN_HoChiMinh,2026-09-17T19:00Z,25.6,95,24.8,31.9,2.3,100,1008.2,1.9,6.9,307,7.2,0.0,0.0,0.0
AT_Vienna,2026-09-17T20:00Z,15.5,92,14.2,16.2,0.0,5,992.4,4.3,8.0,264,8.6,0.0,0.0,0.0
BE_Brussels,2026-09-17T20:00Z,15.6,82,12.5,14.0,0.0,68,1008.1,15.7,28.1,230,36.7,0.0,0.0,0.0
DE_Berlin,2026-09-17T20:00Z,15.2,69,9.5,13.6,0.0,94,1007.4,10.2,23.1,197,20.2,0.0,0.0,0.0
DE_Hamburg,2026-09-17T20:00Z,15.8,81,12.5,13.9,0.2,100,1006.5,17.9,31.4,220,37.4,0.0,0.0,0.0
DE_Munich,2026-09-17T20:00Z,14.0,73,9.3,13.2,0.0,77,954.1,4.5,3.8,262,9.0,0.0,0.0,0.0
ES_Madrid,2026-09-17T20:00Z,23.3,45,10.6,23.4,0.0,68,940.0,0.5,3.5,125,4.7,0.0,0.0,0.0
FR_Paris,2026-09-17T20:00Z,19.0,58,10.7,17.2,0.0,100,1008.2,13.4,22.7,251,29.5,0.0,0.0,0.0
NL_Amsterdam,2026-09-17T20:00Z,14.4,96,13.8,14.6,0.0,25,1007.6,7.0,16.6,251,27.4,0.0,0.0,0.0
PL_Warsaw,2026-09-17T20:00Z,13.3,84,10.6,12.6,0.0,8,1001.2,5.9,15.1,250,13.3,0.0,0.0,0.0
US_BPAT_Portland,2026-09-17T20:00Z,25.5,35,9.1,25.7,0.0,1,1012.6,4.0,5.2,297,18.7,712.0,867.0,92.0
US_CISO_LosAngeles,2026-09-17T20:00Z,27.1,45,14.1,27.9,0.0,10,1007.4,10.4,13.9,219,30.2,739.0,571.9,257.0
US_CISO_SanFrancisco,2026-09-17T20:00Z,19.5,68,13.3,19.1,0.2,100,1018.7,9.7,13.0,231,28.8,470.0,171.2,333.0
US_ERCO_Dallas,2026-09-17T20:00Z,37.2,33,18.3,39.7,0.0,23,1005.1,10.6,14.5,118,31.7,737.0,683.2,177.0
US_ERCO_Houston,2026-09-17T20:00Z,27.8,79,23.8,32.5,0.5,100,1017.9,8.8,12.8,88,28.8,287.0,72.9,226.0
US_ISNE_Boston,2026-09-17T20:00Z,23.8,87,21.5,28.0,0.2,73,1018.9,3.1,4.5,146,10.1,184.0,58.5,151.0
US_MISO_Chicago,2026-09-17T20:00Z,23.0,86,20.6,25.5,0.1,88,990.5,11.2,16.5,23,28.8,426.0,236.6,263.0
US_NYIS_NewYork,2026-09-17T20:00Z,28.0,63,20.2,30.4,0.0,100,1016.4,10.7,16.0,210,29.2,276.0,104.6,213.0
US_PJM_Philadelphia,2026-09-17T20:00Z,28.7,61,20.4,30.9,0.0,100,1017.5,12.9,20.3,220,33.8,224.0,32.4,204.0
US_SWPP_OklahomaCity,2026-09-17T20:00Z,36.6,29,15.9,38.5,0.0,9,979.5,8.5,11.9,181,27.4,732.0,761.1,124.0
VN_DaNang,2026-09-17T20:00Z,26.0,94,25.0,32.4,0.0,91,1009.4,2.3,5.8,129,6.5,0.0,0.0,0.0
VN_HaNoi,2026-09-17T20:00Z,24.3,97,23.9,29.7,0.0,54,1008.5,3.9,11.6,60,8.3,0.0,0.0,0.0
VN_HoChiMinh,2026-09-17T20:00Z,25.4,95,24.5,31.1,1.4,100,1007.9,4.8,9.6,327,8.6,0.0,0.0,0.0
AT_Vienna,2026-09-17T21:00Z,14.5,91,13.1,14.9,0.0,2,992.3,4.0,8.6,268,9.0,0.0,0.0,0.0
BE_Brussels,2026-09-17T21:00Z,14.9,87,12.8,13.7,0.0,53,1008.4,14.3,26.3,241,33.8,0.0,0.0,0.0
DE_Berlin,2026-09-17T21:00Z,14.8,71,9.6,13.2,0.0,98,1007.3,10.4,23.4,205,20.5,0.0,0.0,0.0
DE_Hamburg,2026-09-17T21:00Z,15.0,85,12.5,13.0,0.8,99,1006.3,19.0,32.7,225,38.5,0.0,0.0,0.0
DE_Munich,2026-09-17T21:00Z,13.0,81,9.8,11.9,0.0,77,954.2,7.4,12.8,251,14.4,0.0,0.0,0.0
ES_Madrid,2026-09-17T21:00Z,22.5,42,8.9,21.8,0.0,47,940.1,3.0,7.8,46,5.8,0.0,0.0,0.0
FR_Paris,2026-09-17T21:00Z,18.1,67,11.8,16.5,0.0,99,1008.7,14.3,22.8,275,32.8,0.0,0.0,0.0
NL_Amsterdam,2026-09-17T21:00Z,13.5,92,12.3,13.4,0.1,23,1007.8,5.5,17.7,267,18.4,0.0,0.0,0.0
PL_Warsaw,2026-09-17T21:00Z,12.7,86,10.4,11.8,0.0,6,1001.2,6.4,14.8,237,11.9,0.0,0.0,0.0
US_BPAT_Portland,2026-09-17T21:00Z,26.9,32,8.6,26.9,0.0,3,1012.0,4.6,6.2,296,19.8,717.0,869.5,92.0
US_CISO_LosAngeles,2026-09-17T21:00Z,27.3,46,14.7,28.4,0.0,6,1006.7,12.1,16.3,228,33.1,797.0,782.5,147.0
US_CISO_SanFrancisco,2026-09-17T21:00Z,19.9,66,13.4,19.4,0.1,98,1018.4,10.6,14.0,241,30.2,502.0,220.2,325.0
US_ERCO_Dallas,2026-09-17T21:00Z,37.0,33,18.2,39.1,0.0,24,1004.8,10.4,14.3,118,32.4,658.0,719.3,134.0
US_ERCO_Houston,2026-09-17T21:00Z,29.3,73,24.1,34.2,0.1,93,1017.8,8.4,12.3,128,24.1,430.0,178.9,298.0
US_ISNE_Boston,2026-09-17T21:00Z,24.0,86,21.6,28.1,0.0,100,1018.2,4.1,7.4,148,12.6,180.0,86.6,144.0
US_MISO_Chicago,2026-09-17T21:00Z,22.7,87,20.4,25.0,0.0,100,990.4,11.8,17.7,22,29.2,463.0,487.1,180.0
US_NYIS_NewYork,2026-09-17T21:00Z,27.9,64,20.4,30.8,0.0,98,1015.7,7.4,11.8,206,26.3,202.0,135.6,140.0
US_PJM_Philadelphia,2026-09-17T21:00Z,27.6,67,20.8,29.8,0.0,100,1016.9,13.9,21.7,206,31.3,102.0,0.0,102.0
US_SWPP_OklahomaCity,2026-09-17T21:00Z,36.1,28,14.5,36.5,0.1,57,979.1,11.8,16.5,196,33.5,660.0,768.8,112.0
VN_DaNang,2026-09-17T21:00Z,26.1,92,24.7,32.4,0.0,94,1009.0,1.2,1.8,217,4.0,0.0,0.0,0.0
VN_HaNoi,2026-09-17T21:00Z,24.3,97,23.8,29.8,0.1,93,1008.7,2.9,9.6,69,6.8,0.0,0.0,0.0
VN_HoChiMinh,2026-09-17T21:00Z,25.4,96,24.7,31.4,0.3,99,1007.8,3.8,8.0,320,11.5,0.0,0.0,0.0
AT_Vienna,2026-09-17T22:00Z,13.9,90,12.3,14.0,0.0,1,992.2,3.8,7.2,264,8.6,0.0,0.0,0.0
BE_Brussels,2026-09-17T22:00Z,14.4,91,13.0,13.5,0.0,34,1008.6,12.8,24.6,242,30.2,0.0,0.0,0.0
DE_Berlin,2026-09-17T22:00Z,14.2,73,9.3,12.4,0.0,41,1007.3,10.7,24.6,216,20.9,0.0,0.0,0.0
DE_Hamburg,2026-09-17T22:00Z,14.6,88,12.6,12.7,0.4,100,1006.0,18.5,32.7,234,37.8,0.0,0.0,0.0
DE_Munich,2026-09-17T22:00Z,13.1,77,9.2,11.9,0.0,77,954.1,6.7,15.6,254,14.0,0.0,0.0,0.0
ES_Madrid,2026-09-17T22:00Z,22.3,35,6.0,20.2,0.0,12,940.5,7.3,16.2,26,15.8,0.0,0.0,0.0
FR_Paris,2026-09-17T22:00Z,17.3,72,12.2,16.3,0.0,100,1008.8,11.7,18.8,280,32.0,0.0,0.0,0.0
NL_Amsterdam,2026-09-17T22:00Z,13.2,88,11.2,12.7,0.0,39,1007.8,5.6,16.9,256,9.4,0.0,0.0,0.0
PL_Warsaw,2026-09-17T22:00Z,12.1,88,10.2,11.2,0.0,3,1001.2,6.7,15.6,231,13.0,0.0,0.0,0.0
US_BPAT_Portland,2026-09-17T22:00Z,28.1,28,8.0,27.8,0.0,10,1011.5,3.8,5.2,295,19.8,665.0,848.7,92.0
US_CISO_LosAngeles,2026-09-17T22:00Z,26.6,48,14.8,27.4,0.0,3,1006.3,12.9,18.0,229,36.0,760.0,851.6,110.0
US_CISO_SanFrancisco,2026-09-17T22:00Z,20.1,66,13.6,19.7,0.0,28,1017.8,11.4,14.6,250,32.0,579.0,409.9,270.0
US_ERCO_Dallas,2026-09-17T22:00Z,36.3,34,18.0,37.7,0.0,16,1004.6,10.2,14.1,118,30.6,505.0,663.9,114.0
US_ERCO_Houston,2026-09-17T22:00Z,30.4,69,24.1,35.2,0.0,94,1017.0,8.6,12.6,110,24.1,426.0,385.2,199.0
US_ISNE_Boston,2026-09-17T22:00Z,23.4,87,21.1,26.6,0.0,100,1017.7,8.7,16.3,173,16.2,26.0,0.0,26.0
US_MISO_Chicago,2026-09-17T22:00Z,22.1,90,20.4,24.5,0.1,100,990.2,11.3,19.2,15,28.8,208.0,128.7,152.0
US_NYIS_NewYork,2026-09-17T22:00Z,27.2,67,20.6,30.3,0.0,100,1015.2,6.6,12.1,169,17.6,85.0,21.3,79.0
US_PJM_Philadelphia,2026-09-17T22:00Z,27.4,67,20.8,30.0,0.0,99,1016.8,11.3,19.4,216,31.0,140.0,137.2,99.0
US_SWPP_OklahomaCity,2026-09-17T22:00Z,35.3,32,16.1,36.4,0.2,13,978.7,6.4,9.5,202,33.1,421.0,493.5,135.0
VN_DaNang,2026-09-17T22:00Z,25.8,95,24.9,32.2,0.0,88,1009.3,1.7,2.8,225,4.7,0.0,0.0,0.0
VN_HaNoi,2026-09-17T22:00Z,24.4,98,24.0,30.0,0.4,93,1009.2,3.2,9.8,64,5.4,0.0,0.0,0.0
VN_HoChiMinh,2026-09-17T22:00Z,25.2,97,24.8,30.9,0.0,95,1007.7,6.0,11.7,284,11.9,0.0,0.0,0.0
AT_Vienna,2026-09-17T23:00Z,13.2,90,11.5,13.1,0.0,13,992.0,3.7,6.8,259,8.6,0.0,0.0,0.0
BE_Brussels,2026-09-17T23:00Z,13.9,93,12.9,13.1,0.0,5,1008.7,11.9,23.5,244,27.0,0.0,0.0,0.0
DE_Berlin,2026-09-17T23:00Z,13.9,74,9.3,12.1,0.0,74,1007.0,10.4,23.9,218,20.9,0.0,0.0,0.0
DE_Hamburg,2026-09-17T23:00Z,14.5,88,12.6,12.9,0.0,98,1006.0,16.6,29.3,241,37.4,0.0,0.0,0.0
DE_Munich,2026-09-17T23:00Z,13.0,74,8.4,11.2,0.0,68,954.2,8.8,19.7,246,16.9,0.0,0.0,0.0
ES_Madrid,2026-09-17T23:00Z,21.4,35,5.2,18.4,0.0,2,940.7,12.2,23.3,35,28.1,0.0,0.0,0.0
FR_Paris,2026-09-17T23:00Z,16.6,74,12.0,15.5,0.0,45,1008.8,11.9,18.9,285,27.0,0.0,0.0,0.0
NL_Amsterdam,2026-09-17T23:00Z,13.0,85,10.5,12.2,0.0,70,1007.8,6.4,19.5,254,10.8,0.0,0.0,0.0
PL_Warsaw,2026-09-17T23:00Z,11.8,88,9.9,10.8,0.0,4,1001.1,6.2,14.9,225,13.0,0.0,0.0,0.0
US_BPAT_Portland,2026-09-17T23:00Z,28.8,26,7.2,27.6,0.0,7,1011.2,3.7,4.8,304,18.0,562.0,808.9,87.0
US_CISO_LosAngeles,2026-09-17T23:00Z,25.8,50,14.7,25.9,0.0,1,1006.2,12.4,17.3,232,35.6,627.0,818.4,99.0
US_CISO_SanFrancisco,2026-09-17T23:00Z,19.8,69,14.1,19.4,0.0,7,1017.7,12.2,15.6,256,33.5,567.0,608.6,169.0
US_ERCO_Dallas,2026-09-17T23:00Z,35.7,35,17.8,37.2,0.1,12,1004.0,9.0,12.8,114,29.2,324.0,592.0,81.0
US_ERCO_Houston,2026-09-17T23:00Z,30.1,69,23.9,34.8,0.0,89,1016.4,8.7,13.0,121,24.1,267.0,298.7,147.0
US_ISNE_Boston,2026-09-17T23:00Z,22.9,83,19.9,24.9,0.0,99,1017.2,13.0,22.9,182,27.7,12.0,10.7,11.0
US_MISO_Chicago,2026-09-17T23:00Z,22.1,92,20.7,25.0,0.1,100,990.3,8.8,14.5,21,25.6,88.0,34.5,79.0
US_NYIS_NewYork,2026-09-17T23:00Z,26.0,74,21.0,29.7,0.0,100,1015.1,4.6,10.5,168,16.6,20.0,0.0,20.0
US_PJM_Philadelphia,2026-09-17T23:00Z,26.4,72,21.0,29.1,0.0,98,1016.7,10.9,20.0,225,24.8,38.0,40.8,33.0
US_SWPP_OklahomaCity,2026-09-17T23:00Z,35.3,33,16.4,36.1,0.0,48,978.1,9.0,13.0,169,23.8,315.0,553.8,89.0
VN_DaNang,2026-09-17T23:00Z,25.9,96,25.1,32.3,0.1,98,1009.9,2.6,3.4,162,4.7,5.0,0.0,5.0
VN_HaNoi,2026-09-17T23:00Z,24.3,99,24.0,30.2,0.4,59,1009.6,1.3,6.1,45,5.8,1.0,0.0,1.0
VN_HoChiMinh,2026-09-17T23:00Z,25.1,97,24.6,30.7,0.0,77,1008.0,5.6,11.8,276,12.2,3.0,0.0,3.0
AT_Vienna,2026-09-18T00:00Z,12.0,94,11.1,11.8,0.0,11,991.7,3.3,3.1,273,8.3,0.0,0.0,0.0
BE_Brussels,2026-09-18T00:00Z,13.7,96,13.1,13.0,0.0,3,1008.6,11.9,23.5,243,24.8,0.0,0.0,0.0
DE_Berlin,2026-09-18T00:00Z,13.6,78,9.8,12.1,0.0,99,1006.6,10.1,22.9,210,20.5,0.0,0.0,0.0
DE_Hamburg,2026-09-18T00:00Z,14.7,87,12.5,13.3,0.0,98,1006.2,14.7,26.9,233,33.8,0.0,0.0,0.0
DE_Munich,2026-09-18T00:00Z,12.1,81,8.9,10.3,0.0,89,954.1,10.1,20.8,238,18.0,0.0,0.0,0.0
ES_Madrid,2026-09-18T00:00Z,19.8,41,6.1,17.1,0.0,11,940.6,11.1,19.2,23,30.6,0.0,0.0,0.0
FR_Paris,2026-09-18T00:00Z,15.8,76,11.6,14.8,0.0,84,1009.2,9.9,17.5,279,27.0,0.0,0.0,0.0
NL_Amsterdam,2026-09-18T00:00Z,13.6,82,10.6,12.8,0.0,93,1007.9,6.8,20.7,267,13.0,0.0,0.0,0.0
PL_Warsaw,2026-09-18T00:00Z,11.5,89,9.8,10.5,0.0,16,1000.8,6.5,16.0,216,11.5,0.0,0.0,0.0
US_BPAT_Portland,2026-09-18T00:00Z,29.4,25,7.0,27.8,0.0,0,1011.4,5.4,7.2,298,18.0,420.0,746.5,76.0
US_CISO_LosAngeles,2026-09-18T00:00Z,24.7,54,14.9,24.4,0.0,0,1006.1,12.9,18.2,232,33.8,444.0,739.1,86.0
US_CISO_SanFrancisco,2026-09-18T00:00Z,19.0,72,13.8,18.4,0.0,2,1017.7,12.4,16.0,263,34.2,422.0,546.1,143.0
US_ERCO_Dallas,2026-09-18T00:00Z,35.6,33,17.0,36.7,0.0,54,1004.2,9.0,13.4,126,24.8,141.0,448.1,49.0
US_ERCO_Houston,2026-09-18T00:00Z,30.4,64,22.9,34.5,0.0,100,1017.0,8.9,15.6,105,22.3,106.0,196.9,69.0
US_ISNE_Boston,2026-09-18T00:00Z,22.2,89,20.4,24.5,0.6,100,1017.7,12.7,24.3,192,28.1,0.0,0.0,0.0
US_MISO_Chicago,2026-09-18T00:00Z,21.1,95,20.3,23.4,0.2,94,991.1,11.6,21.2,20,20.2,12.0,9.7,11.0
US_NYIS_NewYork,2026-09-18T00:00Z,25.7,78,21.6,29.4,0.0,93,1015.8,6.3,15.6,234,10.1,0.0,0.0,0.0
US_PJM_Philadelphia,2026-09-18T00:00Z,25.6,82,22.2,29.4,0.0,95,1017.1,8.4,17.4,224,23.0,0.0,0.0,0.0
US_SWPP_OklahomaCity,2026-09-18T00:00Z,35.3,32,15.9,35.8,0.0,39,978.2,10.6,16.4,165,31.0,122.0,333.1,52.0
VN_DaNang,2026-09-18T00:00Z,27.0,88,24.8,32.4,0.2,91,1010.7,7.8,11.0,34,11.5,108.0,165.8,73.0
VN_HaNoi,2026-09-18T00:00Z,25.2,96,24.6,31.1,0.2,38,1010.3,4.0,11.6,69,9.7,74.0,118.0,54.0
VN_HoChiMinh,2026-09-18T00:00Z,26.5,94,25.4,32.9,0.0,83,1008.5,3.8,10.2,291,13.7,103.0,251.3,56.0
AT_Vienna,2026-09-18T01:00Z,11.3,95,10.5,10.9,0.0,3,991.8,3.9,5.3,315,9.0,0.0,0.0,0.0
BE_Brussels,2026-09-18T01:00Z,13.4,96,12.7,12.6,0.0,90,1008.6,11.5,22.9,238,23.8,0.0,0.0,0.0
DE_Berlin,2026-09-18T01:00Z,14.1,76,10.0,12.6,0.0,98,1006.4,9.9,22.1,213,19.4,0.0,0.0,0.0
DE_Hamburg,2026-09-18T01:00Z,14.1,90,12.5,13.0,0.0,38,1006.0,13.1,25.3,226,29.9,0.0,0.0,0.0
DE_Munich,2026-09-18T01:00Z,11.8,85,9.3,10.1,0.0,96,953.8,9.9,19.8,229,19.4,0.0,0.0,0.0
ES_Madrid,2026-09-18T01:00Z,18.3,46,6.5,15.5,0.0,20,940.5,12.9,22.3,26,30.6,0.0,0.0,0.0
FR_Paris,2026-09-18T01:00Z,14.7,81,11.5,13.9,0.0,5,1009.1,8.8,16.9,269,22.0,0.0,0.0,0.0
NL_Amsterdam,2026-09-18T01:00Z,13.6,79,10.1,12.5,0.0,28,1008.0,7.6,22.7,272,12.6,0.0,0.0,0.0
PL_Warsaw,2026-09-18T01:00Z,11.2,90,9.5,10.0,0.0,14,1000.8,7.3,17.1,213,14.0,0.0,0.0,0.0
US_BPAT_Portland,2026-09-18T01:00Z,28.6,28,8.3,27.2,0.0,0,1011.4,6.7,9.6,279,18.4,251.0,626.8,60.0
US_CISO_LosAngeles,2026-09-18T01:00Z,23.1,61,15.2,23.1,0.0,0,1006.4,11.7,17.2,236,33.1,237.0,596.3,63.0
US_CISO_SanFrancisco,2026-09-18T01:00Z,17.8,80,14.3,17.3,0.0,1,1017.6,12.6,17.1,267,33.1,276.0,604.1,74.0
US_ERCO_Dallas,2026-09-18T01:00Z,34.9,35,17.2,36.0,0.0,41,1004.4,9.4,15.2,149,21.2,10.0,42.5,7.0
US_ERCO_Houston,2026-09-18T01:00Z,29.7,68,23.1,33.8,0.0,98,1016.9,9.3,17.2,105,20.9,5.0,0.0,5.0
US_ISNE_Boston,2026-09-18T01:00Z,21.9,92,20.5,24.0,0.4,100,1017.2,14.1,25.5,200,28.1,0.0,0.0,0.0
US_MISO_Chicago,2026-09-18T01:00Z,20.9,93,19.8,22.9,0.0,59,991.6,12.1,21.9,18,25.6,0.0,0.0,0.0
US_NYIS_NewYork,2026-09-18T01:00Z,25.3,82,22.0,29.6,0.0,91,1015.8,3.7,11.1,222,13.0,0.0,0.0,0.0
US_PJM_Philadelphia,2026-09-18T01:00Z,25.0,86,22.4,29.2,0.0,96,1017.0,6.8,14.7,206,16.6,0.0,0.0,0.0
US_SWPP_OklahomaCity,2026-09-18T01:00Z,34.3,34,16.3,35.1,0.0,29,978.4,9.2,16.3,159,24.5,13.0,67.5,8.0
VN_DaNang,2026-09-18T01:00Z,27.9,83,24.8,33.9,0.0,59,1011.1,3.6,4.6,42,17.3,317.0,400.9,138.0
VN_HaNoi,2026-09-18T01:00Z,26.4,91,24.9,32.1,0.1,41,1011.1,6.5,9.5,80,16.9,234.0,249.3,134.0
VN_HoChiMinh,2026-09-18T01:00Z,27.6,85,24.9,33.1,0.1,92,1008.9,7.9,11.9,311,19.4,235.0,209.4,145.0
AT_Vienna,2026-09-18T02:00Z,11.0,95,10.2,10.4,0.0,9,991.7,4.4,7.3,327,9.4,0.0,0.0,0.0
BE_Brussels,2026-09-18T02:00Z,13.3,95,12.6,12.4,0.0,26,1009.0,11.8,22.8,238,23.8,0.0,0.0,0.0
DE_Berlin,2026-09-18T02:00Z,13.3,80,10.0,12.0,0.0,90,1006.2,9.3,21.3,217,19.4,0.0,0.0,0.0
DE_Hamburg,2026-09-18T02:00Z,13.6,92,12.3,12.4,0.0,14,1006.1,13.0,25.4,228,27.4,0.0,0.0,0.0
DE_Munich,2026-09-18T02:00Z,11.7,84,9.1,10.0,0.0,73,954.1,9.9,21.0,231,19.8,0.0,0.0,0.0
ES_Madrid,2026-09-18T02:00Z,17.3,49,6.6,14.7,0.0,20,940.3,12.0,21.2,31,30.2,0.0,0.0,0.0
FR_Paris,2026-09-18T02:00Z,13.8,85,11.2,12.8,0.0,5,1009.5,9.2,18.2,271,19.4,0.0,0.0,0.0
NL_Amsterdam,2026-09-18T02:00Z,13.5,79,10.0,12.2,0.0,20,1008.4,8.9,23.7,275,16.2,0.0,0.0,0.0
PL_Warsaw,2026-09-18T02:00Z,10.8,91,9.4,9.5,0.0,1,1000.6,7.9,17.3,204,15.5,0.0,0.0,0.0
US_BPAT_Portland,2026-09-18T02:00Z,27.2,34,10.0,26.2,0.0,8,1011.9,6.7,13.0,284,18.0,85.0,409.5,32.0
US_CISO_LosAngeles,2026-09-18T02:00Z,21.8,66,15.2,22.2,0.0,0,1006.7,9.5,14.5,240,29.2,51.0,250.1,22.0
US_CISO_SanFrancisco,2026-09-18T02:00Z,16.8,87,14.6,16.8,0.0,2,1017.6,10.7,15.5,265,32.0,88.0,370.9,36.0
US_ERCO_Dallas,2026-09-18T02:00Z,33.9,37,17.0,34.7,0.0,80,1004.7,10.8,18.6,160,27.0,0.0,0.0,0.0
US_ERCO_Houston,2026-09-18T02:00Z,29.2,70,23.2,33.7,0.0,89,1017.4,7.0,14.1,109,18.7,0.0,0.0,0.0
US_ISNE_Boston,2026-09-18T02:00Z,21.5,93,20.4,23.3,0.4,100,1017.0,15.6,27.8,207,31.3,0.0,0.0,0.0
US_MISO_Chicago,2026-09-18T02:00Z,21.0,93,19.7,23.0,0.0,100,992.3,11.4,20.6,17,24.8,0.0,0.0,0.0
US_NYIS_NewYork,2026-09-18T02:00Z,24.6,85,21.9,28.6,0.0,97,1015.6,5.6,12.2,197,10.1,0.0,0.0,0.0
US_PJM_Philadelphia,2026-09-18T02:00Z,24.3,89,22.4,28.7,0.0,95,1016.9,5.5,13.1,209,13.7,0.0,0.0,0.0
US_SWPP_OklahomaCity,2026-09-18T02:00Z,33.3,37,16.8,34.1,0.0,14,978.8,10.6,19.8,164,25.2,0.0,0.0,0.0
VN_DaNang,2026-09-18T02:00Z,28.7,80,24.9,34.7,0.1,59,1011.3,4.0,4.9,28,19.1,536.0,527.5,192.0
VN_HaNoi,2026-09-18T02:00Z,27.7,84,24.8,33.3,0.0,27,1011.5,7.2,10.5,95,19.1,395.0,366.0,173.0
VN_HoChiMinh,2026-09-18T02:00Z,29.1,74,24.0,33.9,0.1,99,1009.3,8.5,12.2,323,22.7,475.0,389.8,224.0
AT_Vienna,2026-09-18T03:00Z,10.7,95,10.0,10.0,0.0,11,991.7,4.8,7.3,318,10.1,0.0,0.0,0.0
BE_Brussels,2026-09-18T03:00Z,13.0,94,12.1,11.9,0.0,3,1009.4,11.7,22.6,241,23.8,0.0,0.0,0.0
DE_Berlin,2026-09-18T03:00Z,13.5,80,10.1,12.0,0.0,100,1006.3,10.1,22.7,229,19.1,0.0,0.0,0.0
DE_Hamburg,2026-09-18T03:00Z,13.1,94,12.1,12.0,0.0,8,1006.3,12.1,24.3,230,26.3,0.0,0.0,0.0
DE_Munich,2026-09-18T03:00Z,11.7,82,8.7,9.9,0.0,100,954.1,9.7,21.1,237,19.4,0.0,0.0,0.0
ES_Madrid,2026-09-18T03:00Z,16.5,52,6.7,13.8,0.0,9,940.4,12.1,21.8,30,28.4,0.0,0.0,0.0
FR_Paris,2026-09-18T03:00Z,13.1,87,10.9,12.1,0.0,1,1009.9,8.6,17.8,270,19.4,0.0,0.0,0.0
NL_Amsterdam,2026-09-18T03:00Z,13.1,81,9.8,11.9,0.0,26,1008.6,7.5,22.0,266,15.5,0.0,0.0,0.0
PL_Warsaw,2026-09-18T03:00Z,10.6,91,9.3,9.2,0.0,51,1000.6,8.0,17.7,197,15.5,0.0,0.0,0.0
US_BPAT_Portland,2026-09-18T03:00Z,25.0,44,11.9,23.6,0.0,7,1012.7,13.2,21.6,311,29.9,2.0,0.0,2.0
US_CISO_LosAngeles,2026-09-18T03:00Z,21.2,69,15.4,22.0,0.0,0,1007.2,7.1,10.9,236,22.3,0.0,0.0,0.0
US_CISO_SanFrancisco,2026-09-18T03:00Z,16.5,90,14.9,16.7,0.0,3,1018.0,9.1,14.4,266,25.9,1.0,0.0,1.0
US_ERCO_Dallas,2026-09-18T03:00Z,33.1,38,16.9,34.3,0.0,95,1004.8,8.4,16.9,149,24.1,0.0,0.0,0.0
US_ERCO_Houston,2026-09-18T03:00Z,28.8,72,23.3,33.4,0.0,77,1017.7,6.8,14.5,110,13.3,0.0,0.0,0.0
US_ISNE_Boston,2026-09-18T03:00Z,21.2,93,20.0,22.8,0.0,100,1016.2,15.8,28.6,212,32.0,0.0,0.0,0.0
US_MISO_Chicago,2026-09-18T03:00Z,21.0,92,19.6,22.8,0.0,100,992.4,12.1,22.0,17,25.6,0.0,0.0,0.0
US_NYIS_NewYork,2026-09-18T03:00Z,23.6,90,22.0,27.5,0.1,98,1015.3,7.1,15.2,204,14.4,0.0,0.0,0.0
US_PJM_Philadelphia,2026-09-18T03:00Z,23.9,91,22.4,28.1,0.1,84,1016.7,6.0,13.7,218,11.9,0.0,0.0,0.0
US_SWPP_OklahomaCity,2026-09-18T03:00Z,32.7,39,16.9,33.4,0.0,6,979.2,11.6,22.0,170,27.0,0.0,0.0,0.0
VN_DaNang,2026-09-18T03:00Z,29.3,76,24.7,35.2,0.3,84,1011.1,8.7,10.9,44,22.7,663.0,544.3,220.0
VN_HaNoi,2026-09-18T03:00Z,29.2,76,24.6,35.1,0.1,34,1011.4,8.8,12.3,108,25.6,663.0,582.1,214.0
VN_HoChiMinh,2026-09-18T03:00Z,30.1,68,23.5,35.1,0.1,98,1009.2,9.0,12.7,327,24.1,645.0,498.5,239.0
AT_Vienna,2026-09-18T04:00Z,10.5,95,9.8,9.7,0.0,30,991.9,5.0,9.0,293,11.2,0.0,0.0,0.0
BE_Brussels,2026-09-18T04:00Z,12.3,93,11.2,11.0,0.0,8,1009.7,11.1,21.8,249,23.4,0.0,0.0,0.0
DE_Berlin,2026-09-18T04:00Z,13.9,79,10.3,12.7,0.0,100,1006.3,8.7,19.7,237,20.2,0.0,0.0,0.0
DE_Hamburg,2026-09-18T04:00Z,12.9,94,12.0,11.6,0.0,24,1006.6,13.1,25.9,234,26.6,0.0,0.0,0.0
DE_Munich,2026-09-18T04:00Z,12.0,79,8.5,10.0,0.0,31,954.1,10.3,21.7,233,20.2,0.0,0.0,0.0
ES_Madrid,2026-09-18T04:00Z,15.7,56,7.0,13.3,0.0,23,940.4,11.1,20.1,36,28.8,0.0,0.0,0.0
FR_Paris,2026-09-18T04:00Z,12.5,88,10.6,11.5,0.0,2,1009.8,8.1,17.2,263,18.0,0.0,0.0,0.0
NL_Amsterdam,2026-09-18T04:00Z,13.0,82,9.9,11.6,0.0,28,1008.9,9.1,24.1,258,15.8,0.0,0.0,0.0
PL_Warsaw,2026-09-18T04:00Z,10.4,92,9.2,8.8,0.0,22,1000.4,9.8,20.5,190,18.7,0.0,0.0,0.0
US_BPAT_Portland,2026-09-18T04:00Z,22.6,51,12.1,21.9,0.0,2,1013.7,8.9,14.6,316,30.2,0.0,0.0,0.0
US_CISO_LosAngeles,2026-09-18T04:00Z,20.9,72,15.7,22.0,0.0,0,1007.7,5.7,8.9,236,16.6,0.0,0.0,0.0
US_CISO_SanFrancisco,2026-09-18T04:00Z,16.2,91,14.7,16.7,0.0,0,1018.3,7.5,13.7,273,20.9,0.0,0.0,0.0
US_ERCO_Dallas,2026-09-18T04:00Z,32.7,39,16.9,34.0,0.0,51,1004.9,7.8,16.3,143,17.6,0.0,0.0,0.0
US_ERCO_Houston,2026-09-18T04:00Z,28.5,73,23.2,33.2,0.0,64,1018.0,6.0,13.0,133,13.0,0.0,0.0,0.0
US_ISNE_Boston,2026-09-18T04:00Z,20.9,93,19.7,22.6,0.0,100,1015.7,14.4,26.5,224,32.4,0.0,0.0,0.0
US_MISO_Chicago,2026-09-18T04:00Z,20.9,91,19.5,22.7,0.0,100,992.7,12.2,21.7,24,25.6,0.0,0.0,0.0
US_NYIS_NewYork,2026-09-18T04:00Z,23.1,92,21.8,26.5,0.1,100,1014.9,9.3,18.4,202,19.4,0.0,0.0,0.0
US_PJM_Philadelphia,2026-09-18T04:00Z,23.6,92,22.3,27.7,0.1,99,1016.3,6.9,13.9,220,14.0,0.0,0.0,0.0
US_SWPP_OklahomaCity,2026-09-18T04:00Z,31.8,42,17.5,32.9,0.0,5,979.2,10.8,20.7,173,27.0,0.0,0.0,0.0
VN_DaNang,2026-09-18T04:00Z,29.4,76,24.7,35.1,0.2,56,1011.2,15.3,20.4,51,36.7,820.0,670.1,203.0
VN_HaNoi,2026-09-18T04:00Z,29.7,74,24.5,35.3,0.1,30,1010.9,8.6,11.3,104,25.9,645.0,454.6,243.0
VN_HoChiMinh,2026-09-18T04:00Z,31.0,64,23.4,37.0,0.1,96,1008.4,8.6,12.1,322,24.8,801.0,532.4,306.0
AT_Vienna,2026-09-18T05:00Z,10.4,95,9.7,9.6,0.0,36,992.1,4.9,9.2,286,10.4,4.0,19.1,3.0
BE_Brussels,2026-09-18T05:00Z,11.8,92,10.6,10.4,0.0,15,1010.2,11.0,21.8,247,22.3,0.0,0.0,0.0
DE_Berlin,2026-09-18T05:00Z,13.8,80,10.4,12.5,0.0,95,1006.4,9.4,20.5,232,18.0,0.0,0.0,0.0
DE_Hamburg,2026-09-18T05:00Z,12.9,92,11.7,11.4,0.0,46,1006.8,13.9,27.1,237,28.4,0.0,0.0,0.0
DE_Munich,2026-09-18T05:00Z,11.4,81,8.3,9.4,0.0,14,954.1,10.2,21.7,233,20.5,0.0,0.0,0.0
ES_Madrid,2026-09-18T05:00Z,15.1,59,7.2,12.9,0.0,44,940.5,9.7,18.0,39,27.0,0.0,0.0,0.0
FR_Paris,2026-09-18T05:00Z,12.2,89,10.4,11.1,0.0,11,1010.2,8.7,18.7,267,18.0,0.0,0.0,0.0
NL_Amsterdam,2026-09-18T05:00Z,12.9,83,10.1,11.5,0.0,55,1009.2,9.3,24.3,258,16.9,0.0,0.0,0.0
PL_Warsaw,2026-09-18T05:00Z,10.7,90,9.2,8.9,0.0,41,1000.6,10.3,21.6,188,20.9,18.0,102.5,11.0
US_BPAT_Portland,2026-09-18T05:00Z,21.2,55,11.8,21.2,0.0,10,1014.3,3.3,7.5,297,19.8,0.0,0.0,0.0
US_CISO_LosAngeles,2026-09-18T05:00Z,20.4,76,16.0,21.8,0.0,1,1007.9,4.5,7.4,236,13.3,0.0,0.0,0.0
US_CISO_SanFrancisco,2026-09-18T05:00Z,15.9,91,14.4,16.5,0.0,0,1018.6,5.8,11.2,272,16.6,0.0,0.0,0.0
US_ERCO_Dallas,2026-09-18T05:00Z,31.9,41,17.1,33.0,0.0,2,1005.1,9.8,18.9,142,20.2,0.0,0.0,0.0
US_ERCO_Houston,2026-09-18T05:00Z,28.1,72,22.7,32.4,0.0,55,1017.8,6.5,14.3,135,12.2,0.0,0.0,0.0
US_ISNE_Boston,2026-09-18T05:00Z,21.0,92,19.7,22.7,0.0,95,1015.1,14.0,25.8,228,29.9,0.0,0.0,0.0
US_MISO_Chicago,2026-09-18T05:00Z,20.9,91,19.3,22.4,0.0,98,992.6,13.7,23.8,25,28.4,0.0,0.0,0.0
US_NYIS_NewYork,2026-09-18T05:00Z,22.7,93,21.5,26.2,0.0,99,1014.4,7.5,16.0,220,19.4,0.0,0.0,0.0
US_PJM_Philadelphia,2026-09-18T05:00Z,23.3,94,22.2,27.3,0.2,97,1015.6,6.8,13.8,231,13.7,0.0,0.0,0.0
US_SWPP_OklahomaCity,2026-09-18T05:00Z,31.0,46,18.1,32.4,0.0,4,979.1,10.4,20.9,172,25.2,0.0,0.0,0.0
VN_DaNang,2026-09-18T05:00Z,29.0,81,25.4,36.9,2.2,98,1010.8,8.2,10.8,47,38.2,910.0,775.7,161.0
VN_HaNoi,2026-09-18T05:00Z,30.3,69,24.1,36.2,0.1,94,1010.3,9.4,12.3,111,27.4,753.0,474.5,308.0
VN_HoChiMinh,2026-09-18T05:00Z,31.6,63,23.7,38.4,0.1,68,1007.5,8.3,11.8,320,24.5,899.0,653.6,257.0
AT_Vienna,2026-09-18T06:00Z,11.7,92,10.5,11.1,0.0,35,992.7,4.9,10.9,283,11.2,86.0,265.7,48.0
BE_Brussels,2026-09-18T06:00Z,11.7,92,10.4,10.1,0.0,11,1010.7,11.2,21.8,240,23.4,11.0,65.8,7.0
DE_Berlin,2026-09-18T06:00Z,14.1,81,10.8,12.8,0.0,99,1007.0,10.3,21.8,242,22.3,42.0,74.8,34.0
DE_Hamburg,2026-09-18T06:00Z,13.7,89,11.9,12.1,0.0,14,1007.2,14.8,27.7,229,31.3,35.0,171.4,20.0
DE_Munich,2026-09-18T06:00Z,12.3,80,8.9,10.7,0.0,52,954.7,9.0,18.6,251,19.8,56.0,305.5,24.0
ES_Madrid,2026-09-18T06:00Z,14.6,61,7.3,12.3,0.0,83,940.7,10.6,20.1,28,23.8,0.0,0.0,0.0
FR_Paris,2026-09-18T06:00Z,12.3,88,10.4,11.2,0.0,8,1010.8,8.1,17.6,278,18.0,6.0,38.2,4.0
NL_Amsterdam,2026-09-18T06:00Z,13.7,82,10.6,12.2,0.0,10,1009.6,10.9,24.9,265,16.9,12.0,64.4,8.0
PL_Warsaw,2026-09-18T06:00Z,11.8,88,10.0,10.3,0.0,2,1000.9,10.4,23.1,185,20.9,123.0,384.0,53.0
US_BPAT_Portland,2026-09-18T06:00Z,20.5,56,11.4,20.3,0.0,11,1014.7,4.2,8.0,228,13.7,0.0,0.0,0.0
US_CISO_LosAngeles,2026-09-18T06:00Z,20.3,77,16.1,22.0,0.0,0,1007.7,2.7,8.7,249,10.1,0.0,0.0,0.0
US_CISO_SanFrancisco,2026-09-18T06:00Z,15.6,90,14.1,16.1,0.0,0,1018.6,5.6,11.1,279,12.6,0.0,0.0,0.0
US_ERCO_Dallas,2026-09-18T06:00Z,29.3,48,17.3,30.6,0.0,60,1005.2,9.0,17.4,169,25.2,0.0,0.0,0.0
US_ERCO_Houston,2026-09-18T06:00Z,26.3,87,23.9,31.5,0.0,34,1017.7,5.0,11.1,103,12.6,0.0,0.0,0.0
US_ISNE_Boston,2026-09-18T06:00Z,20.7,95,19.8,22.8,0.0,100,1015.0,11.5,22.5,237,28.8,0.0,0.0,0.0
US_MISO_Chicago,2026-09-18T06:00Z,20.4,93,19.1,22.0,0.0,99,992.8,12.4,22.2,32,29.2,0.0,0.0,0.0
US_NYIS_NewYork,2026-09-18T06:00Z,22.3,95,21.5,26.0,0.0,99,1013.8,6.7,15.2,221,15.5,0.0,0.0,0.0
US_PJM_Philadelphia,2026-09-18T06:00Z,22.8,96,22.1,27.0,0.0,97,1015.4,5.2,11.1,257,13.0,0.0,0.0,0.0
US_SWPP_OklahomaCity,2026-09-18T06:00Z,28.8,55,18.8,30.6,0.0,3,978.6,10.2,20.6,175,23.8,0.0,0.0,0.0
VN_DaNang,2026-09-18T06:00Z,29.9,73,24.5,35.3,0.1,99,1009.7,12.7,16.7,56,31.0,697.0,334.4,381.0
VN_HaNoi,2026-09-18T06:00Z,30.4,68,23.9,35.8,0.1,87,1009.9,10.4,13.7,92,28.8,717.0,430.9,317.0
VN_HoChiMinh,2026-09-18T06:00Z,31.0,67,24.1,38.0,0.0,96,1007.1,5.9,7.7,339,24.1,823.0,606.3,236.0
AT_Vienna,2026-09-18T07:00Z,14.5,84,11.8,14.7,0.0,76,993.2,2.2,8.9,288,10.8,231.0,448.1,93.0
BE_Brussels,2026-09-18T07:00Z,12.6,89,10.8,11.4,0.0,11,1011.3,9.9,25.1,238,23.8,111.0,401.8,43.0
DE_Berlin,2026-09-18T07:00Z,14.8,81,11.6,13.8,0.5,100,1007.4,10.2,20.8,238,21.2,86.0,39.1,76.0
DE_Hamburg,2026-09-18T07:00Z,14.4,87,12.4,13.2,0.0,28,1007.6,13.2,23.6,229,32.4,139.0,376.5,57.0
DE_Munich,2026-09-18T07:00Z,14.5,74,9.9,13.5,0.0,56,955.4,6.3,17.0,253,16.9,199.0,510.3,68.0
ES_Madrid,2026-09-18T07:00Z,15.2,59,7.1,12.9,0.0,20,941.2,10.3,19.6,27,24.5,51.0,183.1,30.0
FR_Paris,2026-09-18T07:00Z,13.4,83,10.5,12.6,0.0,6,1011.3,6.4,16.4,274,16.6,99.0,382.2,41.0
NL_Amsterdam,2026-09-18T07:00Z,14.9,77,10.8,13.2,0.0,14,1010.2,12.8,24.2,265,23.8,117.0,429.0,44.0
PL_Warsaw,2026-09-18T07:00Z,13.6,82,10.6,12.4,0.0,5,1001.0,9.3,19.6,178,23.0,279.0,634.6,70.0
US_BPAT_Portland,2026-09-18T07:00Z,19.5,60,11.5,19.2,0.0,7,1015.3,5.2,12.3,220,10.8,0.0,0.0,0.0
US_CISO_LosAngeles,2026-09-18T07:00Z,20.1,79,16.3,22.0,0.0,0,1007.8,1.2,5.5,243,7.2,0.0,0.0,0.0
US_CISO_SanFrancisco,2026-09-18T07:00Z,15.3,91,13.8,15.8,0.0,0,1018.7,4.4,9.7,270,11.9,0.0,0.0,0.0
US_ERCO_Dallas,2026-09-18T07:00Z,29.0,52,18.1,30.8,0.0,85,1005.1,7.7,15.5,185,18.4,0.0,0.0,0.0
US_ERCO_Houston,2026-09-18T07:00Z,25.9,89,24.0,31.3,0.0,22,1017.2,4.6,9.4,82,9.4,0.0,0.0,0.0
US_ISNE_Boston,2026-09-18T07:00Z,20.9,95,20.2,23.4,0.2,100,1014.9,10.4,19.5,282,23.0,0.0,0.0,0.0
US_MISO_Chicago,2026-09-18T07:00Z,20.6,90,18.9,21.6,0.0,100,992.5,15.7,25.9,50,32.0,0.0,0.0,0.0
US_NYIS_NewYork,2026-09-18T07:00Z,22.4,95,21.6,26.2,0.1,78,1013.6,5.8,14.0,255,13.0,0.0,0.0,0.0
US_PJM_Philadelphia,2026-09-18T07:00Z,22.8,96,22.1,27.0,0.0,85,1014.9,5.1,11.7,281,10.4,0.0,0.0,0.0
US_SWPP_OklahomaCity,2026-09-18T07:00Z,28.6,55,18.8,30.4,0.0,1,978.5,9.9,20.5,177,22.7,0.0,0.0,0.0
VN_DaNang,2026-09-18T07:00Z,29.1,77,24.6,33.9,0.0,100,1009.1,11.7,15.8,52,32.0,554.0,219.6,365.0
VN_HaNoi,2026-09-18T07:00Z,30.1,68,23.6,34.4,0.4,32,1008.6,12.0,16.2,102,31.7,596.0,412.3,243.0
VN_HoChiMinh,2026-09-18T07:00Z,31.1,67,24.3,37.9,0.4,78,1006.1,4.3,5.9,2,20.5,739.0,525.6,272.0
AT_Vienna,2026-09-18T08:00Z,17.2,74,12.5,17.7,0.0,57,993.7,1.8,4.2,295,10.1,401.0,672.5,96.0
BE_Brussels,2026-09-18T08:00Z,14.0,82,11.1,12.7,0.0,5,1011.9,11.1,17.9,238,26.6,256.0,576.6,70.0
DE_Berlin,2026-09-18T08:00Z,15.2,80,11.8,14.2,0.0,7,1007.9,10.7,19.7,233,23.4,99.0,12.7,94.0
DE_Hamburg,2026-09-18T08:00Z,15.5,83,12.6,14.0,0.0,7,1007.9,15.1,23.8,233,33.5,280.0,553.3,83.0
DE_Munich,2026-09-18T08:00Z,16.7,62,9.4,15.6,0.0,98,956.1,6.1,9.6,250,16.9,353.0,619.7,99.0
ES_Madrid,2026-09-18T08:00Z,16.9,52,7.1,14.6,0.0,2,941.8,10.4,16.7,35,27.0,228.0,578.4,64.0
FR_Paris,2026-09-18T08:00Z,15.4,74,10.7,14.5,0.0,16,1011.7,7.0,11.2,272,19.4,255.0,583.6,72.0
NL_Amsterdam,2026-09-18T08:00Z,16.1,69,10.3,14.0,0.0,21,1010.7,14.8,25.8,268,31.7,248.0,572.6,66.0
PL_Warsaw,2026-09-18T08:00Z,15.8,76,11.6,14.8,0.0,23,1001.1,9.6,15.9,174,25.2,417.0,733.1,83.0
US_BPAT_Portland,2026-09-18T08:00Z,18.1,65,11.4,17.1,0.0,5,1015.9,9.8,17.4,207,22.3,0.0,0.0,0.0
US_CISO_LosAngeles,2026-09-18T08:00Z,19.7,81,16.3,21.8,0.0,2,1007.7,0.5,3.7,227,2.9,0.0,0.0,0.0
US_CISO_SanFrancisco,2026-09-18T08:00Z,15.0,91,13.6,15.4,0.0,0,1018.8,4.5,10.2,260,10.1,0.0,0.0,0.0
US_ERCO_Dallas,2026-09-18T08:00Z,28.6,55,18.7,30.6,0.0,85,1005.1,7.6,14.9,195,16.2,0.0,0.0,0.0
US_ERCO_Houston,2026-09-18T08:00Z,25.6,90,23.8,30.7,0.0,61,1016.9,5.5,11.5,70,10.8,0.0,0.0,0.0
US_ISNE_Boston,2026-09-18T08:00Z,20.3,94,19.4,22.3,0.1,42,1015.0,10.7,16.6,334,23.0,0.0,0.0,0.0
US_MISO_Chicago,2026-09-18T08:00Z,20.1,86,17.7,20.6,0.0,31,992.6,15.0,25.0,48,35.3,0.0,0.0,0.0
US_NYIS_NewYork,2026-09-18T08:00Z,22.4,96,21.7,26.3,0.0,86,1013.3,6.1,14.8,260,11.9,0.0,0.0,0.0
US_PJM_Philadelphia,2026-09-18T08:00Z,22.5,97,22.0,26.8,0.0,98,1014.7,3.6,10.9,308,9.7,0.0,0.0,0.0
US_SWPP_OklahomaCity,2026-09-18T08:00Z,28.2,57,18.7,30.0,0.0,0,978.2,9.6,19.9,186,23.0,0.0,0.0,0.0
VN_DaNang,2026-09-18T08:00Z,29.1,78,24.8,34.3,0.0,100,1008.1,9.8,13.1,52,28.1,482.0,252.0,301.0
VN_HaNoi,2026-09-18T08:00Z,30.7,61,22.4,34.2,0.2,26,1007.9,11.4,16.3,117,27.0,525.0,432.3,211.0
VN_HoChiMinh,2026-09-18T08:00Z,30.6,69,24.4,36.7,0.2,29,1005.6,3.8,5.0,296,15.8,598.0,531.7,200.0
AT_Vienna,2026-09-18T09:00Z,19.2,65,12.4,19.4,0.0,70,994.1,3.6,5.7,298,13.7,533.0,735.3,114.0
BE_Brussels,2026-09-18T09:00Z,15.7,75,11.2,14.3,0.0,6,1012.4,11.9,17.6,242,30.2,407.0,704.5,86.0
DE_Berlin,2026-09-18T09:00Z,17.2,69,11.4,15.5,0.0,25,1008.2,14.4,22.0,252,32.8,361.0,483.4,117.0
DE_Hamburg,2026-09-18T09:00Z,16.3,77,12.3,14.2,0.0,29,1008.6,19.0,29.3,250,45.0,402.0,652.8,94.0
DE_Munich,2026-09-18T09:00Z,17.3,58,8.9,16.1,0.0,100,956.6,6.2,8.8,235,17.3,335.0,277.6,186.0
ES_Madrid,2026-09-18T09:00Z,19.3,47,7.8,17.3,0.0,0,942.5,9.7,14.6,40,27.7,419.0,739.0,80.0
FR_Paris,2026-09-18T09:00Z,17.3,65,10.7,16.3,0.0,82,1012.3,8.1,12.0,284,23.8,414.0,713.3,89.0
NL_Amsterdam,2026-09-18T09:00Z,16.7,62,9.4,14.1,0.0,6,1011.2,17.0,27.4,266,37.1,386.0,668.7,88.0
PL_Warsaw,2026-09-18T09:00Z,17.8,71,12.4,16.9,0.0,92,1001.0,11.0,16.7,180,28.4,528.0,789.1,92.0
US_BPAT_Portland,2026-09-18T09:00Z,16.6,72,11.5,15.6,0.0,2,1016.3,9.4,17.6,209,23.0,0.0,0.0,0.0
US_CISO_LosAngeles,2026-09-18T09:00Z,19.2,83,16.3,21.3,0.0,2,1007.6,0.5,4.1,214,1.4,0.0,0.0,0.0
US_CISO_SanFrancisco,2026-09-18T09:00Z,14.6,92,13.3,15.1,0.0,0,1018.7,3.9,9.8,257,9.7,0.0,0.0,0.0
US_ERCO_Dallas,2026-09-18T09:00Z,28.1,57,18.9,30.6,0.0,7,1004.8,5.8,12.4,213,15.5,0.0,0.0,0.0
US_ERCO_Houston,2026-09-18T09:00Z,25.2,90,23.4,30.0,0.0,73,1016.6,6.2,13.5,74,12.2,0.0,0.0,0.0
US_ISNE_Boston,2026-09-18T09:00Z,19.0,97,18.5,21.0,0.0,40,1014.9,8.3,14.5,341,23.8,0.0,0.0,0.0
US_MISO_Chicago,2026-09-18T09:00Z,19.8,85,17.2,20.2,0.0,27,992.4,14.1,24.0,53,31.7,0.0,0.0,0.0
US_NYIS_NewYork,2026-09-18T09:00Z,22.4,96,21.8,26.4,0.0,98,1013.2,5.7,13.9,290,11.9,0.0,0.0,0.0
US_PJM_Philadelphia,2026-09-18T09:00Z,22.6,97,22.0,26.6,0.0,98,1014.7,6.0,14.4,323,11.5,0.0,0.0,0.0
US_SWPP_OklahomaCity,2026-09-18T09:00Z,27.7,57,18.6,29.5,0.0,1,978.0,9.1,19.6,193,22.0,0.0,0.0,0.0
VN_DaNang,2026-09-18T09:00Z,28.9,77,24.4,33.7,0.2,100,1008.2,10.4,14.4,44,25.2,296.0,168.7,207.0
VN_HaNoi,2026-09-18T09:00Z,30.7,62,22.6,34.5,0.0,32,1008.0,9.5,14.0,121,24.5,423.0,491.0,154.0
VN_HoChiMinh,2026-09-18T09:00Z,28.1,82,24.6,32.9,1.7,84,1006.2,11.1,15.9,198,24.8,381.0,397.8,159.0
AT_Vienna,2026-09-18T10:00Z,20.6,55,11.3,20.8,0.0,81,994.0,4.2,6.2,296,15.5,625.0,772.2,124.0
BE_Brussels,2026-09-18T10:00Z,17.0,64,10.2,15.1,0.0,13,1012.4,13.4,19.5,247,34.2,520.0,749.2,101.0
DE_Berlin,2026-09-18T10:00Z,18.4,56,9.3,16.0,0.0,17,1008.4,15.0,22.4,261,36.0,506.0,671.2,114.0
DE_Hamburg,2026-09-18T10:00Z,16.8,75,12.2,14.8,0.0,24,1009.0,18.3,27.8,253,46.4,452.0,599.5,118.0
DE_Munich,2026-09-18T10:00Z,17.9,55,8.7,16.5,0.0,82,956.8,7.0,10.2,239,18.7,362.0,152.7,266.0
ES_Madrid,2026-09-18T10:00Z,21.4,48,9.8,20.5,0.0,0,942.9,7.2,10.4,54,27.7,586.0,819.5,91.0
FR_Paris,2026-09-18T10:00Z,18.7,57,10.0,17.3,0.0,98,1012.5,9.6,13.7,286,27.4,485.0,547.3,174.0
NL_Amsterdam,2026-09-18T10:00Z,17.3,60,9.4,14.4,0.0,20,1011.5,19.0,29.8,262,42.5,514.0,784.0,87.0
PL_Warsaw,2026-09-18T10:00Z,19.2,63,11.9,17.9,0.0,44,1000.6,12.8,19.1,188,31.7,545.0,611.3,170.0
US_BPAT_Portland,2026-09-18T10:00Z,15.4,80,11.9,14.8,0.0,5,1016.6,8.1,15.7,211,21.6,0.0,0.0,0.0
US_CISO_LosAngeles,2026-09-18T10:00Z,18.7,86,16.3,20.9,0.0,2,1007.4,0.0,3.0,218,1.8,0.0,0.0,0.0
US_CISO_SanFrancisco,2026-09-18T10:00Z,14.4,93,13.2,14.8,0.0,0,1018.6,3.9,9.7,260,8.6,0.0,0.0,0.0
US_ERCO_Dallas,2026-09-18T10:00Z,27.7,59,19.0,30.6,0.0,5,1005.0,3.3,9.4,222,11.5,0.0,0.0,0.0
US_ERCO_Houston,2026-09-18T10:00Z,24.8,89,23.0,29.4,0.0,34,1016.5,5.9,12.9,67,12.6,0.0,0.0,0.0
US_ISNE_Boston,2026-09-18T10:00Z,18.4,98,18.1,20.6,0.0,25,1014.9,5.8,11.5,338,16.6,0.0,0.0,0.0
US_MISO_Chicago,2026-09-18T10:00Z,19.6,84,16.7,19.8,0.0,88,992.6,14.5,24.9,59,30.2,0.0,0.0,0.0
US_NYIS_NewYork,2026-09-18T10:00Z,22.2,95,21.4,25.2,0.0,96,1013.7,10.6,21.3,339,20.9,0.0,0.0,0.0
US_PJM_Philadelphia,2026-09-18T10:00Z,22.5,98,22.1,26.3,0.0,100,1014.9,8.2,16.4,339,15.1,0.0,0.0,0.0
US_SWPP_OklahomaCity,2026-09-18T10:00Z,27.4,59,18.5,29.2,0.0,0,978.1,9.0,19.3,192,20.5,0.0,0.0,0.0
VN_DaNang,2026-09-18T10:00Z,28.4,79,24.3,33.0,0.3,74,1008.6,11.7,16.9,46,24.5,131.0,66.4,111.0
VN_HaNoi,2026-09-18T10:00Z,29.8,70,23.7,34.6,0.0,26,1008.0,7.2,13.1,123,19.8,232.0,396.6,100.0
VN_HoChiMinh,2026-09-18T10:00Z,26.8,93,25.5,33.0,2.8,83,1007.0,5.5,8.3,180,27.4,175.0,215.2,104.0
AT_Vienna,2026-09-18T11:00Z,21.6,48,10.2,21.6,0.0,88,993.8,5.2,7.7,288,16.9,656.0,751.6,141.0
BE_Brussels,2026-09-18T11:00Z,18.0,56,9.2,15.8,0.0,17,1012.7,14.7,21.3,251,36.7,586.0,743.9,120.0
DE_Berlin,2026-09-18T11:00Z,19.1,52,8.9,16.7,0.0,9,1008.8,14.2,21.0,260,35.3,562.0,726.3,108.0
DE_Hamburg,2026-09-18T11:00Z,17.3,70,11.7,15.1,0.1,23,1009.3,18.6,28.0,255,46.4,510.0,664.9,107.0
DE_Munich,2026-09-18T11:00Z,19.1,51,8.6,17.6,0.0,91,956.8,8.0,11.8,259,22.3,565.0,446.1,262.0
ES_Madrid,2026-09-18T11:00Z,23.2,43,10.0,23.3,0.0,1,943.1,5.6,7.7,59,24.5,711.0,865.3,97.0
FR_Paris,2026-09-18T11:00Z,19.7,50,9.0,18.1,0.0,89,1012.6,9.3,13.3,279,27.4,494.0,430.3,217.0
NL_Amsterdam,2026-09-18T11:00Z,17.6,59,9.4,14.6,0.0,24,1012.0,20.3,32.1,258,45.4,581.0,785.9,103.0
PL_Warsaw,2026-09-18T11:00Z,19.9,55,10.7,18.1,0.1,50,1000.6,14.1,21.2,198,34.9,502.0,588.1,129.0
US_BPAT_Portland,2026-09-18T11:00Z,14.6,86,12.2,14.3,0.0,14,1016.8,6.3,13.4,207,18.4,0.0,0.0,0.0
US_CISO_LosAngeles,2026-09-18T11:00Z,18.3,88,16.2,20.4,0.0,4,1007.2,0.2,1.4,270,2.2,0.0,0.0,0.0
US_CISO_SanFrancisco,2026-09-18T11:00Z,14.3,93,13.1,14.7,0.0,0,1018.4,3.6,9.3,261,9.0,0.0,0.0,0.0
US_ERCO_Dallas,2026-09-18T11:00Z,27.4,61,19.1,30.3,0.0,1,1005.2,3.3,8.6,216,7.2,0.0,0.0,0.0
US_ERCO_Houston,2026-09-18T11:00Z,24.6,90,22.8,28.9,0.0,21,1016.7,6.6,13.8,59,13.0,0.0,0.0,0.0
US_ISNE_Boston,2026-09-18T11:00Z,18.2,98,18.0,20.1,0.0,33,1015.3,7.0,13.0,317,13.7,9.0,46.8,6.0
US_MISO_Chicago,2026-09-18T11:00Z,19.4,82,16.3,19.4,0.0,36,992.8,14.9,25.3,61,31.3,0.0,0.0,0.0
US_NYIS_NewYork,2026-09-18T11:00Z,21.6,94,20.7,24.2,0.0,78,1014.1,10.9,21.3,356,24.1,3.0,0.0,3.0
US_PJM_Philadelphia,2026-09-18T11:00Z,22.3,98,22.0,25.7,0.0,100,1015.3,9.9,19.4,7,19.4,1.0,0.0,1.0
US_SWPP_OklahomaCity,2026-09-18T11:00Z,26.9,60,18.5,28.7,0.0,0,978.2,8.9,19.4,196,19.8,0.0,0.0,0.0
VN_DaNang,2026-09-18T11:00Z,27.0,87,24.6,32.2,0.7,47,1009.0,8.1,14.6,45,24.5,26.0,60.7,19.0
VN_HaNoi,2026-09-18T11:00Z,28.4,77,23.9,33.3,0.0,12,1008.4,7.6,16.4,153,13.3,50.0,165.4,28.0
VN_HoChiMinh,2026-09-18T11:00Z,25.6,92,24.3,31.1,3.9,100,1008.1,5.3,9.2,203,13.7,18.0,38.6,13.0
AT_Vienna,2026-09-18T12:00Z,22.4,44,9.7,21.8,0.0,85,993.7,7.0,10.1,297,19.1,641.0,723.0,152.0
BE_Brussels,2026-09-18T12:00Z,18.6,55,9.4,16.3,0.0,55,1012.9,15.3,22.3,250,42.1,570.0,654.4,143.0
DE_Berlin,2026-09-18T12:00Z,19.7,48,8.3,17.5,0.0,23,1009.2,13.1,18.9,258,33.8,592.0,783.7,102.0
DE_Hamburg,2026-09-18T12:00Z,17.2,67,11.0,14.6,0.1,97,1009.9,19.3,29.4,255,43.6,536.0,675.9,120.0
DE_Munich,2026-09-18T12:00Z,19.8,47,8.3,17.7,0.0,100,957.0,10.8,15.5,272,27.4,549.0,457.0,236.0
ES_Madrid,2026-09-18T12:00Z,24.7,40,10.2,25.7,0.0,2,942.7,3.8,4.7,94,22.3,785.0,894.5,98.0
FR_Paris,2026-09-18T12:00Z,20.6,45,8.3,18.8,0.0,99,1012.6,9.2,12.8,265,27.7,514.0,390.0,250.0
NL_Amsterdam,2026-09-18T12:00Z,17.7,58,9.2,14.6,0.0,59,1012.4,20.0,31.4,250,47.5,560.0,670.9,136.0
PL_Warsaw,2026-09-18T12:00Z,20.8,48,9.4,18.6,0.1,75,1000.5,13.3,19.8,214,34.6,469.0,552.6,130.0
US_BPAT_Portland,2026-09-18T12:00Z,13.7,91,12.3,13.7,0.0,11,1017.3,4.2,10.4,195,14.0,0.0,0.0,0.0
US_CISO_LosAngeles,2026-09-18T12:00Z,17.5,90,15.9,19.4,0.0,9,1007.6,1.0,3.7,309,2.2,0.0,0.0,0.0
US_CISO_SanFrancisco,2026-09-18T12:00Z,13.7,94,12.7,14.1,0.0,0,1018.6,3.0,8.3,274,7.9,0.0,0.0,0.0
US_ERCO_Dallas,2026-09-18T12:00Z,26.4,67,19.8,29.8,0.0,8,1005.7,2.2,8.7,233,7.6,0.0,0.0,0.0
US_ERCO_Houston,2026-09-18T12:00Z,24.6,91,23.1,29.0,0.0,27,1017.5,7.4,15.5,62,14.0,0.0,0.0,0.0
US_ISNE_Boston,2026-09-18T12:00Z,19.0,95,18.2,21.4,0.0,17,1015.8,4.8,8.8,303,16.2,116.0,331.2,55.0
US_MISO_Chicago,2026-09-18T12:00Z,19.4,80,16.0,19.2,0.0,2,993.4,15.7,26.9,69,32.4,6.0,18.4,5.0
US_NYIS_NewYork,2026-09-18T12:00Z,21.8,93,20.5,24.6,0.0,49,1014.8,8.8,18.6,357,22.3,89.0,293.3,45.0
US_PJM_Philadelphia,2026-09-18T12:00Z,22.6,95,21.7,25.8,0.0,94,1016.2,10.5,21.6,13,22.0,50.0,21.7,47.0
US_SWPP_OklahomaCity,2026-09-18T12:00Z,25.8,63,18.3,27.3,0.0,0,978.6,10.4,22.8,216,22.3,0.0,0.0,0.0
VN_DaNang,2026-09-18T12:00Z,27.5,88,25.3,33.3,0.2,8,1009.8,7.6,14.5,44,14.0,0.0,0.0,0.0
VN_HaNoi,2026-09-18T12:00Z,27.6,82,24.4,33.3,0.0,14,1009.2,4.3,10.6,169,15.5,0.0,0.0,0.0
VN_HoChiMinh,2026-09-18T12:00Z,26.7,89,24.7,32.3,3.3,100,1008.7,5.9,11.1,224,12.6,0.0,0.0,0.0
AT_Vienna,2026-09-18T13:00Z,22.4,43,9.3,21.0,0.0,45,993.4,8.0,11.4,309,21.2,530.0,571.4,174.0
BE_Brussels,2026-09-18T13:00Z,19.1,52,9.0,16.5,0.0,50,1012.7,15.9,23.6,246,39.2,519.0,544.3,173.0
DE_Berlin,2026-09-18T13:00Z,19.5,48,8.2,16.8,0.0,40,1009.4,14.9,22.0,256,34.9,486.0,641.7,111.0
DE_Hamburg,2026-09-18T13:00Z,17.2,68,11.2,15.1,0.1,40,1010.1,16.8,25.6,260,43.6,347.0,307.9,167.0
DE_Munich,2026-09-18T13:00Z,19.5,47,8.0,17.4,0.0,92,956.7,10.6,15.6,281,27.4,411.0,204.5,279.0
ES_Madrid,2026-09-18T13:00Z,25.6,37,9.7,26.5,0.0,29,942.3,2.7,3.4,96,18.7,754.0,821.4,117.0
FR_Paris,2026-09-18T13:00Z,21.5,41,7.8,19.5,0.0,100,1012.2,9.4,13.4,259,27.4,540.0,515.5,197.0
NL_Amsterdam,2026-09-18T13:00Z,17.5,58,9.1,14.3,0.0,99,1012.3,19.6,31.7,246,47.2,354.0,208.3,226.0
PL_Warsaw,2026-09-18T13:00Z,21.2,44,8.4,18.8,0.0,99,1000.3,13.2,19.6,228,35.3,442.0,579.2,122.0
US_BPAT_Portland,2026-09-18T13:00Z,13.3,94,12.3,13.3,0.0,95,1017.9,4.9,9.4,197,11.5,0.0,0.0,0.0
US_CISO_LosAngeles,2026-09-18T13:00Z,17.7,89,15.9,19.6,0.0,13,1007.7,0.5,1.4,50,2.9,0.0,0.0,0.0
US_CISO_SanFrancisco,2026-09-18T13:00Z,14.0,93,12.9,14.7,0.0,1,1018.8,1.0,5.2,282,4.7,0.0,0.0,0.0
US_ERCO_Dallas,2026-09-18T13:00Z,27.1,64,19.6,30.2,0.0,9,1006.2,3.9,7.3,203,10.1,31.0,158.9,15.0
US_ERCO_Houston,2026-09-18T13:00Z,25.2,89,23.3,29.7,0.0,13,1018.1,7.8,17.6,55,16.6,39.0,157.6,21.0
US_ISNE_Boston,2026-09-18T13:00Z,20.8,89,19.0,23.2,0.0,70,1016.1,7.3,11.0,302,19.1,292.0,557.2,89.0
US_MISO_Chicago,2026-09-18T13:00Z,19.9,76,15.5,19.3,0.0,1,993.5,16.3,25.8,72,35.3,112.0,410.0,44.0
US_NYIS_NewYork,2026-09-18T13:00Z,23.2,86,20.7,26.1,0.0,48,1015.1,8.9,13.5,355,23.8,259.0,505.9,88.0
US_PJM_Philadelphia,2026-09-18T13:00Z,24.0,84,21.2,27.1,0.0,8,1016.3,9.5,16.1,11,22.3,224.0,338.7,113.0
US_SWPP_OklahomaCity,2026-09-18T13:00Z,26.5,59,17.8,27.8,0.0,1,979.0,10.0,21.3,221,23.0,26.0,138.8,13.0
VN_DaNang,2026-09-18T13:00Z,26.7,90,24.9,32.1,0.5,77,1010.3,8.9,14.7,35,14.8,0.0,0.0,0.0
VN_HaNoi,2026-09-18T13:00Z,26.9,87,24.5,32.8,0.0,38,1010.0,3.3,9.4,163,7.2,0.0,0.0,0.0
VN_HoChiMinh,2026-09-18T13:00Z,26.4,90,24.7,32.8,2.4,100,1009.2,1.0,4.4,232,11.5,0.0,0.0,0.0
AT_Vienna,2026-09-18T14:00Z,22.2,45,9.7,21.3,0.0,42,993.4,5.9,8.4,307,21.6,473.0,675.3,116.0
BE_Brussels,2026-09-18T14:00Z,19.4,49,8.3,16.3,0.0,88,1012.5,18.0,27.1,247,42.8,446.0,492.1,162.0
DE_Berlin,2026-09-18T14:00Z,19.2,50,8.5,16.6,0.0,19,1009.6,15.0,23.2,249,35.6,335.0,399.7,133.0
DE_Hamburg,2026-09-18T14:00Z,17.5,64,10.7,14.9,0.0,35,1010.3,18.9,29.3,256,42.1,350.0,455.9,115.0
DE_Munich,2026-09-18T14:00Z,19.8,46,7.7,17.6,0.0,30,956.8,10.5,15.4,281,27.7,470.0,530.3,171.0
ES_Madrid,2026-09-18T14:00Z,26.2,34,9.2,26.5,0.0,7,941.9,2.4,3.1,114,17.6,679.0,776.6,111.0
FR_Paris,2026-09-18T14:00Z,21.6,40,7.3,19.6,0.0,55,1011.9,9.2,13.3,254,27.4,342.0,168.8,239.0
NL_Amsterdam,2026-09-18T14:00Z,17.3,62,10.0,14.7,0.0,98,1012.3,18.1,29.6,240,42.5,313.0,185.1,210.0
PL_Warsaw,2026-09-18T14:00Z,21.1,45,8.7,19.3,0.0,98,1000.3,9.9,16.3,237,34.6,308.0,296.4,173.0
US_BPAT_Portland,2026-09-18T14:00Z,13.0,96,12.3,12.9,0.0,100,1018.6,5.7,9.7,198,13.0,0.0,0.0,0.0
US_CISO_LosAngeles,2026-09-18T14:00Z,17.8,87,15.7,19.5,0.0,31,1007.7,1.5,3.4,32,4.3,4.0,18.7,3.0
US_CISO_SanFrancisco,2026-09-18T14:00Z,13.6,95,12.8,14.2,0.0,0,1019.0,1.6,3.9,248,2.5,0.0,0.0,0.0
US_ERCO_Dallas,2026-09-18T14:00Z,28.7,58,19.6,31.9,0.0,2,1006.4,2.7,4.0,190,12.2,197.0,516.5,61.0
US_ERCO_Houston,2026-09-18T14:00Z,26.9,82,23.6,31.6,0.0,37,1018.2,7.6,13.4,55,19.4,210.0,470.1,73.0
US_ISNE_Boston,2026-09-18T14:00Z,22.1,81,18.6,23.5,0.1,37,1016.3,12.3,18.1,325,29.9,351.0,355.1,166.0
US_MISO_Chicago,2026-09-18T14:00Z,20.1,72,15.0,19.4,0.0,15,993.6,16.0,24.2,75,37.8,291.0,627.3,72.0
US_NYIS_NewYork,2026-09-18T14:00Z,24.5,77,20.3,27.0,0.0,100,1015.3,10.3,15.2,356,27.7,424.0,594.9,124.0
US_PJM_Philadelphia,2026-09-18T14:00Z,25.7,68,19.4,27.4,0.0,25,1016.7,12.3,18.8,7,30.2,440.0,712.9,85.0
US_SWPP_OklahomaCity,2026-09-18T14:00Z,28.1,53,17.7,29.5,0.0,0,979.2,9.1,15.8,214,22.7,184.0,513.0,57.0
VN_DaNang,2026-09-18T14:00Z,25.2,94,24.3,30.4,5.3,91,1011.8,7.5,11.9,3,22.0,0.0,0.0,0.0
VN_HaNoi,2026-09-18T14:00Z,26.7,87,24.4,32.5,0.0,41,1011.1,3.4,10.2,152,5.8,0.0,0.0,0.0
VN_HoChiMinh,2026-09-18T14:00Z,26.3,92,24.8,32.8,3.0,100,1009.7,0.2,2.0,243,3.2,0.0,0.0,0.0
AT_Vienna,2026-09-18T15:00Z,22.0,47,10.0,21.5,0.0,24,993.6,2.9,4.4,291,15.8,340.0,605.2,98.0
BE_Brussels,2026-09-18T15:00Z,19.1,49,8.2,15.9,0.0,84,1012.7,18.5,27.7,247,45.0,329.0,405.6,134.0
DE_Berlin,2026-09-18T15:00Z,19.0,52,8.9,17.0,0.0,17,1009.9,11.4,18.4,254,33.5,283.0,477.8,95.0
DE_Hamburg,2026-09-18T15:00Z,17.2,65,10.6,14.5,0.0,24,1010.7,19.2,30.3,256,42.5,276.0,426.3,100.0
DE_Munich,2026-09-18T15:00Z,19.7,44,7.3,17.6,0.0,40,957.0,9.4,14.1,274,25.9,365.0,559.5,116.0
ES_Madrid,2026-09-18T15:00Z,26.7,32,8.5,26.2,0.0,5,941.7,3.7,4.8,127,18.4,613.0,810.9,95.0
FR_Paris,2026-09-18T15:00Z,22.4,36,6.6,20.0,0.0,88,1011.9,10.1,14.8,257,27.4,416.0,516.6,150.0
NL_Amsterdam,2026-09-18T15:00Z,17.3,62,10.0,14.3,0.0,98,1012.5,20.1,33.5,239,47.5,270.0,222.9,167.0
PL_Warsaw,2026-09-18T15:00Z,20.5,53,10.6,19.6,0.0,91,1000.5,6.9,13.5,245,22.7,186.0,155.0,135.0
US_BPAT_Portland,2026-09-18T15:00Z,13.4,93,12.3,13.1,0.0,100,1019.1,6.7,10.1,202,17.3,31.0,53.1,25.0
US_CISO_LosAngeles,2026-09-18T15:00Z,19.5,76,15.3,21.1,0.0,38,1007.7,1.4,2.9,4,9.4,98.0,258.1,54.0
US_CISO_SanFrancisco,2026-09-18T15:00Z,14.8,93,13.7,15.6,0.0,0,1019.3,2.5,3.8,245,7.6,63.0,245.7,32.0
US_ERCO_Dallas,2026-09-18T15:00Z,30.6,51,19.4,33.7,0.0,6,1006.3,2.6,3.6,225,14.4,402.0,688.4,84.0
US_ERCO_Houston,2026-09-18T15:00Z,28.7,74,23.5,33.2,0.0,12,1018.2,8.6,13.0,65,23.0,375.0,502.0,127.0
US_ISNE_Boston,2026-09-18T15:00Z,23.0,67,16.5,23.8,0.0,1,1016.1,11.5,16.3,332,30.2,573.0,697.7,124.0
US_MISO_Chicago,2026-09-18T15:00Z,20.2,72,15.0,19.6,0.0,15,994.3,15.5,22.8,76,38.2,465.0,735.3,90.0
US_NYIS_NewYork,2026-09-18T15:00Z,24.3,75,19.5,26.4,0.0,100,1015.5,10.5,15.5,359,28.1,339.0,244.7,183.0
US_PJM_Philadelphia,2026-09-18T15:00Z,26.5,62,18.6,27.9,0.0,69,1016.8,12.7,19.0,6,32.4,572.0,706.5,123.0
US_SWPP_OklahomaCity,2026-09-18T15:00Z,30.3,47,17.7,31.7,0.0,0,979.2,9.3,14.3,214,25.6,382.0,687.0,79.0
VN_DaNang,2026-09-18T15:00Z,25.1,97,24.5,30.7,2.0,100,1011.8,5.0,5.9,315,14.0,0.0,0.0,0.0
VN_HaNoi,2026-09-18T15:00Z,26.3,88,24.1,31.9,0.0,65,1011.8,3.5,10.1,153,5.0,0.0,0.0,0.0
VN_HoChiMinh,2026-09-18T15:00Z,26.1,93,25.0,32.4,3.3,100,1010.3,2.5,4.3,17,7.2,0.0,0.0,0.0
AT_Vienna,2026-09-18T16:00Z,21.3,56,12.2,21.9,0.0,13,993.7,0.4,2.7,278,8.3,184.0,497.5,62.0
BE_Brussels,2026-09-18T16:00Z,18.8,50,8.2,15.7,0.0,94,1013.0,18.2,27.8,248,49.0,242.0,373.7,110.0
DE_Berlin,2026-09-18T16:00Z,18.7,56,9.8,17.6,0.0,37,1010.1,7.0,14.8,254,25.2,172.0,421.3,64.0
DE_Hamburg,2026-09-18T16:00Z,16.5,70,11.0,14.2,0.0,34,1011.3,17.2,28.9,258,42.1,177.0,391.3,66.0
DE_Munich,2026-09-18T16:00Z,19.3,47,7.7,17.8,0.0,27,957.1,5.8,11.7,272,22.0,220.0,463.9,82.0
ES_Madrid,2026-09-18T16:00Z,26.8,30,7.8,25.2,0.0,2,941.3,6.4,8.3,131,21.6,473.0,777.9,81.0
FR_Paris,2026-09-18T16:00Z,21.7,37,6.5,19.1,0.0,62,1012.0,11.6,17.1,252,29.2,291.0,445.6,119.0
NL_Amsterdam,2026-09-18T16:00Z,16.9,65,10.3,14.4,0.0,92,1012.6,17.7,31.3,234,43.2,188.0,227.8,111.0
PL_Warsaw,2026-09-18T16:00Z,19.1,64,12.0,18.8,0.0,69,1000.6,5.6,13.4,230,14.8,103.0,231.2,61.0
US_BPAT_Portland,2026-09-18T16:00Z,14.2,86,12.0,13.8,0.0,100,1019.1,6.8,9.7,208,18.7,89.0,10.9,86.0
US_CISO_LosAngeles,2026-09-18T16:00Z,21.6,65,14.8,22.9,0.0,16,1007.7,1.5,1.8,186,10.8,298.0,557.2,89.0
US_CISO_SanFrancisco,2026-09-18T16:00Z,16.0,86,13.6,16.8,0.0,0,1019.1,2.2,2.9,223,11.9,216.0,377.1,100.0
US_ERCO_Dallas,2026-09-18T16:00Z,32.4,46,19.2,35.6,0.0,3,1006.0,3.1,4.2,216,16.9,589.0,777.5,99.0
US_ERCO_Houston,2026-09-18T16:00Z,30.6,59,21.6,33.9,0.0,2,1018.0,11.2,15.8,82,29.5,599.0,731.9,113.0
US_ISNE_Boston,2026-09-18T16:00Z,23.7,58,15.0,24.6,0.0,5,1015.7,11.6,16.7,334,30.6,723.0,876.2,89.0
US_MISO_Chicago,2026-09-18T16:00Z,20.4,69,14.6,20.0,0.0,36,994.4,14.7,21.3,64,37.1,604.0,778.2,108.0
US_NYIS_NewYork,2026-09-18T16:00Z,24.9,63,17.5,26.1,0.0,5,1015.3,9.7,14.4,2,27.7,390.0,146.9,283.0
US_PJM_Philadelphia,2026-09-18T16:00Z,26.9,57,17.6,28.1,0.0,34,1016.5,11.6,17.0,5,32.4,580.0,492.4,220.0
US_SWPP_OklahomaCity,2026-09-18T16:00Z,32.5,41,17.5,33.6,0.0,0,979.1,11.2,16.6,211,30.6,565.0,780.9,92.0
VN_DaNang,2026-09-18T16:00Z,24.6,97,24.1,29.4,2.5,100,1012.0,9.0,13.1,288,24.1,0.0,0.0,0.0
VN_HaNoi,2026-09-18T16:00Z,25.6,91,24.0,31.3,0.0,88,1012.2,2.5,7.0,181,5.4,0.0,0.0,0.0
VN_HoChiMinh,2026-09-18T16:00Z,26.1,93,24.9,32.4,0.4,98,1009.7,2.3,4.7,81,5.8,0.0,0.0,0.0
AT_Vienna,2026-09-18T17:00Z,18.9,66,12.4,19.1,0.0,8,993.8,4.1,9.3,229,6.8,44.0,233.3,21.0
BE_Brussels,2026-09-18T17:00Z,17.9,57,9.3,15.6,0.0,18,1012.9,14.7,25.4,242,43.2,118.0,280.5,61.0
DE_Berlin,2026-09-18T17:00Z,17.5,60,9.7,16.0,0.0,15,1010.4,9.1,20.3,256,18.0,54.0,261.4,26.0
DE_Hamburg,2026-09-18T17:00Z,15.6,74,11.0,13.7,0.0,55,1011.6,15.4,27.2,256,36.7,74.0,277.8,36.0
DE_Munich,2026-09-18T17:00Z,17.3,62,9.9,16.8,0.0,13,956.9,3.6,9.5,260,12.6,78.0,297.5,39.0
ES_Madrid,2026-09-18T17:00Z,26.3,29,6.9,24.2,0.0,1,941.3,8.7,11.7,131,24.1,291.0,675.6,64.0
FR_Paris,2026-09-18T17:00Z,20.9,39,6.4,18.5,0.0,88,1012.2,10.3,15.9,267,29.2,177.0,508.0,59.0
NL_Amsterdam,2026-09-18T17:00Z,16.3,69,10.6,14.5,0.0,95,1012.4,13.4,26.2,225,38.5,92.0,119.5,69.0
PL_Warsaw,2026-09-18T17:00Z,17.6,70,12.0,17.4,0.0,77,1000.9,5.8,15.1,230,11.5,16.0,73.8,11.0
US_BPAT_Portland,2026-09-18T17:00Z,15.3,79,11.7,14.9,0.0,100,1019.4,6.0,8.6,203,18.4,132.0,0.0,132.0
US_CISO_LosAngeles,2026-09-18T17:00Z,23.7,55,14.2,24.5,0.0,56,1007.6,3.6,4.8,191,16.6,517.0,752.8,99.0
US_CISO_SanFrancisco,2026-09-18T17:00Z,17.4,76,13.2,18.0,0.0,0,1019.0,2.9,3.6,225,15.1,388.0,498.8,145.0
US_ERCO_Dallas,2026-09-18T17:00Z,34.1,40,18.5,37.8,0.0,9,1005.5,3.8,5.2,158,19.1,731.0,822.0,109.0
US_ERCO_Houston,2026-09-18T17:00Z,31.7,51,20.2,35.2,0.0,1,1017.7,10.7,15.0,79,30.6,761.0,819.3,114.0
US_ISNE_Boston,2026-09-18T17:00Z,24.3,53,14.0,25.2,0.0,2,1015.2,11.4,16.1,336,29.9,767.0,894.6,91.0
US_MISO_Chicago,2026-09-18T17:00Z,20.5,68,14.4,20.5,0.0,21,993.8,15.9,22.9,63,39.6,721.0,866.2,95.0
US_NYIS_NewYork,2026-09-18T17:00Z,26.4,53,16.1,27.8,0.0,5,1014.7,9.2,13.4,4,27.4,680.0,679.4,156.0
US_PJM_Philadelphia,2026-09-18T17:00Z,27.8,47,15.5,29.0,0.0,0,1016.1,10.4,14.9,7,30.2,716.0,713.2,161.0
US_SWPP_OklahomaCity,2026-09-18T17:00Z,33.9,36,16.9,35.2,0.0,0,978.7,13.1,19.0,200,36.0,708.0,835.4,98.0
VN_DaNang,2026-09-18T17:00Z,24.4,97,23.8,29.5,2.8,77,1011.6,5.9,8.9,249,23.4,0.0,0.0,0.0
VN_HaNoi,2026-09-18T17:00Z,24.9,97,24.3,30.6,0.0,21,1012.1,3.8,4.9,274,7.2,0.0,0.0,0.0
VN_HoChiMinh,2026-09-18T17:00Z,26.0,94,24.9,32.3,0.0,98,1009.4,2.5,5.3,38,5.4,0.0,0.0,0.0
AT_Vienna,2026-09-18T18:00Z,18.0,68,12.0,17.5,0.0,42,994.4,7.7,16.9,250,14.4,0.0,0.0,0.0
BE_Brussels,2026-09-18T18:00Z,17.0,63,9.8,14.7,0.0,59,1013.4,15.3,27.8,238,32.4,26.0,166.4,13.0
DE_Berlin,2026-09-18T18:00Z,16.2,66,9.8,14.9,0.0,10,1011.1,8.9,21.0,250,19.1,1.0,0.0,1.0
DE_Hamburg,2026-09-18T18:00Z,15.1,77,11.0,13.7,0.0,88,1011.7,11.8,22.0,247,31.7,4.0,19.1,3.0
DE_Munich,2026-09-18T18:00Z,16.0,68,10.2,15.5,0.0,22,957.2,4.0,8.9,252,8.6,2.0,19.1,1.0
ES_Madrid,2026-09-18T18:00Z,25.5,27,5.3,23.0,0.0,2,941.3,9.0,14.0,127,24.1,103.0,457.6,36.0
FR_Paris,2026-09-18T18:00Z,19.6,44,7.0,17.9,0.0,80,1012.6,6.2,14.0,288,23.8,35.0,130.2,23.0
NL_Amsterdam,2026-09-18T18:00Z,16.0,71,10.7,14.3,0.0,99,1012.4,13.3,26.5,221,28.8,15.0,40.9,12.0
PL_Warsaw,2026-09-18T18:00Z,17.3,67,11.0,15.9,0.0,96,1001.5,11.5,24.5,273,14.8,0.0,0.0,0.0
US_BPAT_Portland,2026-09-18T18:00Z,15.6,76,11.5,15.2,0.0,100,1019.7,5.5,7.7,201,18.4,253.0,68.9,214.0
US_CISO_LosAngeles,2026-09-18T18:00Z,24.8,53,14.4,26.3,0.0,26,1007.6,4.3,5.6,182,18.7,662.0,727.1,154.0
US_CISO_SanFrancisco,2026-09-18T18:00Z,18.5,71,13.2,18.8,0.0,0,1019.4,5.9,7.1,232,20.5,578.0,690.0,140.0
US_ERCO_Dallas,2026-09-18T18:00Z,35.5,35,17.6,38.6,0.0,20,1005.0,7.5,10.1,131,24.8,792.0,789.1,135.0
US_ERCO_Houston,2026-09-18T18:00Z,32.9,43,18.7,36.8,0.0,5,1017.5,8.0,10.9,70,29.9,855.0,857.9,115.0
US_ISNE_Boston,2026-09-18T18:00Z,24.8,48,13.1,25.3,0.0,5,1015.3,11.4,16.2,333,29.2,743.0,886.8,89.0
US_MISO_Chicago,2026-09-18T18:00Z,20.8,66,14.3,21.3,0.0,99,994.0,12.6,17.9,61,38.9,717.0,761.8,138.0
US_NYIS_NewYork,2026-09-18T18:00Z,27.0,50,15.8,28.8,0.0,9,1014.7,8.9,12.6,350,28.1,747.0,831.3,113.0
US_PJM_Philadelphia,2026-09-18T18:00Z,28.0,45,15.0,29.7,0.0,88,1016.1,8.5,12.1,358,28.1,760.0,854.7,99.0
US_SWPP_OklahomaCity,2026-09-18T18:00Z,35.9,29,14.9,36.8,0.0,0,978.3,14.0,20.1,193,38.2,797.0,862.2,102.0
VN_DaNang,2026-09-18T18:00Z,25.5,94,24.5,31.0,0.4,99,1011.0,6.0,9.5,2,12.2,0.0,0.0,0.0
VN_HaNoi,2026-09-18T18:00Z,25.3,99,25.0,31.3,0.0,35,1011.5,5.0,6.6,313,10.8,0.0,0.0,0.0
VN_HoChiMinh,2026-09-18T18:00Z,26.4,90,24.6,32.5,0.0,99,1009.0,2.1,1.8,11,5.8,0.0,0.0,0.0
AT_Vienna,2026-09-18T19:00Z,17.3,66,10.9,16.2,0.0,51,995.0,8.7,22.2,273,17.6,0.0,0.0,0.0
BE_Brussels,2026-09-18T19:00Z,16.5,67,10.4,14.5,0.0,70,1013.6,14.5,26.7,245,32.4,0.0,0.0,0.0
DE_Berlin,2026-09-18T19:00Z,15.2,72,10.2,14.3,0.0,10,1011.6,6.8,17.6,252,16.9,0.0,0.0,0.0
DE_Hamburg,2026-09-18T19:00Z,14.5,81,11.2,13.5,0.0,100,1012.1,8.9,19.6,240,23.4,0.0,0.0,0.0
DE_Munich,2026-09-18T19:00Z,14.9,73,10.2,14.2,0.0,59,957.7,5.5,11.3,231,10.4,0.0,0.0,0.0
ES_Madrid,2026-09-18T19:00Z,24.5,28,4.7,22.6,0.0,3,941.4,3.7,10.4,134,19.8,3.0,19.1,2.0
FR_Paris,2026-09-18T19:00Z,18.8,49,7.8,17.6,0.0,81,1012.8,4.0,11.8,278,11.9,0.0,0.0,0.0
NL_Amsterdam,2026-09-18T19:00Z,16.6,74,11.9,15.0,0.0,100,1012.2,14.5,29.1,226,31.3,0.0,0.0,0.0
PL_Warsaw,2026-09-18T19:00Z,16.7,71,11.3,15.5,0.0,98,1002.1,10.6,23.0,287,23.4,0.0,0.0,0.0
US_BPAT_Portland,2026-09-18T19:00Z,17.1,69,11.3,16.7,0.0,100,1019.6,5.6,7.8,220,19.1,296.0,28.8,277.0
US_CISO_LosAngeles,2026-09-18T19:00Z,26.6,47,14.4,28.5,0.0,21,1006.8,5.9,7.9,181,22.3,773.0,766.7,163.0
US_CISO_SanFrancisco,2026-09-18T19:00Z,19.2,70,13.7,19.9,0.0,1,1019.0,9.8,11.8,246,28.4,720.0,791.5,134.0
US_ERCO_Dallas,2026-09-18T19:00Z,36.3,32,17.0,38.7,0.0,37,1003.7,9.9,13.5,136,30.6,797.0,765.8,144.0
US_ERCO_Houston,2026-09-18T19:00Z,33.7,40,18.2,37.3,0.0,3,1016.2,8.9,12.2,66,27.4,876.0,862.6,119.0
US_ISNE_Boston,2026-09-18T19:00Z,25.2,46,12.7,24.5,0.0,100,1015.0,13.4,20.3,331,36.7,619.0,757.7,111.0
US_MISO_Chicago,2026-09-18T19:00Z,20.6,68,14.6,20.1,0.0,91,992.8,13.6,20.1,67,33.8,518.0,360.2,249.0
US_NYIS_NewYork,2026-09-18T19:00Z,27.6,48,15.5,28.8,0.0,21,1014.1,9.3,13.4,349,27.4,676.0,804.7,110.0
US_PJM_Philadelphia,2026-09-18T19:00Z,28.4,43,14.6,29.1,0.0,27,1015.4,8.3,12.1,353,24.1,621.0,578.7,206.0
US_SWPP_OklahomaCity,2026-09-18T19:00Z,36.3,27,14.4,37.1,0.0,0,976.8,14.6,21.3,185,39.6,827.0,876.7,101.0
VN_DaNang,2026-09-18T19:00Z,25.2,95,24.3,30.5,2.2,89,1010.6,6.7,9.2,313,15.5,0.0,0.0,0.0
VN_HaNoi,2026-09-18T19:00Z,25.0,100,24.9,30.8,0.0,99,1011.3,5.5,10.2,316,10.1,0.0,0.0,0.0
VN_HoChiMinh,2026-09-18T19:00Z,25.8,93,24.6,32.1,0.3,99,1009.1,1.4,1.9,139,5.0,0.0,0.0,0.0
AT_Vienna,2026-09-18T20:00Z,17.5,61,10.0,15.8,0.0,70,995.5,12.0,27.6,277,24.1,0.0,0.0,0.0
BE_Brussels,2026-09-18T20:00Z,16.1,71,10.9,14.1,0.0,100,1014.1,15.8,28.5,249,34.2,0.0,0.0,0.0
DE_Berlin,2026-09-18T20:00Z,14.6,74,10.1,13.5,0.0,30,1011.9,7.9,19.4,239,14.8,0.0,0.0,0.0
DE_Hamburg,2026-09-18T20:00Z,14.4,80,11.0,13.0,0.0,99,1012.3,11.5,23.8,227,22.7,0.0,0.0,0.0
DE_Munich,2026-09-18T20:00Z,14.4,74,9.9,13.4,0.0,45,958.4,6.4,14.9,255,12.2,0.0,0.0,0.0
ES_Madrid,2026-09-18T20:00Z,24.0,28,4.6,22.5,0.0,10,941.9,1.5,6.3,105,9.0,0.0,0.0,0.0
FR_Paris,2026-09-18T20:00Z,18.4,49,7.6,16.7,0.0,78,1013.4,7.4,16.8,257,14.0,0.0,0.0,0.0
NL_Amsterdam,2026-09-18T20:00Z,16.5,80,13.0,14.7,0.2,100,1012.4,18.8,35.5,229,40.3,0.0,0.0,0.0
PL_Warsaw,2026-09-18T20:00Z,15.9,77,11.8,15.3,0.0,75,1002.2,7.6,18.5,283,21.6,0.0,0.0,0.0
US_BPAT_Portland,2026-09-18T20:00Z,18.5,62,11.2,18.0,0.0,96,1019.3,5.5,7.5,246,19.8,368.0,91.5,303.0
US_CISO_LosAngeles,2026-09-18T20:00Z,27.6,45,14.5,29.5,0.0,13,1005.9,8.5,11.5,207,27.0,839.0,816.1,154.0
US_CISO_SanFrancisco,2026-09-18T20:00Z,19.3,71,13.9,19.8,0.0,0,1018.3,14.0,17.8,254,37.1,798.0,862.5,111.0
US_ERCO_Dallas,2026-09-18T20:00Z,36.4,32,16.9,38.2,0.0,14,1002.3,10.7,14.8,139,32.0,728.0,710.9,148.0
US_ERCO_Houston,2026-09-18T20:00Z,33.8,40,18.2,36.7,0.0,1,1014.8,10.9,15.0,70,31.3,829.0,858.8,113.0
US_ISNE_Boston,2026-09-18T20:00Z,24.3,52,13.7,24.0,0.0,34,1014.7,10.1,17.3,349,32.0,264.0,102.0,207.0
US_MISO_Chicago,2026-09-18T20:00Z,21.1,65,14.2,20.6,0.0,97,991.1,14.1,20.6,94,35.6,600.0,555.5,220.0
US_NYIS_NewYork,2026-09-18T20:00Z,27.8,46,15.0,28.0,0.0,19,1013.8,9.9,14.7,342,26.3,514.0,632.8,136.0
US_PJM_Philadelphia,2026-09-18T20:00Z,29.0,44,15.4,29.6,0.0,67,1014.9,8.5,12.6,347,25.2,558.0,697.9,130.0
US_SWPP_OklahomaCity,2026-09-18T20:00Z,36.5,26,14.1,36.9,0.0,0,976.3,14.9,21.7,195,40.3,792.0,873.2,98.0
VN_DaNang,2026-09-18T20:00Z,24.6,96,24.0,29.8,0.4,39,1010.2,6.3,8.1,269,13.0,0.0,0.0,0.0
VN_HaNoi,2026-09-18T20:00Z,25.0,99,24.7,30.5,0.0,24,1011.2,6.5,12.7,322,11.5,0.0,0.0,0.0
VN_HoChiMinh,2026-09-18T20:00Z,25.7,95,24.8,32.0,0.0,98,1008.5,1.7,2.8,75,5.0,0.0,0.0,0.0
AT_Vienna,2026-09-18T21:00Z,17.2,62,9.9,15.6,0.0,98,996.1,10.3,24.0,281,24.5,0.0,0.0,0.0
BE_Brussels,2026-09-18T21:00Z,16.2,71,10.9,14.2,0.0,100,1014.3,15.4,27.9,242,34.6,0.0,0.0,0.0
DE_Berlin,2026-09-18T21:00Z,14.4,73,9.7,12.9,0.0,12,1012.5,9.7,22.9,250,18.4,0.0,0.0,0.0
DE_Hamburg,2026-09-18T21:00Z,14.2,78,10.3,12.5,0.0,100,1012.3,11.7,24.1,223,24.1,0.0,0.0,0.0
DE_Munich,2026-09-18T21:00Z,13.6,80,10.3,12.9,0.0,15,958.9,5.2,12.9,325,14.0,0.0,0.0,0.0
ES_Madrid,2026-09-18T21:00Z,23.5,27,3.4,20.9,0.0,8,942.3,6.6,15.3,59,13.7,0.0,0.0,0.0
FR_Paris,2026-09-18T21:00Z,17.9,53,8.2,15.9,0.0,96,1014.0,10.0,19.8,277,21.2,0.0,0.0,0.0
NL_Amsterdam,2026-09-18T21:00Z,15.6,88,13.7,14.0,0.5,67,1011.9,18.9,34.6,227,41.8,0.0,0.0,0.0
PL_Warsaw,2026-09-18T21:00Z,15.0,82,11.9,14.5,0.0,9,1002.8,7.6,18.9,273,14.8,0.0,0.0,0.0
US_BPAT_Portland,2026-09-18T21:00Z,19.9,56,10.9,19.4,0.0,49,1018.8,4.7,6.5,265,20.2,475.0,253.5,294.0
US_CISO_LosAngeles,2026-09-18T21:00Z,27.7,47,15.2,29.4,0.0,2,1005.5,11.1,15.0,222,32.4,842.0,876.8,117.0
US_CISO_SanFrancisco,2026-09-18T21:00Z,19.3,70,13.8,19.4,0.0,0,1017.7,16.6,21.4,257,41.8,806.0,872.8,108.0
US_ERCO_Dallas,2026-09-18T21:00Z,36.2,31,16.3,37.7,0.0,11,1001.6,8.5,11.8,142,32.0,649.0,701.3,141.0
US_ERCO_Houston,2026-09-18T21:00Z,33.7,40,18.1,36.0,0.0,2,1014.2,11.2,15.5,72,32.0,721.0,844.7,101.0
US_ISNE_Boston,2026-09-18T21:00Z,24.5,50,13.4,24.4,0.0,38,1014.9,8.8,15.6,344,24.1,332.0,591.8,89.0
US_MISO_Chicago,2026-09-18T21:00Z,21.1,65,14.2,20.7,0.0,93,989.9,11.7,19.2,96,36.0,385.0,328.2,196.0
US_NYIS_NewYork,2026-09-18T21:00Z,27.3,45,14.5,27.2,0.0,5,1013.9,10.6,15.3,348,28.4,339.0,482.4,121.0
US_PJM_Philadelphia,2026-09-18T21:00Z,28.5,46,15.7,28.6,0.0,69,1014.8,12.4,18.8,342,28.4,313.0,383.9,133.0
US_SWPP_OklahomaCity,2026-09-18T21:00Z,36.4,26,14.1,36.4,0.0,5,975.7,14.3,20.8,195,40.0,693.0,846.9,93.0
VN_DaNang,2026-09-18T21:00Z,24.3,97,23.8,29.2,0.6,100,1010.6,7.2,11.0,242,17.3,0.0,0.0,0.0
VN_HaNoi,2026-09-18T21:00Z,24.9,99,24.6,30.4,0.0,33,1010.9,6.5,13.5,335,14.0,0.0,0.0,0.0
VN_HoChiMinh,2026-09-18T21:00Z,25.7,95,24.8,32.1,0.0,59,1008.2,1.3,1.7,108,3.6,0.0,0.0,0.0
AT_Vienna,2026-09-18T22:00Z,16.9,65,10.3,15.7,0.0,100,996.6,9.3,22.1,280,21.2,0.0,0.0,0.0
BE_Brussels,2026-09-18T22:00Z,16.2,71,11.0,14.3,0.0,95,1014.1,15.2,27.4,235,33.8,0.0,0.0,0.0
DE_Berlin,2026-09-18T22:00Z,13.9,75,9.5,12.3,0.0,64,1012.9,9.8,22.6,249,19.1,0.0,0.0,0.0
DE_Hamburg,2026-09-18T22:00Z,14.0,77,10.1,12.1,0.0,100,1012.3,13.2,26.3,219,26.6,0.0,0.0,0.0
DE_Munich,2026-09-18T22:00Z,13.0,83,10.2,12.8,0.0,2,959.0,1.5,9.5,29,10.1,0.0,0.0,0.0
ES_Madrid,2026-09-18T22:00Z,22.6,26,2.1,19.1,0.0,3,942.9,11.7,22.3,45,25.2,0.0,0.0,0.0
FR_Paris,2026-09-18T22:00Z,17.0,60,9.2,16.1,0.0,52,1014.3,4.4,12.3,275,20.9,0.0,0.0,0.0
NL_Amsterdam,2026-09-18T22:00Z,15.5,90,13.9,14.2,0.1,92,1012.1,17.0,32.7,229,38.5,0.0,0.0,0.0
PL_Warsaw,2026-09-18T22:00Z,14.5,84,11.8,13.8,0.0,17,1003.3,8.3,19.8,269,16.2,0.0,0.0,0.0
US_BPAT_Portland,2026-09-18T22:00Z,20.9,52,10.8,20.9,0.0,0,1018.0,3.8,5.0,300,19.8,605.0,626.7,185.0
US_CISO_LosAngeles,2026-09-18T22:00Z,27.2,49,15.6,28.6,0.0,2,1004.8,11.7,16.2,225,33.8,765.0,865.4,108.0
US_CISO_SanFrancisco,2026-09-18T22:00Z,19.2,70,13.7,18.8,0.0,1,1017.0,18.2,24.0,257,44.3,748.0,859.3,104.0
US_ERCO_Dallas,2026-09-18T22:00Z,36.4,29,15.5,37.7,0.0,48,1001.4,3.4,5.0,159,26.3,466.0,595.4,118.0
US_ERCO_Houston,2026-09-18T22:00Z,33.5,37,16.7,34.1,0.0,0,1014.0,11.4,16.1,76,31.3,552.0,787.9,91.0
US_ISNE_Boston,2026-09-18T22:00Z,23.3,53,13.2,22.5,0.0,27,1015.3,12.3,22.9,349,25.6,174.0,505.1,55.0
US_MISO_Chicago,2026-09-18T22:00Z,21.1,69,15.1,21.0,0.0,68,989.6,12.3,21.4,92,27.7,273.0,318.8,136.0
US_NYIS_NewYork,2026-09-18T22:00Z,26.6,48,14.8,27.0,0.0,9,1014.0,8.0,13.6,353,28.4,186.0,418.9,70.0
US_PJM_Philadelphia,2026-09-18T22:00Z,27.5,49,15.9,27.9,0.0,5,1015.0,11.3,19.6,341,28.8,163.0,258.8,87.0
US_SWPP_OklahomaCity,2026-09-18T22:00Z,35.9,28,14.3,35.0,0.0,20,974.9,15.6,23.0,186,40.3,529.0,751.5,97.0
VN_DaNang,2026-09-18T22:00Z,24.7,95,23.9,30.1,0.3,99,1010.8,4.5,7.8,263,16.6,0.0,0.0,0.0
VN_HaNoi,2026-09-18T22:00Z,24.7,98,24.4,30.6,0.0,15,1011.6,3.1,10.2,353,11.5,0.0,0.0,0.0
VN_HoChiMinh,2026-09-18T22:00Z,25.5,96,24.8,31.7,0.0,37,1008.6,2.2,4.6,189,4.7,0.0,0.0,0.0
AT_Vienna,2026-09-18T23:00Z,16.4,69,10.7,15.1,0.0,9,997.1,9.9,22.8,282,20.5,0.0,0.0,0.0
BE_Brussels,2026-09-18T23:00Z,15.3,78,11.4,13.5,0.5,52,1013.9,15.6,28.5,221,34.6,0.0,0.0,0.0
DE_Berlin,2026-09-18T23:00Z,13.4,77,9.5,11.8,0.0,99,1013.1,10.2,23.0,239,19.8,0.0,0.0,0.0
DE_Hamburg,2026-09-18T23:00Z,14.3,77,10.3,12.2,0.0,91,1012.2,14.3,27.4,224,29.5,0.0,0.0,0.0
DE_Munich,2026-09-18T23:00Z,12.2,86,9.9,11.6,0.0,3,959.4,3.5,4.6,315,7.9,0.0,0.0,0.0
ES_Madrid,2026-09-18T23:00Z,21.0,34,4.5,18.2,0.0,2,943.7,9.9,18.8,54,25.9,0.0,0.0,0.0
FR_Paris,2026-09-18T23:00Z,16.5,64,9.8,15.7,0.0,10,1014.1,5.1,12.1,238,10.4,0.0,0.0,0.0
NL_Amsterdam,2026-09-18T23:00Z,15.9,86,13.6,14.5,0.0,99,1011.9,17.3,32.7,231,38.2,0.0,0.0,0.0
PL_Warsaw,2026-09-18T23:00Z,14.0,87,11.8,13.4,0.0,2,1003.7,8.2,19.3,272,16.2,0.0,0.0,0.0
US_BPAT_Portland,2026-09-18T23:00Z,21.5,51,10.8,21.4,0.0,0,1017.3,2.0,2.4,347,18.4,551.0,775.0,100.0
US_CISO_LosAngeles,2026-09-18T23:00Z,26.7,50,15.4,27.3,0.0,0,1004.5,11.1,15.5,227,33.5,625.0,819.3,100.0
US_CISO_SanFrancisco,2026-09-18T23:00Z,18.8,72,13.6,17.4,0.0,2,1016.4,20.0,27.0,258,47.5,633.0,827.1,96.0
US_ERCO_Dallas,2026-09-18T23:00Z,36.1,28,14.9,36.7,0.0,100,1000.8,6.6,9.3,155,19.1,278.0,438.6,100.0
US_ERCO_Houston,2026-09-18T23:00Z,32.5,36,15.4,32.5,0.0,0,1014.0,12.6,17.8,89,31.3,347.0,692.1,72.0
US_ISNE_Boston,2026-09-18T23:00Z,21.4,59,13.0,20.4,0.0,63,1016.0,13.0,25.8,352,26.6,30.0,176.9,14.0
US_MISO_Chicago,2026-09-18T23:00Z,20.8,75,16.2,21.1,0.0,91,989.1,12.1,26.3,86,27.0,158.0,250.4,94.0
US_NYIS_NewYork,2026-09-18T23:00Z,25.1,58,16.3,26.7,0.0,42,1014.3,4.0,11.2,4,18.4,45.0,215.7,21.0
US_PJM_Philadelphia,2026-09-18T23:00Z,25.9,53,15.4,26.3,0.0,9,1015.4,9.3,19.2,337,25.2,60.0,292.4,25.0
US_SWPP_OklahomaCity,2026-09-18T23:00Z,35.1,29,14.5,34.5,0.0,25,974.4,14.0,20.9,188,39.6,340.0,639.9,82.0
VN_DaNang,2026-09-18T23:00Z,24.7,95,23.9,29.6,0.2,95,1011.3,7.9,12.3,235,17.6,5.0,0.0,5.0
VN_HaNoi,2026-09-18T23:00Z,24.7,97,24.1,30.2,0.0,38,1011.9,4.3,10.9,351,8.3,1.0,0.0,1.0
VN_HoChiMinh,2026-09-18T23:00Z,25.6,95,24.8,31.9,0.0,95,1009.0,1.7,4.0,175,4.7,2.0,0.0,2.0
AT_Vienna,2026-09-19T00:00Z,15.8,74,11.2,15.1,0.0,16,997.1,7.4,17.7,279,20.5,0.0,0.0,0.0
BE_Brussels,2026-09-19T00:00Z,15.4,75,11.0,13.1,0.1,82,1014.0,17.3,31.5,228,36.7,0.0,0.0,0.0
DE_Berlin,2026-09-19T00:00Z,13.1,78,9.3,11.3,0.0,73,1013.3,10.4,23.9,235,19.8,0.0,0.0,0.0
DE_Hamburg,2026-09-19T00:00Z,14.3,77,10.3,12.2,0.0,92,1012.0,15.4,28.6,220,29.9,0.0,0.0,0.0
DE_Munich,2026-09-19T00:00Z,11.6,89,9.8,11.0,0.0,2,959.5,4.1,8.5,328,8.3,0.0,0.0,0.0
ES_Madrid,2026-09-19T00:00Z,20.2,40,6.2,18.2,0.0,1,943.9,6.7,12.8,61,20.9,0.0,0.0,0.0
FR_Paris,2026-09-19T00:00Z,16.3,67,10.1,15.3,0.0,78,1014.4,7.0,15.3,233,12.6,0.0,0.0,0.0
NL_Amsterdam,2026-09-19T00:00Z,15.9,87,13.7,14.6,0.0,100,1011.8,16.7,32.1,231,37.1,0.0,0.0,0.0
PL_Warsaw,2026-09-19T00:00Z,14.4,86,12.1,13.8,0.0,2,1004.0,8.6,18.9,278,15.8,0.0,0.0,0.0
US_BPAT_Portland,2026-09-19T00:00Z,21.3,50,10.5,20.8,0.0,1,1017.3,4.3,5.2,358,14.8,415.0,740.1,78.0
US_CISO_LosAngeles,2026-09-19T00:00Z,25.6,53,15.2,25.7,0.0,0,1004.5,10.8,15.1,229,31.3,442.0,746.3,84.0
US_CISO_SanFrancisco,2026-09-19T00:00Z,18.1,76,13.8,16.6,0.0,1,1016.1,18.6,25.7,261,50.4,465.0,737.2,92.0
US_ERCO_Dallas,2026-09-19T00:00Z,34.7,33,15.8,34.6,0.0,20,1001.2,13.9,20.5,131,30.6,122.0,349.1,52.0
US_ERCO_Houston,2026-09-19T00:00Z,31.2,45,17.7,32.5,0.0,0,1014.3,10.3,17.4,96,31.0,133.0,485.4,44.0
US_ISNE_Boston,2026-09-19T00:00Z,20.1,58,11.5,18.3,0.0,67,1017.0,16.0,29.6,352,33.8,0.0,0.0,0.0
US_MISO_Chicago,2026-09-19T00:00Z,20.5,80,16.9,21.2,0.0,99,989.3,11.8,22.7,88,28.1,31.0,79.5,23.0
US_NYIS_NewYork,2026-09-19T00:00Z,24.4,59,15.8,25.4,0.0,70,1014.9,6.7,15.3,48,17.6,0.0,0.0,0.0
US_PJM_Philadelphia,2026-09-19T00:00Z,24.1,61,16.1,24.7,0.0,20,1016.0,9.5,20.0,345,20.5,0.0,0.0,0.0
US_SWPP_OklahomaCity,2026-09-19T00:00Z,34.8,29,14.3,34.2,0.0,12,974.2,13.9,21.9,155,34.6,145.0,463.1,50.0
VN_DaNang,2026-09-19T00:00Z,26.1,92,24.6,32.3,0.2,85,1012.1,1.7,3.1,277,15.1,115.0,251.5,62.0
VN_HaNoi,2026-09-19T00:00Z,26.1,92,24.6,31.7,0.0,9,1012.7,5.7,14.9,360,11.2,94.0,242.6,53.0
VN_HoChiMinh,2026-09-19T00:00Z,26.3,92,24.8,32.0,0.0,98,1009.8,6.2,9.5,255,7.9,98.0,192.3,62.0
AT_Vienna,2026-09-19T01:00Z,15.1,78,11.2,14.4,0.0,59,997.4,7.3,17.8,286,14.8,0.0,0.0,0.0
BE_Brussels,2026-09-19T01:00Z,15.5,75,11.1,13.2,0.0,98,1013.7,17.8,32.2,225,38.9,0.0,0.0,0.0
DE_Berlin,2026-09-19T01:00Z,13.0,77,9.2,11.3,0.0,41,1013.2,10.2,23.4,230,20.2,0.0,0.0,0.0
DE_Hamburg,2026-09-19T01:00Z,14.4,77,10.4,12.3,0.0,91,1011.4,15.0,28.3,217,31.3,0.0,0.0,0.0
DE_Munich,2026-09-19T01:00Z,10.9,91,9.5,10.2,0.0,1,959.5,3.9,5.9,313,9.0,0.0,0.0,0.0
ES_Madrid,2026-09-19T01:00Z,19.4,45,7.2,17.4,0.0,0,944.2,8.3,15.4,47,17.6,0.0,0.0,0.0
FR_Paris,2026-09-19T01:00Z,16.1,68,10.1,15.1,0.0,2,1014.4,6.7,15.8,236,14.4,0.0,0.0,0.0
NL_Amsterdam,2026-09-19T01:00Z,16.5,86,14.1,15.4,0.2,100,1011.6,16.4,32.0,237,34.6,0.0,0.0,0.0
PL_Warsaw,2026-09-19T01:00Z,13.4,90,11.8,12.9,0.0,1,1004.3,7.2,17.8,278,16.6,0.0,0.0,0.0
US_BPAT_Portland,2026-09-19T01:00Z,20.8,52,10.6,20.3,0.0,0,1017.1,4.7,5.9,11,16.6,246.0,611.9,63.0
US_CISO_LosAngeles,2026-09-19T01:00Z,24.1,58,15.2,24.4,0.0,0,1004.5,9.7,13.9,237,28.8,233.0,595.9,62.0
US_CISO_SanFrancisco,2026-09-19T01:00Z,17.2,81,14.0,15.8,0.0,0,1015.9,18.4,26.1,263,43.6,277.0,631.7,69.0
US_ERCO_Dallas,2026-09-19T01:00Z,33.5,37,16.6,33.9,0.0,3,1001.0,12.3,19.6,129,34.2,8.0,29.3,6.0
US_ERCO_Houston,2026-09-19T01:00Z,29.8,52,18.8,31.5,0.0,0,1014.4,10.5,19.4,88,21.2,5.0,34.3,3.0
US_ISNE_Boston,2026-09-19T01:00Z,18.9,55,9.6,16.4,0.0,95,1017.8,16.2,31.1,348,33.5,0.0,0.0,0.0
US_MISO_Chicago,2026-09-19T01:00Z,20.7,79,17.0,21.3,0.0,66,989.2,12.1,23.0,111,23.8,0.0,0.0,0.0
US_NYIS_NewYork,2026-09-19T01:00Z,23.7,61,15.7,24.6,0.0,82,1015.7,7.0,15.7,30,16.6,0.0,0.0,0.0
US_PJM_Philadelphia,2026-09-19T01:00Z,23.0,64,15.8,23.7,0.0,51,1016.8,9.1,20.0,356,20.2,0.0,0.0,0.0
US_SWPP_OklahomaCity,2026-09-19T01:00Z,33.3,32,14.3,32.7,0.0,9,974.3,13.7,22.8,161,34.2,12.0,69.8,7.0
VN_DaNang,2026-09-19T01:00Z,27.5,83,24.4,33.5,0.0,77,1012.7,1.8,2.2,346,10.1,326.0,500.0,103.0
VN_HaNoi,2026-09-19T01:00Z,27.7,86,25.0,33.7,0.0,3,1013.6,5.0,7.8,352,14.0,292.0,444.9,114.0
VN_HoChiMinh,2026-09-19T01:00Z,27.1,90,25.3,33.6,0.2,96,1010.5,2.9,4.2,280,15.5,263.0,295.3,136.0
AT_Vienna,2026-09-19T02:00Z,14.8,79,11.1,14.0,0.0,68,997.6,8.1,19.0,300,16.2,0.0,0.0,0.0
BE_Brussels,2026-09-19T02:00Z,15.6,75,11.1,13.4,0.0,98,1013.8,17.4,31.3,227,38.9,0.0,0.0,0.0
DE_Berlin,2026-09-19T02:00Z,12.4,80,9.0,10.6,0.0,64,1013.3,10.4,22.7,216,20.2,0.0,0.0,0.0
DE_Hamburg,2026-09-19T02:00Z,14.5,76,10.3,12.1,0.0,100,1011.6,17.0,31.1,217,34.9,0.0,0.0,0.0
DE_Munich,2026-09-19T02:00Z,10.4,92,9.1,9.7,0.0,6,959.7,2.7,6.5,318,8.3,0.0,0.0,0.0
ES_Madrid,2026-09-19T02:00Z,18.5,49,7.7,16.6,0.0,4,944.2,8.7,16.6,41,18.4,0.0,0.0,0.0
FR_Paris,2026-09-19T02:00Z,15.2,70,9.8,13.9,0.0,0,1014.2,8.2,19.2,222,16.2,0.0,0.0,0.0
NL_Amsterdam,2026-09-19T02:00Z,17.1,84,14.5,15.9,0.1,91,1011.6,18.0,34.4,242,37.4,0.0,0.0,0.0
PL_Warsaw,2026-09-19T02:00Z,12.8,92,11.5,12.2,0.0,1,1004.7,7.2,17.5,271,14.0,0.0,0.0,0.0
US_BPAT_Portland,2026-09-19T02:00Z,20.0,55,10.6,19.2,0.0,0,1017.1,6.2,8.4,47,15.1,81.0,390.0,32.0
US_CISO_LosAngeles,2026-09-19T02:00Z,22.9,62,15.3,23.6,0.0,0,1004.5,7.3,10.9,248,25.2,48.0,246.7,20.0
US_CISO_SanFrancisco,2026-09-19T02:00Z,16.2,87,14.0,15.0,0.0,2,1015.7,17.1,25.4,260,42.8,86.0,377.9,34.0
US_ERCO_Dallas,2026-09-19T02:00Z,32.8,39,16.9,33.5,0.0,4,1001.0,11.6,18.9,151,28.4,0.0,0.0,0.0
US_ERCO_Houston,2026-09-19T02:00Z,28.8,55,18.7,30.8,0.0,1,1014.8,7.9,15.5,103,20.2,0.0,0.0,0.0
US_ISNE_Boston,2026-09-19T02:00Z,17.8,57,9.2,15.5,0.0,100,1018.3,14.7,28.8,344,35.3,0.0,0.0,0.0
US_MISO_Chicago,2026-09-19T02:00Z,20.5,79,16.8,20.9,0.0,35,989.0,13.3,24.8,121,26.3,0.0,0.0,0.0
US_NYIS_NewYork,2026-09-19T02:00Z,23.0,63,15.5,23.9,0.0,89,1016.0,6.3,14.7,18,15.8,0.0,0.0,0.0
US_PJM_Philadelphia,2026-09-19T02:00Z,22.0,66,15.4,22.5,0.0,64,1017.0,8.6,19.5,357,18.4,0.0,0.0,0.0
US_SWPP_OklahomaCity,2026-09-19T02:00Z,32.6,34,14.9,32.1,0.0,5,974.4,14.4,25.5,169,32.8,0.0,0.0,0.0
VN_DaNang,2026-09-19T02:00Z,29.0,77,24.6,35.2,0.0,59,1012.9,2.4,2.9,4,13.0,574.0,712.3,110.0
VN_HaNoi,2026-09-19T02:00Z,29.2,74,24.2,34.5,0.1,27,1014.1,6.3,8.7,5,22.3,496.0,574.9,148.0
VN_HoChiMinh,2026-09-19T02:00Z,28.5,83,25.3,35.0,0.1,90,1010.9,2.6,3.6,327,12.6,493.0,495.5,174.0
AT_Vienna,2026-09-19T03:00Z,14.7,79,11.0,13.8,0.0,25,998.1,7.7,17.7,301,16.9,0.0,0.0,0.0
BE_Brussels,2026-09-19T03:00Z,15.6,75,11.3,13.5,0.0,99,1014.0,16.8,30.1,232,38.5,0.0,0.0,0.0
DE_Berlin,2026-09-19T03:00Z,12.0,80,8.7,9.9,0.0,95,1013.4,12.2,26.2,207,24.1,0.0,0.0,0.0
DE_Hamburg,2026-09-19T03:00Z,14.6,75,10.3,12.0,0.0,100,1011.7,18.3,32.7,223,38.5,0.0,0.0,0.0
DE_Munich,2026-09-19T03:00Z,10.4,90,8.9,9.6,0.0,0,960.0,3.7,7.3,303,7.9,0.0,0.0,0.0
ES_Madrid,2026-09-19T03:00Z,17.9,53,8.1,16.2,0.0,0,944.2,8.1,16.7,42,18.4,0.0,0.0,0.0
FR_Paris,2026-09-19T03:00Z,14.9,69,9.2,13.3,0.0,8,1014.2,9.3,21.0,221,19.4,0.0,0.0,0.0
NL_Amsterdam,2026-09-19T03:00Z,17.2,84,14.5,16.0,0.1,95,1011.7,18.3,35.3,243,38.5,0.0,0.0,0.0
PL_Warsaw,2026-09-19T03:00Z,12.3,93,11.2,11.5,0.0,1,1005.3,7.9,18.1,261,15.1,0.0,0.0,0.0
US_BPAT_Portland,2026-09-19T03:00Z,18.9,60,11.0,18.7,0.0,0,1017.3,3.3,8.7,42,13.0,1.0,0.0,1.0
US_CISO_LosAngeles,2026-09-19T03:00Z,22.0,68,15.9,23.2,0.0,0,1004.9,5.7,8.5,249,17.6,0.0,0.0,0.0
US_CISO_SanFrancisco,2026-09-19T03:00Z,15.8,88,13.9,14.8,0.0,4,1015.8,15.4,23.4,256,38.5,1.0,0.0,1.0
US_ERCO_Dallas,2026-09-19T03:00Z,31.9,40,16.5,32.6,0.0,9,1001.4,9.9,17.9,156,25.9,0.0,0.0,0.0
US_ERCO_Houston,2026-09-19T03:00Z,28.2,62,20.2,30.9,0.0,2,1015.3,8.0,15.9,132,15.5,0.0,0.0,0.0
US_ISNE_Boston,2026-09-19T03:00Z,16.9,60,9.1,14.5,0.0,100,1018.7,14.8,28.2,343,31.0,0.0,0.0,0.0
US_MISO_Chicago,2026-09-19T03:00Z,19.9,83,16.8,20.5,1.7,91,988.9,11.6,21.6,114,28.1,0.0,0.0,0.0
US_NYIS_NewYork,2026-09-19T03:00Z,22.0,66,15.4,22.7,0.0,91,1016.2,7.6,16.4,9,16.6,0.0,0.0,0.0
US_PJM_Philadelphia,2026-09-19T03:00Z,21.2,68,15.0,21.4,0.0,96,1017.2,9.7,21.0,10,19.4,0.0,0.0,0.0
US_SWPP_OklahomaCity,2026-09-19T03:00Z,31.6,38,15.5,31.3,0.0,10,974.7,14.9,26.4,167,36.4,0.0,0.0,0.0
VN_DaNang,2026-09-19T03:00Z,30.0,73,24.7,37.3,0.0,70,1013.1,3.5,3.9,62,18.4,744.0,750.3,134.0
VN_HaNoi,2026-09-19T03:00Z,30.3,66,23.2,35.3,0.1,34,1014.3,6.9,9.3,43,18.4,627.0,579.3,181.0
VN_HoChiMinh,2026-09-19T03:00Z,29.7,78,25.5,37.5,0.2,95,1011.0,2.6,3.5,345,14.0,717.0,617.9,214.0
AT_Vienna,2026-09-19T04:00Z,14.1,82,11.1,13.6,0.0,22,998.4,5.9,14.5,298,15.8,0.0,0.0,0.0
BE_Brussels,2026-09-19T04:00Z,15.3,77,11.3,13.1,0.0,95,1014.2,17.4,31.0,229,38.2,0.0,0.0,0.0
DE_Berlin,2026-09-19T04:00Z,12.1,79,8.6,9.9,0.0,100,1013.5,12.3,26.4,214,25.2,0.0,0.0,0.0
DE_Hamburg,2026-09-19T04:00Z,14.0,82,11.0,11.7,0.1,99,1011.6,17.9,32.5,222,38.5,0.0,0.0,0.0
DE_Munich,2026-09-19T04:00Z,10.2,91,8.9,9.2,0.0,0,960.3,4.8,6.5,272,10.1,0.0,0.0,0.0
ES_Madrid,2026-09-19T04:00Z,17.3,56,8.3,15.7,0.0,0,944.0,7.8,16.4,43,17.3,0.0,0.0,0.0
FR_Paris,2026-09-19T04:00Z,14.1,71,8.9,12.6,0.0,33,1014.8,8.4,19.6,238,19.4,0.0,0.0,0.0
NL_Amsterdam,2026-09-19T04:00Z,17.0,86,14.6,15.7,0.6,99,1011.6,18.8,35.5,241,38.9,0.0,0.0,0.0
PL_Warsaw,2026-09-19T04:00Z,11.8,94,10.9,10.9,0.0,1,1005.7,8.3,18.8,255,15.8,0.0,0.0,0.0
US_BPAT_Portland,2026-09-19T04:00Z,18.3,63,11.1,18.4,0.0,0,1017.5,1.4,5.8,34,6.5,0.0,0.0,0.0
US_CISO_LosAngeles,2026-09-19T04:00Z,21.4,74,16.6,23.0,0.0,0,1005.3,4.4,6.2,240,13.7,0.0,0.0,0.0
US_CISO_SanFrancisco,2026-09-19T04:00Z,16.0,86,13.6,15.2,0.0,7,1016.0,13.2,21.2,250,34.2,0.0,0.0,0.0
US_ERCO_Dallas,2026-09-19T04:00Z,31.1,42,16.6,31.9,0.0,9,1001.2,10.5,20.2,156,22.0,0.0,0.0,0.0
US_ERCO_Houston,2026-09-19T04:00Z,27.9,71,22.2,31.7,0.0,1,1015.0,7.8,16.2,136,15.5,0.0,0.0,0.0
US_ISNE_Boston,2026-09-19T04:00Z,16.1,62,8.9,13.7,0.0,99,1018.9,14.1,26.7,346,31.0,0.0,0.0,0.0
US_MISO_Chicago,2026-09-19T04:00Z,19.3,88,17.2,20.1,8.1,100,988.7,11.9,23.5,114,23.4,0.0,0.0,0.0
US_NYIS_NewYork,2026-09-19T04:00Z,21.0,67,14.8,20.9,0.0,66,1016.5,11.2,21.4,7,23.8,0.0,0.0,0.0
US_PJM_Philadelphia,2026-09-19T04:00Z,20.8,66,14.3,20.4,0.0,49,1017.5,12.2,24.2,13,25.2,0.0,0.0,0.0
US_SWPP_OklahomaCity,2026-09-19T04:00Z,31.0,39,15.3,30.8,0.0,18,974.3,13.5,24.6,171,34.6,0.0,0.0,0.0
VN_DaNang,2026-09-19T04:00Z,30.3,74,25.1,37.5,0.0,73,1013.2,7.7,9.5,53,25.2,797.0,675.3,176.0
VN_HaNoi,2026-09-19T04:00Z,31.2,60,22.7,36.9,0.0,17,1013.8,7.5,10.1,55,20.2,800.0,686.6,194.0
VN_HoChiMinh,2026-09-19T04:00Z,30.5,75,25.6,39.0,0.0,95,1010.7,1.9,2.6,51,14.0,804.0,641.4,208.0
AT_Vienna,2026-09-19T05:00Z,13.5,86,11.2,13.4,0.0,5,998.8,3.2,8.1,307,12.2,3.0,19.1,2.0
BE_Brussels,2026-09-19T05:00Z,14.8,78,11.0,12.6,0.0,96,1014.4,17.4,31.5,227,38.2,0.0,0.0,0.0
DE_Berlin,2026-09-19T05:00Z,12.4,78,8.6,10.2,0.0,38,1013.4,12.4,26.4,216,24.5,0.0,0.0,0.0
DE_Hamburg,2026-09-19T05:00Z,14.2,83,11.3,12.0,0.0,100,1011.6,17.8,32.1,221,37.4,0.0,0.0,0.0
DE_Munich,2026-09-19T05:00Z,9.8,94,8.9,8.4,0.0,1,960.4,7.0,7.3,224,13.0,0.0,0.0,0.0
ES_Madrid,2026-09-19T05:00Z,16.8,57,8.1,15.1,0.0,0,944.2,7.7,15.7,40,18.0,0.0,0.0,0.0
FR_Paris,2026-09-19T05:00Z,13.6,73,8.8,12.2,0.0,60,1014.9,7.3,18.0,238,17.3,0.0,0.0,0.0
NL_Amsterdam,2026-09-19T05:00Z,16.9,89,15.1,16.0,0.2,98,1011.9,17.3,33.5,235,38.2,0.0,0.0,0.0
PL_Warsaw,2026-09-19T05:00Z,11.9,94,11.0,11.0,0.0,7,1006.1,8.2,18.0,250,15.8,16.0,105.9,9.0
US_BPAT_Portland,2026-09-19T05:00Z,17.5,67,11.2,17.4,0.0,0,1017.6,2.7,8.2,32,5.4,0.0,0.0,0.0
US_CISO_LosAngeles,2026-09-19T05:00Z,20.7,78,16.8,22.7,0.0,0,1005.3,2.5,4.4,212,10.1,0.0,0.0,0.0
US_CISO_SanFrancisco,2026-09-19T05:00Z,15.9,86,13.6,15.2,0.0,1,1016.0,12.7,21.3,241,27.4,0.0,0.0,0.0
US_ERCO_Dallas,2026-09-19T05:00Z,30.6,44,16.9,31.0,0.0,4,1001.3,13.2,23.9,157,28.1,0.0,0.0,0.0
US_ERCO_Houston,2026-09-19T05:00Z,27.6,74,22.6,31.8,0.0,0,1014.5,6.8,14.4,140,15.1,0.0,0.0,0.0
US_ISNE_Boston,2026-09-19T05:00Z,15.3,64,8.4,13.1,0.0,100,1019.2,12.2,24.2,347,29.2,0.0,0.0,0.0
US_MISO_Chicago,2026-09-19T05:00Z,19.2,90,17.5,20.4,2.8,100,988.1,10.3,20.6,115,23.4,0.0,0.0,0.0
US_NYIS_NewYork,2026-09-19T05:00Z,19.9,64,12.9,18.9,0.0,27,1016.6,12.6,23.9,5,28.1,0.0,0.0,0.0
US_PJM_Philadelphia,2026-09-19T05:00Z,20.0,65,13.3,19.2,0.0,34,1017.5,12.5,24.9,10,26.6,0.0,0.0,0.0
US_SWPP_OklahomaCity,2026-09-19T05:00Z,30.4,37,14.2,29.7,0.0,10,974.0,13.5,25.2,177,31.7,0.0,0.0,0.0
VN_DaNang,2026-09-19T05:00Z,28.6,77,24.2,34.7,0.4,41,1012.5,13.7,17.7,52,35.3,898.0,778.1,148.0
VN_HaNoi,2026-09-19T05:00Z,31.7,59,22.6,38.0,0.0,19,1013.2,6.1,8.1,61,23.8,868.0,729.9,185.0
VN_HoChiMinh,2026-09-19T05:00Z,31.0,72,25.5,39.7,0.1,85,1009.7,3.2,4.2,108,15.5,880.0,659.3,233.0
AT_Vienna,2026-09-19T06:00Z,14.8,84,12.2,15.1,0.0,25,999.5,2.4,4.6,288,6.8,89.0,359.6,39.0
BE_Brussels,2026-09-19T06:00Z,14.8,79,11.2,12.6,0.0,94,1014.7,17.6,31.2,229,38.5,8.0,17.1,7.0
DE_Berlin,2026-09-19T06:00Z,12.9,77,8.9,10.7,0.0,81,1013.7,13.2,26.7,213,25.6,60.0,286.3,30.0
DE_Hamburg,2026-09-19T06:00Z,14.7,81,11.5,12.6,0.0,100,1011.7,17.4,31.1,219,37.4,12.0,0.0,12.0
DE_Munich,2026-09-19T06:00Z,10.7,96,10.0,9.4,0.0,100,961.2,8.6,12.5,215,15.1,49.0,253.0,23.0
ES_Madrid,2026-09-19T06:00Z,16.2,58,7.8,14.5,0.0,0,944.7,7.7,16.4,36,18.0,0.0,0.0,0.0
FR_Paris,2026-09-19T06:00Z,13.2,76,9.1,11.8,0.0,2,1015.4,7.7,17.9,241,15.1,5.0,38.2,3.0
NL_Amsterdam,2026-09-19T06:00Z,17.4,87,15.2,16.4,0.1,95,1012.0,18.6,35.6,234,36.0,8.0,16.7,7.0
PL_Warsaw,2026-09-19T06:00Z,13.0,92,11.6,12.2,0.0,37,1006.3,8.2,18.7,237,16.2,126.0,444.0,47.0
US_BPAT_Portland,2026-09-19T06:00Z,16.4,73,11.5,16.0,0.0,9,1017.4,5.2,11.9,1,16.2,0.0,0.0,0.0
US_CISO_LosAngeles,2026-09-19T06:00Z,20.0,84,17.1,22.2,0.0,0,1004.9,1.9,4.8,239,5.8,0.0,0.0,0.0
US_CISO_SanFrancisco,2026-09-19T06:00Z,15.3,89,13.5,14.5,0.0,6,1015.7,13.0,21.2,235,27.4,0.0,0.0,0.0
US_ERCO_Dallas,2026-09-19T06:00Z,27.9,52,17.2,28.8,0.0,8,1001.1,11.2,20.7,161,29.2,0.0,0.0,0.0
US_ERCO_Houston,2026-09-19T06:00Z,26.0,82,22.7,30.5,0.0,0,1014.0,5.3,12.1,130,13.0,0.0,0.0,0.0
US_ISNE_Boston,2026-09-19T06:00Z,14.4,66,8.2,12.4,0.0,100,1019.6,10.6,20.5,360,25.2,0.0,0.0,0.0
US_MISO_Chicago,2026-09-19T06:00Z,19.0,91,17.5,19.3,0.6,100,986.7,15.9,28.4,123,23.0,0.0,0.0,0.0
US_NYIS_NewYork,2026-09-19T06:00Z,18.6,66,12.2,17.7,0.0,30,1017.0,11.0,21.8,10,27.7,0.0,0.0,0.0
US_PJM_Philadelphia,2026-09-19T06:00Z,19.1,68,13.2,18.3,0.0,38,1017.8,12.6,24.2,16,26.3,0.0,0.0,0.0
US_SWPP_OklahomaCity,2026-09-19T06:00Z,28.0,46,15.2,28.0,0.0,6,973.7,11.8,23.3,176,31.0,0.0,0.0,0.0
VN_DaNang,2026-09-19T06:00Z,30.5,69,24.1,36.3,1.2,51,1011.7,13.0,16.9,61,35.6,832.0,690.3,181.0
VN_HaNoi,2026-09-19T06:00Z,31.9,56,22.1,37.8,0.0,20,1012.5,5.6,7.4,61,22.3,842.0,717.3,178.0
VN_HoChiMinh,2026-09-19T06:00Z,31.4,67,24.6,39.6,0.1,52,1008.8,2.1,2.3,51,15.5,847.0,658.9,210.0
AT_Vienna,2026-09-19T07:00Z,16.6,78,12.8,17.4,0.0,18,1000.0,0.6,1.5,234,6.5,197.0,381.7,81.0
BE_Brussels,2026-09-19T07:00Z,15.2,78,11.3,13.1,0.0,92,1015.0,16.5,29.2,222,38.2,69.0,72.7,57.0
DE_Berlin,2026-09-19T07:00Z,14.5,74,9.9,12.6,0.0,100,1013.8,12.8,34.7,214,27.7,180.0,409.7,77.0
DE_Hamburg,2026-09-19T07:00Z,15.2,81,11.9,13.2,0.0,100,1011.8,17.7,31.2,219,37.1,49.0,0.0,49.0
DE_Munich,2026-09-19T07:00Z,12.9,91,11.4,12.3,0.0,17,961.9,6.7,13.8,206,18.0,178.0,399.7,77.0
ES_Madrid,2026-09-19T07:00Z,16.7,56,7.8,15.1,0.0,0,945.3,6.5,17.8,46,17.6,54.0,274.1,23.0
FR_Paris,2026-09-19T07:00Z,14.3,73,9.5,13.2,0.0,14,1015.6,6.4,19.8,233,16.6,99.0,413.0,38.0
NL_Amsterdam,2026-09-19T07:00Z,17.9,85,15.4,16.8,0.0,100,1012.2,19.6,35.9,236,42.1,69.0,84.4,55.0
PL_Warsaw,2026-09-19T07:00Z,15.2,84,12.4,15.0,0.0,33,1006.5,5.9,16.2,230,16.6,270.0,606.4,73.0
US_BPAT_Portland,2026-09-19T07:00Z,15.4,81,12.2,15.0,0.0,3,1017.7,7.1,12.9,354,17.3,0.0,0.0,0.0
US_CISO_LosAngeles,2026-09-19T07:00Z,19.7,85,17.0,21.9,0.0,0,1004.9,1.8,5.4,206,4.7,0.0,0.0,0.0
US_CISO_SanFrancisco,2026-09-19T07:00Z,15.1,90,13.5,14.4,0.0,9,1015.7,12.3,19.4,235,28.1,0.0,0.0,0.0
US_ERCO_Dallas,2026-09-19T07:00Z,27.3,53,16.9,28.2,0.0,16,1001.1,10.7,20.1,170,23.4,0.0,0.0,0.0
US_ERCO_Houston,2026-09-19T07:00Z,25.8,85,23.0,30.8,0.0,0,1013.7,2.8,9.6,128,9.4,0.0,0.0,0.0
US_ISNE_Boston,2026-09-19T07:00Z,14.1,68,8.3,12.3,0.0,100,1019.9,9.2,17.8,8,21.6,0.0,0.0,0.0
US_MISO_Chicago,2026-09-19T07:00Z,18.9,93,17.7,19.2,1.3,97,985.7,16.8,28.1,124,32.4,0.0,0.0,0.0
US_NYIS_NewYork,2026-09-19T07:00Z,18.1,67,11.8,17.0,0.0,92,1017.0,11.3,21.6,21,24.8,0.0,0.0,0.0
US_PJM_Philadelphia,2026-09-19T07:00Z,18.8,68,12.7,18.0,0.0,40,1017.6,11.3,22.3,23,25.9,0.0,0.0,0.0
US_SWPP_OklahomaCity,2026-09-19T07:00Z,27.4,47,15.3,27.4,0.0,9,973.5,12.3,23.9,179,29.2,0.0,0.0,0.0
VN_DaNang,2026-09-19T07:00Z,29.9,71,24.1,34.5,0.1,57,1010.9,14.3,19.4,57,33.8,657.0,534.7,198.0
VN_HaNoi,2026-09-19T07:00Z,31.9,57,22.3,37.1,0.2,16,1011.5,6.7,8.9,71,20.5,745.0,669.2,174.0
VN_HoChiMinh,2026-09-19T07:00Z,31.4,68,24.7,38.4,0.3,78,1007.8,1.7,2.3,23,15.1,658.0,450.0,259.0
AT_Vienna,2026-09-19T08:00Z,18.7,71,13.3,19.6,0.0,34,1000.8,1.0,1.5,187,9.0,368.0,567.4,113.0
BE_Brussels,2026-09-19T08:00Z,16.2,74,11.5,14.1,0.0,97,1015.4,17.1,27.7,216,38.5,179.0,197.9,116.0
DE_Berlin,2026-09-19T08:00Z,15.0,77,11.0,13.3,0.5,92,1014.1,13.6,28.9,216,27.4,189.0,139.1,135.0
DE_Hamburg,2026-09-19T08:00Z,15.8,80,12.4,14.1,0.0,99,1012.1,16.5,29.1,219,39.6,106.0,14.2,101.0
DE_Munich,2026-09-19T08:00Z,15.9,75,11.4,15.6,0.0,0,962.9,4.6,8.1,205,15.5,353.0,648.1,90.0
ES_Madrid,2026-09-19T08:00Z,18.5,50,8.0,17.2,0.0,0,946.3,5.5,10.4,54,17.6,227.0,592.2,61.0
FR_Paris,2026-09-19T08:00Z,16.3,67,10.1,15.3,0.0,77,1015.6,7.1,13.3,216,19.4,255.0,610.8,66.0
NL_Amsterdam,2026-09-19T08:00Z,18.3,84,15.6,17.2,0.1,91,1012.5,20.5,36.5,233,45.0,137.0,63.8,117.0
PL_Warsaw,2026-09-19T08:00Z,17.4,75,12.8,17.3,0.0,18,1007.2,6.6,10.8,227,19.1,406.0,702.8,89.0
US_BPAT_Portland,2026-09-19T08:00Z,14.6,85,12.0,14.2,0.0,9,1017.8,6.8,14.0,351,16.2,0.0,0.0,0.0
US_CISO_LosAngeles,2026-09-19T08:00Z,19.2,87,17.0,21.5,0.0,0,1004.9,1.5,4.9,178,4.7,0.0,0.0,0.0
US_CISO_SanFrancisco,2026-09-19T08:00Z,15.0,91,13.5,14.3,0.0,3,1015.6,12.1,19.3,239,27.4,0.0,0.0,0.0
US_ERCO_Dallas,2026-09-19T08:00Z,26.7,54,16.5,27.6,0.0,38,1000.9,9.6,19.1,176,22.7,0.0,0.0,0.0
US_ERCO_Houston,2026-09-19T08:00Z,25.2,88,23.0,30.4,0.0,0,1013.5,2.0,7.1,117,5.8,0.0,0.0,0.0
US_ISNE_Boston,2026-09-19T08:00Z,13.6,71,8.4,11.9,0.0,81,1020.1,8.6,16.5,11,19.4,0.0,0.0,0.0
US_MISO_Chicago,2026-09-19T08:00Z,18.8,92,17.5,19.3,0.0,82,984.9,15.1,26.2,127,33.5,0.0,0.0,0.0
US_NYIS_NewYork,2026-09-19T08:00Z,17.9,67,11.7,16.7,0.0,83,1016.8,11.4,20.7,31,26.3,0.0,0.0,0.0
US_PJM_Philadelphia,2026-09-19T08:00Z,18.3,69,12.5,17.6,0.0,32,1017.6,10.3,20.6,28,24.1,0.0,0.0,0.0
US_SWPP_OklahomaCity,2026-09-19T08:00Z,27.0,48,15.1,26.7,0.0,67,973.2,13.7,26.3,183,31.0,0.0,0.0,0.0
VN_DaNang,2026-09-19T08:00Z,29.7,75,24.8,34.6,0.3,64,1010.6,12.1,16.3,63,33.8,556.0,549.1,163.0
VN_HaNoi,2026-09-19T08:00Z,31.8,57,22.3,36.3,0.1,30,1011.1,6.3,8.6,89,19.8,618.0,643.0,153.0
VN_HoChiMinh,2026-09-19T08:00Z,30.6,71,24.9,36.2,0.1,88,1007.7,6.8,8.7,163,17.3,410.0,255.9,219.0
AT_Vienna,2026-09-19T09:00Z,20.6,62,13.0,21.4,0.0,20,1000.9,1.2,1.5,173,10.1,496.0,638.4,135.0
BE_Brussels,2026-09-19T09:00Z,17.0,71,11.7,14.9,0.0,95,1015.8,17.7,28.2,217,41.0,242.0,161.8,169.0
DE_Berlin,2026-09-19T09:00Z,16.7,68,10.7,14.7,0.0,100,1014.3,15.0,24.3,217,33.1,296.0,239.9,176.0
DE_Hamburg,2026-09-19T09:00Z,16.7,79,13.0,15.1,0.0,100,1012.5,17.5,28.3,218,37.8,205.0,62.1,176.0
DE_Munich,2026-09-19T09:00Z,17.9,64,11.0,17.6,0.0,0,963.3,3.8,5.7,221,14.8,504.0,775.6,91.0
ES_Madrid,2026-09-19T09:00Z,21.0,51,10.4,20.2,0.0,0,947.2,6.1,8.9,84,20.9,417.0,740.0,80.0
FR_Paris,2026-09-19T09:00Z,18.6,57,10.0,17.3,0.0,88,1015.9,9.2,14.1,227,24.5,393.0,640.2,104.0
NL_Amsterdam,2026-09-19T09:00Z,19.3,79,15.6,17.6,0.1,83,1013.1,24.0,39.9,238,49.7,300.0,351.4,145.0
PL_Warsaw,2026-09-19T09:00Z,18.8,64,11.8,17.9,0.0,20,1007.5,10.3,15.3,228,26.6,514.0,763.0,96.0
US_BPAT_Portland,2026-09-19T09:00Z,14.1,85,11.7,13.7,0.0,61,1017.9,6.3,14.2,356,15.5,0.0,0.0,0.0
US_CISO_LosAngeles,2026-09-19T09:00Z,18.9,89,17.0,21.1,0.0,2,1004.6,1.5,3.7,133,3.6,0.0,0.0,0.0
US_CISO_SanFrancisco,2026-09-19T09:00Z,15.0,90,13.4,14.4,0.0,2,1015.2,11.7,18.4,236,25.2,0.0,0.0,0.0
US_ERCO_Dallas,2026-09-19T09:00Z,26.3,54,16.4,27.0,0.0,8,1000.8,9.8,19.3,181,20.2,0.0,0.0,0.0
US_ERCO_Houston,2026-09-19T09:00Z,24.7,90,23.0,29.8,0.0,0,1013.3,2.4,5.8,112,5.8,0.0,0.0,0.0
US_ISNE_Boston,2026-09-19T09:00Z,12.7,73,8.0,10.8,0.0,2,1020.5,9.3,17.6,15,18.4,0.0,0.0,0.0
US_MISO_Chicago,2026-09-19T09:00Z,18.7,92,17.4,19.5,0.0,99,984.4,12.8,22.4,125,30.2,0.0,0.0,0.0
US_NYIS_NewYork,2026-09-19T09:00Z,17.6,69,11.7,16.6,0.0,81,1017.2,10.0,18.6,35,26.3,0.0,0.0,0.0
US_PJM_Philadelphia,2026-09-19T09:00Z,17.9,71,12.5,17.3,0.0,79,1017.7,9.4,19.2,34,22.0,0.0,0.0,0.0
US_SWPP_OklahomaCity,2026-09-19T09:00Z,26.7,49,15.1,26.4,0.0,16,973.1,13.6,26.1,189,31.0,0.0,0.0,0.0
VN_DaNang,2026-09-19T09:00Z,28.4,82,25.0,33.2,1.5,88,1011.1,12.5,17.3,66,29.9,305.0,284.0,156.0
VN_HaNoi,2026-09-19T09:00Z,31.4,59,22.5,35.8,0.1,23,1010.6,5.3,7.4,112,15.8,421.0,512.4,142.0
VN_HoChiMinh,2026-09-19T09:00Z,26.8,90,25.0,32.2,2.1,77,1008.3,9.0,12.8,220,28.4,254.0,180.0,154.0
AT_Vienna,2026-09-19T10:00Z,21.8,53,11.7,22.2,0.0,9,1000.9,3.3,4.4,168,13.7,606.0,760.5,116.0
BE_Brussels,2026-09-19T10:00Z,18.4,67,12.1,16.2,0.0,96,1016.1,19.0,29.2,219,44.6,395.0,331.7,211.0
DE_Berlin,2026-09-19T10:00Z,17.4,62,10.2,15.0,0.0,100,1014.3,16.8,26.5,224,38.5,341.0,200.3,225.0
DE_Hamburg,2026-09-19T10:00Z,17.6,78,13.8,16.1,0.0,91,1012.7,17.9,28.5,220,40.0,249.0,67.0,212.0
DE_Munich,2026-09-19T10:00Z,19.2,57,10.4,19.3,0.0,0,963.2,3.3,4.7,252,14.8,611.0,825.1,96.0
ES_Madrid,2026-09-19T10:00Z,22.8,46,10.6,22.4,0.0,0,947.7,5.4,7.5,114,21.2,583.0,819.2,91.0
FR_Paris,2026-09-19T10:00Z,20.1,50,9.3,18.3,0.0,86,1016.3,11.4,16.9,237,30.2,495.0,603.0,155.0
NL_Amsterdam,2026-09-19T10:00Z,19.7,73,14.8,17.5,0.2,86,1013.5,25.6,41.4,241,56.5,391.0,414.9,167.0
PL_Warsaw,2026-09-19T10:00Z,19.7,57,11.1,18.4,0.0,16,1007.5,11.9,17.6,234,30.2,565.0,749.3,109.0
US_BPAT_Portland,2026-09-19T10:00Z,13.6,88,11.6,13.3,0.0,74,1017.6,5.2,12.4,360,14.4,0.0,0.0,0.0
US_CISO_LosAngeles,2026-09-19T10:00Z,18.4,91,16.9,20.6,0.0,5,1004.2,1.9,4.7,113,4.3,0.0,0.0,0.0
US_CISO_SanFrancisco,2026-09-19T10:00Z,15.0,90,13.5,14.5,0.0,5,1014.8,11.0,17.3,228,24.8,0.0,0.0,0.0
US_ERCO_Dallas,2026-09-19T10:00Z,25.8,54,15.9,26.5,0.0,12,1000.8,9.2,18.6,186,20.2,0.0,0.0,0.0
US_ERCO_Houston,2026-09-19T10:00Z,24.2,92,22.9,29.1,0.0,0,1013.5,4.0,6.4,101,7.9,0.0,0.0,0.0
US_ISNE_Boston,2026-09-19T10:00Z,11.9,71,6.8,9.6,0.0,20,1020.9,10.1,19.4,13,20.9,0.0,0.0,0.0
US_MISO_Chicago,2026-09-19T10:00Z,18.7,91,17.2,19.7,0.3,100,984.9,10.5,18.2,117,31.0,0.0,0.0,0.0
US_NYIS_NewYork,2026-09-19T10:00Z,17.1,68,11.0,15.9,0.0,96,1017.7,9.9,18.6,37,22.3,0.0,0.0,0.0
US_PJM_Philadelphia,2026-09-19T10:00Z,17.6,72,12.5,16.9,0.0,27,1017.8,9.8,19.7,40,20.2,0.0,0.0,0.0
US_SWPP_OklahomaCity,2026-09-19T10:00Z,26.3,51,15.4,26.0,0.0,21,973.0,13.8,26.5,192,31.7,0.0,0.0,0.0
VN_DaNang,2026-09-19T10:00Z,26.6,92,25.2,31.9,5.0,99,1011.9,10.4,16.5,74,26.6,119.0,127.4,81.0
VN_HaNoi,2026-09-19T10:00Z,30.7,67,23.8,36.0,0.0,13,1010.3,4.6,7.3,155,12.2,220.0,376.7,96.0
VN_HoChiMinh,2026-09-19T10:00Z,25.8,92,24.5,30.4,0.6,100,1009.4,11.9,17.4,237,29.5,153.0,198.6,88.0
AT_Vienna,2026-09-19T11:00Z,22.5,49,11.2,22.4,0.0,17,1001.1,5.6,7.6,172,17.6,621.0,736.3,120.0
BE_Brussels,2026-09-19T11:00Z,19.7,63,12.5,17.4,0.0,96,1016.1,20.4,31.1,222,47.9,505.0,482.6,205.0
DE_Berlin,2026-09-19T11:00Z,18.4,62,10.9,16.3,0.0,63,1014.4,16.1,25.0,221,37.8,418.0,258.0,258.0
DE_Hamburg,2026-09-19T11:00Z,18.4,78,14.4,16.9,0.2,100,1012.9,20.0,31.6,229,50.8,352.0,244.6,205.0
DE_Munich,2026-09-19T11:00Z,20.2,52,10.1,20.4,0.0,12,963.3,4.0,5.3,288,16.2,670.0,846.6,99.0
ES_Madrid,2026-09-19T11:00Z,24.6,40,10.0,24.9,0.0,0,947.7,4.5,6.1,118,21.2,708.0,865.7,97.0
FR_Paris,2026-09-19T11:00Z,21.3,45,8.8,19.6,0.0,65,1016.3,10.7,15.5,239,30.2,583.0,644.7,171.0
NL_Amsterdam,2026-09-19T11:00Z,20.0,74,15.2,17.7,0.3,90,1013.8,27.5,45.1,237,58.7,442.0,452.5,169.0
PL_Warsaw,2026-09-19T11:00Z,20.4,53,10.5,18.7,0.0,46,1007.6,13.5,20.1,246,33.8,583.0,755.0,108.0
US_BPAT_Portland,2026-09-19T11:00Z,13.1,90,11.6,12.9,0.0,92,1017.3,4.9,10.6,1,12.2,0.0,0.0,0.0
US_CISO_LosAngeles,2026-09-19T11:00Z,18.1,92,16.8,20.2,0.0,4,1004.1,1.6,5.7,101,4.3,0.0,0.0,0.0
US_CISO_SanFrancisco,2026-09-19T11:00Z,14.9,92,13.6,14.5,0.0,16,1014.5,10.8,16.1,219,24.1,0.0,0.0,0.0
US_ERCO_Dallas,2026-09-19T11:00Z,25.4,54,15.4,26.0,0.0,27,1000.7,7.9,17.1,191,19.1,0.0,0.0,0.0
US_ERCO_Houston,2026-09-19T11:00Z,24.0,93,22.8,28.6,0.0,20,1013.6,4.5,6.4,82,9.0,0.0,0.0,0.0
US_ISNE_Boston,2026-09-19T11:00Z,11.4,69,5.9,9.0,0.0,4,1021.5,9.7,19.0,12,20.9,10.0,80.2,5.0
US_MISO_Chicago,2026-09-19T11:00Z,18.3,93,17.2,19.0,6.3,100,984.9,13.0,22.4,105,34.6,0.0,0.0,0.0
US_NYIS_NewYork,2026-09-19T11:00Z,17.0,60,9.1,15.1,0.0,99,1018.4,10.7,18.8,46,25.9,1.0,0.0,1.0
US_PJM_Philadelphia,2026-09-19T11:00Z,17.5,72,12.3,16.7,0.0,50,1018.5,10.2,20.4,42,21.6,1.0,0.0,1.0
US_SWPP_OklahomaCity,2026-09-19T11:00Z,26.0,54,16.1,25.8,0.0,1,972.8,15.1,28.2,197,33.8,0.0,0.0,0.0
VN_DaNang,2026-09-19T11:00Z,26.6,93,25.4,33.4,2.9,98,1012.5,1.4,4.0,100,20.5,21.0,43.9,16.0
VN_HaNoi,2026-09-19T11:00Z,29.4,76,24.7,35.4,0.0,9,1010.6,3.4,9.3,164,8.3,47.0,152.4,27.0
VN_HoChiMinh,2026-09-19T11:00Z,25.7,91,24.1,31.7,0.1,98,1009.3,1.3,1.4,140,28.4,11.0,0.0,11.0
AT_Vienna,2026-09-19T12:00Z,23.2,44,10.2,22.7,0.0,20,1000.4,6.4,8.8,152,18.4,623.0,752.2,118.0
BE_Brussels,2026-09-19T12:00Z,20.2,62,12.8,17.5,0.0,100,1016.4,24.3,37.4,233,53.6,412.0,244.0,254.0
DE_Berlin,2026-09-19T12:00Z,19.7,58,11.2,17.5,0.0,86,1014.4,17.5,26.2,219,42.1,531.0,579.1,172.0
DE_Hamburg,2026-09-19T12:00Z,18.1,78,14.2,16.1,0.0,100,1012.9,22.7,35.1,225,51.1,296.0,149.1,205.0
DE_Munich,2026-09-19T12:00Z,21.4,47,9.6,21.1,0.0,30,963.1,5.6,7.5,287,16.6,661.0,800.0,117.0
ES_Madrid,2026-09-19T12:00Z,25.8,36,9.7,26.6,0.0,0,947.3,3.8,4.8,112,20.5,779.0,891.3,98.0
FR_Paris,2026-09-19T12:00Z,23.0,40,8.6,21.7,0.0,74,1016.3,9.5,13.4,235,29.2,647.0,755.9,139.0
NL_Amsterdam,2026-09-19T12:00Z,20.6,71,15.1,18.2,0.1,95,1013.8,28.0,45.8,234,59.8,358.0,205.8,229.0
PL_Warsaw,2026-09-19T12:00Z,20.8,51,10.1,18.8,0.0,38,1007.3,13.6,20.0,239,33.8,516.0,592.0,156.0
US_BPAT_Portland,2026-09-19T12:00Z,12.7,93,11.6,12.5,0.0,42,1017.4,4.7,11.1,340,11.5,0.0,0.0,0.0
US_CISO_LosAngeles,2026-09-19T12:00Z,17.7,94,16.7,19.6,0.0,0,1004.2,2.9,7.7,93,3.6,0.0,0.0,0.0
US_CISO_SanFrancisco,2026-09-19T12:00Z,14.5,93,13.3,13.9,0.0,9,1014.6,11.1,16.9,203,22.7,0.0,0.0,0.0
US_ERCO_Dallas,2026-09-19T12:00Z,24.5,60,16.4,25.5,0.0,1,1001.4,7.9,16.8,185,15.8,0.0,0.0,0.0
US_ERCO_Houston,2026-09-19T12:00Z,23.1,91,21.6,27.3,0.0,19,1013.9,3.5,8.8,90,8.6,0.0,0.0,0.0
US_ISNE_Boston,2026-09-19T12:00Z,12.0,68,6.2,9.6,0.0,14,1022.6,10.0,20.0,4,23.0,138.0,531.1,42.0
US_MISO_Chicago,2026-09-19T12:00Z,18.1,94,17.0,19.0,1.2,100,985.5,10.2,16.9,88,34.6,1.0,0.0,1.0
US_NYIS_NewYork,2026-09-19T12:00Z,16.7,56,8.0,14.4,0.0,100,1019.3,12.0,20.0,42,26.6,38.0,34.1,33.0
US_PJM_Philadelphia,2026-09-19T12:00Z,18.0,73,13.0,17.5,0.0,38,1019.2,9.4,19.7,46,22.3,76.0,285.9,37.0
US_SWPP_OklahomaCity,2026-09-19T12:00Z,25.3,59,16.7,25.4,0.0,2,973.4,14.7,28.6,203,34.2,0.0,0.0,0.0
VN_DaNang,2026-09-19T12:00Z,27.2,90,25.5,33.3,1.1,100,1013.0,6.3,11.1,97,9.4,0.0,0.0,0.0
VN_HaNoi,2026-09-19T12:00Z,28.1,83,24.9,34.0,0.0,91,1011.5,5.2,8.2,308,15.1,0.0,0.0,0.0
VN_HoChiMinh,2026-09-19T12:00Z,26.6,92,25.3,32.9,0.1,100,1010.1,4.0,7.6,181,9.7,0.0,0.0,0.0
AT_Vienna,2026-09-19T13:00Z,23.5,42,9.9,22.9,0.0,21,999.9,5.3,7.4,154,19.4,575.0,743.1,116.0
BE_Brussels,2026-09-19T13:00Z,20.9,60,13.0,18.5,0.0,100,1016.0,22.6,34.9,229,56.2,372.0,238.0,222.0
DE_Berlin,2026-09-19T13:00Z,20.5,57,11.6,18.2,0.0,90,1014.0,18.9,28.7,232,43.6,472.0,545.9,156.0
DE_Hamburg,2026-09-19T13:00Z,18.4,78,14.5,16.9,0.0,100,1012.9,19.8,31.9,220,53.6,242.0,108.8,179.0
DE_Munich,2026-09-19T13:00Z,21.6,47,9.8,21.2,0.0,45,962.7,5.1,6.8,312,18.4,612.0,787.0,108.0
ES_Madrid,2026-09-19T13:00Z,27.0,32,8.9,27.8,0.0,0,946.9,3.1,4.2,100,19.8,789.0,896.0,98.0
FR_Paris,2026-09-19T13:00Z,23.9,37,8.3,22.4,0.0,90,1016.1,10.3,14.7,234,29.5,638.0,782.9,121.0
NL_Amsterdam,2026-09-19T13:00Z,20.6,71,15.1,17.9,0.0,84,1013.8,29.5,47.7,234,68.0,359.0,220.0,225.0
PL_Warsaw,2026-09-19T13:00Z,20.7,49,9.5,18.6,0.0,44,1007.3,13.8,20.7,243,33.8,462.0,612.6,127.0
US_BPAT_Portland,2026-09-19T13:00Z,12.4,95,11.5,12.0,0.0,6,1017.4,5.7,10.9,336,13.3,0.0,0.0,0.0
US_CISO_LosAngeles,2026-09-19T13:00Z,17.8,92,16.4,19.5,0.0,13,1004.4,3.8,10.3,93,7.9,0.0,0.0,0.0
US_CISO_SanFrancisco,2026-09-19T13:00Z,14.7,92,13.5,14.3,0.0,7,1014.6,10.7,16.0,201,22.3,0.0,0.0,0.0
US_ERCO_Dallas,2026-09-19T13:00Z,25.4,59,16.9,26.8,0.0,34,1001.7,6.4,18.6,198,16.2,30.0,160.8,14.0
US_ERCO_Houston,2026-09-19T13:00Z,24.2,86,21.7,28.3,0.0,3,1014.4,3.9,4.6,64,9.7,42.0,212.0,18.0
US_ISNE_Boston,2026-09-19T13:00Z,13.3,61,5.9,10.9,0.0,44,1022.6,9.8,14.9,13,25.2,324.0,709.4,68.0
US_MISO_Chicago,2026-09-19T13:00Z,18.4,94,17.4,18.7,0.0,100,985.0,15.9,25.4,86,30.2,26.0,0.0,26.0
US_NYIS_NewYork,2026-09-19T13:00Z,17.0,52,7.2,14.5,0.0,99,1019.4,12.0,19.1,44,28.4,113.0,38.8,100.0
US_PJM_Philadelphia,2026-09-19T13:00Z,19.0,67,12.8,18.2,0.0,48,1019.4,11.2,17.7,51,26.6,218.0,394.5,90.0
US_SWPP_OklahomaCity,2026-09-19T13:00Z,25.7,58,16.8,25.9,0.0,0,973.6,14.8,27.4,202,33.8,26.0,140.8,13.0
VN_DaNang,2026-09-19T13:00Z,27.3,90,25.6,34.3,0.3,39,1013.7,0.4,3.5,75,14.8,0.0,0.0,0.0
VN_HaNoi,2026-09-19T13:00Z,28.0,83,24.8,34.5,0.0,60,1012.1,0.4,3.0,346,7.9,0.0,0.0,0.0
VN_HoChiMinh,2026-09-19T13:00Z,26.8,92,25.3,33.4,0.1,100,1010.9,1.8,4.0,126,6.8,0.0,0.0,0.0
AT_Vienna,2026-09-19T14:00Z,23.8,42,10.0,23.2,0.0,2,999.8,3.8,5.7,162,15.8,482.0,737.8,96.0
BE_Brussels,2026-09-19T14:00Z,20.9,62,13.4,18.6,0.0,100,1016.1,22.9,35.8,234,53.3,283.0,129.5,209.0
DE_Berlin,2026-09-19T14:00Z,20.5,56,11.6,18.2,0.0,100,1014.0,19.1,29.9,238,42.8,375.0,432.3,159.0
DE_Hamburg,2026-09-19T14:00Z,18.6,78,14.7,17.6,0.0,100,1012.9,16.9,28.8,214,42.1,151.0,35.3,133.0
DE_Munich,2026-09-19T14:00Z,21.5,48,10.1,20.6,0.0,85,962.6,6.3,8.1,329,19.1,530.0,775.5,97.0
ES_Madrid,2026-09-19T14:00Z,27.6,30,8.4,28.0,0.0,0,946.3,2.7,3.6,72,19.1,738.0,886.0,94.0
FR_Paris,2026-09-19T14:00Z,24.3,36,8.4,22.2,0.0,68,1016.0,11.1,16.1,236,30.2,549.0,638.2,163.0
NL_Amsterdam,2026-09-19T14:00Z,19.8,76,15.5,18.0,0.2,100,1014.2,25.0,42.1,232,69.1,296.0,265.1,150.0
PL_Warsaw,2026-09-19T14:00Z,20.5,48,9.2,18.4,0.0,14,1007.1,12.2,18.9,241,36.7,332.0,462.6,124.0
US_BPAT_Portland,2026-09-19T14:00Z,12.3,95,11.5,11.9,0.0,100,1017.5,5.9,8.9,341,13.3,0.0,0.0,0.0
US_CISO_LosAngeles,2026-09-19T14:00Z,17.8,89,16.0,19.4,0.0,23,1004.6,2.8,7.5,73,7.2,4.0,19.1,3.0
US_CISO_SanFrancisco,2026-09-19T14:00Z,14.8,93,13.6,14.4,0.0,9,1014.7,10.3,15.5,200,21.6,0.0,0.0,0.0
US_ERCO_Dallas,2026-09-19T14:00Z,27.3,59,18.6,29.4,0.0,35,1001.7,7.3,11.5,194,19.8,193.0,490.6,65.0
US_ERCO_Houston,2026-09-19T14:00Z,26.8,74,21.8,31.1,0.0,2,1014.3,3.8,5.9,2,13.7,225.0,559.9,63.0
US_ISNE_Boston,2026-09-19T14:00Z,14.8,57,6.3,12.7,0.0,81,1022.7,8.1,11.6,30,24.8,500.0,802.1,85.0
US_MISO_Chicago,2026-09-19T14:00Z,18.5,92,17.3,19.5,0.6,100,985.4,10.9,17.4,117,34.6,64.0,0.0,64.0
US_NYIS_NewYork,2026-09-19T14:00Z,17.8,50,7.3,15.5,0.0,73,1019.7,11.2,17.0,48,29.5,275.0,177.7,186.0
US_PJM_Philadelphia,2026-09-19T14:00Z,20.0,61,12.3,18.9,0.0,64,1019.6,12.5,18.8,60,31.3,389.0,545.9,119.0
US_SWPP_OklahomaCity,2026-09-19T14:00Z,27.0,54,16.8,27.3,0.0,1,973.5,14.0,23.1,191,32.4,183.0,522.7,55.0
VN_DaNang,2026-09-19T14:00Z,26.5,95,25.6,33.1,0.7,41,1014.5,3.4,6.0,136,11.5,0.0,0.0,0.0
VN_HaNoi,2026-09-19T14:00Z,27.3,88,25.1,33.2,0.0,38,1013.3,5.8,7.7,144,10.1,0.0,0.0,0.0
VN_HoChiMinh,2026-09-19T14:00Z,26.7,93,25.5,32.9,0.0,100,1011.4,5.2,8.9,77,9.7,0.0,0.0,0.0
AT_Vienna,2026-09-19T15:00Z,23.7,43,10.2,23.2,0.0,5,999.8,3.4,5.3,147,11.9,339.0,657.1,80.0
BE_Brussels,2026-09-19T15:00Z,21.1,62,13.5,18.9,0.0,100,1016.3,22.6,35.9,233,52.6,232.0,86.3,191.0
DE_Berlin,2026-09-19T15:00Z,20.2,60,12.2,18.7,0.0,84,1014.1,14.8,25.2,235,42.8,186.0,103.2,146.0
DE_Hamburg,2026-09-19T15:00Z,19.1,78,15.1,18.1,0.0,97,1012.9,18.2,31.6,227,38.5,108.0,0.0,108.0
DE_Munich,2026-09-19T15:00Z,21.0,51,10.3,20.2,0.0,99,962.8,5.6,7.7,323,19.1,370.0,564.4,122.0
ES_Madrid,2026-09-19T15:00Z,28.0,28,7.6,27.4,0.0,0,946.1,3.6,4.7,62,18.0,629.0,853.4,88.0
FR_Paris,2026-09-19T15:00Z,24.6,36,8.3,22.4,0.0,80,1016.1,11.7,17.2,244,31.0,467.0,710.8,105.0
NL_Amsterdam,2026-09-19T15:00Z,19.5,79,15.8,18.1,0.6,92,1014.4,23.2,40.1,231,55.1,208.0,87.6,168.0
PL_Warsaw,2026-09-19T15:00Z,20.2,52,10.0,18.8,0.0,34,1007.0,9.7,17.6,242,31.7,244.0,492.3,85.0
US_BPAT_Portland,2026-09-19T15:00Z,12.5,93,11.4,12.1,0.0,100,1017.7,5.3,7.1,345,14.4,29.0,36.0,25.0
US_CISO_LosAngeles,2026-09-19T15:00Z,19.5,79,15.8,21.0,0.0,30,1004.8,2.8,5.6,48,10.1,109.0,369.2,47.0
US_CISO_SanFrancisco,2026-09-19T15:00Z,15.3,89,13.6,15.0,0.0,2,1014.9,10.2,14.3,199,24.1,55.0,192.4,31.0
US_ERCO_Dallas,2026-09-19T15:00Z,29.4,58,20.2,32.1,0.0,38,1001.7,8.2,11.9,205,24.5,397.0,657.3,95.0
US_ERCO_Houston,2026-09-19T15:00Z,29.3,63,21.5,33.4,0.0,2,1014.4,3.3,4.4,353,15.5,438.0,717.6,85.0
US_ISNE_Boston,2026-09-19T15:00Z,15.9,54,6.5,14.6,0.0,97,1022.8,6.3,8.7,52,23.0,634.0,811.2,115.0
US_MISO_Chicago,2026-09-19T15:00Z,18.3,94,17.4,19.2,3.8,100,984.9,12.0,18.7,137,31.0,58.0,0.0,58.0
US_NYIS_NewYork,2026-09-19T15:00Z,19.4,47,7.9,17.4,0.0,80,1019.6,10.2,15.0,58,30.2,566.0,648.4,155.0
US_PJM_Philadelphia,2026-09-19T15:00Z,20.9,59,12.5,19.9,0.0,95,1019.6,11.6,17.0,67,31.3,528.0,607.5,144.0
US_SWPP_OklahomaCity,2026-09-19T15:00Z,29.0,49,17.1,29.3,0.0,0,973.4,14.8,23.2,194,36.7,383.0,695.9,78.0
VN_DaNang,2026-09-19T15:00Z,26.0,97,25.5,32.5,0.4,84,1014.8,3.3,5.4,201,14.0,0.0,0.0,0.0
VN_HaNoi,2026-09-19T15:00Z,27.1,89,25.1,33.0,0.0,22,1013.6,6.3,12.1,169,11.5,0.0,0.0,0.0
VN_HoChiMinh,2026-09-19T15:00Z,26.6,95,25.7,33.3,0.0,99,1011.8,2.7,7.7,74,10.1,0.0,0.0,0.0
AT_Vienna,2026-09-19T16:00Z,22.5,56,13.4,23.1,0.0,2,999.8,2.8,7.4,119,9.0,181.0,509.6,59.0
BE_Brussels,2026-09-19T16:00Z,21.0,63,13.8,19.1,0.0,99,1016.4,21.2,34.1,234,51.1,195.0,172.7,135.0
DE_Berlin,2026-09-19T16:00Z,19.7,63,12.4,18.4,0.0,42,1014.0,13.7,24.5,229,32.4,143.0,203.8,92.0
DE_Hamburg,2026-09-19T16:00Z,19.5,73,14.4,17.9,0.0,100,1012.9,20.5,35.3,234,43.2,148.0,180.1,98.0
DE_Munich,2026-09-19T16:00Z,20.3,54,10.8,20.1,0.0,100,963.0,3.1,6.1,298,16.2,174.0,171.4,124.0
ES_Madrid,2026-09-19T16:00Z,28.1,26,6.9,26.6,0.0,6,945.9,4.7,6.3,72,18.7,474.0,791.9,79.0
FR_Paris,2026-09-19T16:00Z,24.2,37,8.7,22.1,0.0,84,1016.1,11.9,17.7,249,31.0,317.0,578.6,97.0
NL_Amsterdam,2026-09-19T16:00Z,19.7,76,15.4,18.1,0.0,89,1014.8,23.3,40.8,233,51.1,173.0,216.8,101.0
PL_Warsaw,2026-09-19T16:00Z,18.8,62,11.2,18.2,0.0,16,1006.8,6.5,16.0,231,20.9,114.0,347.4,53.0
US_BPAT_Portland,2026-09-19T16:00Z,13.1,89,11.4,12.8,0.0,100,1017.6,4.8,6.5,346,15.1,100.0,11.1,97.0
US_CISO_LosAngeles,2026-09-19T16:00Z,21.2,72,15.9,22.9,0.0,17,1005.0,1.5,1.9,68,12.6,296.0,523.5,101.0
US_CISO_SanFrancisco,2026-09-19T16:00Z,16.2,82,13.2,15.8,0.0,38,1014.9,9.6,13.0,200,25.6,215.0,403.8,92.0
US_ERCO_Dallas,2026-09-19T16:00Z,31.3,52,20.2,34.3,0.0,60,1001.2,7.8,11.0,204,25.2,583.0,745.7,115.0
US_ERCO_Houston,2026-09-19T16:00Z,31.0,52,20.1,35.0,0.0,2,1014.3,2.8,3.6,41,16.2,629.0,801.0,99.0
US_ISNE_Boston,2026-09-19T16:00Z,16.4,53,6.9,15.5,0.0,100,1022.3,7.1,9.4,79,22.0,699.0,724.1,178.0
US_MISO_Chicago,2026-09-19T16:00Z,18.5,96,17.9,19.7,2.5,100,983.9,11.6,24.4,157,25.6,100.0,1.6,99.0
US_NYIS_NewYork,2026-09-19T16:00Z,20.6,47,8.8,19.8,0.0,68,1019.2,8.9,13.0,62,29.2,689.0,742.4,151.0
US_PJM_Philadelphia,2026-09-19T16:00Z,21.7,57,12.8,21.2,0.0,87,1019.3,11.2,16.3,70,31.0,600.0,521.0,221.0
US_SWPP_OklahomaCity,2026-09-19T16:00Z,31.1,43,17.1,31.4,0.0,0,973.3,15.4,23.3,198,39.6,565.0,789.7,89.0
VN_DaNang,2026-09-19T16:00Z,25.9,98,25.5,32.3,0.4,84,1014.5,4.4,6.4,248,8.6,0.0,0.0,0.0
VN_HaNoi,2026-09-19T16:00Z,26.8,89,24.9,32.8,0.0,20,1013.9,4.4,11.4,164,11.2,0.0,0.0,0.0
VN_HoChiMinh,2026-09-19T16:00Z,26.6,94,25.6,33.6,0.0,99,1011.6,0.8,3.7,76,5.4,0.0,0.0,0.0
AT_Vienna,2026-09-19T17:00Z,20.8,58,12.3,21.1,0.0,17,999.7,2.7,9.4,135,5.4,41.0,219.6,20.0
BE_Brussels,2026-09-19T17:00Z,20.5,68,14.4,19.0,0.0,94,1016.4,19.5,33.3,241,48.6,103.0,152.2,73.0
DE_Berlin,2026-09-19T17:00Z,18.6,68,12.5,17.6,0.0,64,1014.1,11.9,23.9,232,28.8,53.0,230.7,29.0
DE_Hamburg,2026-09-19T17:00Z,19.1,74,14.4,17.5,0.0,100,1013.0,20.6,35.9,233,43.2,26.0,0.0,26.0
DE_Munich,2026-09-19T17:00Z,19.2,65,12.5,19.5,0.0,95,962.6,2.6,6.5,257,6.8,56.0,39.9,51.0
ES_Madrid,2026-09-19T17:00Z,27.8,26,6.5,26.1,0.0,1,946.0,5.5,7.2,84,18.7,286.0,674.3,63.0
FR_Paris,2026-09-19T17:00Z,23.3,42,9.6,21.5,0.0,74,1016.1,11.4,17.6,255,29.5,163.0,415.2,69.0
NL_Amsterdam,2026-09-19T17:00Z,19.2,78,15.3,17.7,0.0,100,1014.6,22.2,40.1,230,51.1,59.0,32.2,53.0
PL_Warsaw,2026-09-19T17:00Z,17.2,68,11.3,16.7,0.0,99,1006.5,6.0,15.0,213,13.0,15.0,92.7,9.0
US_BPAT_Portland,2026-09-19T17:00Z,14.0,84,11.3,13.6,0.0,99,1017.4,4.8,6.3,340,16.6,194.0,25.5,183.0
US_CISO_LosAngeles,2026-09-19T17:00Z,23.2,63,15.8,25.0,0.0,6,1004.9,0.9,1.3,135,13.0,508.0,711.3,115.0
US_CISO_SanFrancisco,2026-09-19T17:00Z,17.4,77,13.2,17.0,0.0,16,1014.9,9.4,12.2,204,26.6,403.0,566.0,129.0
US_ERCO_Dallas,2026-09-19T17:00Z,33.3,44,19.5,36.8,0.0,76,1000.5,7.4,10.2,198,25.9,727.0,794.7,128.0
US_ERCO_Houston,2026-09-19T17:00Z,32.3,46,19.3,36.7,0.0,15,1013.8,3.9,5.1,73,19.4,777.0,855.0,104.0
US_ISNE_Boston,2026-09-19T17:00Z,16.4,56,7.7,15.2,0.0,100,1021.8,8.5,11.2,94,24.8,659.0,484.5,295.0
US_MISO_Chicago,2026-09-19T17:00Z,19.7,94,18.8,22.3,0.4,100,983.3,4.5,8.5,179,22.7,264.0,52.9,226.0
US_NYIS_NewYork,2026-09-19T17:00Z,21.5,46,9.4,21.4,0.0,31,1018.7,7.2,10.3,63,27.7,732.0,720.9,179.0
US_PJM_Philadelphia,2026-09-19T17:00Z,22.7,55,13.2,22.7,0.0,47,1018.8,9.9,14.1,67,30.2,629.0,487.0,252.0
US_SWPP_OklahomaCity,2026-09-19T17:00Z,33.1,38,16.7,33.9,0.0,0,972.7,15.5,22.9,196,40.3,707.0,837.7,98.0
VN_DaNang,2026-09-19T17:00Z,25.8,98,25.5,32.3,0.2,90,1014.0,3.4,5.8,261,9.0,0.0,0.0,0.0
VN_HaNoi,2026-09-19T17:00Z,26.6,90,24.7,32.6,0.0,9,1013.8,3.1,8.5,163,7.6,0.0,0.0,0.0
VN_HoChiMinh,2026-09-19T17:00Z,26.6,93,25.3,33.5,0.0,55,1011.5,0.2,1.5,97,2.2,0.0,0.0,0.0
AT_Vienna,2026-09-19T18:00Z,19.3,65,12.5,19.4,0.0,72,999.6,4.0,10.7,166,8.6,0.0,0.0,0.0
BE_Brussels,2026-09-19T18:00Z,19.4,71,13.9,17.7,0.0,100,1017.2,20.4,35.4,243,43.2,18.0,40.0,15.0
DE_Berlin,2026-09-19T18:00Z,17.9,70,12.5,17.0,0.0,95,1014.4,11.6,25.5,237,24.1,0.0,0.0,0.0
DE_Hamburg,2026-09-19T18:00Z,18.8,76,14.4,17.3,0.2,100,1013.2,19.6,34.5,226,44.3,1.0,0.0,1.0
DE_Munich,2026-09-19T18:00Z,18.0,67,11.7,17.9,0.0,75,962.4,4.0,8.1,249,8.6,2.0,0.0,2.0
ES_Madrid,2026-09-19T18:00Z,27.0,28,6.9,25.4,0.0,0,945.9,5.7,8.1,93,17.6,98.0,446.7,35.0
FR_Paris,2026-09-19T18:00Z,22.5,42,9.0,21.2,0.0,90,1016.7,7.0,16.5,259,26.3,34.0,168.2,19.0
NL_Amsterdam,2026-09-19T18:00Z,18.6,82,15.5,17.4,0.0,78,1014.8,20.5,38.3,227,49.7,12.0,14.2,11.0
PL_Warsaw,2026-09-19T18:00Z,17.4,64,10.5,16.1,0.0,47,1006.6,9.4,20.4,211,18.0,0.0,0.0,0.0
US_BPAT_Portland,2026-09-19T18:00Z,14.9,79,11.3,14.5,0.0,100,1017.7,5.3,6.9,340,18.7,338.0,179.7,237.0
US_CISO_LosAngeles,2026-09-19T18:00Z,23.9,58,15.2,26.0,0.0,38,1005.2,2.4,3.3,171,15.5,660.0,727.3,154.0
US_CISO_SanFrancisco,2026-09-19T18:00Z,17.7,73,12.8,17.4,0.0,31,1015.5,8.9,11.2,212,28.8,571.0,663.5,152.0
US_ERCO_Dallas,2026-09-19T18:00Z,33.9,40,18.6,37.5,0.0,61,1000.2,6.3,8.5,173,25.6,765.0,713.8,173.0
US_ERCO_Houston,2026-09-19T18:00Z,33.4,42,18.8,37.8,0.0,38,1013.6,4.5,5.8,86,20.5,831.0,805.0,139.0
US_ISNE_Boston,2026-09-19T18:00Z,16.3,57,7.7,14.6,0.0,100,1021.9,7.3,9.4,103,25.2,538.0,253.8,352.0
US_MISO_Chicago,2026-09-19T18:00Z,20.4,88,18.3,22.9,0.0,100,984.4,3.6,5.4,194,19.8,373.0,125.7,278.0
US_NYIS_NewYork,2026-09-19T18:00Z,22.4,45,10.0,23.1,0.0,100,1018.6,3.7,4.8,63,24.5,747.0,822.9,123.0
US_PJM_Philadelphia,2026-09-19T18:00Z,24.0,54,14.2,25.0,0.0,73,1018.6,7.8,10.6,100,28.1,697.0,678.7,175.0
US_SWPP_OklahomaCity,2026-09-19T18:00Z,35.4,31,15.9,36.7,0.0,0,972.6,14.2,20.5,202,41.8,795.0,866.0,100.0
VN_DaNang,2026-09-19T18:00Z,26.1,93,24.9,32.5,0.1,98,1013.4,1.5,2.8,288,7.2,0.0,0.0,0.0
VN_HaNoi,2026-09-19T18:00Z,26.9,87,24.5,32.7,0.0,0,1013.2,3.4,8.7,142,5.0,0.0,0.0,0.0
VN_HoChiMinh,2026-09-19T18:00Z,26.9,92,25.6,33.9,0.0,82,1010.9,0.8,3.7,145,1.4,0.0,0.0,0.0
AT_Vienna,2026-09-19T19:00Z,18.5,70,13.0,19.0,0.0,73,999.9,2.7,6.3,175,7.9,0.0,0.0,0.0
BE_Brussels,2026-09-19T19:00Z,19.1,70,13.5,17.2,0.0,99,1017.3,20.3,35.2,236,45.4,0.0,0.0,0.0
DE_Berlin,2026-09-19T19:00Z,17.6,72,12.4,16.8,0.0,74,1014.6,10.6,24.2,229,22.3,0.0,0.0,0.0
DE_Hamburg,2026-09-19T19:00Z,18.8,75,14.3,17.2,0.0,100,1013.1,20.6,36.3,228,42.8,0.0,0.0,0.0
DE_Munich,2026-09-19T19:00Z,17.1,68,11.2,16.9,0.0,89,962.7,3.1,6.5,278,7.2,0.0,0.0,0.0
ES_Madrid,2026-09-19T19:00Z,25.9,31,7.6,24.9,0.0,0,946.0,2.5,7.6,155,13.0,2.0,0.0,2.0
FR_Paris,2026-09-19T19:00Z,21.6,46,9.4,20.5,0.0,98,1016.9,6.6,16.0,236,14.0,0.0,0.0,0.0
NL_Amsterdam,2026-09-19T19:00Z,18.5,84,15.8,17.4,0.0,95,1015.3,21.2,39.4,231,46.4,0.0,0.0,0.0
PL_Warsaw,2026-09-19T19:00Z,16.6,66,10.2,15.1,0.0,9,1006.9,10.4,23.2,221,19.8,0.0,0.0,0.0
US_BPAT_Portland,2026-09-19T19:00Z,17.3,68,11.4,16.8,0.0,88,1017.1,6.1,8.2,346,21.2,493.0,349.2,264.0
US_CISO_LosAngeles,2026-09-19T19:00Z,26.2,49,14.8,28.7,0.0,2,1004.6,3.2,4.4,199,18.4,770.0,763.5,165.0
US_CISO_SanFrancisco,2026-09-19T19:00Z,18.1,73,13.1,18.3,0.0,2,1015.3,11.0,14.0,229,31.3,707.0,760.0,147.0
US_ERCO_Dallas,2026-09-19T19:00Z,35.0,37,18.0,38.3,0.0,79,998.9,7.8,10.8,162,26.6,810.0,741.9,180.0
US_ERCO_Houston,2026-09-19T19:00Z,34.5,38,18.1,38.3,0.0,41,1012.3,5.1,6.7,99,21.6,807.0,711.4,185.0
US_ISNE_Boston,2026-09-19T19:00Z,16.3,58,8.0,14.9,0.0,98,1021.7,6.8,8.5,107,22.7,562.0,462.8,254.0
US_MISO_Chicago,2026-09-19T19:00Z,21.0,89,19.1,23.9,0.8,100,983.9,3.5,4.8,211,13.0,307.0,41.8,276.0
US_NYIS_NewYork,2026-09-19T19:00Z,23.1,45,10.5,23.1,0.0,98,1017.8,1.5,2.2,81,16.9,564.0,428.0,265.0
US_PJM_Philadelphia,2026-09-19T19:00Z,23.6,56,14.4,23.5,0.0,70,1018.1,10.0,14.2,102,27.7,500.0,335.4,261.0
US_SWPP_OklahomaCity,2026-09-19T19:00Z,36.2,30,15.8,37.7,0.0,27,971.6,13.2,19.0,199,38.5,820.0,872.2,101.0
VN_DaNang,2026-09-19T19:00Z,26.2,91,24.7,32.5,0.3,77,1013.0,1.3,2.8,255,3.2,0.0,0.0,0.0
VN_HaNoi,2026-09-19T19:00Z,26.2,88,24.0,31.8,0.0,14,1012.9,3.5,8.7,148,6.5,0.0,0.0,0.0
VN_HoChiMinh,2026-09-19T19:00Z,25.2,95,24.4,31.0,1.9,93,1010.7,3.9,5.8,275,10.1,0.0,0.0,0.0
AT_Vienna,2026-09-19T20:00Z,17.3,80,13.7,17.8,0.0,72,1000.2,4.5,6.2,244,10.1,0.0,0.0,0.0
BE_Brussels,2026-09-19T20:00Z,18.8,71,13.4,17.2,0.0,98,1017.5,18.5,32.6,241,44.3,0.0,0.0,0.0
DE_Berlin,2026-09-19T20:00Z,17.2,71,11.9,15.7,0.0,73,1014.4,13.9,28.9,222,26.6,0.0,0.0,0.0
DE_Hamburg,2026-09-19T20:00Z,18.3,79,14.6,16.6,0.2,100,1013.4,22.2,38.5,237,46.1,0.0,0.0,0.0
DE_Munich,2026-09-19T20:00Z,16.2,68,10.3,15.8,0.0,65,963.0,3.2,7.0,280,6.5,0.0,0.0,0.0
ES_Madrid,2026-09-19T20:00Z,25.2,31,7.1,23.8,0.0,0,946.6,3.9,11.0,186,9.0,0.0,0.0,0.0
FR_Paris,2026-09-19T20:00Z,21.1,49,9.8,19.8,0.0,97,1017.1,8.0,18.4,233,16.2,0.0,0.0,0.0
NL_Amsterdam,2026-09-19T20:00Z,18.6,85,16.1,17.6,0.0,88,1015.5,20.5,37.8,234,46.1,0.0,0.0,0.0
PL_Warsaw,2026-09-19T20:00Z,16.0,67,9.9,14.5,0.0,10,1006.9,9.8,23.5,229,20.5,0.0,0.0,0.0
US_BPAT_Portland,2026-09-19T20:00Z,19.3,61,11.5,19.5,0.0,85,1016.2,6.2,8.4,349,22.7,654.0,676.9,176.0
US_CISO_LosAngeles,2026-09-19T20:00Z,28.0,44,14.5,30.7,0.0,0,1003.7,4.2,5.6,207,20.2,848.0,855.5,133.0
US_CISO_SanFrancisco,2026-09-19T20:00Z,18.3,72,13.1,18.7,0.0,2,1014.7,12.9,16.5,243,35.6,801.0,865.3,115.0
US_ERCO_Dallas,2026-09-19T20:00Z,35.5,33,17.0,37.6,0.0,9,997.5,11.6,15.9,152,33.5,792.0,787.0,153.0
US_ERCO_Houston,2026-09-19T20:00Z,34.5,37,17.9,37.3,0.0,80,1011.1,6.4,8.5,118,23.4,691.0,586.7,204.0
US_ISNE_Boston,2026-09-19T20:00Z,16.1,59,8.1,14.6,0.0,100,1021.3,7.0,9.1,105,20.9,452.0,438.8,209.0
US_MISO_Chicago,2026-09-19T20:00Z,21.3,89,19.5,24.9,0.6,98,982.9,0.2,0.6,214,14.8,247.0,20.6,233.0
US_NYIS_NewYork,2026-09-19T20:00Z,22.8,46,10.6,21.9,0.0,100,1017.6,7.3,10.0,160,22.0,531.0,683.6,126.0
US_PJM_Philadelphia,2026-09-19T20:00Z,22.9,59,14.5,22.8,0.0,99,1017.8,10.8,15.5,103,27.4,311.0,208.7,184.0
US_SWPP_OklahomaCity,2026-09-19T20:00Z,35.9,30,15.4,37.3,0.0,84,970.6,10.7,15.6,191,37.4,756.0,784.1,136.0
VN_DaNang,2026-09-19T20:00Z,26.0,92,24.6,32.2,0.1,52,1012.6,1.1,2.5,266,7.9,0.0,0.0,0.0
VN_HaNoi,2026-09-19T20:00Z,26.1,87,23.8,31.9,0.0,29,1012.8,1.5,6.4,135,6.1,0.0,0.0,0.0
VN_HoChiMinh,2026-09-19T20:00Z,25.3,96,24.5,31.6,0.9,45,1010.4,0.4,1.0,158,7.2,0.0,0.0,0.0
AT_Vienna,2026-09-19T21:00Z,16.6,81,13.3,16.5,0.0,80,1000.5,7.5,15.6,287,14.0,0.0,0.0,0.0
BE_Brussels,2026-09-19T21:00Z,18.4,72,13.2,16.7,0.0,100,1017.9,18.5,32.5,237,41.0,0.0,0.0,0.0
DE_Berlin,2026-09-19T21:00Z,17.3,68,11.3,15.6,0.0,45,1014.3,14.7,29.9,233,30.2,0.0,0.0,0.0
DE_Hamburg,2026-09-19T21:00Z,18.2,79,14.6,16.7,0.0,85,1013.5,20.4,35.9,239,46.4,0.0,0.0,0.0
DE_Munich,2026-09-19T21:00Z,14.5,78,10.7,13.7,0.0,89,963.0,6.9,8.0,236,13.0,0.0,0.0,0.0
ES_Madrid,2026-09-19T21:00Z,24.3,33,6.8,22.9,0.0,0,946.8,3.7,11.4,184,9.4,0.0,0.0,0.0
FR_Paris,2026-09-19T21:00Z,20.3,52,10.1,19.2,0.0,96,1017.7,7.9,17.9,255,16.9,0.0,0.0,0.0
NL_Amsterdam,2026-09-19T21:00Z,18.3,89,16.4,17.5,0.0,75,1015.7,21.0,39.1,238,45.4,0.0,0.0,0.0
PL_Warsaw,2026-09-19T21:00Z,15.5,69,9.8,13.8,0.0,35,1006.9,10.9,24.9,218,21.2,0.0,0.0,0.0
US_BPAT_Portland,2026-09-19T21:00Z,21.1,54,11.5,21.5,0.0,86,1015.2,6.2,8.6,349,23.0,693.0,799.4,126.0
US_CISO_LosAngeles,2026-09-19T21:00Z,29.4,40,14.4,31.6,0.0,0,1002.7,6.5,8.7,214,23.8,844.0,884.5,116.0
US_CISO_SanFrancisco,2026-09-19T21:00Z,18.9,70,13.3,19.4,0.0,1,1013.9,13.2,16.9,245,36.7,807.0,876.1,110.0
US_ERCO_Dallas,2026-09-19T21:00Z,35.4,31,15.8,36.3,0.0,7,997.4,11.7,16.2,161,34.9,673.0,749.8,133.0
US_ERCO_Houston,2026-09-19T21:00Z,33.9,40,18.5,35.7,0.0,89,1010.4,8.7,11.7,122,25.9,444.0,276.7,242.0
US_ISNE_Boston,2026-09-19T21:00Z,15.8,60,8.1,14.2,0.0,100,1021.3,7.4,10.2,99,20.5,282.0,273.9,171.0
US_MISO_Chicago,2026-09-19T21:00Z,22.1,87,19.8,25.5,0.0,100,982.7,1.9,2.2,24,11.5,387.0,269.8,233.0
US_NYIS_NewYork,2026-09-19T21:00Z,21.1,56,11.8,19.8,0.0,100,1017.6,12.1,17.7,163,32.0,303.0,349.2,147.0
US_PJM_Philadelphia,2026-09-19T21:00Z,22.5,62,14.8,22.3,0.0,100,1017.6,12.0,17.5,109,28.8,282.0,196.2,191.0
US_SWPP_OklahomaCity,2026-09-19T21:00Z,36.2,30,15.9,36.9,0.0,96,970.5,8.9,12.8,215,31.3,491.0,376.4,226.0
VN_DaNang,2026-09-19T21:00Z,25.8,92,24.4,31.9,0.1,77,1012.6,1.1,2.5,300,3.2,0.0,0.0,0.0
VN_HaNoi,2026-09-19T21:00Z,25.9,88,23.8,31.7,0.0,11,1012.7,0.9,4.9,118,2.9,0.0,0.0,0.0
VN_HoChiMinh,2026-09-19T21:00Z,25.2,96,24.6,31.4,0.2,55,1010.1,1.4,2.1,70,4.7,0.0,0.0,0.0
AT_Vienna,2026-09-19T22:00Z,16.8,70,11.2,15.8,0.0,94,1000.5,9.2,21.2,285,18.4,0.0,0.0,0.0
BE_Brussels,2026-09-19T22:00Z,18.2,73,13.4,16.7,0.0,98,1018.0,17.9,31.6,238,40.3,0.0,0.0,0.0
DE_Berlin,2026-09-19T22:00Z,17.2,67,11.0,15.5,0.0,16,1014.2,13.5,28.0,233,29.2,0.0,0.0,0.0
DE_Hamburg,2026-09-19T22:00Z,18.0,80,14.4,16.7,0.0,98,1013.4,18.7,33.7,241,42.5,0.0,0.0,0.0
DE_Munich,2026-09-19T22:00Z,14.1,81,10.8,12.9,0.0,84,963.1,9.3,15.3,226,17.6,0.0,0.0,0.0
ES_Madrid,2026-09-19T22:00Z,23.5,34,6.9,22.0,0.0,0,947.4,4.2,12.8,178,9.4,0.0,0.0,0.0
FR_Paris,2026-09-19T22:00Z,19.6,55,10.2,18.7,0.0,95,1018.0,6.3,14.8,273,16.2,0.0,0.0,0.0
NL_Amsterdam,2026-09-19T22:00Z,18.1,90,16.5,17.5,0.1,100,1015.8,20.0,37.4,242,45.4,0.0,0.0,0.0
PL_Warsaw,2026-09-19T22:00Z,15.1,71,9.9,13.5,0.0,16,1006.6,10.9,24.8,226,22.3,0.0,0.0,0.0
US_BPAT_Portland,2026-09-19T22:00Z,22.3,49,11.2,22.2,0.0,74,1014.5,6.7,9.1,350,23.0,638.0,762.2,131.0
US_CISO_LosAngeles,2026-09-19T22:00Z,29.5,42,15.3,31.1,0.0,0,1002.0,9.6,13.0,222,28.4,768.0,883.4,101.0
US_CISO_SanFrancisco,2026-09-19T22:00Z,19.4,69,13.5,19.2,0.0,0,1013.3,15.6,20.6,247,39.2,749.0,863.0,106.0
US_ERCO_Dallas,2026-09-19T22:00Z,35.1,30,15.1,35.4,0.0,2,997.1,9.6,13.3,164,33.1,513.0,698.2,108.0
US_ERCO_Houston,2026-09-19T22:00Z,32.9,45,19.5,34.6,0.0,24,1010.2,12.8,18.1,121,33.1,350.0,330.5,158.0
US_ISNE_Boston,2026-09-19T22:00Z,15.2,65,8.6,13.7,0.0,100,1021.0,8.1,12.8,99,19.4,105.0,34.8,97.0
US_MISO_Chicago,2026-09-19T22:00Z,21.5,90,19.8,24.9,0.4,100,982.5,2.2,2.5,82,10.4,108.0,11.8,103.0
US_NYIS_NewYork,2026-09-19T22:00Z,20.0,60,12.1,19.0,0.0,100,1017.5,10.9,16.7,153,31.3,59.0,0.0,59.0
US_PJM_Philadelphia,2026-09-19T22:00Z,20.8,71,15.2,20.4,0.0,71,1017.8,14.7,21.6,107,36.4,162.0,201.1,104.0
US_SWPP_OklahomaCity,2026-09-19T22:00Z,34.4,32,15.1,33.9,0.1,50,970.4,14.9,22.0,197,36.7,208.0,85.9,159.0
VN_DaNang,2026-09-19T22:00Z,25.6,91,23.9,31.3,0.1,82,1012.8,1.8,3.2,289,6.8,0.0,0.0,0.0
VN_HaNoi,2026-09-19T22:00Z,25.7,89,23.8,31.4,0.0,6,1012.7,1.0,4.1,92,2.5,0.0,0.0,0.0
VN_HoChiMinh,2026-09-19T22:00Z,25.3,96,24.6,31.4,0.0,50,1010.0,2.0,4.9,98,6.8,0.0,0.0,0.0
AT_Vienna,2026-09-19T23:00Z,16.6,67,10.5,15.4,0.0,75,1000.3,9.1,21.5,287,19.4,0.0,0.0,0.0
BE_Brussels,2026-09-19T23:00Z,17.9,76,13.5,16.4,0.0,65,1017.9,17.9,31.8,237,39.2,0.0,0.0,0.0
DE_Berlin,2026-09-19T23:00Z,16.6,68,10.7,14.8,0.0,48,1014.2,13.9,28.7,233,28.4,0.0,0.0,0.0
DE_Hamburg,2026-09-19T23:00Z,17.7,82,14.5,16.3,0.0,78,1013.3,19.8,35.1,238,41.0,0.0,0.0,0.0
DE_Munich,2026-09-19T23:00Z,14.2,82,11.2,13.1,0.0,21,963.3,10.1,20.4,233,19.4,0.0,0.0,0.0
ES_Madrid,2026-09-19T23:00Z,22.4,40,8.0,20.7,0.0,0,948.0,7.8,17.2,164,16.9,0.0,0.0,0.0
FR_Paris,2026-09-19T23:00Z,18.6,58,10.3,17.9,0.0,19,1018.1,5.4,13.0,251,12.6,0.0,0.0,0.0
NL_Amsterdam,2026-09-19T23:00Z,18.6,89,16.7,17.9,0.1,99,1015.6,20.4,37.6,244,44.6,0.0,0.0,0.0
PL_Warsaw,2026-09-19T23:00Z,15.1,73,10.3,13.5,0.0,49,1006.6,11.4,25.8,231,22.7,0.0,0.0,0.0
US_BPAT_Portland,2026-09-19T23:00Z,22.9,47,10.9,22.1,0.0,36,1013.9,7.0,9.8,353,23.0,532.0,704.0,126.0
US_CISO_LosAngeles,2026-09-19T23:00Z,28.2,48,16.1,28.8,0.0,0,1001.7,12.8,17.7,230,34.2,629.0,843.9,92.0
US_CISO_SanFrancisco,2026-09-19T23:00Z,19.2,69,13.3,18.1,0.0,9,1012.7,17.9,24.2,255,43.6,635.0,839.3,94.0
US_ERCO_Dallas,2026-09-19T23:00Z,34.9,30,14.8,35.0,0.0,2,996.5,10.5,14.6,158,28.1,315.0,570.8,86.0
US_ERCO_Houston,2026-09-19T23:00Z,32.1,48,19.7,34.0,0.0,3,1010.2,12.6,18.4,123,34.6,328.0,631.2,80.0
US_ISNE_Boston,2026-09-19T23:00Z,14.7,69,9.1,13.3,0.0,100,1021.1,8.0,14.9,122,18.7,21.0,22.8,19.0
US_MISO_Chicago,2026-09-19T23:00Z,21.3,92,20.0,24.4,0.3,100,981.9,5.2,7.2,127,10.4,52.0,0.0,52.0
US_NYIS_NewYork,2026-09-19T23:00Z,19.5,63,12.3,18.7,0.0,100,1017.5,10.3,16.6,139,27.0,12.0,0.0,12.0
US_PJM_Philadelphia,2026-09-19T23:00Z,19.8,74,15.0,19.6,0.0,73,1017.6,12.5,21.1,110,37.1,46.0,170.9,26.0
US_SWPP_OklahomaCity,2026-09-19T23:00Z,34.2,33,15.5,33.8,0.0,55,969.6,15.5,23.3,193,37.8,254.0,364.0,109.0
VN_DaNang,2026-09-19T23:00Z,25.5,94,24.4,31.2,0.9,68,1013.1,3.6,4.6,283,9.0,5.0,0.0,5.0
VN_HaNoi,2026-09-19T23:00Z,25.5,92,24.1,31.4,0.0,5,1013.3,0.9,2.2,55,2.5,2.0,0.0,2.0
VN_HoChiMinh,2026-09-19T23:00Z,25.4,95,24.6,31.4,0.0,38,1010.5,2.4,5.4,127,5.0,3.0,0.0,3.0
AT_Vienna,2026-09-20T00:00Z,15.2,76,11.0,14.8,0.0,48,1000.5,4.6,14.5,287,18.4,0.0,0.0,0.0
BE_Brussels,2026-09-20T00:00Z,17.3,86,14.8,16.4,0.0,80,1017.9,16.6,29.9,231,38.9,0.0,0.0,0.0
DE_Berlin,2026-09-20T00:00Z,16.7,69,10.9,15.0,0.0,85,1013.9,13.4,28.0,231,27.7,0.0,0.0,0.0
DE_Hamburg,2026-09-20T00:00Z,17.5,82,14.4,16.3,0.0,100,1013.2,17.9,32.5,248,41.4,0.0,0.0,0.0
DE_Munich,2026-09-20T00:00Z,13.2,87,11.1,11.8,0.0,63,963.2,11.6,23.1,230,20.5,0.0,0.0,0.0
ES_Madrid,2026-09-20T00:00Z,21.0,47,9.3,19.9,0.0,0,948.3,6.3,14.0,149,19.8,0.0,0.0,0.0
FR_Paris,2026-09-20T00:00Z,16.8,67,10.7,16.1,0.0,40,1018.4,6.2,15.1,278,11.9,0.0,0.0,0.0
NL_Amsterdam,2026-09-20T00:00Z,18.8,84,16.1,18.0,0.1,99,1015.7,19.7,36.8,250,45.7,0.0,0.0,0.0
PL_Warsaw,2026-09-20T00:00Z,14.9,74,10.3,13.3,0.0,55,1006.2,11.3,25.6,238,23.0,0.0,0.0,0.0
US_BPAT_Portland,2026-09-20T00:00Z,22.3,51,11.6,21.8,0.0,9,1013.9,6.5,8.8,11,22.7,405.0,709.1,86.0
US_CISO_LosAngeles,2026-09-20T00:00Z,26.4,51,15.5,26.5,0.0,0,1001.8,11.8,16.3,228,34.6,442.0,762.0,80.0
US_CISO_SanFrancisco,2026-09-20T00:00Z,18.7,70,13.1,17.2,0.0,1,1012.4,16.9,23.4,259,43.9,472.0,778.4,82.0
US_ERCO_Dallas,2026-09-20T00:00Z,34.2,31,14.8,34.0,0.0,2,996.7,12.3,17.8,153,29.5,139.0,464.9,48.0
US_ERCO_Houston,2026-09-20T00:00Z,30.9,54,20.7,33.3,0.0,28,1010.8,11.9,18.8,128,31.7,124.0,441.8,45.0
US_ISNE_Boston,2026-09-20T00:00Z,13.6,71,8.5,12.1,0.0,91,1021.7,8.2,16.1,131,19.1,0.0,0.0,0.0
US_MISO_Chicago,2026-09-20T00:00Z,20.7,97,20.1,24.2,0.3,100,983.1,2.7,8.0,200,10.8,16.0,20.4,14.0
US_NYIS_NewYork,2026-09-20T00:00Z,19.1,67,12.7,18.4,0.0,100,1017.8,10.2,16.6,130,24.8,0.0,0.0,0.0
US_PJM_Philadelphia,2026-09-20T00:00Z,19.4,77,15.3,19.5,0.0,38,1017.9,11.5,20.4,109,27.4,0.0,0.0,0.0
US_SWPP_OklahomaCity,2026-09-20T00:00Z,34.9,32,15.9,35.2,0.0,59,969.3,11.4,18.9,184,37.4,127.0,324.8,62.0
VN_DaNang,2026-09-20T00:00Z,25.9,90,24.2,32.1,1.0,49,1014.1,0.2,0.2,360,11.2,120.0,266.3,64.0
VN_HaNoi,2026-09-20T00:00Z,26.9,92,25.4,33.3,0.0,15,1014.1,4.1,7.9,333,6.1,95.0,267.0,50.0
VN_HoChiMinh,2026-09-20T00:00Z,27.0,90,25.2,33.2,0.0,98,1011.2,4.3,6.1,93,14.4,105.0,277.5,53.0
AT_Vienna,2026-09-20T01:00Z,14.6,77,10.7,14.2,0.0,3,1000.5,3.9,12.2,289,8.6,0.0,0.0,0.0
BE_Brussels,2026-09-20T01:00Z,17.3,84,14.5,16.2,0.0,100,1018.1,17.2,30.8,240,37.1,0.0,0.0,0.0
DE_Berlin,2026-09-20T01:00Z,16.7,69,10.9,15.0,0.0,100,1013.6,12.9,26.9,229,26.3,0.0,0.0,0.0
DE_Hamburg,2026-09-20T01:00Z,17.0,87,14.9,16.1,0.5,100,1013.3,17.2,30.5,258,36.7,0.0,0.0,0.0
DE_Munich,2026-09-20T01:00Z,13.1,85,10.6,11.6,0.0,83,963.3,11.2,23.4,232,22.3,0.0,0.0,0.0
ES_Madrid,2026-09-20T01:00Z,20.0,54,10.5,19.3,0.0,0,948.5,5.3,12.5,133,14.0,0.0,0.0,0.0
FR_Paris,2026-09-20T01:00Z,16.1,72,11.0,15.5,0.0,9,1018.5,5.8,14.5,281,13.0,0.0,0.0,0.0
NL_Amsterdam,2026-09-20T01:00Z,18.7,83,15.8,18.0,0.1,61,1015.7,18.1,34.2,251,42.1,0.0,0.0,0.0
PL_Warsaw,2026-09-20T01:00Z,15.0,74,10.5,13.5,0.0,41,1006.0,10.8,24.5,234,22.3,0.0,0.0,0.0
US_BPAT_Portland,2026-09-20T01:00Z,21.7,53,11.8,21.4,0.0,0,1013.5,6.0,8.7,7,18.4,242.0,616.9,61.0
US_CISO_LosAngeles,2026-09-20T01:00Z,24.6,57,15.4,24.9,0.0,0,1001.8,10.7,15.8,238,30.6,233.0,609.7,61.0
US_CISO_SanFrancisco,2026-09-20T01:00Z,17.8,73,12.9,16.3,0.0,10,1012.2,16.6,23.1,259,40.0,274.0,635.4,68.0
US_ERCO_Dallas,2026-09-20T01:00Z,33.4,32,14.5,33.2,0.0,13,996.8,11.5,19.1,160,29.2,8.0,45.6,5.0
US_ERCO_Houston,2026-09-20T01:00Z,29.8,60,21.1,32.6,0.0,5,1010.9,10.6,17.4,141,28.1,4.0,17.9,3.0
US_ISNE_Boston,2026-09-20T01:00Z,13.0,75,8.6,11.5,0.0,70,1021.8,7.9,16.6,140,16.2,0.0,0.0,0.0
US_MISO_Chicago,2026-09-20T01:00Z,20.9,95,20.2,24.0,0.4,100,983.2,5.8,12.3,186,11.5,0.0,0.0,0.0
US_NYIS_NewYork,2026-09-20T01:00Z,18.9,67,12.7,18.4,0.0,89,1018.1,9.5,16.7,130,22.7,0.0,0.0,0.0
US_PJM_Philadelphia,2026-09-20T01:00Z,19.2,79,15.5,19.6,0.0,71,1018.5,9.2,17.3,110,24.5,0.0,0.0,0.0
US_SWPP_OklahomaCity,2026-09-20T01:00Z,33.7,35,15.9,33.8,0.0,45,969.3,12.8,22.1,173,30.6,9.0,29.0,7.0
VN_DaNang,2026-09-20T01:00Z,26.7,87,24.4,32.8,0.9,81,1014.5,2.0,2.5,339,15.1,324.0,482.6,109.0
VN_HaNoi,2026-09-20T01:00Z,28.7,80,24.8,34.8,0.0,13,1014.3,3.3,5.5,349,11.2,294.0,456.1,112.0
VN_HoChiMinh,2026-09-20T01:00Z,27.5,86,24.9,33.5,0.1,100,1012.1,4.3,6.0,117,13.3,242.0,204.6,154.0
AT_Vienna,2026-09-20T02:00Z,14.2,79,10.7,13.8,0.0,0,1000.7,4.4,13.2,290,9.0,0.0,0.0,0.0
BE_Brussels,2026-09-20T02:00Z,17.1,86,14.7,16.1,0.1,100,1018.3,16.9,30.4,242,36.7,0.0,0.0,0.0
DE_Berlin,2026-09-20T02:00Z,16.8,67,10.7,14.9,0.0,99,1013.6,13.9,28.0,230,28.1,0.0,0.0,0.0
DE_Hamburg,2026-09-20T02:00Z,16.7,89,14.9,16.1,0.0,100,1013.4,15.2,27.6,251,34.9,0.0,0.0,0.0
DE_Munich,2026-09-20T02:00Z,13.1,82,10.1,11.6,0.0,69,963.2,10.2,21.5,240,21.6,0.0,0.0,0.0
ES_Madrid,2026-09-20T02:00Z,19.4,61,11.6,19.3,0.0,0,948.5,3.5,9.8,125,12.2,0.0,0.0,0.0
FR_Paris,2026-09-20T02:00Z,15.5,77,11.5,15.2,0.0,34,1018.7,4.5,13.6,277,11.9,0.0,0.0,0.0
NL_Amsterdam,2026-09-20T02:00Z,18.2,83,15.2,17.5,0.1,87,1016.1,17.0,33.1,256,38.5,0.0,0.0,0.0
PL_Warsaw,2026-09-20T02:00Z,14.6,76,10.4,13.1,0.0,93,1006.0,11.3,25.7,237,22.7,0.0,0.0,0.0
US_BPAT_Portland,2026-09-20T02:00Z,20.3,62,12.9,20.5,0.0,0,1013.4,4.5,11.6,355,15.5,78.0,391.0,30.0
US_CISO_LosAngeles,2026-09-20T02:00Z,22.7,67,16.3,23.6,0.0,0,1002.1,8.9,13.7,235,27.0,47.0,243.2,20.0
US_CISO_SanFrancisco,2026-09-20T02:00Z,16.5,80,13.0,15.2,0.0,93,1012.4,15.0,22.9,260,39.6,84.0,385.2,32.0
US_ERCO_Dallas,2026-09-20T02:00Z,32.6,34,14.6,32.6,0.0,23,997.0,10.5,18.8,154,25.2,0.0,0.0,0.0
US_ERCO_Houston,2026-09-20T02:00Z,29.2,63,21.3,32.4,0.0,5,1011.3,8.6,16.0,147,24.5,0.0,0.0,0.0
US_ISNE_Boston,2026-09-20T02:00Z,12.5,77,8.6,11.2,0.0,92,1021.8,6.4,15.2,145,15.8,0.0,0.0,0.0
US_MISO_Chicago,2026-09-20T02:00Z,20.8,97,20.3,23.9,1.9,100,983.1,5.8,10.9,141,19.8,0.0,0.0,0.0
US_NYIS_NewYork,2026-09-20T02:00Z,18.8,68,12.8,18.3,0.0,75,1018.2,9.0,17.1,130,21.6,0.0,0.0,0.0
US_PJM_Philadelphia,2026-09-20T02:00Z,18.8,82,15.7,19.5,0.0,98,1018.5,8.8,16.6,116,20.9,0.0,0.0,0.0
US_SWPP_OklahomaCity,2026-09-20T02:00Z,32.9,37,16.1,32.8,0.0,13,969.8,15.3,26.3,171,33.8,0.0,0.0,0.0
VN_DaNang,2026-09-20T02:00Z,27.6,82,24.3,33.2,1.0,84,1014.9,4.5,5.8,351,19.8,478.0,427.2,200.0
VN_HaNoi,2026-09-20T02:00Z,30.0,67,23.2,35.0,0.0,10,1014.6,4.1,5.7,18,13.7,507.0,594.3,148.0
VN_HoChiMinh,2026-09-20T02:00Z,27.7,84,24.7,33.8,0.2,100,1012.4,2.3,3.2,124,13.7,209.0,12.4,201.0
AT_Vienna,2026-09-20T03:00Z,13.9,80,10.5,13.4,0.0,1,1000.9,4.3,12.9,283,9.4,0.0,0.0,0.0
BE_Brussels,2026-09-20T03:00Z,17.1,87,15.0,16.3,0.1,100,1018.1,16.2,29.2,233,36.4,0.0,0.0,0.0
DE_Berlin,2026-09-20T03:00Z,16.6,69,10.9,14.7,0.0,96,1013.6,14.7,28.4,237,30.2,0.0,0.0,0.0
DE_Hamburg,2026-09-20T03:00Z,16.7,88,14.7,16.2,0.0,84,1013.4,14.1,25.9,249,30.6,0.0,0.0,0.0
DE_Munich,2026-09-20T03:00Z,12.9,82,9.9,11.6,0.0,34,963.3,9.0,19.2,244,19.8,0.0,0.0,0.0
ES_Madrid,2026-09-20T03:00Z,18.9,65,12.1,18.8,0.0,0,948.8,5.0,10.2,77,11.2,0.0,0.0,0.0
FR_Paris,2026-09-20T03:00Z,15.2,82,12.2,15.1,0.0,29,1018.9,5.3,15.1,273,10.8,0.0,0.0,0.0
NL_Amsterdam,2026-09-20T03:00Z,18.2,78,14.4,17.2,0.0,48,1016.1,16.4,31.3,262,36.0,0.0,0.0,0.0
PL_Warsaw,2026-09-20T03:00Z,14.5,76,10.3,12.9,0.0,46,1006.1,11.2,25.2,235,22.7,0.0,0.0,0.0
US_BPAT_Portland,2026-09-20T03:00Z,19.1,68,13.0,19.2,0.0,0,1013.6,5.6,15.4,349,11.2,1.0,0.0,1.0
US_CISO_LosAngeles,2026-09-20T03:00Z,21.5,76,17.0,23.1,0.0,2,1002.5,6.1,9.5,233,20.9,0.0,0.0,0.0
US_CISO_SanFrancisco,2026-09-20T03:00Z,16.1,81,12.9,15.2,0.0,98,1012.5,12.1,18.8,253,34.6,1.0,0.0,1.0
US_ERCO_Dallas,2026-09-20T03:00Z,31.6,36,14.8,31.6,0.0,30,997.6,10.7,19.9,148,22.7,0.0,0.0,0.0
US_ERCO_Houston,2026-09-20T03:00Z,28.6,66,21.6,32.0,0.0,2,1011.7,8.4,16.6,151,18.4,0.0,0.0,0.0
US_ISNE_Boston,2026-09-20T03:00Z,12.0,79,8.5,10.9,0.0,95,1022.0,4.9,12.8,158,12.6,0.0,0.0,0.0
US_MISO_Chicago,2026-09-20T03:00Z,20.8,96,20.1,24.2,0.9,62,982.7,3.1,8.3,147,20.5,0.0,0.0,0.0
US_NYIS_NewYork,2026-09-20T03:00Z,18.7,69,12.9,18.4,0.0,100,1018.1,8.5,16.5,127,20.5,0.0,0.0,0.0
US_PJM_Philadelphia,2026-09-20T03:00Z,18.6,83,15.6,19.2,0.0,63,1018.2,9.1,17.2,114,20.2,0.0,0.0,0.0
US_SWPP_OklahomaCity,2026-09-20T03:00Z,30.8,41,16.0,30.2,0.0,2,970.1,17.8,30.5,173,47.9,0.0,0.0,0.0
VN_DaNang,2026-09-20T03:00Z,28.4,79,24.5,33.8,0.4,69,1014.8,6.2,7.7,12,22.3,540.0,331.3,271.0
VN_HaNoi,2026-09-20T03:00Z,30.9,63,23.1,36.6,0.0,13,1014.6,5.0,6.9,41,15.8,690.0,679.4,168.0
VN_HoChiMinh,2026-09-20T03:00Z,28.2,82,24.9,34.6,0.1,99,1012.7,1.7,2.3,162,9.7,283.0,17.2,269.0
AT_Vienna,2026-09-20T04:00Z,13.6,80,10.3,13.1,0.0,4,1000.9,4.2,12.1,274,8.6,0.0,0.0,0.0
BE_Brussels,2026-09-20T04:00Z,17.1,88,15.1,16.2,0.0,100,1018.1,17.1,30.5,233,36.7,0.0,0.0,0.0
DE_Berlin,2026-09-20T04:00Z,16.2,70,10.7,14.3,0.0,100,1013.6,14.3,27.9,230,29.9,0.0,0.0,0.0
DE_Hamburg,2026-09-20T04:00Z,16.1,91,14.5,15.6,0.0,100,1013.3,13.3,25.1,244,28.4,0.0,0.0,0.0
DE_Munich,2026-09-20T04:00Z,12.6,84,9.9,11.3,0.0,57,963.2,9.0,17.8,243,17.6,0.0,0.0,0.0
ES_Madrid,2026-09-20T04:00Z,18.4,67,12.1,18.3,0.0,0,948.9,5.1,12.8,61,12.6,0.0,0.0,0.0
FR_Paris,2026-09-20T04:00Z,15.0,87,12.8,15.0,0.0,41,1018.9,6.2,16.4,266,12.2,0.0,0.0,0.0
NL_Amsterdam,2026-09-20T04:00Z,17.7,76,13.5,16.7,0.0,89,1016.5,14.6,29.2,266,34.6,0.0,0.0,0.0
PL_Warsaw,2026-09-20T04:00Z,14.1,77,10.2,12.4,0.0,23,1005.5,11.9,26.4,226,23.8,0.0,0.0,0.0
US_BPAT_Portland,2026-09-20T04:00Z,18.4,71,13.0,18.4,0.0,0,1013.8,5.8,16.0,346,11.9,0.0,0.0,0.0
US_CISO_LosAngeles,2026-09-20T04:00Z,21.0,80,17.4,23.0,0.0,4,1003.1,3.9,6.1,223,15.1,0.0,0.0,0.0
US_CISO_SanFrancisco,2026-09-20T04:00Z,16.1,80,12.7,15.1,0.0,100,1012.9,12.1,18.4,248,29.2,0.0,0.0,0.0
US_ERCO_Dallas,2026-09-20T04:00Z,30.6,40,15.6,30.7,0.0,31,997.7,12.4,22.9,154,26.3,0.0,0.0,0.0
US_ERCO_Houston,2026-09-20T04:00Z,28.0,69,21.8,31.7,0.0,0,1011.6,7.6,14.9,155,16.2,0.0,0.0,0.0
US_ISNE_Boston,2026-09-20T04:00Z,11.5,81,8.4,10.4,0.0,85,1021.9,5.4,13.0,179,11.2,0.0,0.0,0.0
US_MISO_Chicago,2026-09-20T04:00Z,20.6,94,19.6,23.6,1.5,100,983.0,4.1,9.3,112,13.7,0.0,0.0,0.0
US_NYIS_NewYork,2026-09-20T04:00Z,18.6,70,13.1,18.4,0.0,60,1017.8,7.9,15.6,128,19.1,0.0,0.0,0.0
US_PJM_Philadelphia,2026-09-20T04:00Z,18.5,83,15.5,18.8,0.0,98,1017.8,9.9,18.8,108,22.3,0.0,0.0,0.0
US_SWPP_OklahomaCity,2026-09-20T04:00Z,30.3,39,14.9,29.5,0.0,1,970.0,16.6,29.9,179,41.0,0.0,0.0,0.0
VN_DaNang,2026-09-20T04:00Z,29.1,77,24.6,35.8,0.3,59,1013.9,8.9,11.4,16,25.6,825.0,664.3,215.0
VN_HaNoi,2026-09-20T04:00Z,31.4,62,23.2,37.5,0.0,10,1014.0,5.8,7.7,54,17.6,768.0,651.7,194.0
VN_HoChiMinh,2026-09-20T04:00Z,29.1,78,24.8,35.4,0.0,91,1012.3,1.9,2.6,219,11.5,462.0,106.6,363.0
AT_Vienna,2026-09-20T05:00Z,13.7,80,10.3,13.1,0.0,48,1000.9,4.4,13.7,283,9.0,3.0,19.1,2.0
BE_Brussels,2026-09-20T05:00Z,16.9,91,15.4,16.2,0.4,100,1018.0,17.3,30.7,230,37.4,0.0,0.0,0.0
DE_Berlin,2026-09-20T05:00Z,15.8,74,11.1,14.0,0.0,100,1013.6,14.4,27.6,230,31.0,0.0,0.0,0.0
DE_Hamburg,2026-09-20T05:00Z,16.2,90,14.5,15.9,0.0,100,1013.2,12.0,22.4,245,27.0,0.0,0.0,0.0
DE_Munich,2026-09-20T05:00Z,12.6,84,9.9,11.2,0.0,38,963.1,8.9,18.1,245,17.3,0.0,0.0,0.0
ES_Madrid,2026-09-20T05:00Z,17.9,68,11.8,17.8,0.0,0,948.9,4.4,12.3,59,11.5,0.0,0.0,0.0
FR_Paris,2026-09-20T05:00Z,14.8,89,13.1,14.8,0.0,91,1019.0,6.8,17.1,271,13.3,0.0,0.0,0.0
NL_Amsterdam,2026-09-20T05:00Z,17.6,76,13.3,16.7,0.0,98,1016.6,13.3,27.1,275,31.0,0.0,0.0,0.0
PL_Warsaw,2026-09-20T05:00Z,14.1,77,10.1,12.4,0.0,13,1005.5,12.0,26.1,226,24.1,14.0,93.9,8.0
US_BPAT_Portland,2026-09-20T05:00Z,17.6,74,12.9,17.6,0.0,0,1013.7,6.2,15.7,343,12.2,0.0,0.0,0.0
US_CISO_LosAngeles,2026-09-20T05:00Z,20.5,84,17.7,22.9,0.0,2,1003.1,2.2,3.3,189,9.7,0.0,0.0,0.0
US_CISO_SanFrancisco,2026-09-20T05:00Z,15.8,83,12.9,14.9,0.0,100,1013.0,11.8,19.0,253,29.5,0.0,0.0,0.0
US_ERCO_Dallas,2026-09-20T05:00Z,29.9,45,16.7,30.3,0.0,2,997.9,12.9,24.1,159,27.7,0.0,0.0,0.0
US_ERCO_Houston,2026-09-20T05:00Z,27.5,71,21.8,31.4,0.0,0,1011.7,6.2,12.5,150,14.0,0.0,0.0,0.0
US_ISNE_Boston,2026-09-20T05:00Z,11.0,84,8.3,9.8,0.0,35,1021.4,4.9,12.7,187,10.8,0.0,0.0,0.0
US_MISO_Chicago,2026-09-20T05:00Z,20.8,95,20.0,23.9,0.0,100,982.7,5.0,10.8,120,9.0,0.0,0.0,0.0
US_NYIS_NewYork,2026-09-20T05:00Z,18.2,72,13.1,18.0,0.0,84,1017.5,7.5,16.4,129,18.0,0.0,0.0,0.0
US_PJM_Philadelphia,2026-09-20T05:00Z,18.4,82,15.4,18.8,0.0,100,1017.5,10.0,18.9,112,22.7,0.0,0.0,0.0
US_SWPP_OklahomaCity,2026-09-20T05:00Z,29.8,40,14.9,29.2,0.0,83,970.2,15.5,28.3,180,37.4,0.0,0.0,0.0
VN_DaNang,2026-09-20T05:00Z,29.3,76,24.6,35.8,0.3,68,1013.2,12.7,16.6,24,33.8,894.0,717.0,204.0
VN_HaNoi,2026-09-20T05:00Z,32.0,59,23.1,38.9,0.0,2,1012.9,5.1,6.8,58,17.6,881.0,749.8,181.0
VN_HoChiMinh,2026-09-20T05:00Z,29.9,74,24.8,36.5,0.0,91,1011.0,3.2,4.2,263,14.0,639.0,327.4,318.0
AT_Vienna,2026-09-20T06:00Z,15.0,77,10.9,14.4,0.0,98,1001.3,5.6,14.5,277,11.2,82.0,288.8,43.0
BE_Brussels,2026-09-20T06:00Z,16.9,92,15.7,16.4,0.3,100,1018.4,16.5,29.6,233,40.7,3.0,0.0,3.0
DE_Berlin,2026-09-20T06:00Z,15.7,78,11.8,14.2,0.1,96,1013.6,13.9,27.3,228,30.2,24.0,0.0,24.0
DE_Hamburg,2026-09-20T06:00Z,16.1,82,13.0,15.2,0.0,100,1013.7,12.3,23.0,236,26.6,20.0,72.3,14.0
DE_Munich,2026-09-20T06:00Z,13.3,81,10.2,11.9,0.0,51,964.0,9.7,20.5,245,17.6,47.0,238.2,23.0
ES_Madrid,2026-09-20T06:00Z,17.2,66,10.8,16.7,0.0,0,949.1,4.6,12.3,53,9.4,0.0,0.0,0.0
FR_Paris,2026-09-20T06:00Z,14.4,91,12.9,14.3,0.0,98,1019.7,7.2,17.5,275,15.5,4.0,19.1,3.0
NL_Amsterdam,2026-09-20T06:00Z,17.2,72,12.2,15.7,0.0,92,1017.3,15.0,29.2,282,29.9,4.0,0.0,4.0
PL_Warsaw,2026-09-20T06:00Z,15.4,73,10.6,13.8,0.0,98,1005.5,12.4,25.1,226,25.9,116.0,397.6,47.0
US_BPAT_Portland,2026-09-20T06:00Z,16.2,79,12.5,16.2,0.0,0,1013.7,5.1,12.2,335,12.6,0.0,0.0,0.0
US_CISO_LosAngeles,2026-09-20T06:00Z,20.1,86,17.6,22.7,0.0,31,1003.0,0.9,2.9,137,5.4,0.0,0.0,0.0
US_CISO_SanFrancisco,2026-09-20T06:00Z,15.3,84,12.6,14.4,0.0,99,1012.6,11.1,17.9,236,24.1,0.0,0.0,0.0
US_ERCO_Dallas,2026-09-20T06:00Z,28.2,54,17.9,29.1,0.0,1,998.1,13.0,23.9,159,28.1,0.0,0.0,0.0
US_ERCO_Houston,2026-09-20T06:00Z,25.8,81,22.2,29.9,0.0,0,1011.6,5.6,11.4,139,12.2,0.0,0.0,0.0
US_ISNE_Boston,2026-09-20T06:00Z,9.5,89,7.9,8.5,0.0,63,1021.6,3.4,11.0,186,10.8,0.0,0.0,0.0
US_MISO_Chicago,2026-09-20T06:00Z,20.9,98,20.6,23.4,0.1,100,982.5,11.1,19.8,191,8.6,0.0,0.0,0.0
US_NYIS_NewYork,2026-09-20T06:00Z,18.0,73,13.0,17.6,0.0,100,1017.2,9.1,18.2,123,18.0,0.0,0.0,0.0
US_PJM_Philadelphia,2026-09-20T06:00Z,18.4,84,15.7,18.5,0.0,100,1016.8,12.2,23.0,115,24.8,0.0,0.0,0.0
US_SWPP_OklahomaCity,2026-09-20T06:00Z,28.2,45,15.2,27.6,0.0,98,970.3,16.1,29.6,185,37.4,0.0,0.0,0.0
VN_DaNang,2026-09-20T06:00Z,28.6,79,24.6,34.8,0.0,95,1012.6,13.7,18.0,21,36.0,874.0,661.0,252.0
VN_HaNoi,2026-09-20T06:00Z,32.3,57,22.6,38.8,0.0,6,1012.3,5.7,7.5,79,16.6,886.0,783.1,163.0
VN_HoChiMinh,2026-09-20T06:00Z,29.5,75,24.6,37.1,0.2,98,1009.8,2.0,2.5,210,15.1,763.0,546.9,235.0
AT_Vienna,2026-09-20T07:00Z,17.4,74,12.7,17.5,0.0,84,1001.5,4.5,16.2,273,11.5,218.0,403.5,97.0
BE_Brussels,2026-09-20T07:00Z,16.8,96,16.2,16.4,1.7,100,1018.6,17.6,30.9,237,35.3,11.0,0.0,11.0
DE_Berlin,2026-09-20T07:00Z,17.6,72,12.5,16.3,0.0,56,1013.4,14.2,31.5,238,29.2,153.0,238.9,94.0
DE_Hamburg,2026-09-20T07:00Z,16.6,76,12.3,15.3,0.0,38,1013.6,13.5,24.6,237,28.1,84.0,162.9,50.0
DE_Munich,2026-09-20T07:00Z,15.7,73,10.8,14.8,0.0,29,964.7,7.4,18.6,248,19.1,190.0,506.7,64.0
ES_Madrid,2026-09-20T07:00Z,17.6,61,10.1,16.9,0.0,0,949.7,4.7,11.7,59,11.9,52.0,269.0,22.0
FR_Paris,2026-09-20T07:00Z,15.6,85,13.1,15.6,0.0,91,1020.2,6.4,18.0,268,15.8,91.0,306.4,47.0
NL_Amsterdam,2026-09-20T07:00Z,17.2,75,12.7,15.8,0.0,92,1017.6,15.3,28.5,278,32.8,77.0,130.1,56.0
PL_Warsaw,2026-09-20T07:00Z,16.8,72,11.7,15.8,0.0,86,1005.5,10.1,29.3,228,22.0,187.0,206.0,121.0
US_BPAT_Portland,2026-09-20T07:00Z,15.5,82,12.5,15.4,0.0,0,1013.7,5.4,13.4,336,13.0,0.0,0.0,0.0
US_CISO_LosAngeles,2026-09-20T07:00Z,20.2,85,17.6,22.8,0.0,88,1003.1,0.4,2.3,129,3.2,0.0,0.0,0.0
US_CISO_SanFrancisco,2026-09-20T07:00Z,15.1,86,12.8,14.4,0.0,98,1012.5,10.8,17.6,232,25.2,0.0,0.0,0.0
US_ERCO_Dallas,2026-09-20T07:00Z,27.9,56,18.3,29.1,0.0,57,998.2,12.8,23.1,165,28.4,0.0,0.0,0.0
US_ERCO_Houston,2026-09-20T07:00Z,25.5,84,22.6,30.3,0.0,0,1011.5,2.7,9.7,151,10.4,0.0,0.0,0.0
US_ISNE_Boston,2026-09-20T07:00Z,10.3,87,8.1,9.6,0.0,100,1021.3,1.7,10.1,164,6.5,0.0,0.0,0.0
US_MISO_Chicago,2026-09-20T07:00Z,20.9,98,20.6,24.3,2.6,98,981.5,4.8,10.5,184,25.9,0.0,0.0,0.0
US_NYIS_NewYork,2026-09-20T07:00Z,18.2,70,12.6,17.6,0.0,100,1016.2,9.6,18.8,119,21.6,0.0,0.0,0.0
US_PJM_Philadelphia,2026-09-20T07:00Z,18.6,85,16.0,18.9,0.2,100,1015.8,11.8,22.4,120,26.3,0.0,0.0,0.0
US_SWPP_OklahomaCity,2026-09-20T07:00Z,28.1,46,15.3,27.5,0.0,98,970.3,16.0,29.2,192,38.2,0.0,0.0,0.0
VN_DaNang,2026-09-20T07:00Z,27.7,81,24.2,32.3,2.6,88,1011.8,14.2,19.2,28,34.9,639.0,479.0,229.0
VN_HaNoi,2026-09-20T07:00Z,32.3,56,22.5,38.0,0.0,9,1011.3,5.9,7.8,99,17.3,777.0,699.7,182.0
VN_HoChiMinh,2026-09-20T07:00Z,29.9,74,24.8,36.0,0.0,99,1008.8,3.7,4.7,140,15.5,504.0,206.8,321.0
AT_Vienna,2026-09-20T08:00Z,20.2,65,13.5,20.6,0.0,0,1002.0,4.5,9.4,273,13.0,367.0,536.8,128.0
BE_Brussels,2026-09-20T08:00Z,17.0,97,16.5,16.8,1.7,100,1019.2,16.3,28.4,258,35.6,19.0,0.0,19.0
DE_Berlin,2026-09-20T08:00Z,19.2,67,13.0,17.9,0.0,35,1013.6,15.7,24.1,228,34.6,283.0,463.8,105.0
DE_Hamburg,2026-09-20T08:00Z,17.5,74,12.8,16.4,0.0,30,1013.4,13.3,22.8,231,28.8,258.0,467.0,96.0
DE_Munich,2026-09-20T08:00Z,18.1,63,10.9,17.4,0.0,27,965.3,6.8,11.5,247,18.0,351.0,667.2,83.0
ES_Madrid,2026-09-20T08:00Z,19.5,55,10.1,18.9,0.0,0,950.4,3.8,7.6,62,14.0,225.0,599.1,59.0
FR_Paris,2026-09-20T08:00Z,17.3,77,13.3,17.3,0.0,91,1020.5,7.5,12.6,265,19.8,219.0,360.3,109.0
NL_Amsterdam,2026-09-20T08:00Z,17.4,73,12.6,15.3,0.0,60,1018.4,19.8,31.9,279,44.3,189.0,262.2,108.0
PL_Warsaw,2026-09-20T08:00Z,18.1,68,12.0,17.1,0.0,99,1005.4,11.1,19.1,222,25.9,305.0,333.7,156.0
US_BPAT_Portland,2026-09-20T08:00Z,14.8,85,12.3,14.8,0.0,0,1014.1,4.8,12.6,346,11.2,0.0,0.0,0.0
US_CISO_LosAngeles,2026-09-20T08:00Z,20.0,86,17.5,22.6,0.0,95,1003.1,0.5,2.7,118,2.2,0.0,0.0,0.0
US_CISO_SanFrancisco,2026-09-20T08:00Z,14.7,90,13.1,13.8,0.0,99,1012.5,12.8,20.6,235,27.4,0.0,0.0,0.0
US_ERCO_Dallas,2026-09-20T08:00Z,27.6,58,18.6,28.9,0.0,98,998.0,12.8,23.2,173,28.4,0.0,0.0,0.0
US_ERCO_Houston,2026-09-20T08:00Z,25.4,86,22.8,30.6,0.0,0,1011.4,0.7,5.9,168,5.0,0.0,0.0,0.0
US_ISNE_Boston,2026-09-20T08:00Z,11.2,84,8.6,10.2,0.0,100,1020.8,4.1,11.8,146,7.2,0.0,0.0,0.0
US_MISO_Chicago,2026-09-20T08:00Z,20.3,99,20.2,23.9,1.5,100,981.2,2.7,4.9,280,7.6,0.0,0.0,0.0
US_NYIS_NewYork,2026-09-20T08:00Z,18.0,72,12.9,17.7,0.1,100,1015.5,7.6,15.5,118,22.0,0.0,0.0,0.0
US_PJM_Philadelphia,2026-09-20T08:00Z,19.0,84,16.1,19.3,0.0,100,1014.9,12.2,22.6,126,25.9,0.0,0.0,0.0
US_SWPP_OklahomaCity,2026-09-20T08:00Z,27.7,48,15.6,27.3,0.0,99,970.2,15.8,28.9,195,37.1,0.0,0.0,0.0
VN_DaNang,2026-09-20T08:00Z,27.8,82,24.4,32.1,0.3,98,1011.2,14.1,19.2,37,34.2,434.0,286.1,230.0
VN_HaNoi,2026-09-20T08:00Z,32.2,56,22.4,37.0,0.0,9,1010.4,5.3,7.1,105,16.9,628.0,672.2,144.0
VN_HoChiMinh,2026-09-20T08:00Z,27.4,84,24.4,32.6,1.3,100,1008.7,7.7,10.6,191,19.8,350.0,138.4,247.0
AT_Vienna,2026-09-20T09:00Z,22.2,58,13.6,22.2,0.0,77,1001.9,7.8,11.9,276,20.5,526.0,771.6,93.0
BE_Brussels,2026-09-20T09:00Z,17.1,95,16.3,16.9,1.5,100,1020.1,16.2,27.6,277,37.4,57.0,0.0,57.0
DE_Berlin,2026-09-20T09:00Z,20.3,64,13.2,18.7,0.0,98,1013.5,17.8,27.3,231,40.7,384.0,514.7,129.0
DE_Hamburg,2026-09-20T09:00Z,18.1,72,12.9,15.3,0.1,14,1013.4,24.9,39.4,262,53.3,397.0,644.5,99.0
DE_Munich,2026-09-20T09:00Z,19.8,53,9.9,18.7,0.0,17,965.8,7.3,10.9,261,20.9,497.0,762.9,94.0
ES_Madrid,2026-09-20T09:00Z,21.6,53,11.7,21.4,0.0,0,951.0,4.6,6.4,72,18.4,415.0,747.7,77.0
FR_Paris,2026-09-20T09:00Z,19.1,70,13.5,19.1,0.0,93,1021.0,7.4,11.2,269,22.0,371.0,534.5,132.0
NL_Amsterdam,2026-09-20T09:00Z,17.5,68,11.4,14.8,0.0,36,1019.3,21.1,33.6,280,49.7,353.0,517.8,127.0
PL_Warsaw,2026-09-20T09:00Z,17.7,67,11.5,16.3,0.0,100,1005.5,12.5,23.9,233,28.4,139.0,25.8,125.0
US_BPAT_Portland,2026-09-20T09:00Z,14.5,85,12.1,14.4,0.0,1,1014.2,4.9,13.5,351,10.8,0.0,0.0,0.0
US_CISO_LosAngeles,2026-09-20T09:00Z,19.5,88,17.5,22.1,0.0,74,1003.5,0.5,1.4,220,3.2,0.0,0.0,0.0
US_CISO_SanFrancisco,2026-09-20T09:00Z,14.7,90,13.1,13.6,0.0,100,1012.5,14.1,21.5,240,28.8,0.0,0.0,0.0
US_ERCO_Dallas,2026-09-20T09:00Z,27.4,58,18.4,28.5,0.0,64,997.9,13.3,24.0,183,28.8,0.0,0.0,0.0
US_ERCO_Houston,2026-09-20T09:00Z,25.0,86,22.5,30.0,0.0,0,1011.2,1.2,4.3,195,4.0,0.0,0.0,0.0
US_ISNE_Boston,2026-09-20T09:00Z,11.8,81,8.7,10.4,0.0,95,1019.7,7.1,15.0,135,13.7,0.0,0.0,0.0
US_MISO_Chicago,2026-09-20T09:00Z,20.4,99,20.3,23.9,3.3,100,981.5,3.5,6.0,139,15.8,0.0,0.0,0.0
US_NYIS_NewYork,2026-09-20T09:00Z,17.8,75,13.3,17.5,0.3,100,1014.8,8.8,17.1,108,18.7,0.0,0.0,0.0
US_PJM_Philadelphia,2026-09-20T09:00Z,19.2,83,16.2,19.7,0.0,100,1014.4,10.8,20.9,137,26.3,0.0,0.0,0.0
US_SWPP_OklahomaCity,2026-09-20T09:00Z,27.5,50,16.0,27.2,0.0,30,969.8,15.6,28.9,195,35.6,0.0,0.0,0.0
VN_DaNang,2026-09-20T09:00Z,27.1,86,24.5,32.1,0.6,100,1011.5,9.8,13.7,50,34.2,299.0,253.0,167.0
VN_HaNoi,2026-09-20T09:00Z,31.9,57,22.4,36.4,0.0,8,1009.8,4.4,6.2,111,14.4,435.0,569.3,127.0
VN_HoChiMinh,2026-09-20T09:00Z,26.6,90,24.8,32.7,2.1,100,1008.7,3.2,6.1,220,21.6,172.0,34.3,153.0
AT_Vienna,2026-09-20T10:00Z,23.4,52,12.8,23.1,0.0,53,1001.6,9.7,14.6,279,24.8,606.0,769.1,114.0
BE_Brussels,2026-09-20T10:00Z,17.5,84,14.7,16.3,0.0,100,1020.9,18.3,28.7,278,43.9,178.0,14.5,170.0
DE_Berlin,2026-09-20T10:00Z,19.9,66,13.5,18.2,0.0,99,1013.2,19.0,29.7,241,45.4,240.0,88.8,189.0
DE_Hamburg,2026-09-20T10:00Z,17.7,72,12.7,14.6,0.2,30,1013.9,27.3,42.7,264,59.0,437.0,579.2,120.0
DE_Munich,2026-09-20T10:00Z,21.2,47,9.5,20.2,0.0,51,965.5,8.3,11.9,259,23.0,605.0,818.2,98.0
ES_Madrid,2026-09-20T10:00Z,23.6,47,11.6,23.7,0.0,0,951.5,3.8,5.3,82,18.7,582.0,827.4,88.0
FR_Paris,2026-09-20T10:00Z,20.5,63,13.2,20.2,0.0,88,1021.4,8.8,12.8,268,25.2,446.0,420.1,211.0
NL_Amsterdam,2026-09-20T10:00Z,17.7,64,10.7,14.7,0.0,66,1019.8,21.9,35.0,282,48.6,463.0,624.1,129.0
PL_Warsaw,2026-09-20T10:00Z,19.3,62,12.0,17.9,0.0,99,1005.2,13.6,22.1,239,30.6,303.0,84.5,252.0
US_BPAT_Portland,2026-09-20T10:00Z,14.2,87,12.0,13.9,0.0,5,1014.3,5.8,13.8,353,12.6,0.0,0.0,0.0
US_CISO_LosAngeles,2026-09-20T10:00Z,19.0,90,17.4,21.4,0.0,100,1003.0,1.8,3.7,23,5.0,0.0,0.0,0.0
US_CISO_SanFrancisco,2026-09-20T10:00Z,14.7,90,13.1,13.5,0.0,98,1012.3,14.7,22.8,249,29.9,0.0,0.0,0.0
US_ERCO_Dallas,2026-09-20T10:00Z,27.0,58,18.1,28.2,0.0,94,997.8,11.8,21.5,191,28.8,0.0,0.0,0.0
US_ERCO_Houston,2026-09-20T10:00Z,24.3,91,22.7,29.1,0.0,0,1011.2,2.9,3.1,242,6.5,0.0,0.0,0.0
US_ISNE_Boston,2026-09-20T10:00Z,11.9,82,8.9,10.4,0.0,84,1019.2,8.4,17.2,142,16.9,0.0,0.0,0.0
US_MISO_Chicago,2026-09-20T10:00Z,20.2,100,20.1,23.7,6.9,100,982.0,2.7,8.4,195,16.2,0.0,0.0,0.0
US_NYIS_NewYork,2026-09-20T10:00Z,18.0,75,13.5,18.0,0.1,100,1014.5,7.0,15.7,117,19.1,0.0,0.0,0.0
US_PJM_Philadelphia,2026-09-20T10:00Z,19.3,84,16.5,19.9,0.2,100,1014.1,11.2,21.8,140,23.8,0.0,0.0,0.0
US_SWPP_OklahomaCity,2026-09-20T10:00Z,27.2,51,16.1,27.0,0.0,34,969.7,15.2,28.4,197,34.9,0.0,0.0,0.0
VN_DaNang,2026-09-20T10:00Z,26.1,91,24.6,31.0,1.4,98,1011.7,10.5,15.7,51,27.7,93.0,37.3,82.0
VN_HaNoi,2026-09-20T10:00Z,31.3,63,23.5,36.7,0.0,2,1009.5,2.9,5.2,149,10.8,230.0,442.3,86.0
VN_HoChiMinh,2026-09-20T10:00Z,26.8,90,25.0,33.0,0.7,100,1009.0,4.0,6.3,207,10.8,85.0,43.1,71.0
AT_Vienna,2026-09-20T11:00Z,24.2,47,12.1,23.7,0.0,83,1001.2,11.2,16.9,271,28.1,647.0,783.0,118.0
BE_Brussels,2026-09-20T11:00Z,18.3,74,13.5,17.0,0.0,98,1021.1,16.9,25.7,283,45.4,327.0,150.8,234.0
DE_Berlin,2026-09-20T11:00Z,19.8,69,13.8,18.2,0.3,100,1012.9,19.2,30.4,245,43.2,214.0,78.1,166.0
DE_Hamburg,2026-09-20T11:00Z,17.3,64,10.5,13.7,0.4,95,1014.2,25.6,39.4,272,67.7,424.0,485.0,135.0
DE_Munich,2026-09-20T11:00Z,22.2,44,9.4,21.2,0.0,86,965.2,10.2,14.7,262,27.0,663.0,834.7,104.0
ES_Madrid,2026-09-20T11:00Z,25.5,40,11.0,26.3,0.0,0,951.6,3.4,4.5,88,18.7,705.0,870.3,94.0
FR_Paris,2026-09-20T11:00Z,22.8,55,13.2,22.3,0.0,98,1021.4,11.2,16.3,275,30.6,572.0,652.5,158.0
NL_Amsterdam,2026-09-20T11:00Z,17.7,62,10.4,14.5,0.0,55,1020.6,22.6,36.2,286,50.0,519.0,631.7,141.0
PL_Warsaw,2026-09-20T11:00Z,20.0,58,11.5,18.4,0.0,100,1004.6,13.6,21.7,241,33.5,319.0,89.8,263.0
US_BPAT_Portland,2026-09-20T11:00Z,13.7,89,12.0,13.3,0.0,4,1014.2,7.1,14.6,351,15.1,0.0,0.0,0.0
US_CISO_LosAngeles,2026-09-20T11:00Z,18.8,91,17.3,21.2,0.0,100,1002.6,0.7,3.9,74,4.0,0.0,0.0,0.0
US_CISO_SanFrancisco,2026-09-20T11:00Z,14.8,90,13.2,13.8,0.0,84,1011.8,13.3,21.4,255,30.2,0.0,0.0,0.0
US_ERCO_Dallas,2026-09-20T11:00Z,26.6,60,18.3,28.1,0.0,49,997.5,10.7,19.7,192,25.2,0.0,0.0,0.0
US_ERCO_Houston,2026-09-20T11:00Z,23.8,94,22.7,28.6,0.0,0,1011.2,3.6,2.4,306,7.2,0.0,0.0,0.0
US_ISNE_Boston,2026-09-20T11:00Z,11.9,86,9.5,10.7,0.0,100,1019.5,7.3,15.8,148,16.2,6.0,16.5,5.0
US_MISO_Chicago,2026-09-20T11:00Z,20.2,99,20.1,22.9,2.5,100,981.9,8.2,14.8,317,16.9,0.0,0.0,0.0
US_NYIS_NewYork,2026-09-20T11:00Z,18.0,79,14.2,18.0,0.4,100,1014.5,8.9,17.9,124,16.9,0.0,0.0,0.0
US_PJM_Philadelphia,2026-09-20T11:00Z,19.4,86,17.0,20.0,0.7,100,1014.1,12.4,23.5,148,24.5,0.0,0.0,0.0
US_SWPP_OklahomaCity,2026-09-20T11:00Z,26.9,51,16.1,27.0,0.0,99,969.9,13.3,24.9,202,34.2,0.0,0.0,0.0
VN_DaNang,2026-09-20T11:00Z,26.0,96,25.2,32.0,1.2,100,1012.2,5.4,9.6,53,23.4,17.0,8.9,16.0
VN_HaNoi,2026-09-20T11:00Z,29.7,74,24.6,35.6,0.0,0,1009.6,3.3,8.4,164,7.2,48.0,170.1,26.0
VN_HoChiMinh,2026-09-20T11:00Z,26.7,90,25.0,33.0,0.2,100,1009.8,2.9,6.1,225,10.4,21.0,47.3,15.0
AT_Vienna,2026-09-20T12:00Z,25.0,42,11.3,23.9,0.0,22,1000.5,12.4,18.7,268,31.3,607.0,658.9,168.0
BE_Brussels,2026-09-20T12:00Z,18.3,68,12.4,16.6,0.0,100,1022.1,16.9,25.7,296,43.6,466.0,295.8,276.0
DE_Berlin,2026-09-20T12:00Z,20.0,64,13.0,18.2,0.0,23,1012.8,18.8,28.8,239,46.8,172.0,63.5,133.0
DE_Hamburg,2026-09-20T12:00Z,16.3,73,11.5,13.8,0.4,84,1015.1,20.4,32.5,275,58.3,272.0,190.1,157.0
DE_Munich,2026-09-20T12:00Z,23.2,42,9.5,22.1,0.0,92,964.6,10.8,15.4,265,30.6,652.0,757.0,141.0
ES_Madrid,2026-09-20T12:00Z,26.8,35,9.9,27.7,0.0,0,951.2,3.6,4.8,79,19.8,775.0,892.1,97.0
FR_Paris,2026-09-20T12:00Z,21.6,64,14.5,21.3,0.0,100,1021.8,11.7,17.4,281,33.1,465.0,308.8,259.0
NL_Amsterdam,2026-09-20T12:00Z,17.4,64,10.4,14.2,0.0,32,1022.0,22.8,36.5,295,51.5,480.0,479.4,182.0
PL_Warsaw,2026-09-20T12:00Z,20.1,57,11.2,18.1,0.1,100,1004.0,16.2,27.4,240,32.0,198.0,14.9,189.0
US_BPAT_Portland,2026-09-20T12:00Z,13.3,92,12.0,13.0,0.0,52,1014.5,6.3,13.4,354,17.3,0.0,0.0,0.0
US_CISO_LosAngeles,2026-09-20T12:00Z,18.5,92,17.2,20.8,0.0,100,1002.7,1.7,7.2,109,2.5,0.0,0.0,0.0
US_CISO_SanFrancisco,2026-09-20T12:00Z,14.3,91,12.9,13.6,0.0,98,1011.9,10.9,16.5,233,32.8,0.0,0.0,0.0
US_ERCO_Dallas,2026-09-20T12:00Z,26.2,66,19.3,28.2,0.0,78,998.1,10.2,19.4,202,22.7,0.0,0.0,0.0
US_ERCO_Houston,2026-09-20T12:00Z,22.8,97,22.2,27.2,0.0,84,1011.5,3.8,1.4,23,9.0,0.0,0.0,0.0
US_ISNE_Boston,2026-09-20T12:00Z,13.1,84,10.5,12.3,0.0,94,1019.3,7.0,16.6,150,16.9,47.0,22.6,43.0
US_MISO_Chicago,2026-09-20T12:00Z,19.9,95,19.0,20.5,1.3,100,983.6,18.8,30.0,28,35.6,1.0,0.0,1.0
US_NYIS_NewYork,2026-09-20T12:00Z,17.5,91,16.0,18.2,1.7,100,1014.8,8.8,20.2,139,20.9,12.0,0.0,12.0
US_PJM_Philadelphia,2026-09-20T12:00Z,19.3,87,17.0,19.8,0.1,100,1014.3,13.4,26.2,151,32.0,19.0,0.0,19.0
US_SWPP_OklahomaCity,2026-09-20T12:00Z,24.8,64,17.6,25.4,0.0,85,970.2,14.3,28.2,206,28.8,0.0,0.0,0.0
VN_DaNang,2026-09-20T12:00Z,25.6,94,24.6,30.3,0.6,100,1012.6,11.9,18.4,50,13.3,0.0,0.0,0.0
VN_HaNoi,2026-09-20T12:00Z,29.6,79,25.5,36.3,0.0,6,1010.2,2.1,7.1,142,7.9,0.0,0.0,0.0
VN_HoChiMinh,2026-09-20T12:00Z,26.7,89,24.8,32.4,0.5,100,1010.2,6.3,11.2,244,9.4,0.0,0.0,0.0
AT_Vienna,2026-09-20T13:00Z,25.2,41,10.9,23.5,0.0,62,999.8,14.1,22.0,266,33.5,580.0,782.2,101.0
BE_Brussels,2026-09-20T13:00Z,18.4,61,10.6,15.8,0.0,97,1022.7,18.5,27.7,302,44.6,273.0,73.6,227.0
DE_Berlin,2026-09-20T13:00Z,21.5,52,11.1,18.5,0.1,95,1012.3,22.3,34.3,254,50.4,527.0,736.1,105.0
DE_Hamburg,2026-09-20T13:00Z,16.1,72,11.0,13.2,0.1,43,1015.4,22.2,34.7,276,56.9,360.0,320.9,176.0
DE_Munich,2026-09-20T13:00Z,23.6,41,9.7,22.0,0.0,87,964.1,12.1,17.6,271,30.2,597.0,703.7,150.0
ES_Madrid,2026-09-20T13:00Z,28.3,28,8.1,28.5,0.0,0,950.8,5.5,7.3,81,22.3,785.0,898.5,96.0
FR_Paris,2026-09-20T13:00Z,22.1,63,14.8,21.9,0.0,100,1021.7,12.3,18.0,282,31.3,276.0,87.0,219.0
NL_Amsterdam,2026-09-20T13:00Z,17.4,61,9.8,14.2,0.0,26,1022.4,21.4,34.5,294,50.0,499.0,589.9,143.0
PL_Warsaw,2026-09-20T13:00Z,20.7,55,11.3,18.8,0.0,8,1003.3,15.5,24.6,240,40.0,355.0,223.6,234.0
US_BPAT_Portland,2026-09-20T13:00Z,13.1,93,12.0,12.6,0.0,100,1014.4,7.0,12.8,349,16.6,0.0,0.0,0.0
US_CISO_LosAngeles,2026-09-20T13:00Z,18.8,90,17.1,21.2,0.0,99,1003.3,0.7,1.4,203,3.6,0.0,0.0,0.0
US_CISO_SanFrancisco,2026-09-20T13:00Z,14.5,90,12.8,13.6,0.0,99,1012.3,11.6,17.8,228,25.2,0.0,0.0,0.0
US_ERCO_Dallas,2026-09-20T13:00Z,26.5,68,20.0,29.0,0.0,98,998.4,8.8,16.6,192,22.3,24.0,61.0,18.0
US_ERCO_Houston,2026-09-20T13:00Z,24.0,91,22.5,28.5,0.0,84,1012.0,4.9,5.6,40,11.2,40.0,160.4,22.0
US_ISNE_Boston,2026-09-20T13:00Z,14.8,77,10.9,13.9,0.0,100,1019.1,7.7,12.7,145,18.7,199.0,187.5,132.0
US_MISO_Chicago,2026-09-20T13:00Z,19.6,93,18.5,19.7,0.4,99,983.4,20.6,32.7,35,40.7,30.0,0.0,30.0
US_NYIS_NewYork,2026-09-20T13:00Z,18.2,92,16.8,18.9,1.6,100,1014.3,11.6,24.1,153,23.0,37.0,0.0,37.0
US_PJM_Philadelphia,2026-09-20T13:00Z,19.4,89,17.6,20.4,0.6,100,1014.1,12.1,22.7,152,28.1,32.0,0.0,32.0
US_SWPP_OklahomaCity,2026-09-20T13:00Z,24.9,66,18.1,26.3,0.0,70,970.3,10.2,26.6,207,32.4,15.0,33.0,12.0
VN_DaNang,2026-09-20T13:00Z,25.9,94,24.9,32.1,2.7,100,1013.3,2.7,6.2,83,21.2,0.0,0.0,0.0
VN_HaNoi,2026-09-20T13:00Z,28.3,81,24.8,33.9,0.0,1,1010.9,7.0,15.3,165,12.2,0.0,0.0,0.0
VN_HoChiMinh,2026-09-20T13:00Z,26.6,91,25.0,32.9,0.0,99,1011.0,2.7,7.7,271,13.3,0.0,0.0,0.0
AT_Vienna,2026-09-20T14:00Z,24.9,43,11.3,23.3,0.0,94,998.9,13.2,21.6,262,33.1,459.0,662.7,116.0
BE_Brussels,2026-09-20T14:00Z,18.5,57,9.9,16.1,0.0,49,1022.9,16.1,24.1,301,43.9,381.0,280.9,222.0
DE_Berlin,2026-09-20T14:00Z,18.6,72,13.4,16.9,0.5,99,1012.3,19.2,30.3,239,54.4,317.0,305.8,166.0
DE_Hamburg,2026-09-20T14:00Z,15.3,68,9.5,11.6,0.2,44,1016.2,23.9,38.4,284,59.0,320.0,387.0,125.0
DE_Munich,2026-09-20T14:00Z,23.4,40,9.0,21.1,0.0,93,963.4,14.1,21.3,273,33.1,465.0,530.0,172.0
ES_Madrid,2026-09-20T14:00Z,29.2,26,7.6,28.8,0.0,0,950.4,6.0,8.2,82,23.0,734.0,887.6,93.0
FR_Paris,2026-09-20T14:00Z,22.3,64,15.2,22.1,0.2,87,1021.4,13.1,19.3,294,33.5,242.0,71.7,199.0
NL_Amsterdam,2026-09-20T14:00Z,17.3,59,9.3,13.9,0.0,41,1023.0,22.1,35.6,299,50.0,500.0,730.1,102.0
PL_Warsaw,2026-09-20T14:00Z,21.2,52,11.1,18.9,0.0,63,1002.9,18.2,29.5,237,42.1,389.0,680.6,87.0
US_BPAT_Portland,2026-09-20T14:00Z,12.8,94,11.9,12.4,0.0,100,1014.5,6.8,11.5,351,17.3,0.0,0.0,0.0
US_CISO_LosAngeles,2026-09-20T14:00Z,18.7,90,17.1,20.6,0.0,100,1003.7,3.7,4.5,317,8.3,2.0,0.0,2.0
US_CISO_SanFrancisco,2026-09-20T14:00Z,14.6,89,12.7,13.7,0.0,99,1012.7,12.0,18.5,238,27.0,0.0,0.0,0.0
US_ERCO_Dallas,2026-09-20T14:00Z,27.5,66,20.6,30.2,0.0,96,998.5,9.7,14.9,182,23.8,123.0,112.2,94.0
US_ERCO_Houston,2026-09-20T14:00Z,26.5,81,23.0,31.5,0.0,75,1012.2,3.5,6.8,27,12.2,212.0,459.5,80.0
US_ISNE_Boston,2026-09-20T14:00Z,15.3,74,10.7,14.6,0.0,100,1018.9,6.5,9.7,149,19.8,154.0,19.5,144.0
US_MISO_Chicago,2026-09-20T14:00Z,19.9,89,18.1,20.3,0.0,100,983.2,17.1,25.3,50,43.6,146.0,55.5,127.0
US_NYIS_NewYork,2026-09-20T14:00Z,18.5,91,17.0,19.2,1.2,100,1013.5,12.1,24.6,155,24.5,59.0,0.0,59.0
US_PJM_Philadelphia,2026-09-20T14:00Z,19.9,89,18.0,21.1,0.7,100,1013.6,11.2,21.2,164,24.1,50.0,0.0,50.0
US_SWPP_OklahomaCity,2026-09-20T14:00Z,26.5,60,18.2,28.4,0.0,71,970.7,7.7,13.0,233,23.0,162.0,392.3,67.0
VN_DaNang,2026-09-20T14:00Z,25.9,93,24.7,31.8,0.7,100,1013.7,4.2,5.3,298,11.9,0.0,0.0,0.0
VN_HaNoi,2026-09-20T14:00Z,27.5,81,23.8,32.1,0.0,0,1011.8,9.0,19.8,163,17.3,0.0,0.0,0.0
VN_HoChiMinh,2026-09-20T14:00Z,26.6,91,25.0,32.8,0.0,100,1011.7,3.5,7.9,283,7.9,0.0,0.0,0.0
AT_Vienna,2026-09-20T15:00Z,23.9,47,12.0,22.7,0.0,80,998.4,12.2,22.6,264,30.2,273.0,309.0,153.0
BE_Brussels,2026-09-20T15:00Z,18.1,56,9.2,15.5,0.0,30,1023.7,16.3,24.3,314,40.0,412.0,639.3,112.0
DE_Berlin,2026-09-20T15:00Z,17.9,81,14.5,17.2,0.1,42,1012.4,14.3,25.2,256,42.5,76.0,0.0,76.0
DE_Hamburg,2026-09-20T15:00Z,14.8,73,10.0,11.8,0.5,9,1016.8,20.3,33.7,284,54.0,270.0,411.6,105.0
DE_Munich,2026-09-20T15:00Z,22.8,40,8.5,20.2,0.0,100,963.3,14.6,23.2,269,33.8,323.0,396.6,151.0
ES_Madrid,2026-09-20T15:00Z,29.5,25,7.6,28.6,0.0,0,950.1,4.9,6.9,85,22.7,624.0,853.7,87.0
FR_Paris,2026-09-20T15:00Z,22.8,63,15.5,22.9,0.0,100,1021.6,12.2,17.9,298,32.8,374.0,432.8,156.0
NL_Amsterdam,2026-09-20T15:00Z,17.0,62,9.5,13.9,0.0,20,1023.9,20.2,32.1,298,48.6,367.0,583.8,104.0
PL_Warsaw,2026-09-20T15:00Z,20.7,57,11.7,18.8,0.0,100,1002.3,16.3,28.1,240,41.4,245.0,511.1,83.0
US_BPAT_Portland,2026-09-20T15:00Z,13.0,93,12.0,12.7,0.0,100,1014.6,6.3,9.4,355,16.6,20.0,0.0,20.0
US_CISO_LosAngeles,2026-09-20T15:00Z,18.9,89,17.0,20.7,0.0,98,1003.9,4.3,5.9,333,13.3,69.0,90.7,54.0
US_CISO_SanFrancisco,2026-09-20T15:00Z,15.0,86,12.6,14.0,0.0,100,1012.9,12.2,17.5,233,28.8,37.0,24.3,34.0
US_ERCO_Dallas,2026-09-20T15:00Z,29.5,60,20.9,32.3,0.0,67,998.4,10.7,15.6,195,28.8,349.0,466.1,136.0
US_ERCO_Houston,2026-09-20T15:00Z,28.8,70,22.8,33.7,0.0,89,1012.4,2.9,4.0,8,13.7,424.0,659.6,101.0
US_ISNE_Boston,2026-09-20T15:00Z,15.6,72,10.7,14.9,0.1,100,1018.7,6.5,9.5,141,16.6,161.0,42.5,134.0
US_MISO_Chicago,2026-09-20T15:00Z,20.2,86,17.8,20.3,0.1,100,983.5,18.6,28.0,61,42.1,166.0,49.7,141.0
US_NYIS_NewYork,2026-09-20T15:00Z,19.1,89,17.3,19.4,0.9,100,1013.0,15.7,28.4,156,32.8,109.0,4.8,106.0
US_PJM_Philadelphia,2026-09-20T15:00Z,20.7,88,18.7,22.0,0.6,100,1013.3,13.5,24.2,184,25.6,67.0,0.0,67.0
US_SWPP_OklahomaCity,2026-09-20T15:00Z,28.8,51,17.8,30.6,0.0,55,971.2,6.6,10.1,224,20.2,298.0,431.7,110.0
VN_DaNang,2026-09-20T15:00Z,25.5,95,24.7,31.4,1.7,99,1013.6,4.1,5.2,266,12.2,0.0,0.0,0.0
VN_HaNoi,2026-09-20T15:00Z,26.9,79,22.9,31.0,0.0,0,1012.4,8.3,19.3,166,16.9,0.0,0.0,0.0
VN_HoChiMinh,2026-09-20T15:00Z,26.5,92,25.1,33.0,0.7,100,1012.0,1.7,5.3,294,8.3,0.0,0.0,0.0
AT_Vienna,2026-09-20T16:00Z,22.7,52,12.2,21.7,0.0,78,998.0,10.9,23.4,270,27.0,165.0,411.1,69.0
BE_Brussels,2026-09-20T16:00Z,17.3,56,8.4,14.9,0.0,51,1024.4,13.5,20.3,312,38.9,270.0,536.0,87.0
DE_Berlin,2026-09-20T16:00Z,18.7,57,10.1,15.6,0.1,100,1013.0,20.8,35.1,297,44.6,144.0,278.5,76.0
DE_Hamburg,2026-09-20T16:00Z,14.8,74,10.2,11.6,0.2,20,1017.5,22.4,37.0,286,46.8,196.0,475.3,67.0
DE_Munich,2026-09-20T16:00Z,21.4,47,9.5,19.4,0.0,99,963.3,12.8,23.6,270,33.1,116.0,42.0,104.0
ES_Madrid,2026-09-20T16:00Z,29.6,25,7.2,28.5,0.0,0,950.0,2.4,3.5,78,19.8,467.0,790.0,77.0
FR_Paris,2026-09-20T16:00Z,22.3,66,15.6,22.4,0.2,97,1022.1,12.1,18.4,305,31.0,164.0,114.8,121.0
NL_Amsterdam,2026-09-20T16:00Z,16.6,63,9.6,14.1,0.0,17,1024.6,16.7,29.1,297,46.8,243.0,475.5,88.0
PL_Warsaw,2026-09-20T16:00Z,17.6,76,13.2,16.3,0.7,100,1001.8,15.7,27.7,245,35.6,30.0,0.0,30.0
US_BPAT_Portland,2026-09-20T16:00Z,13.6,90,12.1,13.4,0.0,100,1014.4,5.4,7.5,349,16.6,76.0,0.0,76.0
US_CISO_LosAngeles,2026-09-20T16:00Z,20.5,77,16.4,22.6,0.0,100,1003.8,0.6,0.6,304,13.3,233.0,313.6,117.0
US_CISO_SanFrancisco,2026-09-20T16:00Z,15.6,81,12.3,14.5,0.0,100,1012.8,12.2,16.7,242,32.0,168.0,142.5,125.0
US_ERCO_Dallas,2026-09-20T16:00Z,31.3,54,20.8,34.1,0.0,96,998.3,9.7,13.8,206,28.4,493.0,492.9,185.0
US_ERCO_Houston,2026-09-20T16:00Z,30.3,64,22.6,35.6,0.0,80,1012.2,1.9,2.3,32,13.7,609.0,738.7,122.0
US_ISNE_Boston,2026-09-20T16:00Z,16.1,68,10.3,15.0,0.0,100,1017.9,8.0,11.8,130,19.4,161.0,5.6,157.0
US_MISO_Chicago,2026-09-20T16:00Z,20.6,83,17.7,20.7,0.4,100,983.5,18.1,27.2,63,44.3,268.0,81.0,217.0
US_NYIS_NewYork,2026-09-20T16:00Z,19.9,82,16.8,20.1,0.1,100,1012.1,14.7,27.6,159,34.2,76.0,0.0,76.0
US_PJM_Philadelphia,2026-09-20T16:00Z,21.7,88,19.5,23.2,0.3,100,1012.4,14.1,24.8,186,30.2,101.0,0.0,101.0
US_SWPP_OklahomaCity,2026-09-20T16:00Z,31.0,44,17.2,32.4,0.0,88,971.1,7.5,10.7,217,24.1,523.0,653.6,131.0
VN_DaNang,2026-09-20T16:00Z,25.1,98,24.7,30.3,0.2,98,1013.2,9.0,13.7,257,16.9,0.0,0.0,0.0
VN_HaNoi,2026-09-20T16:00Z,26.3,80,22.6,30.5,0.0,0,1012.5,7.3,17.6,186,15.8,0.0,0.0,0.0
VN_HoChiMinh,2026-09-20T16:00Z,26.1,95,25.3,32.5,1.0,100,1011.7,3.7,8.4,305,7.9,0.0,0.0,0.0
AT_Vienna,2026-09-20T17:00Z,21.1,57,12.1,20.0,0.0,98,997.6,11.4,26.1,271,23.8,30.0,97.2,21.0
BE_Brussels,2026-09-20T17:00Z,16.4,62,9.1,14.7,0.0,17,1025.1,9.8,17.6,313,34.9,138.0,439.6,54.0
DE_Berlin,2026-09-20T17:00Z,16.3,62,8.9,12.6,0.0,39,1014.6,23.3,38.9,304,55.8,23.0,39.6,19.0
DE_Hamburg,2026-09-20T17:00Z,14.2,77,10.3,11.6,0.1,34,1018.4,18.3,31.5,279,47.2,67.0,281.5,32.0
DE_Munich,2026-09-20T17:00Z,20.1,52,9.9,18.2,0.0,99,963.2,12.7,25.4,269,27.4,43.0,91.4,32.0
ES_Madrid,2026-09-20T17:00Z,29.4,24,6.9,28.3,0.0,0,950.1,1.8,2.3,23,14.0,280.0,666.9,63.0
FR_Paris,2026-09-20T17:00Z,21.8,66,15.1,22.0,0.0,95,1022.4,10.4,16.0,306,29.2,139.0,276.7,78.0
NL_Amsterdam,2026-09-20T17:00Z,15.9,67,9.7,13.9,0.0,23,1025.1,12.9,25.9,299,35.6,126.0,427.4,49.0
PL_Warsaw,2026-09-20T17:00Z,15.9,91,14.4,14.8,1.2,100,1001.5,16.7,30.1,239,31.7,1.0,0.0,1.0
US_BPAT_Portland,2026-09-20T17:00Z,14.6,85,12.1,14.4,0.0,99,1014.3,5.6,7.7,342,16.9,166.0,23.4,156.0
US_CISO_LosAngeles,2026-09-20T17:00Z,22.5,67,16.0,24.0,0.0,99,1003.8,3.1,4.5,173,16.2,412.0,362.0,213.0
US_CISO_SanFrancisco,2026-09-20T17:00Z,16.1,77,12.1,14.8,0.0,100,1012.8,13.0,17.3,237,33.5,312.0,232.8,200.0
US_ERCO_Dallas,2026-09-20T17:00Z,32.3,49,20.4,35.2,0.0,97,998.0,7.9,11.0,204,27.7,458.0,202.5,306.0
US_ERCO_Houston,2026-09-20T17:00Z,31.6,58,22.3,37.7,0.0,100,1011.7,2.1,2.6,106,14.4,754.0,789.1,135.0
US_ISNE_Boston,2026-09-20T17:00Z,15.9,71,10.6,14.8,0.2,100,1017.4,9.1,13.4,129,20.9,141.0,4.0,138.0
US_MISO_Chicago,2026-09-20T17:00Z,19.7,93,18.5,20.2,2.0,100,983.5,17.5,26.5,55,41.4,87.0,0.0,87.0
US_NYIS_NewYork,2026-09-20T17:00Z,21.0,76,16.7,20.6,0.2,100,1011.3,18.6,30.5,164,42.8,186.0,5.2,182.0
US_PJM_Philadelphia,2026-09-20T17:00Z,22.7,86,20.2,25.0,0.1,100,1011.6,11.3,19.7,184,32.4,150.0,0.0,150.0
US_SWPP_OklahomaCity,2026-09-20T17:00Z,32.8,39,16.9,34.9,0.0,55,970.8,6.4,9.1,214,24.1,656.0,667.3,173.0
VN_DaNang,2026-09-20T17:00Z,25.3,96,24.7,31.2,0.4,95,1012.4,4.2,7.7,261,16.9,0.0,0.0,0.0
VN_HaNoi,2026-09-20T17:00Z,25.9,82,22.5,30.1,0.0,0,1011.9,6.4,16.5,198,13.7,0.0,0.0,0.0
VN_HoChiMinh,2026-09-20T17:00Z,26.0,95,25.1,32.4,1.6,100,1011.0,2.7,6.8,297,7.2,0.0,0.0,0.0
AT_Vienna,2026-09-20T18:00Z,21.0,57,12.3,19.8,0.0,100,997.7,12.8,27.7,269,25.6,0.0,0.0,0.0
BE_Brussels,2026-09-20T18:00Z,14.8,66,8.5,13.1,0.0,20,1026.1,9.1,19.1,317,21.2,20.0,125.0,11.0
DE_Berlin,2026-09-20T18:00Z,15.3,62,8.2,11.8,0.0,5,1015.6,20.4,35.3,298,50.0,0.0,0.0,0.0
DE_Hamburg,2026-09-20T18:00Z,14.2,76,9.9,11.3,0.1,22,1019.2,19.5,34.2,282,39.6,3.0,19.1,2.0
DE_Munich,2026-09-20T18:00Z,20.0,53,10.1,17.8,0.1,91,963.8,14.8,28.4,275,28.8,1.0,0.0,1.0
ES_Madrid,2026-09-20T18:00Z,28.5,26,6.9,27.2,0.0,0,949.8,3.1,5.5,349,10.1,93.0,430.4,34.0
FR_Paris,2026-09-20T18:00Z,20.9,64,14.0,20.8,0.0,98,1023.2,9.8,18.0,314,26.6,17.0,11.6,16.0
NL_Amsterdam,2026-09-20T18:00Z,14.9,68,9.0,13.2,0.0,41,1026.2,10.1,23.0,303,28.1,17.0,104.1,10.0
PL_Warsaw,2026-09-20T18:00Z,15.9,86,13.5,14.2,0.0,100,1001.5,19.3,34.9,242,38.9,0.0,0.0,0.0
US_BPAT_Portland,2026-09-20T18:00Z,16.3,79,12.6,16.5,0.0,34,1014.6,4.0,5.3,348,17.6,309.0,193.6,201.0
US_CISO_LosAngeles,2026-09-20T18:00Z,23.8,62,16.2,25.1,0.0,98,1004.7,5.8,7.8,154,19.8,563.0,450.4,251.0
US_CISO_SanFrancisco,2026-09-20T18:00Z,15.4,78,11.6,14.2,0.0,100,1013.4,11.7,15.3,239,34.2,280.0,20.7,267.0
US_ERCO_Dallas,2026-09-20T18:00Z,35.1,41,19.8,37.6,0.0,99,997.2,9.5,13.2,182,25.6,583.0,365.6,281.0
US_ERCO_Houston,2026-09-20T18:00Z,32.9,52,21.7,38.8,0.1,34,1011.2,3.9,5.1,170,18.0,811.0,734.2,182.0
US_ISNE_Boston,2026-09-20T18:00Z,15.9,74,11.3,15.1,0.4,100,1016.9,8.1,12.4,123,24.1,135.0,1.4,134.0
US_MISO_Chicago,2026-09-20T18:00Z,19.7,93,18.6,21.4,2.5,100,984.3,10.0,16.3,55,34.9,116.0,1.3,115.0
US_NYIS_NewYork,2026-09-20T18:00Z,20.4,86,18.0,21.3,0.9,100,1011.2,13.5,24.8,173,40.7,153.0,1.3,152.0
US_PJM_Philadelphia,2026-09-20T18:00Z,23.0,86,20.5,25.5,0.6,100,1011.4,10.8,18.8,187,27.4,190.0,3.9,187.0
US_SWPP_OklahomaCity,2026-09-20T18:00Z,33.2,35,15.8,34.3,0.0,100,970.9,13.4,17.8,160,22.7,745.0,743.4,151.0
VN_DaNang,2026-09-20T18:00Z,24.9,99,24.8,30.8,0.7,100,1012.3,5.0,5.1,262,11.2,0.0,0.0,0.0
VN_HaNoi,2026-09-20T18:00Z,26.1,83,23.0,30.8,0.0,0,1011.6,5.2,12.6,200,11.9,0.0,0.0,0.0
VN_HoChiMinh,2026-09-20T18:00Z,26.2,93,24.9,32.4,0.7,100,1010.6,3.1,5.8,330,7.6,0.0,0.0,0.0
AT_Vienna,2026-09-20T19:00Z,20.6,61,12.8,19.7,0.0,95,997.8,11.5,26.4,275,25.6,0.0,0.0,0.0
BE_Brussels,2026-09-20T19:00Z,14.2,69,8.6,12.7,0.0,55,1026.9,7.0,16.4,310,17.6,0.0,0.0,0.0
DE_Berlin,2026-09-20T19:00Z,14.6,65,8.1,11.1,0.0,3,1016.5,20.3,35.6,288,42.8,0.0,0.0,0.0
DE_Hamburg,2026-09-20T19:00Z,13.9,78,10.1,11.1,0.0,28,1020.0,19.4,34.2,279,41.4,0.0,0.0,0.0
DE_Munich,2026-09-20T19:00Z,19.0,56,10.1,17.3,0.0,98,964.6,11.6,22.8,307,30.2,0.0,0.0,0.0
ES_Madrid,2026-09-20T19:00Z,27.5,27,6.9,26.2,0.0,0,949.9,2.9,6.5,182,6.5,1.0,0.0,1.0
FR_Paris,2026-09-20T19:00Z,20.7,63,13.4,20.4,0.0,63,1023.6,9.0,15.9,328,20.9,0.0,0.0,0.0
NL_Amsterdam,2026-09-20T19:00Z,14.7,68,8.9,13.2,0.0,98,1026.8,8.0,22.0,301,20.2,0.0,0.0,0.0
PL_Warsaw,2026-09-20T19:00Z,16.1,82,13.0,14.2,0.0,100,1001.1,19.1,34.1,246,41.4,0.0,0.0,0.0
US_BPAT_Portland,2026-09-20T19:00Z,18.2,72,13.1,18.6,0.0,3,1013.8,3.6,5.1,352,16.6,513.0,451.2,219.0
US_CISO_LosAngeles,2026-09-20T19:00Z,25.4,56,15.9,27.0,0.0,98,1004.0,6.3,8.4,157,22.7,634.0,485.4,251.0
US_CISO_SanFrancisco,2026-09-20T19:00Z,16.1,75,11.7,14.5,0.0,100,1013.6,14.1,18.7,237,37.1,444.0,152.7,332.0
US_ERCO_Dallas,2026-09-20T19:00Z,35.5,40,19.8,38.3,0.1,96,996.6,9.0,12.4,182,27.4,626.0,354.8,326.0
US_ERCO_Houston,2026-09-20T19:00Z,34.5,45,21.0,39.9,0.1,50,1010.2,4.3,5.8,158,19.8,818.0,771.5,146.0
US_ISNE_Boston,2026-09-20T19:00Z,16.0,77,11.9,15.1,0.1,100,1016.1,9.9,14.7,121,23.0,124.0,0.0,124.0
US_MISO_Chicago,2026-09-20T19:00Z,19.6,94,18.6,21.1,3.2,100,984.6,11.7,18.7,45,22.3,64.0,0.0,64.0
US_NYIS_NewYork,2026-09-20T19:00Z,20.4,90,18.7,21.9,1.1,100,1010.7,11.6,21.1,178,28.8,130.0,1.4,129.0
US_PJM_Philadelphia,2026-09-20T19:00Z,23.7,83,20.6,26.5,0.6,80,1010.9,8.7,14.5,205,24.5,181.0,22.6,165.0
US_SWPP_OklahomaCity,2026-09-20T19:00Z,27.0,71,21.2,30.5,2.9,98,971.4,6.9,14.3,208,46.1,221.0,7.3,215.0
VN_DaNang,2026-09-20T19:00Z,25.0,99,24.7,30.6,1.9,100,1011.1,6.0,8.4,304,15.8,0.0,0.0,0.0
VN_HaNoi,2026-09-20T19:00Z,25.4,87,23.0,30.3,0.0,0,1011.0,3.8,10.9,202,9.4,0.0,0.0,0.0
VN_HoChiMinh,2026-09-20T19:00Z,25.8,96,25.1,32.1,1.3,100,1009.7,3.6,6.9,340,7.2,0.0,0.0,0.0
AT_Vienna,2026-09-20T20:00Z,20.0,65,13.3,19.5,0.0,95,998.1,11.0,25.6,286,24.5,0.0,0.0,0.0
BE_Brussels,2026-09-20T20:00Z,13.5,72,8.6,12.3,0.0,44,1027.4,5.4,13.5,297,14.0,0.0,0.0,0.0
DE_Berlin,2026-09-20T20:00Z,14.1,67,8.1,10.7,0.0,2,1017.1,19.9,35.0,284,42.8,0.0,0.0,0.0
DE_Hamburg,2026-09-20T20:00Z,13.7,78,9.9,10.9,0.0,33,1020.5,18.8,33.5,278,41.0,0.0,0.0,0.0
DE_Munich,2026-09-20T20:00Z,16.4,70,10.9,14.9,0.2,100,965.9,12.1,22.4,305,29.9,0.0,0.0,0.0
ES_Madrid,2026-09-20T20:00Z,26.8,27,6.2,24.7,0.0,0,950.3,7.1,16.0,183,16.6,0.0,0.0,0.0
FR_Paris,2026-09-20T20:00Z,18.9,64,11.9,17.7,0.0,44,1024.7,11.7,19.1,356,27.7,0.0,0.0,0.0
NL_Amsterdam,2026-09-20T20:00Z,14.5,69,8.9,13.0,0.0,95,1027.4,7.7,22.0,299,16.6,0.0,0.0,0.0
PL_Warsaw,2026-09-20T20:00Z,15.8,83,12.9,13.9,0.2,100,1000.9,19.4,34.1,255,42.1,0.0,0.0,0.0
US_BPAT_Portland,2026-09-20T20:00Z,20.9,62,13.4,22.1,0.0,5,1013.0,5.1,6.9,351,19.1,690.0,831.0,107.0
US_CISO_LosAngeles,2026-09-20T20:00Z,26.8,50,15.5,28.5,0.0,97,1003.2,7.7,10.6,170,25.9,723.0,543.1,271.0
US_CISO_SanFrancisco,2026-09-20T20:00Z,16.4,74,11.8,14.9,0.0,98,1013.0,13.6,18.1,257,38.2,473.0,168.6,340.0
US_ERCO_Dallas,2026-09-20T20:00Z,35.8,39,19.8,38.7,0.1,95,995.4,7.6,10.6,183,28.4,593.0,336.6,321.0
US_ERCO_Houston,2026-09-20T20:00Z,34.6,44,20.6,39.2,0.1,73,1008.9,4.8,6.6,164,20.2,738.0,734.4,131.0
US_ISNE_Boston,2026-09-20T20:00Z,16.3,79,12.7,15.6,0.1,100,1015.0,10.7,16.2,127,25.2,143.0,5.5,140.0
US_MISO_Chicago,2026-09-20T20:00Z,19.5,92,18.1,19.9,0.7,100,984.3,17.4,26.0,43,34.6,117.0,0.0,117.0
US_NYIS_NewYork,2026-09-20T20:00Z,20.9,88,18.8,22.9,0.2,100,1009.7,8.5,16.1,184,24.5,92.0,6.8,88.0
US_PJM_Philadelphia,2026-09-20T20:00Z,24.5,78,20.4,27.3,0.5,100,1010.2,8.9,13.7,231,23.4,307.0,223.7,172.0
US_SWPP_OklahomaCity,2026-09-20T20:00Z,29.1,57,19.6,31.7,1.2,100,969.7,6.9,11.0,249,19.8,348.0,132.2,244.0
VN_DaNang,2026-09-20T20:00Z,24.5,100,24.4,30.0,2.6,100,1011.1,5.6,6.9,265,14.0,0.0,0.0,0.0
VN_HaNoi,2026-09-20T20:00Z,25.2,87,22.9,30.2,0.0,0,1010.5,2.7,8.7,207,6.8,0.0,0.0,0.0
VN_HoChiMinh,2026-09-20T20:00Z,25.6,97,25.1,31.9,0.5,53,1009.3,3.5,7.0,350,7.6,0.0,0.0,0.0
AT_Vienna,2026-09-20T21:00Z,19.5,67,13.2,19.1,0.0,91,998.3,10.0,23.8,289,23.0,0.0,0.0,0.0
BE_Brussels,2026-09-20T21:00Z,13.0,74,8.5,11.8,0.0,94,1027.6,5.5,13.1,282,11.2,0.0,0.0,0.0
DE_Berlin,2026-09-20T21:00Z,13.7,71,8.5,10.4,0.0,8,1017.7,19.6,34.7,283,42.1,0.0,0.0,0.0
DE_Hamburg,2026-09-20T21:00Z,13.3,80,9.9,10.4,0.2,35,1020.5,19.5,34.5,277,40.7,0.0,0.0,0.0
DE_Munich,2026-09-20T21:00Z,15.6,77,11.7,14.2,0.3,100,966.3,13.3,25.0,292,27.4,0.0,0.0,0.0
ES_Madrid,2026-09-20T21:00Z,25.7,29,6.2,23.8,0.0,0,950.7,6.2,15.6,174,14.8,0.0,0.0,0.0
FR_Paris,2026-09-20T21:00Z,17.2,68,11.2,16.3,0.0,43,1025.2,8.5,16.0,359,27.0,0.0,0.0,0.0
NL_Amsterdam,2026-09-20T21:00Z,14.6,68,8.7,13.1,0.0,86,1027.8,7.4,21.8,297,15.5,0.0,0.0,0.0
PL_Warsaw,2026-09-20T21:00Z,14.3,95,13.6,12.6,1.2,99,1000.9,19.5,33.7,288,47.2,0.0,0.0,0.0
US_BPAT_Portland,2026-09-20T21:00Z,22.8,55,13.4,23.9,0.0,2,1012.3,5.8,8.1,354,20.5,696.0,846.0,100.0
US_CISO_LosAngeles,2026-09-20T21:00Z,28.1,45,15.0,29.6,0.0,91,1002.4,8.1,11.2,186,26.3,730.0,582.3,253.0
US_CISO_SanFrancisco,2026-09-20T21:00Z,16.8,73,11.9,15.4,0.0,100,1012.8,14.5,19.6,248,38.9,579.0,331.0,317.0
US_ERCO_Dallas,2026-09-20T21:00Z,36.4,37,19.4,39.1,0.0,91,994.4,6.3,8.8,184,24.8,566.0,438.6,252.0
US_ERCO_Houston,2026-09-20T21:00Z,34.3,44,20.4,38.0,0.4,48,1008.2,6.3,8.5,152,22.3,648.0,683.1,152.0
US_ISNE_Boston,2026-09-20T21:00Z,16.3,84,13.5,16.1,0.1,100,1014.5,8.7,14.3,145,24.8,65.0,5.0,63.0
US_MISO_Chicago,2026-09-20T21:00Z,19.3,87,17.1,18.6,0.3,100,984.1,21.5,31.5,41,50.4,160.0,8.8,155.0
US_NYIS_NewYork,2026-09-20T21:00Z,21.2,88,19.2,23.7,0.7,100,1009.1,6.5,12.6,194,18.7,83.0,11.3,78.0
US_PJM_Philadelphia,2026-09-20T21:00Z,24.0,86,21.5,27.6,0.4,86,1009.7,6.8,11.8,234,21.2,94.0,0.0,94.0
US_SWPP_OklahomaCity,2026-09-20T21:00Z,29.3,53,18.8,31.2,0.0,73,969.0,9.3,14.1,215,22.3,237.0,15.7,226.0
VN_DaNang,2026-09-20T21:00Z,24.4,99,24.3,29.6,1.5,100,1011.1,7.7,10.7,282,18.0,0.0,0.0,0.0
VN_HaNoi,2026-09-20T21:00Z,25.2,87,22.9,30.5,0.0,0,1010.2,0.5,5.1,216,4.7,0.0,0.0,0.0
VN_HoChiMinh,2026-09-20T21:00Z,25.2,98,24.9,31.1,0.2,30,1008.9,5.2,8.8,343,10.4,0.0,0.0,0.0
AT_Vienna,2026-09-20T22:00Z,19.4,61,11.8,18.0,0.0,98,998.8,13.2,27.5,304,27.0,0.0,0.0,0.0
BE_Brussels,2026-09-20T22:00Z,12.6,76,8.5,11.3,0.0,94,1027.9,6.4,13.3,268,12.2,0.0,0.0,0.0
DE_Berlin,2026-09-20T22:00Z,13.3,73,8.6,10.0,0.0,13,1017.9,19.7,34.7,278,41.8,0.0,0.0,0.0
DE_Hamburg,2026-09-20T22:00Z,13.5,79,9.9,10.4,0.1,30,1021.0,20.7,36.4,280,42.8,0.0,0.0,0.0
DE_Munich,2026-09-20T22:00Z,15.2,84,12.4,14.0,0.4,100,967.1,13.3,23.8,314,27.7,0.0,0.0,0.0
ES_Madrid,2026-09-20T22:00Z,24.1,32,6.2,22.3,0.0,0,951.3,5.7,12.6,163,18.4,0.0,0.0,0.0
FR_Paris,2026-09-20T22:00Z,16.2,73,11.3,15.6,0.0,24,1025.5,6.4,13.9,357,18.4,0.0,0.0,0.0
NL_Amsterdam,2026-09-20T22:00Z,14.4,68,8.5,12.9,0.0,98,1028.2,7.2,22.0,297,14.8,0.0,0.0,0.0
PL_Warsaw,2026-09-20T22:00Z,13.6,92,12.3,11.8,0.2,100,1001.4,17.0,29.2,294,39.2,0.0,0.0,0.0
US_BPAT_Portland,2026-09-20T22:00Z,24.3,49,13.1,24.9,0.0,1,1011.2,6.7,9.3,350,21.2,648.0,843.9,91.0
US_CISO_LosAngeles,2026-09-20T22:00Z,28.4,46,15.7,29.9,0.0,95,1001.6,8.7,11.6,202,27.4,696.0,644.6,212.0
US_CISO_SanFrancisco,2026-09-20T22:00Z,16.8,73,12.0,15.2,0.0,100,1012.3,14.5,19.5,252,40.3,477.0,207.9,323.0
US_ERCO_Dallas,2026-09-20T22:00Z,36.8,35,18.8,39.7,0.0,100,994.0,1.7,3.1,177,23.0,471.0,500.3,183.0
US_ERCO_Houston,2026-09-20T22:00Z,33.7,48,21.1,37.1,0.2,28,1008.0,6.8,9.6,142,22.3,445.0,560.1,122.0
US_ISNE_Boston,2026-09-20T22:00Z,16.5,85,13.9,16.4,0.0,100,1014.1,9.1,16.2,144,19.1,40.0,8.9,38.0
US_MISO_Chicago,2026-09-20T22:00Z,19.0,85,16.3,17.8,0.4,100,984.5,23.0,33.2,43,56.9,159.0,54.9,136.0
US_NYIS_NewYork,2026-09-20T22:00Z,21.3,90,19.6,24.1,0.2,100,1008.9,5.4,11.2,191,13.0,57.0,7.5,55.0
US_PJM_Philadelphia,2026-09-20T22:00Z,23.9,87,21.7,27.8,0.4,55,1009.5,5.7,10.2,238,18.0,139.0,236.7,72.0
US_SWPP_OklahomaCity,2026-09-20T22:00Z,30.3,45,17.2,31.6,0.0,48,969.3,8.0,12.0,204,26.6,374.0,449.1,120.0
VN_DaNang,2026-09-20T22:00Z,24.3,99,24.1,29.5,0.9,100,1011.4,6.1,9.4,296,17.6,0.0,0.0,0.0
VN_HaNoi,2026-09-20T22:00Z,24.9,89,22.9,30.3,0.0,0,1010.2,0.6,2.6,245,2.2,0.0,0.0,0.0
VN_HoChiMinh,2026-09-20T22:00Z,24.7,96,24.0,30.1,0.2,61,1008.9,4.6,9.9,339,10.8,0.0,0.0,0.0
AT_Vienna,2026-09-20T23:00Z,18.8,61,11.2,16.8,0.1,100,999.5,16.0,29.3,317,32.0,0.0,0.0,0.0
BE_Brussels,2026-09-20T23:00Z,12.0,78,8.3,10.7,0.0,99,1028.2,6.1,12.7,257,12.6,0.0,0.0,0.0
DE_Berlin,2026-09-20T23:00Z,13.0,74,8.6,9.7,0.0,13,1017.9,19.9,35.1,276,42.1,0.0,0.0,0.0
DE_Hamburg,2026-09-20T23:00Z,13.4,79,9.9,10.3,0.1,52,1021.2,21.0,37.1,282,43.9,0.0,0.0,0.0
DE_Munich,2026-09-20T23:00Z,14.9,87,12.7,14.3,0.0,100,967.4,9.7,17.1,316,27.4,0.0,0.0,0.0
ES_Madrid,2026-09-20T23:00Z,22.8,34,5.9,21.3,0.0,0,951.5,3.1,9.2,147,13.3,0.0,0.0,0.0
FR_Paris,2026-09-20T23:00Z,15.3,78,11.4,14.9,0.0,7,1025.8,5.2,12.9,9,13.7,0.0,0.0,0.0
NL_Amsterdam,2026-09-20T23:00Z,14.9,65,8.4,13.4,0.0,98,1028.1,7.1,21.0,293,14.8,0.0,0.0,0.0
PL_Warsaw,2026-09-20T23:00Z,12.9,93,11.8,11.4,0.5,100,1001.6,13.9,24.8,286,36.0,0.0,0.0,0.0
US_BPAT_Portland,2026-09-20T23:00Z,25.2,46,12.7,24.7,0.0,0,1010.5,9.0,12.9,347,24.5,547.0,812.2,83.0
US_CISO_LosAngeles,2026-09-20T23:00Z,25.7,57,16.6,25.9,0.0,97,1001.4,14.5,20.7,229,36.0,384.0,213.7,249.0
US_CISO_SanFrancisco,2026-09-20T23:00Z,16.5,77,12.4,15.4,0.0,100,1011.6,12.3,16.5,252,37.8,388.0,143.8,296.0
US_ERCO_Dallas,2026-09-20T23:00Z,29.7,60,21.0,32.2,3.3,100,994.7,13.0,19.5,159,34.6,208.0,199.2,129.0
US_ERCO_Houston,2026-09-20T23:00Z,33.1,49,20.8,36.0,0.0,53,1007.9,9.5,13.7,145,24.5,291.0,535.4,83.0
US_ISNE_Boston,2026-09-20T23:00Z,16.3,87,14.1,16.4,0.0,100,1014.1,8.7,16.1,143,19.1,4.0,0.0,4.0
US_MISO_Chicago,2026-09-20T23:00Z,18.6,86,16.3,17.3,0.2,100,985.1,23.4,35.3,48,57.2,59.0,8.2,57.0
US_NYIS_NewYork,2026-09-20T23:00Z,20.9,92,19.6,24.0,0.0,98,1008.9,3.3,9.9,182,9.7,12.0,0.0,12.0
US_PJM_Philadelphia,2026-09-20T23:00Z,22.9,90,21.3,27.1,0.2,100,1009.7,2.4,8.2,244,11.5,37.0,148.7,20.0
US_SWPP_OklahomaCity,2026-09-20T23:00Z,30.5,46,17.7,32.7,0.0,21,969.4,4.1,6.7,216,19.8,318.0,574.4,92.0
VN_DaNang,2026-09-20T23:00Z,24.4,99,24.2,29.9,4.1,100,1011.7,4.6,7.9,313,15.8,2.0,0.0,2.0
VN_HaNoi,2026-09-20T23:00Z,24.6,94,23.6,30.3,0.0,0,1010.6,0.8,0.4,243,2.5,2.0,0.0,2.0
VN_HoChiMinh,2026-09-20T23:00Z,24.9,97,24.3,30.4,0.0,59,1009.1,5.0,9.4,324,9.4,2.0,0.0,2.0
AT_Vienna,2026-09-21T00:00Z,16.1,74,11.5,13.9,1.4,87,1000.9,18.1,31.4,320,41.4,0.0,0.0,0.0
BE_Brussels,2026-09-21T00:00Z,11.2,81,8.1,9.6,0.0,100,1028.3,7.4,13.6,264,15.5,0.0,0.0,0.0
DE_Berlin,2026-09-21T00:00Z,12.9,76,8.8,9.8,0.0,34,1018.5,18.9,33.5,274,42.8,0.0,0.0,0.0
DE_Hamburg,2026-09-21T00:00Z,13.4,80,10.1,10.6,0.1,38,1021.4,19.2,33.6,282,43.6,0.0,0.0,0.0
DE_Munich,2026-09-21T00:00Z,13.2,83,10.5,12.1,0.0,100,967.7,8.8,15.2,319,20.9,0.0,0.0,0.0
ES_Madrid,2026-09-21T00:00Z,22.0,42,8.5,21.5,0.0,0,951.2,0.6,5.5,131,7.6,0.0,0.0,0.0
FR_Paris,2026-09-21T00:00Z,14.3,83,11.4,13.8,0.0,30,1025.7,5.9,13.8,14,11.2,0.0,0.0,0.0
NL_Amsterdam,2026-09-21T00:00Z,13.0,81,9.8,12.1,0.0,70,1028.2,5.4,17.3,289,13.7,0.0,0.0,0.0
PL_Warsaw,2026-09-21T00:00Z,12.0,94,11.0,10.1,0.1,45,1002.2,15.1,27.4,281,30.2,0.0,0.0,0.0
US_BPAT_Portland,2026-09-21T00:00Z,25.2,47,13.2,24.7,0.0,0,1010.1,10.2,15.0,346,26.6,404.0,742.7,74.0
US_CISO_LosAngeles,2026-09-21T00:00Z,24.6,60,16.3,25.0,0.0,0,1001.6,11.7,16.5,236,36.7,216.0,112.7,163.0
US_CISO_SanFrancisco,2026-09-21T00:00Z,15.5,80,12.0,14.4,0.0,100,1011.5,11.4,15.0,241,36.4,202.0,46.4,179.0
US_ERCO_Dallas,2026-09-21T00:00Z,29.1,61,20.9,32.2,3.2,100,996.3,8.1,13.8,238,33.8,44.0,0.0,44.0
US_ERCO_Houston,2026-09-21T00:00Z,31.3,58,22.1,34.3,0.0,64,1008.7,13.0,20.5,149,26.6,105.0,321.4,49.0
US_ISNE_Boston,2026-09-21T00:00Z,15.9,91,14.4,15.9,0.1,100,1014.6,10.1,18.9,132,18.7,0.0,0.0,0.0
US_MISO_Chicago,2026-09-21T00:00Z,18.2,85,15.7,16.8,0.0,100,986.1,22.8,35.7,55,54.0,8.0,0.0,8.0
US_NYIS_NewYork,2026-09-21T00:00Z,20.3,94,19.2,23.1,0.0,100,1009.5,4.4,3.3,13,5.8,0.0,0.0,0.0
US_PJM_Philadelphia,2026-09-21T00:00Z,22.1,96,21.5,26.2,2.9,99,1010.1,3.6,11.1,217,14.8,0.0,0.0,0.0
US_SWPP_OklahomaCity,2026-09-21T00:00Z,30.7,41,15.8,30.9,0.0,23,969.5,11.6,18.5,137,10.4,136.0,440.8,50.0
VN_DaNang,2026-09-21T00:00Z,25.4,96,24.6,30.8,1.2,100,1012.9,7.0,10.0,21,12.6,37.0,0.0,37.0
VN_HaNoi,2026-09-21T00:00Z,26.2,87,23.8,31.7,0.0,0,1011.1,3.1,5.2,16,7.2,100.0,309.5,48.0
VN_HoChiMinh,2026-09-21T00:00Z,25.9,93,24.8,31.4,0.0,34,1009.7,7.7,11.8,339,16.6,114.0,309.2,56.0
AT_Vienna,2026-09-21T01:00Z,15.4,70,10.0,12.7,0.0,41,1001.6,17.9,31.3,325,40.0,0.0,0.0,0.0
BE_Brussels,2026-09-21T01:00Z,11.2,80,7.9,9.6,0.0,64,1028.1,7.3,16.0,258,14.8,0.0,0.0,0.0
DE_Berlin,2026-09-21T01:00Z,12.7,77,8.7,9.5,0.0,38,1018.6,19.6,34.7,276,41.8,0.0,0.0,0.0
DE_Hamburg,2026-09-21T01:00Z,13.0,80,9.7,10.2,0.1,66,1021.8,18.6,33.2,289,42.5,0.0,0.0,0.0
DE_Munich,2026-09-21T01:00Z,12.9,85,10.4,11.8,0.3,100,967.6,8.2,13.3,305,19.4,0.0,0.0,0.0
ES_Madrid,2026-09-21T01:00Z,21.5,35,5.4,20.0,0.0,11,951.2,2.3,6.6,107,5.4,0.0,0.0,0.0
FR_Paris,2026-09-21T01:00Z,13.7,86,11.4,13.4,0.0,69,1025.5,4.7,11.9,18,11.9,0.0,0.0,0.0
NL_Amsterdam,2026-09-21T01:00Z,13.4,78,9.5,12.3,0.0,65,1028.2,6.2,19.6,285,11.2,0.0,0.0,0.0
PL_Warsaw,2026-09-21T01:00Z,11.7,93,10.5,9.5,0.0,18,1002.1,15.8,29.1,281,33.5,0.0,0.0,0.0
US_BPAT_Portland,2026-09-21T01:00Z,24.3,51,13.4,23.7,0.0,0,1009.8,11.0,17.0,339,25.9,235.0,611.8,59.0
US_CISO_LosAngeles,2026-09-21T01:00Z,23.1,64,16.0,23.5,0.0,0,1001.9,11.2,16.3,238,29.9,230.0,620.4,58.0
US_CISO_SanFrancisco,2026-09-21T01:00Z,15.2,82,12.2,13.9,0.0,100,1011.5,13.6,18.8,242,33.5,100.0,9.4,97.0
US_ERCO_Dallas,2026-09-21T01:00Z,28.7,64,21.1,32.0,0.5,100,996.3,8.0,10.8,3,18.0,2.0,0.0,2.0
US_ERCO_Houston,2026-09-21T01:00Z,30.3,65,23.0,34.1,0.0,97,1009.0,11.4,18.2,157,29.5,3.0,18.6,2.0
US_ISNE_Boston,2026-09-21T01:00Z,16.1,91,14.6,16.4,0.0,100,1014.6,8.0,16.0,128,19.8,0.0,0.0,0.0
US_MISO_Chicago,2026-09-21T01:00Z,18.2,85,15.6,16.5,0.1,100,986.1,24.2,37.2,63,51.8,0.0,0.0,0.0
US_NYIS_NewYork,2026-09-21T01:00Z,20.1,95,19.2,22.5,0.5,100,1009.8,7.2,13.4,7,13.0,0.0,0.0,0.0
US_PJM_Philadelphia,2026-09-21T01:00Z,22.0,96,21.2,26.2,4.3,98,1010.5,1.9,4.2,260,6.5,0.0,0.0,0.0
US_SWPP_OklahomaCity,2026-09-21T01:00Z,27.8,54,17.5,29.4,0.0,77,970.0,7.4,17.1,142,24.8,9.0,45.1,6.0
VN_DaNang,2026-09-21T01:00Z,25.3,94,24.3,31.0,3.8,100,1013.3,4.2,6.3,72,15.1,44.0,0.0,44.0
VN_HaNoi,2026-09-21T01:00Z,27.8,77,23.5,33.3,0.0,0,1011.3,1.5,2.9,30,9.0,311.0,537.8,97.0
VN_HoChiMinh,2026-09-21T01:00Z,27.0,87,24.7,32.4,0.1,52,1010.7,7.7,11.0,320,21.6,311.0,464.9,111.0
AT_Vienna,2026-09-21T02:00Z,14.4,71,9.3,11.5,0.0,1,1001.7,18.5,32.7,322,41.4,0.0,0.0,0.0
BE_Brussels,2026-09-21T02:00Z,10.7,81,7.5,8.9,0.0,87,1028.0,7.7,16.4,257,14.8,0.0,0.0,0.0
DE_Berlin,2026-09-21T02:00Z,12.5,77,8.6,9.3,0.0,47,1018.6,19.1,33.8,275,41.8,0.0,0.0,0.0
DE_Hamburg,2026-09-21T02:00Z,12.5,83,9.7,9.8,0.5,52,1021.8,17.7,31.9,294,40.7,0.0,0.0,0.0
DE_Munich,2026-09-21T02:00Z,12.5,91,11.0,11.5,0.7,100,967.6,8.8,14.9,308,19.4,0.0,0.0,0.0
ES_Madrid,2026-09-21T02:00Z,20.7,37,5.6,19.2,0.0,0,951.1,3.0,8.8,116,6.5,0.0,0.0,0.0
FR_Paris,2026-09-21T02:00Z,13.0,89,11.3,12.5,0.0,28,1025.8,6.4,13.8,26,13.3,0.0,0.0,0.0
NL_Amsterdam,2026-09-21T02:00Z,13.6,74,9.1,12.3,0.0,75,1028.0,6.7,20.8,290,12.6,0.0,0.0,0.0
PL_Warsaw,2026-09-21T02:00Z,11.3,91,10.0,8.9,0.0,10,1002.2,16.8,30.7,277,35.6,0.0,0.0,0.0
US_BPAT_Portland,2026-09-21T02:00Z,22.3,59,14.0,22.3,0.0,0,1009.9,8.8,18.5,336,24.8,72.0,367.1,28.0
US_CISO_LosAngeles,2026-09-21T02:00Z,21.7,70,16.0,22.6,0.0,0,1002.2,7.3,11.1,230,27.7,42.0,211.9,19.0
US_CISO_SanFrancisco,2026-09-21T02:00Z,15.0,85,12.5,13.4,0.0,96,1011.6,16.0,22.7,247,37.4,43.0,22.7,40.0
US_ERCO_Dallas,2026-09-21T02:00Z,28.3,64,20.8,31.0,0.0,97,996.8,11.1,16.7,41,31.0,0.0,0.0,0.0
US_ERCO_Houston,2026-09-21T02:00Z,29.7,70,23.7,34.2,0.0,84,1009.7,9.4,15.6,172,25.6,0.0,0.0,0.0
US_ISNE_Boston,2026-09-21T02:00Z,16.1,92,14.8,16.6,0.1,100,1014.4,7.2,14.7,131,15.5,0.0,0.0,0.0
US_MISO_Chicago,2026-09-21T02:00Z,18.3,83,15.4,16.8,0.1,100,986.8,23.1,36.6,68,52.2,0.0,0.0,0.0
US_NYIS_NewYork,2026-09-21T02:00Z,19.9,97,19.4,22.4,0.4,100,1010.0,7.5,15.7,16,14.4,0.0,0.0,0.0
US_PJM_Philadelphia,2026-09-21T02:00Z,21.7,97,21.1,25.4,6.4,100,1010.7,4.6,5.2,356,11.2,0.0,0.0,0.0
US_SWPP_OklahomaCity,2026-09-21T02:00Z,26.7,61,18.5,29.3,0.0,23,970.6,3.8,11.8,137,15.5,0.0,0.0,0.0
VN_DaNang,2026-09-21T02:00Z,25.6,90,23.9,30.9,1.9,100,1013.5,5.1,7.4,359,11.2,93.0,1.5,92.0
VN_HaNoi,2026-09-21T02:00Z,29.5,69,23.2,35.0,0.0,0,1011.8,0.5,0.7,76,9.0,531.0,671.9,126.0
VN_HoChiMinh,2026-09-21T02:00Z,28.2,80,24.5,33.5,0.0,83,1011.1,7.1,10.1,320,22.0,508.0,532.9,165.0
AT_Vienna,2026-09-21T03:00Z,13.7,72,8.7,10.6,0.0,0,1002.0,18.3,33.2,314,41.4,0.0,0.0,0.0
BE_Brussels,2026-09-21T03:00Z,10.2,83,7.4,8.3,0.0,97,1027.7,8.1,17.1,245,15.8,0.0,0.0,0.0
DE_Berlin,2026-09-21T03:00Z,12.1,79,8.6,8.9,0.1,80,1018.6,18.9,33.1,275,41.4,0.0,0.0,0.0
DE_Hamburg,2026-09-21T03:00Z,12.0,84,9.3,8.9,1.0,49,1021.8,20.2,35.7,295,43.2,0.0,0.0,0.0
DE_Munich,2026-09-21T03:00Z,12.1,92,10.8,11.0,0.0,99,967.6,8.6,14.8,309,18.4,0.0,0.0,0.0
ES_Madrid,2026-09-21T03:00Z,20.1,38,5.5,18.7,0.0,0,950.9,1.8,8.1,129,6.5,0.0,0.0,0.0
FR_Paris,2026-09-21T03:00Z,12.6,90,11.0,12.2,0.0,80,1025.8,4.4,12.3,52,13.7,0.0,0.0,0.0
NL_Amsterdam,2026-09-21T03:00Z,13.7,74,9.0,12.5,0.0,97,1027.9,6.2,19.2,296,11.9,0.0,0.0,0.0
PL_Warsaw,2026-09-21T03:00Z,11.1,89,9.4,8.3,0.0,6,1002.4,17.7,32.3,275,38.2,0.0,0.0,0.0
US_BPAT_Portland,2026-09-21T03:00Z,20.9,65,14.2,21.1,0.0,0,1010.2,8.2,18.7,336,18.4,0.0,0.0,0.0
US_CISO_LosAngeles,2026-09-21T03:00Z,20.8,75,16.2,21.9,0.0,0,1002.5,7.3,11.3,236,19.1,0.0,0.0,0.0
US_CISO_SanFrancisco,2026-09-21T03:00Z,15.0,86,12.6,13.5,0.0,100,1012.0,15.2,22.0,244,37.8,0.0,0.0,0.0
US_ERCO_Dallas,2026-09-21T03:00Z,27.6,68,21.0,30.8,0.0,94,997.7,7.5,12.5,69,24.8,0.0,0.0,0.0
US_ERCO_Houston,2026-09-21T03:00Z,29.2,74,24.1,34.5,0.0,51,1010.9,5.8,9.8,193,21.2,0.0,0.0,0.0
US_ISNE_Boston,2026-09-21T03:00Z,16.1,93,15.0,17.1,0.1,100,1014.4,4.5,11.0,131,13.7,0.0,0.0,0.0
US_MISO_Chicago,2026-09-21T03:00Z,18.5,83,15.5,17.2,0.2,100,987.2,21.8,34.8,70,49.7,0.0,0.0,0.0
US_NYIS_NewYork,2026-09-21T03:00Z,19.8,97,19.3,21.9,0.3,100,1010.3,9.4,18.9,3,16.9,0.0,0.0,0.0
US_PJM_Philadelphia,2026-09-21T03:00Z,21.6,95,20.7,25.2,6.8,100,1010.6,3.9,7.7,33,13.0,0.0,0.0,0.0
US_SWPP_OklahomaCity,2026-09-21T03:00Z,26.2,67,19.5,29.6,0.0,2,971.8,1.3,2.5,98,7.9,0.0,0.0,0.0
VN_DaNang,2026-09-21T03:00Z,25.8,90,24.1,30.8,0.8,100,1013.4,7.5,9.8,328,16.6,123.0,2.5,121.0
VN_HaNoi,2026-09-21T03:00Z,30.7,61,22.4,36.8,0.0,0,1012.1,1.1,1.6,96,10.4,716.0,745.9,144.0
VN_HoChiMinh,2026-09-21T03:00Z,29.3,75,24.3,35.2,0.0,100,1010.7,8.7,12.1,328,25.9,707.0,599.9,219.0
AT_Vienna,2026-09-21T04:00Z,13.2,73,8.4,10.0,0.0,18,1002.2,18.7,34.1,315,41.8,0.0,0.0,0.0
BE_Brussels,2026-09-21T04:00Z,10.3,83,7.5,8.3,0.0,91,1028.0,8.9,19.4,239,17.6,0.0,0.0,0.0
DE_Berlin,2026-09-21T04:00Z,11.4,85,9.0,8.2,0.2,63,1018.5,19.6,34.6,272,44.6,0.0,0.0,0.0
DE_Hamburg,2026-09-21T04:00Z,12.5,83,9.7,9.5,0.4,37,1021.9,20.1,35.8,295,43.2,0.0,0.0,0.0
DE_Munich,2026-09-21T04:00Z,11.5,93,10.4,10.5,0.0,99,967.9,7.6,13.9,310,18.0,0.0,0.0,0.0
ES_Madrid,2026-09-21T04:00Z,19.4,41,5.6,18.1,0.0,0,950.9,1.1,6.7,142,4.3,0.0,0.0,0.0
FR_Paris,2026-09-21T04:00Z,12.3,89,10.6,12.0,0.0,88,1025.5,3.0,9.9,71,9.0,0.0,0.0,0.0
NL_Amsterdam,2026-09-21T04:00Z,14.2,73,9.3,13.0,0.0,99,1028.0,6.5,19.9,299,11.5,0.0,0.0,0.0
PL_Warsaw,2026-09-21T04:00Z,10.9,88,9.0,7.9,0.0,27,1002.5,18.4,33.3,272,40.0,0.0,0.0,0.0
US_BPAT_Portland,2026-09-21T04:00Z,20.0,69,14.1,20.2,0.0,0,1010.3,7.7,17.8,340,17.6,0.0,0.0,0.0
US_CISO_LosAngeles,2026-09-21T04:00Z,20.5,78,16.5,22.1,0.0,0,1003.1,4.2,6.7,254,17.3,0.0,0.0,0.0
US_CISO_SanFrancisco,2026-09-21T04:00Z,15.0,86,12.7,13.5,0.0,99,1012.3,15.9,23.2,248,37.1,0.0,0.0,0.0
US_ERCO_Dallas,2026-09-21T04:00Z,27.4,68,21.0,31.0,0.0,100,997.5,4.7,12.5,102,17.6,0.0,0.0,0.0
US_ERCO_Houston,2026-09-21T04:00Z,28.9,76,24.3,34.5,0.0,34,1011.3,4.3,7.6,185,12.6,0.0,0.0,0.0
US_ISNE_Boston,2026-09-21T04:00Z,16.1,94,15.1,17.6,0.1,100,1014.4,1.5,3.7,104,7.9,0.0,0.0,0.0
US_MISO_Chicago,2026-09-21T04:00Z,18.3,85,15.6,16.8,0.1,100,987.4,22.8,35.3,72,50.8,0.0,0.0,0.0
US_NYIS_NewYork,2026-09-21T04:00Z,19.3,96,18.6,20.7,0.4,100,1010.5,11.8,22.4,9,23.0,0.0,0.0,0.0
US_PJM_Philadelphia,2026-09-21T04:00Z,21.4,97,20.8,24.0,11.7,100,1010.8,11.1,21.3,356,20.9,0.0,0.0,0.0
US_SWPP_OklahomaCity,2026-09-21T04:00Z,25.7,71,20.1,29.4,0.0,3,972.0,1.5,3.8,183,4.0,0.0,0.0,0.0
VN_DaNang,2026-09-21T04:00Z,26.2,88,24.1,31.4,0.6,100,1012.9,6.4,8.6,331,17.6,178.0,6.5,172.0
VN_HaNoi,2026-09-21T04:00Z,31.4,59,22.4,38.1,0.0,0,1011.6,2.2,2.7,90,12.2,846.0,783.9,157.0
VN_HoChiMinh,2026-09-21T04:00Z,29.3,74,24.1,34.0,0.0,100,1010.0,9.3,13.2,320,26.3,544.0,258.6,304.0
AT_Vienna,2026-09-21T05:00Z,12.8,76,8.7,9.8,0.0,8,1002.2,18.3,33.4,317,42.1,2.0,0.0,2.0
BE_Brussels,2026-09-21T05:00Z,10.5,82,7.6,8.4,0.0,61,1028.2,9.8,21.4,241,19.8,0.0,0.0,0.0
DE_Berlin,2026-09-21T05:00Z,11.4,88,9.4,8.4,0.0,39,1018.5,19.1,34.1,275,41.8,0.0,0.0,0.0
DE_Hamburg,2026-09-21T05:00Z,12.9,79,9.4,10.2,0.0,59,1022.1,17.8,32.0,294,40.0,0.0,0.0,0.0
DE_Munich,2026-09-21T05:00Z,10.8,94,10.0,9.9,0.0,96,968.1,6.4,12.1,300,15.8,0.0,0.0,0.0
ES_Madrid,2026-09-21T05:00Z,18.6,43,5.9,17.4,0.0,0,951.0,0.9,4.9,123,2.5,0.0,0.0,0.0
FR_Paris,2026-09-21T05:00Z,12.1,88,10.2,11.7,0.0,90,1025.7,3.3,10.2,72,7.2,0.0,0.0,0.0
NL_Amsterdam,2026-09-21T05:00Z,14.7,73,9.8,13.5,0.0,98,1028.3,7.5,21.0,298,14.4,0.0,0.0,0.0
PL_Warsaw,2026-09-21T05:00Z,11.0,87,8.8,8.0,0.0,100,1002.3,17.8,31.7,267,40.0,12.0,48.6,9.0
US_BPAT_Portland,2026-09-21T05:00Z,19.0,73,14.1,19.2,0.0,0,1010.5,7.0,16.4,345,17.3,0.0,0.0,0.0
US_CISO_LosAngeles,2026-09-21T05:00Z,20.1,80,16.6,21.8,0.0,0,1003.4,4.2,6.6,193,10.1,0.0,0.0,0.0
US_CISO_SanFrancisco,2026-09-21T05:00Z,15.1,86,12.7,13.8,0.0,100,1012.6,14.3,21.2,248,33.8,0.0,0.0,0.0
US_ERCO_Dallas,2026-09-21T05:00Z,27.4,68,21.0,31.1,0.0,100,997.1,4.2,12.2,143,11.2,0.0,0.0,0.0
US_ERCO_Houston,2026-09-21T05:00Z,28.6,79,24.5,34.3,0.0,92,1011.0,4.3,9.0,170,9.7,0.0,0.0,0.0
US_ISNE_Boston,2026-09-21T05:00Z,16.1,95,15.3,16.9,0.1,100,1014.3,6.8,11.1,8,12.6,0.0,0.0,0.0
US_MISO_Chicago,2026-09-21T05:00Z,18.0,79,14.2,16.1,0.0,100,987.7,22.0,34.6,71,49.0,0.0,0.0,0.0
US_NYIS_NewYork,2026-09-21T05:00Z,18.4,96,17.8,19.0,0.5,100,1010.5,14.8,26.8,9,29.5,0.0,0.0,0.0
US_PJM_Philadelphia,2026-09-21T05:00Z,20.6,96,19.9,22.3,2.5,54,1010.8,14.3,25.2,15,28.8,0.0,0.0,0.0
US_SWPP_OklahomaCity,2026-09-21T05:00Z,25.1,75,20.3,28.7,0.0,1,972.1,2.9,6.9,340,5.8,0.0,0.0,0.0
VN_DaNang,2026-09-21T05:00Z,26.5,87,24.2,31.3,1.1,100,1011.8,9.7,13.4,355,24.5,304.0,8.3,296.0
VN_HaNoi,2026-09-21T05:00Z,31.8,58,22.5,39.0,0.0,0,1010.6,2.7,3.6,117,13.3,907.0,800.9,161.0
VN_HoChiMinh,2026-09-21T05:00Z,29.1,74,23.9,33.8,0.0,65,1008.7,9.1,12.4,319,28.1,488.0,191.0,301.0
AT_Vienna,2026-09-21T06:00Z,13.3,78,9.5,10.7,0.0,0,1002.4,16.7,28.6,319,42.8,86.0,366.4,38.0
BE_Brussels,2026-09-21T06:00Z,10.4,84,7.9,8.3,0.0,70,1028.6,10.5,22.9,246,19.8,8.0,36.8,6.0
DE_Berlin,2026-09-21T06:00Z,11.8,89,10.1,9.3,0.0,43,1019.0,17.3,31.0,273,42.1,45.0,179.4,27.0
DE_Hamburg,2026-09-21T06:00Z,13.3,79,9.8,10.7,0.0,30,1022.5,17.3,30.4,294,36.4,22.0,86.7,15.0
DE_Munich,2026-09-21T06:00Z,10.8,94,9.8,9.7,0.0,98,968.4,7.2,12.6,294,16.6,32.0,50.6,27.0
ES_Madrid,2026-09-21T06:00Z,17.0,47,5.5,15.4,0.0,1,951.1,3.6,4.1,29,2.9,0.0,0.0,0.0
FR_Paris,2026-09-21T06:00Z,11.9,90,10.3,11.4,0.0,95,1026.3,3.7,9.4,52,7.2,4.0,0.0,4.0
NL_Amsterdam,2026-09-21T06:00Z,14.1,81,10.8,13.3,0.0,77,1028.7,7.2,21.3,295,16.2,5.0,0.0,5.0
PL_Warsaw,2026-09-21T06:00Z,11.5,85,9.1,9.0,0.0,40,1002.9,15.7,28.1,270,44.6,68.0,82.8,54.0
US_BPAT_Portland,2026-09-21T06:00Z,17.6,79,14.0,18.0,0.0,0,1010.7,6.3,15.5,348,16.2,0.0,0.0,0.0
US_CISO_LosAngeles,2026-09-21T06:00Z,19.9,83,16.9,21.8,0.0,2,1003.3,3.4,5.8,206,10.4,0.0,0.0,0.0
US_CISO_SanFrancisco,2026-09-21T06:00Z,15.0,87,12.8,13.8,0.0,98,1012.6,14.1,21.4,241,28.8,0.0,0.0,0.0
US_ERCO_Dallas,2026-09-21T06:00Z,25.5,77,21.2,28.7,0.0,99,997.8,8.5,20.8,145,12.6,0.0,0.0,0.0
US_ERCO_Houston,2026-09-21T06:00Z,27.4,85,24.8,33.3,0.0,98,1011.4,4.8,9.0,160,9.7,0.0,0.0,0.0
US_ISNE_Boston,2026-09-21T06:00Z,14.7,97,14.2,14.2,0.2,100,1014.9,13.0,22.0,4,24.1,0.0,0.0,0.0
US_MISO_Chicago,2026-09-21T06:00Z,17.1,80,13.6,15.0,0.1,100,987.9,22.0,34.1,68,48.2,0.0,0.0,0.0
US_NYIS_NewYork,2026-09-21T06:00Z,17.7,95,17.0,18.0,0.5,96,1011.1,15.0,27.5,11,33.8,0.0,0.0,0.0
US_PJM_Philadelphia,2026-09-21T06:00Z,20.1,95,19.2,21.5,0.0,100,1011.6,13.9,25.2,14,28.1,0.0,0.0,0.0
US_SWPP_OklahomaCity,2026-09-21T06:00Z,23.1,81,19.6,26.1,0.0,91,972.1,4.4,9.9,4,18.4,0.0,0.0,0.0
VN_DaNang,2026-09-21T06:00Z,26.6,85,24.0,31.0,0.7,100,1011.4,11.4,15.4,355,26.3,389.0,60.7,332.0
VN_HaNoi,2026-09-21T06:00Z,32.1,55,22.0,38.9,0.0,2,1009.8,2.7,3.3,131,13.3,893.0,796.1,160.0
VN_HoChiMinh,2026-09-21T06:00Z,31.3,67,24.4,36.1,0.1,100,1007.0,11.0,15.2,326,26.6,576.0,171.2,411.0
AT_Vienna,2026-09-21T07:00Z,14.1,73,9.3,11.2,0.0,2,1002.7,18.1,29.6,319,41.4,241.0,571.3,72.0
BE_Brussels,2026-09-21T07:00Z,11.8,82,8.8,10.1,0.0,19,1029.0,9.2,20.8,254,21.2,85.0,204.6,53.0
DE_Berlin,2026-09-21T07:00Z,12.8,81,9.6,10.3,0.2,66,1019.2,16.2,27.9,281,43.9,130.0,231.0,74.0
DE_Hamburg,2026-09-21T07:00Z,13.5,81,10.2,11.1,0.1,54,1023.1,16.7,28.3,294,37.1,130.0,352.6,58.0
DE_Munich,2026-09-21T07:00Z,11.4,86,9.2,10.1,0.0,90,969.0,7.7,11.5,310,19.8,122.0,118.5,93.0
ES_Madrid,2026-09-21T07:00Z,17.7,44,5.2,15.7,0.0,2,951.5,5.3,6.4,18,10.1,51.0,282.1,20.0
FR_Paris,2026-09-21T07:00Z,13.2,81,10.1,12.8,0.0,87,1026.7,2.9,8.1,47,9.4,88.0,301.0,46.0
NL_Amsterdam,2026-09-21T07:00Z,15.4,77,11.4,14.7,0.0,35,1028.8,8.0,18.7,294,15.8,79.0,184.8,50.0
PL_Warsaw,2026-09-21T07:00Z,12.2,82,9.2,9.7,0.1,31,1002.9,15.2,25.2,268,35.6,201.0,383.0,80.0
US_BPAT_Portland,2026-09-21T07:00Z,16.9,81,13.7,17.0,0.0,0,1010.8,7.2,15.9,344,15.5,0.0,0.0,0.0
US_CISO_LosAngeles,2026-09-21T07:00Z,19.5,84,16.7,21.0,0.0,13,1003.4,5.5,10.4,225,14.0,0.0,0.0,0.0
US_CISO_SanFrancisco,2026-09-21T07:00Z,15.1,87,12.9,13.9,0.0,100,1012.5,14.7,22.2,246,30.2,0.0,0.0,0.0
US_ERCO_Dallas,2026-09-21T07:00Z,25.8,75,20.9,29.1,0.0,91,997.4,6.5,19.5,149,16.6,0.0,0.0,0.0
US_ERCO_Houston,2026-09-21T07:00Z,27.4,86,24.8,33.3,0.0,95,1011.1,4.8,10.2,146,10.1,0.0,0.0,0.0
US_ISNE_Boston,2026-09-21T07:00Z,13.9,98,13.6,13.2,0.1,100,1015.0,12.7,30.5,16,29.2,0.0,0.0,0.0
US_MISO_Chicago,2026-09-21T07:00Z,16.8,83,14.0,14.7,0.4,100,987.6,23.3,35.8,69,50.4,0.0,0.0,0.0
US_NYIS_NewYork,2026-09-21T07:00Z,16.9,94,16.0,16.4,0.6,100,1011.2,16.9,29.9,7,34.9,0.0,0.0,0.0
US_PJM_Philadelphia,2026-09-21T07:00Z,19.8,93,18.7,21.1,0.0,65,1011.9,13.4,23.8,14,28.1,0.0,0.0,0.0
US_SWPP_OklahomaCity,2026-09-21T07:00Z,22.9,86,20.4,26.0,0.0,13,971.9,6.4,14.1,17,15.1,0.0,0.0,0.0
VN_DaNang,2026-09-21T07:00Z,27.1,85,24.4,32.1,0.8,100,1010.3,8.7,11.8,353,28.1,410.0,99.6,325.0
VN_HaNoi,2026-09-21T07:00Z,32.2,56,22.3,38.3,0.0,3,1008.7,3.7,4.9,141,13.7,793.0,736.3,169.0
VN_HoChiMinh,2026-09-21T07:00Z,30.2,71,24.4,36.0,0.6,85,1005.7,10.3,14.5,318,30.6,733.0,520.9,273.0
AT_Vienna,2026-09-21T08:00Z,15.1,62,7.9,11.9,0.0,2,1002.9,17.8,28.1,317,43.6,405.0,725.6,85.0
BE_Brussels,2026-09-21T08:00Z,13.7,76,9.5,12.4,0.0,20,1029.1,7.7,21.7,258,19.4,253.0,591.1,70.0
DE_Berlin,2026-09-21T08:00Z,13.3,78,9.6,10.5,0.3,59,1019.5,17.9,29.4,282,42.5,215.0,290.1,105.0
DE_Hamburg,2026-09-21T08:00Z,14.1,80,10.7,12.2,0.2,53,1023.4,14.5,23.8,280,33.8,208.0,353.5,87.0
DE_Munich,2026-09-21T08:00Z,12.4,76,8.2,10.8,0.0,91,969.1,7.7,11.3,304,22.0,255.0,226.4,165.0
ES_Madrid,2026-09-21T08:00Z,20.6,36,5.0,19.1,0.0,2,952.2,2.2,4.2,12,10.8,226.0,617.2,57.0
FR_Paris,2026-09-21T08:00Z,15.4,68,9.6,15.1,0.0,59,1026.8,1.6,3.3,29,10.4,243.0,571.1,71.0
NL_Amsterdam,2026-09-21T08:00Z,16.6,72,11.5,15.3,0.0,40,1028.9,11.3,19.1,296,23.4,199.0,341.6,95.0
PL_Warsaw,2026-09-21T08:00Z,12.5,76,8.3,9.3,0.6,27,1003.0,18.4,30.1,274,44.3,327.0,493.4,109.0
US_BPAT_Portland,2026-09-21T08:00Z,16.2,84,13.5,16.5,0.0,0,1011.2,5.4,13.6,343,15.5,0.0,0.0,0.0
US_CISO_LosAngeles,2026-09-21T08:00Z,19.4,84,16.6,21.1,0.0,100,1003.4,3.6,6.5,242,12.2,0.0,0.0,0.0
US_CISO_SanFrancisco,2026-09-21T08:00Z,15.0,87,12.9,13.9,0.0,100,1012.3,13.8,21.3,247,29.9,0.0,0.0,0.0
US_ERCO_Dallas,2026-09-21T08:00Z,25.8,74,20.9,29.2,0.0,1,997.1,5.6,13.2,156,13.0,0.0,0.0,0.0
US_ERCO_Houston,2026-09-21T08:00Z,27.2,86,24.7,33.0,0.0,91,1010.5,4.8,10.4,150,10.1,0.0,0.0,0.0
US_ISNE_Boston,2026-09-21T08:00Z,13.8,97,13.3,12.9,0.1,100,1015.2,13.4,30.2,12,27.0,0.0,0.0,0.0
US_MISO_Chicago,2026-09-21T08:00Z,16.6,85,14.0,14.6,0.3,100,987.5,22.2,33.6,70,50.4,0.0,0.0,0.0
US_NYIS_NewYork,2026-09-21T08:00Z,16.5,94,15.5,15.9,0.3,97,1011.2,16.6,29.9,7,36.4,0.0,0.0,0.0
US_PJM_Philadelphia,2026-09-21T08:00Z,19.3,93,18.1,20.3,0.0,45,1012.2,12.9,23.2,16,27.4,0.0,0.0,0.0
US_SWPP_OklahomaCity,2026-09-21T08:00Z,22.5,90,20.8,25.4,0.0,0,972.0,8.6,17.7,15,18.0,0.0,0.0,0.0
VN_DaNang,2026-09-21T08:00Z,27.0,85,24.4,32.1,0.3,100,1009.0,8.4,11.6,345,23.0,265.0,42.2,235.0
VN_HaNoi,2026-09-21T08:00Z,32.1,57,22.5,37.4,0.0,2,1007.3,3.7,5.0,139,13.7,642.0,694.8,144.0
VN_HoChiMinh,2026-09-21T08:00Z,29.0,76,24.3,33.8,0.8,76,1005.2,9.7,14.3,316,28.4,404.0,250.6,218.0
AT_Vienna,2026-09-21T09:00Z,16.2,53,6.5,12.5,0.0,16,1002.9,19.3,30.0,310,46.4,539.0,799.3,94.0
BE_Brussels,2026-09-21T09:00Z,15.8,69,10.1,14.5,0.0,70,1029.1,8.8,14.4,255,22.7,405.0,734.9,80.0
DE_Berlin,2026-09-21T09:00Z,15.1,67,9.1,11.7,0.1,100,1019.7,21.4,33.1,294,50.0,303.0,358.7,127.0
DE_Hamburg,2026-09-21T09:00Z,14.9,75,10.6,12.1,0.1,64,1023.7,20.4,31.6,297,42.8,328.0,452.4,121.0
DE_Munich,2026-09-21T09:00Z,13.4,67,7.4,11.4,0.0,98,969.2,9.2,12.8,301,25.6,383.0,314.9,218.0
ES_Madrid,2026-09-21T09:00Z,23.3,32,5.5,22.0,0.0,0,952.6,1.3,1.9,29,11.9,418.0,764.5,75.0
FR_Paris,2026-09-21T09:00Z,17.8,56,8.8,17.1,0.0,98,1026.9,2.2,3.2,56,13.0,400.0,724.8,79.0
NL_Amsterdam,2026-09-21T09:00Z,17.2,67,10.9,15.5,0.0,88,1029.4,13.1,20.2,303,32.4,331.0,500.2,115.0
PL_Warsaw,2026-09-21T09:00Z,13.2,71,8.0,9.7,0.3,41,1002.8,20.7,32.3,279,48.2,423.0,568.5,117.0
US_BPAT_Portland,2026-09-21T09:00Z,15.7,85,13.2,16.0,0.0,0,1011.1,4.6,11.9,346,11.9,0.0,0.0,0.0
US_CISO_LosAngeles,2026-09-21T09:00Z,19.7,82,16.5,21.4,0.0,99,1003.3,3.7,5.6,220,10.1,0.0,0.0,0.0
US_CISO_SanFrancisco,2026-09-21T09:00Z,15.0,87,12.9,13.9,0.0,100,1012.3,13.7,20.9,246,28.1,0.0,0.0,0.0
US_ERCO_Dallas,2026-09-21T09:00Z,25.7,74,20.7,29.1,0.0,1,997.0,5.3,11.5,163,11.2,0.0,0.0,0.0
US_ERCO_Houston,2026-09-21T09:00Z,26.8,88,24.7,32.9,0.0,100,1010.2,2.6,8.6,154,9.7,0.0,0.0,0.0
US_ISNE_Boston,2026-09-21T09:00Z,13.3,97,12.9,12.3,0.0,100,1015.9,13.3,28.5,10,29.5,0.0,0.0,0.0
US_MISO_Chicago,2026-09-21T09:00Z,16.2,89,14.3,14.3,1.0,100,987.4,22.5,33.9,68,47.9,0.0,0.0,0.0
US_NYIS_NewYork,2026-09-21T09:00Z,16.1,93,15.0,15.5,0.1,99,1011.8,15.7,28.6,9,36.4,0.0,0.0,0.0
US_PJM_Philadelphia,2026-09-21T09:00Z,18.7,90,17.1,19.1,0.0,41,1012.7,13.7,24.4,18,29.2,0.0,0.0,0.0
US_SWPP_OklahomaCity,2026-09-21T09:00Z,22.3,91,20.8,25.1,0.0,1,972.0,10.2,20.5,28,22.0,0.0,0.0,0.0
VN_DaNang,2026-09-21T09:00Z,27.3,83,24.1,32.2,0.2,100,1008.8,8.4,11.5,14,20.2,209.0,61.7,177.0
VN_HaNoi,2026-09-21T09:00Z,31.7,59,22.8,36.4,0.0,2,1006.8,4.4,5.6,132,12.6,450.0,613.9,120.0
VN_HoChiMinh,2026-09-21T09:00Z,28.7,79,24.7,33.7,0.2,98,1005.3,10.2,14.8,326,25.9,331.0,285.0,174.0
AT_Vienna,2026-09-21T10:00Z,17.3,46,5.5,13.2,0.0,22,1002.6,22.5,34.9,309,52.9,626.0,818.8,106.0
BE_Brussels,2026-09-21T10:00Z,17.3,62,10.0,15.8,0.0,95,1029.2,9.9,14.6,272,27.0,520.0,773.8,98.0
DE_Berlin,2026-09-21T10:00Z,14.9,68,9.0,11.5,0.2,34,1019.8,21.3,33.5,295,51.5,278.0,231.8,146.0
DE_Hamburg,2026-09-21T10:00Z,15.9,67,9.9,12.8,0.2,83,1023.8,21.2,32.7,306,47.2,425.0,538.4,133.0
DE_Munich,2026-09-21T10:00Z,14.5,58,6.3,12.3,0.0,100,969.1,8.6,12.0,306,26.6,553.0,593.4,188.0
ES_Madrid,2026-09-21T10:00Z,25.6,28,5.8,24.6,0.0,0,952.6,0.7,0.9,37,13.0,585.0,842.5,85.0
FR_Paris,2026-09-21T10:00Z,19.1,49,8.1,18.0,0.0,100,1026.8,4.0,5.5,38,17.3,512.0,717.2,114.0
NL_Amsterdam,2026-09-21T10:00Z,17.7,65,11.0,16.3,0.0,97,1029.6,11.9,18.3,307,32.4,433.0,526.1,154.0
PL_Warsaw,2026-09-21T10:00Z,14.0,73,9.2,10.8,0.5,100,1002.6,20.0,30.9,282,49.0,469.0,558.0,135.0
US_BPAT_Portland,2026-09-21T10:00Z,15.2,87,13.0,15.3,0.0,2,1011.0,5.7,12.2,340,13.3,0.0,0.0,0.0
US_CISO_LosAngeles,2026-09-21T10:00Z,19.7,82,16.5,21.4,0.0,100,1003.0,4.0,5.9,227,10.8,0.0,0.0,0.0
US_CISO_SanFrancisco,2026-09-21T10:00Z,15.0,88,13.0,13.8,0.0,93,1011.9,14.2,21.2,250,29.5,0.0,0.0,0.0
US_ERCO_Dallas,2026-09-21T10:00Z,25.5,76,20.9,29.4,0.0,1,997.2,2.3,8.3,182,11.2,0.0,0.0,0.0
US_ERCO_Houston,2026-09-21T10:00Z,26.8,89,24.9,33.3,0.0,100,1010.1,0.6,6.2,170,4.7,0.0,0.0,0.0
US_ISNE_Boston,2026-09-21T10:00Z,13.2,96,12.7,12.2,0.0,100,1016.0,12.9,27.2,15,28.1,0.0,0.0,0.0
US_MISO_Chicago,2026-09-21T10:00Z,16.2,89,14.4,14.5,0.5,100,987.7,21.0,31.6,68,47.2,0.0,0.0,0.0
US_NYIS_NewYork,2026-09-21T10:00Z,15.9,92,14.6,15.3,0.0,88,1012.2,14.1,26.4,9,34.9,0.0,0.0,0.0
US_PJM_Philadelphia,2026-09-21T10:00Z,18.3,88,16.3,18.5,0.0,85,1013.3,12.8,23.4,23,29.2,0.0,0.0,0.0
US_SWPP_OklahomaCity,2026-09-21T10:00Z,22.0,93,20.8,24.8,0.0,20,972.2,9.4,18.9,37,22.3,0.0,0.0,0.0
VN_DaNang,2026-09-21T10:00Z,27.1,85,24.4,32.7,0.0,100,1008.5,5.1,7.9,349,19.8,82.0,17.1,77.0
VN_HaNoi,2026-09-21T10:00Z,30.7,67,23.9,35.9,0.0,1,1006.5,5.3,8.1,107,11.5,233.0,462.9,84.0
VN_HoChiMinh,2026-09-21T10:00Z,26.1,92,24.7,32.0,5.0,100,1006.4,3.9,7.3,7,26.6,122.0,133.5,79.0
AT_Vienna,2026-09-21T11:00Z,18.0,41,4.6,13.6,0.0,34,1002.0,23.2,36.0,313,54.7,619.0,691.8,155.0
BE_Brussels,2026-09-21T11:00Z,18.1,58,9.7,16.9,0.0,97,1029.4,8.2,11.7,281,26.6,577.0,704.4,146.0
DE_Berlin,2026-09-21T11:00Z,17.1,52,7.3,12.8,0.1,14,1019.4,24.0,36.9,298,54.7,534.0,672.4,124.0
DE_Hamburg,2026-09-21T11:00Z,16.7,63,9.5,12.9,0.0,78,1023.9,24.9,38.3,310,55.1,486.0,594.2,135.0
DE_Munich,2026-09-21T11:00Z,15.4,52,5.6,13.4,0.0,80,968.8,8.8,12.2,296,26.3,616.0,616.6,206.0
ES_Madrid,2026-09-21T11:00Z,27.5,23,4.7,27.1,0.0,0,952.4,1.2,1.3,172,14.8,709.0,885.1,91.0
FR_Paris,2026-09-21T11:00Z,20.2,44,7.4,18.9,0.0,97,1026.7,6.3,8.9,21,22.0,595.0,733.6,133.0
NL_Amsterdam,2026-09-21T11:00Z,17.7,64,10.7,16.4,0.0,99,1030.0,10.1,15.1,308,28.1,410.0,296.6,234.0
PL_Warsaw,2026-09-21T11:00Z,13.8,69,8.3,10.4,0.4,62,1002.3,19.6,30.4,294,50.4,300.0,113.2,230.0
US_BPAT_Portland,2026-09-21T11:00Z,14.8,88,12.8,14.8,0.0,30,1011.0,6.1,12.2,335,15.1,0.0,0.0,0.0
US_CISO_LosAngeles,2026-09-21T11:00Z,19.8,81,16.3,21.3,0.0,100,1002.8,4.2,6.6,235,11.5,0.0,0.0,0.0
US_CISO_SanFrancisco,2026-09-21T11:00Z,14.9,89,13.0,13.9,0.0,98,1011.5,13.4,19.8,248,30.2,0.0,0.0,0.0
US_ERCO_Dallas,2026-09-21T11:00Z,25.5,78,21.3,29.8,0.0,1,997.8,0.9,7.5,228,5.0,0.0,0.0,0.0
US_ERCO_Houston,2026-09-21T11:00Z,26.5,90,24.8,33.0,0.0,32,1010.3,0.2,3.1,173,2.2,0.0,0.0,0.0
US_ISNE_Boston,2026-09-21T11:00Z,12.9,95,12.1,11.7,0.0,80,1016.6,12.9,22.1,13,30.2,4.0,0.0,4.0
US_MISO_Chicago,2026-09-21T11:00Z,16.2,88,14.2,14.6,0.3,100,988.0,20.0,30.5,67,43.9,0.0,0.0,0.0
US_NYIS_NewYork,2026-09-21T11:00Z,15.7,90,14.1,15.0,0.0,69,1013.1,13.4,24.9,12,31.7,2.0,0.0,2.0
US_PJM_Philadelphia,2026-09-21T11:00Z,17.8,85,15.2,17.5,0.0,69,1014.2,13.8,24.7,24,29.9,1.0,0.0,1.0
US_SWPP_OklahomaCity,2026-09-21T11:00Z,21.7,94,20.7,24.7,0.0,100,972.8,7.8,15.8,41,20.5,0.0,0.0,0.0
VN_DaNang,2026-09-21T11:00Z,26.6,90,24.9,32.9,0.0,100,1009.0,1.9,4.0,306,10.1,14.0,0.0,14.0
VN_HaNoi,2026-09-21T11:00Z,29.2,76,24.5,34.7,0.0,1,1006.6,5.8,12.1,111,10.8,47.0,172.7,25.0
VN_HoChiMinh,2026-09-21T11:00Z,26.1,94,25.1,32.5,1.2,98,1007.2,2.8,6.4,352,10.8,12.0,0.0,12.0
AT_Vienna,2026-09-21T12:00Z,18.0,43,5.3,13.6,0.0,5,1001.7,23.0,35.8,308,57.6,578.0,621.7,167.0
BE_Brussels,2026-09-21T12:00Z,19.0,54,9.3,18.1,0.0,93,1029.1,6.8,9.4,300,23.8,598.0,687.4,160.0
DE_Berlin,2026-09-21T12:00Z,16.9,50,6.3,12.6,0.0,51,1019.8,23.3,35.8,298,56.2,556.0,719.0,118.0
DE_Hamburg,2026-09-21T12:00Z,16.3,63,9.2,12.3,0.1,85,1024.3,25.9,40.0,304,56.5,488.0,533.9,168.0
DE_Munich,2026-09-21T12:00Z,15.6,50,5.2,13.3,0.0,52,968.6,10.8,15.0,310,28.1,633.0,668.7,185.0
ES_Madrid,2026-09-21T12:00Z,28.6,22,5.0,28.4,0.0,0,951.6,3.0,3.8,175,16.9,778.0,904.9,94.0
FR_Paris,2026-09-21T12:00Z,21.4,42,8.1,20.2,0.0,96,1026.1,8.0,11.1,27,24.1,639.0,774.7,126.0
NL_Amsterdam,2026-09-21T12:00Z,18.5,60,10.6,17.3,0.0,77,1030.1,9.4,13.9,304,24.5,423.0,303.4,236.0
PL_Warsaw,2026-09-21T12:00Z,11.7,90,10.1,9.4,1.1,93,1002.7,15.3,26.5,290,46.8,364.0,388.5,132.0
US_BPAT_Portland,2026-09-21T12:00Z,13.9,91,12.5,14.1,0.0,34,1011.7,3.3,9.9,351,14.0,0.0,0.0,0.0
US_CISO_LosAngeles,2026-09-21T12:00Z,19.5,84,16.6,21.7,0.0,100,1003.2,0.5,1.8,264,11.5,0.0,0.0,0.0
US_CISO_SanFrancisco,2026-09-21T12:00Z,14.5,90,12.8,13.8,0.0,100,1011.8,10.9,16.8,235,28.4,0.0,0.0,0.0
US_ERCO_Dallas,2026-09-21T12:00Z,23.8,86,21.3,28.0,0.0,4,998.2,2.3,8.2,209,4.7,0.0,0.0,0.0
US_ERCO_Houston,2026-09-21T12:00Z,25.4,92,24.1,31.3,0.0,87,1011.0,1.4,4.9,144,2.2,0.0,0.0,0.0
US_ISNE_Boston,2026-09-21T12:00Z,12.7,92,11.5,11.5,0.0,100,1017.8,12.1,20.1,7,27.0,87.0,161.0,59.0
US_MISO_Chicago,2026-09-21T12:00Z,16.1,90,14.5,14.5,0.3,100,988.3,20.8,32.1,73,43.9,1.0,0.0,1.0
US_NYIS_NewYork,2026-09-21T12:00Z,15.6,89,13.9,15.1,0.0,57,1014.5,12.3,21.3,3,30.2,70.0,221.0,39.0
US_PJM_Philadelphia,2026-09-21T12:00Z,17.7,85,15.2,17.5,0.0,56,1015.2,12.8,21.9,20,33.5,52.0,142.6,33.0
US_SWPP_OklahomaCity,2026-09-21T12:00Z,20.1,95,19.3,22.3,0.0,46,973.3,8.7,17.7,39,21.2,0.0,0.0,0.0
VN_DaNang,2026-09-21T12:00Z,27.0,88,24.8,32.6,0.0,100,1010.2,6.7,12.5,356,5.4,0.0,0.0,0.0
VN_HaNoi,2026-09-21T12:00Z,29.2,74,24.2,34.0,0.0,4,1007.4,8.9,14.9,115,12.2,0.0,0.0,0.0
VN_HoChiMinh,2026-09-21T12:00Z,26.6,93,25.4,32.5,1.2,100,1007.9,7.5,14.5,14,14.8,0.0,0.0,0.0
AT_Vienna,2026-09-21T13:00Z,18.3,41,4.7,13.8,0.0,13,1000.8,23.2,36.5,307,55.4,589.0,804.0,101.0
BE_Brussels,2026-09-21T13:00Z,19.3,52,9.1,18.0,0.0,88,1028.8,7.4,10.5,311,22.0,555.0,637.4,160.0
DE_Berlin,2026-09-21T13:00Z,16.4,56,7.6,12.8,0.3,50,1019.5,20.3,32.1,295,51.1,371.0,406.9,140.0
DE_Hamburg,2026-09-21T13:00Z,16.4,63,9.3,12.8,0.0,64,1024.3,23.7,36.1,304,59.4,429.0,465.0,165.0
DE_Munich,2026-09-21T13:00Z,15.7,50,5.2,13.2,0.0,24,967.9,11.7,16.6,311,32.0,628.0,804.9,121.0
ES_Madrid,2026-09-21T13:00Z,29.9,20,4.8,29.7,0.0,0,951.0,3.3,4.3,175,19.1,786.0,907.6,94.0
FR_Paris,2026-09-21T13:00Z,21.9,39,7.2,20.4,0.0,94,1025.5,7.8,11.0,32,25.6,625.0,770.8,124.0
NL_Amsterdam,2026-09-21T13:00Z,18.4,60,10.5,16.9,0.0,34,1029.9,11.0,16.3,298,26.6,492.0,551.8,162.0
PL_Warsaw,2026-09-21T13:00Z,13.5,81,10.3,11.2,0.4,22,1002.1,16.1,25.4,286,37.1,276.0,270.8,131.0
US_BPAT_Portland,2026-09-21T13:00Z,14.2,88,12.3,14.1,0.0,57,1012.3,5.7,11.1,347,13.3,0.0,0.0,0.0
US_CISO_LosAngeles,2026-09-21T13:00Z,19.6,81,16.3,21.7,0.0,98,1003.3,0.3,0.3,315,4.7,0.0,0.0,0.0
US_CISO_SanFrancisco,2026-09-21T13:00Z,14.6,89,12.8,13.5,0.0,96,1011.9,13.4,20.7,232,27.4,0.0,0.0,0.0
US_ERCO_Dallas,2026-09-21T13:00Z,24.7,81,21.2,28.4,0.0,5,998.7,5.0,12.0,252,10.4,27.0,133.8,14.0
US_ERCO_Houston,2026-09-21T13:00Z,26.1,89,24.1,31.7,0.0,86,1011.5,3.6,3.6,87,9.0,34.0,81.0,25.0
US_ISNE_Boston,2026-09-21T13:00Z,13.6,87,11.4,12.2,0.0,66,1018.3,12.7,19.8,13,29.5,155.0,84.8,125.0
US_MISO_Chicago,2026-09-21T13:00Z,16.2,88,14.2,14.7,0.3,100,989.2,19.4,29.2,73,40.7,42.0,32.1,37.0
US_NYIS_NewYork,2026-09-21T13:00Z,16.6,82,13.6,15.4,0.0,76,1015.0,15.5,24.4,14,36.4,224.0,408.5,90.0
US_PJM_Philadelphia,2026-09-21T13:00Z,18.3,79,14.5,17.5,0.0,88,1015.6,15.1,24.1,27,35.6,225.0,437.1,86.0
US_SWPP_OklahomaCity,2026-09-21T13:00Z,20.7,91,19.2,22.5,0.0,93,974.0,11.0,18.7,26,24.5,22.0,100.4,13.0
VN_DaNang,2026-09-21T13:00Z,26.7,89,24.8,32.3,0.1,100,1010.7,6.9,13.5,344,15.8,0.0,0.0,0.0
VN_HaNoi,2026-09-21T13:00Z,28.7,75,23.8,33.6,0.0,4,1008.2,7.1,15.1,122,15.8,0.0,0.0,0.0
VN_HoChiMinh,2026-09-21T13:00Z,26.1,95,25.2,32.2,2.6,100,1008.5,5.6,12.2,24,15.8,0.0,0.0,0.0
AT_Vienna,2026-09-21T14:00Z,18.3,40,4.3,13.3,0.0,16,1000.6,24.4,38.4,316,56.5,445.0,648.5,113.0
BE_Brussels,2026-09-21T14:00Z,19.4,52,9.3,18.1,0.0,16,1028.4,7.5,10.4,309,22.3,501.0,658.5,132.0
DE_Berlin,2026-09-21T14:00Z,17.1,53,7.5,13.0,0.1,41,1019.4,22.9,35.9,299,50.4,353.0,496.0,111.0
DE_Hamburg,2026-09-21T14:00Z,16.0,65,9.5,12.4,0.0,83,1024.6,24.0,37.2,306,56.5,367.0,453.8,141.0
DE_Munich,2026-09-21T14:00Z,15.5,51,5.4,12.6,0.0,42,967.7,11.8,16.9,315,32.4,528.0,782.0,100.0
ES_Madrid,2026-09-21T14:00Z,30.8,19,4.4,30.1,0.0,0,950.3,3.4,4.4,161,19.1,734.0,894.8,92.0
FR_Paris,2026-09-21T14:00Z,22.2,37,6.7,20.2,0.0,73,1025.1,8.0,11.1,29,25.2,562.0,749.2,117.0
NL_Amsterdam,2026-09-21T14:00Z,18.2,61,10.5,16.7,0.0,19,1029.7,11.2,16.6,297,27.4,460.0,600.7,136.0
PL_Warsaw,2026-09-21T14:00Z,14.7,69,9.2,11.8,0.1,50,1002.4,18.6,29.1,299,43.6,361.0,596.2,100.0
US_BPAT_Portland,2026-09-21T14:00Z,13.9,88,12.0,13.6,0.0,90,1012.6,6.1,9.4,343,15.1,0.0,0.0,0.0
US_CISO_LosAngeles,2026-09-21T14:00Z,19.7,80,16.2,21.7,0.0,100,1003.5,0.7,1.0,22,5.4,1.0,0.0,1.0
US_CISO_SanFrancisco,2026-09-21T14:00Z,14.9,87,12.8,13.8,0.0,100,1012.1,13.4,20.4,240,29.5,0.0,0.0,0.0
US_ERCO_Dallas,2026-09-21T14:00Z,26.7,73,21.4,30.8,0.0,10,999.5,2.6,4.0,328,12.6,190.0,499.9,62.0
US_ERCO_Houston,2026-09-21T14:00Z,28.5,77,24.0,34.3,0.0,1,1011.7,2.1,2.8,40,10.8,200.0,389.2,89.0
US_ISNE_Boston,2026-09-21T14:00Z,15.3,76,11.0,13.5,0.0,24,1019.0,14.1,21.1,20,34.2,408.0,509.7,148.0
US_MISO_Chicago,2026-09-21T14:00Z,16.1,87,13.9,14.3,0.4,100,989.3,20.5,30.5,72,49.0,67.0,5.9,65.0
US_NYIS_NewYork,2026-09-21T14:00Z,17.8,75,13.3,16.3,0.0,78,1015.5,16.9,26.1,23,41.0,379.0,500.1,132.0
US_PJM_Philadelphia,2026-09-21T14:00Z,19.2,73,14.3,18.2,0.0,47,1016.0,16.2,24.7,35,38.5,412.0,596.5,121.0
US_SWPP_OklahomaCity,2026-09-21T14:00Z,21.7,84,18.9,23.3,0.0,76,974.7,11.8,18.6,34,29.5,129.0,208.8,79.0
VN_DaNang,2026-09-21T14:00Z,26.0,93,24.8,32.5,0.4,100,1011.5,0.6,4.0,355,13.3,0.0,0.0,0.0
VN_HaNoi,2026-09-21T14:00Z,28.1,80,24.3,33.6,0.0,2,1009.2,5.2,12.5,143,13.3,0.0,0.0,0.0
VN_HoChiMinh,2026-09-21T14:00Z,26.1,95,25.3,32.2,3.0,100,1009.3,5.7,12.0,9,11.9,0.0,0.0,0.0
AT_Vienna,2026-09-21T15:00Z,17.7,40,4.0,13.0,0.0,12,1000.7,22.6,37.2,323,56.2,290.0,507.1,96.0
BE_Brussels,2026-09-21T15:00Z,19.3,53,9.5,18.0,0.0,2,1028.1,7.9,11.4,311,22.0,418.0,718.5,85.0
DE_Berlin,2026-09-21T15:00Z,16.8,53,7.2,12.9,0.1,47,1019.5,21.5,34.7,306,51.1,256.0,439.4,91.0
DE_Hamburg,2026-09-21T15:00Z,15.5,67,9.3,12.2,0.0,95,1024.6,20.8,31.0,304,55.8,241.0,266.0,136.0
DE_Munich,2026-09-21T15:00Z,15.3,52,5.5,12.6,0.0,75,967.6,11.1,16.3,313,31.3,385.0,682.3,93.0
ES_Madrid,2026-09-21T15:00Z,31.2,17,3.6,29.6,0.0,0,949.5,3.8,5.0,165,18.7,624.0,862.1,86.0
FR_Paris,2026-09-21T15:00Z,22.2,37,6.7,20.0,0.0,14,1024.7,8.9,12.6,25,25.9,460.0,737.0,93.0
NL_Amsterdam,2026-09-21T15:00Z,17.7,62,10.3,16.1,0.0,4,1029.5,11.5,17.2,295,29.2,376.0,620.8,100.0
PL_Warsaw,2026-09-21T15:00Z,12.0,86,9.8,8.8,0.8,64,1003.1,21.3,33.4,301,47.2,199.0,366.7,85.0
US_BPAT_Portland,2026-09-21T15:00Z,14.1,86,11.8,13.8,0.0,100,1012.8,5.4,7.7,336,13.7,27.0,83.8,18.0
US_CISO_LosAngeles,2026-09-21T15:00Z,20.3,77,16.2,22.2,0.0,100,1003.8,1.1,1.5,166,6.1,36.0,18.4,33.0
US_CISO_SanFrancisco,2026-09-21T15:00Z,15.3,84,12.7,14.2,0.0,100,1012.4,13.1,18.3,237,31.7,36.0,24.6,33.0
US_ERCO_Dallas,2026-09-21T15:00Z,26.5,70,20.7,29.1,0.1,34,1000.7,11.1,16.7,79,37.8,320.0,477.5,103.0
US_ERCO_Houston,2026-09-21T15:00Z,30.6,66,23.6,36.3,0.0,8,1011.8,0.6,0.6,342,11.9,425.0,691.3,88.0
US_ISNE_Boston,2026-09-21T15:00Z,16.7,66,10.3,15.1,0.0,37,1019.2,13.8,20.1,33,34.9,604.0,778.5,112.0
US_MISO_Chicago,2026-09-21T15:00Z,16.1,85,13.6,14.3,0.2,100,989.3,19.9,28.5,70,50.4,112.0,2.0,111.0
US_NYIS_NewYork,2026-09-21T15:00Z,19.0,67,12.7,17.6,0.0,73,1015.7,15.4,23.6,30,41.4,545.0,616.1,159.0
US_PJM_Philadelphia,2026-09-21T15:00Z,20.4,67,14.2,19.6,0.0,77,1016.3,16.0,23.8,45,39.6,580.0,747.3,113.0
US_SWPP_OklahomaCity,2026-09-21T15:00Z,22.7,79,18.9,23.9,0.0,70,974.7,14.8,22.3,28,36.0,271.0,221.9,175.0
VN_DaNang,2026-09-21T15:00Z,26.1,95,25.3,32.2,0.6,98,1011.5,5.4,8.4,320,9.0,0.0,0.0,0.0
VN_HaNoi,2026-09-21T15:00Z,27.6,85,24.9,33.5,0.0,2,1009.7,4.9,12.2,178,9.4,0.0,0.0,0.0
VN_HoChiMinh,2026-09-21T15:00Z,25.9,95,25.0,31.6,2.7,100,1009.6,6.9,13.6,349,13.0,0.0,0.0,0.0
AT_Vienna,2026-09-21T16:00Z,16.9,43,4.2,12.6,0.0,16,1000.9,19.9,34.6,320,51.8,157.0,435.1,58.0
BE_Brussels,2026-09-21T16:00Z,18.9,54,9.5,17.7,0.0,0,1027.7,7.2,10.8,323,21.2,284.0,647.0,67.0
DE_Berlin,2026-09-21T16:00Z,15.7,61,8.2,12.2,0.2,34,1019.8,20.3,34.3,311,47.9,140.0,311.0,66.0
DE_Hamburg,2026-09-21T16:00Z,14.9,71,9.7,12.0,0.0,66,1024.8,19.0,31.2,306,47.5,146.0,207.4,91.0
DE_Munich,2026-09-21T16:00Z,15.0,52,5.3,12.3,0.0,35,967.7,10.3,15.5,305,28.4,221.0,525.2,74.0
ES_Madrid,2026-09-21T16:00Z,31.3,17,2.9,28.9,0.0,0,948.9,4.7,6.3,175,18.7,467.0,800.5,76.0
FR_Paris,2026-09-21T16:00Z,21.8,38,6.7,19.6,0.0,27,1024.3,9.1,13.0,29,25.9,323.0,683.8,71.0
NL_Amsterdam,2026-09-21T16:00Z,17.1,64,10.3,15.8,0.0,6,1029.4,9.6,15.5,295,26.6,253.0,556.4,75.0
PL_Warsaw,2026-09-21T16:00Z,12.2,88,10.3,10.1,0.1,26,1003.1,14.3,26.6,294,46.1,94.0,263.4,51.0
US_BPAT_Portland,2026-09-21T16:00Z,14.5,83,11.6,14.1,0.0,99,1012.9,5.5,7.6,324,15.5,90.0,87.2,67.0
US_CISO_LosAngeles,2026-09-21T16:00Z,20.8,75,16.2,22.5,0.0,100,1004.0,3.1,4.4,192,11.9,115.0,65.3,91.0
US_CISO_SanFrancisco,2026-09-21T16:00Z,15.8,82,12.7,14.7,0.0,99,1012.5,13.6,18.4,233,33.8,143.0,120.5,107.0
US_ERCO_Dallas,2026-09-21T16:00Z,29.4,57,20.0,32.7,0.0,6,999.8,3.6,5.2,258,26.6,477.0,524.0,151.0
US_ERCO_Houston,2026-09-21T16:00Z,32.1,58,22.9,37.7,0.0,9,1011.6,1.5,2.0,90,15.1,601.0,747.5,110.0
US_ISNE_Boston,2026-09-21T16:00Z,17.7,59,9.6,16.6,0.0,71,1019.2,13.5,19.4,40,35.3,716.0,857.6,106.0
US_MISO_Chicago,2026-09-21T16:00Z,16.3,84,13.6,14.4,0.1,100,989.2,20.9,31.2,65,50.4,196.0,20.8,183.0
US_NYIS_NewYork,2026-09-21T16:00Z,19.9,64,12.9,19.0,0.0,70,1015.9,14.2,21.6,41,39.2,600.0,551.0,205.0
US_PJM_Philadelphia,2026-09-21T16:00Z,20.7,67,14.5,20.0,0.0,81,1016.4,14.8,22.0,53,39.6,524.0,391.8,242.0
US_SWPP_OklahomaCity,2026-09-21T16:00Z,24.3,73,19.2,25.7,0.0,88,974.9,13.8,20.6,37,39.6,481.0,487.6,190.0
VN_DaNang,2026-09-21T16:00Z,25.9,96,25.1,32.5,0.4,100,1011.6,1.2,4.5,360,12.2,0.0,0.0,0.0
VN_HaNoi,2026-09-21T16:00Z,27.1,88,24.9,32.9,0.0,2,1010.1,5.8,13.7,179,10.4,0.0,0.0,0.0
VN_HoChiMinh,2026-09-21T16:00Z,25.6,97,25.1,31.4,2.5,100,1009.2,6.6,13.2,338,15.1,0.0,0.0,0.0
AT_Vienna,2026-09-21T17:00Z,15.8,48,4.8,11.8,0.0,7,1001.1,18.7,33.5,326,45.0,30.0,167.4,15.0
BE_Brussels,2026-09-21T17:00Z,17.7,62,10.4,16.8,0.0,0,1027.5,6.6,13.3,333,18.0,134.0,475.8,46.0
DE_Berlin,2026-09-21T17:00Z,14.3,71,9.2,11.5,0.3,38,1020.3,17.9,31.0,311,46.1,41.0,173.9,24.0
DE_Hamburg,2026-09-21T17:00Z,14.2,75,9.9,11.7,0.0,30,1025.2,16.4,28.5,310,40.3,64.0,237.2,36.0
DE_Munich,2026-09-21T17:00Z,13.9,60,6.3,12.1,0.0,38,967.3,6.2,12.4,273,24.8,70.0,298.2,35.0
ES_Madrid,2026-09-21T17:00Z,31.0,17,3.0,28.6,0.0,0,948.6,4.7,6.3,187,18.4,278.0,678.1,61.0
FR_Paris,2026-09-21T17:00Z,21.1,40,6.8,18.9,0.0,0,1024.2,9.3,13.5,21,24.5,163.0,522.3,51.0
NL_Amsterdam,2026-09-21T17:00Z,16.0,72,11.0,15.3,0.0,13,1029.4,6.5,14.8,301,21.2,120.0,419.7,47.0
PL_Warsaw,2026-09-21T17:00Z,11.2,91,9.7,8.7,0.6,73,1003.7,16.0,29.0,304,33.5,10.0,51.3,7.0
US_BPAT_Portland,2026-09-21T17:00Z,15.2,79,11.5,14.9,0.0,97,1012.9,4.9,6.6,319,15.8,171.0,153.7,106.0
US_CISO_LosAngeles,2026-09-21T17:00Z,21.6,71,16.2,23.0,0.0,96,1003.7,4.5,6.5,148,15.1,175.0,85.9,128.0
US_CISO_SanFrancisco,2026-09-21T17:00Z,16.5,78,12.7,15.4,0.0,98,1012.4,13.5,18.2,231,34.9,246.0,104.6,196.0
US_ERCO_Dallas,2026-09-21T17:00Z,31.2,50,19.5,33.5,0.0,18,1000.0,11.3,15.5,100,31.0,622.0,647.2,138.0
US_ERCO_Houston,2026-09-21T17:00Z,33.4,53,22.6,39.4,0.0,27,1011.5,2.9,3.9,68,17.6,731.0,777.7,123.0
US_ISNE_Boston,2026-09-21T17:00Z,18.3,55,9.2,17.1,0.0,50,1018.8,14.2,20.3,49,36.0,744.0,813.5,140.0
US_MISO_Chicago,2026-09-21T17:00Z,16.6,82,13.5,14.8,0.0,100,989.4,19.6,29.5,63,48.2,243.0,22.5,227.0
US_NYIS_NewYork,2026-09-21T17:00Z,20.9,59,12.5,20.3,0.0,79,1015.7,13.5,20.5,47,36.4,651.0,561.5,225.0
US_PJM_Philadelphia,2026-09-21T17:00Z,21.5,66,14.8,21.3,0.0,100,1016.3,12.6,18.2,62,36.7,573.0,399.5,267.0
US_SWPP_OklahomaCity,2026-09-21T17:00Z,26.0,66,19.1,27.6,0.0,100,975.0,12.9,19.1,35,35.6,577.0,451.1,252.0
VN_DaNang,2026-09-21T17:00Z,25.8,95,24.9,31.7,0.8,97,1011.2,4.4,7.4,315,7.9,0.0,0.0,0.0
VN_HaNoi,2026-09-21T17:00Z,26.7,88,24.6,32.1,0.0,2,1009.8,7.1,15.9,183,13.0,0.0,0.0,0.0
VN_HoChiMinh,2026-09-21T17:00Z,25.4,96,24.7,30.9,1.9,100,1008.8,6.9,13.9,337,13.7,0.0,0.0,0.0
AT_Vienna,2026-09-21T18:00Z,14.9,56,6.2,11.7,0.0,11,1001.6,15.3,28.7,322,42.1,0.0,0.0,0.0
BE_Brussels,2026-09-21T18:00Z,16.0,67,9.9,14.7,0.0,0,1027.6,8.1,16.5,340,15.5,17.0,116.1,9.0
DE_Berlin,2026-09-21T18:00Z,14.2,69,8.6,11.6,0.0,6,1020.7,14.9,27.6,306,37.4,0.0,0.0,0.0
DE_Hamburg,2026-09-21T18:00Z,13.7,76,9.5,11.3,0.0,41,1025.4,15.6,27.9,313,34.6,2.0,0.0,2.0
DE_Munich,2026-09-21T18:00Z,12.9,66,6.7,11.2,0.0,77,967.3,5.8,13.7,321,15.1,1.0,0.0,1.0
ES_Madrid,2026-09-21T18:00Z,29.9,18,3.2,27.7,0.0,0,947.9,3.8,8.9,199,15.5,90.0,431.7,32.0
FR_Paris,2026-09-21T18:00Z,20.1,40,6.2,18.0,0.0,0,1024.4,7.4,15.0,19,22.3,29.0,180.4,14.0
NL_Amsterdam,2026-09-21T18:00Z,14.6,78,10.9,14.1,0.0,19,1029.4,5.5,16.7,303,13.3,14.0,78.0,9.0
PL_Warsaw,2026-09-21T18:00Z,11.4,95,10.7,9.7,1.7,41,1003.9,12.7,23.8,321,35.3,0.0,0.0,0.0
US_BPAT_Portland,2026-09-21T18:00Z,16.2,74,11.6,16.1,0.0,81,1013.5,3.7,4.9,321,16.2,292.0,193.2,185.0
US_CISO_LosAngeles,2026-09-21T18:00Z,22.9,63,15.4,23.8,0.0,95,1004.3,6.3,8.8,165,20.2,275.0,44.9,244.0
US_CISO_SanFrancisco,2026-09-21T18:00Z,16.6,74,12.0,15.4,0.0,99,1013.3,12.2,16.0,226,36.7,360.0,104.0,295.0
US_ERCO_Dallas,2026-09-21T18:00Z,31.4,48,19.2,33.5,0.0,50,999.7,13.6,19.7,126,32.8,675.0,615.0,169.0
US_ERCO_Houston,2026-09-21T18:00Z,34.5,49,22.1,40.5,0.0,8,1011.4,3.7,4.9,54,19.8,803.0,777.8,139.0
US_ISNE_Boston,2026-09-21T18:00Z,18.7,53,9.0,17.5,0.0,19,1019.0,13.9,19.5,52,37.1,741.0,890.1,97.0
US_MISO_Chicago,2026-09-21T18:00Z,17.2,79,13.6,15.5,0.0,98,989.6,19.6,29.0,57,46.1,307.0,48.2,271.0
US_NYIS_NewYork,2026-09-21T18:00Z,21.4,59,13.0,21.5,0.0,42,1016.0,9.8,14.1,44,34.9,659.0,555.2,243.0
US_PJM_Philadelphia,2026-09-21T18:00Z,21.2,67,14.7,21.2,0.0,100,1016.6,10.5,15.3,69,31.7,299.0,34.2,273.0
US_SWPP_OklahomaCity,2026-09-21T18:00Z,25.7,67,19.2,27.0,0.0,100,975.7,14.2,20.7,14,35.3,472.0,124.4,373.0
VN_DaNang,2026-09-21T18:00Z,25.6,91,24.0,31.3,1.6,90,1010.8,2.3,2.8,79,12.2,0.0,0.0,0.0
VN_HaNoi,2026-09-21T18:00Z,26.9,88,24.6,32.3,0.0,0,1009.4,7.0,15.4,191,14.4,0.0,0.0,0.0
VN_HoChiMinh,2026-09-21T18:00Z,25.6,93,24.4,31.0,1.7,100,1008.6,6.5,12.2,326,16.9,0.0,0.0,0.0
AT_Vienna,2026-09-21T19:00Z,14.0,62,6.9,11.0,0.1,56,1002.1,15.3,28.0,316,34.9,0.0,0.0,0.0
BE_Brussels,2026-09-21T19:00Z,15.1,69,9.4,13.8,0.0,13,1027.7,8.1,18.4,341,16.6,0.0,0.0,0.0
DE_Berlin,2026-09-21T19:00Z,13.8,70,8.5,11.2,0.0,99,1020.9,14.8,27.3,304,31.0,0.0,0.0,0.0
DE_Hamburg,2026-09-21T19:00Z,13.2,78,9.5,11.1,0.0,30,1025.6,13.4,24.8,318,32.0,0.0,0.0,0.0
DE_Munich,2026-09-21T19:00Z,11.8,71,6.7,10.3,0.0,59,967.6,4.2,12.5,332,11.2,0.0,0.0,0.0
ES_Madrid,2026-09-21T19:00Z,28.8,20,3.6,26.4,0.0,3,947.7,5.6,13.5,226,12.6,1.0,0.0,1.0
FR_Paris,2026-09-21T19:00Z,19.2,44,6.8,17.5,0.0,0,1024.5,5.6,14.3,33,15.1,0.0,0.0,0.0
NL_Amsterdam,2026-09-21T19:00Z,14.0,82,10.9,13.5,0.0,23,1029.3,5.2,16.1,299,10.4,0.0,0.0,0.0
PL_Warsaw,2026-09-21T19:00Z,10.3,96,9.7,8.5,0.4,68,1004.0,11.6,22.6,303,26.3,0.0,0.0,0.0
US_BPAT_Portland,2026-09-21T19:00Z,17.5,68,11.5,17.4,0.0,95,1013.1,3.4,4.5,331,15.5,373.0,168.4,264.0
US_CISO_LosAngeles,2026-09-21T19:00Z,23.9,57,14.8,24.6,0.0,99,1004.0,5.5,7.6,168,19.8,347.0,71.3,291.0
US_CISO_SanFrancisco,2026-09-21T19:00Z,17.2,72,12.0,15.7,0.0,100,1013.0,13.9,18.2,229,37.1,506.0,228.9,339.0
US_ERCO_Dallas,2026-09-21T19:00Z,34.0,38,17.5,37.0,0.1,29,998.6,1.6,2.3,122,31.3,633.0,541.6,177.0
US_ERCO_Houston,2026-09-21T19:00Z,35.5,45,21.8,41.3,0.1,16,1010.3,5.7,7.5,80,23.0,842.0,827.5,124.0
US_ISNE_Boston,2026-09-21T19:00Z,18.5,53,8.7,16.7,0.0,44,1019.2,13.2,18.7,61,34.9,624.0,747.5,134.0
US_MISO_Chicago,2026-09-21T19:00Z,17.3,77,13.3,15.3,0.0,96,989.6,20.2,29.9,60,47.9,363.0,140.5,260.0
US_NYIS_NewYork,2026-09-21T19:00Z,21.7,57,12.8,21.8,0.0,48,1015.7,9.8,14.5,49,27.4,667.0,788.0,124.0
US_PJM_Philadelphia,2026-09-21T19:00Z,21.4,66,14.7,21.4,0.0,100,1016.3,10.5,15.4,64,27.0,368.0,115.2,287.0
US_SWPP_OklahomaCity,2026-09-21T19:00Z,26.3,64,18.9,27.4,0.1,73,975.0,14.9,22.3,16,37.1,450.0,161.6,318.0
VN_DaNang,2026-09-21T19:00Z,25.2,95,24.4,30.6,0.1,99,1010.1,6.3,9.2,276,11.9,0.0,0.0,0.0
VN_HaNoi,2026-09-21T19:00Z,26.4,89,24.3,31.8,0.0,0,1009.0,5.6,14.1,195,12.6,0.0,0.0,0.0
VN_HoChiMinh,2026-09-21T19:00Z,24.8,97,24.3,29.8,4.4,100,1007.6,8.5,15.6,336,15.8,0.0,0.0,0.0
AT_Vienna,2026-09-21T20:00Z,12.5,75,8.1,9.5,0.3,52,1002.3,16.7,30.1,299,36.4,0.0,0.0,0.0
BE_Brussels,2026-09-21T20:00Z,14.3,72,9.4,13.2,0.0,10,1027.8,6.3,15.7,347,16.2,0.0,0.0,0.0
DE_Berlin,2026-09-21T20:00Z,13.6,71,8.3,11.0,0.0,100,1021.4,14.1,25.8,308,31.7,0.0,0.0,0.0
DE_Hamburg,2026-09-21T20:00Z,12.7,81,9.5,10.8,0.0,7,1025.8,12.0,23.2,316,27.7,0.0,0.0,0.0
DE_Munich,2026-09-21T20:00Z,11.3,74,6.7,9.8,0.0,14,967.5,3.9,7.7,309,8.6,0.0,0.0,0.0
ES_Madrid,2026-09-21T20:00Z,27.7,22,3.8,25.4,0.0,1,947.7,5.5,14.6,254,12.6,0.0,0.0,0.0
FR_Paris,2026-09-21T20:00Z,18.4,48,7.1,16.7,0.0,0,1024.5,6.3,15.3,58,13.0,0.0,0.0,0.0
NL_Amsterdam,2026-09-21T20:00Z,13.6,84,10.9,13.1,0.0,9,1029.2,4.8,15.7,304,10.4,0.0,0.0,0.0
PL_Warsaw,2026-09-21T20:00Z,9.9,94,9.1,8.4,4.3,91,1004.2,8.7,17.5,287,23.4,0.0,0.0,0.0
US_BPAT_Portland,2026-09-21T20:00Z,18.6,64,11.8,18.6,0.0,99,1012.7,3.8,4.9,343,16.6,461.0,208.0,316.0
US_CISO_LosAngeles,2026-09-21T20:00Z,24.8,51,14.0,25.4,0.0,98,1003.4,4.5,6.1,157,18.7,409.0,119.5,310.0
US_CISO_SanFrancisco,2026-09-21T20:00Z,17.5,71,12.1,16.1,0.0,100,1012.6,15.6,20.6,233,41.4,594.0,345.2,323.0
US_ERCO_Dallas,2026-09-21T20:00Z,34.8,35,17.0,37.6,0.0,15,997.3,2.7,3.8,109,16.9,673.0,646.7,153.0
US_ERCO_Houston,2026-09-21T20:00Z,35.6,44,21.3,40.5,0.0,43,1009.2,6.4,8.7,82,24.1,770.0,787.6,122.0
US_ISNE_Boston,2026-09-21T20:00Z,18.0,57,9.3,16.2,0.0,94,1019.0,11.2,16.1,70,33.1,423.0,495.1,154.0
US_MISO_Chicago,2026-09-21T20:00Z,17.6,75,13.0,15.8,0.0,90,989.2,18.8,27.9,58,47.9,376.0,179.3,256.0
US_NYIS_NewYork,2026-09-21T20:00Z,21.5,58,12.8,20.9,0.0,92,1015.4,9.6,14.4,57,27.4,517.0,685.2,118.0
US_PJM_Philadelphia,2026-09-21T20:00Z,21.0,66,14.3,21.0,0.0,100,1016.1,9.8,14.4,68,27.4,197.0,38.4,174.0
US_SWPP_OklahomaCity,2026-09-21T20:00Z,26.6,63,19.1,27.8,0.0,100,974.2,14.6,21.6,32,39.2,537.0,329.8,279.0
VN_DaNang,2026-09-21T20:00Z,25.2,96,24.5,30.8,0.0,82,1009.7,5.2,10.1,310,13.3,0.0,0.0,0.0
VN_HaNoi,2026-09-21T20:00Z,26.0,90,24.2,31.7,0.0,0,1008.9,3.6,10.8,195,10.4,0.0,0.0,0.0
VN_HoChiMinh,2026-09-21T20:00Z,24.8,98,24.4,30.1,3.6,100,1007.2,6.9,13.8,324,16.6,0.0,0.0,0.0
AT_Vienna,2026-09-21T21:00Z,11.4,82,8.4,8.7,0.2,11,1002.2,15.5,28.5,285,40.3,0.0,0.0,0.0
BE_Brussels,2026-09-21T21:00Z,13.5,78,9.7,12.9,0.0,0,1027.8,3.5,10.8,357,12.2,0.0,0.0,0.0
DE_Berlin,2026-09-21T21:00Z,13.2,72,8.3,10.7,0.0,100,1021.7,13.6,24.5,304,29.5,0.0,0.0,0.0
DE_Hamburg,2026-09-21T21:00Z,12.2,83,9.4,10.4,0.0,3,1025.8,10.8,22.0,316,24.8,0.0,0.0,0.0
DE_Munich,2026-09-21T21:00Z,10.3,78,6.7,8.5,0.0,17,967.5,6.8,9.4,267,13.0,0.0,0.0,0.0
ES_Madrid,2026-09-21T21:00Z,27.0,23,3.9,24.5,0.0,5,947.7,7.1,17.0,280,14.8,0.0,0.0,0.0
FR_Paris,2026-09-21T21:00Z,17.5,51,7.2,16.0,0.0,0,1024.6,5.0,13.8,79,13.0,0.0,0.0,0.0
NL_Amsterdam,2026-09-21T21:00Z,13.3,85,10.8,12.9,0.0,5,1028.9,4.2,14.0,307,9.0,0.0,0.0,0.0
PL_Warsaw,2026-09-21T21:00Z,9.9,96,9.3,8.1,1.4,80,1004.5,10.3,20.6,286,20.9,0.0,0.0,0.0
US_BPAT_Portland,2026-09-21T21:00Z,20.0,59,11.8,20.2,0.0,100,1012.2,4.3,5.8,346,18.4,601.0,516.0,240.0
US_CISO_LosAngeles,2026-09-21T21:00Z,25.8,45,13.0,26.1,0.0,91,1002.3,4.7,6.3,175,18.0,475.0,152.1,351.0
US_CISO_SanFrancisco,2026-09-21T21:00Z,17.5,71,12.3,16.4,0.0,98,1012.3,16.5,22.0,241,43.9,670.0,539.9,245.0
US_ERCO_Dallas,2026-09-21T21:00Z,35.4,32,16.3,37.4,0.0,16,996.4,3.7,4.9,86,18.0,608.0,681.5,123.0
US_ERCO_Houston,2026-09-21T21:00Z,35.2,43,20.8,38.5,0.0,91,1008.7,9.7,12.9,148,28.8,648.0,717.4,130.0
US_ISNE_Boston,2026-09-21T21:00Z,17.0,66,10.5,15.6,0.0,96,1019.2,10.5,15.5,92,28.1,207.0,233.3,115.0
US_MISO_Chicago,2026-09-21T21:00Z,17.7,73,12.8,16.0,0.0,70,989.0,17.6,26.9,46,44.3,313.0,278.3,157.0
US_NYIS_NewYork,2026-09-21T21:00Z,20.9,60,12.8,20.3,0.0,70,1015.7,10.1,15.2,69,25.9,342.0,495.2,126.0
US_PJM_Philadelphia,2026-09-21T21:00Z,20.8,68,14.7,21.2,0.0,100,1016.2,8.1,13.8,79,23.8,99.0,13.2,93.0
US_SWPP_OklahomaCity,2026-09-21T21:00Z,26.4,64,19.0,27.9,0.0,51,973.1,12.6,18.7,54,37.1,391.0,151.1,286.0
VN_DaNang,2026-09-21T21:00Z,24.8,95,23.9,30.6,0.6,95,1009.9,1.6,2.1,255,10.4,0.0,0.0,0.0
VN_HaNoi,2026-09-21T21:00Z,25.7,91,24.2,31.4,0.0,0,1009.0,2.9,8.5,198,6.8,0.0,0.0,0.0
VN_HoChiMinh,2026-09-21T21:00Z,24.8,97,24.3,30.0,2.7,100,1006.7,7.7,14.8,329,14.8,0.0,0.0,0.0
AT_Vienna,2026-09-21T22:00Z,12.0,76,7.9,9.0,0.0,23,1001.8,16.8,32.8,304,35.3,0.0,0.0,0.0
BE_Brussels,2026-09-21T22:00Z,13.0,80,9.7,12.7,0.0,0,1027.7,1.6,7.9,16,6.5,0.0,0.0,0.0
DE_Berlin,2026-09-21T22:00Z,12.9,75,8.5,10.5,0.0,100,1021.8,13.4,23.9,300,28.4,0.0,0.0,0.0
DE_Hamburg,2026-09-21T22:00Z,11.6,86,9.4,10.1,0.0,23,1026.1,9.0,19.9,323,22.3,0.0,0.0,0.0
DE_Munich,2026-09-21T22:00Z,9.8,79,6.3,7.8,0.0,23,967.1,7.0,12.2,262,13.7,0.0,0.0,0.0
ES_Madrid,2026-09-21T22:00Z,26.3,24,4.4,23.8,0.0,5,947.4,7.8,19.1,278,16.6,0.0,0.0,0.0
FR_Paris,2026-09-21T22:00Z,16.6,55,7.5,15.4,0.0,0,1024.4,3.6,11.4,85,10.4,0.0,0.0,0.0
NL_Amsterdam,2026-09-21T22:00Z,13.0,86,10.8,12.9,0.0,2,1029.0,2.4,13.2,315,6.8,0.0,0.0,0.0
PL_Warsaw,2026-09-21T22:00Z,10.0,96,9.4,7.9,0.0,28,1004.5,12.7,25.0,297,24.5,0.0,0.0,0.0
US_BPAT_Portland,2026-09-21T22:00Z,20.5,58,12.0,20.6,0.0,100,1011.6,3.4,4.7,342,18.4,546.0,453.5,249.0
US_CISO_LosAngeles,2026-09-21T22:00Z,27.1,41,12.8,27.6,0.0,35,1001.5,6.9,9.7,207,23.4,660.0,637.6,184.0
US_CISO_SanFrancisco,2026-09-21T22:00Z,17.4,73,12.6,15.8,0.0,100,1012.0,16.9,22.7,247,44.6,573.0,406.2,274.0
US_ERCO_Dallas,2026-09-21T22:00Z,35.7,30,15.2,36.8,0.0,46,996.3,4.2,5.4,60,18.0,497.0,700.5,97.0
US_ERCO_Houston,2026-09-21T22:00Z,33.4,47,20.6,36.2,0.1,34,1008.5,9.0,12.6,183,31.7,442.0,431.5,195.0
US_ISNE_Boston,2026-09-21T22:00Z,16.4,69,10.7,15.3,0.0,82,1019.2,9.0,14.4,94,25.2,139.0,328.8,67.0
US_MISO_Chicago,2026-09-21T22:00Z,17.9,72,12.8,16.3,0.0,84,988.7,16.5,26.3,48,41.8,246.0,265.9,136.0
US_NYIS_NewYork,2026-09-21T22:00Z,19.9,63,12.8,19.4,0.0,71,1015.9,9.2,15.8,78,25.2,158.0,295.4,81.0
US_PJM_Philadelphia,2026-09-21T22:00Z,20.4,73,15.4,21.0,0.0,100,1016.2,7.7,14.6,87,18.4,51.0,10.8,48.0
US_SWPP_OklahomaCity,2026-09-21T22:00Z,26.8,63,19.1,28.8,0.0,0,972.9,9.8,14.0,47,32.4,481.0,642.0,121.0
VN_DaNang,2026-09-21T22:00Z,25.0,95,24.1,30.3,1.2,100,1010.0,6.0,11.1,348,9.7,0.0,0.0,0.0
VN_HaNoi,2026-09-21T22:00Z,25.5,93,24.3,31.7,0.0,0,1009.2,0.6,4.4,212,5.4,0.0,0.0,0.0
VN_HoChiMinh,2026-09-21T22:00Z,24.8,94,23.8,29.5,2.2,100,1006.8,8.6,16.8,332,16.2,0.0,0.0,0.0
AT_Vienna,2026-09-21T23:00Z,12.5,70,7.2,9.2,0.0,33,1001.7,17.1,31.3,315,40.0,0.0,0.0,0.0
BE_Brussels,2026-09-21T23:00Z,12.6,82,9.6,12.3,0.0,0,1027.7,1.7,7.4,18,2.5,0.0,0.0,0.0
DE_Berlin,2026-09-21T23:00Z,12.6,76,8.5,10.2,0.0,100,1021.9,14.1,24.7,302,30.2,0.0,0.0,0.0
DE_Hamburg,2026-09-21T23:00Z,11.2,88,9.4,9.9,0.0,32,1026.4,7.6,17.9,331,18.0,0.0,0.0,0.0
DE_Munich,2026-09-21T23:00Z,9.6,79,6.2,7.6,0.0,61,966.8,7.4,15.0,267,14.0,0.0,0.0,0.0
ES_Madrid,2026-09-21T23:00Z,25.0,28,5.2,23.3,0.0,23,947.1,3.2,12.5,274,15.8,0.0,0.0,0.0
FR_Paris,2026-09-21T23:00Z,15.9,59,7.9,14.9,0.0,0,1024.4,3.1,9.5,79,7.6,0.0,0.0,0.0
NL_Amsterdam,2026-09-21T23:00Z,12.7,88,10.8,12.8,0.0,11,1029.1,1.2,10.1,319,4.7,0.0,0.0,0.0
PL_Warsaw,2026-09-21T23:00Z,9.5,96,9.0,7.4,0.0,19,1004.2,12.8,25.4,296,25.2,0.0,0.0,0.0
US_BPAT_Portland,2026-09-21T23:00Z,21.0,57,12.2,21.3,0.0,100,1011.3,1.9,2.6,12,16.2,458.0,457.7,199.0
US_CISO_LosAngeles,2026-09-21T23:00Z,26.6,44,13.3,26.3,0.0,2,1001.1,10.1,14.1,217,28.8,592.0,777.9,104.0
US_CISO_SanFrancisco,2026-09-21T23:00Z,17.2,75,12.7,15.5,0.0,100,1011.8,17.4,23.5,248,45.4,475.0,384.2,231.0
US_ERCO_Dallas,2026-09-21T23:00Z,34.6,31,15.3,35.0,0.1,37,996.3,9.0,12.4,56,25.2,267.0,467.1,84.0
US_ERCO_Houston,2026-09-21T23:00Z,33.5,46,20.1,36.3,0.2,38,1008.5,7.0,10.1,147,25.9,280.0,476.6,97.0
US_ISNE_Boston,2026-09-21T23:00Z,15.4,75,11.0,14.6,0.0,72,1019.6,7.8,16.8,81,19.4,21.0,85.3,14.0
US_MISO_Chicago,2026-09-21T23:00Z,17.4,76,13.0,15.6,0.0,99,988.6,18.4,30.5,51,43.2,126.0,200.8,78.0
US_NYIS_NewYork,2026-09-21T23:00Z,19.2,68,13.2,19.4,0.0,85,1016.2,5.6,14.1,73,20.9,30.0,106.8,19.0
US_PJM_Philadelphia,2026-09-21T23:00Z,19.5,79,15.8,20.3,0.1,100,1016.7,8.0,15.4,97,16.9,6.0,0.0,6.0
US_SWPP_OklahomaCity,2026-09-21T23:00Z,26.1,66,19.4,28.4,0.0,2,973.0,8.6,12.6,31,26.6,317.0,576.6,93.0
VN_DaNang,2026-09-21T23:00Z,25.1,95,24.3,30.9,0.5,93,1010.6,3.1,6.7,344,18.0,5.0,14.7,4.0
VN_HaNoi,2026-09-21T23:00Z,25.4,93,24.3,31.5,0.0,0,1009.7,1.0,1.0,329,2.5,1.0,0.0,1.0
VN_HoChiMinh,2026-09-21T23:00Z,24.7,97,24.2,29.6,1.0,100,1007.4,9.1,17.0,330,18.0,2.0,0.0,2.0
