location,time,temperature_2m,relative_humidity_2m,dew_point_2m,apparent_temperature,precipitation,cloud_cover,surface_pressure,wind_speed_10m,wind_speed_100m,wind_direction_100m,wind_gusts_10m,shortwave_radiation,direct_normal_irradiance,diffuse_radiation
AT_Vienna,2026-10-01T00:00Z,15.2,60,7.5,12.7,0.0,5,1002.4,12.6,27.4,153,28.1,0.0,0.0,0.0
AU_NSW1_Sydney,2026-10-01T00:00Z,26.2,31,8.0,25.4,0.0,54,1015.7,9.0,13.4,319,23.8,729.0,872.1,103.0
AU_QLD1_Brisbane,2026-10-01T00:00Z,21.9,52,11.5,22.9,0.0,45,1027.2,6.6,9.2,70,22.3,801.0,900.7,103.0
AU_SA1_Adelaide,2026-10-01T00:00Z,18.6,90,16.8,20.7,0.4,98,1011.6,2.4,3.9,338,19.8,336.0,176.7,231.0
AU_TAS1_Hobart,2026-10-01T00:00Z,18.6,65,11.9,17.5,0.0,67,1010.8,11.1,17.3,297,39.6,464.0,373.8,234.0
AU_VIC1_Melbourne,2026-10-01T00:00Z,18.7,84,16.0,19.5,0.2,98,1016.5,8.4,10.8,260,18.7,281.0,108.5,212.0
BE_Brussels,2026-10-01T00:00Z,18.3,95,17.5,19.1,0.1,91,1013.8,12.8,25.3,186,23.8,0.0,0.0,0.0
DE_Berlin,2026-10-01T00:00Z,15.6,64,8.7,13.2,0.0,46,1019.1,14.3,29.7,124,27.4,0.0,0.0,0.0
DE_Hamburg,2026-10-01T00:00Z,15.8,68,10.0,13.7,0.0,84,1018.5,14.0,29.4,123,25.6,0.0,0.0,0.0
DE_Munich,2026-10-01T00:00Z,13.6,88,11.6,13.5,0.0,0,959.6,3.9,5.6,186,5.8,0.0,0.0,0.0
ES_Madrid,2026-10-01T00:00Z,18.7,61,11.0,18.4,0.0,76,943.7,4.2,11.1,279,6.1,0.0,0.0,0.0
FR_Paris,2026-10-01T00:00Z,17.8,97,17.3,19.0,0.3,100,1011.9,8.9,18.6,240,21.2,0.0,0.0,0.0
GB_Glasgow,2026-10-01T00:00Z,12.0,87,9.9,10.8,0.0,34,1008.5,7.7,19.5,183,20.9,0.0,0.0,0.0
GB_London,2026-10-01T00:00Z,15.0,92,13.7,15.3,2.0,8,1011.9,6.2,12.9,223,24.1,0.0,0.0,0.0
GB_Manchester,2026-10-01T00:00Z,13.6,87,11.5,13.1,1.1,100,1006.0,6.5,15.2,199,15.1,0.0,0.0,0.0
NL_Amsterdam,2026-10-01T00:00Z,18.1,96,17.4,19.5,0.0,100,1015.5,8.5,19.8,147,27.4,0.0,0.0,0.0
PL_Warsaw,2026-10-01T00:00Z,12.0,75,7.7,9.6,0.0,100,1018.3,11.8,25.6,129,23.4,0.0,0.0,0.0
US_AZPS_Phoenix,2026-10-01T00:00Z,27.0,44,13.6,27.6,0.0,15,969.8,3.3,4.2,133,11.5,277.0,596.5,70.0
US_BPAT_Portland,2026-10-01T00:00Z,21.1,34,4.7,18.7,0.0,28,1012.7,7.9,11.0,360,23.4,311.0,519.7,110.0
US_CISO_LosAngeles,2026-10-01T00:00Z,28.6,47,16.3,29.2,0.0,0,997.8,10.1,13.5,225,30.6,380.0,731.5,72.0
US_CISO_SanFrancisco,2026-10-01T00:00Z,19.4,67,13.1,18.4,0.0,5,1006.8,13.7,26.0,265,36.0,385.0,594.4,121.0
US_DUK_Charlotte,2026-10-01T00:00Z,23.9,60,15.6,25.7,0.0,92,991.7,0.6,2.6,115,5.8,0.0,0.0,0.0
US_ERCO_Dallas,2026-10-01T00:00Z,26.0,90,24.1,30.3,0.0,55,992.3,12.1,23.3,140,15.8,69.0,204.6,39.0
US_ERCO_Houston,2026-10-01T00:00Z,29.6,69,23.3,33.1,0.0,73,1006.5,14.1,24.8,136,35.3,75.0,260.2,38.0
US_FPL_Miami,2026-10-01T00:00Z,27.8,74,22.6,30.5,0.1,67,1015.2,17.2,26.8,112,36.0,0.0,0.0,0.0
US_ISNE_Boston,2026-10-01T00:00Z,17.0,87,14.8,17.9,0.0,98,1017.0,4.8,12.5,215,7.9,0.0,0.0,0.0
US_MISO_Chicago,2026-10-01T00:00Z,18.1,93,16.9,17.9,0.1,100,981.3,18.1,33.6,200,28.4,2.0,0.0,2.0
US_MISO_Minneapolis,2026-10-01T00:00Z,20.0,88,18.0,22.6,0.0,100,977.9,2.2,7.5,215,13.0,34.0,94.8,25.0
US_NEVP_LasVegas,2026-10-01T00:00Z,33.9,12,0.6,30.8,0.0,0,938.5,7.1,9.9,335,21.2,342.0,757.9,61.0
US_NYIS_NewYork,2026-10-01T00:00Z,19.2,86,16.8,20.7,0.0,93,1015.7,6.0,14.7,186,16.6,0.0,0.0,0.0
US_PJM_Philadelphia,2026-10-01T00:00Z,20.8,80,17.3,22.6,0.0,54,1017.1,5.5,14.1,217,10.4,0.0,0.0,0.0
US_PSCO_Denver,2026-10-01T00:00Z,19.2,42,6.1,17.3,0.0,100,839.5,6.0,10.9,20,18.0,57.0,4.4,56.0
US_SCL_Seattle,2026-10-01T00:00Z,15.9,69,10.3,14.5,0.0,74,1010.2,10.5,14.4,348,28.8,306.0,600.8,86.0
US_SOCO_Atlanta,2026-10-01T00:00Z,24.8,55,15.2,25.1,0.0,0,981.5,9.7,19.9,110,16.6,6.0,35.7,4.0
US_SWPP_KansasCity,2026-10-01T00:00Z,22.1,96,21.5,25.5,0.2,98,976.0,8.6,18.3,114,23.8,22.0,0.0,22.0
US_SWPP_OklahomaCity,2026-10-01T00:00Z,23.5,94,22.5,26.3,0.2,100,965.1,16.1,31.3,189,45.4,41.0,62.0,32.0
US_TVA_Nashville,2026-10-01T00:00Z,28.9,29,8.9,27.1,0.0,51,997.7,10.2,22.0,176,22.0,12.0,72.1,7.0
VN_DaNang,2026-10-01T00:00Z,27.6,88,25.4,33.9,0.0,2,1012.6,4.3,6.7,188,11.5,140.0,439.3,50.0
VN_HaNoi,2026-10-01T00:00Z,28.3,92,27.0,35.5,0.0,0,1009.7,6.4,11.3,126,20.2,84.0,215.7,49.0
VN_HoChiMinh,2026-10-01T00:00Z,26.7,92,25.2,32.8,0.0,99,1011.8,5.2,8.1,39,12.6,117.0,322.5,56.0
AT_Vienna,2026-10-01T01:00Z,15.0,61,7.4,12.4,0.0,1,1002.3,13.2,28.3,155,28.1,0.0,0.0,0.0
AU_NSW1_Sydney,2026-10-01T01:00Z,27.6,25,5.6,27.1,0.0,64,1014.9,8.1,12.1,318,24.5,847.0,912.1,105.0
AU_QLD1_Brisbane,2026-10-01T01:00Z,22.5,51,11.9,23.6,0.0,17,1026.7,6.9,9.8,66,22.7,812.0,697.3,205.0
AU_SA1_Adelaide,2026-10-01T01:00Z,19.5,84,16.8,20.9,0.5,36,1011.7,7.5,9.0,202,29.9,532.0,343.3,282.0
AU_TAS1_Hobart,2026-10-01T01:00Z,19.5,51,9.0,16.9,0.1,80,1010.3,18.3,27.7,297,47.5,623.0,711.6,117.0
AU_VIC1_Melbourne,2026-10-01T01:00Z,18.6,89,16.8,20.4,1.9,91,1015.7,3.9,9.7,289,27.7,189.0,40.2,159.0
BE_Brussels,2026-10-01T01:00Z,18.5,96,17.8,19.6,0.2,100,1013.5,11.3,20.8,197,24.5,0.0,0.0,0.0
DE_Berlin,2026-10-01T01:00Z,15.5,64,8.6,13.1,0.0,100,1019.0,13.5,28.2,126,27.7,0.0,0.0,0.0
DE_Hamburg,2026-10-01T01:00Z,15.4,70,10.0,13.4,0.0,82,1018.4,13.4,28.4,121,27.7,0.0,0.0,0.0
DE_Munich,2026-10-01T01:00Z,12.8,91,11.4,12.6,0.0,0,959.4,3.7,5.1,135,7.6,0.0,0.0,0.0
ES_Madrid,2026-10-01T01:00Z,17.9,67,11.7,18.0,0.0,82,943.9,2.4,4.8,307,8.6,0.0,0.0,0.0
FR_Paris,2026-10-01T01:00Z,17.8,95,17.0,18.6,1.8,100,1012.6,11.1,21.8,253,21.2,0.0,0.0,0.0
GB_Glasgow,2026-10-01T01:00Z,11.5,88,9.6,10.4,0.0,33,1008.9,6.8,17.8,181,15.1,0.0,0.0,0.0
GB_London,2026-10-01T01:00Z,14.4,94,13.5,14.9,0.0,20,1012.2,4.5,11.7,225,13.0,0.0,0.0,0.0
GB_Manchester,2026-10-01T01:00Z,13.2,93,12.1,12.9,2.8,99,1006.1,6.3,15.0,183,12.2,0.0,0.0,0.0
NL_Amsterdam,2026-10-01T01:00Z,17.8,97,17.4,19.0,2.6,100,1015.2,9.9,21.5,159,19.1,0.0,0.0,0.0
PL_Warsaw,2026-10-01T01:00Z,11.7,76,7.5,9.4,0.0,100,1018.1,11.0,24.3,126,23.4,0.0,0.0,0.0
US_AZPS_Phoenix,2026-10-01T01:00Z,25.9,55,16.2,27.6,0.0,18,970.0,3.1,8.0,118,11.2,91.0,375.3,36.0
US_BPAT_Portland,2026-10-01T01:00Z,20.4,35,4.4,17.9,0.0,36,1012.7,7.6,11.7,359,20.9,175.0,524.2,55.0
US_CISO_LosAngeles,2026-10-01T01:00Z,26.4,53,16.2,27.2,0.0,0,998.0,8.9,12.7,230,26.3,176.0,551.2,51.0
US_CISO_SanFrancisco,2026-10-01T01:00Z,19.0,69,13.1,18.0,0.0,3,1006.9,13.6,26.3,267,31.3,214.0,553.0,67.0
US_DUK_Charlotte,2026-10-01T01:00Z,23.0,65,16.0,24.3,0.0,85,992.1,4.9,9.1,107,8.6,0.0,0.0,0.0
US_ERCO_Dallas,2026-10-01T01:00Z,25.2,91,23.7,29.0,1.0,81,992.7,14.8,27.5,134,32.0,1.0,0.0,1.0
US_ERCO_Houston,2026-10-01T01:00Z,28.9,74,23.7,32.9,0.0,65,1006.5,12.9,23.4,136,29.5,0.0,0.0,0.0
US_FPL_Miami,2026-10-01T01:00Z,27.8,72,22.4,30.5,0.0,93,1015.8,16.2,25.6,109,33.8,0.0,0.0,0.0
US_ISNE_Boston,2026-10-01T01:00Z,16.7,88,14.7,17.4,0.0,93,1017.3,5.9,14.3,221,10.8,0.0,0.0,0.0
US_MISO_Chicago,2026-10-01T01:00Z,18.7,92,17.4,18.7,2.0,100,981.2,17.7,33.0,207,34.6,0.0,0.0,0.0
US_MISO_Minneapolis,2026-10-01T01:00Z,20.0,88,18.0,22.6,0.0,100,978.0,1.6,6.7,226,2.9,0.0,0.0,0.0
US_NEVP_LasVegas,2026-10-01T01:00Z,32.7,13,0.5,30.1,0.0,0,938.3,3.7,7.7,24,17.3,137.0,554.3,39.0
US_NYIS_NewYork,2026-10-01T01:00Z,18.8,88,16.7,20.0,0.0,100,1015.6,7.5,16.2,188,15.5,0.0,0.0,0.0
US_PJM_Philadelphia,2026-10-01T01:00Z,20.1,81,16.8,21.5,0.0,100,1016.9,6.5,15.7,198,13.0,0.0,0.0,0.0
US_PSCO_Denver,2026-10-01T01:00Z,18.2,49,7.4,16.5,0.0,84,839.9,6.9,11.7,87,15.1,9.0,23.4,7.0
US_SCL_Seattle,2026-10-01T01:00Z,14.9,75,10.5,13.4,0.0,63,1009.9,11.2,17.6,349,23.8,151.0,420.8,61.0
US_SOCO_Atlanta,2026-10-01T01:00Z,24.1,60,15.8,24.5,0.0,0,981.8,10.7,23.1,98,19.8,0.0,0.0,0.0
US_SWPP_KansasCity,2026-10-01T01:00Z,22.5,95,21.6,25.6,0.0,99,976.0,11.1,22.2,129,19.8,0.0,0.0,0.0
US_SWPP_OklahomaCity,2026-10-01T01:00Z,24.1,94,23.1,26.9,2.5,100,964.7,18.6,33.7,166,36.7,0.0,0.0,0.0
US_TVA_Nashville,2026-10-01T01:00Z,28.3,30,9.2,26.5,0.0,3,997.9,10.4,22.5,186,19.8,0.0,0.0,0.0
VN_DaNang,2026-10-01T01:00Z,29.0,81,25.4,35.4,0.0,2,1012.9,4.1,5.6,184,14.4,371.0,654.7,84.0
VN_HaNoi,2026-10-01T01:00Z,29.7,84,26.7,36.4,0.0,26,1010.1,8.1,11.5,151,19.8,263.0,383.8,115.0
VN_HoChiMinh,2026-10-01T01:00Z,28.1,84,25.2,34.3,0.0,99,1012.2,4.0,6.0,53,13.7,336.0,516.1,114.0
AT_Vienna,2026-10-01T02:00Z,14.8,61,7.3,12.1,0.0,7,1002.5,13.1,28.4,159,28.1,0.0,0.0,0.0
AU_NSW1_Sydney,2026-10-01T02:00Z,28.2,23,5.4,28.0,0.0,99,1014.0,7.2,11.1,344,23.4,880.0,853.1,150.0
AU_QLD1_Brisbane,2026-10-01T02:00Z,23.0,49,11.8,24.5,0.0,9,1025.9,8.0,11.3,57,25.2,904.0,815.7,163.0
AU_SA1_Adelaide,2026-10-01T02:00Z,20.4,80,16.8,22.9,0.0,70,1011.2,6.1,6.3,215,22.3,712.0,584.2,236.0
AU_TAS1_Hobart,2026-10-01T02:00Z,20.6,45,8.2,18.3,0.0,55,1009.7,18.9,28.3,297,49.0,743.0,789.8,142.0
AU_VIC1_Melbourne,2026-10-01T02:00Z,21.1,71,15.6,22.1,1.0,97,1015.0,6.0,10.6,316,30.2,493.0,258.5,284.0
BE_Brussels,2026-10-01T02:00Z,18.4,96,17.8,19.4,0.0,100,1013.8,11.7,21.9,205,23.8,0.0,0.0,0.0
DE_Berlin,2026-10-01T02:00Z,15.3,65,8.6,13.0,0.0,100,1019.1,13.1,27.3,129,26.3,0.0,0.0,0.0
DE_Hamburg,2026-10-01T02:00Z,14.9,72,10.0,12.9,0.0,99,1018.3,13.5,28.1,122,27.7,0.0,0.0,0.0
DE_Munich,2026-10-01T02:00Z,12.0,95,11.2,11.6,0.0,1,959.4,5.0,4.0,188,10.1,0.0,0.0,0.0
ES_Madrid,2026-10-01T02:00Z,17.6,66,11.3,17.2,0.0,93,943.9,5.4,11.1,20,11.2,0.0,0.0,0.0
FR_Paris,2026-10-01T02:00Z,17.1,93,15.9,17.5,0.9,100,1013.2,10.3,19.9,248,21.6,0.0,0.0,0.0
GB_Glasgow,2026-10-01T02:00Z,11.5,89,9.7,10.5,0.0,84,1009.5,6.6,17.7,185,14.4,0.0,0.0,0.0
GB_London,2026-10-01T02:00Z,14.1,95,13.3,14.3,0.0,45,1012.6,5.7,15.1,237,12.2,0.0,0.0,0.0
GB_Manchester,2026-10-01T02:00Z,13.2,94,12.3,12.8,1.2,91,1006.3,7.6,17.1,188,13.7,0.0,0.0,0.0
NL_Amsterdam,2026-10-01T02:00Z,17.9,96,17.3,18.8,1.2,98,1014.9,11.2,24.6,162,20.2,0.0,0.0,0.0
PL_Warsaw,2026-10-01T02:00Z,11.2,77,7.3,8.9,0.0,100,1018.2,10.9,23.6,121,22.3,0.0,0.0,0.0
US_AZPS_Phoenix,2026-10-01T02:00Z,25.2,59,16.6,27.3,0.0,2,970.3,1.2,2.5,60,5.8,1.0,0.0,1.0
US_BPAT_Portland,2026-10-01T02:00Z,18.6,43,5.7,16.2,0.0,58,1012.9,9.0,19.0,348,16.9,33.0,189.1,16.0
US_CISO_LosAngeles,2026-10-01T02:00Z,24.6,62,16.8,26.0,0.0,0,998.4,7.0,10.6,227,22.0,20.0,120.5,10.0
US_CISO_SanFrancisco,2026-10-01T02:00Z,18.0,71,12.8,17.1,0.0,2,1007.0,12.2,26.0,267,29.5,44.0,237.6,19.0
US_DUK_Charlotte,2026-10-01T02:00Z,22.0,68,15.9,23.0,0.0,2,992.3,7.1,16.5,117,13.3,0.0,0.0,0.0
US_ERCO_Dallas,2026-10-01T02:00Z,25.7,88,23.5,29.1,0.0,5,992.9,15.6,29.7,149,31.7,0.0,0.0,0.0
US_ERCO_Houston,2026-10-01T02:00Z,28.4,77,23.9,32.6,0.0,76,1007.3,12.6,23.3,137,27.7,0.0,0.0,0.0
US_FPL_Miami,2026-10-01T02:00Z,27.6,76,23.0,30.8,0.0,70,1015.8,15.6,24.8,105,31.7,0.0,0.0,0.0
US_ISNE_Boston,2026-10-01T02:00Z,16.1,91,14.6,16.4,0.0,21,1017.4,8.4,18.5,223,16.2,0.0,0.0,0.0
US_MISO_Chicago,2026-10-01T02:00Z,18.5,92,17.1,18.8,0.3,100,981.2,15.1,28.7,207,33.1,0.0,0.0,0.0
US_MISO_Minneapolis,2026-10-01T02:00Z,19.5,90,17.8,21.6,0.0,100,978.0,4.7,9.5,205,7.9,0.0,0.0,0.0
US_NEVP_LasVegas,2026-10-01T02:00Z,30.5,16,2.1,28.5,0.0,0,938.3,1.3,5.1,132,7.9,7.0,51.8,4.0
US_NYIS_NewYork,2026-10-01T02:00Z,18.4,89,16.6,19.6,0.0,100,1015.9,7.2,17.4,197,15.5,0.0,0.0,0.0
US_PJM_Philadelphia,2026-10-01T02:00Z,19.6,84,16.7,20.7,0.0,98,1017.2,8.0,17.9,199,15.5,0.0,0.0,0.0
US_PSCO_Denver,2026-10-01T02:00Z,17.1,57,8.4,16.4,0.0,57,840.1,2.2,6.0,134,14.0,0.0,0.0,0.0
US_SCL_Seattle,2026-10-01T02:00Z,13.8,79,10.3,12.4,0.0,61,1010.1,10.5,19.5,355,22.7,26.0,132.2,15.0
US_SOCO_Atlanta,2026-10-01T02:00Z,23.6,60,15.4,23.5,0.0,0,982.0,12.5,26.5,97,23.4,0.0,0.0,0.0
US_SWPP_KansasCity,2026-10-01T02:00Z,23.0,92,21.7,25.9,0.0,76,976.0,12.7,25.7,134,23.8,0.0,0.0,0.0
US_SWPP_OklahomaCity,2026-10-01T02:00Z,24.6,93,23.4,27.5,0.1,35,964.9,19.2,34.4,171,42.8,0.0,0.0,0.0
US_TVA_Nashville,2026-10-01T02:00Z,26.9,34,9.8,25.1,0.0,0,998.4,11.8,24.3,181,20.9,0.0,0.0,0.0
VN_DaNang,2026-10-01T02:00Z,30.6,73,25.1,36.9,0.0,0,1013.2,4.7,6.4,169,16.6,593.0,766.1,102.0
VN_HaNoi,2026-10-01T02:00Z,30.9,77,26.3,37.4,0.0,22,1010.5,7.5,10.2,166,21.2,462.0,516.9,158.0
VN_HoChiMinh,2026-10-01T02:00Z,29.6,77,25.2,35.9,0.0,100,1012.3,4.2,5.9,63,15.5,555.0,620.7,157.0
AT_Vienna,2026-10-01T03:00Z,14.7,61,7.1,12.1,0.0,1,1002.7,12.7,27.8,158,27.7,0.0,0.0,0.0
AU_NSW1_Sydney,2026-10-01T03:00Z,28.7,21,4.5,27.8,0.0,99,1013.1,8.1,12.1,358,23.0,820.0,697.4,233.0
AU_QLD1_Brisbane,2026-10-01T03:00Z,23.2,47,11.4,24.3,0.0,0,1025.3,9.3,13.1,53,28.1,908.0,872.4,135.0
AU_SA1_Adelaide,2026-10-01T03:00Z,20.3,81,17.0,22.3,0.0,77,1010.9,3.2,3.1,230,19.8,471.0,188.7,311.0
AU_TAS1_Hobart,2026-10-01T03:00Z,20.7,42,7.3,18.1,0.0,55,1010.0,19.1,28.9,291,52.6,723.0,781.4,128.0
AU_VIC1_Melbourne,2026-10-01T03:00Z,20.0,78,16.1,21.8,2.0,94,1014.6,1.9,5.2,356,20.2,256.0,30.6,231.0
BE_Brussels,2026-10-01T03:00Z,18.3,96,17.7,19.2,0.0,100,1014.4,12.7,22.9,215,26.3,0.0,0.0,0.0
DE_Berlin,2026-10-01T03:00Z,15.1,65,8.6,12.7,0.0,80,1019.1,13.8,28.3,131,27.4,0.0,0.0,0.0
DE_Hamburg,2026-10-01T03:00Z,14.6,74,10.1,12.6,0.0,100,1018.3,14.0,28.7,121,28.4,0.0,0.0,0.0
DE_Munich,2026-10-01T03:00Z,11.5,97,11.1,11.1,0.0,16,959.6,4.8,3.7,231,10.4,0.0,0.0,0.0
ES_Madrid,2026-10-01T03:00Z,17.1,70,11.5,16.4,0.0,94,943.9,8.3,17.3,31,16.9,0.0,0.0,0.0
FR_Paris,2026-10-01T03:00Z,16.7,92,15.4,17.0,0.0,100,1013.7,10.4,20.0,247,19.4,0.0,0.0,0.0
GB_Glasgow,2026-10-01T03:00Z,11.5,89,9.7,10.4,0.0,70,1009.6,6.9,18.0,199,13.7,0.0,0.0,0.0
GB_London,2026-10-01T03:00Z,14.0,94,13.1,14.0,0.0,8,1013.1,7.1,17.8,227,14.8,0.0,0.0,0.0
GB_Manchester,2026-10-01T03:00Z,12.6,94,11.7,12.0,0.6,94,1006.8,7.7,18.2,198,19.8,0.0,0.0,0.0
NL_Amsterdam,2026-10-01T03:00Z,17.8,97,17.3,18.6,0.1,100,1015.0,12.6,25.7,174,24.8,0.0,0.0,0.0
PL_Warsaw,2026-10-01T03:00Z,10.9,78,7.1,8.5,0.0,100,1018.4,10.9,23.6,118,22.3,0.0,0.0,0.0
US_AZPS_Phoenix,2026-10-01T03:00Z,24.1,66,17.5,26.2,0.0,9,970.7,3.6,6.6,351,6.8,0.0,0.0,0.0
US_BPAT_Portland,2026-10-01T03:00Z,17.5,50,7.1,15.2,0.0,85,1013.3,10.4,22.0,345,21.2,0.0,0.0,0.0
US_CISO_LosAngeles,2026-10-01T03:00Z,23.5,68,17.4,25.4,0.0,0,999.0,4.9,7.2,212,16.6,0.0,0.0,0.0
US_CISO_SanFrancisco,2026-10-01T03:00Z,17.2,75,12.7,16.4,0.0,1,1007.6,10.7,21.7,256,25.6,0.0,0.0,0.0
US_DUK_Charlotte,2026-10-01T03:00Z,21.7,67,15.4,22.4,0.0,47,992.3,7.6,19.8,130,13.7,0.0,0.0,0.0
US_ERCO_Dallas,2026-10-01T03:00Z,26.1,85,23.3,29.6,0.0,1,993.3,14.7,28.5,153,31.7,0.0,0.0,0.0
US_ERCO_Houston,2026-10-01T03:00Z,28.1,78,24.0,32.4,0.0,92,1008.1,12.3,23.3,145,26.6,0.0,0.0,0.0
US_FPL_Miami,2026-10-01T03:00Z,27.5,75,22.7,30.3,0.1,88,1016.3,17.0,26.6,109,33.1,0.0,0.0,0.0
US_ISNE_Boston,2026-10-01T03:00Z,15.5,93,14.4,15.8,0.0,95,1017.1,8.5,18.7,223,16.9,0.0,0.0,0.0
US_MISO_Chicago,2026-10-01T03:00Z,18.6,92,17.4,19.5,0.3,92,981.0,11.7,23.8,223,27.7,0.0,0.0,0.0
US_MISO_Minneapolis,2026-10-01T03:00Z,18.9,91,17.5,20.9,0.0,100,978.5,4.9,13.0,194,10.8,0.0,0.0,0.0
US_NEVP_LasVegas,2026-10-01T03:00Z,29.0,18,2.3,26.6,0.0,0,938.8,4.7,12.0,225,8.3,0.0,0.0,0.0
US_NYIS_NewYork,2026-10-01T03:00Z,18.0,91,16.6,19.3,0.0,99,1015.8,6.5,17.1,204,14.8,0.0,0.0,0.0
US_PJM_Philadelphia,2026-10-01T03:00Z,18.7,88,16.7,19.8,0.0,100,1017.4,8.5,18.7,202,17.6,0.0,0.0,0.0
US_PSCO_Denver,2026-10-01T03:00Z,16.1,61,8.7,15.7,0.0,89,840.4,0.3,2.4,107,4.7,0.0,0.0,0.0
US_SCL_Seattle,2026-10-01T03:00Z,13.1,83,10.2,11.9,0.0,46,1010.3,8.8,17.1,3,20.5,0.0,0.0,0.0
US_SOCO_Atlanta,2026-10-01T03:00Z,23.3,61,15.2,23.3,0.0,0,982.2,11.4,25.2,104,23.8,0.0,0.0,0.0
US_SWPP_KansasCity,2026-10-01T03:00Z,22.7,91,21.2,25.9,0.5,99,976.3,8.4,20.8,150,25.2,0.0,0.0,0.0
US_SWPP_OklahomaCity,2026-10-01T03:00Z,24.4,91,22.9,27.0,0.0,40,965.1,19.0,34.7,168,41.4,0.0,0.0,0.0
US_TVA_Nashville,2026-10-01T03:00Z,25.9,37,10.0,24.0,0.0,0,998.8,12.8,26.4,176,23.0,0.0,0.0,0.0
VN_DaNang,2026-10-01T03:00Z,31.8,67,24.9,38.9,0.0,0,1012.9,5.9,7.6,146,19.1,772.0,825.1,113.0
VN_HaNoi,2026-10-01T03:00Z,32.2,68,25.5,38.6,0.0,23,1010.4,8.1,11.0,170,21.6,639.0,612.6,180.0
VN_HoChiMinh,2026-10-01T03:00Z,30.8,71,25.0,38.2,0.0,99,1012.3,3.5,4.8,65,15.5,747.0,716.8,168.0
AT_Vienna,2026-10-01T04:00Z,14.3,61,7.0,11.7,0.0,0,1002.9,12.2,26.8,152,27.0,0.0,0.0,0.0
AU_NSW1_Sydney,2026-10-01T04:00Z,28.4,27,7.8,27.3,0.0,100,1012.4,10.2,14.7,35,25.9,718.0,598.1,256.0
AU_QLD1_Brisbane,2026-10-01T04:00Z,23.1,46,11.0,23.6,0.0,0,1024.7,9.8,13.8,54,28.1,834.0,904.3,106.0
AU_SA1_Adelaide,2026-10-01T04:00Z,20.3,81,17.0,22.4,0.0,99,1010.6,10.4,11.9,239,26.6,734.0,615.5,226.0
AU_TAS1_Hobart,2026-10-01T04:00Z,20.2,42,6.7,17.1,0.0,100,1010.1,17.2,25.7,290,47.9,601.0,551.5,208.0
AU_VIC1_Melbourne,2026-10-01T04:00Z,20.1,82,16.9,22.4,1.0,100,1014.5,0.8,3.3,13,12.6,300.0,131.9,198.0
BE_Brussels,2026-10-01T04:00Z,18.0,97,17.5,18.9,0.0,100,1014.9,12.2,21.8,227,26.6,0.0,0.0,0.0
DE_Berlin,2026-10-01T04:00Z,14.8,66,8.4,12.3,0.0,30,1019.1,13.7,28.4,134,27.4,0.0,0.0,0.0
DE_Hamburg,2026-10-01T04:00Z,14.5,75,10.2,12.5,0.0,100,1018.2,14.0,28.3,124,28.8,0.0,0.0,0.0
DE_Munich,2026-10-01T04:00Z,10.9,98,10.7,10.3,0.0,52,959.7,5.8,4.5,230,11.5,0.0,0.0,0.0
ES_Madrid,2026-10-01T04:00Z,16.8,74,12.0,16.0,0.0,95,944.2,9.4,19.4,28,19.1,0.0,0.0,0.0
FR_Paris,2026-10-01T04:00Z,16.4,92,15.1,16.7,0.0,98,1014.1,9.4,18.9,256,19.8,0.0,0.0,0.0
GB_Glasgow,2026-10-01T04:00Z,11.4,89,9.7,10.2,0.0,7,1010.3,7.6,18.0,194,14.8,0.0,0.0,0.0
GB_London,2026-10-01T04:00Z,13.7,94,12.7,13.4,0.0,10,1013.8,7.3,18.9,223,15.1,0.0,0.0,0.0
GB_Manchester,2026-10-01T04:00Z,12.4,94,11.5,11.7,0.4,92,1007.3,8.1,17.6,186,15.8,0.0,0.0,0.0
NL_Amsterdam,2026-10-01T04:00Z,17.9,98,17.5,18.9,0.1,100,1015.4,11.4,22.5,188,24.1,0.0,0.0,0.0
PL_Warsaw,2026-10-01T04:00Z,10.5,79,7.0,8.1,0.0,100,1018.4,10.8,23.3,117,22.3,0.0,0.0,0.0
US_AZPS_Phoenix,2026-10-01T04:00Z,23.3,73,18.2,25.8,0.0,2,971.4,3.5,9.6,16,7.6,0.0,0.0,0.0
US_BPAT_Portland,2026-10-01T04:00Z,16.7,56,7.9,14.6,0.0,90,1013.5,10.6,21.6,347,21.6,0.0,0.0,0.0
US_CISO_LosAngeles,2026-10-01T04:00Z,22.9,73,17.8,25.2,0.0,0,999.5,3.2,4.9,182,11.9,0.0,0.0,0.0
US_CISO_SanFrancisco,2026-10-01T04:00Z,16.4,80,12.9,15.6,0.0,0,1008.3,11.6,19.9,240,23.0,0.0,0.0,0.0
US_DUK_Charlotte,2026-10-01T04:00Z,20.9,71,15.4,21.9,0.0,95,992.2,5.3,15.8,145,13.7,0.0,0.0,0.0
US_ERCO_Dallas,2026-10-01T04:00Z,26.3,84,23.3,29.8,0.0,10,993.8,14.7,27.8,158,30.6,0.0,0.0,0.0
US_ERCO_Houston,2026-10-01T04:00Z,28.0,78,23.8,32.1,0.0,65,1008.3,12.6,23.8,147,26.3,0.0,0.0,0.0
US_FPL_Miami,2026-10-01T04:00Z,27.5,76,22.8,30.4,0.0,96,1016.0,17.2,26.9,110,36.0,0.0,0.0,0.0
US_ISNE_Boston,2026-10-01T04:00Z,15.3,93,14.1,15.3,0.0,100,1017.1,9.3,19.7,232,18.0,0.0,0.0,0.0
US_MISO_Chicago,2026-10-01T04:00Z,18.5,93,17.3,19.8,0.0,100,980.5,8.3,18.5,225,20.9,0.0,0.0,0.0
US_MISO_Minneapolis,2026-10-01T04:00Z,18.3,93,17.2,20.2,0.0,100,978.9,4.4,12.5,207,8.3,0.0,0.0,0.0
US_NEVP_LasVegas,2026-10-01T04:00Z,27.6,21,3.1,25.5,0.0,0,939.0,3.6,11.0,255,8.6,0.0,0.0,0.0
US_NYIS_NewYork,2026-10-01T04:00Z,18.0,92,16.6,19.3,0.0,99,1015.8,6.3,17.2,218,13.3,0.0,0.0,0.0
US_PJM_Philadelphia,2026-10-01T04:00Z,18.0,91,16.5,19.1,0.0,100,1017.3,7.5,17.6,207,16.6,0.0,0.0,0.0
US_PSCO_Denver,2026-10-01T04:00Z,15.5,66,9.3,15.2,0.0,100,840.7,0.4,4.1,105,2.5,0.0,0.0,0.0
US_SCL_Seattle,2026-10-01T04:00Z,12.7,84,10.1,11.3,0.0,88,1010.7,9.4,18.7,359,19.1,0.0,0.0,0.0
US_SOCO_Atlanta,2026-10-01T04:00Z,22.5,65,15.5,22.7,0.0,0,982.4,11.0,23.6,106,21.2,0.0,0.0,0.0
US_SWPP_KansasCity,2026-10-01T04:00Z,22.2,91,20.6,24.3,1.5,100,976.1,13.7,25.6,170,27.0,0.0,0.0,0.0
US_SWPP_OklahomaCity,2026-10-01T04:00Z,24.3,89,22.4,27.0,0.0,15,965.5,16.2,29.9,166,40.3,0.0,0.0,0.0
US_TVA_Nashville,2026-10-01T04:00Z,25.2,40,10.7,23.6,0.0,0,998.9,12.2,26.8,180,23.8,0.0,0.0,0.0
VN_DaNang,2026-10-01T04:00Z,32.2,66,25.0,39.5,0.0,9,1012.2,8.7,10.5,117,23.8,880.0,834.6,128.0
VN_HaNoi,2026-10-01T04:00Z,33.0,63,25.0,39.6,0.2,27,1010.1,9.0,12.1,177,23.8,757.0,649.3,200.0
VN_HoChiMinh,2026-10-01T04:00Z,31.6,68,25.1,40.4,0.0,98,1011.5,1.3,1.8,79,15.5,876.0,759.9,178.0
AT_Vienna,2026-10-01T05:00Z,13.6,63,6.8,11.0,0.0,0,1003.3,11.7,26.1,147,25.9,0.0,0.0,0.0
AU_NSW1_Sydney,2026-10-01T05:00Z,26.8,42,12.7,25.9,0.0,95,1012.0,12.2,18.5,41,29.5,544.0,450.5,250.0
AU_QLD1_Brisbane,2026-10-01T05:00Z,22.6,47,10.6,21.9,0.0,0,1024.1,10.6,15.2,57,28.8,682.0,879.3,92.0
AU_SA1_Adelaide,2026-10-01T05:00Z,18.4,82,15.3,18.2,0.0,100,1010.7,13.6,21.7,212,33.1,346.0,134.9,245.0
AU_TAS1_Hobart,2026-10-01T05:00Z,18.6,45,6.5,15.3,0.0,100,1011.1,16.0,25.5,290,43.6,291.0,82.5,240.0
AU_VIC1_Melbourne,2026-10-01T05:00Z,17.0,95,16.3,17.8,2.0,100,1015.8,9.4,13.7,184,28.1,78.0,0.0,78.0
BE_Brussels,2026-10-01T05:00Z,17.7,98,17.3,18.5,0.1,100,1015.4,11.6,20.6,239,25.2,0.0,0.0,0.0
DE_Berlin,2026-10-01T05:00Z,14.3,68,8.4,11.8,0.0,45,1019.3,13.6,28.3,136,27.0,0.0,0.0,0.0
DE_Hamburg,2026-10-01T05:00Z,14.0,77,10.1,12.2,0.0,100,1018.7,12.3,25.1,137,28.4,0.0,0.0,0.0
DE_Munich,2026-10-01T05:00Z,10.3,100,10.3,9.2,0.0,98,959.8,7.9,9.4,234,14.4,0.0,0.0,0.0
ES_Madrid,2026-10-01T05:00Z,16.5,74,11.9,15.5,0.0,89,944.4,10.9,22.3,35,23.0,0.0,0.0,0.0
FR_Paris,2026-10-01T05:00Z,15.8,93,14.7,16.2,0.0,95,1014.8,7.6,17.3,255,18.7,0.0,0.0,0.0
GB_Glasgow,2026-10-01T05:00Z,10.8,90,9.3,9.3,0.0,63,1010.9,8.3,19.4,203,15.8,0.0,0.0,0.0
GB_London,2026-10-01T05:00Z,13.4,94,12.5,13.1,0.0,5,1014.3,7.6,19.0,225,15.8,0.0,0.0,0.0
GB_Manchester,2026-10-01T05:00Z,12.3,95,11.6,11.8,0.1,27,1008.0,6.5,15.3,200,15.5,0.0,0.0,0.0
NL_Amsterdam,2026-10-01T05:00Z,17.9,98,17.6,19.1,0.3,100,1015.9,10.2,20.5,214,21.2,0.0,0.0,0.0
PL_Warsaw,2026-10-01T05:00Z,10.2,80,6.9,7.7,0.0,99,1018.5,11.0,23.3,117,22.3,2.0,0.0,2.0
US_AZPS_Phoenix,2026-10-01T05:00Z,22.8,75,18.1,25.1,0.0,3,971.5,4.0,10.7,67,7.9,0.0,0.0,0.0
US_BPAT_Portland,2026-10-01T05:00Z,15.9,61,8.4,14.1,0.0,86,1013.5,9.2,18.9,346,21.2,0.0,0.0,0.0
US_CISO_LosAngeles,2026-10-01T05:00Z,22.4,77,18.1,24.9,0.0,0,999.7,2.9,5.3,168,7.9,0.0,0.0,0.0
US_CISO_SanFrancisco,2026-10-01T05:00Z,15.7,85,13.2,14.9,0.0,1,1008.4,11.9,18.3,226,25.9,0.0,0.0,0.0
US_DUK_Charlotte,2026-10-01T05:00Z,19.9,76,15.5,21.1,0.0,66,991.9,4.7,13.8,160,9.4,0.0,0.0,0.0
US_ERCO_Dallas,2026-10-01T05:00Z,26.7,80,22.9,29.6,0.0,7,993.4,17.2,31.5,159,36.4,0.0,0.0,0.0
US_ERCO_Houston,2026-10-01T05:00Z,27.8,78,23.7,31.8,0.1,27,1008.2,13.0,24.5,147,27.0,0.0,0.0,0.0
US_FPL_Miami,2026-10-01T05:00Z,27.5,75,22.6,30.0,0.0,84,1016.0,19.1,29.6,105,38.2,0.0,0.0,0.0
US_ISNE_Boston,2026-10-01T05:00Z,15.0,92,13.6,14.9,0.0,100,1017.1,8.8,19.4,237,18.4,0.0,0.0,0.0
US_MISO_Chicago,2026-10-01T05:00Z,18.4,94,17.4,19.9,0.1,100,980.5,7.8,17.3,255,14.8,0.0,0.0,0.0
US_MISO_Minneapolis,2026-10-01T05:00Z,17.7,95,16.9,19.5,0.0,100,978.9,4.1,11.1,210,6.5,0.0,0.0,0.0
US_NEVP_LasVegas,2026-10-01T05:00Z,26.7,22,3.4,24.9,0.0,0,939.3,1.4,8.4,290,6.8,0.0,0.0,0.0
US_NYIS_NewYork,2026-10-01T05:00Z,17.9,92,16.6,19.3,0.0,100,1015.9,6.5,17.4,234,13.0,0.0,0.0,0.0
US_PJM_Philadelphia,2026-10-01T05:00Z,17.6,93,16.5,18.9,0.0,99,1017.3,6.9,16.9,215,14.8,0.0,0.0,0.0
US_PSCO_Denver,2026-10-01T05:00Z,14.9,68,9.0,14.6,0.0,100,841.2,0.5,3.7,125,2.5,0.0,0.0,0.0
US_SCL_Seattle,2026-10-01T05:00Z,12.5,86,10.2,11.5,0.0,84,1010.4,7.4,15.9,14,18.7,0.0,0.0,0.0
US_SOCO_Atlanta,2026-10-01T05:00Z,21.5,69,15.7,21.8,0.0,0,982.2,11.3,24.2,116,21.6,0.0,0.0,0.0
US_SWPP_KansasCity,2026-10-01T05:00Z,21.7,91,20.2,23.0,0.7,100,975.5,18.2,33.5,169,34.2,0.0,0.0,0.0
US_SWPP_OklahomaCity,2026-10-01T05:00Z,23.7,90,21.9,26.1,0.2,58,965.5,16.6,30.1,162,38.5,0.0,0.0,0.0
US_TVA_Nashville,2026-10-01T05:00Z,24.8,42,10.9,23.3,0.0,0,999.0,12.2,26.5,183,22.3,0.0,0.0,0.0
VN_DaNang,2026-10-01T05:00Z,31.8,69,25.4,39.1,0.0,7,1011.6,11.9,15.2,104,30.2,914.0,829.0,134.0
VN_HaNoi,2026-10-01T05:00Z,33.6,60,24.8,40.5,0.2,27,1008.9,7.7,10.4,179,23.8,798.0,640.8,217.0
VN_HoChiMinh,2026-10-01T05:00Z,32.1,66,24.9,41.0,0.0,92,1010.6,1.2,1.7,319,13.0,917.0,801.3,143.0
AT_Vienna,2026-10-01T06:00Z,14.1,59,6.3,11.2,0.0,1,1003.7,13.5,28.0,145,27.7,56.0,304.5,24.0
AU_NSW1_Sydney,2026-10-01T06:00Z,25.3,50,14.1,24.5,0.0,88,1012.2,14.1,22.1,41,31.7,322.0,212.1,218.0
AU_QLD1_Brisbane,2026-10-01T06:00Z,22.0,45,9.5,20.2,0.0,0,1024.2,11.2,16.5,51,28.8,476.0,805.5,79.0
AU_SA1_Adelaide,2026-10-01T06:00Z,17.4,83,14.5,17.6,0.9,100,1011.7,8.9,15.1,200,31.3,95.0,0.0,95.0
AU_TAS1_Hobart,2026-10-01T06:00Z,17.8,49,6.8,14.6,0.0,100,1012.2,16.1,26.3,294,40.3,228.0,43.4,207.0
AU_VIC1_Melbourne,2026-10-01T06:00Z,13.0,90,11.4,10.4,3.8,100,1018.8,20.5,34.1,185,51.5,42.0,0.0,42.0
BE_Brussels,2026-10-01T06:00Z,17.3,97,16.8,18.2,0.6,100,1016.4,9.7,19.1,266,24.5,0.0,0.0,0.0
DE_Berlin,2026-10-01T06:00Z,14.4,67,8.3,12.0,0.0,92,1019.7,13.3,27.0,135,27.7,26.0,129.3,16.0
DE_Hamburg,2026-10-01T06:00Z,13.7,78,9.9,11.5,0.0,100,1018.5,14.2,27.9,129,26.3,9.0,0.0,9.0
DE_Munich,2026-10-01T06:00Z,11.1,93,10.0,9.8,0.0,95,960.4,8.3,15.0,247,15.1,21.0,89.8,14.0
ES_Madrid,2026-10-01T06:00Z,16.2,73,11.4,14.9,0.0,85,944.9,11.5,23.1,38,25.2,0.0,0.0,0.0
FR_Paris,2026-10-01T06:00Z,15.6,93,14.5,15.9,0.0,95,1016.0,7.9,17.4,259,16.2,0.0,0.0,0.0
GB_Glasgow,2026-10-01T06:00Z,10.3,90,8.6,8.5,0.0,4,1011.7,9.4,21.3,204,20.9,0.0,0.0,0.0
GB_London,2026-10-01T06:00Z,13.2,93,12.2,12.7,0.0,8,1015.3,8.3,19.0,228,15.8,0.0,0.0,0.0
GB_Manchester,2026-10-01T06:00Z,12.0,95,11.3,11.2,0.0,24,1008.8,7.8,18.3,213,12.2,0.0,0.0,0.0
NL_Amsterdam,2026-10-01T06:00Z,17.4,98,17.2,19.1,0.3,13,1016.2,5.6,13.9,253,19.8,1.0,0.0,1.0
PL_Warsaw,2026-10-01T06:00Z,10.6,78,7.0,8.3,0.0,99,1019.1,10.8,21.7,119,24.1,62.0,80.7,52.0
US_AZPS_Phoenix,2026-10-01T06:00Z,22.9,73,17.8,25.0,0.0,0,971.4,4.4,11.2,112,8.6,0.0,0.0,0.0
US_BPAT_Portland,2026-10-01T06:00Z,14.8,67,8.7,13.5,0.0,99,1013.7,6.1,14.7,349,18.7,0.0,0.0,0.0
US_CISO_LosAngeles,2026-10-01T06:00Z,21.7,82,18.6,24.6,0.0,0,1000.2,1.7,4.4,148,7.9,0.0,0.0,0.0
US_CISO_SanFrancisco,2026-10-01T06:00Z,14.8,90,13.1,14.1,0.0,10,1008.8,11.5,18.7,222,26.3,0.0,0.0,0.0
US_DUK_Charlotte,2026-10-01T06:00Z,18.0,82,14.9,19.1,0.0,0,992.0,3.8,13.2,175,12.2,0.0,0.0,0.0
US_ERCO_Dallas,2026-10-01T06:00Z,25.9,85,23.1,28.1,0.0,27,992.5,22.9,40.7,167,38.5,0.0,0.0,0.0
US_ERCO_Houston,2026-10-01T06:00Z,27.2,84,24.3,31.5,0.0,65,1007.5,13.4,25.4,145,29.2,0.0,0.0,0.0
US_FPL_Miami,2026-10-01T06:00Z,27.7,73,22.5,30.8,0.1,98,1015.1,14.2,23.1,93,37.8,0.0,0.0,0.0
US_ISNE_Boston,2026-10-01T06:00Z,14.5,92,13.2,14.2,0.0,100,1017.2,8.9,19.5,245,18.0,0.0,0.0,0.0
US_MISO_Chicago,2026-10-01T06:00Z,18.2,92,16.9,19.2,4.5,100,980.7,9.5,20.3,253,23.8,0.0,0.0,0.0
US_MISO_Minneapolis,2026-10-01T06:00Z,16.2,100,16.2,17.8,0.0,100,978.4,3.9,7.0,183,7.2,0.0,0.0,0.0
US_NEVP_LasVegas,2026-10-01T06:00Z,25.1,24,3.1,23.1,0.0,0,939.7,2.7,6.6,69,6.1,0.0,0.0,0.0
US_NYIS_NewYork,2026-10-01T06:00Z,17.4,94,16.4,18.7,0.0,100,1016.0,6.0,17.4,229,14.4,0.0,0.0,0.0
US_PJM_Philadelphia,2026-10-01T06:00Z,17.2,95,16.4,18.5,0.0,100,1017.5,6.6,16.4,213,13.7,0.0,0.0,0.0
US_PSCO_Denver,2026-10-01T06:00Z,14.6,67,8.5,14.0,0.0,97,841.0,1.0,6.2,339,3.6,0.0,0.0,0.0
US_SCL_Seattle,2026-10-01T06:00Z,11.9,89,10.1,10.8,0.0,86,1010.3,7.1,15.2,10,15.1,0.0,0.0,0.0
US_SOCO_Atlanta,2026-10-01T06:00Z,19.7,78,15.8,19.8,0.0,0,981.9,12.2,25.8,124,23.4,0.0,0.0,0.0
US_SWPP_KansasCity,2026-10-01T06:00Z,22.0,88,20.0,23.6,0.1,99,975.3,15.3,30.8,171,36.7,0.0,0.0,0.0
US_SWPP_OklahomaCity,2026-10-01T06:00Z,21.4,95,20.6,22.4,5.7,100,965.9,21.0,36.9,188,37.4,0.0,0.0,0.0
US_TVA_Nashville,2026-10-01T06:00Z,22.5,51,11.8,21.3,0.0,0,998.9,12.1,26.3,174,24.1,0.0,0.0,0.0
VN_DaNang,2026-10-01T06:00Z,32.1,62,24.0,38.3,0.0,15,1011.1,11.8,15.3,98,32.4,886.0,813.8,141.0
VN_HaNoi,2026-10-01T06:00Z,34.4,55,23.9,41.3,0.2,23,1008.5,5.0,6.3,160,21.6,808.0,681.4,200.0
VN_HoChiMinh,2026-10-01T06:00Z,32.9,58,23.6,40.4,0.0,84,1009.7,3.8,4.9,278,13.3,908.0,813.2,138.0
AT_Vienna,2026-10-01T07:00Z,15.6,56,6.8,13.0,0.0,1,1003.8,12.4,38.4,148,27.4,205.0,579.6,58.0
AU_NSW1_Sydney,2026-10-01T07:00Z,24.2,52,13.8,22.9,0.0,20,1012.7,16.9,26.8,36,36.0,233.0,485.0,89.0
AU_QLD1_Brisbane,2026-10-01T07:00Z,20.6,51,10.0,19.1,0.0,0,1024.8,10.3,16.3,49,27.7,244.0,657.5,58.0
AU_SA1_Adelaide,2026-10-01T07:00Z,18.1,76,13.8,18.9,0.2,99,1012.4,2.8,5.5,191,23.8,213.0,107.1,164.0
AU_TAS1_Hobart,2026-10-01T07:00Z,16.8,51,6.6,13.9,0.0,100,1013.0,13.8,23.7,287,40.0,133.0,28.2,124.0
AU_VIC1_Melbourne,2026-10-01T07:00Z,12.4,92,11.2,11.5,2.6,100,1019.4,8.4,16.1,169,41.4,33.0,0.0,33.0
BE_Brussels,2026-10-01T07:00Z,17.3,94,16.4,18.2,0.0,100,1017.5,8.9,16.5,256,19.1,16.0,0.0,16.0
DE_Berlin,2026-10-01T07:00Z,15.8,62,8.6,13.7,0.0,99,1019.8,11.5,29.0,136,28.1,126.0,290.1,69.0
DE_Hamburg,2026-10-01T07:00Z,14.2,75,9.9,12.4,0.0,100,1018.9,12.4,25.7,139,28.8,68.0,25.4,64.0
DE_Munich,2026-10-01T07:00Z,13.3,86,11.1,12.8,0.0,93,961.3,5.9,14.9,249,15.1,133.0,349.9,62.0
ES_Madrid,2026-10-01T07:00Z,16.5,70,11.0,15.0,0.0,95,945.5,11.8,23.0,38,27.4,30.0,118.1,19.0
FR_Paris,2026-10-01T07:00Z,16.0,92,14.6,16.3,0.0,97,1017.0,8.0,15.2,256,16.6,52.0,138.8,37.0
GB_Glasgow,2026-10-01T07:00Z,10.4,89,8.6,8.4,0.0,5,1012.5,11.0,23.2,208,21.6,12.0,89.2,7.0
GB_London,2026-10-01T07:00Z,13.5,92,12.2,12.9,0.0,3,1016.4,8.5,17.7,237,16.9,35.0,205.7,17.0
GB_Manchester,2026-10-01T07:00Z,11.8,96,11.3,11.1,0.0,3,1009.7,7.4,15.5,209,15.1,20.0,125.6,11.0
NL_Amsterdam,2026-10-01T07:00Z,17.9,95,17.2,19.0,0.0,28,1017.3,10.2,19.5,256,17.6,65.0,295.6,32.0
PL_Warsaw,2026-10-01T07:00Z,12.0,74,7.6,9.9,0.0,99,1019.2,9.6,22.2,114,21.6,168.0,181.8,119.0
US_AZPS_Phoenix,2026-10-01T07:00Z,22.9,71,17.4,25.0,0.0,0,971.6,3.7,9.1,105,8.6,0.0,0.0,0.0
US_BPAT_Portland,2026-10-01T07:00Z,14.4,69,8.8,13.0,0.0,99,1013.8,7.2,15.0,343,15.1,0.0,0.0,0.0
US_CISO_LosAngeles,2026-10-01T07:00Z,21.5,83,18.5,24.6,0.0,0,1000.3,0.4,0.9,180,4.0,0.0,0.0,0.0
US_CISO_SanFrancisco,2026-10-01T07:00Z,14.5,92,13.2,14.0,0.0,18,1009.0,9.7,16.4,225,25.6,0.0,0.0,0.0
US_DUK_Charlotte,2026-10-01T07:00Z,18.4,77,14.4,18.8,0.0,0,991.7,7.3,17.8,178,12.6,0.0,0.0,0.0
US_ERCO_Dallas,2026-10-01T07:00Z,26.4,79,22.5,28.7,0.0,30,993.1,20.1,35.6,172,47.5,0.0,0.0,0.0
US_ERCO_Houston,2026-10-01T07:00Z,27.4,81,23.9,31.7,0.0,86,1007.3,11.3,22.2,148,27.4,0.0,0.0,0.0
US_FPL_Miami,2026-10-01T07:00Z,28.2,69,22.0,30.8,0.1,84,1014.8,15.5,25.4,108,29.9,0.0,0.0,0.0
US_ISNE_Boston,2026-10-01T07:00Z,14.8,91,13.4,14.6,0.0,100,1017.0,9.0,19.9,248,18.0,0.0,0.0,0.0
US_MISO_Chicago,2026-10-01T07:00Z,18.3,95,17.5,19.9,0.0,100,981.0,7.3,14.4,257,16.2,0.0,0.0,0.0
US_MISO_Minneapolis,2026-10-01T07:00Z,17.2,99,17.0,18.7,0.0,100,978.4,6.0,13.3,171,11.5,0.0,0.0,0.0
US_NEVP_LasVegas,2026-10-01T07:00Z,24.4,27,4.3,22.7,0.0,0,940.3,2.5,11.0,85,6.8,0.0,0.0,0.0
US_NYIS_NewYork,2026-10-01T07:00Z,17.9,92,16.6,19.2,0.0,100,1015.8,6.5,16.3,234,14.8,0.0,0.0,0.0
US_PJM_Philadelphia,2026-10-01T07:00Z,17.4,96,16.7,18.7,0.0,98,1016.9,6.9,16.4,211,14.8,0.0,0.0,0.0
US_PSCO_Denver,2026-10-01T07:00Z,13.9,67,7.9,12.9,0.0,100,840.7,2.9,8.6,307,6.5,0.0,0.0,0.0
US_SCL_Seattle,2026-10-01T07:00Z,11.9,88,10.1,10.9,0.0,96,1010.5,7.1,16.7,359,15.1,0.0,0.0,0.0
US_SOCO_Atlanta,2026-10-01T07:00Z,19.7,78,15.7,19.8,0.0,0,982.0,11.8,24.9,129,24.8,0.0,0.0,0.0
US_SWPP_KansasCity,2026-10-01T07:00Z,22.9,85,20.2,24.5,0.0,100,975.8,15.4,29.8,188,32.0,0.0,0.0,0.0
US_SWPP_OklahomaCity,2026-10-01T07:00Z,21.2,93,20.1,22.3,2.9,100,964.7,19.1,33.3,180,44.3,0.0,0.0,0.0
US_TVA_Nashville,2026-10-01T07:00Z,22.3,51,11.8,21.2,0.0,0,998.9,11.1,24.1,174,22.3,0.0,0.0,0.0
VN_DaNang,2026-10-01T07:00Z,31.9,59,22.8,36.7,0.0,30,1010.4,13.1,17.4,100,31.7,806.0,837.1,114.0
VN_HaNoi,2026-10-01T07:00Z,34.2,56,24.2,40.6,0.3,30,1007.1,6.0,7.5,153,18.0,734.0,673.1,185.0
VN_HoChiMinh,2026-10-01T07:00Z,32.9,57,23.3,39.8,0.1,73,1008.4,3.4,4.4,258,16.9,822.0,807.0,126.0
AT_Vienna,2026-10-01T08:00Z,18.3,47,6.6,15.2,0.0,0,1004.2,15.0,26.8,140,34.9,361.0,720.1,75.0
AU_NSW1_Sydney,2026-10-01T08:00Z,22.0,57,13.0,20.1,0.0,96,1013.2,19.1,34.7,29,40.7,57.0,303.9,21.0
AU_QLD1_Brisbane,2026-10-01T08:00Z,18.5,64,11.5,17.8,0.0,0,1025.3,7.4,17.6,47,23.0,41.0,229.9,16.0
AU_SA1_Adelaide,2026-10-01T08:00Z,17.4,78,13.5,17.9,0.2,99,1012.3,4.7,8.3,174,10.1,36.0,0.0,36.0
AU_TAS1_Hobart,2026-10-01T08:00Z,15.2,60,7.5,13.1,0.0,99,1013.9,9.4,18.6,284,35.3,37.0,0.0,37.0
AU_VIC1_Melbourne,2026-10-01T08:00Z,12.6,90,11.0,11.8,1.6,100,1020.0,7.0,10.6,91,16.2,42.0,29.2,37.0
BE_Brussels,2026-10-01T08:00Z,17.7,91,16.2,18.4,0.0,100,1018.1,9.4,16.1,245,21.2,90.0,34.0,81.0
DE_Berlin,2026-10-01T08:00Z,17.6,56,8.8,15.4,0.0,93,1019.9,12.7,22.1,136,28.8,257.0,458.2,105.0
DE_Hamburg,2026-10-01T08:00Z,15.0,75,10.6,13.6,0.0,100,1019.3,10.5,24.7,142,27.4,140.0,54.4,124.0
DE_Munich,2026-10-01T08:00Z,16.6,76,12.4,16.9,0.0,99,962.2,2.8,13.1,252,14.0,291.0,556.0,94.0
ES_Madrid,2026-10-01T08:00Z,17.7,64,10.7,16.2,0.0,100,946.2,11.2,19.2,37,26.6,159.0,287.5,90.0
FR_Paris,2026-10-01T08:00Z,16.7,85,14.3,16.9,0.0,89,1017.8,8.0,12.6,259,19.4,149.0,151.0,110.0
GB_Glasgow,2026-10-01T08:00Z,11.4,84,8.8,9.3,0.0,8,1013.2,12.4,23.2,211,26.3,102.0,434.1,36.0
GB_London,2026-10-01T08:00Z,14.5,87,12.4,14.1,0.0,1,1017.1,7.9,13.7,238,19.1,163.0,516.7,51.0
GB_Manchester,2026-10-01T08:00Z,12.5,96,11.9,12.1,0.0,0,1010.6,6.6,16.1,210,15.8,125.0,390.1,53.0
NL_Amsterdam,2026-10-01T08:00Z,18.8,88,16.7,19.9,0.0,100,1017.9,8.4,18.7,259,20.9,181.0,441.8,67.0
PL_Warsaw,2026-10-01T08:00Z,13.7,69,8.0,11.7,0.0,99,1019.6,9.5,15.6,109,23.8,299.0,360.7,157.0
US_AZPS_Phoenix,2026-10-01T08:00Z,22.4,74,17.5,24.5,0.0,0,971.6,3.6,8.8,102,7.2,0.0,0.0,0.0
US_BPAT_Portland,2026-10-01T08:00Z,13.8,72,8.9,12.6,0.0,98,1014.0,6.2,14.2,348,15.5,0.0,0.0,0.0
US_CISO_LosAngeles,2026-10-01T08:00Z,20.9,86,18.5,24.0,0.0,0,1000.3,0.5,1.3,254,2.9,0.0,0.0,0.0
US_CISO_SanFrancisco,2026-10-01T08:00Z,14.4,93,13.2,14.0,0.0,23,1009.2,9.1,15.8,230,22.0,0.0,0.0,0.0
US_DUK_Charlotte,2026-10-01T08:00Z,18.2,74,13.6,18.0,0.0,0,991.5,9.0,21.0,194,16.6,0.0,0.0,0.0
US_ERCO_Dallas,2026-10-01T08:00Z,26.3,80,22.6,28.8,0.0,45,992.8,19.0,33.7,168,42.1,0.0,0.0,0.0
US_ERCO_Houston,2026-10-01T08:00Z,27.2,82,23.8,31.4,0.0,81,1006.8,11.5,22.8,149,24.1,0.0,0.0,0.0
US_FPL_Miami,2026-10-01T08:00Z,27.4,73,22.1,30.1,0.5,94,1014.6,15.6,25.0,101,31.3,0.0,0.0,0.0
US_ISNE_Boston,2026-10-01T08:00Z,14.9,91,13.5,14.8,0.0,100,1016.5,8.9,19.5,245,17.6,0.0,0.0,0.0
US_MISO_Chicago,2026-10-01T08:00Z,17.9,96,17.3,20.1,0.0,100,980.3,2.6,6.7,234,13.0,0.0,0.0,0.0
US_MISO_Minneapolis,2026-10-01T08:00Z,17.1,100,17.1,18.9,0.0,100,978.8,4.7,14.6,180,10.8,0.0,0.0,0.0
US_NEVP_LasVegas,2026-10-01T08:00Z,23.3,30,4.8,21.9,0.0,0,940.5,0.3,4.9,100,4.7,0.0,0.0,0.0
US_NYIS_NewYork,2026-10-01T08:00Z,17.6,94,16.5,18.9,0.5,100,1015.4,6.4,16.3,229,14.4,0.0,0.0,0.0
US_PJM_Philadelphia,2026-10-01T08:00Z,17.2,96,16.5,18.4,0.0,100,1016.6,7.4,17.0,213,14.4,0.0,0.0,0.0
US_PSCO_Denver,2026-10-01T08:00Z,13.9,61,6.6,12.5,0.0,88,840.8,3.6,12.4,312,8.3,0.0,0.0,0.0
US_SCL_Seattle,2026-10-01T08:00Z,11.7,90,10.1,10.9,0.0,99,1010.3,5.6,13.7,18,15.1,0.0,0.0,0.0
US_SOCO_Atlanta,2026-10-01T08:00Z,19.1,84,16.3,19.8,0.0,0,981.9,10.3,21.9,138,22.7,0.0,0.0,0.0
US_SWPP_KansasCity,2026-10-01T08:00Z,23.2,86,20.8,25.0,0.0,52,976.0,16.6,31.0,195,36.0,0.0,0.0,0.0
US_SWPP_OklahomaCity,2026-10-01T08:00Z,21.2,93,20.0,22.7,0.9,100,965.1,16.1,29.4,176,37.4,0.0,0.0,0.0
US_TVA_Nashville,2026-10-01T08:00Z,21.8,53,11.9,20.7,0.0,0,998.8,11.2,24.4,175,20.5,0.0,0.0,0.0
VN_DaNang,2026-10-01T08:00Z,31.2,64,23.7,35.7,0.0,39,1009.6,12.7,17.3,106,32.0,643.0,798.1,100.0
VN_HaNoi,2026-10-01T08:00Z,34.0,57,24.3,39.2,0.1,35,1006.5,7.5,9.7,162,18.7,572.0,596.7,165.0
VN_HoChiMinh,2026-10-01T08:00Z,31.9,61,23.5,37.5,0.9,83,1007.7,4.0,5.4,262,15.1,628.0,662.4,152.0
AT_Vienna,2026-10-01T09:00Z,20.5,38,5.8,16.8,0.0,0,1004.1,18.1,28.5,138,43.2,491.0,795.0,85.0
AU_NSW1_Sydney,2026-10-01T09:00Z,20.9,62,13.3,19.5,0.0,99,1013.5,16.4,31.3,19,40.0,0.0,0.0,0.0
AU_QLD1_Brisbane,2026-10-01T09:00Z,17.5,71,12.2,17.1,0.0,0,1026.0,7.2,18.3,41,15.1,0.0,0.0,0.0
AU_SA1_Adelaide,2026-10-01T09:00Z,16.9,79,13.1,17.1,0.0,98,1012.9,5.7,11.7,205,11.5,12.0,0.0,12.0
AU_TAS1_Hobart,2026-10-01T09:00Z,13.7,70,8.3,12.3,0.0,88,1015.2,6.5,15.1,287,26.3,1.0,0.0,1.0
AU_VIC1_Melbourne,2026-10-01T09:00Z,12.7,93,11.6,12.4,2.1,100,1020.0,5.2,10.7,73,16.2,1.0,0.0,1.0
BE_Brussels,2026-10-01T09:00Z,18.1,86,15.8,18.5,0.0,94,1019.1,11.0,16.9,248,26.3,157.0,15.2,151.0
DE_Berlin,2026-10-01T09:00Z,19.2,51,8.8,16.9,0.0,78,1020.1,13.4,20.8,136,32.4,372.0,548.3,130.0
DE_Hamburg,2026-10-01T09:00Z,16.1,73,11.3,15.1,0.0,100,1019.6,9.0,20.0,153,22.3,183.0,44.1,165.0
DE_Munich,2026-10-01T09:00Z,19.9,63,12.6,20.0,0.0,99,963.1,4.6,7.9,254,15.1,443.0,733.3,92.0
ES_Madrid,2026-10-01T09:00Z,19.7,54,10.3,18.2,0.0,98,946.8,10.5,16.5,39,27.7,316.0,409.1,147.0
FR_Paris,2026-10-01T09:00Z,17.6,78,13.8,17.6,0.0,79,1018.5,8.2,12.2,262,21.6,279.0,344.0,142.0
GB_Glasgow,2026-10-01T09:00Z,12.6,78,9.0,10.2,0.0,46,1013.7,14.4,22.6,213,31.0,226.0,599.6,58.0
GB_London,2026-10-01T09:00Z,15.8,79,12.1,15.1,0.0,1,1018.0,9.1,14.5,251,23.8,308.0,682.4,67.0
GB_Manchester,2026-10-01T09:00Z,13.6,89,11.7,12.9,0.0,6,1011.5,8.0,12.6,216,20.9,245.0,512.7,82.0
NL_Amsterdam,2026-10-01T09:00Z,18.8,80,15.2,19.1,0.0,99,1018.9,9.8,18.4,250,20.2,131.0,83.4,99.0
PL_Warsaw,2026-10-01T09:00Z,15.4,63,8.4,13.5,0.0,98,1019.7,9.9,15.7,107,25.2,415.0,512.3,165.0
US_AZPS_Phoenix,2026-10-01T09:00Z,21.9,76,17.5,24.0,0.0,0,971.5,3.6,10.0,107,7.6,0.0,0.0,0.0
US_BPAT_Portland,2026-10-01T09:00Z,13.2,76,9.0,12.1,0.0,96,1013.8,5.2,12.7,352,13.0,0.0,0.0,0.0
US_CISO_LosAngeles,2026-10-01T09:00Z,20.4,89,18.5,23.4,0.0,0,1000.1,0.2,0.7,14,2.2,0.0,0.0,0.0
US_CISO_SanFrancisco,2026-10-01T09:00Z,14.3,94,13.3,14.1,0.0,79,1009.0,8.0,14.5,232,20.5,0.0,0.0,0.0
US_DUK_Charlotte,2026-10-01T09:00Z,17.6,77,13.6,17.7,0.0,0,991.5,7.2,18.0,215,16.6,0.0,0.0,0.0
US_ERCO_Dallas,2026-10-01T09:00Z,26.0,82,22.7,28.6,0.0,64,992.7,18.6,33.2,167,42.1,0.0,0.0,0.0
US_ERCO_Houston,2026-10-01T09:00Z,27.0,83,23.8,31.4,0.0,87,1006.7,10.9,21.7,152,23.8,0.0,0.0,0.0
US_FPL_Miami,2026-10-01T09:00Z,25.4,86,22.9,29.1,2.6,98,1014.9,11.2,19.9,106,30.2,0.0,0.0,0.0
US_ISNE_Boston,2026-10-01T09:00Z,15.1,91,13.6,15.2,0.0,100,1016.6,7.5,17.4,250,17.6,0.0,0.0,0.0
US_MISO_Chicago,2026-10-01T09:00Z,18.0,96,17.4,19.5,0.0,100,980.4,7.3,11.4,185,13.0,0.0,0.0,0.0
US_MISO_Minneapolis,2026-10-01T09:00Z,17.1,100,17.1,19.2,0.0,100,978.8,2.1,10.2,198,9.4,0.0,0.0,0.0
US_NEVP_LasVegas,2026-10-01T09:00Z,22.2,31,4.1,20.3,0.0,0,940.6,3.3,3.7,209,6.1,0.0,0.0,0.0
US_NYIS_NewYork,2026-10-01T09:00Z,17.5,94,16.5,18.6,0.0,88,1015.2,7.6,17.8,227,15.5,0.0,0.0,0.0
US_PJM_Philadelphia,2026-10-01T09:00Z,17.3,95,16.5,18.6,0.0,100,1016.7,6.3,15.3,214,14.8,0.0,0.0,0.0
US_PSCO_Denver,2026-10-01T09:00Z,13.4,58,5.3,11.8,0.0,98,840.8,2.6,11.1,320,8.3,0.0,0.0,0.0
US_SCL_Seattle,2026-10-01T09:00Z,11.8,91,10.3,11.2,0.0,100,1010.1,4.2,9.0,33,12.6,0.0,0.0,0.0
US_SOCO_Atlanta,2026-10-01T09:00Z,18.8,90,17.1,20.1,0.0,1,981.9,8.0,18.2,144,19.4,0.0,0.0,0.0
US_SWPP_KansasCity,2026-10-01T09:00Z,23.1,88,21.0,25.2,0.0,76,975.6,15.3,28.8,196,35.3,0.0,0.0,0.0
US_SWPP_OklahomaCity,2026-10-01T09:00Z,21.2,96,20.6,22.9,0.9,100,964.6,16.5,29.0,167,33.1,0.0,0.0,0.0
US_TVA_Nashville,2026-10-01T09:00Z,21.6,55,12.1,20.5,0.0,0,999.1,11.6,25.2,177,21.2,0.0,0.0,0.0
VN_DaNang,2026-10-01T09:00Z,30.5,71,24.6,35.2,0.0,30,1009.8,11.8,16.3,110,30.6,428.0,706.8,84.0
VN_HaNoi,2026-10-01T09:00Z,33.0,61,24.6,37.9,1.1,49,1006.5,11.0,15.1,168,22.3,382.0,487.4,138.0
VN_HoChiMinh,2026-10-01T09:00Z,26.9,86,24.4,31.8,5.1,97,1009.1,9.6,13.4,76,19.4,370.0,455.3,131.0
AT_Vienna,2026-10-01T10:00Z,22.1,31,4.1,17.5,0.0,0,1004.3,23.0,35.2,150,54.4,580.0,837.1,89.0
AU_NSW1_Sydney,2026-10-01T10:00Z,20.4,65,13.6,19.4,0.0,95,1014.0,14.5,27.5,13,33.1,0.0,0.0,0.0
AU_QLD1_Brisbane,2026-10-01T10:00Z,17.0,75,12.4,16.8,0.0,0,1026.5,6.1,17.9,39,14.0,0.0,0.0,0.0
AU_SA1_Adelaide,2026-10-01T10:00Z,16.6,80,13.2,16.7,0.0,75,1013.7,6.8,12.6,193,14.0,0.0,0.0,0.0
AU_TAS1_Hobart,2026-10-01T10:00Z,12.5,76,8.4,11.5,0.0,88,1017.1,3.6,10.6,274,20.2,0.0,0.0,0.0
AU_VIC1_Melbourne,2026-10-01T10:00Z,12.8,94,11.8,12.5,3.4,100,1020.3,6.2,13.6,50,13.3,0.0,0.0,0.0
BE_Brussels,2026-10-01T10:00Z,19.1,76,14.7,18.9,0.1,82,1019.7,11.3,16.9,259,29.5,314.0,257.8,186.0
DE_Berlin,2026-10-01T10:00Z,20.8,47,9.0,18.6,0.0,60,1020.2,13.2,19.6,137,32.8,469.0,650.9,132.0
DE_Hamburg,2026-10-01T10:00Z,17.2,74,12.6,16.8,0.0,100,1019.8,8.5,20.0,166,19.4,170.0,34.7,153.0
DE_Munich,2026-10-01T10:00Z,21.9,54,12.1,21.5,0.0,100,963.5,6.8,9.9,274,20.2,525.0,692.6,132.0
ES_Madrid,2026-10-01T10:00Z,22.0,48,10.4,20.7,0.0,98,947.0,9.3,13.7,44,27.7,453.0,441.0,208.0
FR_Paris,2026-10-01T10:00Z,18.6,70,13.1,18.4,0.0,79,1019.0,8.0,11.8,258,22.3,414.0,488.1,166.0
GB_Glasgow,2026-10-01T10:00Z,13.5,71,8.3,10.7,0.0,63,1014.3,15.9,24.5,215,35.6,331.0,655.4,78.0
GB_London,2026-10-01T10:00Z,17.1,68,11.1,16.0,0.0,9,1018.8,9.7,15.0,260,26.6,420.0,720.1,87.0
GB_Manchester,2026-10-01T10:00Z,14.9,78,11.1,13.9,0.0,9,1012.4,9.0,13.5,229,25.6,385.0,719.9,78.0
NL_Amsterdam,2026-10-01T10:00Z,19.9,74,15.2,19.8,0.0,100,1019.5,12.4,19.8,248,26.3,268.0,179.1,182.0
PL_Warsaw,2026-10-01T10:00Z,17.0,58,8.6,15.0,0.0,95,1019.6,10.9,16.9,109,27.7,493.0,609.9,160.0
US_AZPS_Phoenix,2026-10-01T10:00Z,21.3,79,17.5,23.4,0.0,0,971.4,3.4,10.0,107,7.6,0.0,0.0,0.0
US_BPAT_Portland,2026-10-01T10:00Z,12.6,79,9.0,11.4,0.0,91,1013.6,6.2,13.8,349,12.2,0.0,0.0,0.0
US_CISO_LosAngeles,2026-10-01T10:00Z,19.8,91,18.3,22.8,0.0,0,999.8,0.2,1.9,73,1.1,0.0,0.0,0.0
US_CISO_SanFrancisco,2026-10-01T10:00Z,14.2,95,13.3,14.2,0.0,83,1008.9,6.7,12.9,230,17.6,0.0,0.0,0.0
US_DUK_Charlotte,2026-10-01T10:00Z,17.0,81,13.8,17.4,0.0,0,991.8,5.2,14.9,236,13.0,0.0,0.0,0.0
US_ERCO_Dallas,2026-10-01T10:00Z,25.8,84,22.8,28.7,0.0,36,992.9,16.9,30.1,169,39.6,0.0,0.0,0.0
US_ERCO_Houston,2026-10-01T10:00Z,26.9,82,23.7,31.3,0.0,97,1006.7,10.1,20.9,156,22.3,0.0,0.0,0.0
US_FPL_Miami,2026-10-01T10:00Z,26.3,83,23.1,29.7,0.3,63,1015.0,14.3,23.5,86,25.9,0.0,0.0,0.0
US_ISNE_Boston,2026-10-01T10:00Z,15.2,91,13.8,15.3,0.0,99,1016.6,7.9,17.9,246,15.5,0.0,0.0,0.0
US_MISO_Chicago,2026-10-01T10:00Z,18.0,96,17.4,19.5,0.2,100,980.4,8.0,15.0,173,13.7,0.0,0.0,0.0
US_MISO_Minneapolis,2026-10-01T10:00Z,16.9,94,16.0,16.9,0.6,100,980.2,14.1,26.0,319,27.0,0.0,0.0,0.0
US_NEVP_LasVegas,2026-10-01T10:00Z,22.0,30,3.7,20.3,0.0,0,940.6,1.6,4.0,273,6.1,0.0,0.0,0.0
US_NYIS_NewYork,2026-10-01T10:00Z,17.0,95,16.2,18.1,0.0,98,1015.3,7.1,17.9,234,15.1,0.0,0.0,0.0
US_PJM_Philadelphia,2026-10-01T10:00Z,17.4,94,16.5,18.6,0.0,99,1016.7,7.0,15.8,212,14.0,0.0,0.0,0.0
US_PSCO_Denver,2026-10-01T10:00Z,13.5,56,4.8,12.0,0.0,95,841.1,1.1,9.0,331,5.4,0.0,0.0,0.0
US_SCL_Seattle,2026-10-01T10:00Z,11.5,93,10.5,11.2,0.0,99,1010.0,2.8,7.2,22,9.0,0.0,0.0,0.0
US_SOCO_Atlanta,2026-10-01T10:00Z,18.5,93,17.4,20.2,0.0,1,982.5,5.7,13.5,135,14.8,0.0,0.0,0.0
US_SWPP_KansasCity,2026-10-01T10:00Z,23.1,88,21.0,25.4,0.0,100,975.7,13.9,26.7,202,32.0,0.0,0.0,0.0
US_SWPP_OklahomaCity,2026-10-01T10:00Z,21.3,97,20.7,23.2,0.0,100,964.4,15.5,28.0,169,34.2,0.0,0.0,0.0
US_TVA_Nashville,2026-10-01T10:00Z,21.3,56,12.3,20.5,0.0,0,999.5,10.7,23.8,179,21.2,0.0,0.0,0.0
VN_DaNang,2026-10-01T10:00Z,29.7,76,25.0,34.9,0.0,20,1010.1,9.8,14.3,121,27.4,192.0,514.1,59.0
VN_HaNoi,2026-10-01T10:00Z,32.0,69,25.5,37.7,0.0,20,1006.7,9.3,16.1,152,22.7,155.0,257.4,82.0
VN_HoChiMinh,2026-10-01T10:00Z,26.7,89,24.8,32.2,2.2,77,1009.4,7.7,16.2,111,24.1,125.0,145.9,82.0
AT_Vienna,2026-10-01T11:00Z,23.1,26,2.7,18.3,0.0,0,1004.0,23.3,35.6,155,56.2,621.0,853.9,92.0
AU_NSW1_Sydney,2026-10-01T11:00Z,19.9,65,13.2,19.1,0.0,98,1014.3,12.3,24.7,1,28.1,0.0,0.0,0.0
AU_QLD1_Brisbane,2026-10-01T11:00Z,16.6,77,12.5,16.5,0.0,0,1026.7,5.9,18.9,35,12.2,0.0,0.0,0.0
AU_SA1_Adelaide,2026-10-01T11:00Z,16.6,85,14.1,17.2,0.0,98,1014.3,5.8,12.3,140,13.7,0.0,0.0,0.0
AU_TAS1_Hobart,2026-10-01T11:00Z,11.6,81,8.4,10.6,0.0,20,1018.3,3.3,8.9,262,13.0,0.0,0.0,0.0
AU_VIC1_Melbourne,2026-10-01T11:00Z,12.9,93,11.7,12.8,2.3,100,1020.1,3.6,10.6,87,11.5,0.0,0.0,0.0
BE_Brussels,2026-10-01T11:00Z,19.7,70,14.2,19.6,0.1,70,1020.0,10.1,14.7,256,28.4,376.0,344.2,183.0
DE_Berlin,2026-10-01T11:00Z,22.2,44,9.3,20.2,0.0,92,1020.1,12.0,17.7,141,32.4,527.0,730.5,121.0
DE_Hamburg,2026-10-01T11:00Z,19.1,72,13.8,19.4,0.0,100,1019.8,5.9,17.4,185,16.9,216.0,35.4,197.0
DE_Munich,2026-10-01T11:00Z,23.0,50,11.9,22.4,0.0,99,963.6,8.2,11.6,285,23.0,563.0,658.9,158.0
ES_Madrid,2026-10-01T11:00Z,23.9,43,10.5,23.0,0.0,98,947.0,6.9,9.9,52,26.3,553.0,453.1,255.0
FR_Paris,2026-10-01T11:00Z,19.6,60,11.7,18.9,0.0,39,1019.4,8.7,12.7,257,24.5,534.0,680.5,139.0
GB_Glasgow,2026-10-01T11:00Z,13.6,70,8.2,10.3,0.1,51,1014.9,18.8,28.7,221,41.4,356.0,506.1,122.0
GB_London,2026-10-01T11:00Z,18.2,58,9.9,16.8,0.0,12,1019.5,9.5,14.4,257,26.6,499.0,752.2,95.0
GB_Manchester,2026-10-01T11:00Z,15.8,68,10.0,14.4,0.1,10,1013.0,10.0,15.0,237,26.6,472.0,771.8,84.0
NL_Amsterdam,2026-10-01T11:00Z,20.1,70,14.6,19.5,0.0,76,1020.2,14.6,23.0,254,32.4,323.0,162.7,235.0
PL_Warsaw,2026-10-01T11:00Z,18.1,52,8.0,15.7,0.0,88,1019.2,13.1,20.2,115,31.3,504.0,580.2,177.0
US_AZPS_Phoenix,2026-10-01T11:00Z,20.8,81,17.4,22.9,0.0,0,971.5,3.5,9.7,91,6.8,0.0,0.0,0.0
US_BPAT_Portland,2026-10-01T11:00Z,12.1,82,9.1,11.0,0.0,95,1013.3,6.2,14.1,350,12.6,0.0,0.0,0.0
US_CISO_LosAngeles,2026-10-01T11:00Z,19.2,94,18.3,22.2,0.0,0,999.6,0.2,1.7,103,1.8,0.0,0.0,0.0
US_CISO_SanFrancisco,2026-10-01T11:00Z,14.1,95,13.3,14.3,0.0,86,1008.8,5.6,10.2,226,13.7,0.0,0.0,0.0
US_DUK_Charlotte,2026-10-01T11:00Z,16.3,87,14.1,16.9,0.0,0,992.4,4.9,13.6,262,10.1,0.0,0.0,0.0
US_ERCO_Dallas,2026-10-01T11:00Z,25.7,84,22.9,28.8,0.0,73,993.3,15.9,28.3,168,35.6,0.0,0.0,0.0
US_ERCO_Houston,2026-10-01T11:00Z,26.9,82,23.7,31.3,0.0,59,1006.8,10.0,20.8,151,21.2,0.0,0.0,0.0
US_FPL_Miami,2026-10-01T11:00Z,25.9,81,22.5,28.6,0.7,98,1015.7,16.7,26.7,113,30.6,0.0,0.0,0.0
US_ISNE_Boston,2026-10-01T11:00Z,15.3,92,13.9,15.4,0.0,91,1016.5,7.9,17.1,240,15.5,1.0,0.0,1.0
US_MISO_Chicago,2026-10-01T11:00Z,18.2,95,17.4,19.3,0.0,100,980.1,10.2,20.3,182,17.3,0.0,0.0,0.0
US_MISO_Minneapolis,2026-10-01T11:00Z,16.4,96,15.8,15.7,1.1,100,980.4,18.2,30.5,357,32.4,0.0,0.0,0.0
US_NEVP_LasVegas,2026-10-01T11:00Z,22.0,32,4.7,20.6,0.0,0,940.6,0.6,2.4,312,2.5,0.0,0.0,0.0
US_NYIS_NewYork,2026-10-01T11:00Z,17.1,95,16.3,18.2,0.0,90,1015.5,6.6,16.9,235,14.8,0.0,0.0,0.0
US_PJM_Philadelphia,2026-10-01T11:00Z,17.2,96,16.5,18.3,0.0,98,1016.9,7.4,16.6,209,14.0,0.0,0.0,0.0
US_PSCO_Denver,2026-10-01T11:00Z,13.2,56,4.6,11.6,0.0,95,841.4,1.4,10.1,341,3.2,0.0,0.0,0.0
US_SCL_Seattle,2026-10-01T11:00Z,11.4,93,10.3,11.1,0.0,99,1009.7,2.5,6.7,20,6.5,0.0,0.0,0.0
US_SOCO_Atlanta,2026-10-01T11:00Z,18.2,95,17.5,20.0,0.0,0,983.1,6.3,13.0,115,11.5,0.0,0.0,0.0
US_SWPP_KansasCity,2026-10-01T11:00Z,23.0,88,20.9,25.6,0.0,100,975.8,11.6,22.9,191,29.2,0.0,0.0,0.0
US_SWPP_OklahomaCity,2026-10-01T11:00Z,21.7,96,21.1,23.9,0.0,100,964.5,15.5,28.3,173,32.0,0.0,0.0,0.0
US_TVA_Nashville,2026-10-01T11:00Z,21.0,59,12.7,20.1,0.0,17,999.9,11.6,24.7,179,20.9,0.0,0.0,0.0
VN_DaNang,2026-10-01T11:00Z,28.9,82,25.5,34.9,0.0,56,1010.8,7.1,12.9,134,20.2,20.0,96.1,11.0
VN_HaNoi,2026-10-01T11:00Z,31.1,73,25.8,36.9,0.0,15,1007.5,9.7,19.2,150,17.6,26.0,83.4,17.0
VN_HoChiMinh,2026-10-01T11:00Z,26.2,92,24.8,31.8,0.4,89,1010.7,6.9,11.1,110,19.8,23.0,53.8,17.0
AT_Vienna,2026-10-01T12:00Z,24.3,22,1.2,19.5,0.0,1,1003.6,21.1,32.0,159,55.8,609.0,854.6,90.0
AU_NSW1_Sydney,2026-10-01T12:00Z,19.3,63,12.2,18.4,0.0,94,1014.2,11.1,23.1,351,23.8,0.0,0.0,0.0
AU_QLD1_Brisbane,2026-10-01T12:00Z,15.5,83,12.5,15.4,0.0,0,1026.8,5.8,17.9,32,11.5,0.0,0.0,0.0
AU_SA1_Adelaide,2026-10-01T12:00Z,15.9,95,15.1,16.5,0.0,89,1014.9,7.6,11.7,155,11.5,0.0,0.0,0.0
AU_TAS1_Hobart,2026-10-01T12:00Z,10.6,82,7.6,9.3,0.0,23,1019.0,4.7,13.3,261,11.2,0.0,0.0,0.0
AU_VIC1_Melbourne,2026-10-01T12:00Z,12.7,94,11.8,12.8,1.4,100,1020.1,2.8,4.7,28,14.4,0.0,0.0,0.0
BE_Brussels,2026-10-01T12:00Z,20.0,72,14.7,20.1,0.1,25,1020.6,9.9,14.0,262,30.2,507.0,620.4,145.0
DE_Berlin,2026-10-01T12:00Z,23.9,39,9.0,21.8,0.0,99,1020.0,11.9,17.2,140,30.6,483.0,540.9,184.0
DE_Hamburg,2026-10-01T12:00Z,19.9,77,15.7,21.3,0.0,100,1020.2,3.7,14.1,187,14.0,256.0,75.5,215.0
DE_Munich,2026-10-01T12:00Z,24.0,47,12.0,23.4,0.0,95,963.7,8.7,12.2,294,25.2,563.0,633.6,172.0
ES_Madrid,2026-10-01T12:00Z,25.3,41,10.9,25.4,0.0,91,946.5,4.0,5.2,56,22.3,621.0,485.8,275.0
FR_Paris,2026-10-01T12:00Z,20.1,58,11.7,19.6,0.0,20,1019.8,7.4,10.5,266,26.3,556.0,717.7,118.0
GB_Glasgow,2026-10-01T12:00Z,14.5,63,7.4,11.1,0.0,13,1015.2,18.4,27.6,221,43.2,454.0,686.7,108.0
GB_London,2026-10-01T12:00Z,19.5,49,8.6,17.7,0.0,17,1019.7,9.5,14.1,259,28.1,530.0,755.1,98.0
GB_Manchester,2026-10-01T12:00Z,17.1,63,9.9,15.4,0.1,32,1013.3,11.3,16.9,241,27.7,503.0,760.7,91.0
NL_Amsterdam,2026-10-01T12:00Z,20.5,70,14.8,20.0,0.0,89,1020.8,14.1,21.3,266,36.4,477.0,584.2,149.0
PL_Warsaw,2026-10-01T12:00Z,19.3,43,6.6,16.4,0.0,44,1018.6,14.1,21.7,119,35.3,501.0,672.5,138.0
US_AZPS_Phoenix,2026-10-01T12:00Z,20.0,85,17.4,22.1,0.0,0,972.0,4.1,10.3,85,6.8,0.0,0.0,0.0
US_BPAT_Portland,2026-10-01T12:00Z,10.9,91,9.6,10.2,0.0,95,1013.5,4.0,12.3,348,12.2,0.0,0.0,0.0
US_CISO_LosAngeles,2026-10-01T12:00Z,18.0,95,17.2,20.4,0.0,9,1000.0,1.3,4.9,66,2.2,0.0,0.0,0.0
US_CISO_SanFrancisco,2026-10-01T12:00Z,13.3,96,12.7,13.1,0.0,76,1008.8,6.9,10.4,224,10.8,0.0,0.0,0.0
US_DUK_Charlotte,2026-10-01T12:00Z,16.4,91,14.9,16.8,0.0,0,993.3,8.7,17.9,258,9.0,24.0,147.7,11.0
US_ERCO_Dallas,2026-10-01T12:00Z,23.6,96,22.9,26.8,0.2,100,993.5,15.4,28.1,178,35.6,0.0,0.0,0.0
US_ERCO_Houston,2026-10-01T12:00Z,26.6,87,24.3,31.4,0.0,73,1007.1,10.3,21.8,147,20.5,0.0,0.0,0.0
US_FPL_Miami,2026-10-01T12:00Z,26.0,87,23.7,29.7,1.6,98,1016.2,14.6,23.4,114,38.9,20.0,37.2,16.0
US_ISNE_Boston,2026-10-01T12:00Z,15.6,92,14.3,15.9,0.0,100,1017.1,7.4,15.7,234,17.6,41.0,79.4,30.0
US_MISO_Chicago,2026-10-01T12:00Z,18.4,92,17.1,19.0,0.0,100,980.3,12.7,24.9,209,19.4,0.0,0.0,0.0
US_MISO_Minneapolis,2026-10-01T12:00Z,14.0,86,11.7,11.9,0.0,98,982.1,17.3,31.9,3,35.6,0.0,0.0,0.0
US_NEVP_LasVegas,2026-10-01T12:00Z,21.2,39,6.8,20.2,0.0,0,941.0,0.9,4.0,30,1.1,0.0,0.0,0.0
US_NYIS_NewYork,2026-10-01T12:00Z,17.6,94,16.6,18.9,0.0,91,1016.0,7.0,15.9,242,14.8,57.0,164.1,37.0
US_PJM_Philadelphia,2026-10-01T12:00Z,17.4,95,16.5,18.5,0.0,67,1017.1,7.9,17.3,211,16.6,41.0,77.3,32.0
US_PSCO_Denver,2026-10-01T12:00Z,14.1,51,4.0,12.0,0.0,84,843.1,4.6,15.2,355,4.7,0.0,0.0,0.0
US_SCL_Seattle,2026-10-01T12:00Z,10.9,97,10.4,10.3,0.0,95,1009.5,4.6,7.3,23,6.5,0.0,0.0,0.0
US_SOCO_Atlanta,2026-10-01T12:00Z,17.9,99,17.7,19.6,0.0,5,983.3,7.1,13.3,130,14.8,8.0,46.4,5.0
US_SWPP_KansasCity,2026-10-01T12:00Z,21.6,95,20.8,23.9,0.0,100,976.6,13.0,25.0,202,26.6,0.0,0.0,0.0
US_SWPP_OklahomaCity,2026-10-01T12:00Z,20.2,97,19.8,21.9,0.0,100,965.1,14.3,25.0,153,35.3,0.0,0.0,0.0
US_TVA_Nashville,2026-10-01T12:00Z,20.3,65,13.4,19.9,0.0,0,1000.1,10.3,23.8,181,21.2,2.0,19.1,1.0
VN_DaNang,2026-10-01T12:00Z,29.2,82,25.9,35.3,0.0,88,1011.6,7.6,14.0,135,13.3,0.0,0.0,0.0
VN_HaNoi,2026-10-01T12:00Z,28.8,87,26.5,35.1,0.0,52,1008.0,9.5,20.2,154,26.6,0.0,0.0,0.0
VN_HoChiMinh,2026-10-01T12:00Z,26.4,91,24.9,32.5,0.1,98,1010.8,3.8,5.4,20,15.5,0.0,0.0,0.0
AT_Vienna,2026-10-01T13:00Z,24.3,22,1.2,19.3,0.0,59,1003.2,20.6,31.5,155,50.8,542.0,826.1,87.0
AU_NSW1_Sydney,2026-10-01T13:00Z,19.6,52,9.4,17.9,0.0,45,1014.0,10.5,23.6,342,20.9,0.0,0.0,0.0
AU_QLD1_Brisbane,2026-10-01T13:00Z,15.4,82,12.4,15.4,0.0,0,1026.6,5.2,17.1,25,11.2,0.0,0.0,0.0
AU_SA1_Adelaide,2026-10-01T13:00Z,16.0,96,15.3,17.5,0.2,55,1014.4,2.2,6.6,101,13.7,0.0,0.0,0.0
AU_TAS1_Hobart,2026-10-01T13:00Z,9.6,84,7.1,8.3,0.0,38,1019.5,3.6,10.5,257,14.8,0.0,0.0,0.0
AU_VIC1_Melbourne,2026-10-01T13:00Z,12.6,95,11.8,12.5,0.9,100,1019.1,4.2,8.8,116,10.1,0.0,0.0,0.0
BE_Brussels,2026-10-01T13:00Z,20.6,67,14.1,20.5,0.1,42,1020.6,9.4,13.6,263,30.2,518.0,740.0,101.0
DE_Berlin,2026-10-01T13:00Z,24.4,37,8.9,22.4,0.0,99,1019.7,12.0,17.6,140,30.6,429.0,501.0,174.0
DE_Hamburg,2026-10-01T13:00Z,20.5,73,15.6,21.4,0.0,100,1020.1,6.4,12.2,164,12.6,155.0,17.7,146.0
DE_Munich,2026-10-01T13:00Z,23.8,46,11.7,22.8,0.0,85,963.5,10.6,14.8,306,28.1,486.0,546.6,172.0
ES_Madrid,2026-10-01T13:00Z,26.5,37,10.7,26.6,0.0,73,945.9,3.1,4.2,85,18.4,605.0,595.1,179.0
FR_Paris,2026-10-01T13:00Z,20.4,55,11.1,19.5,0.1,23,1019.9,8.3,11.9,269,23.0,547.0,727.1,114.0
GB_Glasgow,2026-10-01T13:00Z,14.7,60,7.1,11.2,0.0,11,1015.7,18.4,28.0,222,42.5,469.0,768.0,79.0
GB_London,2026-10-01T13:00Z,19.8,45,7.6,17.7,0.0,12,1019.9,10.0,15.1,253,27.0,502.0,700.8,106.0
GB_Manchester,2026-10-01T13:00Z,17.1,55,8.0,14.7,0.1,16,1013.7,12.3,18.8,243,34.6,491.0,743.9,89.0
NL_Amsterdam,2026-10-01T13:00Z,20.0,70,14.5,19.4,0.0,24,1021.3,14.1,21.6,268,33.1,460.0,619.5,125.0
PL_Warsaw,2026-10-01T13:00Z,19.4,41,5.8,16.3,0.0,17,1018.2,14.2,22.1,114,33.8,449.0,743.8,95.0
US_AZPS_Phoenix,2026-10-01T13:00Z,19.9,85,17.3,22.2,0.0,0,972.2,1.8,8.8,91,7.6,0.0,0.0,0.0
US_BPAT_Portland,2026-10-01T13:00Z,11.0,92,9.7,10.2,0.0,98,1013.4,4.4,12.6,359,9.7,0.0,0.0,0.0
US_CISO_LosAngeles,2026-10-01T13:00Z,18.3,92,17.0,20.5,0.0,15,1000.4,1.5,5.4,70,5.0,0.0,0.0,0.0
US_CISO_SanFrancisco,2026-10-01T13:00Z,13.7,94,12.8,13.5,0.0,91,1009.3,7.2,10.4,231,18.7,0.0,0.0,0.0
US_DUK_Charlotte,2026-10-01T13:00Z,19.3,78,15.4,20.3,0.0,0,993.9,5.4,17.1,268,16.2,182.0,548.9,53.0
US_ERCO_Dallas,2026-10-01T13:00Z,23.7,96,23.1,27.6,7.6,100,994.2,10.7,20.2,194,29.5,3.0,0.0,3.0
US_ERCO_Houston,2026-10-01T13:00Z,27.4,85,24.6,31.9,0.0,89,1007.1,13.3,24.2,154,25.9,26.0,89.6,17.0
US_FPL_Miami,2026-10-01T13:00Z,25.1,89,23.3,27.8,11.2,100,1017.3,19.9,31.6,115,39.6,74.0,78.6,52.0
US_ISNE_Boston,2026-10-01T13:00Z,16.4,92,15.1,16.8,0.0,100,1016.9,9.4,20.0,227,17.3,67.0,0.0,67.0
US_MISO_Chicago,2026-10-01T13:00Z,18.8,93,17.7,19.4,5.3,100,980.1,14.6,28.1,203,32.8,10.0,0.0,10.0
US_MISO_Minneapolis,2026-10-01T13:00Z,13.7,73,8.9,10.9,0.0,100,983.5,16.9,30.6,2,34.6,18.0,23.3,16.0
US_NEVP_LasVegas,2026-10-01T13:00Z,20.2,43,7.1,19.2,0.0,0,941.4,1.5,5.8,9,2.9,0.0,0.0,0.0
US_NYIS_NewYork,2026-10-01T13:00Z,19.2,90,17.5,21.0,0.0,99,1015.8,5.9,14.5,225,15.8,201.0,296.6,114.0
US_PJM_Philadelphia,2026-10-01T13:00Z,19.2,90,17.6,21.0,0.0,88,1017.1,5.8,17.3,213,15.8,205.0,415.1,87.0
US_PSCO_Denver,2026-10-01T13:00Z,14.0,51,4.1,11.9,0.0,88,844.0,4.7,14.6,356,11.5,0.0,0.0,0.0
US_SCL_Seattle,2026-10-01T13:00Z,10.9,97,10.4,10.5,0.0,98,1009.5,3.1,5.8,356,9.0,0.0,0.0,0.0
US_SOCO_Atlanta,2026-10-01T13:00Z,20.5,89,18.6,22.6,0.0,18,984.3,7.3,15.8,117,17.3,132.0,412.6,53.0
US_SWPP_KansasCity,2026-10-01T13:00Z,21.7,96,21.0,25.1,3.6,100,977.1,7.0,17.1,217,24.8,3.0,0.0,3.0
US_SWPP_OklahomaCity,2026-10-01T13:00Z,20.0,95,19.2,21.5,0.0,100,965.1,13.2,25.0,159,29.2,4.0,0.0,4.0
US_TVA_Nashville,2026-10-01T13:00Z,22.6,58,14.1,22.5,0.0,9,1000.7,9.8,25.8,185,21.6,103.0,429.0,38.0
VN_DaNang,2026-10-01T13:00Z,28.8,84,25.8,34.9,0.0,70,1012.3,8.2,14.9,145,14.8,0.0,0.0,0.0
VN_HaNoi,2026-10-01T13:00Z,29.0,85,26.2,35.2,0.0,83,1009.1,8.5,17.0,156,18.4,0.0,0.0,0.0
VN_HoChiMinh,2026-10-01T13:00Z,26.1,93,24.9,32.0,0.2,98,1011.4,4.5,5.3,18,9.0,0.0,0.0,0.0
AT_Vienna,2026-10-01T14:00Z,23.9,23,1.6,19.0,0.0,62,1003.3,20.3,31.3,151,49.7,425.0,747.2,86.0
AU_NSW1_Sydney,2026-10-01T14:00Z,19.0,52,8.8,17.3,0.0,48,1013.7,9.4,22.1,338,19.8,0.0,0.0,0.0
AU_QLD1_Brisbane,2026-10-01T14:00Z,14.9,84,12.3,14.8,0.0,0,1026.1,4.8,14.5,11,10.1,0.0,0.0,0.0
AU_SA1_Adelaide,2026-10-01T14:00Z,15.4,96,14.8,16.2,0.0,9,1014.6,6.0,6.8,243,10.4,0.0,0.0,0.0
AU_TAS1_Hobart,2026-10-01T14:00Z,8.7,88,6.8,7.3,0.0,61,1020.1,3.8,9.9,271,12.2,0.0,0.0,0.0
AU_VIC1_Melbourne,2026-10-01T14:00Z,12.5,96,11.8,12.1,1.4,100,1018.8,6.5,13.4,154,13.0,0.0,0.0,0.0
BE_Brussels,2026-10-01T14:00Z,20.5,65,13.7,20.3,0.0,34,1021.1,9.5,13.7,260,29.2,433.0,663.4,100.0
DE_Berlin,2026-10-01T14:00Z,24.4,38,9.0,22.3,0.0,100,1019.8,12.2,18.1,142,29.9,318.0,325.3,179.0
DE_Hamburg,2026-10-01T14:00Z,20.0,79,16.3,21.0,0.2,100,1020.5,7.9,14.1,187,15.1,117.0,16.0,110.0
DE_Munich,2026-10-01T14:00Z,23.3,48,11.5,22.3,0.0,97,963.6,9.8,14.0,311,28.1,382.0,445.2,164.0
ES_Madrid,2026-10-01T14:00Z,27.2,35,10.5,27.5,0.0,84,945.4,2.2,2.7,90,18.4,620.0,756.0,115.0
FR_Paris,2026-10-01T14:00Z,20.4,54,10.8,19.4,0.1,18,1020.0,8.3,11.9,274,23.0,472.0,683.3,105.0
GB_Glasgow,2026-10-01T14:00Z,14.8,59,6.9,11.3,0.0,6,1016.0,17.9,27.2,220,41.8,425.0,745.0,72.0
GB_London,2026-10-01T14:00Z,20.0,42,6.9,17.6,0.0,15,1020.2,10.8,16.4,244,28.1,429.0,639.1,99.0
GB_Manchester,2026-10-01T14:00Z,17.2,51,7.0,14.7,0.0,40,1014.0,11.9,18.3,237,31.0,443.0,719.2,84.0
NL_Amsterdam,2026-10-01T14:00Z,19.5,68,13.4,18.5,0.0,31,1022.1,14.2,22.1,270,33.5,398.0,604.2,108.0
PL_Warsaw,2026-10-01T14:00Z,19.0,43,6.0,16.0,0.0,10,1017.9,13.9,23.1,111,33.1,342.0,709.0,75.0
US_AZPS_Phoenix,2026-10-01T14:00Z,20.2,84,17.3,22.3,0.0,0,972.7,2.9,8.0,106,5.8,18.0,109.5,9.0
US_BPAT_Portland,2026-10-01T14:00Z,10.6,94,9.8,10.1,0.0,99,1013.4,3.4,10.2,9,9.7,0.0,0.0,0.0
US_CISO_LosAngeles,2026-10-01T14:00Z,18.1,92,16.8,20.4,0.0,9,1000.7,0.4,2.9,79,2.9,1.0,0.0,1.0
US_CISO_SanFrancisco,2026-10-01T14:00Z,13.6,95,12.9,13.6,0.0,100,1009.8,6.4,9.0,224,18.0,0.0,0.0,0.0
US_DUK_Charlotte,2026-10-01T14:00Z,22.6,68,16.3,23.9,0.0,0,994.4,5.9,9.6,261,18.7,383.0,725.9,75.0
US_ERCO_Dallas,2026-10-01T14:00Z,23.8,97,23.3,28.3,3.8,100,995.1,8.1,14.1,242,27.7,13.0,0.0,13.0
US_ERCO_Houston,2026-10-01T14:00Z,28.0,80,24.2,32.8,0.0,99,1007.7,9.8,16.3,166,29.9,152.0,193.7,101.0
US_FPL_Miami,2026-10-01T14:00Z,25.4,90,23.5,28.1,16.1,100,1017.7,21.0,32.7,117,40.0,60.0,10.3,55.0
US_ISNE_Boston,2026-10-01T14:00Z,17.2,92,15.9,17.7,0.0,100,1016.7,10.7,23.1,227,17.6,90.0,8.5,86.0
US_MISO_Chicago,2026-10-01T14:00Z,19.1,93,17.9,19.9,0.9,100,980.1,13.4,25.1,195,27.7,48.0,0.0,48.0
US_MISO_Minneapolis,2026-10-01T14:00Z,14.0,62,6.7,10.9,0.0,98,984.3,15.0,25.9,360,34.6,96.0,58.7,83.0
US_NEVP_LasVegas,2026-10-01T14:00Z,20.0,46,7.9,19.3,0.0,0,942.1,0.9,5.7,41,2.9,6.0,53.4,3.0
US_NYIS_NewYork,2026-10-01T14:00Z,20.4,86,17.9,22.2,0.0,100,1015.9,7.1,11.3,222,18.7,234.0,150.9,165.0
US_PJM_Philadelphia,2026-10-01T14:00Z,20.6,87,18.3,22.7,0.0,97,1017.1,6.0,10.9,211,16.9,256.0,263.2,137.0
US_PSCO_Denver,2026-10-01T14:00Z,14.9,48,4.0,12.7,0.0,67,845.4,4.7,12.5,348,11.2,36.0,93.4,25.0
US_SCL_Seattle,2026-10-01T14:00Z,11.0,95,10.2,10.5,0.0,99,1009.6,3.5,6.2,8,9.0,0.0,0.0,0.0
US_SOCO_Atlanta,2026-10-01T14:00Z,23.2,81,19.7,25.6,0.0,96,984.7,9.3,12.8,121,24.1,311.0,505.2,114.0
US_SWPP_KansasCity,2026-10-01T14:00Z,21.8,97,21.2,25.8,2.9,100,977.8,2.7,9.8,211,13.0,23.0,0.0,23.0
US_SWPP_OklahomaCity,2026-10-01T14:00Z,20.4,91,19.0,21.3,0.1,100,965.9,16.5,29.7,168,34.9,47.0,0.0,47.0
US_TVA_Nashville,2026-10-01T14:00Z,25.2,53,14.8,25.1,0.0,2,1001.0,11.3,17.3,183,25.6,286.0,604.5,76.0
VN_DaNang,2026-10-01T14:00Z,28.6,84,25.7,34.5,0.0,41,1012.9,9.1,16.4,157,17.6,0.0,0.0,0.0
VN_HaNoi,2026-10-01T14:00Z,28.9,84,26.0,35.0,0.0,39,1009.7,8.7,18.1,157,16.9,0.0,0.0,0.0
VN_HoChiMinh,2026-10-01T14:00Z,26.0,96,25.2,32.3,0.1,99,1011.7,3.7,7.8,38,13.0,0.0,0.0,0.0
AT_Vienna,2026-10-01T15:00Z,23.2,24,1.6,18.3,0.0,84,1003.5,20.1,31.5,148,48.2,277.0,632.0,73.0
AU_NSW1_Sydney,2026-10-01T15:00Z,18.2,55,9.0,16.4,0.0,24,1013.1,9.9,21.9,346,18.7,0.0,0.0,0.0
AU_QLD1_Brisbane,2026-10-01T15:00Z,14.2,87,12.1,14.2,0.0,0,1025.3,4.4,12.0,353,9.4,0.0,0.0,0.0
AU_SA1_Adelaide,2026-10-01T15:00Z,14.8,96,14.1,15.3,0.0,15,1014.6,5.9,9.5,194,13.0,0.0,0.0,0.0
AU_TAS1_Hobart,2026-10-01T15:00Z,8.0,90,6.4,6.5,0.0,48,1020.7,3.9,8.3,269,11.9,0.0,0.0,0.0
AU_VIC1_Melbourne,2026-10-01T15:00Z,12.6,96,11.9,12.2,2.6,99,1018.6,6.5,12.4,166,12.6,0.0,0.0,0.0
BE_Brussels,2026-10-01T15:00Z,18.4,69,12.6,17.7,1.1,66,1022.1,10.3,16.6,275,31.7,265.0,421.7,95.0
DE_Berlin,2026-10-01T15:00Z,23.8,39,9.2,21.8,0.0,99,1020.1,11.9,18.2,145,29.2,201.0,181.9,144.0
DE_Hamburg,2026-10-01T15:00Z,18.5,92,17.2,19.5,2.7,100,1020.6,10.3,20.1,174,19.8,61.0,12.0,57.0
DE_Munich,2026-10-01T15:00Z,22.8,49,11.6,22.1,0.0,96,963.8,8.2,11.9,321,25.2,281.0,444.9,117.0
ES_Madrid,2026-10-01T15:00Z,27.4,34,10.0,27.0,0.0,95,945.4,2.6,3.5,69,14.8,524.0,709.7,118.0
FR_Paris,2026-10-01T15:00Z,20.2,53,10.4,19.0,0.1,17,1020.5,9.1,13.5,278,23.0,373.0,651.3,87.0
GB_Glasgow,2026-10-01T15:00Z,14.7,60,7.1,11.5,0.0,11,1016.4,17.0,26.6,218,40.3,364.0,734.8,67.0
GB_London,2026-10-01T15:00Z,20.0,42,6.7,17.6,0.0,21,1020.6,10.7,16.5,241,28.1,349.0,610.3,87.0
GB_Manchester,2026-10-01T15:00Z,16.8,52,7.0,14.5,0.2,66,1014.5,10.8,17.2,217,29.2,332.0,572.8,91.0
NL_Amsterdam,2026-10-01T15:00Z,18.9,71,13.4,18.1,0.0,27,1022.7,12.6,19.8,273,32.4,313.0,615.6,77.0
PL_Warsaw,2026-10-01T15:00Z,18.0,49,7.1,15.4,0.0,2,1017.9,12.5,23.6,112,31.0,204.0,595.9,56.0
US_AZPS_Phoenix,2026-10-01T15:00Z,21.7,79,17.9,24.0,0.0,0,973.5,3.1,9.8,95,10.1,174.0,550.0,50.0
US_BPAT_Portland,2026-10-01T15:00Z,11.2,92,10.0,10.5,0.0,99,1013.6,4.6,9.2,358,10.4,22.0,22.8,20.0
US_CISO_LosAngeles,2026-10-01T15:00Z,19.4,85,16.8,21.6,0.0,3,1001.1,1.4,0.3,225,7.6,91.0,391.1,35.0
US_CISO_SanFrancisco,2026-10-01T15:00Z,13.7,95,12.9,13.9,0.0,98,1010.1,4.9,6.7,211,15.8,28.0,37.6,24.0
US_DUK_Charlotte,2026-10-01T15:00Z,25.1,62,17.2,26.6,0.0,0,994.5,7.5,10.5,253,22.7,561.0,815.6,86.0
US_ERCO_Dallas,2026-10-01T15:00Z,24.2,94,23.3,29.2,8.8,100,995.7,4.4,9.3,302,24.1,44.0,0.0,44.0
US_ERCO_Houston,2026-10-01T15:00Z,28.3,78,24.2,33.5,0.5,87,1008.1,6.2,10.0,141,29.9,302.0,245.9,188.0
US_FPL_Miami,2026-10-01T15:00Z,25.4,90,23.7,28.6,10.9,100,1017.9,18.4,29.2,149,41.4,53.0,0.0,53.0
US_ISNE_Boston,2026-10-01T15:00Z,18.7,87,16.5,19.7,0.0,76,1016.7,8.8,18.5,235,20.5,179.0,20.3,167.0
US_MISO_Chicago,2026-10-01T15:00Z,19.7,91,18.2,20.7,0.1,100,980.0,13.2,25.4,204,24.1,71.0,6.5,68.0
US_MISO_Minneapolis,2026-10-01T15:00Z,14.9,56,6.2,11.8,0.0,100,985.2,14.5,22.8,355,32.4,261.0,270.0,158.0
US_NEVP_LasVegas,2026-10-01T15:00Z,22.0,38,6.8,20.9,0.0,0,943.2,1.7,3.9,68,5.0,130.0,537.6,37.0
US_NYIS_NewYork,2026-10-01T15:00Z,20.6,85,18.0,22.5,0.0,100,1015.8,6.9,10.4,216,19.1,182.0,40.9,158.0
US_PJM_Philadelphia,2026-10-01T15:00Z,21.4,84,18.7,23.8,0.0,64,1017.1,5.5,8.6,217,16.9,217.0,73.3,174.0
US_PSCO_Denver,2026-10-01T15:00Z,16.3,44,3.9,13.8,0.0,44,846.9,6.6,10.1,6,18.0,180.0,282.3,99.0
US_SCL_Seattle,2026-10-01T15:00Z,11.2,94,10.3,10.6,0.0,97,1009.8,4.3,5.9,59,10.4,18.0,47.2,14.0
US_SOCO_Atlanta,2026-10-01T15:00Z,24.9,72,19.4,27.0,0.0,43,984.9,9.4,13.0,125,25.6,399.0,321.7,219.0
US_SWPP_KansasCity,2026-10-01T15:00Z,21.8,97,21.3,25.7,3.4,100,978.0,4.2,7.8,151,10.1,36.0,0.0,36.0
US_SWPP_OklahomaCity,2026-10-01T15:00Z,20.2,93,18.9,21.2,1.0,100,966.1,15.7,28.5,169,37.1,35.0,0.0,35.0
US_TVA_Nashville,2026-10-01T15:00Z,27.9,48,15.8,27.9,0.0,5,1001.1,13.5,19.4,186,31.3,477.0,755.9,86.0
VN_DaNang,2026-10-01T15:00Z,28.3,85,25.5,34.2,0.0,51,1013.2,8.0,15.4,169,17.6,0.0,0.0,0.0
VN_HaNoi,2026-10-01T15:00Z,28.7,85,25.9,34.7,0.0,20,1009.8,9.5,18.8,161,17.6,0.0,0.0,0.0
VN_HoChiMinh,2026-10-01T15:00Z,26.2,94,25.2,32.7,0.0,98,1011.9,2.2,7.2,55,7.2,0.0,0.0,0.0
AT_Vienna,2026-10-01T16:00Z,21.9,27,2.0,17.5,0.0,80,1003.9,17.8,30.2,143,46.4,117.0,395.6,51.0
AU_NSW1_Sydney,2026-10-01T16:00Z,17.9,55,8.7,16.2,0.0,8,1012.9,9.3,23.0,337,20.5,0.0,0.0,0.0
AU_QLD1_Brisbane,2026-10-01T16:00Z,13.2,92,12.0,12.9,0.0,5,1024.9,6.1,7.5,312,11.9,0.0,0.0,0.0
AU_SA1_Adelaide,2026-10-01T16:00Z,14.4,95,13.6,14.9,0.0,14,1014.4,4.6,8.5,152,11.5,0.0,0.0,0.0
AU_TAS1_Hobart,2026-10-01T16:00Z,7.4,92,6.1,5.9,0.0,59,1021.2,3.5,6.6,257,11.2,0.0,0.0,0.0
AU_VIC1_Melbourne,2026-10-01T16:00Z,12.3,95,11.6,11.3,1.5,100,1018.1,10.4,17.6,160,19.4,0.0,0.0,0.0
BE_Brussels,2026-10-01T16:00Z,18.6,67,12.3,18.2,0.0,36,1022.6,7.4,12.1,291,22.7,122.0,215.5,63.0
DE_Berlin,2026-10-01T16:00Z,22.6,44,9.8,21.1,0.0,99,1020.5,9.9,18.9,142,26.6,89.0,68.6,77.0
DE_Hamburg,2026-10-01T16:00Z,17.7,95,16.9,17.8,5.4,100,1020.8,15.4,27.7,173,27.0,21.0,5.0,20.0
DE_Munich,2026-10-01T16:00Z,21.8,52,11.6,21.3,0.0,100,964.1,6.4,11.0,319,20.5,127.0,191.4,85.0
ES_Madrid,2026-10-01T16:00Z,26.9,34,9.8,26.5,0.0,59,945.0,2.4,3.3,54,14.8,321.0,448.7,126.0
FR_Paris,2026-10-01T16:00Z,19.6,55,10.4,18.5,0.0,6,1020.8,8.2,12.7,293,22.7,248.0,574.3,71.0
GB_Glasgow,2026-10-01T16:00Z,14.4,63,7.4,11.6,0.0,25,1016.9,14.6,24.3,216,37.8,250.0,632.1,58.0
GB_London,2026-10-01T16:00Z,19.7,43,6.8,17.3,0.0,33,1021.0,10.6,16.8,242,27.0,223.0,484.1,73.0
GB_Manchester,2026-10-01T16:00Z,16.3,63,9.2,15.0,0.2,65,1014.9,7.4,13.1,201,25.9,226.0,493.0,73.0
NL_Amsterdam,2026-10-01T16:00Z,18.3,73,13.3,17.9,0.0,59,1023.3,9.8,17.1,269,27.7,200.0,543.9,60.0
PL_Warsaw,2026-10-01T16:00Z,16.3,54,7.1,13.8,0.0,1,1018.0,11.9,25.0,116,26.6,66.0,361.9,28.0
US_AZPS_Phoenix,2026-10-01T16:00Z,24.0,68,17.8,26.4,0.0,0,974.0,3.1,5.4,82,12.2,380.0,734.1,71.0
US_BPAT_Portland,2026-10-01T16:00Z,12.5,86,10.2,12.0,0.0,97,1013.5,4.1,10.7,354,13.0,126.0,138.1,95.0
US_CISO_LosAngeles,2026-10-01T16:00Z,22.0,71,16.4,24.1,0.0,1,1001.4,0.9,1.2,243,10.8,286.0,635.9,70.0
US_CISO_SanFrancisco,2026-10-01T16:00Z,14.3,90,12.7,14.8,0.0,95,1010.2,2.3,3.2,183,14.0,139.0,134.6,103.0
US_DUK_Charlotte,2026-10-01T16:00Z,26.9,51,16.0,28.7,0.0,0,994.3,7.7,10.6,240,24.5,697.0,864.8,93.0
US_ERCO_Dallas,2026-10-01T16:00Z,23.0,79,19.3,25.8,12.5,100,996.1,5.0,13.2,336,18.4,44.0,5.1,41.0
US_ERCO_Houston,2026-10-01T16:00Z,28.7,77,24.2,32.9,0.9,80,1008.6,13.3,19.8,181,34.2,487.0,523.5,157.0
US_FPL_Miami,2026-10-01T16:00Z,26.3,91,24.7,30.4,3.3,100,1017.5,16.6,25.0,141,38.9,128.0,21.6,111.0
US_ISNE_Boston,2026-10-01T16:00Z,20.6,81,17.2,21.9,0.0,100,1016.1,8.8,13.7,230,21.6,324.0,236.8,166.0
US_MISO_Chicago,2026-10-01T16:00Z,21.2,86,18.7,22.4,0.1,100,980.4,13.4,25.6,217,27.4,135.0,0.0,135.0
US_MISO_Minneapolis,2026-10-01T16:00Z,15.6,53,6.1,12.7,0.0,100,985.7,13.0,19.7,351,32.4,368.0,294.6,217.0
US_NEVP_LasVegas,2026-10-01T16:00Z,24.9,34,8.0,24.2,0.0,0,944.3,0.9,2.1,75,8.3,333.0,741.7,61.0
US_NYIS_NewYork,2026-10-01T16:00Z,20.7,85,18.1,22.6,0.0,100,1015.5,6.9,10.7,211,17.3,150.0,0.0,150.0
US_PJM_Philadelphia,2026-10-01T16:00Z,23.4,77,19.2,25.8,0.0,47,1016.7,6.8,9.9,212,20.2,530.0,475.9,207.0
US_PSCO_Denver,2026-10-01T16:00Z,17.5,43,4.8,15.1,0.0,30,848.0,7.9,11.4,16,23.8,368.0,553.8,116.0
US_SCL_Seattle,2026-10-01T16:00Z,11.4,94,10.5,11.1,0.0,100,1009.6,3.4,4.4,99,11.5,98.0,106.4,75.0
US_SOCO_Atlanta,2026-10-01T16:00Z,26.4,63,18.8,28.2,0.2,30,984.8,9.9,13.7,125,27.4,521.0,426.8,227.0
US_SWPP_KansasCity,2026-10-01T16:00Z,21.6,97,21.1,25.0,2.5,100,978.4,6.7,9.8,172,12.2,46.0,0.0,46.0
US_SWPP_OklahomaCity,2026-10-01T16:00Z,20.5,89,18.7,21.5,0.2,100,967.3,15.5,28.8,179,35.3,88.0,0.0,88.0
US_TVA_Nashville,2026-10-01T16:00Z,30.1,45,16.7,30.8,0.0,13,1000.9,13.8,19.2,192,33.1,624.0,806.8,100.0
VN_DaNang,2026-10-01T16:00Z,27.9,86,25.3,34.0,0.0,87,1013.0,5.4,12.7,168,15.8,0.0,0.0,0.0
VN_HaNoi,2026-10-01T16:00Z,28.5,87,26.1,34.5,0.0,41,1009.8,9.4,18.9,159,18.0,0.0,0.0,0.0
VN_HoChiMinh,2026-10-01T16:00Z,26.4,91,24.9,33.0,0.0,98,1011.8,0.6,5.6,90,4.7,0.0,0.0,0.0
AT_Vienna,2026-10-01T17:00Z,20.4,31,2.9,16.3,0.0,92,1004.1,16.5,30.4,142,40.0,10.0,34.0,8.0
AU_NSW1_Sydney,2026-10-01T17:00Z,17.4,57,8.7,16.0,0.0,1,1012.7,6.7,20.9,332,18.0,0.0,0.0,0.0
AU_QLD1_Brisbane,2026-10-01T17:00Z,12.1,98,11.8,11.6,0.0,14,1024.6,6.9,6.5,256,13.0,0.0,0.0,0.0
AU_SA1_Adelaide,2026-10-01T17:00Z,13.9,96,13.2,14.6,0.0,20,1014.3,2.5,4.6,138,8.3,0.0,0.0,0.0
AU_TAS1_Hobart,2026-10-01T17:00Z,7.1,92,5.9,5.6,0.0,23,1021.7,3.1,5.4,250,10.1,0.0,0.0,0.0
AU_VIC1_Melbourne,2026-10-01T17:00Z,12.1,95,11.3,10.8,0.6,100,1018.1,11.9,20.3,165,25.6,0.0,0.0,0.0
BE_Brussels,2026-10-01T17:00Z,17.8,74,13.0,17.8,0.0,20,1023.0,6.0,12.5,277,16.6,73.0,318.1,34.0
DE_Berlin,2026-10-01T17:00Z,21.0,50,10.2,19.7,0.0,100,1020.6,9.2,20.1,144,20.5,12.0,0.0,12.0
DE_Hamburg,2026-10-01T17:00Z,17.6,95,16.7,17.4,6.1,100,1021.5,17.4,30.9,257,34.6,2.0,0.0,2.0
DE_Munich,2026-10-01T17:00Z,19.9,63,12.5,20.0,0.0,100,963.7,4.2,11.5,316,14.0,23.0,34.7,20.0
ES_Madrid,2026-10-01T17:00Z,26.7,35,9.8,25.9,0.0,70,945.3,4.5,6.7,59,13.7,199.0,487.2,70.0
FR_Paris,2026-10-01T17:00Z,18.4,65,11.6,18.3,0.0,6,1021.2,4.3,11.3,318,19.1,103.0,411.1,40.0
GB_Glasgow,2026-10-01T17:00Z,13.8,68,8.1,11.4,0.0,41,1017.2,12.3,23.0,212,31.3,116.0,401.6,44.0
GB_London,2026-10-01T17:00Z,18.9,48,7.5,16.8,0.0,29,1021.5,9.8,16.8,239,25.6,107.0,379.1,44.0
GB_Manchester,2026-10-01T17:00Z,15.8,67,9.7,14.7,0.0,88,1015.2,7.2,15.5,195,15.8,107.0,273.3,59.0
NL_Amsterdam,2026-10-01T17:00Z,17.2,77,13.2,17.3,0.0,73,1023.8,6.0,15.5,261,20.5,62.0,270.9,32.0
PL_Warsaw,2026-10-01T17:00Z,15.0,59,7.0,12.4,0.0,0,1018.2,12.0,26.6,118,24.5,1.0,0.0,1.0
US_AZPS_Phoenix,2026-10-01T17:00Z,26.1,57,16.8,28.1,0.0,0,974.2,2.8,4.1,49,13.3,567.0,826.6,83.0
US_BPAT_Portland,2026-10-01T17:00Z,14.8,74,10.2,14.1,0.0,98,1013.5,5.0,10.7,355,15.8,261.0,277.4,155.0
US_CISO_LosAngeles,2026-10-01T17:00Z,24.6,60,16.3,26.4,0.0,1,1001.4,2.3,2.8,191,14.8,488.0,781.1,84.0
US_CISO_SanFrancisco,2026-10-01T17:00Z,15.6,81,12.4,16.2,0.0,95,1010.4,0.9,1.3,146,12.2,298.0,294.5,167.0
US_DUK_Charlotte,2026-10-01T17:00Z,28.1,43,14.2,29.8,0.0,0,993.8,7.4,9.9,224,24.5,775.0,888.1,96.0
US_ERCO_Dallas,2026-10-01T17:00Z,21.1,84,18.2,23.3,8.2,100,995.1,5.4,12.3,39,20.2,42.0,0.0,42.0
US_ERCO_Houston,2026-10-01T17:00Z,29.7,68,23.3,34.0,0.3,71,1008.3,13.2,19.4,167,33.5,653.0,643.4,169.0
US_FPL_Miami,2026-10-01T17:00Z,26.4,90,24.7,30.6,2.0,100,1017.3,15.7,22.0,133,40.0,385.0,122.5,280.0
US_ISNE_Boston,2026-10-01T17:00Z,20.7,82,17.5,22.2,0.0,100,1015.4,8.5,14.4,223,21.6,169.0,4.3,166.0
US_MISO_Chicago,2026-10-01T17:00Z,22.1,82,18.8,23.4,0.1,100,980.5,13.4,25.3,227,26.3,136.0,0.0,136.0
US_MISO_Minneapolis,2026-10-01T17:00Z,16.1,54,6.8,13.5,0.0,100,985.7,12.3,18.2,344,29.9,388.0,171.6,284.0
US_NEVP_LasVegas,2026-10-01T17:00Z,27.7,33,10.1,27.3,0.0,0,944.8,2.5,3.2,93,12.6,524.0,844.2,74.0
US_NYIS_NewYork,2026-10-01T17:00Z,21.1,84,18.3,23.1,0.0,100,1015.0,7.0,10.6,203,17.6,179.0,0.0,179.0
US_PJM_Philadelphia,2026-10-01T17:00Z,24.8,72,19.5,28.0,0.0,30,1016.1,7.4,10.7,210,22.0,660.0,713.4,145.0
US_PSCO_Denver,2026-10-01T17:00Z,18.6,43,5.7,16.6,0.0,92,848.7,6.4,9.1,10,24.1,496.0,632.6,123.0
US_SCL_Seattle,2026-10-01T17:00Z,12.2,91,10.8,12.3,0.0,100,1009.7,1.2,1.2,243,11.2,243.0,280.4,140.0
US_SOCO_Atlanta,2026-10-01T17:00Z,28.1,55,18.3,30.5,0.1,25,984.2,10.0,14.1,129,28.8,708.0,728.4,148.0
US_SWPP_KansasCity,2026-10-01T17:00Z,21.2,97,20.7,24.5,1.9,100,978.4,6.1,10.9,192,19.8,84.0,0.0,84.0
US_SWPP_OklahomaCity,2026-10-01T17:00Z,22.5,82,19.3,24.2,0.0,100,967.5,12.1,20.9,176,34.2,307.0,110.9,231.0
US_TVA_Nashville,2026-10-01T17:00Z,31.4,41,16.4,32.0,0.0,50,1000.4,16.6,22.9,199,38.5,723.0,843.5,103.0
VN_DaNang,2026-10-01T17:00Z,27.3,88,25.2,33.6,0.0,94,1012.5,4.0,10.8,170,11.2,0.0,0.0,0.0
VN_HaNoi,2026-10-01T17:00Z,28.3,91,26.6,34.8,0.0,34,1009.8,9.4,18.5,153,18.0,0.0,0.0,0.0
VN_HoChiMinh,2026-10-01T17:00Z,26.4,92,25.0,32.7,0.0,99,1011.4,2.6,7.6,91,5.8,0.0,0.0,0.0
AT_Vienna,2026-10-01T18:00Z,19.9,35,3.8,16.0,0.0,96,1004.2,16.5,31.2,147,36.0,0.0,0.0,0.0
AU_NSW1_Sydney,2026-10-01T18:00Z,16.1,66,9.8,15.3,0.0,72,1012.8,4.5,15.2,329,13.3,0.0,0.0,0.0
AU_QLD1_Brisbane,2026-10-01T18:00Z,11.0,100,11.0,10.2,0.0,95,1025.1,7.8,9.2,211,14.4,0.0,0.0,0.0
AU_SA1_Adelaide,2026-10-01T18:00Z,13.4,95,12.6,13.9,0.2,34,1014.4,2.2,6.5,251,10.4,0.0,0.0,0.0
AU_TAS1_Hobart,2026-10-01T18:00Z,6.0,95,5.2,4.2,0.0,7,1022.4,3.9,8.1,294,11.2,0.0,0.0,0.0
AU_VIC1_Melbourne,2026-10-01T18:00Z,12.4,96,11.7,11.1,0.1,100,1018.5,12.3,21.6,177,25.6,0.0,0.0,0.0
BE_Brussels,2026-10-01T18:00Z,16.3,76,12.1,15.7,0.0,20,1023.5,8.5,17.1,271,13.0,2.0,0.0,2.0
DE_Berlin,2026-10-01T18:00Z,20.3,51,9.9,19.0,0.0,100,1020.8,8.2,19.8,153,17.6,0.0,0.0,0.0
DE_Hamburg,2026-10-01T18:00Z,17.2,94,16.1,17.0,2.4,100,1022.2,15.2,27.9,285,33.1,0.0,0.0,0.0
DE_Munich,2026-10-01T18:00Z,19.3,67,13.0,19.6,0.0,100,964.1,4.3,11.5,331,8.6,0.0,0.0,0.0
ES_Madrid,2026-10-01T18:00Z,25.9,32,8.1,24.3,0.1,81,945.2,7.5,13.4,105,41.0,41.0,160.2,24.0
FR_Paris,2026-10-01T18:00Z,17.3,69,11.6,17.0,0.0,7,1022.1,5.4,13.5,319,10.4,7.0,38.2,5.0
GB_Glasgow,2026-10-01T18:00Z,12.9,72,7.9,10.4,0.0,30,1017.8,13.5,25.5,196,27.4,20.0,142.3,10.0
GB_London,2026-10-01T18:00Z,17.5,56,8.7,15.8,0.0,20,1022.4,8.9,18.1,217,21.6,12.0,82.6,7.0
GB_Manchester,2026-10-01T18:00Z,14.5,73,9.8,13.2,0.0,53,1015.7,8.2,18.4,185,16.2,15.0,45.0,12.0
NL_Amsterdam,2026-10-01T18:00Z,16.0,82,13.0,16.2,0.0,45,1024.6,5.0,15.2,266,12.6,1.0,0.0,1.0
PL_Warsaw,2026-10-01T18:00Z,13.9,59,6.0,11.0,0.0,0,1018.3,12.6,27.6,120,25.2,0.0,0.0,0.0
US_AZPS_Phoenix,2026-10-01T18:00Z,27.5,50,16.2,30.3,0.0,0,974.4,3.0,4.0,27,14.4,711.0,877.2,90.0
US_BPAT_Portland,2026-10-01T18:00Z,17.6,63,10.4,16.8,0.0,98,1013.6,5.6,8.8,348,19.8,411.0,470.0,171.0
US_CISO_LosAngeles,2026-10-01T18:00Z,26.5,54,16.5,29.2,0.0,0,1001.7,2.0,2.8,191,16.2,655.0,856.6,92.0
US_CISO_SanFrancisco,2026-10-01T18:00Z,17.2,74,12.6,17.7,0.0,37,1010.9,1.9,2.2,246,15.5,498.0,517.5,193.0
US_DUK_Charlotte,2026-10-01T18:00Z,29.0,39,13.6,30.6,0.0,0,993.3,6.9,9.1,212,24.1,791.0,894.1,97.0
US_ERCO_Dallas,2026-10-01T18:00Z,21.1,90,19.4,22.8,1.6,100,995.7,13.0,23.1,119,21.2,123.0,0.0,123.0
US_ERCO_Houston,2026-10-01T18:00Z,29.6,73,24.4,35.6,1.2,91,1008.1,6.5,9.3,155,36.0,656.0,614.1,152.0
US_FPL_Miami,2026-10-01T18:00Z,25.6,92,24.2,30.4,3.3,100,1017.2,9.6,14.8,50,34.6,235.0,19.6,218.0
US_ISNE_Boston,2026-10-01T18:00Z,23.4,71,17.8,24.6,0.0,32,1014.6,11.1,16.4,227,24.8,231.0,34.1,208.0
US_MISO_Chicago,2026-10-01T18:00Z,20.5,93,19.3,21.7,0.9,100,980.9,15.4,28.3,225,28.1,122.0,0.0,122.0
US_MISO_Minneapolis,2026-10-01T18:00Z,17.5,47,6.0,14.9,0.0,100,987.3,10.6,15.6,327,29.9,509.0,337.2,288.0
US_NEVP_LasVegas,2026-10-01T18:00Z,29.9,25,7.7,29.5,0.0,0,945.5,4.3,5.6,88,16.6,676.0,900.6,81.0
US_NYIS_NewYork,2026-10-01T18:00Z,23.5,76,18.9,25.8,0.0,87,1014.4,6.7,9.7,205,19.4,304.0,59.9,262.0
US_PJM_Philadelphia,2026-10-01T18:00Z,25.9,68,19.5,29.3,0.0,5,1015.6,6.6,9.3,216,22.7,687.0,818.8,103.0
US_PSCO_Denver,2026-10-01T18:00Z,19.1,44,6.5,17.3,0.0,3,848.8,5.6,8.0,346,22.7,405.0,253.9,232.0
US_SCL_Seattle,2026-10-01T18:00Z,13.2,88,11.2,13.2,0.0,100,1009.9,2.0,2.2,270,14.4,372.0,405.9,173.0
US_SOCO_Atlanta,2026-10-01T18:00Z,28.3,55,18.3,30.9,0.1,14,983.9,10.1,13.9,131,28.8,746.0,763.0,140.0
US_SWPP_KansasCity,2026-10-01T18:00Z,20.7,94,19.7,23.7,0.9,100,979.8,4.9,8.8,229,20.2,162.0,2.8,160.0
US_SWPP_OklahomaCity,2026-10-01T18:00Z,23.1,71,17.4,23.7,0.0,89,968.4,13.9,21.7,185,30.6,271.0,23.8,253.0
US_TVA_Nashville,2026-10-01T18:00Z,32.7,36,15.8,33.1,0.0,56,1000.0,15.3,20.9,201,38.9,693.0,738.2,126.0
VN_DaNang,2026-10-01T18:00Z,27.7,88,25.5,34.2,0.0,96,1011.8,3.6,10.3,149,7.9,0.0,0.0,0.0
VN_HaNoi,2026-10-01T18:00Z,27.4,87,25.0,32.8,0.0,53,1009.7,9.0,16.0,140,17.6,0.0,0.0,0.0
VN_HoChiMinh,2026-10-01T18:00Z,26.4,95,25.6,32.8,0.0,99,1010.5,4.7,9.1,99,7.6,0.0,0.0,0.0
AT_Vienna,2026-10-01T19:00Z,19.1,37,4.0,15.5,0.0,84,1004.4,14.9,28.8,153,35.6,0.0,0.0,0.0
AU_NSW1_Sydney,2026-10-01T19:00Z,15.5,69,9.9,14.7,0.0,45,1013.5,4.7,13.2,277,9.0,0.0,0.0,0.0
AU_QLD1_Brisbane,2026-10-01T19:00Z,11.0,100,11.0,10.6,0.0,93,1025.4,5.1,6.6,197,13.7,0.0,0.0,0.0
AU_SA1_Adelaide,2026-10-01T19:00Z,13.9,95,13.1,14.1,0.0,96,1014.6,5.5,9.8,218,9.4,0.0,0.0,0.0
AU_TAS1_Hobart,2026-10-01T19:00Z,5.9,92,4.8,4.1,0.0,0,1023.0,3.8,7.6,265,11.5,0.0,0.0,0.0
AU_VIC1_Melbourne,2026-10-01T19:00Z,12.4,94,11.5,10.9,0.3,100,1018.9,13.2,22.6,167,27.4,0.0,0.0,0.0
BE_Brussels,2026-10-01T19:00Z,15.7,78,11.9,15.2,0.0,6,1024.4,7.1,15.8,263,16.6,0.0,0.0,0.0
DE_Berlin,2026-10-01T19:00Z,19.3,55,9.9,18.1,0.0,100,1021.1,7.6,19.0,151,15.5,0.0,0.0,0.0
DE_Hamburg,2026-10-01T19:00Z,16.3,93,15.1,15.9,0.9,100,1022.9,14.1,26.4,296,28.4,0.0,0.0,0.0
DE_Munich,2026-10-01T19:00Z,18.8,68,12.7,19.0,0.0,100,964.3,4.1,11.8,341,7.9,0.0,0.0,0.0
ES_Madrid,2026-10-01T19:00Z,23.0,51,12.2,21.9,0.0,71,945.7,12.2,20.9,117,37.8,0.0,0.0,0.0
FR_Paris,2026-10-01T19:00Z,16.6,72,11.6,16.0,0.0,5,1022.9,6.9,17.0,330,13.7,0.0,0.0,0.0
GB_Glasgow,2026-10-01T19:00Z,12.3,74,7.8,10.1,0.0,23,1018.2,11.2,23.4,187,27.7,0.0,0.0,0.0
GB_London,2026-10-01T19:00Z,16.6,62,9.3,14.8,0.0,36,1023.1,11.1,21.4,212,23.4,0.0,0.0,0.0
GB_Manchester,2026-10-01T19:00Z,14.0,75,9.6,12.6,0.0,20,1016.2,8.5,20.5,188,17.6,0.0,0.0,0.0
NL_Amsterdam,2026-10-01T19:00Z,15.6,83,12.7,15.7,0.0,16,1025.0,4.7,14.5,278,9.7,0.0,0.0,0.0
PL_Warsaw,2026-10-01T19:00Z,13.5,59,5.7,10.5,0.0,0,1018.6,12.6,28.1,125,25.2,0.0,0.0,0.0
US_AZPS_Phoenix,2026-10-01T19:00Z,29.0,47,16.4,32.3,0.0,0,973.7,3.8,4.9,6,15.8,795.0,900.1,93.0
US_BPAT_Portland,2026-10-01T19:00Z,20.0,54,10.5,19.0,0.0,98,1013.0,7.7,10.8,339,22.3,492.0,452.1,220.0
US_CISO_LosAngeles,2026-10-01T19:00Z,29.3,47,16.7,32.6,0.0,0,1001.0,3.1,4.3,202,17.3,765.0,891.7,96.0
US_CISO_SanFrancisco,2026-10-01T19:00Z,19.1,67,12.8,19.5,0.0,10,1010.7,7.4,9.2,269,24.5,643.0,668.4,181.0
US_DUK_Charlotte,2026-10-01T19:00Z,29.4,37,13.1,30.6,0.0,0,992.5,6.6,9.0,213,23.4,740.0,880.5,95.0
US_ERCO_Dallas,2026-10-01T19:00Z,21.8,90,20.1,23.8,3.6,100,994.8,12.9,25.0,107,33.1,128.0,0.0,128.0
US_ERCO_Houston,2026-10-01T19:00Z,31.7,64,24.0,36.5,0.2,59,1007.1,13.5,19.6,166,35.6,672.0,445.1,302.0
US_FPL_Miami,2026-10-01T19:00Z,25.7,91,24.2,29.8,1.6,100,1016.0,13.9,19.7,55,28.8,169.0,2.4,167.0
US_ISNE_Boston,2026-10-01T19:00Z,24.0,68,17.8,25.0,0.0,9,1013.9,12.7,19.3,226,30.2,502.0,651.6,109.0
US_MISO_Chicago,2026-10-01T19:00Z,20.5,95,19.6,22.3,3.1,100,980.4,12.6,23.5,238,37.8,82.0,0.0,82.0
US_MISO_Minneapolis,2026-10-01T19:00Z,18.0,42,5.0,15.0,0.0,100,987.1,11.5,16.8,331,27.7,487.0,277.0,305.0
US_NEVP_LasVegas,2026-10-01T19:00Z,31.9,20,6.2,31.7,0.0,0,945.1,4.4,5.7,79,18.0,774.0,928.7,86.0
US_NYIS_NewYork,2026-10-01T19:00Z,23.7,75,19.0,25.8,0.0,84,1013.9,8.3,12.2,206,21.2,365.0,318.0,162.0
US_PJM_Philadelphia,2026-10-01T19:00Z,26.5,65,19.3,29.4,0.0,11,1015.1,6.8,9.6,217,19.8,618.0,796.0,98.0
US_PSCO_Denver,2026-10-01T19:00Z,20.6,40,6.4,20.7,0.0,5,848.9,2.0,2.7,360,21.2,739.0,885.1,98.0
US_SCL_Seattle,2026-10-01T19:00Z,14.0,86,11.8,13.9,0.0,98,1010.0,4.6,5.7,294,16.6,460.0,426.4,214.0
US_SOCO_Atlanta,2026-10-01T19:00Z,29.3,51,18.0,31.7,0.1,27,983.0,10.2,14.1,138,28.4,726.0,794.0,120.0
US_SWPP_KansasCity,2026-10-01T19:00Z,21.6,95,20.7,25.0,1.1,100,979.9,5.0,11.5,194,14.4,118.0,1.4,117.0
US_SWPP_OklahomaCity,2026-10-01T19:00Z,23.1,72,17.9,24.3,0.3,59,967.8,11.5,17.3,176,34.2,522.0,359.9,243.0
US_TVA_Nashville,2026-10-01T19:00Z,32.6,36,15.6,32.7,0.2,66,998.9,13.9,19.0,195,35.3,597.0,570.7,171.0
VN_DaNang,2026-10-01T19:00Z,26.8,92,25.4,33.3,0.0,97,1011.7,3.2,8.3,179,7.2,0.0,0.0,0.0
VN_HaNoi,2026-10-01T19:00Z,27.1,91,25.5,33.2,0.8,57,1009.4,6.7,14.4,146,16.9,0.0,0.0,0.0
VN_HoChiMinh,2026-10-01T19:00Z,26.1,95,25.2,32.6,0.0,99,1010.3,2.2,5.8,99,9.0,0.0,0.0,0.0
AT_Vienna,2026-10-01T20:00Z,18.2,39,3.9,14.8,0.0,90,1004.5,13.6,27.9,158,32.0,0.0,0.0,0.0
AU_NSW1_Sydney,2026-10-01T20:00Z,15.5,72,10.5,15.2,0.0,41,1013.7,3.3,9.8,325,7.9,8.0,45.4,5.0
AU_QLD1_Brisbane,2026-10-01T20:00Z,11.3,100,11.2,10.9,0.0,97,1025.9,4.8,3.8,175,9.7,15.0,74.5,9.0
AU_SA1_Adelaide,2026-10-01T20:00Z,13.2,95,12.4,11.4,0.9,99,1015.9,17.2,26.1,233,31.7,0.0,0.0,0.0
AU_TAS1_Hobart,2026-10-01T20:00Z,5.9,93,4.8,4.3,0.0,0,1023.9,2.3,3.8,245,10.4,2.0,19.1,1.0
AU_VIC1_Melbourne,2026-10-01T20:00Z,12.3,92,11.1,10.7,0.1,100,1019.7,12.8,22.4,157,26.3,0.0,0.0,0.0
BE_Brussels,2026-10-01T20:00Z,15.1,81,11.9,14.5,0.0,12,1025.2,8.2,18.1,264,16.2,0.0,0.0,0.0
DE_Berlin,2026-10-01T20:00Z,18.5,57,9.9,17.4,0.0,100,1021.4,7.4,17.7,147,14.8,0.0,0.0,0.0
DE_Hamburg,2026-10-01T20:00Z,16.0,93,14.9,16.1,1.4,100,1023.7,10.5,22.1,305,25.6,0.0,0.0,0.0
DE_Munich,2026-10-01T20:00Z,18.0,71,12.7,18.5,0.0,99,964.5,2.5,7.6,355,7.2,0.0,0.0,0.0
ES_Madrid,2026-10-01T20:00Z,21.6,62,14.0,21.3,0.0,90,946.4,10.8,18.0,92,27.0,0.0,0.0,0.0
FR_Paris,2026-10-01T20:00Z,15.6,78,11.7,15.2,0.0,3,1023.6,6.3,16.1,342,14.0,0.0,0.0,0.0
GB_Glasgow,2026-10-01T20:00Z,12.1,74,7.6,9.7,0.0,5,1018.4,12.1,25.2,183,24.8,0.0,0.0,0.0
GB_London,2026-10-01T20:00Z,15.8,66,9.4,14.0,0.0,34,1023.8,11.0,21.5,225,24.5,0.0,0.0,0.0
GB_Manchester,2026-10-01T20:00Z,13.4,76,9.2,11.9,0.0,7,1016.7,8.1,20.4,194,17.6,0.0,0.0,0.0
NL_Amsterdam,2026-10-01T20:00Z,15.2,86,12.8,15.4,0.0,20,1026.0,4.2,12.3,263,9.0,0.0,0.0,0.0
PL_Warsaw,2026-10-01T20:00Z,12.9,61,5.5,9.9,0.0,0,1018.9,13.0,28.7,129,25.9,0.0,0.0,0.0
US_AZPS_Phoenix,2026-10-01T20:00Z,30.3,42,16.0,33.3,0.0,0,973.0,4.5,6.1,2,17.3,816.0,906.6,94.0
US_BPAT_Portland,2026-10-01T20:00Z,21.8,50,10.8,20.8,0.0,98,1012.6,8.7,12.3,339,24.8,567.0,556.6,206.0
US_CISO_LosAngeles,2026-10-01T20:00Z,31.2,41,16.3,34.2,0.0,0,1000.3,5.4,7.5,226,20.9,812.0,905.4,97.0
US_CISO_SanFrancisco,2026-10-01T20:00Z,19.4,68,13.3,19.9,0.0,16,1010.4,10.3,12.6,273,30.2,713.0,741.1,162.0
US_DUK_Charlotte,2026-10-01T20:00Z,29.5,35,12.5,29.7,0.0,0,991.8,7.4,9.8,208,22.7,628.0,848.2,88.0
US_ERCO_Dallas,2026-10-01T20:00Z,21.4,91,19.8,23.8,1.0,100,993.6,9.6,17.9,119,34.2,100.0,2.6,98.0
US_ERCO_Houston,2026-10-01T20:00Z,32.0,62,23.8,36.7,0.6,58,1005.9,11.7,17.2,165,37.1,637.0,550.4,206.0
US_FPL_Miami,2026-10-01T20:00Z,26.0,88,24.0,30.6,0.7,100,1015.4,10.2,14.8,66,27.7,163.0,0.0,163.0
US_ISNE_Boston,2026-10-01T20:00Z,24.1,69,17.9,24.9,0.0,19,1013.7,14.5,22.2,226,32.8,409.0,638.4,97.0
US_MISO_Chicago,2026-10-01T20:00Z,21.3,94,20.3,23.7,1.2,100,980.4,10.3,18.5,241,22.7,125.0,0.0,125.0
US_MISO_Minneapolis,2026-10-01T20:00Z,18.0,38,3.5,14.8,0.0,96,986.7,11.2,17.0,321,27.0,367.0,121.1,293.0
US_NEVP_LasVegas,2026-10-01T20:00Z,33.3,18,5.5,33.2,0.0,0,944.5,4.6,6.0,69,18.4,807.0,937.4,87.0
US_NYIS_NewYork,2026-10-01T20:00Z,24.3,73,19.0,26.5,0.0,100,1013.8,7.9,11.8,203,22.3,348.0,383.5,145.0
US_PJM_Philadelphia,2026-10-01T20:00Z,26.6,63,19.0,28.8,0.0,14,1014.8,7.8,11.3,213,20.2,484.0,708.5,97.0
US_PSCO_Denver,2026-10-01T20:00Z,21.9,35,5.8,22.0,0.0,14,848.6,0.8,1.2,63,17.3,735.0,903.6,89.0
US_SCL_Seattle,2026-10-01T20:00Z,15.1,82,12.1,15.3,0.0,98,1009.9,3.0,4.0,333,16.6,494.0,408.9,240.0
US_SOCO_Atlanta,2026-10-01T20:00Z,29.5,49,17.8,31.1,0.0,27,982.2,10.4,14.5,137,28.4,605.0,709.6,124.0
US_SWPP_KansasCity,2026-10-01T20:00Z,21.7,95,20.9,25.4,1.7,100,979.6,3.9,2.7,247,9.7,100.0,0.0,100.0
US_SWPP_OklahomaCity,2026-10-01T20:00Z,23.8,69,17.7,24.7,0.2,74,967.7,13.1,19.7,155,32.0,577.0,485.2,219.0
US_TVA_Nashville,2026-10-01T20:00Z,33.3,33,14.8,32.8,0.1,99,998.3,13.7,19.1,198,33.5,541.0,589.8,145.0
VN_DaNang,2026-10-01T20:00Z,26.2,95,25.4,32.8,0.0,77,1011.5,2.7,7.4,176,6.5,0.0,0.0,0.0
VN_HaNoi,2026-10-01T20:00Z,27.4,94,26.3,33.7,0.1,80,1008.9,8.6,17.6,153,15.8,0.0,0.0,0.0
VN_HoChiMinh,2026-10-01T20:00Z,26.1,94,25.0,32.7,0.0,100,1010.4,0.9,2.8,63,4.7,0.0,0.0,0.0
AT_Vienna,2026-10-01T21:00Z,17.4,40,3.8,14.0,0.0,95,1004.8,13.0,27.2,161,29.2,0.0,0.0,0.0
AU_NSW1_Sydney,2026-10-01T21:00Z,17.3,66,10.8,16.9,0.0,95,1014.4,3.9,11.2,305,9.4,127.0,393.2,50.0
AU_QLD1_Brisbane,2026-10-01T21:00Z,14.4,87,12.2,14.4,0.0,2,1026.5,4.8,7.3,197,14.0,172.0,494.2,59.0
AU_SA1_Adelaide,2026-10-01T21:00Z,13.2,95,12.3,11.5,0.7,89,1016.1,16.3,26.4,204,34.6,8.0,12.1,7.0
AU_TAS1_Hobart,2026-10-01T21:00Z,8.3,85,6.0,6.6,0.0,2,1025.2,4.3,5.6,310,12.2,101.0,515.7,31.0
AU_VIC1_Melbourne,2026-10-01T21:00Z,12.2,92,10.9,10.5,0.6,100,1020.1,13.1,21.8,151,27.4,13.0,0.0,13.0
BE_Brussels,2026-10-01T21:00Z,14.9,82,11.9,14.4,0.0,5,1025.6,6.8,16.2,269,16.2,0.0,0.0,0.0
DE_Berlin,2026-10-01T21:00Z,17.6,60,9.8,16.2,0.0,100,1021.7,8.8,19.1,125,16.9,0.0,0.0,0.0
DE_Hamburg,2026-10-01T21:00Z,15.8,94,14.9,16.8,1.7,100,1024.5,4.1,11.1,295,18.7,0.0,0.0,0.0
DE_Munich,2026-10-01T21:00Z,16.8,76,12.6,17.1,0.0,98,964.7,3.3,4.6,334,5.4,0.0,0.0,0.0
ES_Madrid,2026-10-01T21:00Z,20.9,70,15.2,21.3,0.0,76,947.0,9.1,14.7,76,24.5,0.0,0.0,0.0
FR_Paris,2026-10-01T21:00Z,14.7,81,11.6,14.5,0.0,1,1024.0,4.7,14.5,355,12.6,0.0,0.0,0.0
GB_Glasgow,2026-10-01T21:00Z,12.0,75,7.8,9.6,0.0,27,1018.6,12.6,25.9,179,25.6,0.0,0.0,0.0
GB_London,2026-10-01T21:00Z,15.0,70,9.5,13.4,0.0,91,1024.5,9.8,19.6,232,23.4,0.0,0.0,0.0
GB_Manchester,2026-10-01T21:00Z,12.9,77,9.0,11.3,0.0,7,1017.2,9.0,22.0,188,18.4,0.0,0.0,0.0
NL_Amsterdam,2026-10-01T21:00Z,14.8,88,12.8,15.1,0.0,8,1026.5,4.0,10.8,265,8.3,0.0,0.0,0.0
PL_Warsaw,2026-10-01T21:00Z,12.4,63,5.5,9.5,0.0,0,1019.2,12.6,28.4,133,25.9,0.0,0.0,0.0
US_AZPS_Phoenix,2026-10-01T21:00Z,31.4,37,15.0,33.8,0.0,0,972.2,4.5,6.2,7,17.3,770.0,897.7,91.0
US_BPAT_Portland,2026-10-01T21:00Z,23.2,46,11.0,22.4,0.0,89,1011.9,8.9,12.9,340,25.2,578.0,606.1,185.0
US_CISO_LosAngeles,2026-10-01T21:00Z,32.0,39,16.5,34.7,0.0,0,999.5,7.3,10.0,232,24.1,793.0,901.6,96.0
US_CISO_SanFrancisco,2026-10-01T21:00Z,19.5,68,13.4,20.0,0.0,20,1009.6,11.9,14.9,271,32.8,746.0,820.2,137.0
US_DUK_Charlotte,2026-10-01T21:00Z,29.3,35,12.3,28.9,0.0,0,991.5,7.2,9.9,201,22.7,468.0,787.9,78.0
US_ERCO_Dallas,2026-10-01T21:00Z,22.6,92,21.2,25.7,1.0,100,993.9,9.0,14.5,121,21.2,180.0,48.0,148.0
US_ERCO_Houston,2026-10-01T21:00Z,30.7,61,22.2,33.2,0.5,99,1006.3,16.8,26.1,167,42.1,520.0,506.2,176.0
US_FPL_Miami,2026-10-01T21:00Z,26.4,89,24.3,30.8,0.1,100,1014.8,12.3,19.6,77,23.4,99.0,5.4,96.0
US_ISNE_Boston,2026-10-01T21:00Z,23.9,70,18.0,24.8,0.0,71,1013.3,13.8,24.0,230,33.5,258.0,514.4,84.0
US_MISO_Chicago,2026-10-01T21:00Z,20.6,97,20.0,22.9,2.4,100,980.6,10.6,18.2,303,27.7,54.0,0.0,54.0
US_MISO_Minneapolis,2026-10-01T21:00Z,18.3,36,3.0,14.8,0.0,100,987.1,13.2,20.0,314,29.2,452.0,518.7,182.0
US_NEVP_LasVegas,2026-10-01T21:00Z,34.3,16,4.8,33.8,0.0,0,943.7,4.8,6.2,80,18.7,775.0,931.7,85.0
US_NYIS_NewYork,2026-10-01T21:00Z,24.0,75,19.3,26.6,0.0,36,1013.3,6.1,11.0,183,19.8,170.0,152.0,112.0
US_PJM_Philadelphia,2026-10-01T21:00Z,26.3,63,18.8,28.3,0.0,9,1014.4,8.5,13.4,206,20.2,326.0,608.6,83.0
US_PSCO_Denver,2026-10-01T21:00Z,23.0,30,4.6,21.4,0.0,27,848.2,3.6,5.2,139,17.6,592.0,724.4,118.0
US_SCL_Seattle,2026-10-01T21:00Z,16.2,74,11.5,16.4,0.0,91,1009.3,1.8,2.2,318,14.0,484.0,408.1,231.0
US_SOCO_Atlanta,2026-10-01T21:00Z,29.4,50,17.8,30.7,0.1,9,981.9,10.3,14.4,134,27.7,465.0,663.5,104.0
US_SWPP_KansasCity,2026-10-01T21:00Z,21.6,96,21.0,24.7,1.0,100,979.2,8.7,15.2,10,16.2,66.0,0.0,66.0
US_SWPP_OklahomaCity,2026-10-01T21:00Z,23.9,67,17.4,24.7,0.0,100,967.6,12.6,19.2,150,35.6,478.0,450.8,186.0
US_TVA_Nashville,2026-10-01T21:00Z,32.8,34,15.0,31.9,0.0,98,997.6,17.8,25.0,189,38.2,409.0,448.7,163.0
VN_DaNang,2026-10-01T21:00Z,25.7,98,25.4,32.3,0.0,74,1011.4,2.3,6.0,189,5.4,0.0,0.0,0.0
VN_HaNoi,2026-10-01T21:00Z,27.5,95,26.7,34.4,0.0,87,1009.1,6.3,14.4,160,16.2,0.0,0.0,0.0
VN_HoChiMinh,2026-10-01T21:00Z,26.0,94,25.0,32.7,0.0,99,1010.4,0.6,3.6,93,2.5,0.0,0.0,0.0
AT_Vienna,2026-10-01T22:00Z,16.7,42,3.6,13.5,0.0,97,1005.0,12.0,26.4,163,27.4,0.0,0.0,0.0
AU_NSW1_Sydney,2026-10-01T22:00Z,19.4,57,10.6,18.8,0.0,73,1014.9,5.6,14.1,268,15.5,270.0,309.8,146.0
AU_QLD1_Brisbane,2026-10-01T22:00Z,18.3,69,12.5,18.4,0.0,2,1026.6,4.4,6.8,215,16.2,408.0,735.5,81.0
AU_SA1_Adelaide,2026-10-01T22:00Z,13.7,87,11.6,12.0,0.1,100,1017.1,15.2,23.0,186,34.6,81.0,96.7,59.0
AU_TAS1_Hobart,2026-10-01T22:00Z,10.6,72,5.8,9.0,0.0,2,1026.0,3.8,5.4,340,13.3,289.0,731.2,55.0
AU_VIC1_Melbourne,2026-10-01T22:00Z,12.3,91,10.8,10.6,0.4,100,1020.5,13.1,21.4,162,29.2,59.0,6.5,57.0
BE_Brussels,2026-10-01T22:00Z,14.3,85,11.8,13.7,0.0,3,1026.2,7.8,17.5,269,15.5,0.0,0.0,0.0
DE_Berlin,2026-10-01T22:00Z,16.9,62,9.5,15.4,0.0,100,1021.9,8.8,19.8,128,18.0,0.0,0.0,0.0
DE_Hamburg,2026-10-01T22:00Z,15.6,96,15.0,16.2,2.1,100,1024.7,7.1,14.6,275,12.2,0.0,0.0,0.0
DE_Munich,2026-10-01T22:00Z,16.1,79,12.5,16.0,0.0,98,965.2,6.0,7.8,304,11.9,0.0,0.0,0.0
ES_Madrid,2026-10-01T22:00Z,19.5,77,15.4,19.8,0.1,98,947.3,10.4,16.8,58,23.4,0.0,0.0,0.0
FR_Paris,2026-10-01T22:00Z,14.0,85,11.5,13.9,0.0,2,1024.2,3.9,11.7,356,9.4,0.0,0.0,0.0
GB_Glasgow,2026-10-01T22:00Z,12.0,78,8.4,9.5,0.0,26,1018.3,14.2,27.9,178,28.8,0.0,0.0,0.0
GB_London,2026-10-01T22:00Z,14.3,74,9.7,13.0,0.0,86,1024.9,8.7,18.0,235,20.2,0.0,0.0,0.0
GB_Manchester,2026-10-01T22:00Z,12.7,77,8.8,10.9,0.0,2,1017.5,9.8,22.9,185,20.5,0.0,0.0,0.0
NL_Amsterdam,2026-10-01T22:00Z,14.4,89,12.6,14.6,0.0,4,1027.0,3.9,9.9,255,7.6,0.0,0.0,0.0
PL_Warsaw,2026-10-01T22:00Z,12.0,65,5.6,9.0,0.0,0,1019.4,12.4,27.5,136,25.6,0.0,0.0,0.0
US_AZPS_Phoenix,2026-10-01T22:00Z,32.0,35,14.5,33.4,0.0,1,971.7,4.9,6.3,5,16.9,659.0,864.9,86.0
US_BPAT_Portland,2026-10-01T22:00Z,24.4,44,11.2,23.4,0.0,98,1011.1,9.1,13.0,346,25.6,556.0,712.0,128.0
US_CISO_LosAngeles,2026-10-01T22:00Z,32.0,40,16.7,33.9,0.0,0,998.9,8.9,12.2,236,26.6,708.0,876.7,93.0
US_CISO_SanFrancisco,2026-10-01T22:00Z,18.8,71,13.5,18.4,0.0,20,1009.3,14.6,20.0,262,36.7,669.0,753.9,150.0
US_DUK_Charlotte,2026-10-01T22:00Z,28.5,38,12.7,28.4,0.0,0,991.2,6.7,9.4,203,20.5,272.0,662.0,62.0
US_ERCO_Dallas,2026-10-01T22:00Z,23.0,97,22.5,26.9,1.8,100,994.6,9.1,16.8,133,22.0,77.0,1.9,76.0
US_ERCO_Houston,2026-10-01T22:00Z,27.3,84,24.4,33.1,5.2,99,1007.0,3.4,3.2,289,37.4,269.0,185.7,171.0
US_FPL_Miami,2026-10-01T22:00Z,27.0,87,24.7,31.0,0.0,100,1014.8,16.9,26.6,77,32.4,57.0,0.0,57.0
US_ISNE_Boston,2026-10-01T22:00Z,22.6,75,18.0,23.3,0.0,100,1013.0,14.9,26.9,225,31.3,61.0,117.3,42.0
US_MISO_Chicago,2026-10-01T22:00Z,17.7,94,16.8,17.1,2.0,100,981.1,20.2,32.8,2,43.9,27.0,0.0,27.0
US_MISO_Minneapolis,2026-10-01T22:00Z,17.6,43,4.9,14.5,0.0,100,986.7,12.8,22.0,313,31.3,275.0,270.7,169.0
US_NEVP_LasVegas,2026-10-01T22:00Z,34.8,15,4.2,33.5,0.0,0,943.1,5.0,6.5,95,18.7,679.0,905.9,81.0
US_NYIS_NewYork,2026-10-01T22:00Z,23.2,81,19.9,26.0,0.0,51,1012.6,6.6,13.9,170,16.2,141.0,424.5,54.0
US_PJM_Philadelphia,2026-10-01T22:00Z,25.2,70,19.3,27.5,0.0,20,1014.1,8.2,16.5,204,19.8,168.0,530.4,50.0
US_PSCO_Denver,2026-10-01T22:00Z,23.3,29,4.1,20.6,0.0,15,848.2,8.5,11.8,146,25.2,503.0,750.2,93.0
US_SCL_Seattle,2026-10-01T22:00Z,17.1,69,11.3,17.1,0.0,97,1008.6,2.4,3.1,324,12.2,462.0,488.2,182.0
US_SOCO_Atlanta,2026-10-01T22:00Z,28.9,51,17.6,30.1,0.0,5,981.6,10.2,14.7,127,26.3,292.0,582.4,76.0
US_SWPP_KansasCity,2026-10-01T22:00Z,20.6,95,19.9,22.1,0.7,100,980.1,15.6,25.0,13,32.0,72.0,0.0,72.0
US_SWPP_OklahomaCity,2026-10-01T22:00Z,23.5,72,18.2,25.2,0.0,45,968.3,8.7,13.5,142,30.2,245.0,105.6,191.0
US_TVA_Nashville,2026-10-01T22:00Z,32.1,36,15.1,31.3,0.0,100,997.4,16.7,24.2,176,39.2,252.0,329.6,125.0
VN_DaNang,2026-10-01T22:00Z,25.4,100,25.3,32.0,0.0,84,1011.8,2.3,5.6,186,5.4,0.0,0.0,0.0
VN_HaNoi,2026-10-01T22:00Z,27.4,96,26.7,33.8,0.0,67,1008.8,10.1,18.6,145,18.4,0.0,0.0,0.0
VN_HoChiMinh,2026-10-01T22:00Z,25.9,94,24.9,32.5,0.0,98,1010.9,0.6,3.4,90,2.2,0.0,0.0,0.0
AT_Vienna,2026-10-01T23:00Z,16.2,43,3.5,13.1,0.0,97,1005.3,10.8,25.0,159,25.2,0.0,0.0,0.0
AU_NSW1_Sydney,2026-10-01T23:00Z,21.5,50,10.7,20.9,0.0,95,1014.6,5.1,7.4,231,17.6,414.0,408.8,177.0
AU_QLD1_Brisbane,2026-10-01T23:00Z,20.6,59,12.3,21.7,0.0,2,1026.2,1.0,1.5,69,16.2,626.0,843.2,93.0
AU_SA1_Adelaide,2026-10-01T23:00Z,14.2,86,11.9,13.0,0.1,42,1017.7,12.7,18.6,193,30.2,135.0,70.3,105.0
AU_TAS1_Hobart,2026-10-01T23:00Z,12.5,61,5.2,10.8,0.0,13,1026.3,3.7,4.7,58,14.8,474.0,832.5,70.0
AU_VIC1_Melbourne,2026-10-01T23:00Z,12.3,91,10.9,11.0,1.1,100,1020.6,11.0,18.1,148,29.5,71.0,0.0,71.0
BE_Brussels,2026-10-01T23:00Z,13.7,87,11.6,13.3,0.0,1,1026.6,6.4,14.8,271,15.5,0.0,0.0,0.0
DE_Berlin,2026-10-01T23:00Z,15.9,64,9.2,14.5,0.0,100,1022.2,8.1,18.5,135,16.9,0.0,0.0,0.0
DE_Hamburg,2026-10-01T23:00Z,15.6,96,15.0,16.2,1.8,100,1025.1,7.3,16.1,260,13.3,0.0,0.0,0.0
DE_Munich,2026-10-01T23:00Z,15.3,83,12.4,14.7,0.0,86,965.8,8.9,16.3,301,17.3,0.0,0.0,0.0
ES_Madrid,2026-10-01T23:00Z,17.5,88,15.4,17.2,1.1,98,947.8,14.4,23.8,45,30.6,0.0,0.0,0.0
FR_Paris,2026-10-01T23:00Z,13.4,88,11.4,13.4,0.0,16,1024.5,3.2,10.3,4,7.9,0.0,0.0,0.0
GB_Glasgow,2026-10-01T23:00Z,12.2,81,9.0,9.7,0.0,53,1018.3,14.8,28.6,186,30.2,0.0,0.0,0.0
GB_London,2026-10-01T23:00Z,13.9,76,9.8,12.7,0.0,83,1025.3,8.0,16.9,232,17.3,0.0,0.0,0.0
GB_Manchester,2026-10-01T23:00Z,12.5,78,8.7,10.6,0.0,1,1017.5,10.4,24.1,180,21.2,0.0,0.0,0.0
NL_Amsterdam,2026-10-01T23:00Z,14.1,90,12.4,14.1,0.0,14,1027.4,4.7,11.6,248,9.0,0.0,0.0,0.0
PL_Warsaw,2026-10-01T23:00Z,11.5,68,5.7,8.6,0.0,0,1019.4,12.0,27.0,140,24.5,0.0,0.0,0.0
US_AZPS_Phoenix,2026-10-01T23:00Z,31.9,35,14.6,32.6,0.0,0,971.4,5.6,7.6,353,16.6,494.0,800.1,77.0
US_BPAT_Portland,2026-10-01T23:00Z,24.7,44,11.5,23.8,0.0,98,1010.6,9.2,13.3,344,25.2,449.0,641.3,122.0
US_CISO_LosAngeles,2026-10-01T23:00Z,31.0,42,16.5,31.8,0.0,0,998.5,9.9,13.8,241,27.7,564.0,826.3,85.0
US_CISO_SanFrancisco,2026-10-01T23:00Z,18.2,74,13.5,17.1,0.0,28,1009.2,14.8,21.0,260,38.2,550.0,707.8,136.0
US_DUK_Charlotte,2026-10-01T23:00Z,25.7,51,14.8,26.6,0.0,0,991.1,4.4,11.0,198,15.8,79.0,387.8,28.0
US_ERCO_Dallas,2026-10-01T23:00Z,23.3,98,22.9,27.7,1.0,100,994.2,6.8,14.3,131,16.6,26.0,0.0,26.0
US_ERCO_Houston,2026-10-01T23:00Z,25.0,93,23.7,29.8,4.0,100,1007.6,7.3,15.0,175,17.6,99.0,14.8,94.0
US_FPL_Miami,2026-10-01T23:00Z,27.0,87,24.6,30.7,0.0,100,1014.8,18.3,28.5,79,35.6,17.0,0.0,17.0
US_ISNE_Boston,2026-10-01T23:00Z,21.4,83,18.3,22.3,0.0,99,1012.8,14.7,27.0,223,31.7,1.0,0.0,1.0
US_MISO_Chicago,2026-10-01T23:00Z,17.2,93,16.1,16.4,2.5,100,981.0,20.1,33.9,18,40.0,16.0,0.0,16.0
US_MISO_Minneapolis,2026-10-01T23:00Z,16.7,46,5.2,13.8,0.0,64,986.9,11.7,22.8,311,26.6,140.0,163.0,102.0
US_NEVP_LasVegas,2026-10-01T23:00Z,34.7,15,4.1,32.5,0.0,0,942.8,5.6,7.1,100,18.4,528.0,854.9,73.0
US_NYIS_NewYork,2026-10-01T23:00Z,21.8,90,20.1,24.9,0.0,24,1012.7,5.2,14.9,188,16.2,14.0,66.9,9.0
US_PJM_Philadelphia,2026-10-01T23:00Z,23.4,77,19.2,25.6,0.0,4,1014.0,8.9,20.7,205,17.3,22.0,131.6,11.0
US_PSCO_Denver,2026-10-01T23:00Z,22.3,32,4.8,19.1,0.0,1,847.7,13.3,19.5,141,33.5,340.0,662.1,76.0
US_SCL_Seattle,2026-10-01T23:00Z,17.4,67,11.2,17.2,0.0,98,1008.0,3.5,4.4,330,12.6,326.0,294.9,183.0
US_SOCO_Atlanta,2026-10-01T23:00Z,27.7,55,17.7,29.2,0.0,11,981.5,8.6,15.2,112,24.1,112.0,399.7,44.0
US_SWPP_KansasCity,2026-10-01T23:00Z,19.7,96,19.0,20.4,0.8,100,981.1,17.5,29.7,23,34.9,37.0,0.0,37.0
US_SWPP_OklahomaCity,2026-10-01T23:00Z,23.8,72,18.4,25.5,0.0,95,968.2,9.7,14.6,153,24.5,243.0,474.3,83.0
US_TVA_Nashville,2026-10-01T23:00Z,31.3,37,15.1,31.0,0.0,98,997.3,13.7,22.1,181,34.9,113.0,217.0,71.0
VN_DaNang,2026-10-01T23:00Z,25.3,99,25.2,31.6,0.0,76,1012.1,3.6,6.7,171,5.8,6.0,15.2,5.0
VN_HaNoi,2026-10-01T23:00Z,27.5,95,26.6,34.1,0.0,67,1009.8,8.3,16.2,135,19.1,1.0,0.0,1.0
VN_HoChiMinh,2026-10-01T23:00Z,26.0,93,24.8,32.4,0.0,98,1011.4,0.5,3.6,99,2.2,3.0,0.0,3.0
AT_Vienna,2026-10-02T00:00Z,15.4,44,3.2,12.1,0.0,77,1005.3,11.4,25.9,162,22.7,0.0,0.0,0.0
AU_NSW1_Sydney,2026-10-02T00:00Z,23.0,50,12.0,23.6,0.0,89,1014.4,5.0,6.1,152,19.1,669.0,695.3,167.0
AU_QLD1_Brisbane,2026-10-02T00:00Z,22.7,50,11.6,23.8,0.0,20,1025.7,6.1,8.4,50,20.2,792.0,872.2,113.0
AU_SA1_Adelaide,2026-10-02T00:00Z,15.3,70,9.9,13.6,0.1,23,1017.6,12.0,17.6,147,31.0,380.0,335.7,179.0
AU_TAS1_Hobart,2026-10-02T00:00Z,13.9,57,5.5,11.8,0.0,52,1026.0,6.7,8.7,73,23.8,560.0,686.8,134.0
AU_VIC1_Melbourne,2026-10-02T00:00Z,12.4,95,11.6,11.1,1.0,100,1020.5,12.1,20.0,154,29.5,209.0,53.1,175.0
BE_Brussels,2026-10-02T00:00Z,12.8,89,11.0,11.9,0.0,0,1027.2,8.1,16.8,254,14.4,0.0,0.0,0.0
DE_Berlin,2026-10-02T00:00Z,15.1,66,8.9,13.5,0.0,100,1022.5,8.8,18.0,131,16.9,0.0,0.0,0.0
DE_Hamburg,2026-10-02T00:00Z,15.1,97,14.6,15.6,0.9,100,1025.4,6.9,16.6,258,15.8,0.0,0.0,0.0
DE_Munich,2026-10-02T00:00Z,14.6,89,12.8,14.2,0.0,55,966.1,8.8,19.0,299,23.4,0.0,0.0,0.0
ES_Madrid,2026-10-02T00:00Z,16.5,94,15.6,16.4,0.3,72,946.6,13.5,24.9,24,31.7,0.0,0.0,0.0
FR_Paris,2026-10-02T00:00Z,12.0,93,11.0,12.0,0.0,15,1024.8,1.9,7.7,1,6.1,0.0,0.0,0.0
GB_Glasgow,2026-10-02T00:00Z,12.0,85,9.5,9.9,0.0,80,1018.3,13.7,27.8,184,30.6,0.0,0.0,0.0
GB_London,2026-10-02T00:00Z,12.9,79,9.4,11.7,0.0,70,1025.6,7.4,16.5,230,15.8,0.0,0.0,0.0
GB_Manchester,2026-10-02T00:00Z,12.1,81,8.9,10.2,0.0,5,1017.7,10.9,24.7,182,23.4,0.0,0.0,0.0
NL_Amsterdam,2026-10-02T00:00Z,12.9,98,12.6,13.1,0.0,2,1027.7,4.4,8.0,230,8.6,0.0,0.0,0.0
PL_Warsaw,2026-10-02T00:00Z,10.9,69,5.4,7.8,0.0,0,1019.7,12.9,27.8,141,24.5,0.0,0.0,0.0
US_AZPS_Phoenix,2026-10-02T00:00Z,32.3,29,12.1,32.1,0.0,0,971.0,5.6,8.9,6,16.6,295.0,678.3,63.0
US_BPAT_Portland,2026-10-02T00:00Z,24.7,41,10.4,23.6,0.0,95,1010.2,8.8,13.2,349,24.1,291.0,420.0,131.0
US_CISO_LosAngeles,2026-10-02T00:00Z,29.1,47,16.6,29.9,0.0,0,998.6,9.8,13.9,236,27.4,378.0,735.4,72.0
US_CISO_SanFrancisco,2026-10-02T00:00Z,18.4,73,13.6,17.5,0.0,25,1008.8,14.3,20.8,258,37.8,369.0,549.1,128.0
US_DUK_Charlotte,2026-10-02T00:00Z,23.5,64,16.3,25.1,0.0,4,991.8,3.9,10.2,222,8.3,0.0,0.0,0.0
US_ERCO_Dallas,2026-10-02T00:00Z,23.2,94,22.2,27.0,0.1,100,995.2,8.2,15.4,135,18.4,17.0,0.0,17.0
US_ERCO_Houston,2026-10-02T00:00Z,27.2,94,26.2,34.4,0.6,91,1007.0,2.1,5.1,126,15.5,24.0,0.0,24.0
US_FPL_Miami,2026-10-02T00:00Z,27.3,88,25.1,31.7,0.3,100,1015.6,16.4,26.3,90,37.1,0.0,0.0,0.0
US_ISNE_Boston,2026-10-02T00:00Z,21.0,86,18.6,22.0,0.0,99,1013.0,15.1,28.2,221,34.6,0.0,0.0,0.0
US_MISO_Chicago,2026-10-02T00:00Z,17.8,94,16.9,17.8,2.8,100,982.2,15.9,28.2,13,38.5,1.0,0.0,1.0
US_MISO_Minneapolis,2026-10-02T00:00Z,14.7,51,4.7,11.7,0.0,56,987.9,11.4,25.3,315,25.2,33.0,108.8,23.0
US_NEVP_LasVegas,2026-10-02T00:00Z,34.9,14,3.3,32.5,0.0,0,942.3,5.6,7.3,99,18.4,337.0,754.9,61.0
US_NYIS_NewYork,2026-10-02T00:00Z,21.8,90,20.0,24.7,0.0,58,1013.2,6.0,16.4,201,10.8,0.0,0.0,0.0
US_PJM_Philadelphia,2026-10-02T00:00Z,22.7,79,18.9,24.6,0.0,3,1014.8,9.4,22.2,217,18.7,0.0,0.0,0.0
US_PSCO_Denver,2026-10-02T00:00Z,21.6,33,4.9,19.2,0.0,2,847.4,8.2,12.1,170,33.5,183.0,624.0,45.0
US_SCL_Seattle,2026-10-02T00:00Z,18.0,63,10.9,17.6,0.0,90,1007.4,4.1,4.9,294,12.2,222.0,222.1,142.0
US_SOCO_Atlanta,2026-10-02T00:00Z,26.3,61,18.3,28.2,0.0,5,982.0,7.7,14.8,121,16.9,4.0,18.7,3.0
US_SWPP_KansasCity,2026-10-02T00:00Z,18.2,93,17.1,17.4,1.3,100,982.9,22.5,37.9,37,44.6,13.0,0.0,13.0
US_SWPP_OklahomaCity,2026-10-02T00:00Z,22.4,82,19.2,24.5,0.0,29,969.6,9.6,17.3,142,23.0,74.0,231.5,41.0
US_TVA_Nashville,2026-10-02T00:00Z,29.0,52,18.2,30.2,0.0,97,997.8,11.9,22.9,179,26.6,9.0,15.0,8.0
VN_DaNang,2026-10-02T00:00Z,26.9,92,25.4,33.2,0.0,41,1013.3,4.5,8.0,172,11.2,135.0,386.8,56.0
VN_HaNoi,2026-10-02T00:00Z,28.9,90,27.1,35.9,0.0,88,1010.6,7.6,15.5,140,19.4,78.0,191.8,47.0
VN_HoChiMinh,2026-10-02T00:00Z,27.3,88,25.1,33.5,0.0,100,1012.1,3.2,8.0,96,9.4,101.0,148.0,73.0
AT_Vienna,2026-10-02T01:00Z,14.8,46,3.4,11.6,0.0,88,1005.4,10.9,25.6,160,23.8,0.0,0.0,0.0
AU_NSW1_Sydney,2026-10-02T01:00Z,23.9,55,14.4,25.5,0.0,95,1013.8,7.9,9.5,144,25.2,776.0,710.9,195.0
AU_QLD1_Brisbane,2026-10-02T01:00Z,23.5,48,11.7,24.8,0.0,9,1024.8,7.0,9.8,49,23.8,849.0,729.1,212.0
AU_SA1_Adelaide,2026-10-02T01:00Z,17.1,66,10.8,17.3,0.0,32,1017.8,7.0,10.2,144,29.5,709.0,781.0,137.0
AU_TAS1_Hobart,2026-10-02T01:00Z,13.9,60,6.3,11.8,0.0,30,1025.9,8.5,11.1,107,25.6,573.0,473.6,234.0
AU_VIC1_Melbourne,2026-10-02T01:00Z,12.7,95,12.0,11.7,2.6,99,1020.3,10.9,16.5,167,26.3,189.0,0.0,189.0
BE_Brussels,2026-10-02T01:00Z,12.3,91,10.8,11.3,0.0,0,1027.5,8.2,17.8,250,16.6,0.0,0.0,0.0
DE_Berlin,2026-10-02T01:00Z,14.5,69,8.9,13.5,0.0,99,1022.6,4.7,14.0,133,16.6,0.0,0.0,0.0
DE_Hamburg,2026-10-02T01:00Z,15.5,97,15.0,15.9,1.5,100,1025.8,8.5,18.6,282,14.8,0.0,0.0,0.0
DE_Munich,2026-10-02T01:00Z,14.3,92,13.0,14.1,0.0,58,966.4,8.2,17.6,306,17.3,0.0,0.0,0.0
ES_Madrid,2026-10-02T01:00Z,16.2,95,15.4,15.8,2.3,82,947.7,14.8,24.0,3,30.6,0.0,0.0,0.0
FR_Paris,2026-10-02T01:00Z,11.8,94,10.9,12.0,0.0,2,1025.2,0.8,4.9,17,2.5,0.0,0.0,0.0
GB_Glasgow,2026-10-02T01:00Z,12.5,84,9.9,10.4,0.0,80,1018.3,14.1,27.7,182,28.4,0.0,0.0,0.0
GB_London,2026-10-02T01:00Z,12.5,82,9.5,11.2,0.0,84,1025.9,7.4,15.9,223,14.8,0.0,0.0,0.0
GB_Manchester,2026-10-02T01:00Z,12.1,82,9.1,10.3,0.0,43,1017.9,10.9,24.7,182,23.0,0.0,0.0,0.0
NL_Amsterdam,2026-10-02T01:00Z,12.7,96,12.1,12.6,0.0,2,1028.0,4.8,12.0,229,9.7,0.0,0.0,0.0
PL_Warsaw,2026-10-02T01:00Z,10.6,70,5.3,7.7,0.0,0,1019.5,11.8,26.3,143,25.2,0.0,0.0,0.0
US_AZPS_Phoenix,2026-10-02T01:00Z,31.2,31,12.0,31.4,0.0,0,970.7,3.1,8.0,5,17.3,96.0,444.4,32.0
US_BPAT_Portland,2026-10-02T01:00Z,23.3,46,11.0,21.9,0.0,99,1010.3,11.3,18.2,357,23.8,147.0,304.9,79.0
US_CISO_LosAngeles,2026-10-02T01:00Z,26.8,55,17.0,28.1,0.0,0,998.5,7.8,11.1,239,26.3,172.0,554.7,49.0
US_CISO_SanFrancisco,2026-10-02T01:00Z,17.0,81,13.8,16.2,0.0,96,1008.9,13.5,20.9,257,34.9,198.0,476.1,74.0
US_DUK_Charlotte,2026-10-02T01:00Z,22.9,66,16.3,24.4,0.0,0,992.0,4.6,12.6,237,8.3,0.0,0.0,0.0
US_ERCO_Dallas,2026-10-02T01:00Z,23.3,94,22.4,27.5,0.1,100,995.6,6.0,12.1,136,17.3,0.0,0.0,0.0
US_ERCO_Houston,2026-10-02T01:00Z,26.0,95,25.1,31.1,0.2,98,1007.5,11.2,17.5,62,21.6,0.0,0.0,0.0
US_FPL_Miami,2026-10-02T01:00Z,27.5,87,25.1,31.7,0.2,100,1015.5,17.6,28.0,84,33.5,0.0,0.0,0.0
US_ISNE_Boston,2026-10-02T01:00Z,21.0,84,18.2,21.5,0.0,38,1012.8,16.8,30.7,224,35.6,0.0,0.0,0.0
US_MISO_Chicago,2026-10-02T01:00Z,17.7,92,16.4,17.4,5.1,100,983.0,17.5,29.6,4,34.2,0.0,0.0,0.0
US_MISO_Minneapolis,2026-10-02T01:00Z,14.0,51,4.1,10.7,0.0,8,989.0,13.0,27.6,320,25.6,0.0,0.0,0.0
US_NEVP_LasVegas,2026-10-02T01:00Z,33.5,15,3.4,31.1,0.0,0,942.0,5.4,9.5,101,15.1,133.0,553.6,38.0
US_NYIS_NewYork,2026-10-02T01:00Z,22.5,83,19.4,24.8,0.0,32,1013.0,8.9,22.4,216,17.3,0.0,0.0,0.0
US_PJM_Philadelphia,2026-10-02T01:00Z,22.1,81,18.8,23.9,0.0,5,1014.9,9.8,22.8,218,19.4,0.0,0.0,0.0
US_PSCO_Denver,2026-10-02T01:00Z,20.6,35,4.8,18.0,0.0,1,847.6,8.9,15.9,137,19.8,24.0,169.1,10.0
US_SCL_Seattle,2026-10-02T01:00Z,17.2,70,11.6,16.5,0.0,86,1007.2,8.0,10.6,330,14.8,133.0,298.2,71.0
US_SOCO_Atlanta,2026-10-02T01:00Z,25.8,64,18.4,27.5,0.0,2,982.0,9.2,17.9,105,17.3,0.0,0.0,0.0
US_SWPP_KansasCity,2026-10-02T01:00Z,17.5,93,16.4,16.9,5.2,100,983.9,19.3,33.5,40,44.6,0.0,0.0,0.0
US_SWPP_OklahomaCity,2026-10-02T01:00Z,21.7,86,19.3,24.0,0.0,12,969.7,8.5,17.4,152,20.2,1.0,0.0,1.0
US_TVA_Nashville,2026-10-02T01:00Z,28.4,56,18.7,30.1,0.0,91,998.2,10.6,20.5,183,22.0,0.0,0.0,0.0
VN_DaNang,2026-10-02T01:00Z,28.4,84,25.5,34.6,0.0,47,1013.8,5.3,7.3,190,16.9,370.0,644.6,88.0
VN_HaNoi,2026-10-02T01:00Z,29.7,82,26.4,35.7,0.4,88,1011.1,11.3,16.2,159,23.8,255.0,348.7,121.0
VN_HoChiMinh,2026-10-02T01:00Z,28.5,82,25.2,34.9,0.0,100,1012.8,3.4,5.2,104,11.9,309.0,372.1,149.0
AT_Vienna,2026-10-02T02:00Z,14.3,48,3.6,11.2,0.0,92,1005.7,10.6,25.6,161,23.0,0.0,0.0,0.0
AU_NSW1_Sydney,2026-10-02T02:00Z,23.7,65,16.8,25.6,0.0,99,1013.1,10.5,13.4,134,29.5,749.0,508.6,312.0
AU_QLD1_Brisbane,2026-10-02T02:00Z,24.1,46,11.7,25.7,0.0,8,1023.9,8.7,12.0,50,27.4,950.0,906.5,124.0
AU_SA1_Adelaide,2026-10-02T02:00Z,16.7,68,10.7,16.9,0.1,35,1017.6,9.8,12.7,196,27.4,798.0,764.7,172.0
AU_TAS1_Hobart,2026-10-02T02:00Z,14.1,60,6.4,12.6,0.0,27,1025.9,8.4,11.2,105,27.4,655.0,518.7,258.0
AU_VIC1_Melbourne,2026-10-02T02:00Z,14.4,83,11.6,12.5,1.3,100,1019.5,15.7,23.1,159,37.8,516.0,268.3,298.0
BE_Brussels,2026-10-02T02:00Z,11.8,92,10.6,10.9,0.0,8,1027.6,7.7,16.9,248,16.2,0.0,0.0,0.0
DE_Berlin,2026-10-02T02:00Z,13.3,75,9.1,12.7,0.0,98,1023.0,2.2,9.3,153,8.6,0.0,0.0,0.0
DE_Hamburg,2026-10-02T02:00Z,15.5,97,15.1,15.8,0.5,100,1026.3,9.5,19.7,288,17.6,0.0,0.0,0.0
DE_Munich,2026-10-02T02:00Z,14.0,96,13.3,13.9,0.0,91,967.0,7.9,17.1,302,15.5,0.0,0.0,0.0
ES_Madrid,2026-10-02T02:00Z,16.1,96,15.5,15.9,1.2,29,946.8,13.8,26.6,27,31.3,0.0,0.0,0.0
FR_Paris,2026-10-02T02:00Z,11.5,96,10.8,11.4,0.0,1,1025.4,2.0,6.0,33,4.0,0.0,0.0,0.0
GB_Glasgow,2026-10-02T02:00Z,12.7,85,10.2,10.6,0.0,84,1018.2,14.8,28.4,190,30.2,0.0,0.0,0.0
GB_London,2026-10-02T02:00Z,12.3,83,9.5,11.1,0.0,51,1026.0,7.5,16.7,215,14.4,0.0,0.0,0.0
GB_Manchester,2026-10-02T02:00Z,12.4,83,9.5,10.6,0.0,100,1017.7,10.9,24.3,180,23.0,0.0,0.0,0.0
NL_Amsterdam,2026-10-02T02:00Z,12.5,96,11.9,12.3,0.0,4,1028.3,4.9,13.7,232,9.4,0.0,0.0,0.0
PL_Warsaw,2026-10-02T02:00Z,10.1,72,5.2,7.2,0.0,0,1019.6,11.3,25.4,142,23.8,0.0,0.0,0.0
US_AZPS_Phoenix,2026-10-02T02:00Z,29.9,34,12.4,30.2,0.0,0,971.3,2.4,8.5,358,6.5,1.0,0.0,1.0
US_BPAT_Portland,2026-10-02T02:00Z,21.5,48,10.1,19.9,0.0,99,1010.7,10.8,22.2,347,25.6,25.0,57.5,20.0
US_CISO_LosAngeles,2026-10-02T02:00Z,24.8,65,17.8,26.6,0.0,0,998.9,6.7,9.4,234,19.8,18.0,111.9,9.0
US_CISO_SanFrancisco,2026-10-02T02:00Z,16.2,87,14.0,15.8,0.0,100,1009.5,11.3,18.6,256,32.8,36.0,117.1,24.0
US_DUK_Charlotte,2026-10-02T02:00Z,22.3,67,16.0,23.6,0.0,0,992.0,5.1,13.7,260,8.3,0.0,0.0,0.0
US_ERCO_Dallas,2026-10-02T02:00Z,23.2,95,22.3,27.6,0.0,100,996.3,4.9,9.3,119,13.3,0.0,0.0,0.0
US_ERCO_Houston,2026-10-02T02:00Z,25.5,90,23.7,30.3,0.1,99,1008.3,7.4,13.9,77,23.8,0.0,0.0,0.0
US_FPL_Miami,2026-10-02T02:00Z,28.0,85,25.1,32.3,0.0,100,1015.7,16.9,27.0,90,33.5,0.0,0.0,0.0
US_ISNE_Boston,2026-10-02T02:00Z,20.6,84,17.8,21.1,0.0,18,1012.4,16.7,30.8,227,35.3,0.0,0.0,0.0
US_MISO_Chicago,2026-10-02T02:00Z,17.3,91,15.8,17.0,3.8,100,983.5,15.1,26.6,6,33.8,0.0,0.0,0.0
US_MISO_Minneapolis,2026-10-02T02:00Z,13.1,53,3.6,9.6,0.0,1,989.8,13.1,28.0,325,27.7,0.0,0.0,0.0
US_NEVP_LasVegas,2026-10-02T02:00Z,30.8,18,3.7,28.8,0.0,0,942.2,3.8,8.4,110,10.8,6.0,54.2,3.0
US_NYIS_NewYork,2026-10-02T02:00Z,22.6,79,18.8,24.3,0.0,30,1012.8,10.8,24.2,223,22.7,0.0,0.0,0.0
US_PJM_Philadelphia,2026-10-02T02:00Z,21.5,84,18.6,23.3,0.0,9,1014.6,9.2,22.0,214,19.4,0.0,0.0,0.0
US_PSCO_Denver,2026-10-02T02:00Z,19.4,40,5.4,16.7,0.0,0,847.8,10.3,18.1,139,23.0,0.0,0.0,0.0
US_SCL_Seattle,2026-10-02T02:00Z,15.8,78,11.9,15.1,0.0,59,1007.4,9.0,15.2,354,17.3,20.0,62.4,15.0
US_SOCO_Atlanta,2026-10-02T02:00Z,25.2,65,18.3,26.8,0.0,6,982.2,9.9,20.2,99,18.0,0.0,0.0,0.0
US_SWPP_KansasCity,2026-10-02T02:00Z,17.7,95,16.8,17.7,4.8,100,984.8,16.1,28.1,36,38.5,0.0,0.0,0.0
US_SWPP_OklahomaCity,2026-10-02T02:00Z,21.2,89,19.4,24.3,0.0,10,970.4,3.2,11.4,149,18.4,0.0,0.0,0.0
US_TVA_Nashville,2026-10-02T02:00Z,27.6,57,18.2,29.0,0.0,74,998.2,10.6,21.6,177,20.2,0.0,0.0,0.0
VN_DaNang,2026-10-02T02:00Z,29.9,78,25.6,36.5,0.0,68,1013.7,5.3,7.0,190,18.0,594.0,764.3,105.0
VN_HaNoi,2026-10-02T02:00Z,31.0,72,25.3,36.3,0.1,76,1011.2,11.2,15.9,166,26.6,418.0,412.6,176.0
VN_HoChiMinh,2026-10-02T02:00Z,29.6,76,24.9,35.3,0.2,98,1012.8,6.0,8.4,132,18.0,508.0,482.3,199.0
AT_Vienna,2026-10-02T03:00Z,14.1,49,3.4,11.1,0.0,98,1005.7,9.8,24.3,165,22.3,0.0,0.0,0.0
AU_NSW1_Sydney,2026-10-02T03:00Z,22.8,70,17.0,24.4,0.0,77,1012.8,12.4,16.4,133,33.1,713.0,476.9,310.0
AU_QLD1_Brisbane,2026-10-02T03:00Z,24.3,46,11.8,25.8,0.0,2,1023.3,9.2,12.9,49,28.8,932.0,920.6,114.0
AU_SA1_Adelaide,2026-10-02T03:00Z,16.3,66,9.8,15.6,3.2,57,1017.5,11.9,16.6,181,34.9,750.0,573.1,262.0
AU_TAS1_Hobart,2026-10-02T03:00Z,14.4,58,6.3,13.2,0.0,9,1025.7,6.9,9.2,118,25.9,667.0,638.7,178.0
AU_VIC1_Melbourne,2026-10-02T03:00Z,15.8,77,11.7,14.2,0.4,100,1018.7,16.7,25.0,140,42.5,616.0,382.2,302.0
BE_Brussels,2026-10-02T03:00Z,11.4,94,10.4,10.3,0.0,28,1027.8,8.2,16.8,241,15.8,0.0,0.0,0.0
DE_Berlin,2026-10-02T03:00Z,12.8,78,9.1,12.2,0.0,98,1023.2,2.3,6.6,145,4.7,0.0,0.0,0.0
DE_Hamburg,2026-10-02T03:00Z,15.3,98,15.0,15.4,0.2,100,1026.9,10.6,20.8,289,19.4,0.0,0.0,0.0
DE_Munich,2026-10-02T03:00Z,14.2,97,13.7,14.3,0.0,100,967.5,7.5,16.0,303,15.8,0.0,0.0,0.0
ES_Madrid,2026-10-02T03:00Z,16.0,93,14.9,15.6,0.1,42,946.4,13.9,26.6,36,27.4,0.0,0.0,0.0
FR_Paris,2026-10-02T03:00Z,11.0,98,10.6,10.7,0.0,34,1025.3,2.8,9.1,63,5.4,0.0,0.0,0.0
GB_Glasgow,2026-10-02T03:00Z,12.4,88,10.5,10.5,0.5,100,1018.1,13.8,26.2,196,31.7,0.0,0.0,0.0
GB_London,2026-10-02T03:00Z,12.1,84,9.6,10.9,0.0,0,1025.8,7.4,17.0,208,14.4,0.0,0.0,0.0
GB_Manchester,2026-10-02T03:00Z,13.2,82,10.2,11.5,0.0,98,1017.4,12.0,24.7,180,26.6,0.0,0.0,0.0
NL_Amsterdam,2026-10-02T03:00Z,12.2,96,11.6,11.9,0.0,2,1028.3,5.2,14.6,225,10.1,0.0,0.0,0.0
PL_Warsaw,2026-10-02T03:00Z,9.6,73,5.0,6.8,0.0,0,1019.8,10.9,24.6,142,22.7,0.0,0.0,0.0
US_AZPS_Phoenix,2026-10-02T03:00Z,28.8,39,13.6,29.4,0.0,0,972.1,3.7,10.3,345,7.9,0.0,0.0,0.0
US_BPAT_Portland,2026-10-02T03:00Z,20.4,49,9.4,18.7,0.0,100,1010.9,10.9,23.0,343,22.7,0.0,0.0,0.0
US_CISO_LosAngeles,2026-10-02T03:00Z,23.6,73,18.4,25.8,0.0,0,999.2,5.6,6.8,205,15.8,0.0,0.0,0.0
US_CISO_SanFrancisco,2026-10-02T03:00Z,15.9,89,14.1,15.7,0.0,100,1010.0,9.8,15.1,252,27.4,0.0,0.0,0.0
US_DUK_Charlotte,2026-10-02T03:00Z,21.9,69,16.0,23.4,0.0,0,991.9,3.7,10.9,250,8.3,0.0,0.0,0.0
US_ERCO_Dallas,2026-10-02T03:00Z,23.1,95,22.2,27.4,0.0,100,997.1,4.7,9.4,120,11.2,0.0,0.0,0.0
US_ERCO_Houston,2026-10-02T03:00Z,25.0,93,23.7,30.1,0.1,100,1009.1,5.2,2.7,238,13.3,0.0,0.0,0.0
US_FPL_Miami,2026-10-02T03:00Z,28.3,80,24.6,32.1,0.0,100,1015.9,18.1,28.7,100,36.4,0.0,0.0,0.0
US_ISNE_Boston,2026-10-02T03:00Z,20.3,83,17.4,20.3,0.0,41,1012.3,17.7,32.5,231,36.7,0.0,0.0,0.0
US_MISO_Chicago,2026-10-02T03:00Z,17.1,92,15.8,17.2,3.2,100,983.6,12.6,23.3,5,28.8,0.0,0.0,0.0
US_MISO_Minneapolis,2026-10-02T03:00Z,11.9,60,4.3,9.1,0.0,0,990.2,9.3,23.2,322,26.6,0.0,0.0,0.0
US_NEVP_LasVegas,2026-10-02T03:00Z,29.7,20,4.5,28.0,0.0,0,942.5,2.1,4.8,101,7.2,0.0,0.0,0.0
US_NYIS_NewYork,2026-10-02T03:00Z,21.9,82,18.6,23.5,0.0,91,1012.5,10.5,23.8,222,22.7,0.0,0.0,0.0
US_PJM_Philadelphia,2026-10-02T03:00Z,21.0,85,18.3,22.5,0.0,5,1014.4,9.8,22.8,215,19.1,0.0,0.0,0.0
US_PSCO_Denver,2026-10-02T03:00Z,17.9,45,6.0,15.2,0.0,0,848.2,11.5,20.7,147,26.3,0.0,0.0,0.0
US_SCL_Seattle,2026-10-02T03:00Z,15.1,82,12.1,14.7,0.0,79,1007.6,6.7,12.2,22,17.6,0.0,0.0,0.0
US_SOCO_Atlanta,2026-10-02T03:00Z,24.7,67,18.1,25.8,0.0,5,982.4,12.6,24.6,108,24.1,0.0,0.0,0.0
US_SWPP_KansasCity,2026-10-02T03:00Z,17.9,95,17.1,17.8,4.5,100,985.4,17.8,30.9,29,36.0,0.0,0.0,0.0
US_SWPP_OklahomaCity,2026-10-02T03:00Z,20.9,92,19.5,24.4,0.0,21,971.5,0.2,3.2,146,5.4,0.0,0.0,0.0
US_TVA_Nashville,2026-10-02T03:00Z,27.8,52,17.1,28.2,0.0,91,998.7,14.2,26.7,183,27.0,0.0,0.0,0.0
VN_DaNang,2026-10-02T03:00Z,31.4,68,24.8,38.7,0.0,87,1013.2,4.8,6.1,166,18.4,773.0,817.8,121.0
VN_HaNoi,2026-10-02T03:00Z,32.1,67,25.3,38.0,0.0,81,1011.2,8.8,12.1,169,25.9,605.0,556.7,189.0
VN_HoChiMinh,2026-10-02T03:00Z,30.2,73,24.7,36.2,0.1,91,1012.5,6.8,9.2,137,20.2,629.0,458.5,259.0
AT_Vienna,2026-10-02T04:00Z,13.6,50,3.3,10.8,0.0,99,1005.8,8.4,21.8,170,20.2,0.0,0.0,0.0
AU_NSW1_Sydney,2026-10-02T04:00Z,22.0,71,16.5,22.8,0.0,100,1012.7,11.2,15.8,130,33.1,581.0,321.1,332.0
AU_QLD1_Brisbane,2026-10-02T04:00Z,24.1,47,12.0,25.0,0.0,1,1022.7,9.6,13.7,50,29.2,839.0,915.4,100.0
AU_SA1_Adelaide,2026-10-02T04:00Z,15.7,67,9.6,13.8,0.7,43,1017.7,18.1,25.8,182,45.4,721.0,651.6,181.0
AU_TAS1_Hobart,2026-10-02T04:00Z,14.5,58,6.4,12.3,0.0,6,1025.4,8.8,12.0,134,25.2,526.0,371.2,260.0
AU_VIC1_Melbourne,2026-10-02T04:00Z,16.0,75,11.6,14.7,0.0,88,1019.0,12.1,18.1,145,41.0,391.0,91.4,320.0
BE_Brussels,2026-10-02T04:00Z,11.1,94,10.2,9.9,0.0,97,1027.9,8.4,17.4,235,16.2,0.0,0.0,0.0
DE_Berlin,2026-10-02T04:00Z,12.4,80,9.1,12.0,0.0,100,1023.5,1.3,3.4,180,3.6,0.0,0.0,0.0
DE_Hamburg,2026-10-02T04:00Z,15.3,97,14.9,15.4,1.0,100,1027.3,10.0,19.7,298,20.2,0.0,0.0,0.0
DE_Munich,2026-10-02T04:00Z,14.2,98,13.9,14.3,0.0,100,967.8,8.0,16.0,297,15.5,0.0,0.0,0.0
ES_Madrid,2026-10-02T04:00Z,16.0,89,14.3,15.5,0.0,40,946.5,13.2,26.0,39,32.0,0.0,0.0,0.0
FR_Paris,2026-10-02T04:00Z,10.7,98,10.4,10.3,0.0,97,1025.4,3.4,11.2,85,6.1,0.0,0.0,0.0
GB_Glasgow,2026-10-02T04:00Z,12.6,91,11.1,10.8,0.3,88,1017.9,14.0,25.5,198,28.1,0.0,0.0,0.0
GB_London,2026-10-02T04:00Z,12.0,86,9.8,10.9,0.0,0,1025.9,7.4,17.4,207,14.0,0.0,0.0,0.0
GB_Manchester,2026-10-02T04:00Z,13.2,86,10.8,11.7,0.4,90,1017.5,11.6,23.0,180,25.9,0.0,0.0,0.0
NL_Amsterdam,2026-10-02T04:00Z,11.9,96,11.3,11.5,0.0,5,1028.5,5.3,15.4,225,10.1,0.0,0.0,0.0
PL_Warsaw,2026-10-02T04:00Z,9.3,73,4.8,6.4,0.0,0,1019.8,10.9,24.6,142,22.0,0.0,0.0,0.0
US_AZPS_Phoenix,2026-10-02T04:00Z,28.0,45,14.9,29.4,0.0,0,972.8,1.3,6.3,3,7.6,0.0,0.0,0.0
US_BPAT_Portland,2026-10-02T04:00Z,19.3,53,9.6,17.6,0.0,99,1011.1,10.9,22.9,341,23.0,0.0,0.0,0.0
US_CISO_LosAngeles,2026-10-02T04:00Z,22.4,80,18.8,25.0,0.0,0,999.8,4.7,6.9,152,13.7,0.0,0.0,0.0
US_CISO_SanFrancisco,2026-10-02T04:00Z,15.8,90,14.2,16.0,0.0,79,1010.2,7.6,12.2,248,23.0,0.0,0.0,0.0
US_DUK_Charlotte,2026-10-02T04:00Z,21.3,71,15.8,22.5,0.0,0,991.7,5.1,11.9,207,9.7,0.0,0.0,0.0
US_ERCO_Dallas,2026-10-02T04:00Z,22.9,96,22.2,26.8,0.0,100,997.7,7.7,14.6,117,15.8,0.0,0.0,0.0
US_ERCO_Houston,2026-10-02T04:00Z,24.1,97,23.5,28.3,1.6,100,1009.8,10.5,11.1,353,20.2,0.0,0.0,0.0
US_FPL_Miami,2026-10-02T04:00Z,28.6,76,24.0,31.9,0.0,99,1015.9,18.6,29.7,102,36.0,0.0,0.0,0.0
US_ISNE_Boston,2026-10-02T04:00Z,20.2,83,17.2,20.1,0.0,26,1012.1,18.4,33.7,233,38.2,0.0,0.0,0.0
US_MISO_Chicago,2026-10-02T04:00Z,16.8,93,15.7,17.2,2.6,100,984.4,10.8,20.0,356,24.1,0.0,0.0,0.0
US_MISO_Minneapolis,2026-10-02T04:00Z,11.2,64,4.6,8.5,0.0,0,990.5,9.8,24.0,324,19.1,0.0,0.0,0.0
US_NEVP_LasVegas,2026-10-02T04:00Z,28.7,22,5.0,27.3,0.0,0,942.9,1.2,2.6,78,5.0,0.0,0.0,0.0
US_NYIS_NewYork,2026-10-02T04:00Z,21.6,83,18.5,23.2,0.0,2,1012.4,10.0,22.7,227,22.0,0.0,0.0,0.0
US_PJM_Philadelphia,2026-10-02T04:00Z,20.6,86,18.1,22.0,0.0,2,1014.1,10.6,23.5,214,20.5,0.0,0.0,0.0
US_PSCO_Denver,2026-10-02T04:00Z,16.7,51,6.4,14.1,0.0,0,847.9,10.8,20.3,154,26.3,0.0,0.0,0.0
US_SCL_Seattle,2026-10-02T04:00Z,14.5,86,12.2,14.4,0.0,94,1007.4,5.2,10.6,30,13.3,0.0,0.0,0.0
US_SOCO_Atlanta,2026-10-02T04:00Z,23.7,71,18.2,25.0,0.0,7,982.6,11.6,22.9,136,25.2,0.0,0.0,0.0
US_SWPP_KansasCity,2026-10-02T04:00Z,17.8,96,17.2,18.4,1.9,100,986.2,13.4,23.8,21,36.0,0.0,0.0,0.0
US_SWPP_OklahomaCity,2026-10-02T04:00Z,20.8,92,19.4,24.2,0.0,16,972.0,0.6,6.0,163,4.7,0.0,0.0,0.0
US_TVA_Nashville,2026-10-02T04:00Z,27.6,53,17.1,27.8,0.0,98,999.0,15.7,28.6,182,30.2,0.0,0.0,0.0
VN_DaNang,2026-10-02T04:00Z,32.3,63,24.3,39.8,0.0,84,1012.5,5.9,7.1,126,19.1,889.0,838.5,135.0
VN_HaNoi,2026-10-02T04:00Z,32.6,65,25.1,38.8,0.1,72,1010.5,8.7,11.6,168,22.7,678.0,492.1,257.0
VN_HoChiMinh,2026-10-02T04:00Z,30.7,71,24.9,37.5,0.3,71,1011.6,7.8,10.7,149,22.3,777.0,577.8,247.0
AT_Vienna,2026-10-02T05:00Z,13.1,52,3.4,10.4,0.0,100,1006.1,7.5,20.0,163,17.3,0.0,0.0,0.0
AU_NSW1_Sydney,2026-10-02T05:00Z,20.9,80,17.3,21.9,0.0,100,1013.2,10.7,15.5,133,30.6,262.0,85.4,206.0
AU_QLD1_Brisbane,2026-10-02T05:00Z,23.5,47,11.5,23.1,0.0,0,1022.2,11.0,15.8,49,30.6,681.0,878.2,90.0
AU_SA1_Adelaide,2026-10-02T05:00Z,16.2,66,9.8,14.5,0.2,84,1018.0,17.5,24.9,183,44.3,714.0,756.9,145.0
AU_TAS1_Hobart,2026-10-02T05:00Z,14.3,59,6.3,11.6,0.0,26,1025.9,11.5,16.1,132,30.6,508.0,603.3,133.0
AU_VIC1_Melbourne,2026-10-02T05:00Z,16.3,74,11.6,14.3,0.0,50,1018.4,16.6,24.9,156,40.0,468.0,286.0,273.0
BE_Brussels,2026-10-02T05:00Z,11.0,94,10.1,9.8,0.0,93,1028.2,8.3,17.9,234,16.6,0.0,0.0,0.0
DE_Berlin,2026-10-02T05:00Z,12.0,83,9.2,11.4,0.0,100,1023.9,2.3,6.7,273,2.9,0.0,0.0,0.0
DE_Hamburg,2026-10-02T05:00Z,15.1,98,14.8,15.4,1.2,100,1027.8,8.5,16.9,297,18.4,0.0,0.0,0.0
DE_Munich,2026-10-02T05:00Z,14.4,98,14.0,14.4,0.2,100,968.1,8.4,16.8,295,17.6,0.0,0.0,0.0
ES_Madrid,2026-10-02T05:00Z,15.9,88,13.9,15.5,0.0,94,946.9,11.2,22.1,35,26.6,0.0,0.0,0.0
FR_Paris,2026-10-02T05:00Z,10.7,97,10.3,10.2,0.0,99,1025.7,3.6,11.9,95,6.8,0.0,0.0,0.0
GB_Glasgow,2026-10-02T05:00Z,12.1,93,11.0,10.4,0.5,98,1018.6,14.1,27.1,205,28.1,0.0,0.0,0.0
GB_London,2026-10-02T05:00Z,12.1,88,10.2,11.0,0.0,21,1026.1,7.9,18.5,207,14.8,0.0,0.0,0.0
GB_Manchester,2026-10-02T05:00Z,12.9,87,10.7,11.3,0.0,100,1017.5,12.4,25.1,183,26.6,0.0,0.0,0.0
NL_Amsterdam,2026-10-02T05:00Z,11.7,98,11.3,11.2,0.0,48,1028.8,5.9,16.1,222,10.8,0.0,0.0,0.0
PL_Warsaw,2026-10-02T05:00Z,9.0,74,4.6,6.0,0.0,0,1020.1,11.3,24.9,141,22.3,3.0,19.1,2.0
US_AZPS_Phoenix,2026-10-02T05:00Z,27.1,48,15.3,28.4,0.0,0,972.9,3.1,7.2,53,5.8,0.0,0.0,0.0
US_BPAT_Portland,2026-10-02T05:00Z,18.4,57,9.7,17.1,0.0,100,1011.1,8.3,18.8,343,22.3,0.0,0.0,0.0
US_CISO_LosAngeles,2026-10-02T05:00Z,21.6,84,18.7,24.3,0.0,0,1000.1,3.1,9.3,109,12.6,0.0,0.0,0.0
US_CISO_SanFrancisco,2026-10-02T05:00Z,15.5,92,14.2,15.7,0.0,50,1010.4,7.9,13.2,248,18.4,0.0,0.0,0.0
US_DUK_Charlotte,2026-10-02T05:00Z,20.6,75,15.9,21.9,0.0,19,991.5,4.4,11.8,206,9.7,0.0,0.0,0.0
US_ERCO_Dallas,2026-10-02T05:00Z,22.7,96,22.1,26.6,0.0,100,997.8,7.3,14.7,115,16.9,0.0,0.0,0.0
US_ERCO_Houston,2026-10-02T05:00Z,24.2,96,23.5,29.3,0.1,100,1009.9,4.9,6.9,59,20.2,0.0,0.0,0.0
US_FPL_Miami,2026-10-02T05:00Z,28.3,77,23.8,31.7,0.2,100,1015.9,17.9,28.8,104,37.1,0.0,0.0,0.0
US_ISNE_Boston,2026-10-02T05:00Z,20.2,84,17.5,20.3,0.0,41,1011.9,18.0,33.1,237,38.9,0.0,0.0,0.0
US_MISO_Chicago,2026-10-02T05:00Z,16.7,94,15.7,17.0,1.9,100,984.4,11.4,21.4,359,23.8,0.0,0.0,0.0
US_MISO_Minneapolis,2026-10-02T05:00Z,10.6,66,4.6,7.9,0.0,0,991.0,9.7,23.3,323,19.4,0.0,0.0,0.0
US_NEVP_LasVegas,2026-10-02T05:00Z,27.7,25,5.8,26.5,0.0,0,942.9,0.6,1.4,50,3.6,0.0,0.0,0.0
US_NYIS_NewYork,2026-10-02T05:00Z,20.7,86,18.2,22.3,0.0,25,1012.1,9.2,22.1,229,20.5,0.0,0.0,0.0
US_PJM_Philadelphia,2026-10-02T05:00Z,20.2,87,18.0,21.5,0.0,9,1013.9,11.0,24.1,222,22.0,0.0,0.0,0.0
US_PSCO_Denver,2026-10-02T05:00Z,15.7,54,6.3,13.4,0.0,0,847.5,9.1,18.7,162,23.8,0.0,0.0,0.0
US_SCL_Seattle,2026-10-02T05:00Z,14.0,85,11.5,13.2,0.0,99,1007.5,8.4,15.1,359,18.0,0.0,0.0,0.0
US_SOCO_Atlanta,2026-10-02T05:00Z,23.4,74,18.4,24.9,0.0,1,982.6,10.6,21.6,161,22.7,0.0,0.0,0.0
US_SWPP_KansasCity,2026-10-02T05:00Z,16.9,96,16.2,16.5,0.4,99,986.9,17.0,26.7,18,34.9,0.0,0.0,0.0
US_SWPP_OklahomaCity,2026-10-02T05:00Z,20.3,94,19.3,23.3,0.0,6,972.5,3.1,4.3,336,6.5,0.0,0.0,0.0
US_TVA_Nashville,2026-10-02T05:00Z,27.0,56,17.4,27.3,0.0,91,999.2,16.1,29.0,187,31.3,0.0,0.0,0.0
VN_DaNang,2026-10-02T05:00Z,32.1,63,24.2,38.9,0.0,89,1011.6,10.5,12.9,96,27.4,924.0,832.1,143.0
VN_HaNoi,2026-10-02T05:00Z,33.3,62,24.9,40.1,0.0,48,1009.2,8.1,10.8,165,23.4,778.0,617.3,220.0
VN_HoChiMinh,2026-10-02T05:00Z,31.5,70,25.3,39.6,0.1,53,1010.3,6.6,9.2,145,23.8,889.0,714.4,200.0
AT_Vienna,2026-10-02T06:00Z,13.0,52,3.5,10.5,0.0,100,1006.8,6.9,16.5,160,16.2,44.0,77.7,36.0
AU_NSW1_Sydney,2026-10-02T06:00Z,21.0,76,16.6,21.6,0.0,100,1013.5,11.7,16.9,150,32.8,212.0,58.8,183.0
AU_QLD1_Brisbane,2026-10-02T06:00Z,22.9,47,11.0,21.4,0.0,0,1022.1,11.8,17.4,45,30.6,474.0,798.4,79.0
AU_SA1_Adelaide,2026-10-02T06:00Z,15.1,66,8.7,12.4,0.4,95,1018.4,16.4,23.8,181,44.6,282.0,135.8,197.0
AU_TAS1_Hobart,2026-10-02T06:00Z,14.0,63,7.0,11.4,0.0,26,1025.7,12.7,17.8,141,32.0,439.0,718.6,89.0
AU_VIC1_Melbourne,2026-10-02T06:00Z,15.1,77,11.2,12.9,0.0,100,1018.3,17.2,26.4,153,43.2,440.0,541.3,146.0
BE_Brussels,2026-10-02T06:00Z,10.8,95,10.0,9.5,0.0,90,1028.9,8.7,18.2,234,16.6,1.0,0.0,1.0
DE_Berlin,2026-10-02T06:00Z,12.6,83,9.8,11.3,0.0,100,1024.6,8.6,18.3,313,15.5,11.0,0.0,11.0
DE_Hamburg,2026-10-02T06:00Z,14.7,97,14.3,15.2,1.9,100,1028.4,6.1,13.9,326,15.5,1.0,0.0,1.0
DE_Munich,2026-10-02T06:00Z,14.5,97,13.9,14.0,0.2,100,969.0,11.8,21.2,292,17.6,7.0,0.0,7.0
ES_Madrid,2026-10-02T06:00Z,15.6,95,14.8,15.2,0.2,100,947.4,13.6,24.3,12,23.4,0.0,0.0,0.0
FR_Paris,2026-10-02T06:00Z,10.3,95,9.6,9.6,0.0,99,1026.2,4.1,13.4,98,6.8,0.0,0.0,0.0
GB_Glasgow,2026-10-02T06:00Z,12.3,95,11.6,11.1,0.1,58,1018.5,11.7,23.7,197,27.7,0.0,0.0,0.0
GB_London,2026-10-02T06:00Z,12.0,88,10.1,10.9,0.0,30,1026.5,7.4,18.2,200,15.5,0.0,0.0,0.0
GB_Manchester,2026-10-02T06:00Z,13.4,86,11.2,11.9,0.1,97,1017.8,12.6,25.2,182,27.4,0.0,0.0,0.0
NL_Amsterdam,2026-10-02T06:00Z,11.5,100,11.4,10.8,0.0,98,1029.4,7.6,16.8,203,11.5,1.0,0.0,1.0
PL_Warsaw,2026-10-02T06:00Z,9.9,71,4.9,7.0,0.0,0,1020.5,11.5,23.7,143,24.5,81.0,410.7,32.0
US_AZPS_Phoenix,2026-10-02T06:00Z,26.2,57,16.9,28.1,0.0,0,972.9,3.0,8.9,13,9.4,0.0,0.0,0.0
US_BPAT_Portland,2026-10-02T06:00Z,16.9,65,10.2,16.2,0.0,100,1011.6,4.8,13.9,347,16.6,0.0,0.0,0.0
US_CISO_LosAngeles,2026-10-02T06:00Z,21.0,87,18.7,24.0,0.0,0,1000.4,1.4,7.0,78,7.9,0.0,0.0,0.0
US_CISO_SanFrancisco,2026-10-02T06:00Z,15.1,93,13.9,15.2,0.0,31,1010.5,7.3,11.3,250,16.9,0.0,0.0,0.0
US_DUK_Charlotte,2026-10-02T06:00Z,18.1,84,15.4,19.9,0.0,2,991.6,0.3,4.8,205,6.8,0.0,0.0,0.0
US_ERCO_Dallas,2026-10-02T06:00Z,22.1,99,21.9,26.2,0.0,98,998.3,5.2,10.9,141,14.4,0.0,0.0,0.0
US_ERCO_Houston,2026-10-02T06:00Z,23.2,99,23.0,26.8,0.3,100,1010.3,12.4,23.0,348,8.6,0.0,0.0,0.0
US_FPL_Miami,2026-10-02T06:00Z,28.4,73,23.1,31.1,0.3,99,1015.7,19.5,31.0,111,35.6,0.0,0.0,0.0
US_ISNE_Boston,2026-10-02T06:00Z,20.0,86,17.5,20.2,0.0,52,1011.5,16.7,31.8,237,37.1,0.0,0.0,0.0
US_MISO_Chicago,2026-10-02T06:00Z,16.2,98,15.9,17.0,0.9,100,984.5,8.1,14.8,334,20.9,0.0,0.0,0.0
US_MISO_Minneapolis,2026-10-02T06:00Z,8.1,74,3.6,5.2,0.0,0,991.7,9.2,21.6,334,18.7,0.0,0.0,0.0
US_NEVP_LasVegas,2026-10-02T06:00Z,26.5,35,10.0,26.5,0.0,0,943.0,0.2,1.5,126,1.8,0.0,0.0,0.0
US_NYIS_NewYork,2026-10-02T06:00Z,20.0,89,18.1,21.6,0.0,50,1011.8,9.2,22.5,231,18.7,0.0,0.0,0.0
US_PJM_Philadelphia,2026-10-02T06:00Z,19.5,90,17.8,20.7,0.0,43,1013.6,10.8,24.1,223,22.3,0.0,0.0,0.0
US_PSCO_Denver,2026-10-02T06:00Z,14.2,59,6.2,12.4,0.0,0,847.3,5.5,10.9,163,19.1,0.0,0.0,0.0
US_SCL_Seattle,2026-10-02T06:00Z,13.5,87,11.4,13.0,0.0,97,1007.5,6.3,11.6,12,18.0,0.0,0.0,0.0
US_SOCO_Atlanta,2026-10-02T06:00Z,22.0,83,19.0,24.1,0.0,0,982.5,8.4,18.4,162,20.2,0.0,0.0,0.0
US_SWPP_KansasCity,2026-10-02T06:00Z,14.4,96,13.8,13.5,0.1,100,988.0,14.4,24.3,34,40.0,0.0,0.0,0.0
US_SWPP_OklahomaCity,2026-10-02T06:00Z,19.6,100,19.6,22.9,0.0,100,973.1,2.8,6.6,13,10.4,0.0,0.0,0.0
US_TVA_Nashville,2026-10-02T06:00Z,25.7,63,18.2,26.4,0.0,73,999.2,15.3,28.7,184,31.3,0.0,0.0,0.0
VN_DaNang,2026-10-02T06:00Z,32.1,62,23.9,38.3,0.0,92,1010.9,12.9,16.3,97,34.6,915.0,857.7,132.0
VN_HaNoi,2026-10-02T06:00Z,34.4,53,23.3,40.2,0.2,76,1008.7,8.6,11.5,148,22.7,801.0,644.4,228.0
VN_HoChiMinh,2026-10-02T06:00Z,31.7,64,24.2,37.6,2.6,66,1009.6,6.3,8.6,158,28.4,657.0,355.6,321.0
AT_Vienna,2026-10-02T07:00Z,14.3,49,3.8,12.1,0.0,100,1007.5,5.0,14.5,157,15.1,159.0,196.6,110.0
AU_NSW1_Sydney,2026-10-02T07:00Z,20.1,81,16.7,20.9,0.1,98,1013.6,10.2,16.1,155,27.0,51.0,0.0,51.0
AU_QLD1_Brisbane,2026-10-02T07:00Z,21.5,53,11.5,20.1,0.0,0,1022.5,12.0,18.4,42,30.2,240.0,639.2,58.0
AU_SA1_Adelaide,2026-10-02T07:00Z,14.6,70,9.3,12.1,0.0,81,1018.6,16.0,23.7,190,41.4,165.0,69.5,133.0
AU_TAS1_Hobart,2026-10-02T07:00Z,13.1,68,7.2,10.5,0.0,38,1026.4,12.4,17.8,157,33.1,267.0,620.5,67.0
AU_VIC1_Melbourne,2026-10-02T07:00Z,14.9,78,11.2,12.9,0.0,55,1018.0,16.1,25.1,155,40.7,189.0,135.2,139.0
BE_Brussels,2026-10-02T07:00Z,11.6,93,10.5,10.6,0.0,99,1029.4,7.8,16.0,231,16.6,58.0,153.6,41.0
DE_Berlin,2026-10-02T07:00Z,14.4,84,11.7,13.4,0.0,100,1025.3,9.8,19.2,315,21.2,56.0,0.0,56.0
DE_Hamburg,2026-10-02T07:00Z,14.9,97,14.4,15.3,0.9,100,1028.9,7.3,13.8,312,13.0,19.0,0.0,19.0
DE_Munich,2026-10-02T07:00Z,14.4,96,13.7,13.9,0.5,100,969.6,11.8,21.0,288,26.3,26.0,0.0,26.0
ES_Madrid,2026-10-02T07:00Z,15.5,93,14.3,14.7,7.1,100,947.8,14.8,27.7,51,31.0,6.0,0.0,6.0
FR_Paris,2026-10-02T07:00Z,11.5,92,10.2,10.8,0.0,99,1026.6,5.6,13.8,97,10.1,45.0,66.1,38.0
GB_Glasgow,2026-10-02T07:00Z,12.1,95,11.3,10.7,0.0,77,1018.6,11.7,23.8,190,22.0,10.0,56.0,7.0
GB_London,2026-10-02T07:00Z,13.0,85,10.5,12.0,0.0,54,1026.9,8.2,19.0,198,15.8,34.0,211.3,16.0
GB_Manchester,2026-10-02T07:00Z,13.6,87,11.6,12.0,0.3,100,1018.1,14.2,26.5,177,29.9,7.0,0.0,7.0
NL_Amsterdam,2026-10-02T07:00Z,12.5,98,12.2,11.9,0.0,96,1030.1,8.7,18.3,196,14.8,57.0,166.4,39.0
PL_Warsaw,2026-10-02T07:00Z,11.6,68,5.9,9.2,0.0,0,1020.7,9.6,27.3,144,22.3,224.0,623.2,59.0
US_AZPS_Phoenix,2026-10-02T07:00Z,26.0,57,16.9,27.6,0.0,0,973.5,5.6,12.9,70,10.8,0.0,0.0,0.0
US_BPAT_Portland,2026-10-02T07:00Z,16.3,69,10.6,15.9,0.0,100,1011.7,4.1,12.5,352,10.8,0.0,0.0,0.0
US_CISO_LosAngeles,2026-10-02T07:00Z,21.3,84,18.5,24.1,0.0,0,1000.3,2.1,3.9,47,5.4,0.0,0.0,0.0
US_CISO_SanFrancisco,2026-10-02T07:00Z,14.9,94,13.9,15.0,0.0,91,1010.6,7.4,11.8,249,16.2,0.0,0.0,0.0
US_DUK_Charlotte,2026-10-02T07:00Z,18.4,83,15.6,20.1,0.0,0,991.3,1.4,8.8,206,2.2,0.0,0.0,0.0
US_ERCO_Dallas,2026-10-02T07:00Z,22.4,98,22.1,26.6,0.0,100,998.6,5.4,10.8,143,12.2,0.0,0.0,0.0
US_ERCO_Houston,2026-10-02T07:00Z,23.9,96,23.2,28.2,0.1,95,1010.2,8.6,15.3,328,23.8,0.0,0.0,0.0
US_FPL_Miami,2026-10-02T07:00Z,28.2,78,24.1,31.6,0.4,100,1015.1,18.1,28.9,107,39.2,0.0,0.0,0.0
US_ISNE_Boston,2026-10-02T07:00Z,20.1,86,17.7,20.4,0.0,61,1011.0,17.3,32.8,237,35.6,0.0,0.0,0.0
US_MISO_Chicago,2026-10-02T07:00Z,16.6,96,15.9,16.4,0.2,100,985.2,14.9,25.4,331,27.7,0.0,0.0,0.0
US_MISO_Minneapolis,2026-10-02T07:00Z,7.8,75,3.7,5.2,0.0,0,992.3,7.2,18.5,330,17.6,0.0,0.0,0.0
US_NEVP_LasVegas,2026-10-02T07:00Z,25.0,29,5.5,23.6,0.0,0,942.9,1.5,3.4,302,2.9,0.0,0.0,0.0
US_NYIS_NewYork,2026-10-02T07:00Z,19.9,89,18.0,21.4,0.0,70,1011.4,9.3,22.0,231,20.2,0.0,0.0,0.0
US_PJM_Philadelphia,2026-10-02T07:00Z,19.5,89,17.6,20.7,0.0,72,1013.1,10.6,23.7,226,22.0,0.0,0.0,0.0
US_PSCO_Denver,2026-10-02T07:00Z,13.0,63,6.2,11.3,0.0,0,847.0,5.2,9.8,175,11.9,0.0,0.0,0.0
US_SCL_Seattle,2026-10-02T07:00Z,13.0,89,11.3,12.4,0.0,15,1007.8,6.4,12.2,358,14.4,0.0,0.0,0.0
US_SOCO_Atlanta,2026-10-02T07:00Z,21.9,85,19.3,24.2,0.0,1,982.2,8.1,17.3,155,15.8,0.0,0.0,0.0
US_SWPP_KansasCity,2026-10-02T07:00Z,14.1,91,12.7,12.9,0.0,77,987.9,13.3,22.7,28,31.0,0.0,0.0,0.0
US_SWPP_OklahomaCity,2026-10-02T07:00Z,19.9,99,19.8,23.0,0.4,100,973.2,4.3,9.2,344,13.7,0.0,0.0,0.0
US_TVA_Nashville,2026-10-02T07:00Z,25.7,63,18.1,26.5,0.0,97,999.2,14.5,27.3,193,29.5,0.0,0.0,0.0
VN_DaNang,2026-10-02T07:00Z,31.8,59,22.7,36.6,0.0,80,1010.1,13.3,17.6,98,33.8,810.0,844.9,114.0
VN_HaNoi,2026-10-02T07:00Z,34.8,49,22.6,39.6,0.1,91,1007.2,9.3,12.3,151,24.8,714.0,651.2,185.0
VN_HoChiMinh,2026-10-02T07:00Z,30.4,70,24.4,36.7,0.4,54,1008.8,6.7,9.1,171,19.4,700.0,549.9,227.0
AT_Vienna,2026-10-02T08:00Z,16.3,45,4.2,14.1,0.0,99,1008.2,5.1,8.1,148,16.6,284.0,292.9,169.0
AU_NSW1_Sydney,2026-10-02T08:00Z,19.8,85,17.1,21.6,0.0,99,1014.2,4.4,8.9,162,23.0,23.0,58.5,16.0
AU_QLD1_Brisbane,2026-10-02T08:00Z,19.6,62,12.2,18.8,0.0,0,1022.9,9.9,19.3,35,28.4,41.0,218.9,17.0
AU_SA1_Adelaide,2026-10-02T08:00Z,14.4,73,9.7,11.9,0.0,76,1019.3,16.8,25.1,196,37.8,146.0,241.2,82.0
AU_TAS1_Hobart,2026-10-02T08:00Z,12.0,75,7.7,9.9,0.0,45,1027.2,10.3,17.5,158,30.2,90.0,390.0,36.0
AU_VIC1_Melbourne,2026-10-02T08:00Z,14.2,82,11.1,12.7,0.0,97,1018.4,12.2,20.0,153,38.5,98.0,252.7,54.0
BE_Brussels,2026-10-02T08:00Z,13.0,89,11.3,12.6,0.0,99,1029.8,5.7,17.0,231,15.5,157.0,173.1,112.0
DE_Berlin,2026-10-02T08:00Z,16.2,85,13.7,15.7,0.0,100,1026.3,11.2,17.4,316,25.9,127.0,24.5,119.0
DE_Hamburg,2026-10-02T08:00Z,15.0,97,14.5,15.5,0.0,91,1029.5,6.6,12.6,303,14.0,45.0,0.0,45.0
DE_Munich,2026-10-02T08:00Z,14.4,96,13.7,14.0,0.3,100,970.2,10.7,19.0,283,24.8,37.0,0.0,37.0
ES_Madrid,2026-10-02T08:00Z,15.4,95,14.7,14.8,1.3,93,947.3,14.5,25.9,66,29.9,37.0,12.7,34.0
FR_Paris,2026-10-02T08:00Z,13.1,87,11.1,13.0,0.0,98,1026.9,3.2,12.9,96,10.8,166.0,248.2,103.0
GB_Glasgow,2026-10-02T08:00Z,12.7,93,11.7,11.3,0.0,10,1018.9,13.0,23.7,185,24.1,91.0,312.8,45.0
GB_London,2026-10-02T08:00Z,14.8,80,11.4,13.9,0.0,69,1027.5,8.5,21.9,196,16.6,158.0,494.9,53.0
GB_Manchester,2026-10-02T08:00Z,14.1,86,11.8,12.3,0.1,100,1018.3,16.4,29.3,179,35.3,42.0,11.1,40.0
NL_Amsterdam,2026-10-02T08:00Z,14.0,96,13.3,13.9,0.0,68,1030.7,7.4,18.0,198,15.5,149.0,197.4,99.0
PL_Warsaw,2026-10-02T08:00Z,13.5,62,6.4,11.3,0.0,0,1021.1,9.2,15.9,138,23.0,362.0,743.3,73.0
US_AZPS_Phoenix,2026-10-02T08:00Z,25.6,59,16.9,27.1,0.0,0,973.7,6.0,15.7,91,12.6,0.0,0.0,0.0
US_BPAT_Portland,2026-10-02T08:00Z,15.6,74,11.0,15.4,0.0,100,1011.9,3.4,10.7,352,8.3,0.0,0.0,0.0
US_CISO_LosAngeles,2026-10-02T08:00Z,21.0,85,18.5,23.7,0.0,0,1000.3,3.1,2.1,290,7.6,0.0,0.0,0.0
US_CISO_SanFrancisco,2026-10-02T08:00Z,14.7,95,13.9,14.8,0.0,100,1010.8,7.9,11.8,251,15.5,0.0,0.0,0.0
US_DUK_Charlotte,2026-10-02T08:00Z,18.1,84,15.3,19.2,0.0,0,991.2,4.9,11.9,228,8.6,0.0,0.0,0.0
US_ERCO_Dallas,2026-10-02T08:00Z,22.5,98,22.2,27.2,0.1,100,998.6,2.3,6.7,172,10.8,0.0,0.0,0.0
US_ERCO_Houston,2026-10-02T08:00Z,23.4,98,23.0,27.4,3.0,100,1010.2,9.8,16.9,358,22.3,0.0,0.0,0.0
US_FPL_Miami,2026-10-02T08:00Z,28.4,77,24.0,31.8,0.0,97,1014.9,18.8,29.7,105,37.4,0.0,0.0,0.0
US_ISNE_Boston,2026-10-02T08:00Z,20.1,86,17.6,20.3,0.0,59,1010.4,17.3,33.0,238,35.6,0.0,0.0,0.0
US_MISO_Chicago,2026-10-02T08:00Z,16.5,85,14.0,14.9,0.0,100,986.0,19.8,32.9,350,39.2,0.0,0.0,0.0
US_MISO_Minneapolis,2026-10-02T08:00Z,7.3,78,3.6,4.9,0.0,0,992.8,6.1,16.3,324,13.7,0.0,0.0,0.0
US_NEVP_LasVegas,2026-10-02T08:00Z,24.0,30,5.5,22.7,0.0,0,943.1,1.3,3.8,289,3.2,0.0,0.0,0.0
US_NYIS_NewYork,2026-10-02T08:00Z,19.7,89,17.8,21.1,0.0,10,1010.8,9.4,21.8,229,19.1,0.0,0.0,0.0
US_PJM_Philadelphia,2026-10-02T08:00Z,19.5,88,17.4,20.5,0.0,80,1012.6,11.2,24.4,225,22.0,0.0,0.0,0.0
US_PSCO_Denver,2026-10-02T08:00Z,12.0,67,6.2,10.4,0.0,0,846.8,4.5,8.8,181,11.5,0.0,0.0,0.0
US_SCL_Seattle,2026-10-02T08:00Z,12.6,92,11.3,12.2,0.0,22,1007.9,4.9,11.9,10,14.8,0.0,0.0,0.0
US_SOCO_Atlanta,2026-10-02T08:00Z,21.4,88,19.4,23.9,0.0,1,982.2,7.0,15.1,153,15.5,0.0,0.0,0.0
US_SWPP_KansasCity,2026-10-02T08:00Z,13.9,89,12.0,12.6,0.0,85,988.6,12.6,22.6,23,29.5,0.0,0.0,0.0
US_SWPP_OklahomaCity,2026-10-02T08:00Z,19.8,98,19.5,22.3,0.1,60,973.5,7.3,16.7,348,15.8,0.0,0.0,0.0
US_TVA_Nashville,2026-10-02T08:00Z,25.4,64,18.1,26.2,0.0,98,999.1,14.5,26.9,197,28.1,0.0,0.0,0.0
VN_DaNang,2026-10-02T08:00Z,31.3,63,23.4,35.7,0.0,83,1009.4,12.7,17.1,107,33.1,643.0,795.8,104.0
VN_HaNoi,2026-10-02T08:00Z,34.7,50,22.7,38.6,0.0,91,1006.5,10.2,13.6,150,25.2,575.0,598.4,169.0
VN_HoChiMinh,2026-10-02T08:00Z,28.3,82,24.9,33.4,2.3,91,1008.7,10.2,14.3,127,23.4,389.0,275.1,192.0
AT_Vienna,2026-10-02T09:00Z,18.7,39,4.5,16.3,0.0,97,1008.6,7.1,11.0,139,21.6,418.0,464.5,183.0
AU_NSW1_Sydney,2026-10-02T09:00Z,19.3,87,17.0,21.2,0.0,100,1014.8,3.8,7.3,171,8.6,0.0,0.0,0.0
AU_QLD1_Brisbane,2026-10-02T09:00Z,18.6,68,12.7,18.1,0.0,0,1023.5,8.8,19.0,23,20.5,0.0,0.0,0.0
AU_SA1_Adelaide,2026-10-02T09:00Z,13.9,77,10.0,11.5,0.0,74,1019.8,16.7,26.5,198,36.4,30.0,127.0,17.0
AU_TAS1_Hobart,2026-10-02T09:00Z,10.7,85,8.2,9.3,0.0,97,1028.2,6.7,14.1,141,23.8,2.0,19.1,1.0
AU_VIC1_Melbourne,2026-10-02T09:00Z,13.6,85,11.1,12.0,0.0,34,1018.6,13.3,22.8,152,29.2,4.0,0.0,4.0
BE_Brussels,2026-10-02T09:00Z,14.7,83,11.9,14.6,0.0,97,1030.1,4.7,10.0,232,14.4,244.0,179.1,174.0
DE_Berlin,2026-10-02T09:00Z,17.0,84,14.2,16.6,0.0,100,1027.0,12.1,18.1,320,28.8,148.0,13.8,142.0
DE_Hamburg,2026-10-02T09:00Z,16.0,90,14.4,16.5,0.0,30,1030.1,6.0,8.7,307,15.5,192.0,278.1,80.0
DE_Munich,2026-10-02T09:00Z,14.9,94,13.9,14.8,0.3,100,970.5,8.7,14.5,284,23.4,80.0,0.0,80.0
ES_Madrid,2026-10-02T09:00Z,17.2,89,15.3,17.7,0.2,93,948.5,8.4,12.9,36,31.3,215.0,202.7,132.0
FR_Paris,2026-10-02T09:00Z,15.1,80,11.7,15.2,0.0,93,1027.0,3.0,7.6,91,11.5,297.0,368.4,152.0
GB_Glasgow,2026-10-02T09:00Z,14.1,89,12.4,13.2,0.0,54,1018.8,11.5,19.6,181,30.2,218.0,567.1,62.0
GB_London,2026-10-02T09:00Z,17.0,72,11.9,16.3,0.0,15,1027.6,8.4,15.2,193,20.5,297.0,637.3,75.0
GB_Manchester,2026-10-02T09:00Z,14.8,84,12.1,13.0,0.0,100,1018.5,16.4,29.0,178,37.4,86.0,41.5,73.0
NL_Amsterdam,2026-10-02T09:00Z,15.7,89,13.9,16.1,0.0,41,1031.0,5.8,13.0,194,16.6,275.0,403.9,122.0
PL_Warsaw,2026-10-02T09:00Z,15.4,57,7.0,13.2,0.0,0,1021.1,9.3,14.7,137,24.5,471.0,809.7,80.0
US_AZPS_Phoenix,2026-10-02T09:00Z,25.3,59,16.8,26.6,0.0,0,974.1,6.7,15.8,88,13.3,0.0,0.0,0.0
US_BPAT_Portland,2026-10-02T09:00Z,15.0,78,11.3,14.9,0.0,97,1012.0,3.1,9.2,356,6.8,0.0,0.0,0.0
US_CISO_LosAngeles,2026-10-02T09:00Z,20.4,89,18.5,23.4,0.0,0,1000.3,0.9,1.1,162,6.5,0.0,0.0,0.0
US_CISO_SanFrancisco,2026-10-02T09:00Z,14.7,95,13.9,15.1,0.0,94,1010.8,5.6,9.5,249,17.3,0.0,0.0,0.0
US_DUK_Charlotte,2026-10-02T09:00Z,18.0,84,15.2,18.8,0.0,0,991.1,6.3,16.2,227,11.5,0.0,0.0,0.0
US_ERCO_Dallas,2026-10-02T09:00Z,22.7,96,21.9,27.3,0.1,100,998.6,1.7,4.1,193,9.4,0.0,0.0,0.0
US_ERCO_Houston,2026-10-02T09:00Z,23.6,99,23.4,28.1,0.2,100,1010.2,8.4,15.0,21,20.5,0.0,0.0,0.0
US_FPL_Miami,2026-10-02T09:00Z,28.5,73,23.3,31.5,0.1,100,1014.9,18.3,29.1,107,37.8,0.0,0.0,0.0
US_ISNE_Boston,2026-10-02T09:00Z,20.2,84,17.5,20.5,0.0,37,1010.2,16.5,31.8,237,35.3,0.0,0.0,0.0
US_MISO_Chicago,2026-10-02T09:00Z,16.2,80,12.8,14.3,0.0,100,986.4,18.9,31.8,352,40.0,0.0,0.0,0.0
US_MISO_Minneapolis,2026-10-02T09:00Z,6.9,79,3.5,4.4,0.0,0,993.2,6.4,16.5,321,12.2,0.0,0.0,0.0
US_NEVP_LasVegas,2026-10-02T09:00Z,23.2,35,6.7,22.2,0.0,0,943.1,0.9,2.4,283,2.2,0.0,0.0,0.0
US_NYIS_NewYork,2026-10-02T09:00Z,19.4,89,17.5,20.8,0.0,16,1010.7,8.7,21.2,234,19.1,0.0,0.0,0.0
US_PJM_Philadelphia,2026-10-02T09:00Z,19.4,87,17.2,20.2,0.0,76,1012.5,11.8,25.2,224,23.8,0.0,0.0,0.0
US_PSCO_Denver,2026-10-02T09:00Z,11.3,70,6.0,9.9,0.0,0,846.6,2.8,6.1,192,10.1,0.0,0.0,0.0
US_SCL_Seattle,2026-10-02T09:00Z,12.2,95,11.4,12.4,0.0,18,1007.6,1.4,6.1,45,10.8,0.0,0.0,0.0
US_SOCO_Atlanta,2026-10-02T09:00Z,21.0,91,19.5,23.8,0.0,3,982.1,5.1,11.4,151,13.0,0.0,0.0,0.0
US_SWPP_KansasCity,2026-10-02T09:00Z,13.9,85,11.5,12.6,0.0,100,988.8,12.0,22.0,25,26.6,0.0,0.0,0.0
US_SWPP_OklahomaCity,2026-10-02T09:00Z,19.7,98,19.3,21.7,0.0,100,973.9,10.2,18.3,22,20.5,0.0,0.0,0.0
US_TVA_Nashville,2026-10-02T09:00Z,25.2,65,18.1,26.0,0.0,62,998.8,14.8,27.2,198,28.8,0.0,0.0,0.0
VN_DaNang,2026-10-02T09:00Z,30.7,69,24.4,35.3,0.0,52,1009.6,12.1,16.5,112,31.3,428.0,701.3,89.0
VN_HaNoi,2026-10-02T09:00Z,33.9,54,23.2,37.7,0.0,77,1006.4,11.8,16.3,145,27.0,365.0,469.0,132.0
VN_HoChiMinh,2026-10-02T09:00Z,27.9,83,24.8,33.7,0.4,84,1008.7,4.7,6.9,174,27.0,263.0,199.1,159.0
AT_Vienna,2026-10-02T10:00Z,21.2,32,3.8,18.2,0.0,98,1008.6,10.7,16.1,145,28.8,515.0,564.0,187.0
AU_NSW1_Sydney,2026-10-02T10:00Z,19.0,91,17.5,20.7,0.0,100,1014.9,6.5,13.3,122,12.2,0.0,0.0,0.0
AU_QLD1_Brisbane,2026-10-02T10:00Z,17.8,73,12.9,17.6,0.0,0,1024.0,7.8,18.7,22,17.6,0.0,0.0,0.0
AU_SA1_Adelaide,2026-10-02T10:00Z,13.4,82,10.3,11.4,0.0,7,1020.3,14.6,23.5,192,34.6,0.0,0.0,0.0
AU_TAS1_Hobart,2026-10-02T10:00Z,10.9,85,8.6,10.0,0.0,98,1028.9,3.5,9.0,116,15.8,0.0,0.0,0.0
AU_VIC1_Melbourne,2026-10-02T10:00Z,13.1,87,11.0,11.5,0.0,26,1019.1,13.0,24.1,144,29.2,0.0,0.0,0.0
BE_Brussels,2026-10-02T10:00Z,16.4,75,11.9,16.4,0.0,79,1030.1,4.4,6.4,241,15.8,405.0,478.1,170.0
DE_Berlin,2026-10-02T10:00Z,17.6,80,14.1,17.4,0.1,100,1027.4,10.9,16.1,323,28.4,172.0,0.0,172.0
DE_Hamburg,2026-10-02T10:00Z,17.0,80,13.4,17.3,0.1,16,1030.4,4.9,6.9,303,16.2,339.0,465.8,113.0
DE_Munich,2026-10-02T10:00Z,15.8,86,13.6,15.9,0.2,100,970.6,6.8,10.0,298,21.2,151.0,0.0,151.0
ES_Madrid,2026-10-02T10:00Z,18.9,79,15.1,19.3,0.0,65,948.8,8.9,13.0,46,25.2,340.0,170.4,246.0
FR_Paris,2026-10-02T10:00Z,17.0,71,11.6,16.9,0.0,91,1026.7,4.3,6.7,95,15.1,417.0,494.7,168.0
GB_Glasgow,2026-10-02T10:00Z,15.7,81,12.4,14.3,0.0,64,1018.3,14.6,22.9,179,37.1,318.0,606.7,87.0
GB_London,2026-10-02T10:00Z,18.3,64,11.3,16.7,0.0,24,1027.6,13.6,21.6,207,33.8,415.0,719.2,86.0
GB_Manchester,2026-10-02T10:00Z,15.7,82,12.7,14.6,0.0,80,1018.4,13.0,23.3,167,37.1,139.0,57.0,115.0
NL_Amsterdam,2026-10-02T10:00Z,17.6,80,14.1,17.8,0.0,8,1031.1,7.3,11.4,206,19.4,423.0,684.2,98.0
PL_Warsaw,2026-10-02T10:00Z,17.1,54,7.6,15.1,0.0,0,1021.0,9.3,14.4,138,24.8,539.0,839.8,85.0
US_AZPS_Phoenix,2026-10-02T10:00Z,25.0,59,16.6,26.2,0.0,0,974.2,7.3,17.9,85,14.8,0.0,0.0,0.0
US_BPAT_Portland,2026-10-02T10:00Z,14.5,82,11.4,14.7,0.0,69,1012.2,0.9,5.9,2,5.4,0.0,0.0,0.0
US_CISO_LosAngeles,2026-10-02T10:00Z,19.6,93,18.4,22.3,0.0,0,1000.2,2.0,4.3,123,4.3,0.0,0.0,0.0
US_CISO_SanFrancisco,2026-10-02T10:00Z,14.5,96,13.9,15.1,0.0,100,1010.8,4.5,9.1,248,10.8,0.0,0.0,0.0
US_DUK_Charlotte,2026-10-02T10:00Z,17.8,84,15.1,18.5,0.0,0,991.2,6.7,18.0,229,12.6,0.0,0.0,0.0
US_ERCO_Dallas,2026-10-02T10:00Z,22.6,97,22.0,26.8,0.0,100,998.5,4.5,6.6,334,9.4,0.0,0.0,0.0
US_ERCO_Houston,2026-10-02T10:00Z,23.9,96,23.3,28.5,0.0,100,1009.8,7.6,15.3,41,16.6,0.0,0.0,0.0
US_FPL_Miami,2026-10-02T10:00Z,28.3,73,23.0,31.0,0.1,100,1015.0,18.4,29.3,105,35.6,0.0,0.0,0.0
US_ISNE_Boston,2026-10-02T10:00Z,20.2,83,17.3,20.5,0.0,17,1010.1,15.9,30.6,235,33.5,0.0,0.0,0.0
US_MISO_Chicago,2026-10-02T10:00Z,16.1,80,12.6,14.3,0.0,37,987.3,17.9,29.9,357,39.6,0.0,0.0,0.0
US_MISO_Minneapolis,2026-10-02T10:00Z,6.5,81,3.5,3.9,0.0,0,993.9,7.1,17.6,317,13.3,0.0,0.0,0.0
US_NEVP_LasVegas,2026-10-02T10:00Z,22.4,32,5.1,20.9,0.0,0,943.1,1.7,3.9,313,3.2,0.0,0.0,0.0
US_NYIS_NewYork,2026-10-02T10:00Z,19.2,89,17.3,20.4,0.0,71,1010.7,9.1,21.8,232,18.4,0.0,0.0,0.0
US_PJM_Philadelphia,2026-10-02T10:00Z,19.1,88,17.0,19.9,0.0,91,1012.6,11.1,24.1,227,23.4,0.0,0.0,0.0
US_PSCO_Denver,2026-10-02T10:00Z,10.6,73,6.1,9.4,0.0,0,846.1,1.6,4.9,178,6.5,0.0,0.0,0.0
US_SCL_Seattle,2026-10-02T10:00Z,12.2,95,11.4,12.5,0.0,46,1007.2,0.2,3.4,108,3.2,0.0,0.0,0.0
US_SOCO_Atlanta,2026-10-02T10:00Z,20.5,95,19.6,23.2,0.0,10,982.3,6.0,11.1,133,11.2,0.0,0.0,0.0
US_SWPP_KansasCity,2026-10-02T10:00Z,13.8,85,11.3,12.4,0.2,9,989.2,12.2,22.2,23,25.2,0.0,0.0,0.0
US_SWPP_OklahomaCity,2026-10-02T10:00Z,19.5,97,19.0,21.0,0.0,100,974.1,13.0,23.1,36,28.1,0.0,0.0,0.0
US_TVA_Nashville,2026-10-02T10:00Z,24.9,66,18.2,25.9,0.0,30,999.5,13.5,25.5,206,28.4,0.0,0.0,0.0
VN_DaNang,2026-10-02T10:00Z,29.9,74,24.7,34.7,0.0,20,1009.9,11.4,16.5,119,28.4,192.0,520.8,59.0
VN_HaNoi,2026-10-02T10:00Z,32.9,58,23.6,37.0,0.0,41,1007.1,11.7,17.5,154,27.0,186.0,382.5,79.0
VN_HoChiMinh,2026-10-02T10:00Z,27.7,84,24.8,33.5,0.1,94,1009.2,5.7,8.6,149,14.8,149.0,188.3,94.0
AT_Vienna,2026-10-02T11:00Z,22.7,27,2.9,19.1,0.0,96,1008.3,13.4,19.9,155,34.2,538.0,529.1,213.0
AU_NSW1_Sydney,2026-10-02T11:00Z,19.2,90,17.6,20.8,0.0,100,1014.9,7.5,15.0,71,15.8,0.0,0.0,0.0
AU_QLD1_Brisbane,2026-10-02T11:00Z,17.1,76,12.8,17.1,0.0,0,1024.2,5.4,16.3,17,15.5,0.0,0.0,0.0
AU_SA1_Adelaide,2026-10-02T11:00Z,13.0,83,10.2,11.1,0.0,5,1021.0,13.7,22.9,184,29.9,0.0,0.0,0.0
AU_TAS1_Hobart,2026-10-02T11:00Z,11.0,86,8.8,10.3,0.0,93,1029.0,3.0,7.5,114,9.7,0.0,0.0,0.0
AU_VIC1_Melbourne,2026-10-02T11:00Z,12.7,89,10.8,11.0,0.0,57,1019.5,12.9,24.1,134,28.4,0.0,0.0,0.0
BE_Brussels,2026-10-02T11:00Z,17.5,67,11.4,17.5,0.0,39,1029.8,3.2,4.4,243,15.8,516.0,695.0,130.0
DE_Berlin,2026-10-02T11:00Z,18.8,72,13.6,18.6,0.0,98,1027.5,9.4,13.5,335,27.0,278.0,103.6,221.0
DE_Hamburg,2026-10-02T11:00Z,17.9,71,12.6,17.9,0.0,15,1030.6,5.3,7.4,296,16.2,458.0,645.9,115.0
DE_Munich,2026-10-02T11:00Z,17.0,78,13.0,17.1,0.0,100,970.7,5.7,8.2,327,18.4,208.0,6.6,204.0
ES_Madrid,2026-10-02T11:00Z,20.8,71,15.4,21.8,0.0,91,948.5,5.9,8.3,84,23.8,486.0,417.8,213.0
FR_Paris,2026-10-02T11:00Z,18.3,62,11.0,18.0,0.0,78,1026.5,4.2,5.9,102,15.8,522.0,629.2,160.0
GB_Glasgow,2026-10-02T11:00Z,16.6,77,12.5,14.7,0.0,44,1017.7,18.3,28.1,187,45.4,375.0,597.6,102.0
GB_London,2026-10-02T11:00Z,19.3,56,10.4,17.5,0.0,26,1027.4,12.7,19.8,209,33.8,465.0,656.2,116.0
GB_Manchester,2026-10-02T11:00Z,17.1,76,12.8,14.8,0.0,95,1018.3,21.3,34.3,191,49.3,261.0,201.1,161.0
NL_Amsterdam,2026-10-02T11:00Z,18.3,72,13.1,17.9,0.1,23,1031.0,9.4,14.0,218,23.8,489.0,743.3,91.0
PL_Warsaw,2026-10-02T11:00Z,18.4,49,7.4,16.3,0.0,0,1020.6,10.1,15.2,140,25.9,559.0,847.7,86.0
US_AZPS_Phoenix,2026-10-02T11:00Z,24.7,56,15.4,25.3,0.0,0,974.2,8.1,19.9,74,16.9,0.0,0.0,0.0
US_BPAT_Portland,2026-10-02T11:00Z,13.9,86,11.6,14.3,0.0,0,1012.2,0.6,4.2,5,2.5,0.0,0.0,0.0
US_CISO_LosAngeles,2026-10-02T11:00Z,19.1,95,18.3,22.0,0.0,0,1000.0,0.3,2.9,97,4.3,0.0,0.0,0.0
US_CISO_SanFrancisco,2026-10-02T11:00Z,14.3,97,13.8,15.0,0.0,100,1010.5,3.4,7.4,252,9.0,0.0,0.0,0.0
US_DUK_Charlotte,2026-10-02T11:00Z,17.8,83,14.9,18.4,0.0,0,991.3,6.5,17.2,240,12.2,0.0,0.0,0.0
US_ERCO_Dallas,2026-10-02T11:00Z,22.5,97,22.1,26.8,0.1,100,999.3,4.5,6.6,77,10.1,0.0,0.0,0.0
US_ERCO_Houston,2026-10-02T11:00Z,24.0,96,23.3,28.6,0.0,100,1009.6,7.2,14.7,47,14.8,0.0,0.0,0.0
US_FPL_Miami,2026-10-02T11:00Z,28.2,77,23.7,31.2,0.0,100,1015.1,19.6,30.9,103,38.2,0.0,0.0,0.0
US_ISNE_Boston,2026-10-02T11:00Z,19.9,84,17.1,20.2,0.0,3,1009.9,15.5,30.3,230,32.0,2.0,0.0,2.0
US_MISO_Chicago,2026-10-02T11:00Z,15.3,78,11.5,13.3,0.0,43,988.2,16.6,28.3,353,37.8,0.0,0.0,0.0
US_MISO_Minneapolis,2026-10-02T11:00Z,6.2,83,3.4,3.6,0.0,9,994.4,6.6,17.0,309,13.7,0.0,0.0,0.0
US_NEVP_LasVegas,2026-10-02T11:00Z,21.8,34,5.3,20.3,0.0,0,943.0,1.7,4.7,310,3.2,0.0,0.0,0.0
US_NYIS_NewYork,2026-10-02T11:00Z,19.1,88,17.1,20.1,0.0,82,1010.6,10.0,23.1,228,20.5,0.0,0.0,0.0
US_PJM_Philadelphia,2026-10-02T11:00Z,18.8,89,16.9,19.7,0.0,69,1012.5,10.5,23.1,222,22.0,0.0,0.0,0.0
US_PSCO_Denver,2026-10-02T11:00Z,9.9,78,6.2,8.6,0.0,0,845.9,2.0,8.1,159,5.4,0.0,0.0,0.0
US_SCL_Seattle,2026-10-02T11:00Z,12.1,95,11.4,12.4,0.0,66,1006.9,0.6,2.6,192,2.2,0.0,0.0,0.0
US_SOCO_Atlanta,2026-10-02T11:00Z,20.2,96,19.6,22.8,0.0,100,982.7,7.0,14.4,133,14.0,0.0,0.0,0.0
US_SWPP_KansasCity,2026-10-02T11:00Z,13.3,85,10.8,11.8,0.1,5,989.4,12.1,23.0,25,25.9,0.0,0.0,0.0
US_SWPP_OklahomaCity,2026-10-02T11:00Z,19.6,96,18.9,20.9,0.0,100,974.8,13.3,24.0,29,28.4,0.0,0.0,0.0
US_TVA_Nashville,2026-10-02T11:00Z,24.4,70,18.5,26.0,0.0,50,999.8,10.3,20.7,211,25.6,0.0,0.0,0.0
VN_DaNang,2026-10-02T11:00Z,29.1,80,25.2,34.4,0.0,14,1010.3,9.9,16.9,128,24.5,19.0,97.8,10.0
VN_HaNoi,2026-10-02T11:00Z,31.7,65,24.3,36.4,0.0,52,1007.2,10.2,18.4,154,23.4,26.0,84.9,17.0
VN_HoChiMinh,2026-10-02T11:00Z,27.3,89,25.2,33.5,0.0,95,1010.0,4.5,8.2,148,14.0,24.0,45.4,19.0
AT_Vienna,2026-10-02T12:00Z,23.9,26,3.2,20.8,0.0,99,1008.0,10.3,15.0,162,35.6,535.0,563.3,196.0
AU_NSW1_Sydney,2026-10-02T12:00Z,19.2,87,17.1,20.4,0.0,100,1015.3,9.2,17.4,49,14.0,0.0,0.0,0.0
AU_QLD1_Brisbane,2026-10-02T12:00Z,16.0,82,12.9,16.1,0.0,0,1024.4,5.6,16.9,16,11.2,0.0,0.0,0.0
AU_SA1_Adelaide,2026-10-02T12:00Z,12.3,84,9.6,10.0,0.0,10,1020.9,14.9,25.0,182,27.4,0.0,0.0,0.0
AU_TAS1_Hobart,2026-10-02T12:00Z,10.7,88,8.8,10.1,0.0,74,1029.2,1.8,7.2,89,8.6,0.0,0.0,0.0
AU_VIC1_Melbourne,2026-10-02T12:00Z,12.7,91,11.3,11.5,0.0,75,1019.6,11.2,21.7,128,28.1,0.0,0.0,0.0
BE_Brussels,2026-10-02T12:00Z,18.3,57,9.6,17.8,0.0,62,1029.4,2.6,3.4,254,14.4,555.0,769.9,110.0
DE_Berlin,2026-10-02T12:00Z,17.6,76,13.2,17.3,0.0,100,1027.8,9.0,13.2,350,24.1,248.0,43.9,224.0
DE_Hamburg,2026-10-02T12:00Z,18.3,71,12.9,18.0,0.0,28,1030.5,7.6,10.8,285,18.4,471.0,681.4,105.0
DE_Munich,2026-10-02T12:00Z,17.6,76,13.2,17.8,0.0,100,970.4,5.3,6.8,32,17.6,235.0,40.9,210.0
ES_Madrid,2026-10-02T12:00Z,20.1,80,16.5,20.6,0.0,93,948.5,11.8,17.0,21,20.2,492.0,354.6,241.0
FR_Paris,2026-10-02T12:00Z,19.8,48,8.5,18.8,0.0,76,1025.8,4.8,6.6,73,16.2,570.0,696.0,149.0
GB_Glasgow,2026-10-02T12:00Z,17.3,67,11.1,14.9,0.1,67,1016.8,18.6,28.6,187,46.8,393.0,525.9,131.0
GB_London,2026-10-02T12:00Z,20.3,51,9.8,18.1,0.0,41,1026.6,14.2,22.0,208,34.9,507.0,691.8,115.0
GB_Manchester,2026-10-02T12:00Z,18.2,73,13.3,16.6,0.3,100,1017.9,18.1,28.4,190,48.6,219.0,153.0,137.0
NL_Amsterdam,2026-10-02T12:00Z,19.2,63,12.1,18.5,0.0,24,1030.6,9.2,13.3,212,23.8,485.0,685.4,104.0
PL_Warsaw,2026-10-02T12:00Z,20.2,40,6.3,17.8,0.0,0,1020.1,9.8,14.9,142,26.3,530.0,835.4,84.0
US_AZPS_Phoenix,2026-10-02T12:00Z,23.9,57,15.0,24.5,0.0,0,974.4,6.7,17.0,94,16.9,0.0,0.0,0.0
US_BPAT_Portland,2026-10-02T12:00Z,12.3,93,11.2,12.5,0.0,0,1012.7,1.2,1.9,49,1.4,0.0,0.0,0.0
US_CISO_LosAngeles,2026-10-02T12:00Z,18.2,98,17.8,20.7,0.0,19,1000.2,1.5,1.5,353,2.2,0.0,0.0,0.0
US_CISO_SanFrancisco,2026-10-02T12:00Z,13.6,96,13.0,13.9,0.0,100,1010.6,3.8,7.5,246,9.4,0.0,0.0,0.0
US_DUK_Charlotte,2026-10-02T12:00Z,18.0,85,15.4,18.3,0.0,0,992.1,9.7,20.4,247,15.5,22.0,138.6,10.0
US_ERCO_Dallas,2026-10-02T12:00Z,22.0,98,21.7,25.7,0.2,100,999.9,6.7,12.2,46,10.4,0.0,0.0,0.0
US_ERCO_Houston,2026-10-02T12:00Z,23.6,96,23.0,28.2,0.0,95,1010.1,6.0,13.5,77,13.3,0.0,0.0,0.0
US_FPL_Miami,2026-10-02T12:00Z,27.5,87,25.1,32.0,0.0,94,1015.6,15.7,25.7,96,41.4,22.0,28.1,19.0
US_ISNE_Boston,2026-10-02T12:00Z,20.6,81,17.3,21.1,0.0,12,1010.2,14.0,28.0,232,34.9,87.0,385.4,35.0
US_MISO_Chicago,2026-10-02T12:00Z,15.1,82,12.1,13.2,0.0,69,989.2,17.0,28.3,357,35.3,0.0,0.0,0.0
US_MISO_Minneapolis,2026-10-02T12:00Z,5.0,88,3.1,2.5,0.0,0,994.9,5.9,16.7,318,12.6,0.0,0.0,0.0
US_NEVP_LasVegas,2026-10-02T12:00Z,21.3,46,9.3,21.0,0.0,0,943.7,0.6,3.7,47,2.9,0.0,0.0,0.0
US_NYIS_NewYork,2026-10-02T12:00Z,19.7,85,17.1,20.8,0.0,100,1010.9,9.2,21.2,241,20.9,62.0,241.5,33.0
US_PJM_Philadelphia,2026-10-02T12:00Z,19.2,88,17.1,20.5,0.0,73,1012.8,8.5,19.0,228,21.6,53.0,200.4,30.0
US_PSCO_Denver,2026-10-02T12:00Z,9.4,78,5.8,8.2,0.0,0,846.3,0.6,3.5,171,5.0,0.0,0.0,0.0
US_SCL_Seattle,2026-10-02T12:00Z,12.1,97,11.7,12.3,0.0,38,1007.4,1.9,9.0,186,5.0,0.0,0.0,0.0
US_SOCO_Atlanta,2026-10-02T12:00Z,20.9,96,20.2,23.9,0.0,100,983.4,6.0,12.1,160,13.3,6.0,15.8,5.0
US_SWPP_KansasCity,2026-10-02T12:00Z,13.1,85,10.5,11.3,0.0,24,990.2,13.3,24.2,42,25.6,0.0,0.0,0.0
US_SWPP_OklahomaCity,2026-10-02T12:00Z,19.3,98,19.0,20.5,0.1,100,975.5,14.7,26.1,42,30.6,0.0,0.0,0.0
US_TVA_Nashville,2026-10-02T12:00Z,23.5,76,19.0,25.7,0.0,61,999.9,7.8,20.0,207,19.1,2.0,0.0,2.0
VN_DaNang,2026-10-02T12:00Z,29.2,81,25.6,35.1,0.0,61,1011.5,8.3,14.0,132,19.1,0.0,0.0,0.0
VN_HaNoi,2026-10-02T12:00Z,30.4,74,25.1,35.4,0.0,49,1008.0,12.3,21.6,161,27.0,0.0,0.0,0.0
VN_HoChiMinh,2026-10-02T12:00Z,27.1,91,25.6,33.4,0.0,94,1011.0,5.7,9.4,168,9.4,0.0,0.0,0.0
AT_Vienna,2026-10-02T13:00Z,24.4,24,2.2,21.2,0.0,98,1007.6,9.7,13.9,153,27.7,449.0,462.4,197.0
AU_NSW1_Sydney,2026-10-02T13:00Z,19.1,87,17.0,19.9,0.1,100,1014.5,11.5,21.4,41,21.2,0.0,0.0,0.0
AU_QLD1_Brisbane,2026-10-02T13:00Z,15.7,82,12.6,15.6,0.0,0,1024.2,6.0,17.4,14,11.9,0.0,0.0,0.0
AU_SA1_Adelaide,2026-10-02T13:00Z,12.4,84,9.8,10.5,0.0,13,1021.0,13.4,22.5,182,28.8,0.0,0.0,0.0
AU_TAS1_Hobart,2026-10-02T13:00Z,10.2,89,8.5,9.7,0.0,42,1029.3,0.6,4.3,85,6.5,0.0,0.0,0.0
AU_VIC1_Melbourne,2026-10-02T13:00Z,13.1,91,11.6,12.1,0.1,76,1019.3,9.9,20.1,126,23.4,0.0,0.0,0.0
BE_Brussels,2026-10-02T13:00Z,18.7,55,9.5,18.4,0.0,85,1028.8,1.4,1.8,264,12.6,530.0,758.4,107.0
DE_Berlin,2026-10-02T13:00Z,18.1,72,13.0,17.6,0.0,100,1028.0,9.8,14.3,331,24.5,204.0,61.6,173.0
DE_Hamburg,2026-10-02T13:00Z,18.3,70,12.6,18.0,0.1,27,1030.4,7.3,10.4,288,20.5,437.0,683.9,93.0
DE_Munich,2026-10-02T13:00Z,17.4,75,13.0,17.2,0.0,100,970.0,7.3,10.2,36,19.4,148.0,3.5,146.0
ES_Madrid,2026-10-02T13:00Z,22.0,71,16.6,23.7,0.3,44,947.8,4.3,6.5,120,28.4,547.0,419.1,249.0
FR_Paris,2026-10-02T13:00Z,20.2,47,8.4,19.1,0.0,18,1025.1,4.8,6.5,67,16.6,551.0,686.5,146.0
GB_Glasgow,2026-10-02T13:00Z,17.6,65,11.0,15.6,0.0,99,1015.8,15.8,25.4,181,42.8,349.0,394.5,151.0
GB_London,2026-10-02T13:00Z,20.4,50,9.6,18.3,0.0,29,1026.1,13.9,21.5,210,36.4,495.0,652.6,130.0
GB_Manchester,2026-10-02T13:00Z,17.6,73,12.7,15.8,0.2,100,1017.6,17.7,29.5,197,49.3,203.0,43.0,180.0
NL_Amsterdam,2026-10-02T13:00Z,19.5,61,11.8,18.8,0.0,16,1030.2,8.3,12.0,212,23.0,462.0,669.3,104.0
PL_Warsaw,2026-10-02T13:00Z,20.4,38,5.5,17.8,0.0,0,1019.6,10.1,15.2,139,25.2,454.0,800.1,78.0
US_AZPS_Phoenix,2026-10-02T13:00Z,23.8,57,14.8,24.3,0.0,0,975.2,7.2,16.6,102,15.1,0.0,0.0,0.0
US_BPAT_Portland,2026-10-02T13:00Z,12.3,94,11.3,12.6,0.0,0,1013.1,0.3,3.8,352,2.2,0.0,0.0,0.0
US_CISO_LosAngeles,2026-10-02T13:00Z,18.6,94,17.6,21.1,0.0,13,1000.6,1.0,2.6,344,4.3,0.0,0.0,0.0
US_CISO_SanFrancisco,2026-10-02T13:00Z,13.8,96,13.1,14.3,0.0,99,1011.0,3.4,7.0,260,8.3,0.0,0.0,0.0
US_DUK_Charlotte,2026-10-02T13:00Z,20.6,75,16.0,21.5,0.0,0,992.3,7.7,19.6,245,18.7,177.0,538.6,52.0
US_ERCO_Dallas,2026-10-02T13:00Z,22.5,94,21.5,26.9,9.1,99,1000.6,1.5,4.1,38,14.8,3.0,0.0,3.0
US_ERCO_Houston,2026-10-02T13:00Z,24.1,95,23.3,28.8,0.0,100,1010.7,6.8,14.2,68,14.8,19.0,30.2,16.0
US_FPL_Miami,2026-10-02T13:00Z,29.1,78,25.0,33.6,0.1,92,1015.9,15.1,23.6,109,30.2,166.0,277.0,89.0
US_ISNE_Boston,2026-10-02T13:00Z,22.3,78,18.3,23.5,0.0,23,1010.0,13.0,28.3,227,29.5,259.0,641.5,58.0
US_MISO_Chicago,2026-10-02T13:00Z,15.1,84,12.4,13.6,0.0,53,989.9,15.4,25.6,359,35.6,75.0,302.1,37.0
US_MISO_Minneapolis,2026-10-02T13:00Z,5.9,86,3.8,3.3,0.0,0,995.5,7.1,17.1,325,13.7,29.0,190.7,13.0
US_NEVP_LasVegas,2026-10-02T13:00Z,20.9,48,9.3,20.6,0.0,0,944.1,0.8,3.8,41,1.8,0.0,0.0,0.0
US_NYIS_NewYork,2026-10-02T13:00Z,21.2,81,17.8,22.9,0.0,84,1010.8,7.8,20.5,236,19.8,221.0,479.7,82.0
US_PJM_Philadelphia,2026-10-02T13:00Z,20.8,83,17.8,22.4,0.0,59,1012.9,8.3,17.8,222,19.4,212.0,473.7,79.0
US_PSCO_Denver,2026-10-02T13:00Z,9.1,80,5.7,7.9,0.0,0,846.2,0.7,2.7,176,2.2,0.0,0.0,0.0
US_SCL_Seattle,2026-10-02T13:00Z,12.1,96,11.4,12.0,0.0,41,1007.7,3.6,11.2,195,7.6,0.0,0.0,0.0
US_SOCO_Atlanta,2026-10-02T13:00Z,22.5,90,20.8,25.9,0.0,100,983.5,5.6,8.0,153,14.4,56.0,21.2,52.0
US_SWPP_KansasCity,2026-10-02T13:00Z,13.2,82,10.2,11.6,0.0,0,991.1,11.5,22.8,37,27.0,19.0,91.3,11.0
US_SWPP_OklahomaCity,2026-10-02T13:00Z,19.2,96,18.6,19.9,0.1,100,976.2,16.9,29.3,33,35.6,5.0,0.0,5.0
US_TVA_Nashville,2026-10-02T13:00Z,25.2,70,19.4,28.1,0.0,41,1000.4,4.3,11.5,211,18.0,84.0,289.5,41.0
VN_DaNang,2026-10-02T13:00Z,29.0,82,25.6,34.9,0.0,51,1012.4,8.6,14.6,147,15.8,0.0,0.0,0.0
VN_HaNoi,2026-10-02T13:00Z,29.7,76,25.0,34.9,0.0,65,1009.0,10.3,19.8,164,23.4,0.0,0.0,0.0
VN_HoChiMinh,2026-10-02T13:00Z,26.9,91,25.3,33.4,0.0,73,1011.8,2.8,6.6,164,12.6,0.0,0.0,0.0
AT_Vienna,2026-10-02T14:00Z,24.2,23,1.7,20.9,0.0,98,1007.3,10.2,14.8,144,26.3,328.0,323.8,183.0
AU_NSW1_Sydney,2026-10-02T14:00Z,19.1,84,16.3,19.5,0.1,100,1014.2,11.6,22.9,18,22.7,0.0,0.0,0.0
AU_QLD1_Brisbane,2026-10-02T14:00Z,15.2,83,12.3,15.2,0.0,2,1024.0,5.0,15.7,9,11.9,0.0,0.0,0.0
AU_SA1_Adelaide,2026-10-02T14:00Z,12.4,84,9.8,10.5,0.0,6,1021.2,13.1,22.2,184,27.7,0.0,0.0,0.0
AU_TAS1_Hobart,2026-10-02T14:00Z,9.5,92,8.2,8.9,0.0,68,1029.1,0.5,4.2,95,4.0,0.0,0.0,0.0
AU_VIC1_Melbourne,2026-10-02T14:00Z,13.5,90,11.9,12.4,0.0,98,1018.9,11.0,21.0,129,22.3,0.0,0.0,0.0
BE_Brussels,2026-10-02T14:00Z,18.9,53,9.2,18.6,0.0,98,1028.3,0.9,1.5,104,10.8,456.0,695.5,111.0
DE_Berlin,2026-10-02T14:00Z,17.8,73,12.8,17.2,0.0,100,1028.2,9.8,14.5,319,24.5,100.0,0.0,100.0
DE_Hamburg,2026-10-02T14:00Z,18.4,68,12.3,18.2,0.1,55,1030.3,6.4,9.2,293,19.4,356.0,612.4,92.0
DE_Munich,2026-10-02T14:00Z,17.5,75,13.0,17.3,0.0,100,969.7,7.4,10.6,43,21.2,174.0,62.0,144.0
ES_Madrid,2026-10-02T14:00Z,23.1,66,16.4,24.6,0.2,82,947.1,4.4,6.3,97,21.2,550.0,589.8,159.0
FR_Paris,2026-10-02T14:00Z,20.4,46,8.3,19.2,0.0,8,1024.6,5.1,7.1,66,16.6,512.0,796.1,89.0
GB_Glasgow,2026-10-02T14:00Z,16.3,78,12.5,14.1,0.8,100,1015.0,20.6,34.2,188,47.9,238.0,130.4,177.0
GB_London,2026-10-02T14:00Z,20.4,49,9.3,18.2,0.0,16,1025.9,13.8,21.5,211,35.3,450.0,662.2,112.0
GB_Manchester,2026-10-02T14:00Z,17.6,75,13.1,16.3,0.3,100,1017.4,15.6,28.4,191,43.9,111.0,6.1,108.0
NL_Amsterdam,2026-10-02T14:00Z,19.4,60,11.6,18.8,0.0,4,1029.9,7.5,10.7,207,21.6,406.0,654.1,96.0
PL_Warsaw,2026-10-02T14:00Z,20.1,40,5.9,17.7,0.0,0,1019.4,9.2,15.3,136,24.5,340.0,731.6,69.0
US_AZPS_Phoenix,2026-10-02T14:00Z,23.8,57,14.8,24.1,0.0,0,976.0,8.5,17.1,102,16.9,18.0,111.3,9.0
US_BPAT_Portland,2026-10-02T14:00Z,12.2,94,11.2,12.5,0.0,0,1013.5,0.3,4.0,357,1.8,0.0,0.0,0.0
US_CISO_LosAngeles,2026-10-02T14:00Z,18.9,90,17.2,21.3,0.0,6,1000.8,0.9,3.3,9,1.8,1.0,0.0,1.0
US_CISO_SanFrancisco,2026-10-02T14:00Z,13.7,97,13.2,14.5,0.0,100,1011.1,1.1,2.9,270,8.3,0.0,0.0,0.0
US_DUK_Charlotte,2026-10-02T14:00Z,23.5,68,17.1,24.8,0.0,0,992.5,7.7,12.2,234,21.6,375.0,714.7,74.0
US_ERCO_Dallas,2026-10-02T14:00Z,22.4,96,21.7,26.2,8.6,100,1001.3,6.7,9.6,12,12.2,29.0,13.1,26.0
US_ERCO_Houston,2026-10-02T14:00Z,25.2,92,23.8,30.5,0.0,98,1011.3,4.6,13.8,64,13.7,121.0,115.0,91.0
US_FPL_Miami,2026-10-02T14:00Z,29.2,72,23.6,32.3,0.6,95,1016.6,18.9,27.9,116,41.4,361.0,486.1,125.0
US_ISNE_Boston,2026-10-02T14:00Z,24.0,74,19.1,25.4,0.0,46,1009.8,13.5,22.3,224,30.6,428.0,763.9,71.0
US_MISO_Chicago,2026-10-02T14:00Z,16.2,76,12.0,14.2,0.0,77,990.6,17.7,26.6,6,40.7,242.0,535.0,82.0
US_MISO_Minneapolis,2026-10-02T14:00Z,7.5,81,4.5,5.3,0.0,0,996.3,5.5,16.7,335,14.8,179.0,593.4,50.0
US_NEVP_LasVegas,2026-10-02T14:00Z,20.9,48,9.6,20.7,0.0,0,944.7,0.7,2.9,43,1.4,5.0,36.5,3.0
US_NYIS_NewYork,2026-10-02T14:00Z,22.8,76,18.4,24.5,0.0,74,1010.6,9.2,15.5,219,23.4,393.0,639.5,103.0
US_PJM_Philadelphia,2026-10-02T14:00Z,22.5,78,18.5,24.3,0.0,60,1013.0,9.0,14.2,215,22.7,396.0,684.5,89.0
US_PSCO_Denver,2026-10-02T14:00Z,9.8,75,5.6,8.4,0.0,1,846.7,1.7,3.5,152,8.3,66.0,387.7,21.0
US_SCL_Seattle,2026-10-02T14:00Z,12.1,95,11.4,11.9,0.0,64,1007.9,4.1,11.5,180,8.6,0.0,0.0,0.0
US_SOCO_Atlanta,2026-10-02T14:00Z,23.3,87,21.0,26.9,0.0,100,983.6,5.1,7.2,166,15.1,124.0,23.3,115.0
US_SWPP_KansasCity,2026-10-02T14:00Z,14.0,77,10.0,12.4,0.0,0,991.9,10.7,17.7,35,25.2,182.0,568.2,51.0
US_SWPP_OklahomaCity,2026-10-02T14:00Z,18.6,94,17.5,19.0,0.1,100,977.1,15.1,24.5,29,38.9,60.0,24.0,55.0
US_TVA_Nashville,2026-10-02T14:00Z,26.5,67,19.9,29.3,0.1,48,1000.8,6.7,9.1,291,17.3,247.0,415.4,104.0
VN_DaNang,2026-10-02T14:00Z,28.8,82,25.5,34.6,0.0,22,1013.4,8.0,14.4,160,16.9,0.0,0.0,0.0
VN_HaNoi,2026-10-02T14:00Z,29.3,80,25.4,34.3,0.0,94,1009.3,12.9,23.9,158,24.8,0.0,0.0,0.0
VN_HoChiMinh,2026-10-02T14:00Z,27.0,89,25.1,33.5,0.0,72,1012.7,2.3,5.4,124,6.1,0.0,0.0,0.0
AT_Vienna,2026-10-02T15:00Z,23.6,24,1.9,20.0,0.0,99,1007.3,12.1,18.3,140,28.4,219.0,303.1,123.0
AU_NSW1_Sydney,2026-10-02T15:00Z,19.0,80,15.4,19.9,0.0,100,1014.0,6.7,15.9,16,21.6,0.0,0.0,0.0
AU_QLD1_Brisbane,2026-10-02T15:00Z,14.7,84,12.1,14.8,0.0,5,1023.7,3.9,11.7,1,10.1,0.0,0.0,0.0
AU_SA1_Adelaide,2026-10-02T15:00Z,12.1,85,9.7,10.2,0.0,9,1021.0,12.9,22.0,183,26.6,0.0,0.0,0.0
AU_TAS1_Hobart,2026-10-02T15:00Z,9.2,94,8.3,8.7,0.0,52,1029.1,0.6,4.5,92,4.0,0.0,0.0,0.0
AU_VIC1_Melbourne,2026-10-02T15:00Z,13.2,92,11.9,11.8,1.2,91,1018.2,13.6,25.5,122,26.3,0.0,0.0,0.0
BE_Brussels,2026-10-02T15:00Z,18.8,53,9.1,18.1,0.0,77,1028.2,2.9,4.3,107,10.4,315.0,453.3,135.0
DE_Berlin,2026-10-02T15:00Z,17.6,73,12.7,17.1,0.0,100,1028.4,9.0,13.6,331,23.4,69.0,0.0,69.0
DE_Hamburg,2026-10-02T15:00Z,18.3,66,12.0,18.1,0.0,10,1030.3,5.2,7.7,301,16.6,251.0,530.3,78.0
DE_Munich,2026-10-02T15:00Z,17.5,75,13.0,17.4,0.0,100,969.7,6.5,9.3,50,19.8,144.0,49.6,126.0
ES_Madrid,2026-10-02T15:00Z,23.8,62,16.0,25.5,0.1,50,946.7,2.3,3.2,71,20.5,508.0,654.6,137.0
FR_Paris,2026-10-02T15:00Z,20.3,45,8.0,18.9,0.0,6,1024.4,5.4,7.8,68,16.2,403.0,754.8,76.0
GB_Glasgow,2026-10-02T15:00Z,15.2,90,13.5,12.7,1.3,100,1013.9,24.4,41.3,187,51.8,58.0,0.0,58.0
GB_London,2026-10-02T15:00Z,20.2,48,9.0,17.9,0.0,9,1025.8,13.8,21.4,208,34.9,376.0,699.4,80.0
GB_Manchester,2026-10-02T15:00Z,18.4,69,12.6,16.9,0.0,94,1017.1,15.9,28.6,193,39.6,131.0,0.0,131.0
NL_Amsterdam,2026-10-02T15:00Z,19.2,60,11.3,18.7,0.0,26,1029.9,6.1,9.1,210,18.7,302.0,570.0,87.0
PL_Warsaw,2026-10-02T15:00Z,18.8,48,7.5,17.0,0.0,0,1019.3,8.1,17.1,132,20.9,200.0,598.9,55.0
US_AZPS_Phoenix,2026-10-02T15:00Z,25.9,50,14.7,26.6,0.0,0,976.8,6.0,15.1,98,17.3,172.0,556.8,48.0
US_BPAT_Portland,2026-10-02T15:00Z,12.9,92,11.7,13.1,0.0,0,1013.8,1.7,1.3,45,2.9,28.0,174.7,13.0
US_CISO_LosAngeles,2026-10-02T15:00Z,22.2,71,16.7,24.1,0.0,1,1001.1,2.4,4.0,10,6.1,93.0,423.3,33.0
US_CISO_SanFrancisco,2026-10-02T15:00Z,13.9,96,13.3,14.8,0.0,100,1011.2,1.3,1.1,288,6.8,24.0,0.0,24.0
US_DUK_Charlotte,2026-10-02T15:00Z,26.2,61,18.1,27.9,0.0,0,992.5,8.3,12.2,243,24.1,551.0,804.9,85.0
US_ERCO_Dallas,2026-10-02T15:00Z,22.4,96,21.8,25.8,6.4,100,1002.0,9.2,16.7,30,18.4,27.0,0.0,27.0
US_ERCO_Houston,2026-10-02T15:00Z,26.9,85,24.1,32.2,0.0,93,1011.9,6.2,9.9,44,16.9,266.0,160.5,192.0
US_FPL_Miami,2026-10-02T15:00Z,30.0,72,24.4,33.7,0.2,98,1016.8,17.5,24.8,125,43.9,482.0,472.7,171.0
US_ISNE_Boston,2026-10-02T15:00Z,25.6,69,19.6,27.1,0.0,77,1009.1,15.5,24.3,218,36.0,554.0,794.5,88.0
US_MISO_Chicago,2026-10-02T15:00Z,16.5,74,11.7,14.4,0.0,71,991.5,17.7,26.0,10,45.4,389.0,577.3,125.0
US_MISO_Minneapolis,2026-10-02T15:00Z,9.7,73,5.2,7.8,0.0,7,997.1,4.6,7.7,335,15.5,354.0,758.1,68.0
US_NEVP_LasVegas,2026-10-02T15:00Z,23.5,39,8.6,23.0,0.0,0,945.9,0.3,2.2,81,4.0,128.0,535.3,37.0
US_NYIS_NewYork,2026-10-02T15:00Z,24.6,71,19.1,26.5,0.0,51,1010.2,9.7,15.4,214,25.6,543.0,750.8,105.0
US_PJM_Philadelphia,2026-10-02T15:00Z,24.4,72,19.1,26.4,0.0,81,1012.5,9.9,15.3,208,25.9,546.0,761.9,102.0
US_PSCO_Denver,2026-10-02T15:00Z,12.0,64,5.4,10.4,0.0,1,847.9,2.8,4.2,149,13.0,253.0,709.2,52.0
US_SCL_Seattle,2026-10-02T15:00Z,12.6,94,11.6,12.2,0.0,65,1008.2,5.6,12.1,185,10.8,22.0,96.8,14.0
US_SOCO_Atlanta,2026-10-02T15:00Z,25.0,77,20.6,28.4,0.0,100,984.0,4.5,6.1,177,16.6,258.0,77.3,215.0
US_SWPP_KansasCity,2026-10-02T15:00Z,15.2,71,9.9,13.5,0.0,0,992.5,11.2,17.2,34,28.1,374.0,739.9,72.0
US_SWPP_OklahomaCity,2026-10-02T15:00Z,18.3,90,16.7,18.5,0.0,100,977.9,14.7,24.0,31,36.7,82.0,5.0,80.0
US_TVA_Nashville,2026-10-02T15:00Z,27.1,67,20.4,29.7,0.8,80,1001.4,9.5,13.0,269,32.8,409.0,558.5,122.0
VN_DaNang,2026-10-02T15:00Z,28.2,85,25.5,34.3,0.0,10,1013.5,6.9,13.4,176,15.5,0.0,0.0,0.0
VN_HaNoi,2026-10-02T15:00Z,29.0,82,25.6,34.4,0.0,91,1009.6,11.2,21.0,168,24.8,0.0,0.0,0.0
VN_HoChiMinh,2026-10-02T15:00Z,26.9,90,25.2,33.4,0.0,87,1013.0,2.3,5.8,104,6.8,0.0,0.0,0.0
AT_Vienna,2026-10-02T16:00Z,22.1,27,2.4,18.7,0.0,100,1007.5,11.1,20.0,134,29.2,95.0,186.6,65.0
AU_NSW1_Sydney,2026-10-02T16:00Z,18.5,85,15.9,20.2,0.5,100,1013.7,1.8,7.2,37,11.9,0.0,0.0,0.0
AU_QLD1_Brisbane,2026-10-02T16:00Z,14.2,87,12.1,14.1,0.0,12,1023.3,4.9,9.0,347,10.1,0.0,0.0,0.0
AU_SA1_Adelaide,2026-10-02T16:00Z,11.7,86,9.4,9.7,0.0,5,1020.5,12.7,21.6,183,26.3,0.0,0.0,0.0
AU_TAS1_Hobart,2026-10-02T16:00Z,8.5,97,8.1,8.0,0.0,94,1029.0,0.0,3.1,80,4.3,0.0,0.0,0.0
AU_VIC1_Melbourne,2026-10-02T16:00Z,13.7,91,12.3,12.1,0.0,99,1017.5,15.6,28.3,121,32.0,0.0,0.0,0.0
BE_Brussels,2026-10-02T16:00Z,18.6,54,9.2,17.9,0.0,30,1027.9,3.1,4.8,101,10.4,202.0,448.4,82.0
DE_Berlin,2026-10-02T16:00Z,17.2,76,12.9,17.2,0.0,63,1028.5,6.4,10.7,344,20.2,40.0,17.8,37.0
DE_Hamburg,2026-10-02T16:00Z,17.8,74,13.1,18.4,0.0,13,1030.4,2.2,6.2,311,12.2,136.0,450.1,48.0
DE_Munich,2026-10-02T16:00Z,17.2,77,13.1,17.4,0.0,96,969.6,5.2,7.8,50,17.3,73.0,32.8,66.0
ES_Madrid,2026-10-02T16:00Z,22.7,63,15.3,23.8,0.0,51,946.5,4.7,6.1,56,18.0,352.0,550.0,116.0
FR_Paris,2026-10-02T16:00Z,19.9,46,8.0,18.5,0.0,73,1024.2,5.6,9.1,68,15.5,259.0,655.2,61.0
GB_Glasgow,2026-10-02T16:00Z,14.8,93,13.7,11.4,3.7,100,1013.6,31.6,52.0,199,69.1,36.0,0.0,36.0
GB_London,2026-10-02T16:00Z,19.5,50,8.8,17.2,0.0,12,1025.7,13.9,21.7,206,33.8,253.0,625.6,63.0
GB_Manchester,2026-10-02T16:00Z,18.5,67,12.3,16.7,0.0,66,1017.0,17.3,31.0,200,43.6,153.0,194.0,94.0
NL_Amsterdam,2026-10-02T16:00Z,18.6,65,11.9,18.6,0.0,23,1029.8,3.8,7.5,215,15.1,181.0,453.9,67.0
PL_Warsaw,2026-10-02T16:00Z,16.8,56,8.0,14.9,0.0,0,1019.2,9.2,21.1,128,17.6,61.0,353.7,25.0
US_AZPS_Phoenix,2026-10-02T16:00Z,28.9,40,14.0,29.1,0.0,0,977.1,7.3,11.4,101,21.2,379.0,739.2,70.0
US_BPAT_Portland,2026-10-02T16:00Z,14.8,82,11.7,15.2,0.0,0,1014.2,0.9,0.6,252,7.9,163.0,494.4,54.0
US_CISO_LosAngeles,2026-10-02T16:00Z,26.5,50,15.3,28.0,0.0,0,1001.4,1.7,4.3,15,9.7,291.0,674.1,64.0
US_CISO_SanFrancisco,2026-10-02T16:00Z,14.3,95,13.5,15.1,0.0,100,1011.8,2.3,3.1,267,9.7,99.0,3.8,98.0
US_DUK_Charlotte,2026-10-02T16:00Z,28.3,53,17.7,30.2,0.0,0,992.5,10.6,14.7,246,28.8,683.0,849.3,93.0
US_ERCO_Dallas,2026-10-02T16:00Z,22.5,96,21.9,25.9,3.3,100,1002.3,10.1,17.3,27,19.4,46.0,0.0,46.0
US_ERCO_Houston,2026-10-02T16:00Z,29.0,76,24.3,34.3,0.0,98,1012.1,6.5,9.5,51,19.4,487.0,463.7,196.0
US_FPL_Miami,2026-10-02T16:00Z,30.2,70,24.2,33.7,0.1,70,1016.6,19.3,27.0,129,46.1,570.0,428.8,234.0
US_ISNE_Boston,2026-10-02T16:00Z,26.9,66,20.1,28.8,0.0,65,1008.6,16.6,25.7,216,38.5,621.0,731.8,136.0
US_MISO_Chicago,2026-10-02T16:00Z,16.5,71,11.3,14.4,0.0,38,992.4,17.1,24.7,12,42.5,510.0,584.8,170.0
US_MISO_Minneapolis,2026-10-02T16:00Z,12.1,62,5.1,10.2,0.0,1,997.2,4.8,7.0,342,16.6,506.0,838.2,80.0
US_NEVP_LasVegas,2026-10-02T16:00Z,26.3,33,8.7,25.6,0.0,0,947.1,1.9,3.9,114,9.7,328.0,734.5,61.0
US_NYIS_NewYork,2026-10-02T16:00Z,26.2,66,19.5,28.6,0.0,88,1009.6,11.7,18.3,216,29.5,645.0,805.3,105.0
US_PJM_Philadelphia,2026-10-02T16:00Z,26.0,68,19.6,28.5,0.0,88,1011.9,11.5,17.4,210,29.2,641.0,768.0,123.0
US_PSCO_Denver,2026-10-02T16:00Z,15.1,48,4.1,13.2,0.0,0,848.7,3.6,5.1,129,16.2,446.0,844.1,65.0
US_SCL_Seattle,2026-10-02T16:00Z,13.4,92,12.1,13.3,0.0,58,1008.3,4.9,11.6,184,11.9,112.0,198.1,70.0
US_SOCO_Atlanta,2026-10-02T16:00Z,27.0,66,20.1,30.5,0.0,90,984.0,2.5,3.7,166,20.5,475.0,342.9,240.0
US_SWPP_KansasCity,2026-10-02T16:00Z,16.5,66,10.1,14.8,0.0,0,992.8,11.8,17.7,38,30.2,544.0,830.4,83.0
US_SWPP_OklahomaCity,2026-10-02T16:00Z,18.7,87,16.5,18.8,0.1,100,978.7,14.8,23.5,32,34.6,145.0,8.9,140.0
US_TVA_Nashville,2026-10-02T16:00Z,28.9,59,20.0,31.6,0.1,100,1001.5,7.1,9.5,260,28.8,492.0,435.1,211.0
VN_DaNang,2026-10-02T16:00Z,27.8,88,25.6,33.8,0.0,3,1013.1,7.5,14.1,184,14.8,0.0,0.0,0.0
VN_HaNoi,2026-10-02T16:00Z,28.7,83,25.6,34.0,0.0,96,1009.8,12.3,22.6,175,23.8,0.0,0.0,0.0
VN_HoChiMinh,2026-10-02T16:00Z,26.8,92,25.4,33.4,0.0,89,1012.9,2.4,4.7,74,5.8,0.0,0.0,0.0
AT_Vienna,2026-10-02T17:00Z,20.4,32,3.0,17.4,0.0,100,1007.5,9.4,20.5,138,24.8,8.0,17.9,7.0
AU_NSW1_Sydney,2026-10-02T17:00Z,17.9,90,16.2,19.6,0.9,100,1013.6,3.2,9.2,48,4.3,0.0,0.0,0.0
AU_QLD1_Brisbane,2026-10-02T17:00Z,13.7,91,12.3,13.8,0.0,10,1022.7,3.5,7.8,355,9.7,0.0,0.0,0.0
AU_SA1_Adelaide,2026-10-02T17:00Z,11.5,84,8.8,9.2,0.0,2,1019.8,13.8,23.5,185,27.4,0.0,0.0,0.0
AU_TAS1_Hobart,2026-10-02T17:00Z,8.2,98,7.9,7.5,0.0,100,1029.0,0.9,2.6,56,4.7,0.0,0.0,0.0
AU_VIC1_Melbourne,2026-10-02T17:00Z,14.0,90,12.4,12.3,0.0,89,1016.9,17.1,30.4,119,34.6,0.0,0.0,0.0
BE_Brussels,2026-10-02T17:00Z,17.0,69,11.3,17.0,0.0,77,1027.8,2.8,6.1,71,7.6,76.0,369.4,33.0
DE_Berlin,2026-10-02T17:00Z,16.3,82,13.2,16.6,0.0,27,1028.5,4.8,10.3,354,13.3,9.0,32.0,7.0
DE_Hamburg,2026-10-02T17:00Z,16.5,77,12.6,17.1,0.0,14,1030.4,1.6,5.7,328,4.0,27.0,167.8,14.0
DE_Munich,2026-10-02T17:00Z,16.5,82,13.3,16.6,0.0,100,969.4,5.9,12.1,41,13.0,13.0,35.9,10.0
ES_Madrid,2026-10-02T17:00Z,19.7,78,15.8,20.8,1.2,88,947.0,5.7,8.5,103,25.6,187.0,459.0,68.0
FR_Paris,2026-10-02T17:00Z,18.4,58,10.0,17.8,0.0,94,1024.0,4.4,11.7,61,13.3,99.0,346.5,48.0
GB_Glasgow,2026-10-02T17:00Z,14.8,93,13.6,11.5,1.8,99,1014.5,30.3,49.1,218,68.8,10.0,0.0,10.0
GB_London,2026-10-02T17:00Z,18.6,54,9.2,16.6,0.0,3,1025.6,11.7,20.3,202,32.4,112.0,443.9,41.0
GB_Manchester,2026-10-02T17:00Z,17.8,70,12.2,16.2,0.0,45,1017.0,15.5,29.0,200,39.6,98.0,295.4,48.0
NL_Amsterdam,2026-10-02T17:00Z,17.0,74,12.4,17.6,0.0,27,1029.9,1.3,7.0,224,7.2,60.0,290.1,29.0
PL_Warsaw,2026-10-02T17:00Z,15.4,61,8.0,13.4,0.0,0,1019.2,10.2,23.5,134,19.8,0.0,0.0,0.0
US_AZPS_Phoenix,2026-10-02T17:00Z,31.5,29,11.4,30.2,0.0,0,977.0,12.4,18.6,98,33.1,565.0,829.4,82.0
US_BPAT_Portland,2026-10-02T17:00Z,16.8,73,12.0,17.1,0.0,0,1014.2,1.8,2.3,315,10.4,332.0,696.1,69.0
US_CISO_LosAngeles,2026-10-02T17:00Z,31.0,33,12.8,31.7,0.0,0,1001.7,1.0,1.3,16,11.2,490.0,801.4,78.0
US_CISO_SanFrancisco,2026-10-02T17:00Z,15.9,86,13.6,16.5,0.0,99,1012.2,3.4,4.5,268,15.8,215.0,40.8,197.0
US_DUK_Charlotte,2026-10-02T17:00Z,29.5,48,17.5,31.7,0.0,0,991.8,11.0,15.0,241,30.2,756.0,867.9,96.0
US_ERCO_Dallas,2026-10-02T17:00Z,22.8,95,22.0,26.1,1.2,92,1002.2,10.4,16.6,32,22.7,110.0,0.0,110.0
US_ERCO_Houston,2026-10-02T17:00Z,29.8,72,24.2,35.0,0.0,83,1011.8,7.0,9.9,63,20.5,496.0,237.6,318.0
US_FPL_Miami,2026-10-02T17:00Z,30.6,68,24.1,35.1,0.2,56,1016.1,18.2,25.5,132,45.4,772.0,702.8,172.0
US_ISNE_Boston,2026-10-02T17:00Z,28.0,63,20.3,29.8,0.0,56,1007.5,18.7,28.8,214,42.5,652.0,760.1,127.0
US_MISO_Chicago,2026-10-02T17:00Z,16.2,67,10.1,14.3,0.0,6,992.6,17.3,25.0,9,42.8,658.0,819.2,115.0
US_MISO_Minneapolis,2026-10-02T17:00Z,13.6,51,3.6,12.0,0.0,0,997.0,3.8,5.2,331,16.6,617.0,887.9,83.0
US_NEVP_LasVegas,2026-10-02T17:00Z,28.9,29,9.0,28.1,0.0,0,947.9,3.6,5.0,103,14.4,516.0,836.5,73.0
US_NYIS_NewYork,2026-10-02T17:00Z,27.4,62,19.6,29.8,0.0,89,1009.1,13.2,20.7,229,32.8,679.0,775.6,129.0
US_PJM_Philadelphia,2026-10-02T17:00Z,27.2,64,19.7,29.6,0.0,93,1011.4,12.6,19.0,218,31.3,663.0,678.9,176.0
US_PSCO_Denver,2026-10-02T17:00Z,18.6,35,2.9,16.9,0.0,0,849.1,2.8,4.3,114,16.9,608.0,915.2,72.0
US_SCL_Seattle,2026-10-02T17:00Z,14.5,86,12.3,14.6,0.0,54,1008.8,4.0,10.0,187,12.6,195.0,226.0,113.0
US_SOCO_Atlanta,2026-10-02T17:00Z,28.3,60,19.8,31.6,0.1,34,983.4,3.8,5.2,174,19.8,576.0,388.2,279.0
US_SWPP_KansasCity,2026-10-02T17:00Z,17.8,61,10.2,16.8,0.0,0,992.7,11.6,17.1,41,30.6,671.0,878.4,90.0
US_SWPP_OklahomaCity,2026-10-02T17:00Z,18.9,85,16.4,18.8,0.1,100,978.7,15.7,24.9,28,36.0,116.0,0.0,116.0
US_TVA_Nashville,2026-10-02T17:00Z,29.2,57,19.9,32.0,0.0,40,1000.8,6.5,8.7,246,29.2,448.0,249.0,266.0
VN_DaNang,2026-10-02T17:00Z,27.3,90,25.5,33.6,0.0,1,1012.6,5.0,11.4,187,14.8,0.0,0.0,0.0
VN_HaNoi,2026-10-02T17:00Z,28.4,85,25.6,33.7,0.0,96,1009.3,12.0,22.2,169,24.1,0.0,0.0,0.0
VN_HoChiMinh,2026-10-02T17:00Z,26.3,95,25.5,32.7,0.0,97,1012.5,4.8,7.8,58,10.8,0.0,0.0,0.0
AT_Vienna,2026-10-02T18:00Z,19.5,33,2.9,16.6,0.0,69,1007.7,8.9,20.7,149,20.2,0.0,0.0,0.0
AU_NSW1_Sydney,2026-10-02T18:00Z,17.6,91,16.1,19.6,0.4,100,1014.1,0.4,3.0,73,7.6,0.0,0.0,0.0
AU_QLD1_Brisbane,2026-10-02T18:00Z,12.6,96,12.0,12.8,0.0,5,1023.1,2.8,5.7,349,7.2,0.0,0.0,0.0
AU_SA1_Adelaide,2026-10-02T18:00Z,10.5,86,8.3,8.1,0.0,0,1019.8,13.9,24.5,178,27.4,0.0,0.0,0.0
AU_TAS1_Hobart,2026-10-02T18:00Z,7.9,100,7.9,7.2,0.1,100,1028.7,0.7,2.7,48,5.4,0.0,0.0,0.0
AU_VIC1_Melbourne,2026-10-02T18:00Z,14.1,93,13.0,12.5,2.0,95,1016.5,17.2,30.7,122,37.4,0.0,0.0,0.0
BE_Brussels,2026-10-02T18:00Z,15.3,74,10.8,15.1,0.0,87,1028.1,3.3,7.8,67,6.8,2.0,0.0,2.0
DE_Berlin,2026-10-02T18:00Z,15.3,87,13.1,15.7,0.0,86,1028.9,3.9,10.3,12,9.0,0.0,0.0,0.0
DE_Hamburg,2026-10-02T18:00Z,15.6,80,12.2,15.9,0.0,27,1030.7,2.1,5.0,347,3.2,0.0,0.0,0.0
DE_Munich,2026-10-02T18:00Z,16.6,81,13.4,16.6,0.0,93,969.1,6.7,14.6,44,12.2,0.0,0.0,0.0
ES_Madrid,2026-10-02T18:00Z,19.6,87,17.3,20.7,0.6,39,946.1,10.4,20.4,74,14.8,28.0,87.1,19.0
FR_Paris,2026-10-02T18:00Z,17.4,60,9.6,16.3,0.0,99,1024.0,6.3,15.3,42,10.4,6.0,19.1,5.0
GB_Glasgow,2026-10-02T18:00Z,13.9,86,11.5,11.2,0.1,13,1015.4,21.5,37.0,232,60.1,8.0,14.9,7.0
GB_London,2026-10-02T18:00Z,17.5,60,9.6,15.9,0.0,59,1025.7,10.2,20.3,198,25.9,11.0,87.2,6.0
GB_Manchester,2026-10-02T18:00Z,17.2,70,11.7,15.4,0.0,37,1016.9,16.0,30.5,200,36.4,13.0,78.7,8.0
NL_Amsterdam,2026-10-02T18:00Z,15.3,84,12.6,15.5,0.0,0,1030.1,3.8,10.9,253,2.9,1.0,0.0,1.0
PL_Warsaw,2026-10-02T18:00Z,14.2,62,7.0,11.9,0.0,0,1019.1,10.3,23.8,145,20.2,0.0,0.0,0.0
US_AZPS_Phoenix,2026-10-02T18:00Z,33.0,26,10.8,31.9,0.0,0,976.7,15.0,21.8,87,37.8,706.0,875.9,89.0
US_BPAT_Portland,2026-10-02T18:00Z,18.4,68,12.4,18.6,0.0,4,1014.7,4.0,5.5,337,15.8,476.0,784.3,79.0
US_CISO_LosAngeles,2026-10-02T18:00Z,34.7,21,9.5,35.1,0.0,0,1001.5,0.9,1.8,101,12.6,652.0,864.1,87.0
US_CISO_SanFrancisco,2026-10-02T18:00Z,17.3,80,13.9,18.0,0.0,80,1012.1,3.7,5.1,54,14.4,416.0,310.8,234.0
US_DUK_Charlotte,2026-10-02T18:00Z,30.7,44,17.0,33.0,0.0,20,991.8,9.3,12.6,251,29.9,767.0,866.8,98.0
US_ERCO_Dallas,2026-10-02T18:00Z,25.8,76,21.4,28.5,0.5,74,1002.1,12.7,18.2,20,30.2,378.0,120.0,284.0
US_ERCO_Houston,2026-10-02T18:00Z,30.9,64,23.4,36.8,0.0,98,1011.2,4.9,6.5,66,20.5,709.0,578.8,236.0
US_FPL_Miami,2026-10-02T18:00Z,30.8,69,24.5,36.2,0.0,100,1015.8,15.5,21.3,133,43.6,802.0,730.5,171.0
US_ISNE_Boston,2026-10-02T18:00Z,28.8,60,20.2,30.6,0.0,95,1007.1,18.0,27.9,221,45.7,626.0,746.4,127.0
US_MISO_Chicago,2026-10-02T18:00Z,16.8,59,8.9,15.2,0.0,0,993.1,14.7,20.9,7,42.5,709.0,867.7,105.0
US_MISO_Minneapolis,2026-10-02T18:00Z,15.3,40,1.8,13.7,0.0,0,997.0,3.4,4.2,301,16.2,676.0,907.2,86.0
US_NEVP_LasVegas,2026-10-02T18:00Z,30.8,26,8.8,30.2,0.0,0,947.9,6.2,8.5,92,19.4,665.0,889.0,81.0
US_NYIS_NewYork,2026-10-02T18:00Z,28.6,58,19.4,30.5,0.0,97,1008.4,14.3,21.9,223,35.3,635.0,687.8,156.0
US_PJM_Philadelphia,2026-10-02T18:00Z,28.8,55,19.0,30.7,0.0,94,1010.8,13.7,20.4,221,33.5,666.0,731.3,148.0
US_PSCO_Denver,2026-10-02T18:00Z,22.9,26,2.3,21.9,0.0,0,849.4,2.2,3.0,73,17.3,721.0,953.9,75.0
US_SCL_Seattle,2026-10-02T18:00Z,16.8,80,13.3,16.8,0.0,25,1009.3,6.7,10.5,176,14.4,314.0,327.4,155.0
US_SOCO_Atlanta,2026-10-02T18:00Z,28.8,59,19.9,33.1,0.0,100,983.3,4.0,5.6,182,20.9,721.0,718.9,153.0
US_SWPP_KansasCity,2026-10-02T18:00Z,19.8,46,7.8,18.7,0.0,0,992.9,11.0,16.0,41,30.2,741.0,900.3,93.0
US_SWPP_OklahomaCity,2026-10-02T18:00Z,20.0,80,16.4,19.7,0.0,100,978.8,17.0,26.5,27,39.2,251.0,11.9,242.0
US_TVA_Nashville,2026-10-02T18:00Z,24.4,90,22.7,29.5,0.0,100,1001.2,9.2,12.7,207,28.1,754.0,835.3,116.0
VN_DaNang,2026-10-02T18:00Z,27.1,93,25.9,33.7,0.0,2,1012.3,4.8,9.9,179,9.7,0.0,0.0,0.0
VN_HaNoi,2026-10-02T18:00Z,28.3,88,26.1,34.2,0.0,57,1009.0,10.2,18.3,159,23.4,0.0,0.0,0.0
VN_HoChiMinh,2026-10-02T18:00Z,25.9,99,25.7,32.5,0.0,98,1011.7,4.0,6.0,39,11.5,0.0,0.0,0.0
AT_Vienna,2026-10-02T19:00Z,18.5,37,3.6,15.8,0.0,48,1007.7,7.6,19.3,160,18.4,0.0,0.0,0.0
AU_NSW1_Sydney,2026-10-02T19:00Z,17.5,92,16.2,19.5,1.5,100,1014.3,0.2,3.1,77,1.1,0.0,0.0,0.0
AU_QLD1_Brisbane,2026-10-02T19:00Z,12.2,99,12.1,12.3,0.0,99,1023.7,4.0,3.9,307,8.6,0.0,0.0,0.0
AU_SA1_Adelaide,2026-10-02T19:00Z,10.5,84,8.0,8.1,0.0,4,1019.8,13.3,24.0,175,28.4,0.0,0.0,0.0
AU_TAS1_Hobart,2026-10-02T19:00Z,8.3,100,8.3,7.6,0.0,99,1028.8,2.0,4.3,2,5.8,0.0,0.0,0.0
AU_VIC1_Melbourne,2026-10-02T19:00Z,13.9,94,12.9,12.1,1.3,98,1016.6,18.5,33.0,120,36.4,0.0,0.0,0.0
BE_Brussels,2026-10-02T19:00Z,14.9,76,10.6,14.5,0.0,91,1027.9,4.0,10.4,73,7.6,0.0,0.0,0.0
DE_Berlin,2026-10-02T19:00Z,15.0,89,13.1,15.5,0.0,98,1028.7,3.1,8.1,21,7.2,0.0,0.0,0.0
DE_Hamburg,2026-10-02T19:00Z,14.8,84,12.1,15.2,0.0,11,1030.7,1.7,5.3,350,3.6,0.0,0.0,0.0
DE_Munich,2026-10-02T19:00Z,15.9,84,13.2,16.0,0.0,63,968.8,6.6,16.1,50,13.0,0.0,0.0,0.0
ES_Madrid,2026-10-02T19:00Z,18.4,86,16.0,19.0,0.4,59,946.7,9.8,16.8,41,23.4,0.0,0.0,0.0
FR_Paris,2026-10-02T19:00Z,16.3,65,9.8,15.2,0.0,99,1023.9,7.0,17.6,36,14.0,0.0,0.0,0.0
GB_Glasgow,2026-10-02T19:00Z,12.9,85,10.5,10.5,0.1,17,1016.4,17.3,31.2,236,43.9,0.0,0.0,0.0
GB_London,2026-10-02T19:00Z,16.6,65,10.1,15.2,0.0,98,1025.8,10.1,20.1,197,22.3,0.0,0.0,0.0
GB_Manchester,2026-10-02T19:00Z,16.7,70,11.3,14.6,0.0,26,1016.8,16.9,31.9,199,38.2,0.0,0.0,0.0
NL_Amsterdam,2026-10-02T19:00Z,14.5,88,12.4,14.7,0.0,0,1030.0,3.3,10.1,266,7.2,0.0,0.0,0.0
PL_Warsaw,2026-10-02T19:00Z,13.5,64,6.8,11.0,0.0,0,1018.9,11.3,25.3,148,22.0,0.0,0.0,0.0
US_AZPS_Phoenix,2026-10-02T19:00Z,34.0,22,9.2,33.0,0.0,0,975.9,14.2,20.8,86,40.0,792.0,899.4,94.0
US_BPAT_Portland,2026-10-02T19:00Z,20.1,62,12.6,20.6,0.0,20,1014.4,3.6,4.8,335,16.2,578.0,824.3,86.0
US_CISO_LosAngeles,2026-10-02T19:00Z,38.0,15,7.2,38.1,0.0,0,1000.9,3.3,4.6,135,16.2,761.0,897.6,91.0
US_CISO_SanFrancisco,2026-10-02T19:00Z,20.9,64,13.8,22.2,0.0,72,1011.7,1.9,3.1,36,17.6,614.0,571.9,221.0
US_DUK_Charlotte,2026-10-02T19:00Z,30.8,44,17.0,32.7,0.1,12,990.6,8.8,11.9,255,27.7,686.0,794.0,108.0
US_ERCO_Dallas,2026-10-02T19:00Z,26.3,74,21.3,29.7,0.0,100,1001.6,12.3,17.7,24,31.7,663.0,530.8,239.0
US_ERCO_Houston,2026-10-02T19:00Z,28.5,75,23.7,34.4,1.9,88,1010.8,2.9,4.3,73,16.9,615.0,402.4,282.0
US_FPL_Miami,2026-10-02T19:00Z,30.6,70,24.5,35.8,0.0,96,1015.0,14.0,19.3,129,36.7,714.0,558.4,260.0
US_ISNE_Boston,2026-10-02T19:00Z,28.8,60,20.4,30.3,0.1,96,1006.7,18.1,28.8,226,41.4,476.0,475.1,192.0
US_MISO_Chicago,2026-10-02T19:00Z,16.7,56,7.9,15.0,0.0,0,992.8,13.4,18.8,13,36.0,699.0,895.6,91.0
US_MISO_Minneapolis,2026-10-02T19:00Z,15.8,40,2.1,14.2,0.0,6,996.4,4.3,5.7,283,16.2,679.0,911.3,85.0
US_NEVP_LasVegas,2026-10-02T19:00Z,32.8,23,8.8,32.7,0.0,0,947.4,7.0,9.4,88,22.3,761.0,916.1,86.0
US_NYIS_NewYork,2026-10-02T19:00Z,28.8,58,19.6,30.4,0.0,96,1007.8,14.6,23.0,226,34.6,572.0,653.8,158.0
US_PJM_Philadelphia,2026-10-02T19:00Z,28.9,54,18.6,30.2,0.0,91,1010.2,14.4,21.8,223,34.2,598.0,708.1,139.0
US_PSCO_Denver,2026-10-02T19:00Z,25.9,21,2.0,25.0,0.0,0,849.2,3.5,5.0,69,18.4,772.0,964.4,78.0
US_SCL_Seattle,2026-10-02T19:00Z,17.9,80,14.4,19.0,0.0,38,1009.9,2.6,4.3,178,16.9,453.0,531.5,149.0
US_SOCO_Atlanta,2026-10-02T19:00Z,28.8,58,19.8,31.7,0.2,83,981.8,5.2,7.1,196,18.4,354.0,89.6,286.0
US_SWPP_KansasCity,2026-10-02T19:00Z,20.2,42,6.8,18.9,0.0,0,992.3,11.4,16.4,42,29.5,752.0,908.9,92.0
US_SWPP_OklahomaCity,2026-10-02T19:00Z,20.0,80,16.5,19.9,0.1,100,978.6,15.8,24.1,21,38.9,279.0,32.4,254.0
US_TVA_Nashville,2026-10-02T19:00Z,24.1,90,22.3,28.0,2.4,90,1000.3,8.2,11.4,347,21.2,175.0,0.0,175.0
VN_DaNang,2026-10-02T19:00Z,26.4,97,25.8,33.1,0.0,2,1012.0,4.2,9.5,179,9.0,0.0,0.0,0.0
VN_HaNoi,2026-10-02T19:00Z,28.0,89,26.0,33.7,0.0,39,1008.5,11.0,19.7,155,21.2,0.0,0.0,0.0
VN_HoChiMinh,2026-10-02T19:00Z,25.6,98,25.2,31.9,0.0,100,1011.1,3.9,7.0,67,9.7,0.0,0.0,0.0
AT_Vienna,2026-10-02T20:00Z,17.5,41,4.0,15.2,0.0,70,1007.7,6.3,17.4,164,15.5,0.0,0.0,0.0
AU_NSW1_Sydney,2026-10-02T20:00Z,17.4,94,16.5,19.1,0.9,100,1014.6,3.7,9.7,59,5.4,1.0,0.0,1.0
AU_QLD1_Brisbane,2026-10-02T20:00Z,12.3,100,12.2,12.3,0.0,97,1024.3,4.6,2.2,256,9.4,16.0,72.5,10.0
AU_SA1_Adelaide,2026-10-02T20:00Z,10.7,82,7.7,8.4,0.0,6,1019.6,11.8,22.2,183,27.0,0.0,0.0,0.0
AU_TAS1_Hobart,2026-10-02T20:00Z,8.1,100,8.1,7.1,0.0,100,1028.9,3.3,5.8,7,7.9,2.0,0.0,2.0
AU_VIC1_Melbourne,2026-10-02T20:00Z,13.9,93,12.7,11.9,2.9,90,1017.0,19.5,34.2,123,39.6,0.0,0.0,0.0
BE_Brussels,2026-10-02T20:00Z,14.3,78,10.6,13.8,0.0,88,1027.9,4.5,11.8,74,9.0,0.0,0.0,0.0
DE_Berlin,2026-10-02T20:00Z,14.5,91,13.0,15.0,0.0,95,1028.8,2.6,7.0,23,5.8,0.0,0.0,0.0
DE_Hamburg,2026-10-02T20:00Z,14.1,88,12.1,14.6,0.0,8,1030.7,1.3,5.4,6,3.6,0.0,0.0,0.0
DE_Munich,2026-10-02T20:00Z,14.9,90,13.2,14.8,0.0,89,968.7,7.1,17.1,62,13.7,0.0,0.0,0.0
ES_Madrid,2026-10-02T20:00Z,16.8,94,15.9,17.7,3.1,97,946.9,6.9,11.9,56,24.1,0.0,0.0,0.0
FR_Paris,2026-10-02T20:00Z,15.4,67,9.2,14.1,0.0,99,1023.9,6.9,18.6,43,14.0,0.0,0.0,0.0
GB_Glasgow,2026-10-02T20:00Z,12.4,84,9.8,10.1,0.1,4,1016.9,15.3,28.2,246,35.6,0.0,0.0,0.0
GB_London,2026-10-02T20:00Z,15.9,70,10.3,14.5,0.0,100,1025.9,9.9,20.2,199,21.6,0.0,0.0,0.0
GB_Manchester,2026-10-02T20:00Z,16.2,73,11.3,14.0,0.0,63,1016.5,17.6,32.9,196,39.6,0.0,0.0,0.0
NL_Amsterdam,2026-10-02T20:00Z,13.9,91,12.4,14.4,0.0,1,1030.0,1.4,8.1,266,6.1,0.0,0.0,0.0
PL_Warsaw,2026-10-02T20:00Z,12.8,66,6.5,10.3,0.0,0,1018.9,10.8,24.8,151,22.7,0.0,0.0,0.0
US_AZPS_Phoenix,2026-10-02T20:00Z,34.5,22,9.6,33.7,0.0,0,975.1,14.1,20.3,92,39.2,813.0,908.8,93.0
US_BPAT_Portland,2026-10-02T20:00Z,21.8,57,12.9,22.2,0.0,5,1014.7,6.7,9.2,340,22.3,633.0,842.2,91.0
US_CISO_LosAngeles,2026-10-02T20:00Z,39.2,15,7.6,39.4,0.0,0,1000.0,5.4,7.1,187,20.2,808.0,910.1,93.0
US_CISO_SanFrancisco,2026-10-02T20:00Z,24.3,51,13.6,26.1,0.0,96,1011.3,3.6,4.5,284,18.0,732.0,788.8,149.0
US_DUK_Charlotte,2026-10-02T20:00Z,30.6,44,16.9,32.0,0.1,3,989.9,7.7,10.3,239,25.9,575.0,759.7,95.0
US_ERCO_Dallas,2026-10-02T20:00Z,25.5,76,21.0,28.0,0.0,66,1000.6,12.4,18.9,28,31.3,286.0,42.2,254.0
US_ERCO_Houston,2026-10-02T20:00Z,29.9,72,24.3,35.6,1.0,13,1009.3,3.8,5.3,348,15.8,476.0,311.9,233.0
US_FPL_Miami,2026-10-02T20:00Z,30.2,71,24.4,34.6,0.0,100,1014.2,13.4,18.7,126,34.6,574.0,442.6,262.0
US_ISNE_Boston,2026-10-02T20:00Z,26.2,70,20.2,28.0,0.9,81,1007.4,15.1,27.0,263,48.6,307.0,308.4,158.0
US_MISO_Chicago,2026-10-02T20:00Z,16.4,58,8.2,14.5,0.0,0,992.3,12.4,17.8,23,33.8,625.0,880.3,86.0
US_MISO_Minneapolis,2026-10-02T20:00Z,16.2,39,2.2,14.3,0.0,38,995.7,3.8,5.3,278,16.2,623.0,895.0,81.0
US_NEVP_LasVegas,2026-10-02T20:00Z,34.2,20,8.3,34.4,0.0,0,946.8,5.8,7.4,94,22.3,794.0,925.7,87.0
US_NYIS_NewYork,2026-10-02T20:00Z,28.8,58,19.8,30.5,0.0,94,1007.6,13.8,22.2,232,34.2,476.0,690.9,114.0
US_PJM_Philadelphia,2026-10-02T20:00Z,28.5,56,18.8,29.7,0.0,90,1009.8,14.3,22.4,224,33.8,467.0,589.7,148.0
US_PSCO_Denver,2026-10-02T20:00Z,27.9,17,0.5,26.8,0.0,0,848.5,3.0,4.5,74,18.4,759.0,960.4,77.0
US_SCL_Seattle,2026-10-02T20:00Z,19.1,78,15.1,20.3,0.0,59,1009.5,3.2,5.2,164,13.7,480.0,513.0,164.0
US_SOCO_Atlanta,2026-10-02T20:00Z,29.9,55,19.9,33.3,0.1,26,980.7,3.5,4.5,214,20.5,582.0,638.7,152.0
US_SWPP_KansasCity,2026-10-02T20:00Z,20.4,40,6.5,18.6,0.0,0,991.4,11.7,17.0,39,29.2,698.0,895.3,89.0
US_SWPP_OklahomaCity,2026-10-02T20:00Z,19.7,79,15.9,19.3,0.0,100,977.9,15.9,24.5,20,37.8,287.0,51.8,249.0
US_TVA_Nashville,2026-10-02T20:00Z,24.7,86,22.3,29.2,2.0,97,1000.5,3.7,4.7,313,23.4,363.0,259.5,190.0
VN_DaNang,2026-10-02T20:00Z,25.9,99,25.7,32.3,0.0,5,1011.4,4.9,10.0,173,9.0,0.0,0.0,0.0
VN_HaNoi,2026-10-02T20:00Z,27.7,90,25.9,33.4,0.0,42,1008.0,11.5,20.2,148,22.3,0.0,0.0,0.0
VN_HoChiMinh,2026-10-02T20:00Z,25.6,97,25.1,31.9,0.0,99,1011.0,3.5,6.8,90,9.0,0.0,0.0,0.0
AT_Vienna,2026-10-02T21:00Z,16.5,44,4.4,14.4,0.0,55,1007.7,5.2,15.9,166,13.0,0.0,0.0,0.0
AU_NSW1_Sydney,2026-10-02T21:00Z,18.0,95,17.3,19.5,0.9,100,1014.8,7.5,15.3,49,12.2,27.0,0.0,27.0
AU_QLD1_Brisbane,2026-10-02T21:00Z,15.6,85,13.1,16.2,0.0,7,1024.4,2.4,1.6,117,10.4,169.0,446.5,65.0
AU_SA1_Adelaide,2026-10-02T21:00Z,11.7,78,8.0,9.4,0.0,55,1020.4,12.4,21.8,193,24.1,21.0,129.2,10.0
AU_TAS1_Hobart,2026-10-02T21:00Z,9.0,99,8.8,8.4,0.0,100,1029.2,1.9,4.6,26,8.3,69.0,134.4,50.0
AU_VIC1_Melbourne,2026-10-02T21:00Z,14.0,91,12.5,12.0,0.2,100,1017.4,18.6,32.0,119,39.2,48.0,133.0,31.0
BE_Brussels,2026-10-02T21:00Z,14.0,78,10.1,13.3,0.0,74,1027.9,4.5,12.0,81,9.0,0.0,0.0,0.0
DE_Berlin,2026-10-02T21:00Z,14.4,92,13.1,15.1,0.0,98,1028.8,1.5,6.3,31,4.7,0.0,0.0,0.0
DE_Hamburg,2026-10-02T21:00Z,13.6,90,12.0,14.0,0.0,7,1030.7,1.4,5.6,33,3.6,0.0,0.0,0.0
DE_Munich,2026-10-02T21:00Z,14.3,92,13.0,14.3,0.0,84,968.6,6.5,16.3,64,14.0,0.0,0.0,0.0
ES_Madrid,2026-10-02T21:00Z,17.1,94,16.1,17.3,1.2,60,947.2,13.0,23.1,38,23.8,0.0,0.0,0.0
FR_Paris,2026-10-02T21:00Z,14.8,68,8.9,13.6,0.0,94,1023.9,6.1,17.4,46,13.7,0.0,0.0,0.0
GB_Glasgow,2026-10-02T21:00Z,11.8,82,8.8,9.1,0.0,5,1017.2,15.6,29.1,245,32.4,0.0,0.0,0.0
GB_London,2026-10-02T21:00Z,15.3,73,10.4,14.0,0.0,98,1026.0,9.3,19.6,202,20.2,0.0,0.0,0.0
GB_Manchester,2026-10-02T21:00Z,15.8,76,11.6,13.8,0.0,55,1016.8,17.2,32.3,198,39.2,0.0,0.0,0.0
NL_Amsterdam,2026-10-02T21:00Z,13.3,95,12.4,13.9,0.0,14,1029.8,1.0,5.8,236,2.9,0.0,0.0,0.0
PL_Warsaw,2026-10-02T21:00Z,11.9,69,6.4,9.5,0.0,0,1018.9,10.1,23.0,160,21.2,0.0,0.0,0.0
US_AZPS_Phoenix,2026-10-02T21:00Z,34.5,22,9.6,33.6,0.0,0,974.2,13.6,19.5,106,39.2,767.0,899.0,91.0
US_BPAT_Portland,2026-10-02T21:00Z,22.9,54,13.0,23.6,0.0,18,1014.2,4.7,6.2,352,22.3,627.0,833.4,91.0
US_CISO_LosAngeles,2026-10-02T21:00Z,39.9,14,7.4,39.8,0.0,0,999.1,5.9,7.4,225,20.5,786.0,900.2,94.0
US_CISO_SanFrancisco,2026-10-02T21:00Z,25.0,49,13.4,25.3,0.0,100,1010.8,9.6,10.7,277,27.4,656.0,543.4,255.0
US_DUK_Charlotte,2026-10-02T21:00Z,30.7,44,16.9,32.1,0.0,23,989.1,6.9,9.2,223,22.7,434.0,708.2,87.0
US_ERCO_Dallas,2026-10-02T21:00Z,26.0,74,21.0,28.4,0.0,84,1000.3,13.5,19.9,20,33.1,457.0,424.5,176.0
US_ERCO_Houston,2026-10-02T21:00Z,30.0,70,23.9,35.3,0.1,32,1009.3,5.5,8.2,32,22.3,558.0,645.8,122.0
US_FPL_Miami,2026-10-02T21:00Z,29.9,72,24.3,34.3,0.0,100,1014.2,12.4,17.5,119,32.4,396.0,347.6,206.0
US_ISNE_Boston,2026-10-02T21:00Z,26.1,68,19.7,27.7,0.0,53,1007.9,14.5,25.6,260,33.5,204.0,330.7,94.0
US_MISO_Chicago,2026-10-02T21:00Z,16.0,59,8.0,13.8,0.0,0,992.3,11.5,16.5,33,31.7,497.0,836.3,78.0
US_MISO_Minneapolis,2026-10-02T21:00Z,16.2,39,2.3,14.1,0.0,9,994.7,2.2,3.1,306,14.8,517.0,858.4,75.0
US_NEVP_LasVegas,2026-10-02T21:00Z,35.1,19,7.8,34.9,0.0,0,945.8,6.2,7.9,101,21.2,761.0,918.6,85.0
US_NYIS_NewYork,2026-10-02T21:00Z,26.0,71,20.4,28.4,0.4,82,1008.6,11.4,20.6,282,32.4,209.0,239.4,119.0
US_PJM_Philadelphia,2026-10-02T21:00Z,27.7,61,19.4,29.3,0.0,84,1010.2,12.9,22.6,232,32.4,267.0,347.8,130.0
US_PSCO_Denver,2026-10-02T21:00Z,28.7,16,0.0,27.0,0.0,1,847.7,3.1,4.6,103,17.3,684.0,939.5,74.0
US_SCL_Seattle,2026-10-02T21:00Z,20.0,73,15.0,20.9,0.0,62,1009.5,5.0,7.7,208,15.5,479.0,532.1,152.0
US_SOCO_Atlanta,2026-10-02T21:00Z,29.8,55,19.7,32.8,0.0,91,980.6,4.2,5.4,195,16.6,451.0,615.7,119.0
US_SWPP_KansasCity,2026-10-02T21:00Z,20.2,41,6.7,17.9,0.0,0,990.9,11.6,17.2,37,29.5,585.0,858.1,83.0
US_SWPP_OklahomaCity,2026-10-02T21:00Z,20.5,74,15.8,20.1,0.0,100,977.3,16.5,25.2,26,39.6,310.0,63.8,269.0
US_TVA_Nashville,2026-10-02T21:00Z,23.6,91,22.1,28.2,3.4,100,1000.3,2.4,3.3,13,16.6,140.0,33.1,122.0
VN_DaNang,2026-10-02T21:00Z,25.6,99,25.5,31.9,0.0,100,1011.3,5.0,9.2,182,9.4,0.0,0.0,0.0
VN_HaNoi,2026-10-02T21:00Z,27.5,91,25.9,33.2,0.0,38,1007.9,11.2,19.9,142,22.3,0.0,0.0,0.0
VN_HoChiMinh,2026-10-02T21:00Z,25.7,96,25.1,32.1,0.0,98,1010.8,2.4,6.0,117,7.9,0.0,0.0,0.0
AT_Vienna,2026-10-02T22:00Z,15.5,48,4.6,13.5,0.0,54,1007.8,4.6,15.2,164,10.8,0.0,0.0,0.0
AU_NSW1_Sydney,2026-10-02T22:00Z,18.8,94,17.7,19.8,0.5,100,1014.9,11.5,20.1,37,22.0,122.0,4.9,120.0
AU_QLD1_Brisbane,2026-10-02T22:00Z,19.4,68,13.3,20.2,0.0,1,1024.5,1.7,2.4,77,11.5,408.0,711.0,89.0
AU_SA1_Adelaide,2026-10-02T22:00Z,13.3,75,9.0,11.3,0.0,100,1021.4,12.5,19.3,211,29.5,141.0,314.0,68.0
AU_TAS1_Hobart,2026-10-02T22:00Z,11.0,83,8.3,10.3,0.0,100,1029.3,1.4,3.7,23,10.1,191.0,199.7,126.0
AU_VIC1_Melbourne,2026-10-02T22:00Z,14.8,89,13.0,14.4,0.3,100,1018.1,8.6,14.9,120,37.8,182.0,282.0,94.0
BE_Brussels,2026-10-02T22:00Z,13.7,77,9.7,12.8,0.0,13,1027.7,5.3,13.6,75,10.8,0.0,0.0,0.0
DE_Berlin,2026-10-02T22:00Z,14.3,93,13.2,15.2,0.0,100,1028.9,1.0,4.8,37,2.2,0.0,0.0,0.0
DE_Hamburg,2026-10-02T22:00Z,13.3,91,11.9,13.7,0.0,12,1030.6,1.3,5.0,64,3.6,0.0,0.0,0.0
DE_Munich,2026-10-02T22:00Z,13.8,93,12.7,14.0,0.0,99,968.6,4.1,13.0,59,12.6,0.0,0.0,0.0
ES_Madrid,2026-10-02T22:00Z,16.0,96,15.4,16.0,0.5,53,947.6,12.6,22.6,29,31.7,0.0,0.0,0.0
FR_Paris,2026-10-02T22:00Z,13.9,72,9.0,12.9,0.0,29,1024.0,5.2,15.5,43,11.9,0.0,0.0,0.0
GB_Glasgow,2026-10-02T22:00Z,11.3,82,8.3,8.7,0.0,17,1018.2,14.8,28.0,245,32.4,0.0,0.0,0.0
GB_London,2026-10-02T22:00Z,14.8,75,10.4,13.6,0.0,100,1026.0,8.6,18.8,207,18.7,0.0,0.0,0.0
GB_Manchester,2026-10-02T22:00Z,15.4,80,12.0,13.4,0.0,74,1016.6,18.0,33.7,195,40.3,0.0,0.0,0.0
NL_Amsterdam,2026-10-02T22:00Z,12.7,98,12.4,13.2,0.0,88,1029.6,1.5,6.3,200,4.0,0.0,0.0,0.0
PL_Warsaw,2026-10-02T22:00Z,11.2,73,6.4,8.8,0.0,1,1019.0,9.6,22.2,166,19.4,0.0,0.0,0.0
US_AZPS_Phoenix,2026-10-02T22:00Z,34.7,22,9.6,33.1,0.0,0,973.5,13.9,20.3,109,37.8,657.0,868.0,86.0
US_BPAT_Portland,2026-10-02T22:00Z,23.6,52,13.1,24.2,0.0,31,1013.4,2.9,3.6,354,18.0,573.0,816.0,87.0
US_CISO_LosAngeles,2026-10-02T22:00Z,39.5,16,8.7,38.5,0.0,0,998.3,10.0,13.5,234,27.4,700.0,874.0,91.0
US_CISO_SanFrancisco,2026-10-02T22:00Z,22.6,57,13.6,21.7,0.0,99,1010.3,13.6,15.2,265,32.0,489.0,264.8,308.0
US_DUK_Charlotte,2026-10-02T22:00Z,30.2,45,16.9,31.3,0.0,57,989.0,8.6,12.0,210,20.2,244.0,570.3,66.0
US_ERCO_Dallas,2026-10-02T22:00Z,25.7,74,20.8,28.3,0.0,96,1000.1,11.6,18.0,26,32.8,237.0,136.8,166.0
US_ERCO_Houston,2026-10-02T22:00Z,27.4,81,23.8,32.7,0.5,59,1010.0,3.9,4.4,243,20.2,344.0,411.0,129.0
US_FPL_Miami,2026-10-02T22:00Z,29.3,76,24.6,34.0,0.0,100,1014.0,11.4,17.4,107,29.5,208.0,197.6,139.0
US_ISNE_Boston,2026-10-02T22:00Z,24.8,68,18.4,25.8,0.0,88,1008.9,14.4,25.7,301,31.0,86.0,249.6,47.0
US_MISO_Chicago,2026-10-02T22:00Z,15.5,61,8.1,13.5,0.0,0,992.4,10.3,15.4,35,28.8,326.0,734.8,67.0
US_MISO_Minneapolis,2026-10-02T22:00Z,16.0,40,2.3,14.1,0.0,1,994.3,0.9,1.5,339,10.8,357.0,741.2,71.0
US_NEVP_LasVegas,2026-10-02T22:00Z,35.6,17,7.1,34.3,0.0,0,944.9,7.8,10.4,99,23.8,665.0,892.8,80.0
US_NYIS_NewYork,2026-10-02T22:00Z,25.5,72,20.1,28.0,0.0,100,1008.8,9.5,20.5,276,23.4,83.0,80.2,67.0
US_PJM_Philadelphia,2026-10-02T22:00Z,25.3,70,19.5,27.3,0.1,93,1010.4,10.5,20.1,246,27.4,121.0,244.2,68.0
US_PSCO_Denver,2026-10-02T22:00Z,28.5,17,1.3,25.7,0.0,0,847.1,5.7,7.9,153,19.8,552.0,892.4,69.0
US_SCL_Seattle,2026-10-02T22:00Z,20.8,66,14.2,21.3,0.0,44,1009.2,5.2,7.8,209,17.3,475.0,609.2,129.0
US_SOCO_Atlanta,2026-10-02T22:00Z,29.3,56,19.6,32.1,0.0,96,980.6,5.4,7.4,179,15.8,218.0,259.6,123.0
US_SWPP_KansasCity,2026-10-02T22:00Z,19.8,44,7.2,17.4,0.0,0,990.9,11.2,17.3,39,28.1,424.0,785.2,73.0
US_SWPP_OklahomaCity,2026-10-02T22:00Z,20.6,76,16.3,20.6,0.0,100,977.4,14.6,23.2,34,38.9,227.0,81.0,186.0
US_TVA_Nashville,2026-10-02T22:00Z,23.4,92,22.0,27.3,3.3,100,1000.5,6.7,11.0,1,12.6,45.0,0.0,45.0
VN_DaNang,2026-10-02T22:00Z,25.2,99,25.1,31.2,0.0,100,1011.5,4.9,9.2,187,10.1,0.0,0.0,0.0
VN_HaNoi,2026-10-02T22:00Z,27.3,92,25.8,32.9,0.0,45,1008.1,11.3,20.1,144,22.3,0.0,0.0,0.0
VN_HoChiMinh,2026-10-02T22:00Z,25.7,97,25.2,32.0,0.0,95,1011.1,4.0,8.0,96,8.3,0.0,0.0,0.0
AT_Vienna,2026-10-02T23:00Z,14.8,50,4.5,12.7,0.0,70,1008.0,4.9,16.3,160,10.1,0.0,0.0,0.0
AU_NSW1_Sydney,2026-10-02T23:00Z,18.3,92,17.0,18.4,2.1,100,1014.1,16.1,27.4,42,30.2,109.0,0.0,109.0
AU_QLD1_Brisbane,2026-10-02T23:00Z,21.3,57,12.5,21.7,0.0,23,1024.2,6.0,8.4,40,20.9,630.0,836.6,98.0
AU_SA1_Adelaide,2026-10-02T23:00Z,13.9,75,9.6,11.3,0.0,100,1021.9,17.5,25.1,212,42.5,175.0,76.5,142.0
AU_TAS1_Hobart,2026-10-02T23:00Z,11.9,70,6.7,10.4,0.0,100,1028.8,4.3,6.5,66,14.8,224.0,87.7,181.0
AU_VIC1_Melbourne,2026-10-02T23:00Z,15.3,88,13.4,15.2,1.4,100,1019.0,8.4,13.4,123,20.2,225.0,70.8,190.0
BE_Brussels,2026-10-02T23:00Z,13.3,77,9.3,12.3,0.0,1,1027.7,5.9,15.4,72,11.9,0.0,0.0,0.0
DE_Berlin,2026-10-02T23:00Z,14.1,94,13.2,14.9,0.0,86,1029.2,1.4,4.8,48,2.9,0.0,0.0,0.0
DE_Hamburg,2026-10-02T23:00Z,13.0,94,12.0,13.4,0.0,2,1030.9,1.1,4.7,97,3.6,0.0,0.0,0.0
DE_Munich,2026-10-02T23:00Z,13.9,93,12.8,14.2,0.0,99,968.9,4.0,11.1,53,8.6,0.0,0.0,0.0
ES_Madrid,2026-10-02T23:00Z,15.8,95,15.1,15.8,0.1,100,947.7,11.5,22.7,42,25.2,0.0,0.0,0.0
FR_Paris,2026-10-02T23:00Z,13.1,76,9.0,12.1,0.0,15,1024.0,5.2,15.4,45,10.4,0.0,0.0,0.0
GB_Glasgow,2026-10-02T23:00Z,11.0,83,8.1,8.2,0.2,34,1019.2,15.3,28.6,250,32.0,0.0,0.0,0.0
GB_London,2026-10-02T23:00Z,14.4,78,10.6,13.4,0.0,100,1026.2,8.3,18.7,212,17.3,0.0,0.0,0.0
GB_Manchester,2026-10-02T23:00Z,15.2,81,12.1,13.5,0.0,95,1016.4,16.3,30.7,195,40.7,0.0,0.0,0.0
NL_Amsterdam,2026-10-02T23:00Z,12.1,100,12.1,12.2,0.0,100,1029.7,3.5,9.0,181,6.1,0.0,0.0,0.0
PL_Warsaw,2026-10-02T23:00Z,10.5,75,6.4,8.2,0.0,0,1019.1,9.7,21.8,169,19.1,0.0,0.0,0.0
US_AZPS_Phoenix,2026-10-02T23:00Z,34.5,23,10.2,32.2,0.0,0,973.0,15.9,23.8,111,40.3,492.0,803.8,77.0
US_BPAT_Portland,2026-10-02T23:00Z,23.8,50,12.9,24.0,0.0,0,1013.3,4.9,6.3,358,16.9,472.0,779.5,79.0
US_CISO_LosAngeles,2026-10-02T23:00Z,37.6,19,10.3,35.7,0.0,20,997.9,13.8,19.8,232,34.9,558.0,826.3,83.0
US_CISO_SanFrancisco,2026-10-02T23:00Z,18.8,72,13.7,17.7,0.0,95,1010.2,15.4,21.9,261,35.3,403.0,269.1,247.0
US_DUK_Charlotte,2026-10-02T23:00Z,28.4,52,17.7,29.9,0.0,51,989.3,8.5,16.4,203,20.2,64.0,287.0,27.0
US_ERCO_Dallas,2026-10-02T23:00Z,25.5,75,20.8,28.2,0.0,30,1000.0,10.6,17.8,30,27.7,189.0,284.1,93.0
US_ERCO_Houston,2026-10-02T23:00Z,27.5,80,23.8,32.4,0.0,40,1009.8,6.9,11.7,314,21.2,206.0,348.4,90.0
US_FPL_Miami,2026-10-02T23:00Z,28.8,78,24.5,33.5,0.0,100,1014.1,11.5,18.9,104,23.0,54.0,41.5,48.0
US_ISNE_Boston,2026-10-02T23:00Z,22.7,74,17.8,23.8,0.0,63,1010.5,12.2,22.3,322,32.8,4.0,19.1,3.0
US_MISO_Chicago,2026-10-02T23:00Z,15.0,69,9.4,13.7,0.0,0,992.3,8.0,14.1,40,24.8,137.0,531.5,43.0
US_MISO_Minneapolis,2026-10-02T23:00Z,15.2,54,6.0,14.0,0.0,0,994.1,1.0,1.8,174,6.5,187.0,602.9,50.0
US_NEVP_LasVegas,2026-10-02T23:00Z,35.5,17,6.3,33.2,0.0,2,944.3,8.7,11.5,88,23.8,516.0,842.2,72.0
US_NYIS_NewYork,2026-10-02T23:00Z,24.5,76,20.0,27.1,0.0,80,1009.5,8.2,18.0,318,22.0,5.0,0.0,5.0
US_PJM_Philadelphia,2026-10-02T23:00Z,22.2,95,21.3,25.6,4.3,99,1011.6,7.3,15.4,300,27.4,9.0,12.4,8.0
US_PSCO_Denver,2026-10-02T23:00Z,26.7,22,3.4,23.3,0.0,0,846.5,12.3,18.3,165,31.3,378.0,811.0,59.0
US_SCL_Seattle,2026-10-02T23:00Z,20.7,65,13.8,21.4,0.0,66,1009.5,3.4,5.0,251,15.5,344.0,494.6,107.0
US_SOCO_Atlanta,2026-10-02T23:00Z,28.0,60,19.6,30.9,0.0,98,980.6,5.3,9.4,173,15.5,42.0,24.2,38.0
US_SWPP_KansasCity,2026-10-02T23:00Z,18.8,53,9.0,17.2,0.0,0,990.5,9.3,17.4,41,25.9,233.0,638.4,57.0
US_SWPP_OklahomaCity,2026-10-02T23:00Z,20.8,76,16.4,21.3,0.0,100,977.2,11.4,19.9,41,33.5,99.0,33.1,88.0
US_TVA_Nashville,2026-10-02T23:00Z,22.7,95,21.8,26.0,2.9,100,1000.2,10.0,18.6,34,18.0,14.0,0.0,14.0
VN_DaNang,2026-10-02T23:00Z,24.9,100,24.9,30.8,0.0,100,1012.1,5.1,9.5,191,10.8,5.0,15.3,4.0
VN_HaNoi,2026-10-02T23:00Z,27.3,92,25.9,33.0,0.0,68,1008.8,10.8,19.6,145,22.3,1.0,0.0,1.0
VN_HoChiMinh,2026-10-02T23:00Z,25.8,97,25.3,31.9,0.0,97,1011.8,5.3,9.7,108,10.1,3.0,0.0,3.0
