location,time,temperature_2m,relative_humidity_2m,dew_point_2m,apparent_temperature,precipitation,cloud_cover,surface_pressure,wind_speed_10m,wind_speed_100m,wind_direction_100m,wind_gusts_10m,shortwave_radiation,direct_normal_irradiance,diffuse_radiation
AT_Vienna,2026-09-24T00:00Z,11.7,64,5.1,9.8,0.0,67,999.0,4.5,18.3,281,9.7,0.0,0.0,0.0
BE_Brussels,2026-09-24T00:00Z,17.2,85,14.7,17.2,0.0,84,1021.1,10.8,26.3,344,20.9,0.0,0.0,0.0
DE_Berlin,2026-09-24T00:00Z,14.2,62,7.1,12.3,0.0,97,1013.2,7.9,21.2,226,16.9,0.0,0.0,0.0
DE_Hamburg,2026-09-24T00:00Z,14.1,92,12.8,13.2,0.0,61,1014.4,12.7,27.8,282,24.8,0.0,0.0,0.0
DE_Munich,2026-09-24T00:00Z,11.6,66,5.5,9.7,0.0,99,961.8,5.8,26.2,253,14.0,0.0,0.0,0.0
ES_Madrid,2026-09-24T00:00Z,20.5,33,3.7,18.3,0.0,39,946.0,4.7,12.8,106,11.5,0.0,0.0,0.0
FR_Paris,2026-09-24T00:00Z,17.4,67,11.2,17.0,0.0,100,1019.0,5.4,14.0,321,10.8,0.0,0.0,0.0
NL_Amsterdam,2026-09-24T00:00Z,16.2,73,11.4,14.5,0.0,100,1021.9,14.4,22.7,312,24.8,0.0,0.0,0.0
PL_Warsaw,2026-09-24T00:00Z,10.5,91,9.1,8.6,0.0,99,1004.4,11.5,24.8,288,19.8,0.0,0.0,0.0
US_BPAT_Portland,2026-09-24T00:00Z,19.6,65,12.9,19.3,0.0,11,1014.6,8.6,5.0,360,10.4,367.0,656.8,86.0
US_CISO_LosAngeles,2026-09-24T00:00Z,27.1,65,20.0,29.0,0.0,11,999.1,13.8,17.6,235,15.5,381.0,609.9,103.0
US_CISO_SanFrancisco,2026-09-24T00:00Z,25.5,46,13.0,23.8,0.0,0,1009.6,18.2,14.5,289,23.4,436.0,702.7,98.0
US_ERCO_Dallas,2026-09-24T00:00Z,36.3,27,14.4,36.3,0.0,92,1001.3,9.7,32.4,145,19.8,28.0,0.0,28.0
US_ERCO_Houston,2026-09-24T00:00Z,29.9,65,22.6,33.5,0.0,50,1013.1,11.5,18.9,141,22.3,52.0,37.4,46.0
US_ISNE_Boston,2026-09-24T00:00Z,12.4,74,7.9,10.4,0.0,2,1032.7,9.6,34.8,62,26.3,0.0,0.0,0.0
US_MISO_Chicago,2026-09-24T00:00Z,15.8,72,10.7,13.8,0.0,100,995.4,15.3,18.7,79,27.0,0.0,0.0,0.0
US_NYIS_NewYork,2026-09-24T00:00Z,16.4,54,7.1,12.8,0.0,2,1027.7,19.6,36.5,55,45.0,0.0,0.0,0.0
US_PJM_Philadelphia,2026-09-24T00:00Z,18.2,52,8.2,15.4,0.0,56,1027.0,15.7,32.2,80,29.9,0.0,0.0,0.0
US_SWPP_OklahomaCity,2026-09-24T00:00Z,30.0,48,17.8,30.7,0.0,1,976.1,14.9,27.2,97,25.6,80.0,150.2,53.0
VN_DaNang,2026-09-24T00:00Z,25.9,93,24.6,31.9,0.5,100,1011.6,3.6,4.6,216,17.3,54.0,9.6,52.0
VN_HaNoi,2026-09-24T00:00Z,26.1,95,25.3,32.1,0.2,19,1012.0,5.8,7.7,359,11.5,63.0,96.2,47.0
VN_HoChiMinh,2026-09-24T00:00Z,25.7,94,24.6,30.4,0.0,100,1009.6,12.3,21.0,164,22.0,70.0,37.2,63.0
AT_Vienna,2026-09-24T01:00Z,12.4,57,4.1,10.2,0.0,100,998.8,5.8,23.3,280,12.2,0.0,0.0,0.0
BE_Brussels,2026-09-24T01:00Z,16.9,80,13.5,16.7,0.0,40,1021.0,9.0,17.3,338,18.0,0.0,0.0,0.0
DE_Berlin,2026-09-24T01:00Z,13.7,66,7.5,11.9,0.0,83,1013.2,8.0,23.4,226,17.6,0.0,0.0,0.0
DE_Hamburg,2026-09-24T01:00Z,14.4,86,12.1,13.1,0.0,92,1015.4,13.1,29.9,284,28.4,0.0,0.0,0.0
DE_Munich,2026-09-24T01:00Z,12.3,64,5.7,10.0,0.0,99,961.8,8.8,32.7,259,18.0,0.0,0.0,0.0
ES_Madrid,2026-09-24T01:00Z,21.3,29,2.5,19.0,0.0,1,946.4,4.0,14.8,142,11.2,0.0,0.0,0.0
FR_Paris,2026-09-24T01:00Z,16.7,73,11.9,16.4,0.0,100,1019.0,6.2,16.4,335,12.6,0.0,0.0,0.0
NL_Amsterdam,2026-09-24T01:00Z,16.1,72,11.0,14.6,0.0,100,1022.1,12.2,20.2,333,21.6,0.0,0.0,0.0
PL_Warsaw,2026-09-24T01:00Z,10.1,93,9.0,8.5,0.0,19,1003.4,9.7,19.8,275,19.8,0.0,0.0,0.0
US_BPAT_Portland,2026-09-24T01:00Z,18.4,74,13.7,18.2,0.0,6,1014.2,9.5,9.7,2,17.3,181.0,372.9,80.0
US_CISO_LosAngeles,2026-09-24T01:00Z,25.6,70,19.7,27.6,0.0,15,999.1,12.0,14.3,231,14.4,157.0,289.8,81.0
US_CISO_SanFrancisco,2026-09-24T01:00Z,23.8,45,11.2,21.4,0.0,0,1009.2,18.9,15.0,287,23.4,228.0,487.8,80.0
US_ERCO_Dallas,2026-09-24T01:00Z,31.9,46,18.9,34.0,0.0,68,1001.9,8.4,18.5,97,11.9,0.0,0.0,0.0
US_ERCO_Houston,2026-09-24T01:00Z,29.3,65,22.0,32.7,0.0,14,1013.4,10.4,16.3,162,20.5,0.0,0.0,0.0
US_ISNE_Boston,2026-09-24T01:00Z,11.9,73,7.2,9.8,0.0,0,1032.7,9.9,35.1,62,30.2,0.0,0.0,0.0
US_MISO_Chicago,2026-09-24T01:00Z,15.9,71,10.7,14.3,0.0,100,995.6,12.5,16.9,70,27.4,0.0,0.0,0.0
US_NYIS_NewYork,2026-09-24T01:00Z,15.4,57,6.9,12.2,0.0,3,1027.9,16.9,36.8,53,37.8,0.0,0.0,0.0
US_PJM_Philadelphia,2026-09-24T01:00Z,17.5,56,8.7,14.9,0.0,43,1027.2,15.5,31.3,78,42.5,0.0,0.0,0.0
US_SWPP_OklahomaCity,2026-09-24T01:00Z,28.4,53,17.9,28.8,0.0,55,975.9,16.9,34.1,101,35.6,0.0,0.0,0.0
VN_DaNang,2026-09-24T01:00Z,26.6,86,24.1,32.3,0.4,100,1012.1,2.6,3.0,213,16.9,198.0,45.1,178.0
VN_HaNoi,2026-09-24T01:00Z,27.3,88,25.2,33.4,0.0,19,1012.3,5.2,7.0,334,20.9,289.0,433.5,118.0
VN_HoChiMinh,2026-09-24T01:00Z,26.2,88,24.0,30.5,0.4,100,1010.0,11.7,18.6,158,31.0,258.0,267.1,143.0
AT_Vienna,2026-09-24T02:00Z,12.5,57,4.2,10.0,0.0,86,998.1,7.3,25.9,276,15.5,0.0,0.0,0.0
BE_Brussels,2026-09-24T02:00Z,16.3,82,13.2,16.3,0.0,98,1021.2,6.8,19.8,339,13.0,0.0,0.0,0.0
DE_Berlin,2026-09-24T02:00Z,13.7,65,7.2,11.7,0.0,84,1012.5,8.9,24.9,254,19.1,0.0,0.0,0.0
DE_Hamburg,2026-09-24T02:00Z,13.8,81,10.6,11.5,0.0,86,1015.8,16.6,35.9,309,37.4,0.0,0.0,0.0
DE_Munich,2026-09-24T02:00Z,12.7,67,6.7,10.5,0.0,100,961.5,9.4,30.4,266,21.2,0.0,0.0,0.0
ES_Madrid,2026-09-24T02:00Z,20.3,32,3.0,17.9,0.0,6,946.3,5.0,14.0,131,10.1,0.0,0.0,0.0
FR_Paris,2026-09-24T02:00Z,16.0,77,11.9,16.0,0.0,68,1018.8,3.7,9.9,333,11.9,0.0,0.0,0.0
NL_Amsterdam,2026-09-24T02:00Z,15.7,74,11.1,14.0,0.0,4,1022.1,14.4,24.1,329,27.0,0.0,0.0,0.0
PL_Warsaw,2026-09-24T02:00Z,9.6,94,8.7,7.5,0.0,43,1003.2,11.5,23.8,278,23.4,0.0,0.0,0.0
US_BPAT_Portland,2026-09-24T02:00Z,17.3,78,13.5,17.3,0.0,61,1014.0,8.1,17.1,8,18.0,0.0,0.0,0.0
US_CISO_LosAngeles,2026-09-24T02:00Z,23.0,85,20.3,25.7,0.0,46,999.3,8.8,10.9,224,11.9,0.0,0.0,0.0
US_CISO_SanFrancisco,2026-09-24T02:00Z,20.3,61,12.5,18.6,0.0,0,1009.2,17.2,10.8,285,23.0,0.0,0.0,0.0
US_ERCO_Dallas,2026-09-24T02:00Z,31.2,51,19.9,34.2,0.0,97,1002.7,5.9,22.4,105,10.8,0.0,0.0,0.0
US_ERCO_Houston,2026-09-24T02:00Z,29.6,54,19.3,32.0,0.0,21,1013.9,7.4,13.7,177,14.8,0.0,0.0,0.0
US_ISNE_Boston,2026-09-24T02:00Z,11.1,78,7.4,9.2,0.0,4,1032.8,8.5,35.3,61,28.1,0.0,0.0,0.0
US_MISO_Chicago,2026-09-24T02:00Z,16.1,69,10.4,13.8,0.0,100,996.0,16.4,28.3,78,32.0,0.0,0.0,0.0
US_NYIS_NewYork,2026-09-24T02:00Z,14.7,56,6.0,10.6,0.0,12,1028.0,21.0,37.7,54,44.3,0.0,0.0,0.0
US_PJM_Philadelphia,2026-09-24T02:00Z,16.7,60,8.9,14.2,0.0,99,1027.4,15.1,31.3,73,28.1,0.0,0.0,0.0
US_SWPP_OklahomaCity,2026-09-24T02:00Z,28.1,51,17.0,28.6,0.0,41,976.8,14.1,35.7,102,34.2,0.0,0.0,0.0
VN_DaNang,2026-09-24T02:00Z,27.6,81,24.0,33.2,0.1,100,1012.4,3.7,4.7,152,12.6,319.0,112.7,246.0
VN_HaNoi,2026-09-24T02:00Z,28.4,81,24.8,34.2,0.0,94,1012.4,5.4,7.2,360,22.3,442.0,417.5,192.0
VN_HoChiMinh,2026-09-24T02:00Z,25.9,91,24.3,30.7,0.2,98,1010.2,10.2,17.5,153,25.9,69.0,0.0,69.0
AT_Vienna,2026-09-24T03:00Z,12.3,60,4.7,10.3,0.0,100,997.7,5.0,20.2,275,15.8,0.0,0.0,0.0
BE_Brussels,2026-09-24T03:00Z,15.7,84,13.0,15.9,0.0,100,1021.3,5.4,17.6,345,9.4,0.0,0.0,0.0
DE_Berlin,2026-09-24T03:00Z,13.2,79,9.6,11.4,0.4,100,1011.7,12.0,25.9,263,22.3,0.0,0.0,0.0
DE_Hamburg,2026-09-24T03:00Z,13.5,81,10.3,11.4,0.0,75,1014.6,14.5,32.0,302,35.3,0.0,0.0,0.0
DE_Munich,2026-09-24T03:00Z,13.0,64,6.3,10.9,0.0,100,960.8,8.4,28.0,256,19.4,0.0,0.0,0.0
ES_Madrid,2026-09-24T03:00Z,19.6,35,3.7,17.4,0.0,1,946.4,4.4,11.2,114,10.4,0.0,0.0,0.0
FR_Paris,2026-09-24T03:00Z,15.3,80,11.9,15.5,0.0,100,1018.3,3.1,8.6,341,7.2,0.0,0.0,0.0
NL_Amsterdam,2026-09-24T03:00Z,15.8,72,10.7,13.9,0.0,100,1022.3,14.0,22.7,332,25.9,0.0,0.0,0.0
PL_Warsaw,2026-09-24T03:00Z,9.0,95,8.2,7.2,0.0,46,1002.5,8.6,20.5,281,15.5,0.0,0.0,0.0
US_BPAT_Portland,2026-09-24T03:00Z,15.8,80,12.3,15.5,0.0,48,1014.0,6.6,15.5,359,24.8,0.0,0.0,0.0
US_CISO_LosAngeles,2026-09-24T03:00Z,22.5,84,19.7,25.4,0.0,37,999.9,5.7,10.8,195,8.6,0.0,0.0,0.0
US_CISO_SanFrancisco,2026-09-24T03:00Z,19.3,60,11.4,18.4,0.0,0,1009.2,9.2,6.8,270,16.9,0.0,0.0,0.0
US_ERCO_Dallas,2026-09-24T03:00Z,30.7,53,20.1,33.5,0.0,85,1003.1,7.6,24.3,114,15.8,0.0,0.0,0.0
US_ERCO_Houston,2026-09-24T03:00Z,27.7,73,22.4,32.1,0.0,0,1014.4,5.0,13.7,178,7.9,0.0,0.0,0.0
US_ISNE_Boston,2026-09-24T03:00Z,11.5,72,6.7,9.4,0.0,11,1032.3,8.8,34.6,62,33.8,0.0,0.0,0.0
US_MISO_Chicago,2026-09-24T03:00Z,15.8,70,10.3,13.5,0.0,21,996.1,16.1,25.3,96,25.9,0.0,0.0,0.0
US_NYIS_NewYork,2026-09-24T03:00Z,13.7,59,5.8,9.9,0.0,12,1027.8,19.0,35.0,56,40.3,0.0,0.0,0.0
US_PJM_Philadelphia,2026-09-24T03:00Z,16.3,59,8.3,13.4,0.0,93,1027.5,16.8,30.0,67,42.8,0.0,0.0,0.0
US_SWPP_OklahomaCity,2026-09-24T03:00Z,26.5,54,16.4,26.5,0.0,83,977.0,14.9,36.7,106,36.7,0.0,0.0,0.0
VN_DaNang,2026-09-24T03:00Z,28.5,79,24.5,34.0,0.1,100,1012.3,6.4,8.4,118,24.5,493.0,173.3,353.0
VN_HaNoi,2026-09-24T03:00Z,29.7,73,24.4,36.1,0.1,23,1012.2,3.7,4.8,29,23.0,648.0,551.2,228.0
VN_HoChiMinh,2026-09-24T03:00Z,27.9,80,24.1,32.6,0.0,64,1010.0,9.7,14.6,183,23.8,321.0,151.4,198.0
AT_Vienna,2026-09-24T04:00Z,12.2,61,4.9,10.4,0.0,43,997.3,3.6,16.2,271,10.1,0.0,0.0,0.0
BE_Brussels,2026-09-24T04:00Z,15.2,82,12.2,15.0,0.0,100,1021.3,6.5,18.4,347,10.8,0.0,0.0,0.0
DE_Berlin,2026-09-24T04:00Z,12.7,87,10.6,11.3,0.7,97,1011.7,11.5,23.8,277,26.3,0.0,0.0,0.0
DE_Hamburg,2026-09-24T04:00Z,13.3,80,9.9,11.0,0.0,45,1015.3,15.5,34.8,300,37.1,0.0,0.0,0.0
DE_Munich,2026-09-24T04:00Z,12.9,62,5.8,10.6,0.0,100,960.4,8.9,30.5,256,19.1,0.0,0.0,0.0
ES_Madrid,2026-09-24T04:00Z,18.5,40,4.7,16.5,0.0,1,946.5,4.8,10.3,86,10.1,0.0,0.0,0.0
FR_Paris,2026-09-24T04:00Z,15.2,80,11.7,15.2,0.0,100,1018.3,3.3,9.5,356,6.5,0.0,0.0,0.0
NL_Amsterdam,2026-09-24T04:00Z,15.1,72,10.1,13.1,0.0,100,1022.5,14.0,24.5,338,23.4,0.0,0.0,0.0
PL_Warsaw,2026-09-24T04:00Z,9.4,92,8.1,7.2,0.0,99,1001.8,11.5,24.8,266,21.6,0.0,0.0,0.0
US_BPAT_Portland,2026-09-24T04:00Z,15.1,82,12.1,14.7,0.0,11,1014.2,7.7,13.7,360,24.8,0.0,0.0,0.0
US_CISO_LosAngeles,2026-09-24T04:00Z,21.5,84,18.7,23.9,0.0,15,1000.7,6.1,11.2,178,10.8,0.0,0.0,0.0
US_CISO_SanFrancisco,2026-09-24T04:00Z,18.4,62,11.0,17.5,0.0,0,1009.4,8.6,5.4,250,14.4,0.0,0.0,0.0
US_ERCO_Dallas,2026-09-24T04:00Z,32.4,38,16.3,32.7,0.0,100,1003.1,12.6,29.3,96,28.8,0.0,0.0,0.0
US_ERCO_Houston,2026-09-24T04:00Z,27.3,78,23.2,32.4,0.0,10,1014.7,3.2,12.2,182,6.1,0.0,0.0,0.0
US_ISNE_Boston,2026-09-24T04:00Z,10.9,75,6.7,8.5,0.0,0,1032.1,10.6,34.3,60,35.3,0.0,0.0,0.0
US_MISO_Chicago,2026-09-24T04:00Z,15.3,70,9.9,13.3,0.0,0,995.6,13.8,24.3,117,24.8,0.0,0.0,0.0
US_NYIS_NewYork,2026-09-24T04:00Z,12.7,64,6.1,9.2,0.0,0,1027.4,17.3,33.7,56,45.7,0.0,0.0,0.0
US_PJM_Philadelphia,2026-09-24T04:00Z,15.1,58,6.9,11.8,0.0,0,1027.6,17.9,31.2,64,46.8,0.0,0.0,0.0
US_SWPP_OklahomaCity,2026-09-24T04:00Z,25.9,53,15.6,25.6,0.0,31,977.2,15.5,33.2,108,34.2,0.0,0.0,0.0
VN_DaNang,2026-09-24T04:00Z,28.8,77,24.4,33.9,0.1,100,1011.6,9.2,12.2,123,29.2,567.0,213.7,372.0
VN_HaNoi,2026-09-24T04:00Z,30.0,73,24.6,36.6,0.0,100,1011.8,2.5,3.2,16,20.9,624.0,391.7,282.0
VN_HoChiMinh,2026-09-24T04:00Z,29.7,69,23.5,34.6,0.2,52,1009.5,13.7,20.0,191,33.5,755.0,515.3,278.0
AT_Vienna,2026-09-24T05:00Z,11.8,64,5.2,10.1,0.0,100,996.7,4.0,11.0,263,8.3,1.0,0.0,1.0
BE_Brussels,2026-09-24T05:00Z,15.0,82,11.9,14.8,0.0,100,1021.8,5.8,19.1,354,9.7,0.0,0.0,0.0
DE_Berlin,2026-09-24T05:00Z,13.2,88,11.3,11.8,0.0,87,1011.9,12.6,27.0,297,27.0,0.0,0.0,0.0
DE_Hamburg,2026-09-24T05:00Z,13.1,71,7.9,10.3,0.0,74,1016.1,15.1,33.7,301,37.1,0.0,0.0,0.0
DE_Munich,2026-09-24T05:00Z,13.3,58,5.3,10.6,0.0,100,960.5,10.6,33.8,259,22.7,0.0,0.0,0.0
ES_Madrid,2026-09-24T05:00Z,18.0,44,5.5,16.1,0.0,0,946.7,4.8,12.2,73,11.2,0.0,0.0,0.0
FR_Paris,2026-09-24T05:00Z,15.1,81,11.9,15.2,0.0,100,1018.9,3.7,11.3,2,8.3,0.0,0.0,0.0
NL_Amsterdam,2026-09-24T05:00Z,14.7,71,9.5,13.1,0.0,97,1023.0,10.1,20.2,331,17.6,0.0,0.0,0.0
PL_Warsaw,2026-09-24T05:00Z,9.8,87,7.7,7.7,0.0,100,1001.8,10.1,19.1,270,22.7,2.0,0.0,2.0
US_BPAT_Portland,2026-09-24T05:00Z,14.5,80,11.1,14.1,0.0,1,1014.2,5.6,12.2,358,12.6,0.0,0.0,0.0
US_CISO_LosAngeles,2026-09-24T05:00Z,21.6,88,19.6,24.5,0.0,96,1001.6,5.2,9.7,165,7.2,0.0,0.0,0.0
US_CISO_SanFrancisco,2026-09-24T05:00Z,17.4,65,10.8,16.5,0.0,0,1009.6,7.8,5.5,247,11.5,0.0,0.0,0.0
US_ERCO_Dallas,2026-09-24T05:00Z,29.6,57,20.2,31.5,0.0,56,1003.1,14.1,29.5,103,28.4,0.0,0.0,0.0
US_ERCO_Houston,2026-09-24T05:00Z,26.9,84,24.0,32.6,0.0,69,1014.7,2.8,8.9,166,5.0,0.0,0.0,0.0
US_ISNE_Boston,2026-09-24T05:00Z,10.5,79,7.0,8.6,0.0,2,1031.8,7.7,33.4,57,28.4,0.0,0.0,0.0
US_MISO_Chicago,2026-09-24T05:00Z,15.4,57,6.9,12.4,0.0,49,995.6,14.8,22.3,100,24.5,0.0,0.0,0.0
US_NYIS_NewYork,2026-09-24T05:00Z,12.1,71,7.0,9.5,0.0,0,1027.6,12.3,33.6,55,43.9,0.0,0.0,0.0
US_PJM_Philadelphia,2026-09-24T05:00Z,14.3,59,6.4,10.3,0.0,0,1027.3,21.6,31.9,60,48.6,0.0,0.0,0.0
US_SWPP_OklahomaCity,2026-09-24T05:00Z,24.8,54,14.9,24.6,0.0,28,977.2,13.0,32.4,107,35.3,0.0,0.0,0.0
VN_DaNang,2026-09-24T05:00Z,29.0,77,24.6,34.9,0.1,99,1010.7,9.8,12.9,96,29.9,699.0,354.9,360.0
VN_HaNoi,2026-09-24T05:00Z,30.2,73,24.8,37.1,0.2,100,1010.6,2.8,3.5,51,18.7,654.0,337.5,342.0
VN_HoChiMinh,2026-09-24T05:00Z,30.4,69,24.1,36.0,0.0,59,1008.5,14.3,20.6,194,39.2,838.0,563.6,288.0
AT_Vienna,2026-09-24T06:00Z,12.4,63,5.5,10.6,0.0,100,996.8,4.8,13.6,260,10.1,36.0,16.7,34.0
BE_Brussels,2026-09-24T06:00Z,14.9,83,12.1,14.9,0.0,100,1022.2,5.0,14.8,353,9.4,5.0,0.0,5.0
DE_Berlin,2026-09-24T06:00Z,13.2,85,10.8,11.3,0.0,100,1012.3,14.8,31.9,296,33.5,18.0,21.4,16.0
DE_Hamburg,2026-09-24T06:00Z,12.7,82,9.7,10.9,0.0,100,1015.8,11.7,27.0,287,31.3,13.0,0.0,13.0
DE_Munich,2026-09-24T06:00Z,14.3,54,5.2,11.2,0.0,100,960.2,13.2,31.8,255,27.7,20.0,0.0,20.0
ES_Madrid,2026-09-24T06:00Z,17.5,43,4.8,15.6,0.0,0,947.0,4.7,14.1,72,11.5,0.0,0.0,0.0
FR_Paris,2026-09-24T06:00Z,15.1,88,13.1,15.4,0.0,100,1019.1,4.8,14.0,41,6.8,2.0,0.0,2.0
NL_Amsterdam,2026-09-24T06:00Z,15.1,68,9.3,13.4,0.0,100,1023.2,10.8,19.8,332,19.8,7.0,0.0,7.0
PL_Warsaw,2026-09-24T06:00Z,9.9,87,7.9,8.2,0.1,100,1001.8,8.3,18.4,267,16.2,10.0,0.0,10.0
US_BPAT_Portland,2026-09-24T06:00Z,13.8,80,10.4,13.0,0.0,0,1014.1,6.9,12.0,7,9.0,0.0,0.0,0.0
US_CISO_LosAngeles,2026-09-24T06:00Z,21.7,86,19.2,24.5,0.0,100,1001.7,4.9,6.6,171,9.7,0.0,0.0,0.0
US_CISO_SanFrancisco,2026-09-24T06:00Z,16.3,73,11.4,15.7,0.0,34,1009.6,7.0,4.5,256,9.0,0.0,0.0,0.0
US_ERCO_Dallas,2026-09-24T06:00Z,29.9,50,18.4,30.5,0.0,50,1003.2,16.6,29.5,106,34.9,0.0,0.0,0.0
US_ERCO_Houston,2026-09-24T06:00Z,26.5,84,23.6,32.1,0.0,20,1014.5,1.4,5.0,150,5.0,0.0,0.0,0.0
US_ISNE_Boston,2026-09-24T06:00Z,9.2,87,7.2,7.2,0.0,1,1031.5,8.9,32.7,56,28.8,0.0,0.0,0.0
US_MISO_Chicago,2026-09-24T06:00Z,14.3,62,7.1,11.3,0.0,9,995.6,15.9,18.8,95,22.3,0.0,0.0,0.0
US_NYIS_NewYork,2026-09-24T06:00Z,11.6,78,7.9,9.0,0.0,100,1027.2,13.7,32.9,49,37.8,0.0,0.0,0.0
US_PJM_Philadelphia,2026-09-24T06:00Z,13.7,59,5.8,9.9,0.0,0,1026.7,19.1,28.4,54,43.9,0.0,0.0,0.0
US_SWPP_OklahomaCity,2026-09-24T06:00Z,24.3,57,15.2,24.3,0.0,25,977.1,11.6,31.9,104,34.2,0.0,0.0,0.0
VN_DaNang,2026-09-24T06:00Z,28.2,79,24.3,32.8,0.4,100,1010.3,13.5,17.9,99,33.5,596.0,237.0,375.0
VN_HaNoi,2026-09-24T06:00Z,30.9,69,24.5,37.8,0.2,23,1009.8,3.5,4.3,24,19.4,723.0,513.9,254.0
VN_HoChiMinh,2026-09-24T06:00Z,28.7,74,23.5,34.1,0.3,80,1008.3,12.0,18.0,208,41.4,801.0,541.0,282.0
AT_Vienna,2026-09-24T07:00Z,13.2,61,5.9,11.4,0.0,100,996.6,5.2,17.7,265,12.6,94.0,45.9,81.0
BE_Brussels,2026-09-24T07:00Z,15.7,74,11.1,15.5,0.0,100,1022.3,3.6,8.3,350,10.4,61.0,68.0,51.2
DE_Berlin,2026-09-24T07:00Z,13.5,80,10.2,11.0,0.0,80,1011.8,18.1,36.4,296,42.1,95.0,91.7,74.0
DE_Hamburg,2026-09-24T07:00Z,12.9,80,9.5,11.2,0.1,99,1015.8,11.2,24.2,289,29.9,46.0,42.0,38.0
DE_Munich,2026-09-24T07:00Z,15.1,52,5.4,12.0,0.0,100,960.8,13.7,30.0,267,32.0,95.0,64.5,80.0
ES_Madrid,2026-09-24T07:00Z,17.7,43,5.0,15.8,0.0,0,947.2,4.4,14.4,73,10.4,47.0,209.9,25.0
FR_Paris,2026-09-24T07:00Z,15.3,93,14.1,15.8,0.0,99,1019.1,5.6,7.3,55,16.2,30.0,0.0,30.0
NL_Amsterdam,2026-09-24T07:00Z,15.1,63,8.1,13.4,0.0,100,1023.3,8.3,15.1,332,17.3,88.0,184.6,61.4
PL_Warsaw,2026-09-24T07:00Z,10.9,80,7.6,8.7,0.0,100,1001.0,10.8,24.1,258,21.2,28.0,0.0,28.0
US_BPAT_Portland,2026-09-24T07:00Z,13.2,78,9.5,11.5,0.0,0,1013.4,10.7,10.5,6,14.4,0.0,0.0,0.0
US_CISO_LosAngeles,2026-09-24T07:00Z,21.4,89,19.5,24.4,0.0,100,1001.7,4.3,5.4,184,7.6,0.0,0.0,0.0
US_CISO_SanFrancisco,2026-09-24T07:00Z,15.9,75,11.5,15.4,0.0,40,1009.5,7.1,3.1,201,7.2,0.0,0.0,0.0
US_ERCO_Dallas,2026-09-24T07:00Z,28.0,57,18.7,29.4,0.0,8,1003.1,12.9,27.7,108,37.1,0.0,0.0,0.0
US_ERCO_Houston,2026-09-24T07:00Z,26.2,88,24.1,32.1,0.0,3,1014.8,1.8,3.1,144,2.2,0.0,0.0,0.0
US_ISNE_Boston,2026-09-24T07:00Z,9.2,84,6.6,6.9,0.0,8,1031.1,9.8,33.4,55,31.7,0.0,0.0,0.0
US_MISO_Chicago,2026-09-24T07:00Z,13.9,74,9.4,12.2,0.0,3,995.2,10.9,16.4,81,20.2,0.0,0.0,0.0
US_NYIS_NewYork,2026-09-24T07:00Z,12.0,79,8.5,9.5,0.0,100,1026.7,14.8,31.6,46,37.4,0.0,0.0,0.0
US_PJM_Philadelphia,2026-09-24T07:00Z,13.5,62,6.4,10.6,0.0,2,1026.5,13.8,27.1,49,32.4,0.0,0.0,0.0
US_SWPP_OklahomaCity,2026-09-24T07:00Z,23.6,56,14.3,23.5,0.0,0,976.9,10.6,26.6,109,23.0,0.0,0.0,0.0
VN_DaNang,2026-09-24T07:00Z,28.2,80,24.4,33.4,1.3,100,1009.7,7.8,10.5,106,34.2,466.0,153.7,336.0
VN_HaNoi,2026-09-24T07:00Z,30.9,70,24.9,38.6,0.1,37,1008.5,1.5,1.9,34,21.2,739.0,663.2,183.0
VN_HoChiMinh,2026-09-24T07:00Z,26.5,89,24.5,30.9,6.2,100,1007.8,14.0,20.9,205,43.2,553.0,295.2,294.0
AT_Vienna,2026-09-24T08:00Z,14.3,59,6.4,12.5,0.0,100,996.3,5.6,14.1,252,12.6,113.0,25.7,102.0
BE_Brussels,2026-09-24T08:00Z,16.6,65,10.0,15.4,0.0,100,1022.2,8.6,13.0,11,18.7,210.0,322.5,114.3
DE_Berlin,2026-09-24T08:00Z,13.6,75,9.3,10.8,0.0,94,1012.7,18.0,36.2,300,45.0,177.0,134.1,128.0
DE_Hamburg,2026-09-24T08:00Z,13.8,76,9.6,11.9,0.0,100,1016.6,12.2,25.2,292,27.7,125.0,57.9,106.0
DE_Munich,2026-09-24T08:00Z,16.0,49,5.3,13.0,0.0,100,961.0,13.3,27.9,272,29.5,149.0,111.7,106.0
ES_Madrid,2026-09-24T08:00Z,20.8,37,5.5,19.0,0.0,0,948.1,4.3,13.2,74,13.7,217.0,573.0,66.0
FR_Paris,2026-09-24T08:00Z,15.9,90,14.3,16.7,0.0,100,1019.9,4.2,5.4,58,11.9,94.0,13.8,90.0
NL_Amsterdam,2026-09-24T08:00Z,15.9,62,8.6,14.1,0.0,100,1023.4,9.7,15.5,337,20.5,210.0,333.2,112.8
PL_Warsaw,2026-09-24T08:00Z,11.5,75,7.2,8.8,0.0,100,1000.9,13.3,25.9,251,25.9,29.0,0.0,29.0
US_BPAT_Portland,2026-09-24T08:00Z,12.5,80,9.2,10.8,0.0,0,1013.0,10.2,9.8,8,14.8,0.0,0.0,0.0
US_CISO_LosAngeles,2026-09-24T08:00Z,21.5,91,20.0,24.7,0.0,42,1001.6,4.6,3.7,209,5.4,0.0,0.0,0.0
US_CISO_SanFrancisco,2026-09-24T08:00Z,16.3,65,9.7,15.2,0.0,0,1009.5,6.6,5.4,180,6.8,0.0,0.0,0.0
US_ERCO_Dallas,2026-09-24T08:00Z,29.0,51,17.9,29.9,0.0,4,1003.4,13.6,27.8,111,37.4,0.0,0.0,0.0
US_ERCO_Houston,2026-09-24T08:00Z,26.0,87,23.7,31.5,0.0,2,1014.6,3.0,3.4,58,5.8,0.0,0.0,0.0
US_ISNE_Boston,2026-09-24T08:00Z,8.5,91,7.1,6.3,0.0,4,1030.6,10.4,33.9,53,31.3,0.0,0.0,0.0
US_MISO_Chicago,2026-09-24T08:00Z,14.2,65,7.7,11.5,0.0,5,994.7,14.4,18.7,79,24.1,0.0,0.0,0.0
US_NYIS_NewYork,2026-09-24T08:00Z,11.5,78,7.8,8.9,0.0,100,1026.4,13.6,32.1,42,36.7,0.0,0.0,0.0
US_PJM_Philadelphia,2026-09-24T08:00Z,12.5,61,5.2,8.9,0.0,4,1026.0,16.2,26.6,41,29.9,0.0,0.0,0.0
US_SWPP_OklahomaCity,2026-09-24T08:00Z,22.8,58,14.1,23.1,0.0,62,976.6,7.8,27.8,111,20.5,0.0,0.0,0.0
VN_DaNang,2026-09-24T08:00Z,27.8,81,24.2,32.6,0.7,99,1008.8,9.6,13.0,88,28.4,380.0,155.4,271.0
VN_HaNoi,2026-09-24T08:00Z,28.2,81,24.6,33.7,1.4,56,1008.2,6.5,8.6,89,26.6,515.0,428.7,212.0
VN_HoChiMinh,2026-09-24T08:00Z,26.6,88,24.5,31.4,1.5,97,1006.5,11.2,17.3,179,34.2,198.0,19.0,184.0
AT_Vienna,2026-09-24T09:00Z,15.3,65,8.7,13.0,0.6,100,996.2,13.4,28.4,277,16.6,87.0,3.7,85.0
BE_Brussels,2026-09-24T09:00Z,17.3,59,9.2,16.0,0.0,100,1022.5,7.6,10.4,29,18.0,321.0,397.0,150.8
DE_Berlin,2026-09-24T09:00Z,14.3,72,9.4,11.7,0.0,95,1013.1,17.2,34.0,301,47.2,292.0,300.1,149.0
DE_Hamburg,2026-09-24T09:00Z,13.8,70,8.4,11.0,0.1,100,1017.2,16.4,34.8,300,38.2,77.0,4.5,75.0
DE_Munich,2026-09-24T09:00Z,16.4,49,5.7,13.5,0.2,100,961.0,12.3,25.1,268,31.7,104.0,3.9,102.0
ES_Madrid,2026-09-24T09:00Z,23.9,35,7.5,22.4,0.0,26,949.1,5.5,8.3,70,16.2,407.0,735.4,85.0
FR_Paris,2026-09-24T09:00Z,16.5,86,14.1,17.3,0.0,100,1019.8,3.4,3.9,85,11.2,138.0,16.3,131.0
NL_Amsterdam,2026-09-24T09:00Z,16.7,58,8.4,14.8,0.0,100,1023.8,9.7,14.8,329,21.2,336.0,458.7,144.0
PL_Warsaw,2026-09-24T09:00Z,11.3,78,7.6,8.3,0.0,100,1001.0,16.2,28.1,256,32.4,34.0,0.0,34.0
US_BPAT_Portland,2026-09-24T09:00Z,12.0,79,8.4,10.3,0.0,0,1012.5,8.7,9.7,15,12.2,0.0,0.0,0.0
US_CISO_LosAngeles,2026-09-24T09:00Z,20.7,91,19.2,23.7,0.0,77,1001.5,3.0,4.5,209,3.2,0.0,0.0,0.0
US_CISO_SanFrancisco,2026-09-24T09:00Z,15.1,70,9.7,13.9,0.0,0,1009.5,7.9,6.1,177,7.9,0.0,0.0,0.0
US_ERCO_Dallas,2026-09-24T09:00Z,27.9,53,17.5,29.1,0.0,71,1003.3,10.5,27.9,115,27.0,0.0,0.0,0.0
US_ERCO_Houston,2026-09-24T09:00Z,25.8,86,23.3,31.1,0.0,3,1014.4,2.1,7.7,41,7.2,0.0,0.0,0.0
US_ISNE_Boston,2026-09-24T09:00Z,8.4,92,7.2,6.1,0.0,9,1030.4,11.1,35.3,50,33.5,0.0,0.0,0.0
US_MISO_Chicago,2026-09-24T09:00Z,15.1,69,9.4,12.7,0.0,32,994.7,15.0,20.3,73,24.8,0.0,0.0,0.0
US_NYIS_NewYork,2026-09-24T09:00Z,11.7,77,7.8,8.8,0.0,100,1026.2,15.7,32.1,41,41.4,0.0,0.0,0.0
US_PJM_Philadelphia,2026-09-24T09:00Z,12.3,70,7.0,9.2,0.0,2,1026.0,16.1,27.3,31,38.2,0.0,0.0,0.0
US_SWPP_OklahomaCity,2026-09-24T09:00Z,22.4,61,14.5,22.9,0.0,11,976.6,6.7,27.1,123,19.1,0.0,0.0,0.0
VN_DaNang,2026-09-24T09:00Z,27.6,81,24.1,32.4,0.4,99,1008.8,9.4,12.8,88,23.4,195.0,33.4,178.0
VN_HaNoi,2026-09-24T09:00Z,28.7,76,24.0,34.0,0.3,17,1007.9,5.0,6.8,151,17.3,377.0,425.3,153.0
VN_HoChiMinh,2026-09-24T09:00Z,27.3,82,24.0,31.4,0.5,100,1006.3,13.1,20.4,190,32.8,321.0,242.9,189.0
AT_Vienna,2026-09-24T10:00Z,14.9,68,9.1,12.7,2.0,100,995.6,13.8,29.4,256,29.9,106.0,9.7,100.0
BE_Brussels,2026-09-24T10:00Z,18.1,56,9.2,17.0,0.0,100,1022.5,6.5,9.0,37,17.6,415.0,448.5,176.7
DE_Berlin,2026-09-24T10:00Z,15.0,68,9.1,12.6,0.0,100,1013.9,14.7,28.7,302,39.2,207.0,119.0,141.0
DE_Hamburg,2026-09-24T10:00Z,14.0,71,8.8,11.4,0.1,100,1017.1,15.6,33.3,298,36.4,79.0,3.8,77.0
DE_Munich,2026-09-24T10:00Z,16.3,52,6.4,13.2,0.0,100,961.2,14.8,30.1,284,33.5,147.0,8.3,142.0
ES_Madrid,2026-09-24T10:00Z,26.2,33,8.6,25.1,0.0,29,949.5,5.4,6.4,96,16.9,573.0,818.0,97.0
FR_Paris,2026-09-24T10:00Z,17.7,79,14.0,18.5,0.0,100,1018.9,3.8,4.6,58,10.4,303.0,92.2,253.0
NL_Amsterdam,2026-09-24T10:00Z,17.0,60,9.1,15.3,0.0,100,1024.0,9.7,15.1,334,22.3,411.0,465.9,170.4
PL_Warsaw,2026-09-24T10:00Z,11.5,80,8.1,9.2,0.0,100,1000.8,12.2,21.6,264,32.8,62.0,0.0,62.0
US_BPAT_Portland,2026-09-24T10:00Z,11.4,81,8.3,9.8,0.0,0,1011.9,7.9,10.1,360,10.1,0.0,0.0,0.0
US_CISO_LosAngeles,2026-09-24T10:00Z,20.9,92,19.5,24.4,0.0,100,1001.4,1.0,7.0,215,2.9,0.0,0.0,0.0
US_CISO_SanFrancisco,2026-09-24T10:00Z,15.9,62,8.6,15.0,0.0,0,1009.6,3.2,5.1,184,3.6,0.0,0.0,0.0
US_ERCO_Dallas,2026-09-24T10:00Z,26.9,56,17.4,28.0,0.0,18,1003.4,10.3,25.8,115,27.0,0.0,0.0,0.0
US_ERCO_Houston,2026-09-24T10:00Z,26.0,90,24.3,31.8,0.0,13,1014.4,3.7,10.2,45,7.9,0.0,0.0,0.0
US_ISNE_Boston,2026-09-24T10:00Z,8.6,93,7.5,6.3,0.0,24,1030.6,11.5,36.9,47,32.0,0.0,0.0,0.0
US_MISO_Chicago,2026-09-24T10:00Z,14.4,64,7.7,11.7,0.0,11,994.8,14.5,20.5,72,22.7,0.0,0.0,0.0
US_NYIS_NewYork,2026-09-24T10:00Z,11.2,82,8.2,8.7,0.0,100,1026.3,14.0,32.9,41,36.7,0.0,0.0,0.0
US_PJM_Philadelphia,2026-09-24T10:00Z,12.2,78,8.5,9.4,0.0,11,1025.9,16.8,28.8,29,38.9,0.0,0.0,0.0
US_SWPP_OklahomaCity,2026-09-24T10:00Z,22.2,61,14.3,22.4,0.0,1,976.7,8.0,27.3,132,19.4,0.0,0.0,0.0
VN_DaNang,2026-09-24T10:00Z,27.2,85,24.5,32.3,0.5,100,1009.3,8.1,11.9,120,23.0,74.0,14.2,70.0
VN_HaNoi,2026-09-24T10:00Z,28.5,78,24.4,34.4,0.0,16,1008.0,3.0,4.9,144,14.0,186.0,309.1,90.0
VN_HoChiMinh,2026-09-24T10:00Z,27.0,85,24.4,31.9,0.1,100,1007.0,9.7,15.7,181,30.2,152.0,82.8,126.0
AT_Vienna,2026-09-24T11:00Z,15.9,60,8.2,13.3,0.2,100,995.0,14.5,31.7,258,30.6,120.0,3.1,118.0
BE_Brussels,2026-09-24T11:00Z,19.4,49,8.5,18.1,0.0,90,1022.7,6.5,8.6,16,19.1,450.0,414.7,202.4
DE_Berlin,2026-09-24T11:00Z,14.8,65,8.3,11.7,0.2,100,1014.0,17.9,35.0,301,40.3,142.0,25.2,127.0
DE_Hamburg,2026-09-24T11:00Z,14.3,70,8.9,11.3,0.1,100,1017.1,19.0,40.4,299,41.4,52.0,1.7,51.0
DE_Munich,2026-09-24T11:00Z,16.2,59,8.2,13.5,0.0,100,961.2,15.1,29.4,299,34.2,194.0,0.0,194.0
ES_Madrid,2026-09-24T11:00Z,28.3,28,8.1,28.1,0.0,36,949.1,4.4,5.1,124,15.8,697.0,864.6,104.0
FR_Paris,2026-09-24T11:00Z,19.1,71,13.7,20.0,0.0,88,1019.0,2.3,3.0,45,9.7,429.0,222.4,292.0
NL_Amsterdam,2026-09-24T11:00Z,17.8,52,7.8,15.8,0.0,100,1024.2,9.4,14.4,340,22.7,482.0,518.6,181.9
PL_Warsaw,2026-09-24T11:00Z,12.2,80,8.8,10.2,0.0,100,1000.8,11.5,19.8,269,24.5,130.0,0.0,130.0
US_BPAT_Portland,2026-09-24T11:00Z,11.0,83,8.3,9.4,0.0,100,1011.3,8.2,9.4,7,12.2,0.0,0.0,0.0
US_CISO_LosAngeles,2026-09-24T11:00Z,20.6,92,19.2,23.4,0.0,21,1001.3,4.7,7.7,217,6.1,0.0,0.0,0.0
US_CISO_SanFrancisco,2026-09-24T11:00Z,15.2,69,9.5,13.8,0.0,0,1009.5,8.6,4.0,185,8.6,0.0,0.0,0.0
US_ERCO_Dallas,2026-09-24T11:00Z,26.2,59,17.6,27.5,0.0,0,1003.7,10.4,24.7,113,25.2,0.0,0.0,0.0
US_ERCO_Houston,2026-09-24T11:00Z,26.0,89,24.0,31.6,0.0,5,1014.4,3.2,13.4,54,7.9,0.0,0.0,0.0
US_ISNE_Boston,2026-09-24T11:00Z,8.5,94,7.6,6.3,0.0,86,1030.7,10.6,37.4,46,32.8,4.0,0.0,4.0
US_MISO_Chicago,2026-09-24T11:00Z,14.1,73,9.3,12.0,0.0,12,994.6,13.4,22.8,74,20.9,0.0,0.0,0.0
US_NYIS_NewYork,2026-09-24T11:00Z,11.5,79,7.9,8.5,0.0,100,1026.6,16.9,33.4,43,34.2,0.0,0.0,0.0
US_PJM_Philadelphia,2026-09-24T11:00Z,11.9,76,7.8,8.8,0.0,47,1026.1,17.1,29.6,27,37.4,0.0,0.0,0.0
US_SWPP_OklahomaCity,2026-09-24T11:00Z,21.7,64,14.6,22.0,0.0,50,976.8,8.4,28.3,136,29.5,0.0,0.0,0.0
VN_DaNang,2026-09-24T11:00Z,25.4,95,24.5,30.3,2.3,100,1010.4,10.1,15.9,162,22.7,9.0,9.5,8.0
VN_HaNoi,2026-09-24T11:00Z,28.2,84,25.3,34.8,0.0,14,1008.3,1.8,6.4,148,7.9,34.0,106.9,21.0
VN_HoChiMinh,2026-09-24T11:00Z,26.3,90,24.6,31.6,0.3,99,1008.0,8.1,15.2,175,21.2,20.0,16.5,18.0
AT_Vienna,2026-09-24T12:00Z,15.4,65,8.8,12.3,0.0,100,995.8,19.1,40.6,271,42.5,95.0,1.5,94.0
BE_Brussels,2026-09-24T12:00Z,19.8,44,7.2,18.3,0.0,96,1022.8,6.8,9.4,14,19.8,590.0,678.2,168.4
DE_Berlin,2026-09-24T12:00Z,15.3,64,8.6,12.8,0.0,69,1013.7,15.2,28.6,294,38.5,275.0,126.5,200.0
DE_Hamburg,2026-09-24T12:00Z,14.3,71,9.1,11.4,0.0,100,1017.2,17.7,37.4,300,41.0,53.0,0.0,53.0
DE_Munich,2026-09-24T12:00Z,15.4,67,9.3,13.4,0.0,100,960.7,12.8,25.3,283,34.6,182.0,0.0,182.0
ES_Madrid,2026-09-24T12:00Z,30.3,25,8.1,30.5,0.0,26,948.9,4.2,4.5,162,14.0,767.0,894.1,103.0
FR_Paris,2026-09-24T12:00Z,20.4,67,14.1,21.3,0.0,92,1018.7,3.2,4.1,31,10.8,501.0,359.9,268.0
NL_Amsterdam,2026-09-24T12:00Z,18.1,48,6.9,16.2,0.0,99,1024.3,7.6,11.9,320,21.2,466.0,442.8,199.9
PL_Warsaw,2026-09-24T12:00Z,12.1,84,9.5,10.6,0.0,100,1001.1,9.7,16.9,259,21.2,78.0,0.0,78.0
US_BPAT_Portland,2026-09-24T12:00Z,11.4,78,7.7,9.5,0.0,100,1010.7,8.9,8.0,10,11.5,0.0,0.0,0.0
US_CISO_LosAngeles,2026-09-24T12:00Z,20.9,85,18.3,23.4,0.0,99,1001.3,3.9,8.5,208,5.8,0.0,0.0,0.0
US_CISO_SanFrancisco,2026-09-24T12:00Z,14.8,67,8.8,13.5,0.0,0,1009.2,6.7,4.1,165,6.5,0.0,0.0,0.0
US_ERCO_Dallas,2026-09-24T12:00Z,26.1,58,17.2,27.5,0.0,100,1003.9,8.0,25.0,113,21.2,0.0,0.0,0.0
US_ERCO_Houston,2026-09-24T12:00Z,26.1,87,23.8,31.7,0.0,6,1014.7,2.6,13.8,49,15.8,0.0,0.0,0.0
US_ISNE_Boston,2026-09-24T12:00Z,10.3,90,8.8,8.0,0.0,11,1030.8,14.1,36.7,46,33.1,113.0,133.9,91.0
US_MISO_Chicago,2026-09-24T12:00Z,14.9,71,9.7,12.6,0.0,18,995.0,15.3,20.6,71,22.0,0.0,0.0,0.0
US_NYIS_NewYork,2026-09-24T12:00Z,11.9,83,9.1,9.2,0.0,100,1026.9,17.0,34.9,44,37.1,47.0,0.0,47.0
US_PJM_Philadelphia,2026-09-24T12:00Z,12.4,78,8.7,9.4,0.0,100,1026.4,18.8,31.6,32,42.1,41.0,0.0,41.0
US_SWPP_OklahomaCity,2026-09-24T12:00Z,21.4,68,15.3,22.0,0.0,49,977.2,8.1,28.0,138,21.6,0.0,0.0,0.0
VN_DaNang,2026-09-24T12:00Z,26.1,94,25.1,32.1,2.3,99,1010.9,5.4,11.0,142,19.8,0.0,0.0,0.0
VN_HaNoi,2026-09-24T12:00Z,28.5,78,24.3,33.4,0.0,4,1009.1,9.2,18.2,147,7.9,0.0,0.0,0.0
VN_HoChiMinh,2026-09-24T12:00Z,26.3,90,24.5,31.5,0.1,100,1008.8,8.1,15.7,171,16.6,0.0,0.0,0.0
AT_Vienna,2026-09-24T13:00Z,14.2,76,10.0,11.8,1.3,100,996.1,16.2,32.9,283,40.7,89.0,8.5,84.0
BE_Brussels,2026-09-24T13:00Z,20.2,42,6.9,18.6,0.0,99,1022.4,6.5,8.6,24,19.1,570.0,670.7,165.4
DE_Berlin,2026-09-24T13:00Z,15.4,61,7.9,12.3,0.0,100,1014.5,17.7,33.6,298,40.7,291.0,248.7,154.0
DE_Hamburg,2026-09-24T13:00Z,14.3,70,8.9,11.5,0.0,92,1017.6,17.2,36.4,306,42.8,70.0,7.3,66.0
DE_Munich,2026-09-24T13:00Z,15.6,64,8.9,13.5,0.0,100,960.5,12.7,25.4,295,35.6,207.0,1.6,206.0
ES_Madrid,2026-09-24T13:00Z,32.1,21,7.0,31.7,0.0,17,948.4,6.5,7.5,188,18.7,776.0,908.7,96.0
FR_Paris,2026-09-24T13:00Z,21.9,59,13.5,22.8,0.0,82,1018.1,2.1,2.8,30,8.6,519.0,474.6,218.0
NL_Amsterdam,2026-09-24T13:00Z,18.4,47,6.9,16.3,0.0,98,1024.1,8.6,13.0,316,22.3,521.0,603.0,170.3
PL_Warsaw,2026-09-24T13:00Z,12.2,86,9.9,10.7,0.0,100,1000.9,10.1,18.0,264,21.6,48.0,0.0,48.0
US_BPAT_Portland,2026-09-24T13:00Z,11.3,78,7.6,9.8,0.0,16,1010.2,6.4,7.2,3,8.3,0.0,0.0,0.0
US_CISO_LosAngeles,2026-09-24T13:00Z,21.0,88,18.9,23.9,0.0,100,1001.7,3.1,7.0,215,5.8,0.0,0.0,0.0
US_CISO_SanFrancisco,2026-09-24T13:00Z,14.6,63,7.7,13.0,0.0,3,1009.3,7.2,2.6,236,7.2,0.0,0.0,0.0
US_ERCO_Dallas,2026-09-24T13:00Z,26.4,55,16.6,26.8,0.0,60,1004.5,13.0,25.1,111,29.5,23.0,10.7,22.0
US_ERCO_Houston,2026-09-24T13:00Z,25.5,92,24.1,30.4,0.0,6,1015.4,8.7,15.6,56,22.7,39.0,176.1,20.0
US_ISNE_Boston,2026-09-24T13:00Z,13.1,84,10.5,11.0,0.0,7,1031.0,15.7,37.3,50,34.9,297.0,637.0,78.0
US_MISO_Chicago,2026-09-24T13:00Z,15.1,75,10.7,13.6,0.0,50,995.3,12.0,20.0,76,19.4,105.0,343.8,55.0
US_NYIS_NewYork,2026-09-24T13:00Z,13.0,80,9.6,9.9,0.0,100,1026.9,20.0,36.9,51,36.7,215.0,47.1,200.0
US_PJM_Philadelphia,2026-09-24T13:00Z,13.3,77,9.4,10.3,0.0,100,1026.8,19.8,32.0,39,37.4,158.0,87.6,131.0
US_SWPP_OklahomaCity,2026-09-24T13:00Z,21.9,70,16.2,22.5,0.0,99,977.5,10.2,26.9,142,25.9,19.0,23.4,17.0
VN_DaNang,2026-09-24T13:00Z,26.2,94,25.1,32.0,1.7,100,1011.5,6.3,13.8,111,11.5,0.0,0.0,0.0
VN_HaNoi,2026-09-24T13:00Z,27.6,81,24.0,32.5,0.0,2,1009.7,8.0,17.7,147,17.3,0.0,0.0,0.0
VN_HoChiMinh,2026-09-24T13:00Z,25.5,93,24.3,30.6,0.8,100,1009.7,7.5,15.7,171,16.6,0.0,0.0,0.0
AT_Vienna,2026-09-24T14:00Z,14.7,76,10.5,13.5,0.5,84,995.9,9.4,16.1,293,32.4,164.0,107.1,111.0
BE_Brussels,2026-09-24T14:00Z,20.9,38,6.0,19.0,0.0,100,1022.0,6.5,9.0,346,18.4,484.0,592.1,162.4
DE_Berlin,2026-09-24T14:00Z,15.0,64,8.2,12.3,0.0,100,1015.1,15.6,31.6,299,38.9,119.0,40.4,100.0
DE_Hamburg,2026-09-24T14:00Z,15.0,70,9.6,12.4,0.0,89,1018.1,16.9,33.9,301,39.2,215.0,129.2,153.0
DE_Munich,2026-09-24T14:00Z,15.0,67,8.9,12.7,0.0,100,960.5,13.7,26.5,324,34.9,109.0,11.3,103.0
ES_Madrid,2026-09-24T14:00Z,33.2,18,5.7,31.8,0.0,21,947.5,9.2,11.5,207,25.6,724.0,903.8,89.0
FR_Paris,2026-09-24T14:00Z,22.6,54,12.8,22.9,0.0,87,1017.9,4.0,5.0,8,11.2,475.0,474.6,201.0
NL_Amsterdam,2026-09-24T14:00Z,18.7,45,6.5,16.5,0.0,99,1023.9,9.0,12.6,312,22.7,474.0,610.2,155.4
PL_Warsaw,2026-09-24T14:00Z,12.5,84,9.9,11.0,0.0,100,1001.1,10.4,18.0,260,20.9,55.0,0.0,55.0
US_BPAT_Portland,2026-09-24T14:00Z,10.6,83,7.8,9.4,0.0,56,1009.5,4.4,7.2,360,4.3,0.0,0.0,0.0
US_CISO_LosAngeles,2026-09-24T14:00Z,20.8,87,18.6,23.4,0.0,79,1001.9,4.5,5.5,203,6.1,0.0,0.0,0.0
US_CISO_SanFrancisco,2026-09-24T14:00Z,13.4,69,7.8,11.7,0.0,0,1009.6,7.7,1.8,233,7.9,0.0,0.0,0.0
US_ERCO_Dallas,2026-09-24T14:00Z,25.9,62,18.1,26.6,0.0,43,1005.1,15.7,24.7,113,29.5,167.0,269.1,100.0
US_ERCO_Houston,2026-09-24T14:00Z,26.3,88,24.2,31.1,0.0,7,1016.1,10.0,15.5,65,18.7,228.0,552.9,74.0
US_ISNE_Boston,2026-09-24T14:00Z,16.0,65,9.5,13.5,0.0,30,1030.6,16.4,38.2,52,33.1,508.0,819.1,99.0
US_MISO_Chicago,2026-09-24T14:00Z,14.8,81,11.6,13.6,0.0,100,995.7,11.5,20.9,79,13.7,43.0,0.0,43.0
US_NYIS_NewYork,2026-09-24T14:00Z,13.7,77,9.7,9.9,0.0,100,1026.5,25.6,37.8,56,38.5,207.0,126.0,146.0
US_PJM_Philadelphia,2026-09-24T14:00Z,14.2,73,9.5,10.9,0.0,100,1027.0,21.8,32.4,47,38.5,144.0,0.0,144.0
US_SWPP_OklahomaCity,2026-09-24T14:00Z,22.9,69,16.9,23.5,0.0,47,978.0,12.7,25.5,151,28.1,102.0,73.6,85.0
VN_DaNang,2026-09-24T14:00Z,26.4,94,25.3,33.0,0.6,100,1011.8,2.2,6.8,140,11.2,0.0,0.0,0.0
VN_HaNoi,2026-09-24T14:00Z,27.1,83,24.0,32.0,0.0,2,1010.3,7.7,17.3,146,14.8,0.0,0.0,0.0
VN_HoChiMinh,2026-09-24T14:00Z,25.8,93,24.5,31.1,0.0,100,1010.2,7.0,15.2,173,14.0,0.0,0.0,0.0
AT_Vienna,2026-09-24T15:00Z,14.2,75,9.9,12.8,0.0,100,995.5,9.7,16.3,275,21.2,170.0,137.1,120.0
BE_Brussels,2026-09-24T15:00Z,20.5,37,5.3,18.4,0.0,100,1021.6,6.8,8.6,350,17.6,378.0,519.6,146.5
DE_Berlin,2026-09-24T15:00Z,14.7,72,9.7,12.3,0.0,100,1015.4,15.6,32.1,301,36.0,73.0,19.6,66.0
DE_Hamburg,2026-09-24T15:00Z,15.0,73,10.2,12.6,0.0,98,1018.7,17.1,35.0,302,37.8,111.0,55.8,90.0
DE_Munich,2026-09-24T15:00Z,14.9,69,9.3,12.7,0.0,94,960.7,14.3,28.3,301,31.0,121.0,46.3,102.0
ES_Madrid,2026-09-24T15:00Z,34.0,16,4.6,31.5,0.0,30,946.8,10.1,14.5,198,29.2,611.0,864.5,85.0
FR_Paris,2026-09-24T15:00Z,23.1,47,11.2,22.7,0.0,100,1017.5,5.3,6.5,29,11.9,396.0,493.3,159.0
NL_Amsterdam,2026-09-24T15:00Z,18.6,46,6.7,16.1,0.0,100,1023.7,11.2,15.5,326,23.8,364.0,521.0,141.8
PL_Warsaw,2026-09-24T15:00Z,12.8,82,9.8,11.0,0.0,100,1001.3,11.5,19.4,263,22.0,37.0,0.0,37.0
US_BPAT_Portland,2026-09-24T15:00Z,11.2,83,8.4,10.3,0.0,24,1009.3,3.4,4.7,32,5.4,16.0,0.0,16.0
US_CISO_LosAngeles,2026-09-24T15:00Z,20.9,88,18.8,23.7,0.0,100,1002.6,3.2,3.3,193,4.3,40.0,0.0,40.0
US_CISO_SanFrancisco,2026-09-24T15:00Z,14.7,75,10.3,13.8,0.0,1,1010.2,6.5,4.4,305,9.4,64.0,341.1,24.0
US_ERCO_Dallas,2026-09-24T15:00Z,28.1,55,18.3,28.9,0.0,67,1005.4,15.7,24.0,116,23.4,395.0,539.3,154.0
US_ERCO_Houston,2026-09-24T15:00Z,27.6,87,25.3,32.7,0.0,29,1016.5,12.5,15.0,66,16.9,441.0,714.0,98.0
US_ISNE_Boston,2026-09-24T15:00Z,17.4,57,8.8,14.3,0.0,9,1030.7,19.8,37.7,52,29.5,569.0,619.0,185.0
US_MISO_Chicago,2026-09-24T15:00Z,15.7,80,12.3,15.0,0.0,65,995.8,9.7,19.2,85,14.0,83.0,0.0,83.0
US_NYIS_NewYork,2026-09-24T15:00Z,15.3,72,10.3,11.9,0.0,100,1026.3,24.2,38.5,60,34.6,409.0,4.9,406.0
US_PJM_Philadelphia,2026-09-24T15:00Z,15.6,68,9.8,12.4,0.0,100,1027.2,22.1,33.1,59,34.2,445.0,13.0,437.0
US_SWPP_OklahomaCity,2026-09-24T15:00Z,24.8,63,17.3,25.2,0.0,50,978.3,14.6,24.7,157,28.4,381.0,693.6,87.0
VN_DaNang,2026-09-24T15:00Z,26.2,96,25.5,32.9,0.1,100,1012.1,2.8,5.2,194,5.8,0.0,0.0,0.0
VN_HaNoi,2026-09-24T15:00Z,26.7,85,24.0,31.7,0.0,2,1011.2,7.1,16.7,151,14.0,0.0,0.0,0.0
VN_HoChiMinh,2026-09-24T15:00Z,25.7,93,24.5,30.8,0.0,100,1010.6,8.9,17.9,162,17.3,0.0,0.0,0.0
AT_Vienna,2026-09-24T16:00Z,13.5,83,10.7,12.6,2.8,100,997.3,8.1,14.8,303,22.3,54.0,9.6,52.0
BE_Brussels,2026-09-24T16:00Z,19.9,37,4.8,17.6,0.0,100,1021.5,6.8,8.6,12,15.8,250.0,413.1,119.1
DE_Berlin,2026-09-24T16:00Z,14.2,77,10.3,12.6,0.0,100,1015.8,11.9,24.1,295,36.7,41.0,27.3,35.0
DE_Hamburg,2026-09-24T16:00Z,14.4,74,9.8,12.1,0.0,100,1018.9,15.3,31.5,306,38.9,36.0,0.0,36.0
DE_Munich,2026-09-24T16:00Z,15.0,61,7.6,12.7,0.0,29,961.1,12.1,25.3,309,29.9,94.0,118.5,63.0
ES_Madrid,2026-09-24T16:00Z,33.8,16,4.5,31.3,0.0,34,946.4,7.4,9.8,210,28.4,451.0,791.9,77.0
FR_Paris,2026-09-24T16:00Z,23.0,45,10.5,22.6,0.0,100,1017.1,4.2,5.1,34,11.5,228.0,199.9,158.0
NL_Amsterdam,2026-09-24T16:00Z,17.5,49,6.6,15.5,0.0,100,1023.8,7.6,11.2,324,18.7,223.0,357.2,115.5
PL_Warsaw,2026-09-24T16:00Z,12.6,85,10.2,10.7,0.0,100,1002.0,13.3,22.3,268,25.6,11.0,0.0,11.0
US_BPAT_Portland,2026-09-24T16:00Z,11.9,86,9.6,10.8,0.0,86,1008.9,6.4,3.7,11,11.2,195.0,353.9,106.0
US_CISO_LosAngeles,2026-09-24T16:00Z,21.1,88,19.0,24.2,0.0,100,1002.7,2.2,2.1,211,4.3,90.0,0.0,90.0
US_CISO_SanFrancisco,2026-09-24T16:00Z,18.6,74,13.9,19.0,0.0,4,1010.5,5.4,0.8,63,7.9,255.0,676.9,59.0
US_ERCO_Dallas,2026-09-24T16:00Z,29.9,51,18.7,31.3,0.0,80,1005.7,13.2,20.9,122,15.8,557.0,513.1,242.0
US_ERCO_Houston,2026-09-24T16:00Z,28.5,81,25.0,34.6,0.0,5,1016.8,7.4,13.8,62,11.2,623.0,768.7,124.0
US_ISNE_Boston,2026-09-24T16:00Z,18.3,52,8.3,15.4,0.0,1,1030.1,22.7,38.2,52,34.6,732.0,908.9,97.0
US_MISO_Chicago,2026-09-24T16:00Z,16.6,79,13.0,16.3,0.0,44,995.8,8.8,18.5,82,18.4,440.0,125.4,363.0
US_NYIS_NewYork,2026-09-24T16:00Z,16.7,64,9.8,13.1,0.0,100,1026.0,24.1,37.4,60,33.1,468.0,327.6,237.0
US_PJM_Philadelphia,2026-09-24T16:00Z,17.1,62,9.8,14.5,0.0,100,1026.7,21.3,32.4,60,33.5,647.0,697.5,153.0
US_SWPP_OklahomaCity,2026-09-24T16:00Z,26.6,58,17.7,27.2,0.0,7,978.5,15.5,23.8,162,28.8,555.0,694.7,147.0
VN_DaNang,2026-09-24T16:00Z,26.0,98,25.6,32.9,0.0,100,1012.0,1.6,5.4,160,6.1,0.0,0.0,0.0
VN_HaNoi,2026-09-24T16:00Z,26.3,87,24.0,31.3,0.0,2,1011.4,7.2,16.3,158,13.7,0.0,0.0,0.0
VN_HoChiMinh,2026-09-24T16:00Z,25.8,92,24.4,30.6,0.0,100,1010.7,10.6,20.7,177,20.9,0.0,0.0,0.0
AT_Vienna,2026-09-24T17:00Z,13.3,80,9.9,12.4,4.1,100,997.6,6.1,10.2,272,21.6,5.0,0.0,5.0
BE_Brussels,2026-09-24T17:00Z,19.8,39,5.4,17.7,0.0,100,1021.4,6.8,8.6,13,14.8,97.0,172.5,68.3
DE_Berlin,2026-09-24T17:00Z,14.0,79,10.4,12.4,0.0,100,1016.5,11.8,23.8,299,31.0,8.0,11.3,7.0
DE_Hamburg,2026-09-24T17:00Z,14.2,75,9.8,12.1,0.0,100,1019.6,14.1,30.4,305,33.8,12.0,0.0,12.0
DE_Munich,2026-09-24T17:00Z,14.4,54,5.2,11.5,0.0,36,962.0,11.5,26.5,313,28.8,56.0,185.2,36.0
ES_Madrid,2026-09-24T17:00Z,33.3,16,4.1,30.9,0.0,31,946.3,6.2,9.0,239,20.2,262.0,655.7,63.0
FR_Paris,2026-09-24T17:00Z,22.8,44,9.9,22.2,0.0,100,1016.8,3.6,4.5,45,9.4,115.0,158.5,84.0
NL_Amsterdam,2026-09-24T17:00Z,17.1,56,8.2,15.6,0.0,100,1023.8,6.8,9.7,331,14.8,88.0,158.1,63.5
PL_Warsaw,2026-09-24T17:00Z,12.2,91,10.7,10.8,0.2,100,1002.7,11.2,19.8,278,25.6,0.0,0.0,0.0
US_BPAT_Portland,2026-09-24T17:00Z,12.7,87,10.6,12.2,0.0,29,1008.5,5.2,3.1,21,7.2,362.0,633.6,102.0
US_CISO_LosAngeles,2026-09-24T17:00Z,22.1,83,19.1,25.0,0.0,92,1002.8,3.6,3.6,225,4.7,167.0,0.0,167.0
US_CISO_SanFrancisco,2026-09-24T17:00Z,21.5,69,15.6,23.0,0.0,3,1010.6,3.2,4.7,247,5.4,448.0,768.6,88.0
US_ERCO_Dallas,2026-09-24T17:00Z,31.3,49,19.4,34.5,0.0,16,1005.4,9.7,19.0,123,11.5,727.0,801.4,135.0
US_ERCO_Houston,2026-09-24T17:00Z,30.1,77,25.7,37.2,0.0,19,1016.3,9.0,14.1,71,12.6,761.0,803.1,140.0
US_ISNE_Boston,2026-09-24T17:00Z,17.9,54,8.5,14.9,0.0,0,1029.0,25.2,37.6,50,34.9,769.0,922.1,97.0
US_MISO_Chicago,2026-09-24T17:00Z,17.6,77,13.5,17.9,0.0,18,995.2,8.8,20.8,80,14.0,620.0,599.0,202.0
US_NYIS_NewYork,2026-09-24T17:00Z,18.0,53,8.3,14.9,0.0,7,1025.4,23.4,35.0,61,33.5,710.0,572.4,283.0
US_PJM_Philadelphia,2026-09-24T17:00Z,17.2,62,9.9,14.0,0.0,100,1026.0,21.5,31.5,68,35.3,342.0,51.8,303.0
US_SWPP_OklahomaCity,2026-09-24T17:00Z,29.1,54,18.8,30.8,0.0,10,978.6,16.1,22.1,173,21.2,691.0,785.6,133.0
VN_DaNang,2026-09-24T17:00Z,25.9,98,25.6,32.6,0.1,100,1011.6,2.5,7.1,173,5.4,0.0,0.0,0.0
VN_HaNoi,2026-09-24T17:00Z,25.8,91,24.2,31.3,0.0,3,1011.1,4.8,12.5,164,13.3,0.0,0.0,0.0
VN_HoChiMinh,2026-09-24T17:00Z,25.8,90,24.1,30.5,0.0,100,1010.4,9.7,19.5,185,22.3,0.0,0.0,0.0
AT_Vienna,2026-09-24T18:00Z,12.1,83,9.3,10.2,0.0,84,998.9,12.0,28.6,283,20.2,0.0,0.0,0.0
BE_Brussels,2026-09-24T18:00Z,18.7,43,5.9,16.6,0.0,100,1021.6,7.6,11.5,39,13.0,9.0,0.0,9.0
DE_Berlin,2026-09-24T18:00Z,13.5,84,10.8,12.1,0.0,100,1017.0,11.6,22.2,288,26.3,0.0,0.0,0.0
DE_Hamburg,2026-09-24T18:00Z,13.9,79,10.3,12.2,0.0,100,1019.9,12.4,26.5,303,31.7,0.0,0.0,0.0
DE_Munich,2026-09-24T18:00Z,13.6,55,4.7,11.4,0.0,0,962.8,6.5,22.2,314,25.9,0.0,0.0,0.0
ES_Madrid,2026-09-24T18:00Z,31.4,18,4.2,29.3,0.0,8,945.9,4.8,12.7,236,16.9,79.0,365.3,33.0
FR_Paris,2026-09-24T18:00Z,21.8,56,12.6,22.0,0.0,100,1017.2,4.4,8.5,83,7.9,16.0,0.0,16.0
NL_Amsterdam,2026-09-24T18:00Z,16.2,57,7.6,14.4,0.0,100,1024.1,7.9,9.7,352,11.5,9.0,0.0,9.0
PL_Warsaw,2026-09-24T18:00Z,12.1,93,11.0,12.1,0.1,100,1003.0,2.5,7.2,289,10.4,0.0,0.0,0.0
US_BPAT_Portland,2026-09-24T18:00Z,13.9,90,12.3,14.1,0.0,74,1008.0,3.3,2.0,45,20.5,429.0,168.3,338.0
US_CISO_LosAngeles,2026-09-24T18:00Z,23.9,77,19.6,26.8,0.0,38,1002.8,5.2,5.8,240,5.4,308.0,1.5,307.0
US_CISO_SanFrancisco,2026-09-24T18:00Z,23.1,60,14.9,24.3,0.0,1,1010.6,6.0,6.5,276,6.5,615.0,852.3,91.0
US_ERCO_Dallas,2026-09-24T18:00Z,33.1,46,19.9,37.5,0.0,62,1004.6,5.9,14.6,123,6.1,774.0,705.1,201.0
US_ERCO_Houston,2026-09-24T18:00Z,31.1,72,25.5,38.9,0.0,3,1015.4,6.6,12.9,63,11.5,825.0,737.9,202.0
US_ISNE_Boston,2026-09-24T18:00Z,18.3,51,8.0,15.5,0.0,1,1029.1,21.9,35.9,52,31.0,732.0,880.6,108.0
US_MISO_Chicago,2026-09-24T18:00Z,18.5,69,12.7,18.4,0.0,10,994.8,13.3,20.8,80,20.5,730.0,827.6,123.0
US_NYIS_NewYork,2026-09-24T18:00Z,18.6,53,8.8,16.1,0.0,98,1024.6,20.8,32.3,55,34.6,719.0,492.2,357.0
US_PJM_Philadelphia,2026-09-24T18:00Z,18.8,57,10.1,17.0,0.0,100,1025.1,20.4,30.5,57,29.2,772.0,860.9,129.0
US_SWPP_OklahomaCity,2026-09-24T18:00Z,30.9,52,19.9,33.4,0.0,10,978.3,16.7,20.2,181,22.0,757.0,693.5,213.0
VN_DaNang,2026-09-24T18:00Z,26.5,95,25.7,32.7,0.1,100,1010.8,6.7,13.2,146,7.9,0.0,0.0,0.0
VN_HaNoi,2026-09-24T18:00Z,26.3,90,24.6,32.3,0.0,9,1010.5,3.4,9.4,149,8.6,0.0,0.0,0.0
VN_HoChiMinh,2026-09-24T18:00Z,26.1,91,24.6,31.1,0.0,100,1009.7,9.5,18.1,164,19.8,0.0,0.0,0.0
AT_Vienna,2026-09-24T19:00Z,12.3,82,9.3,10.1,0.0,47,998.8,13.5,31.4,291,28.4,0.0,0.0,0.0
BE_Brussels,2026-09-24T19:00Z,17.9,44,5.5,15.7,0.0,100,1021.4,7.6,12.2,91,15.5,0.0,0.0,0.0
DE_Berlin,2026-09-24T19:00Z,13.2,84,10.6,12.0,0.0,100,1017.6,10.1,21.6,281,25.9,0.0,0.0,0.0
DE_Hamburg,2026-09-24T19:00Z,13.7,80,10.3,12.2,0.0,100,1020.3,11.1,24.2,301,27.7,0.0,0.0,0.0
DE_Munich,2026-09-24T19:00Z,12.2,65,5.8,10.4,0.0,0,962.8,5.2,16.2,297,14.4,0.0,0.0,0.0
ES_Madrid,2026-09-24T19:00Z,29.2,21,4.6,27.3,0.0,7,945.8,4.0,15.3,241,10.4,0.0,0.0,0.0
FR_Paris,2026-09-24T19:00Z,20.8,56,11.7,20.6,0.0,62,1017.1,4.7,12.3,88,9.4,0.0,0.0,0.0
NL_Amsterdam,2026-09-24T19:00Z,15.7,59,7.7,14.2,0.0,100,1023.8,6.5,7.6,58,8.3,0.0,0.0,0.0
PL_Warsaw,2026-09-24T19:00Z,12.3,93,11.2,11.7,0.4,100,1003.4,6.5,14.0,274,10.4,0.0,0.0,0.0
US_BPAT_Portland,2026-09-24T19:00Z,15.5,88,13.5,15.8,0.0,99,1007.4,6.0,1.9,158,17.3,505.0,80.5,454.0
US_CISO_LosAngeles,2026-09-24T19:00Z,24.9,76,20.4,28.0,0.0,27,1002.8,7.0,9.2,239,7.6,337.0,143.1,226.0
US_CISO_SanFrancisco,2026-09-24T19:00Z,24.9,56,15.6,27.3,0.0,3,1010.6,4.7,8.7,277,4.7,733.0,882.1,99.0
US_ERCO_Dallas,2026-09-24T19:00Z,34.0,47,21.1,39.1,0.0,82,1003.8,4.4,9.5,119,4.3,761.0,312.9,501.0
US_ERCO_Houston,2026-09-24T19:00Z,31.9,71,26.0,39.7,0.0,2,1014.5,9.2,13.6,68,14.8,851.0,843.4,128.0
US_ISNE_Boston,2026-09-24T19:00Z,17.7,51,7.4,14.0,0.0,1,1028.4,24.0,35.1,46,33.8,652.0,870.8,95.0
US_MISO_Chicago,2026-09-24T19:00Z,18.3,64,11.4,17.1,0.0,22,994.6,14.9,17.7,78,21.6,667.0,655.5,196.0
US_NYIS_NewYork,2026-09-24T19:00Z,19.2,50,8.5,16.8,0.0,98,1023.6,18.6,32.7,56,27.0,696.0,864.6,113.0
US_PJM_Philadelphia,2026-09-24T19:00Z,19.3,51,9.0,16.6,0.0,57,1024.3,20.2,31.3,57,27.4,649.0,451.5,338.0
US_SWPP_OklahomaCity,2026-09-24T19:00Z,32.1,49,20.1,35.4,0.0,5,977.3,13.2,19.1,200,19.1,793.0,812.9,139.0
VN_DaNang,2026-09-24T19:00Z,26.2,95,25.4,32.2,0.2,100,1010.4,6.6,13.5,157,11.9,0.0,0.0,0.0
VN_HaNoi,2026-09-24T19:00Z,25.8,93,24.5,32.1,0.0,5,1010.1,0.4,3.9,167,5.4,0.0,0.0,0.0
VN_HoChiMinh,2026-09-24T19:00Z,25.9,91,24.4,31.1,0.1,100,1009.0,7.3,15.1,168,18.7,0.0,0.0,0.0
AT_Vienna,2026-09-24T20:00Z,12.0,78,8.3,9.6,0.0,68,999.0,12.9,31.2,295,29.2,0.0,0.0,0.0
BE_Brussels,2026-09-24T20:00Z,17.9,46,6.2,15.9,0.0,100,1021.3,7.2,12.6,90,14.0,0.0,0.0,0.0
DE_Berlin,2026-09-24T20:00Z,13.2,83,10.4,12.0,0.0,100,1017.8,9.7,20.8,273,22.3,0.0,0.0,0.0
DE_Hamburg,2026-09-24T20:00Z,13.6,79,10.0,12.1,0.0,100,1020.7,10.7,23.8,305,25.9,0.0,0.0,0.0
DE_Munich,2026-09-24T20:00Z,11.0,73,6.3,9.3,0.0,0,963.6,5.0,15.3,285,11.9,0.0,0.0,0.0
ES_Madrid,2026-09-24T20:00Z,27.5,23,4.5,25.6,0.0,1,945.7,3.6,16.6,253,8.3,0.0,0.0,0.0
FR_Paris,2026-09-24T20:00Z,19.7,60,11.7,19.7,0.0,21,1016.9,3.6,12.7,93,8.3,0.0,0.0,0.0
NL_Amsterdam,2026-09-24T20:00Z,15.6,64,8.8,14.4,0.0,100,1023.5,6.5,7.2,80,9.0,0.0,0.0,0.0
PL_Warsaw,2026-09-24T20:00Z,12.2,94,11.3,11.4,0.3,100,1003.5,8.6,18.4,284,15.8,0.0,0.0,0.0
US_BPAT_Portland,2026-09-24T20:00Z,17.4,80,13.9,17.7,0.0,99,1006.6,7.1,4.4,189,13.7,482.0,11.7,474.0
US_CISO_LosAngeles,2026-09-24T20:00Z,25.8,75,21.1,29.3,0.0,41,1002.1,6.2,12.4,240,6.5,480.0,291.2,242.0
US_CISO_SanFrancisco,2026-09-24T20:00Z,25.9,55,16.2,27.9,0.0,0,1010.5,10.4,11.5,274,12.6,796.0,853.5,136.0
US_ERCO_Dallas,2026-09-24T20:00Z,34.6,43,20.2,39.1,0.0,28,1002.8,5.2,7.6,95,6.1,746.0,594.8,275.0
US_ERCO_Houston,2026-09-24T20:00Z,32.9,64,25.2,39.6,0.0,44,1013.5,10.6,14.8,67,16.2,801.0,840.4,119.0
US_ISNE_Boston,2026-09-24T20:00Z,17.2,56,8.3,13.9,0.0,1,1027.7,19.4,34.9,46,29.5,490.0,712.2,115.0
US_MISO_Chicago,2026-09-24T20:00Z,18.4,64,11.4,17.6,0.0,7,994.2,11.5,15.4,74,19.4,621.0,684.9,173.0
US_NYIS_NewYork,2026-09-24T20:00Z,19.3,47,7.7,16.0,0.0,92,1023.4,18.3,32.0,51,29.9,416.0,75.9,373.0
US_PJM_Philadelphia,2026-09-24T20:00Z,19.1,55,9.9,16.6,0.0,98,1023.9,17.5,31.0,54,25.9,545.0,673.7,152.0
US_SWPP_OklahomaCity,2026-09-24T20:00Z,32.9,47,20.1,36.3,0.0,27,976.4,9.8,16.6,204,11.9,713.0,753.9,133.0
VN_DaNang,2026-09-24T20:00Z,25.8,95,25.0,31.5,0.3,99,1010.0,6.4,13.8,158,12.2,0.0,0.0,0.0
VN_HaNoi,2026-09-24T20:00Z,25.5,94,24.5,31.7,0.0,7,1009.7,1.3,1.4,67,3.2,0.0,0.0,0.0
VN_HoChiMinh,2026-09-24T20:00Z,25.5,93,24.3,30.8,0.2,100,1008.9,6.6,13.1,165,14.0,0.0,0.0,0.0
AT_Vienna,2026-09-24T21:00Z,11.7,77,7.8,9.3,0.0,0,999.6,12.9,31.1,293,26.6,0.0,0.0,0.0
BE_Brussels,2026-09-24T21:00Z,16.9,50,6.4,14.7,0.0,100,1020.9,9.4,18.7,113,16.6,0.0,0.0,0.0
DE_Berlin,2026-09-24T21:00Z,13.1,84,10.5,11.7,0.0,100,1017.6,11.2,23.5,278,24.1,0.0,0.0,0.0
DE_Hamburg,2026-09-24T21:00Z,13.4,78,9.6,11.7,0.0,100,1021.2,10.5,22.7,303,24.8,0.0,0.0,0.0
DE_Munich,2026-09-24T21:00Z,9.6,78,6.0,8.0,0.0,48,963.2,4.2,14.2,251,10.4,0.0,0.0,0.0
ES_Madrid,2026-09-24T21:00Z,25.4,25,3.9,23.3,0.0,0,946.0,3.9,13.9,285,7.9,0.0,0.0,0.0
FR_Paris,2026-09-24T21:00Z,18.4,64,11.4,18.1,0.0,60,1016.9,5.0,16.2,91,6.5,0.0,0.0,0.0
NL_Amsterdam,2026-09-24T21:00Z,15.0,64,8.3,14.3,0.0,54,1023.0,1.8,1.4,100,3.6,0.0,0.0,0.0
PL_Warsaw,2026-09-24T21:00Z,12.1,94,11.2,11.3,0.1,100,1003.9,8.3,16.9,289,16.2,0.0,0.0,0.0
US_BPAT_Portland,2026-09-24T21:00Z,18.4,75,13.9,18.5,0.0,99,1005.9,7.9,6.7,196,13.7,383.0,0.0,383.0
US_CISO_LosAngeles,2026-09-24T21:00Z,30.6,48,18.4,33.6,0.0,8,1001.7,6.7,14.5,243,7.2,695.0,617.7,199.0
US_CISO_SanFrancisco,2026-09-24T21:00Z,24.7,56,15.3,25.7,0.0,2,1010.2,14.4,16.6,272,18.0,799.0,892.2,108.0
US_ERCO_Dallas,2026-09-24T21:00Z,34.7,42,19.9,38.4,0.0,43,1002.2,4.4,7.2,84,6.5,629.0,525.4,262.0
US_ERCO_Houston,2026-09-24T21:00Z,33.6,61,25.1,39.0,0.0,31,1013.0,12.1,17.4,68,15.1,620.0,611.3,186.0
US_ISNE_Boston,2026-09-24T21:00Z,16.5,52,6.6,13.0,0.0,0,1027.3,17.8,32.6,47,28.8,330.0,668.5,78.0
US_MISO_Chicago,2026-09-24T21:00Z,18.1,76,13.8,17.6,0.0,91,994.0,11.8,15.3,75,18.0,444.0,477.5,184.0
US_NYIS_NewYork,2026-09-24T21:00Z,19.1,45,6.9,15.8,0.0,93,1022.7,17.2,34.6,47,31.3,370.0,662.5,92.0
US_PJM_Philadelphia,2026-09-24T21:00Z,19.0,50,8.3,16.0,0.0,98,1023.6,17.4,27.8,53,26.6,366.0,539.4,130.0
US_SWPP_OklahomaCity,2026-09-24T21:00Z,33.0,47,20.2,35.3,0.0,35,975.7,10.8,15.6,195,13.3,494.0,543.1,124.0
VN_DaNang,2026-09-24T21:00Z,26.1,93,24.9,32.1,0.2,96,1010.0,4.9,13.0,160,10.8,0.0,0.0,0.0
VN_HaNoi,2026-09-24T21:00Z,25.4,95,24.6,31.6,0.0,17,1009.7,1.7,1.8,37,3.6,0.0,0.0,0.0
VN_HoChiMinh,2026-09-24T21:00Z,24.9,96,24.2,29.9,1.1,100,1009.0,7.9,14.3,153,16.2,0.0,0.0,0.0
AT_Vienna,2026-09-24T22:00Z,11.4,77,7.5,8.8,0.0,7,999.3,13.4,31.4,297,27.7,0.0,0.0,0.0
BE_Brussels,2026-09-24T22:00Z,16.4,47,5.1,13.7,0.0,100,1020.6,10.4,23.4,126,18.4,0.0,0.0,0.0
DE_Berlin,2026-09-24T22:00Z,13.1,83,10.3,11.6,0.0,100,1017.3,11.3,23.7,281,24.8,0.0,0.0,0.0
DE_Hamburg,2026-09-24T22:00Z,13.2,75,8.8,11.4,0.0,100,1020.8,10.3,22.6,301,24.1,0.0,0.0,0.0
DE_Munich,2026-09-24T22:00Z,9.3,80,6.1,7.8,0.0,51,963.4,3.6,16.4,245,9.0,0.0,0.0,0.0
ES_Madrid,2026-09-24T22:00Z,23.0,31,4.9,21.1,0.0,0,945.4,4.0,9.0,329,8.3,0.0,0.0,0.0
FR_Paris,2026-09-24T22:00Z,17.5,67,11.3,17.2,0.0,100,1016.6,4.3,15.0,99,9.7,0.0,0.0,0.0
NL_Amsterdam,2026-09-24T22:00Z,14.4,65,7.9,12.6,0.0,93,1022.7,9.0,16.2,141,13.3,0.0,0.0,0.0
PL_Warsaw,2026-09-24T22:00Z,12.0,94,11.1,10.9,0.0,100,1003.9,10.1,18.0,293,19.1,0.0,0.0,0.0
US_BPAT_Portland,2026-09-24T22:00Z,19.3,73,14.4,19.9,0.0,99,1005.5,6.0,13.0,194,17.3,333.0,0.0,333.0
US_CISO_LosAngeles,2026-09-24T22:00Z,29.5,58,20.4,32.6,0.0,11,1000.9,12.9,15.3,240,14.4,718.0,815.4,120.0
US_CISO_SanFrancisco,2026-09-24T22:00Z,23.5,60,15.3,23.5,0.0,89,1010.1,18.1,19.5,273,22.7,705.0,653.4,233.0
US_ERCO_Dallas,2026-09-24T22:00Z,34.2,41,19.1,36.2,0.0,81,1001.8,9.5,11.3,81,10.8,365.0,14.4,357.0
US_ERCO_Houston,2026-09-24T22:00Z,33.2,60,24.4,38.2,0.0,55,1012.8,9.4,20.4,81,15.1,505.0,714.9,105.0
US_ISNE_Boston,2026-09-24T22:00Z,15.3,53,5.8,12.1,0.0,1,1026.7,14.7,32.3,46,29.2,124.0,333.2,57.0
US_MISO_Chicago,2026-09-24T22:00Z,17.8,72,12.7,17.0,0.0,64,994.1,11.7,14.1,77,15.5,153.0,0.0,153.0
US_NYIS_NewYork,2026-09-24T22:00Z,18.4,46,6.6,15.0,0.0,99,1022.0,17.5,33.4,44,30.6,162.0,344.9,78.0
US_PJM_Philadelphia,2026-09-24T22:00Z,17.9,54,8.5,15.7,0.0,99,1023.2,12.5,24.2,53,25.2,180.0,340.6,91.0
US_SWPP_OklahomaCity,2026-09-24T22:00Z,33.4,44,19.5,35.4,0.0,35,975.3,10.6,16.2,180,14.0,383.0,512.7,103.0
VN_DaNang,2026-09-24T22:00Z,26.0,93,24.9,32.0,0.1,91,1010.4,4.2,12.5,152,10.1,0.0,0.0,0.0
VN_HaNoi,2026-09-24T22:00Z,25.2,96,24.5,31.3,0.0,29,1009.7,2.0,3.4,16,4.0,0.0,0.0,0.0
VN_HoChiMinh,2026-09-24T22:00Z,24.5,97,24.0,29.4,2.3,99,1009.6,7.8,14.5,148,16.9,0.0,0.0,0.0
AT_Vienna,2026-09-24T23:00Z,11.1,76,7.1,8.2,0.0,0,999.1,15.0,34.9,296,31.0,0.0,0.0,0.0
BE_Brussels,2026-09-24T23:00Z,16.1,48,5.1,13.5,0.0,99,1020.4,9.7,24.1,136,17.3,0.0,0.0,0.0
DE_Berlin,2026-09-24T23:00Z,13.0,84,10.4,11.6,0.0,100,1017.6,11.2,23.0,288,25.2,0.0,0.0,0.0
DE_Hamburg,2026-09-24T23:00Z,13.0,77,9.1,11.6,0.0,100,1020.7,8.3,17.8,295,22.0,0.0,0.0,0.0
DE_Munich,2026-09-24T23:00Z,9.3,85,7.0,8.1,0.0,76,962.7,3.4,14.8,258,7.9,0.0,0.0,0.0
ES_Madrid,2026-09-24T23:00Z,21.2,34,4.7,19.3,0.0,0,945.7,4.4,10.0,10,10.8,0.0,0.0,0.0
FR_Paris,2026-09-24T23:00Z,16.8,71,11.5,16.6,0.0,100,1016.4,5.0,17.0,114,9.7,0.0,0.0,0.0
NL_Amsterdam,2026-09-24T23:00Z,14.1,69,8.5,11.9,0.0,78,1022.5,12.2,25.6,147,18.4,0.0,0.0,0.0
PL_Warsaw,2026-09-24T23:00Z,11.9,95,11.1,10.9,0.0,100,1004.1,9.4,15.8,293,19.1,0.0,0.0,0.0
US_BPAT_Portland,2026-09-24T23:00Z,20.4,67,14.1,20.9,0.0,99,1005.2,6.2,17.3,201,22.7,297.0,0.0,297.0
US_CISO_LosAngeles,2026-09-24T23:00Z,27.5,66,20.6,29.5,0.0,11,1000.9,16.5,19.2,242,18.7,584.0,746.8,126.0
US_CISO_SanFrancisco,2026-09-24T23:00Z,22.0,63,14.6,20.1,0.0,78,1010.0,23.3,16.3,262,28.4,530.0,211.1,399.0
US_ERCO_Dallas,2026-09-24T23:00Z,33.5,41,18.4,35.4,0.0,99,1001.4,8.0,16.3,84,12.2,218.0,18.6,211.0
US_ERCO_Houston,2026-09-24T23:00Z,32.4,58,23.1,36.4,0.0,16,1012.8,10.6,22.0,95,19.1,242.0,129.5,194.0
US_ISNE_Boston,2026-09-24T23:00Z,13.4,52,3.7,10.8,0.0,0,1026.6,7.7,32.0,52,19.4,0.0,0.0,0.0
US_MISO_Chicago,2026-09-24T23:00Z,16.9,76,12.7,16.3,0.0,90,994.3,10.0,13.1,74,15.5,54.0,0.0,54.0
US_NYIS_NewYork,2026-09-24T23:00Z,17.1,44,4.8,13.8,0.0,92,1022.3,13.8,31.6,49,33.8,0.0,0.0,0.0
US_PJM_Philadelphia,2026-09-24T23:00Z,16.9,56,8.1,15.7,0.0,99,1022.8,5.0,21.4,44,7.6,0.0,0.0,0.0
US_SWPP_OklahomaCity,2026-09-24T23:00Z,32.7,42,18.1,34.0,0.0,9,975.1,11.2,17.7,176,15.8,289.0,533.0,90.0
VN_DaNang,2026-09-24T23:00Z,26.0,93,24.9,31.3,0.0,99,1010.4,9.4,17.0,167,16.6,5.0,0.0,5.0
VN_HaNoi,2026-09-24T23:00Z,25.2,96,24.5,31.2,0.0,28,1010.2,2.2,5.1,17,4.7,1.0,0.0,1.0
VN_HoChiMinh,2026-09-24T23:00Z,24.6,97,24.0,29.2,0.7,98,1009.6,10.1,18.7,144,19.1,1.0,0.0,1.0
AT_Vienna,2026-09-25T00:00Z,11.0,77,7.1,7.9,0.0,18,999.0,16.1,35.5,299,33.8,0.0,0.0,0.0
BE_Brussels,2026-09-25T00:00Z,15.3,51,5.3,12.6,0.0,65,1020.3,10.8,29.2,139,18.7,0.0,0.0,0.0
DE_Berlin,2026-09-25T00:00Z,12.8,88,10.9,11.5,0.0,100,1017.5,11.4,23.4,285,24.8,0.0,0.0,0.0
DE_Hamburg,2026-09-25T00:00Z,13.2,80,9.8,12.0,0.0,100,1021.0,8.0,16.8,285,18.0,0.0,0.0,0.0
DE_Munich,2026-09-25T00:00Z,8.5,90,6.9,7.4,0.0,53,963.1,2.3,10.6,274,7.2,0.0,0.0,0.0
ES_Madrid,2026-09-25T00:00Z,20.6,30,2.4,18.1,0.0,0,944.9,5.1,13.5,33,11.5,0.0,0.0,0.0
FR_Paris,2026-09-25T00:00Z,16.1,70,10.6,15.6,0.0,12,1016.4,5.2,17.7,125,10.1,0.0,0.0,0.0
NL_Amsterdam,2026-09-25T00:00Z,13.1,70,7.8,11.0,0.0,1,1022.1,10.4,23.4,153,15.5,0.0,0.0,0.0
PL_Warsaw,2026-09-25T00:00Z,12.0,95,11.2,11.1,0.0,100,1003.9,8.6,14.8,295,15.5,0.0,0.0,0.0
US_BPAT_Portland,2026-09-25T00:00Z,20.8,55,11.4,19.7,0.0,48,1004.8,10.3,13.6,192,27.7,152.0,0.0,152.0
US_CISO_LosAngeles,2026-09-25T00:00Z,25.3,76,20.8,27.4,0.0,15,1001.2,14.7,18.1,247,16.2,368.0,583.3,105.0
US_CISO_SanFrancisco,2026-09-25T00:00Z,21.8,47,10.0,17.8,0.0,48,1010.0,27.3,19.2,265,38.9,387.0,300.5,244.0
US_ERCO_Dallas,2026-09-25T00:00Z,33.1,40,17.7,34.4,0.0,65,1001.4,10.1,21.8,81,14.0,58.0,0.0,58.0
US_ERCO_Houston,2026-09-25T00:00Z,29.4,65,22.2,33.0,0.0,99,1013.1,9.9,19.5,109,23.4,51.0,70.2,40.0
US_ISNE_Boston,2026-09-25T00:00Z,11.6,66,5.4,9.4,0.0,2,1026.3,7.6,29.5,60,24.5,0.0,0.0,0.0
US_MISO_Chicago,2026-09-25T00:00Z,16.0,85,13.5,15.5,0.0,21,994.3,11.0,14.0,72,12.6,0.0,0.0,0.0
US_NYIS_NewYork,2026-09-25T00:00Z,17.1,42,4.1,12.4,0.0,99,1021.6,22.7,32.1,42,44.3,0.0,0.0,0.0
US_PJM_Philadelphia,2026-09-25T00:00Z,16.6,52,6.7,14.8,0.0,97,1022.5,7.3,18.9,18,19.1,0.0,0.0,0.0
US_SWPP_OklahomaCity,2026-09-25T00:00Z,30.0,50,18.4,31.9,0.0,11,975.1,8.2,23.4,151,13.7,70.0,91.7,54.0
VN_DaNang,2026-09-25T00:00Z,27.1,88,24.8,32.6,0.0,99,1011.7,7.1,11.2,132,16.6,87.0,81.7,70.0
VN_HaNoi,2026-09-25T00:00Z,26.6,90,24.7,32.5,0.0,18,1011.0,4.0,10.3,22,10.1,87.0,211.1,52.0
VN_HoChiMinh,2026-09-25T00:00Z,25.6,95,24.8,31.5,0.0,43,1010.5,4.8,12.7,157,19.1,65.0,69.0,52.0
AT_Vienna,2026-09-25T01:00Z,10.8,76,6.8,8.1,0.0,9,999.6,13.2,32.2,299,32.0,0.0,0.0,0.0
BE_Brussels,2026-09-25T01:00Z,14.7,47,3.5,11.6,0.0,0,1019.8,11.2,31.3,153,18.7,0.0,0.0,0.0
DE_Berlin,2026-09-25T01:00Z,12.9,87,10.8,11.8,0.0,100,1017.7,9.5,19.3,285,24.5,0.0,0.0,0.0
DE_Hamburg,2026-09-25T01:00Z,12.9,82,9.9,11.8,0.0,100,1020.7,7.6,16.3,283,17.6,0.0,0.0,0.0
DE_Munich,2026-09-25T01:00Z,7.9,92,6.7,6.7,0.0,8,962.0,2.5,9.7,289,6.1,0.0,0.0,0.0
ES_Madrid,2026-09-25T01:00Z,19.8,28,0.8,17.0,0.0,0,945.1,5.7,15.8,39,13.3,0.0,0.0,0.0
FR_Paris,2026-09-25T01:00Z,15.6,73,10.8,15.2,0.0,6,1016.0,4.4,15.2,132,9.4,0.0,0.0,0.0
NL_Amsterdam,2026-09-25T01:00Z,12.5,72,7.6,10.5,0.0,0,1021.8,9.7,31.3,162,16.6,0.0,0.0,0.0
PL_Warsaw,2026-09-25T01:00Z,11.8,97,11.3,10.9,0.0,100,1003.8,9.0,14.4,278,16.6,0.0,0.0,0.0
US_BPAT_Portland,2026-09-25T01:00Z,19.7,70,14.1,20.3,0.0,99,1004.5,5.2,10.0,167,23.8,127.0,15.1,123.0
US_CISO_LosAngeles,2026-09-25T01:00Z,23.7,78,19.6,25.2,0.0,29,1001.5,14.6,15.0,249,17.6,150.0,279.9,78.0
US_CISO_SanFrancisco,2026-09-25T01:00Z,18.9,62,11.5,15.4,0.0,99,1010.4,27.3,15.2,265,39.6,133.0,0.0,133.0
US_ERCO_Dallas,2026-09-25T01:00Z,32.4,39,16.7,33.9,0.0,98,1001.7,6.3,26.8,83,17.6,0.0,0.0,0.0
US_ERCO_Houston,2026-09-25T01:00Z,28.6,67,21.9,32.3,0.0,62,1013.5,8.5,15.6,119,25.9,0.0,0.0,0.0
US_ISNE_Boston,2026-09-25T01:00Z,10.6,73,5.9,8.5,0.0,0,1026.1,7.6,31.3,57,22.0,0.0,0.0,0.0
US_MISO_Chicago,2026-09-25T01:00Z,15.8,78,12.0,14.7,0.0,7,994.4,11.3,14.6,80,16.6,0.0,0.0,0.0
US_NYIS_NewYork,2026-09-25T01:00Z,16.0,50,5.6,12.3,0.0,9,1021.6,17.7,34.2,41,41.0,0.0,0.0,0.0
US_PJM_Philadelphia,2026-09-25T01:00Z,15.4,59,7.5,13.4,0.0,98,1022.6,9.8,26.7,29,20.9,0.0,0.0,0.0
US_SWPP_OklahomaCity,2026-09-25T01:00Z,29.0,53,18.4,30.1,0.0,44,975.4,13.6,32.2,130,25.9,0.0,0.0,0.0
VN_DaNang,2026-09-25T01:00Z,27.6,83,24.5,32.9,0.1,98,1012.1,7.8,11.3,143,21.6,216.0,124.3,161.0
VN_HaNoi,2026-09-25T01:00Z,28.1,81,24.5,33.8,0.0,10,1011.3,4.3,6.5,23,12.6,289.0,447.5,113.0
VN_HoChiMinh,2026-09-25T01:00Z,27.3,87,24.9,33.1,0.1,98,1011.1,5.7,8.8,152,16.6,325.0,473.8,121.0
AT_Vienna,2026-09-25T02:00Z,10.8,78,7.1,8.3,0.0,69,999.9,11.8,31.1,295,27.0,0.0,0.0,0.0
BE_Brussels,2026-09-25T02:00Z,14.8,46,3.3,11.6,0.0,100,1019.2,11.2,30.2,156,19.8,0.0,0.0,0.0
DE_Berlin,2026-09-25T02:00Z,12.8,87,10.7,11.6,0.0,100,1018.0,9.8,19.9,283,21.6,0.0,0.0,0.0
DE_Hamburg,2026-09-25T02:00Z,12.4,81,9.2,11.2,0.0,100,1020.8,7.2,16.3,283,16.9,0.0,0.0,0.0
DE_Munich,2026-09-25T02:00Z,6.7,96,6.1,5.3,0.0,27,962.1,2.5,7.7,286,6.5,0.0,0.0,0.0
ES_Madrid,2026-09-25T02:00Z,19.4,27,-0.1,16.5,0.0,0,944.5,5.4,19.5,45,14.4,0.0,0.0,0.0
FR_Paris,2026-09-25T02:00Z,15.1,76,10.9,14.7,0.0,0,1015.7,4.2,14.0,139,8.6,0.0,0.0,0.0
NL_Amsterdam,2026-09-25T02:00Z,12.3,74,7.8,10.0,0.0,86,1021.5,11.5,36.7,165,19.4,0.0,0.0,0.0
PL_Warsaw,2026-09-25T02:00Z,11.7,94,10.8,10.6,0.0,100,1004.3,9.4,14.8,295,20.2,0.0,0.0,0.0
US_BPAT_Portland,2026-09-25T02:00Z,19.2,63,12.0,19.0,0.0,98,1004.3,5.6,6.2,159,16.2,0.0,0.0,0.0
US_CISO_LosAngeles,2026-09-25T02:00Z,22.6,84,19.7,24.7,0.0,100,1001.8,11.1,14.2,240,15.5,0.0,0.0,0.0
US_CISO_SanFrancisco,2026-09-25T02:00Z,17.3,67,11.1,14.5,0.0,99,1010.5,21.1,12.0,254,38.9,0.0,0.0,0.0
US_ERCO_Dallas,2026-09-25T02:00Z,31.0,46,18.1,32.7,0.0,21,1002.5,8.6,27.7,90,18.0,0.0,0.0,0.0
US_ERCO_Houston,2026-09-25T02:00Z,28.1,68,21.7,31.8,0.0,39,1014.0,7.6,14.1,94,21.2,0.0,0.0,0.0
US_ISNE_Boston,2026-09-25T02:00Z,9.8,74,5.4,8.0,0.0,0,1025.8,5.1,31.2,56,22.0,0.0,0.0,0.0
US_MISO_Chicago,2026-09-25T02:00Z,15.4,80,12.0,14.7,0.0,5,994.2,9.2,13.0,96,10.4,0.0,0.0,0.0
US_NYIS_NewYork,2026-09-25T02:00Z,15.6,41,2.4,10.9,0.0,1,1021.2,20.2,34.8,39,46.8,0.0,0.0,0.0
US_PJM_Philadelphia,2026-09-25T02:00Z,15.3,59,7.3,13.1,0.0,99,1022.1,10.4,29.9,31,19.1,0.0,0.0,0.0
US_SWPP_OklahomaCity,2026-09-25T02:00Z,28.1,52,17.3,29.8,0.0,50,976.2,6.3,34.0,141,25.2,0.0,0.0,0.0
VN_DaNang,2026-09-25T02:00Z,28.3,79,24.4,33.3,0.0,98,1012.7,9.0,12.1,130,23.0,365.0,151.5,267.0
VN_HaNoi,2026-09-25T02:00Z,29.1,74,23.9,34.6,0.2,11,1011.7,3.2,4.2,40,13.3,482.0,567.5,143.0
VN_HoChiMinh,2026-09-25T02:00Z,28.7,79,24.6,34.0,0.1,51,1011.5,8.2,11.8,161,24.8,520.0,528.7,180.0
AT_Vienna,2026-09-25T03:00Z,10.9,77,7.0,8.7,0.0,91,999.5,10.0,25.8,300,23.8,0.0,0.0,0.0
BE_Brussels,2026-09-25T03:00Z,14.5,51,4.5,12.0,0.0,100,1018.9,8.3,26.6,174,13.7,0.0,0.0,0.0
DE_Berlin,2026-09-25T03:00Z,12.7,88,10.8,11.7,0.0,100,1017.7,8.8,17.5,284,21.6,0.0,0.0,0.0
DE_Hamburg,2026-09-25T03:00Z,12.1,82,9.1,11.1,0.0,61,1020.7,4.8,11.7,295,15.1,0.0,0.0,0.0
DE_Munich,2026-09-25T03:00Z,5.3,98,5.0,3.6,0.0,61,962.2,3.1,2.0,315,7.6,0.0,0.0,0.0
ES_Madrid,2026-09-25T03:00Z,17.9,33,1.4,15.3,0.0,5,944.9,4.4,15.0,43,14.4,0.0,0.0,0.0
FR_Paris,2026-09-25T03:00Z,14.5,77,10.5,14.1,0.0,0,1015.4,4.4,14.4,152,7.6,0.0,0.0,0.0
NL_Amsterdam,2026-09-25T03:00Z,11.5,75,7.2,9.2,0.0,20,1021.2,10.8,36.4,172,18.0,0.0,0.0,0.0
PL_Warsaw,2026-09-25T03:00Z,11.6,91,10.2,10.4,0.0,91,1004.7,8.6,15.1,301,14.0,0.0,0.0,0.0
US_BPAT_Portland,2026-09-25T03:00Z,18.9,65,12.2,18.7,0.0,98,1004.5,5.6,15.1,213,11.2,0.0,0.0,0.0
US_CISO_LosAngeles,2026-09-25T03:00Z,21.7,86,19.3,23.9,0.0,60,1002.1,9.1,11.6,234,11.2,0.0,0.0,0.0
US_CISO_SanFrancisco,2026-09-25T03:00Z,16.9,69,11.2,14.6,0.0,80,1010.7,18.3,10.6,246,31.3,0.0,0.0,0.0
US_ERCO_Dallas,2026-09-25T03:00Z,29.7,49,17.9,31.3,0.0,11,1003.3,9.0,28.9,96,23.4,0.0,0.0,0.0
US_ERCO_Houston,2026-09-25T03:00Z,28.1,70,22.1,32.0,0.0,3,1014.7,7.2,14.4,86,10.8,0.0,0.0,0.0
US_ISNE_Boston,2026-09-25T03:00Z,8.8,79,5.3,6.6,0.0,0,1025.1,7.1,28.7,51,20.2,0.0,0.0,0.0
US_MISO_Chicago,2026-09-25T03:00Z,15.2,83,12.3,15.1,0.0,48,993.9,5.7,11.7,99,10.1,0.0,0.0,0.0
US_NYIS_NewYork,2026-09-25T03:00Z,14.7,51,4.6,11.1,0.0,17,1021.0,15.5,35.7,37,43.9,0.0,0.0,0.0
US_PJM_Philadelphia,2026-09-25T03:00Z,14.6,55,5.7,11.8,0.0,99,1021.6,11.7,29.3,32,24.1,0.0,0.0,0.0
US_SWPP_OklahomaCity,2026-09-25T03:00Z,27.9,57,18.6,30.2,0.0,24,976.6,5.7,33.4,131,21.6,0.0,0.0,0.0
VN_DaNang,2026-09-25T03:00Z,28.8,77,24.4,33.2,0.1,98,1012.6,12.7,17.0,129,29.9,505.0,209.5,336.0
VN_HaNoi,2026-09-25T03:00Z,30.0,69,23.7,36.5,0.1,19,1011.4,1.9,2.4,63,12.6,679.0,665.5,173.0
VN_HoChiMinh,2026-09-25T03:00Z,28.6,77,24.2,33.5,0.5,97,1011.5,14.7,20.7,214,41.0,712.0,636.9,195.0
AT_Vienna,2026-09-25T04:00Z,10.8,77,6.9,8.3,0.0,56,1000.3,11.3,29.9,300,23.4,0.0,0.0,0.0
BE_Brussels,2026-09-25T04:00Z,14.0,47,2.9,11.2,0.0,98,1018.7,8.3,26.3,179,12.2,0.0,0.0,0.0
DE_Berlin,2026-09-25T04:00Z,12.6,87,10.5,11.4,0.0,100,1018.0,9.4,18.5,278,20.9,0.0,0.0,0.0
DE_Hamburg,2026-09-25T04:00Z,11.6,85,9.2,10.7,0.0,82,1020.7,4.6,10.6,276,10.4,0.0,0.0,0.0
DE_Munich,2026-09-25T04:00Z,5.0,96,4.4,3.3,0.0,11,962.1,2.5,2.1,261,7.6,0.0,0.0,0.0
ES_Madrid,2026-09-25T04:00Z,17.4,34,1.3,14.7,0.0,19,944.8,4.8,15.0,43,11.9,0.0,0.0,0.0
FR_Paris,2026-09-25T04:00Z,14.3,78,10.5,13.9,0.0,0,1015.5,3.7,12.5,158,7.9,0.0,0.0,0.0
NL_Amsterdam,2026-09-25T04:00Z,11.6,73,6.9,9.3,0.0,100,1020.8,10.8,32.8,188,18.0,0.0,0.0,0.0
PL_Warsaw,2026-09-25T04:00Z,11.6,89,9.9,10.1,0.0,100,1005.1,10.4,17.3,290,19.4,0.0,0.0,0.0
US_BPAT_Portland,2026-09-25T04:00Z,17.2,78,13.3,17.0,0.4,100,1005.3,8.2,23.2,224,18.4,0.0,0.0,0.0
US_CISO_LosAngeles,2026-09-25T04:00Z,21.7,84,18.9,24.3,0.0,88,1002.3,5.5,6.6,225,7.6,0.0,0.0,0.0
US_CISO_SanFrancisco,2026-09-25T04:00Z,16.6,62,9.3,13.8,0.0,11,1011.1,18.4,12.4,244,31.7,0.0,0.0,0.0
US_ERCO_Dallas,2026-09-25T04:00Z,28.8,50,17.3,29.9,0.0,67,1003.6,10.5,28.6,105,26.3,0.0,0.0,0.0
US_ERCO_Houston,2026-09-25T04:00Z,27.8,77,23.4,33.2,0.0,33,1014.9,2.3,16.2,89,9.0,0.0,0.0,0.0
US_ISNE_Boston,2026-09-25T04:00Z,8.1,83,5.4,6.1,0.0,0,1024.7,6.5,31.1,45,21.2,0.0,0.0,0.0
US_MISO_Chicago,2026-09-25T04:00Z,15.0,82,11.9,14.6,0.0,14,993.8,6.7,11.3,99,7.2,0.0,0.0,0.0
US_NYIS_NewYork,2026-09-25T04:00Z,14.0,48,3.2,10.0,0.0,17,1020.5,16.5,37.1,40,47.2,0.0,0.0,0.0
US_PJM_Philadelphia,2026-09-25T04:00Z,13.4,61,6.1,10.4,0.0,96,1021.3,14.1,32.2,32,27.4,0.0,0.0,0.0
US_SWPP_OklahomaCity,2026-09-25T04:00Z,26.7,61,18.6,28.6,0.0,7,976.7,9.0,31.3,123,27.4,0.0,0.0,0.0
VN_DaNang,2026-09-25T04:00Z,29.0,77,24.6,34.3,0.2,98,1012.0,13.7,18.5,131,33.5,692.0,401.7,326.0
VN_HaNoi,2026-09-25T04:00Z,30.9,65,23.6,37.9,0.1,11,1010.7,2.2,2.9,68,13.0,783.0,675.0,195.0
VN_HoChiMinh,2026-09-25T04:00Z,28.2,80,24.3,33.1,2.0,95,1011.1,10.1,14.6,193,40.0,567.0,332.0,260.0
AT_Vienna,2026-09-25T05:00Z,10.5,79,7.0,8.1,0.0,9,1000.3,11.3,28.9,295,24.1,1.0,0.0,1.0
BE_Brussels,2026-09-25T05:00Z,14.0,48,3.2,11.3,0.0,100,1018.5,7.9,25.2,187,13.0,0.0,0.0,0.0
DE_Berlin,2026-09-25T05:00Z,12.5,86,10.2,11.2,0.0,100,1018.2,9.1,18.1,283,21.2,0.0,0.0,0.0
DE_Hamburg,2026-09-25T05:00Z,10.9,86,8.7,9.7,0.0,85,1020.7,5.9,15.2,269,12.6,0.0,0.0,0.0
DE_Munich,2026-09-25T05:00Z,4.7,96,4.1,2.9,0.0,14,962.5,2.6,3.2,264,5.8,0.0,0.0,0.0
ES_Madrid,2026-09-25T05:00Z,17.1,35,1.5,14.5,0.0,27,945.0,5.2,15.3,40,13.0,0.0,0.0,0.0
FR_Paris,2026-09-25T05:00Z,13.9,80,10.5,13.4,0.0,0,1015.4,4.4,12.9,151,8.6,0.0,0.0,0.0
NL_Amsterdam,2026-09-25T05:00Z,11.4,75,7.1,9.0,0.0,99,1020.4,10.8,31.7,187,18.4,0.0,0.0,0.0
PL_Warsaw,2026-09-25T05:00Z,11.4,87,9.3,10.0,0.0,100,1005.6,8.3,13.7,301,21.6,2.0,0.0,2.0
US_BPAT_Portland,2026-09-25T05:00Z,15.0,91,13.5,14.2,20.2,100,1005.8,12.9,19.6,173,42.5,0.0,0.0,0.0
US_CISO_LosAngeles,2026-09-25T05:00Z,21.4,86,18.9,23.9,0.0,39,1002.6,5.8,6.5,199,7.9,0.0,0.0,0.0
US_CISO_SanFrancisco,2026-09-25T05:00Z,15.8,61,8.3,12.9,0.0,98,1011.6,17.0,9.8,234,30.6,0.0,0.0,0.0
US_ERCO_Dallas,2026-09-25T05:00Z,27.6,51,16.6,28.2,0.0,2,1003.5,11.7,28.6,111,29.2,0.0,0.0,0.0
US_ERCO_Houston,2026-09-25T05:00Z,27.4,82,24.1,33.0,0.0,52,1015.1,4.2,17.7,84,14.0,0.0,0.0,0.0
US_ISNE_Boston,2026-09-25T05:00Z,8.0,86,5.8,5.8,0.0,2,1024.2,8.1,32.8,39,23.8,0.0,0.0,0.0
US_MISO_Chicago,2026-09-25T05:00Z,14.6,81,11.4,13.8,0.0,39,993.5,8.5,10.0,103,10.8,0.0,0.0,0.0
US_NYIS_NewYork,2026-09-25T05:00Z,13.1,46,1.7,9.1,0.0,0,1019.9,15.1,36.4,36,53.6,0.0,0.0,0.0
US_PJM_Philadelphia,2026-09-25T05:00Z,13.1,62,6.0,10.2,0.0,99,1020.5,13.7,34.0,30,27.7,0.0,0.0,0.0
US_SWPP_OklahomaCity,2026-09-25T05:00Z,26.3,57,17.1,27.4,0.0,38,976.8,10.2,28.7,125,29.2,0.0,0.0,0.0
VN_DaNang,2026-09-25T05:00Z,29.3,74,24.3,34.0,0.3,98,1011.0,15.4,21.1,127,36.0,689.0,322.0,382.0
VN_HaNoi,2026-09-25T05:00Z,31.6,62,23.4,38.8,0.1,18,1009.7,3.0,4.1,77,14.0,839.0,688.7,204.0
VN_HoChiMinh,2026-09-25T05:00Z,29.0,71,23.3,33.0,0.3,99,1010.0,11.7,17.0,203,28.8,563.0,205.2,363.0
AT_Vienna,2026-09-25T06:00Z,11.1,77,7.2,8.6,0.0,28,1000.1,11.7,25.2,292,25.2,64.0,161.2,45.0
BE_Brussels,2026-09-25T06:00Z,14.8,48,3.9,12.2,0.0,100,1018.6,8.3,23.8,182,16.9,5.0,0.0,5.0
DE_Berlin,2026-09-25T06:00Z,12.4,90,10.8,11.2,0.0,100,1017.7,9.7,20.0,279,20.2,9.0,0.0,9.0
DE_Hamburg,2026-09-25T06:00Z,10.6,86,8.3,9.3,0.0,52,1020.6,5.7,14.5,269,12.2,17.0,27.9,15.0
DE_Munich,2026-09-25T06:00Z,4.8,96,4.3,3.2,0.0,53,962.3,1.8,1.1,108,5.8,34.0,88.2,26.0
ES_Madrid,2026-09-25T06:00Z,16.6,39,2.6,14.3,0.0,27,945.0,4.3,13.6,39,13.0,0.0,0.0,0.0
FR_Paris,2026-09-25T06:00Z,13.7,81,10.5,13.3,0.0,0,1014.8,4.4,14.0,159,8.6,2.0,0.0,2.0
NL_Amsterdam,2026-09-25T06:00Z,11.5,71,6.4,9.3,0.0,100,1020.4,8.6,30.2,191,16.9,6.0,0.0,6.0
PL_Warsaw,2026-09-25T06:00Z,12.1,86,9.8,10.8,0.0,100,1005.5,8.3,14.8,275,16.6,30.0,0.0,30.0
US_BPAT_Portland,2026-09-25T06:00Z,15.2,92,13.9,15.6,0.4,100,1004.9,6.0,18.4,163,35.6,0.0,0.0,0.0
US_CISO_LosAngeles,2026-09-25T06:00Z,20.3,94,19.3,23.8,0.0,100,1002.6,0.8,5.1,219,9.4,0.0,0.0,0.0
US_CISO_SanFrancisco,2026-09-25T06:00Z,16.0,65,9.5,14.1,0.0,60,1011.8,12.3,11.1,234,26.6,0.0,0.0,0.0
US_ERCO_Dallas,2026-09-25T06:00Z,26.4,52,15.8,26.9,0.0,19,1003.7,10.5,27.0,111,28.4,0.0,0.0,0.0
US_ERCO_Houston,2026-09-25T06:00Z,27.0,72,21.6,31.2,0.0,1,1015.0,3.4,16.4,61,5.0,0.0,0.0,0.0
US_ISNE_Boston,2026-09-25T06:00Z,7.7,83,5.0,5.5,0.0,0,1023.6,6.8,32.2,27,24.8,0.0,0.0,0.0
US_MISO_Chicago,2026-09-25T06:00Z,14.8,82,11.7,14.0,0.0,35,993.8,9.0,10.6,108,17.3,0.0,0.0,0.0
US_NYIS_NewYork,2026-09-25T06:00Z,13.0,51,3.1,8.4,0.0,0,1018.9,20.5,37.0,34,65.5,0.0,0.0,0.0
US_PJM_Philadelphia,2026-09-25T06:00Z,13.3,57,5.0,9.6,0.0,80,1019.8,17.1,32.1,25,48.6,0.0,0.0,0.0
US_SWPP_OklahomaCity,2026-09-25T06:00Z,24.6,55,14.9,24.8,0.0,18,976.6,10.1,29.6,138,33.1,0.0,0.0,0.0
VN_DaNang,2026-09-25T06:00Z,28.3,78,24.1,32.7,0.1,84,1010.7,17.1,22.9,116,38.5,702.0,369.8,358.0
VN_HaNoi,2026-09-25T06:00Z,31.7,59,22.6,38.7,0.1,19,1008.9,1.2,1.7,58,14.4,826.0,689.1,199.0
VN_HoChiMinh,2026-09-25T06:00Z,30.3,67,23.5,34.4,0.1,92,1009.2,11.4,16.4,204,31.0,562.0,153.5,415.0
AT_Vienna,2026-09-25T07:00Z,12.4,72,7.5,10.1,0.0,0,1000.7,10.8,21.8,299,23.0,209.0,440.6,86.0
BE_Brussels,2026-09-25T07:00Z,15.8,44,3.6,13.2,0.0,99,1018.4,7.9,19.8,175,19.8,81.0,161.9,58.4
DE_Berlin,2026-09-25T07:00Z,12.4,87,10.3,11.1,0.0,100,1017.8,9.7,18.5,277,22.7,20.0,0.0,20.0
DE_Hamburg,2026-09-25T07:00Z,10.9,80,7.5,9.2,0.0,64,1020.4,6.9,15.7,254,15.5,113.0,247.4,67.0
DE_Munich,2026-09-25T07:00Z,6.3,89,4.7,5.0,0.0,0,962.3,0.7,2.2,108,5.8,160.0,328.3,85.0
ES_Madrid,2026-09-25T07:00Z,17.0,40,3.3,14.8,0.0,3,945.1,4.0,11.5,40,10.8,46.0,213.3,24.0
FR_Paris,2026-09-25T07:00Z,14.3,80,10.9,13.9,0.0,0,1014.9,4.3,12.7,167,9.0,78.0,298.8,41.0
NL_Amsterdam,2026-09-25T07:00Z,12.3,63,5.4,9.9,0.0,29,1019.9,8.6,29.5,188,18.7,88.0,197.9,60.3
PL_Warsaw,2026-09-25T07:00Z,12.5,89,10.7,11.2,0.0,100,1005.3,10.1,17.3,279,24.5,58.0,0.0,58.0
US_BPAT_Portland,2026-09-25T07:00Z,15.0,92,13.7,15.2,0.7,98,1004.3,7.2,17.2,147,28.8,0.0,0.0,0.0
US_CISO_LosAngeles,2026-09-25T07:00Z,20.1,95,19.3,23.3,0.0,100,1002.3,2.3,5.7,252,2.5,0.0,0.0,0.0
US_CISO_SanFrancisco,2026-09-25T07:00Z,15.5,73,10.7,13.1,0.0,99,1012.2,18.0,9.7,239,34.6,0.0,0.0,0.0
US_ERCO_Dallas,2026-09-25T07:00Z,25.5,53,15.2,25.2,0.0,5,1003.8,13.8,27.0,109,32.4,0.0,0.0,0.0
US_ERCO_Houston,2026-09-25T07:00Z,26.1,80,22.4,30.9,0.0,0,1015.0,2.6,20.0,62,2.9,0.0,0.0,0.0
US_ISNE_Boston,2026-09-25T07:00Z,7.3,86,5.1,5.0,0.0,0,1022.8,7.2,32.4,29,25.6,0.0,0.0,0.0
US_MISO_Chicago,2026-09-25T07:00Z,14.5,85,12.0,13.6,0.0,22,993.6,10.6,12.6,114,17.6,0.0,0.0,0.0
US_NYIS_NewYork,2026-09-25T07:00Z,12.9,52,3.3,8.8,0.0,0,1018.0,17.7,39.5,28,57.2,0.0,0.0,0.0
US_PJM_Philadelphia,2026-09-25T07:00Z,12.6,58,4.6,9.2,0.0,99,1019.2,14.9,32.3,22,41.4,0.0,0.0,0.0
US_SWPP_OklahomaCity,2026-09-25T07:00Z,23.9,57,14.9,24.0,0.0,0,976.0,9.9,29.8,138,26.3,0.0,0.0,0.0
VN_DaNang,2026-09-25T07:00Z,28.8,79,24.8,33.5,0.4,90,1009.6,15.1,20.8,120,39.2,618.0,394.9,285.0
VN_HaNoi,2026-09-25T07:00Z,32.2,58,22.9,38.7,0.1,8,1007.6,2.5,3.4,96,13.0,766.0,712.4,171.0
VN_HoChiMinh,2026-09-25T07:00Z,30.1,68,23.6,34.9,0.2,95,1007.8,12.0,17.4,203,31.7,678.0,442.1,291.0
AT_Vienna,2026-09-25T08:00Z,13.9,65,7.5,11.7,0.0,0,1001.0,11.0,17.8,311,24.5,366.0,615.9,105.0
BE_Brussels,2026-09-25T08:00Z,17.1,40,3.4,14.4,0.0,34,1018.3,8.6,16.9,185,20.2,227.0,391.8,112.6
DE_Berlin,2026-09-25T08:00Z,12.6,84,10.0,11.2,0.0,100,1018.0,9.7,17.7,273,22.0,43.0,5.5,41.0
DE_Hamburg,2026-09-25T08:00Z,11.9,74,7.4,10.0,0.0,58,1020.6,8.4,14.1,252,19.4,212.0,315.3,110.0
DE_Munich,2026-09-25T08:00Z,9.8,77,6.0,8.7,0.0,0,962.5,0.8,4.3,114,4.7,322.0,577.9,102.0
ES_Madrid,2026-09-25T08:00Z,20.6,32,3.3,18.5,0.0,20,945.7,3.4,10.2,44,11.9,217.0,588.1,64.0
FR_Paris,2026-09-25T08:00Z,15.8,74,11.1,15.3,0.0,0,1015.2,5.9,11.4,158,13.0,226.0,540.1,72.0
NL_Amsterdam,2026-09-25T08:00Z,13.9,55,5.0,11.2,0.0,9,1020.1,10.4,21.6,183,20.5,231.0,418.3,110.9
PL_Warsaw,2026-09-25T08:00Z,12.9,89,11.1,11.8,0.0,99,1005.9,9.7,16.2,270,21.2,109.0,0.0,109.0
US_BPAT_Portland,2026-09-25T08:00Z,15.1,92,13.8,15.5,0.0,98,1003.5,6.0,24.9,160,9.7,0.0,0.0,0.0
US_CISO_LosAngeles,2026-09-25T08:00Z,20.2,94,19.2,23.1,0.0,100,1001.9,4.5,5.8,240,6.8,0.0,0.0,0.0
US_CISO_SanFrancisco,2026-09-25T08:00Z,14.8,74,10.2,13.3,0.0,9,1012.2,10.8,10.5,232,30.6,0.0,0.0,0.0
US_ERCO_Dallas,2026-09-25T08:00Z,25.0,49,13.5,24.3,0.0,0,1003.7,12.3,28.3,112,29.5,0.0,0.0,0.0
US_ERCO_Houston,2026-09-25T08:00Z,25.3,88,23.2,30.0,0.0,2,1014.6,6.7,20.7,73,18.4,0.0,0.0,0.0
US_ISNE_Boston,2026-09-25T08:00Z,7.8,79,4.4,5.1,0.0,8,1022.3,9.2,33.3,28,27.7,0.0,0.0,0.0
US_MISO_Chicago,2026-09-25T08:00Z,14.1,86,11.8,13.5,0.0,70,993.4,7.9,13.0,118,10.8,0.0,0.0,0.0
US_NYIS_NewYork,2026-09-25T08:00Z,13.0,55,4.1,9.1,0.0,7,1017.6,17.1,37.5,28,56.5,0.0,0.0,0.0
US_PJM_Philadelphia,2026-09-25T08:00Z,12.8,62,5.7,9.4,0.0,99,1018.3,16.2,31.2,22,42.5,0.0,0.0,0.0
US_SWPP_OklahomaCity,2026-09-25T08:00Z,22.9,61,15.0,22.7,0.0,0,975.5,12.4,28.9,147,25.6,0.0,0.0,0.0
VN_DaNang,2026-09-25T08:00Z,28.7,80,24.9,33.3,0.3,80,1008.7,13.3,18.1,120,35.6,499.0,330.6,268.0
VN_HaNoi,2026-09-25T08:00Z,31.9,59,22.9,36.4,0.1,16,1007.0,7.9,10.5,117,18.7,600.0,631.3,156.0
VN_HoChiMinh,2026-09-25T08:00Z,29.8,72,24.3,34.9,0.3,100,1007.0,7.8,11.1,212,31.7,464.0,328.7,223.0
AT_Vienna,2026-09-25T09:00Z,15.2,59,7.3,12.7,0.0,26,1000.2,12.7,21.0,314,25.9,496.0,686.9,126.0
BE_Brussels,2026-09-25T09:00Z,18.7,40,4.8,16.4,0.0,45,1018.4,7.2,13.0,199,19.8,379.0,567.2,138.4
DE_Berlin,2026-09-25T09:00Z,13.1,81,10.0,11.6,0.0,96,1018.3,10.9,18.6,280,23.4,59.0,4.2,57.0
DE_Hamburg,2026-09-25T09:00Z,13.5,69,7.9,11.8,0.0,29,1020.1,8.2,12.5,248,20.5,366.0,566.1,118.0
DE_Munich,2026-09-25T09:00Z,13.4,62,6.3,11.9,0.0,0,962.3,4.1,5.6,108,8.3,467.0,695.4,115.0
ES_Madrid,2026-09-25T09:00Z,24.9,25,3.5,22.9,0.0,5,946.6,3.1,8.3,54,11.2,406.0,732.2,88.0
FR_Paris,2026-09-25T09:00Z,18.2,64,11.3,17.6,0.0,0,1015.5,6.9,9.0,141,16.2,378.0,678.0,89.0
NL_Amsterdam,2026-09-25T09:00Z,15.8,53,6.2,13.2,0.0,0,1020.1,10.8,17.6,176,21.2,370.0,564.5,136.4
PL_Warsaw,2026-09-25T09:00Z,14.3,82,11.2,13.1,0.0,33,1005.6,10.8,17.3,256,22.3,374.0,1.9,373.0
US_BPAT_Portland,2026-09-25T09:00Z,15.5,87,13.3,15.6,0.0,88,1002.9,6.5,21.7,175,15.1,0.0,0.0,0.0
US_CISO_LosAngeles,2026-09-25T09:00Z,19.6,93,18.5,22.1,0.0,60,1002.1,4.8,8.2,247,7.9,0.0,0.0,0.0
US_CISO_SanFrancisco,2026-09-25T09:00Z,14.7,81,11.5,12.8,0.0,5,1012.4,16.0,9.2,231,34.2,0.0,0.0,0.0
US_ERCO_Dallas,2026-09-25T09:00Z,23.5,53,13.4,22.7,0.0,0,1003.4,13.1,25.1,115,31.0,0.0,0.0,0.0
US_ERCO_Houston,2026-09-25T09:00Z,24.9,77,20.6,27.9,0.0,0,1014.8,8.1,19.8,74,26.6,0.0,0.0,0.0
US_ISNE_Boston,2026-09-25T09:00Z,7.7,82,4.8,5.3,0.0,39,1021.5,7.8,36.1,32,28.4,0.0,0.0,0.0
US_MISO_Chicago,2026-09-25T09:00Z,14.8,85,12.3,13.7,0.0,100,993.1,12.4,15.1,123,15.8,0.0,0.0,0.0
US_NYIS_NewYork,2026-09-25T09:00Z,13.3,56,4.7,9.5,0.0,99,1017.3,17.2,37.2,28,50.8,0.0,0.0,0.0
US_PJM_Philadelphia,2026-09-25T09:00Z,12.9,60,5.3,10.1,0.0,16,1018.0,11.2,33.1,17,26.3,0.0,0.0,0.0
US_SWPP_OklahomaCity,2026-09-25T09:00Z,22.8,61,14.9,22.4,0.0,0,975.6,14.0,26.8,168,33.1,0.0,0.0,0.0
VN_DaNang,2026-09-25T09:00Z,28.3,81,24.8,32.9,0.3,88,1009.0,13.5,18.4,129,34.6,380.0,411.0,172.0
VN_HaNoi,2026-09-25T09:00Z,30.5,69,24.1,34.9,0.1,8,1006.8,11.9,16.7,138,25.9,420.0,558.3,128.0
VN_HoChiMinh,2026-09-25T09:00Z,26.1,93,24.8,31.2,9.3,100,1007.8,10.3,16.0,199,25.6,193.0,46.2,168.0
AT_Vienna,2026-09-25T10:00Z,16.2,55,7.2,13.8,0.0,19,1000.4,13.0,20.5,314,29.2,583.0,704.5,149.0
BE_Brussels,2026-09-25T10:00Z,20.1,41,6.4,18.1,0.0,12,1018.2,7.2,11.5,208,18.7,497.0,656.7,151.3
DE_Berlin,2026-09-25T10:00Z,13.5,74,9.0,11.6,0.0,100,1018.1,11.9,20.2,286,28.4,199.0,47.3,173.0
DE_Hamburg,2026-09-25T10:00Z,14.9,62,7.7,12.9,0.0,38,1020.4,9.4,14.1,252,22.7,475.0,689.7,115.0
DE_Munich,2026-09-25T10:00Z,15.5,52,5.7,14.0,0.0,22,961.7,4.5,6.0,111,12.6,580.0,773.0,119.0
ES_Madrid,2026-09-25T10:00Z,28.0,22,4.3,26.4,0.0,29,946.9,3.1,3.6,79,12.2,576.0,833.7,94.0
FR_Paris,2026-09-25T10:00Z,20.4,56,11.4,19.9,0.0,0,1015.1,6.6,8.2,155,16.6,506.0,762.9,96.0
NL_Amsterdam,2026-09-25T10:00Z,17.2,49,6.4,15.2,0.0,0,1019.6,7.2,11.2,162,18.4,480.0,646.1,149.5
PL_Warsaw,2026-09-25T10:00Z,15.0,77,11.0,13.8,0.0,90,1005.8,10.8,17.6,271,24.8,432.0,6.9,428.0
US_BPAT_Portland,2026-09-25T10:00Z,15.5,80,12.1,13.5,0.0,0,1003.2,18.2,37.5,198,43.6,0.0,0.0,0.0
US_CISO_LosAngeles,2026-09-25T10:00Z,19.4,92,18.1,22.2,0.0,100,1002.1,1.1,6.4,243,4.3,0.0,0.0,0.0
US_CISO_SanFrancisco,2026-09-25T10:00Z,15.4,82,12.4,14.0,0.0,1,1012.4,14.7,8.6,213,30.6,0.0,0.0,0.0
US_ERCO_Dallas,2026-09-25T10:00Z,23.3,54,13.5,23.0,0.0,0,1003.2,10.0,23.6,121,29.5,0.0,0.0,0.0
US_ERCO_Houston,2026-09-25T10:00Z,23.9,75,19.2,26.4,0.0,6,1014.9,6.9,19.4,72,23.4,0.0,0.0,0.0
US_ISNE_Boston,2026-09-25T10:00Z,8.1,77,4.3,5.3,0.0,23,1021.5,10.3,39.4,34,34.2,0.0,0.0,0.0
US_MISO_Chicago,2026-09-25T10:00Z,14.3,87,12.1,13.4,0.0,100,993.4,10.5,15.1,128,18.0,0.0,0.0,0.0
US_NYIS_NewYork,2026-09-25T10:00Z,13.1,58,5.0,8.7,0.0,99,1016.4,21.5,38.0,28,56.5,0.0,0.0,0.0
US_PJM_Philadelphia,2026-09-25T10:00Z,12.9,65,6.5,10.4,0.0,62,1017.8,10.8,34.8,23,37.4,0.0,0.0,0.0
US_SWPP_OklahomaCity,2026-09-25T10:00Z,22.6,58,13.9,22.0,0.0,2,975.7,13.0,28.9,169,34.6,0.0,0.0,0.0
VN_DaNang,2026-09-25T10:00Z,27.9,83,24.8,32.6,0.2,95,1009.3,12.7,19.4,140,32.4,127.0,107.6,97.0
VN_HaNoi,2026-09-25T10:00Z,29.8,73,24.6,34.9,0.0,6,1006.8,9.4,15.5,145,25.6,210.0,404.3,86.0
VN_HoChiMinh,2026-09-25T10:00Z,25.8,89,23.9,30.6,1.0,99,1008.6,8.0,12.3,169,21.6,70.0,45.0,56.0
AT_Vienna,2026-09-25T11:00Z,17.0,49,6.2,14.6,0.0,10,999.7,12.0,18.3,320,28.4,617.0,684.0,172.0
BE_Brussels,2026-09-25T11:00Z,21.8,39,7.3,20.3,0.0,0,1017.9,6.8,10.4,206,18.4,577.0,708.2,157.8
DE_Berlin,2026-09-25T11:00Z,13.9,70,8.6,12.1,0.0,99,1017.7,9.9,16.6,282,25.9,173.0,8.5,168.0
DE_Hamburg,2026-09-25T11:00Z,15.8,59,7.8,13.7,0.0,50,1019.6,10.2,15.2,252,24.8,526.0,679.7,139.0
DE_Munich,2026-09-25T11:00Z,16.9,42,3.9,15.5,0.0,33,961.5,3.4,4.1,110,13.0,640.0,799.9,124.0
ES_Madrid,2026-09-25T11:00Z,30.5,20,5.0,30.1,0.0,57,946.8,1.3,1.8,143,11.9,701.0,882.9,99.0
FR_Paris,2026-09-25T11:00Z,22.9,48,11.3,22.5,0.0,0,1014.6,6.9,8.3,144,15.8,595.0,811.6,99.0
NL_Amsterdam,2026-09-25T11:00Z,18.7,49,7.8,17.0,0.0,0,1019.2,8.3,13.3,173,21.2,553.0,691.7,156.3
PL_Warsaw,2026-09-25T11:00Z,15.7,75,11.3,14.3,0.0,99,1005.9,11.9,19.4,253,25.6,384.0,0.0,384.0
US_BPAT_Portland,2026-09-25T11:00Z,15.4,78,11.6,11.5,0.0,48,1003.2,29.8,51.1,186,77.0,0.0,0.0,0.0
US_CISO_LosAngeles,2026-09-25T11:00Z,19.3,93,18.1,21.6,0.0,10,1002.2,4.3,7.5,235,9.0,0.0,0.0,0.0
US_CISO_SanFrancisco,2026-09-25T11:00Z,15.5,90,13.8,15.1,0.0,7,1012.6,10.9,9.3,234,25.2,0.0,0.0,0.0
US_ERCO_Dallas,2026-09-25T11:00Z,22.3,57,13.4,22.3,0.0,0,1003.7,7.2,22.3,124,15.5,0.0,0.0,0.0
US_ERCO_Houston,2026-09-25T11:00Z,22.9,76,18.4,25.0,0.0,47,1015.2,6.8,18.7,65,22.7,0.0,0.0,0.0
US_ISNE_Boston,2026-09-25T11:00Z,8.2,84,5.6,5.8,0.0,94,1021.6,9.1,37.2,32,39.6,4.0,0.0,4.0
US_MISO_Chicago,2026-09-25T11:00Z,13.8,86,11.5,13.2,0.0,100,993.7,7.2,10.0,139,8.6,0.0,0.0,0.0
US_NYIS_NewYork,2026-09-25T11:00Z,12.3,69,6.7,9.5,0.0,30,1016.9,13.5,38.9,23,42.1,0.0,0.0,0.0
US_PJM_Philadelphia,2026-09-25T11:00Z,12.9,64,6.3,9.5,0.0,99,1017.6,17.0,34.8,24,35.3,0.0,0.0,0.0
US_SWPP_OklahomaCity,2026-09-25T11:00Z,22.3,57,13.4,21.6,0.0,12,976.2,12.3,27.4,170,33.8,0.0,0.0,0.0
VN_DaNang,2026-09-25T11:00Z,27.3,87,24.9,32.5,0.1,96,1010.1,9.5,16.4,167,25.2,17.0,9.6,16.0
VN_HaNoi,2026-09-25T11:00Z,28.7,79,24.7,33.7,0.0,6,1007.0,10.8,19.6,148,21.2,36.0,117.0,22.0
VN_HoChiMinh,2026-09-25T11:00Z,25.6,94,24.5,31.0,0.4,98,1009.5,6.8,11.6,152,16.2,16.0,16.7,14.0
AT_Vienna,2026-09-25T12:00Z,17.7,48,6.5,15.3,0.0,62,999.4,10.0,14.8,332,28.1,496.0,457.9,203.0
BE_Brussels,2026-09-25T12:00Z,23.1,35,6.8,21.5,0.0,0,1017.2,7.6,10.8,185,19.4,601.0,712.3,162.0
DE_Berlin,2026-09-25T12:00Z,14.6,69,9.0,13.0,0.0,99,1018.3,9.0,13.8,274,22.3,262.0,56.2,229.0
DE_Hamburg,2026-09-25T12:00Z,16.5,59,8.4,14.8,0.0,72,1019.5,8.4,12.1,249,25.6,520.0,604.8,171.0
DE_Munich,2026-09-25T12:00Z,17.8,37,2.9,16.5,0.0,30,961.5,2.1,2.5,56,9.7,643.0,799.7,124.0
ES_Madrid,2026-09-25T12:00Z,32.6,16,3.5,31.9,0.0,3,946.1,4.3,4.9,180,13.3,769.0,904.7,101.0
FR_Paris,2026-09-25T12:00Z,24.9,43,11.4,24.8,0.0,0,1014.1,6.8,8.5,150,16.2,635.0,836.0,98.0
NL_Amsterdam,2026-09-25T12:00Z,19.9,47,8.3,18.0,0.0,0,1018.4,11.2,16.6,174,25.6,578.0,703.6,159.1
PL_Warsaw,2026-09-25T12:00Z,15.1,78,11.3,13.4,0.0,100,1005.9,14.0,22.7,261,27.7,147.0,0.0,147.0
US_BPAT_Portland,2026-09-25T12:00Z,15.8,79,12.1,12.7,0.0,28,1003.9,25.8,60.0,192,69.8,0.0,0.0,0.0
US_CISO_LosAngeles,2026-09-25T12:00Z,19.0,91,17.5,20.8,0.0,33,1002.2,5.9,6.8,238,9.7,0.0,0.0,0.0
US_CISO_SanFrancisco,2026-09-25T12:00Z,15.7,90,14.1,15.7,0.0,10,1012.8,9.5,8.2,229,25.9,0.0,0.0,0.0
US_ERCO_Dallas,2026-09-25T12:00Z,21.5,60,13.4,21.5,0.0,11,1004.3,7.5,18.0,127,14.4,0.0,0.0,0.0
US_ERCO_Houston,2026-09-25T12:00Z,22.6,79,18.8,25.0,0.0,20,1015.3,6.1,19.5,65,24.1,0.0,0.0,0.0
US_ISNE_Boston,2026-09-25T12:00Z,11.0,80,7.7,8.7,0.0,99,1021.6,11.4,40.1,28,34.2,131.0,404.3,66.0
US_MISO_Chicago,2026-09-25T12:00Z,13.6,84,11.0,13.0,0.0,100,994.3,6.5,9.0,113,10.1,0.0,0.0,0.0
US_NYIS_NewYork,2026-09-25T12:00Z,13.8,61,6.4,9.8,0.0,99,1016.6,21.3,41.1,20,56.9,94.0,90.4,82.0
US_PJM_Philadelphia,2026-09-25T12:00Z,13.3,65,6.9,10.1,0.0,99,1017.4,16.6,37.3,22,38.9,63.0,7.9,62.0
US_SWPP_OklahomaCity,2026-09-25T12:00Z,21.1,62,13.5,20.3,0.0,4,976.3,12.8,29.2,176,33.1,0.0,0.0,0.0
VN_DaNang,2026-09-25T12:00Z,27.8,85,25.1,33.6,0.0,99,1010.7,6.7,12.5,157,18.0,0.0,0.0,0.0
VN_HaNoi,2026-09-25T12:00Z,27.5,88,25.4,32.9,0.0,5,1007.8,10.7,20.0,145,21.2,0.0,0.0,0.0
VN_HoChiMinh,2026-09-25T12:00Z,26.2,95,25.3,31.9,1.0,98,1009.9,7.9,16.6,131,13.0,0.0,0.0,0.0
AT_Vienna,2026-09-25T13:00Z,18.0,48,6.8,15.9,0.0,66,999.4,8.4,12.0,346,22.7,410.0,369.4,194.0
BE_Brussels,2026-09-25T13:00Z,23.8,36,7.9,22.6,0.0,0,1016.4,6.1,9.4,195,18.4,581.0,705.8,159.2
DE_Berlin,2026-09-25T13:00Z,14.8,67,8.7,13.1,0.0,98,1017.6,9.1,14.2,263,23.4,216.0,40.4,194.0
DE_Hamburg,2026-09-25T13:00Z,16.9,57,8.3,15.2,0.0,71,1018.9,9.0,13.1,243,22.3,453.0,481.2,191.0
DE_Munich,2026-09-25T13:00Z,18.4,33,1.8,16.7,0.0,0,960.5,1.4,1.8,90,8.6,594.0,784.9,117.0
ES_Madrid,2026-09-25T13:00Z,33.7,14,2.5,32.2,0.0,0,945.8,7.6,9.2,203,21.2,781.0,930.4,89.0
FR_Paris,2026-09-25T13:00Z,26.3,40,11.6,26.3,0.0,0,1013.5,6.5,7.7,150,15.8,621.0,839.6,93.0
NL_Amsterdam,2026-09-25T13:00Z,20.6,46,8.5,18.7,0.0,0,1018.0,10.1,15.1,196,24.1,553.0,686.9,157.4
PL_Warsaw,2026-09-25T13:00Z,14.5,83,11.6,13.0,0.0,100,1005.8,13.7,22.7,263,27.7,45.0,0.0,45.0
US_BPAT_Portland,2026-09-25T13:00Z,14.1,83,11.3,10.3,0.0,11,1005.0,29.2,53.9,213,62.6,0.0,0.0,0.0
US_CISO_LosAngeles,2026-09-25T13:00Z,19.7,92,18.4,22.3,0.0,100,1002.6,3.7,5.4,228,6.1,0.0,0.0,0.0
US_CISO_SanFrancisco,2026-09-25T13:00Z,15.6,92,14.3,16.0,0.0,8,1013.1,6.5,8.0,216,21.2,0.0,0.0,0.0
US_ERCO_Dallas,2026-09-25T13:00Z,21.6,62,14.0,21.7,0.0,1,1004.5,8.0,16.4,123,12.6,27.0,151.5,13.0
US_ERCO_Houston,2026-09-25T13:00Z,22.5,82,19.3,25.1,0.0,72,1015.8,6.0,18.5,53,19.8,31.0,0.0,31.0
US_ISNE_Boston,2026-09-25T13:00Z,13.2,75,8.9,10.8,0.0,98,1021.5,14.9,42.7,34,37.4,306.0,664.4,80.0
US_MISO_Chicago,2026-09-25T13:00Z,14.5,86,12.2,13.9,0.0,100,994.9,8.3,12.4,107,9.7,39.0,28.2,35.0
US_NYIS_NewYork,2026-09-25T13:00Z,15.0,58,6.8,10.7,0.0,87,1016.0,23.3,43.0,26,59.8,291.0,726.5,62.0
US_PJM_Philadelphia,2026-09-25T13:00Z,14.7,64,8.0,11.5,0.0,99,1017.4,18.7,39.3,24,45.7,247.0,321.3,149.0
US_SWPP_OklahomaCity,2026-09-25T13:00Z,20.6,67,14.3,19.5,0.0,50,976.5,17.2,26.0,183,37.4,19.0,23.8,17.0
VN_DaNang,2026-09-25T13:00Z,26.7,90,25.0,32.4,1.1,97,1011.4,6.7,12.8,145,12.6,0.0,0.0,0.0
VN_HaNoi,2026-09-25T13:00Z,27.2,89,25.2,32.9,0.0,9,1008.6,8.1,16.5,157,20.2,0.0,0.0,0.0
VN_HoChiMinh,2026-09-25T13:00Z,26.0,96,25.4,31.5,0.1,98,1010.5,10.0,18.8,124,18.4,0.0,0.0,0.0
AT_Vienna,2026-09-25T14:00Z,18.1,45,6.0,16.1,0.0,67,998.6,7.2,9.2,353,19.4,377.0,403.0,180.0
BE_Brussels,2026-09-25T14:00Z,24.7,34,7.8,23.3,0.0,0,1016.1,5.8,9.0,196,17.6,511.0,667.6,152.2
DE_Berlin,2026-09-25T14:00Z,15.1,63,8.1,13.1,0.0,97,1017.3,10.1,16.2,268,23.0,182.0,58.1,155.0
DE_Hamburg,2026-09-25T14:00Z,17.3,55,8.2,15.6,0.0,19,1018.6,8.5,12.3,243,22.3,407.0,548.7,147.0
DE_Munich,2026-09-25T14:00Z,18.7,32,1.7,16.6,0.0,0,960.1,1.9,2.2,72,8.3,496.0,744.0,106.0
ES_Madrid,2026-09-25T14:00Z,34.1,14,2.8,32.2,0.0,3,945.1,8.8,10.8,221,23.8,726.0,917.4,86.0
FR_Paris,2026-09-25T14:00Z,27.1,37,11.2,26.6,0.0,0,1012.6,6.1,7.3,141,15.1,557.0,822.2,87.0
NL_Amsterdam,2026-09-25T14:00Z,21.2,45,8.8,19.5,0.0,0,1017.8,9.7,14.8,199,22.7,482.0,641.5,150.9
PL_Warsaw,2026-09-25T14:00Z,14.3,83,11.5,12.7,0.0,100,1006.2,14.4,24.5,260,28.1,29.0,0.0,29.0
US_BPAT_Portland,2026-09-25T14:00Z,13.8,87,11.7,10.2,2.9,100,1006.2,28.3,42.6,222,62.6,0.0,0.0,0.0
US_CISO_LosAngeles,2026-09-25T14:00Z,19.8,92,18.5,22.6,0.0,82,1002.8,2.3,7.1,229,5.0,0.0,0.0,0.0
US_CISO_SanFrancisco,2026-09-25T14:00Z,15.0,92,13.7,15.5,0.0,89,1013.4,4.3,8.3,214,12.6,0.0,0.0,0.0
US_ERCO_Dallas,2026-09-25T14:00Z,23.0,60,14.8,22.8,0.0,11,1004.5,12.3,16.6,124,19.8,205.0,600.4,57.0
US_ERCO_Houston,2026-09-25T14:00Z,23.2,78,19.1,25.4,0.0,64,1016.0,8.3,17.2,57,15.1,207.0,159.2,163.0
US_ISNE_Boston,2026-09-25T14:00Z,15.2,76,11.0,12.6,0.0,99,1021.3,19.9,45.4,35,43.6,451.0,522.7,192.0
US_MISO_Chicago,2026-09-25T14:00Z,14.6,83,11.8,15.1,0.0,100,995.4,0.5,14.1,109,3.6,30.0,0.0,30.0
US_NYIS_NewYork,2026-09-25T14:00Z,16.8,50,6.3,12.4,0.0,74,1015.9,23.8,44.0,29,58.3,476.0,807.7,88.0
US_PJM_Philadelphia,2026-09-25T14:00Z,16.7,53,7.1,12.8,0.0,99,1016.9,21.7,39.4,21,45.0,443.0,552.5,181.0
US_SWPP_OklahomaCity,2026-09-25T14:00Z,21.7,63,14.4,20.6,0.0,50,976.8,17.3,23.1,182,39.6,67.0,0.0,67.0
VN_DaNang,2026-09-25T14:00Z,26.2,93,24.9,31.7,3.8,95,1011.7,7.7,15.9,148,15.8,0.0,0.0,0.0
VN_HaNoi,2026-09-25T14:00Z,27.1,90,25.4,33.0,0.0,12,1009.3,7.2,15.1,168,15.1,0.0,0.0,0.0
VN_HoChiMinh,2026-09-25T14:00Z,25.7,96,25.0,31.0,0.1,98,1011.0,9.7,18.6,138,19.4,0.0,0.0,0.0
AT_Vienna,2026-09-25T15:00Z,18.1,44,5.6,15.8,0.0,90,998.5,7.9,10.6,358,20.2,227.0,295.5,121.0
BE_Brussels,2026-09-25T15:00Z,25.1,30,6.3,23.3,0.0,0,1015.8,6.1,9.4,183,16.6,399.0,588.8,140.2
DE_Berlin,2026-09-25T15:00Z,15.3,59,7.4,13.8,0.0,100,1016.7,6.1,9.9,272,22.3,91.0,5.7,89.0
DE_Hamburg,2026-09-25T15:00Z,18.0,48,6.8,15.9,0.0,37,1017.6,8.2,12.3,233,20.5,300.0,500.1,115.0
DE_Munich,2026-09-25T15:00Z,19.2,29,0.7,16.9,0.0,0,960.3,2.3,2.5,8,8.6,358.0,658.3,92.0
ES_Madrid,2026-09-25T15:00Z,34.3,14,3.0,31.7,0.0,7,944.7,8.9,12.2,221,24.8,613.0,881.9,81.0
FR_Paris,2026-09-25T15:00Z,27.7,31,9.0,26.6,0.0,0,1012.2,5.9,7.5,143,14.4,448.0,775.4,80.0
NL_Amsterdam,2026-09-25T15:00Z,21.6,46,9.5,19.9,0.0,0,1017.5,10.4,15.8,177,22.3,373.0,558.9,138.1
PL_Warsaw,2026-09-25T15:00Z,14.0,86,11.7,12.8,0.2,100,1006.3,11.9,21.2,249,24.5,8.0,0.0,8.0
US_BPAT_Portland,2026-09-25T15:00Z,13.2,89,11.5,10.5,0.4,100,1007.7,21.7,38.0,209,51.5,11.0,0.0,11.0
US_CISO_LosAngeles,2026-09-25T15:00Z,20.5,88,18.4,22.8,0.0,100,1003.3,5.3,3.4,198,5.8,99.0,268.6,58.0
US_CISO_SanFrancisco,2026-09-25T15:00Z,15.9,93,14.8,16.4,0.0,74,1013.8,8.0,7.6,225,16.2,45.0,77.8,36.0
US_ERCO_Dallas,2026-09-25T15:00Z,25.0,56,15.7,25.2,0.0,9,1004.6,12.2,13.6,122,15.8,408.0,616.8,134.0
US_ERCO_Houston,2026-09-25T15:00Z,24.6,72,19.2,26.9,0.0,46,1016.2,8.4,16.2,58,14.0,412.0,372.4,234.0
US_ISNE_Boston,2026-09-25T15:00Z,17.4,62,10.0,14.0,0.0,99,1021.2,24.4,44.9,36,48.2,593.0,436.5,324.0
US_MISO_Chicago,2026-09-25T15:00Z,15.1,80,11.7,14.2,0.0,100,995.5,9.7,12.6,117,12.2,72.0,0.0,72.0
US_NYIS_NewYork,2026-09-25T15:00Z,18.3,47,6.8,13.4,0.0,99,1015.4,28.3,47.7,32,57.6,563.0,364.4,340.0
US_PJM_Philadelphia,2026-09-25T15:00Z,18.3,45,6.2,14.4,0.0,100,1016.8,22.3,40.2,27,54.0,615.0,729.0,170.0
US_SWPP_OklahomaCity,2026-09-25T15:00Z,23.6,58,14.8,23.5,0.0,37,977.3,11.6,22.5,186,24.8,338.0,377.7,179.0
VN_DaNang,2026-09-25T15:00Z,26.4,95,25.5,32.8,1.2,92,1011.6,4.7,10.3,186,13.7,0.0,0.0,0.0
VN_HaNoi,2026-09-25T15:00Z,26.9,92,25.5,33.0,0.0,5,1009.3,6.6,14.5,175,13.3,0.0,0.0,0.0
VN_HoChiMinh,2026-09-25T15:00Z,25.6,96,24.8,30.9,0.1,99,1011.0,8.6,17.4,148,18.4,0.0,0.0,0.0
AT_Vienna,2026-09-25T16:00Z,17.8,43,5.1,15.9,0.0,50,998.8,4.7,6.4,351,18.0,119.0,177.1,83.0
BE_Brussels,2026-09-25T16:00Z,24.8,33,7.4,23.4,0.0,0,1015.6,4.7,7.2,211,13.3,261.0,464.5,116.6
DE_Berlin,2026-09-25T16:00Z,15.5,56,6.8,13.9,0.0,97,1016.9,5.2,8.6,258,15.5,78.0,32.8,71.0
DE_Hamburg,2026-09-25T16:00Z,17.7,49,6.8,15.7,0.0,0,1017.5,7.7,12.6,234,20.2,180.0,458.7,70.0
DE_Munich,2026-09-25T16:00Z,18.7,29,0.3,16.0,0.0,64,959.9,4.7,5.5,27,11.5,196.0,473.7,75.0
ES_Madrid,2026-09-25T16:00Z,33.9,13,1.6,30.8,0.0,13,944.4,8.4,11.5,220,24.1,453.0,813.8,73.0
FR_Paris,2026-09-25T16:00Z,27.7,32,9.5,26.5,0.0,0,1011.5,7.1,10.1,151,15.8,306.0,688.5,69.0
NL_Amsterdam,2026-09-25T16:00Z,21.0,49,9.8,19.6,0.0,0,1017.2,9.0,13.7,171,19.4,240.0,430.9,112.9
PL_Warsaw,2026-09-25T16:00Z,14.3,83,11.5,13.2,0.0,100,1006.4,10.8,19.8,250,24.5,4.0,0.0,4.0
US_BPAT_Portland,2026-09-25T16:00Z,13.2,85,10.8,10.6,0.0,99,1009.2,19.4,47.0,220,49.0,161.0,28.3,154.0
US_CISO_LosAngeles,2026-09-25T16:00Z,20.9,87,18.6,23.3,0.0,100,1003.3,5.2,3.4,212,14.4,106.0,0.0,106.0
US_CISO_SanFrancisco,2026-09-25T16:00Z,16.9,91,15.4,17.0,0.0,100,1014.1,12.0,7.9,246,19.1,190.0,275.8,111.0
US_ERCO_Dallas,2026-09-25T16:00Z,27.2,50,15.9,28.4,0.0,0,1004.7,7.8,10.9,117,8.3,595.0,819.9,94.0
US_ERCO_Houston,2026-09-25T16:00Z,25.5,69,19.4,28.5,0.0,7,1016.2,7.7,14.3,51,10.1,642.0,802.7,123.0
US_ISNE_Boston,2026-09-25T16:00Z,17.6,65,11.0,14.8,0.0,99,1020.5,25.8,47.6,33,49.0,680.0,524.3,316.0
US_MISO_Chicago,2026-09-25T16:00Z,16.7,77,12.6,16.9,0.0,95,995.5,4.7,10.8,116,6.1,567.0,447.4,294.0
US_NYIS_NewYork,2026-09-25T16:00Z,19.8,42,6.5,15.7,0.0,99,1015.2,27.6,46.7,36,52.2,731.0,785.9,180.0
US_PJM_Philadelphia,2026-09-25T16:00Z,20.0,46,8.1,16.9,0.0,55,1016.4,23.9,41.7,32,43.9,729.0,893.3,100.0
US_SWPP_OklahomaCity,2026-09-25T16:00Z,24.4,57,15.4,25.0,0.0,48,977.3,8.6,19.5,184,13.3,350.0,142.1,267.0
VN_DaNang,2026-09-25T16:00Z,26.1,97,25.6,32.6,0.2,80,1011.2,3.5,7.3,216,9.0,0.0,0.0,0.0
VN_HaNoi,2026-09-25T16:00Z,26.8,92,25.4,32.7,0.0,4,1009.2,7.5,15.6,169,14.0,0.0,0.0,0.0
VN_HoChiMinh,2026-09-25T16:00Z,25.5,95,24.6,31.0,0.0,99,1011.0,6.1,13.7,153,16.6,0.0,0.0,0.0
AT_Vienna,2026-09-25T17:00Z,17.2,45,5.2,15.2,0.0,84,999.5,5.8,10.4,18,13.7,21.0,38.8,18.0
BE_Brussels,2026-09-25T17:00Z,24.0,39,9.2,22.9,0.0,0,1015.5,5.8,9.0,191,12.6,114.0,274.1,70.2
DE_Berlin,2026-09-25T17:00Z,15.2,58,7.0,14.4,0.0,100,1017.1,0.5,1.9,248,11.5,26.0,11.7,25.0
DE_Hamburg,2026-09-25T17:00Z,17.1,51,6.8,15.5,0.0,0,1017.4,5.1,12.0,227,17.3,56.0,239.8,32.0
DE_Munich,2026-09-25T17:00Z,17.7,31,0.4,15.0,0.0,69,960.3,4.6,9.0,64,12.2,51.0,162.1,34.0
ES_Madrid,2026-09-25T17:00Z,33.1,13,1.0,29.9,0.0,8,944.0,7.9,11.2,221,22.7,262.0,677.9,60.0
FR_Paris,2026-09-25T17:00Z,27.4,32,9.3,26.0,0.0,0,1011.5,8.2,13.6,152,16.2,145.0,506.6,49.0
NL_Amsterdam,2026-09-25T17:00Z,20.5,52,10.3,19.7,0.0,0,1017.2,6.1,11.5,177,13.3,102.0,247.7,65.3
PL_Warsaw,2026-09-25T17:00Z,14.2,84,11.6,13.1,0.0,100,1007.1,11.2,21.6,252,21.6,0.0,0.0,0.0
US_BPAT_Portland,2026-09-25T17:00Z,13.1,88,11.2,10.9,1.1,90,1010.5,17.9,40.5,224,49.7,60.0,0.0,60.0
US_CISO_LosAngeles,2026-09-25T17:00Z,23.1,79,19.2,25.8,0.0,87,1003.6,5.4,3.5,204,7.2,397.0,63.5,363.0
US_CISO_SanFrancisco,2026-09-25T17:00Z,17.7,89,15.9,17.8,0.0,100,1014.4,13.3,8.2,247,16.9,292.0,333.3,137.0
US_ERCO_Dallas,2026-09-25T17:00Z,29.6,46,16.8,32.3,0.0,11,1004.5,6.1,8.7,114,7.2,735.0,847.0,112.0
US_ERCO_Houston,2026-09-25T17:00Z,27.3,63,19.7,31.8,0.0,5,1015.8,5.1,13.5,42,8.3,782.0,865.8,115.0
US_ISNE_Boston,2026-09-25T17:00Z,18.4,59,10.2,15.2,0.0,99,1019.9,26.9,47.5,37,50.0,698.0,349.4,445.0
US_MISO_Chicago,2026-09-25T17:00Z,16.1,77,12.1,15.5,0.0,98,995.2,8.9,11.8,113,13.3,481.0,46.1,449.0
US_NYIS_NewYork,2026-09-25T17:00Z,20.8,40,6.7,17.2,0.0,99,1014.6,25.2,47.5,35,46.8,757.0,690.4,245.0
US_PJM_Philadelphia,2026-09-25T17:00Z,21.0,46,8.9,18.3,0.0,99,1016.1,23.2,41.1,23,44.6,762.0,667.4,262.0
US_SWPP_OklahomaCity,2026-09-25T17:00Z,27.1,52,16.4,28.6,0.0,5,977.3,10.7,17.7,185,19.4,690.0,788.0,133.0
VN_DaNang,2026-09-25T17:00Z,26.1,97,25.6,33.0,0.2,91,1010.7,0.9,4.9,184,6.5,0.0,0.0,0.0
VN_HaNoi,2026-09-25T17:00Z,26.6,92,25.2,32.2,0.0,4,1008.8,8.1,16.5,172,15.8,0.0,0.0,0.0
VN_HoChiMinh,2026-09-25T17:00Z,25.3,95,24.4,30.8,0.0,100,1010.8,5.2,12.7,159,11.5,0.0,0.0,0.0
AT_Vienna,2026-09-25T18:00Z,16.1,55,7.0,14.8,0.0,86,999.3,3.2,10.5,50,11.2,0.0,0.0,0.0
BE_Brussels,2026-09-25T18:00Z,21.8,41,8.0,20.5,0.0,0,1015.6,5.8,13.0,170,7.2,11.0,1.5,10.9
DE_Berlin,2026-09-25T18:00Z,13.9,74,9.3,13.0,0.0,95,1017.3,4.9,9.5,182,7.9,0.0,0.0,0.0
DE_Hamburg,2026-09-25T18:00Z,15.4,67,9.3,14.6,0.0,0,1017.7,4.0,12.6,218,10.4,0.0,0.0,0.0
DE_Munich,2026-09-25T18:00Z,15.6,50,5.3,13.7,0.0,63,960.7,5.1,12.7,136,11.5,0.0,0.0,0.0
ES_Madrid,2026-09-25T18:00Z,31.0,14,0.4,28.2,0.0,1,943.8,5.4,15.0,223,19.1,76.0,365.5,31.0
FR_Paris,2026-09-25T18:00Z,26.1,37,10.3,25.0,0.0,0,1012.2,7.9,19.3,145,16.2,20.0,113.5,12.0
NL_Amsterdam,2026-09-25T18:00Z,19.0,65,12.3,18.6,0.0,0,1017.3,7.9,20.2,194,11.2,8.0,0.0,8.0
PL_Warsaw,2026-09-25T18:00Z,14.1,83,11.2,13.3,0.0,100,1006.9,7.9,16.6,239,17.6,0.0,0.0,0.0
US_BPAT_Portland,2026-09-25T18:00Z,13.7,91,12.2,11.0,0.0,99,1011.8,23.1,42.1,222,47.9,473.0,426.9,244.0
US_CISO_LosAngeles,2026-09-25T18:00Z,25.7,68,19.4,28.5,0.0,30,1003.7,5.2,5.9,227,6.8,521.0,310.1,311.0
US_CISO_SanFrancisco,2026-09-25T18:00Z,19.5,79,15.8,19.5,0.0,24,1014.9,13.8,9.8,246,16.6,442.0,260.1,283.0
US_ERCO_Dallas,2026-09-25T18:00Z,31.1,45,17.8,34.5,0.0,60,1004.2,6.2,7.1,105,9.7,797.0,636.4,282.0
US_ERCO_Houston,2026-09-25T18:00Z,28.5,69,22.2,35.6,0.0,5,1015.5,0.5,12.6,27,10.4,859.0,873.9,124.0
US_ISNE_Boston,2026-09-25T18:00Z,18.8,59,10.6,15.7,0.0,99,1019.3,26.9,47.2,35,46.4,700.0,665.1,232.0
US_MISO_Chicago,2026-09-25T18:00Z,16.0,78,12.2,15.6,0.0,89,994.7,7.6,11.4,103,9.7,381.0,1.4,380.0
US_NYIS_NewYork,2026-09-25T18:00Z,21.3,39,6.8,17.1,0.0,100,1013.5,27.8,46.9,27,41.0,706.0,380.4,428.0
US_PJM_Philadelphia,2026-09-25T18:00Z,22.1,36,6.4,18.7,0.0,100,1014.7,22.7,40.0,21,46.8,719.0,355.7,455.0
US_SWPP_OklahomaCity,2026-09-25T18:00Z,29.8,47,17.3,31.9,0.0,21,977.1,11.3,17.3,182,20.5,749.0,690.5,210.0
VN_DaNang,2026-09-25T18:00Z,26.5,96,25.9,33.3,0.0,97,1009.7,3.4,6.7,149,4.3,0.0,0.0,0.0
VN_HaNoi,2026-09-25T18:00Z,26.9,91,25.3,32.7,0.0,5,1008.4,7.1,13.7,184,15.5,0.0,0.0,0.0
VN_HoChiMinh,2026-09-25T18:00Z,26.2,96,25.4,32.5,0.0,98,1010.3,4.3,10.0,139,10.1,0.0,0.0,0.0
AT_Vienna,2026-09-25T19:00Z,15.1,62,7.9,14.4,0.0,100,1000.3,1.3,6.5,77,6.1,0.0,0.0,0.0
BE_Brussels,2026-09-25T19:00Z,20.5,53,10.6,19.5,0.0,0,1015.4,7.9,12.6,178,9.7,0.0,0.0,0.0
DE_Berlin,2026-09-25T19:00Z,12.9,80,9.6,12.1,0.0,62,1017.3,4.9,12.8,188,10.8,0.0,0.0,0.0
DE_Hamburg,2026-09-25T19:00Z,14.0,74,9.5,13.2,0.0,0,1017.7,4.3,14.5,209,9.4,0.0,0.0,0.0
DE_Munich,2026-09-25T19:00Z,13.4,67,7.4,12.1,0.0,0,960.9,4.0,12.7,167,10.1,0.0,0.0,0.0
ES_Madrid,2026-09-25T19:00Z,28.6,16,0.3,25.9,0.0,2,943.6,4.1,16.0,230,11.2,0.0,0.0,0.0
FR_Paris,2026-09-25T19:00Z,24.4,39,9.5,23.0,0.0,0,1012.3,8.9,24.6,142,16.9,0.0,0.0,0.0
NL_Amsterdam,2026-09-25T19:00Z,17.9,65,11.2,17.9,0.0,0,1017.1,2.5,7.9,191,5.0,0.0,0.0,0.0
PL_Warsaw,2026-09-25T19:00Z,14.0,83,11.2,13.0,0.0,100,1007.0,9.7,18.4,252,18.4,0.0,0.0,0.0
US_BPAT_Portland,2026-09-25T19:00Z,15.5,81,12.2,13.5,0.0,97,1012.9,19.8,37.7,238,46.1,599.0,666.1,180.0
US_CISO_LosAngeles,2026-09-25T19:00Z,27.8,60,19.4,31.5,0.0,15,1003.5,5.5,7.0,235,6.5,703.0,686.4,173.0
US_CISO_SanFrancisco,2026-09-25T19:00Z,21.1,70,15.4,21.8,0.0,24,1014.9,13.1,11.0,251,14.8,704.0,773.5,151.0
US_ERCO_Dallas,2026-09-25T19:00Z,32.5,44,18.7,36.9,0.0,13,1003.2,3.4,6.5,87,7.2,805.0,562.3,340.0
US_ERCO_Houston,2026-09-25T19:00Z,29.1,68,22.6,35.9,0.0,0,1014.5,4.3,13.9,25,20.9,876.0,882.0,123.0
US_ISNE_Boston,2026-09-25T19:00Z,18.7,56,9.7,14.4,0.0,99,1018.6,28.8,49.4,35,57.2,547.0,181.3,432.0
US_MISO_Chicago,2026-09-25T19:00Z,16.5,73,11.6,15.6,0.0,100,994.2,9.7,11.7,81,12.6,182.0,0.0,182.0
US_NYIS_NewYork,2026-09-25T19:00Z,21.4,43,8.3,17.2,0.0,99,1012.7,27.9,48.1,23,48.6,619.0,404.9,348.0
US_PJM_Philadelphia,2026-09-25T19:00Z,22.4,36,6.6,18.9,0.0,99,1013.9,21.3,41.3,18,40.7,651.0,441.6,349.0
US_SWPP_OklahomaCity,2026-09-25T19:00Z,31.0,47,18.4,33.0,0.0,32,976.5,10.9,17.3,182,19.1,625.0,322.3,367.0
VN_DaNang,2026-09-25T19:00Z,26.2,97,25.6,32.6,0.0,98,1009.4,4.2,8.2,171,8.3,0.0,0.0,0.0
VN_HaNoi,2026-09-25T19:00Z,26.5,93,25.3,32.5,0.0,3,1008.0,5.9,12.4,181,13.3,0.0,0.0,0.0
VN_HoChiMinh,2026-09-25T19:00Z,25.9,97,25.3,32.2,0.0,100,1009.9,4.1,10.5,147,7.9,0.0,0.0,0.0
AT_Vienna,2026-09-25T20:00Z,14.7,64,8.0,13.9,0.0,83,1000.3,1.8,4.3,145,2.5,0.0,0.0,0.0
BE_Brussels,2026-09-25T20:00Z,20.5,49,9.4,19.2,0.0,0,1015.3,7.9,16.2,192,11.2,0.0,0.0,0.0
DE_Berlin,2026-09-25T20:00Z,12.1,83,9.3,11.2,0.0,28,1017.5,5.2,15.0,188,11.5,0.0,0.0,0.0
DE_Hamburg,2026-09-25T20:00Z,12.9,74,8.4,11.8,0.0,0,1017.9,4.6,16.4,203,9.4,0.0,0.0,0.0
DE_Munich,2026-09-25T20:00Z,12.1,73,7.4,10.9,0.0,67,961.3,3.7,9.8,165,8.3,0.0,0.0,0.0
ES_Madrid,2026-09-25T20:00Z,26.7,19,1.1,24.0,0.0,1,943.8,4.8,21.5,247,10.8,0.0,0.0,0.0
FR_Paris,2026-09-25T20:00Z,22.9,38,7.8,21.0,0.0,0,1012.2,8.7,24.7,146,17.3,0.0,0.0,0.0
NL_Amsterdam,2026-09-25T20:00Z,17.6,62,10.2,17.2,0.0,0,1017.0,3.2,7.9,183,5.8,0.0,0.0,0.0
PL_Warsaw,2026-09-25T20:00Z,13.5,85,11.0,12.1,0.0,100,1007.4,11.5,20.2,259,23.4,0.0,0.0,0.0
US_BPAT_Portland,2026-09-25T20:00Z,17.1,70,11.6,15.4,0.0,29,1013.7,17.6,35.4,255,33.5,630.0,609.3,217.0
US_CISO_LosAngeles,2026-09-25T20:00Z,28.8,59,20.0,33.1,0.0,8,1002.9,8.5,10.9,236,8.6,818.0,845.6,130.0
US_CISO_SanFrancisco,2026-09-25T20:00Z,21.5,66,14.9,22.1,0.0,43,1014.7,15.7,13.4,250,18.4,777.0,748.9,201.0
US_ERCO_Dallas,2026-09-25T20:00Z,33.5,41,18.4,37.4,0.0,2,1002.1,4.7,7.6,65,7.2,777.0,774.4,167.0
US_ERCO_Houston,2026-09-25T20:00Z,30.0,58,20.9,34.9,0.0,8,1013.3,7.2,15.9,28,20.9,817.0,858.1,124.0
US_ISNE_Boston,2026-09-25T20:00Z,17.9,54,8.5,13.7,0.0,99,1017.9,26.6,50.2,39,52.6,346.0,5.8,343.0
US_MISO_Chicago,2026-09-25T20:00Z,15.5,80,12.1,14.8,0.0,100,993.6,9.5,12.4,73,11.9,75.0,0.0,75.0
US_NYIS_NewYork,2026-09-25T20:00Z,21.8,36,6.0,17.0,0.0,99,1012.2,25.5,45.6,26,47.2,501.0,452.6,247.0
US_PJM_Philadelphia,2026-09-25T20:00Z,22.6,39,8.0,18.8,0.0,99,1013.3,22.4,40.4,16,37.4,533.0,446.3,275.0
US_SWPP_OklahomaCity,2026-09-25T20:00Z,32.1,43,17.9,34.8,0.0,23,975.4,9.2,17.8,187,13.3,754.0,793.5,147.0
VN_DaNang,2026-09-25T20:00Z,26.1,97,25.5,32.5,0.0,99,1009.3,4.0,8.7,176,8.6,0.0,0.0,0.0
VN_HaNoi,2026-09-25T20:00Z,26.3,94,25.2,32.2,0.0,1,1007.8,6.2,12.8,176,11.9,0.0,0.0,0.0
VN_HoChiMinh,2026-09-25T20:00Z,25.9,97,25.3,32.3,0.2,100,1009.5,3.2,8.7,132,7.6,0.0,0.0,0.0
AT_Vienna,2026-09-25T21:00Z,13.6,71,8.5,12.8,0.0,42,1000.3,2.5,7.1,186,4.7,0.0,0.0,0.0
BE_Brussels,2026-09-25T21:00Z,20.4,39,6.0,18.2,0.0,0,1015.2,8.6,26.6,192,13.3,0.0,0.0,0.0
DE_Berlin,2026-09-25T21:00Z,11.2,85,8.8,10.1,0.0,10,1017.0,5.2,16.8,195,11.2,0.0,0.0,0.0
DE_Hamburg,2026-09-25T21:00Z,11.3,83,8.5,10.3,0.0,0,1017.9,4.6,16.8,202,9.4,0.0,0.0,0.0
DE_Munich,2026-09-25T21:00Z,10.7,76,6.7,9.3,0.0,40,961.2,4.3,12.2,158,9.7,0.0,0.0,0.0
ES_Madrid,2026-09-25T21:00Z,25.5,23,2.8,23.2,0.0,10,944.0,4.0,18.2,262,10.8,0.0,0.0,0.0
FR_Paris,2026-09-25T21:00Z,21.5,40,7.3,19.4,0.0,0,1012.0,9.4,28.1,147,16.9,0.0,0.0,0.0
NL_Amsterdam,2026-09-25T21:00Z,16.8,64,9.9,16.1,0.0,26,1016.9,4.7,14.4,181,9.0,0.0,0.0,0.0
PL_Warsaw,2026-09-25T21:00Z,13.1,86,10.8,11.5,0.0,100,1007.4,12.6,21.6,247,23.8,0.0,0.0,0.0
US_BPAT_Portland,2026-09-25T21:00Z,17.4,67,11.2,15.1,0.0,23,1014.4,18.3,34.5,263,36.0,513.0,487.1,182.0
US_CISO_LosAngeles,2026-09-25T21:00Z,29.7,58,20.6,34.2,0.0,5,1002.0,8.4,11.4,242,8.6,809.0,856.2,125.0
US_CISO_SanFrancisco,2026-09-25T21:00Z,22.0,62,14.4,21.8,0.0,5,1014.3,19.6,15.5,252,24.1,777.0,750.6,199.0
US_ERCO_Dallas,2026-09-25T21:00Z,33.6,37,17.0,35.5,0.0,0,1001.2,8.9,9.7,63,9.7,669.0,740.6,155.0
US_ERCO_Houston,2026-09-25T21:00Z,31.0,52,20.0,34.5,0.0,5,1012.4,8.3,18.1,35,15.8,697.0,821.9,117.0
US_ISNE_Boston,2026-09-25T21:00Z,17.6,55,8.5,13.4,0.0,99,1017.6,26.3,47.5,41,62.3,186.0,2.7,185.0
US_MISO_Chicago,2026-09-25T21:00Z,16.0,79,12.3,15.7,0.0,100,993.4,6.6,15.0,69,7.9,176.0,0.0,176.0
US_NYIS_NewYork,2026-09-25T21:00Z,21.1,36,5.5,15.8,0.0,100,1011.7,28.8,49.5,25,55.1,277.0,48.3,257.0
US_PJM_Philadelphia,2026-09-25T21:00Z,22.7,36,6.9,18.8,0.0,100,1012.7,22.0,43.8,14,41.0,292.0,48.6,271.0
US_SWPP_OklahomaCity,2026-09-25T21:00Z,32.4,42,17.9,34.0,0.0,73,974.6,11.2,16.3,185,15.1,607.0,496.7,271.0
VN_DaNang,2026-09-25T21:00Z,25.9,97,25.4,32.3,0.0,100,1009.5,4.3,9.5,190,10.4,0.0,0.0,0.0
VN_HaNoi,2026-09-25T21:00Z,26.1,94,25.0,31.9,0.0,0,1007.5,6.1,12.5,172,11.9,0.0,0.0,0.0
VN_HoChiMinh,2026-09-25T21:00Z,25.7,97,25.1,31.6,0.2,100,1009.3,5.6,12.0,123,10.8,0.0,0.0,0.0
AT_Vienna,2026-09-25T22:00Z,13.1,76,8.9,12.4,0.0,86,1000.0,2.6,7.3,203,6.1,0.0,0.0,0.0
BE_Brussels,2026-09-25T22:00Z,20.4,44,7.8,18.7,0.0,0,1014.8,7.9,27.7,190,14.4,0.0,0.0,0.0
DE_Berlin,2026-09-25T22:00Z,10.7,86,8.5,9.7,0.0,0,1017.0,4.3,17.8,207,10.4,0.0,0.0,0.0
DE_Hamburg,2026-09-25T22:00Z,10.7,82,7.7,9.5,0.0,0,1017.2,4.2,17.7,211,9.7,0.0,0.0,0.0
DE_Munich,2026-09-25T22:00Z,10.1,78,6.5,8.7,0.0,38,960.8,4.0,11.2,167,10.4,0.0,0.0,0.0
ES_Madrid,2026-09-25T22:00Z,24.1,28,4.4,22.5,0.0,18,943.9,1.8,10.6,264,7.9,0.0,0.0,0.0
FR_Paris,2026-09-25T22:00Z,20.6,43,7.6,19.0,0.0,0,1011.9,6.3,24.2,157,18.7,0.0,0.0,0.0
NL_Amsterdam,2026-09-25T22:00Z,16.8,61,9.3,15.3,0.0,89,1016.6,9.4,28.8,173,10.4,0.0,0.0,0.0
PL_Warsaw,2026-09-25T22:00Z,12.8,87,10.7,11.4,0.0,100,1007.3,11.5,20.2,247,24.1,0.0,0.0,0.0
US_BPAT_Portland,2026-09-25T22:00Z,17.1,62,9.7,15.2,0.0,100,1015.0,12.3,34.7,264,24.8,418.0,321.8,214.0
US_CISO_LosAngeles,2026-09-25T22:00Z,28.7,62,20.7,31.8,0.0,8,1001.4,14.8,17.2,241,16.2,727.0,824.5,126.0
US_CISO_SanFrancisco,2026-09-25T22:00Z,21.8,63,14.4,20.9,0.0,63,1013.8,22.0,17.0,257,28.4,738.0,897.3,94.0
US_ERCO_Dallas,2026-09-25T22:00Z,33.6,35,16.0,34.3,0.0,0,1000.7,9.0,10.3,65,11.5,514.0,740.6,105.0
US_ERCO_Houston,2026-09-25T22:00Z,30.8,57,21.3,34.0,0.0,8,1012.4,9.4,18.9,50,16.9,509.0,720.6,109.0
US_ISNE_Boston,2026-09-25T22:00Z,16.9,52,7.0,12.9,0.0,99,1017.4,22.5,45.3,57,59.4,58.0,0.0,58.0
US_MISO_Chicago,2026-09-25T22:00Z,16.2,73,11.3,15.4,0.0,29,992.9,8.4,14.7,59,10.1,342.0,431.6,173.0
US_NYIS_NewYork,2026-09-25T22:00Z,20.2,42,6.9,15.7,0.0,100,1011.4,25.7,50.7,27,57.6,104.0,0.0,104.0
US_PJM_Philadelphia,2026-09-25T22:00Z,22.7,33,5.6,18.2,0.0,99,1012.4,23.5,47.0,18,53.3,144.0,70.4,126.0
US_SWPP_OklahomaCity,2026-09-25T22:00Z,32.9,38,16.7,33.4,0.0,46,973.9,12.3,17.7,178,19.1,399.0,456.4,152.0
VN_DaNang,2026-09-25T22:00Z,25.9,97,25.3,32.3,0.0,100,1009.5,3.5,8.3,178,9.4,0.0,0.0,0.0
VN_HaNoi,2026-09-25T22:00Z,25.9,94,24.8,31.7,0.0,2,1007.6,5.4,11.7,162,11.5,0.0,0.0,0.0
VN_HoChiMinh,2026-09-25T22:00Z,25.6,96,24.9,31.4,0.1,100,1009.4,5.1,10.6,132,11.2,0.0,0.0,0.0
AT_Vienna,2026-09-25T23:00Z,12.7,77,8.8,12.1,0.0,84,1000.2,2.1,6.8,189,5.0,0.0,0.0,0.0
BE_Brussels,2026-09-25T23:00Z,20.3,43,7.4,18.1,0.0,0,1014.7,10.8,31.7,191,17.6,0.0,0.0,0.0
DE_Berlin,2026-09-25T23:00Z,10.3,86,8.1,9.2,0.0,0,1016.9,4.3,17.6,217,9.0,0.0,0.0,0.0
DE_Hamburg,2026-09-25T23:00Z,10.2,83,7.4,9.0,0.0,100,1017.2,3.7,17.7,224,8.6,0.0,0.0,0.0
DE_Munich,2026-09-25T23:00Z,9.2,82,6.3,7.8,0.0,70,960.9,3.3,7.7,210,8.6,0.0,0.0,0.0
ES_Madrid,2026-09-25T23:00Z,22.9,31,4.8,21.3,0.0,0,944.1,2.4,6.8,261,3.6,0.0,0.0,0.0
FR_Paris,2026-09-25T23:00Z,20.1,47,8.4,19.3,0.0,0,1012.4,2.5,11.0,266,13.0,0.0,0.0,0.0
NL_Amsterdam,2026-09-25T23:00Z,16.2,70,10.7,16.0,0.0,98,1016.5,2.9,13.0,190,4.3,0.0,0.0,0.0
PL_Warsaw,2026-09-25T23:00Z,12.9,87,10.8,11.4,0.0,100,1007.9,11.9,20.9,244,23.8,0.0,0.0,0.0
US_BPAT_Portland,2026-09-25T23:00Z,16.5,71,11.3,15.3,0.4,100,1015.8,11.2,33.9,267,27.0,495.0,689.1,120.0
US_CISO_LosAngeles,2026-09-25T23:00Z,27.1,63,19.5,28.8,0.0,9,1001.0,13.1,17.9,245,15.5,537.0,690.2,117.0
US_CISO_SanFrancisco,2026-09-25T23:00Z,21.7,59,13.4,19.5,0.0,48,1013.5,22.7,18.4,264,31.3,552.0,427.3,289.0
US_ERCO_Dallas,2026-09-25T23:00Z,33.3,33,14.9,33.3,0.0,2,1000.2,11.4,14.6,81,15.1,297.0,556.2,90.0
US_ERCO_Houston,2026-09-25T23:00Z,29.7,54,19.4,31.6,0.0,0,1012.6,11.4,20.3,70,18.0,287.0,530.1,93.0
US_ISNE_Boston,2026-09-25T23:00Z,17.3,51,7.1,13.3,0.0,100,1017.0,22.7,44.2,72,60.5,0.0,0.0,0.0
US_MISO_Chicago,2026-09-25T23:00Z,15.1,71,9.9,13.9,0.0,64,992.6,8.1,14.7,59,12.6,108.0,110.8,84.0
US_NYIS_NewYork,2026-09-25T23:00Z,20.5,34,4.1,15.9,0.0,100,1011.2,21.4,54.8,28,58.7,0.0,0.0,0.0
US_PJM_Philadelphia,2026-09-25T23:00Z,21.3,39,6.8,17.1,0.0,99,1012.8,23.4,49.2,17,52.6,0.0,0.0,0.0
US_SWPP_OklahomaCity,2026-09-25T23:00Z,32.2,38,16.1,32.5,0.0,12,973.2,11.9,23.1,165,18.0,283.0,516.0,93.0
VN_DaNang,2026-09-25T23:00Z,25.9,96,25.2,32.2,0.0,88,1010.0,3.8,7.9,159,7.9,4.0,0.0,4.0
VN_HaNoi,2026-09-25T23:00Z,25.8,94,24.8,31.6,0.0,4,1008.2,5.4,11.9,153,10.4,1.0,0.0,1.0
VN_HoChiMinh,2026-09-25T23:00Z,25.4,96,24.6,30.8,0.0,100,1010.1,6.8,13.6,143,13.7,1.0,0.0,1.0
AT_Vienna,2026-09-26T00:00Z,11.6,81,8.4,10.9,0.0,100,1000.2,1.5,5.3,188,5.4,0.0,0.0,0.0
BE_Brussels,2026-09-26T00:00Z,19.9,38,5.2,16.8,0.0,0,1014.8,13.0,33.5,194,22.0,0.0,0.0,0.0
DE_Berlin,2026-09-26T00:00Z,9.3,90,7.8,8.1,0.0,0,1016.9,4.3,19.2,223,9.0,0.0,0.0,0.0
DE_Hamburg,2026-09-26T00:00Z,9.3,86,7.0,7.9,0.0,48,1017.3,3.9,16.8,219,8.6,0.0,0.0,0.0
DE_Munich,2026-09-26T00:00Z,8.5,84,5.9,7.0,0.0,56,961.0,3.6,10.5,230,7.6,0.0,0.0,0.0
ES_Madrid,2026-09-26T00:00Z,21.1,35,5.0,19.4,0.0,0,943.7,3.1,3.6,281,6.1,0.0,0.0,0.0
FR_Paris,2026-09-26T00:00Z,18.8,62,11.4,17.9,0.0,0,1012.9,9.2,21.1,296,14.4,0.0,0.0,0.0
NL_Amsterdam,2026-09-26T00:00Z,15.9,85,13.4,15.6,0.0,100,1016.6,9.4,19.8,41,15.1,0.0,0.0,0.0
PL_Warsaw,2026-09-26T00:00Z,12.8,87,10.7,11.1,0.0,100,1007.6,12.6,20.9,243,23.0,0.0,0.0,0.0
US_BPAT_Portland,2026-09-26T00:00Z,17.1,61,9.5,15.5,0.0,0,1016.0,9.8,29.2,270,27.0,366.0,689.4,79.0
US_CISO_LosAngeles,2026-09-26T00:00Z,26.0,65,18.9,27.3,0.0,7,1000.6,13.7,17.0,249,15.8,346.0,551.7,100.0
US_CISO_SanFrancisco,2026-09-26T00:00Z,20.0,64,13.0,17.3,0.0,61,1013.0,25.3,19.1,269,36.0,430.0,658.7,120.0
US_ERCO_Dallas,2026-09-26T00:00Z,32.0,38,16.0,32.6,0.0,16,1000.3,10.1,21.0,96,13.7,68.0,186.8,37.0
US_ERCO_Houston,2026-09-26T00:00Z,27.5,57,18.2,29.0,0.0,5,1012.9,10.1,21.0,85,20.9,49.0,58.3,40.0
US_ISNE_Boston,2026-09-26T00:00Z,16.6,59,8.5,13.6,0.0,100,1017.2,17.8,40.8,49,49.0,0.0,0.0,0.0
US_MISO_Chicago,2026-09-26T00:00Z,14.2,72,9.2,12.9,0.0,96,992.8,7.3,13.4,54,11.9,0.0,0.0,0.0
US_NYIS_NewYork,2026-09-26T00:00Z,19.9,36,4.4,14.8,0.0,100,1011.1,25.3,53.5,30,59.8,0.0,0.0,0.0
US_PJM_Philadelphia,2026-09-26T00:00Z,20.9,40,6.8,16.7,0.0,99,1012.2,23.8,45.9,21,58.7,0.0,0.0,0.0
US_SWPP_OklahomaCity,2026-09-26T00:00Z,30.7,41,15.9,30.7,0.0,99,973.3,13.6,31.5,141,21.6,87.0,41.3,80.0
VN_DaNang,2026-09-26T00:00Z,27.2,92,25.7,33.9,0.0,91,1010.8,3.4,5.1,174,13.0,109.0,192.7,69.0
VN_HaNoi,2026-09-26T00:00Z,27.3,88,25.1,33.4,0.0,9,1009.1,5.0,10.3,155,12.6,88.0,229.9,50.0
VN_HoChiMinh,2026-09-26T00:00Z,26.9,92,25.5,33.1,0.3,100,1010.8,5.8,13.3,108,13.7,39.0,0.0,39.0
AT_Vienna,2026-09-26T01:00Z,11.2,82,8.2,10.3,0.0,6,1000.3,2.6,5.4,203,6.5,0.0,0.0,0.0
BE_Brussels,2026-09-26T01:00Z,19.3,47,7.7,17.0,0.0,0,1014.8,11.5,31.7,193,19.8,0.0,0.0,0.0
DE_Berlin,2026-09-26T01:00Z,9.0,89,7.3,7.8,0.0,0,1016.4,4.1,16.2,214,8.6,0.0,0.0,0.0
DE_Hamburg,2026-09-26T01:00Z,9.2,86,6.9,7.8,0.0,46,1016.8,4.2,16.5,222,8.3,0.0,0.0,0.0
DE_Munich,2026-09-26T01:00Z,8.2,88,6.4,6.8,0.0,5,960.6,3.7,8.2,223,7.9,0.0,0.0,0.0
ES_Madrid,2026-09-26T01:00Z,19.2,37,4.2,17.2,0.0,72,943.6,4.0,3.8,326,9.0,0.0,0.0,0.0
FR_Paris,2026-09-26T01:00Z,17.4,78,13.5,17.0,0.0,0,1012.7,10.4,20.2,316,20.5,0.0,0.0,0.0
NL_Amsterdam,2026-09-26T01:00Z,16.1,65,9.5,15.0,0.0,1,1016.4,6.5,5.0,145,7.2,0.0,0.0,0.0
PL_Warsaw,2026-09-26T01:00Z,12.8,88,10.8,11.3,0.0,100,1008.1,11.9,19.8,248,23.8,0.0,0.0,0.0
US_BPAT_Portland,2026-09-26T01:00Z,16.1,58,7.9,14.3,0.0,4,1016.5,8.7,22.2,278,22.0,110.0,3.9,109.0
US_CISO_LosAngeles,2026-09-26T01:00Z,23.8,78,19.7,25.7,0.0,23,1000.6,12.2,13.0,251,14.8,135.0,281.6,64.0
US_CISO_SanFrancisco,2026-09-26T01:00Z,19.1,62,11.7,16.0,0.0,12,1012.5,24.7,18.7,269,33.1,223.0,447.5,92.0
US_ERCO_Dallas,2026-09-26T01:00Z,31.3,34,13.6,32.0,0.0,35,1000.5,3.7,23.3,98,12.6,0.0,0.0,0.0
US_ERCO_Houston,2026-09-26T01:00Z,26.0,59,17.4,27.5,0.0,2,1013.0,7.9,18.8,95,20.2,0.0,0.0,0.0
US_ISNE_Boston,2026-09-26T01:00Z,16.3,60,8.5,13.5,0.0,99,1017.2,17.1,47.2,56,44.3,0.0,0.0,0.0
US_MISO_Chicago,2026-09-26T01:00Z,13.3,77,9.3,11.9,0.0,12,992.7,8.2,12.3,52,11.5,0.0,0.0,0.0
US_NYIS_NewYork,2026-09-26T01:00Z,18.8,39,4.5,13.1,0.0,99,1011.4,29.5,53.3,35,62.6,0.0,0.0,0.0
US_PJM_Philadelphia,2026-09-26T01:00Z,21.5,38,6.6,17.2,0.0,99,1012.0,23.8,46.7,20,62.6,0.0,0.0,0.0
US_SWPP_OklahomaCity,2026-09-26T01:00Z,25.9,73,20.7,29.4,0.0,68,972.6,4.5,35.7,138,9.7,0.0,0.0,0.0
VN_DaNang,2026-09-26T01:00Z,28.3,86,25.7,35.2,0.0,95,1011.2,1.9,2.5,111,10.1,285.0,273.8,164.0
VN_HaNoi,2026-09-26T01:00Z,28.4,80,24.7,34.0,0.0,14,1009.6,6.2,8.8,165,15.8,282.0,428.5,114.0
VN_HoChiMinh,2026-09-26T01:00Z,27.5,87,25.1,33.5,0.0,100,1011.0,5.5,8.6,110,13.7,163.0,79.0,129.0
AT_Vienna,2026-09-26T02:00Z,10.7,82,7.7,9.5,0.0,75,1000.3,3.8,5.7,227,7.6,0.0,0.0,0.0
BE_Brussels,2026-09-26T02:00Z,19.1,41,5.6,16.2,0.0,68,1014.8,12.6,29.9,193,21.2,0.0,0.0,0.0
DE_Berlin,2026-09-26T02:00Z,8.5,91,7.1,7.3,0.0,0,1016.8,3.2,13.8,218,7.9,0.0,0.0,0.0
DE_Hamburg,2026-09-26T02:00Z,9.1,86,6.8,7.6,0.0,14,1016.7,4.2,15.8,220,8.3,0.0,0.0,0.0
DE_Munich,2026-09-26T02:00Z,7.9,89,6.2,6.5,0.0,16,960.9,3.2,8.6,215,7.6,0.0,0.0,0.0
ES_Madrid,2026-09-26T02:00Z,18.1,40,4.3,16.1,0.0,100,943.2,4.1,4.9,21,9.0,0.0,0.0,0.0
FR_Paris,2026-09-26T02:00Z,16.1,90,14.5,16.0,0.0,52,1012.7,10.7,19.0,317,21.2,0.0,0.0,0.0
NL_Amsterdam,2026-09-26T02:00Z,16.4,53,6.8,14.3,0.0,100,1016.6,8.6,9.0,156,14.0,0.0,0.0,0.0
PL_Warsaw,2026-09-26T02:00Z,12.7,90,11.1,11.4,0.0,100,1008.2,10.8,18.0,248,22.7,0.0,0.0,0.0
US_BPAT_Portland,2026-09-26T02:00Z,15.2,64,8.4,13.0,0.0,100,1017.0,11.8,17.2,290,24.8,0.0,0.0,0.0
US_CISO_LosAngeles,2026-09-26T02:00Z,22.0,82,18.8,23.9,0.0,35,1000.7,9.0,11.4,246,12.2,0.0,0.0,0.0
US_CISO_SanFrancisco,2026-09-26T02:00Z,16.6,72,11.5,13.6,0.0,13,1012.4,23.3,17.3,268,40.3,0.0,0.0,0.0
US_ERCO_Dallas,2026-09-26T02:00Z,30.0,32,11.5,29.6,0.0,20,1000.9,6.0,22.3,104,14.0,0.0,0.0,0.0
US_ERCO_Houston,2026-09-26T02:00Z,24.5,66,17.7,26.1,0.0,3,1013.2,7.6,13.4,95,15.8,0.0,0.0,0.0
US_ISNE_Boston,2026-09-26T02:00Z,16.5,59,8.5,13.6,0.0,99,1016.6,17.4,47.3,57,48.2,0.0,0.0,0.0
US_MISO_Chicago,2026-09-26T02:00Z,12.9,73,8.2,11.4,0.0,43,992.8,6.9,15.4,53,10.8,0.0,0.0,0.0
US_NYIS_NewYork,2026-09-26T02:00Z,18.2,39,4.0,11.8,0.0,100,1011.2,33.7,49.4,44,65.5,0.0,0.0,0.0
US_PJM_Philadelphia,2026-09-26T02:00Z,21.1,34,4.6,15.8,0.0,100,1011.4,27.8,46.9,23,61.9,0.0,0.0,0.0
US_SWPP_OklahomaCity,2026-09-26T02:00Z,27.3,58,18.3,29.3,0.0,100,973.6,7.8,35.9,135,15.1,0.0,0.0,0.0
VN_DaNang,2026-09-26T02:00Z,29.5,79,25.4,35.8,0.0,89,1012.1,4.3,5.6,111,15.1,483.0,396.3,227.0
VN_HaNoi,2026-09-26T02:00Z,29.4,75,24.5,34.8,0.0,13,1009.9,6.9,9.3,167,20.2,476.0,533.6,158.0
VN_HoChiMinh,2026-09-26T02:00Z,28.3,81,24.7,34.0,0.0,99,1011.1,5.7,8.2,109,15.1,244.0,45.1,215.0
AT_Vienna,2026-09-26T03:00Z,9.9,82,6.9,8.8,0.0,0,1000.7,2.0,4.9,270,7.6,0.0,0.0,0.0
BE_Brussels,2026-09-26T03:00Z,17.5,42,4.4,14.5,0.0,88,1015.0,11.5,30.6,218,19.8,0.0,0.0,0.0
DE_Berlin,2026-09-26T03:00Z,7.1,99,7.0,5.7,0.0,57,1016.8,4.4,13.5,213,9.0,0.0,0.0,0.0
DE_Hamburg,2026-09-26T03:00Z,9.0,87,7.0,7.8,0.0,75,1016.9,3.2,15.8,230,8.6,0.0,0.0,0.0
DE_Munich,2026-09-26T03:00Z,7.4,89,5.7,5.8,0.0,0,960.6,3.7,9.4,200,7.9,0.0,0.0,0.0
ES_Madrid,2026-09-26T03:00Z,18.6,35,2.8,16.3,0.0,100,943.9,4.4,11.3,88,10.1,0.0,0.0,0.0
FR_Paris,2026-09-26T03:00Z,15.9,87,13.8,16.1,0.0,0,1012.6,7.4,18.1,321,22.3,0.0,0.0,0.0
NL_Amsterdam,2026-09-26T03:00Z,15.7,92,14.4,15.4,0.0,99,1017.0,11.9,26.6,30,20.5,0.0,0.0,0.0
PL_Warsaw,2026-09-26T03:00Z,12.5,91,11.0,11.2,0.0,100,1008.1,11.2,17.6,243,20.5,0.0,0.0,0.0
US_BPAT_Portland,2026-09-26T03:00Z,13.9,68,8.1,12.1,0.0,0,1017.6,8.7,11.8,301,14.8,0.0,0.0,0.0
US_CISO_LosAngeles,2026-09-26T03:00Z,21.2,84,18.4,23.3,0.0,11,1000.9,6.5,9.8,242,8.6,0.0,0.0,0.0
US_CISO_SanFrancisco,2026-09-26T03:00Z,16.2,65,9.6,13.1,0.0,6,1012.2,21.0,15.5,265,39.6,0.0,0.0,0.0
US_ERCO_Dallas,2026-09-26T03:00Z,27.8,36,11.4,27.1,0.0,8,1001.1,8.1,24.2,127,17.6,0.0,0.0,0.0
US_ERCO_Houston,2026-09-26T03:00Z,23.9,70,18.1,26.1,0.0,3,1013.6,5.2,10.4,88,11.2,0.0,0.0,0.0
US_ISNE_Boston,2026-09-26T03:00Z,16.8,56,8.0,12.7,0.0,100,1016.2,24.4,49.1,44,68.8,0.0,0.0,0.0
US_MISO_Chicago,2026-09-26T03:00Z,12.3,72,7.4,10.7,0.0,1,992.6,6.4,17.4,66,9.0,0.0,0.0,0.0
US_NYIS_NewYork,2026-09-26T03:00Z,14.1,70,8.7,10.7,1.1,100,1010.8,21.4,56.0,44,59.8,0.0,0.0,0.0
US_PJM_Philadelphia,2026-09-26T03:00Z,21.6,29,2.8,16.4,0.0,100,1011.4,24.4,47.3,26,49.0,0.0,0.0,0.0
US_SWPP_OklahomaCity,2026-09-26T03:00Z,26.0,57,16.9,26.3,0.0,48,973.9,14.8,29.6,153,32.4,0.0,0.0,0.0
VN_DaNang,2026-09-26T03:00Z,29.9,77,25.4,36.2,0.0,93,1011.8,5.5,7.0,134,17.3,570.0,314.1,317.0
VN_HaNoi,2026-09-26T03:00Z,30.3,72,24.8,36.2,0.0,13,1009.5,8.1,10.9,158,23.4,651.0,622.2,179.0
VN_HoChiMinh,2026-09-26T03:00Z,29.0,76,24.3,34.2,0.1,98,1010.9,7.7,10.6,141,21.2,407.0,154.1,282.0
AT_Vienna,2026-09-26T04:00Z,9.2,85,6.8,7.9,0.0,0,1000.7,3.2,3.2,264,6.5,0.0,0.0,0.0
BE_Brussels,2026-09-26T04:00Z,15.9,59,7.9,13.9,0.0,100,1015.3,10.1,22.7,243,19.1,0.0,0.0,0.0
DE_Berlin,2026-09-26T04:00Z,7.1,95,6.4,5.5,0.0,0,1016.8,5.2,17.2,195,10.8,0.0,0.0,0.0
DE_Hamburg,2026-09-26T04:00Z,9.3,87,7.2,8.0,0.0,100,1016.9,4.0,16.7,224,8.6,0.0,0.0,0.0
DE_Munich,2026-09-26T04:00Z,7.5,90,6.0,6.0,0.0,6,960.8,3.7,11.7,187,8.6,0.0,0.0,0.0
ES_Madrid,2026-09-26T04:00Z,18.8,34,2.6,16.5,0.0,98,944.0,3.7,9.5,112,9.4,0.0,0.0,0.0
FR_Paris,2026-09-26T04:00Z,15.8,89,14.0,15.9,0.0,0,1013.3,8.0,18.5,312,15.8,0.0,0.0,0.0
NL_Amsterdam,2026-09-26T04:00Z,15.0,89,13.2,14.3,0.0,98,1017.1,11.9,28.8,15,18.7,0.0,0.0,0.0
PL_Warsaw,2026-09-26T04:00Z,12.4,92,11.1,11.2,0.0,100,1008.3,10.4,16.9,245,20.9,0.0,0.0,0.0
US_BPAT_Portland,2026-09-26T04:00Z,12.5,68,6.8,10.6,0.0,0,1018.1,7.6,6.2,339,9.7,0.0,0.0,0.0
US_CISO_LosAngeles,2026-09-26T04:00Z,20.1,93,18.9,22.5,0.0,49,1001.1,6.2,6.9,208,7.9,0.0,0.0,0.0
US_CISO_SanFrancisco,2026-09-26T04:00Z,15.2,72,10.2,12.5,0.0,9,1012.3,19.3,14.3,258,31.3,0.0,0.0,0.0
US_ERCO_Dallas,2026-09-26T04:00Z,28.0,37,12.0,27.1,0.0,99,1001.1,10.0,22.1,127,22.0,0.0,0.0,0.0
US_ERCO_Houston,2026-09-26T04:00Z,23.8,72,18.4,26.4,0.0,0,1013.8,3.4,9.0,74,6.1,0.0,0.0,0.0
US_ISNE_Boston,2026-09-26T04:00Z,15.9,69,10.2,12.8,0.0,99,1015.3,22.2,51.0,48,58.7,0.0,0.0,0.0
US_MISO_Chicago,2026-09-26T04:00Z,11.9,75,7.6,10.2,0.0,5,992.4,7.4,22.6,65,13.0,0.0,0.0,0.0
US_NYIS_NewYork,2026-09-26T04:00Z,13.9,68,8.1,9.6,0.4,100,1010.0,25.6,59.5,35,76.0,0.0,0.0,0.0
US_PJM_Philadelphia,2026-09-26T04:00Z,19.7,38,5.0,14.6,0.0,96,1010.8,27.1,43.2,28,64.4,0.0,0.0,0.0
US_SWPP_OklahomaCity,2026-09-26T04:00Z,25.3,56,15.9,25.4,0.0,100,974.1,12.7,23.5,151,34.9,0.0,0.0,0.0
VN_DaNang,2026-09-26T04:00Z,30.4,76,25.6,37.8,0.0,84,1011.1,4.9,5.8,83,18.0,721.0,422.2,337.0
VN_HaNoi,2026-09-26T04:00Z,30.9,70,24.8,37.4,0.0,19,1008.9,8.4,11.2,156,24.5,746.0,620.3,207.0
VN_HoChiMinh,2026-09-26T04:00Z,29.9,73,24.5,36.1,0.1,95,1010.1,9.2,12.8,151,25.2,741.0,528.2,253.0
AT_Vienna,2026-09-26T05:00Z,8.8,86,6.6,7.5,0.0,0,1000.9,3.1,2.0,225,6.1,1.0,0.0,1.0
BE_Brussels,2026-09-26T05:00Z,16.0,52,6.2,14.0,0.0,97,1015.5,7.6,19.8,252,15.5,0.0,0.0,0.0
DE_Berlin,2026-09-26T05:00Z,6.6,95,5.9,4.9,0.0,22,1017.2,4.7,19.3,195,11.5,0.0,0.0,0.0
DE_Hamburg,2026-09-26T05:00Z,10.1,84,7.5,8.8,0.0,100,1016.9,4.7,16.2,222,10.8,0.0,0.0,0.0
DE_Munich,2026-09-26T05:00Z,7.1,92,5.9,5.6,0.0,0,960.9,2.9,9.7,199,7.9,0.0,0.0,0.0
ES_Madrid,2026-09-26T05:00Z,18.1,36,2.8,15.8,0.0,55,944.0,4.2,8.1,108,9.0,0.0,0.0,0.0
FR_Paris,2026-09-26T05:00Z,15.5,89,13.7,15.6,0.0,0,1013.5,7.5,17.7,314,15.8,0.0,0.0,0.0
NL_Amsterdam,2026-09-26T05:00Z,15.7,88,13.7,15.4,0.0,95,1017.6,10.4,25.9,5,22.3,0.0,0.0,0.0
PL_Warsaw,2026-09-26T05:00Z,12.5,92,11.2,11.3,0.0,100,1009.0,10.8,17.6,249,21.2,0.0,0.0,0.0
US_BPAT_Portland,2026-09-26T05:00Z,12.1,71,7.0,10.2,0.0,100,1018.4,7.6,1.1,72,9.4,0.0,0.0,0.0
US_CISO_LosAngeles,2026-09-26T05:00Z,19.8,96,19.1,22.5,0.0,73,1001.3,5.2,9.3,193,8.6,0.0,0.0,0.0
US_CISO_SanFrancisco,2026-09-26T05:00Z,14.5,77,10.5,12.5,0.0,33,1012.4,14.8,11.8,243,26.3,0.0,0.0,0.0
US_ERCO_Dallas,2026-09-26T05:00Z,26.8,38,11.3,25.9,0.0,99,1001.1,8.8,23.3,129,19.1,0.0,0.0,0.0
US_ERCO_Houston,2026-09-26T05:00Z,23.2,77,18.9,25.8,0.0,1,1013.6,4.9,8.3,56,9.7,0.0,0.0,0.0
US_ISNE_Boston,2026-09-26T05:00Z,16.2,67,10.1,13.0,0.0,100,1014.4,22.6,54.8,51,57.2,0.0,0.0,0.0
US_MISO_Chicago,2026-09-26T05:00Z,12.1,77,8.2,10.5,0.0,0,992.1,7.9,23.9,83,15.8,0.0,0.0,0.0
US_NYIS_NewYork,2026-09-26T05:00Z,14.2,67,8.2,10.0,0.0,100,1009.0,25.6,58.7,30,76.0,0.0,0.0,0.0
US_PJM_Philadelphia,2026-09-26T05:00Z,19.6,46,7.7,15.4,0.0,100,1009.9,24.8,40.3,36,60.5,0.0,0.0,0.0
US_SWPP_OklahomaCity,2026-09-26T05:00Z,23.6,66,16.9,24.4,0.0,98,973.7,11.3,24.9,158,32.4,0.0,0.0,0.0
VN_DaNang,2026-09-26T05:00Z,30.3,77,25.8,37.9,0.1,37,1010.2,7.8,9.4,98,22.0,805.0,544.5,287.0
VN_HaNoi,2026-09-26T05:00Z,31.4,68,24.9,38.4,0.0,14,1007.6,8.3,10.9,149,24.5,808.0,644.8,215.0
VN_HoChiMinh,2026-09-26T05:00Z,30.2,70,24.1,36.0,0.0,68,1009.3,8.5,11.9,158,26.6,704.0,411.0,304.0
AT_Vienna,2026-09-26T06:00Z,9.3,84,6.8,8.2,0.0,0,1001.1,2.1,2.8,230,6.1,61.0,164.2,42.0
BE_Brussels,2026-09-26T06:00Z,15.1,65,8.6,13.8,0.0,9,1016.4,6.5,12.6,245,14.4,4.0,0.0,4.0
DE_Berlin,2026-09-26T06:00Z,5.9,100,5.9,4.1,0.0,81,1017.1,5.5,19.9,200,12.2,31.0,33.7,28.0
DE_Hamburg,2026-09-26T06:00Z,10.2,85,7.8,9.2,0.0,98,1017.3,3.0,15.2,252,11.5,12.0,14.4,11.0
DE_Munich,2026-09-26T06:00Z,7.1,89,5.5,5.7,0.0,0,961.3,2.5,7.9,201,6.1,31.0,90.3,23.0
ES_Madrid,2026-09-26T06:00Z,17.4,37,2.5,15.1,0.0,12,943.9,3.5,7.3,113,9.0,0.0,0.0,0.0
FR_Paris,2026-09-26T06:00Z,15.5,95,14.7,15.7,0.0,79,1014.3,9.2,17.5,315,15.1,2.0,0.0,2.0
NL_Amsterdam,2026-09-26T06:00Z,15.9,85,13.3,15.7,0.0,100,1018.3,8.3,24.5,24,16.9,5.0,0.0,5.0
PL_Warsaw,2026-09-26T06:00Z,12.4,92,11.1,11.0,0.1,100,1009.3,11.9,19.8,257,23.4,4.0,0.0,4.0
US_BPAT_Portland,2026-09-26T06:00Z,11.2,76,7.1,9.2,0.0,10,1018.6,8.7,3.6,127,10.8,0.0,0.0,0.0
US_CISO_LosAngeles,2026-09-26T06:00Z,20.3,95,19.5,23.5,0.0,21,1001.4,2.6,5.0,180,6.8,0.0,0.0,0.0
US_CISO_SanFrancisco,2026-09-26T06:00Z,13.9,82,10.9,12.3,0.0,7,1012.3,12.9,10.4,224,25.9,0.0,0.0,0.0
US_ERCO_Dallas,2026-09-26T06:00Z,25.9,41,11.6,25.4,0.0,99,1000.9,7.0,20.9,132,19.1,0.0,0.0,0.0
US_ERCO_Houston,2026-09-26T06:00Z,22.8,79,19.0,26.0,0.0,1,1013.4,1.1,9.4,50,2.2,0.0,0.0,0.0
US_ISNE_Boston,2026-09-26T06:00Z,15.8,75,11.4,12.9,0.0,100,1014.0,22.9,57.0,54,59.8,0.0,0.0,0.0
US_MISO_Chicago,2026-09-26T06:00Z,12.4,70,7.1,9.8,0.0,0,991.6,12.8,19.9,85,22.0,0.0,0.0,0.0
US_NYIS_NewYork,2026-09-26T06:00Z,14.6,60,6.9,9.8,0.0,100,1008.4,27.4,53.3,27,71.6,0.0,0.0,0.0
US_PJM_Philadelphia,2026-09-26T06:00Z,19.8,39,5.4,13.8,0.0,100,1009.1,33.8,44.8,30,71.6,0.0,0.0,0.0
US_SWPP_OklahomaCity,2026-09-26T06:00Z,23.5,65,16.6,24.5,0.0,98,973.2,9.4,22.4,176,20.2,0.0,0.0,0.0
VN_DaNang,2026-09-26T06:00Z,30.0,74,24.8,36.8,0.0,63,1009.4,9.0,11.3,100,26.3,816.0,649.9,213.0
VN_HaNoi,2026-09-26T06:00Z,31.3,67,24.6,38.3,0.1,9,1006.8,6.7,8.8,137,25.6,804.0,668.1,198.0
VN_HoChiMinh,2026-09-26T06:00Z,31.3,65,23.9,37.5,0.1,53,1009.2,9.2,12.8,181,27.7,822.0,604.6,244.0
AT_Vienna,2026-09-26T07:00Z,11.0,75,6.8,10.0,0.0,0,1001.4,1.4,1.1,270,5.0,197.0,403.7,86.0
BE_Brussels,2026-09-26T07:00Z,15.2,82,12.1,15.0,0.0,50,1016.9,5.8,11.5,331,13.0,77.0,152.8,56.4
DE_Berlin,2026-09-26T07:00Z,7.3,91,5.9,5.5,0.0,0,1017.1,5.7,20.9,202,13.3,136.0,209.3,90.0
DE_Hamburg,2026-09-26T07:00Z,11.8,76,7.7,10.4,0.0,100,1017.6,5.8,20.8,269,13.0,44.0,11.0,42.0
DE_Munich,2026-09-26T07:00Z,9.3,80,6.1,8.1,0.0,0,961.2,1.8,7.1,213,5.4,154.0,356.7,74.0
ES_Madrid,2026-09-26T07:00Z,17.3,39,3.2,15.2,0.0,34,944.2,3.4,6.7,108,7.6,45.0,216.8,23.0
FR_Paris,2026-09-26T07:00Z,15.5,94,14.6,15.6,0.0,100,1014.7,10.0,16.7,314,20.2,34.0,16.7,32.0
NL_Amsterdam,2026-09-26T07:00Z,16.4,84,13.7,15.9,0.0,100,1018.9,11.5,23.8,4,21.2,23.0,0.2,23.0
PL_Warsaw,2026-09-26T07:00Z,12.7,88,10.7,11.4,0.0,100,1009.6,10.1,16.6,252,23.4,33.0,0.0,33.0
US_BPAT_Portland,2026-09-26T07:00Z,10.7,74,6.3,8.7,0.0,40,1018.5,7.3,3.6,127,8.6,0.0,0.0,0.0
US_CISO_LosAngeles,2026-09-26T07:00Z,20.6,92,19.2,23.6,0.0,96,1001.6,3.6,6.4,164,13.0,0.0,0.0,0.0
US_CISO_SanFrancisco,2026-09-26T07:00Z,13.2,87,11.1,12.2,0.0,5,1012.2,9.4,11.3,211,19.1,0.0,0.0,0.0
US_ERCO_Dallas,2026-09-26T07:00Z,24.7,45,12.0,24.3,0.0,99,1000.7,7.1,21.1,147,16.9,0.0,0.0,0.0
US_ERCO_Houston,2026-09-26T07:00Z,22.7,78,18.7,25.4,0.0,4,1013.2,3.8,10.2,72,6.1,0.0,0.0,0.0
US_ISNE_Boston,2026-09-26T07:00Z,15.2,78,11.4,12.8,0.0,100,1013.0,19.8,52.8,59,52.9,0.0,0.0,0.0
US_MISO_Chicago,2026-09-26T07:00Z,12.3,76,8.2,10.1,0.0,0,991.2,12.3,21.4,82,20.2,0.0,0.0,0.0
US_NYIS_NewYork,2026-09-26T07:00Z,14.1,72,9.1,9.8,0.4,100,1007.6,27.8,49.6,24,67.0,0.0,0.0,0.0
US_PJM_Philadelphia,2026-09-26T07:00Z,18.8,48,7.6,14.0,0.4,100,1008.5,29.2,46.7,22,68.0,0.0,0.0,0.0
US_SWPP_OklahomaCity,2026-09-26T07:00Z,23.4,59,15.0,23.8,0.0,98,972.5,8.7,31.4,148,23.8,0.0,0.0,0.0
VN_DaNang,2026-09-26T07:00Z,29.7,72,24.2,34.5,0.0,97,1008.2,9.4,12.4,99,25.9,502.0,372.3,189.0
VN_HaNoi,2026-09-26T07:00Z,31.2,68,24.7,37.8,0.1,11,1005.1,7.5,10.1,140,22.0,747.0,681.4,180.0
VN_HoChiMinh,2026-09-26T07:00Z,27.5,83,24.3,33.1,2.9,86,1008.2,12.5,17.7,195,35.6,770.0,666.4,188.0
AT_Vienna,2026-09-26T08:00Z,12.6,70,7.2,11.4,0.0,7,1001.6,3.4,3.3,72,8.6,337.0,507.9,124.0
BE_Brussels,2026-09-26T08:00Z,17.3,76,13.0,16.5,0.0,12,1017.6,12.2,20.9,5,24.5,221.0,381.1,111.4
DE_Berlin,2026-09-26T08:00Z,9.9,80,6.7,8.3,0.0,0,1017.8,5.8,15.4,200,14.4,286.0,522.5,100.0
DE_Hamburg,2026-09-26T08:00Z,12.1,77,8.2,10.9,0.0,100,1017.9,4.7,14.1,248,14.0,54.0,0.0,54.0
DE_Munich,2026-09-26T08:00Z,13.1,65,6.7,12.1,0.0,0,961.2,0.7,5.5,207,4.7,309.0,539.4,106.0
ES_Madrid,2026-09-26T08:00Z,20.3,33,3.5,18.4,0.0,33,945.0,2.6,6.0,111,7.6,208.0,521.8,74.0
FR_Paris,2026-09-26T08:00Z,16.6,90,14.9,17.0,0.0,100,1015.2,8.7,12.7,346,22.0,63.0,10.7,60.0
NL_Amsterdam,2026-09-26T08:00Z,16.8,85,14.3,16.0,0.0,28,1019.5,15.1,24.8,10,28.1,61.0,13.1,57.3
PL_Warsaw,2026-09-26T08:00Z,13.6,82,10.6,12.5,0.0,99,1009.8,8.6,13.7,248,19.8,185.0,0.0,185.0
US_BPAT_Portland,2026-09-26T08:00Z,10.7,69,5.2,8.7,0.0,96,1018.5,5.6,3.6,90,6.5,0.0,0.0,0.0
US_CISO_LosAngeles,2026-09-26T08:00Z,20.3,90,18.6,23.1,0.0,50,1001.5,3.3,5.4,172,8.3,0.0,0.0,0.0
US_CISO_SanFrancisco,2026-09-26T08:00Z,12.1,87,10.0,11.0,0.0,3,1012.1,7.8,10.9,207,18.4,0.0,0.0,0.0
US_ERCO_Dallas,2026-09-26T08:00Z,23.7,50,12.7,23.6,0.0,92,1000.4,6.6,21.7,151,15.1,0.0,0.0,0.0
US_ERCO_Houston,2026-09-26T08:00Z,22.4,80,18.8,25.4,0.0,1,1012.4,1.9,9.8,62,11.2,0.0,0.0,0.0
US_ISNE_Boston,2026-09-26T08:00Z,15.2,73,10.4,11.8,0.0,100,1012.4,23.8,53.9,54,57.2,0.0,0.0,0.0
US_MISO_Chicago,2026-09-26T08:00Z,12.3,76,8.2,10.3,0.0,0,991.0,10.2,21.3,84,18.4,0.0,0.0,0.0
US_NYIS_NewYork,2026-09-26T08:00Z,13.3,82,10.3,9.2,2.5,100,1006.7,28.9,59.6,22,66.2,0.0,0.0,0.0
US_PJM_Philadelphia,2026-09-26T08:00Z,17.3,52,7.3,12.7,0.4,100,1007.8,26.7,54.8,14,69.1,0.0,0.0,0.0
US_SWPP_OklahomaCity,2026-09-26T08:00Z,23.1,59,14.7,22.8,0.0,98,972.3,12.8,21.1,163,27.0,0.0,0.0,0.0
VN_DaNang,2026-09-26T08:00Z,28.9,75,24.1,33.8,0.1,98,1007.9,8.6,11.7,94,23.8,263.0,66.1,217.0
VN_HaNoi,2026-09-26T08:00Z,31.0,67,24.3,36.0,0.1,10,1004.4,10.3,14.0,156,23.8,587.0,605.9,163.0
VN_HoChiMinh,2026-09-26T08:00Z,28.0,82,24.7,33.7,1.0,98,1007.6,5.5,7.7,229,29.2,396.0,242.2,219.0
AT_Vienna,2026-09-26T09:00Z,14.9,61,7.5,13.6,0.0,0,1002.3,4.7,5.7,79,9.7,470.0,625.4,136.0
BE_Brussels,2026-09-26T09:00Z,17.5,74,12.9,16.8,0.0,89,1018.0,11.5,18.4,29,23.4,342.0,473.7,143.3
DE_Berlin,2026-09-26T09:00Z,14.1,67,8.1,12.9,0.0,0,1017.7,5.1,6.8,192,14.4,408.0,636.4,111.0
DE_Hamburg,2026-09-26T09:00Z,13.1,72,8.1,12.0,0.1,98,1018.8,4.0,11.0,266,13.3,72.0,4.6,70.0
DE_Munich,2026-09-26T09:00Z,17.1,47,5.7,16.0,0.0,0,962.1,0.4,0.8,153,5.4,455.0,667.8,120.0
ES_Madrid,2026-09-26T09:00Z,23.3,30,4.7,21.3,0.0,100,946.2,4.3,4.7,103,12.2,368.0,538.5,136.0
FR_Paris,2026-09-26T09:00Z,17.2,89,15.4,18.1,0.0,100,1015.9,6.8,11.6,346,20.5,82.0,7.1,79.0
NL_Amsterdam,2026-09-26T09:00Z,17.3,80,13.8,16.7,0.0,100,1020.0,12.6,18.7,7,23.8,329.0,458.4,141.5
PL_Warsaw,2026-09-26T09:00Z,14.2,80,10.8,13.4,0.0,100,1010.1,7.2,11.5,239,16.2,246.0,0.0,246.0
US_BPAT_Portland,2026-09-26T09:00Z,10.2,78,6.5,8.8,0.0,100,1018.2,3.5,4.7,9,3.6,0.0,0.0,0.0
US_CISO_LosAngeles,2026-09-26T09:00Z,19.0,89,17.2,21.1,0.0,50,1001.6,3.7,6.1,177,7.6,0.0,0.0,0.0
US_CISO_SanFrancisco,2026-09-26T09:00Z,11.6,85,9.2,11.0,0.0,7,1012.0,3.1,10.6,198,20.9,0.0,0.0,0.0
US_ERCO_Dallas,2026-09-26T09:00Z,22.8,53,12.8,23.1,0.0,94,1000.1,4.2,19.5,152,11.9,0.0,0.0,0.0
US_ERCO_Houston,2026-09-26T09:00Z,22.4,81,19.0,25.4,0.0,7,1011.7,2.9,10.4,70,9.0,0.0,0.0,0.0
US_ISNE_Boston,2026-09-26T09:00Z,14.7,79,11.1,12.0,0.4,100,1012.1,20.9,56.5,52,52.6,0.0,0.0,0.0
US_MISO_Chicago,2026-09-26T09:00Z,12.1,78,8.4,10.4,0.0,0,991.2,8.6,18.0,90,13.7,0.0,0.0,0.0
US_NYIS_NewYork,2026-09-26T09:00Z,13.3,81,10.1,9.4,0.0,100,1006.1,27.0,57.3,23,64.1,0.0,0.0,0.0
US_PJM_Philadelphia,2026-09-26T09:00Z,15.1,69,9.5,10.9,0.7,99,1007.8,27.8,50.9,14,73.1,0.0,0.0,0.0
US_SWPP_OklahomaCity,2026-09-26T09:00Z,23.4,51,12.7,22.2,0.0,51,971.9,14.6,19.6,167,28.8,0.0,0.0,0.0
VN_DaNang,2026-09-26T09:00Z,28.7,77,24.2,33.7,0.1,71,1007.7,8.3,11.0,85,22.7,300.0,226.7,186.0
VN_HaNoi,2026-09-26T09:00Z,30.2,71,24.3,34.3,0.1,12,1004.2,14.2,20.5,146,29.9,393.0,485.2,141.0
VN_HoChiMinh,2026-09-26T09:00Z,26.3,89,24.4,31.4,2.7,95,1007.8,8.0,11.7,221,24.8,302.0,208.1,190.0
AT_Vienna,2026-09-26T10:00Z,16.9,52,7.0,15.7,0.0,100,1001.9,3.6,4.3,99,10.8,560.0,675.8,147.0
BE_Brussels,2026-09-26T10:00Z,19.3,68,13.2,18.5,0.0,51,1018.5,12.6,20.2,21,25.6,367.0,352.9,183.0
DE_Berlin,2026-09-26T10:00Z,16.6,58,8.3,16.0,0.0,0,1018.2,1.1,1.8,259,11.2,498.0,705.5,114.0
DE_Hamburg,2026-09-26T10:00Z,14.9,69,9.3,14.3,0.0,85,1019.6,3.2,5.5,285,9.4,288.0,160.6,205.0
DE_Munich,2026-09-26T10:00Z,19.5,41,5.9,18.5,0.0,0,962.5,1.0,1.1,288,5.8,569.0,750.5,125.0
ES_Madrid,2026-09-26T10:00Z,25.5,28,5.6,23.6,0.0,42,946.3,5.2,6.1,126,15.5,507.0,558.8,186.0
FR_Paris,2026-09-26T10:00Z,18.4,81,15.1,19.0,0.0,100,1016.4,7.3,11.8,350,18.4,109.0,7.5,105.0
NL_Amsterdam,2026-09-26T10:00Z,18.7,70,13.1,18.1,0.0,69,1020.4,10.8,15.8,5,22.3,247.0,139.7,176.2
PL_Warsaw,2026-09-26T10:00Z,15.2,74,10.6,14.2,0.0,100,1010.1,7.6,11.9,238,17.6,337.0,0.0,337.0
US_BPAT_Portland,2026-09-26T10:00Z,10.3,81,7.2,9.1,0.0,83,1018.0,2.8,5.4,4,3.2,0.0,0.0,0.0
US_CISO_LosAngeles,2026-09-26T10:00Z,18.6,88,16.6,20.4,0.0,53,1001.6,3.3,5.2,164,3.2,0.0,0.0,0.0
US_CISO_SanFrancisco,2026-09-26T10:00Z,11.2,83,8.5,10.1,0.0,8,1011.9,4.8,11.1,193,17.3,0.0,0.0,0.0
US_ERCO_Dallas,2026-09-26T10:00Z,21.9,58,13.3,22.2,0.0,68,1000.0,5.2,15.9,155,11.9,0.0,0.0,0.0
US_ERCO_Houston,2026-09-26T10:00Z,22.2,80,18.6,24.8,0.0,11,1011.9,4.2,10.8,69,9.4,0.0,0.0,0.0
US_ISNE_Boston,2026-09-26T10:00Z,14.2,82,11.2,11.2,0.0,100,1012.4,23.3,58.3,53,58.3,0.0,0.0,0.0
US_MISO_Chicago,2026-09-26T10:00Z,12.4,77,8.5,10.5,0.0,0,991.0,10.6,18.8,94,15.1,0.0,0.0,0.0
US_NYIS_NewYork,2026-09-26T10:00Z,13.2,82,10.2,8.8,0.0,100,1005.8,30.4,51.5,27,77.8,0.0,0.0,0.0
US_PJM_Philadelphia,2026-09-26T10:00Z,14.1,78,10.4,10.5,0.7,100,1007.5,25.9,45.6,14,61.9,0.0,0.0,0.0
US_SWPP_OklahomaCity,2026-09-26T10:00Z,22.6,56,13.4,21.4,0.0,25,971.8,15.6,23.1,162,42.8,0.0,0.0,0.0
VN_DaNang,2026-09-26T10:00Z,28.4,78,24.2,33.9,0.0,95,1008.4,4.4,6.2,98,19.4,156.0,250.5,87.0
VN_HaNoi,2026-09-26T10:00Z,29.1,79,25.1,33.9,0.0,8,1004.4,13.3,20.2,151,29.9,198.0,363.2,88.0
VN_HoChiMinh,2026-09-26T10:00Z,26.1,91,24.5,31.8,0.3,97,1008.1,4.8,6.8,282,19.4,114.0,68.1,93.0
AT_Vienna,2026-09-26T11:00Z,18.4,46,6.5,16.8,0.0,93,1001.7,5.4,6.5,103,13.3,570.0,568.6,203.0
BE_Brussels,2026-09-26T11:00Z,20.4,61,12.7,19.4,0.0,100,1018.8,13.0,20.5,21,25.6,470.0,476.2,190.5
DE_Berlin,2026-09-26T11:00Z,18.6,51,8.3,17.9,0.0,85,1018.1,1.8,2.5,180,7.9,533.0,690.6,130.0
DE_Hamburg,2026-09-26T11:00Z,16.3,69,10.6,16.0,0.0,99,1019.9,3.6,4.1,239,10.8,352.0,228.7,223.0
DE_Munich,2026-09-26T11:00Z,21.1,37,5.8,20.4,0.0,0,962.5,1.3,1.5,315,7.9,630.0,789.0,125.0
ES_Madrid,2026-09-26T11:00Z,27.8,25,5.9,26.8,0.0,40,946.4,5.2,5.9,147,15.5,685.0,848.3,110.0
FR_Paris,2026-09-26T11:00Z,20.1,69,14.3,20.8,0.0,96,1016.2,4.7,6.8,351,14.8,308.0,194.7,190.0
NL_Amsterdam,2026-09-26T11:00Z,19.4,65,12.6,18.6,0.0,15,1020.7,10.8,15.8,12,23.4,372.0,296.1,203.7
PL_Warsaw,2026-09-26T11:00Z,15.8,70,10.3,14.8,0.0,100,1010.1,7.2,11.2,236,17.6,339.0,0.0,339.0
US_BPAT_Portland,2026-09-26T11:00Z,9.5,84,6.9,8.3,0.0,7,1018.1,2.5,4.2,20,3.2,0.0,0.0,0.0
US_CISO_LosAngeles,2026-09-26T11:00Z,18.6,87,16.4,20.2,0.0,0,1001.4,4.6,4.6,129,4.7,0.0,0.0,0.0
US_CISO_SanFrancisco,2026-09-26T11:00Z,10.7,84,8.1,9.1,0.0,24,1011.8,8.1,10.2,190,18.0,0.0,0.0,0.0
US_ERCO_Dallas,2026-09-26T11:00Z,22.0,59,13.7,22.7,0.0,60,1000.4,3.4,15.8,159,9.0,0.0,0.0,0.0
US_ERCO_Houston,2026-09-26T11:00Z,21.5,87,19.2,24.0,0.0,5,1012.4,6.6,11.4,55,11.5,0.0,0.0,0.0
US_ISNE_Boston,2026-09-26T11:00Z,13.1,88,11.2,10.3,0.7,100,1012.4,22.0,57.5,50,61.9,0.0,0.0,0.0
US_MISO_Chicago,2026-09-26T11:00Z,11.7,82,8.7,9.8,0.0,32,990.7,10.9,18.8,93,14.0,0.0,0.0,0.0
US_NYIS_NewYork,2026-09-26T11:00Z,12.9,85,10.5,9.0,0.7,100,1005.8,28.1,54.5,24,63.7,0.0,0.0,0.0
US_PJM_Philadelphia,2026-09-26T11:00Z,14.3,80,10.9,11.7,0.4,100,1007.4,20.0,49.9,15,45.7,0.0,0.0,0.0
US_SWPP_OklahomaCity,2026-09-26T11:00Z,22.3,56,13.1,21.3,0.0,3,972.2,13.8,25.1,153,31.7,0.0,0.0,0.0
VN_DaNang,2026-09-26T11:00Z,27.7,85,24.9,33.7,0.0,98,1009.2,4.7,7.3,163,9.7,16.0,29.4,13.0
VN_HaNoi,2026-09-26T11:00Z,28.4,82,25.1,33.6,0.0,13,1004.8,11.1,20.2,152,26.6,34.0,101.9,22.0
VN_HoChiMinh,2026-09-26T11:00Z,25.8,93,24.6,31.6,0.1,98,1009.0,4.1,5.9,301,12.2,25.0,25.3,22.0
AT_Vienna,2026-09-26T12:00Z,19.6,43,6.7,18.1,0.0,80,1000.9,5.3,6.7,122,14.4,579.0,643.0,171.0
BE_Brussels,2026-09-26T12:00Z,20.5,61,12.7,19.7,0.0,100,1019.0,11.2,18.0,15,24.8,176.0,28.8,158.4
DE_Berlin,2026-09-26T12:00Z,20.2,41,6.6,19.1,0.0,100,1017.9,2.1,2.7,247,8.3,512.0,603.3,161.0
DE_Hamburg,2026-09-26T12:00Z,17.3,69,11.5,17.6,0.0,59,1019.6,1.1,1.6,297,9.4,382.0,213.5,260.0
DE_Munich,2026-09-26T12:00Z,22.8,31,4.8,22.1,0.0,0,962.1,0.4,0.5,225,5.8,636.0,798.6,122.0
ES_Madrid,2026-09-26T12:00Z,29.8,21,5.1,29.1,0.0,17,946.0,5.1,6.0,173,16.6,750.0,861.0,118.0
FR_Paris,2026-09-26T12:00Z,19.3,78,15.3,19.9,0.0,100,1016.4,8.1,12.4,340,20.2,159.0,40.8,133.0
NL_Amsterdam,2026-09-26T12:00Z,19.5,62,12.0,19.3,0.0,11,1021.0,6.1,8.6,31,18.0,405.0,331.9,209.2
PL_Warsaw,2026-09-26T12:00Z,16.3,67,10.2,15.7,0.0,89,1009.9,4.7,7.6,196,14.4,295.0,0.0,295.0
US_BPAT_Portland,2026-09-26T12:00Z,9.1,80,5.9,7.5,0.0,100,1018.0,3.9,3.3,41,3.6,0.0,0.0,0.0
US_CISO_LosAngeles,2026-09-26T12:00Z,18.4,87,16.2,19.9,0.0,4,1001.2,5.1,4.5,166,5.4,0.0,0.0,0.0
US_CISO_SanFrancisco,2026-09-26T12:00Z,11.2,85,8.8,10.0,0.0,56,1011.5,6.0,10.2,198,15.8,0.0,0.0,0.0
US_ERCO_Dallas,2026-09-26T12:00Z,21.8,63,14.4,22.7,0.0,82,1000.9,4.1,15.1,183,8.3,0.0,0.0,0.0
US_ERCO_Houston,2026-09-26T12:00Z,21.9,83,18.9,24.3,0.0,100,1012.6,6.9,10.5,41,17.3,0.0,0.0,0.0
US_ISNE_Boston,2026-09-26T12:00Z,13.7,82,10.7,10.4,0.0,100,1012.4,23.9,57.9,42,62.6,13.0,0.0,13.0
US_MISO_Chicago,2026-09-26T12:00Z,11.6,76,7.5,8.8,0.0,0,991.1,14.8,18.5,97,17.6,0.0,0.0,0.0
US_NYIS_NewYork,2026-09-26T12:00Z,13.0,89,11.2,9.3,0.4,100,1005.4,28.4,58.2,22,64.1,10.0,0.0,10.0
US_PJM_Philadelphia,2026-09-26T12:00Z,13.8,77,9.8,10.2,0.4,100,1006.9,24.6,58.5,8,61.9,9.0,0.0,9.0
US_SWPP_OklahomaCity,2026-09-26T12:00Z,22.0,56,12.8,21.0,0.0,100,973.2,13.1,32.7,172,29.5,0.0,0.0,0.0
VN_DaNang,2026-09-26T12:00Z,27.5,91,26.0,34.0,0.0,95,1009.7,6.1,10.6,224,18.0,0.0,0.0,0.0
VN_HaNoi,2026-09-26T12:00Z,28.2,83,25.1,33.1,0.0,13,1005.9,12.2,22.2,150,27.0,0.0,0.0,0.0
VN_HoChiMinh,2026-09-26T12:00Z,26.2,91,24.7,32.4,0.0,99,1009.3,2.0,7.3,232,10.1,0.0,0.0,0.0
AT_Vienna,2026-09-26T13:00Z,20.3,41,6.6,18.8,0.0,57,1000.5,4.3,5.5,135,12.2,534.0,683.8,138.0
BE_Brussels,2026-09-26T13:00Z,20.9,59,12.6,20.1,0.0,95,1018.9,11.5,18.4,17,24.1,274.0,117.3,204.6
DE_Berlin,2026-09-26T13:00Z,21.0,39,6.6,19.9,0.0,100,1017.6,1.8,2.5,225,10.8,419.0,389.5,209.0
DE_Hamburg,2026-09-26T13:00Z,18.8,65,12.0,18.8,0.0,96,1019.5,3.9,6.0,332,11.2,463.0,581.1,150.0
DE_Munich,2026-09-26T13:00Z,23.6,28,4.1,22.4,0.0,0,961.5,0.7,1.5,194,5.4,591.0,792.1,114.0
ES_Madrid,2026-09-26T13:00Z,31.5,18,4.3,30.4,0.0,93,945.4,7.0,8.0,195,19.4,759.0,878.1,110.0
FR_Paris,2026-09-26T13:00Z,20.2,70,14.6,21.2,0.0,62,1015.8,3.7,5.2,332,17.6,247.0,174.8,138.0
NL_Amsterdam,2026-09-26T13:00Z,19.7,62,12.2,19.4,0.0,100,1021.1,6.8,9.7,39,18.7,329.0,214.6,206.6
PL_Warsaw,2026-09-26T13:00Z,16.8,65,10.2,15.9,0.0,100,1009.9,6.5,10.1,206,15.8,291.0,0.0,291.0
US_BPAT_Portland,2026-09-26T13:00Z,9.2,78,5.6,7.4,0.0,100,1018.1,5.1,2.7,23,5.0,0.0,0.0,0.0
US_CISO_LosAngeles,2026-09-26T13:00Z,18.0,82,14.9,18.8,0.0,4,1001.5,6.2,3.9,124,6.5,0.0,0.0,0.0
US_CISO_SanFrancisco,2026-09-26T13:00Z,10.9,82,7.9,9.6,0.0,12,1011.7,4.8,9.0,196,12.2,0.0,0.0,0.0
US_ERCO_Dallas,2026-09-26T13:00Z,22.1,63,14.8,23.1,0.0,99,1001.3,4.0,15.6,187,8.3,20.0,0.0,20.0
US_ERCO_Houston,2026-09-26T13:00Z,22.5,85,19.9,25.4,0.4,10,1013.6,6.2,10.4,44,18.7,3.0,0.0,3.0
US_ISNE_Boston,2026-09-26T13:00Z,13.8,86,11.5,10.4,0.0,100,1012.0,26.4,62.2,37,66.2,21.0,0.0,21.0
US_MISO_Chicago,2026-09-26T13:00Z,13.0,82,10.0,12.1,0.0,1,991.7,6.8,15.3,105,9.0,109.0,527.0,36.0
US_NYIS_NewYork,2026-09-26T13:00Z,13.5,90,11.9,10.6,0.0,100,1005.4,23.8,58.1,25,71.3,76.0,0.0,76.0
US_PJM_Philadelphia,2026-09-26T13:00Z,13.6,86,11.3,11.1,1.8,100,1007.0,20.2,56.3,10,60.5,46.0,0.0,46.0
US_SWPP_OklahomaCity,2026-09-26T13:00Z,21.2,72,15.9,23.1,0.0,96,974.1,0.5,33.1,181,6.5,21.0,24.2,19.0
VN_DaNang,2026-09-26T13:00Z,27.0,93,25.7,33.2,0.0,85,1010.3,6.4,11.8,239,13.7,0.0,0.0,0.0
VN_HaNoi,2026-09-26T13:00Z,27.7,84,24.7,32.3,0.0,6,1006.6,12.6,22.9,154,24.8,0.0,0.0,0.0
VN_HoChiMinh,2026-09-26T13:00Z,26.1,93,24.9,32.5,0.0,99,1009.6,1.5,5.5,261,5.0,0.0,0.0,0.0
AT_Vienna,2026-09-26T14:00Z,20.5,41,6.8,18.9,0.0,0,1000.4,5.4,6.5,131,13.7,429.0,641.8,119.0
BE_Brussels,2026-09-26T14:00Z,21.8,56,12.6,21.6,0.0,100,1018.8,7.2,11.2,31,18.4,403.0,419.6,179.9
DE_Berlin,2026-09-26T14:00Z,21.5,34,5.0,20.2,0.0,99,1017.9,0.7,0.8,207,5.8,308.0,274.9,182.0
DE_Hamburg,2026-09-26T14:00Z,19.3,62,11.8,18.8,0.0,89,1019.9,7.2,10.0,321,18.0,282.0,241.6,169.0
DE_Munich,2026-09-26T14:00Z,24.0,27,3.8,22.3,0.0,53,961.4,1.9,2.4,207,7.6,494.0,752.3,104.0
ES_Madrid,2026-09-26T14:00Z,32.1,16,3.1,29.6,0.0,100,944.4,8.7,10.8,199,23.4,617.0,548.6,237.0
FR_Paris,2026-09-26T14:00Z,22.0,59,13.6,22.6,0.0,25,1015.5,3.5,4.7,333,11.2,500.0,591.9,165.0
NL_Amsterdam,2026-09-26T14:00Z,18.2,72,13.0,17.7,0.0,100,1021.3,10.1,14.8,70,19.4,190.0,67.0,155.8
PL_Warsaw,2026-09-26T14:00Z,17.1,63,10.0,16.2,0.0,94,1009.9,5.8,9.0,216,15.5,191.0,0.0,191.0
US_BPAT_Portland,2026-09-26T14:00Z,9.2,84,6.6,7.9,0.0,100,1018.3,2.6,4.7,360,3.2,0.0,0.0,0.0
US_CISO_LosAngeles,2026-09-26T14:00Z,17.9,85,15.4,18.8,0.0,11,1001.6,6.6,2.3,108,6.8,0.0,0.0,0.0
US_CISO_SanFrancisco,2026-09-26T14:00Z,10.9,87,8.8,9.6,0.0,100,1011.9,6.4,8.4,200,16.2,0.0,0.0,0.0
US_ERCO_Dallas,2026-09-26T14:00Z,24.5,56,15.1,25.6,0.0,51,1001.8,4.4,15.9,175,7.9,120.0,4.1,119.0
US_ERCO_Houston,2026-09-26T14:00Z,24.7,95,23.8,29.7,0.0,16,1014.1,6.6,9.7,31,13.7,214.0,437.7,94.0
US_ISNE_Boston,2026-09-26T14:00Z,13.9,88,12.0,10.4,0.0,100,1011.9,28.4,65.6,33,67.3,46.0,0.0,46.0
US_MISO_Chicago,2026-09-26T14:00Z,15.8,72,10.8,14.9,0.0,1,992.0,8.0,13.9,111,7.9,295.0,710.3,67.0
US_NYIS_NewYork,2026-09-26T14:00Z,13.0,85,10.5,10.0,0.0,100,1005.2,21.6,57.3,26,63.4,41.0,0.0,41.0
US_PJM_Philadelphia,2026-09-26T14:00Z,13.8,92,12.5,10.9,0.4,100,1007.3,25.1,50.5,10,58.3,131.0,0.0,131.0
US_SWPP_OklahomaCity,2026-09-26T14:00Z,22.2,72,16.9,23.7,0.0,38,974.1,7.1,26.3,193,28.4,153.0,84.3,134.0
VN_DaNang,2026-09-26T14:00Z,26.9,91,25.3,33.2,0.0,60,1011.0,4.0,9.7,227,12.6,0.0,0.0,0.0
VN_HaNoi,2026-09-26T14:00Z,27.4,86,24.8,32.3,0.0,3,1007.1,10.9,20.5,157,24.1,0.0,0.0,0.0
VN_HoChiMinh,2026-09-26T14:00Z,26.1,94,25.0,32.6,0.0,99,1010.4,0.8,1.9,253,4.3,0.0,0.0,0.0
AT_Vienna,2026-09-26T15:00Z,20.9,41,7.2,19.3,0.0,0,1000.5,6.1,7.8,95,12.2,292.0,566.9,92.0
BE_Brussels,2026-09-26T15:00Z,21.6,58,13.0,21.3,0.0,89,1018.7,9.0,13.3,16,20.5,232.0,177.7,155.0
DE_Berlin,2026-09-26T15:00Z,21.4,30,3.1,19.4,0.0,99,1018.3,2.5,2.8,310,5.4,78.0,2.9,77.0
DE_Hamburg,2026-09-26T15:00Z,19.0,64,12.0,18.9,0.0,47,1020.2,5.0,6.8,339,19.1,206.0,214.5,128.0
DE_Munich,2026-09-26T15:00Z,24.2,26,3.5,22.3,0.0,100,961.2,2.2,2.1,9,6.1,354.0,645.6,97.0
ES_Madrid,2026-09-26T15:00Z,32.9,15,2.8,29.8,0.0,81,944.4,9.6,13.0,202,26.3,508.0,481.6,220.0
FR_Paris,2026-09-26T15:00Z,21.9,59,13.5,22.5,0.0,45,1015.1,3.6,5.0,8,12.2,426.0,689.2,103.0
NL_Amsterdam,2026-09-26T15:00Z,19.1,65,12.4,18.5,0.0,98,1021.5,9.0,12.2,76,18.0,98.0,19.8,89.8
PL_Warsaw,2026-09-26T15:00Z,16.9,62,9.6,16.0,0.0,100,1010.3,5.8,9.0,248,13.0,133.0,0.0,133.0
US_BPAT_Portland,2026-09-26T15:00Z,9.5,89,7.8,7.9,0.0,100,1018.4,7.1,4.8,27,7.9,16.0,0.0,16.0
US_CISO_LosAngeles,2026-09-26T15:00Z,20.2,87,18.0,22.6,0.0,9,1002.0,3.1,2.2,99,6.8,117.0,519.6,39.0
US_CISO_SanFrancisco,2026-09-26T15:00Z,12.8,95,12.1,12.7,0.0,100,1012.1,5.2,8.1,201,12.2,53.0,35.0,49.0
US_ERCO_Dallas,2026-09-26T15:00Z,25.5,61,17.4,27.2,0.0,60,1001.8,6.3,14.6,171,19.8,302.0,18.1,294.0
US_ERCO_Houston,2026-09-26T15:00Z,25.9,95,25.1,31.7,0.0,80,1014.0,6.9,9.2,42,14.4,434.0,637.0,131.0
US_ISNE_Boston,2026-09-26T15:00Z,14.0,84,11.4,10.4,0.0,100,1011.6,28.0,65.1,34,69.5,18.0,0.0,18.0
US_MISO_Chicago,2026-09-26T15:00Z,16.4,72,11.3,14.8,0.0,35,992.5,13.5,12.8,112,13.7,401.0,553.6,135.0
US_NYIS_NewYork,2026-09-26T15:00Z,13.1,89,11.3,10.4,9.0,100,1005.5,21.3,57.8,25,61.9,17.0,0.0,17.0
US_PJM_Philadelphia,2026-09-26T15:00Z,13.5,92,12.2,10.9,0.0,100,1007.4,22.9,46.0,10,62.6,85.0,0.0,85.0
US_SWPP_OklahomaCity,2026-09-26T15:00Z,24.0,63,16.5,24.5,0.0,99,974.0,11.7,30.0,186,23.0,260.0,7.2,257.0
VN_DaNang,2026-09-26T15:00Z,26.8,92,25.3,33.0,0.0,97,1011.1,4.8,10.3,203,9.4,0.0,0.0,0.0
VN_HaNoi,2026-09-26T15:00Z,27.0,88,24.8,32.3,0.0,4,1007.2,8.9,17.5,161,20.5,0.0,0.0,0.0
VN_HoChiMinh,2026-09-26T15:00Z,26.0,94,24.9,32.4,0.0,100,1011.1,1.8,0.9,360,4.0,0.0,0.0,0.0
AT_Vienna,2026-09-26T16:00Z,20.5,40,6.4,18.6,0.0,0,1000.7,6.5,9.5,94,15.5,139.0,385.3,63.0
BE_Brussels,2026-09-26T16:00Z,21.4,57,12.6,20.7,0.0,97,1018.7,10.4,15.8,20,21.6,201.0,276.7,116.7
DE_Berlin,2026-09-26T16:00Z,21.0,31,3.3,19.0,0.0,95,1018.5,3.5,4.7,27,7.2,73.0,38.7,65.0
DE_Hamburg,2026-09-26T16:00Z,18.9,62,11.4,18.6,0.0,87,1020.6,5.0,7.4,343,13.0,147.0,287.0,80.0
DE_Munich,2026-09-26T16:00Z,23.6,26,3.0,21.1,0.0,95,961.6,6.4,9.1,62,13.3,188.0,421.0,83.0
ES_Madrid,2026-09-26T16:00Z,32.7,15,2.7,29.5,0.0,80,943.7,10.1,15.2,211,26.6,423.0,693.4,103.0
FR_Paris,2026-09-26T16:00Z,22.1,58,13.5,22.8,0.0,70,1015.1,3.2,4.2,360,9.4,284.0,609.2,78.0
NL_Amsterdam,2026-09-26T16:00Z,19.0,65,12.2,18.4,0.0,100,1021.6,9.0,13.3,66,19.4,220.0,375.3,111.7
PL_Warsaw,2026-09-26T16:00Z,16.6,64,9.8,15.7,0.0,100,1010.6,5.8,7.2,277,13.0,43.0,0.0,43.0
US_BPAT_Portland,2026-09-26T16:00Z,9.7,99,9.5,9.1,0.0,100,1018.4,3.4,5.2,16,6.5,176.0,114.9,148.0
US_CISO_LosAngeles,2026-09-26T16:00Z,21.9,87,19.6,25.5,0.0,9,1002.0,0.5,3.6,143,2.9,314.0,613.3,97.0
US_CISO_SanFrancisco,2026-09-26T16:00Z,14.7,85,12.2,14.2,0.0,69,1012.3,7.7,6.7,196,10.4,117.0,0.0,117.0
US_ERCO_Dallas,2026-09-26T16:00Z,27.9,63,20.2,31.3,0.0,99,1001.9,6.2,13.3,178,16.6,599.0,840.3,88.0
US_ERCO_Houston,2026-09-26T16:00Z,28.0,85,25.2,34.0,0.0,99,1014.1,8.2,11.5,58,13.0,605.0,548.2,252.0
US_ISNE_Boston,2026-09-26T16:00Z,14.0,82,11.0,10.1,0.0,100,1010.9,29.4,63.8,37,65.2,66.0,0.0,66.0
US_MISO_Chicago,2026-09-26T16:00Z,16.8,72,11.7,16.7,0.0,11,992.1,7.3,14.9,97,11.9,621.0,862.9,98.0
US_NYIS_NewYork,2026-09-26T16:00Z,14.0,86,11.7,11.2,0.0,100,1005.0,22.8,57.8,25,65.2,169.0,0.0,169.0
US_PJM_Philadelphia,2026-09-26T16:00Z,13.8,93,12.7,11.5,0.4,100,1006.9,22.2,42.6,11,60.1,233.0,0.0,233.0
US_SWPP_OklahomaCity,2026-09-26T16:00Z,25.8,52,15.2,25.4,0.0,96,973.7,14.7,28.6,186,36.7,292.0,0.0,292.0
VN_DaNang,2026-09-26T16:00Z,26.5,94,25.5,32.8,0.0,91,1010.9,4.6,9.7,205,11.2,0.0,0.0,0.0
VN_HaNoi,2026-09-26T16:00Z,26.8,89,24.8,32.2,0.0,2,1007.0,8.2,16.8,156,16.6,0.0,0.0,0.0
VN_HoChiMinh,2026-09-26T16:00Z,26.0,94,25.0,32.3,0.0,100,1010.8,2.5,2.9,83,5.8,0.0,0.0,0.0
AT_Vienna,2026-09-26T17:00Z,19.3,46,7.4,18.0,0.0,0,1001.3,4.3,11.4,106,14.0,20.0,67.3,15.0
BE_Brussels,2026-09-26T17:00Z,20.4,61,12.7,19.6,0.0,98,1018.7,11.5,18.4,350,22.7,91.0,174.7,64.2
DE_Berlin,2026-09-26T17:00Z,19.4,47,7.8,18.0,0.0,92,1019.1,6.1,14.4,28,13.7,20.0,12.2,19.0
DE_Hamburg,2026-09-26T17:00Z,18.0,67,11.7,17.7,0.0,44,1021.1,5.8,11.5,11,13.3,46.0,123.9,34.0
DE_Munich,2026-09-26T17:00Z,21.5,34,5.0,19.4,0.0,76,961.9,6.3,16.0,82,16.6,49.0,147.3,34.0
ES_Madrid,2026-09-26T17:00Z,32.0,15,2.1,28.9,0.0,87,943.7,8.6,13.8,218,26.3,227.0,451.4,95.0
FR_Paris,2026-09-26T17:00Z,22.0,58,13.4,22.6,0.0,10,1014.7,3.2,4.9,360,8.6,132.0,436.3,52.0
NL_Amsterdam,2026-09-26T17:00Z,18.2,67,12.0,17.4,0.0,100,1021.7,10.1,15.5,45,18.7,81.0,155.1,59.0
PL_Warsaw,2026-09-26T17:00Z,15.2,71,10.0,14.8,0.0,98,1011.3,3.2,4.7,275,10.4,2.0,0.0,2.0
US_BPAT_Portland,2026-09-26T17:00Z,10.5,98,10.2,9.9,0.0,100,1018.3,4.1,6.8,18,6.5,190.0,0.0,190.0
US_CISO_LosAngeles,2026-09-26T17:00Z,25.3,67,18.8,28.0,0.0,8,1002.2,4.0,4.0,153,8.3,498.0,662.8,145.0
US_CISO_SanFrancisco,2026-09-26T17:00Z,15.8,81,12.6,15.5,0.0,99,1012.5,7.8,7.0,201,10.4,299.0,17.3,291.0
US_ERCO_Dallas,2026-09-26T17:00Z,30.9,56,21.1,35.2,0.0,2,1001.7,7.3,12.3,175,15.1,714.0,771.5,149.0
US_ERCO_Houston,2026-09-26T17:00Z,28.7,79,24.7,35.1,0.0,99,1013.6,9.0,12.1,53,13.0,756.0,694.5,223.0
US_ISNE_Boston,2026-09-26T17:00Z,14.1,83,11.2,9.9,0.0,100,1010.7,31.4,59.7,39,61.9,42.0,0.0,42.0
US_MISO_Chicago,2026-09-26T17:00Z,17.3,67,11.1,17.6,0.0,0,991.9,7.2,16.2,90,10.1,717.0,886.5,106.0
US_NYIS_NewYork,2026-09-26T17:00Z,14.7,86,12.4,11.4,0.0,100,1004.5,28.1,55.4,26,63.7,118.0,0.0,118.0
US_PJM_Philadelphia,2026-09-26T17:00Z,14.0,91,12.6,11.7,0.7,100,1006.5,21.7,42.9,8,57.6,120.0,0.0,120.0
US_SWPP_OklahomaCity,2026-09-26T17:00Z,25.4,50,14.3,24.4,0.0,72,972.8,16.3,28.2,186,29.2,88.0,0.0,88.0
VN_DaNang,2026-09-26T17:00Z,26.2,95,25.4,32.6,0.0,59,1010.2,3.8,8.6,211,10.8,0.0,0.0,0.0
VN_HaNoi,2026-09-26T17:00Z,26.6,90,24.8,31.9,0.0,1,1006.6,8.3,16.7,153,15.5,0.0,0.0,0.0
VN_HoChiMinh,2026-09-26T17:00Z,25.9,95,25.1,32.1,0.0,99,1010.4,3.8,6.9,95,8.3,0.0,0.0,0.0
AT_Vienna,2026-09-26T18:00Z,17.7,56,8.8,16.9,0.0,0,1001.8,3.8,12.4,110,8.3,0.0,0.0,0.0
BE_Brussels,2026-09-26T18:00Z,19.2,67,12.9,18.6,0.0,100,1019.4,10.4,17.6,347,20.5,6.0,0.0,6.0
DE_Berlin,2026-09-26T18:00Z,18.0,62,10.7,17.2,0.0,100,1019.6,7.1,17.5,43,14.0,0.0,0.0,0.0
DE_Hamburg,2026-09-26T18:00Z,17.3,77,13.2,17.9,0.0,60,1021.6,2.9,8.1,85,11.9,0.0,0.0,0.0
DE_Munich,2026-09-26T18:00Z,18.8,52,8.8,17.7,0.0,29,962.4,5.8,17.8,128,12.6,0.0,0.0,0.0
ES_Madrid,2026-09-26T18:00Z,30.3,17,2.5,28.2,0.0,100,943.5,3.1,8.8,220,20.9,64.0,216.2,38.0
FR_Paris,2026-09-26T18:00Z,21.2,60,13.2,21.9,0.0,11,1015.2,1.9,4.2,360,7.9,17.0,89.0,11.0
NL_Amsterdam,2026-09-26T18:00Z,17.0,72,11.9,16.2,0.0,22,1022.1,9.0,19.4,42,15.5,7.0,0.0,7.0
PL_Warsaw,2026-09-26T18:00Z,13.3,79,9.8,12.8,0.0,83,1011.5,2.9,6.1,188,3.6,0.0,0.0,0.0
US_BPAT_Portland,2026-09-26T18:00Z,11.7,98,11.4,11.1,0.0,100,1017.6,7.6,10.4,20,10.1,340.0,77.1,299.0
US_CISO_LosAngeles,2026-09-26T18:00Z,27.4,62,19.5,31.1,0.0,2,1002.1,5.2,3.3,193,11.9,684.0,869.4,98.0
US_CISO_SanFrancisco,2026-09-26T18:00Z,17.2,72,12.1,17.4,0.0,99,1012.5,3.2,5.4,217,5.8,399.0,14.8,390.0
US_ERCO_Dallas,2026-09-26T18:00Z,32.2,51,20.8,36.6,0.0,99,1001.0,9.8,10.8,178,11.2,801.0,777.0,175.0
US_ERCO_Houston,2026-09-26T18:00Z,29.6,73,24.3,34.7,0.0,45,1012.7,13.1,14.1,71,16.6,681.0,569.4,204.0
US_ISNE_Boston,2026-09-26T18:00Z,13.6,88,11.7,10.2,0.0,100,1010.7,27.3,60.8,36,67.3,62.0,0.0,62.0
US_MISO_Chicago,2026-09-26T18:00Z,17.4,68,11.4,17.9,0.0,1,991.6,8.4,15.9,86,10.8,764.0,904.4,109.0
US_NYIS_NewYork,2026-09-26T18:00Z,15.5,77,11.4,11.5,0.0,100,1004.0,30.4,57.0,26,63.4,83.0,0.0,83.0
US_PJM_Philadelphia,2026-09-26T18:00Z,14.5,84,11.8,12.2,0.0,100,1006.2,19.9,45.0,7,53.3,75.0,0.0,75.0
US_SWPP_OklahomaCity,2026-09-26T18:00Z,28.7,43,14.9,27.9,0.0,82,972.7,17.0,28.8,180,23.4,495.0,0.0,495.0
VN_DaNang,2026-09-26T18:00Z,26.2,97,25.6,33.1,0.0,33,1009.7,1.8,4.4,235,8.6,0.0,0.0,0.0
VN_HaNoi,2026-09-26T18:00Z,26.6,91,25.0,32.0,0.0,2,1006.1,8.3,15.9,152,16.2,0.0,0.0,0.0
VN_HoChiMinh,2026-09-26T18:00Z,26.3,96,25.6,32.7,0.0,98,1010.0,4.5,8.2,112,9.0,0.0,0.0,0.0
AT_Vienna,2026-09-26T19:00Z,16.0,66,9.7,15.5,0.0,0,1001.6,3.1,12.9,116,6.8,0.0,0.0,0.0
BE_Brussels,2026-09-26T19:00Z,18.4,69,12.6,18.0,0.0,98,1019.3,8.3,15.5,360,16.6,0.0,0.0,0.0
DE_Berlin,2026-09-26T19:00Z,17.0,66,10.6,16.1,0.0,100,1020.0,7.1,18.4,54,14.4,0.0,0.0,0.0
DE_Hamburg,2026-09-26T19:00Z,16.1,85,13.6,16.9,0.0,70,1022.1,2.6,9.0,149,8.3,0.0,0.0,0.0
DE_Munich,2026-09-26T19:00Z,16.7,63,9.6,15.7,0.0,96,961.9,5.9,21.8,129,12.6,0.0,0.0,0.0
ES_Madrid,2026-09-26T19:00Z,28.8,20,3.6,26.9,0.0,98,943.5,2.4,6.1,190,5.4,0.0,0.0,0.0
FR_Paris,2026-09-26T19:00Z,20.4,60,12.4,20.5,0.0,82,1015.3,4.8,13.5,20,9.0,0.0,0.0,0.0
NL_Amsterdam,2026-09-26T19:00Z,16.6,78,12.8,16.4,0.0,8,1022.1,7.2,18.7,43,12.2,0.0,0.0,0.0
PL_Warsaw,2026-09-26T19:00Z,13.0,81,9.8,12.6,0.0,94,1011.8,2.9,7.6,213,3.6,0.0,0.0,0.0
US_BPAT_Portland,2026-09-26T19:00Z,13.6,86,11.3,12.6,0.0,9,1017.2,9.4,14.1,6,17.6,440.0,62.5,401.0
US_CISO_LosAngeles,2026-09-26T19:00Z,30.7,49,18.8,34.4,0.0,52,1001.9,6.9,6.1,220,13.3,795.0,904.3,100.0
US_CISO_SanFrancisco,2026-09-26T19:00Z,19.0,72,13.9,20.4,0.0,14,1012.4,2.5,5.0,249,5.0,618.0,140.6,518.0
US_ERCO_Dallas,2026-09-26T19:00Z,33.7,44,19.8,37.5,0.0,46,1000.0,9.3,9.4,176,12.2,793.0,521.2,364.0
US_ERCO_Houston,2026-09-26T19:00Z,29.8,70,23.7,34.6,0.0,99,1012.5,10.5,17.3,85,14.0,629.0,22.4,610.0
US_ISNE_Boston,2026-09-26T19:00Z,13.7,89,11.9,10.5,0.0,100,1010.3,26.0,65.1,35,64.1,54.0,0.0,54.0
US_MISO_Chicago,2026-09-26T19:00Z,17.4,63,10.3,17.5,0.0,0,990.5,8.2,15.3,82,10.1,742.0,891.7,110.0
US_NYIS_NewYork,2026-09-26T19:00Z,15.4,83,12.5,12.6,0.0,100,1003.8,24.5,56.9,25,59.0,122.0,0.0,122.0
US_PJM_Philadelphia,2026-09-26T19:00Z,14.7,89,12.9,12.8,0.0,100,1005.6,19.3,42.2,3,57.2,106.0,0.0,106.0
US_SWPP_OklahomaCity,2026-09-26T19:00Z,30.9,39,15.4,31.6,0.0,1,972.0,16.6,28.7,198,26.6,793.0,797.5,158.0
VN_DaNang,2026-09-26T19:00Z,26.0,97,25.4,32.7,0.0,97,1009.2,1.9,4.3,208,5.0,0.0,0.0,0.0
VN_HaNoi,2026-09-26T19:00Z,26.3,92,24.9,31.8,0.0,2,1005.7,7.6,15.2,150,15.5,0.0,0.0,0.0
VN_HoChiMinh,2026-09-26T19:00Z,26.0,96,25.3,32.7,0.0,90,1009.7,1.3,3.6,99,8.3,0.0,0.0,0.0
AT_Vienna,2026-09-26T20:00Z,14.8,71,9.6,14.3,0.0,0,1001.7,2.8,10.1,115,6.1,0.0,0.0,0.0
BE_Brussels,2026-09-26T20:00Z,18.6,68,12.6,18.2,0.0,100,1019.2,8.3,14.8,37,15.5,0.0,0.0,0.0
DE_Berlin,2026-09-26T20:00Z,15.9,70,10.4,15.0,0.0,100,1020.5,7.4,22.8,71,15.8,0.0,0.0,0.0
DE_Hamburg,2026-09-26T20:00Z,15.4,88,13.4,16.1,0.0,62,1022.7,2.3,9.0,132,6.1,0.0,0.0,0.0
DE_Munich,2026-09-26T20:00Z,15.2,69,9.5,14.4,0.0,100,962.1,4.8,20.0,131,11.9,0.0,0.0,0.0
ES_Madrid,2026-09-26T20:00Z,27.0,22,3.4,24.9,0.0,44,943.5,3.6,11.5,153,5.8,0.0,0.0,0.0
FR_Paris,2026-09-26T20:00Z,19.4,66,12.9,19.5,0.0,100,1015.4,5.7,17.2,47,11.9,0.0,0.0,0.0
NL_Amsterdam,2026-09-26T20:00Z,15.7,79,12.1,15.6,0.0,93,1022.2,5.0,18.7,57,11.5,0.0,0.0,0.0
PL_Warsaw,2026-09-26T20:00Z,13.0,81,9.8,12.5,0.0,100,1012.0,3.2,6.8,209,3.6,0.0,0.0,0.0
US_BPAT_Portland,2026-09-26T20:00Z,15.5,75,11.1,15.2,0.0,2,1016.7,10.5,16.3,6,18.0,702.0,909.4,90.0
US_CISO_LosAngeles,2026-09-26T20:00Z,33.2,39,17.4,36.1,0.0,56,1001.5,9.8,10.9,236,10.1,839.0,885.5,122.0
US_CISO_SanFrancisco,2026-09-26T20:00Z,20.6,58,12.1,21.1,0.0,2,1012.2,8.4,5.9,256,10.1,732.0,468.0,374.0
US_ERCO_Dallas,2026-09-26T20:00Z,34.2,43,19.8,37.6,0.0,52,998.9,11.3,7.1,165,12.6,780.0,860.3,106.0
US_ERCO_Houston,2026-09-26T20:00Z,30.9,64,23.3,36.3,0.0,99,1011.5,6.1,23.4,90,11.5,641.0,125.7,540.0
US_ISNE_Boston,2026-09-26T20:00Z,13.7,83,10.9,9.1,1.1,100,1010.7,34.0,63.1,36,73.1,11.0,0.0,11.0
US_MISO_Chicago,2026-09-26T20:00Z,17.8,54,8.4,17.4,0.0,0,990.1,5.1,14.6,74,11.5,664.0,868.4,105.0
US_NYIS_NewYork,2026-09-26T20:00Z,15.0,85,12.5,12.1,0.7,100,1003.6,25.2,56.4,22,65.2,79.0,0.0,79.0
US_PJM_Philadelphia,2026-09-26T20:00Z,16.0,84,13.3,14.3,0.0,100,1005.4,19.0,42.1,7,52.2,286.0,41.9,262.0
US_SWPP_OklahomaCity,2026-09-26T20:00Z,32.5,37,15.9,33.2,0.0,0,971.2,15.8,34.7,203,28.1,745.0,789.0,145.0
VN_DaNang,2026-09-26T20:00Z,25.9,97,25.4,32.6,0.0,55,1008.8,2.2,5.2,209,5.4,0.0,0.0,0.0
VN_HaNoi,2026-09-26T20:00Z,26.0,93,24.9,31.6,0.0,3,1005.1,7.2,14.5,145,14.0,0.0,0.0,0.0
VN_HoChiMinh,2026-09-26T20:00Z,25.8,98,25.4,32.4,0.1,94,1009.4,2.6,3.8,65,5.8,0.0,0.0,0.0
AT_Vienna,2026-09-26T21:00Z,14.1,73,9.3,13.5,0.0,100,1002.5,2.6,6.3,142,5.8,0.0,0.0,0.0
BE_Brussels,2026-09-26T21:00Z,16.8,77,12.8,16.6,0.0,74,1019.1,7.6,19.4,25,13.0,0.0,0.0,0.0
DE_Berlin,2026-09-26T21:00Z,15.5,67,9.4,14.4,0.0,100,1021.4,7.2,24.4,88,15.1,0.0,0.0,0.0
DE_Hamburg,2026-09-26T21:00Z,14.5,91,13.0,14.8,0.0,9,1023.2,4.5,14.3,99,8.3,0.0,0.0,0.0
DE_Munich,2026-09-26T21:00Z,14.1,71,8.9,13.1,0.0,2,962.9,4.8,18.8,130,10.1,0.0,0.0,0.0
ES_Madrid,2026-09-26T21:00Z,26.5,24,4.3,25.0,0.0,97,943.8,1.1,9.4,146,6.5,0.0,0.0,0.0
FR_Paris,2026-09-26T21:00Z,18.7,69,12.9,18.8,0.0,100,1015.3,5.1,15.7,54,11.5,0.0,0.0,0.0
NL_Amsterdam,2026-09-26T21:00Z,15.9,81,12.6,16.0,0.0,100,1022.1,5.0,20.2,76,11.2,0.0,0.0,0.0
PL_Warsaw,2026-09-26T21:00Z,12.6,81,9.4,12.0,0.0,100,1012.5,2.9,7.2,208,3.2,0.0,0.0,0.0
US_BPAT_Portland,2026-09-26T21:00Z,16.7,70,11.2,16.2,0.0,8,1015.8,11.6,16.9,11,15.5,696.0,898.6,90.0
US_CISO_LosAngeles,2026-09-26T21:00Z,32.4,47,19.7,36.1,0.0,0,1000.9,10.9,13.7,243,15.5,814.0,882.1,113.0
US_CISO_SanFrancisco,2026-09-26T21:00Z,21.3,58,12.7,22.1,0.0,65,1011.5,10.4,12.2,270,10.8,794.0,822.9,164.0
US_ERCO_Dallas,2026-09-26T21:00Z,35.1,33,16.5,36.6,0.0,0,998.0,10.1,9.0,151,11.5,664.0,813.6,103.0
US_ERCO_Houston,2026-09-26T21:00Z,28.8,80,25.0,33.3,0.0,100,1010.6,15.5,23.1,95,22.7,303.0,1.4,302.0
US_ISNE_Boston,2026-09-26T21:00Z,13.8,88,11.8,10.5,3.2,100,1010.3,26.7,64.6,35,56.5,7.0,0.0,7.0
US_MISO_Chicago,2026-09-26T21:00Z,17.7,51,7.5,16.0,0.0,0,989.3,7.5,14.1,71,9.4,520.0,785.2,101.0
US_NYIS_NewYork,2026-09-26T21:00Z,14.4,84,11.7,10.7,1.1,100,1003.8,28.4,57.7,24,67.3,18.0,0.0,18.0
US_PJM_Philadelphia,2026-09-26T21:00Z,16.0,82,13.0,14.9,0.0,100,1005.4,14.3,43.9,10,50.8,115.0,0.0,115.0
US_SWPP_OklahomaCity,2026-09-26T21:00Z,33.6,38,17.3,34.3,0.0,23,970.2,16.1,27.8,185,29.9,637.0,754.7,130.0
VN_DaNang,2026-09-26T21:00Z,25.9,97,25.3,32.4,0.0,47,1008.7,3.1,6.9,186,7.2,0.0,0.0,0.0
VN_HaNoi,2026-09-26T21:00Z,25.9,94,24.9,31.6,0.0,39,1004.7,6.4,13.6,143,13.3,0.0,0.0,0.0
VN_HoChiMinh,2026-09-26T21:00Z,25.7,98,25.4,32.0,0.1,70,1008.8,4.3,7.1,75,9.0,0.0,0.0,0.0
AT_Vienna,2026-09-26T22:00Z,13.1,80,9.8,12.7,0.0,72,1002.2,2.5,5.2,132,5.4,0.0,0.0,0.0
BE_Brussels,2026-09-26T22:00Z,17.0,75,12.6,16.8,0.0,93,1019.0,7.6,15.5,42,13.7,0.0,0.0,0.0
DE_Berlin,2026-09-26T22:00Z,15.1,67,9.1,13.7,0.0,100,1021.2,8.0,26.5,88,16.2,0.0,0.0,0.0
DE_Hamburg,2026-09-26T22:00Z,13.4,88,11.5,13.1,0.0,3,1023.2,5.1,20.1,105,11.9,0.0,0.0,0.0
DE_Munich,2026-09-26T22:00Z,13.0,75,8.7,12.1,0.0,96,962.2,4.1,16.9,127,9.7,0.0,0.0,0.0
ES_Madrid,2026-09-26T22:00Z,24.6,24,2.7,22.1,0.0,100,944.0,5.7,24.5,144,13.3,0.0,0.0,0.0
FR_Paris,2026-09-26T22:00Z,17.9,72,12.8,18.2,0.0,100,1015.3,3.9,13.7,64,10.8,0.0,0.0,0.0
NL_Amsterdam,2026-09-26T22:00Z,15.8,81,12.6,15.4,0.0,100,1022.1,8.3,23.0,74,13.0,0.0,0.0,0.0
PL_Warsaw,2026-09-26T22:00Z,12.3,84,9.6,11.5,0.0,100,1012.7,4.7,10.1,193,7.2,0.0,0.0,0.0
US_BPAT_Portland,2026-09-26T22:00Z,17.9,62,10.5,16.3,0.0,63,1015.1,14.0,17.7,13,18.0,595.0,577.5,232.0
US_CISO_LosAngeles,2026-09-26T22:00Z,33.6,37,16.9,35.2,0.0,1,1000.3,12.8,15.0,246,18.0,735.0,865.5,108.0
US_CISO_SanFrancisco,2026-09-26T22:00Z,20.1,65,13.3,19.2,0.0,64,1011.0,13.5,12.3,277,14.8,439.0,1.4,438.0
US_ERCO_Dallas,2026-09-26T22:00Z,34.9,31,15.3,35.3,0.0,0,997.5,9.3,10.9,146,10.8,500.0,739.7,95.0
US_ERCO_Houston,2026-09-26T22:00Z,29.5,68,23.0,32.8,0.0,79,1010.3,14.8,21.8,103,23.4,352.0,36.3,332.0
US_ISNE_Boston,2026-09-26T22:00Z,13.5,85,11.1,8.4,0.7,100,1010.1,37.1,63.6,36,78.1,2.0,0.0,2.0
US_MISO_Chicago,2026-09-26T22:00Z,16.8,56,8.0,15.1,0.0,0,989.1,8.4,11.5,70,9.7,337.0,642.5,89.0
US_NYIS_NewYork,2026-09-26T22:00Z,14.3,81,11.0,10.6,0.0,100,1003.6,27.4,57.3,25,71.3,22.0,0.0,22.0
US_PJM_Philadelphia,2026-09-26T22:00Z,16.1,79,12.5,14.5,0.0,100,1005.5,16.0,43.1,13,51.1,19.0,0.0,19.0
US_SWPP_OklahomaCity,2026-09-26T22:00Z,33.3,38,17.1,33.7,0.0,13,969.8,15.0,26.1,168,27.7,472.0,652.7,122.0
VN_DaNang,2026-09-26T22:00Z,25.8,96,25.2,32.1,0.0,59,1009.1,3.6,8.2,172,8.6,0.0,0.0,0.0
VN_HaNoi,2026-09-26T22:00Z,25.9,95,24.9,31.6,0.0,12,1005.2,6.6,13.7,145,12.2,0.0,0.0,0.0
VN_HoChiMinh,2026-09-26T22:00Z,25.5,98,25.2,31.6,0.0,63,1008.8,4.9,9.9,92,10.1,0.0,0.0,0.0
AT_Vienna,2026-09-26T23:00Z,12.5,84,9.8,12.1,0.0,12,1002.1,2.3,5.0,141,4.7,0.0,0.0,0.0
BE_Brussels,2026-09-26T23:00Z,16.6,77,12.6,16.3,0.0,17,1018.5,8.3,16.2,55,14.4,0.0,0.0,0.0
DE_Berlin,2026-09-26T23:00Z,14.6,70,9.2,13.3,0.0,100,1021.4,7.8,26.1,91,16.2,0.0,0.0,0.0
DE_Hamburg,2026-09-26T23:00Z,12.7,85,10.2,12.0,0.0,0,1023.2,4.8,21.0,107,10.8,0.0,0.0,0.0
DE_Munich,2026-09-26T23:00Z,12.3,75,8.0,11.2,0.0,15,962.0,4.6,17.1,122,9.0,0.0,0.0,0.0
ES_Madrid,2026-09-26T23:00Z,23.7,32,6.0,22.0,0.0,100,943.8,4.3,19.2,139,13.0,0.0,0.0,0.0
FR_Paris,2026-09-26T23:00Z,17.1,76,12.9,17.6,0.0,57,1014.7,2.6,10.0,67,7.6,0.0,0.0,0.0
NL_Amsterdam,2026-09-26T23:00Z,15.7,80,12.3,14.9,0.0,100,1021.7,10.8,20.9,82,18.0,0.0,0.0,0.0
PL_Warsaw,2026-09-26T23:00Z,12.9,81,9.7,12.3,0.0,100,1013.3,3.2,11.5,210,6.5,0.0,0.0,0.0
US_BPAT_Portland,2026-09-26T23:00Z,17.9,61,10.3,15.8,0.0,51,1014.2,14.8,20.2,2,22.3,478.0,482.8,218.0
US_CISO_LosAngeles,2026-09-26T23:00Z,31.2,47,18.5,32.4,0.0,0,1000.0,14.3,17.4,246,16.9,585.0,804.9,99.0
US_CISO_SanFrancisco,2026-09-26T23:00Z,19.1,69,13.3,18.3,0.0,6,1010.3,15.0,15.8,282,16.6,605.0,832.1,97.0
US_ERCO_Dallas,2026-09-26T23:00Z,35.0,28,13.8,34.7,0.0,0,997.3,10.7,14.6,147,14.8,281.0,511.9,93.0
US_ERCO_Houston,2026-09-26T23:00Z,28.0,74,23.0,31.9,0.0,99,1010.4,11.2,23.3,112,21.2,219.0,94.1,185.0
US_ISNE_Boston,2026-09-26T23:00Z,13.3,88,11.4,8.0,2.9,100,1009.3,39.5,67.9,35,85.0,0.0,0.0,0.0
US_MISO_Chicago,2026-09-26T23:00Z,15.1,67,9.0,13.9,0.0,0,988.6,6.6,8.7,66,7.9,128.0,303.6,64.0
US_NYIS_NewYork,2026-09-26T23:00Z,14.1,86,11.8,11.1,0.4,100,1003.7,23.8,55.9,26,70.2,0.0,0.0,0.0
US_PJM_Philadelphia,2026-09-26T23:00Z,15.4,79,11.8,13.9,0.0,100,1005.8,14.6,43.5,14,45.7,0.0,0.0,0.0
US_SWPP_OklahomaCity,2026-09-26T23:00Z,33.1,39,17.3,33.8,0.0,10,969.3,13.1,28.1,144,20.2,244.0,402.1,98.0
VN_DaNang,2026-09-26T23:00Z,25.8,96,25.1,32.0,0.0,85,1009.2,3.9,7.6,153,8.6,6.0,14.9,5.0
VN_HaNoi,2026-09-26T23:00Z,25.9,95,24.9,31.6,0.0,5,1005.5,6.4,13.6,149,12.6,1.0,0.0,1.0
VN_HoChiMinh,2026-09-26T23:00Z,25.3,98,24.9,31.0,0.0,45,1008.8,6.6,13.3,103,13.0,3.0,0.0,3.0
AT_Vienna,2026-09-27T00:00Z,11.7,82,8.8,11.0,0.0,53,1002.1,3.0,5.0,82,5.4,0.0,0.0,0.0
BE_Brussels,2026-09-27T00:00Z,16.1,78,12.3,15.8,0.0,100,1018.2,7.2,13.7,54,13.0,0.0,0.0,0.0
DE_Berlin,2026-09-27T00:00Z,14.1,72,9.2,12.7,0.0,100,1021.4,8.3,25.8,93,17.6,0.0,0.0,0.0
DE_Hamburg,2026-09-27T00:00Z,12.0,80,8.7,11.0,0.0,0,1023.1,4.3,19.1,102,11.2,0.0,0.0,0.0
DE_Munich,2026-09-27T00:00Z,11.5,79,8.0,10.5,0.0,2,962.0,3.8,16.6,128,9.0,0.0,0.0,0.0
ES_Madrid,2026-09-27T00:00Z,22.2,36,6.4,20.6,0.0,100,943.6,4.3,13.1,121,10.4,0.0,0.0,0.0
FR_Paris,2026-09-27T00:00Z,16.4,81,13.2,17.0,0.0,80,1014.7,2.9,8.5,52,6.1,0.0,0.0,0.0
NL_Amsterdam,2026-09-27T00:00Z,15.3,84,12.6,14.4,0.0,87,1021.4,11.5,22.7,83,20.2,0.0,0.0,0.0
PL_Warsaw,2026-09-27T00:00Z,12.6,82,9.6,12.1,0.0,100,1012.9,3.2,10.1,209,6.1,0.0,0.0,0.0
US_BPAT_Portland,2026-09-27T00:00Z,16.8,63,9.7,14.4,0.0,99,1013.8,16.0,23.6,353,29.5,346.0,538.4,125.0
US_CISO_LosAngeles,2026-09-27T00:00Z,28.4,60,19.9,30.7,0.0,20,999.8,10.4,16.9,250,12.2,389.0,684.9,87.0
US_CISO_SanFrancisco,2026-09-27T00:00Z,18.7,68,12.7,16.9,0.0,22,1010.0,18.2,15.7,281,22.3,430.0,717.7,96.0
US_ERCO_Dallas,2026-09-27T00:00Z,33.4,29,12.9,32.4,0.0,0,997.2,13.0,20.8,150,21.6,58.0,80.8,45.0
US_ERCO_Houston,2026-09-27T00:00Z,26.9,75,22.1,30.4,0.0,99,1010.1,10.1,20.1,117,19.4,28.0,0.0,28.0
US_ISNE_Boston,2026-09-27T00:00Z,13.3,89,11.6,8.4,0.0,100,1009.4,37.3,66.0,37,81.7,0.0,0.0,0.0
US_MISO_Chicago,2026-09-27T00:00Z,13.5,81,10.3,12.8,0.0,1,988.3,5.9,10.3,61,8.3,0.0,0.0,0.0
US_NYIS_NewYork,2026-09-27T00:00Z,13.8,87,11.6,10.5,1.1,100,1003.7,25.8,55.1,22,71.6,0.0,0.0,0.0
US_PJM_Philadelphia,2026-09-27T00:00Z,15.5,82,12.4,13.9,0.0,100,1005.7,15.9,43.1,12,57.6,0.0,0.0,0.0
US_SWPP_OklahomaCity,2026-09-27T00:00Z,32.0,39,16.3,32.2,0.0,14,969.2,13.1,27.3,140,28.8,61.0,73.1,49.0
VN_DaNang,2026-09-27T00:00Z,26.8,92,25.3,33.3,0.0,78,1010.0,2.7,3.9,156,12.6,120.0,231.8,72.0
VN_HaNoi,2026-09-27T00:00Z,27.1,91,25.4,33.2,0.0,5,1006.3,5.7,10.3,136,15.1,80.0,163.9,53.0
VN_HoChiMinh,2026-09-27T00:00Z,26.8,91,25.2,32.9,0.0,98,1009.6,5.2,8.6,105,15.8,119.0,349.7,53.0
AT_Vienna,2026-09-27T01:00Z,11.4,83,8.6,10.8,0.0,0,1002.6,2.2,3.9,80,5.8,0.0,0.0,0.0
BE_Brussels,2026-09-27T01:00Z,15.7,80,12.3,15.4,0.0,100,1017.7,6.8,14.8,71,11.9,0.0,0.0,0.0
DE_Berlin,2026-09-27T01:00Z,13.7,72,8.7,12.1,0.0,100,1021.3,9.0,28.0,100,19.1,0.0,0.0,0.0
DE_Hamburg,2026-09-27T01:00Z,11.6,79,8.1,10.3,0.0,51,1023.0,5.4,21.7,98,11.9,0.0,0.0,0.0
DE_Munich,2026-09-27T01:00Z,11.1,80,7.8,9.9,0.0,0,961.8,4.0,15.7,121,9.4,0.0,0.0,0.0
ES_Madrid,2026-09-27T01:00Z,20.9,41,7.1,19.3,0.0,100,942.9,5.6,14.5,91,12.6,0.0,0.0,0.0
FR_Paris,2026-09-27T01:00Z,16.0,84,13.3,16.8,0.0,54,1013.9,1.8,6.8,69,6.1,0.0,0.0,0.0
NL_Amsterdam,2026-09-27T01:00Z,15.0,88,13.0,14.5,0.0,28,1020.9,9.7,18.4,83,18.4,0.0,0.0,0.0
PL_Warsaw,2026-09-27T01:00Z,12.1,85,9.7,11.6,0.0,100,1013.2,2.9,8.3,251,6.1,0.0,0.0,0.0
US_BPAT_Portland,2026-09-27T01:00Z,15.7,66,9.3,13.5,0.0,99,1013.3,13.9,23.5,345,32.8,179.0,485.8,56.0
US_CISO_LosAngeles,2026-09-27T01:00Z,28.6,51,17.5,30.2,0.0,98,999.8,7.2,14.8,244,10.8,121.0,4.0,120.0
US_CISO_SanFrancisco,2026-09-27T01:00Z,16.6,75,12.1,14.4,0.0,6,1010.2,19.8,16.8,279,27.4,214.0,455.8,83.0
US_ERCO_Dallas,2026-09-27T01:00Z,31.0,37,14.6,30.8,0.0,0,997.1,12.0,22.3,157,25.2,0.0,0.0,0.0
US_ERCO_Houston,2026-09-27T01:00Z,26.8,75,22.0,31.0,0.0,50,1010.5,5.5,20.2,121,16.9,0.0,0.0,0.0
US_ISNE_Boston,2026-09-27T01:00Z,13.9,81,10.7,9.1,4.3,100,1009.2,34.2,67.1,41,85.0,0.0,0.0,0.0
US_MISO_Chicago,2026-09-27T01:00Z,13.2,85,10.7,11.8,0.0,0,988.1,11.2,11.8,70,18.0,0.0,0.0,0.0
US_NYIS_NewYork,2026-09-27T01:00Z,13.8,85,11.3,10.8,3.2,100,1003.5,23.7,55.4,23,68.0,0.0,0.0,0.0
US_PJM_Philadelphia,2026-09-27T01:00Z,14.9,82,11.9,13.2,0.0,100,1005.9,15.8,42.4,12,59.0,0.0,0.0,0.0
US_SWPP_OklahomaCity,2026-09-27T01:00Z,30.2,45,16.9,30.5,0.0,16,969.1,14.7,31.4,152,40.3,0.0,0.0,0.0
VN_DaNang,2026-09-27T01:00Z,28.1,85,25.4,34.8,0.0,75,1010.2,1.2,1.5,126,10.4,320.0,410.1,139.0
VN_HaNoi,2026-09-27T01:00Z,28.4,84,25.4,34.1,0.0,32,1006.7,9.0,12.7,165,20.2,278.0,406.8,119.0
VN_HoChiMinh,2026-09-27T01:00Z,28.3,81,24.8,33.8,0.0,69,1010.0,6.9,9.8,130,18.7,345.0,569.1,100.0
AT_Vienna,2026-09-27T02:00Z,10.9,86,8.6,10.1,0.0,1,1002.4,2.7,6.2,66,5.8,0.0,0.0,0.0
BE_Brussels,2026-09-27T02:00Z,15.4,81,12.2,15.4,0.0,99,1017.2,4.7,11.9,83,8.3,0.0,0.0,0.0
DE_Berlin,2026-09-27T02:00Z,13.3,72,8.4,11.6,0.0,100,1021.5,9.0,26.5,100,19.4,0.0,0.0,0.0
DE_Hamburg,2026-09-27T02:00Z,11.2,83,8.4,9.9,0.0,78,1023.0,6.3,24.0,93,13.7,0.0,0.0,0.0
DE_Munich,2026-09-27T02:00Z,10.6,82,7.7,9.5,0.0,0,961.7,3.7,14.5,116,8.6,0.0,0.0,0.0
ES_Madrid,2026-09-27T02:00Z,20.5,43,7.5,18.9,0.0,100,942.6,6.1,18.1,83,14.0,0.0,0.0,0.0
FR_Paris,2026-09-27T02:00Z,15.6,86,13.2,16.3,0.0,59,1013.6,2.2,5.7,94,4.0,0.0,0.0,0.0
NL_Amsterdam,2026-09-27T02:00Z,14.5,86,12.2,13.7,0.0,55,1020.2,10.1,19.4,87,17.6,0.0,0.0,0.0
PL_Warsaw,2026-09-27T02:00Z,11.6,86,9.3,11.1,0.0,79,1013.4,2.2,6.1,320,3.6,0.0,0.0,0.0
US_BPAT_Portland,2026-09-27T02:00Z,14.7,67,8.6,12.3,0.0,99,1013.0,13.7,25.4,348,28.8,0.0,0.0,0.0
US_CISO_LosAngeles,2026-09-27T02:00Z,26.9,54,16.8,28.3,0.0,61,999.5,6.8,13.7,240,12.2,0.0,0.0,0.0
US_CISO_SanFrancisco,2026-09-27T02:00Z,15.2,81,11.9,13.2,0.0,22,1010.4,18.0,14.1,273,27.7,0.0,0.0,0.0
US_ERCO_Dallas,2026-09-27T02:00Z,29.9,39,14.4,29.4,0.0,52,998.0,13.4,20.9,159,29.9,0.0,0.0,0.0
US_ERCO_Houston,2026-09-27T02:00Z,26.1,78,22.0,29.9,0.0,1,1010.9,7.7,18.5,117,14.8,0.0,0.0,0.0
US_ISNE_Boston,2026-09-27T02:00Z,13.9,88,11.9,10.3,1.8,100,1008.8,28.7,66.7,43,78.8,0.0,0.0,0.0
US_MISO_Chicago,2026-09-27T02:00Z,13.0,69,7.4,10.2,0.0,0,988.2,14.8,14.3,80,18.7,0.0,0.0,0.0
US_NYIS_NewYork,2026-09-27T02:00Z,13.7,88,11.8,10.9,0.7,100,1003.0,23.2,58.5,18,70.9,0.0,0.0,0.0
US_PJM_Philadelphia,2026-09-27T02:00Z,14.7,83,11.9,12.9,0.0,100,1005.6,16.7,41.9,12,56.2,0.0,0.0,0.0
US_SWPP_OklahomaCity,2026-09-27T02:00Z,29.7,32,11.3,27.4,0.0,85,969.9,18.4,42.7,168,45.7,0.0,0.0,0.0
VN_DaNang,2026-09-27T02:00Z,29.6,78,25.3,36.5,0.0,50,1010.2,0.7,0.7,194,10.4,559.0,658.9,134.0
VN_HaNoi,2026-09-27T02:00Z,29.7,76,25.0,34.8,0.0,35,1006.8,10.8,15.1,177,25.6,458.0,481.1,172.0
VN_HoChiMinh,2026-09-27T02:00Z,29.5,74,24.3,34.6,0.0,50,1010.3,8.3,11.8,146,24.5,562.0,664.5,135.0
AT_Vienna,2026-09-27T03:00Z,10.3,86,8.1,9.5,0.0,47,1002.5,2.3,6.4,84,5.4,0.0,0.0,0.0
BE_Brussels,2026-09-27T03:00Z,14.8,83,11.9,14.6,0.0,100,1016.6,5.4,11.9,75,8.6,0.0,0.0,0.0
DE_Berlin,2026-09-27T03:00Z,13.2,75,8.9,11.4,0.0,100,1021.3,10.9,31.3,101,22.3,0.0,0.0,0.0
DE_Hamburg,2026-09-27T03:00Z,11.4,83,8.6,10.0,0.0,45,1022.5,7.3,27.5,91,15.8,0.0,0.0,0.0
DE_Munich,2026-09-27T03:00Z,9.3,85,6.9,8.0,0.0,0,961.9,3.3,14.2,117,7.6,0.0,0.0,0.0
ES_Madrid,2026-09-27T03:00Z,20.2,45,7.8,18.8,0.0,100,942.6,5.6,19.3,81,14.0,0.0,0.0,0.0
FR_Paris,2026-09-27T03:00Z,14.8,86,12.5,15.3,0.0,63,1012.9,1.8,6.7,108,3.6,0.0,0.0,0.0
NL_Amsterdam,2026-09-27T03:00Z,14.2,89,12.4,13.5,0.0,90,1019.5,10.1,20.2,86,17.6,0.0,0.0,0.0
PL_Warsaw,2026-09-27T03:00Z,10.5,87,8.4,9.6,0.0,4,1013.3,3.2,4.0,3,3.6,0.0,0.0,0.0
US_BPAT_Portland,2026-09-27T03:00Z,13.7,71,8.5,11.6,0.0,99,1012.6,11.8,26.0,350,26.3,0.0,0.0,0.0
US_CISO_LosAngeles,2026-09-27T03:00Z,25.3,59,16.7,27.0,0.0,68,999.7,5.1,11.2,237,10.1,0.0,0.0,0.0
US_CISO_SanFrancisco,2026-09-27T03:00Z,14.4,79,10.8,12.2,0.0,19,1010.5,16.4,12.6,268,29.9,0.0,0.0,0.0
US_ERCO_Dallas,2026-09-27T03:00Z,27.7,45,14.7,27.2,0.0,98,998.5,14.0,23.4,149,28.1,0.0,0.0,0.0
US_ERCO_Houston,2026-09-27T03:00Z,25.7,81,22.2,30.0,0.0,4,1011.6,4.8,18.4,118,12.6,0.0,0.0,0.0
US_ISNE_Boston,2026-09-27T03:00Z,13.6,90,12.0,9.1,1.8,100,1008.5,35.6,66.9,49,77.4,0.0,0.0,0.0
US_MISO_Chicago,2026-09-27T03:00Z,12.7,76,8.6,11.1,0.0,0,988.5,8.4,15.5,87,15.5,0.0,0.0,0.0
US_NYIS_NewYork,2026-09-27T03:00Z,13.9,86,11.6,10.5,1.4,100,1002.4,26.6,58.4,16,68.8,0.0,0.0,0.0
US_PJM_Philadelphia,2026-09-27T03:00Z,14.5,87,12.4,12.9,0.4,100,1005.1,16.4,42.6,9,57.6,0.0,0.0,0.0
US_SWPP_OklahomaCity,2026-09-27T03:00Z,26.1,49,14.5,25.7,0.0,0,969.8,12.7,43.9,187,30.2,0.0,0.0,0.0
VN_DaNang,2026-09-27T03:00Z,31.1,70,24.9,38.4,0.0,7,1009.6,4.2,5.6,211,16.2,758.0,774.7,135.0
VN_HaNoi,2026-09-27T03:00Z,30.7,70,24.7,36.1,0.0,93,1006.5,9.9,13.5,185,25.9,609.0,483.6,243.0
VN_HoChiMinh,2026-09-27T03:00Z,30.3,70,24.1,36.1,0.1,60,1010.3,9.0,12.6,160,24.1,708.0,685.9,152.0
AT_Vienna,2026-09-27T04:00Z,10.0,88,8.1,9.2,0.0,13,1002.6,1.8,6.2,106,5.0,0.0,0.0,0.0
BE_Brussels,2026-09-27T04:00Z,14.4,83,11.6,14.0,0.0,83,1016.0,6.1,12.6,91,9.4,0.0,0.0,0.0
DE_Berlin,2026-09-27T04:00Z,12.9,77,9.0,11.3,0.0,53,1021.7,9.4,27.5,103,22.7,0.0,0.0,0.0
DE_Hamburg,2026-09-27T04:00Z,11.2,88,9.3,9.9,0.0,66,1022.3,8.0,30.3,90,18.0,0.0,0.0,0.0
DE_Munich,2026-09-27T04:00Z,8.7,87,6.7,7.4,0.0,0,961.4,3.3,14.4,121,7.2,0.0,0.0,0.0
ES_Madrid,2026-09-27T04:00Z,20.1,46,8.1,18.8,0.0,100,942.9,5.1,17.6,80,13.3,0.0,0.0,0.0
FR_Paris,2026-09-27T04:00Z,14.6,86,12.3,14.9,0.0,69,1013.1,2.7,9.0,121,4.7,0.0,0.0,0.0
NL_Amsterdam,2026-09-27T04:00Z,14.1,89,12.3,13.3,0.0,82,1018.8,10.4,20.9,85,18.7,0.0,0.0,0.0
PL_Warsaw,2026-09-27T04:00Z,10.5,84,7.9,9.3,0.0,0,1013.8,4.3,3.2,308,5.0,0.0,0.0,0.0
US_BPAT_Portland,2026-09-27T04:00Z,12.7,74,8.2,10.4,0.0,99,1012.6,13.0,22.4,354,25.9,0.0,0.0,0.0
US_CISO_LosAngeles,2026-09-27T04:00Z,24.8,58,16.0,26.1,0.0,99,1000.0,5.5,8.2,229,9.7,0.0,0.0,0.0
US_CISO_SanFrancisco,2026-09-27T04:00Z,14.1,80,10.7,11.9,0.0,54,1010.9,16.7,9.1,261,31.0,0.0,0.0,0.0
US_ERCO_Dallas,2026-09-27T04:00Z,27.5,46,14.9,28.0,0.0,98,999.0,8.1,23.3,163,22.3,0.0,0.0,0.0
US_ERCO_Houston,2026-09-27T04:00Z,25.8,78,21.7,29.8,0.0,50,1011.4,5.5,14.2,120,7.2,0.0,0.0,0.0
US_ISNE_Boston,2026-09-27T04:00Z,14.1,92,12.8,10.4,2.9,100,1007.9,31.1,67.9,51,73.8,0.0,0.0,0.0
US_MISO_Chicago,2026-09-27T04:00Z,12.9,77,8.9,11.6,0.0,1,988.3,7.2,12.2,88,14.4,0.0,0.0,0.0
US_NYIS_NewYork,2026-09-27T04:00Z,14.1,87,11.9,10.9,2.2,100,1001.5,25.8,59.1,13,68.0,0.0,0.0,0.0
US_PJM_Philadelphia,2026-09-27T04:00Z,14.6,89,12.8,13.1,0.4,100,1004.5,16.4,42.1,2,50.8,0.0,0.0,0.0
US_SWPP_OklahomaCity,2026-09-27T04:00Z,27.3,42,13.3,25.5,0.0,0,970.2,19.1,36.8,188,43.2,0.0,0.0,0.0
VN_DaNang,2026-09-27T04:00Z,32.4,63,24.4,40.0,0.0,17,1008.9,4.7,6.4,196,18.7,867.0,801.8,139.0
VN_HaNoi,2026-09-27T04:00Z,31.3,68,24.8,37.3,0.0,50,1005.9,8.5,11.2,182,25.2,660.0,474.1,249.0
VN_HoChiMinh,2026-09-27T04:00Z,31.2,67,24.3,37.6,0.1,23,1009.4,10.0,14.2,162,27.4,843.0,716.2,182.0
AT_Vienna,2026-09-27T05:00Z,9.5,91,8.1,8.7,0.0,25,1003.0,2.0,7.5,109,5.0,1.0,0.0,1.0
BE_Brussels,2026-09-27T05:00Z,14.3,84,11.7,14.2,0.0,86,1015.7,4.7,10.8,100,7.2,0.0,0.0,0.0
DE_Berlin,2026-09-27T05:00Z,12.7,78,9.0,11.1,0.0,100,1021.9,9.4,27.3,104,20.2,0.0,0.0,0.0
DE_Hamburg,2026-09-27T05:00Z,11.1,90,9.5,9.6,0.0,80,1022.0,9.0,29.8,97,20.9,0.0,0.0,0.0
DE_Munich,2026-09-27T05:00Z,8.4,87,6.4,7.0,0.0,28,961.7,3.6,15.1,127,7.6,0.0,0.0,0.0
ES_Madrid,2026-09-27T05:00Z,19.9,46,7.9,18.5,0.0,100,942.7,6.0,19.0,79,14.0,0.0,0.0,0.0
FR_Paris,2026-09-27T05:00Z,14.1,88,12.1,14.2,0.0,77,1012.8,3.6,9.7,134,6.5,0.0,0.0,0.0
NL_Amsterdam,2026-09-27T05:00Z,13.8,85,11.3,12.7,0.0,93,1018.3,10.4,20.5,67,16.9,0.0,0.0,0.0
PL_Warsaw,2026-09-27T05:00Z,11.1,80,7.8,10.3,0.0,1,1014.2,1.1,2.9,56,5.0,7.0,0.0,7.0
US_BPAT_Portland,2026-09-27T05:00Z,12.3,75,8.0,9.9,0.0,15,1012.4,13.0,18.4,1,19.8,0.0,0.0,0.0
US_CISO_LosAngeles,2026-09-27T05:00Z,22.6,74,17.8,24.3,0.0,99,1000.5,7.9,8.0,198,13.0,0.0,0.0,0.0
US_CISO_SanFrancisco,2026-09-27T05:00Z,13.5,87,11.4,11.8,0.0,50,1011.3,15.1,7.6,225,27.4,0.0,0.0,0.0
US_ERCO_Dallas,2026-09-27T05:00Z,26.0,50,14.8,26.7,0.0,99,999.0,5.7,28.7,165,19.8,0.0,0.0,0.0
US_ERCO_Houston,2026-09-27T05:00Z,25.4,88,23.2,30.7,0.0,0,1011.4,2.5,10.8,111,5.8,0.0,0.0,0.0
US_ISNE_Boston,2026-09-27T05:00Z,14.0,92,12.7,11.1,0.0,100,1007.5,25.9,66.9,52,65.2,0.0,0.0,0.0
US_MISO_Chicago,2026-09-27T05:00Z,12.5,78,8.7,11.4,0.0,1,988.0,5.4,10.1,86,11.5,0.0,0.0,0.0
US_NYIS_NewYork,2026-09-27T05:00Z,14.4,87,12.2,11.3,0.7,100,1000.3,25.7,57.8,15,71.6,0.0,0.0,0.0
US_PJM_Philadelphia,2026-09-27T05:00Z,14.8,88,12.8,13.2,0.4,100,1003.5,17.1,41.9,356,43.6,0.0,0.0,0.0
US_SWPP_OklahomaCity,2026-09-27T05:00Z,26.1,48,14.2,24.7,0.0,6,970.3,18.6,43.2,193,47.9,0.0,0.0,0.0
VN_DaNang,2026-09-27T05:00Z,32.6,61,24.0,40.0,0.0,66,1008.2,6.0,6.8,92,21.6,902.0,780.5,161.0
VN_HaNoi,2026-09-27T05:00Z,32.1,67,25.3,38.9,0.0,15,1004.8,9.1,12.0,171,24.1,773.0,535.4,282.0
VN_HoChiMinh,2026-09-27T05:00Z,31.9,63,24.0,38.4,0.0,55,1008.6,10.9,14.9,173,31.0,900.0,724.4,196.0
AT_Vienna,2026-09-27T06:00Z,9.7,89,7.9,8.9,0.0,0,1002.5,1.3,10.3,142,3.6,57.0,140.8,41.0
BE_Brussels,2026-09-27T06:00Z,14.2,84,11.5,13.9,0.0,28,1015.4,5.4,10.8,116,9.7,3.0,0.0,3.0
DE_Berlin,2026-09-27T06:00Z,12.6,79,9.1,10.8,0.0,59,1021.8,10.6,29.6,110,22.0,30.0,46.1,26.0
DE_Hamburg,2026-09-27T06:00Z,11.2,90,9.6,9.7,0.0,67,1021.5,9.9,31.7,107,23.4,14.0,29.9,12.0
DE_Munich,2026-09-27T06:00Z,8.3,89,6.6,7.0,0.0,25,961.4,3.1,13.6,118,7.9,28.0,69.3,22.0
ES_Madrid,2026-09-27T06:00Z,19.6,45,7.3,18.0,0.0,100,942.6,5.7,19.0,79,14.0,0.0,0.0,0.0
FR_Paris,2026-09-27T06:00Z,13.7,87,11.6,13.6,0.0,39,1012.5,4.4,11.4,154,9.7,1.0,0.0,1.0
NL_Amsterdam,2026-09-27T06:00Z,14.1,82,11.0,12.9,0.0,100,1017.7,10.4,18.7,69,18.0,3.0,0.0,3.0
PL_Warsaw,2026-09-27T06:00Z,12.2,78,8.4,11.5,0.0,0,1014.8,1.8,3.6,66,4.7,94.0,244.9,59.0
US_BPAT_Portland,2026-09-27T06:00Z,11.5,78,7.8,9.4,0.0,99,1012.1,10.7,17.3,358,16.6,0.0,0.0,0.0
US_CISO_LosAngeles,2026-09-27T06:00Z,22.1,85,19.5,25.5,0.0,99,1000.5,1.9,9.0,182,7.9,0.0,0.0,0.0
US_CISO_SanFrancisco,2026-09-27T06:00Z,13.3,89,11.5,11.9,0.0,17,1011.1,12.6,8.6,237,25.6,0.0,0.0,0.0
US_ERCO_Dallas,2026-09-27T06:00Z,26.6,50,15.3,27.4,0.0,1,998.4,6.4,26.0,174,14.8,0.0,0.0,0.0
US_ERCO_Houston,2026-09-27T06:00Z,25.0,88,22.9,30.1,0.0,0,1010.9,2.8,12.7,133,4.7,0.0,0.0,0.0
US_ISNE_Boston,2026-09-27T06:00Z,14.2,92,12.9,10.8,0.7,100,1007.3,30.3,65.4,50,74.5,0.0,0.0,0.0
US_MISO_Chicago,2026-09-27T06:00Z,12.1,74,7.6,10.8,0.0,50,987.8,4.2,10.7,78,9.4,0.0,0.0,0.0
US_NYIS_NewYork,2026-09-27T06:00Z,14.4,87,12.3,11.2,2.2,100,999.4,26.8,60.7,15,72.4,0.0,0.0,0.0
US_PJM_Philadelphia,2026-09-27T06:00Z,14.4,90,12.8,13.3,1.1,100,1002.8,13.5,40.5,351,43.2,0.0,0.0,0.0
US_SWPP_OklahomaCity,2026-09-27T06:00Z,25.6,54,15.6,26.5,0.0,76,970.9,7.1,38.8,190,29.2,0.0,0.0,0.0
VN_DaNang,2026-09-27T06:00Z,30.7,77,26.1,37.8,0.1,38,1007.3,12.0,15.3,56,30.2,800.0,621.3,225.0
VN_HaNoi,2026-09-27T06:00Z,32.6,66,25.5,39.8,0.0,30,1003.3,9.5,12.7,164,24.8,814.0,666.9,211.0
VN_HoChiMinh,2026-09-27T06:00Z,32.0,61,23.5,38.0,0.0,63,1007.4,12.5,16.9,173,33.5,926.0,814.2,149.0
AT_Vienna,2026-09-27T07:00Z,11.1,82,8.1,10.2,0.0,2,1002.8,2.9,7.5,135,7.2,189.0,362.0,91.0
BE_Brussels,2026-09-27T07:00Z,14.9,77,10.9,14.6,0.0,28,1014.8,4.3,9.7,144,10.4,87.0,222.5,58.0
DE_Berlin,2026-09-27T07:00Z,13.3,76,9.2,11.6,0.0,99,1021.5,10.7,27.9,111,23.0,122.0,176.6,84.0
DE_Hamburg,2026-09-27T07:00Z,12.0,84,9.3,10.2,0.0,95,1021.1,11.0,24.9,111,25.6,70.0,73.6,57.0
DE_Munich,2026-09-27T07:00Z,10.5,83,7.8,9.5,0.0,9,961.6,3.0,11.0,107,6.5,150.0,340.8,75.0
ES_Madrid,2026-09-27T07:00Z,19.6,44,7.0,18.1,0.0,100,942.5,4.9,17.0,84,13.3,27.0,0.0,27.0
FR_Paris,2026-09-27T07:00Z,13.8,87,11.6,13.8,0.0,35,1011.9,3.6,9.9,180,8.6,65.0,187.6,43.0
NL_Amsterdam,2026-09-27T07:00Z,13.6,81,10.4,12.6,0.0,100,1017.1,7.9,13.0,98,19.4,57.0,70.9,47.7
PL_Warsaw,2026-09-27T07:00Z,13.9,72,9.0,13.3,0.0,0,1015.1,2.5,4.3,91,7.2,224.0,453.1,93.0
US_BPAT_Portland,2026-09-27T07:00Z,11.1,78,7.4,8.8,0.0,4,1012.0,11.8,15.2,4,17.6,0.0,0.0,0.0
US_CISO_LosAngeles,2026-09-27T07:00Z,21.3,95,20.5,25.0,0.0,38,1000.9,3.2,11.6,202,5.4,0.0,0.0,0.0
US_CISO_SanFrancisco,2026-09-27T07:00Z,13.3,88,11.4,12.3,0.0,77,1011.2,10.3,8.7,218,20.2,0.0,0.0,0.0
US_ERCO_Dallas,2026-09-27T07:00Z,25.2,58,16.3,26.2,0.0,0,998.3,8.4,22.0,175,23.0,0.0,0.0,0.0
US_ERCO_Houston,2026-09-27T07:00Z,25.4,82,22.1,29.3,0.0,0,1011.0,7.7,9.4,148,9.0,0.0,0.0,0.0
US_ISNE_Boston,2026-09-27T07:00Z,14.3,94,13.4,10.5,5.0,100,1006.8,33.7,63.1,52,78.1,0.0,0.0,0.0
US_MISO_Chicago,2026-09-27T07:00Z,12.2,72,7.3,10.6,0.0,13,987.7,5.9,11.7,79,8.3,0.0,0.0,0.0
US_NYIS_NewYork,2026-09-27T07:00Z,14.6,89,12.8,11.1,1.1,100,998.1,29.8,64.0,16,66.2,0.0,0.0,0.0
US_PJM_Philadelphia,2026-09-27T07:00Z,14.4,90,12.8,12.8,6.5,100,1002.0,17.7,42.8,347,48.2,0.0,0.0,0.0
US_SWPP_OklahomaCity,2026-09-27T07:00Z,25.2,58,16.3,26.4,0.0,100,970.2,7.0,26.8,213,12.2,0.0,0.0,0.0
VN_DaNang,2026-09-27T07:00Z,29.9,80,26.1,37.1,0.1,63,1006.8,8.8,11.8,44,33.1,718.0,643.3,179.0
VN_HaNoi,2026-09-27T07:00Z,32.4,69,25.9,39.0,0.0,52,1002.2,10.6,14.1,159,26.6,694.0,551.4,237.0
VN_HoChiMinh,2026-09-27T07:00Z,30.3,70,24.1,35.5,1.0,95,1006.8,14.8,21.3,186,36.7,780.0,701.3,169.0
AT_Vienna,2026-09-27T08:00Z,12.5,75,8.2,11.3,0.0,0,1003.0,5.5,7.3,104,13.3,339.0,530.2,119.0
BE_Brussels,2026-09-27T08:00Z,16.5,64,9.7,15.7,0.0,97,1014.6,5.0,9.4,165,12.2,177.0,239.1,109.3
DE_Berlin,2026-09-27T08:00Z,15.1,70,9.7,13.2,0.0,27,1021.4,12.2,21.7,112,26.3,265.0,444.2,109.0
DE_Hamburg,2026-09-27T08:00Z,13.3,79,9.7,11.4,0.0,62,1020.7,12.4,27.3,119,28.4,136.0,111.5,101.0
DE_Munich,2026-09-27T08:00Z,13.2,70,7.8,11.9,0.0,10,961.5,4.7,11.0,97,11.5,301.0,521.5,107.0
ES_Madrid,2026-09-27T08:00Z,21.0,40,6.9,19.4,0.0,100,943.6,5.5,14.6,82,15.5,121.0,43.4,110.0
FR_Paris,2026-09-27T08:00Z,14.9,83,12.1,14.8,0.0,47,1012.2,5.1,9.6,163,12.2,213.0,506.2,73.0
NL_Amsterdam,2026-09-27T08:00Z,14.2,76,10.0,13.3,0.0,96,1016.6,5.8,8.3,123,15.1,161.0,198.1,106.0
PL_Warsaw,2026-09-27T08:00Z,15.4,69,9.8,14.7,0.0,0,1015.2,4.7,6.8,108,11.9,352.0,574.7,114.0
US_BPAT_Portland,2026-09-27T08:00Z,10.8,79,7.3,8.4,0.0,8,1012.7,11.6,13.0,6,16.6,0.0,0.0,0.0
US_CISO_LosAngeles,2026-09-27T08:00Z,21.3,94,20.3,25.2,0.0,100,1000.2,0.8,2.3,219,1.4,0.0,0.0,0.0
US_CISO_SanFrancisco,2026-09-27T08:00Z,13.0,91,11.5,12.0,0.0,98,1010.2,10.1,9.6,214,23.4,0.0,0.0,0.0
US_ERCO_Dallas,2026-09-27T08:00Z,24.8,61,16.8,25.8,0.0,28,997.4,9.7,24.0,172,24.5,0.0,0.0,0.0
US_ERCO_Houston,2026-09-27T08:00Z,24.4,86,21.9,28.4,0.0,2,1011.4,5.8,8.9,166,8.3,0.0,0.0,0.0
US_ISNE_Boston,2026-09-27T08:00Z,14.4,95,13.6,10.8,0.4,100,1007.1,32.2,64.4,54,73.8,0.0,0.0,0.0
US_MISO_Chicago,2026-09-27T08:00Z,12.2,69,6.7,9.7,0.0,0,987.8,10.9,12.5,78,16.2,0.0,0.0,0.0
US_NYIS_NewYork,2026-09-27T08:00Z,14.5,87,12.4,11.1,0.7,100,1000.4,28.8,61.6,20,64.8,0.0,0.0,0.0
US_PJM_Philadelphia,2026-09-27T08:00Z,14.4,90,12.8,12.2,1.4,100,1003.3,21.3,43.6,347,54.0,0.0,0.0,0.0
US_SWPP_OklahomaCity,2026-09-27T08:00Z,24.5,57,15.4,25.9,0.0,100,969.9,2.5,21.0,196,2.5,0.0,0.0,0.0
VN_DaNang,2026-09-27T08:00Z,29.9,78,25.8,36.6,0.4,92,1006.6,3.6,4.6,81,23.0,442.0,360.9,192.0
VN_HaNoi,2026-09-27T08:00Z,32.1,71,26.2,38.0,0.1,47,1001.4,10.9,15.1,155,26.6,526.0,439.4,220.0
VN_HoChiMinh,2026-09-27T08:00Z,28.3,80,24.6,32.5,1.6,90,1006.7,15.5,23.4,191,39.2,475.0,329.5,235.0
