period,BHBA_BASI,BHBA_SDE,BHBA_WYE,CISO_PGAE,CISO_SCE,CISO_SDGE,CISO_VEA,ERCO_COAS,ERCO_EAST,ERCO_FWES,ERCO_NCEN,ERCO_NRTH,ERCO_SCEN,ERCO_SOUT,ERCO_WEST,ISNE_4001,ISNE_4002,ISNE_4003,ISNE_4004,ISNE_4005,ISNE_4006,ISNE_4007,ISNE_4008,MISO_0001,MISO_0004,MISO_0006,MISO_0027,MISO_0035,MISO_8910,NYIS_ZONA,NYIS_ZONB,NYIS_ZONC,NYIS_ZOND,NYIS_ZONE,NYIS_ZONF,NYIS_ZONG,NYIS_ZONH,NYIS_ZONI,NYIS_ZONJ,NYIS_ZONK,PJM_AE,PJM_AEP,PJM_AP,PJM_ATSI,PJM_BC,PJM_CE,PJM_DAY,PJM_DEOK,PJM_DOM,PJM_DPL,PJM_DUQ,PJM_EKPC,PJM_JC,PJM_ME,PJM_PE,PJM_PEP,PJM_PL,PJM_PN,PJM_PS,PJM_RECO,PNM_ACMA,PNM_CYGA,PNM_Frep,PNM_Jica,PNM_KAFB,PNM_KCEC,PNM_LAC,PNM_PNM,PNM_TSGT,SWPP_CSWS,SWPP_EDE,SWPP_GRDA,SWPP_INDN,SWPP_KACY,SWPP_KCPL,SWPP_LES,SWPP_MPS,SWPP_NPPD,SWPP_OKGE,SWPP_OPPD,SWPP_SECI,SWPP_SPRM,SWPP_SPS,SWPP_WAUE,SWPP_WFEC,SWPP_WR,SWPW_PRPA,SWPW_WACM,SWPW_WAUW
2026-07-01T00:00Z,233.0,401.0,385.0,12575.0,14188.0,2532.0,148.0,20714.0,2739.0,7586.0,25373.0,2248.0,14099.0,6444.0,2490.0,1608.0,1886.0,682.0,4948.0,1292.0,2486.0,2556.0,3853.0,15968.0,7923.0,16261.0,31738.0,16742.0,30869.0,2434.0,1874.0,2499.0,597.0,1086.0,1747.0,1925.0,497.0,1087.0,8496.0,3818.0,2058.0,24237.0,8375.0,12651.0,5200.0,20596.0,3255.0,4965.0,21673.0,3150.0,2537.0,2623.0,4705.0,2612.0,6606.0,4682.0,6726.0,2666.0,8206.0,319.0,2.0,25.0,81.0,3.0,67.0,19.0,83.0,1962.0,377.0,9028.0,1059.0,1442.0,249.0,411.0,3567.0,793.0,1944.0,3311.0,6858.0,3101.0,1059.0,701.0,5559.0,4674.0,1558.0,6030.0,549.0,3259.0,70.0
2026-07-01T01:00Z,212.0,393.0,383.0,13678.0,13678.0,2414.0,139.0,,2723.0,7907.0,24691.0,2284.0,13884.0,6324.0,2423.0,1579.0,1835.0,689.0,4758.0,1258.0,2409.0,2503.0,3785.0,15749.0,7978.0,15893.0,31064.0,16374.0,30301.0,2399.0,1867.0,2496.0,600.0,1129.0,1763.0,1844.0,484.0,1037.0,8224.0,3650.0,1944.0,23745.0,8099.0,12453.0,5030.0,20384.0,3161.0,4824.0,20981.0,2974.0,2460.0,2550.0,4429.0,2486.0,6280.0,4500.0,6503.0,2626.0,7919.0,299.0,2.0,24.0,79.0,3.0,63.0,24.0,81.0,1948.0,380.0,8697.0,1024.0,1431.0,240.0,402.0,3449.0,781.0,1857.0,3297.0,6648.0,3021.0,1044.0,678.0,5504.0,4622.0,1513.0,5843.0,542.0,3265.0,70.0
2026-07-01T02:00Z,215.0,373.0,374.0,14187.0,13286.0,2437.0,133.0,19569.0,2608.0,7854.0,23446.0,2246.0,13265.0,6131.0,2375.0,1505.0,1748.0,675.0,4517.0,1182.0,2292.0,2414.0,3674.0,15312.0,7796.0,15302.0,30057.0,15781.0,29157.0,2344.0,1811.0,2438.0,548.0,1101.0,1727.0,1759.0,457.0,997.0,8047.0,3512.0,1834.0,23161.0,7821.0,12295.0,4851.0,19828.0,3042.0,4662.0,20260.0,2826.0,2369.0,2458.0,4175.0,2385.0,6058.0,4319.0,6267.0,2587.0,7656.0,284.0,2.0,22.0,80.0,2.0,60.0,25.0,80.0,1924.0,370.0,8225.0,967.0,1402.0,227.0,394.0,3278.0,753.0,1768.0,3214.0,6330.0,2941.0,996.0,647.0,5331.0,4491.0,1437.0,5548.0,528.0,3184.0,69.0
2026-07-01T03:00Z,222.0,353.0,355.0,14591.0,13100.0,2481.0,84.0,18945.0,2516.0,7750.0,22445.0,2140.0,12735.0,5820.0,2227.0,1381.0,1602.0,641.0,4109.0,1084.0,2091.0,2244.0,3455.0,15041.0,7497.0,14659.0,28847.0,15280.0,28379.0,2247.0,1701.0,2268.0,594.0,999.0,1617.0,1615.0,414.0,934.0,7698.0,3287.0,1686.0,22053.0,7292.0,11639.0,4510.0,19113.0,2864.0,4421.0,19013.0,2576.0,2253.0,2248.0,3762.0,2185.0,5658.0,4037.0,5826.0,2433.0,7153.0,259.0,3.0,21.0,81.0,2.0,59.0,27.0,78.0,1820.0,355.0,7803.0,913.0,1352.0,212.0,386.0,3123.0,730.0,1676.0,3155.0,6088.0,2853.0,950.0,617.0,5130.0,4385.0,1387.0,5294.0,503.0,3076.0,66.0
2026-07-01T04:00Z,225.0,332.0,364.0,14519.0,13001.0,2543.0,91.0,18091.0,2396.0,7676.0,21123.0,1953.0,12007.0,5634.0,2193.0,1271.0,1462.0,623.0,3719.0,1003.0,1889.0,2069.0,3212.0,,,,,,,2094.0,1580.0,2158.0,594.0,919.0,1517.0,1486.0,372.0,859.0,7265.0,3013.0,1528.0,20777.0,6723.0,10889.0,4151.0,18008.0,2652.0,4137.0,17863.0,2330.0,2111.0,2013.0,3378.0,2005.0,5218.0,3746.0,5385.0,2229.0,6618.0,234.0,2.0,18.0,81.0,2.0,58.0,27.0,78.0,1713.0,341.0,7277.0,840.0,1324.0,196.0,367.0,2931.0,693.0,1560.0,3035.0,5774.0,2732.0,905.0,570.0,4986.0,4253.0,1308.0,4959.0,487.0,3002.0,64.0
2026-07-01T05:00Z,217.0,303.0,357.0,14247.0,13129.0,2583.0,98.0,17269.0,2284.0,,19813.0,1907.0,11245.0,5409.0,2082.0,1192.0,1362.0,606.0,3415.0,940.0,1750.0,1944.0,3017.0,13239.0,6540.0,12916.0,25820.0,13547.0,25331.0,1975.0,1480.0,2027.0,575.0,865.0,1434.0,1378.0,342.0,810.0,6872.0,2766.0,1401.0,19588.0,6288.0,10262.0,3824.0,16817.0,2475.0,3848.0,16907.0,2135.0,1967.0,1736.0,3032.0,1858.0,4834.0,3465.0,5037.0,2121.0,6127.0,214.0,2.0,18.0,79.0,2.0,57.0,30.0,75.0,1664.0,317.0,6774.0,766.0,1297.0,180.0,346.0,2711.0,647.0,1433.0,2874.0,5455.0,2571.0,861.0,523.0,4791.0,4070.0,1225.0,4587.0,452.0,2847.0,62.0
2026-07-01T06:00Z,212.0,276.0,350.0,13428.0,12586.0,2499.0,82.0,16331.0,2109.0,7563.0,18452.0,1675.0,10398.0,5116.0,1968.0,1144.0,1294.0,576.0,3201.0,899.0,1643.0,1846.0,2840.0,12287.0,6166.0,12229.0,25424.0,13270.0,24123.0,1887.0,1397.0,1947.0,543.0,837.0,1369.0,1286.0,320.0,760.0,6534.0,2570.0,1308.0,18717.0,6008.0,9682.0,3554.0,15788.0,2332.0,3615.0,16152.0,2019.0,1871.0,1633.0,2757.0,1750.0,4575.0,3245.0,4788.0,2007.0,5738.0,200.0,2.0,15.0,81.0,2.0,56.0,27.0,74.0,1523.0,299.0,6282.0,705.0,1295.0,164.0,328.0,2566.0,602.0,1323.0,2720.0,5100.0,2399.0,838.0,481.0,4631.0,3907.0,1142.0,4333.0,400.0,2664.0,58.0
2026-07-01T07:00Z,207.0,257.0,344.0,12423.0,11585.0,2307.0,50.0,15651.0,2007.0,7607.0,17420.0,1582.0,9811.0,4837.0,1899.0,1111.0,1251.0,556.0,3061.0,863.0,1585.0,1762.0,2728.0,11559.0,5825.0,11626.0,24574.0,12713.0,23120.0,1821.0,1290.0,1890.0,529.0,823.0,1346.0,1226.0,298.0,727.0,6285.0,2421.0,1248.0,18072.0,5678.0,9317.0,3381.0,14955.0,2216.0,3417.0,15676.0,1946.0,1817.0,1554.0,2642.0,1680.0,4410.0,3114.0,4590.0,1941.0,5464.0,189.0,2.0,14.0,78.0,2.0,55.0,26.0,73.0,1397.0,279.0,5915.0,654.0,1262.0,150.0,312.0,2415.0,572.0,1229.0,2609.0,4865.0,2306.0,806.0,447.0,4588.0,3804.0,1094.0,4092.0,364.0,2535.0,55.0
2026-07-01T08:00Z,204.0,244.0,341.0,11899.0,11133.0,2386.0,37.0,15121.0,1918.0,7615.0,16657.0,1506.0,9384.0,4684.0,1828.0,1101.0,1232.0,545.0,2977.0,843.0,1567.0,1723.0,2662.0,11039.0,5568.0,11303.0,23836.0,12250.0,22242.0,1786.0,1234.0,1844.0,531.0,810.0,1340.0,1188.0,288.0,703.0,6157.0,2350.0,1212.0,17474.0,5550.0,9032.0,3274.0,14334.0,2134.0,3262.0,15363.0,1903.0,1786.0,1504.0,2553.0,1625.0,4308.0,3038.0,4460.0,1916.0,5290.0,183.0,2.0,13.0,80.0,2.0,54.0,24.0,72.0,1294.0,265.0,5674.0,618.0,1245.0,140.0,300.0,2292.0,553.0,1170.0,2507.0,4712.0,2256.0,779.0,421.0,4495.0,3760.0,1065.0,3925.0,337.0,2452.0,54.0
2026-07-01T09:00Z,202.0,236.0,339.0,11332.0,10506.0,2357.0,30.0,14759.0,1857.0,7418.0,16118.0,1483.0,9123.0,4564.0,1781.0,1130.0,1245.0,541.0,2959.0,849.0,1585.0,1728.0,2654.0,10709.0,5385.0,11058.0,23500.0,11887.0,21802.0,1750.0,1223.0,1857.0,544.0,793.0,1342.0,1169.0,283.0,690.0,6156.0,2335.0,1203.0,17287.0,5537.0,8930.0,3250.0,13899.0,2087.0,3194.0,15312.0,1902.0,1756.0,1385.0,2513.0,1629.0,4269.0,3053.0,4455.0,1924.0,5226.0,178.0,2.0,12.0,80.0,2.0,53.0,24.0,71.0,1238.0,259.0,5493.0,594.0,1230.0,134.0,293.0,2193.0,529.0,1115.0,2445.0,4584.0,2224.0,766.0,401.0,4463.0,3710.0,1049.0,3783.0,319.0,2380.0,55.0
2026-07-01T10:00Z,203.0,231.0,339.0,10869.0,10174.0,2277.0,33.0,14628.0,1794.0,7435.0,15887.0,1569.0,9045.0,4484.0,1800.0,1183.0,1297.0,562.0,3033.0,855.0,1651.0,1786.0,2732.0,10686.0,5328.0,11208.0,23160.0,11728.0,21473.0,1768.0,1247.0,1911.0,543.0,817.0,1380.0,1162.0,289.0,703.0,6297.0,2348.0,1223.0,17591.0,5595.0,9029.0,3324.0,13745.0,2114.0,3219.0,15572.0,1967.0,1776.0,1296.0,2569.0,1680.0,4387.0,3200.0,4595.0,1984.0,5270.0,179.0,2.0,12.0,78.0,2.0,53.0,24.0,70.0,1198.0,251.0,5424.0,590.0,1216.0,131.0,287.0,2172.0,514.0,1109.0,2441.0,4550.0,2212.0,769.0,392.0,4482.0,3688.0,1043.0,3742.0,307.0,2343.0,57.0
2026-07-01T11:00Z,203.0,232.0,342.0,10585.0,9931.0,2230.0,32.0,14778.0,1845.0,7415.0,16074.0,1656.0,9132.0,4514.0,1871.0,1266.0,1407.0,587.0,3263.0,937.0,1749.0,1892.0,2941.0,11051.0,5318.0,11376.0,23411.0,11840.0,21386.0,1828.0,1287.0,1965.0,541.0,836.0,1428.0,1188.0,303.0,739.0,6684.0,2417.0,1272.0,17939.0,5820.0,9259.0,3474.0,13888.0,2182.0,3273.0,15979.0,2074.0,1789.0,1342.0,2661.0,1782.0,4605.0,3390.0,4887.0,2097.0,5411.0,186.0,2.0,12.0,75.0,2.0,54.0,24.0,71.0,1174.0,250.0,5474.0,611.0,1218.0,129.0,292.0,2197.0,520.0,1113.0,2454.0,4565.0,2229.0,775.0,395.0,4512.0,3732.0,1043.0,3823.0,300.0,2324.0,56.0
2026-07-01T12:00Z,198.0,241.0,344.0,10610.0,10019.0,2111.0,31.0,14889.0,1867.0,7334.0,16297.0,1698.0,9342.0,4527.0,1862.0,1341.0,1524.0,567.0,3500.0,1023.0,1896.0,2015.0,3147.0,11729.0,5419.0,11753.0,24704.0,12056.0,21550.0,1927.0,1326.0,1973.0,550.0,800.0,1436.0,1243.0,319.0,793.0,7183.0,2552.0,1354.0,18748.0,6193.0,9947.0,3757.0,14487.0,2316.0,3475.0,16559.0,2179.0,1882.0,1408.0,2883.0,1932.0,5039.0,3607.0,5241.0,2249.0,5721.0,202.0,2.0,14.0,67.0,2.0,55.0,25.0,70.0,1168.0,255.0,5608.0,644.0,1237.0,130.0,298.0,2251.0,544.0,1144.0,2527.0,4667.0,2271.0,787.0,409.0,4562.0,3807.0,1045.0,3991.0,308.0,2352.0,54.0
2026-07-01T13:00Z,186.0,261.0,349.0,10956.0,10234.0,2184.0,31.0,15285.0,1895.0,7308.0,16876.0,1644.0,9481.0,4565.0,1858.0,1337.0,1615.0,509.0,3630.0,1099.0,1991.0,2069.0,3316.0,12282.0,5706.0,12440.0,26085.0,12452.0,22101.0,1961.0,1359.0,1926.0,569.0,772.0,1392.0,1272.0,342.0,842.0,7648.0,2725.0,1429.0,19833.0,6536.0,10719.0,3998.0,15388.0,2493.0,3739.0,17322.0,2305.0,2015.0,1525.0,3139.0,2071.0,5496.0,3788.0,5540.0,2393.0,6031.0,227.0,3.0,13.0,65.0,2.0,56.0,18.0,72.0,1164.0,262.0,5925.0,701.0,1272.0,138.0,319.0,2403.0,583.0,1230.0,2592.0,4865.0,2333.0,817.0,448.0,4593.0,3952.0,1089.0,4241.0,324.0,2425.0,56.0
2026-07-01T14:00Z,190.0,285.0,357.0,11454.0,10774.0,2268.0,91.0,16355.0,1998.0,7383.0,17984.0,1701.0,9841.0,4671.0,1899.0,1285.0,1699.0,450.0,3696.0,1152.0,2066.0,2103.0,3444.0,12500.0,5882.0,13125.0,27452.0,13201.0,23416.0,2018.0,1406.0,1924.0,564.0,753.0,1364.0,1316.0,365.0,884.0,8056.0,2865.0,1486.0,21003.0,6990.0,11391.0,4281.0,16298.0,2683.0,4032.0,18280.0,2466.0,2151.0,1676.0,3409.0,2189.0,5901.0,3972.0,5862.0,2509.0,6337.0,248.0,2.0,14.0,61.0,2.0,59.0,,73.0,1224.0,272.0,6427.0,765.0,1313.0,152.0,331.0,2579.0,608.0,1326.0,2660.0,5181.0,2401.0,857.0,489.0,4676.0,4070.0,1156.0,4509.0,343.0,2528.0,61.0
2026-07-01T15:00Z,211.0,305.0,364.0,11874.0,12479.0,2523.0,138.0,17564.0,2212.0,7491.0,19090.0,1767.0,10415.0,5101.0,1942.0,1232.0,1780.0,398.0,3887.0,1225.0,2157.0,2197.0,3688.0,12538.0,6189.0,13950.0,28788.0,13887.0,25102.0,2107.0,1487.0,1969.0,567.0,779.0,1373.0,1411.0,399.0,941.0,8377.0,3111.0,1565.0,22165.0,7466.0,12071.0,4645.0,17209.0,2863.0,4316.0,19402.0,2644.0,2271.0,1846.0,3770.0,2374.0,6306.0,4217.0,6228.0,2631.0,6733.0,276.0,2.0,17.0,64.0,2.0,62.0,,75.0,1250.0,283.0,6960.0,824.0,1358.0,167.0,342.0,2776.0,615.0,1442.0,2746.0,5502.0,2430.0,898.0,532.0,4816.0,4126.0,1212.0,4748.0,359.0,2591.0,65.0
2026-07-01T16:00Z,214.0,325.0,369.0,11850.0,13907.0,2622.0,162.0,18719.0,2365.0,7576.0,20346.0,1879.0,11064.0,5337.0,2013.0,1273.0,1860.0,383.0,4151.0,1293.0,2290.0,2309.0,3946.0,12628.0,6483.0,14673.0,30067.0,14508.0,27045.0,2159.0,1594.0,2075.0,572.0,811.0,1423.0,1533.0,438.0,1002.0,8726.0,3384.0,1671.0,23155.0,8044.0,12543.0,5036.0,18058.0,3048.0,4555.0,20609.0,2843.0,2377.0,2021.0,4141.0,2551.0,6740.0,4515.0,6612.0,2722.0,7232.0,307.0,2.0,18.0,64.0,2.0,64.0,,75.0,1297.0,290.0,7497.0,887.0,1419.0,180.0,359.0,2994.0,628.0,1557.0,2838.0,5783.0,2440.0,937.0,577.0,4969.0,4252.0,1271.0,5045.0,368.0,2656.0,69.0
2026-07-01T17:00Z,216.0,342.0,375.0,11494.0,14630.0,2455.0,173.0,19715.0,2418.0,7676.0,21664.0,2007.0,11705.0,5766.0,2134.0,1345.0,1959.0,395.0,4471.0,1360.0,2446.0,2444.0,4127.0,12692.0,6819.0,15249.0,30765.0,15051.0,28642.0,2216.0,1659.0,2180.0,580.0,828.0,1494.0,1681.0,473.0,1074.0,9069.0,3671.0,1791.0,23966.0,8406.0,12812.0,5388.0,18704.0,3179.0,4731.0,21776.0,3040.0,2467.0,2163.0,4566.0,2708.0,7155.0,4819.0,6966.0,2775.0,7783.0,338.0,2.0,19.0,63.0,2.0,66.0,,76.0,1339.0,302.0,8041.0,941.0,1443.0,193.0,380.0,3167.0,671.0,1655.0,2938.0,6024.0,2548.0,986.0,619.0,5135.0,4337.0,1323.0,5314.0,390.0,2746.0,70.0
2026-07-01T18:00Z,218.0,359.0,376.0,10500.0,15756.0,2278.0,164.0,20579.0,2549.0,7607.0,22811.0,2070.0,12296.0,6073.0,2232.0,1412.0,2066.0,450.0,4842.0,1428.0,2596.0,2598.0,4350.0,13153.0,7049.0,15787.0,31378.0,15593.0,29970.0,2264.0,1721.0,2273.0,588.0,921.0,1623.0,1831.0,518.0,1147.0,9333.0,3906.0,1924.0,24395.0,8618.0,12912.0,5655.0,19208.0,3266.0,4870.0,22666.0,3226.0,2540.0,2265.0,5036.0,2828.0,7567.0,5103.0,7168.0,2833.0,8364.0,367.0,2.0,21.0,64.0,2.0,66.0,,79.0,1401.0,314.0,8474.0,980.0,1462.0,202.0,398.0,3321.0,694.0,1739.0,3018.0,6267.0,2650.0,1021.0,654.0,5266.0,4447.0,1400.0,5562.0,413.0,2833.0,72.0
2026-07-01T19:00Z,218.0,372.0,379.0,10548.0,16280.0,1983.0,170.0,21345.0,2657.0,7543.0,23824.0,2171.0,12915.0,6266.0,2337.0,1493.0,2157.0,503.0,5172.0,1464.0,2716.0,2735.0,4521.0,13529.0,7293.0,16183.0,31733.0,15951.0,30803.0,2319.0,1753.0,2283.0,581.0,991.0,1747.0,1978.0,549.0,1210.0,9463.0,4091.0,2063.0,24584.0,8767.0,13033.0,5665.0,19778.0,3324.0,4989.0,23398.0,3449.0,2602.0,2348.0,5365.0,2903.0,7856.0,5297.0,7219.0,2820.0,8899.0,392.0,2.0,21.0,66.0,2.0,67.0,,79.0,1468.0,331.0,8811.0,1013.0,1474.0,216.0,409.0,3446.0,700.0,1828.0,3052.0,6497.0,2683.0,1054.0,681.0,5400.0,4553.0,1475.0,5750.0,446.0,2962.0,74.0
2026-07-01T20:00Z,221.0,387.0,371.0,10317.0,16289.0,1866.0,159.0,21780.0,2720.0,7225.0,24567.0,2125.0,13413.0,6515.0,2408.0,1585.0,2248.0,554.0,5470.0,1549.0,2867.0,2880.0,4685.0,13849.0,7488.0,16308.0,32126.0,16283.0,30753.0,2350.0,1764.0,2346.0,595.0,1072.0,1879.0,2122.0,580.0,1263.0,9559.0,4254.0,2184.0,24703.0,8870.0,13098.0,5847.0,20141.0,3346.0,5056.0,23904.0,3573.0,2655.0,2445.0,5651.0,2936.0,8034.0,5441.0,7309.0,2816.0,9272.0,406.0,2.0,23.0,66.0,2.0,68.0,,80.0,1568.0,338.0,9012.0,1036.0,1486.0,231.0,418.0,3540.0,704.0,1885.0,3143.0,6583.0,2743.0,1072.0,696.0,5538.0,4616.0,1512.0,5854.0,483.0,3101.0,75.0
2026-07-01T21:00Z,221.0,404.0,360.0,10425.0,15846.0,1894.0,154.0,21753.0,2716.0,6768.0,25136.0,2012.0,13562.0,6529.0,2448.0,1663.0,2339.0,663.0,5772.0,1588.0,2997.0,3020.0,4826.0,14290.0,7578.0,16487.0,32489.0,16486.0,30515.0,2357.0,1760.0,2426.0,621.0,1157.0,2009.0,2185.0,592.0,1263.0,9631.0,4381.0,2301.0,24793.0,8953.0,13209.0,6024.0,20420.0,3340.0,5088.0,24163.0,3653.0,2689.0,2519.0,5839.0,2974.0,8141.0,5589.0,7363.0,2829.0,9474.0,412.0,2.0,23.0,64.0,2.0,69.0,,80.0,1663.0,354.0,9139.0,1061.0,1485.0,241.0,424.0,3609.0,720.0,1918.0,3198.0,6695.0,2816.0,1083.0,714.0,5567.0,4690.0,1541.0,5928.0,507.0,3219.0,77.0
2026-07-01T22:00Z,227.0,414.0,385.0,11077.0,14764.0,2151.0,140.0,21662.0,2725.0,6711.0,25413.0,2052.0,13808.0,6525.0,2461.0,1794.0,2402.0,799.0,5925.0,1600.0,3064.0,3082.0,4843.0,14558.0,7710.0,16385.0,32667.0,16562.0,30105.0,2402.0,1803.0,2535.0,635.0,1263.0,2145.0,2264.0,607.0,1298.0,9715.0,4503.0,2408.0,24918.0,9048.0,13166.0,6179.0,20591.0,3340.0,5090.0,24457.0,3748.0,2718.0,2600.0,5979.0,2997.0,8216.0,5749.0,7449.0,2834.0,9677.0,405.0,3.0,25.0,66.0,3.0,69.0,,84.0,1759.0,367.0,9230.0,1072.0,1478.0,248.0,414.0,3599.0,747.0,1924.0,3233.0,6766.0,2873.0,1099.0,719.0,5565.0,4695.0,1560.0,5941.0,551.0,3357.0,80.0
2026-07-01T23:00Z,226.0,419.0,402.0,11696.0,14388.0,2282.0,141.0,21338.0,2720.0,6719.0,25475.0,2006.0,13998.0,6591.0,2473.0,1872.0,2409.0,875.0,5837.0,1623.0,3094.0,3166.0,4846.0,14881.0,7807.0,16396.0,32563.0,16596.0,29474.0,2458.0,1895.0,2673.0,672.0,1296.0,2238.0,2349.0,612.0,1297.0,9578.0,4510.0,2456.0,24787.0,9006.0,12983.0,6318.0,20568.0,3325.0,5088.0,24558.0,3794.0,2714.0,2527.0,5922.0,3009.0,8170.0,5769.0,7467.0,2815.0,9795.0,396.0,2.0,25.0,64.0,3.0,68.0,0.0,82.0,1868.0,373.0,9121.0,1073.0,1484.0,243.0,410.0,3560.0,770.0,1911.0,3290.0,6714.0,2933.0,1100.0,714.0,5537.0,4687.0,1565.0,5926.0,583.0,3499.0,80.0
2026-07-02T00:00Z,223.0,415.0,402.0,12332.0,13719.0,2270.0,112.0,20727.0,2725.0,6784.0,25307.0,2088.0,14099.0,6614.0,2443.0,1873.0,2353.0,844.0,5756.0,1582.0,3037.0,3160.0,4791.0,14935.0,7890.0,16233.0,32039.0,16376.0,28505.0,2329.0,1982.0,2793.0,660.0,1305.0,2206.0,2326.0,603.0,1267.0,9390.0,4354.0,2414.0,24575.0,8908.0,12808.0,6283.0,20409.0,3346.0,5036.0,24419.0,3759.0,2666.0,2518.0,5824.0,2938.0,7963.0,5679.0,7435.0,2797.0,9808.0,380.0,2.0,25.0,66.0,3.0,66.0,2.0,81.0,1939.0,379.0,8942.0,1059.0,1475.0,239.0,397.0,3513.0,763.0,1875.0,3314.0,6641.0,2966.0,1097.0,702.0,5423.0,4654.0,1528.0,5822.0,602.0,3539.0,83.0
2026-07-02T01:00Z,214.0,402.0,396.0,13053.0,13413.0,2672.0,106.0,20147.0,2723.0,7045.0,24514.0,2185.0,13956.0,6498.0,2374.0,1849.0,2287.0,825.0,5650.0,1552.0,2973.0,3163.0,4737.0,14623.0,7943.0,15784.0,31177.0,16034.0,27775.0,2270.0,1813.0,2748.0,649.0,1277.0,2181.0,2263.0,583.0,1224.0,9228.0,4166.0,2308.0,24071.0,8480.0,12697.0,6051.0,20131.0,3264.0,4876.0,23746.0,3610.0,2585.0,2393.0,5604.0,2846.0,7728.0,5469.0,7239.0,2722.0,9594.0,364.0,2.0,24.0,67.0,3.0,62.0,17.0,80.0,1977.0,380.0,8571.0,1016.0,1458.0,233.0,397.0,3417.0,750.0,1820.0,3307.0,6493.0,2906.0,1086.0,675.0,5372.0,4591.0,1485.0,5672.0,604.0,3509.0,83.0
2026-07-02T02:00Z,223.0,384.0,388.0,13821.0,13262.0,2769.0,118.0,19449.0,2675.0,7445.0,23360.0,2196.0,13387.0,6247.0,2281.0,1774.0,2169.0,802.0,5368.0,1478.0,2824.0,3053.0,4584.0,14389.0,7686.0,15298.0,29930.0,15430.0,27000.0,2216.0,1734.0,2602.0,582.0,1219.0,2081.0,2165.0,540.0,1178.0,9090.0,3967.0,2200.0,23354.0,8115.0,12336.0,5798.0,19466.0,3146.0,4661.0,22873.0,3448.0,2509.0,2243.0,5292.0,2718.0,7519.0,5277.0,6987.0,2637.0,9326.0,344.0,2.0,22.0,66.0,2.0,60.0,23.0,80.0,1896.0,373.0,8081.0,953.0,1426.0,212.0,384.0,3259.0,719.0,1718.0,3237.0,6213.0,2806.0,1057.0,636.0,5321.0,4501.0,1411.0,5392.0,587.0,3416.0,82.0
2026-07-02T03:00Z,227.0,359.0,382.0,14206.0,13144.0,2630.0,102.0,18869.0,2585.0,7544.0,22579.0,2271.0,12898.0,6042.0,2236.0,1639.0,1993.0,750.0,4928.0,1357.0,2581.0,2837.0,4335.0,14277.0,7494.0,14693.0,28824.0,14950.0,26391.0,2119.0,1631.0,2434.0,616.0,1116.0,1907.0,2012.0,489.0,1110.0,8856.0,3702.0,2038.0,22243.0,7654.0,11769.0,5406.0,18817.0,2960.0,4441.0,21633.0,3198.0,2380.0,2144.0,4939.0,2507.0,7096.0,5001.0,6533.0,2484.0,8831.0,317.0,2.0,20.0,69.0,2.0,58.0,28.0,78.0,1810.0,354.0,7722.0,902.0,1395.0,202.0,386.0,3133.0,698.0,1654.0,3166.0,5964.0,2722.0,1016.0,603.0,5174.0,4429.0,1361.0,5194.0,545.0,3304.0,76.0
2026-07-02T04:00Z,224.0,339.0,376.0,14352.0,13284.0,2663.0,90.0,17879.0,2413.0,7393.0,21284.0,2050.0,12160.0,5776.0,2055.0,1527.0,1826.0,731.0,4478.0,1236.0,2334.0,2608.0,4055.0,13734.0,7043.0,13820.0,27485.0,14223.0,25052.0,1990.0,1503.0,2276.0,621.0,1029.0,1767.0,1856.0,450.0,1036.0,8554.0,3399.0,1864.0,21052.0,7153.0,10932.0,5000.0,17805.0,2742.0,4129.0,20324.0,2927.0,2213.0,2012.0,4511.0,2368.0,6650.0,4690.0,6092.0,2329.0,8304.0,293.0,2.0,19.0,78.0,2.0,57.0,28.0,77.0,1740.0,340.0,7217.0,830.0,1368.0,186.0,367.0,2959.0,660.0,1546.0,3059.0,5672.0,2618.0,967.0,559.0,5037.0,4281.0,1286.0,4893.0,512.0,3209.0,75.0
2026-07-02T05:00Z,218.0,309.0,367.0,14121.0,13274.0,2623.0,86.0,16899.0,2276.0,7417.0,19780.0,1912.0,11260.0,5503.0,1996.0,1436.0,1702.0,696.0,4115.0,1127.0,2137.0,2426.0,3837.0,12747.0,6554.0,12916.0,26505.0,13367.0,23683.0,1871.0,1389.0,2167.0,586.0,960.0,1662.0,1723.0,420.0,983.0,8222.0,3131.0,1704.0,19990.0,6639.0,10264.0,4627.0,16722.0,2551.0,3863.0,19207.0,2676.0,2106.0,1854.0,4107.0,2211.0,6239.0,4366.0,5686.0,2157.0,7809.0,272.0,2.0,17.0,81.0,2.0,56.0,31.0,75.0,1634.0,316.0,6669.0,756.0,1331.0,171.0,348.0,2752.0,609.0,1422.0,2892.0,5349.0,2469.0,898.0,518.0,4894.0,4116.0,1204.0,4541.0,468.0,3014.0,74.0
2026-07-02T06:00Z,204.0,279.0,359.0,13303.0,12690.0,2466.0,63.0,16051.0,2130.0,7423.0,18387.0,1824.0,10463.0,5190.0,1957.0,1383.0,1584.0,658.0,3851.0,1065.0,1997.0,2249.0,3672.0,11888.0,6181.0,12092.0,24940.0,12782.0,22422.0,1786.0,1310.0,2061.0,574.0,907.0,1571.0,1621.0,405.0,936.0,7907.0,2920.0,1582.0,19062.0,6293.0,9758.0,4338.0,15836.0,2395.0,3628.0,18329.0,2484.0,2016.0,1725.0,3815.0,2073.0,5879.0,4114.0,5380.0,2031.0,7405.0,256.0,2.0,14.0,80.0,2.0,55.0,28.0,74.0,1494.0,291.0,6193.0,694.0,1293.0,162.0,331.0,2588.0,568.0,1315.0,2721.0,5047.0,2331.0,843.0,484.0,4759.0,3948.0,1138.0,4270.0,429.0,2792.0,66.0
2026-07-02T07:00Z,199.0,257.0,353.0,12393.0,11773.0,2273.0,45.0,15346.0,1983.0,7458.0,17296.0,1739.0,9796.0,4953.0,1915.0,1360.0,1489.0,632.0,3664.0,1046.0,1901.0,2129.0,3439.0,11263.0,5849.0,11490.0,24055.0,12464.0,21367.0,1736.0,1259.0,1988.0,567.0,868.0,1522.0,1531.0,384.0,898.0,7630.0,2771.0,1491.0,18413.0,6007.0,9262.0,4134.0,15063.0,2281.0,3460.0,17639.0,2359.0,1930.0,1663.0,3620.0,1961.0,5598.0,3932.0,5137.0,1958.0,7080.0,243.0,3.0,14.0,81.0,2.0,54.0,26.0,74.0,1351.0,284.0,5855.0,649.0,1261.0,150.0,321.0,2462.0,540.0,1215.0,2654.0,4811.0,2228.0,802.0,462.0,4672.0,3841.0,1097.0,4042.0,391.0,2615.0,64.0
2026-07-02T08:00Z,202.0,244.0,349.0,11926.0,11163.0,2380.0,29.0,14814.0,1874.0,7425.0,16535.0,1667.0,9302.0,4780.0,1857.0,1343.0,1450.0,617.0,3535.0,1013.0,1845.0,2053.0,3300.0,10863.0,5603.0,11084.0,23094.0,12048.0,20843.0,1698.0,1230.0,1934.0,565.0,849.0,1481.0,1467.0,368.0,873.0,7488.0,2675.0,1431.0,17855.0,5809.0,8805.0,3994.0,14360.0,2166.0,3337.0,17075.0,2283.0,1862.0,1536.0,3400.0,1876.0,5388.0,3807.0,4981.0,1892.0,6822.0,233.0,2.0,12.0,80.0,2.0,53.0,25.0,71.0,1255.0,274.0,5591.0,620.0,1246.0,142.0,307.0,2342.0,518.0,1169.0,2586.0,4631.0,2158.0,782.0,442.0,4620.0,3771.0,1094.0,3870.0,358.0,2501.0,62.0
2026-07-02T09:00Z,196.0,235.0,348.0,11300.0,10596.0,2336.0,38.0,14492.0,1861.0,7392.0,15874.0,1582.0,8977.0,4694.0,1810.0,1347.0,1445.0,608.0,3490.0,1005.0,1827.0,2020.0,3263.0,10550.0,5388.0,10967.0,22591.0,11716.0,20457.0,1692.0,1219.0,1923.0,572.0,849.0,1472.0,1421.0,361.0,861.0,7464.0,2642.0,1406.0,17676.0,5709.0,8779.0,3933.0,13837.0,2062.0,3264.0,16867.0,2256.0,1825.0,1510.0,3346.0,1845.0,5278.0,3767.0,4939.0,1896.0,6685.0,226.0,2.0,11.0,81.0,2.0,53.0,24.0,72.0,1203.0,262.0,5397.0,597.0,1212.0,134.0,300.0,2241.0,511.0,1123.0,2542.0,4475.0,2114.0,765.0,420.0,4558.0,3728.0,1065.0,3770.0,339.0,2434.0,62.0
2026-07-02T10:00Z,199.0,232.0,344.0,10835.0,10100.0,2162.0,33.0,14444.0,1849.0,7425.0,15622.0,1623.0,8889.0,4613.0,1794.0,1391.0,1480.0,612.0,3566.0,1017.0,1865.0,2057.0,3311.0,10519.0,5289.0,10956.0,22627.0,11590.0,20224.0,1720.0,1234.0,1945.0,545.0,869.0,1489.0,1388.0,362.0,873.0,7607.0,2665.0,1408.0,17707.0,5734.0,8855.0,3969.0,13666.0,2083.0,3287.0,16944.0,2287.0,1806.0,1485.0,3303.0,1889.0,5302.0,3863.0,5051.0,1961.0,6663.0,223.0,2.0,12.0,79.0,2.0,52.0,24.0,70.0,1173.0,255.0,5313.0,588.0,1202.0,128.0,294.0,2188.0,511.0,1104.0,2545.0,4413.0,2099.0,760.0,410.0,4536.0,3710.0,1052.0,3722.0,328.0,2396.0,61.0
2026-07-02T11:00Z,204.0,235.0,343.0,10573.0,9910.0,2088.0,30.0,14610.0,1863.0,7418.0,15727.0,1664.0,8953.0,4664.0,1791.0,1460.0,1579.0,630.0,3788.0,1072.0,1973.0,2148.0,3461.0,10755.0,5303.0,11103.0,22960.0,11717.0,20216.0,1767.0,1278.0,1983.0,578.0,870.0,1515.0,1418.0,374.0,915.0,8040.0,2778.0,1443.0,17796.0,5867.0,9034.0,4086.0,13785.0,2136.0,3344.0,17235.0,2365.0,1820.0,1414.0,3387.0,1984.0,5495.0,4024.0,5300.0,2064.0,6777.0,230.0,2.0,12.0,80.0,2.0,53.0,24.0,71.0,1162.0,253.0,5357.0,601.0,1212.0,126.0,295.0,2189.0,522.0,1093.0,2544.0,4465.0,2129.0,772.0,410.0,4553.0,3772.0,1061.0,3764.0,324.0,2390.0,62.0
2026-07-02T12:00Z,205.0,242.0,345.0,10691.0,10003.0,2006.0,30.0,14770.0,1900.0,7461.0,15922.0,1690.0,9153.0,4717.0,1803.0,1495.0,1714.0,610.0,4092.0,1177.0,2133.0,2293.0,3714.0,11321.0,5434.0,11531.0,23645.0,12052.0,20347.0,1868.0,1321.0,1970.0,575.0,817.0,1525.0,1499.0,397.0,997.0,8648.0,3065.0,1547.0,18456.0,6242.0,9554.0,4379.0,14335.0,2284.0,3511.0,17887.0,2501.0,1930.0,1422.0,3667.0,2156.0,5949.0,4241.0,5679.0,2221.0,7167.0,251.0,2.0,12.0,81.0,2.0,53.0,24.0,71.0,1155.0,257.0,5473.0,626.0,1234.0,126.0,300.0,2222.0,541.0,1088.0,2616.0,4574.0,2202.0,791.0,422.0,4578.0,3893.0,1091.0,3876.0,330.0,2422.0,62.0
2026-07-02T13:00Z,196.0,262.0,350.0,11000.0,10446.0,2097.0,30.0,15154.0,1912.0,7456.0,16497.0,1742.0,9317.0,4746.0,1857.0,1527.0,1825.0,544.0,4389.0,1271.0,2301.0,2387.0,3970.0,12034.0,5654.0,12306.0,24898.0,12678.0,21005.0,1923.0,1380.0,1914.0,551.0,818.0,1507.0,1560.0,443.0,1059.0,9131.0,3423.0,1667.0,19765.0,6737.0,10265.0,4709.0,15024.0,2464.0,3793.0,18767.0,2677.0,2057.0,1698.0,3984.0,2339.0,6488.0,4489.0,6068.0,2364.0,7547.0,279.0,2.0,13.0,81.0,2.0,54.0,18.0,71.0,1152.0,260.0,5759.0,681.0,1241.0,133.0,317.0,2341.0,577.0,1169.0,2681.0,4714.0,2332.0,811.0,461.0,4601.0,4072.0,1126.0,4066.0,341.0,2472.0,64.0
2026-07-02T14:00Z,199.0,286.0,355.0,11363.0,11117.0,2199.0,83.0,16188.0,1965.0,7402.0,17689.0,1852.0,9752.0,4977.0,1940.0,1544.0,1922.0,485.0,4669.0,1378.0,2437.0,2458.0,4178.0,12641.0,5898.0,13133.0,25983.0,13370.0,22180.0,1978.0,1407.0,1966.0,544.0,807.0,1509.0,1636.0,469.0,1105.0,9562.0,3767.0,1783.0,21082.0,7261.0,11008.0,5085.0,15537.0,2663.0,4111.0,19825.0,2904.0,2198.0,1922.0,4367.0,2509.0,6999.0,4747.0,6427.0,2516.0,7921.0,306.0,2.0,15.0,80.0,2.0,56.0,,73.0,1182.0,266.0,6223.0,748.0,1267.0,146.0,334.0,2530.0,602.0,1280.0,2768.0,4991.0,2393.0,846.0,504.0,4667.0,4204.0,1191.0,4368.0,358.0,2537.0,68.0
2026-07-02T15:00Z,215.0,305.0,360.0,11691.0,13579.0,2743.0,182.0,17287.0,2109.0,7451.0,19037.0,1878.0,10313.0,5165.0,2013.0,1575.0,2004.0,443.0,4946.0,1461.0,2602.0,2517.0,4354.0,13051.0,6200.0,14007.0,27174.0,14116.0,23746.0,2050.0,1485.0,1998.0,533.0,825.0,1538.0,1736.0,490.0,1159.0,9782.0,4098.0,1913.0,22275.0,7780.0,11746.0,5440.0,16212.0,2857.0,4407.0,21034.0,3165.0,2339.0,2135.0,4805.0,2662.0,7448.0,4997.0,6744.0,2644.0,8311.0,334.0,2.0,16.0,78.0,2.0,57.0,,72.0,1216.0,275.0,6805.0,821.0,1319.0,165.0,352.0,2722.0,613.0,1405.0,2852.0,5334.0,2450.0,896.0,548.0,4788.0,4304.0,1256.0,4695.0,374.0,2597.0,70.0
2026-07-02T16:00Z,215.0,326.0,365.0,11701.0,14092.0,3160.0,193.0,18356.0,2303.0,7583.0,20301.0,2001.0,10957.0,5610.0,2117.0,1581.0,2091.0,430.0,5212.0,1521.0,2753.0,2611.0,4479.0,13402.0,6615.0,14688.0,27948.0,14799.0,25413.0,2127.0,1591.0,2091.0,550.0,860.0,1585.0,1838.0,523.0,1194.0,9967.0,4404.0,2046.0,23244.0,8168.0,12149.0,5750.0,16924.0,3006.0,4599.0,22176.0,3426.0,2441.0,2221.0,5219.0,2785.0,7823.0,5242.0,7038.0,2722.0,8682.0,360.0,3.0,18.0,80.0,2.0,59.0,4.0,73.0,1244.0,287.0,7422.0,892.0,1341.0,178.0,358.0,2838.0,631.0,1526.0,2960.0,5680.0,2539.0,937.0,597.0,4932.0,4395.0,1327.0,5001.0,390.0,2667.0,72.0
2026-07-02T17:00Z,206.0,349.0,368.0,11903.0,15065.0,2612.0,205.0,19261.0,2462.0,7702.0,21637.0,2117.0,11627.0,5956.0,2221.0,1609.0,2174.0,440.0,5434.0,1592.0,2893.0,2721.0,4636.0,13723.0,6963.0,15284.0,28715.0,15351.0,26708.0,2173.0,1648.0,2175.0,561.0,891.0,1663.0,1940.0,554.0,1237.0,10161.0,4631.0,2157.0,23880.0,8409.0,12454.0,5980.0,17778.0,3129.0,4698.0,23104.0,3630.0,2534.0,2241.0,5492.0,2872.0,8121.0,5394.0,7210.0,2746.0,9032.0,384.0,2.0,19.0,81.0,2.0,61.0,5.0,74.0,1275.0,301.0,7973.0,953.0,1376.0,190.0,374.0,3014.0,658.0,1629.0,3062.0,6079.0,2671.0,991.0,640.0,5064.0,4441.0,1370.0,5282.0,412.0,2784.0,73.0
2026-07-02T18:00Z,216.0,371.0,373.0,11483.0,15408.0,2317.0,205.0,19898.0,2618.0,7855.0,22821.0,2214.0,12230.0,6185.0,2301.0,1665.0,2250.0,459.0,5674.0,1664.0,3038.0,2847.0,4816.0,14289.0,7227.0,15787.0,29552.0,15818.0,27700.0,2236.0,1672.0,2234.0,570.0,949.0,1770.0,2046.0,579.0,1296.0,10334.0,4836.0,2254.0,23788.0,8526.0,12459.0,6130.0,18342.0,3201.0,4791.0,23643.0,3766.0,2586.0,2269.0,5708.0,2924.0,8301.0,5492.0,7301.0,2731.0,9335.0,403.0,2.0,20.0,81.0,2.0,64.0,5.0,75.0,1361.0,307.0,8423.0,1003.0,1449.0,203.0,390.0,3192.0,686.0,1714.0,3125.0,6400.0,2808.0,1027.0,674.0,5219.0,4513.0,1446.0,5553.0,440.0,2913.0,74.0
2026-07-02T19:00Z,223.0,393.0,378.0,11294.0,15641.0,2606.0,209.0,20235.0,2709.0,8074.0,23826.0,2312.0,12899.0,6413.0,2351.0,1716.0,2303.0,510.0,5898.0,1705.0,3181.0,2969.0,4951.0,14259.0,7450.0,16085.0,30040.0,16216.0,28748.0,2262.0,1665.0,2257.0,562.0,981.0,1811.0,2139.0,603.0,1348.0,10404.0,4974.0,2352.0,23982.0,8662.0,12507.0,6291.0,18947.0,3221.0,4886.0,24130.0,3847.0,2624.0,2331.0,5945.0,2946.0,8416.0,5588.0,7352.0,2739.0,9627.0,419.0,2.0,22.0,83.0,2.0,65.0,6.0,76.0,1421.0,323.0,8810.0,1037.0,1468.0,212.0,397.0,3302.0,713.0,1780.0,3166.0,6626.0,2901.0,1059.0,698.0,5394.0,4598.0,1509.0,5730.0,474.0,3007.0,76.0
2026-07-02T20:00Z,229.0,415.0,385.0,11146.0,15412.0,2352.0,174.0,20279.0,2767.0,7983.0,24610.0,2350.0,13426.0,6585.0,2467.0,1774.0,2372.0,573.0,6125.0,1758.0,3318.0,3071.0,5104.0,13904.0,7610.0,16138.0,30462.0,16408.0,29457.0,2300.0,1689.0,2321.0,549.0,1035.0,1900.0,2237.0,630.0,1384.0,10469.0,5056.0,2447.0,24105.0,8810.0,12645.0,6416.0,19373.0,3226.0,4950.0,24670.0,3926.0,2670.0,2379.0,6092.0,2969.0,8522.0,5727.0,7457.0,2730.0,9892.0,428.0,2.0,22.0,80.0,2.0,66.0,2.0,78.0,1511.0,335.0,9055.0,1057.0,1490.0,218.0,402.0,3387.0,733.0,1841.0,3229.0,6722.0,2958.0,1092.0,713.0,5541.0,4657.0,1540.0,5852.0,511.0,3110.0,77.0
2026-07-02T21:00Z,229.0,425.0,391.0,10953.0,15162.0,2147.0,116.0,20630.0,2765.0,7455.0,25313.0,2366.0,13615.0,6681.0,2533.0,1834.0,2436.0,678.0,6319.0,1823.0,3451.0,3151.0,5198.0,13741.0,7659.0,16327.0,30999.0,16420.0,29774.0,2324.0,1712.0,2410.0,597.0,1171.0,2091.0,2295.0,632.0,1390.0,10458.0,5153.0,2563.0,24226.0,8915.0,12741.0,6525.0,19652.0,3244.0,5001.0,24903.0,3955.0,2723.0,2410.0,6302.0,2975.0,8538.0,5803.0,7511.0,2734.0,10060.0,434.0,2.0,25.0,81.0,2.0,67.0,,78.0,1614.0,351.0,9182.0,1069.0,1486.0,224.0,409.0,3482.0,761.0,1874.0,3302.0,6840.0,3028.0,1091.0,719.0,5656.0,4696.0,1552.0,5984.0,536.0,3218.0,78.0
2026-07-02T22:00Z,229.0,430.0,391.0,11350.0,14247.0,2036.0,133.0,20642.0,2781.0,7365.0,25488.0,2393.0,13762.0,6754.0,2558.0,1938.0,2471.0,772.0,6343.0,1803.0,3483.0,3186.0,5150.0,13951.0,7765.0,16432.0,31201.0,16366.0,29704.0,2353.0,1751.0,2501.0,635.0,1257.0,2234.0,2400.0,649.0,1410.0,10424.0,5198.0,2678.0,24137.0,8951.0,12700.0,6554.0,19672.0,3245.0,5002.0,25160.0,4014.0,2713.0,2398.0,6455.0,3003.0,8557.0,5925.0,7517.0,2744.0,10286.0,432.0,2.0,24.0,80.0,2.0,67.0,0.0,80.0,1716.0,368.0,9207.0,1072.0,1479.0,230.0,409.0,3500.0,784.0,1886.0,3370.0,6853.0,3074.0,1100.0,714.0,5720.0,4665.0,1572.0,6058.0,579.0,3339.0,79.0
2026-07-02T23:00Z,231.0,434.0,392.0,11624.0,15024.0,1862.0,130.0,20398.0,2797.0,7188.0,25585.0,2372.0,13954.0,6745.0,2527.0,2037.0,2461.0,771.0,6374.0,1818.0,3525.0,3242.0,5093.0,14066.0,7871.0,16354.0,30801.0,16242.0,29472.0,2405.0,1847.0,2670.0,643.0,1258.0,2383.0,2454.0,646.0,1390.0,10213.0,5183.0,2726.0,24021.0,8869.0,12496.0,6466.0,19727.0,3206.0,4942.0,25071.0,4040.0,2697.0,2393.0,6410.0,2986.0,8471.0,5898.0,7484.0,2702.0,10392.0,416.0,2.0,26.0,82.0,3.0,66.0,2.0,81.0,1813.0,377.0,9056.0,1061.0,1464.0,236.0,403.0,3473.0,795.0,1903.0,3375.0,6707.0,3084.0,1091.0,698.0,5712.0,4574.0,1559.0,6015.0,613.0,3453.0,81.0
2026-07-03T00:00Z,225.0,424.0,397.0,12259.0,14477.0,1979.0,117.0,19807.0,2751.0,7219.0,25470.0,2335.0,14186.0,6686.0,2548.0,2040.0,2391.0,793.0,6193.0,1781.0,3433.0,3200.0,4979.0,14090.0,7989.0,16119.0,29995.0,15928.0,28889.0,2396.0,1900.0,2788.0,661.0,1350.0,2401.0,2437.0,624.0,1351.0,10033.0,5014.0,2689.0,23828.0,8696.0,12298.0,6378.0,19680.0,3144.0,4844.0,24858.0,4003.0,2649.0,2351.0,6287.0,2918.0,8232.0,5785.0,7374.0,2668.0,10361.0,398.0,2.0,25.0,81.0,3.0,64.0,,81.0,1905.0,384.0,8826.0,1044.0,1461.0,236.0,397.0,3413.0,789.0,1864.0,3381.0,6583.0,3064.0,1074.0,685.0,5683.0,4568.0,1528.0,5911.0,627.0,3468.0,81.0
2026-07-03T01:00Z,204.0,401.0,395.0,13373.0,14299.0,2429.0,140.0,19264.0,2590.0,7566.0,24930.0,2254.0,13850.0,6541.0,2436.0,2001.0,2317.0,854.0,6048.0,1734.0,3352.0,3171.0,4906.0,14117.0,7954.0,15679.0,28739.0,15371.0,28182.0,2354.0,1843.0,2810.0,663.0,1400.0,2381.0,2341.0,597.0,1298.0,9875.0,4808.0,2566.0,23122.0,8356.0,11924.0,6181.0,19281.0,3052.0,4660.0,23993.0,3847.0,2555.0,2243.0,6043.0,2789.0,7919.0,5547.0,7104.0,2576.0,10097.0,375.0,3.0,25.0,80.0,2.0,60.0,4.0,80.0,1949.0,388.0,8482.0,1002.0,1435.0,226.0,382.0,3311.0,769.0,1787.0,3367.0,6461.0,3017.0,1038.0,659.0,5593.0,4526.0,1491.0,5716.0,627.0,3447.0,80.0
2026-07-03T02:00Z,200.0,373.0,391.0,13932.0,14114.0,2565.0,145.0,18667.0,2536.0,7746.0,23678.0,2160.0,13220.0,6365.0,2379.0,1940.0,2195.0,835.0,5760.0,1656.0,3205.0,3071.0,4747.0,13819.0,7688.0,15082.0,27379.0,14752.0,27515.0,2286.0,1789.0,2695.0,634.0,1365.0,2300.0,2241.0,566.0,1251.0,9768.0,4571.0,2452.0,22539.0,8042.0,11662.0,6114.0,18566.0,2936.0,4502.0,23304.0,3693.0,2486.0,2143.0,5683.0,2671.0,7646.0,5355.0,6880.0,2495.0,9761.0,356.0,2.0,23.0,80.0,3.0,59.0,18.0,80.0,1924.0,379.0,7991.0,948.0,1372.0,213.0,377.0,3157.0,735.0,1696.0,3295.0,6196.0,2904.0,980.0,625.0,5468.0,4388.0,1429.0,5446.0,608.0,3378.0,77.0
2026-07-03T03:00Z,217.0,346.0,385.0,14560.0,13888.0,2672.0,95.0,18272.0,2462.0,7804.0,22815.0,2120.0,12784.0,6205.0,2318.0,1799.0,2034.0,809.0,5329.0,1508.0,2949.0,2869.0,4510.0,13589.0,7555.0,14521.0,26111.0,14207.0,26774.0,2191.0,1691.0,2534.0,602.0,1256.0,2132.0,2102.0,531.0,1200.0,9494.0,4251.0,2297.0,21753.0,7688.0,11400.0,5731.0,17844.0,2783.0,4346.0,22264.0,3476.0,2378.0,2038.0,5321.0,2525.0,7320.0,5088.0,6511.0,2349.0,9265.0,332.0,2.0,20.0,79.0,2.0,58.0,29.0,78.0,1854.0,361.0,7633.0,899.0,1347.0,198.0,370.0,3038.0,710.0,1617.0,3195.0,5975.0,2806.0,941.0,597.0,5372.0,4304.0,1376.0,5235.0,568.0,3252.0,76.0
2026-07-03T04:00Z,204.0,310.0,376.0,14613.0,13862.0,2717.0,86.0,17500.0,2338.0,7801.0,21463.0,2033.0,12062.0,5950.0,2218.0,1645.0,1857.0,771.0,4901.0,1405.0,2672.0,2629.0,4227.0,13136.0,7081.0,13661.0,24579.0,13400.0,25604.0,2046.0,1574.0,2362.0,622.0,1144.0,1949.0,1943.0,475.0,1126.0,9087.0,3913.0,2135.0,20669.0,7176.0,10762.0,5312.0,16416.0,2577.0,4067.0,21038.0,3210.0,2235.0,1868.0,4862.0,2320.0,6888.0,4791.0,6096.0,2187.0,8729.0,305.0,2.0,19.0,78.0,2.0,57.0,29.0,77.0,1749.0,344.0,7151.0,833.0,1325.0,184.0,346.0,2864.0,668.0,1522.0,3061.0,5705.0,2678.0,883.0,556.0,5229.0,4122.0,1313.0,4931.0,532.0,3146.0,75.0
2026-07-03T05:00Z,208.0,284.0,372.0,14353.0,13621.0,2698.0,83.0,16615.0,2158.0,7706.0,19928.0,1933.0,11221.0,5585.0,2097.0,1552.0,1717.0,757.0,4523.0,1281.0,2446.0,2449.0,3996.0,12267.0,6571.0,12899.0,23933.0,12537.0,24273.0,1916.0,1468.0,2186.0,628.0,1029.0,1811.0,1793.0,441.0,1077.0,8717.0,3636.0,1980.0,19413.0,6652.0,10084.0,4957.0,14931.0,2387.0,3814.0,19946.0,2979.0,2102.0,1802.0,4482.0,2156.0,6462.0,4508.0,5692.0,2040.0,8234.0,285.0,2.0,17.0,77.0,2.0,56.0,32.0,74.0,1637.0,318.0,6622.0,763.0,1294.0,168.0,328.0,2676.0,619.0,1412.0,2888.0,5355.0,2516.0,866.0,514.0,5086.0,3955.0,1251.0,4567.0,474.0,2964.0,70.0
2026-07-03T06:00Z,206.0,260.0,363.0,13367.0,12903.0,2551.0,86.0,15753.0,2026.0,7609.0,18541.0,1816.0,10399.0,5308.0,1923.0,1480.0,1612.0,729.0,4241.0,1206.0,2270.0,2322.0,3808.0,11522.0,6129.0,12237.0,22944.0,12112.0,23002.0,1833.0,1385.0,2077.0,585.0,975.0,1709.0,1663.0,417.0,1025.0,8387.0,3409.0,1856.0,18458.0,6243.0,9511.0,4657.0,13816.0,2231.0,3576.0,19011.0,2794.0,2000.0,1652.0,4155.0,2037.0,6052.0,4249.0,5391.0,1947.0,7808.0,269.0,2.0,16.0,78.0,2.0,55.0,29.0,74.0,1507.0,292.0,6154.0,697.0,1285.0,153.0,313.0,2521.0,576.0,1305.0,2764.0,5067.0,2366.0,853.0,475.0,4928.0,3791.0,1240.0,4298.0,429.0,2759.0,65.0
2026-07-03T07:00Z,200.0,245.0,357.0,12444.0,12021.0,2358.0,32.0,15062.0,1945.0,7540.0,17418.0,1745.0,9742.0,5039.0,1787.0,1433.0,1544.0,674.0,4010.0,1162.0,2151.0,2217.0,3650.0,10942.0,5786.0,11652.0,21876.0,11579.0,22037.0,1772.0,1324.0,1999.0,576.0,919.0,1634.0,1556.0,393.0,977.0,8092.0,3254.0,1755.0,17878.0,5943.0,9092.0,4405.0,12913.0,2112.0,3390.0,18255.0,2642.0,1905.0,1564.0,3945.0,1936.0,5748.0,4056.0,5161.0,1888.0,7421.0,253.0,2.0,13.0,78.0,2.0,54.0,26.0,73.0,1404.0,278.0,5808.0,651.0,1266.0,146.0,301.0,2393.0,546.0,1227.0,2662.0,4807.0,2261.0,823.0,443.0,4812.0,3709.0,1172.0,4049.0,397.0,2621.0,61.0
2026-07-03T08:00Z,197.0,234.0,352.0,12002.0,11237.0,2449.0,31.0,14508.0,1844.0,7509.0,16515.0,1667.0,9281.0,4753.0,1868.0,1399.0,1499.0,639.0,3833.0,1136.0,2071.0,2154.0,3552.0,10468.0,5494.0,11126.0,21040.0,11192.0,21137.0,1728.0,1278.0,1959.0,567.0,884.0,1588.0,1480.0,370.0,942.0,7833.0,3127.0,1691.0,17284.0,5704.0,8772.0,4210.0,12258.0,2026.0,3270.0,17707.0,2520.0,1859.0,1430.0,3740.0,1862.0,5593.0,3909.0,4994.0,1832.0,7099.0,240.0,2.0,12.0,77.0,2.0,53.0,25.0,72.0,1300.0,260.0,5542.0,615.0,1216.0,139.0,290.0,2277.0,527.0,1157.0,2559.0,4606.0,2204.0,789.0,419.0,4745.0,3632.0,1124.0,3865.0,363.0,2506.0,60.0
2026-07-03T09:00Z,195.0,227.0,347.0,11351.0,10584.0,2295.0,33.0,14137.0,1774.0,7457.0,15909.0,1603.0,9000.0,4609.0,1825.0,1392.0,1480.0,621.0,3728.0,1119.0,2038.0,2120.0,3484.0,10220.0,5285.0,10856.0,20624.0,10903.0,20837.0,1704.0,1248.0,1924.0,582.0,867.0,1560.0,1419.0,355.0,911.0,7661.0,3040.0,1655.0,16947.0,5573.0,8590.0,4095.0,11824.0,1970.0,3204.0,17367.0,2458.0,1843.0,1483.0,3574.0,1817.0,5465.0,3815.0,4907.0,1798.0,6869.0,230.0,2.0,12.0,80.0,2.0,53.0,24.0,71.0,1229.0,251.0,5363.0,591.0,1207.0,133.0,279.0,2191.0,510.0,1103.0,2512.0,4478.0,2145.0,789.0,401.0,4657.0,3597.0,1097.0,3748.0,342.0,2443.0,63.0
2026-07-03T10:00Z,193.0,224.0,342.0,10863.0,10109.0,2167.0,30.0,13967.0,1739.0,7441.0,15594.0,1583.0,8847.0,4639.0,1786.0,1398.0,1482.0,624.0,3689.0,1112.0,2028.0,2107.0,3478.0,10130.0,5145.0,10688.0,20435.0,10706.0,20533.0,1688.0,1239.0,1913.0,559.0,862.0,1545.0,1382.0,347.0,891.0,7615.0,2978.0,1631.0,16890.0,5559.0,8535.0,4056.0,11629.0,1956.0,3171.0,17288.0,2443.0,1826.0,1442.0,3471.0,1797.0,5408.0,3800.0,4896.0,1807.0,6686.0,222.0,3.0,12.0,77.0,2.0,53.0,24.0,71.0,1191.0,245.0,5249.0,585.0,1195.0,130.0,272.0,2159.0,497.0,1084.0,2438.0,4403.0,2061.0,788.0,393.0,4619.0,3575.0,1080.0,3680.0,329.0,2408.0,64.0
2026-07-03T11:00Z,200.0,230.0,341.0,10554.0,9812.0,2080.0,31.0,13970.0,1769.0,7438.0,15444.0,1573.0,8813.0,4691.0,1776.0,1448.0,1545.0,620.0,3778.0,1147.0,2093.0,2148.0,3575.0,10267.0,5101.0,10577.0,20370.0,10693.0,20405.0,1694.0,1233.0,1943.0,550.0,840.0,1540.0,1388.0,347.0,893.0,7807.0,3012.0,1645.0,16922.0,5589.0,8474.0,4069.0,11539.0,1954.0,3154.0,17283.0,2461.0,1830.0,1401.0,3468.0,1821.0,5409.0,3876.0,5000.0,1850.0,6653.0,221.0,2.0,12.0,81.0,2.0,53.0,24.0,69.0,1169.0,245.0,5206.0,587.0,1188.0,128.0,269.0,2158.0,487.0,1077.0,2413.0,4381.0,2008.0,773.0,390.0,4593.0,3591.0,1066.0,3679.0,318.0,2369.0,61.0
2026-07-03T12:00Z,202.0,233.0,342.0,10479.0,9652.0,2032.0,31.0,13875.0,1769.0,7454.0,15297.0,1583.0,8846.0,4691.0,1784.0,1469.0,1660.0,590.0,3984.0,1234.0,2242.0,2228.0,3761.0,10523.0,5048.0,10832.0,20908.0,10753.0,20129.0,1739.0,1233.0,1899.0,540.0,786.0,1535.0,1447.0,368.0,935.0,8187.0,3236.0,1758.0,17544.0,5920.0,8902.0,4286.0,11691.0,2066.0,3271.0,17891.0,2593.0,1910.0,1484.0,3689.0,1955.0,5772.0,4053.0,5307.0,1983.0,6869.0,234.0,2.0,12.0,78.0,2.0,53.0,25.0,69.0,1159.0,244.0,5199.0,594.0,1191.0,127.0,265.0,2149.0,473.0,1063.0,2424.0,4381.0,1992.0,773.0,389.0,4594.0,3595.0,1070.0,3713.0,318.0,2375.0,60.0
2026-07-03T13:00Z,184.0,245.0,344.0,10656.0,9749.0,2085.0,33.0,14233.0,1762.0,7396.0,15596.0,1608.0,8911.0,4725.0,1819.0,1501.0,1781.0,529.0,4245.0,1298.0,2413.0,2300.0,3933.0,10828.0,5233.0,11434.0,21632.0,10909.0,20728.0,1797.0,1257.0,1896.0,513.0,768.0,1514.0,1509.0,396.0,987.0,8559.0,3545.0,1909.0,18671.0,6475.0,9629.0,4638.0,12248.0,2271.0,3561.0,18984.0,2822.0,2057.0,1651.0,3993.0,2137.0,6258.0,4305.0,5698.0,2157.0,7189.0,259.0,2.0,13.0,80.0,2.0,53.0,19.0,70.0,1141.0,248.0,5446.0,636.0,1186.0,133.0,276.0,2239.0,491.0,1126.0,2462.0,4532.0,2041.0,775.0,418.0,4586.0,3702.0,1114.0,3873.0,328.0,2412.0,63.0
2026-07-03T14:00Z,191.0,267.0,348.0,10831.0,9863.0,2063.0,74.0,15338.0,1898.0,7409.0,17012.0,1749.0,9333.0,5006.0,1969.0,1508.0,1877.0,483.0,4486.0,1389.0,2570.0,2365.0,4077.0,11260.0,5455.0,12294.0,22873.0,11535.0,22193.0,1917.0,1314.0,1888.0,547.0,782.0,1503.0,1596.0,428.0,1051.0,8958.0,3884.0,2060.0,20047.0,7088.0,10529.0,5038.0,13087.0,2510.0,3929.0,20333.0,3090.0,2200.0,1834.0,4404.0,2319.0,6768.0,4577.0,6098.0,2321.0,7573.0,286.0,2.0,13.0,79.0,2.0,54.0,,71.0,1157.0,257.0,5897.0,701.0,1228.0,145.0,293.0,2428.0,523.0,1223.0,2487.0,4807.0,2093.0,824.0,460.0,4689.0,3852.0,1193.0,4164.0,344.0,2483.0,65.0
2026-07-03T15:00Z,209.0,287.0,353.0,11237.0,12110.0,2630.0,183.0,16660.0,2069.0,7560.0,18555.0,1825.0,9876.0,5317.0,2057.0,1537.0,1953.0,431.0,4728.0,1464.0,2709.0,2419.0,4197.0,11642.0,5865.0,13361.0,24210.0,12260.0,23917.0,1962.0,1446.0,1908.0,542.0,811.0,1514.0,1709.0,466.0,1107.0,9276.0,4210.0,2192.0,21331.0,7610.0,11346.0,5403.0,14186.0,2727.0,4265.0,21653.0,3369.0,2331.0,2061.0,4773.0,2478.0,7235.0,4833.0,6425.0,2457.0,7948.0,313.0,2.0,15.0,79.0,2.0,55.0,,72.0,1176.0,270.0,6462.0,769.0,1282.0,165.0,312.0,2655.0,560.0,1358.0,2529.0,5181.0,2197.0,878.0,504.0,4878.0,3947.0,1290.0,4503.0,367.0,2565.0,70.0
2026-07-03T16:00Z,215.0,301.0,357.0,11210.0,14225.0,3028.0,221.0,17851.0,2422.0,7668.0,20065.0,1960.0,10619.0,5668.0,2167.0,1559.0,2012.0,430.0,4951.0,1518.0,2834.0,2478.0,4318.0,11995.0,6270.0,14202.0,24764.0,12934.0,25829.0,1903.0,1544.0,1993.0,527.0,871.0,1540.0,1847.0,506.0,1165.0,9543.0,4492.0,2293.0,22211.0,7979.0,11789.0,5714.0,15328.0,2887.0,4456.0,22758.0,3618.0,2428.0,2154.0,5169.0,2612.0,7616.0,5064.0,6742.0,2547.0,8331.0,340.0,2.0,15.0,79.0,2.0,56.0,,72.0,1196.0,286.0,7080.0,825.0,1316.0,181.0,332.0,2870.0,594.0,1471.0,2581.0,5563.0,2369.0,915.0,548.0,5058.0,4039.0,1365.0,4840.0,382.0,2657.0,73.0
2026-07-03T17:00Z,214.0,319.0,361.0,11474.0,14659.0,2444.0,224.0,18909.0,2496.0,7821.0,21538.0,2093.0,11337.0,5990.0,2265.0,1601.0,2070.0,432.0,5139.0,1565.0,2937.0,2542.0,4400.0,12299.0,6651.0,14903.0,25834.0,13470.0,27398.0,1968.0,1496.0,2112.0,546.0,913.0,1610.0,1948.0,538.0,1210.0,9721.0,4710.0,2382.0,22715.0,8146.0,11875.0,5946.0,16504.0,3004.0,4583.0,23510.0,3783.0,2497.0,2219.0,5449.0,2685.0,7881.0,5235.0,6902.0,2584.0,8669.0,361.0,2.0,18.0,82.0,2.0,57.0,,73.0,1238.0,302.0,7613.0,876.0,1349.0,198.0,349.0,3056.0,611.0,1578.0,2625.0,5902.0,2506.0,951.0,584.0,5250.0,4147.0,1415.0,5119.0,387.0,2756.0,76.0
2026-07-03T18:00Z,214.0,333.0,366.0,10703.0,14865.0,2565.0,230.0,19776.0,2511.0,7981.0,22828.0,2233.0,12028.0,6279.0,2337.0,1645.0,2126.0,452.0,5339.0,1638.0,3049.0,2617.0,4509.0,12729.0,6987.0,15362.0,26579.0,13874.0,28464.0,2081.0,1499.0,2165.0,582.0,985.0,1701.0,2057.0,558.0,1253.0,9868.0,4913.0,2453.0,23025.0,8271.0,12044.0,6055.0,16865.0,3067.0,4679.0,24024.0,3864.0,2552.0,2260.0,5722.0,2745.0,8031.0,5287.0,7025.0,2623.0,8954.0,381.0,2.0,18.0,78.0,2.0,58.0,0.0,74.0,1326.0,312.0,8054.0,917.0,1377.0,207.0,361.0,3213.0,655.0,1649.0,2728.0,6187.0,2611.0,990.0,613.0,5464.0,4226.0,1478.0,5364.0,414.0,2886.0,78.0
2026-07-03T19:00Z,221.0,346.0,374.0,10363.0,14419.0,2423.0,180.0,20267.0,2650.0,8120.0,23955.0,2358.0,12658.0,6469.0,2405.0,1692.0,2177.0,514.0,5573.0,1709.0,3173.0,2705.0,4631.0,13098.0,7089.0,15608.0,26897.0,14198.0,29159.0,2133.0,1589.0,2244.0,587.0,1056.0,1765.0,2152.0,584.0,1303.0,9983.0,5109.0,2531.0,23192.0,8402.0,12195.0,6214.0,15702.0,3116.0,4761.0,24448.0,3939.0,2595.0,2312.0,5938.0,2793.0,8190.0,5379.0,7133.0,2658.0,9275.0,396.0,2.0,21.0,80.0,2.0,59.0,,76.0,1435.0,317.0,8390.0,950.0,1420.0,219.0,371.0,3330.0,695.0,1698.0,2807.0,6369.0,2731.0,1017.0,637.0,5631.0,4279.0,1514.0,5487.0,452.0,2996.0,78.0
2026-07-03T20:00Z,223.0,353.0,383.0,10129.0,14688.0,2208.0,148.0,20368.0,2676.0,7794.0,24877.0,2402.0,13362.0,6689.0,2475.0,1760.0,2244.0,609.0,5839.0,1767.0,3306.0,2828.0,4743.0,13447.0,7091.0,15609.0,27209.0,14650.0,29626.0,2173.0,1572.0,2350.0,578.0,1091.0,1854.0,2206.0,595.0,1326.0,9959.0,5260.0,2629.0,23417.0,8536.0,12328.0,6389.0,14005.0,3143.0,4858.0,24733.0,4014.0,2653.0,2357.0,6112.0,2842.0,8332.0,5556.0,7219.0,2687.0,9526.0,400.0,3.0,22.0,82.0,2.0,61.0,2.0,76.0,1525.0,337.0,8572.0,978.0,1435.0,223.0,347.0,3315.0,716.0,1689.0,2873.0,6477.0,2825.0,1062.0,653.0,5782.0,4355.0,1554.0,5603.0,502.0,3137.0,79.0
2026-07-03T21:00Z,220.0,357.0,387.0,10257.0,13993.0,2230.0,101.0,19997.0,2714.0,7376.0,25538.0,2381.0,13845.0,6817.0,2508.0,1848.0,2311.0,665.0,6076.0,1793.0,3430.0,2931.0,4862.0,13842.0,7214.0,15263.0,27454.0,15002.0,29891.0,2217.0,1640.0,2404.0,574.0,1149.0,2012.0,2321.0,613.0,1347.0,10028.0,5364.0,2778.0,23423.0,8702.0,12401.0,6521.0,13443.0,3180.0,4920.0,25081.0,4083.0,2678.0,2401.0,6316.0,2889.0,8436.0,5706.0,7343.0,2715.0,9728.0,407.0,2.0,22.0,81.0,2.0,62.0,1.0,78.0,1642.0,346.0,8748.0,1003.0,1448.0,204.0,355.0,3279.0,722.0,1701.0,2938.0,6639.0,2845.0,1078.0,665.0,5867.0,4395.0,1577.0,5783.0,526.0,3275.0,80.0
2026-07-03T22:00Z,211.0,361.0,386.0,10858.0,13962.0,1911.0,133.0,19905.0,2715.0,7315.0,25944.0,2407.0,13950.0,6823.0,2588.0,1938.0,2346.0,690.0,6205.0,1794.0,3477.0,2974.0,4834.0,14143.0,7405.0,14936.0,27137.0,15238.0,29643.0,2243.0,1576.0,2343.0,589.0,1247.0,2095.0,2444.0,630.0,1376.0,10049.0,5435.0,2915.0,23453.0,8760.0,12471.0,6507.0,13882.0,3185.0,4917.0,25382.0,4142.0,2694.0,2405.0,6316.0,2921.0,8477.0,5848.0,7368.0,2695.0,9912.0,399.0,2.0,24.0,83.0,2.0,62.0,2.0,80.0,1739.0,360.0,8775.0,1019.0,1466.0,215.0,367.0,3311.0,713.0,1720.0,2958.0,6731.0,2686.0,1092.0,677.0,5913.0,4411.0,1588.0,5876.0,559.0,3400.0,83.0
2026-07-03T23:00Z,207.0,360.0,386.0,11539.0,14265.0,2004.0,129.0,20049.0,2756.0,7332.0,26075.0,2407.0,13988.0,6755.0,2604.0,1981.0,2331.0,724.0,6228.0,1790.0,3482.0,3007.0,4779.0,14239.0,7517.0,14786.0,25503.0,15106.0,29387.0,2297.0,1552.0,2435.0,610.0,1296.0,2143.0,2438.0,614.0,1327.0,9881.0,5376.0,2967.0,23062.0,8667.0,12154.0,6464.0,14797.0,3059.0,4767.0,25384.0,4142.0,2671.0,2350.0,6255.0,2889.0,8350.0,5841.0,7088.0,2669.0,9770.0,374.0,2.0,24.0,82.0,2.0,63.0,11.0,81.0,1821.0,371.0,8611.0,1017.0,1454.0,224.0,370.0,3361.0,696.0,1748.0,2967.0,6764.0,2501.0,1062.0,674.0,5909.0,4413.0,1605.0,5907.0,588.0,3498.0,83.0
2026-07-04T00:00Z,207.0,350.0,385.0,12489.0,14696.0,2139.0,135.0,19934.0,2756.0,7300.0,25682.0,2378.0,13984.0,6736.0,2607.0,1964.0,2262.0,759.0,6096.0,1736.0,3352.0,2972.0,4663.0,14351.0,7574.0,14533.0,23643.0,14856.0,28921.0,2292.0,1639.0,2459.0,639.0,1284.0,2162.0,2320.0,593.0,1301.0,9733.0,5210.0,2916.0,22497.0,8459.0,11577.0,6408.0,15111.0,2870.0,4581.0,25116.0,4102.0,2618.0,2255.0,5778.0,2713.0,8061.0,5770.0,6679.0,2619.0,9635.0,355.0,2.0,24.0,82.0,3.0,63.0,8.0,82.0,1913.0,376.0,8454.0,1007.0,1441.0,224.0,368.0,3299.0,673.0,1735.0,2962.0,6645.0,2448.0,1031.0,659.0,5854.0,4375.0,1600.0,5831.0,593.0,3496.0,81.0
2026-07-04T01:00Z,197.0,333.0,388.0,13406.0,14554.0,2426.0,132.0,19496.0,2701.0,7550.0,24866.0,2346.0,13916.0,6622.0,2527.0,1910.0,2176.0,776.0,5937.0,1689.0,3254.0,2951.0,4594.0,14325.0,7518.0,14059.0,22681.0,14317.0,28199.0,2241.0,1612.0,2459.0,634.0,1271.0,2158.0,2168.0,552.0,1228.0,8834.0,4993.0,2787.0,21709.0,8085.0,10812.0,6319.0,14837.0,2722.0,4404.0,24480.0,3936.0,2540.0,2128.0,4702.0,2558.0,7461.0,5565.0,6342.0,2527.0,8332.0,316.0,2.0,24.0,83.0,3.0,60.0,10.0,81.0,1947.0,384.0,8170.0,965.0,1422.0,217.0,363.0,3214.0,642.0,1657.0,2902.0,6436.0,2384.0,988.0,629.0,5763.0,4318.0,1551.0,5632.0,563.0,3430.0,83.0
2026-07-04T02:00Z,201.0,321.0,385.0,14275.0,14331.0,2591.0,140.0,18953.0,2598.0,7925.0,23643.0,2266.0,13335.0,6315.0,2410.0,1836.0,2067.0,799.0,5669.0,1611.0,3108.0,2858.0,4438.0,13855.0,7270.0,13650.0,21910.0,13741.0,27264.0,2178.0,1571.0,2376.0,597.0,1259.0,2112.0,2042.0,526.0,1146.0,8530.0,4704.0,2636.0,21345.0,7831.0,10012.0,6139.0,14483.0,2570.0,4284.0,23909.0,3807.0,2462.0,2124.0,4163.0,2481.0,7010.0,5425.0,6209.0,2383.0,7918.0,288.0,2.0,23.0,79.0,2.0,59.0,21.0,81.0,1918.0,378.0,7727.0,911.0,1374.0,207.0,354.0,3111.0,608.0,1594.0,2807.0,6176.0,2315.0,954.0,594.0,5655.0,4245.0,1497.0,5344.0,540.0,3324.0,77.0
2026-07-04T03:00Z,212.0,306.0,380.0,14855.0,14255.0,2664.0,73.0,18443.0,2581.0,7945.0,22598.0,2199.0,12877.0,6141.0,2339.0,1722.0,1912.0,769.0,5274.0,1507.0,2889.0,2681.0,4214.0,13600.0,6911.0,13155.0,21111.0,13202.0,26628.0,2095.0,1488.0,2276.0,600.0,1164.0,1962.0,1875.0,481.0,1070.0,8251.0,4327.0,2417.0,20352.0,7411.0,9607.0,5798.0,13846.0,2455.0,4097.0,22868.0,3589.0,2370.0,2047.0,3827.0,2343.0,6597.0,5214.0,5905.0,2228.0,7497.0,265.0,2.0,20.0,78.0,2.0,57.0,29.0,78.0,1836.0,358.0,7371.0,856.0,1340.0,195.0,347.0,3012.0,572.0,1540.0,2738.0,5934.0,2252.0,901.0,563.0,5528.0,4156.0,1405.0,5095.0,506.0,3200.0,73.0
2026-07-04T04:00Z,218.0,296.0,373.0,14808.0,13924.0,2651.0,82.0,17658.0,2452.0,7946.0,21395.0,2096.0,12217.0,5868.0,2246.0,1597.0,1759.0,738.0,4873.0,1413.0,2669.0,2505.0,3973.0,12998.0,6545.0,12380.0,20579.0,12596.0,25590.0,1978.0,1408.0,2127.0,624.0,1055.0,1817.0,1707.0,435.0,1001.0,7946.0,3952.0,2208.0,19281.0,6890.0,8927.0,5441.0,13006.0,2319.0,3879.0,21732.0,3314.0,2165.0,1804.0,3581.0,2171.0,6174.0,4932.0,5565.0,2087.0,7061.0,241.0,2.0,19.0,77.0,2.0,56.0,29.0,77.0,1707.0,338.0,6980.0,802.0,1327.0,182.0,334.0,2859.0,537.0,1444.0,2659.0,5688.0,2168.0,863.0,526.0,5380.0,4044.0,1327.0,4797.0,478.0,3117.0,72.0
2026-07-04T05:00Z,206.0,282.0,364.0,14383.0,13637.0,2679.0,69.0,16909.0,2335.0,7966.0,20204.0,1957.0,11517.0,5590.0,2164.0,1494.0,1624.0,719.0,4489.0,1324.0,2471.0,2335.0,3747.0,12214.0,6055.0,11766.0,20129.0,11973.0,24213.0,1873.0,1322.0,2023.0,602.0,968.0,1697.0,1562.0,396.0,937.0,7664.0,3640.0,2004.0,18310.0,6389.0,8411.0,5095.0,12296.0,2149.0,3635.0,20709.0,3062.0,1966.0,1616.0,3217.0,2021.0,5813.0,4656.0,5206.0,1880.0,6613.0,222.0,3.0,17.0,75.0,2.0,55.0,32.0,75.0,1576.0,314.0,6576.0,745.0,1304.0,168.0,319.0,2694.0,508.0,1340.0,2557.0,5384.0,2077.0,829.0,491.0,5237.0,3957.0,1249.0,4470.0,438.0,2952.0,71.0
2026-07-04T06:00Z,209.0,260.0,354.0,13612.0,12974.0,2578.0,81.0,16139.0,2171.0,7895.0,18976.0,1831.0,10745.0,5263.0,2090.0,1408.0,1524.0,666.0,4164.0,1251.0,2300.0,2204.0,3569.0,11421.0,5629.0,11038.0,19329.0,11627.0,23056.0,1771.0,1253.0,1927.0,592.0,909.0,1609.0,1456.0,366.0,874.0,7365.0,3364.0,1848.0,17450.0,5987.0,7897.0,4788.0,11508.0,2008.0,3458.0,19742.0,2858.0,1843.0,1464.0,2953.0,1905.0,5497.0,4421.0,4953.0,1813.0,6215.0,206.0,2.0,15.0,71.0,2.0,54.0,29.0,73.0,1438.0,296.0,6160.0,678.0,1272.0,154.0,304.0,2540.0,476.0,1206.0,2450.0,5072.0,1976.0,788.0,453.0,5089.0,3824.0,1175.0,4098.0,395.0,2754.0,66.0
2026-07-04T07:00Z,208.0,243.0,348.0,12705.0,12098.0,2360.0,62.0,15468.0,2046.0,7810.0,17953.0,1742.0,10085.0,4971.0,2035.0,1355.0,1450.0,618.0,3906.0,1188.0,2182.0,2104.0,3428.0,10785.0,5219.0,10481.0,18561.0,11133.0,21996.0,1693.0,1207.0,1859.0,555.0,872.0,1545.0,1383.0,342.0,835.0,7129.0,3148.0,1732.0,16760.0,5676.0,7547.0,4527.0,10922.0,1903.0,3291.0,19000.0,2694.0,1752.0,1349.0,2777.0,1819.0,5231.0,4198.0,4721.0,1755.0,5910.0,194.0,2.0,14.0,73.0,2.0,53.0,26.0,73.0,1330.0,276.0,5815.0,627.0,1238.0,143.0,280.0,2332.0,446.0,1103.0,2363.0,4877.0,1889.0,765.0,423.0,4939.0,3726.0,1151.0,3809.0,364.0,2588.0,64.0
2026-07-04T08:00Z,199.0,232.0,344.0,12174.0,11400.0,2449.0,29.0,14897.0,1958.0,7700.0,17199.0,1674.0,9562.0,4777.0,1965.0,1315.0,1400.0,597.0,3706.0,1132.0,2094.0,2039.0,3318.0,10318.0,4961.0,10088.0,18005.0,10705.0,21372.0,1640.0,1175.0,1821.0,534.0,846.0,1505.0,1318.0,321.0,788.0,6964.0,2979.0,1651.0,16331.0,5433.0,7313.0,4328.0,10491.0,1821.0,3137.0,18309.0,2571.0,1688.0,1383.0,2586.0,1739.0,5041.0,4035.0,4564.0,1698.0,5675.0,185.0,2.0,12.0,72.0,2.0,52.0,25.0,72.0,1247.0,268.0,5563.0,591.0,1198.0,127.0,259.0,2107.0,423.0,1021.0,2278.0,4675.0,1838.0,749.0,399.0,4828.0,3640.0,1104.0,3608.0,340.0,2477.0,61.0
2026-07-04T09:00Z,195.0,223.0,341.0,11460.0,10720.0,2273.0,34.0,14427.0,1880.0,7653.0,16578.0,1629.0,9151.0,4639.0,1911.0,1293.0,1368.0,590.0,3557.0,1108.0,2030.0,1993.0,3234.0,10016.0,4765.0,9791.0,17710.0,10391.0,20875.0,1602.0,1151.0,1798.0,531.0,835.0,1483.0,1276.0,308.0,771.0,6855.0,2864.0,1600.0,15970.0,5237.0,7131.0,4170.0,10181.0,1781.0,3005.0,17909.0,2492.0,1635.0,1327.0,2500.0,1673.0,4912.0,3936.0,4430.0,1658.0,5533.0,179.0,2.0,11.0,71.0,2.0,51.0,24.0,71.0,1174.0,255.0,5346.0,568.0,1190.0,120.0,246.0,1995.0,410.0,969.0,2216.0,4506.0,1806.0,725.0,381.0,4749.0,3598.0,1087.0,3452.0,319.0,2391.0,60.0
2026-07-04T10:00Z,198.0,220.0,339.0,10934.0,10225.0,2143.0,30.0,14084.0,1838.0,7591.0,16071.0,1597.0,8899.0,4553.0,1863.0,1274.0,1353.0,584.0,3456.0,1075.0,1987.0,1940.0,3178.0,9866.0,4602.0,9635.0,17488.0,10176.0,20317.0,1568.0,1131.0,1776.0,541.0,828.0,1460.0,1243.0,298.0,768.0,6775.0,2774.0,1558.0,15858.0,5105.0,7088.0,4008.0,10037.0,1772.0,2944.0,17588.0,2428.0,1579.0,1270.0,2442.0,1646.0,4818.0,3848.0,4351.0,1634.0,5385.0,174.0,2.0,12.0,73.0,2.0,51.0,24.0,70.0,1133.0,253.0,5214.0,553.0,1176.0,112.0,234.0,1913.0,402.0,926.0,2184.0,4434.0,1787.0,721.0,373.0,4709.0,3566.0,1067.0,3353.0,305.0,2334.0,58.0
2026-07-04T11:00Z,196.0,219.0,339.0,10572.0,9835.0,2083.0,31.0,13900.0,1800.0,7556.0,15772.0,1570.0,8737.0,4498.0,1837.0,1287.0,1398.0,567.0,3478.0,1120.0,2034.0,1963.0,3244.0,9805.0,4491.0,9401.0,17383.0,10084.0,20263.0,1543.0,1096.0,1757.0,515.0,813.0,1439.0,1235.0,297.0,767.0,6884.0,2789.0,1558.0,15499.0,5031.0,6952.0,3922.0,9918.0,1763.0,2907.0,17419.0,2400.0,1555.0,1328.0,2444.0,1662.0,4821.0,3835.0,4372.0,1608.0,5355.0,176.0,2.0,12.0,73.0,2.0,50.0,24.0,68.0,1120.0,247.0,5135.0,548.0,1172.0,108.0,228.0,1875.0,404.0,894.0,2166.0,4378.0,1790.0,718.0,370.0,4669.0,3543.0,1065.0,3316.0,301.0,2316.0,60.0
2026-07-04T12:00Z,193.0,218.0,335.0,10435.0,9687.0,2016.0,29.0,13749.0,1769.0,7578.0,15408.0,1600.0,8604.0,4467.0,1810.0,1308.0,1502.0,550.0,3645.0,1184.0,2157.0,2026.0,3390.0,9662.0,4407.0,9407.0,17226.0,9932.0,19898.0,1563.0,1133.0,1744.0,516.0,802.0,1447.0,1270.0,318.0,804.0,7235.0,2972.0,1657.0,15843.0,5270.0,7160.0,4085.0,10031.0,1814.0,2960.0,17735.0,2516.0,1624.0,1345.0,2602.0,1770.0,5114.0,3968.0,4586.0,1677.0,5558.0,187.0,2.0,12.0,75.0,2.0,50.0,25.0,70.0,1104.0,246.0,5068.0,544.0,1159.0,106.0,218.0,1838.0,407.0,895.0,2126.0,4300.0,1799.0,744.0,366.0,4642.0,3574.0,1055.0,3288.0,300.0,2314.0,59.0
2026-07-04T13:00Z,177.0,229.0,335.0,10385.0,9669.0,2105.0,24.0,14034.0,1739.0,7539.0,15704.0,1645.0,8639.0,4437.0,1847.0,1330.0,1633.0,528.0,3875.0,1229.0,2318.0,2107.0,3569.0,9893.0,4471.0,9989.0,17620.0,10075.0,20424.0,1611.0,1195.0,1767.0,507.0,847.0,1497.0,1346.0,353.0,848.0,7617.0,3282.0,1787.0,16865.0,5743.0,7790.0,4367.0,10435.0,1981.0,3153.0,18655.0,2725.0,1746.0,1457.0,2872.0,1922.0,5541.0,4142.0,4908.0,1826.0,5815.0,203.0,2.0,12.0,78.0,1.0,49.0,19.0,70.0,1064.0,250.0,5252.0,581.0,1169.0,109.0,221.0,1895.0,416.0,928.0,2165.0,4391.0,1844.0,758.0,386.0,4660.0,3678.0,1100.0,3407.0,302.0,2307.0,64.0
2026-07-04T14:00Z,180.0,253.0,340.0,10377.0,10119.0,2075.0,86.0,15168.0,1861.0,7563.0,17078.0,1751.0,9130.0,4716.0,1970.0,1354.0,1746.0,538.0,4155.0,1352.0,2478.0,2194.0,3717.0,10357.0,4628.0,10625.0,18761.0,10708.0,21887.0,1646.0,1231.0,1830.0,540.0,828.0,1583.0,1372.0,378.0,883.0,8024.0,3582.0,1925.0,18085.0,6321.0,8414.0,4732.0,11253.0,2194.0,3470.0,19892.0,2988.0,1890.0,1551.0,3223.0,2093.0,6029.0,4363.0,5219.0,1975.0,6168.0,222.0,3.0,12.0,75.0,2.0,49.0,0.0,70.0,1042.0,256.0,5767.0,652.0,1209.0,121.0,240.0,2046.0,435.0,1012.0,2248.0,4665.0,1900.0,761.0,424.0,4773.0,3866.0,1202.0,3620.0,316.0,2370.0,68.0
2026-07-04T15:00Z,203.0,280.0,348.0,10862.0,12583.0,2667.0,189.0,16448.0,2071.0,7710.0,18660.0,1849.0,9817.0,4997.0,2081.0,1431.0,1843.0,517.0,4391.0,1410.0,2612.0,2271.0,3884.0,11032.0,4941.0,11393.0,19964.0,11467.0,23551.0,1761.0,1216.0,1869.0,540.0,870.0,1608.0,1481.0,421.0,946.0,8359.0,3837.0,2063.0,19450.0,6906.0,9204.0,5121.0,11990.0,2405.0,3733.0,21325.0,3258.0,2037.0,1735.0,3606.0,2247.0,6485.0,4582.0,5561.0,2107.0,6626.0,252.0,2.0,13.0,77.0,2.0,51.0,,70.0,1053.0,266.0,6401.0,734.0,1243.0,139.0,248.0,2146.0,454.0,1128.0,2300.0,5052.0,1966.0,756.0,474.0,4924.0,3996.0,1304.0,3745.0,336.0,2469.0,70.0
2026-07-04T16:00Z,208.0,302.0,353.0,11464.0,14615.0,3066.0,234.0,17664.0,2224.0,7840.0,20237.0,1987.0,10573.0,5406.0,2146.0,1494.0,1892.0,453.0,4698.0,1464.0,2762.0,2399.0,4040.0,11610.0,5304.0,12250.0,20363.0,12183.0,25595.0,1827.0,1209.0,1815.0,536.0,929.0,1474.0,1632.0,465.0,1011.0,8619.0,4140.0,2166.0,20577.0,7381.0,9895.0,5444.0,12742.0,2582.0,4003.0,22517.0,3465.0,2147.0,1947.0,3943.0,2384.0,6851.0,4799.0,5863.0,2227.0,7002.0,282.0,2.0,14.0,76.0,2.0,52.0,,71.0,1107.0,278.0,7037.0,812.0,1296.0,144.0,246.0,2181.0,469.0,1180.0,2353.0,5478.0,2038.0,783.0,518.0,5103.0,4126.0,1375.0,3834.0,359.0,2542.0,72.0
2026-07-04T17:00Z,208.0,319.0,358.0,10651.0,15234.0,3262.0,216.0,18814.0,2387.0,8037.0,21818.0,2176.0,11370.0,5758.0,2226.0,1524.0,1914.0,404.0,4859.0,1518.0,2864.0,2425.0,4159.0,12136.0,5723.0,13006.0,21331.0,12814.0,27268.0,1848.0,1264.0,1720.0,533.0,932.0,1636.0,1746.0,497.0,1054.0,8755.0,4390.0,2244.0,21465.0,7709.0,10541.0,5678.0,13607.0,2743.0,4214.0,23557.0,3598.0,2260.0,2106.0,4271.0,2497.0,7161.0,4978.0,6109.0,2297.0,7322.0,308.0,2.0,16.0,78.0,2.0,54.0,,70.0,1177.0,294.0,7652.0,877.0,1339.0,144.0,246.0,2238.0,484.0,1210.0,2416.0,5872.0,2145.0,830.0,554.0,5328.0,4240.0,1450.0,3957.0,392.0,2637.0,75.0
2026-07-04T18:00Z,214.0,336.0,363.0,10504.0,15975.0,2873.0,234.0,19678.0,2543.0,8203.0,23175.0,2320.0,12109.0,6054.0,2335.0,1484.0,1903.0,428.0,4981.0,1512.0,2907.0,2387.0,4154.0,12573.0,6114.0,13549.0,21914.0,13222.0,28272.0,1875.0,1308.0,1816.0,537.0,900.0,1695.0,1828.0,521.0,1104.0,8842.0,4564.0,2315.0,22073.0,7902.0,10861.0,5845.0,14122.0,2850.0,4359.0,24210.0,3714.0,2362.0,2214.0,4485.0,2573.0,7403.0,5111.0,6271.0,2337.0,7636.0,328.0,2.0,18.0,77.0,2.0,55.0,0.0,70.0,1242.0,313.0,8187.0,919.0,1380.0,145.0,246.0,2218.0,498.0,1222.0,2499.0,6244.0,2218.0,866.0,583.0,5544.0,4307.0,1543.0,4080.0,432.0,2752.0,77.0
2026-07-04T19:00Z,214.0,353.0,368.0,10027.0,15943.0,2983.0,205.0,20365.0,2656.0,8264.0,24367.0,2469.0,12725.0,6321.0,2425.0,1489.0,1892.0,497.0,5102.0,1554.0,2944.0,2468.0,4179.0,12989.0,6293.0,14065.0,22271.0,13493.0,28771.0,1844.0,1335.0,1914.0,538.0,952.0,1540.0,1861.0,535.0,1155.0,8979.0,4730.0,2398.0,22313.0,7994.0,11041.0,5994.0,14264.0,2931.0,4473.0,24572.0,3844.0,2434.0,2270.0,4749.0,2643.0,7599.0,5254.0,6422.0,2377.0,7980.0,345.0,2.0,20.0,78.0,2.0,56.0,7.0,72.0,1343.0,331.0,8591.0,944.0,1403.0,134.0,241.0,2148.0,506.0,1164.0,2570.0,6516.0,2295.0,898.0,594.0,5718.0,4386.0,1616.0,4189.0,480.0,2901.0,80.0
2026-07-04T20:00Z,213.0,367.0,373.0,9661.0,14906.0,2293.0,172.0,20853.0,2695.0,8025.0,25112.0,2379.0,13221.0,6480.0,2488.0,1502.0,1887.0,546.0,5198.0,1580.0,3043.0,2529.0,4266.0,13272.0,6425.0,14204.0,22592.0,13402.0,28963.0,1813.0,1258.0,1979.0,560.0,964.0,1556.0,1941.0,538.0,1159.0,9020.0,4879.0,2506.0,22285.0,8070.0,11134.0,6138.0,14601.0,2940.0,4533.0,24755.0,3925.0,2447.0,2293.0,4963.0,2695.0,7767.0,5405.0,6563.0,2414.0,8242.0,352.0,2.0,21.0,77.0,2.0,58.0,10.0,73.0,1496.0,345.0,8810.0,921.0,1424.0,127.0,236.0,2102.0,511.0,1099.0,2636.0,6701.0,2297.0,931.0,596.0,5793.0,4433.0,1638.0,4333.0,515.0,3026.0,82.0
2026-07-04T21:00Z,210.0,375.0,378.0,9635.0,14152.0,2104.0,176.0,21100.0,2771.0,7680.0,25546.0,2327.0,13371.0,6481.0,2487.0,1603.0,1899.0,577.0,5358.0,1611.0,3124.0,2504.0,4237.0,13656.0,6292.0,14393.0,22891.0,13294.0,28642.0,1883.0,1223.0,1974.0,565.0,992.0,1746.0,2062.0,556.0,1190.0,9080.0,4929.0,2635.0,22206.0,8094.0,10917.0,6278.0,14183.0,2935.0,4581.0,24846.0,3994.0,2309.0,2351.0,5237.0,2747.0,7903.0,5568.0,6689.0,2444.0,8539.0,361.0,2.0,22.0,77.0,2.0,59.0,9.0,74.0,1613.0,353.0,8909.0,924.0,1436.0,126.0,237.0,2108.0,523.0,1068.0,2695.0,6798.0,2303.0,954.0,584.0,5805.0,4476.0,1657.0,4447.0,541.0,3144.0,83.0
2026-07-04T22:00Z,216.0,385.0,383.0,10074.0,13904.0,2026.0,149.0,21245.0,2833.0,7643.0,25625.0,2346.0,13392.0,6585.0,2539.0,1707.0,1907.0,580.0,5570.0,1664.0,3126.0,2601.0,4205.0,13934.0,6195.0,14332.0,22905.0,12705.0,28366.0,1937.0,1239.0,1947.0,554.0,947.0,1808.0,2156.0,571.0,1218.0,9105.0,5052.0,2742.0,21695.0,7692.0,10632.0,6358.0,13426.0,2876.0,4611.0,24368.0,4066.0,2100.0,2340.0,5355.0,2786.0,7946.0,5696.0,6775.0,2362.0,8829.0,364.0,2.0,23.0,76.0,2.0,59.0,6.0,75.0,1729.0,351.0,8931.0,938.0,1436.0,127.0,236.0,2106.0,549.0,1079.0,2742.0,6870.0,2364.0,964.0,595.0,5765.0,4507.0,1682.0,4471.0,567.0,3202.0,85.0
2026-07-04T23:00Z,218.0,392.0,384.0,10785.0,14718.0,1959.0,163.0,21144.0,2748.0,7140.0,25691.0,2335.0,13384.0,6628.0,2541.0,1716.0,1851.0,624.0,5595.0,1624.0,3112.0,2619.0,4168.0,14052.0,6077.0,13813.0,22571.0,12450.0,27846.0,1955.0,1283.0,1961.0,551.0,955.0,1813.0,2200.0,572.0,1228.0,9029.0,5023.0,2785.0,21098.0,6991.0,10477.0,6321.0,12648.0,2762.0,4561.0,23400.0,4075.0,2000.0,2220.0,5411.0,2723.0,7867.0,5588.0,6596.0,2258.0,8982.0,354.0,3.0,23.0,76.0,2.0,59.0,8.0,77.0,1806.0,354.0,8894.0,943.0,1431.0,129.0,234.0,2090.0,579.0,1120.0,2783.0,6852.0,2414.0,961.0,612.0,5699.0,4507.0,1673.0,4391.0,549.0,3203.0,82.0
2026-07-05T00:00Z,224.0,395.0,380.0,11571.0,14353.0,2100.0,145.0,20687.0,2719.0,7375.0,25412.0,2287.0,13548.0,6564.0,2488.0,1672.0,1793.0,669.0,5309.0,1568.0,2990.0,2521.0,3912.0,13925.0,5859.0,13028.0,21919.0,12291.0,27229.0,1980.0,1280.0,2027.0,575.0,978.0,1749.0,1973.0,523.0,1190.0,8813.0,4843.0,2731.0,20445.0,6478.0,10197.0,5546.0,12139.0,2642.0,4450.0,22405.0,4005.0,1911.0,2243.0,5199.0,2404.0,7599.0,4987.0,5980.0,2138.0,8865.0,333.0,2.0,23.0,78.0,2.0,59.0,13.0,77.0,1858.0,359.0,8617.0,931.0,1409.0,128.0,232.0,2064.0,589.0,1122.0,2807.0,6642.0,2455.0,949.0,600.0,5562.0,4490.0,1602.0,4222.0,530.0,3162.0,85.0
2026-07-05T01:00Z,208.0,391.0,381.0,12638.0,14252.0,2434.0,142.0,19970.0,2614.0,7560.0,24479.0,2288.0,13318.0,6403.0,2409.0,1617.0,1729.0,672.0,4856.0,1508.0,2827.0,2456.0,3791.0,13620.0,5660.0,12208.0,21046.0,11955.0,26193.0,1952.0,1283.0,2055.0,611.0,1010.0,1748.0,1660.0,403.0,1060.0,8591.0,4544.0,2598.0,19721.0,6169.0,9746.0,4894.0,11892.0,2496.0,4228.0,21362.0,3645.0,1833.0,2145.0,4883.0,2213.0,7115.0,4733.0,5517.0,2024.0,8339.0,272.0,2.0,23.0,77.0,2.0,58.0,23.0,78.0,1819.0,363.0,8000.0,887.0,1374.0,130.0,230.0,2038.0,587.0,1103.0,2761.0,6266.0,2425.0,927.0,566.0,5462.0,4438.0,1543.0,4039.0,529.0,3134.0,85.0
2026-07-05T02:00Z,211.0,377.0,376.0,13616.0,14314.0,2643.0,90.0,19147.0,2549.0,7570.0,23182.0,2265.0,12711.0,6110.0,2299.0,1515.0,1650.0,644.0,4411.0,1406.0,2676.0,2359.0,3672.0,12919.0,5464.0,11830.0,20248.0,11461.0,25259.0,1894.0,1255.0,2014.0,586.0,988.0,1702.0,1582.0,367.0,967.0,8239.0,4126.0,2394.0,19087.0,5935.0,9356.0,4721.0,11803.0,2373.0,4041.0,20481.0,3258.0,1778.0,2039.0,4614.0,2086.0,6354.0,4495.0,5223.0,1965.0,7851.0,248.0,2.0,21.0,77.0,2.0,57.0,22.0,78.0,1793.0,352.0,7057.0,817.0,1292.0,121.0,224.0,1995.0,557.0,1060.0,2641.0,5869.0,2326.0,883.0,530.0,5334.0,4332.0,1432.0,3871.0,511.0,3093.0,84.0
2026-07-05T03:00Z,213.0,350.0,368.0,13943.0,13915.0,2754.0,65.0,18440.0,2495.0,7606.0,21869.0,2180.0,12136.0,5882.0,2220.0,1438.0,1569.0,624.0,4109.0,1303.0,2508.0,2256.0,3526.0,12292.0,5254.0,11277.0,19473.0,11105.0,24593.0,1831.0,1207.0,1945.0,589.0,948.0,1647.0,1487.0,353.0,925.0,7922.0,3819.0,2177.0,18422.0,5725.0,8912.0,4485.0,11547.0,2253.0,3832.0,19729.0,3050.0,1728.0,1943.0,4127.0,1971.0,5858.0,4205.0,4992.0,1917.0,7299.0,232.0,2.0,21.0,77.0,2.0,56.0,26.0,76.0,1730.0,333.0,6549.0,768.0,1205.0,117.0,226.0,1978.0,525.0,1020.0,2522.0,5284.0,2218.0,842.0,505.0,5246.0,4211.0,1328.0,3729.0,473.0,3011.0,79.0
2026-07-05T04:00Z,211.0,323.0,362.0,13757.0,13529.0,2755.0,85.0,17673.0,2443.0,7707.0,20821.0,2090.0,11650.0,5705.0,2100.0,1333.0,1456.0,579.0,3818.0,1212.0,2295.0,2123.0,3387.0,11754.0,5121.0,10890.0,18916.0,10756.0,23967.0,1790.0,1166.0,1881.0,546.0,921.0,1582.0,1410.0,332.0,878.0,7594.0,3567.0,1991.0,17886.0,5495.0,8551.0,4235.0,11246.0,2179.0,3589.0,18904.0,2800.0,1689.0,1886.0,3641.0,1859.0,5538.0,4008.0,4732.0,1832.0,6758.0,217.0,2.0,19.0,79.0,2.0,56.0,26.0,75.0,1620.0,321.0,6196.0,724.0,1182.0,115.0,222.0,1937.0,495.0,985.0,2405.0,4713.0,2124.0,806.0,488.0,5137.0,4089.0,1192.0,3589.0,446.0,2917.0,73.0
2026-07-05T05:00Z,202.0,305.0,360.0,13272.0,13237.0,2690.0,81.0,17041.0,2322.0,7689.0,19958.0,2043.0,11135.0,5506.0,1984.0,1242.0,1334.0,534.0,3560.0,1151.0,2118.0,2013.0,3224.0,11233.0,4945.0,10346.0,19240.0,10547.0,22822.0,1713.0,1101.0,1793.0,530.0,856.0,1481.0,1342.0,310.0,828.0,7263.0,3258.0,1818.0,16984.0,5169.0,8175.0,3958.0,10859.0,2045.0,3351.0,18027.0,2559.0,1617.0,1708.0,3276.0,1743.0,5248.0,3791.0,4470.0,1730.0,6352.0,200.0,2.0,17.0,77.0,2.0,55.0,32.0,75.0,1536.0,305.0,5807.0,667.0,1161.0,112.0,220.0,1910.0,479.0,969.0,2327.0,4398.0,2057.0,780.0,463.0,5037.0,4021.0,1093.0,3478.0,422.0,2794.0,70.0
2026-07-05T06:00Z,202.0,285.0,355.0,12758.0,12934.0,2643.0,82.0,16381.0,2196.0,7746.0,18791.0,1975.0,10509.0,5266.0,1911.0,1164.0,1246.0,511.0,3370.0,1082.0,1964.0,1902.0,3064.0,10655.0,4680.0,9849.0,18611.0,10301.0,21867.0,1632.0,1045.0,1719.0,519.0,810.0,1398.0,1280.0,290.0,793.0,7060.0,3023.0,1673.0,16164.0,4897.0,7674.0,3731.0,10408.0,1911.0,3141.0,17238.0,2363.0,1543.0,1589.0,3031.0,1652.0,4994.0,3621.0,4275.0,1658.0,6017.0,189.0,2.0,15.0,77.0,2.0,55.0,29.0,74.0,1454.0,293.0,5403.0,597.0,1134.0,107.0,216.0,1836.0,456.0,928.0,2244.0,4126.0,1967.0,756.0,392.0,4925.0,3901.0,1057.0,3347.0,392.0,2659.0,68.0
2026-07-05T07:00Z,199.0,265.0,350.0,12224.0,12364.0,2531.0,41.0,15671.0,2033.0,7750.0,17546.0,1836.0,9898.0,5017.0,1880.0,1120.0,1177.0,489.0,3206.0,1006.0,1847.0,1826.0,2926.0,10145.0,4427.0,9415.0,17854.0,9877.0,20962.0,1577.0,1006.0,1671.0,522.0,774.0,1335.0,1221.0,276.0,757.0,6859.0,2845.0,1558.0,15702.0,4698.0,7397.0,3550.0,10001.0,1809.0,2958.0,16677.0,2225.0,1482.0,1526.0,2838.0,1586.0,4799.0,3470.0,4117.0,1608.0,5728.0,183.0,2.0,15.0,78.0,2.0,55.0,27.0,73.0,1380.0,278.0,5074.0,545.0,1120.0,100.0,209.0,1753.0,432.0,875.0,2174.0,3889.0,1878.0,737.0,359.0,4810.0,3810.0,1009.0,3171.0,360.0,2542.0,65.0
2026-07-05T08:00Z,191.0,250.0,344.0,11765.0,11653.0,2469.0,33.0,15048.0,1947.0,7627.0,16302.0,1834.0,9361.0,4827.0,1817.0,1090.0,1133.0,477.0,3096.0,991.0,1780.0,1777.0,2797.0,9795.0,4268.0,9120.0,16974.0,9529.0,20393.0,1541.0,980.0,1638.0,513.0,751.0,1296.0,1180.0,261.0,725.0,6685.0,2710.0,1474.0,15300.0,4562.0,7125.0,3429.0,9626.0,1743.0,2830.0,16253.0,2128.0,1431.0,1487.0,2669.0,1531.0,4648.0,3348.0,3992.0,1573.0,5515.0,175.0,3.0,13.0,77.0,2.0,55.0,25.0,72.0,1308.0,271.0,4858.0,515.0,1103.0,94.0,202.0,1696.0,413.0,828.0,2106.0,3714.0,1812.0,717.0,338.0,4723.0,3720.0,967.0,3022.0,333.0,2431.0,62.0
2026-07-05T09:00Z,189.0,240.0,340.0,11135.0,11070.0,2362.0,34.0,14579.0,1871.0,7694.0,15332.0,1790.0,9007.0,4674.0,1828.0,1076.0,1107.0,475.0,3043.0,945.0,1724.0,1722.0,2701.0,9542.0,4165.0,8873.0,16457.0,9292.0,19966.0,1517.0,964.0,1619.0,518.0,742.0,1275.0,1150.0,256.0,707.0,6563.0,2624.0,1424.0,15031.0,4477.0,7020.0,3343.0,9384.0,1700.0,2766.0,15902.0,2079.0,1408.0,1367.0,2569.0,1492.0,4556.0,3271.0,3932.0,1556.0,5368.0,170.0,2.0,13.0,77.0,2.0,54.0,25.0,71.0,1256.0,260.0,4681.0,492.0,1093.0,91.0,198.0,1644.0,402.0,803.0,2037.0,3614.0,1777.0,702.0,324.0,4644.0,3669.0,927.0,2934.0,314.0,2349.0,61.0
2026-07-05T10:00Z,187.0,233.0,336.0,10623.0,10446.0,2190.0,37.0,14221.0,1728.0,7616.0,14644.0,1757.0,8761.0,4583.0,1797.0,1048.0,1090.0,470.0,3011.0,938.0,1693.0,1684.0,2629.0,9435.0,4132.0,8868.0,16085.0,9227.0,19716.0,1498.0,955.0,1602.0,505.0,734.0,1248.0,1133.0,250.0,704.0,6511.0,2574.0,1406.0,14944.0,4448.0,7006.0,3291.0,9234.0,1690.0,2718.0,15767.0,2067.0,1397.0,1371.0,2519.0,1479.0,4509.0,3233.0,3922.0,1565.0,5280.0,169.0,2.0,12.0,77.0,2.0,54.0,24.0,70.0,1190.0,253.0,4586.0,486.0,1085.0,89.0,195.0,1625.0,397.0,785.0,2014.0,3569.0,1757.0,697.0,316.0,4593.0,3614.0,922.0,2902.0,303.0,2311.0,59.0
2026-07-05T11:00Z,187.0,230.0,336.0,10316.0,9994.0,2087.0,35.0,14042.0,1688.0,7492.0,14195.0,1725.0,8612.0,4538.0,1770.0,1040.0,1111.0,443.0,3009.0,946.0,1687.0,1665.0,2649.0,9367.0,4117.0,8829.0,16044.0,9220.0,19504.0,1481.0,950.0,1582.0,493.0,697.0,1205.0,1114.0,247.0,697.0,6511.0,2549.0,1389.0,14914.0,4450.0,6968.0,3265.0,9131.0,1676.0,2700.0,15688.0,2063.0,1390.0,1346.0,2480.0,1495.0,4491.0,3252.0,3968.0,1577.0,5166.0,167.0,2.0,12.0,77.0,2.0,53.0,24.0,70.0,1170.0,252.0,4542.0,489.0,1081.0,88.0,194.0,1628.0,397.0,757.0,1989.0,3545.0,1749.0,699.0,312.0,4566.0,3585.0,920.0,2899.0,297.0,2292.0,58.0
2026-07-05T12:00Z,184.0,227.0,334.0,10159.0,9839.0,2040.0,33.0,13823.0,1657.0,7506.0,13833.0,1675.0,8516.0,4497.0,1761.0,1023.0,1168.0,394.0,3054.0,974.0,1735.0,1685.0,2722.0,9340.0,4075.0,8963.0,16245.0,9053.0,19438.0,1500.0,973.0,1574.0,487.0,631.0,1173.0,1123.0,255.0,706.0,6647.0,2557.0,1415.0,15252.0,4641.0,7139.0,3339.0,9064.0,1727.0,2760.0,15985.0,2123.0,1449.0,1364.0,2516.0,1568.0,4587.0,3304.0,4109.0,1640.0,5152.0,173.0,2.0,12.0,79.0,2.0,53.0,24.0,69.0,1158.0,253.0,4507.0,496.0,1077.0,88.0,192.0,1625.0,395.0,770.0,1998.0,3564.0,1744.0,697.0,309.0,4560.0,3601.0,943.0,2900.0,295.0,2270.0,57.0
2026-07-05T13:00Z,173.0,240.0,334.0,10155.0,9827.0,2066.0,32.0,13921.0,1628.0,7554.0,14046.0,1706.0,8587.0,4484.0,1774.0,1028.0,1248.0,316.0,3194.0,1004.0,1827.0,1713.0,2826.0,9538.0,4165.0,9295.0,16812.0,9119.0,19542.0,1547.0,993.0,1587.0,468.0,598.0,1151.0,1132.0,264.0,738.0,6848.0,2687.0,1475.0,15895.0,5046.0,7510.0,3545.0,9357.0,1863.0,2909.0,16774.0,2281.0,1551.0,1408.0,2632.0,1675.0,4809.0,3440.0,4352.0,1738.0,5245.0,183.0,2.0,13.0,78.0,1.0,52.0,19.0,68.0,1125.0,235.0,4614.0,525.0,1090.0,93.0,199.0,1691.0,415.0,830.0,2055.0,3651.0,1822.0,705.0,319.0,4563.0,3702.0,1020.0,3012.0,299.0,2257.0,59.0
2026-07-05T14:00Z,182.0,268.0,340.0,10067.0,9852.0,2007.0,61.0,14788.0,1713.0,7471.0,15295.0,1813.0,9004.0,4699.0,1847.0,1028.0,1336.0,250.0,3204.0,1028.0,1882.0,1711.0,2885.0,9978.0,4373.0,9836.0,17550.0,9672.0,20869.0,1604.0,1000.0,1586.0,467.0,612.0,1137.0,1161.0,285.0,759.0,7079.0,2887.0,1525.0,16975.0,5524.0,7861.0,3848.0,9782.0,2028.0,3141.0,17812.0,2397.0,1682.0,1601.0,2810.0,1797.0,5138.0,3698.0,4572.0,1831.0,5348.0,191.0,2.0,13.0,76.0,1.0,52.0,0.0,69.0,1142.0,255.0,4935.0,571.0,1133.0,106.0,217.0,1858.0,456.0,944.0,2181.0,3941.0,1969.0,740.0,340.0,4653.0,3858.0,1094.0,3260.0,309.0,2306.0,65.0
2026-07-05T15:00Z,211.0,301.0,348.0,10225.0,11177.0,2181.0,134.0,16055.0,1957.0,7683.0,16931.0,1927.0,9648.0,5053.0,1982.0,1048.0,1394.0,208.0,3254.0,1070.0,1919.0,1764.0,2991.0,10577.0,4551.0,10347.0,17947.0,10325.0,22309.0,1643.0,1018.0,1596.0,468.0,608.0,1143.0,1207.0,314.0,791.0,7311.0,3003.0,1578.0,17939.0,6001.0,8171.0,4120.0,10146.0,2183.0,3397.0,19015.0,2574.0,1811.0,1669.0,3044.0,1916.0,5523.0,3929.0,4793.0,1926.0,5707.0,201.0,2.0,14.0,78.0,2.0,52.0,0.0,68.0,1178.0,269.0,5361.0,623.0,1166.0,123.0,240.0,2074.0,502.0,1071.0,2324.0,4238.0,2093.0,780.0,371.0,4804.0,4019.0,1150.0,3575.0,330.0,2402.0,68.0
2026-07-05T16:00Z,213.0,337.0,354.0,10913.0,13449.0,2563.0,227.0,17366.0,2178.0,7942.0,18732.0,2040.0,10450.0,5390.0,2078.0,1093.0,1455.0,204.0,3486.0,1105.0,2012.0,1873.0,3098.0,11223.0,4753.0,10889.0,18185.0,10959.0,23532.0,1658.0,1050.0,1650.0,471.0,632.0,1165.0,1292.0,333.0,828.0,7451.0,3099.0,1635.0,19099.0,6483.0,8414.0,4454.0,10552.0,2315.0,3655.0,20187.0,2683.0,1912.0,1798.0,3499.0,2035.0,5883.0,4116.0,4970.0,2003.0,6095.0,214.0,2.0,15.0,78.0,2.0,53.0,,71.0,1195.0,277.0,5873.0,675.0,1203.0,143.0,265.0,2290.0,548.0,1204.0,2465.0,4600.0,2260.0,820.0,414.0,4964.0,4202.0,1208.0,3896.0,359.0,2542.0,70.0
2026-07-05T17:00Z,213.0,366.0,362.0,10847.0,13834.0,2747.0,230.0,18596.0,2293.0,8122.0,20649.0,2155.0,11291.0,5725.0,2181.0,1171.0,1515.0,209.0,3681.0,1119.0,2078.0,1948.0,3220.0,11842.0,5004.0,11360.0,18729.0,11580.0,25104.0,1729.0,1059.0,1648.0,475.0,646.0,1189.0,1404.0,338.0,856.0,7641.0,3266.0,1726.0,20086.0,6917.0,8626.0,4722.0,10900.0,2452.0,3875.0,21319.0,2836.0,2049.0,1970.0,3719.0,2129.0,6203.0,4329.0,5199.0,2088.0,6287.0,231.0,3.0,16.0,78.0,2.0,55.0,,71.0,1270.0,290.0,6434.0,728.0,1240.0,160.0,285.0,2483.0,588.0,1322.0,2613.0,4939.0,2434.0,863.0,456.0,5156.0,4369.0,1231.0,4241.0,399.0,2695.0,71.0
2026-07-05T18:00Z,215.0,393.0,370.0,10121.0,14926.0,2533.0,231.0,19478.0,2493.0,8205.0,22206.0,2248.0,12114.0,6027.0,2295.0,1199.0,1567.0,229.0,3810.0,1147.0,2138.0,2033.0,3295.0,12378.0,5246.0,11894.0,19372.0,12187.0,26582.0,1811.0,1097.0,1679.0,480.0,665.0,1245.0,1447.0,348.0,873.0,7803.0,3475.0,1809.0,20831.0,7219.0,8858.0,4980.0,11200.0,2560.0,4045.0,22251.0,3052.0,2151.0,2171.0,3906.0,2246.0,6474.0,4585.0,5397.0,2134.0,6496.0,235.0,2.0,18.0,79.0,2.0,56.0,,73.0,1389.0,307.0,6957.0,783.0,1268.0,171.0,304.0,2670.0,626.0,1422.0,2729.0,5219.0,2566.0,904.0,495.0,5359.0,4478.0,1260.0,4554.0,450.0,2864.0,72.0
2026-07-05T19:00Z,223.0,416.0,379.0,9654.0,15686.0,2823.0,234.0,20113.0,2684.0,8256.0,23169.0,2323.0,12778.0,6288.0,2371.0,1245.0,1633.0,263.0,3912.0,1204.0,2292.0,2144.0,3452.0,12810.0,5492.0,12423.0,20129.0,12727.0,27653.0,1859.0,1142.0,1714.0,480.0,679.0,1290.0,1486.0,372.0,865.0,7865.0,3590.0,1956.0,21261.0,7475.0,8946.0,5235.0,11527.0,2647.0,4189.0,22857.0,3242.0,2226.0,2212.0,3977.0,2369.0,6751.0,4808.0,5572.0,2145.0,6716.0,236.0,2.0,19.0,77.0,2.0,57.0,,75.0,1504.0,319.0,7427.0,835.0,1307.0,190.0,320.0,2809.0,660.0,1509.0,2826.0,5533.0,2660.0,939.0,533.0,5562.0,4556.0,1304.0,4808.0,503.0,3028.0,75.0
2026-07-05T20:00Z,224.0,429.0,385.0,9530.0,15927.0,2599.0,223.0,20598.0,2777.0,8203.0,23719.0,2393.0,13357.0,6431.0,2451.0,1282.0,1692.0,318.0,4059.0,1250.0,2417.0,2185.0,3538.0,13213.0,5689.0,12872.0,20757.0,13026.0,27931.0,1909.0,1184.0,1843.0,496.0,734.0,1395.0,1557.0,377.0,883.0,7877.0,3588.0,2100.0,21592.0,7586.0,9370.0,5464.0,11871.0,2724.0,4320.0,23419.0,3418.0,2286.0,2147.0,4024.0,2461.0,7001.0,5017.0,5759.0,2108.0,6867.0,244.0,2.0,19.0,76.0,2.0,58.0,7.0,74.0,1582.0,327.0,7786.0,872.0,1326.0,195.0,331.0,2921.0,682.0,1570.0,2913.0,5735.0,2720.0,970.0,562.0,5705.0,4621.0,1322.0,5014.0,550.0,3182.0,78.0
2026-07-05T21:00Z,228.0,439.0,392.0,9878.0,16219.0,2118.0,154.0,20952.0,2641.0,8111.0,24025.0,2308.0,13706.0,6606.0,2511.0,1391.0,1775.0,411.0,4199.0,1266.0,2476.0,2293.0,3606.0,13710.0,5885.0,13235.0,21313.0,13103.0,27799.0,1950.0,1240.0,1997.0,502.0,815.0,1543.0,1613.0,387.0,906.0,7933.0,3622.0,2265.0,21833.0,7522.0,9769.0,5663.0,12095.0,2803.0,4417.0,23851.0,3553.0,2165.0,2199.0,4244.0,2520.0,7168.0,5232.0,5932.0,2140.0,7114.0,250.0,2.0,21.0,76.0,2.0,59.0,5.0,73.0,1681.0,337.0,8001.0,900.0,1352.0,203.0,339.0,3021.0,698.0,1618.0,2978.0,5852.0,2774.0,992.0,584.0,5754.0,4660.0,1354.0,5208.0,588.0,3318.0,80.0
2026-07-05T22:00Z,228.0,450.0,396.0,9964.0,15806.0,2015.0,141.0,21348.0,2596.0,7798.0,24341.0,2099.0,13914.0,6677.0,2583.0,1535.0,1850.0,541.0,4267.0,1309.0,2549.0,2364.0,3646.0,14210.0,6108.0,13472.0,21860.0,13243.0,27480.0,1959.0,1293.0,2117.0,555.0,927.0,1723.0,1687.0,397.0,927.0,8043.0,3657.0,2355.0,21718.0,7425.0,9970.0,5807.0,12257.0,2857.0,4436.0,24053.0,3628.0,2002.0,2216.0,4442.0,2585.0,7218.0,5365.0,6044.0,2163.0,7439.0,257.0,2.0,22.0,78.0,3.0,61.0,6.0,73.0,1736.0,338.0,8063.0,925.0,1366.0,210.0,345.0,3077.0,710.0,1646.0,3029.0,5960.0,2805.0,1012.0,599.0,5739.0,4698.0,1383.0,5358.0,624.0,3358.0,82.0
2026-07-05T23:00Z,230.0,459.0,400.0,10600.0,15762.0,1971.0,136.0,21495.0,2455.0,7614.0,24126.0,2084.0,14144.0,6619.0,2620.0,1648.0,1848.0,657.0,4282.0,1270.0,2537.0,2393.0,3624.0,14691.0,6289.0,13489.0,21994.0,13434.0,27130.0,1920.0,1316.0,2142.0,591.0,984.0,1827.0,1680.0,402.0,920.0,8010.0,3608.0,2353.0,21496.0,7296.0,9724.0,5782.0,12373.0,2858.0,4445.0,23682.0,3613.0,1915.0,2188.0,4413.0,2599.0,7093.0,5371.0,6031.0,2143.0,7441.0,253.0,2.0,22.0,76.0,3.0,60.0,3.0,77.0,1807.0,339.0,7982.0,939.0,1366.0,212.0,345.0,3127.0,724.0,1681.0,3091.0,6053.0,2822.0,1018.0,608.0,5714.0,4711.0,1401.0,5460.0,660.0,3348.0,85.0
2026-07-06T00:00Z,229.0,464.0,403.0,11249.0,16053.0,2138.0,143.0,21259.0,2345.0,7741.0,23610.0,2100.0,14240.0,6547.0,2610.0,1642.0,1786.0,706.0,4208.0,1237.0,2469.0,2379.0,3587.0,14992.0,6403.0,13355.0,21891.0,13368.0,26601.0,1878.0,1316.0,2161.0,601.0,1046.0,1851.0,1650.0,395.0,901.0,7866.0,3493.0,2258.0,21166.0,7075.0,9458.0,5564.0,12354.0,2805.0,4359.0,22728.0,3501.0,1863.0,2160.0,4210.0,2510.0,6754.0,5129.0,5862.0,2082.0,7247.0,245.0,2.0,23.0,72.0,3.0,59.0,6.0,78.0,1737.0,340.0,7738.0,936.0,1365.0,214.0,343.0,3114.0,721.0,1665.0,3113.0,6008.0,2810.0,1016.0,606.0,5585.0,4723.0,1390.0,5440.0,689.0,3417.0,87.0
2026-07-06T01:00Z,220.0,461.0,404.0,12178.0,16160.0,2538.0,155.0,20786.0,2400.0,7578.0,22542.0,2067.0,14003.0,6321.0,2099.0,1614.0,1710.0,718.0,4139.0,1224.0,2410.0,2387.0,3573.0,15122.0,6391.0,12902.0,21404.0,13162.0,25868.0,1849.0,1309.0,2141.0,575.0,1071.0,1851.0,1610.0,389.0,898.0,7815.0,3391.0,2153.0,20522.0,6767.0,9204.0,5203.0,12308.0,2692.0,4206.0,21858.0,3324.0,1814.0,2215.0,4029.0,2376.0,6395.0,4720.0,5669.0,2027.0,7111.0,240.0,2.0,22.0,71.0,3.0,57.0,17.0,77.0,1729.0,335.0,7449.0,906.0,1348.0,203.0,340.0,3030.0,704.0,1607.0,3109.0,5906.0,2769.0,996.0,586.0,5448.0,4666.0,1352.0,5305.0,696.0,3471.0,84.0
2026-07-06T02:00Z,223.0,443.0,399.0,13312.0,15622.0,2753.0,140.0,19935.0,2355.0,7475.0,21634.0,1936.0,13408.0,6164.0,1738.0,1525.0,1609.0,694.0,3948.0,1286.0,2286.0,2296.0,3474.0,14813.0,6178.0,12418.0,20778.0,12676.0,25023.0,1822.0,1286.0,2087.0,556.0,1032.0,1788.0,1536.0,371.0,884.0,7686.0,3266.0,2025.0,19960.0,6473.0,9158.0,4748.0,12097.0,2580.0,4008.0,21025.0,3145.0,1796.0,2119.0,3778.0,2219.0,6086.0,4499.0,5344.0,1979.0,6873.0,233.0,2.0,21.0,74.0,3.0,56.0,25.0,76.0,1703.0,327.0,7117.0,851.0,1316.0,192.0,329.0,2873.0,670.0,1497.0,3062.0,5681.0,2661.0,959.0,550.0,5322.0,4580.0,1303.0,5024.0,671.0,3427.0,75.0
2026-07-06T03:00Z,232.0,415.0,391.0,13881.0,14976.0,2810.0,98.0,19143.0,2316.0,7558.0,20778.0,2041.0,12821.0,5938.0,1729.0,1380.0,1471.0,648.0,3652.0,1061.0,2096.0,2150.0,3287.0,14240.0,5964.0,12009.0,20088.0,12273.0,24278.0,1752.0,1218.0,1980.0,549.0,955.0,1669.0,1434.0,344.0,834.0,7389.0,3058.0,1880.0,19050.0,6117.0,8789.0,4418.0,11881.0,2438.0,3808.0,20049.0,2875.0,1713.0,1971.0,3479.0,2059.0,5717.0,4238.0,4991.0,1885.0,6492.0,219.0,3.0,20.0,75.0,3.0,56.0,29.0,75.0,1629.0,317.0,6771.0,798.0,1265.0,177.0,316.0,2734.0,636.0,1419.0,2976.0,5438.0,2537.0,923.0,524.0,5259.0,4540.0,1258.0,4744.0,628.0,3311.0,72.0
2026-07-06T04:00Z,227.0,391.0,382.0,13892.0,14560.0,2763.0,86.0,18107.0,2221.0,7096.0,19552.0,1849.0,12048.0,5663.0,1712.0,1259.0,1343.0,591.0,3327.0,1017.0,1913.0,1979.0,3062.0,13453.0,5591.0,11519.0,19048.0,11594.0,23186.0,1661.0,1126.0,1849.0,557.0,885.0,1556.0,1307.0,307.0,776.0,7037.0,2808.0,1728.0,18053.0,5714.0,8152.0,4101.0,11408.0,2283.0,3550.0,18936.0,2588.0,1618.0,1805.0,3158.0,1922.0,5307.0,3976.0,4682.0,1784.0,6068.0,201.0,2.0,18.0,75.0,3.0,55.0,29.0,74.0,1576.0,307.0,6329.0,732.0,1249.0,158.0,306.0,2556.0,595.0,1313.0,2844.0,5153.0,2397.0,899.0,484.0,5073.0,4357.0,1198.0,4412.0,592.0,3182.0,70.0
2026-07-06T05:00Z,218.0,354.0,376.0,13664.0,14410.0,2750.0,86.0,17140.0,2023.0,6936.0,18080.0,1688.0,11189.0,5477.0,1601.0,1170.0,1248.0,555.0,3070.0,1069.0,1754.0,1855.0,2872.0,12433.0,5184.0,10802.0,18728.0,10863.0,21832.0,1590.0,1060.0,1754.0,535.0,835.0,1470.0,1205.0,276.0,734.0,6750.0,2584.0,1568.0,17169.0,5405.0,7683.0,3800.0,10798.0,2136.0,3295.0,17982.0,2383.0,1561.0,1629.0,2902.0,1812.0,4943.0,3694.0,4435.0,1697.0,5676.0,184.0,2.0,17.0,75.0,2.0,54.0,32.0,73.0,1454.0,294.0,5849.0,669.0,1203.0,142.0,287.0,2351.0,546.0,1192.0,2693.0,4875.0,2226.0,867.0,432.0,4868.0,4174.0,1127.0,4058.0,531.0,2988.0,67.0
2026-07-06T06:00Z,211.0,320.0,366.0,12836.0,13499.0,2565.0,76.0,16204.0,1911.0,6905.0,16688.0,1600.0,10390.0,5206.0,1510.0,1114.0,1184.0,524.0,2869.0,964.0,1643.0,1774.0,2716.0,11617.0,4900.0,10182.0,18134.0,10448.0,20937.0,1525.0,1015.0,1688.0,523.0,792.0,1397.0,1132.0,257.0,692.0,6436.0,2410.0,1448.0,16503.0,5220.0,7396.0,3582.0,10283.0,2009.0,3113.0,17285.0,2237.0,1479.0,1529.0,2667.0,1736.0,4699.0,3482.0,4235.0,1646.0,5319.0,172.0,2.0,16.0,76.0,2.0,53.0,29.0,72.0,1339.0,274.0,5434.0,609.0,1175.0,125.0,270.0,2175.0,504.0,1089.0,2579.0,4596.0,2089.0,842.0,395.0,4730.0,4053.0,1064.0,3769.0,465.0,2789.0,61.0
2026-07-06T07:00Z,203.0,297.0,359.0,12124.0,12481.0,2464.0,31.0,15491.0,1802.0,7031.0,15573.0,1713.0,9800.0,4981.0,1514.0,1086.0,1147.0,514.0,2741.0,833.0,1558.0,1688.0,2646.0,11043.0,4625.0,9885.0,17537.0,10213.0,20160.0,1481.0,987.0,1646.0,521.0,766.0,1362.0,1072.0,244.0,660.0,6190.0,2290.0,1368.0,16121.0,5120.0,7142.0,3434.0,9900.0,1923.0,2950.0,16779.0,2128.0,1428.0,1456.0,2522.0,1685.0,4535.0,3370.0,4123.0,1620.0,5082.0,163.0,2.0,14.0,76.0,2.0,52.0,27.0,71.0,1255.0,260.0,5138.0,563.0,1165.0,115.0,255.0,2029.0,471.0,1012.0,2483.0,4339.0,1989.0,818.0,366.0,4624.0,3924.0,1018.0,3557.0,418.0,2643.0,63.0
2026-07-06T08:00Z,198.0,282.0,353.0,11623.0,11655.0,2412.0,28.0,14959.0,1739.0,7054.0,14756.0,1735.0,9315.0,4784.0,1419.0,1069.0,1128.0,501.0,2664.0,817.0,1505.0,1643.0,2617.0,10561.0,4430.0,9658.0,17119.0,9903.0,19503.0,1461.0,971.0,1631.0,518.0,754.0,1335.0,1036.0,232.0,635.0,6089.0,2226.0,1317.0,15797.0,5062.0,7045.0,3359.0,9627.0,1871.0,2865.0,16469.0,2069.0,1400.0,1277.0,2440.0,1655.0,4440.0,3304.0,4084.0,1604.0,4945.0,157.0,2.0,14.0,78.0,2.0,52.0,25.0,71.0,1186.0,252.0,4950.0,536.0,1155.0,111.0,248.0,1927.0,449.0,949.0,2429.0,4153.0,1925.0,784.0,346.0,4569.0,3861.0,993.0,3400.0,378.0,2540.0,62.0
2026-07-06T09:00Z,192.0,273.0,350.0,10820.0,11059.0,2344.0,32.0,14636.0,1701.0,6949.0,14232.0,1703.0,9012.0,4652.0,1504.0,1077.0,1142.0,507.0,2662.0,809.0,1501.0,1650.0,2609.0,10315.0,4347.0,9620.0,16390.0,9747.0,19121.0,1479.0,981.0,1642.0,509.0,767.0,1331.0,1025.0,228.0,633.0,6103.0,2232.0,1309.0,15751.0,5163.0,7111.0,3358.0,9492.0,1863.0,2849.0,16393.0,2067.0,1400.0,1256.0,2430.0,1664.0,4443.0,3322.0,4111.0,1624.0,4955.0,156.0,2.0,13.0,76.0,2.0,53.0,25.0,70.0,1146.0,251.0,4836.0,524.0,1148.0,106.0,241.0,1862.0,439.0,918.0,2375.0,4065.0,1886.0,753.0,333.0,4509.0,3772.0,977.0,3296.0,352.0,2460.0,59.0
2026-07-06T10:00Z,196.0,266.0,348.0,10395.0,10529.0,2347.0,39.0,14564.0,1702.0,6932.0,14093.0,1714.0,8911.0,4592.0,1570.0,1116.0,1194.0,523.0,2765.0,865.0,1553.0,1721.0,2663.0,10332.0,4328.0,9846.0,16773.0,9580.0,19041.0,1515.0,1020.0,1704.0,518.0,792.0,1351.0,1044.0,235.0,653.0,6281.0,2289.0,1348.0,16183.0,5311.0,7439.0,3453.0,9636.0,1933.0,2929.0,16638.0,2132.0,1452.0,1334.0,2500.0,1736.0,4573.0,3456.0,4268.0,1713.0,5105.0,162.0,2.0,13.0,77.0,2.0,53.0,24.0,70.0,1112.0,248.0,4798.0,525.0,1137.0,104.0,243.0,1849.0,434.0,912.0,2351.0,4051.0,1882.0,751.0,328.0,4485.0,3750.0,967.0,3288.0,334.0,2416.0,59.0
2026-07-06T11:00Z,199.0,265.0,347.0,10177.0,10282.0,2114.0,34.0,14774.0,1755.0,6975.0,14380.0,1711.0,9044.0,4567.0,1536.0,1169.0,1284.0,534.0,2951.0,870.0,1606.0,1804.0,2797.0,10645.0,4463.0,10205.0,17548.0,9590.0,19336.0,1585.0,1073.0,1784.0,541.0,818.0,1384.0,1084.0,249.0,681.0,6618.0,2388.0,1398.0,16704.0,5505.0,7773.0,3594.0,9957.0,2036.0,3071.0,16976.0,2226.0,1500.0,1348.0,2613.0,1827.0,4768.0,3609.0,4568.0,1830.0,5286.0,170.0,2.0,13.0,74.0,2.0,53.0,24.0,69.0,1109.0,252.0,4902.0,546.0,1135.0,104.0,249.0,1884.0,443.0,937.0,2393.0,4147.0,1909.0,760.0,337.0,4487.0,3803.0,973.0,3384.0,329.0,2390.0,59.0
2026-07-06T12:00Z,197.0,272.0,347.0,10251.0,10203.0,2157.0,24.0,14917.0,1797.0,7035.0,14758.0,1719.0,9215.0,4613.0,1682.0,1188.0,1375.0,526.0,3153.0,911.0,1704.0,1900.0,2921.0,11239.0,4603.0,10599.0,18551.0,9962.0,19719.0,1665.0,1133.0,1831.0,514.0,825.0,1429.0,1142.0,263.0,723.0,6984.0,2533.0,1476.0,17328.0,5788.0,8177.0,3775.0,10490.0,2184.0,3246.0,17523.0,2364.0,1583.0,1340.0,2767.0,1950.0,5055.0,3784.0,4849.0,1954.0,5513.0,182.0,3.0,13.0,77.0,2.0,55.0,25.0,70.0,1130.0,255.0,5078.0,574.0,1145.0,105.0,260.0,1948.0,468.0,949.0,2479.0,4269.0,1989.0,779.0,352.0,4530.0,3927.0,987.0,3533.0,332.0,2418.0,59.0
2026-07-06T13:00Z,186.0,295.0,354.0,10710.0,10533.0,2183.0,31.0,15230.0,1800.0,7179.0,15315.0,1799.0,9453.0,4673.0,1753.0,1185.0,1430.0,470.0,3285.0,952.0,1777.0,1956.0,2954.0,11943.0,4795.0,11059.0,19692.0,10712.0,20305.0,1717.0,1166.0,1875.0,507.0,812.0,1452.0,1195.0,277.0,745.0,7215.0,2682.0,1560.0,18024.0,6029.0,8581.0,3927.0,11161.0,2316.0,3471.0,18070.0,2510.0,1637.0,1451.0,2910.0,2023.0,5230.0,3965.0,5044.0,2015.0,5709.0,194.0,2.0,13.0,77.0,2.0,55.0,21.0,71.0,1128.0,264.0,5373.0,619.0,1173.0,114.0,279.0,2109.0,514.0,1058.0,2590.0,4439.0,2152.0,808.0,388.0,4592.0,4128.0,1014.0,3792.0,346.0,2473.0,61.0
2026-07-06T14:00Z,197.0,329.0,363.0,11243.0,11134.0,2360.0,76.0,16225.0,1854.0,7459.0,16404.0,1896.0,9905.0,4876.0,1801.0,1170.0,1456.0,396.0,3378.0,1004.0,1817.0,1977.0,3033.0,12552.0,4955.0,11647.0,20623.0,11484.0,21417.0,1747.0,1172.0,1879.0,521.0,803.0,1458.0,1230.0,293.0,757.0,7356.0,2773.0,1621.0,18804.0,6309.0,8889.0,4061.0,11752.0,2439.0,3700.0,18709.0,2616.0,1711.0,1616.0,2984.0,2075.0,5281.0,4073.0,5183.0,2066.0,5790.0,201.0,2.0,15.0,76.0,2.0,56.0,4.0,71.0,1180.0,272.0,5871.0,667.0,1227.0,127.0,298.0,2286.0,563.0,1166.0,2777.0,4785.0,2310.0,850.0,427.0,4698.0,4303.0,1075.0,4078.0,371.0,2586.0,67.0
2026-07-06T15:00Z,216.0,357.0,374.0,11813.0,12860.0,3236.0,163.0,17371.0,1997.0,7586.0,17846.0,2017.0,10536.0,5187.0,1885.0,1162.0,1494.0,364.0,3479.0,1023.0,1859.0,1992.0,3044.0,13144.0,5136.0,12218.0,21252.0,12226.0,22773.0,1792.0,1203.0,1834.0,518.0,786.0,1463.0,1243.0,306.0,763.0,7403.0,2824.0,1662.0,19635.0,6662.0,9348.0,4174.0,12332.0,2566.0,3946.0,19532.0,2695.0,1788.0,1757.0,3071.0,2137.0,5380.0,4212.0,5283.0,2112.0,5883.0,204.0,2.0,17.0,76.0,2.0,60.0,,74.0,1203.0,281.0,6439.0,724.0,1273.0,142.0,314.0,2470.0,602.0,1292.0,2992.0,5135.0,2460.0,895.0,463.0,4827.0,4430.0,1144.0,4419.0,399.0,2691.0,69.0
2026-07-06T16:00Z,222.0,381.0,383.0,12423.0,15552.0,3459.0,231.0,18562.0,2203.0,7712.0,19587.0,2165.0,11289.0,5550.0,1960.0,1154.0,1525.0,361.0,3497.0,1018.0,1853.0,1960.0,3043.0,13822.0,5349.0,12856.0,21734.0,12838.0,24698.0,1825.0,1242.0,1782.0,516.0,754.0,1426.0,1241.0,311.0,777.0,7437.0,2858.0,1629.0,20396.0,7004.0,9808.0,4266.0,12877.0,2698.0,4160.0,20463.0,2736.0,1916.0,1931.0,3095.0,2088.0,5463.0,4297.0,5392.0,2183.0,5800.0,206.0,2.0,20.0,74.0,2.0,62.0,,77.0,1258.0,290.0,7070.0,784.0,1310.0,154.0,328.0,2667.0,641.0,1415.0,3192.0,5513.0,2605.0,943.0,505.0,4989.0,4570.0,1223.0,4762.0,431.0,2818.0,72.0
2026-07-06T17:00Z,228.0,406.0,391.0,12432.0,16474.0,3011.0,233.0,19640.0,2393.0,7867.0,21557.0,2257.0,12073.0,5903.0,2085.0,1189.0,1551.0,367.0,3466.0,1017.0,1858.0,2018.0,3152.0,14498.0,5518.0,13417.0,22412.0,13414.0,26468.0,1841.0,1231.0,1769.0,503.0,732.0,1364.0,1255.0,318.0,785.0,7446.0,2870.0,1589.0,21320.0,7364.0,10217.0,4511.0,13326.0,2826.0,4322.0,21428.0,2759.0,2028.0,2090.0,3068.0,2121.0,5603.0,4444.0,5444.0,2254.0,5811.0,207.0,2.0,23.0,74.0,2.0,64.0,,76.0,1337.0,305.0,7731.0,846.0,1358.0,167.0,350.0,2837.0,675.0,1517.0,3337.0,5859.0,2724.0,986.0,546.0,5168.0,4676.0,1302.0,5100.0,466.0,2934.0,74.0
2026-07-06T18:00Z,224.0,423.0,397.0,12084.0,17424.0,2680.0,247.0,20585.0,2632.0,7979.0,23169.0,2376.0,12864.0,6197.0,2186.0,1225.0,1591.0,404.0,3471.0,1023.0,1931.0,2055.0,3216.0,14988.0,5744.0,14004.0,23304.0,13988.0,28017.0,1871.0,1291.0,1810.0,518.0,732.0,1380.0,1262.0,318.0,779.0,7424.0,2845.0,1700.0,21984.0,7665.0,10567.0,4647.0,13763.0,2924.0,4449.0,22318.0,2823.0,2115.0,2131.0,3031.0,2166.0,5771.0,4487.0,5472.0,2302.0,5898.0,206.0,2.0,25.0,74.0,3.0,65.0,,79.0,1430.0,325.0,8280.0,901.0,1373.0,180.0,370.0,2989.0,706.0,1595.0,3446.0,6140.0,2826.0,1024.0,582.0,5359.0,4775.0,1376.0,5371.0,507.0,3095.0,76.0
2026-07-06T19:00Z,233.0,439.0,406.0,11423.0,17802.0,2403.0,246.0,21445.0,2711.0,7891.0,24652.0,2334.0,13593.0,6366.0,2302.0,1255.0,1599.0,417.0,3454.0,1015.0,1938.0,2038.0,3226.0,15366.0,5992.0,14355.0,24007.0,14387.0,29392.0,1923.0,1308.0,1879.0,524.0,730.0,1374.0,1235.0,312.0,763.0,7337.0,2794.0,1804.0,22402.0,7859.0,10655.0,4789.0,14255.0,2989.0,4543.0,23004.0,2967.0,2169.0,2216.0,2997.0,2167.0,5880.0,4619.0,5466.0,2309.0,5942.0,205.0,2.0,26.0,75.0,3.0,67.0,0.0,81.0,1534.0,341.0,8690.0,941.0,1391.0,199.0,380.0,3089.0,728.0,1667.0,3543.0,6444.0,2907.0,1054.0,613.0,5528.0,4846.0,1441.0,5616.0,559.0,3251.0,78.0
2026-07-06T20:00Z,234.0,450.0,414.0,10843.0,17746.0,2297.0,185.0,21690.0,2747.0,7280.0,25722.0,2092.0,13780.0,6467.0,2394.0,1303.0,1619.0,426.0,3430.0,998.0,1916.0,2042.0,3231.0,15594.0,6199.0,14489.0,24636.0,14705.0,30131.0,1923.0,1305.0,1908.0,536.0,751.0,1391.0,1224.0,304.0,749.0,7222.0,2707.0,1859.0,22675.0,7912.0,10509.0,4936.0,14642.0,3008.0,4601.0,23507.0,3114.0,2220.0,2203.0,3104.0,2169.0,5944.0,4800.0,5424.0,2325.0,5967.0,202.0,2.0,29.0,77.0,3.0,68.0,7.0,82.0,1660.0,353.0,8878.0,966.0,1408.0,208.0,383.0,3170.0,746.0,1724.0,3614.0,6643.0,2963.0,1076.0,632.0,5688.0,4899.0,1495.0,5758.0,615.0,3458.0,80.0
2026-07-06T21:00Z,230.0,459.0,410.0,10871.0,17190.0,2046.0,184.0,21839.0,2862.0,6973.0,26242.0,2085.0,14068.0,6486.0,2382.0,1398.0,1652.0,482.0,3439.0,981.0,1920.0,2041.0,3245.0,15819.0,6426.0,14574.0,25079.0,14900.0,30390.0,1963.0,1375.0,1974.0,551.0,791.0,1436.0,1237.0,296.0,750.0,7083.0,2670.0,1886.0,22784.0,8061.0,10655.0,5060.0,14954.0,3040.0,4622.0,23546.0,3197.0,2273.0,2244.0,3135.0,2174.0,5884.0,4918.0,5413.0,2321.0,5888.0,199.0,3.0,28.0,76.0,3.0,69.0,23.0,83.0,1767.0,370.0,8940.0,984.0,1418.0,217.0,391.0,3238.0,761.0,1756.0,3672.0,6759.0,3006.0,1095.0,635.0,5825.0,4933.0,1555.0,5833.0,643.0,3577.0,81.0
2026-07-06T22:00Z,230.0,463.0,405.0,11091.0,17463.0,2265.0,166.0,21711.0,2875.0,6975.0,26486.0,2138.0,14151.0,6531.0,2330.0,1494.0,1702.0,590.0,3473.0,993.0,1941.0,2084.0,3225.0,15809.0,6605.0,14515.0,25451.0,15044.0,30389.0,1987.0,1387.0,2025.0,568.0,889.0,1459.0,1259.0,298.0,755.0,6975.0,2703.0,1875.0,22830.0,8162.0,10876.0,5239.0,15203.0,3080.0,4660.0,23234.0,3228.0,2289.0,2217.0,3213.0,2203.0,5812.0,4897.0,5450.0,2328.0,5879.0,197.0,2.0,30.0,78.0,3.0,69.0,25.0,83.0,1866.0,377.0,8835.0,984.0,1427.0,225.0,389.0,3260.0,775.0,1775.0,3733.0,6802.0,3036.0,1097.0,594.0,5911.0,4975.0,1587.0,5929.0,654.0,3641.0,83.0
2026-07-06T23:00Z,236.0,465.0,405.0,11791.0,17930.0,2321.0,164.0,20752.0,2850.0,7049.0,26650.0,2244.0,14213.0,6498.0,2301.0,1589.0,1708.0,683.0,3458.0,971.0,1950.0,2089.0,3172.0,16027.0,6718.0,14448.0,25574.0,15185.0,30101.0,1997.0,1376.0,2037.0,587.0,958.0,1593.0,1277.0,307.0,746.0,6702.0,2685.0,1855.0,22467.0,8043.0,10639.0,5203.0,15271.0,3056.0,4629.0,22503.0,3154.0,2309.0,2151.0,3167.0,2156.0,5632.0,4694.0,5399.0,2301.0,5771.0,194.0,2.0,28.0,76.0,3.0,68.0,28.0,84.0,1960.0,380.0,8376.0,968.0,1417.0,227.0,385.0,3267.0,777.0,1787.0,3746.0,6768.0,3031.0,1084.0,568.0,5966.0,4960.0,1619.0,5923.0,667.0,3659.0,86.0
2026-07-07T00:00Z,236.0,463.0,406.0,12598.0,18228.0,2487.0,166.0,19868.0,2829.0,7165.0,26473.0,2408.0,14336.0,6323.0,2199.0,1595.0,1659.0,723.0,3394.0,964.0,1894.0,2051.0,3118.0,16083.0,6828.0,14312.0,25241.0,15065.0,29662.0,2006.0,1361.0,2034.0,590.0,993.0,1667.0,1274.0,307.0,733.0,6534.0,2656.0,1810.0,22035.0,7782.0,10343.0,5054.0,15074.0,2969.0,4504.0,22007.0,3023.0,2258.0,2177.0,3110.0,2113.0,5395.0,4623.0,5305.0,2241.0,5689.0,191.0,2.0,27.0,58.0,3.0,66.0,25.0,83.0,2005.0,374.0,8105.0,948.0,1405.0,227.0,379.0,3215.0,768.0,1780.0,3750.0,6619.0,2998.0,1071.0,575.0,5962.0,4909.0,1622.0,5806.0,663.0,3647.0,87.0
2026-07-07T01:00Z,221.0,456.0,404.0,13438.0,18169.0,2797.0,168.0,19649.0,2831.0,7437.0,25336.0,2487.0,13855.0,6207.0,2224.0,1555.0,1599.0,732.0,3346.0,942.0,1850.0,2021.0,3066.0,15706.0,6769.0,13771.0,24387.0,14655.0,28698.0,1993.0,1362.0,2009.0,592.0,1012.0,1672.0,1248.0,296.0,718.0,6419.0,2612.0,1765.0,21214.0,7522.0,9874.0,4879.0,14675.0,2835.0,4303.0,21204.0,2905.0,2133.0,2050.0,3043.0,2059.0,5195.0,4514.0,5197.0,2207.0,5649.0,190.0,2.0,26.0,42.0,3.0,62.0,26.0,80.0,2005.0,373.0,7783.0,917.0,1368.0,219.0,366.0,3104.0,742.0,1711.0,3717.0,6465.0,2932.0,1054.0,562.0,5894.0,4851.0,1578.0,5617.0,658.0,3635.0,86.0
2026-07-07T02:00Z,207.0,434.0,398.0,14480.0,17365.0,3008.0,150.0,19161.0,2694.0,7571.0,23839.0,2410.0,13119.0,6062.0,2081.0,1464.0,1508.0,701.0,3225.0,897.0,1773.0,1959.0,2978.0,15400.0,6581.0,13406.0,23274.0,14055.0,27582.0,1976.0,1341.0,1960.0,555.0,989.0,1620.0,1212.0,288.0,697.0,6273.0,2529.0,1700.0,20479.0,7153.0,9598.0,4695.0,13916.0,2707.0,4129.0,20390.0,2759.0,2039.0,1985.0,2947.0,1981.0,5018.0,4389.0,5051.0,2150.0,5533.0,185.0,2.0,24.0,37.0,3.0,60.0,25.0,80.0,1895.0,354.0,7341.0,865.0,1340.0,194.0,362.0,2962.0,705.0,1617.0,3631.0,6202.0,2809.0,1019.0,530.0,5762.0,4726.0,1546.0,5332.0,642.0,3541.0,85.0
2026-07-07T03:00Z,206.0,413.0,394.0,14964.0,16593.0,2958.0,104.0,18618.0,2596.0,7584.0,22781.0,2276.0,12578.0,5892.0,2037.0,1343.0,1377.0,662.0,3004.0,804.0,1638.0,1839.0,2823.0,15242.0,6336.0,12886.0,22106.0,13504.0,26556.0,1891.0,1266.0,1856.0,562.0,927.0,1520.0,1148.0,273.0,665.0,6019.0,2404.0,1589.0,19608.0,6735.0,9037.0,4384.0,13344.0,2545.0,3900.0,19297.0,2546.0,1907.0,1814.0,2759.0,1861.0,4764.0,4118.0,4764.0,2005.0,5301.0,177.0,2.0,23.0,38.0,3.0,59.0,28.0,78.0,1823.0,350.0,6953.0,821.0,1319.0,184.0,353.0,2833.0,670.0,1517.0,3558.0,5904.0,2697.0,1006.0,509.0,5629.0,4660.0,1458.0,5062.0,606.0,3429.0,84.0
2026-07-07T04:00Z,195.0,391.0,387.0,14951.0,16087.0,2926.0,91.0,17750.0,2384.0,7451.0,21245.0,2074.0,11824.0,5593.0,1940.0,1218.0,1259.0,600.0,2753.0,780.0,1512.0,1691.0,2636.0,14474.0,5932.0,12023.0,20598.0,12678.0,25186.0,1794.0,1180.0,1745.0,550.0,853.0,1427.0,1075.0,250.0,622.0,5712.0,2240.0,1455.0,18512.0,6242.0,8592.0,4028.0,12485.0,2346.0,3628.0,18208.0,2324.0,1774.0,1694.0,2575.0,1729.0,4434.0,3795.0,4444.0,1874.0,4991.0,166.0,2.0,22.0,46.0,3.0,58.0,28.0,77.0,1755.0,336.0,6481.0,757.0,1286.0,167.0,329.0,2632.0,629.0,1390.0,3403.0,5572.0,2545.0,989.0,473.0,5469.0,4473.0,1358.0,4718.0,569.0,3324.0,83.0
2026-07-07T05:00Z,188.0,355.0,376.0,14559.0,15677.0,2894.0,91.0,16779.0,2265.0,7506.0,19503.0,1950.0,10985.0,5305.0,1775.0,1132.0,1171.0,561.0,2556.0,762.0,1386.0,1601.0,2494.0,13299.0,5496.0,11192.0,19608.0,12032.0,23618.0,1712.0,1108.0,1677.0,538.0,804.0,1343.0,1009.0,234.0,591.0,5431.0,2103.0,1340.0,17491.0,5862.0,8173.0,3717.0,11534.0,2182.0,3365.0,17299.0,2152.0,1668.0,1516.0,2358.0,1637.0,4189.0,3522.0,4206.0,1776.0,4709.0,155.0,2.0,19.0,44.0,2.0,57.0,31.0,76.0,1641.0,317.0,5955.0,680.0,1245.0,147.0,310.0,2410.0,575.0,1242.0,3247.0,5197.0,2356.0,941.0,431.0,5267.0,4260.0,1250.0,4341.0,507.0,3127.0,79.0
2026-07-07T06:00Z,183.0,325.0,366.0,13667.0,14643.0,2708.0,72.0,15943.0,2112.0,7487.0,17959.0,1810.0,10177.0,5055.0,1774.0,1079.0,1116.0,531.0,2425.0,734.0,1327.0,1542.0,2392.0,12298.0,5110.0,10636.0,18700.0,11450.0,22338.0,1624.0,1053.0,1593.0,528.0,760.0,1298.0,958.0,218.0,562.0,5195.0,1986.0,1256.0,16850.0,5625.0,7707.0,3475.0,10792.0,2048.0,3152.0,16574.0,2023.0,1601.0,1448.0,2201.0,1564.0,3996.0,3328.0,4038.0,1689.0,4494.0,147.0,3.0,17.0,46.0,2.0,56.0,28.0,74.0,1504.0,303.0,5539.0,619.0,1211.0,131.0,288.0,2214.0,527.0,1131.0,3102.0,4899.0,2203.0,886.0,393.0,5072.0,4076.0,1159.0,4032.0,450.0,2923.0,72.0
2026-07-07T07:00Z,180.0,299.0,361.0,12722.0,13366.0,2486.0,35.0,15228.0,2002.0,7486.0,16831.0,1716.0,9564.0,4836.0,1777.0,1060.0,1087.0,513.0,2342.0,716.0,1277.0,1484.0,2324.0,11412.0,4842.0,10222.0,17531.0,10916.0,21315.0,1565.0,1017.0,1558.0,523.0,741.0,1263.0,920.0,210.0,537.0,5030.0,1914.0,1206.0,16448.0,5441.0,7535.0,3314.0,10211.0,1958.0,2986.0,16172.0,1945.0,1541.0,1386.0,2128.0,1519.0,3858.0,3205.0,3952.0,1636.0,4341.0,140.0,2.0,16.0,49.0,2.0,55.0,26.0,73.0,1393.0,289.0,5237.0,574.0,1185.0,118.0,275.0,2062.0,497.0,1044.0,2999.0,4632.0,2090.0,846.0,367.0,4941.0,3954.0,1099.0,3782.0,409.0,2801.0,70.0
2026-07-07T08:00Z,184.0,281.0,312.0,12127.0,12435.0,2524.0,35.0,14742.0,1861.0,7564.0,16027.0,1648.0,9155.0,4673.0,1737.0,1047.0,1077.0,512.0,2303.0,715.0,1276.0,1460.0,2295.0,10887.0,4662.0,9971.0,17085.0,10547.0,20645.0,1535.0,996.0,1538.0,442.0,732.0,1244.0,902.0,201.0,522.0,4940.0,1871.0,1176.0,15992.0,5302.0,7324.0,3213.0,9818.0,1897.0,2874.0,15926.0,1899.0,1485.0,1301.0,2070.0,1491.0,3792.0,3135.0,3880.0,1636.0,4247.0,138.0,2.0,15.0,56.0,2.0,55.0,25.0,73.0,1312.0,277.0,4989.0,546.0,1153.0,109.0,262.0,1951.0,470.0,978.0,2921.0,4434.0,2010.0,819.0,348.0,4826.0,3880.0,1061.0,3599.0,382.0,2685.0,70.0
2026-07-07T09:00Z,185.0,268.0,298.0,11433.0,11545.0,2388.0,34.0,14441.0,1839.0,7621.0,15444.0,1632.0,8913.0,4519.0,1633.0,1066.0,1091.0,512.0,2327.0,729.0,1311.0,1484.0,2320.0,10576.0,4566.0,9899.0,16905.0,10295.0,20081.0,1537.0,998.0,1550.0,522.0,731.0,1242.0,895.0,201.0,522.0,4931.0,1879.0,1173.0,15951.0,5316.0,7321.0,3189.0,9568.0,1885.0,2846.0,15828.0,1896.0,1472.0,1299.0,2087.0,1517.0,3793.0,3139.0,3924.0,1647.0,4249.0,138.0,2.0,14.0,59.0,2.0,54.0,24.0,71.0,1262.0,265.0,4840.0,530.0,1136.0,104.0,258.0,1868.0,453.0,951.0,2840.0,4288.0,1964.0,788.0,338.0,4762.0,3844.0,1030.0,3478.0,359.0,2583.0,69.0
2026-07-07T10:00Z,189.0,258.0,294.0,10955.0,10917.0,2259.0,32.0,14373.0,1818.0,7542.0,15220.0,1674.0,8814.0,4496.0,1630.0,1109.0,1150.0,531.0,2451.0,798.0,1402.0,1553.0,2446.0,10553.0,4533.0,10013.0,17253.0,10292.0,19880.0,1581.0,1029.0,1602.0,528.0,757.0,1263.0,915.0,209.0,544.0,5093.0,1943.0,1198.0,16275.0,5429.0,7589.0,3276.0,9604.0,1950.0,2907.0,16200.0,1963.0,1516.0,1252.0,2164.0,1587.0,3938.0,3299.0,4109.0,1764.0,4373.0,142.0,2.0,13.0,65.0,2.0,54.0,24.0,71.0,1206.0,261.0,4797.0,529.0,1125.0,102.0,257.0,1856.0,448.0,939.0,2783.0,4225.0,1950.0,771.0,337.0,4709.0,3850.0,1009.0,3446.0,346.0,2510.0,67.0
2026-07-07T11:00Z,186.0,259.0,294.0,10675.0,10504.0,2120.0,30.0,14574.0,1833.0,7498.0,15391.0,1673.0,8906.0,4509.0,1663.0,1172.0,1241.0,558.0,2673.0,825.0,1490.0,1668.0,2643.0,10869.0,4622.0,10235.0,17906.0,10217.0,20082.0,1634.0,1079.0,1679.0,524.0,770.0,1317.0,954.0,225.0,587.0,5500.0,2038.0,1235.0,16811.0,5630.0,8009.0,3431.0,9916.0,2060.0,3026.0,16615.0,2068.0,1572.0,1417.0,2281.0,1681.0,4115.0,3514.0,4411.0,1871.0,4552.0,151.0,2.0,14.0,68.0,2.0,54.0,24.0,70.0,1189.0,259.0,4875.0,550.0,1142.0,103.0,257.0,1895.0,458.0,937.0,2781.0,4274.0,1977.0,775.0,347.0,4691.0,3874.0,1024.0,3511.0,335.0,2485.0,68.0
2026-07-07T12:00Z,191.0,265.0,326.0,10737.0,10611.0,2087.0,31.0,14746.0,1903.0,7504.0,15658.0,1672.0,9113.0,4592.0,1706.0,1225.0,1331.0,566.0,2896.0,877.0,1630.0,1784.0,2820.0,11399.0,4746.0,10668.0,19065.0,10388.0,20344.0,1714.0,1101.0,1727.0,501.0,732.0,1356.0,1004.0,244.0,630.0,5930.0,2180.0,1285.0,17393.0,5899.0,8446.0,3592.0,10556.0,2179.0,3164.0,17169.0,2171.0,1652.0,1383.0,2419.0,1778.0,4332.0,3677.0,4688.0,2015.0,4793.0,164.0,2.0,14.0,66.0,2.0,56.0,25.0,71.0,1202.0,265.0,5072.0,586.0,1148.0,105.0,263.0,1963.0,477.0,969.0,2824.0,4365.0,2039.0,798.0,365.0,4686.0,3983.0,1033.0,3633.0,340.0,2506.0,68.0
2026-07-07T13:00Z,183.0,285.0,346.0,11097.0,10900.0,2122.0,29.0,15066.0,1902.0,7464.0,16043.0,1727.0,9351.0,4594.0,1750.0,1233.0,1390.0,518.0,3025.0,927.0,1721.0,1855.0,2908.0,11957.0,4930.0,11233.0,20337.0,11071.0,20754.0,1779.0,1128.0,1722.0,487.0,685.0,1348.0,1050.0,254.0,651.0,6198.0,2277.0,1329.0,18135.0,6041.0,8834.0,3669.0,11210.0,2269.0,3308.0,17606.0,2237.0,1703.0,1566.0,2501.0,1837.0,4503.0,3751.0,4822.0,2096.0,4937.0,176.0,2.0,14.0,68.0,2.0,57.0,23.0,72.0,1195.0,263.0,5346.0,640.0,1173.0,113.0,285.0,2122.0,521.0,1055.0,2913.0,4568.0,2153.0,829.0,401.0,4749.0,4122.0,1064.0,3869.0,355.0,2555.0,70.0
2026-07-07T14:00Z,192.0,313.0,352.0,11519.0,11357.0,2202.0,75.0,16077.0,2009.0,7527.0,17075.0,1846.0,9843.0,4820.0,1766.0,1205.0,1406.0,446.0,3096.0,957.0,1777.0,1891.0,2970.0,12340.0,5012.0,11814.0,21546.0,11845.0,21607.0,1828.0,1173.0,1697.0,472.0,632.0,1324.0,1066.0,261.0,660.0,6332.0,2350.0,1342.0,18733.0,6261.0,9330.0,3718.0,11919.0,2353.0,3444.0,18135.0,2301.0,1788.0,1616.0,2618.0,1875.0,4611.0,3785.0,4902.0,2119.0,5001.0,183.0,2.0,16.0,67.0,2.0,60.0,8.0,73.0,1236.0,266.0,5757.0,695.0,1192.0,125.0,305.0,2298.0,570.0,1160.0,3063.0,4901.0,2285.0,864.0,442.0,4864.0,4224.0,1102.0,4184.0,381.0,2649.0,74.0
2026-07-07T15:00Z,209.0,332.0,357.0,12479.0,12976.0,2804.0,158.0,17208.0,2102.0,7635.0,18633.0,1959.0,10498.0,5124.0,1843.0,1171.0,1437.0,406.0,3162.0,966.0,1812.0,1921.0,3056.0,12558.0,5216.0,12415.0,22816.0,12539.0,22900.0,1867.0,1191.0,1686.0,470.0,638.0,1316.0,1069.0,264.0,673.0,6391.0,2395.0,1361.0,19534.0,6523.0,9620.0,3840.0,12637.0,2497.0,3581.0,18753.0,2352.0,1859.0,1766.0,2602.0,1897.0,4668.0,3820.0,4984.0,2209.0,5040.0,186.0,3.0,18.0,67.0,2.0,62.0,,74.0,1284.0,271.0,6227.0,753.0,1230.0,139.0,324.0,2484.0,616.0,1280.0,3224.0,5254.0,2433.0,906.0,483.0,4983.0,4350.0,1172.0,4516.0,410.0,2732.0,77.0
2026-07-07T16:00Z,215.0,350.0,370.0,13155.0,15481.0,3028.0,243.0,18348.0,2344.0,7737.0,20240.0,2124.0,11225.0,5426.0,1938.0,1156.0,1464.0,395.0,3194.0,955.0,1859.0,1946.0,3111.0,12889.0,5523.0,13038.0,23814.0,13240.0,24467.0,1905.0,1190.0,1650.0,446.0,635.0,1287.0,1059.0,266.0,685.0,6474.0,2437.0,1377.0,20308.0,6713.0,10059.0,3988.0,13389.0,2656.0,3698.0,19327.0,2394.0,1935.0,1924.0,2634.0,1933.0,4795.0,3940.0,5046.0,2263.0,5050.0,188.0,2.0,21.0,66.0,2.0,63.0,,75.0,1338.0,278.0,6715.0,815.0,1285.0,153.0,336.0,2689.0,652.0,1397.0,3358.0,5698.0,2579.0,951.0,523.0,5166.0,4497.0,1256.0,4868.0,444.0,2832.0,79.0
2026-07-07T17:00Z,216.0,368.0,382.0,12801.0,16273.0,2466.0,239.0,19354.0,2482.0,7827.0,22005.0,2243.0,11934.0,5731.0,2055.0,1149.0,1492.0,382.0,3225.0,1006.0,1875.0,1948.0,3153.0,13383.0,5804.0,13448.0,24707.0,13795.0,25880.0,1940.0,1205.0,1627.0,499.0,633.0,1227.0,1064.0,268.0,696.0,6528.0,2432.0,1375.0,21198.0,6912.0,10446.0,4096.0,14086.0,2759.0,3859.0,19834.0,2455.0,2018.0,2096.0,2644.0,1965.0,4910.0,4010.0,5140.0,2287.0,5132.0,192.0,2.0,24.0,66.0,3.0,67.0,2.0,77.0,1384.0,299.0,7149.0,867.0,1308.0,174.0,358.0,2845.0,685.0,1498.0,3474.0,6076.0,2713.0,1003.0,560.0,5342.0,4629.0,1350.0,5189.0,484.0,2970.0,81.0
2026-07-07T18:00Z,217.0,384.0,393.0,12097.0,17098.0,2698.0,227.0,20190.0,2623.0,7912.0,23637.0,2365.0,12682.0,6061.0,2116.0,1182.0,1505.0,358.0,3244.0,992.0,1874.0,1963.0,3135.0,13917.0,6013.0,13973.0,25609.0,14208.0,27253.0,1957.0,1251.0,1671.0,527.0,616.0,1215.0,1087.0,274.0,696.0,6606.0,2526.0,1453.0,22034.0,7162.0,10973.0,4186.0,14730.0,2827.0,4042.0,20318.0,2520.0,2115.0,2059.0,2676.0,2006.0,4979.0,4033.0,5229.0,2331.0,5120.0,194.0,2.0,25.0,68.0,3.0,70.0,4.0,80.0,1488.0,326.0,7465.0,916.0,1342.0,187.0,369.0,3003.0,713.0,1604.0,3572.0,6405.0,2821.0,1049.0,592.0,5517.0,4694.0,1427.0,5456.0,531.0,3106.0,84.0
2026-07-07T19:00Z,219.0,403.0,401.0,11382.0,17202.0,2776.0,184.0,21012.0,2600.0,8004.0,25026.0,2443.0,13339.0,6253.0,2282.0,1241.0,1490.0,356.0,3271.0,1003.0,1857.0,1957.0,3097.0,14485.0,6243.0,14184.0,26576.0,14626.0,28197.0,2014.0,1291.0,1738.0,527.0,610.0,1131.0,1073.0,276.0,704.0,6674.0,2553.0,1514.0,22339.0,7279.0,11248.0,4303.0,15368.0,2881.0,4183.0,20755.0,2590.0,2157.0,2131.0,2689.0,2091.0,5023.0,4146.0,5342.0,2334.0,5206.0,197.0,2.0,26.0,65.0,3.0,72.0,8.0,82.0,1581.0,342.0,7744.0,956.0,1354.0,197.0,374.0,3129.0,736.0,1676.0,3624.0,6680.0,2900.0,1081.0,616.0,5663.0,4755.0,1501.0,5691.0,581.0,3284.0,87.0
2026-07-07T20:00Z,220.0,421.0,402.0,10861.0,16799.0,2503.0,171.0,21457.0,2486.0,7493.0,25935.0,2342.0,13875.0,6425.0,2355.0,1296.0,1473.0,374.0,3258.0,988.0,1847.0,1948.0,3053.0,14652.0,6449.0,14451.0,27189.0,14960.0,28738.0,2037.0,1295.0,1795.0,527.0,631.0,1106.0,1073.0,281.0,708.0,6732.0,2613.0,1516.0,22691.0,7420.0,11339.0,4418.0,15847.0,2912.0,4291.0,21212.0,2634.0,2197.0,2185.0,2837.0,2147.0,5130.0,4228.0,5486.0,2340.0,5390.0,197.0,2.0,28.0,63.0,3.0,73.0,14.0,83.0,1692.0,364.0,7944.0,972.0,1352.0,205.0,392.0,3231.0,747.0,1716.0,3693.0,6811.0,2954.0,1097.0,628.0,5812.0,4770.0,1524.0,5862.0,630.0,3462.0,84.0
2026-07-07T21:00Z,228.0,441.0,358.0,10471.0,17605.0,2684.0,155.0,21420.0,2355.0,7083.0,26283.0,2344.0,14278.0,6587.0,2468.0,1355.0,1480.0,443.0,3313.0,983.0,1860.0,1957.0,3048.0,14800.0,6639.0,14519.0,27701.0,15265.0,28819.0,2048.0,1313.0,1834.0,524.0,678.0,1221.0,1139.0,279.0,716.0,6736.0,2604.0,1580.0,22919.0,7625.0,11439.0,4534.0,16312.0,2974.0,4397.0,21702.0,2735.0,2235.0,2261.0,2977.0,2172.0,5181.0,4327.0,5580.0,2353.0,5524.0,199.0,2.0,30.0,66.0,3.0,74.0,18.0,83.0,1797.0,371.0,8090.0,991.0,1376.0,212.0,397.0,3319.0,767.0,1772.0,3759.0,6958.0,3002.0,1113.0,638.0,5894.0,4782.0,1557.0,5990.0,644.0,3560.0,86.0
2026-07-07T22:00Z,237.0,456.0,359.0,10762.0,17968.0,2864.0,177.0,20784.0,2400.0,7025.0,26362.0,2383.0,14536.0,6560.0,2520.0,1413.0,1506.0,531.0,3348.0,995.0,1910.0,1984.0,3038.0,14890.0,6848.0,14620.0,28091.0,15494.0,28421.0,2092.0,1365.0,1901.0,526.0,754.0,1366.0,1189.0,287.0,725.0,6671.0,2667.0,1621.0,23090.0,7729.0,11496.0,4718.0,16695.0,3031.0,4475.0,21871.0,2800.0,2286.0,2241.0,3094.0,2202.0,5243.0,4483.0,5627.0,2379.0,5588.0,198.0,2.0,29.0,69.0,3.0,73.0,22.0,82.0,1913.0,376.0,8169.0,1009.0,1398.0,226.0,393.0,3347.0,781.0,1785.0,3797.0,6977.0,3049.0,1123.0,643.0,5954.0,4806.0,1577.0,6045.0,639.0,3621.0,88.0
2026-07-07T23:00Z,233.0,464.0,363.0,10938.0,18484.0,2517.0,162.0,20315.0,2465.0,7048.0,25898.0,2397.0,14768.0,6591.0,2494.0,1466.0,1499.0,631.0,3387.0,982.0,1908.0,1964.0,2968.0,14888.0,7034.0,14685.0,28161.0,15546.0,27808.0,2148.0,1422.0,1991.0,569.0,838.0,1465.0,1235.0,298.0,723.0,6476.0,2684.0,1623.0,22919.0,7728.0,11261.0,4674.0,16812.0,3024.0,4469.0,21541.0,2806.0,2283.0,2160.0,3083.0,2195.0,5188.0,4422.0,5570.0,2362.0,5597.0,197.0,2.0,28.0,69.0,3.0,72.0,22.0,82.0,1996.0,381.0,8161.0,1015.0,1397.0,230.0,389.0,3366.0,790.0,1803.0,3844.0,6961.0,3063.0,1124.0,639.0,5985.0,4774.0,1598.0,6028.0,605.0,3722.0,89.0
2026-07-08T00:00Z,233.0,452.0,361.0,11500.0,18644.0,2510.0,165.0,19769.0,2410.0,7463.0,25561.0,2494.0,14524.0,6650.0,2432.0,1467.0,1471.0,700.0,3385.0,963.0,1874.0,1926.0,2928.0,14773.0,7099.0,14515.0,27777.0,15447.0,27363.0,2207.0,1510.0,2142.0,603.0,983.0,1544.0,1253.0,297.0,709.0,6347.0,2690.0,1601.0,22492.0,7615.0,11012.0,4622.0,16603.0,2940.0,4402.0,21025.0,2751.0,2221.0,2133.0,3072.0,2159.0,5089.0,4323.0,5492.0,2364.0,5594.0,196.0,3.0,26.0,67.0,3.0,70.0,14.0,82.0,2051.0,385.0,8071.0,1001.0,1386.0,229.0,382.0,3313.0,780.0,1796.0,3852.0,6827.0,3037.0,1124.0,629.0,5975.0,4752.0,1587.0,5930.0,594.0,3619.0,90.0
2026-07-08T01:00Z,216.0,427.0,355.0,12528.0,18731.0,2781.0,169.0,19256.0,2401.0,7783.0,24714.0,2517.0,14121.0,6528.0,2336.0,1460.0,1440.0,709.0,3351.0,949.0,1822.0,1902.0,2878.0,14565.0,7126.0,13996.0,26860.0,15081.0,26700.0,2181.0,1505.0,2184.0,615.0,1040.0,1568.0,1249.0,294.0,706.0,6243.0,2665.0,1579.0,21745.0,7407.0,10560.0,4560.0,16156.0,2824.0,4205.0,20474.0,2683.0,2165.0,2065.0,3035.0,2109.0,5021.0,4249.0,5400.0,2302.0,5613.0,195.0,2.0,26.0,71.0,2.0,64.0,21.0,78.0,2059.0,381.0,7864.0,958.0,1361.0,222.0,372.0,3187.0,757.0,1727.0,3833.0,6650.0,2972.0,1110.0,608.0,5919.0,4708.0,1549.0,5762.0,583.0,3523.0,91.0
2026-07-08T02:00Z,206.0,405.0,349.0,13684.0,18001.0,2989.0,144.0,18293.0,2365.0,7805.0,23514.0,2356.0,13429.0,6309.0,2275.0,1394.0,1383.0,690.0,3243.0,885.0,1734.0,1847.0,2782.0,14294.0,6895.0,13417.0,25680.0,14501.0,25977.0,2118.0,1452.0,2115.0,571.0,1014.0,1529.0,1224.0,286.0,692.0,6109.0,2617.0,1543.0,21070.0,7145.0,10213.0,4430.0,15389.0,2708.0,4076.0,19895.0,2584.0,2071.0,1976.0,2947.0,2051.0,4946.0,4146.0,5268.0,2240.0,5553.0,192.0,2.0,22.0,71.0,2.0,62.0,26.0,77.0,1986.0,369.0,7451.0,902.0,1347.0,200.0,368.0,3048.0,720.0,1646.0,3768.0,6332.0,2854.0,1072.0,574.0,5786.0,4599.0,1480.0,5461.0,561.0,3327.0,86.0
2026-07-08T03:00Z,201.0,379.0,346.0,14358.0,17209.0,3038.0,102.0,17280.0,2262.0,7802.0,22709.0,2251.0,12847.0,6171.0,2195.0,1283.0,1273.0,645.0,3009.0,837.0,1604.0,1736.0,2622.0,14099.0,6620.0,12869.0,24395.0,13911.0,25274.0,1996.0,1353.0,1972.0,596.0,936.0,1428.0,1155.0,276.0,657.0,5861.0,2463.0,1447.0,19887.0,6702.0,9579.0,4123.0,14625.0,2544.0,3857.0,18884.0,2388.0,1956.0,1859.0,2789.0,1933.0,4680.0,3900.0,4951.0,2104.0,5299.0,182.0,2.0,22.0,70.0,2.0,61.0,28.0,75.0,1977.0,358.0,7078.0,851.0,1310.0,188.0,363.0,2924.0,684.0,1550.0,3679.0,6062.0,2737.0,1050.0,545.0,5651.0,4488.0,1413.0,5210.0,532.0,3303.0,86.0
2026-07-08T04:00Z,195.0,352.0,340.0,14481.0,16477.0,3018.0,95.0,16415.0,2176.0,7785.0,21186.0,2111.0,12091.0,5779.0,2100.0,1176.0,1172.0,581.0,2761.0,793.0,1493.0,1610.0,2454.0,13613.0,6186.0,11951.0,23120.0,13075.0,23869.0,1862.0,1237.0,1837.0,574.0,857.0,1331.0,1075.0,252.0,616.0,5577.0,2274.0,1325.0,18631.0,6239.0,8903.0,3794.0,13599.0,2344.0,3577.0,17906.0,2179.0,1844.0,1694.0,2571.0,1796.0,4353.0,3616.0,4623.0,1943.0,4978.0,167.0,2.0,21.0,72.0,2.0,60.0,28.0,74.0,1860.0,345.0,6593.0,784.0,1262.0,171.0,340.0,2726.0,635.0,1431.0,3552.0,5713.0,2592.0,1012.0,501.0,5447.0,4399.0,1331.0,4835.0,499.0,3247.0,85.0
2026-07-08T05:00Z,196.0,322.0,328.0,14245.0,16006.0,2955.0,89.0,15637.0,2027.0,7754.0,19572.0,1998.0,11252.0,5348.0,2004.0,1109.0,1100.0,548.0,2568.0,758.0,1352.0,1542.0,2326.0,12677.0,5675.0,11118.0,22001.0,12154.0,22541.0,1754.0,1144.0,1702.0,549.0,798.0,1262.0,1005.0,234.0,588.0,5312.0,2118.0,1216.0,17490.0,5810.0,8331.0,3517.0,12562.0,2174.0,3315.0,17039.0,2009.0,1715.0,1628.0,2358.0,1675.0,4055.0,3348.0,4349.0,1818.0,4690.0,156.0,2.0,19.0,72.0,2.0,59.0,31.0,73.0,1708.0,318.0,6065.0,710.0,1233.0,152.0,321.0,2509.0,582.0,1277.0,3375.0,5360.0,2416.0,961.0,455.0,5233.0,4203.0,1248.0,4450.0,458.0,3067.0,84.0
2026-07-08T06:00Z,191.0,294.0,323.0,13446.0,14931.0,2763.0,59.0,14892.0,1889.0,7794.0,18228.0,1861.0,10492.0,5037.0,1909.0,1068.0,1052.0,520.0,2436.0,727.0,1299.0,1475.0,2228.0,11914.0,5284.0,10381.0,20990.0,11676.0,21474.0,1667.0,1081.0,1616.0,541.0,761.0,1214.0,951.0,218.0,557.0,5088.0,1992.0,1146.0,16828.0,5499.0,7843.0,3311.0,11676.0,2053.0,3129.0,16486.0,1888.0,1633.0,1418.0,2203.0,1603.0,3867.0,3149.0,4157.0,1769.0,4457.0,147.0,2.0,17.0,73.0,2.0,58.0,28.0,72.0,1539.0,298.0,5624.0,647.0,1200.0,137.0,301.0,2317.0,540.0,1171.0,3227.0,5027.0,2274.0,906.0,417.0,5068.0,4063.0,1176.0,4131.0,418.0,2860.0,79.0
2026-07-08T07:00Z,190.0,273.0,317.0,12530.0,13623.0,2529.0,37.0,14312.0,1785.0,7765.0,17198.0,1760.0,9873.0,4769.0,1853.0,1041.0,1022.0,508.0,2350.0,706.0,1273.0,1424.0,2163.0,11332.0,5031.0,9906.0,20110.0,11306.0,20632.0,1611.0,1038.0,1570.0,548.0,734.0,1180.0,920.0,210.0,532.0,4908.0,1904.0,1096.0,16263.0,5359.0,7478.0,3176.0,10977.0,1963.0,2990.0,16085.0,1798.0,1569.0,1415.0,2094.0,1541.0,3724.0,3017.0,4023.0,1735.0,4288.0,141.0,2.0,15.0,77.0,2.0,57.0,26.0,71.0,1431.0,282.0,5320.0,598.0,1179.0,123.0,287.0,2154.0,508.0,1082.0,3129.0,4761.0,2165.0,864.0,388.0,4972.0,3953.0,1126.0,3893.0,379.0,2718.0,76.0
2026-07-08T08:00Z,189.0,259.0,315.0,12033.0,12776.0,2589.0,29.0,13894.0,1739.0,7717.0,16339.0,1678.0,9421.0,4577.0,1802.0,1032.0,1010.0,496.0,2306.0,704.0,1252.0,1403.0,2123.0,10913.0,4811.0,9567.0,19440.0,10826.0,20157.0,1565.0,1010.0,1537.0,562.0,718.0,1160.0,903.0,204.0,514.0,4800.0,1850.0,1071.0,15906.0,5227.0,7311.0,3097.0,10480.0,1898.0,2866.0,15772.0,1748.0,1536.0,1378.0,2029.0,1516.0,3640.0,2935.0,3931.0,1696.0,4186.0,138.0,2.0,15.0,77.0,2.0,56.0,25.0,71.0,1353.0,267.0,5102.0,567.0,1161.0,113.0,275.0,2035.0,482.0,1013.0,3057.0,4553.0,2083.0,831.0,370.0,4879.0,3857.0,1078.0,3704.0,358.0,2581.0,72.0
2026-07-08T09:00Z,186.0,250.0,314.0,11473.0,12056.0,2398.0,30.0,13648.0,1698.0,7673.0,15829.0,1628.0,9190.0,4462.0,1775.0,1064.0,1028.0,502.0,2328.0,714.0,1271.0,1422.0,2139.0,10731.0,4718.0,9422.0,19178.0,10590.0,19881.0,1552.0,1010.0,1521.0,566.0,722.0,1170.0,893.0,204.0,514.0,4791.0,1853.0,1067.0,15853.0,5224.0,7290.0,3091.0,10218.0,1879.0,2812.0,15854.0,1739.0,1511.0,1269.0,2025.0,1516.0,3635.0,2963.0,3941.0,1739.0,4181.0,138.0,2.0,13.0,75.0,2.0,55.0,24.0,70.0,1281.0,260.0,4967.0,552.0,1162.0,108.0,266.0,1950.0,468.0,974.0,2993.0,4416.0,2025.0,809.0,355.0,4810.0,3812.0,1049.0,3570.0,344.0,2483.0,72.0
2026-07-08T10:00Z,185.0,245.0,312.0,11027.0,11860.0,2421.0,31.0,13649.0,1682.0,7663.0,15655.0,1612.0,9100.0,4487.0,1757.0,1112.0,1081.0,525.0,2440.0,751.0,1316.0,1485.0,2231.0,10811.0,4691.0,9486.0,19185.0,10544.0,19739.0,1577.0,1034.0,1561.0,568.0,744.0,1179.0,905.0,207.0,532.0,4957.0,1900.0,1095.0,16227.0,5356.0,7460.0,3177.0,10208.0,1922.0,2894.0,16255.0,1793.0,1515.0,1251.0,2098.0,1579.0,3775.0,3137.0,4111.0,1807.0,4268.0,141.0,3.0,14.0,76.0,2.0,56.0,24.0,68.0,1246.0,253.0,4924.0,551.0,1158.0,105.0,260.0,1917.0,461.0,959.0,2961.0,4349.0,2004.0,811.0,352.0,4769.0,3773.0,1037.0,3538.0,332.0,2432.0,72.0
2026-07-08T11:00Z,188.0,250.0,312.0,10855.0,11306.0,2550.0,34.0,13929.0,1733.0,7582.0,15799.0,1640.0,9153.0,4453.0,1761.0,1169.0,1176.0,537.0,2642.0,794.0,1405.0,1581.0,2426.0,11169.0,4755.0,9785.0,19839.0,10692.0,19832.0,1624.0,1069.0,1601.0,568.0,746.0,1200.0,936.0,217.0,578.0,5405.0,1989.0,1132.0,16657.0,5541.0,7722.0,3324.0,10504.0,2007.0,3023.0,16635.0,1889.0,1548.0,1317.0,2176.0,1669.0,4000.0,3347.0,4390.0,1920.0,4440.0,149.0,2.0,13.0,79.0,2.0,56.0,24.0,70.0,1239.0,253.0,5016.0,574.0,1167.0,105.0,266.0,1948.0,470.0,968.0,2997.0,4393.0,2029.0,829.0,362.0,4783.0,3802.0,1038.0,3622.0,330.0,2413.0,71.0
2026-07-08T12:00Z,189.0,256.0,314.0,10797.0,10980.0,2308.0,33.0,14172.0,1761.0,7475.0,16100.0,1660.0,9282.0,4479.0,1763.0,1168.0,1272.0,511.0,2817.0,829.0,1490.0,1670.0,2607.0,11729.0,4867.0,10115.0,20721.0,11090.0,20315.0,1700.0,1070.0,1545.0,550.0,665.0,1176.0,957.0,232.0,626.0,5922.0,2113.0,1171.0,17349.0,5891.0,8203.0,3504.0,11130.0,2143.0,3216.0,17095.0,2007.0,1626.0,1378.0,2336.0,1788.0,4375.0,3478.0,4667.0,2048.0,4675.0,163.0,2.0,14.0,77.0,2.0,57.0,25.0,71.0,1241.0,255.0,5188.0,605.0,1168.0,106.0,270.0,2007.0,491.0,989.0,3047.0,4475.0,2094.0,838.0,379.0,4804.0,3914.0,1052.0,3775.0,336.0,2449.0,71.0
2026-07-08T13:00Z,187.0,276.0,317.0,11151.0,11095.0,2275.0,29.0,14621.0,1751.0,7444.0,16589.0,1729.0,9466.0,4472.0,1806.0,1123.0,1319.0,431.0,2852.0,858.0,1509.0,1673.0,2719.0,12348.0,5028.0,10634.0,22094.0,11587.0,21029.0,1771.0,1065.0,1479.0,529.0,601.0,1079.0,938.0,242.0,659.0,6297.0,2195.0,1213.0,18078.0,6148.0,8665.0,3616.0,11927.0,2291.0,3413.0,17453.0,2071.0,1726.0,1435.0,2410.0,1865.0,4599.0,3553.0,4868.0,2153.0,4769.0,180.0,2.0,15.0,79.0,2.0,59.0,24.0,71.0,1232.0,266.0,5504.0,656.0,1183.0,116.0,287.0,2172.0,532.0,1066.0,3161.0,4666.0,2229.0,858.0,415.0,4840.0,4076.0,1083.0,4027.0,348.0,2540.0,72.0
2026-07-08T14:00Z,195.0,299.0,326.0,11671.0,11925.0,2450.0,85.0,15788.0,1876.0,7467.0,17905.0,1855.0,9979.0,4709.0,1910.0,1073.0,1340.0,335.0,2837.0,867.0,1505.0,1646.0,2782.0,12705.0,5186.0,11192.0,23431.0,12197.0,22099.0,1846.0,1100.0,1417.0,526.0,567.0,968.0,914.0,252.0,673.0,6581.0,2265.0,1225.0,18961.0,6396.0,9057.0,3694.0,12831.0,2459.0,3628.0,17717.0,2136.0,1830.0,1534.0,2497.0,1949.0,4847.0,3623.0,4999.0,2202.0,4862.0,192.0,2.0,16.0,81.0,2.0,61.0,13.0,72.0,1291.0,278.0,5949.0,715.0,1223.0,130.0,314.0,2377.0,584.0,1181.0,3275.0,4968.0,2357.0,922.0,459.0,4941.0,4199.0,1129.0,4342.0,381.0,2658.0,75.0
2026-07-08T15:00Z,213.0,321.0,345.0,12127.0,14293.0,3053.0,174.0,17053.0,2087.0,7531.0,19498.0,1948.0,10622.0,5023.0,2031.0,1061.0,1372.0,286.0,2875.0,891.0,1493.0,1627.0,2820.0,12855.0,5400.0,11790.0,24438.0,12883.0,23716.0,1905.0,1149.0,1399.0,517.0,565.0,949.0,919.0,266.0,680.0,6773.0,2367.0,1240.0,20012.0,6720.0,9640.0,3860.0,13730.0,2625.0,3932.0,18041.0,2189.0,1956.0,1674.0,2694.0,2022.0,5088.0,3636.0,5175.0,2256.0,5019.0,204.0,2.0,18.0,80.0,2.0,64.0,5.0,73.0,1357.0,283.0,6472.0,784.0,1272.0,146.0,329.0,2591.0,628.0,1309.0,3427.0,5309.0,2519.0,946.0,505.0,5055.0,4271.0,1200.0,4684.0,426.0,2738.0,80.0
2026-07-08T16:00Z,219.0,341.0,358.0,12410.0,16863.0,2979.0,250.0,18199.0,2334.0,7636.0,20984.0,2066.0,11335.0,5323.0,2151.0,1073.0,1413.0,288.0,2970.0,963.0,1591.0,1629.0,2864.0,13026.0,5741.0,12410.0,25308.0,13561.0,25618.0,1999.0,1198.0,1445.0,503.0,597.0,966.0,958.0,286.0,697.0,6974.0,2533.0,1279.0,20932.0,6943.0,10186.0,3974.0,14654.0,2769.0,4176.0,18288.0,2245.0,2068.0,1818.0,2869.0,2103.0,5320.0,3672.0,5411.0,2313.0,5273.0,219.0,2.0,20.0,80.0,2.0,65.0,2.0,73.0,1389.0,302.0,7074.0,856.0,1322.0,161.0,351.0,2797.0,672.0,1426.0,3529.0,5721.0,2677.0,987.0,551.0,5206.0,4363.0,1287.0,5032.0,463.0,2840.0,86.0
2026-07-08T17:00Z,224.0,362.0,369.0,12164.0,17504.0,2870.0,251.0,19338.0,2457.0,7769.0,22709.0,2197.0,12082.0,5617.0,2266.0,1114.0,1461.0,297.0,3102.0,951.0,1551.0,1670.0,2934.0,13381.0,6076.0,13003.0,26309.0,14113.0,27229.0,2058.0,1266.0,1548.0,505.0,624.0,1029.0,1020.0,311.0,717.0,7153.0,2779.0,1350.0,21834.0,7212.0,10652.0,4054.0,15413.0,2910.0,4377.0,18740.0,2383.0,2119.0,1916.0,3129.0,2189.0,5576.0,3880.0,5629.0,2360.0,5619.0,235.0,2.0,22.0,78.0,2.0,68.0,3.0,73.0,1470.0,317.0,7714.0,920.0,1370.0,183.0,367.0,2970.0,713.0,1533.0,3638.0,6184.0,2820.0,1035.0,590.0,5392.0,4467.0,1376.0,5364.0,512.0,2991.0,89.0
2026-07-08T18:00Z,225.0,383.0,382.0,11621.0,17151.0,2834.0,252.0,20277.0,2607.0,7904.0,24268.0,2344.0,12823.0,5873.0,2375.0,1156.0,1527.0,335.0,3304.0,1007.0,1633.0,1759.0,3034.0,13607.0,6372.0,13545.0,27326.0,14629.0,28650.0,2153.0,1359.0,1644.0,521.0,651.0,1104.0,1105.0,335.0,750.0,7317.0,2962.0,1446.0,22556.0,7379.0,11154.0,4174.0,16122.0,3013.0,4509.0,19142.0,2521.0,2188.0,1976.0,3390.0,2268.0,5813.0,3889.0,5838.0,2464.0,5965.0,254.0,2.0,25.0,81.0,2.0,69.0,8.0,75.0,1547.0,328.0,8287.0,968.0,1412.0,196.0,382.0,3122.0,745.0,1632.0,3710.0,6570.0,2940.0,1071.0,622.0,5566.0,4518.0,1451.0,5668.0,560.0,3113.0,90.0
2026-07-08T19:00Z,233.0,403.0,392.0,10853.0,17412.0,2394.0,243.0,21006.0,2684.0,7849.0,25754.0,2437.0,13530.0,6105.0,2477.0,1198.0,1608.0,372.0,3522.0,1073.0,1742.0,1869.0,3161.0,13837.0,6583.0,13891.0,28123.0,14942.0,29620.0,2207.0,1416.0,1714.0,512.0,688.0,1194.0,1207.0,360.0,789.0,7474.0,3149.0,1520.0,22818.0,7576.0,11463.0,4318.0,16915.0,3089.0,4647.0,19578.0,2622.0,2282.0,2011.0,3645.0,2330.0,6011.0,3938.0,5948.0,2466.0,6294.0,272.0,3.0,27.0,79.0,3.0,70.0,8.0,78.0,1649.0,342.0,8778.0,1007.0,1448.0,211.0,391.0,3244.0,774.0,1707.0,3815.0,6914.0,3040.0,1100.0,649.0,5714.0,4589.0,1524.0,5933.0,582.0,3295.0,94.0
2026-07-08T20:00Z,238.0,420.0,398.0,10462.0,17203.0,2165.0,202.0,21391.0,2784.0,7331.0,26438.0,2432.0,13733.0,6249.0,2557.0,1277.0,1693.0,424.0,3806.0,1127.0,1907.0,2008.0,3313.0,14097.0,6665.0,14168.0,28774.0,15015.0,30147.0,2235.0,1489.0,1780.0,525.0,732.0,1311.0,1325.0,382.0,843.0,7651.0,3325.0,1631.0,23106.0,7747.0,11769.0,4522.0,17607.0,3132.0,4672.0,20254.0,2751.0,2333.0,2093.0,3950.0,2385.0,6228.0,4098.0,6098.0,2465.0,6679.0,288.0,2.0,29.0,78.0,3.0,72.0,13.0,81.0,1757.0,358.0,9117.0,1038.0,1483.0,223.0,411.0,3352.0,795.0,1784.0,3891.0,7066.0,3119.0,1130.0,669.0,5836.0,4644.0,1578.0,6150.0,623.0,3399.0,97.0
2026-07-08T21:00Z,228.0,422.0,402.0,10357.0,17053.0,2022.0,168.0,21143.0,2829.0,7054.0,26851.0,2271.0,13714.0,6267.0,2567.0,1369.0,1787.0,495.0,4136.0,1221.0,2065.0,2197.0,3470.0,14205.0,6774.0,14395.0,29230.0,15216.0,29983.0,2286.0,1563.0,1879.0,516.0,792.0,1459.0,1480.0,405.0,907.0,7812.0,3528.0,1778.0,23229.0,7933.0,11883.0,4755.0,17976.0,3166.0,4611.0,20695.0,2876.0,2394.0,2078.0,4228.0,2468.0,6416.0,4363.0,6253.0,2488.0,7130.0,299.0,2.0,30.0,81.0,3.0,74.0,17.0,81.0,1872.0,351.0,9357.0,1067.0,1508.0,232.0,415.0,3438.0,812.0,1831.0,3908.0,7168.0,3198.0,1140.0,678.0,5921.0,4678.0,1612.0,6260.0,650.0,3431.0,99.0
2026-07-08T22:00Z,229.0,423.0,401.0,10132.0,18090.0,2070.0,169.0,20372.0,2881.0,7121.0,27245.0,2291.0,13807.0,6341.0,2590.0,1496.0,1875.0,603.0,4420.0,1290.0,2229.0,2348.0,3571.0,14219.0,6932.0,14555.0,29355.0,15517.0,29807.0,2299.0,1616.0,2007.0,534.0,868.0,1654.0,1634.0,432.0,960.0,7912.0,3698.0,1914.0,23275.0,8068.0,12007.0,4942.0,18345.0,3161.0,4563.0,20723.0,2979.0,2444.0,2127.0,4471.0,2524.0,6558.0,4493.0,6396.0,2503.0,7514.0,308.0,2.0,30.0,78.0,3.0,73.0,27.0,81.0,1989.0,364.0,9473.0,1084.0,1512.0,238.0,415.0,3474.0,824.0,1849.0,3928.0,7240.0,3225.0,1147.0,693.0,5976.0,4695.0,1645.0,6273.0,625.0,3496.0,103.0
2026-07-08T23:00Z,236.0,415.0,406.0,10648.0,19016.0,2206.0,167.0,20019.0,2961.0,7168.0,27360.0,2307.0,14026.0,6378.0,2571.0,1607.0,1907.0,738.0,4551.0,1316.0,2309.0,2434.0,3550.0,14198.0,7078.0,14470.0,29095.0,15633.0,29558.0,2306.0,1634.0,2223.0,567.0,979.0,1822.0,1709.0,431.0,978.0,7751.0,3752.0,1983.0,23142.0,7976.0,11889.0,4926.0,18430.0,3109.0,4469.0,20630.0,3046.0,2414.0,2176.0,4538.0,2503.0,6520.0,4415.0,6413.0,2487.0,7693.0,303.0,2.0,29.0,73.0,3.0,71.0,28.0,80.0,2083.0,386.0,9479.0,1092.0,1511.0,240.0,405.0,3518.0,831.0,1881.0,3914.0,7215.0,3236.0,1146.0,691.0,6002.0,4686.0,1666.0,6187.0,581.0,3515.0,103.0
2026-07-09T00:00Z,229.0,390.0,404.0,11774.0,18806.0,2466.0,170.0,19862.0,2878.0,7166.0,27193.0,2415.0,14522.0,6240.0,2596.0,1625.0,1859.0,781.0,4490.0,1243.0,2311.0,2418.0,3472.0,14164.0,7162.0,14274.0,28561.0,15466.0,28994.0,2342.0,1679.0,2393.0,593.0,1110.0,1929.0,1715.0,416.0,951.0,7518.0,3624.0,1951.0,22709.0,7774.0,11540.0,4807.0,18236.0,3029.0,4338.0,20225.0,3012.0,2362.0,1970.0,4416.0,2443.0,6301.0,4320.0,6327.0,2454.0,7650.0,287.0,2.0,27.0,53.0,3.0,69.0,27.0,79.0,2103.0,387.0,9363.0,1088.0,1499.0,239.0,401.0,3483.0,822.0,1873.0,3914.0,7103.0,3204.0,1161.0,682.0,5971.0,4685.0,1664.0,6134.0,578.0,3510.0,102.0
2026-07-09T01:00Z,219.0,366.0,385.0,12873.0,19030.0,2877.0,174.0,19609.0,2803.0,7463.0,26489.0,2463.0,14407.0,6117.0,2525.0,1597.0,1785.0,793.0,4379.0,1211.0,2235.0,2374.0,3410.0,13987.0,7174.0,13978.0,27561.0,15035.0,28251.0,2294.0,1677.0,2393.0,599.0,1169.0,1924.0,1633.0,393.0,902.0,7301.0,3416.0,1834.0,22021.0,7529.0,10993.0,4686.0,17822.0,2923.0,4227.0,19898.0,2858.0,2221.0,1900.0,4056.0,2353.0,6003.0,4217.0,6119.0,2362.0,7361.0,269.0,2.0,27.0,56.0,3.0,63.0,29.0,75.0,2003.0,374.0,9050.0,1052.0,1484.0,234.0,391.0,3367.0,782.0,1797.0,3821.0,6951.0,3116.0,1156.0,653.0,5912.0,4627.0,1598.0,6009.0,580.0,3471.0,100.0
2026-07-09T02:00Z,211.0,348.0,375.0,14110.0,18567.0,3044.0,155.0,19122.0,2651.0,7863.0,25418.0,2347.0,14006.0,5919.0,2426.0,1525.0,1687.0,774.0,4166.0,1146.0,2134.0,2291.0,3314.0,13759.0,7030.0,13493.0,26479.0,14430.0,27188.0,2212.0,1616.0,2301.0,550.0,1130.0,1858.0,1552.0,374.0,868.0,7170.0,3257.0,1732.0,21333.0,7256.0,10591.0,4549.0,17053.0,2818.0,4131.0,19399.0,2713.0,2111.0,1850.0,3788.0,2264.0,5813.0,4093.0,5935.0,2290.0,7096.0,252.0,2.0,26.0,54.0,2.0,61.0,22.0,73.0,1925.0,361.0,8566.0,984.0,1448.0,216.0,382.0,3188.0,749.0,1713.0,3703.0,6693.0,2980.0,1108.0,608.0,5798.0,4527.0,1523.0,5780.0,573.0,3395.0,100.0
2026-07-09T03:00Z,217.0,332.0,372.0,14733.0,17592.0,3088.0,112.0,18560.0,2600.0,7648.0,24456.0,2285.0,13474.0,5764.0,2328.0,1388.0,1528.0,728.0,3793.0,1020.0,1927.0,2109.0,3122.0,13479.0,6763.0,12854.0,25229.0,13775.0,26458.0,2107.0,1495.0,2132.0,572.0,1028.0,1734.0,1417.0,338.0,814.0,6896.0,3035.0,1592.0,20025.0,6745.0,9930.0,4244.0,16276.0,2650.0,3950.0,18472.0,2488.0,1978.0,1775.0,3419.0,2108.0,5427.0,3840.0,5507.0,2147.0,6638.0,229.0,2.0,22.0,60.0,2.0,60.0,28.0,72.0,1824.0,348.0,8154.0,923.0,1421.0,204.0,377.0,3057.0,689.0,1628.0,3574.0,6451.0,2715.0,1072.0,571.0,5685.0,4454.0,1481.0,5522.0,531.0,3292.0,100.0
2026-07-09T04:00Z,219.0,319.0,366.0,14760.0,16894.0,3049.0,94.0,17648.0,2516.0,7715.0,22963.0,2164.0,12689.0,5435.0,2202.0,1260.0,1380.0,667.0,3412.0,960.0,1772.0,1928.0,2889.0,12999.0,6330.0,12044.0,23699.0,12912.0,24829.0,1953.0,1378.0,1982.0,572.0,925.0,1602.0,1288.0,302.0,751.0,6538.0,2771.0,1445.0,18942.0,6290.0,9155.0,3902.0,15180.0,2443.0,3693.0,17429.0,2249.0,1830.0,1688.0,3094.0,1938.0,4999.0,3560.0,5094.0,1978.0,6125.0,206.0,3.0,21.0,64.0,2.0,59.0,28.0,71.0,1732.0,338.0,7602.0,846.0,1382.0,181.0,355.0,2840.0,600.0,1491.0,3439.0,6116.0,2483.0,1034.0,523.0,5534.0,4371.0,1402.0,5156.0,499.0,3195.0,97.0
2026-07-09T05:00Z,209.0,299.0,359.0,14461.0,16385.0,2971.0,94.0,16734.0,2361.0,7866.0,21279.0,2126.0,11738.0,5055.0,2112.0,1189.0,1272.0,623.0,3108.0,904.0,1614.0,1815.0,2713.0,12060.0,5854.0,11276.0,23046.0,12081.0,23654.0,1833.0,1276.0,1859.0,556.0,858.0,1487.0,1188.0,277.0,709.0,6193.0,2554.0,1311.0,17910.0,5873.0,8533.0,3610.0,14071.0,2272.0,3483.0,16650.0,2053.0,1696.0,1626.0,2808.0,1813.0,4636.0,3299.0,4769.0,1872.0,5669.0,188.0,2.0,18.0,60.0,2.0,59.0,31.0,71.0,1631.0,319.0,7053.0,778.0,1343.0,161.0,333.0,2616.0,550.0,1349.0,3214.0,5762.0,2310.0,970.0,476.0,5313.0,4143.0,1319.0,4769.0,459.0,3008.0,88.0
2026-07-09T06:00Z,200.0,275.0,350.0,13527.0,15180.0,2796.0,77.0,15920.0,2215.0,7869.0,19827.0,1990.0,10867.0,4731.0,2034.0,1138.0,1203.0,585.0,2895.0,851.0,1521.0,1713.0,2574.0,11254.0,5475.0,10613.0,21970.0,11531.0,22651.0,1745.0,1198.0,1775.0,548.0,815.0,1402.0,1114.0,265.0,669.0,5908.0,2369.0,1224.0,17159.0,5533.0,8076.0,3399.0,13127.0,2140.0,3309.0,16112.0,1918.0,1608.0,1558.0,2570.0,1727.0,4338.0,3114.0,4535.0,1793.0,5307.0,175.0,2.0,17.0,57.0,2.0,58.0,28.0,69.0,1520.0,292.0,6594.0,717.0,1320.0,148.0,317.0,2437.0,512.0,1240.0,3080.0,5456.0,2165.0,910.0,437.0,5152.0,3929.0,1246.0,4481.0,416.0,2795.0,83.0
2026-07-09T07:00Z,204.0,259.0,346.0,12584.0,13864.0,2673.0,48.0,15216.0,2084.0,7781.0,18710.0,1871.0,10152.0,4483.0,1965.0,1101.0,1157.0,570.0,2751.0,815.0,1454.0,1641.0,2476.0,10705.0,5204.0,10236.0,20977.0,11147.0,21753.0,1674.0,1142.0,1707.0,553.0,781.0,1347.0,1070.0,254.0,641.0,5687.0,2250.0,1170.0,16617.0,5384.0,7735.0,3262.0,12357.0,2037.0,3152.0,15741.0,1835.0,1545.0,1352.0,2383.0,1664.0,4172.0,2998.0,4358.0,1729.0,5031.0,165.0,2.0,16.0,56.0,2.0,57.0,26.0,67.0,1446.0,276.0,6262.0,675.0,1296.0,135.0,303.0,2305.0,482.0,1148.0,3005.0,5198.0,2069.0,882.0,411.0,5039.0,3840.0,1196.0,4254.0,378.0,2648.0,83.0
2026-07-09T08:00Z,198.0,247.0,344.0,12150.0,12848.0,2584.0,28.0,14661.0,1928.0,7702.0,17837.0,1834.0,9595.0,4292.0,1897.0,1092.0,1133.0,564.0,2664.0,793.0,1415.0,1601.0,2420.0,10338.0,5011.0,9953.0,20325.0,10683.0,21097.0,1635.0,1106.0,1680.0,550.0,767.0,1315.0,1036.0,242.0,618.0,5545.0,2172.0,1137.0,16304.0,5289.0,7463.0,3209.0,11835.0,1970.0,3037.0,15562.0,1792.0,1494.0,1253.0,2297.0,1634.0,4077.0,2959.0,4278.0,1707.0,4860.0,159.0,2.0,15.0,59.0,2.0,56.0,25.0,67.0,1358.0,265.0,6021.0,648.0,1294.0,128.0,298.0,2209.0,460.0,1104.0,2908.0,4981.0,2004.0,839.0,391.0,4911.0,3790.0,1161.0,4063.0,358.0,2539.0,80.0
2026-07-09T09:00Z,187.0,241.0,341.0,11510.0,11941.0,2472.0,32.0,14349.0,1908.0,7602.0,17302.0,1771.0,9228.0,4181.0,1850.0,1114.0,1142.0,570.0,2655.0,792.0,1425.0,1607.0,2432.0,10162.0,4837.0,9754.0,20028.0,10515.0,20756.0,1621.0,1098.0,1673.0,541.0,772.0,1313.0,1021.0,239.0,611.0,5501.0,2149.0,1134.0,16200.0,5300.0,7497.0,3245.0,11504.0,1957.0,2990.0,15653.0,1802.0,1498.0,1370.0,2296.0,1649.0,4047.0,3015.0,4288.0,1723.0,4802.0,158.0,2.0,14.0,63.0,2.0,56.0,24.0,66.0,1292.0,258.0,5829.0,631.0,1272.0,125.0,282.0,2116.0,445.0,1054.0,2857.0,4803.0,1976.0,806.0,380.0,4853.0,3742.0,1133.0,3852.0,342.0,2459.0,77.0
2026-07-09T10:00Z,192.0,237.0,340.0,11061.0,11297.0,2325.0,33.0,14375.0,1900.0,7572.0,16952.0,1731.0,9047.0,4127.0,1819.0,1156.0,1193.0,580.0,2758.0,890.0,1492.0,1651.0,2525.0,10148.0,4827.0,9936.0,20270.0,10538.0,20411.0,1644.0,1116.0,1722.0,541.0,794.0,1338.0,1026.0,241.0,626.0,5665.0,2182.0,1158.0,16539.0,5429.0,7634.0,3383.0,11475.0,2017.0,3072.0,15983.0,1877.0,1515.0,1442.0,2321.0,1716.0,4209.0,3213.0,4444.0,1799.0,4857.0,160.0,2.0,13.0,62.0,2.0,55.0,24.0,67.0,1250.0,251.0,5752.0,629.0,1261.0,117.0,265.0,1964.0,449.0,1018.0,2834.0,4720.0,1966.0,798.0,379.0,4782.0,3722.0,1121.0,3788.0,335.0,2411.0,76.0
2026-07-09T11:00Z,202.0,241.0,338.0,10757.0,11019.0,2344.0,32.0,14578.0,1907.0,7534.0,17002.0,1727.0,9041.0,4126.0,1797.0,1219.0,1299.0,598.0,2977.0,895.0,1585.0,1768.0,2745.0,10486.0,4900.0,10167.0,20217.0,10750.0,20556.0,1677.0,1155.0,1765.0,534.0,803.0,1362.0,1062.0,256.0,671.0,6112.0,2284.0,1219.0,16966.0,5657.0,7899.0,3575.0,11786.0,2110.0,3200.0,16527.0,1998.0,1552.0,1511.0,2473.0,1823.0,4465.0,3478.0,4791.0,1912.0,5033.0,169.0,2.0,14.0,62.0,2.0,56.0,24.0,65.0,1235.0,252.0,5778.0,656.0,1258.0,116.0,266.0,1983.0,461.0,1016.0,2872.0,4730.0,1995.0,814.0,391.0,4766.0,3778.0,1118.0,3852.0,331.0,2385.0,75.0
2026-07-09T12:00Z,201.0,247.0,343.0,10773.0,10916.0,2202.0,33.0,14704.0,1917.0,7543.0,17054.0,1721.0,9156.0,4156.0,1799.0,1245.0,1419.0,572.0,3216.0,926.0,1702.0,1882.0,2996.0,11103.0,5012.0,10555.0,21367.0,10967.0,20706.0,1748.0,1167.0,1760.0,519.0,767.0,1368.0,1116.0,280.0,732.0,6665.0,2463.0,1303.0,17647.0,5960.0,8426.0,3792.0,12429.0,2246.0,3299.0,17161.0,2139.0,1626.0,1583.0,2650.0,1935.0,4780.0,3666.0,5080.0,2064.0,5350.0,189.0,2.0,15.0,62.0,2.0,57.0,25.0,65.0,1231.0,256.0,5861.0,690.0,1261.0,117.0,273.0,2060.0,483.0,1035.0,2929.0,4812.0,2061.0,831.0,412.0,4792.0,3877.0,1128.0,3974.0,340.0,2430.0,73.0
2026-07-09T13:00Z,195.0,270.0,350.0,11126.0,11020.0,2216.0,35.0,15018.0,1987.0,7488.0,17441.0,1774.0,9275.0,4181.0,1811.0,1251.0,1511.0,497.0,3347.0,1013.0,1814.0,1939.0,3216.0,11666.0,5201.0,11187.0,22683.0,11470.0,21579.0,1768.0,1176.0,1662.0,509.0,724.0,1324.0,1147.0,300.0,769.0,7126.0,2647.0,1365.0,18139.0,6231.0,8947.0,3950.0,13152.0,2391.0,3450.0,17633.0,2282.0,1689.0,1664.0,2859.0,2018.0,5017.0,3817.0,5272.0,2168.0,5596.0,211.0,3.0,15.0,60.0,2.0,59.0,25.0,68.0,1212.0,264.0,6064.0,719.0,1264.0,118.0,280.0,2117.0,512.0,1063.0,2991.0,4914.0,2165.0,863.0,437.0,4828.0,4051.0,1143.0,4147.0,356.0,2511.0,73.0
2026-07-09T14:00Z,198.0,303.0,346.0,11645.0,11803.0,2286.0,90.0,16047.0,2093.0,7550.0,18584.0,1974.0,9814.0,4373.0,1934.0,1250.0,1598.0,432.0,3464.0,1079.0,1910.0,1986.0,3422.0,12044.0,5391.0,11783.0,23906.0,12068.0,22575.0,1840.0,1218.0,1638.0,524.0,703.0,1290.0,1183.0,318.0,813.0,7518.0,2836.0,1409.0,19111.0,6483.0,9545.0,4093.0,13892.0,2521.0,3641.0,18121.0,2426.0,1780.0,1696.0,3095.0,2076.0,5300.0,3969.0,5456.0,2273.0,5892.0,231.0,2.0,16.0,66.0,2.0,62.0,12.0,69.0,1287.0,276.0,6389.0,745.0,1274.0,120.0,289.0,2211.0,536.0,1100.0,3060.0,5090.0,2256.0,906.0,445.0,4912.0,4177.0,1180.0,4365.0,379.0,2600.0,78.0
2026-07-09T15:00Z,210.0,331.0,338.0,12646.0,14457.0,2986.0,164.0,17256.0,2226.0,7556.0,19918.0,2060.0,10430.0,4665.0,2053.0,1281.0,1694.0,400.0,3654.0,1145.0,2035.0,2056.0,3608.0,12371.0,5618.0,12521.0,24789.0,12667.0,24434.0,1908.0,1283.0,1658.0,538.0,713.0,1335.0,1258.0,339.0,865.0,7856.0,3043.0,1563.0,20150.0,6803.0,10193.0,4212.0,14678.0,2681.0,3847.0,18696.0,2500.0,1910.0,1782.0,3409.0,2141.0,5518.0,3998.0,5643.0,2376.0,6346.0,256.0,2.0,19.0,62.0,2.0,65.0,7.0,71.0,1340.0,292.0,6807.0,758.0,1293.0,131.0,309.0,2383.0,571.0,1181.0,3122.0,5343.0,2344.0,925.0,454.0,5091.0,4265.0,1237.0,4580.0,398.0,2707.0,81.0
2026-07-09T16:00Z,214.0,358.0,347.0,12504.0,17732.0,3318.0,185.0,18540.0,2443.0,7718.0,21419.0,2165.0,11100.0,5005.0,2142.0,1330.0,1795.0,435.0,3917.0,1218.0,2179.0,2145.0,3755.0,12755.0,5924.0,13225.0,25657.0,13191.0,26113.0,2001.0,1323.0,1742.0,543.0,751.0,1396.0,1371.0,379.0,918.0,8127.0,3272.0,1694.0,21047.0,7181.0,10751.0,4311.0,15100.0,2825.0,4092.0,19367.0,2557.0,2032.0,1940.0,3777.0,2217.0,5603.0,3948.0,5745.0,2457.0,6891.0,277.0,2.0,22.0,71.0,2.0,67.0,7.0,73.0,1394.0,306.0,7348.0,788.0,1317.0,141.0,325.0,2545.0,596.0,1280.0,3231.0,5651.0,2485.0,971.0,482.0,5296.0,4398.0,1303.0,4838.0,423.0,2815.0,84.0
2026-07-09T17:00Z,218.0,381.0,355.0,12331.0,18324.0,3227.0,185.0,19629.0,2567.0,7776.0,22974.0,2324.0,11812.0,5326.0,2215.0,1384.0,1891.0,516.0,4234.0,1277.0,2311.0,2244.0,3889.0,13100.0,6389.0,13850.0,26313.0,13489.0,27491.0,2081.0,1403.0,1814.0,531.0,796.0,1449.0,1497.0,410.0,987.0,8413.0,3499.0,1703.0,21766.0,7426.0,11184.0,4444.0,15352.0,2959.0,4299.0,20262.0,2627.0,2139.0,1896.0,3985.0,2294.0,5588.0,4106.0,5951.0,2505.0,7277.0,291.0,2.0,23.0,70.0,2.0,69.0,6.0,73.0,1481.0,322.0,7925.0,838.0,1349.0,152.0,349.0,2729.0,628.0,1383.0,3306.0,5965.0,2610.0,1015.0,539.0,5500.0,4528.0,1375.0,5101.0,460.0,2944.0,88.0
2026-07-09T18:00Z,218.0,402.0,359.0,11649.0,17960.0,2826.0,192.0,20622.0,2716.0,7864.0,24463.0,2462.0,12493.0,5599.0,2323.0,1482.0,1978.0,517.0,4550.0,1345.0,2440.0,2377.0,4059.0,13506.0,6657.0,14469.0,26940.0,13752.0,28931.0,2154.0,1473.0,1871.0,526.0,833.0,1570.0,1577.0,423.0,1005.0,8365.0,3840.0,1652.0,22298.0,7582.0,11620.0,4737.0,15685.0,3055.0,4440.0,21238.0,2683.0,2240.0,2088.0,4015.0,2367.0,5622.0,4376.0,6162.0,2564.0,7135.0,294.0,2.0,26.0,70.0,3.0,70.0,5.0,74.0,1566.0,339.0,8417.0,910.0,1391.0,174.0,369.0,2914.0,665.0,1507.0,3431.0,6305.0,2733.0,1054.0,600.0,5700.0,4648.0,1444.0,5369.0,496.0,3068.0,90.0
2026-07-09T19:00Z,221.0,416.0,368.0,11236.0,18079.0,2567.0,174.0,21446.0,2805.0,7872.0,25713.0,2499.0,13148.0,5782.0,2433.0,1612.0,2056.0,549.0,4764.0,1401.0,2576.0,2509.0,4182.0,13858.0,6863.0,14762.0,27195.0,14035.0,30061.0,2228.0,1503.0,1928.0,542.0,894.0,1663.0,1654.0,449.0,966.0,8172.0,3852.0,1679.0,22614.0,7588.0,11797.0,5045.0,16188.0,3118.0,4542.0,22083.0,2802.0,2199.0,2228.0,4021.0,2370.0,5614.0,4633.0,6303.0,2583.0,6980.0,308.0,2.0,28.0,69.0,3.0,72.0,7.0,77.0,1671.0,342.0,8940.0,973.0,1428.0,193.0,383.0,3079.0,697.0,1621.0,3502.0,6625.0,2818.0,1085.0,642.0,5894.0,4717.0,1502.0,5640.0,544.0,3267.0,93.0
2026-07-09T20:00Z,228.0,413.0,372.0,11221.0,18624.0,2142.0,156.0,21700.0,2796.0,7403.0,26486.0,2449.0,13525.0,5806.0,2522.0,1634.0,2122.0,608.0,4844.0,1477.0,2726.0,2654.0,4357.0,14225.0,6999.0,15080.0,27133.0,14225.0,30516.0,2277.0,1560.0,1972.0,565.0,1007.0,1761.0,1714.0,465.0,995.0,8134.0,3655.0,1761.0,22908.0,7448.0,11953.0,5103.0,16806.0,3142.0,4609.0,22201.0,3017.0,2171.0,2312.0,3983.0,2342.0,5588.0,4685.0,6282.0,2575.0,6922.0,318.0,2.0,28.0,67.0,3.0,74.0,8.0,79.0,1786.0,359.0,9263.0,997.0,1452.0,209.0,391.0,3171.0,723.0,1703.0,3575.0,6868.0,2859.0,1113.0,667.0,6048.0,4750.0,1540.0,5838.0,555.0,3411.0,95.0
2026-07-09T21:00Z,228.0,408.0,362.0,11109.0,17846.0,2126.0,143.0,21434.0,2861.0,7162.0,26938.0,2466.0,13612.0,5810.0,2537.0,1729.0,2182.0,677.0,4968.0,1493.0,2874.0,2755.0,4533.0,14448.0,6962.0,15223.0,27290.0,14260.0,30740.0,2284.0,1645.0,2103.0,588.0,1027.0,1869.0,1830.0,472.0,1020.0,7979.0,3517.0,1889.0,22984.0,7483.0,12030.0,4931.0,17471.0,3177.0,4697.0,22181.0,3094.0,2232.0,2393.0,3904.0,2349.0,5600.0,4589.0,6188.0,2574.0,6813.0,314.0,2.0,30.0,67.0,3.0,74.0,15.0,78.0,1921.0,368.0,9373.0,1018.0,1475.0,217.0,386.0,3204.0,743.0,1738.0,3624.0,7066.0,2900.0,1116.0,683.0,6153.0,4791.0,1568.0,5960.0,538.0,3447.0,94.0
2026-07-09T22:00Z,234.0,405.0,355.0,11829.0,17950.0,1922.0,139.0,21546.0,2827.0,7146.0,27248.0,2424.0,13563.0,5701.0,2547.0,1812.0,2223.0,733.0,5019.0,1499.0,2950.0,2886.0,4649.0,14748.0,7013.0,15151.0,27487.0,14190.0,30695.0,2245.0,1683.0,2267.0,592.0,1096.0,1997.0,1873.0,468.0,987.0,7779.0,3406.0,1952.0,22876.0,7335.0,11971.0,4793.0,17685.0,3203.0,4743.0,22065.0,3136.0,2247.0,2451.0,3840.0,2332.0,5634.0,4472.0,6259.0,2580.0,6651.0,296.0,3.0,30.0,67.0,3.0,74.0,13.0,82.0,2019.0,384.0,9422.0,1045.0,1483.0,216.0,385.0,3169.0,755.0,1728.0,3656.0,7103.0,2946.0,1123.0,688.0,6215.0,4788.0,1588.0,6076.0,531.0,3395.0,97.0
2026-07-09T23:00Z,242.0,402.0,360.0,12546.0,17844.0,2051.0,136.0,21240.0,2821.0,7154.0,27343.0,2393.0,13659.0,5512.0,2520.0,1854.0,2219.0,789.0,4970.0,1485.0,2945.0,2889.0,4579.0,14960.0,6930.0,14991.0,27405.0,14401.0,30330.0,2213.0,1597.0,2417.0,595.0,1165.0,2074.0,1853.0,453.0,952.0,7592.0,3331.0,1932.0,22900.0,7322.0,11701.0,4609.0,17889.0,3172.0,4699.0,21904.0,3131.0,2259.0,2429.0,3771.0,2262.0,5589.0,4233.0,6173.0,2532.0,6611.0,278.0,2.0,31.0,68.0,3.0,71.0,10.0,84.0,2043.0,388.0,9397.0,1057.0,1488.0,215.0,386.0,3200.0,757.0,1724.0,3656.0,7127.0,2961.0,1130.0,688.0,6195.0,4768.0,1602.0,6099.0,507.0,3413.0,98.0
2026-07-10T00:00Z,239.0,394.0,363.0,13617.0,18598.0,2424.0,119.0,20682.0,2830.0,7177.0,27334.0,2430.0,14177.0,5406.0,2545.0,1845.0,2166.0,800.0,4872.0,1433.0,2843.0,2852.0,4444.0,15012.0,6899.0,14732.0,26819.0,14334.0,29830.0,2194.0,1590.0,2480.0,600.0,1218.0,2141.0,1834.0,436.0,933.0,7486.0,3279.0,1847.0,22503.0,7222.0,11331.0,4465.0,17739.0,3100.0,4551.0,21626.0,2979.0,2223.0,2378.0,3712.0,2230.0,5465.0,4064.0,6100.0,2472.0,6623.0,268.0,2.0,30.0,71.0,3.0,67.0,1.0,83.0,2031.0,391.0,9245.0,1052.0,1469.0,216.0,381.0,3173.0,749.0,1707.0,3658.0,7007.0,2933.0,1132.0,672.0,6137.0,4718.0,1593.0,6069.0,478.0,3418.0,98.0
2026-07-10T01:00Z,219.0,385.0,361.0,14686.0,18708.0,2915.0,124.0,20124.0,2767.0,7513.0,26498.0,2458.0,14135.0,5453.0,2514.0,1807.0,2094.0,797.0,4763.0,1399.0,2742.0,2822.0,4353.0,15009.0,6789.0,14211.0,25849.0,14148.0,29207.0,2161.0,1556.0,2420.0,584.0,1217.0,2127.0,1787.0,424.0,916.0,7380.0,3263.0,1775.0,21839.0,7017.0,10797.0,4399.0,17109.0,2970.0,4381.0,21113.0,2836.0,2126.0,2263.0,3652.0,2197.0,5376.0,3962.0,5991.0,2394.0,6609.0,260.0,2.0,29.0,73.0,3.0,62.0,8.0,81.0,1950.0,391.0,8928.0,1023.0,1448.0,209.0,372.0,3105.0,727.0,1669.0,3606.0,6842.0,2880.0,1116.0,655.0,6049.0,4672.0,1579.0,5897.0,476.0,3372.0,97.0
2026-07-10T02:00Z,217.0,376.0,356.0,15645.0,17986.0,2920.0,123.0,19575.0,2721.0,7954.0,25214.0,2367.0,13507.0,5320.0,2398.0,1710.0,1983.0,770.0,4558.0,1318.0,2595.0,2711.0,4183.0,14663.0,6596.0,13730.0,24872.0,13718.0,28412.0,2109.0,1506.0,2327.0,537.0,1161.0,2039.0,1719.0,407.0,902.0,7295.0,3193.0,1713.0,21187.0,6818.0,10545.0,4330.0,16478.0,2860.0,4220.0,20424.0,2684.0,2045.0,2115.0,3574.0,2133.0,5299.0,3874.0,5837.0,2313.0,6545.0,253.0,2.0,28.0,70.0,3.0,61.0,20.0,80.0,1961.0,383.0,8474.0,974.0,1426.0,197.0,364.0,2994.0,691.0,1605.0,3523.0,6592.0,2769.0,1070.0,626.0,5907.0,4585.0,1520.0,5574.0,478.0,3255.0,96.0
2026-07-10T03:00Z,225.0,362.0,349.0,16039.0,17075.0,2963.0,107.0,19029.0,2620.0,7954.0,24263.0,2388.0,12968.0,5233.0,2348.0,1561.0,1814.0,725.0,4193.0,1170.0,2344.0,2512.0,3908.0,14030.0,6389.0,13266.0,23727.0,13346.0,27490.0,2009.0,1409.0,2164.0,587.0,1069.0,1886.0,1598.0,377.0,858.0,7048.0,3035.0,1609.0,20166.0,6419.0,9948.0,4083.0,15771.0,2699.0,4002.0,19325.0,2486.0,1939.0,2008.0,3334.0,1994.0,5044.0,3675.0,5449.0,2180.0,6267.0,239.0,2.0,25.0,66.0,3.0,60.0,30.0,78.0,1901.0,365.0,8118.0,933.0,1399.0,183.0,358.0,2894.0,657.0,1533.0,3422.0,6321.0,2652.0,1025.0,601.0,5791.0,4523.0,1468.0,5313.0,474.0,3145.0,96.0
2026-07-10T04:00Z,224.0,347.0,345.0,15892.0,16541.0,2945.0,96.0,18088.0,2538.0,7861.0,22754.0,2158.0,12193.0,4971.0,2243.0,1427.0,1660.0,664.0,3826.0,1124.0,2130.0,2307.0,3614.0,13271.0,6011.0,12424.0,22383.0,12616.0,26331.0,1896.0,1298.0,2024.0,546.0,997.0,1744.0,1478.0,343.0,803.0,6740.0,2825.0,1486.0,18995.0,6045.0,9305.0,3779.0,14688.0,2508.0,3727.0,18162.0,2274.0,1810.0,1812.0,3110.0,1862.0,4732.0,3429.0,5080.0,1987.0,5917.0,222.0,2.0,23.0,70.0,2.0,59.0,29.0,76.0,1806.0,351.0,7615.0,871.0,1367.0,170.0,337.0,2710.0,609.0,1419.0,3255.0,6002.0,2505.0,974.0,559.0,5615.0,4342.0,1385.0,5038.0,461.0,3068.0,93.0
2026-07-10T05:00Z,212.0,320.0,340.0,15467.0,16212.0,2924.0,89.0,17036.0,2383.0,7565.0,21187.0,1980.0,11257.0,4712.0,2137.0,1344.0,1545.0,625.0,3533.0,1038.0,1955.0,2163.0,3376.0,12191.0,5591.0,11705.0,21853.0,11864.0,24823.0,1794.0,1208.0,1908.0,537.0,931.0,1640.0,1387.0,325.0,770.0,6448.0,2637.0,1380.0,18035.0,5641.0,8716.0,3504.0,13602.0,2343.0,3499.0,17275.0,2100.0,1698.0,1634.0,2860.0,1748.0,4435.0,3197.0,4780.0,1848.0,5596.0,208.0,2.0,21.0,68.0,2.0,58.0,32.0,75.0,1708.0,327.0,7081.0,797.0,1329.0,155.0,322.0,2513.0,554.0,1288.0,3068.0,5646.0,2331.0,898.0,518.0,5412.0,4153.0,1299.0,4569.0,430.0,2896.0,90.0
2026-07-10T06:00Z,211.0,293.0,331.0,14406.0,15225.0,2713.0,38.0,16062.0,2211.0,7434.0,19752.0,1891.0,10399.0,4464.0,2017.0,1278.0,1453.0,604.0,3321.0,979.0,1823.0,2034.0,3180.0,11254.0,5235.0,11036.0,20982.0,11286.0,23517.0,1715.0,1139.0,1813.0,511.0,883.0,1568.0,1308.0,314.0,737.0,6196.0,2473.0,1294.0,17260.0,5373.0,8325.0,3309.0,12722.0,2227.0,3304.0,16487.0,1978.0,1607.0,1503.0,2701.0,1674.0,4254.0,3017.0,4528.0,1758.0,5326.0,196.0,2.0,18.0,72.0,2.0,57.0,29.0,73.0,1575.0,304.0,6600.0,729.0,1293.0,141.0,304.0,2350.0,512.0,1179.0,2930.0,5306.0,2188.0,860.0,481.0,5239.0,3998.0,1232.0,4252.0,387.0,2680.0,86.0
2026-07-10T07:00Z,201.0,272.0,326.0,13357.0,13968.0,2479.0,16.0,15360.0,2078.0,7382.0,18526.0,1911.0,9689.0,4283.0,1929.0,1236.0,1391.0,581.0,3184.0,940.0,1735.0,1956.0,3055.0,10749.0,4984.0,10584.0,20057.0,11139.0,22668.0,1646.0,1094.0,1750.0,522.0,851.0,1505.0,1249.0,299.0,705.0,6000.0,2358.0,1249.0,16694.0,5203.0,7977.0,3163.0,12012.0,2131.0,3192.0,15952.0,1904.0,1559.0,1415.0,2543.0,1616.0,4085.0,2898.0,4371.0,1716.0,5125.0,187.0,2.0,17.0,72.0,2.0,57.0,27.0,70.0,1453.0,284.0,6232.0,690.0,1271.0,129.0,290.0,2197.0,482.0,1101.0,2829.0,5046.0,2088.0,811.0,451.0,5137.0,3897.0,1186.0,4029.0,356.0,2561.0,84.0
2026-07-10T08:00Z,193.0,257.0,322.0,12732.0,12922.0,2533.0,22.0,14871.0,1970.0,7449.0,17597.0,1888.0,9184.0,4150.0,1877.0,1213.0,1349.0,577.0,3109.0,926.0,1696.0,1899.0,2970.0,10323.0,4795.0,10259.0,19479.0,10749.0,22067.0,1616.0,1065.0,1707.0,523.0,825.0,1459.0,1202.0,288.0,682.0,5876.0,2291.0,1228.0,16413.0,5109.0,7867.0,3090.0,11497.0,2071.0,3118.0,15578.0,1869.0,1554.0,1374.0,2450.0,1592.0,4019.0,2825.0,4262.0,1705.0,4996.0,181.0,3.0,16.0,71.0,2.0,56.0,26.0,69.0,1373.0,276.0,5940.0,666.0,1245.0,122.0,277.0,2099.0,462.0,1057.0,2732.0,4831.0,2026.0,771.0,426.0,5064.0,3831.0,1146.0,3839.0,338.0,2452.0,82.0
2026-07-10T09:00Z,187.0,248.0,319.0,12072.0,12015.0,2374.0,27.0,14592.0,1914.0,7407.0,16911.0,1835.0,8848.0,4199.0,1829.0,1231.0,1343.0,577.0,3102.0,937.0,1700.0,1891.0,2935.0,10114.0,4655.0,10178.0,18930.0,10476.0,21391.0,1605.0,1064.0,1694.0,542.0,822.0,1440.0,1176.0,280.0,670.0,5865.0,2281.0,1232.0,16378.0,5107.0,7784.0,3093.0,11118.0,2056.0,3074.0,15488.0,1871.0,1549.0,1413.0,2474.0,1600.0,4026.0,2835.0,4265.0,1705.0,4968.0,177.0,2.0,15.0,67.0,2.0,56.0,25.0,69.0,1312.0,267.0,5709.0,650.0,1208.0,117.0,271.0,2032.0,453.0,1029.0,2706.0,4650.0,1997.0,767.0,414.0,4960.0,3784.0,1114.0,3671.0,321.0,2397.0,80.0
2026-07-10T10:00Z,187.0,243.0,317.0,11555.0,11276.0,2231.0,29.0,14544.0,1902.0,7460.0,16523.0,1797.0,8691.0,4186.0,1793.0,1274.0,1378.0,592.0,3192.0,1042.0,1764.0,1924.0,2992.0,10153.0,4647.0,10297.0,18980.0,10060.0,21102.0,1641.0,1096.0,1737.0,538.0,841.0,1454.0,1170.0,281.0,684.0,6041.0,2328.0,1257.0,16581.0,5200.0,7959.0,3169.0,11045.0,2102.0,3124.0,15716.0,1921.0,1568.0,1417.0,2500.0,1637.0,4109.0,2981.0,4393.0,1783.0,5033.0,177.0,2.0,15.0,72.0,2.0,56.0,25.0,67.0,1267.0,249.0,5592.0,645.0,1196.0,116.0,272.0,2024.0,453.0,1016.0,2664.0,4567.0,1988.0,766.0,410.0,4910.0,3759.0,1091.0,3589.0,312.0,2357.0,78.0
2026-07-10T11:00Z,190.0,246.0,319.0,11148.0,10850.0,2195.0,29.0,14689.0,1895.0,7460.0,16427.0,1779.0,8690.0,4216.0,1769.0,1365.0,1475.0,611.0,3397.0,1027.0,1849.0,2029.0,3202.0,10490.0,4703.0,10494.0,19307.0,10209.0,21506.0,1692.0,1150.0,1787.0,538.0,863.0,1477.0,1188.0,295.0,731.0,6485.0,2451.0,1299.0,17000.0,5407.0,8119.0,3307.0,11275.0,2186.0,3210.0,16086.0,2010.0,1594.0,1453.0,2637.0,1731.0,4334.0,3215.0,4653.0,1887.0,5189.0,186.0,2.0,15.0,73.0,2.0,57.0,24.0,67.0,1231.0,250.0,5619.0,663.0,1190.0,117.0,275.0,2023.0,460.0,1030.0,2680.0,4625.0,2013.0,776.0,417.0,4920.0,3810.0,1083.0,3627.0,311.0,2351.0,78.0
2026-07-10T12:00Z,195.0,254.0,320.0,11019.0,10872.0,2291.0,30.0,14795.0,1950.0,7441.0,16455.0,1801.0,8817.0,4254.0,1764.0,1428.0,1601.0,604.0,3663.0,1088.0,1988.0,2161.0,3456.0,11001.0,4803.0,10793.0,20286.0,10583.0,21528.0,1785.0,1187.0,1829.0,532.0,855.0,1482.0,1236.0,317.0,795.0,6991.0,2670.0,1375.0,17611.0,5681.0,8603.0,3543.0,11818.0,2283.0,3318.0,16786.0,2135.0,1651.0,1521.0,2815.0,1854.0,4749.0,3427.0,4957.0,1996.0,5509.0,203.0,2.0,15.0,73.0,2.0,57.0,25.0,68.0,1237.0,255.0,5687.0,684.0,1199.0,116.0,281.0,2074.0,483.0,1074.0,2738.0,4694.0,2081.0,795.0,426.0,4935.0,3916.0,1090.0,3735.0,320.0,2376.0,76.0
2026-07-10T13:00Z,180.0,276.0,324.0,11394.0,11137.0,2312.0,34.0,15052.0,1965.0,7408.0,16893.0,1879.0,8986.0,4313.0,1810.0,1397.0,1696.0,553.0,3830.0,1169.0,2118.0,2230.0,3682.0,11675.0,4982.0,11255.0,21518.0,11281.0,22055.0,1853.0,1212.0,1834.0,520.0,831.0,1470.0,1286.0,344.0,832.0,7419.0,2908.0,1452.0,18224.0,5953.0,8922.0,3799.0,12523.0,2378.0,3432.0,17532.0,2272.0,1701.0,1486.0,3065.0,1985.0,5152.0,3612.0,5135.0,2105.0,5780.0,225.0,2.0,15.0,74.0,2.0,58.0,22.0,68.0,1227.0,258.0,5941.0,725.0,1220.0,121.0,287.0,2157.0,514.0,1107.0,2800.0,4815.0,2173.0,804.0,455.0,4931.0,4066.0,1107.0,3884.0,335.0,2420.0,79.0
2026-07-10T14:00Z,180.0,309.0,330.0,11807.0,11824.0,2263.0,90.0,15928.0,2090.0,7433.0,18133.0,1988.0,9576.0,4441.0,1942.0,1338.0,1752.0,494.0,3963.0,1228.0,2234.0,2259.0,3820.0,12225.0,5159.0,11865.0,22446.0,11980.0,23218.0,1891.0,1250.0,1800.0,501.0,791.0,1482.0,1286.0,372.0,857.0,7727.0,3155.0,1516.0,18878.0,6235.0,9417.0,4057.0,13131.0,2496.0,3518.0,18508.0,2435.0,1759.0,1623.0,3225.0,2076.0,5511.0,3775.0,5467.0,2164.0,6002.0,239.0,2.0,16.0,73.0,2.0,60.0,0.0,70.0,1308.0,277.0,6452.0,779.0,1257.0,126.0,302.0,2255.0,534.0,1153.0,2861.0,5112.0,2245.0,841.0,489.0,5032.0,4215.0,1173.0,4097.0,358.0,2501.0,82.0
2026-07-10T15:00Z,203.0,344.0,338.0,12827.0,13847.0,2948.0,152.0,16935.0,2215.0,7563.0,19529.0,1995.0,10247.0,4656.0,2032.0,1333.0,1803.0,440.0,4105.0,1298.0,2371.0,2306.0,3915.0,12679.0,5384.0,12427.0,23137.0,12621.0,24663.0,1912.0,1231.0,1788.0,499.0,791.0,1514.0,1355.0,379.0,871.0,7935.0,3341.0,1631.0,19508.0,6534.0,10032.0,4355.0,13816.0,2664.0,3670.0,19422.0,2630.0,1864.0,1621.0,3509.0,2180.0,5846.0,3964.0,5711.0,2253.0,6242.0,255.0,2.0,20.0,71.0,2.0,63.0,,71.0,1366.0,300.0,6977.0,836.0,1301.0,136.0,324.0,2432.0,546.0,1229.0,2911.0,5459.0,2300.0,883.0,532.0,5202.0,4311.0,1255.0,4358.0,379.0,2591.0,90.0
2026-07-10T16:00Z,224.0,375.0,361.0,13065.0,16342.0,3257.0,172.0,17856.0,2421.0,7712.0,20876.0,2100.0,10979.0,4916.0,2147.0,1361.0,1848.0,401.0,4231.0,1372.0,2514.0,2359.0,4004.0,13178.0,5707.0,13075.0,23836.0,13179.0,26339.0,1928.0,1224.0,1771.0,502.0,761.0,1525.0,1406.0,399.0,921.0,8181.0,3514.0,1743.0,20351.0,6698.0,10659.0,4658.0,14523.0,2792.0,3771.0,20394.0,2811.0,1950.0,1688.0,3854.0,2268.0,6118.0,4180.0,5913.0,2318.0,6717.0,275.0,2.0,23.0,75.0,2.0,65.0,,74.0,1427.0,318.0,7503.0,888.0,1344.0,152.0,340.0,2615.0,557.0,1341.0,2972.0,5881.0,2352.0,921.0,580.0,5359.0,4440.0,1337.0,4639.0,397.0,2698.0,93.0
2026-07-10T17:00Z,225.0,402.0,373.0,12963.0,17214.0,3132.0,176.0,18565.0,2540.0,7818.0,22199.0,2267.0,11632.0,5126.0,2239.0,1365.0,1890.0,395.0,4342.0,1395.0,2577.0,2388.0,4072.0,13741.0,5998.0,13634.0,24779.0,13579.0,27622.0,1976.0,1250.0,1785.0,526.0,773.0,1499.0,1462.0,406.0,970.0,8362.0,3805.0,1892.0,21122.0,6915.0,11078.0,4925.0,15159.0,2914.0,3940.0,21047.0,2986.0,2073.0,1717.0,4276.0,2325.0,6300.0,4387.0,5984.0,2361.0,7179.0,292.0,3.0,24.0,71.0,2.0,67.0,,75.0,1521.0,335.0,8074.0,935.0,1365.0,163.0,358.0,2751.0,581.0,1427.0,3053.0,6264.0,2430.0,954.0,619.0,5509.0,4550.0,1408.0,4918.0,424.0,2812.0,97.0
2026-07-10T18:00Z,226.0,426.0,376.0,12668.0,17538.0,3001.0,169.0,18893.0,2639.0,7896.0,23454.0,2321.0,12252.0,5338.0,2316.0,1363.0,1931.0,395.0,4515.0,1437.0,2665.0,2433.0,4136.0,14239.0,6285.0,14059.0,25641.0,13942.0,28772.0,2013.0,1273.0,1771.0,497.0,783.0,1508.0,1531.0,433.0,989.0,8395.0,4007.0,2070.0,21590.0,6976.0,11218.0,5036.0,15734.0,3025.0,4147.0,21607.0,3133.0,2064.0,1811.0,4443.0,2340.0,6449.0,4497.0,6078.0,2400.0,7325.0,298.0,2.0,27.0,70.0,2.0,68.0,,77.0,1630.0,355.0,8573.0,974.0,1404.0,175.0,370.0,2831.0,609.0,1489.0,3127.0,6565.0,2513.0,988.0,642.0,5709.0,4638.0,1455.0,5170.0,456.0,2945.0,100.0
2026-07-10T19:00Z,237.0,442.0,382.0,12234.0,17633.0,2446.0,176.0,19239.0,2774.0,8017.0,24673.0,2433.0,12867.0,5546.0,2388.0,1395.0,1939.0,402.0,4756.0,1491.0,2736.0,2528.0,4234.0,14652.0,6608.0,14498.0,26217.0,14350.0,29112.0,2037.0,1263.0,1780.0,498.0,782.0,1560.0,1626.0,450.0,995.0,8423.0,3961.0,2123.0,21735.0,6886.0,11293.0,5054.0,16201.0,3087.0,4327.0,21704.0,3225.0,2055.0,1865.0,4535.0,2349.0,6446.0,4608.0,6121.0,2401.0,7511.0,302.0,2.0,29.0,68.0,3.0,69.0,,80.0,1738.0,363.0,9010.0,1001.0,1438.0,187.0,382.0,2990.0,619.0,1543.0,3182.0,6843.0,2583.0,1028.0,666.0,5914.0,4693.0,1523.0,5400.0,493.0,3088.0,103.0
2026-07-10T20:00Z,241.0,456.0,388.0,12253.0,18198.0,2196.0,159.0,19804.0,2861.0,8119.0,25629.0,2504.0,13372.0,5661.0,2465.0,1436.0,1966.0,431.0,4841.0,1521.0,2846.0,2599.0,4337.0,14826.0,6716.0,14679.0,26690.0,14627.0,29222.0,2074.0,1273.0,1773.0,500.0,809.0,1574.0,1653.0,467.0,1024.0,8527.0,4027.0,2223.0,21732.0,6849.0,11152.0,4968.0,16497.0,3118.0,4446.0,21655.0,3303.0,2036.0,1958.0,4565.0,2368.0,6460.0,4555.0,6131.0,2357.0,7526.0,309.0,2.0,30.0,67.0,3.0,70.0,4.0,78.0,1860.0,364.0,9278.0,1001.0,1475.0,204.0,391.0,3154.0,621.0,1598.0,3225.0,6947.0,2611.0,1051.0,684.0,6050.0,4758.0,1564.0,5546.0,533.0,3247.0,105.0
2026-07-10T21:00Z,242.0,470.0,392.0,11969.0,17654.0,2248.0,149.0,19983.0,2914.0,8044.0,26335.0,2494.0,13687.0,5806.0,2505.0,1529.0,2018.0,490.0,4957.0,1543.0,2831.0,2662.0,4323.0,15080.0,6886.0,14747.0,26939.0,14732.0,29685.0,2100.0,1291.0,1821.0,518.0,818.0,1647.0,1739.0,464.0,1044.0,8498.0,4090.0,2220.0,21789.0,6875.0,11101.0,4918.0,16481.0,3138.0,4565.0,21457.0,3349.0,1963.0,2080.0,4485.0,2382.0,6523.0,4470.0,6119.0,2266.0,7480.0,310.0,2.0,30.0,69.0,3.0,71.0,8.0,80.0,1975.0,376.0,9448.0,1000.0,1480.0,216.0,380.0,3157.0,628.0,1656.0,3260.0,7040.0,2629.0,1069.0,679.0,6147.0,4773.0,1588.0,5616.0,575.0,3362.0,102.0
2026-07-10T22:00Z,252.0,475.0,397.0,12223.0,18159.0,2168.0,137.0,20159.0,2895.0,7968.0,26852.0,2476.0,13729.0,5775.0,2540.0,1626.0,2038.0,578.0,5014.0,1536.0,2816.0,2664.0,4189.0,15329.0,7042.0,14820.0,26893.0,14675.0,29995.0,2127.0,1332.0,1943.0,558.0,894.0,1702.0,1842.0,485.0,1062.0,8450.0,4132.0,2213.0,21368.0,6919.0,11004.0,4920.0,16405.0,3068.0,4628.0,21471.0,3338.0,1874.0,2144.0,4457.0,2361.0,6446.0,4440.0,6035.0,2270.0,7589.0,305.0,2.0,31.0,64.0,3.0,70.0,14.0,82.0,2060.0,389.0,9470.0,992.0,1485.0,202.0,376.0,3072.0,639.0,1633.0,3278.0,7096.0,2645.0,1083.0,683.0,6183.0,4800.0,1616.0,5711.0,594.0,3446.0,99.0
2026-07-10T23:00Z,248.0,475.0,399.0,12335.0,18130.0,2104.0,135.0,20188.0,2765.0,7921.0,27004.0,2473.0,13761.0,5687.0,2550.0,1673.0,1987.0,678.0,5072.0,1461.0,2714.0,2660.0,3990.0,15511.0,7090.0,14717.0,26419.0,14390.0,29937.0,2166.0,1387.0,2078.0,589.0,1006.0,1831.0,1860.0,486.0,1051.0,8251.0,4098.0,2193.0,20995.0,6848.0,10794.0,4891.0,16112.0,2870.0,4551.0,21077.0,3248.0,1811.0,2172.0,4359.0,2264.0,6361.0,4355.0,5899.0,2258.0,7547.0,299.0,2.0,31.0,55.0,3.0,69.0,17.0,83.0,2057.0,395.0,9388.0,988.0,1475.0,205.0,377.0,3106.0,646.0,1635.0,3294.0,7022.0,2633.0,1076.0,663.0,6209.0,4798.0,1622.0,5737.0,598.0,3516.0,100.0
2026-07-11T00:00Z,248.0,465.0,392.0,13108.0,18311.0,2496.0,135.0,19380.0,2712.0,8008.0,26537.0,2482.0,13502.0,5695.0,2530.0,1679.0,1924.0,734.0,4940.0,1421.0,2606.0,2619.0,3871.0,15525.0,6997.0,14304.0,25602.0,14169.0,29256.0,2208.0,1467.0,2240.0,607.0,1135.0,1900.0,1837.0,465.0,1022.0,8093.0,4035.0,2164.0,20498.0,6629.0,10519.0,4871.0,15513.0,2665.0,4424.0,20634.0,3116.0,1766.0,2151.0,4288.0,2157.0,6146.0,4185.0,5759.0,2216.0,7541.0,280.0,2.0,30.0,51.0,3.0,68.0,11.0,82.0,2069.0,396.0,9156.0,992.0,1477.0,206.0,376.0,3069.0,647.0,1619.0,3316.0,6915.0,2635.0,1072.0,644.0,6183.0,4770.0,1605.0,5670.0,598.0,3506.0,98.0
2026-07-11T01:00Z,224.0,439.0,378.0,14137.0,17872.0,2775.0,144.0,18627.0,2652.0,7970.0,25683.0,2449.0,13074.0,5742.0,2461.0,1625.0,1826.0,737.0,4753.0,1376.0,2508.0,2552.0,3773.0,15508.0,6824.0,13832.0,24616.0,13741.0,28500.0,2130.0,1448.0,2258.0,603.0,1155.0,1864.0,1754.0,445.0,977.0,7918.0,3846.0,2104.0,19879.0,6416.0,10067.0,4663.0,14721.0,2543.0,4187.0,20082.0,3001.0,1723.0,2057.0,4075.0,2074.0,5992.0,3984.0,5605.0,2146.0,7367.0,266.0,2.0,29.0,56.0,3.0,64.0,20.0,81.0,2064.0,391.0,8807.0,972.0,1452.0,195.0,362.0,2964.0,636.0,1566.0,3254.0,6749.0,2628.0,1047.0,633.0,6086.0,4704.0,1563.0,5510.0,602.0,3419.0,97.0
2026-07-11T02:00Z,226.0,411.0,369.0,15060.0,17358.0,2986.0,111.0,18031.0,2552.0,7843.0,24417.0,2328.0,12524.0,5682.0,2350.0,1549.0,1717.0,712.0,4539.0,1300.0,2384.0,2445.0,3645.0,15171.0,6502.0,13348.0,23651.0,13064.0,27526.0,2059.0,1386.0,2183.0,547.0,1093.0,1800.0,1664.0,422.0,950.0,7796.0,3672.0,2024.0,19534.0,6263.0,9772.0,4449.0,14198.0,2462.0,4006.0,19530.0,2890.0,1710.0,1950.0,3943.0,2020.0,5817.0,3838.0,5461.0,2096.0,7195.0,255.0,3.0,27.0,61.0,3.0,62.0,23.0,81.0,2032.0,383.0,8324.0,929.0,1417.0,184.0,347.0,2830.0,617.0,1488.0,3232.0,6440.0,2535.0,1007.0,607.0,5921.0,4611.0,1490.0,5226.0,585.0,3325.0,93.0
2026-07-11T03:00Z,238.0,386.0,375.0,15609.0,16835.0,2835.0,104.0,17591.0,2473.0,7846.0,23532.0,2276.0,12070.0,5583.0,2291.0,1419.0,1556.0,667.0,4177.0,1134.0,2177.0,2263.0,3420.0,14679.0,6183.0,12731.0,22561.0,12550.0,26798.0,1949.0,1298.0,2041.0,566.0,1013.0,1689.0,1543.0,382.0,896.0,7547.0,3431.0,1880.0,18712.0,5937.0,9276.0,4139.0,13763.0,2340.0,3814.0,18692.0,2683.0,1642.0,1803.0,3614.0,1882.0,5471.0,3616.0,5133.0,1980.0,6803.0,235.0,2.0,26.0,68.0,3.0,60.0,29.0,79.0,1931.0,367.0,7930.0,881.0,1383.0,173.0,331.0,2721.0,595.0,1393.0,3132.0,6153.0,2440.0,966.0,578.0,5790.0,4546.0,1422.0,4995.0,539.0,3249.0,91.0
2026-07-11T04:00Z,232.0,369.0,373.0,15506.0,16185.0,2845.0,103.0,16896.0,2386.0,7705.0,22181.0,2162.0,11462.0,5344.0,2006.0,1285.0,1399.0,612.0,3813.0,1114.0,1990.0,2071.0,3186.0,13986.0,5803.0,12037.0,21381.0,11957.0,25506.0,1826.0,1202.0,1912.0,569.0,937.0,1568.0,1427.0,350.0,840.0,7223.0,3148.0,1725.0,17548.0,5575.0,8597.0,3821.0,13038.0,2177.0,3563.0,17835.0,2443.0,1543.0,1564.0,3308.0,1752.0,5083.0,3391.0,4784.0,1852.0,6378.0,216.0,2.0,23.0,70.0,2.0,60.0,29.0,77.0,1825.0,352.0,7418.0,818.0,1351.0,158.0,307.0,2551.0,559.0,1288.0,3046.0,5846.0,2325.0,925.0,534.0,5606.0,4436.0,1345.0,4657.0,504.0,3160.0,87.0
2026-07-11T05:00Z,223.0,347.0,363.0,15120.0,15860.0,2758.0,98.0,16142.0,2249.0,7722.0,20684.0,2042.0,10784.0,5169.0,1880.0,1191.0,1280.0,567.0,3487.0,1094.0,1831.0,1930.0,2960.0,12948.0,5374.0,11332.0,20485.0,11235.0,24367.0,1723.0,1124.0,1786.0,521.0,879.0,1467.0,1330.0,328.0,797.0,6872.0,2885.0,1572.0,16721.0,5251.0,8112.0,3525.0,12244.0,2045.0,3325.0,17007.0,2229.0,1477.0,1527.0,3017.0,1633.0,4750.0,3181.0,4489.0,1751.0,5959.0,200.0,2.0,21.0,70.0,2.0,59.0,32.0,76.0,1758.0,332.0,6930.0,749.0,1311.0,142.0,287.0,2365.0,515.0,1186.0,2900.0,5512.0,2180.0,867.0,496.0,5383.0,4314.0,1264.0,4262.0,461.0,2960.0,80.0
2026-07-11T06:00Z,217.0,318.0,353.0,14161.0,14976.0,2673.0,90.0,15390.0,2106.0,7717.0,19101.0,1959.0,10083.0,4951.0,1956.0,1123.0,1194.0,536.0,3242.0,974.0,1705.0,1808.0,2753.0,12052.0,5059.0,10728.0,19754.0,10598.0,23103.0,1620.0,1060.0,1681.0,498.0,821.0,1377.0,1248.0,309.0,752.0,6571.0,2668.0,1455.0,16159.0,4995.0,7694.0,3308.0,11492.0,1933.0,3135.0,16333.0,2072.0,1434.0,1480.0,2789.0,1553.0,4473.0,3015.0,4290.0,1670.0,5606.0,186.0,2.0,18.0,72.0,2.0,58.0,29.0,74.0,1635.0,308.0,6457.0,672.0,1278.0,126.0,270.0,2210.0,473.0,1096.0,2774.0,5193.0,2057.0,816.0,444.0,5211.0,4126.0,1189.0,3954.0,412.0,2787.0,76.0
2026-07-11T07:00Z,208.0,295.0,349.0,13152.0,13679.0,2472.0,41.0,14765.0,1971.0,7723.0,17957.0,1980.0,9562.0,4780.0,1908.0,1077.0,1137.0,515.0,3072.0,924.0,1614.0,1728.0,2612.0,11343.0,4813.0,10348.0,18882.0,10085.0,22263.0,1556.0,1021.0,1614.0,503.0,789.0,1322.0,1182.0,294.0,711.0,6337.0,2513.0,1373.0,15648.0,4829.0,7422.0,3150.0,10869.0,1846.0,2975.0,15900.0,1966.0,1398.0,1430.0,2633.0,1496.0,4268.0,2881.0,4149.0,1611.0,5337.0,176.0,2.0,17.0,72.0,2.0,57.0,27.0,73.0,1511.0,291.0,6092.0,613.0,1246.0,115.0,254.0,2063.0,446.0,1015.0,2662.0,4925.0,1958.0,780.0,401.0,5113.0,3996.0,1134.0,3690.0,372.0,2633.0,73.0
2026-07-11T08:00Z,208.0,278.0,346.0,12551.0,12676.0,2538.0,15.0,14265.0,1946.0,7702.0,17047.0,1842.0,9133.0,4601.0,1878.0,1058.0,1101.0,503.0,2955.0,886.0,1559.0,1661.0,2515.0,10878.0,4603.0,9931.0,18193.0,9725.0,21441.0,1521.0,991.0,1571.0,528.0,766.0,1283.0,1140.0,281.0,681.0,6156.0,2413.0,1319.0,15392.0,4738.0,7240.0,3042.0,10414.0,1791.0,2875.0,15539.0,1894.0,1361.0,1370.0,2501.0,1464.0,4124.0,2783.0,4032.0,1584.0,5138.0,170.0,2.0,15.0,72.0,2.0,56.0,26.0,71.0,1409.0,278.0,5805.0,575.0,1220.0,107.0,242.0,1944.0,425.0,948.0,2589.0,4722.0,1899.0,754.0,371.0,5070.0,3901.0,1125.0,3504.0,350.0,2505.0,71.0
2026-07-11T09:00Z,201.0,269.0,342.0,11829.0,11932.0,2374.0,15.0,13917.0,1886.0,7605.0,16322.0,1820.0,8884.0,4564.0,1840.0,1044.0,1086.0,500.0,2881.0,867.0,1529.0,1631.0,2465.0,10570.0,4465.0,9751.0,17806.0,9507.0,21074.0,1500.0,975.0,1554.0,527.0,753.0,1270.0,1112.0,269.0,660.0,6043.0,2366.0,1281.0,15207.0,4690.0,7128.0,2985.0,10102.0,1764.0,2835.0,15362.0,1859.0,1353.0,1363.0,2460.0,1449.0,4038.0,2731.0,3998.0,1576.0,5024.0,167.0,2.0,15.0,73.0,2.0,55.0,25.0,71.0,1346.0,263.0,5612.0,554.0,1196.0,102.0,240.0,1864.0,412.0,914.0,2542.0,4567.0,1870.0,745.0,356.0,5020.0,3856.0,1099.0,3356.0,331.0,2409.0,69.0
2026-07-11T10:00Z,199.0,260.0,338.0,11251.0,11242.0,2287.0,20.0,13708.0,1847.0,7663.0,15814.0,1864.0,8720.0,4480.0,1824.0,1049.0,1085.0,496.0,2853.0,844.0,1506.0,1609.0,2445.0,10359.0,4414.0,9712.0,17683.0,9353.0,20715.0,1491.0,969.0,1556.0,486.0,747.0,1259.0,1097.0,266.0,652.0,5957.0,2351.0,1266.0,15235.0,4719.0,7112.0,2983.0,9983.0,1772.0,2838.0,15402.0,1854.0,1378.0,1276.0,2407.0,1454.0,4037.0,2726.0,4043.0,1592.0,4953.0,166.0,2.0,14.0,71.0,2.0,55.0,24.0,70.0,1294.0,261.0,5472.0,535.0,1186.0,99.0,238.0,1820.0,406.0,897.0,2500.0,4502.0,1846.0,737.0,344.0,4978.0,3830.0,1081.0,3295.0,316.0,2348.0,74.0
2026-07-11T11:00Z,201.0,257.0,338.0,10864.0,10784.0,2151.0,22.0,13706.0,1819.0,7672.0,15618.0,1871.0,8666.0,4476.0,1799.0,1060.0,1123.0,490.0,2877.0,852.0,1535.0,1616.0,2506.0,10333.0,4399.0,9711.0,17053.0,9397.0,20580.0,1484.0,959.0,1541.0,475.0,733.0,1231.0,1083.0,266.0,649.0,6002.0,2378.0,1260.0,15347.0,4784.0,7150.0,2999.0,9970.0,1798.0,2863.0,15449.0,1861.0,1389.0,1344.0,2432.0,1480.0,4108.0,2792.0,4129.0,1622.0,4901.0,167.0,3.0,14.0,73.0,2.0,54.0,24.0,71.0,1261.0,257.0,5403.0,536.0,1182.0,100.0,237.0,1814.0,408.0,897.0,2469.0,4469.0,1838.0,739.0,338.0,4913.0,3811.0,1072.0,3299.0,310.0,2317.0,72.0
2026-07-11T12:00Z,203.0,255.0,338.0,10730.0,10450.0,2098.0,22.0,13680.0,1786.0,7559.0,15454.0,1787.0,8690.0,4424.0,1802.0,1035.0,1195.0,441.0,2955.0,903.0,1612.0,1657.0,2618.0,10422.0,4401.0,9765.0,17431.0,9392.0,20399.0,1479.0,938.0,1466.0,494.0,675.0,1183.0,1088.0,274.0,671.0,6220.0,2488.0,1300.0,15780.0,4955.0,7477.0,3118.0,10161.0,1859.0,2917.0,15791.0,1964.0,1429.0,1301.0,2544.0,1553.0,4320.0,2904.0,4318.0,1692.0,5019.0,173.0,2.0,13.0,73.0,2.0,54.0,25.0,69.0,1247.0,261.0,5356.0,541.0,1182.0,100.0,234.0,1823.0,411.0,890.0,2472.0,4433.0,1850.0,728.0,341.0,4879.0,3829.0,1071.0,3296.0,309.0,2315.0,71.0
2026-07-11T13:00Z,193.0,270.0,339.0,10754.0,10519.0,2132.0,25.0,13961.0,1808.0,7438.0,15711.0,1816.0,8793.0,4411.0,1839.0,1007.0,1270.0,359.0,3074.0,962.0,1713.0,1700.0,2750.0,10828.0,4509.0,10062.0,18512.0,9842.0,20692.0,1496.0,936.0,1336.0,489.0,616.0,1147.0,1131.0,293.0,702.0,6414.0,2673.0,1372.0,16371.0,5239.0,7917.0,3351.0,10682.0,1973.0,3056.0,16464.0,2082.0,1497.0,1420.0,2726.0,1662.0,4614.0,3057.0,4554.0,1803.0,5182.0,184.0,2.0,14.0,73.0,1.0,53.0,21.0,70.0,1219.0,262.0,5553.0,569.0,1199.0,106.0,245.0,1922.0,437.0,942.0,2526.0,4549.0,1951.0,743.0,349.0,4902.0,3976.0,1116.0,3428.0,315.0,2326.0,72.0
2026-07-11T14:00Z,206.0,304.0,344.0,10764.0,11130.0,2211.0,82.0,15093.0,1921.0,7549.0,16919.0,1968.0,9226.0,4641.0,1892.0,977.0,1321.0,278.0,3187.0,1006.0,1761.0,1731.0,2867.0,11501.0,4621.0,10477.0,19832.0,10475.0,22104.0,1560.0,938.0,1275.0,504.0,599.0,1115.0,1101.0,314.0,723.0,6604.0,2843.0,1419.0,17125.0,5558.0,8510.0,3645.0,11387.0,2096.0,3239.0,17452.0,2176.0,1561.0,1516.0,2974.0,1754.0,4894.0,3249.0,4778.0,1896.0,5410.0,195.0,2.0,15.0,72.0,2.0,53.0,1.0,68.0,1276.0,273.0,6076.0,627.0,1229.0,118.0,260.0,2094.0,477.0,1052.0,2650.0,4889.0,2105.0,775.0,372.0,5001.0,4150.0,1191.0,3711.0,336.0,2405.0,78.0
2026-07-11T15:00Z,230.0,342.0,352.0,11214.0,13472.0,3100.0,162.0,16028.0,2129.0,7616.0,18370.0,2051.0,9836.0,4970.0,1972.0,972.0,1376.0,224.0,3259.0,1070.0,1815.0,1720.0,2900.0,12330.0,4727.0,10837.0,20824.0,11004.0,23950.0,1639.0,975.0,1290.0,503.0,588.0,1156.0,1097.0,323.0,736.0,6681.0,2926.0,1561.0,17843.0,5895.0,9079.0,3954.0,12194.0,2197.0,3437.0,18413.0,2312.0,1624.0,1578.0,3151.0,1821.0,5195.0,3514.0,4964.0,1986.0,5555.0,202.0,2.0,18.0,74.0,2.0,54.0,,70.0,1333.0,289.0,6681.0,678.0,1271.0,133.0,280.0,2265.0,522.0,1138.0,2791.0,5264.0,2265.0,818.0,399.0,5105.0,4315.0,1251.0,4028.0,357.0,2519.0,82.0
2026-07-11T16:00Z,233.0,381.0,360.0,11119.0,14833.0,3498.0,178.0,16355.0,2303.0,7743.0,19859.0,2169.0,10376.0,5281.0,2061.0,1031.0,1435.0,218.0,3340.0,1075.0,1849.0,1771.0,2969.0,13046.0,4852.0,11118.0,22039.0,11465.0,25605.0,1733.0,1027.0,1364.0,501.0,592.0,1207.0,1116.0,336.0,774.0,6742.0,2949.0,1671.0,18312.0,6224.0,9608.0,4234.0,12882.0,2274.0,3588.0,19271.0,2522.0,1667.0,1564.0,3199.0,1918.0,5505.0,3767.0,5167.0,2058.0,5664.0,214.0,2.0,19.0,74.0,2.0,55.0,,70.0,1371.0,299.0,7276.0,739.0,1314.0,146.0,297.0,2433.0,566.0,1268.0,2943.0,5597.0,2413.0,863.0,428.0,5265.0,4464.0,1307.0,4322.0,382.0,2648.0,86.0
2026-07-11T17:00Z,239.0,414.0,364.0,11691.0,15891.0,3296.0,179.0,16706.0,2428.0,7766.0,21268.0,2307.0,10754.0,5643.0,2149.0,1073.0,1487.0,227.0,3486.0,1062.0,1895.0,1847.0,3046.0,13635.0,4963.0,11461.0,22801.0,11951.0,27170.0,1807.0,1076.0,1432.0,497.0,583.0,1242.0,1196.0,361.0,801.0,6781.0,3059.0,1807.0,18933.0,6487.0,10007.0,4475.0,13438.0,2277.0,3692.0,20103.0,2737.0,1785.0,1683.0,3285.0,2021.0,5774.0,3938.0,5318.0,2116.0,5780.0,214.0,2.0,21.0,73.0,2.0,56.0,,70.0,1451.0,316.0,7846.0,806.0,1360.0,160.0,313.0,2606.0,602.0,1343.0,3051.0,5965.0,2546.0,900.0,477.0,5442.0,4565.0,1382.0,4608.0,419.0,2799.0,89.0
2026-07-11T18:00Z,248.0,442.0,372.0,11239.0,16153.0,3136.0,176.0,17255.0,2467.0,7882.0,22698.0,2401.0,10966.0,5901.0,2218.0,1099.0,1522.0,221.0,3673.0,1138.0,2023.0,1925.0,3121.0,14085.0,5061.0,11767.0,23562.0,12339.0,27967.0,1846.0,1114.0,1505.0,496.0,587.0,1213.0,1215.0,371.0,787.0,6763.0,3234.0,1882.0,19424.0,6738.0,10285.0,4692.0,13897.0,2219.0,3738.0,20629.0,2849.0,1881.0,1784.0,3392.0,2088.0,5976.0,4102.0,5510.0,2163.0,5735.0,218.0,2.0,23.0,73.0,2.0,57.0,,71.0,1542.0,327.0,8317.0,861.0,1396.0,175.0,330.0,2765.0,633.0,1433.0,3137.0,6291.0,2662.0,930.0,527.0,5627.0,4660.0,1448.0,4860.0,461.0,2971.0,92.0
2026-07-11T19:00Z,242.0,460.0,380.0,10715.0,16122.0,2407.0,172.0,17854.0,2513.0,7959.0,23827.0,2487.0,10782.0,6067.0,2276.0,1136.0,1553.0,233.0,3877.0,1159.0,2113.0,2016.0,3224.0,14458.0,5228.0,12046.0,24163.0,12710.0,28226.0,1872.0,1141.0,1581.0,495.0,588.0,1231.0,1327.0,398.0,797.0,6813.0,3366.0,1923.0,19614.0,6906.0,10325.0,4723.0,14215.0,2159.0,3567.0,21137.0,2970.0,1933.0,1855.0,3407.0,2148.0,5873.0,4203.0,5656.0,2202.0,5858.0,236.0,2.0,27.0,73.0,2.0,58.0,,74.0,1631.0,348.0,8701.0,904.0,1429.0,188.0,345.0,2896.0,660.0,1520.0,3199.0,6574.0,2740.0,959.0,566.0,5790.0,4719.0,1509.0,5078.0,510.0,3123.0,95.0
2026-07-11T20:00Z,240.0,474.0,389.0,10538.0,16228.0,2154.0,148.0,18058.0,2498.0,8045.0,24647.0,2559.0,10496.0,6153.0,2310.0,1211.0,1607.0,274.0,4113.0,1242.0,2252.0,2130.0,3314.0,14737.0,5497.0,12329.0,24648.0,12974.0,27901.0,1895.0,1160.0,1592.0,479.0,629.0,1295.0,1429.0,418.0,832.0,6973.0,3331.0,1889.0,19757.0,7061.0,10319.0,4838.0,14423.0,2140.0,3429.0,21460.0,3080.0,1998.0,1898.0,3514.0,2198.0,5478.0,4328.0,5801.0,2211.0,6037.0,258.0,3.0,28.0,74.0,3.0,59.0,0.0,76.0,1726.0,365.0,8967.0,936.0,1446.0,200.0,355.0,3006.0,682.0,1588.0,3227.0,6785.0,2809.0,987.0,587.0,5921.0,4777.0,1572.0,5255.0,561.0,3260.0,99.0
2026-07-11T21:00Z,237.0,486.0,394.0,10456.0,16312.0,1703.0,138.0,18284.0,2500.0,8257.0,25093.0,2634.0,10312.0,6277.0,2359.0,1305.0,1687.0,364.0,4357.0,1288.0,2368.0,2250.0,3391.0,15058.0,5654.0,12648.0,25135.0,13316.0,27576.0,1932.0,1171.0,1632.0,500.0,677.0,1407.0,1547.0,436.0,878.0,7080.0,3332.0,1773.0,19700.0,7180.0,10351.0,4961.0,14667.0,2157.0,3482.0,21760.0,3143.0,2037.0,2036.0,3517.0,2248.0,5526.0,4405.0,5842.0,2248.0,6182.0,270.0,2.0,27.0,75.0,3.0,60.0,4.0,79.0,1833.0,379.0,9157.0,958.0,1462.0,210.0,364.0,3102.0,702.0,1655.0,3253.0,6933.0,2879.0,1004.0,604.0,6017.0,4814.0,1615.0,5412.0,609.0,3389.0,98.0
2026-07-11T22:00Z,244.0,488.0,397.0,11307.0,16461.0,1796.0,122.0,18144.0,2562.0,8371.0,25561.0,2673.0,10283.0,6368.0,2397.0,1424.0,1758.0,487.0,4536.0,1334.0,2464.0,2347.0,3470.0,15396.0,5777.0,12740.0,25474.0,13485.0,27259.0,1981.0,1218.0,1730.0,494.0,762.0,1567.0,1651.0,439.0,917.0,7189.0,3495.0,1759.0,19498.0,7238.0,10300.0,5089.0,14888.0,2187.0,3544.0,22077.0,3114.0,2037.0,2055.0,3707.0,2220.0,5567.0,4504.0,5806.0,2265.0,6443.0,276.0,2.0,29.0,74.0,3.0,62.0,4.0,80.0,1924.0,379.0,9154.0,973.0,1471.0,216.0,370.0,3152.0,719.0,1685.0,3307.0,7015.0,2925.0,1022.0,614.0,6087.0,4800.0,1641.0,5532.0,653.0,3516.0,100.0
2026-07-11T23:00Z,247.0,487.0,401.0,12250.0,16543.0,2080.0,112.0,17935.0,2513.0,8342.0,25775.0,2669.0,10467.0,6396.0,2389.0,1504.0,1762.0,598.0,4568.0,1298.0,2457.0,2374.0,3473.0,15709.0,5913.0,12601.0,25602.0,13672.0,26703.0,2029.0,1292.0,1929.0,565.0,860.0,1695.0,1688.0,429.0,928.0,7157.0,3512.0,1755.0,19188.0,7086.0,10073.0,4992.0,14901.0,2187.0,3500.0,21807.0,2998.0,1996.0,2116.0,3781.0,2141.0,5479.0,4501.0,5727.0,2224.0,6540.0,269.0,2.0,29.0,72.0,3.0,62.0,4.0,82.0,1985.0,385.0,8994.0,985.0,1470.0,218.0,371.0,3189.0,730.0,1712.0,3366.0,7004.0,2956.0,1023.0,617.0,6139.0,4811.0,1647.0,5567.0,689.0,3609.0,109.0
2026-07-12T00:00Z,245.0,495.0,403.0,13186.0,16556.0,2373.0,112.0,17589.0,2504.0,8266.0,25345.0,2641.0,10658.0,6276.0,2379.0,1514.0,1701.0,663.0,4411.0,1236.0,2348.0,2338.0,3379.0,15861.0,6027.0,12382.0,25221.0,13482.0,26121.0,2065.0,1362.0,2072.0,571.0,979.0,1784.0,1648.0,414.0,904.0,7019.0,3361.0,1739.0,18937.0,6847.0,9618.0,4728.0,14756.0,2161.0,3405.0,21235.0,2870.0,1956.0,2036.0,3636.0,2063.0,5349.0,4386.0,5586.0,2142.0,6472.0,254.0,2.0,29.0,73.0,3.0,62.0,0.0,81.0,2037.0,383.0,8644.0,967.0,1425.0,220.0,366.0,3154.0,727.0,1702.0,3363.0,6763.0,2943.0,1019.0,607.0,6135.0,4793.0,1616.0,5505.0,704.0,3673.0,111.0
2026-07-12T01:00Z,229.0,490.0,405.0,13909.0,16344.0,2782.0,115.0,17258.0,2419.0,8012.0,24482.0,2572.0,10764.0,6083.0,2330.0,1500.0,1629.0,679.0,4222.0,1174.0,2237.0,2278.0,3291.0,15910.0,6045.0,12118.0,24284.0,13218.0,25449.0,2015.0,1348.0,2064.0,604.0,1010.0,1754.0,1582.0,392.0,879.0,6805.0,3190.0,1720.0,18582.0,6596.0,9291.0,4557.0,14402.0,2131.0,3353.0,20678.0,2779.0,1891.0,1978.0,3462.0,2004.0,5235.0,4292.0,5443.0,2080.0,6310.0,238.0,2.0,28.0,76.0,3.0,61.0,10.0,83.0,2036.0,380.0,8188.0,933.0,1381.0,214.0,360.0,3074.0,711.0,1641.0,3348.0,6433.0,2899.0,1001.0,583.0,6069.0,4757.0,1553.0,5341.0,705.0,3702.0,110.0
2026-07-12T02:00Z,225.0,476.0,396.0,14410.0,15915.0,2714.0,113.0,16909.0,2370.0,7879.0,23210.0,2479.0,10643.0,5796.0,2269.0,1433.0,1537.0,654.0,4008.0,1095.0,2114.0,2185.0,3191.0,15620.0,5899.0,11778.0,23048.0,12699.0,24928.0,1946.0,1290.0,1990.0,588.0,964.0,1684.0,1507.0,370.0,852.0,6682.0,3054.0,1690.0,18312.0,6394.0,9000.0,4424.0,13794.0,2104.0,3309.0,19989.0,2689.0,1855.0,1862.0,3313.0,1942.0,5105.0,4115.0,5266.0,2015.0,6160.0,228.0,2.0,26.0,73.0,3.0,59.0,25.0,81.0,1946.0,368.0,7680.0,873.0,1336.0,197.0,347.0,2931.0,676.0,1547.0,3270.0,6086.0,2789.0,965.0,542.0,5980.0,4676.0,1470.0,5047.0,687.0,3633.0,110.0
2026-07-12T03:00Z,228.0,449.0,349.0,14685.0,15208.0,2712.0,120.0,16630.0,2308.0,7943.0,22159.0,2401.0,10489.0,5695.0,2224.0,1321.0,1408.0,621.0,3699.0,979.0,1932.0,2030.0,3023.0,15104.0,5700.0,11296.0,21898.0,12228.0,24479.0,1836.0,1200.0,1876.0,577.0,905.0,1572.0,1403.0,343.0,798.0,6470.0,2869.0,1599.0,17639.0,6066.0,8570.0,4200.0,13259.0,2022.0,3186.0,18964.0,2518.0,1785.0,1747.0,3084.0,1834.0,4851.0,3901.0,4986.0,1903.0,5833.0,212.0,2.0,25.0,77.0,3.0,57.0,29.0,79.0,1828.0,355.0,7235.0,824.0,1309.0,184.0,339.0,2823.0,644.0,1469.0,3173.0,5726.0,2672.0,924.0,510.0,5804.0,4560.0,1411.0,4772.0,638.0,3513.0,106.0
2026-07-12T04:00Z,227.0,422.0,345.0,14700.0,14810.0,2720.0,84.0,16065.0,2223.0,7929.0,20831.0,2303.0,10051.0,5407.0,2119.0,1213.0,1280.0,569.0,3368.0,953.0,1758.0,1878.0,2839.0,14385.0,5353.0,10825.0,20390.0,11612.0,23338.0,1729.0,1110.0,1747.0,537.0,853.0,1453.0,1303.0,318.0,745.0,6206.0,2637.0,1481.0,16807.0,5685.0,7985.0,3937.0,12567.0,1907.0,3030.0,17961.0,2318.0,1702.0,1617.0,2829.0,1712.0,4549.0,3669.0,4655.0,1792.0,5475.0,195.0,2.0,23.0,78.0,3.0,57.0,29.0,77.0,1737.0,340.0,6709.0,760.0,1276.0,171.0,323.0,2662.0,610.0,1341.0,3076.0,5482.0,2526.0,889.0,472.0,5594.0,4444.0,1340.0,4470.0,596.0,3397.0,103.0
2026-07-12T05:00Z,221.0,390.0,336.0,14466.0,14725.0,2724.0,91.0,15517.0,2116.0,7838.0,19565.0,2163.0,9633.0,5214.0,2020.0,1133.0,1184.0,534.0,3082.0,899.0,1602.0,1741.0,2665.0,13460.0,5007.0,10153.0,19699.0,10898.0,22476.0,1623.0,1035.0,1644.0,542.0,788.0,1355.0,1206.0,296.0,706.0,5967.0,2439.0,1373.0,16138.0,5376.0,7530.0,3699.0,11887.0,1805.0,2868.0,17179.0,2149.0,1600.0,1497.0,2588.0,1607.0,4272.0,3457.0,4389.0,1693.0,5164.0,181.0,3.0,20.0,75.0,3.0,56.0,33.0,75.0,1611.0,321.0,6258.0,697.0,1246.0,155.0,298.0,2483.0,569.0,1228.0,2921.0,5258.0,2375.0,856.0,437.0,5396.0,4328.0,1299.0,4138.0,542.0,3201.0,99.0
2026-07-12T06:00Z,205.0,357.0,326.0,13693.0,13903.0,2584.0,49.0,14907.0,1972.0,7739.0,18203.0,2054.0,9147.0,4833.0,1943.0,1081.0,1111.0,507.0,2852.0,828.0,1498.0,1638.0,2527.0,12597.0,4719.0,9669.0,18992.0,10215.0,21504.0,1538.0,972.0,1553.0,537.0,735.0,1284.0,1119.0,277.0,661.0,5724.0,2263.0,1289.0,15553.0,5089.0,7105.0,3468.0,11250.0,1710.0,2719.0,16430.0,2016.0,1510.0,1393.0,2385.0,1518.0,4015.0,3258.0,4164.0,1602.0,4888.0,169.0,2.0,18.0,67.0,2.0,55.0,29.0,74.0,1503.0,310.0,5842.0,637.0,1207.0,139.0,279.0,2302.0,530.0,1101.0,2799.0,4957.0,2227.0,824.0,403.0,5230.0,4198.0,1229.0,3866.0,481.0,3009.0,92.0
2026-07-12T07:00Z,204.0,329.0,318.0,12852.0,13119.0,2502.0,39.0,14422.0,1880.0,7746.0,17082.0,1991.0,8744.0,4672.0,1876.0,1036.0,1061.0,487.0,2688.0,791.0,1421.0,1551.0,2405.0,11978.0,4430.0,9291.0,18044.0,9687.0,20820.0,1472.0,936.0,1491.0,527.0,700.0,1235.0,1055.0,260.0,625.0,5538.0,2133.0,1231.0,15020.0,4896.0,6864.0,3298.0,10678.0,1639.0,2602.0,15932.0,1921.0,1453.0,1222.0,2254.0,1451.0,3833.0,3106.0,4014.0,1539.0,4675.0,162.0,2.0,17.0,55.0,2.0,54.0,27.0,74.0,1401.0,304.0,5530.0,589.0,1189.0,123.0,265.0,2130.0,498.0,1011.0,2714.0,4597.0,2108.0,791.0,377.0,5117.0,4077.0,1169.0,3639.0,429.0,2850.0,87.0
2026-07-12T08:00Z,202.0,307.0,315.0,12387.0,12185.0,2619.0,24.0,14069.0,1811.0,7673.0,16190.0,1929.0,8474.0,4646.0,1785.0,1011.0,1029.0,477.0,2579.0,766.0,1374.0,1506.0,2345.0,11456.0,4276.0,8990.0,17394.0,9343.0,20178.0,1428.0,907.0,1447.0,522.0,682.0,1198.0,1003.0,244.0,599.0,5399.0,2056.0,1195.0,14758.0,4770.0,6637.0,3195.0,10255.0,1589.0,2531.0,15638.0,1858.0,1410.0,1266.0,2167.0,1405.0,3718.0,2985.0,3884.0,1506.0,4528.0,158.0,2.0,17.0,58.0,2.0,54.0,26.0,73.0,1339.0,288.0,5302.0,552.0,1170.0,112.0,252.0,1988.0,475.0,928.0,2632.0,4307.0,2019.0,761.0,356.0,5025.0,3980.0,1109.0,3456.0,393.0,2715.0,84.0
2026-07-12T09:00Z,201.0,292.0,311.0,11688.0,11639.0,2374.0,29.0,13787.0,1762.0,7666.0,15643.0,1896.0,8286.0,4542.0,1725.0,1014.0,1014.0,474.0,2503.0,748.0,1349.0,1470.0,2296.0,11084.0,4172.0,8927.0,17028.0,9099.0,19798.0,1407.0,889.0,1420.0,524.0,671.0,1184.0,968.0,233.0,581.0,5312.0,2009.0,1178.0,14660.0,4708.0,6465.0,3144.0,9951.0,1564.0,2501.0,15453.0,1828.0,1372.0,1278.0,2101.0,1371.0,3653.0,2919.0,3819.0,1486.0,4427.0,155.0,2.0,15.0,57.0,2.0,53.0,25.0,73.0,1275.0,279.0,5149.0,531.0,1160.0,104.0,236.0,1879.0,459.0,885.0,2585.0,4148.0,1955.0,748.0,340.0,4965.0,3922.0,1083.0,3334.0,366.0,2605.0,82.0
2026-07-12T10:00Z,204.0,280.0,307.0,11168.0,10988.0,2234.0,31.0,13630.0,1762.0,7724.0,15242.0,1796.0,8181.0,4358.0,1791.0,1005.0,1010.0,471.0,2451.0,732.0,1328.0,1445.0,2267.0,10854.0,4068.0,8831.0,16860.0,8941.0,19580.0,1390.0,878.0,1415.0,521.0,665.0,1170.0,941.0,226.0,567.0,5263.0,1968.0,1163.0,14595.0,4683.0,6406.0,3129.0,9776.0,1562.0,2495.0,15425.0,1822.0,1355.0,1236.0,2068.0,1364.0,3635.0,2902.0,3802.0,1486.0,4344.0,152.0,2.0,15.0,65.0,2.0,53.0,24.0,71.0,1221.0,267.0,5050.0,519.0,1148.0,99.0,227.0,1809.0,449.0,854.0,2562.0,4044.0,1910.0,743.0,332.0,4915.0,3885.0,1055.0,3268.0,346.0,2516.0,80.0
2026-07-12T11:00Z,201.0,273.0,306.0,10851.0,10601.0,2147.0,29.0,13605.0,1770.0,7794.0,14993.0,1754.0,8158.0,4281.0,1787.0,1008.0,1041.0,458.0,2455.0,742.0,1346.0,1452.0,2305.0,10706.0,4026.0,8795.0,15956.0,8892.0,19639.0,1363.0,851.0,1375.0,509.0,621.0,1127.0,925.0,224.0,566.0,5314.0,1966.0,1159.0,14617.0,4679.0,6413.0,3117.0,9622.0,1566.0,2520.0,15461.0,1839.0,1351.0,1263.0,2077.0,1383.0,3668.0,2935.0,3837.0,1513.0,4271.0,151.0,2.0,15.0,67.0,2.0,52.0,24.0,72.0,1182.0,259.0,5003.0,517.0,1139.0,97.0,220.0,1780.0,445.0,840.0,2541.0,4010.0,1882.0,736.0,328.0,4889.0,3846.0,1040.0,3251.0,335.0,2468.0,80.0
2026-07-12T12:00Z,202.0,269.0,305.0,10767.0,10394.0,2076.0,31.0,13542.0,1754.0,7775.0,14833.0,1764.0,8170.0,4256.0,1790.0,985.0,1104.0,403.0,2520.0,752.0,1402.0,1477.0,2395.0,10702.0,3968.0,8958.0,16194.0,8899.0,19518.0,1341.0,790.0,1253.0,484.0,518.0,1063.0,920.0,230.0,586.0,5519.0,2049.0,1198.0,14996.0,4867.0,6699.0,3192.0,9644.0,1637.0,2586.0,15812.0,1935.0,1399.0,1294.0,2127.0,1468.0,3884.0,3022.0,3994.0,1581.0,4355.0,158.0,2.0,14.0,69.0,2.0,52.0,25.0,71.0,1173.0,260.0,4972.0,526.0,1128.0,96.0,212.0,1758.0,441.0,835.0,2526.0,3962.0,1865.0,725.0,326.0,4872.0,3820.0,1035.0,3235.0,330.0,2432.0,78.0
2026-07-12T13:00Z,193.0,284.0,306.0,10974.0,10087.0,2063.0,34.0,13653.0,1711.0,7612.0,14889.0,1821.0,8260.0,4240.0,1820.0,965.0,1172.0,319.0,2590.0,779.0,1467.0,1500.0,2507.0,11086.0,4027.0,9454.0,17417.0,9354.0,19731.0,1318.0,744.0,1120.0,497.0,445.0,985.0,903.0,244.0,614.0,5754.0,2185.0,1253.0,15828.0,5218.0,7242.0,3334.0,10066.0,1779.0,2764.0,16263.0,2066.0,1488.0,1339.0,2250.0,1578.0,4219.0,3132.0,4229.0,1676.0,4408.0,171.0,2.0,14.0,67.0,2.0,51.0,20.0,69.0,1135.0,259.0,5106.0,566.0,1141.0,102.0,221.0,1856.0,465.0,901.0,2591.0,3978.0,1952.0,736.0,349.0,4858.0,3966.0,1036.0,3375.0,334.0,2425.0,80.0
2026-07-12T14:00Z,205.0,318.0,312.0,11237.0,10466.0,2215.0,71.0,14425.0,1748.0,7704.0,15726.0,1928.0,8673.0,4455.0,1853.0,946.0,1228.0,253.0,2662.0,831.0,1529.0,1511.0,2593.0,11754.0,4207.0,9922.0,18879.0,10095.0,20770.0,1351.0,762.0,1059.0,504.0,437.0,929.0,898.0,266.0,645.0,5998.0,2333.0,1295.0,16636.0,5588.0,7882.0,3514.0,10785.0,1937.0,2989.0,16786.0,2230.0,1608.0,1448.0,2466.0,1670.0,4576.0,3268.0,4475.0,1781.0,4586.0,185.0,2.0,15.0,69.0,2.0,52.0,,71.0,1178.0,270.0,5461.0,631.0,1163.0,115.0,240.0,2034.0,508.0,1007.0,2709.0,4143.0,2096.0,771.0,384.0,4954.0,4149.0,1081.0,3672.0,357.0,2513.0,82.0
2026-07-12T15:00Z,229.0,360.0,319.0,11876.0,11246.0,2463.0,165.0,15386.0,1820.0,7828.0,17119.0,2031.0,9254.0,4753.0,1929.0,947.0,1280.0,205.0,2770.0,910.0,1591.0,1533.0,2685.0,12573.0,4429.0,10601.0,20363.0,10883.0,21852.0,1403.0,795.0,1076.0,503.0,437.0,912.0,921.0,284.0,676.0,6230.0,2512.0,1335.0,17379.0,5905.0,8507.0,3706.0,11762.0,2081.0,3237.0,17198.0,2345.0,1725.0,1532.0,2659.0,1764.0,4917.0,3422.0,4692.0,1867.0,4847.0,200.0,3.0,17.0,70.0,2.0,54.0,,71.0,1220.0,282.0,5892.0,687.0,1194.0,130.0,260.0,2246.0,555.0,1131.0,2838.0,4396.0,2253.0,811.0,421.0,5105.0,4312.0,1112.0,3984.0,386.0,2647.0,86.0
2026-07-12T16:00Z,232.0,400.0,327.0,11785.0,12330.0,2501.0,162.0,16386.0,1977.0,7933.0,18532.0,2151.0,9987.0,5051.0,2017.0,989.0,1347.0,202.0,2941.0,1005.0,1655.0,1591.0,2772.0,13292.0,4692.0,11359.0,21437.0,11625.0,23171.0,1465.0,841.0,1135.0,421.0,478.0,953.0,989.0,308.0,712.0,6417.0,2708.0,1381.0,18159.0,6215.0,9058.0,3885.0,12678.0,2229.0,3480.0,17685.0,2424.0,1839.0,1622.0,2900.0,1874.0,5208.0,3559.0,4941.0,1947.0,5136.0,217.0,2.0,18.0,73.0,2.0,56.0,,74.0,1293.0,300.0,6348.0,739.0,1229.0,147.0,283.0,2440.0,600.0,1256.0,3000.0,4698.0,2403.0,851.0,460.0,5298.0,4453.0,1128.0,4287.0,421.0,2788.0,89.0
2026-07-12T17:00Z,244.0,435.0,336.0,11491.0,13571.0,2493.0,180.0,17504.0,2133.0,8045.0,20195.0,2261.0,10751.0,5371.0,2013.0,1032.0,1415.0,209.0,3169.0,1113.0,1767.0,1692.0,2881.0,13932.0,4999.0,11980.0,22446.0,12295.0,24645.0,1541.0,892.0,1231.0,510.0,521.0,1023.0,1066.0,329.0,752.0,6560.0,2900.0,1445.0,18994.0,6511.0,9563.0,4086.0,13525.0,2369.0,3667.0,18257.0,2524.0,1906.0,1712.0,3146.0,1980.0,5463.0,3721.0,5198.0,2030.0,5443.0,237.0,2.0,21.0,66.0,2.0,57.0,,75.0,1378.0,318.0,6767.0,788.0,1260.0,164.0,301.0,2602.0,636.0,1360.0,3092.0,5004.0,2529.0,897.0,498.0,5496.0,4553.0,1178.0,4572.0,469.0,2969.0,94.0
2026-07-12T18:00Z,260.0,467.0,343.0,11321.0,15314.0,3059.0,183.0,18506.0,2297.0,8118.0,21633.0,2355.0,11468.0,5670.0,2178.0,1065.0,1469.0,222.0,3388.0,1087.0,1835.0,1773.0,2987.0,14464.0,5298.0,12558.0,23290.0,12841.0,26119.0,1629.0,937.0,1318.0,512.0,547.0,1061.0,1157.0,354.0,802.0,6672.0,3034.0,1514.0,19635.0,6795.0,9979.0,4272.0,14148.0,2482.0,3791.0,18830.0,2587.0,2009.0,1786.0,3391.0,2068.0,5704.0,3810.0,5403.0,2096.0,5832.0,256.0,2.0,23.0,64.0,3.0,58.0,,76.0,1501.0,333.0,7094.0,834.0,1285.0,175.0,317.0,2747.0,664.0,1439.0,3223.0,5300.0,2634.0,932.0,535.0,5657.0,4675.0,1234.0,4843.0,527.0,3132.0,97.0
2026-07-12T19:00Z,256.0,493.0,360.0,11826.0,15987.0,3029.0,196.0,19143.0,2414.0,8186.0,22934.0,2422.0,12130.0,5829.0,2264.0,1090.0,1515.0,256.0,3622.0,1153.0,1933.0,1871.0,3080.0,14845.0,5530.0,13002.0,24183.0,13343.0,27191.0,1693.0,985.0,1384.0,515.0,571.0,1126.0,1251.0,377.0,848.0,6756.0,3168.0,1618.0,20065.0,7019.0,10274.0,4395.0,14682.0,2573.0,3917.0,19256.0,2633.0,2082.0,1826.0,3581.0,2150.0,5864.0,3948.0,5548.0,2119.0,6170.0,273.0,2.0,24.0,53.0,3.0,59.0,0.0,78.0,1621.0,342.0,7314.0,872.0,1311.0,188.0,328.0,2871.0,684.0,1509.0,3294.0,5576.0,2728.0,962.0,563.0,5796.0,4707.0,1290.0,5056.0,575.0,3277.0,100.0
2026-07-12T20:00Z,242.0,505.0,370.0,11662.0,15856.0,3182.0,157.0,19069.0,2412.0,8191.0,24205.0,2340.0,12706.0,6090.0,2312.0,1161.0,1581.0,312.0,3867.0,1149.0,2071.0,1986.0,3177.0,15114.0,5765.0,13377.0,25015.0,13670.0,27705.0,1772.0,1042.0,1459.0,515.0,596.0,1218.0,1359.0,400.0,879.0,6856.0,3309.0,1697.0,20293.0,7236.0,10479.0,4490.0,15107.0,2651.0,4005.0,19219.0,2692.0,2129.0,1840.0,3743.0,2221.0,5957.0,3973.0,5671.0,2155.0,6372.0,280.0,2.0,26.0,45.0,3.0,59.0,6.0,80.0,1722.0,353.0,7468.0,899.0,1336.0,197.0,338.0,2968.0,698.0,1559.0,3353.0,5835.0,2787.0,991.0,582.0,5848.0,4711.0,1330.0,5223.0,624.0,3413.0,105.0
2026-07-12T21:00Z,233.0,513.0,374.0,12093.0,15961.0,3110.0,158.0,18425.0,2563.0,8107.0,24870.0,2347.0,13235.0,6271.0,2358.0,1280.0,1675.0,401.0,4162.0,1224.0,2226.0,2107.0,3316.0,15484.0,5985.0,13696.0,25816.0,13990.0,27715.0,1871.0,1117.0,1592.0,525.0,660.0,1364.0,1471.0,423.0,908.0,6946.0,3473.0,1814.0,20456.0,7464.0,10642.0,4611.0,15545.0,2716.0,4108.0,19000.0,2789.0,2178.0,1920.0,3980.0,2296.0,6083.0,3942.0,5826.0,2228.0,6621.0,286.0,2.0,27.0,45.0,3.0,59.0,8.0,81.0,1796.0,355.0,7589.0,928.0,1342.0,204.0,345.0,3048.0,712.0,1607.0,3432.0,6018.0,2846.0,1010.0,598.0,5705.0,4726.0,1368.0,5369.0,662.0,3531.0,108.0
2026-07-12T22:00Z,240.0,520.0,379.0,12502.0,15743.0,2886.0,171.0,17385.0,2570.0,8154.0,25388.0,2342.0,13567.0,6382.0,2420.0,1431.0,1766.0,524.0,4448.0,1257.0,2366.0,2272.0,3434.0,15902.0,6240.0,13948.0,26502.0,14330.0,27459.0,1958.0,1199.0,1766.0,546.0,745.0,1537.0,1593.0,434.0,923.0,7003.0,3611.0,1908.0,20700.0,7534.0,10766.0,4712.0,15828.0,2748.0,4201.0,18922.0,2843.0,2237.0,1939.0,4110.0,2347.0,6135.0,3993.0,5998.0,2267.0,6765.0,283.0,2.0,28.0,46.0,3.0,60.0,15.0,84.0,1824.0,361.0,7643.0,951.0,1365.0,214.0,351.0,3109.0,729.0,1657.0,3457.0,6158.0,2907.0,1022.0,611.0,5640.0,4746.0,1397.0,5499.0,695.0,3631.0,110.0
2026-07-12T23:00Z,234.0,526.0,383.0,13421.0,15284.0,2460.0,120.0,16965.0,2491.0,8075.0,25421.0,2174.0,13664.0,6348.0,2424.0,1568.0,1789.0,652.0,4548.0,1269.0,2409.0,2363.0,3462.0,16307.0,6464.0,13943.0,26758.0,14544.0,27010.0,2034.0,1280.0,1961.0,587.0,884.0,1696.0,1677.0,433.0,924.0,6970.0,3634.0,1932.0,20659.0,7416.0,10572.0,4788.0,15979.0,2752.0,4218.0,18694.0,2853.0,2242.0,1922.0,4121.0,2342.0,6010.0,3994.0,6077.0,2275.0,6766.0,277.0,2.0,27.0,45.0,3.0,61.0,10.0,82.0,1926.0,367.0,7700.0,966.0,1372.0,216.0,350.0,3131.0,741.0,1667.0,3512.0,6241.0,2937.0,1033.0,613.0,5541.0,4799.0,1424.0,5559.0,725.0,3721.0,113.0
2026-07-13T00:00Z,234.0,527.0,384.0,13580.0,14942.0,2491.0,164.0,16869.0,2442.0,7928.0,23924.0,2147.0,13541.0,6248.0,2397.0,1577.0,1739.0,720.0,4448.0,1223.0,2337.0,2345.0,3403.0,16537.0,6616.0,13868.0,26550.0,14535.0,26297.0,2080.0,1380.0,2136.0,636.0,1019.0,1810.0,1673.0,415.0,898.0,6880.0,3522.0,1877.0,20311.0,7191.0,10403.0,4658.0,15964.0,2682.0,4158.0,18320.0,2778.0,2195.0,1867.0,3953.0,2273.0,5749.0,3933.0,5961.0,2249.0,6654.0,261.0,3.0,28.0,47.0,3.0,61.0,3.0,83.0,1980.0,376.0,7623.0,956.0,1366.0,208.0,346.0,3091.0,734.0,1654.0,3530.0,6187.0,2922.0,1031.0,604.0,5464.0,4805.0,1424.0,5505.0,748.0,3794.0,114.0
2026-07-13T01:00Z,223.0,521.0,386.0,14165.0,14905.0,2753.0,164.0,16791.0,2376.0,7833.0,22171.0,2168.0,13176.0,6106.0,2328.0,1535.0,1656.0,720.0,4256.0,1170.0,2228.0,2261.0,3305.0,16609.0,6652.0,13513.0,25619.0,14210.0,25666.0,2042.0,1377.0,2138.0,604.0,1052.0,1776.0,1590.0,385.0,870.0,6794.0,3349.0,1769.0,19804.0,6862.0,9928.0,4506.0,15623.0,2552.0,3998.0,18087.0,2646.0,2100.0,1894.0,3690.0,2162.0,5477.0,3819.0,5741.0,2169.0,6449.0,242.0,2.0,26.0,45.0,3.0,61.0,14.0,84.0,1999.0,377.0,7462.0,924.0,1348.0,199.0,350.0,2994.0,712.0,1619.0,3546.0,6097.0,2867.0,1014.0,582.0,5356.0,4780.0,1391.0,5339.0,746.0,3803.0,116.0
2026-07-13T02:00Z,222.0,504.0,384.0,14657.0,14941.0,2824.0,141.0,16733.0,2293.0,7681.0,20927.0,2187.0,12676.0,5924.0,2261.0,1452.0,1555.0,697.0,4028.0,1065.0,2090.0,2174.0,3206.0,16347.0,6421.0,12914.0,24423.0,13578.0,25102.0,1969.0,1316.0,2057.0,627.0,1009.0,1699.0,1506.0,357.0,843.0,6782.0,3227.0,1680.0,19131.0,6579.0,9429.0,4362.0,14929.0,2433.0,3879.0,17733.0,2521.0,2033.0,1878.0,3449.0,2066.0,5265.0,3717.0,5534.0,2083.0,6280.0,228.0,2.0,24.0,47.0,3.0,60.0,25.0,83.0,1951.0,369.0,7156.0,869.0,1311.0,182.0,331.0,2812.0,679.0,1524.0,3467.0,5807.0,2754.0,979.0,550.0,5247.0,4654.0,1329.0,5034.0,722.0,3750.0,112.0
2026-07-13T03:00Z,230.0,477.0,376.0,14771.0,14900.0,3043.0,63.0,16582.0,2215.0,7713.0,20264.0,2148.0,12225.0,5790.0,2226.0,1320.0,1405.0,652.0,3669.0,994.0,1902.0,2014.0,3027.0,15803.0,6156.0,12229.0,23204.0,12994.0,24545.0,1858.0,1216.0,1910.0,593.0,929.0,1560.0,1380.0,323.0,793.0,6603.0,3006.0,1536.0,18341.0,6187.0,8843.0,4032.0,14303.0,2285.0,3653.0,16973.0,2302.0,1910.0,1769.0,3122.0,1913.0,4960.0,3502.0,5137.0,1957.0,5938.0,209.0,2.0,23.0,46.0,3.0,59.0,29.0,83.0,1850.0,356.0,6835.0,823.0,1296.0,167.0,324.0,2687.0,646.0,1426.0,3404.0,5522.0,2637.0,935.0,522.0,5152.0,4571.0,1308.0,4748.0,676.0,3625.0,109.0
2026-07-13T04:00Z,230.0,453.0,368.0,14874.0,14891.0,2863.0,63.0,16048.0,2104.0,7701.0,19140.0,2043.0,11579.0,5550.0,2059.0,1207.0,1271.0,589.0,3309.0,911.0,1706.0,1848.0,2816.0,15079.0,5718.0,11395.0,21619.0,12253.0,23510.0,1740.0,1114.0,1779.0,527.0,848.0,1435.0,1258.0,297.0,738.0,6324.0,2729.0,1379.0,17361.0,5758.0,8115.0,3657.0,13434.0,2112.0,3356.0,16081.0,2068.0,1784.0,1621.0,2804.0,1765.0,4573.0,3223.0,4770.0,1819.0,5515.0,190.0,2.0,22.0,45.0,3.0,58.0,28.0,79.0,1771.0,343.0,6396.0,761.0,1257.0,150.0,306.0,2496.0,605.0,1291.0,3248.0,5206.0,2490.0,896.0,484.0,5032.0,4485.0,1234.0,4400.0,636.0,3500.0,106.0
2026-07-13T05:00Z,229.0,416.0,358.0,14679.0,14934.0,2860.0,51.0,15358.0,2001.0,,17814.0,1920.0,10785.0,5233.0,1943.0,1133.0,1181.0,563.0,3028.0,853.0,1554.0,1714.0,2629.0,14003.0,5264.0,10584.0,21150.0,11393.0,22271.0,1639.0,1038.0,1654.0,543.0,786.0,1338.0,1163.0,274.0,699.0,6061.0,2501.0,1252.0,16410.0,5408.0,7520.0,3338.0,12489.0,1958.0,3066.0,15382.0,1884.0,1673.0,1503.0,2518.0,1643.0,4278.0,2952.0,4456.0,1738.0,5127.0,174.0,2.0,20.0,46.0,3.0,56.0,32.0,78.0,1626.0,329.0,5927.0,685.0,1217.0,133.0,287.0,2293.0,555.0,1167.0,3099.0,4871.0,2309.0,861.0,443.0,4916.0,4318.0,1156.0,4040.0,572.0,3284.0,102.0
2026-07-13T06:00Z,219.0,382.0,321.0,13874.0,14158.0,2734.0,50.0,14720.0,1884.0,7602.0,16640.0,1837.0,10108.0,4941.0,1886.0,1078.0,1122.0,528.0,2832.0,802.0,1457.0,1607.0,2492.0,13112.0,4899.0,10041.0,20198.0,10657.0,21366.0,1564.0,985.0,1569.0,531.0,743.0,1279.0,1085.0,255.0,657.0,5811.0,2315.0,1163.0,15809.0,5156.0,7169.0,3100.0,11713.0,1834.0,2855.0,14827.0,1760.0,1577.0,1363.0,2308.0,1544.0,3997.0,2752.0,4219.0,1658.0,4821.0,162.0,2.0,18.0,47.0,2.0,55.0,29.0,75.0,1493.0,308.0,5545.0,626.0,1192.0,118.0,271.0,2123.0,508.0,1072.0,2953.0,4570.0,2160.0,817.0,408.0,4813.0,4154.0,1093.0,3756.0,505.0,3072.0,94.0
2026-07-13T07:00Z,216.0,353.0,312.0,12974.0,13236.0,2538.0,33.0,14274.0,1802.0,7482.0,15704.0,1786.0,9623.0,4858.0,1876.0,1049.0,1083.0,511.0,2702.0,768.0,1394.0,1552.0,2405.0,12440.0,4616.0,9605.0,19299.0,10057.0,20351.0,1513.0,951.0,1522.0,528.0,719.0,1246.0,1030.0,241.0,621.0,5625.0,2189.0,1107.0,15319.0,4978.0,6902.0,2934.0,11067.0,1753.0,2708.0,14464.0,1681.0,1524.0,1301.0,2167.0,1478.0,3842.0,2626.0,4055.0,1606.0,4606.0,153.0,2.0,17.0,46.0,2.0,54.0,27.0,74.0,1386.0,293.0,5268.0,589.0,1173.0,108.0,255.0,1981.0,477.0,993.0,2853.0,4350.0,2048.0,783.0,379.0,4736.0,4059.0,1048.0,3533.0,452.0,2909.0,90.0
2026-07-13T08:00Z,222.0,334.0,326.0,12432.0,12411.0,2660.0,36.0,13992.0,1752.0,7530.0,15102.0,1725.0,9247.0,4692.0,1864.0,1039.0,1067.0,511.0,2629.0,750.0,1359.0,1519.0,2356.0,11921.0,4440.0,9279.0,18741.0,9645.0,20152.0,1484.0,932.0,1508.0,526.0,711.0,1228.0,996.0,229.0,596.0,5541.0,2114.0,1080.0,15060.0,4867.0,6857.0,2857.0,10602.0,1704.0,2622.0,14305.0,1640.0,1462.0,1263.0,2107.0,1446.0,3766.0,2574.0,3968.0,1587.0,4486.0,149.0,2.0,17.0,47.0,2.0,54.0,25.0,74.0,1306.0,281.0,5083.0,559.0,1151.0,100.0,246.0,1885.0,458.0,931.0,2786.0,4205.0,1985.0,767.0,360.0,4719.0,3993.0,1016.0,3380.0,416.0,2767.0,88.0
2026-07-13T09:00Z,210.0,319.0,327.0,11763.0,12043.0,2453.0,30.0,13893.0,1698.0,7490.0,14735.0,1704.0,8990.0,4554.0,1864.0,1064.0,1080.0,512.0,2631.0,762.0,1371.0,1534.0,2377.0,11576.0,4335.0,9152.0,18115.0,9410.0,19819.0,1484.0,941.0,1521.0,523.0,715.0,1239.0,985.0,228.0,589.0,5549.0,2098.0,1075.0,15109.0,4864.0,6879.0,2868.0,10347.0,1704.0,2605.0,14367.0,1649.0,1455.0,1302.0,2074.0,1450.0,3772.0,2614.0,3997.0,1585.0,4473.0,148.0,3.0,15.0,45.0,2.0,54.0,25.0,73.0,1258.0,269.0,4993.0,546.0,1142.0,96.0,239.0,1819.0,441.0,899.0,2746.0,4109.0,1945.0,759.0,348.0,4711.0,3923.0,972.0,3279.0,383.0,2679.0,84.0
2026-07-13T10:00Z,210.0,306.0,324.0,11339.0,11339.0,2641.0,31.0,13938.0,1717.0,7465.0,14750.0,1728.0,8950.0,4484.0,1864.0,1109.0,1137.0,534.0,2732.0,867.0,1441.0,1595.0,2461.0,11498.0,4317.0,9296.0,18241.0,9494.0,19871.0,1519.0,976.0,1569.0,528.0,734.0,1281.0,1008.0,234.0,603.0,5706.0,2130.0,1096.0,15537.0,4973.0,7063.0,2965.0,10415.0,1773.0,2672.0,14691.0,1713.0,1485.0,1299.0,2151.0,1514.0,3910.0,2783.0,4172.0,1667.0,4543.0,152.0,2.0,15.0,46.0,2.0,54.0,24.0,72.0,1217.0,271.0,5000.0,548.0,1136.0,94.0,243.0,1828.0,439.0,895.0,2745.0,4104.0,1943.0,763.0,345.0,4723.0,3823.0,973.0,3275.0,362.0,2613.0,82.0
2026-07-13T11:00Z,208.0,301.0,326.0,11313.0,11384.0,2502.0,32.0,14214.0,1774.0,7467.0,15024.0,1762.0,9100.0,4495.0,1857.0,1171.0,1238.0,545.0,2942.0,856.0,1533.0,1701.0,2663.0,11781.0,4400.0,9692.0,19086.0,9711.0,20021.0,1570.0,1011.0,1623.0,544.0,739.0,1308.0,1042.0,247.0,646.0,6121.0,2223.0,1140.0,16034.0,5172.0,7378.0,3103.0,10789.0,1878.0,2777.0,15152.0,1801.0,1531.0,1411.0,2237.0,1618.0,4107.0,2981.0,4442.0,1782.0,4703.0,160.0,2.0,14.0,43.0,2.0,55.0,25.0,72.0,1202.0,262.0,5129.0,569.0,1147.0,96.0,245.0,1877.0,451.0,926.0,2758.0,4195.0,1971.0,768.0,354.0,4758.0,3841.0,985.0,3377.0,353.0,2560.0,83.0
2026-07-13T12:00Z,205.0,305.0,328.0,11268.0,11333.0,2395.0,35.0,14468.0,1860.0,7557.0,15356.0,1801.0,9253.0,4554.0,1877.0,1181.0,1346.0,520.0,3161.0,884.0,1639.0,1815.0,2874.0,12386.0,4537.0,10088.0,20286.0,10106.0,20217.0,1637.0,1007.0,1624.0,552.0,673.0,1301.0,1096.0,267.0,704.0,6612.0,2387.0,1209.0,16832.0,5518.0,8013.0,3326.0,11399.0,2020.0,2944.0,15834.0,1892.0,1630.0,1459.0,2382.0,1739.0,4476.0,3153.0,4737.0,1899.0,4984.0,176.0,2.0,16.0,45.0,2.0,56.0,25.0,74.0,1217.0,261.0,5320.0,596.0,1154.0,98.0,248.0,1945.0,475.0,968.0,2837.0,4370.0,2039.0,790.0,371.0,4817.0,3965.0,1007.0,3509.0,356.0,2576.0,83.0
2026-07-13T13:00Z,198.0,330.0,333.0,11676.0,11573.0,2351.0,37.0,14674.0,1890.0,7476.0,15598.0,1866.0,9448.0,4600.0,1904.0,1152.0,1416.0,425.0,3264.0,954.0,1714.0,1894.0,3039.0,13141.0,4684.0,10686.0,21927.0,10934.0,20652.0,1670.0,990.0,1527.0,530.0,638.0,1252.0,1145.0,280.0,741.0,7024.0,2544.0,1251.0,17505.0,5829.0,8473.0,3507.0,12233.0,2164.0,3195.0,16480.0,1981.0,1740.0,1422.0,2538.0,1841.0,4825.0,3302.0,4984.0,2017.0,5188.0,195.0,2.0,15.0,44.0,2.0,57.0,21.0,74.0,1231.0,264.0,5582.0,647.0,1178.0,107.0,265.0,2103.0,518.0,1051.0,2971.0,4572.0,2187.0,818.0,407.0,4867.0,4180.0,1042.0,3760.0,373.0,2638.0,85.0
2026-07-13T14:00Z,216.0,372.0,341.0,12255.0,12281.0,2466.0,44.0,15570.0,1906.0,7559.0,16043.0,1946.0,9725.0,4782.0,1916.0,1129.0,1473.0,352.0,3353.0,984.0,1769.0,1951.0,3182.0,13789.0,4851.0,11236.0,23359.0,11739.0,21244.0,1709.0,1016.0,1522.0,518.0,612.0,1228.0,1154.0,296.0,758.0,7328.0,2695.0,1272.0,18384.0,6161.0,8975.0,3636.0,12923.0,2320.0,3445.0,17191.0,2098.0,1846.0,1580.0,2715.0,1915.0,5072.0,3395.0,5184.0,2130.0,5360.0,204.0,2.0,16.0,42.0,2.0,60.0,0.0,75.0,1278.0,275.0,5980.0,703.0,1215.0,119.0,294.0,2286.0,563.0,1162.0,3156.0,4925.0,2329.0,859.0,448.0,4970.0,4348.0,1089.0,4079.0,406.0,2753.0,90.0
2026-07-13T15:00Z,236.0,409.0,351.0,12854.0,13054.0,2739.0,70.0,16424.0,1953.0,7599.0,16710.0,2029.0,10198.0,5102.0,1946.0,1139.0,1541.0,321.0,3493.0,1030.0,1831.0,2009.0,3321.0,14409.0,5115.0,11886.0,24790.0,12467.0,22059.0,1765.0,1055.0,1553.0,499.0,622.0,1238.0,1157.0,304.0,781.0,7498.0,2840.0,1294.0,19361.0,6533.0,9753.0,3776.0,13586.0,2490.0,3719.0,17943.0,2224.0,1952.0,1538.0,2892.0,2005.0,5331.0,3472.0,5366.0,2250.0,5563.0,216.0,2.0,20.0,43.0,2.0,63.0,,78.0,1324.0,289.0,6417.0,789.0,1256.0,134.0,312.0,2475.0,602.0,1280.0,3365.0,5196.0,2471.0,905.0,493.0,5098.0,4508.0,1142.0,4386.0,433.0,2898.0,93.0
2026-07-13T16:00Z,247.0,441.0,353.0,13416.0,13759.0,2597.0,80.0,17005.0,1980.0,7606.0,17522.0,2110.0,10721.0,5433.0,1993.0,1171.0,1631.0,305.0,3673.0,1084.0,1944.0,2043.0,3510.0,15046.0,5433.0,12529.0,25985.0,13176.0,22923.0,1857.0,1115.0,1563.0,483.0,645.0,1283.0,1161.0,318.0,813.0,7616.0,2980.0,1347.0,20376.0,6913.0,10336.0,3918.0,14537.0,2659.0,3970.0,18467.0,2344.0,2077.0,1645.0,3029.0,2085.0,5575.0,3575.0,5499.0,2354.0,5734.0,229.0,2.0,22.0,45.0,3.0,66.0,,78.0,1359.0,299.0,6819.0,836.0,1302.0,150.0,325.0,2657.0,640.0,1397.0,3549.0,5505.0,2581.0,951.0,536.0,5251.0,4683.0,1201.0,4724.0,463.0,3028.0,97.0
2026-07-13T17:00Z,256.0,462.0,381.0,13347.0,14937.0,2854.0,96.0,17262.0,2039.0,7617.0,18187.0,2191.0,11300.0,5659.0,2081.0,1235.0,1731.0,315.0,3798.0,1128.0,2067.0,2091.0,3681.0,15601.0,5718.0,13169.0,27402.0,13835.0,23968.0,1940.0,1175.0,1668.0,488.0,699.0,1397.0,1208.0,320.0,835.0,7782.0,3101.0,1425.0,21073.0,7208.0,10946.0,4052.0,15470.0,2819.0,4204.0,19024.0,2445.0,2201.0,1787.0,3274.0,2173.0,5823.0,3688.0,5662.0,2414.0,6027.0,243.0,2.0,25.0,43.0,3.0,68.0,,79.0,1425.0,316.0,7218.0,888.0,1342.0,167.0,344.0,2815.0,668.0,1482.0,3686.0,5816.0,2677.0,984.0,568.0,5387.0,4791.0,1261.0,5027.0,500.0,3164.0,101.0
2026-07-13T18:00Z,252.0,482.0,394.0,14049.0,16318.0,3139.0,121.0,16902.0,2107.0,7676.0,19007.0,2276.0,11908.0,5997.0,2133.0,1299.0,1814.0,342.0,3973.0,1192.0,2152.0,2164.0,3747.0,16102.0,5973.0,13829.0,28754.0,14328.0,24869.0,2009.0,1244.0,1744.0,501.0,750.0,1468.0,1326.0,335.0,868.0,7914.0,3274.0,1506.0,21769.0,7479.0,11414.0,4221.0,16376.0,2957.0,4382.0,19563.0,2550.0,2282.0,1955.0,3550.0,2268.0,6046.0,3804.0,5855.0,2497.0,6318.0,265.0,3.0,25.0,43.0,3.0,69.0,,81.0,1508.0,329.0,7584.0,929.0,1380.0,178.0,359.0,2958.0,699.0,1572.0,3787.0,6127.0,2776.0,1025.0,599.0,5556.0,4845.0,1321.0,5287.0,544.0,3311.0,105.0
2026-07-13T19:00Z,249.0,499.0,402.0,14322.0,16978.0,2974.0,129.0,16415.0,2170.0,7723.0,20047.0,2351.0,12581.0,6219.0,2226.0,1329.0,1868.0,380.0,4111.0,1218.0,2192.0,2313.0,3849.0,16572.0,6216.0,14406.0,29822.0,14707.0,25349.0,2056.0,1303.0,1837.0,523.0,773.0,1543.0,1403.0,356.0,897.0,8066.0,3458.0,1607.0,22266.0,7690.0,11717.0,4421.0,17301.0,3039.0,4533.0,20010.0,2645.0,2341.0,2105.0,3843.0,2340.0,6247.0,3959.0,6017.0,2548.0,6734.0,285.0,2.0,28.0,44.0,3.0,70.0,1.0,81.0,1615.0,340.0,7910.0,964.0,1407.0,189.0,373.0,3069.0,726.0,1636.0,3825.0,6363.0,2850.0,1059.0,622.0,5682.0,4896.0,1376.0,5536.0,598.0,3444.0,106.0
2026-07-13T20:00Z,253.0,515.0,408.0,14722.0,17763.0,2785.0,93.0,16071.0,2126.0,7768.0,20971.0,2388.0,13179.0,6511.0,2330.0,1338.0,1917.0,498.0,4364.0,1265.0,2307.0,2453.0,4030.0,16818.0,6450.0,14839.0,30593.0,15019.0,25808.0,2108.0,1387.0,1940.0,556.0,785.0,1627.0,1472.0,377.0,943.0,8199.0,3580.0,1729.0,22579.0,7874.0,11943.0,4641.0,17967.0,3083.0,4652.0,20538.0,2754.0,2376.0,2081.0,4104.0,2406.0,6443.0,4154.0,6173.0,2548.0,7076.0,303.0,2.0,29.0,45.0,3.0,71.0,5.0,84.0,1699.0,347.0,8103.0,987.0,1418.0,200.0,384.0,3163.0,738.0,1687.0,3928.0,6479.0,2910.0,1077.0,635.0,5776.0,4929.0,1399.0,5671.0,651.0,3570.0,108.0
2026-07-13T21:00Z,255.0,526.0,411.0,15226.0,18405.0,3057.0,88.0,15870.0,2060.0,7797.0,22049.0,2382.0,13462.0,6615.0,2298.0,1444.0,2003.0,625.0,4593.0,1340.0,2439.0,2555.0,4186.0,17025.0,6652.0,15090.0,31327.0,15250.0,26069.0,2172.0,1452.0,1996.0,566.0,838.0,1809.0,1607.0,404.0,991.0,8251.0,3699.0,1857.0,22840.0,8038.0,12021.0,4867.0,18527.0,3137.0,4729.0,20930.0,2881.0,2400.0,2120.0,4319.0,2479.0,6587.0,4349.0,6327.0,2575.0,7417.0,316.0,2.0,30.0,43.0,3.0,72.0,19.0,87.0,1785.0,362.0,8241.0,1003.0,1439.0,207.0,387.0,3247.0,754.0,1714.0,3952.0,6589.0,2972.0,1084.0,648.0,5845.0,4944.0,1427.0,5767.0,693.0,3690.0,112.0
2026-07-13T22:00Z,263.0,534.0,413.0,16070.0,18502.0,2922.0,108.0,15735.0,2146.0,7892.0,22867.0,2374.0,13491.0,6571.0,2228.0,1603.0,2086.0,734.0,4753.0,1369.0,2578.0,2670.0,4265.0,17170.0,6873.0,15245.0,31728.0,15401.0,25986.0,2238.0,1517.0,2119.0,592.0,919.0,2011.0,1749.0,430.0,1011.0,8224.0,3826.0,1984.0,22997.0,8162.0,12160.0,5055.0,18990.0,3171.0,4777.0,21055.0,2980.0,2422.0,2270.0,4568.0,2548.0,6707.0,4525.0,6487.0,2611.0,7689.0,317.0,2.0,31.0,44.0,3.0,72.0,28.0,88.0,1873.0,371.0,8236.0,1022.0,1448.0,214.0,393.0,3279.0,770.0,1721.0,4002.0,6678.0,3036.0,1095.0,654.0,5880.0,4956.0,1451.0,5830.0,736.0,3804.0,113.0
2026-07-13T23:00Z,264.0,540.0,415.0,16172.0,18652.0,3041.0,138.0,15605.0,2146.0,7991.0,23043.0,2364.0,13155.0,6579.0,2210.0,1706.0,2093.0,772.0,4803.0,1341.0,2574.0,2682.0,4158.0,17361.0,7059.0,15328.0,31825.0,15543.0,26017.0,2269.0,1584.0,2246.0,613.0,1006.0,2012.0,1836.0,438.0,1002.0,7946.0,3802.0,2038.0,22871.0,8120.0,11951.0,5101.0,19205.0,3149.0,4750.0,20882.0,3020.0,2394.0,2234.0,4539.0,2541.0,6592.0,4514.0,6494.0,2574.0,7732.0,308.0,2.0,31.0,45.0,3.0,70.0,25.0,88.0,1948.0,376.0,8126.0,1027.0,1428.0,216.0,387.0,3300.0,776.0,1741.0,4014.0,6664.0,3052.0,1078.0,649.0,5875.0,4935.0,1462.0,5822.0,757.0,3845.0,113.0
2026-07-14T00:00Z,261.0,538.0,416.0,16391.0,17711.0,2887.0,141.0,15368.0,2188.0,7992.0,22803.0,2358.0,12621.0,6538.0,2154.0,1687.0,2026.0,776.0,4673.0,1305.0,2487.0,2639.0,4024.0,17359.0,7213.0,15211.0,31458.0,15423.0,25724.0,2302.0,1660.0,2406.0,611.0,1147.0,2039.0,1832.0,424.0,964.0,7703.0,3688.0,1981.0,22476.0,7962.0,11614.0,4985.0,19146.0,3061.0,4634.0,20511.0,2973.0,2336.0,2077.0,4371.0,2469.0,6265.0,4394.0,6404.0,2510.0,7625.0,291.0,2.0,30.0,45.0,3.0,69.0,26.0,88.0,1992.0,386.0,7992.0,1016.0,1429.0,214.0,379.0,3257.0,768.0,1734.0,4057.0,6594.0,3017.0,1069.0,635.0,5816.0,4900.0,1468.0,5747.0,767.0,3825.0,112.0
2026-07-14T01:00Z,239.0,527.0,412.0,16456.0,17909.0,2963.0,94.0,15300.0,2238.0,7884.0,21799.0,2290.0,12065.0,6287.0,2028.0,1654.0,1966.0,771.0,4490.0,1276.0,2415.0,2598.0,3937.0,17318.0,7225.0,14731.0,30519.0,15007.0,25188.0,2234.0,1624.0,2388.0,631.0,1157.0,2024.0,1749.0,404.0,917.0,7512.0,3512.0,1844.0,21928.0,7560.0,11052.0,4735.0,18789.0,2929.0,4409.0,19829.0,2800.0,2238.0,2001.0,4110.0,2361.0,5904.0,4173.0,6131.0,2406.0,7356.0,272.0,2.0,29.0,46.0,3.0,64.0,22.0,87.0,2007.0,383.0,7729.0,975.0,1399.0,208.0,365.0,3131.0,744.0,1684.0,4022.0,6430.0,2938.0,1052.0,607.0,5732.0,4845.0,1438.0,5574.0,760.0,3794.0,110.0
2026-07-14T02:00Z,238.0,508.0,404.0,16490.0,17579.0,3278.0,128.0,15434.0,2203.0,7800.0,20902.0,2178.0,11631.0,6118.0,2071.0,1571.0,1864.0,756.0,4271.0,1188.0,2283.0,2500.0,3779.0,17119.0,6965.0,14058.0,29205.0,14284.0,24911.0,2158.0,1560.0,2292.0,585.0,1108.0,1938.0,1654.0,379.0,887.0,7387.0,3368.0,1730.0,21016.0,7198.0,10462.0,4507.0,18013.0,2777.0,4226.0,19130.0,2639.0,2148.0,1942.0,3823.0,2229.0,5654.0,3975.0,5877.0,2307.0,7087.0,256.0,2.0,27.0,43.0,3.0,62.0,23.0,86.0,1966.0,369.0,7362.0,914.0,1355.0,195.0,359.0,2960.0,703.0,1603.0,3966.0,6103.0,2814.0,1014.0,568.0,5594.0,4781.0,1374.0,5279.0,742.0,3701.0,108.0
2026-07-14T03:00Z,246.0,480.0,399.0,16465.0,17233.0,3348.0,56.0,15432.0,2134.0,7795.0,20137.0,2085.0,11245.0,6037.0,2034.0,1459.0,1701.0,708.0,3895.0,1009.0,2055.0,2309.0,3500.0,16634.0,6676.0,13286.0,27742.0,13698.0,24416.0,2041.0,1437.0,2092.0,610.0,1006.0,1794.0,1519.0,346.0,836.0,7073.0,3158.0,1576.0,19907.0,6697.0,9645.0,4129.0,17218.0,2590.0,3972.0,18016.0,2391.0,2014.0,1754.0,3451.0,2048.0,5259.0,3687.0,5455.0,2110.0,6610.0,234.0,3.0,26.0,46.0,3.0,61.0,28.0,84.0,1896.0,355.0,7036.0,861.0,1314.0,181.0,355.0,2825.0,670.0,1496.0,3886.0,5804.0,2688.0,981.0,537.0,5475.0,4701.0,1326.0,5005.0,693.0,3582.0,106.0
2026-07-14T04:00Z,244.0,450.0,390.0,16287.0,16650.0,3239.0,48.0,15008.0,2103.0,7801.0,18976.0,1963.0,10674.0,5754.0,1979.0,1356.0,1542.0,646.0,3518.0,1008.0,1880.0,2106.0,3217.0,15818.0,6174.0,12158.0,25712.0,12848.0,23394.0,1911.0,1317.0,1954.0,599.0,924.0,1666.0,1398.0,315.0,780.0,6701.0,2891.0,1419.0,18551.0,6132.0,8853.0,3740.0,16085.0,2373.0,3669.0,16871.0,2142.0,1877.0,1583.0,3103.0,1872.0,4834.0,3374.0,5027.0,1951.0,6097.0,214.0,2.0,23.0,42.0,3.0,60.0,28.0,83.0,1814.0,343.0,6586.0,789.0,1283.0,162.0,335.0,2629.0,625.0,1353.0,3767.0,5461.0,2534.0,955.0,488.0,5373.0,4590.0,1241.0,4649.0,646.0,3505.0,104.0
2026-07-14T05:00Z,238.0,415.0,376.0,16066.0,16453.0,3123.0,43.0,14484.0,1971.0,7719.0,17608.0,1883.0,9999.0,5469.0,1918.0,1277.0,1430.0,618.0,3235.0,930.0,1728.0,1971.0,2970.0,14634.0,5705.0,11417.0,25171.0,11883.0,22291.0,1798.0,1221.0,1859.0,590.0,862.0,1554.0,1297.0,295.0,745.0,6351.0,2670.0,1287.0,17446.0,5721.0,8140.0,3420.0,14891.0,2188.0,3397.0,15969.0,1948.0,1753.0,1586.0,2791.0,1725.0,4432.0,3086.0,4671.0,1825.0,5646.0,197.0,2.0,21.0,45.0,2.0,59.0,31.0,78.0,1688.0,317.0,6114.0,712.0,1248.0,142.0,309.0,2401.0,566.0,1215.0,3581.0,5069.0,2347.0,901.0,440.0,5240.0,4380.0,1154.0,4264.0,580.0,3286.0,101.0
2026-07-14T06:00Z,226.0,380.0,322.0,15070.0,15270.0,2931.0,37.0,13944.0,1837.0,7566.0,16335.0,1796.0,9394.0,5198.0,1853.0,1229.0,1348.0,592.0,3031.0,881.0,1632.0,1849.0,2791.0,13621.0,5315.0,10775.0,24224.0,11131.0,21322.0,1715.0,1139.0,1772.0,567.0,820.0,1487.0,1220.0,278.0,705.0,6053.0,2478.0,1191.0,16597.0,5425.0,7679.0,3184.0,13881.0,2047.0,3188.0,15218.0,1816.0,1662.0,1462.0,2571.0,1626.0,4199.0,2892.0,4421.0,1752.0,5286.0,183.0,2.0,18.0,42.0,2.0,58.0,28.0,78.0,1540.0,298.0,5707.0,650.0,1214.0,126.0,296.0,2225.0,518.0,1106.0,3424.0,4747.0,2197.0,856.0,399.0,5120.0,4190.0,1085.0,3943.0,516.0,3065.0,96.0
2026-07-14T07:00Z,223.0,354.0,313.0,14052.0,14084.0,2852.0,36.0,13537.0,1790.0,7548.0,15460.0,1678.0,8997.0,4940.0,1820.0,1200.0,1289.0,566.0,2901.0,851.0,1571.0,1773.0,2674.0,12844.0,5019.0,10337.0,23066.0,10530.0,20571.0,1649.0,1090.0,1719.0,542.0,799.0,1435.0,1169.0,264.0,670.0,5815.0,2348.0,1130.0,16100.0,5188.0,7320.0,3024.0,13034.0,1939.0,3015.0,14797.0,1727.0,1588.0,1405.0,2393.0,1558.0,4022.0,2757.0,4244.0,1691.0,5002.0,172.0,2.0,17.0,43.0,2.0,58.0,26.0,75.0,1433.0,285.0,5395.0,606.0,1192.0,115.0,281.0,2087.0,486.0,1024.0,3310.0,4525.0,2095.0,821.0,373.0,5018.0,4085.0,1042.0,3700.0,463.0,2889.0,92.0
2026-07-14T08:00Z,219.0,333.0,342.0,13475.0,13060.0,3348.0,29.0,13229.0,1738.0,7528.0,14832.0,1610.0,8730.0,4801.0,1813.0,1188.0,1257.0,558.0,2832.0,834.0,1537.0,1720.0,2619.0,12253.0,4817.0,9994.0,22204.0,10173.0,19897.0,1614.0,1062.0,1694.0,539.0,786.0,1404.0,1127.0,249.0,639.0,5656.0,2266.0,1097.0,15757.0,5037.0,7140.0,2940.0,12414.0,1871.0,2898.0,14534.0,1679.0,1534.0,1369.0,2302.0,1524.0,3915.0,2691.0,4136.0,1657.0,4827.0,165.0,2.0,16.0,42.0,2.0,56.0,25.0,74.0,1361.0,276.0,5187.0,574.0,1179.0,106.0,269.0,1971.0,461.0,961.0,3235.0,4362.0,2028.0,790.0,354.0,4941.0,4001.0,1010.0,3527.0,425.0,2752.0,90.0
2026-07-14T09:00Z,212.0,316.0,346.0,12694.0,12496.0,2938.0,29.0,13071.0,1715.0,7508.0,14458.0,1607.0,8607.0,4653.0,1801.0,1207.0,1261.0,558.0,2831.0,841.0,1545.0,1725.0,2635.0,11855.0,4684.0,9892.0,21446.0,9902.0,19502.0,1606.0,1063.0,1700.0,538.0,790.0,1406.0,1108.0,243.0,630.0,5630.0,2234.0,1089.0,15639.0,4950.0,7098.0,2932.0,12003.0,1846.0,2865.0,14525.0,1676.0,1511.0,1267.0,2259.0,1529.0,3832.0,2711.0,4146.0,1663.0,4770.0,162.0,2.0,15.0,45.0,2.0,56.0,25.0,74.0,1291.0,270.0,5053.0,554.0,1173.0,101.0,266.0,1899.0,448.0,925.0,3182.0,4248.0,1976.0,772.0,340.0,4867.0,3935.0,996.0,3428.0,395.0,2657.0,89.0
2026-07-14T10:00Z,211.0,304.0,343.0,12168.0,11995.0,2585.0,31.0,13126.0,1723.0,7498.0,14424.0,1602.0,8602.0,4586.0,1784.0,1254.0,1317.0,576.0,2939.0,948.0,1620.0,1788.0,2729.0,11765.0,4643.0,9972.0,21219.0,9847.0,19546.0,1631.0,1097.0,1740.0,541.0,814.0,1436.0,1118.0,249.0,645.0,5788.0,2264.0,1109.0,15875.0,5111.0,7300.0,3025.0,11858.0,1895.0,2919.0,14787.0,1733.0,1528.0,1229.0,2319.0,1591.0,3962.0,2875.0,4314.0,1745.0,4829.0,164.0,2.0,15.0,45.0,2.0,57.0,24.0,74.0,1260.0,264.0,5017.0,552.0,1165.0,98.0,262.0,1876.0,450.0,909.0,3128.0,4206.0,1962.0,760.0,336.0,4842.0,3922.0,994.0,3399.0,374.0,2588.0,86.0
2026-07-14T11:00Z,208.0,300.0,343.0,11755.0,11660.0,2496.0,30.0,13371.0,1722.0,7497.0,14701.0,1679.0,8795.0,4584.0,1790.0,1328.0,1421.0,595.0,3143.0,939.0,1719.0,1899.0,2947.0,12050.0,4719.0,10210.0,21868.0,10112.0,19571.0,1669.0,1142.0,1791.0,588.0,838.0,1469.0,1156.0,264.0,685.0,6212.0,2368.0,1153.0,16391.0,5314.0,7629.0,3179.0,12061.0,1989.0,3042.0,15226.0,1818.0,1570.0,1335.0,2422.0,1690.0,4224.0,3095.0,4584.0,1834.0,4992.0,171.0,2.0,15.0,43.0,2.0,57.0,25.0,73.0,1254.0,263.0,5110.0,581.0,1171.0,99.0,265.0,1909.0,461.0,930.0,3161.0,4265.0,1986.0,766.0,345.0,4827.0,3964.0,1003.0,3432.0,362.0,2561.0,84.0
2026-07-14T12:00Z,213.0,301.0,344.0,11649.0,11658.0,2400.0,30.0,13634.0,1764.0,7499.0,15162.0,1766.0,8983.0,4664.0,1811.0,1440.0,1543.0,616.0,3361.0,976.0,1845.0,2016.0,3179.0,12622.0,4850.0,10627.0,23021.0,10516.0,19824.0,1728.0,1186.0,1801.0,596.0,827.0,1501.0,1199.0,284.0,734.0,6680.0,2522.0,1221.0,17134.0,5595.0,8056.0,3411.0,12578.0,2136.0,3195.0,15825.0,1902.0,1677.0,1485.0,2583.0,1819.0,4639.0,3297.0,4910.0,1967.0,5231.0,186.0,3.0,16.0,43.0,2.0,59.0,25.0,74.0,1252.0,270.0,5274.0,609.0,1183.0,100.0,272.0,1978.0,484.0,966.0,3204.0,4401.0,2051.0,782.0,360.0,4846.0,4060.0,1020.0,3548.0,366.0,2584.0,85.0
2026-07-14T13:00Z,201.0,326.0,350.0,12068.0,11793.0,2446.0,33.0,13655.0,1826.0,7558.0,15613.0,1840.0,9032.0,4642.0,1843.0,1487.0,1641.0,623.0,3500.0,1051.0,1935.0,2096.0,3405.0,13325.0,5019.0,11181.0,24454.0,11313.0,20224.0,1765.0,1190.0,1717.0,603.0,771.0,1525.0,1230.0,301.0,776.0,7096.0,2681.0,1273.0,18002.0,5896.0,8612.0,3612.0,13372.0,2295.0,3424.0,16520.0,1997.0,1813.0,1562.0,2709.0,1938.0,4940.0,3456.0,5163.0,2086.0,5409.0,209.0,2.0,16.0,43.0,2.0,60.0,22.0,76.0,1262.0,272.0,5526.0,651.0,1201.0,110.0,292.0,2131.0,526.0,1049.0,3305.0,4602.0,2187.0,814.0,395.0,4889.0,4206.0,1047.0,3794.0,384.0,2667.0,86.0
2026-07-14T14:00Z,212.0,367.0,358.0,12590.0,12447.0,2609.0,43.0,13882.0,1897.0,7605.0,16299.0,1964.0,9039.0,4797.0,1846.0,1519.0,1718.0,618.0,3635.0,1109.0,2031.0,2166.0,3580.0,13900.0,5234.0,11950.0,26111.0,12145.0,20711.0,1836.0,1208.0,1703.0,582.0,755.0,1516.0,1291.0,316.0,814.0,7468.0,2856.0,1317.0,18938.0,6268.0,9238.0,3845.0,14383.0,2477.0,3681.0,17344.0,2137.0,1933.0,1679.0,2978.0,2048.0,5277.0,3611.0,5382.0,2204.0,5643.0,230.0,2.0,18.0,42.0,2.0,63.0,1.0,77.0,1310.0,280.0,5895.0,698.0,1230.0,122.0,309.0,2297.0,570.0,1155.0,3427.0,4927.0,2337.0,855.0,433.0,5005.0,4326.0,1100.0,4101.0,415.0,2782.0,92.0
2026-07-14T15:00Z,227.0,403.0,365.0,13654.0,14502.0,2877.0,79.0,14155.0,1907.0,7660.0,17232.0,2022.0,9116.0,4964.0,1887.0,1534.0,1788.0,559.0,3892.0,1182.0,2130.0,2281.0,3786.0,14471.0,5505.0,12806.0,27154.0,12780.0,21353.0,1910.0,1258.0,1712.0,552.0,742.0,1494.0,1364.0,344.0,861.0,7799.0,3051.0,1369.0,19966.0,6710.0,9891.0,4105.0,15564.0,2660.0,3960.0,18234.0,2312.0,2063.0,1833.0,3255.0,2181.0,5673.0,3789.0,5647.0,2331.0,6001.0,255.0,2.0,19.0,42.0,2.0,65.0,,81.0,1337.0,281.0,6356.0,751.0,1268.0,137.0,319.0,2471.0,611.0,1264.0,3586.0,5221.0,2485.0,895.0,469.0,5124.0,4481.0,1166.0,4407.0,442.0,2883.0,96.0
2026-07-14T16:00Z,239.0,432.0,375.0,13970.0,16978.0,3052.0,120.0,14403.0,1973.0,7770.0,18421.0,2100.0,9252.0,5244.0,1884.0,1381.0,1835.0,488.0,4178.0,1261.0,2331.0,2414.0,4015.0,15014.0,5817.0,13619.0,28560.0,13617.0,22215.0,1994.0,1349.0,1752.0,568.0,716.0,1468.0,1409.0,386.0,923.0,8154.0,3306.0,1464.0,21072.0,7181.0,10623.0,4395.0,16672.0,2826.0,4201.0,19081.0,2482.0,2173.0,1980.0,3588.0,2317.0,6049.0,3992.0,5927.0,2441.0,6481.0,280.0,2.0,23.0,43.0,2.0,67.0,,81.0,1399.0,295.0,6910.0,803.0,1306.0,152.0,338.0,2648.0,655.0,1377.0,3745.0,5630.0,2609.0,942.0,507.0,5291.0,4596.0,1237.0,4755.0,465.0,3016.0,98.0
2026-07-14T17:00Z,245.0,463.0,382.0,14174.0,17918.0,2829.0,185.0,14510.0,2044.0,7816.0,19629.0,2171.0,9477.0,5511.0,1924.0,1366.0,1866.0,466.0,4565.0,1372.0,2549.0,2475.0,4095.0,15382.0,6146.0,14315.0,30154.0,14252.0,23150.0,2067.0,1452.0,1842.0,586.0,773.0,1486.0,1445.0,404.0,988.0,8503.0,3594.0,1597.0,22049.0,7686.0,11320.0,4710.0,17646.0,2982.0,4412.0,19859.0,2663.0,2262.0,2112.0,3925.0,2438.0,6416.0,4205.0,6201.0,2535.0,6995.0,299.0,2.0,25.0,43.0,3.0,68.0,,83.0,1456.0,310.0,7443.0,857.0,1353.0,164.0,352.0,2802.0,693.0,1472.0,3856.0,5988.0,2717.0,978.0,542.0,5429.0,4706.0,1308.0,5045.0,499.0,3147.0,100.0
2026-07-14T18:00Z,244.0,483.0,390.0,14628.0,19018.0,2980.0,252.0,14634.0,2082.0,7886.0,20774.0,2213.0,9760.0,5729.0,1906.0,1536.0,1883.0,502.0,4754.0,1408.0,2599.0,2487.0,4120.0,16015.0,6465.0,14919.0,31504.0,14878.0,24043.0,2171.0,1519.0,1922.0,607.0,867.0,1548.0,1596.0,436.0,1024.0,8715.0,3949.0,1736.0,22941.0,8049.0,11955.0,5016.0,18493.0,3111.0,4586.0,20574.0,2859.0,2341.0,2225.0,4329.0,2546.0,6718.0,4420.0,6453.0,2642.0,7309.0,319.0,2.0,27.0,43.0,3.0,71.0,,85.0,1538.0,324.0,7874.0,912.0,1384.0,176.0,366.0,2945.0,723.0,1556.0,3958.0,6285.0,2826.0,1014.0,577.0,5565.0,4832.0,1367.0,5307.0,538.0,3294.0,101.0
2026-07-14T19:00Z,255.0,499.0,397.0,14720.0,19782.0,2922.0,269.0,14855.0,2129.0,7924.0,21597.0,2282.0,9923.0,5971.0,1927.0,1653.0,1967.0,561.0,4833.0,1398.0,2560.0,2542.0,4185.0,16506.0,6777.0,15401.0,32445.0,15325.0,24920.0,2223.0,1599.0,1986.0,600.0,911.0,1660.0,1701.0,468.0,1075.0,8907.0,4046.0,1898.0,23447.0,8297.0,12225.0,5239.0,19196.0,3196.0,4688.0,21302.0,3042.0,2417.0,2211.0,4614.0,2636.0,6958.0,4653.0,6653.0,2686.0,7661.0,341.0,2.0,28.0,44.0,3.0,72.0,0.0,86.0,1633.0,342.0,8171.0,956.0,1406.0,190.0,377.0,3069.0,745.0,1617.0,3957.0,6483.0,2920.0,1046.0,616.0,5685.0,4914.0,1403.0,5510.0,586.0,3418.0,98.0
2026-07-14T20:00Z,246.0,517.0,402.0,15063.0,19967.0,2997.0,206.0,15019.0,2163.0,8014.0,22148.0,2347.0,10105.0,6189.0,1997.0,1700.0,2034.0,625.0,5054.0,1412.0,2633.0,2637.0,4313.0,16856.0,7033.0,15711.0,32981.0,15710.0,25580.0,2273.0,1672.0,2091.0,617.0,979.0,1828.0,1772.0,488.0,1120.0,9076.0,4165.0,2002.0,23627.0,8411.0,12229.0,5413.0,19790.0,3238.0,4795.0,21877.0,3187.0,2472.0,2190.0,4901.0,2681.0,7196.0,4826.0,6792.0,2679.0,8116.0,353.0,2.0,30.0,44.0,3.0,73.0,17.0,87.0,1751.0,351.0,8335.0,983.0,1417.0,201.0,388.0,3190.0,759.0,1676.0,3640.0,6551.0,2994.0,1071.0,636.0,5787.0,4975.0,1435.0,5647.0,631.0,3542.0,101.0
2026-07-14T21:00Z,247.0,529.0,404.0,15058.0,20076.0,2937.0,228.0,15157.0,2240.0,8080.0,22293.0,2392.0,10288.0,6258.0,1997.0,1741.0,2114.0,709.0,5299.0,1464.0,2718.0,2804.0,4480.0,17180.0,7220.0,15968.0,33517.0,15950.0,26034.0,2330.0,1717.0,2224.0,578.0,1067.0,2019.0,1913.0,499.0,1162.0,9251.0,4336.0,2099.0,23552.0,8577.0,12245.0,5564.0,20243.0,3248.0,4803.0,22270.0,3313.0,2529.0,2251.0,5143.0,2716.0,7274.0,4976.0,6846.0,2690.0,8349.0,360.0,2.0,30.0,45.0,3.0,74.0,19.0,88.0,1847.0,367.0,8526.0,1008.0,1425.0,209.0,393.0,3296.0,772.0,1730.0,3601.0,6652.0,3061.0,1083.0,653.0,5864.0,4986.0,1459.0,5780.0,660.0,3663.0,103.0
2026-07-14T22:00Z,248.0,537.0,409.0,16003.0,20174.0,2827.0,191.0,15214.0,2198.0,8044.0,22399.0,2431.0,10454.0,6234.0,2031.0,1758.0,2140.0,782.0,5524.0,1500.0,2807.0,2908.0,4535.0,17229.0,7353.0,16147.0,33737.0,16019.0,26165.0,2355.0,1752.0,2381.0,602.0,1170.0,2160.0,2069.0,530.0,1202.0,9333.0,4439.0,2202.0,23586.0,8651.0,12170.0,5694.0,20539.0,3269.0,4843.0,22484.0,3374.0,2545.0,2334.0,5294.0,2779.0,7401.0,5083.0,6953.0,2706.0,8538.0,363.0,3.0,31.0,44.0,3.0,71.0,25.0,86.0,1898.0,369.0,8633.0,1025.0,1432.0,213.0,394.0,3321.0,785.0,1745.0,3622.0,6693.0,3093.0,1085.0,666.0,5928.0,5024.0,1476.0,5863.0,696.0,3742.0,108.0
2026-07-14T23:00Z,249.0,537.0,410.0,16307.0,20781.0,2816.0,192.0,15260.0,2152.0,7887.0,22421.0,2395.0,10577.0,6127.0,1934.0,1752.0,2145.0,799.0,5573.0,1507.0,2845.0,2893.0,4437.0,17447.0,7533.0,16162.0,33637.0,16143.0,25992.0,2404.0,1798.0,2569.0,621.0,1285.0,2224.0,2162.0,542.0,1218.0,9228.0,4513.0,2221.0,23484.0,8545.0,12017.0,5689.0,20642.0,3240.0,4818.0,22392.0,3365.0,2522.0,2464.0,5375.0,2781.0,7388.0,5040.0,7002.0,2686.0,8719.0,358.0,2.0,31.0,45.0,3.0,68.0,23.0,87.0,1902.0,369.0,8600.0,1033.0,1424.0,218.0,391.0,3337.0,788.0,1764.0,3567.0,6709.0,3107.0,1081.0,661.0,5963.0,5036.0,1497.0,5868.0,735.0,3809.0,109.0
2026-07-15T00:00Z,255.0,532.0,411.0,16909.0,20836.0,3001.0,194.0,15146.0,2166.0,7956.0,22010.0,2350.0,10453.0,5971.0,1961.0,1723.0,2107.0,814.0,5464.0,1451.0,2770.0,2863.0,4381.0,17457.0,7602.0,15956.0,33257.0,15922.0,25639.0,2436.0,1879.0,2722.0,632.0,1367.0,2238.0,2155.0,535.0,1199.0,9077.0,4452.0,2174.0,23462.0,8268.0,12167.0,5588.0,20578.0,3195.0,4748.0,22034.0,3303.0,2447.0,2441.0,5239.0,2723.0,7157.0,4919.0,6993.0,2672.0,8757.0,341.0,2.0,29.0,42.0,3.0,65.0,18.0,86.0,1850.0,367.0,8425.0,1023.0,1424.0,218.0,384.0,3289.0,781.0,1759.0,3620.0,6623.0,3082.0,1068.0,645.0,5965.0,5046.0,1487.0,5777.0,755.0,3810.0,107.0
2026-07-15T01:00Z,237.0,518.0,411.0,17881.0,20500.0,3462.0,192.0,15103.0,2126.0,7752.0,21231.0,2271.0,10276.0,5843.0,1903.0,1706.0,2076.0,801.0,5375.0,1431.0,2738.0,2880.0,4378.0,17444.0,7613.0,15465.0,32376.0,15543.0,24979.0,2407.0,1863.0,2712.0,625.0,1373.0,2217.0,2067.0,514.0,1157.0,8855.0,4271.0,2091.0,22786.0,7980.0,11845.0,5438.0,20262.0,3073.0,4565.0,21234.0,3172.0,2350.0,2363.0,4957.0,2621.0,6863.0,4756.0,6766.0,2590.0,8508.0,322.0,2.0,25.0,45.0,3.0,61.0,14.0,85.0,1836.0,360.0,8115.0,982.0,1418.0,209.0,380.0,3175.0,758.0,1719.0,3670.0,6466.0,3022.0,1050.0,616.0,5911.0,4989.0,1454.0,5611.0,753.0,3788.0,105.0
2026-07-15T02:00Z,240.0,499.0,405.0,18756.0,19902.0,3637.0,169.0,15199.0,2078.0,7686.0,20313.0,2175.0,10278.0,5683.0,1882.0,1635.0,1981.0,776.0,5114.0,1327.0,2590.0,2766.0,4221.0,17256.0,7452.0,14765.0,31107.0,14983.0,24393.0,2344.0,1811.0,2641.0,587.0,1301.0,2129.0,1947.0,489.0,1119.0,8696.0,4096.0,1998.0,22053.0,7699.0,11480.0,5217.0,19588.0,2939.0,4351.0,20416.0,3013.0,2264.0,2228.0,4661.0,2504.0,6661.0,4576.0,6529.0,2523.0,8251.0,304.0,2.0,24.0,45.0,3.0,60.0,18.0,82.0,1800.0,357.0,7697.0,924.0,1355.0,198.0,366.0,3033.0,723.0,1651.0,3658.0,6132.0,2914.0,1017.0,582.0,5779.0,4855.0,1387.0,5328.0,729.0,3735.0,101.0
2026-07-15T03:00Z,260.0,470.0,395.0,19116.0,19188.0,3526.0,101.0,15119.0,2000.0,7709.0,19600.0,2066.0,10179.0,5582.0,1917.0,1512.0,1822.0,757.0,4670.0,1247.0,2385.0,2561.0,3947.0,16759.0,7141.0,14057.0,29702.0,14438.0,23879.0,2246.0,1693.0,2476.0,602.0,1183.0,1995.0,1775.0,443.0,1054.0,8411.0,3817.0,1848.0,20733.0,7145.0,10825.0,4806.0,18918.0,2738.0,4081.0,19124.0,2771.0,2105.0,2056.0,4231.0,2320.0,6221.0,4261.0,6096.0,2359.0,7756.0,280.0,2.0,23.0,46.0,3.0,59.0,26.0,81.0,1774.0,345.0,7326.0,884.0,1328.0,186.0,362.0,2917.0,692.0,1562.0,3894.0,5833.0,2793.0,981.0,555.0,5634.0,4821.0,1331.0,5055.0,678.0,3588.0,99.0
2026-07-15T04:00Z,241.0,443.0,386.0,18635.0,18268.0,3402.0,95.0,14655.0,1949.0,7639.0,18380.0,1955.0,9825.0,5406.0,1888.0,1408.0,1671.0,718.0,4242.0,1152.0,2167.0,2368.0,3665.0,16019.0,6603.0,13047.0,27925.0,13632.0,22935.0,2107.0,1569.0,2318.0,573.0,1097.0,1870.0,1627.0,401.0,972.0,7990.0,3505.0,1692.0,19285.0,6535.0,9953.0,4367.0,17788.0,2510.0,3770.0,17802.0,2512.0,1971.0,1820.0,3856.0,2143.0,5807.0,3912.0,5670.0,2175.0,7210.0,254.0,2.0,21.0,47.0,2.0,59.0,26.0,81.0,1703.0,334.0,6808.0,813.0,1292.0,166.0,348.0,2725.0,647.0,1440.0,3902.0,5510.0,2643.0,970.0,519.0,5476.0,4632.0,1260.0,4716.0,632.0,3471.0,98.0
2026-07-15T05:00Z,241.0,402.0,374.0,17943.0,17844.0,3318.0,85.0,14131.0,1823.0,,17128.0,1887.0,9374.0,5243.0,1839.0,1338.0,1551.0,709.0,3914.0,1071.0,1999.0,2230.0,3437.0,14831.0,6102.0,12087.0,26984.0,12708.0,21864.0,1996.0,1472.0,2183.0,590.0,1029.0,1777.0,1509.0,375.0,916.0,7594.0,3231.0,1557.0,18192.0,6065.0,9222.0,4015.0,16560.0,2315.0,3492.0,16833.0,2305.0,1829.0,1622.0,3526.0,1997.0,5386.0,3599.0,5307.0,2051.0,6731.0,233.0,2.0,19.0,46.0,2.0,58.0,29.0,79.0,1596.0,309.0,6268.0,746.0,1254.0,146.0,314.0,2492.0,591.0,1299.0,3727.0,5145.0,2470.0,937.0,477.0,5314.0,4435.0,1174.0,4317.0,571.0,3273.0,94.0
2026-07-15T06:00Z,232.0,365.0,358.0,16610.0,16576.0,3136.0,71.0,13523.0,1734.0,7478.0,15738.0,1717.0,8881.0,5017.0,1747.0,1278.0,1480.0,679.0,3671.0,1013.0,1887.0,2126.0,3260.0,13911.0,5703.0,11383.0,25875.0,11914.0,21011.0,1929.0,1405.0,2082.0,593.0,961.0,1712.0,1423.0,357.0,866.0,7257.0,3004.0,1453.0,17327.0,5722.0,8773.0,3745.0,15502.0,2169.0,3271.0,16154.0,2165.0,1753.0,1506.0,3267.0,1881.0,5016.0,3368.0,5013.0,1966.0,6329.0,217.0,2.0,17.0,45.0,2.0,57.0,27.0,77.0,1480.0,295.0,5825.0,696.0,1228.0,130.0,300.0,2322.0,541.0,1180.0,3541.0,4843.0,2316.0,899.0,441.0,5167.0,4266.0,1107.0,4014.0,504.0,3075.0,88.0
2026-07-15T07:00Z,222.0,339.0,353.0,15287.0,15179.0,2848.0,42.0,13092.0,1690.0,7487.0,14864.0,1676.0,8497.0,4846.0,1736.0,1255.0,1437.0,652.0,3489.0,973.0,1809.0,2060.0,3147.0,13156.0,5359.0,10847.0,24545.0,11316.0,20257.0,1857.0,1360.0,2024.0,598.0,928.0,1658.0,1360.0,340.0,825.0,6985.0,2841.0,1381.0,16788.0,5546.0,8285.0,3553.0,14570.0,2054.0,3086.0,15645.0,2072.0,1680.0,1406.0,3077.0,1806.0,4806.0,3202.0,4815.0,1896.0,5999.0,205.0,3.0,15.0,44.0,2.0,56.0,25.0,76.0,1381.0,279.0,5484.0,658.0,1194.0,118.0,282.0,2170.0,500.0,1104.0,3487.0,4668.0,2198.0,862.0,410.0,5051.0,4121.0,1052.0,3767.0,454.0,2912.0,87.0
2026-07-15T08:00Z,217.0,320.0,348.0,14448.0,13983.0,2873.0,38.0,12807.0,1645.0,7451.0,14209.0,1661.0,8243.0,4728.0,1650.0,1243.0,1422.0,626.0,3376.0,958.0,1766.0,2022.0,3109.0,12580.0,5138.0,10475.0,23567.0,10792.0,19752.0,1820.0,1330.0,1988.0,594.0,905.0,1622.0,1317.0,329.0,791.0,6813.0,2735.0,1336.0,16237.0,5406.0,7979.0,3425.0,13826.0,1970.0,2956.0,15230.0,2010.0,1632.0,1362.0,2934.0,1760.0,4628.0,3097.0,4686.0,1867.0,5783.0,199.0,2.0,15.0,45.0,2.0,56.0,24.0,75.0,1297.0,268.0,5264.0,630.0,1181.0,110.0,272.0,2062.0,476.0,1035.0,3390.0,4504.0,2116.0,826.0,389.0,4960.0,4036.0,1019.0,3591.0,415.0,2772.0,86.0
2026-07-15T09:00Z,214.0,306.0,346.0,13497.0,13213.0,2741.0,41.0,12684.0,1606.0,7471.0,13792.0,1658.0,8119.0,4658.0,1700.0,1269.0,1434.0,630.0,3335.0,963.0,1776.0,2033.0,3145.0,12198.0,4966.0,10381.0,22726.0,10474.0,19489.0,1812.0,1323.0,1989.0,597.0,912.0,1613.0,1303.0,321.0,778.0,6765.0,2687.0,1324.0,16141.0,5391.0,7947.0,3373.0,13263.0,1941.0,2913.0,15197.0,1994.0,1591.0,1335.0,2881.0,1744.0,4566.0,3088.0,4681.0,1854.0,5690.0,195.0,2.0,14.0,46.0,2.0,56.0,24.0,74.0,1226.0,258.0,5127.0,616.0,1179.0,104.0,269.0,1986.0,457.0,1006.0,3321.0,4394.0,2064.0,791.0,376.0,4903.0,3957.0,998.0,3462.0,384.0,2668.0,82.0
2026-07-15T10:00Z,207.0,296.0,343.0,12827.0,12813.0,2651.0,39.0,12761.0,1551.0,7454.0,13800.0,1648.0,8147.0,4620.0,1707.0,1331.0,1479.0,644.0,3427.0,992.0,1839.0,2105.0,3275.0,12132.0,4948.0,10424.0,22400.0,10375.0,19449.0,1845.0,1345.0,2035.0,599.0,936.0,1633.0,1316.0,326.0,789.0,6906.0,2692.0,1344.0,16344.0,5518.0,8005.0,3436.0,13058.0,1990.0,2948.0,15399.0,2048.0,1605.0,1386.0,2902.0,1798.0,4658.0,3220.0,4814.0,1938.0,5730.0,196.0,2.0,14.0,43.0,2.0,56.0,24.0,73.0,1197.0,252.0,5092.0,617.0,1170.0,101.0,266.0,1974.0,448.0,988.0,3282.0,4342.0,2045.0,774.0,373.0,4860.0,3918.0,992.0,3439.0,365.0,2588.0,73.0
2026-07-15T11:00Z,210.0,291.0,343.0,12361.0,12639.0,2608.0,38.0,13090.0,1598.0,7563.0,14112.0,1697.0,8330.0,4671.0,1758.0,1418.0,1570.0,672.0,3640.0,1057.0,1954.0,2211.0,3480.0,12404.0,4999.0,10639.0,22934.0,10548.0,19679.0,1891.0,1376.0,2111.0,609.0,980.0,1677.0,1349.0,341.0,830.0,7307.0,2793.0,1397.0,16796.0,5646.0,8273.0,3564.0,13205.0,2081.0,3038.0,15808.0,2145.0,1660.0,1429.0,3015.0,1895.0,4899.0,3405.0,5102.0,2058.0,5895.0,203.0,2.0,15.0,45.0,2.0,56.0,24.0,74.0,1172.0,256.0,5190.0,637.0,1176.0,102.0,264.0,2018.0,461.0,1013.0,3332.0,4392.0,2058.0,782.0,384.0,4853.0,3969.0,1002.0,3538.0,358.0,2557.0,71.0
2026-07-15T12:00Z,209.0,296.0,344.0,12238.0,12512.0,2409.0,37.0,13071.0,1658.0,7565.0,14549.0,1718.0,8639.0,4729.0,1783.0,1480.0,1690.0,686.0,3945.0,1151.0,2086.0,2359.0,3693.0,12938.0,5097.0,11007.0,24007.0,10898.0,19986.0,1980.0,1418.0,2122.0,600.0,1007.0,1740.0,1420.0,363.0,900.0,7856.0,3035.0,1495.0,17345.0,5974.0,8812.0,3828.0,13729.0,2199.0,3208.0,16358.0,2261.0,1739.0,1427.0,3264.0,2046.0,5351.0,3615.0,5453.0,2212.0,6258.0,226.0,2.0,15.0,45.0,2.0,57.0,25.0,74.0,1196.0,256.0,5384.0,663.0,1187.0,104.0,276.0,2076.0,485.0,1042.0,3369.0,4515.0,2117.0,800.0,400.0,4892.0,4049.0,1027.0,3696.0,361.0,2576.0,70.0
2026-07-15T13:00Z,199.0,319.0,351.0,12439.0,12364.0,2425.0,50.0,13023.0,1642.0,7551.0,15007.0,1758.0,8873.0,4784.0,1785.0,1457.0,1759.0,636.0,4194.0,1203.0,2214.0,2434.0,3819.0,13535.0,5288.0,11612.0,25518.0,11712.0,20135.0,2077.0,1448.0,2092.0,590.0,1020.0,1769.0,1480.0,385.0,950.0,8355.0,3300.0,1583.0,18145.0,6321.0,9488.0,4087.0,14575.0,2349.0,3446.0,17085.0,2406.0,1862.0,1609.0,3503.0,2175.0,5753.0,3816.0,5746.0,2349.0,6584.0,255.0,2.0,15.0,45.0,2.0,58.0,23.0,74.0,1198.0,267.0,5651.0,712.0,1194.0,113.0,295.0,2215.0,528.0,1131.0,3481.0,4662.0,2263.0,830.0,438.0,4955.0,4214.0,1055.0,3926.0,378.0,2634.0,73.0
2026-07-15T14:00Z,204.0,355.0,361.0,13011.0,12667.0,2587.0,67.0,13465.0,1634.0,7556.0,15912.0,1874.0,9040.0,4838.0,1739.0,1367.0,1803.0,566.0,4475.0,1300.0,2329.0,2510.0,3919.0,14095.0,5522.0,12284.0,26577.0,12601.0,20737.0,2106.0,1449.0,2084.0,558.0,1033.0,1792.0,1555.0,411.0,1002.0,8756.0,3561.0,1672.0,19132.0,6742.0,10156.0,4367.0,15602.0,2525.0,3708.0,17946.0,2578.0,1978.0,1714.0,3822.0,2310.0,6117.0,4038.0,6051.0,2465.0,6931.0,281.0,2.0,17.0,43.0,2.0,60.0,4.0,76.0,1240.0,272.0,6024.0,765.0,1224.0,126.0,314.0,2401.0,571.0,1233.0,3589.0,5012.0,2407.0,875.0,480.0,5056.0,4379.0,1099.0,4226.0,404.0,2723.0,75.0
2026-07-15T15:00Z,223.0,391.0,373.0,13982.0,15487.0,3599.0,174.0,14016.0,1753.0,7513.0,16897.0,1943.0,9187.0,4986.0,1772.0,1363.0,1823.0,522.0,4799.0,1393.0,2439.0,2587.0,4023.0,14613.0,5799.0,13065.0,27998.0,13442.0,21707.0,2147.0,1501.0,2098.0,576.0,1034.0,1821.0,1640.0,448.0,1060.0,9124.0,3826.0,1752.0,20377.0,7236.0,10883.0,4710.0,16669.0,2714.0,3992.0,18997.0,2795.0,2104.0,1907.0,4151.0,2456.0,6553.0,4281.0,6369.0,2542.0,7308.0,306.0,2.0,18.0,44.0,2.0,63.0,0.0,78.0,1282.0,281.0,6451.0,823.0,1253.0,142.0,330.0,2611.0,613.0,1352.0,3748.0,5349.0,2549.0,921.0,523.0,5139.0,4497.0,1161.0,4565.0,430.0,2826.0,83.0
2026-07-15T16:00Z,227.0,421.0,379.0,14039.0,18547.0,4311.0,273.0,14480.0,1932.0,7496.0,18182.0,2038.0,9203.0,5216.0,1791.0,1398.0,1830.0,509.0,4970.0,1386.0,2555.0,2684.0,4110.0,15276.0,6173.0,13923.0,29346.0,14239.0,22951.0,2191.0,1556.0,2125.0,605.0,1040.0,1783.0,1715.0,474.0,1110.0,9457.0,4131.0,1862.0,21551.0,7718.0,11521.0,5066.0,17699.0,2900.0,4246.0,20127.0,3024.0,2246.0,2064.0,4470.0,2598.0,6972.0,4543.0,6685.0,2631.0,7715.0,326.0,3.0,20.0,44.0,2.0,65.0,,80.0,1339.0,297.0,6980.0,882.0,1296.0,161.0,344.0,2831.0,660.0,1475.0,3942.0,5615.0,2691.0,972.0,570.0,5264.0,4630.0,1232.0,4914.0,454.0,2948.0,94.0
2026-07-15T17:00Z,223.0,448.0,386.0,14206.0,19650.0,3798.0,280.0,14441.0,2138.0,7723.0,19458.0,2152.0,9268.0,5415.0,1816.0,1425.0,1853.0,525.0,5166.0,1468.0,2618.0,2634.0,4020.0,15892.0,6517.0,14533.0,30787.0,14838.0,24221.0,2216.0,1554.0,2166.0,590.0,1072.0,1756.0,1800.0,498.0,1162.0,9718.0,4383.0,1986.0,22504.0,8135.0,12095.0,5399.0,18608.0,3048.0,4442.0,21214.0,3257.0,2371.0,2246.0,4849.0,2726.0,7370.0,4800.0,6959.0,2708.0,8189.0,349.0,2.0,21.0,44.0,3.0,67.0,,81.0,1409.0,310.0,7450.0,932.0,1332.0,174.0,366.0,2983.0,694.0,1591.0,4002.0,5845.0,2794.0,1011.0,602.0,5383.0,4718.0,1283.0,5214.0,486.0,3078.0,96.0
2026-07-15T18:00Z,226.0,471.0,391.0,13873.0,19512.0,3552.0,249.0,14229.0,2266.0,7850.0,20627.0,2242.0,9298.0,5576.0,1865.0,1481.0,1889.0,537.0,5326.0,1480.0,2649.0,2621.0,3968.0,16317.0,6824.0,15122.0,32070.0,15272.0,25257.0,2255.0,1561.0,2254.0,534.0,1090.0,1693.0,1918.0,523.0,1208.0,9994.0,4634.0,2126.0,23292.0,8506.0,12468.0,5671.0,19296.0,3184.0,4589.0,22132.0,3456.0,2472.0,2301.0,5166.0,2838.0,7755.0,5020.0,7195.0,2792.0,8659.0,370.0,2.0,25.0,46.0,3.0,68.0,,84.0,1502.0,326.0,7699.0,973.0,1334.0,187.0,379.0,3126.0,720.0,1666.0,3769.0,5977.0,2871.0,1048.0,620.0,5502.0,4818.0,1335.0,5437.0,530.0,3214.0,100.0
2026-07-15T19:00Z,231.0,491.0,393.0,14013.0,19927.0,3272.0,200.0,14577.0,2266.0,7853.0,21606.0,2256.0,9305.0,5740.0,1873.0,1495.0,1910.0,524.0,5367.0,1487.0,2605.0,2570.0,3950.0,16763.0,7083.0,15520.0,32806.0,15668.0,26635.0,2257.0,1486.0,2287.0,544.0,1075.0,1710.0,2043.0,551.0,1259.0,10068.0,4814.0,2288.0,23748.0,8608.0,12736.0,5925.0,19878.0,3276.0,4690.0,22897.0,3607.0,2547.0,2357.0,5402.0,2917.0,8029.0,5243.0,7345.0,2797.0,8947.0,387.0,2.0,27.0,43.0,3.0,70.0,0.0,83.0,1577.0,338.0,7900.0,988.0,1355.0,199.0,394.0,3252.0,737.0,1746.0,3736.0,6035.0,2953.0,1072.0,622.0,5626.0,4898.0,1371.0,5655.0,570.0,3344.0,100.0
2026-07-15T20:00Z,234.0,506.0,401.0,14303.0,20848.0,2986.0,194.0,15020.0,2066.0,7915.0,21406.0,2211.0,9301.0,5825.0,1910.0,1520.0,1898.0,527.0,5244.0,1466.0,2621.0,2550.0,3938.0,16875.0,7241.0,15815.0,33102.0,15861.0,27313.0,2279.0,1467.0,2255.0,527.0,1093.0,1823.0,2120.0,563.0,1299.0,10223.0,4951.0,2456.0,24100.0,8758.0,12874.0,6153.0,20286.0,3298.0,4790.0,23443.0,3734.0,2635.0,2363.0,5710.0,2963.0,8181.0,5412.0,7344.0,2797.0,9301.0,391.0,2.0,28.0,44.0,3.0,72.0,12.0,85.0,1647.0,353.0,8094.0,981.0,1388.0,212.0,397.0,3345.0,755.0,1795.0,3639.0,6116.0,3015.0,1090.0,577.0,5728.0,4957.0,1395.0,5806.0,614.0,3473.0,101.0
2026-07-15T21:00Z,237.0,518.0,407.0,14919.0,21275.0,2902.0,180.0,15475.0,2034.0,7963.0,19894.0,2308.0,9297.0,6044.0,1944.0,1529.0,1884.0,545.0,5092.0,1437.0,2601.0,2593.0,3936.0,16719.0,7291.0,15811.0,32749.0,15918.0,27634.0,2260.0,1459.0,2205.0,510.0,1075.0,1818.0,2047.0,524.0,1268.0,10305.0,4966.0,2612.0,24046.0,8863.0,12887.0,6318.0,20563.0,3299.0,4847.0,23717.0,3824.0,2681.0,2332.0,5889.0,2947.0,8171.0,5533.0,7346.0,2764.0,9470.0,367.0,2.0,29.0,46.0,3.0,73.0,7.0,87.0,1753.0,358.0,8153.0,971.0,1388.0,220.0,409.0,3410.0,774.0,1849.0,3625.0,6287.0,3062.0,1109.0,543.0,5819.0,4991.0,1423.0,5876.0,648.0,3603.0,103.0
2026-07-15T22:00Z,250.0,527.0,410.0,15516.0,21770.0,2955.0,202.0,16137.0,2025.0,8043.0,19166.0,2344.0,9416.0,6123.0,1943.0,1600.0,1843.0,601.0,4909.0,1389.0,2570.0,2537.0,3818.0,15968.0,7236.0,15787.0,32253.0,15806.0,27903.0,2251.0,1462.0,2189.0,528.0,1043.0,1798.0,1945.0,478.0,1212.0,9706.0,4723.0,2689.0,24060.0,8933.0,12854.0,6359.0,20630.0,3324.0,4892.0,23857.0,3868.0,2694.0,2379.0,5836.0,2971.0,8253.0,5677.0,7253.0,2747.0,9171.0,344.0,2.0,30.0,45.0,3.0,71.0,,88.0,1847.0,363.0,8067.0,945.0,1388.0,224.0,404.0,3440.0,781.0,1845.0,3708.0,6281.0,3098.0,1116.0,531.0,5859.0,4992.0,1439.0,5921.0,689.0,3702.0,104.0
2026-07-15T23:00Z,252.0,527.0,414.0,15912.0,22331.0,3161.0,199.0,16562.0,2041.0,8038.0,19290.0,2279.0,9643.0,6136.0,1957.0,1698.0,1827.0,681.0,4735.0,1326.0,2491.0,2455.0,3648.0,16133.0,7362.0,15764.0,31841.0,15760.0,28160.0,2217.0,1456.0,2173.0,588.0,1069.0,1782.0,1880.0,481.0,1168.0,9207.0,4379.0,2703.0,23862.0,8855.0,12725.0,6387.0,20602.0,3297.0,4859.0,23600.0,3893.0,2670.0,2492.0,5492.0,2910.0,8075.0,5681.0,7010.0,2706.0,8858.0,320.0,2.0,29.0,46.0,3.0,66.0,19.0,83.0,1820.0,358.0,7849.0,928.0,1366.0,227.0,399.0,3468.0,785.0,1847.0,3684.0,6094.0,3109.0,1111.0,544.0,5868.0,5014.0,1459.0,5879.0,728.0,3765.0,105.0
2026-07-16T00:00Z,252.0,520.0,414.0,16418.0,22362.0,3254.0,167.0,16564.0,2060.0,7915.0,19443.0,2206.0,9920.0,6066.0,1910.0,1698.0,1775.0,734.0,4570.0,1275.0,2412.0,2395.0,3537.0,16162.0,7465.0,15648.0,30876.0,15633.0,27559.0,2200.0,1439.0,2187.0,607.0,1094.0,1784.0,1824.0,483.0,1128.0,8972.0,4194.0,2651.0,23863.0,8741.0,12659.0,6349.0,20437.0,3263.0,4769.0,23147.0,3838.0,2635.0,2439.0,5079.0,2848.0,7757.0,5553.0,6907.0,2647.0,8597.0,300.0,2.0,26.0,48.0,3.0,64.0,28.0,79.0,1784.0,358.0,7555.0,900.0,1345.0,229.0,394.0,3409.0,774.0,1855.0,3619.0,5943.0,3066.0,1111.0,528.0,5868.0,4974.0,1442.0,5750.0,748.0,3759.0,104.0
2026-07-16T01:00Z,237.0,507.0,414.0,17292.0,21753.0,3657.0,164.0,16356.0,2072.0,7733.0,19138.0,2128.0,10081.0,5827.0,1819.0,1647.0,1712.0,741.0,4469.0,1267.0,2368.0,2387.0,3482.0,16036.0,7425.0,15395.0,29866.0,15305.0,26755.0,2169.0,1427.0,2172.0,605.0,1110.0,1740.0,1732.0,468.0,1080.0,8756.0,3968.0,2556.0,23335.0,8410.0,12425.0,6147.0,20117.0,3151.0,4638.0,22401.0,3709.0,2546.0,2313.0,4817.0,2736.0,7380.0,5360.0,6692.0,2585.0,8331.0,282.0,3.0,24.0,45.0,2.0,58.0,28.0,80.0,1642.0,350.0,7237.0,857.0,1320.0,221.0,385.0,3291.0,750.0,1794.0,3703.0,5818.0,2991.0,1090.0,507.0,5777.0,4920.0,1397.0,5561.0,746.0,3722.0,103.0
2026-07-16T02:00Z,240.0,486.0,409.0,18133.0,21399.0,3746.0,154.0,16221.0,1981.0,7751.0,18634.0,2031.0,10040.0,5702.0,1720.0,1556.0,1622.0,729.0,4239.0,1185.0,2237.0,2278.0,3355.0,16471.0,7316.0,14951.0,28783.0,14824.0,26028.0,2107.0,1392.0,2087.0,609.0,1073.0,1672.0,1640.0,438.0,1017.0,8417.0,3719.0,2411.0,22801.0,8139.0,12189.0,5887.0,19585.0,3029.0,4457.0,21441.0,3535.0,2465.0,2168.0,4451.0,2620.0,7030.0,5133.0,6465.0,2501.0,7924.0,263.0,2.0,20.0,47.0,2.0,57.0,26.0,78.0,1554.0,340.0,6974.0,820.0,1289.0,207.0,376.0,3140.0,715.0,1682.0,3692.0,5572.0,2878.0,1044.0,491.0,5649.0,4839.0,1335.0,5318.0,723.0,3635.0,102.0
2026-07-16T03:00Z,242.0,457.0,401.0,18455.0,20554.0,3696.0,120.0,16083.0,1924.0,7763.0,18367.0,1997.0,9994.0,5635.0,1823.0,1408.0,1475.0,681.0,3896.0,1089.0,2050.0,2109.0,3123.0,16348.0,7169.0,14348.0,27397.0,14492.0,25289.0,2015.0,1307.0,1954.0,588.0,1016.0,1572.0,1509.0,392.0,947.0,8028.0,3432.0,2201.0,21591.0,7639.0,11543.0,5468.0,18811.0,2842.0,4222.0,20167.0,3260.0,2322.0,2026.0,4084.0,2403.0,6552.0,4801.0,6028.0,2339.0,7367.0,241.0,2.0,18.0,47.0,2.0,57.0,27.0,76.0,1477.0,330.0,6772.0,789.0,1268.0,192.0,371.0,2986.0,685.0,1616.0,3674.0,5391.0,2750.0,1010.0,479.0,5526.0,4775.0,1296.0,5093.0,677.0,3502.0,99.0
2026-07-16T04:00Z,235.0,434.0,392.0,17911.0,19680.0,3583.0,98.0,15447.0,1924.0,7680.0,17319.0,1866.0,9656.0,5387.0,1857.0,1282.0,1335.0,616.0,3559.0,1006.0,1867.0,1942.0,2884.0,15641.0,6700.0,13421.0,25735.0,13678.0,23969.0,1898.0,1216.0,1824.0,574.0,874.0,1474.0,1385.0,358.0,874.0,7618.0,3129.0,1983.0,20255.0,7102.0,10825.0,5050.0,17579.0,2620.0,3907.0,18967.0,2975.0,2185.0,1880.0,3638.0,2210.0,6069.0,4446.0,5611.0,2202.0,6800.0,221.0,2.0,17.0,47.0,2.0,57.0,26.0,77.0,1497.0,314.0,6333.0,735.0,1227.0,168.0,349.0,2784.0,645.0,1477.0,3880.0,5121.0,2596.0,977.0,451.0,5404.0,4630.0,1221.0,4759.0,641.0,3405.0,99.0
2026-07-16T05:00Z,236.0,398.0,378.0,17198.0,18969.0,3452.0,94.0,14693.0,1816.0,7593.0,16260.0,1789.0,9088.0,5129.0,1765.0,1200.0,1234.0,586.0,3274.0,937.0,1716.0,1807.0,2694.0,14496.0,6227.0,12515.0,24628.0,12777.0,22725.0,1804.0,1137.0,1753.0,558.0,853.0,1385.0,1300.0,332.0,832.0,7219.0,2888.0,1808.0,19067.0,6581.0,10157.0,4673.0,16318.0,2440.0,3631.0,18042.0,2736.0,2048.0,1780.0,3326.0,2072.0,5639.0,4149.0,5280.0,2061.0,6317.0,204.0,2.0,17.0,44.0,2.0,56.0,30.0,75.0,1414.0,298.0,5847.0,673.0,1196.0,151.0,330.0,2568.0,591.0,1356.0,3850.0,4820.0,2412.0,914.0,416.0,5225.0,4412.0,1142.0,4388.0,578.0,3205.0,95.0
2026-07-16T06:00Z,223.0,364.0,367.0,15869.0,17660.0,3311.0,80.0,14060.0,1717.0,7653.0,15338.0,1716.0,8616.0,4989.0,1728.0,1142.0,1165.0,553.0,3080.0,874.0,1617.0,1716.0,2529.0,13484.0,5826.0,11820.0,23647.0,12054.0,21726.0,1723.0,1081.0,1757.0,551.0,745.0,1326.0,1222.0,312.0,783.0,6887.0,2703.0,1667.0,18270.0,6263.0,9611.0,4380.0,15305.0,2289.0,3412.0,17279.0,2560.0,1958.0,1592.0,3046.0,1957.0,5318.0,3921.0,5020.0,1969.0,5957.0,191.0,2.0,15.0,45.0,2.0,55.0,27.0,74.0,1333.0,279.0,5438.0,623.0,1171.0,143.0,311.0,2373.0,543.0,1246.0,3686.0,4531.0,2264.0,862.0,386.0,5088.0,4236.0,1076.0,4067.0,521.0,2993.0,90.0
2026-07-16T07:00Z,209.0,337.0,360.0,14600.0,16202.0,3055.0,41.0,13596.0,1651.0,7622.0,14654.0,1655.0,8316.0,4842.0,1714.0,1114.0,1120.0,531.0,2956.0,854.0,1525.0,1642.0,2430.0,12752.0,5473.0,11308.0,22713.0,11462.0,20976.0,1678.0,1052.0,1669.0,546.0,763.0,1311.0,1157.0,296.0,745.0,6634.0,2564.0,1554.0,17625.0,6066.0,9156.0,4149.0,14424.0,2172.0,3251.0,16700.0,2424.0,1870.0,1366.0,2874.0,1870.0,5087.0,3754.0,4808.0,1895.0,5683.0,181.0,2.0,14.0,45.0,2.0,55.0,25.0,73.0,1252.0,271.0,5152.0,588.0,1152.0,133.0,296.0,2233.0,509.0,1161.0,3602.0,4335.0,2158.0,823.0,365.0,4986.0,4125.0,1031.0,3847.0,469.0,2831.0,86.0
2026-07-16T08:00Z,202.0,321.0,354.0,13792.0,14839.0,3038.0,37.0,13227.0,1604.0,7603.0,14198.0,1671.0,8097.0,4707.0,1749.0,1096.0,1105.0,520.0,2867.0,836.0,1483.0,1602.0,2379.0,12222.0,5247.0,10960.0,21788.0,11079.0,20352.0,1650.0,1027.0,1643.0,544.0,746.0,1287.0,1119.0,283.0,716.0,6467.0,2469.0,1473.0,17094.0,5869.0,8808.0,3992.0,13689.0,2091.0,3123.0,16381.0,2317.0,1798.0,1348.0,2728.0,1821.0,4923.0,3651.0,4701.0,1888.0,5489.0,175.0,2.0,13.0,45.0,2.0,54.0,25.0,72.0,1185.0,262.0,4966.0,569.0,1141.0,123.0,284.0,2129.0,484.0,1092.0,3518.0,4155.0,2095.0,794.0,352.0,4912.0,4064.0,998.0,3660.0,432.0,2709.0,84.0
2026-07-16T09:00Z,200.0,306.0,351.0,12821.0,13882.0,2779.0,35.0,13023.0,1574.0,7595.0,13823.0,1690.0,8061.0,4565.0,1752.0,1115.0,1117.0,535.0,2854.0,844.0,1475.0,1611.0,2382.0,11876.0,5091.0,10711.0,21233.0,10827.0,19870.0,1650.0,1026.0,1652.0,549.0,747.0,1290.0,1103.0,279.0,708.0,6404.0,2431.0,1433.0,16876.0,5767.0,8671.0,3917.0,13220.0,2068.0,3077.0,16289.0,2268.0,1771.0,1444.0,2655.0,1806.0,4846.0,3643.0,4689.0,1889.0,5410.0,173.0,2.0,13.0,46.0,2.0,54.0,24.0,71.0,1139.0,250.0,4862.0,560.0,1132.0,117.0,279.0,2055.0,466.0,1058.0,3450.0,4052.0,2052.0,783.0,345.0,4853.0,4012.0,974.0,3544.0,401.0,2620.0,83.0
2026-07-16T10:00Z,204.0,295.0,348.0,12175.0,13199.0,2780.0,34.0,13061.0,1575.0,7661.0,13800.0,1727.0,8120.0,4409.0,1740.0,1161.0,1167.0,555.0,2948.0,852.0,1521.0,1671.0,2472.0,11715.0,5049.0,10790.0,21376.0,10783.0,19815.0,1687.0,1057.0,1704.0,550.0,773.0,1324.0,1116.0,286.0,722.0,6535.0,2473.0,1431.0,17228.0,5910.0,8747.0,3962.0,13049.0,2108.0,3105.0,16464.0,2286.0,1771.0,1389.0,2658.0,1853.0,4887.0,3764.0,4834.0,1967.0,5475.0,176.0,3.0,12.0,45.0,2.0,54.0,24.0,71.0,1109.0,254.0,4835.0,563.0,1131.0,116.0,278.0,2040.0,458.0,1049.0,3418.0,4014.0,2038.0,773.0,347.0,4821.0,3967.0,971.0,3524.0,380.0,2555.0,82.0
2026-07-16T11:00Z,206.0,293.0,349.0,11753.0,12775.0,2609.0,34.0,13339.0,1580.0,7534.0,14139.0,1770.0,8327.0,4413.0,1744.0,1225.0,1267.0,563.0,3117.0,863.0,1623.0,1771.0,2669.0,11948.0,5105.0,11088.0,21209.0,10913.0,20037.0,1742.0,1101.0,1758.0,580.0,792.0,1349.0,1151.0,298.0,763.0,6887.0,2570.0,1443.0,17547.0,6081.0,8918.0,4064.0,13194.0,2195.0,3189.0,16838.0,2342.0,1791.0,1351.0,2749.0,1955.0,5035.0,3940.0,5113.0,2059.0,5603.0,185.0,2.0,13.0,45.0,2.0,55.0,24.0,71.0,1104.0,250.0,4959.0,589.0,1136.0,108.0,274.0,2074.0,469.0,1061.0,3441.0,4086.0,2061.0,790.0,363.0,4831.0,3992.0,989.0,3610.0,370.0,2539.0,81.0
2026-07-16T12:00Z,210.0,297.0,352.0,11641.0,12499.0,2449.0,32.0,13673.0,1653.0,7585.0,14634.0,1832.0,8689.0,4557.0,1759.0,1227.0,1370.0,545.0,3296.0,948.0,1735.0,1878.0,2896.0,12460.0,5234.0,11397.0,21895.0,11285.0,20398.0,1817.0,1139.0,1780.0,584.0,751.0,1340.0,1208.0,305.0,801.0,7258.0,2716.0,1489.0,18261.0,6340.0,9239.0,4262.0,13667.0,2332.0,3380.0,17410.0,2439.0,1883.0,1462.0,2863.0,2057.0,5238.0,4109.0,5393.0,2176.0,5821.0,197.0,2.0,14.0,44.0,2.0,55.0,25.0,73.0,1141.0,260.0,5171.0,625.0,1143.0,95.0,286.0,2133.0,494.0,1083.0,3482.0,4221.0,2119.0,816.0,381.0,4882.0,4091.0,1009.0,3784.0,372.0,2656.0,81.0
2026-07-16T13:00Z,200.0,322.0,357.0,11861.0,12583.0,2436.0,33.0,13952.0,1673.0,7575.0,15072.0,1853.0,8837.0,4505.0,1767.0,1179.0,1435.0,505.0,3391.0,1014.0,1820.0,1921.0,3063.0,13049.0,5448.0,11993.0,22884.0,12143.0,20949.0,1866.0,1146.0,1756.0,574.0,691.0,1291.0,1263.0,326.0,826.0,7517.0,2845.0,1551.0,19151.0,6679.0,9683.0,4478.0,14314.0,2508.0,3659.0,18087.0,2539.0,1983.0,1549.0,2990.0,2147.0,5462.0,4280.0,5606.0,2278.0,5963.0,209.0,2.0,13.0,45.0,2.0,57.0,23.0,74.0,1145.0,267.0,5413.0,666.0,1163.0,107.0,302.0,2264.0,538.0,1161.0,3591.0,4393.0,2263.0,841.0,408.0,4879.0,4246.0,1036.0,4017.0,386.0,2763.0,83.0
2026-07-16T14:00Z,215.0,359.0,365.0,12246.0,13330.0,2579.0,59.0,14694.0,1745.0,7592.0,15651.0,1901.0,8975.0,4673.0,1744.0,1188.0,1493.0,448.0,3474.0,1077.0,1890.0,1937.0,3194.0,13523.0,5693.0,12764.0,23508.0,12945.0,21818.0,1882.0,1143.0,1703.0,548.0,644.0,1254.0,1300.0,332.0,839.0,7719.0,2935.0,1597.0,20103.0,7058.0,9989.0,4722.0,15010.0,2710.0,3935.0,18897.0,2689.0,2123.0,1702.0,3131.0,2266.0,5734.0,4478.0,5826.0,2358.0,6063.0,217.0,2.0,15.0,44.0,2.0,59.0,5.0,75.0,1191.0,273.0,5746.0,706.0,1194.0,121.0,323.0,2440.0,587.0,1256.0,3783.0,4700.0,2437.0,875.0,437.0,4968.0,4451.0,1091.0,4283.0,409.0,2847.0,86.0
2026-07-16T15:00Z,230.0,393.0,373.0,12460.0,15604.0,2994.0,98.0,15763.0,1806.0,7611.0,16434.0,1946.0,9207.0,4937.0,1763.0,1297.0,1558.0,393.0,3617.0,1155.0,1986.0,1972.0,3315.0,13950.0,5998.0,13565.0,23802.0,13725.0,23045.0,1882.0,1140.0,1658.0,537.0,610.0,1254.0,1317.0,348.0,843.0,7928.0,3024.0,1644.0,21349.0,7492.0,10380.0,5013.0,15825.0,2913.0,4248.0,19956.0,2898.0,2235.0,1849.0,3294.0,2398.0,6102.0,4661.0,6083.0,2441.0,6217.0,224.0,2.0,18.0,45.0,2.0,62.0,,77.0,1218.0,284.0,6244.0,756.0,1202.0,138.0,339.0,2655.0,634.0,1374.0,3928.0,5009.0,2603.0,922.0,476.0,5079.0,4587.0,1137.0,4587.0,435.0,2841.0,89.0
2026-07-16T16:00Z,238.0,423.0,384.0,12349.0,17471.0,3306.0,191.0,16960.0,2065.0,7610.0,17581.0,1962.0,9523.0,5342.0,1777.0,1311.0,1620.0,355.0,3730.0,1192.0,2081.0,2029.0,3428.0,14557.0,6388.0,14389.0,24616.0,14599.0,24470.0,1916.0,1169.0,1565.0,519.0,618.0,1290.0,1347.0,361.0,869.0,8101.0,3078.0,1710.0,22447.0,7929.0,10816.0,5308.0,16769.0,3083.0,4502.0,21235.0,3088.0,2363.0,2013.0,3506.0,2530.0,6500.0,4868.0,6313.0,2508.0,6447.0,236.0,2.0,19.0,46.0,2.0,65.0,,78.0,1244.0,288.0,6778.0,813.0,1244.0,155.0,356.0,2872.0,678.0,1508.0,4031.0,5333.0,2756.0,975.0,514.0,5210.0,4651.0,1193.0,4923.0,463.0,2961.0,95.0
2026-07-16T17:00Z,238.0,446.0,391.0,12197.0,18743.0,3199.0,215.0,18147.0,2210.0,7721.0,18841.0,2012.0,9949.0,5646.0,1767.0,1304.0,1687.0,436.0,3837.0,1241.0,2201.0,2107.0,3548.0,15233.0,6737.0,15003.0,25820.0,15053.0,25999.0,1943.0,1222.0,1583.0,587.0,673.0,1332.0,1346.0,369.0,880.0,8240.0,3283.0,1818.0,23411.0,8230.0,11233.0,5618.0,17681.0,3211.0,4720.0,22312.0,3278.0,2473.0,2183.0,3728.0,2653.0,6876.0,5095.0,6517.0,2547.0,6728.0,240.0,2.0,22.0,44.0,2.0,67.0,,79.0,1307.0,299.0,7261.0,871.0,1289.0,171.0,364.0,3007.0,711.0,1586.0,3778.0,5595.0,2864.0,1020.0,547.0,5305.0,4832.0,1232.0,5263.0,497.0,3097.0,99.0
2026-07-16T18:00Z,244.0,469.0,396.0,12678.0,18722.0,3253.0,222.0,19170.0,2272.0,7766.0,20114.0,2064.0,10416.0,5851.0,1809.0,1324.0,1755.0,515.0,3932.0,1289.0,2344.0,2203.0,3683.0,15943.0,6953.0,15466.0,26954.0,15285.0,27499.0,1998.0,1298.0,1638.0,536.0,724.0,1417.0,1344.0,368.0,897.0,8359.0,3361.0,1945.0,24057.0,8597.0,11604.0,5907.0,18501.0,3316.0,4865.0,23208.0,3475.0,2529.0,2318.0,3994.0,2758.0,7198.0,5285.0,6668.0,2610.0,7058.0,251.0,2.0,23.0,46.0,3.0,68.0,0.0,78.0,1371.0,312.0,7807.0,916.0,1326.0,179.0,382.0,3091.0,739.0,1698.0,3714.0,5805.0,2953.0,1065.0,558.0,5426.0,4896.0,1273.0,5540.0,538.0,3222.0,103.0
2026-07-16T19:00Z,249.0,489.0,401.0,12502.0,18695.0,2604.0,197.0,20037.0,2439.0,7660.0,21182.0,2111.0,10999.0,6052.0,1907.0,1324.0,1806.0,499.0,4044.0,1299.0,2441.0,2298.0,3845.0,16493.0,7145.0,15885.0,27749.0,15432.0,28729.0,2036.0,1351.0,1719.0,534.0,758.0,1516.0,1405.0,374.0,922.0,8587.0,3523.0,2095.0,24392.0,8758.0,11717.0,6133.0,19086.0,3361.0,4927.0,23893.0,3669.0,2571.0,2392.0,4222.0,2812.0,7404.0,5444.0,6800.0,2607.0,7416.0,270.0,2.0,25.0,43.0,3.0,69.0,8.0,78.0,1477.0,327.0,8243.0,949.0,1343.0,188.0,391.0,3081.0,757.0,1716.0,3767.0,5935.0,3024.0,1100.0,563.0,5528.0,4978.0,1303.0,5748.0,586.0,3336.0,105.0
2026-07-16T20:00Z,253.0,504.0,407.0,12927.0,19225.0,2683.0,195.0,20664.0,2511.0,7612.0,21874.0,2173.0,11403.0,6249.0,1940.0,1263.0,1834.0,515.0,4226.0,1350.0,2556.0,2423.0,3971.0,16732.0,7191.0,16038.0,28305.0,15409.0,29599.0,2080.0,1415.0,1801.0,546.0,799.0,1589.0,1502.0,396.0,978.0,8846.0,3656.0,2285.0,24338.0,8835.0,11535.0,6255.0,19370.0,3355.0,4926.0,24439.0,3784.0,2578.0,2516.0,4534.0,2832.0,7613.0,5570.0,6875.0,2589.0,7779.0,285.0,3.0,26.0,45.0,3.0,71.0,6.0,80.0,1589.0,341.0,8491.0,984.0,1363.0,173.0,383.0,2985.0,758.0,1678.0,3745.0,5907.0,3074.0,1112.0,593.0,5613.0,5029.0,1319.0,5862.0,628.0,3459.0,107.0
2026-07-16T21:00Z,252.0,513.0,409.0,13025.0,20031.0,2553.0,192.0,20931.0,2502.0,7515.0,21979.0,2167.0,11446.0,6330.0,2031.0,1204.0,1837.0,517.0,4491.0,1405.0,2663.0,2536.0,4066.0,16931.0,7274.0,16100.0,28541.0,15240.0,30200.0,2138.0,1462.0,1917.0,529.0,856.0,1673.0,1626.0,408.0,1021.0,9061.0,3866.0,2424.0,24361.0,8789.0,11331.0,6371.0,19415.0,3359.0,4942.0,24727.0,3856.0,2582.0,2583.0,4821.0,2838.0,7694.0,5702.0,6826.0,2568.0,7990.0,294.0,2.0,27.0,47.0,3.0,72.0,22.0,82.0,1659.0,348.0,8661.0,1002.0,1365.0,161.0,367.0,2925.0,752.0,1630.0,3670.0,5935.0,3114.0,1117.0,608.0,5641.0,5042.0,1344.0,5876.0,653.0,3589.0,109.0
2026-07-16T22:00Z,243.0,520.0,413.0,12929.0,19927.0,2949.0,179.0,20883.0,2397.0,7303.0,21728.0,2174.0,11147.0,6377.0,2063.0,1270.0,1772.0,563.0,4698.0,1436.0,2751.0,2591.0,4075.0,16832.0,7368.0,16090.0,28574.0,15156.0,30509.0,2186.0,1510.0,2026.0,533.0,904.0,1826.0,1681.0,434.0,1039.0,9088.0,3971.0,2533.0,24367.0,8853.0,11127.0,6421.0,19140.0,3377.0,4963.0,24901.0,3916.0,2552.0,2634.0,4928.0,2834.0,7799.0,5834.0,6838.0,2552.0,8145.0,292.0,2.0,28.0,47.0,3.0,71.0,21.0,82.0,1720.0,353.0,8677.0,1016.0,1367.0,157.0,355.0,2865.0,753.0,1572.0,3680.0,6051.0,3134.0,1126.0,603.0,5692.0,5030.0,1367.0,5863.0,693.0,3711.0,111.0
2026-07-16T23:00Z,237.0,514.0,416.0,13398.0,21655.0,3986.0,200.0,20450.0,2177.0,7272.0,21822.0,2184.0,10826.0,6394.0,2070.0,1365.0,1701.0,619.0,4753.0,1408.0,2730.0,2558.0,3798.0,16935.0,7454.0,15935.0,28094.0,14997.0,30426.0,2199.0,1535.0,2148.0,561.0,997.0,1883.0,1723.0,445.0,1038.0,8788.0,3951.0,2565.0,24344.0,8701.0,10943.0,6404.0,18696.0,3349.0,4943.0,24745.0,3926.0,2500.0,2591.0,4827.0,2772.0,7653.0,5819.0,6744.0,2511.0,8122.0,284.0,2.0,29.0,46.0,3.0,70.0,13.0,84.0,1802.0,358.0,8411.0,1020.0,1348.0,165.0,348.0,2789.0,759.0,1492.0,3657.0,6004.0,3100.0,1118.0,601.0,5692.0,5019.0,1362.0,5767.0,716.0,3786.0,109.0
2026-07-17T00:00Z,233.0,498.0,416.0,14052.0,21194.0,3528.0,208.0,19584.0,2120.0,7330.0,21433.0,2127.0,10683.0,6326.0,2069.0,1414.0,1651.0,676.0,4644.0,1358.0,2587.0,2461.0,3576.0,16903.0,7464.0,15663.0,27262.0,14789.0,29840.0,2200.0,1549.0,2229.0,575.0,1089.0,1886.0,1701.0,440.0,1011.0,8464.0,3876.0,2521.0,24258.0,8506.0,10807.0,6302.0,18199.0,3291.0,4888.0,24427.0,3858.0,2430.0,2565.0,4644.0,2670.0,7273.0,5709.0,6597.0,2460.0,7998.0,269.0,2.0,27.0,45.0,3.0,67.0,14.0,83.0,1777.0,360.0,8104.0,1012.0,1322.0,160.0,342.0,2721.0,742.0,1447.0,3681.0,5768.0,2955.0,1100.0,596.0,5648.0,5008.0,1350.0,5648.0,720.0,3754.0,108.0
2026-07-17T01:00Z,225.0,477.0,416.0,15111.0,21277.0,3539.0,197.0,18806.0,2079.0,7364.0,20271.0,2063.0,10536.0,6191.0,2016.0,1401.0,1601.0,688.0,4508.0,1308.0,2472.0,2417.0,3507.0,16804.0,7413.0,15267.0,26209.0,14470.0,28837.0,2148.0,1509.0,2208.0,604.0,1112.0,1805.0,1653.0,423.0,974.0,8212.0,3723.0,2412.0,23605.0,8201.0,10435.0,6068.0,17704.0,3207.0,4792.0,23702.0,3700.0,2318.0,2477.0,4367.0,2557.0,6916.0,5522.0,6334.0,2379.0,7717.0,253.0,2.0,21.0,46.0,2.0,62.0,20.0,82.0,1767.0,354.0,7741.0,979.0,1315.0,156.0,339.0,2686.0,697.0,1404.0,3662.0,5666.0,2808.0,1091.0,583.0,5606.0,4956.0,1313.0,5504.0,714.0,3703.0,107.0
2026-07-17T02:00Z,229.0,455.0,412.0,16124.0,20172.0,3570.0,181.0,18314.0,2115.0,7506.0,19380.0,2011.0,10432.0,6020.0,2009.0,1352.0,1523.0,674.0,4270.0,1239.0,2327.0,2317.0,3365.0,16586.0,7282.0,14837.0,25260.0,14075.0,27864.0,2076.0,1447.0,2139.0,584.0,1060.0,1714.0,1571.0,390.0,930.0,7985.0,3524.0,2266.0,22772.0,7897.0,10046.0,5761.0,17219.0,3098.0,4650.0,22789.0,3509.0,2191.0,2368.0,4044.0,2418.0,6577.0,5313.0,6063.0,2270.0,7372.0,236.0,2.0,20.0,45.0,2.0,59.0,23.0,80.0,1740.0,342.0,7311.0,927.0,1296.0,152.0,338.0,2643.0,656.0,1381.0,3653.0,5475.0,2727.0,1047.0,557.0,5488.0,4870.0,1270.0,5243.0,697.0,3602.0,103.0
2026-07-17T03:00Z,235.0,435.0,404.0,16383.0,19227.0,3513.0,101.0,17852.0,2088.0,7529.0,18768.0,1992.0,10327.0,5870.0,1996.0,1256.0,1392.0,629.0,3879.0,1163.0,2099.0,2134.0,3130.0,16317.0,7067.0,14142.0,23992.0,13765.0,26929.0,1959.0,1339.0,2002.0,575.0,956.0,1593.0,1433.0,355.0,868.0,7628.0,3258.0,2065.0,21630.0,7326.0,9486.0,5331.0,16536.0,2913.0,4426.0,21569.0,3207.0,1993.0,2191.0,3645.0,2217.0,6102.0,4989.0,5588.0,2125.0,6852.0,216.0,2.0,19.0,48.0,2.0,59.0,27.0,80.0,1722.0,337.0,6981.0,880.0,1249.0,150.0,338.0,2582.0,635.0,1356.0,3658.0,5302.0,2648.0,1004.0,533.0,5390.0,4787.0,1245.0,5023.0,662.0,3503.0,102.0
2026-07-17T04:00Z,235.0,413.0,394.0,16112.0,18539.0,3460.0,83.0,17091.0,1985.0,7403.0,17752.0,1915.0,9957.0,5503.0,1936.0,1149.0,1266.0,574.0,3489.0,1049.0,1903.0,1949.0,2900.0,15602.0,6634.0,13306.0,22454.0,13071.0,25461.0,1838.0,1226.0,1859.0,551.0,876.0,1485.0,1310.0,323.0,806.0,7216.0,2972.0,1858.0,20318.0,6748.0,8859.0,4855.0,15524.0,2701.0,4151.0,20305.0,2931.0,1831.0,1963.0,3263.0,2019.0,5584.0,4618.0,5122.0,1958.0,6312.0,197.0,2.0,19.0,46.0,3.0,59.0,27.0,77.0,1658.0,322.0,6565.0,814.0,1217.0,139.0,321.0,2452.0,603.0,1282.0,3878.0,5088.0,2509.0,966.0,493.0,5284.0,4700.0,1195.0,4699.0,626.0,3415.0,97.0
2026-07-17T05:00Z,235.0,381.0,381.0,15642.0,17908.0,3366.0,81.0,16225.0,1935.0,7384.0,16543.0,1792.0,9492.0,5285.0,1856.0,1070.0,1174.0,535.0,3183.0,964.0,1725.0,1791.0,2686.0,14565.0,6191.0,12585.0,21741.0,12287.0,24033.0,1728.0,1136.0,1735.0,538.0,825.0,1399.0,1220.0,297.0,764.0,6820.0,2730.0,1675.0,19191.0,6262.0,8253.0,4407.0,14519.0,2517.0,3916.0,19179.0,2665.0,1689.0,1798.0,2945.0,1867.0,5147.0,4210.0,4777.0,1839.0,5825.0,181.0,3.0,17.0,46.0,3.0,58.0,30.0,76.0,1558.0,304.0,6094.0,740.0,1178.0,127.0,304.0,2288.0,559.0,1181.0,3859.0,4834.0,2345.0,917.0,451.0,5147.0,4485.0,1128.0,4339.0,569.0,3235.0,93.0
2026-07-17T06:00Z,225.0,349.0,370.0,14596.0,16738.0,3282.0,70.0,15442.0,1833.0,7499.0,15530.0,1732.0,8969.0,5085.0,1820.0,1010.0,1114.0,507.0,2953.0,897.0,1595.0,1686.0,2531.0,13636.0,5847.0,11937.0,21303.0,11586.0,22998.0,1625.0,1061.0,1645.0,541.0,762.0,1326.0,1142.0,275.0,713.0,6473.0,2516.0,1525.0,18151.0,5821.0,7778.0,4041.0,13696.0,2371.0,3685.0,18271.0,2448.0,1553.0,1693.0,2685.0,1748.0,4804.0,3851.0,4539.0,1752.0,5416.0,167.0,2.0,16.0,46.0,2.0,57.0,27.0,74.0,1443.0,282.0,5711.0,684.0,1153.0,116.0,284.0,2144.0,519.0,1096.0,3803.0,4584.0,2217.0,871.0,414.0,5005.0,4286.0,1072.0,4060.0,510.0,3029.0,88.0
2026-07-17T07:00Z,215.0,324.0,364.0,13536.0,15498.0,2878.0,47.0,14833.0,1771.0,7452.0,14844.0,1663.0,8677.0,4878.0,1769.0,990.0,1072.0,491.0,2790.0,850.0,1510.0,1626.0,2425.0,12964.0,5566.0,11500.0,20554.0,11065.0,22097.0,1563.0,1012.0,1584.0,533.0,732.0,1275.0,1082.0,263.0,675.0,6205.0,2351.0,1415.0,17469.0,5532.0,7411.0,3772.0,13023.0,2253.0,3518.0,17544.0,2287.0,1499.0,1575.0,2497.0,1668.0,4518.0,3601.0,4321.0,1695.0,5119.0,159.0,2.0,14.0,46.0,2.0,56.0,26.0,75.0,1350.0,267.0,5434.0,639.0,1140.0,109.0,276.0,2029.0,491.0,1041.0,3721.0,4380.0,2125.0,834.0,388.0,4920.0,4151.0,1027.0,3851.0,456.0,2865.0,85.0
2026-07-17T08:00Z,214.0,304.0,358.0,12905.0,14206.0,2984.0,39.0,14362.0,1740.0,7396.0,14431.0,1640.0,8484.0,4622.0,1730.0,980.0,1051.0,485.0,2687.0,815.0,1463.0,1575.0,2363.0,12423.0,5364.0,11139.0,19976.0,10757.0,21555.0,1527.0,980.0,1555.0,527.0,712.0,1245.0,1038.0,246.0,642.0,6038.0,2244.0,1336.0,17027.0,5323.0,7277.0,3573.0,12521.0,2173.0,3395.0,17032.0,2165.0,1453.0,1565.0,2346.0,1607.0,4347.0,3420.0,4178.0,1659.0,4913.0,154.0,2.0,14.0,46.0,2.0,55.0,25.0,73.0,1286.0,267.0,5230.0,611.0,1124.0,104.0,263.0,1927.0,470.0,993.0,3622.0,4246.0,2063.0,818.0,368.0,4871.0,4083.0,1003.0,3679.0,418.0,2731.0,81.0
2026-07-17T09:00Z,207.0,291.0,354.0,12131.0,13187.0,2734.0,37.0,14067.0,1700.0,7370.0,14240.0,1652.0,8388.0,4512.0,1725.0,999.0,1060.0,491.0,2666.0,804.0,1451.0,1572.0,2354.0,12089.0,5204.0,10886.0,19732.0,10501.0,20883.0,1518.0,970.0,1556.0,527.0,709.0,1243.0,1019.0,240.0,629.0,5965.0,2202.0,1291.0,16795.0,5238.0,7268.0,3471.0,12203.0,2132.0,3324.0,16844.0,2102.0,1430.0,1542.0,2309.0,1592.0,4242.0,3344.0,4173.0,1661.0,4833.0,151.0,2.0,13.0,46.0,2.0,55.0,24.0,72.0,1234.0,259.0,5100.0,593.0,1122.0,101.0,261.0,1879.0,460.0,961.0,3541.0,4121.0,2027.0,799.0,357.0,4848.0,4044.0,977.0,3565.0,390.0,2638.0,79.0
2026-07-17T10:00Z,206.0,284.0,351.0,11570.0,12484.0,2550.0,39.0,14036.0,1716.0,7458.0,14306.0,1674.0,8406.0,4476.0,1741.0,1041.0,1102.0,516.0,2732.0,820.0,1468.0,1612.0,2410.0,12026.0,5148.0,11045.0,19260.0,10443.0,20745.0,1547.0,993.0,1589.0,528.0,725.0,1258.0,1024.0,243.0,640.0,6069.0,2215.0,1277.0,16926.0,5278.0,7458.0,3479.0,12123.0,2157.0,3359.0,16891.0,2109.0,1442.0,1547.0,2317.0,1622.0,4323.0,3413.0,4282.0,1727.0,4860.0,153.0,2.0,13.0,47.0,2.0,55.0,23.0,72.0,1205.0,262.0,5067.0,593.0,1118.0,101.0,263.0,1876.0,459.0,967.0,3503.0,4090.0,2018.0,792.0,354.0,4798.0,4032.0,968.0,3519.0,370.0,2580.0,78.0
2026-07-17T11:00Z,210.0,285.0,347.0,11267.0,12179.0,2446.0,36.0,14257.0,1742.0,7445.0,14662.0,1693.0,8569.0,4477.0,1757.0,1087.0,1184.0,520.0,2883.0,853.0,1553.0,1688.0,2572.0,12275.0,5201.0,11356.0,19893.0,10708.0,20835.0,1591.0,1035.0,1642.0,527.0,726.0,1257.0,1038.0,252.0,673.0,6413.0,2286.0,1286.0,17296.0,5391.0,7664.0,3536.0,12396.0,2230.0,3437.0,17048.0,2139.0,1467.0,1589.0,2362.0,1694.0,4448.0,3531.0,4510.0,1816.0,4936.0,160.0,2.0,13.0,45.0,2.0,56.0,24.0,73.0,1195.0,258.0,5160.0,612.0,1120.0,104.0,266.0,1927.0,472.0,993.0,3546.0,4159.0,2050.0,805.0,362.0,4800.0,4040.0,982.0,3592.0,360.0,2563.0,78.0
2026-07-17T12:00Z,209.0,290.0,353.0,11318.0,12038.0,2433.0,36.0,14466.0,1787.0,7492.0,15155.0,1731.0,8823.0,4503.0,1756.0,1079.0,1268.0,480.0,3069.0,914.0,1640.0,1766.0,2732.0,12795.0,5315.0,11649.0,20698.0,11068.0,20966.0,1630.0,1040.0,1641.0,527.0,677.0,1262.0,1063.0,261.0,715.0,6837.0,2423.0,1325.0,17695.0,5577.0,7978.0,3666.0,12896.0,2325.0,3592.0,17438.0,2217.0,1518.0,1665.0,2501.0,1780.0,4661.0,3641.0,4740.0,1914.0,5138.0,175.0,2.0,14.0,46.0,2.0,57.0,25.0,74.0,1220.0,263.0,5328.0,636.0,1129.0,105.0,276.0,1981.0,492.0,1024.0,3607.0,4298.0,2109.0,815.0,377.0,4847.0,4105.0,1002.0,3695.0,361.0,2586.0,79.0
2026-07-17T13:00Z,192.0,312.0,360.0,11552.0,12209.0,2471.0,36.0,14750.0,1823.0,7414.0,15629.0,1738.0,8967.0,4636.0,1764.0,1036.0,1310.0,398.0,3160.0,961.0,1681.0,1801.0,2819.0,13430.0,5497.0,12021.0,21554.0,11845.0,21495.0,1639.0,1015.0,1471.0,515.0,583.0,1227.0,1093.0,280.0,747.0,7148.0,2576.0,1370.0,18364.0,5761.0,8363.0,3845.0,13745.0,2422.0,3767.0,17979.0,2305.0,1569.0,1794.0,2682.0,1872.0,4923.0,3776.0,4912.0,1996.0,5354.0,191.0,2.0,14.0,46.0,2.0,58.0,22.0,74.0,1219.0,267.0,5590.0,682.0,1156.0,114.0,296.0,2134.0,539.0,1111.0,3740.0,4467.0,2252.0,838.0,413.0,4892.0,4272.0,1039.0,3935.0,375.0,2730.0,80.0
2026-07-17T14:00Z,196.0,344.0,367.0,11866.0,12487.0,2493.0,42.0,15731.0,1876.0,7400.0,16378.0,1791.0,9263.0,4702.0,1757.0,984.0,1319.0,303.0,3222.0,997.0,1706.0,1847.0,2896.0,14049.0,5688.0,12655.0,22105.0,12679.0,22614.0,1671.0,968.0,1392.0,501.0,501.0,1129.0,1135.0,292.0,764.0,7365.0,2696.0,1399.0,19154.0,6004.0,8735.0,4005.0,14715.0,2538.0,4029.0,18712.0,2401.0,1620.0,1930.0,2759.0,1940.0,5178.0,3903.0,5088.0,2061.0,5447.0,204.0,3.0,15.0,45.0,2.0,60.0,3.0,74.0,1273.0,274.0,6005.0,737.0,1194.0,130.0,314.0,2332.0,590.0,1223.0,3930.0,4686.0,2411.0,885.0,455.0,4977.0,4436.0,1087.0,4268.0,404.0,2872.0,85.0
2026-07-17T15:00Z,217.0,372.0,376.0,12022.0,14150.0,2786.0,142.0,16885.0,2002.0,7467.0,17326.0,1793.0,9713.0,5071.0,1812.0,993.0,1330.0,238.0,3437.0,1113.0,1780.0,1831.0,2912.0,14675.0,5935.0,13428.0,22983.0,13554.0,24209.0,1716.0,981.0,1333.0,484.0,487.0,1026.0,1100.0,309.0,809.0,7586.0,2846.0,1439.0,20345.0,6410.0,9129.0,4204.0,15553.0,2700.0,4325.0,19651.0,2516.0,1710.0,2107.0,2997.0,2023.0,5494.0,4029.0,5264.0,2138.0,5624.0,220.0,2.0,19.0,46.0,2.0,62.0,,76.0,1308.0,285.0,6472.0,805.0,1236.0,146.0,332.0,2525.0,633.0,1335.0,4041.0,4905.0,2572.0,942.0,501.0,5074.0,4569.0,1116.0,4619.0,432.0,2851.0,91.0
2026-07-17T16:00Z,223.0,404.0,385.0,12052.0,16785.0,3077.0,221.0,18037.0,2082.0,7406.0,18497.0,1877.0,10250.0,5442.0,1828.0,987.0,1343.0,247.0,3288.0,1066.0,1805.0,1695.0,2916.0,15302.0,6283.0,14087.0,24262.0,14300.0,25749.0,1768.0,1006.0,1304.0,494.0,511.0,1021.0,1088.0,320.0,824.0,7807.0,3083.0,1493.0,21498.0,6770.0,9536.0,4380.0,16406.0,2898.0,4591.0,20560.0,2636.0,1800.0,2294.0,3249.0,2116.0,5828.0,4185.0,5435.0,2185.0,5897.0,233.0,2.0,19.0,49.0,2.0,63.0,,77.0,1346.0,288.0,6995.0,861.0,1270.0,163.0,354.0,2739.0,671.0,1442.0,3740.0,5182.0,2720.0,982.0,544.0,5187.0,4688.0,1162.0,4928.0,466.0,2978.0,94.0
2026-07-17T17:00Z,226.0,431.0,392.0,12304.0,18009.0,3463.0,237.0,19088.0,2276.0,7377.0,19814.0,2001.0,10801.0,5716.0,1883.0,1005.0,1376.0,267.0,3219.0,1040.0,1771.0,1717.0,2995.0,15879.0,6606.0,14700.0,25724.0,14990.0,27393.0,1833.0,1045.0,1316.0,492.0,511.0,1032.0,1144.0,327.0,839.0,7939.0,3185.0,1583.0,22440.0,7127.0,10051.0,4595.0,17541.0,3091.0,4787.0,21447.0,2770.0,1886.0,2361.0,3471.0,2202.0,6110.0,4374.0,5598.0,2246.0,6138.0,243.0,2.0,22.0,49.0,2.0,64.0,,78.0,1390.0,297.0,7511.0,918.0,1309.0,183.0,374.0,2936.0,707.0,1547.0,3749.0,5427.0,2857.0,1021.0,584.0,5327.0,4768.0,1210.0,5217.0,505.0,3108.0,98.0
2026-07-17T18:00Z,232.0,455.0,400.0,11884.0,18940.0,3669.0,239.0,19996.0,2497.0,7387.0,21169.0,2054.0,11497.0,5981.0,1943.0,1032.0,1430.0,232.0,3364.0,1066.0,1845.0,1782.0,3098.0,16324.0,6900.0,15120.0,27139.0,15402.0,28950.0,1918.0,1108.0,1361.0,491.0,542.0,1086.0,1210.0,343.0,863.0,7992.0,3318.0,1702.0,23332.0,7409.0,10480.0,4739.0,18393.0,3228.0,4923.0,22115.0,2904.0,1959.0,2283.0,3738.0,2276.0,6335.0,4545.0,5769.0,2300.0,6417.0,259.0,2.0,24.0,48.0,2.0,65.0,,80.0,1454.0,312.0,7983.0,937.0,1331.0,197.0,396.0,3100.0,744.0,1653.0,3765.0,5660.0,2968.0,1054.0,599.0,5439.0,4819.0,1262.0,5424.0,548.0,3232.0,101.0
2026-07-17T19:00Z,233.0,475.0,405.0,12043.0,18828.0,3524.0,222.0,20830.0,2617.0,7525.0,22207.0,2123.0,12130.0,6180.0,2018.0,1036.0,1478.0,223.0,3614.0,1146.0,1994.0,1874.0,3215.0,16672.0,7124.0,15291.0,28054.0,15685.0,30030.0,1984.0,1159.0,1427.0,468.0,564.0,1198.0,1262.0,371.0,897.0,8119.0,3494.0,1813.0,23891.0,7611.0,10845.0,4896.0,18852.0,3302.0,4965.0,22671.0,2994.0,2019.0,2278.0,3998.0,2348.0,6504.0,4703.0,5947.0,2325.0,6699.0,276.0,2.0,24.0,51.0,2.0,66.0,5.0,81.0,1531.0,326.0,8350.0,954.0,1363.0,209.0,408.0,3217.0,769.0,1709.0,3747.0,5931.0,3059.0,1084.0,621.0,5580.0,4881.0,1318.0,5600.0,591.0,3357.0,101.0
2026-07-17T20:00Z,233.0,485.0,411.0,11858.0,19265.0,3198.0,247.0,21344.0,2713.0,7579.0,23152.0,2164.0,12594.0,6442.0,2052.0,1052.0,1513.0,268.0,3917.0,1169.0,2151.0,2016.0,3383.0,16848.0,7215.0,15326.0,28699.0,15962.0,30778.0,2025.0,1222.0,1503.0,465.0,594.0,1301.0,1383.0,396.0,946.0,8264.0,3655.0,1886.0,24296.0,7778.0,11000.0,5024.0,18809.0,3268.0,4923.0,23191.0,3076.0,2067.0,2269.0,4214.0,2409.0,6697.0,4816.0,6096.0,2339.0,7011.0,291.0,2.0,26.0,51.0,2.0,67.0,21.0,81.0,1646.0,340.0,8596.0,973.0,1366.0,215.0,418.0,3296.0,781.0,1753.0,3724.0,6093.0,3114.0,1101.0,647.0,5670.0,4930.0,1361.0,5705.0,633.0,3497.0,105.0
2026-07-17T21:00Z,230.0,488.0,415.0,12000.0,20183.0,2922.0,256.0,21481.0,2792.0,7641.0,23743.0,2224.0,12995.0,6562.0,2106.0,1177.0,1585.0,372.0,4253.0,1247.0,2331.0,2171.0,3519.0,17027.0,7295.0,15192.0,29338.0,16136.0,31209.0,2076.0,1268.0,1593.0,481.0,665.0,1369.0,1536.0,411.0,990.0,8392.0,3870.0,1964.0,24503.0,7876.0,11164.0,5111.0,18788.0,3194.0,4755.0,23333.0,3142.0,2091.0,2256.0,4485.0,2453.0,6817.0,4914.0,6262.0,2352.0,7343.0,302.0,2.0,25.0,50.0,3.0,67.0,23.0,83.0,1717.0,344.0,8756.0,992.0,1376.0,224.0,417.0,3357.0,792.0,1777.0,3640.0,6282.0,3157.0,1115.0,597.0,5767.0,4960.0,1397.0,5752.0,664.0,3625.0,106.0
2026-07-17T22:00Z,237.0,491.0,418.0,12010.0,19792.0,2916.0,197.0,21486.0,2788.0,7823.0,24253.0,2245.0,13258.0,6628.0,2151.0,1310.0,1641.0,477.0,4462.0,1281.0,2425.0,2271.0,3545.0,17110.0,7414.0,14830.0,29582.0,16269.0,31393.0,2135.0,1339.0,1711.0,513.0,726.0,1527.0,1664.0,431.0,1026.0,8407.0,3996.0,2065.0,24171.0,7871.0,11172.0,5109.0,19105.0,3037.0,4491.0,23258.0,3204.0,2087.0,2250.0,4665.0,2466.0,6850.0,5005.0,6346.0,2343.0,7625.0,301.0,2.0,24.0,50.0,3.0,67.0,24.0,85.0,1801.0,343.0,8783.0,1002.0,1384.0,230.0,414.0,3338.0,801.0,1813.0,3659.0,6366.0,3175.0,1125.0,567.0,5856.0,4966.0,1419.0,5713.0,693.0,3720.0,108.0
2026-07-17T23:00Z,236.0,495.0,421.0,12466.0,20368.0,2841.0,138.0,21275.0,2777.0,7882.0,24392.0,2309.0,13387.0,6523.0,2180.0,1403.0,1641.0,588.0,4486.0,1291.0,2427.0,2284.0,3432.0,17199.0,7520.0,14489.0,29284.0,16260.0,31327.0,2165.0,1419.0,1928.0,554.0,851.0,1656.0,1727.0,428.0,1020.0,8200.0,3970.0,2093.0,23570.0,7729.0,10937.0,4989.0,19139.0,2847.0,4231.0,22959.0,3170.0,2058.0,2203.0,4638.0,2408.0,6679.0,4926.0,6289.0,2292.0,7665.0,289.0,3.0,25.0,50.0,3.0,65.0,25.0,82.0,1880.0,339.0,8730.0,1008.0,1380.0,228.0,399.0,3141.0,801.0,1785.0,3659.0,6386.0,3168.0,1103.0,566.0,5851.0,4933.0,1422.0,5667.0,720.0,3783.0,107.0
2026-07-18T00:00Z,231.0,488.0,422.0,13126.0,20260.0,3023.0,136.0,20530.0,2754.0,7849.0,24009.0,2292.0,13268.0,6433.0,2177.0,1432.0,1592.0,651.0,4342.0,1226.0,2331.0,2246.0,3331.0,17135.0,7589.0,14255.0,28630.0,16015.0,30708.0,2129.0,1429.0,2057.0,553.0,1007.0,1726.0,1724.0,407.0,978.0,7938.0,3798.0,2037.0,22728.0,7428.0,10485.0,4847.0,19058.0,2704.0,4098.0,22436.0,3046.0,1987.0,2165.0,4414.0,2303.0,6342.0,4739.0,6129.0,2213.0,7473.0,270.0,2.0,23.0,50.0,3.0,63.0,11.0,79.0,1859.0,337.0,8519.0,995.0,1365.0,222.0,386.0,3047.0,790.0,1706.0,3772.0,6238.0,3117.0,1108.0,569.0,5756.0,4911.0,1406.0,5619.0,730.0,3740.0,106.0
2026-07-18T01:00Z,203.0,468.0,422.0,13949.0,19468.0,3279.0,191.0,19730.0,2683.0,7694.0,23096.0,2174.0,12895.0,6173.0,2021.0,1420.0,1526.0,665.0,4162.0,1175.0,2231.0,2190.0,3211.0,17080.0,7585.0,13879.0,27674.0,15520.0,29516.0,2071.0,1388.0,2057.0,563.0,1014.0,1687.0,1619.0,379.0,926.0,7696.0,3585.0,1932.0,21916.0,7109.0,10064.0,4705.0,18750.0,2590.0,3975.0,21671.0,2906.0,1891.0,2158.0,4175.0,2188.0,6030.0,4525.0,5883.0,2113.0,7158.0,249.0,2.0,22.0,50.0,3.0,59.0,15.0,79.0,1699.0,331.0,8186.0,949.0,1329.0,219.0,380.0,3005.0,766.0,1655.0,3781.0,5876.0,3045.0,1100.0,549.0,5541.0,4861.0,1363.0,5493.0,725.0,3641.0,102.0
2026-07-18T02:00Z,207.0,448.0,416.0,15016.0,18720.0,3411.0,166.0,19036.0,2513.0,7588.0,21912.0,2009.0,12265.0,5978.0,2045.0,1355.0,1439.0,646.0,3930.0,1090.0,2091.0,2091.0,3069.0,16727.0,7389.0,13458.0,26660.0,14891.0,28487.0,2018.0,1349.0,1992.0,521.0,969.0,1622.0,1518.0,352.0,887.0,7529.0,3391.0,1833.0,21261.0,6816.0,9776.0,4480.0,18162.0,2515.0,3887.0,20917.0,2756.0,1795.0,2133.0,3842.0,2073.0,5770.0,4319.0,5629.0,2031.0,6897.0,232.0,2.0,21.0,48.0,2.0,57.0,22.0,77.0,1576.0,322.0,7778.0,894.0,1296.0,204.0,366.0,2865.0,728.0,1570.0,3708.0,5600.0,2915.0,1059.0,528.0,5403.0,4770.0,1313.0,5210.0,704.0,3568.0,100.0
2026-07-18T03:00Z,217.0,425.0,406.0,15407.0,17958.0,3371.0,120.0,18462.0,2421.0,7593.0,21156.0,1927.0,11822.0,5820.0,2018.0,1254.0,1317.0,614.0,3617.0,981.0,1904.0,1932.0,2874.0,16443.0,7116.0,12854.0,25545.0,14401.0,27663.0,1906.0,1269.0,1877.0,549.0,901.0,1521.0,1403.0,328.0,840.0,7265.0,3165.0,1692.0,20297.0,6378.0,9281.0,4184.0,17549.0,2381.0,3714.0,19885.0,2540.0,1704.0,1943.0,3476.0,1920.0,5408.0,4053.0,5223.0,1896.0,6502.0,213.0,2.0,19.0,47.0,2.0,57.0,25.0,77.0,1537.0,320.0,7459.0,854.0,1268.0,193.0,360.0,2764.0,697.0,1501.0,3641.0,5422.0,2805.0,1025.0,509.0,5349.0,4685.0,1284.0,4993.0,657.0,3481.0,99.0
2026-07-18T04:00Z,217.0,403.0,397.0,15251.0,17298.0,3324.0,109.0,17606.0,2255.0,7384.0,20042.0,1825.0,11210.0,5636.0,1918.0,1144.0,1197.0,555.0,3305.0,949.0,1735.0,1783.0,2686.0,15739.0,6675.0,12143.0,23948.0,13764.0,26160.0,1789.0,1177.0,1773.0,541.0,837.0,1426.0,1293.0,311.0,797.0,6970.0,2932.0,1543.0,19193.0,5946.0,8729.0,3880.0,16621.0,2228.0,3502.0,18920.0,2310.0,1604.0,1815.0,3148.0,1762.0,5024.0,3793.0,4828.0,1762.0,6085.0,192.0,2.0,19.0,47.0,3.0,56.0,26.0,77.0,1469.0,310.0,7025.0,800.0,1241.0,178.0,338.0,2657.0,651.0,1403.0,3770.0,5175.0,2673.0,987.0,478.0,5285.0,4556.0,1235.0,4708.0,618.0,3410.0,99.0
2026-07-18T05:00Z,215.0,373.0,383.0,14854.0,16831.0,3269.0,108.0,16705.0,2143.0,7381.0,18736.0,1784.0,10556.0,5348.0,1887.0,1063.0,1116.0,529.0,3053.0,882.0,1590.0,1678.0,2517.0,14615.0,6234.0,11486.0,23005.0,13076.0,24888.0,1698.0,1111.0,1673.0,516.0,785.0,1337.0,1191.0,285.0,757.0,6708.0,2728.0,1415.0,18267.0,5588.0,8278.0,3615.0,15645.0,2097.0,3289.0,18081.0,2116.0,1539.0,1696.0,2870.0,1636.0,4671.0,3575.0,4515.0,1680.0,5688.0,177.0,2.0,17.0,45.0,2.0,55.0,29.0,75.0,1439.0,294.0,6578.0,737.0,1219.0,162.0,320.0,2508.0,597.0,1301.0,3840.0,4907.0,2508.0,936.0,447.0,5184.0,4360.0,1171.0,4393.0,562.0,3238.0,95.0
2026-07-18T06:00Z,210.0,342.0,373.0,13995.0,15872.0,3065.0,98.0,15918.0,2032.0,7366.0,17614.0,1710.0,9906.0,5172.0,1807.0,1010.0,1059.0,505.0,2848.0,829.0,1485.0,1576.0,2390.0,13660.0,5834.0,10982.0,22699.0,12331.0,23644.0,1600.0,1054.0,1603.0,541.0,748.0,1268.0,1112.0,268.0,712.0,6452.0,2550.0,1301.0,17522.0,5315.0,7956.0,3404.0,14783.0,1985.0,3126.0,17340.0,1977.0,1492.0,1595.0,2610.0,1544.0,4399.0,3409.0,4260.0,1583.0,5343.0,165.0,2.0,15.0,47.0,2.0,55.0,27.0,74.0,1352.0,278.0,6169.0,679.0,1202.0,148.0,303.0,2363.0,552.0,1213.0,3849.0,4672.0,2359.0,893.0,413.0,5073.0,4192.0,1108.0,4126.0,503.0,3047.0,91.0
2026-07-18T07:00Z,205.0,317.0,366.0,13126.0,14854.0,2843.0,59.0,15293.0,1954.0,7441.0,16619.0,1598.0,9407.0,4932.0,1794.0,976.0,1023.0,496.0,2709.0,789.0,1411.0,1519.0,2296.0,12798.0,5545.0,10478.0,22027.0,11752.0,22531.0,1555.0,1015.0,1561.0,540.0,722.0,1227.0,1056.0,253.0,676.0,6241.0,2415.0,1231.0,16977.0,5122.0,7680.0,3275.0,14062.0,1909.0,2997.0,16808.0,1889.0,1449.0,1525.0,2451.0,1477.0,4190.0,3278.0,4087.0,1571.0,5065.0,156.0,2.0,14.0,49.0,2.0,54.0,25.0,72.0,1268.0,265.0,5852.0,635.0,1180.0,138.0,294.0,2253.0,517.0,1144.0,3786.0,4470.0,2236.0,850.0,388.0,4959.0,4066.0,1060.0,3932.0,456.0,2893.0,88.0
2026-07-18T08:00Z,200.0,300.0,359.0,12538.0,13839.0,2860.0,48.0,14823.0,1878.0,7457.0,15851.0,1542.0,9070.0,4791.0,1741.0,956.0,1003.0,483.0,2612.0,764.0,1367.0,1502.0,2237.0,12116.0,5305.0,10191.0,21313.0,11271.0,21871.0,1522.0,987.0,1531.0,531.0,713.0,1210.0,1016.0,240.0,649.0,6082.0,2327.0,1191.0,16574.0,5016.0,7508.0,3208.0,13518.0,1862.0,2906.0,16462.0,1842.0,1407.0,1427.0,2344.0,1440.0,4060.0,3188.0,3987.0,1537.0,4861.0,150.0,3.0,13.0,47.0,2.0,54.0,24.0,72.0,1220.0,255.0,5619.0,606.0,1169.0,131.0,283.0,2164.0,492.0,1085.0,3701.0,4328.0,2155.0,818.0,370.0,4872.0,3974.0,1033.0,3778.0,420.0,2758.0,85.0
2026-07-18T09:00Z,193.0,286.0,355.0,11889.0,13102.0,2712.0,43.0,14483.0,1804.0,7424.0,15190.0,1559.0,8848.0,4640.0,1733.0,960.0,1003.0,489.0,2569.0,754.0,1354.0,1483.0,2213.0,11656.0,5124.0,10043.0,21002.0,10982.0,21370.0,1501.0,974.0,1524.0,527.0,711.0,1207.0,994.0,232.0,635.0,5977.0,2287.0,1181.0,16419.0,4985.0,7377.0,3185.0,13135.0,1843.0,2856.0,16369.0,1831.0,1400.0,1301.0,2268.0,1424.0,3998.0,3137.0,3914.0,1536.0,4749.0,147.0,2.0,14.0,48.0,2.0,54.0,24.0,70.0,1170.0,247.0,5454.0,585.0,1161.0,125.0,280.0,2104.0,478.0,1051.0,3632.0,4209.0,2095.0,802.0,361.0,4803.0,3903.0,1011.0,3654.0,395.0,2657.0,82.0
2026-07-18T10:00Z,200.0,278.0,352.0,11353.0,12391.0,2660.0,39.0,14242.0,1777.0,7339.0,14940.0,1590.0,8681.0,4518.0,1695.0,965.0,1024.0,490.0,2578.0,766.0,1357.0,1489.0,2235.0,11374.0,5016.0,9970.0,20969.0,10777.0,20972.0,1516.0,983.0,1533.0,527.0,715.0,1217.0,987.0,233.0,632.0,5940.0,2276.0,1192.0,16453.0,5026.0,7474.0,3203.0,12934.0,1863.0,2867.0,16345.0,1847.0,1415.0,1268.0,2237.0,1442.0,4003.0,3131.0,3966.0,1564.0,4699.0,145.0,2.0,12.0,45.0,2.0,53.0,23.0,70.0,1143.0,243.0,5338.0,573.0,1157.0,120.0,276.0,2076.0,472.0,1027.0,3589.0,4134.0,2056.0,786.0,357.0,4787.0,3870.0,1001.0,3574.0,374.0,2600.0,81.0
2026-07-18T11:00Z,198.0,276.0,351.0,10985.0,11855.0,2549.0,34.0,14173.0,1777.0,7271.0,14867.0,1601.0,8647.0,4517.0,1680.0,988.0,1064.0,504.0,2647.0,780.0,1405.0,1502.0,2304.0,11248.0,4946.0,10059.0,21128.0,10724.0,20880.0,1535.0,994.0,1536.0,531.0,713.0,1194.0,972.0,232.0,637.0,6022.0,2288.0,1204.0,16537.0,5062.0,7577.0,3207.0,12885.0,1904.0,2906.0,16425.0,1882.0,1425.0,1249.0,2251.0,1472.0,4066.0,3183.0,4050.0,1593.0,4653.0,146.0,2.0,12.0,46.0,2.0,53.0,23.0,70.0,1126.0,243.0,5300.0,582.0,1149.0,116.0,275.0,2074.0,469.0,1017.0,3549.0,4120.0,2041.0,782.0,358.0,4785.0,3874.0,999.0,3563.0,362.0,2572.0,81.0
2026-07-18T12:00Z,199.0,275.0,350.0,10926.0,11581.0,2385.0,39.0,14052.0,1788.0,7206.0,14879.0,1565.0,8675.0,4461.0,1725.0,1031.0,1125.0,506.0,2797.0,910.0,1504.0,1540.0,2427.0,11186.0,4893.0,10198.0,21006.0,10709.0,20735.0,1567.0,1028.0,1558.0,545.0,717.0,1178.0,985.0,242.0,666.0,6184.0,2388.0,1252.0,16916.0,5228.0,7846.0,3280.0,13002.0,1981.0,2970.0,16713.0,1973.0,1438.0,1288.0,2329.0,1543.0,4246.0,3282.0,4219.0,1676.0,4761.0,154.0,2.0,13.0,45.0,2.0,53.0,24.0,69.0,1129.0,241.0,5270.0,591.0,1147.0,117.0,272.0,2079.0,470.0,1000.0,3549.0,4134.0,2041.0,779.0,361.0,4803.0,3891.0,1005.0,3566.0,360.0,2565.0,79.0
2026-07-18T13:00Z,189.0,283.0,350.0,10929.0,11494.0,2376.0,41.0,14207.0,1768.0,7167.0,15078.0,1544.0,8739.0,4454.0,1623.0,1082.0,1194.0,522.0,2950.0,907.0,1580.0,1606.0,2578.0,11428.0,5007.0,10806.0,21890.0,11236.0,21034.0,1634.0,1049.0,1646.0,579.0,737.0,1177.0,1049.0,261.0,697.0,6422.0,2555.0,1338.0,17751.0,5566.0,8534.0,3534.0,13256.0,2127.0,3224.0,17443.0,2050.0,1539.0,1404.0,2516.0,1649.0,4507.0,3456.0,4470.0,1779.0,5009.0,168.0,2.0,14.0,44.0,2.0,53.0,21.0,68.0,1122.0,245.0,5426.0,628.0,1146.0,124.0,285.0,2171.0,501.0,1080.0,3622.0,4219.0,2143.0,802.0,382.0,4812.0,3997.0,1038.0,3722.0,362.0,2571.0,80.0
2026-07-18T14:00Z,192.0,303.0,357.0,11178.0,11482.0,2404.0,76.0,15224.0,1836.0,7135.0,16275.0,1684.0,9132.0,4650.0,1805.0,1104.0,1244.0,476.0,3127.0,975.0,1681.0,1660.0,2733.0,11871.0,5238.0,11647.0,23574.0,11893.0,22253.0,1692.0,1083.0,1652.0,572.0,822.0,1227.0,1123.0,293.0,740.0,6654.0,2751.0,1334.0,18808.0,5952.0,9413.0,3754.0,13931.0,2324.0,3534.0,18551.0,2246.0,1636.0,1552.0,2759.0,1736.0,4807.0,3653.0,4697.0,1869.0,5277.0,181.0,2.0,13.0,45.0,2.0,53.0,0.0,69.0,1145.0,257.0,5857.0,684.0,1179.0,141.0,302.0,2371.0,547.0,1206.0,3802.0,4505.0,2318.0,848.0,419.0,4883.0,4145.0,1114.0,4019.0,388.0,2664.0,83.0
2026-07-18T15:00Z,209.0,329.0,367.0,12309.0,13062.0,3066.0,182.0,16458.0,2037.0,7239.0,17802.0,1789.0,9739.0,5019.0,1938.0,1147.0,1266.0,461.0,3381.0,1035.0,1765.0,1789.0,2875.0,12453.0,5567.0,12479.0,24770.0,12764.0,23929.0,1739.0,1083.0,1731.0,594.0,842.0,1393.0,1162.0,300.0,763.0,6815.0,3043.0,1483.0,19987.0,6273.0,10074.0,3997.0,15108.0,2529.0,3825.0,19713.0,2449.0,1748.0,1746.0,3020.0,1792.0,5051.0,3894.0,4859.0,1938.0,5524.0,189.0,2.0,15.0,46.0,2.0,54.0,,71.0,1188.0,260.0,6406.0,748.0,1215.0,159.0,326.0,2596.0,597.0,1349.0,3951.0,4875.0,2506.0,899.0,453.0,4993.0,4286.0,1179.0,4383.0,416.0,2791.0,89.0
2026-07-18T16:00Z,213.0,353.0,374.0,12036.0,16764.0,3584.0,261.0,17657.0,2155.0,7391.0,19254.0,1897.0,10445.0,5416.0,2019.0,1149.0,1349.0,525.0,3512.0,1119.0,1963.0,1953.0,3101.0,12969.0,5903.0,13289.0,25764.0,13533.0,25720.0,1790.0,1175.0,1719.0,596.0,844.0,1427.0,1265.0,326.0,787.0,6956.0,3149.0,1547.0,20998.0,6571.0,10704.0,4226.0,16111.0,2689.0,4077.0,21014.0,2651.0,1876.0,2006.0,3089.0,1824.0,5241.0,4087.0,4961.0,1992.0,5633.0,200.0,2.0,17.0,48.0,2.0,55.0,,69.0,1222.0,272.0,7013.0,803.0,1270.0,177.0,348.0,2805.0,649.0,1477.0,4044.0,5300.0,2683.0,948.0,492.0,5134.0,4416.0,1250.0,4717.0,453.0,2935.0,92.0
2026-07-18T17:00Z,225.0,374.0,383.0,11637.0,17846.0,3623.0,273.0,18821.0,2260.0,7543.0,20563.0,2052.0,11128.0,5711.0,2062.0,1151.0,1456.0,548.0,3745.0,1128.0,2054.0,2081.0,3273.0,13410.0,6253.0,13951.0,26230.0,14148.0,27319.0,1842.0,1217.0,1633.0,577.0,820.0,1484.0,1331.0,346.0,790.0,6819.0,3180.0,1661.0,21783.0,6918.0,11200.0,4549.0,16508.0,2761.0,4254.0,22266.0,2825.0,1973.0,2112.0,3140.0,1842.0,5404.0,4411.0,4976.0,2041.0,5628.0,200.0,3.0,20.0,46.0,2.0,56.0,,71.0,1277.0,288.0,7586.0,860.0,1307.0,191.0,361.0,2978.0,697.0,1574.0,3705.0,5692.0,2845.0,988.0,537.0,5307.0,4526.0,1323.0,5024.0,500.0,3088.0,95.0
2026-07-18T18:00Z,227.0,398.0,392.0,11343.0,17914.0,3415.0,277.0,19761.0,2406.0,7717.0,21751.0,2169.0,11767.0,5928.0,2071.0,1232.0,1480.0,569.0,3741.0,1178.0,2113.0,2097.0,3286.0,13687.0,6573.0,14374.0,26954.0,14654.0,28452.0,1870.0,1195.0,1571.0,567.0,784.0,1448.0,1290.0,346.0,766.0,6805.0,3014.0,1726.0,22136.0,7197.0,11559.0,4970.0,16449.0,2754.0,4372.0,23158.0,3056.0,2045.0,2237.0,3329.0,1886.0,5550.0,4650.0,4941.0,2066.0,5715.0,196.0,2.0,21.0,46.0,2.0,57.0,,72.0,1353.0,304.0,8062.0,894.0,1343.0,202.0,372.0,3099.0,731.0,1649.0,3746.0,6002.0,2961.0,1027.0,570.0,5456.0,4598.0,1388.0,5267.0,545.0,3236.0,96.0
2026-07-18T19:00Z,232.0,425.0,396.0,10581.0,17981.0,3246.0,274.0,20495.0,2524.0,7856.0,22716.0,2284.0,12329.0,6158.0,2162.0,1259.0,1487.0,554.0,3608.0,1113.0,2078.0,2066.0,3244.0,13993.0,6811.0,14430.0,27395.0,15004.0,29735.0,1939.0,1150.0,1659.0,558.0,789.0,1289.0,1243.0,328.0,758.0,6792.0,2910.0,1865.0,22046.0,7149.0,11821.0,5458.0,16595.0,2794.0,4380.0,23482.0,3249.0,2111.0,2265.0,3289.0,1936.0,5763.0,5002.0,4977.0,2100.0,5734.0,198.0,2.0,22.0,49.0,2.0,58.0,4.0,74.0,1453.0,321.0,8455.0,926.0,1362.0,211.0,385.0,3183.0,749.0,1694.0,3680.0,6292.0,3049.0,1055.0,601.0,5592.0,4648.0,1445.0,5497.0,584.0,3367.0,98.0
2026-07-18T20:00Z,236.0,442.0,398.0,10179.0,18825.0,2914.0,234.0,20970.0,2638.0,8015.0,23488.0,2390.0,12801.0,6408.0,2256.0,1284.0,1470.0,563.0,3365.0,1130.0,2063.0,2001.0,3161.0,14239.0,6997.0,14530.0,27459.0,15258.0,30392.0,2008.0,1220.0,1717.0,558.0,806.0,1385.0,1207.0,319.0,746.0,6869.0,2805.0,2046.0,21992.0,7047.0,12017.0,5481.0,17029.0,2768.0,4129.0,22949.0,3502.0,2101.0,2227.0,3294.0,1988.0,5969.0,5077.0,5085.0,2199.0,5657.0,196.0,2.0,23.0,49.0,2.0,59.0,4.0,76.0,1568.0,333.0,8719.0,946.0,1402.0,218.0,393.0,3280.0,766.0,1746.0,3627.0,6455.0,3107.0,1075.0,613.0,5728.0,4698.0,1484.0,5681.0,620.0,3477.0,99.0
2026-07-18T21:00Z,236.0,448.0,402.0,9963.0,19067.0,2594.0,182.0,21277.0,2733.0,8073.0,24126.0,2407.0,13177.0,6505.0,2360.0,1335.0,1469.0,592.0,3465.0,1076.0,2001.0,1974.0,3068.0,14581.0,7259.0,14687.0,27539.0,15492.0,30960.0,2049.0,1188.0,1834.0,548.0,855.0,1452.0,1356.0,336.0,801.0,7054.0,2821.0,2273.0,21842.0,7018.0,11964.0,4839.0,17320.0,2703.0,4230.0,22156.0,3602.0,2071.0,2245.0,3213.0,2014.0,6114.0,4661.0,5305.0,2238.0,6001.0,204.0,2.0,21.0,51.0,2.0,60.0,7.0,77.0,1660.0,337.0,8837.0,953.0,1419.0,226.0,397.0,3352.0,780.0,1787.0,3638.0,6546.0,3157.0,1095.0,624.0,5790.0,4728.0,1510.0,5818.0,646.0,3562.0,103.0
2026-07-18T22:00Z,236.0,448.0,408.0,10537.0,19020.0,2465.0,179.0,21306.0,2661.0,7972.0,24675.0,2345.0,13437.0,6514.0,2433.0,1365.0,1488.0,611.0,3648.0,1058.0,1986.0,2014.0,3077.0,14952.0,7387.0,14724.0,27501.0,15630.0,31180.0,1997.0,1229.0,1896.0,579.0,895.0,1515.0,1402.0,349.0,825.0,7121.0,2874.0,2275.0,21689.0,6924.0,11422.0,4514.0,17426.0,2697.0,4196.0,21809.0,3353.0,2087.0,2249.0,3313.0,2032.0,6019.0,4359.0,5439.0,2203.0,6149.0,207.0,2.0,21.0,50.0,2.0,60.0,17.0,78.0,1756.0,337.0,8717.0,982.0,1427.0,223.0,402.0,3396.0,792.0,1806.0,3682.0,6587.0,3191.0,1109.0,627.0,5758.0,4768.0,1511.0,5906.0,677.0,3667.0,105.0
2026-07-18T23:00Z,232.0,446.0,412.0,11298.0,19102.0,2657.0,174.0,21144.0,2661.0,7920.0,24890.0,2199.0,13711.0,6540.0,2456.0,1366.0,1474.0,630.0,3652.0,1048.0,1967.0,1998.0,3058.0,15258.0,7417.0,14649.0,26984.0,15616.0,31242.0,1932.0,1209.0,1888.0,580.0,881.0,1570.0,1440.0,352.0,826.0,7126.0,2904.0,2108.0,21294.0,6857.0,10811.0,4391.0,17207.0,2711.0,4099.0,21349.0,3115.0,2120.0,2270.0,3360.0,2024.0,5764.0,4248.0,5491.0,2157.0,6178.0,207.0,2.0,20.0,46.0,2.0,57.0,23.0,80.0,1743.0,343.0,8588.0,1006.0,1402.0,226.0,401.0,3425.0,805.0,1833.0,3646.0,6564.0,3202.0,1113.0,646.0,5727.0,4761.0,1511.0,5916.0,705.0,3740.0,107.0
2026-07-19T00:00Z,233.0,458.0,417.0,11966.0,18377.0,2878.0,172.0,20722.0,2690.0,7778.0,24600.0,2293.0,13666.0,6427.0,2409.0,1346.0,1448.0,652.0,3619.0,1016.0,1937.0,1981.0,3025.0,15296.0,7389.0,14017.0,25946.0,15345.0,30799.0,1934.0,1241.0,1864.0,571.0,887.0,1571.0,1437.0,349.0,829.0,7059.0,2954.0,1962.0,20618.0,6684.0,10281.0,4333.0,16720.0,2620.0,4105.0,20976.0,2875.0,2036.0,2190.0,3324.0,2002.0,5664.0,4215.0,5449.0,2104.0,6147.0,208.0,2.0,23.0,30.0,3.0,55.0,21.0,80.0,1672.0,346.0,8386.0,1001.0,1373.0,228.0,396.0,3397.0,795.0,1819.0,3695.0,6474.0,3175.0,1105.0,647.0,5698.0,4708.0,1495.0,5831.0,725.0,3790.0,108.0
2026-07-19T01:00Z,218.0,465.0,418.0,13118.0,18293.0,3207.0,178.0,19980.0,2670.0,7465.0,23726.0,2190.0,13334.0,6256.0,2306.0,1321.0,1433.0,640.0,3593.0,1009.0,1909.0,1980.0,2999.0,15132.0,7237.0,13401.0,24508.0,14849.0,29713.0,1900.0,1260.0,1869.0,565.0,889.0,1569.0,1421.0,344.0,829.0,7024.0,2939.0,1865.0,19850.0,6496.0,9722.0,4289.0,15978.0,2494.0,3978.0,20600.0,2753.0,1852.0,1991.0,3341.0,1987.0,5586.0,4139.0,5405.0,2037.0,6203.0,208.0,2.0,23.0,24.0,3.0,55.0,20.0,81.0,1598.0,342.0,7992.0,960.0,1341.0,225.0,387.0,3295.0,774.0,1774.0,3676.0,6269.0,3100.0,1089.0,624.0,5568.0,4698.0,1455.0,5668.0,726.0,3751.0,106.0
2026-07-19T02:00Z,221.0,450.0,413.0,14252.0,18077.0,3265.0,154.0,19244.0,2579.0,7328.0,22448.0,2113.0,12765.0,6105.0,2175.0,1265.0,1387.0,627.0,3510.0,997.0,1870.0,1937.0,2951.0,14810.0,7020.0,12943.0,23271.0,14176.0,28661.0,1872.0,1253.0,1859.0,562.0,882.0,1556.0,1372.0,341.0,812.0,6989.0,2881.0,1782.0,19399.0,6284.0,9383.0,4222.0,15315.0,2393.0,3876.0,20154.0,2649.0,1771.0,1942.0,3301.0,1934.0,5435.0,4052.0,5260.0,1945.0,6145.0,206.0,2.0,21.0,26.0,2.0,55.0,23.0,79.0,1553.0,325.0,7565.0,898.0,1290.0,214.0,375.0,3151.0,734.0,1689.0,3630.0,5968.0,2994.0,1052.0,593.0,5444.0,4618.0,1396.0,5409.0,705.0,3669.0,104.0
2026-07-19T03:00Z,231.0,427.0,402.0,14855.0,17351.0,3275.0,100.0,18600.0,2489.0,7464.0,21502.0,2060.0,12268.0,5925.0,2111.0,1187.0,1305.0,611.0,3347.0,858.0,1776.0,1859.0,2876.0,14327.0,6766.0,12333.0,22107.0,13667.0,27528.0,1796.0,1196.0,1789.0,562.0,844.0,1488.0,1307.0,326.0,793.0,6897.0,2778.0,1679.0,18570.0,5978.0,8928.0,4059.0,14711.0,2271.0,3680.0,19485.0,2501.0,1687.0,1922.0,3140.0,1828.0,5181.0,3895.0,4947.0,1843.0,5966.0,199.0,3.0,19.0,26.0,2.0,55.0,27.0,78.0,1547.0,319.0,7236.0,851.0,1262.0,200.0,368.0,3054.0,702.0,1610.0,3644.0,5759.0,2911.0,1014.0,563.0,5350.0,4483.0,1346.0,5189.0,665.0,3555.0,100.0
2026-07-19T04:00Z,226.0,403.0,391.0,14780.0,16740.0,3264.0,95.0,17690.0,2278.0,7501.0,20406.0,1951.0,11581.0,5672.0,2080.0,1111.0,1221.0,567.0,3139.0,919.0,1723.0,1771.0,2783.0,13594.0,6397.0,11504.0,20534.0,12989.0,25994.0,1715.0,1130.0,1718.0,561.0,800.0,1408.0,1237.0,308.0,771.0,6735.0,2666.0,1564.0,17852.0,5626.0,8312.0,3841.0,13816.0,2124.0,3440.0,18661.0,2332.0,1578.0,1753.0,3001.0,1681.0,4897.0,3713.0,4628.0,1753.0,5724.0,190.0,2.0,19.0,27.0,2.0,55.0,27.0,77.0,1427.0,309.0,6816.0,791.0,1246.0,185.0,351.0,2885.0,663.0,1496.0,3848.0,5461.0,2782.0,968.0,523.0,5226.0,4364.0,1267.0,4889.0,625.0,3456.0,95.0
2026-07-19T05:00Z,222.0,374.0,380.0,14422.0,16331.0,3242.0,89.0,16793.0,2161.0,7409.0,19130.0,1838.0,10830.0,5469.0,1985.0,1065.0,1156.0,543.0,2963.0,868.0,1616.0,1693.0,2680.0,12675.0,5985.0,10939.0,19775.0,12166.0,24528.0,1635.0,1060.0,1645.0,552.0,760.0,1334.0,1172.0,293.0,747.0,6505.0,2544.0,1452.0,16927.0,5335.0,7769.0,3621.0,12860.0,1999.0,3239.0,17986.0,2177.0,1543.0,1624.0,2790.0,1573.0,4663.0,3533.0,4361.0,1668.0,5468.0,182.0,2.0,18.0,28.0,2.0,55.0,30.0,76.0,1417.0,291.0,6383.0,727.0,1222.0,168.0,336.0,2698.0,619.0,1385.0,3954.0,5201.0,2620.0,924.0,484.0,5068.0,4197.0,1191.0,4557.0,572.0,3271.0,92.0
2026-07-19T06:00Z,217.0,346.0,369.0,13625.0,15377.0,3082.0,81.0,15918.0,2021.0,7346.0,17947.0,1805.0,10096.0,5185.0,1931.0,1042.0,1116.0,518.0,2832.0,838.0,1537.0,1621.0,2588.0,11871.0,5629.0,10411.0,19047.0,11430.0,23383.0,1556.0,1001.0,1571.0,539.0,720.0,1281.0,1106.0,279.0,712.0,6272.0,2436.0,1371.0,16358.0,5124.0,7319.0,3450.0,12049.0,1881.0,3071.0,17342.0,2072.0,1494.0,1519.0,2622.0,1492.0,4434.0,3379.0,4146.0,1600.0,5239.0,174.0,2.0,15.0,27.0,2.0,54.0,28.0,75.0,1351.0,284.0,6008.0,668.0,1197.0,154.0,320.0,2542.0,579.0,1280.0,3860.0,4942.0,2456.0,886.0,448.0,4917.0,4039.0,1134.0,4275.0,514.0,3073.0,90.0
2026-07-19T07:00Z,205.0,322.0,362.0,12683.0,14421.0,2787.0,62.0,15212.0,1924.0,7299.0,17003.0,1723.0,9520.0,4937.0,1884.0,1037.0,1089.0,498.0,2743.0,792.0,1478.0,1566.0,2504.0,11280.0,5315.0,9945.0,18137.0,10823.0,22368.0,1492.0,949.0,1529.0,538.0,690.0,1235.0,1058.0,264.0,680.0,6079.0,2345.0,1317.0,15834.0,4980.0,7035.0,3285.0,11364.0,1789.0,2925.0,16875.0,1986.0,1451.0,1445.0,2463.0,1440.0,4180.0,3220.0,4012.0,1552.0,5042.0,168.0,2.0,14.0,25.0,2.0,54.0,26.0,73.0,1255.0,267.0,5689.0,624.0,1179.0,141.0,305.0,2395.0,548.0,1188.0,3744.0,4714.0,2317.0,849.0,420.0,4847.0,3945.0,1087.0,4037.0,463.0,2915.0,88.0
2026-07-19T08:00Z,204.0,308.0,355.0,12188.0,13462.0,2804.0,34.0,14609.0,1860.0,7316.0,16266.0,1707.0,9114.0,4766.0,1857.0,1033.0,1070.0,488.0,2670.0,784.0,1442.0,1547.0,2467.0,10864.0,5049.0,9624.0,17863.0,10456.0,21735.0,1453.0,915.0,1471.0,530.0,673.0,1206.0,1021.0,252.0,648.0,5906.0,2285.0,1278.0,15512.0,4890.0,6784.0,3161.0,10865.0,1723.0,2816.0,16519.0,1923.0,1406.0,1421.0,2396.0,1401.0,4001.0,3100.0,3937.0,1533.0,4847.0,160.0,2.0,14.0,31.0,2.0,54.0,25.0,72.0,1200.0,259.0,5446.0,595.0,1160.0,132.0,293.0,2279.0,523.0,1129.0,3665.0,4532.0,2226.0,820.0,399.0,4805.0,3876.0,1051.0,3855.0,425.0,2782.0,85.0
2026-07-19T09:00Z,200.0,299.0,351.0,11500.0,12690.0,2772.0,37.0,14110.0,1847.0,7391.0,15669.0,1678.0,8800.0,4656.0,1804.0,1036.0,1062.0,484.0,2615.0,784.0,1433.0,1528.0,2445.0,10575.0,4868.0,9371.0,17429.0,10045.0,21133.0,1425.0,893.0,1441.0,531.0,663.0,1185.0,999.0,245.0,628.0,5753.0,2239.0,1252.0,15218.0,4835.0,6620.0,3083.0,10437.0,1686.0,2743.0,16227.0,1884.0,1371.0,1213.0,2282.0,1378.0,3895.0,3030.0,3899.0,1524.0,4698.0,155.0,2.0,14.0,35.0,2.0,53.0,24.0,71.0,1145.0,248.0,5287.0,578.0,1155.0,125.0,281.0,2189.0,505.0,1080.0,3608.0,4388.0,2135.0,793.0,381.0,4755.0,3827.0,1026.0,3724.0,396.0,2678.0,83.0
2026-07-19T10:00Z,198.0,293.0,347.0,10920.0,12141.0,2507.0,36.0,13772.0,1789.0,7463.0,15359.0,1693.0,8566.0,4579.0,1740.0,1033.0,1055.0,489.0,2587.0,779.0,1436.0,1509.0,2428.0,10406.0,4739.0,9224.0,16863.0,9920.0,20650.0,1412.0,881.0,1418.0,529.0,657.0,1169.0,981.0,239.0,616.0,5660.0,2215.0,1223.0,15087.0,4810.0,6510.0,3062.0,10253.0,1675.0,2683.0,16081.0,1869.0,1350.0,1218.0,2239.0,1367.0,3844.0,3006.0,3885.0,1530.0,4587.0,153.0,2.0,12.0,44.0,2.0,53.0,24.0,69.0,1118.0,245.0,5191.0,570.0,1144.0,121.0,272.0,2139.0,492.0,1040.0,3567.0,4270.0,2091.0,785.0,373.0,4724.0,3795.0,1011.0,3638.0,376.0,2602.0,81.0
2026-07-19T11:00Z,194.0,290.0,344.0,10528.0,11561.0,2506.0,34.0,13571.0,1765.0,7450.0,15209.0,1669.0,8427.0,4521.0,1743.0,1021.0,1057.0,487.0,2553.0,786.0,1447.0,1485.0,2412.0,10366.0,4656.0,9170.0,16399.0,9821.0,20597.0,1387.0,857.0,1385.0,523.0,630.0,1141.0,959.0,236.0,605.0,5623.0,2189.0,1191.0,15084.0,4777.0,6518.0,3029.0,10067.0,1684.0,2655.0,16170.0,1862.0,1346.0,1316.0,2209.0,1381.0,3854.0,3033.0,3896.0,1542.0,4466.0,151.0,2.0,13.0,49.0,2.0,52.0,24.0,69.0,1108.0,245.0,5145.0,569.0,1141.0,118.0,266.0,2117.0,483.0,1023.0,3529.0,4241.0,2073.0,777.0,370.0,4694.0,3776.0,1005.0,3607.0,361.0,2560.0,80.0
2026-07-19T12:00Z,199.0,288.0,344.0,10420.0,11245.0,2386.0,36.0,13339.0,1746.0,7487.0,14926.0,1630.0,8426.0,4490.0,1744.0,1007.0,1106.0,470.0,2572.0,822.0,1490.0,1480.0,2396.0,10348.0,4569.0,9219.0,16508.0,9751.0,20268.0,1366.0,819.0,1318.0,503.0,557.0,1088.0,939.0,243.0,612.0,5709.0,2227.0,1212.0,15396.0,4956.0,6719.0,3158.0,10020.0,1724.0,2691.0,16524.0,1945.0,1380.0,1283.0,2251.0,1451.0,4061.0,3125.0,4034.0,1601.0,4482.0,154.0,3.0,12.0,49.0,2.0,52.0,24.0,69.0,1103.0,246.0,5101.0,574.0,1140.0,116.0,255.0,2076.0,480.0,1019.0,3513.0,4194.0,2046.0,767.0,368.0,4687.0,3779.0,1009.0,3590.0,357.0,2678.0,80.0
2026-07-19T13:00Z,184.0,295.0,346.0,10337.0,11046.0,2286.0,34.0,13363.0,1703.0,7527.0,15101.0,1654.0,8447.0,4379.0,1756.0,1002.0,1161.0,456.0,2605.0,835.0,1516.0,1485.0,2429.0,10634.0,4592.0,9568.0,17202.0,10151.0,20683.0,1357.0,788.0,1237.0,503.0,521.0,1021.0,909.0,249.0,622.0,5836.0,2306.0,1268.0,16048.0,5261.0,7055.0,3397.0,10173.0,1841.0,2861.0,17306.0,2080.0,1437.0,1416.0,2381.0,1560.0,4391.0,3288.0,4239.0,1678.0,4518.0,164.0,2.0,13.0,49.0,2.0,52.0,21.0,69.0,1073.0,246.0,5299.0,608.0,1149.0,124.0,265.0,2168.0,504.0,1089.0,3596.0,4299.0,2109.0,784.0,382.0,4697.0,3882.0,1034.0,3741.0,359.0,2676.0,79.0
2026-07-19T14:00Z,200.0,324.0,354.0,10214.0,11106.0,2235.0,47.0,14318.0,1764.0,7541.0,16185.0,1784.0,8816.0,4545.0,1807.0,996.0,1198.0,363.0,2601.0,840.0,1509.0,1467.0,2460.0,11121.0,4729.0,10068.0,18037.0,10892.0,22087.0,1361.0,770.0,1165.0,498.0,488.0,998.0,873.0,254.0,631.0,5938.0,2348.0,1318.0,16797.0,5567.0,7449.0,3623.0,10583.0,1968.0,3050.0,18420.0,2203.0,1490.0,1524.0,2486.0,1649.0,4660.0,3482.0,4368.0,1740.0,4546.0,172.0,2.0,14.0,47.0,2.0,52.0,1.0,71.0,1110.0,255.0,5805.0,680.0,1186.0,141.0,287.0,2368.0,550.0,1209.0,3737.0,4617.0,2267.0,827.0,425.0,4798.0,4048.0,1109.0,4052.0,385.0,2766.0,80.0
2026-07-19T15:00Z,224.0,351.0,365.0,10886.0,12796.0,2365.0,82.0,15596.0,1923.0,7456.0,17711.0,1915.0,9503.0,4912.0,1803.0,996.0,1206.0,258.0,2588.0,861.0,1489.0,1449.0,2490.0,11762.0,4929.0,10710.0,18823.0,11710.0,23885.0,1377.0,760.0,1108.0,501.0,419.0,954.0,864.0,256.0,639.0,6031.0,2383.0,1379.0,17538.0,5827.0,7811.0,3850.0,11104.0,2083.0,3261.0,19389.0,2316.0,1533.0,1645.0,2547.0,1706.0,4849.0,3616.0,4470.0,1784.0,4554.0,180.0,2.0,14.0,50.0,2.0,53.0,,71.0,1152.0,270.0,6406.0,752.0,1230.0,162.0,312.0,2614.0,600.0,1353.0,3883.0,5012.0,2440.0,885.0,474.0,4956.0,4205.0,1187.0,4412.0,415.0,2788.0,86.0
2026-07-19T16:00Z,225.0,379.0,377.0,10955.0,15181.0,2743.0,163.0,16841.0,2109.0,7401.0,19260.0,2037.0,10250.0,5306.0,1944.0,963.0,1208.0,208.0,2622.0,882.0,1522.0,1463.0,2522.0,12424.0,5195.0,11452.0,19419.0,12506.0,25580.0,1386.0,770.0,1105.0,512.0,407.0,916.0,882.0,263.0,648.0,6143.0,2458.0,1462.0,18192.0,6067.0,8178.0,4058.0,11732.0,2200.0,3482.0,20043.0,2446.0,1588.0,1848.0,2639.0,1765.0,5017.0,3755.0,4569.0,1821.0,4663.0,189.0,2.0,16.0,49.0,2.0,55.0,,71.0,1202.0,283.0,7001.0,819.0,1279.0,182.0,338.0,2857.0,655.0,1486.0,4023.0,5424.0,2605.0,945.0,525.0,5107.0,4343.0,1264.0,4800.0,459.0,2958.0,90.0
2026-07-19T17:00Z,229.0,410.0,387.0,10734.0,16464.0,2952.0,173.0,18086.0,2269.0,7407.0,20941.0,2161.0,11033.0,5696.0,2093.0,941.0,1202.0,189.0,2688.0,923.0,1573.0,1450.0,2568.0,13131.0,5541.0,11988.0,20318.0,13201.0,27155.0,1401.0,784.0,1114.0,513.0,402.0,899.0,909.0,275.0,670.0,6223.0,2559.0,1485.0,18992.0,6284.0,8498.0,4243.0,12351.0,2287.0,3699.0,20793.0,2538.0,1649.0,2017.0,2789.0,1818.0,5179.0,3899.0,4672.0,1863.0,4773.0,199.0,2.0,18.0,47.0,2.0,56.0,,74.0,1281.0,300.0,7614.0,884.0,1319.0,200.0,359.0,3074.0,704.0,1620.0,4005.0,5822.0,2752.0,990.0,574.0,5266.0,4474.0,1338.0,5188.0,511.0,3117.0,93.0
2026-07-19T18:00Z,237.0,426.0,393.0,10537.0,17051.0,3032.0,227.0,19162.0,2359.0,7548.0,22494.0,2263.0,11767.0,5977.0,2205.0,936.0,1206.0,173.0,2781.0,1023.0,1662.0,1467.0,2635.0,13775.0,5895.0,12461.0,21127.0,13735.0,28638.0,1433.0,797.0,1106.0,502.0,398.0,904.0,959.0,289.0,693.0,6324.0,2673.0,1545.0,19524.0,6439.0,8801.0,4397.0,12884.0,2375.0,3847.0,21502.0,2646.0,1699.0,2010.0,2968.0,1864.0,5313.0,3999.0,4744.0,1895.0,4976.0,211.0,2.0,19.0,46.0,3.0,57.0,,75.0,1390.0,315.0,8189.0,941.0,1360.0,211.0,372.0,3196.0,746.0,1710.0,4065.0,6172.0,2891.0,1028.0,616.0,5443.0,4570.0,1418.0,5531.0,565.0,3269.0,95.0
2026-07-19T19:00Z,239.0,436.0,401.0,10185.0,17983.0,2830.0,232.0,20043.0,2461.0,7685.0,23870.0,2351.0,12437.0,6246.0,2294.0,976.0,1237.0,185.0,2932.0,980.0,1741.0,1542.0,2738.0,14233.0,6171.0,12885.0,21926.0,14001.0,29655.0,1480.0,820.0,1095.0,507.0,400.0,959.0,1031.0,309.0,726.0,6429.0,2816.0,1597.0,19896.0,6593.0,9010.0,4543.0,13370.0,2458.0,3977.0,21798.0,2777.0,1769.0,2080.0,3110.0,1906.0,5442.0,4162.0,4833.0,1920.0,5174.0,223.0,2.0,21.0,50.0,3.0,59.0,1.0,77.0,1489.0,323.0,8649.0,990.0,1394.0,219.0,381.0,3268.0,775.0,1768.0,3938.0,6444.0,2990.0,1062.0,644.0,5598.0,4646.0,1480.0,5767.0,620.0,3404.0,99.0
2026-07-19T20:00Z,240.0,445.0,407.0,10275.0,18258.0,3342.0,214.0,20771.0,2698.0,7760.0,24807.0,2427.0,13016.0,6394.0,2378.0,1026.0,1296.0,234.0,3168.0,1015.0,1885.0,1653.0,2866.0,14590.0,6347.0,13335.0,22577.0,14144.0,30483.0,1532.0,864.0,1147.0,514.0,427.0,1014.0,1122.0,335.0,764.0,6585.0,2998.0,1698.0,20291.0,6728.0,9264.0,4660.0,13787.0,2510.0,4069.0,21628.0,2864.0,1805.0,2218.0,3365.0,1972.0,5559.0,4257.0,4957.0,1957.0,5492.0,237.0,2.0,22.0,48.0,3.0,59.0,4.0,79.0,1633.0,337.0,8915.0,1022.0,1410.0,227.0,382.0,3271.0,791.0,1801.0,4022.0,6621.0,3068.0,1076.0,667.0,5728.0,4677.0,1517.0,5896.0,661.0,3508.0,101.0
2026-07-19T21:00Z,239.0,467.0,413.0,10871.0,18403.0,3098.0,188.0,21307.0,2832.0,7660.0,25440.0,2338.0,13448.0,6501.0,2441.0,1125.0,1384.0,317.0,3448.0,1075.0,2038.0,1792.0,3014.0,14897.0,6475.0,13596.0,23243.0,14468.0,31171.0,1595.0,926.0,1231.0,526.0,484.0,1135.0,1231.0,356.0,806.0,6723.0,3205.0,1825.0,20665.0,6841.0,9451.0,4761.0,14169.0,2569.0,4145.0,21409.0,2951.0,1867.0,2289.0,3602.0,2047.0,5650.0,4338.0,5123.0,2014.0,5824.0,245.0,3.0,23.0,47.0,3.0,57.0,7.0,81.0,1667.0,334.0,9142.0,1049.0,1424.0,226.0,381.0,3342.0,802.0,1794.0,4019.0,6759.0,3129.0,1095.0,683.0,5812.0,4734.0,1545.0,5959.0,698.0,3622.0,101.0
2026-07-19T22:00Z,246.0,486.0,416.0,11277.0,18085.0,2851.0,188.0,21536.0,2754.0,7458.0,25925.0,2265.0,13698.0,6492.0,2490.0,1264.0,1468.0,430.0,3716.0,1134.0,2174.0,1959.0,3123.0,15302.0,6594.0,13786.0,23757.0,14683.0,31284.0,1674.0,1008.0,1380.0,505.0,561.0,1278.0,1359.0,374.0,837.0,6788.0,3357.0,1927.0,20921.0,6944.0,9546.0,4776.0,14420.0,2599.0,4193.0,21353.0,2969.0,1887.0,2182.0,3766.0,2103.0,5757.0,4383.0,5271.0,2048.0,6068.0,248.0,2.0,22.0,47.0,3.0,58.0,14.0,83.0,1647.0,341.0,9275.0,1070.0,1435.0,230.0,389.0,3412.0,813.0,1821.0,4022.0,6872.0,3149.0,1099.0,699.0,5862.0,4773.0,1574.0,6028.0,736.0,3737.0,103.0
2026-07-19T23:00Z,254.0,500.0,411.0,11548.0,18832.0,2973.0,213.0,21566.0,2749.0,7272.0,25821.0,2285.0,13959.0,6509.0,2493.0,1371.0,1508.0,546.0,3864.0,1179.0,2248.0,2056.0,3184.0,15765.0,6732.0,13823.0,23970.0,14771.0,31391.0,1758.0,1101.0,1591.0,522.0,679.0,1439.0,1456.0,379.0,848.0,6793.0,3389.0,1972.0,20777.0,6935.0,9305.0,4821.0,14572.0,2581.0,4168.0,21252.0,2967.0,1865.0,2126.0,3814.0,2109.0,5721.0,4382.0,5357.0,2032.0,6277.0,243.0,2.0,21.0,47.0,3.0,60.0,23.0,83.0,1734.0,350.0,9326.0,1081.0,1438.0,237.0,390.0,3465.0,822.0,1834.0,4042.0,6948.0,3163.0,1107.0,708.0,5885.0,4806.0,1594.0,6102.0,749.0,3857.0,105.0
2026-07-20T00:00Z,256.0,496.0,386.0,12618.0,18966.0,2974.0,199.0,21365.0,2768.0,7023.0,25358.0,2241.0,14077.0,6410.0,2414.0,1394.0,1485.0,621.0,3824.0,1104.0,2178.0,2062.0,3149.0,15975.0,6831.0,13633.0,23657.0,14673.0,31229.0,1827.0,1193.0,1786.0,556.0,833.0,1557.0,1454.0,362.0,832.0,6730.0,3300.0,1923.0,20362.0,6756.0,9047.0,4710.0,14447.0,2519.0,4062.0,20704.0,2880.0,1804.0,2168.0,3676.0,2041.0,5493.0,4310.0,5290.0,1994.0,6258.0,229.0,2.0,21.0,51.0,3.0,60.0,9.0,84.0,1810.0,346.0,9184.0,1048.0,1428.0,230.0,378.0,3402.0,821.0,1788.0,4027.0,6867.0,3152.0,1106.0,692.0,5857.0,4830.0,1582.0,6057.0,753.0,3940.0,107.0
2026-07-20T01:00Z,234.0,485.0,394.0,13676.0,18960.0,3251.0,194.0,20769.0,2697.0,7127.0,24535.0,2323.0,13782.0,6148.0,2341.0,1385.0,1438.0,639.0,3689.0,1097.0,2086.0,2018.0,3082.0,15600.0,6767.0,13074.0,22741.0,14266.0,30543.0,1803.0,1195.0,1814.0,545.0,883.0,1559.0,1386.0,343.0,806.0,6637.0,3135.0,1793.0,19745.0,6424.0,8693.0,4503.0,13992.0,2401.0,3876.0,19998.0,2715.0,1729.0,2073.0,3386.0,1948.0,5223.0,4144.0,5096.0,1937.0,6049.0,215.0,2.0,21.0,51.0,3.0,60.0,21.0,84.0,1867.0,347.0,8843.0,1009.0,1411.0,226.0,379.0,3305.0,802.0,1752.0,3973.0,6640.0,3107.0,1090.0,674.0,5805.0,4812.0,1538.0,5887.0,746.0,3900.0,107.0
2026-07-20T02:00Z,236.0,464.0,391.0,14519.0,18582.0,3473.0,146.0,20085.0,2603.0,7101.0,23370.0,2076.0,13192.0,6025.0,2179.0,1312.0,1363.0,620.0,3512.0,1018.0,1965.0,1943.0,2996.0,15244.0,6563.0,12593.0,21808.0,13822.0,29439.0,1756.0,1157.0,1770.0,590.0,868.0,1499.0,1314.0,327.0,785.0,6579.0,2981.0,1688.0,19195.0,6159.0,8379.0,4293.0,13461.0,2301.0,3723.0,19439.0,2552.0,1666.0,2017.0,3189.0,1840.0,5005.0,3987.0,4906.0,1890.0,5864.0,203.0,2.0,20.0,51.0,3.0,59.0,27.0,85.0,1860.0,359.0,8370.0,962.0,1376.0,216.0,371.0,3190.0,770.0,1678.0,4029.0,6362.0,3024.0,1056.0,642.0,5714.0,4719.0,1459.0,5619.0,716.0,3834.0,106.0
2026-07-20T03:00Z,235.0,435.0,390.0,14893.0,17732.0,3476.0,102.0,19488.0,2563.0,7260.0,22580.0,2156.0,12724.0,5920.0,2188.0,1205.0,1240.0,584.0,3218.0,867.0,1763.0,1797.0,2811.0,14769.0,6283.0,12011.0,20796.0,13385.0,28341.0,1667.0,1072.0,1664.0,582.0,807.0,1398.0,1204.0,297.0,736.0,6365.0,2750.0,1539.0,18252.0,5744.0,7895.0,3941.0,12962.0,2157.0,3481.0,18336.0,2318.0,1573.0,1848.0,2868.0,1697.0,4660.0,3709.0,4556.0,1777.0,5503.0,186.0,2.0,20.0,55.0,3.0,58.0,29.0,83.0,1798.0,342.0,7975.0,922.0,1363.0,205.0,358.0,3105.0,741.0,1618.0,3998.0,6167.0,2938.0,1010.0,612.0,5604.0,4628.0,1399.0,5391.0,676.0,3678.0,102.0
2026-07-20T04:00Z,237.0,411.0,382.0,14858.0,17387.0,3423.0,95.0,18443.0,2415.0,7507.0,21239.0,1990.0,11917.0,5652.0,2133.0,1098.0,1127.0,535.0,2908.0,863.0,1607.0,1649.0,2579.0,13926.0,5856.0,11212.0,19454.0,12659.0,27032.0,1571.0,991.0,1565.0,569.0,748.0,1301.0,1091.0,266.0,681.0,6066.0,2492.0,1386.0,17134.0,5318.0,7367.0,3575.0,12242.0,1991.0,3192.0,17306.0,2082.0,1452.0,1675.0,2579.0,1568.0,4287.0,3394.0,4212.0,1660.0,5096.0,169.0,2.0,19.0,53.0,3.0,57.0,29.0,83.0,1718.0,332.0,7449.0,858.0,1334.0,190.0,342.0,2930.0,702.0,1511.0,3949.0,5861.0,2801.0,979.0,566.0,5436.0,4500.0,1316.0,5063.0,637.0,3532.0,98.0
2026-07-20T05:00Z,228.0,378.0,372.0,14502.0,16718.0,3349.0,89.0,17338.0,2246.0,7471.0,19786.0,1859.0,11044.0,5300.0,2032.0,1033.0,1046.0,509.0,2669.0,790.0,1463.0,1552.0,2413.0,12968.0,5441.0,10453.0,18706.0,11859.0,25433.0,1493.0,931.0,1470.0,561.0,695.0,1218.0,1009.0,247.0,640.0,5776.0,2275.0,1253.0,16172.0,5031.0,6947.0,3268.0,11433.0,1843.0,2942.0,16487.0,1897.0,1349.0,1435.0,2303.0,1459.0,3986.0,3115.0,3950.0,1587.0,4728.0,156.0,2.0,18.0,56.0,2.0,56.0,32.0,79.0,1598.0,310.0,6910.0,786.0,1305.0,174.0,327.0,2747.0,655.0,1395.0,3983.0,5484.0,2639.0,931.0,522.0,5202.0,4320.0,1222.0,4719.0,577.0,3313.0,92.0
2026-07-20T06:00Z,218.0,347.0,364.0,13677.0,15552.0,3096.0,59.0,16311.0,2094.0,7387.0,18466.0,1756.0,10210.0,5028.0,1880.0,993.0,993.0,488.0,2493.0,754.0,1366.0,1462.0,2267.0,12252.0,5118.0,9939.0,18493.0,11373.0,24113.0,1442.0,891.0,1405.0,559.0,669.0,1174.0,945.0,231.0,604.0,5501.0,2108.0,1159.0,15492.0,4830.0,6626.0,3033.0,10811.0,1735.0,2751.0,15892.0,1766.0,1296.0,1335.0,2118.0,1379.0,3738.0,2904.0,3764.0,1538.0,4474.0,146.0,3.0,16.0,55.0,2.0,55.0,29.0,79.0,1478.0,292.0,6441.0,723.0,1269.0,158.0,317.0,2583.0,613.0,1302.0,3893.0,5183.0,2505.0,892.0,479.0,5042.0,4156.0,1155.0,4430.0,516.0,3104.0,86.0
2026-07-20T07:00Z,211.0,322.0,358.0,12702.0,14559.0,2855.0,42.0,15474.0,1998.0,7420.0,17384.0,1682.0,9599.0,4783.0,1696.0,972.0,964.0,474.0,2366.0,741.0,1296.0,1399.0,2180.0,11806.0,4861.0,9511.0,17946.0,10898.0,23145.0,1402.0,867.0,1385.0,555.0,648.0,1143.0,902.0,217.0,570.0,5289.0,2002.0,1097.0,15097.0,4707.0,6391.0,2880.0,10303.0,1663.0,2609.0,15432.0,1680.0,1251.0,1364.0,1997.0,1338.0,3577.0,2764.0,3619.0,1499.0,4305.0,139.0,2.0,15.0,57.0,2.0,55.0,27.0,76.0,1401.0,278.0,6087.0,677.0,1246.0,146.0,307.0,2449.0,583.0,1225.0,3800.0,4907.0,2395.0,857.0,446.0,4919.0,4038.0,1101.0,4207.0,465.0,2939.0,80.0
2026-07-20T08:00Z,208.0,304.0,352.0,12194.0,13366.0,2935.0,40.0,14842.0,1892.0,7497.0,16679.0,1633.0,9203.0,4673.0,1707.0,964.0,956.0,470.0,2303.0,705.0,1264.0,1374.0,2145.0,11425.0,4670.0,9299.0,17548.0,10430.0,22397.0,1388.0,853.0,1373.0,553.0,637.0,1122.0,875.0,207.0,545.0,5159.0,1928.0,1060.0,14869.0,4623.0,6336.0,2802.0,9970.0,1629.0,2523.0,15223.0,1631.0,1215.0,1331.0,1932.0,1316.0,3480.0,2690.0,3559.0,1490.0,4173.0,135.0,2.0,14.0,56.0,2.0,55.0,26.0,76.0,1326.0,263.0,5816.0,648.0,1228.0,138.0,296.0,2340.0,559.0,1155.0,3724.0,4724.0,2323.0,834.0,425.0,4841.0,3971.0,1068.0,4036.0,426.0,2818.0,77.0
2026-07-20T09:00Z,208.0,289.0,348.0,11528.0,12474.0,2710.0,38.0,14455.0,1854.0,7498.0,16208.0,1642.0,8931.0,4530.0,1704.0,995.0,976.0,480.0,2315.0,702.0,1281.0,1390.0,2167.0,11247.0,4556.0,9239.0,17320.0,10314.0,21887.0,1387.0,859.0,1394.0,555.0,640.0,1130.0,866.0,204.0,534.0,5142.0,1913.0,1048.0,14954.0,4682.0,6417.0,2800.0,9799.0,1633.0,2508.0,15237.0,1629.0,1211.0,1324.0,1908.0,1337.0,3465.0,2702.0,3603.0,1509.0,4142.0,135.0,2.0,13.0,60.0,2.0,55.0,25.0,75.0,1274.0,260.0,5641.0,631.0,1217.0,131.0,284.0,2273.0,540.0,1126.0,3665.0,4558.0,2277.0,818.0,411.0,4781.0,3954.0,1041.0,3911.0,402.0,2714.0,75.0
2026-07-20T10:00Z,206.0,283.0,345.0,11200.0,12034.0,2581.0,39.0,14295.0,1826.0,7455.0,16033.0,1631.0,8801.0,4399.0,1727.0,1037.0,1035.0,503.0,2418.0,727.0,1323.0,1458.0,2242.0,11220.0,4539.0,9376.0,17278.0,10366.0,21569.0,1428.0,898.0,1446.0,532.0,667.0,1164.0,883.0,209.0,549.0,5271.0,1950.0,1062.0,15379.0,4852.0,6645.0,2889.0,9922.0,1696.0,2580.0,15534.0,1686.0,1236.0,1362.0,1968.0,1401.0,3568.0,2894.0,3749.0,1578.0,4215.0,137.0,2.0,13.0,57.0,2.0,55.0,25.0,74.0,1247.0,254.0,5573.0,629.0,1205.0,127.0,294.0,2249.0,534.0,1086.0,3629.0,4487.0,2256.0,809.0,409.0,4767.0,3967.0,1030.0,3881.0,386.0,2646.0,75.0
2026-07-20T11:00Z,207.0,283.0,344.0,11146.0,11953.0,2524.0,40.0,14411.0,1819.0,7375.0,16273.0,1621.0,8833.0,4398.0,1714.0,1088.0,1126.0,519.0,2589.0,768.0,1418.0,1553.0,2403.0,11574.0,4635.0,9799.0,18082.0,10580.0,21772.0,1468.0,933.0,1492.0,540.0,674.0,1189.0,910.0,223.0,583.0,5636.0,2028.0,1084.0,15858.0,4999.0,6954.0,3011.0,10279.0,1801.0,2719.0,16010.0,1767.0,1275.0,1337.0,2038.0,1494.0,3744.0,3103.0,4018.0,1674.0,4263.0,144.0,2.0,13.0,56.0,2.0,55.0,25.0,74.0,1233.0,257.0,5627.0,652.0,1212.0,126.0,292.0,2279.0,542.0,1103.0,3609.0,4526.0,2277.0,819.0,417.0,4781.0,4026.0,1037.0,3960.0,382.0,2642.0,75.0
2026-07-20T12:00Z,206.0,290.0,348.0,10928.0,11908.0,2635.0,38.0,14533.0,1884.0,7367.0,16522.0,1683.0,8958.0,4545.0,1733.0,1090.0,1214.0,486.0,2749.0,829.0,1494.0,1641.0,2559.0,12238.0,4784.0,10223.0,19153.0,10870.0,21918.0,1488.0,917.0,1412.0,542.0,595.0,1162.0,917.0,236.0,625.0,6063.0,2142.0,1115.0,16414.0,5281.0,7376.0,3161.0,10834.0,1922.0,2869.0,16533.0,1838.0,1347.0,1471.0,2134.0,1601.0,4026.0,3188.0,4262.0,1786.0,4432.0,157.0,2.0,14.0,56.0,2.0,56.0,26.0,75.0,1244.0,258.0,5786.0,681.0,1220.0,128.0,300.0,2325.0,563.0,1133.0,3654.0,4628.0,2315.0,831.0,432.0,4828.0,4141.0,1048.0,4087.0,387.0,2781.0,75.0
2026-07-20T13:00Z,191.0,311.0,356.0,11331.0,12076.0,2553.0,40.0,14756.0,1895.0,7424.0,16866.0,1737.0,9122.0,4527.0,1791.0,1030.0,1261.0,399.0,2782.0,859.0,1540.0,1668.0,2685.0,12907.0,4930.0,10707.0,19960.0,11485.0,22219.0,1474.0,868.0,1260.0,521.0,499.0,1091.0,884.0,244.0,648.0,6401.0,2221.0,1118.0,17157.0,5463.0,7786.0,3269.0,11380.0,2035.0,3035.0,17095.0,1899.0,1428.0,1549.0,2166.0,1684.0,4302.0,3289.0,4403.0,1870.0,4502.0,171.0,2.0,14.0,59.0,2.0,57.0,23.0,75.0,1241.0,262.0,6094.0,737.0,1236.0,138.0,319.0,2487.0,606.0,1238.0,3769.0,4815.0,2454.0,870.0,469.0,4862.0,4322.0,1078.0,4361.0,405.0,2863.0,78.0
2026-07-20T14:00Z,205.0,332.0,364.0,11821.0,12543.0,2559.0,47.0,15535.0,1910.0,7468.0,17968.0,1897.0,9511.0,4704.0,1877.0,966.0,1288.0,313.0,2763.0,895.0,1548.0,1649.0,2774.0,13449.0,5077.0,11194.0,20576.0,12225.0,23551.0,1482.0,858.0,1183.0,528.0,447.0,1024.0,841.0,251.0,663.0,6635.0,2263.0,1110.0,17765.0,5686.0,8140.0,3367.0,11992.0,2154.0,3256.0,17606.0,2010.0,1500.0,1630.0,2225.0,1740.0,4496.0,3408.0,4534.0,1945.0,4545.0,180.0,2.0,16.0,58.0,2.0,60.0,3.0,77.0,1308.0,272.0,6623.0,815.0,1291.0,155.0,342.0,2708.0,652.0,1376.0,3882.0,5161.0,2620.0,932.0,522.0,4985.0,4489.0,1144.0,4721.0,447.0,2995.0,83.0
2026-07-20T15:00Z,225.0,342.0,376.0,12284.0,13740.0,2774.0,62.0,16546.0,2113.0,7528.0,19332.0,2003.0,10034.0,5021.0,1967.0,970.0,1319.0,249.0,2780.0,933.0,1572.0,1645.0,2848.0,13896.0,5285.0,11819.0,21489.0,12995.0,25055.0,1512.0,885.0,1177.0,531.0,443.0,958.0,823.0,253.0,674.0,6776.0,2343.0,1126.0,18479.0,5889.0,8528.0,3476.0,12618.0,2292.0,3516.0,18304.0,2124.0,1557.0,1731.0,2313.0,1800.0,4713.0,3466.0,4711.0,2013.0,4631.0,190.0,3.0,18.0,59.0,2.0,64.0,,79.0,1367.0,292.0,7052.0,871.0,1322.0,170.0,357.0,2875.0,683.0,1466.0,3936.0,5474.0,2744.0,969.0,561.0,5106.0,4587.0,1194.0,4981.0,471.0,2990.0,87.0
2026-07-20T16:00Z,233.0,359.0,394.0,12572.0,15529.0,3037.0,107.0,17712.0,2271.0,7611.0,20949.0,2130.0,10747.0,5349.0,2052.0,980.0,1350.0,228.0,2859.0,999.0,1648.0,1663.0,2923.0,14494.0,5622.0,12572.0,22257.0,13805.0,27073.0,1529.0,928.0,1210.0,511.0,464.0,933.0,855.0,263.0,689.0,6880.0,2431.0,1169.0,19303.0,6241.0,8872.0,3690.0,13275.0,2436.0,3745.0,19092.0,2220.0,1602.0,1907.0,2401.0,1868.0,4913.0,3598.0,4813.0,2058.0,4760.0,200.0,2.0,20.0,60.0,3.0,66.0,4.0,80.0,1407.0,301.0,7072.0,873.0,1322.0,171.0,358.0,2882.0,684.0,1470.0,3942.0,5497.0,2750.0,970.0,562.0,5108.0,4590.0,1197.0,4993.0,473.0,2993.0,88.0
2026-07-20T17:00Z,236.0,385.0,403.0,12495.0,17496.0,3424.0,163.0,18819.0,2414.0,7742.0,22811.0,2282.0,11550.0,5812.0,2131.0,1047.0,1376.0,229.0,2948.0,996.0,1700.0,1690.0,2987.0,15108.0,6005.0,13366.0,23004.0,14474.0,28947.0,1558.0,955.0,1242.0,539.0,502.0,977.0,907.0,273.0,706.0,6982.0,2604.0,1249.0,20223.0,6568.0,9154.0,3924.0,13863.0,2597.0,4016.0,19808.0,2352.0,1653.0,2092.0,2569.0,1952.0,5135.0,3814.0,4958.0,2106.0,4956.0,211.0,2.0,23.0,60.0,3.0,68.0,8.0,82.0,1483.0,311.0,7072.0,873.0,1322.0,171.0,358.0,2882.0,684.0,1470.0,3942.0,5497.0,2750.0,970.0,562.0,5108.0,4590.0,1197.0,4993.0,473.0,2993.0,88.0
2026-07-20T18:00Z,244.0,405.0,410.0,12944.0,18453.0,3498.0,135.0,19868.0,2616.0,7858.0,24491.0,2423.0,12378.0,6070.0,2279.0,1100.0,1415.0,251.0,3084.0,1028.0,1780.0,1739.0,3060.0,15810.0,6513.0,14030.0,23853.0,15031.0,30540.0,1606.0,985.0,1245.0,547.0,518.0,1047.0,971.0,289.0,730.0,7088.0,2766.0,1340.0,21041.0,6865.0,9646.0,4084.0,14158.0,2739.0,4238.0,20286.0,2497.0,1727.0,2261.0,2797.0,2059.0,5377.0,3983.0,5156.0,2171.0,5251.0,225.0,2.0,24.0,57.0,3.0,70.0,10.0,84.0,1579.0,330.0,7072.0,873.0,1322.0,171.0,358.0,2882.0,684.0,1470.0,3942.0,5497.0,2750.0,970.0,562.0,5108.0,4590.0,1197.0,4993.0,473.0,2993.0,88.0
2026-07-20T19:00Z,245.0,444.0,396.0,13194.0,19165.0,3384.0,161.0,20859.0,2815.0,7733.0,25858.0,2453.0,13116.0,6467.0,2329.0,1139.0,1470.0,284.0,3257.0,1050.0,1883.0,1826.0,3170.0,16283.0,6769.0,14482.0,24555.0,15505.0,31559.0,1651.0,1016.0,1295.0,545.0,518.0,1097.0,1046.0,313.0,765.0,7210.0,2906.0,1455.0,21685.0,7127.0,9919.0,4290.0,14074.0,2831.0,4389.0,20690.0,2656.0,1817.0,2294.0,3070.0,2135.0,5601.0,4180.0,5327.0,2202.0,5589.0,242.0,2.0,28.0,58.0,3.0,71.0,11.0,85.0,1660.0,342.0,7072.0,873.0,1322.0,171.0,358.0,2882.0,684.0,1470.0,3942.0,5497.0,2750.0,970.0,562.0,5108.0,4590.0,1197.0,4993.0,473.0,2993.0,88.0
2026-07-20T20:00Z,245.0,462.0,420.0,13729.0,19634.0,3046.0,172.0,21529.0,2794.0,7167.0,26869.0,2359.0,13476.0,6628.0,2462.0,1160.0,1543.0,317.0,3504.0,1115.0,2011.0,1945.0,3306.0,16528.0,6847.0,14646.0,25069.0,15816.0,32173.0,1708.0,1064.0,1383.0,548.0,534.0,1155.0,1145.0,335.0,812.0,7361.0,3071.0,1600.0,22141.0,7285.0,10181.0,4457.0,14004.0,2890.0,4500.0,20991.0,2779.0,1906.0,2362.0,3366.0,2215.0,5849.0,4256.0,5509.0,2233.0,5989.0,259.0,2.0,28.0,56.0,3.0,70.0,15.0,86.0,1812.0,351.0,7072.0,873.0,1322.0,171.0,358.0,2882.0,684.0,1470.0,3942.0,5497.0,2750.0,970.0,562.0,5108.0,4590.0,1197.0,4993.0,473.0,2993.0,88.0
2026-07-20T21:00Z,240.0,480.0,423.0,13870.0,20229.0,3239.0,190.0,21932.0,2816.0,6900.0,27395.0,2348.0,13663.0,6687.0,2419.0,1243.0,1604.0,385.0,3818.0,1159.0,2154.0,2079.0,3435.0,16674.0,6793.0,14731.0,25666.0,16109.0,32714.0,1803.0,1121.0,1492.0,552.0,598.0,1274.0,1283.0,350.0,861.0,7513.0,3287.0,1767.0,22466.0,7509.0,10245.0,4664.0,14357.0,2958.0,4606.0,21462.0,2930.0,1983.0,2440.0,3697.0,2282.0,6068.0,4386.0,5689.0,2270.0,6416.0,271.0,2.0,30.0,58.0,3.0,69.0,20.0,89.0,1780.0,362.0,7072.0,873.0,1322.0,171.0,358.0,2882.0,684.0,1470.0,3942.0,5497.0,2750.0,970.0,562.0,5108.0,4590.0,1197.0,4993.0,473.0,2993.0,88.0
2026-07-20T22:00Z,243.0,496.0,420.0,13707.0,20734.0,3632.0,179.0,22248.0,2823.0,6878.0,27565.0,2362.0,13946.0,6801.0,2569.0,1365.0,1681.0,505.0,4099.0,1209.0,2287.0,2235.0,3537.0,16804.0,6892.0,14775.0,26054.0,16337.0,32914.0,1915.0,1244.0,1651.0,562.0,690.0,1447.0,1424.0,373.0,900.0,7565.0,3463.0,1928.0,22659.0,7699.0,10293.0,4882.0,15219.0,2989.0,4666.0,21756.0,3033.0,2034.0,2386.0,3954.0,2354.0,6237.0,4543.0,5870.0,2304.0,6801.0,276.0,2.0,31.0,57.0,4.0,70.0,20.0,91.0,1776.0,364.0,7072.0,873.0,1322.0,171.0,358.0,2882.0,684.0,1470.0,3942.0,5497.0,2750.0,970.0,562.0,5108.0,4590.0,1197.0,4993.0,473.0,2993.0,88.0
2026-07-20T23:00Z,247.0,504.0,424.0,14382.0,20684.0,3632.0,177.0,22221.0,2821.0,6848.0,27663.0,2381.0,14135.0,6684.0,2523.0,1480.0,1713.0,632.0,4223.0,1221.0,2328.0,2317.0,3530.0,16814.0,7138.0,14707.0,26121.0,16186.0,32978.0,1957.0,1313.0,1879.0,604.0,805.0,1596.0,1531.0,385.0,906.0,7339.0,3490.0,1996.0,22627.0,7625.0,10164.0,4940.0,15869.0,2947.0,4596.0,21631.0,3079.0,1999.0,2486.0,4080.0,2350.0,6183.0,4542.0,5940.0,2253.0,6950.0,270.0,2.0,31.0,58.0,4.0,70.0,19.0,87.0,1878.0,367.0,7072.0,873.0,1322.0,171.0,358.0,2882.0,684.0,1470.0,3942.0,5497.0,2750.0,970.0,562.0,5108.0,4590.0,1197.0,4993.0,473.0,2993.0,88.0
2026-07-21T00:00Z,249.0,500.0,439.0,14819.0,20085.0,3682.0,189.0,21726.0,2859.0,6938.0,27414.0,2361.0,14474.0,6568.0,2584.0,1490.0,1667.0,697.0,4134.0,1165.0,2238.0,2279.0,3419.0,16730.0,7408.0,14473.0,25927.0,15957.0,32525.0,1970.0,1355.0,2033.0,615.0,948.0,1692.0,1543.0,373.0,876.0,7082.0,3378.0,1945.0,22064.0,7377.0,9879.0,4850.0,15410.0,2883.0,4465.0,21187.0,3012.0,1924.0,2421.0,3878.0,2298.0,5934.0,4446.0,5873.0,2178.0,6829.0,254.0,3.0,30.0,59.0,4.0,69.0,18.0,84.0,1973.0,370.0,7072.0,873.0,1322.0,171.0,358.0,2882.0,684.0,1470.0,3942.0,5497.0,2750.0,970.0,562.0,5108.0,4590.0,1197.0,4993.0,473.0,2993.0,88.0
2026-07-21T01:00Z,221.0,486.0,439.0,15627.0,18957.0,3955.0,182.0,21208.0,2805.0,7164.0,26836.0,2346.0,14560.0,6578.0,2452.0,1470.0,1596.0,704.0,3966.0,1107.0,2139.0,2217.0,3289.0,16493.0,7353.0,14098.0,25159.0,15301.0,31460.0,1946.0,1340.0,2028.0,611.0,978.0,1674.0,1471.0,357.0,839.0,6873.0,3203.0,1845.0,21415.0,7137.0,9659.0,4691.0,15047.0,2800.0,4316.0,20642.0,2872.0,1837.0,2315.0,3603.0,2210.0,5663.0,4288.0,5671.0,2108.0,6572.0,236.0,2.0,27.0,43.0,4.0,63.0,22.0,84.0,1981.0,371.0,7072.0,873.0,1322.0,171.0,358.0,2882.0,684.0,1470.0,3942.0,5497.0,2750.0,970.0,562.0,5108.0,4590.0,1197.0,4993.0,473.0,2993.0,88.0
2026-07-21T02:00Z,218.0,462.0,431.0,16237.0,18015.0,3642.0,154.0,20323.0,2684.0,7316.0,25367.0,2259.0,13819.0,6384.0,2398.0,1392.0,1496.0,682.0,3754.0,1033.0,2013.0,2123.0,3155.0,15998.0,7089.0,13629.0,24362.0,14722.0,30450.0,1905.0,1306.0,1972.0,566.0,946.0,1614.0,1385.0,333.0,801.0,6764.0,3056.0,1750.0,20752.0,6860.0,9427.0,4518.0,14826.0,2709.0,4177.0,19991.0,2715.0,1792.0,2229.0,3398.0,2107.0,5426.0,4140.0,5451.0,2040.0,6353.0,222.0,2.0,25.0,48.0,3.0,62.0,32.0,84.0,1914.0,355.0,7072.0,873.0,1322.0,171.0,358.0,2882.0,684.0,1470.0,3942.0,5497.0,2750.0,970.0,562.0,5108.0,4590.0,1197.0,4993.0,473.0,2993.0,88.0
2026-07-21T03:00Z,238.0,433.0,414.0,16357.0,17770.0,3450.0,66.0,19764.0,2656.0,7520.0,24261.0,2193.0,13126.0,6245.0,2295.0,1271.0,1357.0,638.0,3423.0,933.0,1815.0,1956.0,2942.0,15386.0,6802.0,13007.0,23431.0,14135.0,29275.0,1816.0,1220.0,1844.0,575.0,882.0,1502.0,1270.0,310.0,751.0,6565.0,2835.0,1617.0,19832.0,6349.0,8965.0,4203.0,14502.0,2533.0,3892.0,18970.0,2484.0,1693.0,2054.0,3107.0,1950.0,5061.0,3892.0,5077.0,1911.0,5965.0,202.0,2.0,22.0,50.0,3.0,61.0,36.0,84.0,1864.0,343.0,7072.0,873.0,1322.0,171.0,358.0,2882.0,684.0,1470.0,3942.0,5497.0,2750.0,970.0,562.0,5108.0,4590.0,1197.0,4993.0,473.0,2993.0,88.0
2026-07-21T04:00Z,226.0,406.0,409.0,16313.0,17465.0,3452.0,48.0,18675.0,2514.0,7740.0,22708.0,2093.0,12322.0,5933.0,2173.0,1163.0,1232.0,577.0,3085.0,868.0,1639.0,1786.0,2700.0,14476.0,6363.0,12166.0,22040.0,13436.0,27877.0,1708.0,1134.0,1730.0,562.0,811.0,1395.0,1161.0,281.0,706.0,6284.0,2586.0,1470.0,18727.0,5910.0,8371.0,3882.0,13839.0,2345.0,3611.0,17961.0,2256.0,1558.0,1888.0,2804.0,1804.0,4702.0,3620.0,4745.0,1786.0,5550.0,182.0,2.0,21.0,51.0,3.0,60.0,35.0,81.0,1773.0,329.0,7072.0,873.0,1322.0,171.0,358.0,2882.0,684.0,1470.0,3942.0,5497.0,2750.0,970.0,562.0,5108.0,4590.0,1197.0,4993.0,473.0,2993.0,88.0
2026-07-21T05:00Z,222.0,366.0,364.0,15937.0,17266.0,3440.0,49.0,17474.0,2354.0,7698.0,20898.0,1991.0,11360.0,5553.0,2061.0,1087.0,1146.0,548.0,2826.0,818.0,1496.0,1664.0,2524.0,13388.0,5974.0,11380.0,21517.0,12816.0,26406.0,1618.0,1069.0,1638.0,546.0,752.0,1309.0,1076.0,259.0,669.0,6026.0,2393.0,1356.0,17671.0,5553.0,7853.0,3633.0,13093.0,2186.0,3379.0,17138.0,2086.0,1457.0,1730.0,2542.0,1706.0,4423.0,3381.0,4462.0,1704.0,5183.0,167.0,2.0,18.0,52.0,3.0,59.0,33.0,79.0,1647.0,306.0,7072.0,873.0,1322.0,171.0,358.0,2882.0,684.0,1470.0,3942.0,5497.0,2750.0,970.0,562.0,5108.0,4590.0,1197.0,4993.0,473.0,2993.0,88.0
2026-07-21T06:00Z,208.0,332.0,362.0,15032.0,16234.0,3320.0,45.0,16462.0,2192.0,7682.0,19318.0,1869.0,10491.0,5246.0,1961.0,1045.0,1085.0,521.0,2651.0,770.0,1414.0,1586.0,2393.0,12490.0,5691.0,10860.0,21320.0,12204.0,24843.0,1546.0,1017.0,1577.0,567.0,723.0,1268.0,1018.0,243.0,630.0,5822.0,2239.0,1273.0,16981.0,5321.0,7508.0,3459.0,12477.0,2073.0,3208.0,16560.0,1975.0,1393.0,1623.0,2379.0,1631.0,4221.0,3216.0,4276.0,1676.0,4904.0,156.0,2.0,16.0,52.0,2.0,58.0,30.0,77.0,1517.0,292.0,6365.0,792.0,1190.0,160.0,323.0,2671.0,616.0,1323.0,3548.0,4948.0,2458.0,875.0,506.0,4598.0,4131.0,1083.0,4494.0,522.0,2758.0,80.0
2026-07-21T07:00Z,201.0,307.0,371.0,13950.0,15047.0,2936.0,39.0,15595.0,2064.0,7650.0,18134.0,1793.0,9805.0,4954.0,1861.0,1013.0,1049.0,514.0,2537.0,747.0,1359.0,1518.0,2304.0,11825.0,5466.0,10472.0,20668.0,11950.0,23999.0,1499.0,989.0,1556.0,572.0,700.0,1241.0,978.0,230.0,602.0,5705.0,2146.0,1225.0,16520.0,5165.0,7331.0,3364.0,12012.0,1983.0,3053.0,16164.0,1910.0,1354.0,1553.0,2288.0,1600.0,4098.0,3127.0,4178.0,1682.0,4732.0,150.0,2.0,15.0,51.0,2.0,57.0,28.0,76.0,1420.0,276.0,6420.0,798.0,1191.0,158.0,325.0,2579.0,621.0,1334.0,3556.0,4991.0,2280.0,854.0,511.0,4637.0,4167.0,1080.0,4293.0,488.0,2787.0,72.0
2026-07-21T08:00Z,195.0,287.0,362.0,13345.0,13934.0,2926.0,31.0,14904.0,1966.0,7650.0,17181.0,1770.0,9275.0,4759.0,1809.0,1003.0,1034.0,503.0,2476.0,735.0,1336.0,1490.0,2265.0,11322.0,5318.0,10237.0,20214.0,11617.0,23387.0,1467.0,966.0,1541.0,579.0,691.0,1221.0,959.0,224.0,584.0,5663.0,2108.0,1203.0,16261.0,5080.0,7231.0,3333.0,11699.0,1930.0,2977.0,15946.0,1889.0,1334.0,1497.0,2237.0,1593.0,4029.0,3088.0,4102.0,1655.0,4655.0,147.0,2.0,13.0,51.0,2.0,57.0,26.0,74.0,1338.0,266.0,6473.0,803.0,1182.0,152.0,328.0,2489.0,626.0,1345.0,3490.0,5032.0,2183.0,832.0,515.0,4676.0,4201.0,1049.0,4131.0,459.0,2804.0,72.0
2026-07-21T09:00Z,194.0,273.0,357.0,12644.0,13264.0,2983.0,31.0,14432.0,1894.0,7596.0,16519.0,1682.0,8881.0,4634.0,1823.0,1031.0,1049.0,509.0,2493.0,746.0,1348.0,1503.0,2286.0,11060.0,5291.0,10178.0,20121.0,11271.0,22749.0,1474.0,967.0,1557.0,550.0,703.0,1232.0,954.0,223.0,587.0,5691.0,2136.0,1215.0,16331.0,5093.0,7305.0,3367.0,11566.0,1929.0,2951.0,15969.0,1922.0,1329.0,1484.0,2249.0,1617.0,4042.0,3134.0,4192.0,1682.0,4685.0,146.0,2.0,14.0,58.0,2.0,56.0,26.0,75.0,1271.0,262.0,6497.0,805.0,1174.0,146.0,329.0,2415.0,628.0,1350.0,3440.0,5051.0,2120.0,808.0,517.0,4693.0,4217.0,1023.0,4008.0,436.0,2815.0,71.0
2026-07-21T10:00Z,201.0,264.0,354.0,12052.0,12481.0,2812.0,33.0,14284.0,1872.0,7613.0,16237.0,1658.0,8715.0,4480.0,1720.0,1080.0,1106.0,533.0,2625.0,812.0,1428.0,1572.0,2401.0,10981.0,5268.0,10471.0,20338.0,11183.0,22686.0,1525.0,999.0,1611.0,550.0,738.0,1278.0,973.0,232.0,613.0,5900.0,2218.0,1259.0,16667.0,5255.0,7575.0,3507.0,11597.0,1992.0,3024.0,16318.0,2026.0,1360.0,1504.0,2351.0,1703.0,4227.0,3352.0,4420.0,1766.0,4862.0,152.0,3.0,13.0,60.0,2.0,56.0,25.0,73.0,1233.0,257.0,6587.0,718.0,1170.0,140.0,316.0,2390.0,637.0,1266.0,3409.0,5121.0,2108.0,807.0,524.0,4758.0,3942.0,1020.0,3985.0,413.0,2814.0,70.0
2026-07-21T11:00Z,198.0,263.0,352.0,11881.0,12281.0,2645.0,31.0,14402.0,1869.0,7639.0,16244.0,1674.0,8758.0,4550.0,1717.0,1144.0,1195.0,551.0,2834.0,816.0,1500.0,1661.0,2600.0,11278.0,5399.0,10880.0,20770.0,11239.0,22747.0,1595.0,1039.0,1672.0,572.0,759.0,1321.0,1032.0,248.0,670.0,6360.0,2326.0,1323.0,17449.0,5506.0,7787.0,3697.0,11908.0,2127.0,3173.0,16790.0,2169.0,1410.0,1507.0,2523.0,1826.0,4515.0,3610.0,4758.0,1889.0,5106.0,162.0,2.0,14.0,61.0,2.0,57.0,25.0,74.0,1223.0,256.0,6674.0,669.0,1189.0,137.0,309.0,2379.0,645.0,1188.0,3455.0,5188.0,2134.0,825.0,523.0,4821.0,3769.0,1034.0,4044.0,393.0,2781.0,68.0
2026-07-21T12:00Z,196.0,269.0,354.0,11884.0,12146.0,2806.0,35.0,14653.0,1929.0,7643.0,16456.0,1803.0,8975.0,4583.0,1828.0,1164.0,1280.0,541.0,3068.0,893.0,1610.0,1765.0,2786.0,11774.0,5544.0,11370.0,21880.0,11566.0,22841.0,1682.0,1093.0,1627.0,561.0,716.0,1323.0,1123.0,268.0,728.0,6835.0,2506.0,1412.0,18072.0,5741.0,8265.0,3908.0,12498.0,2257.0,3342.0,17405.0,2300.0,1457.0,1582.0,2715.0,1923.0,4826.0,3786.0,5031.0,2009.0,5436.0,179.0,2.0,14.0,59.0,2.0,58.0,26.0,75.0,1235.0,264.0,6793.0,714.0,1212.0,138.0,314.0,2422.0,578.0,1218.0,3580.0,4906.0,2208.0,856.0,449.0,4924.0,3911.0,1069.0,4210.0,421.0,2906.0,73.0
2026-07-21T13:00Z,194.0,283.0,361.0,12301.0,12181.0,2586.0,33.0,14814.0,1916.0,7634.0,16800.0,1910.0,9131.0,4585.0,1879.0,1148.0,1329.0,463.0,3274.0,912.0,1660.0,1832.0,2903.0,12181.0,5730.0,11959.0,22396.0,12035.0,23265.0,1700.0,1140.0,1675.0,541.0,538.0,1423.0,1214.0,293.0,763.0,7171.0,2667.0,1496.0,18806.0,6042.0,8628.0,4045.0,13244.0,2370.0,3550.0,17865.0,2421.0,1562.0,1667.0,2873.0,2006.0,5079.0,3914.0,5226.0,2104.0,5651.0,197.0,2.0,15.0,52.0,2.0,60.0,25.0,74.0,1245.0,270.0,6257.0,782.0,1275.0,144.0,336.0,2557.0,571.0,1294.0,3781.0,4985.0,2345.0,916.0,495.0,5022.0,4176.0,1134.0,4554.0,428.0,2972.0,77.0
2026-07-21T14:00Z,204.0,312.0,365.0,12495.0,12233.0,2597.0,50.0,15461.0,1975.0,7558.0,17921.0,2027.0,9510.0,4731.0,1880.0,1104.0,1367.0,469.0,3420.0,982.0,1701.0,1930.0,3020.0,12285.0,5850.0,12490.0,23303.0,12547.0,24318.0,1851.0,1133.0,1623.0,529.0,654.0,1451.0,1241.0,313.0,789.0,7451.0,2771.0,1560.0,19339.0,6258.0,8848.0,4183.0,13927.0,2473.0,3830.0,18465.0,2520.0,1618.0,1824.0,3016.0,2085.0,5354.0,3950.0,5402.0,2143.0,5910.0,209.0,2.0,16.0,49.0,2.0,62.0,14.0,78.0,1277.0,278.0,6791.0,848.0,1321.0,148.0,337.0,2606.0,588.0,1343.0,3808.0,5330.0,2408.0,969.0,541.0,5121.0,4253.0,1194.0,4816.0,448.0,3079.0,80.0
2026-07-21T15:00Z,218.0,333.0,374.0,13585.0,13431.0,2929.0,154.0,16491.0,2137.0,7601.0,19517.0,2128.0,10107.0,4906.0,1975.0,1062.0,1448.0,508.0,3576.0,983.0,1773.0,2027.0,3150.0,12378.0,5989.0,13116.0,24424.0,13006.0,25885.0,1923.0,1283.0,1702.0,564.0,695.0,1426.0,1194.0,333.0,812.0,7593.0,2988.0,1649.0,20047.0,6609.0,9101.0,4289.0,14701.0,2582.0,3990.0,19386.0,2638.0,1676.0,1988.0,3167.0,2169.0,5693.0,4046.0,5589.0,2170.0,6097.0,217.0,2.0,18.0,52.0,2.0,64.0,10.0,78.0,1323.0,288.0,7441.0,922.0,1369.0,156.0,337.0,2725.0,611.0,1416.0,3802.0,5791.0,2503.0,1020.0,595.0,5248.0,4336.0,1285.0,5140.0,459.0,3041.0,86.0
2026-07-21T16:00Z,217.0,352.0,379.0,13447.0,15188.0,2925.0,197.0,17625.0,2313.0,7697.0,21450.0,2266.0,10874.0,5341.0,2023.0,1061.0,1522.0,567.0,3737.0,1072.0,1823.0,2110.0,3243.0,12592.0,6234.0,13842.0,25454.0,13445.0,27782.0,1948.0,1320.0,1868.0,551.0,695.0,1315.0,1156.0,314.0,821.0,7753.0,3091.0,1728.0,20626.0,6805.0,9300.0,4464.0,15477.0,2737.0,4055.0,20294.0,2676.0,1708.0,2103.0,3325.0,2279.0,5979.0,4226.0,5805.0,2201.0,6095.0,216.0,2.0,20.0,56.0,3.0,65.0,11.0,79.0,1362.0,299.0,8148.0,990.0,1412.0,170.0,355.0,2907.0,646.0,1519.0,3671.0,6310.0,2610.0,1069.0,650.0,5453.0,4389.0,1375.0,5500.0,476.0,3148.0,88.0
2026-07-21T17:00Z,221.0,369.0,388.0,13713.0,17938.0,3439.0,243.0,18773.0,2501.0,7822.0,23517.0,2378.0,11799.0,5859.0,2083.0,1163.0,1549.0,532.0,3711.0,1079.0,1928.0,2087.0,3318.0,12714.0,6471.0,14443.0,26317.0,13951.0,29531.0,1820.0,1323.0,2041.0,548.0,765.0,1338.0,1274.0,295.0,818.0,8039.0,3088.0,1754.0,21343.0,6942.0,9593.0,4623.0,16079.0,2862.0,4258.0,21289.0,2697.0,1721.0,2198.0,3493.0,2335.0,6209.0,4416.0,5922.0,2226.0,6472.0,214.0,2.0,21.0,56.0,3.0,68.0,15.0,81.0,1414.0,309.0,8857.0,1057.0,1460.0,186.0,372.0,3120.0,673.0,1645.0,3698.0,6802.0,2691.0,1119.0,691.0,5650.0,4460.0,1469.0,5845.0,514.0,3245.0,90.0
2026-07-21T18:00Z,225.0,388.0,393.0,14294.0,18869.0,3826.0,267.0,19840.0,2693.0,7955.0,25479.0,2514.0,12755.0,6262.0,2227.0,1241.0,1519.0,538.0,3605.0,1120.0,2056.0,1976.0,3305.0,12918.0,6660.0,15020.0,26904.0,14393.0,30913.0,1817.0,1153.0,2015.0,504.0,853.0,1358.0,1322.0,311.0,835.0,8280.0,3187.0,1822.0,22018.0,7038.0,9862.0,5022.0,16525.0,2982.0,4518.0,22071.0,2803.0,1708.0,2296.0,3852.0,2377.0,6406.0,4695.0,6058.0,2189.0,6831.0,228.0,2.0,23.0,56.0,3.0,70.0,13.0,84.0,1508.0,322.0,9474.0,1121.0,1499.0,201.0,389.0,3283.0,694.0,1752.0,3683.0,7225.0,2746.0,1146.0,733.0,5840.0,4491.0,1567.0,6159.0,555.0,3386.0,87.0
2026-07-21T19:00Z,229.0,405.0,399.0,14580.0,19613.0,3426.0,275.0,20832.0,2815.0,7863.0,27184.0,2537.0,13648.0,6503.0,2542.0,1277.0,1502.0,569.0,3687.0,1147.0,2068.0,2037.0,3299.0,13210.0,6869.0,15285.0,27123.0,14748.0,31778.0,1889.0,1166.0,1886.0,550.0,925.0,1497.0,1424.0,342.0,877.0,8271.0,3266.0,1808.0,22396.0,7005.0,10148.0,5347.0,16890.0,3056.0,4302.0,22363.0,3017.0,1631.0,2367.0,3938.0,2383.0,6651.0,4960.0,6095.0,2150.0,6793.0,235.0,3.0,24.0,56.0,3.0,71.0,14.0,84.0,1630.0,335.0,9934.0,1168.0,1532.0,210.0,404.0,3380.0,708.0,1815.0,3608.0,7566.0,2783.0,1170.0,768.0,6013.0,4550.0,1636.0,6366.0,588.0,3520.0,90.0
2026-07-21T20:00Z,232.0,410.0,407.0,15044.0,20884.0,3133.0,261.0,21474.0,2845.0,7326.0,28063.0,2437.0,13985.0,6638.0,2545.0,1315.0,1530.0,583.0,3749.0,1128.0,2131.0,2155.0,3364.0,13354.0,6988.0,15311.0,26905.0,14924.0,32091.0,1827.0,1308.0,1835.0,572.0,861.0,1664.0,1405.0,338.0,881.0,8404.0,3316.0,1900.0,22289.0,6907.0,10532.0,5344.0,17077.0,3067.0,4098.0,22375.0,3177.0,1648.0,2226.0,4145.0,2355.0,6722.0,4953.0,6009.0,2136.0,7192.0,228.0,2.0,21.0,56.0,3.0,71.0,13.0,86.0,1704.0,343.0,10233.0,1197.0,1552.0,218.0,402.0,3448.0,719.0,1832.0,3648.0,7628.0,2824.0,1169.0,786.0,6147.0,4594.0,1676.0,6457.0,624.0,3646.0,92.0
2026-07-21T21:00Z,238.0,427.0,410.0,14884.0,20319.0,3079.0,237.0,21898.0,2891.0,7055.0,28455.0,2351.0,14078.0,6740.0,2650.0,1333.0,1567.0,636.0,3791.0,1114.0,2165.0,2233.0,3418.0,13443.0,7091.0,15284.0,26620.0,15001.0,32423.0,1804.0,1317.0,1908.0,589.0,838.0,1606.0,1407.0,317.0,843.0,8220.0,3341.0,2004.0,22208.0,6819.0,10857.0,5378.0,17207.0,3087.0,4301.0,21983.0,3271.0,1652.0,2125.0,4163.0,2328.0,6506.0,4937.0,6002.0,2129.0,7115.0,222.0,2.0,19.0,63.0,3.0,72.0,12.0,86.0,1753.0,346.0,10302.0,1213.0,1574.0,224.0,407.0,3504.0,723.0,1876.0,3666.0,7717.0,2868.0,1178.0,788.0,6243.0,4635.0,1670.0,6474.0,655.0,3770.0,92.0
2026-07-21T22:00Z,245.0,437.0,412.0,15479.0,19927.0,2779.0,186.0,22234.0,2911.0,7020.0,28841.0,2382.0,14269.0,6712.0,2647.0,1404.0,1602.0,681.0,3880.0,1134.0,2184.0,2204.0,3341.0,13515.0,7093.0,15319.0,26362.0,15034.0,32509.0,1860.0,1391.0,1836.0,612.0,933.0,1610.0,1481.0,333.0,853.0,8118.0,3352.0,2091.0,22104.0,6695.0,10969.0,5320.0,17247.0,3111.0,4519.0,21689.0,3153.0,1686.0,2149.0,4281.0,2320.0,6093.0,4683.0,5964.0,2110.0,7023.0,221.0,2.0,20.0,65.0,3.0,70.0,14.0,82.0,1797.0,350.0,10364.0,1234.0,1575.0,227.0,396.0,3476.0,736.0,1862.0,3679.0,7771.0,2901.0,1176.0,780.0,6298.0,4670.0,1692.0,6462.0,698.0,3872.0,93.0
2026-07-21T23:00Z,243.0,445.0,404.0,15731.0,20348.0,3027.0,188.0,22224.0,2915.0,7022.0,29009.0,2391.0,14503.0,6680.0,2661.0,1462.0,1576.0,689.0,3904.0,1144.0,2167.0,2171.0,3211.0,13633.0,7144.0,15152.0,25788.0,15008.0,32092.0,1886.0,1370.0,2028.0,592.0,969.0,1629.0,1471.0,354.0,850.0,7838.0,3320.0,1993.0,21808.0,6550.0,10847.0,4880.0,17097.0,3048.0,4582.0,21097.0,2923.0,1727.0,2082.0,4102.0,2258.0,5825.0,4461.0,5821.0,2044.0,6758.0,222.0,2.0,19.0,66.0,3.0,67.0,14.0,72.0,1748.0,349.0,10314.0,1213.0,1576.0,227.0,392.0,3447.0,735.0,1836.0,3651.0,7755.0,2896.0,1171.0,762.0,6311.0,4647.0,1709.0,6366.0,742.0,3929.0,95.0
2026-07-22T00:00Z,238.0,438.0,415.0,16640.0,20798.0,3358.0,197.0,21801.0,2960.0,7000.0,28863.0,2366.0,14621.0,6704.0,2651.0,1454.0,1539.0,699.0,3858.0,1074.0,2150.0,2149.0,3198.0,13624.0,7155.0,14835.0,24724.0,14669.0,31838.0,1846.0,1335.0,2149.0,595.0,1034.0,1654.0,1448.0,359.0,835.0,7669.0,3287.0,1863.0,21467.0,6397.0,10355.0,4618.0,16580.0,2948.0,4405.0,20515.0,2818.0,1712.0,2056.0,3921.0,2205.0,5617.0,4313.0,5755.0,2001.0,6635.0,219.0,2.0,18.0,65.0,3.0,65.0,15.0,78.0,1680.0,351.0,10183.0,1184.0,1565.0,222.0,383.0,3363.0,722.0,1781.0,3640.0,7687.0,2829.0,1175.0,742.0,6291.0,4597.0,1709.0,6239.0,769.0,3932.0,94.0
2026-07-22T01:00Z,222.0,421.0,405.0,17929.0,19930.0,3579.0,186.0,21042.0,2892.0,7090.0,27911.0,2389.0,14576.0,6553.0,2591.0,1426.0,1503.0,703.0,3838.0,1104.0,2119.0,2137.0,3233.0,13517.0,7032.0,14122.0,23515.0,14117.0,31244.0,1825.0,1299.0,2125.0,580.0,1039.0,1661.0,1433.0,357.0,837.0,7593.0,3273.0,1760.0,20774.0,6266.0,9848.0,4489.0,15757.0,2793.0,4231.0,20005.0,2708.0,1671.0,1972.0,3711.0,2146.0,5492.0,4162.0,5641.0,1980.0,6605.0,219.0,2.0,19.0,63.0,3.0,60.0,20.0,78.0,1642.0,350.0,9858.0,1125.0,1534.0,213.0,371.0,3215.0,690.0,1709.0,3623.0,7539.0,2724.0,1161.0,704.0,6244.0,4508.0,1701.0,5995.0,766.0,3906.0,94.0
2026-07-22T02:00Z,236.0,407.0,409.0,18926.0,19242.0,3663.0,143.0,20149.0,2780.0,7140.0,26555.0,2189.0,13948.0,6343.0,2465.0,1354.0,1431.0,685.0,3726.0,1051.0,2040.0,2088.0,3212.0,13229.0,6803.0,13611.0,22407.0,13416.0,30339.0,1820.0,1272.0,2049.0,564.0,998.0,1628.0,1386.0,345.0,828.0,7441.0,3178.0,1673.0,20063.0,6060.0,9574.0,4289.0,14896.0,2661.0,4080.0,19207.0,2568.0,1638.0,1885.0,3522.0,2066.0,5297.0,3952.0,5479.0,1941.0,6444.0,214.0,2.0,18.0,66.0,2.0,59.0,31.0,77.0,1612.0,345.0,9370.0,1057.0,1479.0,197.0,355.0,3046.0,652.0,1617.0,3640.0,7280.0,2615.0,1140.0,656.0,6148.0,4379.0,1652.0,5657.0,726.0,3822.0,96.0
2026-07-22T03:00Z,239.0,388.0,394.0,19238.0,18533.0,3604.0,123.0,19550.0,2761.0,7109.0,25516.0,2191.0,13373.0,6148.0,2418.0,1244.0,1329.0,652.0,3494.0,957.0,1899.0,1969.0,3068.0,12909.0,6464.0,13027.0,21165.0,12819.0,29391.0,1751.0,1197.0,1925.0,590.0,933.0,1535.0,1311.0,332.0,788.0,7041.0,2979.0,1564.0,19098.0,5838.0,9024.0,3999.0,14158.0,2474.0,3816.0,18452.0,2389.0,1565.0,1663.0,3230.0,1931.0,4990.0,3696.0,5129.0,1843.0,6084.0,203.0,2.0,19.0,71.0,3.0,59.0,36.0,77.0,1631.0,332.0,8906.0,990.0,1440.0,185.0,353.0,2920.0,624.0,1537.0,3621.0,7017.0,2506.0,1094.0,616.0,6003.0,4296.0,1588.0,5393.0,654.0,3696.0,93.0
2026-07-22T04:00Z,235.0,367.0,389.0,18821.0,18003.0,3533.0,109.0,18555.0,2571.0,7013.0,23937.0,2042.0,12744.0,5805.0,2252.0,1155.0,1239.0,597.0,3247.0,933.0,1784.0,1854.0,2866.0,12230.0,5951.0,12041.0,19477.0,12015.0,27995.0,1670.0,1121.0,1814.0,567.0,870.0,1455.0,1215.0,308.0,726.0,6645.0,2736.0,1465.0,18117.0,5509.0,8337.0,3720.0,13133.0,2280.0,3503.0,17621.0,2221.0,1500.0,1525.0,2945.0,1805.0,4701.0,3420.0,4791.0,1751.0,5710.0,187.0,3.0,17.0,70.0,2.0,58.0,35.0,75.0,1582.0,323.0,8303.0,908.0,1405.0,167.0,330.0,2716.0,586.0,1409.0,3831.0,6673.0,2361.0,1038.0,569.0,5793.0,4148.0,1495.0,5006.0,586.0,3578.0,93.0
2026-07-22T05:00Z,226.0,337.0,371.0,18075.0,17687.0,3448.0,103.0,17693.0,2416.0,7142.0,22433.0,2043.0,11905.0,5484.0,2127.0,1095.0,1170.0,576.0,3045.0,912.0,1669.0,1730.0,2787.0,11288.0,5477.0,11161.0,18839.0,11360.0,26528.0,1591.0,1060.0,1698.0,585.0,811.0,1377.0,1144.0,286.0,688.0,6340.0,2560.0,1358.0,17202.0,5234.0,7822.0,3467.0,12122.0,2124.0,3219.0,16926.0,2072.0,1439.0,1481.0,2733.0,1703.0,4492.0,3187.0,4549.0,1678.0,5383.0,175.0,2.0,15.0,72.0,2.0,57.0,33.0,73.0,1499.0,301.0,7657.0,824.0,1352.0,148.0,307.0,2485.0,534.0,1272.0,3808.0,6297.0,2215.0,976.0,518.0,5561.0,3980.0,1396.0,4586.0,523.0,3381.0,89.0
2026-07-22T06:00Z,212.0,308.0,364.0,16658.0,16656.0,3239.0,74.0,16692.0,2261.0,7532.0,20867.0,1980.0,10953.0,5221.0,2031.0,1055.0,1128.0,556.0,2898.0,879.0,1596.0,1656.0,2704.0,10660.0,5074.0,10544.0,18544.0,10613.0,25346.0,1519.0,1019.0,1631.0,569.0,774.0,1327.0,1093.0,268.0,658.0,6094.0,2404.0,1277.0,16533.0,5037.0,7502.0,3273.0,11317.0,1996.0,2997.0,16422.0,1958.0,1384.0,1470.0,2582.0,1633.0,4298.0,2991.0,4372.0,1614.0,5130.0,164.0,2.0,15.0,71.0,2.0,57.0,30.0,71.0,1392.0,287.0,7139.0,754.0,1312.0,131.0,288.0,2303.0,488.0,1168.0,3658.0,5953.0,2077.0,928.0,474.0,5385.0,3865.0,1326.0,4254.0,470.0,3165.0,84.0
2026-07-22T07:00Z,205.0,286.0,361.0,15319.0,15855.0,3066.0,49.0,15957.0,2186.0,7541.0,19528.0,1885.0,10239.0,4908.0,1957.0,1028.0,1109.0,545.0,2799.0,855.0,1542.0,1612.0,2678.0,10216.0,4808.0,10014.0,17866.0,10334.0,24320.0,1462.0,985.0,1585.0,581.0,748.0,1297.0,1053.0,256.0,633.0,5929.0,2311.0,1231.0,16056.0,4948.0,7189.0,3131.0,10667.0,1893.0,2828.0,16108.0,1897.0,1327.0,1366.0,2442.0,1598.0,4145.0,2872.0,4241.0,1584.0,4965.0,158.0,2.0,14.0,72.0,2.0,56.0,28.0,72.0,1298.0,271.0,6728.0,698.0,1276.0,119.0,271.0,2162.0,465.0,1077.0,3555.0,5640.0,1984.0,892.0,438.0,5255.0,3783.0,1269.0,3996.0,433.0,2976.0,78.0
2026-07-22T08:00Z,200.0,272.0,346.0,14706.0,14730.0,3109.0,48.0,15349.0,2071.0,7498.0,18537.0,1877.0,9674.0,4766.0,1945.0,1023.0,1107.0,540.0,2755.0,843.0,1518.0,1603.0,2658.0,9889.0,4628.0,9721.0,17443.0,9924.0,23631.0,1426.0,954.0,1560.0,583.0,739.0,1280.0,1029.0,249.0,619.0,5834.0,2261.0,1204.0,15759.0,4856.0,6973.0,3048.0,10201.0,1823.0,2738.0,16002.0,1869.0,1306.0,1348.0,2416.0,1568.0,4056.0,2821.0,4172.0,1552.0,4862.0,155.0,2.0,13.0,72.0,2.0,56.0,27.0,70.0,1244.0,260.0,6384.0,663.0,1250.0,109.0,256.0,2046.0,443.0,1011.0,3496.0,5336.0,1922.0,865.0,410.0,5139.0,3734.0,1215.0,3798.0,405.0,2819.0,76.0
2026-07-22T09:00Z,202.0,263.0,353.0,13597.0,13583.0,3118.0,42.0,14980.0,2034.0,7488.0,17857.0,1801.0,9298.0,4598.0,1919.0,1057.0,1133.0,543.0,2786.0,860.0,1536.0,1624.0,2678.0,9725.0,4501.0,9398.0,16962.0,9600.0,22977.0,1433.0,942.0,1567.0,585.0,746.0,1295.0,1024.0,246.0,619.0,5829.0,2266.0,1211.0,15603.0,4895.0,6867.0,3064.0,9872.0,1789.0,2709.0,16092.0,1884.0,1326.0,1211.0,2395.0,1575.0,4072.0,2859.0,4167.0,1582.0,4872.0,156.0,2.0,12.0,75.0,2.0,56.0,26.0,71.0,1196.0,253.0,6144.0,640.0,1242.0,103.0,255.0,1959.0,430.0,970.0,3451.0,5132.0,1889.0,845.0,389.0,5064.0,3698.0,1178.0,3659.0,385.0,2718.0,75.0
2026-07-22T10:00Z,202.0,257.0,353.0,13143.0,13046.0,2989.0,43.0,14857.0,1950.0,7464.0,17541.0,1793.0,9144.0,4556.0,1908.0,1117.0,1204.0,579.0,2937.0,934.0,1609.0,1706.0,2767.0,9810.0,4458.0,9456.0,16529.0,9397.0,22741.0,1451.0,973.0,1591.0,554.0,781.0,1340.0,1045.0,255.0,643.0,6030.0,2342.0,1255.0,15881.0,5064.0,7052.0,3179.0,9811.0,1817.0,2767.0,16366.0,1963.0,1343.0,1231.0,2466.0,1658.0,4232.0,3054.0,4356.0,1657.0,5038.0,162.0,2.0,13.0,72.0,2.0,55.0,26.0,70.0,1165.0,248.0,5997.0,629.0,1234.0,99.0,250.0,1923.0,431.0,945.0,3450.0,4977.0,1887.0,836.0,377.0,5018.0,3693.0,1163.0,3605.0,372.0,2645.0,73.0
2026-07-22T11:00Z,196.0,256.0,355.0,12624.0,12551.0,2945.0,40.0,14988.0,1952.0,7391.0,17571.0,1773.0,9180.0,4501.0,1930.0,1215.0,1311.0,603.0,3183.0,995.0,1721.0,1838.0,2950.0,10174.0,4550.0,9737.0,16829.0,9405.0,22712.0,1484.0,1007.0,1653.0,569.0,814.0,1396.0,1090.0,264.0,689.0,6465.0,2466.0,1305.0,16363.0,5261.0,7332.0,3353.0,10026.0,1879.0,2859.0,16836.0,2072.0,1396.0,1288.0,2614.0,1765.0,4479.0,3296.0,4659.0,1770.0,5232.0,171.0,2.0,13.0,68.0,2.0,56.0,26.0,70.0,1174.0,249.0,6005.0,645.0,1232.0,100.0,253.0,1947.0,446.0,965.0,3484.0,4919.0,1931.0,850.0,381.0,5014.0,3751.0,1163.0,3687.0,367.0,2624.0,73.0
2026-07-22T12:00Z,204.0,251.0,356.0,12487.0,12156.0,2790.0,38.0,15116.0,1991.0,7382.0,17914.0,1808.0,9304.0,4569.0,1948.0,1309.0,1414.0,605.0,3431.0,1016.0,1841.0,1959.0,3154.0,10634.0,4593.0,9896.0,17661.0,9741.0,22669.0,1535.0,1025.0,1685.0,556.0,819.0,1442.0,1125.0,281.0,741.0,6923.0,2617.0,1376.0,16775.0,5489.0,7636.0,3565.0,10391.0,1964.0,2941.0,17261.0,2192.0,1446.0,1322.0,2778.0,1870.0,4750.0,3504.0,4942.0,1874.0,5449.0,186.0,2.0,14.0,69.0,2.0,58.0,26.0,72.0,1183.0,255.0,6104.0,669.0,1238.0,101.0,261.0,1989.0,470.0,997.0,3542.0,4929.0,2001.0,870.0,390.0,5045.0,3852.0,1160.0,3798.0,375.0,2785.0,75.0
2026-07-22T13:00Z,193.0,269.0,359.0,12559.0,12182.0,2581.0,38.0,15261.0,1990.0,7195.0,18296.0,1880.0,9468.0,4551.0,1967.0,1361.0,1492.0,577.0,3541.0,1031.0,1917.0,2034.0,3314.0,11022.0,4632.0,10201.0,18477.0,10314.0,23032.0,1555.0,986.0,1572.0,579.0,807.0,1445.0,1143.0,295.0,767.0,7275.0,2774.0,1434.0,17080.0,5737.0,7785.0,3746.0,10695.0,2017.0,3047.0,17297.0,2288.0,1469.0,1374.0,2918.0,1969.0,5010.0,3655.0,5142.0,1938.0,5646.0,203.0,3.0,14.0,67.0,2.0,60.0,26.0,72.0,1211.0,262.0,6310.0,698.0,1249.0,106.0,273.0,2073.0,500.0,1058.0,3583.0,5002.0,2079.0,883.0,415.0,5071.0,3991.0,1191.0,3966.0,393.0,2840.0,75.0
2026-07-22T14:00Z,197.0,296.0,367.0,12930.0,12516.0,2698.0,63.0,16077.0,2058.0,7599.0,19583.0,2063.0,10041.0,4741.0,2024.0,1361.0,1541.0,543.0,3569.0,1138.0,1969.0,2049.0,3371.0,11171.0,4697.0,10416.0,18995.0,10761.0,23858.0,1563.0,998.0,1420.0,567.0,734.0,1342.0,1150.0,306.0,781.0,7485.0,2852.0,1481.0,17360.0,5892.0,7955.0,3919.0,10952.0,2045.0,3128.0,18380.0,2385.0,1500.0,1450.0,3019.0,2053.0,5284.0,3784.0,5297.0,1966.0,5577.0,217.0,2.0,15.0,56.0,2.0,63.0,15.0,73.0,1265.0,276.0,6725.0,734.0,1273.0,112.0,287.0,2187.0,519.0,1114.0,3622.0,5228.0,2138.0,935.0,441.0,5186.0,4128.0,1242.0,4199.0,431.0,2956.0,78.0
2026-07-22T15:00Z,220.0,324.0,376.0,14008.0,14465.0,3161.0,160.0,17239.0,2290.0,7738.0,21383.0,2242.0,10936.0,4999.0,2133.0,1342.0,1603.0,494.0,3615.0,1181.0,2092.0,2067.0,3517.0,11262.0,4747.0,10706.0,19526.0,11232.0,25283.0,1611.0,1023.0,1409.0,577.0,706.0,1298.0,1194.0,330.0,808.0,7731.0,3015.0,1500.0,17854.0,6173.0,8089.0,4138.0,11215.0,2110.0,3217.0,18870.0,2565.0,1532.0,1532.0,3224.0,1949.0,5599.0,3909.0,5451.0,2006.0,5805.0,237.0,2.0,17.0,57.0,2.0,65.0,7.0,76.0,1311.0,291.0,7239.0,776.0,1293.0,122.0,294.0,2318.0,526.0,1174.0,3668.0,5541.0,2164.0,957.0,470.0,5390.0,4191.0,1275.0,4417.0,462.0,2944.0,81.0
2026-07-22T16:00Z,223.0,344.0,385.0,13857.0,17270.0,3535.0,274.0,18662.0,2607.0,7862.0,23521.0,2378.0,12009.0,5445.0,2283.0,1311.0,1671.0,414.0,3761.0,1202.0,2118.0,2095.0,3592.0,11459.0,4842.0,10949.0,19863.0,11661.0,26772.0,1620.0,1002.0,1434.0,540.0,722.0,1247.0,1328.0,369.0,848.0,8005.0,3209.0,1570.0,18335.0,6325.0,8196.0,4358.0,11500.0,2154.0,3289.0,19426.0,2698.0,1540.0,1616.0,3475.0,1842.0,5889.0,4084.0,5563.0,2013.0,6114.0,254.0,2.0,19.0,55.0,2.0,67.0,12.0,77.0,1340.0,297.0,7805.0,813.0,1334.0,133.0,309.0,2439.0,532.0,1258.0,3649.0,5882.0,2182.0,976.0,495.0,5597.0,4252.0,1349.0,4616.0,497.0,3081.0,84.0
2026-07-22T17:00Z,226.0,363.0,394.0,13500.0,18852.0,3945.0,277.0,20122.0,2811.0,8017.0,25635.0,2511.0,13089.0,5914.0,2443.0,1317.0,1697.0,385.0,3954.0,1183.0,2146.0,2185.0,3721.0,11652.0,5055.0,11255.0,20173.0,12073.0,28439.0,1628.0,996.0,1447.0,538.0,709.0,1211.0,1382.0,409.0,873.0,8194.0,3443.0,1660.0,18769.0,6519.0,8419.0,4556.0,11700.0,2205.0,3382.0,20244.0,2755.0,1571.0,1704.0,3764.0,1924.0,6165.0,4266.0,5707.0,2029.0,6506.0,272.0,2.0,20.0,53.0,3.0,69.0,11.0,80.0,1414.0,310.0,8377.0,853.0,1372.0,141.0,315.0,2550.0,535.0,1334.0,3657.0,6268.0,2209.0,1005.0,518.0,5814.0,4308.0,1417.0,4811.0,535.0,3224.0,87.0
2026-07-22T18:00Z,231.0,380.0,399.0,13258.0,20175.0,3698.0,255.0,21470.0,2947.0,8001.0,27405.0,2554.0,14085.0,6336.0,2554.0,1361.0,1645.0,367.0,4159.0,1255.0,2244.0,2295.0,3849.0,11816.0,5268.0,11479.0,20643.0,12394.0,29470.0,1602.0,1026.0,1408.0,535.0,746.0,1213.0,1356.0,418.0,911.0,8330.0,3658.0,1775.0,19241.0,6680.0,8549.0,4737.0,11957.0,2272.0,3475.0,21117.0,2884.0,1617.0,1776.0,4056.0,2325.0,6381.0,4370.0,5824.0,2045.0,6787.0,289.0,2.0,23.0,54.0,3.0,71.0,14.0,82.0,1509.0,326.0,8893.0,868.0,1390.0,150.0,322.0,2650.0,533.0,1382.0,3646.0,6592.0,2248.0,1029.0,547.0,5971.0,4335.0,1492.0,5002.0,571.0,3365.0,89.0
2026-07-22T19:00Z,226.0,395.0,401.0,12790.0,20469.0,3444.0,259.0,22436.0,3047.0,7310.0,28459.0,2334.0,14609.0,6604.0,2670.0,1306.0,1679.0,362.0,4378.0,1300.0,2341.0,2307.0,3949.0,12011.0,5455.0,11641.0,20921.0,12720.0,30570.0,1607.0,1007.0,1452.0,530.0,737.0,1221.0,1370.0,429.0,926.0,8466.0,3830.0,1890.0,19423.0,6815.0,8604.0,4865.0,12219.0,2308.0,3537.0,21544.0,3030.0,1639.0,1846.0,4302.0,2375.0,6516.0,4458.0,5866.0,2032.0,7148.0,303.0,2.0,23.0,53.0,3.0,72.0,17.0,84.0,1616.0,338.0,9281.0,897.0,1421.0,161.0,337.0,2758.0,530.0,1437.0,3658.0,6853.0,2281.0,1058.0,572.0,6125.0,4432.0,1556.0,5168.0,615.0,3503.0,92.0
2026-07-22T20:00Z,224.0,406.0,407.0,12518.0,20673.0,3148.0,230.0,23171.0,3126.0,7146.0,29187.0,2311.0,14838.0,6772.0,2738.0,1308.0,1756.0,382.0,4400.0,1379.0,2427.0,2330.0,4128.0,12119.0,5564.0,11719.0,21056.0,12965.0,31237.0,1565.0,1003.0,1491.0,539.0,774.0,1264.0,1468.0,454.0,977.0,8586.0,3995.0,2008.0,19526.0,6982.0,8592.0,4993.0,12404.0,2318.0,3614.0,21646.0,3116.0,1691.0,1900.0,4520.0,2400.0,6642.0,4576.0,5958.0,2024.0,7422.0,315.0,2.0,24.0,60.0,3.0,73.0,21.0,84.0,1697.0,347.0,9469.0,921.0,1436.0,173.0,342.0,2840.0,522.0,1477.0,3635.0,6968.0,2302.0,1086.0,591.0,6255.0,4471.0,1606.0,5303.0,663.0,3605.0,97.0
2026-07-22T21:00Z,233.0,419.0,418.0,12522.0,20566.0,3109.0,205.0,23567.0,3101.0,7058.0,29631.0,2347.0,15047.0,6860.0,2767.0,1388.0,1797.0,456.0,4663.0,1388.0,2500.0,2312.0,3916.0,12276.0,5656.0,11827.0,21143.0,13040.0,31538.0,1559.0,994.0,1530.0,544.0,833.0,1366.0,1553.0,467.0,1012.0,8687.0,4085.0,2133.0,19701.0,7098.0,8607.0,5169.0,12539.0,2334.0,3672.0,21984.0,3183.0,1695.0,1933.0,4732.0,2426.0,6762.0,4708.0,6001.0,1996.0,7661.0,321.0,2.0,25.0,63.0,3.0,74.0,28.0,87.0,1798.0,353.0,9602.0,948.0,1446.0,175.0,346.0,2884.0,514.0,1495.0,3637.0,7064.0,2319.0,1109.0,606.0,6343.0,4499.0,1634.0,5415.0,694.0,3619.0,100.0
2026-07-22T22:00Z,234.0,432.0,414.0,12975.0,20348.0,2750.0,184.0,23802.0,3098.0,7072.0,29839.0,2374.0,15215.0,6935.0,2621.0,1500.0,1835.0,551.0,4864.0,1371.0,2528.0,2389.0,3864.0,12468.0,5782.0,11965.0,21161.0,13087.0,31396.0,1581.0,1022.0,1603.0,550.0,892.0,1495.0,1619.0,478.0,1041.0,8651.0,4172.0,2201.0,19695.0,7157.0,8659.0,5302.0,12697.0,2340.0,3640.0,22188.0,3289.0,1690.0,1946.0,4820.0,2447.0,6813.0,4857.0,6006.0,2005.0,7838.0,317.0,3.0,23.0,62.0,3.0,73.0,27.0,88.0,1882.0,367.0,9598.0,966.0,1452.0,182.0,345.0,2918.0,528.0,1489.0,3622.0,7078.0,2392.0,1123.0,616.0,6377.0,4516.0,1655.0,5460.0,701.0,3707.0,100.0
2026-07-22T23:00Z,234.0,443.0,404.0,13509.0,20714.0,2946.0,187.0,23787.0,3073.0,7056.0,29807.0,2403.0,15356.0,6891.0,2715.0,1587.0,1825.0,632.0,4869.0,1353.0,2497.0,2403.0,3777.0,12710.0,5862.0,11768.0,21092.0,13054.0,31085.0,1634.0,1054.0,1691.0,558.0,906.0,1598.0,1646.0,477.0,1031.0,8381.0,4099.0,2241.0,19384.0,7055.0,8599.0,5288.0,12731.0,2298.0,3513.0,21815.0,3291.0,1663.0,1980.0,4755.0,2401.0,6670.0,4741.0,5933.0,1970.0,7800.0,300.0,2.0,24.0,64.0,3.0,72.0,27.0,89.0,1976.0,370.0,9422.0,971.0,1446.0,182.0,335.0,2894.0,549.0,1486.0,3625.0,7052.0,2411.0,1120.0,616.0,6379.0,4511.0,1661.0,5460.0,669.0,3751.0,101.0
2026-07-23T00:00Z,242.0,435.0,405.0,13916.0,20424.0,3150.0,184.0,23316.0,3079.0,7100.0,29587.0,2407.0,15546.0,6777.0,2640.0,1586.0,1750.0,670.0,4697.0,1329.0,2453.0,2337.0,3729.0,12912.0,5882.0,11622.0,20889.0,12807.0,30424.0,1674.0,1109.0,1739.0,569.0,922.0,1621.0,1605.0,445.0,990.0,8059.0,3965.0,2172.0,18929.0,6709.0,8378.0,5134.0,12561.0,2224.0,3364.0,21183.0,3157.0,1596.0,1900.0,4487.0,2272.0,6296.0,4587.0,5737.0,1923.0,7549.0,276.0,2.0,20.0,66.0,3.0,70.0,26.0,87.0,1969.0,376.0,9195.0,961.0,1433.0,178.0,329.0,2837.0,543.0,1456.0,3616.0,6936.0,2343.0,1124.0,604.0,6359.0,4471.0,1648.0,5383.0,633.0,3681.0,101.0
2026-07-23T01:00Z,222.0,418.0,400.0,14959.0,20372.0,3519.0,176.0,22195.0,3029.0,7234.0,28566.0,2452.0,15462.0,6613.0,2669.0,1562.0,1664.0,682.0,4505.0,1308.0,2412.0,2265.0,3655.0,13022.0,5857.0,11381.0,20451.0,12472.0,29514.0,1673.0,1145.0,1756.0,577.0,910.0,1556.0,1560.0,421.0,942.0,7728.0,3802.0,2066.0,18477.0,6448.0,8122.0,4930.0,12307.0,2160.0,3238.0,20595.0,3002.0,1546.0,1856.0,4176.0,2147.0,5935.0,4423.0,5538.0,1906.0,7191.0,259.0,2.0,19.0,67.0,3.0,66.0,31.0,84.0,1983.0,378.0,8798.0,921.0,1404.0,170.0,317.0,2719.0,532.0,1403.0,3582.0,6759.0,2280.0,1121.0,575.0,6301.0,4420.0,1607.0,5170.0,610.0,3504.0,98.0
2026-07-23T02:00Z,226.0,394.0,394.0,15637.0,19886.0,3642.0,146.0,21386.0,2873.0,7235.0,27274.0,2249.0,14812.0,6567.0,2582.0,1481.0,1554.0,666.0,4218.0,1227.0,2292.0,2141.0,3401.0,12795.0,5721.0,11156.0,19987.0,12016.0,28690.0,1654.0,1129.0,1735.0,563.0,867.0,1510.0,1450.0,390.0,897.0,7466.0,3581.0,1965.0,18187.0,6206.0,7979.0,4635.0,12027.0,2107.0,3160.0,19799.0,2822.0,1498.0,1635.0,3843.0,2047.0,5617.0,4234.0,5315.0,1853.0,6864.0,242.0,2.0,19.0,75.0,3.0,63.0,32.0,83.0,1901.0,369.0,8302.0,864.0,1367.0,158.0,307.0,2611.0,518.0,1354.0,3533.0,6452.0,2231.0,1099.0,540.0,6183.0,4342.0,1534.0,4915.0,592.0,3359.0,97.0
2026-07-23T03:00Z,227.0,372.0,389.0,15890.0,19060.0,3636.0,108.0,20626.0,2801.0,7204.0,26050.0,2101.0,14153.0,6271.0,2496.0,1342.0,1401.0,620.0,3786.0,1010.0,2052.0,1956.0,3106.0,12575.0,5542.0,10725.0,19335.0,11694.0,27898.0,1585.0,1056.0,1651.0,581.0,808.0,1411.0,1331.0,359.0,834.0,7049.0,3295.0,1806.0,17231.0,5751.0,7587.0,4189.0,11633.0,1989.0,2977.0,18692.0,2572.0,1406.0,1585.0,3444.0,1895.0,5188.0,3879.0,4934.0,1754.0,6354.0,220.0,2.0,18.0,75.0,2.0,62.0,34.0,83.0,1859.0,354.0,7914.0,819.0,1326.0,148.0,304.0,2525.0,514.0,1309.0,3483.0,6164.0,2198.0,1078.0,513.0,6059.0,4307.0,1471.0,4706.0,573.0,3268.0,94.0
2026-07-23T04:00Z,222.0,353.0,384.0,15719.0,18335.0,3555.0,103.0,19635.0,2636.0,7095.0,24366.0,1965.0,13336.0,5838.0,2362.0,1218.0,1264.0,561.0,3370.0,987.0,1856.0,1784.0,2829.0,11990.0,5161.0,9930.0,18154.0,10999.0,26664.0,1511.0,990.0,1567.0,545.0,751.0,1330.0,1204.0,321.0,763.0,6577.0,2962.0,1607.0,16392.0,5381.0,7167.0,3767.0,10955.0,1834.0,2734.0,17494.0,2314.0,1316.0,1491.0,3079.0,1744.0,4759.0,3503.0,4558.0,1639.0,5828.0,199.0,2.0,18.0,75.0,2.0,61.0,33.0,82.0,1771.0,339.0,7363.0,755.0,1301.0,134.0,288.0,2371.0,481.0,1207.0,3392.0,5818.0,2104.0,1039.0,469.0,5853.0,4183.0,1378.0,4369.0,553.0,3203.0,95.0
2026-07-23T05:00Z,212.0,324.0,375.0,15390.0,17926.0,3464.0,85.0,18947.0,2461.0,7066.0,22770.0,1922.0,12641.0,5507.0,2260.0,1139.0,1177.0,532.0,3042.0,892.0,1690.0,1696.0,2597.0,11126.0,4846.0,9381.0,17055.0,10293.0,25320.0,1431.0,933.0,1486.0,557.0,706.0,1254.0,1098.0,286.0,707.0,6162.0,2685.0,1440.0,15565.0,5061.0,6767.0,3422.0,10260.0,1716.0,2533.0,16584.0,2098.0,1236.0,1438.0,2767.0,1631.0,4415.0,3183.0,4267.0,1550.0,5380.0,180.0,2.0,16.0,75.0,2.0,60.0,32.0,79.0,1662.0,315.0,6788.0,686.0,1267.0,119.0,270.0,2207.0,449.0,1094.0,3282.0,5490.0,1993.0,989.0,427.0,5607.0,3995.0,1292.0,4023.0,514.0,3038.0,88.0
2026-07-23T06:00Z,200.0,297.0,364.0,14419.0,16823.0,3231.0,59.0,18107.0,2299.0,7166.0,21177.0,1899.0,12048.0,5236.0,2185.0,1074.0,1110.0,507.0,2807.0,846.0,1556.0,1601.0,2443.0,10447.0,4518.0,8987.0,17261.0,9933.0,24256.0,1374.0,893.0,1446.0,562.0,684.0,1211.0,1026.0,264.0,654.0,5828.0,2451.0,1318.0,15085.0,4843.0,6472.0,3179.0,9722.0,1632.0,2417.0,15859.0,1930.0,1180.0,1300.0,2531.0,1536.0,4133.0,2936.0,4039.0,1506.0,5007.0,167.0,2.0,15.0,75.0,2.0,59.0,29.0,78.0,1533.0,301.0,6289.0,629.0,1231.0,108.0,260.0,2082.0,425.0,1011.0,3187.0,5134.0,1907.0,941.0,392.0,5430.0,3853.0,1213.0,3748.0,470.0,2892.0,86.0
2026-07-23T07:00Z,197.0,278.0,355.0,13352.0,15608.0,3056.0,40.0,17320.0,2153.0,7163.0,19843.0,1854.0,11407.0,5012.0,2106.0,1039.0,1068.0,489.0,2647.0,805.0,1469.0,1525.0,2333.0,9873.0,4349.0,8674.0,17256.0,9815.0,23393.0,1362.0,865.0,1419.0,571.0,660.0,1178.0,969.0,247.0,611.0,5580.0,2283.0,1226.0,14749.0,4629.0,6332.0,3002.0,9321.0,1580.0,2312.0,15329.0,1807.0,1144.0,1262.0,2364.0,1474.0,3919.0,2759.0,3873.0,1479.0,4725.0,157.0,3.0,14.0,71.0,2.0,58.0,27.0,76.0,1430.0,287.0,5923.0,586.0,1211.0,101.0,246.0,1979.0,409.0,934.0,3111.0,4871.0,1851.0,900.0,366.0,5306.0,3768.0,1154.0,3550.0,435.0,2785.0,83.0
2026-07-23T08:00Z,195.0,267.0,340.0,12828.0,14416.0,3116.0,31.0,16735.0,2060.0,7086.0,18623.0,1778.0,10894.0,4849.0,2065.0,1020.0,1045.0,481.0,2536.0,769.0,1421.0,1485.0,2262.0,9633.0,4190.0,8446.0,16941.0,9519.0,22756.0,1343.0,848.0,1382.0,576.0,644.0,1154.0,936.0,235.0,580.0,5404.0,2172.0,1160.0,14590.0,4599.0,6333.0,2879.0,9063.0,1551.0,2268.0,14990.0,1734.0,1138.0,1167.0,2235.0,1427.0,3750.0,2657.0,3769.0,1460.0,4512.0,149.0,2.0,14.0,68.0,2.0,57.0,26.0,75.0,1356.0,273.0,5633.0,559.0,1189.0,96.0,244.0,1893.0,401.0,892.0,3020.0,4682.0,1813.0,871.0,348.0,5208.0,3716.0,1110.0,3410.0,406.0,2689.0,82.0
2026-07-23T09:00Z,185.0,258.0,333.0,12129.0,13754.0,2968.0,33.0,16278.0,2029.0,7080.0,17731.0,1730.0,10466.0,4702.0,2035.0,1035.0,1054.0,488.0,2506.0,780.0,1410.0,1487.0,2253.0,9484.0,4100.0,8481.0,16920.0,9345.0,22186.0,1342.0,853.0,1387.0,550.0,655.0,1162.0,919.0,228.0,563.0,5321.0,2123.0,1129.0,14728.0,4555.0,6345.0,2836.0,8897.0,1557.0,2260.0,14902.0,1708.0,1159.0,1061.0,2192.0,1426.0,3676.0,2640.0,3773.0,1483.0,4418.0,145.0,2.0,12.0,67.0,2.0,56.0,25.0,74.0,1292.0,269.0,5417.0,545.0,1180.0,93.0,238.0,1841.0,394.0,889.0,2978.0,4515.0,1799.0,851.0,338.0,5140.0,3692.0,1084.0,3315.0,385.0,2631.0,79.0
2026-07-23T10:00Z,193.0,256.0,336.0,11680.0,13139.0,2772.0,32.0,16043.0,1982.0,7035.0,17226.0,1697.0,10244.0,4640.0,1993.0,1078.0,1101.0,513.0,2591.0,778.0,1454.0,1541.0,2335.0,9466.0,4125.0,8713.0,16990.0,9304.0,22043.0,1384.0,888.0,1458.0,533.0,684.0,1189.0,921.0,234.0,571.0,5411.0,2127.0,1129.0,15105.0,4581.0,6524.0,2883.0,8967.0,1614.0,2330.0,15148.0,1749.0,1177.0,1076.0,2202.0,1489.0,3744.0,2762.0,3913.0,1568.0,4448.0,147.0,2.0,13.0,72.0,2.0,56.0,25.0,74.0,1244.0,262.0,5315.0,544.0,1173.0,92.0,236.0,1836.0,402.0,884.0,2978.0,4429.0,1807.0,843.0,338.0,5088.0,3714.0,1067.0,3312.0,375.0,2582.0,74.0
2026-07-23T11:00Z,200.0,258.0,338.0,11438.0,12543.0,2727.0,29.0,16114.0,1952.0,7006.0,17121.0,1665.0,10222.0,4628.0,1983.0,1124.0,1189.0,527.0,2754.0,816.0,1529.0,1628.0,2484.0,9841.0,4196.0,8980.0,17648.0,9507.0,22097.0,1425.0,918.0,1503.0,562.0,685.0,1206.0,944.0,246.0,598.0,5733.0,2180.0,1143.0,15554.0,4822.0,6770.0,2969.0,9290.0,1712.0,2435.0,15479.0,1809.0,1228.0,1244.0,2259.0,1568.0,3906.0,2931.0,4173.0,1679.0,4537.0,153.0,2.0,13.0,74.0,2.0,57.0,25.0,74.0,1231.0,261.0,5328.0,568.0,1172.0,95.0,246.0,1893.0,414.0,893.0,3019.0,4429.0,1850.0,839.0,348.0,5096.0,3803.0,1066.0,3415.0,379.0,2570.0,74.0
2026-07-23T12:00Z,199.0,268.0,342.0,11428.0,12127.0,2559.0,30.0,16117.0,1987.0,6996.0,17106.0,1663.0,10291.0,4662.0,1985.0,1115.0,1268.0,490.0,2898.0,863.0,1600.0,1700.0,2634.0,10474.0,4290.0,9297.0,17810.0,9651.0,22339.0,1447.0,897.0,1431.0,557.0,616.0,1174.0,951.0,257.0,638.0,6136.0,2279.0,1174.0,16039.0,4985.0,7131.0,3109.0,9692.0,1811.0,2578.0,15825.0,1857.0,1320.0,1327.0,2335.0,1677.0,4216.0,3053.0,4395.0,1784.0,4695.0,165.0,2.0,14.0,70.0,2.0,58.0,25.0,75.0,1237.0,264.0,5460.0,596.0,1173.0,98.0,251.0,1976.0,441.0,927.0,3060.0,4533.0,1920.0,855.0,365.0,5112.0,3902.0,1080.0,3589.0,388.0,2620.0,77.0
2026-07-23T13:00Z,186.0,289.0,363.0,11530.0,12167.0,2700.0,31.0,16178.0,1954.0,6924.0,17266.0,1690.0,10396.0,4670.0,2004.0,1044.0,1293.0,396.0,2899.0,885.0,1608.0,1690.0,2717.0,10827.0,4322.0,9660.0,18657.0,10042.0,22635.0,1410.0,825.0,1256.0,540.0,515.0,1078.0,903.0,257.0,655.0,6429.0,2333.0,1164.0,16461.0,5132.0,7477.0,3189.0,10033.0,1907.0,2720.0,16139.0,1889.0,1390.0,1417.0,2361.0,1741.0,4488.0,3107.0,4529.0,1845.0,4738.0,180.0,2.0,14.0,71.0,2.0,60.0,26.0,76.0,1235.0,267.0,5683.0,626.0,1195.0,102.0,264.0,2059.0,472.0,969.0,3137.0,4679.0,2008.0,874.0,389.0,5093.0,3999.0,1097.0,3760.0,404.0,2693.0,80.0
2026-07-23T14:00Z,190.0,313.0,372.0,11858.0,12496.0,2720.0,65.0,16873.0,2156.0,7596.0,18147.0,1875.0,10692.0,4822.0,2064.0,960.0,1286.0,301.0,2818.0,888.0,1580.0,1644.0,2739.0,10986.0,4295.0,9975.0,19419.0,10476.0,23266.0,1389.0,796.0,1157.0,512.0,437.0,992.0,854.0,257.0,668.0,6610.0,2357.0,1127.0,17005.0,5348.0,7633.0,3258.0,10399.0,1988.0,2859.0,16501.0,1941.0,1434.0,1444.0,2456.0,1780.0,4669.0,3160.0,4581.0,1853.0,4739.0,189.0,2.0,15.0,72.0,2.0,62.0,17.0,76.0,1298.0,279.0,6078.0,656.0,1223.0,106.0,271.0,2107.0,493.0,1003.0,3185.0,4928.0,2085.0,905.0,411.0,5201.0,4058.0,1150.0,3897.0,426.0,2782.0,84.0
2026-07-23T15:00Z,203.0,332.0,378.0,12371.0,16486.0,3058.0,203.0,17754.0,2229.0,7886.0,19217.0,1967.0,11266.0,5018.0,2190.0,942.0,1292.0,234.0,2799.0,906.0,1566.0,1608.0,2755.0,11163.0,4317.0,10394.0,20042.0,10865.0,24386.0,1390.0,810.0,1126.0,504.0,427.0,942.0,831.0,259.0,680.0,6697.0,2399.0,1118.0,17301.0,5551.0,7958.0,3336.0,10631.0,2060.0,2978.0,16884.0,2007.0,1460.0,1506.0,2505.0,1782.0,4825.0,3173.0,4650.0,1910.0,4773.0,199.0,2.0,18.0,74.0,2.0,64.0,10.0,80.0,1364.0,292.0,6510.0,689.0,1257.0,109.0,271.0,2145.0,511.0,1044.0,3206.0,5236.0,2158.0,933.0,437.0,5368.0,4119.0,1204.0,3966.0,445.0,2873.0,84.0
2026-07-23T16:00Z,209.0,344.0,384.0,12326.0,19487.0,3425.0,261.0,18548.0,2368.0,7980.0,20562.0,2052.0,11969.0,5345.0,2326.0,950.0,1309.0,232.0,2832.0,924.0,1586.0,1617.0,2784.0,11399.0,4396.0,10646.0,20558.0,11305.0,25566.0,1405.0,821.0,1092.0,490.0,414.0,938.0,848.0,265.0,686.0,6794.0,2474.0,1157.0,17672.0,5677.0,8099.0,3427.0,11194.0,2118.0,3056.0,17122.0,2064.0,1491.0,1576.0,2579.0,1856.0,4987.0,3219.0,4735.0,1925.0,4868.0,206.0,2.0,20.0,71.0,2.0,66.0,10.0,78.0,1415.0,304.0,7035.0,731.0,1296.0,114.0,277.0,2210.0,534.0,1090.0,3291.0,5611.0,2274.0,960.0,463.0,5578.0,4211.0,1278.0,4108.0,467.0,2979.0,88.0
2026-07-23T17:00Z,218.0,358.0,395.0,11839.0,20703.0,3288.0,263.0,19011.0,2517.0,8065.0,22130.0,2184.0,12708.0,5661.0,2437.0,978.0,1335.0,233.0,2927.0,960.0,1626.0,1644.0,2835.0,11663.0,4593.0,10938.0,20725.0,11720.0,26630.0,1430.0,854.0,1111.0,481.0,436.0,977.0,902.0,277.0,702.0,6879.0,2577.0,1194.0,18190.0,5823.0,8316.0,3537.0,11674.0,2180.0,3140.0,17372.0,2139.0,1521.0,1646.0,2725.0,1910.0,5150.0,3300.0,4822.0,1949.0,5055.0,217.0,3.0,22.0,64.0,3.0,68.0,13.0,80.0,1448.0,319.0,7555.0,787.0,1326.0,117.0,279.0,2261.0,549.0,1120.0,3327.0,5961.0,2373.0,992.0,502.0,5769.0,4326.0,1344.0,4244.0,484.0,3081.0,92.0
2026-07-23T18:00Z,215.0,372.0,403.0,11370.0,20676.0,3140.0,262.0,19178.0,2637.0,8149.0,23706.0,2325.0,13433.0,5906.0,2542.0,1027.0,1371.0,260.0,3093.0,1080.0,1731.0,1699.0,2919.0,11994.0,4817.0,11280.0,21136.0,12077.0,27531.0,1473.0,907.0,1154.0,490.0,479.0,1027.0,978.0,289.0,727.0,6976.0,2745.0,1251.0,18566.0,5984.0,8540.0,3665.0,11970.0,2234.0,3239.0,17777.0,2239.0,1534.0,1732.0,2915.0,1971.0,5316.0,3404.0,4982.0,1976.0,5312.0,230.0,2.0,25.0,69.0,3.0,68.0,15.0,84.0,1462.0,335.0,7995.0,836.0,1356.0,124.0,289.0,2337.0,570.0,1156.0,3340.0,6276.0,2420.0,1020.0,537.0,5962.0,4440.0,1411.0,4379.0,496.0,3212.0,97.0
2026-07-23T19:00Z,223.0,381.0,404.0,10825.0,20175.0,3134.0,227.0,19694.0,2794.0,8221.0,25095.0,2475.0,14081.0,6187.0,2644.0,1076.0,1410.0,287.0,3260.0,967.0,1805.0,1765.0,3012.0,12324.0,5030.0,11601.0,21543.0,12441.0,28152.0,1481.0,913.0,1192.0,498.0,499.0,1071.0,1056.0,307.0,752.0,7094.0,2951.0,1349.0,18846.0,6147.0,8659.0,3842.0,12350.0,2268.0,3325.0,18169.0,2347.0,1575.0,1756.0,3147.0,2025.0,5489.0,3540.0,5121.0,1958.0,5606.0,243.0,2.0,25.0,67.0,3.0,69.0,18.0,85.0,1503.0,341.0,8364.0,865.0,1390.0,131.0,294.0,2409.0,581.0,1192.0,3398.0,6536.0,2479.0,1055.0,556.0,6149.0,4515.0,1477.0,4519.0,522.0,3294.0,102.0
2026-07-23T20:00Z,221.0,383.0,407.0,11221.0,19851.0,3065.0,181.0,19901.0,2868.0,8267.0,26171.0,2566.0,14577.0,6091.0,2729.0,1111.0,1463.0,332.0,3489.0,1097.0,1956.0,1875.0,3133.0,12680.0,5210.0,11853.0,21837.0,12682.0,28783.0,1500.0,941.0,1239.0,505.0,523.0,1127.0,1159.0,337.0,799.0,7256.0,3111.0,1477.0,19136.0,6364.0,8723.0,4049.0,12583.0,2286.0,3418.0,18594.0,2485.0,1612.0,1860.0,3394.0,2092.0,5693.0,3708.0,5257.0,1982.0,5969.0,257.0,2.0,28.0,71.0,3.0,70.0,22.0,86.0,1613.0,353.0,8645.0,872.0,1416.0,138.0,305.0,2505.0,605.0,1233.0,3424.0,6692.0,2533.0,1083.0,562.0,6259.0,4566.0,1522.0,4632.0,573.0,3391.0,101.0
2026-07-23T21:00Z,223.0,379.0,411.0,11444.0,20140.0,3044.0,188.0,19592.0,2888.0,8276.0,26919.0,2607.0,14911.0,6065.0,2792.0,1178.0,1540.0,386.0,3766.0,1149.0,2107.0,2005.0,3267.0,13091.0,5330.0,11916.0,22245.0,12839.0,29259.0,1552.0,982.0,1314.0,488.0,573.0,1226.0,1266.0,361.0,842.0,7370.0,3304.0,1633.0,19368.0,6562.0,8906.0,4271.0,12840.0,2325.0,3530.0,18993.0,2613.0,1665.0,1953.0,3680.0,2152.0,5886.0,3901.0,5413.0,2001.0,6347.0,267.0,2.0,29.0,71.0,3.0,72.0,17.0,87.0,1770.0,364.0,8867.0,871.0,1429.0,147.0,310.0,2604.0,627.0,1272.0,3470.0,6841.0,2556.0,1106.0,551.0,6369.0,4591.0,1556.0,4781.0,575.0,3470.0,104.0
2026-07-23T22:00Z,229.0,376.0,404.0,11751.0,21082.0,2920.0,190.0,18928.0,2923.0,8164.0,27448.0,2593.0,15284.0,6177.0,2817.0,1310.0,1613.0,487.0,4001.0,1186.0,2241.0,2133.0,3357.0,13412.0,5404.0,12168.0,22514.0,12811.0,29259.0,1638.0,1038.0,1479.0,495.0,633.0,1346.0,1383.0,379.0,879.0,7407.0,3441.0,1787.0,19530.0,6724.0,8969.0,4463.0,13088.0,2369.0,3631.0,19225.0,2728.0,1718.0,1922.0,3892.0,2218.0,6014.0,4076.0,5564.0,2039.0,6659.0,269.0,2.0,28.0,73.0,3.0,73.0,21.0,89.0,1908.0,374.0,8972.0,871.0,1437.0,152.0,310.0,2575.0,630.0,1280.0,3504.0,6960.0,2562.0,1137.0,533.0,6422.0,4560.0,1583.0,4895.0,609.0,3500.0,106.0
2026-07-23T23:00Z,228.0,382.0,401.0,12669.0,21970.0,3133.0,193.0,17992.0,2872.0,8110.0,27568.0,2591.0,15451.0,5978.0,2810.0,1426.0,1631.0,596.0,4092.0,1190.0,2267.0,2190.0,3327.0,13781.0,5633.0,12250.0,22638.0,12955.0,29306.0,1726.0,1136.0,1684.0,511.0,749.0,1511.0,1466.0,377.0,875.0,7209.0,3437.0,1854.0,19446.0,6707.0,8901.0,4494.0,13119.0,2372.0,3628.0,19234.0,2783.0,1720.0,1989.0,3906.0,2214.0,5911.0,4059.0,5650.0,2031.0,6788.0,259.0,2.0,28.0,66.0,3.0,72.0,28.0,88.0,1965.0,381.0,8924.0,869.0,1437.0,150.0,301.0,2532.0,629.0,1275.0,3533.0,6957.0,2555.0,1133.0,519.0,6413.0,4529.0,1606.0,4963.0,582.0,3553.0,108.0
2026-07-24T00:00Z,229.0,384.0,392.0,13518.0,21962.0,3406.0,195.0,17073.0,2867.0,8085.0,27251.0,2514.0,15329.0,5691.0,2757.0,1454.0,1590.0,658.0,4001.0,1154.0,2193.0,2159.0,3227.0,14013.0,5732.0,12064.0,22433.0,12769.0,28755.0,1806.0,1227.0,1875.0,547.0,886.0,1598.0,1470.0,362.0,848.0,6946.0,3314.0,1803.0,19165.0,6555.0,8809.0,4367.0,13000.0,2321.0,3535.0,18849.0,2756.0,1683.0,1946.0,3705.0,2138.0,5615.0,3918.0,5563.0,2009.0,6638.0,242.0,2.0,28.0,67.0,3.0,69.0,31.0,86.0,1926.0,384.0,8764.0,859.0,1411.0,146.0,294.0,2457.0,623.0,1263.0,3521.0,6881.0,2509.0,1096.0,510.0,6347.0,4504.0,1603.0,4938.0,601.0,3593.0,109.0
2026-07-24T01:00Z,208.0,377.0,386.0,14648.0,22397.0,3911.0,186.0,16631.0,2841.0,7893.0,26269.0,2406.0,14998.0,5660.0,2605.0,1443.0,1534.0,671.0,3856.0,1119.0,2114.0,2100.0,3143.0,13827.0,5762.0,11752.0,21771.0,12349.0,27895.0,1794.0,1235.0,1893.0,567.0,933.0,1605.0,1409.0,344.0,802.0,6770.0,3148.0,1694.0,18625.0,6253.0,8469.0,4163.0,12723.0,2232.0,3360.0,18361.0,2612.0,1599.0,1792.0,3471.0,2026.0,5325.0,3715.0,5325.0,1952.0,6363.0,226.0,2.0,24.0,68.0,3.0,63.0,31.0,84.0,1911.0,379.0,8443.0,842.0,1413.0,142.0,290.0,2393.0,604.0,1236.0,3481.0,6715.0,2448.0,1058.0,492.0,6274.0,4446.0,1568.0,4797.0,589.0,3541.0,113.0
2026-07-24T02:00Z,208.0,369.0,383.0,15753.0,21411.0,3915.0,162.0,16479.0,2701.0,7697.0,25207.0,2274.0,14467.0,5702.0,2553.0,1371.0,1449.0,656.0,3662.0,1061.0,2014.0,2022.0,3033.0,13549.0,5623.0,11374.0,21103.0,11949.0,27188.0,1760.0,1200.0,1843.0,584.0,907.0,1553.0,1340.0,331.0,781.0,6614.0,2988.0,1601.0,18107.0,5917.0,8220.0,3964.0,12536.0,2157.0,3246.0,17762.0,2467.0,1528.0,1751.0,3227.0,1924.0,5107.0,3549.0,5096.0,1883.0,6124.0,213.0,3.0,24.0,71.0,3.0,61.0,31.0,83.0,1848.0,374.0,8072.0,819.0,1387.0,138.0,292.0,2368.0,589.0,1225.0,3422.0,6412.0,2385.0,1018.0,478.0,6164.0,4361.0,1501.0,4602.0,536.0,3434.0,110.0
2026-07-24T03:00Z,212.0,359.0,342.0,16196.0,20523.0,3740.0,116.0,16424.0,2643.0,7765.0,24232.0,2199.0,14099.0,5479.0,2287.0,1258.0,1320.0,618.0,3335.0,975.0,1832.0,1871.0,2840.0,13247.0,5434.0,10832.0,20205.0,11672.0,26421.0,1677.0,1122.0,1725.0,574.0,846.0,1443.0,1235.0,305.0,734.0,6350.0,2772.0,1467.0,17246.0,5522.0,7745.0,3632.0,12193.0,2024.0,3041.0,16825.0,2249.0,1433.0,1604.0,2960.0,1773.0,4763.0,3278.0,4688.0,1753.0,5728.0,195.0,2.0,22.0,72.0,3.0,60.0,33.0,84.0,1841.0,360.0,7745.0,792.0,1364.0,133.0,290.0,2337.0,577.0,1207.0,3359.0,6113.0,2340.0,1002.0,464.0,6058.0,4293.0,1440.0,4459.0,511.0,3321.0,107.0
2026-07-24T04:00Z,219.0,349.0,368.0,16038.0,20129.0,3702.0,100.0,15957.0,2617.0,7727.0,22736.0,2071.0,13349.0,5243.0,2278.0,1131.0,1196.0,566.0,3002.0,897.0,1648.0,1720.0,2618.0,12667.0,5092.0,10092.0,18889.0,10985.0,25229.0,1581.0,1039.0,1604.0,561.0,784.0,1330.0,1130.0,280.0,681.0,6046.0,2513.0,1321.0,16245.0,5118.0,7214.0,3300.0,11548.0,1869.0,2790.0,15905.0,2024.0,1353.0,1468.0,2644.0,1629.0,4380.0,3011.0,4334.0,1626.0,5291.0,178.0,2.0,21.0,70.0,3.0,60.0,32.0,82.0,1770.0,349.0,7246.0,731.0,1331.0,124.0,276.0,2221.0,546.0,1131.0,3274.0,5787.0,2235.0,984.0,436.0,5911.0,4203.0,1347.0,4178.0,496.0,3232.0,105.0
2026-07-24T05:00Z,216.0,323.0,355.0,15613.0,19849.0,3595.0,88.0,15318.0,2419.0,7682.0,21251.0,1950.0,12436.0,5061.0,2238.0,1045.0,1110.0,529.0,2738.0,820.0,1510.0,1601.0,2438.0,11812.0,4760.0,9531.0,18053.0,10523.0,24190.0,1497.0,974.0,1504.0,558.0,726.0,1239.0,1043.0,259.0,649.0,5759.0,2311.0,1198.0,15460.0,4804.0,6840.0,3028.0,10853.0,1746.0,2605.0,15145.0,1843.0,1303.0,1325.0,2392.0,1517.0,4057.0,2761.0,4037.0,1546.0,4909.0,163.0,2.0,18.0,64.0,2.0,59.0,31.0,81.0,1648.0,323.0,6743.0,667.0,1293.0,112.0,264.0,2090.0,503.0,1032.0,3142.0,5488.0,2103.0,935.0,405.0,5722.0,4099.0,1264.0,3891.0,460.0,3066.0,104.0
2026-07-24T06:00Z,211.0,296.0,354.0,14567.0,18099.0,3377.0,51.0,14673.0,2273.0,7773.0,19839.0,1907.0,11552.0,4829.0,2135.0,1006.0,1049.0,504.0,2549.0,775.0,1407.0,1514.0,2304.0,11126.0,4482.0,9058.0,17848.0,10178.0,23191.0,1434.0,927.0,1449.0,552.0,689.0,1190.0,974.0,242.0,608.0,5512.0,2136.0,1105.0,14945.0,4589.0,6607.0,2815.0,10303.0,1658.0,2465.0,14596.0,1718.0,1250.0,1266.0,2196.0,1435.0,3801.0,2567.0,3831.0,1498.0,4599.0,152.0,2.0,17.0,67.0,2.0,58.0,28.0,78.0,1525.0,310.0,6326.0,630.0,1261.0,104.0,249.0,1985.0,471.0,976.0,3071.0,5177.0,2001.0,907.0,376.0,5536.0,3996.0,1198.0,3652.0,419.0,2877.0,98.0
2026-07-24T07:00Z,200.0,276.0,356.0,13561.0,16623.0,3117.0,25.0,14125.0,2164.0,7735.0,18842.0,1853.0,10827.0,4682.0,2062.0,982.0,1013.0,487.0,2425.0,745.0,1346.0,1455.0,2219.0,10668.0,4272.0,8688.0,17752.0,9830.0,22407.0,1397.0,897.0,1406.0,551.0,665.0,1157.0,925.0,229.0,571.0,5305.0,2013.0,1047.0,14529.0,4464.0,6415.0,2685.0,9874.0,1596.0,2340.0,14253.0,1638.0,1203.0,1232.0,2082.0,1389.0,3618.0,2454.0,3701.0,1496.0,4374.0,145.0,2.0,15.0,70.0,2.0,58.0,26.0,78.0,1435.0,289.0,5995.0,607.0,1226.0,99.0,242.0,1916.0,449.0,934.0,3006.0,4948.0,1937.0,910.0,358.0,5418.0,3920.0,1151.0,3501.0,386.0,2758.0,94.0
2026-07-24T08:00Z,203.0,264.0,348.0,12879.0,15363.0,3047.0,34.0,13757.0,2094.0,7678.0,18070.0,1774.0,10304.0,4577.0,2020.0,973.0,996.0,480.0,2356.0,729.0,1313.0,1436.0,2171.0,10343.0,4157.0,8612.0,17326.0,9560.0,21800.0,1363.0,878.0,1369.0,544.0,653.0,1133.0,897.0,222.0,549.0,5175.0,1941.0,1015.0,14441.0,4419.0,6270.0,2614.0,9518.0,1562.0,2287.0,14071.0,1590.0,1182.0,1082.0,1988.0,1361.0,3501.0,2383.0,3620.0,1475.0,4238.0,141.0,2.0,15.0,70.0,2.0,57.0,25.0,75.0,1360.0,282.0,5738.0,583.0,1218.0,95.0,234.0,1865.0,434.0,909.0,2961.0,4815.0,1900.0,882.0,344.0,5319.0,3892.0,1118.0,3389.0,367.0,2673.0,92.0
2026-07-24T09:00Z,203.0,257.0,348.0,12169.0,14342.0,2895.0,33.0,13585.0,2029.0,7650.0,17487.0,1731.0,9854.0,4452.0,1965.0,1000.0,1011.0,491.0,2357.0,730.0,1322.0,1441.0,2178.0,10166.0,4133.0,8516.0,17214.0,9308.0,21438.0,1362.0,874.0,1389.0,546.0,656.0,1133.0,883.0,219.0,541.0,5139.0,1930.0,1008.0,14521.0,4447.0,6254.0,2609.0,9337.0,1565.0,2284.0,14061.0,1585.0,1188.0,1148.0,1966.0,1371.0,3487.0,2392.0,3654.0,1498.0,4204.0,140.0,2.0,14.0,70.0,2.0,57.0,25.0,75.0,1311.0,269.0,5568.0,574.0,1203.0,93.0,230.0,1812.0,426.0,886.0,2931.0,4711.0,1876.0,853.0,337.0,5234.0,3880.0,1100.0,3335.0,350.0,2610.0,90.0
2026-07-24T10:00Z,195.0,253.0,349.0,11731.0,13619.0,2819.0,34.0,13680.0,2020.0,7607.0,17376.0,1721.0,9603.0,4338.0,1938.0,1043.0,1058.0,508.0,2455.0,826.0,1378.0,1486.0,2251.0,10207.0,4113.0,8648.0,17567.0,9032.0,21256.0,1392.0,901.0,1433.0,548.0,677.0,1168.0,894.0,223.0,545.0,5285.0,1967.0,1025.0,14885.0,4561.0,6499.0,2694.0,9391.0,1613.0,2364.0,14395.0,1633.0,1221.0,1156.0,1988.0,1419.0,3583.0,2540.0,3802.0,1583.0,4262.0,142.0,2.0,14.0,70.0,2.0,57.0,24.0,74.0,1269.0,263.0,5504.0,580.0,1207.0,92.0,232.0,1813.0,430.0,883.0,2927.0,4674.0,1881.0,843.0,340.0,5195.0,3893.0,1098.0,3365.0,343.0,2577.0,87.0
2026-07-24T11:00Z,198.0,255.0,351.0,11322.0,13209.0,2864.0,34.0,14049.0,2033.0,7580.0,17472.0,1735.0,9587.0,4383.0,1930.0,1095.0,1144.0,521.0,2617.0,808.0,1447.0,1572.0,2415.0,10609.0,4231.0,9156.0,17909.0,9292.0,21290.0,1423.0,923.0,1466.0,569.0,681.0,1189.0,924.0,234.0,588.0,5633.0,2045.0,1051.0,15393.0,4718.0,6770.0,2799.0,9681.0,1707.0,2478.0,14829.0,1696.0,1249.0,1265.0,2074.0,1501.0,3761.0,2729.0,4034.0,1677.0,4358.0,147.0,2.0,14.0,71.0,2.0,58.0,24.0,74.0,1253.0,259.0,5565.0,603.0,1216.0,95.0,243.0,1867.0,442.0,911.0,2963.0,4715.0,1916.0,845.0,350.0,5189.0,3928.0,1112.0,3454.0,341.0,2574.0,86.0
2026-07-24T12:00Z,196.0,264.0,354.0,11297.0,12930.0,2584.0,34.0,14348.0,2065.0,7522.0,17660.0,1767.0,9670.0,4454.0,1927.0,1073.0,1227.0,483.0,2770.0,829.0,1522.0,1649.0,2593.0,11166.0,4290.0,9454.0,18418.0,9704.0,21637.0,1442.0,895.0,1386.0,552.0,601.0,1148.0,941.0,245.0,629.0,6087.0,2183.0,1089.0,15888.0,4911.0,7184.0,2962.0,10145.0,1808.0,2608.0,15320.0,1752.0,1293.0,1263.0,2173.0,1593.0,4071.0,2879.0,4252.0,1767.0,4541.0,159.0,2.0,13.0,67.0,2.0,59.0,25.0,75.0,1265.0,260.0,5703.0,631.0,1227.0,98.0,255.0,1945.0,464.0,945.0,3013.0,4836.0,1977.0,844.0,366.0,5189.0,3985.0,1128.0,3594.0,350.0,2618.0,85.0
2026-07-24T13:00Z,186.0,288.0,354.0,11614.0,13008.0,2627.0,36.0,14748.0,2054.0,7492.0,17841.0,1858.0,9732.0,4613.0,1949.0,1028.0,1276.0,381.0,2817.0,874.0,1593.0,1668.0,2725.0,11719.0,4374.0,9774.0,19385.0,10126.0,21950.0,1427.0,828.0,1215.0,530.0,506.0,1051.0,911.0,254.0,658.0,6431.0,2292.0,1099.0,16453.0,5108.0,7511.0,3112.0,10708.0,1905.0,2774.0,15878.0,1811.0,1367.0,1360.0,2264.0,1663.0,4384.0,3001.0,4388.0,1834.0,4663.0,175.0,2.0,15.0,67.0,2.0,60.0,25.0,76.0,1251.0,268.0,5855.0,653.0,1240.0,102.0,262.0,2013.0,485.0,985.0,3067.0,4943.0,2042.0,866.0,380.0,5165.0,4079.0,1145.0,3708.0,366.0,2685.0,86.0
2026-07-24T14:00Z,201.0,323.0,360.0,12045.0,13855.0,3048.0,55.0,15816.0,2129.0,7676.0,18369.0,1938.0,9968.0,4836.0,2022.0,968.0,1300.0,290.0,2813.0,906.0,1605.0,1657.0,2820.0,12031.0,4450.0,10061.0,20131.0,10450.0,22912.0,1425.0,818.0,1138.0,503.0,459.0,979.0,899.0,262.0,681.0,6697.0,2362.0,1091.0,17023.0,5365.0,7820.0,3224.0,11055.0,1995.0,2904.0,16316.0,1883.0,1422.0,1435.0,2353.0,1724.0,4590.0,3096.0,4509.0,1875.0,4736.0,187.0,2.0,17.0,64.0,2.0,62.0,13.0,76.0,1317.0,278.0,6182.0,679.0,1262.0,108.0,272.0,2075.0,509.0,1025.0,3175.0,5131.0,2096.0,902.0,395.0,5250.0,4190.0,1176.0,3852.0,398.0,2785.0,87.0
2026-07-24T15:00Z,220.0,358.0,373.0,12359.0,16864.0,3990.0,92.0,17014.0,2236.0,7844.0,18955.0,1906.0,10351.0,5166.0,2116.0,959.0,1331.0,236.0,2850.0,941.0,1639.0,1653.0,2893.0,12208.0,4522.0,10473.0,20531.0,10781.0,24191.0,1446.0,838.0,1116.0,485.0,449.0,952.0,901.0,265.0,703.0,6858.0,2465.0,1085.0,17398.0,5584.0,8116.0,3365.0,11263.0,2087.0,3030.0,16789.0,1965.0,1491.0,1481.0,2480.0,1713.0,4815.0,3190.0,4642.0,1924.0,4871.0,197.0,2.0,18.0,66.0,2.0,64.0,6.0,77.0,1384.0,295.0,6593.0,705.0,1289.0,111.0,272.0,2129.0,519.0,1056.0,3255.0,5260.0,2136.0,942.0,408.0,5390.0,4261.0,1215.0,3974.0,428.0,2929.0,90.0
2026-07-24T16:00Z,226.0,394.0,386.0,11970.0,18935.0,4240.0,230.0,18124.0,2408.0,8008.0,19701.0,2011.0,10924.0,5427.0,2086.0,982.0,1367.0,222.0,2927.0,978.0,1697.0,1663.0,2942.0,12477.0,4652.0,10825.0,20858.0,10960.0,25511.0,1471.0,865.0,1148.0,479.0,452.0,950.0,941.0,281.0,726.0,7007.0,2621.0,1107.0,17947.0,5693.0,8339.0,3488.0,11686.0,2156.0,3137.0,17349.0,2047.0,1555.0,1568.0,2658.0,1856.0,5013.0,3269.0,4800.0,1929.0,5045.0,210.0,2.0,21.0,63.0,3.0,66.0,6.0,80.0,1458.0,311.0,7062.0,734.0,1309.0,115.0,273.0,2169.0,529.0,1093.0,3370.0,5410.0,2171.0,980.0,416.0,5580.0,4378.0,1263.0,4116.0,463.0,3087.0,94.0
2026-07-24T17:00Z,230.0,426.0,396.0,12075.0,19780.0,4008.0,260.0,19202.0,2520.0,8190.0,20500.0,2189.0,11575.0,5862.0,2291.0,1032.0,1403.0,220.0,3040.0,1027.0,1754.0,1694.0,2995.0,12831.0,4783.0,11226.0,21487.0,11127.0,27034.0,1514.0,900.0,1171.0,481.0,472.0,966.0,999.0,299.0,743.0,7109.0,2777.0,1162.0,18443.0,5889.0,8573.0,3638.0,12173.0,2239.0,3284.0,17864.0,2126.0,1588.0,1653.0,2856.0,1928.0,5201.0,3436.0,4933.0,1979.0,5258.0,223.0,2.0,23.0,70.0,3.0,68.0,8.0,80.0,1553.0,333.0,7502.0,774.0,1336.0,116.0,282.0,2206.0,541.0,1118.0,3445.0,5502.0,2196.0,1020.0,435.0,5801.0,4500.0,1295.0,4283.0,506.0,3266.0,99.0
2026-07-24T18:00Z,227.0,453.0,405.0,11959.0,20648.0,3489.0,268.0,20081.0,2651.0,8289.0,21351.0,2287.0,12255.0,6125.0,2411.0,1074.0,1454.0,243.0,3208.0,1042.0,1839.0,1759.0,3078.0,13225.0,4943.0,11656.0,22035.0,11325.0,28084.0,1576.0,939.0,1235.0,486.0,509.0,1020.0,1059.0,314.0,765.0,7191.0,2945.0,1237.0,18969.0,6158.0,8726.0,3842.0,12482.0,2324.0,3414.0,18428.0,2260.0,1663.0,1809.0,3047.0,1997.0,5407.0,3492.0,5079.0,2015.0,5544.0,236.0,2.0,27.0,71.0,3.0,69.0,10.0,84.0,1676.0,347.0,7898.0,826.0,1363.0,120.0,286.0,2266.0,554.0,1142.0,3530.0,5598.0,2228.0,1065.0,462.0,6006.0,4616.0,1339.0,4489.0,556.0,3418.0,105.0
2026-07-24T19:00Z,237.0,478.0,414.0,11633.0,20970.0,3087.0,255.0,20872.0,2715.0,8349.0,22403.0,2418.0,12876.0,6371.0,2539.0,1074.0,1507.0,254.0,3390.0,1093.0,1944.0,1860.0,3165.0,13655.0,5053.0,11884.0,22359.0,11527.0,29334.0,1628.0,989.0,1289.0,498.0,548.0,1063.0,1139.0,335.0,788.0,7249.0,3106.0,1355.0,19218.0,6315.0,8928.0,3922.0,12805.0,2374.0,3538.0,18930.0,2410.0,1753.0,1866.0,3279.0,2061.0,5581.0,3536.0,5213.0,2015.0,5825.0,249.0,2.0,28.0,70.0,3.0,70.0,13.0,85.0,1796.0,367.0,8221.0,865.0,1382.0,126.0,282.0,2301.0,549.0,1163.0,3549.0,5711.0,2246.0,1101.0,491.0,6207.0,4691.0,1374.0,4673.0,609.0,3546.0,112.0
2026-07-24T20:00Z,240.0,500.0,418.0,11305.0,20705.0,2884.0,171.0,21323.0,2754.0,8388.0,23492.0,2523.0,13390.0,6573.0,2620.0,1169.0,1565.0,298.0,3637.0,1159.0,2095.0,1984.0,3282.0,13856.0,5147.0,12017.0,22695.0,11608.0,29994.0,1692.0,1025.0,1350.0,475.0,578.0,1142.0,1240.0,359.0,823.0,7334.0,3238.0,1545.0,19326.0,6433.0,8845.0,3970.0,13078.0,2386.0,3640.0,19536.0,2489.0,1796.0,1937.0,3559.0,2089.0,5767.0,3701.0,5389.0,2025.0,6145.0,261.0,2.0,30.0,70.0,3.0,71.0,15.0,71.0,1923.0,380.0,8360.0,891.0,1385.0,128.0,292.0,2331.0,551.0,1176.0,3584.0,5751.0,2257.0,1130.0,510.0,6370.0,4734.0,1411.0,4862.0,659.0,3681.0,114.0
2026-07-24T21:00Z,244.0,515.0,427.0,11414.0,21448.0,2701.0,174.0,21691.0,2835.0,8442.0,24310.0,2558.0,13865.0,6680.0,2693.0,1263.0,1637.0,384.0,3900.0,1182.0,2216.0,2126.0,3391.0,14118.0,5149.0,12066.0,23134.0,11677.0,30348.0,1783.0,1092.0,1465.0,477.0,652.0,1278.0,1356.0,368.0,867.0,7384.0,3390.0,1672.0,19389.0,6514.0,8776.0,4110.0,13343.0,2412.0,3745.0,19760.0,2527.0,1775.0,2005.0,3819.0,2123.0,5804.0,3823.0,5515.0,2046.0,6512.0,271.0,3.0,30.0,71.0,3.0,71.0,20.0,71.0,2025.0,390.0,8498.0,907.0,1393.0,131.0,290.0,2383.0,558.0,1211.0,3642.0,5830.0,2267.0,1156.0,519.0,6490.0,4751.0,1457.0,5041.0,694.0,3817.0,115.0
2026-07-24T22:00Z,247.0,524.0,426.0,12078.0,21953.0,2770.0,174.0,21786.0,2847.0,8392.0,24768.0,2586.0,14166.0,6754.0,2745.0,1365.0,1701.0,510.0,4077.0,1194.0,2318.0,2230.0,3441.0,14290.0,5241.0,12103.0,23387.0,11714.0,30396.0,1864.0,1166.0,1616.0,492.0,743.0,1429.0,1478.0,386.0,898.0,7356.0,3507.0,1688.0,19357.0,6507.0,8771.0,4177.0,13506.0,2393.0,3775.0,19455.0,2620.0,1747.0,2038.0,3946.0,2159.0,5773.0,3838.0,5585.0,2042.0,6649.0,272.0,2.0,29.0,70.0,3.0,71.0,23.0,71.0,2107.0,387.0,8554.0,911.0,1395.0,135.0,299.0,2429.0,563.0,1224.0,3644.0,5958.0,2296.0,1174.0,526.0,6500.0,4758.0,1499.0,5181.0,733.0,3905.0,120.0
2026-07-24T23:00Z,257.0,528.0,422.0,12737.0,22462.0,3076.0,168.0,21559.0,2834.0,8263.0,25091.0,2502.0,14332.0,6753.0,2769.0,1488.0,1697.0,630.0,4132.0,1177.0,2296.0,2258.0,3362.0,14330.0,5309.0,12026.0,23348.0,11739.0,30373.0,1933.0,1254.0,1830.0,520.0,882.0,1596.0,1551.0,387.0,881.0,7064.0,3471.0,1731.0,18993.0,6371.0,8789.0,4072.0,13632.0,2312.0,3658.0,18898.0,2620.0,1708.0,1983.0,3824.0,2107.0,5571.0,3702.0,5497.0,2013.0,6573.0,257.0,2.0,31.0,70.0,3.0,70.0,24.0,73.0,2175.0,394.0,8497.0,925.0,1407.0,139.0,301.0,2468.0,562.0,1247.0,3701.0,6081.0,2308.0,1173.0,529.0,6408.0,4675.0,1522.0,5237.0,740.0,3936.0,119.0
2026-07-25T00:00Z,251.0,524.0,421.0,13634.0,22434.0,3230.0,166.0,20890.0,2890.0,8177.0,24946.0,2439.0,14247.0,6601.0,2744.0,1491.0,1636.0,683.0,3992.0,1124.0,2200.0,2214.0,3243.0,14208.0,5310.0,11871.0,22929.0,11627.0,29736.0,1985.0,1333.0,1994.0,556.0,1020.0,1675.0,1542.0,362.0,832.0,6768.0,3294.0,1668.0,18680.0,6178.0,8649.0,3962.0,13538.0,2221.0,3503.0,18385.0,2539.0,1670.0,1889.0,3601.0,2016.0,5247.0,3593.0,5352.0,1963.0,6297.0,238.0,2.0,30.0,72.0,3.0,67.0,22.0,74.0,2101.0,386.0,8328.0,910.0,1394.0,142.0,296.0,2444.0,570.0,1242.0,3713.0,6148.0,2286.0,1159.0,517.0,6278.0,4625.0,1520.0,5201.0,746.0,3803.0,116.0
2026-07-25T01:00Z,233.0,510.0,400.0,14960.0,21925.0,3467.0,163.0,20101.0,2826.0,8109.0,24282.0,2405.0,13875.0,6467.0,2587.0,1463.0,1569.0,694.0,3838.0,1080.0,2109.0,2152.0,3143.0,13927.0,5322.0,11465.0,22003.0,11374.0,28908.0,1948.0,1322.0,2009.0,568.0,1032.0,1670.0,1475.0,351.0,794.0,6624.0,3145.0,1613.0,18219.0,6048.0,8434.0,3883.0,13211.0,2153.0,3379.0,18058.0,2456.0,1621.0,1862.0,3409.0,1954.0,5068.0,3490.0,5200.0,1913.0,6124.0,225.0,2.0,29.0,71.0,3.0,56.0,29.0,77.0,1882.0,376.0,8070.0,887.0,1383.0,143.0,293.0,2420.0,557.0,1234.0,3735.0,6192.0,2276.0,1147.0,503.0,6133.0,4554.0,1504.0,5081.0,735.0,3706.0,115.0
2026-07-25T02:00Z,228.0,488.0,386.0,15795.0,20830.0,3712.0,141.0,19321.0,2680.0,8009.0,23253.0,2347.0,13306.0,6260.0,2524.0,1400.0,1485.0,675.0,3647.0,1029.0,1997.0,2068.0,3027.0,13662.0,5293.0,11194.0,21109.0,11210.0,27995.0,1899.0,1284.0,1950.0,537.0,985.0,1609.0,1395.0,334.0,771.0,6481.0,3004.0,1546.0,17956.0,5919.0,8288.0,3768.0,12903.0,2110.0,3299.0,17706.0,2355.0,1594.0,1802.0,3213.0,1884.0,4894.0,3375.0,5035.0,1886.0,5938.0,212.0,2.0,28.0,72.0,3.0,55.0,32.0,79.0,1764.0,362.0,7777.0,864.0,1370.0,141.0,295.0,2421.0,553.0,1231.0,3679.0,6021.0,2267.0,1115.0,495.0,6002.0,4457.0,1440.0,4891.0,704.0,3563.0,114.0
2026-07-25T03:00Z,233.0,451.0,368.0,15935.0,20035.0,3520.0,108.0,18753.0,2568.0,7974.0,22497.0,2307.0,12819.0,6060.0,2441.0,1294.0,1360.0,632.0,3351.0,882.0,1819.0,1916.0,2848.0,13375.0,5192.0,10755.0,20179.0,11111.0,27244.0,1781.0,1184.0,1815.0,574.0,910.0,1498.0,1288.0,308.0,727.0,6263.0,2809.0,1437.0,17213.0,5613.0,7869.0,3551.0,12454.0,1993.0,3138.0,17005.0,2186.0,1526.0,1692.0,2956.0,1758.0,4601.0,3189.0,4704.0,1762.0,5610.0,195.0,2.0,27.0,73.0,3.0,55.0,34.0,79.0,1723.0,351.0,7546.0,841.0,1347.0,139.0,292.0,2409.0,555.0,1219.0,3663.0,5866.0,2267.0,1088.0,485.0,5910.0,4375.0,1400.0,4767.0,670.0,3487.0,107.0
2026-07-25T04:00Z,233.0,419.0,382.0,15650.0,19218.0,3478.0,100.0,17947.0,2471.0,7938.0,21304.0,2222.0,12110.0,5776.0,2337.0,1188.0,1236.0,576.0,3042.0,887.0,1657.0,1758.0,2646.0,12878.0,4949.0,10026.0,18806.0,10714.0,26185.0,1677.0,1094.0,1684.0,560.0,843.0,1394.0,1184.0,283.0,686.0,6003.0,2573.0,1314.0,16240.0,5268.0,7403.0,3302.0,11790.0,1854.0,2938.0,16236.0,1989.0,1459.0,1548.0,2666.0,1632.0,4277.0,3005.0,4364.0,1655.0,5251.0,178.0,2.0,24.0,72.0,3.0,55.0,34.0,77.0,1669.0,343.0,7144.0,795.0,1326.0,132.0,278.0,2333.0,532.0,1167.0,3597.0,5621.0,2212.0,1056.0,459.0,5744.0,4245.0,1344.0,4547.0,633.0,3381.0,101.0
2026-07-25T05:00Z,225.0,383.0,379.0,15311.0,18687.0,3336.0,63.0,17132.0,2365.0,7905.0,20154.0,2053.0,11337.0,5364.0,2244.0,1104.0,1140.0,540.0,2781.0,819.0,1510.0,1634.0,2468.0,12158.0,4672.0,9450.0,17876.0,10198.0,24808.0,1587.0,1028.0,1571.0,562.0,782.0,1302.0,1089.0,266.0,648.0,5760.0,2367.0,1201.0,15447.0,4954.0,7013.0,3076.0,11033.0,1728.0,2745.0,15567.0,1824.0,1383.0,1402.0,2437.0,1526.0,3995.0,2827.0,4074.0,1570.0,4908.0,164.0,2.0,21.0,71.0,2.0,55.0,32.0,76.0,1599.0,322.0,6738.0,738.0,1295.0,122.0,263.0,2221.0,504.0,1106.0,3472.0,5364.0,2123.0,1005.0,435.0,5599.0,4152.0,1278.0,4285.0,579.0,3214.0,97.0
2026-07-25T06:00Z,221.0,349.0,373.0,14514.0,17625.0,3176.0,38.0,16274.0,2198.0,7864.0,19095.0,1962.0,10553.0,5123.0,2113.0,1052.0,1072.0,513.0,2587.0,777.0,1406.0,1530.0,2331.0,11544.0,4452.0,9023.0,17662.0,10168.0,23649.0,1523.0,972.0,1504.0,559.0,743.0,1244.0,1015.0,246.0,616.0,5515.0,2190.0,1114.0,14973.0,4730.0,6628.0,2894.0,10419.0,1623.0,2574.0,14962.0,1700.0,1334.0,1354.0,2266.0,1439.0,3772.0,2687.0,3892.0,1509.0,4616.0,153.0,3.0,20.0,73.0,2.0,55.0,29.0,74.0,1497.0,303.0,6380.0,685.0,1277.0,114.0,253.0,2116.0,481.0,1040.0,3359.0,5081.0,2042.0,945.0,405.0,5507.0,4066.0,1210.0,4051.0,524.0,3036.0,90.0
2026-07-25T07:00Z,217.0,324.0,324.0,13445.0,16196.0,2941.0,32.0,15546.0,2116.0,7777.0,18121.0,1857.0,9920.0,4922.0,2058.0,1021.0,1025.0,500.0,2446.0,738.0,1332.0,1461.0,2223.0,11094.0,4283.0,8701.0,17166.0,9825.0,22746.0,1475.0,932.0,1459.0,530.0,717.0,1196.0,964.0,232.0,576.0,5322.0,2054.0,1063.0,14579.0,4601.0,6376.0,2765.0,9923.0,1541.0,2434.0,14545.0,1627.0,1281.0,1248.0,2116.0,1386.0,3614.0,2563.0,3744.0,1478.0,4401.0,145.0,2.0,17.0,72.0,2.0,54.0,28.0,75.0,1398.0,289.0,6103.0,651.0,1248.0,109.0,246.0,2040.0,461.0,1000.0,3269.0,4923.0,1988.0,906.0,384.0,5389.0,3991.0,1167.0,3898.0,469.0,2923.0,86.0
2026-07-25T08:00Z,210.0,306.0,333.0,12835.0,14925.0,2864.0,37.0,14928.0,2024.0,7767.0,17354.0,1820.0,9408.0,4829.0,1999.0,1001.0,1000.0,485.0,2355.0,710.0,1293.0,1425.0,2163.0,10767.0,4088.0,8475.0,17047.0,9605.0,22090.0,1443.0,906.0,1430.0,523.0,701.0,1170.0,927.0,222.0,547.0,5173.0,1973.0,1033.0,14292.0,4502.0,6315.0,2697.0,9583.0,1495.0,2340.0,14261.0,1584.0,1260.0,1223.0,2040.0,1347.0,3495.0,2479.0,3644.0,1456.0,4232.0,140.0,2.0,16.0,71.0,2.0,53.0,26.0,72.0,1336.0,278.0,5886.0,623.0,1203.0,105.0,242.0,1975.0,450.0,968.0,3210.0,4746.0,1948.0,874.0,370.0,5284.0,3931.0,1131.0,3755.0,427.0,2809.0,84.0
2026-07-25T09:00Z,203.0,292.0,351.0,12100.0,14057.0,2766.0,33.0,14451.0,1946.0,7813.0,16773.0,1824.0,9102.0,4647.0,1962.0,1002.0,993.0,482.0,2313.0,698.0,1279.0,1411.0,2128.0,10540.0,4018.0,8393.0,16805.0,9503.0,21416.0,1430.0,893.0,1394.0,521.0,699.0,1160.0,907.0,216.0,532.0,5080.0,1930.0,1021.0,14223.0,4473.0,6226.0,2681.0,9285.0,1477.0,2284.0,14153.0,1572.0,1238.0,1227.0,1997.0,1329.0,3443.0,2443.0,3624.0,1453.0,4140.0,138.0,2.0,16.0,71.0,2.0,53.0,25.0,71.0,1283.0,272.0,5737.0,612.0,1216.0,103.0,239.0,1953.0,445.0,955.0,3178.0,4634.0,1940.0,845.0,361.0,5193.0,3920.0,1110.0,3647.0,398.0,2722.0,83.0
2026-07-25T10:00Z,203.0,283.0,346.0,11499.0,13257.0,2794.0,33.0,14155.0,1921.0,7802.0,16329.0,1808.0,8941.0,4570.0,1919.0,1012.0,1000.0,487.0,2312.0,695.0,1278.0,1407.0,2129.0,10476.0,3987.0,8409.0,16531.0,9447.0,21168.0,1431.0,893.0,1420.0,512.0,703.0,1176.0,897.0,215.0,525.0,5073.0,1911.0,1025.0,14309.0,4486.0,6292.0,2710.0,9225.0,1489.0,2284.0,14147.0,1577.0,1257.0,1187.0,1988.0,1342.0,3451.0,2455.0,3659.0,1484.0,4106.0,136.0,2.0,15.0,73.0,2.0,53.0,25.0,72.0,1256.0,265.0,5646.0,614.0,1233.0,103.0,239.0,1959.0,445.0,950.0,3142.0,4579.0,1941.0,825.0,358.0,5135.0,3904.0,1102.0,3599.0,378.0,2654.0,81.0
2026-07-25T11:00Z,201.0,279.0,346.0,11136.0,12709.0,2699.0,32.0,14023.0,1908.0,7734.0,16145.0,1769.0,8850.0,4550.0,1916.0,1016.0,1036.0,478.0,2349.0,709.0,1309.0,1412.0,2187.0,10575.0,4028.0,8495.0,16269.0,9508.0,21008.0,1426.0,876.0,1403.0,516.0,679.0,1163.0,888.0,218.0,530.0,5161.0,1917.0,1021.0,14365.0,4543.0,6387.0,2732.0,9230.0,1512.0,2313.0,14290.0,1598.0,1269.0,1144.0,1992.0,1363.0,3486.0,2534.0,3714.0,1511.0,4055.0,137.0,2.0,15.0,73.0,2.0,53.0,25.0,71.0,1234.0,262.0,5607.0,625.0,1228.0,105.0,243.0,1980.0,447.0,958.0,3130.0,4557.0,1964.0,823.0,359.0,5079.0,3879.0,1095.0,3617.0,366.0,2748.0,80.0
2026-07-25T12:00Z,209.0,280.0,346.0,10969.0,12381.0,2407.0,30.0,13937.0,1887.0,7672.0,16023.0,1675.0,8844.0,4527.0,1907.0,988.0,1098.0,432.0,2423.0,748.0,1364.0,1448.0,2297.0,10770.0,4083.0,8592.0,16580.0,9333.0,20828.0,1423.0,856.0,1304.0,518.0,586.0,1107.0,883.0,223.0,552.0,5405.0,2005.0,1034.0,14637.0,4685.0,6584.0,2829.0,9344.0,1564.0,2391.0,14568.0,1655.0,1304.0,1181.0,2011.0,1422.0,3687.0,2612.0,3852.0,1563.0,4100.0,144.0,2.0,16.0,72.0,2.0,53.0,25.0,72.0,1236.0,268.0,5599.0,633.0,1212.0,107.0,243.0,2003.0,450.0,951.0,3133.0,4523.0,1986.0,823.0,363.0,5062.0,3852.0,1093.0,3642.0,361.0,2753.0,79.0
2026-07-25T13:00Z,199.0,293.0,347.0,10974.0,12217.0,2404.0,33.0,14090.0,1890.0,7591.0,15993.0,1695.0,8879.0,4522.0,1901.0,940.0,1160.0,343.0,2484.0,775.0,1414.0,1467.0,2415.0,11130.0,4167.0,8964.0,17364.0,9599.0,21129.0,1414.0,805.0,1138.0,500.0,486.0,1023.0,853.0,232.0,585.0,5626.0,2118.0,1037.0,15271.0,4913.0,7011.0,2945.0,9715.0,1670.0,2564.0,14995.0,1751.0,1383.0,1309.0,2088.0,1509.0,3979.0,2695.0,4026.0,1648.0,4166.0,156.0,2.0,15.0,72.0,2.0,52.0,24.0,70.0,1227.0,267.0,5716.0,665.0,1235.0,114.0,254.0,2105.0,473.0,1011.0,3196.0,4597.0,2054.0,846.0,382.0,5063.0,3940.0,1125.0,3786.0,363.0,2769.0,79.0
2026-07-25T14:00Z,215.0,322.0,357.0,11099.0,12339.0,2575.0,58.0,15144.0,1934.0,7565.0,16890.0,1823.0,9342.0,4734.0,2008.0,893.0,1204.0,261.0,2502.0,804.0,1431.0,1467.0,2497.0,11676.0,4304.0,9304.0,18434.0,10054.0,22304.0,1464.0,789.0,1065.0,485.0,449.0,966.0,826.0,240.0,602.0,5820.0,2195.0,1015.0,15983.0,5195.0,7409.0,3043.0,10199.0,1788.0,2787.0,15456.0,1789.0,1452.0,1416.0,2217.0,1596.0,4247.0,2701.0,4208.0,1722.0,4217.0,164.0,2.0,16.0,73.0,2.0,53.0,14.0,71.0,1254.0,270.0,6111.0,733.0,1284.0,129.0,272.0,2309.0,512.0,1124.0,3317.0,4890.0,2156.0,894.0,425.0,5152.0,4055.0,1196.0,4095.0,389.0,2868.0,80.0
2026-07-25T15:00Z,235.0,358.0,371.0,11055.0,14507.0,3021.0,172.0,16339.0,2094.0,7652.0,18408.0,1893.0,9963.0,4987.0,2130.0,879.0,1243.0,212.0,2517.0,831.0,1447.0,1465.0,2549.0,12168.0,4425.0,9561.0,18595.0,10595.0,23945.0,1492.0,821.0,1041.0,490.0,442.0,932.0,824.0,248.0,620.0,5996.0,2282.0,1021.0,16596.0,5450.0,7741.0,3159.0,10658.0,1900.0,2996.0,15862.0,1815.0,1537.0,1538.0,2269.0,1658.0,4459.0,2780.0,4337.0,1769.0,4307.0,174.0,3.0,18.0,71.0,2.0,55.0,7.0,71.0,1305.0,283.0,6664.0,815.0,1333.0,148.0,295.0,2544.0,564.0,1266.0,3509.0,5284.0,2258.0,949.0,477.0,5331.0,4232.0,1289.0,4484.0,425.0,2892.0,84.0
2026-07-25T16:00Z,243.0,408.0,379.0,10752.0,17926.0,3912.0,261.0,17489.0,2209.0,7727.0,19841.0,2005.0,10601.0,5285.0,2200.0,888.0,1291.0,201.0,2578.0,854.0,1484.0,1491.0,2604.0,12612.0,4394.0,9799.0,19244.0,11189.0,25542.0,1530.0,858.0,1073.0,494.0,485.0,939.0,849.0,259.0,631.0,6134.0,2401.0,1051.0,17184.0,5665.0,8063.0,3249.0,11118.0,2003.0,3174.0,16242.0,1882.0,1603.0,1562.0,2394.0,1719.0,4659.0,2869.0,4430.0,1822.0,4444.0,185.0,2.0,20.0,69.0,2.0,56.0,7.0,72.0,1346.0,303.0,7254.0,885.0,1376.0,171.0,324.0,2794.0,622.0,1430.0,3701.0,5723.0,2398.0,1009.0,536.0,5536.0,4401.0,1377.0,4901.0,471.0,3040.0,88.0
2026-07-25T17:00Z,245.0,443.0,391.0,10693.0,18576.0,3724.0,263.0,18647.0,2320.0,7824.0,21300.0,2164.0,11263.0,5580.0,2325.0,938.0,1341.0,210.0,2673.0,902.0,1520.0,1530.0,2637.0,13006.0,4411.0,10031.0,19829.0,11868.0,27039.0,1609.0,925.0,1122.0,496.0,524.0,996.0,908.0,271.0,645.0,6233.0,2516.0,1112.0,17744.0,5911.0,8391.0,3405.0,11663.0,2103.0,3352.0,16570.0,1953.0,1675.0,1694.0,2547.0,1775.0,4811.0,2976.0,4549.0,1870.0,4603.0,197.0,2.0,21.0,71.0,2.0,57.0,10.0,72.0,1447.0,321.0,7848.0,950.0,1423.0,191.0,352.0,3033.0,676.0,1576.0,3852.0,6134.0,2583.0,1067.0,588.0,5733.0,4559.0,1454.0,5291.0,529.0,3208.0,92.0
2026-07-25T18:00Z,241.0,470.0,398.0,10537.0,19304.0,3509.0,263.0,19566.0,2443.0,7924.0,22530.0,2288.0,11925.0,5859.0,2337.0,986.0,1385.0,226.0,2800.0,1020.0,1605.0,1594.0,2670.0,13367.0,4635.0,10079.0,20484.0,12620.0,28443.0,1698.0,1019.0,1179.0,507.0,544.0,1042.0,973.0,287.0,662.0,6252.0,2634.0,1191.0,18226.0,6136.0,8721.0,3534.0,11588.0,2205.0,3483.0,16806.0,2046.0,1720.0,1726.0,2704.0,1835.0,4969.0,3080.0,4657.0,1910.0,4787.0,208.0,2.0,24.0,70.0,3.0,58.0,14.0,76.0,1572.0,335.0,8401.0,1003.0,1435.0,210.0,368.0,3223.0,722.0,1695.0,4002.0,6478.0,2775.0,1107.0,624.0,5918.0,4684.0,1519.0,5635.0,586.0,3374.0,97.0
2026-07-25T19:00Z,237.0,489.0,404.0,10415.0,19151.0,3019.0,238.0,20258.0,2537.0,8026.0,23735.0,2401.0,12544.0,6125.0,2460.0,990.0,1424.0,261.0,2977.0,957.0,1661.0,1686.0,2734.0,13729.0,4875.0,10300.0,21203.0,13302.0,29383.0,1773.0,1126.0,1230.0,505.0,548.0,1091.0,1047.0,307.0,684.0,6288.0,2748.0,1289.0,18684.0,6327.0,8944.0,3731.0,11836.0,2290.0,3496.0,17089.0,2166.0,1795.0,1715.0,2875.0,1893.0,5141.0,3226.0,4815.0,1951.0,4994.0,219.0,2.0,25.0,69.0,3.0,59.0,16.0,75.0,1676.0,351.0,8855.0,1051.0,1470.0,225.0,383.0,3384.0,765.0,1782.0,3941.0,6796.0,2949.0,1140.0,655.0,6071.0,4764.0,1576.0,5931.0,642.0,3504.0,102.0
2026-07-25T20:00Z,238.0,501.0,408.0,10246.0,19075.0,2715.0,199.0,20724.0,2692.0,8128.0,24921.0,2461.0,13068.0,6334.0,2565.0,1067.0,1476.0,322.0,3213.0,1007.0,1769.0,1798.0,2813.0,14004.0,5174.0,10662.0,21844.0,13872.0,30176.0,1838.0,1166.0,1339.0,496.0,568.0,1168.0,1137.0,328.0,713.0,6371.0,2873.0,1448.0,19166.0,6523.0,9128.0,3913.0,12259.0,2359.0,3539.0,17366.0,2322.0,1854.0,1770.0,3095.0,1962.0,5299.0,3386.0,4968.0,1973.0,5289.0,229.0,2.0,27.0,70.0,3.0,60.0,20.0,79.0,1731.0,366.0,9221.0,1082.0,1492.0,237.0,394.0,3511.0,798.0,1857.0,3758.0,7042.0,3084.0,1160.0,684.0,6209.0,4800.0,1631.0,6156.0,693.0,3612.0,105.0
2026-07-25T21:00Z,232.0,508.0,401.0,10402.0,19367.0,2503.0,165.0,21036.0,2807.0,8207.0,25853.0,2478.0,13526.0,6585.0,2649.0,1201.0,1542.0,416.0,3491.0,1041.0,1888.0,1919.0,2913.0,14478.0,5456.0,10887.0,22507.0,14341.0,30934.0,1897.0,1256.0,1503.0,501.0,644.0,1311.0,1260.0,352.0,755.0,6450.0,3027.0,1571.0,19576.0,6727.0,9433.0,4096.0,12752.0,2407.0,3681.0,17717.0,2452.0,1907.0,1743.0,3321.0,2041.0,5423.0,3532.0,5148.0,2019.0,5603.0,237.0,2.0,26.0,69.0,3.0,61.0,25.0,78.0,1796.0,376.0,9481.0,1112.0,1537.0,241.0,403.0,3638.0,824.0,1906.0,3746.0,7260.0,3177.0,1167.0,705.0,6302.0,4834.0,1677.0,6307.0,727.0,3713.0,107.0
2026-07-25T22:00Z,243.0,518.0,414.0,10805.0,20387.0,2438.0,166.0,21048.0,2853.0,8216.0,26485.0,2508.0,13908.0,6650.0,2703.0,1301.0,1596.0,532.0,3738.0,1128.0,2031.0,2046.0,2995.0,14943.0,5713.0,10951.0,23066.0,14713.0,31005.0,1938.0,1339.0,1696.0,504.0,729.0,1470.0,1368.0,362.0,786.0,6472.0,3139.0,1679.0,19830.0,6835.0,9509.0,4226.0,13151.0,2407.0,3640.0,17907.0,2562.0,1933.0,1761.0,3436.0,2103.0,5460.0,3665.0,5323.0,2041.0,5837.0,240.0,2.0,25.0,69.0,3.0,62.0,30.0,80.0,1863.0,374.0,9627.0,1131.0,1548.0,251.0,409.0,3704.0,841.0,1947.0,3724.0,7378.0,3245.0,1177.0,717.0,6349.0,4891.0,1703.0,6410.0,760.0,3803.0,109.0
2026-07-25T23:00Z,252.0,526.0,422.0,11533.0,21152.0,2657.0,162.0,20781.0,2829.0,8190.0,26788.0,2548.0,14110.0,6620.0,2741.0,1434.0,1595.0,652.0,3825.0,1085.0,2052.0,2093.0,2997.0,15369.0,5913.0,10946.0,23153.0,14951.0,30540.0,1973.0,1350.0,1926.0,533.0,869.0,1626.0,1442.0,363.0,790.0,6418.0,3130.0,1723.0,19741.0,6784.0,9413.0,4267.0,13194.0,2369.0,3564.0,17917.0,2575.0,1930.0,1812.0,3477.0,2089.0,5340.0,3753.0,5376.0,2033.0,5939.0,235.0,2.0,25.0,70.0,2.0,61.0,32.0,82.0,1904.0,379.0,9651.0,1143.0,1551.0,255.0,411.0,3720.0,849.0,1967.0,3710.0,7420.0,3267.0,1178.0,724.0,6377.0,4906.0,1727.0,6478.0,780.0,3845.0,111.0
2026-07-26T00:00Z,246.0,521.0,425.0,12236.0,21091.0,2970.0,164.0,20295.0,2790.0,8162.0,26457.0,2517.0,14066.0,6492.0,2709.0,1445.0,1543.0,695.0,3724.0,1043.0,1975.0,2048.0,2904.0,15674.0,6000.0,10926.0,22912.0,14966.0,30127.0,1992.0,1361.0,2024.0,562.0,978.0,1682.0,1432.0,346.0,770.0,6293.0,3000.0,1667.0,19332.0,6592.0,9160.0,4152.0,13015.0,2294.0,3457.0,17630.0,2545.0,1877.0,1748.0,3298.0,2010.0,5061.0,3692.0,5253.0,1976.0,5835.0,220.0,3.0,23.0,72.0,3.0,59.0,25.0,82.0,1909.0,384.0,9479.0,1130.0,1531.0,255.0,408.0,3697.0,837.0,1948.0,3684.0,7341.0,3216.0,1174.0,716.0,6365.0,4867.0,1706.0,6415.0,788.0,3796.0,113.0
2026-07-26T01:00Z,234.0,505.0,422.0,13588.0,20579.0,3199.0,166.0,19602.0,2714.0,7990.0,25492.0,2412.0,13763.0,6326.0,2632.0,1417.0,1472.0,707.0,3583.0,1008.0,1901.0,1995.0,2820.0,15659.0,6036.0,10785.0,22263.0,14695.0,29303.0,1962.0,1344.0,2013.0,569.0,990.0,1682.0,1370.0,328.0,746.0,6164.0,2861.0,1578.0,18740.0,6292.0,8682.0,3976.0,12901.0,2218.0,3348.0,17436.0,2440.0,1781.0,1602.0,3070.0,1914.0,4780.0,3574.0,5053.0,1928.0,5634.0,206.0,2.0,24.0,70.0,2.0,59.0,27.0,82.0,1870.0,382.0,9116.0,1097.0,1511.0,249.0,401.0,3608.0,821.0,1901.0,3636.0,7158.0,3143.0,1156.0,693.0,6276.0,4784.0,1651.0,6280.0,764.0,3741.0,113.0
2026-07-26T02:00Z,239.0,487.0,396.0,14847.0,19606.0,3363.0,152.0,18916.0,2622.0,7933.0,24116.0,2274.0,13147.0,6119.0,2527.0,1342.0,1389.0,682.0,3409.0,922.0,1802.0,1917.0,2733.0,15353.0,5993.0,10715.0,21837.0,14241.0,28475.0,1925.0,1304.0,1954.0,586.0,968.0,1620.0,1302.0,312.0,725.0,6087.0,2737.0,1502.0,18327.0,6059.0,8399.0,3824.0,12868.0,2158.0,3302.0,17030.0,2330.0,1700.0,1545.0,2904.0,1823.0,4592.0,3465.0,4869.0,1889.0,5460.0,195.0,2.0,22.0,70.0,2.0,58.0,31.0,82.0,1835.0,369.0,8632.0,1045.0,1472.0,238.0,390.0,3467.0,777.0,1818.0,3602.0,6866.0,3037.0,1125.0,661.0,6130.0,4725.0,1579.0,6000.0,733.0,3698.0,111.0
2026-07-26T03:00Z,240.0,461.0,360.0,15347.0,18655.0,3336.0,102.0,18336.0,2486.0,7935.0,23115.0,2241.0,12631.0,5943.0,2427.0,1237.0,1271.0,647.0,3148.0,840.0,1659.0,1789.0,2590.0,14958.0,5800.0,10443.0,21171.0,13828.0,27510.0,1844.0,1234.0,1846.0,551.0,926.0,1521.0,1208.0,294.0,694.0,5923.0,2566.0,1393.0,17536.0,5688.0,7940.0,3585.0,12677.0,2034.0,3167.0,16295.0,2150.0,1599.0,1472.0,2674.0,1699.0,4320.0,3277.0,4557.0,1782.0,5172.0,181.0,2.0,22.0,69.0,2.0,58.0,34.0,81.0,1815.0,357.0,8243.0,997.0,1455.0,225.0,383.0,3365.0,752.0,1749.0,3623.0,6612.0,2951.0,1086.0,633.0,6013.0,4609.0,1517.0,5782.0,704.0,3581.0,106.0
2026-07-26T04:00Z,241.0,437.0,352.0,15124.0,17903.0,3336.0,89.0,17480.0,2421.0,7894.0,21759.0,2133.0,11912.0,5653.0,2343.0,1137.0,1157.0,588.0,2877.0,816.0,1518.0,1649.0,2417.0,14311.0,5539.0,10110.0,20007.0,13149.0,26182.0,1757.0,1154.0,1743.0,545.0,858.0,1420.0,1119.0,269.0,659.0,5713.0,2362.0,1270.0,16548.0,5284.0,7385.0,3330.0,12169.0,1890.0,2982.0,15522.0,1950.0,1506.0,1421.0,2459.0,1566.0,4020.0,3060.0,4252.0,1693.0,4864.0,167.0,2.0,20.0,71.0,2.0,58.0,33.0,79.0,1751.0,342.0,7760.0,943.0,1420.0,211.0,366.0,3206.0,719.0,1631.0,3795.0,6279.0,2829.0,1054.0,596.0,5854.0,4450.0,1432.0,5493.0,666.0,3502.0,106.0
2026-07-26T05:00Z,239.0,402.0,341.0,14705.0,17235.0,3230.0,86.0,16593.0,2311.0,7787.0,20366.0,2003.0,11101.0,5345.0,2239.0,1059.0,1074.0,561.0,2649.0,751.0,1399.0,1535.0,2274.0,13467.0,5182.0,9621.0,19228.0,12477.0,25059.0,1675.0,1090.0,1643.0,557.0,797.0,1332.0,1038.0,246.0,620.0,5509.0,2188.0,1161.0,15723.0,4952.0,6937.0,3092.0,11641.0,1773.0,2802.0,14882.0,1776.0,1409.0,1319.0,2235.0,1443.0,3763.0,2848.0,3965.0,1610.0,4584.0,155.0,2.0,19.0,69.0,2.0,58.0,32.0,79.0,1666.0,321.0,7235.0,875.0,1377.0,196.0,351.0,3031.0,680.0,1538.0,3761.0,5917.0,2695.0,1004.0,555.0,5685.0,4269.0,1351.0,5105.0,609.0,3336.0,101.0
2026-07-26T06:00Z,227.0,369.0,331.0,13697.0,16249.0,3080.0,64.0,15748.0,2156.0,7808.0,19134.0,1880.0,10340.0,5059.0,2126.0,1009.0,1010.0,535.0,2496.0,713.0,1304.0,1448.0,2163.0,12653.0,4909.0,9216.0,19188.0,12227.0,23754.0,1599.0,1043.0,1578.0,528.0,761.0,1263.0,970.0,228.0,581.0,5281.0,2044.0,1078.0,15255.0,4726.0,6618.0,2915.0,11104.0,1687.0,2639.0,14373.0,1652.0,1326.0,1312.0,2087.0,1364.0,3546.0,2686.0,3775.0,1545.0,4329.0,146.0,2.0,17.0,71.0,2.0,56.0,29.0,76.0,1557.0,304.0,6815.0,812.0,1356.0,181.0,336.0,2878.0,644.0,1446.0,3652.0,5619.0,2578.0,961.0,518.0,5531.0,4168.0,1280.0,4825.0,548.0,3148.0,97.0
2026-07-26T07:00Z,220.0,347.0,357.0,12791.0,15288.0,2844.0,23.0,15020.0,2031.0,7746.0,18063.0,1792.0,9689.0,4823.0,2076.0,980.0,968.0,513.0,2356.0,691.0,1210.0,1386.0,2078.0,12092.0,4711.0,8939.0,18805.0,11777.0,22814.0,1537.0,1005.0,1528.0,522.0,736.0,1215.0,919.0,215.0,550.0,5100.0,1927.0,1023.0,14773.0,4568.0,6366.0,2782.0,10722.0,1618.0,2525.0,13968.0,1566.0,1283.0,1227.0,1963.0,1309.0,3388.0,2546.0,3658.0,1499.0,4135.0,139.0,2.0,16.0,71.0,2.0,56.0,27.0,75.0,1454.0,290.0,6480.0,762.0,1341.0,170.0,326.0,2748.0,612.0,1366.0,3591.0,5379.0,2480.0,933.0,488.0,5437.0,4093.0,1222.0,4623.0,494.0,2999.0,94.0
2026-07-26T08:00Z,219.0,330.0,353.0,12304.0,14219.0,2823.0,28.0,14431.0,1928.0,7684.0,17167.0,1715.0,9205.0,4698.0,2013.0,952.0,946.0,503.0,2273.0,664.0,1225.0,1356.0,2032.0,11695.0,4529.0,8819.0,18346.0,11395.0,22158.0,1498.0,976.0,1497.0,518.0,712.0,1186.0,884.0,205.0,527.0,4966.0,1864.0,988.0,14460.0,4453.0,6217.0,2700.0,10365.0,1570.0,2454.0,13833.0,1512.0,1240.0,1249.0,1884.0,1276.0,3279.0,2448.0,3562.0,1471.0,3994.0,135.0,2.0,15.0,71.0,2.0,56.0,25.0,73.0,1379.0,280.0,6183.0,725.0,1323.0,160.0,313.0,2621.0,584.0,1298.0,3516.0,5150.0,2405.0,912.0,460.0,5315.0,4018.0,1176.0,4432.0,451.0,2873.0,89.0
2026-07-26T09:00Z,207.0,314.0,347.0,11609.0,13515.0,2744.0,28.0,14068.0,1844.0,7631.0,16472.0,1707.0,8844.0,4520.0,1966.0,946.0,940.0,498.0,2228.0,653.0,1216.0,1338.0,1999.0,11381.0,4456.0,8669.0,18091.0,11134.0,21506.0,1475.0,956.0,1482.0,520.0,702.0,1170.0,866.0,197.0,512.0,4884.0,1824.0,970.0,14458.0,4387.0,6103.0,2653.0,10194.0,1546.0,2416.0,13738.0,1485.0,1223.0,1208.0,1857.0,1262.0,3214.0,2397.0,3536.0,1462.0,3917.0,132.0,3.0,14.0,70.0,2.0,55.0,25.0,72.0,1327.0,267.0,5902.0,695.0,1302.0,151.0,303.0,2509.0,561.0,1249.0,3442.0,4944.0,2335.0,892.0,436.0,5209.0,3951.0,1133.0,4256.0,420.0,2765.0,84.0
2026-07-26T10:00Z,206.0,302.0,343.0,11012.0,12724.0,2675.0,26.0,13856.0,1818.0,7627.0,15966.0,1647.0,8632.0,4451.0,1916.0,955.0,946.0,499.0,2214.0,650.0,1216.0,1329.0,1984.0,11201.0,4397.0,8602.0,18105.0,10921.0,21140.0,1463.0,949.0,1482.0,520.0,700.0,1164.0,856.0,193.0,506.0,4862.0,1808.0,968.0,14374.0,4360.0,6149.0,2654.0,10056.0,1546.0,2428.0,13694.0,1484.0,1216.0,1243.0,1834.0,1267.0,3198.0,2399.0,3545.0,1470.0,3866.0,130.0,2.0,14.0,72.0,2.0,55.0,24.0,72.0,1275.0,263.0,5727.0,674.0,1293.0,145.0,295.0,2432.0,550.0,1210.0,3391.0,4806.0,2294.0,872.0,421.0,5151.0,3893.0,1106.0,4152.0,396.0,2685.0,82.0
2026-07-26T11:00Z,204.0,293.0,342.0,10760.0,12230.0,2634.0,24.0,13696.0,1793.0,7591.0,15588.0,1601.0,8517.0,4383.0,1909.0,950.0,972.0,484.0,2216.0,656.0,1229.0,1324.0,2016.0,11164.0,4390.0,8769.0,17998.0,10836.0,20917.0,1442.0,934.0,1473.0,517.0,699.0,1131.0,847.0,193.0,504.0,4891.0,1788.0,956.0,14477.0,4327.0,6159.0,2650.0,10086.0,1578.0,2456.0,13718.0,1479.0,1209.0,1240.0,1825.0,1282.0,3220.0,2432.0,3587.0,1479.0,3779.0,129.0,2.0,14.0,71.0,2.0,55.0,24.0,71.0,1261.0,258.0,5614.0,666.0,1284.0,141.0,287.0,2376.0,540.0,1178.0,3344.0,4711.0,2262.0,860.0,411.0,5093.0,3865.0,1091.0,4072.0,379.0,2772.0,82.0
2026-07-26T12:00Z,206.0,288.0,342.0,10553.0,12046.0,3024.0,26.0,13558.0,1760.0,7555.0,15278.0,1578.0,8471.0,4329.0,1870.0,910.0,1026.0,441.0,2262.0,678.0,1260.0,1340.0,2090.0,11153.0,4363.0,8829.0,17671.0,10644.0,20598.0,1441.0,902.0,1445.0,524.0,681.0,1097.0,839.0,200.0,520.0,5063.0,1832.0,957.0,14659.0,4476.0,6239.0,2738.0,10142.0,1618.0,2507.0,13955.0,1505.0,1222.0,1288.0,1816.0,1334.0,3400.0,2502.0,3706.0,1538.0,3773.0,133.0,2.0,14.0,73.0,2.0,55.0,25.0,71.0,1261.0,256.0,5518.0,667.0,1278.0,138.0,277.0,2319.0,530.0,1145.0,3308.0,4643.0,2250.0,856.0,404.0,5073.0,3889.0,1082.0,3991.0,373.0,2750.0,80.0
2026-07-26T13:00Z,198.0,297.0,344.0,10341.0,11695.0,2966.0,25.0,13685.0,1750.0,7470.0,15369.0,1629.0,8494.0,4295.0,1902.0,855.0,1087.0,364.0,2315.0,704.0,1297.0,1359.0,2186.0,11494.0,4484.0,9224.0,18486.0,10763.0,21078.0,1453.0,853.0,1381.0,512.0,633.0,1050.0,830.0,212.0,540.0,5278.0,1918.0,967.0,15267.0,4745.0,6637.0,2908.0,10584.0,1704.0,2625.0,14555.0,1554.0,1295.0,1381.0,1868.0,1429.0,3675.0,2621.0,3901.0,1638.0,3772.0,144.0,2.0,14.0,70.0,2.0,54.0,24.0,70.0,1233.0,256.0,5659.0,696.0,1287.0,139.0,279.0,2356.0,545.0,1156.0,3361.0,4669.0,2293.0,858.0,418.0,5047.0,3962.0,1114.0,4073.0,375.0,2759.0,80.0
2026-07-26T14:00Z,211.0,329.0,351.0,10234.0,11663.0,2797.0,60.0,14766.0,1869.0,7505.0,16561.0,1773.0,8969.0,4609.0,2026.0,817.0,1122.0,291.0,2348.0,738.0,1301.0,1363.0,2242.0,12107.0,4692.0,9875.0,19463.0,11398.0,22350.0,1454.0,863.0,1274.0,519.0,581.0,1020.0,806.0,223.0,569.0,5518.0,1996.0,963.0,16006.0,5071.0,7026.0,3095.0,11409.0,1814.0,2802.0,15319.0,1655.0,1382.0,1455.0,1943.0,1508.0,3955.0,2777.0,4087.0,1731.0,3846.0,153.0,2.0,15.0,71.0,2.0,55.0,14.0,72.0,1252.0,271.0,6177.0,770.0,1340.0,154.0,299.0,2554.0,594.0,1276.0,3529.0,4934.0,2441.0,900.0,461.0,5126.0,4142.0,1207.0,4371.0,405.0,2882.0,81.0
2026-07-26T15:00Z,231.0,371.0,359.0,9911.0,14417.0,2985.0,181.0,16041.0,2028.0,7605.0,18111.0,1858.0,9658.0,4944.0,2155.0,803.0,1151.0,255.0,2370.0,847.0,1348.0,1371.0,2286.0,12928.0,4991.0,10415.0,20665.0,12325.0,24110.0,1511.0,903.0,1214.0,519.0,536.0,1047.0,807.0,230.0,591.0,5758.0,2100.0,974.0,16718.0,5409.0,7422.0,3275.0,12362.0,1907.0,2940.0,15990.0,1771.0,1464.0,1558.0,2065.0,1598.0,4237.0,2910.0,4285.0,1801.0,3988.0,163.0,2.0,15.0,72.0,2.0,56.0,6.0,72.0,1337.0,285.0,6761.0,842.0,1360.0,174.0,325.0,2801.0,654.0,1418.0,3721.0,5347.0,2629.0,960.0,511.0,5289.0,4298.0,1296.0,4762.0,454.0,2933.0,83.0
2026-07-26T16:00Z,241.0,412.0,371.0,10030.0,17727.0,3556.0,271.0,17305.0,2171.0,7774.0,19653.0,2015.0,10350.0,5259.0,2241.0,806.0,1194.0,278.0,2449.0,783.0,1411.0,1403.0,2347.0,13732.0,5347.0,11085.0,22174.0,13317.0,25943.0,1601.0,970.0,1200.0,521.0,509.0,1118.0,873.0,246.0,617.0,5956.0,2248.0,1027.0,17600.0,5730.0,7842.0,3520.0,13404.0,1986.0,3067.0,16847.0,1896.0,1558.0,1636.0,2220.0,1696.0,4511.0,3115.0,4517.0,1853.0,4223.0,177.0,2.0,18.0,70.0,2.0,57.0,7.0,73.0,1414.0,304.0,7375.0,905.0,1409.0,197.0,351.0,3054.0,709.0,1569.0,3876.0,5774.0,2837.0,1013.0,564.0,5485.0,4455.0,1385.0,5163.0,518.0,3114.0,85.0
2026-07-26T17:00Z,242.0,447.0,385.0,9931.0,18884.0,3481.0,251.0,18525.0,2277.0,7941.0,21301.0,2167.0,11165.0,5620.0,2345.0,842.0,1240.0,323.0,2604.0,803.0,1392.0,1449.0,2399.0,14435.0,5785.0,11767.0,23560.0,14335.0,27339.0,1667.0,1044.0,1293.0,520.0,540.0,1163.0,945.0,271.0,652.0,6138.0,2419.0,1107.0,18326.0,6054.0,8282.0,3760.0,14445.0,2070.0,3174.0,17677.0,2023.0,1625.0,1697.0,2531.0,1799.0,4785.0,3339.0,4727.0,1910.0,4539.0,195.0,2.0,20.0,73.0,2.0,58.0,8.0,75.0,1482.0,323.0,8002.0,969.0,1439.0,215.0,372.0,3286.0,767.0,1709.0,3947.0,6208.0,3035.0,1068.0,618.0,5694.0,4609.0,1472.0,5564.0,580.0,3306.0,88.0
2026-07-26T18:00Z,250.0,474.0,395.0,9758.0,19055.0,3190.0,272.0,19520.0,2438.0,8100.0,22805.0,2304.0,11909.0,5930.0,2459.0,869.0,1290.0,364.0,2782.0,839.0,1469.0,1513.0,2453.0,15040.0,6173.0,12297.0,24384.0,15200.0,29038.0,1747.0,1100.0,1451.0,522.0,598.0,1076.0,1042.0,295.0,691.0,6301.0,2615.0,1195.0,18953.0,6315.0,8628.0,3974.0,15302.0,2138.0,3251.0,18408.0,2153.0,1713.0,1798.0,2777.0,1908.0,5044.0,3510.0,4973.0,1954.0,4916.0,213.0,2.0,21.0,72.0,2.0,59.0,9.0,77.0,1583.0,340.0,8570.0,1033.0,1502.0,229.0,391.0,3487.0,808.0,1815.0,3952.0,6614.0,3189.0,1116.0,664.0,5912.0,4758.0,1559.0,5974.0,643.0,3487.0,93.0
2026-07-26T19:00Z,246.0,492.0,402.0,9560.0,19047.0,3296.0,248.0,20341.0,2579.0,8161.0,24261.0,2403.0,12571.0,6221.0,2542.0,865.0,1338.0,409.0,2998.0,895.0,1583.0,1587.0,2517.0,15568.0,6488.0,12801.0,25353.0,15879.0,30343.0,1793.0,1146.0,1526.0,528.0,666.0,1091.0,1159.0,318.0,735.0,6480.0,2822.0,1314.0,19433.0,6484.0,8942.0,4174.0,15963.0,2173.0,3306.0,18916.0,2293.0,1773.0,1911.0,3116.0,1977.0,5317.0,3639.0,5173.0,1994.0,5350.0,230.0,3.0,24.0,72.0,3.0,60.0,12.0,79.0,1684.0,359.0,9059.0,1087.0,1538.0,244.0,404.0,3630.0,835.0,1899.0,3956.0,6952.0,3285.0,1141.0,700.0,6079.0,4844.0,1624.0,6293.0,696.0,3637.0,97.0
2026-07-26T20:00Z,249.0,505.0,408.0,9784.0,18562.0,3069.0,171.0,20928.0,2710.0,8199.0,25439.0,2477.0,13149.0,6432.0,2642.0,983.0,1381.0,439.0,3298.0,957.0,1683.0,1708.0,2609.0,16048.0,6771.0,13390.0,26101.0,16310.0,31226.0,1822.0,1180.0,1619.0,528.0,712.0,1187.0,1284.0,347.0,784.0,6661.0,3034.0,1456.0,19920.0,6590.0,9289.0,4341.0,16501.0,2247.0,3404.0,19372.0,2459.0,1795.0,1891.0,3437.0,2030.0,5574.0,3752.0,5314.0,2025.0,5814.0,243.0,2.0,24.0,71.0,3.0,60.0,12.0,81.0,1830.0,374.0,9397.0,1120.0,1561.0,252.0,413.0,3721.0,848.0,1951.0,3939.0,7143.0,3339.0,1160.0,720.0,6193.0,4926.0,1654.0,6432.0,741.0,3750.0,100.0
2026-07-26T21:00Z,252.0,516.0,414.0,9594.0,18151.0,2591.0,175.0,21325.0,2802.0,8221.0,26253.0,2541.0,13663.0,6569.0,2625.0,1133.0,1460.0,502.0,3636.0,1030.0,1778.0,1863.0,2752.0,16273.0,6950.0,13898.0,26819.0,16638.0,31771.0,1859.0,1247.0,1743.0,552.0,769.0,1351.0,1433.0,366.0,824.0,6788.0,3229.0,1641.0,20416.0,6708.0,9552.0,4451.0,16997.0,2343.0,3512.0,19787.0,2626.0,1828.0,2002.0,3694.0,2098.0,5768.0,3932.0,5507.0,2090.0,6245.0,251.0,2.0,23.0,72.0,3.0,60.0,19.0,83.0,1883.0,388.0,9657.0,1144.0,1571.0,256.0,420.0,3804.0,865.0,1996.0,3975.0,7316.0,3385.0,1191.0,741.0,6286.0,4968.0,1670.0,6594.0,731.0,3873.0,102.0
2026-07-26T22:00Z,254.0,525.0,418.0,9986.0,18504.0,2511.0,170.0,21553.0,2837.0,8274.0,26759.0,2600.0,14151.0,6641.0,2687.0,1287.0,1539.0,598.0,3964.0,1077.0,1880.0,2023.0,2854.0,16582.0,7178.0,14135.0,27436.0,16830.0,32005.0,1910.0,1334.0,1886.0,590.0,850.0,1534.0,1551.0,389.0,848.0,6837.0,3372.0,1801.0,20747.0,6750.0,9788.0,4559.0,17375.0,2415.0,3634.0,20076.0,2757.0,1817.0,2190.0,3875.0,2133.0,5859.0,4031.0,5634.0,2113.0,6494.0,257.0,2.0,22.0,72.0,3.0,62.0,26.0,84.0,1916.0,395.0,9790.0,1173.0,1581.0,261.0,421.0,3846.0,887.0,2018.0,3982.0,7401.0,3398.0,1198.0,753.0,6340.0,4983.0,1700.0,6723.0,699.0,3969.0,107.0
2026-07-26T23:00Z,262.0,523.0,387.0,10923.0,19113.0,2773.0,115.0,21597.0,2909.0,8295.0,27041.0,2613.0,14447.0,6643.0,2695.0,1418.0,1561.0,687.0,4075.0,1048.0,1911.0,2103.0,2906.0,16913.0,7415.0,14097.0,27685.0,16935.0,32097.0,1952.0,1388.0,2018.0,596.0,942.0,1739.0,1601.0,393.0,851.0,6759.0,3385.0,1854.0,20607.0,6676.0,9865.0,4537.0,17673.0,2447.0,3690.0,20089.0,2786.0,1787.0,2214.0,3915.0,2121.0,5804.0,4014.0,5636.0,2111.0,6512.0,254.0,2.0,21.0,72.0,3.0,63.0,33.0,86.0,2009.0,402.0,9856.0,1194.0,1588.0,265.0,421.0,3870.0,893.0,2038.0,3974.0,7485.0,3410.0,1203.0,760.0,6371.0,5000.0,1724.0,6755.0,680.0,4045.0,108.0
2026-07-27T00:00Z,261.0,525.0,341.0,11737.0,18600.0,3031.0,92.0,21244.0,2895.0,8215.0,26756.0,2583.0,14467.0,6616.0,2700.0,1434.0,1517.0,728.0,3999.0,1022.0,1896.0,2079.0,2873.0,16929.0,7511.0,13766.0,27336.0,16755.0,31651.0,1993.0,1427.0,2077.0,597.0,1045.0,1790.0,1586.0,377.0,840.0,6646.0,3215.0,1796.0,20540.0,6539.0,9674.0,4453.0,17563.0,2414.0,3662.0,19773.0,2693.0,1771.0,2196.0,3730.0,2074.0,5619.0,3986.0,5546.0,2073.0,6452.0,245.0,2.0,21.0,72.0,3.0,63.0,34.0,86.0,2096.0,403.0,9705.0,1185.0,1582.0,265.0,419.0,3842.0,887.0,2026.0,3951.0,7421.0,3385.0,1198.0,748.0,6361.0,4973.0,1719.0,6712.0,686.0,4013.0,105.0
2026-07-27T01:00Z,245.0,511.0,328.0,13256.0,18988.0,3381.0,125.0,20608.0,2764.0,8047.0,25850.0,2466.0,14192.0,6489.0,2609.0,1416.0,1461.0,733.0,3882.0,999.0,1869.0,2032.0,2836.0,16849.0,7494.0,13423.0,26538.0,16316.0,30776.0,1961.0,1420.0,2082.0,582.0,1048.0,1747.0,1549.0,365.0,827.0,6612.0,3099.0,1716.0,19924.0,6385.0,9440.0,4387.0,17319.0,2355.0,3580.0,19372.0,2576.0,1742.0,2103.0,3578.0,2024.0,5435.0,3947.0,5420.0,2044.0,6369.0,235.0,2.0,22.0,71.0,2.0,63.0,36.0,84.0,2147.0,405.0,9340.0,1148.0,1555.0,256.0,422.0,3767.0,862.0,1961.0,3972.0,7240.0,3322.0,1186.0,722.0,6302.0,4905.0,1679.0,6572.0,660.0,3937.0,103.0
2026-07-27T02:00Z,238.0,489.0,333.0,14597.0,19069.0,3738.0,102.0,19927.0,2658.0,7955.0,24514.0,2285.0,13593.0,6251.0,2492.0,1325.0,1369.0,717.0,3691.0,929.0,1779.0,1937.0,2756.0,16729.0,7356.0,13050.0,25686.0,15828.0,29609.0,1927.0,1367.0,2003.0,593.0,1010.0,1667.0,1468.0,347.0,806.0,6595.0,2982.0,1631.0,19465.0,6176.0,9205.0,4254.0,17048.0,2298.0,3494.0,18736.0,2447.0,1699.0,2053.0,3365.0,1952.0,5274.0,3845.0,5224.0,2002.0,6219.0,222.0,2.0,21.0,73.0,2.0,62.0,35.0,85.0,2128.0,397.0,8816.0,1080.0,1506.0,244.0,407.0,3612.0,826.0,1889.0,4003.0,6926.0,3225.0,1151.0,687.0,6184.0,4832.0,1601.0,6297.0,643.0,3795.0,102.0
2026-07-27T03:00Z,232.0,466.0,315.0,14990.0,18562.0,3639.0,94.0,19278.0,2567.0,7954.0,23488.0,2196.0,13051.0,6175.0,2426.0,1206.0,1242.0,666.0,3384.0,806.0,1633.0,1792.0,2598.0,16879.0,7128.0,12543.0,24545.0,15301.0,28741.0,1834.0,1271.0,1891.0,584.0,939.0,1565.0,1351.0,313.0,761.0,6423.0,2787.0,1502.0,18637.0,5795.0,8674.0,3980.0,16578.0,2167.0,3296.0,17740.0,2256.0,1605.0,1896.0,3078.0,1823.0,5005.0,3616.0,4886.0,1871.0,5887.0,203.0,2.0,21.0,71.0,3.0,61.0,35.0,83.0,2050.0,384.0,8383.0,1022.0,1470.0,235.0,402.0,3494.0,799.0,1842.0,4012.0,6699.0,3143.0,1126.0,657.0,6055.0,4824.0,1536.0,6094.0,638.0,3685.0,99.0
2026-07-27T04:00Z,228.0,441.0,308.0,14803.0,17951.0,3568.0,94.0,18327.0,2458.0,7864.0,21914.0,2067.0,12321.0,5872.0,2290.0,1098.0,1125.0,602.0,3068.0,794.0,1501.0,1642.0,2410.0,16119.0,6728.0,11713.0,22995.0,14658.0,27257.0,1748.0,1168.0,1768.0,532.0,870.0,1460.0,1239.0,286.0,717.0,6179.0,2558.0,1368.0,17522.0,5412.0,8153.0,3673.0,15739.0,2025.0,3075.0,16735.0,2051.0,1500.0,1717.0,2814.0,1689.0,4644.0,3361.0,4556.0,1780.0,5504.0,187.0,3.0,20.0,71.0,2.0,60.0,34.0,82.0,1955.0,360.0,7828.0,946.0,1457.0,219.0,387.0,3320.0,757.0,1729.0,3894.0,6335.0,3016.0,1087.0,612.0,5848.0,4687.0,1444.0,5752.0,620.0,3568.0,95.0
2026-07-27T05:00Z,229.0,405.0,329.0,14317.0,17499.0,3480.0,69.0,17283.0,2287.0,7839.0,20292.0,1946.0,11432.0,5545.0,2207.0,1034.0,1046.0,577.0,2823.0,725.0,1391.0,1526.0,2252.0,15043.0,6304.0,11069.0,22515.0,14013.0,25736.0,1674.0,1092.0,1652.0,571.0,817.0,1369.0,1147.0,260.0,682.0,5923.0,2373.0,1249.0,16639.0,5116.0,7687.0,3411.0,14853.0,1903.0,2863.0,15877.0,1891.0,1420.0,1589.0,2572.0,1585.0,4371.0,3142.0,4290.0,1703.0,5165.0,173.0,2.0,19.0,66.0,2.0,58.0,32.0,79.0,1820.0,332.0,7251.0,864.0,1419.0,204.0,369.0,3132.0,712.0,1612.0,3877.0,5951.0,2860.0,1048.0,567.0,5640.0,4475.0,1347.0,5357.0,578.0,3371.0,97.0
2026-07-27T06:00Z,219.0,371.0,354.0,13327.0,16380.0,3264.0,43.0,16362.0,2122.0,7780.0,18934.0,1838.0,10624.0,5156.0,2104.0,985.0,992.0,543.0,2664.0,683.0,1317.0,1447.0,2138.0,14193.0,6010.0,10528.0,21803.0,13365.0,24535.0,1621.0,1041.0,1577.0,543.0,779.0,1322.0,1077.0,240.0,639.0,5686.0,2224.0,1166.0,16070.0,4940.0,7331.0,3210.0,14109.0,1808.0,2689.0,15335.0,1779.0,1390.0,1470.0,2385.0,1507.0,4147.0,2969.0,4106.0,1648.0,4882.0,162.0,2.0,17.0,65.0,2.0,57.0,29.0,79.0,1664.0,316.0,6751.0,811.0,1374.0,189.0,351.0,2988.0,677.0,1507.0,3809.0,5603.0,2717.0,998.0,526.0,5482.0,4280.0,1274.0,5039.0,,,
2026-07-27T07:00Z,213.0,339.0,349.0,12419.0,15091.0,3026.0,29.0,15562.0,1996.0,7718.0,17833.0,1740.0,9940.0,4968.0,2032.0,966.0,965.0,535.0,2539.0,660.0,1267.0,1404.0,2078.0,13564.0,5714.0,10191.0,20968.0,13054.0,23522.0,1577.0,1004.0,1541.0,528.0,750.0,1282.0,1034.0,227.0,605.0,5533.0,2104.0,1113.0,15578.0,4829.0,7121.0,3075.0,13441.0,1741.0,2590.0,14893.0,1708.0,1335.0,1259.0,2226.0,1454.0,3983.0,2860.0,3973.0,1610.0,4680.0,155.0,2.0,15.0,67.0,2.0,56.0,28.0,77.0,1547.0,298.0,6387.0,755.0,1347.0,178.0,344.0,2854.0,646.0,1424.0,3732.0,5336.0,2605.0,958.0,492.0,5347.0,4164.0,1212.0,4770.0,,,
2026-07-27T08:00Z,206.0,320.0,319.0,11877.0,14103.0,2982.0,31.0,15004.0,1909.0,7662.0,17026.0,1672.0,9433.0,4714.0,1972.0,956.0,956.0,521.0,2476.0,645.0,1243.0,1377.0,2046.0,13116.0,5553.0,9904.0,20517.0,12643.0,22652.0,1552.0,983.0,1520.0,528.0,732.0,1264.0,1002.0,215.0,586.0,5435.0,2036.0,1088.0,15461.0,4738.0,6983.0,3004.0,13003.0,1709.0,2521.0,14592.0,1673.0,1308.0,1222.0,2174.0,1431.0,3900.0,2819.0,3899.0,1598.0,4574.0,151.0,2.0,15.0,69.0,2.0,56.0,26.0,76.0,1455.0,285.0,6093.0,723.0,1328.0,168.0,334.0,2733.0,619.0,1355.0,3649.0,5114.0,2518.0,927.0,465.0,5245.0,4091.0,1173.0,4569.0,,,
2026-07-27T09:00Z,203.0,306.0,331.0,11281.0,13332.0,2883.0,31.0,14696.0,1887.0,7616.0,16439.0,1626.0,9099.0,4582.0,1942.0,985.0,977.0,526.0,2469.0,659.0,1262.0,1391.0,2062.0,12866.0,5376.0,9929.0,20449.0,12322.0,22165.0,1552.0,990.0,1525.0,531.0,734.0,1274.0,990.0,215.0,578.0,5453.0,2027.0,1091.0,15516.0,4821.0,7044.0,3008.0,12830.0,1719.0,2521.0,14602.0,1683.0,1314.0,1179.0,2144.0,1447.0,3912.0,2868.0,3933.0,1630.0,4575.0,150.0,2.0,14.0,72.0,2.0,56.0,26.0,74.0,1390.0,273.0,5885.0,703.0,1316.0,160.0,328.0,2649.0,601.0,1294.0,3603.0,4938.0,2453.0,896.0,447.0,5160.0,4041.0,1137.0,4396.0,,,
2026-07-27T10:00Z,201.0,298.0,349.0,10863.0,13261.0,3067.0,31.0,14682.0,1883.0,7573.0,16279.0,1593.0,8996.0,4583.0,1916.0,1042.0,1040.0,546.0,2605.0,731.0,1340.0,1461.0,2148.0,12870.0,5348.0,10132.0,20703.0,12258.0,21990.0,1591.0,1022.0,1584.0,549.0,759.0,1302.0,1009.0,222.0,589.0,5654.0,2080.0,1124.0,15884.0,4932.0,7283.0,3119.0,12947.0,1795.0,2620.0,14978.0,1755.0,1342.0,1200.0,2226.0,1517.0,4029.0,3027.0,4116.0,1708.0,4707.0,153.0,2.0,13.0,70.0,2.0,56.0,25.0,73.0,1347.0,269.0,5811.0,699.0,1304.0,156.0,328.0,2618.0,592.0,1281.0,3584.0,4847.0,2424.0,885.0,441.0,5117.0,4007.0,1117.0,4343.0,,,
2026-07-27T11:00Z,208.0,299.0,350.0,10538.0,12853.0,3436.0,37.0,14912.0,1922.0,7552.0,16458.0,1600.0,9066.0,4633.0,1911.0,1097.0,1133.0,572.0,2776.0,760.0,1398.0,1552.0,2310.0,13266.0,5369.0,10450.0,21254.0,12431.0,22043.0,1645.0,1069.0,1653.0,567.0,777.0,1328.0,1043.0,236.0,639.0,6051.0,2165.0,1157.0,16450.0,5196.0,7645.0,3264.0,13479.0,1914.0,2769.0,15392.0,1851.0,1374.0,1259.0,2329.0,1624.0,4240.0,3216.0,4389.0,1802.0,4863.0,160.0,2.0,14.0,71.0,2.0,57.0,25.0,72.0,1317.0,267.0,5855.0,715.0,1297.0,154.0,331.0,2622.0,598.0,1292.0,3592.0,4900.0,2431.0,894.0,446.0,5121.0,4060.0,1123.0,4420.0,,,
2026-07-27T12:00Z,203.0,309.0,353.0,10567.0,12921.0,3228.0,46.0,15050.0,1964.0,7553.0,16706.0,1625.0,9254.0,4574.0,1915.0,1082.0,1223.0,545.0,2938.0,792.0,1487.0,1653.0,2484.0,13947.0,5483.0,10783.0,22388.0,12579.0,22246.0,1710.0,1105.0,1648.0,555.0,755.0,1321.0,1079.0,254.0,689.0,6535.0,2321.0,1202.0,17012.0,5407.0,8087.0,3446.0,14164.0,2033.0,2907.0,15965.0,1950.0,1440.0,1307.0,2431.0,1739.0,4556.0,3360.0,4665.0,1931.0,5090.0,175.0,2.0,15.0,73.0,2.0,59.0,26.0,74.0,1327.0,274.0,5941.0,742.0,1300.0,152.0,335.0,2637.0,612.0,1298.0,3666.0,4961.0,2465.0,912.0,457.0,5152.0,4169.0,1123.0,4522.0,,,
2026-07-27T13:00Z,196.0,333.0,361.0,10884.0,12598.0,2974.0,30.0,15243.0,1915.0,7503.0,17108.0,1756.0,9413.0,4649.0,1924.0,1035.0,1274.0,460.0,3021.0,817.0,1531.0,1693.0,2596.0,14620.0,5589.0,11306.0,23747.0,12900.0,22734.0,1761.0,1110.0,1587.0,541.0,659.0,1260.0,1084.0,264.0,726.0,6931.0,2472.0,1239.0,17684.0,5683.0,8427.0,3630.0,14915.0,2163.0,3103.0,16504.0,1995.0,1544.0,1377.0,2564.0,1841.0,4863.0,3484.0,4883.0,2059.0,5283.0,194.0,3.0,15.0,71.0,2.0,60.0,26.0,75.0,1332.0,275.0,6165.0,786.0,1317.0,157.0,348.0,2740.0,646.0,1366.0,3795.0,5074.0,2566.0,940.0,486.0,5143.0,4366.0,1140.0,4687.0,,,
2026-07-27T14:00Z,209.0,367.0,367.0,11464.0,13018.0,2892.0,58.0,16189.0,1908.0,7455.0,18281.0,1918.0,9801.0,4887.0,2054.0,990.0,1300.0,380.0,3058.0,824.0,1526.0,1690.0,2658.0,15030.0,5668.0,11794.0,24984.0,13719.0,23876.0,1797.0,1113.0,1505.0,530.0,596.0,1216.0,1079.0,278.0,757.0,7233.0,2609.0,1266.0,18211.0,5962.0,8948.0,3805.0,15450.0,2316.0,3333.0,17207.0,2103.0,1640.0,1485.0,2727.0,1938.0,5187.0,3610.0,5107.0,2143.0,5450.0,211.0,2.0,17.0,70.0,2.0,63.0,15.0,77.0,1381.0,291.0,6671.0,854.0,1348.0,168.0,369.0,2898.0,680.0,1467.0,3942.0,5353.0,2711.0,988.0,530.0,5232.0,4560.0,1202.0,4929.0,,,
2026-07-27T15:00Z,225.0,399.0,380.0,11993.0,16674.0,3771.0,196.0,17254.0,2165.0,7559.0,19758.0,2056.0,10378.0,5141.0,2146.0,977.0,1335.0,331.0,3166.0,852.0,1535.0,1691.0,2716.0,15454.0,5875.0,12385.0,25942.0,14515.0,25528.0,1830.0,1121.0,1515.0,531.0,591.0,1214.0,1104.0,294.0,785.0,7499.0,2788.0,1309.0,19384.0,6292.0,9493.0,4015.0,16087.0,2471.0,3619.0,18110.0,2247.0,1739.0,1616.0,2987.0,2049.0,5516.0,3755.0,5349.0,2215.0,5711.0,228.0,2.0,19.0,71.0,2.0,67.0,7.0,80.0,1459.0,303.0,7284.0,925.0,1387.0,182.0,379.0,3046.0,722.0,1568.0,3988.0,5732.0,2865.0,1044.0,575.0,5403.0,4665.0,1278.0,5222.0,,,
2026-07-27T16:00Z,225.0,427.0,387.0,11860.0,19981.0,3928.0,238.0,18373.0,2357.0,7722.0,21352.0,2183.0,11019.0,5517.0,2277.0,989.0,1380.0,322.0,3322.0,901.0,1548.0,1738.0,2786.0,16009.0,6260.0,13260.0,27072.0,15332.0,27428.0,1863.0,1147.0,1557.0,529.0,634.0,1252.0,1166.0,316.0,824.0,7706.0,3018.0,1385.0,20018.0,6618.0,9953.0,4262.0,17047.0,2590.0,3875.0,18937.0,2433.0,1866.0,1766.0,3332.0,2161.0,5860.0,3914.0,5618.0,2272.0,6060.0,248.0,2.0,22.0,71.0,3.0,69.0,8.0,83.0,1542.0,319.0,7962.0,993.0,1445.0,198.0,393.0,3248.0,760.0,1700.0,3769.0,6191.0,2998.0,1096.0,630.0,5614.0,4802.0,1369.0,5613.0,,,
2026-07-27T17:00Z,233.0,453.0,393.0,11922.0,20817.0,3722.0,259.0,19491.0,2553.0,7913.0,23056.0,2343.0,11774.0,5812.0,2388.0,1015.0,1436.0,329.0,3534.0,953.0,1618.0,1838.0,2862.0,16450.0,6573.0,14142.0,27535.0,16059.0,29201.0,1929.0,1203.0,1604.0,499.0,688.0,1312.0,1272.0,345.0,863.0,7906.0,3222.0,1511.0,21060.0,6970.0,10447.0,4502.0,17119.0,2709.0,4096.0,19719.0,2629.0,1974.0,2001.0,3675.0,2267.0,6161.0,4103.0,5822.0,2348.0,6562.0,268.0,2.0,25.0,70.0,3.0,71.0,10.0,85.0,1624.0,341.0,8620.0,1063.0,1508.0,210.0,412.0,3457.0,801.0,1815.0,3676.0,6660.0,3137.0,1144.0,682.0,5843.0,4870.0,1461.0,5984.0,,,
2026-07-27T18:00Z,240.0,476.0,399.0,11593.0,21308.0,3684.0,250.0,20414.0,2661.0,8063.0,24581.0,2497.0,12580.0,6152.0,2499.0,1047.0,1511.0,359.0,3863.0,1019.0,1732.0,1983.0,2954.0,16914.0,6934.0,14835.0,27748.0,16705.0,30592.0,2028.0,1253.0,1674.0,542.0,716.0,1369.0,1403.0,369.0,904.0,8064.0,3412.0,1608.0,21922.0,7370.0,10988.0,4665.0,16080.0,2834.0,4289.0,20292.0,2798.0,2060.0,2130.0,3934.0,2363.0,6317.0,4232.0,5979.0,2425.0,6983.0,287.0,2.0,26.0,72.0,3.0,72.0,12.0,87.0,1733.0,336.0,9265.0,1124.0,1545.0,223.0,431.0,3646.0,840.0,1921.0,3715.0,7063.0,3271.0,1198.0,728.0,6039.0,4910.0,1551.0,6360.0,,,
2026-07-27T19:00Z,241.0,494.0,402.0,11323.0,20708.0,3320.0,218.0,21262.0,2826.0,8136.0,25989.0,2578.0,13405.0,6540.0,2624.0,1081.0,1585.0,400.0,4086.0,1078.0,1857.0,2066.0,3054.0,17197.0,7338.0,15047.0,27783.0,17229.0,31850.0,2099.0,1296.0,1755.0,548.0,748.0,1451.0,1499.0,393.0,947.0,8022.0,3512.0,1732.0,22347.0,7575.0,11392.0,4854.0,14643.0,2967.0,4490.0,20607.0,2877.0,2134.0,2330.0,4039.0,2401.0,6346.0,4371.0,6037.0,2465.0,7186.0,304.0,2.0,28.0,72.0,3.0,74.0,16.0,90.0,1883.0,358.0,9728.0,1176.0,1570.0,239.0,446.0,3809.0,872.0,1988.0,3793.0,7298.0,3386.0,1247.0,759.0,6250.0,4979.0,1619.0,6692.0,,,
2026-07-27T20:00Z,241.0,484.0,400.0,11034.0,19499.0,3135.0,174.0,21944.0,2931.0,8155.0,27100.0,2627.0,14088.0,6744.0,2712.0,1147.0,1658.0,495.0,4239.0,1126.0,2023.0,2176.0,3166.0,17406.0,7752.0,15016.0,27168.0,17549.0,32596.0,2225.0,1368.0,1809.0,549.0,818.0,1558.0,1575.0,420.0,987.0,8122.0,3517.0,1862.0,22350.0,7771.0,11699.0,5048.0,14158.0,2964.0,4614.0,20912.0,2895.0,2203.0,2421.0,4214.0,2446.0,6201.0,4493.0,6087.0,2493.0,7413.0,313.0,2.0,30.0,72.0,3.0,75.0,19.0,94.0,1994.0,378.0,9924.0,1200.0,1599.0,251.0,459.0,3929.0,893.0,2057.0,3825.0,7393.0,3427.0,1267.0,779.0,6403.0,5036.0,1658.0,6894.0,,,
2026-07-27T21:00Z,234.0,471.0,401.0,11180.0,19363.0,3054.0,146.0,22392.0,2946.0,8217.0,27871.0,2684.0,14587.0,6909.0,2825.0,1256.0,1742.0,598.0,4414.0,1186.0,2192.0,2323.0,3291.0,17454.0,7833.0,14645.0,26673.0,17686.0,32963.0,2278.0,1454.0,1910.0,585.0,861.0,1721.0,1651.0,441.0,1011.0,8305.0,3622.0,1993.0,22223.0,7963.0,11676.0,5217.0,13889.0,2910.0,4566.0,21216.0,2908.0,2250.0,2466.0,4412.0,2486.0,5998.0,4611.0,6182.0,2507.0,7613.0,317.0,2.0,31.0,73.0,3.0,75.0,26.0,92.0,2121.0,399.0,10069.0,1215.0,1589.0,258.0,463.0,4024.0,909.0,2113.0,3852.0,7538.0,3447.0,1264.0,791.0,6515.0,5050.0,1674.0,6981.0,,,
2026-07-27T22:00Z,236.0,466.0,405.0,11611.0,19870.0,3264.0,148.0,22551.0,2927.0,8236.0,28276.0,2655.0,14997.0,6863.0,2847.0,1417.0,1825.0,689.0,4601.0,1235.0,2336.0,2427.0,3359.0,17402.0,7851.0,14327.0,26506.0,17748.0,33195.0,2283.0,1594.0,2065.0,589.0,931.0,1830.0,1705.0,449.0,1044.0,8352.0,3744.0,2028.0,21965.0,7968.0,11624.0,5301.0,13834.0,2849.0,4477.0,21559.0,2952.0,2280.0,2486.0,4353.0,2526.0,6168.0,4724.0,6268.0,2488.0,7523.0,302.0,3.0,31.0,72.0,4.0,74.0,30.0,90.0,2235.0,411.0,10143.0,1227.0,1596.0,261.0,456.0,3969.0,914.0,2086.0,3884.0,7604.0,3463.0,1262.0,798.0,6571.0,5036.0,1701.0,6994.0,,,
2026-07-27T23:00Z,236.0,454.0,404.0,12161.0,20600.0,3189.0,157.0,22403.0,2900.0,8204.0,28454.0,2572.0,15259.0,6930.0,2902.0,1520.0,1835.0,761.0,4680.0,1249.0,2382.0,2486.0,3317.0,17292.0,7935.0,13757.0,26608.0,17681.0,33112.0,2269.0,1632.0,2188.0,614.0,1035.0,1933.0,1746.0,428.0,1000.0,8070.0,3763.0,1987.0,21480.0,7906.0,11228.0,5230.0,13946.0,2752.0,4366.0,21514.0,2968.0,2216.0,2451.0,4197.0,2483.0,6129.0,4635.0,6219.0,2422.0,7319.0,270.0,2.0,33.0,67.0,4.0,72.0,24.0,88.0,2234.0,418.0,10107.0,1230.0,1591.0,267.0,449.0,3988.0,915.0,2112.0,3849.0,7596.0,3457.0,1245.0,792.0,6566.0,5004.0,1727.0,6966.0,,,
2026-07-28T00:00Z,239.0,451.0,405.0,13085.0,20850.0,3363.0,169.0,21833.0,2928.0,8205.0,28119.0,2655.0,15225.0,6773.0,2831.0,1535.0,1770.0,795.0,4581.0,1202.0,2308.0,2446.0,3222.0,17236.0,7944.0,13191.0,26428.0,17365.0,32551.0,2250.0,1612.0,2266.0,614.0,1113.0,1991.0,1711.0,421.0,954.0,7737.0,3624.0,1885.0,21089.0,7625.0,10835.0,5041.0,14247.0,2544.0,3996.0,21019.0,2923.0,2142.0,2400.0,4079.0,2387.0,5867.0,4487.0,6081.0,2369.0,7033.0,251.0,2.0,31.0,38.0,3.0,70.0,27.0,86.0,2187.0,425.0,10005.0,1219.0,1578.0,269.0,445.0,3958.0,912.0,2116.0,3830.0,7522.0,3423.0,1238.0,776.0,6539.0,4955.0,1723.0,6943.0,,,
2026-07-28T01:00Z,220.0,441.0,384.0,14389.0,20939.0,3599.0,159.0,21096.0,2879.0,8056.0,27127.0,2584.0,14890.0,6611.0,2816.0,1506.0,1691.0,799.0,4456.0,1191.0,2244.0,2415.0,3194.0,17132.0,7760.0,12664.0,25645.0,16770.0,31620.0,2235.0,1580.0,2267.0,619.0,1122.0,1959.0,1639.0,412.0,898.0,7481.0,3507.0,1811.0,20602.0,7369.0,10388.0,4871.0,14076.0,2401.0,3652.0,20342.0,2823.0,2075.0,2261.0,3855.0,2295.0,5680.0,4333.0,5889.0,2297.0,6868.0,240.0,2.0,30.0,0.0,3.0,66.0,34.0,88.0,2182.0,425.0,9663.0,1173.0,1550.0,260.0,434.0,3842.0,885.0,2064.0,3773.0,7392.0,3387.0,1216.0,745.0,6494.0,4884.0,1697.0,6715.0,,,
2026-07-28T02:00Z,219.0,422.0,357.0,15578.0,20664.0,3694.0,149.0,20247.0,2737.0,8000.0,25699.0,2372.0,14221.0,6327.0,2603.0,1415.0,1574.0,768.0,4217.0,1126.0,2122.0,2314.0,3105.0,17154.0,7561.0,12284.0,24831.0,16039.0,30500.0,2194.0,1530.0,2177.0,554.0,1072.0,1864.0,1538.0,384.0,847.0,7334.0,3354.0,1730.0,20076.0,7059.0,10058.0,4638.0,13901.0,2328.0,3515.0,19558.0,2674.0,2006.0,2191.0,3653.0,2176.0,5500.0,4170.0,5637.0,2243.0,6659.0,229.0,2.0,28.0,2.0,3.0,64.0,36.0,86.0,2134.0,410.0,9104.0,1108.0,1519.0,243.0,428.0,3700.0,849.0,1990.0,3695.0,7097.0,3275.0,1177.0,703.0,6347.0,4813.0,1621.0,6427.0,,,
2026-07-28T03:00Z,223.0,402.0,361.0,15926.0,19739.0,3630.0,97.0,19527.0,2695.0,7991.0,24547.0,2277.0,13646.0,6149.0,2506.0,1284.0,1418.0,716.0,3849.0,1016.0,1936.0,2133.0,2939.0,16798.0,7257.0,11920.0,23674.0,15472.0,29548.0,2073.0,1428.0,2032.0,565.0,985.0,1734.0,1411.0,353.0,801.0,7076.0,3146.0,1606.0,18951.0,6576.0,9453.0,4291.0,13610.0,2190.0,3340.0,18533.0,2457.0,1880.0,2017.0,3294.0,2013.0,5158.0,3886.0,5239.0,2099.0,6275.0,212.0,2.0,25.0,1.0,3.0,64.0,38.0,86.0,2063.0,395.0,8590.0,1050.0,1490.0,231.0,422.0,3549.0,823.0,1896.0,3684.0,6786.0,3173.0,1164.0,666.0,6190.0,4724.0,1547.0,6162.0,,,
2026-07-28T04:00Z,225.0,381.0,382.0,15661.0,18921.0,3499.0,93.0,18424.0,2544.0,7867.0,22946.0,2105.0,12746.0,5844.0,2352.0,1171.0,1282.0,652.0,3487.0,976.0,1757.0,1967.0,2752.0,15870.0,6797.0,11334.0,22114.0,14606.0,27764.0,1936.0,1338.0,1900.0,584.0,906.0,1603.0,1291.0,318.0,747.0,6703.0,2888.0,1465.0,17870.0,6120.0,8778.0,3948.0,13032.0,2047.0,3108.0,17432.0,2234.0,1746.0,1836.0,2977.0,1859.0,4780.0,3595.0,4878.0,1966.0,5809.0,193.0,2.0,23.0,0.0,3.0,63.0,37.0,86.0,2006.0,377.0,8002.0,970.0,1435.0,222.0,398.0,3352.0,775.0,1774.0,3918.0,6427.0,3005.0,1116.0,620.0,5997.0,4540.0,1454.0,5802.0,,,
2026-07-28T05:00Z,222.0,349.0,372.0,15128.0,18149.0,3415.0,84.0,17301.0,2337.0,7873.0,21311.0,1963.0,11687.0,5563.0,2254.0,1101.0,1186.0,623.0,3204.0,878.0,1620.0,1824.0,2573.0,14654.0,6411.0,10834.0,21205.0,13722.0,26087.0,1830.0,1256.0,1803.0,559.0,848.0,1491.0,1202.0,292.0,703.0,6351.0,2670.0,1344.0,17049.0,5739.0,8275.0,3657.0,12298.0,1944.0,2902.0,16540.0,2053.0,1617.0,1652.0,2711.0,1745.0,4474.0,3331.0,4581.0,1876.0,5401.0,177.0,2.0,22.0,2.0,3.0,61.0,34.0,83.0,1841.0,351.0,7432.0,887.0,1403.0,204.0,383.0,3136.0,722.0,1638.0,3986.0,6064.0,2839.0,1055.0,573.0,5764.0,4349.0,1357.0,5411.0,,,
2026-07-28T06:00Z,216.0,319.0,365.0,14111.0,17014.0,3204.0,46.0,16313.0,2165.0,7851.0,19816.0,1861.0,10739.0,5289.0,2165.0,1050.0,1119.0,591.0,3001.0,837.0,1532.0,1735.0,2464.0,13609.0,6091.0,10385.0,20901.0,13258.0,24747.0,1764.0,1191.0,1725.0,549.0,809.0,1438.0,1139.0,270.0,663.0,6064.0,2482.0,1262.0,16489.0,5422.0,7916.0,3445.0,11651.0,1869.0,2751.0,15851.0,1930.0,1546.0,1462.0,2468.0,1652.0,4253.0,3137.0,4392.0,1808.0,5087.0,166.0,2.0,18.0,15.0,2.0,60.0,29.0,81.0,1683.0,322.0,6937.0,822.0,1361.0,188.0,366.0,2948.0,685.0,1540.0,3876.0,5703.0,2701.0,1003.0,529.0,5573.0,4211.0,1278.0,5068.0,499.0,3057.0,93.0
2026-07-28T07:00Z,210.0,298.0,356.0,13041.0,15450.0,2917.0,16.0,15515.0,2032.0,7790.0,18646.0,1785.0,10034.0,5140.0,2066.0,1022.0,1077.0,569.0,2869.0,785.0,1478.0,1658.0,2382.0,12853.0,5835.0,10196.0,20557.0,12815.0,23826.0,1719.0,1141.0,1668.0,540.0,786.0,1395.0,1090.0,258.0,634.0,5847.0,2358.0,1209.0,16131.0,5251.0,7694.0,3310.0,11151.0,1816.0,2646.0,15361.0,1855.0,1499.0,1378.0,2358.0,1604.0,4093.0,3010.0,4248.0,1758.0,4867.0,158.0,3.0,17.0,19.0,2.0,60.0,28.0,79.0,1562.0,308.0,6547.0,774.0,1331.0,176.0,348.0,2803.0,657.0,1431.0,3788.0,5442.0,2589.0,951.0,494.0,5434.0,4091.0,1225.0,4811.0,451.0,2877.0,86.0
2026-07-28T08:00Z,211.0,286.0,307.0,12517.0,14233.0,2891.0,25.0,14886.0,1940.0,7687.0,17812.0,1712.0,9550.0,4919.0,1977.0,1010.0,1060.0,559.0,2800.0,765.0,1462.0,1632.0,2354.0,12329.0,5627.0,9956.0,20021.0,12398.0,22857.0,1681.0,1110.0,1648.0,549.0,777.0,1361.0,1055.0,247.0,614.0,5732.0,2290.0,1183.0,15943.0,5167.0,7475.0,3235.0,10803.0,1798.0,2607.0,15183.0,1816.0,1478.0,1354.0,2283.0,1582.0,3995.0,2942.0,4165.0,1748.0,4735.0,154.0,2.0,16.0,29.0,2.0,59.0,28.0,77.0,1459.0,298.0,6235.0,737.0,1316.0,167.0,342.0,2685.0,602.0,1359.0,3697.0,5186.0,2486.0,916.0,467.0,5331.0,3992.0,1184.0,4602.0,418.0,2789.0,84.0
2026-07-28T09:00Z,210.0,277.0,303.0,12040.0,13357.0,2875.0,27.0,14538.0,1891.0,7582.0,17212.0,1702.0,9253.0,4709.0,1957.0,1036.0,1073.0,574.0,2815.0,786.0,1486.0,1650.0,2379.0,11968.0,5477.0,10050.0,19769.0,12056.0,22312.0,1669.0,1069.0,1668.0,538.0,779.0,1355.0,1041.0,243.0,608.0,5740.0,2298.0,1187.0,16098.0,5219.0,7539.0,3247.0,10496.0,1830.0,2636.0,15277.0,1834.0,1471.0,1359.0,2286.0,1585.0,4035.0,2961.0,4190.0,1764.0,4732.0,152.0,2.0,15.0,33.0,2.0,58.0,27.0,76.0,1400.0,285.0,6016.0,716.0,1301.0,156.0,330.0,2585.0,563.0,1333.0,3606.0,5018.0,2402.0,893.0,451.0,5240.0,3927.0,1151.0,4366.0,396.0,2711.0,79.0
2026-07-28T10:00Z,211.0,273.0,342.0,11422.0,12943.0,2876.0,30.0,14498.0,1876.0,7515.0,16869.0,1722.0,9153.0,4668.0,1921.0,1115.0,1126.0,596.0,2944.0,813.0,1578.0,1718.0,2511.0,11792.0,5413.0,10354.0,20079.0,11960.0,22201.0,1703.0,1087.0,1694.0,557.0,801.0,1374.0,1058.0,250.0,628.0,5935.0,2373.0,1228.0,16482.0,5314.0,7798.0,3357.0,10405.0,1923.0,2785.0,15576.0,1923.0,1481.0,1486.0,2384.0,1648.0,4199.0,3134.0,4365.0,1842.0,4876.0,156.0,2.0,15.0,39.0,2.0,58.0,27.0,76.0,1350.0,281.0,5882.0,710.0,1298.0,152.0,325.0,2504.0,555.0,1295.0,3574.0,4904.0,2346.0,887.0,442.0,5163.0,3907.0,1137.0,4285.0,381.0,2664.0,77.0
2026-07-28T11:00Z,214.0,278.0,347.0,11069.0,12711.0,2788.0,28.0,14712.0,1889.0,7512.0,16910.0,1698.0,9238.0,4665.0,1914.0,1167.0,1219.0,606.0,3171.0,941.0,1675.0,1829.0,2724.0,12049.0,5498.0,10872.0,20888.0,12114.0,22330.0,1763.0,1136.0,1772.0,564.0,850.0,1394.0,1082.0,260.0,668.0,6404.0,2488.0,1275.0,17099.0,5535.0,8109.0,3498.0,10684.0,2064.0,2983.0,16015.0,2029.0,1502.0,1537.0,2511.0,1751.0,4454.0,3353.0,4643.0,1957.0,5099.0,164.0,2.0,15.0,44.0,2.0,59.0,26.0,76.0,1321.0,277.0,5893.0,725.0,1287.0,149.0,322.0,2486.0,559.0,1303.0,3584.0,4891.0,2343.0,907.0,449.0,5128.0,3954.0,1127.0,4312.0,375.0,2783.0,79.0
2026-07-28T12:00Z,218.0,289.0,350.0,11085.0,12281.0,2595.0,31.0,14883.0,1926.0,7497.0,17061.0,1849.0,9411.0,4715.0,1943.0,1146.0,1317.0,592.0,3401.0,973.0,1792.0,1948.0,2919.0,12543.0,5625.0,11267.0,21360.0,12333.0,22477.0,1852.0,1198.0,1825.0,570.0,880.0,1414.0,1124.0,277.0,728.0,6870.0,2633.0,1340.0,17640.0,5772.0,8508.0,3701.0,11097.0,2175.0,3126.0,16557.0,2112.0,1538.0,1566.0,2657.0,1856.0,4730.0,3525.0,4899.0,2047.0,5392.0,179.0,2.0,16.0,51.0,2.0,61.0,27.0,77.0,1334.0,283.0,5991.0,749.0,1287.0,147.0,323.0,2509.0,577.0,1308.0,3630.0,4937.0,2378.0,925.0,461.0,5149.0,4027.0,1130.0,4420.0,382.0,2818.0,78.0
2026-07-28T13:00Z,199.0,312.0,356.0,11392.0,12285.0,2494.0,27.0,15009.0,1936.0,7347.0,17268.0,1936.0,9589.0,4693.0,1958.0,1093.0,1379.0,556.0,3530.0,1053.0,1852.0,2005.0,3053.0,12982.0,5746.0,11681.0,21975.0,12523.0,22649.0,1905.0,1238.0,1821.0,585.0,886.0,1446.0,1162.0,295.0,768.0,7220.0,2790.0,1415.0,18076.0,5890.0,8824.0,3831.0,11470.0,2263.0,3310.0,17171.0,2211.0,1606.0,1663.0,2815.0,1915.0,4949.0,3643.0,5087.0,2108.0,5629.0,196.0,2.0,15.0,50.0,2.0,62.0,27.0,78.0,1332.0,281.0,6172.0,774.0,1300.0,147.0,331.0,2529.0,598.0,1325.0,3694.0,5035.0,2461.0,949.0,485.0,5159.0,4143.0,1150.0,4526.0,398.0,2893.0,81.0
2026-07-28T14:00Z,215.0,348.0,363.0,11784.0,12480.0,2654.0,57.0,15942.0,1968.0,7439.0,18341.0,2038.0,9849.0,4955.0,2038.0,1047.0,1415.0,535.0,3623.0,1089.0,1911.0,2039.0,3149.0,13262.0,5855.0,11967.0,22828.0,13089.0,23831.0,1940.0,1248.0,1846.0,594.0,898.0,1471.0,1174.0,308.0,792.0,7415.0,2936.0,1465.0,18613.0,6067.0,9017.0,4008.0,11761.0,2361.0,3475.0,17780.0,2327.0,1624.0,1793.0,3043.0,1996.0,5100.0,3814.0,5306.0,2160.0,5763.0,207.0,2.0,18.0,41.0,2.0,65.0,17.0,79.0,1375.0,295.0,6583.0,819.0,1338.0,147.0,333.0,2576.0,620.0,1354.0,3779.0,5221.0,2541.0,982.0,519.0,5260.0,4262.0,1199.0,4675.0,429.0,3008.0,83.0
2026-07-28T15:00Z,230.0,378.0,364.0,12015.0,16003.0,3402.0,162.0,17136.0,2140.0,7551.0,19659.0,2152.0,10348.0,5266.0,2116.0,1048.0,1463.0,478.0,3788.0,1096.0,1996.0,2073.0,3282.0,13513.0,6024.0,12470.0,23241.0,13630.0,25479.0,1963.0,1264.0,1906.0,595.0,888.0,1429.0,1244.0,309.0,800.0,7640.0,3056.0,1468.0,19071.0,6216.0,9432.0,4239.0,11973.0,2449.0,3609.0,18229.0,2523.0,1656.0,1919.0,3270.0,2063.0,5380.0,3946.0,5463.0,2212.0,5943.0,212.0,2.0,20.0,26.0,3.0,67.0,9.0,82.0,1458.0,312.0,7107.0,873.0,1376.0,151.0,337.0,2620.0,660.0,1377.0,3903.0,5575.0,2672.0,1003.0,540.0,5394.0,4360.0,1276.0,4879.0,461.0,2998.0,83.0
2026-07-28T16:00Z,235.0,407.0,369.0,12137.0,19223.0,3541.0,250.0,18289.0,2320.0,7731.0,21257.0,2268.0,10993.0,5550.0,2227.0,1056.0,1515.0,497.0,3923.0,1174.0,2079.0,2116.0,3409.0,13944.0,6322.0,12884.0,23832.0,14248.0,27279.0,1956.0,1244.0,1892.0,588.0,922.0,1441.0,1339.0,316.0,835.0,7884.0,3178.0,1621.0,19560.0,6282.0,9727.0,4314.0,12300.0,2538.0,3821.0,18890.0,2688.0,1694.0,2058.0,3333.0,2077.0,5617.0,3926.0,5556.0,2255.0,6187.0,227.0,3.0,23.0,26.0,3.0,70.0,9.0,84.0,1537.0,326.0,7749.0,940.0,1420.0,159.0,354.0,2721.0,702.0,1447.0,4079.0,6045.0,2845.0,1039.0,574.0,5578.0,4545.0,1376.0,5155.0,500.0,3127.0,86.0
2026-07-28T17:00Z,232.0,436.0,392.0,11456.0,19891.0,3653.0,249.0,19449.0,2453.0,7898.0,22881.0,2400.0,11798.0,5906.0,2349.0,1070.0,1574.0,469.0,4008.0,1192.0,2172.0,2235.0,3528.0,14464.0,6564.0,13252.0,23947.0,14783.0,28920.0,1920.0,1204.0,1890.0,572.0,899.0,1394.0,1399.0,352.0,877.0,7942.0,3329.0,1700.0,20047.0,6594.0,10144.0,4336.0,12752.0,2620.0,4055.0,19709.0,2709.0,1722.0,2209.0,3346.0,2074.0,5825.0,4018.0,5558.0,2273.0,6208.0,231.0,2.0,24.0,33.0,3.0,72.0,11.0,87.0,1640.0,349.0,8341.0,974.0,1471.0,172.0,353.0,2878.0,738.0,1529.0,4108.0,6470.0,2986.0,1074.0,604.0,5802.0,4681.0,1464.0,5381.0,551.0,3280.0,90.0
2026-07-28T18:00Z,240.0,459.0,399.0,11417.0,20363.0,3475.0,248.0,20449.0,2610.0,8027.0,24710.0,2513.0,12622.0,6247.0,2489.0,1092.0,1653.0,535.0,4153.0,1253.0,2312.0,2337.0,3670.0,15075.0,6717.0,13770.0,24379.0,15273.0,30345.0,1967.0,1230.0,1884.0,563.0,910.0,1535.0,1442.0,368.0,877.0,8073.0,3500.0,1771.0,20693.0,6814.0,10525.0,4412.0,13274.0,2723.0,4209.0,20658.0,2770.0,1760.0,2354.0,3624.0,2110.0,5883.0,4123.0,5617.0,2300.0,6531.0,244.0,2.0,28.0,40.0,3.0,74.0,16.0,87.0,1761.0,363.0,8924.0,1014.0,1510.0,191.0,391.0,3076.0,774.0,1638.0,4018.0,6873.0,3112.0,1111.0,640.0,6015.0,4768.0,1540.0,5625.0,604.0,3465.0,95.0
2026-07-28T19:00Z,244.0,479.0,409.0,11262.0,19771.0,2901.0,231.0,21397.0,2756.0,8109.0,26302.0,2601.0,13439.0,6503.0,2614.0,1131.0,1716.0,616.0,4309.0,1303.0,2400.0,2334.0,3734.0,15673.0,6857.0,14003.0,24663.0,15608.0,31468.0,1988.0,1228.0,1748.0,572.0,874.0,1675.0,1511.0,386.0,912.0,8158.0,3603.0,1827.0,21142.0,7055.0,10834.0,4574.0,13888.0,2815.0,4339.0,21273.0,2854.0,1840.0,2417.0,3770.0,2173.0,5872.0,4346.0,5626.0,2238.0,6886.0,253.0,2.0,28.0,40.0,3.0,75.0,22.0,89.0,1878.0,380.0,9526.0,1042.0,1550.0,206.0,415.0,3263.0,799.0,1765.0,4054.0,7242.0,3221.0,1150.0,690.0,6247.0,4871.0,1616.0,5911.0,662.0,3632.0,97.0
2026-07-28T20:00Z,252.0,495.0,417.0,11014.0,18912.0,2518.0,178.0,22112.0,2819.0,8102.0,27513.0,2685.0,14118.0,6739.0,2522.0,1218.0,1713.0,643.0,4365.0,1278.0,2492.0,2298.0,3816.0,16072.0,6925.0,14206.0,24883.0,15780.0,32262.0,2031.0,1248.0,1728.0,557.0,893.0,1737.0,1536.0,392.0,914.0,8142.0,3642.0,1896.0,21486.0,7247.0,10883.0,4916.0,14317.0,2857.0,4445.0,21539.0,2803.0,1949.0,2463.0,3652.0,2191.0,5977.0,4588.0,5650.0,2241.0,6846.0,250.0,2.0,30.0,39.0,4.0,76.0,22.0,91.0,2048.0,401.0,9819.0,1045.0,1576.0,222.0,418.0,3340.0,822.0,1852.0,4096.0,7457.0,3295.0,1175.0,707.0,6401.0,4926.0,1653.0,6122.0,660.0,3710.0,102.0
2026-07-28T21:00Z,252.0,500.0,425.0,11356.0,18523.0,2407.0,174.0,22514.0,2870.0,8164.0,28264.0,2708.0,14679.0,6827.0,2573.0,1330.0,1711.0,707.0,4458.0,1282.0,2468.0,2313.0,3763.0,16251.0,6988.0,14367.0,25008.0,15830.0,32905.0,2089.0,1263.0,1810.0,562.0,928.0,1744.0,1472.0,387.0,921.0,8080.0,3637.0,1872.0,21794.0,7262.0,10865.0,5093.0,14635.0,2878.0,4508.0,21845.0,2885.0,2026.0,2336.0,3571.0,2158.0,6005.0,4687.0,5610.0,2265.0,6564.0,234.0,2.0,31.0,33.0,4.0,74.0,24.0,88.0,2189.0,409.0,9897.0,1044.0,1582.0,226.0,417.0,3384.0,848.0,1889.0,4062.0,7566.0,3341.0,1188.0,691.0,6496.0,4967.0,1652.0,6264.0,588.0,3735.0,108.0
2026-07-28T22:00Z,251.0,504.0,430.0,11721.0,18705.0,2682.0,160.0,22606.0,2926.0,8087.0,28704.0,2644.0,15107.0,6918.0,2630.0,1460.0,1714.0,760.0,4479.0,1322.0,2489.0,2337.0,3728.0,16451.0,7074.0,14354.0,25270.0,15765.0,33084.0,2164.0,1349.0,1901.0,593.0,945.0,1735.0,1418.0,370.0,901.0,7965.0,3610.0,1887.0,21805.0,7181.0,10740.0,4957.0,14796.0,2908.0,4513.0,21518.0,3055.0,2044.0,2434.0,3655.0,2076.0,6032.0,4687.0,5538.0,2262.0,6586.0,224.0,2.0,33.0,38.0,4.0,72.0,26.0,87.0,2198.0,413.0,9933.0,1029.0,1568.0,231.0,416.0,3371.0,867.0,1890.0,4090.0,7612.0,3368.0,1193.0,657.0,6549.0,4990.0,1679.0,6319.0,573.0,3616.0,110.0
2026-07-28T23:00Z,253.0,507.0,435.0,12576.0,19444.0,2717.0,162.0,22370.0,2922.0,7914.0,28756.0,2613.0,15322.0,6868.0,2610.0,1544.0,1693.0,764.0,4411.0,1265.0,2491.0,2323.0,3632.0,16608.0,7158.0,14299.0,25219.0,15747.0,32967.0,2141.0,1398.0,1936.0,593.0,970.0,1686.0,1397.0,354.0,895.0,7760.0,3532.0,1897.0,21812.0,7145.0,10396.0,4331.0,14748.0,2885.0,4429.0,20864.0,2985.0,2025.0,2421.0,3631.0,2036.0,5918.0,4177.0,5406.0,2253.0,6609.0,218.0,2.0,30.0,60.0,4.0,69.0,28.0,86.0,2152.0,406.0,9864.0,1008.0,1553.0,228.0,405.0,3363.0,868.0,1887.0,3974.0,7568.0,3355.0,1183.0,633.0,6571.0,4971.0,1693.0,6315.0,611.0,3527.0,112.0
2026-07-29T00:00Z,245.0,501.0,424.0,13755.0,20008.0,2999.0,160.0,21684.0,2913.0,7882.0,28337.0,2696.0,15253.0,6784.0,2580.0,1550.0,1653.0,750.0,4312.0,1239.0,2416.0,2282.0,3541.0,16548.0,7157.0,13930.0,24758.0,15411.0,32502.0,2121.0,1417.0,1975.0,607.0,995.0,1661.0,1386.0,348.0,870.0,7609.0,3471.0,1850.0,21375.0,6962.0,9997.0,4065.0,14330.0,2808.0,4285.0,20214.0,2738.0,1915.0,2394.0,3527.0,1997.0,5717.0,3867.0,5324.0,2238.0,6578.0,216.0,2.0,25.0,60.0,4.0,65.0,29.0,82.0,2046.0,403.0,9722.0,978.0,1547.0,232.0,400.0,3330.0,848.0,1866.0,3974.0,7460.0,3311.0,1178.0,622.0,6541.0,4934.0,1689.0,6252.0,637.0,3488.0,114.0
2026-07-29T01:00Z,228.0,484.0,411.0,15051.0,20395.0,3332.0,160.0,,2919.0,7837.0,27300.0,2564.0,14932.0,6631.0,2499.0,1526.0,1614.0,733.0,4237.0,1218.0,2369.0,2260.0,3492.0,16481.0,6990.0,13363.0,23799.0,15101.0,31520.0,2075.0,1404.0,1974.0,606.0,1012.0,1646.0,1366.0,350.0,853.0,7492.0,3399.0,1765.0,20661.0,6735.0,9613.0,4009.0,13734.0,2693.0,4098.0,19842.0,2532.0,1827.0,2261.0,3466.0,1962.0,5389.0,3759.0,5249.0,2174.0,6460.0,213.0,2.0,22.0,61.0,3.0,61.0,34.0,83.0,1929.0,393.0,9384.0,960.0,1540.0,226.0,397.0,3288.0,826.0,1807.0,4022.0,7317.0,3236.0,1179.0,606.0,6464.0,4858.0,1672.0,6095.0,637.0,3413.0,114.0
2026-07-29T02:00Z,226.0,463.0,394.0,16183.0,19967.0,3506.0,144.0,20044.0,2795.0,7866.0,26041.0,2396.0,14344.0,6426.0,2499.0,1452.0,1529.0,713.0,4049.0,1154.0,2243.0,2175.0,3366.0,16164.0,6790.0,12858.0,22878.0,14585.0,30393.0,2027.0,1362.0,1934.0,565.0,983.0,1594.0,1330.0,335.0,826.0,7308.0,3270.0,1632.0,20103.0,6498.0,9340.0,3885.0,13173.0,2593.0,3937.0,19127.0,2346.0,1766.0,2120.0,3325.0,1899.0,5100.0,3626.0,5095.0,2131.0,6247.0,208.0,3.0,21.0,60.0,3.0,59.0,34.0,83.0,1816.0,378.0,8936.0,935.0,1508.0,218.0,386.0,3196.0,792.0,1718.0,3977.0,6997.0,3121.0,1149.0,592.0,6348.0,4794.0,1617.0,5873.0,618.0,3312.0,111.0
2026-07-29T03:00Z,235.0,436.0,391.0,16455.0,19088.0,3470.0,103.0,19404.0,2687.0,7937.0,25003.0,2302.0,13738.0,6250.0,2388.0,1340.0,1409.0,672.0,3749.0,1050.0,2040.0,2031.0,3163.0,16090.0,6474.0,12234.0,21724.0,14082.0,29293.0,1915.0,1271.0,1843.0,596.0,919.0,1508.0,1267.0,320.0,787.0,7006.0,3081.0,1488.0,19088.0,6092.0,8756.0,3636.0,12672.0,2419.0,3697.0,18087.0,2174.0,1654.0,2010.0,3075.0,1778.0,4796.0,3371.0,4802.0,2008.0,5916.0,198.0,2.0,20.0,62.0,3.0,59.0,35.0,82.0,1741.0,367.0,8508.0,899.0,1484.0,206.0,380.0,3083.0,759.0,1632.0,3967.0,6804.0,3009.0,1118.0,573.0,6187.0,4741.0,1559.0,5634.0,584.0,3266.0,106.0
2026-07-29T04:00Z,231.0,408.0,399.0,16141.0,18366.0,3385.0,93.0,18338.0,2556.0,7900.0,23389.0,2179.0,12840.0,5981.0,2218.0,1257.0,1298.0,616.0,3449.0,1006.0,1860.0,1882.0,2916.0,15266.0,6030.0,11391.0,20146.0,13292.0,27790.0,1793.0,1196.0,1744.0,571.0,863.0,1420.0,1193.0,295.0,741.0,6646.0,2860.0,1348.0,17792.0,5596.0,8234.0,3361.0,11892.0,2223.0,3428.0,17057.0,1999.0,1546.0,1839.0,2808.0,1682.0,4479.0,3122.0,4497.0,1851.0,5528.0,185.0,2.0,19.0,64.0,3.0,58.0,34.0,82.0,1668.0,350.0,7917.0,840.0,1443.0,189.0,362.0,2892.0,716.0,1525.0,3921.0,6457.0,2850.0,1080.0,540.0,5957.0,4607.0,1471.0,5278.0,554.0,3202.0,99.0
2026-07-29T05:00Z,227.0,372.0,387.0,15661.0,17650.0,3277.0,72.0,17327.0,2388.0,7816.0,21845.0,2056.0,11896.0,5720.0,2079.0,1164.0,1214.0,592.0,3217.0,942.0,1716.0,1775.0,2732.0,14011.0,5558.0,10657.0,19182.0,12442.0,26267.0,1700.0,1130.0,1657.0,553.0,823.0,1349.0,1130.0,281.0,717.0,6339.0,2673.0,1243.0,16840.0,5285.0,7755.0,3132.0,11060.0,2060.0,3198.0,16189.0,1854.0,1462.0,1620.0,2581.0,1588.0,4219.0,2887.0,4268.0,1768.0,5193.0,172.0,2.0,17.0,61.0,2.0,57.0,33.0,80.0,1579.0,321.0,7350.0,774.0,1401.0,172.0,339.0,2693.0,662.0,1410.0,3843.0,6128.0,2669.0,1020.0,505.0,5725.0,4419.0,1375.0,4917.0,506.0,3028.0,98.0
2026-07-29T06:00Z,221.0,340.0,374.0,14487.0,16514.0,3186.0,67.0,16292.0,2237.0,7841.0,20184.0,1932.0,10923.0,5405.0,2089.0,1123.0,1158.0,564.0,3066.0,891.0,1620.0,1693.0,2599.0,13087.0,5179.0,9944.0,18957.0,12043.0,24978.0,1639.0,1075.0,1580.0,540.0,790.0,1319.0,1078.0,269.0,687.0,6010.0,2512.0,1170.0,16163.0,5019.0,7423.0,2960.0,10392.0,1930.0,2994.0,15596.0,1751.0,1404.0,1357.0,2394.0,1533.0,4042.0,2718.0,4128.0,1715.0,4939.0,163.0,2.0,15.0,60.0,2.0,56.0,30.0,79.0,1474.0,304.0,6901.0,722.0,1373.0,156.0,325.0,2542.0,625.0,1308.0,3683.0,5816.0,2527.0,967.0,474.0,5540.0,4234.0,1301.0,4615.0,458.0,2846.0,93.0
2026-07-29T07:00Z,213.0,316.0,366.0,13477.0,15321.0,3340.0,17.0,15517.0,2105.0,7780.0,18981.0,1871.0,10232.0,5187.0,1982.0,1109.0,1126.0,549.0,2956.0,861.0,1555.0,1640.0,2528.0,12377.0,4875.0,9622.0,18477.0,11559.0,23737.0,1585.0,1034.0,1539.0,539.0,770.0,1284.0,1041.0,258.0,648.0,5709.0,2372.0,1127.0,15644.0,4947.0,7216.0,2849.0,9924.0,1831.0,2824.0,15105.0,1692.0,1358.0,1266.0,2279.0,1491.0,3895.0,2610.0,4019.0,1669.0,4750.0,157.0,2.0,15.0,65.0,2.0,56.0,28.0,77.0,1352.0,284.0,6550.0,691.0,1344.0,145.0,314.0,2414.0,586.0,1207.0,3622.0,5577.0,2410.0,927.0,449.0,5385.0,4097.0,1252.0,4357.0,411.0,2712.0,89.0
2026-07-29T08:00Z,208.0,300.0,360.0,12941.0,14226.0,2932.0,20.0,14913.0,2020.0,7774.0,18112.0,1758.0,9745.0,5001.0,1931.0,1088.0,1116.0,544.0,2884.0,846.0,1524.0,1630.0,2498.0,11832.0,4645.0,9334.0,18000.0,11123.0,22976.0,1566.0,1012.0,1550.0,539.0,765.0,1283.0,1023.0,246.0,620.0,5572.0,2273.0,1102.0,15370.0,4883.0,6980.0,2791.0,9573.0,1771.0,2711.0,14893.0,1663.0,1345.0,1204.0,2178.0,1470.0,3776.0,2558.0,3947.0,1695.0,4632.0,153.0,2.0,13.0,69.0,2.0,56.0,27.0,76.0,1293.0,272.0,6272.0,665.0,1325.0,136.0,298.0,2323.0,565.0,1151.0,3516.0,5370.0,2335.0,903.0,432.0,5278.0,4002.0,1208.0,4148.0,382.0,2602.0,84.0
2026-07-29T09:00Z,201.0,287.0,355.0,12155.0,13552.0,2859.0,23.0,14536.0,1973.0,7623.0,17490.0,1802.0,9450.0,4864.0,1946.0,1132.0,1135.0,561.0,2883.0,857.0,1530.0,1639.0,2519.0,11528.0,4505.0,9213.0,17871.0,10879.0,22628.0,1560.0,1016.0,1542.0,538.0,771.0,1301.0,1020.0,244.0,614.0,5549.0,2227.0,1107.0,15315.0,4833.0,7018.0,2812.0,9347.0,1767.0,2671.0,14886.0,1677.0,1353.0,1183.0,2182.0,1480.0,3784.0,2589.0,3999.0,1744.0,4621.0,153.0,2.0,13.0,66.0,2.0,56.0,26.0,75.0,1250.0,263.0,6083.0,653.0,1316.0,132.0,300.0,2266.0,551.0,1117.0,3467.0,5198.0,2287.0,871.0,419.0,5206.0,3935.0,1179.0,4047.0,366.0,2525.0,81.0
2026-07-29T10:00Z,207.0,277.0,352.0,11792.0,12915.0,2777.0,29.0,14509.0,1940.0,7568.0,17186.0,1852.0,9368.0,4784.0,1922.0,1172.0,1199.0,586.0,2999.0,954.0,1621.0,1710.0,2641.0,11493.0,4422.0,9333.0,18261.0,10769.0,22424.0,1587.0,1050.0,1601.0,545.0,805.0,1340.0,1047.0,252.0,636.0,5738.0,2270.0,1145.0,15617.0,5033.0,7214.0,2935.0,9403.0,1820.0,2722.0,15220.0,1751.0,1361.0,1193.0,2287.0,1555.0,3927.0,2771.0,4194.0,1834.0,4755.0,158.0,2.0,14.0,67.0,2.0,56.0,26.0,73.0,1215.0,256.0,6021.0,661.0,1312.0,130.0,296.0,2255.0,548.0,1120.0,3431.0,5097.0,2276.0,861.0,418.0,5185.0,3920.0,1171.0,4009.0,352.0,2481.0,80.0
2026-07-29T11:00Z,209.0,277.0,353.0,11369.0,12954.0,2602.0,34.0,14705.0,1957.0,7507.0,17231.0,1922.0,9470.0,4766.0,1931.0,1254.0,1303.0,622.0,3216.0,919.0,1680.0,1829.0,2840.0,11814.0,4469.0,9643.0,18746.0,10921.0,22439.0,1645.0,1096.0,1684.0,555.0,848.0,1392.0,1097.0,266.0,677.0,6149.0,2362.0,1189.0,16123.0,5249.0,7489.0,3097.0,9741.0,1934.0,2839.0,15627.0,1846.0,1399.0,1235.0,2395.0,1658.0,4168.0,3000.0,4495.0,1932.0,4926.0,167.0,3.0,13.0,69.0,2.0,57.0,26.0,72.0,1219.0,258.0,6075.0,688.0,1316.0,131.0,304.0,2303.0,560.0,1140.0,3449.0,5093.0,2300.0,878.0,426.0,5213.0,3968.0,1177.0,4122.0,348.0,2611.0,78.0
2026-07-29T12:00Z,210.0,285.0,356.0,11298.0,12428.0,2463.0,29.0,14884.0,1995.0,7417.0,17487.0,1982.0,9668.0,4800.0,1940.0,1326.0,1402.0,651.0,3412.0,999.0,1799.0,1950.0,2981.0,12341.0,4543.0,9967.0,19205.0,11115.0,22630.0,1710.0,1154.0,1726.0,562.0,882.0,1462.0,1163.0,277.0,725.0,6597.0,2477.0,1228.0,16466.0,5418.0,7836.0,3278.0,10242.0,2037.0,2971.0,16129.0,1912.0,1451.0,1282.0,2540.0,1761.0,4525.0,3171.0,4746.0,2025.0,5155.0,181.0,2.0,14.0,71.0,2.0,58.0,27.0,73.0,1235.0,268.0,6205.0,719.0,1316.0,133.0,316.0,2374.0,581.0,1185.0,3493.0,5147.0,2356.0,906.0,443.0,5247.0,4059.0,1192.0,4301.0,358.0,2650.0,78.0
2026-07-29T13:00Z,196.0,310.0,362.0,11554.0,12094.0,2460.0,23.0,15054.0,1990.0,7421.0,17668.0,2014.0,9794.0,4827.0,1952.0,1345.0,1467.0,659.0,3535.0,1042.0,1892.0,2028.0,3075.0,12940.0,4600.0,10339.0,20200.0,11351.0,22820.0,1765.0,1193.0,1747.0,585.0,907.0,1509.0,1204.0,286.0,744.0,6909.0,2601.0,1250.0,17157.0,5658.0,8144.0,3414.0,10710.0,2140.0,3152.0,16585.0,1968.0,1524.0,1341.0,2666.0,1842.0,4785.0,3283.0,4925.0,2085.0,5283.0,195.0,2.0,14.0,70.0,2.0,60.0,27.0,73.0,1256.0,269.0,6397.0,751.0,1328.0,137.0,327.0,2463.0,612.0,1240.0,3529.0,5213.0,2462.0,930.0,475.0,5231.0,4221.0,1205.0,4480.0,377.0,2716.0,81.0
2026-07-29T14:00Z,211.0,347.0,334.0,11994.0,12363.0,2506.0,45.0,16097.0,2031.0,7583.0,18595.0,2026.0,10107.0,5015.0,2005.0,1337.0,1497.0,646.0,3593.0,1072.0,1978.0,2066.0,3140.0,13375.0,4597.0,10641.0,21141.0,11869.0,23622.0,1784.0,1208.0,1719.0,588.0,904.0,1520.0,1212.0,299.0,761.0,7101.0,2733.0,1263.0,17652.0,5766.0,8597.0,3532.0,11162.0,2241.0,3340.0,17179.0,2054.0,1596.0,1431.0,2753.0,1904.0,5038.0,3347.0,5056.0,2126.0,5397.0,202.0,2.0,16.0,72.0,2.0,62.0,18.0,76.0,1296.0,283.0,6824.0,798.0,1356.0,144.0,331.0,2571.0,620.0,1308.0,3568.0,5465.0,2562.0,956.0,512.0,5270.0,4370.0,1254.0,4710.0,406.0,2815.0,83.0
2026-07-29T15:00Z,229.0,384.0,340.0,12414.0,14983.0,3195.0,143.0,17385.0,2195.0,7674.0,19891.0,2118.0,10600.0,5262.0,2023.0,1293.0,1529.0,607.0,3625.0,1099.0,1998.0,2101.0,3207.0,13920.0,4694.0,11106.0,22056.0,12450.0,25165.0,1810.0,1227.0,1712.0,582.0,895.0,1523.0,1182.0,296.0,764.0,7203.0,2777.0,1304.0,18363.0,6043.0,8901.0,3667.0,11634.0,2337.0,3522.0,17874.0,2171.0,1633.0,1536.0,2887.0,1976.0,5267.0,3410.0,5205.0,2142.0,5428.0,209.0,2.0,18.0,71.0,2.0,65.0,10.0,77.0,1347.0,296.0,7376.0,867.0,1396.0,157.0,336.0,2665.0,630.0,1393.0,3593.0,5865.0,2680.0,975.0,556.0,5402.0,4514.0,1338.0,4947.0,434.0,2799.0,86.0
2026-07-29T16:00Z,233.0,415.0,384.0,12109.0,18390.0,3315.0,242.0,18601.0,2360.0,7854.0,21495.0,2287.0,11210.0,5621.0,2232.0,1250.0,1547.0,592.0,3611.0,1105.0,2017.0,2095.0,3201.0,14659.0,4888.0,11749.0,22190.0,13042.0,26863.0,1802.0,1226.0,1730.0,563.0,877.0,1515.0,1158.0,294.0,769.0,7372.0,2909.0,1409.0,18827.0,6193.0,9261.0,3856.0,12095.0,2425.0,3664.0,18556.0,2302.0,1696.0,1654.0,3065.0,2016.0,5456.0,3545.0,5291.0,2135.0,5681.0,220.0,2.0,20.0,72.0,3.0,66.0,9.0,79.0,1408.0,311.0,8008.0,923.0,1447.0,170.0,341.0,2712.0,654.0,1462.0,3631.0,6352.0,2747.0,997.0,600.0,5595.0,4677.0,1428.0,5207.0,466.0,2923.0,89.0
2026-07-29T17:00Z,238.0,443.0,398.0,12155.0,19104.0,3005.0,240.0,19746.0,2490.0,7923.0,23249.0,2435.0,11931.0,5927.0,2324.0,1217.0,1537.0,589.0,3579.0,1113.0,2022.0,2082.0,3179.0,15438.0,5161.0,12347.0,22920.0,13682.0,28553.0,1763.0,1220.0,1727.0,591.0,876.0,1501.0,1171.0,310.0,802.0,7580.0,3017.0,1450.0,19311.0,6290.0,9558.0,4029.0,12575.0,2515.0,3776.0,19192.0,2405.0,1704.0,1761.0,3228.0,2060.0,5639.0,3659.0,5404.0,2147.0,5927.0,236.0,2.0,22.0,70.0,3.0,68.0,8.0,80.0,1482.0,332.0,8637.0,989.0,1499.0,178.0,340.0,2757.0,682.0,1530.0,3700.0,6830.0,2740.0,1036.0,640.0,5788.0,4809.0,1520.0,5465.0,502.0,3083.0,93.0
2026-07-29T18:00Z,245.0,467.0,408.0,11684.0,19376.0,2936.0,235.0,20736.0,2653.0,7961.0,24850.0,2570.0,12703.0,6250.0,2432.0,1271.0,1527.0,580.0,3752.0,1110.0,2005.0,2047.0,3178.0,16115.0,5397.0,12859.0,23695.0,14191.0,30028.0,1761.0,1194.0,1845.0,606.0,860.0,1487.0,1234.0,330.0,824.0,7732.0,3209.0,1529.0,19846.0,6440.0,9801.0,4126.0,13045.0,2570.0,3904.0,19706.0,2522.0,1732.0,1842.0,3375.0,2141.0,5780.0,3764.0,5518.0,2160.0,6163.0,253.0,2.0,24.0,68.0,3.0,68.0,9.0,82.0,1585.0,343.0,9250.0,1052.0,1510.0,180.0,346.0,2802.0,709.0,1575.0,3758.0,7266.0,2809.0,1084.0,670.0,5965.0,4921.0,1604.0,5690.0,542.0,3243.0,94.0
2026-07-29T19:00Z,253.0,489.0,415.0,11818.0,19388.0,3024.0,237.0,21581.0,2825.0,8074.0,26300.0,2652.0,13445.0,6516.0,2527.0,1336.0,1511.0,595.0,3845.0,1084.0,1977.0,2045.0,3173.0,16636.0,5701.0,13254.0,24404.0,14649.0,31225.0,1777.0,1138.0,1895.0,592.0,863.0,1453.0,1274.0,359.0,870.0,7826.0,3356.0,1619.0,20145.0,6517.0,9944.0,4261.0,13597.0,2621.0,3981.0,20140.0,2630.0,1766.0,1899.0,3574.0,2155.0,5888.0,3842.0,5522.0,2172.0,6329.0,260.0,2.0,25.0,69.0,3.0,69.0,10.0,85.0,1685.0,364.0,9711.0,1102.0,1572.0,184.0,365.0,2928.0,737.0,1626.0,3830.0,7512.0,2903.0,1105.0,714.0,6182.0,4978.0,1670.0,5860.0,596.0,3358.0,98.0
2026-07-29T20:00Z,252.0,503.0,423.0,11770.0,18854.0,2870.0,185.0,22277.0,2895.0,8113.0,27294.0,2713.0,14090.0,6666.0,2437.0,1350.0,1496.0,626.0,3981.0,1069.0,1974.0,2068.0,3169.0,17021.0,5987.0,13478.0,24891.0,15044.0,31798.0,1824.0,1112.0,1896.0,562.0,896.0,1431.0,1324.0,387.0,920.0,7958.0,3435.0,1726.0,20426.0,6609.0,10039.0,4367.0,14040.0,2637.0,4052.0,20594.0,2721.0,1769.0,1952.0,3833.0,2177.0,6020.0,3921.0,5612.0,2163.0,6631.0,261.0,3.0,28.0,70.0,3.0,70.0,13.0,87.0,1792.0,380.0,9986.0,1118.0,1581.0,193.0,379.0,3029.0,761.0,1656.0,3844.0,7640.0,3026.0,1117.0,740.0,6351.0,5021.0,1701.0,5926.0,635.0,3519.0,100.0
2026-07-29T21:00Z,251.0,509.0,421.0,12036.0,18472.0,2701.0,155.0,22663.0,2935.0,7864.0,27920.0,2741.0,14563.0,6747.0,2495.0,1410.0,1500.0,659.0,4126.0,1125.0,2018.0,2042.0,3156.0,17239.0,6174.0,13693.0,25368.0,15221.0,31891.0,1880.0,1112.0,1899.0,576.0,924.0,1416.0,1436.0,391.0,928.0,7952.0,3590.0,1865.0,20630.0,6674.0,10056.0,4388.0,14435.0,2678.0,4111.0,20906.0,2828.0,1812.0,1996.0,4029.0,2193.0,6094.0,4039.0,5619.0,2145.0,6849.0,260.0,2.0,28.0,68.0,3.0,71.0,17.0,89.0,1890.0,398.0,10083.0,1099.0,1593.0,196.0,380.0,3106.0,781.0,1710.0,3898.0,7759.0,3109.0,1122.0,757.0,6454.0,5045.0,1688.0,5945.0,632.0,3597.0,102.0
2026-07-29T22:00Z,231.0,509.0,407.0,12713.0,18618.0,2726.0,147.0,22817.0,2950.0,7778.0,28184.0,2715.0,14971.0,6877.0,2570.0,1433.0,1533.0,686.0,4309.0,1119.0,2090.0,2080.0,3187.0,17485.0,6380.0,13885.0,25717.0,15434.0,32020.0,1906.0,1219.0,1908.0,579.0,955.0,1430.0,1471.0,391.0,930.0,7944.0,3681.0,1989.0,20644.0,6701.0,10122.0,4447.0,14754.0,2704.0,4159.0,21000.0,2897.0,1840.0,2070.0,4211.0,2196.0,6065.0,4076.0,5733.0,2139.0,7005.0,262.0,2.0,30.0,69.0,4.0,71.0,19.0,91.0,2000.0,405.0,10060.0,1066.0,1583.0,202.0,382.0,3158.0,804.0,1736.0,3929.0,7734.0,3166.0,1133.0,753.0,6503.0,5053.0,1701.0,5910.0,647.0,3600.0,102.0
2026-07-29T23:00Z,219.0,503.0,402.0,13252.0,19289.0,2805.0,164.0,22613.0,2967.0,7754.0,28205.0,2654.0,15187.0,6820.0,2658.0,1460.0,1527.0,691.0,4253.0,1104.0,2097.0,2097.0,3145.0,17613.0,6590.0,13769.0,25794.0,15397.0,31810.0,1945.0,1272.0,1910.0,595.0,982.0,1459.0,1479.0,390.0,914.0,7723.0,3652.0,2020.0,20582.0,6640.0,9913.0,4387.0,14882.0,2668.0,4123.0,20723.0,2872.0,1785.0,2119.0,4120.0,2147.0,5922.0,3938.0,5685.0,2125.0,6918.0,245.0,2.0,31.0,68.0,4.0,71.0,24.0,92.0,2111.0,411.0,9933.0,1028.0,1555.0,207.0,373.0,3155.0,808.0,1736.0,3889.0,7610.0,3178.0,1148.0,749.0,6504.0,5014.0,1710.0,5856.0,606.0,3530.0,104.0
2026-07-30T00:00Z,219.0,482.0,393.0,14125.0,19625.0,3062.0,162.0,21953.0,3002.0,7739.0,27735.0,2594.0,15184.0,6699.0,2686.0,1455.0,1493.0,686.0,4165.0,1070.0,2054.0,2077.0,3059.0,17581.0,6695.0,13526.0,25493.0,15075.0,31172.0,1975.0,1280.0,1903.0,609.0,991.0,1459.0,1461.0,375.0,891.0,7483.0,3524.0,1931.0,20132.0,6414.0,9693.0,4304.0,14694.0,2586.0,3987.0,20229.0,2798.0,1745.0,2062.0,3858.0,2087.0,5651.0,3817.0,5550.0,2091.0,6740.0,233.0,2.0,29.0,65.0,4.0,69.0,23.0,92.0,2175.0,416.0,9721.0,995.0,1540.0,207.0,366.0,3095.0,794.0,1694.0,3854.0,7438.0,3143.0,1151.0,731.0,6470.0,4935.0,1694.0,5761.0,585.0,3428.0,106.0
2026-07-30T01:00Z,205.0,448.0,394.0,15458.0,20009.0,3244.0,168.0,21190.0,2886.0,7778.0,26795.0,2522.0,14824.0,6528.0,2613.0,1429.0,1456.0,673.0,4080.0,1081.0,2010.0,2054.0,3016.0,17284.0,6686.0,13074.0,24532.0,14527.0,30335.0,1953.0,1277.0,1904.0,612.0,985.0,1454.0,1428.0,367.0,863.0,7321.0,3401.0,1834.0,19489.0,6339.0,9211.0,4262.0,14260.0,2480.0,3801.0,19741.0,2685.0,1685.0,1866.0,3684.0,2057.0,5495.0,3727.0,5452.0,2079.0,6617.0,226.0,2.0,28.0,63.0,3.0,65.0,32.0,91.0,2201.0,411.0,9352.0,965.0,1517.0,201.0,359.0,3020.0,773.0,1635.0,3779.0,7223.0,3072.0,1138.0,695.0,6410.0,4824.0,1669.0,5619.0,582.0,3392.0,107.0
2026-07-30T02:00Z,206.0,405.0,391.0,16364.0,19672.0,3405.0,141.0,20423.0,2795.0,7893.0,25558.0,2376.0,14198.0,6316.0,2490.0,1361.0,1380.0,654.0,3904.0,987.0,1910.0,1988.0,2930.0,16866.0,6451.0,12615.0,23457.0,13946.0,29425.0,1911.0,1252.0,1871.0,539.0,949.0,1416.0,1364.0,352.0,834.0,7156.0,3238.0,1736.0,18867.0,6128.0,8899.0,4154.0,13599.0,2373.0,3643.0,19020.0,2555.0,1604.0,1738.0,3470.0,1983.0,5325.0,3632.0,5283.0,2022.0,6404.0,216.0,2.0,27.0,68.0,3.0,62.0,36.0,87.0,2118.0,400.0,8887.0,933.0,1483.0,192.0,359.0,2979.0,740.0,1579.0,3705.0,6913.0,2956.0,1109.0,667.0,6297.0,4733.0,1610.0,5461.0,568.0,3348.0,104.0
2026-07-30T03:00Z,216.0,382.0,391.0,16741.0,18909.0,3366.0,76.0,19746.0,2650.0,7989.0,24590.0,2249.0,13627.0,6207.0,2426.0,1243.0,1277.0,618.0,3612.0,940.0,1777.0,1870.0,2773.0,16464.0,6135.0,11876.0,22169.0,13407.0,28378.0,1806.0,1173.0,1771.0,596.0,882.0,1332.0,1269.0,326.0,782.0,6803.0,3025.0,1596.0,17936.0,5831.0,8370.0,3882.0,12976.0,2197.0,3389.0,17963.0,2357.0,1505.0,1580.0,3158.0,1851.0,4998.0,3420.0,4959.0,1896.0,6027.0,202.0,2.0,24.0,69.0,3.0,61.0,37.0,83.0,2006.0,386.0,8413.0,890.0,1457.0,183.0,354.0,2916.0,709.0,1536.0,3619.0,6676.0,2856.0,1076.0,638.0,6138.0,4677.0,1556.0,5307.0,548.0,3253.0,100.0
2026-07-30T04:00Z,223.0,361.0,382.0,16474.0,18090.0,3286.0,96.0,18684.0,2563.0,7958.0,23046.0,2093.0,12809.0,6002.0,2148.0,1155.0,1181.0,568.0,3304.0,898.0,1645.0,1749.0,2599.0,15524.0,5639.0,10987.0,20506.0,12516.0,26931.0,1719.0,1099.0,1696.0,579.0,823.0,1258.0,1180.0,297.0,725.0,6400.0,2766.0,1453.0,16798.0,5422.0,7784.0,3561.0,12092.0,2015.0,3101.0,16791.0,2138.0,1426.0,1416.0,2877.0,1713.0,4614.0,3174.0,4637.0,1796.0,5611.0,186.0,2.0,22.0,71.0,3.0,60.0,36.0,79.0,1902.0,364.0,7853.0,826.0,1427.0,167.0,335.0,2759.0,664.0,1427.0,3484.0,6423.0,2700.0,1034.0,591.0,5944.0,4519.0,1471.0,5018.0,532.0,3144.0,98.0
2026-07-30T05:00Z,227.0,334.0,369.0,15886.0,17432.0,3211.0,89.0,17683.0,2373.0,7977.0,21367.0,1957.0,11872.0,5720.0,2148.0,1100.0,1114.0,546.0,3049.0,801.0,1536.0,1669.0,2459.0,14401.0,5202.0,10262.0,20084.0,11707.0,25614.0,1630.0,1048.0,1602.0,560.0,779.0,1200.0,1106.0,281.0,690.0,6073.0,2549.0,1328.0,15741.0,5058.0,7298.0,3275.0,11224.0,1863.0,2855.0,15869.0,1966.0,1345.0,1272.0,2632.0,1619.0,4317.0,2933.0,4380.0,1696.0,5229.0,172.0,3.0,20.0,71.0,3.0,59.0,34.0,76.0,1760.0,334.0,7303.0,759.0,1394.0,151.0,319.0,2563.0,617.0,1314.0,3335.0,6077.0,2525.0,1002.0,540.0,5735.0,4356.0,1374.0,4681.0,493.0,2986.0,93.0
2026-07-30T06:00Z,221.0,309.0,357.0,14728.0,16411.0,2978.0,70.0,16772.0,2239.0,7841.0,19859.0,1853.0,11019.0,5376.0,2050.0,1061.0,1067.0,533.0,2881.0,753.0,1461.0,1601.0,2352.0,13511.0,4834.0,9698.0,19513.0,11297.0,24467.0,1557.0,1005.0,1556.0,561.0,749.0,1170.0,1044.0,262.0,652.0,5788.0,2363.0,1233.0,15096.0,4934.0,6983.0,3057.0,10515.0,1755.0,2675.0,15191.0,1837.0,1291.0,1180.0,2427.0,1556.0,4079.0,2739.0,4202.0,1660.0,4932.0,162.0,2.0,17.0,70.0,2.0,58.0,31.0,74.0,1611.0,316.0,6812.0,706.0,1372.0,139.0,307.0,2405.0,567.0,1217.0,3193.0,5741.0,2379.0,964.0,494.0,5564.0,4205.0,1295.0,4422.0,445.0,2789.0,87.0
2026-07-30T07:00Z,214.0,294.0,352.0,13638.0,15123.0,2735.0,50.0,16003.0,2130.0,7769.0,18705.0,1754.0,10350.0,5228.0,2016.0,1038.0,1040.0,514.0,2772.0,737.0,1408.0,1546.0,2272.0,12824.0,4608.0,9302.0,18742.0,10888.0,23592.0,1510.0,980.0,1520.0,548.0,732.0,1148.0,996.0,247.0,618.0,5574.0,2245.0,1167.0,14771.0,4802.0,6752.0,2917.0,9998.0,1681.0,2549.0,14747.0,1751.0,1227.0,1166.0,2318.0,1509.0,3922.0,2608.0,4081.0,1609.0,4726.0,154.0,2.0,16.0,71.0,2.0,58.0,29.0,73.0,1486.0,300.0,6452.0,665.0,1359.0,129.0,295.0,2283.0,531.0,1149.0,3106.0,5479.0,2281.0,929.0,465.0,5422.0,4083.0,1238.0,4227.0,404.0,2641.0,83.0
2026-07-30T08:00Z,213.0,283.0,351.0,13034.0,14067.0,2777.0,37.0,15438.0,2053.0,7726.0,17829.0,1714.0,9902.0,5008.0,1973.0,1032.0,1033.0,507.0,2707.0,712.0,1388.0,1533.0,2238.0,12337.0,4393.0,9170.0,18241.0,10414.0,22881.0,1488.0,967.0,1500.0,541.0,718.0,1141.0,970.0,237.0,593.0,5430.0,2168.0,1134.0,14638.0,4698.0,6699.0,2846.0,9624.0,1643.0,2470.0,14452.0,1701.0,1215.0,1070.0,2230.0,1482.0,3822.0,2534.0,4011.0,1590.0,4596.0,151.0,2.0,15.0,72.0,2.0,57.0,27.0,72.0,1394.0,285.0,6170.0,637.0,1332.0,121.0,282.0,2180.0,514.0,1087.0,3032.0,5259.0,2214.0,910.0,440.0,5303.0,4010.0,1191.0,4063.0,379.0,2556.0,79.0
2026-07-30T09:00Z,210.0,276.0,349.0,12365.0,13454.0,2656.0,33.0,15128.0,2004.0,7720.0,17325.0,1713.0,9606.0,4866.0,1896.0,1052.0,1055.0,515.0,2716.0,717.0,1394.0,1543.0,2252.0,12010.0,4324.0,9056.0,18091.0,10256.0,22412.0,1490.0,973.0,1498.0,555.0,729.0,1155.0,967.0,235.0,586.0,5407.0,2146.0,1124.0,14699.0,4672.0,6722.0,2851.0,9384.0,1639.0,2465.0,14428.0,1696.0,1211.0,1110.0,2211.0,1505.0,3846.0,2555.0,4054.0,1612.0,4572.0,150.0,2.0,14.0,72.0,2.0,56.0,26.0,70.0,1326.0,276.0,5980.0,620.0,1323.0,116.0,272.0,2121.0,499.0,1060.0,3008.0,5090.0,2163.0,907.0,423.0,5199.0,3941.0,1152.0,3956.0,363.0,2504.0,79.0
2026-07-30T10:00Z,207.0,273.0,348.0,11861.0,12791.0,2629.0,31.0,15039.0,1991.0,7661.0,17038.0,1717.0,9483.0,4766.0,1876.0,1129.0,1126.0,548.0,2840.0,836.0,1473.0,1618.0,2356.0,11929.0,4263.0,9251.0,17673.0,10175.0,22064.0,1528.0,1008.0,1556.0,558.0,760.0,1200.0,994.0,243.0,606.0,5565.0,2196.0,1146.0,15088.0,4796.0,6890.0,2970.0,9412.0,1689.0,2532.0,14726.0,1766.0,1243.0,1244.0,2258.0,1568.0,3992.0,2724.0,4244.0,1679.0,4688.0,154.0,2.0,14.0,70.0,2.0,56.0,26.0,68.0,1279.0,268.0,5895.0,622.0,1309.0,114.0,264.0,2101.0,490.0,1044.0,2978.0,4978.0,2146.0,883.0,417.0,5148.0,3907.0,1131.0,3924.0,353.0,2474.0,75.0
2026-07-30T11:00Z,204.0,276.0,351.0,11482.0,12431.0,2436.0,31.0,15141.0,1973.0,7586.0,17112.0,1790.0,9533.0,4698.0,1910.0,1221.0,1225.0,588.0,3060.0,846.0,1555.0,1720.0,2545.0,12260.0,4371.0,9593.0,18493.0,10377.0,22271.0,1578.0,1050.0,1667.0,577.0,802.0,1250.0,1036.0,259.0,651.0,5926.0,2282.0,1187.0,15636.0,4996.0,7228.0,3120.0,9779.0,1792.0,2648.0,15121.0,1857.0,1263.0,1311.0,2376.0,1658.0,4183.0,2926.0,4553.0,1798.0,4857.0,163.0,2.0,14.0,72.0,2.0,56.0,26.0,67.0,1246.0,269.0,5958.0,646.0,1297.0,114.0,278.0,2131.0,508.0,1066.0,3029.0,4979.0,2166.0,888.0,422.0,5146.0,3961.0,1132.0,4019.0,350.0,2614.0,73.0
2026-07-30T12:00Z,213.0,286.0,355.0,11464.0,12252.0,2405.0,30.0,15228.0,2019.0,7573.0,17255.0,1879.0,9727.0,4841.0,1946.0,1296.0,1326.0,595.0,3247.0,959.0,1664.0,1848.0,2745.0,12838.0,4432.0,9926.0,19465.0,10600.0,22517.0,1611.0,1088.0,1686.0,582.0,825.0,1292.0,1079.0,271.0,695.0,6363.0,2413.0,1239.0,16123.0,5241.0,7565.0,3280.0,10277.0,1904.0,2798.0,15570.0,1917.0,1344.0,1391.0,2491.0,1758.0,4426.0,3063.0,4790.0,1899.0,5072.0,176.0,2.0,15.0,71.0,2.0,57.0,27.0,69.0,1264.0,266.0,6102.0,678.0,1309.0,116.0,278.0,2186.0,538.0,1089.0,3074.0,5060.0,2220.0,919.0,435.0,5188.0,4058.0,1142.0,4222.0,362.0,2659.0,75.0
2026-07-30T13:00Z,197.0,305.0,361.0,11780.0,12322.0,2432.0,30.0,15326.0,2042.0,7572.0,17493.0,1958.0,9793.0,4812.0,1974.0,1309.0,1393.0,592.0,3360.0,989.0,1749.0,1920.0,2872.0,13401.0,4485.0,10428.0,20308.0,10877.0,22822.0,1605.0,1107.0,1665.0,577.0,820.0,1313.0,1124.0,284.0,732.0,6726.0,2590.0,1271.0,16659.0,5412.0,7941.0,3403.0,10814.0,2005.0,2980.0,16039.0,1950.0,1426.0,1441.0,2582.0,1830.0,4720.0,3161.0,4938.0,1975.0,5254.0,191.0,2.0,15.0,71.0,2.0,59.0,27.0,70.0,1282.0,270.0,6267.0,699.0,1310.0,120.0,294.0,2272.0,558.0,1132.0,3140.0,5134.0,2293.0,939.0,449.0,5203.0,4204.0,1161.0,4388.0,380.0,2719.0,79.0
2026-07-30T14:00Z,209.0,327.0,371.0,12189.0,12631.0,2465.0,58.0,16165.0,2070.0,7533.0,18485.0,2028.0,10143.0,4997.0,2019.0,1288.0,1432.0,560.0,3410.0,1039.0,1792.0,1943.0,2945.0,13848.0,4497.0,10902.0,21353.0,11515.0,23918.0,1616.0,1123.0,1604.0,546.0,759.0,1336.0,1137.0,300.0,750.0,6969.0,2699.0,1293.0,17232.0,5641.0,8267.0,3507.0,11390.0,2115.0,3162.0,16602.0,2030.0,1495.0,1540.0,2692.0,1879.0,4842.0,3214.0,5003.0,2032.0,5376.0,198.0,3.0,16.0,69.0,2.0,61.0,15.0,72.0,1333.0,285.0,6605.0,729.0,1334.0,124.0,303.0,2360.0,573.0,1177.0,3167.0,5328.0,2379.0,974.0,461.0,5290.0,4319.0,1200.0,4557.0,412.0,2824.0,82.0
2026-07-30T15:00Z,222.0,346.0,376.0,12529.0,15449.0,3477.0,173.0,17346.0,2203.0,7621.0,19810.0,2086.0,10677.0,5293.0,2127.0,1259.0,1466.0,516.0,3439.0,1047.0,1840.0,1962.0,2999.0,14234.0,4678.0,11490.0,22543.0,12093.0,25274.0,1670.0,1133.0,1622.0,561.0,701.0,1328.0,1161.0,298.0,755.0,7027.0,2765.0,1310.0,17935.0,5881.0,8696.0,3636.0,12063.0,2231.0,3372.0,17301.0,2127.0,1557.0,1615.0,2770.0,1943.0,4968.0,3297.0,5155.0,2093.0,5364.0,203.0,2.0,19.0,69.0,3.0,64.0,7.0,75.0,1415.0,302.0,7097.0,760.0,1367.0,127.0,309.0,2472.0,599.0,1241.0,3217.0,5645.0,2452.0,1015.0,479.0,5431.0,4442.0,1277.0,4734.0,442.0,2806.0,85.0
2026-07-30T16:00Z,223.0,368.0,383.0,12652.0,18592.0,3695.0,253.0,18597.0,2373.0,7838.0,21510.0,2204.0,11404.0,5692.0,2204.0,1283.0,1457.0,464.0,3453.0,1047.0,1856.0,1949.0,2988.0,14589.0,4920.0,12127.0,23386.0,12696.0,26867.0,1747.0,1135.0,1609.0,553.0,660.0,1223.0,1166.0,289.0,752.0,7067.0,2829.0,1343.0,18557.0,6030.0,9134.0,3788.0,12759.0,2347.0,3548.0,17970.0,2284.0,1614.0,1744.0,2888.0,2030.0,5170.0,3399.0,5286.0,2145.0,5468.0,207.0,2.0,22.0,73.0,3.0,66.0,7.0,80.0,1470.0,317.0,7702.0,782.0,1423.0,131.0,321.0,2567.0,635.0,1299.0,3215.0,6097.0,2530.0,1054.0,505.0,5625.0,4542.0,1367.0,4942.0,477.0,2937.0,85.0
2026-07-30T17:00Z,222.0,387.0,399.0,12009.0,19636.0,3837.0,248.0,19776.0,2597.0,7944.0,23305.0,2347.0,12199.0,5999.0,2334.0,1293.0,1453.0,423.0,3401.0,1036.0,1824.0,1925.0,3018.0,15141.0,5201.0,12565.0,24484.0,13282.0,28532.0,1822.0,1118.0,1606.0,550.0,648.0,1182.0,1161.0,301.0,766.0,7123.0,2743.0,1455.0,19351.0,6308.0,9515.0,4045.0,13537.0,2479.0,3735.0,18738.0,2441.0,1644.0,1857.0,3055.0,2077.0,5395.0,3579.0,5368.0,2176.0,5623.0,212.0,2.0,24.0,69.0,3.0,68.0,9.0,84.0,1566.0,339.0,8357.0,816.0,1465.0,139.0,324.0,2650.0,674.0,1340.0,3257.0,6572.0,2634.0,1088.0,539.0,5816.0,4621.0,1470.0,5185.0,524.0,3096.0,86.0
2026-07-30T18:00Z,226.0,393.0,407.0,12036.0,19832.0,3645.0,249.0,20871.0,2749.0,8053.0,25054.0,2474.0,13031.0,6345.0,2420.0,1339.0,1488.0,420.0,3446.0,1055.0,1822.0,1948.0,3067.0,15666.0,5531.0,13081.0,25871.0,13749.0,29942.0,1881.0,1104.0,1642.0,552.0,638.0,1197.0,1140.0,300.0,764.0,7096.0,2791.0,1588.0,20358.0,6566.0,9924.0,4297.0,14313.0,2614.0,3906.0,19372.0,2544.0,1739.0,1929.0,3133.0,2112.0,5571.0,3832.0,5458.0,2201.0,5793.0,219.0,2.0,26.0,72.0,3.0,70.0,11.0,86.0,1676.0,358.0,8985.0,874.0,1515.0,147.0,329.0,2732.0,690.0,1395.0,3282.0,7001.0,2752.0,1123.0,587.0,6015.0,4655.0,1553.0,5328.0,573.0,3245.0,89.0
2026-07-30T19:00Z,233.0,401.0,415.0,11998.0,19969.0,3137.0,229.0,21772.0,2816.0,8110.0,26494.0,2578.0,13759.0,6622.0,2619.0,1340.0,1513.0,406.0,3506.0,1053.0,1820.0,1964.0,3097.0,16111.0,5824.0,13590.0,26975.0,14266.0,31221.0,1910.0,1125.0,1612.0,527.0,673.0,1208.0,1131.0,311.0,775.0,7114.0,2833.0,1648.0,20843.0,6707.0,10178.0,4329.0,15176.0,2711.0,4056.0,19997.0,2642.0,1810.0,1998.0,3246.0,2124.0,5607.0,4034.0,5514.0,2212.0,5901.0,222.0,2.0,28.0,71.0,3.0,72.0,16.0,88.0,1783.0,375.0,9467.0,927.0,1544.0,155.0,342.0,2811.0,710.0,1447.0,3287.0,7366.0,2810.0,1164.0,601.0,6188.0,4672.0,1620.0,5496.0,625.0,3408.0,92.0
2026-07-30T20:00Z,226.0,410.0,406.0,11606.0,19588.0,3080.0,198.0,22474.0,2998.0,8157.0,27491.0,2634.0,14405.0,6818.0,2711.0,1395.0,1542.0,443.0,3656.0,1076.0,1842.0,2007.0,3081.0,16343.0,6090.0,13997.0,27562.0,14555.0,31947.0,1951.0,1154.0,1592.0,529.0,698.0,1144.0,1169.0,319.0,783.0,7147.0,2874.0,1694.0,21264.0,6855.0,10480.0,4309.0,15869.0,2776.0,4177.0,20516.0,2707.0,1874.0,2059.0,3373.0,2131.0,5624.0,4055.0,5609.0,2215.0,6041.0,231.0,2.0,29.0,71.0,3.0,74.0,16.0,91.0,1903.0,384.0,9724.0,966.0,1578.0,166.0,343.0,2818.0,730.0,1489.0,3302.0,7520.0,2815.0,1186.0,629.0,6319.0,4636.0,1659.0,5644.0,674.0,3561.0,99.0
2026-07-30T21:00Z,225.0,421.0,411.0,12037.0,19798.0,2676.0,177.0,22904.0,3020.0,8142.0,28102.0,2629.0,15001.0,6947.0,2783.0,1438.0,1577.0,517.0,3796.0,1085.0,1873.0,2084.0,3118.0,16544.0,6312.0,14230.0,28128.0,14698.0,32460.0,1966.0,1170.0,1603.0,549.0,729.0,1216.0,1284.0,325.0,820.0,7283.0,3004.0,1714.0,21600.0,7013.0,10754.0,4333.0,16388.0,2833.0,4269.0,20803.0,2742.0,1947.0,2095.0,3518.0,2143.0,5691.0,4053.0,5703.0,2217.0,6174.0,233.0,2.0,30.0,70.0,3.0,75.0,19.0,93.0,2015.0,403.0,9941.0,1013.0,1571.0,172.0,339.0,2802.0,753.0,1498.0,3333.0,7580.0,2825.0,1203.0,660.0,6441.0,4619.0,1659.0,5743.0,682.0,3708.0,102.0
2026-07-30T22:00Z,235.0,427.0,419.0,12736.0,20611.0,2602.0,167.0,23019.0,3061.0,8043.0,28407.0,2551.0,15287.0,6994.0,2737.0,1484.0,1606.0,575.0,3929.0,1089.0,1930.0,2156.0,3127.0,16561.0,6522.0,14233.0,28431.0,14573.0,32386.0,2016.0,1212.0,1706.0,555.0,791.0,1375.0,1378.0,344.0,833.0,7349.0,3230.0,1763.0,21951.0,7089.0,10848.0,4377.0,16736.0,2861.0,4333.0,20894.0,2746.0,1989.0,2172.0,3602.0,2174.0,5735.0,4031.0,5791.0,2225.0,6295.0,240.0,2.0,31.0,72.0,4.0,74.0,25.0,92.0,2123.0,414.0,10010.0,1036.0,1587.0,174.0,331.0,2787.0,741.0,1488.0,3362.0,7618.0,2825.0,1216.0,656.0,6510.0,4598.0,1687.0,5791.0,678.0,3781.0,100.0
2026-07-30T23:00Z,237.0,425.0,424.0,13451.0,21316.0,2871.0,166.0,22833.0,3039.0,8026.0,28464.0,2522.0,15476.0,6912.0,2743.0,1475.0,1596.0,662.0,3982.0,1109.0,1948.0,2151.0,3041.0,16378.0,6595.0,14223.0,28321.0,14487.0,31812.0,2059.0,1295.0,1852.0,601.0,890.0,1536.0,1451.0,345.0,829.0,7155.0,3205.0,1792.0,21860.0,7036.0,10711.0,4358.0,16704.0,2846.0,4289.0,20796.0,2777.0,1997.0,2222.0,3652.0,2178.0,5668.0,3911.0,5755.0,2212.0,6431.0,236.0,3.0,32.0,71.0,4.0,73.0,29.0,92.0,2211.0,421.0,9869.0,1040.0,1576.0,172.0,332.0,2828.0,731.0,1494.0,3349.0,7589.0,2770.0,1209.0,657.0,6535.0,4615.0,1705.0,5787.0,696.0,3790.0,102.0
2026-07-31T00:00Z,232.0,412.0,425.0,14356.0,21478.0,3144.0,167.0,22148.0,3018.0,8129.0,28097.0,2566.0,15444.0,6764.0,2659.0,1452.0,1557.0,707.0,3931.0,1083.0,1932.0,2136.0,2986.0,16154.0,6681.0,14097.0,27871.0,14319.0,31079.0,2110.0,1371.0,1985.0,594.0,985.0,1622.0,1451.0,349.0,816.0,6950.0,3141.0,1779.0,21414.0,6861.0,10466.0,4313.0,16348.0,2778.0,4170.0,20428.0,2756.0,1930.0,2158.0,3584.0,2149.0,5472.0,3836.0,5675.0,2181.0,6366.0,228.0,2.0,30.0,67.0,3.0,71.0,29.0,91.0,2212.0,425.0,9625.0,1034.0,1555.0,171.0,328.0,2839.0,718.0,1497.0,3304.0,7461.0,2711.0,1203.0,641.0,6511.0,4542.0,1695.0,5774.0,702.0,3842.0,105.0
2026-07-31T01:00Z,211.0,399.0,423.0,15436.0,21033.0,3395.0,168.0,21325.0,2963.0,8037.0,27227.0,2517.0,15074.0,6488.0,2606.0,1438.0,1528.0,721.0,3882.0,1058.0,1917.0,2118.0,2966.0,15772.0,6596.0,13577.0,26712.0,13816.0,30085.0,2074.0,1371.0,2011.0,598.0,1022.0,1619.0,1433.0,352.0,800.0,6837.0,3066.0,1741.0,20661.0,6580.0,9912.0,4288.0,15725.0,2661.0,3963.0,19884.0,2684.0,1809.0,1994.0,3454.0,2116.0,5334.0,3786.0,5589.0,2117.0,6314.0,222.0,2.0,29.0,68.0,3.0,66.0,32.0,91.0,2201.0,421.0,9276.0,1000.0,1551.0,171.0,329.0,2783.0,704.0,1472.0,3238.0,7316.0,2659.0,1192.0,618.0,6432.0,4458.0,1679.0,5645.0,687.0,3837.0,105.0
2026-07-31T02:00Z,215.0,381.0,416.0,16461.0,20197.0,3536.0,139.0,20560.0,2830.0,7978.0,25961.0,2402.0,14409.0,6288.0,2508.0,1375.0,1457.0,702.0,3723.0,982.0,1828.0,2060.0,2883.0,15412.0,6460.0,12987.0,25616.0,13382.0,29367.0,2017.0,1330.0,1960.0,559.0,989.0,1572.0,1372.0,343.0,784.0,6711.0,2962.0,1675.0,19939.0,6286.0,9502.0,4171.0,15080.0,2544.0,3824.0,19088.0,2567.0,1699.0,1935.0,3318.0,2046.0,5203.0,3673.0,5431.0,2080.0,6175.0,215.0,2.0,29.0,64.0,3.0,65.0,36.0,89.0,2160.0,401.0,8870.0,962.0,1520.0,166.0,328.0,2738.0,670.0,1433.0,3116.0,7067.0,2614.0,1150.0,600.0,6285.0,4396.0,1618.0,5448.0,663.0,3746.0,104.0
2026-07-31T03:00Z,221.0,362.0,407.0,16831.0,19578.0,3445.0,86.0,19788.0,2827.0,7992.0,24873.0,2334.0,13810.0,6108.0,2446.0,1268.0,1344.0,659.0,3435.0,940.0,1700.0,1928.0,2731.0,15076.0,6129.0,12154.0,24278.0,12976.0,28315.0,1902.0,1241.0,1840.0,599.0,914.0,1471.0,1284.0,300.0,749.0,6476.0,2805.0,1562.0,18827.0,5852.0,8828.0,3915.0,14381.0,2355.0,3568.0,18064.0,2362.0,1584.0,1764.0,3050.0,1919.0,4896.0,3479.0,5101.0,1938.0,5854.0,201.0,2.0,25.0,64.0,3.0,64.0,38.0,89.0,2069.0,387.0,8508.0,922.0,1502.0,160.0,332.0,2691.0,652.0,1395.0,2958.0,6819.0,2564.0,1118.0,579.0,6130.0,4310.0,1557.0,5259.0,632.0,3596.0,100.0
2026-07-31T04:00Z,225.0,343.0,395.0,16501.0,18560.0,3379.0,90.0,18713.0,2666.0,7933.0,23467.0,2298.0,12951.0,5773.0,2358.0,1170.0,1232.0,608.0,3135.0,892.0,1558.0,1784.0,2556.0,14313.0,5708.0,11431.0,22492.0,12261.0,27108.0,1759.0,1151.0,1718.0,588.0,849.0,1378.0,1177.0,277.0,696.0,6172.0,2593.0,1427.0,17563.0,5429.0,8251.0,3630.0,13474.0,2158.0,3273.0,17095.0,2144.0,1466.0,1617.0,2794.0,1780.0,4581.0,3240.0,4757.0,1805.0,5480.0,185.0,2.0,23.0,66.0,3.0,62.0,37.0,86.0,1986.0,367.0,8009.0,851.0,1463.0,150.0,319.0,2576.0,619.0,1316.0,2736.0,6468.0,2445.0,1069.0,544.0,5938.0,4162.0,1467.0,4960.0,607.0,3452.0,96.0
2026-07-31T05:00Z,220.0,317.0,380.0,15791.0,17816.0,3274.0,81.0,17660.0,2511.0,7883.0,21973.0,2462.0,12018.0,5417.0,2290.0,1100.0,1152.0,577.0,2891.0,793.0,1470.0,1671.0,2409.0,13314.0,5261.0,10698.0,21273.0,11432.0,25720.0,1646.0,1089.0,1619.0,564.0,799.0,1299.0,1097.0,255.0,662.0,5880.0,2404.0,1312.0,16579.0,5058.0,7726.0,3383.0,12569.0,1998.0,3038.0,16290.0,1962.0,1379.0,1510.0,2548.0,1670.0,4293.0,3011.0,4470.0,1710.0,5131.0,170.0,2.0,21.0,71.0,3.0,61.0,34.0,83.0,1846.0,340.0,7508.0,786.0,1437.0,139.0,307.0,2433.0,546.0,1229.0,2592.0,6146.0,2223.0,1031.0,507.0,5737.0,4048.0,1387.0,4669.0,550.0,3220.0,92.0
2026-07-31T06:00Z,211.0,292.0,366.0,14594.0,16676.0,3027.0,55.0,16710.0,2330.0,7818.0,20561.0,2346.0,11111.0,5127.0,2201.0,1054.0,1096.0,541.0,2717.0,763.0,1396.0,1590.0,2311.0,12588.0,4927.0,10092.0,20729.0,11147.0,24509.0,1584.0,1036.0,1544.0,557.0,766.0,1253.0,1030.0,239.0,624.0,5625.0,2241.0,1223.0,15837.0,4814.0,7354.0,3191.0,11765.0,1873.0,2835.0,15628.0,1841.0,1295.0,1392.0,2350.0,1589.0,4072.0,2837.0,4285.0,1659.0,4830.0,159.0,2.0,18.0,74.0,2.0,60.0,31.0,80.0,1700.0,319.0,7043.0,741.0,1400.0,130.0,300.0,2320.0,504.0,1180.0,2462.0,5839.0,2091.0,977.0,474.0,5549.0,3910.0,1317.0,4441.0,493.0,2998.0,84.0
2026-07-31T07:00Z,202.0,272.0,359.0,13550.0,15476.0,2809.0,40.0,15931.0,2197.0,7743.0,19471.0,2295.0,10422.0,4911.0,2116.0,1034.0,1062.0,525.0,2631.0,739.0,1347.0,1544.0,2256.0,12007.0,4709.0,9716.0,20204.0,10845.0,23563.0,1528.0,995.0,1507.0,551.0,735.0,1216.0,986.0,226.0,591.0,5417.0,2123.0,1167.0,15311.0,4658.0,7013.0,3058.0,11172.0,1793.0,2703.0,15179.0,1762.0,1259.0,1317.0,2238.0,1547.0,3932.0,2711.0,4153.0,1611.0,4611.0,151.0,2.0,17.0,71.0,2.0,59.0,29.0,80.0,1573.0,298.0,6654.0,703.0,1373.0,123.0,286.0,2227.0,467.0,1135.0,2381.0,5548.0,2002.0,929.0,450.0,5374.0,3828.0,1262.0,4234.0,446.0,2846.0,79.0
2026-07-31T08:00Z,206.0,259.0,354.0,12927.0,14309.0,2882.0,24.0,15293.0,2086.0,7665.0,18548.0,2305.0,9875.0,4709.0,2023.0,1020.0,1043.0,526.0,2529.0,732.0,1326.0,1502.0,2220.0,11578.0,4544.0,9519.0,19554.0,10540.0,22849.0,1507.0,972.0,1485.0,552.0,716.0,1193.0,958.0,219.0,572.0,5296.0,2045.0,1134.0,15132.0,4569.0,6897.0,2988.0,10677.0,1737.0,2607.0,14887.0,1717.0,1230.0,1280.0,2169.0,1517.0,3843.0,2620.0,4048.0,1594.0,4466.0,146.0,2.0,15.0,72.0,2.0,58.0,27.0,77.0,1494.0,282.0,6379.0,675.0,1355.0,119.0,287.0,2171.0,458.0,1107.0,2332.0,5376.0,1964.0,897.0,431.0,5246.0,3789.0,1221.0,4044.0,410.0,2727.0,79.0
2026-07-31T09:00Z,204.0,252.0,351.0,12214.0,13398.0,2718.0,26.0,14892.0,2044.0,7572.0,17963.0,2289.0,9539.0,4572.0,2011.0,1041.0,1062.0,526.0,2533.0,740.0,1336.0,1520.0,2234.0,11282.0,4459.0,9311.0,19275.0,10395.0,22405.0,1505.0,968.0,1493.0,555.0,718.0,1197.0,950.0,216.0,569.0,5272.0,2032.0,1131.0,15158.0,4561.0,6866.0,2978.0,10356.0,1725.0,2562.0,14831.0,1715.0,1229.0,1278.0,2149.0,1514.0,3812.0,2614.0,4055.0,1601.0,4449.0,145.0,3.0,15.0,71.0,2.0,58.0,26.0,75.0,1410.0,267.0,6172.0,660.0,1334.0,116.0,268.0,2090.0,448.0,1067.0,2289.0,5256.0,1937.0,882.0,421.0,5167.0,3779.0,1189.0,3881.0,382.0,2635.0,79.0
2026-07-31T10:00Z,208.0,249.0,348.0,11709.0,12987.0,2571.0,25.0,14795.0,1991.0,7520.0,17660.0,2045.0,9384.0,4522.0,1983.0,1095.0,1111.0,556.0,2657.0,795.0,1413.0,1564.0,2333.0,11205.0,4395.0,9464.0,19122.0,10355.0,22353.0,1539.0,987.0,1542.0,557.0,742.0,1236.0,962.0,218.0,585.0,5440.0,2078.0,1156.0,15453.0,4661.0,7038.0,3067.0,10313.0,1775.0,2608.0,15083.0,1775.0,1248.0,1303.0,2201.0,1568.0,3957.0,2763.0,4201.0,1694.0,4546.0,148.0,2.0,15.0,72.0,2.0,58.0,26.0,73.0,1342.0,263.0,6068.0,653.0,1325.0,106.0,251.0,1978.0,451.0,1028.0,2309.0,5166.0,1933.0,883.0,419.0,5115.0,3799.0,1174.0,3825.0,363.0,2539.0,78.0
2026-07-31T11:00Z,212.0,251.0,348.0,11389.0,12513.0,2434.0,26.0,14935.0,2020.0,7528.0,17636.0,1889.0,9350.0,4559.0,1978.0,1152.0,1194.0,581.0,2823.0,789.0,1471.0,1661.0,2499.0,11501.0,4478.0,9775.0,19013.0,10591.0,22227.0,1582.0,1016.0,1596.0,561.0,771.0,1269.0,990.0,229.0,625.0,5829.0,2175.0,1194.0,15787.0,4844.0,7287.0,3189.0,10610.0,1870.0,2740.0,15433.0,1853.0,1274.0,1310.0,2301.0,1644.0,4123.0,2961.0,4477.0,1768.0,4676.0,155.0,2.0,15.0,71.0,2.0,58.0,26.0,73.0,1312.0,263.0,6090.0,668.0,1315.0,106.0,259.0,1975.0,460.0,1026.0,2322.0,5150.0,1969.0,893.0,421.0,5100.0,3857.0,1164.0,3893.0,355.0,2664.0,78.0
2026-07-31T12:00Z,211.0,259.0,350.0,11355.0,12430.0,2379.0,28.0,15014.0,2052.0,7510.0,17791.0,1827.0,9539.0,4635.0,1952.0,1156.0,1287.0,591.0,2995.0,865.0,1579.0,1748.0,2691.0,12040.0,4561.0,10099.0,19463.0,10922.0,22415.0,1628.0,1012.0,1552.0,553.0,748.0,1286.0,1033.0,240.0,676.0,6306.0,2338.0,1260.0,16286.0,5044.0,7683.0,3358.0,11093.0,1981.0,2879.0,15923.0,1934.0,1343.0,1362.0,2434.0,1747.0,4437.0,3131.0,4723.0,1868.0,4908.0,168.0,2.0,16.0,72.0,2.0,59.0,27.0,73.0,1317.0,267.0,6197.0,689.0,1325.0,108.0,266.0,2062.0,489.0,1052.0,2376.0,5190.0,2033.0,918.0,432.0,5110.0,3951.0,1173.0,4035.0,359.0,2719.0,78.0
2026-07-31T13:00Z,197.0,277.0,353.0,11615.0,12199.0,2408.0,27.0,15167.0,2044.0,7455.0,17976.0,1811.0,9646.0,4658.0,1928.0,1152.0,1350.0,560.0,3105.0,881.0,1644.0,1785.0,2831.0,12508.0,4708.0,10598.0,20654.0,11044.0,22783.0,1641.0,963.0,1405.0,539.0,674.0,1239.0,1043.0,260.0,714.0,6661.0,2485.0,1324.0,16984.0,5282.0,8098.0,3556.0,11773.0,2110.0,3069.0,16499.0,2067.0,1426.0,1350.0,2570.0,1735.0,4800.0,3291.0,4891.0,1989.0,5059.0,186.0,2.0,15.0,71.0,2.0,60.0,27.0,74.0,1309.0,270.0,6345.0,714.0,1332.0,111.0,281.0,2126.0,515.0,1078.0,2447.0,5256.0,2105.0,960.0,449.0,5125.0,4052.0,1185.0,4194.0,369.0,2771.0,78.0
2026-07-31T14:00Z,204.0,304.0,350.0,12019.0,12601.0,2440.0,58.0,16107.0,2084.0,7507.0,18972.0,1871.0,9952.0,4836.0,2061.0,1101.0,1392.0,499.0,3169.0,934.0,1692.0,1766.0,2942.0,12781.0,4899.0,11242.0,21915.0,11323.0,23759.0,1679.0,958.0,1298.0,521.0,622.0,1172.0,1006.0,278.0,747.0,6955.0,2620.0,1358.0,17657.0,5547.0,8622.0,3738.0,12545.0,2269.0,3306.0,17256.0,2172.0,1507.0,1388.0,2750.0,1946.0,5091.0,3427.0,5026.0,2041.0,5185.0,201.0,2.0,16.0,72.0,2.0,62.0,24.0,74.0,1359.0,281.0,6629.0,740.0,1346.0,117.0,298.0,2249.0,533.0,1139.0,2499.0,5416.0,2181.0,1024.0,466.0,5199.0,4166.0,1223.0,4464.0,395.0,2860.0,82.0
2026-07-31T15:00Z,222.0,327.0,345.0,12379.0,15454.0,3523.0,161.0,17418.0,2303.0,7681.0,20336.0,2075.0,10579.0,5187.0,2168.0,1091.0,1440.0,408.0,3297.0,960.0,1743.0,1813.0,3024.0,12990.0,5096.0,11851.0,23039.0,11571.0,25288.0,1728.0,990.0,1278.0,527.0,581.0,1188.0,1051.0,301.0,777.0,7172.0,2788.0,1389.0,18730.0,5855.0,9203.0,3963.0,13227.0,2429.0,3609.0,18078.0,2319.0,1582.0,1512.0,2962.0,2031.0,5375.0,3594.0,5243.0,2132.0,5398.0,218.0,2.0,19.0,72.0,2.0,64.0,18.0,77.0,1443.0,298.0,7008.0,763.0,1366.0,130.0,316.0,2435.0,568.0,1226.0,2537.0,5655.0,2271.0,1045.0,477.0,5335.0,4260.0,1285.0,4795.0,423.0,2834.0,86.0
2026-07-31T16:00Z,230.0,349.0,352.0,12508.0,19349.0,3698.0,248.0,18559.0,2417.0,7787.0,21947.0,2169.0,11320.0,5547.0,2277.0,1105.0,1477.0,363.0,3490.0,1006.0,1818.0,1894.0,3092.0,13143.0,5237.0,12543.0,24082.0,11770.0,27032.0,1789.0,1031.0,1359.0,525.0,595.0,1200.0,1144.0,316.0,807.0,7395.0,3034.0,1465.0,19501.0,6149.0,9749.0,4204.0,14027.0,2565.0,3823.0,18967.0,2489.0,1667.0,1707.0,3270.0,2152.0,5666.0,3806.0,5481.0,2154.0,5736.0,235.0,2.0,22.0,73.0,2.0,66.0,17.0,78.0,1513.0,320.0,7499.0,802.0,1408.0,152.0,334.0,2656.0,591.0,1344.0,2602.0,5928.0,2336.0,1056.0,488.0,5449.0,4339.0,1361.0,5081.0,453.0,2968.0,92.0
2026-07-31T17:00Z,229.0,371.0,361.0,12170.0,20087.0,3670.0,247.0,19659.0,2529.0,7900.0,23678.0,2298.0,12106.0,5908.0,2378.0,1145.0,1510.0,364.0,3698.0,1081.0,1869.0,2014.0,3126.0,13173.0,5317.0,13064.0,25101.0,11984.0,28441.0,1856.0,1084.0,1483.0,525.0,632.0,1262.0,1231.0,341.0,851.0,7600.0,3257.0,1569.0,20346.0,6440.0,10346.0,4378.0,14274.0,2710.0,4024.0,19681.0,2609.0,1732.0,1840.0,3550.0,2226.0,5916.0,3908.0,5649.0,2227.0,6136.0,255.0,2.0,24.0,72.0,3.0,68.0,19.0,79.0,1624.0,339.0,8049.0,867.0,1456.0,170.0,355.0,2881.0,599.0,1462.0,2675.0,6344.0,2384.0,1082.0,545.0,5605.0,4445.0,1436.0,5301.0,488.0,3118.0,95.0
2026-07-31T18:00Z,232.0,393.0,379.0,12025.0,20564.0,3751.0,246.0,20668.0,2703.0,8074.0,25296.0,2437.0,12887.0,6311.0,2489.0,1181.0,1541.0,374.0,3901.0,1133.0,1950.0,2020.0,3218.0,13107.0,5338.0,13436.0,25856.0,12178.0,29835.0,1931.0,1153.0,1558.0,525.0,669.0,1320.0,1337.0,360.0,888.0,7749.0,3463.0,1644.0,21318.0,6697.0,10850.0,4521.0,14185.0,2825.0,4171.0,20264.0,2703.0,1824.0,1996.0,3814.0,2299.0,6120.0,3996.0,5846.0,2294.0,6513.0,263.0,3.0,26.0,71.0,3.0,70.0,22.0,81.0,1735.0,358.0,8680.0,937.0,1499.0,190.0,369.0,3031.0,625.0,1600.0,2742.0,6723.0,2426.0,1101.0,595.0,5796.0,4529.0,1531.0,5509.0,527.0,3276.0,97.0
2026-07-31T19:00Z,244.0,411.0,398.0,11719.0,20717.0,3329.0,234.0,21558.0,2854.0,8161.0,26697.0,2562.0,13632.0,6509.0,2582.0,1212.0,1564.0,393.0,4002.0,1159.0,2065.0,2061.0,3287.0,12991.0,5370.0,13515.0,26261.0,12470.0,31074.0,1998.0,1203.0,1599.0,530.0,682.0,1330.0,1456.0,383.0,890.0,7907.0,3627.0,1740.0,21734.0,6947.0,11242.0,4672.0,14054.0,2882.0,4276.0,20765.0,2808.0,1900.0,2139.0,4052.0,2356.0,6272.0,4125.0,5986.0,2314.0,6767.0,273.0,2.0,28.0,72.0,3.0,71.0,27.0,85.0,1870.0,378.0,9257.0,1004.0,1548.0,198.0,381.0,3154.0,614.0,1670.0,2759.0,7022.0,2433.0,1122.0,652.0,5974.0,4552.0,1612.0,5704.0,571.0,3417.0,101.0
2026-07-31T20:00Z,245.0,424.0,404.0,11761.0,20344.0,3221.0,193.0,22199.0,3001.0,8181.0,27951.0,2651.0,14280.0,6711.0,2657.0,1247.0,1618.0,443.0,4089.0,1149.0,2142.0,2083.0,3281.0,12880.0,5272.0,13417.0,26217.0,12665.0,31731.0,2038.0,1251.0,1632.0,529.0,711.0,1390.0,1482.0,414.0,923.0,7903.0,3703.0,1858.0,22188.0,7154.0,11389.0,4833.0,13804.0,2917.0,4319.0,21269.0,2904.0,1990.0,2214.0,4268.0,2404.0,6425.0,4286.0,6095.0,2334.0,7000.0,290.0,2.0,29.0,72.0,3.0,72.0,27.0,87.0,1995.0,391.0,9696.0,1046.0,1569.0,207.0,379.0,3238.0,598.0,1710.0,2778.0,7290.0,2415.0,1140.0,694.0,6141.0,4560.0,1666.0,5774.0,599.0,3515.0,102.0
2026-07-31T21:00Z,238.0,430.0,410.0,11887.0,20513.0,2817.0,170.0,22696.0,3014.0,8123.0,28720.0,2612.0,14835.0,6763.0,2773.0,1349.0,1686.0,520.0,4341.0,1186.0,2227.0,2196.0,3322.0,12848.0,5345.0,13275.0,25991.0,12746.0,32081.0,2092.0,1310.0,1691.0,531.0,761.0,1499.0,1532.0,420.0,968.0,7975.0,3791.0,1994.0,22228.0,7391.0,11341.0,4991.0,13451.0,2916.0,4319.0,21772.0,3011.0,2071.0,2264.0,4487.0,2447.0,6595.0,4447.0,6245.0,2352.0,7322.0,304.0,2.0,31.0,71.0,4.0,72.0,24.0,91.0,2108.0,396.0,10015.0,1081.0,1601.0,210.0,379.0,3238.0,612.0,1743.0,2801.0,7565.0,2376.0,1154.0,721.0,6260.0,4588.0,1710.0,5831.0,622.0,3540.0,105.0
2026-07-31T22:00Z,228.0,439.0,415.0,12578.0,21265.0,2858.0,162.0,22766.0,3096.0,7940.0,28784.0,2555.0,15153.0,6873.0,2634.0,1424.0,1758.0,619.0,4525.0,1171.0,2268.0,2313.0,3417.0,12826.0,5406.0,13036.0,25521.0,12654.0,32125.0,2147.0,1352.0,1797.0,556.0,835.0,1596.0,1586.0,418.0,1001.0,8041.0,3909.0,2127.0,22231.0,7528.0,11426.0,5094.0,13139.0,2877.0,4230.0,21955.0,3101.0,2115.0,2230.0,4664.0,2496.0,6672.0,4549.0,6338.0,2359.0,7553.0,290.0,2.0,31.0,72.0,4.0,71.0,31.0,91.0,2185.0,409.0,10123.0,1108.0,1598.0,208.0,370.0,3189.0,616.0,1712.0,2821.0,7660.0,2367.0,1156.0,734.0,6331.0,4595.0,1717.0,5836.0,640.0,3547.0,104.0
2026-07-31T23:00Z,224.0,438.0,419.0,13751.0,22164.0,2950.0,161.0,22579.0,3112.0,7922.0,28455.0,2512.0,15271.0,6924.0,2753.0,1531.0,1758.0,698.0,4472.0,1185.0,2274.0,2302.0,3343.0,12769.0,5450.0,12656.0,24805.0,12435.0,31948.0,2200.0,1424.0,1972.0,575.0,956.0,1676.0,1692.0,409.0,976.0,7749.0,3906.0,2177.0,21895.0,7455.0,11035.0,5052.0,12833.0,2793.0,4086.0,21686.0,3136.0,2052.0,2176.0,4623.0,2481.0,6550.0,4471.0,6340.0,2317.0,7591.0,281.0,2.0,31.0,71.0,4.0,71.0,22.0,93.0,2244.0,414.0,10065.0,1107.0,1602.0,206.0,358.0,3128.0,611.0,1679.0,2813.0,7620.0,2358.0,1137.0,722.0,6349.0,4571.0,1725.0,5755.0,664.0,3603.0,105.0
