period,BHBA_BASI,BHBA_SDE,BHBA_WYE,CISO_PGAE,CISO_SCE,CISO_SDGE,CISO_VEA,ERCO_COAS,ERCO_EAST,ERCO_FWES,ERCO_NCEN,ERCO_NRTH,ERCO_SCEN,ERCO_SOUT,ERCO_WEST,ISNE_4001,ISNE_4002,ISNE_4003,ISNE_4004,ISNE_4005,ISNE_4006,ISNE_4007,ISNE_4008,MISO_0001,MISO_0004,MISO_0006,MISO_0027,MISO_0035,MISO_8910,NYIS_ZONA,NYIS_ZONB,NYIS_ZONC,NYIS_ZOND,NYIS_ZONE,NYIS_ZONF,NYIS_ZONG,NYIS_ZONH,NYIS_ZONI,NYIS_ZONJ,NYIS_ZONK,PJM_AE,PJM_AEP,PJM_AP,PJM_ATSI,PJM_BC,PJM_CE,PJM_DAY,PJM_DEOK,PJM_DOM,PJM_DPL,PJM_DUQ,PJM_EKPC,PJM_JC,PJM_ME,PJM_PE,PJM_PEP,PJM_PL,PJM_PN,PJM_PS,PJM_RECO,PNM_ACMA,PNM_CYGA,PNM_Frep,PNM_Jica,PNM_KAFB,PNM_KCEC,PNM_LAC,PNM_PNM,PNM_TSGT,SWPP_CSWS,SWPP_EDE,SWPP_GRDA,SWPP_INDN,SWPP_KACY,SWPP_KCPL,SWPP_LES,SWPP_MPS,SWPP_NPPD,SWPP_OKGE,SWPP_OPPD,SWPP_SECI,SWPP_SPRM,SWPP_SPS,SWPP_WAUE,SWPP_WFEC,SWPP_WR,SWPW_PRPA,SWPW_WACM,SWPW_WAUW
2026-08-01T00:00Z,229.0,433.0,422.0,14809.0,22012.0,3154.0,165.0,21973.0,3038.0,8002.0,27997.0,2588.0,15309.0,6807.0,2759.0,1543.0,1709.0,736.0,4363.0,1151.0,2215.0,2265.0,3275.0,12708.0,5485.0,12278.0,24153.0,12160.0,31094.0,2228.0,1485.0,2153.0,607.0,1091.0,1724.0,1692.0,401.0,953.0,7484.0,3739.0,2115.0,21149.0,7183.0,10603.0,4899.0,12555.0,2695.0,3939.0,21184.0,3082.0,1989.0,2084.0,4446.0,2389.0,6244.0,4315.0,6207.0,2229.0,7412.0,266.0,2.0,31.0,71.0,4.0,70.0,9.0,92.0,2256.0,413.0,9816.0,1076.0,1596.0,197.0,341.0,2958.0,602.0,1590.0,2790.0,7506.0,2322.0,1121.0,696.0,6305.0,4513.0,1740.0,5595.0,663.0,3653.0,105.0
2026-08-01T01:00Z,218.0,422.0,418.0,15811.0,21610.0,3436.0,167.0,21239.0,2922.0,7811.0,27092.0,2535.0,14979.0,6612.0,2721.0,1529.0,1660.0,731.0,4256.0,1138.0,2187.0,2256.0,3243.0,12536.0,5483.0,12018.0,23332.0,11840.0,30237.0,2157.0,1438.0,2128.0,608.0,1100.0,1720.0,1621.0,386.0,911.0,7358.0,3573.0,2000.0,20362.0,6785.0,10218.0,4699.0,12446.0,2587.0,3812.0,20325.0,2927.0,1883.0,1982.0,4145.0,2263.0,5937.0,4135.0,5923.0,2143.0,7164.0,252.0,2.0,30.0,70.0,3.0,66.0,19.0,89.0,2234.0,395.0,9379.0,1031.0,1555.0,182.0,325.0,2775.0,581.0,1494.0,2746.0,7269.0,2252.0,1091.0,672.0,6204.0,4409.0,1671.0,5362.0,656.0,3605.0,104.0
2026-08-01T02:00Z,215.0,403.0,402.0,16731.0,20879.0,3608.0,138.0,20377.0,2805.0,7755.0,25780.0,2382.0,14304.0,6435.0,2592.0,1457.0,1575.0,714.0,4045.0,1085.0,2088.0,2179.0,3151.0,12412.0,5411.0,11911.0,22878.0,11632.0,29450.0,2084.0,1369.0,2026.0,549.0,1029.0,1665.0,1522.0,362.0,872.0,7228.0,3404.0,1892.0,19762.0,6457.0,9919.0,4454.0,12462.0,2503.0,3733.0,19460.0,2759.0,1816.0,1916.0,3837.0,2139.0,5665.0,3936.0,5641.0,2074.0,6887.0,237.0,2.0,29.0,73.0,3.0,65.0,26.0,88.0,2179.0,381.0,8869.0,972.0,1516.0,167.0,311.0,2619.0,540.0,1407.0,2653.0,6923.0,2172.0,1058.0,643.0,6060.0,4308.0,1599.0,5033.0,636.0,3508.0,105.0
2026-08-01T03:00Z,224.0,378.0,388.0,16995.0,19899.0,3541.0,99.0,19620.0,2630.0,7905.0,24707.0,2360.0,13696.0,6213.0,2512.0,1350.0,1454.0,674.0,3723.0,986.0,1929.0,2038.0,3000.0,12240.0,5357.0,11500.0,21900.0,11379.0,28355.0,1974.0,1273.0,1889.0,570.0,946.0,1562.0,1408.0,336.0,826.0,6991.0,3200.0,1750.0,18792.0,5979.0,9347.0,4155.0,12322.0,2345.0,3555.0,18414.0,2534.0,1696.0,1783.0,3503.0,1974.0,5312.0,3674.0,5222.0,1929.0,6475.0,218.0,3.0,27.0,71.0,3.0,63.0,30.0,85.0,2101.0,368.0,8442.0,913.0,1472.0,153.0,296.0,2488.0,530.0,1325.0,2591.0,6615.0,2127.0,1028.0,604.0,5833.0,4178.0,1542.0,4760.0,597.0,3376.0,100.0
2026-08-01T04:00Z,229.0,355.0,385.0,16499.0,18926.0,3435.0,87.0,18614.0,2575.0,7846.0,23170.0,2230.0,12919.0,5939.0,2384.0,1230.0,1333.0,616.0,3396.0,919.0,1786.0,1886.0,2822.0,11799.0,5109.0,10817.0,20593.0,10919.0,27225.0,1850.0,1177.0,1756.0,576.0,868.0,1454.0,1293.0,304.0,775.0,6707.0,2964.0,1592.0,17747.0,5515.0,8670.0,3830.0,11705.0,2182.0,3325.0,17345.0,2303.0,1587.0,1603.0,3197.0,1806.0,4949.0,3419.0,4827.0,1806.0,6055.0,198.0,2.0,23.0,70.0,3.0,62.0,29.0,84.0,1974.0,351.0,7908.0,833.0,1425.0,138.0,275.0,2326.0,499.0,1214.0,2489.0,6225.0,2050.0,980.0,545.0,5611.0,4061.0,1461.0,4418.0,560.0,3259.0,96.0
2026-08-01T05:00Z,220.0,328.0,373.0,15796.0,18248.0,3374.0,76.0,17634.0,2491.0,7832.0,21801.0,2123.0,12056.0,5631.0,2154.0,1149.0,1235.0,590.0,3121.0,891.0,1639.0,1766.0,2681.0,11142.0,4837.0,10361.0,19737.0,10645.0,26060.0,1735.0,1094.0,1648.0,542.0,809.0,1360.0,1207.0,279.0,742.0,6419.0,2760.0,1454.0,16717.0,5141.0,8117.0,3534.0,11239.0,2034.0,3124.0,16445.0,2103.0,1480.0,1446.0,2887.0,1677.0,4628.0,3170.0,4499.0,1680.0,5663.0,182.0,2.0,22.0,73.0,3.0,60.0,32.0,80.0,1825.0,334.0,7387.0,758.0,1381.0,124.0,256.0,2164.0,461.0,1114.0,2367.0,5857.0,1947.0,923.0,493.0,5336.0,3940.0,1378.0,4073.0,508.0,3062.0,92.0
2026-08-01T06:00Z,220.0,302.0,362.0,14662.0,17103.0,3276.0,47.0,16735.0,2383.0,7822.0,20535.0,2062.0,11172.0,5370.0,2138.0,1097.0,1164.0,564.0,2919.0,833.0,1535.0,1667.0,2542.0,,,,,,,1655.0,1035.0,1575.0,543.0,760.0,1289.0,1125.0,260.0,693.0,6148.0,2586.0,1346.0,16020.0,4891.0,7739.0,3309.0,10750.0,1906.0,2954.0,15698.0,1952.0,1425.0,1278.0,2681.0,1581.0,4364.0,2966.0,4276.0,1606.0,5321.0,170.0,2.0,19.0,70.0,2.0,59.0,30.0,80.0,1647.0,314.0,6916.0,688.0,1330.0,119.0,250.0,1991.0,424.0,1042.0,2282.0,5527.0,1853.0,855.0,449.0,5089.0,3822.0,1299.0,3805.0,457.0,2873.0,87.0
2026-08-01T07:00Z,214.0,281.0,351.0,13620.0,15868.0,2970.0,31.0,15965.0,2272.0,7770.0,19497.0,1963.0,10431.0,5109.0,2096.0,1063.0,1116.0,540.0,2775.0,806.0,1467.0,1597.0,2450.0,,,,,,,1591.0,995.0,1521.0,561.0,729.0,1251.0,1065.0,247.0,655.0,5928.0,2450.0,1271.0,15526.0,4715.0,7424.0,3128.0,10421.0,1820.0,2818.0,15129.0,1849.0,1371.0,1202.0,2494.0,1511.0,4171.0,2794.0,4100.0,1554.0,5055.0,161.0,2.0,17.0,69.0,2.0,58.0,28.0,78.0,1529.0,296.0,6517.0,630.0,1280.0,110.0,242.0,1881.0,404.0,984.0,2218.0,5228.0,1795.0,814.0,403.0,4973.0,3733.0,1248.0,3591.0,413.0,2718.0,84.0
2026-08-01T08:00Z,207.0,267.0,346.0,13052.0,14593.0,3023.0,30.0,15365.0,2184.0,7660.0,18637.0,1849.0,9833.0,4835.0,2021.0,1044.0,1084.0,523.0,2663.0,818.0,1421.0,1555.0,2389.0,,,,,,,1557.0,966.0,1481.0,554.0,708.0,1216.0,1026.0,236.0,627.0,5757.0,2366.0,1219.0,15204.0,4589.0,7222.0,3013.0,10110.0,1759.0,2734.0,14771.0,1778.0,1317.0,1157.0,2344.0,1466.0,4031.0,2682.0,3981.0,1523.0,4849.0,154.0,2.0,16.0,73.0,2.0,57.0,26.0,76.0,1436.0,282.0,6186.0,591.0,1244.0,104.0,225.0,1789.0,395.0,935.0,2162.0,4950.0,1763.0,790.0,371.0,4886.0,3686.0,1194.0,3428.0,380.0,2614.0,80.0
2026-08-01T09:00Z,206.0,257.0,342.0,12323.0,13894.0,2860.0,27.0,14938.0,2105.0,7635.0,17932.0,1782.0,9415.0,4659.0,2004.0,1047.0,1076.0,519.0,2624.0,768.0,1406.0,1547.0,2349.0,,,,,,,1537.0,950.0,1465.0,553.0,696.0,1207.0,1000.0,230.0,614.0,5644.0,2317.0,1189.0,14998.0,4535.0,7115.0,2945.0,9906.0,1727.0,2683.0,14560.0,1742.0,1303.0,1145.0,2295.0,1441.0,3948.0,2618.0,3924.0,1515.0,4726.0,151.0,2.0,16.0,71.0,2.0,57.0,26.0,75.0,1364.0,275.0,5918.0,566.0,1224.0,100.0,216.0,1729.0,384.0,899.0,2113.0,4726.0,1740.0,778.0,354.0,4859.0,3653.0,1149.0,3329.0,357.0,2530.0,78.0
2026-08-01T10:00Z,209.0,251.0,339.0,11731.0,12877.0,2643.0,25.0,14651.0,2077.0,7654.0,17496.0,1763.0,9117.0,4634.0,2003.0,1047.0,1085.0,528.0,2651.0,819.0,1432.0,1538.0,2361.0,,,,,,,1537.0,948.0,1476.0,538.0,699.0,1204.0,986.0,225.0,605.0,5611.0,2290.0,1181.0,15140.0,4544.0,7121.0,2933.0,9873.0,1729.0,2681.0,14509.0,1737.0,1307.0,1189.0,2296.0,1438.0,3933.0,2605.0,3940.0,1536.0,4662.0,149.0,2.0,15.0,71.0,2.0,56.0,25.0,75.0,1317.0,265.0,5748.0,547.0,1208.0,98.0,210.0,1701.0,378.0,884.0,2083.0,4559.0,1739.0,765.0,344.0,4797.0,3634.0,1119.0,3283.0,343.0,2597.0,76.0
2026-08-01T11:00Z,207.0,248.0,339.0,11402.0,12093.0,2483.0,25.0,14556.0,2046.0,7530.0,17257.0,1750.0,8994.0,4675.0,1959.0,1069.0,1121.0,521.0,2652.0,815.0,1454.0,1553.0,2425.0,,,,,,,1526.0,941.0,1459.0,529.0,683.0,1178.0,979.0,230.0,613.0,5695.0,2296.0,1178.0,15222.0,4580.0,7132.0,2932.0,9995.0,1752.0,2705.0,14553.0,1740.0,1319.0,1307.0,2287.0,1452.0,3956.0,2665.0,3993.0,1552.0,4607.0,149.0,2.0,14.0,72.0,2.0,56.0,25.0,74.0,1290.0,262.0,5630.0,545.0,1204.0,98.0,207.0,1700.0,383.0,883.0,2103.0,4433.0,1744.0,763.0,339.0,4737.0,3634.0,1095.0,3262.0,335.0,2563.0,75.0
2026-08-01T12:00Z,211.0,250.0,340.0,11023.0,11860.0,2478.0,28.0,14508.0,2010.0,7398.0,17193.0,1758.0,9017.0,4659.0,1957.0,1061.0,1197.0,490.0,2799.0,846.0,1532.0,1600.0,2558.0,,,,,,,1534.0,908.0,1412.0,525.0,647.0,1152.0,989.0,242.0,644.0,5951.0,2409.0,1232.0,15411.0,4688.0,7105.0,3017.0,10160.0,1782.0,2775.0,14917.0,1820.0,1325.0,1377.0,2365.0,1517.0,4193.0,2770.0,4137.0,1605.0,4712.0,158.0,3.0,14.0,69.0,2.0,55.0,25.0,73.0,1272.0,269.0,5521.0,542.0,1188.0,99.0,204.0,1713.0,394.0,885.0,2095.0,4336.0,1750.0,776.0,339.0,4730.0,3651.0,1076.0,3247.0,334.0,2563.0,76.0
2026-08-01T13:00Z,195.0,260.0,340.0,11115.0,11790.0,2354.0,30.0,14654.0,1964.0,7198.0,17216.0,1751.0,9069.0,4614.0,1935.0,1027.0,1284.0,422.0,2942.0,897.0,1637.0,1653.0,2723.0,,,,,,,1574.0,982.0,1320.0,509.0,612.0,1117.0,990.0,260.0,692.0,6286.0,2602.0,1327.0,15958.0,4930.0,7472.0,3211.0,10453.0,1863.0,2900.0,15643.0,1984.0,1391.0,1402.0,2612.0,1624.0,4565.0,2948.0,4411.0,1683.0,4919.0,173.0,2.0,15.0,68.0,2.0,55.0,25.0,71.0,1245.0,266.0,5566.0,552.0,1198.0,101.0,206.0,1754.0,406.0,903.0,2126.0,4328.0,1804.0,774.0,341.0,4741.0,3721.0,1095.0,3284.0,334.0,2565.0,75.0
2026-08-01T14:00Z,203.0,284.0,344.0,11122.0,11695.0,2355.0,59.0,15571.0,1938.0,7312.0,18046.0,1837.0,9477.0,4774.0,1961.0,994.0,1357.0,333.0,3082.0,952.0,1746.0,1679.0,2865.0,,,,,,,1619.0,977.0,1292.0,529.0,625.0,1102.0,1018.0,285.0,741.0,6630.0,2834.0,1425.0,16583.0,5212.0,8044.0,3471.0,10651.0,1954.0,3003.0,16535.0,2163.0,1437.0,1502.0,2864.0,1762.0,4956.0,3143.0,4667.0,1757.0,5214.0,193.0,2.0,16.0,70.0,2.0,55.0,10.0,72.0,1249.0,271.0,5875.0,584.0,1224.0,107.0,213.0,1835.0,441.0,947.0,2198.0,4528.0,1903.0,796.0,353.0,4819.0,3833.0,1168.0,3437.0,347.0,2557.0,75.0
2026-08-01T15:00Z,218.0,316.0,352.0,11248.0,13792.0,3236.0,171.0,16639.0,2102.0,7485.0,19161.0,1945.0,10234.0,5151.0,2066.0,993.0,1426.0,283.0,3286.0,1027.0,1857.0,1731.0,2993.0,,,,,,,1700.0,1005.0,1360.0,552.0,592.0,1104.0,1060.0,313.0,782.0,6939.0,3095.0,1513.0,17085.0,5466.0,8392.0,3793.0,10966.0,1999.0,3090.0,17624.0,2331.0,1502.0,1618.0,3126.0,1890.0,5333.0,3347.0,4968.0,1839.0,5555.0,215.0,2.0,17.0,43.0,2.0,56.0,1.0,73.0,1322.0,285.0,6262.0,599.0,1252.0,112.0,220.0,1897.0,471.0,985.0,2298.0,4776.0,2022.0,826.0,363.0,4995.0,3970.0,1239.0,3638.0,368.0,2514.0,77.0
2026-08-01T16:00Z,220.0,349.0,361.0,11206.0,17682.0,3829.0,259.0,17823.0,2254.0,7639.0,20196.0,2005.0,11065.0,5433.0,2191.0,1040.0,1502.0,309.0,3549.0,1105.0,1978.0,1834.0,3136.0,,,,,,,1693.0,1100.0,1406.0,546.0,606.0,1102.0,1156.0,345.0,837.0,7195.0,3325.0,1571.0,17486.0,5761.0,8871.0,4182.0,11186.0,2014.0,3207.0,18629.0,2489.0,1585.0,1709.0,3455.0,2014.0,5673.0,3628.0,5274.0,1881.0,5874.0,237.0,2.0,20.0,39.0,2.0,57.0,,74.0,1368.0,307.0,6672.0,610.0,1276.0,117.0,228.0,1960.0,511.0,1031.0,2412.0,5019.0,2132.0,858.0,371.0,5165.0,4127.0,1287.0,3836.0,391.0,2617.0,80.0
2026-08-01T17:00Z,229.0,383.0,369.0,11334.0,18708.0,3779.0,257.0,19001.0,2437.0,7821.0,21248.0,2106.0,11944.0,5857.0,2310.0,1085.0,1584.0,319.0,3818.0,1165.0,2129.0,1960.0,3289.0,,,,,,,1765.0,1117.0,1526.0,532.0,669.0,1124.0,1249.0,365.0,876.0,7321.0,3527.0,1657.0,17848.0,6069.0,9018.0,4431.0,11435.0,2053.0,3337.0,19387.0,2663.0,1683.0,1756.0,3717.0,2089.0,5947.0,3853.0,5445.0,1941.0,6175.0,258.0,2.0,23.0,35.0,3.0,58.0,,76.0,1453.0,323.0,7121.0,622.0,1317.0,122.0,237.0,2041.0,542.0,1061.0,2510.0,5243.0,2246.0,888.0,374.0,5344.0,4255.0,1344.0,4038.0,425.0,2755.0,86.0
2026-08-01T18:00Z,230.0,416.0,378.0,10823.0,19017.0,3719.0,247.0,19997.0,2549.0,7965.0,22257.0,2128.0,12673.0,6225.0,2368.0,1113.0,1664.0,328.0,3994.0,1211.0,2250.0,2040.0,3448.0,,,,,,,1860.0,1132.0,1557.0,545.0,691.0,1194.0,1342.0,384.0,912.0,7408.0,3607.0,1749.0,18073.0,6376.0,9130.0,4492.0,11536.0,2107.0,3510.0,20006.0,2811.0,1801.0,1857.0,3990.0,2146.0,6130.0,3905.0,5592.0,1997.0,6458.0,272.0,2.0,26.0,35.0,3.0,59.0,,77.0,1538.0,338.0,7536.0,630.0,1343.0,124.0,254.0,2155.0,568.0,1080.0,2587.0,5512.0,2344.0,914.0,376.0,5502.0,4362.0,1396.0,4228.0,469.0,2906.0,90.0
2026-08-01T19:00Z,233.0,439.0,384.0,10661.0,19875.0,3077.0,243.0,20803.0,2664.0,7810.0,23299.0,2025.0,13224.0,6582.0,2430.0,1159.0,1698.0,396.0,4113.0,1231.0,2355.0,2099.0,3524.0,,,,,,,1921.0,1167.0,1620.0,548.0,690.0,1348.0,1438.0,405.0,914.0,7512.0,3724.0,1848.0,18342.0,6528.0,9122.0,4573.0,11595.0,2178.0,3712.0,20407.0,2903.0,1833.0,1875.0,4170.0,2195.0,6271.0,3964.0,5725.0,2051.0,6740.0,284.0,2.0,26.0,38.0,3.0,60.0,3.0,79.0,1637.0,352.0,7900.0,643.0,1369.0,133.0,265.0,2245.0,591.0,1152.0,2649.0,5769.0,2425.0,950.0,376.0,5670.0,4423.0,1437.0,4394.0,515.0,3071.0,93.0
2026-08-01T20:00Z,234.0,461.0,394.0,10923.0,19686.0,3139.0,187.0,21284.0,2726.0,7775.0,24143.0,2119.0,13713.0,6751.0,2370.0,1225.0,1738.0,442.0,4331.0,1266.0,2421.0,2184.0,3545.0,,,,,,,2016.0,1233.0,1712.0,542.0,726.0,1479.0,1535.0,435.0,929.0,7569.0,3831.0,1945.0,18676.0,6613.0,9104.0,4671.0,11581.0,2265.0,3845.0,20671.0,3018.0,1845.0,1767.0,4336.0,2209.0,6350.0,4102.0,5792.0,2071.0,6957.0,292.0,2.0,28.0,36.0,3.0,62.0,4.0,81.0,1752.0,365.0,8162.0,645.0,1380.0,142.0,272.0,2319.0,599.0,1193.0,2715.0,5968.0,2486.0,985.0,374.0,5815.0,4496.0,1477.0,4572.0,562.0,3231.0,98.0
2026-08-01T21:00Z,237.0,479.0,401.0,11175.0,19876.0,2917.0,163.0,21508.0,2762.0,7782.0,24899.0,2182.0,13983.0,6910.0,2407.0,1341.0,1812.0,495.0,4567.0,1291.0,2514.0,2306.0,3653.0,,,,,,,2119.0,1336.0,1804.0,556.0,782.0,1552.0,1617.0,440.0,953.0,7616.0,3888.0,2036.0,19134.0,6689.0,9291.0,4813.0,11443.0,2346.0,3827.0,20805.0,3050.0,1850.0,1763.0,4487.0,2242.0,6309.0,4220.0,5879.0,2086.0,7243.0,295.0,3.0,28.0,36.0,3.0,63.0,5.0,77.0,1854.0,374.0,8355.0,644.0,1393.0,150.0,282.0,2410.0,616.0,1247.0,2750.0,6139.0,2546.0,1011.0,373.0,5906.0,4555.0,1514.0,4729.0,599.0,3365.0,102.0
2026-08-01T22:00Z,243.0,493.0,406.0,11958.0,19951.0,2637.0,160.0,21233.0,2737.0,7723.0,25358.0,2223.0,14025.0,6932.0,2437.0,1490.0,1858.0,582.0,4696.0,1339.0,2602.0,2424.0,3760.0,,,,,,,2183.0,1418.0,1964.0,561.0,877.0,1707.0,1703.0,424.0,968.0,7553.0,3942.0,2098.0,19144.0,6720.0,9355.0,4841.0,11421.0,2362.0,3779.0,20880.0,3063.0,1857.0,1794.0,4383.0,2283.0,6216.0,4231.0,5981.0,2078.0,7280.0,288.0,2.0,27.0,35.0,3.0,64.0,19.0,77.0,1879.0,380.0,8454.0,651.0,1406.0,160.0,292.0,2496.0,636.0,1300.0,2807.0,6256.0,2594.0,1025.0,376.0,5992.0,4602.0,1542.0,4836.0,641.0,3517.0,108.0
2026-08-01T23:00Z,252.0,501.0,408.0,13146.0,20985.0,2888.0,158.0,20797.0,2697.0,7856.0,25349.0,2234.0,13747.0,6997.0,2430.0,1545.0,1835.0,666.0,4634.0,1296.0,2571.0,2414.0,3731.0,,,,,,,2168.0,1488.0,2071.0,605.0,988.0,1797.0,1704.0,411.0,957.0,7479.0,3845.0,2068.0,19021.0,6666.0,9283.0,4772.0,11377.0,2313.0,3708.0,20718.0,3023.0,1845.0,1902.0,4305.0,2233.0,6078.0,4163.0,5952.0,2056.0,7199.0,273.0,2.0,29.0,31.0,3.0,62.0,20.0,78.0,1894.0,378.0,8420.0,665.0,1400.0,167.0,297.0,2561.0,657.0,1349.0,2833.0,6312.0,2607.0,1029.0,388.0,6019.0,4601.0,1559.0,4900.0,686.0,3689.0,112.0
2026-08-02T00:00Z,247.0,501.0,412.0,14402.0,21068.0,3147.0,155.0,20300.0,2739.0,8015.0,24819.0,2300.0,13252.0,6900.0,2414.0,1539.0,1791.0,672.0,4482.0,1267.0,2475.0,2398.0,3653.0,,,,,,,2149.0,1471.0,2157.0,614.0,1049.0,1822.0,1658.0,392.0,921.0,7331.0,3710.0,2006.0,18784.0,6534.0,9074.0,4646.0,11294.0,2246.0,3572.0,20310.0,2907.0,1815.0,1767.0,4137.0,2153.0,5868.0,4071.0,5822.0,2012.0,7067.0,262.0,2.0,29.0,20.0,3.0,60.0,13.0,79.0,1723.0,380.0,8227.0,667.0,1391.0,170.0,292.0,2546.0,651.0,1343.0,2847.0,6221.0,2576.0,1021.0,388.0,5976.0,4572.0,1542.0,4837.0,706.0,3757.0,110.0
2026-08-02T01:00Z,224.0,489.0,412.0,15663.0,21006.0,3469.0,160.0,19803.0,2661.0,8030.0,23704.0,2373.0,12793.0,6654.0,2316.0,1525.0,1750.0,683.0,4371.0,1262.0,2426.0,2394.0,3631.0,,,,,,,2126.0,1455.0,2136.0,600.0,1073.0,1817.0,1617.0,381.0,910.0,7280.0,3603.0,1950.0,18428.0,6425.0,8865.0,4550.0,11302.0,2170.0,3416.0,19918.0,2818.0,1798.0,1683.0,3924.0,2100.0,5733.0,4001.0,5710.0,1989.0,6956.0,253.0,2.0,28.0,13.0,3.0,59.0,16.0,79.0,1759.0,372.0,7826.0,665.0,1369.0,164.0,284.0,2454.0,619.0,1303.0,2800.0,5970.0,2512.0,992.0,385.0,5913.0,4522.0,1482.0,4680.0,698.0,3763.0,108.0
2026-08-02T02:00Z,226.0,466.0,406.0,16813.0,20091.0,3668.0,143.0,19433.0,2557.0,7964.0,22464.0,2264.0,12440.0,6414.0,2319.0,1451.0,1663.0,687.0,4171.0,1172.0,2313.0,2308.0,3529.0,,,,,,,2087.0,1415.0,2090.0,589.0,1053.0,1753.0,1551.0,365.0,886.0,7257.0,3483.0,1878.0,18175.0,6283.0,8730.0,4436.0,11393.0,2081.0,3315.0,19356.0,2718.0,1749.0,1602.0,3756.0,2033.0,5569.0,3916.0,5535.0,1950.0,6769.0,242.0,2.0,26.0,26.0,3.0,57.0,23.0,78.0,1739.0,358.0,7378.0,657.0,1336.0,154.0,273.0,2345.0,589.0,1250.0,2718.0,5691.0,2399.0,943.0,389.0,5779.0,4417.0,1399.0,4438.0,666.0,3681.0,109.0
2026-08-02T03:00Z,230.0,433.0,397.0,16939.0,19235.0,3627.0,98.0,19008.0,2429.0,8011.0,21333.0,2158.0,12091.0,6278.0,2280.0,1349.0,1542.0,671.0,3895.0,1053.0,2114.0,2171.0,3368.0,,,,,,,1987.0,1331.0,1986.0,577.0,1007.0,1662.0,1463.0,343.0,856.0,7096.0,3324.0,1770.0,17485.0,5992.0,8353.0,4257.0,11202.0,1981.0,3162.0,18652.0,2556.0,1675.0,1551.0,3505.0,1924.0,5325.0,3768.0,5267.0,1864.0,6454.0,226.0,2.0,25.0,26.0,3.0,57.0,28.0,78.0,1707.0,349.0,6994.0,645.0,1307.0,146.0,267.0,2274.0,553.0,1196.0,2673.0,5420.0,2312.0,905.0,385.0,5617.0,4328.0,1338.0,4249.0,617.0,3558.0,107.0
2026-08-02T04:00Z,235.0,403.0,389.0,16692.0,18446.0,3488.0,88.0,18360.0,2253.0,7995.0,19994.0,2065.0,11514.0,5966.0,2214.0,1251.0,1425.0,644.0,3613.0,1027.0,1972.0,2021.0,3171.0,,,,,,,1895.0,1247.0,1875.0,542.0,941.0,1546.0,1368.0,315.0,814.0,6866.0,3131.0,1641.0,16836.0,5638.0,7938.0,4032.0,10898.0,1878.0,2973.0,17837.0,2371.0,1610.0,1453.0,3254.0,1818.0,5049.0,3590.0,4980.0,1775.0,6118.0,210.0,2.0,24.0,28.0,3.0,56.0,28.0,75.0,1630.0,332.0,6551.0,616.0,1277.0,134.0,253.0,2157.0,531.0,1118.0,2580.0,5110.0,2186.0,865.0,370.0,5448.0,4166.0,1269.0,3981.0,574.0,3410.0,102.0
2026-08-02T05:00Z,228.0,371.0,378.0,15958.0,17712.0,3540.0,76.0,17648.0,2173.0,,18615.0,1953.0,10862.0,5657.0,2134.0,1182.0,1331.0,644.0,3367.0,960.0,1839.0,1895.0,2974.0,,,,,,,1806.0,1172.0,1769.0,552.0,889.0,1462.0,1287.0,296.0,786.0,6637.0,2937.0,1524.0,16192.0,5355.0,7466.0,3802.0,10484.0,1775.0,2806.0,17068.0,2200.0,1538.0,1446.0,2994.0,1721.0,4790.0,3397.0,4726.0,1698.0,5792.0,196.0,2.0,21.0,29.0,3.0,56.0,31.0,74.0,1534.0,314.0,6066.0,577.0,1246.0,122.0,239.0,2013.0,490.0,1037.0,2451.0,4785.0,2055.0,827.0,353.0,5285.0,4024.0,1195.0,3706.0,520.0,3222.0,97.0
2026-08-02T06:00Z,220.0,345.0,367.0,14789.0,16582.0,3229.0,48.0,16965.0,2007.0,7786.0,17264.0,1879.0,10283.0,5429.0,2071.0,1133.0,1262.0,611.0,3169.0,938.0,1726.0,1795.0,2837.0,11040.0,4193.0,8879.0,17254.0,9418.0,23604.0,1725.0,1114.0,1714.0,545.0,850.0,1409.0,1206.0,272.0,746.0,6367.0,2770.0,1430.0,15653.0,5148.0,7153.0,3585.0,10009.0,1692.0,2677.0,16357.0,2063.0,1488.0,1283.0,2778.0,1643.0,4566.0,3212.0,4541.0,1637.0,5503.0,183.0,3.0,19.0,26.0,2.0,55.0,28.0,71.0,1439.0,298.0,5633.0,540.0,1215.0,111.0,230.0,1893.0,459.0,957.0,2333.0,4503.0,1939.0,792.0,332.0,5149.0,3911.0,1125.0,3461.0,467.0,3036.0,92.0
2026-08-02T07:00Z,213.0,320.0,359.0,13737.0,15426.0,3013.0,25.0,16359.0,1926.0,7644.0,16086.0,1777.0,9759.0,5172.0,1992.0,1101.0,1213.0,567.0,3035.0,878.0,1642.0,1721.0,2735.0,10542.0,4045.0,8638.0,17094.0,9214.0,22854.0,1666.0,1067.0,1667.0,539.0,818.0,1368.0,1143.0,257.0,712.0,6159.0,2627.0,1358.0,15210.0,4981.0,6937.0,3415.0,9669.0,1636.0,2574.0,15802.0,1963.0,1451.0,1300.0,2616.0,1587.0,4396.0,3046.0,4415.0,1595.0,5271.0,174.0,2.0,17.0,25.0,2.0,55.0,26.0,72.0,1353.0,281.0,5281.0,512.0,1199.0,103.0,219.0,1792.0,426.0,899.0,2259.0,4261.0,1851.0,773.0,314.0,5036.0,3825.0,1071.0,3285.0,420.0,2882.0,87.0
2026-08-02T08:00Z,206.0,303.0,352.0,13136.0,14371.0,2936.0,25.0,15862.0,1837.0,7564.0,15183.0,1698.0,9371.0,4961.0,1949.0,1075.0,1180.0,557.0,2942.0,860.0,1583.0,1680.0,2657.0,10165.0,3900.0,8540.0,17070.0,8901.0,22198.0,1614.0,1035.0,1639.0,539.0,794.0,1334.0,1103.0,249.0,682.0,6005.0,2525.0,1307.0,15011.0,4869.0,6800.0,3293.0,9359.0,1602.0,2500.0,15457.0,1901.0,1410.0,1133.0,2519.0,1554.0,4271.0,2933.0,4314.0,1572.0,5100.0,167.0,2.0,17.0,28.0,2.0,54.0,25.0,70.0,1288.0,269.0,5025.0,494.0,1184.0,98.0,211.0,1721.0,413.0,862.0,2215.0,4111.0,1798.0,754.0,302.0,4939.0,3758.0,1031.0,3154.0,384.0,2735.0,83.0
2026-08-02T09:00Z,201.0,289.0,347.0,12329.0,13295.0,2794.0,27.0,15499.0,1753.0,7487.0,14488.0,1652.0,9065.0,4788.0,1916.0,1077.0,1165.0,542.0,2907.0,841.0,1559.0,1668.0,2615.0,9900.0,3823.0,8579.0,16844.0,8569.0,21673.0,1584.0,1016.0,1629.0,547.0,785.0,1328.0,1078.0,242.0,669.0,5917.0,2466.0,1286.0,14889.0,4796.0,6671.0,3220.0,9177.0,1587.0,2452.0,15298.0,1873.0,1385.0,1058.0,2409.0,1526.0,4182.0,2863.0,4280.0,1571.0,4990.0,164.0,2.0,15.0,29.0,2.0,54.0,24.0,69.0,1250.0,261.0,4855.0,484.0,1179.0,94.0,206.0,1661.0,399.0,841.0,2177.0,3987.0,1763.0,739.0,294.0,4855.0,3738.0,1005.0,3066.0,360.0,2630.0,81.0
2026-08-02T10:00Z,203.0,281.0,343.0,11663.0,12652.0,2602.0,28.0,15252.0,1699.0,7453.0,14009.0,1626.0,8824.0,4687.0,1850.0,1087.0,1171.0,550.0,2905.0,891.0,1583.0,1657.0,2598.0,9771.0,3806.0,8522.0,16862.0,8519.0,21336.0,1580.0,1016.0,1632.0,545.0,784.0,1330.0,1071.0,241.0,664.0,5895.0,2440.0,1286.0,14910.0,4791.0,6720.0,3219.0,9094.0,1581.0,2451.0,15290.0,1875.0,1387.0,1162.0,2429.0,1527.0,4158.0,2859.0,4285.0,1582.0,4953.0,162.0,2.0,15.0,25.0,2.0,53.0,24.0,69.0,1212.0,258.0,4742.0,479.0,1169.0,92.0,203.0,1635.0,390.0,822.0,2150.0,3905.0,1741.0,736.0,290.0,4801.0,3711.0,988.0,3017.0,344.0,2683.0,79.0
2026-08-02T11:00Z,208.0,278.0,342.0,11151.0,12066.0,2475.0,30.0,15098.0,1626.0,7348.0,13708.0,1585.0,8662.0,4590.0,1846.0,1109.0,1194.0,552.0,2936.0,890.0,1581.0,1663.0,2622.0,9738.0,3791.0,8685.0,16692.0,8503.0,21147.0,1579.0,1010.0,1635.0,540.0,788.0,1319.0,1067.0,241.0,663.0,5927.0,2427.0,1284.0,15036.0,4832.0,6771.0,3236.0,9109.0,1595.0,2488.0,15376.0,1875.0,1394.0,1187.0,2415.0,1537.0,4161.0,2903.0,4337.0,1598.0,4862.0,162.0,2.0,16.0,27.0,2.0,53.0,24.0,70.0,1182.0,254.0,4669.0,482.0,1160.0,91.0,201.0,1629.0,392.0,817.0,2158.0,3847.0,1734.0,735.0,290.0,4755.0,3715.0,982.0,3010.0,334.0,2640.0,78.0
2026-08-02T12:00Z,208.0,279.0,344.0,10867.0,11649.0,2406.0,32.0,14927.0,1644.0,7365.0,13526.0,1608.0,8571.0,4625.0,1822.0,1152.0,1259.0,541.0,3046.0,879.0,1646.0,1707.0,2733.0,9751.0,3788.0,8815.0,16456.0,8491.0,20968.0,1620.0,1036.0,1648.0,535.0,792.0,1317.0,1073.0,249.0,678.0,6090.0,2487.0,1310.0,15236.0,4969.0,6916.0,3343.0,9109.0,1638.0,2529.0,15775.0,1935.0,1400.0,1263.0,2462.0,1600.0,4298.0,2988.0,4480.0,1656.0,4902.0,167.0,2.0,15.0,26.0,2.0,53.0,24.0,70.0,1173.0,255.0,4626.0,489.0,1160.0,91.0,197.0,1617.0,392.0,815.0,2163.0,3819.0,1731.0,737.0,291.0,4742.0,3698.0,973.0,3011.0,330.0,2620.0,77.0
2026-08-02T13:00Z,195.0,288.0,344.0,10815.0,11499.0,2394.0,34.0,14810.0,1619.0,7325.0,13577.0,1597.0,8550.0,4555.0,1828.0,1194.0,1346.0,493.0,3208.0,946.0,1764.0,1795.0,2858.0,9913.0,3834.0,9069.0,17033.0,8726.0,20807.0,1660.0,1097.0,1669.0,525.0,825.0,1361.0,1100.0,274.0,706.0,6335.0,2619.0,1390.0,15873.0,5202.0,7264.0,3581.0,9296.0,1744.0,2677.0,16560.0,2083.0,1427.0,1356.0,2611.0,1701.0,4601.0,3176.0,4751.0,1739.0,5015.0,180.0,2.0,14.0,26.0,2.0,53.0,24.0,69.0,1151.0,254.0,4765.0,513.0,1174.0,95.0,202.0,1680.0,404.0,859.0,2205.0,3876.0,1784.0,742.0,306.0,4734.0,3766.0,999.0,3074.0,328.0,2609.0,77.0
2026-08-02T14:00Z,213.0,313.0,351.0,10684.0,11455.0,2400.0,61.0,15369.0,1703.0,7666.0,14769.0,1724.0,9012.0,4904.0,1826.0,1187.0,1414.0,461.0,3374.0,935.0,1869.0,1830.0,2978.0,10272.0,3890.0,9350.0,17760.0,9243.0,21348.0,1696.0,1139.0,1694.0,517.0,842.0,1371.0,1153.0,296.0,749.0,6654.0,2838.0,1476.0,16553.0,5411.0,7640.0,3851.0,9681.0,1836.0,2835.0,17371.0,2295.0,1445.0,1460.0,2876.0,1797.0,4984.0,3394.0,4979.0,1809.0,5342.0,196.0,2.0,16.0,26.0,2.0,53.0,12.0,69.0,1168.0,259.0,5212.0,554.0,1221.0,105.0,217.0,1822.0,437.0,942.0,2282.0,4121.0,1903.0,758.0,335.0,4819.0,3886.0,1061.0,3288.0,338.0,2599.0,76.0
2026-08-02T15:00Z,230.0,347.0,359.0,11099.0,13048.0,3452.0,183.0,16390.0,1924.0,7892.0,16065.0,1862.0,9739.0,5100.0,1894.0,1112.0,1495.0,450.0,3606.0,1060.0,1957.0,1885.0,3110.0,10762.0,3993.0,9421.0,18495.0,9855.0,21988.0,1733.0,1159.0,1761.0,523.0,844.0,1360.0,1202.0,326.0,789.0,6947.0,3055.0,1525.0,17174.0,5589.0,8008.0,4077.0,10001.0,1925.0,2966.0,18237.0,2500.0,1493.0,1513.0,3175.0,1885.0,5372.0,3580.0,5143.0,1861.0,5670.0,213.0,2.0,17.0,28.0,2.0,55.0,,70.0,1224.0,261.0,5743.0,602.0,1266.0,118.0,235.0,1989.0,480.0,1041.0,2391.0,4505.0,2049.0,791.0,364.0,4975.0,4025.0,1135.0,3560.0,364.0,2565.0,79.0
2026-08-02T16:00Z,232.0,380.0,370.0,11495.0,17139.0,3658.0,257.0,17496.0,2090.0,8027.0,17587.0,1955.0,10619.0,5319.0,2014.0,1120.0,1600.0,505.0,3776.0,1207.0,2084.0,1965.0,3298.0,11279.0,4033.0,9832.0,19032.0,10424.0,22985.0,1746.0,1157.0,1808.0,543.0,873.0,1337.0,1333.0,353.0,838.0,7141.0,3196.0,1595.0,17683.0,5755.0,8405.0,4216.0,10288.0,2011.0,3058.0,18898.0,2661.0,1538.0,1604.0,3383.0,1946.0,5702.0,3701.0,5295.0,1899.0,5947.0,233.0,3.0,19.0,26.0,2.0,57.0,,72.0,1281.0,275.0,6256.0,644.0,1308.0,132.0,254.0,2179.0,519.0,1159.0,2506.0,4846.0,2187.0,831.0,396.0,5172.0,4166.0,1195.0,3857.0,405.0,2743.0,85.0
2026-08-02T17:00Z,234.0,411.0,382.0,11057.0,18048.0,3688.0,258.0,18630.0,2182.0,8177.0,19191.0,2088.0,11494.0,5698.0,2241.0,1152.0,1674.0,544.0,3932.0,1194.0,2219.0,2057.0,3485.0,11825.0,4191.0,10100.0,18950.0,10960.0,23950.0,1773.0,1134.0,1869.0,586.0,905.0,1376.0,1394.0,375.0,867.0,7245.0,3261.0,1681.0,18213.0,5922.0,8852.0,4382.0,10505.0,2067.0,3156.0,19207.0,2808.0,1602.0,1697.0,3552.0,2006.0,5986.0,3929.0,5427.0,1927.0,6158.0,248.0,2.0,21.0,26.0,2.0,58.0,,72.0,1360.0,286.0,6766.0,689.0,1335.0,149.0,276.0,2361.0,554.0,1265.0,2632.0,5198.0,2321.0,884.0,427.0,5345.0,4294.0,1263.0,4174.0,458.0,2977.0,87.0
2026-08-02T18:00Z,236.0,440.0,393.0,10921.0,18965.0,3713.0,255.0,19727.0,2318.0,8321.0,20669.0,2181.0,12312.0,5946.0,2403.0,1201.0,1750.0,546.0,4079.0,1234.0,2321.0,2138.0,3564.0,12368.0,4401.0,10371.0,19318.0,11413.0,25144.0,1876.0,1159.0,1832.0,593.0,936.0,1503.0,1433.0,384.0,875.0,7360.0,3392.0,1763.0,18621.0,6101.0,8964.0,4532.0,10728.0,2113.0,3235.0,19474.0,2905.0,1672.0,1761.0,3728.0,2023.0,6176.0,3930.0,5437.0,1921.0,6174.0,254.0,2.0,23.0,27.0,3.0,59.0,,74.0,1460.0,307.0,7263.0,735.0,1367.0,166.0,296.0,2542.0,590.0,1364.0,2751.0,5563.0,2442.0,935.0,458.0,5517.0,4444.0,1349.0,4468.0,515.0,3186.0,89.0
2026-08-02T19:00Z,240.0,463.0,403.0,11172.0,19351.0,3297.0,234.0,20571.0,2482.0,8340.0,22065.0,2289.0,13085.0,6189.0,2500.0,1276.0,1807.0,583.0,4169.0,1274.0,2383.0,2234.0,3643.0,12853.0,4557.0,10620.0,19721.0,11935.0,26062.0,1874.0,1222.0,1816.0,589.0,944.0,1608.0,1510.0,391.0,893.0,7468.0,3531.0,1853.0,19080.0,6248.0,9341.0,4418.0,10907.0,2134.0,3330.0,20027.0,3061.0,1700.0,1822.0,3962.0,2071.0,6283.0,3722.0,5507.0,1925.0,6467.0,261.0,2.0,25.0,27.0,3.0,60.0,,76.0,1558.0,334.0,7714.0,775.0,1394.0,180.0,310.0,2665.0,616.0,1440.0,2853.0,5935.0,2543.0,980.0,486.0,5688.0,4568.0,1423.0,4729.0,581.0,3384.0,92.0
2026-08-02T20:00Z,236.0,478.0,409.0,11507.0,19060.0,2702.0,182.0,21135.0,2623.0,8330.0,23265.0,2366.0,13711.0,6387.0,2593.0,1356.0,1854.0,608.0,4290.0,1195.0,2491.0,2303.0,3742.0,13240.0,4722.0,10846.0,20290.0,12239.0,26771.0,1875.0,1279.0,1853.0,569.0,974.0,1632.0,1505.0,397.0,912.0,7596.0,3668.0,2034.0,19424.0,6435.0,9462.0,4326.0,11120.0,2154.0,3393.0,20338.0,3175.0,1735.0,1868.0,4178.0,2083.0,6313.0,3818.0,5569.0,1984.0,6952.0,274.0,2.0,26.0,27.0,3.0,61.0,0.0,77.0,1677.0,352.0,8079.0,812.0,1419.0,191.0,321.0,2768.0,648.0,1513.0,2937.0,6177.0,2638.0,1019.0,511.0,5854.0,4625.0,1482.0,4961.0,646.0,3532.0,95.0
2026-08-02T21:00Z,239.0,491.0,416.0,12071.0,19280.0,2582.0,165.0,21520.0,2636.0,8117.0,24157.0,2266.0,14249.0,6536.0,2656.0,1470.0,1900.0,648.0,4499.0,1315.0,2494.0,2377.0,3803.0,13667.0,4920.0,11126.0,21053.0,12692.0,27357.0,1908.0,1314.0,1866.0,598.0,997.0,1674.0,1581.0,415.0,950.0,7665.0,3804.0,2170.0,19825.0,6604.0,9483.0,4397.0,11330.0,2179.0,3535.0,20518.0,3180.0,1826.0,1820.0,4368.0,2088.0,6210.0,3881.0,5578.0,2038.0,7203.0,273.0,2.0,27.0,26.0,3.0,62.0,6.0,78.0,1785.0,364.0,8369.0,840.0,1431.0,199.0,331.0,2872.0,669.0,1568.0,2974.0,6391.0,2729.0,1045.0,535.0,5977.0,4665.0,1533.0,5148.0,697.0,3658.0,97.0
2026-08-02T22:00Z,244.0,499.0,421.0,13036.0,19815.0,2666.0,157.0,21817.0,2662.0,8080.0,24807.0,2267.0,14602.0,6616.0,2712.0,1622.0,1925.0,686.0,4632.0,1336.0,2571.0,2414.0,3821.0,14196.0,5184.0,11558.0,21643.0,13021.0,27825.0,1927.0,1336.0,1944.0,621.0,1023.0,1735.0,1622.0,423.0,957.0,7663.0,3938.0,2208.0,20107.0,6780.0,9444.0,4389.0,11862.0,2190.0,3614.0,20298.0,3157.0,1889.0,1932.0,4336.0,2121.0,6230.0,3786.0,5639.0,2091.0,7198.0,269.0,2.0,29.0,27.0,3.0,62.0,10.0,82.0,1894.0,377.0,8556.0,868.0,1440.0,207.0,338.0,2952.0,676.0,1625.0,3052.0,6560.0,2794.0,1065.0,550.0,6072.0,4719.0,1577.0,5304.0,738.0,3788.0,101.0
2026-08-02T23:00Z,243.0,503.0,425.0,14114.0,20539.0,2832.0,158.0,21860.0,2744.0,8116.0,25113.0,2303.0,14844.0,6558.0,2746.0,1680.0,1898.0,692.0,4612.0,1294.0,2576.0,2425.0,3784.0,14716.0,5435.0,11740.0,21951.0,13246.0,27977.0,1924.0,1358.0,1958.0,620.0,1031.0,1750.0,1616.0,414.0,945.0,7576.0,3832.0,2156.0,19915.0,6720.0,9254.0,4256.0,12206.0,2171.0,3536.0,20167.0,3074.0,1856.0,1917.0,4166.0,2096.0,6184.0,3771.0,5615.0,2057.0,7088.0,260.0,2.0,29.0,28.0,3.0,63.0,12.0,84.0,1988.0,387.0,8631.0,888.0,1447.0,211.0,339.0,2992.0,693.0,1662.0,3124.0,6640.0,2826.0,1074.0,560.0,6122.0,4743.0,1600.0,5402.0,768.0,3892.0,104.0
2026-08-03T00:00Z,250.0,508.0,426.0,15007.0,20614.0,3041.0,160.0,21481.0,2744.0,8003.0,24899.0,2283.0,14816.0,6109.0,2722.0,1676.0,1843.0,694.0,4507.0,1269.0,2518.0,2395.0,3727.0,14927.0,5597.0,11705.0,21827.0,13268.0,27736.0,1921.0,1361.0,1946.0,623.0,1023.0,1758.0,1610.0,408.0,939.0,7543.0,3717.0,2084.0,19525.0,6560.0,8931.0,4185.0,12344.0,2126.0,3451.0,19876.0,2970.0,1753.0,1724.0,4090.0,2053.0,6054.0,3746.0,5549.0,2031.0,7031.0,254.0,2.0,30.0,28.0,3.0,63.0,14.0,85.0,2081.0,398.0,8472.0,878.0,1446.0,209.0,335.0,2960.0,689.0,1634.0,3146.0,6587.0,2797.0,1079.0,551.0,6133.0,4722.0,1594.0,5371.0,788.0,3974.0,104.0
2026-08-03T01:00Z,233.0,495.0,418.0,16230.0,20483.0,3361.0,166.0,20722.0,2674.0,8107.0,23972.0,2419.0,14403.0,5941.0,2630.0,1634.0,1796.0,699.0,4461.0,1248.0,2468.0,2406.0,3727.0,14826.0,5693.0,11396.0,21194.0,12871.0,26787.0,1907.0,1356.0,1941.0,607.0,1014.0,1754.0,1585.0,403.0,942.0,7593.0,3670.0,2022.0,18992.0,6485.0,8670.0,4182.0,12221.0,2085.0,3356.0,19641.0,2903.0,1691.0,1637.0,3957.0,2041.0,5947.0,3746.0,5498.0,2022.0,6991.0,248.0,3.0,28.0,27.0,3.0,62.0,17.0,85.0,2101.0,403.0,8106.0,844.0,1417.0,201.0,337.0,2849.0,666.0,1583.0,3125.0,6390.0,2704.0,1054.0,529.0,6091.0,4649.0,1544.0,5196.0,766.0,3982.0,102.0
2026-08-03T02:00Z,230.0,470.0,412.0,17529.0,19682.0,3625.0,134.0,20035.0,2588.0,8232.0,22755.0,2324.0,13719.0,5806.0,2526.0,1532.0,1694.0,689.0,4288.0,1169.0,2315.0,2312.0,3600.0,14345.0,5561.0,11261.0,20651.0,12304.0,26083.0,1873.0,1329.0,1926.0,596.0,981.0,1689.0,1527.0,384.0,920.0,7599.0,3572.0,1946.0,18548.0,6265.0,8431.0,4090.0,11960.0,2055.0,3270.0,19028.0,2782.0,1666.0,1592.0,3854.0,1985.0,5783.0,3668.0,5344.0,1970.0,6861.0,240.0,2.0,27.0,28.0,3.0,61.0,29.0,84.0,2074.0,394.0,7586.0,792.0,1376.0,186.0,318.0,2709.0,632.0,1475.0,3074.0,6059.0,2583.0,1028.0,499.0,5991.0,4581.0,1454.0,4902.0,722.0,3885.0,101.0
2026-08-03T03:00Z,229.0,438.0,411.0,17669.0,18787.0,3546.0,87.0,19420.0,2471.0,8214.0,21586.0,2179.0,12962.0,5602.0,2436.0,1413.0,1557.0,680.0,3998.0,1074.0,2129.0,2170.0,3389.0,13856.0,5355.0,10820.0,19828.0,11856.0,25075.0,1780.0,1258.0,1849.0,569.0,931.0,1588.0,1446.0,356.0,879.0,7421.0,3397.0,1836.0,17880.0,5958.0,8033.0,3888.0,11711.0,1966.0,3090.0,18258.0,2606.0,1581.0,1476.0,3607.0,1882.0,5558.0,3511.0,5081.0,1869.0,6611.0,228.0,2.0,27.0,27.0,3.0,60.0,31.0,81.0,1978.0,376.0,7126.0,748.0,1342.0,173.0,319.0,2600.0,598.0,1381.0,3014.0,5769.0,2485.0,1023.0,473.0,5816.0,4488.0,1389.0,4650.0,684.0,3771.0,95.0
2026-08-03T04:00Z,227.0,409.0,402.0,17293.0,18030.0,3559.0,100.0,18501.0,2299.0,8037.0,20164.0,1967.0,12027.0,5314.0,2301.0,1318.0,1429.0,665.0,3707.0,1032.0,1981.0,2018.0,3198.0,12998.0,4990.0,10232.0,18582.0,11135.0,23820.0,1691.0,1176.0,1780.0,540.0,882.0,1493.0,1356.0,333.0,838.0,7188.0,3190.0,1702.0,16968.0,5629.0,7639.0,3654.0,11082.0,1850.0,2903.0,17538.0,2417.0,1511.0,1338.0,3395.0,1777.0,5214.0,3327.0,4815.0,1777.0,6282.0,216.0,2.0,24.0,30.0,3.0,59.0,30.0,82.0,1886.0,355.0,6595.0,683.0,1305.0,156.0,292.0,2427.0,562.0,1236.0,2887.0,5439.0,2323.0,979.0,437.0,5603.0,4338.0,1302.0,4302.0,640.0,3599.0,92.0
2026-08-03T05:00Z,222.0,371.0,389.0,16453.0,17334.0,3354.0,91.0,17569.0,2171.0,7962.0,18493.0,1839.0,11076.0,5061.0,2198.0,1240.0,1342.0,651.0,3494.0,984.0,1855.0,1914.0,3038.0,12052.0,4677.0,9685.0,18010.0,10447.0,22530.0,1611.0,1104.0,1703.0,566.0,845.0,1419.0,1298.0,324.0,821.0,6963.0,3018.0,1598.0,16258.0,5378.0,7239.0,3462.0,10490.0,1747.0,2725.0,16883.0,2285.0,1445.0,1230.0,3147.0,1701.0,4945.0,3173.0,4602.0,1731.0,5986.0,205.0,2.0,22.0,29.0,3.0,57.0,32.0,80.0,1739.0,327.0,6072.0,618.0,1269.0,138.0,279.0,2228.0,517.0,1117.0,2738.0,5091.0,2159.0,912.0,400.0,5370.0,4163.0,1216.0,3937.0,577.0,3363.0,89.0
2026-08-03T06:00Z,213.0,335.0,378.0,15055.0,16375.0,3127.0,81.0,16726.0,2013.0,7842.0,17081.0,1784.0,10257.0,4814.0,2101.0,1187.0,1280.0,600.0,3358.0,946.0,1773.0,1843.0,2926.0,11331.0,4428.0,9202.0,17966.0,10077.0,21608.0,1522.0,1057.0,1652.0,564.0,815.0,1375.0,1238.0,310.0,794.0,6736.0,2894.0,1520.0,15804.0,5182.0,6961.0,3322.0,9948.0,1670.0,2570.0,16471.0,2191.0,1380.0,1164.0,2988.0,1644.0,4747.0,3050.0,4464.0,1677.0,5764.0,197.0,2.0,18.0,30.0,2.0,56.0,29.0,79.0,1593.0,301.0,5637.0,564.0,1231.0,124.0,262.0,2064.0,489.0,1025.0,2604.0,4777.0,2026.0,862.0,368.0,5178.0,4026.0,1136.0,3670.0,517.0,3138.0,83.0
2026-08-03T07:00Z,207.0,310.0,370.0,13811.0,14937.0,2933.0,53.0,16037.0,1872.0,7784.0,15955.0,1662.0,9581.0,4582.0,2020.0,1166.0,1245.0,576.0,3287.0,927.0,1724.0,1789.0,2866.0,10833.0,4223.0,8836.0,17551.0,9785.0,20695.0,1461.0,1021.0,1627.0,548.0,791.0,1350.0,1198.0,299.0,764.0,6511.0,2801.0,1467.0,15331.0,5093.0,6802.0,3249.0,9532.0,1617.0,2465.0,16115.0,2145.0,1329.0,1108.0,2845.0,1604.0,4622.0,2958.0,4361.0,1636.0,5574.0,191.0,2.0,18.0,30.0,2.0,56.0,27.0,77.0,1475.0,289.0,5339.0,530.0,1213.0,113.0,247.0,1936.0,463.0,964.0,2524.0,4550.0,1937.0,831.0,345.0,5027.0,3935.0,1088.0,3462.0,465.0,2959.0,78.0
2026-08-03T08:00Z,202.0,291.0,364.0,13175.0,13892.0,2932.0,29.0,15516.0,1768.0,7762.0,15079.0,1524.0,9138.0,4429.0,1929.0,1147.0,1235.0,568.0,3265.0,930.0,1719.0,1792.0,2858.0,10478.0,4096.0,8703.0,16728.0,9493.0,19981.0,1438.0,985.0,1621.0,551.0,781.0,1341.0,1165.0,286.0,733.0,6349.0,2735.0,1443.0,15252.0,5016.0,6776.0,3222.0,9276.0,1594.0,2381.0,15990.0,2121.0,1311.0,1085.0,2779.0,1602.0,4570.0,2910.0,4326.0,1642.0,5452.0,186.0,2.0,17.0,33.0,2.0,56.0,26.0,76.0,1398.0,273.0,5104.0,510.0,1198.0,106.0,242.0,1840.0,442.0,913.0,2487.0,4371.0,1885.0,809.0,327.0,4933.0,3887.0,1046.0,3318.0,424.0,2803.0,77.0
2026-08-03T09:00Z,201.0,276.0,359.0,12333.0,13106.0,2823.0,35.0,15164.0,1750.0,7705.0,14498.0,1493.0,8799.0,4336.0,1884.0,1163.0,1260.0,564.0,3305.0,958.0,1750.0,1827.0,2940.0,10345.0,4031.0,8747.0,16460.0,9378.0,19635.0,1452.0,973.0,1646.0,548.0,791.0,1355.0,1156.0,284.0,728.0,6444.0,2749.0,1444.0,15319.0,5029.0,6749.0,3258.0,9151.0,1607.0,2383.0,16159.0,2138.0,1329.0,1082.0,2751.0,1633.0,4569.0,2988.0,4397.0,1673.0,5454.0,183.0,2.0,16.0,34.0,2.0,55.0,25.0,75.0,1337.0,264.0,4966.0,503.0,1188.0,101.0,236.0,1788.0,435.0,883.0,2448.0,4243.0,1854.0,798.0,316.0,4857.0,3835.0,1024.0,3231.0,391.0,2703.0,79.0
2026-08-03T10:00Z,199.0,267.0,354.0,11847.0,12555.0,2750.0,34.0,15042.0,1746.0,7663.0,14266.0,1504.0,8651.0,4218.0,1869.0,1237.0,1334.0,589.0,3458.0,1041.0,1854.0,1917.0,3097.0,10386.0,4046.0,9062.0,16819.0,9405.0,19517.0,1494.0,1006.0,1706.0,561.0,828.0,1413.0,1188.0,292.0,753.0,6589.0,2828.0,1482.0,15722.0,5232.0,7051.0,3407.0,9290.0,1683.0,2468.0,16555.0,2224.0,1364.0,1129.0,2817.0,1722.0,4771.0,3229.0,4615.0,1733.0,5519.0,187.0,3.0,15.0,32.0,2.0,55.0,25.0,73.0,1300.0,260.0,4953.0,509.0,1185.0,100.0,241.0,1782.0,437.0,887.0,2450.0,4191.0,1857.0,790.0,315.0,4823.0,3830.0,1015.0,3239.0,370.0,2766.0,79.0
2026-08-03T11:00Z,202.0,265.0,353.0,11415.0,12610.0,2595.0,38.0,15165.0,1793.0,7636.0,14486.0,1510.0,8731.0,4305.0,1869.0,1329.0,1443.0,634.0,3702.0,1069.0,1951.0,2051.0,3318.0,10811.0,4170.0,9549.0,17449.0,9562.0,19770.0,1551.0,1062.0,1780.0,571.0,876.0,1480.0,1243.0,299.0,785.0,6879.0,2897.0,1520.0,16323.0,5455.0,7424.0,3613.0,9702.0,1801.0,2616.0,16967.0,2324.0,1399.0,1200.0,2905.0,1843.0,4991.0,3484.0,4932.0,1886.0,5724.0,195.0,2.0,16.0,33.0,2.0,56.0,25.0,74.0,1286.0,255.0,5035.0,533.0,1192.0,102.0,254.0,1830.0,447.0,924.0,2481.0,4248.0,1900.0,816.0,328.0,4834.0,3882.0,1029.0,3350.0,359.0,2744.0,78.0
2026-08-03T12:00Z,206.0,272.0,357.0,11368.0,12402.0,2604.0,37.0,15288.0,1800.0,7660.0,14891.0,1543.0,8942.0,4388.0,1861.0,1440.0,1557.0,663.0,3892.0,1123.0,2090.0,2198.0,3514.0,11386.0,4282.0,9981.0,18042.0,9645.0,19951.0,1612.0,1104.0,1813.0,587.0,909.0,1544.0,1293.0,312.0,820.0,7253.0,3002.0,1586.0,16911.0,5693.0,7825.0,3801.0,10273.0,1918.0,2763.0,17417.0,2416.0,1451.0,1250.0,3048.0,1950.0,5272.0,3661.0,5227.0,1977.0,5960.0,206.0,2.0,16.0,35.0,2.0,57.0,26.0,75.0,1304.0,261.0,5207.0,562.0,1202.0,103.0,261.0,1901.0,473.0,965.0,2547.0,4354.0,1968.0,842.0,345.0,4885.0,3964.0,1037.0,3509.0,364.0,2719.0,75.0
2026-08-03T13:00Z,192.0,290.0,363.0,11714.0,12318.0,2618.0,40.0,15382.0,1793.0,7647.0,15212.0,1615.0,9089.0,4378.0,1841.0,1515.0,1643.0,662.0,3955.0,1209.0,2212.0,2268.0,3715.0,11946.0,4393.0,10300.0,19114.0,10214.0,20480.0,1655.0,1137.0,1785.0,574.0,942.0,1543.0,1330.0,328.0,849.0,7632.0,3124.0,1648.0,17478.0,5855.0,8259.0,3909.0,10803.0,2012.0,2951.0,17869.0,2489.0,1516.0,1306.0,3242.0,2039.0,5434.0,3769.0,5412.0,2057.0,6191.0,220.0,2.0,16.0,34.0,2.0,58.0,26.0,76.0,1351.0,263.0,5448.0,600.0,1219.0,109.0,274.0,2020.0,493.0,1023.0,2658.0,4496.0,2067.0,843.0,374.0,4906.0,4096.0,1058.0,3700.0,376.0,2699.0,77.0
2026-08-03T14:00Z,203.0,315.0,369.0,12291.0,13017.0,2801.0,74.0,16317.0,1889.0,7616.0,16446.0,1725.0,9666.0,4573.0,1980.0,1564.0,1680.0,633.0,4042.0,1236.0,2325.0,2273.0,3760.0,12344.0,4436.0,10638.0,20410.0,10836.0,21426.0,1655.0,1151.0,1784.0,574.0,918.0,1577.0,1396.0,342.0,874.0,7938.0,3237.0,1677.0,18123.0,6099.0,8511.0,4027.0,11370.0,2097.0,3136.0,18550.0,2538.0,1567.0,1372.0,3437.0,2116.0,5503.0,3826.0,5577.0,2115.0,6478.0,232.0,2.0,18.0,35.0,2.0,61.0,8.0,78.0,1381.0,277.0,5867.0,639.0,1273.0,120.0,292.0,2161.0,538.0,1104.0,2826.0,4739.0,2170.0,876.0,408.0,4987.0,4237.0,1116.0,3959.0,395.0,2781.0,76.0
2026-08-03T15:00Z,226.0,335.0,358.0,13425.0,16190.0,3596.0,182.0,17555.0,2063.0,7837.0,17910.0,1866.0,10482.0,4859.0,2076.0,1587.0,1702.0,586.0,4184.0,1249.0,2351.0,2313.0,3745.0,12700.0,4579.0,11055.0,21384.0,11508.0,23020.0,1646.0,1111.0,1798.0,560.0,894.0,1603.0,1417.0,361.0,913.0,8020.0,3350.0,1638.0,18704.0,6350.0,8894.0,4262.0,11990.0,2184.0,3280.0,19326.0,2606.0,1594.0,1447.0,3444.0,2191.0,5656.0,3942.0,5696.0,2183.0,6526.0,241.0,2.0,20.0,33.0,3.0,64.0,,80.0,1449.0,293.0,6437.0,690.0,1318.0,132.0,304.0,2334.0,572.0,1215.0,2986.0,5088.0,2303.0,915.0,446.0,5162.0,4379.0,1185.0,4237.0,424.0,2880.0,80.0
2026-08-03T16:00Z,230.0,352.0,364.0,13740.0,19281.0,4254.0,265.0,18878.0,2301.0,7944.0,19722.0,1953.0,11441.0,5249.0,2217.0,1552.0,1745.0,567.0,4304.0,1243.0,2343.0,2385.0,3776.0,13173.0,4748.0,11617.0,22148.0,12191.0,24575.0,1644.0,1072.0,1747.0,584.0,874.0,1605.0,1380.0,365.0,906.0,7934.0,3232.0,1613.0,19306.0,6578.0,9106.0,4519.0,12657.0,2250.0,3414.0,20068.0,2702.0,1654.0,1526.0,3411.0,2284.0,5926.0,4097.0,5813.0,2204.0,6243.0,242.0,2.0,22.0,36.0,3.0,66.0,,82.0,1525.0,308.0,7107.0,741.0,1374.0,148.0,313.0,2533.0,608.0,1323.0,3168.0,5488.0,2450.0,967.0,488.0,5354.0,4517.0,1281.0,4591.0,450.0,2985.0,81.0
2026-08-03T17:00Z,231.0,367.0,376.0,13596.0,19983.0,4216.0,264.0,20208.0,2508.0,8119.0,21505.0,2071.0,12514.0,5678.0,2379.0,1528.0,1806.0,588.0,4246.0,1245.0,2338.0,2438.0,3751.0,13685.0,5015.0,12218.0,23014.0,12822.0,26209.0,1675.0,1026.0,1729.0,560.0,840.0,1536.0,1349.0,358.0,878.0,8012.0,3227.0,1601.0,19938.0,6808.0,9587.0,4712.0,13301.0,2351.0,3547.0,20713.0,2792.0,1719.0,1613.0,3327.0,2337.0,6184.0,4279.0,5886.0,2250.0,6227.0,243.0,2.0,25.0,34.0,3.0,69.0,,83.0,1617.0,327.0,7754.0,812.0,1418.0,165.0,332.0,2720.0,649.0,1439.0,3311.0,5903.0,2588.0,1020.0,525.0,5574.0,4606.0,1365.0,4960.0,495.0,3156.0,82.0
2026-08-03T18:00Z,232.0,376.0,389.0,13900.0,20412.0,3788.0,260.0,21263.0,2646.0,8294.0,23198.0,2221.0,13458.0,6119.0,2520.0,1550.0,1830.0,594.0,4250.0,1215.0,2327.0,2408.0,3684.0,14135.0,5346.0,12730.0,23497.0,13411.0,27715.0,1715.0,1002.0,1692.0,558.0,790.0,1441.0,1404.0,357.0,916.0,8180.0,3316.0,1694.0,20643.0,6936.0,9860.0,4818.0,13886.0,2459.0,3699.0,21202.0,2798.0,1771.0,1686.0,3475.0,2387.0,6333.0,4447.0,6008.0,2283.0,6743.0,247.0,2.0,25.0,34.0,3.0,71.0,,86.0,1701.0,347.0,8310.0,880.0,1450.0,179.0,350.0,2876.0,689.0,1536.0,3424.0,6312.0,2714.0,1070.0,556.0,5774.0,4671.0,1445.0,5287.0,529.0,3344.0,84.0
2026-08-03T19:00Z,232.0,382.0,394.0,14042.0,20354.0,3310.0,237.0,21999.0,2736.0,8230.0,24664.0,2321.0,14164.0,6428.0,2627.0,1595.0,1813.0,553.0,4179.0,1220.0,2325.0,2380.0,3684.0,14594.0,5678.0,13194.0,24275.0,13909.0,28864.0,1759.0,1014.0,1612.0,575.0,790.0,1441.0,1330.0,373.0,925.0,8256.0,3384.0,1727.0,20912.0,7136.0,10028.0,4956.0,14509.0,2557.0,3837.0,21635.0,2889.0,1826.0,1756.0,3707.0,2432.0,6557.0,4399.0,6111.0,2272.0,6404.0,253.0,3.0,27.0,35.0,3.0,72.0,4.0,91.0,1803.0,367.0,8757.0,926.0,1487.0,191.0,372.0,3013.0,717.0,1623.0,3506.0,6649.0,2820.0,1111.0,587.0,5948.0,4724.0,1517.0,5563.0,585.0,3548.0,89.0
2026-08-03T20:00Z,224.0,380.0,392.0,14093.0,20566.0,2939.0,205.0,22420.0,2809.0,8011.0,25914.0,2370.0,14691.0,6638.0,2713.0,1569.0,1797.0,580.0,4195.0,1210.0,2326.0,2354.0,3696.0,14892.0,5955.0,13551.0,24875.0,14286.0,29813.0,1785.0,1067.0,1572.0,569.0,784.0,1440.0,1424.0,364.0,936.0,8449.0,3463.0,1845.0,21293.0,7313.0,10166.0,5108.0,15009.0,2623.0,3962.0,21902.0,3062.0,1879.0,1818.0,3828.0,2476.0,6785.0,4492.0,6197.0,2278.0,6937.0,271.0,2.0,29.0,34.0,3.0,74.0,5.0,92.0,1921.0,384.0,9114.0,966.0,1513.0,201.0,379.0,3130.0,731.0,1689.0,3574.0,6832.0,2902.0,1136.0,610.0,6096.0,4775.0,1574.0,5773.0,658.0,3665.0,88.0
2026-08-03T21:00Z,223.0,379.0,384.0,14716.0,21065.0,2695.0,174.0,22505.0,2842.0,7635.0,26826.0,2444.0,14594.0,6729.0,2779.0,1590.0,1801.0,616.0,4346.0,1226.0,2363.0,2357.0,3764.0,15218.0,6146.0,13742.0,25439.0,14596.0,30461.0,1839.0,1122.0,1559.0,560.0,762.0,1556.0,1541.0,381.0,985.0,8728.0,3544.0,2029.0,21672.0,7537.0,10340.0,5297.0,15368.0,2676.0,4059.0,22063.0,3160.0,1955.0,1914.0,4092.0,2524.0,6926.0,4686.0,6294.0,2301.0,7364.0,282.0,2.0,30.0,33.0,3.0,75.0,8.0,93.0,2055.0,387.0,9351.0,989.0,1536.0,209.0,382.0,3221.0,743.0,1734.0,3646.0,7022.0,2951.0,1167.0,626.0,6191.0,4797.0,1618.0,5924.0,681.0,3761.0,87.0
2026-08-03T22:00Z,235.0,383.0,400.0,15500.0,21698.0,2996.0,167.0,22595.0,2848.0,7491.0,27228.0,2461.0,14756.0,6676.0,2817.0,1645.0,1815.0,661.0,4479.0,1249.0,2421.0,2396.0,3823.0,15423.0,6307.0,13903.0,25825.0,14716.0,30705.0,1907.0,1187.0,1632.0,557.0,763.0,1583.0,1600.0,409.0,998.0,8712.0,3742.0,2054.0,21804.0,7641.0,10430.0,5367.0,15649.0,2723.0,4137.0,22152.0,3228.0,1995.0,2073.0,4257.0,2577.0,7017.0,4670.0,6428.0,2321.0,7578.0,285.0,2.0,32.0,31.0,4.0,74.0,18.0,93.0,2171.0,407.0,9440.0,1014.0,1540.0,217.0,377.0,3240.0,758.0,1747.0,3679.0,7054.0,2989.0,1186.0,637.0,6253.0,4775.0,1642.0,6018.0,679.0,3822.0,87.0
2026-08-03T23:00Z,236.0,379.0,404.0,16199.0,22117.0,3222.0,169.0,22365.0,2842.0,7401.0,27311.0,2475.0,14884.0,6676.0,2804.0,1652.0,1800.0,684.0,4565.0,1289.0,2468.0,2414.0,3790.0,15587.0,6459.0,13931.0,25890.0,14790.0,30703.0,1983.0,1276.0,1823.0,554.0,853.0,1648.0,1629.0,407.0,986.0,8322.0,3803.0,2062.0,21689.0,7674.0,10340.0,5402.0,15760.0,2711.0,4104.0,22052.0,3268.0,1969.0,2044.0,4351.0,2549.0,6889.0,4617.0,6431.0,2311.0,7582.0,274.0,2.0,31.0,33.0,4.0,73.0,20.0,93.0,2247.0,418.0,9379.0,1023.0,1534.0,221.0,374.0,3239.0,763.0,1734.0,3673.0,7012.0,2997.0,1182.0,641.0,6265.0,4730.0,1666.0,6010.0,655.0,3828.0,87.0
2026-08-04T00:00Z,232.0,368.0,403.0,17108.0,22039.0,3399.0,174.0,21667.0,2866.0,7417.0,27320.0,2444.0,15159.0,6707.0,2635.0,1599.0,1751.0,689.0,4421.0,1241.0,2416.0,2379.0,3629.0,15321.0,6615.0,13808.0,25594.0,14551.0,30369.0,2041.0,1366.0,1968.0,573.0,971.0,1698.0,1608.0,386.0,940.0,7938.0,3669.0,2043.0,21232.0,7397.0,9948.0,5277.0,15532.0,2644.0,3971.0,21599.0,3212.0,1903.0,1984.0,4212.0,2466.0,6548.0,4508.0,6319.0,2269.0,7350.0,255.0,2.0,31.0,36.0,3.0,71.0,16.0,93.0,2262.0,421.0,9193.0,1005.0,1510.0,217.0,369.0,3152.0,737.0,1721.0,3692.0,6912.0,2943.0,1168.0,630.0,6256.0,4656.0,1659.0,5904.0,648.0,3780.0,87.0
2026-08-04T01:00Z,209.0,344.0,404.0,17959.0,21361.0,3596.0,176.0,21014.0,2849.0,7634.0,26411.0,2410.0,15112.0,6617.0,2717.0,1555.0,1684.0,688.0,4248.0,1235.0,2377.0,2329.0,3563.0,15009.0,6629.0,13301.0,24509.0,13999.0,29439.0,2010.0,1355.0,1986.0,573.0,1006.0,1685.0,1538.0,372.0,891.0,7626.0,3475.0,1954.0,20404.0,6972.0,9417.0,5043.0,15039.0,2511.0,3759.0,21005.0,3062.0,1793.0,1943.0,3861.0,2342.0,6183.0,4311.0,6057.0,2224.0,7040.0,240.0,2.0,29.0,38.0,3.0,66.0,19.0,90.0,2241.0,422.0,8792.0,958.0,1482.0,206.0,356.0,3009.0,704.0,1641.0,3622.0,6713.0,2843.0,1151.0,597.0,6207.0,4533.0,1588.0,5694.0,630.0,3733.0,86.0
2026-08-04T02:00Z,215.0,321.0,391.0,18907.0,20473.0,3661.0,141.0,20329.0,2778.0,8026.0,24929.0,2332.0,14456.0,6391.0,2598.0,1476.0,1572.0,671.0,3981.0,1137.0,2237.0,2210.0,3409.0,14718.0,6400.0,12808.0,23475.0,13357.0,28177.0,1950.0,1302.0,1918.0,554.0,961.0,1612.0,1444.0,358.0,849.0,7325.0,3273.0,1845.0,19743.0,6639.0,9053.0,4768.0,14456.0,2401.0,3618.0,20083.0,2873.0,1710.0,1839.0,3610.0,2198.0,5874.0,4090.0,5755.0,2155.0,6702.0,224.0,2.0,28.0,37.0,3.0,64.0,28.0,89.0,2186.0,413.0,8276.0,894.0,1455.0,191.0,350.0,2895.0,669.0,1558.0,3520.0,6404.0,2716.0,1125.0,562.0,6078.0,4418.0,1509.0,5420.0,601.0,3648.0,84.0
2026-08-04T03:00Z,224.0,309.0,384.0,18796.0,19612.0,3560.0,103.0,19633.0,2678.0,8126.0,23713.0,2217.0,13847.0,6081.0,2488.0,1356.0,1425.0,631.0,3591.0,1028.0,2006.0,2027.0,3134.0,14441.0,6074.0,12068.0,22157.0,12751.0,27019.0,1854.0,1212.0,1796.0,587.0,886.0,1496.0,1325.0,329.0,790.0,6890.0,3014.0,1695.0,18540.0,6111.0,8373.0,4356.0,13802.0,2210.0,3352.0,18933.0,2612.0,1582.0,1737.0,3242.0,2006.0,5449.0,3757.0,5310.0,1998.0,6194.0,204.0,2.0,26.0,35.0,3.0,63.0,33.0,88.0,2110.0,399.0,7835.0,834.0,1421.0,177.0,339.0,2768.0,653.0,1476.0,3397.0,6131.0,2617.0,1087.0,526.0,5914.0,4327.0,1446.0,5121.0,575.0,3530.0,84.0
2026-08-04T04:00Z,218.0,296.0,373.0,18461.0,18708.0,3449.0,96.0,18630.0,2582.0,7958.0,22022.0,2049.0,13040.0,5800.0,2312.0,1240.0,1289.0,589.0,3219.0,978.0,1813.0,1859.0,2864.0,13613.0,5607.0,11152.0,21201.0,11913.0,25402.0,1747.0,1121.0,1685.0,595.0,815.0,1397.0,1210.0,292.0,726.0,6458.0,2728.0,1534.0,17299.0,5595.0,7713.0,3952.0,12903.0,2012.0,3067.0,17808.0,2367.0,1471.0,1547.0,2878.0,1845.0,4910.0,3441.0,4904.0,1873.0,5678.0,185.0,3.0,23.0,38.0,3.0,62.0,31.0,86.0,1968.0,365.0,7273.0,757.0,1389.0,158.0,314.0,2555.0,610.0,1344.0,3254.0,5743.0,2453.0,1041.0,478.0,5702.0,4181.0,1359.0,4736.0,546.0,3370.0,84.0
2026-08-04T05:00Z,213.0,275.0,359.0,17505.0,17956.0,3374.0,89.0,17503.0,2380.0,7806.0,20264.0,1901.0,12111.0,5590.0,2139.0,1160.0,1190.0,553.0,2950.0,868.0,1656.0,1740.0,2666.0,12576.0,5152.0,10393.0,19764.0,11112.0,23816.0,1646.0,1044.0,1591.0,576.0,767.0,1319.0,1117.0,266.0,682.0,6087.0,2486.0,1390.0,16345.0,5206.0,7210.0,3621.0,11984.0,1865.0,2819.0,16851.0,2166.0,1370.0,1427.0,2596.0,1715.0,4530.0,3165.0,4565.0,1761.0,5236.0,170.0,2.0,20.0,36.0,3.0,60.0,33.0,84.0,1830.0,339.0,6713.0,686.0,1345.0,141.0,302.0,2349.0,563.0,1223.0,3157.0,5391.0,2291.0,991.0,435.0,5499.0,4037.0,1257.0,4345.0,492.0,3161.0,81.0
2026-08-04T06:00Z,210.0,255.0,350.0,15987.0,16776.0,3179.0,63.0,,,,,,,,,1097.0,1129.0,522.0,2806.0,828.0,1543.0,1644.0,2516.0,11826.0,4818.0,9757.0,18684.0,10611.0,22576.0,1579.0,987.0,1517.0,549.0,734.0,1269.0,1042.0,246.0,636.0,5786.0,2289.0,1277.0,15636.0,4998.0,6866.0,3379.0,11252.0,1744.0,2615.0,16154.0,2021.0,1304.0,1332.0,2363.0,1608.0,4225.0,2946.0,4346.0,1697.0,4893.0,158.0,2.0,19.0,39.0,2.0,59.0,30.0,81.0,1695.0,310.0,6236.0,627.0,1293.0,127.0,286.0,2174.0,518.0,1118.0,3026.0,5046.0,2167.0,944.0,400.0,5341.0,3872.0,1178.0,4028.0,438.0,2941.0,76.0
2026-08-04T07:00Z,208.0,243.0,343.0,14560.0,15428.0,2949.0,51.0,,,,,,,,,1063.0,1089.0,507.0,2691.0,782.0,1464.0,1571.0,2403.0,11269.0,4602.0,9383.0,17925.0,10125.0,21840.0,1521.0,950.0,1467.0,540.0,718.0,1229.0,993.0,231.0,601.0,5577.0,2154.0,1195.0,15173.0,4793.0,6578.0,3199.0,10670.0,1667.0,2474.0,15662.0,1921.0,1231.0,1253.0,2210.0,1541.0,4034.0,2806.0,4182.0,1648.0,4637.0,149.0,2.0,17.0,37.0,2.0,58.0,28.0,79.0,1592.0,293.0,5866.0,586.0,1270.0,117.0,273.0,2036.0,499.0,1028.0,2948.0,4830.0,2078.0,899.0,375.0,5198.0,3772.0,1133.0,3762.0,390.0,2771.0,73.0
2026-08-04T08:00Z,207.0,236.0,339.0,13780.0,14171.0,2950.0,39.0,,,,,,,,,1048.0,1071.0,499.0,2555.0,780.0,1416.0,1539.0,2345.0,10903.0,4450.0,9061.0,17441.0,9771.0,21148.0,1491.0,924.0,1447.0,536.0,703.0,1210.0,960.0,221.0,579.0,5436.0,2064.0,1144.0,15016.0,4694.0,6473.0,3091.0,10237.0,1615.0,2384.0,15396.0,1855.0,1204.0,1116.0,2125.0,1509.0,3910.0,2737.0,4062.0,1640.0,4470.0,144.0,2.0,16.0,38.0,2.0,57.0,26.0,78.0,1514.0,280.0,5608.0,563.0,1252.0,109.0,268.0,1937.0,481.0,979.0,2875.0,4636.0,2028.0,874.0,356.0,5091.0,3724.0,1094.0,3582.0,363.0,2649.0,71.0
2026-08-04T09:00Z,208.0,230.0,337.0,12970.0,13310.0,2876.0,42.0,,,,,,,,,1068.0,1082.0,498.0,2557.0,773.0,1414.0,1551.0,2347.0,10599.0,4281.0,8992.0,17232.0,9542.0,20554.0,1487.0,922.0,1468.0,542.0,704.0,1217.0,941.0,217.0,569.0,5402.0,2044.0,1128.0,15076.0,4630.0,6386.0,3061.0,9977.0,1611.0,2368.0,15359.0,1836.0,1201.0,1066.0,2091.0,1507.0,3867.0,2754.0,4042.0,1626.0,4425.0,143.0,2.0,15.0,38.0,2.0,57.0,26.0,77.0,1454.0,267.0,5455.0,549.0,1254.0,105.0,259.0,1875.0,466.0,951.0,2811.0,4489.0,1983.0,848.0,347.0,5010.0,3682.0,1070.0,3475.0,342.0,2556.0,69.0
2026-08-04T10:00Z,205.0,228.0,336.0,12345.0,12868.0,2654.0,40.0,,,,,,,,,1121.0,1136.0,524.0,2672.0,771.0,1467.0,1592.0,2436.0,10502.0,4264.0,9277.0,17651.0,9551.0,20308.0,1527.0,952.0,1524.0,576.0,730.0,1259.0,953.0,224.0,583.0,5558.0,2080.0,1147.0,15386.0,4799.0,6652.0,3141.0,9996.0,1675.0,2442.0,15650.0,1882.0,1230.0,1202.0,2186.0,1568.0,3994.0,2924.0,4192.0,1709.0,4518.0,146.0,2.0,15.0,37.0,2.0,57.0,25.0,77.0,1400.0,263.0,5362.0,548.0,1254.0,104.0,256.0,1860.0,463.0,931.0,2802.0,4435.0,1974.0,838.0,344.0,4972.0,3676.0,1059.0,3465.0,325.0,2509.0,67.0
2026-08-04T11:00Z,203.0,232.0,337.0,12275.0,12777.0,2504.0,43.0,,,,,,,,,1169.0,1232.0,545.0,2905.0,817.0,1552.0,1705.0,2631.0,10728.0,4355.0,9593.0,18546.0,9812.0,20432.0,1578.0,989.0,1592.0,578.0,749.0,1286.0,984.0,235.0,621.0,5942.0,2161.0,1175.0,15863.0,4983.0,6937.0,3262.0,10341.0,1783.0,2585.0,16134.0,1958.0,1260.0,1289.0,2273.0,1651.0,4167.0,3104.0,4453.0,1836.0,4633.0,154.0,2.0,15.0,32.0,2.0,57.0,26.0,77.0,1370.0,260.0,5440.0,570.0,1263.0,105.0,259.0,1903.0,479.0,967.0,2814.0,4462.0,2009.0,854.0,356.0,4962.0,3701.0,1062.0,3587.0,317.0,2492.0,70.0
2026-08-04T12:00Z,208.0,242.0,341.0,12223.0,12524.0,2482.0,51.0,,,,,,,,,1154.0,1330.0,518.0,3128.0,898.0,1649.0,1800.0,2830.0,11258.0,4492.0,9857.0,19130.0,10215.0,20821.0,1610.0,981.0,1536.0,536.0,671.0,1272.0,1004.0,250.0,675.0,6437.0,2292.0,1233.0,16443.0,5204.0,7306.0,3425.0,10896.0,1880.0,2700.0,16619.0,2022.0,1354.0,1363.0,2387.0,1755.0,4450.0,3250.0,4668.0,1932.0,4858.0,168.0,2.0,16.0,35.0,2.0,59.0,27.0,76.0,1348.0,264.0,5613.0,604.0,1272.0,106.0,269.0,1966.0,510.0,996.0,2873.0,4582.0,2085.0,883.0,372.0,4979.0,3805.0,1075.0,3760.0,322.0,2528.0,69.0
2026-08-04T13:00Z,194.0,259.0,346.0,12467.0,12551.0,2565.0,44.0,,,,,,,,,1131.0,1387.0,419.0,3181.0,935.0,1727.0,1830.0,2979.0,11656.0,4570.0,10231.0,19807.0,10810.0,21211.0,1607.0,920.0,1376.0,494.0,578.0,1187.0,998.0,257.0,708.0,6851.0,2427.0,1279.0,16940.0,5413.0,7652.0,3552.0,11452.0,1986.0,2855.0,17205.0,2094.0,1439.0,1408.0,2508.0,1841.0,4753.0,3374.0,4824.0,1995.0,5015.0,184.0,2.0,16.0,31.0,2.0,60.0,26.0,77.0,1328.0,269.0,5768.0,639.0,1276.0,111.0,288.0,2066.0,536.0,1047.0,2882.0,4673.0,2161.0,898.0,400.0,4969.0,3893.0,1090.0,3917.0,336.0,2570.0,70.0
2026-08-04T14:00Z,201.0,278.0,349.0,12656.0,12993.0,2733.0,60.0,,,,,,,,,1074.0,1418.0,327.0,3109.0,1078.0,1772.0,1822.0,3094.0,11742.0,4624.0,10713.0,20887.0,11296.0,22159.0,1623.0,905.0,1268.0,491.0,523.0,1117.0,989.0,266.0,734.0,7133.0,2533.0,1296.0,17584.0,5672.0,8083.0,3683.0,12114.0,2082.0,3048.0,17850.0,2234.0,1525.0,1543.0,2627.0,1896.0,5075.0,3436.0,4958.0,2062.0,5129.0,199.0,3.0,18.0,31.0,2.0,62.0,7.0,79.0,1334.0,277.0,6186.0,694.0,1318.0,120.0,293.0,2193.0,552.0,1128.0,2941.0,4920.0,2209.0,916.0,436.0,5046.0,3943.0,1145.0,4101.0,350.0,2624.0,73.0
2026-08-04T15:00Z,213.0,292.0,352.0,13506.0,15762.0,3587.0,180.0,,,,,,,,,1074.0,1460.0,276.0,3231.0,1092.0,1820.0,1833.0,3184.0,11787.0,4814.0,11368.0,21945.0,11738.0,23730.0,1660.0,935.0,1261.0,501.0,516.0,1099.0,1009.0,280.0,760.0,7315.0,2678.0,1322.0,18415.0,5949.0,8486.0,3860.0,12907.0,2208.0,3253.0,18636.0,2343.0,1590.0,1643.0,2749.0,1967.0,5318.0,3522.0,5167.0,2133.0,5294.0,213.0,2.0,21.0,36.0,2.0,65.0,,82.0,1411.0,289.0,6721.0,756.0,1358.0,131.0,308.0,2316.0,561.0,1202.0,2959.0,5292.0,2260.0,942.0,474.0,5182.0,3989.0,1222.0,4258.0,355.0,2659.0,75.0
2026-08-04T16:00Z,217.0,299.0,355.0,13686.0,18760.0,4313.0,261.0,,,,,,,,,1101.0,1490.0,257.0,3369.0,997.0,1897.0,1855.0,3237.0,11959.0,5101.0,11954.0,23081.0,12370.0,25462.0,1712.0,989.0,1284.0,499.0,528.0,1122.0,1059.0,301.0,777.0,7445.0,2875.0,1360.0,19320.0,6284.0,8818.0,4040.0,13735.0,2327.0,3467.0,19308.0,2495.0,1658.0,1700.0,2992.0,2050.0,5588.0,3651.0,5348.0,2176.0,5550.0,229.0,2.0,23.0,36.0,2.0,68.0,,83.0,1477.0,302.0,7363.0,819.0,1409.0,147.0,324.0,2495.0,570.0,1311.0,2957.0,5728.0,2385.0,974.0,515.0,5347.0,4090.0,1302.0,4553.0,359.0,2698.0,78.0
2026-08-04T17:00Z,212.0,306.0,357.0,13672.0,19172.0,4408.0,261.0,,,,,,,,,1131.0,1540.0,255.0,3525.0,1097.0,2020.0,1912.0,3334.0,12101.0,5446.0,12505.0,24136.0,12987.0,27202.0,1755.0,1028.0,1314.0,490.0,555.0,1160.0,1131.0,322.0,803.0,7575.0,3063.0,1463.0,20152.0,6596.0,9163.0,4231.0,14467.0,2441.0,3671.0,20072.0,2612.0,1753.0,1861.0,3145.0,2147.0,5832.0,3833.0,5504.0,2241.0,5769.0,246.0,2.0,26.0,37.0,3.0,70.0,,85.0,1579.0,317.0,8036.0,888.0,1460.0,166.0,343.0,2712.0,579.0,1444.0,2949.0,6206.0,2431.0,999.0,559.0,5527.0,4152.0,1398.0,4901.0,366.0,2767.0,81.0
2026-08-04T18:00Z,218.0,313.0,366.0,13116.0,19575.0,3938.0,263.0,,,,,,,,,1182.0,1607.0,269.0,3741.0,1185.0,2134.0,1993.0,3458.0,12362.0,5805.0,13036.0,25120.0,13471.0,28651.0,1826.0,1085.0,1395.0,493.0,589.0,1217.0,1218.0,337.0,838.0,7721.0,3282.0,1556.0,21073.0,6992.0,9633.0,4418.0,15157.0,2554.0,3854.0,20629.0,2721.0,1873.0,2056.0,3433.0,2263.0,6069.0,4009.0,5700.0,2291.0,6169.0,266.0,2.0,28.0,35.0,3.0,72.0,0.0,89.0,1691.0,324.0,8674.0,955.0,1499.0,185.0,364.0,2939.0,565.0,1571.0,2945.0,6669.0,2325.0,1024.0,604.0,5712.0,4175.0,1496.0,5259.0,369.0,2832.0,81.0
2026-08-04T19:00Z,212.0,319.0,370.0,13331.0,19757.0,3504.0,236.0,,,,,,,,,1221.0,1679.0,294.0,3969.0,1249.0,2260.0,2099.0,3593.0,12647.0,6096.0,13498.0,25984.0,13776.0,29873.0,1883.0,1132.0,1428.0,501.0,611.0,1272.0,1288.0,359.0,871.0,7820.0,3464.0,1666.0,21685.0,7344.0,10016.0,4636.0,15835.0,2656.0,4014.0,20915.0,2911.0,1988.0,2192.0,3722.0,2355.0,6293.0,4210.0,5871.0,2325.0,6455.0,281.0,2.0,30.0,37.0,3.0,74.0,4.0,90.0,1818.0,341.0,9252.0,1019.0,1536.0,203.0,387.0,3106.0,560.0,1685.0,2921.0,7081.0,2263.0,1049.0,648.0,5909.0,4203.0,1578.0,5572.0,383.0,2906.0,82.0
2026-08-04T20:00Z,212.0,327.0,362.0,13871.0,19618.0,2933.0,212.0,,,,,,,,,1285.0,1762.0,346.0,4234.0,1291.0,2426.0,2240.0,3745.0,12850.0,6300.0,13815.0,26619.0,14015.0,30745.0,1943.0,1181.0,1504.0,521.0,642.0,1362.0,1380.0,381.0,913.0,7949.0,3628.0,1797.0,22031.0,7612.0,10291.0,4879.0,16303.0,2732.0,4147.0,20865.0,2988.0,2078.0,2259.0,3964.0,2417.0,6519.0,4436.0,6026.0,2362.0,6807.0,297.0,2.0,32.0,35.0,3.0,75.0,10.0,92.0,1951.0,375.0,9571.0,1059.0,1567.0,213.0,399.0,3241.0,559.0,1752.0,2868.0,7299.0,2240.0,1058.0,676.0,6060.0,4217.0,1628.0,5810.0,400.0,3025.0,84.0
2026-08-04T21:00Z,211.0,337.0,368.0,14348.0,20046.0,2671.0,179.0,,,,,,,,,1416.0,1851.0,448.0,4507.0,1328.0,2553.0,2413.0,3898.0,12902.0,6485.0,14116.0,27117.0,14126.0,31296.0,2015.0,1234.0,1605.0,522.0,709.0,1491.0,1513.0,399.0,960.0,8046.0,3747.0,1948.0,22406.0,7839.0,10682.0,5105.0,16639.0,2815.0,4260.0,20840.0,3129.0,2166.0,2309.0,4261.0,2489.0,6715.0,4607.0,6214.0,2407.0,7150.0,307.0,2.0,33.0,35.0,3.0,76.0,20.0,92.0,2078.0,389.0,9787.0,1078.0,1571.0,223.0,400.0,3281.0,554.0,1805.0,2846.0,7453.0,2215.0,1065.0,691.0,6172.0,4198.0,1671.0,5894.0,420.0,3108.0,87.0
2026-08-04T22:00Z,215.0,344.0,370.0,14936.0,20437.0,2555.0,163.0,,,,,,,,,1587.0,1939.0,576.0,4752.0,1374.0,2666.0,2554.0,3994.0,13021.0,6707.0,14279.0,27319.0,14063.0,31320.0,2097.0,1305.0,1761.0,537.0,799.0,1641.0,1652.0,418.0,996.0,8068.0,3880.0,2088.0,22592.0,7947.0,10827.0,5267.0,16950.0,2871.0,4351.0,20800.0,3223.0,2219.0,2319.0,4454.0,2556.0,6858.0,4705.0,6460.0,2438.0,7460.0,309.0,2.0,32.0,28.0,4.0,75.0,13.0,74.0,2179.0,405.0,9827.0,1093.0,1578.0,224.0,394.0,3293.0,545.0,1787.0,2840.0,7492.0,2176.0,1065.0,696.0,6226.0,4211.0,1701.0,5948.0,436.0,3173.0,88.0
2026-08-04T23:00Z,227.0,347.0,373.0,15785.0,20891.0,2705.0,170.0,,,,,,,,,1706.0,1949.0,693.0,4794.0,1356.0,2661.0,2577.0,3924.0,13115.0,6874.0,14264.0,27195.0,13965.0,30943.0,2172.0,1400.0,1982.0,574.0,938.0,1800.0,1722.0,421.0,990.0,7823.0,3872.0,2109.0,22550.0,7940.0,10816.0,5195.0,17142.0,2866.0,4327.0,20432.0,3158.0,2231.0,2395.0,4474.0,2541.0,6710.0,4556.0,6445.0,2412.0,7517.0,296.0,3.0,33.0,40.0,4.0,74.0,16.0,85.0,2208.0,408.0,9739.0,1092.0,1577.0,227.0,395.0,3340.0,536.0,1803.0,2856.0,7420.0,2176.0,1038.0,690.0,6256.0,4201.0,1709.0,5938.0,456.0,3220.0,88.0
2026-08-05T00:00Z,232.0,344.0,372.0,16229.0,20535.0,2939.0,173.0,,,,,,,,,1683.0,1875.0,708.0,4625.0,1292.0,2554.0,2516.0,3801.0,12929.0,6989.0,14072.0,26663.0,13712.0,30384.0,2218.0,1473.0,2134.0,608.0,1052.0,1854.0,1705.0,400.0,945.0,7538.0,3701.0,2014.0,22157.0,7739.0,10505.0,5058.0,16912.0,2801.0,4227.0,19948.0,3027.0,2173.0,2356.0,4193.0,2454.0,6425.0,4423.0,6326.0,2381.0,7291.0,273.0,2.0,33.0,47.0,4.0,72.0,22.0,86.0,2210.0,413.0,9507.0,1076.0,1569.0,226.0,386.0,3272.0,526.0,1767.0,2816.0,7283.0,2151.0,1026.0,673.0,6240.0,4166.0,1694.0,5849.0,474.0,3262.0,89.0
2026-08-05T01:00Z,207.0,339.0,372.0,17223.0,19725.0,3227.0,174.0,,,,,,,,,1646.0,1789.0,704.0,4428.0,1255.0,2448.0,2456.0,3721.0,12707.0,6903.0,13580.0,25665.0,13268.0,29183.0,2149.0,1446.0,2139.0,574.0,1082.0,1824.0,1609.0,387.0,900.0,7322.0,3482.0,1923.0,21203.0,7433.0,10005.0,4959.0,16371.0,2671.0,4059.0,19691.0,2936.0,2075.0,2222.0,3877.0,2343.0,6194.0,4307.0,6130.0,2316.0,7014.0,254.0,2.0,31.0,37.0,3.0,66.0,26.0,84.0,2150.0,405.0,9115.0,1029.0,1537.0,216.0,378.0,3145.0,509.0,1666.0,2848.0,7085.0,2113.0,1015.0,643.0,6146.0,4134.0,1637.0,5605.0,478.0,3261.0,89.0
2026-08-05T02:00Z,214.0,327.0,370.0,18086.0,19206.0,3385.0,134.0,,,,,,,,,1544.0,1658.0,711.0,4147.0,1142.0,2268.0,2327.0,3543.0,12451.0,6705.0,13032.0,24713.0,12799.0,28222.0,2060.0,1376.0,2035.0,531.0,1028.0,1739.0,1513.0,363.0,859.0,7163.0,3256.0,1824.0,20548.0,7078.0,9579.0,4771.0,15806.0,2548.0,3898.0,19166.0,2796.0,1975.0,2109.0,3606.0,2230.0,5901.0,4152.0,5739.0,2236.0,6721.0,235.0,2.0,29.0,28.0,3.0,64.0,27.0,83.0,2094.0,391.0,8614.0,972.0,1490.0,203.0,364.0,3064.0,500.0,1601.0,2791.0,6812.0,2094.0,1006.0,612.0,6009.0,4040.0,1573.0,5367.0,461.0,3212.0,87.0
2026-08-05T03:00Z,225.0,319.0,368.0,17949.0,18402.0,3320.0,86.0,,,,,,,,,1398.0,1495.0,675.0,3731.0,1000.0,2012.0,2138.0,3283.0,12123.0,6333.0,12236.0,23309.0,12362.0,26896.0,1928.0,1265.0,1873.0,561.0,942.0,1597.0,1383.0,328.0,805.0,6847.0,2984.0,1675.0,19344.0,6623.0,8851.0,4429.0,15143.0,2351.0,3609.0,18279.0,2577.0,1848.0,1957.0,3242.0,2052.0,5506.0,3860.0,5443.0,2086.0,6256.0,214.0,2.0,27.0,29.0,3.0,63.0,31.0,84.0,2036.0,379.0,8165.0,907.0,1456.0,192.0,363.0,2957.0,498.0,1516.0,2796.0,6540.0,2073.0,977.0,576.0,5876.0,3972.0,1512.0,5151.0,443.0,3156.0,87.0
2026-08-05T04:00Z,224.0,305.0,364.0,17564.0,17954.0,3279.0,106.0,,,,,,,,,1276.0,1351.0,629.0,3345.0,944.0,1827.0,1953.0,3020.0,11653.0,5846.0,11291.0,21872.0,11617.0,25453.0,1800.0,1168.0,1738.0,553.0,861.0,1470.0,1265.0,299.0,744.0,6485.0,2682.0,1521.0,18172.0,6072.0,8117.0,4040.0,14187.0,2159.0,3336.0,17362.0,2351.0,1716.0,1768.0,2914.0,1893.0,5068.0,3558.0,5015.0,1941.0,5769.0,193.0,2.0,24.0,28.0,3.0,62.0,30.0,82.0,1976.0,360.0,7600.0,833.0,1419.0,176.0,352.0,2780.0,482.0,1411.0,2764.0,6160.0,1993.0,936.0,529.0,5672.0,3863.0,1424.0,4808.0,422.0,3080.0,84.0
2026-08-05T05:00Z,215.0,281.0,355.0,16754.0,17295.0,3237.0,89.0,,,,,,,,,1197.0,1244.0,625.0,3043.0,871.0,1653.0,1819.0,2802.0,10856.0,5366.0,10519.0,21234.0,11055.0,23971.0,1695.0,1087.0,1631.0,543.0,800.0,1369.0,1165.0,275.0,699.0,6173.0,2451.0,1385.0,17106.0,5683.0,7585.0,3722.0,13286.0,2000.0,3091.0,16659.0,2172.0,1613.0,1603.0,2620.0,1776.0,4745.0,3320.0,4710.0,1817.0,5353.0,176.0,2.0,22.0,29.0,3.0,61.0,33.0,79.0,1847.0,332.0,7045.0,758.0,1380.0,160.0,329.0,2572.0,449.0,1285.0,2662.0,5794.0,1887.0,874.0,481.0,5468.0,3750.0,1335.0,4422.0,397.0,2885.0,82.0
2026-08-05T06:00Z,212.0,260.0,346.0,15419.0,16259.0,3093.0,71.0,16876.0,2409.0,7798.0,19143.0,1893.0,11276.0,5278.0,2183.0,1136.0,1170.0,596.0,2838.0,822.0,1536.0,1725.0,2636.0,,,,,,,1615.0,1030.0,1556.0,531.0,756.0,1313.0,1087.0,257.0,652.0,5907.0,2268.0,1289.0,16354.0,5456.0,7121.0,3508.0,12470.0,1882.0,2897.0,16141.0,2049.0,1527.0,1511.0,2430.0,1688.0,4460.0,3145.0,4496.0,1749.0,5025.0,163.0,2.0,20.0,30.0,2.0,60.0,30.0,78.0,1704.0,307.0,6618.0,697.0,1347.0,146.0,314.0,2391.0,424.0,1190.0,2596.0,5474.0,1814.0,835.0,443.0,5317.0,3647.0,1266.0,4130.0,362.0,2693.0,78.0
2026-08-05T07:00Z,205.0,250.0,342.0,14169.0,14920.0,2810.0,66.0,16201.0,2119.0,7821.0,18025.0,1768.0,10587.0,5101.0,2123.0,1105.0,1127.0,546.0,2697.0,779.0,1461.0,1642.0,2526.0,,,,,,,1560.0,995.0,1492.0,525.0,733.0,1273.0,1032.0,238.0,618.0,5727.0,2144.0,1233.0,15972.0,5253.0,6876.0,3379.0,11861.0,1801.0,2780.0,15811.0,1977.0,1469.0,1431.0,2288.0,1627.0,4270.0,3039.0,4348.0,1699.0,4786.0,154.0,2.0,17.0,30.0,2.0,59.0,28.0,76.0,1593.0,290.0,6255.0,653.0,1324.0,135.0,302.0,2263.0,410.0,1108.0,2546.0,5226.0,1767.0,820.0,414.0,5207.0,3582.0,1215.0,3934.0,335.0,2561.0,75.0
2026-08-05T08:00Z,206.0,242.0,339.0,13466.0,13968.0,2865.0,42.0,15657.0,1996.0,7752.0,17257.0,1680.0,10039.0,4926.0,2053.0,1077.0,1103.0,524.0,2609.0,750.0,1417.0,1599.0,2464.0,,,,,,,1517.0,972.0,1463.0,533.0,717.0,1241.0,996.0,226.0,592.0,5604.0,2066.0,1207.0,15710.0,5155.0,6654.0,3315.0,11399.0,1744.0,2678.0,15623.0,1943.0,1428.0,1307.0,2181.0,1602.0,4150.0,2989.0,4254.0,1681.0,4630.0,149.0,3.0,16.0,29.0,2.0,58.0,27.0,76.0,1487.0,279.0,5970.0,624.0,1313.0,126.0,289.0,2156.0,398.0,1053.0,2518.0,5019.0,1751.0,792.0,389.0,5125.0,3542.0,1178.0,3764.0,315.0,2474.0,74.0
2026-08-05T09:00Z,203.0,236.0,338.0,12716.0,13174.0,2706.0,39.0,15287.0,1939.0,7695.0,16799.0,1649.0,9668.0,4825.0,2009.0,1087.0,1112.0,522.0,2595.0,766.0,1411.0,1596.0,2453.0,,,,,,,1499.0,970.0,1465.0,531.0,721.0,1239.0,980.0,221.0,585.0,5584.0,2045.0,1210.0,15648.0,5175.0,6677.0,3333.0,11097.0,1741.0,2638.0,15671.0,1949.0,1429.0,1288.0,2155.0,1609.0,4162.0,3022.0,4271.0,1705.0,4598.0,148.0,2.0,16.0,30.0,2.0,57.0,26.0,75.0,1408.0,268.0,5794.0,607.0,1309.0,120.0,282.0,2075.0,378.0,1017.0,2488.0,4896.0,1743.0,758.0,377.0,5052.0,3521.0,1148.0,3645.0,303.0,2536.0,73.0
2026-08-05T10:00Z,202.0,234.0,338.0,12044.0,12683.0,2508.0,39.0,15205.0,1912.0,7673.0,16667.0,1625.0,9533.0,4802.0,1983.0,1142.0,1165.0,544.0,2699.0,859.0,1476.0,1656.0,2540.0,,,,,,,1541.0,999.0,1521.0,538.0,748.0,1270.0,994.0,227.0,602.0,5740.0,2094.0,1254.0,16111.0,5257.0,6853.0,3444.0,11027.0,1795.0,2693.0,16016.0,2039.0,1442.0,1296.0,2240.0,1675.0,4319.0,3214.0,4444.0,1784.0,4715.0,151.0,2.0,15.0,28.0,2.0,57.0,26.0,75.0,1360.0,262.0,5705.0,610.0,1301.0,118.0,281.0,2054.0,388.0,1004.0,2473.0,4764.0,1758.0,751.0,375.0,4988.0,3545.0,1126.0,3559.0,296.0,2522.0,72.0
2026-08-05T11:00Z,212.0,235.0,340.0,11804.0,12353.0,2403.0,37.0,15398.0,1949.0,7615.0,16862.0,1653.0,9667.0,4846.0,1989.0,1206.0,1254.0,562.0,2881.0,837.0,1553.0,1728.0,2710.0,,,,,,,1593.0,1036.0,1559.0,538.0,778.0,1307.0,1025.0,240.0,640.0,6178.0,2185.0,1313.0,16645.0,5576.0,7180.0,3633.0,11466.0,1906.0,2827.0,16567.0,2156.0,1476.0,1403.0,2356.0,1780.0,4525.0,3471.0,4735.0,1887.0,4877.0,158.0,2.0,15.0,31.0,2.0,57.0,26.0,74.0,1325.0,262.0,5748.0,636.0,1304.0,119.0,287.0,2091.0,413.0,1032.0,2506.0,4758.0,1799.0,772.0,385.0,4982.0,3607.0,1120.0,3616.0,296.0,2533.0,71.0
2026-08-05T12:00Z,214.0,244.0,345.0,11792.0,12324.0,2377.0,38.0,15589.0,2008.0,7572.0,17177.0,1742.0,9894.0,4953.0,1951.0,1202.0,1345.0,545.0,3071.0,889.0,1658.0,1836.0,2912.0,,,,,,,1651.0,1036.0,1540.0,518.0,728.0,1318.0,1065.0,257.0,695.0,6669.0,2337.0,1384.0,17202.0,5762.0,7590.0,3802.0,12024.0,2027.0,2978.0,17118.0,2280.0,1536.0,1379.0,2531.0,1870.0,4790.0,3637.0,4991.0,1998.0,5134.0,172.0,2.0,17.0,31.0,2.0,59.0,26.0,75.0,1334.0,266.0,5892.0,669.0,1305.0,123.0,296.0,2158.0,441.0,1070.0,2581.0,4845.0,1875.0,809.0,401.0,5015.0,3742.0,1125.0,3789.0,307.0,2590.0,73.0
2026-08-05T13:00Z,200.0,262.0,349.0,12067.0,12442.0,2408.0,39.0,15611.0,1979.0,7546.0,17348.0,1765.0,10035.0,4895.0,1917.0,1173.0,1405.0,471.0,3204.0,949.0,1738.0,1878.0,3086.0,,,,,,,1688.0,999.0,1389.0,496.0,634.0,1254.0,1079.0,265.0,718.0,6967.0,2500.0,1448.0,17895.0,5932.0,8123.0,3947.0,12531.0,2145.0,3166.0,17615.0,2378.0,1604.0,1436.0,2681.0,1943.0,5021.0,3742.0,5187.0,2066.0,5272.0,185.0,2.0,16.0,30.0,2.0,60.0,26.0,77.0,1332.0,281.0,6051.0,695.0,1312.0,128.0,311.0,2257.0,464.0,1113.0,2652.0,4946.0,1947.0,833.0,424.0,5036.0,3835.0,1128.0,3922.0,325.0,2661.0,76.0
2026-08-05T14:00Z,210.0,284.0,354.0,12524.0,12788.0,2487.0,70.0,16349.0,2066.0,7504.0,18205.0,1898.0,10314.0,5208.0,1991.0,1142.0,1448.0,386.0,3259.0,1028.0,1820.0,1946.0,3222.0,,,,,,,1746.0,1013.0,1351.0,495.0,600.0,1294.0,1115.0,272.0,730.0,7274.0,2637.0,1504.0,18707.0,6206.0,8660.0,4044.0,12908.0,2265.0,3430.0,18141.0,2438.0,1683.0,1590.0,2890.0,1983.0,5164.0,3809.0,5331.0,2123.0,5466.0,197.0,2.0,19.0,28.0,2.0,61.0,8.0,79.0,1332.0,316.0,6449.0,734.0,1334.0,136.0,320.0,2357.0,477.0,1173.0,2694.0,5211.0,1997.0,853.0,457.0,5093.0,3946.0,1184.0,4044.0,344.0,2580.0,70.0
2026-08-05T15:00Z,229.0,302.0,356.0,13018.0,14428.0,3047.0,162.0,17345.0,2198.0,7565.0,19600.0,2034.0,10845.0,5453.0,2120.0,1167.0,1536.0,361.0,3279.0,1079.0,1937.0,1986.0,3435.0,,,,,,,1832.0,1076.0,1343.0,496.0,598.0,1269.0,1156.0,280.0,775.0,7553.0,2803.0,1588.0,19674.0,6444.0,9256.0,4128.0,13354.0,2416.0,3678.0,18818.0,2534.0,1729.0,1774.0,3107.0,2053.0,5296.0,3947.0,5453.0,2254.0,5889.0,213.0,2.0,21.0,31.0,3.0,64.0,,83.0,1452.0,301.0,7033.0,783.0,1385.0,143.0,315.0,2390.0,488.0,1219.0,2729.0,5569.0,2027.0,856.0,492.0,5233.0,3991.0,1261.0,4157.0,354.0,2616.0,62.0
2026-08-05T16:00Z,226.0,318.0,360.0,13812.0,19058.0,3367.0,256.0,18498.0,2423.0,7673.0,21200.0,2156.0,11526.0,5684.0,2177.0,1208.0,1611.0,341.0,3459.0,1068.0,2025.0,2016.0,3521.0,,,,,,,1939.0,1160.0,1401.0,494.0,620.0,1228.0,1194.0,303.0,825.0,7744.0,3023.0,1682.0,20659.0,6755.0,9691.0,4299.0,14277.0,2569.0,3916.0,19519.0,2675.0,1805.0,1837.0,3253.0,2100.0,5505.0,4082.0,5593.0,2326.0,6039.0,233.0,2.0,23.0,31.0,3.0,67.0,,83.0,1518.0,313.0,7698.0,839.0,1438.0,147.0,327.0,2498.0,495.0,1265.0,2762.0,6052.0,2057.0,876.0,541.0,5405.0,4019.0,1357.0,4304.0,360.0,2667.0,64.0
2026-08-05T17:00Z,226.0,334.0,364.0,13422.0,20058.0,3934.0,265.0,19783.0,2615.0,7730.0,22957.0,2309.0,12284.0,5972.0,2356.0,1260.0,1670.0,349.0,3671.0,1163.0,2094.0,2109.0,3635.0,,,,,,,2066.0,1276.0,1506.0,496.0,664.0,1243.0,1258.0,334.0,850.0,7951.0,3313.0,1775.0,21661.0,7126.0,10280.0,4406.0,14975.0,2703.0,4126.0,20400.0,2793.0,1937.0,1969.0,3402.0,2160.0,5803.0,4196.0,5669.0,2400.0,6207.0,241.0,3.0,26.0,29.0,3.0,69.0,,86.0,1596.0,330.0,8389.0,913.0,1491.0,163.0,335.0,2640.0,497.0,1346.0,2772.0,6585.0,2078.0,896.0,590.0,5602.0,4076.0,1454.0,4464.0,357.0,2724.0,66.0
2026-08-05T18:00Z,230.0,351.0,367.0,13078.0,20929.0,3883.0,264.0,20723.0,2743.0,7841.0,24724.0,2411.0,13051.0,6345.0,2502.0,1306.0,1746.0,361.0,3930.0,1222.0,2239.0,2228.0,3731.0,,,,,,,2136.0,1395.0,1626.0,505.0,708.0,1328.0,1346.0,369.0,899.0,8084.0,3527.0,1728.0,22344.0,7478.0,10902.0,4525.0,15209.0,2832.0,4306.0,21034.0,2986.0,2085.0,2072.0,3676.0,2255.0,6106.0,4348.0,5947.0,2490.0,6710.0,259.0,2.0,27.0,31.0,3.0,71.0,,89.0,1703.0,349.0,9024.0,989.0,1550.0,173.0,329.0,2655.0,514.0,1400.0,2803.0,7010.0,2107.0,909.0,642.0,5787.0,4118.0,1543.0,4645.0,351.0,2792.0,67.0
2026-08-05T19:00Z,236.0,367.0,373.0,12825.0,20932.0,3635.0,240.0,21394.0,2861.0,7963.0,26194.0,2496.0,13726.0,6631.0,2628.0,1333.0,1808.0,391.0,4215.0,1274.0,2370.0,2336.0,3886.0,,,,,,,2235.0,1444.0,1743.0,510.0,737.0,1396.0,1429.0,400.0,942.0,8280.0,3675.0,1827.0,22772.0,7683.0,11192.0,4685.0,15514.0,2922.0,4433.0,21569.0,3087.0,2221.0,2127.0,3822.0,2315.0,6118.0,4477.0,6118.0,2507.0,7154.0,278.0,2.0,28.0,34.0,3.0,72.0,0.0,91.0,1816.0,365.0,9491.0,1044.0,1586.0,170.0,342.0,2753.0,536.0,1417.0,2879.0,7333.0,2138.0,936.0,690.0,5925.0,4244.0,1610.0,4851.0,370.0,2910.0,70.0
2026-08-05T20:00Z,232.0,384.0,379.0,12781.0,19894.0,3597.0,211.0,22016.0,2932.0,7734.0,27112.0,2546.0,14349.0,6842.0,2751.0,1402.0,1863.0,424.0,4493.0,1339.0,2522.0,2453.0,4026.0,,,,,,,2313.0,1470.0,1821.0,505.0,787.0,1525.0,1517.0,406.0,968.0,8395.0,3848.0,1955.0,22859.0,7842.0,11414.0,4891.0,15530.0,2958.0,4517.0,22151.0,3164.0,2299.0,2187.0,3933.0,2373.0,6147.0,4545.0,6297.0,2529.0,7299.0,285.0,2.0,30.0,33.0,3.0,74.0,1.0,83.0,1943.0,381.0,9765.0,1084.0,1611.0,184.0,357.0,2860.0,554.0,1472.0,2887.0,7461.0,2193.0,969.0,719.0,6057.0,4362.0,1647.0,5062.0,391.0,3040.0,71.0
2026-08-05T21:00Z,233.0,397.0,387.0,13107.0,19867.0,3067.0,183.0,22246.0,2939.0,7429.0,27591.0,2463.0,14295.0,6846.0,2736.0,1507.0,1923.0,504.0,4699.0,1418.0,2654.0,2536.0,4166.0,,,,,,,2395.0,1537.0,1924.0,512.0,833.0,1630.0,1548.0,400.0,969.0,8352.0,3925.0,2074.0,23025.0,7928.0,11545.0,5028.0,15675.0,2993.0,4566.0,22548.0,3300.0,2274.0,2220.0,3995.0,2409.0,6061.0,4735.0,6370.0,2532.0,7234.0,282.0,2.0,31.0,35.0,4.0,75.0,6.0,87.0,2072.0,389.0,9805.0,1089.0,1617.0,192.0,356.0,2917.0,553.0,1515.0,2989.0,7594.0,2278.0,1004.0,716.0,6160.0,4395.0,1685.0,5244.0,413.0,3203.0,74.0
2026-08-05T22:00Z,241.0,409.0,389.0,13706.0,20251.0,3047.0,164.0,22424.0,2975.0,7269.0,27648.0,2393.0,14349.0,6911.0,2812.0,1655.0,1969.0,617.0,4754.0,1449.0,2752.0,2577.0,4157.0,,,,,,,2458.0,1645.0,2072.0,524.0,924.0,1737.0,1598.0,402.0,966.0,8338.0,3880.0,2197.0,22934.0,8137.0,11404.0,5232.0,15688.0,3025.0,4553.0,22843.0,3418.0,2259.0,2081.0,4084.0,2407.0,6166.0,4912.0,6406.0,2536.0,7247.0,277.0,2.0,31.0,35.0,4.0,74.0,7.0,89.0,2158.0,396.0,9812.0,1078.0,1621.0,193.0,351.0,2877.0,571.0,1496.0,3052.0,7605.0,2335.0,1013.0,704.0,6238.0,4426.0,1709.0,5343.0,448.0,3359.0,77.0
2026-08-05T23:00Z,248.0,418.0,394.0,14663.0,20720.0,3243.0,171.0,22206.0,2951.0,7262.0,27603.0,2377.0,14443.0,6844.0,2776.0,1751.0,1979.0,696.0,4662.0,1406.0,2747.0,2581.0,4035.0,,,,,,,2464.0,1703.0,2279.0,561.0,1041.0,1845.0,1668.0,408.0,973.0,8147.0,3845.0,2254.0,22489.0,7915.0,11210.0,5297.0,15377.0,2999.0,4480.0,22851.0,3456.0,2129.0,2055.0,4100.0,2387.0,6204.0,4889.0,6356.0,2495.0,7111.0,273.0,2.0,31.0,35.0,3.0,73.0,14.0,91.0,2207.0,405.0,9733.0,1074.0,1632.0,195.0,343.0,2842.0,575.0,1479.0,3124.0,7549.0,2341.0,1023.0,704.0,6258.0,4441.0,1719.0,5389.0,488.0,3490.0,80.0
2026-08-06T00:00Z,252.0,414.0,396.0,15361.0,20430.0,3171.0,171.0,21662.0,2950.0,7400.0,27430.0,2477.0,15007.0,6742.0,2570.0,1752.0,1923.0,701.0,4583.0,1313.0,2633.0,2548.0,3922.0,,,,,,,2427.0,1680.0,2406.0,599.0,1149.0,1890.0,1679.0,408.0,967.0,8044.0,3801.0,2190.0,21907.0,7653.0,10826.0,5211.0,14756.0,2919.0,4364.0,22487.0,3382.0,1991.0,2009.0,4029.0,2339.0,6068.0,4751.0,6297.0,2480.0,7090.0,264.0,2.0,30.0,36.0,4.0,70.0,11.0,90.0,2164.0,408.0,9559.0,1070.0,1614.0,189.0,332.0,2751.0,565.0,1438.0,3152.0,7419.0,2312.0,1023.0,680.0,6247.0,4423.0,1705.0,5335.0,526.0,3556.0,87.0
2026-08-06T01:00Z,230.0,409.0,394.0,16315.0,19973.0,3290.0,169.0,20956.0,2879.0,7775.0,26709.0,2465.0,14679.0,6636.0,2613.0,1705.0,1866.0,714.0,4563.0,1330.0,2544.0,2540.0,3865.0,,,,,,,2386.0,1637.0,2405.0,596.0,1173.0,1898.0,1650.0,407.0,950.0,7984.0,3729.0,2102.0,21253.0,7371.0,10427.0,5101.0,14309.0,2779.0,4176.0,21870.0,3248.0,1914.0,2036.0,3962.0,2308.0,5968.0,4581.0,6208.0,2430.0,7071.0,255.0,2.0,30.0,34.0,3.0,64.0,24.0,90.0,2147.0,405.0,9196.0,1033.0,1583.0,183.0,331.0,2679.0,558.0,1389.0,3151.0,7234.0,2277.0,1009.0,652.0,6173.0,4363.0,1651.0,5171.0,541.0,3558.0,88.0
2026-08-06T02:00Z,224.0,391.0,388.0,17379.0,19423.0,3357.0,130.0,20265.0,2778.0,7757.0,25538.0,2435.0,14103.0,6452.0,2515.0,1614.0,1756.0,721.0,4366.0,1235.0,2393.0,2429.0,3713.0,,,,,,,2330.0,1568.0,2315.0,538.0,1134.0,1833.0,1584.0,394.0,919.0,7853.0,3593.0,2007.0,20575.0,7099.0,10136.0,4914.0,14053.0,2644.0,4020.0,20991.0,3095.0,1850.0,1982.0,3784.0,2223.0,5833.0,4403.0,5970.0,2361.0,6949.0,246.0,3.0,29.0,33.0,3.0,63.0,30.0,88.0,2100.0,393.0,8713.0,985.0,1539.0,177.0,334.0,2645.0,545.0,1365.0,3125.0,6953.0,2252.0,973.0,630.0,6064.0,4321.0,1578.0,5001.0,529.0,3465.0,88.0
2026-08-06T03:00Z,231.0,366.0,382.0,17194.0,18800.0,3293.0,103.0,19528.0,2648.0,7678.0,24469.0,2348.0,13556.0,6250.0,2408.0,1476.0,1605.0,700.0,4045.0,1105.0,2178.0,2249.0,3478.0,,,,,,,2198.0,1459.0,2156.0,546.0,1047.0,1703.0,1489.0,372.0,876.0,7572.0,3410.0,1877.0,19605.0,6595.0,9397.0,4577.0,13492.0,2437.0,3747.0,19858.0,2865.0,1745.0,1832.0,3525.0,2081.0,5518.0,4111.0,5646.0,2211.0,6606.0,231.0,2.0,26.0,36.0,3.0,61.0,33.0,86.0,2028.0,381.0,8243.0,936.0,1500.0,168.0,334.0,2578.0,538.0,1324.0,3084.0,6651.0,2207.0,945.0,598.0,5925.0,4254.0,1516.0,4833.0,504.0,3315.0,86.0
2026-08-06T04:00Z,227.0,339.0,373.0,16901.0,18160.0,3272.0,94.0,18529.0,2530.0,7711.0,22837.0,2109.0,12721.0,5795.0,2383.0,1352.0,1465.0,676.0,3732.0,1074.0,1992.0,2074.0,3219.0,,,,,,,2067.0,1359.0,2011.0,553.0,959.0,1589.0,1398.0,344.0,825.0,7230.0,3189.0,1735.0,18509.0,6158.0,8679.0,4223.0,12777.0,2227.0,3440.0,18758.0,2630.0,1621.0,1667.0,3297.0,1960.0,5206.0,3820.0,5328.0,2067.0,6248.0,215.0,2.0,24.0,36.0,3.0,60.0,32.0,84.0,1960.0,359.0,7697.0,868.0,1456.0,155.0,318.0,2451.0,511.0,1242.0,2978.0,6284.0,2098.0,916.0,554.0,5735.0,4095.0,1422.0,4519.0,478.0,3179.0,83.0
2026-08-06T05:00Z,221.0,306.0,361.0,16220.0,17574.0,3236.0,72.0,17532.0,2392.0,7884.0,21152.0,2009.0,11745.0,5482.0,2246.0,1265.0,1353.0,680.0,3494.0,1009.0,1847.0,1954.0,3004.0,,,,,,,1951.0,1279.0,1907.0,575.0,904.0,1487.0,1321.0,328.0,794.0,6928.0,3006.0,1611.0,17683.0,5789.0,8120.0,3919.0,11972.0,2070.0,3186.0,17849.0,2433.0,1558.0,1539.0,3042.0,1852.0,4919.0,3552.0,5041.0,1958.0,5928.0,203.0,2.0,21.0,36.0,3.0,58.0,34.0,82.0,1802.0,328.0,7173.0,794.0,1418.0,141.0,305.0,2290.0,478.0,1140.0,2847.0,5911.0,1979.0,880.0,513.0,5535.0,3928.0,1330.0,4189.0,441.0,2965.0,86.0
2026-08-06T06:00Z,207.0,279.0,354.0,14925.0,16383.0,3044.0,56.0,16625.0,2231.0,7858.0,19684.0,1925.0,11006.0,5241.0,2207.0,1201.0,1276.0,648.0,3337.0,957.0,1752.0,1866.0,2837.0,10723.0,4889.0,10286.0,20500.0,10516.0,23144.0,1860.0,1219.0,1819.0,563.0,862.0,1421.0,1240.0,330.0,753.0,6654.0,2831.0,1506.0,16820.0,5507.0,7735.0,3678.0,11292.0,1947.0,3008.0,17206.0,2292.0,1505.0,1457.0,2878.0,1775.0,4684.0,3359.0,4861.0,1871.0,5653.0,193.0,2.0,19.0,36.0,2.0,57.0,31.0,80.0,1627.0,305.0,6706.0,741.0,1389.0,129.0,287.0,2131.0,448.0,1046.0,2768.0,5575.0,1881.0,843.0,476.0,5369.0,3815.0,1255.0,3911.0,393.0,2773.0,81.0
2026-08-06T07:00Z,205.0,260.0,349.0,13771.0,15100.0,2838.0,61.0,15924.0,2143.0,7774.0,18568.0,1896.0,10347.0,5038.0,2116.0,1164.0,1225.0,597.0,3235.0,937.0,1704.0,1795.0,2749.0,10223.0,4663.0,9932.0,19742.0,10349.0,22150.0,1801.0,1173.0,1773.0,539.0,848.0,1374.0,1196.0,317.0,728.0,6464.0,2714.0,1437.0,16385.0,5295.0,7560.0,3531.0,10775.0,1863.0,2863.0,16753.0,2200.0,1453.0,1361.0,2698.0,1727.0,4536.0,3244.0,4732.0,1819.0,5446.0,186.0,2.0,17.0,37.0,2.0,56.0,29.0,78.0,1499.0,294.0,6357.0,707.0,1370.0,118.0,277.0,2012.0,425.0,982.0,2708.0,5311.0,1814.0,820.0,452.0,5259.0,3730.0,1205.0,3724.0,356.0,2638.0,77.0
2026-08-06T08:00Z,206.0,248.0,347.0,13103.0,14007.0,2835.0,30.0,15451.0,2085.0,7707.0,17705.0,1804.0,9916.0,4865.0,1981.0,1144.0,1203.0,571.0,3180.0,932.0,1692.0,1778.0,2729.0,9927.0,4549.0,9788.0,19260.0,10106.0,21619.0,1771.0,1146.0,1749.0,545.0,828.0,1349.0,1172.0,309.0,708.0,6373.0,2638.0,1396.0,16154.0,5194.0,7418.0,3440.0,10374.0,1809.0,2765.0,16475.0,2147.0,1395.0,1196.0,2647.0,1705.0,4396.0,3174.0,4669.0,1804.0,5330.0,180.0,2.0,15.0,36.0,2.0,56.0,28.0,77.0,1404.0,281.0,6071.0,679.0,1347.0,113.0,268.0,1938.0,409.0,944.0,2663.0,5117.0,1780.0,799.0,433.0,5172.0,3675.0,1166.0,3587.0,329.0,2547.0,76.0
2026-08-06T09:00Z,201.0,240.0,346.0,12422.0,13391.0,2689.0,39.0,15173.0,2011.0,7613.0,17092.0,1728.0,9639.0,4747.0,2000.0,1160.0,1211.0,569.0,3213.0,952.0,1710.0,1792.0,2766.0,9725.0,4482.0,9645.0,18766.0,9975.0,21070.0,1768.0,1144.0,1754.0,541.0,832.0,1348.0,1161.0,305.0,707.0,6368.0,2610.0,1381.0,16025.0,5172.0,7415.0,3447.0,10193.0,1801.0,2755.0,16422.0,2143.0,1409.0,1252.0,2633.0,1716.0,4413.0,3186.0,4699.0,1824.0,5337.0,179.0,2.0,15.0,38.0,2.0,56.0,27.0,77.0,1340.0,265.0,5887.0,657.0,1337.0,110.0,265.0,1900.0,408.0,929.0,2627.0,4957.0,1770.0,801.0,419.0,5107.0,3649.0,1143.0,3493.0,311.0,2607.0,74.0
2026-08-06T10:00Z,203.0,242.0,344.0,11997.0,13147.0,2913.0,36.0,15149.0,2022.0,7603.0,16792.0,1769.0,9577.0,4760.0,1987.0,1203.0,1268.0,592.0,3375.0,1032.0,1811.0,1871.0,2907.0,9794.0,4499.0,9828.0,18979.0,9963.0,21004.0,1787.0,1182.0,1807.0,546.0,864.0,1390.0,1184.0,314.0,734.0,6591.0,2670.0,1404.0,16387.0,5275.0,7676.0,3553.0,10283.0,1857.0,2842.0,16760.0,2205.0,1439.0,1287.0,2732.0,1787.0,4577.0,3363.0,4893.0,1895.0,5498.0,186.0,2.0,15.0,36.0,2.0,56.0,26.0,75.0,1295.0,264.0,5816.0,652.0,1325.0,108.0,260.0,1903.0,405.0,922.0,2624.0,4871.0,1781.0,801.0,412.0,5080.0,3641.0,1127.0,3492.0,304.0,2556.0,73.0
2026-08-06T11:00Z,204.0,245.0,345.0,11759.0,12876.0,3114.0,34.0,15337.0,2006.0,7597.0,16950.0,1715.0,9721.0,4784.0,2002.0,1292.0,1373.0,609.0,3632.0,1081.0,1916.0,2001.0,3125.0,10176.0,4653.0,10361.0,19643.0,9953.0,21216.0,1839.0,1234.0,1882.0,558.0,892.0,1417.0,1228.0,322.0,782.0,7063.0,2794.0,1449.0,16895.0,5553.0,7911.0,3718.0,10714.0,1978.0,2973.0,17229.0,2306.0,1489.0,1408.0,2875.0,1887.0,4878.0,3596.0,5201.0,2005.0,5695.0,196.0,3.0,15.0,37.0,2.0,57.0,26.0,75.0,1306.0,259.0,5870.0,673.0,1328.0,109.0,266.0,1948.0,423.0,953.0,2662.0,4871.0,1827.0,819.0,418.0,5125.0,3681.0,1125.0,3615.0,304.0,2548.0,73.0
2026-08-06T12:00Z,209.0,253.0,348.0,11784.0,12697.0,2833.0,36.0,15545.0,2053.0,7591.0,17183.0,1771.0,9956.0,4863.0,2003.0,1311.0,1494.0,600.0,3876.0,1139.0,2059.0,2128.0,3370.0,10739.0,4845.0,10711.0,20529.0,10163.0,21491.0,1916.0,1291.0,1898.0,548.0,879.0,1457.0,1282.0,339.0,839.0,7593.0,2969.0,1546.0,17423.0,5736.0,8359.0,3975.0,11331.0,2088.0,3109.0,17799.0,2417.0,1570.0,1442.0,3077.0,2011.0,5212.0,3795.0,5473.0,2132.0,6010.0,212.0,2.0,15.0,38.0,2.0,59.0,27.0,76.0,1313.0,266.0,6004.0,704.0,1334.0,113.0,276.0,2037.0,457.0,1005.0,2740.0,4954.0,1914.0,851.0,433.0,5151.0,3771.0,1135.0,3799.0,312.0,2592.0,74.0
2026-08-06T13:00Z,193.0,271.0,351.0,11956.0,12689.0,2494.0,41.0,15656.0,2072.0,7553.0,17338.0,1906.0,10062.0,4833.0,2008.0,1311.0,1589.0,530.0,4067.0,1219.0,2188.0,2208.0,3584.0,11086.0,5022.0,11072.0,21563.0,10596.0,21945.0,1955.0,1303.0,1850.0,541.0,842.0,1424.0,1327.0,361.0,877.0,7980.0,3170.0,1638.0,18025.0,5999.0,8757.0,4219.0,11956.0,2202.0,3280.0,18507.0,2528.0,1655.0,1516.0,3329.0,2106.0,5559.0,3974.0,5697.0,2217.0,6303.0,231.0,2.0,15.0,37.0,2.0,60.0,27.0,76.0,1311.0,276.0,6133.0,735.0,1340.0,115.0,288.0,2104.0,480.0,1056.0,2801.0,5021.0,1987.0,872.0,448.0,5134.0,3904.0,1143.0,3941.0,325.0,2524.0,78.0
2026-08-06T14:00Z,205.0,295.0,360.0,12421.0,13091.0,2518.0,54.0,16573.0,2082.0,7525.0,18202.0,1999.0,10380.0,4993.0,2035.0,1309.0,1666.0,456.0,4176.0,1244.0,2307.0,2261.0,3733.0,11259.0,5057.0,11379.0,22071.0,10845.0,22980.0,2009.0,1314.0,1808.0,541.0,857.0,1411.0,1369.0,385.0,903.0,8325.0,3328.0,1719.0,18739.0,6279.0,9222.0,4444.0,12387.0,2346.0,3497.0,19373.0,2687.0,1685.0,1599.0,3547.0,2205.0,5849.0,4168.0,5783.0,2297.0,6517.0,251.0,2.0,16.0,38.0,2.0,62.0,11.0,78.0,1329.0,282.0,6534.0,785.0,1382.0,121.0,287.0,2168.0,496.0,1106.0,2922.0,5182.0,2041.0,892.0,471.0,5182.0,3978.0,1178.0,4094.0,349.0,2607.0,81.0
2026-08-06T15:00Z,225.0,320.0,368.0,13048.0,15434.0,3203.0,148.0,17711.0,2216.0,7572.0,19616.0,2019.0,10986.0,5337.0,2248.0,1332.0,1755.0,441.0,4346.0,1309.0,2384.0,2340.0,3911.0,11449.0,5114.0,11769.0,22805.0,11081.0,24630.0,2045.0,1295.0,1892.0,564.0,858.0,1452.0,1471.0,416.0,948.0,8588.0,3568.0,1797.0,19588.0,6622.0,9765.0,4729.0,12728.0,2517.0,3765.0,20237.0,2859.0,1737.0,1734.0,3801.0,2313.0,6220.0,4354.0,6006.0,2392.0,6732.0,270.0,2.0,19.0,32.0,2.0,64.0,,80.0,1398.0,295.0,7134.0,844.0,1415.0,126.0,302.0,2214.0,510.0,1138.0,2993.0,5469.0,2086.0,909.0,511.0,5327.0,4039.0,1247.0,4230.0,367.0,2662.0,82.0
2026-08-06T16:00Z,230.0,349.0,377.0,13731.0,18392.0,4141.0,267.0,18913.0,2446.0,7668.0,21108.0,2190.0,11684.0,5664.0,2327.0,1364.0,1860.0,452.0,4568.0,1363.0,2489.0,2450.0,4076.0,11769.0,5202.0,12215.0,23587.0,11441.0,26327.0,2158.0,1325.0,1933.0,562.0,886.0,1518.0,1539.0,446.0,997.0,8857.0,3808.0,1908.0,20512.0,6960.0,10404.0,5025.0,13012.0,2667.0,4015.0,21205.0,3018.0,1832.0,1842.0,4167.0,2422.0,6575.0,4565.0,6326.0,2466.0,7116.0,294.0,2.0,21.0,29.0,2.0,65.0,,68.0,1458.0,309.0,7780.0,904.0,1478.0,131.0,312.0,2320.0,516.0,1178.0,3079.0,5853.0,2133.0,928.0,566.0,5484.0,4171.0,1336.0,4377.0,391.0,2761.0,84.0
2026-08-06T17:00Z,235.0,378.0,385.0,13157.0,19766.0,3875.0,261.0,20074.0,2585.0,7768.0,22573.0,2363.0,12448.0,6010.0,2431.0,1411.0,1955.0,459.0,4815.0,1436.0,2646.0,2548.0,4217.0,12154.0,5223.0,12473.0,24160.0,11711.0,27835.0,2187.0,1374.0,1962.0,594.0,903.0,1619.0,1581.0,465.0,1048.0,9133.0,4023.0,1992.0,21464.0,7363.0,10945.0,5277.0,13263.0,2812.0,4253.0,22061.0,3164.0,1939.0,1943.0,4505.0,2538.0,6902.0,4723.0,6640.0,2520.0,7518.0,317.0,2.0,25.0,29.0,3.0,68.0,,82.0,1538.0,327.0,8441.0,971.0,1527.0,139.0,321.0,2451.0,538.0,1230.0,3152.0,6211.0,2165.0,963.0,623.0,5655.0,4296.0,1420.0,4557.0,427.0,2880.0,87.0
2026-08-06T18:00Z,240.0,407.0,391.0,12757.0,19861.0,3738.0,266.0,21043.0,2742.0,7890.0,24035.0,2494.0,13213.0,6291.0,2534.0,1463.0,2021.0,471.0,5069.0,1501.0,2793.0,2604.0,4372.0,12600.0,5324.0,12790.0,25068.0,11951.0,28985.0,2263.0,1473.0,1956.0,612.0,892.0,1721.0,1680.0,482.0,1103.0,9337.0,4233.0,2070.0,22315.0,7673.0,11472.0,5448.0,13735.0,2934.0,4376.0,22763.0,3313.0,2064.0,2109.0,4735.0,2654.0,7172.0,4878.0,6881.0,2564.0,7932.0,333.0,2.0,27.0,33.0,3.0,70.0,0.0,85.0,1629.0,344.0,9042.0,1030.0,1573.0,144.0,327.0,2570.0,550.0,1281.0,3234.0,6561.0,2212.0,1002.0,673.0,5842.0,4423.0,1503.0,4781.0,460.0,3032.0,89.0
2026-08-06T19:00Z,239.0,430.0,399.0,12740.0,20119.0,3343.0,254.0,21577.0,2878.0,7976.0,25455.0,2561.0,13943.0,6574.0,2599.0,1511.0,2078.0,527.0,5267.0,1539.0,2921.0,2722.0,4452.0,13050.0,5448.0,13103.0,25825.0,12147.0,29733.0,2301.0,1527.0,1975.0,576.0,919.0,1801.0,1733.0,508.0,1149.0,9451.0,4414.0,2148.0,22653.0,7856.0,11718.0,5563.0,14277.0,3008.0,4409.0,23273.0,3490.0,2152.0,2179.0,4961.0,2732.0,7387.0,5037.0,7031.0,2567.0,8152.0,343.0,2.0,29.0,34.0,3.0,72.0,0.0,87.0,1728.0,358.0,9459.0,1089.0,1591.0,154.0,336.0,2661.0,570.0,1346.0,3306.0,6854.0,2283.0,1042.0,704.0,6001.0,4534.0,1567.0,5068.0,514.0,3207.0,91.0
2026-08-06T20:00Z,241.0,453.0,405.0,12730.0,20685.0,3199.0,217.0,21092.0,2950.0,8084.0,26610.0,2603.0,14552.0,6785.0,2750.0,1593.0,2164.0,619.0,5482.0,1608.0,3004.0,2852.0,4651.0,13353.0,5483.0,13271.0,26164.0,12221.0,29638.0,2309.0,1513.0,2061.0,567.0,954.0,1817.0,1875.0,527.0,1154.0,9513.0,4536.0,2243.0,22782.0,8011.0,11899.0,5731.0,14750.0,3020.0,4491.0,23410.0,3566.0,2220.0,2212.0,5152.0,2768.0,7610.0,5152.0,7111.0,2575.0,8460.0,359.0,2.0,30.0,34.0,3.0,73.0,2.0,90.0,1848.0,372.0,9738.0,1105.0,1609.0,161.0,340.0,2719.0,584.0,1372.0,3370.0,6470.0,2344.0,1072.0,716.0,6102.0,4579.0,1616.0,5270.0,569.0,3375.0,94.0
2026-08-06T21:00Z,239.0,473.0,408.0,13040.0,20582.0,2946.0,171.0,19868.0,2990.0,8055.0,27380.0,2628.0,15025.0,7001.0,2770.0,1697.0,2252.0,693.0,5691.0,1663.0,3100.0,2947.0,4731.0,13665.0,5541.0,13228.0,26233.0,12421.0,29641.0,2344.0,1531.0,2198.0,576.0,991.0,1893.0,2076.0,556.0,1210.0,9689.0,4697.0,2356.0,22827.0,7971.0,11861.0,5886.0,15023.0,3021.0,4557.0,23270.0,3655.0,2273.0,2167.0,5414.0,2766.0,7719.0,5145.0,7191.0,2568.0,8819.0,369.0,3.0,29.0,34.0,4.0,74.0,4.0,91.0,1983.0,392.0,9931.0,1093.0,1627.0,172.0,341.0,2777.0,592.0,1417.0,3466.0,6634.0,2420.0,1103.0,691.0,6194.0,4653.0,1661.0,5441.0,609.0,3542.0,94.0
2026-08-06T22:00Z,245.0,490.0,414.0,13654.0,20757.0,2848.0,174.0,19350.0,3047.0,8011.0,27885.0,2623.0,15351.0,6988.0,2762.0,1824.0,2309.0,743.0,5790.0,1668.0,3151.0,2998.0,4715.0,14007.0,5640.0,13357.0,26146.0,12591.0,29402.0,2387.0,1570.0,2242.0,557.0,1101.0,2030.0,2044.0,575.0,1236.0,9732.0,4803.0,2472.0,22596.0,7943.0,11793.0,5832.0,15192.0,3019.0,4602.0,23095.0,3740.0,2256.0,2310.0,5608.0,2766.0,7783.0,5049.0,7211.0,2574.0,9061.0,370.0,2.0,30.0,35.0,4.0,74.0,8.0,92.0,2098.0,397.0,9958.0,1072.0,1639.0,183.0,346.0,2869.0,593.0,1469.0,3508.0,6699.0,2519.0,1132.0,587.0,6262.0,4716.0,1694.0,5579.0,659.0,3711.0,97.0
2026-08-06T23:00Z,253.0,496.0,418.0,14448.0,21430.0,3109.0,192.0,19249.0,3055.0,7885.0,27971.0,2574.0,15556.0,6996.0,2796.0,1927.0,2302.0,763.0,5797.0,1652.0,3163.0,3048.0,4662.0,14307.0,5709.0,13311.0,25768.0,12782.0,29239.0,2393.0,1640.0,2319.0,574.0,1155.0,2067.0,1998.0,560.0,1231.0,9537.0,4775.0,2517.0,22415.0,7861.0,11600.0,5579.0,15313.0,2925.0,4505.0,22620.0,3746.0,2258.0,2319.0,5585.0,2663.0,7640.0,4883.0,7042.0,2536.0,9114.0,358.0,2.0,31.0,34.0,4.0,73.0,17.0,90.0,2180.0,403.0,9870.0,1048.0,1627.0,191.0,352.0,2916.0,603.0,1479.0,3511.0,6670.0,2585.0,1148.0,540.0,6292.0,4748.0,1714.0,5657.0,698.0,3810.0,99.0
2026-08-07T00:00Z,245.0,487.0,418.0,15182.0,21586.0,3300.0,208.0,19025.0,3060.0,7921.0,27540.0,2558.0,15465.0,6781.0,2734.0,1963.0,2222.0,784.0,5643.0,1595.0,3084.0,3011.0,4583.0,14430.0,5857.0,13260.0,25315.0,12685.0,28788.0,2393.0,1682.0,2381.0,602.0,1252.0,2059.0,1987.0,523.0,1187.0,9322.0,4622.0,2448.0,21988.0,7640.0,11063.0,5396.0,15190.0,2791.0,4350.0,21936.0,3607.0,2195.0,2293.0,5367.0,2562.0,7298.0,4695.0,6813.0,2511.0,9003.0,340.0,2.0,28.0,30.0,4.0,71.0,28.0,89.0,2168.0,400.0,9641.0,1014.0,1625.0,185.0,340.0,2854.0,613.0,1462.0,3535.0,6749.0,2590.0,1140.0,507.0,6272.0,4736.0,1700.0,5638.0,721.0,3842.0,97.0
2026-08-07T01:00Z,228.0,475.0,418.0,16353.0,21187.0,3597.0,194.0,18800.0,2926.0,7958.0,26722.0,2467.0,15072.0,6547.0,2644.0,1914.0,2156.0,795.0,5527.0,1563.0,3025.0,2997.0,4558.0,14393.0,5858.0,13021.0,24621.0,12479.0,27884.0,2356.0,1644.0,2364.0,615.0,1247.0,2024.0,1905.0,508.0,1151.0,9177.0,4445.0,2334.0,21214.0,7398.0,10523.0,5228.0,14906.0,2688.0,4199.0,21342.0,3461.0,2092.0,2146.0,5076.0,2485.0,7042.0,4502.0,6634.0,2426.0,8763.0,324.0,2.0,27.0,29.0,3.0,65.0,37.0,89.0,2137.0,399.0,9184.0,960.0,1592.0,176.0,335.0,2777.0,599.0,1420.0,3554.0,6710.0,2531.0,1118.0,484.0,6196.0,4663.0,1646.0,5467.0,716.0,3840.0,94.0
2026-08-07T02:00Z,222.0,447.0,405.0,17122.0,20168.0,3639.0,151.0,18595.0,2769.0,7914.0,25579.0,2347.0,14504.0,6420.0,2553.0,1792.0,2020.0,788.0,5193.0,1471.0,2855.0,2876.0,4375.0,14095.0,5780.0,12647.0,24129.0,12197.0,27335.0,2278.0,1568.0,2268.0,553.0,1168.0,1926.0,1803.0,472.0,1106.0,9002.0,4231.0,2210.0,20733.0,7090.0,10107.0,4981.0,14672.0,2612.0,4098.0,20532.0,3249.0,2008.0,2085.0,4748.0,2354.0,6737.0,4277.0,6336.0,2350.0,8469.0,301.0,2.0,26.0,28.0,3.0,63.0,31.0,87.0,2038.0,384.0,8702.0,886.0,1555.0,166.0,328.0,2694.0,581.0,1397.0,3495.0,6634.0,2441.0,1099.0,473.0,6073.0,4549.0,1564.0,5213.0,680.0,3731.0,94.0
2026-08-07T03:00Z,230.0,415.0,395.0,16926.0,19388.0,3514.0,111.0,18258.0,2658.0,7811.0,24351.0,2217.0,13934.0,6342.0,2421.0,1624.0,1836.0,763.0,4744.0,1302.0,2589.0,2648.0,4103.0,13714.0,5620.0,12094.0,23011.0,11844.0,26366.0,2152.0,1455.0,2129.0,553.0,1093.0,1790.0,1670.0,436.0,1036.0,8661.0,3961.0,2047.0,19539.0,6602.0,9501.0,4630.0,14155.0,2444.0,3889.0,19374.0,2994.0,1886.0,1912.0,4328.0,2195.0,6270.0,3973.0,5910.0,2209.0,7906.0,276.0,2.0,24.0,26.0,3.0,62.0,31.0,85.0,1989.0,370.0,8249.0,836.0,1517.0,156.0,319.0,2604.0,570.0,1335.0,3439.0,6478.0,2362.0,1066.0,459.0,5965.0,4465.0,1494.0,5016.0,626.0,3580.0,92.0
2026-08-07T04:00Z,225.0,385.0,385.0,16765.0,18773.0,3486.0,106.0,17569.0,2490.0,7743.0,22765.0,2064.0,13180.0,6027.0,2349.0,1509.0,1676.0,723.0,4329.0,1249.0,2397.0,2431.0,3835.0,12933.0,5267.0,11341.0,21535.0,11247.0,25155.0,2026.0,1341.0,2006.0,567.0,1006.0,1675.0,1537.0,401.0,962.0,8203.0,3662.0,1881.0,18457.0,6162.0,8857.0,4270.0,13406.0,2275.0,3657.0,18358.0,2738.0,1756.0,1745.0,3963.0,2046.0,5772.0,3672.0,5523.0,2061.0,7348.0,254.0,2.0,22.0,29.0,3.0,61.0,30.0,84.0,1932.0,357.0,7727.0,777.0,1473.0,142.0,300.0,2436.0,533.0,1236.0,3338.0,6161.0,2220.0,1014.0,433.0,5776.0,4323.0,1405.0,4685.0,571.0,3424.0,90.0
2026-08-07T05:00Z,221.0,341.0,371.0,16123.0,18046.0,3430.0,97.0,16788.0,2352.0,7896.0,21140.0,1963.0,12252.0,5725.0,2270.0,1416.0,1553.0,688.0,3990.0,1169.0,2203.0,2275.0,3590.0,12033.0,4928.0,10822.0,21222.0,10542.0,23841.0,1911.0,1248.0,1888.0,599.0,909.0,1575.0,1448.0,373.0,917.0,7816.0,3389.0,1729.0,17727.0,5769.0,8337.0,3953.0,12563.0,2142.0,3431.0,17567.0,2510.0,1626.0,1610.0,3628.0,1922.0,5362.0,3394.0,5211.0,1956.0,6871.0,234.0,2.0,19.0,27.0,3.0,60.0,33.0,82.0,1781.0,332.0,7201.0,717.0,1413.0,127.0,279.0,2241.0,494.0,1125.0,3199.0,5799.0,2080.0,961.0,404.0,5590.0,4152.0,1310.0,4344.0,507.0,3204.0,86.0
2026-08-07T06:00Z,211.0,309.0,361.0,14936.0,16914.0,3187.0,74.0,,,,,,,,,1345.0,1468.0,658.0,3751.0,1099.0,2079.0,2148.0,3391.0,11343.0,4641.0,10334.0,20734.0,10157.0,22855.0,1825.0,1178.0,1794.0,592.0,864.0,1512.0,1363.0,350.0,865.0,7484.0,3185.0,1606.0,16932.0,5476.0,7968.0,3697.0,11821.0,2031.0,3249.0,16906.0,2345.0,1543.0,1485.0,3337.0,1819.0,5055.0,3186.0,4984.0,1875.0,6462.0,221.0,3.0,17.0,29.0,2.0,59.0,30.0,80.0,1612.0,314.0,6716.0,670.0,1387.0,115.0,270.0,2087.0,462.0,1045.0,3089.0,5457.0,1974.0,919.0,381.0,5408.0,4014.0,1238.0,4063.0,456.0,3015.0,83.0
2026-08-07T07:00Z,213.0,288.0,353.0,13827.0,15762.0,2986.0,51.0,,,,,,,,,1296.0,1407.0,640.0,3575.0,1054.0,1975.0,2063.0,3267.0,10805.0,4466.0,9961.0,19969.0,10044.0,22122.0,1766.0,1131.0,1736.0,567.0,836.0,1471.0,1292.0,331.0,817.0,7222.0,3036.0,1516.0,16493.0,5286.0,7760.0,3511.0,11193.0,1952.0,3090.0,16402.0,2229.0,1500.0,1443.0,3146.0,1755.0,4836.0,3051.0,4789.0,1816.0,6131.0,209.0,2.0,15.0,27.0,2.0,58.0,28.0,78.0,1498.0,297.0,6360.0,635.0,1359.0,107.0,260.0,1983.0,440.0,984.0,3029.0,5187.0,1905.0,875.0,365.0,5271.0,3910.0,1187.0,3870.0,405.0,2810.0,80.0
2026-08-07T08:00Z,206.0,270.0,348.0,13202.0,14463.0,2947.0,43.0,,,,,,,,,1281.0,1381.0,625.0,3466.0,1034.0,1916.0,2009.0,3201.0,10459.0,4327.0,9751.0,19477.0,9808.0,21435.0,1731.0,1102.0,1705.0,563.0,821.0,1444.0,1239.0,317.0,778.0,7024.0,2922.0,1461.0,16226.0,5164.0,7538.0,3392.0,10773.0,1907.0,2995.0,16098.0,2151.0,1459.0,1355.0,2955.0,1715.0,4695.0,2971.0,4654.0,1786.0,5891.0,200.0,2.0,15.0,31.0,2.0,57.0,27.0,76.0,1405.0,282.0,6072.0,620.0,1341.0,102.0,251.0,1894.0,427.0,947.0,2962.0,4971.0,1864.0,836.0,353.0,5190.0,3856.0,1146.0,3747.0,372.0,2678.0,78.0
2026-08-07T09:00Z,207.0,259.0,345.0,12539.0,13607.0,2855.0,42.0,,,,,,,,,1287.0,1378.0,618.0,3431.0,1031.0,1909.0,1998.0,3186.0,10263.0,4270.0,9660.0,19367.0,9667.0,21027.0,1717.0,1098.0,1705.0,548.0,817.0,1437.0,1214.0,311.0,760.0,6934.0,2865.0,1440.0,16207.0,5157.0,7524.0,3361.0,10492.0,1901.0,2964.0,16022.0,2131.0,1435.0,1287.0,2882.0,1701.0,4623.0,2974.0,4681.0,1802.0,5770.0,196.0,2.0,14.0,27.0,2.0,57.0,26.0,76.0,1338.0,275.0,5862.0,618.0,1335.0,100.0,251.0,1852.0,417.0,929.0,2940.0,4827.0,1852.0,820.0,347.0,5094.0,3810.0,1120.0,3679.0,349.0,2710.0,76.0
2026-08-07T10:00Z,207.0,252.0,337.0,11992.0,12792.0,2737.0,39.0,,,,,,,,,1341.0,1426.0,637.0,3535.0,1138.0,1975.0,2067.0,3285.0,10267.0,4294.0,9807.0,19351.0,9666.0,20705.0,1753.0,1128.0,1759.0,551.0,836.0,1464.0,1222.0,315.0,775.0,7084.0,2889.0,1457.0,16688.0,5264.0,7606.0,3440.0,10509.0,1961.0,3031.0,16233.0,2181.0,1459.0,1227.0,2937.0,1756.0,4746.0,3135.0,4813.0,1897.0,5821.0,197.0,2.0,14.0,29.0,2.0,56.0,26.0,75.0,1281.0,270.0,5771.0,616.0,1334.0,99.0,248.0,1857.0,418.0,925.0,2899.0,4762.0,1864.0,809.0,347.0,5028.0,3812.0,1109.0,3658.0,334.0,2649.0,74.0
2026-08-07T11:00Z,203.0,252.0,344.0,11700.0,12868.0,2802.0,41.0,,,,,,,,,1414.0,1517.0,665.0,3707.0,1130.0,2054.0,2161.0,3482.0,10577.0,4428.0,10288.0,20188.0,9608.0,20989.0,1810.0,1176.0,1824.0,561.0,865.0,1497.0,1249.0,320.0,808.0,7472.0,2962.0,1484.0,17228.0,5468.0,7939.0,3571.0,10887.0,2078.0,3128.0,16663.0,2257.0,1501.0,1414.0,3012.0,1842.0,4862.0,3358.0,5063.0,1972.0,5919.0,203.0,2.0,14.0,30.0,2.0,57.0,26.0,76.0,1252.0,270.0,5830.0,638.0,1334.0,102.0,250.0,1914.0,441.0,955.0,2922.0,4791.0,1922.0,815.0,358.0,5009.0,3847.0,1124.0,3716.0,324.0,2633.0,73.0
2026-08-07T12:00Z,205.0,258.0,347.0,11708.0,12597.0,2561.0,39.0,,,,,,,,,1472.0,1647.0,653.0,3958.0,1191.0,2195.0,2286.0,3731.0,11130.0,4560.0,10614.0,20718.0,9963.0,21250.0,1879.0,1225.0,1835.0,551.0,842.0,1511.0,1303.0,337.0,871.0,7966.0,3174.0,1574.0,17662.0,5685.0,8350.0,3790.0,11369.0,2186.0,3202.0,17236.0,2367.0,1587.0,1426.0,3178.0,1966.0,5273.0,3582.0,5297.0,2075.0,6219.0,219.0,2.0,14.0,29.0,2.0,58.0,27.0,75.0,1268.0,272.0,5976.0,660.0,1351.0,105.0,260.0,1982.0,471.0,991.0,3004.0,4879.0,2013.0,834.0,376.0,5062.0,3931.0,1147.0,3809.0,331.0,2678.0,73.0
2026-08-07T13:00Z,191.0,274.0,350.0,11951.0,12600.0,2524.0,39.0,,,,,,,,,1499.0,1766.0,576.0,4153.0,1259.0,2355.0,2361.0,3946.0,11735.0,4696.0,10918.0,21766.0,10524.0,21659.0,1950.0,1261.0,1806.0,544.0,792.0,1463.0,1341.0,361.0,924.0,8432.0,3415.0,1670.0,18306.0,5938.0,8670.0,4042.0,12026.0,2256.0,3309.0,17942.0,2516.0,1668.0,1519.0,3463.0,2087.0,5741.0,3816.0,5575.0,2153.0,6525.0,240.0,2.0,16.0,31.0,2.0,59.0,26.0,75.0,1280.0,283.0,6114.0,686.0,1346.0,109.0,276.0,2072.0,498.0,1044.0,3088.0,4998.0,2093.0,853.0,400.0,5034.0,4032.0,1166.0,3916.0,340.0,2605.0,73.0
2026-08-07T14:00Z,198.0,296.0,355.0,12574.0,13003.0,2771.0,45.0,,,,,,,,,1512.0,1850.0,483.0,4322.0,1346.0,2473.0,2398.0,4120.0,12318.0,4769.0,11489.0,22500.0,11143.0,22757.0,1994.0,1311.0,1775.0,533.0,769.0,1423.0,1355.0,379.0,969.0,8822.0,3651.0,1753.0,18893.0,6187.0,9031.0,4291.0,12541.0,2357.0,3550.0,18638.0,2714.0,1694.0,1707.0,3768.0,2197.0,6110.0,3988.0,5834.0,2189.0,6838.0,261.0,2.0,16.0,28.0,2.0,60.0,11.0,77.0,1299.0,281.0,6465.0,722.0,1368.0,116.0,282.0,2152.0,524.0,1100.0,3211.0,5182.0,2165.0,881.0,432.0,5090.0,4126.0,1212.0,4007.0,363.0,2685.0,75.0
2026-08-07T15:00Z,218.0,317.0,363.0,13189.0,15439.0,3486.0,100.0,,,,,,,,,1535.0,1937.0,439.0,4515.0,1416.0,2600.0,2440.0,4231.0,12766.0,4946.0,12011.0,23434.0,11837.0,24364.0,2014.0,1337.0,1737.0,533.0,802.0,1435.0,1405.0,402.0,1009.0,9128.0,3907.0,1839.0,19500.0,6507.0,9423.0,4574.0,13031.0,2520.0,3814.0,19612.0,2917.0,1735.0,1815.0,4134.0,2300.0,6536.0,4193.0,6051.0,2275.0,7209.0,285.0,3.0,18.0,31.0,2.0,61.0,,80.0,1356.0,293.0,6965.0,771.0,1387.0,125.0,283.0,2225.0,556.0,1161.0,3326.0,5572.0,2266.0,931.0,480.0,5231.0,4151.0,1290.0,4132.0,386.0,2779.0,77.0
2026-08-07T16:00Z,216.0,335.0,369.0,13363.0,18736.0,4062.0,152.0,,,,,,,,,1600.0,2017.0,451.0,4743.0,1488.0,2735.0,2507.0,4333.0,12921.0,5238.0,12552.0,24392.0,12471.0,26110.0,2007.0,1391.0,1810.0,553.0,830.0,1457.0,1473.0,430.0,1058.0,9392.0,4176.0,1933.0,20264.0,6781.0,9806.0,4886.0,13922.0,2669.0,4013.0,20637.0,3098.0,1793.0,1921.0,4480.0,2472.0,6922.0,4395.0,6395.0,2324.0,7578.0,307.0,2.0,22.0,31.0,2.0,64.0,,81.0,1407.0,312.0,7546.0,832.0,1407.0,137.0,296.0,2344.0,586.0,1240.0,3449.0,6005.0,2426.0,973.0,527.0,5413.0,4265.0,1382.0,4286.0,415.0,2881.0,78.0
2026-08-07T17:00Z,217.0,352.0,376.0,13109.0,20376.0,4187.0,184.0,,,,,,,,,1622.0,2078.0,457.0,4977.0,1554.0,2851.0,2574.0,4430.0,13057.0,5552.0,13059.0,25058.0,13182.0,27754.0,2024.0,1381.0,1969.0,562.0,925.0,1506.0,1586.0,464.0,1110.0,9608.0,4442.0,2033.0,21215.0,7057.0,10045.0,5142.0,14746.0,2809.0,4223.0,21612.0,3257.0,1848.0,2064.0,4799.0,2587.0,7259.0,4616.0,6701.0,2379.0,7926.0,326.0,2.0,23.0,33.0,3.0,66.0,,83.0,1478.0,325.0,8122.0,868.0,1440.0,153.0,317.0,2525.0,619.0,1314.0,3558.0,6368.0,2566.0,1009.0,570.0,5628.0,4353.0,1460.0,4537.0,444.0,3016.0,82.0
2026-08-07T18:00Z,221.0,369.0,383.0,13143.0,20991.0,4273.0,253.0,,,,,,,,,1647.0,2135.0,491.0,5219.0,1609.0,2985.0,2680.0,4549.0,13248.0,5914.0,13684.0,26146.0,13676.0,29025.0,2030.0,1370.0,2099.0,588.0,1037.0,1612.0,1747.0,508.0,1156.0,9789.0,4627.0,2130.0,22153.0,7400.0,10335.0,5400.0,15543.0,2900.0,4340.0,22487.0,3382.0,1963.0,2169.0,5135.0,2675.0,7540.0,4816.0,6948.0,2413.0,8331.0,346.0,2.0,25.0,33.0,3.0,67.0,0.0,86.0,1586.0,344.0,8617.0,878.0,1478.0,169.0,340.0,2718.0,656.0,1408.0,3643.0,6563.0,2673.0,1050.0,602.0,5846.0,4390.0,1517.0,4840.0,477.0,3174.0,84.0
2026-08-07T19:00Z,226.0,390.0,390.0,12938.0,21261.0,4057.0,255.0,,,,,,,,,1669.0,2183.0,501.0,5425.0,1647.0,3095.0,2779.0,4676.0,13189.0,6264.0,14117.0,27051.0,14293.0,29957.0,2002.0,1277.0,2195.0,586.0,1091.0,1658.0,1925.0,525.0,1203.0,9890.0,4750.0,2235.0,22584.0,7632.0,10675.0,5606.0,16363.0,2735.0,4153.0,23012.0,3462.0,2093.0,2138.0,5374.0,2694.0,7716.0,4958.0,6823.0,2421.0,8694.0,360.0,2.0,26.0,34.0,3.0,69.0,3.0,88.0,1693.0,362.0,9063.0,921.0,1499.0,187.0,356.0,2888.0,692.0,1504.0,3729.0,6290.0,2764.0,1089.0,630.0,6053.0,4458.0,1562.0,5131.0,517.0,3333.0,80.0
2026-08-07T20:00Z,234.0,409.0,397.0,13154.0,20892.0,3425.0,210.0,,,,,,,,,1716.0,2241.0,538.0,5632.0,1688.0,3223.0,2887.0,4790.0,12953.0,6490.0,14603.0,27654.0,14733.0,30196.0,2037.0,1264.0,2151.0,578.0,1177.0,1746.0,2060.0,553.0,1247.0,9963.0,4803.0,2323.0,22746.0,7760.0,10805.0,5743.0,16913.0,2578.0,3939.0,23362.0,3570.0,2114.0,2336.0,5583.0,2568.0,7784.0,5126.0,6560.0,2396.0,9025.0,370.0,2.0,28.0,33.0,3.0,70.0,14.0,89.0,1835.0,373.0,9384.0,958.0,1514.0,199.0,366.0,3018.0,717.0,1575.0,3784.0,6028.0,2855.0,1114.0,664.0,6154.0,4525.0,1543.0,5370.0,561.0,3500.0,85.0
2026-08-07T21:00Z,236.0,425.0,403.0,13492.0,20590.0,3099.0,214.0,,,,,,,,,1797.0,2298.0,616.0,5819.0,1732.0,3314.0,2963.0,4875.0,12846.0,6679.0,14854.0,28021.0,15007.0,30017.0,2066.0,1332.0,2056.0,582.0,1202.0,1925.0,2084.0,548.0,1267.0,10041.0,4910.0,2445.0,22662.0,7612.0,10984.0,5741.0,17293.0,2519.0,3783.0,23209.0,3627.0,2024.0,2335.0,5641.0,2390.0,7418.0,5211.0,6212.0,2409.0,9296.0,367.0,2.0,30.0,36.0,3.0,71.0,31.0,91.0,1951.0,397.0,9586.0,973.0,1543.0,208.0,374.0,3147.0,743.0,1640.0,3860.0,5881.0,2941.0,1141.0,665.0,6252.0,4567.0,1502.0,5600.0,594.0,3650.0,88.0
2026-08-07T22:00Z,238.0,440.0,405.0,13924.0,21137.0,3000.0,170.0,,,,,,,,,1912.0,2333.0,753.0,5864.0,1715.0,3333.0,3011.0,4813.0,12961.0,6883.0,14906.0,28095.0,15095.0,29687.0,2089.0,1440.0,2061.0,622.0,1163.0,2122.0,1961.0,527.0,1243.0,9844.0,4976.0,2531.0,22280.0,7472.0,10938.0,5475.0,17620.0,2516.0,3718.0,23067.0,3614.0,2071.0,2320.0,5435.0,2297.0,6902.0,5165.0,5998.0,2430.0,8998.0,335.0,2.0,30.0,37.0,3.0,71.0,23.0,92.0,2060.0,405.0,9514.0,963.0,1559.0,214.0,383.0,3200.0,762.0,1673.0,3899.0,5757.0,2996.0,1164.0,647.0,6317.0,4589.0,1464.0,5765.0,640.0,3803.0,91.0
2026-08-07T23:00Z,248.0,447.0,408.0,14911.0,22049.0,3243.0,192.0,,,,,,,,,1983.0,2301.0,793.0,5742.0,1714.0,3321.0,3019.0,4708.0,13159.0,7020.0,14743.0,27705.0,14994.0,29469.0,2133.0,1462.0,2167.0,632.0,1161.0,2102.0,1828.0,485.0,1129.0,8902.0,4773.0,2469.0,21711.0,7338.0,10752.0,5246.0,17653.0,2484.0,3628.0,22589.0,3494.0,2078.0,2248.0,4833.0,2214.0,6404.0,4855.0,5891.0,2389.0,7991.0,291.0,2.0,31.0,37.0,4.0,70.0,11.0,88.0,2115.0,409.0,9306.0,977.0,1556.0,215.0,370.0,3204.0,764.0,1695.0,3899.0,5729.0,3002.0,1163.0,653.0,6338.0,4556.0,1445.0,5820.0,675.0,3857.0,92.0
2026-08-08T00:00Z,244.0,445.0,407.0,15806.0,21832.0,3405.0,186.0,,,,,,,,,1968.0,2210.0,789.0,5493.0,1665.0,3231.0,2956.0,4554.0,13122.0,7139.0,14427.0,26928.0,14491.0,28804.0,2122.0,1445.0,2240.0,631.0,1172.0,2014.0,1729.0,457.0,1047.0,8409.0,4376.0,2325.0,20978.0,7095.0,10498.0,5005.0,17317.0,2397.0,3509.0,22026.0,3322.0,1951.0,2080.0,4424.0,2162.0,6068.0,4632.0,5833.0,2303.0,7602.0,265.0,3.0,31.0,36.0,3.0,67.0,13.0,86.0,2015.0,390.0,9038.0,973.0,1528.0,213.0,359.0,3119.0,749.0,1675.0,3859.0,5711.0,2930.0,1151.0,617.0,6308.0,4510.0,1431.0,5752.0,694.0,3877.0,92.0
2026-08-08T01:00Z,223.0,429.0,404.0,16771.0,21125.0,3706.0,183.0,,,,,,,,,1919.0,2129.0,782.0,5127.0,1611.0,3112.0,2902.0,4426.0,12957.0,7038.0,13878.0,25787.0,13837.0,27853.0,2082.0,1428.0,2223.0,629.0,1167.0,1987.0,1660.0,434.0,995.0,8236.0,4038.0,2217.0,20383.0,6862.0,10145.0,4848.0,16572.0,2331.0,3426.0,21336.0,3166.0,1874.0,2026.0,4161.0,2123.0,5886.0,4489.0,5734.0,2235.0,7341.0,252.0,2.0,30.0,35.0,3.0,63.0,18.0,84.0,1980.0,377.0,8595.0,914.0,1463.0,202.0,349.0,2950.0,718.0,1601.0,3812.0,5580.0,2801.0,1132.0,542.0,6242.0,4422.0,1388.0,5545.0,686.0,3816.0,92.0
2026-08-08T02:00Z,232.0,401.0,394.0,17228.0,20229.0,3785.0,156.0,,,,,,,,,1805.0,1992.0,764.0,4705.0,1511.0,2933.0,2750.0,4234.0,12689.0,6829.0,13581.0,24931.0,13201.0,27120.0,2031.0,1394.0,2146.0,556.0,1104.0,1896.0,1573.0,406.0,949.0,8018.0,3760.0,2089.0,19863.0,6574.0,9826.0,4649.0,16020.0,2277.0,3399.0,20453.0,3016.0,1813.0,1909.0,3913.0,2043.0,5695.0,4290.0,5550.0,2170.0,7057.0,240.0,2.0,27.0,36.0,3.0,61.0,25.0,85.0,1912.0,365.0,8081.0,859.0,1438.0,186.0,335.0,2817.0,679.0,1514.0,3703.0,5418.0,2635.0,1089.0,514.0,6099.0,4292.0,1339.0,5254.0,653.0,3697.0,91.0
2026-08-08T03:00Z,236.0,375.0,389.0,16940.0,19425.0,3654.0,111.0,,,,,,,,,1674.0,1827.0,751.0,4321.0,1332.0,2680.0,2495.0,4004.0,12447.0,6502.0,12985.0,23692.0,12751.0,26066.0,1944.0,1323.0,2032.0,558.0,1021.0,1780.0,1477.0,384.0,895.0,7725.0,3501.0,1932.0,18808.0,6202.0,9306.0,4383.0,15404.0,2147.0,3219.0,19502.0,2818.0,1751.0,1778.0,3618.0,1910.0,5392.0,4028.0,5227.0,2026.0,6678.0,262.0,2.0,26.0,35.0,3.0,60.0,29.0,82.0,1912.0,354.0,7628.0,807.0,1406.0,172.0,327.0,2688.0,648.0,1418.0,3633.0,5225.0,2513.0,1058.0,475.0,5933.0,4191.0,1299.0,4994.0,611.0,3571.0,87.0
2026-08-08T04:00Z,232.0,350.0,383.0,16704.0,18647.0,3530.0,76.0,,,,,,,,,1559.0,1679.0,729.0,3958.0,1308.0,2474.0,2320.0,3755.0,11809.0,6068.0,12128.0,22084.0,12027.0,24970.0,1837.0,1241.0,1931.0,555.0,947.0,1678.0,1380.0,354.0,840.0,7381.0,3233.0,1771.0,17791.0,5803.0,8694.0,4098.0,14485.0,1991.0,3051.0,18546.0,2626.0,1650.0,1611.0,3331.0,1782.0,5061.0,3764.0,4906.0,1881.0,6286.0,249.0,2.0,23.0,23.0,3.0,60.0,28.0,81.0,1875.0,339.0,7102.0,750.0,1358.0,156.0,305.0,2511.0,598.0,1298.0,3522.0,5008.0,2351.0,1020.0,448.0,5743.0,4056.0,1244.0,4673.0,570.0,3412.0,82.0
2026-08-08T05:00Z,224.0,322.0,374.0,16059.0,17982.0,3500.0,55.0,,,,,,,,,1437.0,1569.0,724.0,3661.0,1197.0,2280.0,2164.0,3500.0,10989.0,5628.0,11437.0,20925.0,11310.0,23803.0,,,,,,,,,,,,1623.0,16890.0,5462.0,8177.0,3829.0,13613.0,1879.0,2884.0,17717.0,2437.0,1601.0,1453.0,3040.0,1673.0,4772.0,3541.0,4610.0,1808.0,5895.0,232.0,2.0,20.0,29.0,2.0,59.0,31.0,80.0,1766.0,317.0,6595.0,686.0,1321.0,140.0,285.0,2338.0,544.0,1183.0,3388.0,4793.0,2187.0,988.0,417.0,5537.0,3888.0,1171.0,4331.0,517.0,3193.0,78.0
2026-08-08T06:00Z,219.0,294.0,366.0,14985.0,17025.0,3253.0,65.0,15797.0,2207.0,7989.0,19386.0,1863.0,11002.0,5330.0,2147.0,1373.0,1488.0,675.0,3442.0,1127.0,2120.0,2044.0,3302.0,10354.0,5268.0,10811.0,20198.0,10951.0,22622.0,,,,,,,,,,,,1500.0,16239.0,5196.0,7767.0,3610.0,12802.0,1793.0,2770.0,17024.0,2282.0,1538.0,1396.0,2812.0,1588.0,4534.0,3341.0,4406.0,1724.0,5579.0,218.0,2.0,17.0,30.0,2.0,57.0,29.0,78.0,1631.0,300.0,6158.0,630.0,1289.0,127.0,269.0,2179.0,507.0,1092.0,3244.0,4588.0,2052.0,914.0,386.0,5378.0,3751.0,1114.0,4036.0,464.0,2984.0,74.0
2026-08-08T07:00Z,211.0,274.0,359.0,13973.0,15923.0,3067.0,55.0,15099.0,2100.0,7901.0,18346.0,1807.0,10323.0,5035.0,2117.0,1335.0,1428.0,624.0,3258.0,1062.0,2022.0,1955.0,3161.0,9869.0,4993.0,10261.0,19329.0,10475.0,21737.0,,,,,,,,,,,,1420.0,15684.0,4971.0,7508.0,3435.0,12040.0,1725.0,2673.0,16475.0,2165.0,1478.0,1423.0,2653.0,1529.0,4352.0,3161.0,4313.0,1670.0,5334.0,190.0,2.0,17.0,31.0,2.0,56.0,27.0,77.0,1496.0,285.0,5813.0,591.0,1274.0,117.0,256.0,2046.0,473.0,1013.0,3160.0,4402.0,1954.0,858.0,362.0,5262.0,3659.0,1077.0,3799.0,424.0,2817.0,71.0
2026-08-08T08:00Z,211.0,262.0,351.0,13448.0,14609.0,3023.0,42.0,14560.0,1987.0,7910.0,17494.0,1788.0,9736.0,4780.0,2058.0,1312.0,1385.0,619.0,3136.0,1017.0,1939.0,1891.0,3054.0,9565.0,4800.0,10033.0,18686.0,10096.0,21080.0,,,,,,,,,,,,1365.0,15456.0,4855.0,7310.0,3311.0,11379.0,1682.0,2632.0,16078.0,2087.0,1424.0,1372.0,2559.0,1491.0,4241.0,3036.0,4203.0,1643.0,5156.0,168.0,2.0,15.0,35.0,2.0,56.0,26.0,75.0,1382.0,273.0,5558.0,569.0,1259.0,110.0,245.0,1937.0,449.0,955.0,3072.0,4291.0,1890.0,827.0,346.0,5162.0,3599.0,1045.0,3621.0,391.0,2689.0,70.0
2026-08-08T09:00Z,208.0,250.0,343.0,12700.0,13539.0,2793.0,40.0,14159.0,1936.0,7866.0,16923.0,1770.0,9310.0,4550.0,2021.0,1303.0,1362.0,601.0,3072.0,1003.0,1884.0,1864.0,2996.0,9368.0,4640.0,9862.0,18627.0,9779.0,20461.0,,,,,,,,,,,,1339.0,15335.0,4806.0,7161.0,3247.0,10926.0,1655.0,2607.0,15850.0,2049.0,1410.0,1325.0,2480.0,1478.0,4185.0,2964.0,4168.0,1634.0,5054.0,165.0,3.0,15.0,36.0,2.0,55.0,25.0,74.0,1311.0,260.0,5366.0,552.0,1243.0,104.0,237.0,1853.0,433.0,915.0,3030.0,4183.0,1843.0,802.0,334.0,5104.0,3570.0,1029.0,3468.0,366.0,2725.0,68.0
2026-08-08T10:00Z,214.0,244.0,346.0,12190.0,12966.0,2619.0,38.0,13921.0,1889.0,7854.0,16590.0,1768.0,9019.0,4522.0,1977.0,1318.0,1364.0,605.0,3069.0,1075.0,1886.0,1867.0,2987.0,9286.0,4525.0,9787.0,18996.0,9637.0,20155.0,,,,,,,,,,,,1339.0,15304.0,4825.0,7160.0,3246.0,10663.0,1676.0,2631.0,15737.0,2051.0,1378.0,1324.0,2482.0,1493.0,4210.0,2954.0,4228.0,1656.0,5038.0,164.0,2.0,15.0,35.0,2.0,55.0,25.0,74.0,1254.0,255.0,5219.0,541.0,1235.0,101.0,233.0,1807.0,426.0,885.0,2972.0,4115.0,1812.0,784.0,328.0,5035.0,3559.0,1019.0,3380.0,348.0,2661.0,67.0
2026-08-08T11:00Z,210.0,244.0,344.0,11684.0,12555.0,2501.0,35.0,13906.0,1862.0,7738.0,16445.0,1745.0,8856.0,4570.0,1931.0,1342.0,1387.0,617.0,3116.0,993.0,1883.0,1875.0,3027.0,9365.0,4489.0,9753.0,18834.0,9494.0,20114.0,,,,,,,,,,,,1344.0,15429.0,4876.0,7176.0,3263.0,10658.0,1736.0,2699.0,15803.0,2059.0,1390.0,1323.0,2520.0,1522.0,4268.0,3007.0,4318.0,1691.0,5011.0,165.0,2.0,15.0,34.0,2.0,54.0,25.0,74.0,1213.0,252.0,5152.0,544.0,1231.0,101.0,231.0,1802.0,418.0,874.0,2941.0,4113.0,1803.0,789.0,326.0,4977.0,3564.0,1018.0,3363.0,338.0,2644.0,68.0
2026-08-08T12:00Z,213.0,247.0,343.0,11431.0,12170.0,2403.0,36.0,13960.0,1856.0,7786.0,16379.0,1751.0,8836.0,4576.0,1931.0,1404.0,1462.0,611.0,3246.0,1052.0,1981.0,1925.0,3184.0,9476.0,4437.0,9890.0,19068.0,9477.0,20143.0,,,,,,,,,,,,1404.0,15654.0,5031.0,7324.0,3387.0,10690.0,1812.0,2766.0,16229.0,2141.0,1422.0,1339.0,2608.0,1604.0,4456.0,3136.0,4482.0,1742.0,5128.0,172.0,2.0,15.0,32.0,2.0,54.0,25.0,73.0,1195.0,255.0,5144.0,547.0,1223.0,101.0,228.0,1814.0,428.0,885.0,2947.0,4135.0,1814.0,800.0,326.0,4971.0,3575.0,1023.0,3378.0,334.0,2629.0,68.0
2026-08-08T13:00Z,200.0,255.0,343.0,11403.0,11932.0,2359.0,35.0,14104.0,1852.0,7812.0,16405.0,1801.0,8876.0,4564.0,1978.0,1465.0,1572.0,595.0,3401.0,1120.0,2108.0,1980.0,3384.0,9614.0,4474.0,10359.0,20114.0,9621.0,20404.0,,,,,,,,,,,,1503.0,16568.0,5347.0,7855.0,3647.0,10976.0,1962.0,2994.0,17069.0,2301.0,1520.0,1453.0,2821.0,1728.0,4825.0,3337.0,4714.0,1824.0,5291.0,186.0,2.0,15.0,31.0,2.0,53.0,25.0,71.0,1187.0,259.0,5253.0,566.0,1230.0,105.0,233.0,1881.0,443.0,915.0,2972.0,4196.0,1851.0,792.0,338.0,4935.0,3636.0,1043.0,3452.0,333.0,2506.0,68.0
2026-08-08T14:00Z,211.0,272.0,349.0,11531.0,11797.0,2330.0,54.0,14982.0,1967.0,7890.0,17189.0,1936.0,9368.0,4786.0,2069.0,1483.0,1672.0,570.0,3547.0,1165.0,2236.0,2017.0,3545.0,9822.0,4582.0,10945.0,21470.0,10053.0,21571.0,,,,,,,,,,,,1589.0,17474.0,5631.0,8375.0,3956.0,11592.0,2132.0,3268.0,18088.0,2509.0,1569.0,1578.0,3089.0,1850.0,5260.0,3554.0,4956.0,1910.0,5506.0,199.0,2.0,15.0,31.0,2.0,53.0,9.0,72.0,1189.0,265.0,5686.0,620.0,1275.0,117.0,248.0,2042.0,472.0,1003.0,3070.0,4482.0,1940.0,827.0,370.0,5021.0,3763.0,1115.0,3659.0,348.0,2555.0,71.0
2026-08-08T15:00Z,224.0,295.0,361.0,12384.0,14070.0,2641.0,163.0,16512.0,2131.0,8014.0,18617.0,2072.0,10107.0,5152.0,2192.0,1458.0,1754.0,528.0,3720.0,1279.0,2359.0,2082.0,3715.0,10185.0,4786.0,11760.0,22358.0,10715.0,23307.0,,,,,,,,,,,,1680.0,18413.0,5988.0,8947.0,4294.0,12306.0,2266.0,3527.0,19235.0,2707.0,1623.0,1687.0,3374.0,1978.0,5714.0,3784.0,5231.0,1982.0,5819.0,214.0,2.0,17.0,35.0,2.0,55.0,,72.0,1246.0,278.0,6317.0,686.0,1323.0,129.0,269.0,2245.0,506.0,1117.0,3156.0,4831.0,2052.0,873.0,411.0,5186.0,3852.0,1194.0,3976.0,373.0,2672.0,74.0
2026-08-08T16:00Z,235.0,319.0,370.0,12469.0,17724.0,3251.0,255.0,17806.0,2345.0,8167.0,20164.0,2189.0,10844.0,5573.0,2294.0,1448.0,1827.0,473.0,3961.0,1343.0,2493.0,2175.0,3889.0,10498.0,5067.0,12447.0,22790.0,11243.0,24770.0,,,,,,,,,,,,1787.0,19454.0,6227.0,9540.0,4603.0,13064.0,2414.0,3778.0,20380.0,2900.0,1670.0,1922.0,3750.0,2087.0,6109.0,4018.0,5506.0,1988.0,6221.0,233.0,2.0,18.0,31.0,2.0,56.0,,73.0,1303.0,296.0,6963.0,750.0,1372.0,148.0,293.0,2475.0,545.0,1253.0,3272.0,5279.0,2162.0,935.0,457.0,5410.0,3962.0,1293.0,4345.0,404.0,2837.0,77.0
2026-08-08T17:00Z,237.0,348.0,382.0,12159.0,19161.0,3477.0,265.0,18965.0,2642.0,8314.0,21867.0,2277.0,11601.0,5912.0,2356.0,1425.0,1891.0,454.0,4235.0,1422.0,2605.0,2293.0,4035.0,10818.0,5382.0,13223.0,23607.0,11880.0,26371.0,,,,,,,,,,,,1883.0,20341.0,6247.0,10045.0,4947.0,13682.0,2549.0,3994.0,21290.0,3069.0,1692.0,2008.0,4141.0,2112.0,6453.0,4238.0,5710.0,2061.0,6655.0,263.0,2.0,20.0,32.0,2.0,58.0,,75.0,1397.0,312.0,7656.0,817.0,1424.0,165.0,316.0,2696.0,587.0,1376.0,3353.0,5781.0,2285.0,993.0,502.0,5616.0,4099.0,1397.0,4745.0,456.0,3032.0,79.0
2026-08-08T18:00Z,243.0,378.0,389.0,12048.0,19730.0,3845.0,263.0,19921.0,2715.0,8369.0,23664.0,2353.0,12377.0,6168.0,2386.0,1428.0,1949.0,468.0,4444.0,1464.0,2737.0,2417.0,4160.0,11119.0,5682.0,13765.0,24186.0,12525.0,27445.0,,,,,,,,,,,,1987.0,21110.0,6386.0,10497.0,4776.0,14099.0,2667.0,4165.0,21945.0,3217.0,1763.0,2161.0,4476.0,2069.0,6652.0,4316.0,5688.0,2109.0,7144.0,289.0,3.0,23.0,33.0,2.0,59.0,,78.0,1492.0,339.0,8271.0,881.0,1472.0,181.0,333.0,2887.0,626.0,1483.0,3360.0,6290.0,2419.0,1055.0,546.0,5826.0,4203.0,1495.0,5138.0,529.0,3248.0,81.0
2026-08-08T19:00Z,242.0,408.0,395.0,11858.0,20274.0,3218.0,232.0,20427.0,2759.0,8355.0,25188.0,2468.0,13049.0,6445.0,2515.0,1423.0,1987.0,479.0,4641.0,1491.0,2842.0,2476.0,4258.0,11493.0,5941.0,14146.0,24599.0,13000.0,28404.0,,,,,,,,,,,,2237.0,21716.0,6685.0,10851.0,4696.0,14490.0,2748.0,4298.0,22508.0,3165.0,1839.0,2312.0,4789.0,2017.0,6393.0,4433.0,5617.0,2176.0,7790.0,307.0,2.0,24.0,32.0,3.0,60.0,,80.0,1611.0,360.0,8713.0,943.0,1515.0,194.0,348.0,3043.0,618.0,1572.0,3346.0,6741.0,2509.0,1111.0,587.0,6022.0,4296.0,1584.0,5501.0,588.0,3420.0,84.0
2026-08-08T20:00Z,234.0,434.0,404.0,11592.0,19756.0,3489.0,207.0,20117.0,2904.0,8334.0,26221.0,2538.0,13634.0,6632.0,2582.0,1446.0,2023.0,538.0,4962.0,1572.0,2946.0,2597.0,4341.0,11867.0,6162.0,14424.0,25041.0,13409.0,29026.0,,,,,,,,,,,,2098.0,22204.0,6957.0,11140.0,4942.0,14812.0,2815.0,4391.0,22763.0,3049.0,1937.0,2340.0,4948.0,2077.0,5924.0,4692.0,5702.0,2225.0,7734.0,313.0,2.0,26.0,31.0,3.0,61.0,,82.0,1721.0,368.0,8994.0,988.0,1559.0,208.0,359.0,3169.0,584.0,1639.0,3319.0,7058.0,2363.0,1139.0,619.0,6158.0,4396.0,1650.0,5750.0,622.0,3523.0,82.0
2026-08-08T21:00Z,236.0,454.0,405.0,11476.0,20307.0,2890.0,170.0,19846.0,2943.0,8226.0,26663.0,2566.0,14086.0,6731.0,2533.0,1569.0,2070.0,668.0,5251.0,1588.0,3056.0,2730.0,4451.0,12344.0,6378.0,14573.0,25503.0,13746.0,29315.0,,,,,,,,,,,,1954.0,22457.0,7196.0,11419.0,5134.0,15126.0,2867.0,4490.0,22726.0,3194.0,2039.0,2416.0,4648.0,2172.0,6045.0,4837.0,5924.0,2309.0,7274.0,311.0,2.0,27.0,33.0,3.0,62.0,3.0,84.0,1833.0,380.0,9146.0,1025.0,1586.0,216.0,366.0,3256.0,564.0,1700.0,3340.0,7250.0,2270.0,1153.0,643.0,6263.0,4456.0,1692.0,5920.0,650.0,3648.0,86.0
2026-08-08T22:00Z,247.0,470.0,407.0,12277.0,20779.0,2910.0,165.0,19532.0,2982.0,8103.0,27031.0,2556.0,14468.0,6659.0,2517.0,1717.0,2108.0,726.0,5217.0,1613.0,3128.0,2781.0,4497.0,12832.0,6578.0,14621.0,25709.0,13937.0,29223.0,,,,,,,,,,,,2135.0,22541.0,7386.0,11422.0,5033.0,15339.0,2892.0,4528.0,22650.0,3340.0,2093.0,2416.0,4590.0,2263.0,6208.0,4734.0,6044.0,2346.0,7422.0,310.0,2.0,28.0,35.0,3.0,63.0,9.0,83.0,1929.0,392.0,8967.0,1055.0,1594.0,224.0,369.0,3303.0,573.0,1727.0,3386.0,7341.0,2245.0,1164.0,659.0,6327.0,4488.0,1720.0,6043.0,652.0,3714.0,87.0
2026-08-08T23:00Z,252.0,481.0,411.0,13163.0,21357.0,2917.0,163.0,19349.0,2769.0,7944.0,26805.0,2530.0,14623.0,6652.0,2600.0,1749.0,2053.0,736.0,5132.0,1552.0,3105.0,2641.0,4418.0,13265.0,6790.0,14545.0,25603.0,14042.0,28987.0,,,,,,,,,,,,2172.0,22263.0,7416.0,11227.0,5102.0,15440.0,2845.0,4486.0,22421.0,3313.0,2104.0,2312.0,4643.0,2278.0,6114.0,4771.0,6133.0,2320.0,7539.0,302.0,2.0,28.0,31.0,3.0,64.0,5.0,83.0,2023.0,398.0,8819.0,1072.0,1604.0,227.0,370.0,3312.0,585.0,1746.0,3384.0,7346.0,2250.0,1154.0,666.0,6337.0,4518.0,1728.0,6069.0,657.0,3770.0,89.0
2026-08-09T00:00Z,255.0,483.0,414.0,14001.0,21280.0,3143.0,164.0,19013.0,2658.0,7968.0,25878.0,2485.0,14569.0,6507.0,2469.0,1718.0,1985.0,752.0,4960.0,1511.0,2967.0,2508.0,4261.0,13482.0,6858.0,14111.0,24983.0,13767.0,28232.0,,,,,,,,,,,,2089.0,21690.0,7237.0,10795.0,5057.0,15113.0,2740.0,4363.0,21985.0,3226.0,2059.0,2239.0,4411.0,2224.0,5920.0,4601.0,6040.0,2258.0,7370.0,288.0,2.0,25.0,35.0,3.0,64.0,9.0,83.0,2072.0,400.0,8596.0,1054.0,1593.0,224.0,364.0,3239.0,574.0,1698.0,3418.0,7244.0,2220.0,1139.0,651.0,6344.0,4505.0,1701.0,5994.0,666.0,3808.0,89.0
2026-08-09T01:00Z,231.0,468.0,413.0,15179.0,20753.0,3474.0,154.0,18550.0,2453.0,8022.0,24904.0,2447.0,14122.0,6358.0,2618.0,1689.0,1916.0,745.0,4795.0,1447.0,2865.0,2451.0,4085.0,13304.0,6724.0,13614.0,23701.0,13262.0,27431.0,,,,,,,,,,,,2015.0,20845.0,6969.0,10321.0,4928.0,14507.0,2616.0,4202.0,21457.0,3119.0,2000.0,2151.0,4174.0,2151.0,5771.0,4402.0,5888.0,2184.0,7236.0,274.0,2.0,26.0,33.0,3.0,63.0,18.0,85.0,2086.0,397.0,8251.0,1008.0,1562.0,214.0,354.0,3117.0,573.0,1630.0,3385.0,6999.0,2219.0,1102.0,618.0,6310.0,4456.0,1649.0,5784.0,653.0,3804.0,88.0
2026-08-09T02:00Z,236.0,441.0,406.0,16300.0,19959.0,3698.0,123.0,18204.0,2318.0,8073.0,23694.0,2331.0,13561.0,6186.0,2530.0,1589.0,1801.0,719.0,4553.0,1344.0,2673.0,2326.0,3853.0,12963.0,6518.0,13210.0,22655.0,12802.0,26678.0,,,,,,,,,,,,1915.0,20198.0,6677.0,9959.0,4727.0,13909.0,2499.0,4050.0,20746.0,2978.0,1942.0,2060.0,3906.0,2053.0,5585.0,4215.0,5666.0,2122.0,6993.0,258.0,2.0,23.0,33.0,3.0,61.0,27.0,82.0,1986.0,385.0,7916.0,956.0,1530.0,203.0,345.0,3009.0,573.0,1561.0,3337.0,6704.0,2223.0,1064.0,584.0,6106.0,4352.0,1565.0,5517.0,632.0,3683.0,86.0
2026-08-09T03:00Z,242.0,412.0,402.0,16231.0,19466.0,3630.0,91.0,17760.0,2293.0,7963.0,22538.0,2207.0,13032.0,5989.0,2416.0,1479.0,1656.0,686.0,4220.0,1195.0,2423.0,2181.0,3617.0,12560.0,6194.0,12461.0,21307.0,12353.0,25560.0,,,,,,,,,,,,1791.0,19051.0,6280.0,9351.0,4439.0,13277.0,2321.0,3797.0,19887.0,2780.0,1873.0,1920.0,3612.0,1922.0,5333.0,3988.0,5352.0,2010.0,6635.0,239.0,2.0,22.0,33.0,3.0,60.0,30.0,82.0,1900.0,367.0,7582.0,903.0,1492.0,191.0,336.0,2887.0,572.0,1494.0,3289.0,6465.0,2224.0,1044.0,554.0,5894.0,4252.0,1500.0,5262.0,609.0,3563.0,86.0
2026-08-09T04:00Z,239.0,381.0,390.0,16068.0,18618.0,3547.0,83.0,17087.0,2226.0,7936.0,21073.0,2032.0,12325.0,5798.0,2295.0,1382.0,1515.0,633.0,3908.0,1174.0,2237.0,2029.0,3387.0,11903.0,5791.0,11672.0,20101.0,11675.0,24519.0,,,,,,,,,,,,1660.0,18018.0,5877.0,8723.0,4139.0,12492.0,2154.0,3585.0,18869.0,2573.0,1781.0,1671.0,3339.0,1795.0,5062.0,3757.0,5026.0,1880.0,6264.0,220.0,3.0,21.0,34.0,2.0,59.0,28.0,81.0,1786.0,348.0,7173.0,839.0,1453.0,177.0,321.0,2729.0,554.0,1366.0,3223.0,6124.0,2173.0,1013.0,513.0,5676.0,4113.0,1414.0,4948.0,574.0,3414.0,82.0
2026-08-09T05:00Z,224.0,344.0,378.0,15484.0,17821.0,3472.0,77.0,16395.0,2088.0,7860.0,19616.0,1903.0,11566.0,5480.0,2191.0,1316.0,1405.0,607.0,3638.0,1088.0,2065.0,1906.0,3176.0,11220.0,5373.0,10821.0,18702.0,11023.0,23470.0,1752.0,1193.0,1848.0,561.0,888.0,1448.0,1317.0,346.0,837.0,7020.0,3103.0,1530.0,16996.0,5513.0,8113.0,3855.0,11786.0,2010.0,3366.0,18017.0,2392.0,1631.0,1568.0,3064.0,1688.0,4796.0,3558.0,4729.0,1770.0,5908.0,204.0,2.0,18.0,35.0,2.0,58.0,32.0,79.0,1717.0,322.0,6730.0,777.0,1411.0,162.0,305.0,2543.0,529.0,1268.0,3119.0,5833.0,2097.0,968.0,471.0,5502.0,3984.0,1330.0,4604.0,539.0,3218.0,80.0
2026-08-09T06:00Z,210.0,312.0,367.0,14433.0,16751.0,3271.0,55.0,15706.0,1979.0,7785.0,18298.0,1801.0,10864.0,5235.0,2088.0,1253.0,1329.0,579.0,3421.0,1034.0,1942.0,1812.0,3034.0,10635.0,5038.0,10118.0,18036.0,10753.0,22325.0,1673.0,1128.0,1776.0,546.0,844.0,1384.0,1244.0,323.0,793.0,6755.0,2898.0,1438.0,16216.0,5209.0,7590.0,3621.0,11020.0,1888.0,3171.0,17251.0,2243.0,1518.0,1495.0,2834.0,1605.0,4555.0,3394.0,4513.0,1704.0,5587.0,190.0,2.0,17.0,34.0,2.0,57.0,29.0,77.0,1593.0,302.0,6330.0,726.0,1371.0,150.0,292.0,2401.0,505.0,1210.0,3021.0,5528.0,2021.0,926.0,438.0,5351.0,3854.0,1261.0,4315.0,488.0,3015.0,78.0
2026-08-09T07:00Z,202.0,288.0,358.0,13506.0,15588.0,3070.0,41.0,15088.0,1839.0,7821.0,17234.0,1701.0,10233.0,5024.0,2005.0,1216.0,1274.0,562.0,3250.0,997.0,1846.0,1749.0,2907.0,10171.0,4758.0,9677.0,17913.0,10425.0,21535.0,1620.0,1080.0,1715.0,549.0,807.0,1349.0,1172.0,306.0,749.0,6533.0,2728.0,1380.0,15665.0,5013.0,7224.0,3444.0,10497.0,1793.0,3009.0,16639.0,2146.0,1455.0,1442.0,2672.0,1550.0,4377.0,3241.0,4341.0,1641.0,5332.0,179.0,2.0,16.0,34.0,2.0,57.0,27.0,75.0,1460.0,287.0,5979.0,677.0,1331.0,141.0,281.0,2289.0,484.0,1163.0,2942.0,5248.0,1969.0,897.0,414.0,5231.0,3765.0,1201.0,4103.0,441.0,2848.0,74.0
2026-08-09T08:00Z,196.0,271.0,352.0,13003.0,14579.0,3131.0,29.0,14589.0,1748.0,7797.0,16423.0,1640.0,9731.0,4859.0,1973.0,1198.0,1235.0,554.0,3123.0,976.0,1779.0,1702.0,2828.0,9852.0,4519.0,9407.0,17295.0,10124.0,20863.0,1574.0,1046.0,1665.0,550.0,782.0,1323.0,1127.0,292.0,720.0,6363.0,2622.0,1342.0,15249.0,4867.0,6978.0,3315.0,9976.0,1724.0,2884.0,16223.0,2073.0,1402.0,1229.0,2525.0,1504.0,4246.0,3104.0,4219.0,1613.0,5141.0,171.0,2.0,15.0,35.0,2.0,56.0,26.0,75.0,1388.0,271.0,5675.0,646.0,1307.0,136.0,273.0,2210.0,472.0,1109.0,2850.0,5003.0,1947.0,868.0,392.0,5139.0,3684.0,1157.0,3941.0,402.0,2711.0,72.0
2026-08-09T09:00Z,202.0,259.0,347.0,12267.0,13518.0,2889.0,28.0,14192.0,1699.0,7807.0,15814.0,1605.0,9343.0,4588.0,1947.0,1183.0,1220.0,554.0,3044.0,962.0,1741.0,1675.0,2774.0,9677.0,4397.0,9210.0,16914.0,9885.0,20173.0,1534.0,1016.0,1640.0,551.0,771.0,1306.0,1096.0,281.0,698.0,6260.0,2552.0,1323.0,15089.0,4775.0,6697.0,3233.0,9669.0,1675.0,2790.0,15899.0,2031.0,1371.0,1150.0,2451.0,1472.0,4166.0,3023.0,4168.0,1595.0,5015.0,166.0,2.0,14.0,35.0,2.0,56.0,25.0,74.0,1331.0,260.0,5452.0,625.0,1284.0,132.0,268.0,2143.0,459.0,1075.0,2854.0,4841.0,1935.0,848.0,377.0,5076.0,3656.0,1121.0,3816.0,372.0,2737.0,70.0
2026-08-09T10:00Z,199.0,252.0,344.0,11650.0,12911.0,2709.0,28.0,13933.0,1659.0,7774.0,15441.0,1574.0,9057.0,4558.0,1838.0,1191.0,1222.0,555.0,3013.0,953.0,1724.0,1673.0,2764.0,9600.0,4329.0,9049.0,16782.0,9815.0,19912.0,1519.0,997.0,1639.0,549.0,773.0,1321.0,1083.0,275.0,688.0,6228.0,2507.0,1320.0,14899.0,4745.0,6589.0,3217.0,9476.0,1657.0,2766.0,15864.0,2017.0,1361.0,1265.0,2411.0,1468.0,4148.0,3006.0,4173.0,1601.0,4962.0,163.0,2.0,13.0,35.0,2.0,56.0,25.0,73.0,1304.0,255.0,5305.0,607.0,1266.0,129.0,264.0,2107.0,452.0,1059.0,2794.0,4692.0,1932.0,834.0,367.0,5012.0,3628.0,1097.0,3721.0,347.0,2669.0,69.0
2026-08-09T11:00Z,196.0,248.0,343.0,11193.0,12469.0,2649.0,28.0,13787.0,1655.0,7675.0,15156.0,1548.0,8892.0,4576.0,1913.0,1199.0,1245.0,557.0,3027.0,968.0,1734.0,1676.0,2814.0,9672.0,4284.0,9055.0,16819.0,9859.0,19758.0,1496.0,969.0,1616.0,546.0,767.0,1317.0,1071.0,271.0,684.0,6272.0,2494.0,1312.0,14825.0,4723.0,6607.0,3213.0,9445.0,1659.0,2765.0,15825.0,2013.0,1365.0,1324.0,2418.0,1482.0,4160.0,3038.0,4214.0,1602.0,4893.0,162.0,2.0,14.0,36.0,2.0,56.0,24.0,72.0,1285.0,250.0,5218.0,601.0,1253.0,129.0,262.0,2087.0,453.0,1045.0,2797.0,4589.0,1952.0,825.0,362.0,4975.0,3616.0,1085.0,3685.0,331.0,2634.0,71.0
2026-08-09T12:00Z,199.0,250.0,343.0,11026.0,12102.0,2588.0,30.0,13708.0,1692.0,7708.0,15030.0,1527.0,8848.0,4542.0,1881.0,1222.0,1326.0,540.0,3153.0,1013.0,1842.0,1733.0,2965.0,9755.0,4227.0,9062.0,16164.0,9925.0,19642.0,1487.0,943.0,1540.0,537.0,721.0,1282.0,1098.0,285.0,718.0,6463.0,2617.0,1371.0,14941.0,4856.0,6647.0,3314.0,9386.0,1685.0,2806.0,16176.0,2092.0,1389.0,1335.0,2508.0,1564.0,4390.0,3131.0,4384.0,1677.0,4991.0,169.0,2.0,13.0,35.0,2.0,55.0,25.0,72.0,1271.0,252.0,5153.0,600.0,1249.0,129.0,263.0,2101.0,456.0,1054.0,2811.0,4519.0,1971.0,821.0,360.0,4948.0,3635.0,1068.0,3688.0,327.0,2619.0,71.0
2026-08-09T13:00Z,191.0,254.0,341.0,10966.0,11871.0,2486.0,33.0,13710.0,1764.0,7641.0,15035.0,1520.0,8824.0,4525.0,1856.0,1229.0,1432.0,489.0,3363.0,1076.0,2003.0,1804.0,3160.0,9951.0,4273.0,9348.0,16777.0,9999.0,19957.0,1492.0,900.0,1396.0,526.0,664.0,1259.0,1125.0,310.0,758.0,6762.0,2847.0,1475.0,15713.0,5209.0,7061.0,3591.0,9620.0,1807.0,3003.0,17003.0,2256.0,1477.0,1426.0,2740.0,1713.0,4813.0,3322.0,4675.0,1770.0,5216.0,187.0,3.0,14.0,34.0,2.0,55.0,25.0,71.0,1248.0,255.0,5245.0,618.0,1254.0,128.0,260.0,2106.0,469.0,1065.0,2847.0,4503.0,2030.0,820.0,372.0,4909.0,3692.0,1088.0,3753.0,327.0,2485.0,72.0
2026-08-09T14:00Z,204.0,271.0,347.0,10960.0,11727.0,2372.0,49.0,14727.0,1888.0,7716.0,16226.0,1599.0,9322.0,4724.0,2024.0,1247.0,1541.0,427.0,3590.0,1174.0,2161.0,1881.0,3364.0,10337.0,4419.0,10177.0,17863.0,10367.0,21299.0,1499.0,887.0,1290.0,536.0,638.0,1252.0,1163.0,332.0,812.0,7106.0,3072.0,1595.0,16757.0,5639.0,7721.0,3946.0,10103.0,1974.0,3270.0,18130.0,2488.0,1599.0,1553.0,3098.0,1864.0,5290.0,3577.0,4978.0,1879.0,5525.0,207.0,2.0,14.0,32.0,2.0,54.0,11.0,72.0,1245.0,262.0,5675.0,671.0,1288.0,131.0,266.0,2166.0,511.0,1106.0,2938.0,4719.0,2166.0,854.0,404.0,4977.0,3796.0,1162.0,3991.0,344.0,2540.0,72.0
2026-08-09T15:00Z,217.0,294.0,354.0,11295.0,14311.0,2882.0,155.0,16052.0,1975.0,7800.0,18001.0,1768.0,10052.0,5055.0,2171.0,1254.0,1635.0,400.0,3819.0,1334.0,2343.0,1962.0,3542.0,10735.0,4671.0,10931.0,18968.0,11091.0,23009.0,1555.0,907.0,1255.0,545.0,608.0,1244.0,1227.0,360.0,853.0,7486.0,3303.0,1710.0,17761.0,6073.0,8250.0,4279.0,10947.0,2147.0,3568.0,19166.0,2714.0,1719.0,1761.0,3429.0,2000.0,5725.0,3839.0,5261.0,1965.0,5923.0,229.0,2.0,15.0,34.0,2.0,56.0,,73.0,1306.0,272.0,6231.0,728.0,1341.0,138.0,282.0,2291.0,555.0,1196.0,3041.0,5075.0,2316.0,913.0,444.0,5150.0,3904.0,1247.0,4299.0,378.0,2668.0,72.0
2026-08-09T16:00Z,221.0,317.0,362.0,11612.0,17929.0,3274.0,259.0,17182.0,2158.0,8000.0,19820.0,1895.0,10824.0,5438.0,2259.0,1307.0,1733.0,381.0,4132.0,1330.0,2483.0,2047.0,3715.0,10974.0,5011.0,11803.0,20028.0,11726.0,24783.0,1610.0,942.0,1273.0,536.0,591.0,1252.0,1327.0,385.0,892.0,7786.0,3615.0,1824.0,18875.0,6451.0,8816.0,4573.0,11865.0,2327.0,3845.0,20219.0,2916.0,1806.0,1948.0,3761.0,2122.0,6106.0,3973.0,5550.0,2056.0,6303.0,252.0,2.0,17.0,35.0,2.0,57.0,,74.0,1379.0,296.0,6836.0,791.0,1384.0,156.0,302.0,2472.0,603.0,1306.0,3140.0,5474.0,2462.0,973.0,487.0,5366.0,4013.0,1322.0,4639.0,425.0,2848.0,73.0
2026-08-09T17:00Z,224.0,341.0,373.0,11424.0,19304.0,3535.0,276.0,18375.0,2298.0,8165.0,21600.0,2047.0,11666.0,5792.0,2384.0,1390.0,1808.0,351.0,4353.0,1412.0,2626.0,2150.0,3872.0,11322.0,5475.0,12633.0,20175.0,12415.0,26446.0,1682.0,984.0,1313.0,518.0,600.0,1238.0,1420.0,417.0,938.0,8026.0,3871.0,1949.0,19945.0,6782.0,9244.0,4831.0,13120.0,2501.0,4071.0,21173.0,3067.0,1840.0,2080.0,4155.0,2221.0,6425.0,4133.0,5727.0,2133.0,6726.0,274.0,2.0,19.0,34.0,2.0,59.0,,75.0,1471.0,314.0,7479.0,856.0,1430.0,169.0,306.0,2537.0,639.0,1395.0,3249.0,5916.0,2598.0,1023.0,537.0,5569.0,4127.0,1421.0,4989.0,491.0,3054.0,75.0
2026-08-09T18:00Z,227.0,365.0,383.0,11130.0,19292.0,3610.0,269.0,19346.0,2449.0,8310.0,23262.0,2224.0,12506.0,6102.0,2512.0,1435.0,1856.0,345.0,4515.0,1475.0,2715.0,2214.0,3999.0,11883.0,5916.0,13290.0,20809.0,13004.0,27864.0,1751.0,1032.0,1347.0,508.0,606.0,1261.0,1487.0,442.0,974.0,8201.0,4103.0,2049.0,20850.0,7062.0,9797.0,5070.0,13857.0,2630.0,4233.0,21917.0,3209.0,1926.0,2118.0,4425.0,2288.0,6671.0,4358.0,5880.0,2193.0,7052.0,288.0,2.0,22.0,34.0,3.0,60.0,,77.0,1559.0,333.0,8145.0,916.0,1478.0,175.0,325.0,2744.0,674.0,1463.0,3345.0,6351.0,2701.0,1068.0,583.0,5758.0,4242.0,1519.0,5407.0,546.0,3270.0,77.0
2026-08-09T19:00Z,229.0,395.0,388.0,11192.0,19590.0,3305.0,257.0,19997.0,2595.0,8327.0,24748.0,2363.0,13237.0,6368.0,2587.0,1485.0,1896.0,367.0,4659.0,1504.0,2810.0,2299.0,4097.0,12395.0,6164.0,13823.0,21353.0,13616.0,29087.0,1791.0,1072.0,1393.0,515.0,619.0,1303.0,1547.0,464.0,1005.0,8301.0,4272.0,2118.0,21584.0,7276.0,10244.0,5220.0,13735.0,2730.0,4375.0,22481.0,3309.0,2011.0,2294.0,4637.0,2357.0,6862.0,4493.0,6023.0,2224.0,7298.0,303.0,2.0,23.0,35.0,3.0,61.0,,80.0,1664.0,350.0,8705.0,976.0,1515.0,191.0,350.0,2975.0,702.0,1558.0,3441.0,6713.0,2788.0,1115.0,622.0,5912.0,4327.0,1599.0,5787.0,589.0,3479.0,80.0
2026-08-09T20:00Z,235.0,417.0,390.0,11323.0,18848.0,3409.0,177.0,20196.0,2769.0,8359.0,25739.0,2465.0,13886.0,6536.0,2689.0,1551.0,1958.0,428.0,4888.0,1541.0,2927.0,2405.0,4174.0,12860.0,6339.0,14183.0,21680.0,14127.0,29835.0,1853.0,1125.0,1460.0,522.0,639.0,1378.0,1623.0,472.0,1042.0,8432.0,4390.0,2227.0,21975.0,7490.0,10574.0,5398.0,13045.0,2815.0,4493.0,23000.0,3428.0,2086.0,2213.0,4817.0,2426.0,7011.0,4636.0,6196.0,2288.0,7570.0,314.0,2.0,26.0,35.0,3.0,62.0,3.0,81.0,1786.0,362.0,9086.0,1027.0,1554.0,206.0,372.0,3196.0,729.0,1654.0,3461.0,6931.0,2855.0,1148.0,650.0,6029.0,4417.0,1637.0,6039.0,626.0,3601.0,84.0
2026-08-09T21:00Z,242.0,433.0,397.0,11836.0,19628.0,2760.0,159.0,19735.0,2806.0,8411.0,26457.0,2547.0,14357.0,6620.0,2740.0,1682.0,2027.0,520.0,5122.0,1587.0,3053.0,2507.0,4281.0,13415.0,6594.0,14442.0,22054.0,14683.0,30057.0,1925.0,1206.0,1598.0,547.0,693.0,1500.0,1733.0,490.0,1076.0,8530.0,4529.0,2348.0,22327.0,7721.0,10939.0,5546.0,12728.0,2892.0,4603.0,23394.0,3547.0,2158.0,2216.0,4997.0,2506.0,7111.0,4767.0,6367.0,2333.0,7811.0,321.0,2.0,27.0,33.0,3.0,63.0,9.0,84.0,1914.0,375.0,9338.0,1068.0,1576.0,223.0,387.0,3399.0,753.0,1766.0,3554.0,7108.0,2920.0,1171.0,675.0,6143.0,4499.0,1659.0,6216.0,657.0,3680.0,84.0
2026-08-09T22:00Z,248.0,447.0,406.0,12832.0,20079.0,2827.0,168.0,19646.0,2836.0,8470.0,26827.0,2602.0,14773.0,6748.0,2794.0,1832.0,2074.0,639.0,5308.0,1599.0,3127.0,2585.0,4306.0,14017.0,6831.0,14332.0,22280.0,15139.0,30075.0,2010.0,1300.0,1775.0,576.0,813.0,1658.0,1838.0,498.0,1112.0,8569.0,4625.0,2462.0,22284.0,7896.0,11142.0,5674.0,13034.0,2943.0,4663.0,23649.0,3679.0,2200.0,2258.0,5178.0,2559.0,7155.0,4898.0,6515.0,2393.0,8068.0,322.0,3.0,27.0,36.0,3.0,64.0,23.0,84.0,2018.0,382.0,9459.0,1094.0,1585.0,232.0,395.0,3524.0,768.0,1850.0,3606.0,7207.0,2971.0,1175.0,690.0,6199.0,4554.0,1682.0,6342.0,696.0,3760.0,85.0
2026-08-09T23:00Z,253.0,457.0,409.0,13966.0,20553.0,2953.0,178.0,19619.0,2804.0,8460.0,26892.0,2611.0,14947.0,6624.0,2786.0,1896.0,2055.0,743.0,5294.0,1567.0,3084.0,2601.0,4227.0,14411.0,7093.0,14131.0,22300.0,15357.0,30029.0,2089.0,1383.0,2006.0,566.0,953.0,1784.0,1864.0,484.0,1107.0,8515.0,4588.0,2481.0,21952.0,7889.0,10952.0,5689.0,13217.0,2933.0,4636.0,23584.0,3666.0,2190.0,2242.0,5160.0,2532.0,7022.0,4942.0,6512.0,2367.0,8141.0,311.0,2.0,25.0,35.0,3.0,64.0,15.0,86.0,2041.0,388.0,9417.0,1098.0,1582.0,241.0,395.0,3564.0,755.0,1880.0,3653.0,7226.0,2929.0,1168.0,694.0,6230.0,4599.0,1688.0,6383.0,681.0,3816.0,87.0
2026-08-10T00:00Z,255.0,461.0,402.0,15111.0,20853.0,3159.0,147.0,19441.0,2784.0,8451.0,26494.0,2568.0,14818.0,6498.0,2756.0,1893.0,1965.0,780.0,5087.0,1476.0,2942.0,2539.0,4060.0,14515.0,7226.0,13885.0,22115.0,15193.0,29519.0,2094.0,1421.0,2107.0,626.0,1021.0,1806.0,1799.0,457.0,1076.0,8378.0,4401.0,2390.0,21316.0,7609.0,10545.0,5511.0,13317.0,2856.0,4491.0,23081.0,3536.0,2112.0,2167.0,4874.0,2433.0,6721.0,4847.0,6351.0,2287.0,7965.0,292.0,2.0,24.0,36.0,3.0,64.0,9.0,86.0,2092.0,383.0,9228.0,1077.0,1569.0,240.0,391.0,3508.0,743.0,1844.0,3664.0,7149.0,2858.0,1153.0,683.0,6189.0,4574.0,1672.0,6288.0,651.0,3808.0,89.0
2026-08-10T01:00Z,234.0,446.0,399.0,16189.0,20626.0,3499.0,148.0,18976.0,2670.0,8282.0,25510.0,2462.0,14348.0,6328.0,2690.0,1820.0,1877.0,768.0,4875.0,1435.0,2813.0,2497.0,3966.0,14347.0,7180.0,13419.0,21669.0,14757.0,28612.0,2050.0,1386.0,2077.0,593.0,1015.0,1769.0,1705.0,435.0,1041.0,8340.0,4217.0,2254.0,20542.0,7291.0,10057.0,5279.0,13205.0,2749.0,4316.0,22491.0,3351.0,2009.0,2061.0,4572.0,2330.0,6456.0,4705.0,6122.0,2246.0,7784.0,274.0,2.0,24.0,35.0,3.0,63.0,21.0,84.0,2152.0,387.0,8848.0,1032.0,1531.0,228.0,381.0,3383.0,710.0,1771.0,3592.0,6922.0,2784.0,1118.0,651.0,6086.0,4521.0,1638.0,6071.0,632.0,3766.0,89.0
2026-08-10T02:00Z,224.0,418.0,391.0,17184.0,20054.0,3819.0,139.0,18567.0,2561.0,8148.0,24543.0,2341.0,13780.0,6203.0,2625.0,1693.0,1738.0,733.0,4536.0,1295.0,2596.0,2344.0,3801.0,14066.0,7024.0,13179.0,21442.0,14327.0,27974.0,1992.0,1323.0,1972.0,605.0,962.0,1663.0,1591.0,405.0,993.0,8222.0,3956.0,2102.0,20037.0,6881.0,9679.0,4993.0,13343.0,2636.0,4158.0,21575.0,3125.0,1917.0,1973.0,4240.0,2199.0,6153.0,4523.0,5806.0,2131.0,7458.0,255.0,2.0,23.0,35.0,3.0,61.0,28.0,83.0,2070.0,378.0,8451.0,977.0,1498.0,221.0,373.0,3270.0,689.0,1696.0,3533.0,6684.0,2713.0,1093.0,623.0,5968.0,4446.0,1569.0,5803.0,606.0,3655.0,87.0
2026-08-10T03:00Z,226.0,394.0,380.0,17052.0,19278.0,3737.0,94.0,18080.0,2465.0,7963.0,23650.0,2256.0,13246.0,5999.0,2519.0,1521.0,1566.0,678.0,4111.0,1144.0,2323.0,2156.0,3560.0,13651.0,6708.0,12575.0,20650.0,13824.0,26946.0,1885.0,1227.0,1833.0,590.0,884.0,1521.0,1452.0,368.0,927.0,7930.0,3630.0,1923.0,19054.0,6376.0,9060.0,4598.0,13075.0,2454.0,3901.0,20411.0,2847.0,1802.0,1792.0,3829.0,2018.0,5780.0,4235.0,5382.0,2010.0,6973.0,233.0,2.0,22.0,34.0,3.0,60.0,30.0,82.0,1970.0,367.0,8020.0,920.0,1467.0,210.0,365.0,3148.0,661.0,1615.0,3458.0,6433.0,2630.0,1069.0,590.0,5834.0,4351.0,1503.0,5547.0,584.0,3534.0,86.0
2026-08-10T04:00Z,221.0,366.0,378.0,16743.0,18551.0,3589.0,79.0,17238.0,2329.0,7871.0,22283.0,2114.0,12419.0,5656.0,2367.0,1375.0,1424.0,620.0,3707.0,1099.0,2099.0,1981.0,3314.0,12856.0,6325.0,11830.0,19645.0,13056.0,25473.0,1792.0,1138.0,1714.0,568.0,818.0,1402.0,1324.0,335.0,861.0,7544.0,3283.0,1748.0,17942.0,5909.0,8491.0,4213.0,12639.0,2304.0,3651.0,19336.0,2577.0,1693.0,1699.0,3441.0,1863.0,5338.0,3937.0,5024.0,1876.0,6476.0,212.0,2.0,22.0,34.0,3.0,59.0,29.0,81.0,1847.0,347.0,7480.0,852.0,1435.0,195.0,348.0,2959.0,616.0,1500.0,3312.0,6114.0,2492.0,1027.0,548.0,5651.0,4181.0,1409.0,5184.0,551.0,3357.0,87.0
2026-08-10T05:00Z,219.0,335.0,367.0,16023.0,17879.0,3543.0,63.0,16384.0,2182.0,7850.0,20648.0,2002.0,11589.0,5349.0,2224.0,1285.0,1318.0,590.0,3394.0,1017.0,1916.0,1843.0,3101.0,11934.0,5951.0,11219.0,19341.0,12329.0,24061.0,1700.0,1071.0,1625.0,573.0,766.0,1302.0,1220.0,312.0,815.0,7201.0,2994.0,1595.0,17131.0,5558.0,7968.0,3892.0,12148.0,2184.0,3451.0,18347.0,2346.0,1609.0,1625.0,3095.0,1739.0,4996.0,3676.0,4708.0,1787.0,6027.0,194.0,2.0,18.0,35.0,3.0,58.0,32.0,79.0,1712.0,321.0,6933.0,783.0,1395.0,180.0,329.0,2755.0,580.0,1387.0,3165.0,5754.0,2335.0,974.0,503.0,5446.0,4010.0,1313.0,4832.0,502.0,3101.0,80.0
2026-08-10T06:00Z,222.0,307.0,361.0,14800.0,16785.0,3494.0,65.0,15668.0,2060.0,7787.0,19188.0,1881.0,10801.0,5055.0,2124.0,1228.0,1245.0,557.0,3154.0,939.0,1784.0,1734.0,2927.0,11227.0,5649.0,10825.0,19138.0,12000.0,22791.0,1637.0,1027.0,1564.0,553.0,736.0,1244.0,1139.0,289.0,759.0,6854.0,2764.0,1478.0,16513.0,5335.0,7629.0,3650.0,11722.0,2082.0,3277.0,17637.0,2183.0,1534.0,1524.0,2825.0,1646.0,4678.0,3459.0,4463.0,1713.0,5624.0,180.0,2.0,17.0,36.0,3.0,57.0,29.0,78.0,1585.0,306.0,6483.0,731.0,1368.0,168.0,318.0,2613.0,543.0,1301.0,3043.0,5473.0,2221.0,930.0,464.0,5282.0,3887.0,1248.0,4571.0,452.0,2905.0,76.0
2026-08-10T07:00Z,218.0,285.0,353.0,13668.0,15560.0,3107.0,64.0,15069.0,1955.0,7821.0,18080.0,1806.0,10143.0,4895.0,2085.0,1193.0,1199.0,547.0,2978.0,898.0,1690.0,1672.0,2813.0,10712.0,5417.0,10416.0,18642.0,11649.0,21947.0,1589.0,998.0,1527.0,539.0,719.0,1204.0,1083.0,276.0,716.0,6587.0,2596.0,1397.0,16193.0,5180.0,7400.0,3487.0,11281.0,2006.0,3149.0,17087.0,2077.0,1488.0,1436.0,2634.0,1585.0,4468.0,3315.0,4294.0,1673.0,5327.0,169.0,3.0,15.0,34.0,2.0,56.0,28.0,77.0,1475.0,293.0,6144.0,691.0,1345.0,160.0,308.0,2498.0,515.0,1232.0,2966.0,5227.0,2137.0,902.0,436.0,5162.0,3807.0,1193.0,4360.0,421.0,2761.0,75.0
2026-08-10T08:00Z,213.0,271.0,340.0,12975.0,14308.0,3169.0,41.0,14647.0,1864.0,7725.0,17263.0,1747.0,9667.0,4809.0,2040.0,1169.0,1175.0,530.0,2859.0,875.0,1628.0,1629.0,2740.0,10359.0,5253.0,10309.0,18163.0,11258.0,21417.0,1562.0,982.0,1483.0,534.0,709.0,1182.0,1046.0,260.0,682.0,6409.0,2479.0,1348.0,16003.0,5043.0,7299.0,3389.0,10820.0,1962.0,3051.0,16702.0,2014.0,1459.0,1393.0,2521.0,1541.0,4310.0,3230.0,4178.0,1654.0,5137.0,162.0,2.0,16.0,35.0,2.0,55.0,26.0,75.0,1383.0,283.0,5901.0,664.0,1324.0,150.0,292.0,2386.0,497.0,1192.0,2905.0,5063.0,2083.0,884.0,416.0,5071.0,3751.0,1150.0,4190.0,394.0,2640.0,76.0
2026-08-10T09:00Z,208.0,261.0,309.0,12261.0,13519.0,2908.0,36.0,14473.0,1835.0,7676.0,16782.0,1693.0,9365.0,4680.0,1979.0,1181.0,1179.0,534.0,2833.0,873.0,1615.0,1627.0,2725.0,10181.0,5137.0,10299.0,17563.0,11043.0,20980.0,1559.0,989.0,1504.0,532.0,719.0,1190.0,1022.0,253.0,670.0,6347.0,2434.0,1328.0,16149.0,5035.0,7343.0,3365.0,10503.0,1960.0,3041.0,16580.0,1998.0,1471.0,1386.0,2450.0,1540.0,4273.0,3238.0,4196.0,1694.0,5075.0,160.0,2.0,14.0,32.0,2.0,55.0,26.0,75.0,1330.0,274.0,5732.0,649.0,1316.0,134.0,279.0,2227.0,483.0,1147.0,2859.0,4936.0,2052.0,881.0,404.0,5019.0,3717.0,1130.0,4063.0,376.0,2703.0,76.0
2026-08-10T10:00Z,209.0,257.0,345.0,11558.0,13142.0,3156.0,33.0,14476.0,1843.0,7630.0,16568.0,1695.0,9281.0,4659.0,1941.0,1231.0,1235.0,560.0,2919.0,900.0,1659.0,1694.0,2809.0,10244.0,5089.0,10506.0,18162.0,10976.0,20803.0,1610.0,1027.0,1564.0,534.0,754.0,1227.0,1038.0,259.0,685.0,6480.0,2455.0,1340.0,16630.0,5178.0,7645.0,3449.0,10593.0,2043.0,3140.0,16766.0,2060.0,1493.0,1411.0,2491.0,1610.0,4395.0,3384.0,4360.0,1797.0,5157.0,163.0,2.0,15.0,36.0,2.0,56.0,26.0,73.0,1273.0,266.0,5704.0,647.0,1317.0,129.0,277.0,2184.0,481.0,1136.0,2867.0,4881.0,2050.0,866.0,400.0,4966.0,3682.0,1118.0,4024.0,363.0,2658.0,74.0
2026-08-10T11:00Z,217.0,258.0,346.0,11762.0,13052.0,3114.0,35.0,14676.0,1899.0,7658.0,16763.0,1698.0,9397.0,4676.0,1918.0,1293.0,1319.0,587.0,3071.0,899.0,1735.0,1782.0,2958.0,10664.0,5162.0,11051.0,19228.0,11230.0,21132.0,1665.0,1086.0,1648.0,547.0,783.0,1262.0,1065.0,267.0,714.0,6802.0,2518.0,1362.0,17359.0,5409.0,8079.0,3583.0,11208.0,2194.0,3301.0,17105.0,2146.0,1522.0,1473.0,2571.0,1712.0,4554.0,3565.0,4648.0,1904.0,5267.0,169.0,2.0,15.0,36.0,2.0,57.0,26.0,74.0,1259.0,258.0,5804.0,668.0,1318.0,127.0,281.0,2200.0,496.0,1148.0,2902.0,4963.0,2082.0,877.0,408.0,4973.0,3751.0,1130.0,4079.0,358.0,2660.0,73.0
2026-08-10T12:00Z,218.0,270.0,350.0,11400.0,12731.0,2996.0,35.0,14893.0,1963.0,7680.0,17132.0,1702.0,9654.0,4829.0,1953.0,1343.0,1414.0,595.0,3226.0,929.0,1852.0,1867.0,3116.0,11288.0,5345.0,11447.0,19970.0,11556.0,21453.0,1729.0,1119.0,1667.0,563.0,768.0,1257.0,1092.0,281.0,761.0,7230.0,2663.0,1418.0,17977.0,5690.0,8488.0,3744.0,11872.0,2332.0,3421.0,17526.0,2247.0,1600.0,1535.0,2724.0,1821.0,4890.0,3708.0,4921.0,2031.0,5508.0,182.0,2.0,15.0,35.0,2.0,58.0,26.0,76.0,1282.0,266.0,5983.0,701.0,1327.0,129.0,292.0,2265.0,519.0,1180.0,2974.0,5058.0,2155.0,886.0,423.0,5019.0,3862.0,1146.0,4192.0,365.0,2704.0,73.0
2026-08-10T13:00Z,204.0,289.0,355.0,11680.0,12890.0,2742.0,39.0,15045.0,1955.0,7689.0,17392.0,1761.0,9772.0,4861.0,1966.0,1360.0,1490.0,538.0,3315.0,992.0,1934.0,1930.0,3279.0,11824.0,5511.0,11920.0,20750.0,11773.0,21769.0,1797.0,1139.0,1609.0,550.0,743.0,1180.0,1101.0,299.0,794.0,7639.0,2830.0,1496.0,18516.0,5986.0,8788.0,3977.0,12570.0,2453.0,3592.0,18164.0,2390.0,1715.0,1559.0,2925.0,1928.0,5253.0,3902.0,5183.0,2101.0,5737.0,200.0,2.0,16.0,33.0,2.0,59.0,27.0,77.0,1310.0,275.0,6147.0,731.0,1343.0,134.0,304.0,2343.0,559.0,1222.0,3120.0,5112.0,2241.0,913.0,448.0,5019.0,3994.0,1163.0,4340.0,380.0,2637.0,73.0
2026-08-10T14:00Z,208.0,314.0,363.0,12340.0,13362.0,2758.0,49.0,15998.0,2010.0,7681.0,18487.0,1891.0,10161.0,5033.0,2089.0,1359.0,1521.0,441.0,3373.0,1086.0,2041.0,1910.0,3389.0,12084.0,5696.0,12436.0,21699.0,12232.0,22927.0,1887.0,1194.0,1508.0,552.0,696.0,1122.0,1130.0,311.0,827.0,7990.0,3007.0,1577.0,19172.0,6347.0,8765.0,4292.0,13130.0,2573.0,3799.0,19052.0,2582.0,1807.0,1605.0,3171.0,1995.0,5609.0,4176.0,5354.0,2178.0,5964.0,215.0,2.0,18.0,37.0,2.0,61.0,14.0,76.0,1329.0,284.0,6558.0,781.0,1379.0,140.0,320.0,2449.0,578.0,1290.0,3241.0,5342.0,2329.0,970.0,487.0,5135.0,4111.0,1221.0,4559.0,397.0,2722.0,66.0
2026-08-10T15:00Z,232.0,337.0,377.0,13044.0,15274.0,3334.0,67.0,17164.0,2221.0,7747.0,20054.0,1991.0,10789.0,5339.0,2225.0,1300.0,1571.0,395.0,3492.0,1125.0,2125.0,1935.0,3482.0,12383.0,5855.0,13080.0,22272.0,12744.0,24532.0,1930.0,1293.0,1551.0,528.0,691.0,1158.0,1142.0,327.0,865.0,8256.0,3214.0,1694.0,19861.0,6704.0,8970.0,4529.0,13739.0,2712.0,4077.0,20118.0,2810.0,1911.0,1762.0,3447.0,2021.0,5967.0,4395.0,5440.0,2286.0,6298.0,232.0,2.0,19.0,35.0,2.0,64.0,,78.0,1398.0,291.0,7126.0,850.0,1423.0,150.0,327.0,2587.0,597.0,1357.0,3350.0,5664.0,2464.0,1004.0,532.0,5300.0,4213.0,1288.0,4852.0,427.0,2836.0,66.0
2026-08-10T16:00Z,240.0,359.0,386.0,13642.0,19092.0,3729.0,117.0,17901.0,2420.0,7875.0,21538.0,2089.0,11324.0,5627.0,2340.0,1270.0,1638.0,397.0,3687.0,1152.0,2218.0,2008.0,3604.0,12779.0,6074.0,13763.0,23442.0,13500.0,26299.0,2020.0,1330.0,1637.0,529.0,704.0,1196.0,1240.0,360.0,907.0,8508.0,3447.0,1835.0,20520.0,7073.0,9186.0,4623.0,14559.0,2791.0,4349.0,21146.0,2953.0,1962.0,2054.0,3904.0,2071.0,6055.0,4642.0,5494.0,2319.0,6851.0,257.0,3.0,23.0,28.0,3.0,66.0,,78.0,1451.0,306.0,7781.0,923.0,1469.0,157.0,345.0,2696.0,639.0,1438.0,3456.0,6114.0,2621.0,1058.0,581.0,5481.0,4334.0,1379.0,5217.0,467.0,2968.0,67.0
2026-08-10T17:00Z,240.0,385.0,390.0,13735.0,20677.0,3848.0,176.0,18367.0,2543.0,7976.0,23133.0,2224.0,12081.0,5978.0,2475.0,1303.0,1726.0,374.0,3952.0,1226.0,2312.0,2119.0,3806.0,13193.0,6370.0,14513.0,24660.0,14169.0,27782.0,2024.0,1382.0,1821.0,530.0,743.0,1130.0,1271.0,391.0,966.0,8707.0,3697.0,1896.0,20955.0,7208.0,9499.0,4913.0,15478.0,2914.0,4584.0,22006.0,3068.0,1869.0,2158.0,4021.0,2204.0,6285.0,4845.0,5719.0,2359.0,7006.0,274.0,2.0,24.0,27.0,3.0,69.0,,82.0,1518.0,326.0,8434.0,990.0,1518.0,171.0,369.0,2896.0,699.0,1539.0,3581.0,6520.0,2783.0,1105.0,629.0,5671.0,4451.0,1460.0,5569.0,513.0,3122.0,70.0
2026-08-10T18:00Z,245.0,414.0,402.0,13280.0,21146.0,3793.0,217.0,18569.0,2749.0,8076.0,24655.0,2382.0,12833.0,6305.0,2583.0,1350.0,1791.0,346.0,4180.0,1266.0,2435.0,2200.0,3898.0,13631.0,6702.0,15185.0,25894.0,14725.0,28706.0,1997.0,1413.0,2069.0,519.0,790.0,1218.0,1351.0,383.0,986.0,8844.0,3877.0,1963.0,21358.0,7176.0,9951.0,5215.0,16474.0,3074.0,4777.0,22890.0,3232.0,1804.0,2307.0,4141.0,2364.0,6663.0,5048.0,6141.0,2361.0,7064.0,287.0,2.0,27.0,29.0,3.0,70.0,0.0,81.0,1608.0,343.0,9038.0,1053.0,1561.0,186.0,387.0,3151.0,750.0,1661.0,3714.0,6953.0,2923.0,1160.0,668.0,5848.0,4532.0,1541.0,5958.0,567.0,3275.0,73.0
2026-08-10T19:00Z,253.0,446.0,412.0,13121.0,21341.0,3605.0,256.0,18385.0,2863.0,8181.0,26201.0,2511.0,13517.0,6563.0,2694.0,1379.0,1837.0,393.0,4426.0,1361.0,2558.0,2310.0,4000.0,14111.0,7028.0,15529.0,26906.0,15234.0,29469.0,1907.0,1349.0,2092.0,545.0,903.0,1346.0,1503.0,417.0,1030.0,9064.0,3990.0,2090.0,21910.0,7093.0,10313.0,5485.0,17283.0,3162.0,4881.0,23574.0,3406.0,1779.0,2421.0,4524.0,2471.0,6941.0,5191.0,6398.0,2324.0,7512.0,310.0,2.0,28.0,28.0,3.0,72.0,3.0,84.0,1727.0,363.0,9532.0,1108.0,1590.0,206.0,406.0,3373.0,795.0,1780.0,3846.0,7283.0,3048.0,1217.0,704.0,5988.0,4594.0,1614.0,6283.0,621.0,3478.0,78.0
2026-08-10T20:00Z,256.0,468.0,415.0,13314.0,21829.0,3290.0,253.0,17727.0,2929.0,8273.0,27229.0,2592.0,14058.0,6709.0,2739.0,1444.0,1903.0,470.0,4705.0,1438.0,2754.0,2455.0,4136.0,14406.0,7318.0,15782.0,27577.0,15562.0,29951.0,1936.0,1214.0,1968.0,577.0,928.0,1474.0,1752.0,453.0,1098.0,9279.0,4168.0,2247.0,22432.0,6949.0,10483.0,5712.0,17814.0,3207.0,4961.0,23819.0,3607.0,1810.0,2482.0,4914.0,2429.0,7104.0,5322.0,6328.0,2291.0,8035.0,326.0,2.0,30.0,26.0,4.0,72.0,8.0,85.0,1835.0,380.0,9790.0,1142.0,1608.0,220.0,412.0,3528.0,829.0,1849.0,3945.0,7410.0,3142.0,1236.0,736.0,6107.0,4665.0,1656.0,6492.0,652.0,3648.0,81.0
2026-08-10T21:00Z,258.0,478.0,412.0,13603.0,22236.0,3532.0,226.0,16870.0,2923.0,8335.0,27866.0,2652.0,14495.0,6941.0,2808.0,1553.0,1961.0,579.0,5059.0,1497.0,2864.0,2598.0,4241.0,14629.0,7458.0,16023.0,28000.0,15858.0,30212.0,2043.0,1256.0,1844.0,590.0,958.0,1701.0,1894.0,467.0,1127.0,9404.0,4430.0,2421.0,22785.0,6730.0,10750.0,5492.0,17983.0,3266.0,5038.0,23227.0,3682.0,1864.0,2513.0,5096.0,2310.0,6897.0,5352.0,6105.0,2311.0,8406.0,319.0,2.0,31.0,27.0,4.0,73.0,6.0,87.0,1977.0,391.0,9951.0,1164.0,1618.0,233.0,415.0,3621.0,849.0,1912.0,4001.0,7544.0,3228.0,1232.0,756.0,6196.0,4678.0,1675.0,6612.0,656.0,3741.0,84.0
2026-08-10T22:00Z,262.0,492.0,410.0,14242.0,22774.0,3446.0,149.0,16321.0,2936.0,8335.0,28180.0,2666.0,14774.0,7061.0,2845.0,1694.0,2013.0,683.0,5082.0,1479.0,2921.0,2673.0,4214.0,14803.0,7490.0,16048.0,28167.0,16013.0,30234.0,2119.0,1385.0,1880.0,601.0,925.0,1802.0,1770.0,461.0,1115.0,9233.0,4516.0,2462.0,22724.0,6650.0,10920.0,4866.0,17825.0,3287.0,5031.0,22406.0,3678.0,1894.0,2523.0,4873.0,2259.0,6684.0,4948.0,6005.0,2328.0,8129.0,299.0,2.0,30.0,27.0,4.0,73.0,18.0,86.0,2090.0,393.0,9956.0,1180.0,1624.0,240.0,417.0,3657.0,851.0,1952.0,3990.0,7564.0,3276.0,1230.0,755.0,6272.0,4709.0,1685.0,6636.0,663.0,3782.0,85.0
2026-08-10T23:00Z,267.0,499.0,414.0,15027.0,22885.0,3441.0,130.0,16141.0,2874.0,8331.0,28114.0,2669.0,14777.0,7075.0,2746.0,1765.0,1992.0,707.0,4980.0,1431.0,2886.0,2680.0,4137.0,15016.0,7546.0,15998.0,28080.0,16096.0,29841.0,2194.0,1508.0,2095.0,631.0,1008.0,1804.0,1633.0,421.0,1047.0,8473.0,4281.0,2369.0,22831.0,6653.0,11025.0,4637.0,17421.0,3266.0,4987.0,21564.0,3448.0,1861.0,2541.0,4611.0,2221.0,6449.0,4600.0,5946.0,2333.0,7637.0,274.0,2.0,30.0,28.0,4.0,72.0,24.0,83.0,2138.0,397.0,9850.0,1183.0,1618.0,249.0,410.0,3650.0,851.0,1983.0,3993.0,7516.0,3269.0,1214.0,752.0,6287.0,4714.0,1697.0,6604.0,692.0,3804.0,86.0
2026-08-11T00:00Z,267.0,488.0,416.0,15597.0,23309.0,3966.0,107.0,15990.0,2828.0,8225.0,27733.0,2596.0,14558.0,6939.0,2751.0,1739.0,1921.0,728.0,4756.0,1359.0,2774.0,2636.0,4036.0,14992.0,7528.0,15791.0,27519.0,15943.0,29374.0,2199.0,1556.0,2211.0,630.0,1097.0,1813.0,1600.0,407.0,1007.0,8305.0,4003.0,2203.0,22598.0,6573.0,10832.0,4495.0,16907.0,3193.0,4895.0,20514.0,3126.0,1821.0,2454.0,4319.0,2171.0,6206.0,4348.0,5857.0,2286.0,7394.0,261.0,2.0,27.0,32.0,4.0,70.0,28.0,81.0,2054.0,394.0,9664.0,1162.0,1598.0,247.0,406.0,3586.0,839.0,1947.0,3984.0,7401.0,3217.0,1215.0,736.0,6248.0,4713.0,1692.0,6559.0,721.0,3792.0,86.0
2026-08-11T01:00Z,241.0,474.0,408.0,16601.0,22011.0,3992.0,63.0,15938.0,2782.0,8167.0,26732.0,2527.0,14057.0,6795.0,2528.0,1697.0,1869.0,724.0,4616.0,1355.0,2709.0,2625.0,4015.0,14772.0,7440.0,15327.0,26605.0,15503.0,28476.0,2142.0,1536.0,2186.0,577.0,1116.0,1825.0,1560.0,391.0,975.0,8201.0,3802.0,2049.0,22197.0,6559.0,10559.0,4435.0,16515.0,3094.0,4730.0,19886.0,2880.0,1798.0,2381.0,4157.0,2136.0,6027.0,4176.0,5785.0,2272.0,7229.0,251.0,3.0,25.0,32.0,3.0,65.0,35.0,79.0,2059.0,391.0,9308.0,1109.0,1570.0,236.0,396.0,3464.0,803.0,1878.0,3990.0,7202.0,3128.0,1190.0,705.0,6176.0,4648.0,1658.0,6309.0,715.0,3710.0,86.0
2026-08-11T02:00Z,240.0,449.0,400.0,17449.0,20850.0,3807.0,68.0,16049.0,2711.0,8193.0,25581.0,2439.0,13490.0,6600.0,2432.0,1594.0,1741.0,700.0,4332.0,1269.0,2524.0,2488.0,3834.0,14474.0,7383.0,14836.0,25757.0,15085.0,27842.0,2072.0,1474.0,2068.0,527.0,1046.0,1748.0,1490.0,371.0,932.0,8036.0,3573.0,1907.0,21544.0,6332.0,10312.0,4249.0,16118.0,2983.0,4625.0,19021.0,2698.0,1753.0,2268.0,3895.0,2056.0,5775.0,3996.0,5580.0,2216.0,6975.0,238.0,2.0,24.0,35.0,3.0,63.0,31.0,77.0,2015.0,353.0,8855.0,1056.0,1538.0,227.0,389.0,3347.0,765.0,1801.0,3883.0,6937.0,3013.0,1154.0,674.0,6067.0,4619.0,1603.0,6014.0,692.0,3613.0,84.0
2026-08-11T03:00Z,240.0,422.0,397.0,17185.0,19873.0,3689.0,76.0,15897.0,2554.0,8207.0,24572.0,2353.0,12953.0,6369.0,2361.0,1459.0,1589.0,696.0,3971.0,1107.0,2287.0,2294.0,3580.0,14043.0,7069.0,14044.0,24246.0,14525.0,26880.0,1972.0,1371.0,1927.0,560.0,963.0,1620.0,1386.0,352.0,873.0,7692.0,3321.0,1751.0,20193.0,5984.0,9712.0,3974.0,15403.0,2766.0,4356.0,18110.0,2477.0,1653.0,2066.0,3533.0,1922.0,5359.0,3730.0,5233.0,2070.0,6568.0,222.0,2.0,24.0,38.0,3.0,62.0,30.0,77.0,2012.0,342.0,8398.0,991.0,1505.0,215.0,382.0,3205.0,740.0,1717.0,3823.0,6671.0,2892.0,1121.0,639.0,5925.0,4561.0,1541.0,5745.0,657.0,3478.0,81.0
2026-08-11T04:00Z,233.0,391.0,392.0,16970.0,19457.0,3720.0,104.0,15320.0,2405.0,8099.0,22962.0,2215.0,12153.0,6051.0,2322.0,1338.0,1453.0,648.0,3620.0,1112.0,2088.0,2116.0,3331.0,13293.0,6661.0,13191.0,22666.0,13661.0,25394.0,1871.0,1273.0,1844.0,550.0,865.0,1506.0,1280.0,331.0,814.0,7280.0,3054.0,1599.0,18888.0,5568.0,9083.0,3681.0,14492.0,2538.0,4099.0,17176.0,2267.0,1527.0,1880.0,3265.0,1787.0,4967.0,3462.0,4902.0,1932.0,6123.0,204.0,2.0,21.0,38.0,3.0,60.0,28.0,75.0,1936.0,350.0,7858.0,915.0,1465.0,197.0,362.0,3017.0,694.0,1584.0,3660.0,6326.0,2735.0,1079.0,589.0,5724.0,4404.0,1465.0,5361.0,605.0,3336.0,78.0
2026-08-11T05:00Z,231.0,356.0,376.0,16171.0,18513.0,3552.0,89.0,14610.0,2226.0,,21336.0,2066.0,11263.0,5706.0,2263.0,1250.0,1355.0,608.0,3344.0,1054.0,1950.0,1984.0,3138.0,12414.0,6255.0,12535.0,22093.0,12998.0,23956.0,1797.0,1194.0,1759.0,551.0,828.0,1417.0,1202.0,309.0,774.0,6929.0,2838.0,1468.0,17627.0,5344.0,8509.0,3429.0,13500.0,2285.0,3869.0,16376.0,2103.0,1442.0,1761.0,2981.0,1687.0,4637.0,3227.0,4626.0,1849.0,5733.0,189.0,2.0,19.0,37.0,3.0,59.0,31.0,73.0,1788.0,334.0,7316.0,848.0,1425.0,180.0,341.0,2828.0,640.0,1462.0,3479.0,5980.0,2546.0,1038.0,539.0,5512.0,4233.0,1379.0,4989.0,539.0,3114.0,74.0
2026-08-11T06:00Z,218.0,325.0,364.0,14989.0,17310.0,3380.0,66.0,14066.0,2070.0,7911.0,19873.0,1953.0,10533.0,5392.0,2154.0,1198.0,1289.0,565.0,3141.0,979.0,1843.0,1875.0,2973.0,11677.0,5906.0,12056.0,21496.0,12435.0,22711.0,1721.0,1128.0,1695.0,554.0,795.0,1360.0,1143.0,291.0,734.0,6651.0,2656.0,1370.0,16932.0,5143.0,8079.0,3243.0,12707.0,2122.0,3678.0,15748.0,1984.0,1385.0,1731.0,2748.0,1619.0,4388.0,3042.0,4413.0,1762.0,5423.0,177.0,2.0,17.0,38.0,2.0,58.0,29.0,71.0,1628.0,311.0,6828.0,783.0,1386.0,163.0,326.0,2661.0,596.0,1354.0,3352.0,5642.0,2399.0,994.0,497.0,5352.0,4088.0,1302.0,4710.0,484.0,2922.0,68.0
2026-08-11T07:00Z,213.0,302.0,357.0,13851.0,16063.0,3059.0,53.0,13632.0,1944.0,7846.0,18576.0,1835.0,10000.0,5192.0,2108.0,1168.0,1243.0,545.0,2996.0,919.0,1762.0,1802.0,2864.0,11131.0,5658.0,11599.0,20610.0,12062.0,21897.0,1666.0,1083.0,1636.0,545.0,772.0,1317.0,1096.0,275.0,702.0,6412.0,2524.0,1307.0,16386.0,4955.0,7741.0,3114.0,12055.0,2022.0,3524.0,15332.0,1907.0,1362.0,1569.0,2625.0,1564.0,4193.0,2933.0,4305.0,1726.0,5189.0,170.0,2.0,17.0,37.0,2.0,58.0,27.0,70.0,1511.0,295.0,6446.0,731.0,1355.0,153.0,316.0,2542.0,564.0,1286.0,3272.0,5373.0,2294.0,951.0,468.0,5245.0,3979.0,1252.0,4506.0,445.0,2785.0,64.0
2026-08-11T08:00Z,207.0,286.0,351.0,13205.0,14618.0,3013.0,35.0,13330.0,1864.0,7777.0,17590.0,1764.0,9567.0,5019.0,2070.0,1151.0,1219.0,542.0,2911.0,898.0,1714.0,1760.0,2817.0,10741.0,5478.0,11376.0,20041.0,11741.0,21356.0,1630.0,1052.0,1642.0,538.0,761.0,1303.0,1066.0,262.0,678.0,6275.0,2433.0,1269.0,16033.0,4861.0,7531.0,3047.0,11627.0,1958.0,3430.0,15123.0,1864.0,1330.0,1578.0,2503.0,1546.0,4080.0,2875.0,4235.0,1708.0,5047.0,165.0,2.0,15.0,37.0,2.0,57.0,26.0,69.0,1434.0,278.0,6155.0,697.0,1334.0,145.0,306.0,2438.0,546.0,1215.0,3196.0,5198.0,2208.0,921.0,445.0,5161.0,3909.0,1209.0,4328.0,412.0,2676.0,61.0
2026-08-11T09:00Z,212.0,272.0,349.0,12437.0,14015.0,2916.0,33.0,13289.0,1820.0,7717.0,16866.0,1737.0,9298.0,4891.0,2047.0,1163.0,1230.0,539.0,2901.0,898.0,1710.0,1760.0,2817.0,10560.0,5359.0,11219.0,19822.0,11475.0,21017.0,1632.0,1051.0,1656.0,536.0,762.0,1308.0,1056.0,259.0,671.0,6255.0,2416.0,1255.0,16073.0,4864.0,7453.0,3064.0,11392.0,1945.0,3395.0,15272.0,1866.0,1336.0,1514.0,2464.0,1566.0,4087.0,2931.0,4268.0,1738.0,5019.0,163.0,2.0,15.0,40.0,2.0,57.0,25.0,68.0,1381.0,272.0,5957.0,674.0,1326.0,139.0,299.0,2356.0,533.0,1168.0,3129.0,5086.0,2173.0,906.0,429.0,5102.0,3845.0,1187.0,4191.0,387.0,2724.0,60.0
2026-08-11T10:00Z,214.0,266.0,349.0,11841.0,13499.0,2969.0,34.0,13484.0,1803.0,7698.0,16522.0,1732.0,9238.0,4762.0,2036.0,1216.0,1289.0,574.0,3019.0,998.0,1770.0,1830.0,2919.0,10583.0,5297.0,11366.0,20164.0,11439.0,20793.0,1682.0,1087.0,1730.0,549.0,786.0,1344.0,1077.0,268.0,693.0,6434.0,2477.0,1280.0,16391.0,5064.0,7593.0,3191.0,11457.0,2010.0,3461.0,15696.0,1941.0,1349.0,1528.0,2555.0,1647.0,4245.0,3135.0,4488.0,1847.0,5156.0,168.0,2.0,14.0,37.0,2.0,57.0,25.0,65.0,1343.0,275.0,5866.0,669.0,1325.0,139.0,297.0,2317.0,528.0,1176.0,3107.0,5040.0,2155.0,904.0,422.0,5059.0,3818.0,1176.0,4151.0,369.0,2677.0,59.0
2026-08-11T11:00Z,211.0,265.0,350.0,11534.0,13178.0,2955.0,35.0,13897.0,1851.0,7672.0,16641.0,1718.0,9440.0,4788.0,2024.0,1271.0,1379.0,593.0,3209.0,984.0,1834.0,1928.0,3095.0,10987.0,5409.0,11818.0,20722.0,11685.0,21027.0,1737.0,1137.0,1786.0,553.0,826.0,1379.0,1112.0,282.0,734.0,6850.0,2573.0,1325.0,17251.0,5240.0,7901.0,3392.0,11913.0,2155.0,3570.0,16158.0,2054.0,1401.0,1581.0,2641.0,1757.0,4496.0,3383.0,4822.0,1943.0,5309.0,176.0,3.0,15.0,40.0,2.0,58.0,25.0,65.0,1311.0,269.0,5929.0,688.0,1327.0,139.0,302.0,2337.0,535.0,1191.0,3116.0,5076.0,2183.0,929.0,427.0,5040.0,3868.0,1180.0,4235.0,360.0,2669.0,57.0
2026-08-11T12:00Z,209.0,273.0,356.0,11716.0,13035.0,2758.0,43.0,14344.0,1926.0,7709.0,17020.0,1764.0,9758.0,4923.0,2056.0,1291.0,1486.0,585.0,3404.0,1040.0,1964.0,2038.0,3298.0,11627.0,5553.0,12107.0,21129.0,12060.0,21373.0,1800.0,1187.0,1817.0,528.0,816.0,1375.0,1157.0,298.0,779.0,7281.0,2703.0,1368.0,17663.0,5392.0,8257.0,3502.0,12476.0,2265.0,3695.0,16583.0,2172.0,1453.0,1621.0,2805.0,1862.0,4792.0,3488.0,5089.0,2039.0,5518.0,188.0,2.0,16.0,39.0,2.0,59.0,26.0,67.0,1319.0,275.0,6078.0,723.0,1337.0,140.0,311.0,2373.0,564.0,1220.0,3126.0,5178.0,2257.0,931.0,441.0,5067.0,3937.0,1194.0,4390.0,366.0,2719.0,57.0
2026-08-11T13:00Z,200.0,290.0,363.0,11522.0,12903.0,2806.0,35.0,14568.0,1878.0,7695.0,17276.0,1782.0,9915.0,4949.0,2074.0,1240.0,1563.0,511.0,3532.0,1131.0,2048.0,2102.0,3468.0,12134.0,5724.0,12256.0,22253.0,12203.0,21603.0,1832.0,1218.0,1761.0,511.0,732.0,1345.0,1187.0,312.0,812.0,7641.0,2861.0,1409.0,18066.0,5622.0,8545.0,3588.0,13108.0,2360.0,3854.0,16941.0,2234.0,1538.0,1706.0,2922.0,1915.0,5076.0,3557.0,5248.0,2133.0,5683.0,205.0,2.0,16.0,40.0,2.0,60.0,27.0,67.0,1339.0,284.0,6236.0,757.0,1355.0,144.0,320.0,2455.0,585.0,1261.0,3210.0,5284.0,2320.0,957.0,463.0,5102.0,4061.0,1206.0,4528.0,381.0,2675.0,59.0
2026-08-11T14:00Z,215.0,320.0,372.0,12114.0,13104.0,2745.0,40.0,15538.0,1919.0,7649.0,18358.0,1931.0,10159.0,5171.0,2020.0,1203.0,1626.0,444.0,3621.0,1192.0,1970.0,2110.0,3592.0,12430.0,5905.0,12457.0,23033.0,12539.0,22725.0,1868.0,1209.0,1698.0,500.0,667.0,1281.0,1204.0,321.0,828.0,7947.0,2991.0,1478.0,18397.0,5828.0,8783.0,3696.0,13779.0,2355.0,3867.0,17526.0,2277.0,1585.0,1783.0,3113.0,1970.0,5316.0,3567.0,5377.0,2189.0,5884.0,219.0,2.0,18.0,60.0,2.0,62.0,12.0,69.0,1363.0,284.0,6635.0,817.0,1396.0,153.0,350.0,2553.0,621.0,1334.0,3327.0,5511.0,2394.0,981.0,501.0,5143.0,4174.0,1251.0,4711.0,402.0,2777.0,60.0
2026-08-11T15:00Z,236.0,348.0,383.0,12321.0,14373.0,3342.0,117.0,16853.0,2064.0,7810.0,19934.0,1994.0,10708.0,5520.0,2046.0,1231.0,1674.0,383.0,3794.0,1271.0,2058.0,2124.0,3718.0,12687.0,6140.0,12834.0,23831.0,13020.0,24380.0,1900.0,1214.0,1738.0,473.0,663.0,1229.0,1236.0,341.0,869.0,8178.0,3128.0,1579.0,18344.0,5951.0,8779.0,3848.0,14083.0,2277.0,3669.0,18262.0,2485.0,1579.0,1934.0,3350.0,2027.0,5598.0,3680.0,5479.0,2279.0,6145.0,233.0,2.0,20.0,73.0,3.0,64.0,,72.0,1413.0,303.0,7219.0,882.0,1439.0,162.0,376.0,2667.0,664.0,1411.0,3445.0,5883.0,2529.0,1027.0,545.0,5270.0,4250.0,1324.0,5010.0,441.0,2897.0,62.0
2026-08-11T16:00Z,243.0,376.0,393.0,12612.0,17357.0,3685.0,159.0,18080.0,2269.0,7908.0,21377.0,2175.0,11397.0,5816.0,2122.0,1313.0,1717.0,361.0,3948.0,1311.0,2158.0,2129.0,3795.0,13179.0,6385.0,13259.0,23956.0,13794.0,26147.0,1896.0,1205.0,1754.0,475.0,703.0,1228.0,1254.0,353.0,883.0,8347.0,3363.0,1681.0,18577.0,6137.0,8958.0,4044.0,13871.0,2269.0,3571.0,19165.0,2613.0,1611.0,2025.0,3551.0,2139.0,5968.0,3816.0,5669.0,2279.0,6305.0,247.0,2.0,21.0,73.0,3.0,66.0,,74.0,1485.0,312.0,7867.0,953.0,1483.0,180.0,395.0,2879.0,709.0,1537.0,3588.0,6268.0,2701.0,1081.0,597.0,5438.0,4395.0,1402.0,5371.0,484.0,3055.0,63.0
2026-08-11T17:00Z,255.0,399.0,405.0,12534.0,18855.0,4063.0,139.0,19245.0,2422.0,8007.0,22949.0,2329.0,12158.0,6146.0,2245.0,1329.0,1752.0,363.0,4075.0,1362.0,2391.0,2173.0,3855.0,13680.0,6607.0,13197.0,24620.0,14478.0,27860.0,1895.0,1179.0,1757.0,465.0,731.0,1271.0,1282.0,362.0,919.0,8527.0,3549.0,1742.0,18736.0,6344.0,9255.0,4313.0,12743.0,2399.0,3805.0,19975.0,2690.0,1630.0,2117.0,3900.0,2261.0,6324.0,4038.0,5863.0,2304.0,6683.0,263.0,2.0,25.0,71.0,3.0,68.0,,75.0,1550.0,329.0,8505.0,1017.0,1534.0,193.0,400.0,3078.0,737.0,1658.0,3709.0,6683.0,2854.0,1146.0,648.0,5639.0,4518.0,1487.0,5724.0,547.0,3230.0,69.0
2026-08-11T18:00Z,261.0,417.0,413.0,12662.0,19904.0,3956.0,135.0,20200.0,2582.0,8167.0,24475.0,2466.0,12986.0,6510.0,2385.0,1358.0,1786.0,375.0,4257.0,1409.0,2494.0,2263.0,3947.0,14279.0,6831.0,13271.0,25282.0,15147.0,29388.0,1904.0,1176.0,1725.0,493.0,760.0,1331.0,1390.0,386.0,950.0,8741.0,3779.0,1697.0,19040.0,6449.0,9548.0,4607.0,12563.0,2550.0,4119.0,20812.0,2768.0,1633.0,2246.0,4266.0,2362.0,6565.0,4262.0,6138.0,2313.0,7138.0,280.0,2.0,26.0,72.0,3.0,70.0,,78.0,1622.0,352.0,9058.0,1078.0,1573.0,210.0,404.0,3336.0,770.0,1766.0,3820.0,7072.0,2989.0,1193.0,691.0,5837.0,4615.0,1572.0,6123.0,593.0,3407.0,81.0
2026-08-11T19:00Z,266.0,446.0,421.0,12530.0,21368.0,3294.0,152.0,20932.0,2706.0,8363.0,25958.0,2589.0,13725.0,6645.0,2506.0,1385.0,1819.0,381.0,4562.0,1448.0,2605.0,2382.0,4045.0,14914.0,7081.0,12996.0,25391.0,15907.0,30574.0,1986.0,1192.0,1641.0,500.0,751.0,1365.0,1571.0,423.0,1003.0,8905.0,3990.0,1836.0,19430.0,6551.0,9616.0,4815.0,12624.0,2457.0,4288.0,21462.0,2898.0,1637.0,2279.0,4532.0,2430.0,6702.0,4467.0,6261.0,2340.0,7542.0,298.0,2.0,28.0,72.0,3.0,71.0,0.0,79.0,1735.0,366.0,9517.0,1129.0,1606.0,221.0,415.0,3467.0,809.0,1847.0,3904.0,7363.0,3109.0,1242.0,729.0,6016.0,4704.0,1638.0,6490.0,628.0,3568.0,88.0
2026-08-11T20:00Z,266.0,463.0,429.0,12404.0,21192.0,3117.0,147.0,21324.0,2792.0,8285.0,27104.0,2623.0,14358.0,6972.0,2667.0,1430.0,1846.0,422.0,4734.0,1462.0,2750.0,2451.0,4119.0,15255.0,7187.0,12467.0,25449.0,16378.0,31307.0,2059.0,1242.0,1699.0,495.0,764.0,1468.0,1588.0,421.0,1029.0,8977.0,4226.0,1963.0,18953.0,6653.0,9590.0,5092.0,13366.0,2305.0,3927.0,21900.0,3058.0,1683.0,2345.0,4582.0,2490.0,6867.0,4646.0,6432.0,2310.0,7667.0,303.0,3.0,29.0,69.0,3.0,73.0,0.0,81.0,1838.0,381.0,9821.0,1164.0,1627.0,229.0,429.0,3653.0,838.0,1906.0,3946.0,7520.0,3204.0,1261.0,755.0,6180.0,4759.0,1669.0,6722.0,665.0,3729.0,89.0
2026-08-11T21:00Z,268.0,462.0,432.0,12723.0,20729.0,2987.0,137.0,21434.0,2848.0,8026.0,27862.0,2564.0,14495.0,6896.0,2698.0,1517.0,1899.0,488.0,4846.0,1497.0,2772.0,2538.0,4171.0,15326.0,7272.0,12228.0,25820.0,16758.0,31636.0,2127.0,1319.0,1787.0,502.0,803.0,1605.0,1658.0,407.0,1053.0,8942.0,4238.0,2122.0,18697.0,6754.0,9382.0,5269.0,14114.0,2245.0,3180.0,22251.0,3218.0,1730.0,2263.0,4706.0,2507.0,6930.0,4779.0,6479.0,2324.0,7845.0,308.0,2.0,30.0,71.0,4.0,73.0,12.0,83.0,1942.0,391.0,9986.0,1189.0,1633.0,242.0,438.0,3794.0,867.0,1979.0,4007.0,7648.0,3223.0,1270.0,772.0,6283.0,4809.0,1698.0,6857.0,694.0,3811.0,92.0
2026-08-11T22:00Z,263.0,454.0,431.0,13079.0,20297.0,2963.0,144.0,21500.0,2881.0,7644.0,27948.0,2505.0,14780.0,6992.0,2646.0,1632.0,1938.0,613.0,4848.0,1518.0,2807.0,2575.0,4109.0,15425.0,7361.0,12093.0,26127.0,16938.0,31778.0,2163.0,1424.0,1932.0,547.0,884.0,1718.0,1733.0,439.0,1079.0,8895.0,4244.0,2212.0,18660.0,6796.0,9303.0,5346.0,14678.0,2229.0,3119.0,22390.0,3324.0,1731.0,2234.0,4679.0,2490.0,6898.0,4908.0,6443.0,2310.0,7916.0,303.0,2.0,31.0,68.0,3.0,73.0,24.0,82.0,2056.0,392.0,10041.0,1202.0,1632.0,252.0,440.0,3760.0,874.0,1963.0,3990.0,7699.0,3277.0,1273.0,779.0,6329.0,4809.0,1725.0,6851.0,711.0,3834.0,94.0
2026-08-11T23:00Z,265.0,451.0,433.0,13794.0,20184.0,3139.0,156.0,21449.0,2881.0,7535.0,27950.0,2484.0,14890.0,7037.0,2673.0,1713.0,1926.0,724.0,4804.0,1469.0,2787.0,2598.0,4017.0,15635.0,7493.0,11919.0,26284.0,16928.0,31722.0,2146.0,1472.0,2068.0,574.0,996.0,1828.0,1712.0,438.0,1053.0,8674.0,4167.0,2228.0,18589.0,6805.0,9123.0,5268.0,15034.0,2224.0,3084.0,22268.0,3318.0,1692.0,2174.0,4625.0,2442.0,6758.0,4765.0,6344.0,2264.0,7827.0,283.0,2.0,30.0,67.0,3.0,72.0,31.0,83.0,2138.0,400.0,9997.0,1200.0,1628.0,260.0,434.0,3798.0,877.0,2004.0,3910.0,7645.0,3307.0,1258.0,771.0,6333.0,4819.0,1740.0,6840.0,686.0,3892.0,97.0
2026-08-12T00:00Z,268.0,446.0,424.0,14631.0,20466.0,3393.0,136.0,20855.0,2895.0,7607.0,27827.0,2540.0,14988.0,6968.0,2824.0,1699.0,1840.0,760.0,4693.0,1437.0,2671.0,2546.0,3880.0,15655.0,7539.0,11675.0,26053.0,16676.0,31188.0,2123.0,1462.0,2124.0,573.0,1059.0,1853.0,1657.0,433.0,1020.0,8515.0,4080.0,2144.0,18274.0,6614.0,8971.0,5100.0,14999.0,2201.0,3028.0,21664.0,3221.0,1650.0,2088.0,4414.0,2370.0,6515.0,4577.0,6179.0,2216.0,7670.0,260.0,2.0,26.0,63.0,3.0,70.0,29.0,80.0,2145.0,408.0,9821.0,1179.0,1605.0,259.0,425.0,3788.0,868.0,2016.0,3907.0,7540.0,3290.0,1250.0,754.0,6344.0,4761.0,1732.0,6803.0,691.0,3807.0,100.0
2026-08-12T01:00Z,243.0,435.0,418.0,15576.0,20536.0,3678.0,145.0,20331.0,2800.0,7786.0,27012.0,2545.0,14991.0,6771.0,2799.0,1646.0,1771.0,753.0,4605.0,1409.0,2601.0,2505.0,3808.0,15447.0,7456.0,11459.0,25219.0,16168.0,30227.0,2081.0,1430.0,2104.0,564.0,1061.0,1840.0,1609.0,411.0,971.0,8468.0,3960.0,2059.0,18157.0,6527.0,8787.0,4920.0,14665.0,2189.0,3044.0,21155.0,3103.0,1625.0,1966.0,4254.0,2310.0,6358.0,4401.0,6062.0,2208.0,7540.0,249.0,2.0,26.0,61.0,3.0,65.0,32.0,78.0,2127.0,397.0,9484.0,1127.0,1568.0,248.0,415.0,3652.0,844.0,1946.0,3933.0,7347.0,3245.0,1221.0,720.0,6275.0,4699.0,1695.0,6569.0,686.0,3733.0,101.0
2026-08-12T02:00Z,247.0,415.0,391.0,16557.0,19898.0,3868.0,106.0,19771.0,2759.0,8013.0,25940.0,2527.0,14467.0,6580.0,2593.0,1539.0,1634.0,719.0,4320.0,1301.0,2396.0,2353.0,3608.0,15270.0,7345.0,11205.0,24596.0,15702.0,29414.0,2019.0,1368.0,1999.0,509.0,1004.0,1748.0,1528.0,387.0,936.0,8267.0,3750.0,1932.0,17878.0,6295.0,8662.0,4664.0,14245.0,2151.0,2996.0,20192.0,2911.0,1590.0,1905.0,3974.0,2196.0,6104.0,4198.0,5790.0,2145.0,7262.0,236.0,2.0,24.0,57.0,2.0,63.0,29.0,78.0,2013.0,381.0,9021.0,1065.0,1530.0,234.0,408.0,3534.0,810.0,1877.0,3862.0,7061.0,3152.0,1165.0,684.0,6134.0,4630.0,1644.0,6288.0,665.0,3631.0,101.0
2026-08-12T03:00Z,252.0,393.0,410.0,16297.0,19030.0,3822.0,65.0,19060.0,2664.0,7895.0,24825.0,2349.0,13856.0,6426.0,2499.0,1403.0,1477.0,673.0,3944.0,1172.0,2151.0,2166.0,3355.0,14886.0,7011.0,10561.0,23250.0,15056.0,28300.0,1930.0,1280.0,1863.0,569.0,922.0,1612.0,1417.0,361.0,880.0,7909.0,3493.0,1781.0,16980.0,5924.0,8238.0,4337.0,13659.0,2035.0,2865.0,18991.0,2673.0,1514.0,1753.0,3603.0,2033.0,5702.0,3922.0,5399.0,2027.0,6825.0,219.0,2.0,22.0,59.0,3.0,62.0,29.0,76.0,1941.0,368.0,8531.0,1001.0,1497.0,223.0,404.0,3396.0,779.0,1787.0,3788.0,6784.0,3056.0,1142.0,648.0,5988.0,4605.0,1584.0,6034.0,634.0,3541.0,96.0
2026-08-12T04:00Z,245.0,365.0,402.0,16110.0,18475.0,3573.0,58.0,17968.0,2492.0,7939.0,23169.0,2171.0,12952.0,6199.0,2382.0,1283.0,1342.0,614.0,3600.0,1081.0,1954.0,1980.0,3092.0,14070.0,6546.0,9959.0,21754.0,14185.0,26707.0,1787.0,1192.0,1743.0,561.0,852.0,1478.0,1301.0,329.0,821.0,7427.0,3219.0,1628.0,16263.0,5570.0,7805.0,3978.0,12832.0,1907.0,2715.0,17765.0,2438.0,1425.0,1609.0,3271.0,1893.0,5282.0,3610.0,5033.0,1912.0,6320.0,202.0,2.0,20.0,53.0,3.0,61.0,28.0,75.0,1876.0,345.0,7971.0,925.0,1454.0,207.0,383.0,3207.0,729.0,1660.0,3637.0,6434.0,2891.0,1088.0,600.0,5800.0,4426.0,1488.0,5647.0,591.0,3399.0,91.0
2026-08-12T05:00Z,237.0,333.0,384.0,15457.0,17744.0,3471.0,56.0,17064.0,2383.0,7953.0,21725.0,2063.0,12047.0,5865.0,2229.0,1204.0,1251.0,576.0,3365.0,1021.0,1785.0,1859.0,2882.0,12960.0,6131.0,9407.0,21145.0,13330.0,25027.0,1691.0,1116.0,1656.0,570.0,793.0,1378.0,1211.0,301.0,775.0,6989.0,2984.0,1502.0,15710.0,5265.0,7456.0,3660.0,12006.0,1808.0,2577.0,16874.0,2244.0,1376.0,1495.0,2995.0,1776.0,4942.0,3307.0,4745.0,1825.0,5891.0,187.0,3.0,18.0,50.0,2.0,60.0,30.0,72.0,1739.0,325.0,7427.0,847.0,1418.0,191.0,362.0,2991.0,676.0,1537.0,3493.0,6047.0,2719.0,1035.0,547.0,5601.0,4238.0,1392.0,5246.0,539.0,3162.0,87.0
2026-08-12T06:00Z,226.0,307.0,368.0,14326.0,16707.0,3232.0,59.0,16097.0,2231.0,7914.0,20348.0,1980.0,11207.0,5511.0,2109.0,1150.0,1186.0,549.0,3162.0,967.0,1669.0,1754.0,2728.0,12103.0,5823.0,9111.0,20908.0,12588.0,23776.0,1609.0,1054.0,1580.0,546.0,760.0,1321.0,1145.0,281.0,734.0,6653.0,2771.0,1400.0,15303.0,5034.0,7119.0,3420.0,11281.0,1731.0,2465.0,16173.0,2096.0,1319.0,1362.0,2764.0,1695.0,4647.0,3076.0,4563.0,1771.0,5533.0,174.0,2.0,17.0,52.0,2.0,59.0,28.0,70.0,1614.0,301.0,7015.0,785.0,1384.0,178.0,344.0,2818.0,630.0,1436.0,3391.0,5781.0,2573.0,993.0,504.0,5433.0,4086.0,1326.0,4934.0,479.0,2949.0,82.0
2026-08-12T07:00Z,223.0,287.0,360.0,13258.0,15595.0,3073.0,40.0,15439.0,2117.0,7840.0,19351.0,1908.0,10588.0,5303.0,2109.0,1112.0,1145.0,533.0,3015.0,926.0,1597.0,1686.0,2628.0,11471.0,5560.0,8963.0,20255.0,12210.0,22773.0,1554.0,1012.0,1546.0,529.0,736.0,1273.0,1092.0,268.0,697.0,6352.0,2609.0,1332.0,14829.0,4939.0,6941.0,3281.0,10820.0,1683.0,2390.0,15676.0,1996.0,1274.0,1298.0,2596.0,1647.0,4432.0,2945.0,4407.0,1710.0,5251.0,165.0,2.0,15.0,52.0,2.0,58.0,27.0,68.0,1518.0,285.0,6691.0,746.0,1364.0,166.0,332.0,2690.0,593.0,1351.0,3281.0,5556.0,2456.0,958.0,471.0,5291.0,3980.0,1277.0,4707.0,432.0,2794.0,78.0
2026-08-12T08:00Z,221.0,273.0,354.0,12896.0,14162.0,3077.0,37.0,14945.0,2033.0,7745.0,18551.0,1836.0,10177.0,5132.0,2098.0,1085.0,1125.0,521.0,2915.0,912.0,1551.0,1644.0,2569.0,11052.0,5384.0,8832.0,19766.0,11764.0,22063.0,1524.0,985.0,1516.0,520.0,713.0,1246.0,1054.0,256.0,667.0,6152.0,2508.0,1293.0,14779.0,4840.0,6827.0,3200.0,10440.0,1660.0,2352.0,15419.0,1940.0,1264.0,1308.0,2487.0,1609.0,4350.0,2873.0,4325.0,1691.0,5073.0,159.0,2.0,15.0,51.0,2.0,56.0,26.0,68.0,1457.0,279.0,6433.0,720.0,1340.0,158.0,323.0,2561.0,550.0,1283.0,3202.0,5341.0,2372.0,931.0,450.0,5186.0,3892.0,1233.0,4530.0,393.0,2679.0,75.0
2026-08-12T09:00Z,213.0,261.0,351.0,12207.0,13468.0,3065.0,37.0,14683.0,1970.0,7663.0,17931.0,1798.0,9916.0,5015.0,2035.0,1095.0,1136.0,528.0,2887.0,915.0,1554.0,1646.0,2574.0,10748.0,5229.0,8843.0,19691.0,11425.0,21641.0,1519.0,977.0,1519.0,532.0,719.0,1245.0,1033.0,251.0,654.0,6065.0,2468.0,1283.0,14867.0,4914.0,6887.0,3197.0,10274.0,1680.0,2378.0,15398.0,1938.0,1266.0,1252.0,2457.0,1620.0,4356.0,2914.0,4351.0,1701.0,5019.0,157.0,2.0,14.0,51.0,2.0,56.0,25.0,66.0,1380.0,263.0,6246.0,703.0,1321.0,152.0,320.0,2476.0,532.0,1243.0,3119.0,5181.0,2312.0,909.0,433.0,5119.0,3840.0,1207.0,4415.0,368.0,2726.0,73.0
2026-08-12T10:00Z,210.0,253.0,350.0,11751.0,13129.0,3032.0,34.0,14679.0,1910.0,7637.0,17693.0,1762.0,9803.0,4949.0,2029.0,1147.0,1189.0,558.0,2969.0,977.0,1628.0,1710.0,2659.0,10724.0,5227.0,9130.0,19386.0,11326.0,21371.0,1554.0,1008.0,1542.0,556.0,745.0,1279.0,1041.0,256.0,670.0,6188.0,2502.0,1310.0,15449.0,5050.0,7128.0,3300.0,10369.0,1755.0,2476.0,15619.0,2003.0,1292.0,1262.0,2507.0,1685.0,4438.0,3094.0,4522.0,1776.0,5126.0,161.0,2.0,13.0,52.0,2.0,56.0,25.0,67.0,1313.0,263.0,6183.0,700.0,1312.0,150.0,317.0,2440.0,526.0,1215.0,3056.0,5115.0,2287.0,885.0,429.0,5092.0,3839.0,1196.0,4370.0,354.0,2678.0,73.0
2026-08-12T11:00Z,211.0,254.0,351.0,11537.0,13020.0,2917.0,32.0,14911.0,1941.0,7691.0,17804.0,1781.0,9884.0,4956.0,2032.0,1221.0,1273.0,580.0,3118.0,983.0,1688.0,1798.0,2816.0,11081.0,5315.0,9628.0,20329.0,11504.0,21462.0,1616.0,1052.0,1600.0,570.0,771.0,1310.0,1064.0,266.0,702.0,6539.0,2574.0,1353.0,16135.0,5371.0,7557.0,3498.0,10798.0,1891.0,2652.0,16186.0,2113.0,1339.0,1322.0,2585.0,1787.0,4629.0,3349.0,4809.0,1896.0,5239.0,168.0,2.0,14.0,53.0,2.0,56.0,25.0,66.0,1279.0,262.0,6213.0,722.0,1314.0,149.0,323.0,2448.0,555.0,1230.0,3002.0,5118.0,2330.0,903.0,435.0,5094.0,3890.0,1201.0,4450.0,352.0,2661.0,72.0
2026-08-12T12:00Z,211.0,266.0,356.0,11471.0,12758.0,2625.0,34.0,15209.0,2004.0,7718.0,18172.0,1834.0,10134.0,5071.0,2061.0,1224.0,1369.0,562.0,3276.0,1036.0,1776.0,1888.0,3003.0,11741.0,5469.0,10051.0,20948.0,11780.0,21887.0,1666.0,1078.0,1567.0,560.0,724.0,1281.0,1086.0,279.0,741.0,6928.0,2655.0,1390.0,16678.0,5507.0,7858.0,3622.0,11419.0,2011.0,2772.0,16530.0,2207.0,1393.0,1317.0,2649.0,1871.0,4864.0,3483.0,5035.0,1996.0,5376.0,178.0,2.0,15.0,55.0,2.0,57.0,26.0,66.0,1286.0,267.0,6377.0,754.0,1332.0,148.0,331.0,2489.0,590.0,1242.0,3042.0,5222.0,2340.0,929.0,444.0,5140.0,3995.0,1212.0,4593.0,362.0,2709.0,71.0
2026-08-12T13:00Z,201.0,285.0,361.0,11867.0,12695.0,2581.0,32.0,15331.0,1986.0,7699.0,18319.0,1888.0,10145.0,5031.0,2028.0,1165.0,1431.0,465.0,3352.0,1075.0,1864.0,1927.0,3142.0,12231.0,5680.0,10318.0,21511.0,12179.0,22343.0,1700.0,1055.0,1430.0,543.0,626.0,1211.0,1086.0,289.0,765.0,7218.0,2771.0,1408.0,17098.0,5645.0,8147.0,3748.0,12117.0,2075.0,2863.0,16925.0,2298.0,1474.0,1320.0,2715.0,1970.0,5092.0,3572.0,5222.0,2097.0,5472.0,194.0,2.0,15.0,50.0,2.0,59.0,27.0,68.0,1300.0,275.0,6440.0,776.0,1344.0,151.0,335.0,2569.0,598.0,1301.0,3143.0,5260.0,2322.0,945.0,467.0,5128.0,4071.0,1212.0,4704.0,369.0,2663.0,71.0
2026-08-12T14:00Z,205.0,315.0,368.0,12540.0,13112.0,2638.0,45.0,16293.0,2035.0,7711.0,19196.0,1994.0,10454.0,5106.0,2095.0,1114.0,1462.0,377.0,3391.0,1099.0,1922.0,1919.0,3232.0,12467.0,5853.0,10456.0,22246.0,12698.0,23462.0,1739.0,1039.0,1304.0,524.0,574.0,1147.0,1068.0,295.0,787.0,7479.0,2852.0,1409.0,17427.0,5802.0,8448.0,3868.0,12815.0,2117.0,2922.0,17606.0,2333.0,1513.0,1334.0,2860.0,2013.0,5295.0,3688.0,5337.0,2132.0,5568.0,206.0,3.0,17.0,43.0,2.0,60.0,13.0,69.0,1318.0,279.0,6821.0,821.0,1394.0,160.0,351.0,2695.0,605.0,1380.0,3200.0,5480.0,2359.0,985.0,505.0,5190.0,4196.0,1262.0,4916.0,406.0,2761.0,77.0
2026-08-12T15:00Z,227.0,339.0,380.0,13135.0,14634.0,3177.0,125.0,17568.0,2158.0,7806.0,20532.0,2048.0,11082.0,5364.0,2214.0,1107.0,1501.0,323.0,3476.0,1160.0,1976.0,1926.0,3312.0,12792.0,6068.0,10710.0,23147.0,13255.0,25105.0,1839.0,1067.0,1279.0,527.0,566.0,1130.0,1063.0,306.0,804.0,7652.0,2986.0,1396.0,17877.0,5936.0,8677.0,3999.0,13207.0,2147.0,2985.0,18537.0,2383.0,1546.0,1368.0,3052.0,2136.0,5581.0,3819.0,5522.0,2206.0,5670.0,219.0,2.0,18.0,30.0,2.0,63.0,0.0,70.0,1373.0,293.0,7437.0,897.0,1456.0,173.0,364.0,2885.0,611.0,1487.0,3285.0,5907.0,2442.0,1046.0,552.0,5356.0,4284.0,1344.0,5247.0,431.0,2786.0,78.0
2026-08-12T16:00Z,226.0,355.0,392.0,12787.0,18527.0,3618.0,248.0,18773.0,2356.0,7925.0,21956.0,2245.0,11810.0,5811.0,2249.0,1141.0,1550.0,336.0,3603.0,1206.0,2053.0,1962.0,3411.0,13249.0,6284.0,10979.0,23820.0,13865.0,26873.0,1872.0,1168.0,1331.0,544.0,566.0,1156.0,1107.0,320.0,830.0,7819.0,3143.0,1424.0,18269.0,6176.0,8891.0,4207.0,13305.0,2179.0,3023.0,19369.0,2483.0,1570.0,1419.0,3249.0,2222.0,5844.0,4004.0,5699.0,2263.0,5920.0,234.0,2.0,21.0,25.0,2.0,65.0,,74.0,1412.0,302.0,8051.0,970.0,1490.0,184.0,383.0,3049.0,665.0,1598.0,3351.0,6337.0,2557.0,1086.0,613.0,5538.0,4397.0,1420.0,5595.0,460.0,2905.0,79.0
2026-08-12T17:00Z,225.0,365.0,402.0,12847.0,19664.0,4247.0,259.0,19942.0,2510.0,8039.0,23522.0,2336.0,12589.0,6253.0,2447.0,1203.0,1613.0,440.0,3773.0,1269.0,2157.0,2022.0,3504.0,13791.0,6348.0,11184.0,24705.0,14267.0,28533.0,1884.0,1264.0,1441.0,555.0,599.0,1221.0,1192.0,341.0,863.0,7967.0,3312.0,1517.0,18763.0,6414.0,9216.0,4401.0,13014.0,2188.0,3057.0,20076.0,2612.0,1609.0,1489.0,3481.0,2246.0,6111.0,4154.0,5879.0,2302.0,6110.0,250.0,2.0,21.0,29.0,3.0,66.0,,75.0,1474.0,315.0,8670.0,1035.0,1528.0,203.0,398.0,3255.0,706.0,1717.0,3436.0,6743.0,2700.0,1126.0,670.0,5748.0,4501.0,1498.0,5927.0,503.0,3045.0,80.0
2026-08-12T18:00Z,229.0,366.0,407.0,12556.0,20452.0,4347.0,265.0,20949.0,2649.0,8152.0,25083.0,2489.0,13376.0,6559.0,2536.0,1293.0,1684.0,489.0,4049.0,1342.0,2306.0,2150.0,3641.0,14354.0,6498.0,11394.0,25595.0,14604.0,30183.0,2002.0,1366.0,1545.0,541.0,662.0,1325.0,1298.0,360.0,899.0,8102.0,3533.0,1641.0,19283.0,6669.0,9451.0,4577.0,13321.0,2195.0,3057.0,20705.0,2744.0,1678.0,1579.0,3766.0,2405.0,6340.0,4261.0,6100.0,2319.0,6462.0,268.0,2.0,24.0,23.0,3.0,69.0,,78.0,1527.0,365.0,9262.0,1101.0,1562.0,218.0,409.0,3415.0,711.0,1806.0,3518.0,7114.0,2843.0,1171.0,715.0,5976.0,4606.0,1586.0,6266.0,550.0,3224.0,82.0
2026-08-12T19:00Z,225.0,365.0,414.0,12476.0,21037.0,3821.0,258.0,21757.0,2752.0,8191.0,26588.0,2582.0,14118.0,6776.0,2692.0,1318.0,1724.0,486.0,4314.0,1394.0,2374.0,2244.0,3722.0,14859.0,6564.0,11474.0,26113.0,14985.0,31382.0,2048.0,1342.0,1638.0,521.0,682.0,1328.0,1359.0,368.0,920.0,8224.0,3695.0,1754.0,19418.0,6848.0,9524.0,4750.0,14169.0,2183.0,3052.0,21313.0,2868.0,1708.0,1678.0,4032.0,2495.0,6531.0,4375.0,6268.0,2317.0,6775.0,282.0,2.0,25.0,23.0,3.0,70.0,2.0,80.0,1639.0,347.0,9760.0,1156.0,1582.0,230.0,410.0,3525.0,726.0,1883.0,3573.0,7435.0,2962.0,1212.0,752.0,6171.0,4693.0,1653.0,6608.0,600.0,3394.0,84.0
2026-08-12T20:00Z,193.0,362.0,417.0,12377.0,21094.0,3513.0,214.0,22185.0,2808.0,7804.0,27668.0,2502.0,14433.0,6807.0,2834.0,1381.0,1784.0,521.0,4436.0,1409.0,2523.0,2327.0,3849.0,15182.0,6484.0,11295.0,26320.0,15296.0,31835.0,2024.0,1366.0,1864.0,532.0,734.0,1374.0,1436.0,384.0,964.0,8398.0,3872.0,1893.0,19465.0,6913.0,9535.0,4958.0,14783.0,2145.0,3071.0,21832.0,3007.0,1753.0,1776.0,4333.0,2542.0,6756.0,4614.0,6424.0,2346.0,7185.0,295.0,2.0,26.0,24.0,3.0,72.0,7.0,81.0,1743.0,354.0,10059.0,1201.0,1600.0,236.0,415.0,3648.0,760.0,1925.0,3622.0,7563.0,3039.0,1232.0,783.0,6314.0,4755.0,1688.0,6805.0,652.0,3553.0,86.0
2026-08-12T21:00Z,199.0,360.0,408.0,12395.0,20367.0,2955.0,168.0,22296.0,2877.0,7462.0,28082.0,2485.0,14590.0,6818.0,2871.0,1454.0,1839.0,568.0,4677.0,1462.0,2593.0,2449.0,3954.0,15441.0,6430.0,11235.0,26438.0,15608.0,32119.0,2025.0,1365.0,2003.0,541.0,856.0,1509.0,1569.0,390.0,1006.0,8542.0,4061.0,2023.0,19452.0,7102.0,9218.0,5141.0,15224.0,2123.0,3048.0,22171.0,3134.0,1792.0,1960.0,4581.0,2572.0,6913.0,4762.0,6546.0,2336.0,7572.0,304.0,2.0,28.0,26.0,3.0,73.0,13.0,82.0,1857.0,363.0,10172.0,1225.0,1603.0,234.0,412.0,3666.0,801.0,1945.0,3648.0,7688.0,3117.0,1245.0,795.0,6427.0,4753.0,1705.0,6883.0,657.0,3652.0,85.0
2026-08-12T22:00Z,211.0,356.0,412.0,12242.0,20136.0,2785.0,130.0,22354.0,2907.0,7398.0,28429.0,2474.0,14678.0,6866.0,2877.0,1577.0,1858.0,666.0,4858.0,1487.0,2686.0,2534.0,3980.0,15536.0,6527.0,11283.0,26614.0,15731.0,32190.0,2011.0,1347.0,2074.0,560.0,989.0,1660.0,1683.0,415.0,1035.0,8587.0,4157.0,2142.0,19401.0,7066.0,9127.0,5249.0,15624.0,2122.0,3037.0,22312.0,3228.0,1786.0,2042.0,4729.0,2584.0,6938.0,4835.0,6590.0,2335.0,7843.0,303.0,2.0,29.0,21.0,3.0,72.0,17.0,83.0,1970.0,374.0,10269.0,1225.0,1608.0,239.0,410.0,3598.0,813.0,1884.0,3679.0,7748.0,3170.0,1245.0,795.0,6459.0,4750.0,1742.0,6896.0,640.0,3608.0,88.0
2026-08-12T23:00Z,213.0,354.0,407.0,13515.0,20239.0,3035.0,180.0,22222.0,2917.0,7295.0,28601.0,2465.0,14892.0,6859.0,2892.0,1616.0,1824.0,706.0,4801.0,1433.0,2647.0,2519.0,3853.0,15573.0,6751.0,11248.0,26502.0,15527.0,32347.0,2020.0,1303.0,2074.0,544.0,1062.0,1791.0,1733.0,413.0,1024.0,8367.0,4102.0,2149.0,19266.0,6961.0,9060.0,5165.0,15877.0,2135.0,3053.0,22084.0,3223.0,1749.0,1940.0,4624.0,2536.0,6759.0,4717.0,6531.0,2281.0,7847.0,288.0,3.0,28.0,21.0,3.0,71.0,20.0,85.0,2066.0,399.0,10230.0,1220.0,1605.0,234.0,413.0,3641.0,829.0,1871.0,3669.0,7722.0,3180.0,1238.0,783.0,6463.0,4747.0,1763.0,6884.0,626.0,3568.0,87.0
2026-08-13T00:00Z,217.0,350.0,399.0,14158.0,20238.0,3228.0,132.0,21689.0,2900.0,7378.0,28283.0,2499.0,15279.0,6854.0,2880.0,1609.0,1762.0,710.0,4631.0,1365.0,2541.0,2478.0,3749.0,15605.0,6809.0,11217.0,26010.0,15131.0,31811.0,1999.0,1297.0,2043.0,552.0,1067.0,1824.0,1689.0,396.0,978.0,8127.0,3933.0,2052.0,19136.0,6905.0,8923.0,5008.0,15599.0,2128.0,3018.0,21605.0,3107.0,1702.0,1825.0,4356.0,2434.0,6455.0,4580.0,6398.0,2225.0,7641.0,271.0,2.0,26.0,24.0,3.0,68.0,20.0,86.0,2016.0,374.0,10066.0,1197.0,1595.0,236.0,410.0,3670.0,811.0,1895.0,3674.0,7620.0,3144.0,1240.0,747.0,6413.0,4661.0,1750.0,6845.0,630.0,3527.0,85.0
2026-08-13T01:00Z,198.0,343.0,395.0,15176.0,19745.0,3511.0,111.0,21057.0,2821.0,7659.0,27459.0,2518.0,15459.0,6764.0,2778.0,1585.0,1702.0,704.0,4489.0,1343.0,2460.0,2440.0,3694.0,15413.0,6732.0,11079.0,25133.0,14642.0,30868.0,2007.0,1305.0,2024.0,546.0,1062.0,1811.0,1631.0,386.0,937.0,8004.0,3767.0,1950.0,18927.0,6753.0,8821.0,4913.0,15171.0,2116.0,3017.0,21042.0,2968.0,1661.0,1744.0,4117.0,2381.0,6282.0,4448.0,6242.0,2215.0,7460.0,259.0,2.0,22.0,21.0,3.0,63.0,28.0,84.0,1983.0,368.0,9706.0,1141.0,1561.0,231.0,403.0,3562.0,782.0,1841.0,3601.0,7405.0,3057.0,1222.0,713.0,6339.0,4615.0,1726.0,6604.0,611.0,3521.0,83.0
2026-08-13T02:00Z,211.0,334.0,389.0,16123.0,18929.0,3563.0,88.0,20511.0,2775.0,7956.0,26440.0,2442.0,14944.0,6584.0,2686.0,1478.0,1589.0,674.0,4225.0,1245.0,2291.0,2321.0,3537.0,15153.0,6621.0,10935.0,24524.0,14159.0,30092.0,1961.0,1263.0,1938.0,519.0,1008.0,1731.0,1548.0,364.0,895.0,7779.0,3560.0,1833.0,18472.0,6467.0,8693.0,4692.0,14863.0,2098.0,2997.0,20149.0,2787.0,1621.0,1717.0,3856.0,2275.0,6032.0,4241.0,5965.0,2109.0,7154.0,243.0,2.0,20.0,18.0,3.0,61.0,28.0,82.0,1907.0,355.0,9205.0,1085.0,1529.0,223.0,399.0,3453.0,756.0,1781.0,3494.0,7128.0,2960.0,1189.0,684.0,6213.0,4520.0,1669.0,6323.0,586.0,3435.0,83.0
2026-08-13T03:00Z,216.0,326.0,387.0,16096.0,17783.0,3496.0,78.0,19801.0,2655.0,8025.0,25492.0,2335.0,14359.0,6365.0,2567.0,1353.0,1446.0,634.0,3886.0,1119.0,2064.0,2148.0,3306.0,14769.0,6303.0,10482.0,23196.0,13582.0,28805.0,1869.0,1190.0,1806.0,534.0,926.0,1614.0,1441.0,335.0,855.0,7417.0,3309.0,1695.0,17657.0,6113.0,8255.0,4361.0,14248.0,1985.0,2859.0,19060.0,2553.0,1529.0,1616.0,3518.0,2112.0,5645.0,3962.0,5569.0,2001.0,6696.0,227.0,2.0,19.0,27.0,3.0,60.0,30.0,79.0,1889.0,349.0,8704.0,1029.0,1498.0,208.0,394.0,3334.0,721.0,1698.0,3369.0,6843.0,2848.0,1161.0,655.0,6104.0,4449.0,1600.0,6028.0,550.0,3312.0,82.0
2026-08-13T04:00Z,217.0,311.0,377.0,16027.0,17153.0,3437.0,93.0,18785.0,2505.0,7973.0,23852.0,2186.0,13447.0,6040.0,2411.0,1246.0,1323.0,588.0,3565.0,1049.0,1891.0,1984.0,3068.0,13863.0,5827.0,9917.0,21716.0,12793.0,27316.0,1774.0,1120.0,1706.0,556.0,857.0,1510.0,1341.0,310.0,808.0,7039.0,3053.0,1547.0,16814.0,5706.0,7832.0,4040.0,13418.0,1857.0,2694.0,17979.0,2329.0,1426.0,1554.0,3206.0,1963.0,5278.0,3681.0,5197.0,1890.0,6248.0,211.0,2.0,18.0,29.0,3.0,59.0,28.0,75.0,1769.0,333.0,8097.0,950.0,1469.0,193.0,376.0,3150.0,663.0,1570.0,3194.0,6479.0,2687.0,1111.0,613.0,5910.0,4260.0,1509.0,5653.0,514.0,3144.0,80.0
2026-08-13T05:00Z,212.0,288.0,367.0,15430.0,16657.0,3468.0,98.0,17755.0,2323.0,7968.0,22251.0,2129.0,12431.0,5778.0,2331.0,1336.0,1078.0,551.0,3293.0,983.0,1757.0,1871.0,2882.0,12855.0,5448.0,9445.0,21322.0,12027.0,25842.0,1692.0,1056.0,1628.0,558.0,814.0,1429.0,1251.0,297.0,777.0,6732.0,2865.0,1423.0,15993.0,5352.0,7338.0,3765.0,12452.0,1760.0,2557.0,17135.0,2147.0,1394.0,1442.0,2924.0,1844.0,4911.0,3429.0,4895.0,1814.0,5872.0,197.0,2.0,16.0,28.0,2.0,58.0,31.0,74.0,1647.0,307.0,7554.0,875.0,1433.0,176.0,356.0,2939.0,630.0,1444.0,3049.0,6128.0,2527.0,1064.0,564.0,5709.0,4094.0,1421.0,5287.0,475.0,2939.0,74.0
2026-08-13T06:00Z,210.0,268.0,360.0,14375.0,15630.0,3228.0,70.0,16961.0,2186.0,7897.0,20944.0,2011.0,11540.0,5500.0,2218.0,1289.0,1016.0,526.0,3063.0,930.0,1665.0,1775.0,2736.0,12092.0,5158.0,9074.0,20789.0,11394.0,24597.0,1628.0,1011.0,1589.0,525.0,786.0,1374.0,1176.0,285.0,744.0,6501.0,2700.0,1325.0,15566.0,5110.0,7141.0,3544.0,11667.0,1695.0,2470.0,16415.0,2018.0,1360.0,1386.0,2723.0,1741.0,4626.0,3236.0,4675.0,1743.0,5562.0,186.0,2.0,15.0,30.0,2.0,57.0,29.0,73.0,1514.0,294.0,7127.0,818.0,1406.0,162.0,337.0,2757.0,597.0,1343.0,2915.0,5824.0,2399.0,1025.0,521.0,5536.0,4002.0,1359.0,5007.0,435.0,2771.0,73.0
2026-08-13T07:00Z,212.0,255.0,354.0,13318.0,14675.0,2926.0,56.0,16318.0,2083.0,7833.0,19935.0,1928.0,10785.0,5334.0,2154.0,1251.0,982.0,520.0,2917.0,939.0,1592.0,1711.0,2638.0,11516.0,4935.0,8874.0,19973.0,10906.0,23706.0,1581.0,984.0,1569.0,516.0,761.0,1332.0,1124.0,272.0,711.0,6311.0,2582.0,1257.0,15091.0,5021.0,6952.0,3399.0,11070.0,1646.0,2400.0,15975.0,1942.0,1321.0,1294.0,2571.0,1683.0,4434.0,3108.0,4505.0,1703.0,5321.0,176.0,2.0,14.0,32.0,2.0,56.0,27.0,72.0,1412.0,283.0,6810.0,774.0,1383.0,151.0,324.0,2610.0,568.0,1270.0,2802.0,5585.0,2309.0,991.0,491.0,5425.0,3897.0,1305.0,4822.0,400.0,2641.0,71.0
2026-08-13T08:00Z,210.0,248.0,350.0,12773.0,13840.0,2951.0,43.0,15814.0,2005.0,7773.0,19161.0,1878.0,10228.0,5179.0,2100.0,1222.0,976.0,509.0,2836.0,818.0,1569.0,1680.0,2601.0,11129.0,4788.0,8724.0,19412.0,10599.0,23056.0,1565.0,972.0,1555.0,519.0,755.0,1316.0,1093.0,256.0,680.0,6165.0,2473.0,1225.0,14882.0,4944.0,6897.0,3319.0,10622.0,1616.0,2353.0,15768.0,1907.0,1302.0,1291.0,2466.0,1655.0,4369.0,3047.0,4446.0,1691.0,5152.0,170.0,2.0,13.0,29.0,2.0,55.0,26.0,71.0,1333.0,274.0,6562.0,740.0,1371.0,143.0,312.0,2491.0,554.0,1227.0,2663.0,5397.0,2257.0,958.0,468.0,5330.0,3808.0,1266.0,4639.0,372.0,2552.0,67.0
2026-08-13T09:00Z,205.0,242.0,348.0,12093.0,13009.0,2835.0,42.0,15537.0,1946.0,7707.0,18592.0,1860.0,9874.0,5087.0,2061.0,1236.0,994.0,517.0,2844.0,958.0,1548.0,1688.0,2611.0,10883.0,4703.0,8765.0,19260.0,10461.0,22577.0,1562.0,983.0,1573.0,522.0,756.0,1318.0,1083.0,255.0,668.0,6159.0,2431.0,1225.0,15008.0,4984.0,6915.0,3309.0,10364.0,1625.0,2372.0,15801.0,1917.0,1307.0,1273.0,2444.0,1653.0,4354.0,3068.0,4458.0,1701.0,5126.0,168.0,3.0,13.0,30.0,2.0,55.0,25.0,71.0,1283.0,265.0,6405.0,720.0,1366.0,137.0,305.0,2411.0,546.0,1190.0,2623.0,5235.0,2230.0,940.0,452.0,5238.0,3788.0,1238.0,4529.0,354.0,2485.0,68.0
2026-08-13T10:00Z,208.0,240.0,346.0,11719.0,12531.0,2644.0,39.0,15448.0,1932.0,7678.0,18224.0,1814.0,9663.0,5009.0,2017.0,1301.0,1051.0,555.0,2974.0,956.0,1627.0,1765.0,2722.0,10875.0,4723.0,8995.0,18854.0,10454.0,22351.0,1606.0,1023.0,1642.0,526.0,788.0,1364.0,1102.0,260.0,691.0,6347.0,2482.0,1264.0,15403.0,5125.0,7151.0,3387.0,10367.0,1701.0,2476.0,16052.0,1988.0,1301.0,1368.0,2519.0,1718.0,4454.0,3211.0,4645.0,1791.0,5242.0,173.0,2.0,12.0,27.0,2.0,54.0,25.0,69.0,1245.0,261.0,6319.0,712.0,1361.0,136.0,303.0,2379.0,548.0,1188.0,2584.0,5156.0,2216.0,936.0,445.0,5189.0,3800.0,1224.0,4474.0,342.0,2435.0,68.0
2026-08-13T11:00Z,211.0,244.0,345.0,11463.0,12362.0,2631.0,41.0,15584.0,1964.0,7674.0,18287.0,1830.0,9765.0,5027.0,2016.0,1378.0,1144.0,583.0,3176.0,945.0,1700.0,1872.0,2891.0,11323.0,4864.0,9584.0,19441.0,10735.0,22543.0,1676.0,1076.0,1724.0,526.0,828.0,1413.0,1140.0,271.0,729.0,6753.0,2583.0,1313.0,16160.0,5365.0,7480.0,3520.0,10814.0,1838.0,2663.0,16461.0,2092.0,1365.0,1428.0,2610.0,1817.0,4598.0,3399.0,4931.0,1909.0,5380.0,178.0,2.0,13.0,30.0,2.0,55.0,25.0,69.0,1226.0,264.0,6388.0,734.0,1369.0,137.0,314.0,2418.0,548.0,1205.0,2628.0,5194.0,2163.0,950.0,450.0,5182.0,3823.0,1225.0,4551.0,341.0,2425.0,64.0
2026-08-13T12:00Z,214.0,257.0,352.0,11440.0,12243.0,2528.0,43.0,15786.0,2037.0,7721.0,18553.0,1886.0,10070.0,5151.0,2003.0,1452.0,1218.0,562.0,3349.0,993.0,1807.0,1966.0,3047.0,12025.0,5081.0,9988.0,20397.0,11172.0,23021.0,1740.0,1110.0,1738.0,524.0,807.0,1421.0,1177.0,283.0,774.0,7207.0,2709.0,1377.0,16697.0,5550.0,7864.0,3666.0,11438.0,1942.0,2803.0,16888.0,2176.0,1424.0,1408.0,2775.0,1925.0,4912.0,3545.0,5207.0,2002.0,5604.0,192.0,2.0,14.0,32.0,2.0,56.0,26.0,69.0,1248.0,264.0,6560.0,765.0,1376.0,139.0,328.0,2461.0,571.0,1240.0,2704.0,5293.0,2234.0,974.0,464.0,5219.0,3933.0,1256.0,4707.0,353.0,2478.0,66.0
2026-08-13T13:00Z,199.0,277.0,356.0,11725.0,12427.0,2571.0,38.0,15752.0,2015.0,7741.0,18550.0,1890.0,10172.0,5096.0,2035.0,1501.0,1263.0,490.0,3448.0,1044.0,1857.0,1997.0,3165.0,12511.0,5231.0,10341.0,21406.0,11731.0,23230.0,1757.0,1087.0,1658.0,535.0,735.0,1326.0,1185.0,293.0,805.0,7570.0,2855.0,1447.0,17191.0,5811.0,8150.0,3853.0,12108.0,2023.0,2920.0,17465.0,2242.0,1509.0,1416.0,2956.0,2028.0,5313.0,3675.0,5395.0,2106.0,5817.0,211.0,2.0,15.0,30.0,2.0,58.0,27.0,70.0,1288.0,276.0,6659.0,795.0,1399.0,143.0,334.0,2532.0,581.0,1284.0,2745.0,5364.0,2270.0,971.0,487.0,5228.0,4047.0,1269.0,4826.0,370.0,2567.0,70.0
2026-08-13T14:00Z,200.0,299.0,360.0,12447.0,12926.0,2569.0,44.0,16571.0,2045.0,7644.0,19469.0,2008.0,10461.0,5258.0,2163.0,1445.0,1260.0,397.0,3481.0,1100.0,1880.0,1970.0,3253.0,12810.0,5331.0,10677.0,22202.0,12219.0,23997.0,1760.0,1064.0,1552.0,507.0,669.0,1270.0,1194.0,307.0,830.0,7853.0,2999.0,1497.0,17622.0,6060.0,8311.0,4032.0,12621.0,2106.0,3089.0,18274.0,2374.0,1561.0,1597.0,3163.0,2118.0,5601.0,3793.0,5510.0,2157.0,5983.0,226.0,2.0,15.0,30.0,2.0,60.0,19.0,73.0,1291.0,283.0,7064.0,858.0,1446.0,153.0,347.0,2664.0,590.0,1367.0,2787.0,5670.0,2284.0,1002.0,529.0,5292.0,4094.0,1318.0,5049.0,390.0,2638.0,71.0
2026-08-13T15:00Z,217.0,315.0,367.0,12982.0,14767.0,3163.0,113.0,17674.0,2172.0,7688.0,20519.0,2122.0,11015.0,5498.0,2261.0,1380.0,1278.0,352.0,3554.0,1241.0,1753.0,1971.0,3312.0,12975.0,5547.0,11109.0,23096.0,12686.0,25433.0,1791.0,1089.0,1490.0,529.0,629.0,1284.0,1227.0,331.0,855.0,8085.0,3155.0,1566.0,18305.0,6357.0,8650.0,4249.0,13102.0,2211.0,3316.0,19219.0,2524.0,1653.0,1813.0,3386.0,2188.0,5851.0,3915.0,5644.0,2218.0,6214.0,241.0,2.0,17.0,27.0,2.0,63.0,16.0,75.0,1328.0,285.0,7656.0,933.0,1490.0,170.0,360.0,2875.0,621.0,1481.0,2816.0,6042.0,2353.0,1052.0,577.0,5434.0,4126.0,1384.0,5341.0,419.0,2699.0,71.0
2026-08-13T16:00Z,223.0,327.0,378.0,12796.0,17555.0,3935.0,250.0,18940.0,2356.0,7835.0,21813.0,2207.0,11743.0,5870.0,2364.0,1370.0,1328.0,339.0,3724.0,1150.0,1991.0,2045.0,3408.0,13133.0,5895.0,11577.0,23697.0,13204.0,27293.0,1812.0,1126.0,1530.0,520.0,620.0,1277.0,1302.0,357.0,898.0,8302.0,3357.0,1708.0,18973.0,6689.0,8999.0,4447.0,13623.0,2343.0,3553.0,20106.0,2656.0,1728.0,1977.0,3640.0,2264.0,6081.0,4055.0,5800.0,2265.0,6528.0,256.0,2.0,19.0,28.0,2.0,64.0,8.0,77.0,1379.0,295.0,8280.0,1003.0,1533.0,190.0,373.0,3109.0,657.0,1623.0,2881.0,6407.0,2487.0,1105.0,630.0,5639.0,4179.0,1459.0,5689.0,430.0,2748.0,71.0
2026-08-13T17:00Z,227.0,334.0,384.0,12634.0,18767.0,3703.0,254.0,20087.0,2483.0,8018.0,23239.0,2264.0,12584.0,6207.0,2503.0,1389.0,1379.0,336.0,3967.0,1244.0,2089.0,2125.0,3553.0,13170.0,6271.0,12293.0,24539.0,13722.0,28788.0,1868.0,1139.0,1538.0,526.0,645.0,1313.0,1356.0,376.0,927.0,8479.0,3547.0,1819.0,19927.0,6920.0,9286.0,4664.0,14124.0,2496.0,3820.0,20992.0,2809.0,1826.0,2127.0,3932.0,2363.0,6301.0,4232.0,5967.0,2333.0,6807.0,270.0,2.0,21.0,32.0,3.0,66.0,3.0,78.0,1426.0,311.0,8871.0,1073.0,1571.0,207.0,391.0,3321.0,699.0,1754.0,2962.0,6795.0,2620.0,1147.0,681.0,5849.0,4208.0,1532.0,6035.0,450.0,2801.0,72.0
2026-08-13T18:00Z,226.0,340.0,384.0,12279.0,18723.0,3505.0,239.0,20991.0,2609.0,8211.0,24643.0,2403.0,13414.0,6505.0,2573.0,1434.0,1442.0,359.0,4143.0,1296.0,2208.0,2196.0,3659.0,13326.0,6539.0,12938.0,25243.0,14185.0,30369.0,1921.0,1163.0,1569.0,530.0,678.0,1436.0,1399.0,388.0,951.0,8600.0,3786.0,1875.0,20947.0,7226.0,9567.0,4875.0,14359.0,2646.0,4077.0,21644.0,2941.0,1878.0,2274.0,4151.0,2435.0,6517.0,4415.0,6179.0,2390.0,7032.0,283.0,3.0,22.0,31.0,3.0,67.0,0.0,80.0,1482.0,323.0,9413.0,1133.0,1582.0,223.0,416.0,3523.0,739.0,1861.0,3064.0,7172.0,2756.0,1183.0,723.0,6047.0,4301.0,1597.0,6380.0,460.0,2853.0,71.0
2026-08-13T19:00Z,224.0,346.0,381.0,12082.0,18664.0,3327.0,217.0,21783.0,2732.0,8205.0,25884.0,2524.0,14210.0,6753.0,2724.0,1477.0,1479.0,388.0,4268.0,1334.0,2297.0,2270.0,3732.0,13572.0,6680.0,13451.0,25611.0,14751.0,31636.0,1960.0,1187.0,1576.0,531.0,698.0,1478.0,1415.0,385.0,973.0,8631.0,3874.0,1956.0,21628.0,7470.0,9880.0,5109.0,14226.0,2775.0,4292.0,22285.0,3053.0,1935.0,2357.0,4339.0,2470.0,6696.0,4613.0,6325.0,2389.0,7254.0,297.0,2.0,23.0,29.0,3.0,69.0,0.0,83.0,1563.0,334.0,9876.0,1180.0,1615.0,240.0,430.0,3673.0,767.0,1952.0,3142.0,7496.0,2874.0,1219.0,762.0,6244.0,4367.0,1663.0,6697.0,477.0,2938.0,71.0
2026-08-13T20:00Z,225.0,353.0,383.0,12369.0,19256.0,2572.0,222.0,22293.0,2815.0,7881.0,27118.0,2571.0,14792.0,7010.0,2846.0,1516.0,1517.0,411.0,4480.0,1384.0,2410.0,2374.0,3835.0,13683.0,6679.0,13719.0,25619.0,15160.0,32317.0,2042.0,1217.0,1624.0,532.0,724.0,1453.0,1487.0,402.0,1008.0,8737.0,3979.0,2060.0,22086.0,7653.0,10024.0,5328.0,13934.0,2872.0,4475.0,22870.0,3158.0,1967.0,2466.0,4527.0,2539.0,6844.0,4842.0,6477.0,2413.0,7517.0,307.0,2.0,24.0,27.0,3.0,71.0,2.0,84.0,1651.0,349.0,10102.0,1213.0,1628.0,248.0,442.0,3865.0,780.0,2013.0,3206.0,7688.0,2979.0,1236.0,790.0,6372.0,4435.0,1706.0,6902.0,495.0,3052.0,70.0
2026-08-13T21:00Z,225.0,356.0,389.0,12185.0,19120.0,2616.0,186.0,22401.0,2875.0,7441.0,27770.0,2576.0,14863.0,6923.0,2901.0,1570.0,1564.0,481.0,4688.0,1435.0,2508.0,2481.0,3928.0,13877.0,6695.0,13682.0,25608.0,15498.0,32852.0,2106.0,1265.0,1688.0,537.0,797.0,1501.0,1605.0,413.0,1052.0,8859.0,4162.0,2167.0,22354.0,7774.0,10058.0,5428.0,13699.0,2913.0,4517.0,23208.0,3248.0,1999.0,2510.0,4766.0,2597.0,6926.0,4989.0,6572.0,2394.0,7804.0,313.0,2.0,25.0,28.0,3.0,71.0,,85.0,1760.0,353.0,10260.0,1231.0,1616.0,256.0,448.0,3915.0,786.0,2071.0,3227.0,7788.0,3028.0,1241.0,805.0,6412.0,4486.0,1720.0,6988.0,526.0,3157.0,72.0
2026-08-13T22:00Z,234.0,356.0,395.0,12460.0,18363.0,2563.0,172.0,22465.0,2906.0,7394.0,28058.0,2426.0,15039.0,6897.0,2952.0,1657.0,1624.0,585.0,4881.0,1467.0,2629.0,2531.0,3985.0,13974.0,6818.0,13365.0,25416.0,15567.0,33051.0,2145.0,1354.0,1806.0,552.0,851.0,1644.0,1724.0,434.0,1071.0,8834.0,4299.0,2260.0,22339.0,7779.0,10142.0,5394.0,13583.0,2910.0,4531.0,23338.0,3336.0,2025.0,2497.0,4804.0,2585.0,6901.0,4979.0,6556.0,2385.0,8005.0,311.0,2.0,26.0,27.0,3.0,71.0,4.0,86.0,1822.0,366.0,10351.0,1241.0,1619.0,261.0,445.0,3918.0,806.0,2079.0,3214.0,7837.0,3044.0,1235.0,803.0,6360.0,4525.0,1760.0,7070.0,548.0,3178.0,70.0
2026-08-13T23:00Z,233.0,350.0,394.0,12685.0,18321.0,2994.0,162.0,22234.0,2900.0,7291.0,28317.0,2309.0,15235.0,6837.0,2904.0,1706.0,1638.0,685.0,4859.0,1413.0,2613.0,2508.0,3839.0,14050.0,6992.0,13104.0,25224.0,15556.0,33016.0,2154.0,1454.0,2026.0,585.0,977.0,1776.0,1765.0,437.0,1051.0,8559.0,4261.0,2248.0,22073.0,7653.0,9998.0,5398.0,13566.0,2859.0,4417.0,23280.0,3295.0,1985.0,2413.0,4729.0,2547.0,6679.0,4911.0,6443.0,2341.0,7884.0,295.0,2.0,25.0,30.0,3.0,70.0,8.0,85.0,1888.0,372.0,10328.0,1238.0,1610.0,266.0,442.0,3952.0,789.0,2100.0,3177.0,7771.0,3032.0,1219.0,801.0,6252.0,4521.0,1774.0,7042.0,562.0,3176.0,69.0
2026-08-14T00:00Z,224.0,340.0,393.0,13324.0,18480.0,3144.0,150.0,21602.0,2903.0,7287.0,28044.0,2390.0,15655.0,6855.0,2761.0,1689.0,1579.0,727.0,4684.0,1349.0,2521.0,2453.0,3710.0,14012.0,7148.0,12838.0,24854.0,15328.0,32392.0,2127.0,1470.0,2136.0,574.0,1052.0,1832.0,1715.0,415.0,1011.0,8280.0,4080.0,2165.0,21631.0,7441.0,9715.0,5270.0,13348.0,2772.0,4283.0,22714.0,3210.0,1924.0,2357.0,4464.0,2452.0,6405.0,4768.0,6288.0,2279.0,7613.0,275.0,2.0,26.0,29.0,3.0,68.0,10.0,85.0,1926.0,375.0,10138.0,1222.0,1589.0,265.0,437.0,3908.0,766.0,2077.0,3134.0,7662.0,2972.0,1218.0,781.0,6119.0,4483.0,1757.0,6876.0,575.0,3201.0,70.0
2026-08-14T01:00Z,204.0,330.0,388.0,13719.0,17518.0,3098.0,165.0,20990.0,2829.0,7583.0,27325.0,2435.0,15451.0,6837.0,2663.0,1665.0,1515.0,720.0,4529.0,1356.0,2443.0,2414.0,3622.0,13810.0,7130.0,12670.0,24429.0,14906.0,31525.0,2094.0,1432.0,2110.0,591.0,1052.0,1798.0,1627.0,399.0,970.0,8165.0,3904.0,2088.0,21300.0,7256.0,9637.0,5115.0,13009.0,2713.0,4120.0,22047.0,3092.0,1878.0,2257.0,4265.0,2380.0,6238.0,4606.0,6158.0,2271.0,7472.0,259.0,2.0,24.0,30.0,3.0,63.0,24.0,84.0,1887.0,372.0,9769.0,1174.0,1565.0,263.0,428.0,3785.0,738.0,2009.0,3070.0,7452.0,2838.0,1187.0,747.0,5993.0,4393.0,1721.0,6649.0,567.0,3155.0,69.0
2026-08-14T02:00Z,212.0,322.0,380.0,14490.0,16860.0,3089.0,93.0,20419.0,2742.0,7715.0,26187.0,2433.0,14796.0,6684.0,2667.0,1578.0,1401.0,690.0,4246.0,1212.0,2295.0,2285.0,3438.0,13647.0,7030.0,12397.0,24034.0,14484.0,30420.0,2036.0,1368.0,2010.0,533.0,998.0,1707.0,1524.0,371.0,922.0,7962.0,3663.0,1962.0,20869.0,6936.0,9503.0,4878.0,12932.0,2615.0,3986.0,21050.0,2898.0,1799.0,2149.0,4013.0,2269.0,5993.0,4410.0,5905.0,2180.0,7180.0,241.0,2.0,23.0,29.0,3.0,61.0,28.0,83.0,1842.0,353.0,9334.0,1120.0,1538.0,251.0,425.0,3664.0,710.0,1940.0,2981.0,7198.0,2731.0,1134.0,715.0,5892.0,4321.0,1673.0,6420.0,537.0,3070.0,69.0
2026-08-14T03:00Z,219.0,319.0,380.0,14495.0,16274.0,3118.0,81.0,19771.0,2663.0,7652.0,25192.0,2340.0,14156.0,6430.0,2545.0,1466.0,1264.0,647.0,3872.0,1081.0,2052.0,2111.0,3216.0,13396.0,6760.0,11828.0,22848.0,13986.0,28907.0,1931.0,1274.0,1861.0,557.0,917.0,1582.0,1409.0,344.0,863.0,7629.0,3390.0,1817.0,19767.0,6467.0,8961.0,4546.0,12564.0,2455.0,3731.0,19983.0,2664.0,1708.0,1985.0,3636.0,2102.0,5663.0,4131.0,5502.0,2041.0,6745.0,222.0,3.0,21.0,30.0,3.0,60.0,29.0,79.0,1849.0,349.0,8874.0,1060.0,1501.0,238.0,422.0,3534.0,678.0,1858.0,2932.0,6905.0,2634.0,1102.0,678.0,5803.0,4280.0,1612.0,6141.0,510.0,3006.0,72.0
2026-08-14T04:00Z,220.0,306.0,376.0,14699.0,16001.0,3180.0,101.0,18835.0,2544.0,7602.0,23712.0,2239.0,13157.0,6174.0,2462.0,1347.0,1147.0,590.0,3508.0,1030.0,1882.0,1945.0,2987.0,12677.0,6339.0,11179.0,21505.0,13292.0,27365.0,1817.0,1186.0,1745.0,554.0,850.0,1465.0,1293.0,311.0,803.0,7227.0,3104.0,1660.0,18694.0,6017.0,8458.0,4205.0,12007.0,2282.0,3476.0,18895.0,2430.0,1584.0,1803.0,3305.0,1941.0,5264.0,3853.0,5136.0,1914.0,6290.0,203.0,2.0,19.0,31.0,3.0,59.0,28.0,76.0,1762.0,330.0,8277.0,978.0,1465.0,223.0,403.0,3331.0,630.0,1726.0,2785.0,6539.0,2490.0,1050.0,634.0,5647.0,4110.0,1518.0,5722.0,487.0,2894.0,71.0
2026-08-14T05:00Z,207.0,286.0,367.0,14226.0,15790.0,3153.0,101.0,17842.0,2361.0,7650.0,22163.0,2058.0,12141.0,5779.0,2340.0,1119.0,1212.0,562.0,3218.0,956.0,1713.0,1821.0,2781.0,11806.0,5946.0,10460.0,21119.0,12496.0,25820.0,1705.0,1116.0,1644.0,541.0,799.0,1366.0,1204.0,288.0,760.0,6832.0,2858.0,1529.0,17784.0,5665.0,7983.0,3918.0,11296.0,2149.0,3262.0,18008.0,2242.0,1525.0,1644.0,2993.0,1826.0,4935.0,3607.0,4838.0,1805.0,5864.0,186.0,2.0,18.0,28.0,2.0,58.0,31.0,75.0,1645.0,311.0,7716.0,907.0,1435.0,208.0,383.0,3122.0,577.0,1594.0,2659.0,6196.0,2349.0,990.0,589.0,5455.0,3997.0,1434.0,5316.0,454.0,2740.0,70.0
2026-08-14T06:00Z,195.0,268.0,360.0,13329.0,15036.0,2970.0,74.0,16990.0,2263.0,7665.0,20988.0,1954.0,11308.0,5486.0,2248.0,1064.0,1146.0,529.0,3005.0,913.0,1604.0,1724.0,2636.0,11133.0,5648.0,10040.0,20667.0,11935.0,24656.0,1637.0,1057.0,1573.0,543.0,761.0,1304.0,1138.0,270.0,715.0,6488.0,2642.0,1421.0,17148.0,5391.0,7663.0,3684.0,10757.0,2044.0,3095.0,17291.0,2103.0,1472.0,1394.0,2773.0,1724.0,4680.0,3410.0,4608.0,1741.0,5477.0,172.0,2.0,15.0,29.0,2.0,57.0,28.0,73.0,1515.0,291.0,7248.0,850.0,1402.0,194.0,367.0,2957.0,544.0,1500.0,2563.0,5848.0,2245.0,934.0,544.0,5337.0,3912.0,1364.0,5011.0,420.0,2579.0,66.0
2026-08-14T07:00Z,202.0,255.0,355.0,12613.0,13948.0,2820.0,47.0,16307.0,2147.0,7621.0,19995.0,1919.0,10665.0,5296.0,2154.0,1028.0,1106.0,512.0,2850.0,872.0,1519.0,1650.0,2532.0,10602.0,5425.0,9721.0,19842.0,11862.0,23488.0,1576.0,1005.0,1528.0,509.0,737.0,1257.0,1080.0,252.0,677.0,6230.0,2474.0,1354.0,16658.0,5213.0,7427.0,3526.0,10350.0,1966.0,2942.0,16799.0,2011.0,1425.0,1321.0,2625.0,1661.0,4473.0,3286.0,4443.0,1695.0,5201.0,162.0,2.0,15.0,28.0,2.0,56.0,27.0,74.0,1415.0,275.0,6878.0,801.0,1382.0,183.0,353.0,2826.0,518.0,1418.0,2438.0,5570.0,2170.0,887.0,507.0,5224.0,3818.0,1303.0,4727.0,388.0,2471.0,64.0
2026-08-14T08:00Z,203.0,247.0,353.0,12277.0,13107.0,2837.0,47.0,15769.0,2077.0,7532.0,19180.0,1852.0,10194.0,5181.0,2130.0,1016.0,1090.0,503.0,2756.0,848.0,1475.0,1607.0,2468.0,10252.0,5258.0,9624.0,19241.0,11568.0,22865.0,1546.0,977.0,1509.0,533.0,720.0,1234.0,1038.0,240.0,647.0,6064.0,2353.0,1313.0,16334.0,5110.0,7213.0,3430.0,10065.0,1914.0,2843.0,16476.0,1964.0,1386.0,1274.0,2460.0,1643.0,4349.0,3196.0,4351.0,1659.0,5015.0,157.0,2.0,14.0,27.0,2.0,55.0,26.0,73.0,1351.0,266.0,6569.0,759.0,1367.0,174.0,341.0,2683.0,499.0,1353.0,2384.0,5373.0,2127.0,855.0,478.0,5139.0,3757.0,1255.0,4514.0,365.0,2398.0,55.0
2026-08-14T09:00Z,208.0,242.0,352.0,11887.0,12409.0,2705.0,36.0,15432.0,2040.0,7495.0,18492.0,1764.0,9900.0,5026.0,2089.0,1031.0,1096.0,506.0,2735.0,849.0,1468.0,1604.0,2462.0,10032.0,5115.0,9531.0,19137.0,11344.0,22367.0,1539.0,974.0,1508.0,531.0,718.0,1231.0,1019.0,235.0,633.0,6008.0,2299.0,1304.0,16371.0,5102.0,7280.0,3421.0,9977.0,1906.0,2827.0,16458.0,1961.0,1370.0,1258.0,2441.0,1635.0,4336.0,3199.0,4347.0,1656.0,4949.0,154.0,2.0,13.0,27.0,2.0,55.0,25.0,72.0,1308.0,261.0,6346.0,732.0,1349.0,165.0,332.0,2604.0,489.0,1300.0,2326.0,5192.0,2094.0,837.0,457.0,5065.0,3745.0,1222.0,4332.0,349.0,2335.0,55.0
2026-08-14T10:00Z,206.0,241.0,350.0,11284.0,12058.0,2584.0,35.0,15323.0,2006.0,7482.0,18059.0,1759.0,9792.0,4976.0,2052.0,1077.0,1141.0,532.0,2821.0,901.0,1511.0,1657.0,2537.0,10027.0,5068.0,9675.0,19506.0,11305.0,22003.0,1570.0,1006.0,1556.0,529.0,742.0,1260.0,1030.0,240.0,646.0,6135.0,2324.0,1331.0,16762.0,5229.0,7499.0,3513.0,10119.0,1958.0,2903.0,16773.0,2024.0,1386.0,1294.0,2472.0,1679.0,4450.0,3386.0,4486.0,1758.0,5032.0,156.0,2.0,14.0,27.0,2.0,55.0,25.0,71.0,1290.0,255.0,6231.0,720.0,1338.0,160.0,326.0,2555.0,480.0,1279.0,2311.0,5136.0,2095.0,830.0,445.0,5039.0,3757.0,1210.0,4221.0,340.0,2297.0,62.0
2026-08-14T11:00Z,206.0,246.0,351.0,10957.0,11772.0,2496.0,34.0,15432.0,2033.0,7495.0,18088.0,1767.0,9892.0,5014.0,2070.0,1130.0,1219.0,557.0,2982.0,911.0,1589.0,1743.0,2693.0,10406.0,5123.0,10118.0,19475.0,11530.0,22209.0,1610.0,1048.0,1618.0,548.0,767.0,1287.0,1056.0,251.0,677.0,6465.0,2391.0,1367.0,17422.0,5466.0,7854.0,3687.0,10548.0,2061.0,3057.0,17210.0,2121.0,1421.0,1370.0,2539.0,1760.0,4602.0,3616.0,4732.0,1844.0,5124.0,163.0,2.0,14.0,29.0,2.0,56.0,25.0,71.0,1273.0,256.0,6283.0,729.0,1342.0,158.0,327.0,2553.0,484.0,1278.0,2333.0,5182.0,2088.0,846.0,444.0,5042.0,3821.0,1222.0,4240.0,342.0,2296.0,62.0
2026-08-14T12:00Z,205.0,259.0,357.0,11018.0,11764.0,2458.0,35.0,15604.0,2102.0,7548.0,18385.0,1793.0,10145.0,5149.0,2067.0,1124.0,1306.0,533.0,3150.0,959.0,1680.0,1832.0,2860.0,10975.0,5295.0,10548.0,20013.0,11890.0,22475.0,1671.0,1048.0,1601.0,545.0,716.0,1256.0,1088.0,262.0,727.0,6859.0,2526.0,1405.0,17855.0,5650.0,8231.0,3820.0,11166.0,2157.0,3149.0,17679.0,2212.0,1485.0,1433.0,2663.0,1861.0,4831.0,3752.0,4934.0,1933.0,5299.0,175.0,3.0,14.0,30.0,2.0,57.0,26.0,71.0,1298.0,257.0,6467.0,749.0,1348.0,153.0,327.0,2544.0,521.0,1277.0,2432.0,5338.0,2168.0,867.0,451.0,5100.0,3934.0,1248.0,4376.0,354.0,2357.0,64.0
2026-08-14T13:00Z,187.0,276.0,361.0,11418.0,12077.0,2453.0,36.0,15630.0,2085.0,7566.0,18483.0,1821.0,10217.0,5054.0,2099.0,1050.0,1361.0,436.0,3239.0,995.0,1751.0,1855.0,2975.0,11486.0,5456.0,10779.0,20783.0,12172.0,22607.0,1704.0,999.0,1436.0,518.0,610.0,1173.0,1088.0,277.0,761.0,7211.0,2696.0,1452.0,18165.0,5845.0,8510.0,3934.0,11862.0,2211.0,3276.0,18313.0,2342.0,1571.0,1460.0,2787.0,1958.0,5077.0,3842.0,5136.0,2018.0,5480.0,192.0,2.0,15.0,30.0,2.0,58.0,27.0,71.0,1327.0,267.0,6599.0,779.0,1355.0,153.0,331.0,2587.0,561.0,1311.0,2476.0,5454.0,2239.0,887.0,474.0,5130.0,4025.0,1260.0,4497.0,371.0,2447.0,68.0
2026-08-14T14:00Z,211.0,298.0,366.0,12126.0,12521.0,2577.0,40.0,16468.0,2117.0,7585.0,19470.0,1937.0,10451.0,5229.0,2171.0,989.0,1381.0,336.0,3280.0,1046.0,1771.0,1835.0,3031.0,11856.0,5609.0,11034.0,21837.0,12285.0,23692.0,1730.0,989.0,1343.0,522.0,536.0,1106.0,1081.0,288.0,790.0,7515.0,2845.0,1509.0,18715.0,6033.0,8784.0,4068.0,12414.0,2262.0,3415.0,18983.0,2495.0,1635.0,1589.0,3003.0,2037.0,5350.0,3966.0,5308.0,2102.0,5654.0,207.0,2.0,17.0,32.0,2.0,60.0,14.0,74.0,1331.0,279.0,7024.0,839.0,1403.0,159.0,351.0,2682.0,573.0,1377.0,2475.0,5690.0,2283.0,913.0,516.0,5205.0,4081.0,1317.0,4671.0,394.0,2527.0,71.0
2026-08-14T15:00Z,221.0,318.0,376.0,12457.0,13112.0,2727.0,104.0,17654.0,2208.0,7717.0,20824.0,2047.0,11020.0,5578.0,2216.0,969.0,1405.0,308.0,3357.0,1067.0,1781.0,1827.0,3074.0,12072.0,5670.0,11191.0,22799.0,12571.0,25279.0,1752.0,1021.0,1358.0,522.0,534.0,1076.0,1127.0,306.0,820.0,7733.0,2990.0,1575.0,19237.0,6178.0,9183.0,4190.0,12853.0,2316.0,3556.0,19819.0,2680.0,1687.0,1766.0,3237.0,2108.0,5651.0,4088.0,5504.0,2190.0,5906.0,224.0,2.0,18.0,30.0,2.0,62.0,5.0,75.0,1365.0,284.0,7579.0,915.0,1431.0,171.0,367.0,2811.0,590.0,1449.0,2498.0,6032.0,2351.0,949.0,567.0,5374.0,4145.0,1396.0,4917.0,415.0,2613.0,72.0
2026-08-14T16:00Z,224.0,337.0,378.0,12788.0,15447.0,3279.0,212.0,18806.0,2377.0,7848.0,22076.0,2182.0,11686.0,5903.0,2249.0,978.0,1440.0,312.0,3488.0,1078.0,1853.0,1841.0,3132.0,12238.0,5714.0,11432.0,23835.0,13084.0,27126.0,1806.0,1059.0,1402.0,516.0,594.0,1118.0,1186.0,318.0,853.0,7913.0,3207.0,1672.0,19913.0,6322.0,9534.0,4316.0,13193.0,2359.0,3686.0,20586.0,2786.0,1715.0,1923.0,3449.0,2203.0,5843.0,4198.0,5656.0,2205.0,6181.0,241.0,2.0,20.0,33.0,2.0,63.0,4.0,77.0,1384.0,293.0,8179.0,983.0,1464.0,182.0,361.0,2955.0,616.0,1548.0,2547.0,6422.0,2397.0,984.0,617.0,5574.0,4205.0,1470.0,5208.0,439.0,2686.0,74.0
2026-08-14T17:00Z,225.0,354.0,387.0,12555.0,17194.0,3773.0,262.0,19761.0,2546.0,7993.0,23416.0,2279.0,12438.0,6199.0,2414.0,1002.0,1479.0,328.0,3695.0,1133.0,1934.0,1919.0,3210.0,12543.0,5826.0,11759.0,24768.0,13623.0,28848.0,1870.0,1093.0,1521.0,518.0,672.0,1252.0,1276.0,336.0,887.0,8052.0,3392.0,1783.0,20572.0,6462.0,9904.0,4417.0,13418.0,2419.0,3869.0,21104.0,2858.0,1740.0,2060.0,3715.0,2270.0,6072.0,4244.0,5824.0,2262.0,6428.0,260.0,2.0,21.0,32.0,2.0,64.0,0.0,77.0,1398.0,306.0,8779.0,1045.0,1510.0,194.0,376.0,3074.0,624.0,1627.0,2610.0,6738.0,2429.0,1029.0,675.0,5786.0,4272.0,1541.0,5532.0,471.0,2781.0,74.0
2026-08-14T18:00Z,225.0,370.0,396.0,12009.0,18494.0,3779.0,257.0,20345.0,2632.0,8152.0,24845.0,2404.0,13135.0,6487.0,2484.0,1021.0,1516.0,359.0,3990.0,1189.0,2048.0,2045.0,3363.0,12937.0,5911.0,12041.0,25568.0,14110.0,30319.0,1951.0,1138.0,1588.0,527.0,744.0,1357.0,1388.0,351.0,922.0,8188.0,3623.0,1911.0,20892.0,6541.0,10247.0,4459.0,13753.0,2485.0,4001.0,21378.0,2886.0,1740.0,2146.0,4003.0,2327.0,6281.0,4196.0,5939.0,2299.0,6811.0,275.0,2.0,24.0,32.0,3.0,65.0,0.0,78.0,1457.0,323.0,9323.0,1099.0,1555.0,204.0,390.0,3205.0,647.0,1704.0,2636.0,7096.0,2456.0,1063.0,720.0,5974.0,4326.0,1615.0,5905.0,507.0,2914.0,74.0
2026-08-14T19:00Z,221.0,385.0,405.0,11797.0,18665.0,3563.0,278.0,21001.0,2775.0,8287.0,26104.0,2548.0,13775.0,6748.0,2658.0,1065.0,1534.0,391.0,4244.0,1261.0,2182.0,2114.0,3432.0,13429.0,5999.0,12286.0,25957.0,14487.0,31234.0,2011.0,1183.0,1568.0,547.0,802.0,1467.0,1507.0,375.0,963.0,8288.0,3832.0,1972.0,21282.0,6578.0,10544.0,4491.0,14301.0,2557.0,4123.0,21426.0,2860.0,1720.0,2222.0,4161.0,2334.0,6370.0,4120.0,5984.0,2315.0,7078.0,290.0,2.0,24.0,31.0,3.0,66.0,2.0,80.0,1518.0,336.0,9821.0,1153.0,1579.0,211.0,400.0,3349.0,651.0,1770.0,2692.0,7396.0,2457.0,1109.0,759.0,6162.0,4354.0,1674.0,6171.0,549.0,3065.0,74.0
2026-08-14T20:00Z,225.0,398.0,407.0,11554.0,18865.0,3372.0,249.0,21236.0,2844.0,8336.0,27072.0,2661.0,14298.0,6945.0,2702.0,1132.0,1560.0,420.0,4477.0,1332.0,2300.0,2198.0,3493.0,13770.0,6214.0,12452.0,26222.0,14647.0,31713.0,2061.0,1222.0,1577.0,536.0,777.0,1454.0,1585.0,399.0,991.0,8329.0,3850.0,1966.0,21542.0,6644.0,10724.0,4575.0,14573.0,2638.0,4264.0,21901.0,2874.0,1745.0,2349.0,4240.0,2388.0,6583.0,4230.0,6159.0,2339.0,7165.0,299.0,2.0,26.0,32.0,3.0,66.0,7.0,81.0,1626.0,347.0,10126.0,1188.0,1624.0,220.0,390.0,3440.0,663.0,1821.0,2726.0,7557.0,2471.0,1128.0,788.0,6314.0,4377.0,1724.0,6353.0,597.0,3201.0,76.0
2026-08-14T21:00Z,234.0,399.0,399.0,11420.0,19078.0,3060.0,200.0,21502.0,2942.0,8204.0,27798.0,2665.0,14628.0,7039.0,2760.0,1219.0,1621.0,477.0,4648.0,1274.0,2446.0,2319.0,3616.0,14024.0,6499.0,12742.0,26226.0,14711.0,32182.0,2117.0,1271.0,1654.0,488.0,734.0,1429.0,1628.0,395.0,1028.0,8442.0,3971.0,2036.0,21689.0,6765.0,10865.0,4664.0,14699.0,2723.0,4380.0,22505.0,2974.0,1817.0,2402.0,4459.0,2438.0,6741.0,4441.0,6325.0,2323.0,7422.0,307.0,3.0,25.0,38.0,3.0,67.0,7.0,83.0,1712.0,354.0,10296.0,1210.0,1655.0,225.0,388.0,3511.0,686.0,1857.0,2758.0,7683.0,2534.0,1143.0,802.0,6389.0,4404.0,1753.0,6425.0,626.0,3284.0,76.0
2026-08-14T22:00Z,228.0,401.0,394.0,11461.0,18873.0,2789.0,163.0,21716.0,2921.0,8082.0,28266.0,2646.0,14359.0,6969.0,2688.0,1345.0,1675.0,569.0,4605.0,1298.0,2502.0,2315.0,3657.0,14091.0,6778.0,12970.0,26074.0,14926.0,32347.0,2170.0,1334.0,1798.0,489.0,812.0,1560.0,1665.0,409.0,1048.0,8415.0,4063.0,2135.0,21520.0,6836.0,10815.0,4658.0,14624.0,2749.0,4426.0,22745.0,3035.0,1875.0,2467.0,4656.0,2452.0,6757.0,4499.0,6397.0,2320.0,7676.0,306.0,2.0,26.0,59.0,3.0,66.0,12.0,84.0,1807.0,359.0,10329.0,1223.0,1633.0,235.0,385.0,3516.0,710.0,1866.0,2789.0,7738.0,2655.0,1155.0,805.0,6379.0,4437.0,1782.0,6468.0,610.0,3314.0,74.0
2026-08-14T23:00Z,229.0,400.0,385.0,11718.0,19127.0,3179.0,175.0,21555.0,2924.0,8008.0,28337.0,2621.0,14087.0,6966.0,2714.0,1424.0,1643.0,633.0,4422.0,1240.0,2416.0,2259.0,3510.0,13944.0,6941.0,13023.0,25508.0,14897.0,32134.0,2208.0,1412.0,1958.0,522.0,887.0,1551.0,1686.0,408.0,1009.0,8121.0,3982.0,2143.0,21252.0,6771.0,10654.0,4608.0,14448.0,2733.0,4346.0,22449.0,3005.0,1880.0,2427.0,4563.0,2410.0,6522.0,4387.0,6311.0,2285.0,7657.0,290.0,2.0,26.0,57.0,3.0,66.0,19.0,84.0,1920.0,359.0,10214.0,1220.0,1630.0,234.0,382.0,3476.0,730.0,1849.0,2841.0,7673.0,2716.0,1155.0,792.0,6324.0,4408.0,1789.0,6450.0,584.0,3286.0,74.0
2026-08-15T00:00Z,233.0,392.0,378.0,12491.0,18817.0,3091.0,178.0,21055.0,2875.0,8041.0,27720.0,2564.0,13813.0,6855.0,2730.0,1426.0,1591.0,666.0,4256.0,1172.0,2326.0,2206.0,3388.0,13772.0,7014.0,12934.0,24665.0,14632.0,31684.0,2172.0,1444.0,2060.0,548.0,1003.0,1562.0,1661.0,386.0,974.0,7890.0,3815.0,2069.0,20760.0,6621.0,10083.0,4545.0,14153.0,2644.0,4226.0,21931.0,2932.0,1830.0,2264.0,4303.0,2325.0,6183.0,4264.0,6141.0,2209.0,7455.0,273.0,2.0,23.0,61.0,3.0,65.0,23.0,84.0,1920.0,355.0,9964.0,1197.0,1612.0,227.0,376.0,3394.0,719.0,1815.0,2826.0,7513.0,2707.0,1146.0,767.0,6233.0,4363.0,1770.0,6361.0,534.0,3230.0,75.0
2026-08-15T01:00Z,214.0,380.0,372.0,13247.0,18057.0,3262.0,187.0,20331.0,2871.0,8060.0,26644.0,2502.0,13424.0,6658.0,2549.0,1411.0,1548.0,672.0,4142.0,1165.0,2272.0,2193.0,3334.0,13252.0,6903.0,12550.0,23513.0,14164.0,30625.0,2100.0,1402.0,2025.0,548.0,997.0,1560.0,1582.0,375.0,931.0,7758.0,3661.0,2008.0,20329.0,6480.0,9697.0,4494.0,13979.0,2540.0,4047.0,21383.0,2869.0,1775.0,2250.0,4060.0,2237.0,5961.0,4185.0,5927.0,2142.0,7236.0,258.0,2.0,23.0,59.0,3.0,61.0,21.0,83.0,1922.0,343.0,9545.0,1140.0,1588.0,221.0,371.0,3300.0,695.0,1754.0,2770.0,7283.0,2645.0,1121.0,728.0,6052.0,4304.0,1728.0,6155.0,496.0,3095.0,72.0
2026-08-15T02:00Z,218.0,362.0,370.0,13933.0,17321.0,3339.0,138.0,19683.0,2765.0,8075.0,25500.0,2410.0,12919.0,6579.0,2440.0,1346.0,1449.0,649.0,3900.0,1119.0,2141.0,2090.0,3187.0,13088.0,6765.0,12295.0,22783.0,13855.0,29610.0,2020.0,1334.0,1939.0,521.0,940.0,1505.0,1480.0,349.0,911.0,7574.0,3464.0,1902.0,19888.0,6257.0,9378.0,4336.0,13816.0,2456.0,3906.0,20523.0,2738.0,1706.0,2180.0,3763.0,2123.0,5723.0,4037.0,5644.0,2051.0,6942.0,241.0,2.0,21.0,41.0,3.0,59.0,28.0,81.0,1779.0,333.0,9035.0,1078.0,1559.0,212.0,374.0,3230.0,672.0,1713.0,2690.0,6978.0,2580.0,1077.0,695.0,5962.0,4249.0,1642.0,5893.0,481.0,2953.0,66.0
2026-08-15T03:00Z,228.0,349.0,370.0,14053.0,16526.0,3232.0,126.0,19098.0,2693.0,7990.0,24616.0,2323.0,12590.0,6411.0,2501.0,1237.0,1328.0,607.0,3590.0,974.0,1941.0,1947.0,2987.0,12986.0,6484.0,11709.0,21541.0,13454.0,28400.0,1905.0,1240.0,1805.0,547.0,873.0,1412.0,1371.0,327.0,843.0,7300.0,3239.0,1767.0,18963.0,5905.0,8908.0,4091.0,13437.0,2298.0,3685.0,19534.0,2551.0,1610.0,1975.0,3438.0,1953.0,5402.0,3836.0,5235.0,1912.0,6528.0,220.0,2.0,19.0,35.0,3.0,58.0,28.0,80.0,1777.0,326.0,8595.0,1011.0,1511.0,203.0,373.0,3129.0,654.0,1647.0,2622.0,6676.0,2511.0,1030.0,656.0,5862.0,4205.0,1563.0,5586.0,469.0,2892.0,65.0
2026-08-15T04:00Z,226.0,331.0,366.0,14217.0,16092.0,3186.0,106.0,18290.0,2530.0,7957.0,23375.0,2199.0,12080.0,6196.0,2294.0,1133.0,1210.0,557.0,3273.0,944.0,1793.0,1802.0,2774.0,12485.0,6131.0,11024.0,20091.0,12855.0,26964.0,1791.0,1150.0,1693.0,550.0,808.0,1327.0,1264.0,297.0,786.0,6947.0,2977.0,1614.0,17948.0,5543.0,8176.0,3817.0,12804.0,2121.0,3428.0,18584.0,2354.0,1522.0,1724.0,3133.0,1805.0,5054.0,3621.0,4850.0,1777.0,6081.0,201.0,2.0,19.0,36.0,3.0,57.0,27.0,78.0,1723.0,313.0,8061.0,939.0,1466.0,190.0,358.0,2999.0,617.0,1544.0,2483.0,6324.0,2395.0,992.0,608.0,5728.0,4055.0,1482.0,5235.0,455.0,2796.0,64.0
2026-08-15T05:00Z,220.0,307.0,361.0,13832.0,15624.0,3453.0,85.0,17433.0,2369.0,7887.0,22003.0,2099.0,11453.0,5933.0,2272.0,1051.0,1121.0,523.0,3002.0,856.0,1641.0,1667.0,2584.0,11801.0,5773.0,10359.0,19449.0,12312.0,25512.0,1688.0,1074.0,1609.0,533.0,759.0,1257.0,1164.0,277.0,738.0,6610.0,2743.0,1469.0,17053.0,5229.0,7680.0,3559.0,12088.0,1991.0,3204.0,17748.0,2177.0,1439.0,1567.0,2859.0,1681.0,4755.0,3420.0,4532.0,1680.0,5671.0,183.0,2.0,17.0,34.0,2.0,56.0,31.0,77.0,1601.0,294.0,7531.0,872.0,1420.0,176.0,341.0,2838.0,579.0,1444.0,2354.0,5993.0,2259.0,947.0,563.0,5577.0,3923.0,1398.0,4888.0,432.0,2657.0,63.0
2026-08-15T06:00Z,214.0,286.0,357.0,13076.0,14781.0,3173.0,78.0,16623.0,2229.0,7829.0,20750.0,2010.0,10866.0,5650.0,2069.0,1000.0,1062.0,499.0,2801.0,831.0,1539.0,1578.0,2448.0,11188.0,5451.0,9900.0,19124.0,12069.0,24007.0,1610.0,1014.0,1521.0,523.0,719.0,1198.0,1089.0,262.0,694.0,6282.0,2538.0,1357.0,16312.0,4994.0,7249.0,3339.0,11460.0,1875.0,3019.0,17030.0,2035.0,1361.0,1491.0,2621.0,1589.0,4484.0,3234.0,4294.0,1601.0,5299.0,169.0,3.0,15.0,32.0,2.0,55.0,29.0,74.0,1476.0,279.0,7076.0,807.0,1385.0,166.0,329.0,2721.0,547.0,1366.0,2170.0,5668.0,2161.0,897.0,521.0,5448.0,3850.0,1320.0,4632.0,400.0,2523.0,62.0
2026-08-15T07:00Z,210.0,268.0,353.0,12341.0,13851.0,2772.0,56.0,16001.0,2072.0,7722.0,19653.0,1920.0,10365.0,5409.0,1988.0,968.0,1019.0,484.0,2651.0,783.0,1451.0,1514.0,2334.0,10741.0,5230.0,9518.0,18515.0,11604.0,23059.0,1555.0,967.0,1462.0,522.0,693.0,1159.0,1035.0,248.0,655.0,6021.0,2385.0,1282.0,15877.0,4827.0,6990.0,3172.0,10992.0,1786.0,2872.0,16490.0,1932.0,1306.0,1424.0,2455.0,1525.0,4248.0,3061.0,4120.0,1567.0,5000.0,160.0,2.0,14.0,35.0,2.0,54.0,27.0,74.0,1361.0,267.0,6719.0,759.0,1361.0,159.0,317.0,2608.0,524.0,1297.0,2106.0,5419.0,2083.0,876.0,490.0,5304.0,3777.0,1277.0,4421.0,371.0,2421.0,62.0
2026-08-15T08:00Z,205.0,256.0,351.0,12085.0,12991.0,2832.0,43.0,15492.0,2057.0,7641.0,18767.0,1858.0,10016.0,5254.0,2029.0,950.0,998.0,473.0,2546.0,737.0,1399.0,1470.0,2265.0,10381.0,5044.0,9245.0,18061.0,11303.0,22226.0,1511.0,934.0,1432.0,517.0,680.0,1140.0,999.0,235.0,623.0,5842.0,2287.0,1233.0,15569.0,4721.0,6855.0,3058.0,10633.0,1734.0,2770.0,16075.0,1861.0,1253.0,1293.0,2306.0,1472.0,4069.0,2936.0,3997.0,1531.0,4784.0,154.0,2.0,13.0,31.0,2.0,54.0,26.0,73.0,1304.0,259.0,6411.0,715.0,1329.0,152.0,306.0,2472.0,509.0,1229.0,2056.0,5210.0,2045.0,873.0,460.0,5192.0,3728.0,1243.0,4238.0,350.0,2351.0,63.0
2026-08-15T09:00Z,201.0,247.0,349.0,11504.0,12218.0,2669.0,41.0,15116.0,1976.0,7615.0,18168.0,1782.0,9771.0,5134.0,1984.0,945.0,991.0,471.0,2485.0,773.0,1367.0,1450.0,2224.0,10145.0,4877.0,9181.0,17856.0,11076.0,21544.0,1488.0,918.0,1423.0,525.0,676.0,1136.0,968.0,226.0,601.0,5685.0,2221.0,1214.0,15388.0,4675.0,6702.0,3002.0,10345.0,1716.0,2731.0,15840.0,1824.0,1246.0,1304.0,2242.0,1450.0,3956.0,2856.0,3941.0,1507.0,4646.0,149.0,2.0,13.0,36.0,2.0,54.0,25.0,73.0,1259.0,253.0,6159.0,676.0,1299.0,146.0,299.0,2387.0,500.0,1191.0,2007.0,5035.0,2021.0,864.0,435.0,5099.0,3693.0,1209.0,4069.0,338.0,2420.0,64.0
2026-08-15T10:00Z,196.0,244.0,349.0,11054.0,11605.0,2515.0,41.0,14883.0,1944.0,7584.0,17671.0,1737.0,9628.0,5040.0,2012.0,972.0,1007.0,483.0,2483.0,756.0,1386.0,1459.0,2226.0,10083.0,4798.0,9134.0,17886.0,10908.0,21344.0,1487.0,921.0,1430.0,524.0,681.0,1142.0,963.0,224.0,593.0,5598.0,2185.0,1215.0,15581.0,4696.0,6783.0,3001.0,10328.0,1730.0,2748.0,15734.0,1824.0,1279.0,1278.0,2275.0,1452.0,3919.0,2841.0,3970.0,1523.0,4578.0,146.0,2.0,12.0,34.0,2.0,54.0,25.0,72.0,1223.0,250.0,5985.0,654.0,1285.0,142.0,294.0,2330.0,499.0,1166.0,2011.0,4934.0,2012.0,832.0,419.0,5018.0,3714.0,1182.0,3930.0,328.0,2395.0,64.0
2026-08-15T11:00Z,197.0,244.0,351.0,10814.0,11344.0,2411.0,40.0,14826.0,1916.0,7635.0,17375.0,1690.0,9528.0,4974.0,2046.0,989.0,1037.0,485.0,2518.0,770.0,1389.0,1468.0,2261.0,10214.0,4808.0,9238.0,18161.0,10946.0,21208.0,1480.0,923.0,1437.0,519.0,677.0,1155.0,960.0,224.0,594.0,5618.0,2184.0,1207.0,15644.0,4762.0,6811.0,3024.0,10452.0,1772.0,2809.0,15846.0,1836.0,1311.0,1320.0,2266.0,1459.0,3923.0,2901.0,4013.0,1549.0,4488.0,145.0,2.0,12.0,33.0,2.0,54.0,25.0,72.0,1192.0,253.0,5897.0,648.0,1282.0,140.0,292.0,2307.0,502.0,1155.0,2023.0,4859.0,2024.0,812.0,407.0,4985.0,3748.0,1170.0,3874.0,324.0,2382.0,62.0
2026-08-15T12:00Z,190.0,249.0,352.0,10662.0,11176.0,2346.0,37.0,14795.0,1906.0,7637.0,17173.0,1696.0,9530.0,5002.0,1977.0,989.0,1097.0,467.0,2600.0,775.0,1441.0,1506.0,2364.0,10422.0,4846.0,9400.0,18052.0,10755.0,20976.0,1478.0,903.0,1353.0,544.0,596.0,1131.0,959.0,228.0,615.0,5789.0,2262.0,1236.0,15866.0,4884.0,6963.0,3115.0,10688.0,1826.0,2865.0,16131.0,1900.0,1339.0,1292.0,2315.0,1527.0,4101.0,2971.0,4141.0,1598.0,4531.0,151.0,2.0,12.0,36.0,2.0,54.0,25.0,70.0,1186.0,261.0,5834.0,647.0,1274.0,139.0,290.0,2298.0,511.0,1119.0,2044.0,4830.0,2054.0,812.0,402.0,4987.0,3790.0,1169.0,3868.0,326.0,2261.0,61.0
2026-08-15T13:00Z,177.0,256.0,353.0,10731.0,11199.0,2317.0,38.0,14834.0,1859.0,7600.0,17177.0,1759.0,9507.0,4955.0,1937.0,931.0,1150.0,400.0,2657.0,806.0,1499.0,1517.0,2477.0,10656.0,4933.0,9865.0,18369.0,10843.0,21231.0,1476.0,844.0,1173.0,524.0,492.0,1064.0,930.0,237.0,641.0,6009.0,2383.0,1289.0,16602.0,5144.0,7334.0,3319.0,11052.0,1918.0,3000.0,16737.0,2004.0,1401.0,1530.0,2420.0,1635.0,4399.0,3133.0,4349.0,1686.0,4580.0,163.0,2.0,12.0,34.0,2.0,53.0,26.0,70.0,1190.0,259.0,5919.0,665.0,1283.0,139.0,282.0,2296.0,519.0,1140.0,2021.0,4853.0,2092.0,808.0,406.0,4981.0,3869.0,1179.0,3919.0,328.0,2277.0,63.0
2026-08-15T14:00Z,177.0,270.0,355.0,10925.0,11315.0,2344.0,53.0,15832.0,1936.0,7545.0,18424.0,1870.0,9850.0,5156.0,2106.0,883.0,1178.0,304.0,2696.0,831.0,1542.0,1514.0,2563.0,11090.0,5065.0,10379.0,19292.0,11289.0,22688.0,1514.0,853.0,1096.0,508.0,448.0,1006.0,879.0,246.0,666.0,6242.0,2482.0,1338.0,17244.0,5420.0,7621.0,3553.0,11521.0,2021.0,3215.0,17498.0,2139.0,1467.0,1746.0,2561.0,1729.0,4707.0,3315.0,4552.0,1801.0,4674.0,174.0,2.0,14.0,33.0,2.0,53.0,16.0,71.0,1203.0,251.0,6386.0,727.0,1331.0,148.0,297.0,2414.0,548.0,1237.0,2059.0,5101.0,2154.0,820.0,445.0,5046.0,3981.0,1260.0,4114.0,342.0,2287.0,65.0
2026-08-15T15:00Z,191.0,285.0,360.0,11446.0,12407.0,2715.0,159.0,17093.0,2094.0,7636.0,20078.0,1958.0,10568.0,5515.0,2300.0,867.0,1206.0,233.0,2738.0,915.0,1557.0,1540.0,2650.0,11491.0,5152.0,10889.0,19726.0,11769.0,24744.0,1552.0,935.0,1136.0,514.0,421.0,927.0,876.0,258.0,685.0,6447.0,2602.0,1394.0,17892.0,5740.0,8037.0,3789.0,11776.0,2113.0,3497.0,18446.0,2275.0,1519.0,1932.0,2661.0,1824.0,5003.0,3510.0,4741.0,1888.0,4830.0,186.0,2.0,14.0,35.0,2.0,54.0,4.0,71.0,1257.0,266.0,7066.0,809.0,1382.0,167.0,324.0,2631.0,578.0,1361.0,2136.0,5537.0,2246.0,852.0,501.0,5189.0,4069.0,1360.0,4404.0,364.0,2329.0,67.0
2026-08-15T16:00Z,198.0,299.0,364.0,11521.0,16177.0,3006.0,241.0,18387.0,2258.0,7736.0,21597.0,2160.0,11374.0,5945.0,2433.0,895.0,1229.0,233.0,2847.0,983.0,1672.0,1567.0,2699.0,11757.0,5258.0,11239.0,20048.0,12312.0,26596.0,1584.0,943.0,1155.0,515.0,448.0,857.0,926.0,268.0,703.0,6603.0,2760.0,1457.0,18575.0,6092.0,8314.0,4018.0,12239.0,2176.0,3803.0,19277.0,2396.0,1604.0,2120.0,2873.0,1914.0,5281.0,3720.0,4914.0,1952.0,5030.0,198.0,3.0,15.0,35.0,2.0,55.0,0.0,74.0,1293.0,283.0,7758.0,886.0,1438.0,182.0,346.0,2805.0,611.0,1480.0,2173.0,5964.0,2341.0,887.0,554.0,5368.0,4158.0,1447.0,4669.0,390.0,2386.0,68.0
2026-08-15T17:00Z,203.0,312.0,365.0,11193.0,16928.0,2992.0,255.0,19652.0,2446.0,7893.0,23192.0,2345.0,12199.0,6262.0,2553.0,931.0,1262.0,246.0,3002.0,984.0,1737.0,1581.0,2708.0,11920.0,5379.0,11709.0,20668.0,12877.0,28480.0,1647.0,916.0,1150.0,510.0,494.0,890.0,1009.0,288.0,730.0,6735.0,2963.0,1525.0,19101.0,6401.0,8519.0,4216.0,12664.0,2194.0,3929.0,19853.0,2538.0,1720.0,2276.0,3066.0,2001.0,5512.0,3932.0,5097.0,2021.0,5254.0,212.0,2.0,18.0,33.0,2.0,56.0,,74.0,1359.0,299.0,8402.0,947.0,1483.0,193.0,357.0,2913.0,624.0,1579.0,2207.0,6385.0,2442.0,926.0,613.0,5582.0,4226.0,1525.0,4924.0,424.0,2470.0,70.0
2026-08-15T18:00Z,206.0,324.0,370.0,10880.0,17731.0,2668.0,272.0,20692.0,2775.0,8015.0,24588.0,2457.0,12966.0,6510.0,2641.0,969.0,1300.0,231.0,3154.0,1019.0,1771.0,1632.0,2780.0,12032.0,5637.0,12141.0,21313.0,13340.0,29951.0,1665.0,939.0,1235.0,512.0,500.0,966.0,1070.0,302.0,761.0,6801.0,3071.0,1607.0,19679.0,6667.0,8649.0,4409.0,12814.0,2201.0,3960.0,20171.0,2662.0,1819.0,2297.0,3280.0,2070.0,5694.0,4073.0,5288.0,2086.0,5555.0,227.0,2.0,19.0,33.0,2.0,57.0,,75.0,1441.0,310.0,8973.0,1015.0,1522.0,200.0,354.0,2982.0,651.0,1625.0,2291.0,6754.0,2497.0,966.0,657.0,5795.0,4255.0,1599.0,5181.0,462.0,2584.0,69.0
2026-08-15T19:00Z,211.0,335.0,375.0,10287.0,18247.0,2549.0,257.0,21459.0,2854.0,8180.0,25865.0,2528.0,13578.0,6657.0,2725.0,996.0,1325.0,231.0,3311.0,1051.0,1824.0,1686.0,2843.0,12233.0,5977.0,12548.0,21689.0,13714.0,31150.0,1725.0,978.0,1345.0,517.0,523.0,1024.0,1159.0,315.0,788.0,6890.0,3157.0,1704.0,20178.0,6891.0,8841.0,4591.0,12976.0,2263.0,3982.0,20416.0,2776.0,1905.0,2418.0,3474.0,2150.0,5884.0,4194.0,5458.0,2132.0,5842.0,240.0,2.0,20.0,33.0,2.0,58.0,0.0,76.0,1526.0,327.0,9451.0,1069.0,1559.0,200.0,352.0,3007.0,683.0,1639.0,2357.0,7027.0,2583.0,1008.0,694.0,5992.0,4272.0,1656.0,5406.0,491.0,2671.0,71.0
2026-08-15T20:00Z,206.0,346.0,374.0,9789.0,18178.0,2801.0,199.0,21995.0,2831.0,8281.0,26923.0,2597.0,14147.0,6827.0,2795.0,1033.0,1366.0,249.0,3495.0,1084.0,1948.0,1786.0,2950.0,12508.0,6178.0,12885.0,22128.0,14137.0,32018.0,1791.0,972.0,1358.0,508.0,534.0,1115.0,1260.0,332.0,825.0,6998.0,3319.0,1817.0,20611.0,7047.0,9127.0,4771.0,13358.0,2384.0,4017.0,20713.0,2881.0,1922.0,2424.0,3714.0,2229.0,6059.0,4276.0,5632.0,2167.0,6153.0,253.0,2.0,21.0,37.0,3.0,58.0,5.0,77.0,1628.0,338.0,9760.0,1108.0,1584.0,202.0,353.0,3021.0,700.0,1644.0,2404.0,7224.0,2719.0,1037.0,724.0,6135.0,4301.0,1692.0,5575.0,514.0,2734.0,75.0
2026-08-15T21:00Z,193.0,346.0,372.0,9576.0,17579.0,2661.0,167.0,22283.0,2869.0,8020.0,27498.0,2527.0,14592.0,6889.0,2835.0,1137.0,1428.0,314.0,3724.0,1147.0,2068.0,1908.0,3026.0,12831.0,6366.0,13051.0,22658.0,14516.0,32568.0,1861.0,1021.0,1375.0,515.0,561.0,1169.0,1364.0,358.0,869.0,7096.0,3498.0,1947.0,20825.0,7185.0,9368.0,4888.0,13313.0,2510.0,4061.0,21045.0,2992.0,1931.0,2489.0,3922.0,2278.0,6192.0,4358.0,5794.0,2210.0,6475.0,262.0,2.0,23.0,37.0,3.0,59.0,7.0,76.0,1713.0,345.0,9976.0,1134.0,1604.0,204.0,358.0,3090.0,712.0,1655.0,2428.0,7382.0,2740.0,1065.0,743.0,6238.0,4324.0,1731.0,5755.0,498.0,2792.0,73.0
2026-08-15T22:00Z,205.0,338.0,371.0,9747.0,16889.0,2604.0,167.0,22320.0,2917.0,7911.0,27753.0,2484.0,14645.0,6887.0,2865.0,1261.0,1500.0,434.0,3928.0,1195.0,2138.0,2016.0,3097.0,13222.0,6597.0,13081.0,22888.0,14724.0,32725.0,1940.0,1086.0,1502.0,520.0,643.0,1311.0,1464.0,374.0,902.0,7138.0,3634.0,2062.0,20975.0,7291.0,9506.0,4957.0,13358.0,2537.0,4058.0,21142.0,3066.0,1937.0,2519.0,4100.0,2300.0,6219.0,4412.0,5903.0,2223.0,6759.0,265.0,2.0,23.0,37.0,3.0,60.0,4.0,75.0,1796.0,349.0,10109.0,1151.0,1608.0,203.0,360.0,3108.0,708.0,1662.0,2473.0,7477.0,2749.0,1081.0,752.0,6273.0,4361.0,1762.0,5880.0,472.0,2805.0,71.0
2026-08-15T23:00Z,209.0,336.0,375.0,10248.0,17104.0,2765.0,198.0,22153.0,2924.0,7893.0,27869.0,2448.0,14662.0,6768.0,2907.0,1356.0,1512.0,569.0,4011.0,1178.0,2147.0,2083.0,3081.0,13446.0,6812.0,13018.0,22752.0,14797.0,32742.0,2006.0,1180.0,1730.0,541.0,792.0,1478.0,1517.0,366.0,905.0,7104.0,3625.0,2074.0,20776.0,7220.0,9372.0,4903.0,13549.0,2512.0,4071.0,21003.0,3079.0,1908.0,2480.0,4080.0,2272.0,6087.0,4403.0,5934.0,2191.0,6862.0,256.0,2.0,23.0,40.0,3.0,60.0,6.0,79.0,1878.0,357.0,10105.0,1144.0,1610.0,204.0,355.0,3069.0,698.0,1664.0,2469.0,7506.0,2748.0,1085.0,745.0,6264.0,4356.0,1778.0,5900.0,465.0,2806.0,72.0
2026-08-16T00:00Z,215.0,335.0,381.0,11254.0,16872.0,2995.0,200.0,21590.0,2944.0,7843.0,27549.0,2521.0,14793.0,6699.0,2840.0,1375.0,1463.0,623.0,3884.0,1125.0,2066.0,2047.0,3015.0,13403.0,7003.0,12752.0,22324.0,14740.0,32288.0,2006.0,1240.0,1878.0,583.0,896.0,1550.0,1491.0,344.0,868.0,6979.0,3452.0,1982.0,20344.0,7000.0,9257.0,4733.0,13623.0,2449.0,4002.0,20634.0,2969.0,1875.0,2347.0,3824.0,2177.0,5792.0,4285.0,5781.0,2121.0,6702.0,240.0,2.0,23.0,38.0,3.0,59.0,2.0,79.0,1926.0,363.0,9924.0,1112.0,1602.0,205.0,349.0,3030.0,685.0,1634.0,2447.0,7423.0,2649.0,1072.0,724.0,6192.0,4364.0,1758.0,5794.0,480.0,2796.0,73.0
2026-08-16T01:00Z,200.0,327.0,379.0,12223.0,16950.0,3179.0,184.0,20712.0,2928.0,7980.0,26496.0,2509.0,14543.0,6623.0,2760.0,1352.0,1418.0,618.0,3743.0,1093.0,2002.0,2006.0,2957.0,13228.0,6982.0,12470.0,21901.0,14267.0,31153.0,1940.0,1208.0,1859.0,590.0,909.0,1523.0,1435.0,334.0,858.0,6894.0,3307.0,1874.0,20024.0,6805.0,9054.0,4584.0,13623.0,2392.0,3918.0,20210.0,2830.0,1840.0,2291.0,3587.0,2086.0,5549.0,4171.0,5587.0,2081.0,6494.0,228.0,3.0,22.0,38.0,3.0,59.0,19.0,80.0,1935.0,356.0,9510.0,1061.0,1570.0,199.0,341.0,2942.0,675.0,1594.0,2388.0,7214.0,2564.0,1033.0,696.0,6091.0,4333.0,1697.0,5606.0,466.0,2786.0,71.0
2026-08-16T02:00Z,203.0,319.0,375.0,13509.0,16526.0,3146.0,104.0,20008.0,2786.0,8000.0,25379.0,2404.0,13924.0,6438.0,2469.0,1280.0,1331.0,589.0,3535.0,1007.0,1884.0,1898.0,2855.0,13131.0,6846.0,12332.0,21767.0,13876.0,30018.0,1855.0,1153.0,1781.0,596.0,880.0,1459.0,1358.0,316.0,816.0,6817.0,3135.0,1763.0,19561.0,6541.0,8791.0,4379.0,13687.0,2326.0,3852.0,19506.0,2668.0,1795.0,2196.0,3344.0,1974.0,5328.0,4033.0,5333.0,2006.0,6237.0,215.0,2.0,21.0,36.0,2.0,58.0,26.0,79.0,1858.0,345.0,9038.0,1008.0,1533.0,189.0,338.0,2877.0,656.0,1546.0,2327.0,6920.0,2501.0,993.0,665.0,5911.0,4229.0,1618.0,5386.0,446.0,2749.0,68.0
2026-08-16T03:00Z,216.0,315.0,373.0,13718.0,15984.0,3162.0,98.0,19276.0,2664.0,7948.0,24208.0,2319.0,13328.0,6152.0,2452.0,1189.0,1225.0,563.0,3273.0,937.0,1730.0,1771.0,2695.0,12894.0,6581.0,11873.0,20978.0,13411.0,28792.0,1756.0,1083.0,1680.0,588.0,824.0,1362.0,1262.0,295.0,777.0,6649.0,2932.0,1625.0,18654.0,6168.0,8540.0,4096.0,13405.0,2208.0,3662.0,18533.0,2478.0,1707.0,1935.0,3076.0,1840.0,5036.0,3834.0,4993.0,1896.0,5911.0,199.0,2.0,20.0,37.0,3.0,58.0,29.0,79.0,1813.0,336.0,8517.0,954.0,1501.0,178.0,330.0,2788.0,638.0,1486.0,2269.0,6664.0,2442.0,949.0,626.0,5778.0,4142.0,1554.0,5157.0,437.0,2718.0,68.0
2026-08-16T04:00Z,214.0,301.0,368.0,13846.0,15625.0,3106.0,94.0,18344.0,2509.0,8037.0,22941.0,2241.0,12510.0,5853.0,2470.0,1089.0,1128.0,520.0,3000.0,876.0,1595.0,1648.0,2527.0,12450.0,6206.0,11271.0,19901.0,12692.0,27485.0,1659.0,1009.0,1584.0,541.0,767.0,1275.0,1170.0,273.0,731.0,6437.0,2706.0,1481.0,17901.0,5753.0,8088.0,3817.0,12978.0,2083.0,3459.0,17640.0,2254.0,1631.0,1849.0,2807.0,1703.0,4715.0,3631.0,4649.0,1788.0,5558.0,184.0,2.0,18.0,39.0,2.0,57.0,27.0,77.0,1686.0,319.0,7973.0,886.0,1461.0,166.0,316.0,2662.0,605.0,1388.0,2172.0,6326.0,2341.0,900.0,586.0,5655.0,4032.0,1468.0,4838.0,423.0,2656.0,68.0
2026-08-16T05:00Z,210.0,282.0,362.0,13472.0,15175.0,3082.0,90.0,17377.0,2394.0,7973.0,21583.0,2063.0,11653.0,5637.0,2356.0,1022.0,1051.0,496.0,2767.0,876.0,1470.0,1546.0,2383.0,11820.0,5836.0,10679.0,18862.0,12156.0,26049.0,1573.0,945.0,1513.0,529.0,729.0,1205.0,1090.0,253.0,695.0,6228.0,2499.0,1347.0,17077.0,5432.0,7728.0,3593.0,12403.0,1970.0,3257.0,16845.0,2068.0,1564.0,1724.0,2572.0,1598.0,4422.0,3430.0,4345.0,1695.0,5222.0,170.0,2.0,17.0,38.0,2.0,55.0,31.0,75.0,1566.0,298.0,7476.0,815.0,1420.0,154.0,303.0,2517.0,569.0,1299.0,2044.0,6009.0,2222.0,870.0,548.0,5476.0,3930.0,1388.0,4526.0,402.0,2535.0,64.0
2026-08-16T06:00Z,211.0,264.0,355.0,12731.0,14383.0,2919.0,58.0,16447.0,2283.0,7732.0,20444.0,2029.0,10865.0,5326.0,2259.0,976.0,996.0,473.0,2590.0,832.0,1385.0,1462.0,2274.0,11224.0,5518.0,10266.0,18754.0,11645.0,24826.0,1506.0,904.0,1448.0,528.0,692.0,1155.0,1021.0,237.0,657.0,5987.0,2326.0,1247.0,16564.0,5209.0,7375.0,3430.0,11928.0,1880.0,3100.0,16191.0,1932.0,1504.0,1626.0,2381.0,1509.0,4192.0,3255.0,4155.0,1630.0,4930.0,160.0,2.0,15.0,38.0,2.0,55.0,28.0,73.0,1470.0,281.0,7076.0,757.0,1390.0,144.0,293.0,2400.0,531.0,1223.0,1960.0,5723.0,2116.0,836.0,510.0,5296.0,3791.0,1323.0,4248.0,373.0,2393.0,62.0
2026-08-16T07:00Z,204.0,249.0,351.0,12153.0,13401.0,2935.0,51.0,15610.0,2148.0,7657.0,19521.0,1928.0,10186.0,5159.0,2175.0,952.0,962.0,459.0,2468.0,802.0,1323.0,1404.0,2185.0,10742.0,5290.0,9931.0,18571.0,11392.0,23801.0,1452.0,873.0,1402.0,524.0,666.0,1118.0,966.0,223.0,623.0,5793.0,2193.0,1180.0,16091.0,5044.0,7169.0,3318.0,11410.0,1816.0,2971.0,15757.0,1836.0,1446.0,1550.0,2213.0,1450.0,4011.0,3103.0,4010.0,1584.0,4690.0,152.0,2.0,14.0,37.0,2.0,54.0,27.0,73.0,1352.0,270.0,6752.0,717.0,1361.0,135.0,283.0,2278.0,490.0,1156.0,1897.0,5477.0,2024.0,785.0,478.0,5137.0,3705.0,1267.0,4053.0,348.0,2302.0,59.0
2026-08-16T08:00Z,200.0,240.0,346.0,11766.0,12581.0,2848.0,34.0,14923.0,1983.0,7627.0,18599.0,1926.0,9645.0,4976.0,2066.0,937.0,940.0,452.0,2382.0,786.0,1279.0,1376.0,2131.0,10348.0,5123.0,9604.0,18177.0,11031.0,22960.0,1424.0,855.0,1379.0,514.0,654.0,1099.0,932.0,215.0,597.0,5648.0,2120.0,1138.0,15794.0,4927.0,6984.0,3260.0,10897.0,1776.0,2883.0,15501.0,1774.0,1407.0,1394.0,2134.0,1417.0,3881.0,3000.0,3929.0,1555.0,4528.0,146.0,2.0,14.0,38.0,2.0,53.0,25.0,72.0,1271.0,260.0,6482.0,690.0,1339.0,129.0,275.0,2185.0,480.0,1104.0,1831.0,5246.0,1975.0,758.0,455.0,5034.0,3644.0,1218.0,3893.0,329.0,2229.0,58.0
2026-08-16T09:00Z,193.0,234.0,342.0,11186.0,12178.0,2586.0,34.0,14366.0,1897.0,7718.0,17846.0,1950.0,9240.0,4840.0,2085.0,937.0,936.0,450.0,2330.0,779.0,1266.0,1361.0,2094.0,10062.0,4984.0,9515.0,18353.0,10789.0,22285.0,1407.0,846.0,1368.0,511.0,651.0,1094.0,909.0,211.0,583.0,5562.0,2076.0,1115.0,15610.0,4894.0,6930.0,3224.0,10517.0,1753.0,2829.0,15346.0,1743.0,1385.0,1461.0,2056.0,1403.0,3812.0,2963.0,3885.0,1545.0,4422.0,143.0,2.0,12.0,39.0,2.0,52.0,25.0,72.0,1215.0,247.0,6271.0,674.0,1322.0,126.0,271.0,2145.0,470.0,1051.0,1785.0,5063.0,1947.0,750.0,439.0,4995.0,3601.0,1187.0,3802.0,317.0,2298.0,56.0
2026-08-16T10:00Z,193.0,232.0,342.0,10892.0,11375.0,2509.0,34.0,13957.0,1871.0,7624.0,17282.0,2006.0,9023.0,4731.0,2039.0,954.0,948.0,462.0,2323.0,746.0,1291.0,1354.0,2082.0,9922.0,4908.0,9468.0,18391.0,10641.0,21843.0,1421.0,846.0,1370.0,509.0,657.0,1107.0,902.0,207.0,577.0,5537.0,2051.0,1115.0,15669.0,4920.0,6906.0,3230.0,10374.0,1756.0,2792.0,15344.0,1745.0,1359.0,1433.0,2041.0,1425.0,3801.0,2981.0,3916.0,1559.0,4375.0,142.0,3.0,12.0,36.0,2.0,52.0,25.0,70.0,1182.0,242.0,6092.0,663.0,1309.0,123.0,269.0,2115.0,458.0,1046.0,1768.0,4939.0,1928.0,736.0,426.0,4942.0,3588.0,1164.0,3734.0,311.0,2267.0,57.0
2026-08-16T11:00Z,189.0,230.0,343.0,10529.0,11184.0,2433.0,33.0,13750.0,1870.0,7540.0,16788.0,1988.0,8896.0,4644.0,1975.0,957.0,973.0,458.0,2329.0,626.0,1275.0,1358.0,2105.0,9905.0,4872.0,9560.0,18437.0,10600.0,21568.0,1419.0,847.0,1368.0,504.0,653.0,1099.0,895.0,206.0,569.0,5568.0,2038.0,1111.0,15724.0,4974.0,7006.0,3274.0,10368.0,1782.0,2812.0,15468.0,1761.0,1374.0,1439.0,2035.0,1459.0,3829.0,3063.0,3993.0,1583.0,4293.0,140.0,2.0,12.0,40.0,2.0,51.0,24.0,70.0,1144.0,242.0,5963.0,662.0,1300.0,123.0,269.0,2109.0,459.0,1038.0,1756.0,4875.0,1929.0,728.0,415.0,4903.0,3592.0,1149.0,3709.0,309.0,2253.0,58.0
2026-08-16T12:00Z,196.0,233.0,343.0,10317.0,11110.0,2324.0,34.0,13601.0,1824.0,7541.0,16398.0,1889.0,8863.0,4635.0,1952.0,958.0,1018.0,423.0,2373.0,651.0,1299.0,1374.0,2177.0,9873.0,4840.0,9658.0,18068.0,10510.0,21376.0,1411.0,824.0,1314.0,499.0,579.0,1031.0,898.0,214.0,581.0,5744.0,2105.0,1151.0,15989.0,5069.0,7083.0,3348.0,10431.0,1812.0,2876.0,15750.0,1854.0,1412.0,1460.0,2056.0,1520.0,4004.0,3142.0,4148.0,1636.0,4313.0,143.0,2.0,12.0,36.0,2.0,51.0,25.0,70.0,1134.0,239.0,5861.0,664.0,1291.0,123.0,266.0,2113.0,456.0,1051.0,1755.0,4830.0,1936.0,725.0,410.0,4874.0,3576.0,1138.0,3699.0,311.0,2128.0,57.0
2026-08-16T13:00Z,179.0,236.0,345.0,10316.0,10729.0,2274.0,35.0,13561.0,1791.0,7522.0,16156.0,1865.0,8863.0,4582.0,1928.0,942.0,1070.0,349.0,2424.0,681.0,1339.0,1382.0,2266.0,10018.0,4874.0,9961.0,18911.0,10455.0,21489.0,1435.0,783.0,1173.0,516.0,518.0,920.0,878.0,227.0,604.0,5980.0,2248.0,1244.0,16577.0,5274.0,7512.0,3509.0,10700.0,1933.0,3127.0,16394.0,1992.0,1468.0,1540.0,2212.0,1607.0,4283.0,3242.0,4385.0,1724.0,4462.0,153.0,2.0,12.0,38.0,2.0,51.0,25.0,68.0,1128.0,242.0,5951.0,682.0,1300.0,126.0,267.0,2149.0,462.0,1060.0,1756.0,4831.0,1959.0,725.0,421.0,4846.0,3621.0,1141.0,3711.0,319.0,2130.0,58.0
2026-08-16T14:00Z,194.0,254.0,348.0,10364.0,10667.0,2271.0,52.0,14526.0,1860.0,7402.0,17149.0,1941.0,9217.0,4799.0,2009.0,924.0,1103.0,259.0,2476.0,741.0,1396.0,1381.0,2358.0,10336.0,5014.0,10398.0,20009.0,10915.0,22916.0,1499.0,756.0,1112.0,501.0,465.0,872.0,860.0,236.0,640.0,6275.0,2432.0,1359.0,17336.0,5512.0,7997.0,3648.0,11143.0,2085.0,3394.0,17007.0,2091.0,1549.0,1763.0,2391.0,1691.0,4529.0,3393.0,4609.0,1799.0,4709.0,166.0,2.0,13.0,38.0,1.0,51.0,7.0,68.0,1129.0,245.0,6423.0,750.0,1340.0,134.0,274.0,2233.0,477.0,1098.0,1790.0,5093.0,1991.0,745.0,463.0,4881.0,3715.0,1215.0,3857.0,330.0,2185.0,60.0
2026-08-16T15:00Z,212.0,274.0,351.0,10559.0,11103.0,2618.0,142.0,15753.0,2032.0,7415.0,18653.0,2012.0,9996.0,5206.0,2170.0,912.0,1125.0,189.0,2587.0,806.0,1450.0,1395.0,2448.0,10776.0,5144.0,10931.0,20409.0,11375.0,24835.0,1580.0,799.0,1141.0,486.0,458.0,853.0,876.0,248.0,680.0,6538.0,2602.0,1453.0,18264.0,5732.0,8666.0,3799.0,11677.0,2259.0,3643.0,17488.0,2222.0,1599.0,1933.0,2716.0,1744.0,4673.0,3496.0,4787.0,1871.0,5086.0,184.0,2.0,14.0,40.0,2.0,52.0,,70.0,1187.0,258.0,7056.0,826.0,1377.0,139.0,278.0,2292.0,489.0,1150.0,1854.0,5521.0,2039.0,775.0,518.0,5017.0,3815.0,1310.0,4111.0,339.0,2250.0,61.0
2026-08-16T16:00Z,208.0,292.0,357.0,10868.0,13771.0,3220.0,230.0,16982.0,2202.0,7658.0,20192.0,2139.0,10785.0,5550.0,2267.0,918.0,1160.0,153.0,2713.0,869.0,1534.0,1439.0,2537.0,11228.0,5406.0,11583.0,21210.0,11715.0,26818.0,1669.0,924.0,1204.0,500.0,481.0,833.0,968.0,285.0,737.0,6754.0,2748.0,1473.0,19179.0,5940.0,9399.0,3834.0,12442.0,2394.0,3824.0,18018.0,2348.0,1698.0,2109.0,3116.0,1771.0,4754.0,3531.0,4889.0,1931.0,5431.0,198.0,2.0,15.0,37.0,2.0,53.0,,70.0,1256.0,271.0,7733.0,898.0,1425.0,149.0,289.0,2403.0,512.0,1229.0,1928.0,5937.0,2109.0,818.0,577.0,5169.0,3958.0,1399.0,4456.0,354.0,2314.0,62.0
2026-08-16T17:00Z,206.0,316.0,363.0,10694.0,15196.0,3673.0,242.0,18260.0,2407.0,7776.0,21805.0,2311.0,11628.0,5895.0,2391.0,937.0,1201.0,155.0,2973.0,903.0,1660.0,1493.0,2653.0,11655.0,5708.0,12259.0,22110.0,12078.0,28716.0,1771.0,1004.0,1382.0,507.0,511.0,899.0,1148.0,305.0,769.0,6916.0,2907.0,1542.0,20126.0,6171.0,9859.0,3876.0,13311.0,2401.0,4091.0,18272.0,2385.0,1785.0,2260.0,3286.0,1772.0,4822.0,3594.0,4903.0,1986.0,5779.0,212.0,2.0,17.0,38.0,2.0,55.0,,71.0,1338.0,288.0,8393.0,971.0,1479.0,159.0,306.0,2560.0,534.0,1341.0,2034.0,6337.0,2186.0,861.0,633.0,5350.0,4087.0,1482.0,4822.0,382.0,2418.0,64.0
2026-08-16T18:00Z,213.0,335.0,371.0,10313.0,17139.0,3566.0,252.0,19446.0,2552.0,7916.0,23474.0,2465.0,12453.0,6226.0,2526.0,965.0,1250.0,206.0,3265.0,921.0,1719.0,1578.0,2777.0,11992.0,5925.0,12968.0,23004.0,12572.0,29967.0,1846.0,1112.0,1640.0,510.0,577.0,1009.0,1309.0,335.0,812.0,6921.0,3107.0,1560.0,20580.0,6400.0,9926.0,3854.0,14087.0,2440.0,4284.0,18608.0,2414.0,1880.0,2384.0,3322.0,1760.0,4872.0,3492.0,4867.0,2038.0,5858.0,217.0,2.0,18.0,38.0,2.0,56.0,,73.0,1455.0,307.0,9013.0,1033.0,1524.0,170.0,324.0,2735.0,565.0,1419.0,2121.0,6723.0,2285.0,891.0,676.0,5549.0,4182.0,1568.0,5125.0,418.0,2544.0,68.0
2026-08-16T19:00Z,218.0,353.0,378.0,10041.0,17963.0,3208.0,240.0,20445.0,2727.0,8032.0,25007.0,2572.0,13262.0,6417.0,2617.0,1022.0,1324.0,319.0,3459.0,992.0,1840.0,1761.0,2898.0,12164.0,6272.0,13445.0,23758.0,13192.0,31143.0,1965.0,1220.0,1760.0,511.0,675.0,1081.0,1377.0,345.0,812.0,6845.0,3259.0,1546.0,20803.0,6671.0,9905.0,3783.0,14735.0,2573.0,4453.0,19053.0,2408.0,2012.0,2394.0,3255.0,1750.0,4889.0,3451.0,4830.0,2071.0,5822.0,212.0,3.0,20.0,37.0,2.0,58.0,,74.0,1571.0,329.0,9551.0,1089.0,1559.0,185.0,339.0,2916.0,588.0,1518.0,2171.0,7031.0,2337.0,928.0,715.0,5754.0,4249.0,1645.0,5411.0,463.0,2700.0,70.0
2026-08-16T20:00Z,213.0,367.0,382.0,9566.0,18416.0,2948.0,172.0,21161.0,2878.0,7979.0,26182.0,2658.0,13969.0,6616.0,2720.0,1105.0,1425.0,379.0,3641.0,1027.0,1998.0,1917.0,3062.0,12303.0,6430.0,13880.0,24513.0,13645.0,31877.0,2037.0,1258.0,1825.0,521.0,765.0,1240.0,1385.0,343.0,804.0,6787.0,3322.0,1575.0,21237.0,6804.0,9870.0,3784.0,15152.0,2706.0,4585.0,19659.0,2392.0,2039.0,2435.0,3169.0,1746.0,4826.0,3507.0,4828.0,2115.0,5704.0,206.0,2.0,21.0,37.0,2.0,59.0,,76.0,1693.0,346.0,9936.0,1131.0,1575.0,199.0,353.0,3055.0,601.0,1606.0,2227.0,7264.0,2418.0,952.0,737.0,5907.0,4308.0,1695.0,5603.0,503.0,2831.0,74.0
2026-08-16T21:00Z,217.0,373.0,388.0,9653.0,17753.0,2543.0,169.0,21648.0,2951.0,7754.0,27108.0,2722.0,14573.0,6697.0,2795.0,1227.0,1518.0,496.0,3807.0,1076.0,2113.0,2011.0,3160.0,12463.0,6565.0,14201.0,25138.0,13994.0,32493.0,2116.0,1365.0,1886.0,544.0,871.0,1495.0,1369.0,328.0,788.0,6771.0,3361.0,1586.0,21624.0,6720.0,9950.0,3859.0,15645.0,2776.0,4576.0,20377.0,2429.0,1845.0,2586.0,3194.0,1776.0,4787.0,3625.0,4885.0,2156.0,5662.0,202.0,2.0,23.0,38.0,3.0,60.0,3.0,77.0,1794.0,355.0,10156.0,1162.0,1591.0,209.0,358.0,3144.0,625.0,1667.0,2265.0,7445.0,2484.0,970.0,751.0,6031.0,4364.0,1729.0,5706.0,535.0,2867.0,76.0
2026-08-16T22:00Z,220.0,362.0,386.0,10509.0,17676.0,2465.0,169.0,21920.0,2963.0,7594.0,27781.0,2548.0,15047.0,6785.0,2860.0,1343.0,1584.0,604.0,3888.0,1106.0,2214.0,2132.0,3234.0,12870.0,6632.0,14231.0,25671.0,14263.0,32705.0,2191.0,1445.0,1922.0,559.0,928.0,1623.0,1364.0,324.0,816.0,6771.0,3347.0,1596.0,21783.0,6595.0,10118.0,3939.0,15913.0,2785.0,4662.0,21073.0,2489.0,1792.0,2623.0,3154.0,1810.0,4789.0,3698.0,4939.0,2143.0,5685.0,200.0,2.0,23.0,37.0,3.0,60.0,3.0,79.0,1872.0,353.0,10258.0,1182.0,1610.0,215.0,356.0,3142.0,652.0,1698.0,2308.0,7547.0,2537.0,982.0,766.0,6123.0,4428.0,1755.0,5797.0,548.0,2900.0,78.0
2026-08-16T23:00Z,225.0,359.0,381.0,11355.0,18440.0,2584.0,191.0,21904.0,3005.0,7606.0,28025.0,2519.0,15302.0,6809.0,2848.0,1409.0,1591.0,673.0,3899.0,1131.0,2238.0,2163.0,3250.0,13274.0,6779.0,13951.0,25903.0,14463.0,32592.0,2197.0,1461.0,1924.0,540.0,953.0,1627.0,1347.0,314.0,797.0,6718.0,3291.0,1571.0,21601.0,6518.0,10049.0,4027.0,16108.0,2726.0,4619.0,21152.0,2461.0,1752.0,2559.0,3078.0,1809.0,4736.0,3898.0,4931.0,2083.0,5613.0,199.0,2.0,22.0,37.0,3.0,61.0,12.0,80.0,1914.0,351.0,10235.0,1178.0,1618.0,217.0,353.0,3140.0,669.0,1711.0,2341.0,7559.0,2574.0,996.0,755.0,6151.0,4461.0,1764.0,5812.0,584.0,2983.0,78.0
2026-08-17T00:00Z,220.0,357.0,381.0,12411.0,18292.0,2839.0,190.0,21425.0,2978.0,7588.0,27764.0,2495.0,15327.0,6772.0,2858.0,1423.0,1571.0,704.0,3865.0,1092.0,2176.0,2141.0,3211.0,13512.0,6856.0,13495.0,25366.0,14362.0,31831.0,2185.0,1453.0,1948.0,575.0,951.0,1609.0,1341.0,310.0,795.0,6648.0,3236.0,1542.0,21194.0,6378.0,9899.0,4076.0,16014.0,2652.0,4452.0,20892.0,2444.0,1716.0,2430.0,3011.0,1803.0,4672.0,3957.0,4901.0,2037.0,5597.0,198.0,2.0,23.0,37.0,3.0,60.0,15.0,80.0,1890.0,348.0,10027.0,1146.0,1602.0,211.0,348.0,3094.0,666.0,1674.0,2358.0,7424.0,2558.0,995.0,706.0,6119.0,4444.0,1744.0,5705.0,602.0,3026.0,77.0
2026-08-17T01:00Z,209.0,346.0,383.0,13577.0,18389.0,3266.0,175.0,20601.0,2887.0,7735.0,26701.0,2561.0,14981.0,6750.0,2751.0,1403.0,1549.0,692.0,3809.0,1082.0,2136.0,2130.0,3181.0,13425.0,6834.0,12979.0,24391.0,13879.0,30997.0,2171.0,1448.0,1943.0,559.0,941.0,1589.0,1320.0,304.0,793.0,6578.0,3174.0,1536.0,20500.0,6324.0,9750.0,4146.0,15626.0,2575.0,4262.0,20406.0,2425.0,1699.0,2275.0,2985.0,1801.0,4663.0,3957.0,4876.0,2034.0,5575.0,194.0,2.0,22.0,37.0,3.0,59.0,19.0,80.0,1871.0,340.0,9628.0,1089.0,1565.0,198.0,334.0,2974.0,645.0,1611.0,2340.0,7149.0,2493.0,968.0,681.0,6028.0,4377.0,1674.0,5506.0,583.0,2986.0,76.0
2026-08-17T02:00Z,214.0,332.0,381.0,14729.0,17888.0,3501.0,134.0,19798.0,2727.0,7639.0,25186.0,2304.0,14254.0,6585.0,2625.0,1315.0,1463.0,661.0,3623.0,1008.0,2030.0,2023.0,3097.0,13065.0,6688.0,12594.0,23560.0,13414.0,30114.0,2119.0,1397.0,1885.0,554.0,895.0,1520.0,1263.0,294.0,759.0,6459.0,3027.0,1495.0,19879.0,6144.0,9543.0,4053.0,15290.0,2500.0,4078.0,19522.0,2341.0,1683.0,2125.0,2825.0,1749.0,4559.0,3847.0,4730.0,1969.0,5451.0,188.0,2.0,21.0,36.0,3.0,58.0,27.0,80.0,1802.0,332.0,9153.0,1037.0,1524.0,190.0,327.0,2863.0,613.0,1532.0,2263.0,6891.0,2403.0,930.0,659.0,5915.0,4244.0,1609.0,5244.0,551.0,2912.0,74.0
2026-08-17T03:00Z,218.0,320.0,376.0,14767.0,17152.0,3478.0,97.0,19020.0,2626.0,7616.0,23726.0,2325.0,13504.0,6437.0,2505.0,1208.0,1352.0,629.0,3353.0,864.0,1851.0,1902.0,2962.0,12656.0,6362.0,11943.0,22199.0,12791.0,28756.0,2018.0,1309.0,1779.0,561.0,835.0,1427.0,1200.0,277.0,715.0,6217.0,2848.0,1428.0,18983.0,5830.0,9048.0,3841.0,14549.0,2371.0,3776.0,18611.0,2213.0,1618.0,1952.0,2689.0,1667.0,4370.0,3630.0,4494.0,1887.0,5238.0,178.0,2.0,21.0,37.0,3.0,57.0,30.0,78.0,1795.0,325.0,8612.0,979.0,1496.0,178.0,318.0,2743.0,589.0,1442.0,2170.0,6626.0,2301.0,897.0,634.0,5746.0,4125.0,1534.0,4972.0,526.0,2855.0,72.0
2026-08-17T04:00Z,214.0,302.0,370.0,14852.0,16668.0,3385.0,94.0,17908.0,2437.0,7921.0,21970.0,2253.0,12675.0,6090.0,2360.0,1129.0,1251.0,584.0,3091.0,882.0,1730.0,1779.0,2799.0,11805.0,5926.0,11103.0,20686.0,11925.0,27208.0,1936.0,1223.0,1696.0,551.0,786.0,1345.0,1124.0,261.0,677.0,6013.0,2642.0,1339.0,18108.0,5495.0,8455.0,3601.0,13516.0,2235.0,3512.0,17559.0,2059.0,1536.0,1792.0,2514.0,1586.0,4101.0,3408.0,4288.0,1800.0,4988.0,166.0,3.0,18.0,36.0,3.0,55.0,28.0,76.0,1688.0,310.0,8015.0,910.0,1464.0,162.0,298.0,2565.0,545.0,1318.0,2037.0,6274.0,2153.0,854.0,598.0,5503.0,3966.0,1436.0,4601.0,489.0,2749.0,70.0
2026-08-17T05:00Z,209.0,277.0,362.0,14295.0,16196.0,3328.0,68.0,16848.0,2284.0,7911.0,20259.0,1991.0,11753.0,5633.0,2278.0,1069.0,1183.0,564.0,2899.0,876.0,1612.0,1681.0,2658.0,10941.0,5533.0,10590.0,20160.0,11560.0,25667.0,1860.0,1158.0,1636.0,581.0,753.0,1290.0,1068.0,249.0,657.0,5839.0,2474.0,1260.0,17367.0,5272.0,8188.0,3383.0,12418.0,2104.0,3288.0,16847.0,1936.0,1470.0,1629.0,2365.0,1522.0,3907.0,3204.0,4106.0,1742.0,4761.0,157.0,2.0,17.0,40.0,2.0,54.0,31.0,74.0,1544.0,291.0,7466.0,842.0,1421.0,147.0,278.0,2370.0,501.0,1209.0,1894.0,5906.0,2010.0,815.0,560.0,5295.0,3819.0,1345.0,4233.0,446.0,2576.0,66.0
2026-08-17T06:00Z,198.0,255.0,356.0,13284.0,15077.0,3078.0,64.0,15783.0,2118.0,7832.0,18803.0,1969.0,11002.0,5311.0,2191.0,1038.0,1136.0,536.0,2759.0,757.0,1534.0,1608.0,2539.0,10382.0,5195.0,10123.0,19982.0,10986.0,24477.0,1803.0,1107.0,1574.0,561.0,732.0,1256.0,1022.0,238.0,631.0,5701.0,2332.0,1205.0,16749.0,5150.0,7861.0,3235.0,11555.0,2006.0,3097.0,16235.0,1856.0,1448.0,1514.0,2248.0,1478.0,3767.0,3079.0,4000.0,1693.0,4589.0,151.0,2.0,16.0,40.0,2.0,53.0,28.0,71.0,1416.0,276.0,6994.0,777.0,1380.0,133.0,261.0,2206.0,465.0,1125.0,1816.0,5576.0,1900.0,787.0,521.0,5148.0,3705.0,1274.0,3942.0,400.0,2425.0,63.0
2026-08-17T07:00Z,193.0,242.0,350.0,12399.0,13891.0,2864.0,42.0,14941.0,2021.0,7796.0,17503.0,1920.0,10331.0,5096.0,2118.0,1020.0,1108.0,534.0,2676.0,805.0,1483.0,1569.0,2477.0,9960.0,4967.0,9900.0,19252.0,10597.0,23351.0,1768.0,1077.0,1562.0,539.0,719.0,1233.0,990.0,227.0,607.0,5578.0,2240.0,1177.0,16371.0,5064.0,7675.0,3155.0,10854.0,1946.0,2959.0,15842.0,1805.0,1416.0,1444.0,2156.0,1443.0,3683.0,3009.0,3934.0,1670.0,4473.0,147.0,2.0,15.0,39.0,2.0,53.0,27.0,71.0,1332.0,264.0,6628.0,731.0,1354.0,123.0,249.0,2073.0,442.0,1060.0,1754.0,5322.0,1826.0,758.0,486.0,5041.0,3659.0,1220.0,3744.0,364.0,2312.0,60.0
2026-08-17T08:00Z,189.0,231.0,346.0,12051.0,12953.0,2915.0,26.0,14352.0,1921.0,7707.0,16664.0,1829.0,9821.0,4909.0,1999.0,1024.0,1098.0,524.0,2631.0,765.0,1446.0,1553.0,2443.0,9677.0,4804.0,9768.0,18821.0,10318.0,22619.0,1751.0,1064.0,1551.0,539.0,711.0,1220.0,975.0,220.0,590.0,5522.0,2194.0,1174.0,16190.0,5017.0,7501.0,3138.0,10335.0,1905.0,2877.0,15762.0,1787.0,1399.0,1339.0,2157.0,1440.0,3654.0,2974.0,3932.0,1659.0,4433.0,147.0,2.0,13.0,39.0,2.0,53.0,26.0,70.0,1270.0,255.0,6338.0,691.0,1319.0,114.0,240.0,1975.0,430.0,992.0,1713.0,5148.0,1789.0,763.0,459.0,4939.0,3601.0,1175.0,3589.0,339.0,2239.0,62.0
2026-08-17T09:00Z,185.0,228.0,344.0,11487.0,12145.0,2690.0,28.0,14037.0,1882.0,7678.0,16177.0,1778.0,9532.0,4803.0,2039.0,1053.0,1120.0,530.0,2664.0,809.0,1461.0,1573.0,2471.0,9529.0,4691.0,9644.0,18707.0,10126.0,22261.0,1755.0,1079.0,1565.0,532.0,724.0,1228.0,976.0,222.0,591.0,5586.0,2203.0,1193.0,16280.0,5114.0,7556.0,3191.0,10091.0,1918.0,2891.0,15823.0,1820.0,1415.0,1278.0,2196.0,1471.0,3706.0,3033.0,4008.0,1713.0,4492.0,149.0,2.0,14.0,37.0,2.0,53.0,25.0,69.0,1229.0,252.0,6120.0,662.0,1302.0,108.0,236.0,1915.0,424.0,956.0,1691.0,5013.0,1769.0,766.0,436.0,4865.0,3577.0,1146.0,3480.0,322.0,2194.0,59.0
2026-08-17T10:00Z,185.0,226.0,344.0,11125.0,11749.0,2621.0,29.0,13951.0,1816.0,7612.0,16071.0,1744.0,9400.0,4678.0,2024.0,1124.0,1191.0,561.0,2813.0,857.0,1561.0,1675.0,2600.0,9631.0,4674.0,9981.0,18512.0,10169.0,22060.0,1769.0,1125.0,1643.0,541.0,759.0,1267.0,1013.0,232.0,622.0,5829.0,2292.0,1238.0,16639.0,5286.0,7830.0,3336.0,10124.0,1999.0,2992.0,16218.0,1929.0,1465.0,1321.0,2299.0,1565.0,3895.0,3244.0,4245.0,1796.0,4696.0,155.0,2.0,13.0,36.0,2.0,53.0,25.0,69.0,1196.0,248.0,6024.0,648.0,1299.0,105.0,242.0,1896.0,427.0,958.0,1719.0,4936.0,1778.0,749.0,424.0,4855.0,3586.0,1130.0,3474.0,315.0,2169.0,60.0
2026-08-17T11:00Z,192.0,230.0,346.0,10860.0,11792.0,2512.0,39.0,14107.0,1846.0,7624.0,16338.0,1753.0,9501.0,4771.0,2017.0,1215.0,1294.0,609.0,3059.0,915.0,1608.0,1803.0,2790.0,10073.0,4787.0,10514.0,19268.0,10224.0,22159.0,1839.0,1183.0,1753.0,550.0,812.0,1343.0,1072.0,249.0,674.0,6260.0,2402.0,1303.0,17463.0,5592.0,8230.0,3529.0,10579.0,2146.0,3189.0,16840.0,2046.0,1529.0,1399.0,2458.0,1690.0,4147.0,3452.0,4596.0,1946.0,4954.0,166.0,2.0,14.0,40.0,2.0,54.0,25.0,68.0,1186.0,244.0,6085.0,666.0,1308.0,106.0,249.0,1925.0,444.0,985.0,1774.0,5008.0,1822.0,759.0,427.0,4903.0,3665.0,1126.0,3597.0,315.0,2168.0,59.0
2026-08-17T12:00Z,193.0,243.0,351.0,10805.0,11540.0,2588.0,32.0,14338.0,1945.0,7756.0,16848.0,1850.0,9757.0,4800.0,2065.0,1303.0,1392.0,646.0,3277.0,908.0,1730.0,1922.0,2924.0,10677.0,4995.0,10976.0,20135.0,10444.0,22699.0,1922.0,1236.0,1837.0,564.0,850.0,1407.0,1130.0,267.0,715.0,6676.0,2566.0,1357.0,18010.0,5919.0,8568.0,3711.0,11083.0,2249.0,3281.0,17351.0,2150.0,1605.0,1424.0,2579.0,1789.0,4415.0,3605.0,4857.0,2060.0,5176.0,178.0,2.0,14.0,42.0,2.0,55.0,26.0,69.0,1197.0,251.0,6266.0,697.0,1321.0,108.0,260.0,2005.0,480.0,1011.0,1880.0,5170.0,1911.0,796.0,442.0,4992.0,3814.0,1150.0,3808.0,327.0,2227.0,61.0
2026-08-17T13:00Z,187.0,264.0,357.0,11168.0,11713.0,2528.0,32.0,14396.0,1941.0,7662.0,16953.0,1965.0,9781.0,4712.0,2057.0,1358.0,1470.0,655.0,3418.0,1040.0,1786.0,2005.0,3004.0,11046.0,5040.0,11219.0,20638.0,10909.0,22882.0,1969.0,1287.0,1845.0,579.0,878.0,1435.0,1185.0,281.0,740.0,7015.0,2715.0,1430.0,18536.0,6167.0,8926.0,3923.0,11642.0,2328.0,3374.0,17841.0,2226.0,1678.0,1450.0,2743.0,1874.0,4638.0,3788.0,5054.0,2177.0,5353.0,193.0,3.0,15.0,40.0,2.0,56.0,27.0,70.0,1240.0,255.0,6411.0,722.0,1323.0,113.0,275.0,2106.0,499.0,1045.0,1933.0,5191.0,2004.0,818.0,457.0,4965.0,3911.0,1183.0,3979.0,344.0,2314.0,62.0
2026-08-17T14:00Z,199.0,287.0,363.0,12005.0,12280.0,2663.0,39.0,15217.0,1982.0,7740.0,17955.0,2065.0,9990.0,4942.0,2127.0,1399.0,1513.0,630.0,3496.0,1021.0,1846.0,2034.0,3059.0,11286.0,4990.0,11485.0,21044.0,11359.0,23802.0,1985.0,1304.0,1857.0,567.0,876.0,1450.0,1208.0,294.0,763.0,7223.0,2826.0,1444.0,19110.0,6481.0,9231.0,4168.0,12147.0,2412.0,3519.0,18519.0,2328.0,1744.0,1512.0,2787.0,1952.0,4844.0,3937.0,5204.0,2229.0,5410.0,202.0,2.0,16.0,41.0,2.0,59.0,13.0,71.0,1263.0,266.0,6670.0,760.0,1358.0,115.0,282.0,2203.0,535.0,1118.0,2018.0,5270.0,2103.0,839.0,482.0,5009.0,4052.0,1185.0,4111.0,367.0,2387.0,66.0
2026-08-17T15:00Z,217.0,306.0,370.0,12769.0,13678.0,3406.0,163.0,16335.0,2177.0,7794.0,19432.0,2160.0,10782.0,5364.0,2217.0,1427.0,1531.0,593.0,3555.0,1035.0,1886.0,2042.0,3079.0,11640.0,5005.0,11929.0,21643.0,11957.0,25486.0,1996.0,1319.0,1837.0,562.0,862.0,1462.0,1217.0,291.0,769.0,7297.0,2916.0,1462.0,19872.0,6720.0,9527.0,4410.0,12691.0,2487.0,3764.0,19618.0,2527.0,1824.0,1611.0,2916.0,2061.0,5072.0,4138.0,5401.0,2279.0,5652.0,210.0,2.0,19.0,41.0,2.0,62.0,,74.0,1293.0,270.0,6937.0,804.0,1372.0,128.0,288.0,2313.0,566.0,1199.0,2113.0,5470.0,2182.0,882.0,518.0,5124.0,4175.0,1231.0,4293.0,389.0,2466.0,66.0
2026-08-17T16:00Z,222.0,321.0,371.0,13009.0,18133.0,3814.0,246.0,17504.0,2363.0,7910.0,21255.0,2305.0,11583.0,5736.0,2311.0,1423.0,1551.0,583.0,3609.0,1027.0,1993.0,2072.0,3177.0,12082.0,5197.0,12392.0,22435.0,12561.0,27273.0,2021.0,1297.0,1849.0,556.0,863.0,1423.0,1189.0,305.0,788.0,7380.0,2946.0,1555.0,20620.0,7107.0,9857.0,4739.0,13145.0,2556.0,3998.0,20709.0,2661.0,1894.0,1746.0,3102.0,2185.0,5280.0,4400.0,5636.0,2331.0,5776.0,215.0,2.0,19.0,40.0,3.0,64.0,,76.0,1339.0,280.0,7220.0,838.0,1422.0,145.0,296.0,2413.0,589.0,1253.0,2199.0,5677.0,2264.0,955.0,578.0,5326.0,4328.0,1280.0,4662.0,411.0,2596.0,73.0
2026-08-17T17:00Z,221.0,340.0,382.0,13051.0,19541.0,3494.0,258.0,18697.0,2558.0,8015.0,23340.0,2438.0,12478.0,6044.0,2393.0,1389.0,1563.0,557.0,3604.0,1063.0,2000.0,2103.0,3240.0,12519.0,5417.0,12953.0,23360.0,13051.0,29105.0,2043.0,1259.0,1797.0,568.0,849.0,1361.0,1188.0,296.0,792.0,7456.0,2984.0,1614.0,21251.0,7403.0,10269.0,4934.0,13559.0,2674.0,4170.0,21711.0,2770.0,1982.0,1893.0,3169.0,2306.0,5574.0,4581.0,5867.0,2382.0,5808.0,218.0,2.0,22.0,40.0,3.0,66.0,,77.0,1397.0,297.0,7496.0,870.0,1476.0,168.0,308.0,2505.0,611.0,1301.0,2283.0,5895.0,2350.0,1029.0,631.0,5530.0,4494.0,1329.0,5061.0,434.0,2737.0,80.0
2026-08-17T18:00Z,227.0,363.0,389.0,12948.0,19839.0,3563.0,261.0,19862.0,2768.0,8146.0,25393.0,2592.0,13359.0,6362.0,2595.0,1375.0,1573.0,535.0,3630.0,1066.0,2034.0,2109.0,3282.0,12954.0,5632.0,13216.0,24132.0,13472.0,30440.0,2058.0,1279.0,1796.0,576.0,812.0,1334.0,1201.0,306.0,803.0,7586.0,3085.0,1688.0,21866.0,7687.0,10607.0,5172.0,14023.0,2769.0,4229.0,22627.0,2932.0,2037.0,2077.0,3328.0,2404.0,5917.0,4767.0,6163.0,2415.0,5987.0,225.0,2.0,24.0,41.0,3.0,68.0,1.0,80.0,1481.0,315.0,8006.0,935.0,1461.0,182.0,355.0,2525.0,616.0,1441.0,2413.0,5940.0,2649.0,1079.0,664.0,5573.0,4727.0,1340.0,5325.0,519.0,2815.0,85.0
2026-08-17T19:00Z,223.0,384.0,397.0,12924.0,20355.0,3211.0,253.0,20876.0,2934.0,8152.0,27139.0,2732.0,14136.0,6651.0,2695.0,1358.0,1565.0,526.0,3715.0,1051.0,2050.0,2110.0,3321.0,13431.0,5805.0,13465.0,24774.0,13848.0,31316.0,2064.0,1300.0,1824.0,569.0,767.0,1336.0,1245.0,315.0,821.0,7756.0,3108.0,1777.0,22306.0,7716.0,10791.0,5418.0,14468.0,2829.0,4312.0,23197.0,3073.0,2064.0,2209.0,3562.0,2494.0,6215.0,4953.0,6374.0,2427.0,6348.0,235.0,2.0,26.0,36.0,3.0,69.0,2.0,82.0,1583.0,322.0,8810.0,962.0,1394.0,176.0,397.0,2738.0,639.0,1567.0,2577.0,6123.0,2670.0,1052.0,647.0,5927.0,4755.0,1439.0,5209.0,577.0,2927.0,86.0
2026-08-17T20:00Z,226.0,397.0,405.0,12610.0,19880.0,3079.0,201.0,21497.0,3005.0,7837.0,28356.0,2569.0,14777.0,6893.0,2792.0,1351.0,1565.0,528.0,3770.0,1078.0,2070.0,2154.0,3379.0,13820.0,5940.0,13804.0,25206.0,14056.0,31419.0,2064.0,1311.0,1839.0,560.0,805.0,1409.0,1418.0,326.0,843.0,7950.0,3099.0,1931.0,22452.0,7702.0,10860.0,5674.0,14762.0,2812.0,4391.0,23637.0,3189.0,2129.0,2217.0,3901.0,2559.0,6505.0,5188.0,6523.0,2391.0,6731.0,246.0,2.0,26.0,35.0,3.0,70.0,1.0,83.0,1682.0,340.0,8964.0,950.0,1405.0,183.0,352.0,2978.0,715.0,1620.0,2587.0,6790.0,2706.0,1066.0,639.0,6026.0,4733.0,1577.0,5335.0,584.0,3096.0,80.0
2026-08-17T21:00Z,235.0,406.0,406.0,12535.0,19864.0,3351.0,161.0,21853.0,3077.0,7387.0,29004.0,2412.0,14781.0,6864.0,2887.0,1377.0,1584.0,580.0,3874.0,1100.0,2113.0,2195.0,3407.0,14222.0,6052.0,13919.0,25479.0,14192.0,31654.0,2080.0,1335.0,1873.0,538.0,859.0,1504.0,1574.0,359.0,872.0,8164.0,3179.0,2107.0,22294.0,7750.0,10920.0,5756.0,15041.0,2840.0,4272.0,23787.0,3332.0,2181.0,2314.0,4228.0,2577.0,6744.0,5297.0,6574.0,2402.0,7147.0,262.0,2.0,28.0,36.0,3.0,71.0,2.0,85.0,1789.0,353.0,9224.0,963.0,1444.0,194.0,362.0,3080.0,737.0,1690.0,2647.0,7016.0,2784.0,1087.0,640.0,6148.0,4800.0,1632.0,5528.0,614.0,3217.0,81.0
2026-08-17T22:00Z,233.0,410.0,406.0,12486.0,19818.0,3138.0,162.0,22360.0,3119.0,7377.0,29281.0,2457.0,14900.0,6763.0,2871.0,1429.0,1645.0,680.0,4011.0,1104.0,2177.0,2262.0,3430.0,14630.0,6200.0,14028.0,25658.0,14302.0,31901.0,2123.0,1385.0,1988.0,541.0,921.0,1640.0,1631.0,386.0,910.0,8288.0,3287.0,2281.0,22134.0,7613.0,10815.0,5654.0,15244.0,2837.0,4161.0,23968.0,3434.0,2171.0,2385.0,4505.0,2571.0,6820.0,5334.0,6577.0,2412.0,7577.0,272.0,2.0,30.0,42.0,3.0,69.0,11.0,84.0,1868.0,359.0,9400.0,964.0,1472.0,199.0,362.0,3140.0,757.0,1691.0,2701.0,7139.0,2854.0,1103.0,632.0,6220.0,4816.0,1690.0,5678.0,651.0,3346.0,83.0
2026-08-17T23:00Z,236.0,413.0,402.0,13555.0,20517.0,3123.0,164.0,22286.0,3095.0,7387.0,29295.0,2460.0,15090.0,6585.0,2808.0,1450.0,1672.0,730.0,4028.0,1099.0,2172.0,2254.0,3358.0,14852.0,6329.0,13890.0,25597.0,14363.0,31861.0,2158.0,1462.0,2135.0,573.0,1006.0,1797.0,1648.0,389.0,904.0,8008.0,3332.0,2309.0,21919.0,7511.0,10687.0,5296.0,15283.0,2806.0,4152.0,23595.0,3409.0,2165.0,2370.0,4429.0,2466.0,6704.0,5126.0,6457.0,2364.0,7562.0,262.0,3.0,29.0,41.0,3.0,67.0,13.0,83.0,1906.0,366.0,9412.0,968.0,1469.0,204.0,359.0,3170.0,761.0,1701.0,2711.0,7143.0,2882.0,1088.0,621.0,6225.0,4824.0,1710.0,5729.0,663.0,3437.0,84.0
2026-08-18T00:00Z,242.0,408.0,398.0,14140.0,20743.0,3256.0,168.0,21666.0,3094.0,7387.0,29032.0,2524.0,15392.0,6516.0,2827.0,1453.0,1651.0,748.0,4007.0,1067.0,2167.0,2243.0,3325.0,14762.0,6456.0,13690.0,25096.0,14190.0,31299.0,2171.0,1501.0,2207.0,602.0,1066.0,1831.0,1646.0,390.0,882.0,7767.0,3300.0,2191.0,21354.0,7325.0,10327.0,5047.0,15030.0,2736.0,4077.0,22878.0,3219.0,2057.0,2195.0,4213.0,2382.0,6445.0,4818.0,6303.0,2295.0,7411.0,254.0,2.0,29.0,42.0,3.0,67.0,28.0,84.0,1916.0,363.0,9256.0,950.0,1460.0,204.0,351.0,3119.0,745.0,1677.0,2718.0,7013.0,2834.0,1081.0,600.0,6203.0,4781.0,1711.0,5670.0,680.0,3442.0,84.0
2026-08-18T01:00Z,219.0,389.0,398.0,15429.0,20340.0,3610.0,159.0,20834.0,3017.0,7463.0,27987.0,2432.0,15113.0,6414.0,2579.0,1433.0,1619.0,733.0,3992.0,1075.0,2149.0,2238.0,3322.0,14320.0,6412.0,13132.0,23952.0,13707.0,30369.0,2114.0,1448.0,2176.0,584.0,1066.0,1814.0,1627.0,364.0,862.0,7639.0,3256.0,2105.0,20907.0,7188.0,9854.0,4946.0,14531.0,2656.0,3971.0,22150.0,3029.0,1962.0,2057.0,4050.0,2321.0,6190.0,4630.0,6180.0,2251.0,7289.0,247.0,2.0,26.0,43.0,3.0,62.0,28.0,83.0,1843.0,360.0,8872.0,906.0,1429.0,191.0,337.0,2958.0,712.0,1595.0,2676.0,6796.0,2748.0,1060.0,572.0,6118.0,4706.0,1648.0,5468.0,670.0,3426.0,85.0
2026-08-18T02:00Z,216.0,368.0,379.0,16360.0,19880.0,3798.0,102.0,20049.0,2867.0,7448.0,26675.0,2224.0,14186.0,6301.0,2577.0,1352.0,1524.0,708.0,3793.0,1017.0,2032.0,2158.0,3203.0,13987.0,6246.0,12560.0,23060.0,13150.0,29360.0,2022.0,1366.0,2071.0,511.0,1011.0,1723.0,1531.0,350.0,827.0,7443.0,3105.0,1973.0,20229.0,6878.0,9402.0,4688.0,14023.0,2537.0,3836.0,21166.0,2836.0,1869.0,2077.0,3808.0,2210.0,5811.0,4391.0,5894.0,2178.0,6965.0,234.0,2.0,24.0,42.0,3.0,60.0,26.0,82.0,1758.0,352.0,8433.0,867.0,1400.0,181.0,332.0,2836.0,678.0,1511.0,2561.0,6516.0,2634.0,1029.0,544.0,6001.0,4634.0,1580.0,5183.0,640.0,3328.0,86.0
2026-08-18T03:00Z,224.0,353.0,384.0,15969.0,18808.0,3627.0,78.0,19436.0,2696.0,7433.0,25328.0,2149.0,13490.0,6133.0,2430.0,1247.0,1405.0,661.0,3497.0,952.0,1869.0,2023.0,3023.0,13630.0,5870.0,11765.0,21527.0,12518.0,28146.0,1897.0,1258.0,1934.0,529.0,940.0,1598.0,1427.0,332.0,783.0,7100.0,2908.0,1818.0,19068.0,6420.0,8821.0,4337.0,13273.0,2349.0,3581.0,19993.0,2631.0,1734.0,1896.0,3463.0,2044.0,5439.0,4111.0,5486.0,2038.0,6545.0,218.0,2.0,24.0,41.0,3.0,59.0,28.0,80.0,1784.0,344.0,7947.0,810.0,1370.0,165.0,322.0,2690.0,652.0,1421.0,2461.0,6227.0,2512.0,1009.0,511.0,5837.0,4483.0,1518.0,4869.0,603.0,3216.0,84.0
2026-08-18T04:00Z,227.0,329.0,386.0,15950.0,17975.0,3518.0,86.0,18653.0,2550.0,7661.0,23751.0,2153.0,12972.0,5889.0,2229.0,1172.0,1293.0,608.0,3201.0,887.0,1742.0,1878.0,2824.0,12781.0,5418.0,10868.0,19940.0,11694.0,26636.0,1780.0,1169.0,1798.0,550.0,868.0,1512.0,1325.0,309.0,732.0,6720.0,2678.0,1662.0,17982.0,5939.0,8191.0,3989.0,12389.0,2158.0,3327.0,18812.0,2394.0,1583.0,1754.0,3190.0,1897.0,5038.0,3809.0,5108.0,1912.0,6115.0,201.0,2.0,21.0,42.0,3.0,58.0,27.0,78.0,1751.0,324.0,7373.0,736.0,1342.0,148.0,300.0,2480.0,603.0,1287.0,2286.0,5857.0,2373.0,974.0,468.0,5612.0,4228.0,1418.0,4477.0,564.0,3059.0,81.0
2026-08-18T05:00Z,222.0,298.0,374.0,15242.0,17219.0,3428.0,73.0,17595.0,2334.0,7884.0,21968.0,2076.0,12160.0,5507.0,2089.0,1126.0,1217.0,572.0,2979.0,818.0,1626.0,1779.0,2672.0,11834.0,4998.0,10079.0,18959.0,10934.0,25188.0,1733.0,1095.0,1689.0,553.0,816.0,1387.0,1244.0,295.0,700.0,6404.0,2485.0,1539.0,17042.0,5584.0,7663.0,3692.0,11497.0,2011.0,3079.0,17983.0,2225.0,1492.0,1592.0,2899.0,1770.0,4729.0,3535.0,4790.0,1814.0,5727.0,188.0,2.0,19.0,40.0,3.0,57.0,30.0,77.0,1627.0,299.0,6866.0,663.0,1309.0,133.0,281.0,2292.0,554.0,1165.0,2136.0,5485.0,2236.0,924.0,428.0,5405.0,4041.0,1326.0,4123.0,506.0,2842.0,74.0
2026-08-18T06:00Z,208.0,271.0,362.0,14093.0,16053.0,3154.0,60.0,16720.0,2206.0,7862.0,20518.0,1976.0,11316.0,5217.0,2030.0,1078.0,1165.0,550.0,2826.0,798.0,1546.0,1702.0,2557.0,11143.0,4707.0,9590.0,18717.0,10748.0,24055.0,1617.0,1033.0,1603.0,556.0,780.0,1331.0,1183.0,282.0,667.0,6152.0,2326.0,1431.0,16468.0,5370.0,7300.0,3465.0,10819.0,1898.0,2918.0,17216.0,2097.0,1427.0,1493.0,2740.0,1693.0,4497.0,3321.0,4575.0,1742.0,5422.0,177.0,2.0,17.0,42.0,2.0,56.0,27.0,73.0,1493.0,280.0,6454.0,612.0,1280.0,120.0,264.0,2146.0,518.0,1075.0,2027.0,5189.0,2129.0,884.0,392.0,5244.0,3915.0,1250.0,3850.0,448.0,2645.0,70.0
2026-08-18T07:00Z,205.0,254.0,355.0,13047.0,14813.0,2914.0,56.0,16042.0,2049.0,7767.0,19461.0,1884.0,10614.0,5002.0,1987.0,1042.0,1134.0,530.0,2718.0,784.0,1495.0,1652.0,2454.0,10594.0,4511.0,9292.0,18436.0,10368.0,23098.0,1559.0,993.0,1541.0,534.0,757.0,1296.0,1133.0,269.0,642.0,5957.0,2232.0,1360.0,15992.0,5211.0,7056.0,3311.0,10303.0,1815.0,2783.0,16720.0,2000.0,1368.0,1444.0,2634.0,1631.0,4341.0,3180.0,4436.0,1689.0,5212.0,169.0,2.0,15.0,38.0,2.0,55.0,26.0,72.0,1392.0,266.0,6134.0,577.0,1256.0,111.0,253.0,2009.0,494.0,1007.0,1953.0,4967.0,2043.0,849.0,368.0,5122.0,3792.0,1205.0,3661.0,402.0,2514.0,63.0
2026-08-18T08:00Z,204.0,244.0,350.0,12615.0,13710.0,2931.0,31.0,15503.0,1945.0,7694.0,18513.0,1795.0,10065.0,4841.0,1869.0,1037.0,1127.0,524.0,2666.0,756.0,1474.0,1640.0,2458.0,10231.0,4364.0,8991.0,18051.0,10026.0,22520.0,1529.0,968.0,1548.0,526.0,742.0,1284.0,1102.0,260.0,623.0,5853.0,2171.0,1315.0,15753.0,5100.0,6800.0,3226.0,9918.0,1763.0,2683.0,16330.0,1947.0,1336.0,1386.0,2513.0,1601.0,4266.0,3098.0,4343.0,1649.0,5099.0,166.0,3.0,14.0,43.0,2.0,55.0,25.0,73.0,1312.0,255.0,5873.0,551.0,1242.0,105.0,245.0,1911.0,475.0,969.0,1898.0,4798.0,1993.0,827.0,350.0,5022.0,3742.0,1166.0,3508.0,373.0,2422.0,63.0
2026-08-18T09:00Z,201.0,236.0,347.0,12043.0,12960.0,2780.0,30.0,15202.0,1909.0,7654.0,17727.0,1740.0,9698.0,4704.0,1868.0,1076.0,1149.0,529.0,2690.0,772.0,1491.0,1667.0,2480.0,10010.0,4279.0,8947.0,17970.0,9905.0,22079.0,1519.0,964.0,1554.0,526.0,749.0,1295.0,1085.0,260.0,622.0,5864.0,2176.0,1303.0,15828.0,5106.0,6709.0,3220.0,9709.0,1758.0,2663.0,16275.0,1945.0,1327.0,1349.0,2517.0,1618.0,4290.0,3109.0,4370.0,1667.0,5097.0,166.0,2.0,14.0,44.0,2.0,55.0,24.0,72.0,1252.0,247.0,5710.0,539.0,1238.0,100.0,241.0,1850.0,454.0,935.0,1858.0,4686.0,1931.0,807.0,341.0,4960.0,3722.0,1130.0,3407.0,355.0,2357.0,63.0
2026-08-18T10:00Z,201.0,233.0,346.0,11632.0,12714.0,2724.0,29.0,15156.0,1858.0,7643.0,17356.0,1682.0,9514.0,4653.0,1868.0,1146.0,1218.0,561.0,2838.0,831.0,1585.0,1746.0,2610.0,10075.0,4289.0,9099.0,18396.0,9885.0,21890.0,1558.0,998.0,1607.0,532.0,779.0,1334.0,1103.0,269.0,651.0,6084.0,2261.0,1336.0,16227.0,5269.0,6900.0,3325.0,9765.0,1821.0,2746.0,16607.0,2018.0,1337.0,1412.0,2603.0,1689.0,4459.0,3299.0,4549.0,1725.0,5248.0,172.0,2.0,13.0,43.0,2.0,55.0,24.0,73.0,1231.0,241.0,5616.0,537.0,1236.0,100.0,240.0,1843.0,449.0,907.0,1851.0,4623.0,1913.0,808.0,341.0,4925.0,3752.0,1110.0,3413.0,341.0,2315.0,64.0
2026-08-18T11:00Z,203.0,235.0,347.0,11372.0,12480.0,2741.0,32.0,15311.0,1914.0,7663.0,17424.0,1640.0,9509.0,4581.0,1943.0,1231.0,1318.0,600.0,3071.0,852.0,1670.0,1866.0,2801.0,10514.0,4397.0,9601.0,19021.0,10186.0,22217.0,1620.0,1043.0,1695.0,540.0,819.0,1383.0,1143.0,286.0,700.0,6519.0,2371.0,1388.0,16948.0,5542.0,7266.0,3507.0,10205.0,1946.0,2884.0,17191.0,2131.0,1374.0,1416.0,2780.0,1791.0,4699.0,3513.0,4855.0,1867.0,5473.0,182.0,2.0,14.0,43.0,2.0,56.0,24.0,72.0,1209.0,246.0,5700.0,567.0,1244.0,103.0,249.0,1901.0,464.0,929.0,1902.0,4673.0,1952.0,822.0,354.0,4932.0,3758.0,1112.0,3546.0,334.0,2313.0,62.0
2026-08-18T12:00Z,204.0,246.0,352.0,11363.0,12254.0,2570.0,34.0,15529.0,1977.0,7699.0,17792.0,1639.0,9730.0,4770.0,2011.0,1304.0,1413.0,607.0,3292.0,923.0,1775.0,1967.0,3015.0,11159.0,4587.0,9961.0,19459.0,10326.0,22577.0,1674.0,1042.0,1693.0,540.0,794.0,1423.0,1179.0,301.0,742.0,6955.0,2532.0,1446.0,17402.0,5731.0,7556.0,3683.0,10761.0,2042.0,2979.0,17710.0,2217.0,1438.0,1516.0,2878.0,1900.0,4959.0,3667.0,5095.0,1966.0,5682.0,194.0,2.0,14.0,43.0,2.0,57.0,26.0,75.0,1233.0,252.0,5920.0,607.0,1263.0,106.0,261.0,1996.0,503.0,974.0,2004.0,4803.0,2053.0,852.0,373.0,4997.0,3857.0,1124.0,3741.0,342.0,2370.0,60.0
2026-08-18T13:00Z,193.0,266.0,358.0,11525.0,12344.0,2629.0,29.0,15521.0,1949.0,7649.0,17868.0,1693.0,9722.0,4736.0,2097.0,1344.0,1476.0,587.0,3429.0,964.0,1863.0,2009.0,3138.0,11576.0,4673.0,10123.0,20485.0,10725.0,22429.0,1651.0,977.0,1589.0,554.0,751.0,1418.0,1202.0,307.0,775.0,7284.0,2692.0,1504.0,17924.0,5988.0,7903.0,3877.0,11352.0,2145.0,3145.0,18317.0,2304.0,1538.0,1572.0,3026.0,1991.0,5197.0,3810.0,5251.0,2086.0,5853.0,209.0,2.0,15.0,44.0,2.0,59.0,27.0,75.0,1275.0,260.0,6028.0,650.0,1290.0,109.0,272.0,2065.0,538.0,1019.0,2040.0,4925.0,2129.0,868.0,398.0,5014.0,3954.0,1129.0,3891.0,361.0,2440.0,65.0
2026-08-18T14:00Z,201.0,286.0,363.0,12286.0,12587.0,2701.0,37.0,16355.0,2011.0,7663.0,18779.0,1839.0,9955.0,4957.0,2173.0,1350.0,1512.0,511.0,3471.0,1026.0,1925.0,2014.0,3204.0,11842.0,4659.0,10443.0,21420.0,11211.0,23181.0,1655.0,952.0,1457.0,560.0,675.0,1373.0,1204.0,322.0,791.0,7510.0,2814.0,1540.0,18581.0,6231.0,8336.0,4084.0,11775.0,2248.0,3314.0,18929.0,2419.0,1632.0,1563.0,3103.0,2083.0,5415.0,3968.0,5400.0,2107.0,5947.0,221.0,2.0,17.0,41.0,2.0,61.0,12.0,77.0,1297.0,263.0,6418.0,699.0,1318.0,118.0,288.0,2163.0,545.0,1065.0,2074.0,5148.0,2169.0,894.0,434.0,5085.0,4045.0,1168.0,4066.0,385.0,2510.0,67.0
2026-08-18T15:00Z,212.0,302.0,369.0,13334.0,14339.0,3333.0,163.0,17516.0,2224.0,7755.0,20354.0,1972.0,10568.0,5203.0,2245.0,1339.0,1534.0,414.0,3578.0,1057.0,1985.0,2033.0,3256.0,12036.0,4777.0,10865.0,22364.0,11679.0,24613.0,1672.0,997.0,1416.0,556.0,629.0,1266.0,1217.0,344.0,818.0,7661.0,2856.0,1592.0,19305.0,6457.0,8775.0,4318.0,12080.0,2363.0,3474.0,19641.0,2524.0,1690.0,1738.0,3198.0,2168.0,5712.0,4179.0,5554.0,2188.0,6083.0,235.0,2.0,18.0,40.0,2.0,63.0,3.0,77.0,1347.0,271.0,7025.0,759.0,1359.0,129.0,305.0,2268.0,556.0,1140.0,2146.0,5528.0,2202.0,951.0,474.0,5243.0,4114.0,1265.0,4282.0,413.0,2572.0,66.0
2026-08-18T16:00Z,221.0,317.0,372.0,13355.0,18866.0,3992.0,255.0,18684.0,2430.0,7838.0,22270.0,2079.0,11346.0,5574.0,2351.0,1289.0,1552.0,355.0,3691.0,1070.0,2012.0,2065.0,3346.0,12393.0,5026.0,11392.0,22997.0,12250.0,26376.0,1712.0,1051.0,1441.0,560.0,620.0,1218.0,1230.0,353.0,831.0,7908.0,3033.0,1680.0,20057.0,6702.0,9162.0,4577.0,12702.0,2474.0,3633.0,20372.0,2658.0,1750.0,1890.0,3454.0,2233.0,6032.0,4317.0,5685.0,2253.0,6180.0,250.0,2.0,21.0,34.0,2.0,65.0,3.0,80.0,1405.0,287.0,7741.0,835.0,1401.0,134.0,304.0,2362.0,564.0,1192.0,2234.0,5991.0,2265.0,993.0,522.0,5431.0,4248.0,1386.0,4569.0,442.0,2666.0,71.0
2026-08-18T17:00Z,223.0,333.0,374.0,13233.0,19163.0,4012.0,243.0,19803.0,2583.0,7995.0,24268.0,2247.0,12218.0,5929.0,2516.0,1221.0,1593.0,361.0,3859.0,1123.0,2052.0,2078.0,3437.0,12607.0,5250.0,11870.0,23539.0,12747.0,28167.0,1759.0,1084.0,1459.0,562.0,634.0,1223.0,1321.0,378.0,868.0,8115.0,3240.0,1784.0,20807.0,6942.0,9584.0,4630.0,13492.0,2588.0,3774.0,21037.0,2787.0,1810.0,2000.0,3706.0,2287.0,6242.0,4425.0,5877.0,2265.0,6612.0,273.0,3.0,24.0,31.0,3.0,68.0,2.0,81.0,1469.0,298.0,8491.0,915.0,1460.0,144.0,319.0,2482.0,570.0,1266.0,2310.0,6526.0,2320.0,1040.0,574.0,5656.0,4371.0,1503.0,4850.0,474.0,2793.0,72.0
2026-08-18T18:00Z,228.0,350.0,382.0,12608.0,20222.0,3625.0,258.0,20777.0,2746.0,8090.0,26138.0,2445.0,13081.0,6252.0,2618.0,1201.0,1650.0,382.0,4093.0,1163.0,2116.0,2155.0,3447.0,12942.0,5519.0,12401.0,24149.0,13260.0,29861.0,1815.0,1128.0,1545.0,529.0,694.0,1274.0,1411.0,401.0,925.0,8345.0,3511.0,1899.0,21508.0,7181.0,9907.0,4820.0,14286.0,2683.0,3918.0,21669.0,2932.0,1884.0,2052.0,3996.0,2378.0,6447.0,4611.0,6084.0,2318.0,7028.0,286.0,2.0,25.0,32.0,3.0,69.0,5.0,83.0,1531.0,320.0,9204.0,997.0,1517.0,153.0,337.0,2554.0,586.0,1320.0,2383.0,7011.0,2414.0,1097.0,627.0,5846.0,4447.0,1611.0,5167.0,504.0,2934.0,77.0
2026-08-18T19:00Z,224.0,369.0,388.0,12122.0,20244.0,3367.0,223.0,21671.0,2958.0,8032.0,27704.0,2559.0,13846.0,6563.0,2626.0,1226.0,1692.0,400.0,4261.0,1213.0,2183.0,2244.0,3508.0,13188.0,5684.0,12672.0,24585.0,13624.0,30895.0,1870.0,1118.0,1589.0,524.0,727.0,1338.0,1470.0,415.0,963.0,8516.0,3732.0,2004.0,21881.0,7295.0,10152.0,5011.0,14586.0,2736.0,4038.0,22220.0,3043.0,1938.0,2094.0,4280.0,2411.0,6509.0,4720.0,6154.0,2320.0,7491.0,302.0,2.0,27.0,40.0,3.0,71.0,6.0,83.0,1636.0,335.0,9835.0,1070.0,1573.0,156.0,329.0,2556.0,618.0,1352.0,2467.0,7407.0,2532.0,1138.0,673.0,6013.0,4521.0,1685.0,5486.0,558.0,3072.0,79.0
2026-08-18T20:00Z,228.0,383.0,387.0,11674.0,19893.0,3314.0,213.0,22311.0,3033.0,7694.0,28782.0,2603.0,14480.0,6817.0,2816.0,1283.0,1747.0,468.0,4464.0,1291.0,2292.0,2354.0,3640.0,13584.0,5948.0,13288.0,25287.0,14158.0,32214.0,1941.0,1187.0,1559.0,509.0,702.0,1440.0,1539.0,437.0,1002.0,8567.0,3926.0,2081.0,22156.0,7422.0,10405.0,5055.0,14876.0,2774.0,4132.0,22382.0,3127.0,1993.0,2145.0,4500.0,2402.0,6573.0,4747.0,6192.0,2321.0,7586.0,307.0,2.0,29.0,37.0,3.0,72.0,11.0,82.0,1721.0,353.0,10246.0,1121.0,1605.0,156.0,297.0,2670.0,643.0,1354.0,2541.0,7616.0,2663.0,1159.0,707.0,6165.0,4605.0,1719.0,5766.0,566.0,3220.0,81.0
2026-08-18T21:00Z,232.0,390.0,388.0,11788.0,19607.0,3018.0,172.0,22374.0,3070.0,7290.0,29389.0,2499.0,14740.0,6719.0,2871.0,1372.0,1810.0,508.0,4700.0,1325.0,2441.0,2492.0,3752.0,13821.0,6138.0,13509.0,25465.0,14357.0,32762.0,1987.0,1282.0,1644.0,510.0,742.0,1512.0,1598.0,437.0,998.0,8519.0,3998.0,2142.0,22414.0,7553.0,10480.0,5129.0,14760.0,2812.0,4231.0,22523.0,3254.0,2021.0,2273.0,4401.0,2402.0,6578.0,4704.0,6168.0,2317.0,7601.0,297.0,2.0,30.0,41.0,3.0,72.0,12.0,81.0,1850.0,364.0,10498.0,1161.0,1637.0,154.0,308.0,2744.0,676.0,1373.0,2592.0,7770.0,2774.0,1174.0,733.0,6254.0,4659.0,1752.0,5973.0,594.0,3313.0,83.0
2026-08-18T22:00Z,235.0,390.0,389.0,12569.0,20690.0,2984.0,134.0,22438.0,3058.0,7263.0,29705.0,2497.0,14830.0,6731.0,2928.0,1490.0,1865.0,606.0,4854.0,1339.0,2545.0,2590.0,3776.0,14059.0,6281.0,13629.0,25324.0,14583.0,32924.0,1980.0,1324.0,1865.0,520.0,848.0,1638.0,1678.0,446.0,997.0,8386.0,3959.0,2176.0,22381.0,7614.0,10518.0,5177.0,14409.0,2829.0,4262.0,22595.0,3344.0,2040.0,2332.0,4395.0,2440.0,6635.0,4746.0,6266.0,2337.0,7492.0,289.0,2.0,29.0,42.0,3.0,73.0,18.0,82.0,1952.0,374.0,10614.0,1188.0,1646.0,170.0,324.0,2896.0,715.0,1431.0,2625.0,7867.0,2861.0,1182.0,749.0,6329.0,4683.0,1777.0,6168.0,625.0,3361.0,84.0
2026-08-18T23:00Z,240.0,386.0,394.0,13180.0,21092.0,3148.0,191.0,22387.0,3061.0,7284.0,29814.0,2479.0,14970.0,6708.0,2879.0,1572.0,1866.0,716.0,4893.0,1295.0,2528.0,2601.0,3671.0,14212.0,6532.0,13581.0,24961.0,14611.0,32735.0,1995.0,1337.0,1985.0,548.0,990.0,1798.0,1732.0,447.0,998.0,8180.0,3924.0,2144.0,22224.0,7546.0,10490.0,5182.0,14220.0,2790.0,4214.0,22388.0,3323.0,2011.0,2276.0,4296.0,2433.0,6545.0,4683.0,6287.0,2303.0,7551.0,281.0,2.0,30.0,42.0,3.0,71.0,13.0,83.0,2027.0,379.0,10572.0,1199.0,1639.0,181.0,328.0,2981.0,735.0,1472.0,2665.0,7834.0,2904.0,1155.0,742.0,6360.0,4682.0,1795.0,6261.0,635.0,3394.0,84.0
2026-08-19T00:00Z,234.0,376.0,388.0,14382.0,21556.0,3391.0,177.0,21836.0,3122.0,7314.0,29428.0,2508.0,15177.0,6764.0,2902.0,1562.0,1796.0,748.0,4715.0,1254.0,2447.0,2530.0,3516.0,14154.0,6637.0,13325.0,24249.0,14439.0,32120.0,2018.0,1356.0,2059.0,564.0,1036.0,1808.0,1677.0,424.0,962.0,8011.0,3814.0,2066.0,21563.0,7338.0,9992.0,5019.0,14163.0,2692.0,4072.0,21837.0,3197.0,1932.0,2184.0,4148.0,2376.0,6255.0,4522.0,6182.0,2232.0,7386.0,263.0,2.0,29.0,39.0,3.0,69.0,19.0,82.0,2035.0,384.0,10390.0,1182.0,1622.0,188.0,338.0,2933.0,722.0,1498.0,2663.0,7760.0,2835.0,1132.0,723.0,6347.0,4644.0,1785.0,6219.0,638.0,3403.0,84.0
2026-08-19T01:00Z,216.0,363.0,380.0,15621.0,20823.0,3777.0,158.0,21220.0,3054.0,7548.0,28260.0,2502.0,15328.0,6758.0,2831.0,1541.0,1742.0,741.0,4584.0,1230.0,2386.0,2479.0,3477.0,13821.0,6644.0,12923.0,23405.0,14037.0,31124.0,2007.0,1335.0,2043.0,553.0,1040.0,1788.0,1597.0,406.0,931.0,7891.0,3710.0,1991.0,20776.0,6994.0,9744.0,4868.0,14097.0,2575.0,3847.0,21256.0,3074.0,1827.0,2094.0,3943.0,2302.0,6037.0,4358.0,5996.0,2201.0,7203.0,246.0,2.0,27.0,42.0,3.0,65.0,31.0,81.0,2050.0,386.0,10035.0,1120.0,1592.0,180.0,333.0,2838.0,693.0,1455.0,2599.0,7565.0,2736.0,1098.0,684.0,6255.0,4562.0,1745.0,5963.0,632.0,3393.0,85.0
2026-08-19T02:00Z,215.0,345.0,368.0,16586.0,20386.0,3850.0,120.0,20665.0,2928.0,7539.0,26954.0,2341.0,14778.0,6599.0,2692.0,1443.0,1618.0,702.0,4305.0,1139.0,2234.0,2337.0,3330.0,13461.0,6505.0,12620.0,22728.0,13593.0,30318.0,1957.0,1275.0,1943.0,494.0,975.0,1690.0,1481.0,378.0,880.0,7690.0,3527.0,1874.0,20082.0,6650.0,9378.0,4583.0,14032.0,2458.0,3709.0,20214.0,2885.0,1746.0,1947.0,3685.0,2152.0,5780.0,4139.0,5682.0,2086.0,6862.0,228.0,3.0,26.0,41.0,3.0,62.0,29.0,79.0,1977.0,369.0,9562.0,1054.0,1550.0,169.0,332.0,2758.0,676.0,1411.0,2582.0,7263.0,2669.0,1062.0,647.0,6106.0,4455.0,1672.0,5673.0,601.0,3346.0,86.0
2026-08-19T03:00Z,223.0,323.0,374.0,16508.0,19495.0,3710.0,89.0,19927.0,2797.0,7701.0,25771.0,2351.0,14111.0,6351.0,2592.0,1325.0,1471.0,657.0,3925.0,1035.0,2015.0,2152.0,3125.0,13099.0,6175.0,11803.0,21451.0,13004.0,28924.0,1858.0,1191.0,1811.0,525.0,898.0,1560.0,1360.0,357.0,815.0,7301.0,3308.0,1739.0,18893.0,6067.0,8667.0,4199.0,13515.0,2270.0,3395.0,19055.0,2648.0,1613.0,1747.0,3357.0,1965.0,5407.0,3829.0,5226.0,1935.0,6384.0,209.0,2.0,24.0,41.0,3.0,61.0,31.0,79.0,1966.0,362.0,9022.0,987.0,1501.0,157.0,324.0,2646.0,650.0,1350.0,2502.0,6921.0,2568.0,1028.0,607.0,5923.0,4348.0,1594.0,5354.0,562.0,3271.0,88.0
2026-08-19T04:00Z,215.0,301.0,372.0,16224.0,18655.0,3591.0,87.0,18782.0,2646.0,7891.0,24022.0,2225.0,13214.0,6012.0,2471.0,1231.0,1338.0,600.0,3565.0,966.0,1846.0,1984.0,2904.0,12173.0,5750.0,10934.0,20107.0,12227.0,27103.0,1751.0,1108.0,1694.0,530.0,815.0,1441.0,1243.0,327.0,745.0,6847.0,3041.0,1596.0,17637.0,5628.0,7938.0,3814.0,12526.0,2088.0,3101.0,17857.0,2413.0,1478.0,1475.0,3044.0,1809.0,5007.0,3515.0,4839.0,1818.0,5900.0,189.0,2.0,22.0,41.0,3.0,59.0,29.0,77.0,1827.0,335.0,8397.0,907.0,1450.0,143.0,306.0,2491.0,604.0,1255.0,2381.0,6575.0,2419.0,984.0,560.0,5708.0,4146.0,1503.0,5001.0,509.0,3094.0,82.0
2026-08-19T05:00Z,208.0,280.0,363.0,15377.0,17960.0,3484.0,88.0,17798.0,2495.0,7864.0,22430.0,2109.0,12341.0,5647.0,2364.0,1156.0,1243.0,568.0,3275.0,890.0,1716.0,1856.0,2727.0,11284.0,5306.0,10187.0,19889.0,11600.0,25712.0,1655.0,1050.0,1599.0,535.0,765.0,1348.0,1151.0,305.0,700.0,6429.0,2792.0,1471.0,16650.0,5278.0,7397.0,3501.0,11600.0,1955.0,2862.0,16975.0,2209.0,1406.0,1453.0,2746.0,1688.0,4675.0,3224.0,4512.0,1739.0,5477.0,172.0,2.0,19.0,40.0,2.0,58.0,31.0,76.0,1696.0,309.0,7811.0,835.0,1404.0,129.0,274.0,2251.0,555.0,1151.0,2236.0,6225.0,2277.0,924.0,520.0,5487.0,3975.0,1417.0,4573.0,464.0,2891.0,75.0
2026-08-19T06:00Z,204.0,260.0,353.0,14237.0,16641.0,3221.0,64.0,16803.0,2331.0,7777.0,20987.0,1998.0,11446.0,5292.0,2255.0,1112.0,1179.0,538.0,3071.0,843.0,1629.0,1760.0,2623.0,10612.0,4994.0,9756.0,19114.0,11332.0,24699.0,1584.0,1001.0,1523.0,529.0,724.0,1292.0,1080.0,286.0,659.0,6097.0,2580.0,1382.0,16078.0,5019.0,7128.0,3261.0,10845.0,1851.0,2696.0,16312.0,2064.0,1336.0,1373.0,2547.0,1598.0,4413.0,2992.0,4291.0,1673.0,5148.0,159.0,2.0,17.0,39.0,2.0,57.0,28.0,75.0,1564.0,289.0,7348.0,787.0,1371.0,115.0,259.0,2084.0,518.0,1070.0,2125.0,5871.0,2168.0,871.0,489.0,5324.0,3842.0,1342.0,4259.0,422.0,2678.0,70.0
2026-08-19T07:00Z,208.0,247.0,350.0,13305.0,15629.0,2991.0,39.0,16072.0,2195.0,7688.0,19972.0,1887.0,10717.0,5070.0,2146.0,1088.0,1138.0,523.0,2916.0,817.0,1578.0,1694.0,2568.0,10089.0,4757.0,9445.0,18823.0,10909.0,23619.0,1530.0,969.0,1477.0,526.0,702.0,1248.0,1031.0,267.0,625.0,5873.0,2425.0,1319.0,15659.0,4847.0,6911.0,3102.0,10329.0,1776.0,2577.0,15770.0,1957.0,1301.0,1332.0,2410.0,1535.0,4211.0,2854.0,4158.0,1652.0,4927.0,152.0,2.0,15.0,40.0,2.0,57.0,27.0,74.0,1454.0,274.0,6990.0,750.0,1345.0,108.0,232.0,1947.0,493.0,1007.0,2057.0,5611.0,2095.0,837.0,466.0,5196.0,3750.0,1284.0,4055.0,387.0,2542.0,68.0
2026-08-19T08:00Z,207.0,235.0,347.0,12800.0,14676.0,3066.0,40.0,15594.0,2095.0,7648.0,19094.0,1825.0,10179.0,4889.0,2114.0,1080.0,1122.0,515.0,2822.0,811.0,1547.0,1669.0,2549.0,9733.0,4652.0,9202.0,18336.0,10642.0,22873.0,1514.0,951.0,1446.0,521.0,696.0,1225.0,997.0,253.0,601.0,5730.0,2336.0,1284.0,15281.0,4735.0,6997.0,3006.0,9978.0,1731.0,2509.0,15538.0,1892.0,1273.0,1263.0,2323.0,1497.0,4080.0,2774.0,4072.0,1618.0,4784.0,147.0,2.0,15.0,39.0,2.0,56.0,26.0,72.0,1390.0,261.0,6697.0,722.0,1322.0,105.0,212.0,1854.0,475.0,964.0,2015.0,5430.0,2039.0,828.0,448.0,5096.0,3693.0,1241.0,3878.0,364.0,2449.0,65.0
2026-08-19T09:00Z,198.0,229.0,346.0,12224.0,13860.0,3167.0,45.0,15374.0,2040.0,7601.0,18489.0,1777.0,9814.0,4797.0,2072.0,1100.0,1138.0,519.0,2809.0,829.0,1566.0,1678.0,2578.0,9555.0,4566.0,9040.0,18198.0,10440.0,22308.0,1511.0,961.0,1445.0,526.0,696.0,1223.0,980.0,249.0,591.0,5672.0,2292.0,1274.0,15308.0,4741.0,7027.0,2993.0,9858.0,1742.0,2498.0,15413.0,1876.0,1280.0,1264.0,2333.0,1510.0,4057.0,2785.0,4080.0,1643.0,4745.0,148.0,2.0,14.0,41.0,2.0,56.0,25.0,72.0,1335.0,255.0,6513.0,704.0,1307.0,102.0,226.0,1821.0,466.0,955.0,1977.0,5309.0,2009.0,822.0,435.0,5025.0,3655.0,1211.0,3767.0,349.0,2382.0,64.0
2026-08-19T10:00Z,208.0,226.0,346.0,11764.0,13177.0,3048.0,36.0,15370.0,2020.0,7555.0,18184.0,1747.0,9613.0,4724.0,2038.0,1141.0,1201.0,547.0,2912.0,895.0,1664.0,1747.0,2704.0,9637.0,4591.0,9198.0,18036.0,10421.0,21999.0,1549.0,1000.0,1506.0,531.0,725.0,1258.0,993.0,253.0,605.0,5831.0,2322.0,1301.0,15730.0,4926.0,7218.0,3080.0,9903.0,1813.0,2582.0,15664.0,1926.0,1300.0,1213.0,2365.0,1578.0,4172.0,2950.0,4264.0,1723.0,4828.0,151.0,2.0,14.0,39.0,2.0,56.0,25.0,72.0,1301.0,247.0,6404.0,702.0,1284.0,102.0,233.0,1802.0,465.0,951.0,1965.0,5209.0,2008.0,814.0,427.0,4978.0,3660.0,1190.0,3705.0,341.0,2362.0,64.0
2026-08-19T11:00Z,205.0,229.0,348.0,11657.0,12925.0,2909.0,34.0,15556.0,2035.0,7561.0,18234.0,1749.0,9642.0,4739.0,2050.0,1206.0,1293.0,586.0,3097.0,912.0,1754.0,1838.0,2898.0,10002.0,4713.0,9787.0,18674.0,10674.0,22230.0,1617.0,1060.0,1580.0,558.0,756.0,1290.0,1022.0,262.0,641.0,6205.0,2384.0,1340.0,16426.0,5196.0,7673.0,3235.0,10339.0,1957.0,2778.0,16141.0,1997.0,1333.0,1366.0,2468.0,1685.0,4337.0,3144.0,4577.0,1841.0,4949.0,158.0,3.0,13.0,41.0,2.0,56.0,25.0,71.0,1286.0,251.0,6403.0,721.0,1290.0,104.0,241.0,1880.0,480.0,990.0,2028.0,5176.0,2050.0,851.0,436.0,4960.0,3738.0,1180.0,3818.0,338.0,2345.0,63.0
2026-08-19T12:00Z,201.0,241.0,352.0,11729.0,12624.0,2661.0,47.0,15738.0,2067.0,7557.0,18548.0,1768.0,9887.0,4751.0,2061.0,1227.0,1384.0,561.0,3278.0,966.0,1864.0,1926.0,3070.0,10536.0,4987.0,10162.0,19155.0,10846.0,22465.0,1698.0,1117.0,1555.0,582.0,744.0,1273.0,1055.0,279.0,689.0,6671.0,2514.0,1386.0,16874.0,5372.0,8073.0,3389.0,10942.0,2047.0,2902.0,16633.0,2060.0,1394.0,1420.0,2586.0,1774.0,4626.0,3289.0,4727.0,1902.0,5153.0,171.0,2.0,15.0,40.0,2.0,57.0,26.0,73.0,1292.0,252.0,6537.0,754.0,1305.0,109.0,238.0,2021.0,525.0,1043.0,2097.0,5226.0,2148.0,895.0,458.0,5016.0,3831.0,1194.0,4015.0,348.0,2401.0,62.0
2026-08-19T13:00Z,191.0,261.0,357.0,11826.0,12826.0,2655.0,51.0,15716.0,2046.0,7526.0,18517.0,1829.0,9875.0,4685.0,2052.0,1202.0,1437.0,469.0,3362.0,1047.0,1945.0,1961.0,3222.0,10941.0,5169.0,10414.0,20019.0,11155.0,22636.0,1752.0,1142.0,1478.0,582.0,704.0,1162.0,1048.0,288.0,723.0,7072.0,2665.0,1436.0,17289.0,5522.0,8360.0,3530.0,11471.0,2141.0,3031.0,17132.0,2106.0,1496.0,1492.0,2723.0,1854.0,4929.0,3392.0,4949.0,2003.0,5322.0,189.0,2.0,15.0,39.0,2.0,59.0,28.0,73.0,1326.0,260.0,6610.0,770.0,1296.0,112.0,253.0,2100.0,550.0,1088.0,2170.0,5271.0,2225.0,909.0,470.0,5045.0,3943.0,1200.0,4161.0,370.0,2491.0,67.0
2026-08-19T14:00Z,189.0,284.0,363.0,12464.0,12874.0,2753.0,56.0,16544.0,2137.0,7536.0,19412.0,1961.0,10210.0,4779.0,2120.0,1154.0,1453.0,391.0,3400.0,1086.0,2017.0,1955.0,3328.0,11037.0,5164.0,10681.0,20902.0,11521.0,23630.0,1773.0,1178.0,1441.0,591.0,693.0,1080.0,1021.0,299.0,752.0,7363.0,2802.0,1469.0,18017.0,5792.0,8711.0,3680.0,11876.0,2254.0,3186.0,17884.0,2246.0,1590.0,1541.0,2839.0,1940.0,5272.0,3499.0,5086.0,2049.0,5421.0,204.0,2.0,17.0,39.0,2.0,61.0,16.0,75.0,1331.0,274.0,6949.0,796.0,1323.0,116.0,259.0,2163.0,572.0,1109.0,2265.0,5502.0,2285.0,903.0,487.0,5097.0,4068.0,1224.0,4272.0,390.0,2542.0,69.0
2026-08-19T15:00Z,208.0,304.0,367.0,13136.0,15433.0,3458.0,125.0,17577.0,2253.0,7617.0,20775.0,2159.0,10775.0,5079.0,2230.0,1136.0,1480.0,394.0,3489.0,1131.0,2100.0,1953.0,3420.0,11133.0,5192.0,11074.0,21306.0,11931.0,25203.0,1791.0,1153.0,1551.0,581.0,701.0,1059.0,1043.0,317.0,776.0,7552.0,2983.0,1547.0,18806.0,6028.0,9116.0,3878.0,12438.0,2343.0,3366.0,18851.0,2412.0,1641.0,1624.0,3077.0,2035.0,5621.0,3629.0,5293.0,2092.0,5658.0,219.0,2.0,18.0,41.0,2.0,64.0,5.0,77.0,1365.0,281.0,7458.0,842.0,1404.0,122.0,261.0,2227.0,599.0,1162.0,2352.0,5883.0,2398.0,913.0,505.0,5217.0,4121.0,1296.0,4403.0,403.0,2591.0,67.0
2026-08-19T16:00Z,216.0,324.0,377.0,13684.0,18624.0,4071.0,181.0,18571.0,2405.0,7743.0,22333.0,2321.0,11519.0,5478.0,2342.0,1170.0,1554.0,380.0,3622.0,1225.0,2218.0,2006.0,3553.0,11387.0,5278.0,11444.0,21966.0,12549.0,27050.0,1764.0,1083.0,1599.0,554.0,753.0,1081.0,1099.0,340.0,806.0,7739.0,3170.0,1643.0,19607.0,6366.0,9377.0,4076.0,13008.0,2431.0,3495.0,19771.0,2553.0,1702.0,1724.0,3290.0,2125.0,5910.0,3775.0,5519.0,2131.0,5968.0,238.0,2.0,21.0,39.0,2.0,66.0,3.0,78.0,1435.0,290.0,8094.0,900.0,1459.0,125.0,266.0,2271.0,618.0,1201.0,2435.0,6294.0,2460.0,927.0,525.0,5399.0,4200.0,1395.0,4584.0,418.0,2636.0,68.0
2026-08-19T17:00Z,219.0,342.0,381.0,13355.0,20139.0,3986.0,225.0,19765.0,2610.0,7843.0,24042.0,2491.0,12346.0,5810.0,2475.0,1242.0,1624.0,402.0,3799.0,1251.0,2293.0,2057.0,3643.0,11621.0,5567.0,11829.0,22606.0,12914.0,28724.0,1828.0,1015.0,1627.0,538.0,796.0,1188.0,1172.0,361.0,840.0,7940.0,3396.0,1709.0,20454.0,6669.0,9806.0,4291.0,13663.0,2542.0,3563.0,20674.0,2678.0,1759.0,1863.0,3631.0,2219.0,6159.0,3973.0,5743.0,2198.0,6349.0,256.0,2.0,23.0,38.0,3.0,68.0,4.0,80.0,1539.0,304.0,8788.0,950.0,1521.0,131.0,269.0,2335.0,646.0,1255.0,2489.0,6730.0,2543.0,943.0,566.0,5581.0,4327.0,1485.0,4773.0,445.0,2716.0,71.0
2026-08-19T18:00Z,223.0,359.0,385.0,13014.0,20530.0,3763.0,231.0,20736.0,2771.0,7960.0,25808.0,2633.0,13216.0,6104.0,2612.0,1297.0,1687.0,496.0,4017.0,1304.0,2383.0,2138.0,3719.0,11920.0,5786.0,12251.0,23372.0,13048.0,30323.0,1845.0,1084.0,1565.0,536.0,766.0,1368.0,1274.0,378.0,884.0,8117.0,3615.0,1788.0,21137.0,6970.0,10199.0,4543.0,14363.0,2590.0,3566.0,21394.0,2780.0,1812.0,1913.0,3884.0,2320.0,6351.0,4180.0,5994.0,2255.0,6660.0,273.0,2.0,27.0,38.0,3.0,70.0,6.0,82.0,1602.0,327.0,9468.0,1021.0,1573.0,135.0,273.0,2360.0,659.0,1267.0,2539.0,7123.0,2614.0,985.0,625.0,5809.0,4388.0,1571.0,4976.0,482.0,2849.0,74.0
2026-08-19T19:00Z,227.0,379.0,391.0,12384.0,20681.0,3688.0,240.0,21542.0,2948.0,8108.0,27507.0,2761.0,14018.0,6368.0,2745.0,1325.0,1741.0,555.0,4239.0,1341.0,2483.0,2234.0,3816.0,12210.0,6025.0,12554.0,24018.0,13348.0,31412.0,1831.0,1158.0,1538.0,546.0,682.0,1485.0,1381.0,394.0,920.0,8278.0,3778.0,1881.0,21544.0,7028.0,10540.0,4776.0,14944.0,2602.0,3560.0,21994.0,2880.0,1875.0,1968.0,4105.0,2392.0,6520.0,4359.0,6172.0,2260.0,6911.0,290.0,2.0,28.0,41.0,3.0,72.0,8.0,84.0,1697.0,353.0,9983.0,1086.0,1587.0,136.0,279.0,2450.0,665.0,1307.0,2491.0,7405.0,2557.0,1033.0,675.0,5988.0,4437.0,1647.0,5290.0,517.0,3016.0,78.0
2026-08-19T20:00Z,236.0,397.0,397.0,12426.0,21154.0,3296.0,154.0,22076.0,3020.0,7891.0,28616.0,2765.0,14739.0,6557.0,2837.0,1399.0,1798.0,501.0,4492.0,1400.0,2595.0,2333.0,3925.0,12495.0,6130.0,13003.0,24475.0,13472.0,32122.0,1912.0,1180.0,1549.0,541.0,687.0,1393.0,1482.0,425.0,961.0,8419.0,3917.0,1982.0,21800.0,7177.0,10728.0,5026.0,15344.0,2596.0,3556.0,22418.0,3001.0,1907.0,1961.0,4341.0,2441.0,6701.0,4579.0,6296.0,2265.0,7240.0,302.0,3.0,29.0,39.0,3.0,74.0,9.0,86.0,1844.0,373.0,10220.0,1136.0,1612.0,140.0,290.0,2588.0,613.0,1380.0,2487.0,7569.0,2461.0,1080.0,709.0,6153.0,4502.0,1687.0,5558.0,562.0,3168.0,79.0
2026-08-19T21:00Z,234.0,412.0,407.0,12499.0,21296.0,2979.0,134.0,22438.0,3062.0,7415.0,29249.0,2644.0,14931.0,6680.0,2868.0,1523.0,1837.0,492.0,4718.0,1447.0,2718.0,2436.0,4014.0,12750.0,6238.0,13280.0,24729.0,13535.0,32625.0,1917.0,1219.0,1634.0,514.0,728.0,1454.0,1601.0,437.0,998.0,8509.0,4105.0,2128.0,21937.0,7298.0,10826.0,5206.0,15622.0,2557.0,3584.0,22745.0,3148.0,1934.0,2048.0,4589.0,2455.0,6783.0,4759.0,6332.0,2275.0,7598.0,309.0,2.0,30.0,44.0,3.0,75.0,10.0,88.0,1967.0,381.0,10401.0,1144.0,1654.0,156.0,303.0,2783.0,577.0,1491.0,2582.0,7705.0,2394.0,1123.0,728.0,6285.0,4553.0,1711.0,5794.0,597.0,3303.0,82.0
2026-08-19T22:00Z,235.0,425.0,413.0,13044.0,21385.0,3142.0,137.0,22621.0,3024.0,7365.0,29527.0,2556.0,14973.0,6780.0,2879.0,1605.0,1889.0,605.0,4847.0,1462.0,2797.0,2557.0,4068.0,13206.0,6349.0,13304.0,24799.0,13574.0,32895.0,1991.0,1261.0,1761.0,516.0,793.0,1637.0,1710.0,451.0,1025.0,8487.0,4108.0,2233.0,21769.0,7456.0,10847.0,5323.0,15610.0,2557.0,3632.0,22999.0,3282.0,1989.0,2091.0,4689.0,2479.0,6711.0,4849.0,6355.0,2286.0,7735.0,302.0,2.0,30.0,41.0,3.0,74.0,14.0,89.0,2080.0,382.0,10552.0,1137.0,1659.0,174.0,311.0,2924.0,629.0,1563.0,2648.0,7832.0,2466.0,1141.0,712.0,6370.0,4594.0,1752.0,5964.0,620.0,3384.0,87.0
2026-08-19T23:00Z,241.0,431.0,413.0,14078.0,21797.0,3412.0,135.0,22567.0,3028.0,7304.0,29611.0,2536.0,15100.0,6757.0,2717.0,1636.0,1882.0,700.0,4791.0,1411.0,2749.0,2553.0,3939.0,13505.0,6496.0,13259.0,24596.0,13497.0,32696.0,2048.0,1350.0,1902.0,544.0,947.0,1770.0,1757.0,459.0,1013.0,8238.0,4048.0,2258.0,21496.0,7425.0,10623.0,5318.0,15408.0,2498.0,3626.0,22906.0,3314.0,1958.0,1991.0,4556.0,2443.0,6540.0,4803.0,6267.0,2249.0,7704.0,288.0,2.0,31.0,41.0,3.0,72.0,10.0,90.0,2105.0,393.0,10494.0,1130.0,1640.0,187.0,314.0,2999.0,657.0,1575.0,2702.0,7840.0,2571.0,1130.0,704.0,6415.0,4615.0,1773.0,5997.0,651.0,3418.0,87.0
2026-08-20T00:00Z,237.0,426.0,412.0,15000.0,21760.0,3672.0,143.0,21997.0,3042.0,7393.0,29255.0,2576.0,15417.0,6666.0,2729.0,1634.0,1804.0,728.0,4669.0,1374.0,2637.0,2487.0,3793.0,13562.0,6497.0,13146.0,24012.0,13321.0,32262.0,2067.0,1395.0,2043.0,594.0,1019.0,1808.0,1704.0,434.0,975.0,7992.0,3898.0,2150.0,21043.0,7187.0,10261.0,5144.0,14931.0,2429.0,3593.0,22278.0,3188.0,1886.0,2065.0,4322.0,2363.0,6219.0,4638.0,6150.0,2200.0,7496.0,272.0,2.0,30.0,42.0,3.0,69.0,30.0,90.0,1945.0,390.0,10305.0,1102.0,1627.0,182.0,311.0,2925.0,655.0,1552.0,2739.0,7746.0,2577.0,1120.0,684.0,6417.0,4604.0,1770.0,5932.0,666.0,3466.0,86.0
2026-08-20T01:00Z,220.0,412.0,406.0,16271.0,21145.0,3978.0,146.0,21267.0,2991.0,7551.0,28246.0,2624.0,15410.0,6614.0,2594.0,1595.0,1733.0,719.0,4545.0,1353.0,2551.0,2461.0,3702.0,13506.0,6346.0,12786.0,22939.0,13012.0,31442.0,2039.0,1378.0,2042.0,568.0,1028.0,1778.0,1631.0,418.0,941.0,7883.0,3752.0,2024.0,20500.0,7064.0,10062.0,4961.0,14337.0,2400.0,3579.0,21605.0,3007.0,1840.0,2050.0,4115.0,2305.0,5998.0,4453.0,6011.0,2195.0,7308.0,258.0,2.0,28.0,43.0,3.0,63.0,31.0,87.0,1867.0,384.0,9878.0,1055.0,1590.0,166.0,298.0,2782.0,640.0,1492.0,2714.0,7563.0,2524.0,1093.0,657.0,6327.0,4526.0,1754.0,5710.0,656.0,3438.0,89.0
2026-08-20T02:00Z,220.0,387.0,371.0,17153.0,20169.0,4062.0,140.0,20641.0,2961.0,7858.0,27111.0,2515.0,14766.0,6508.0,2514.0,1485.0,1606.0,693.0,4257.0,1216.0,2373.0,2317.0,3512.0,13247.0,6262.0,12432.0,22196.0,12805.0,30617.0,1962.0,1315.0,1951.0,534.0,968.0,1685.0,1513.0,387.0,897.0,7715.0,3535.0,1869.0,19847.0,6686.0,9670.0,4663.0,13923.0,2324.0,3508.0,20547.0,2787.0,1770.0,1878.0,3769.0,2166.0,5699.0,4216.0,5729.0,2106.0,6968.0,239.0,2.0,25.0,42.0,3.0,60.0,28.0,84.0,1819.0,364.0,9377.0,1006.0,1542.0,157.0,294.0,2650.0,620.0,1388.0,2629.0,7223.0,2443.0,1048.0,632.0,6166.0,4437.0,1681.0,5426.0,632.0,3324.0,83.0
2026-08-20T03:00Z,226.0,364.0,373.0,16880.0,19499.0,3900.0,104.0,19835.0,2842.0,7859.0,25810.0,2340.0,14039.0,6318.0,2457.0,1348.0,1457.0,648.0,3876.0,1085.0,2134.0,2134.0,3268.0,12887.0,5891.0,11633.0,20883.0,12355.0,29368.0,1846.0,1218.0,1822.0,556.0,892.0,1561.0,1385.0,353.0,837.0,7400.0,3285.0,1702.0,18711.0,6166.0,8984.0,4284.0,13180.0,2178.0,3321.0,19381.0,2527.0,1669.0,1665.0,3411.0,1992.0,5314.0,3909.0,5288.0,1972.0,6501.0,219.0,2.0,24.0,41.0,3.0,59.0,28.0,81.0,1749.0,352.0,8824.0,943.0,1490.0,145.0,286.0,2497.0,598.0,1310.0,2553.0,6888.0,2357.0,1002.0,601.0,5992.0,4339.0,1587.0,5094.0,596.0,3200.0,79.0
2026-08-20T04:00Z,225.0,335.0,383.0,16502.0,18626.0,3809.0,105.0,18620.0,2642.0,7837.0,23983.0,2284.0,13139.0,5934.0,2434.0,1234.0,1325.0,591.0,3510.0,1044.0,1946.0,1964.0,3022.0,12050.0,5481.0,10938.0,19352.0,11644.0,27840.0,1719.0,1138.0,1710.0,536.0,822.0,1451.0,1266.0,326.0,775.0,7028.0,3008.0,1547.0,17606.0,5785.0,8424.0,3920.0,12313.0,2041.0,3118.0,18175.0,2286.0,1571.0,1452.0,3109.0,1832.0,4901.0,3607.0,4931.0,1846.0,6029.0,200.0,2.0,22.0,41.0,3.0,58.0,26.0,80.0,1674.0,330.0,8182.0,863.0,1443.0,131.0,268.0,2308.0,554.0,1202.0,2414.0,6461.0,2221.0,958.0,559.0,5781.0,4160.0,1485.0,4684.0,553.0,3067.0,77.0
2026-08-20T05:00Z,217.0,303.0,371.0,15869.0,18151.0,3723.0,101.0,17457.0,2454.0,7742.0,22310.0,2203.0,12152.0,5560.0,2310.0,1153.0,1225.0,564.0,3222.0,973.0,1787.0,1835.0,2818.0,11138.0,5103.0,10342.0,18503.0,10885.0,26240.0,1624.0,1065.0,1631.0,525.0,771.0,1375.0,1175.0,305.0,739.0,6669.0,2781.0,1402.0,16635.0,5467.0,7952.0,3601.0,11467.0,1938.0,2939.0,17254.0,2095.0,1509.0,1445.0,2806.0,1711.0,4574.0,3334.0,4628.0,1757.0,5606.0,184.0,2.0,18.0,40.0,2.0,57.0,30.0,77.0,1551.0,311.0,7599.0,791.0,1398.0,118.0,251.0,2117.0,508.0,1097.0,2256.0,6039.0,2080.0,915.0,512.0,5549.0,3968.0,1389.0,4301.0,495.0,2866.0,70.0
2026-08-20T06:00Z,212.0,278.0,361.0,14598.0,16888.0,3365.0,62.0,16448.0,2312.0,7613.0,20938.0,2090.0,11325.0,5249.0,2218.0,1113.0,1158.0,535.0,3017.0,942.0,1671.0,1732.0,2682.0,10489.0,4873.0,9908.0,18553.0,10726.0,25064.0,1554.0,1005.0,1573.0,522.0,744.0,1321.0,1116.0,284.0,699.0,6366.0,2588.0,1302.0,16264.0,5238.0,7637.0,3361.0,10786.0,1850.0,2797.0,16603.0,1940.0,1453.0,1377.0,2562.0,1632.0,4301.0,3127.0,4423.0,1685.0,5251.0,171.0,3.0,17.0,42.0,2.0,57.0,27.0,76.0,1431.0,292.0,7089.0,734.0,1362.0,107.0,238.0,1989.0,475.0,1021.0,2157.0,5713.0,1977.0,874.0,473.0,5387.0,3865.0,1316.0,4019.0,441.0,2696.0,66.0
2026-08-20T07:00Z,201.0,261.0,355.0,13524.0,15484.0,3150.0,48.0,15699.0,2182.0,7577.0,19844.0,1929.0,10588.0,5056.0,2141.0,1082.0,1118.0,517.0,2871.0,899.0,1597.0,1668.0,2590.0,9973.0,4675.0,9438.0,18149.0,10349.0,24010.0,1496.0,965.0,1534.0,521.0,719.0,1276.0,1061.0,270.0,659.0,6117.0,2428.0,1238.0,15860.0,5138.0,7328.0,3217.0,10283.0,1783.0,2651.0,16098.0,1846.0,1392.0,1352.0,2415.0,1584.0,4122.0,3003.0,4286.0,1649.0,4994.0,162.0,2.0,15.0,41.0,2.0,56.0,26.0,75.0,1350.0,280.0,6708.0,689.0,1332.0,100.0,229.0,1882.0,448.0,969.0,2082.0,5434.0,1902.0,838.0,445.0,5267.0,3794.0,1246.0,3800.0,400.0,2567.0,64.0
2026-08-20T08:00Z,202.0,247.0,351.0,12937.0,14099.0,3123.0,36.0,15158.0,2085.0,7565.0,19019.0,1864.0,10056.0,4956.0,2101.0,1075.0,1097.0,509.0,2773.0,883.0,1552.0,1639.0,2543.0,9664.0,4521.0,9277.0,17749.0,10071.0,23174.0,1472.0,936.0,1507.0,519.0,703.0,1257.0,1024.0,257.0,633.0,5965.0,2328.0,1201.0,15718.0,5071.0,7163.0,3148.0,9892.0,1742.0,2561.0,15829.0,1801.0,1381.0,1305.0,2314.0,1547.0,4021.0,2946.0,4217.0,1645.0,4834.0,156.0,2.0,15.0,43.0,2.0,56.0,25.0,73.0,1279.0,270.0,6421.0,652.0,1314.0,94.0,223.0,1805.0,435.0,930.0,2024.0,5191.0,1852.0,816.0,420.0,5165.0,3752.0,1202.0,3626.0,371.0,2480.0,65.0
2026-08-20T09:00Z,202.0,242.0,349.0,12319.0,13332.0,3007.0,37.0,14867.0,1966.0,7547.0,18412.0,1816.0,9683.0,4851.0,2057.0,1086.0,1109.0,521.0,2746.0,893.0,1552.0,1646.0,2555.0,9591.0,4452.0,9362.0,17677.0,9899.0,22631.0,1476.0,933.0,1511.0,520.0,712.0,1268.0,1007.0,251.0,621.0,5919.0,2289.0,1192.0,15733.0,5058.0,7189.0,3153.0,9605.0,1748.0,2551.0,15876.0,1800.0,1385.0,1234.0,2268.0,1560.0,4018.0,2986.0,4245.0,1658.0,4792.0,154.0,2.0,14.0,44.0,2.0,55.0,25.0,73.0,1256.0,260.0,6224.0,626.0,1298.0,92.0,221.0,1761.0,429.0,906.0,2003.0,4998.0,1822.0,806.0,401.0,5099.0,3713.0,1177.0,3517.0,353.0,2407.0,62.0
2026-08-20T10:00Z,201.0,239.0,348.0,11942.0,12882.0,2816.0,37.0,14847.0,1898.0,7492.0,18034.0,1891.0,9505.0,4854.0,2029.0,1139.0,1166.0,547.0,2845.0,930.0,1627.0,1702.0,2642.0,9677.0,4464.0,9509.0,17764.0,9916.0,22243.0,1515.0,963.0,1560.0,528.0,742.0,1306.0,1024.0,256.0,637.0,6088.0,2325.0,1216.0,16273.0,5213.0,7398.0,3283.0,9618.0,1828.0,2647.0,16318.0,1876.0,1398.0,1308.0,2340.0,1642.0,4137.0,3199.0,4435.0,1742.0,4888.0,158.0,2.0,14.0,42.0,2.0,55.0,24.0,73.0,1210.0,257.0,6121.0,618.0,1296.0,92.0,221.0,1755.0,427.0,906.0,2017.0,4911.0,1821.0,798.0,392.0,5048.0,3714.0,1154.0,3511.0,342.0,2380.0,60.0
2026-08-20T11:00Z,206.0,242.0,348.0,11591.0,12562.0,2764.0,39.0,15110.0,1921.0,7468.0,18018.0,1908.0,9582.0,4897.0,2018.0,1215.0,1253.0,575.0,3030.0,930.0,1704.0,1798.0,2804.0,10016.0,4591.0,10017.0,18553.0,10176.0,22491.0,1560.0,1011.0,1638.0,562.0,771.0,1346.0,1055.0,271.0,669.0,6476.0,2402.0,1255.0,16906.0,5521.0,7905.0,3488.0,10019.0,1974.0,2842.0,16986.0,1990.0,1450.0,1431.0,2446.0,1750.0,4347.0,3445.0,4774.0,1886.0,5018.0,165.0,2.0,13.0,42.0,2.0,56.0,24.0,72.0,1209.0,265.0,6147.0,636.0,1300.0,94.0,227.0,1817.0,443.0,931.0,2057.0,4862.0,1866.0,810.0,397.0,5045.0,3761.0,1153.0,3635.0,341.0,2381.0,60.0
2026-08-20T12:00Z,202.0,254.0,353.0,11792.0,12472.0,2723.0,44.0,15450.0,1987.0,7482.0,18314.0,1928.0,9902.0,5036.0,2037.0,1234.0,1346.0,553.0,3218.0,949.0,1823.0,1890.0,2986.0,10632.0,4808.0,10406.0,18985.0,10450.0,22727.0,1600.0,1042.0,1612.0,542.0,734.0,1335.0,1092.0,285.0,715.0,6943.0,2556.0,1312.0,17356.0,5684.0,8142.0,3611.0,10584.0,2080.0,2968.0,17499.0,2089.0,1528.0,1398.0,2547.0,1839.0,4663.0,3580.0,5025.0,1978.0,5256.0,178.0,2.0,14.0,43.0,2.0,57.0,25.0,73.0,1221.0,268.0,6344.0,669.0,1314.0,100.0,237.0,1924.0,478.0,986.0,2132.0,4846.0,1964.0,841.0,411.0,5097.0,3884.0,1176.0,3839.0,351.0,2435.0,60.0
2026-08-20T13:00Z,191.0,273.0,358.0,11942.0,12480.0,2814.0,36.0,15506.0,1943.0,7450.0,18288.0,1946.0,10015.0,5019.0,2018.0,1179.0,1415.0,462.0,3330.0,1000.0,1913.0,1939.0,3170.0,11076.0,4920.0,10647.0,19362.0,10685.0,22905.0,1656.0,1074.0,1556.0,527.0,653.0,1241.0,1097.0,301.0,756.0,7341.0,2716.0,1410.0,17690.0,5908.0,8335.0,3738.0,11056.0,2136.0,3043.0,18087.0,2188.0,1566.0,1520.0,2735.0,1916.0,4931.0,3704.0,5202.0,2026.0,5493.0,197.0,2.0,15.0,40.0,2.0,59.0,27.0,76.0,1265.0,273.0,6441.0,704.0,1327.0,103.0,247.0,2009.0,502.0,1026.0,2224.0,5062.0,2049.0,861.0,434.0,5129.0,4000.0,1183.0,3981.0,370.0,2519.0,63.0
2026-08-20T14:00Z,196.0,295.0,363.0,12494.0,12745.0,2742.0,37.0,16369.0,1989.0,7476.0,19002.0,2039.0,10288.0,5092.0,2075.0,1124.0,1468.0,369.0,3426.0,1066.0,1989.0,1954.0,3316.0,11336.0,4930.0,10864.0,20070.0,11141.0,23862.0,1694.0,1097.0,1604.0,527.0,658.0,1200.0,1095.0,316.0,790.0,7673.0,2888.0,1522.0,18219.0,6037.0,8636.0,3884.0,11448.0,2199.0,3086.0,18740.0,2315.0,1600.0,1567.0,2950.0,1972.0,5115.0,3864.0,5366.0,2072.0,5780.0,213.0,2.0,17.0,40.0,2.0,60.0,12.0,76.0,1271.0,278.0,6820.0,759.0,1368.0,108.0,254.0,2083.0,524.0,1066.0,2269.0,5317.0,2124.0,882.0,472.0,5168.0,4079.0,1215.0,4175.0,396.0,2570.0,66.0
2026-08-20T15:00Z,215.0,316.0,339.0,12992.0,14142.0,3147.0,131.0,17629.0,2178.0,7607.0,20401.0,2167.0,10985.0,5450.0,2235.0,1130.0,1532.0,361.0,3544.0,1140.0,2092.0,1978.0,3436.0,11621.0,4982.0,11174.0,20911.0,11692.0,25217.0,1704.0,1134.0,1717.0,541.0,724.0,1165.0,1173.0,325.0,822.0,7924.0,3094.0,1619.0,18607.0,6144.0,8848.0,4018.0,11914.0,2288.0,3259.0,19563.0,2498.0,1617.0,1627.0,3359.0,2025.0,5265.0,4056.0,5499.0,2109.0,6223.0,231.0,3.0,18.0,41.0,2.0,63.0,,78.0,1327.0,284.0,7377.0,819.0,1420.0,113.0,261.0,2188.0,554.0,1134.0,2360.0,5656.0,2230.0,914.0,513.0,5290.0,4158.0,1286.0,4397.0,415.0,2639.0,68.0
2026-08-20T16:00Z,216.0,341.0,348.0,13163.0,18111.0,3797.0,205.0,18978.0,2334.0,7783.0,22101.0,2316.0,11839.0,5862.0,2327.0,1177.0,1588.0,399.0,3763.0,1216.0,2169.0,2021.0,3515.0,11953.0,5116.0,11610.0,21560.0,12249.0,26989.0,1663.0,1132.0,1795.0,524.0,766.0,1265.0,1350.0,345.0,862.0,8106.0,3403.0,1658.0,19175.0,6312.0,9013.0,4150.0,12453.0,2374.0,3421.0,20669.0,2672.0,1622.0,1693.0,3633.0,2078.0,5311.0,4172.0,5603.0,2109.0,6482.0,254.0,2.0,21.0,40.0,3.0,66.0,,80.0,1374.0,296.0,8016.0,887.0,1472.0,120.0,279.0,2355.0,591.0,1212.0,2433.0,6080.0,2362.0,967.0,561.0,5514.0,4276.0,1362.0,4718.0,443.0,2750.0,71.0
2026-08-20T17:00Z,219.0,369.0,357.0,12892.0,19670.0,4293.0,227.0,20208.0,2586.0,7981.0,24002.0,2488.0,12748.0,6220.0,2432.0,1246.0,1658.0,413.0,4122.0,1323.0,2300.0,2182.0,3650.0,12331.0,5284.0,12034.0,22024.0,12808.0,28905.0,1621.0,1097.0,1804.0,527.0,819.0,1452.0,1464.0,395.0,932.0,8292.0,3639.0,1729.0,19898.0,6490.0,9393.0,4441.0,12940.0,2471.0,3599.0,21624.0,2793.0,1653.0,1862.0,3857.0,2116.0,5371.0,4414.0,5674.0,2110.0,6798.0,268.0,2.0,23.0,41.0,3.0,67.0,,81.0,1437.0,311.0,8681.0,956.0,1529.0,130.0,294.0,2527.0,626.0,1306.0,2545.0,6552.0,2478.0,1012.0,606.0,5730.0,4398.0,1447.0,5083.0,478.0,2903.0,74.0
2026-08-20T18:00Z,222.0,392.0,397.0,12942.0,20336.0,3970.0,260.0,21310.0,2776.0,8109.0,25934.0,2645.0,13686.0,6458.0,2437.0,1288.0,1737.0,489.0,4434.0,1447.0,2476.0,2428.0,3832.0,12610.0,5534.0,12549.0,22648.0,13286.0,30489.0,1621.0,1054.0,1805.0,543.0,823.0,1543.0,1519.0,396.0,943.0,8266.0,3769.0,1834.0,20547.0,6660.0,9720.0,4450.0,13395.0,2590.0,3767.0,22496.0,2969.0,1666.0,1966.0,3718.0,2195.0,5556.0,4441.0,5742.0,2158.0,6796.0,267.0,2.0,25.0,41.0,3.0,69.0,,83.0,1519.0,326.0,9361.0,1019.0,1569.0,145.0,312.0,2703.0,646.0,1413.0,2647.0,7014.0,2584.0,1061.0,643.0,5958.0,4536.0,1545.0,5434.0,525.0,3062.0,77.0
2026-08-20T19:00Z,240.0,415.0,403.0,12382.0,20133.0,3769.0,260.0,22228.0,2940.0,8182.0,27671.0,2738.0,14581.0,6804.0,2613.0,1298.0,1807.0,557.0,4515.0,1405.0,2614.0,2515.0,3999.0,12806.0,5782.0,12993.0,23326.0,13845.0,31900.0,1632.0,1021.0,1796.0,513.0,812.0,1584.0,1503.0,391.0,921.0,8242.0,3783.0,1997.0,20997.0,6618.0,10052.0,4733.0,13941.0,2678.0,3898.0,23218.0,3044.0,1662.0,2055.0,3787.0,2197.0,5749.0,4729.0,5737.0,2144.0,6879.0,258.0,2.0,27.0,42.0,3.0,70.0,0.0,84.0,1632.0,341.0,9946.0,1074.0,1600.0,165.0,327.0,2872.0,646.0,1519.0,2760.0,7416.0,2684.0,1108.0,677.0,6158.0,4682.0,1638.0,5741.0,573.0,3211.0,79.0
2026-08-20T20:00Z,238.0,436.0,410.0,12148.0,20425.0,3860.0,209.0,22728.0,2966.0,7666.0,28851.0,2570.0,14909.0,6992.0,2869.0,1410.0,1832.0,599.0,4537.0,1438.0,2644.0,2485.0,3948.0,12934.0,6007.0,13256.0,23808.0,14239.0,32681.0,1669.0,1005.0,1776.0,503.0,807.0,1575.0,1468.0,378.0,911.0,8176.0,3785.0,1983.0,21393.0,6623.0,10258.0,5258.0,14306.0,2735.0,4038.0,23130.0,3129.0,1691.0,2165.0,3904.0,2214.0,5910.0,4887.0,5704.0,2102.0,6720.0,245.0,2.0,29.0,42.0,3.0,72.0,9.0,87.0,1745.0,364.0,10317.0,1108.0,1620.0,179.0,342.0,3013.0,677.0,1610.0,2875.0,7616.0,2751.0,1141.0,695.0,6294.0,4742.0,1703.0,5938.0,623.0,3355.0,83.0
2026-08-20T21:00Z,240.0,455.0,419.0,12510.0,20468.0,3619.0,179.0,23008.0,3010.0,7380.0,29286.0,2541.0,14974.0,6963.0,2833.0,1547.0,1817.0,624.0,4476.0,1436.0,2686.0,2451.0,3898.0,13171.0,6187.0,13444.0,24181.0,14526.0,33275.0,1711.0,972.0,1735.0,497.0,838.0,1567.0,1439.0,355.0,886.0,8184.0,3718.0,1916.0,21661.0,6694.0,10228.0,5172.0,14720.0,2797.0,4170.0,22803.0,3276.0,1744.0,2175.0,3823.0,2126.0,5960.0,4980.0,5543.0,2085.0,6813.0,236.0,2.0,30.0,41.0,3.0,73.0,13.0,89.0,1862.0,371.0,10548.0,1135.0,1639.0,188.0,353.0,3137.0,717.0,1667.0,2959.0,7779.0,2808.0,1165.0,707.0,6425.0,4788.0,1758.0,6100.0,659.0,3434.0,85.0
2026-08-20T22:00Z,240.0,469.0,417.0,13005.0,20868.0,3417.0,194.0,23176.0,3042.0,7341.0,29522.0,2509.0,15005.0,6915.0,2800.0,1616.0,1805.0,651.0,4356.0,1396.0,2666.0,2401.0,3816.0,13457.0,6365.0,13649.0,24316.0,14668.0,33401.0,1767.0,1027.0,1633.0,508.0,854.0,1569.0,1407.0,354.0,896.0,8075.0,3632.0,1969.0,21850.0,6690.0,10220.0,4889.0,14990.0,2845.0,4223.0,22256.0,3292.0,1761.0,2233.0,3786.0,2061.0,5907.0,4767.0,5377.0,2094.0,6816.0,228.0,2.0,31.0,42.0,3.0,72.0,11.0,92.0,1968.0,381.0,10626.0,1143.0,1629.0,197.0,356.0,3173.0,740.0,1681.0,3014.0,7872.0,2852.0,1180.0,711.0,6421.0,4821.0,1791.0,6213.0,697.0,3493.0,88.0
2026-08-20T23:00Z,249.0,474.0,416.0,13536.0,22265.0,3609.0,167.0,23025.0,3039.0,7281.0,29627.0,2565.0,15224.0,6889.0,2703.0,1634.0,1761.0,671.0,4193.0,1343.0,2623.0,2357.0,3687.0,13677.0,6500.0,13677.0,24113.0,14676.0,33179.0,1847.0,1152.0,1655.0,534.0,833.0,1555.0,1377.0,349.0,849.0,7522.0,3568.0,1941.0,21750.0,6565.0,10110.0,4591.0,15004.0,2818.0,4194.0,21495.0,3114.0,1758.0,2130.0,3661.0,1999.0,5568.0,4452.0,5224.0,2058.0,6478.0,215.0,2.0,31.0,42.0,3.0,71.0,14.0,89.0,2050.0,382.0,10519.0,1133.0,1628.0,201.0,353.0,3192.0,741.0,1696.0,3020.0,7836.0,2853.0,1162.0,701.0,6351.0,4808.0,1799.0,6215.0,727.0,3582.0,91.0
2026-08-21T00:00Z,252.0,467.0,413.0,14628.0,22770.0,3736.0,188.0,22430.0,3093.0,7342.0,29309.0,2534.0,15409.0,6947.0,2822.0,1606.0,1715.0,679.0,4026.0,1323.0,2555.0,2314.0,3619.0,13726.0,6598.0,13467.0,23470.0,14386.0,32646.0,1872.0,1234.0,1822.0,545.0,912.0,1531.0,1345.0,338.0,806.0,7077.0,3365.0,1833.0,21240.0,6380.0,9814.0,4367.0,14600.0,2733.0,4069.0,20748.0,2917.0,1726.0,2121.0,3476.0,1938.0,5117.0,4205.0,5150.0,2026.0,6116.0,206.0,3.0,28.0,42.0,3.0,68.0,19.0,85.0,2042.0,382.0,10308.0,1103.0,1605.0,202.0,349.0,3120.0,715.0,1668.0,3008.0,7726.0,2756.0,1144.0,680.0,6297.0,4740.0,1788.0,6105.0,742.0,3555.0,92.0
2026-08-21T01:00Z,229.0,448.0,413.0,15579.0,21046.0,3784.0,155.0,21812.0,3043.0,7561.0,28317.0,2547.0,15615.0,6872.0,2782.0,1559.0,1641.0,669.0,3831.0,1251.0,2461.0,2248.0,3542.0,13631.0,6490.0,12919.0,22479.0,13845.0,31535.0,1843.0,1230.0,1826.0,552.0,937.0,1526.0,1310.0,327.0,766.0,6817.0,3151.0,1755.0,20646.0,6250.0,9337.0,4226.0,14041.0,2625.0,3913.0,20186.0,2731.0,1673.0,2044.0,3246.0,1927.0,4949.0,3980.0,5132.0,2033.0,5923.0,201.0,2.0,28.0,40.0,3.0,62.0,32.0,84.0,1951.0,371.0,9832.0,1043.0,1567.0,190.0,336.0,2992.0,679.0,1601.0,2938.0,7508.0,2651.0,1119.0,641.0,6212.0,4664.0,1737.0,5833.0,730.0,3501.0,94.0
2026-08-21T02:00Z,228.0,419.0,386.0,16061.0,20226.0,3793.0,126.0,21219.0,2969.0,7830.0,27179.0,2481.0,15057.0,6732.0,2715.0,1462.0,1520.0,644.0,3578.0,1078.0,2308.0,2112.0,3340.0,13540.0,6319.0,12516.0,21875.0,13389.0,30363.0,1773.0,1173.0,1755.0,526.0,897.0,1459.0,1244.0,314.0,719.0,6527.0,2936.0,1651.0,19872.0,5997.0,8983.0,4009.0,13508.0,2518.0,3765.0,19286.0,2518.0,1596.0,1964.0,3029.0,1860.0,4742.0,3754.0,4969.0,1955.0,5678.0,191.0,2.0,25.0,40.0,3.0,59.0,28.0,82.0,1869.0,356.0,9349.0,981.0,1535.0,179.0,329.0,2877.0,651.0,1525.0,2868.0,7245.0,2579.0,1067.0,607.0,6051.0,4582.0,1658.0,5534.0,692.0,3390.0,93.0
2026-08-21T03:00Z,236.0,391.0,400.0,15914.0,19527.0,3743.0,95.0,20308.0,2790.0,7843.0,26038.0,2341.0,14433.0,6538.0,2545.0,1348.0,1390.0,604.0,3281.0,1041.0,2048.0,1962.0,3055.0,13150.0,5931.0,11805.0,20652.0,12726.0,29065.0,1674.0,1091.0,1624.0,560.0,827.0,1364.0,1167.0,300.0,681.0,6151.0,2715.0,1516.0,18704.0,5630.0,8341.0,3709.0,12796.0,2341.0,3481.0,18262.0,2298.0,1517.0,1810.0,2788.0,1733.0,4459.0,3474.0,4635.0,1830.0,5345.0,182.0,2.0,23.0,40.0,3.0,60.0,28.0,81.0,1826.0,352.0,8832.0,909.0,1484.0,164.0,316.0,2722.0,621.0,1434.0,2782.0,6946.0,2481.0,1034.0,570.0,5901.0,4446.0,1580.0,5216.0,644.0,3277.0,89.0
2026-08-21T04:00Z,232.0,358.0,394.0,15836.0,19029.0,3628.0,75.0,19119.0,2634.0,7863.0,24300.0,2246.0,13711.0,6164.0,2478.0,1244.0,1271.0,546.0,3002.0,953.0,1857.0,1812.0,2816.0,12419.0,5462.0,10855.0,19256.0,11900.0,27458.0,1581.0,1020.0,1550.0,562.0,764.0,1277.0,1091.0,280.0,643.0,5889.0,2485.0,1370.0,17646.0,5254.0,7748.0,3403.0,11968.0,2158.0,3185.0,17235.0,2076.0,1407.0,1637.0,2595.0,1613.0,4161.0,3197.0,4325.0,1730.0,5037.0,169.0,2.0,20.0,40.0,2.0,59.0,27.0,81.0,1726.0,334.0,8212.0,822.0,1430.0,148.0,294.0,2520.0,575.0,1306.0,2621.0,6586.0,2336.0,983.0,521.0,5713.0,4228.0,1483.0,4803.0,588.0,3123.0,81.0
2026-08-21T05:00Z,224.0,324.0,345.0,15160.0,18487.0,3624.0,85.0,18034.0,2459.0,7831.0,22527.0,2150.0,12725.0,5718.0,2365.0,1164.0,1190.0,519.0,2793.0,921.0,1700.0,1708.0,2636.0,11625.0,5024.0,10291.0,18941.0,11115.0,25897.0,1504.0,962.0,1473.0,532.0,724.0,1219.0,1022.0,266.0,618.0,5650.0,2323.0,1258.0,16668.0,4954.0,7203.0,3144.0,11104.0,2005.0,2948.0,16413.0,1907.0,1363.0,1503.0,2398.0,1512.0,3907.0,2946.0,4101.0,1666.0,4766.0,159.0,2.0,19.0,41.0,2.0,58.0,30.0,78.0,1619.0,312.0,7600.0,745.0,1385.0,131.0,278.0,2313.0,524.0,1193.0,2473.0,6249.0,2192.0,934.0,470.0,5515.0,4038.0,1397.0,4404.0,526.0,2922.0,78.0
2026-08-21T06:00Z,211.0,292.0,327.0,14122.0,17149.0,3339.0,64.0,17065.0,2302.0,7811.0,20996.0,2019.0,11825.0,5434.0,2245.0,1133.0,1134.0,499.0,2642.0,836.0,1590.0,1631.0,2511.0,11024.0,4721.0,9865.0,18689.0,10831.0,24434.0,1447.0,923.0,1432.0,516.0,698.0,1192.0,969.0,253.0,587.0,5443.0,2196.0,1176.0,15950.0,4745.0,6881.0,2961.0,10512.0,1892.0,2771.0,15766.0,1788.0,1310.0,1412.0,2225.0,1452.0,3712.0,2764.0,3946.0,1598.0,4531.0,150.0,2.0,16.0,42.0,2.0,56.0,28.0,78.0,1483.0,294.0,7106.0,690.0,1343.0,118.0,260.0,2149.0,488.0,1098.0,2367.0,5932.0,2067.0,905.0,428.0,5361.0,3899.0,1323.0,4129.0,464.0,2767.0,77.0
2026-08-21T07:00Z,203.0,271.0,331.0,13198.0,16301.0,3125.0,46.0,16278.0,2190.0,7755.0,19737.0,1988.0,11089.0,5158.0,2185.0,1090.0,1093.0,481.0,2537.0,814.0,1521.0,1576.0,2429.0,10513.0,4492.0,9367.0,18146.0,10384.0,23612.0,1414.0,892.0,1397.0,511.0,680.0,1157.0,929.0,241.0,555.0,5236.0,2098.0,1122.0,15502.0,4616.0,6782.0,2832.0,9957.0,1807.0,2630.0,15298.0,1704.0,1264.0,1295.0,2106.0,1414.0,3575.0,2638.0,3817.0,1587.0,4356.0,144.0,2.0,15.0,42.0,2.0,56.0,26.0,75.0,1378.0,281.0,6701.0,643.0,1321.0,109.0,250.0,2028.0,465.0,1042.0,2292.0,5600.0,1985.0,855.0,400.0,5255.0,3804.0,1268.0,3926.0,419.0,2628.0,72.0
2026-08-21T08:00Z,203.0,261.0,329.0,12701.0,14957.0,3082.0,37.0,15704.0,2099.0,7712.0,18826.0,2005.0,10460.0,5009.0,2124.0,1073.0,1084.0,473.0,2481.0,810.0,1492.0,1553.0,2394.0,10387.0,4440.0,9227.0,18025.0,10204.0,23432.0,1391.0,875.0,1376.0,509.0,669.0,1143.0,907.0,230.0,538.0,5107.0,2030.0,1092.0,15267.0,4552.0,6687.0,2758.0,9600.0,1758.0,2572.0,14972.0,1656.0,1254.0,1252.0,2073.0,1389.0,3499.0,2574.0,3763.0,1603.0,4248.0,141.0,2.0,14.0,42.0,2.0,56.0,25.0,75.0,1314.0,269.0,6391.0,615.0,1299.0,103.0,240.0,1939.0,445.0,984.0,2216.0,5344.0,1931.0,828.0,379.0,5148.0,3725.0,1209.0,3777.0,386.0,2528.0,67.0
2026-08-21T09:00Z,199.0,254.0,353.0,12206.0,14255.0,2897.0,38.0,15393.0,2022.0,7674.0,18305.0,1990.0,10050.0,4935.0,2086.0,1088.0,1099.0,488.0,2493.0,811.0,1498.0,1569.0,2409.0,10071.0,4280.0,9107.0,17659.0,9922.0,22256.0,1393.0,878.0,1387.0,513.0,676.0,1159.0,902.0,228.0,533.0,5065.0,2018.0,1082.0,15358.0,4557.0,6603.0,2760.0,9423.0,1747.0,2554.0,14906.0,1652.0,1251.0,1307.0,2079.0,1398.0,3505.0,2582.0,3770.0,1590.0,4229.0,141.0,3.0,13.0,39.0,2.0,56.0,25.0,72.0,1260.0,267.0,6170.0,590.0,1284.0,99.0,236.0,1876.0,434.0,955.0,2174.0,5171.0,1898.0,823.0,365.0,5073.0,3685.0,1176.0,3624.0,360.0,2463.0,66.0
2026-08-21T10:00Z,205.0,253.0,352.0,11639.0,13701.0,2919.0,37.0,15339.0,2017.0,7677.0,18066.0,1964.0,9834.0,4868.0,2066.0,1134.0,1156.0,514.0,2616.0,880.0,1572.0,1627.0,2517.0,10091.0,4235.0,9286.0,17971.0,9840.0,21841.0,1427.0,909.0,1440.0,519.0,704.0,1196.0,922.0,236.0,555.0,5226.0,2076.0,1107.0,15594.0,4694.0,6822.0,2855.0,9467.0,1804.0,2649.0,15173.0,1708.0,1299.0,1336.0,2114.0,1461.0,3618.0,2747.0,3921.0,1676.0,4352.0,146.0,2.0,14.0,40.0,2.0,56.0,24.0,73.0,1227.0,260.0,6060.0,583.0,1280.0,98.0,234.0,1873.0,429.0,944.0,2159.0,5071.0,1897.0,828.0,363.0,5031.0,3659.0,1162.0,3583.0,345.0,2417.0,64.0
2026-08-21T11:00Z,202.0,257.0,352.0,11703.0,13426.0,2823.0,38.0,15528.0,2040.0,7678.0,18270.0,1986.0,9813.0,4955.0,2058.0,1192.0,1243.0,542.0,2835.0,891.0,1648.0,1732.0,2699.0,10434.0,4348.0,9782.0,18442.0,10072.0,22011.0,1478.0,953.0,1514.0,530.0,740.0,1235.0,959.0,249.0,592.0,5569.0,2176.0,1142.0,16399.0,4958.0,7201.0,3005.0,9863.0,1936.0,2815.0,15601.0,1790.0,1360.0,1415.0,2232.0,1558.0,3788.0,2950.0,4217.0,1787.0,4499.0,153.0,2.0,14.0,41.0,2.0,56.0,24.0,72.0,1231.0,263.0,6097.0,609.0,1282.0,100.0,243.0,1945.0,446.0,965.0,2204.0,5087.0,1936.0,825.0,373.0,5015.0,3720.0,1168.0,3685.0,338.0,2413.0,63.0
2026-08-21T12:00Z,199.0,265.0,357.0,11301.0,13121.0,2592.0,36.0,15783.0,2103.0,7646.0,18694.0,2024.0,10016.0,5088.0,2079.0,1206.0,1320.0,523.0,3016.0,933.0,1758.0,1825.0,2856.0,11063.0,4524.0,10088.0,18843.0,10234.0,22587.0,1505.0,948.0,1489.0,517.0,685.0,1219.0,976.0,256.0,623.0,5894.0,2289.0,1161.0,16861.0,5140.0,7580.0,3105.0,10424.0,2031.0,2932.0,15947.0,1837.0,1427.0,1443.0,2348.0,1632.0,4029.0,3054.0,4420.0,1879.0,4603.0,162.0,2.0,13.0,41.0,2.0,58.0,25.0,73.0,1267.0,264.0,6261.0,646.0,1286.0,104.0,256.0,2053.0,482.0,1003.0,2317.0,5201.0,2032.0,841.0,389.0,5064.0,3837.0,1197.0,3871.0,346.0,2458.0,62.0
2026-08-21T13:00Z,194.0,284.0,356.0,11702.0,13036.0,2622.0,35.0,15767.0,2074.0,7655.0,18731.0,2009.0,10058.0,5065.0,2075.0,1151.0,1371.0,423.0,3089.0,994.0,1847.0,1861.0,2965.0,11529.0,4600.0,10446.0,19608.0,10567.0,22702.0,1471.0,867.0,1366.0,491.0,587.0,1111.0,938.0,269.0,639.0,6177.0,2412.0,1168.0,17263.0,5265.0,7862.0,3197.0,10897.0,2134.0,3144.0,16405.0,1820.0,1471.0,1487.0,2392.0,1675.0,4296.0,3122.0,4537.0,1926.0,4636.0,175.0,2.0,16.0,41.0,2.0,59.0,27.0,74.0,1300.0,272.0,6350.0,675.0,1296.0,109.0,267.0,2156.0,516.0,1040.0,2368.0,5249.0,2120.0,845.0,413.0,5083.0,3958.0,1199.0,3985.0,363.0,2541.0,64.0
2026-08-21T14:00Z,208.0,309.0,368.0,12290.0,13328.0,2675.0,41.0,16479.0,2127.0,7750.0,19534.0,2094.0,10427.0,5117.0,2144.0,1102.0,1386.0,301.0,3080.0,1019.0,1895.0,1810.0,3014.0,11847.0,4555.0,10947.0,20060.0,11217.0,23697.0,1452.0,823.0,1190.0,473.0,490.0,983.0,881.0,270.0,660.0,6416.0,2479.0,1143.0,17945.0,5398.0,8220.0,3262.0,11322.0,2244.0,3372.0,16853.0,1879.0,1510.0,1588.0,2407.0,1711.0,4497.0,3167.0,4578.0,1970.0,4645.0,185.0,2.0,16.0,41.0,2.0,60.0,11.0,74.0,1328.0,279.0,6627.0,706.0,1305.0,117.0,285.0,2288.0,557.0,1135.0,2476.0,5307.0,2224.0,875.0,448.0,5116.0,4097.0,1199.0,4182.0,390.0,2601.0,68.0
2026-08-21T15:00Z,221.0,337.0,382.0,12954.0,15516.0,3537.0,156.0,17641.0,2338.0,7875.0,20949.0,2193.0,11120.0,5344.0,2255.0,1051.0,1394.0,241.0,3086.0,1038.0,1918.0,1797.0,3076.0,12088.0,4658.0,11473.0,20835.0,11799.0,25311.0,1480.0,826.0,1081.0,482.0,440.0,918.0,852.0,269.0,677.0,6565.0,2581.0,1162.0,18674.0,5588.0,8619.0,3350.0,11856.0,2362.0,3583.0,17359.0,1962.0,1586.0,1736.0,2493.0,1746.0,4696.0,3214.0,4615.0,1992.0,4707.0,194.0,2.0,18.0,41.0,2.0,62.0,,77.0,1366.0,289.0,7015.0,757.0,1317.0,129.0,295.0,2432.0,589.0,1235.0,2606.0,5380.0,2355.0,917.0,486.0,5284.0,4219.0,1222.0,4457.0,416.0,2691.0,71.0
2026-08-21T16:00Z,229.0,365.0,390.0,13101.0,20262.0,4089.0,249.0,18938.0,2580.0,7971.0,22815.0,2268.0,11965.0,5766.0,2388.0,1061.0,1426.0,221.0,3280.0,1041.0,1931.0,1809.0,3077.0,12313.0,4846.0,12118.0,21177.0,12496.0,27259.0,1500.0,835.0,1077.0,465.0,456.0,898.0,868.0,278.0,687.0,6749.0,2723.0,1220.0,19367.0,5782.0,8939.0,3474.0,12067.0,2488.0,3781.0,17848.0,2054.0,1652.0,1938.0,2630.0,1797.0,4876.0,3310.0,4710.0,2013.0,4858.0,200.0,2.0,21.0,43.0,3.0,63.0,,77.0,1429.0,302.0,7542.0,834.0,1356.0,145.0,313.0,2637.0,622.0,1367.0,2726.0,5448.0,2499.0,969.0,532.0,5485.0,4328.0,1252.0,4814.0,456.0,2821.0,74.0
2026-08-21T17:00Z,237.0,393.0,398.0,13068.0,21719.0,4380.0,254.0,20110.0,2756.0,8113.0,24687.0,2349.0,12897.0,6126.0,2544.0,1067.0,1448.0,227.0,3422.0,1040.0,1928.0,1869.0,3097.0,12524.0,5046.0,12619.0,21671.0,13163.0,29251.0,1558.0,864.0,1106.0,482.0,488.0,925.0,917.0,300.0,719.0,6943.0,2852.0,1307.0,19941.0,5980.0,9339.0,3618.0,12374.0,2631.0,3968.0,18398.0,2172.0,1723.0,2090.0,2823.0,1860.0,5089.0,3399.0,4863.0,2047.0,5128.0,211.0,2.0,23.0,42.0,3.0,64.0,,80.0,1457.0,317.0,8122.0,904.0,1405.0,164.0,337.0,2860.0,675.0,1503.0,2824.0,5554.0,2629.0,1018.0,583.0,5713.0,4407.0,1306.0,5179.0,502.0,2979.0,78.0
2026-08-21T18:00Z,235.0,419.0,407.0,12666.0,22177.0,4267.0,253.0,21227.0,2964.0,8217.0,26212.0,2458.0,13918.0,6474.0,2667.0,1081.0,1501.0,240.0,3505.0,1046.0,1917.0,1954.0,3118.0,12817.0,5293.0,13061.0,22229.0,13843.0,30823.0,1631.0,919.0,1166.0,488.0,512.0,986.0,1003.0,328.0,772.0,7116.0,2885.0,1422.0,20488.0,6244.0,9726.0,3752.0,12550.0,2753.0,4097.0,18951.0,2307.0,1764.0,2067.0,3144.0,1916.0,5328.0,3516.0,5038.0,2077.0,5523.0,227.0,3.0,25.0,40.0,3.0,65.0,,80.0,1520.0,327.0,8687.0,973.0,1455.0,186.0,361.0,3060.0,711.0,1622.0,2867.0,5707.0,2669.0,1068.0,632.0,5929.0,4472.0,1359.0,5551.0,560.0,3154.0,81.0
2026-08-21T19:00Z,238.0,442.0,409.0,11976.0,22972.0,4011.0,246.0,22235.0,3054.0,8204.0,27103.0,2576.0,14532.0,6780.0,2794.0,1154.0,1542.0,256.0,3500.0,1032.0,1903.0,1989.0,3133.0,13144.0,5560.0,13497.0,22578.0,14330.0,32082.0,1678.0,958.0,1186.0,469.0,550.0,1031.0,1113.0,360.0,781.0,7198.0,2855.0,1513.0,20893.0,6459.0,9931.0,3959.0,12746.0,2824.0,4194.0,19518.0,2417.0,1789.0,2150.0,3419.0,1988.0,5505.0,3687.0,5189.0,2088.0,5941.0,240.0,2.0,27.0,41.0,3.0,67.0,0.0,83.0,1568.0,345.0,9238.0,1043.0,1497.0,203.0,372.0,3243.0,741.0,1733.0,2898.0,5868.0,2692.0,1106.0,676.0,6109.0,4529.0,1414.0,5929.0,630.0,3337.0,83.0
2026-08-21T20:00Z,238.0,462.0,411.0,11529.0,22929.0,3829.0,209.0,22954.0,3140.0,8071.0,27260.0,2695.0,15189.0,6976.0,2863.0,1233.0,1563.0,289.0,3545.0,1014.0,1905.0,2011.0,3130.0,13317.0,5857.0,13785.0,22869.0,14767.0,32766.0,1713.0,984.0,1241.0,466.0,569.0,1110.0,1208.0,350.0,785.0,7253.0,2876.0,1637.0,21253.0,6659.0,10157.0,4196.0,13294.0,2849.0,4281.0,19690.0,2546.0,1837.0,2136.0,3599.0,2043.0,5686.0,3902.0,5367.0,2089.0,6243.0,248.0,2.0,28.0,42.0,3.0,68.0,2.0,86.0,1692.0,358.0,9595.0,1092.0,1536.0,213.0,385.0,3361.0,741.0,1818.0,2901.0,6078.0,2639.0,1129.0,710.0,6261.0,4607.0,1465.0,6204.0,698.0,3523.0,86.0
2026-08-21T21:00Z,242.0,475.0,422.0,11516.0,22283.0,3603.0,181.0,23293.0,3096.0,7629.0,27299.0,2590.0,15669.0,6965.0,2882.0,1302.0,1593.0,381.0,3599.0,1013.0,1892.0,2059.0,3142.0,13526.0,6108.0,14035.0,23074.0,14969.0,32715.0,1755.0,1036.0,1333.0,471.0,608.0,1222.0,1308.0,343.0,816.0,7343.0,2947.0,1775.0,21586.0,6803.0,10412.0,4377.0,13831.0,2879.0,4334.0,19937.0,2669.0,1900.0,2278.0,3856.0,2093.0,5789.0,4034.0,5497.0,2087.0,6540.0,252.0,2.0,27.0,41.0,3.0,68.0,8.0,86.0,1808.0,371.0,9839.0,1129.0,1564.0,225.0,387.0,3460.0,714.0,1855.0,2926.0,6365.0,2615.0,1142.0,731.0,6392.0,4643.0,1543.0,6370.0,716.0,3694.0,91.0
2026-08-21T22:00Z,248.0,487.0,418.0,12223.0,22416.0,3478.0,177.0,23448.0,3155.0,7502.0,27186.0,2512.0,15933.0,6952.0,2962.0,1414.0,1619.0,504.0,3705.0,1011.0,1907.0,2109.0,3128.0,13746.0,6383.0,14075.0,23053.0,15184.0,32271.0,1811.0,1091.0,1523.0,493.0,703.0,1381.0,1399.0,354.0,831.0,7349.0,3002.0,1886.0,21688.0,6827.0,10472.0,4421.0,13894.0,2888.0,4359.0,19779.0,2797.0,1916.0,2339.0,3948.0,2099.0,5767.0,4167.0,5579.0,2107.0,6733.0,252.0,2.0,25.0,41.0,3.0,68.0,19.0,87.0,1908.0,374.0,9975.0,1154.0,1578.0,231.0,380.0,3475.0,716.0,1860.0,2956.0,6661.0,2595.0,1144.0,742.0,6445.0,4658.0,1590.0,6443.0,698.0,3754.0,88.0
2026-08-21T23:00Z,252.0,487.0,416.0,12811.0,23055.0,3654.0,184.0,23332.0,3098.0,7444.0,27223.0,2553.0,16012.0,6813.0,2944.0,1485.0,1606.0,628.0,3723.0,1013.0,1912.0,2106.0,3041.0,13939.0,6538.0,13773.0,22565.0,15148.0,31505.0,1876.0,1206.0,1756.0,539.0,860.0,1533.0,1471.0,355.0,816.0,7080.0,2996.0,1905.0,21303.0,6706.0,10215.0,4308.0,13943.0,2800.0,4252.0,19147.0,2759.0,1896.0,2305.0,3876.0,2039.0,5619.0,3992.0,5539.0,2072.0,6632.0,241.0,2.0,26.0,41.0,3.0,68.0,23.0,88.0,1963.0,365.0,9936.0,1159.0,1571.0,223.0,356.0,3268.0,720.0,1789.0,2949.0,6874.0,2624.0,1128.0,737.0,6426.0,4641.0,1629.0,6305.0,688.0,3804.0,89.0
2026-08-22T00:00Z,245.0,472.0,409.0,13839.0,22612.0,3860.0,182.0,22729.0,3108.0,7714.0,26859.0,2685.0,16002.0,6714.0,2761.0,1501.0,1575.0,662.0,3695.0,982.0,1896.0,2095.0,3012.0,13898.0,6635.0,13488.0,21912.0,14731.0,30527.0,1899.0,1269.0,1897.0,566.0,975.0,1589.0,1478.0,346.0,791.0,6892.0,2967.0,1824.0,20650.0,6444.0,9807.0,4145.0,13544.0,2659.0,4068.0,18619.0,2651.0,1802.0,2190.0,3691.0,1968.0,5324.0,3830.0,5397.0,2000.0,6462.0,229.0,2.0,23.0,41.0,3.0,65.0,25.0,88.0,1972.0,370.0,9698.0,1136.0,1544.0,204.0,333.0,2980.0,714.0,1683.0,2942.0,6886.0,2645.0,1117.0,719.0,6360.0,4569.0,1648.0,6077.0,687.0,3733.0,89.0
2026-08-22T01:00Z,227.0,452.0,394.0,14835.0,21977.0,4112.0,160.0,21923.0,3016.0,8021.0,25988.0,2820.0,15584.0,6571.0,2650.0,1463.0,1542.0,664.0,3649.0,973.0,1874.0,2070.0,2969.0,13630.0,6473.0,12880.0,21465.0,14036.0,29030.0,1849.0,1252.0,1878.0,584.0,962.0,1574.0,1428.0,343.0,770.0,6759.0,2904.0,1759.0,20020.0,6209.0,9458.0,4083.0,13334.0,2528.0,3889.0,18376.0,2567.0,1712.0,2092.0,3480.0,1933.0,5161.0,3755.0,5312.0,1964.0,6349.0,222.0,2.0,23.0,40.0,3.0,61.0,26.0,87.0,1962.0,365.0,9212.0,1068.0,1519.0,190.0,317.0,2852.0,684.0,1571.0,2881.0,6715.0,2605.0,1093.0,680.0,6288.0,4465.0,1611.0,5803.0,662.0,3633.0,87.0
2026-08-22T02:00Z,227.0,421.0,388.0,15682.0,21289.0,4009.0,121.0,21169.0,2933.0,8220.0,25105.0,2528.0,14832.0,6456.0,2771.0,1377.0,1454.0,634.0,3476.0,924.0,1794.0,1991.0,2862.0,13285.0,6273.0,12468.0,21038.0,13350.0,27620.0,1774.0,1193.0,1792.0,558.0,912.0,1487.0,1354.0,327.0,743.0,6543.0,2759.0,1658.0,19314.0,5907.0,9067.0,3920.0,13244.0,2406.0,3737.0,17766.0,2426.0,1626.0,1966.0,3284.0,1842.0,4972.0,3626.0,5067.0,1860.0,6107.0,211.0,2.0,22.0,38.0,2.0,60.0,27.0,84.0,1883.0,352.0,8689.0,1004.0,1485.0,179.0,313.0,2754.0,649.0,1484.0,2795.0,6422.0,2523.0,1055.0,646.0,6157.0,4334.0,1552.0,5502.0,634.0,3485.0,85.0
2026-08-22T03:00Z,230.0,393.0,389.0,15313.0,20367.0,3853.0,88.0,20280.0,2787.0,8076.0,24058.0,2415.0,14253.0,6207.0,2605.0,1273.0,1345.0,593.0,3230.0,873.0,1686.0,1881.0,2739.0,12846.0,5950.0,11740.0,20117.0,12760.0,26653.0,1682.0,1118.0,1669.0,534.0,843.0,1392.0,1267.0,315.0,704.0,6265.0,2603.0,1545.0,18318.0,5510.0,8534.0,3674.0,12962.0,2234.0,3508.0,16966.0,2256.0,1540.0,1798.0,3019.0,1711.0,4751.0,3419.0,4730.0,1752.0,5777.0,197.0,2.0,21.0,37.0,2.0,59.0,27.0,83.0,1814.0,348.0,8198.0,928.0,1436.0,165.0,303.0,2628.0,621.0,1397.0,2717.0,6126.0,2432.0,1023.0,603.0,5972.0,4228.0,1481.0,5204.0,594.0,3386.0,80.0
2026-08-22T04:00Z,231.0,361.0,380.0,15356.0,19666.0,3716.0,106.0,19280.0,2635.0,7988.0,22700.0,2173.0,13413.0,5877.0,2534.0,1172.0,1239.0,541.0,2973.0,835.0,1582.0,1753.0,2601.0,12133.0,5552.0,10874.0,18899.0,11987.0,25388.0,1574.0,1042.0,1583.0,530.0,776.0,1302.0,1175.0,296.0,667.0,5976.0,2421.0,1417.0,17165.0,5126.0,8005.0,3405.0,12394.0,2059.0,3258.0,16131.0,2079.0,1458.0,1669.0,2793.0,1580.0,4463.0,3194.0,4417.0,1640.0,5433.0,183.0,3.0,19.0,40.0,2.0,58.0,26.0,83.0,1722.0,332.0,7652.0,846.0,1382.0,150.0,286.0,2470.0,588.0,1291.0,2592.0,5808.0,2316.0,1005.0,553.0,5787.0,4064.0,1406.0,4847.0,551.0,3244.0,78.0
2026-08-22T05:00Z,222.0,332.0,370.0,14726.0,18949.0,3650.0,86.0,18313.0,2476.0,7938.0,21376.0,2050.0,12540.0,5567.0,2394.0,1127.0,1467.0,514.0,2774.0,789.0,1485.0,1317.0,2471.0,11307.0,5127.0,10200.0,18134.0,11155.0,23746.0,1486.0,977.0,1489.0,503.0,733.0,1241.0,1093.0,274.0,634.0,5735.0,2266.0,1307.0,16246.0,4800.0,7565.0,3169.0,11684.0,1918.0,3034.0,15476.0,1926.0,1383.0,1530.0,2565.0,1478.0,4202.0,3006.0,4145.0,1563.0,5112.0,171.0,2.0,18.0,40.0,2.0,57.0,30.0,80.0,1601.0,315.0,7119.0,766.0,1345.0,135.0,268.0,2300.0,542.0,1181.0,2451.0,5497.0,2193.0,964.0,507.0,5592.0,3897.0,1327.0,4495.0,501.0,3055.0,77.0
2026-08-22T06:00Z,219.0,303.0,357.0,13829.0,17565.0,3441.0,47.0,17379.0,2306.0,7886.0,20139.0,1936.0,11673.0,5316.0,2274.0,1039.0,1443.0,484.0,2622.0,775.0,1412.0,1242.0,2376.0,10673.0,4806.0,9568.0,17703.0,10403.0,22732.0,1422.0,928.0,1432.0,494.0,712.0,1202.0,1030.0,259.0,602.0,5515.0,2125.0,1227.0,15667.0,4586.0,7193.0,2980.0,11079.0,1801.0,2846.0,15044.0,1812.0,1307.0,1423.0,2374.0,1407.0,3995.0,2853.0,3945.0,1497.0,4838.0,160.0,2.0,17.0,40.0,2.0,56.0,28.0,79.0,1482.0,297.0,6665.0,698.0,1322.0,123.0,255.0,2169.0,501.0,1094.0,2320.0,5218.0,2074.0,920.0,463.0,5419.0,3750.0,1252.0,4221.0,452.0,2900.0,73.0
2026-08-22T07:00Z,214.0,283.0,348.0,13039.0,16610.0,3256.0,28.0,16591.0,2194.0,7854.0,19083.0,1953.0,10890.0,5026.0,2216.0,1018.0,1406.0,473.0,2518.0,722.0,1369.0,1200.0,2314.0,10146.0,4536.0,9332.0,17044.0,10285.0,21918.0,1387.0,897.0,1389.0,509.0,691.0,1166.0,989.0,243.0,571.0,5348.0,2028.0,1175.0,15152.0,4457.0,6922.0,2843.0,10436.0,1711.0,2699.0,14694.0,1743.0,1251.0,1395.0,2269.0,1357.0,3834.0,2720.0,3828.0,1510.0,4629.0,152.0,2.0,15.0,40.0,2.0,55.0,26.0,77.0,1388.0,287.0,6280.0,647.0,1287.0,114.0,244.0,2046.0,477.0,1018.0,2216.0,4965.0,1975.0,887.0,427.0,5252.0,3649.0,1196.0,3999.0,415.0,2770.0,69.0
2026-08-22T08:00Z,207.0,268.0,345.0,12580.0,15321.0,3139.0,35.0,15974.0,2071.0,7860.0,18209.0,1918.0,10272.0,4893.0,2002.0,1007.0,1378.0,462.0,2454.0,722.0,1344.0,1159.0,2262.0,9840.0,4352.0,9078.0,17007.0,10078.0,21300.0,1367.0,874.0,1357.0,507.0,678.0,1147.0,959.0,235.0,551.0,5224.0,1971.0,1138.0,14897.0,4386.0,6748.0,2784.0,10016.0,1653.0,2615.0,14516.0,1700.0,1222.0,1198.0,2193.0,1330.0,3727.0,2643.0,3752.0,1481.0,4489.0,147.0,2.0,14.0,40.0,2.0,55.0,25.0,77.0,1315.0,271.0,5988.0,611.0,1270.0,107.0,237.0,1956.0,457.0,979.0,2160.0,4785.0,1906.0,852.0,398.0,5124.0,3613.0,1156.0,3829.0,389.0,2663.0,67.0
2026-08-22T09:00Z,202.0,257.0,342.0,11947.0,14366.0,3051.0,33.0,15514.0,1957.0,7855.0,17438.0,1813.0,9783.0,4797.0,2094.0,1001.0,1377.0,461.0,2433.0,723.0,1346.0,1166.0,2254.0,9649.0,4234.0,8995.0,16783.0,9864.0,20904.0,1359.0,863.0,1350.0,505.0,677.0,1144.0,943.0,230.0,541.0,5146.0,1954.0,1123.0,14767.0,4349.0,6676.0,2765.0,9711.0,1622.0,2553.0,14442.0,1689.0,1215.0,1199.0,2136.0,1320.0,3679.0,2608.0,3721.0,1485.0,4420.0,145.0,2.0,14.0,40.0,2.0,54.0,24.0,75.0,1255.0,257.0,5793.0,589.0,1267.0,104.0,232.0,1896.0,450.0,934.0,2169.0,4678.0,1862.0,821.0,380.0,5044.0,3590.0,1123.0,3704.0,362.0,2564.0,65.0
2026-08-22T10:00Z,201.0,251.0,340.0,11449.0,13515.0,2751.0,32.0,15228.0,1909.0,7777.0,16860.0,1748.0,9454.0,4641.0,2037.0,1031.0,1396.0,478.0,2468.0,749.0,1369.0,1179.0,2287.0,9572.0,4160.0,8969.0,16839.0,9711.0,20615.0,1384.0,868.0,1369.0,514.0,681.0,1164.0,941.0,230.0,544.0,5147.0,1971.0,1133.0,14815.0,4374.0,6589.0,2803.0,9618.0,1628.0,2529.0,14552.0,1707.0,1207.0,1224.0,2149.0,1343.0,3710.0,2627.0,3779.0,1508.0,4423.0,145.0,2.0,13.0,38.0,2.0,54.0,24.0,74.0,1211.0,255.0,5638.0,574.0,1253.0,102.0,230.0,1872.0,445.0,945.0,2134.0,4653.0,1839.0,789.0,369.0,4984.0,3589.0,1106.0,3626.0,345.0,2495.0,64.0
2026-08-22T11:00Z,202.0,249.0,341.0,11191.0,12981.0,2574.0,34.0,15161.0,1901.0,7772.0,16662.0,1823.0,9242.0,4641.0,2047.0,1046.0,1440.0,482.0,2543.0,830.0,1447.0,1214.0,2366.0,9655.0,4177.0,9008.0,17103.0,9722.0,20467.0,1397.0,876.0,1390.0,537.0,689.0,1154.0,954.0,236.0,555.0,5242.0,2007.0,1155.0,14894.0,4458.0,6686.0,2874.0,9689.0,1664.0,2570.0,14813.0,1749.0,1222.0,1170.0,2189.0,1390.0,3780.0,2724.0,3892.0,1537.0,4429.0,147.0,2.0,14.0,41.0,2.0,54.0,24.0,73.0,1192.0,258.0,5579.0,576.0,1249.0,102.0,230.0,1858.0,451.0,934.0,2169.0,4619.0,1840.0,790.0,364.0,4944.0,3604.0,1103.0,3619.0,336.0,2454.0,66.0
2026-08-22T12:00Z,209.0,251.0,342.0,10798.0,12630.0,2501.0,30.0,15134.0,1857.0,7762.0,16450.0,1799.0,9177.0,4629.0,2057.0,1078.0,1487.0,450.0,2652.0,816.0,1509.0,1256.0,2458.0,9810.0,4193.0,9064.0,17358.0,9783.0,20361.0,1390.0,857.0,1324.0,531.0,614.0,1108.0,965.0,245.0,569.0,5395.0,2079.0,1186.0,15201.0,4570.0,6813.0,2953.0,9781.0,1719.0,2641.0,15132.0,1815.0,1258.0,1151.0,2238.0,1442.0,3901.0,2830.0,4018.0,1573.0,4476.0,151.0,2.0,13.0,40.0,2.0,53.0,25.0,72.0,1179.0,258.0,5548.0,580.0,1243.0,103.0,229.0,1892.0,458.0,939.0,2154.0,4677.0,1860.0,797.0,364.0,4915.0,3645.0,1114.0,3639.0,335.0,2448.0,66.0
2026-08-22T13:00Z,190.0,257.0,343.0,10825.0,12820.0,2586.0,30.0,15126.0,1835.0,7670.0,16385.0,1782.0,9155.0,4533.0,2063.0,1117.0,1549.0,380.0,2800.0,880.0,1603.0,1282.0,2579.0,9942.0,4175.0,9394.0,18010.0,9948.0,20491.0,1406.0,781.0,1172.0,501.0,496.0,1016.0,986.0,261.0,596.0,5615.0,2245.0,1239.0,15925.0,4829.0,7213.0,3099.0,9902.0,1820.0,2799.0,15645.0,1916.0,1333.0,1288.0,2384.0,1533.0,4087.0,2953.0,4259.0,1645.0,4635.0,163.0,3.0,14.0,42.0,2.0,53.0,25.0,72.0,1179.0,259.0,5628.0,603.0,1249.0,107.0,230.0,1942.0,470.0,945.0,2201.0,4682.0,1908.0,801.0,377.0,4906.0,3700.0,1128.0,3715.0,340.0,2453.0,69.0
2026-08-22T14:00Z,202.0,274.0,347.0,11110.0,12320.0,2650.0,40.0,15791.0,1948.0,7603.0,17469.0,1883.0,9668.0,4694.0,2110.0,1117.0,1604.0,312.0,2922.0,898.0,1711.0,1326.0,2690.0,10099.0,4214.0,9927.0,18670.0,10254.0,21669.0,1451.0,738.0,1064.0,491.0,449.0,1016.0,952.0,280.0,620.0,5807.0,2408.0,1280.0,16748.0,5060.0,7686.0,3186.0,10226.0,1945.0,3043.0,16226.0,2002.0,1437.0,1499.0,2443.0,1601.0,4266.0,3073.0,4429.0,1707.0,4730.0,172.0,2.0,14.0,40.0,2.0,52.0,9.0,72.0,1173.0,259.0,6062.0,661.0,1279.0,115.0,237.0,2012.0,510.0,1006.0,2261.0,4749.0,1995.0,827.0,418.0,4954.0,3791.0,1159.0,3875.0,357.0,2499.0,69.0
2026-08-22T15:00Z,219.0,300.0,355.0,11328.0,13632.0,3034.0,160.0,16981.0,2188.0,7669.0,19137.0,2024.0,10484.0,5014.0,2258.0,1066.0,1675.0,289.0,3074.0,942.0,1751.0,1356.0,2781.0,10396.0,4348.0,10486.0,19256.0,10916.0,23410.0,1464.0,800.0,1076.0,495.0,446.0,973.0,913.0,281.0,635.0,5956.0,2528.0,1314.0,17647.0,5334.0,8182.0,3364.0,10707.0,2079.0,3253.0,16797.0,2053.0,1529.0,1719.0,2562.0,1645.0,4444.0,3257.0,4534.0,1743.0,4805.0,176.0,2.0,16.0,41.0,2.0,53.0,,75.0,1235.0,276.0,6692.0,738.0,1317.0,117.0,241.0,2068.0,556.0,1059.0,2371.0,4942.0,2110.0,882.0,463.0,5144.0,3924.0,1199.0,4026.0,386.0,2601.0,72.0
2026-08-22T16:00Z,221.0,327.0,364.0,11169.0,17949.0,3966.0,258.0,18254.0,2387.0,8005.0,21332.0,2159.0,11434.0,5431.0,2406.0,1081.0,1717.0,270.0,3145.0,978.0,1777.0,1397.0,2810.0,10606.0,4517.0,11141.0,19514.0,11504.0,25627.0,1517.0,812.0,1100.0,500.0,504.0,882.0,882.0,288.0,649.0,6115.0,2609.0,1311.0,18445.0,5679.0,8678.0,3468.0,11287.0,2203.0,3430.0,17353.0,2110.0,1619.0,1775.0,2584.0,1709.0,4613.0,3271.0,4613.0,1805.0,4839.0,186.0,2.0,17.0,41.0,2.0,54.0,,74.0,1301.0,287.0,7328.0,815.0,1350.0,122.0,250.0,2134.0,598.0,1119.0,2472.0,5242.0,2246.0,929.0,520.0,5383.0,4064.0,1245.0,4203.0,423.0,2733.0,75.0
2026-08-22T17:00Z,228.0,350.0,371.0,11175.0,19484.0,4042.0,257.0,19520.0,2650.0,8162.0,23650.0,2291.0,12515.0,5846.0,2581.0,1157.0,1740.0,270.0,3148.0,983.0,1815.0,1382.0,2856.0,10864.0,4719.0,11572.0,19408.0,12053.0,27810.0,1507.0,842.0,1171.0,509.0,533.0,874.0,936.0,295.0,661.0,6168.0,2670.0,1281.0,19116.0,5995.0,9099.0,3496.0,11886.0,2315.0,3644.0,17893.0,2153.0,1715.0,1815.0,2737.0,1775.0,4751.0,3242.0,4812.0,1866.0,4871.0,197.0,2.0,20.0,42.0,2.0,56.0,,76.0,1392.0,304.0,7927.0,890.0,1372.0,133.0,262.0,2206.0,626.0,1170.0,2542.0,5645.0,2380.0,941.0,563.0,5647.0,4172.0,1313.0,4377.0,463.0,2872.0,77.0
2026-08-22T18:00Z,228.0,368.0,377.0,10587.0,20573.0,3704.0,255.0,20707.0,2867.0,8307.0,25720.0,2395.0,13567.0,6230.0,2705.0,1205.0,1710.0,275.0,3150.0,1006.0,1843.0,1395.0,2842.0,11157.0,4918.0,12014.0,19600.0,12487.0,29605.0,1562.0,945.0,1226.0,517.0,558.0,969.0,1026.0,303.0,672.0,6207.0,2662.0,1353.0,19772.0,6247.0,9162.0,3592.0,12468.0,2394.0,3764.0,18404.0,2214.0,1801.0,1911.0,2916.0,1811.0,4891.0,3319.0,4890.0,1926.0,5068.0,206.0,2.0,21.0,41.0,2.0,58.0,,77.0,1492.0,323.0,8403.0,929.0,1395.0,143.0,272.0,2281.0,650.0,1234.0,2583.0,5980.0,2493.0,958.0,556.0,5876.0,4254.0,1367.0,4480.0,506.0,3025.0,80.0
2026-08-22T19:00Z,224.0,375.0,384.0,10191.0,21069.0,3585.0,231.0,21729.0,3052.0,8374.0,27014.0,2470.0,14401.0,6548.0,2817.0,1216.0,1701.0,342.0,3123.0,991.0,1832.0,1419.0,2811.0,11443.0,5145.0,12279.0,19930.0,12794.0,31273.0,1656.0,1021.0,1298.0,513.0,568.0,1056.0,1088.0,303.0,683.0,6310.0,2615.0,1437.0,20094.0,6439.0,9018.0,3675.0,12985.0,2415.0,3868.0,18932.0,2223.0,1887.0,2023.0,3113.0,1852.0,4964.0,3481.0,4985.0,1995.0,5347.0,214.0,2.0,24.0,42.0,2.0,60.0,2.0,79.0,1578.0,344.0,8730.0,910.0,1400.0,152.0,286.0,2398.0,660.0,1287.0,2652.0,6197.0,2582.0,990.0,532.0,6078.0,4342.0,1434.0,4656.0,547.0,3171.0,81.0
2026-08-22T20:00Z,228.0,382.0,389.0,10061.0,20830.0,3465.0,209.0,22437.0,3123.0,8269.0,27458.0,2648.0,15144.0,6832.0,2904.0,1262.0,1676.0,396.0,3162.0,982.0,1839.0,1454.0,2800.0,11534.0,5363.0,12526.0,20150.0,13071.0,31830.0,1773.0,1063.0,1367.0,508.0,584.0,1157.0,1194.0,302.0,687.0,6391.0,2689.0,1492.0,19907.0,6643.0,8985.0,3731.0,13320.0,2408.0,3932.0,19379.0,2211.0,1927.0,2128.0,3223.0,1890.0,5050.0,3514.0,5066.0,2021.0,5560.0,224.0,2.0,26.0,42.0,2.0,61.0,12.0,80.0,1687.0,361.0,8898.0,851.0,1404.0,167.0,303.0,2563.0,663.0,1382.0,2688.0,6247.0,2639.0,1013.0,516.0,6242.0,4400.0,1471.0,4873.0,601.0,3279.0,86.0
2026-08-22T21:00Z,227.0,383.0,388.0,10130.0,21014.0,3158.0,175.0,22962.0,3205.0,7716.0,27695.0,2435.0,15647.0,6970.0,2957.0,1283.0,1687.0,457.0,3224.0,971.0,1832.0,1494.0,2783.0,11776.0,5596.0,12716.0,20232.0,13265.0,32321.0,1887.0,1133.0,1489.0,510.0,633.0,1267.0,1280.0,320.0,728.0,6484.0,2812.0,1530.0,19875.0,6718.0,8890.0,3805.0,13574.0,2411.0,3958.0,19729.0,2220.0,1932.0,2212.0,3274.0,1923.0,5141.0,3587.0,5150.0,2050.0,5809.0,235.0,2.0,25.0,43.0,2.0,62.0,17.0,81.0,1798.0,366.0,9052.0,818.0,1413.0,180.0,316.0,2725.0,677.0,1480.0,2763.0,6383.0,2696.0,1036.0,520.0,6343.0,4458.0,1504.0,5086.0,610.0,3309.0,88.0
2026-08-22T22:00Z,224.0,378.0,384.0,10726.0,21116.0,3050.0,159.0,23075.0,3218.0,7553.0,27858.0,2443.0,15735.0,7014.0,2996.0,1315.0,1707.0,532.0,3318.0,978.0,1849.0,1554.0,2804.0,12038.0,5778.0,12777.0,20270.0,13460.0,32295.0,1909.0,1278.0,1631.0,556.0,733.0,1434.0,1370.0,334.0,764.0,6554.0,2866.0,1551.0,19796.0,6613.0,8778.0,3921.0,13625.0,2438.0,3910.0,19929.0,2273.0,1784.0,2176.0,3348.0,1945.0,5226.0,3741.0,5263.0,2023.0,5945.0,238.0,3.0,25.0,45.0,3.0,62.0,15.0,83.0,1891.0,375.0,9202.0,803.0,1421.0,190.0,324.0,2831.0,689.0,1532.0,2797.0,6531.0,2724.0,1043.0,500.0,6334.0,4487.0,1540.0,5287.0,603.0,3318.0,89.0
2026-08-22T23:00Z,229.0,370.0,380.0,11838.0,21592.0,3377.0,168.0,22945.0,3081.0,7522.0,28117.0,2470.0,15673.0,6908.0,3034.0,1357.0,1699.0,610.0,3360.0,961.0,1844.0,1570.0,2812.0,12348.0,5959.0,12629.0,20257.0,13516.0,31975.0,1887.0,1351.0,1849.0,595.0,879.0,1587.0,1406.0,338.0,767.0,6490.0,2872.0,1565.0,19493.0,6359.0,8410.0,3959.0,13566.0,2400.0,3847.0,19813.0,2313.0,1634.0,1952.0,3326.0,1926.0,5123.0,3765.0,5267.0,1947.0,5956.0,230.0,2.0,23.0,42.0,2.0,63.0,22.0,86.0,2008.0,382.0,9212.0,831.0,1440.0,195.0,325.0,2878.0,695.0,1565.0,2801.0,6659.0,2729.0,1043.0,512.0,6297.0,4485.0,1572.0,5387.0,591.0,3303.0,89.0
2026-08-23T00:00Z,228.0,367.0,379.0,12688.0,21801.0,3597.0,171.0,22520.0,3154.0,7614.0,27833.0,2489.0,15774.0,6747.0,2918.0,1373.0,1699.0,639.0,3363.0,971.0,1837.0,1559.0,2806.0,12567.0,6053.0,12315.0,19924.0,13238.0,30845.0,1846.0,1335.0,1974.0,621.0,948.0,1611.0,1383.0,330.0,746.0,6404.0,2840.0,1555.0,18834.0,6086.0,8127.0,3927.0,13336.0,2290.0,3676.0,19365.0,2316.0,1602.0,1907.0,3229.0,1866.0,4978.0,3718.0,5173.0,1894.0,5878.0,216.0,2.0,21.0,43.0,2.0,62.0,24.0,86.0,2036.0,381.0,9047.0,843.0,1430.0,193.0,323.0,2835.0,682.0,1537.0,2778.0,6632.0,2684.0,1028.0,529.0,6245.0,4467.0,1583.0,5346.0,589.0,3254.0,88.0
2026-08-23T01:00Z,212.0,359.0,377.0,13980.0,21174.0,3925.0,162.0,,2987.0,7802.0,,2443.0,15502.0,6577.0,2846.0,1350.0,1690.0,637.0,3341.0,941.0,1819.0,1520.0,2785.0,12431.0,5928.0,11770.0,19294.0,12580.0,29653.0,1819.0,1317.0,1953.0,605.0,929.0,1588.0,1360.0,324.0,743.0,6348.0,2801.0,1553.0,18231.0,5948.0,7965.0,3926.0,12903.0,2156.0,3465.0,19015.0,2311.0,1553.0,1800.0,3166.0,1830.0,4925.0,3688.0,5091.0,1874.0,5844.0,209.0,2.0,19.0,41.0,2.0,61.0,29.0,82.0,1934.0,372.0,8634.0,813.0,1398.0,181.0,311.0,2694.0,652.0,1455.0,2726.0,6394.0,2590.0,996.0,511.0,6135.0,4386.0,1533.0,5110.0,572.0,3201.0,85.0
2026-08-23T02:00Z,212.0,350.0,375.0,15044.0,20158.0,4097.0,119.0,21147.0,2929.0,7948.0,25993.0,2327.0,14763.0,6433.0,2728.0,1294.0,1601.0,614.0,3229.0,905.0,1753.0,1481.0,2721.0,12052.0,5706.0,11274.0,18852.0,11959.0,28545.0,1763.0,1267.0,1887.0,608.0,863.0,1545.0,1303.0,317.0,723.0,6225.0,2707.0,1508.0,17631.0,5673.0,7846.0,3818.0,12557.0,2064.0,3303.0,18312.0,2233.0,1534.0,1819.0,3010.0,1753.0,4773.0,3596.0,4922.0,1804.0,5688.0,201.0,2.0,19.0,43.0,2.0,59.0,27.0,83.0,1865.0,364.0,8237.0,773.0,1358.0,166.0,300.0,2566.0,612.0,1361.0,2584.0,6135.0,2469.0,960.0,489.0,5974.0,4245.0,1462.0,4840.0,546.0,3114.0,82.0
2026-08-23T03:00Z,218.0,341.0,372.0,14987.0,19408.0,4000.0,74.0,20301.0,2791.0,7837.0,24801.0,2196.0,13976.0,6222.0,2607.0,1195.0,1564.0,582.0,3055.0,845.0,1651.0,1362.0,2615.0,11608.0,5363.0,10709.0,17956.0,11374.0,27299.0,1702.0,1193.0,1800.0,586.0,831.0,1466.0,1236.0,307.0,701.0,6055.0,2582.0,1434.0,16764.0,5326.0,7513.0,3651.0,11980.0,1920.0,3077.0,17479.0,2118.0,1492.0,1635.0,2854.0,1661.0,4554.0,3464.0,4674.0,1691.0,5441.0,192.0,2.0,17.0,43.0,2.0,59.0,27.0,83.0,1804.0,350.0,7782.0,730.0,1324.0,152.0,285.0,2433.0,577.0,1261.0,2548.0,5885.0,2362.0,941.0,460.0,5799.0,4130.0,1402.0,4568.0,527.0,3057.0,81.0
2026-08-23T04:00Z,208.0,325.0,366.0,14901.0,18579.0,3804.0,87.0,19232.0,2635.0,7695.0,23357.0,1985.0,13126.0,5912.0,2471.0,1085.0,1525.0,543.0,2868.0,823.0,1556.0,1265.0,2497.0,10956.0,4986.0,10109.0,16923.0,10732.0,26096.0,1617.0,1116.0,1705.0,509.0,788.0,1390.0,1156.0,286.0,666.0,5852.0,2432.0,1346.0,15892.0,5026.0,7027.0,3445.0,11356.0,1779.0,2871.0,16542.0,1980.0,1414.0,1506.0,2665.0,1556.0,4303.0,3249.0,4411.0,1608.0,5176.0,180.0,2.0,18.0,43.0,2.0,57.0,26.0,81.0,1702.0,329.0,7287.0,678.0,1295.0,137.0,267.0,2270.0,539.0,1168.0,2430.0,5622.0,2227.0,900.0,422.0,5641.0,3995.0,1333.0,4249.0,499.0,2955.0,80.0
2026-08-23T05:00Z,192.0,304.0,358.0,14355.0,17987.0,3638.0,92.0,17955.0,2387.0,,21769.0,1835.0,11994.0,5488.0,2350.0,1073.0,1417.0,524.0,2705.0,779.0,1449.0,1199.0,2393.0,10289.0,4629.0,9589.0,16312.0,10076.0,24731.0,1535.0,1052.0,1612.0,531.0,734.0,1323.0,1083.0,264.0,648.0,5655.0,2295.0,1265.0,15196.0,4732.0,6699.0,3236.0,10689.0,1662.0,2679.0,15723.0,1859.0,1331.0,1414.0,2480.0,1467.0,4067.0,2988.0,4161.0,1540.0,4915.0,168.0,2.0,16.0,42.0,2.0,56.0,30.0,78.0,1586.0,306.0,6807.0,622.0,1267.0,123.0,247.0,2099.0,501.0,1052.0,2311.0,5310.0,2095.0,867.0,387.0,5490.0,3884.0,1264.0,3934.0,463.0,2820.0,82.0
2026-08-23T06:00Z,188.0,285.0,352.0,13457.0,17158.0,3526.0,70.0,17174.0,2302.0,7284.0,20492.0,1788.0,11246.0,5241.0,2305.0,1039.0,1376.0,499.0,2583.0,745.0,1372.0,1145.0,2300.0,9784.0,4331.0,9089.0,15931.0,9796.0,23569.0,1502.0,1000.0,1551.0,530.0,714.0,1277.0,1026.0,251.0,623.0,5485.0,2177.0,1203.0,14538.0,4535.0,6502.0,3025.0,10136.0,1570.0,2523.0,15092.0,1770.0,1287.0,1302.0,2339.0,1396.0,3896.0,2817.0,3999.0,1504.0,4695.0,159.0,2.0,14.0,42.0,2.0,55.0,27.0,77.0,1466.0,287.0,6352.0,577.0,1239.0,112.0,233.0,1964.0,468.0,974.0,2194.0,5004.0,1976.0,835.0,357.0,5370.0,3780.0,1207.0,3691.0,427.0,2675.0,79.0
2026-08-23T07:00Z,191.0,270.0,348.0,12619.0,15826.0,3281.0,59.0,16361.0,2212.0,7558.0,19387.0,1767.0,10590.0,5039.0,2232.0,1014.0,1341.0,487.0,2501.0,722.0,1305.0,1106.0,2237.0,9410.0,4142.0,8765.0,15775.0,9456.0,22696.0,1461.0,965.0,1515.0,535.0,737.0,1248.0,984.0,234.0,598.0,5339.0,2092.0,1161.0,14171.0,4396.0,6215.0,2860.0,9633.0,1503.0,2405.0,14611.0,1696.0,1249.0,1194.0,2221.0,1349.0,3758.0,2686.0,3869.0,1484.0,4521.0,153.0,3.0,14.0,43.0,2.0,55.0,26.0,76.0,1393.0,286.0,6028.0,538.0,1214.0,103.0,222.0,1841.0,440.0,913.0,2123.0,4776.0,1887.0,816.0,336.0,5244.0,3677.0,1156.0,3486.0,394.0,2572.0,79.0
2026-08-23T08:00Z,180.0,260.0,343.0,12243.0,14716.0,3119.0,38.0,15669.0,2117.0,7814.0,18524.0,1696.0,10092.0,4843.0,2087.0,1008.0,1327.0,481.0,2451.0,719.0,1267.0,1091.0,2202.0,9152.0,3991.0,8382.0,15822.0,9129.0,22082.0,1439.0,938.0,1488.0,535.0,694.0,1233.0,954.0,224.0,579.0,5243.0,2041.0,1137.0,13907.0,4327.0,6092.0,2758.0,9251.0,1456.0,2331.0,14344.0,1631.0,1228.0,1165.0,2148.0,1318.0,3621.0,2588.0,3791.0,1468.0,4414.0,149.0,2.0,13.0,43.0,2.0,54.0,25.0,76.0,1325.0,273.0,5724.0,510.0,1198.0,96.0,214.0,1745.0,419.0,849.0,2097.0,4642.0,1829.0,788.0,320.0,5119.0,3632.0,1117.0,3336.0,368.0,2485.0,75.0
2026-08-23T09:00Z,186.0,252.0,340.0,11579.0,13700.0,2867.0,36.0,15160.0,2053.0,7684.0,17812.0,1721.0,9709.0,4684.0,2038.0,1010.0,1320.0,477.0,2430.0,716.0,1249.0,1097.0,2181.0,9019.0,3857.0,8252.0,15347.0,8913.0,21195.0,1414.0,919.0,1477.0,540.0,717.0,1226.0,941.0,219.0,573.0,5187.0,2019.0,1125.0,13626.0,4298.0,6063.0,2702.0,8965.0,1429.0,2278.0,14177.0,1597.0,1214.0,1194.0,2115.0,1300.0,3499.0,2531.0,3741.0,1463.0,4345.0,146.0,2.0,12.0,42.0,2.0,54.0,24.0,73.0,1279.0,261.0,5491.0,498.0,1193.0,92.0,209.0,1684.0,407.0,823.0,2058.0,4514.0,1790.0,772.0,310.0,5035.0,3608.0,1089.0,3236.0,346.0,2418.0,73.0
2026-08-23T10:00Z,184.0,249.0,339.0,11117.0,12896.0,2703.0,36.0,14869.0,1976.0,7629.0,17209.0,1674.0,9310.0,4555.0,2081.0,1030.0,1336.0,488.0,2459.0,715.0,1282.0,1109.0,2199.0,8956.0,3793.0,8133.0,14964.0,8789.0,20906.0,1405.0,915.0,1463.0,544.0,760.0,1233.0,943.0,218.0,578.0,5205.0,2036.0,1126.0,13682.0,4295.0,6024.0,2691.0,8755.0,1428.0,2282.0,14148.0,1593.0,1210.0,1176.0,2134.0,1302.0,3496.0,2535.0,3755.0,1488.0,4321.0,146.0,2.0,13.0,43.0,2.0,54.0,24.0,71.0,1227.0,257.0,5350.0,493.0,1189.0,90.0,205.0,1651.0,398.0,814.0,2036.0,4382.0,1760.0,755.0,304.0,4959.0,3613.0,1072.0,3170.0,332.0,2383.0,70.0
2026-08-23T11:00Z,187.0,246.0,340.0,10652.0,12437.0,2584.0,34.0,14663.0,1966.0,7640.0,16942.0,1577.0,9026.0,4399.0,2070.0,1069.0,1372.0,499.0,2523.0,735.0,1318.0,1145.0,2251.0,8982.0,3777.0,8210.0,15025.0,8482.0,20660.0,1405.0,917.0,1491.0,556.0,759.0,1239.0,965.0,221.0,588.0,5263.0,2057.0,1126.0,13764.0,4353.0,6103.0,2697.0,8733.0,1451.0,2303.0,14226.0,1608.0,1214.0,1063.0,2146.0,1325.0,3522.0,2596.0,3838.0,1494.0,4307.0,149.0,2.0,12.0,43.0,2.0,53.0,24.0,70.0,1206.0,261.0,5262.0,494.0,1181.0,89.0,204.0,1644.0,396.0,805.0,2027.0,4305.0,1751.0,750.0,301.0,4919.0,3606.0,1059.0,3158.0,325.0,2385.0,69.0
2026-08-23T12:00Z,182.0,250.0,343.0,10510.0,11976.0,2524.0,33.0,14472.0,1937.0,7618.0,16709.0,1569.0,8883.0,4408.0,2070.0,1128.0,1425.0,521.0,2652.0,795.0,1408.0,1211.0,2336.0,9094.0,3760.0,8233.0,15158.0,8390.0,20460.0,1394.0,882.0,1479.0,571.0,736.0,1262.0,985.0,232.0,604.0,5345.0,2157.0,1132.0,13962.0,4460.0,6173.0,2747.0,8664.0,1481.0,2337.0,14492.0,1649.0,1213.0,1065.0,2130.0,1371.0,3656.0,2663.0,3945.0,1539.0,4267.0,152.0,2.0,12.0,42.0,2.0,53.0,24.0,71.0,1191.0,258.0,5207.0,499.0,1191.0,89.0,202.0,1642.0,398.0,805.0,2046.0,4280.0,1753.0,755.0,302.0,4911.0,3620.0,1047.0,3164.0,326.0,2405.0,68.0
2026-08-23T13:00Z,178.0,255.0,345.0,10378.0,11757.0,2460.0,33.0,14329.0,1913.0,7593.0,16609.0,1684.0,8764.0,4395.0,2057.0,1208.0,1525.0,533.0,2852.0,820.0,1466.0,1287.0,2436.0,9180.0,3675.0,8603.0,15670.0,8561.0,20476.0,1432.0,832.0,1440.0,549.0,764.0,1289.0,1003.0,244.0,611.0,5504.0,2274.0,1162.0,14592.0,4702.0,6403.0,2902.0,8683.0,1582.0,2504.0,15007.0,1713.0,1272.0,1199.0,2211.0,1457.0,3908.0,2777.0,4126.0,1624.0,4271.0,158.0,2.0,13.0,42.0,2.0,53.0,25.0,70.0,1176.0,262.0,5301.0,518.0,1197.0,91.0,203.0,1667.0,410.0,829.0,2059.0,4293.0,1778.0,747.0,313.0,4885.0,3664.0,1068.0,3217.0,329.0,2410.0,68.0
2026-08-23T14:00Z,190.0,275.0,349.0,10521.0,11547.0,2378.0,43.0,14869.0,1924.0,7624.0,17343.0,1857.0,9203.0,4574.0,2077.0,1251.0,1618.0,532.0,3024.0,924.0,1563.0,1346.0,2556.0,9238.0,3626.0,9115.0,16352.0,9069.0,21622.0,1472.0,843.0,1419.0,544.0,754.0,1298.0,1007.0,245.0,635.0,5770.0,2343.0,1205.0,15315.0,4929.0,6720.0,3083.0,8851.0,1683.0,2701.0,15731.0,1838.0,1329.0,1468.0,2330.0,1529.0,4228.0,2886.0,4270.0,1679.0,4365.0,169.0,2.0,12.0,41.0,2.0,53.0,16.0,70.0,1165.0,253.0,5706.0,564.0,1242.0,100.0,217.0,1801.0,430.0,904.0,2150.0,4520.0,1866.0,768.0,341.0,4917.0,3788.0,1136.0,3412.0,346.0,2456.0,69.0
2026-08-23T15:00Z,206.0,304.0,355.0,10504.0,13302.0,3199.0,139.0,15554.0,1988.0,7876.0,18752.0,1999.0,10111.0,4927.0,2177.0,1261.0,1669.0,541.0,3101.0,911.0,1636.0,1412.0,2648.0,9455.0,3734.0,9637.0,16302.0,9640.0,23023.0,1456.0,931.0,1327.0,582.0,697.0,1239.0,1015.0,258.0,669.0,6040.0,2319.0,1263.0,15936.0,5132.0,7100.0,3272.0,9272.0,1771.0,2884.0,16594.0,1953.0,1374.0,1530.0,2536.0,1598.0,4488.0,3011.0,4383.0,1713.0,4530.0,181.0,2.0,14.0,44.0,2.0,54.0,0.0,72.0,1219.0,263.0,6196.0,612.0,1289.0,111.0,232.0,1953.0,456.0,991.0,2190.0,4867.0,1951.0,812.0,375.0,5088.0,3860.0,1217.0,3685.0,378.0,2521.0,74.0
2026-08-23T16:00Z,209.0,331.0,364.0,10807.0,17837.0,4125.0,245.0,16434.0,2189.0,8025.0,20572.0,2143.0,11135.0,5336.0,2301.0,1265.0,1702.0,512.0,3041.0,965.0,1669.0,1448.0,2711.0,9738.0,3884.0,10154.0,16760.0,10141.0,24690.0,1449.0,946.0,1261.0,564.0,656.0,1130.0,1017.0,267.0,701.0,6312.0,2471.0,1322.0,16478.0,5384.0,7346.0,3448.0,9704.0,1853.0,3047.0,17492.0,2069.0,1423.0,1650.0,2814.0,1671.0,4692.0,3140.0,4511.0,1722.0,4900.0,197.0,3.0,16.0,42.0,2.0,56.0,,74.0,1282.0,276.0,6793.0,669.0,1329.0,121.0,243.0,2058.0,475.0,1072.0,2206.0,5291.0,2008.0,863.0,415.0,5314.0,3974.0,1302.0,3972.0,417.0,2614.0,77.0
2026-08-23T17:00Z,217.0,358.0,373.0,10749.0,19024.0,4103.0,274.0,17813.0,2368.0,8161.0,22825.0,2267.0,12284.0,5800.0,2438.0,1261.0,1729.0,455.0,3045.0,963.0,1814.0,1406.0,2787.0,10126.0,4096.0,10772.0,17270.0,10633.0,26514.0,1415.0,917.0,1341.0,556.0,632.0,1140.0,1080.0,297.0,732.0,6506.0,2794.0,1379.0,17096.0,5585.0,7532.0,3654.0,10169.0,1937.0,3187.0,18293.0,2188.0,1476.0,1740.0,3068.0,1736.0,4903.0,3305.0,4626.0,1747.0,5127.0,211.0,2.0,16.0,40.0,2.0,57.0,,73.0,1381.0,298.0,7488.0,731.0,1371.0,131.0,257.0,2197.0,488.0,1145.0,2245.0,5736.0,2066.0,887.0,447.0,5545.0,4085.0,1394.0,4223.0,466.0,2761.0,83.0
2026-08-23T18:00Z,222.0,385.0,380.0,10490.0,19872.0,4095.0,272.0,19269.0,2593.0,8286.0,25014.0,2366.0,13323.0,6162.0,2589.0,1247.0,1699.0,431.0,3107.0,889.0,1802.0,1391.0,2788.0,10484.0,4344.0,11096.0,17661.0,11138.0,28431.0,1418.0,860.0,1339.0,548.0,585.0,1202.0,1150.0,314.0,775.0,6624.0,2986.0,1440.0,17648.0,5743.0,7748.0,3817.0,10637.0,2021.0,3340.0,18881.0,2300.0,1519.0,1874.0,3169.0,1807.0,5053.0,3455.0,4750.0,1794.0,5338.0,225.0,2.0,18.0,41.0,2.0,58.0,,75.0,1504.0,317.0,8183.0,793.0,1411.0,141.0,264.0,2283.0,499.0,1208.0,2277.0,6145.0,2153.0,916.0,480.0,5780.0,4189.0,1487.0,4410.0,519.0,2941.0,88.0
2026-08-23T19:00Z,232.0,410.0,387.0,10490.0,20430.0,3816.0,243.0,20634.0,2762.0,8375.0,26917.0,2481.0,14211.0,6477.0,2733.0,1273.0,1657.0,406.0,3262.0,933.0,1653.0,1371.0,2695.0,10761.0,4608.0,11417.0,18060.0,11513.0,29988.0,1463.0,923.0,1317.0,536.0,632.0,1266.0,1197.0,321.0,802.0,6756.0,3141.0,1487.0,18079.0,5884.0,7913.0,3976.0,11018.0,2091.0,3466.0,19368.0,2408.0,1558.0,1976.0,3362.0,1875.0,5237.0,3592.0,4856.0,1777.0,5425.0,233.0,2.0,21.0,41.0,2.0,60.0,4.0,78.0,1603.0,334.0,8809.0,848.0,1445.0,143.0,268.0,2327.0,516.0,1235.0,2274.0,6494.0,2198.0,937.0,512.0,5995.0,4261.0,1571.0,4577.0,575.0,3113.0,90.0
2026-08-23T20:00Z,234.0,421.0,392.0,10654.0,20665.0,3495.0,202.0,21687.0,2892.0,8273.0,28367.0,2604.0,14941.0,6660.0,2853.0,1306.0,1636.0,435.0,3559.0,954.0,1785.0,1442.0,2755.0,11045.0,4813.0,11751.0,18346.0,11864.0,31062.0,1536.0,959.0,1307.0,512.0,657.0,1323.0,1258.0,341.0,829.0,6849.0,3239.0,1596.0,18441.0,6038.0,8107.0,4152.0,11317.0,2180.0,3569.0,19791.0,2522.0,1603.0,2062.0,3528.0,1930.0,5437.0,3775.0,5029.0,1884.0,5737.0,243.0,2.0,21.0,43.0,3.0,60.0,16.0,76.0,1683.0,349.0,9273.0,893.0,1472.0,143.0,271.0,2382.0,527.0,1256.0,2273.0,6811.0,2235.0,940.0,536.0,6157.0,4358.0,1625.0,4670.0,641.0,3250.0,96.0
2026-08-23T21:00Z,231.0,417.0,399.0,11058.0,20458.0,3183.0,172.0,22344.0,2938.0,7612.0,29192.0,2608.0,15383.0,6789.0,2909.0,1328.0,1658.0,581.0,3881.0,1063.0,1881.0,1573.0,2847.0,11376.0,5030.0,11953.0,18573.0,12163.0,31439.0,1573.0,1045.0,1457.0,533.0,656.0,1360.0,1368.0,366.0,870.0,6959.0,3412.0,1751.0,18811.0,6209.0,8259.0,4317.0,11584.0,2236.0,3702.0,20247.0,2635.0,1643.0,2117.0,3768.0,1986.0,5611.0,3879.0,5101.0,1888.0,6098.0,252.0,2.0,23.0,43.0,3.0,61.0,12.0,78.0,1803.0,354.0,9575.0,920.0,1487.0,146.0,269.0,2391.0,540.0,1258.0,2308.0,7067.0,2269.0,973.0,558.0,6281.0,4440.0,1665.0,4733.0,640.0,3359.0,99.0
2026-08-23T22:00Z,235.0,412.0,406.0,11637.0,21557.0,3533.0,164.0,22625.0,3018.0,7531.0,29479.0,2618.0,15163.0,6794.0,2914.0,1397.0,1716.0,629.0,4134.0,1141.0,2024.0,1737.0,2944.0,11941.0,5225.0,12253.0,18783.0,12349.0,31688.0,1619.0,1143.0,1579.0,577.0,725.0,1534.0,1490.0,381.0,902.0,7023.0,3570.0,1897.0,18990.0,6333.0,8399.0,4463.0,11836.0,2282.0,3760.0,20601.0,2776.0,1668.0,2139.0,3971.0,2043.0,5630.0,4002.0,5237.0,1882.0,6462.0,255.0,2.0,25.0,44.0,3.0,62.0,10.0,78.0,1934.0,363.0,9722.0,924.0,1495.0,147.0,267.0,2363.0,571.0,1253.0,2359.0,7235.0,2308.0,997.0,570.0,6354.0,4491.0,1706.0,4796.0,622.0,3366.0,99.0
2026-08-23T23:00Z,241.0,414.0,411.0,12878.0,22233.0,3718.0,170.0,22620.0,3042.0,7517.0,29673.0,2558.0,15236.0,6819.0,2946.0,1440.0,1760.0,651.0,4224.0,1124.0,2093.0,1803.0,2986.0,12580.0,5458.0,12217.0,18782.0,12479.0,31555.0,1605.0,1174.0,1781.0,560.0,867.0,1635.0,1540.0,376.0,890.0,6971.0,3565.0,1930.0,18913.0,6332.0,8288.0,4487.0,11995.0,2440.0,3763.0,20631.0,2819.0,1638.0,2119.0,3947.0,2028.0,5461.0,4052.0,5288.0,1864.0,6515.0,245.0,2.0,25.0,45.0,3.0,61.0,13.0,79.0,1970.0,372.0,9724.0,901.0,1493.0,149.0,268.0,2377.0,586.0,1260.0,2419.0,7304.0,2327.0,1014.0,558.0,6387.0,4515.0,1730.0,4865.0,647.0,3317.0,100.0
2026-08-24T00:00Z,243.0,424.0,412.0,14034.0,22296.0,3809.0,179.0,22207.0,3070.0,7517.0,29389.0,2549.0,15263.0,6730.0,2898.0,1461.0,1736.0,672.0,4113.0,1109.0,2071.0,1822.0,3000.0,12969.0,5657.0,12009.0,18676.0,12397.0,30732.0,1622.0,1136.0,1867.0,613.0,934.0,1639.0,1487.0,357.0,858.0,6841.0,3417.0,1832.0,18426.0,6132.0,8124.0,4318.0,12025.0,2287.0,3623.0,20029.0,2715.0,1578.0,1992.0,3676.0,1955.0,5128.0,3939.0,5189.0,1848.0,6325.0,233.0,2.0,26.0,44.0,3.0,60.0,28.0,77.0,1962.0,379.0,9561.0,859.0,1480.0,147.0,263.0,2353.0,578.0,1243.0,2449.0,7217.0,2297.0,1054.0,531.0,6351.0,4473.0,1730.0,4797.0,660.0,3289.0,98.0
2026-08-24T01:00Z,226.0,418.0,411.0,15477.0,21672.0,4127.0,158.0,21522.0,2938.0,7562.0,28434.0,2483.0,15204.0,6574.0,2816.0,1433.0,1710.0,656.0,3993.0,1094.0,2037.0,1791.0,2989.0,13050.0,5505.0,11517.0,18342.0,11942.0,29666.0,1650.0,1125.0,1848.0,598.0,933.0,1624.0,1437.0,349.0,854.0,6779.0,3301.0,1739.0,17892.0,5892.0,7997.0,4162.0,11837.0,2152.0,3489.0,19325.0,2572.0,1556.0,1884.0,3488.0,1904.0,4960.0,3812.0,5094.0,1821.0,6160.0,225.0,3.0,24.0,43.0,3.0,60.0,32.0,78.0,2002.0,375.0,9136.0,821.0,1452.0,145.0,271.0,2309.0,563.0,1215.0,2443.0,7019.0,2267.0,1036.0,504.0,6281.0,4435.0,1694.0,4658.0,644.0,3288.0,97.0
2026-08-24T02:00Z,227.0,397.0,400.0,16354.0,21089.0,4316.0,123.0,20700.0,2900.0,7526.0,27163.0,2278.0,14589.0,6411.0,2593.0,1344.0,1626.0,627.0,3752.0,1008.0,1917.0,1697.0,2906.0,12767.0,5377.0,11223.0,18115.0,11564.0,28830.0,1606.0,1082.0,1772.0,568.0,881.0,1531.0,1348.0,336.0,821.0,6621.0,3128.0,1623.0,17349.0,5592.0,7784.0,3898.0,11711.0,2069.0,3323.0,18312.0,2368.0,1537.0,1757.0,3249.0,1780.0,4750.0,3611.0,4819.0,1740.0,5907.0,212.0,2.0,22.0,45.0,3.0,59.0,31.0,77.0,1910.0,362.0,8719.0,793.0,1432.0,142.0,275.0,2291.0,556.0,1198.0,2418.0,6766.0,2249.0,993.0,492.0,6154.0,4377.0,1630.0,4513.0,608.0,3163.0,93.0
2026-08-24T03:00Z,237.0,378.0,392.0,16182.0,20066.0,4197.0,87.0,19818.0,2706.0,7294.0,25841.0,2197.0,13823.0,6164.0,2552.0,1242.0,1556.0,589.0,3445.0,937.0,1782.0,1559.0,2787.0,12231.0,5054.0,10496.0,17280.0,11089.0,27563.0,1559.0,1017.0,1656.0,558.0,814.0,1422.0,1245.0,317.0,763.0,6415.0,2913.0,1488.0,16355.0,5215.0,7386.0,3551.0,11265.0,1924.0,3070.0,17078.0,2145.0,1458.0,1632.0,2964.0,1636.0,4462.0,3339.0,4443.0,1662.0,5573.0,198.0,2.0,20.0,43.0,3.0,58.0,29.0,76.0,1843.0,352.0,8249.0,748.0,1398.0,134.0,268.0,2207.0,542.0,1112.0,2365.0,6457.0,2185.0,981.0,464.0,6011.0,4238.0,1556.0,4323.0,568.0,3085.0,92.0
2026-08-24T04:00Z,227.0,348.0,385.0,15981.0,19193.0,3964.0,97.0,18987.0,2623.0,7629.0,24507.0,2280.0,13211.0,5894.0,2490.0,1144.0,1487.0,543.0,3145.0,879.0,1637.0,1408.0,2625.0,11361.0,4696.0,9658.0,16531.0,10326.0,26149.0,1503.0,956.0,1578.0,556.0,761.0,1338.0,1141.0,293.0,706.0,6113.0,2664.0,1345.0,15555.0,4876.0,6881.0,3218.0,10581.0,1781.0,2805.0,15985.0,1927.0,1369.0,1450.0,2644.0,1517.0,4106.0,3055.0,4136.0,1591.0,5178.0,180.0,2.0,19.0,42.0,2.0,58.0,27.0,75.0,1745.0,330.0,7670.0,686.0,1356.0,121.0,261.0,2068.0,508.0,1027.0,2248.0,6087.0,2076.0,932.0,429.0,5794.0,4085.0,1451.0,4020.0,529.0,2947.0,90.0
2026-08-24T05:00Z,220.0,314.0,374.0,15126.0,18373.0,3814.0,86.0,17826.0,2420.0,7837.0,22919.0,2158.0,12350.0,5508.0,2389.0,1083.0,1267.0,514.0,2893.0,827.0,1535.0,1475.0,2489.0,10593.0,4347.0,9014.0,16502.0,9683.0,24706.0,1459.0,908.0,1476.0,567.0,713.0,1258.0,1048.0,268.0,661.0,5827.0,2449.0,1224.0,14814.0,4631.0,6634.0,2954.0,9949.0,1668.0,2587.0,15154.0,1769.0,1276.0,1286.0,2390.0,1427.0,3875.0,2812.0,3897.0,1520.0,4832.0,165.0,2.0,17.0,42.0,2.0,57.0,18.0,74.0,1609.0,308.0,7088.0,622.0,1317.0,110.0,244.0,1926.0,472.0,959.0,2121.0,5733.0,1964.0,875.0,393.0,5551.0,3909.0,1357.0,3708.0,483.0,2766.0,82.0
2026-08-24T06:00Z,217.0,288.0,364.0,13933.0,17342.0,3517.0,60.0,16794.0,2324.0,7837.0,21459.0,2043.0,11431.0,5188.0,2296.0,1040.0,1224.0,503.0,2700.0,805.0,1447.0,1398.0,2391.0,10037.0,4116.0,8711.0,16387.0,9184.0,23534.0,1408.0,880.0,1419.0,563.0,684.0,1220.0,976.0,248.0,618.0,5554.0,2261.0,1135.0,14349.0,4513.0,6421.0,2765.0,9466.0,1592.0,2439.0,14518.0,1664.0,1201.0,1201.0,2187.0,1364.0,3668.0,2635.0,3751.0,1475.0,4540.0,154.0,2.0,16.0,44.0,2.0,56.0,26.0,72.0,1465.0,288.0,6631.0,581.0,1291.0,101.0,237.0,1816.0,446.0,907.0,2064.0,5425.0,1884.0,841.0,364.0,5381.0,3770.0,1294.0,3490.0,432.0,2611.0,78.0
2026-08-24T07:00Z,211.0,268.0,357.0,12911.0,15840.0,3321.0,42.0,15988.0,2189.0,7766.0,20370.0,2027.0,10670.0,4971.0,2142.0,1013.0,1206.0,486.0,2565.0,774.0,1399.0,1332.0,2326.0,9624.0,3970.0,8486.0,15366.0,9000.0,22777.0,1380.0,861.0,1390.0,536.0,666.0,1190.0,930.0,231.0,583.0,5345.0,2125.0,1076.0,13984.0,4440.0,6200.0,2629.0,9001.0,1537.0,2336.0,14174.0,1599.0,1185.0,1205.0,2066.0,1324.0,3519.0,2521.0,3661.0,1474.0,4329.0,146.0,2.0,14.0,37.0,2.0,56.0,25.0,71.0,1376.0,278.0,6280.0,550.0,1276.0,96.0,230.0,1737.0,424.0,883.0,1985.0,5202.0,1828.0,795.0,346.0,5251.0,3712.0,1245.0,3333.0,388.0,2497.0,74.0
2026-08-24T08:00Z,199.0,256.0,331.0,12235.0,14544.0,3208.0,34.0,15384.0,2098.0,7687.0,19471.0,1987.0,10069.0,4710.0,2142.0,1017.0,1197.0,477.0,2485.0,776.0,1380.0,1306.0,2312.0,9359.0,3894.0,8279.0,15259.0,8827.0,22158.0,1395.0,852.0,1384.0,530.0,655.0,1168.0,905.0,220.0,558.0,5219.0,2037.0,1042.0,13904.0,4383.0,6119.0,2573.0,8799.0,1508.0,2270.0,13969.0,1561.0,1156.0,1199.0,1975.0,1317.0,3432.0,2476.0,3621.0,1473.0,4210.0,141.0,2.0,13.0,39.0,2.0,55.0,24.0,72.0,1318.0,268.0,6022.0,533.0,1260.0,92.0,222.0,1687.0,406.0,861.0,2018.0,5028.0,1799.0,770.0,334.0,5158.0,3691.0,1196.0,3246.0,356.0,2404.0,70.0
2026-08-24T09:00Z,197.0,247.0,348.0,11625.0,13698.0,3000.0,36.0,15095.0,2026.0,7639.0,18765.0,1966.0,9680.0,4581.0,2087.0,1049.0,1219.0,483.0,2478.0,789.0,1397.0,1319.0,2351.0,9297.0,3843.0,8383.0,15331.0,8667.0,21596.0,1410.0,862.0,1390.0,529.0,666.0,1177.0,890.0,218.0,550.0,5203.0,2011.0,1036.0,13970.0,4527.0,6267.0,2593.0,8676.0,1523.0,2287.0,14033.0,1562.0,1171.0,1176.0,1958.0,1334.0,3392.0,2513.0,3685.0,1506.0,4192.0,140.0,2.0,14.0,40.0,2.0,55.0,23.0,71.0,1267.0,264.0,5867.0,522.0,1255.0,90.0,215.0,1662.0,401.0,846.0,1952.0,4911.0,1789.0,773.0,328.0,5098.0,3641.0,1164.0,3201.0,336.0,2346.0,67.0
2026-08-24T10:00Z,193.0,243.0,344.0,11243.0,13413.0,2866.0,38.0,15057.0,1980.0,7603.0,18441.0,1967.0,9483.0,4460.0,2058.0,1123.0,1277.0,516.0,2587.0,863.0,1487.0,1411.0,2469.0,9449.0,3882.0,8653.0,15897.0,8574.0,21475.0,1444.0,899.0,1460.0,556.0,703.0,1223.0,911.0,225.0,567.0,5371.0,2059.0,1069.0,14573.0,4668.0,6584.0,2729.0,8825.0,1598.0,2382.0,14412.0,1630.0,1204.0,1233.0,2033.0,1423.0,3579.0,2703.0,3911.0,1575.0,4315.0,143.0,2.0,13.0,41.0,2.0,55.0,23.0,69.0,1238.0,256.0,5819.0,539.0,1259.0,90.0,227.0,1673.0,404.0,849.0,1957.0,4888.0,1811.0,762.0,331.0,5063.0,3640.0,1153.0,3223.0,328.0,2298.0,67.0
2026-08-24T11:00Z,196.0,244.0,345.0,11000.0,13489.0,2887.0,38.0,15277.0,2035.0,7615.0,18466.0,1939.0,9510.0,4566.0,2059.0,1218.0,1375.0,553.0,2780.0,846.0,1555.0,1514.0,2637.0,9913.0,4029.0,9237.0,16566.0,8928.0,21726.0,1499.0,956.0,1568.0,567.0,754.0,1272.0,950.0,237.0,599.0,5735.0,2132.0,1108.0,15419.0,5038.0,7018.0,2918.0,9337.0,1744.0,2580.0,15039.0,1726.0,1267.0,1317.0,2149.0,1560.0,3797.0,2922.0,4267.0,1722.0,4467.0,150.0,3.0,14.0,43.0,2.0,56.0,24.0,69.0,1221.0,260.0,5921.0,575.0,1267.0,94.0,240.0,1747.0,426.0,888.0,2002.0,4956.0,1872.0,763.0,347.0,5027.0,3707.0,1157.0,3369.0,325.0,2314.0,65.0
2026-08-24T12:00Z,197.0,256.0,354.0,11390.0,13477.0,2807.0,48.0,15549.0,2065.0,7672.0,18750.0,1945.0,9791.0,4730.0,2122.0,1265.0,1419.0,537.0,2924.0,900.0,1653.0,1637.0,2791.0,10619.0,4235.0,9662.0,17076.0,9487.0,22154.0,1544.0,968.0,1558.0,554.0,750.0,1275.0,979.0,250.0,637.0,6149.0,2241.0,1139.0,15858.0,5137.0,7316.0,3027.0,9956.0,1833.0,2700.0,15406.0,1771.0,1310.0,1207.0,2218.0,1645.0,4063.0,3032.0,4474.0,1812.0,4638.0,161.0,2.0,14.0,43.0,2.0,57.0,25.0,71.0,1255.0,262.0,6153.0,624.0,1279.0,100.0,245.0,1852.0,469.0,939.0,2113.0,5117.0,1990.0,800.0,369.0,5075.0,3862.0,1187.0,3612.0,335.0,2401.0,67.0
2026-08-24T13:00Z,188.0,279.0,361.0,11857.0,13311.0,2748.0,41.0,15675.0,2046.0,7633.0,18790.0,2011.0,9831.0,4740.0,2104.0,1265.0,1456.0,448.0,2983.0,894.0,1709.0,1671.0,2901.0,11092.0,4283.0,9826.0,17861.0,9959.0,22373.0,1597.0,955.0,1390.0,512.0,709.0,1209.0,980.0,259.0,668.0,6527.0,2370.0,1156.0,16227.0,5254.0,7554.0,3097.0,10296.0,1913.0,2832.0,15722.0,1785.0,1366.0,1357.0,2334.0,1682.0,4304.0,3091.0,4542.0,1873.0,4728.0,177.0,2.0,15.0,40.0,2.0,58.0,26.0,72.0,1292.0,268.0,6263.0,648.0,1301.0,103.0,258.0,1949.0,498.0,993.0,2201.0,5157.0,2081.0,831.0,387.0,5094.0,3991.0,1196.0,3778.0,355.0,2518.0,70.0
2026-08-24T14:00Z,202.0,307.0,369.0,12322.0,13309.0,3008.0,44.0,16340.0,2170.0,7511.0,19390.0,2132.0,10192.0,4785.0,2154.0,1178.0,1479.0,343.0,2978.0,936.0,1736.0,1634.0,2964.0,11234.0,4134.0,10163.0,18414.0,10360.0,23199.0,1604.0,937.0,1284.0,490.0,633.0,1103.0,910.0,268.0,693.0,6778.0,2472.0,1159.0,16625.0,5389.0,7735.0,3140.0,10579.0,1992.0,2970.0,16086.0,1822.0,1413.0,1424.0,2372.0,1728.0,4419.0,3152.0,4583.0,1914.0,4895.0,185.0,2.0,16.0,42.0,2.0,60.0,13.0,73.0,1308.0,267.0,6475.0,669.0,1319.0,106.0,268.0,2011.0,514.0,1034.0,2274.0,5297.0,2093.0,856.0,410.0,5123.0,4065.0,1196.0,3916.0,386.0,2595.0,73.0
2026-08-24T15:00Z,223.0,335.0,374.0,12795.0,14743.0,3280.0,126.0,17513.0,2278.0,7548.0,20785.0,2297.0,10779.0,5136.0,2272.0,1118.0,1508.0,309.0,3016.0,968.0,1768.0,1618.0,3003.0,11504.0,4163.0,10567.0,18937.0,10749.0,24312.0,1604.0,933.0,1285.0,503.0,549.0,1050.0,949.0,242.0,729.0,6875.0,2604.0,1171.0,16946.0,5552.0,7887.0,3245.0,10966.0,2066.0,3097.0,16681.0,1940.0,1433.0,1529.0,2528.0,1782.0,4491.0,3221.0,4673.0,1956.0,5025.0,206.0,2.0,18.0,44.0,2.0,63.0,,73.0,1354.0,275.0,6764.0,692.0,1340.0,110.0,274.0,2079.0,521.0,1083.0,2360.0,5476.0,2103.0,890.0,432.0,5283.0,4171.0,1241.0,4089.0,416.0,2673.0,74.0
2026-08-24T16:00Z,235.0,351.0,382.0,13051.0,18969.0,3847.0,204.0,18738.0,2417.0,7751.0,22574.0,2383.0,11516.0,5543.0,2366.0,1106.0,1549.0,310.0,3127.0,1005.0,1827.0,1653.0,3049.0,11812.0,4255.0,10867.0,19354.0,11158.0,25497.0,1598.0,944.0,1345.0,509.0,571.0,1048.0,978.0,242.0,743.0,6978.0,2749.0,1212.0,17356.0,5638.0,8005.0,3423.0,11356.0,2121.0,3203.0,17409.0,2098.0,1473.0,1631.0,2558.0,1835.0,4711.0,3323.0,4795.0,1950.0,4870.0,217.0,2.0,20.0,43.0,2.0,65.0,,74.0,1374.0,286.0,7155.0,720.0,1358.0,118.0,276.0,2181.0,552.0,1147.0,2473.0,5784.0,2190.0,937.0,447.0,5504.0,4259.0,1323.0,4313.0,457.0,2771.0,77.0
2026-08-24T17:00Z,239.0,362.0,391.0,12927.0,21043.0,4250.0,234.0,19949.0,2678.0,8013.0,24483.0,2525.0,12321.0,5958.0,2524.0,1114.0,1598.0,343.0,3380.0,1071.0,1923.0,1739.0,3114.0,12021.0,4404.0,11166.0,19688.0,11545.0,26320.0,1580.0,954.0,1421.0,500.0,608.0,1059.0,975.0,251.0,733.0,7044.0,2803.0,1281.0,17775.0,5753.0,8204.0,3693.0,11720.0,2199.0,3324.0,18210.0,2246.0,1498.0,1727.0,2712.0,1874.0,4928.0,3519.0,4908.0,1966.0,4984.0,229.0,2.0,23.0,43.0,3.0,67.0,,76.0,1437.0,306.0,7595.0,747.0,1387.0,125.0,295.0,2316.0,580.0,1214.0,2571.0,6099.0,2251.0,981.0,457.0,5715.0,4341.0,1410.0,4578.0,490.0,2897.0,79.0
2026-08-24T18:00Z,247.0,392.0,393.0,12540.0,22150.0,4217.0,222.0,21041.0,2902.0,8202.0,26416.0,2665.0,13248.0,6340.0,2676.0,1131.0,1663.0,376.0,3473.0,1073.0,2010.0,1825.0,3235.0,12357.0,4659.0,11599.0,20057.0,11925.0,27146.0,1604.0,952.0,1511.0,501.0,623.0,1121.0,1031.0,264.0,769.0,7172.0,2979.0,1422.0,18310.0,5884.0,8282.0,3760.0,12158.0,2261.0,3438.0,18926.0,2408.0,1534.0,1818.0,2998.0,1927.0,5132.0,3651.0,5029.0,2003.0,5423.0,241.0,2.0,24.0,42.0,3.0,68.0,,77.0,1514.0,324.0,8000.0,772.0,1413.0,139.0,316.0,2504.0,604.0,1310.0,2673.0,6449.0,2302.0,1028.0,470.0,5939.0,4369.0,1474.0,4902.0,541.0,3018.0,81.0
2026-08-24T19:00Z,247.0,426.0,399.0,12197.0,23426.0,4188.0,221.0,22117.0,2936.0,8353.0,28056.0,2754.0,14135.0,6652.0,2807.0,1184.0,1738.0,363.0,3634.0,1135.0,2126.0,1819.0,3365.0,12792.0,4977.0,11870.0,20436.0,12417.0,27806.0,1613.0,1012.0,1534.0,486.0,652.0,1155.0,1094.0,279.0,814.0,7336.0,3166.0,1563.0,18610.0,5972.0,8373.0,3902.0,12664.0,2316.0,3532.0,19521.0,2548.0,1567.0,1858.0,3302.0,1938.0,5240.0,3786.0,5071.0,1978.0,5785.0,250.0,2.0,26.0,41.0,3.0,70.0,,79.0,1622.0,348.0,8260.0,806.0,1436.0,154.0,335.0,2677.0,631.0,1413.0,2777.0,6812.0,2385.0,1078.0,466.0,6182.0,4441.0,1542.0,5228.0,590.0,3167.0,84.0
2026-08-24T20:00Z,249.0,442.0,404.0,12082.0,23722.0,3701.0,194.0,22805.0,3096.0,7734.0,29152.0,2579.0,14651.0,6846.0,2873.0,1240.0,1749.0,356.0,3791.0,1171.0,2257.0,1888.0,3436.0,13086.0,5238.0,12228.0,20704.0,12782.0,27621.0,1659.0,1082.0,1629.0,480.0,720.0,1259.0,1196.0,302.0,847.0,7454.0,3298.0,1652.0,18952.0,6170.0,8483.0,4089.0,13058.0,2346.0,3641.0,20087.0,2626.0,1571.0,1961.0,3500.0,1977.0,5357.0,3967.0,5162.0,1956.0,6054.0,257.0,3.0,26.0,42.0,3.0,72.0,,80.0,1750.0,365.0,8364.0,859.0,1439.0,166.0,351.0,2832.0,649.0,1488.0,2846.0,7076.0,2447.0,1104.0,487.0,6396.0,4524.0,1582.0,5444.0,641.0,3299.0,89.0
2026-08-24T21:00Z,244.0,448.0,407.0,12974.0,23930.0,3320.0,189.0,23081.0,3078.0,7397.0,29654.0,2543.0,14760.0,6855.0,2860.0,1333.0,1769.0,430.0,4026.0,1261.0,2362.0,2012.0,3473.0,13456.0,5505.0,12572.0,20886.0,13084.0,27102.0,1687.0,1130.0,1724.0,519.0,822.0,1406.0,1335.0,316.0,860.0,7468.0,3467.0,1772.0,19205.0,6228.0,8629.0,4218.0,13462.0,2377.0,3731.0,20542.0,2722.0,1593.0,2038.0,3672.0,2034.0,5451.0,4098.0,5289.0,1926.0,6305.0,256.0,2.0,29.0,44.0,3.0,73.0,,82.0,1870.0,377.0,8464.0,910.0,1446.0,176.0,365.0,2966.0,668.0,1533.0,2913.0,7310.0,2484.0,1132.0,524.0,6534.0,4577.0,1611.0,5629.0,661.0,3380.0,90.0
2026-08-24T22:00Z,250.0,452.0,412.0,13229.0,24267.0,3284.0,179.0,23303.0,3057.0,7337.0,30034.0,2584.0,14803.0,6771.0,2711.0,1490.0,1821.0,566.0,4194.0,1290.0,2471.0,2123.0,3559.0,13919.0,5730.0,12752.0,20975.0,13113.0,26836.0,1700.0,1150.0,1801.0,549.0,874.0,1546.0,1426.0,319.0,890.0,7397.0,3585.0,1864.0,19386.0,6395.0,8707.0,4348.0,13781.0,2420.0,3792.0,20699.0,2787.0,1609.0,2078.0,3798.0,2084.0,5555.0,4209.0,5410.0,1931.0,6399.0,253.0,2.0,29.0,39.0,3.0,72.0,5.0,82.0,1993.0,385.0,8496.0,952.0,1440.0,185.0,364.0,3034.0,692.0,1590.0,2973.0,7423.0,2538.0,1147.0,557.0,6627.0,4600.0,1676.0,5808.0,649.0,3417.0,89.0
2026-08-24T23:00Z,252.0,449.0,414.0,14080.0,24698.0,3387.0,176.0,23158.0,3053.0,7333.0,30081.0,2570.0,15100.0,6745.0,2715.0,1570.0,1810.0,659.0,4185.0,1263.0,2457.0,2121.0,3462.0,14245.0,5847.0,12782.0,21012.0,13042.0,26692.0,1708.0,1165.0,1858.0,575.0,904.0,1573.0,1406.0,309.0,872.0,7184.0,3553.0,1873.0,19389.0,6344.0,8605.0,4336.0,13800.0,2417.0,3759.0,20530.0,2819.0,1552.0,2045.0,3718.0,2072.0,5437.0,4137.0,5392.0,1945.0,6388.0,239.0,2.0,30.0,37.0,3.0,70.0,3.0,83.0,2091.0,391.0,8449.0,955.0,1433.0,190.0,361.0,3041.0,692.0,1599.0,2977.0,7435.0,2571.0,1139.0,557.0,6663.0,4607.0,1702.0,5834.0,641.0,3392.0,91.0
2026-08-25T00:00Z,253.0,437.0,417.0,15191.0,24666.0,3626.0,148.0,22497.0,3014.0,7459.0,29611.0,2574.0,15529.0,6767.0,2709.0,1559.0,1759.0,686.0,4080.0,1209.0,2363.0,2101.0,3370.0,14418.0,5928.0,12526.0,20876.0,12851.0,26349.0,1692.0,1164.0,1858.0,586.0,919.0,1590.0,1392.0,309.0,838.0,6928.0,3425.0,1788.0,18984.0,6159.0,8491.0,4226.0,13616.0,2341.0,3618.0,19939.0,2705.0,1509.0,1979.0,3542.0,2023.0,5139.0,3979.0,5304.0,1943.0,6212.0,228.0,2.0,28.0,44.0,3.0,68.0,14.0,83.0,2149.0,399.0,8234.0,932.0,1424.0,188.0,345.0,2955.0,679.0,1563.0,2964.0,7325.0,2553.0,1120.0,544.0,6618.0,4576.0,1699.0,5756.0,635.0,3326.0,91.0
2026-08-25T01:00Z,236.0,421.0,411.0,16418.0,23507.0,4032.0,152.0,21804.0,2907.0,7644.0,28480.0,2642.0,15241.0,6744.0,2734.0,1503.0,1698.0,678.0,3961.0,1195.0,2276.0,2056.0,3304.0,14309.0,5930.0,12143.0,20567.0,12451.0,25797.0,1696.0,1167.0,1844.0,580.0,921.0,1598.0,1363.0,310.0,808.0,6777.0,3287.0,1693.0,18562.0,6028.0,8461.0,4122.0,13215.0,2263.0,3468.0,19318.0,2583.0,1494.0,1871.0,3320.0,1976.0,4987.0,3857.0,5207.0,1967.0,6072.0,219.0,2.0,27.0,41.0,3.0,64.0,26.0,81.0,2149.0,402.0,7947.0,898.0,1406.0,176.0,335.0,2809.0,650.0,1498.0,2899.0,7132.0,2466.0,1101.0,528.0,6548.0,4529.0,1680.0,5536.0,607.0,3268.0,93.0
2026-08-25T02:00Z,237.0,395.0,399.0,17233.0,22624.0,4187.0,115.0,21115.0,2922.0,7697.0,27149.0,2515.0,14576.0,6536.0,2729.0,1403.0,1576.0,640.0,3694.0,1078.0,2118.0,1943.0,3143.0,14091.0,5854.0,11779.0,20207.0,12213.0,25821.0,1660.0,1128.0,1790.0,536.0,876.0,1520.0,1288.0,282.0,785.0,6551.0,3065.0,1562.0,17803.0,5719.0,8286.0,3861.0,12934.0,2165.0,3317.0,18287.0,2382.0,1495.0,1764.0,3072.0,1848.0,4761.0,3641.0,4940.0,1891.0,5790.0,208.0,2.0,25.0,39.0,3.0,62.0,29.0,79.0,2059.0,388.0,7777.0,870.0,1393.0,170.0,336.0,2727.0,624.0,1450.0,2832.0,6877.0,2378.0,1054.0,516.0,6422.0,4454.0,1621.0,5289.0,580.0,3187.0,89.0
2026-08-25T03:00Z,246.0,372.0,396.0,16885.0,21457.0,4044.0,87.0,20347.0,2829.0,8050.0,26008.0,2533.0,14180.0,6371.0,2541.0,1277.0,1470.0,598.0,3346.0,961.0,1913.0,1774.0,2946.0,13409.0,5524.0,10945.0,19186.0,11608.0,24959.0,1599.0,1064.0,1689.0,517.0,820.0,1429.0,1195.0,263.0,738.0,6215.0,2814.0,1416.0,16792.0,5338.0,7842.0,3507.0,12293.0,1997.0,3028.0,17093.0,2151.0,1444.0,1527.0,2776.0,1713.0,4379.0,3334.0,4591.0,1781.0,5389.0,192.0,2.0,24.0,37.0,3.0,61.0,29.0,79.0,1952.0,378.0,7460.0,826.0,1365.0,158.0,327.0,2604.0,597.0,1376.0,2723.0,6604.0,2279.0,1022.0,495.0,6203.0,4334.0,1533.0,4985.0,548.0,3143.0,88.0
2026-08-25T04:00Z,236.0,339.0,386.0,16559.0,20873.0,3884.0,69.0,19264.0,2673.0,7981.0,24207.0,2376.0,13298.0,6021.0,2396.0,1178.0,1366.0,550.0,3008.0,921.0,1735.0,1610.0,2726.0,12470.0,5104.0,10079.0,17966.0,10846.0,23675.0,1533.0,1002.0,1605.0,538.0,763.0,1342.0,1098.0,242.0,675.0,5857.0,2542.0,1277.0,15738.0,5090.0,7327.0,3179.0,11453.0,1838.0,2781.0,15968.0,1945.0,1333.0,1456.0,2485.0,1585.0,4019.0,3022.0,4265.0,1702.0,4996.0,176.0,2.0,21.0,41.0,2.0,59.0,27.0,77.0,1806.0,346.0,6970.0,756.0,1333.0,142.0,310.0,2418.0,547.0,1238.0,2559.0,6217.0,2144.0,976.0,458.0,5960.0,4122.0,1431.0,4588.0,518.0,2994.0,81.0
2026-08-25T05:00Z,224.0,305.0,372.0,15642.0,19626.0,3741.0,60.0,18143.0,2506.0,7900.0,22553.0,2333.0,12277.0,5583.0,2313.0,1114.0,1122.0,521.0,2749.0,845.0,1601.0,1657.0,2554.0,11586.0,4687.0,9414.0,17381.0,10309.0,22502.0,1489.0,959.0,1521.0,531.0,720.0,1268.0,1020.0,225.0,635.0,5551.0,2319.0,1164.0,15104.0,4794.0,7018.0,2923.0,10612.0,1719.0,2574.0,15158.0,1780.0,1254.0,1333.0,2263.0,1475.0,3754.0,2772.0,4019.0,1638.0,4664.0,163.0,3.0,18.0,41.0,2.0,58.0,30.0,75.0,1642.0,316.0,6517.0,690.0,1297.0,126.0,289.0,2217.0,502.0,1114.0,2499.0,5823.0,2007.0,930.0,421.0,5685.0,3954.0,1334.0,4203.0,473.0,2800.0,75.0
2026-08-25T06:00Z,215.0,279.0,362.0,14363.0,18351.0,3446.0,51.0,17213.0,2356.0,7833.0,21183.0,2258.0,11288.0,5258.0,2302.0,1068.0,1067.0,499.0,2569.0,812.0,1507.0,1569.0,2419.0,10961.0,4408.0,8996.0,17217.0,10016.0,21530.0,1457.0,924.0,1465.0,526.0,695.0,1222.0,967.0,216.0,595.0,5283.0,2146.0,1082.0,14591.0,4601.0,6707.0,2757.0,9996.0,1639.0,2416.0,14586.0,1667.0,1209.0,1256.0,2110.0,1426.0,3541.0,2592.0,3859.0,1599.0,4399.0,152.0,2.0,16.0,41.0,2.0,56.0,27.0,74.0,1497.0,302.0,6132.0,645.0,1271.0,114.0,277.0,2071.0,469.0,1028.0,2330.0,5489.0,1913.0,880.0,393.0,5486.0,3816.0,1263.0,3916.0,426.0,2651.0,70.0
2026-08-25T07:00Z,216.0,261.0,355.0,13304.0,17008.0,3211.0,24.0,16469.0,2250.0,7778.0,20084.0,2130.0,10564.0,4996.0,2237.0,1034.0,1032.0,487.0,2453.0,797.0,1434.0,1508.0,2325.0,10555.0,4202.0,8710.0,17257.0,9759.0,20982.0,1425.0,902.0,1440.0,521.0,681.0,1198.0,930.0,207.0,565.0,5099.0,2027.0,1031.0,14332.0,4494.0,6573.0,2636.0,9501.0,1582.0,2319.0,14197.0,1594.0,1178.0,1190.0,2011.0,1383.0,3408.0,2475.0,3758.0,1555.0,4212.0,146.0,2.0,15.0,43.0,2.0,56.0,26.0,73.0,1403.0,303.0,5870.0,613.0,1247.0,105.0,263.0,1958.0,448.0,963.0,2249.0,5231.0,1856.0,845.0,375.0,5351.0,3731.0,1215.0,3731.0,390.0,2524.0,66.0
2026-08-25T08:00Z,204.0,250.0,350.0,12891.0,15607.0,3232.0,38.0,15866.0,2160.0,7700.0,19189.0,1936.0,9948.0,4835.0,2169.0,1021.0,1016.0,482.0,2386.0,748.0,1399.0,1478.0,2274.0,10279.0,4117.0,8516.0,16799.0,9543.0,20434.0,1412.0,891.0,1424.0,519.0,674.0,1183.0,906.0,197.0,546.0,4965.0,1949.0,1000.0,14187.0,4413.0,6537.0,2569.0,9195.0,1548.0,2278.0,13971.0,1551.0,1170.0,1165.0,1913.0,1359.0,3311.0,2413.0,3696.0,1547.0,4093.0,143.0,2.0,14.0,43.0,2.0,55.0,25.0,71.0,1327.0,326.0,5656.0,587.0,1239.0,99.0,257.0,1869.0,433.0,929.0,2230.0,5000.0,1816.0,814.0,363.0,5240.0,3687.0,1164.0,3579.0,364.0,2438.0,66.0
2026-08-25T09:00Z,201.0,243.0,347.0,12269.0,15179.0,3044.0,38.0,15557.0,2065.0,7637.0,18535.0,1817.0,9548.0,4700.0,2096.0,1043.0,1032.0,494.0,2386.0,764.0,1387.0,1493.0,2272.0,10122.0,4054.0,8454.0,16158.0,9393.0,20073.0,1424.0,899.0,1438.0,521.0,682.0,1199.0,892.0,203.0,532.0,4933.0,1937.0,995.0,14344.0,4473.0,6572.0,2578.0,9057.0,1562.0,2293.0,14010.0,1554.0,1183.0,1182.0,1941.0,1395.0,3350.0,2440.0,3772.0,1593.0,4079.0,138.0,2.0,14.0,44.0,2.0,55.0,24.0,71.0,1292.0,279.0,5534.0,579.0,1241.0,95.0,254.0,1810.0,424.0,904.0,2216.0,4841.0,1803.0,799.0,357.0,5139.0,3656.0,1135.0,3496.0,346.0,2384.0,67.0
2026-08-25T10:00Z,208.0,238.0,344.0,11830.0,14971.0,2936.0,41.0,15529.0,2030.0,7582.0,18186.0,1795.0,9307.0,4647.0,2061.0,1102.0,1093.0,529.0,2514.0,837.0,1470.0,1562.0,2363.0,10217.0,4083.0,8775.0,16613.0,9363.0,19837.0,1471.0,938.0,1485.0,532.0,718.0,1253.0,916.0,206.0,560.0,5096.0,1994.0,1021.0,14804.0,4686.0,6801.0,2719.0,9126.0,1633.0,2399.0,14399.0,1625.0,1219.0,1226.0,2010.0,1468.0,3477.0,2627.0,3996.0,1696.0,4197.0,141.0,2.0,13.0,44.0,2.0,55.0,24.0,70.0,1256.0,254.0,5480.0,579.0,1237.0,94.0,251.0,1812.0,423.0,912.0,2161.0,4760.0,1806.0,800.0,359.0,5125.0,3660.0,1122.0,3475.0,333.0,2343.0,65.0
2026-08-25T11:00Z,205.0,240.0,345.0,11942.0,14557.0,3133.0,49.0,15714.0,2062.0,7595.0,18205.0,1905.0,9335.0,4682.0,2027.0,1176.0,1185.0,569.0,2722.0,891.0,1532.0,1668.0,2528.0,10680.0,4217.0,9375.0,17341.0,9367.0,20309.0,1546.0,1003.0,1601.0,547.0,771.0,1314.0,944.0,231.0,587.0,5449.0,2082.0,1059.0,15614.0,4911.0,7206.0,2914.0,9600.0,1772.0,2603.0,14948.0,1724.0,1293.0,1320.0,2156.0,1589.0,3735.0,2868.0,4345.0,1823.0,4355.0,147.0,2.0,14.0,44.0,2.0,56.0,24.0,70.0,1243.0,252.0,5621.0,611.0,1248.0,97.0,255.0,1865.0,442.0,926.0,2190.0,4805.0,1862.0,810.0,378.0,5141.0,3758.0,1122.0,3588.0,331.0,2352.0,65.0
2026-08-25T12:00Z,208.0,252.0,349.0,11860.0,14251.0,3034.0,39.0,15964.0,2142.0,7638.0,18516.0,2063.0,9532.0,4812.0,2036.0,1202.0,1262.0,580.0,2870.0,841.0,1608.0,1747.0,2681.0,11395.0,4426.0,9755.0,18150.0,9895.0,21033.0,1620.0,1040.0,1680.0,573.0,786.0,1328.0,969.0,249.0,621.0,5842.0,2186.0,1090.0,15978.0,5093.0,7483.0,3025.0,10193.0,1863.0,2700.0,15301.0,1760.0,1346.0,1400.0,2200.0,1664.0,3984.0,2990.0,4531.0,1913.0,4527.0,158.0,2.0,14.0,43.0,2.0,57.0,25.0,71.0,1240.0,260.0,5903.0,659.0,1264.0,102.0,267.0,1972.0,482.0,978.0,2351.0,4933.0,1965.0,846.0,403.0,5221.0,3927.0,1144.0,3806.0,343.0,2419.0,67.0
2026-08-25T13:00Z,201.0,273.0,356.0,11877.0,13777.0,2724.0,36.0,15905.0,2129.0,7630.0,18409.0,2097.0,9558.0,4811.0,2026.0,1128.0,1304.0,547.0,2888.0,868.0,1634.0,1765.0,2791.0,11859.0,4490.0,9870.0,18601.0,10382.0,21200.0,1653.0,1065.0,1665.0,564.0,776.0,1285.0,943.0,248.0,641.0,6161.0,2259.0,1086.0,16224.0,5174.0,7681.0,3083.0,10563.0,1922.0,2769.0,15577.0,1739.0,1403.0,1406.0,2238.0,1708.0,4201.0,3028.0,4595.0,1996.0,4572.0,172.0,2.0,15.0,43.0,2.0,59.0,27.0,73.0,1281.0,267.0,6017.0,685.0,1280.0,105.0,276.0,2058.0,510.0,1016.0,2393.0,4998.0,2042.0,856.0,423.0,5232.0,4009.0,1148.0,3945.0,365.0,2522.0,70.0
2026-08-25T14:00Z,204.0,292.0,363.0,12579.0,14004.0,3216.0,46.0,16559.0,2163.0,7604.0,18537.0,2121.0,9820.0,4925.0,2059.0,1044.0,1320.0,509.0,2849.0,850.0,1635.0,1738.0,2860.0,12056.0,4402.0,10141.0,19257.0,10761.0,21787.0,1653.0,1052.0,1641.0,553.0,751.0,1258.0,923.0,245.0,648.0,6351.0,2294.0,1050.0,16537.0,5348.0,8012.0,3132.0,10806.0,1999.0,2916.0,16087.0,1777.0,1445.0,1421.0,2246.0,1769.0,4389.0,3055.0,4700.0,1997.0,4538.0,180.0,3.0,16.0,43.0,2.0,61.0,21.0,74.0,1291.0,272.0,6314.0,718.0,1320.0,112.0,288.0,2175.0,527.0,1070.0,2419.0,5208.0,2085.0,885.0,444.0,5250.0,4055.0,1165.0,4126.0,389.0,2589.0,71.0
2026-08-25T15:00Z,216.0,312.0,371.0,12849.0,16849.0,3316.0,136.0,17666.0,2268.0,7761.0,19067.0,2175.0,10417.0,5264.0,2139.0,996.0,1359.0,478.0,2867.0,911.0,1646.0,1756.0,2914.0,12211.0,4416.0,10424.0,19925.0,11238.0,22852.0,1626.0,1049.0,1625.0,544.0,698.0,1269.0,935.0,251.0,656.0,6473.0,2344.0,1031.0,17130.0,5567.0,8301.0,3232.0,11219.0,2069.0,3054.0,16650.0,1859.0,1496.0,1350.0,2351.0,1808.0,4566.0,3104.0,4797.0,2046.0,4603.0,187.0,2.0,18.0,43.0,2.0,64.0,13.0,77.0,1350.0,282.0,6703.0,770.0,1368.0,122.0,297.0,2331.0,549.0,1152.0,2468.0,5491.0,2129.0,906.0,472.0,5337.0,4109.0,1228.0,4369.0,410.0,2639.0,73.0
2026-08-25T16:00Z,219.0,327.0,377.0,12632.0,20583.0,4387.0,192.0,18866.0,2363.0,7934.0,19899.0,2294.0,11235.0,5548.0,2257.0,1035.0,1417.0,449.0,3021.0,917.0,1683.0,1803.0,3029.0,12449.0,4573.0,10880.0,20543.0,11779.0,24251.0,1608.0,1032.0,1521.0,526.0,659.0,1242.0,975.0,258.0,674.0,6652.0,2473.0,1072.0,17529.0,5744.0,8554.0,3372.0,11620.0,2138.0,3166.0,17196.0,1966.0,1560.0,1474.0,2529.0,1841.0,4735.0,3180.0,4897.0,2057.0,4873.0,194.0,2.0,21.0,45.0,2.0,66.0,17.0,78.0,1405.0,295.0,7165.0,837.0,1408.0,135.0,319.0,2523.0,586.0,1261.0,2540.0,5886.0,2227.0,931.0,515.0,5504.0,4224.0,1317.0,4727.0,440.0,2735.0,80.0
2026-08-25T17:00Z,221.0,344.0,377.0,12435.0,21847.0,4367.0,224.0,19973.0,2432.0,8065.0,21120.0,2415.0,12152.0,5902.0,2409.0,1125.0,1451.0,400.0,3199.0,1006.0,1757.0,1850.0,3121.0,12848.0,4768.0,11306.0,21191.0,12296.0,25751.0,1600.0,994.0,1499.0,525.0,625.0,1148.0,958.0,265.0,702.0,6848.0,2639.0,1143.0,18035.0,5934.0,8821.0,3563.0,12075.0,2212.0,3288.0,17887.0,2077.0,1626.0,1508.0,2700.0,1912.0,4913.0,3348.0,5023.0,2057.0,5162.0,202.0,2.0,23.0,45.0,3.0,68.0,14.0,78.0,1479.0,312.0,7647.0,911.0,1451.0,155.0,338.0,2730.0,592.0,1377.0,2627.0,6298.0,2317.0,986.0,562.0,5712.0,4348.0,1416.0,5057.0,442.0,2772.0,79.0
2026-08-25T18:00Z,221.0,359.0,364.0,12375.0,22641.0,3982.0,217.0,21199.0,2496.0,8210.0,22789.0,2577.0,13074.0,6425.0,2562.0,1195.0,1470.0,385.0,3383.0,1060.0,1899.0,1912.0,3192.0,13213.0,4990.0,11711.0,21911.0,12844.0,27113.0,1643.0,963.0,1472.0,518.0,619.0,1115.0,1009.0,272.0,720.0,6922.0,2836.0,1298.0,18612.0,6119.0,9106.0,3725.0,12594.0,2297.0,3417.0,18510.0,2226.0,1686.0,1662.0,2902.0,1985.0,5029.0,3502.0,5175.0,2093.0,5389.0,209.0,2.0,25.0,46.0,3.0,70.0,10.0,79.0,1574.0,328.0,8183.0,984.0,1495.0,171.0,357.0,2881.0,597.0,1488.0,2711.0,6768.0,2372.0,1021.0,612.0,5959.0,4469.0,1517.0,5376.0,467.0,2878.0,82.0
2026-08-25T19:00Z,220.0,374.0,372.0,12249.0,22383.0,3845.0,209.0,22090.0,2540.0,8259.0,24522.0,2706.0,13952.0,6742.0,2661.0,1245.0,1482.0,384.0,3409.0,1097.0,1994.0,1962.0,3280.0,13557.0,5294.0,12069.0,22518.0,13391.0,28577.0,1665.0,948.0,1485.0,525.0,632.0,1190.0,1056.0,283.0,730.0,6966.0,2923.0,1470.0,19149.0,6204.0,9286.0,3938.0,13217.0,2372.0,3547.0,19020.0,2357.0,1729.0,1725.0,3029.0,1991.0,5061.0,3660.0,5209.0,2093.0,5514.0,220.0,2.0,26.0,42.0,3.0,71.0,1.0,84.0,1692.0,348.0,8703.0,1051.0,1531.0,185.0,378.0,3052.0,610.0,1595.0,2803.0,7206.0,2476.0,1025.0,658.0,6185.0,4567.0,1615.0,5521.0,505.0,2965.0,83.0
2026-08-25T20:00Z,222.0,392.0,380.0,12258.0,22799.0,3485.0,206.0,22825.0,2653.0,8208.0,25894.0,2800.0,14706.0,6972.0,2761.0,1276.0,1493.0,407.0,3657.0,1118.0,2085.0,1987.0,3321.0,13782.0,5590.0,12449.0,22912.0,13847.0,29371.0,1668.0,961.0,1500.0,509.0,665.0,1253.0,1174.0,299.0,767.0,7081.0,3021.0,1554.0,19599.0,6429.0,9554.0,4140.0,13726.0,2436.0,3676.0,19449.0,2470.0,1766.0,1957.0,3215.0,2005.0,5103.0,3861.0,5281.0,2069.0,5692.0,233.0,2.0,28.0,42.0,3.0,72.0,1.0,86.0,1812.0,364.0,9105.0,1100.0,1549.0,197.0,392.0,3191.0,635.0,1678.0,2878.0,7369.0,2596.0,1020.0,698.0,6357.0,4659.0,1663.0,5532.0,547.0,3068.0,89.0
2026-08-25T21:00Z,230.0,404.0,380.0,12678.0,23100.0,3469.0,163.0,23282.0,2659.0,8074.0,26624.0,2818.0,15310.0,7047.0,2836.0,1346.0,1552.0,472.0,3836.0,1165.0,2194.0,2061.0,3383.0,13985.0,5869.0,12894.0,23216.0,14217.0,30117.0,1724.0,975.0,1508.0,505.0,716.0,1303.0,1244.0,323.0,811.0,7211.0,3222.0,1593.0,20101.0,6551.0,9637.0,4248.0,14126.0,2500.0,3803.0,19786.0,2553.0,1797.0,2010.0,3436.0,2045.0,5232.0,4003.0,5325.0,2063.0,6026.0,244.0,2.0,30.0,40.0,3.0,74.0,5.0,85.0,1925.0,364.0,9459.0,1137.0,1567.0,205.0,388.0,3232.0,674.0,1701.0,2932.0,7447.0,2700.0,1039.0,721.0,6480.0,4704.0,1646.0,5515.0,547.0,3159.0,92.0
2026-08-25T22:00Z,234.0,416.0,379.0,13300.0,23505.0,3627.0,148.0,23524.0,2686.0,7994.0,27032.0,2745.0,15732.0,7147.0,2759.0,1490.0,1626.0,554.0,4002.0,1209.0,2328.0,2187.0,3441.0,14137.0,6159.0,13163.0,23454.0,14516.0,30423.0,1788.0,1064.0,1579.0,527.0,789.0,1487.0,1364.0,326.0,842.0,7258.0,3367.0,1667.0,20343.0,6764.0,9631.0,4313.0,14316.0,2550.0,3906.0,20059.0,2619.0,1831.0,2081.0,3636.0,2076.0,5337.0,4070.0,5440.0,2036.0,6246.0,240.0,2.0,29.0,39.0,3.0,74.0,9.0,83.0,2043.0,378.0,9623.0,1156.0,1567.0,212.0,393.0,3217.0,710.0,1695.0,2983.0,7456.0,2799.0,1053.0,721.0,6512.0,4757.0,1658.0,5512.0,561.0,3209.0,95.0
2026-08-25T23:00Z,240.0,423.0,376.0,14290.0,24281.0,3878.0,165.0,23446.0,2719.0,7891.0,27004.0,2627.0,16011.0,7166.0,2882.0,1567.0,1636.0,664.0,4104.0,1228.0,2333.0,2229.0,3392.0,14400.0,6417.0,13267.0,23468.0,14524.0,30083.0,1845.0,1179.0,1763.0,565.0,856.0,1572.0,1395.0,332.0,835.0,7059.0,3386.0,1716.0,20289.0,6693.0,9470.0,4360.0,14409.0,2549.0,3887.0,19973.0,2688.0,1798.0,2139.0,3647.0,2101.0,5281.0,4012.0,5531.0,2052.0,6274.0,233.0,3.0,30.0,40.0,3.0,71.0,15.0,82.0,2129.0,379.0,9498.0,1144.0,1556.0,214.0,380.0,3197.0,734.0,1700.0,2999.0,7325.0,2877.0,1056.0,708.0,6495.0,4729.0,1657.0,5538.0,587.0,3235.0,96.0
2026-08-26T00:00Z,236.0,415.0,374.0,15399.0,24201.0,4222.0,191.0,22704.0,2756.0,7925.0,26405.0,2648.0,15939.0,7042.0,2863.0,1554.0,1598.0,696.0,4024.0,1156.0,2256.0,2207.0,3322.0,14577.0,6551.0,13076.0,23075.0,14321.0,29372.0,1897.0,1230.0,1891.0,574.0,912.0,1602.0,1388.0,323.0,807.0,6864.0,3277.0,1672.0,19864.0,6561.0,9178.0,4270.0,14279.0,2497.0,3741.0,19591.0,2638.0,1729.0,2060.0,3521.0,2062.0,5134.0,3918.0,5492.0,2049.0,6224.0,223.0,2.0,29.0,39.0,3.0,68.0,22.0,80.0,2132.0,390.0,9227.0,1115.0,1533.0,207.0,378.0,3127.0,736.0,1690.0,3008.0,7149.0,2876.0,1053.0,692.0,6422.0,4689.0,1636.0,5530.0,605.0,3245.0,94.0
2026-08-26T01:00Z,225.0,398.0,368.0,16161.0,23681.0,4422.0,146.0,21850.0,2678.0,7834.0,25537.0,2578.0,15479.0,6912.0,2779.0,1507.0,1549.0,694.0,3908.0,1156.0,2172.0,2164.0,3253.0,14272.0,6414.0,12542.0,22432.0,13849.0,28491.0,1904.0,1235.0,1898.0,575.0,915.0,1599.0,1361.0,328.0,790.0,6759.0,3161.0,1612.0,19364.0,6361.0,8944.0,4181.0,13865.0,2393.0,3592.0,19125.0,2543.0,1697.0,1938.0,3316.0,2030.0,5036.0,3820.0,5395.0,2051.0,6098.0,215.0,2.0,28.0,38.0,3.0,64.0,28.0,81.0,2167.0,390.0,8867.0,1066.0,1499.0,197.0,371.0,3030.0,713.0,1623.0,2930.0,6937.0,2796.0,1029.0,664.0,6226.0,4575.0,1604.0,5381.0,598.0,3247.0,93.0
2026-08-26T02:00Z,226.0,372.0,359.0,16582.0,22628.0,4420.0,124.0,21296.0,2632.0,7966.0,24678.0,2466.0,14948.0,6744.0,2704.0,1397.0,1435.0,662.0,3649.0,1066.0,2025.0,2051.0,3102.0,14113.0,6300.0,12117.0,21918.0,13484.0,27774.0,1834.0,1173.0,1808.0,527.0,867.0,1522.0,1288.0,308.0,757.0,6576.0,2978.0,1512.0,18497.0,6064.0,8568.0,3933.0,13475.0,2274.0,3436.0,18183.0,2356.0,1625.0,1804.0,3095.0,1910.0,4821.0,3630.0,5115.0,1947.0,5849.0,203.0,2.0,27.0,41.0,3.0,62.0,27.0,79.0,2083.0,378.0,8510.0,1020.0,1480.0,190.0,369.0,2958.0,686.0,1565.0,2834.0,6759.0,2695.0,984.0,636.0,6006.0,4453.0,1542.0,5181.0,571.0,3193.0,92.0
2026-08-26T03:00Z,226.0,352.0,358.0,16440.0,21579.0,4261.0,85.0,20396.0,2585.0,7977.0,23684.0,2286.0,14306.0,6503.0,2624.0,1275.0,1307.0,617.0,3319.0,915.0,1821.0,1891.0,2910.0,13529.0,5934.0,11330.0,20678.0,12893.0,26610.0,1749.0,1090.0,1691.0,555.0,801.0,1429.0,1195.0,282.0,714.0,6309.0,2772.0,1383.0,17358.0,5612.0,8051.0,3591.0,12798.0,2097.0,3145.0,17044.0,2131.0,1533.0,1610.0,2837.0,1759.0,4494.0,3336.0,4739.0,1827.0,5503.0,187.0,2.0,24.0,44.0,3.0,61.0,28.0,79.0,1977.0,366.0,8058.0,960.0,1440.0,178.0,358.0,2813.0,650.0,1471.0,2727.0,6446.0,2563.0,940.0,598.0,5805.0,4310.0,1470.0,4903.0,542.0,3128.0,90.0
2026-08-26T04:00Z,224.0,321.0,350.0,16455.0,21095.0,4238.0,81.0,19267.0,2468.0,7848.0,22286.0,2180.0,13490.0,6094.0,2461.0,1170.0,1189.0,566.0,3007.0,890.0,1669.0,1741.0,2683.0,12756.0,5489.0,10392.0,19479.0,12177.0,25294.0,1657.0,1023.0,1597.0,561.0,745.0,1340.0,1105.0,259.0,666.0,5974.0,2530.0,1258.0,16205.0,5265.0,7477.0,3266.0,11996.0,1936.0,2860.0,15953.0,1926.0,1449.0,1445.0,2538.0,1631.0,4161.0,3053.0,4380.0,1730.0,5130.0,172.0,2.0,20.0,42.0,3.0,60.0,26.0,78.0,1855.0,339.0,7516.0,880.0,1414.0,162.0,342.0,2616.0,594.0,1359.0,2560.0,6053.0,2391.0,891.0,552.0,5618.0,4094.0,1379.0,4527.0,504.0,2980.0,85.0
2026-08-26T05:00Z,220.0,291.0,337.0,15704.0,20217.0,4100.0,75.0,18257.0,2338.0,7843.0,20944.0,2057.0,12658.0,5731.0,2208.0,1096.0,1108.0,529.0,2776.0,849.0,1530.0,1637.0,2506.0,11857.0,5112.0,9645.0,19081.0,11635.0,23875.0,1584.0,969.0,1513.0,540.0,706.0,1268.0,1030.0,246.0,632.0,5656.0,2339.0,1155.0,15416.0,4946.0,7077.0,3016.0,11212.0,1811.0,2677.0,15159.0,1771.0,1365.0,1331.0,2311.0,1521.0,3880.0,2814.0,4123.0,1647.0,4789.0,159.0,2.0,19.0,45.0,2.0,59.0,29.0,76.0,1699.0,318.0,6968.0,811.0,1377.0,146.0,321.0,2421.0,540.0,1237.0,2416.0,5708.0,2229.0,847.0,514.0,5449.0,3926.0,1305.0,4174.0,453.0,2785.0,78.0
2026-08-26T06:00Z,214.0,266.0,328.0,14525.0,18799.0,3682.0,48.0,17267.0,2206.0,7843.0,19676.0,1880.0,11728.0,5317.0,2292.0,1050.0,1053.0,508.0,2618.0,798.0,1437.0,1555.0,2372.0,11165.0,4818.0,9227.0,18906.0,11138.0,22682.0,1515.0,931.0,1448.0,546.0,676.0,1229.0,975.0,231.0,597.0,5387.0,2171.0,1081.0,14943.0,4748.0,6789.0,2827.0,10633.0,1716.0,2524.0,14634.0,1668.0,1306.0,1208.0,2148.0,1459.0,3695.0,2646.0,3950.0,1599.0,4518.0,148.0,2.0,17.0,40.0,2.0,58.0,27.0,73.0,1597.0,300.0,6569.0,754.0,1344.0,133.0,301.0,2258.0,503.0,1135.0,2298.0,5425.0,2108.0,807.0,485.0,5262.0,3788.0,1251.0,3917.0,408.0,2602.0,74.0
2026-08-26T07:00Z,205.0,248.0,319.0,13454.0,17517.0,3369.0,39.0,16452.0,2108.0,7789.0,18616.0,1967.0,10989.0,5032.0,2251.0,1025.0,1019.0,493.0,2500.0,766.0,1376.0,1497.0,2288.0,10648.0,4596.0,8910.0,18272.0,10712.0,21709.0,1470.0,907.0,1403.0,540.0,661.0,1199.0,930.0,222.0,565.0,5189.0,2054.0,1035.0,14551.0,4630.0,6620.0,2704.0,10171.0,1659.0,2425.0,14236.0,1601.0,1245.0,1110.0,2054.0,1411.0,3543.0,2533.0,3864.0,1578.0,4313.0,143.0,2.0,16.0,42.0,2.0,58.0,26.0,73.0,1517.0,283.0,6261.0,714.0,1312.0,124.0,292.0,2124.0,477.0,1077.0,2202.0,5244.0,2023.0,773.0,461.0,5119.0,3682.0,1211.0,3722.0,373.0,2490.0,72.0
2026-08-26T08:00Z,199.0,238.0,308.0,12871.0,16054.0,3388.0,30.0,15858.0,2020.0,7700.0,17812.0,1985.0,10425.0,4951.0,2158.0,1010.0,1007.0,485.0,2427.0,752.0,1345.0,1476.0,2241.0,10262.0,4480.0,8796.0,17870.0,10452.0,21139.0,1456.0,895.0,1372.0,535.0,656.0,1186.0,904.0,214.0,542.0,5069.0,1982.0,1010.0,14387.0,4562.0,6527.0,2650.0,9870.0,1626.0,2362.0,13924.0,1565.0,1229.0,1190.0,1970.0,1400.0,3458.0,2473.0,3809.0,1549.0,4188.0,140.0,3.0,14.0,41.0,2.0,57.0,25.0,72.0,1410.0,274.0,6024.0,683.0,1296.0,116.0,282.0,2047.0,460.0,1034.0,2133.0,4979.0,1962.0,749.0,438.0,5020.0,3612.0,1170.0,3584.0,351.0,2422.0,69.0
2026-08-26T09:00Z,194.0,231.0,305.0,12212.0,15129.0,3186.0,37.0,15574.0,1967.0,7657.0,17345.0,1899.0,10033.0,4860.0,2113.0,1032.0,1025.0,502.0,2430.0,757.0,1358.0,1489.0,2253.0,10074.0,4416.0,8764.0,17720.0,10243.0,20722.0,1461.0,899.0,1405.0,538.0,665.0,1192.0,895.0,213.0,537.0,5034.0,1972.0,1009.0,14502.0,4600.0,6572.0,2669.0,9716.0,1632.0,2366.0,13997.0,1574.0,1232.0,1193.0,2007.0,1414.0,3451.0,2512.0,3857.0,1569.0,4178.0,139.0,2.0,14.0,41.0,2.0,57.0,24.0,71.0,1362.0,267.0,5883.0,665.0,1284.0,112.0,278.0,1996.0,451.0,1010.0,2110.0,4858.0,1926.0,742.0,425.0,4961.0,3595.0,1144.0,3514.0,333.0,2372.0,68.0
2026-08-26T10:00Z,198.0,229.0,304.0,11719.0,14572.0,3031.0,33.0,15582.0,1930.0,7597.0,17224.0,1906.0,9886.0,4789.0,2111.0,1094.0,1091.0,529.0,2564.0,867.0,1439.0,1566.0,2354.0,10099.0,4443.0,9030.0,17625.0,10272.0,20510.0,1502.0,938.0,1465.0,557.0,697.0,1220.0,917.0,220.0,557.0,5194.0,2024.0,1041.0,14816.0,4709.0,6816.0,2792.0,9794.0,1707.0,2431.0,14370.0,1650.0,1271.0,1170.0,2057.0,1492.0,3574.0,2714.0,4071.0,1665.0,4299.0,142.0,2.0,14.0,43.0,2.0,57.0,24.0,69.0,1304.0,265.0,5829.0,655.0,1281.0,111.0,276.0,1990.0,450.0,1007.0,2103.0,4773.0,1905.0,740.0,420.0,4939.0,3601.0,1124.0,3523.0,322.0,2348.0,65.0
2026-08-26T11:00Z,201.0,231.0,306.0,11592.0,14363.0,2782.0,40.0,15770.0,1997.0,7675.0,17561.0,1966.0,9937.0,4861.0,2136.0,1179.0,1186.0,582.0,2785.0,853.0,1525.0,1679.0,2530.0,10510.0,4573.0,9538.0,18218.0,10233.0,20785.0,1574.0,990.0,1555.0,569.0,748.0,1276.0,956.0,231.0,588.0,5550.0,2109.0,1081.0,15688.0,5040.0,7222.0,2996.0,10318.0,1844.0,2615.0,14998.0,1755.0,1341.0,1198.0,2209.0,1607.0,3825.0,2975.0,4420.0,1802.0,4452.0,149.0,2.0,13.0,38.0,2.0,58.0,24.0,69.0,1298.0,260.0,5936.0,678.0,1290.0,113.0,283.0,2052.0,461.0,1039.0,2148.0,4826.0,1928.0,759.0,428.0,4967.0,3667.0,1146.0,3645.0,323.0,2344.0,64.0
2026-08-26T12:00Z,205.0,243.0,311.0,11585.0,13976.0,2915.0,35.0,16069.0,2073.0,7612.0,18159.0,1999.0,10127.0,4996.0,2173.0,1167.0,1263.0,574.0,2922.0,873.0,1596.0,1762.0,2700.0,11237.0,4790.0,9933.0,19150.0,10666.0,21390.0,1601.0,997.0,1524.0,566.0,721.0,1264.0,982.0,241.0,636.0,5943.0,2227.0,1118.0,16079.0,5240.0,7485.0,3120.0,11066.0,1930.0,2747.0,15416.0,1796.0,1396.0,1217.0,2263.0,1685.0,4081.0,3108.0,4601.0,1892.0,4628.0,161.0,2.0,15.0,32.0,2.0,59.0,25.0,70.0,1306.0,264.0,6202.0,722.0,1305.0,117.0,294.0,2160.0,498.0,1083.0,2253.0,4938.0,2006.0,795.0,446.0,5026.0,3803.0,1175.0,3878.0,334.0,2401.0,63.0
2026-08-26T13:00Z,192.0,265.0,317.0,11911.0,13728.0,2749.0,31.0,16009.0,2059.0,7095.0,18223.0,1763.0,10148.0,4958.0,2130.0,1089.0,1310.0,486.0,2941.0,911.0,1641.0,1772.0,2831.0,11695.0,4931.0,10153.0,19980.0,11141.0,21470.0,1565.0,911.0,1379.0,540.0,628.0,1176.0,943.0,250.0,662.0,6271.0,2321.0,1130.0,16240.0,5283.0,7823.0,3215.0,11582.0,1984.0,2888.0,15761.0,1795.0,1473.0,1228.0,2299.0,1736.0,4316.0,3191.0,4674.0,1930.0,4693.0,174.0,2.0,16.0,31.0,2.0,60.0,27.0,72.0,1343.0,271.0,6327.0,754.0,1322.0,122.0,300.0,2252.0,531.0,1115.0,2319.0,5011.0,2079.0,818.0,461.0,5046.0,3935.0,1184.0,4034.0,351.0,2494.0,66.0
2026-08-26T14:00Z,187.0,286.0,327.0,12566.0,14054.0,2880.0,36.0,16666.0,2072.0,7298.0,18700.0,1796.0,10350.0,5018.0,2159.0,1028.0,1325.0,380.0,2917.0,959.0,1658.0,1769.0,2917.0,11850.0,4882.0,10434.0,20410.0,11715.0,22225.0,1563.0,852.0,1221.0,516.0,546.0,1063.0,888.0,254.0,672.0,6502.0,2372.0,1112.0,16745.0,5420.0,8077.0,3323.0,11954.0,2059.0,3035.0,16306.0,1870.0,1536.0,1259.0,2332.0,1778.0,4538.0,3272.0,4722.0,1973.0,4710.0,183.0,2.0,16.0,31.0,2.0,62.0,14.0,73.0,1359.0,275.0,6606.0,797.0,1360.0,131.0,314.0,2370.0,564.0,1199.0,2406.0,5184.0,2162.0,845.0,497.0,5084.0,3995.0,1200.0,4216.0,376.0,2532.0,71.0
2026-08-26T15:00Z,208.0,302.0,341.0,12964.0,17160.0,3389.0,135.0,17779.0,2071.0,7611.0,19986.0,1937.0,10909.0,5317.0,2243.0,1040.0,1349.0,329.0,2931.0,993.0,1675.0,1741.0,2981.0,11991.0,4997.0,10794.0,21065.0,12251.0,23740.0,1588.0,852.0,1160.0,497.0,517.0,1012.0,882.0,259.0,685.0,6649.0,2453.0,1122.0,17283.0,5683.0,8443.0,3473.0,12401.0,2169.0,3213.0,16936.0,1992.0,1629.0,1313.0,2411.0,1838.0,4748.0,3374.0,4842.0,2003.0,4794.0,192.0,2.0,18.0,30.0,2.0,64.0,,76.0,1393.0,287.0,7041.0,863.0,1407.0,143.0,312.0,2537.0,595.0,1301.0,2501.0,5388.0,2264.0,884.0,550.0,5184.0,4060.0,1232.0,4474.0,398.0,2542.0,74.0
2026-08-26T16:00Z,209.0,319.0,349.0,12842.0,20843.0,3956.0,252.0,19054.0,2272.0,7706.0,21699.0,2028.0,11692.0,5607.0,2341.0,1053.0,1391.0,315.0,3083.0,1040.0,1737.0,1764.0,3053.0,12352.0,5253.0,11188.0,21870.0,12890.0,25464.0,1628.0,898.0,1207.0,512.0,511.0,1056.0,945.0,265.0,699.0,6790.0,2610.0,1184.0,17999.0,5954.0,8724.0,3672.0,13112.0,2275.0,3361.0,17656.0,2156.0,1675.0,1419.0,2547.0,1913.0,4975.0,3459.0,4991.0,2072.0,4920.0,202.0,2.0,21.0,29.0,2.0,66.0,,77.0,1407.0,298.0,7580.0,927.0,1459.0,158.0,338.0,2726.0,624.0,1396.0,2585.0,5557.0,2369.0,926.0,598.0,5300.0,4164.0,1264.0,4784.0,419.0,2595.0,76.0
2026-08-26T17:00Z,208.0,336.0,352.0,12682.0,22550.0,4360.0,253.0,20231.0,2482.0,7957.0,23237.0,2156.0,12586.0,5954.0,2438.0,1092.0,1435.0,298.0,3238.0,1087.0,1854.0,1837.0,3164.0,12753.0,5587.0,11818.0,22587.0,13465.0,27332.0,1679.0,955.0,1264.0,532.0,529.0,1073.0,1007.0,273.0,723.0,6928.0,2737.0,1315.0,18696.0,6210.0,9037.0,3914.0,13898.0,2363.0,3545.0,18662.0,2336.0,1736.0,1535.0,2760.0,2003.0,5239.0,3603.0,5158.0,2108.0,5192.0,213.0,2.0,23.0,27.0,3.0,69.0,,79.0,1500.0,315.0,8264.0,991.0,1477.0,172.0,364.0,2939.0,653.0,1514.0,2682.0,5812.0,2483.0,972.0,640.0,5445.0,4301.0,1316.0,5132.0,445.0,2721.0,79.0
2026-08-26T18:00Z,209.0,353.0,358.0,12520.0,22335.0,3818.0,252.0,21285.0,2678.0,8012.0,24386.0,2298.0,13476.0,6347.0,2522.0,1135.0,1490.0,304.0,3403.0,1126.0,1965.0,1919.0,3289.0,12950.0,5933.0,12389.0,23179.0,14066.0,29077.0,1740.0,998.0,1329.0,528.0,546.0,1119.0,1079.0,285.0,748.0,7045.0,2909.0,1445.0,19394.0,6480.0,9386.0,4117.0,14725.0,2479.0,3695.0,19403.0,2471.0,1817.0,1639.0,3103.0,2098.0,5486.0,3752.0,5400.0,2148.0,5562.0,227.0,3.0,26.0,26.0,3.0,70.0,,82.0,1604.0,328.0,8870.0,1051.0,1514.0,189.0,379.0,3142.0,678.0,1637.0,2802.0,6003.0,2602.0,1019.0,674.0,5607.0,4423.0,1375.0,5489.0,471.0,2804.0,80.0
2026-08-26T19:00Z,217.0,373.0,365.0,12437.0,22628.0,4594.0,221.0,22330.0,2804.0,8002.0,24903.0,2439.0,14266.0,6761.0,2622.0,1176.0,1539.0,323.0,3592.0,1158.0,2070.0,2001.0,3386.0,13155.0,6285.0,12914.0,23707.0,14586.0,30276.0,1821.0,1056.0,1396.0,536.0,557.0,1142.0,1129.0,307.0,781.0,7092.0,3096.0,1562.0,20084.0,6709.0,9640.0,4297.0,15373.0,2582.0,3896.0,20092.0,2573.0,1867.0,1699.0,3309.0,2175.0,5663.0,3935.0,5569.0,2168.0,5958.0,243.0,2.0,28.0,28.0,3.0,71.0,,83.0,1701.0,347.0,9385.0,1092.0,1542.0,204.0,388.0,3302.0,702.0,1720.0,2897.0,6152.0,2685.0,1054.0,706.0,5789.0,4531.0,1433.0,5793.0,506.0,2936.0,83.0
2026-08-26T20:00Z,218.0,393.0,369.0,12304.0,23004.0,4488.0,178.0,23183.0,2973.0,7859.0,25234.0,2543.0,14740.0,6951.0,2706.0,1232.0,1592.0,360.0,3800.0,1211.0,2194.0,2099.0,3473.0,13317.0,6572.0,13423.0,24077.0,14825.0,31338.0,1894.0,1126.0,1462.0,516.0,583.0,1166.0,1201.0,329.0,835.0,7367.0,3259.0,1686.0,20634.0,6922.0,9795.0,4468.0,15734.0,2647.0,4071.0,20589.0,2674.0,1924.0,1757.0,3619.0,2231.0,5800.0,4150.0,5693.0,2189.0,6338.0,258.0,2.0,28.0,27.0,3.0,73.0,2.0,83.0,1815.0,357.0,9786.0,1115.0,1568.0,213.0,407.0,3384.0,720.0,1782.0,2953.0,6318.0,2745.0,1075.0,726.0,5966.0,4571.0,1475.0,6025.0,545.0,3093.0,86.0
2026-08-26T21:00Z,222.0,412.0,374.0,12778.0,23014.0,4211.0,200.0,23746.0,3059.0,7737.0,25902.0,2609.0,15295.0,7076.0,2749.0,1324.0,1654.0,460.0,4021.0,1250.0,2301.0,2220.0,3560.0,13605.0,6752.0,13954.0,24206.0,15059.0,31991.0,1966.0,1174.0,1587.0,532.0,634.0,1248.0,1308.0,335.0,870.0,7516.0,3425.0,1777.0,21081.0,7089.0,9982.0,4635.0,16065.0,2712.0,4220.0,20997.0,2761.0,1971.0,1871.0,3874.0,2279.0,5921.0,4374.0,5834.0,2171.0,6674.0,266.0,2.0,30.0,26.0,3.0,73.0,13.0,79.0,1940.0,364.0,10018.0,1129.0,1578.0,222.0,405.0,3443.0,743.0,1840.0,2999.0,6546.0,2793.0,1085.0,738.0,6104.0,4628.0,1515.0,6182.0,569.0,3218.0,92.0
2026-08-26T22:00Z,223.0,427.0,369.0,13750.0,23842.0,3991.0,180.0,24025.0,3180.0,7630.0,27023.0,2586.0,15706.0,7215.0,2848.0,1472.0,1717.0,580.0,4246.0,1285.0,2410.0,2332.0,3620.0,13842.0,6847.0,14184.0,24254.0,15201.0,32154.0,2019.0,1274.0,1742.0,550.0,746.0,1447.0,1434.0,354.0,892.0,7509.0,3534.0,1893.0,21209.0,7218.0,10073.0,4657.0,16085.0,2756.0,4310.0,21128.0,2839.0,2007.0,1975.0,4014.0,2311.0,5983.0,4421.0,5976.0,2229.0,6900.0,263.0,2.0,28.0,29.0,3.0,72.0,16.0,79.0,2021.0,369.0,10090.0,1143.0,1567.0,223.0,402.0,3423.0,755.0,1843.0,3024.0,6725.0,2826.0,1087.0,741.0,6198.0,4659.0,1565.0,6229.0,590.0,3242.0,93.0
2026-08-26T23:00Z,229.0,433.0,362.0,14743.0,24900.0,4149.0,189.0,23654.0,3137.0,7439.0,27361.0,2512.0,15790.0,7114.0,2837.0,1549.0,1719.0,698.0,4281.0,1269.0,2394.0,2354.0,3536.0,13993.0,7006.0,14005.0,24136.0,15214.0,31727.0,2092.0,1371.0,1909.0,574.0,881.0,1612.0,1488.0,354.0,883.0,7238.0,3461.0,1892.0,20889.0,7140.0,9953.0,4568.0,16018.0,2724.0,4247.0,20892.0,2895.0,1975.0,2008.0,3964.0,2258.0,5791.0,4305.0,5919.0,2208.0,6864.0,248.0,2.0,25.0,29.0,3.0,70.0,19.0,78.0,2051.0,371.0,9998.0,1144.0,1548.0,223.0,392.0,3378.0,754.0,1838.0,3011.0,6782.0,2825.0,1073.0,727.0,6224.0,4679.0,1599.0,6153.0,581.0,3248.0,98.0
2026-08-27T00:00Z,237.0,424.0,359.0,15918.0,25062.0,4466.0,163.0,22796.0,3067.0,7571.0,26209.0,2486.0,15658.0,6957.0,2764.0,1563.0,1675.0,732.0,4183.0,1229.0,2308.0,2314.0,3454.0,14048.0,7106.0,13587.0,23716.0,14900.0,31005.0,2101.0,1397.0,1995.0,598.0,962.0,1669.0,1461.0,337.0,850.0,7098.0,3343.0,1812.0,20317.0,6965.0,9612.0,4503.0,15751.0,2653.0,4075.0,20411.0,2803.0,1892.0,1991.0,3760.0,2201.0,5615.0,4209.0,5826.0,2151.0,6727.0,236.0,2.0,24.0,28.0,3.0,67.0,29.0,78.0,1968.0,371.0,9712.0,1112.0,1523.0,216.0,379.0,3240.0,737.0,1770.0,2990.0,6769.0,2758.0,1050.0,703.0,6192.0,4637.0,1605.0,5921.0,585.0,3225.0,100.0
2026-08-27T01:00Z,220.0,407.0,356.0,16897.0,25015.0,4763.0,158.0,21790.0,2896.0,7519.0,24854.0,2310.0,15193.0,6785.0,2694.0,1516.0,1616.0,716.0,4061.0,1206.0,2230.0,2262.0,3396.0,13670.0,6953.0,13098.0,23109.0,14214.0,29781.0,2049.0,1389.0,2018.0,597.0,963.0,1653.0,1419.0,332.0,830.0,7050.0,3230.0,1755.0,20002.0,6776.0,9409.0,4474.0,15220.0,2615.0,3940.0,19988.0,2707.0,1805.0,1847.0,3639.0,2177.0,5517.0,4111.0,5746.0,2121.0,6623.0,225.0,2.0,23.0,29.0,3.0,61.0,31.0,77.0,1865.0,361.0,9215.0,1042.0,1477.0,206.0,367.0,3090.0,702.0,1673.0,2934.0,6643.0,2653.0,1016.0,655.0,6112.0,4556.0,1577.0,5618.0,570.0,3159.0,101.0
2026-08-27T02:00Z,217.0,382.0,339.0,17423.0,23442.0,4485.0,116.0,21131.0,2764.0,7324.0,24097.0,2145.0,14553.0,6635.0,2633.0,1407.0,1497.0,678.0,3779.0,1100.0,2071.0,2138.0,3243.0,13480.0,6730.0,12712.0,22633.0,13666.0,28840.0,1956.0,1315.0,1929.0,558.0,909.0,1566.0,1332.0,319.0,790.0,6918.0,3058.0,1659.0,19303.0,6404.0,9030.0,4252.0,14757.0,2504.0,3785.0,19045.0,2525.0,1706.0,1688.0,3408.0,2056.0,5303.0,3920.0,5468.0,2046.0,6380.0,211.0,2.0,21.0,33.0,3.0,60.0,25.0,78.0,1806.0,350.0,8718.0,977.0,1440.0,192.0,368.0,2968.0,668.0,1596.0,2853.0,6388.0,2539.0,979.0,617.0,5997.0,4424.0,1512.0,5341.0,555.0,3078.0,99.0
2026-08-27T03:00Z,228.0,362.0,338.0,17239.0,22638.0,4502.0,97.0,20208.0,2639.0,7216.0,22974.0,2020.0,13770.0,6361.0,2469.0,1277.0,1360.0,631.0,3435.0,944.0,1863.0,1977.0,3023.0,12994.0,6286.0,11859.0,21357.0,13092.0,27445.0,1850.0,1222.0,1810.0,570.0,849.0,1468.0,1238.0,301.0,754.0,6660.0,2865.0,1539.0,18158.0,5884.0,8468.0,3930.0,13979.0,2325.0,3535.0,17978.0,2295.0,1599.0,1528.0,3140.0,1902.0,4963.0,3646.0,5074.0,1901.0,6021.0,196.0,3.0,22.0,39.0,3.0,60.0,26.0,75.0,1757.0,349.0,8127.0,903.0,1403.0,176.0,350.0,2787.0,630.0,1476.0,2755.0,6007.0,2415.0,944.0,573.0,5791.0,4268.0,1424.0,5028.0,531.0,3043.0,93.0
2026-08-27T04:00Z,231.0,332.0,288.0,17156.0,21872.0,4483.0,103.0,19109.0,2456.0,7117.0,21499.0,1896.0,12691.0,5950.0,2379.0,1181.0,1237.0,577.0,3114.0,933.0,1703.0,1816.0,2814.0,12192.0,5797.0,11020.0,20001.0,11992.0,25822.0,1744.0,1130.0,1711.0,566.0,790.0,1373.0,1148.0,277.0,713.0,6371.0,2650.0,1415.0,17193.0,5447.0,7929.0,3616.0,12995.0,2152.0,3263.0,17032.0,2087.0,1499.0,1366.0,2874.0,1765.0,4572.0,3372.0,4721.0,1772.0,5637.0,182.0,2.0,18.0,41.0,3.0,59.0,25.0,76.0,1700.0,331.0,7469.0,823.0,1364.0,155.0,332.0,2567.0,576.0,1331.0,2597.0,5627.0,2249.0,896.0,521.0,5601.0,4055.0,1340.0,4637.0,497.0,2942.0,86.0
2026-08-27T05:00Z,218.0,302.0,277.0,16298.0,21064.0,4294.0,91.0,18171.0,2347.0,7242.0,20005.0,1935.0,11949.0,5654.0,2285.0,1103.0,1162.0,540.0,2881.0,862.0,1570.0,1706.0,2641.0,11281.0,5340.0,10282.0,19462.0,11319.0,24557.0,1633.0,1067.0,1604.0,556.0,749.0,1298.0,1077.0,260.0,683.0,6082.0,2495.0,1304.0,16330.0,5119.0,7492.0,3368.0,12016.0,2006.0,3044.0,16325.0,1930.0,1395.0,1291.0,2634.0,1651.0,4285.0,3145.0,4442.0,1679.0,5278.0,170.0,2.0,17.0,39.0,2.0,58.0,28.0,73.0,1592.0,309.0,6857.0,748.0,1326.0,137.0,306.0,2356.0,525.0,1198.0,2462.0,5307.0,2102.0,847.0,474.0,5413.0,3881.0,1259.0,4255.0,449.0,2780.0,80.0
2026-08-27T06:00Z,213.0,274.0,268.0,15158.0,19992.0,3840.0,41.0,17503.0,2240.0,7391.0,18919.0,1967.0,11537.0,5373.0,2192.0,1059.0,1107.0,515.0,2715.0,822.0,1473.0,1618.0,2504.0,10650.0,4984.0,9815.0,19345.0,10848.0,23461.0,1554.0,1014.0,1559.0,560.0,718.0,1247.0,1023.0,250.0,653.0,5821.0,2364.0,1229.0,15742.0,4962.0,7162.0,3184.0,11278.0,1898.0,2865.0,15770.0,1823.0,1329.0,1261.0,2428.0,1582.0,4090.0,2966.0,4269.0,1635.0,4971.0,160.0,2.0,16.0,39.0,2.0,58.0,26.0,72.0,1483.0,291.0,6336.0,684.0,1286.0,122.0,288.0,2179.0,481.0,1088.0,2345.0,5017.0,1982.0,808.0,431.0,5193.0,3742.0,1206.0,3944.0,404.0,2625.0,78.0
2026-08-27T07:00Z,211.0,258.0,283.0,13981.0,18512.0,3572.0,36.0,16899.0,2133.0,7537.0,17999.0,1896.0,11016.0,5153.0,2146.0,1031.0,1071.0,502.0,2610.0,798.0,1411.0,1554.0,2411.0,10240.0,4723.0,9516.0,18679.0,10369.0,22543.0,1503.0,978.0,1530.0,563.0,698.0,1212.0,983.0,243.0,623.0,5631.0,2270.0,1178.0,15371.0,4851.0,6967.0,3070.0,10699.0,1820.0,2726.0,15387.0,1756.0,1301.0,1225.0,2306.0,1542.0,3976.0,2868.0,4158.0,1606.0,4743.0,152.0,2.0,14.0,38.0,2.0,57.0,25.0,70.0,1392.0,277.0,5944.0,634.0,1260.0,111.0,276.0,2029.0,449.0,1008.0,2273.0,4803.0,1897.0,772.0,401.0,4970.0,3669.0,1154.0,3728.0,369.0,2508.0,77.0
2026-08-27T08:00Z,206.0,244.0,305.0,13223.0,17066.0,3667.0,44.0,16433.0,2127.0,7621.0,17232.0,1902.0,10487.0,4924.0,2090.0,1019.0,1056.0,496.0,2568.0,781.0,1382.0,1531.0,2359.0,9937.0,4558.0,9339.0,18276.0,9971.0,22038.0,1471.0,958.0,1504.0,561.0,688.0,1202.0,956.0,235.0,599.0,5523.0,2216.0,1151.0,15043.0,4750.0,6828.0,3019.0,10259.0,1779.0,2648.0,15191.0,1725.0,1283.0,1194.0,2251.0,1520.0,3882.0,2820.0,4131.0,1583.0,4608.0,148.0,2.0,13.0,40.0,2.0,56.0,24.0,69.0,1324.0,265.0,5643.0,602.0,1240.0,104.0,267.0,1919.0,433.0,942.0,2219.0,4613.0,1844.0,755.0,379.0,4784.0,3614.0,1110.0,3562.0,349.0,2412.0,76.0
2026-08-27T09:00Z,205.0,236.0,307.0,12601.0,16677.0,3573.0,50.0,16091.0,2044.0,7535.0,16756.0,1898.0,10122.0,4822.0,2054.0,1039.0,1073.0,510.0,2589.0,793.0,1396.0,1544.0,2368.0,9760.0,4434.0,9147.0,17780.0,9769.0,21537.0,1486.0,960.0,1513.0,567.0,695.0,1215.0,947.0,232.0,592.0,5526.0,2216.0,1149.0,15091.0,4813.0,6836.0,3051.0,9961.0,1776.0,2625.0,15219.0,1743.0,1284.0,1205.0,2215.0,1544.0,3914.0,2866.0,4184.0,1589.0,4586.0,147.0,2.0,14.0,45.0,2.0,56.0,24.0,68.0,1253.0,255.0,5456.0,582.0,1231.0,99.0,262.0,1850.0,419.0,905.0,2181.0,4512.0,1815.0,762.0,364.0,4724.0,3592.0,1087.0,3462.0,329.0,2354.0,75.0
2026-08-27T10:00Z,199.0,233.0,306.0,12037.0,15916.0,3401.0,46.0,16095.0,1972.0,7492.0,16522.0,1870.0,9952.0,4676.0,2056.0,1106.0,1138.0,540.0,2754.0,869.0,1483.0,1622.0,2480.0,9779.0,4381.0,9370.0,18155.0,9666.0,21445.0,1540.0,997.0,1573.0,572.0,730.0,1253.0,967.0,238.0,615.0,5728.0,2287.0,1186.0,15565.0,4983.0,7027.0,3204.0,9960.0,1850.0,2724.0,15629.0,1841.0,1334.0,1183.0,2300.0,1625.0,4080.0,3087.0,4418.0,1714.0,4731.0,151.0,2.0,12.0,43.0,2.0,55.0,24.0,67.0,1214.0,249.0,5376.0,583.0,1225.0,98.0,260.0,1834.0,415.0,896.0,2175.0,4465.0,1814.0,745.0,362.0,4719.0,3590.0,1080.0,3443.0,318.0,2306.0,69.0
2026-08-27T11:00Z,201.0,237.0,307.0,11980.0,15730.0,3117.0,25.0,16341.0,2020.0,7682.0,16726.0,1880.0,9954.0,4769.0,2034.0,1207.0,1236.0,590.0,3026.0,893.0,1563.0,1756.0,2662.0,10164.0,4504.0,9907.0,18458.0,9654.0,21357.0,1612.0,1062.0,1676.0,584.0,776.0,1318.0,1015.0,249.0,656.0,6140.0,2393.0,1250.0,16436.0,5303.0,7461.0,3436.0,10355.0,1994.0,2904.0,16308.0,1968.0,1406.0,1348.0,2452.0,1753.0,4330.0,3376.0,4798.0,1833.0,4947.0,160.0,2.0,12.0,44.0,2.0,56.0,24.0,68.0,1204.0,251.0,5466.0,612.0,1229.0,99.0,260.0,1882.0,429.0,929.0,2230.0,4492.0,1855.0,765.0,372.0,4731.0,3652.0,1087.0,3549.0,318.0,2310.0,72.0
2026-08-27T12:00Z,210.0,250.0,313.0,11645.0,15104.0,3154.0,31.0,16567.0,2077.0,7704.0,17261.0,1897.0,10207.0,4927.0,2081.0,1241.0,1312.0,578.0,3202.0,925.0,1651.0,1853.0,2822.0,10863.0,4677.0,10257.0,19257.0,10096.0,21701.0,1670.0,1100.0,1705.0,577.0,752.0,1349.0,1056.0,264.0,706.0,6586.0,2519.0,1301.0,17007.0,5414.0,7799.0,3594.0,10969.0,2081.0,3040.0,16788.0,2046.0,1494.0,1424.0,2574.0,1842.0,4601.0,3547.0,4981.0,1937.0,5147.0,172.0,3.0,14.0,42.0,2.0,57.0,25.0,68.0,1217.0,258.0,5706.0,654.0,1248.0,103.0,276.0,1979.0,468.0,981.0,2332.0,4624.0,1957.0,798.0,392.0,4766.0,3790.0,1113.0,3764.0,329.0,2375.0,73.0
2026-08-27T13:00Z,196.0,273.0,319.0,11870.0,15076.0,3103.0,24.0,16466.0,2045.0,7538.0,17407.0,1903.0,10223.0,4884.0,2079.0,1206.0,1365.0,485.0,3301.0,972.0,1730.0,1896.0,3024.0,11299.0,4760.0,10615.0,19823.0,10609.0,21612.0,1687.0,1071.0,1705.0,558.0,686.0,1375.0,1120.0,285.0,748.0,6911.0,2679.0,1372.0,17443.0,5667.0,8198.0,3733.0,11464.0,2145.0,3157.0,17226.0,2137.0,1559.0,1463.0,2745.0,1913.0,4838.0,3650.0,5128.0,2017.0,5376.0,191.0,2.0,15.0,43.0,2.0,59.0,27.0,71.0,1274.0,269.0,5780.0,678.0,1264.0,106.0,283.0,2065.0,494.0,1021.0,2419.0,4704.0,2032.0,818.0,414.0,4775.0,3919.0,1116.0,3905.0,347.0,2490.0,75.0
2026-08-27T14:00Z,207.0,295.0,326.0,12780.0,15970.0,3152.0,35.0,16856.0,1985.0,7278.0,18186.0,2026.0,10415.0,4949.0,2115.0,1150.0,1404.0,454.0,3445.0,1015.0,1812.0,1920.0,3188.0,11355.0,4703.0,11040.0,20665.0,11077.0,21754.0,1718.0,1009.0,1700.0,544.0,699.0,1339.0,1166.0,308.0,770.0,7099.0,2832.0,1438.0,17962.0,5836.0,8509.0,3900.0,11862.0,2228.0,3348.0,17777.0,2290.0,1648.0,1492.0,2908.0,1971.0,5080.0,3771.0,5238.0,2043.0,5444.0,197.0,2.0,15.0,44.0,2.0,60.0,14.0,73.0,1266.0,271.0,6037.0,711.0,1296.0,112.0,296.0,2173.0,521.0,1080.0,2491.0,4875.0,2111.0,838.0,444.0,4777.0,3986.0,1134.0,4061.0,374.0,2534.0,75.0
2026-08-27T15:00Z,220.0,318.0,336.0,13152.0,17554.0,3711.0,97.0,17677.0,2098.0,7265.0,19482.0,2244.0,11019.0,5229.0,2196.0,1131.0,1420.0,459.0,3601.0,1090.0,1868.0,1935.0,3277.0,11446.0,4767.0,11517.0,21380.0,11615.0,22150.0,1755.0,1036.0,1730.0,531.0,711.0,1287.0,1174.0,315.0,762.0,7192.0,2929.0,1525.0,18858.0,6076.0,9014.0,4049.0,12465.0,2341.0,3558.0,18595.0,2474.0,1708.0,1680.0,3073.0,1981.0,5383.0,3925.0,5376.0,2140.0,5579.0,201.0,2.0,17.0,44.0,2.0,62.0,0.0,74.0,1308.0,280.0,6455.0,767.0,1330.0,121.0,306.0,2298.0,553.0,1149.0,2583.0,5158.0,2215.0,868.0,480.0,4900.0,4064.0,1179.0,4287.0,394.0,2549.0,78.0
2026-08-27T16:00Z,230.0,341.0,347.0,13469.0,19616.0,4262.0,207.0,18319.0,2277.0,7448.0,21211.0,2248.0,11920.0,5590.0,2341.0,1127.0,1518.0,445.0,3640.0,1120.0,1948.0,2016.0,3382.0,11763.0,4976.0,12105.0,22143.0,12218.0,22893.0,1796.0,1088.0,1628.0,525.0,795.0,1136.0,1110.0,328.0,785.0,7456.0,3088.0,1648.0,19702.0,6414.0,9417.0,4142.0,13088.0,2471.0,3765.0,19493.0,2581.0,1790.0,1791.0,3242.0,2123.0,5493.0,4032.0,5541.0,2199.0,5918.0,201.0,2.0,20.0,43.0,2.0,64.0,,74.0,1342.0,287.0,6953.0,820.0,1368.0,132.0,316.0,2442.0,585.0,1258.0,2692.0,5473.0,2326.0,907.0,517.0,5098.0,4165.0,1232.0,4580.0,416.0,2618.0,81.0
2026-08-27T17:00Z,229.0,365.0,367.0,13545.0,21459.0,4567.0,253.0,19026.0,2410.0,7810.0,23134.0,2547.0,12938.0,6010.0,2466.0,1177.0,1581.0,413.0,3722.0,1176.0,2033.0,2108.0,3447.0,12077.0,5254.0,12702.0,22876.0,12659.0,24129.0,1842.0,1149.0,1571.0,543.0,810.0,1269.0,1092.0,296.0,788.0,7657.0,3260.0,1740.0,20470.0,6791.0,9861.0,4399.0,13744.0,2611.0,3975.0,20434.0,2664.0,1857.0,1906.0,3513.0,2197.0,5439.0,4173.0,5723.0,2242.0,6375.0,203.0,2.0,21.0,41.0,2.0,66.0,,76.0,1409.0,301.0,7500.0,878.0,1427.0,145.0,337.0,2609.0,618.0,1347.0,2801.0,5843.0,2422.0,943.0,553.0,5284.0,4280.0,1293.0,4852.0,443.0,2722.0,85.0
2026-08-27T18:00Z,233.0,391.0,384.0,13701.0,22685.0,4812.0,241.0,20094.0,2583.0,7932.0,24985.0,2656.0,14043.0,6524.0,2680.0,1216.0,1619.0,466.0,3674.0,1222.0,2110.0,2102.0,3641.0,12423.0,5545.0,13170.0,23563.0,13110.0,25627.0,1888.0,1227.0,1634.0,562.0,746.0,1322.0,1227.0,313.0,824.0,7606.0,3468.0,1779.0,21208.0,7199.0,10267.0,4667.0,14294.0,2717.0,4150.0,21248.0,2745.0,1901.0,2000.0,3568.0,2304.0,5309.0,4387.0,5927.0,2286.0,6306.0,216.0,2.0,24.0,46.0,3.0,69.0,,78.0,1495.0,318.0,8137.0,936.0,1473.0,159.0,349.0,2738.0,639.0,1450.0,2890.0,6243.0,2513.0,984.0,588.0,5454.0,4388.0,1364.0,5150.0,478.0,2851.0,88.0
2026-08-27T19:00Z,242.0,417.0,392.0,13967.0,23852.0,4279.0,250.0,21385.0,2784.0,8096.0,26374.0,2898.0,15022.0,6856.0,2622.0,1281.0,1654.0,508.0,3920.0,1305.0,2242.0,2143.0,3654.0,12751.0,5765.0,13500.0,24198.0,13605.0,27087.0,1932.0,1301.0,1732.0,569.0,716.0,1403.0,1324.0,337.0,806.0,7529.0,3479.0,1817.0,21557.0,7412.0,10437.0,4905.0,14767.0,2755.0,4237.0,21885.0,2806.0,1964.0,1994.0,3454.0,2392.0,5180.0,4595.0,6077.0,2327.0,6157.0,218.0,2.0,27.0,45.0,3.0,70.0,2.0,80.0,1606.0,336.0,8693.0,982.0,1504.0,170.0,356.0,2853.0,668.0,1516.0,2987.0,6589.0,2602.0,1021.0,622.0,5629.0,4514.0,1449.0,5446.0,521.0,3020.0,89.0
2026-08-27T20:00Z,240.0,433.0,387.0,14274.0,22977.0,3841.0,186.0,22450.0,2892.0,8205.0,27342.0,2787.0,15822.0,7047.0,2787.0,1354.0,1696.0,584.0,3934.0,1275.0,2379.0,2282.0,3692.0,12948.0,5949.0,13851.0,24553.0,13868.0,28084.0,1948.0,1256.0,1707.0,559.0,778.0,1440.0,1306.0,323.0,800.0,7455.0,3312.0,1795.0,21570.0,7670.0,10613.0,5070.0,15140.0,2798.0,4351.0,22133.0,2876.0,2006.0,2175.0,3405.0,2439.0,5100.0,4741.0,6211.0,2349.0,5970.0,214.0,2.0,27.0,43.0,3.0,72.0,11.0,81.0,1731.0,348.0,9064.0,1012.0,1507.0,179.0,363.0,2965.0,688.0,1579.0,3056.0,6772.0,2679.0,1055.0,643.0,5783.0,4569.0,1505.0,5657.0,558.0,3117.0,93.0
2026-08-27T21:00Z,240.0,446.0,390.0,14782.0,22943.0,3985.0,171.0,23259.0,3007.0,7666.0,27753.0,2411.0,16113.0,7040.0,2918.0,1439.0,1727.0,622.0,3891.0,1269.0,2371.0,2303.0,3659.0,13281.0,6120.0,13915.0,24698.0,14110.0,29140.0,1938.0,1269.0,1746.0,555.0,781.0,1507.0,1271.0,309.0,789.0,7374.0,3189.0,1787.0,21799.0,7687.0,10726.0,5085.0,15477.0,2805.0,4396.0,22313.0,2889.0,2026.0,2265.0,3282.0,2466.0,5044.0,4815.0,6293.0,2337.0,5847.0,215.0,3.0,28.0,41.0,3.0,73.0,0.0,80.0,1846.0,368.0,9289.0,1027.0,1520.0,185.0,370.0,3058.0,705.0,1633.0,3105.0,6892.0,2736.0,1081.0,657.0,5892.0,4638.0,1531.0,5804.0,593.0,3190.0,96.0
2026-08-27T22:00Z,242.0,456.0,391.0,15261.0,23921.0,4304.0,174.0,23407.0,3018.0,7569.0,27977.0,2442.0,15754.0,7173.0,2781.0,1538.0,1746.0,687.0,4005.0,1282.0,2388.0,2295.0,3616.0,13622.0,6260.0,14005.0,24742.0,14254.0,29560.0,1975.0,1319.0,1873.0,565.0,812.0,1706.0,1368.0,316.0,809.0,7322.0,3120.0,1782.0,21831.0,7606.0,10643.0,5122.0,15539.0,2814.0,4429.0,22244.0,2928.0,2087.0,2263.0,3359.0,2450.0,5002.0,4856.0,6370.0,2339.0,6015.0,212.0,2.0,27.0,42.0,3.0,72.0,2.0,79.0,1939.0,370.0,9360.0,1031.0,1511.0,191.0,368.0,3058.0,723.0,1638.0,3148.0,6904.0,2781.0,1095.0,656.0,5948.0,4679.0,1565.0,5869.0,625.0,3308.0,94.0
2026-08-27T23:00Z,241.0,459.0,386.0,15787.0,24161.0,4215.0,132.0,23184.0,3044.0,7535.0,28019.0,2475.0,15156.0,7207.0,2692.0,1568.0,1735.0,732.0,4026.0,1219.0,2359.0,2295.0,3526.0,13889.0,6404.0,13851.0,24479.0,14244.0,29326.0,2037.0,1420.0,2029.0,592.0,897.0,1744.0,1419.0,322.0,814.0,7175.0,3130.0,1783.0,21722.0,7455.0,10460.0,5019.0,15498.0,2793.0,4338.0,21761.0,2905.0,2065.0,2252.0,3384.0,2379.0,4892.0,4746.0,6225.0,2300.0,6002.0,209.0,2.0,26.0,44.0,3.0,70.0,10.0,78.0,1993.0,369.0,9241.0,1027.0,1509.0,195.0,361.0,3051.0,723.0,1653.0,3154.0,6891.0,2795.0,1086.0,649.0,5977.0,4681.0,1601.0,5858.0,634.0,3337.0,95.0
2026-08-28T00:00Z,248.0,449.0,387.0,16536.0,23352.0,4259.0,107.0,22354.0,3078.0,7691.0,27402.0,2611.0,14677.0,7136.0,2517.0,1573.0,1696.0,738.0,4053.0,1236.0,2333.0,2288.0,3487.0,13978.0,6560.0,13612.0,23857.0,14030.0,28905.0,2061.0,1454.0,2115.0,610.0,969.0,1684.0,1434.0,323.0,803.0,7102.0,3156.0,1751.0,21069.0,7113.0,10089.0,4925.0,15289.0,2715.0,4192.0,21305.0,2833.0,1979.0,2011.0,3306.0,2291.0,4780.0,4614.0,6031.0,2241.0,5943.0,210.0,2.0,25.0,42.0,3.0,68.0,15.0,78.0,2053.0,368.0,8997.0,1004.0,1486.0,193.0,353.0,2994.0,709.0,1625.0,3117.0,6795.0,2759.0,1066.0,632.0,5960.0,4640.0,1603.0,5729.0,634.0,3372.0,95.0
2026-08-28T01:00Z,226.0,430.0,361.0,16342.0,22907.0,4485.0,94.0,21420.0,3029.0,7405.0,26047.0,2464.0,13803.0,6936.0,2342.0,1528.0,1639.0,728.0,4011.0,1198.0,2299.0,2266.0,3449.0,13741.0,6444.0,13119.0,22978.0,13433.0,27981.0,2036.0,1433.0,2109.0,614.0,958.0,1646.0,1406.0,325.0,786.0,6918.0,3133.0,1716.0,20476.0,6819.0,9729.0,4805.0,14674.0,2618.0,4022.0,20769.0,2751.0,1939.0,1953.0,3225.0,2203.0,4717.0,4436.0,5784.0,2230.0,5853.0,208.0,2.0,26.0,40.0,3.0,63.0,27.0,78.0,1995.0,370.0,8528.0,941.0,1447.0,180.0,339.0,2826.0,662.0,1532.0,3020.0,6580.0,2628.0,1028.0,593.0,5861.0,4567.0,1555.0,5434.0,619.0,3374.0,97.0
2026-08-28T02:00Z,232.0,403.0,382.0,16014.0,21541.0,4390.0,89.0,20781.0,2903.0,7507.0,25140.0,2340.0,13136.0,6641.0,2399.0,1433.0,1529.0,693.0,3789.0,1149.0,2167.0,2165.0,3316.0,13356.0,6254.0,12666.0,22243.0,12960.0,27303.0,1977.0,1361.0,1997.0,594.0,903.0,1574.0,1334.0,315.0,756.0,6642.0,2994.0,1637.0,19718.0,6447.0,9235.0,4507.0,14242.0,2490.0,3848.0,19855.0,2584.0,1834.0,1922.0,3082.0,2064.0,4571.0,4186.0,5472.0,2104.0,5659.0,200.0,2.0,23.0,42.0,3.0,61.0,27.0,77.0,1904.0,360.0,8062.0,884.0,1406.0,166.0,337.0,2692.0,637.0,1441.0,2951.0,6313.0,2520.0,984.0,560.0,5712.0,4517.0,1479.0,5130.0,597.0,3283.0,94.0
2026-08-28T03:00Z,238.0,382.0,376.0,15514.0,20936.0,4301.0,94.0,19965.0,2692.0,7495.0,24101.0,2188.0,12503.0,6369.0,2337.0,1328.0,1407.0,647.0,3489.0,1063.0,1998.0,2022.0,3138.0,12865.0,5870.0,11847.0,20973.0,12246.0,26160.0,1866.0,1263.0,1873.0,572.0,850.0,1484.0,1246.0,302.0,718.0,6358.0,2832.0,1533.0,18505.0,5979.0,8550.0,4135.0,13507.0,2295.0,3573.0,18835.0,2382.0,1729.0,1708.0,2875.0,1912.0,4293.0,3874.0,5085.0,1967.0,5395.0,188.0,2.0,23.0,45.0,2.0,60.0,27.0,77.0,1827.0,358.0,7554.0,816.0,1357.0,150.0,330.0,2534.0,606.0,1333.0,2843.0,5973.0,2391.0,962.0,520.0,5555.0,4380.0,1405.0,4805.0,556.0,3200.0,90.0
2026-08-28T04:00Z,235.0,350.0,366.0,15567.0,20542.0,4275.0,95.0,18896.0,2525.0,7424.0,22521.0,2052.0,11782.0,6007.0,2257.0,1239.0,1299.0,596.0,3204.0,1003.0,1844.0,1883.0,2942.0,12055.0,5411.0,10964.0,19460.0,11368.0,24767.0,1757.0,1169.0,1769.0,572.0,789.0,1402.0,1161.0,282.0,679.0,6074.0,2637.0,1416.0,17263.0,5547.0,7927.0,3784.0,12601.0,2104.0,3308.0,17862.0,2194.0,1616.0,1592.0,2679.0,1781.0,4072.0,3590.0,4752.0,1855.0,5105.0,175.0,2.0,20.0,44.0,2.0,59.0,26.0,77.0,1737.0,332.0,6934.0,733.0,1309.0,132.0,306.0,2322.0,558.0,1205.0,2665.0,5591.0,2239.0,924.0,471.0,5367.0,4180.0,1314.0,4402.0,509.0,3090.0,88.0
2026-08-28T05:00Z,227.0,319.0,350.0,15038.0,19994.0,4122.0,55.0,17897.0,2346.0,7354.0,20827.0,1954.0,10940.0,5592.0,2153.0,1171.0,1221.0,567.0,2985.0,931.0,1709.0,1789.0,2785.0,11158.0,4980.0,10181.0,18742.0,10803.0,23312.0,1670.0,1097.0,1677.0,563.0,748.0,1333.0,1094.0,267.0,645.0,5825.0,2484.0,1321.0,16372.0,5206.0,7383.0,3498.0,11711.0,1966.0,3107.0,17057.0,2023.0,1500.0,1440.0,2480.0,1663.0,3850.0,3344.0,4460.0,1744.0,4844.0,164.0,2.0,18.0,44.0,2.0,58.0,29.0,73.0,1633.0,307.0,6360.0,661.0,1262.0,116.0,284.0,2128.0,514.0,1092.0,2514.0,5256.0,2107.0,882.0,424.0,5201.0,3990.0,1227.0,4025.0,461.0,2884.0,84.0
2026-08-28T06:00Z,225.0,292.0,339.0,14025.0,19069.0,3867.0,33.0,17116.0,2235.0,7632.0,19336.0,1852.0,10292.0,5351.0,2106.0,1129.0,1165.0,543.0,2835.0,888.0,1617.0,1717.0,2671.0,10542.0,4656.0,9636.0,18603.0,10401.0,22175.0,1600.0,1041.0,1617.0,548.0,725.0,1283.0,1042.0,258.0,617.0,5608.0,2337.0,1247.0,15727.0,4986.0,6948.0,3301.0,11011.0,1850.0,2928.0,16378.0,1904.0,1415.0,1364.0,2328.0,1583.0,3644.0,3146.0,4276.0,1705.0,4627.0,156.0,3.0,17.0,45.0,2.0,58.0,27.0,72.0,1497.0,295.0,5908.0,604.0,1227.0,106.0,267.0,1983.0,481.0,1005.0,2408.0,4953.0,1993.0,850.0,387.0,5040.0,3858.0,1161.0,3743.0,412.0,2701.0,81.0
2026-08-28T07:00Z,214.0,275.0,333.0,13210.0,17805.0,3554.0,32.0,16477.0,2124.0,7630.0,18139.0,1782.0,9770.0,5082.0,2064.0,1102.0,1130.0,531.0,2738.0,858.0,1555.0,1656.0,2588.0,10066.0,4455.0,9445.0,18188.0,9882.0,21243.0,1551.0,1001.0,1557.0,537.0,709.0,1251.0,1004.0,250.0,593.0,5428.0,2243.0,1198.0,15328.0,4847.0,6842.0,3187.0,10489.0,1776.0,2792.0,15881.0,1825.0,1365.0,1320.0,2217.0,1526.0,3501.0,3025.0,4118.0,1646.0,4457.0,151.0,2.0,15.0,45.0,2.0,57.0,25.0,71.0,1401.0,283.0,5579.0,563.0,1202.0,98.0,256.0,1865.0,458.0,946.0,2333.0,4698.0,1922.0,821.0,358.0,4944.0,3767.0,1100.0,3538.0,376.0,2580.0,76.0
2026-08-28T08:00Z,207.0,265.0,331.0,12760.0,16098.0,3624.0,31.0,16002.0,2017.0,7582.0,17210.0,1740.0,9408.0,4940.0,2029.0,1090.0,1115.0,525.0,2692.0,842.0,1530.0,1631.0,2552.0,9753.0,4288.0,9190.0,17725.0,9592.0,20721.0,1526.0,975.0,1547.0,534.0,695.0,1239.0,980.0,243.0,580.0,5310.0,2201.0,1163.0,15049.0,4758.0,6765.0,3124.0,10061.0,1705.0,2784.0,15614.0,1788.0,1303.0,1169.0,2153.0,1491.0,3370.0,2946.0,4044.0,1620.0,4356.0,148.0,2.0,14.0,43.0,2.0,56.0,24.0,71.0,1338.0,267.0,5328.0,534.0,1192.0,93.0,252.0,1772.0,442.0,899.0,2272.0,4511.0,1873.0,803.0,339.0,4856.0,3697.0,1059.0,3412.0,349.0,2516.0,76.0
2026-08-28T09:00Z,206.0,257.0,337.0,12049.0,15484.0,3487.0,44.0,15760.0,1971.0,7559.0,16567.0,1744.0,9145.0,4766.0,2011.0,1107.0,1129.0,538.0,2730.0,856.0,1546.0,1650.0,2588.0,9585.0,4200.0,9088.0,17583.0,9496.0,20360.0,1519.0,967.0,1514.0,539.0,695.0,1248.0,967.0,240.0,578.0,5306.0,2220.0,1152.0,15095.0,4762.0,6787.0,3130.0,9835.0,1678.0,2751.0,15619.0,1799.0,1289.0,1150.0,2150.0,1504.0,3447.0,2963.0,4085.0,1638.0,4365.0,146.0,2.0,13.0,41.0,2.0,56.0,24.0,70.0,1262.0,264.0,5171.0,518.0,1176.0,91.0,246.0,1717.0,434.0,867.0,2234.0,4360.0,1846.0,772.0,328.0,4778.0,3669.0,1036.0,3299.0,326.0,2476.0,71.0
2026-08-28T10:00Z,203.0,252.0,337.0,11572.0,14907.0,3725.0,41.0,15717.0,1922.0,7623.0,16279.0,1764.0,9103.0,4726.0,2019.0,1168.0,1189.0,561.0,2906.0,979.0,1644.0,1735.0,2713.0,9623.0,4172.0,9186.0,17926.0,9455.0,20215.0,1549.0,997.0,1568.0,545.0,724.0,1284.0,984.0,248.0,604.0,5487.0,2303.0,1187.0,15393.0,4900.0,7017.0,3249.0,9845.0,1740.0,2749.0,15962.0,1879.0,1331.0,1284.0,2233.0,1576.0,3582.0,3165.0,4275.0,1715.0,4519.0,149.0,2.0,14.0,40.0,2.0,55.0,24.0,70.0,1220.0,257.0,5100.0,516.0,1171.0,93.0,247.0,1713.0,432.0,871.0,2229.0,4302.0,1854.0,746.0,326.0,4735.0,3680.0,1029.0,3280.0,318.0,2421.0,72.0
2026-08-28T11:00Z,208.0,254.0,338.0,11345.0,14922.0,3632.0,49.0,15867.0,1971.0,7540.0,16428.0,1791.0,9259.0,4772.0,2036.0,1262.0,1282.0,610.0,3190.0,954.0,1736.0,1865.0,2904.0,9938.0,4307.0,9717.0,18756.0,9740.0,20555.0,1609.0,1051.0,1688.0,552.0,776.0,1331.0,1029.0,260.0,645.0,5878.0,2417.0,1247.0,16194.0,5236.0,7423.0,3478.0,10257.0,1872.0,2873.0,16563.0,2008.0,1385.0,1265.0,2370.0,1701.0,3869.0,3430.0,4634.0,1844.0,4731.0,158.0,2.0,14.0,41.0,2.0,55.0,24.0,68.0,1206.0,252.0,5168.0,539.0,1175.0,96.0,256.0,1781.0,446.0,899.0,2273.0,4318.0,1902.0,769.0,337.0,4757.0,3751.0,1039.0,3393.0,317.0,2400.0,71.0
2026-08-28T12:00Z,215.0,265.0,345.0,11666.0,14823.0,3557.0,35.0,15924.0,2037.0,7554.0,16871.0,1919.0,9611.0,4930.0,2078.0,1314.0,1375.0,609.0,3395.0,1021.0,1852.0,1976.0,3091.0,10523.0,4507.0,10117.0,19177.0,9893.0,21036.0,1653.0,1061.0,1737.0,557.0,788.0,1352.0,1058.0,274.0,681.0,6275.0,2557.0,1299.0,16616.0,5414.0,7669.0,3621.0,10861.0,1955.0,2986.0,16973.0,2102.0,1447.0,1331.0,2490.0,1782.0,4140.0,3579.0,4855.0,1911.0,4869.0,169.0,2.0,13.0,37.0,2.0,56.0,25.0,69.0,1221.0,262.0,5371.0,584.0,1187.0,100.0,269.0,1882.0,477.0,944.0,2370.0,4450.0,1994.0,808.0,356.0,4831.0,3864.0,1063.0,3605.0,327.0,2440.0,72.0
2026-08-28T13:00Z,206.0,285.0,352.0,11688.0,14766.0,3302.0,21.0,15798.0,2017.0,7576.0,17031.0,1844.0,9758.0,4862.0,2089.0,1350.0,1445.0,548.0,3486.0,1085.0,1949.0,2032.0,3247.0,10934.0,4579.0,10367.0,19678.0,10336.0,21180.0,1640.0,1019.0,1676.0,558.0,766.0,1353.0,1099.0,283.0,711.0,6661.0,2722.0,1369.0,17072.0,5603.0,7969.0,3749.0,11273.0,2035.0,3111.0,17385.0,2192.0,1538.0,1456.0,2656.0,1841.0,4374.0,3663.0,4959.0,1989.0,5132.0,184.0,2.0,16.0,42.0,2.0,58.0,27.0,72.0,1272.0,267.0,5486.0,610.0,1210.0,104.0,275.0,1984.0,505.0,1001.0,2434.0,4540.0,2073.0,840.0,378.0,4899.0,3954.0,1071.0,3764.0,344.0,2537.0,70.0
2026-08-28T14:00Z,213.0,308.0,357.0,12630.0,15279.0,3193.0,29.0,16459.0,2014.0,7591.0,17880.0,1888.0,10096.0,4916.0,2092.0,1324.0,1481.0,470.0,3568.0,1095.0,2008.0,2046.0,3330.0,11004.0,4519.0,10617.0,20287.0,10829.0,22078.0,1596.0,941.0,1608.0,540.0,708.0,1290.0,1104.0,300.0,740.0,6902.0,2910.0,1385.0,17593.0,5843.0,8267.0,3848.0,11592.0,2139.0,3300.0,17924.0,2300.0,1629.0,1595.0,2709.0,1893.0,4594.0,3770.0,5061.0,2034.0,5126.0,197.0,2.0,16.0,38.0,2.0,59.0,14.0,72.0,1274.0,270.0,5860.0,639.0,1244.0,110.0,284.0,2099.0,538.0,1066.0,2494.0,4706.0,2155.0,846.0,408.0,4882.0,4059.0,1106.0,3910.0,372.0,2578.0,73.0
2026-08-28T15:00Z,225.0,333.0,367.0,13192.0,17083.0,3749.0,99.0,17719.0,2130.0,7845.0,19420.0,2052.0,10677.0,5273.0,2141.0,1295.0,1513.0,478.0,3691.0,1177.0,2092.0,2049.0,3445.0,11157.0,4575.0,11186.0,20344.0,11350.0,23530.0,1575.0,897.0,1531.0,523.0,671.0,1189.0,1058.0,305.0,754.0,7039.0,2940.0,1447.0,18374.0,6125.0,8580.0,3942.0,12144.0,2248.0,3499.0,18702.0,2391.0,1723.0,1639.0,2733.0,1949.0,4820.0,3880.0,5170.0,2080.0,5309.0,205.0,2.0,18.0,37.0,2.0,61.0,,76.0,1308.0,281.0,6442.0,681.0,1292.0,118.0,294.0,2235.0,571.0,1135.0,2573.0,5017.0,2269.0,872.0,444.0,4970.0,4130.0,1170.0,4112.0,400.0,2617.0,76.0
2026-08-28T16:00Z,235.0,350.0,378.0,13769.0,20107.0,3953.0,240.0,19038.0,2337.0,8033.0,21420.0,2151.0,11500.0,5740.0,2258.0,1285.0,1555.0,431.0,3663.0,1243.0,2219.0,2079.0,3561.0,11489.0,4766.0,11784.0,20938.0,11911.0,25201.0,1570.0,866.0,1494.0,531.0,647.0,1172.0,1144.0,314.0,782.0,7296.0,3009.0,1605.0,19292.0,6415.0,8825.0,4047.0,12719.0,2356.0,3689.0,19547.0,2504.0,1791.0,1797.0,2985.0,2009.0,5134.0,4039.0,5302.0,2117.0,5435.0,220.0,3.0,20.0,35.0,2.0,63.0,,77.0,1350.0,296.0,7115.0,739.0,1340.0,130.0,319.0,2401.0,607.0,1239.0,2677.0,5429.0,2386.0,925.0,480.0,5120.0,4221.0,1259.0,4405.0,428.0,2711.0,79.0
2026-08-28T17:00Z,235.0,372.0,386.0,13992.0,22535.0,4236.0,210.0,20372.0,2607.0,8111.0,23362.0,2290.0,12413.0,6141.0,2365.0,1295.0,1586.0,417.0,3805.0,1299.0,2336.0,2093.0,3698.0,11779.0,5050.0,12287.0,21585.0,12474.0,26819.0,1569.0,850.0,1378.0,537.0,630.0,1152.0,1224.0,337.0,809.0,7485.0,3254.0,1604.0,19976.0,6663.0,9075.0,4251.0,13367.0,2449.0,3872.0,20396.0,2597.0,1825.0,1957.0,3315.0,2010.0,5522.0,4240.0,5410.0,2141.0,5701.0,237.0,2.0,22.0,42.0,2.0,65.0,,78.0,1441.0,308.0,7793.0,797.0,1384.0,144.0,340.0,2548.0,637.0,1305.0,2774.0,5909.0,2495.0,983.0,519.0,5284.0,4327.0,1360.0,4710.0,459.0,2841.0,83.0
2026-08-28T18:00Z,247.0,391.0,390.0,13604.0,23487.0,4042.0,226.0,21505.0,2823.0,8144.0,24994.0,2426.0,13298.0,6420.0,2491.0,1327.0,1653.0,403.0,4009.0,1339.0,2438.0,2181.0,3723.0,12149.0,5380.0,12776.0,22310.0,13014.0,28468.0,1591.0,856.0,1311.0,542.0,595.0,1162.0,1272.0,360.0,847.0,7671.0,3518.0,1570.0,20615.0,6870.0,9322.0,4504.0,14052.0,2532.0,3994.0,21080.0,2614.0,1853.0,2004.0,3567.0,2137.0,5800.0,4432.0,5581.0,2162.0,6117.0,257.0,2.0,24.0,41.0,3.0,67.0,,81.0,1558.0,332.0,8409.0,855.0,1422.0,158.0,340.0,2706.0,663.0,1389.0,2886.0,6376.0,2599.0,1031.0,554.0,5456.0,4451.0,1463.0,5008.0,510.0,3012.0,86.0
2026-08-28T19:00Z,252.0,409.0,400.0,13747.0,24027.0,4084.0,203.0,22322.0,3011.0,8193.0,26476.0,2530.0,14143.0,6676.0,2609.0,1368.0,1716.0,421.0,4195.0,1406.0,2544.0,2258.0,3784.0,12620.0,5664.0,13135.0,22899.0,13432.0,29605.0,1612.0,880.0,1269.0,509.0,557.0,1199.0,1327.0,382.0,892.0,7873.0,3715.0,1593.0,21053.0,7034.0,9409.0,4703.0,14686.0,2582.0,4086.0,21827.0,2681.0,1830.0,2103.0,3766.0,2196.0,5971.0,4535.0,5707.0,2148.0,6614.0,275.0,2.0,27.0,44.0,3.0,69.0,2.0,82.0,1631.0,344.0,8890.0,910.0,1457.0,171.0,352.0,2850.0,694.0,1489.0,2981.0,6706.0,2680.0,1074.0,583.0,5649.0,4577.0,1537.0,5314.0,574.0,3172.0,90.0
2026-08-28T20:00Z,249.0,426.0,402.0,13919.0,24746.0,4004.0,181.0,22276.0,3134.0,8277.0,27498.0,2617.0,14781.0,6937.0,2680.0,1428.0,1746.0,447.0,4365.0,1413.0,2615.0,2317.0,3877.0,13033.0,5872.0,13561.0,23117.0,13796.0,30307.0,1637.0,910.0,1254.0,499.0,571.0,1258.0,1378.0,399.0,943.0,8030.0,3816.0,1572.0,21291.0,7141.0,9560.0,4836.0,15042.0,2611.0,4151.0,22351.0,2711.0,1861.0,2185.0,3895.0,2257.0,6149.0,4644.0,5824.0,2125.0,6913.0,281.0,2.0,28.0,45.0,3.0,69.0,7.0,85.0,1743.0,360.0,9219.0,949.0,1497.0,185.0,363.0,2985.0,715.0,1573.0,3050.0,6884.0,2745.0,1104.0,607.0,5810.0,4654.0,1580.0,5564.0,629.0,3332.0,92.0
2026-08-28T21:00Z,249.0,434.0,406.0,13685.0,25089.0,4226.0,171.0,21527.0,3076.0,8327.0,28108.0,2604.0,15277.0,7108.0,2742.0,1504.0,1791.0,506.0,4528.0,1421.0,2691.0,2416.0,3958.0,13359.0,6082.0,13825.0,23230.0,14051.0,30566.0,1681.0,942.0,1303.0,508.0,610.0,1336.0,1444.0,395.0,970.0,8098.0,3843.0,1621.0,21464.0,7247.0,9678.0,4936.0,15380.0,2641.0,4195.0,22550.0,2743.0,1914.0,2223.0,4050.0,2312.0,6265.0,4757.0,5924.0,2130.0,7116.0,282.0,2.0,29.0,44.0,3.0,70.0,6.0,82.0,1855.0,370.0,9458.0,985.0,1505.0,196.0,368.0,3096.0,736.0,1639.0,3114.0,6973.0,2806.0,1129.0,624.0,5930.0,4714.0,1617.0,5748.0,662.0,3470.0,95.0
2026-08-28T22:00Z,244.0,437.0,412.0,13509.0,25084.0,4101.0,191.0,19899.0,2949.0,8337.0,28508.0,2642.0,15512.0,7155.0,2760.0,1559.0,1821.0,589.0,4626.0,1393.0,2690.0,2460.0,3931.0,13618.0,6300.0,13949.0,23287.0,14284.0,30360.0,1742.0,1011.0,1456.0,537.0,696.0,1462.0,1545.0,398.0,987.0,8041.0,3893.0,1765.0,21426.0,7293.0,9619.0,4953.0,15586.0,2646.0,4193.0,22300.0,2785.0,1909.0,2202.0,4168.0,2333.0,6294.0,4763.0,5972.0,2124.0,7268.0,278.0,2.0,29.0,40.0,3.0,69.0,13.0,81.0,1955.0,373.0,9536.0,1011.0,1523.0,202.0,373.0,3150.0,752.0,1653.0,3167.0,7080.0,2864.0,1142.0,637.0,6014.0,4753.0,1647.0,5888.0,651.0,3565.0,96.0
2026-08-28T23:00Z,248.0,435.0,406.0,13595.0,24970.0,3976.0,162.0,18674.0,2955.0,8349.0,28474.0,2613.0,15156.0,7017.0,2734.0,1612.0,1791.0,652.0,4596.0,1368.0,2633.0,2454.0,3815.0,13669.0,6446.0,13666.0,23032.0,14239.0,29857.0,1828.0,1130.0,1702.0,559.0,825.0,1600.0,1574.0,389.0,949.0,7740.0,3779.0,1809.0,21057.0,7133.0,9410.0,4914.0,15505.0,2578.0,4077.0,21630.0,2803.0,1855.0,2075.0,4085.0,2292.0,6067.0,4569.0,5931.0,2060.0,7123.0,263.0,2.0,28.0,44.0,3.0,68.0,16.0,82.0,2031.0,373.0,9413.0,1007.0,1516.0,207.0,369.0,3146.0,754.0,1681.0,3180.0,7079.0,2872.0,1138.0,634.0,6010.0,4743.0,1662.0,5867.0,618.0,3531.0,95.0
2026-08-29T00:00Z,243.0,416.0,393.0,13695.0,24440.0,4165.0,134.0,17736.0,2930.0,8296.0,27685.0,2539.0,14385.0,6846.0,2684.0,1602.0,1729.0,674.0,4408.0,1321.0,2563.0,2378.0,3695.0,13539.0,6504.0,13274.0,22448.0,13804.0,29058.0,1849.0,1196.0,1812.0,593.0,914.0,1625.0,1546.0,370.0,915.0,7506.0,3651.0,1776.0,20314.0,6763.0,8952.0,4741.0,15111.0,2457.0,3887.0,20771.0,2731.0,1741.0,1970.0,3879.0,2186.0,5748.0,4373.0,5719.0,1972.0,6890.0,244.0,2.0,27.0,45.0,3.0,66.0,23.0,82.0,2086.0,375.0,9111.0,978.0,1494.0,202.0,353.0,3047.0,732.0,1632.0,3151.0,6939.0,2812.0,1124.0,612.0,5983.0,4676.0,1640.0,5735.0,602.0,3433.0,94.0
2026-08-29T01:00Z,222.0,395.0,381.0,13812.0,23639.0,4336.0,122.0,17188.0,2850.0,8263.0,26362.0,2418.0,13542.0,6686.0,2615.0,1552.0,1662.0,660.0,4249.0,1291.0,2475.0,2307.0,3601.0,13282.0,6287.0,12522.0,21601.0,13114.0,27959.0,1813.0,1174.0,1784.0,577.0,897.0,1578.0,1473.0,361.0,877.0,7296.0,3526.0,1741.0,19549.0,6466.0,8576.0,4562.0,14490.0,2348.0,3708.0,20173.0,2646.0,1655.0,1871.0,3676.0,2092.0,5528.0,4213.0,5506.0,1920.0,6670.0,230.0,3.0,26.0,46.0,3.0,63.0,30.0,80.0,2052.0,367.0,8529.0,912.0,1444.0,188.0,340.0,2877.0,686.0,1533.0,3050.0,6674.0,2693.0,1086.0,567.0,5872.0,4541.0,1577.0,5440.0,583.0,3305.0,92.0
2026-08-29T02:00Z,220.0,373.0,379.0,14046.0,22700.0,4448.0,68.0,17057.0,2766.0,8223.0,25019.0,2357.0,12657.0,6478.0,2534.0,1457.0,1542.0,633.0,3979.0,1177.0,2319.0,2177.0,3402.0,13110.0,6030.0,12023.0,20979.0,12599.0,26964.0,1746.0,1116.0,1709.0,589.0,850.0,1503.0,1375.0,339.0,832.0,6982.0,3326.0,1649.0,18761.0,6112.0,8239.0,4302.0,13986.0,2227.0,3531.0,19286.0,2486.0,1585.0,1828.0,3421.0,1966.0,5235.0,4003.0,5224.0,1826.0,6328.0,214.0,2.0,22.0,45.0,3.0,61.0,26.0,79.0,1969.0,356.0,8017.0,849.0,1403.0,173.0,331.0,2761.0,659.0,1462.0,2941.0,6346.0,2581.0,1025.0,527.0,5729.0,4424.0,1507.0,5140.0,570.0,3220.0,90.0
2026-08-29T03:00Z,235.0,358.0,375.0,14007.0,22016.0,4304.0,64.0,16665.0,2620.0,8050.0,23654.0,2193.0,11287.0,6215.0,2421.0,1334.0,1405.0,593.0,3642.0,1064.0,2104.0,2012.0,3161.0,12693.0,5697.0,11302.0,19820.0,11951.0,25874.0,1654.0,1044.0,1595.0,581.0,792.0,1414.0,1274.0,317.0,786.0,6619.0,3086.0,1541.0,17680.0,5707.0,7724.0,3993.0,13253.0,2069.0,3297.0,18359.0,2298.0,1492.0,1669.0,3090.0,1818.0,4907.0,3740.0,4846.0,1723.0,5895.0,198.0,2.0,22.0,46.0,3.0,61.0,26.0,78.0,1912.0,344.0,7532.0,784.0,1357.0,156.0,316.0,2607.0,633.0,1366.0,2873.0,6049.0,2471.0,991.0,488.0,5589.0,4322.0,1436.0,4827.0,550.0,3173.0,91.0
2026-08-29T04:00Z,231.0,337.0,368.0,14114.0,20832.0,4286.0,86.0,16065.0,2431.0,7903.0,22239.0,2061.0,10610.0,5936.0,2312.0,1215.0,1278.0,545.0,3295.0,1015.0,1928.0,1848.0,2926.0,12120.0,5278.0,10464.0,18535.0,11264.0,24488.0,1562.0,972.0,1498.0,558.0,733.0,1324.0,1163.0,292.0,725.0,6230.0,2841.0,1413.0,16628.0,5305.0,7159.0,3681.0,12473.0,1900.0,3060.0,17354.0,2101.0,1405.0,1528.0,2830.0,1676.0,4575.0,3481.0,4472.0,1618.0,5478.0,181.0,2.0,20.0,45.0,2.0,59.0,25.0,76.0,1807.0,325.0,7019.0,712.0,1315.0,142.0,297.0,2434.0,592.0,1249.0,2760.0,5697.0,2344.0,953.0,450.0,5438.0,4221.0,1348.0,4489.0,523.0,3059.0,88.0
2026-08-29T05:00Z,223.0,313.0,360.0,13764.0,20113.0,4228.0,91.0,15404.0,2268.0,7921.0,20823.0,1946.0,10089.0,5660.0,2233.0,1133.0,1176.0,517.0,3000.0,895.0,1769.0,1735.0,2722.0,11412.0,4889.0,9747.0,17734.0,10571.0,23137.0,1491.0,922.0,1433.0,558.0,695.0,1245.0,1082.0,268.0,679.0,5858.0,2601.0,1303.0,15663.0,4954.0,6769.0,3399.0,11546.0,1762.0,2831.0,16577.0,1936.0,1310.0,1395.0,2578.0,1559.0,4255.0,3243.0,4142.0,1529.0,5060.0,164.0,2.0,18.0,45.0,2.0,58.0,29.0,75.0,1682.0,309.0,6530.0,648.0,1283.0,127.0,276.0,2247.0,548.0,1137.0,2628.0,5385.0,2209.0,911.0,410.0,5270.0,4128.0,1250.0,4148.0,483.0,2898.0,80.0
2026-08-29T06:00Z,216.0,291.0,351.0,13066.0,19228.0,3950.0,80.0,14770.0,2096.0,7906.0,19542.0,1851.0,9515.0,5342.0,2118.0,1072.0,1099.0,489.0,2758.0,870.0,1635.0,1622.0,2555.0,10812.0,4575.0,9245.0,17280.0,10101.0,22138.0,1437.0,882.0,1388.0,549.0,671.0,1181.0,1004.0,245.0,633.0,5546.0,2384.0,1212.0,15050.0,4695.0,6479.0,3172.0,10892.0,1645.0,2642.0,15872.0,1813.0,1242.0,1272.0,2363.0,1469.0,3967.0,3052.0,3937.0,1473.0,4706.0,152.0,2.0,17.0,40.0,2.0,57.0,26.0,74.0,1550.0,291.0,6092.0,593.0,1253.0,115.0,268.0,2098.0,506.0,1054.0,2512.0,5090.0,2090.0,861.0,376.0,5115.0,4041.0,1165.0,3853.0,442.0,2735.0,77.0
2026-08-29T07:00Z,214.0,274.0,346.0,12317.0,18230.0,3605.0,75.0,14250.0,1995.0,7844.0,18329.0,1752.0,9022.0,5157.0,2030.0,1038.0,1042.0,473.0,2584.0,820.0,1537.0,1535.0,2399.0,10378.0,4334.0,8903.0,16717.0,9682.0,21177.0,1402.0,853.0,1325.0,545.0,647.0,1141.0,957.0,227.0,586.0,5313.0,2210.0,1135.0,14538.0,4535.0,6279.0,3013.0,10308.0,1568.0,2534.0,15349.0,1720.0,1194.0,1244.0,2178.0,1392.0,3723.0,2895.0,3767.0,1442.0,4412.0,144.0,2.0,16.0,30.0,2.0,56.0,25.0,74.0,1439.0,281.0,5772.0,552.0,1232.0,106.0,257.0,1966.0,478.0,975.0,2429.0,4840.0,1998.0,832.0,356.0,5001.0,3968.0,1114.0,3639.0,406.0,2627.0,76.0
2026-08-29T08:00Z,205.0,261.0,343.0,12029.0,16440.0,3611.0,38.0,13839.0,1911.0,7773.0,17364.0,1666.0,8663.0,5011.0,1977.0,1008.0,1008.0,463.0,2468.0,794.0,1473.0,1478.0,2298.0,10046.0,4150.0,8608.0,16880.0,9361.0,20433.0,1371.0,832.0,1329.0,539.0,638.0,1111.0,920.0,214.0,561.0,5137.0,2086.0,1080.0,14351.0,4434.0,6119.0,2901.0,9887.0,1518.0,2450.0,15028.0,1658.0,1169.0,1193.0,2062.0,1351.0,3546.0,2774.0,3632.0,1429.0,4208.0,138.0,2.0,15.0,39.0,2.0,55.0,24.0,72.0,1357.0,270.0,5521.0,527.0,1215.0,100.0,248.0,1876.0,463.0,935.0,2361.0,4664.0,1936.0,804.0,338.0,4930.0,3887.0,1075.0,3471.0,380.0,2537.0,72.0
2026-08-29T09:00Z,204.0,252.0,342.0,11510.0,15472.0,3310.0,35.0,13554.0,1789.0,7695.0,16578.0,1624.0,8380.0,4859.0,1901.0,1005.0,997.0,461.0,2403.0,780.0,1433.0,1456.0,2243.0,9873.0,4029.0,8551.0,16913.0,9176.0,19945.0,1367.0,824.0,1323.0,521.0,632.0,1104.0,899.0,208.0,548.0,4983.0,2022.0,1047.0,14190.0,4378.0,6125.0,2833.0,9586.0,1498.0,2390.0,14861.0,1624.0,1155.0,1132.0,2021.0,1320.0,3436.0,2694.0,3594.0,1422.0,4086.0,135.0,2.0,14.0,43.0,2.0,55.0,23.0,73.0,1303.0,256.0,5326.0,512.0,1204.0,95.0,242.0,1804.0,449.0,909.0,2312.0,4532.0,1892.0,788.0,325.0,4854.0,3845.0,1057.0,3351.0,362.0,2449.0,71.0
2026-08-29T10:00Z,209.0,247.0,339.0,11052.0,14870.0,3330.0,33.0,13411.0,1788.0,7735.0,16072.0,1601.0,8229.0,4767.0,1891.0,1017.0,1008.0,472.0,2408.0,810.0,1444.0,1468.0,2235.0,9767.0,3941.0,8533.0,16899.0,9060.0,19442.0,1380.0,833.0,1346.0,521.0,644.0,1126.0,896.0,204.0,545.0,4951.0,2006.0,1037.0,14266.0,4391.0,6135.0,2820.0,9490.0,1507.0,2387.0,14818.0,1627.0,1162.0,1181.0,2031.0,1325.0,3418.0,2668.0,3599.0,1454.0,4052.0,134.0,3.0,14.0,47.0,2.0,55.0,23.0,71.0,1256.0,253.0,5192.0,504.0,1194.0,93.0,239.0,1759.0,439.0,898.0,2282.0,4449.0,1866.0,780.0,319.0,4813.0,3859.0,1044.0,3294.0,349.0,2399.0,70.0
2026-08-29T11:00Z,211.0,245.0,341.0,10824.0,14797.0,3393.0,50.0,13437.0,1745.0,7675.0,15813.0,1577.0,8137.0,4793.0,1873.0,1038.0,1040.0,483.0,2460.0,796.0,1431.0,1472.0,2256.0,9837.0,3951.0,8674.0,17209.0,9075.0,19366.0,1397.0,846.0,1381.0,542.0,659.0,1145.0,907.0,208.0,542.0,5007.0,2019.0,1039.0,14377.0,4471.0,6337.0,2834.0,9574.0,1545.0,2429.0,14936.0,1641.0,1169.0,1166.0,2023.0,1342.0,3441.0,2704.0,3692.0,1488.0,4014.0,135.0,2.0,14.0,45.0,2.0,54.0,23.0,70.0,1238.0,252.0,5136.0,514.0,1195.0,93.0,241.0,1756.0,441.0,876.0,2276.0,4442.0,1863.0,782.0,317.0,4809.0,3844.0,1037.0,3297.0,342.0,2384.0,70.0
2026-08-29T12:00Z,212.0,249.0,344.0,10618.0,14316.0,2946.0,40.0,13560.0,1770.0,7682.0,15717.0,1566.0,8202.0,4783.0,1873.0,1015.0,1091.0,450.0,2521.0,776.0,1475.0,1492.0,2323.0,10141.0,3973.0,8726.0,17426.0,9243.0,19400.0,1394.0,824.0,1309.0,542.0,587.0,1086.0,908.0,213.0,544.0,5149.0,2054.0,1035.0,14566.0,4548.0,6467.0,2867.0,9705.0,1594.0,2490.0,15189.0,1653.0,1184.0,1215.0,2041.0,1390.0,3580.0,2748.0,3780.0,1539.0,3994.0,139.0,2.0,13.0,45.0,2.0,54.0,24.0,70.0,1246.0,254.0,5105.0,521.0,1202.0,94.0,241.0,1795.0,448.0,866.0,2293.0,4407.0,1886.0,782.0,319.0,4803.0,3917.0,1042.0,3348.0,342.0,2423.0,72.0
2026-08-29T13:00Z,190.0,257.0,345.0,10670.0,14320.0,2820.0,37.0,13700.0,1738.0,7714.0,15721.0,1570.0,8299.0,4764.0,1886.0,945.0,1136.0,339.0,2550.0,781.0,1487.0,1488.0,2402.0,10435.0,3996.0,9144.0,17430.0,9336.0,19533.0,1381.0,721.0,1123.0,508.0,481.0,947.0,847.0,220.0,561.0,5314.0,2126.0,1032.0,15176.0,4724.0,6727.0,2971.0,10008.0,1697.0,2662.0,15762.0,1675.0,1252.0,1273.0,2057.0,1466.0,3820.0,2835.0,3902.0,1619.0,3965.0,148.0,2.0,15.0,44.0,2.0,54.0,24.0,71.0,1236.0,259.0,5178.0,540.0,1203.0,96.0,238.0,1833.0,460.0,902.0,2316.0,4437.0,1918.0,775.0,329.0,4789.0,3964.0,1058.0,3424.0,345.0,2454.0,72.0
2026-08-29T14:00Z,200.0,273.0,350.0,10906.0,13749.0,2767.0,44.0,14633.0,1773.0,7744.0,16711.0,1686.0,8825.0,4940.0,1930.0,875.0,1154.0,242.0,2510.0,855.0,1505.0,1457.0,2455.0,10833.0,4058.0,9531.0,18262.0,9980.0,20669.0,1437.0,694.0,934.0,493.0,375.0,845.0,776.0,223.0,569.0,5481.0,2164.0,1008.0,15890.0,4927.0,7062.0,3073.0,10423.0,1819.0,2894.0,16462.0,1758.0,1299.0,1366.0,2078.0,1520.0,4055.0,2922.0,4011.0,1683.0,3926.0,154.0,2.0,14.0,45.0,2.0,54.0,14.0,69.0,1259.0,264.0,5600.0,591.0,1242.0,106.0,242.0,1949.0,489.0,962.0,2411.0,4664.0,2013.0,802.0,360.0,4842.0,4053.0,1135.0,3643.0,366.0,2489.0,70.0
2026-08-29T15:00Z,214.0,299.0,353.0,11407.0,14458.0,3065.0,143.0,15992.0,1910.0,7908.0,18358.0,1827.0,9618.0,5315.0,2052.0,851.0,1157.0,175.0,2455.0,872.0,1549.0,1410.0,2505.0,11103.0,4221.0,10119.0,19082.0,10721.0,22353.0,1442.0,770.0,865.0,490.0,320.0,808.0,741.0,226.0,580.0,5633.0,2209.0,983.0,16579.0,5152.0,7272.0,3195.0,10815.0,1940.0,3145.0,17169.0,1847.0,1355.0,1560.0,2090.0,1568.0,4249.0,2999.0,4120.0,1723.0,3923.0,159.0,2.0,15.0,45.0,2.0,54.0,,70.0,1336.0,274.0,6175.0,649.0,1289.0,117.0,258.0,2104.0,507.0,1033.0,2505.0,5039.0,2118.0,855.0,398.0,5001.0,4107.0,1241.0,3966.0,388.0,2571.0,72.0
2026-08-29T16:00Z,216.0,326.0,360.0,11626.0,18634.0,3517.0,229.0,17427.0,2141.0,8041.0,20374.0,1963.0,10501.0,5587.0,2192.0,839.0,1163.0,159.0,2453.0,894.0,1540.0,1393.0,2555.0,11223.0,4432.0,10829.0,19293.0,11227.0,24253.0,1354.0,853.0,879.0,498.0,326.0,821.0,743.0,225.0,585.0,5761.0,2273.0,1018.0,17374.0,5372.0,7629.0,3328.0,11176.0,2075.0,3370.0,17740.0,1924.0,1417.0,1754.0,2186.0,1594.0,4406.0,3100.0,4203.0,1744.0,3991.0,164.0,2.0,19.0,45.0,2.0,56.0,,71.0,1394.0,287.0,6883.0,726.0,1342.0,131.0,280.0,2309.0,539.0,1138.0,2622.0,5532.0,2212.0,902.0,439.0,5204.0,4207.0,1329.0,4300.0,427.0,2693.0,75.0
2026-08-29T17:00Z,216.0,350.0,366.0,11287.0,20925.0,3765.0,241.0,18756.0,2339.0,8178.0,22457.0,2160.0,11431.0,5925.0,2338.0,844.0,1183.0,166.0,2502.0,919.0,1599.0,1409.0,2611.0,11382.0,4758.0,11397.0,19525.0,11541.0,26115.0,1348.0,820.0,929.0,481.0,339.0,853.0,766.0,232.0,592.0,5860.0,2365.0,1062.0,18278.0,5620.0,8004.0,3477.0,11825.0,2209.0,3620.0,18401.0,2022.0,1491.0,1910.0,2311.0,1636.0,4538.0,3234.0,4284.0,1777.0,4124.0,171.0,2.0,21.0,46.0,2.0,58.0,,73.0,1377.0,309.0,7617.0,803.0,1394.0,147.0,304.0,2560.0,565.0,1265.0,2757.0,6039.0,2385.0,958.0,485.0,5436.0,4341.0,1437.0,4683.0,465.0,2841.0,82.0
2026-08-29T18:00Z,223.0,371.0,371.0,10684.0,21540.0,3780.0,216.0,19861.0,2519.0,8262.0,24289.0,2318.0,12333.0,6301.0,2444.0,852.0,1209.0,174.0,2624.0,982.0,1675.0,1454.0,2645.0,11773.0,5069.0,11896.0,20178.0,11706.0,27624.0,1381.0,766.0,1023.0,465.0,353.0,861.0,816.0,247.0,615.0,5925.0,2493.0,1131.0,19088.0,5860.0,8372.0,3639.0,12420.0,2328.0,3779.0,18878.0,2125.0,1565.0,2031.0,2495.0,1683.0,4687.0,3378.0,4400.0,1808.0,4337.0,180.0,2.0,22.0,45.0,2.0,59.0,0.0,73.0,1548.0,328.0,8283.0,875.0,1447.0,169.0,330.0,2805.0,584.0,1414.0,2847.0,6481.0,2470.0,1005.0,533.0,5630.0,4460.0,1537.0,5065.0,532.0,2963.0,86.0
2026-08-29T19:00Z,226.0,388.0,375.0,10433.0,21321.0,3805.0,180.0,20792.0,2626.0,8341.0,25720.0,2437.0,13058.0,6475.0,2576.0,883.0,1246.0,201.0,2804.0,1038.0,1754.0,1533.0,2731.0,12082.0,5335.0,12481.0,20687.0,12103.0,28943.0,1433.0,770.0,1098.0,460.0,370.0,893.0,875.0,264.0,644.0,6027.0,2651.0,1250.0,19784.0,6132.0,8734.0,3827.0,12700.0,2421.0,3927.0,19312.0,2228.0,1651.0,2138.0,2685.0,1743.0,4853.0,3530.0,4537.0,1851.0,4613.0,192.0,3.0,23.0,48.0,2.0,60.0,0.0,76.0,1619.0,343.0,8855.0,939.0,1491.0,189.0,353.0,3028.0,607.0,1540.0,2934.0,6818.0,2501.0,1046.0,577.0,5801.0,4536.0,1615.0,5445.0,570.0,3040.0,86.0
2026-08-29T20:00Z,231.0,403.0,377.0,10636.0,21223.0,3954.0,167.0,21468.0,2736.0,8356.0,26758.0,2516.0,13681.0,6670.0,2674.0,950.0,1302.0,242.0,3054.0,1064.0,1878.0,1652.0,2839.0,12232.0,5576.0,12776.0,20812.0,12478.0,29615.0,1500.0,840.0,1140.0,478.0,400.0,944.0,973.0,287.0,676.0,6140.0,2813.0,1369.0,20190.0,6397.0,9099.0,4038.0,12867.0,2500.0,4037.0,19677.0,2335.0,1732.0,2196.0,2899.0,1824.0,5020.0,3718.0,4714.0,1899.0,4944.0,203.0,2.0,24.0,46.0,3.0,61.0,7.0,78.0,1722.0,358.0,9255.0,993.0,1522.0,205.0,373.0,3231.0,644.0,1672.0,3014.0,7038.0,2495.0,1080.0,616.0,5936.0,4589.0,1664.0,5784.0,587.0,3093.0,88.0
2026-08-29T21:00Z,228.0,411.0,379.0,10785.0,21216.0,3652.0,159.0,21901.0,2844.0,8415.0,27470.0,2593.0,14044.0,6783.0,2736.0,1084.0,1387.0,334.0,3352.0,1102.0,2005.0,1803.0,2961.0,12486.0,5793.0,12990.0,20789.0,12732.0,29862.0,1596.0,950.0,1265.0,478.0,466.0,1065.0,1106.0,313.0,719.0,6247.0,2982.0,1515.0,20487.0,6638.0,9371.0,4227.0,13197.0,2555.0,4137.0,19929.0,2444.0,1815.0,2268.0,3156.0,1910.0,5162.0,3892.0,4957.0,1959.0,5314.0,213.0,2.0,25.0,45.0,3.0,62.0,3.0,79.0,1814.0,370.0,9489.0,1033.0,1543.0,220.0,386.0,3386.0,683.0,1762.0,3106.0,7183.0,2559.0,1110.0,642.0,6056.0,4631.0,1699.0,6023.0,615.0,3186.0,90.0
2026-08-29T22:00Z,232.0,416.0,377.0,10766.0,21420.0,3655.0,167.0,22098.0,2941.0,8409.0,27860.0,2620.0,14375.0,6841.0,2748.0,1264.0,1467.0,480.0,3609.0,1153.0,2099.0,1954.0,3066.0,12825.0,5931.0,12903.0,20797.0,12945.0,30183.0,1697.0,1092.0,1440.0,528.0,581.0,1255.0,1242.0,326.0,755.0,6323.0,3109.0,1640.0,20549.0,6764.0,9299.0,4377.0,13238.0,2548.0,4129.0,20117.0,2525.0,1857.0,2283.0,3337.0,1968.0,5228.0,4016.0,5136.0,1985.0,5655.0,216.0,2.0,25.0,45.0,3.0,63.0,7.0,80.0,1902.0,378.0,9580.0,1060.0,1546.0,228.0,393.0,3465.0,728.0,1805.0,3235.0,7236.0,2742.0,1127.0,649.0,6105.0,4649.0,1732.0,6146.0,581.0,3305.0,94.0
2026-08-29T23:00Z,233.0,412.0,374.0,11387.0,22474.0,3884.0,128.0,22024.0,2879.0,8416.0,27798.0,2629.0,14581.0,6886.0,2773.0,1377.0,1467.0,606.0,3681.0,1108.0,2087.0,1996.0,3056.0,13147.0,6017.0,12708.0,20630.0,13162.0,30099.0,1762.0,1180.0,1744.0,573.0,768.0,1428.0,1322.0,322.0,756.0,6304.0,3111.0,1688.0,20277.0,6672.0,9098.0,4332.0,12908.0,2469.0,4013.0,19915.0,2568.0,1820.0,2208.0,3338.0,1949.0,5104.0,4034.0,5192.0,1972.0,5778.0,208.0,2.0,24.0,43.0,2.0,63.0,10.0,81.0,2002.0,377.0,9544.0,1064.0,1539.0,231.0,394.0,3487.0,761.0,1825.0,3277.0,7270.0,2838.0,1133.0,650.0,6129.0,4672.0,1738.0,6118.0,564.0,3306.0,92.0
2026-08-30T00:00Z,231.0,407.0,372.0,11907.0,22804.0,4446.0,173.0,21478.0,2918.0,8250.0,27171.0,2588.0,14476.0,6784.0,2775.0,1383.0,1424.0,641.0,3550.0,1042.0,2010.0,1960.0,2989.0,13322.0,6009.0,12330.0,20393.0,13084.0,29287.0,1769.0,1203.0,1819.0,594.0,847.0,1498.0,1306.0,305.0,738.0,6202.0,2962.0,1617.0,19556.0,6389.0,8830.0,4158.0,12717.0,2357.0,3811.0,19437.0,2484.0,1759.0,2080.0,3125.0,1854.0,4819.0,3907.0,5037.0,1911.0,5628.0,196.0,2.0,22.0,44.0,3.0,62.0,24.0,80.0,2051.0,380.0,9280.0,1038.0,1513.0,228.0,386.0,3427.0,758.0,1796.0,3286.0,7136.0,2832.0,1117.0,637.0,6100.0,4606.0,1713.0,6040.0,558.0,3210.0,86.0
2026-08-30T01:00Z,209.0,385.0,367.0,13063.0,21998.0,4661.0,175.0,20544.0,2833.0,8074.0,25951.0,2461.0,14028.0,6585.0,2650.0,1331.0,1376.0,628.0,3409.0,997.0,1928.0,1903.0,2911.0,13189.0,5885.0,12027.0,20205.0,12604.0,28221.0,1764.0,1201.0,1806.0,589.0,845.0,1468.0,1260.0,298.0,711.0,6137.0,2829.0,1535.0,19041.0,6169.0,8672.0,4033.0,12701.0,2294.0,3691.0,18971.0,2363.0,1711.0,1959.0,2949.0,1790.0,4641.0,3779.0,4888.0,1875.0,5457.0,188.0,2.0,19.0,43.0,2.0,60.0,31.0,80.0,1959.0,372.0,8807.0,972.0,1475.0,217.0,372.0,3274.0,731.0,1686.0,3208.0,6910.0,2752.0,1081.0,598.0,6010.0,4515.0,1655.0,5786.0,542.0,3217.0,82.0
2026-08-30T02:00Z,214.0,364.0,363.0,14080.0,20708.0,4503.0,91.0,19889.0,2680.0,8008.0,24805.0,2330.0,13465.0,6395.0,2584.0,1254.0,1285.0,598.0,3211.0,935.0,1811.0,1800.0,2783.0,13060.0,5724.0,11511.0,20011.0,12320.0,27291.0,1715.0,1154.0,1744.0,567.0,821.0,1407.0,1196.0,286.0,686.0,6023.0,2667.0,1441.0,18338.0,5857.0,8287.0,3834.0,12655.0,2186.0,3529.0,18278.0,2201.0,1644.0,1870.0,2776.0,1689.0,4426.0,3610.0,4626.0,1796.0,5244.0,179.0,2.0,20.0,45.0,2.0,58.0,27.0,81.0,1844.0,357.0,8320.0,908.0,1428.0,204.0,364.0,3124.0,703.0,1585.0,3101.0,6621.0,2688.0,1057.0,564.0,5894.0,4456.0,1575.0,5518.0,507.0,3127.0,79.0
2026-08-30T03:00Z,225.0,345.0,359.0,13967.0,19812.0,4214.0,74.0,19097.0,2550.0,7953.0,23539.0,2247.0,12924.0,6153.0,2479.0,1163.0,1189.0,567.0,2979.0,862.0,1676.0,1685.0,2639.0,12625.0,5407.0,10946.0,19296.0,11825.0,25806.0,1649.0,1092.0,1647.0,570.0,775.0,1332.0,1128.0,270.0,654.0,5874.0,2512.0,1338.0,17366.0,5478.0,7825.0,3580.0,12348.0,2028.0,3308.0,17421.0,2032.0,1540.0,1717.0,2558.0,1574.0,4181.0,3395.0,4325.0,1698.0,4971.0,168.0,2.0,19.0,47.0,2.0,57.0,27.0,79.0,1741.0,346.0,7802.0,846.0,1383.0,188.0,350.0,2967.0,672.0,1478.0,2956.0,6310.0,2598.0,1018.0,524.0,5742.0,4328.0,1491.0,5239.0,488.0,3044.0,78.0
2026-08-30T04:00Z,220.0,323.0,356.0,13852.0,18947.0,4040.0,90.0,18192.0,2384.0,8038.0,22152.0,2116.0,12258.0,5879.0,2391.0,1080.0,1092.0,529.0,2745.0,825.0,1545.0,1576.0,2474.0,11974.0,5075.0,10248.0,18313.0,11268.0,24636.0,1583.0,1032.0,1570.0,579.0,725.0,1256.0,1055.0,253.0,616.0,5675.0,2342.0,1230.0,16443.0,5103.0,7317.0,3321.0,11860.0,1872.0,3040.0,16611.0,1862.0,1469.0,1606.0,2380.0,1462.0,3916.0,3177.0,4043.0,1601.0,4695.0,157.0,3.0,17.0,46.0,2.0,57.0,26.0,76.0,1566.0,326.0,7281.0,778.0,1342.0,173.0,331.0,2776.0,633.0,1363.0,2839.0,5974.0,2485.0,972.0,480.0,5552.0,4176.0,1402.0,4918.0,463.0,2932.0,74.0
2026-08-30T05:00Z,219.0,300.0,352.0,13325.0,18304.0,3914.0,67.0,17346.0,2312.0,8017.0,20735.0,2007.0,11519.0,5590.0,2316.0,1015.0,1021.0,501.0,2553.0,780.0,1441.0,1487.0,2327.0,11305.0,4738.0,9666.0,17903.0,10659.0,23280.0,1521.0,981.0,1494.0,572.0,680.0,1191.0,988.0,236.0,581.0,5474.0,2196.0,1139.0,15472.0,4812.0,6922.0,3116.0,11344.0,1741.0,2821.0,15846.0,1722.0,1387.0,1481.0,2167.0,1369.0,3701.0,2989.0,3800.0,1522.0,4462.0,147.0,2.0,16.0,45.0,2.0,56.0,29.0,76.0,1528.0,307.0,6803.0,714.0,1308.0,157.0,312.0,2567.0,594.0,1253.0,2700.0,5672.0,2352.0,931.0,439.0,5369.0,4018.0,1325.0,4596.0,432.0,2794.0,72.0
2026-08-30T06:00Z,212.0,279.0,347.0,12578.0,17331.0,3631.0,63.0,16470.0,2163.0,7926.0,19458.0,1908.0,10796.0,5330.0,2241.0,974.0,972.0,485.0,2405.0,728.0,1455.0,1420.0,2217.0,10727.0,4459.0,9291.0,18060.0,10251.0,22105.0,1461.0,943.0,1427.0,570.0,654.0,1142.0,935.0,222.0,546.0,5278.0,2056.0,1067.0,14934.0,4615.0,6590.0,2945.0,10820.0,1638.0,2698.0,15294.0,1617.0,1321.0,1275.0,2056.0,1303.0,3516.0,2855.0,3653.0,1473.0,4240.0,140.0,2.0,15.0,45.0,2.0,55.0,27.0,74.0,1445.0,296.0,6375.0,655.0,1285.0,144.0,293.0,2389.0,561.0,1183.0,2563.0,5379.0,2226.0,898.0,403.0,5202.0,3891.0,1248.0,4328.0,398.0,2655.0,71.0
2026-08-30T07:00Z,212.0,261.0,341.0,11936.0,16217.0,3371.0,50.0,15680.0,2007.0,7902.0,18354.0,1824.0,10096.0,5117.0,2157.0,954.0,948.0,480.0,2301.0,703.0,1391.0,1381.0,2153.0,10307.0,4268.0,8928.0,17766.0,10144.0,21270.0,1414.0,916.0,1403.0,549.0,642.0,1110.0,897.0,213.0,514.0,5111.0,1960.0,1018.0,14507.0,4522.0,6480.0,2831.0,10435.0,1572.0,2585.0,14905.0,1553.0,1271.0,1121.0,1938.0,1261.0,3377.0,2748.0,3543.0,1434.0,4059.0,135.0,2.0,14.0,45.0,2.0,55.0,25.0,73.0,1368.0,280.0,6038.0,607.0,1260.0,133.0,279.0,2252.0,537.0,1091.0,2496.0,5143.0,2124.0,865.0,373.0,5066.0,3805.0,1185.0,4108.0,371.0,2546.0,69.0
2026-08-30T08:00Z,211.0,249.0,337.0,11575.0,15050.0,3317.0,27.0,15063.0,1967.0,7876.0,17444.0,1745.0,9605.0,4960.0,2079.0,947.0,935.0,467.0,2243.0,688.0,1343.0,1347.0,2100.0,9972.0,4122.0,8655.0,17464.0,9776.0,20390.0,1401.0,899.0,1386.0,537.0,637.0,1105.0,876.0,203.0,491.0,4993.0,1896.0,992.0,14419.0,4438.0,6366.0,2765.0,10028.0,1531.0,2512.0,14669.0,1517.0,1238.0,1077.0,1879.0,1245.0,3286.0,2672.0,3486.0,1417.0,3938.0,132.0,2.0,14.0,47.0,2.0,54.0,24.0,73.0,1304.0,267.0,5755.0,577.0,1241.0,125.0,266.0,2141.0,510.0,1049.0,2446.0,4939.0,2056.0,836.0,352.0,4956.0,3759.0,1141.0,3932.0,347.0,2451.0,68.0
2026-08-30T09:00Z,201.0,241.0,337.0,11014.0,14320.0,3137.0,30.0,14607.0,1853.0,7795.0,16768.0,1698.0,9193.0,4844.0,2027.0,951.0,938.0,467.0,2217.0,688.0,1334.0,1352.0,2088.0,9802.0,4027.0,8594.0,17261.0,9449.0,20004.0,1401.0,885.0,1388.0,517.0,637.0,1103.0,866.0,198.0,493.0,4907.0,1869.0,983.0,14232.0,4392.0,6295.0,2741.0,9780.0,1517.0,2472.0,14596.0,1502.0,1231.0,1147.0,1838.0,1234.0,3235.0,2657.0,3475.0,1419.0,3874.0,130.0,2.0,13.0,45.0,2.0,54.0,24.0,73.0,1259.0,260.0,5521.0,555.0,1224.0,120.0,258.0,2069.0,494.0,1004.0,2409.0,4789.0,2018.0,817.0,338.0,4877.0,3749.0,1111.0,3800.0,330.0,2379.0,66.0
2026-08-30T10:00Z,203.0,236.0,336.0,10743.0,13428.0,3023.0,31.0,14310.0,1815.0,7760.0,16241.0,1660.0,8931.0,4731.0,1992.0,974.0,960.0,477.0,2232.0,717.0,1387.0,1362.0,2107.0,9720.0,3966.0,8520.0,17221.0,9345.0,19720.0,1412.0,886.0,1385.0,542.0,644.0,1113.0,871.0,198.0,499.0,4881.0,1870.0,991.0,14161.0,4398.0,6315.0,2775.0,9679.0,1519.0,2479.0,14657.0,1513.0,1233.0,1199.0,1856.0,1251.0,3256.0,2686.0,3514.0,1434.0,3862.0,130.0,2.0,12.0,46.0,2.0,54.0,23.0,71.0,1238.0,253.0,5369.0,541.0,1214.0,116.0,256.0,2014.0,486.0,979.0,2367.0,4672.0,2003.0,799.0,328.0,4822.0,3702.0,1090.0,3705.0,321.0,2344.0,67.0
2026-08-30T11:00Z,205.0,235.0,336.0,10229.0,12819.0,2981.0,33.0,14149.0,1802.0,7734.0,15906.0,1626.0,8802.0,4622.0,1948.0,993.0,986.0,490.0,2276.0,678.0,1380.0,1374.0,2134.0,9765.0,3971.0,8545.0,16856.0,9335.0,19374.0,1431.0,897.0,1409.0,531.0,656.0,1123.0,879.0,199.0,501.0,4923.0,1885.0,999.0,14274.0,4460.0,6285.0,2850.0,9680.0,1547.0,2504.0,14852.0,1541.0,1249.0,1222.0,1879.0,1287.0,3318.0,2787.0,3595.0,1468.0,3850.0,130.0,2.0,12.0,44.0,2.0,54.0,24.0,70.0,1224.0,254.0,5286.0,540.0,1216.0,114.0,257.0,1997.0,476.0,974.0,2377.0,4605.0,1997.0,808.0,325.0,4787.0,3712.0,1076.0,3692.0,318.0,2332.0,66.0
2026-08-30T12:00Z,201.0,238.0,336.0,10019.0,12403.0,2796.0,33.0,14009.0,1781.0,7706.0,15694.0,1586.0,8750.0,4585.0,1960.0,1000.0,1040.0,479.0,2340.0,710.0,1445.0,1385.0,2209.0,9897.0,4012.0,8652.0,16878.0,9232.0,19508.0,1436.0,914.0,1406.0,486.0,656.0,1107.0,874.0,206.0,508.0,5047.0,1916.0,1017.0,14457.0,4538.0,6420.0,2949.0,9825.0,1585.0,2546.0,15129.0,1584.0,1268.0,1255.0,1883.0,1344.0,3441.0,2873.0,3734.0,1514.0,3852.0,133.0,2.0,13.0,46.0,2.0,53.0,24.0,70.0,1204.0,250.0,5264.0,546.0,1215.0,114.0,256.0,1998.0,474.0,970.0,2375.0,4552.0,1998.0,808.0,325.0,4772.0,3759.0,1080.0,3718.0,322.0,2343.0,67.0
2026-08-30T13:00Z,191.0,244.0,337.0,9991.0,12185.0,2685.0,34.0,13949.0,1783.0,7643.0,15689.0,1573.0,8768.0,4573.0,1940.0,985.0,1104.0,470.0,2403.0,759.0,1476.0,1415.0,2296.0,10105.0,4073.0,9026.0,17458.0,9435.0,19688.0,1480.0,939.0,1416.0,542.0,655.0,1058.0,835.0,216.0,520.0,5254.0,2033.0,1072.0,15177.0,4823.0,6826.0,3161.0,9901.0,1703.0,2752.0,15783.0,1656.0,1329.0,1409.0,1938.0,1425.0,3660.0,3029.0,3927.0,1601.0,3939.0,141.0,3.0,14.0,46.0,2.0,53.0,25.0,69.0,1197.0,254.0,5310.0,569.0,1225.0,115.0,254.0,2026.0,481.0,993.0,2395.0,4524.0,2025.0,797.0,332.0,4767.0,3799.0,1099.0,3743.0,328.0,2356.0,67.0
2026-08-30T14:00Z,193.0,261.0,341.0,10053.0,11986.0,2663.0,42.0,14831.0,1852.0,7630.0,16768.0,1732.0,9211.0,4756.0,2019.0,975.0,1162.0,471.0,2444.0,826.0,1494.0,1441.0,2411.0,10575.0,4222.0,9604.0,18198.0,10072.0,20939.0,1520.0,979.0,1389.0,571.0,662.0,1121.0,864.0,220.0,574.0,5460.0,2074.0,1081.0,16079.0,5137.0,7198.0,3373.0,10130.0,1869.0,3031.0,16520.0,1775.0,1430.0,1583.0,2076.0,1506.0,3897.0,3204.0,4088.0,1676.0,4021.0,148.0,2.0,14.0,47.0,2.0,52.0,14.0,70.0,1185.0,253.0,5759.0,626.0,1258.0,127.0,271.0,2156.0,514.0,1088.0,2494.0,4783.0,2106.0,819.0,367.0,4817.0,3946.0,1192.0,3958.0,340.0,2384.0,68.0
2026-08-30T15:00Z,212.0,287.0,348.0,10508.0,12551.0,2752.0,143.0,16195.0,1985.0,7726.0,18629.0,1898.0,10034.0,5139.0,2139.0,1021.0,1244.0,510.0,2531.0,841.0,1439.0,1537.0,2548.0,11024.0,4481.0,10156.0,18848.0,10743.0,22452.0,1562.0,1026.0,1347.0,550.0,633.0,1134.0,901.0,241.0,606.0,5748.0,2191.0,1064.0,16875.0,5582.0,7549.0,3602.0,10413.0,2042.0,3349.0,17378.0,1966.0,1542.0,1769.0,2240.0,1575.0,4179.0,3350.0,4268.0,1728.0,4199.0,157.0,2.0,14.0,47.0,2.0,53.0,5.0,70.0,1232.0,268.0,6374.0,698.0,1342.0,143.0,291.0,2351.0,541.0,1215.0,2652.0,5215.0,2217.0,868.0,408.0,4954.0,4078.0,1292.0,4269.0,360.0,2459.0,69.0
2026-08-30T16:00Z,219.0,316.0,352.0,10643.0,16724.0,3459.0,232.0,17531.0,2149.0,7874.0,20542.0,2036.0,10894.0,5461.0,2324.0,1065.0,1317.0,502.0,2661.0,911.0,1516.0,1609.0,2709.0,11509.0,4775.0,10861.0,19269.0,11414.0,24247.0,1594.0,1049.0,1351.0,546.0,640.0,1125.0,962.0,245.0,607.0,6055.0,2384.0,1138.0,17916.0,5989.0,7763.0,3866.0,11133.0,2184.0,3647.0,18334.0,2140.0,1683.0,1892.0,2356.0,1650.0,4522.0,3522.0,4428.0,1784.0,4412.0,168.0,2.0,15.0,46.0,2.0,54.0,,70.0,1286.0,279.0,7043.0,765.0,1398.0,159.0,316.0,2564.0,569.0,1342.0,2762.0,5717.0,2398.0,908.0,460.0,5130.0,4203.0,1377.0,4633.0,381.0,2540.0,75.0
2026-08-30T17:00Z,223.0,342.0,353.0,10679.0,18503.0,3766.0,265.0,18824.0,2350.0,7981.0,22419.0,2173.0,11750.0,5860.0,2419.0,1179.0,1331.0,488.0,2828.0,940.0,1676.0,1713.0,2851.0,12151.0,5088.0,11473.0,19647.0,12089.0,25937.0,1599.0,1059.0,1469.0,553.0,633.0,1118.0,1058.0,264.0,627.0,6211.0,2657.0,1272.0,18729.0,6431.0,7988.0,4128.0,11868.0,2307.0,3941.0,19245.0,2291.0,1808.0,2073.0,2588.0,1702.0,4777.0,3740.0,4581.0,1842.0,4642.0,179.0,2.0,16.0,46.0,2.0,56.0,1.0,72.0,1366.0,291.0,7787.0,846.0,1453.0,179.0,337.0,2784.0,619.0,1471.0,2883.0,6206.0,2565.0,955.0,508.0,5341.0,4343.0,1476.0,5050.0,404.0,2593.0,76.0
2026-08-30T18:00Z,225.0,365.0,359.0,9496.0,19716.0,3810.0,200.0,20034.0,2504.0,8208.0,24008.0,2324.0,12612.0,6306.0,2451.0,1224.0,1353.0,475.0,3148.0,1105.0,1861.0,1783.0,3002.0,12415.0,5429.0,12086.0,20288.0,12676.0,27599.0,1645.0,1052.0,1606.0,546.0,645.0,1179.0,1106.0,298.0,679.0,6409.0,2863.0,1393.0,19624.0,6714.0,8207.0,4461.0,12713.0,2438.0,4127.0,20029.0,2466.0,1894.0,2140.0,2879.0,1792.0,5011.0,3974.0,4814.0,1893.0,5158.0,187.0,2.0,17.0,46.0,2.0,57.0,3.0,72.0,1442.0,311.0,8510.0,920.0,1500.0,198.0,357.0,3017.0,666.0,1599.0,2972.0,6584.0,2697.0,990.0,562.0,5582.0,4462.0,1561.0,5434.0,442.0,2679.0,76.0
2026-08-30T19:00Z,231.0,381.0,366.0,9270.0,20534.0,3707.0,210.0,21043.0,2663.0,8265.0,25356.0,2469.0,13328.0,6659.0,2407.0,1204.0,1393.0,463.0,3425.0,1118.0,1987.0,1874.0,3071.0,12714.0,5744.0,12656.0,20857.0,13185.0,28732.0,1616.0,1069.0,1683.0,553.0,724.0,1125.0,1207.0,325.0,706.0,6532.0,3000.0,1530.0,20203.0,6991.0,8344.0,4572.0,13227.0,2496.0,4227.0,20839.0,2633.0,1945.0,2232.0,3007.0,1882.0,5259.0,4022.0,5035.0,1926.0,5397.0,193.0,2.0,17.0,46.0,2.0,58.0,0.0,74.0,1542.0,330.0,9047.0,985.0,1540.0,215.0,374.0,3246.0,679.0,1718.0,3041.0,6911.0,2765.0,1029.0,615.0,5796.0,4542.0,1629.0,5761.0,483.0,2797.0,76.0
2026-08-30T20:00Z,227.0,389.0,368.0,8921.0,20617.0,3663.0,164.0,21749.0,2774.0,8350.0,26386.0,2569.0,13958.0,6878.0,2505.0,1254.0,1423.0,513.0,3663.0,1139.0,2103.0,1942.0,3140.0,13014.0,6031.0,13162.0,20989.0,13529.0,29521.0,1637.0,1061.0,1714.0,552.0,782.0,1303.0,1285.0,322.0,718.0,6579.0,3075.0,1743.0,20573.0,7158.0,8429.0,4763.0,13040.0,2504.0,4305.0,21476.0,2739.0,1986.0,2308.0,3185.0,1993.0,5421.0,4261.0,5295.0,1947.0,5564.0,196.0,2.0,19.0,48.0,2.0,59.0,3.0,76.0,1666.0,345.0,9425.0,1035.0,1563.0,231.0,387.0,3422.0,685.0,1811.0,3114.0,7117.0,2814.0,1063.0,660.0,5950.0,4590.0,1687.0,6039.0,475.0,2905.0,76.0
2026-08-30T21:00Z,228.0,393.0,363.0,9181.0,20023.0,3474.0,156.0,22226.0,2856.0,8383.0,27021.0,2614.0,14481.0,7025.0,2549.0,1338.0,1461.0,584.0,3805.0,1148.0,2155.0,1986.0,3146.0,13543.0,6335.0,13502.0,21303.0,13885.0,30107.0,1666.0,1114.0,1738.0,535.0,791.0,1485.0,1357.0,318.0,727.0,6707.0,3145.0,1862.0,20804.0,7260.0,8588.0,5100.0,12873.0,2560.0,4405.0,21856.0,2862.0,1976.0,2406.0,3500.0,2106.0,5626.0,4516.0,5518.0,1971.0,5806.0,204.0,2.0,19.0,47.0,2.0,60.0,7.0,76.0,1757.0,359.0,9683.0,1078.0,1583.0,243.0,397.0,3550.0,695.0,1892.0,3157.0,7303.0,2861.0,1095.0,696.0,6053.0,4634.0,1719.0,6266.0,482.0,2976.0,79.0
2026-08-30T22:00Z,223.0,393.0,361.0,9841.0,20197.0,3186.0,93.0,22431.0,2850.0,8427.0,27460.0,2644.0,14868.0,7118.0,2759.0,1424.0,1535.0,638.0,3928.0,1132.0,2190.0,2072.0,3204.0,14083.0,6607.0,13813.0,21470.0,14184.0,30282.0,1693.0,1151.0,1781.0,543.0,823.0,1530.0,1422.0,335.0,791.0,6837.0,3194.0,1920.0,20954.0,7321.0,8752.0,5142.0,12804.0,2613.0,4446.0,22085.0,3004.0,1979.0,2393.0,3620.0,2186.0,5797.0,4653.0,5636.0,1986.0,6109.0,214.0,2.0,20.0,47.0,3.0,60.0,8.0,77.0,1834.0,366.0,9817.0,1107.0,1587.0,250.0,402.0,3632.0,728.0,1942.0,3221.0,7394.0,2955.0,1115.0,696.0,6101.0,4671.0,1750.0,6406.0,474.0,2989.0,80.0
2026-08-30T23:00Z,217.0,385.0,362.0,10644.0,20316.0,3443.0,97.0,22337.0,2884.0,8381.0,27529.0,2626.0,15109.0,7123.0,2798.0,1445.0,1545.0,661.0,3997.0,1146.0,2183.0,2098.0,3215.0,14474.0,6827.0,13733.0,21524.0,14418.0,30186.0,1695.0,1143.0,1812.0,548.0,858.0,1527.0,1442.0,345.0,802.0,6883.0,3209.0,1950.0,20822.0,7290.0,8814.0,5160.0,12865.0,2634.0,4392.0,21861.0,3080.0,1939.0,2397.0,3643.0,2189.0,5773.0,4704.0,5629.0,1980.0,6248.0,215.0,3.0,22.0,46.0,3.0,60.0,17.0,78.0,1909.0,372.0,9787.0,1119.0,1575.0,251.0,403.0,3676.0,761.0,1965.0,3246.0,7414.0,3015.0,1120.0,691.0,6114.0,4683.0,1752.0,6586.0,473.0,2979.0,80.0
2026-08-31T00:00Z,222.0,364.0,360.0,11734.0,20408.0,3607.0,138.0,21691.0,2903.0,8168.0,27033.0,2587.0,15068.0,7012.0,2760.0,1436.0,1540.0,673.0,4018.0,1132.0,2171.0,2122.0,3236.0,14695.0,6897.0,13546.0,21305.0,14241.0,29564.0,1706.0,1143.0,1832.0,571.0,867.0,1557.0,1437.0,347.0,815.0,6963.0,3239.0,1909.0,20521.0,7081.0,8810.0,5104.0,12910.0,2564.0,4248.0,21183.0,2995.0,1890.0,2318.0,3643.0,2161.0,5700.0,4611.0,5582.0,1956.0,6363.0,217.0,2.0,22.0,47.0,3.0,60.0,12.0,79.0,1978.0,372.0,9574.0,1089.0,1557.0,245.0,401.0,3604.0,768.0,1933.0,3268.0,7294.0,3017.0,1120.0,665.0,6099.0,4655.0,1729.0,6481.0,477.0,2969.0,80.0
2026-08-31T01:00Z,209.0,348.0,364.0,13225.0,19927.0,3856.0,118.0,20706.0,2767.0,7866.0,25851.0,2415.0,14618.0,6818.0,2655.0,1376.0,1492.0,655.0,3939.0,1116.0,2119.0,2093.0,3220.0,14584.0,6747.0,13149.0,21225.0,13881.0,28605.0,1714.0,1150.0,1820.0,559.0,856.0,1534.0,1401.0,339.0,817.0,7004.0,3210.0,1846.0,20319.0,6903.0,8837.0,5022.0,13048.0,2488.0,4102.0,20543.0,2854.0,1865.0,2213.0,3572.0,2110.0,5654.0,4390.0,5463.0,1939.0,6364.0,212.0,2.0,22.0,45.0,3.0,59.0,28.0,80.0,1959.0,368.0,9121.0,1032.0,1509.0,230.0,388.0,3439.0,747.0,1838.0,3179.0,7044.0,2950.0,1097.0,633.0,6003.0,4558.0,1666.0,6188.0,468.0,2956.0,80.0
2026-08-31T02:00Z,207.0,332.0,365.0,14523.0,19020.0,4015.0,107.0,20025.0,2655.0,7626.0,24527.0,2236.0,14136.0,6685.0,2550.0,1276.0,1394.0,618.0,3735.0,1037.0,2005.0,1996.0,3127.0,14357.0,6521.0,12777.0,20916.0,13561.0,27855.0,1673.0,1106.0,1758.0,560.0,817.0,1457.0,1343.0,327.0,790.0,6920.0,3097.0,1748.0,19580.0,6564.0,8452.0,4738.0,13066.0,2369.0,3928.0,19607.0,2628.0,1799.0,2090.0,3366.0,1999.0,5454.0,4116.0,5206.0,1865.0,6199.0,204.0,2.0,20.0,45.0,2.0,58.0,28.0,80.0,1882.0,356.0,8653.0,974.0,1483.0,220.0,381.0,3311.0,720.0,1756.0,3115.0,6769.0,2862.0,1058.0,605.0,5869.0,4467.0,1591.0,5908.0,460.0,2921.0,80.0
2026-08-31T03:00Z,213.0,321.0,363.0,14224.0,18210.0,3805.0,90.0,19370.0,2594.0,7702.0,23584.0,2197.0,13555.0,6489.0,2444.0,1166.0,1283.0,578.0,3454.0,955.0,1861.0,1863.0,2980.0,13726.0,6119.0,12063.0,20130.0,12964.0,26507.0,1623.0,1046.0,1668.0,545.0,772.0,1372.0,1263.0,309.0,746.0,6675.0,2930.0,1624.0,18506.0,6146.0,8093.0,4358.0,12770.0,2205.0,3637.0,18464.0,2378.0,1716.0,1906.0,3113.0,1858.0,5174.0,3839.0,4867.0,1797.0,5891.0,193.0,2.0,19.0,46.0,3.0,57.0,28.0,78.0,1801.0,343.0,8154.0,901.0,1457.0,209.0,367.0,3162.0,684.0,1660.0,3036.0,6467.0,2734.0,1019.0,574.0,5698.0,4321.0,1509.0,5569.0,453.0,2887.0,81.0
2026-08-31T04:00Z,211.0,298.0,355.0,13736.0,17529.0,3652.0,86.0,18385.0,2450.0,7966.0,22066.0,2063.0,12729.0,6145.0,2374.0,1079.0,1178.0,534.0,3158.0,912.0,1714.0,1725.0,2809.0,12812.0,5668.0,11351.0,19079.0,12201.0,25011.0,1567.0,986.0,1583.0,533.0,732.0,1292.0,1175.0,284.0,694.0,6376.0,2700.0,1502.0,17571.0,5684.0,7693.0,3980.0,12278.0,2060.0,3356.0,17402.0,2151.0,1609.0,1728.0,2834.0,1735.0,4750.0,3547.0,4593.0,1719.0,5519.0,180.0,2.0,18.0,47.0,3.0,56.0,26.0,77.0,1700.0,324.0,7572.0,826.0,1415.0,193.0,349.0,2958.0,636.0,1521.0,2872.0,6078.0,2579.0,976.0,532.0,5512.0,4133.0,1401.0,5180.0,434.0,2781.0,78.0
2026-08-31T05:00Z,206.0,274.0,348.0,13154.0,17023.0,3536.0,61.0,17431.0,2273.0,7924.0,20446.0,1937.0,11809.0,5820.0,2294.0,1011.0,1441.0,510.0,2929.0,873.0,1600.0,1283.0,2637.0,11952.0,5255.0,10767.0,18672.0,11417.0,23588.0,1531.0,943.0,1517.0,525.0,701.0,1231.0,1099.0,268.0,658.0,6079.0,2512.0,1390.0,16736.0,5337.0,7331.0,3683.0,11679.0,1946.0,3111.0,16601.0,1976.0,1518.0,1522.0,2562.0,1638.0,4445.0,3301.0,4347.0,1665.0,5184.0,167.0,2.0,16.0,46.0,2.0,55.0,29.0,76.0,1585.0,300.0,7040.0,761.0,1377.0,177.0,334.0,2757.0,588.0,1402.0,2732.0,5729.0,2424.0,920.0,486.0,5307.0,3979.0,1308.0,4825.0,404.0,2627.0,74.0
2026-08-31T06:00Z,203.0,254.0,342.0,12274.0,15887.0,3304.0,47.0,16590.0,2101.0,7895.0,19075.0,1823.0,10980.0,5507.0,2214.0,965.0,1394.0,486.0,2750.0,811.0,1499.0,1194.0,2486.0,11332.0,4937.0,10173.0,19063.0,10819.0,22342.0,1495.0,915.0,1476.0,528.0,675.0,1187.0,1031.0,256.0,620.0,5796.0,2346.0,1298.0,16191.0,5143.0,7085.0,3458.0,11131.0,1857.0,2955.0,15963.0,1860.0,1436.0,1440.0,2391.0,1584.0,4175.0,3107.0,4175.0,1610.0,4880.0,158.0,2.0,15.0,43.0,2.0,54.0,27.0,76.0,1472.0,281.0,6609.0,706.0,1344.0,162.0,318.0,2585.0,551.0,1299.0,2627.0,5441.0,2295.0,868.0,445.0,5149.0,3869.0,1247.0,4547.0,368.0,2475.0,72.0
2026-08-31T07:00Z,200.0,240.0,339.0,11448.0,14821.0,3002.0,40.0,15849.0,2024.0,7833.0,18017.0,1739.0,10315.0,5252.0,2144.0,946.0,1356.0,480.0,2621.0,822.0,1433.0,1140.0,2387.0,10862.0,4704.0,9942.0,18859.0,10349.0,21595.0,1474.0,897.0,1461.0,519.0,668.0,1161.0,992.0,244.0,594.0,5559.0,2231.0,1226.0,15834.0,5038.0,7007.0,3310.0,10782.0,1803.0,2858.0,15536.0,1788.0,1379.0,1282.0,2256.0,1532.0,4064.0,2989.0,4074.0,1582.0,4676.0,151.0,2.0,14.0,35.0,2.0,54.0,25.0,73.0,1370.0,274.0,6279.0,665.0,1312.0,149.0,305.0,2439.0,524.0,1218.0,2548.0,5183.0,2190.0,821.0,412.0,5028.0,3777.0,1184.0,4309.0,340.0,2388.0,70.0
2026-08-31T08:00Z,198.0,231.0,334.0,11183.0,13705.0,3122.0,37.0,15298.0,1901.0,7760.0,17357.0,1682.0,9884.0,5079.0,2082.0,943.0,1347.0,471.0,2546.0,780.0,1397.0,1116.0,2340.0,10555.0,4565.0,9828.0,18512.0,10001.0,21051.0,1467.0,891.0,1455.0,523.0,664.0,1150.0,970.0,235.0,574.0,5433.0,2158.0,1191.0,15669.0,4957.0,6958.0,3240.0,10457.0,1778.0,2800.0,15253.0,1753.0,1365.0,1325.0,2180.0,1504.0,3957.0,2942.0,4025.0,1580.0,4554.0,147.0,3.0,13.0,43.0,2.0,54.0,25.0,73.0,1321.0,259.0,6011.0,636.0,1297.0,139.0,294.0,2314.0,502.0,1157.0,2476.0,4943.0,2122.0,804.0,391.0,4937.0,3718.0,1141.0,4132.0,322.0,2321.0,69.0
2026-08-31T09:00Z,197.0,226.0,334.0,10623.0,12975.0,2972.0,38.0,14989.0,1838.0,7714.0,16954.0,1632.0,9591.0,4985.0,2044.0,965.0,1363.0,482.0,2561.0,775.0,1405.0,1133.0,2353.0,10409.0,4476.0,9824.0,17921.0,9851.0,20497.0,1477.0,903.0,1478.0,522.0,674.0,1168.0,961.0,232.0,569.0,5438.0,2146.0,1180.0,15760.0,5066.0,7007.0,3255.0,10323.0,1796.0,2839.0,15367.0,1761.0,1365.0,1333.0,2170.0,1521.0,3993.0,2996.0,4079.0,1584.0,4542.0,147.0,2.0,13.0,44.0,2.0,54.0,24.0,73.0,1271.0,251.0,5816.0,619.0,1289.0,132.0,288.0,2238.0,491.0,1118.0,2446.0,4810.0,2093.0,795.0,378.0,4871.0,3679.0,1118.0,4014.0,310.0,2278.0,67.0
2026-08-31T10:00Z,195.0,226.0,334.0,10365.0,12769.0,2732.0,41.0,15017.0,1821.0,7677.0,16802.0,1588.0,9530.0,4956.0,2016.0,1039.0,1426.0,517.0,2723.0,848.0,1487.0,1229.0,2443.0,10497.0,4465.0,9970.0,18292.0,9849.0,20306.0,1526.0,952.0,1539.0,527.0,712.0,1216.0,990.0,244.0,594.0,5623.0,2213.0,1212.0,16272.0,5221.0,7358.0,3394.0,10496.0,1897.0,2961.0,15797.0,1851.0,1400.0,1404.0,2234.0,1619.0,4098.0,3201.0,4304.0,1697.0,4677.0,152.0,2.0,12.0,43.0,2.0,54.0,24.0,71.0,1241.0,246.0,5722.0,618.0,1289.0,131.0,287.0,2206.0,493.0,1101.0,2423.0,4775.0,2084.0,786.0,372.0,4824.0,3673.0,1111.0,3979.0,304.0,2251.0,67.0
2026-08-31T11:00Z,198.0,231.0,336.0,10044.0,12805.0,2667.0,47.0,15237.0,1865.0,7697.0,16963.0,1591.0,9661.0,4985.0,1973.0,1135.0,1504.0,571.0,2971.0,863.0,1553.0,1378.0,2603.0,10964.0,4600.0,10473.0,19559.0,10153.0,20654.0,1612.0,1029.0,1644.0,532.0,774.0,1269.0,1021.0,261.0,637.0,6006.0,2315.0,1266.0,17230.0,5565.0,7889.0,3658.0,11088.0,2066.0,3171.0,16455.0,1990.0,1498.0,1518.0,2404.0,1762.0,4331.0,3465.0,4731.0,1846.0,4895.0,161.0,2.0,14.0,45.0,2.0,55.0,24.0,71.0,1233.0,249.0,5779.0,648.0,1298.0,132.0,295.0,2252.0,512.0,1136.0,2490.0,4814.0,2135.0,807.0,383.0,4833.0,3749.0,1117.0,4053.0,303.0,2263.0,64.0
2026-08-31T12:00Z,204.0,245.0,342.0,10084.0,12216.0,2592.0,42.0,15500.0,1925.0,7663.0,17430.0,1631.0,9975.0,5115.0,2007.0,1109.0,1564.0,568.0,3091.0,907.0,1627.0,1471.0,2750.0,11794.0,4864.0,10943.0,20554.0,10787.0,21246.0,1651.0,1091.0,1704.0,536.0,773.0,1275.0,1051.0,270.0,666.0,6349.0,2411.0,1306.0,17769.0,5761.0,8279.0,3800.0,11943.0,2184.0,3281.0,16910.0,2063.0,1570.0,1550.0,2490.0,1841.0,4521.0,3615.0,4949.0,1940.0,5061.0,171.0,2.0,13.0,45.0,2.0,56.0,25.0,72.0,1243.0,256.0,5943.0,697.0,1308.0,134.0,306.0,2329.0,554.0,1182.0,2603.0,4906.0,2244.0,839.0,405.0,4894.0,3957.0,1132.0,4223.0,318.0,2321.0,64.0
2026-08-31T13:00Z,195.0,265.0,349.0,10620.0,12463.0,2665.0,42.0,15503.0,1897.0,7632.0,17521.0,1745.0,10011.0,4977.0,1975.0,1003.0,1595.0,499.0,3105.0,923.0,1653.0,1472.0,2828.0,12398.0,5037.0,11259.0,21391.0,11389.0,21419.0,1650.0,1160.0,1709.0,525.0,714.0,1244.0,1048.0,282.0,687.0,6642.0,2511.0,1347.0,18216.0,5934.0,8633.0,3920.0,12388.0,2263.0,3402.0,17346.0,2120.0,1633.0,1602.0,2628.0,1904.0,4691.0,3721.0,5088.0,2001.0,5225.0,186.0,2.0,16.0,44.0,2.0,58.0,27.0,74.0,1305.0,263.0,6020.0,719.0,1313.0,137.0,316.0,2398.0,592.0,1222.0,2695.0,5000.0,2341.0,855.0,424.0,4900.0,4084.0,1137.0,4342.0,341.0,2427.0,70.0
2026-08-31T14:00Z,199.0,285.0,353.0,11398.0,13029.0,2872.0,51.0,16146.0,1899.0,7639.0,18315.0,1919.0,10322.0,4998.0,2063.0,917.0,1517.0,368.0,3097.0,964.0,1625.0,1511.0,2857.0,12786.0,5122.0,11760.0,22261.0,12026.0,22363.0,1694.0,1193.0,1718.0,514.0,653.0,1209.0,1023.0,295.0,692.0,6813.0,2603.0,1352.0,18671.0,6073.0,8949.0,3981.0,12565.0,2385.0,3623.0,18049.0,2126.0,1669.0,1643.0,2732.0,1945.0,4852.0,3828.0,5185.0,2085.0,5304.0,196.0,2.0,16.0,44.0,2.0,59.0,21.0,75.0,1286.0,270.0,6380.0,759.0,1351.0,142.0,328.0,2502.0,605.0,1268.0,2813.0,4992.0,2382.0,879.0,459.0,4947.0,4189.0,1189.0,4540.0,363.0,2485.0,69.0
2026-08-31T15:00Z,219.0,299.0,357.0,12062.0,13640.0,3043.0,128.0,17276.0,2076.0,7749.0,19732.0,2018.0,10986.0,5428.0,2183.0,912.0,1595.0,262.0,3138.0,988.0,1621.0,1437.0,2896.0,13277.0,5351.0,12555.0,22878.0,12730.0,23851.0,1754.0,1199.0,1779.0,511.0,676.0,1148.0,1041.0,315.0,714.0,6928.0,2670.0,1342.0,19594.0,6288.0,9475.0,4104.0,12764.0,2558.0,3850.0,18998.0,2119.0,1740.0,1843.0,2781.0,2008.0,4983.0,4001.0,5269.0,2118.0,5380.0,201.0,2.0,17.0,47.0,2.0,62.0,7.0,77.0,1337.0,276.0,6959.0,830.0,1397.0,157.0,346.0,2669.0,616.0,1367.0,2939.0,5333.0,2421.0,925.0,506.0,5048.0,4284.0,1262.0,4859.0,377.0,2532.0,69.0
2026-08-31T16:00Z,220.0,314.0,362.0,12330.0,16004.0,3346.0,219.0,18504.0,2257.0,7899.0,21402.0,2161.0,11758.0,5817.0,2332.0,912.0,1648.0,237.0,3215.0,1034.0,1665.0,1463.0,2925.0,13826.0,5683.0,13233.0,23325.0,13541.0,25533.0,1776.0,1209.0,1812.0,505.0,722.0,1100.0,1145.0,318.0,734.0,7051.0,2774.0,1383.0,20663.0,6562.0,9949.0,4221.0,12940.0,2746.0,4160.0,20057.0,2196.0,1809.0,1969.0,2873.0,2065.0,5162.0,4192.0,5402.0,2182.0,5475.0,214.0,2.0,18.0,46.0,2.0,65.0,8.0,77.0,1364.0,282.0,7688.0,909.0,1459.0,173.0,368.0,2920.0,635.0,1477.0,3119.0,5845.0,2528.0,980.0,562.0,5231.0,4423.0,1357.0,5294.0,395.0,2592.0,71.0
2026-08-31T17:00Z,219.0,328.0,372.0,12510.0,18026.0,3518.0,252.0,19740.0,2438.0,7975.0,23152.0,2314.0,12597.0,6177.0,2455.0,929.0,1691.0,243.0,3352.0,1101.0,1766.0,1523.0,3032.0,14253.0,6041.0,14016.0,24064.0,14374.0,27297.0,1708.0,1215.0,1793.0,478.0,746.0,1177.0,1243.0,328.0,754.0,7191.0,2905.0,1472.0,21717.0,6863.0,10514.0,4479.0,13506.0,2917.0,4480.0,21060.0,2322.0,1909.0,2151.0,3040.0,2159.0,5425.0,4382.0,5548.0,2208.0,5702.0,227.0,3.0,18.0,45.0,2.0,67.0,4.0,79.0,1432.0,292.0,8416.0,996.0,1520.0,193.0,388.0,3161.0,682.0,1610.0,3252.0,6323.0,2633.0,1027.0,623.0,5427.0,4611.0,1433.0,5703.0,425.0,2658.0,72.0
2026-08-31T18:00Z,213.0,340.0,381.0,11739.0,19451.0,3830.0,251.0,20621.0,2651.0,8083.0,24818.0,2456.0,13415.0,6566.0,2553.0,940.0,1733.0,251.0,3642.0,1162.0,1845.0,1622.0,3116.0,14678.0,6460.0,14764.0,24947.0,15089.0,28618.0,1775.0,1216.0,1784.0,480.0,771.0,1198.0,1337.0,340.0,793.0,7381.0,2929.0,1624.0,22451.0,7172.0,11074.0,4747.0,14369.0,3029.0,4704.0,21877.0,2470.0,2017.0,2215.0,3287.0,2229.0,5671.0,4538.0,5630.0,2258.0,6146.0,240.0,2.0,19.0,45.0,2.0,69.0,5.0,80.0,1555.0,311.0,9097.0,1071.0,1562.0,214.0,409.0,3337.0,725.0,1759.0,3376.0,6725.0,2774.0,1072.0,682.0,5628.0,4726.0,1509.0,6095.0,451.0,2734.0,75.0
2026-08-31T19:00Z,216.0,353.0,386.0,11463.0,20934.0,3636.0,251.0,21223.0,2797.0,8155.0,26220.0,2570.0,14134.0,6842.0,2594.0,955.0,1757.0,262.0,3860.0,1212.0,1920.0,1695.0,3171.0,15111.0,6853.0,15214.0,25806.0,15861.0,29687.0,1823.0,1211.0,1779.0,475.0,781.0,1245.0,1385.0,343.0,841.0,7469.0,3105.0,1749.0,22918.0,7299.0,11220.0,4886.0,15699.0,3050.0,4826.0,22477.0,2541.0,2026.0,2280.0,3471.0,2240.0,5670.0,4715.0,5611.0,2286.0,6503.0,252.0,2.0,18.0,47.0,2.0,70.0,18.0,82.0,1623.0,327.0,9553.0,1117.0,1585.0,220.0,424.0,3527.0,763.0,1889.0,3502.0,7000.0,2919.0,1115.0,721.0,5812.0,4808.0,1576.0,6443.0,475.0,2790.0,77.0
2026-08-31T20:00Z,220.0,368.0,387.0,11392.0,21758.0,3870.0,247.0,21400.0,2873.0,8227.0,27034.0,2616.0,14704.0,7089.0,2677.0,1022.0,1792.0,307.0,3880.0,1131.0,2000.0,1767.0,3206.0,15314.0,7178.0,15524.0,26353.0,16342.0,30255.0,1844.0,1225.0,1799.0,488.0,819.0,1391.0,1382.0,356.0,859.0,7432.0,3238.0,1793.0,23171.0,7400.0,11088.0,4968.0,16137.0,3057.0,4917.0,22674.0,2566.0,2022.0,2428.0,3429.0,2228.0,5669.0,4779.0,5628.0,2285.0,6474.0,249.0,2.0,19.0,45.0,3.0,70.0,13.0,82.0,1637.0,339.0,9813.0,1150.0,1605.0,233.0,430.0,3709.0,786.0,1958.0,3583.0,7133.0,3002.0,1145.0,746.0,5964.0,4836.0,1622.0,6675.0,501.0,2841.0,76.0
2026-08-31T21:00Z,220.0,384.0,390.0,11435.0,21892.0,3761.0,209.0,21338.0,2893.0,8297.0,27460.0,2663.0,15176.0,7205.0,2737.0,1148.0,1850.0,411.0,4092.0,1186.0,2060.0,1877.0,3326.0,15602.0,7459.0,15884.0,26529.0,16601.0,30673.0,1843.0,1236.0,1827.0,504.0,866.0,1551.0,1405.0,350.0,859.0,7320.0,3324.0,1780.0,23432.0,7558.0,11398.0,5043.0,16303.0,3046.0,4997.0,22678.0,2611.0,2103.0,2417.0,3400.0,2231.0,5687.0,4838.0,5665.0,2284.0,6338.0,240.0,2.0,19.0,45.0,3.0,71.0,19.0,84.0,1731.0,348.0,10004.0,1171.0,1608.0,245.0,434.0,3815.0,805.0,2010.0,3656.0,7280.0,3065.0,1167.0,764.0,6053.0,4948.0,1655.0,6797.0,522.0,2920.0,77.0
2026-08-31T22:00Z,226.0,398.0,389.0,11533.0,20969.0,3742.0,188.0,21120.0,3041.0,8307.0,27807.0,2696.0,15491.0,7293.0,2767.0,1329.0,1939.0,571.0,4144.0,1172.0,2127.0,1919.0,3347.0,15816.0,7691.0,16182.0,26391.0,16807.0,30806.0,1858.0,1259.0,1855.0,567.0,898.0,1611.0,1428.0,355.0,844.0,7283.0,3282.0,1850.0,23458.0,7647.0,11446.0,5081.0,16635.0,3061.0,5037.0,22530.0,2711.0,2183.0,2571.0,3463.0,2256.0,5736.0,4871.0,5735.0,2303.0,6435.0,234.0,2.0,18.0,47.0,3.0,70.0,22.0,83.0,1802.0,355.0,10097.0,1192.0,1589.0,251.0,438.0,3842.0,829.0,2035.0,3649.0,7290.0,3101.0,1185.0,775.0,6126.0,4979.0,1683.0,6864.0,544.0,3001.0,80.0
2026-08-31T23:00Z,231.0,405.0,387.0,11593.0,20269.0,3448.0,183.0,20861.0,2945.0,8264.0,27939.0,2670.0,15642.0,7200.0,2766.0,1442.0,1924.0,674.0,4120.0,1143.0,2132.0,1968.0,3311.0,15967.0,7906.0,16173.0,26110.0,16870.0,30669.0,1874.0,1270.0,1876.0,567.0,919.0,1611.0,1428.0,358.0,837.0,7092.0,3260.0,1838.0,23208.0,7537.0,11225.0,5010.0,16699.0,3033.0,4984.0,22299.0,2728.0,2147.0,2546.0,3439.0,2261.0,5695.0,4728.0,5772.0,2268.0,6421.0,230.0,2.0,18.0,42.0,3.0,69.0,13.0,87.0,1888.0,351.0,10018.0,1193.0,1588.0,256.0,434.0,3831.0,836.0,2057.0,3649.0,7286.0,3094.0,1185.0,768.0,6153.0,4971.0,1699.0,6841.0,571.0,3095.0,83.0
