timestamp,BIOMASS,CCGT,COAL,INTELEC,INTEW,INTFR,INTGRNL,INTIFA2,INTIRL,INTNED,INTNEM,INTNSL,INTVKL,NPSHYD,NUCLEAR,OCGT,OIL,OTHER,PS,WIND
2026-07-01T00:00Z,1933,15362,0,996,-348,1984,0,990,-352,-1038,-1022,838,-1448,516,3003,0,0,263,134,1285
2026-07-01T00:30Z,1929,15250,0,998,-392,1984,0,990,-352,-1038,-1022,782,-1448,361,3005,0,0,253,134,1388
2026-07-01T01:00Z,1932,15181,0,998,-516,2008,0,992,-352,-1042,-1022,614,-1448,501,3002,0,0,346,290,1311
2026-07-01T01:30Z,1932,15177,0,998,-532,2010,0,992,-352,-1042,-1022,582,-1448,443,3003,0,0,272,34,1329
2026-07-01T02:00Z,1968,14965,0,998,-532,2010,0,992,-352,-1044,-1022,430,-1448,376,3005,0,0,316,2,1340
2026-07-01T02:30Z,1963,14799,0,998,-532,2008,0,992,-352,-1044,-1022,398,-1448,375,3006,0,0,330,-4,1282
2026-07-01T03:00Z,1975,14607,0,998,-532,2010,0,992,-352,-1044,-1022,234,-1448,377,3006,0,0,320,160,1248
2026-07-01T03:30Z,1974,14457,0,998,-532,2008,0,992,-352,-1044,-1022,240,-1448,378,3007,0,0,292,2,1166
2026-07-01T04:00Z,1965,14476,0,980,-532,1906,0,982,-352,-1054,-1022,476,-1448,377,3006,0,0,281,104,1130
2026-07-01T04:30Z,1947,14553,0,978,-532,1904,0,982,-352,-1054,-1022,536,-1448,379,3008,0,0,311,-16,1087
2026-07-01T05:00Z,1945,14946,0,986,-532,1910,0,954,-418,-1056,-1022,910,-1448,507,3007,0,0,535,392,1017
2026-07-01T05:30Z,1944,14983,0,986,-532,1912,0,952,-452,-1054,-1020,984,-1448,530,3006,3,0,1128,478,967
2026-07-01T06:00Z,1939,14641,0,966,-532,2004,0,952,-452,-972,-820,1358,-1448,513,3008,58,0,1958,460,872
2026-07-01T06:30Z,1928,14258,0,966,-532,2010,0,950,-452,-822,-784,1366,-1414,504,3002,53,0,2536,524,802
2026-07-01T07:00Z,1932,13690,0,996,-532,2008,0,884,-452,370,62,1052,-674,472,3001,4,0,1437,322,667
2026-07-01T07:30Z,1926,13301,0,996,-532,1996,0,884,-452,404,108,1046,-564,459,3002,2,0,1415,376,548
2026-07-01T08:00Z,1929,12659,0,954,-532,1656,0,950,-452,796,600,1294,588,342,3007,0,0,827,2,540
2026-07-01T08:30Z,1930,11633,0,952,-532,1640,0,946,-452,806,612,1326,684,395,3002,0,0,1077,122,533
2026-07-01T09:00Z,1928,10656,0,926,-518,1704,0,780,-452,1032,704,1390,1132,337,2994,0,0,1165,234,560
2026-07-01T09:30Z,1940,10864,0,922,-438,1706,0,770,-452,1036,704,1398,1156,384,3008,18,0,909,188,561
2026-07-01T10:00Z,1980,10353,0,834,-524,1686,0,724,-452,1018,662,1398,1210,408,3003,29,0,1180,136,561
2026-07-01T10:30Z,1980,10278,0,834,-496,1684,0,722,-452,1018,662,1398,1220,267,3003,29,0,1245,254,677
2026-07-01T11:00Z,1979,10262,0,898,-400,1704,0,702,-452,1040,704,1398,1416,241,3003,29,0,813,172,911
2026-07-01T11:30Z,1982,9901,0,892,-364,1706,0,702,-452,1040,704,1398,1418,312,3005,29,0,685,-4,1099
2026-07-01T12:00Z,2018,9661,0,710,-214,1706,0,700,-378,996,694,1398,1274,235,3006,30,0,557,-12,1353
2026-07-01T12:30Z,2017,9617,0,702,-76,1706,0,700,-228,994,692,1368,1266,233,3012,16,0,595,-12,1805
2026-07-01T13:00Z,1996,9393,0,702,-124,1706,0,700,-78,726,462,1062,1232,221,3002,0,0,583,-10,2301
2026-07-01T13:30Z,1995,9335,0,704,-68,1706,0,700,18,722,460,994,1206,189,3006,0,0,568,-10,2834
2026-07-01T14:00Z,1985,8992,0,702,0,1706,0,700,60,768,472,618,632,146,3006,0,0,656,-10,3535
2026-07-01T14:30Z,1986,8369,0,714,36,1706,0,700,60,766,464,544,600,145,3002,0,0,688,-128,4196
2026-07-01T15:00Z,2015,9045,0,986,48,1706,0,700,60,506,10,168,486,253,2999,5,0,674,-322,4798
2026-07-01T15:30Z,2016,9358,0,996,50,1706,0,706,60,464,-18,132,408,275,3004,12,0,645,-330,5655
2026-07-01T16:00Z,2016,10984,0,950,48,1710,0,840,60,-646,-634,144,-728,286,2998,12,0,1091,-112,5926
2026-07-01T16:30Z,2017,11379,0,936,50,1704,0,842,60,-742,-658,144,-830,274,2998,12,0,1120,-222,6533
2026-07-01T17:00Z,2015,11773,0,694,48,1426,0,762,60,-1028,-1036,124,-1422,302,3000,12,0,1910,178,7497
2026-07-01T17:30Z,2020,11618,0,682,48,1412,0,748,60,-1034,-1042,110,-1450,325,2999,12,0,1633,44,7760
2026-07-01T18:00Z,2021,12173,0,658,48,1494,0,522,60,-1062,-1042,-10,-1450,341,3001,12,0,1671,256,8284
2026-07-01T18:30Z,2024,12209,0,654,46,1498,0,518,60,-1062,-1042,-26,-1450,357,3002,13,0,1546,100,8658
2026-07-01T19:00Z,2021,12163,0,586,46,1052,0,662,60,-998,-1042,-68,-1450,352,3000,61,0,1364,266,8884
2026-07-01T19:30Z,2019,12410,0,576,46,1032,0,674,60,-998,-1042,-102,-1448,363,3005,59,0,1168,-392,9092
2026-07-01T20:00Z,2023,12281,0,414,46,1110,0,782,60,-1036,-1042,-416,-1448,315,3003,49,0,1121,-150,8949
2026-07-01T20:30Z,2023,12250,0,414,46,1116,0,770,60,-1036,-1044,-486,-1448,299,2997,17,0,1105,-112,8638
2026-07-01T21:00Z,2019,11789,0,530,48,1194,0,402,60,-1050,-1042,-872,-1448,289,2998,0,0,1050,-262,8676
2026-07-01T21:30Z,2014,11009,0,546,50,1220,0,390,60,-1052,-1044,-878,-1448,289,3007,0,0,476,-448,9265
2026-07-01T22:00Z,1752,8111,0,768,50,1918,0,520,60,-1060,-1022,-546,-1448,257,3007,0,0,392,-566,10342
2026-07-01T22:30Z,1246,6578,0,780,50,1948,0,526,60,-1062,-1022,-550,-1448,298,3003,0,0,413,-560,11332
2026-07-01T23:00Z,1043,5700,0,832,50,1612,0,492,60,-1056,-1022,-938,-1448,265,3002,0,0,875,-388,12210
2026-07-01T23:30Z,1044,5419,0,824,50,1576,0,480,60,-1058,-1022,-1016,-1448,250,3002,0,0,368,-566,13154
2026-07-02T00:00Z,1041,5053,0,600,50,1042,0,246,48,-1054,-1022,-1410,-1448,230,3003,0,0,392,-566,13764
2026-07-02T00:30Z,1041,4826,0,576,16,998,0,232,-28,-1054,-1022,-1452,-1448,228,2998,0,0,398,-502,13858
2026-07-02T01:00Z,1041,4868,0,292,-70,626,0,164,-168,-1052,-1022,-1454,-1448,227,2997,0,0,292,-734,13941
2026-07-02T01:30Z,1044,4566,0,276,-220,604,0,160,-314,-1052,-1022,-1454,-1448,212,3000,0,0,277,-634,14221
2026-07-02T02:00Z,1046,4212,0,194,-338,604,0,164,-352,-1052,-1022,-1454,-1448,210,2992,0,0,503,-784,14567
2026-07-02T02:30Z,1043,4253,0,168,-484,580,0,140,-352,-1052,-1022,-1454,-1448,197,2993,0,0,621,-732,14290
2026-07-02T03:00Z,1043,4729,0,-310,-532,-210,0,-366,-352,-1052,-1022,-1454,-1448,185,2994,0,0,782,-848,14592
2026-07-02T03:30Z,1047,4898,0,-328,-532,-288,0,-406,-352,-1052,-1022,-1436,-1446,181,2994,0,0,1070,-942,14597
2026-07-02T04:00Z,1179,5446,0,-268,-532,-874,0,-756,-352,-1022,-1022,-1258,-1372,179,2999,0,0,741,-792,14525
2026-07-02T04:30Z,1334,5513,0,-256,-532,-920,0,-756,-352,-1016,-1022,-1240,-1356,192,3003,35,0,490,-534,14243
2026-07-02T05:00Z,1302,5530,0,-62,-532,-462,0,-358,-418,-606,-1022,-1240,-1078,186,3002,49,0,808,-344,14275
2026-07-02T05:30Z,1220,5684,0,-28,-532,-398,0,-308,-452,-582,-1022,-1240,-1064,199,2999,49,0,1017,82,14469
2026-07-02T06:00Z,1055,5533,0,494,-532,798,0,404,-452,-156,-1022,-1240,-1002,195,3003,49,0,1028,-264,14108
2026-07-02T06:30Z,1045,5101,0,532,-532,934,0,448,-452,-146,-1020,-1240,-984,169,3005,44,0,1240,-298,14186
2026-07-02T07:00Z,1045,4582,0,888,-532,1410,0,670,-452,-160,-862,-1240,-628,167,3005,0,0,990,-546,14300
2026-07-02T07:30Z,1043,4234,0,902,-532,1512,0,690,-452,-160,-862,-1240,-604,135,3005,0,0,757,-696,14232
2026-07-02T08:00Z,965,3637,0,892,-532,1510,0,894,-452,-266,-736,-1240,-430,98,3007,0,0,589,-1162,14364
2026-07-02T08:30Z,696,3641,0,884,-532,1510,0,898,-452,-276,-738,-1240,-454,100,3007,0,0,562,-1152,14456
2026-07-02T09:00Z,702,3930,0,764,-532,1512,0,788,-452,-768,-1014,-1240,-1212,101,3008,0,0,570,-896,14349
2026-07-02T09:30Z,699,3915,0,748,-532,1496,0,758,-452,-782,-1018,-1240,-1248,119,3012,0,0,639,-1000,14075
2026-07-02T10:00Z,699,3381,0,480,-532,976,0,170,-452,-902,-1022,-1240,-1250,115,3016,0,0,1115,-830,13818
2026-07-02T10:30Z,697,3189,0,470,-532,940,0,140,-452,-904,-1022,-1240,-1250,129,3007,0,0,1230,-772,13381
2026-07-02T11:00Z,696,3526,0,504,-532,656,0,66,-452,-890,-1022,-1240,-1238,118,3007,0,0,822,-446,13196
2026-07-02T11:30Z,698,3879,0,502,-532,642,0,66,-452,-890,-1022,-1240,-1218,102,3010,0,0,680,-760,13210
2026-07-02T12:00Z,696,3766,0,410,-532,626,0,104,-452,-780,-1020,-1240,-792,115,3005,0,0,832,-812,12832
2026-07-02T12:30Z,617,3641,0,406,-532,626,0,112,-452,-774,-1016,-1210,-786,116,3006,0,0,911,-504,12481
2026-07-02T13:00Z,559,3413,0,402,-532,644,0,232,-452,-408,-724,-900,-1102,116,3006,0,0,889,-758,12063
2026-07-02T13:30Z,559,3145,0,400,-532,672,0,250,-452,-376,-718,-830,-1058,117,3002,0,0,988,-756,11777
2026-07-02T14:00Z,561,2812,0,352,-532,1416,0,552,-452,100,-502,-444,2,127,3011,0,0,547,-854,11440
2026-07-02T14:30Z,561,2807,0,360,-532,1486,0,582,-452,104,-490,-368,94,127,3014,0,0,523,-880,11587
2026-07-02T15:00Z,560,2805,0,560,-532,820,0,972,-452,744,-10,10,800,140,3022,0,0,546,-962,11490
2026-07-02T15:30Z,577,2826,0,556,-532,800,0,968,-452,814,0,86,856,149,3001,0,0,1267,-792,10080
2026-07-02T16:00Z,672,3203,0,270,-532,1412,0,454,-452,662,0,460,1400,171,3000,0,0,1274,-416,9648
2026-07-02T16:30Z,681,3900,0,260,-532,1422,0,430,-452,638,20,534,1420,200,2998,1,0,1398,-192,9685
2026-07-02T17:00Z,871,4927,0,330,-532,642,0,462,-452,312,684,910,1266,268,2997,12,0,1768,392,9017
2026-07-02T17:30Z,1295,5417,0,342,-532,606,0,476,-452,314,686,984,1262,302,2995,51,0,1751,898,8749
2026-07-02T18:00Z,1783,6052,0,532,-532,842,0,754,-452,416,40,1358,1356,322,2997,111,0,1858,970,8169
2026-07-02T18:30Z,1995,6325,0,544,-532,860,0,772,-452,416,10,1398,1360,332,2997,143,0,1942,1068,7554
2026-07-02T19:00Z,2024,6612,0,680,-532,1200,0,850,-452,250,-460,1398,1332,330,2999,445,0,1852,1062,7033
2026-07-02T19:30Z,2035,6797,0,698,-532,1232,0,858,-452,240,-470,1398,1332,320,3000,463,0,1838,950,6790
2026-07-02T20:00Z,2036,6488,0,942,-532,1696,0,958,-452,0,-476,1398,1420,340,3004,420,0,1542,840,7103
2026-07-02T20:30Z,2036,5946,0,954,-532,1722,0,964,-452,0,-472,1398,1424,375,3004,297,0,1640,934,7288
2026-07-02T21:00Z,2037,5399,0,968,-532,1922,0,964,-452,0,-146,1398,1424,391,3009,152,0,1172,1042,7694
2026-07-02T21:30Z,2032,5063,0,970,-532,1922,0,962,-452,0,-142,1398,1424,392,3009,133,0,956,730,7707
2026-07-02T22:00Z,2030,4741,0,998,-532,1528,0,946,-452,-354,-294,1398,1428,348,3010,38,0,646,942,7486
2026-07-02T22:30Z,2030,4399,0,998,-532,1510,0,946,-452,-380,-296,1398,1426,311,3010,0,0,244,482,7905
2026-07-02T23:00Z,2034,3912,0,972,-532,1296,0,962,-452,-228,-364,1398,1426,277,3012,0,0,310,542,7887
2026-07-02T23:30Z,2034,3641,0,962,-532,1288,0,962,-452,-218,-370,1398,1426,286,3011,0,0,434,376,7877
2026-07-03T00:00Z,2033,3493,0,774,-532,1292,0,928,-452,190,-714,1398,1426,289,3012,0,0,337,524,7820
2026-07-03T00:30Z,2035,3446,0,766,-532,1290,0,924,-452,198,-720,1398,1426,282,3012,0,0,322,362,7786
2026-07-03T01:00Z,2044,3420,0,756,-532,1198,0,870,-452,198,-644,1398,1426,252,3012,0,0,242,202,7823
2026-07-03T01:30Z,2044,3357,0,762,-532,1196,0,868,-394,192,-646,1398,1426,246,3008,0,0,223,222,7720
2026-07-03T02:00Z,2041,3359,0,932,-532,1288,0,892,-372,-102,-668,1398,1426,238,3010,0,0,187,458,7214
2026-07-03T02:30Z,2045,3357,0,934,-532,1290,0,892,-372,-102,-668,1398,1426,236,3008,0,0,188,128,7065
2026-07-03T03:00Z,2047,3365,0,798,-528,1038,0,822,-372,190,-692,1398,1426,219,3007,0,0,258,264,6860
2026-07-03T03:30Z,2047,3363,0,800,-522,1032,0,822,-372,192,-692,1398,1426,208,3008,0,0,249,322,6537
2026-07-03T04:00Z,2045,3487,0,990,-510,1284,0,888,-392,-324,-772,1398,1426,225,3007,0,0,393,316,6297
2026-07-03T04:30Z,2040,3571,0,994,-500,1296,0,890,-452,-326,-746,1398,1426,226,3007,0,0,460,226,6251
2026-07-03T05:00Z,2044,3527,0,876,-532,1378,0,844,-452,610,8,1398,1426,250,3003,0,0,529,262,6071
2026-07-03T05:30Z,2036,3447,0,878,-532,1384,0,848,-452,714,56,1398,1426,251,3003,0,0,864,102,6139
2026-07-03T06:00Z,2037,3371,0,994,-532,1502,0,984,-452,1046,720,1398,1426,248,2998,0,0,1126,158,6041
2026-07-03T06:30Z,2036,3215,0,998,-532,1506,0,992,-452,1046,744,1398,1426,253,3001,0,0,1652,124,5843
2026-07-03T07:00Z,2033,2923,0,998,-532,1506,0,992,-452,1046,994,1398,1426,270,2997,0,0,1903,102,5820
2026-07-03T07:30Z,2028,2769,0,998,-532,1506,0,992,-452,1048,998,1398,1426,265,3000,0,0,1717,136,5396
2026-07-03T08:00Z,1972,2537,0,998,-532,1506,0,992,-452,1046,996,1398,1426,203,3000,0,0,1564,102,5248
2026-07-03T08:30Z,1463,2750,0,998,-532,1506,0,992,-452,1048,996,1398,1426,199,3001,0,0,1341,124,4913
2026-07-03T09:00Z,945,2716,0,998,-532,1506,0,992,-452,1046,996,1398,1426,294,3004,0,0,1244,156,4401
2026-07-03T09:30Z,1015,3029,0,998,-482,1506,0,992,-452,1046,996,1398,1426,368,3009,0,0,840,136,4153
2026-07-03T10:00Z,1118,2814,0,998,-528,1506,0,992,-452,1048,996,1398,1426,338,3013,0,0,779,102,4231
2026-07-03T10:30Z,1129,2579,0,998,-532,1506,0,992,-414,1048,996,1398,1426,259,3010,0,0,610,84,4200
2026-07-03T11:00Z,1076,2599,0,998,-532,1506,0,992,-450,1050,996,1398,1426,156,3005,0,0,779,-52,4279
2026-07-03T11:30Z,1046,2648,0,998,-532,1504,0,992,-406,1050,996,1398,1426,148,3011,0,0,689,-612,4277
2026-07-03T12:00Z,945,2712,0,998,-532,1506,0,992,-452,1046,996,1398,1426,139,3006,0,0,863,-708,4194
2026-07-03T12:30Z,942,2606,0,998,-532,1506,0,992,-426,1044,996,1398,1426,183,3009,0,0,810,-880,4311
2026-07-03T13:00Z,942,2603,0,998,-532,1506,0,992,-380,1040,996,1398,1426,356,3007,0,0,776,-872,4249
2026-07-03T13:30Z,942,2610,0,998,-532,1506,0,992,-392,1042,996,1398,1426,366,3011,0,0,1141,-808,3899
2026-07-03T14:00Z,947,2724,0,998,-510,1506,0,992,-320,1042,996,1398,1426,400,3013,0,0,1219,-872,3653
2026-07-03T14:30Z,947,2895,0,998,-378,1506,0,992,-298,1044,996,1398,1426,410,3009,1,0,1177,-642,3752
2026-07-03T15:00Z,1045,3002,0,998,-226,1506,0,992,-228,1044,996,1398,1426,330,3014,5,0,980,-168,4108
2026-07-03T15:30Z,1567,3234,0,998,-74,1506,0,992,-78,1044,996,1398,1426,222,3012,10,0,848,88,4260
2026-07-03T16:00Z,1900,3260,0,998,26,1506,0,992,46,1038,996,1398,1426,357,3006,9,0,956,232,4749
2026-07-03T16:30Z,1901,4040,0,998,0,1506,0,992,60,1038,994,1398,1426,395,3005,9,0,1120,342,5112
2026-07-03T17:00Z,2003,5083,0,998,0,1506,0,992,60,1038,804,1398,1426,403,3001,10,0,993,264,5478
2026-07-03T17:30Z,2002,5747,0,998,0,1506,0,990,60,1018,762,1398,1426,410,3005,11,0,815,292,5812
2026-07-03T18:00Z,1984,6481,0,986,0,1508,0,964,60,348,-148,1398,1426,462,3001,11,0,1614,870,6426
2026-07-03T18:30Z,1976,6689,0,986,0,1508,0,964,60,324,-194,1398,1426,463,3002,11,0,1444,890,6619
2026-07-03T19:00Z,1977,6646,0,998,0,1510,0,990,60,262,-520,1398,1426,463,3004,11,0,1668,890,6473
2026-07-03T19:30Z,1975,6540,0,994,0,1510,0,990,60,250,-526,1398,1426,464,3007,11,0,1233,888,6455
2026-07-03T20:00Z,1971,6481,0,920,0,1546,0,964,60,-192,-468,1398,1426,452,3008,11,0,1196,904,6592
2026-07-03T20:30Z,1980,6533,0,918,0,1546,0,962,60,-192,-468,1398,1426,450,3005,11,0,964,906,6745
2026-07-03T21:00Z,1981,6345,0,938,0,1510,0,912,60,0,-406,1398,1426,430,3007,6,0,533,620,7105
2026-07-03T21:30Z,1987,5932,0,942,0,1518,0,912,58,0,-406,1398,1420,427,3001,1,0,326,540,7024
2026-07-03T22:00Z,1811,5375,0,994,-70,1950,0,942,12,-364,-252,1398,1318,423,3004,0,0,437,202,6797
2026-07-03T22:30Z,1346,4768,0,998,-220,1972,0,946,-48,-390,-242,1398,1312,421,2916,0,0,1090,60,6470
2026-07-03T23:00Z,1254,4588,0,998,-364,2006,0,990,-198,-248,212,1398,1326,420,2679,0,0,836,104,6351
2026-07-03T23:30Z,1007,4482,0,998,-300,2008,0,992,-320,-238,222,1398,1320,421,2645,0,0,548,-12,6766
2026-07-04T00:00Z,947,4160,0,998,-218,2008,0,992,-330,112,110,1398,1166,408,2646,0,0,318,-12,7194
2026-07-04T00:30Z,945,3708,0,998,-222,2008,0,992,-330,114,104,1398,1154,415,2646,0,0,258,-12,7597
2026-07-04T01:00Z,947,3478,0,998,-370,2008,0,992,-330,-160,-278,1398,1012,382,2648,0,0,221,-12,8264
2026-07-04T01:30Z,948,3029,0,998,-406,2008,0,992,-330,-178,-290,1360,998,386,2645,0,0,215,-12,8560
2026-07-04T02:00Z,946,2921,0,998,-518,2010,0,992,-304,-748,-624,986,788,365,2648,0,0,516,108,8490
2026-07-04T02:30Z,945,2896,0,998,-532,2010,0,992,-300,-768,-636,910,770,362,2715,0,0,319,62,9070
2026-07-04T03:00Z,946,2897,0,998,-532,2010,0,992,-300,-1048,-1016,536,626,337,2835,0,0,397,-86,9600
2026-07-04T03:30Z,948,2878,0,996,-532,2004,0,982,-300,-1052,-1022,462,596,317,2930,0,0,273,-340,10454
2026-07-04T04:00Z,946,2885,0,960,-506,1726,0,768,-300,-1052,-1022,88,80,316,2990,0,0,439,-446,11148
2026-07-04T04:30Z,947,2901,0,960,-466,1718,0,766,-300,-1052,-1022,16,72,313,3017,0,0,309,-656,11232
2026-07-04T05:00Z,947,3043,0,996,-486,1996,0,982,-326,-1042,-1022,-326,434,299,3011,0,0,835,-922,10922
2026-07-04T05:30Z,927,2951,0,986,-480,2004,0,992,-330,-1038,-1006,-358,462,271,3022,0,0,786,-1192,10777
2026-07-04T06:00Z,913,2994,0,716,-532,1724,0,992,-330,-638,-418,-326,718,172,3019,0,0,732,-1188,10820
2026-07-04T06:30Z,852,2554,0,708,-532,1712,0,988,-402,-626,-394,-334,734,141,3013,0,0,914,-1184,11209
2026-07-04T07:00Z,779,2432,0,774,-532,1708,0,922,-452,-272,66,-462,834,73,3013,0,0,799,-1180,10994
2026-07-04T07:30Z,763,2318,0,782,-532,1706,0,904,-452,-254,84,-514,814,69,3012,0,0,657,-1172,11122
2026-07-04T08:00Z,763,2316,0,878,-532,1508,0,588,-452,336,550,-900,244,60,3010,0,0,656,-1160,11527
2026-07-04T08:30Z,762,2318,0,884,-532,1500,0,576,-452,358,560,-964,194,57,3013,0,0,524,-1164,11832
2026-07-04T09:00Z,762,2319,0,918,-532,1552,0,650,-452,298,660,-1214,-368,57,3009,0,0,877,-1156,11725
2026-07-04T09:30Z,763,2318,0,910,-532,1550,0,646,-452,298,646,-1222,-380,57,3008,0,0,882,-1012,11534
2026-07-04T10:00Z,777,2732,0,714,-532,1288,0,482,-452,300,112,-1036,-94,57,3012,0,0,1014,-584,11290
2026-07-04T10:30Z,759,2810,0,704,-532,1276,0,472,-452,300,100,-1034,-72,56,3014,0,0,801,-1058,11790
2026-07-04T11:00Z,759,2542,0,626,-532,1280,0,388,-452,360,350,-1220,72,56,3013,0,0,537,-1160,12320
2026-07-04T11:30Z,759,2319,0,632,-532,1280,0,384,-452,362,352,-1240,62,55,3011,0,0,463,-1102,12615
2026-07-04T12:00Z,751,2319,0,840,-532,1220,0,398,-452,530,336,-1240,-394,58,3012,0,0,287,-1148,12523
2026-07-04T12:30Z,754,2349,0,834,-532,1200,0,386,-452,528,330,-1240,-428,102,3007,0,0,250,-1138,12435
2026-07-04T13:00Z,756,2387,0,524,-532,530,0,68,-398,170,-72,-1240,-690,103,3002,0,0,549,-1124,12510
2026-07-04T13:30Z,756,2410,0,518,-532,498,0,56,-428,158,-84,-1240,-726,103,3006,0,0,595,-1132,12881
2026-07-04T14:00Z,757,2747,0,644,-532,770,0,104,-398,-520,-436,-1240,-1284,103,3003,0,0,860,-758,12750
2026-07-04T14:30Z,757,2965,0,662,-532,800,0,126,-322,-576,-440,-1208,-1276,106,3003,0,0,1020,-842,12549
2026-07-04T15:00Z,783,2672,0,958,-532,1566,0,568,-358,-328,-202,-900,-508,125,3006,0,0,528,-1120,12386
2026-07-04T15:30Z,820,2600,0,972,-458,1620,0,604,-244,-324,-198,-830,-448,128,3000,0,0,635,-1042,12429
2026-07-04T16:00Z,833,2401,0,996,-308,1986,0,974,-104,-342,-64,-444,114,149,2997,0,0,569,-988,12374
2026-07-04T16:30Z,900,2378,0,998,-252,2008,0,992,-2,-346,-72,-368,150,164,3000,0,0,757,-702,12261
2026-07-04T17:00Z,939,2538,0,998,-252,2008,0,992,0,-610,-522,12,330,308,3001,0,0,1035,-74,11999
2026-07-04T17:30Z,995,2646,0,998,-252,2008,0,992,0,-612,-532,86,376,333,2999,0,0,1259,28,11580
2026-07-04T18:00Z,1064,2580,0,998,-252,2008,0,992,0,-762,-516,460,1200,390,2994,0,0,1790,290,11225
2026-07-04T18:30Z,1363,2689,0,998,-252,2008,0,992,0,-764,-518,534,1238,385,3002,0,0,1363,400,10742
2026-07-04T19:00Z,1504,2630,0,998,-252,2010,0,992,0,-704,-670,910,1230,395,2993,0,0,1795,738,10441
2026-07-04T19:30Z,1342,2857,0,996,-276,2008,0,992,0,-700,-672,984,1226,402,2996,0,0,2034,748,10173
2026-07-04T20:00Z,1340,2771,0,970,-390,1906,0,992,0,-442,-606,1358,1132,395,3001,0,0,1439,642,9897
2026-07-04T20:30Z,1326,2828,0,970,-480,1904,0,990,-74,-408,-604,1398,1128,378,2993,0,0,1675,608,9707
2026-07-04T21:00Z,1331,2817,0,996,-532,1976,0,964,-226,0,-400,1398,1128,382,3001,0,0,894,616,9869
2026-07-04T21:30Z,1332,2590,0,990,-532,1970,0,960,-378,0,-410,1362,1122,383,3002,0,0,651,600,10171
2026-07-04T22:00Z,1333,3059,0,828,-532,1658,0,876,-452,-560,-916,1004,1092,384,2996,0,0,865,606,10571
2026-07-04T22:30Z,1327,3182,0,818,-532,1640,0,870,-452,-614,-924,988,1090,384,3004,0,0,406,316,11322
2026-07-04T23:00Z,1140,3213,0,780,-532,1610,0,824,-386,-124,-590,1200,1076,367,3007,0,0,252,162,11204
2026-07-04T23:30Z,1041,3114,0,784,-532,1620,0,828,-352,-124,-594,1226,1074,359,3002,0,0,342,162,10764
2026-07-05T00:00Z,1042,3078,0,952,-532,1988,0,986,-352,-720,-1014,1258,1040,302,3010,0,0,226,160,10509
2026-07-05T00:30Z,1042,3005,0,960,-532,2006,0,990,-352,-744,-1022,1266,1038,303,3008,0,0,225,186,10162
2026-07-05T01:00Z,1043,3008,0,988,-532,1728,0,952,-352,-218,-952,1324,1018,286,3009,0,0,299,-120,10042
2026-07-05T01:30Z,1045,3007,0,990,-532,1716,0,952,-352,-204,-950,1314,1022,284,3005,0,0,228,-600,10069
2026-07-05T02:00Z,1045,3008,0,998,-532,1884,0,990,-352,-212,-770,1150,1112,254,2997,0,0,378,-602,9351
2026-07-05T02:30Z,1044,3008,0,998,-532,1896,0,992,-352,-224,-768,1154,1114,250,2995,0,0,538,-596,8812
2026-07-05T03:00Z,1042,3008,0,998,-532,1956,0,992,-352,-732,-812,1368,1044,235,2998,0,0,727,-594,8387
2026-07-05T03:30Z,1044,3008,0,998,-532,1960,0,990,-352,-740,-814,1390,1042,229,2998,0,0,549,-488,7816
2026-07-05T04:00Z,1045,3006,0,998,-532,1976,0,976,-352,-362,-964,1398,1100,240,3005,0,0,586,-560,6984
2026-07-05T04:30Z,1045,3008,0,986,-532,1972,0,968,-352,-334,-930,1398,1112,245,3003,0,0,614,-726,6681
2026-07-05T05:00Z,1045,3007,0,716,-532,1720,0,810,-352,406,-64,1398,1314,245,3001,0,0,338,-496,6134
2026-07-05T05:30Z,1044,3007,0,714,-532,1708,0,808,-352,446,-8,1398,1316,236,2997,0,0,542,-596,5837
2026-07-05T06:00Z,1044,3007,0,948,-532,1708,0,918,-352,850,666,1398,1148,151,3000,0,0,454,-466,5406
2026-07-05T06:30Z,1044,3006,0,960,-532,1710,0,918,-384,864,686,1398,1140,158,3000,0,0,614,-350,4573
2026-07-05T07:00Z,1044,2908,0,958,-532,1708,0,828,-452,948,716,1398,1140,182,2996,0,0,781,-232,4491
2026-07-05T07:30Z,1044,2776,0,960,-532,1708,0,822,-452,948,716,1398,1140,183,2997,0,0,790,100,4805
2026-07-05T08:00Z,1047,2781,0,996,-532,1708,0,806,-452,926,736,1398,1140,183,2997,0,0,1374,84,4788
2026-07-05T08:30Z,1044,2685,0,994,-532,1708,0,806,-452,926,736,1398,1140,284,2995,0,0,1643,118,4454
2026-07-05T09:00Z,1049,2567,0,930,-532,1710,0,806,-452,948,784,1398,1140,321,2996,0,0,2209,130,3981
2026-07-05T09:30Z,1050,2477,0,926,-532,1710,0,802,-452,948,784,1398,1140,286,3001,0,0,1994,140,3625
2026-07-05T10:00Z,1135,2708,0,920,-532,1708,0,702,-452,832,726,1398,1140,154,3003,0,0,1663,474,3327
2026-07-05T10:30Z,1142,2834,0,912,-532,1710,0,698,-452,828,726,1398,1150,167,3002,0,0,1028,368,3488
2026-07-05T11:00Z,1042,2780,0,714,-532,1706,0,700,-452,758,722,1398,1412,162,3000,0,0,859,496,3769
2026-07-05T11:30Z,1043,2757,0,706,-532,1706,0,700,-452,756,722,1398,1426,176,3003,0,0,719,124,4483
2026-07-05T12:00Z,1040,2532,0,706,-532,1708,0,700,-452,756,724,1398,1426,182,3001,0,0,628,6,4844
2026-07-05T12:30Z,1040,2339,0,706,-532,1708,0,700,-452,756,724,1398,1426,181,3003,0,0,652,-146,5133
2026-07-05T13:00Z,1039,2348,0,704,-532,1706,0,700,-452,756,704,1398,1426,166,3002,0,0,632,-784,5542
2026-07-05T13:30Z,1039,2407,0,704,-532,1706,0,700,-452,756,704,1398,1426,170,3003,0,0,622,-640,5929
2026-07-05T14:00Z,1041,2463,0,706,-532,1706,0,702,-452,750,704,1398,1426,180,3004,0,0,639,-424,6033
2026-07-05T14:30Z,1143,2608,0,714,-532,1708,0,714,-452,768,704,1398,1426,183,3003,0,0,687,-198,5428
2026-07-05T15:00Z,1222,3186,0,896,-470,1796,0,980,-452,1044,704,1398,1426,197,3002,0,0,474,-290,4640
2026-07-05T15:30Z,1247,3554,0,908,-320,1798,0,992,-418,1044,704,1398,1426,231,2999,0,0,666,-146,4832
2026-07-05T16:00Z,1245,4231,0,992,-168,1710,0,992,-310,1044,706,1398,1426,302,3002,0,0,616,256,5297
2026-07-05T16:30Z,1290,4856,0,996,-54,1712,0,992,-316,1044,706,1398,1426,307,2997,1,0,781,622,5512
2026-07-05T17:00Z,1625,4915,0,996,-138,1992,0,992,-252,1044,636,1398,1426,404,2998,5,0,948,544,5778
2026-07-05T17:30Z,1956,5576,0,996,-234,2006,0,992,-252,1044,638,1398,1426,428,2997,6,0,993,672,5875
2026-07-05T18:00Z,2010,5905,0,996,-270,2006,0,992,-252,1030,606,1398,1426,479,2998,6,0,1146,672,5973
2026-07-05T18:30Z,2003,6075,0,996,-400,2006,0,992,-252,1010,574,1398,1424,495,3000,6,0,1160,674,5934
2026-07-05T19:00Z,2002,6055,0,996,-326,2008,0,974,-252,350,-248,1398,1398,487,3002,6,0,1654,896,5766
2026-07-05T19:30Z,1991,6058,0,996,-336,2006,0,970,-250,310,-290,1398,1394,484,2991,6,0,1560,972,5591
2026-07-05T20:00Z,2001,7003,0,966,-458,1922,0,898,-154,0,-734,1398,1374,483,2991,1,0,1967,932,5713
2026-07-05T20:30Z,2013,6998,0,960,-494,1916,0,888,-116,0,-744,1398,1370,472,2995,0,0,1339,898,5976
2026-07-05T21:00Z,2011,7280,0,840,-532,1790,0,774,-180,-374,-588,1398,1310,461,3002,0,0,937,444,6510
2026-07-05T21:30Z,2011,6645,0,826,-532,1786,0,764,-332,-410,-592,1398,1276,459,3002,0,0,500,150,7355
2026-07-05T22:00Z,2012,6203,0,628,-458,1856,0,674,-332,-848,-948,1398,516,405,2998,0,0,951,2,8155
2026-07-05T22:30Z,2012,5541,0,616,-308,1858,0,664,-182,-860,-952,1398,470,394,2999,0,0,613,-6,8509
2026-07-05T23:00Z,2013,5349,0,552,-156,1728,0,506,-78,-946,-946,1398,270,395,2933,0,0,749,52,8354
2026-07-05T23:30Z,2031,5060,0,566,-46,1726,0,516,-76,-948,-946,1396,252,396,2879,0,0,523,-16,8146
2026-07-06T00:00Z,2015,4025,0,896,-162,1820,0,892,-76,-1024,-1006,1388,86,387,2877,0,0,483,-16,8462
2026-07-06T00:30Z,2011,4080,0,914,-250,1828,0,912,-76,-1024,-1006,1352,66,363,2892,0,0,531,-14,8623
2026-07-06T01:00Z,2017,4004,0,994,-332,1976,0,988,-76,-1030,-1012,976,-240,362,2940,0,0,399,-14,8709
2026-07-06T01:30Z,2013,3947,0,998,-368,1986,0,992,-76,-1030,-1012,916,-268,350,2976,0,0,294,-66,8821
2026-07-06T02:00Z,2012,3838,0,986,-420,2002,0,982,-76,-1020,-1020,688,-602,350,3003,0,0,404,-334,9270
2026-07-06T02:30Z,1986,3383,0,982,-348,1990,0,980,-76,-1020,-1020,662,-630,345,3008,0,0,339,-446,9952
2026-07-06T03:00Z,1972,3309,0,892,-224,1626,0,920,-76,-1032,-1022,630,-920,313,3001,0,0,315,-252,9972
2026-07-06T03:30Z,2013,3177,0,880,-178,1592,0,892,-90,-1032,-1022,612,-938,313,3006,0,0,236,-444,10153
2026-07-06T04:00Z,2026,3627,0,724,-88,1242,0,308,-220,-1032,-1022,458,-1072,296,3005,0,0,631,-442,9980
2026-07-06T04:30Z,2021,3658,0,728,-122,1242,0,304,-328,-1032,-1022,480,-1054,294,3002,0,0,804,-422,9835
2026-07-06T05:00Z,2021,3246,0,962,-274,1940,0,840,-332,-892,-940,854,-546,317,3006,0,0,466,-446,10273
2026-07-06T05:30Z,2015,3202,0,972,-412,1980,0,870,-332,-766,-926,912,-500,311,3005,0,0,948,-394,10444
2026-07-06T06:00Z,2030,2962,0,972,-404,2006,0,986,-332,0,-354,1100,-20,328,3005,0,0,502,-444,10220
2026-07-06T06:30Z,2029,2743,0,972,-516,2006,0,992,-332,0,-340,1106,32,316,3006,0,0,1022,-450,10510
2026-07-06T07:00Z,1734,2749,0,996,-532,2008,0,992,-332,116,-430,960,744,290,3005,0,0,793,-430,10558
2026-07-06T07:30Z,1201,2514,0,998,-532,2008,0,992,-378,124,-430,924,778,352,3001,0,0,791,-294,10693
2026-07-06T08:00Z,910,2385,0,998,-532,2008,0,992,-452,492,-276,710,828,325,3001,0,0,838,-296,10650
2026-07-06T08:30Z,741,2375,0,994,-532,2006,0,986,-454,506,-238,690,648,255,3001,0,0,693,-230,10699
2026-07-06T09:00Z,714,2479,0,926,-532,1934,0,852,-454,948,622,690,-1038,166,3012,0,0,985,-826,10677
2026-07-06T09:30Z,708,2380,0,914,-532,1928,0,840,-454,958,658,688,-1152,147,2999,0,0,1144,-838,10439
2026-07-06T10:00Z,706,2375,0,714,-532,1718,0,706,-454,852,690,688,74,143,2998,0,0,1012,-1010,9965
2026-07-06T10:30Z,703,2375,0,718,-532,1712,0,708,-454,848,690,370,148,142,2994,0,0,1190,-852,9576
2026-07-06T11:00Z,701,2375,0,980,-532,1938,0,900,-454,584,772,398,4,111,3002,0,0,1266,-998,9501
2026-07-06T11:30Z,702,2357,0,990,-532,1944,0,908,-454,584,772,426,18,117,2999,0,0,1217,-1266,9576
2026-07-06T12:00Z,702,2210,0,944,-532,1708,0,918,-454,876,708,562,482,120,3001,0,0,985,-1216,9618
2026-07-06T12:30Z,701,2228,0,938,-532,1694,0,910,-454,870,708,576,498,117,3003,0,0,749,-1162,9712
2026-07-06T13:00Z,700,2391,0,852,-532,1472,0,738,-454,354,794,580,310,110,3007,0,0,1162,-1258,9823
2026-07-06T13:30Z,702,2382,0,848,-532,1458,0,736,-454,356,794,578,302,111,3007,0,0,1304,-1120,9775
2026-07-06T14:00Z,705,2385,0,830,-532,1292,0,868,-454,958,636,538,322,121,3006,0,0,1224,-956,9732
2026-07-06T14:30Z,705,2430,0,836,-532,1300,0,880,-454,978,634,536,354,122,3008,0,0,1339,-1008,10254
2026-07-06T15:00Z,708,2700,0,990,-532,1968,-4,982,-454,1044,688,560,1060,164,3001,0,0,827,-810,10403
2026-07-06T15:30Z,748,3065,0,996,-530,2006,0,988,-454,1044,674,600,1098,192,3000,6,0,1138,-342,10140
2026-07-06T16:00Z,1135,3695,0,990,-470,2006,0,984,-454,946,136,972,1230,275,3003,8,0,1269,-156,10115
2026-07-06T16:30Z,1740,4251,0,982,-528,1990,0,982,-454,946,112,1042,1242,291,2999,8,0,872,-60,10677
2026-07-06T17:00Z,2014,5685,0,790,-532,1364,0,954,-454,1044,-374,1364,1396,407,3002,8,0,987,-126,10571
2026-07-06T17:30Z,2023,6596,0,776,-532,1324,0,946,-454,1044,-390,1398,1404,425,2997,8,0,945,-10,9950
2026-07-06T18:00Z,2025,7249,0,668,-532,1156,0,792,-454,838,-714,1398,1420,458,3002,8,0,1610,78,9609
2026-07-06T18:30Z,2026,7463,0,666,-532,1150,0,782,-454,830,-718,1398,1424,454,3000,3,0,1771,370,9401
2026-07-06T19:00Z,2024,7463,0,740,-532,1370,0,716,-454,484,-866,1398,1426,469,3003,0,0,1448,398,9698
2026-07-06T19:30Z,2028,7603,0,740,-532,1378,0,704,-454,478,-866,1398,1426,461,2996,7,0,1697,454,9346
2026-07-06T20:00Z,2030,7896,0,642,-532,1262,0,490,-454,574,-796,1398,1426,445,3002,54,0,1561,508,8704
2026-07-06T20:30Z,2030,7917,0,638,-532,1256,0,478,-454,562,-794,1398,1426,396,3000,55,0,1273,470,8389
2026-07-06T21:00Z,2029,7799,0,672,-532,1356,0,436,-454,116,-572,1398,1426,375,3001,55,0,761,734,8186
2026-07-06T21:30Z,2030,7458,0,668,-532,1362,0,434,-454,108,-572,1398,1426,374,2998,6,0,456,530,8110
2026-07-06T22:00Z,2028,7108,0,550,-532,1470,0,436,-380,-538,-852,1398,1426,347,3000,0,0,446,426,7893
2026-07-06T22:30Z,2014,6665,0,552,-532,1478,0,446,-228,-600,-850,1398,1422,346,3002,0,0,378,188,7963
2026-07-06T23:00Z,2013,5857,0,714,-532,1632,0,664,-110,-440,-534,1398,1280,330,2997,0,0,381,128,8161
2026-07-06T23:30Z,2028,5336,0,728,-522,1642,0,684,-102,-442,-532,1390,1278,328,2996,0,0,367,130,8256
2026-07-07T00:00Z,2027,4764,0,856,-532,1846,0,882,-102,-746,-762,1312,1402,328,3002,0,0,254,130,7952
2026-07-07T00:30Z,2029,4091,0,868,-532,1856,0,896,-102,-752,-766,1268,1408,329,3000,0,0,277,132,8001
2026-07-07T01:00Z,2032,4015,0,992,-532,1994,0,980,-102,-800,-968,894,1408,320,2998,0,0,274,132,7863
2026-07-07T01:30Z,2034,4090,0,996,-532,2000,0,984,-102,-802,-970,818,1408,273,3004,0,0,344,132,8148
2026-07-07T02:00Z,1890,3792,0,972,-532,2010,0,990,-102,-930,-970,444,1422,271,3004,0,0,198,132,8790
2026-07-07T02:30Z,1741,3644,0,968,-532,2006,0,986,-102,-932,-970,436,1422,264,3009,0,0,210,132,8766
2026-07-07T03:00Z,1739,3635,0,858,-532,1778,0,852,-102,-906,-960,742,1422,264,3004,0,0,182,158,8769
2026-07-07T03:30Z,1792,3405,0,836,-532,1758,0,830,-102,-908,-960,808,1420,256,3007,0,0,204,114,8887
2026-07-07T04:00Z,1988,3417,0,490,-532,1414,0,478,-176,-1030,-1016,1184,1366,239,3011,0,0,202,110,8781
2026-07-07T04:30Z,2035,3559,0,486,-504,1404,0,476,-310,-1024,-1016,1236,1364,240,3005,0,0,438,106,8136
2026-07-07T05:00Z,2035,3819,0,734,-532,1856,0,786,-332,-610,-894,1382,1414,256,3000,0,0,331,-10,8081
2026-07-07T05:30Z,2034,3629,0,756,-532,1882,0,808,-332,-546,-852,1398,1394,257,2978,0,0,1162,-16,8277
2026-07-07T06:00Z,2033,3417,0,988,-532,2002,0,984,-380,684,84,1398,826,257,2973,0,0,1234,134,7807
2026-07-07T06:30Z,2030,3098,0,998,-532,2008,0,992,-454,808,146,1398,800,258,2980,0,0,1638,12,7889
2026-07-07T07:00Z,2026,2855,0,998,-532,2004,0,992,-454,1034,762,1398,800,274,2975,0,0,1389,104,7765
2026-07-07T07:30Z,2014,2747,0,996,-532,2004,0,992,-454,1034,780,1398,800,287,2974,0,0,1402,106,7482
2026-07-07T08:00Z,1957,2587,0,998,-532,2006,0,992,-454,1048,724,1398,800,286,2978,0,0,1132,106,7596
2026-07-07T08:30Z,1764,2552,0,996,-532,2006,0,992,-454,1048,724,1398,800,290,2972,0,0,772,-16,7885
2026-07-07T09:00Z,1509,2465,0,948,-532,1766,0,992,-454,1046,724,1398,800,285,2971,0,0,625,-38,8010
2026-07-07T09:30Z,960,1526,0,946,-530,1754,0,984,-454,1042,720,1424,810,197,1983,0,0,415,-230,5135
2026-07-07T10:00Z,0,0,0,924,-508,1744,0,820,-452,752,506,1776,1024,0,0,0,0,0,0,0
2026-07-07T10:30Z,0,0,0,896,-480,1730,0,742,-452,742,504,1826,1224,0,0,0,0,0,0,0
2026-07-07T11:00Z,1390,2114,0,768,-450,1716,0,852,-452,972,466,1942,1528,294,2981,0,0,657,-408,7459
2026-07-07T11:30Z,1268,2121,0,874,-428,1708,0,724,-448,1020,724,1398,1428,227,2963,0,0,632,2,6271
2026-07-07T12:00Z,1390,2044,0,900,-336,1708,0,702,-454,1018,724,1398,1428,213,2966,0,0,503,-24,6344
2026-07-07T12:30Z,1470,2073,0,902,-272,1708,0,702,-454,1018,724,1398,1428,212,2970,0,0,601,-82,6326
2026-07-07T13:00Z,1386,2140,0,898,-264,1708,0,702,-454,1018,704,1398,1428,212,2966,0,0,648,-2,6069
2026-07-07T13:30Z,1440,2180,0,890,-114,1712,0,714,-454,1018,704,1398,1428,227,2979,0,0,641,-40,5968
2026-07-07T14:00Z,1587,2338,0,712,-20,1990,0,976,-446,1018,702,1398,1428,240,2962,0,0,475,-146,5820
2026-07-07T14:30Z,1590,2913,0,702,-148,2006,0,992,-452,1018,702,1398,1428,231,2961,0,0,603,106,5391
2026-07-07T15:00Z,1879,3756,0,704,-138,2004,0,992,-454,1040,704,1398,1428,224,2963,2,0,745,-20,5141
2026-07-07T15:30Z,1998,5094,0,718,-240,2004,0,992,-454,1040,704,1398,1428,267,2959,8,0,1133,94,4983
2026-07-07T16:00Z,2006,7109,0,984,-240,2004,0,992,-444,944,702,1398,1426,381,2964,8,0,871,208,4751
2026-07-07T16:30Z,2029,8582,0,996,-384,2004,0,988,-452,942,700,1398,1424,396,2964,8,0,720,150,4464
2026-07-07T17:00Z,1960,9894,0,996,-514,2004,0,906,-454,910,528,1398,1424,517,2979,8,0,1306,150,4059
2026-07-07T17:30Z,1967,11066,0,998,-532,2006,0,906,-454,908,516,1398,1424,456,3003,8,0,1435,302,4074
2026-07-07T18:00Z,2023,11882,0,998,-532,2008,0,988,-454,666,12,1398,1424,490,2999,8,0,2096,804,3999
2026-07-07T18:30Z,2029,12299,0,998,-532,2008,0,992,-454,658,-2,1398,1424,462,3005,47,0,1806,380,3932
2026-07-07T19:00Z,2028,12546,0,998,-532,2006,0,992,-454,366,-178,1398,1424,484,3000,94,0,2017,596,3654
2026-07-07T19:30Z,2028,12659,0,996,-532,2006,0,992,-454,364,-178,1398,1424,493,3005,131,0,1910,364,3360
2026-07-07T20:00Z,2028,12512,0,966,-532,2006,0,992,-454,540,-30,1398,1424,453,2993,110,0,1574,378,3633
2026-07-07T20:30Z,2028,12362,0,966,-532,2006,0,990,-454,544,-32,1398,1424,412,2997,57,0,1433,652,3529
2026-07-07T21:00Z,2030,12450,0,996,-532,1882,0,964,-454,550,-312,1398,1410,417,2997,10,0,1074,552,3304
2026-07-07T21:30Z,2030,12703,0,994,-532,1878,0,960,-454,504,-334,1398,1408,424,2998,1,0,622,224,3373
2026-07-07T22:00Z,2024,12813,0,920,-532,1984,0,896,-454,-478,-962,1398,1388,359,2995,0,0,521,346,3343
2026-07-07T22:30Z,2018,12611,0,920,-532,1988,0,896,-454,-528,-980,1398,1386,352,2997,0,0,336,230,3180
2026-07-07T23:00Z,2018,12387,0,992,-532,1940,0,986,-452,-518,-970,1398,1400,308,3000,0,0,188,110,3047
2026-07-07T23:30Z,2017,12126,0,996,-530,1940,0,992,-452,-518,-970,1398,1392,295,3002,0,0,166,110,3211
2026-07-08T00:00Z,2023,11774,0,998,-532,2006,0,992,-452,-552,-818,1398,1174,295,3002,0,0,160,98,3346
2026-07-08T00:30Z,2024,11266,0,998,-532,2008,0,992,-454,-558,-818,1398,1164,293,2997,0,0,270,138,3196
2026-07-08T01:00Z,2023,10871,0,998,-532,2008,0,992,-454,-850,-864,1398,1136,277,2996,0,0,242,-10,3255
2026-07-08T01:30Z,2029,10792,0,998,-532,2010,0,992,-452,-856,-864,1398,1136,275,2997,0,0,196,-10,3258
2026-07-08T02:00Z,2034,10825,0,998,-532,2010,0,992,-452,-1024,-1020,1398,1150,275,2995,0,0,289,-10,3165
2026-07-08T02:30Z,2034,10780,0,988,-532,2008,0,986,-454,-1026,-1022,1398,1156,275,3003,0,0,170,-10,3207
2026-07-08T03:00Z,2034,10785,0,780,-532,1882,0,886,-454,-1048,-1022,1398,1276,275,3000,0,0,160,-10,3382
2026-07-08T03:30Z,2034,10798,0,770,-532,1874,0,880,-454,-1050,-1022,1398,1280,275,3000,0,0,163,-10,3364
2026-07-08T04:00Z,2035,10869,0,766,-532,1780,0,830,-454,-1042,-1022,1398,1234,275,2994,0,0,385,-10,3302
2026-07-08T04:30Z,2035,10793,0,776,-532,1778,0,834,-452,-1042,-1022,1398,1238,275,2996,0,0,407,80,3104
2026-07-08T05:00Z,2030,10804,0,990,-532,1996,0,974,-452,-1008,-984,1398,1418,275,2996,0,0,740,162,2848
2026-07-08T05:30Z,2024,10839,0,998,-532,2004,0,980,-454,-850,-962,1398,1426,277,3001,0,0,1435,98,2615
2026-07-08T06:00Z,2032,10836,0,998,-532,2008,0,990,-454,324,-300,1398,1426,321,2994,0,0,1694,76,2204
2026-07-08T06:30Z,2033,10785,0,998,-532,2008,0,992,-454,346,-276,1398,1426,425,3002,0,0,1651,138,2132
2026-07-08T07:00Z,2033,10735,0,998,-532,2006,0,992,-454,466,34,1398,1426,351,3004,0,0,1307,22,2211
2026-07-08T07:30Z,2031,10628,0,998,-532,2008,0,992,-454,468,38,1398,1428,351,3007,0,0,1008,42,2095
2026-07-08T08:00Z,2020,10201,0,998,-532,2006,0,992,-454,906,26,1396,1428,482,3005,0,0,787,-16,1881
2026-07-08T08:30Z,2022,9675,0,996,-532,2006,0,992,-454,916,22,1394,1428,354,3008,0,0,729,-14,1755
2026-07-08T09:00Z,2029,9461,0,998,-532,2008,0,992,-454,778,-220,1396,1428,278,3004,0,0,443,32,1657
2026-07-08T09:30Z,2027,9068,0,994,-532,2008,0,984,-454,774,-214,1396,1428,278,3005,0,0,457,10,1699
2026-07-08T10:00Z,2028,8860,0,902,-532,2006,0,810,-454,596,236,1396,1428,260,2998,0,0,767,104,1691
2026-07-08T10:30Z,2026,8892,0,898,-532,2000,0,810,-454,598,236,1396,1428,259,3003,0,0,680,148,1665
2026-07-08T11:00Z,2027,8914,0,900,-532,1722,0,984,-454,836,-214,1396,1428,250,2994,0,0,734,416,1697
2026-07-08T11:30Z,2025,8891,0,892,-532,1708,0,992,-454,840,-194,1396,1428,247,2997,0,0,593,146,1705
2026-07-08T12:00Z,2019,8600,0,710,-532,1706,0,992,-454,1002,582,1396,1428,247,2997,0,0,632,142,1754
2026-07-08T12:30Z,2005,8456,0,702,-532,1706,0,992,-454,1004,612,1396,1428,245,2990,0,0,709,136,1806
2026-07-08T13:00Z,1986,8458,0,704,-532,1706,0,992,-454,1038,702,1396,1428,240,2993,0,0,710,274,1782
2026-07-08T13:30Z,1982,8783,0,710,-532,1706,0,992,-454,1040,702,1396,1428,246,2993,0,0,589,372,1759
2026-07-08T14:00Z,1983,9305,0,846,-532,1706,0,992,-454,1042,568,1396,1428,246,2997,0,0,528,-12,1966
2026-07-08T14:30Z,1934,9613,0,844,-532,1706,0,992,-454,1044,568,1396,1428,241,2992,0,0,554,-12,1976
2026-07-08T15:00Z,1916,10027,0,710,-532,1706,0,992,-454,1044,704,1396,1424,247,2994,2,0,785,-12,1945
2026-07-08T15:30Z,1921,11041,0,718,-532,1712,0,992,-454,1044,692,1396,1424,252,2993,8,0,1105,-10,1940
2026-07-08T16:00Z,1920,12750,0,986,-532,1992,0,992,-452,1044,162,1396,1424,286,2998,8,0,1019,138,1977
2026-07-08T16:30Z,1925,13739,0,998,-532,2008,0,992,-452,1040,158,1396,1424,297,2998,8,0,929,198,1926
2026-07-08T17:00Z,1935,14143,0,998,-532,2006,0,992,-452,750,564,1396,1424,442,2995,7,0,632,458,2039
2026-07-08T17:30Z,1922,14422,0,998,-532,2006,0,992,-452,746,574,1396,1424,452,2999,31,0,713,574,2114
2026-07-08T18:00Z,1927,14574,0,998,-532,2006,0,992,-452,892,798,1396,1426,479,2991,41,0,1279,870,2064
2026-07-08T18:30Z,1936,14890,0,998,-532,2006,0,992,-452,852,778,1396,1426,480,3000,55,0,1208,758,2036
2026-07-08T19:00Z,1952,15060,0,998,-532,2008,0,990,-452,138,58,1396,1426,451,2994,55,0,2102,834,2112
2026-07-08T19:30Z,1956,14841,0,998,-532,2008,0,990,-452,124,32,1396,1426,445,2996,55,0,1872,984,2137
2026-07-08T20:00Z,1953,14996,0,998,-532,2008,0,992,-454,102,-16,1396,1426,478,2991,7,0,1662,942,2241
2026-07-08T20:30Z,1953,14735,0,998,-532,2008,0,992,-454,102,-6,1396,1426,485,2990,6,0,1662,832,2167
2026-07-08T21:00Z,1961,14662,0,998,-532,2006,0,990,-454,224,490,1396,1426,503,2998,6,0,1008,534,1764
2026-07-08T21:30Z,1964,14561,0,980,-532,2006,0,976,-452,228,480,1396,1426,481,3002,2,0,335,236,1756
2026-07-08T22:00Z,1968,14394,0,598,-532,1946,0,628,-452,270,-242,1396,1426,426,3003,2,0,306,232,1847
2026-07-08T22:30Z,1977,14205,0,582,-532,1936,0,614,-452,272,-268,1396,1414,514,2999,2,0,348,0,1944
2026-07-08T23:00Z,1998,14148,0,610,-532,1542,0,664,-452,332,-136,1396,1118,480,3005,0,0,122,-8,1894
2026-07-08T23:30Z,2000,14177,0,614,-532,1524,0,668,-454,332,-138,1396,1098,337,2998,0,0,272,-8,1795
2026-07-09T00:00Z,1996,14000,0,664,-532,1654,0,678,-454,186,-308,1396,986,307,3003,0,0,184,-6,1674
2026-07-09T00:30Z,1992,13992,0,666,-532,1664,0,684,-454,184,-310,1396,956,305,2999,0,0,150,-4,1585
2026-07-09T01:00Z,1993,13462,0,684,-532,1752,0,816,-454,378,-352,1396,426,304,3001,0,0,139,-4,1643
2026-07-09T01:30Z,1998,13287,0,688,-532,1758,0,824,-454,358,-350,1396,392,301,2997,0,0,144,-4,1429
2026-07-09T02:00Z,2000,13471,0,732,-532,1806,0,892,-454,0,-286,1396,164,253,2998,0,0,120,-4,1200
2026-07-09T02:30Z,1986,13125,0,736,-532,1808,0,892,-454,0,-290,1396,152,271,2997,0,0,186,-2,1095
2026-07-09T03:00Z,1977,13234,0,788,-532,1846,0,822,-454,-292,-618,1396,184,271,3001,0,0,137,146,976
2026-07-09T03:30Z,1978,13233,0,798,-532,1850,0,826,-454,-328,-628,1396,146,282,3000,0,0,137,148,954
2026-07-09T04:00Z,1977,13213,0,962,-532,2000,0,968,-454,-974,-990,1396,-754,471,3003,0,0,622,148,942
2026-07-09T04:30Z,1979,13481,0,972,-532,2008,0,976,-454,-996,-994,1396,-776,528,2997,2,0,608,148,1022
2026-07-09T05:00Z,1977,13457,0,996,-532,2008,0,978,-454,-684,-764,1396,-122,389,2998,2,0,731,148,1016
2026-07-09T05:30Z,1978,13530,0,998,-532,2008,0,978,-454,-608,-730,1396,-18,344,2996,2,0,1521,174,1097
2026-07-09T06:00Z,1977,12918,0,998,-532,2006,0,990,-454,636,100,1396,1116,338,3003,0,0,748,2,1134
2026-07-09T06:30Z,1967,12739,0,998,-532,2006,0,992,-454,728,134,1396,1202,340,3001,0,0,1026,-4,1123
2026-07-09T07:00Z,1973,12402,0,998,-532,2006,0,992,-454,910,232,1396,1416,340,3003,0,0,990,-4,1215
2026-07-09T07:30Z,1971,11985,0,998,-532,2006,0,992,-454,912,230,1396,1428,341,2999,0,0,768,-4,1319
2026-07-09T08:00Z,1973,11479,0,996,-532,2008,0,992,-454,1044,-38,1396,1428,294,2997,0,0,885,-4,1396
2026-07-09T08:30Z,1968,10751,0,996,-532,2006,0,992,-454,1046,-42,1396,1428,287,2996,0,0,714,-4,1538
2026-07-09T09:00Z,1947,10014,0,904,-532,2006,0,992,-454,1034,338,1396,1428,290,2989,0,0,719,-426,1558
2026-07-09T09:30Z,1940,9494,0,892,-532,2004,0,984,-452,1034,350,1396,1428,275,2993,0,0,738,-288,1527
2026-07-09T10:00Z,1947,9412,0,712,-532,1908,0,808,-452,1028,716,1396,1428,273,2993,0,0,866,-794,1608
2026-07-09T10:30Z,1948,8423,0,712,-532,1902,0,802,-452,1028,722,1396,1428,276,2993,0,0,1087,-864,1708
2026-07-09T11:00Z,1945,8255,0,844,-532,1906,-6,844,-452,984,724,1396,1428,276,2991,0,0,1171,-858,1864
2026-07-09T11:30Z,1942,8066,0,850,-532,1906,0,846,-452,982,724,1396,1428,276,2995,0,0,1086,-856,2000
2026-07-09T12:00Z,1955,7585,0,850,-532,1906,0,846,-452,1044,724,1396,1428,276,2996,0,0,1188,-848,2028
2026-07-09T12:30Z,1945,7655,0,844,-532,1908,0,852,-452,1042,724,1396,1428,276,2995,0,0,1135,-826,2179
2026-07-09T13:00Z,1898,8034,0,708,-532,2000,0,984,-452,1044,704,1396,1428,276,2997,0,0,813,-806,2230
2026-07-09T13:30Z,1895,8407,0,702,-532,2006,0,992,-454,1044,704,1396,1428,294,2995,0,0,575,-842,2227
2026-07-09T14:00Z,1884,8778,0,702,-532,2006,0,992,-454,1046,664,1396,1428,313,2994,0,0,588,-836,2277
2026-07-09T14:30Z,1867,9544,0,710,-532,2006,0,992,-454,1046,658,1396,1428,322,2993,0,0,533,-712,2404
2026-07-09T15:00Z,1872,10714,0,892,-532,2006,0,992,-454,858,254,1396,1428,326,2993,0,0,568,-82,2490
2026-07-09T15:30Z,1889,11315,0,902,-532,2006,0,992,-454,838,252,1396,1398,331,2989,7,0,682,-14,2654
2026-07-09T16:00Z,1879,11945,0,994,-532,2004,0,992,-454,740,634,1396,702,365,2991,6,0,1123,228,2827
2026-07-09T16:30Z,1857,12912,0,998,-532,2004,0,992,-454,740,596,1396,676,378,2992,6,0,1036,220,2960
2026-07-09T17:00Z,1875,13995,0,998,-532,2006,0,992,-452,562,-354,1396,830,562,2995,4,0,1105,466,3130
2026-07-09T17:30Z,1881,14352,0,998,-532,2008,0,992,-452,562,-402,1396,766,519,2989,18,0,1417,878,3138
2026-07-09T18:00Z,1884,15310,0,998,-532,2008,0,992,-452,704,-682,1396,-356,531,2993,153,0,1898,1098,3017
2026-07-09T18:30Z,1908,15505,0,998,-532,2008,-2,992,-408,704,-686,1396,-418,550,2992,161,0,1711,1180,2957
2026-07-09T19:00Z,1910,15447,0,998,-532,2008,0,992,-452,612,-764,1396,-154,555,2992,155,0,1842,1212,2727
2026-07-09T19:30Z,1912,15306,0,998,-532,2008,0,992,-444,614,-766,1396,-104,568,2994,180,0,1975,1212,2561
2026-07-09T20:00Z,1950,15400,0,998,-532,2008,0,992,-454,946,-700,1396,780,562,2994,163,0,1553,1212,2485
2026-07-09T20:30Z,1971,15498,0,998,-532,2008,0,992,-454,952,-700,1396,822,498,2996,164,0,1213,1042,2393
2026-07-09T21:00Z,1988,15174,0,998,-532,2008,0,992,-454,770,-628,1396,986,494,2998,24,0,904,820,2383
2026-07-09T21:30Z,1999,14964,0,998,-532,2008,0,990,-454,676,-628,1396,950,480,2994,3,0,905,728,2330
2026-07-09T22:00Z,2003,15194,0,994,-532,1996,0,950,-454,-220,-610,1396,52,413,2993,2,0,891,134,2260
2026-07-09T22:30Z,1996,14995,0,994,-530,1996,0,950,-454,-228,-610,1396,0,391,2998,0,0,613,-4,2119
2026-07-09T23:00Z,2003,15026,0,996,-532,2008,0,986,-454,-172,-534,1396,0,347,2988,0,0,667,164,1993
2026-07-09T23:30Z,1993,14949,0,996,-532,2008,0,988,-454,-170,-534,1396,0,316,2996,0,0,344,-10,1844
2026-07-10T00:00Z,2003,14551,0,994,-532,2004,0,992,-454,-218,-490,1396,0,309,2988,0,0,238,-10,1715
2026-07-10T00:30Z,1999,14507,0,994,-532,2004,0,992,-454,-218,-490,1396,-10,315,2992,0,0,267,132,1519
2026-07-10T01:00Z,2000,14400,0,998,-532,2008,0,992,-454,-236,-510,1396,-334,313,2991,0,0,217,140,1387
2026-07-10T01:30Z,2026,14116,0,998,-532,2008,0,992,-454,-244,-510,1396,-354,306,2987,0,0,209,-10,1355
2026-07-10T02:00Z,2030,14230,0,998,-532,2008,0,992,-454,-678,-634,1396,-440,289,2999,0,0,121,-10,1322
2026-07-10T02:30Z,2029,14204,0,998,-532,2008,0,992,-454,-688,-638,1396,-458,289,2996,0,0,146,-10,1230
2026-07-10T03:00Z,2029,14375,0,992,-532,1986,0,968,-454,-844,-934,1396,-788,288,2996,0,0,324,-10,1144
2026-07-10T03:30Z,2031,14274,0,986,-532,1982,0,960,-454,-844,-938,1396,-822,269,2999,0,0,183,-10,1135
2026-07-10T04:00Z,2032,14320,0,848,-532,1852,0,800,-454,-846,-1022,1396,-1284,274,2996,0,0,662,12,1117
2026-07-10T04:30Z,2034,14453,0,834,-520,1844,0,782,-454,-840,-1008,1396,-1256,277,3004,0,0,606,246,1124
2026-07-10T05:00Z,2033,14350,0,682,-532,1844,0,594,-454,-454,-408,1396,-282,277,2998,0,0,691,142,1033
2026-07-10T05:30Z,2033,14595,0,674,-532,1842,0,590,-454,-416,-372,1396,-186,338,3003,0,0,1152,142,1123
2026-07-10T06:00Z,2031,14431,0,660,-532,1730,0,744,-454,246,228,1396,426,377,2996,0,0,648,-4,1417
2026-07-10T06:30Z,2031,14058,0,668,-532,1726,0,760,-454,276,252,1396,492,302,2996,0,0,1202,-10,1487
2026-07-10T07:00Z,2030,12519,0,844,-532,1802,0,982,-454,918,632,1396,1324,291,2998,0,0,967,-10,1409
2026-07-10T07:30Z,2029,12085,0,850,-532,1806,0,992,-454,942,640,1396,1364,286,3004,0,0,487,-10,1350
2026-07-10T08:00Z,2029,11612,0,804,-532,1084,0,992,-454,1042,724,1396,1422,293,2995,0,0,919,-10,1286
2026-07-10T08:30Z,2029,11048,0,798,-532,1092,0,992,-454,1044,724,1396,1426,285,2994,0,0,1048,-10,1270
2026-07-10T09:00Z,2027,10527,0,708,-532,1004,0,992,-454,1044,726,1396,1426,254,2992,0,0,808,138,1207
2026-07-10T09:30Z,2015,10226,0,706,-532,1004,0,992,-454,1046,726,1396,1426,248,3002,0,0,874,122,1147
2026-07-10T10:00Z,1999,10069,0,708,-532,1004,0,992,-454,1044,724,1396,1426,237,2998,0,0,750,130,1090
2026-07-10T10:30Z,1996,9792,0,710,-532,1004,0,992,-454,1044,726,1396,1426,237,2995,0,0,597,12,1073
2026-07-10T11:00Z,1982,9561,0,772,-532,1004,0,992,-454,1044,940,1396,1426,237,2997,0,0,720,4,1112
2026-07-10T11:30Z,1969,9426,0,776,-532,1004,0,992,-454,1044,942,1396,1426,237,2995,0,0,707,-12,1210
2026-07-10T12:00Z,1967,9417,0,800,-532,1004,0,992,-454,1044,918,1396,1426,237,2990,0,0,811,-514,1501
2026-07-10T12:30Z,1952,9593,0,808,-532,1004,0,992,-454,1044,918,1396,1426,236,2992,0,0,739,-592,1678
2026-07-10T13:00Z,1972,9477,0,966,-532,1004,0,992,-454,1044,728,1396,1426,218,2986,0,0,600,-586,1858
2026-07-10T13:30Z,1955,9444,0,972,-532,1004,0,992,-454,1044,730,1396,1426,225,2985,0,0,610,-654,1884
2026-07-10T14:00Z,1936,9623,0,996,-532,1004,0,992,-452,1044,992,1396,1426,236,2985,0,0,606,-868,2043
2026-07-10T14:30Z,1947,9490,0,998,-532,1004,0,992,-452,1044,996,1396,1424,254,2981,1,0,548,-576,2375
2026-07-10T15:00Z,1978,9373,0,998,-532,1004,0,992,-452,1042,996,1396,1424,236,2980,3,0,536,-120,2686
2026-07-10T15:30Z,1962,10254,0,992,-510,1004,0,984,-446,1038,992,1396,1376,265,2985,8,0,521,138,2888
2026-07-10T16:00Z,1993,12041,0,864,-416,1004,0,804,-368,762,636,1396,472,319,2986,8,0,496,136,3124
2026-07-10T16:30Z,2009,12569,0,850,-502,1004,0,788,-352,758,630,1396,398,332,2990,7,0,579,72,3387
2026-07-10T17:00Z,2013,13299,0,680,-436,1004,0,652,-428,798,672,1396,-100,518,2992,7,0,827,188,3680
2026-07-10T17:30Z,1992,13788,0,672,-384,1014,0,654,-450,698,662,1396,-152,526,2995,7,0,914,500,3561
2026-07-10T18:00Z,1994,14082,0,626,-340,1424,0,850,-454,0,210,1396,-782,479,2991,47,0,1973,802,3457
2026-07-10T18:30Z,2012,14305,0,636,-354,1448,0,862,-430,0,192,1396,-802,477,2993,56,0,2555,948,3332
2026-07-10T19:00Z,2008,14137,0,914,-460,1576,0,924,-432,-102,-236,1396,-444,507,2998,56,0,2208,940,3420
2026-07-10T19:30Z,2022,13868,0,922,-458,1606,0,922,-440,-102,-238,1396,-406,527,2992,56,0,1699,922,3776
2026-07-10T20:00Z,2027,13694,0,842,-530,1202,0,800,-388,104,76,1396,86,599,2993,56,0,1456,850,3932
2026-07-10T20:30Z,2027,13656,0,834,-432,1182,0,792,-408,108,84,1396,114,595,2995,56,0,1031,832,4039
2026-07-10T21:00Z,2031,13653,0,730,-426,1494,0,760,-414,106,346,1396,86,609,2993,9,0,1058,536,3799
2026-07-10T21:30Z,2032,13816,0,732,-352,1514,0,760,-324,106,350,1396,88,617,2993,7,0,676,160,3456
2026-07-10T22:00Z,2032,12967,0,834,-386,1650,0,800,-252,102,330,1396,176,652,2995,3,0,368,-16,3387
2026-07-10T22:30Z,2032,12185,0,838,-508,1656,0,800,-252,102,328,1396,182,645,2995,2,0,296,-12,3505
2026-07-10T23:00Z,2029,11834,0,810,-532,1556,0,766,-252,140,208,1396,216,590,2994,2,0,404,-12,3459
2026-07-10T23:30Z,1998,11523,0,812,-528,1552,0,770,-252,136,206,1396,214,446,3001,0,0,154,-10,3425
2026-07-11T00:00Z,2017,11348,0,890,-528,1774,0,866,-252,0,38,1396,108,371,2998,0,0,151,-10,3328
2026-07-11T00:30Z,2021,11147,0,896,-518,1788,0,876,-252,0,34,1396,86,366,2992,0,0,140,-10,3032
2026-07-11T01:00Z,1983,11112,0,900,-532,1926,0,978,-252,-362,-166,1396,-294,366,2991,0,0,283,-10,2837
2026-07-11T01:30Z,1702,10990,0,898,-532,1934,0,982,-252,-390,-172,1396,-314,366,2985,0,0,246,-10,2761
2026-07-11T02:00Z,1387,10877,0,886,-478,1942,0,958,-252,-576,-500,1396,-328,351,2983,0,0,463,-10,2616
2026-07-11T02:30Z,1386,10572,0,880,-404,1940,0,952,-252,-578,-506,1396,-344,348,2979,0,0,442,-10,2425
2026-07-11T03:00Z,1386,10779,0,790,-390,1810,0,858,-252,-780,-614,1392,-718,347,2978,0,0,918,-10,2268
2026-07-11T03:30Z,1386,10802,0,784,-312,1800,0,846,-252,-780,-610,1386,-738,348,2981,0,0,624,-10,2298
2026-07-11T04:00Z,1386,10760,0,722,-226,1570,0,714,-252,-672,-242,1320,-716,348,2984,0,0,436,-10,2385
2026-07-11T04:30Z,1388,10333,0,724,-180,1558,0,714,-252,-600,-232,1320,-678,342,2982,0,0,450,60,2564
2026-07-11T05:00Z,1389,9556,0,836,-300,1600,0,834,-252,176,46,1388,178,331,2989,0,0,157,-12,2547
2026-07-11T05:30Z,1380,8842,0,844,-272,1602,0,838,-252,208,66,1396,288,330,2988,0,0,342,-12,2618
2026-07-11T06:00Z,1379,6553,0,920,-328,1798,0,774,-252,976,668,1396,1360,335,2996,0,0,380,94,2820
2026-07-11T06:30Z,1381,5581,0,924,-382,1808,0,772,-252,1006,686,1396,1432,347,2993,0,0,663,146,2777
2026-07-11T07:00Z,1389,5318,0,994,-344,1830,0,868,-322,1042,706,1396,1432,346,2995,0,0,759,146,2750
2026-07-11T07:30Z,1391,4758,0,998,-256,1830,0,872,-362,1042,706,1396,1432,350,2993,0,0,1035,2,2724
2026-07-11T08:00Z,1387,3916,0,998,-104,1852,0,850,-362,1024,724,1396,1432,404,2996,0,0,1368,-6,2792
2026-07-11T08:30Z,1390,3324,0,990,-4,1852,0,854,-362,1026,722,1396,1432,351,2994,0,0,1063,132,2905
2026-07-11T09:00Z,1391,3046,0,856,0,1808,0,986,-406,816,724,1396,1432,328,2994,0,0,1076,146,2868
2026-07-11T09:30Z,1391,3001,0,844,0,1804,0,992,-416,800,724,1396,1418,321,2997,0,0,767,146,2717
2026-07-11T10:00Z,1388,2882,0,710,-68,1714,0,992,-450,754,724,1396,1156,332,2997,0,0,761,146,2756
2026-07-11T10:30Z,1386,2704,0,716,-180,1706,0,980,-452,770,722,1396,1154,310,2993,0,0,650,146,2717
2026-07-11T11:00Z,1383,2509,0,970,-204,1706,0,728,-452,1044,722,1396,1414,419,2999,0,0,490,280,2605
2026-07-11T11:30Z,1379,2586,0,980,-274,1706,0,718,-452,1046,722,1396,1426,385,3000,0,0,389,118,2441
2026-07-11T12:00Z,1384,2621,0,974,-348,1704,0,724,-452,1044,722,1396,1426,318,2993,0,0,451,-292,2326
2026-07-11T12:30Z,1386,2614,0,974,-376,1704,0,724,-452,1042,722,1396,1426,326,2995,0,0,488,-294,2313
2026-07-11T13:00Z,1386,2609,0,972,-430,1706,0,702,-452,1044,726,1396,1426,327,2990,0,0,525,-532,2428
2026-07-11T13:30Z,1387,2621,0,974,-360,1706,0,702,-452,1046,726,1396,1426,328,2992,0,0,515,-576,2685
2026-07-11T14:00Z,1387,2780,0,972,-314,1704,0,724,-452,1044,704,1396,1426,328,2988,0,0,644,-570,2997
2026-07-11T14:30Z,1379,3664,0,964,-322,1704,0,730,-452,1044,704,1396,1426,330,2992,0,0,495,-576,3427
2026-07-11T15:00Z,1382,3648,0,810,-242,1754,0,842,-452,1044,702,1396,1426,333,2986,0,0,510,-206,3853
2026-07-11T15:30Z,1383,4334,0,808,-332,1754,0,848,-438,1044,702,1396,1404,324,2983,0,0,489,-10,4161
2026-07-11T16:00Z,1510,5983,0,914,-330,1528,0,874,-348,984,698,1396,918,334,2982,0,0,388,-8,4251
2026-07-11T16:30Z,1740,7467,0,906,-474,1520,0,866,-436,964,694,1396,868,336,2978,0,0,375,-8,4462
2026-07-11T17:00Z,1950,8963,0,628,-532,1754,0,662,-452,288,398,1396,264,519,2985,7,0,450,-10,4945
2026-07-11T17:30Z,2011,9166,0,628,-532,1766,0,656,-452,252,384,1396,220,604,2976,8,0,758,244,5372
2026-07-11T18:00Z,2019,9729,0,880,-532,1828,0,750,-452,-208,-70,1396,-130,678,2981,8,0,749,658,6018
2026-07-11T18:30Z,2014,9850,0,886,-532,1826,0,752,-452,-218,-80,1396,-146,507,2989,8,0,605,562,6722
2026-07-11T19:00Z,2025,9802,0,766,-532,1536,-6,684,-452,-216,-70,1396,-146,559,2984,8,0,907,562,7240
2026-07-11T19:30Z,2022,9428,0,752,-532,1510,0,672,-452,-208,-68,1396,-146,612,2987,8,0,772,466,7300
2026-07-11T20:00Z,2016,9102,0,556,-532,1034,0,460,-452,0,58,1396,-146,640,2991,8,0,1413,16,7206
2026-07-11T20:30Z,2022,8845,0,550,-532,1002,0,448,-452,0,60,1396,-146,642,2991,8,0,1494,-14,7205
2026-07-11T21:00Z,2023,9103,0,608,-532,1126,0,446,-452,-102,60,1396,-146,501,3000,3,0,596,-12,7294
2026-07-11T21:30Z,2034,8469,0,608,-532,1134,0,448,-452,-104,58,1396,-80,498,2997,0,0,1048,-12,7283
2026-07-11T22:00Z,2030,8092,0,560,-532,1202,-2,496,-378,-544,-68,1396,-126,479,3002,0,0,854,-12,7434
2026-07-11T22:30Z,2036,7286,0,562,-532,1208,0,504,-302,-582,-68,1396,-126,457,2996,1,0,1018,-12,7258
2026-07-11T23:00Z,2033,7060,0,652,-530,1340,0,620,-302,-304,26,1396,-58,392,3002,0,0,609,168,7108
2026-07-11T23:30Z,2029,6644,0,658,-532,1352,0,626,-302,-294,26,1396,-56,384,3001,0,0,599,20,7347
2026-07-12T00:00Z,2036,6096,0,722,-532,1734,0,602,-302,-104,94,1396,-94,336,2999,0,0,266,76,7084
2026-07-12T00:30Z,2034,5670,0,734,-532,1750,0,614,-302,-102,92,1396,-88,331,2999,0,0,614,-12,6712
2026-07-12T01:00Z,2035,5532,0,908,-532,1586,0,866,-302,176,-150,1396,56,331,2996,0,0,214,-10,6426
2026-07-12T01:30Z,2030,4851,0,914,-532,1582,0,878,-302,182,-142,1396,64,329,2997,0,0,268,-10,6106
2026-07-12T02:00Z,2034,3937,0,876,-532,1902,0,864,-302,172,336,1396,58,307,2991,0,0,352,-10,5895
2026-07-12T02:30Z,2028,3981,0,876,-532,1922,0,866,-302,174,346,1396,58,281,2996,0,0,222,-10,5665
2026-07-12T03:00Z,2033,3507,0,914,-532,2002,0,916,-302,306,202,1396,92,280,2989,0,0,298,-10,5638
2026-07-12T03:30Z,2026,3327,0,916,-532,2000,0,912,-302,312,196,1370,86,279,2992,0,0,251,-10,5714
2026-07-12T04:00Z,2033,3529,0,914,-532,1702,0,746,-302,594,-128,1106,-100,267,2990,0,0,259,-10,5891
2026-07-12T04:30Z,1711,3235,0,916,-532,1686,0,748,-302,598,-132,1074,-92,265,2996,0,0,303,-12,6030
2026-07-12T05:00Z,1283,3295,0,994,-532,1708,0,962,-302,636,-36,1022,310,265,2993,0,0,202,-114,6297
2026-07-12T05:30Z,1245,3218,0,984,-532,1710,0,970,-302,636,-24,1006,362,266,2990,0,0,486,-882,6214
2026-07-12T06:00Z,1245,3052,0,714,-532,1706,0,916,-302,592,502,888,1104,284,2990,0,0,454,-1094,5746
2026-07-12T06:30Z,1163,3037,0,704,-532,1706,0,912,-302,600,516,840,1150,265,2990,0,0,575,-1088,5145
2026-07-12T07:00Z,945,3043,0,730,-532,1760,0,910,-302,1034,704,466,1412,227,2987,0,0,600,-1220,4856
2026-07-12T07:30Z,945,2835,0,732,-532,1760,0,902,-302,1046,706,390,1410,227,2991,0,0,483,-1236,4571
2026-07-12T08:00Z,942,2477,0,756,-532,1614,0,750,-302,1044,710,14,1056,225,2985,0,0,757,-1218,4547
2026-07-12T08:30Z,942,2287,0,754,-532,1602,0,740,-302,1042,710,-62,1044,214,2983,0,0,698,-1210,4485
2026-07-12T09:00Z,917,2417,0,680,-532,1338,0,676,-376,978,710,-432,1138,111,2987,0,0,709,-1182,4963
2026-07-12T09:30Z,909,2369,0,670,-532,1312,0,670,-452,976,710,-488,1134,110,2994,0,0,489,-1468,5593
2026-07-12T10:00Z,909,2226,0,516,-532,682,0,630,-452,814,668,-678,914,120,2990,0,0,831,-1448,5951
2026-07-12T10:30Z,818,2078,0,504,-532,666,0,630,-452,808,668,-686,920,124,2994,0,0,740,-1448,6055
2026-07-12T11:00Z,763,1982,0,414,-532,1406,0,678,-452,468,652,-578,1316,121,2995,0,0,480,-1448,6238
2026-07-12T11:30Z,762,1984,0,422,-532,1454,0,678,-452,464,652,-606,1336,128,2992,0,0,512,-1386,6212
2026-07-12T12:00Z,760,1985,0,690,-532,1498,0,668,-452,734,638,-994,1360,116,2998,0,0,361,-1286,6215
2026-07-12T12:30Z,759,1923,0,702,-532,1500,0,668,-452,738,640,-1036,1362,110,2996,0,0,436,-1274,6206
2026-07-12T13:00Z,760,1946,0,702,-532,1604,0,708,-452,774,636,-1122,1234,111,2999,0,0,383,-1278,6243
2026-07-12T13:30Z,761,2004,0,702,-532,1610,0,708,-452,776,636,-1114,1234,125,2995,0,0,528,-1414,6139
2026-07-12T14:00Z,763,2001,0,702,-532,1698,0,702,-452,1040,702,-940,1370,111,3000,0,0,416,-1440,6279
2026-07-12T14:30Z,787,2003,0,702,-532,1704,0,700,-452,1044,702,-884,1378,111,2989,0,0,374,-1412,6478
2026-07-12T15:00Z,935,1999,0,702,-532,1708,0,700,-416,1044,704,-498,1424,151,2991,0,0,319,-1342,6869
2026-07-12T15:30Z,1066,2002,0,704,-462,1710,0,702,-344,1044,704,-422,1410,167,2985,0,0,432,-1032,7373
2026-07-12T16:00Z,1317,2044,0,752,-324,1706,0,700,-250,1038,704,-52,1032,192,2985,0,0,465,-292,7688
2026-07-12T16:30Z,1501,2325,0,766,-160,1710,0,712,-366,1020,700,32,972,209,2982,0,0,679,-16,8296
2026-07-12T17:00Z,1824,3062,0,988,-68,1972,0,974,-322,374,408,406,90,324,2984,0,0,908,118,8445
2026-07-12T17:30Z,2072,3844,0,988,-198,1984,0,978,-426,354,404,482,42,374,2979,1,0,946,134,8584
2026-07-12T18:00Z,2323,4671,0,806,-350,1752,0,772,-452,492,358,856,-76,416,2984,2,0,1212,436,8557
2026-07-12T18:30Z,2376,5151,0,794,-472,1742,0,758,-452,470,358,910,-88,461,2984,3,0,1452,438,8742
2026-07-12T19:00Z,2432,5471,0,696,-532,1726,0,676,-390,102,180,1080,-176,683,2989,3,0,1671,438,8970
2026-07-12T19:30Z,2594,5825,0,690,-532,1722,0,670,-362,102,178,1122,-176,707,2991,3,0,1145,438,9087
2026-07-12T20:00Z,2620,5996,0,644,-504,1464,0,616,-362,102,56,1370,-42,689,2989,3,0,1093,438,9027
2026-07-12T20:30Z,2620,5937,0,644,-388,1452,0,616,-362,102,56,1396,-30,688,2982,3,0,640,438,8953
2026-07-12T21:00Z,2618,5792,0,698,-440,1648,0,648,-362,180,36,1396,82,678,2985,2,0,461,0,8933
2026-07-12T21:30Z,2615,5601,0,690,-320,1654,0,642,-362,182,36,1380,86,562,2987,2,0,251,-10,8753
2026-07-12T22:00Z,2622,5522,0,448,-302,1512,-74,460,-362,182,172,1226,4,504,3001,2,0,342,-10,8463
2026-07-12T22:30Z,2621,5367,0,438,-220,1506,-224,448,-334,182,174,1184,0,477,2985,2,0,499,-10,8087
2026-07-12T23:00Z,2621,5171,0,454,-68,1586,-366,402,-268,124,266,924,34,356,2984,1,0,330,-10,7599
2026-07-12T23:30Z,2622,5192,0,456,0,1592,-402,400,-156,124,268,894,40,338,2990,1,0,412,-10,7192
2026-07-13T00:00Z,2616,5390,0,686,0,1734,-402,574,-52,-130,122,770,0,315,2994,2,0,318,-10,6782
2026-07-13T00:30Z,2616,5550,0,698,0,1740,-402,588,-26,-134,120,748,0,316,2999,1,0,266,-10,6450
2026-07-13T01:00Z,2598,5484,0,762,0,1622,-400,736,-142,-216,0,650,-52,280,2992,0,0,331,-10,6260
2026-07-13T01:30Z,2588,5490,0,766,0,1616,-400,742,-172,-222,2,624,-66,278,2994,0,0,344,-4,6027
2026-07-13T02:00Z,2590,5483,0,750,0,1628,-402,700,-30,-556,160,492,-286,278,2996,0,0,252,-4,6084
2026-07-13T02:30Z,2585,5314,0,742,0,1628,-402,696,0,-570,136,494,-316,278,3000,0,0,156,-4,6311
2026-07-13T03:00Z,2584,5580,0,576,0,1672,-402,648,0,-1008,-582,636,-750,278,2994,0,0,444,-4,6497
2026-07-13T03:30Z,2584,5579,0,556,0,1668,-320,640,0,-1018,-610,686,-798,278,2991,0,0,229,-4,6655
2026-07-13T04:00Z,2584,5666,0,314,0,1356,-180,534,0,-1012,-826,1052,-1396,265,2993,0,0,505,-4,6684
2026-07-13T04:30Z,2586,5881,0,314,0,1346,-190,538,-18,-1010,-820,1114,-1414,267,2990,0,0,854,-4,6709
2026-07-13T05:00Z,2585,5992,0,658,0,1830,-342,780,-152,-946,-396,1276,-1066,391,2990,0,0,681,136,6549
2026-07-13T05:30Z,2585,6110,0,692,0,1860,-450,782,-296,-806,-372,1302,-976,422,2989,0,0,1706,142,6542
2026-07-13T06:00Z,2585,5898,0,728,-14,1812,-514,552,-332,540,244,1386,164,457,2989,0,0,929,-14,6362
2026-07-13T06:30Z,2585,5372,0,742,-122,1814,-514,560,-332,610,272,1388,310,457,2988,0,0,1632,142,6289
2026-07-13T07:00Z,2543,3914,0,986,-82,1982,-514,972,-332,982,756,1314,1358,457,2996,0,0,944,134,6268
2026-07-13T07:30Z,2537,3314,0,988,-164,1994,-514,984,-332,990,766,1314,1428,456,2996,0,0,705,-12,6468
2026-07-13T08:00Z,2541,2806,0,808,-50,2002,-514,804,-332,1048,724,1388,1428,342,2989,0,0,994,-18,6751
2026-07-13T08:30Z,2540,2412,0,796,0,2004,-456,796,-306,1048,726,1396,1428,316,2994,0,0,634,0,6964
2026-07-13T09:00Z,2503,2196,0,724,-46,2004,-510,778,-400,1046,722,1396,1428,348,2992,0,0,447,-12,6943
2026-07-13T09:30Z,2406,2010,0,724,-2,2004,-440,774,-302,1046,724,1396,1428,380,2992,0,0,334,-16,6927
2026-07-13T10:00Z,1710,2132,0,778,0,2004,-294,702,-334,1044,840,1396,1428,358,2988,0,0,347,132,6737
2026-07-13T10:30Z,1533,2069,0,788,0,2000,-250,698,-342,1044,840,1396,1428,358,2985,0,0,340,22,6628
2026-07-13T11:00Z,1312,2006,0,970,-80,1746,-252,698,-332,1044,812,1396,1428,343,2988,0,0,486,-666,6754
2026-07-13T11:30Z,1203,2022,0,974,-78,1734,-250,692,-332,1044,812,1358,1428,338,2982,0,0,541,-808,6536
2026-07-13T12:00Z,1340,1861,0,902,-86,1706,-292,562,-332,1044,918,984,1426,219,2990,0,0,528,-830,6269
2026-07-13T12:30Z,1404,1623,0,896,-98,1700,-438,560,-380,1044,920,910,1426,194,2982,0,0,783,-842,6173
2026-07-13T13:00Z,1401,1613,0,806,-6,1522,-514,632,-430,1044,964,542,1426,205,2987,0,0,788,-930,6249
2026-07-13T13:30Z,1434,1621,0,806,0,1516,-514,642,-448,1044,958,460,1416,196,2987,0,0,657,-788,6215
2026-07-13T14:00Z,1440,1713,0,922,0,1822,-514,784,-344,1044,606,88,1186,217,2992,0,0,506,-350,6340
2026-07-13T14:30Z,1669,1893,0,928,0,1838,-480,792,-196,1038,598,86,1142,215,2983,0,0,684,-258,6305
2026-07-13T15:00Z,2116,2731,0,912,0,1614,-340,810,-58,670,348,458,364,237,2993,2,0,690,-258,6627
2026-07-13T15:30Z,2401,3583,0,896,0,1592,-288,800,-62,658,344,534,272,264,2983,8,0,741,-254,6862
2026-07-13T16:00Z,2641,5051,0,554,0,1000,-174,570,38,484,374,908,-760,350,2987,8,0,1180,-14,6942
2026-07-13T16:30Z,2661,6696,0,526,0,964,-280,548,-42,448,374,984,-834,374,2988,8,0,1186,14,7263
2026-07-13T17:00Z,2644,8469,0,250,0,752,-362,246,-76,-100,506,1356,-1182,600,2987,8,0,1013,360,7827
2026-07-13T17:30Z,2626,9561,0,244,0,742,-476,232,-174,-104,502,1396,-1196,606,2989,9,0,911,936,8007
2026-07-13T18:00Z,2641,10263,0,372,0,784,-402,196,-70,-672,130,1396,-1138,667,2987,55,0,1196,882,8146
2026-07-13T18:30Z,2645,10545,0,372,0,774,-494,194,-120,-740,122,1396,-1118,668,2988,57,0,1318,982,8484
2026-07-13T19:00Z,2668,10607,0,274,0,176,-472,178,-264,-424,-94,1396,-748,667,2990,10,0,1241,946,8624
2026-07-13T19:30Z,2678,10565,0,268,-18,144,-514,178,-314,-418,-100,1396,-708,663,2990,8,0,1207,910,8772
2026-07-13T20:00Z,2680,11061,0,222,-146,120,-486,182,-436,-248,-362,1396,-210,663,2990,8,0,1013,986,8748
2026-07-13T20:30Z,2676,11199,0,220,-208,122,-478,180,-452,-246,-366,1396,-184,531,2990,8,0,1243,740,8336
2026-07-13T21:00Z,2679,10754,0,194,-188,276,-502,134,-452,-158,-312,1396,-104,449,2994,8,0,722,74,8056
2026-07-13T21:30Z,2678,10441,0,190,-186,282,-514,130,-378,-164,-312,1396,-112,445,2988,1,0,566,26,7891
2026-07-13T22:00Z,2681,10129,0,130,-232,138,-514,92,-278,-584,-430,1396,-416,466,2987,0,0,884,212,7666
2026-07-13T22:30Z,2681,9937,0,130,-138,136,-514,90,-252,-594,-430,1392,-428,470,2991,0,0,456,-10,7421
2026-07-13T23:00Z,2680,9500,0,190,-88,518,-514,128,-252,-632,-452,1368,-368,446,2986,0,0,438,-12,7136
2026-07-13T23:30Z,2678,8955,0,196,-6,546,-514,128,-252,-632,-452,1344,-366,433,2983,0,0,755,-10,6660
2026-07-14T00:00Z,2675,8921,0,274,0,534,-514,70,-252,-646,-428,1126,-420,379,2980,0,0,773,-10,6371
2026-07-14T00:30Z,2673,8840,0,278,-8,536,-514,72,-252,-648,-426,1098,-430,367,2983,0,0,378,-8,6698
2026-07-14T01:00Z,2673,8888,0,274,-90,674,-514,172,-252,-792,-258,1024,-582,356,2977,0,0,376,-6,6983
2026-07-14T01:30Z,2680,8941,0,270,-18,678,-514,172,-252,-794,-258,1014,-596,353,2979,0,0,225,-6,7079
2026-07-14T02:00Z,2680,8491,0,212,-48,540,-514,74,-252,-824,-318,984,-732,316,2981,0,0,224,-6,7196
2026-07-14T02:30Z,2676,8363,0,210,0,530,-514,76,-252,-826,-324,998,-758,296,2979,0,0,202,-6,7304
2026-07-14T03:00Z,2679,8326,0,206,-12,442,-514,210,-252,-1024,-680,1164,-1172,279,2977,0,0,322,-6,7438
2026-07-14T03:30Z,2678,7837,0,212,0,442,-514,208,-252,-1020,-690,1148,-1198,279,2984,0,0,199,-6,7667
2026-07-14T04:00Z,2667,7089,0,338,0,930,-514,4,-252,-602,-956,784,-1242,279,2974,0,0,425,-6,7700
2026-07-14T04:30Z,2674,7409,0,344,-38,982,-514,8,-252,-586,-954,774,-1252,297,2984,0,0,386,-10,7569
2026-07-14T05:00Z,2673,7350,0,364,-184,1554,-514,344,-254,-240,-624,1148,-1432,360,2981,0,0,386,-14,7586
2026-07-14T05:30Z,2673,7463,0,292,-246,1268,-412,288,-242,-188,-496,948,-1152,362,2983,0,0,984,16,7540
2026-07-14T06:00Z,2674,6874,0,252,-176,608,-172,246,-154,84,-44,460,-20,382,2981,0,0,616,228,7529
2026-07-14T06:30Z,2661,6304,0,740,-532,1814,-514,728,-452,148,-194,1382,74,393,2982,0,0,1413,230,7339
2026-07-14T07:00Z,2661,5330,0,984,-532,1990,-514,890,-452,976,732,1394,1150,412,2987,0,0,373,452,7144
2026-07-14T07:30Z,2648,4389,0,994,-514,2002,-514,904,-452,1022,784,1396,1246,444,2990,0,0,358,332,6968
2026-07-14T08:00Z,2663,3630,0,936,-398,1942,-446,988,-452,976,720,1304,1334,388,3009,0,0,546,246,7032
2026-07-14T08:30Z,2624,2409,0,926,-232,1926,-514,992,-422,1048,874,1396,1424,358,3024,0,0,706,84,6886
2026-07-14T09:00Z,2441,1891,0,994,-92,1928,-474,992,-322,1044,796,1396,1424,303,3023,0,0,799,338,6562
2026-07-14T09:30Z,2207,1948,0,994,0,1928,-364,990,-302,1044,796,1396,1424,325,3027,0,0,510,-36,6572
2026-07-14T10:00Z,2083,1922,0,926,-70,1860,-360,950,-434,1046,928,1396,1424,360,3046,0,0,504,-44,6433
2026-07-14T10:30Z,1880,1938,0,920,-214,1856,-362,942,-452,1044,928,1396,1424,367,3058,0,0,464,-88,6404
2026-07-14T11:00Z,1683,1942,0,850,-170,1882,-360,786,-452,1044,820,1396,1424,337,3069,0,0,608,-202,6401
2026-07-14T11:30Z,1495,1891,0,850,-166,1864,-362,778,-452,1046,818,1396,1424,352,3096,0,0,655,-512,6473
2026-07-14T12:00Z,1442,1961,0,912,-132,1056,-362,774,-452,1046,624,1396,1424,358,3096,0,0,823,-494,5908
2026-07-14T12:30Z,1442,1940,0,906,-128,1008,-360,776,-452,1044,624,1396,1424,368,3101,0,0,759,-776,5923
2026-07-14T13:00Z,1441,1984,0,740,-184,1238,-360,820,-452,1044,670,1396,1424,376,3097,0,0,763,-810,5820
2026-07-14T13:30Z,1755,2240,0,732,-150,1248,-360,824,-452,1044,666,1380,1422,348,3103,0,0,654,-818,5640
2026-07-14T14:00Z,2164,2297,0,708,-18,1124,-360,822,-452,1044,412,1224,1382,253,3106,0,0,719,-640,5662
2026-07-14T14:30Z,2374,2451,0,716,0,1134,-362,824,-388,1044,410,1194,1362,203,3117,0,0,710,-150,5802
2026-07-14T15:00Z,2159,3129,0,920,0,1790,-380,876,-240,1044,268,1042,930,207,3110,0,0,969,-196,5744
2026-07-14T15:30Z,2417,4374,0,918,0,1802,-482,870,-106,1044,268,1020,880,203,3113,6,0,991,-260,5696
2026-07-14T16:00Z,2612,7200,0,674,0,846,-414,650,-190,1036,124,954,198,326,3121,30,0,1379,-134,5444
2026-07-14T16:30Z,2603,8363,0,654,-90,786,-502,626,-340,1036,122,984,132,448,3206,55,0,1468,20,5376
2026-07-14T17:00Z,2654,10034,0,438,-240,952,-514,330,-372,1006,38,1356,-638,572,3225,50,0,1466,806,5059
2026-07-14T17:30Z,2659,11061,0,416,-372,966,-514,314,-446,1006,40,1386,-694,648,3228,7,0,1851,1222,5028
2026-07-14T18:00Z,2655,12081,0,126,-338,1124,-514,250,-416,930,256,1304,-1178,634,3232,55,0,2144,1062,5110
2026-07-14T18:30Z,2671,12250,0,118,-464,1134,-514,250,-452,920,258,1304,-1180,661,3228,55,0,2408,1022,5339
2026-07-14T19:00Z,2669,12940,0,190,-532,1258,-514,318,-452,476,202,1386,-690,644,3228,55,0,1760,910,5508
2026-07-14T19:30Z,2665,12912,0,192,-532,1260,-514,318,-452,466,198,1396,-646,638,3229,55,0,1214,722,5680
2026-07-14T20:00Z,2668,13088,0,172,-532,1098,-514,228,-452,336,-38,1396,-162,594,3230,8,0,974,778,5731
2026-07-14T20:30Z,2669,12763,0,172,-532,1084,-514,216,-452,334,-40,1396,-132,585,3291,6,0,1015,600,5821
2026-07-14T21:00Z,2669,12683,0,212,-532,990,-514,92,-452,134,134,1396,-72,537,3332,6,0,968,576,5716
2026-07-14T21:30Z,2671,12995,0,208,-532,970,-514,88,-452,130,132,1396,-74,428,3337,1,0,437,146,5679
2026-07-14T22:00Z,2680,12696,0,38,-462,330,-514,114,-452,-218,-142,1396,-192,400,3392,0,0,426,-12,5702
2026-07-14T22:30Z,2675,12367,0,38,-416,298,-514,114,-402,-228,-146,1396,-190,392,3441,0,0,388,-12,5409
2026-07-14T23:00Z,2674,11862,0,178,-286,708,-514,96,-352,-226,-170,1396,-8,328,3471,0,0,161,-12,5460
2026-07-14T23:30Z,2670,11138,0,178,-216,734,-514,90,-352,-218,-170,1396,6,317,3462,0,0,187,-12,5558
2026-07-15T00:00Z,2674,10906,0,58,-196,630,-514,14,-352,0,-52,1396,172,299,3459,0,0,158,-168,5338
2026-07-15T00:30Z,2678,11081,0,62,-116,628,-514,12,-352,0,-52,1396,148,288,3457,0,0,196,-252,5179
2026-07-15T01:00Z,2678,11334,0,262,-168,830,-514,64,-352,0,-68,1396,-546,262,3454,0,0,153,-250,4970
2026-07-15T01:30Z,2674,11072,0,272,-204,840,-514,68,-352,0,-68,1396,-600,260,3469,0,0,147,-252,5062
2026-07-15T02:00Z,2677,10745,0,276,-194,828,-514,104,-352,-138,-50,1396,-856,220,3473,0,0,158,-58,5086
2026-07-15T02:30Z,2676,10326,0,268,-208,826,-514,104,-352,-148,-54,1396,-884,214,3471,0,0,126,-56,5275
2026-07-15T03:00Z,2680,10348,0,104,-278,676,-514,34,-352,-476,-438,1396,-1188,232,3469,0,0,167,-14,5164
2026-07-15T03:30Z,2677,10333,0,92,-236,666,-514,24,-352,-486,-442,1396,-1208,232,3468,0,0,190,-14,4973
2026-07-15T04:00Z,2661,10545,0,-18,-128,546,-514,-92,-352,-776,-200,1396,-1362,215,3463,0,0,251,-16,4990
2026-07-15T04:30Z,2657,10705,0,-24,-76,542,-514,-94,-370,-778,-196,1396,-1354,226,3458,0,0,300,-62,4761
2026-07-15T05:00Z,2651,11003,0,-16,-226,634,-514,2,-368,-490,-52,1396,-912,285,3459,0,0,923,-14,4496
2026-07-15T05:30Z,2666,11275,0,2,-378,650,-514,12,-386,-450,-50,1396,-838,253,3455,0,0,1680,0,4368
2026-07-15T06:00Z,2665,10917,0,372,-510,1008,-514,118,-452,358,138,1396,174,290,3457,0,0,1530,-12,4211
2026-07-15T06:30Z,2666,10888,0,388,-532,1052,-514,134,-452,398,146,1396,282,449,3456,0,0,1924,-16,4281
2026-07-15T07:00Z,2667,9949,0,450,-532,1780,-514,392,-452,1010,528,1396,1208,394,3456,2,0,826,-22,4202
2026-07-15T07:30Z,2669,9741,0,466,-532,1832,-514,426,-452,1030,534,1396,1266,381,3457,1,0,588,-22,4064
2026-07-15T08:00Z,2624,8270,0,774,-516,1996,-514,926,-452,1046,538,1396,1420,277,3460,0,0,847,-22,3841
2026-07-15T08:30Z,2612,7388,0,796,-388,2006,-514,952,-452,1044,538,1396,1424,240,3460,0,0,973,-12,3505
2026-07-15T09:00Z,2256,5326,5,990,-236,2004,-514,990,-452,1044,654,1396,1424,195,2823,139,0,1497,174,3880
2026-07-15T09:30Z,2613,5745,0,994,-88,2004,-514,990,-420,1044,654,1396,1424,174,3467,0,0,604,150,3030
2026-07-15T10:00Z,2602,5316,0,902,-120,2004,-498,966,-452,1044,722,1396,1424,136,3474,0,0,581,106,3038
2026-07-15T10:30Z,2607,4618,0,894,-116,2004,-504,964,-452,1044,724,1396,1424,134,3469,0,0,527,-20,3017
2026-07-15T11:00Z,2611,4317,0,758,-164,2004,-474,946,-452,1044,720,1396,1424,145,3475,0,0,557,-20,3035
2026-07-15T11:30Z,2448,4097,0,752,-30,2006,-514,944,-452,1044,718,1396,1424,153,3478,0,0,601,-122,2961
2026-07-15T12:00Z,2218,4526,0,754,-22,2008,-494,708,-452,1044,78,1396,1424,153,3475,0,0,683,-148,2900
2026-07-15T12:30Z,2154,4579,0,752,-42,2008,-514,698,-452,1044,60,1396,1418,156,3480,0,0,676,-148,2916
2026-07-15T13:00Z,2276,4630,0,704,-140,2006,-454,700,-452,1040,254,1396,1268,153,3477,0,0,781,-142,3118
2026-07-15T13:30Z,2561,4446,0,708,-138,2006,-366,700,-452,1038,256,1396,1260,138,3480,0,0,706,-128,3277
2026-07-15T14:00Z,2605,4671,0,840,-148,1946,-362,744,-452,858,354,1396,1232,139,3486,0,0,634,-258,3285
2026-07-15T14:30Z,2601,4947,0,826,-154,1936,-382,732,-438,848,360,1396,1214,156,3482,0,0,716,-262,3387
2026-07-15T15:00Z,2594,6316,0,412,-40,1614,-462,404,-350,388,686,1396,860,192,3484,2,0,760,-262,3473
2026-07-15T15:30Z,2606,8427,0,386,-20,1550,-514,374,-444,388,676,1396,806,188,3472,6,0,997,-260,3539
2026-07-15T16:00Z,2607,11068,0,246,-74,484,-514,88,-452,926,62,1396,42,357,3466,6,0,1126,-26,3680
2026-07-15T16:30Z,2587,12511,0,238,-194,382,-514,70,-452,944,60,1396,-22,394,3463,7,0,991,-16,3924
2026-07-15T17:00Z,2589,13654,0,248,-336,344,-514,32,-452,902,730,1396,-512,382,3451,55,0,919,280,4130
2026-07-15T17:30Z,2586,14160,0,242,-430,344,-514,34,-452,896,750,1396,-536,382,3441,61,0,1030,584,4406
2026-07-15T18:00Z,2589,14870,0,108,-312,464,-514,118,-452,488,450,1396,-544,423,3434,88,0,1646,848,4511
2026-07-15T18:30Z,2591,15103,0,102,-362,468,-514,120,-452,444,444,1396,-540,444,3432,55,0,1476,766,4448
2026-07-15T19:00Z,2606,15193,0,94,-446,436,-514,60,-452,-102,274,1396,-416,454,3431,93,0,1578,958,4366
2026-07-15T19:30Z,2604,15171,0,94,-446,424,-514,58,-452,-102,270,1396,-400,454,3437,58,0,1242,590,4371
2026-07-15T20:00Z,2606,15304,0,106,-468,70,-514,56,-452,0,56,1394,-196,455,3442,55,0,1241,976,4246
2026-07-15T20:30Z,2616,15087,0,108,-376,52,-514,56,-452,0,52,1396,-184,511,3448,55,0,833,774,4219
2026-07-15T21:00Z,2604,14870,0,144,-342,500,-514,56,-452,0,-82,1396,-136,426,3460,8,0,645,494,3994
2026-07-15T21:30Z,2610,15161,0,144,-392,524,-514,56,-452,0,-80,1396,-142,417,3460,2,0,587,296,3800
2026-07-15T22:00Z,2625,14914,0,160,-488,320,-514,64,-452,-112,152,1396,-322,397,3469,0,0,510,44,3553
2026-07-15T22:30Z,2632,14523,0,160,-460,316,-514,66,-452,-112,156,1396,-330,393,3464,0,0,559,26,3308
2026-07-15T23:00Z,2630,14071,0,112,-430,480,-514,78,-452,0,288,1396,-276,327,3468,0,0,366,-4,3195
2026-07-15T23:30Z,2632,13679,0,118,-398,490,-514,80,-452,0,288,1396,-280,310,3471,0,0,346,-4,3013
2026-07-16T00:00Z,2631,13399,0,280,-410,562,-514,106,-452,-112,170,1396,-484,292,3468,0,0,246,-4,2948
2026-07-16T00:30Z,2631,13113,0,284,-354,568,-514,110,-390,-112,170,1396,-500,288,3459,0,0,541,-4,2732
2026-07-16T01:00Z,2628,13027,0,212,-476,770,-514,158,-362,0,218,1396,-616,247,3459,0,0,291,-4,2574
2026-07-16T01:30Z,2631,12551,0,208,-418,776,-514,162,-362,0,216,1390,-646,235,3459,0,0,274,-4,2532
2026-07-16T02:00Z,2633,12855,0,174,-420,602,-514,162,-362,-162,18,1344,-1200,212,3464,0,0,286,-4,2557
2026-07-16T02:30Z,2631,12464,0,172,-362,590,-514,158,-362,-170,18,1344,-1234,194,3466,0,0,372,-4,2686
2026-07-16T03:00Z,2633,12746,0,130,-284,504,-514,68,-362,-452,-24,1390,-1436,194,3467,0,0,371,-4,2815
2026-07-16T03:30Z,2627,12704,0,130,-246,488,-514,62,-362,-456,-40,1396,-1446,191,3466,0,0,287,-4,2750
2026-07-16T04:00Z,2627,13145,0,126,-190,116,-514,18,-362,-426,-600,1396,-1446,189,3467,0,0,479,-6,2758
2026-07-16T04:30Z,2632,13242,0,126,-202,100,-514,16,-362,-426,-616,1396,-1438,236,3465,0,0,520,-10,2747
2026-07-16T05:00Z,2630,13408,0,132,-226,412,-514,30,-424,-474,-478,1396,-1248,454,3465,1,0,1073,-14,2719
2026-07-16T05:30Z,2625,13374,0,134,-362,436,-514,38,-390,-440,-462,1396,-1116,495,3462,2,0,1741,128,2728
2026-07-16T06:00Z,2621,12986,0,154,-502,826,-514,180,-448,466,100,1396,282,495,3469,2,0,879,-12,2710
2026-07-16T06:30Z,2624,12671,0,170,-532,860,-514,214,-452,524,126,1396,426,508,3462,2,0,1256,132,2725
2026-07-16T07:00Z,2633,11340,0,486,-532,1480,-514,840,-452,1004,622,1396,908,365,3467,0,0,482,-6,2651
2026-07-16T07:30Z,2633,9880,0,506,-532,1534,-514,874,-452,1018,636,1396,956,329,3466,0,0,525,-16,2574
2026-07-16T08:00Z,2633,8507,0,576,-518,1866,-514,850,-452,926,796,1396,1382,283,3458,0,0,600,-54,2573
2026-07-16T08:30Z,2633,7991,0,584,-400,1886,-514,850,-452,926,798,1396,1402,253,3455,0,0,513,-384,2500
2026-07-16T09:00Z,2630,7437,0,696,-342,1952,-514,840,-434,1044,768,1396,1402,221,3457,0,0,556,-952,2470
2026-07-16T09:30Z,2627,6552,0,702,-306,1956,-510,844,-340,1046,768,1396,1402,221,3460,0,0,690,-1140,2314
2026-07-16T10:00Z,2630,6127,0,702,-444,2004,-514,932,-434,1044,870,1396,1424,227,3457,0,0,1029,-1378,2208
2026-07-16T10:30Z,2630,5963,0,706,-390,2004,-512,928,-452,1042,870,1396,1424,237,3467,0,0,915,-1242,2133
2026-07-16T11:00Z,2628,6037,0,812,-360,1958,-458,766,-452,964,870,1396,1382,237,3479,0,0,700,-1250,2191
2026-07-16T11:30Z,2625,5982,0,812,-256,1956,-460,756,-452,962,868,1396,1376,238,3472,0,0,752,-1236,2216
2026-07-16T12:00Z,2620,6036,0,736,-334,1848,-462,712,-452,876,708,1396,1260,238,3465,0,0,865,-1050,2280
2026-07-16T12:30Z,2621,6182,0,728,-222,1842,-504,702,-452,874,706,1396,1250,238,3464,1,0,1099,-1106,2339
2026-07-16T13:00Z,2622,6399,0,638,-110,1814,-514,506,-452,890,566,1396,1300,231,3464,0,0,825,-1080,2465
2026-07-16T13:30Z,2621,6949,0,630,-106,1792,-514,496,-452,892,564,1396,1286,221,3467,0,0,681,-1020,2613
2026-07-16T14:00Z,2608,7689,0,534,-6,958,-514,496,-452,924,484,1396,910,221,3465,0,0,650,-518,2730
2026-07-16T14:30Z,2617,8210,0,524,0,908,-514,482,-402,920,484,1396,872,222,3466,0,0,655,-192,2720
2026-07-16T15:00Z,2600,8890,0,372,0,1144,-512,142,-274,606,564,1396,438,240,3469,1,0,904,-12,2709
2026-07-16T15:30Z,2599,10931,0,362,0,1146,-514,132,-354,588,562,1396,362,271,3472,7,0,953,-18,2664
2026-07-16T16:00Z,2580,13091,0,318,-60,622,-514,346,-410,374,338,1396,-620,345,3468,70,0,1113,2,2729
2026-07-16T16:30Z,2622,13806,0,306,-210,582,-514,352,-452,374,350,1396,-704,410,3463,93,0,1198,904,2702
2026-07-16T17:00Z,2616,14140,0,62,-228,294,-514,260,-452,214,902,1396,-1314,528,3469,93,0,1961,1042,2698
2026-07-16T17:30Z,2601,14305,0,62,-240,274,-514,252,-452,206,918,1396,-1352,560,3466,104,0,2409,1202,2627
2026-07-16T18:00Z,2597,14461,0,298,-124,302,-492,196,-426,-832,792,1396,-1442,554,3463,181,0,3595,1432,2734
2026-07-16T18:30Z,2602,14701,0,302,-188,324,-514,204,-452,-1000,786,1396,-1440,557,3459,233,0,3916,1436,2727
2026-07-16T19:00Z,2605,14730,0,156,-150,1170,-514,460,-452,-712,388,1396,-1270,549,3455,240,0,3096,1286,2756
2026-07-16T19:30Z,2608,14746,0,158,-230,1238,-514,476,-452,-702,380,1396,-1228,562,3450,187,0,2668,1418,2871
2026-07-16T20:00Z,2638,14857,0,386,-204,1448,-514,506,-452,-370,488,1396,-550,558,3450,130,0,1548,1434,2802
2026-07-16T20:30Z,2652,15192,0,398,-178,1458,-514,508,-452,-364,490,1396,-512,515,3456,125,0,1406,850,2592
2026-07-16T21:00Z,2656,15338,0,184,-240,1174,-514,308,-452,0,630,1396,-310,617,3455,13,0,971,886,2638
2026-07-16T21:30Z,2650,15369,0,174,-248,1154,-514,292,-452,0,624,1396,-300,579,3460,1,0,743,408,2646
2026-07-16T22:00Z,2658,14994,0,156,-324,892,-514,134,-452,174,194,1396,-290,541,3451,0,0,718,-6,2714
2026-07-16T22:30Z,2659,14698,0,156,-474,870,-514,122,-452,180,186,1396,-290,508,3451,0,0,582,-6,2813
2026-07-16T23:00Z,2658,14985,0,176,-532,398,-514,32,-452,102,120,1396,-318,322,3460,0,0,511,-6,2800
2026-07-16T23:30Z,2654,14805,0,176,-532,368,-514,28,-386,102,118,1396,-320,322,3453,0,0,584,-4,2795
2026-07-17T00:00Z,2653,14420,0,186,-512,304,-514,12,-352,-248,-80,1396,-330,322,3456,0,0,447,-4,2692
2026-07-17T00:30Z,2649,14001,0,186,-416,304,-514,14,-352,-258,-82,1396,-348,299,3463,0,0,308,-6,2723
2026-07-17T01:00Z,2642,14128,0,190,-508,438,-514,34,-352,-104,-138,1396,-772,231,3457,0,0,299,-6,2631
2026-07-17T01:30Z,2631,14027,0,190,-462,448,-514,34,-352,-106,-140,1396,-810,232,3466,0,0,207,-6,2656
2026-07-17T02:00Z,2634,13871,0,168,-460,508,-514,10,-352,-450,-344,1396,-1138,232,3460,0,0,234,-6,2704
2026-07-17T02:30Z,2644,13940,0,166,-374,496,-514,6,-352,-478,-346,1396,-1158,230,3466,0,0,295,-6,2654
2026-07-17T03:00Z,2644,13978,0,152,-222,-58,-514,-28,-352,-792,-484,1396,-1266,341,3466,0,0,263,-6,2725
2026-07-17T03:30Z,2645,14036,0,152,-110,-94,-514,-30,-352,-796,-484,1396,-1270,361,3461,0,0,323,-6,2629
2026-07-17T04:00Z,2621,13945,0,198,-2,-378,-514,138,-350,-920,-622,1396,-1338,355,3472,0,0,669,-6,2630
2026-07-17T04:30Z,2619,13751,0,210,-74,-378,-514,146,-352,-916,-604,1396,-1320,376,3459,0,0,764,-10,2777
2026-07-17T05:00Z,2608,13356,0,424,-226,122,-514,178,-448,-518,56,1396,-812,404,3465,0,0,611,-12,2813
2026-07-17T05:30Z,2611,13322,0,420,-378,174,-514,192,-452,-472,76,1396,-686,406,3458,0,0,1116,-12,2847
2026-07-17T06:00Z,2626,13162,0,150,-512,292,-514,464,-452,294,138,1396,654,419,3457,0,0,717,-12,2865
2026-07-17T06:30Z,2623,12938,0,154,-532,318,-514,486,-452,316,146,1396,784,420,3454,0,0,1316,-62,2851
2026-07-17T07:00Z,2628,11884,0,480,-532,1152,-514,688,-452,606,582,1396,1356,301,3459,0,0,507,-164,2822
2026-07-17T07:30Z,2597,9552,0,516,-532,1226,-514,710,-452,618,598,1396,1380,287,3456,0,0,1255,-102,2534
2026-07-17T08:00Z,2603,7668,0,978,-508,1954,-514,980,-448,1034,1010,1396,1424,243,3462,0,0,677,-150,2589
2026-07-17T08:30Z,2593,6540,0,998,-372,2004,-514,992,-346,1044,1016,1398,1426,239,3463,0,0,618,-166,2464
2026-07-17T09:00Z,2587,5392,0,998,-222,2004,-504,992,-258,1038,920,1398,1426,211,3461,0,0,750,-166,2155
2026-07-17T09:30Z,2544,4942,0,996,-70,2002,-424,992,-302,1038,920,1398,1426,205,3472,0,0,684,-166,2187
2026-07-17T10:00Z,2543,4855,0,998,-74,1780,-506,992,-430,1034,956,1398,1426,205,3471,0,0,695,-224,2229
2026-07-17T10:30Z,2551,4290,0,996,-12,1770,-514,992,-450,1034,956,1398,1426,204,3476,0,0,639,-72,2289
2026-07-17T11:00Z,2548,4036,0,948,0,1994,-514,992,-386,1034,774,1398,1426,204,3478,0,0,640,-130,2274
2026-07-17T11:30Z,2557,3725,0,944,0,2004,-514,992,-310,1034,774,1398,1426,190,3471,1,0,711,-130,2468
2026-07-17T12:00Z,2548,3757,0,902,0,2006,-514,992,-268,1044,720,1398,1426,174,3470,0,0,643,-128,2721
2026-07-17T12:30Z,2548,3555,0,900,0,2006,-514,992,-118,1044,720,1398,1426,175,3462,0,0,677,-288,2980
2026-07-17T13:00Z,2398,3535,0,906,0,2006,-502,992,-52,1044,742,1398,1426,185,3461,0,0,667,-136,2766
2026-07-17T13:30Z,2245,3667,0,908,0,2004,-378,984,-16,1044,742,1398,1404,189,3459,0,0,699,-316,2523
2026-07-17T14:00Z,2432,3767,0,902,-6,1778,-224,832,-108,956,618,1398,934,188,3467,0,0,674,-212,2658
2026-07-17T14:30Z,2365,4133,0,892,-56,1768,-74,822,-18,950,616,1398,892,189,3452,0,0,722,-276,2645
2026-07-17T15:00Z,2519,4614,0,688,14,1906,26,734,58,642,574,1398,424,189,3452,0,0,1090,-170,2752
2026-07-17T15:30Z,2617,5788,0,658,0,1864,78,704,10,636,574,1398,388,208,3454,6,0,1057,-124,2962
2026-07-17T16:00Z,2619,8418,0,192,0,704,60,66,0,462,642,1398,56,328,3456,8,0,1632,58,3224
2026-07-17T16:30Z,2614,10407,0,160,0,604,-48,24,-46,462,642,1398,48,261,3458,6,0,1087,-14,3536
2026-07-17T17:00Z,2621,11967,0,-92,0,372,-198,-252,-30,474,528,1398,256,273,3460,8,0,1194,-130,3830
2026-07-17T17:30Z,2617,12252,0,-100,0,360,-344,-258,-12,470,528,1398,250,274,3457,8,0,1578,-74,4036
2026-07-17T18:00Z,2557,12123,0,-18,0,568,-376,-102,0,130,474,1398,-120,309,3455,6,0,1948,440,4408
2026-07-17T18:30Z,2507,12348,0,-8,0,576,-426,-96,0,126,472,1398,-146,313,3454,1,0,2042,446,4780
2026-07-17T19:00Z,2506,12425,0,152,0,532,-410,-162,0,246,272,1398,-316,311,3457,0,0,1871,446,5218
2026-07-17T19:30Z,2500,12351,0,158,0,528,-364,-164,0,246,272,1398,-318,307,3460,0,0,1266,444,5464
2026-07-17T20:00Z,2492,12357,0,120,0,452,-348,-166,0,120,272,1398,-138,321,3448,0,0,1097,446,5554
2026-07-17T20:30Z,2493,12419,0,120,0,448,-204,-154,-26,120,268,1398,-128,309,3449,0,0,757,552,5581
2026-07-17T21:00Z,2459,12501,0,174,-56,444,-262,120,-150,150,38,1398,-132,307,3459,6,0,654,336,5514
2026-07-17T21:30Z,2456,12051,0,182,-8,452,-414,128,-134,146,36,1398,-118,291,3462,54,0,596,210,5546
2026-07-17T22:00Z,2467,10610,0,328,-54,912,-512,26,-200,0,160,1398,214,246,3456,6,0,802,386,5429
2026-07-17T22:30Z,2477,9143,0,338,-8,942,-514,28,-298,0,160,1398,240,244,3465,0,0,947,618,5173
2026-07-17T23:00Z,2480,8714,0,388,-8,1162,-514,182,-300,156,272,1398,480,240,3464,0,0,399,466,5092
2026-07-17T23:30Z,2480,8302,0,394,-16,1174,-514,196,-300,160,274,1398,494,312,3467,0,0,321,342,4985
2026-07-18T00:00Z,2500,7529,0,496,-110,1378,-514,348,-300,344,298,1398,562,313,3469,0,0,336,-116,4795
2026-07-18T00:30Z,2506,6667,0,504,-54,1390,-514,364,-300,346,300,1398,576,312,3461,0,0,401,256,4676
2026-07-18T01:00Z,2506,5967,0,586,-172,1622,-514,596,-300,314,470,1398,854,290,3468,0,0,193,134,4795
2026-07-18T01:30Z,2471,5387,0,592,-190,1632,-514,600,-300,314,470,1398,880,287,3470,0,0,172,140,5228
2026-07-18T02:00Z,2474,5111,0,674,-122,1562,-514,474,-300,500,256,1398,1238,119,3472,0,0,162,-4,5523
2026-07-18T02:30Z,2472,4529,0,672,-8,1558,-514,460,-300,502,252,1398,1258,104,3470,0,0,172,-12,5625
2026-07-18T03:00Z,2477,3906,0,546,0,1562,-514,314,-300,640,194,1398,1344,103,3468,0,0,248,-14,5860
2026-07-18T03:30Z,2458,3105,0,536,0,1560,-514,306,-300,638,192,1398,1344,102,3467,0,0,201,-14,6006
2026-07-18T04:00Z,2463,2909,0,420,0,1434,-514,322,-300,402,56,1398,1212,87,3467,0,0,293,-14,6332
2026-07-18T04:30Z,2468,2911,0,418,-32,1428,-514,328,-300,402,54,1398,1208,89,3460,0,0,310,-180,6504
2026-07-18T05:00Z,2494,3099,0,482,-174,1528,-514,480,-300,544,-64,1398,1270,106,3457,0,0,412,-352,6574
2026-07-18T05:30Z,2498,2939,0,506,-326,1534,-514,506,-312,546,-64,1398,1280,106,3449,0,0,598,-196,6358
2026-07-18T06:00Z,2232,2999,0,978,-476,1662,-514,928,-428,580,146,1398,1350,107,3455,0,0,450,-596,6289
2026-07-18T06:30Z,1521,2866,0,986,-532,1668,-514,938,-452,586,158,1398,1346,107,3450,0,0,1124,-96,6088
2026-07-18T07:00Z,971,2806,0,716,-532,1706,-514,714,-452,916,636,1398,1152,90,3451,0,0,1386,-16,6121
2026-07-18T07:30Z,772,2800,0,706,-532,1708,-514,704,-452,924,646,1398,1142,88,3448,0,0,1205,-12,6487
2026-07-18T08:00Z,771,2640,0,706,-532,1706,-514,700,-452,1050,724,1398,1142,88,3454,0,0,1069,132,6689
2026-07-18T08:30Z,770,2450,0,706,-456,1706,-514,700,-452,1050,724,1398,1142,88,3452,0,0,888,140,6442
2026-07-18T09:00Z,769,2338,0,704,-356,1706,-514,700,-452,1048,724,1398,1142,73,3454,0,0,1107,-412,6576
2026-07-18T09:30Z,769,2249,0,704,-430,1706,-514,698,-452,1046,724,1398,1142,72,3465,0,0,1202,-598,7011
2026-07-18T10:00Z,770,2211,0,702,-454,1706,-514,698,-452,1040,724,1398,1142,72,3463,0,0,814,-888,6772
2026-07-18T10:30Z,770,2128,0,702,-418,1706,-514,698,-452,1042,724,1398,1142,72,3476,0,0,742,-808,6542
2026-07-18T11:00Z,771,1989,0,704,-524,1706,-514,702,-452,1046,722,1398,1142,72,3477,0,0,588,-936,6708
2026-07-18T11:30Z,770,1990,0,704,-532,1706,-514,702,-452,1046,722,1392,1142,72,3484,0,0,549,-948,7075
2026-07-18T12:00Z,767,1989,0,704,-532,1706,-514,702,-452,1046,726,1332,1142,72,3479,0,0,726,-1144,6963
2026-07-18T12:30Z,768,1989,0,706,-532,1706,-514,702,-452,1046,726,1330,1142,72,3479,0,0,789,-1250,6539
2026-07-18T13:00Z,768,1990,0,704,-522,1706,-492,700,-452,1046,706,1390,1142,72,3476,0,0,762,-1098,6558
2026-07-18T13:30Z,770,1989,0,704,-526,1706,-502,698,-452,1046,706,1386,1142,72,3476,0,0,602,-1168,7015
2026-07-18T14:00Z,771,1990,0,706,-444,1706,-514,700,-410,1046,706,1272,1142,72,3472,0,0,427,-1252,7430
2026-07-18T14:30Z,770,1990,0,718,-482,1710,-514,710,-402,1046,706,1242,1150,88,3466,0,0,432,-1240,7683
2026-07-18T15:00Z,769,1990,0,986,-354,1990,-486,980,-442,1046,800,1066,1322,88,3468,0,0,322,-962,7363
2026-07-18T15:30Z,769,1846,0,998,-374,2006,-514,992,-452,1044,802,1074,1334,109,3465,0,0,367,-956,7493
2026-07-18T16:00Z,768,1857,0,998,-486,2004,-514,992,-452,1046,994,1332,1420,205,3461,0,0,368,-572,8081
2026-07-18T16:30Z,932,1985,0,996,-518,2004,-514,986,-452,1046,996,1342,1426,267,3460,0,0,378,-290,8666
2026-07-18T17:00Z,1309,2045,0,962,-532,1938,-514,842,-452,1044,898,1168,1428,450,3449,0,0,758,-290,8597
2026-07-18T17:30Z,1837,2254,0,958,-516,1936,-514,824,-452,1044,892,1170,1426,474,3447,0,0,979,-282,8370
2026-07-18T18:00Z,2082,2454,0,870,-420,1948,-514,548,-452,880,496,1376,1394,361,3450,0,0,1726,86,8058
2026-07-18T18:30Z,2316,2298,0,860,-512,1942,-514,532,-452,878,488,1398,1382,355,3443,0,0,1703,338,8116
2026-07-18T19:00Z,2395,2786,0,754,-532,1608,-514,478,-452,768,388,1398,1154,402,3450,0,0,2461,508,7671
2026-07-18T19:30Z,2462,2878,0,744,-532,1584,-514,466,-452,770,388,1398,1152,430,3455,46,0,1964,284,8231
2026-07-18T20:00Z,2481,2916,0,626,-532,1516,-514,248,-452,1040,412,1398,1394,439,3446,3,0,2035,614,7710
2026-07-18T20:30Z,2481,3199,0,634,-532,1514,-514,246,-452,1044,412,1398,1406,422,3450,31,0,1644,528,7892
2026-07-18T21:00Z,2478,3091,0,872,-532,1652,-514,410,-452,1044,450,1398,1422,406,3461,28,0,814,520,8365
2026-07-18T21:30Z,2483,3103,0,876,-532,1658,-514,424,-452,1042,450,1398,1410,384,3456,0,0,692,290,8550
2026-07-18T22:00Z,2433,2919,0,724,-532,1526,-514,560,-452,792,582,1398,1110,330,3462,0,0,530,86,8336
2026-07-18T22:30Z,2339,2558,0,720,-532,1518,-514,570,-452,790,584,1398,1104,346,3456,0,0,525,196,8228
2026-07-18T23:00Z,2358,2425,0,770,-488,1596,-514,628,-442,888,696,1398,1328,362,3464,0,0,270,-42,8258
2026-07-18T23:30Z,2304,2423,0,760,-460,1594,-514,628,-370,890,686,1376,1312,360,3459,0,0,196,-166,8087
2026-07-19T00:00Z,2463,2415,0,476,-530,1174,-514,562,-302,880,196,1154,680,309,3466,0,0,450,-164,8281
2026-07-19T00:30Z,2444,2418,0,470,-532,1158,-514,556,-302,876,182,1116,638,306,3470,0,0,346,-142,8327
2026-07-19T01:00Z,2170,2473,0,570,-532,1608,-514,498,-302,598,56,964,398,254,3467,0,0,320,-10,8412
2026-07-19T01:30Z,1620,2606,0,580,-532,1638,-514,504,-302,588,56,984,372,250,3464,0,0,317,-18,8526
2026-07-19T02:00Z,1270,2638,0,698,-532,1706,-514,692,-302,188,266,1358,54,250,3469,0,0,256,-20,8734
2026-07-19T02:30Z,1268,2617,0,704,-532,1710,-514,700,-302,178,268,1392,34,245,3472,0,0,266,-18,8907
2026-07-19T03:00Z,1270,2686,0,704,-532,1710,-514,702,-302,158,264,1340,-50,255,3468,0,0,381,-44,8667
2026-07-19T03:30Z,1269,2653,0,704,-532,1710,-514,702,-302,158,242,1306,-60,155,3477,0,0,206,-178,8450
2026-07-19T04:00Z,1270,2674,0,708,-532,1710,-514,702,-302,124,-440,1028,-142,118,3475,0,0,802,-570,7958
2026-07-19T04:30Z,1269,2668,0,716,-532,1710,-514,702,-302,130,-446,1000,-142,110,3477,0,0,1149,-912,7494
2026-07-19T05:00Z,1266,2662,0,888,-532,1708,-514,702,-302,540,118,1014,-46,97,3471,0,0,881,-944,7114
2026-07-19T05:30Z,1267,2637,0,886,-532,1708,-514,702,-302,554,142,1034,10,98,3475,0,0,675,-896,6923
2026-07-19T06:00Z,1142,2670,0,710,-532,1706,-514,700,-344,746,598,1226,986,98,3460,0,0,547,-1080,6400
2026-07-19T06:30Z,937,2640,0,702,-532,1706,-514,700,-418,750,608,1258,1046,98,3461,0,0,526,-846,6303
2026-07-19T07:00Z,768,2569,0,702,-532,1706,-514,700,-452,1040,704,1384,1134,98,3455,0,0,566,-822,5981
2026-07-19T07:30Z,767,2447,0,702,-532,1706,-514,700,-452,1044,706,1398,1138,98,3449,0,0,543,-864,5804
2026-07-19T08:00Z,769,2431,0,700,-532,1706,-514,700,-452,1030,724,1398,1138,97,3450,0,0,490,-878,5458
2026-07-19T08:30Z,768,2414,0,700,-532,1708,-514,700,-452,1032,724,1398,1138,96,3452,0,0,565,-1024,5071
2026-07-19T09:00Z,770,2427,0,702,-532,1706,-514,700,-452,1036,724,1398,1138,80,3449,0,0,621,-1084,4664
2026-07-19T09:30Z,770,2419,0,712,-532,1706,-514,702,-452,1036,724,1398,1138,78,3449,0,0,707,-1088,4310
2026-07-19T10:00Z,770,2413,0,916,-532,1708,-514,768,-452,1028,724,1398,1138,77,3454,0,0,736,-1090,4063
2026-07-19T10:30Z,771,2370,0,920,-532,1708,-514,768,-452,1028,724,1398,1138,76,3451,0,0,977,-1070,3729
2026-07-19T11:00Z,771,2243,0,844,-532,1706,-514,702,-452,898,706,1398,1138,75,3453,0,0,962,-922,3990
2026-07-19T11:30Z,771,2247,0,842,-532,1704,-514,700,-452,896,706,1370,1138,75,3462,0,0,696,-1076,4432
2026-07-19T12:00Z,770,2247,0,842,-532,1612,-514,700,-378,906,724,1088,1138,73,3464,0,0,539,-1086,4614
2026-07-19T12:30Z,769,2186,0,836,-532,1610,-514,708,-302,906,724,1032,1138,73,3471,0,0,337,-1086,4864
2026-07-19T13:00Z,767,2229,0,712,-532,1700,-440,924,-302,806,706,752,1138,73,3473,0,0,292,-1084,4799
2026-07-19T13:30Z,770,2258,0,708,-532,1706,-314,934,-302,804,706,716,1138,72,3471,0,0,284,-1026,4416
2026-07-19T14:00Z,771,2286,0,716,-532,1716,-300,970,-302,750,706,628,1138,73,3470,0,0,276,-978,4425
2026-07-19T14:30Z,772,2337,0,718,-532,1720,-300,972,-302,748,706,656,1138,73,3463,0,0,291,-958,4611
2026-07-19T15:00Z,773,2177,0,748,-532,1968,-300,972,-302,746,704,1030,1138,72,3468,0,0,432,-956,4697
2026-07-19T15:30Z,772,2207,0,760,-530,1982,-300,972,-302,750,708,1096,1148,74,3459,0,0,897,-944,5246
2026-07-19T16:00Z,771,2391,0,988,-470,2004,-300,992,-320,1034,992,1370,1412,86,3472,0,0,520,-714,5432
2026-07-19T16:30Z,997,2657,0,998,-528,2004,-374,992,-262,1036,996,1398,1424,99,3472,0,0,573,-440,5782
2026-07-19T17:00Z,1652,3124,0,998,-490,2004,-500,992,-262,1034,996,1398,1424,228,3469,0,0,837,-82,6274
2026-07-19T17:30Z,2112,3563,0,998,-530,2004,-514,992,-262,1036,996,1398,1426,280,3469,0,0,841,-8,6345
2026-07-19T18:00Z,2131,4078,0,998,-532,2004,-514,992,-252,1038,998,1398,1428,365,3466,0,0,920,142,6254
2026-07-19T18:30Z,2152,4570,0,998,-532,2004,-514,990,-252,1038,998,1398,1428,504,3461,0,0,1241,294,6162
2026-07-19T19:00Z,2204,4585,0,998,-532,2004,-514,978,-270,1036,998,1398,1428,444,3466,0,0,1292,252,5912
2026-07-19T19:30Z,2243,4521,0,996,-532,2004,-514,974,-400,1034,996,1398,1426,392,3463,0,0,1313,306,5775
2026-07-19T20:00Z,2369,4974,0,934,-532,1994,-514,920,-396,786,852,1398,1404,394,3460,0,0,1780,668,5613
2026-07-19T20:30Z,2455,5219,0,934,-532,1992,-514,920,-264,784,850,1398,1402,405,3453,0,0,1246,330,5602
2026-07-19T21:00Z,2480,5334,0,974,-532,1988,-480,974,-242,1004,986,1398,1422,437,3452,0,0,633,224,5261
2026-07-19T21:30Z,2297,5294,0,974,-532,1988,-514,974,-242,1008,988,1398,1416,409,3449,0,0,456,194,5211
2026-07-19T22:00Z,2358,4841,0,940,-458,1942,-514,924,-242,898,938,1398,1202,407,3452,0,0,329,-18,5109
2026-07-19T22:30Z,2393,3996,0,942,-326,1940,-514,924,-242,898,938,1398,1200,422,3450,0,0,700,-14,5153
2026-07-19T23:00Z,2410,3678,0,996,-342,2000,-514,988,-242,1020,996,1398,1414,402,3453,0,0,513,-14,4935
2026-07-19T23:30Z,2387,3506,0,998,-222,2004,-514,992,-242,1020,998,1398,1426,389,3457,0,0,384,-14,4709
2026-07-20T00:00Z,2298,3252,0,998,-174,2004,-514,992,-242,1022,978,1398,1426,334,3459,0,0,231,-14,4814
2026-07-20T00:30Z,2213,3032,0,998,-186,2004,-514,992,-242,1022,978,1398,1426,335,3453,0,0,371,-14,4911
2026-07-20T01:00Z,1935,2922,0,998,-322,2004,-514,992,-242,1024,954,1398,1426,301,3458,0,0,542,-14,4876
2026-07-20T01:30Z,1810,2627,0,998,-306,2004,-514,992,-242,1022,952,1398,1414,299,3459,0,0,454,-78,4767
2026-07-20T02:00Z,1879,2614,0,976,-428,2004,-514,992,-242,912,740,1398,1138,299,3453,0,0,605,24,4536
2026-07-20T02:30Z,1965,2617,0,970,-364,1980,-514,982,-242,906,732,1396,1124,297,3461,0,0,291,-12,4792
2026-07-20T03:00Z,2211,3031,0,852,-256,1062,-514,764,-242,604,418,1396,1138,279,3459,0,0,520,-12,5054
2026-07-20T03:30Z,2471,3198,0,846,-260,1000,-514,752,-126,560,410,1396,1138,278,3469,0,0,186,-12,4952
2026-07-20T04:00Z,2394,3769,0,788,-224,1162,-514,740,0,102,180,1396,1104,285,3461,0,0,329,38,4836
2026-07-20T04:30Z,2482,3957,0,790,-162,1184,-514,742,0,102,182,1398,1102,302,3464,0,0,389,-14,4448
2026-07-20T05:00Z,2466,4495,0,902,-304,1702,-514,796,-78,612,514,1398,1120,297,3469,0,0,326,-230,4734
2026-07-20T05:30Z,2472,4757,0,906,-454,1740,-514,806,-326,674,522,1398,1136,281,3469,0,0,818,-32,4784
2026-07-20T06:00Z,2462,5359,0,902,-532,1896,-514,984,-446,1018,704,1398,1414,297,3477,0,0,728,90,4459
2026-07-20T06:30Z,2468,5634,0,902,-532,1906,-514,992,-452,1024,706,1398,1428,297,3469,0,0,988,-6,4192
2026-07-20T07:00Z,2461,5683,0,902,-532,1906,-514,992,-452,1040,706,1398,1428,297,3473,0,0,1205,-8,3835
2026-07-20T07:30Z,2492,5554,0,902,-532,1906,-514,992,-452,1040,706,1398,1428,298,3464,0,0,1187,-10,3464
2026-07-20T08:00Z,2487,5333,0,900,-532,1906,-514,992,-452,1038,726,1398,1428,279,3469,0,0,931,-192,3251
2026-07-20T08:30Z,2480,5140,0,896,-532,1906,-514,992,-452,1038,726,1398,1428,237,3466,0,0,808,-276,3080
2026-07-20T09:00Z,2468,4589,0,808,-494,1906,-514,992,-452,1036,726,1398,1428,194,3459,0,0,866,-270,2836
2026-07-20T09:30Z,2141,4270,0,802,-360,1906,-514,992,-452,1038,726,1398,1428,194,3461,0,0,823,-274,2569
2026-07-20T10:00Z,1864,4010,0,758,-380,1860,-514,992,-452,1046,820,1398,1428,194,3455,0,0,938,-436,2486
2026-07-20T10:30Z,1715,3826,0,766,-304,1858,-514,992,-452,1046,820,1398,1428,193,3451,0,0,881,-518,2443
2026-07-20T11:00Z,1613,3851,0,988,-400,1808,-514,992,-452,1046,724,1398,1428,193,3439,0,0,937,-514,2298
2026-07-20T11:30Z,1599,3791,0,998,-366,1804,-514,992,-452,1046,724,1398,1426,193,3442,0,0,807,-510,2073
2026-07-20T12:00Z,1331,3836,0,998,-480,1758,-514,992,-452,1040,724,1398,1426,193,3438,0,0,809,-254,2192
2026-07-20T12:30Z,1252,3856,0,998,-460,1756,-514,992,-452,1040,724,1398,1426,192,3445,0,0,642,-252,2475
2026-07-20T13:00Z,1253,3856,0,998,-322,1708,-514,992,-452,1036,702,1398,1426,191,3436,0,0,750,-250,2433
2026-07-20T13:30Z,1330,3586,0,994,-254,1710,-514,992,-452,1036,702,1398,1426,191,3430,0,0,979,-248,2254
2026-07-20T14:00Z,1678,3824,0,902,-296,1892,-514,992,-452,1040,704,1398,1426,193,3433,0,0,968,-246,2146
2026-07-20T14:30Z,2202,4268,0,902,-230,1912,-514,992,-452,1040,704,1398,1426,191,3442,0,0,739,-248,2345
2026-07-20T15:00Z,2465,4454,0,970,-284,1998,-514,992,-452,1038,704,1398,1426,183,3450,0,0,654,90,2566
2026-07-20T15:30Z,2432,5689,0,974,-420,2006,-514,992,-452,1038,704,1398,1426,193,3451,4,0,840,140,2729
2026-07-20T16:00Z,2484,7221,0,996,-526,2004,-514,992,-452,1038,898,1398,1426,283,3457,7,0,739,140,2765
2026-07-20T16:30Z,2463,8293,0,998,-532,2006,-514,992,-452,1038,900,1398,1426,305,3461,10,0,566,138,2796
2026-07-20T17:00Z,2468,9078,0,998,-532,2004,-514,992,-452,1032,996,1398,1418,380,3465,11,0,622,136,2922
2026-07-20T17:30Z,2472,9483,0,998,-532,2002,-514,990,-452,1032,996,1398,1390,405,3461,11,0,778,552,3162
2026-07-20T18:00Z,2474,9787,0,998,-532,1918,-514,950,-452,838,946,1398,762,449,3462,11,0,1307,516,3410
2026-07-20T18:30Z,2483,9239,0,996,-532,1912,-514,944,-452,834,944,1398,742,454,3452,11,0,2056,720,3510
2026-07-20T19:00Z,2486,9547,0,952,-532,1876,-514,836,-452,730,824,1398,928,415,3454,11,0,2238,206,3496
2026-07-20T19:30Z,2474,9559,0,948,-532,1876,-514,828,-452,730,824,1398,940,391,3453,11,0,2167,272,3421
2026-07-20T20:00Z,2444,9698,0,930,-532,1842,-514,790,-452,692,798,1398,940,391,3455,11,0,1849,270,3320
2026-07-20T20:30Z,2441,9801,0,928,-532,1842,-514,796,-452,698,798,1398,956,389,3457,11,0,1399,272,3201
2026-07-20T21:00Z,2451,9234,0,892,-532,1966,-514,984,-452,1022,898,1398,1294,353,3454,11,0,831,86,3075
2026-07-20T21:30Z,2454,9167,0,892,-532,1974,-514,992,-452,1026,894,1398,1302,334,3454,1,0,616,-108,2873
2026-07-20T22:00Z,2450,8879,0,970,-532,2002,-514,992,-452,804,582,1398,1114,340,3458,0,0,426,-110,2924
2026-07-20T22:30Z,2457,8454,0,974,-462,2004,-514,992,-412,800,576,1398,1100,374,3455,0,0,406,-78,2852
2026-07-20T23:00Z,2456,8474,0,988,-396,2004,-514,972,-362,574,390,1398,948,344,3463,0,0,492,-416,2879
2026-07-20T23:30Z,2461,8074,0,988,-296,2004,-514,970,-312,570,388,1398,926,334,3461,0,0,481,-70,2664
2026-07-21T00:00Z,2458,7481,0,998,-194,2006,-514,946,-260,416,416,1398,620,291,3463,0,0,472,180,2318
2026-07-21T00:30Z,2440,7461,0,998,-220,2004,-514,944,-252,414,416,1398,608,275,3462,0,0,368,222,2291
2026-07-21T01:00Z,2439,7450,0,964,-372,2004,-514,934,-252,360,526,1398,674,258,3458,0,0,274,222,2389
2026-07-21T01:30Z,2453,7326,0,962,-390,2004,-514,934,-252,358,522,1398,662,258,3456,0,0,271,292,2371
2026-07-21T02:00Z,2473,7450,0,978,-380,1980,-514,962,-252,158,148,1398,242,258,3462,0,0,254,130,2613
2026-07-21T02:30Z,2498,7192,0,976,-288,1978,-514,954,-252,150,136,1398,214,258,3455,0,0,294,134,2850
2026-07-21T03:00Z,2498,7402,0,936,-224,1888,-514,732,-252,-102,-158,1398,10,238,3455,0,0,303,134,3014
2026-07-21T03:30Z,2496,7229,0,926,-168,1880,-514,712,-252,-104,-162,1398,-12,238,3453,0,0,283,130,3300
2026-07-21T04:00Z,2493,7251,0,744,-64,1738,-514,522,-252,-492,-144,1398,-334,238,3460,0,0,421,350,3571
2026-07-21T04:30Z,2492,7295,0,730,-144,1732,-514,520,-252,-484,-138,1398,-334,247,3464,0,0,516,400,3677
2026-07-21T05:00Z,2491,7412,0,622,-296,1850,-514,726,-294,0,290,1398,30,292,3469,0,0,445,236,3869
2026-07-21T05:30Z,2500,7562,0,624,-446,1858,-514,744,-344,0,314,1398,124,293,3463,0,0,982,332,3885
2026-07-21T06:00Z,2495,7280,0,790,-530,1984,-514,932,-418,830,884,1398,1288,292,3470,0,0,529,134,3815
2026-07-21T06:30Z,2504,7449,0,796,-532,1988,-514,944,-452,1004,898,1398,1368,293,3462,0,0,709,138,3808
2026-07-21T07:00Z,2503,7347,0,802,-532,1896,-514,990,-452,1046,912,1398,1424,277,3456,0,0,919,142,3715
2026-07-21T07:30Z,2504,7117,0,806,-532,1892,-514,992,-452,1046,910,1398,1426,275,3453,0,0,812,142,3560
2026-07-21T08:00Z,2478,6881,0,920,-532,1974,-514,992,-452,1042,722,1398,1426,268,3461,0,0,876,160,3442
2026-07-21T08:30Z,2503,6503,0,928,-522,1980,-514,992,-452,1042,722,1398,1426,268,3463,0,0,809,242,3553
2026-07-21T09:00Z,2503,6126,0,996,-406,2004,-514,992,-452,1042,724,1398,1426,211,3464,0,0,607,144,3577
2026-07-21T09:30Z,2506,5794,0,998,-284,2004,-514,992,-452,1042,724,1398,1426,169,3454,0,0,589,142,3599
2026-07-21T10:00Z,2503,5533,0,998,-388,2004,-514,992,-452,1044,726,1398,1426,167,3463,0,0,734,116,3633
2026-07-21T10:30Z,2314,5659,0,998,-438,2004,-514,992,-444,1044,726,1398,1426,162,3470,0,0,579,8,3852
2026-07-21T11:00Z,2191,5382,0,998,-424,2004,-514,992,-402,1044,724,1398,1426,155,3463,0,0,664,-8,3987
2026-07-21T11:30Z,2230,5360,0,998,-428,2004,-514,992,-402,1042,724,1398,1426,154,3463,0,0,630,-136,3915
2026-07-21T12:00Z,2164,5434,0,998,-320,2004,-514,992,-414,1044,724,1398,1426,129,3459,0,0,521,-162,3832
2026-07-21T12:30Z,2298,5238,0,998,-292,2004,-514,992,-402,1042,724,1398,1426,128,3458,0,0,680,-162,3874
2026-07-21T13:00Z,2335,5106,0,998,-142,2004,-514,992,-444,1042,704,1398,1426,128,3460,0,0,652,-164,4032
2026-07-21T13:30Z,2342,4946,0,998,-154,2004,-514,992,-452,1042,704,1398,1426,128,3456,0,0,637,-162,4264
2026-07-21T14:00Z,2415,4989,0,998,-184,2004,-514,992,-452,1042,704,1398,1426,148,3475,0,0,629,-160,4364
2026-07-21T14:30Z,2474,5071,0,996,-98,2002,-514,992,-454,1042,704,1398,1426,152,3454,0,0,536,-162,4554
2026-07-21T15:00Z,2482,5078,0,952,-2,1842,-514,992,-426,1036,728,1398,1426,145,3459,0,0,591,-164,4892
2026-07-21T15:30Z,2489,5641,0,950,-22,1832,-514,992,-370,1036,728,1398,1426,150,3444,8,0,680,-162,4917
2026-07-21T16:00Z,2491,6695,0,954,-156,1846,-514,992,-448,1028,702,1398,1404,211,3447,9,0,994,-162,4916
2026-07-21T16:30Z,2489,7704,0,954,-308,1846,-514,984,-454,1006,702,1398,1388,222,3446,9,0,980,-166,4937
2026-07-21T17:00Z,2487,8486,0,960,-412,1636,-514,786,-454,302,654,1398,1024,310,3453,9,0,1179,-166,5026
2026-07-21T17:30Z,2487,9100,0,938,-522,1628,-514,764,-454,276,644,1398,1002,321,3451,9,0,1506,134,5135
2026-07-21T18:00Z,2491,9499,0,452,-518,1714,-512,488,-454,166,198,1398,856,332,3453,56,0,2303,582,5177
2026-07-21T18:30Z,2483,9962,0,432,-508,1716,-514,470,-454,164,194,1398,864,323,3452,58,0,2617,610,5013
2026-07-21T19:00Z,2474,10218,0,440,-520,1474,-514,342,-454,282,544,1398,1172,351,3461,169,0,1785,514,5175
2026-07-21T19:30Z,2481,10209,0,458,-532,1464,-514,342,-454,284,548,1398,1188,357,3458,232,0,1249,514,5370
2026-07-21T20:00Z,2487,10126,0,848,-492,1730,-514,522,-454,366,350,1398,1208,358,3453,18,0,758,514,5482
2026-07-21T20:30Z,2488,10020,0,864,-502,1746,-440,528,-454,366,348,1398,1208,345,3450,2,0,574,434,5659
2026-07-21T21:00Z,2484,9973,0,818,-434,1778,-434,486,-388,308,230,1398,1180,341,3451,2,0,489,-10,5751
2026-07-21T21:30Z,2485,9866,0,794,-388,1766,-442,476,-352,306,230,1398,1186,358,3446,3,0,428,-174,5611
2026-07-21T22:00Z,2482,9113,0,332,-294,1434,-498,322,-334,278,192,1398,1368,349,3449,2,0,419,-214,5360
2026-07-21T22:30Z,2482,8510,0,310,-142,1422,-514,314,-230,278,192,1398,1378,347,3447,2,0,403,-142,4954
2026-07-21T23:00Z,2481,8168,0,280,-14,1502,-514,294,-216,262,252,1398,1424,342,3453,2,0,312,-58,4759
2026-07-21T23:30Z,2481,7864,0,280,0,1514,-514,296,-216,262,252,1398,1428,337,3457,2,0,295,-174,4449
2026-07-22T00:00Z,2481,7161,0,302,0,1794,-500,358,-216,406,158,1398,1428,278,3455,2,0,300,-106,4184
2026-07-22T00:30Z,2480,6824,0,310,0,1802,-416,364,-246,408,158,1398,1428,275,3463,1,0,312,230,4194
2026-07-22T01:00Z,2482,6415,0,490,-38,1778,-504,470,-252,426,342,1398,1428,290,3472,0,0,268,166,4170
2026-07-22T01:30Z,2492,6362,0,492,-82,1780,-514,478,-252,426,346,1398,1428,297,3469,0,0,277,-16,3996
2026-07-22T02:00Z,2490,6326,0,370,-46,1858,-514,528,-252,314,572,1398,1422,297,3469,0,0,350,-16,3860
2026-07-22T02:30Z,2486,6204,0,362,-48,1844,-514,520,-252,314,566,1398,1420,295,3473,0,0,245,-16,3880
2026-07-22T03:00Z,2493,6068,0,304,0,1482,-514,310,-252,510,136,1398,1420,276,3469,1,0,331,126,4092
2026-07-22T03:30Z,2492,5937,0,300,0,1458,-514,298,-252,472,124,1398,1420,276,3475,0,0,297,188,4221
2026-07-22T04:00Z,2490,6271,0,296,-40,1242,-514,252,-252,-102,-188,1398,1426,276,3472,2,0,364,374,3961
2026-07-22T04:30Z,2488,6645,0,306,-90,1256,-514,258,-270,-102,-186,1398,1428,280,3466,2,0,565,372,3908
2026-07-22T05:00Z,2473,6727,0,546,-236,1754,-514,428,-326,352,200,1398,1426,300,3464,1,0,339,38,4182
2026-07-22T05:30Z,2473,6617,0,572,-386,1774,-514,458,-378,430,226,1398,1426,305,3459,0,0,758,374,4271
2026-07-22T06:00Z,2466,6692,0,900,-516,1706,-514,968,-452,942,852,1398,1426,341,3460,0,0,646,374,4622
2026-07-22T06:30Z,2466,7245,0,918,-532,1704,-514,992,-452,942,872,1398,1426,340,3454,0,0,832,384,5026
2026-07-22T07:00Z,2469,6989,0,994,-532,1724,-514,992,-452,1050,878,1398,1426,341,3458,0,0,700,158,5277
2026-07-22T07:30Z,2462,6780,0,998,-532,1728,-514,992,-452,1050,876,1398,1426,341,3458,0,0,628,144,5137
2026-07-22T08:00Z,2462,6679,0,998,-532,1844,-514,992,-452,1050,778,1398,1426,325,3456,0,0,637,144,5173
2026-07-22T08:30Z,2460,6634,0,998,-532,1850,-514,992,-452,1050,778,1398,1426,312,3458,0,0,502,144,4906
2026-07-22T09:00Z,2468,5656,0,998,-498,1904,-514,992,-452,1048,720,1398,1426,230,3456,0,0,791,144,4510
2026-07-22T09:30Z,2466,5092,0,998,-422,1906,-514,992,-452,1048,720,1398,1426,248,3460,0,0,847,144,4646
2026-07-22T10:00Z,2469,5041,0,998,-270,1906,-440,992,-452,1048,722,1398,1426,217,3464,1,0,709,144,4616
2026-07-22T10:30Z,2477,5139,0,998,-190,1910,-414,992,-452,1048,722,1398,1426,347,3458,4,0,795,144,4372
2026-07-22T11:00Z,2472,5292,0,998,-142,2000,-416,992,-452,1046,722,1398,1426,251,3466,0,0,672,142,4188
2026-07-22T11:30Z,2480,5390,0,998,-122,2004,-422,992,-438,1046,722,1398,1426,207,3458,0,0,718,-6,3885
2026-07-22T12:00Z,2472,5402,0,998,-268,2006,-382,992,-452,1046,722,1398,1426,187,3462,0,0,789,96,3819
2026-07-22T12:30Z,2469,5369,0,998,-230,2006,-384,992,-452,1046,722,1398,1426,168,3469,0,0,551,46,3520
2026-07-22T13:00Z,2462,5334,0,998,-228,2004,-428,992,-452,1046,706,1398,1426,188,3464,0,0,650,-8,3643
2026-07-22T13:30Z,2466,5251,0,998,-204,2006,-408,992,-452,1046,704,1398,1426,210,3469,0,0,608,-8,3878
2026-07-22T14:00Z,2484,5190,0,998,-216,2006,-462,992,-452,1034,706,1398,1426,227,3457,0,0,700,-8,4048
2026-07-22T14:30Z,2472,5666,0,996,-186,2004,-466,992,-452,1032,706,1398,1426,232,3467,0,0,697,-8,4501
2026-07-22T15:00Z,2465,5513,0,960,-98,1966,-514,992,-404,1034,778,1398,1426,249,3459,5,0,701,-4,4837
2026-07-22T15:30Z,2470,6286,0,952,-226,1958,-500,992,-396,1036,778,1398,1426,250,3460,11,0,709,-8,4840
2026-07-22T16:00Z,2482,7779,0,804,-378,1712,-514,992,-452,1034,804,1398,1426,319,3466,11,0,705,-8,5009
2026-07-22T16:30Z,2485,8305,0,802,-510,1706,-514,992,-452,1034,804,1398,1426,328,3463,11,0,813,4,5156
2026-07-22T17:00Z,2485,8013,0,894,-532,1706,-514,992,-452,1030,704,1398,1426,410,3463,11,0,1047,376,5311
2026-07-22T17:30Z,2487,8452,0,900,-532,1706,-514,992,-452,1030,704,1398,1426,420,3464,11,0,1509,116,5516
2026-07-22T18:00Z,2525,9035,0,886,-532,1706,-514,992,-452,1026,720,1398,1426,352,3463,11,0,1689,238,5287
2026-07-22T18:30Z,2539,9268,0,880,-532,1706,-514,992,-390,1028,720,1398,1426,343,3469,11,0,1459,500,4657
2026-07-22T19:00Z,2552,9047,0,760,-532,1706,-514,992,-362,1024,838,1398,1426,385,3463,11,0,1418,532,4268
2026-07-22T19:30Z,2503,8999,0,754,-532,1706,-514,992,-362,1022,838,1398,1428,417,3457,14,0,1751,654,3813
2026-07-22T20:00Z,2550,9024,0,754,-532,1706,-514,992,-362,1024,850,1398,1430,497,3462,52,0,1464,674,3451
2026-07-22T20:30Z,2568,9094,0,754,-532,1706,-514,992,-362,1024,850,1398,1430,502,3458,63,0,1230,672,3399
2026-07-22T21:00Z,2582,9094,0,764,-532,1706,-514,992,-362,1022,842,1398,1430,502,3458,25,0,900,536,3314
2026-07-22T21:30Z,2577,8894,0,762,-532,1706,-514,992,-362,1022,842,1398,1430,458,3457,2,0,457,150,3585
2026-07-22T22:00Z,2543,7724,0,706,-458,1708,-514,992,-362,1020,704,1398,1428,391,3449,3,0,337,112,3962
2026-07-22T22:30Z,2552,7198,0,702,-354,1708,-514,992,-362,1018,704,1398,1428,391,3448,3,0,298,68,4322
2026-07-22T23:00Z,2572,7157,0,704,-282,1704,-514,992,-362,1010,702,1398,1428,381,3446,3,0,250,-60,4233
2026-07-22T23:30Z,2569,7047,0,702,-234,1704,-514,992,-362,1010,702,1398,1428,359,3450,3,0,155,-18,3998
2026-07-23T00:00Z,2577,7227,0,684,-366,1708,-514,992,-362,1002,694,1398,1428,303,3445,3,0,265,-18,3796
2026-07-23T00:30Z,2574,7117,0,686,-364,1712,-514,992,-362,1002,694,1398,1428,289,3456,3,0,159,-18,3927
2026-07-23T01:00Z,2583,7054,0,722,-494,1804,-514,952,-362,922,720,1398,1428,273,3455,3,0,155,-290,4193
2026-07-23T01:30Z,2569,6718,0,736,-512,1808,-514,938,-362,920,720,1398,1426,271,3462,2,0,119,-78,4288
2026-07-23T02:00Z,2575,6182,0,970,-500,1842,-514,922,-362,778,766,1398,1376,272,3458,2,0,129,-290,4598
2026-07-23T02:30Z,2571,5597,0,962,-480,1812,-514,900,-362,768,748,1398,1368,272,3464,2,0,162,-292,5161
2026-07-23T03:00Z,2570,5534,0,594,-334,996,-514,722,-362,322,118,1398,1262,272,3464,0,0,151,-38,5445
2026-07-23T03:30Z,2547,5067,0,574,-262,964,-514,688,-362,296,94,1398,1254,279,3467,0,0,258,-146,5410
2026-07-23T04:00Z,2577,5843,0,440,-268,1028,-514,48,-362,0,-284,1398,1216,321,3465,2,0,517,-148,5333
2026-07-23T04:30Z,2565,6189,0,440,-260,1030,-514,34,-380,0,-268,1398,1212,329,3474,1,0,462,-362,5373
2026-07-23T05:00Z,2559,6205,0,538,-156,1074,-514,380,-452,440,424,1398,1138,382,3473,1,0,299,-530,5485
2026-07-23T05:30Z,2563,6566,0,554,-276,1102,-514,416,-452,484,448,1398,1138,386,3471,0,0,888,-220,5148
2026-07-23T06:00Z,2559,6924,0,780,-404,1794,-514,892,-452,888,606,1398,1234,371,3477,0,0,469,-198,4708
2026-07-23T06:30Z,2552,7184,0,786,-496,1822,-514,918,-452,898,608,1398,1246,371,3481,0,0,706,-14,4268
2026-07-23T07:00Z,2558,7229,0,710,-376,1708,-514,988,-406,1048,706,1398,1418,372,3471,2,0,1069,178,3966
2026-07-23T07:30Z,2562,7013,0,720,-344,1712,-514,992,-450,1048,706,1398,1426,372,3474,2,0,1454,-8,3624
2026-07-23T08:00Z,2561,6594,0,988,-344,1994,-514,992,-452,1040,724,1398,1426,364,3472,2,0,1116,-12,3252
2026-07-23T08:30Z,2558,6223,0,998,-222,2004,-514,992,-452,1040,726,1398,1426,352,3472,0,0,761,-10,3121
2026-07-23T09:00Z,2560,6038,0,998,-296,2004,-514,992,-452,1038,724,1398,1426,314,3463,0,0,774,-10,3194
2026-07-23T09:30Z,2557,5942,0,998,-376,2004,-514,992,-452,1038,724,1398,1426,311,3460,2,0,691,-8,3332
2026-07-23T10:00Z,2554,5926,0,998,-368,2004,-442,992,-452,1034,724,1398,1426,288,3459,10,0,564,-6,3461
2026-07-23T10:30Z,2538,5584,0,998,-368,2004,-320,992,-438,1036,724,1398,1426,287,3459,10,0,547,-4,3548
2026-07-23T11:00Z,2551,5180,0,998,-504,2004,-334,992,-452,1046,724,1398,1426,268,3454,0,0,628,-4,3722
2026-07-23T11:30Z,2553,5014,0,998,-496,2004,-354,992,-452,1046,722,1398,1426,268,3448,0,0,569,-6,3842
2026-07-23T12:00Z,2551,4747,0,998,-364,2004,-352,992,-452,1042,722,1398,1426,268,3447,0,0,523,-38,4108
2026-07-23T12:30Z,2552,4585,0,998,-286,2004,-476,992,-452,1042,722,1398,1426,246,3450,0,0,597,-130,4143
2026-07-23T13:00Z,2549,4713,0,998,-382,2004,-474,992,-452,1036,704,1398,1426,211,3449,0,0,504,-140,4424
2026-07-23T13:30Z,2541,4667,0,998,-370,2004,-446,992,-452,1038,704,1398,1426,204,3461,0,0,473,-342,4808
2026-07-23T14:00Z,2547,4363,0,998,-322,2004,-464,992,-452,1042,704,1398,1426,205,3455,0,0,425,-198,4983
2026-07-23T14:30Z,2543,4623,0,998,-298,2004,-314,992,-442,1042,704,1398,1426,205,3454,0,0,349,-130,5017
2026-07-23T15:00Z,2545,4952,0,998,-374,2004,-298,992,-452,1038,704,1398,1426,221,3461,0,0,411,-130,4983
2026-07-23T15:30Z,2555,5566,0,998,-474,2004,-322,992,-452,1038,706,1398,1414,222,3454,0,0,407,-40,4995
2026-07-23T16:00Z,2544,6614,0,998,-366,2004,-398,992,-452,946,686,1398,1150,248,3452,6,0,471,-8,5011
2026-07-23T16:30Z,2550,7629,0,996,-428,1964,-400,990,-452,944,686,1398,1134,269,3455,6,0,657,-10,5065
2026-07-23T17:00Z,2573,8515,0,952,-528,1050,-364,980,-452,842,868,1398,1064,325,3456,9,0,781,346,5288
2026-07-23T17:30Z,2567,8793,0,950,-508,1024,-492,970,-452,838,870,1398,1058,324,3461,9,0,937,442,5390
2026-07-23T18:00Z,2580,8851,0,884,-376,1490,-472,762,-400,570,758,1398,1032,313,3455,13,0,1481,694,5277
2026-07-23T18:30Z,2576,9054,0,874,-318,1506,-496,744,-450,564,758,1398,1016,311,3464,58,0,1824,700,5268
2026-07-23T19:00Z,2582,9285,0,694,-284,1506,-514,524,-452,316,708,1398,688,310,3457,57,0,2050,964,5238
2026-07-23T19:30Z,2616,9247,0,686,-334,1508,-514,518,-452,314,708,1398,670,324,3459,58,0,2185,916,5098
2026-07-23T20:00Z,2590,9269,0,726,-328,1506,-514,594,-452,454,700,1398,610,318,3466,58,0,1779,622,5004
2026-07-23T20:30Z,2578,9365,0,730,-314,1506,-514,598,-452,456,700,1398,608,318,3464,46,0,1489,600,5036
2026-07-23T21:00Z,2575,9354,0,790,-424,1466,-514,624,-452,490,776,1398,656,306,3465,1,0,687,490,4977
2026-07-23T21:30Z,2577,9249,0,788,-522,1054,-514,630,-452,490,768,1398,656,291,3462,0,0,462,172,5302
2026-07-23T22:00Z,2600,8703,0,708,-532,1478,-514,730,-452,420,334,1398,580,266,3458,0,0,423,202,5143
2026-07-23T22:30Z,2571,8724,0,702,-532,1482,-514,730,-452,420,326,1398,574,249,3459,0,0,224,44,4715
2026-07-23T23:00Z,2576,8499,0,656,-532,1406,-514,648,-452,606,508,1398,540,231,3450,0,0,227,-40,4526
2026-07-23T23:30Z,2583,7923,0,658,-518,1322,-514,654,-452,608,510,1398,528,231,3437,0,0,375,102,4488
2026-07-24T00:00Z,2579,7455,0,734,-518,1450,-514,874,-390,548,606,1398,294,219,3440,0,0,241,76,4422
2026-07-24T00:30Z,2582,7273,0,746,-464,1454,-514,884,-362,502,598,1398,284,215,3435,0,0,213,-14,4356
2026-07-24T01:00Z,2601,7260,0,936,-530,1456,-514,884,-362,0,192,1398,286,205,3433,0,0,249,26,4498
2026-07-24T01:30Z,2607,7278,0,942,-474,1452,-514,884,-362,0,184,1398,288,218,3433,0,0,236,-16,4417
2026-07-24T02:00Z,2611,7263,0,906,-396,1376,-514,898,-362,-118,20,1398,318,217,3438,0,0,188,-16,4428
2026-07-24T02:30Z,2609,7250,0,890,-316,1370,-514,888,-362,-126,16,1398,314,218,3440,0,0,203,-14,4318
2026-07-24T03:00Z,2614,7468,0,542,-234,1248,-514,646,-362,-656,-318,1398,186,218,3441,0,0,492,190,3955
2026-07-24T03:30Z,2608,7664,0,524,-128,1222,-514,630,-362,-680,-326,1398,170,218,3451,0,0,354,166,3762
2026-07-24T04:00Z,2610,7845,0,422,-126,676,-514,532,-362,-892,-548,1398,-74,218,3450,0,0,1198,58,3811
2026-07-24T04:30Z,2606,7982,0,426,-114,678,-514,524,-362,-886,-542,1398,-78,217,3455,45,0,1242,20,3857
2026-07-24T05:00Z,2603,8071,0,600,-178,1456,-514,432,-424,-464,-96,1398,48,227,3459,49,0,866,10,4029
2026-07-24T05:30Z,2608,8007,0,614,-290,1500,-514,442,-452,-424,-70,1398,84,229,3459,49,0,1067,96,4067
2026-07-24T06:00Z,2602,7216,0,742,-442,1912,-514,760,-452,698,534,1398,748,252,3463,5,0,609,2,4136
2026-07-24T06:30Z,2598,6331,0,758,-530,1928,-514,784,-452,818,558,1398,806,255,3465,0,0,1159,-18,4499
2026-07-24T07:00Z,2597,4811,0,988,-520,2002,-514,982,-452,1002,984,1398,1392,260,3465,25,0,1094,16,4802
2026-07-24T07:30Z,2592,3852,0,998,-420,2004,-514,992,-452,1004,992,1398,1420,268,3467,37,0,864,100,5200
2026-07-24T08:00Z,2573,3081,0,998,-278,2004,-514,992,-434,1024,1016,1398,1424,238,3460,0,0,830,-12,5420
2026-07-24T08:30Z,2593,2620,0,998,-256,2004,-510,992,-338,1024,1016,1398,1424,233,3471,0,0,635,-234,5532
2026-07-24T09:00Z,2122,2578,0,998,-396,2004,-514,992,-428,1022,1016,1398,1424,222,3471,0,0,731,-720,5781
2026-07-24T09:30Z,1453,2489,0,998,-380,2004,-514,992,-380,1022,1016,1380,1424,220,3462,0,0,906,-1024,5767
2026-07-24T10:00Z,1186,2224,0,998,-500,2004,-514,992,-448,1044,1016,1210,1424,221,3464,0,0,982,-894,5739
2026-07-24T10:30Z,1177,2118,0,998,-532,2004,-514,992,-404,1044,1016,1188,1424,217,3461,0,0,952,-1092,5994
2026-07-24T11:00Z,1171,2079,0,998,-532,2004,-514,992,-332,1044,1016,1134,1424,199,3243,0,0,821,-1052,5769
2026-07-24T11:30Z,1177,2043,0,998,-532,2006,-514,992,-332,1044,1016,1092,1424,198,3466,0,0,723,-1102,6045
2026-07-24T12:00Z,1176,2081,0,998,-532,2004,-514,992,-332,1044,1016,718,1424,185,3462,0,0,839,-1092,6088
2026-07-24T12:30Z,1174,2077,0,998,-532,2004,-514,992,-332,1044,1016,650,1424,172,3463,0,0,778,-1096,6083
2026-07-24T13:00Z,1351,2079,0,998,-532,2004,-514,992,-332,1042,996,352,1424,168,3452,0,0,864,-916,5947
2026-07-24T13:30Z,1596,2117,0,998,-532,2004,-514,992,-332,1042,996,322,1424,181,3451,0,0,926,-1002,5894
2026-07-24T14:00Z,1624,2296,0,998,-532,2004,-514,992,-332,1042,996,316,1424,184,3450,0,0,963,-916,5882
2026-07-24T14:30Z,1629,2646,0,998,-514,2004,-514,992,-332,1044,996,352,1424,183,3454,0,0,747,-910,5845
2026-07-24T15:00Z,1818,3197,0,998,-384,2004,-514,992,-332,1030,850,726,1424,199,3449,0,0,677,-802,5784
2026-07-24T15:30Z,1915,3728,0,998,-232,2004,-496,992,-330,1010,848,802,1400,211,3455,0,0,572,-482,5798
2026-07-24T16:00Z,2160,4822,0,998,-80,1994,-402,988,-238,350,746,1176,822,189,3447,9,0,718,-416,5841
2026-07-24T16:30Z,2447,6239,0,974,0,1978,-494,968,-118,310,736,1230,776,307,3450,11,0,665,-246,5986
2026-07-24T17:00Z,2534,7598,0,476,0,1618,-490,516,-226,-266,250,1382,348,331,3451,11,0,1301,280,5863
2026-07-24T17:30Z,2541,8234,0,466,-40,1604,-514,488,-338,-290,238,1398,320,317,3455,59,0,1667,296,5759
2026-07-24T18:00Z,2544,8756,0,738,0,1812,-514,330,-248,-772,190,1398,160,323,3457,60,0,2169,342,5606
2026-07-24T18:30Z,2547,9174,0,750,0,1814,-514,326,-346,-786,190,1398,154,323,3455,87,0,2130,422,5594
2026-07-24T19:00Z,2548,9315,0,766,-20,1666,-514,396,-448,-920,142,1398,232,323,3460,133,0,1724,640,6086
2026-07-24T19:30Z,2550,9213,0,760,-112,1646,-514,404,-452,-882,142,1398,246,313,3460,110,0,1440,648,6516
2026-07-24T20:00Z,2573,9012,0,606,-120,1192,-514,510,-452,-150,120,1398,476,307,3459,29,0,1218,622,6732
2026-07-24T20:30Z,2581,9126,0,594,-120,1174,-514,504,-452,-134,120,1398,472,307,3467,60,0,1069,312,6917
2026-07-24T21:00Z,2600,9171,0,442,-272,1162,-514,254,-452,-208,102,1398,138,282,3462,60,0,876,306,7137
2026-07-24T21:30Z,2600,8926,0,430,-310,1154,-514,242,-452,-212,102,1398,118,279,3470,58,0,580,-4,7443
2026-07-24T22:00Z,2600,8361,0,274,-398,894,-514,252,-452,-538,174,1398,6,279,3463,49,0,529,-46,7661
2026-07-24T22:30Z,2609,7787,0,264,-456,888,-514,250,-380,-540,174,1398,4,254,3459,25,0,566,258,7581
2026-07-24T23:00Z,2606,7255,0,194,-314,1092,-446,188,-332,-212,142,1398,110,245,3465,0,0,340,288,7045
2026-07-24T23:30Z,2606,6880,0,194,-162,1114,-402,204,-332,-200,142,1398,106,245,3458,0,0,435,98,6525
2026-07-25T00:00Z,2599,5872,0,264,-24,1594,-402,624,-332,0,272,1398,-114,243,3460,0,0,331,-290,6418
2026-07-25T00:30Z,2593,5786,0,264,0,1614,-400,644,-332,0,258,1398,-130,241,3460,0,0,195,-362,6320
2026-07-25T01:00Z,2601,5883,0,224,0,1626,-400,654,-332,-418,-328,1398,-258,208,3457,0,0,252,-406,6626
2026-07-25T01:30Z,2596,5900,0,222,0,1624,-400,638,-260,-454,-344,1376,-276,184,3459,0,0,199,-408,6600
2026-07-25T02:00Z,2591,6032,0,238,0,1490,-402,276,-110,-606,-556,1156,-538,176,3452,0,0,388,-408,6414
2026-07-25T02:30Z,2592,6026,0,238,0,1478,-364,258,-6,-614,-560,1124,-564,169,3456,0,0,190,-410,6361
2026-07-25T03:00Z,2602,6304,0,178,0,1300,-220,226,0,-1008,-854,1014,-856,170,3430,1,0,610,-306,6064
2026-07-25T03:30Z,2600,6351,0,176,0,1274,-124,220,0,-1014,-858,976,-872,168,3420,18,0,476,-344,6120
2026-07-25T04:00Z,2603,6273,0,164,0,698,-10,130,0,-964,-1020,702,-934,155,3430,50,0,648,-122,6255
2026-07-25T04:30Z,2591,6249,0,166,0,676,-18,132,-16,-882,-994,636,-920,152,3441,49,0,466,-268,6516
2026-07-25T05:00Z,2572,5831,0,228,0,720,-150,306,-104,-304,-228,262,-530,150,3446,28,0,341,-412,6617
2026-07-25T05:30Z,2571,5659,0,242,0,728,-302,322,-24,-306,-194,188,-494,162,3448,0,0,492,-922,7257
2026-07-25T06:00Z,2520,4744,0,500,-76,902,-414,498,-18,-500,138,-190,-88,116,3448,0,0,557,-1104,8057
2026-07-25T06:30Z,1983,4114,0,512,-226,904,-332,502,-150,-464,146,-252,-20,116,3450,0,0,928,-1032,8537
2026-07-25T07:00Z,1376,3455,0,552,-378,668,-442,400,-302,226,388,-480,878,113,3451,0,0,934,-1034,8805
2026-07-25T07:30Z,1265,3066,0,550,-510,674,-514,402,-434,238,390,-516,906,112,3453,0,0,774,-822,9074
2026-07-25T08:00Z,1338,3000,0,500,-532,1088,-514,542,-452,158,266,-660,330,112,3444,0,0,730,-448,9026
2026-07-25T08:30Z,1147,2987,0,490,-532,1098,-514,540,-452,166,264,-690,306,111,3355,0,0,444,-900,10043
2026-07-25T09:00Z,917,2502,0,308,-532,964,-514,340,-452,626,90,-850,366,94,2981,0,0,548,-812,11077
2026-07-25T09:30Z,871,2215,0,302,-532,962,-514,332,-452,642,92,-880,378,94,2982,0,0,513,-1112,11340
2026-07-25T10:00Z,733,2035,0,346,-532,1024,-514,374,-452,946,384,-1018,584,93,2977,0,0,543,-1100,11336
2026-07-25T10:30Z,672,1851,0,342,-532,1026,-514,374,-452,950,388,-1050,592,93,2985,0,0,529,-1110,11482
2026-07-25T11:00Z,673,1852,0,226,-532,1032,-514,326,-452,806,222,-1222,532,93,2983,0,0,529,-1070,11532
2026-07-25T11:30Z,675,1866,0,222,-532,1030,-514,324,-378,806,218,-1240,526,94,2980,0,0,408,-980,11037
2026-07-25T12:00Z,674,1878,0,252,-532,964,-514,306,-302,860,-44,-1240,574,94,2978,0,0,339,-974,10852
2026-07-25T12:30Z,674,1868,0,250,-532,942,-514,290,-302,852,-48,-1222,568,93,2985,0,0,256,-984,11041
2026-07-25T13:00Z,674,1912,0,170,-532,356,-514,-4,-302,428,-132,-1052,388,93,2973,0,0,952,-846,11059
2026-07-25T13:30Z,675,1988,0,178,-532,344,-514,-8,-302,420,-132,-996,378,93,2974,0,0,1118,-786,10944
2026-07-25T14:00Z,673,1892,0,438,-532,624,-514,198,-302,592,-54,-608,360,93,2976,0,0,1008,-798,10788
2026-07-25T14:30Z,671,1804,0,460,-532,682,-514,234,-302,594,-50,-532,378,93,2979,0,0,1304,-850,10759
2026-07-25T15:00Z,673,1758,0,694,-532,1688,-514,832,-376,452,280,-150,808,93,2982,0,0,519,-856,10956
2026-07-25T15:30Z,879,1806,0,712,-532,1746,-514,856,-452,502,286,-74,852,93,2981,0,0,705,-768,11136
2026-07-25T16:00Z,1035,1702,0,848,-532,1984,-514,750,-452,1006,524,302,1354,111,2987,0,0,743,-668,11023
2026-07-25T16:30Z,1669,1616,0,858,-532,1984,-514,752,-452,1004,522,376,1380,135,2983,0,0,634,-266,11359
2026-07-25T17:00Z,2401,1915,0,920,-532,1732,-514,876,-452,762,196,752,1428,158,2977,0,0,700,80,10532
2026-07-25T17:30Z,2441,2305,0,922,-466,1730,-514,886,-452,754,190,826,1432,165,2976,0,0,1091,198,9732
2026-07-25T18:00Z,2438,2391,0,898,-316,1980,-514,988,-452,470,78,1200,1432,308,2973,0,0,854,446,9491
2026-07-25T18:30Z,2429,2276,0,902,-294,1986,-514,992,-452,472,88,1250,1426,317,2979,0,0,1276,568,9390
2026-07-25T19:00Z,2411,2044,0,994,-204,1986,-514,992,-452,884,590,1384,1424,365,2978,0,0,1503,678,8663
2026-07-25T19:30Z,2425,2043,0,990,-82,1978,-514,992,-430,894,602,1398,1424,360,2978,0,0,1400,676,8470
2026-07-25T20:00Z,2423,2154,0,812,0,1714,-496,992,-298,1042,654,1398,1424,372,2980,0,0,1151,812,8154
2026-07-25T20:30Z,2429,2239,0,800,0,1706,-412,992,-150,1044,654,1398,1424,383,2978,0,0,1368,826,7577
2026-07-25T21:00Z,2408,2138,0,708,0,1708,-410,992,-72,1042,704,1398,1424,383,2986,0,0,1328,678,7317
2026-07-25T21:30Z,2385,2115,0,704,0,1708,-262,992,12,1042,704,1398,1424,384,2993,0,0,868,518,7163
2026-07-25T22:00Z,2142,2161,0,704,-14,1706,-262,992,-48,1042,706,1398,1424,385,2990,0,0,702,314,6738
2026-07-25T22:30Z,2037,2115,0,712,0,1710,-350,992,-72,1042,704,1398,1424,384,2993,0,0,640,238,6510
2026-07-25T23:00Z,1749,2281,0,860,0,1838,-236,992,0,976,614,1398,1424,366,2994,0,0,292,112,6495
2026-07-25T23:30Z,1397,2372,0,870,0,1844,-268,992,-24,974,614,1398,1410,365,2994,0,0,218,88,6815
2026-07-26T00:00Z,1376,2340,0,960,0,1892,-138,992,0,916,614,1398,1070,349,2992,0,0,269,-14,6341
2026-07-26T00:30Z,1447,2295,0,956,0,1886,-32,988,0,782,608,1392,1014,347,2990,0,0,230,-130,6449
2026-07-26T01:00Z,1591,2328,0,810,0,1714,0,900,0,0,248,1350,144,330,2989,0,0,394,-14,7074
2026-07-26T01:30Z,1524,2409,0,808,0,1712,0,898,0,0,240,1308,68,330,2990,0,0,284,-14,7044
2026-07-26T02:00Z,1419,2537,0,896,0,1842,42,988,0,-222,152,934,-712,319,2988,0,0,534,-30,7239
2026-07-26T02:30Z,1381,2616,0,904,0,1844,50,992,0,-232,150,860,-746,319,2985,0,0,243,-214,7579
2026-07-26T03:00Z,1452,2626,0,968,0,1712,50,992,0,-224,-18,484,-724,307,2987,0,0,433,-292,7528
2026-07-26T03:30Z,1590,2603,0,972,0,1716,50,992,0,-228,-32,410,-726,258,2988,0,0,282,-502,7760
2026-07-26T04:00Z,1416,2631,0,998,0,1998,50,992,0,-546,-582,34,-812,235,2986,0,0,333,-430,8443
2026-07-26T04:30Z,1379,2622,0,994,0,2000,22,984,0,-536,-586,-8,-784,245,2986,0,0,413,-698,8964
2026-07-26T05:00Z,1377,2604,0,904,0,1716,12,804,0,-112,-146,-8,12,205,2990,0,0,347,-892,8890
2026-07-26T05:30Z,1373,2618,0,904,0,1706,0,804,0,-140,-136,-2,-6,176,2990,0,0,279,-966,8816
2026-07-26T06:00Z,1367,2635,0,994,0,1756,-26,982,0,-554,-64,34,-1022,162,2991,0,0,450,-844,8851
2026-07-26T06:30Z,1220,2649,0,966,0,1756,-30,980,0,-550,-62,76,-986,147,2988,0,0,831,-842,9032
2026-07-26T07:00Z,1160,2613,0,300,0,1712,-156,712,0,-280,192,450,234,116,2993,0,0,497,-954,9391
2026-07-26T07:30Z,1161,2594,0,272,0,1710,-134,700,0,-264,196,462,324,114,2987,0,0,521,-968,9590
2026-07-26T08:00Z,1162,2507,0,272,0,1710,-228,700,0,0,270,196,182,98,2987,0,0,398,-970,9919
2026-07-26T08:30Z,1074,2412,0,272,0,1710,-150,700,-42,0,268,154,156,97,2982,0,0,669,-1020,10089
2026-07-26T09:00Z,813,2416,0,272,-16,1710,-210,702,-178,114,4,-6,-274,96,2978,0,0,923,-1076,10178
2026-07-26T09:30Z,809,2428,0,272,-144,1708,-92,700,-194,114,0,-60,-294,95,2982,0,0,710,-1084,10447
2026-07-26T10:00Z,738,2498,0,272,-268,1662,-90,660,-326,-242,-68,-438,-296,94,2981,0,0,775,-956,10824
2026-07-26T10:30Z,666,2473,0,272,-162,1660,-242,660,-444,-242,-68,-514,-266,93,2982,0,0,610,-644,10452
2026-07-26T11:00Z,666,2403,0,272,-26,1658,-392,700,-452,150,0,-902,402,92,2979,0,0,735,-802,10172
2026-07-26T11:30Z,664,2380,0,272,-24,1658,-508,702,-452,154,0,-950,426,92,2985,0,0,663,-796,10154
2026-07-26T12:00Z,667,2362,0,274,14,1704,-514,702,-452,112,-66,-1050,232,92,2989,0,0,538,-690,10269
2026-07-26T12:30Z,668,2396,0,274,44,1706,-514,702,-452,116,-66,-1074,234,92,2981,0,0,515,-670,10280
2026-07-26T13:00Z,669,2359,0,274,110,1706,-514,702,-452,672,-46,-1224,502,91,2986,0,0,412,-916,10210
2026-07-26T13:30Z,669,2371,0,274,76,1706,-514,702,-452,708,-44,-1214,508,91,2983,0,0,311,-1068,9729
2026-07-26T14:00Z,669,2405,0,272,80,1708,-498,700,-434,1030,50,-950,330,91,2980,0,0,413,-1056,9340
2026-07-26T14:30Z,676,2375,0,272,40,1708,-370,700,-304,1036,52,-886,322,91,2984,0,0,300,-980,9452
2026-07-26T15:00Z,740,2378,0,270,66,1712,-218,702,-154,1042,54,-500,322,91,2985,0,0,410,-944,9005
2026-07-26T15:30Z,785,2430,0,270,0,1712,-66,702,-20,1044,54,-422,344,99,2979,0,0,995,-696,9019
2026-07-26T16:00Z,975,2434,0,272,0,1708,-22,700,0,1044,104,-44,858,107,2982,0,0,915,-448,8622
2026-07-26T16:30Z,1566,2561,0,272,0,1706,-160,700,-88,1044,110,32,896,111,2984,0,0,1281,-18,8483
2026-07-26T17:00Z,2009,2502,0,272,0,1706,-310,700,-172,1044,442,408,1198,153,2984,0,0,871,110,8688
2026-07-26T17:30Z,2277,2418,0,272,0,1706,-440,712,-176,1044,446,482,1220,175,2982,0,0,1567,440,8705
2026-07-26T18:00Z,2534,1977,0,272,0,1706,-386,978,-112,790,446,856,1388,277,2984,0,0,1329,824,8541
2026-07-26T18:30Z,2600,1960,0,272,0,1706,-490,992,-246,784,446,932,1398,280,2985,0,0,1440,1088,8074
2026-07-26T19:00Z,2605,1947,0,272,-24,1706,-498,992,-302,976,446,1306,1424,285,2989,0,0,1677,1040,7804
2026-07-26T19:30Z,2606,1949,0,274,-162,1706,-514,992,-430,978,446,1350,1426,275,2990,0,0,1716,1130,7701
2026-07-26T20:00Z,2592,1981,0,272,-298,1706,-514,992,-452,1044,446,1392,1426,282,2992,0,0,1462,1132,7854
2026-07-26T20:30Z,2578,2103,0,272,-362,1706,-514,992,-452,1044,446,1398,1426,372,2992,0,0,1304,836,7881
2026-07-26T21:00Z,2569,2131,0,272,-250,1708,-514,992,-452,1044,446,1398,1426,405,2990,0,0,914,324,8188
2026-07-26T21:30Z,2584,2132,0,280,-244,1708,-514,982,-452,1040,446,1364,1414,423,2987,0,0,346,38,8407
2026-07-26T22:00Z,2567,2168,0,478,-314,1708,-514,760,-378,742,444,1032,1152,348,2986,0,0,367,-162,8511
2026-07-26T22:30Z,2563,2180,0,488,-466,1710,-514,748,-282,738,444,1012,1140,326,2983,0,0,187,-344,8676
2026-07-26T23:00Z,2253,2186,0,522,-484,1708,-514,712,-282,746,444,1162,1140,266,2976,0,0,420,-366,9018
2026-07-26T23:30Z,2170,2246,0,520,-504,1708,-514,714,-282,746,444,1196,1140,221,2982,0,0,276,-392,9399
2026-07-27T00:00Z,2107,2461,0,442,-532,1710,-514,792,-282,748,446,1378,1140,172,2977,0,0,303,-758,9306
2026-07-27T00:30Z,1999,2581,0,438,-520,1710,-514,796,-282,748,446,1398,1140,168,2978,0,0,213,-820,9055
2026-07-27T01:00Z,2128,2613,0,446,-532,1710,-514,790,-282,746,420,1398,1130,169,2976,0,0,229,-816,8632
2026-07-27T01:30Z,2282,2615,0,446,-532,1710,-514,790,-282,746,418,1398,1122,169,2983,0,0,179,-824,8389
2026-07-27T02:00Z,2179,2613,0,440,-532,1710,-514,798,-282,698,336,1398,1028,169,2981,0,0,139,-898,8217
2026-07-27T02:30Z,2053,2616,0,438,-532,1710,-514,798,-282,696,334,1398,1012,169,2981,0,0,152,-956,8026
2026-07-27T03:00Z,1924,2610,0,442,-532,1710,-514,796,-282,428,136,1398,804,170,2984,0,0,141,-478,7919
2026-07-27T03:30Z,1675,2620,0,436,-506,1708,-514,796,-282,408,136,1398,806,170,2982,0,0,264,-408,7446
2026-07-27T04:00Z,1661,2616,0,296,-368,1604,-514,836,-282,102,236,1398,1116,170,2983,0,0,414,-270,6882
2026-07-27T04:30Z,1849,2645,0,290,-216,1604,-498,832,-282,102,236,1398,1142,170,2983,0,0,450,22,6560
2026-07-27T05:00Z,2446,2690,0,246,-64,1704,-404,702,-302,672,302,1398,1414,186,2991,0,0,324,204,6316
2026-07-27T05:30Z,2660,2805,0,258,0,1714,-494,708,-428,748,310,1398,1426,204,2987,0,0,684,554,6249
2026-07-27T06:00Z,2658,2824,0,550,-14,1994,-514,978,-408,1032,730,1398,1426,254,2986,0,0,856,750,5645
2026-07-27T06:30Z,2673,2838,0,564,-126,2006,-514,992,-452,1036,738,1398,1426,255,2988,0,0,1057,902,5391
2026-07-27T07:00Z,2672,2842,0,564,-120,2004,-514,992,-452,1048,738,1398,1426,255,2985,0,0,1423,872,5126
2026-07-27T07:30Z,2673,2672,0,564,-192,2006,-514,992,-452,1048,738,1398,1426,255,2986,0,0,1604,1058,5067
2026-07-27T08:00Z,2643,2451,0,564,-268,2006,-514,992,-452,1040,738,1398,1426,255,2985,0,0,2084,950,5218
2026-07-27T08:30Z,2639,2552,0,564,-130,2006,-514,992,-440,1040,738,1398,1426,248,2984,0,0,1713,690,5770
2026-07-27T09:00Z,2639,2523,0,564,-10,2006,-514,992,-334,1038,738,1398,1426,207,2990,0,0,1640,530,5902
2026-07-27T09:30Z,2657,2774,0,564,0,2006,-514,992,-282,1038,738,1398,1426,169,2991,0,0,1341,306,5665
2026-07-27T10:00Z,2668,3233,0,564,-60,2006,-514,992,-346,1030,738,1398,1426,162,2993,0,0,1005,114,5368
2026-07-27T10:30Z,2663,2988,0,564,-46,2006,-514,992,-448,1028,738,1398,1426,162,2998,0,0,599,104,5564
2026-07-27T11:00Z,2668,2512,0,564,-68,2006,-514,992,-452,1044,738,1398,1426,146,2992,0,0,661,34,5757
2026-07-27T11:30Z,2617,2456,0,564,0,2006,-514,992,-452,1044,738,1398,1426,145,2990,0,0,647,18,5676
2026-07-27T12:00Z,2250,2427,0,564,74,2006,-514,992,-452,1044,738,1398,1426,145,2991,0,0,570,-130,6301
2026-07-27T12:30Z,1850,2316,0,564,224,2006,-514,992,-452,1044,738,1398,1426,145,2983,0,0,680,-262,6204
2026-07-27T13:00Z,1848,2385,0,564,276,2006,-514,992,-452,1044,738,1398,1426,146,2982,0,0,661,-308,5860
2026-07-27T13:30Z,1890,2336,0,562,276,2006,-514,992,-452,1044,738,1398,1426,146,2983,0,0,764,-462,5635
2026-07-27T14:00Z,1737,2570,0,554,258,2006,-514,992,-452,1042,738,1398,1426,146,2978,0,0,642,-448,5722
2026-07-27T14:30Z,1570,2977,0,546,130,2004,-514,988,-452,1040,738,1398,1426,144,2978,0,0,628,-216,5678
2026-07-27T15:00Z,1996,3593,0,398,10,2006,-514,922,-452,1040,738,1398,1426,127,2976,4,0,736,-12,5349
2026-07-27T15:30Z,2485,4331,0,396,0,2004,-514,916,-452,1040,738,1398,1426,128,2980,11,0,758,-12,5502
2026-07-27T16:00Z,2561,5579,0,458,0,2004,-514,854,-452,1016,680,1398,1426,160,2980,11,0,871,78,5742
2026-07-27T16:30Z,2643,7010,0,464,-68,2006,-514,856,-452,1016,680,1398,1426,168,2983,11,0,1064,188,5167
2026-07-27T17:00Z,2658,7594,0,558,-220,2006,-514,984,-452,1010,680,1398,1426,234,2987,11,0,847,10,5644
2026-07-27T17:30Z,2663,7955,0,562,-372,2006,-514,992,-452,1008,680,1398,1426,289,2980,11,0,1100,118,6153
2026-07-27T18:00Z,2663,8572,0,538,-504,2006,-514,992,-452,754,694,1398,1426,298,2982,11,0,1637,378,5842
2026-07-27T18:30Z,2650,8727,0,536,-430,2004,-514,992,-436,752,694,1398,1424,298,2982,11,0,1819,568,5702
2026-07-27T19:00Z,2637,8517,0,536,-278,1956,-514,982,-344,870,690,1398,1372,298,2987,11,0,1799,366,5629
2026-07-27T19:30Z,2637,8487,0,532,-286,1952,-514,978,-434,872,690,1398,1370,298,2984,5,0,1934,414,5327
2026-07-27T20:00Z,2612,8497,0,444,-328,1836,-514,858,-452,928,734,1398,1422,300,2988,4,0,1834,504,5147
2026-07-27T20:30Z,2595,8684,0,440,-204,1826,-514,846,-452,928,734,1398,1426,304,2988,4,0,1184,598,4726
2026-07-27T21:00Z,2659,8397,0,442,-224,1652,-484,710,-452,1020,734,1398,1428,327,2988,4,0,941,322,4291
2026-07-27T21:30Z,2665,8219,0,454,-124,1650,-514,704,-452,1016,734,1398,1422,346,2988,1,0,757,378,3920
2026-07-27T22:00Z,2665,7345,0,710,-18,1860,-442,724,-378,704,704,1398,1260,343,2992,0,0,564,6,3957
2026-07-27T22:30Z,2645,6799,0,720,0,1868,-302,724,-228,698,704,1398,1252,326,2989,0,0,420,-6,3894
2026-07-27T23:00Z,2648,6097,0,714,0,1984,-212,678,-76,736,676,1398,1280,318,2990,0,0,363,-6,3887
2026-07-27T23:30Z,2648,5527,0,724,0,1984,-62,686,0,736,676,1398,1282,313,2991,0,0,424,-6,3752
2026-07-28T00:00Z,2649,4882,0,978,0,1904,24,938,0,602,652,1398,1326,265,2985,0,0,758,-6,3556
2026-07-28T00:30Z,2648,4742,0,990,0,1902,0,952,38,602,650,1398,1316,242,2990,0,0,343,-6,3648
2026-07-28T01:00Z,2597,4548,0,996,0,1954,-58,990,-30,632,480,1398,992,212,2993,0,0,368,-6,4143
2026-07-28T01:30Z,2584,4371,0,998,0,1958,-10,992,0,568,478,1398,958,211,2985,0,0,355,-6,4067
2026-07-28T02:00Z,2587,4593,0,998,0,2002,42,992,0,0,424,1398,548,211,2986,0,0,331,-6,4117
2026-07-28T02:30Z,2587,4219,0,992,0,2002,54,984,0,0,414,1398,520,210,2986,0,0,325,-6,4573
2026-07-28T03:00Z,2586,4142,0,862,0,1950,60,836,12,-190,-76,1398,296,208,2983,0,0,331,-6,5064
2026-07-28T03:30Z,2533,3904,0,844,0,1946,60,824,0,-210,-102,1398,274,208,2974,0,0,445,-6,5247
2026-07-28T04:00Z,2501,4410,0,558,0,1822,60,660,0,-740,-646,1398,10,208,2979,0,0,804,98,5636
2026-07-28T04:30Z,2549,3978,0,550,0,1816,60,646,8,-746,-646,1398,8,208,2979,0,0,940,6,6268
2026-07-28T05:00Z,2583,3797,0,648,0,1754,60,458,0,-268,-108,1398,228,224,2979,0,0,837,-8,6712
2026-07-28T05:30Z,2583,3768,0,666,0,1758,18,472,10,-246,-90,1398,296,257,2977,0,0,1196,-8,7166
2026-07-28T06:00Z,2582,3068,0,984,0,2000,-74,968,-74,432,194,1398,1338,287,2985,0,0,477,-6,7816
2026-07-28T06:30Z,2579,2584,0,996,0,2006,-226,992,-150,526,204,1398,1396,276,2984,0,0,793,-8,8797
2026-07-28T07:00Z,2520,2341,0,962,0,1946,-376,992,-170,1050,588,1398,1424,293,2983,0,0,789,-12,9429
2026-07-28T07:30Z,2542,1798,0,960,0,1946,-502,992,-124,1050,594,1398,1426,254,2983,0,0,1207,-26,9577
2026-07-28T08:00Z,2183,2042,0,996,0,2004,-514,992,-144,1044,724,1398,1426,233,2990,0,0,1218,-332,9544
2026-07-28T08:30Z,1318,2086,0,998,0,2004,-514,992,-48,1046,724,1398,1426,228,2988,0,0,1080,-410,9287
2026-07-28T09:00Z,1134,2023,0,998,0,2004,-500,992,-150,1038,820,1398,1426,181,2991,0,0,988,-658,9278
2026-07-28T09:30Z,1132,1834,0,998,0,2000,-414,990,-302,1038,820,1398,1426,176,2988,0,0,867,-992,9827
2026-07-28T10:00Z,1128,1912,0,998,-70,1860,-502,944,-434,1044,724,1398,1426,129,2982,0,0,865,-1054,9561
2026-07-28T10:30Z,1129,1994,0,988,-222,1856,-486,938,-434,1044,722,1398,1426,117,2984,0,0,813,-1072,9667
2026-07-28T11:00Z,1123,1870,0,796,-374,1904,-440,816,-452,1042,724,1398,1426,113,2983,0,0,1007,-1062,9838
2026-07-28T11:30Z,1110,1667,0,792,-398,1902,-314,810,-452,1044,724,1398,1426,117,2987,0,0,975,-1068,9650
2026-07-28T12:00Z,1107,1670,0,896,-374,1810,-300,796,-452,1044,724,1398,1426,73,2983,0,0,1222,-1004,9445
2026-07-28T12:30Z,1107,1667,0,896,-470,1806,-302,796,-452,1044,724,1362,1426,69,2988,0,0,1263,-1062,9582
2026-07-28T13:00Z,1106,1664,0,806,-362,1806,-300,796,-452,1044,704,1004,1426,79,2985,0,0,1612,-1000,9333
2026-07-28T13:30Z,1196,1968,0,798,-306,1804,-300,794,-452,1044,704,930,1426,75,2989,0,0,1546,-962,9455
2026-07-28T14:00Z,1453,2264,0,710,-196,1758,-300,750,-452,1042,704,558,1426,92,2991,0,0,1063,-806,9613
2026-07-28T14:30Z,1844,2666,0,706,-102,1756,-300,754,-378,1042,702,554,1426,96,2988,0,0,766,-262,9062
2026-07-28T15:00Z,2395,3093,0,736,-50,1782,-300,880,-228,1020,428,910,1426,104,2982,0,0,1057,-46,8801
2026-07-28T15:30Z,2627,4299,0,748,-74,1786,-216,890,-76,854,422,984,1350,128,2979,45,0,1038,-60,8698
2026-07-28T16:00Z,2627,5602,0,986,0,2002,-108,986,8,0,124,1358,162,262,2979,239,0,845,-78,8147
2026-07-28T16:30Z,2625,7289,0,988,0,1996,-210,986,-58,0,92,1398,50,167,2972,249,0,915,32,7964
2026-07-28T17:00Z,2608,9357,0,804,0,1684,-190,846,-22,-628,-682,1398,-572,224,2975,292,0,1055,344,7698
2026-07-28T17:30Z,2608,10556,0,788,0,1634,-240,828,-104,-716,-712,1398,-618,240,2975,399,0,1570,192,7109
2026-07-28T18:00Z,2614,11189,0,632,0,748,-236,568,-14,-744,-714,1398,-988,234,2968,360,0,2797,504,6740
2026-07-28T18:30Z,2615,11992,0,626,0,718,-300,550,-52,-744,-716,1398,-1010,236,2976,165,0,2895,340,6470
2026-07-28T19:00Z,2624,12218,0,636,0,1020,-300,414,-160,-740,-716,1398,-1138,293,2972,131,0,2724,444,6246
2026-07-28T19:30Z,2625,12212,0,626,0,1036,-300,398,-312,-738,-714,1398,-1112,314,2975,131,0,2420,568,6686
2026-07-28T20:00Z,2618,12505,0,380,-72,1178,-302,176,-438,-556,-524,1398,-238,316,2982,131,0,1504,574,6672
2026-07-28T20:30Z,2626,12075,0,376,-222,1186,-300,174,-448,-556,-520,1398,-198,311,2977,131,0,1109,900,6516
2026-07-28T21:00Z,2626,11203,0,508,-372,1286,-300,352,-452,-706,-334,1398,-198,307,2994,125,0,678,944,6586
2026-07-28T21:30Z,2622,10618,0,514,-360,1288,-300,368,-452,-702,-332,1398,-216,307,2998,57,0,847,780,6564
2026-07-28T22:00Z,2620,10055,0,516,-378,1250,-300,544,-450,-286,-350,1398,-644,317,2997,41,0,563,600,6939
2026-07-28T22:30Z,2622,9473,0,518,-266,1252,-300,548,-370,-276,-350,1398,-658,315,2987,0,0,370,520,6645
2026-07-28T23:00Z,2626,9370,0,562,-190,1378,-300,432,-352,-116,-316,1398,-490,290,2978,0,0,298,410,6123
2026-07-28T23:30Z,2628,9139,0,572,-180,1394,-300,424,-350,-112,-316,1382,-482,269,2981,0,0,323,436,5685
2026-07-29T00:00Z,2649,8968,0,732,-316,1798,-302,388,-344,0,-260,1236,-468,201,2977,0,0,405,188,5481
2026-07-29T00:30Z,2640,9056,0,746,-314,1814,-300,406,-302,0,-262,1214,-462,178,2982,19,0,438,458,5111
2026-07-29T01:00Z,2635,9172,0,890,-446,1898,-300,854,-302,0,-462,1144,-344,150,2985,26,0,337,66,4947
2026-07-29T01:30Z,2637,9132,0,902,-494,1904,-300,878,-302,0,-462,1136,-352,148,2981,0,0,302,18,4919
2026-07-29T02:00Z,2639,9164,0,992,-470,2006,-300,946,-302,-288,-358,1132,-638,146,2985,0,0,255,40,4771
2026-07-29T02:30Z,2626,9056,0,988,-352,2008,-300,946,-302,-304,-362,1152,-654,144,2983,0,0,213,-6,4907
2026-07-29T03:00Z,2626,8846,0,782,-390,1944,-302,886,-302,-384,-692,1374,-694,129,2979,0,0,198,-6,5224
2026-07-29T03:30Z,2625,8866,0,770,-270,1942,-300,872,-302,-392,-700,1398,-702,129,2981,0,0,164,-6,5267
2026-07-29T04:00Z,2624,8912,0,670,-118,1932,-300,608,-302,-838,-902,1398,-822,129,2975,0,0,357,-6,5016
2026-07-29T04:30Z,2625,9033,0,662,-76,1926,-302,598,-302,-842,-878,1398,-804,130,2975,0,0,474,-6,4757
2026-07-29T05:00Z,2625,9314,0,572,-226,1754,-300,624,-318,-448,-138,1398,-272,142,2975,0,0,541,-6,4351
2026-07-29T05:30Z,2624,9490,0,572,-378,1744,-302,628,-392,-410,-68,1398,-154,176,2976,0,0,1116,-8,4363
2026-07-29T06:00Z,2625,9186,0,686,-512,1626,-300,706,-452,520,868,1398,1078,225,2974,0,0,312,-10,4387
2026-07-29T06:30Z,2618,8794,0,700,-532,1626,-302,722,-452,588,910,1398,1184,231,2973,0,0,423,-10,4562
2026-07-29T07:00Z,2625,8244,0,938,-532,1744,-300,980,-452,1020,706,1398,1418,222,2970,0,0,684,26,4756
2026-07-29T07:30Z,2627,7583,0,950,-532,1754,-300,992,-452,1030,704,1398,1430,220,2972,0,0,876,20,4775
2026-07-29T08:00Z,2658,6486,0,996,-532,1998,-300,992,-452,1050,724,1398,1430,220,2971,0,0,888,-12,4763
2026-07-29T08:30Z,2585,5891,0,998,-532,2004,-300,992,-452,1050,724,1398,1430,206,2971,0,0,824,-12,4833
2026-07-29T09:00Z,2547,5448,0,998,-532,2004,-308,992,-452,1046,724,1398,1430,131,2974,0,0,954,-70,4691
2026-07-29T09:30Z,2545,5180,0,998,-532,2004,-350,992,-452,1044,724,1398,1430,128,2970,0,0,939,-68,4337
2026-07-29T10:00Z,2581,4983,0,998,-532,2004,-350,992,-452,1040,706,1398,1430,112,2977,0,0,804,-68,4162
2026-07-29T10:30Z,2542,4844,0,996,-532,2004,-350,992,-452,1040,706,1398,1430,111,2976,0,0,838,-68,4258
2026-07-29T11:00Z,2544,5083,0,998,-532,2004,-350,992,-452,1038,706,1398,1430,111,2979,0,0,884,-68,4270
2026-07-29T11:30Z,2593,5151,0,992,-532,1998,-352,990,-452,1038,706,1398,1430,116,2985,97,0,817,-70,4351
2026-07-29T12:00Z,2585,5190,0,902,-532,1764,-350,944,-452,1042,704,1398,1430,115,2977,236,0,897,92,4115
2026-07-29T12:30Z,2577,5798,0,900,-532,1734,-350,940,-452,1044,704,1398,1430,110,2981,236,0,814,84,3725
2026-07-29T13:00Z,2579,6469,0,900,-532,1514,-350,896,-452,1044,704,1398,1430,111,2978,236,0,845,102,3310
2026-07-29T13:30Z,2579,6574,0,898,-530,1508,-352,894,-452,1044,704,1398,1430,186,2981,236,0,925,130,3124
2026-07-29T14:00Z,2572,7028,0,870,-532,1500,-350,894,-452,1044,704,1398,1430,214,2979,236,0,680,18,3007
2026-07-29T14:30Z,2580,7494,0,872,-532,1038,-350,896,-452,1044,704,1398,1430,228,2974,236,0,723,16,3554
2026-07-29T15:00Z,2595,8202,0,910,-532,1004,-350,894,-452,1036,704,1398,1430,163,2966,238,0,1011,-74,3831
2026-07-29T15:30Z,2596,10024,0,914,-530,1004,-350,898,-452,1024,702,1398,1352,154,2967,245,0,965,46,3715
2026-07-29T16:00Z,2516,11638,0,994,-532,1004,-350,988,-452,562,504,1398,162,236,2962,245,0,714,190,3770
2026-07-29T16:30Z,2606,12777,0,994,-532,1004,-352,984,-452,504,480,1398,78,282,2964,245,0,659,140,3777
2026-07-29T17:00Z,2594,13854,0,906,-480,1006,-352,822,-452,-720,-226,1398,4,467,2961,245,0,1057,866,3830
2026-07-29T17:30Z,2591,14563,0,892,-382,1006,-352,814,-452,-848,-260,1398,0,356,2962,245,0,1213,748,3710
2026-07-29T18:00Z,2604,14789,0,696,-264,1008,-352,830,-452,-1032,-698,1398,0,377,2964,286,0,2069,920,3688
2026-07-29T18:30Z,2602,15028,0,688,-126,1006,-352,818,-452,-1030,-704,1398,0,382,2972,294,0,2222,1096,3451
2026-07-29T19:00Z,2608,15272,0,682,-104,980,-352,536,-452,-826,-492,1398,0,408,2980,294,0,1754,846,3523
2026-07-29T19:30Z,2599,15381,0,678,-122,1004,-350,526,-452,-768,-484,1398,4,423,2982,294,0,1470,636,3557
2026-07-29T20:00Z,2572,15072,0,574,-254,1648,-350,582,-452,-236,-96,1398,104,423,3017,294,0,1112,992,3630
2026-07-29T20:30Z,2573,14874,0,576,-404,1672,-352,582,-452,-236,-88,1398,118,422,3047,294,0,802,556,3803
2026-07-29T21:00Z,2586,14361,0,708,-522,1560,-352,532,-452,-244,-164,1398,330,407,3078,239,0,662,300,3799
2026-07-29T21:30Z,2587,13095,0,704,-434,1564,-352,526,-452,-234,-120,1398,352,398,3105,236,0,500,208,3738
2026-07-29T22:00Z,2581,10470,0,476,-456,1742,-352,434,-452,646,820,1398,614,382,3138,236,0,259,144,3595
2026-07-29T22:30Z,2589,9288,0,464,-526,1750,-352,434,-452,742,864,1398,626,403,3146,230,0,452,138,3501
2026-07-29T23:00Z,2586,8742,0,392,-420,1792,-352,544,-452,848,804,1398,598,288,3150,162,0,329,140,3548
2026-07-29T23:30Z,2587,8259,0,394,-302,1792,-350,548,-416,848,804,1398,600,397,3171,162,0,459,142,3505
2026-07-30T00:00Z,2609,8080,0,532,-210,1726,-350,520,-412,712,816,1398,658,319,3202,161,0,354,142,3127
2026-07-30T00:30Z,2588,8025,0,544,-136,1730,-350,526,-412,710,816,1398,650,313,3230,161,0,313,142,2842
2026-07-30T01:00Z,2592,7689,0,648,-252,1944,-350,688,-412,734,896,1398,406,313,3260,161,0,379,144,2563
2026-07-30T01:30Z,2592,7719,0,666,-166,1952,-352,704,-412,726,890,1398,388,303,3296,161,0,201,-4,2430
2026-07-30T02:00Z,2589,7753,0,964,-122,2006,-350,898,-412,268,480,1398,244,133,3324,161,0,148,136,2376
2026-07-30T02:30Z,2593,7504,0,968,-132,2004,-352,900,-412,260,470,1398,238,133,3348,161,0,181,144,2206
2026-07-30T03:00Z,2590,7607,0,788,-12,1890,-350,726,-412,446,294,1398,248,133,3378,161,0,257,-2,2305
2026-07-30T03:30Z,2585,7599,0,772,0,1886,-352,710,-396,416,286,1398,236,133,3409,161,0,140,-8,2699
2026-07-30T04:00Z,2585,7852,0,580,0,1834,-350,522,-268,-342,-100,1398,-86,133,3436,161,0,471,288,2961
2026-07-30T04:30Z,2590,7811,0,576,-16,1820,-352,518,-278,-346,-100,1398,-68,133,3464,161,0,544,374,3191
2026-07-30T05:00Z,2586,7741,0,696,-144,1406,-350,584,-374,464,318,1398,690,155,3489,161,0,274,372,3231
2026-07-30T05:30Z,2597,7762,0,702,-296,1410,-350,602,-388,520,332,1398,754,172,3507,161,0,968,372,3151
2026-07-30T06:00Z,2588,7735,0,706,-448,1984,-352,934,-452,1018,698,1398,1388,221,3522,161,0,324,138,3330
2026-07-30T06:30Z,2583,7362,0,712,-530,2004,-350,952,-452,1030,704,1398,1418,230,3522,161,0,451,140,3894
2026-07-30T07:00Z,2590,6487,0,854,-502,2004,-350,990,-452,892,704,1398,1424,229,3518,162,0,1361,142,4054
2026-07-30T07:30Z,2607,5909,0,864,-362,2004,-350,992,-452,892,704,1398,1426,216,3522,162,0,1276,140,4275
2026-07-30T08:00Z,2662,5091,0,922,-210,2004,-352,992,-384,826,722,1398,1426,206,3541,17,0,1605,142,4416
2026-07-30T08:30Z,2651,4584,0,928,-60,2004,-352,992,-346,840,722,1398,1426,196,3579,0,0,1277,138,4543
2026-07-30T09:00Z,2626,4458,0,994,0,2004,-350,992,-424,1044,724,1398,1426,159,3601,1,0,908,380,4688
2026-07-30T09:30Z,2600,4413,0,998,0,2004,-350,992,-308,1044,724,1398,1426,147,3388,0,0,705,72,4721
2026-07-30T10:00Z,2612,4150,0,996,-62,1956,-352,992,-396,1036,724,1398,1426,128,3601,1,0,696,-16,4921
2026-07-30T10:30Z,2610,4260,0,996,-212,1956,-352,992,-370,1038,718,1398,1426,123,3600,1,0,664,-348,5017
2026-07-30T11:00Z,2618,4514,0,998,-364,1956,-354,992,-446,1044,410,1398,1426,100,3599,0,0,828,-524,5225
2026-07-30T11:30Z,2637,4467,0,998,-392,1956,-352,992,-452,1044,366,1398,1426,93,3588,0,0,838,-562,5370
2026-07-30T12:00Z,2641,4493,0,998,-352,2006,-352,992,-452,1044,-550,1398,1426,77,3604,0,0,652,-426,5587
2026-07-30T12:30Z,2639,4685,0,998,-342,2008,-352,992,-452,1044,-600,1398,1426,77,3587,0,0,484,-672,5778
2026-07-30T13:00Z,2626,5107,0,998,-328,2008,-352,992,-452,1020,-1014,1398,1426,77,3589,0,0,518,-596,6087
2026-07-30T13:30Z,2617,5607,0,998,-366,2008,-352,992,-452,990,-1022,1360,1424,77,3592,0,0,533,-898,6091
2026-07-30T14:00Z,2636,6144,0,998,-220,2008,-352,992,-452,170,-1022,986,1384,77,3600,0,0,502,-732,6039
2026-07-30T14:30Z,2637,6877,0,996,-74,2008,-352,992,-384,128,-1014,962,1326,77,3644,0,0,422,-628,5794
2026-07-30T15:00Z,2634,7332,0,950,0,2008,-322,992,-236,0,-588,1120,290,77,3680,5,0,717,-344,5155
2026-07-30T15:30Z,2622,8555,0,940,0,2000,-352,982,-148,0,-582,1158,194,78,3687,119,0,733,-294,4970
2026-07-30T16:00Z,2631,9796,0,746,0,1730,-316,766,-92,-664,-762,1374,-586,94,3691,202,0,705,-144,4998
2026-07-30T16:30Z,2625,11866,0,732,0,1694,-350,736,-234,-766,-758,1398,-598,104,3708,202,0,695,-228,5305
2026-07-30T17:00Z,2631,13154,0,598,0,1020,-350,304,-384,-896,-358,1398,-72,168,3729,202,0,570,-202,5692
2026-07-30T17:30Z,2636,13723,0,592,0,966,-352,292,-452,-898,-350,1398,-44,202,3763,82,0,701,-240,5646
2026-07-30T18:00Z,2636,13837,0,552,-24,180,-352,512,-392,-924,-258,1398,0,230,3771,52,0,1597,-4,5290
2026-07-30T18:30Z,2632,13878,0,552,-160,184,-352,520,-448,-922,-258,1398,0,236,3768,60,0,1777,4,4957
2026-07-30T19:00Z,2634,13743,0,570,-312,1024,-352,472,-452,-694,-286,1398,0,253,3769,60,0,1655,0,4620
2026-07-30T19:30Z,2613,13683,0,576,-404,1078,-350,484,-452,-686,-284,1398,0,267,3777,60,0,1743,212,4500
2026-07-30T20:00Z,2618,13558,0,698,-514,1556,-352,802,-452,-340,-4,1398,0,271,3777,13,0,1115,212,4356
2026-07-30T20:30Z,2604,13376,0,698,-532,1572,-352,800,-452,-324,0,1398,0,272,3778,11,0,885,-84,4185
2026-07-30T21:00Z,2606,12946,0,558,-532,1340,-352,386,-452,-104,-30,1398,0,272,3774,6,0,833,198,4156
2026-07-30T21:30Z,2594,12234,0,534,-532,1304,-352,356,-452,-104,-30,1398,4,254,3775,1,0,624,212,4004
2026-07-30T22:00Z,2589,11684,0,116,-532,486,-352,134,-452,-110,122,1398,100,227,3780,0,0,848,372,4037
2026-07-30T22:30Z,2598,11361,0,102,-532,452,-350,122,-452,-112,120,1398,104,227,3775,51,0,837,376,4014
2026-07-30T23:00Z,2589,11024,0,162,-532,418,-352,82,-452,-262,-192,1398,66,220,3778,198,0,845,378,3873
2026-07-30T23:30Z,2595,10881,0,174,-532,420,-352,86,-390,-264,-196,1398,56,200,3772,198,0,702,368,4030
2026-07-31T00:00Z,2561,10804,0,384,-488,506,-350,218,-362,-370,-356,1398,-82,150,3775,198,0,408,40,4159
2026-07-31T00:30Z,2488,10858,0,406,-492,514,-352,236,-362,-380,-362,1398,-116,176,3766,198,0,477,-10,4037
2026-07-31T01:00Z,2344,10865,0,684,-530,660,-352,522,-344,-828,-712,1398,-724,176,3767,198,0,662,132,3909
2026-07-31T01:30Z,2323,10845,0,702,-448,678,-352,538,-302,-840,-720,1398,-776,163,3772,198,0,322,142,4023
2026-07-31T02:00Z,2326,10911,0,794,-366,1094,-350,556,-302,-1016,-986,1398,-1290,146,3787,198,0,265,30,4079
2026-07-31T02:30Z,2325,11034,0,788,-246,1108,-350,550,-302,-1016,-988,1398,-1320,146,3808,198,0,145,-10,4181
2026-07-31T03:00Z,2327,11053,0,566,-106,1096,-350,386,-302,-1032,-1022,1396,-1440,145,3824,198,0,195,-10,3972
2026-07-31T03:30Z,2330,11217,0,544,-108,1096,-352,364,-302,-1032,-1022,1398,-1446,145,3834,198,0,180,-10,3703
2026-07-31T04:00Z,2330,11284,0,264,-96,1070,-352,12,-302,-1052,-1022,1398,-1446,145,3836,198,0,286,-10,3574
2026-07-31T04:30Z,2328,11339,0,254,-186,1070,-352,-2,-302,-1052,-1012,1396,-1434,156,3835,198,0,403,-10,3447
2026-07-31T05:00Z,2325,11304,0,242,-338,1122,-352,70,-376,-976,-526,1398,-1130,201,3841,198,0,891,90,3323
2026-07-31T05:30Z,2326,11326,0,238,-452,1134,-352,88,-452,-826,-508,1398,-1078,224,3837,198,0,1634,250,3173
2026-07-31T06:00Z,2319,11169,0,154,-530,1444,-352,450,-452,394,-108,1398,-256,275,3843,198,0,393,56,3353
2026-07-31T06:30Z,2321,10928,0,144,-532,1454,-352,488,-452,440,-94,1398,-94,284,3839,198,0,530,136,3549
2026-07-31T07:00Z,2319,9608,0,16,-532,1330,-352,968,-452,960,300,1398,1306,286,3843,198,0,470,-10,3570
2026-07-31T07:30Z,2319,8110,0,6,-520,1328,-352,992,-452,976,308,1398,1432,293,3844,198,0,522,-12,3553
2026-07-31T08:00Z,2337,6590,0,-96,-400,1428,-350,992,-452,1026,474,1398,1432,213,3715,38,0,873,-14,3434
2026-07-31T08:30Z,2350,5429,0,-106,-250,1434,-352,992,-444,1026,476,1398,1432,183,3524,0,0,714,-112,3533
2026-07-31T09:00Z,2403,4630,0,-238,-98,1572,-350,992,-328,1020,476,1398,1432,144,3228,0,0,812,-16,3545
2026-07-31T09:30Z,2396,3972,0,-244,-2,1578,-350,992,-206,1020,476,1398,1432,142,3219,0,0,848,-16,3498
2026-07-31T10:00Z,2372,3628,0,-244,0,1608,-350,992,-204,1018,446,1398,1432,122,3226,0,0,779,-190,3489
2026-07-31T10:30Z,2376,3740,0,-230,-2,1612,-350,992,-320,1020,446,1396,1432,123,3226,1,0,701,-292,3490
2026-07-31T11:00Z,2374,3811,0,58,-76,1700,-352,992,-440,1018,524,1398,1432,124,3226,0,0,675,-292,3427
2026-07-31T11:30Z,2370,3760,0,68,-14,1704,-354,992,-452,1020,524,1398,1432,125,3227,0,0,588,-368,3534
2026-07-31T12:00Z,2365,3906,0,32,0,1704,-352,992,-422,1020,564,1398,1432,110,3230,0,0,591,-426,3737
2026-07-31T12:30Z,2355,3935,0,30,-8,1704,-350,992,-452,1020,564,1398,1432,110,3232,0,0,767,-648,3949
2026-07-31T13:00Z,2351,3743,0,26,-108,1704,-350,992,-452,1018,570,1398,1432,119,3233,0,0,682,-650,4176
2026-07-31T13:30Z,2271,3349,0,26,-72,1706,-350,992,-450,1018,568,1390,1428,119,3232,0,0,680,-742,4471
2026-07-31T14:00Z,1783,3291,0,50,-20,1758,-350,992,-356,1020,390,1322,1340,107,3225,0,0,775,-660,4654
2026-07-31T14:30Z,1665,3607,0,52,-72,1746,-350,988,-206,1010,390,1322,1234,107,3226,0,0,716,-566,4538
2026-07-31T15:00Z,2184,4398,0,80,-2,1404,-350,908,-56,556,330,1390,-120,108,3222,0,0,1146,-218,4338
2026-07-31T15:30Z,2366,5316,0,88,0,1404,-352,904,-18,498,310,1398,-260,114,3219,7,0,1023,-172,4219
2026-07-31T16:00Z,2369,7762,0,240,0,1858,-350,910,-150,-718,-338,1398,-942,163,3219,11,0,913,-124,4438
2026-07-31T16:30Z,2373,9307,0,276,-66,1850,-352,890,-302,-840,-320,1398,-946,196,3212,10,0,1164,36,4405
2026-07-31T17:00Z,2364,10503,0,912,-216,1074,-352,454,-434,-906,582,1398,-294,241,3216,11,0,673,-12,4692
2026-07-31T17:30Z,2357,10723,0,940,-318,1076,-352,440,-452,-900,604,1398,-254,267,3215,11,0,897,190,5101
2026-07-31T18:00Z,2356,10823,0,926,-378,1904,-352,566,-416,-512,-18,1398,-68,333,3213,11,0,1154,474,5073
2026-07-31T18:30Z,2370,10828,0,914,-512,1938,-352,560,-452,-506,-36,1398,-60,331,3212,11,0,1803,830,4932
2026-07-31T19:00Z,2381,10879,0,618,-532,1874,-352,270,-452,-660,28,1398,-60,330,3216,58,0,2155,748,4683
2026-07-31T19:30Z,2359,10729,0,598,-532,1860,-350,258,-452,-592,30,1398,-56,330,3213,60,0,2308,682,4803
2026-07-31T20:00Z,2354,10805,0,406,-532,1526,-424,300,-452,0,-20,1398,0,311,3217,37,0,2344,600,4648
2026-07-31T20:30Z,2356,10849,0,392,-530,1512,-514,300,-452,0,-20,1398,4,307,3224,0,0,2032,602,4604
2026-07-31T21:00Z,2358,10991,0,238,-532,1558,-514,282,-452,-182,-52,1398,104,286,3233,49,0,1208,368,4777
2026-07-31T21:30Z,2345,10867,0,238,-532,1544,-514,290,-452,-188,-52,1398,92,269,3247,60,0,749,6,4976
2026-07-31T22:00Z,2349,10346,0,372,-532,1176,-514,484,-452,-314,-172,1398,-324,256,3253,38,0,762,-14,4822
2026-07-31T22:30Z,2373,9899,0,378,-532,1160,-514,482,-452,-316,-172,1398,-348,247,3261,21,0,782,8,4810
2026-07-31T23:00Z,2367,9789,0,402,-532,1264,-514,214,-378,-352,-204,1398,-438,223,3274,56,0,679,2,4865
2026-07-31T23:30Z,2360,9219,0,404,-532,1264,-514,216,-302,-352,-204,1398,-444,223,3277,6,0,648,180,4913
