timestamp,BIOMASS,CCGT,COAL,INTELEC,INTEW,INTFR,INTGRNL,INTIFA2,INTIRL,INTNED,INTNEM,INTNSL,INTVKL,NPSHYD,NUCLEAR,OCGT,OIL,OTHER,PS,WIND
2026-08-01T00:00Z,2354,8996,0,460,-528,1158,-514,528,-302,-200,-172,1398,-456,206,3282,0,0,422,186,4530
2026-08-01T00:30Z,2344,8702,0,482,-462,1178,-514,558,-302,-198,-170,1398,-466,189,3289,0,0,490,-4,4448
2026-08-01T01:00Z,2344,7788,0,902,-526,1806,-514,900,-302,-290,28,1398,-650,157,3291,0,0,233,-14,4240
2026-08-01T01:30Z,2344,7030,0,922,-470,1834,-514,920,-302,-290,30,1398,-656,154,3295,0,0,173,126,4517
2026-08-01T02:00Z,2353,6351,0,994,-446,1974,-514,988,-302,-272,146,1398,-588,153,3298,0,0,248,136,4893
2026-08-01T02:30Z,2372,5792,0,994,-342,1972,-514,988,-302,-274,148,1398,-584,143,3304,0,0,203,136,4784
2026-08-01T03:00Z,2353,5377,0,904,-298,1808,-514,882,-302,-438,366,1398,-574,140,3314,0,0,183,136,4845
2026-08-01T03:30Z,2367,5067,0,892,-274,1800,-514,872,-302,-440,368,1398,-566,140,3322,0,0,324,136,4819
2026-08-01T04:00Z,2365,5157,0,734,-330,1756,-514,800,-302,-316,238,1398,-412,139,3328,0,0,364,136,4689
2026-08-01T04:30Z,2344,5107,0,728,-312,1756,-514,800,-302,-300,242,1398,-386,141,3337,0,0,195,136,4668
2026-08-01T05:00Z,2292,4586,0,772,-376,1802,-514,872,-302,160,586,1398,28,154,3339,0,0,250,-108,4789
2026-08-01T05:30Z,2279,4367,0,778,-344,1806,-514,876,-376,174,592,1398,54,156,3333,0,0,477,-40,4698
2026-08-01T06:00Z,2239,4200,0,870,-440,1922,-514,852,-452,624,450,1398,222,173,3337,0,0,583,-12,4766
2026-08-01T06:30Z,2263,3528,0,876,-452,1922,-514,856,-452,634,452,1386,244,173,3329,0,0,518,-14,4673
2026-08-01T07:00Z,2213,2886,0,890,-402,1818,-514,986,-452,630,682,1274,560,187,3332,0,0,656,-226,4819
2026-08-01T07:30Z,1711,2469,0,892,-372,1812,-514,992,-452,630,684,1272,594,206,3334,0,0,831,-296,4991
2026-08-01T08:00Z,1183,2186,0,898,-506,1708,-514,992,-452,692,674,1386,1052,186,3332,0,0,599,-362,4937
2026-08-01T08:30Z,1070,2216,0,890,-532,1704,-514,992,-452,694,672,1368,1074,171,3337,0,0,698,-684,5034
2026-08-01T09:00Z,966,2218,0,710,-532,1704,-514,992,-452,736,620,1082,1074,99,3339,0,0,756,-696,5141
2026-08-01T09:30Z,668,2220,0,702,-532,1704,-514,984,-452,736,620,1014,1082,98,3337,0,0,772,-862,5292
2026-08-01T10:00Z,668,2211,0,702,-532,1702,-514,802,-452,768,698,642,1286,90,3342,0,0,876,-938,5361
2026-08-01T10:30Z,667,2216,0,714,-532,1702,-514,796,-378,768,700,600,1290,81,3343,0,0,755,-1084,5614
2026-08-01T11:00Z,670,2217,0,954,-532,1702,-514,828,-302,752,726,580,1146,80,3345,0,0,700,-846,5673
2026-08-01T11:30Z,668,2209,0,962,-532,1704,-514,824,-302,752,726,582,1140,80,3356,0,0,623,-844,5809
2026-08-01T12:00Z,670,2207,0,948,-532,1752,-514,702,-302,750,724,626,1140,64,3361,0,0,765,-846,5971
2026-08-01T12:30Z,671,2216,0,948,-532,1752,-514,698,-302,750,724,594,1140,64,3364,0,0,680,-1020,5656
2026-08-01T13:00Z,669,2233,0,964,-532,1708,-514,726,-302,752,704,218,1140,64,3368,0,0,760,-1074,5430
2026-08-01T13:30Z,667,2183,0,964,-530,1708,-514,728,-302,752,704,184,1136,64,3371,0,0,625,-1086,5422
2026-08-01T14:00Z,669,2152,0,964,-532,1704,-514,732,-302,664,654,210,1048,83,3374,0,0,569,-1086,5324
2026-08-01T14:30Z,670,2283,0,964,-532,1708,-514,740,-302,664,654,256,1010,93,3372,0,0,473,-1076,5038
2026-08-01T15:00Z,702,2439,0,946,-530,1818,-514,920,-302,670,618,630,236,92,3372,0,0,721,-824,5000
2026-08-01T15:30Z,1155,3090,0,946,-434,1820,-506,930,-302,656,614,704,182,125,3373,0,0,555,-654,5352
2026-08-01T16:00Z,1725,4399,0,950,-358,1808,-442,944,-320,138,304,1078,-204,142,3367,0,0,673,-216,5111
2026-08-01T16:30Z,2295,5790,0,938,-490,1804,-454,942,-432,124,290,1140,-230,107,3366,0,0,438,-16,5007
2026-08-01T17:00Z,2304,7935,0,680,-532,1682,-514,882,-452,-210,-182,1374,-416,169,3363,0,0,512,-12,5087
2026-08-01T17:30Z,2312,8914,0,664,-530,1670,-514,860,-452,-220,-194,1398,-420,178,3362,1,0,855,-6,4867
2026-08-01T18:00Z,2315,9259,0,530,-532,1490,-514,442,-452,-374,-346,1398,-272,236,3364,11,0,1631,320,5055
2026-08-01T18:30Z,2316,9245,0,520,-532,1476,-514,416,-452,-370,-348,1398,-264,263,3361,11,0,1942,336,4898
2026-08-01T19:00Z,2315,9191,0,456,-532,1322,-514,256,-452,-106,-304,1398,-238,292,3356,11,0,2770,366,4755
2026-08-01T19:30Z,2315,9203,0,462,-532,1310,-514,264,-452,-104,-302,1398,-230,295,3354,11,0,2979,398,4789
2026-08-01T20:00Z,2316,9440,0,656,-532,1162,-514,600,-452,-104,-30,1398,-86,295,3355,16,0,2018,388,4354
2026-08-01T20:30Z,2293,9398,0,676,-532,1178,-514,624,-452,-102,-24,1398,-70,295,3362,52,0,1766,380,4305
2026-08-01T21:00Z,2320,9129,0,914,-532,1708,-514,814,-452,166,218,1398,124,272,3362,33,0,602,298,4326
2026-08-01T21:30Z,2386,8790,0,914,-532,1718,-514,814,-452,172,220,1398,138,273,3364,0,0,397,246,4016
2026-08-01T22:00Z,2371,8528,0,712,-532,1396,-514,584,-452,146,260,1398,238,257,3364,0,0,499,374,3838
2026-08-01T22:30Z,2373,8310,0,706,-532,1388,-514,574,-452,148,260,1398,240,266,3365,0,0,391,370,3444
2026-08-01T23:00Z,2387,8046,0,768,-532,1820,-514,594,-452,382,426,1398,200,261,3368,0,0,233,232,3119
2026-08-01T23:30Z,2389,7784,0,772,-532,1836,-516,602,-452,386,428,1398,202,270,3371,0,0,205,218,2951
2026-08-02T00:00Z,2386,7195,0,842,-456,1786,-514,788,-390,498,622,1398,300,270,3370,0,0,140,-24,2800
2026-08-02T00:30Z,2385,6756,0,848,-358,1794,-514,802,-362,498,624,1398,296,274,3371,0,0,220,-120,2740
2026-08-02T01:00Z,2387,6453,0,932,-460,1974,-514,942,-362,306,610,1398,98,411,3372,0,0,176,-54,2637
2026-08-02T01:30Z,2392,6170,0,934,-382,1976,-514,948,-362,304,606,1398,86,410,3373,0,0,134,-14,2521
2026-08-02T02:00Z,2388,6136,0,938,-410,1706,-514,934,-362,286,318,1398,22,263,3373,0,0,345,-14,2428
2026-08-02T02:30Z,2383,6034,0,942,-286,1688,-514,934,-362,286,314,1398,22,253,3375,0,0,209,-14,2482
2026-08-02T03:00Z,2423,6030,0,996,-262,1254,-514,942,-362,368,164,1398,120,218,3371,0,0,278,-14,2261
2026-08-02T03:30Z,2479,5983,0,994,-244,1228,-514,936,-362,372,164,1398,134,197,3372,0,0,301,-14,2076
2026-08-02T04:00Z,2498,5858,0,914,-266,936,-514,786,-362,640,320,1398,334,177,3370,0,0,327,-14,1997
2026-08-02T04:30Z,2487,5500,0,912,-184,962,-514,788,-362,646,324,1398,352,179,3371,0,0,220,-14,1958
2026-08-02T05:00Z,2492,4635,0,942,-194,1854,-514,964,-362,698,572,1398,570,179,3367,0,0,166,-14,1771
2026-08-02T05:30Z,2440,4365,0,940,-112,1888,-514,972,-362,702,578,1398,614,176,3365,0,0,226,-14,1424
2026-08-02T06:00Z,2450,3928,0,856,-166,1712,-514,990,-388,1028,848,1398,1396,160,3365,0,0,450,-14,1202
2026-08-02T06:30Z,2500,3506,0,854,-124,1706,-514,992,-452,1034,850,1398,1424,168,3364,0,0,334,-182,1034
2026-08-02T07:00Z,2525,3421,0,920,-132,1768,-514,992,-452,780,706,1398,1250,176,3360,0,0,390,-36,1042
2026-08-02T07:30Z,2517,3238,0,924,-202,1772,-514,992,-452,778,706,1398,1248,303,3362,0,0,479,-12,922
2026-08-02T08:00Z,2525,2755,0,906,-312,1796,-514,992,-452,1044,726,1398,1416,368,3365,0,0,486,-12,850
2026-08-02T08:30Z,2410,2429,0,902,-272,1794,-514,980,-452,1046,726,1398,1424,230,3365,0,0,552,-12,796
2026-08-02T09:00Z,2389,2224,0,806,-374,1710,-514,714,-452,1046,726,1398,1424,258,3364,0,0,705,-14,788
2026-08-02T09:30Z,2372,2192,0,800,-298,1706,-514,702,-452,1046,726,1398,1424,248,3370,0,0,607,-14,806
2026-08-02T10:00Z,2404,2203,0,754,-390,1706,-514,702,-452,1044,774,1398,1424,231,3368,0,0,718,-94,858
2026-08-02T10:30Z,2407,2211,0,750,-374,1706,-514,702,-454,1044,776,1398,1424,200,3366,0,0,727,-14,904
2026-08-02T11:00Z,2388,2238,0,708,-442,1704,-514,702,-454,1044,724,1398,1424,135,3371,0,0,692,-16,972
2026-08-02T11:30Z,2384,2215,0,706,-332,1704,-514,706,-454,1044,724,1398,1418,134,3369,0,0,741,-154,1026
2026-08-02T12:00Z,2469,2286,0,702,-314,1706,-514,794,-454,774,770,1398,1290,142,3368,0,0,965,20,1098
2026-08-02T12:30Z,2537,2376,0,702,-258,1706,-514,796,-454,754,770,1398,1286,155,3368,0,0,814,80,1152
2026-08-02T13:00Z,2577,2398,0,704,-270,1706,-514,750,-454,756,750,1398,1326,157,3372,0,0,690,144,1251
2026-08-02T13:30Z,2618,2473,0,706,-292,1706,-514,748,-454,756,750,1398,1328,284,3378,0,0,688,96,1295
2026-08-02T14:00Z,2645,2604,0,752,-280,1704,-514,756,-454,752,704,1398,1322,240,3384,0,0,722,56,1511
2026-08-02T14:30Z,2658,3030,0,758,-322,1704,-514,762,-454,752,704,1398,1320,160,3380,0,0,776,8,1750
2026-08-02T15:00Z,2651,4556,0,800,-376,1706,-514,888,-454,752,704,1398,1286,161,3383,0,0,603,-10,1876
2026-08-02T15:30Z,2660,6297,0,808,-428,1708,-514,898,-454,752,704,1398,1290,162,3377,0,0,539,78,1996
2026-08-02T16:00Z,2656,7416,0,896,-528,1800,-514,988,-454,752,704,1398,1416,181,3377,0,0,381,58,2115
2026-08-02T16:30Z,2653,8182,0,902,-532,1804,-514,992,-454,752,704,1398,1358,199,3378,0,0,451,-18,2438
2026-08-02T17:00Z,2656,8807,0,938,-532,1748,-514,988,-454,764,590,1398,300,441,3381,0,0,706,430,2633
2026-08-02T17:30Z,2653,8798,0,920,-526,1732,-514,968,-452,764,590,1398,228,492,3381,1,0,1336,594,2964
2026-08-02T18:00Z,2657,8715,0,530,-418,1374,-514,536,-452,670,578,1398,302,551,3382,11,0,2064,678,3139
2026-08-02T18:30Z,2660,8735,0,508,-282,1360,-514,520,-452,672,564,1398,338,543,3378,11,0,2315,618,3202
2026-08-02T19:00Z,2663,8889,0,390,-356,1494,-514,592,-452,866,14,1398,1044,544,3377,11,0,1887,634,3235
2026-08-02T19:30Z,2653,8901,0,392,-392,1502,-514,598,-452,868,2,1398,1086,534,3378,11,0,1749,498,3269
2026-08-02T20:00Z,2651,8769,0,536,-464,1582,-514,650,-452,1038,248,1398,1274,445,3376,11,0,1281,484,3373
2026-08-02T20:30Z,2659,8776,0,540,-338,1586,-514,648,-452,1040,252,1398,1288,535,3380,11,0,695,456,3541
2026-08-02T21:00Z,2644,8555,0,520,-186,1652,-514,548,-452,1040,414,1398,1406,423,3382,6,0,188,104,3688
2026-08-02T21:30Z,2639,8155,0,518,-114,1634,-514,538,-452,1040,424,1398,1400,369,3383,1,0,167,-20,3836
2026-08-02T22:00Z,2649,7243,0,456,-24,1134,-514,412,-422,944,862,1398,1066,331,3381,0,0,308,-22,3985
2026-08-02T22:30Z,2641,6887,0,450,0,1096,-514,410,-288,944,870,1398,1042,330,3391,0,0,144,-22,4076
2026-08-02T23:00Z,2654,6998,0,376,0,620,-514,502,-248,904,804,1398,884,329,3390,0,0,163,-20,4091
2026-08-02T23:30Z,2649,6529,0,372,0,610,-508,496,-136,904,804,1398,882,304,3391,0,0,173,-18,4255
2026-08-03T00:00Z,2641,6453,0,322,0,918,-410,274,-150,732,664,1398,1036,273,3389,0,0,239,84,4324
2026-08-03T00:30Z,2639,6317,0,324,0,932,-402,274,-300,730,662,1398,1038,273,3393,0,0,276,-114,4278
2026-08-03T01:00Z,2643,6363,0,448,0,990,-510,508,-362,698,458,1398,880,274,3389,0,0,178,-10,4249
2026-08-03T01:30Z,2644,6038,0,450,0,998,-514,514,-352,696,456,1398,848,273,3394,0,0,150,-62,4373
2026-08-03T02:00Z,2645,5662,0,394,0,1170,-514,422,-266,544,360,1398,332,215,3390,0,0,247,-36,4649
2026-08-03T02:30Z,2645,5237,0,384,0,1162,-514,410,-194,514,360,1398,294,205,3374,0,0,230,-20,4735
2026-08-03T03:00Z,2642,5799,0,216,0,794,-514,246,-136,102,326,1398,12,187,3357,0,0,176,-20,4692
2026-08-03T03:30Z,2641,5835,0,204,0,778,-514,230,-116,100,318,1398,-6,166,3345,0,0,212,-20,4552
2026-08-03T04:00Z,2642,6452,0,116,0,800,-514,84,-66,-350,-120,1398,-134,146,3347,0,0,804,-22,4481
2026-08-03T04:30Z,2633,6519,0,112,0,802,-514,80,-94,-352,-126,1398,-124,167,3350,0,0,760,-2,4573
2026-08-03T05:00Z,2631,6520,0,148,0,856,-514,142,-178,108,140,1398,226,397,3349,0,0,1033,-122,4470
2026-08-03T05:30Z,2628,6113,0,170,0,876,-514,168,-214,128,156,1398,270,417,3347,0,0,1647,-106,4645
2026-08-03T06:00Z,2631,5543,0,604,0,1378,-514,702,-248,916,654,1398,864,457,3343,0,0,629,128,4588
2026-08-03T06:30Z,2631,5790,0,628,-16,1408,-514,736,-358,962,666,1398,914,482,3342,0,0,696,-16,4724
2026-08-03T07:00Z,2631,5218,0,792,-108,1692,-514,938,-450,1026,704,1398,1404,506,3341,0,0,580,-16,4865
2026-08-03T07:30Z,2622,4687,0,796,-48,1704,-514,948,-452,1028,704,1398,1426,471,3341,0,0,696,-16,5022
2026-08-03T08:00Z,2659,4104,0,706,-158,1706,-514,990,-452,1050,724,1398,1426,283,3340,0,0,739,-14,5088
2026-08-03T08:30Z,2654,3340,0,702,-154,1706,-514,992,-452,1050,724,1398,1426,278,3341,0,0,661,132,5127
2026-08-03T09:00Z,2609,2677,0,702,-194,1706,-514,992,-452,1046,724,1398,1426,262,3350,0,0,570,138,5202
2026-08-03T09:30Z,2523,2294,0,702,-92,1706,-514,992,-452,1046,724,1398,1426,256,3351,0,0,625,-14,5349
2026-08-03T10:00Z,2546,2089,0,702,-122,1706,-474,992,-452,1032,722,1398,1430,190,3364,0,0,756,-312,5675
2026-08-03T10:30Z,2587,2099,0,702,-40,1706,-464,992,-452,1032,722,1398,1430,147,3373,0,0,665,-452,5886
2026-08-03T11:00Z,2310,2121,0,700,-40,1706,-490,992,-452,1032,816,1398,1430,105,3382,0,0,721,-572,5904
2026-08-03T11:30Z,2313,2103,0,698,-16,1702,-514,992,-452,1032,816,1398,1430,109,3401,0,0,583,-778,6263
2026-08-03T12:00Z,2180,2125,0,666,-48,1616,-514,992,-452,1032,740,1398,1430,108,3411,0,0,790,-798,6647
2026-08-03T12:30Z,2085,2194,0,662,-66,1590,-514,988,-452,1032,736,1398,1430,107,3422,0,0,712,-786,6755
2026-08-03T13:00Z,2051,2308,0,624,0,1056,-498,894,-426,1030,494,1398,1428,107,3435,0,0,862,-568,6810
2026-08-03T13:30Z,2233,2528,0,626,-18,1044,-514,882,-444,1030,492,1398,1418,106,3451,0,0,841,-814,6888
2026-08-03T14:00Z,2472,2629,0,698,0,1446,-514,724,-342,1020,398,1398,1310,106,3469,0,0,658,-480,6779
2026-08-03T14:30Z,2535,3078,0,704,0,1456,-514,710,-328,1018,396,1398,1288,203,3479,0,0,593,-48,6690
2026-08-03T15:00Z,2561,4322,0,802,0,1248,-514,566,-444,972,324,1398,920,226,3497,2,0,664,84,6593
2026-08-03T15:30Z,2351,5997,0,798,0,1228,-514,556,-406,958,324,1398,884,217,3510,5,0,717,38,6530
2026-08-03T16:00Z,2426,8288,0,588,0,810,-514,468,-340,410,394,1398,446,266,3522,6,0,1000,260,6642
2026-08-03T16:30Z,2633,9836,0,578,-26,794,-500,450,-418,392,388,1398,432,280,3536,6,0,726,88,6916
2026-08-03T17:00Z,2617,10377,0,516,0,772,-408,104,-302,120,24,1398,608,277,3549,35,0,783,442,7380
2026-08-03T17:30Z,2633,10719,0,508,0,766,-476,84,-376,114,16,1398,616,250,3559,46,0,1111,476,7312
2026-08-03T18:00Z,2626,11021,0,366,0,596,-452,-24,-452,-276,-160,1398,616,262,3574,58,0,1920,568,6941
2026-08-03T18:30Z,2628,11277,0,362,-20,584,-426,-50,-452,-276,-158,1398,626,264,3572,55,0,1699,524,7063
2026-08-03T19:00Z,2627,11327,0,412,-24,454,-448,-504,-452,0,176,1398,844,267,3568,50,0,1693,418,6663
2026-08-03T19:30Z,2620,11324,0,404,-34,442,-442,-528,-452,0,182,1398,862,266,3572,49,0,1364,418,6687
2026-08-03T20:00Z,2649,11222,0,150,-168,174,-392,-572,-452,358,164,1398,1042,257,3567,8,0,1405,410,6899
2026-08-03T20:30Z,2626,10730,0,130,-186,166,-350,-570,-452,374,164,1398,1046,256,3571,10,0,1066,294,7179
2026-08-03T21:00Z,2577,10338,0,-50,-194,288,-378,-488,-452,102,178,1398,912,257,3571,1,0,920,394,6863
2026-08-03T21:30Z,2581,10141,0,-60,-194,278,-326,-468,-452,100,174,1398,896,253,3579,0,0,656,242,6521
2026-08-03T22:00Z,2587,9475,0,-106,-124,-70,-232,-104,-378,-102,-196,1398,648,171,3587,0,0,647,240,6471
2026-08-03T22:30Z,2647,8911,0,-108,-8,-96,-286,-78,-228,-104,-202,1398,632,165,3588,0,0,419,122,6555
2026-08-03T23:00Z,2671,8754,0,-124,0,-458,-374,118,-78,-298,-184,1398,542,152,3586,0,0,333,340,6688
2026-08-03T23:30Z,2666,8797,0,-120,0,-470,-282,124,0,-306,-184,1398,532,152,3592,0,0,421,2,6303
2026-08-04T00:00Z,2669,8780,0,-30,0,-334,-332,76,0,-402,-94,1398,406,152,3610,27,0,475,262,6103
2026-08-04T00:30Z,2666,9194,0,-20,0,-324,-250,78,0,-404,-94,1378,388,152,3626,120,0,723,180,5870
2026-08-04T01:00Z,2665,9347,0,116,0,-152,-342,152,-10,-502,-272,1182,126,134,3642,119,0,563,-48,5935
2026-08-04T01:30Z,2665,9376,0,112,0,-136,-304,156,-14,-504,-274,1140,98,134,3658,124,0,566,-110,5943
2026-08-04T02:00Z,2669,9277,0,-116,0,-2,-416,144,-50,-490,-482,930,-236,108,3678,145,0,614,-392,6441
2026-08-04T02:30Z,2671,9000,0,-126,0,0,-378,142,-50,-502,-496,930,-240,107,3688,145,0,437,-284,6287
2026-08-04T03:00Z,2671,9000,0,-158,0,-78,-226,138,-18,-1036,-990,1158,8,91,3705,145,0,604,-220,5763
2026-08-04T03:30Z,2671,9053,0,-166,0,-84,-198,130,0,-1050,-996,1198,4,91,3718,145,0,786,-104,5180
2026-08-04T04:00Z,2672,9166,0,-294,0,-184,-120,-40,0,-1050,-594,1378,-342,91,3736,144,0,695,162,4735
2026-08-04T04:30Z,2671,9363,0,-288,0,-164,-212,-36,0,-1048,-580,1398,-366,96,3751,144,0,704,284,4572
2026-08-04T05:00Z,2669,9444,0,-64,0,466,-360,200,-66,-788,-200,1398,-520,135,3768,144,0,767,-318,4868
2026-08-04T05:30Z,2670,9575,0,-42,-56,526,-454,220,-218,-688,-184,1398,-492,143,3778,144,0,1128,-8,5089
2026-08-04T06:00Z,2669,9204,0,226,-206,1114,-514,414,-368,288,318,1398,328,196,3796,145,0,936,-406,5339
2026-08-04T06:30Z,2669,9009,0,256,-358,1138,-514,430,-452,306,330,1382,380,213,3813,160,0,1029,-412,5741
2026-08-04T07:00Z,2669,8639,0,664,-498,1182,-514,588,-452,564,516,1240,692,220,3817,166,0,1087,-264,5798
2026-08-04T07:30Z,2656,8049,0,682,-532,1200,-514,612,-452,574,518,1240,734,220,3830,96,0,1420,-120,5850
2026-08-04T08:00Z,2669,6910,0,700,-532,1682,-514,974,-452,1006,710,1382,1366,183,3843,88,0,1037,-290,5625
2026-08-04T08:30Z,2669,6456,0,700,-532,1704,-514,992,-452,1016,712,1398,1398,177,3859,82,0,1416,-280,5582
2026-08-04T09:00Z,2647,6039,0,704,-476,1702,-514,992,-446,1046,724,1398,1424,158,3870,66,0,1110,-102,5575
2026-08-04T09:30Z,2645,5772,0,704,-326,1702,-514,992,-378,1046,724,1398,1426,155,3887,0,0,777,238,5557
2026-08-04T10:00Z,2637,5436,0,704,-322,1702,-514,992,-448,1042,724,1398,1426,130,3894,0,0,810,298,5635
2026-08-04T10:30Z,2634,5274,0,702,-372,1702,-514,992,-452,1042,724,1398,1426,109,3902,0,0,717,44,5699
2026-08-04T11:00Z,2650,5203,0,704,-456,1706,-514,992,-452,1026,722,1398,1426,106,3913,0,0,766,220,5655
2026-08-04T11:30Z,2660,4985,0,704,-398,1706,-514,992,-452,1026,722,1398,1426,94,3919,0,0,554,76,5932
2026-08-04T12:00Z,2635,4769,0,704,-398,1706,-514,992,-452,1026,722,1398,1426,99,3918,0,0,712,104,6057
2026-08-04T12:30Z,2629,4728,0,706,-248,1706,-514,980,-426,1026,718,1398,1426,101,3921,0,0,568,-126,6468
2026-08-04T13:00Z,2657,5062,0,706,-152,1704,-514,712,-452,1024,424,1398,1426,86,3926,0,0,579,-134,6765
2026-08-04T13:30Z,2725,4892,0,706,-42,1704,-514,698,-452,1020,412,1372,1406,86,3922,0,0,454,-132,7320
2026-08-04T14:00Z,2729,5200,0,702,-8,1704,-514,698,-392,680,8,1118,972,89,3920,0,0,575,-132,7885
2026-08-04T14:30Z,2729,5058,0,700,-82,1712,-492,710,-244,664,0,1070,916,105,3920,1,0,471,14,8047
2026-08-04T15:00Z,2718,5129,0,700,-20,1896,-488,978,-110,182,-42,832,60,118,3921,4,0,618,164,8415
2026-08-04T15:30Z,2685,6205,0,712,-106,1894,-348,990,-144,164,-44,844,-32,110,3919,8,0,517,-2,8906
2026-08-04T16:00Z,2795,7550,0,972,-18,1582,-238,948,-28,-620,-274,1216,-984,140,3929,8,0,498,-14,9148
2026-08-04T16:30Z,2823,8042,0,976,0,1562,-328,944,-30,-708,-276,1266,-1018,153,3940,8,0,622,-14,9279
2026-08-04T17:00Z,2886,8847,0,822,0,1334,-228,886,-56,-750,-152,1384,-546,208,3953,8,0,547,-12,8860
2026-08-04T17:30Z,2918,9244,0,802,0,1298,-74,852,-144,-768,-154,1398,-532,212,3956,8,0,619,114,8825
2026-08-04T18:00Z,2924,9497,0,506,0,490,70,146,-28,-1050,-358,1398,-764,230,3953,56,0,1558,546,8977
2026-08-04T18:30Z,2926,9671,0,480,0,454,86,122,0,-1050,-360,1398,-782,250,3952,57,0,1779,816,8547
2026-08-04T19:00Z,2945,9606,0,212,0,436,72,340,0,-1050,-248,1398,-908,251,3953,57,0,1364,516,8982
2026-08-04T19:30Z,2930,9178,0,194,0,438,100,338,0,-1050,-248,1398,-908,241,3946,57,0,1308,460,9739
2026-08-04T20:00Z,2921,9058,0,54,0,518,100,56,0,-852,-208,1398,-724,223,3944,10,0,1166,260,10016
2026-08-04T20:30Z,2916,9006,0,40,0,498,98,24,0,-852,-212,1398,-722,222,3945,9,0,512,154,10919
2026-08-04T21:00Z,2922,9010,0,-162,0,-250,80,-436,0,-900,-534,1398,-878,214,3938,9,0,717,222,10919
2026-08-04T21:30Z,2873,8810,0,-166,0,-308,100,-454,32,-902,-546,1398,-886,214,3937,1,0,419,348,10770
2026-08-04T22:00Z,2853,7660,0,-130,-56,-748,100,-370,-10,-960,-980,1398,-928,194,3939,0,0,558,144,10931
2026-08-04T22:30Z,2633,6773,0,-126,-20,-760,48,-356,-98,-958,-988,1398,-924,186,3935,0,0,987,226,10670
2026-08-04T23:00Z,2638,6158,0,-90,-96,-540,-100,-164,-100,-812,-870,1398,-792,186,3943,0,0,535,224,10446
2026-08-04T23:30Z,2644,5908,0,-84,-10,-512,-232,-152,-96,-810,-868,1398,-766,297,3939,0,0,551,224,10269
2026-08-05T00:00Z,2641,5192,0,46,0,0,-250,-98,-18,-584,-708,1398,-324,286,3945,0,0,342,224,9733
2026-08-05T00:30Z,2636,4771,0,64,0,18,-250,-76,0,-580,-706,1360,-320,285,3953,0,0,506,224,9606
2026-08-05T01:00Z,2612,4487,0,352,0,330,-250,358,0,-422,-612,986,-750,235,3952,0,0,408,224,9592
2026-08-05T01:30Z,2567,4190,0,366,0,346,-176,382,0,-422,-612,914,-762,233,3949,0,0,481,224,9809
2026-08-05T02:00Z,2571,3578,0,408,0,464,-100,486,0,-648,-766,584,-550,175,3945,0,0,455,224,10047
2026-08-05T02:30Z,2557,3112,0,400,0,466,-68,478,0,-652,-770,546,-542,153,3954,0,0,158,224,10862
2026-08-05T03:00Z,2564,2633,0,210,0,414,0,178,0,-904,-996,498,-610,148,3949,0,0,214,224,11808
2026-08-05T03:30Z,2569,2485,0,200,0,368,-2,162,0,-910,-998,506,-602,154,3949,0,0,183,224,12225
2026-08-05T04:00Z,2573,2490,0,164,0,-596,0,98,0,-1048,-958,626,-332,141,3951,0,0,251,224,12502
2026-08-05T04:30Z,2678,2524,0,160,0,-646,0,74,0,-1040,-956,654,-290,140,3956,0,0,307,-12,12433
2026-08-05T05:00Z,2855,2482,0,104,0,-24,0,-430,0,-588,-732,826,380,139,3955,0,0,256,-16,12462
2026-08-05T05:30Z,2856,2467,0,102,0,0,0,-448,0,-528,-708,808,432,135,3953,0,0,648,-18,12478
2026-08-05T06:00Z,2723,2298,0,160,0,-2,-90,-328,0,290,-24,434,864,135,3955,0,0,543,-14,12863
2026-08-05T06:30Z,2558,2047,0,172,-20,8,-228,-304,0,310,0,360,886,135,3954,0,0,921,-64,13125
2026-08-05T07:00Z,2030,2041,0,398,-130,422,-300,142,0,658,0,-18,920,137,3951,0,0,1080,-478,13236
2026-08-05T07:30Z,1548,1929,0,418,-44,470,-314,184,-24,670,12,-94,928,137,3947,0,0,1529,-712,13143
2026-08-05T08:00Z,1151,1710,0,630,0,1318,-438,620,-162,1032,540,-474,1092,126,3947,0,0,1012,-890,12826
2026-08-05T08:30Z,1193,1534,0,636,0,1374,-514,650,-312,1038,552,-550,1110,108,3946,0,0,949,-952,12190
2026-08-05T09:00Z,1225,1503,0,550,-40,1874,-514,888,-424,1044,560,-938,1352,79,3948,0,0,652,-1228,12096
2026-08-05T09:30Z,1211,1504,0,556,-150,1884,-514,904,-346,1044,560,-998,1366,80,3962,0,0,559,-1244,11990
2026-08-05T10:00Z,1182,1503,0,752,-302,1520,-512,988,-436,1044,738,-1216,1406,68,3957,0,0,428,-1236,11621
2026-08-05T10:30Z,1169,1503,0,752,-452,1506,-436,992,-436,1044,738,-1240,1408,76,3952,0,0,419,-1240,11479
2026-08-05T11:00Z,1193,1502,0,596,-532,1598,-472,990,-452,1044,640,-1240,1422,63,3947,0,0,562,-1222,11109
2026-08-05T11:30Z,1199,1464,0,584,-532,1598,-512,964,-452,1042,640,-1240,1422,61,3949,0,0,603,-1226,11310
2026-08-05T12:00Z,1179,1452,0,322,-532,1370,-514,336,-452,1026,544,-1240,1422,60,3950,0,0,585,-1228,11715
2026-08-05T12:30Z,1172,1453,0,304,-532,1356,-514,314,-452,1024,544,-1240,1416,68,3954,0,0,429,-1224,11440
2026-08-05T13:00Z,1171,1474,0,418,-532,1068,-514,498,-452,900,544,-1240,1282,117,3952,0,0,463,-1216,11696
2026-08-05T13:30Z,1215,1639,0,426,-532,1064,-514,516,-452,892,544,-1240,1242,117,3964,0,0,275,-1210,11409
2026-08-05T14:00Z,1223,1805,0,508,-452,1304,-514,742,-452,486,582,-1240,462,115,3969,0,0,203,-1204,11635
2026-08-05T14:30Z,1231,2103,0,520,-300,1306,-482,748,-428,474,580,-1202,372,114,3968,0,0,166,-1210,11408
2026-08-05T15:00Z,1261,2281,0,692,-148,1140,-344,622,-296,226,326,-810,-620,128,3965,0,0,341,-1190,11372
2026-08-05T15:30Z,1270,2367,0,696,-18,1132,-250,614,-242,214,274,-732,-662,148,3954,0,0,355,-1082,12124
2026-08-05T16:00Z,1416,2510,0,606,0,1182,-152,582,-154,-102,-712,-346,-332,183,3950,4,0,779,-1062,12924
2026-08-05T16:30Z,2086,2752,0,576,0,1162,-222,536,-280,-104,-732,-272,-318,184,3954,4,0,484,-836,13894
2026-08-05T17:00Z,2589,3253,0,32,0,542,-312,-422,-418,-230,82,106,-352,196,3952,4,0,635,-426,14272
2026-08-05T17:30Z,2775,3638,0,22,-74,512,-438,-476,-418,-234,112,182,-386,213,3946,4,0,802,-308,14316
2026-08-05T18:00Z,2927,4446,0,284,-86,310,-506,-590,-286,-406,-100,556,-1112,266,3948,4,0,1076,60,13894
2026-08-05T18:30Z,2851,5187,0,296,-226,304,-514,-590,-308,-424,-106,630,-1156,255,3952,0,0,1157,-34,13907
2026-08-05T19:00Z,2843,5516,0,298,-378,304,-514,-448,-436,-1036,-418,1006,-1412,257,3947,0,0,1368,458,13700
2026-08-05T19:30Z,2872,6068,0,294,-510,304,-514,-452,-452,-1056,-424,1072,-1426,257,3941,14,0,1616,350,13166
2026-08-05T20:00Z,2990,6459,0,204,-532,304,-514,-708,-452,-1004,-658,1366,-1446,231,3945,53,0,1534,568,12967
2026-08-05T20:30Z,2989,6926,0,188,-532,284,-514,-720,-452,-1002,-660,1390,-1446,231,3948,131,0,1159,196,12852
2026-08-05T21:00Z,3033,6717,0,-90,-532,-314,-514,-718,-452,-854,-620,1308,-1392,230,3946,121,0,1112,-2,12919
2026-08-05T21:30Z,3044,6459,0,-108,-532,-360,-514,-722,-452,-850,-626,1264,-1390,228,3948,57,0,1034,-32,12823
2026-08-05T22:00Z,3072,6186,0,-240,-458,-638,-514,-818,-378,-1034,-1002,890,-1444,212,3943,49,0,975,158,12810
2026-08-05T22:30Z,3048,5773,0,-238,-306,-646,-514,-830,-356,-1036,-1008,814,-1446,207,3943,49,0,1002,-264,12780
2026-08-05T23:00Z,3047,5346,0,-54,-156,-656,-514,-1020,-412,-1004,-988,440,-1434,166,3944,33,0,945,232,12873
2026-08-05T23:30Z,3019,5055,0,-50,-62,-642,-514,-1018,-412,-1002,-988,366,-1420,160,3953,0,0,822,40,12967
2026-08-06T00:00Z,3019,5080,0,-136,-190,-286,-514,-776,-412,-976,-972,-10,-1138,144,3957,0,0,348,-202,13297
2026-08-06T00:30Z,3019,4552,0,-124,-260,-262,-514,-766,-412,-976,-972,-48,-1108,144,3950,0,0,414,-274,13727
2026-08-06T01:00Z,3018,3562,0,226,-408,-32,-514,-788,-412,-1042,-1020,-46,-754,145,3948,0,0,292,56,13582
2026-08-06T01:30Z,3020,3547,0,230,-460,-20,-514,-788,-412,-1042,-1020,-78,-712,145,3951,0,0,269,-22,13470
2026-08-06T02:00Z,3042,3346,0,30,-490,50,-514,-748,-412,-844,-966,-428,-170,145,3957,0,0,242,36,13096
2026-08-06T02:30Z,3043,2925,0,14,-532,42,-514,-744,-412,-842,-966,-434,-128,145,3960,0,0,331,-76,13291
2026-08-06T03:00Z,3056,2765,0,-176,-532,-210,-514,-712,-412,-896,-970,-130,286,136,3957,0,0,224,-168,13694
2026-08-06T03:30Z,3071,2595,0,-180,-506,-258,-514,-720,-412,-898,-970,-92,358,130,3956,0,0,227,-118,13606
2026-08-06T04:00Z,2977,2785,0,-68,-398,-1104,-514,-946,-412,-1046,-902,-14,1326,113,3956,0,0,335,-168,13561
2026-08-06T04:30Z,2861,2882,0,-62,-460,-1128,-514,-948,-412,-1048,-902,28,1384,100,3958,0,0,454,-166,13201
2026-08-06T05:00Z,2804,2686,0,-30,-392,-704,-514,-750,-416,-1050,-866,362,1384,99,3962,0,0,1043,128,12754
2026-08-06T05:30Z,2960,2788,0,-10,-504,-640,-514,-732,-452,-876,-840,418,1384,100,3965,0,0,1637,484,12098
2026-08-06T06:00Z,3072,2777,0,386,-532,362,-514,-502,-452,342,-74,654,1424,99,3968,0,0,617,-156,11979
2026-08-06T06:30Z,3079,2686,0,408,-532,464,-514,-452,-452,414,-28,660,1428,104,3961,0,0,616,-168,11760
2026-08-06T07:00Z,2766,2681,0,504,-532,1176,-514,412,-452,888,630,494,1428,116,3967,0,0,402,-272,11575
2026-08-06T07:30Z,2305,2503,0,516,-532,1226,-514,474,-452,888,650,446,1428,116,3966,0,0,497,-570,11519
2026-08-06T08:00Z,2132,2241,0,694,-532,1684,-514,968,-452,1042,722,132,1428,113,3966,1,0,522,-932,10918
2026-08-06T08:30Z,2107,2320,0,702,-532,1704,-514,992,-452,1040,724,136,1428,109,3966,1,0,536,-982,10381
2026-08-06T09:00Z,1867,2076,0,702,-532,1704,-514,992,-452,1038,724,510,1428,118,3881,0,0,756,-848,10005
2026-08-06T09:30Z,1755,2111,0,702,-532,1706,-514,992,-452,1038,724,582,1428,127,3273,0,0,776,-602,9416
2026-08-06T10:00Z,1768,2150,0,702,-532,1706,-514,992,-452,1044,720,914,1428,147,3935,0,0,843,-834,9092
2026-08-06T10:30Z,1979,2202,0,710,-532,1706,-514,992,-452,1044,722,984,1428,156,3941,0,0,463,-770,8795
2026-08-06T11:00Z,1219,1316,0,526,-318,1024,-308,594,-272,622,552,792,856,79,2366,0,0,329,-536,5204
2026-08-06T11:30Z,339,364,0,148,-88,286,-86,166,-76,174,114,232,238,22,657,0,0,115,-158,1391
2026-08-06T12:00Z,2089,2184,0,890,-492,1754,-514,990,-452,1038,72,1398,1428,135,3943,0,0,642,-892,8181
2026-08-06T12:30Z,2277,2285,0,888,-426,1708,-502,992,-452,1034,928,1398,1428,157,3938,0,0,517,-400,6491
2026-08-06T13:00Z,2033,2377,0,864,-432,1706,-514,992,-452,1036,838,1398,1428,157,3938,0,0,429,-26,6078
2026-08-06T13:30Z,2294,2534,0,856,-454,1708,-514,992,-452,1036,838,1398,1428,161,3949,0,0,492,-18,5424
2026-08-06T14:00Z,2934,2650,0,708,-454,1810,-514,992,-452,1044,894,1398,1428,159,3967,0,0,383,30,4791
2026-08-06T14:30Z,3175,2963,0,702,-512,1812,-476,992,-438,1044,896,1398,1428,166,3965,0,0,401,202,4398
2026-08-06T15:00Z,3163,3637,0,704,-418,1758,-514,992,-346,1038,996,1398,1428,174,3969,3,0,440,274,4137
2026-08-06T15:30Z,3161,4802,0,704,-510,1752,-494,992,-436,1038,996,1398,1428,181,3965,9,0,461,226,3930
2026-08-06T16:00Z,3070,6553,0,738,-500,1660,-458,992,-452,942,850,1398,1428,202,3963,11,0,770,400,3751
2026-08-06T16:30Z,3046,8148,0,730,-532,1650,-514,986,-452,940,848,1398,1428,204,3964,11,0,809,302,3623
2026-08-06T17:00Z,3044,9226,0,540,-532,1508,-494,860,-452,976,752,1398,1428,315,3968,11,0,945,602,3578
2026-08-06T17:30Z,3025,10163,0,536,-532,1494,-510,848,-452,976,750,1398,1428,422,3966,11,0,660,908,3409
2026-08-06T18:00Z,3024,10899,0,634,-532,1212,-514,746,-452,510,494,1398,1428,476,3970,11,0,1567,1048,3138
2026-08-06T18:30Z,3071,11130,0,640,-532,1202,-514,742,-452,456,492,1398,1428,478,3969,11,0,1524,1062,2797
2026-08-06T19:00Z,3132,11260,0,656,-532,560,-514,676,-452,662,44,1398,1414,496,3971,11,0,1850,1060,2699
2026-08-06T19:30Z,3128,11222,0,656,-532,528,-514,674,-452,662,32,1398,1412,496,3965,11,0,1891,1102,2500
2026-08-06T20:00Z,3108,11547,0,628,-476,422,-514,512,-452,652,58,1398,1422,495,3972,11,0,1532,1064,2272
2026-08-06T20:30Z,3086,11393,0,624,-528,418,-514,504,-452,648,62,1398,1424,494,3973,11,0,1062,1064,2382
2026-08-06T21:00Z,3019,10890,0,590,-532,364,-506,474,-452,268,344,1398,1420,481,3973,1,0,825,934,2176
2026-08-06T21:30Z,2996,10505,0,578,-504,370,-514,466,-452,250,340,1398,1410,481,3975,0,0,424,786,2198
2026-08-06T22:00Z,2986,9914,0,360,-416,656,-514,306,-436,-218,-48,1398,1180,441,3969,0,0,660,584,2628
2026-08-06T22:30Z,2987,9435,0,344,-266,662,-514,294,-344,-228,-56,1398,1172,309,3974,0,0,359,340,3065
2026-08-06T23:00Z,2987,9433,0,230,-126,532,-514,172,-430,-374,-224,1398,1326,261,3970,0,0,598,262,3248
2026-08-06T23:30Z,2987,9027,0,224,-6,526,-514,164,-444,-376,-224,1392,1334,258,3973,0,0,403,134,3573
2026-08-07T00:00Z,2986,8015,0,512,0,958,-514,334,-312,-464,-198,1212,1362,210,3970,0,0,324,136,3561
2026-08-07T00:30Z,2983,7466,0,524,0,988,-496,348,-282,-466,-198,1158,1360,195,3971,0,0,355,134,3831
2026-08-07T01:00Z,3013,7237,0,548,0,1332,-514,514,-398,-584,-254,786,1274,194,3974,0,0,163,138,3830
2026-08-07T01:30Z,3023,7177,0,546,0,1346,-514,520,-294,-590,-256,712,1264,192,3976,0,0,121,154,3771
2026-08-07T02:00Z,2989,7444,0,498,0,1262,-514,468,-192,-902,-494,358,1166,196,3973,0,0,245,184,3791
2026-08-07T02:30Z,2984,7292,0,484,0,1246,-514,452,-192,-908,-502,342,1154,176,3978,0,0,127,202,3998
2026-08-07T03:00Z,2985,7506,0,260,0,802,-514,142,-64,-1044,-810,544,992,182,3977,0,0,244,210,3924
2026-08-07T03:30Z,2984,7525,0,244,0,768,-514,126,-72,-1044,-816,596,956,182,3979,0,0,227,222,3869
2026-08-07T04:00Z,2984,7593,0,116,0,402,-504,56,-10,-1040,-1020,912,326,182,3974,0,0,812,168,4140
2026-08-07T04:30Z,2975,7784,0,112,0,382,-514,52,-104,-1040,-1022,946,296,181,3971,0,0,643,68,4391
2026-08-07T05:00Z,2847,8011,0,146,0,760,-514,266,-248,-946,-498,998,624,154,3972,0,0,402,-2,4595
2026-08-07T05:30Z,2524,7912,0,148,-14,778,-514,274,-304,-910,-486,1008,638,151,3971,0,0,1020,42,4569
2026-08-07T06:00Z,2526,6761,0,592,-160,1786,-514,528,-440,276,192,1162,888,151,3971,0,0,554,122,4482
2026-08-07T06:30Z,2522,5669,0,612,-312,1834,-514,558,-452,312,222,1166,920,153,3972,0,0,1091,210,4395
2026-08-07T07:00Z,2511,4907,0,692,-450,1714,-514,968,-452,992,690,1052,1366,166,3978,0,0,594,66,4423
2026-08-07T07:30Z,2448,4402,0,696,-442,1708,-514,992,-452,1022,702,1000,1392,167,3971,0,0,460,-18,4822
2026-08-07T08:00Z,2428,3711,0,702,-376,1710,-514,992,-452,1056,724,626,1422,185,3971,0,0,452,-16,4898
2026-08-07T08:30Z,1979,3603,0,704,-308,1710,-514,992,-452,1058,724,550,1424,173,3980,0,0,541,-434,5305
2026-08-07T09:00Z,1274,3466,0,702,-294,1710,-514,992,-452,1040,724,178,1424,183,3975,0,0,608,-706,5685
2026-08-07T09:30Z,922,3102,0,698,-318,1698,-514,990,-452,1040,722,118,1418,167,3976,0,0,716,-1038,5663
2026-08-07T10:00Z,919,3091,0,640,-446,1278,-514,952,-386,870,514,-108,1214,172,3976,0,0,1104,-850,5666
2026-08-07T10:30Z,919,3188,0,640,-460,1274,-514,940,-384,868,512,-130,1204,170,3976,0,0,859,-920,5715
2026-08-07T11:00Z,919,3504,0,700,-526,1690,-514,712,-452,864,472,-118,1198,154,3977,0,0,841,-774,5793
2026-08-07T11:30Z,916,3727,0,704,-532,1706,-514,702,-452,848,472,-154,1198,153,3975,0,0,472,-832,5915
2026-08-07T12:00Z,916,4317,0,702,-532,1706,-514,700,-452,222,502,-524,1228,140,3979,0,0,615,-636,6296
2026-08-07T12:30Z,916,4389,0,702,-532,1706,-514,700,-452,204,502,-578,1230,145,3978,0,0,536,-1092,6132
2026-08-07T13:00Z,924,3780,0,680,-532,1684,-514,700,-452,488,690,-730,1210,157,3978,0,0,550,-1014,6015
2026-08-07T13:30Z,1077,3632,0,680,-518,1684,-514,700,-452,470,692,-722,1138,176,3976,0,0,554,-1174,6724
2026-08-07T14:00Z,1157,3616,0,702,-394,1708,-514,700,-452,104,692,-484,36,183,3973,0,0,757,-962,6717
2026-08-07T14:30Z,1236,3905,0,704,-256,1708,-514,704,-436,102,684,-422,-50,183,3976,0,0,625,-890,6374
2026-08-07T15:00Z,1242,4464,0,704,-122,1704,-514,776,-314,102,284,-44,-232,183,3976,0,0,743,-656,6159
2026-08-07T15:30Z,1461,4839,0,702,-146,1696,-496,780,-248,64,262,32,-258,183,3972,0,0,981,-104,6047
2026-08-07T16:00Z,2017,6198,0,640,-28,1308,-400,794,-108,-334,-292,408,-696,226,3976,14,0,1299,6,6234
2026-08-07T16:30Z,2459,7405,0,628,0,1284,-494,788,-170,-356,-314,482,-692,255,3977,81,0,1345,-290,6331
2026-08-07T17:00Z,2384,9010,0,402,0,960,-514,614,-252,-676,-746,858,-146,340,3978,85,0,1245,250,6298
2026-08-07T17:30Z,2170,10471,0,394,0,918,-514,594,-334,-678,-752,932,-120,327,3975,104,0,1417,344,6006
2026-08-07T18:00Z,2181,11707,0,414,0,104,-514,304,-416,-750,-452,1306,-148,406,3985,168,0,1774,442,5552
2026-08-07T18:30Z,2174,11905,0,410,-74,80,-514,292,-452,-750,-448,1350,-142,400,3757,188,0,2307,568,5045
2026-08-07T19:00Z,2159,11875,0,318,-58,490,-514,328,-452,-748,-404,1392,-4,366,3311,119,0,1955,450,4550
2026-08-07T19:30Z,2180,11671,0,316,-192,498,-514,326,-452,-748,-396,1398,10,404,3979,80,0,1683,548,4913
2026-08-07T20:00Z,2206,11543,0,380,-314,218,-514,244,-452,-618,50,1398,206,406,3982,71,0,1315,600,5056
2026-08-07T20:30Z,2461,11364,0,378,-404,200,-514,240,-452,-616,58,1398,206,422,3980,60,0,850,680,5175
2026-08-07T21:00Z,2549,11296,0,294,-370,-140,-514,212,-452,-572,-168,1398,6,391,3981,34,0,755,762,5546
2026-08-07T21:30Z,2548,10982,0,302,-220,-108,-514,208,-452,-574,-174,1398,-40,390,3983,1,0,394,774,5808
2026-08-07T22:00Z,2553,9604,0,530,-216,1082,-514,176,-452,-882,-444,1398,-846,362,3983,0,0,837,624,5639
2026-08-07T22:30Z,2551,8473,0,544,-366,1210,-514,180,-378,-886,-444,1386,-874,307,3985,0,0,973,772,5661
2026-08-07T23:00Z,2552,8046,0,658,-454,1548,-514,300,-302,-716,-160,1274,-710,281,3994,0,0,452,550,5441
2026-08-07T23:30Z,2552,7294,0,674,-370,1576,-514,332,-302,-712,-158,1224,-704,283,3989,0,0,483,358,5409
2026-08-08T00:00Z,2550,6185,0,924,-320,1978,-514,910,-302,-546,-114,850,-812,284,3981,0,0,654,136,5448
2026-08-08T00:30Z,2555,5888,0,930,-208,1990,-514,934,-302,-546,-114,800,-822,266,3989,0,0,439,190,5454
2026-08-08T01:00Z,2547,5997,0,876,-280,1876,-514,900,-302,-592,-18,678,-970,218,3987,0,0,505,284,5464
2026-08-08T01:30Z,2558,5800,0,874,-172,1876,-514,900,-302,-594,-18,666,-986,216,3988,0,0,362,222,5341
2026-08-08T02:00Z,2558,5635,0,908,-154,1978,-514,922,-302,-740,-70,670,-1220,217,3986,0,0,480,218,5065
2026-08-08T02:30Z,2557,5616,0,912,-26,1978,-514,926,-302,-742,-74,668,-1232,216,3991,0,0,305,242,4515
2026-08-08T03:00Z,2560,5305,0,966,0,1992,-514,974,-302,-756,-308,644,-1164,230,3983,0,0,595,260,4300
2026-08-08T03:30Z,2558,5202,0,958,-14,1990,-514,972,-302,-756,-312,646,-1144,229,3981,0,0,637,272,4318
2026-08-08T04:00Z,2557,5223,0,758,-140,1914,-514,836,-302,-656,-468,702,-762,229,3986,0,0,567,290,4317
2026-08-08T04:30Z,2557,5240,0,754,-292,1910,-514,830,-302,-650,-458,744,-718,229,3987,0,0,427,300,4268
2026-08-08T05:00Z,2556,4442,0,848,-442,1866,-514,830,-302,-280,76,1116,-128,228,3993,0,0,317,360,4313
2026-08-08T05:30Z,2559,4268,0,854,-442,1860,-514,824,-302,-262,100,1144,-68,229,3991,0,0,477,238,4379
2026-08-08T06:00Z,2329,3737,0,910,-524,1702,-514,674,-302,548,598,1028,698,228,3999,0,0,481,-2,4435
2026-08-08T06:30Z,1472,3195,0,904,-532,1696,-514,666,-302,622,612,1016,762,247,3996,0,0,600,-8,4739
2026-08-08T07:00Z,852,2843,0,722,-532,1736,-514,690,-302,1034,870,1008,1398,237,3997,0,0,436,-8,4778
2026-08-08T07:30Z,834,2617,0,714,-532,1744,-514,690,-302,1042,872,972,1428,233,3995,0,0,627,-642,4729
2026-08-08T08:00Z,833,2711,0,706,-532,1996,-514,702,-302,756,992,596,1428,178,3997,0,0,761,-1030,4779
2026-08-08T08:30Z,834,2323,0,706,-532,1994,-514,700,-376,752,994,522,1426,166,3999,0,0,586,-1178,5175
2026-08-08T09:00Z,853,2258,0,704,-532,1696,-514,652,-452,768,968,146,1388,133,3993,0,0,593,-1166,5571
2026-08-08T09:30Z,801,2191,0,706,-532,1660,-514,646,-452,770,966,72,1384,131,3998,0,0,714,-1182,5918
2026-08-08T10:00Z,784,1993,0,708,-532,994,-514,564,-452,874,888,-308,1366,130,3998,0,0,761,-1178,6279
2026-08-08T10:30Z,780,1975,0,706,-532,962,-514,564,-452,876,886,-384,1358,131,3997,0,0,660,-1170,6486
2026-08-08T11:00Z,779,1982,0,652,-532,1056,-514,628,-452,850,788,-768,1182,130,3998,0,0,644,-1168,6398
2026-08-08T11:30Z,780,1978,0,652,-532,1046,-514,630,-452,852,788,-846,1160,130,3995,0,0,632,-1164,6446
2026-08-08T12:00Z,774,2017,0,734,-532,676,-514,634,-452,866,922,-1238,844,130,3990,0,0,697,-1146,6609
2026-08-08T12:30Z,773,2003,0,726,-532,656,-514,628,-452,866,920,-1282,818,116,3994,0,0,658,-1150,7031
2026-08-08T13:00Z,770,2067,0,474,-532,590,-514,522,-452,784,620,-1314,562,106,3986,0,0,1140,-1052,7059
2026-08-08T13:30Z,769,2057,0,454,-532,588,-514,514,-452,782,614,-1278,534,118,3991,0,0,1028,-1072,7030
2026-08-08T14:00Z,770,2065,0,262,-532,644,-514,450,-452,608,402,-886,162,118,3992,0,0,1598,-1074,7164
2026-08-08T14:30Z,771,2067,0,276,-532,704,-514,466,-452,548,398,-808,124,118,3993,0,0,1754,-592,7342
2026-08-08T15:00Z,787,2547,0,742,-516,1824,-514,920,-432,0,304,-422,-330,129,3992,0,0,1110,-214,7380
2026-08-08T15:30Z,1043,3360,0,764,-390,1888,-494,936,-450,0,304,-344,-370,131,3918,37,0,1130,-16,8280
2026-08-08T16:00Z,1382,4134,0,818,-238,1702,-398,810,-356,-104,288,34,-778,131,3854,14,0,812,234,8582
2026-08-08T16:30Z,1916,5123,0,806,-86,1686,-494,792,-368,-118,270,110,-816,135,3856,1,0,760,930,8763
2026-08-08T17:00Z,2395,6496,0,474,0,1440,-514,536,-314,-888,-364,484,-1266,201,3857,56,0,1741,896,8657
2026-08-08T17:30Z,2522,7650,0,452,0,1394,-514,506,-424,-942,-382,558,-1276,214,3861,60,0,1539,796,8608
2026-08-08T18:00Z,2525,8065,0,334,0,454,-514,124,-398,-1006,-456,934,-1002,245,3854,60,0,1901,604,9099
2026-08-08T18:30Z,2524,8007,0,320,0,410,-514,106,-452,-1006,-458,1006,-974,248,3853,60,0,1752,698,9283
2026-08-08T19:00Z,2475,7676,0,134,-88,550,-514,108,-452,-918,-444,1360,-660,286,3856,60,0,1601,730,9219
2026-08-08T19:30Z,2479,7736,0,128,-234,548,-514,106,-384,-914,-442,1398,-634,311,3856,60,0,1665,962,9060
2026-08-08T20:00Z,2479,8091,0,192,-374,360,-514,46,-342,-612,-210,1398,-424,309,3862,91,0,1123,922,8972
2026-08-08T20:30Z,2475,7772,0,194,-510,350,-514,46,-342,-606,-208,1398,-406,310,3865,134,0,934,852,9113
2026-08-08T21:00Z,2472,7438,0,174,-532,380,-514,92,-342,-716,-346,1398,-252,302,3861,131,0,802,830,9084
2026-08-08T21:30Z,2469,7221,0,174,-504,384,-514,96,-342,-638,-338,1360,-224,304,3860,58,0,738,772,8984
2026-08-08T22:00Z,2480,5966,0,174,-520,600,-514,154,-342,102,114,986,230,302,3868,3,0,332,290,8738
2026-08-08T22:30Z,2484,5147,0,176,-430,612,-514,158,-342,104,124,954,258,301,3868,0,0,453,146,8568
2026-08-08T23:00Z,2485,4436,0,234,-436,778,-514,192,-300,194,260,1020,402,250,3863,0,0,314,122,8670
2026-08-08T23:30Z,2483,3724,0,244,-384,796,-514,208,-292,194,262,1034,406,245,3862,0,0,308,204,8617
2026-08-09T00:00Z,2479,2974,0,406,-298,1228,-514,546,-292,102,242,1118,312,229,3862,0,0,222,254,8542
2026-08-09T00:30Z,2475,2725,0,416,-242,1252,-514,562,-308,104,240,1126,304,227,3861,0,0,211,298,8249
2026-08-09T01:00Z,2565,2667,0,528,-366,1424,-514,602,-362,182,130,1110,248,221,3863,0,0,204,332,7995
2026-08-09T01:30Z,2615,2538,0,514,-272,1414,-514,594,-362,178,130,1116,242,221,3863,0,0,198,232,7606
2026-08-09T02:00Z,2703,2362,0,108,-174,896,-514,410,-362,0,68,1198,148,227,3858,0,0,542,228,7180
2026-08-09T02:30Z,2701,2159,0,102,-302,874,-514,402,-342,0,68,1204,144,245,3862,0,0,738,226,7194
2026-08-09T03:00Z,2703,2145,0,346,-434,990,-514,402,-362,102,48,1190,154,250,3860,0,0,699,224,6872
2026-08-09T03:30Z,2700,2139,0,356,-364,984,-514,396,-362,102,52,1176,166,250,3865,0,0,799,190,6697
2026-08-09T04:00Z,2699,2504,0,310,-392,664,-514,240,-362,404,320,1056,436,254,3864,0,0,439,226,6347
2026-08-09T04:30Z,2688,2244,0,316,-418,668,-514,252,-362,424,324,1026,462,234,3867,0,0,314,214,6372
2026-08-09T05:00Z,2577,2167,0,480,-524,1180,-514,656,-362,410,510,846,770,234,3870,0,0,237,-258,6545
2026-08-09T05:30Z,1878,2285,0,508,-532,1218,-514,686,-362,420,514,838,810,235,3868,0,0,325,-118,6667
2026-08-09T06:00Z,1409,2205,0,948,-532,1870,-514,946,-362,872,656,938,1402,210,3871,0,0,250,-888,6240
2026-08-09T06:30Z,1159,2104,0,968,-532,1904,-514,958,-362,884,662,984,1430,200,3869,0,0,460,-1042,5294
2026-08-09T07:00Z,1161,1900,0,996,-532,1952,-514,968,-424,1036,992,1358,1430,184,3869,0,0,350,-1176,4876
2026-08-09T07:30Z,1160,1858,0,996,-532,1954,-514,966,-452,1038,996,1398,1430,209,3868,0,0,373,-1174,4726
2026-08-09T08:00Z,1155,1924,0,996,-532,1978,-514,932,-452,1044,812,1398,1430,198,3862,0,0,637,-1014,4283
2026-08-09T08:30Z,961,1906,0,998,-532,1978,-514,932,-452,1044,810,1398,1430,197,3864,0,0,629,-1150,3923
2026-08-09T09:00Z,952,1905,0,998,-532,1932,-514,988,-452,1044,746,1398,1430,181,3865,0,0,470,-1152,3934
2026-08-09T09:30Z,942,1989,0,996,-532,1924,-514,982,-452,1042,746,1398,1424,181,3864,0,0,328,-1298,3910
2026-08-09T10:00Z,1091,1734,0,996,-532,1660,-514,760,-452,1022,662,1398,1294,182,3867,0,0,655,-1294,4056
2026-08-09T10:30Z,1340,1709,0,998,-532,1652,-514,748,-452,1020,656,1398,1292,142,3877,0,0,631,-1300,4065
2026-08-09T11:00Z,1392,1782,0,998,-532,1702,-514,704,-452,1022,258,1398,1394,143,3877,0,0,641,-1282,4051
2026-08-09T11:30Z,1301,1819,0,998,-532,1704,-514,708,-452,1022,240,1394,1400,137,3894,0,0,595,-1282,4237
2026-08-09T12:00Z,1056,1834,0,998,-532,1746,-514,852,-452,1044,-250,1366,1420,138,3883,0,0,707,-1130,4456
2026-08-09T12:30Z,901,1845,0,998,-532,1744,-514,854,-452,1044,-250,1342,1420,137,3884,0,0,637,-1130,4417
2026-08-09T13:00Z,724,1948,0,998,-532,1664,-514,754,-452,1044,244,1112,1364,143,3880,0,0,668,-930,4257
2026-08-09T13:30Z,727,2069,0,998,-532,1660,-514,748,-452,1044,264,1094,1360,178,3877,0,0,573,-1010,4261
2026-08-09T14:00Z,728,2336,0,998,-532,1632,-514,704,-452,1030,676,1156,1344,188,3875,0,0,584,-1060,4160
2026-08-09T14:30Z,746,2506,0,998,-532,1634,-514,702,-452,1030,686,1170,1344,189,3868,0,0,649,-710,4278
2026-08-09T15:00Z,779,3004,0,998,-532,1756,-514,702,-452,1036,844,1254,1404,209,3871,0,0,539,-314,4328
2026-08-09T15:30Z,913,3929,0,994,-500,1764,-514,710,-436,1026,844,1272,1358,222,3861,0,0,965,72,4064
2026-08-09T16:00Z,1466,5366,0,936,-374,1846,-514,878,-344,564,650,1386,458,376,3869,0,0,887,192,3948
2026-08-09T16:30Z,1980,7248,0,910,-380,1838,-514,872,-434,504,640,1398,386,336,3866,25,0,695,4,4264
2026-08-09T17:00Z,2344,9038,0,434,-256,1498,-514,584,-410,0,192,1396,-66,372,3857,99,0,1174,-18,4573
2026-08-09T17:30Z,2453,10165,0,400,-272,1476,-514,558,-452,0,176,1398,-88,386,3818,84,0,1062,108,4750
2026-08-09T18:00Z,2446,10598,0,110,-148,1202,-514,266,-452,-334,-206,1398,-100,469,3820,75,0,1829,604,4740
2026-08-09T18:30Z,2436,10879,0,106,-204,1170,-514,254,-452,-348,-208,1398,-94,389,3825,75,0,1935,772,4455
2026-08-09T19:00Z,2445,10878,0,270,-356,628,-514,320,-452,-104,58,1398,96,404,3826,75,0,1909,772,4614
2026-08-09T19:30Z,2453,10598,0,272,-492,608,-514,322,-452,-102,64,1398,108,370,3830,76,0,1909,636,5033
2026-08-09T20:00Z,2451,10438,0,146,-532,796,-514,318,-452,110,228,1398,108,363,3822,76,0,1564,674,5385
2026-08-09T20:30Z,2454,10365,0,138,-532,798,-514,314,-452,114,228,1398,108,362,3831,73,0,870,620,5504
2026-08-09T21:00Z,2453,10253,0,60,-532,524,-514,240,-452,102,56,1398,108,343,3827,56,0,691,516,5677
2026-08-09T21:30Z,2455,9956,0,52,-532,502,-514,222,-452,100,52,1360,106,343,3830,56,0,489,226,6463
2026-08-09T22:00Z,2450,9336,0,-62,-458,82,-456,-76,-378,-294,-176,986,82,396,3828,23,0,620,80,6978
2026-08-09T22:30Z,2453,8903,0,-62,-308,68,-506,-88,-338,-298,-176,944,86,315,3827,0,0,467,-8,6975
2026-08-09T23:00Z,2454,8257,0,24,-156,138,-470,-20,-390,0,32,914,192,261,3819,0,0,753,120,6558
2026-08-09T23:30Z,2451,7969,0,32,-96,146,-414,-14,-308,0,34,916,206,256,3827,0,0,473,278,6228
2026-08-10T00:00Z,2452,7769,0,120,-96,324,-414,66,-306,112,32,968,386,234,3835,0,0,324,-6,6537
2026-08-10T00:30Z,2450,7421,0,136,-96,342,-414,82,-302,112,30,938,390,236,3829,0,0,330,-6,6945
2026-08-10T01:00Z,2389,7359,0,416,-96,740,-414,398,-362,-102,-204,564,260,230,3826,0,0,401,-6,6732
2026-08-10T01:30Z,2388,7371,0,424,-96,750,-414,408,-362,-104,-206,518,238,229,3831,0,0,265,-6,6740
2026-08-10T02:00Z,2389,7602,0,362,-96,636,-414,324,-362,-400,-286,440,-114,230,3830,0,0,129,-6,6450
2026-08-10T02:30Z,2435,7588,0,342,-96,608,-414,298,-362,-420,-288,468,-130,230,3831,0,0,124,-6,6804
2026-08-10T03:00Z,2455,7507,0,-70,-96,-138,-414,-194,-360,-540,-488,844,-130,231,3829,0,0,169,106,7002
2026-08-10T03:30Z,2454,7604,0,-92,-96,-196,-414,-222,-318,-542,-494,918,-150,232,3827,0,0,299,104,6612
2026-08-10T04:00Z,2458,7847,0,-152,-96,-334,-414,-360,-322,-722,-870,1292,-566,243,3823,0,0,1204,102,6136
2026-08-10T04:30Z,2457,8010,0,-152,-106,-334,-424,-364,-300,-720,-862,1336,-572,244,3824,0,0,1442,322,5870
2026-08-10T05:00Z,2451,8295,0,-130,-226,-200,-506,-340,-350,-448,-310,1392,-258,259,3825,0,0,1593,184,5414
2026-08-10T05:30Z,2448,8614,0,-110,-378,-162,-514,-306,-408,-412,-274,1398,-216,260,3821,18,0,2104,730,4860
2026-08-10T06:00Z,2447,8179,0,276,-512,966,-514,406,-452,428,382,1398,426,274,3825,46,0,670,268,4540
2026-08-10T06:30Z,2445,8088,0,314,-520,1104,-514,452,-452,470,406,1398,496,321,3823,0,0,1027,372,4434
2026-08-10T07:00Z,2438,7109,0,782,-532,1824,-514,742,-452,770,704,1398,1364,333,3827,0,0,338,478,4180
2026-08-10T07:30Z,2437,6797,0,800,-532,1856,-514,766,-452,778,712,1398,1404,256,3829,0,0,453,140,4193
2026-08-10T08:00Z,2437,5743,0,774,-526,1716,-514,980,-452,1032,940,1398,1424,234,3828,0,0,420,136,4624
2026-08-10T08:30Z,2438,4624,0,776,-416,1710,-514,992,-452,1036,942,1398,1426,233,3825,0,0,532,-16,4721
2026-08-10T09:00Z,2439,3741,0,834,-266,1712,-514,992,-452,1044,878,1398,1426,216,3813,0,0,554,-102,4668
2026-08-10T09:30Z,2444,3430,0,834,-182,1716,-514,992,-452,1046,878,1398,1426,196,3805,0,0,565,-382,4492
2026-08-10T10:00Z,2442,3059,0,804,-202,1856,-492,992,-452,1044,766,1398,1426,160,3798,0,0,559,-816,4541
2026-08-10T10:30Z,2291,2781,0,802,-218,1856,-484,992,-452,1044,766,1398,1426,158,3801,0,0,529,-898,4685
2026-08-10T11:00Z,2127,2726,0,826,-256,1764,-514,992,-452,1044,838,1398,1426,140,3793,0,0,601,-886,4595
2026-08-10T11:30Z,1822,2753,0,828,-358,1758,-514,992,-452,1044,840,1398,1426,140,3795,0,0,541,-892,4614
2026-08-10T12:00Z,1313,2846,0,878,-344,1704,-514,992,-452,1044,840,1398,1426,140,3790,0,0,639,-880,4738
2026-08-10T12:30Z,1238,2801,0,880,-288,1704,-506,992,-452,1042,840,1398,1426,140,3785,0,0,659,-876,4496
2026-08-10T13:00Z,1241,2846,0,880,-262,1704,-514,992,-452,1042,820,1398,1426,151,3788,0,0,655,-876,4491
2026-08-10T13:30Z,1309,2993,0,876,-318,1704,-500,992,-452,1042,820,1398,1426,150,3787,0,0,607,-872,4583
2026-08-10T14:00Z,1327,3421,0,818,-222,1704,-514,992,-452,1044,884,1398,1426,150,3791,0,0,720,-874,4558
2026-08-10T14:30Z,1698,4226,0,812,-332,1706,-508,992,-452,1042,884,1398,1426,158,3787,0,0,653,-858,4404
2026-08-10T15:00Z,2246,4994,0,736,-480,1706,-474,992,-452,1022,772,1398,1426,196,3786,0,0,635,-858,4138
2026-08-10T15:30Z,2455,6487,0,730,-532,1700,-514,978,-452,1020,766,1398,1426,199,3782,6,0,614,-612,3882
2026-08-10T16:00Z,2458,8527,0,624,-532,1458,-514,694,-452,858,422,1398,1426,229,3787,6,0,751,-36,3776
2026-08-10T16:30Z,2451,10066,0,616,-532,1444,-514,678,-452,856,418,1398,1426,396,3783,8,0,772,-4,3489
2026-08-10T17:00Z,2482,10792,0,498,-532,1348,-514,626,-452,888,670,1398,1426,543,3793,8,0,642,504,3396
2026-08-10T17:30Z,2481,11145,0,494,-532,1350,-514,632,-452,888,674,1398,1426,496,3795,8,0,937,740,3179
2026-08-10T18:00Z,2491,11378,0,532,-532,1516,-514,814,-452,888,786,1398,1426,563,3785,8,0,1481,838,2814
2026-08-10T18:30Z,2487,11409,0,542,-532,1530,-514,824,-452,888,786,1398,1426,561,3786,8,0,1668,944,2497
2026-08-10T19:00Z,2487,11478,0,684,-532,1696,-514,856,-452,888,740,1398,1426,542,3787,49,0,1467,986,2316
2026-08-10T19:30Z,2483,11392,0,688,-532,1700,-514,852,-452,888,738,1398,1426,451,3792,49,0,1002,986,2226
2026-08-10T20:00Z,2486,11723,0,624,-532,1494,-514,710,-452,888,576,1398,1428,450,3787,4,0,1532,984,2046
2026-08-10T20:30Z,2474,11821,0,618,-532,1490,-514,704,-452,888,574,1398,1430,449,3796,0,0,801,980,1881
2026-08-10T21:00Z,2497,11809,0,578,-510,1516,-514,716,-452,888,552,1398,1430,429,3797,0,0,325,798,1635
2026-08-10T21:30Z,2484,11086,0,578,-376,1522,-514,712,-452,888,558,1398,1428,428,3799,0,0,277,484,1557
2026-08-10T22:00Z,2488,9603,0,632,-308,1756,-514,588,-452,792,988,1398,1426,501,3797,0,0,223,226,1471
2026-08-10T22:30Z,2486,9071,0,638,-172,1766,-514,590,-438,790,998,1398,1426,492,3791,0,0,256,138,1409
2026-08-10T23:00Z,2491,7904,0,738,-30,1850,-514,768,-390,786,978,1398,1426,465,3786,0,0,533,138,1342
2026-08-10T23:30Z,2483,6899,0,744,0,1854,-514,784,-338,786,978,1398,1426,343,3790,0,0,739,6,1262
2026-08-11T00:00Z,2465,6695,0,768,0,1854,-502,978,-308,790,978,1398,1426,312,3790,0,0,425,-14,1237
2026-08-11T00:30Z,2483,6720,0,770,0,1852,-422,984,-282,790,978,1398,1426,311,3789,0,0,388,110,1276
2026-08-11T01:00Z,2478,6679,0,772,0,1790,-504,926,-302,788,978,1398,1426,272,3795,0,0,335,60,1294
2026-08-11T01:30Z,2492,6738,0,772,0,1790,-514,910,-302,786,976,1398,1426,273,3792,0,0,289,-14,1190
2026-08-11T02:00Z,2486,6386,0,740,0,1902,-514,598,-302,790,742,1398,1426,254,3792,0,0,159,-14,1183
2026-08-11T02:30Z,2488,6176,0,730,0,1900,-514,580,-274,784,728,1398,1426,254,3788,0,0,242,60,1151
2026-08-11T03:00Z,2488,6731,0,550,0,1690,-514,492,-184,356,246,1398,1426,254,3787,0,0,318,-14,1187
2026-08-11T03:30Z,2490,6744,0,530,0,1684,-514,486,-38,328,236,1398,1426,264,3787,0,0,441,-12,1306
2026-08-11T04:00Z,2478,6811,0,294,0,1648,-470,436,0,-104,148,1398,1426,410,3788,0,0,385,138,1472
2026-08-11T04:30Z,2490,6831,0,306,0,1648,-402,438,-78,-102,150,1398,1426,422,3794,0,0,411,108,1687
2026-08-11T05:00Z,2490,6970,0,768,0,1704,-458,518,-230,418,390,1398,1426,325,3788,0,0,568,218,1980
2026-08-11T05:30Z,2483,7250,0,796,0,1706,-514,540,-380,462,406,1398,1426,325,3792,0,0,828,298,2199
2026-08-11T06:00Z,2485,6989,0,988,-84,1750,-426,938,-452,830,936,1398,1426,352,3793,0,0,600,-44,2343
2026-08-11T06:30Z,2486,6759,0,996,-220,1752,-292,958,-452,838,950,1398,1426,353,3793,0,0,1014,316,2439
2026-08-11T07:00Z,2484,6091,0,996,-240,1780,-270,990,-452,1048,922,1398,1426,339,3797,0,0,1131,300,2667
2026-08-11T07:30Z,2466,5151,0,994,-240,1782,-270,992,-430,1050,922,1398,1426,313,3797,0,0,1133,160,2859
2026-08-11T08:00Z,2445,4157,0,950,-240,1850,-270,992,-298,1046,918,1398,1426,287,3796,0,0,1151,54,3017
2026-08-11T08:30Z,2369,3397,0,950,-240,1854,-270,992,-156,1046,918,1398,1426,283,3797,0,0,992,-224,3330
2026-08-11T09:00Z,2202,2464,0,972,-214,1856,-298,992,-188,1044,988,1398,1426,210,3794,0,0,723,-300,3659
2026-08-11T09:30Z,1932,1956,0,970,-74,1860,-438,990,-128,1044,988,1398,1426,210,3787,0,0,671,-564,3927
2026-08-11T10:00Z,1747,1759,0,972,-52,1952,-514,962,-244,1044,1016,1398,1426,209,3790,0,0,617,-370,4003
2026-08-11T10:30Z,1626,1585,0,962,-6,1956,-514,958,-272,1044,1016,1398,1426,208,3789,0,0,615,-608,4020
2026-08-11T11:00Z,1519,1561,0,744,-18,1904,-514,868,-408,1044,1016,1398,1426,175,3785,0,0,706,-788,4101
2026-08-11T11:30Z,1500,1476,0,734,-104,1904,-514,866,-452,1044,1016,1398,1426,157,3784,0,0,696,-790,4316
2026-08-11T12:00Z,1316,1458,0,706,-222,1902,-514,916,-452,1044,1016,1398,1426,146,3783,0,0,689,-904,4604
2026-08-11T12:30Z,1310,1473,0,706,-260,1902,-514,914,-452,1044,1016,1398,1426,186,3783,0,0,744,-1238,4827
2026-08-11T13:00Z,1545,1607,0,760,-292,1904,-482,844,-452,1044,996,1398,1426,207,3785,0,0,668,-1270,4896
2026-08-11T13:30Z,1735,1528,0,760,-298,1904,-414,842,-452,1042,996,1398,1426,208,3785,0,0,593,-1268,5237
2026-08-11T14:00Z,1813,1524,0,706,-368,1902,-414,912,-452,1040,996,1398,1426,208,3782,0,0,634,-1198,5698
2026-08-11T14:30Z,2036,1688,0,716,-242,1906,-414,904,-452,1040,996,1398,1418,214,3784,0,0,590,-1204,6180
2026-08-11T15:00Z,1772,2048,0,980,-106,1998,-414,658,-450,890,932,1398,1250,232,3780,0,0,576,-672,6434
2026-08-11T15:30Z,1369,3503,0,962,-138,1970,-414,636,-358,862,906,1398,1194,227,3779,1,0,551,-452,6608
2026-08-11T16:00Z,1953,6023,0,358,-26,1106,-398,406,-246,552,158,1398,316,213,3776,8,0,850,-106,7099
2026-08-11T16:30Z,2497,7277,0,318,0,1048,-494,378,-350,504,130,1398,246,199,3779,8,0,765,-164,7498
2026-08-11T17:00Z,2552,9133,0,22,0,536,-514,12,-344,-144,64,1398,-236,304,3780,8,0,1132,388,7871
2026-08-11T17:30Z,2532,9892,0,12,0,506,-514,-4,-430,-200,54,1398,-260,340,3781,8,0,1617,742,7867
2026-08-11T18:00Z,2552,10583,0,50,0,222,-514,42,-392,-692,-432,1398,-266,379,3783,37,0,2528,820,7787
2026-08-11T18:30Z,2554,10825,0,54,-16,216,-514,52,-430,-690,-442,1398,-274,441,3788,117,0,2714,644,7775
2026-08-11T19:00Z,2544,10950,0,138,-146,380,-514,190,-452,-526,-306,1398,-428,490,3786,170,0,2308,482,7884
2026-08-11T19:30Z,2568,10815,0,142,-230,380,-514,200,-452,-482,-296,1398,-426,508,3786,170,0,2008,570,8020
2026-08-11T20:00Z,2549,10827,0,120,-360,192,-514,252,-452,0,152,1398,-162,485,3791,170,0,1305,620,8246
2026-08-11T20:30Z,2537,10793,0,114,-284,172,-514,242,-452,0,162,1398,-160,345,3792,105,0,694,418,8594
2026-08-11T21:00Z,2538,10657,0,16,-132,10,-514,-56,-452,-150,118,1398,-416,309,3792,9,0,549,170,8619
2026-08-11T21:30Z,2540,10051,0,14,-10,-4,-514,-76,-380,-168,102,1398,-432,299,3794,3,0,162,134,8693
2026-08-11T22:00Z,2540,9853,0,62,0,-450,-440,-194,-268,-776,-518,1398,-516,267,3791,0,0,472,356,8738
2026-08-11T22:30Z,2541,8945,0,64,0,-482,-394,-202,-116,-786,-538,1388,-508,264,3791,0,0,312,-164,9048
2026-08-11T23:00Z,2541,7931,0,58,0,-542,-346,-258,-6,-322,-470,1284,-236,232,3789,0,0,467,-4,8889
2026-08-11T23:30Z,2526,7588,0,58,0,-534,-248,-264,0,-312,-468,1238,-230,249,3793,0,0,330,-4,8918
2026-08-12T00:00Z,2521,7575,0,58,0,-262,-154,-310,0,-500,-402,864,-406,268,3792,0,0,234,-126,8905
2026-08-12T00:30Z,2503,7578,0,58,0,-232,-156,-308,-18,-500,-400,790,-412,270,3792,0,0,119,-20,8956
2026-08-12T01:00Z,2496,7412,0,82,0,72,-308,-200,-112,-356,-286,422,-392,270,3791,0,0,121,-22,9453
2026-08-12T01:30Z,2498,7095,0,80,0,74,-334,-194,-20,-366,-288,388,-402,269,3790,0,0,121,-48,9771
2026-08-12T02:00Z,2503,7277,0,20,0,-42,-274,-198,0,-920,-562,416,-678,270,3785,0,0,191,-60,9876
2026-08-12T02:30Z,2513,6952,0,20,0,-46,-286,-194,0,-938,-572,456,-720,270,3785,0,0,200,-18,9702
2026-08-12T03:00Z,2525,6737,0,54,0,-200,-150,-126,0,-1038,-964,830,-1418,269,3785,0,0,259,-18,9708
2026-08-12T03:30Z,2526,7021,0,56,0,-220,-194,-130,0,-1040,-972,906,-1450,262,3787,0,0,302,-16,9363
2026-08-12T04:00Z,2527,7568,0,38,0,-378,-152,-302,0,-1046,-1022,1278,-1450,252,3784,0,0,427,-14,9085
2026-08-12T04:30Z,2526,7526,0,38,0,-372,-282,-306,-8,-1042,-1018,1324,-1414,236,3785,0,0,667,46,8859
2026-08-12T05:00Z,2523,8021,0,62,0,-212,-374,-254,-56,-710,-686,1390,-622,268,3785,0,0,494,68,8441
2026-08-12T05:30Z,2354,8162,0,78,-48,-182,-380,-220,-208,-626,-624,1398,-490,269,3784,0,0,1218,130,8188
2026-08-12T06:00Z,2192,5809,0,348,-198,680,-500,470,-360,772,434,1398,760,266,3785,0,0,610,32,7878
2026-08-12T06:30Z,2184,5335,0,380,-348,812,-514,520,-450,918,492,1398,880,254,3790,0,0,1275,-12,7538
2026-08-12T07:00Z,2285,4202,0,840,-492,1930,-514,906,-452,1030,718,1398,1386,247,3783,0,0,610,18,6949
2026-08-12T07:30Z,2276,3862,0,856,-532,2002,-514,926,-452,1032,722,1398,1410,222,3780,0,0,686,-10,6634
2026-08-12T08:00Z,2158,3188,0,790,-530,2002,-514,988,-452,1048,932,1398,1424,201,3787,0,0,460,-10,6605
2026-08-12T08:30Z,2438,2525,0,786,-448,2002,-514,992,-452,1048,934,1398,1424,210,3791,0,0,626,-8,6321
2026-08-12T09:00Z,2469,2328,0,760,-384,2002,-514,992,-452,1044,960,1398,1424,206,3796,0,0,556,-8,5805
2026-08-12T09:30Z,2454,2149,0,760,-510,2002,-514,992,-452,1044,960,1398,1424,218,3799,0,0,543,-14,5372
2026-08-12T10:00Z,2448,2121,0,784,-532,2002,-514,992,-452,1046,934,1398,1424,200,3799,0,0,648,-868,5231
2026-08-12T10:30Z,2434,2077,0,792,-532,2002,-514,992,-452,1046,932,1398,1424,172,3798,1,0,694,-986,5431
2026-08-12T11:00Z,2469,2025,0,894,-532,2002,-514,992,-452,1040,820,1398,1424,160,3801,0,0,600,-986,5512
2026-08-12T11:30Z,2499,2057,0,898,-532,2002,-514,992,-452,1042,820,1398,1424,161,3798,0,0,695,-1114,5505
2026-08-12T12:00Z,2520,2114,0,882,-532,2002,-514,992,-452,1036,840,1398,1424,159,3801,0,0,608,-1128,5637
2026-08-12T12:30Z,2577,2108,0,880,-476,2002,-514,992,-452,1036,840,1398,1424,159,3797,0,0,704,-1122,5664
2026-08-12T13:00Z,2584,2336,0,892,-402,2002,-514,992,-452,1036,806,1398,1424,160,3790,1,0,761,-1110,5433
2026-08-12T13:30Z,2581,2538,0,888,-394,2002,-514,984,-452,1036,806,1360,1424,160,3791,0,0,644,-1112,5421
2026-08-12T14:00Z,2564,2833,0,752,-296,2002,-444,838,-452,1042,934,986,1424,171,3791,0,0,617,-666,5383
2026-08-12T14:30Z,2336,3409,0,740,-282,1984,-404,828,-434,1038,930,984,1410,169,3788,0,0,668,-716,5641
2026-08-12T15:00Z,2212,4934,0,604,-200,1478,-458,754,-336,1022,606,1358,1090,174,3786,0,0,696,-196,5736
2026-08-12T15:30Z,2305,7344,0,592,-296,1388,-514,720,-410,1000,596,1398,1036,175,3784,5,0,710,-280,5703
2026-08-12T16:00Z,2541,10973,0,486,-214,202,-470,34,-340,648,260,1398,146,248,3785,8,0,867,-174,5610
2026-08-12T16:30Z,2549,12793,0,490,-198,130,-330,-2,-410,582,244,1398,86,291,3783,19,0,673,-120,5533
2026-08-12T17:00Z,2563,13102,0,700,-200,542,-182,-66,-334,-310,-226,1398,-316,430,3788,271,0,1008,708,5377
2026-08-12T17:30Z,2565,14026,0,704,-200,564,-210,-58,-432,-328,-236,1398,-322,450,3789,359,0,1041,908,5438
2026-08-12T18:00Z,2572,14133,0,608,-200,730,-324,212,-434,-338,-268,1398,-12,445,3786,365,0,1039,950,5323
2026-08-12T18:30Z,2570,13902,0,588,-200,734,-394,222,-340,-320,-244,1398,0,392,3789,369,0,1085,1018,5433
2026-08-12T19:00Z,2594,14044,0,286,-286,592,-508,196,-434,266,488,1398,0,392,3788,44,0,1033,1016,5544
2026-08-12T19:30Z,2592,14332,0,282,-400,596,-514,198,-452,296,514,1398,16,392,3788,0,0,1072,796,5409
2026-08-12T20:00Z,2573,14037,0,436,-520,876,-514,282,-452,892,490,1398,386,362,3789,0,0,511,368,5500
2026-08-12T20:30Z,2311,13505,0,440,-532,876,-514,276,-452,912,488,1398,410,364,3784,0,0,601,292,5426
2026-08-12T21:00Z,1992,13160,0,368,-532,442,-514,54,-452,984,292,1398,600,358,3788,0,0,741,184,5338
2026-08-12T21:30Z,1996,12660,0,358,-532,444,-514,46,-452,966,290,1398,604,349,3788,0,0,614,-10,5084
2026-08-12T22:00Z,2007,12110,0,198,-532,978,-514,52,-452,314,220,1398,472,311,3787,0,0,828,30,4754
2026-08-12T22:30Z,2012,11736,0,192,-532,1022,-514,54,-452,290,220,1392,462,311,3791,0,0,547,-10,4535
2026-08-12T23:00Z,2008,11255,0,214,-532,1596,-514,84,-452,354,192,1340,406,308,3794,0,0,279,-10,4386
2026-08-12T23:30Z,1997,11302,0,216,-532,1624,-514,104,-390,354,190,1300,412,296,3797,0,0,192,-12,4195
2026-08-13T00:00Z,1992,10957,0,252,-532,1836,-514,486,-362,422,182,962,632,301,3796,0,0,176,12,4071
2026-08-13T00:30Z,1767,10889,0,248,-532,1842,-514,502,-362,422,182,962,630,321,3800,0,0,192,-16,3910
2026-08-13T01:00Z,1711,11169,0,176,-532,1790,-514,436,-362,392,178,1324,334,306,3800,0,0,119,-16,3608
2026-08-13T01:30Z,1715,11075,0,172,-532,1788,-514,426,-362,392,178,1324,312,306,3798,0,0,153,-16,3120
2026-08-13T02:00Z,1717,11226,0,148,-472,1734,-514,282,-362,374,126,952,144,307,3793,0,0,241,-16,2802
2026-08-13T02:30Z,1712,11471,0,144,-494,1712,-514,266,-362,372,126,946,134,306,3796,0,0,151,-14,2428
2026-08-13T03:00Z,1713,11819,0,82,-392,1074,-514,32,-362,240,26,1274,74,303,3789,0,0,170,-14,2132
2026-08-13T03:30Z,1712,11893,0,82,-356,1044,-514,22,-362,238,26,1314,64,304,3787,0,0,149,-14,1979
2026-08-13T04:00Z,1714,11963,0,138,-292,994,-514,20,-362,202,32,1390,-14,311,3782,0,0,348,-14,1776
2026-08-13T04:30Z,1714,12121,0,146,-426,1014,-514,22,-362,202,32,1398,-12,318,3784,0,0,509,-14,1608
2026-08-13T05:00Z,1709,12124,0,284,-474,1660,-514,52,-388,410,122,1398,166,368,3784,0,0,519,54,1348
2026-08-13T05:30Z,1715,12211,0,316,-532,1692,-514,88,-452,428,134,1398,248,375,3778,0,0,1433,16,1348
2026-08-13T06:00Z,1723,11604,0,858,-532,1742,-514,862,-452,1012,610,1398,1356,354,3783,0,0,363,-12,1353
2026-08-13T06:30Z,1732,11712,0,872,-532,1748,-514,902,-452,1032,622,1398,1424,352,3782,0,0,442,-18,1316
2026-08-13T07:00Z,1733,11762,0,708,-532,1900,-514,988,-452,1048,702,1398,1424,344,3779,0,0,717,84,1190
2026-08-13T07:30Z,1703,11399,0,700,-532,1904,-514,992,-452,1048,704,1398,1424,343,3780,2,0,838,-12,1111
2026-08-13T08:00Z,1710,10479,0,704,-532,1856,-514,992,-452,1044,724,1398,1424,329,3781,0,0,941,-12,1191
2026-08-13T08:30Z,1706,9938,0,704,-532,1854,-514,992,-452,1044,724,1398,1424,324,3784,0,0,890,-6,1193
2026-08-13T09:00Z,1662,9651,0,702,-518,1854,-514,992,-452,1042,722,1398,1424,289,3787,0,0,719,-8,1168
2026-08-13T09:30Z,1638,9327,0,702,-432,1858,-514,992,-452,1042,722,1398,1424,290,3792,0,0,705,-32,1183
2026-08-13T10:00Z,1641,8874,0,702,-520,1950,-514,992,-452,1042,772,1398,1424,283,3793,0,0,708,-520,1123
2026-08-13T10:30Z,1683,8831,0,702,-532,1954,-514,992,-452,1044,772,1398,1424,248,3788,0,0,729,-846,1040
2026-08-13T11:00Z,1686,8899,0,702,-522,1906,-514,992,-452,1044,722,1398,1424,229,3784,0,0,891,-868,1054
2026-08-13T11:30Z,1689,8862,0,702,-402,1904,-514,956,-452,1044,722,1398,1424,228,3781,0,0,720,-720,1097
2026-08-13T12:00Z,1696,8815,0,702,-252,1904,-514,744,-452,1042,722,1398,1424,229,3784,0,0,916,-724,1279
2026-08-13T12:30Z,1700,8897,0,702,-100,1904,-514,748,-452,1044,722,1398,1424,229,3787,0,0,756,-606,1491
2026-08-13T13:00Z,1695,8991,0,702,-2,1906,-514,988,-400,1042,688,1398,1424,235,3791,0,0,600,-602,1644
2026-08-13T13:30Z,1687,9030,0,702,-70,1906,-440,984,-318,1044,688,1398,1424,284,3787,0,0,603,-598,1712
2026-08-13T14:00Z,1651,9359,0,702,-190,1906,-322,806,-342,1042,702,1398,1424,311,3786,0,0,651,-396,1826
2026-08-13T14:30Z,1603,10057,0,706,-198,1906,-314,802,-390,1042,702,1398,1414,450,3789,1,0,536,-458,1979
2026-08-13T15:00Z,1489,10674,0,796,-198,1954,-314,880,-358,1008,702,1398,1180,489,3791,5,0,616,-30,2104
2026-08-13T15:30Z,1512,11874,0,800,-198,1942,-314,878,-446,1008,702,1398,1150,521,3792,16,0,651,136,2099
2026-08-13T16:00Z,1512,12991,0,800,-198,1492,-314,746,-452,944,672,1398,712,586,3795,53,0,772,356,2152
2026-08-13T16:30Z,1474,13355,0,796,-198,1454,-314,724,-408,944,660,1398,694,460,3791,72,0,1117,668,2078
2026-08-13T17:00Z,1487,13678,0,698,-198,936,-314,380,-262,350,132,1398,748,515,3791,160,0,2358,1334,2020
2026-08-13T17:30Z,1488,14050,0,708,-200,916,-314,364,-112,256,120,1398,756,521,3787,206,0,2604,1362,1992
2026-08-13T18:00Z,1526,14094,0,988,-200,1168,-314,366,-148,244,238,1398,794,538,3790,207,0,2588,1362,1919
2026-08-13T18:30Z,1540,14143,0,986,-200,1192,-360,374,-300,244,238,1398,804,542,3786,207,0,2651,1362,1876
2026-08-13T19:00Z,1566,14315,0,730,-200,1546,-492,572,-432,640,312,1398,1002,545,3789,208,0,1843,1362,1943
2026-08-13T19:30Z,1563,14352,0,722,-202,1570,-514,592,-432,708,322,1398,1028,545,3787,68,0,2018,1354,1995
2026-08-13T20:00Z,1556,14302,0,778,-308,1846,-514,836,-452,1042,802,1398,1410,544,3791,60,0,1042,1282,2090
2026-08-13T20:30Z,1580,14391,0,780,-446,1854,-514,850,-452,1040,810,1398,1428,541,3794,60,0,701,830,2020
2026-08-13T21:00Z,1629,14401,0,800,-530,1746,-514,848,-452,1040,510,1398,1428,517,3794,12,0,528,338,1927
2026-08-13T21:30Z,1665,14445,0,780,-532,1714,-514,828,-452,1042,502,1398,1428,505,3799,1,0,373,270,1987
2026-08-13T22:00Z,1772,14143,0,314,-532,870,-514,390,-452,1018,156,1398,1428,386,3805,0,0,324,140,2024
2026-08-13T22:30Z,1833,13478,0,290,-456,820,-514,364,-452,1018,150,1398,1428,385,3796,0,0,544,138,1906
2026-08-13T23:00Z,1908,12358,0,304,-294,1198,-514,436,-390,1038,102,1398,1428,331,3799,0,0,588,82,1943
2026-08-13T23:30Z,1962,11961,0,302,-164,1206,-514,428,-362,1038,102,1398,1428,397,3801,0,0,320,138,2159
2026-08-14T00:00Z,1961,11757,0,224,-38,882,-514,162,-362,1036,204,1398,1428,398,3799,0,0,313,138,2411
2026-08-14T00:30Z,1969,11633,0,224,-4,872,-514,156,-362,1036,212,1396,1426,326,3799,0,0,234,138,2558
2026-08-14T01:00Z,1916,11313,0,260,-78,1048,-514,282,-362,966,616,1384,1392,310,3790,0,0,232,138,2492
2026-08-14T01:30Z,1853,11084,0,260,-4,1048,-514,286,-362,960,622,1362,1374,310,3798,0,0,219,138,2370
2026-08-14T02:00Z,1907,11170,0,180,-70,636,-440,210,-362,606,376,1152,996,309,3795,0,0,275,136,2185
2026-08-14T02:30Z,1911,11124,0,172,-148,614,-348,200,-312,596,362,1154,960,312,3797,0,0,341,-10,2389
2026-08-14T03:00Z,1910,11461,0,50,-150,432,-254,82,-164,264,-176,1374,538,310,3797,0,0,345,138,2433
2026-08-14T03:30Z,1671,11505,0,44,-150,418,-344,76,-26,248,-190,1398,510,311,3799,0,0,340,138,2352
2026-08-14T04:00Z,1700,11523,0,26,-150,214,-364,78,0,0,-156,1398,324,318,3797,0,0,668,138,2483
2026-08-14T04:30Z,1758,11445,0,30,-150,220,-364,86,-60,0,-154,1398,322,320,3797,0,0,819,162,2687
2026-08-14T05:00Z,1797,11300,0,138,-150,632,-364,306,-172,342,34,1398,510,357,3799,0,0,544,144,2730
2026-08-14T05:30Z,1838,11256,0,164,-262,702,-364,332,-310,390,44,1384,550,427,3795,0,0,963,130,2913
2026-08-14T06:00Z,1850,11084,0,582,-412,1754,-364,624,-438,1018,502,1246,1218,375,3797,0,0,222,132,2950
2026-08-14T06:30Z,1882,11040,0,614,-464,1824,-382,650,-420,1038,512,1246,1256,365,3794,0,0,470,132,3058
2026-08-14T07:00Z,1888,10348,0,942,-512,1996,-494,940,-452,1038,688,1382,1420,337,3795,0,0,377,-10,3360
2026-08-14T07:30Z,1881,9676,0,958,-532,2004,-514,956,-452,1036,692,1398,1430,309,3791,0,0,558,-20,3593
2026-08-14T08:00Z,1893,8415,0,996,-532,2004,-514,990,-452,1038,916,1398,1430,267,3793,0,0,908,-20,3699
2026-08-14T08:30Z,1872,7716,0,984,-528,2004,-514,992,-452,1038,920,1398,1430,254,3797,0,0,738,-18,3800
2026-08-14T09:00Z,1817,6993,0,716,-438,2004,-514,992,-452,1036,918,1398,1430,221,3773,0,0,641,-16,4106
2026-08-14T09:30Z,1876,6422,0,708,-284,2004,-514,990,-452,1036,918,1398,1430,218,3770,0,0,654,-16,4212
2026-08-14T10:00Z,1764,5969,0,862,-332,2004,-514,946,-452,1040,802,1398,1430,218,3777,0,0,753,-424,4220
2026-08-14T10:30Z,1734,6109,0,874,-312,2000,-514,944,-452,1040,802,1398,1430,218,3778,0,0,777,-922,4060
2026-08-14T11:00Z,1835,5868,0,964,-428,1860,-514,924,-452,1038,770,1398,1430,217,3774,0,0,813,-1080,4161
2026-08-14T11:30Z,1889,5830,0,966,-408,1854,-514,924,-452,1038,770,1398,1430,221,3775,0,0,637,-1078,4421
2026-08-14T12:00Z,2115,5795,0,888,-258,1852,-468,966,-452,1042,762,1398,1430,235,3776,0,0,717,-1026,4504
2026-08-14T12:30Z,2318,5731,0,880,-152,1784,-368,968,-452,1042,762,1398,1430,240,3774,0,0,611,-1072,4661
2026-08-14T13:00Z,2359,5716,0,776,-150,1806,-364,972,-452,1042,748,1398,1430,223,3781,0,0,581,-1082,4785
2026-08-14T13:30Z,2416,5796,0,766,-150,1806,-364,958,-420,1042,750,1398,1420,220,3772,0,0,618,-1062,4744
2026-08-14T14:00Z,2490,6083,0,644,-150,1688,-364,608,-292,1014,994,1398,1212,213,3771,0,0,612,-1062,4583
2026-08-14T14:30Z,2539,6620,0,630,-150,1568,-364,580,-300,1006,968,1398,1182,226,3767,0,0,688,-828,4523
2026-08-14T15:00Z,2576,7790,0,448,-150,868,-364,342,-168,610,200,1398,746,241,3766,25,0,1559,-54,4371
2026-08-14T15:30Z,2511,9249,0,430,-150,844,-364,328,-206,602,172,1398,722,268,3768,56,0,1340,482,4093
2026-08-14T16:00Z,2500,10957,0,174,-150,454,-364,282,-238,634,294,1398,614,537,3772,59,0,888,538,4035
2026-08-14T16:30Z,2522,11944,0,164,-150,450,-364,268,-254,572,288,1398,590,589,3773,27,0,1776,440,4025
2026-08-14T17:00Z,2523,12625,0,188,-150,760,-360,18,-104,-172,-36,1398,154,595,3771,162,0,2060,970,3913
2026-08-14T17:30Z,2522,13334,0,194,-150,766,-364,6,-2,-178,-42,1398,132,597,3772,163,0,2266,976,3783
2026-08-14T18:00Z,2539,13845,0,304,-180,580,-364,-4,-26,-272,-80,1398,98,621,3767,163,0,2581,974,3607
2026-08-14T18:30Z,2537,13967,0,304,-252,576,-364,0,-18,-260,-76,1398,124,643,3775,163,0,2320,976,3474
2026-08-14T19:00Z,2561,14031,0,224,-252,842,-364,128,-150,100,162,1398,780,607,3774,85,0,1371,926,3328
2026-08-14T19:30Z,2586,13751,0,226,-252,868,-364,144,-302,102,168,1398,816,579,3774,58,0,1476,974,3360
2026-08-14T20:00Z,2580,13547,0,350,-252,1324,-364,388,-434,700,452,1398,916,556,3778,59,0,811,636,3226
2026-08-14T20:30Z,2559,13346,0,352,-184,1338,-364,386,-452,776,452,1398,920,508,3781,59,0,567,506,3431
2026-08-14T21:00Z,2553,13041,0,268,-132,1116,-366,88,-452,588,172,1398,876,478,3782,12,0,773,-14,3804
2026-08-14T21:30Z,2549,12553,0,254,-18,1114,-460,76,-410,586,168,1398,866,459,3779,1,0,343,116,3838
2026-08-14T22:00Z,2570,11313,0,40,-70,1344,-514,106,-438,536,240,1398,716,432,3776,0,0,386,4,3895
2026-08-14T22:30Z,2582,9935,0,30,-220,1348,-514,106,-452,536,238,1398,708,410,3776,0,0,1077,-12,3951
2026-08-14T23:00Z,2371,9374,0,46,-306,1212,-514,98,-452,564,2,1398,708,399,3777,0,0,1413,210,3752
2026-08-14T23:30Z,2335,9195,0,44,-208,1206,-514,96,-452,560,0,1398,708,391,3799,0,0,633,378,3882
2026-08-15T00:00Z,2320,9024,0,22,-126,1192,-514,60,-452,216,44,1398,684,336,3847,0,0,514,310,4084
2026-08-15T00:30Z,2368,8773,0,26,-98,1188,-514,58,-410,210,44,1398,674,339,3873,0,0,514,666,4321
2026-08-15T01:00Z,2359,8323,0,110,-234,1044,-514,32,-402,434,-18,1398,488,341,3891,0,0,426,362,4062
2026-08-15T01:30Z,2356,7664,0,112,-164,1038,-514,32,-402,434,-18,1398,482,348,3934,0,0,250,296,4363
2026-08-15T02:00Z,2367,7234,0,82,-166,1086,-510,48,-402,170,62,1398,536,341,3957,0,0,241,296,4658
2026-08-15T02:30Z,2328,6915,0,80,-144,1058,-406,48,-402,162,64,1398,536,335,3962,0,0,157,178,5146
2026-08-15T03:00Z,2217,6852,0,80,-144,196,-364,28,-402,0,0,1398,462,296,3955,0,0,572,386,5060
2026-08-15T03:30Z,2151,6822,0,82,-144,156,-364,26,-402,0,2,1398,452,293,3957,0,0,319,674,4798
2026-08-15T04:00Z,2158,6758,0,104,-144,262,-364,50,-402,158,160,1398,304,296,3961,0,0,180,716,4681
2026-08-15T04:30Z,2175,6764,0,120,-144,278,-392,66,-410,162,164,1398,310,302,3960,0,0,193,654,4505
2026-08-15T05:00Z,2176,6578,0,478,-168,634,-504,436,-452,314,450,1398,586,277,3961,0,0,142,26,4592
2026-08-15T05:30Z,2176,6098,0,514,-196,720,-514,472,-420,364,456,1398,632,275,3955,0,0,307,-12,5010
2026-08-15T06:00Z,2175,4500,0,976,-334,1918,-514,886,-452,836,610,1398,1394,275,3955,0,0,195,-16,5243
2026-08-15T06:30Z,2179,3338,0,996,-346,2004,-514,906,-452,836,610,1398,1430,275,3945,0,0,535,-10,5346
2026-08-15T07:00Z,2139,2712,0,996,-490,2002,-514,988,-452,1020,796,1398,1430,270,3946,0,0,463,-132,5272
2026-08-15T07:30Z,2141,2663,0,996,-532,2004,-514,988,-452,1022,798,1398,1430,253,3948,0,0,650,-150,5226
2026-08-15T08:00Z,2143,2170,0,996,-532,2004,-514,936,-452,942,878,1398,1430,249,3947,0,0,1132,-152,5022
2026-08-15T08:30Z,2214,1869,0,996,-532,2004,-514,934,-452,942,878,1398,1430,247,3954,0,0,1113,-198,4885
2026-08-15T09:00Z,2326,1909,0,996,-532,2004,-514,942,-452,1016,724,1398,1428,224,3959,0,0,759,-376,4800
2026-08-15T09:30Z,2352,2038,0,994,-530,2004,-514,940,-452,1016,724,1398,1426,229,3958,0,0,535,-200,4521
2026-08-15T10:00Z,2336,1953,0,926,-532,2004,-514,874,-452,1016,724,1398,1426,293,3956,0,0,491,-466,4311
2026-08-15T10:30Z,2332,1905,0,926,-532,2000,-514,876,-452,1016,724,1398,1426,271,3966,0,0,451,-490,4199
2026-08-15T11:00Z,2366,2003,0,994,-532,1908,-514,986,-452,1016,722,1398,1426,322,3963,0,0,464,-762,4365
2026-08-15T11:30Z,2374,1683,0,996,-532,1904,-514,992,-452,1016,722,1398,1426,375,3954,0,0,496,-1036,4442
2026-08-15T12:00Z,2370,1692,0,996,-532,1904,-514,992,-452,992,650,1398,1426,375,3949,0,0,419,-1176,4434
2026-08-15T12:30Z,2352,1699,0,996,-532,1904,-514,992,-452,990,650,1398,1426,227,3952,0,0,485,-1174,4747
2026-08-15T13:00Z,2356,1780,0,996,-532,1904,-514,992,-452,1016,704,1398,1426,228,3948,0,0,529,-1168,4756
2026-08-15T13:30Z,2345,1862,0,996,-532,1908,-514,992,-452,1014,708,1398,1426,226,3954,0,0,479,-1190,5102
2026-08-15T14:00Z,2078,2018,0,996,-532,1998,-514,992,-452,822,960,1398,1426,226,3950,0,0,609,-1110,5142
2026-08-15T14:30Z,2216,2204,0,990,-532,1994,-514,986,-452,772,954,1398,1398,226,3950,0,0,619,-1240,5007
2026-08-15T15:00Z,2319,3103,0,866,-494,1672,-472,862,-452,298,494,1398,786,226,3946,0,0,1024,-478,4652
2026-08-15T15:30Z,2315,4936,0,834,-352,1642,-328,832,-396,300,476,1398,758,229,3945,0,0,621,-138,4491
2026-08-15T16:00Z,2320,7144,0,294,-378,1174,-232,312,-398,386,10,1398,778,330,3946,0,0,725,206,4443
2026-08-15T16:30Z,2323,8583,0,282,-512,1138,-310,292,-452,386,2,1398,788,333,3949,1,0,800,338,4263
2026-08-15T17:00Z,2321,9740,0,500,-518,634,-332,406,-452,364,208,1398,968,392,3948,10,0,858,372,3982
2026-08-15T17:30Z,2320,9982,0,502,-532,614,-376,400,-452,364,210,1398,980,401,3944,43,0,1268,590,3705
2026-08-15T18:00Z,2321,10240,0,362,-532,818,-480,144,-452,430,182,1398,1066,427,3942,26,0,1728,680,3580
2026-08-15T18:30Z,2321,10332,0,358,-532,830,-514,140,-452,432,188,1398,1080,428,3935,10,0,2022,680,3635
2026-08-15T19:00Z,2364,10157,0,410,-532,1052,-514,324,-452,502,562,1398,1292,427,3933,10,0,1415,680,3423
2026-08-15T19:30Z,2365,10072,0,414,-532,1074,-490,338,-452,502,568,1398,1302,429,3932,10,0,1495,680,3112
2026-08-15T20:00Z,2352,10158,0,456,-532,1400,-514,482,-452,670,458,1398,1338,441,3936,10,0,1096,680,2992
2026-08-15T20:30Z,2325,10337,0,452,-532,1424,-514,488,-452,674,456,1398,1332,507,3937,11,0,784,530,2791
2026-08-15T21:00Z,2325,10371,0,328,-532,1822,-514,506,-452,812,372,1398,1152,547,3934,11,0,454,108,2651
2026-08-15T21:30Z,2357,10321,0,332,-532,1816,-514,506,-452,806,372,1398,1130,571,3941,1,0,342,-10,2510
2026-08-15T22:00Z,2389,10064,0,532,-532,1274,-514,514,-452,402,456,1398,796,548,3940,0,0,288,-8,2374
2026-08-15T22:30Z,2396,9861,0,540,-508,1232,-514,512,-452,392,458,1398,770,538,3944,0,0,288,-8,2192
2026-08-15T23:00Z,2395,10031,0,490,-474,964,-514,442,-452,384,522,1398,620,485,3949,0,0,405,-8,2092
2026-08-15T23:30Z,2394,9917,0,488,-344,954,-514,438,-452,384,522,1398,606,477,3949,0,0,280,-8,2064
2026-08-16T00:00Z,2393,9683,0,502,-272,1002,-514,462,-452,442,358,1398,430,447,3973,0,0,307,-8,1903
2026-08-16T00:30Z,2391,9649,0,502,-174,1000,-514,462,-452,442,356,1398,422,448,4017,0,0,233,-8,1709
2026-08-16T01:00Z,2392,9673,0,482,-268,918,-514,432,-452,470,340,1398,394,438,4050,0,0,163,-8,1464
2026-08-16T01:30Z,2385,9152,0,480,-200,916,-514,432,-452,470,338,1398,398,431,4059,0,0,128,-6,1357
2026-08-16T02:00Z,2380,8319,0,480,-198,1010,-514,474,-452,470,250,1398,502,391,4062,0,0,200,-6,1241
2026-08-16T02:30Z,2385,7687,0,476,-198,1016,-442,478,-452,470,250,1398,512,390,4055,0,0,496,-6,1097
2026-08-16T03:00Z,2380,7705,0,392,-198,996,-324,506,-440,396,298,1398,592,407,4060,0,0,411,-6,936
2026-08-16T03:30Z,2364,7707,0,388,-198,998,-314,506,-406,394,298,1372,594,410,4058,0,0,384,-6,830
2026-08-16T04:00Z,2365,7689,0,378,-198,1082,-314,476,-354,222,210,1116,540,310,4057,0,0,796,-6,730
2026-08-16T04:30Z,2365,7714,0,382,-198,1090,-314,478,-362,222,210,1114,546,302,4061,0,0,508,-6,710
2026-08-16T05:00Z,2363,7724,0,492,-198,1178,-314,578,-372,286,296,1366,746,291,4061,0,0,159,-6,679
2026-08-16T05:30Z,2381,7481,0,512,-198,1202,-314,592,-348,304,302,1398,780,291,4056,0,0,376,-14,624
2026-08-16T06:00Z,2389,6885,0,802,-198,1722,-314,760,-380,930,650,1398,1284,291,4058,0,0,184,-12,598
2026-08-16T06:30Z,2395,6443,0,814,-198,1752,-314,776,-336,952,656,1398,1312,292,4057,0,0,255,-12,549
2026-08-16T07:00Z,2394,6269,0,804,-198,1996,-314,948,-428,1026,704,1398,1420,303,4050,0,0,625,-12,504
2026-08-16T07:30Z,2395,6122,0,802,-198,2004,-314,958,-404,1026,704,1398,1428,303,4055,0,0,328,-12,511
2026-08-16T08:00Z,2462,6072,0,804,-198,2004,-314,990,-364,1020,722,1398,1428,303,4052,0,0,481,-14,488
2026-08-16T08:30Z,2511,6045,0,802,-198,2004,-314,992,-310,1020,722,1398,1428,396,4054,0,0,430,-74,443
2026-08-16T09:00Z,2537,5746,0,802,-200,2004,-306,992,-166,1020,722,1398,1428,396,4054,0,0,549,-568,427
2026-08-16T09:30Z,2581,5699,0,802,-202,2004,-268,992,-82,1020,720,1398,1428,395,4056,0,0,514,-624,453
2026-08-16T10:00Z,2596,5514,0,804,-204,2004,-248,992,-170,1018,722,1398,1428,301,4054,0,0,694,-728,467
2026-08-16T10:30Z,2616,5459,0,812,-202,2004,-208,992,-148,1018,726,1398,1428,294,4062,0,0,528,-910,556
2026-08-16T11:00Z,2618,4880,0,990,-202,2004,-172,992,-290,1018,1012,1398,1428,371,4061,0,0,601,-902,657
2026-08-16T11:30Z,2616,4541,0,996,-202,2004,-88,992,-414,1018,1016,1398,1428,375,4070,0,0,480,-906,786
2026-08-16T12:00Z,2628,4151,0,996,-202,2004,-52,992,-422,1020,1016,1398,1428,325,4073,0,0,438,-866,980
2026-08-16T12:30Z,2617,3811,0,996,-202,2002,-32,992,-452,1020,1016,1398,1428,376,4074,0,0,505,-716,1010
2026-08-16T13:00Z,2430,3722,0,996,-202,2002,-24,992,-438,1020,996,1398,1428,376,4072,0,0,594,-646,1021
2026-08-16T13:30Z,2563,3910,0,996,-202,2002,-102,990,-328,1020,996,1398,1428,374,4071,0,0,594,-856,1081
2026-08-16T14:00Z,2623,4143,0,998,-200,2002,-238,980,-336,1020,996,1398,1428,281,4071,0,0,763,-874,1054
2026-08-16T14:30Z,2616,5259,0,992,-200,2002,-300,980,-368,1018,996,1398,1412,280,4071,0,0,895,-872,1062
2026-08-16T15:00Z,2610,6835,0,914,-198,1896,-310,974,-286,852,916,1398,1048,297,4069,0,0,553,-304,987
2026-08-16T15:30Z,2610,8612,0,898,-198,1878,-352,962,-404,848,908,1398,1024,284,4068,0,0,336,-270,948
2026-08-16T16:00Z,2610,10652,0,624,-198,1294,-434,696,-426,614,496,1398,870,435,4069,27,0,518,-8,891
2026-08-16T16:30Z,2613,11971,0,616,-204,1268,-430,682,-452,612,488,1398,858,447,4063,61,0,658,-6,770
2026-08-16T17:00Z,2612,12540,0,654,-200,1212,-340,638,-452,722,556,1398,754,523,4061,61,0,914,146,885
2026-08-16T17:30Z,2612,12865,0,644,-200,1196,-304,628,-452,718,554,1398,738,527,4062,60,0,857,508,944
2026-08-16T18:00Z,2612,12909,0,370,-200,692,-300,482,-444,354,258,1398,452,740,4060,60,0,2122,544,828
2026-08-16T18:30Z,2609,12816,0,354,-200,666,-300,470,-352,346,254,1398,440,744,4059,60,0,2142,846,659
2026-08-16T19:00Z,2639,12845,0,262,-200,530,-284,310,-352,330,254,1398,494,725,4058,60,0,2264,726,589
2026-08-16T19:30Z,2645,13246,0,270,-200,536,-292,312,-374,330,254,1398,496,605,4058,60,0,1726,816,631
2026-08-16T20:00Z,2629,13229,0,520,-198,892,-290,516,-452,356,294,1398,516,583,4071,60,0,1178,532,662
2026-08-16T20:30Z,2632,13331,0,520,-198,898,-320,514,-452,356,294,1398,518,581,4109,60,0,648,496,690
2026-08-16T21:00Z,2632,13405,0,304,-202,558,-354,246,-452,330,348,1398,538,589,4151,60,0,514,282,715
2026-08-16T21:30Z,2633,13533,0,282,-204,524,-256,224,-452,312,338,1398,526,595,4154,51,0,288,158,707
2026-08-16T22:00Z,2635,13473,0,-36,-198,16,-250,18,-378,-102,-144,1398,214,584,4152,50,0,675,220,695
2026-08-16T22:30Z,2634,13258,0,-50,-198,10,-258,6,-228,-104,-156,1398,200,580,4150,50,0,489,40,644
2026-08-16T23:00Z,2633,13010,0,-74,-198,470,-302,-82,-130,-104,-154,1398,258,427,4151,50,0,273,-10,788
2026-08-16T23:30Z,2632,12787,0,-72,-198,514,-300,-80,-86,-104,-154,1398,258,448,4153,50,0,255,-8,862
2026-08-17T00:00Z,2631,12777,0,-26,-198,652,-300,74,-124,-104,-212,1398,166,338,4152,50,0,258,-8,773
2026-08-17T00:30Z,2632,12770,0,-26,-198,664,-300,80,-36,-102,-212,1398,164,302,4152,50,0,243,-8,865
2026-08-17T01:00Z,2621,12734,0,-26,-198,660,-300,80,-152,0,-192,1398,248,251,4157,50,0,170,-6,1271
2026-08-17T01:30Z,2618,12733,0,-22,-198,648,-300,76,-270,0,-192,1398,254,250,4161,50,0,183,-6,1426
2026-08-17T02:00Z,2629,12712,0,50,-198,164,-302,0,-204,-102,-298,1398,264,271,4159,50,0,166,-6,1521
2026-08-17T02:30Z,2622,12749,0,44,-198,136,-300,-16,-102,-106,-302,1398,252,270,4164,50,0,196,-6,1373
2026-08-17T03:00Z,2640,12825,0,-178,-198,-264,-300,-290,-58,-376,-526,1398,8,271,4161,50,0,494,-6,1120
2026-08-17T03:30Z,2639,12890,0,-182,-198,-304,-300,-298,0,-392,-530,1398,-22,270,4163,50,0,310,-8,992
2026-08-17T04:00Z,2639,13064,0,-118,-198,-512,-300,-156,-18,-864,-550,1398,-446,271,4159,50,0,772,106,909
2026-08-17T04:30Z,2634,13229,0,-114,-198,-514,-302,-150,-150,-870,-550,1398,-460,272,4167,50,0,788,390,780
2026-08-17T05:00Z,2637,13239,0,-76,-198,-396,-398,-168,-302,-454,-590,1398,-342,290,4162,73,0,792,780,695
2026-08-17T05:30Z,2634,13603,0,-56,-200,-380,-508,-152,-434,-414,-564,1398,-304,302,4162,90,0,1359,1090,644
2026-08-17T06:00Z,2635,13924,0,354,-202,-20,-514,254,-428,0,160,1398,406,422,4158,91,0,805,916,631
2026-08-17T06:30Z,2634,14152,0,380,-300,-2,-514,284,-452,0,186,1398,442,431,4153,91,0,1073,1038,725
2026-08-17T07:00Z,2638,14338,0,582,-450,-2,-514,556,-452,412,230,1398,498,400,4150,56,0,942,882,687
2026-08-17T07:30Z,2632,14228,0,606,-530,312,-514,574,-452,448,232,1398,538,412,4153,55,0,1011,850,663
2026-08-17T08:00Z,2634,13618,0,906,-532,966,-514,700,-452,662,420,1398,1388,526,4150,55,0,629,44,616
2026-08-17T08:30Z,2639,13449,0,916,-532,978,-514,716,-452,666,428,1398,1406,486,4155,55,0,537,-14,535
2026-08-17T09:00Z,2640,13229,0,870,-532,896,-514,924,-452,794,778,1398,882,439,4141,51,0,542,-14,497
2026-08-17T09:30Z,2640,13204,0,866,-532,888,-514,926,-452,798,784,1398,864,353,4130,50,0,712,-156,507
2026-08-17T10:00Z,2639,13123,0,838,-532,752,-514,750,-452,1016,980,1398,1024,332,4130,50,0,689,-204,447
2026-08-17T10:30Z,2570,13077,0,838,-502,752,-514,748,-452,1018,982,1398,1034,344,4134,50,0,622,-288,411
2026-08-17T11:00Z,2370,12985,0,882,-362,898,-514,892,-452,926,884,1398,1064,322,4135,50,0,530,-326,455
2026-08-17T11:30Z,2375,12585,0,882,-226,904,-500,900,-444,924,884,1398,1070,314,4135,50,0,742,-140,430
2026-08-17T12:00Z,2372,12291,0,808,-202,862,-374,900,-348,966,918,1398,1174,314,4137,50,0,938,-308,398
2026-08-17T12:30Z,2374,11908,0,804,-200,854,-302,896,-202,966,914,1398,1176,314,4138,50,0,805,-222,476
2026-08-17T13:00Z,2372,12393,0,744,-198,562,-314,530,-216,832,648,1398,1126,314,4135,50,0,811,-170,610
2026-08-17T13:30Z,2366,12850,0,746,-200,550,-314,-2,-148,832,646,1398,1132,328,4140,50,0,787,-216,696
2026-08-17T14:00Z,2370,12433,0,842,-198,594,-314,150,-18,1016,706,1398,1334,331,4140,50,0,550,-62,894
2026-08-17T14:30Z,2384,12181,0,844,-198,600,-310,736,-46,1018,706,1398,1344,325,4136,51,0,593,-20,1143
2026-08-17T15:00Z,2381,11951,0,806,-198,770,-228,892,-2,916,848,1398,1352,263,4138,55,0,677,-14,1387
2026-08-17T15:30Z,2366,12555,0,794,-198,778,-260,884,0,916,846,1398,1344,245,4139,61,0,566,-14,1588
2026-08-17T16:00Z,2373,13735,0,542,-198,764,-264,552,-8,896,540,1398,1130,296,4134,60,0,629,-8,1922
2026-08-17T16:30Z,2369,13990,0,524,-242,750,-128,534,-58,890,536,1398,1110,311,4135,61,0,694,180,2270
2026-08-17T17:00Z,2370,13656,0,350,-172,268,-10,468,0,492,560,1398,914,351,4143,61,0,1290,622,2434
2026-08-17T17:30Z,2377,13159,0,348,-74,250,0,460,-36,482,554,1398,896,359,4134,61,0,2167,834,2488
2026-08-17T18:00Z,2386,13189,0,460,0,414,34,348,40,324,168,1398,686,411,4141,61,0,2360,654,2465
2026-08-17T18:30Z,2398,13190,0,464,0,422,80,338,8,320,160,1398,680,438,4137,61,0,2498,360,2622
2026-08-17T19:00Z,2388,13152,0,458,0,420,80,212,0,240,190,1398,788,431,4136,61,0,2317,314,2881
2026-08-17T19:30Z,2366,13043,0,450,0,416,70,204,0,240,190,1398,778,488,4136,61,0,1812,390,3095
2026-08-17T20:00Z,2355,13012,0,272,0,270,80,156,0,194,142,1398,424,572,4136,61,0,1406,278,3567
2026-08-17T20:30Z,2365,12932,0,258,0,262,80,144,0,186,138,1398,392,529,4155,61,0,731,50,4321
2026-08-17T21:00Z,2364,12654,0,70,0,-136,80,-80,0,-242,-160,1398,60,498,4196,56,0,702,434,4704
2026-08-17T21:30Z,2353,12212,0,52,0,-180,80,-90,24,-258,-170,1360,30,363,4241,52,0,426,-18,5261
2026-08-17T22:00Z,2353,11802,0,-166,0,-536,80,-56,4,-538,-594,986,-302,307,4250,50,0,605,180,5581
2026-08-17T22:30Z,2370,11556,0,-178,0,-552,60,-54,0,-542,-604,910,-336,301,4253,50,0,501,58,5862
2026-08-17T23:00Z,2359,11619,0,-238,0,-426,80,-38,0,-608,-584,538,-768,231,4254,50,0,394,158,5978
2026-08-17T23:30Z,2361,11396,0,-242,0,-422,80,-38,0,-606,-584,462,-780,248,4258,50,0,374,200,6170
2026-08-18T00:00Z,2363,11023,0,-272,0,-480,80,-68,0,-598,-724,88,-578,327,4268,50,0,286,-12,6678
2026-08-18T00:30Z,2371,10232,0,-270,0,-486,78,-78,0,-598,-724,46,-560,266,4266,50,0,228,-10,7096
2026-08-18T01:00Z,2378,9667,0,-194,0,-608,20,-240,0,-644,-580,0,-360,242,4265,50,0,270,-8,8076
2026-08-18T01:30Z,2380,9615,0,-198,0,-612,-74,-254,0,-644,-580,-14,-366,226,4262,50,0,244,-8,8016
2026-08-18T02:00Z,2402,9646,0,-342,0,-662,-166,-412,0,-794,-722,-106,-718,213,4257,50,0,487,-8,7920
2026-08-18T02:30Z,2460,9603,0,-352,0,-674,-202,-430,0,-798,-726,-108,-754,211,4262,50,0,404,-14,8101
2026-08-18T03:00Z,2515,10152,0,-440,0,-1006,-192,-648,0,-1034,-994,-28,-1240,212,4263,50,0,598,-14,8035
2026-08-18T03:30Z,2526,10521,0,-452,0,-1018,-232,-666,0,-1038,-998,-18,-1270,211,4260,50,0,722,-38,7831
2026-08-18T04:00Z,2575,10627,0,-638,0,-924,-338,-880,0,-946,-868,-6,-1436,209,4285,50,0,730,110,7751
2026-08-18T04:30Z,2525,10650,0,-626,0,-914,-434,-874,0,-942,-868,24,-1446,209,4318,50,0,620,452,7751
2026-08-18T05:00Z,2501,10652,0,-174,-16,-668,-462,-480,-74,-746,-714,322,-1446,223,4328,50,0,662,30,7965
2026-08-18T05:30Z,2501,10958,0,-128,-146,-638,-380,-434,-226,-744,-712,348,-1446,212,4325,50,0,767,174,8719
2026-08-18T06:00Z,2492,11047,0,454,-298,-82,-488,170,-378,-922,-600,326,-1438,231,4328,50,0,776,-102,9155
2026-08-18T06:30Z,2501,11228,0,462,-448,-46,-514,204,-452,-916,-590,344,-1408,237,4321,50,0,944,280,9236
2026-08-18T07:00Z,2503,11068,0,144,-530,412,-514,372,-452,-508,-110,554,-712,229,4327,50,0,622,208,9171
2026-08-18T07:30Z,2504,11087,0,160,-532,454,-514,400,-452,-496,-96,544,-664,255,4327,50,0,659,278,9347
2026-08-18T08:00Z,2504,10239,0,800,-532,524,-514,880,-452,-198,216,216,-298,241,4327,50,0,412,-42,9055
2026-08-18T08:30Z,2502,9623,0,832,-514,528,-514,900,-452,-194,220,218,-284,238,4329,50,0,415,-124,8896
2026-08-18T09:00Z,2505,8800,0,976,-386,586,-514,840,-452,-194,220,594,-368,219,4327,50,0,485,-136,8609
2026-08-18T09:30Z,2500,8301,0,980,-286,596,-514,840,-452,-194,212,616,-360,217,4330,50,0,509,-96,8996
2026-08-18T10:00Z,2514,7891,0,926,-136,894,-440,898,-442,-298,-240,446,-86,218,4327,50,0,514,-244,9217
2026-08-18T10:30Z,2488,7641,0,924,-40,906,-314,896,-452,-300,-248,464,-62,231,3296,17,0,526,-514,7237
2026-08-18T11:00Z,2560,7592,0,912,-156,856,-300,824,-452,-250,22,838,144,232,3933,0,0,418,-934,8336
2026-08-18T11:30Z,2579,7303,0,904,-108,850,-300,818,-452,-240,24,840,170,234,4362,0,0,580,-1006,9209
2026-08-18T12:00Z,2552,6702,0,764,-86,588,-300,754,-452,226,-58,482,428,229,4368,0,0,475,-978,9189
2026-08-18T12:30Z,2611,6405,0,758,-122,580,-300,750,-452,226,-60,410,564,358,4367,0,0,482,-934,9139
2026-08-18T13:00Z,2630,6984,0,760,-230,652,-300,706,-452,-170,-102,34,24,368,4372,0,0,513,-934,9176
2026-08-18T13:30Z,2628,6476,0,758,-152,646,-300,704,-452,-178,-102,-6,-12,293,4376,0,0,553,-932,9429
2026-08-18T14:00Z,2647,6216,0,734,-68,340,-302,692,-452,-300,-102,-6,-282,191,4372,1,0,641,-482,9350
2026-08-18T14:30Z,2637,7125,0,724,-60,318,-300,670,-452,-300,-102,-6,-290,333,4372,4,0,827,-284,8594
2026-08-18T15:00Z,2631,9178,0,570,-68,12,-314,214,-452,-250,-202,-6,-212,393,4373,5,0,683,-6,8257
2026-08-18T15:30Z,2634,10474,0,552,-100,2,-438,210,-394,-240,-202,32,-214,393,4370,11,0,933,-6,8074
2026-08-18T16:00Z,2632,11874,0,314,-250,206,-514,570,-448,0,-176,408,-382,352,4384,11,0,548,-6,7585
2026-08-18T16:30Z,2612,12329,0,300,-392,208,-514,566,-452,0,-178,484,-380,531,4375,11,0,915,210,7128
2026-08-18T17:00Z,2578,12664,0,206,-330,4,-514,66,-452,0,-448,858,-152,616,4368,11,0,1245,540,7035
2026-08-18T17:30Z,2579,12999,0,196,-178,0,-514,32,-452,0,-452,916,-142,620,4364,11,0,1630,598,6806
2026-08-18T18:00Z,2580,13388,0,58,-74,0,-514,-228,-452,-316,-450,1124,-190,645,4358,11,0,2582,596,6298
2026-08-18T18:30Z,2583,13413,0,50,-74,0,-514,-232,-452,-334,-448,1124,-194,642,4364,11,0,2996,594,5830
2026-08-18T19:00Z,2603,13508,0,12,-212,0,-514,-36,-452,-134,-320,910,-194,637,4366,11,0,2604,594,5694
2026-08-18T19:30Z,2597,13630,0,18,-186,0,-514,-20,-452,-130,-316,898,-194,634,4366,11,0,2019,654,5927
2026-08-18T20:00Z,2558,13837,0,224,-282,88,-514,128,-452,0,-4,982,-194,594,4371,11,0,873,544,5853
2026-08-18T20:30Z,2539,13641,0,220,-382,82,-514,132,-452,0,0,954,-180,611,4377,11,0,642,34,5710
2026-08-18T21:00Z,2512,13247,0,-76,-360,-68,-514,72,-452,-102,-56,586,100,642,4381,11,0,593,-14,5646
2026-08-18T21:30Z,2468,12931,0,-96,-240,-90,-514,54,-452,-104,-58,544,94,627,4388,1,0,439,-14,5892
2026-08-18T22:00Z,2475,12556,0,-180,-106,-510,-514,-252,-440,-426,-256,594,-418,433,4387,0,0,906,92,5122
2026-08-18T22:30Z,2463,12110,0,-184,-4,-520,-514,-266,-316,-444,-254,564,-430,418,4389,0,0,961,106,4878
2026-08-18T23:00Z,2441,12084,0,-194,0,-240,-514,-264,-170,-162,74,218,-120,400,4387,0,0,478,256,4669
2026-08-18T23:30Z,2440,12066,0,-192,0,-228,-508,-262,-30,-156,78,178,-104,365,4390,0,0,349,-8,4734
2026-08-19T00:00Z,2441,12065,0,-130,0,68,-426,-218,0,-202,136,130,-8,352,4386,0,0,250,-12,4514
2026-08-19T00:30Z,2433,11786,0,-126,0,100,-330,-210,0,-202,138,116,0,351,4392,0,0,210,-10,4493
2026-08-19T01:00Z,2436,11476,0,-78,0,8,-444,-92,0,-168,296,6,0,352,4386,0,0,256,-10,4449
2026-08-19T01:30Z,2450,11358,0,-76,0,-2,-444,-94,0,-168,296,-6,-10,351,4390,0,0,209,-10,4451
2026-08-19T02:00Z,2464,11440,0,-108,0,-158,-372,-266,0,-392,92,-6,-192,353,4390,0,0,217,-10,4546
2026-08-19T02:30Z,2462,11418,0,-114,0,-180,-250,-276,0,-396,82,-6,-220,354,4378,0,0,277,-10,4704
2026-08-19T03:00Z,2465,11437,0,-226,0,-504,-198,-314,0,-522,-332,-6,-656,353,4381,0,0,268,-10,4799
2026-08-19T03:30Z,2474,11431,0,-224,0,-524,-128,-320,0,-526,-344,2,-704,353,4379,0,0,255,-10,4754
2026-08-19T04:00Z,2473,11466,0,-50,0,-738,-26,-430,0,-826,-722,76,-1322,354,4387,0,0,660,-12,4859
2026-08-19T04:30Z,2466,11479,0,-46,0,-736,-56,-424,0,-822,-716,90,-1320,356,4387,6,0,817,286,4695
2026-08-19T05:00Z,2468,11466,0,-112,-18,-324,-184,-156,-54,-364,-214,160,-612,404,4388,54,0,764,142,4364
2026-08-19T05:30Z,2469,11417,0,-98,-100,-286,-200,-116,-98,-332,-204,200,-554,520,4386,31,0,1303,286,4609
2026-08-19T06:00Z,2466,11312,0,280,-248,624,-200,514,-250,234,-360,532,30,429,4388,5,0,834,106,4391
2026-08-19T06:30Z,2470,11172,0,308,-312,702,-200,554,-400,250,-348,604,76,434,4391,5,0,1365,-10,3937
2026-08-19T07:00Z,2472,10854,0,552,-382,888,-200,786,-452,618,220,972,486,365,4388,5,0,722,84,3796
2026-08-19T07:30Z,2466,10552,0,578,-462,900,-200,802,-452,642,238,1020,544,354,4384,1,0,757,0,3807
2026-08-19T08:00Z,2468,9672,0,902,-340,972,-200,946,-386,902,404,1130,1390,338,4382,0,0,530,18,3644
2026-08-19T08:30Z,2430,9234,0,918,-254,976,-200,954,-236,902,406,1136,1430,267,4384,0,0,522,-8,3539
2026-08-19T09:00Z,2401,8648,0,994,-184,1006,-200,986,-96,870,446,1078,1430,181,4384,0,0,491,-10,3390
2026-08-19T09:30Z,2400,7805,0,998,-70,1006,-200,988,0,870,446,1098,1430,172,4384,0,0,477,-10,3113
2026-08-19T10:00Z,2398,7217,0,998,0,1006,-278,560,-22,1032,586,1370,1418,161,4384,0,0,741,-442,2804
2026-08-19T10:30Z,2399,7300,0,998,0,1006,-424,-4,-4,1032,588,1398,1414,161,4388,0,0,1097,-580,2425
2026-08-19T11:00Z,2396,7123,0,998,0,1006,-514,-4,-92,1042,758,1398,1422,172,4392,0,0,1224,-728,2296
2026-08-19T11:30Z,2392,6954,0,998,0,1006,-514,-4,-82,1042,762,1398,1422,179,4391,0,0,1114,-940,2407
2026-08-19T12:00Z,2391,7206,0,998,0,1006,-514,-4,-102,1042,1006,1398,1424,169,4392,0,0,637,-650,2597
2026-08-19T12:30Z,2388,7131,0,998,0,1004,-514,-4,-16,1044,1010,1398,1426,151,4396,0,0,598,-644,2907
2026-08-19T13:00Z,2363,7255,0,998,0,1006,-438,-4,0,1020,960,1398,1426,162,4393,0,0,536,-578,2944
2026-08-19T13:30Z,2124,7727,0,998,0,1006,-322,-4,0,1000,934,1388,1418,169,4395,0,0,475,-538,2794
2026-08-19T14:00Z,2136,8029,0,998,0,1006,-202,-6,-2,326,196,1302,1256,312,4399,6,0,473,-300,2782
2026-08-19T14:30Z,2138,8145,0,998,0,1008,-208,-4,-66,288,170,1266,1058,324,4391,6,0,594,18,3029
2026-08-19T15:00Z,2193,9035,0,998,-4,1008,-80,-6,-12,0,142,972,-680,352,4387,11,0,1011,306,3139
2026-08-19T15:30Z,2167,11061,0,986,-104,1054,-148,-6,-100,0,142,948,-894,261,4384,11,0,1003,2,3205
2026-08-19T16:00Z,2157,12456,0,700,-148,1970,-298,-6,-52,0,206,1018,-1172,244,4384,10,0,768,30,3447
2026-08-19T16:30Z,2159,13094,0,690,-148,2006,-352,-6,-86,-6,208,998,-1126,407,4390,10,0,714,82,3741
2026-08-19T17:00Z,2164,13367,0,690,-148,2004,-350,-4,-4,-174,402,702,-58,555,4390,10,0,655,22,3744
2026-08-19T17:30Z,2168,13478,0,688,-148,1922,-352,30,0,-180,402,652,2,557,4393,10,0,993,-18,4018
2026-08-19T18:00Z,2180,13812,0,678,-150,608,-352,830,0,-350,188,466,66,600,4389,10,0,1292,340,4653
2026-08-19T18:30Z,2232,13901,0,676,-150,500,-352,846,-68,-350,186,468,70,607,4390,10,0,1133,758,4932
2026-08-19T19:00Z,2261,13904,0,610,-150,470,-352,388,-220,-342,192,680,90,590,4389,10,0,1232,644,4947
2026-08-19T19:30Z,2215,13536,0,602,-150,468,-352,350,-258,-340,194,706,88,510,4387,10,0,1076,640,5287
2026-08-19T20:00Z,2198,13460,0,476,-150,424,-352,-20,-304,-202,466,750,4,417,4390,10,0,917,382,5493
2026-08-19T20:30Z,2199,13375,0,452,-150,408,-352,-42,-434,-202,458,744,0,399,4388,10,0,647,320,5105
2026-08-19T21:00Z,2188,13090,0,62,-150,-182,-352,-142,-452,-384,-76,650,50,405,4386,10,0,1135,454,4904
2026-08-19T21:30Z,2183,12859,0,40,-72,-212,-442,-142,-398,-386,-90,648,46,391,4388,0,0,1136,110,4330
2026-08-19T22:00Z,2180,11632,0,-62,0,74,-440,-8,-296,-388,-152,726,-124,421,4389,0,0,581,76,4456
2026-08-19T22:30Z,1518,10498,0,-62,-70,110,-300,4,-146,-388,-152,702,-130,428,4384,0,0,865,194,4776
2026-08-19T23:00Z,1519,10543,0,26,-190,406,-194,96,-32,-276,-142,378,-62,394,4383,0,0,259,-12,5051
2026-08-19T23:30Z,1549,10257,0,30,-194,408,-46,102,-54,-276,-142,332,-60,435,4385,0,0,176,-10,5198
2026-08-20T00:00Z,1534,10181,0,22,-100,-6,-12,134,0,-308,-246,218,-110,418,4383,0,0,241,-10,5269
2026-08-20T00:30Z,1521,10158,0,24,-72,-14,-134,140,-20,-310,-246,190,-120,378,4382,0,0,276,-10,5323
2026-08-20T01:00Z,1572,10391,0,76,-132,34,-244,270,-128,-354,-268,14,-284,274,4391,0,0,170,102,5381
2026-08-20T01:30Z,1664,10376,0,74,-198,32,-188,270,-36,-360,-272,-6,-304,271,4394,0,0,243,-8,5279
2026-08-20T02:00Z,1695,10344,0,-24,-188,-136,-42,108,-24,-738,-640,-6,-586,276,4398,0,0,304,94,5351
2026-08-20T02:30Z,1693,10378,0,-38,-64,-168,0,88,0,-748,-648,-6,-602,277,4397,0,0,334,-10,5564
2026-08-20T03:00Z,1738,10558,0,-226,0,-168,0,-216,0,-910,-818,-6,-678,276,4405,0,0,436,72,5509
2026-08-20T03:30Z,1770,10558,0,-234,0,-166,0,-232,0,-912,-820,-6,-712,275,4407,0,0,347,-10,5549
2026-08-20T04:00Z,1783,10639,0,-220,0,-94,0,-266,0,-970,-762,-6,-1414,274,4404,0,0,616,168,5435
2026-08-20T04:30Z,1811,10743,0,-220,0,-88,0,-264,0,-968,-760,24,-1408,274,4412,0,0,744,138,5447
2026-08-20T05:00Z,1784,10590,0,-220,0,94,-74,-192,0,-658,-544,322,-572,285,4412,0,0,462,-10,5891
2026-08-20T05:30Z,1785,10584,0,-196,0,136,-224,-172,-68,-586,-534,388,-506,297,4407,0,0,1055,234,5981
2026-08-20T06:00Z,1780,10192,0,322,-80,836,-334,202,-218,342,-94,762,110,308,4408,0,0,472,60,5856
2026-08-20T06:30Z,1805,9544,0,356,-192,892,-474,230,-300,374,-52,808,168,308,4407,0,0,993,102,5768
2026-08-20T07:00Z,1805,8608,0,598,-198,1534,-514,450,-432,808,788,876,818,301,4411,0,0,349,-12,5935
2026-08-20T07:30Z,1779,7474,0,626,-198,1574,-514,482,-452,830,824,894,872,289,4407,0,0,498,20,6369
2026-08-20T08:00Z,1779,5662,0,982,-220,1986,-514,968,-452,1024,1014,1016,1402,255,4405,0,0,409,-16,6119
2026-08-20T08:30Z,1779,4182,0,996,-198,2002,-440,990,-430,1024,1016,1056,1428,256,4403,0,0,538,-82,5925
2026-08-20T09:00Z,1778,3712,0,996,-190,1946,-332,982,-298,1050,888,1338,1428,256,4398,0,0,892,-418,5871
2026-08-20T09:30Z,1770,3709,0,996,-150,1944,-438,980,-146,1050,886,1370,1428,245,4394,1,0,989,-426,5638
2026-08-20T10:00Z,1781,3901,0,978,-150,1944,-514,972,-88,1044,722,1394,1428,210,4384,1,0,791,-808,5600
2026-08-20T10:30Z,1777,4000,0,976,-150,1938,-440,970,-24,1044,722,1398,1428,215,4377,0,0,717,-880,5270
2026-08-20T11:00Z,1778,4006,0,958,-150,1764,-352,932,-114,1044,722,1398,1428,209,4378,0,0,541,-824,5349
2026-08-20T11:30Z,1816,3675,0,958,-150,1756,-350,930,-20,1044,720,1398,1428,208,4378,0,0,491,-878,5380
2026-08-20T12:00Z,1816,3488,0,970,-150,1806,-352,918,0,1044,722,1398,1428,190,4377,0,0,454,-874,5410
2026-08-20T12:30Z,1806,3568,0,970,-150,1808,-352,918,0,1042,722,1398,1428,190,4383,0,0,445,-934,5535
2026-08-20T13:00Z,1779,3638,0,924,-150,1854,-350,918,0,1038,704,1398,1428,191,4380,0,0,482,-1030,5660
2026-08-20T13:30Z,1817,3962,0,912,-150,1854,-352,920,0,1038,704,1380,1428,189,4376,0,0,544,-812,5713
2026-08-20T14:00Z,1824,4507,0,710,-150,1788,-352,970,0,1044,932,1206,1428,189,4380,0,0,518,-1028,6045
2026-08-20T14:30Z,1821,5186,0,710,-150,1774,-344,966,0,1028,928,1152,1394,190,4379,0,0,535,-542,5946
2026-08-20T15:00Z,1795,6834,0,902,-148,1426,-228,840,36,436,530,776,598,206,4383,4,0,582,-126,6369
2026-08-20T15:30Z,1863,7737,0,890,-148,1384,-76,816,-36,416,520,750,460,220,4387,10,0,758,-112,6392
2026-08-20T16:00Z,1907,10046,0,494,-148,584,38,390,58,224,306,876,-892,263,4388,11,0,1334,298,6220
2026-08-20T16:30Z,1904,11102,0,462,-148,518,-30,368,8,214,304,926,-988,292,4412,11,0,1113,18,7074
2026-08-20T17:00Z,1911,11809,0,108,-148,-324,6,360,22,-248,506,1298,-748,372,4413,11,0,1000,-16,7623
2026-08-20T17:30Z,1911,12377,0,96,-148,-392,-74,358,42,-268,496,1320,-732,378,4418,11,0,1093,6,7790
2026-08-20T18:00Z,1913,12431,0,166,-150,-92,-226,298,-58,-724,12,1154,-638,408,4400,11,0,1591,604,7894
2026-08-20T18:30Z,1918,12521,0,156,-150,-94,-376,278,-24,-732,0,1156,-636,414,4395,11,0,1914,580,7657
2026-08-20T19:00Z,1911,12749,0,-84,-150,-416,-502,-98,0,-588,-96,1340,-696,536,4398,11,0,1876,358,7403
2026-08-20T19:30Z,1956,12878,0,-94,-150,-416,-478,-116,-36,-586,-98,1348,-684,520,4396,11,0,1942,562,7086
2026-08-20T20:00Z,1953,13089,0,-44,-150,-172,-514,-116,-182,-434,-284,1248,-334,513,4393,11,0,1270,726,6746
2026-08-20T20:30Z,1961,13315,0,-42,-150,-166,-464,-116,-306,-434,-286,1200,-314,484,4390,11,0,817,742,6155
2026-08-20T21:00Z,1955,13394,0,-64,-126,26,-410,-116,-278,-516,-384,828,-224,355,4393,11,0,675,562,6041
2026-08-20T21:30Z,1961,13300,0,-56,-104,32,-410,-108,-310,-474,-384,770,-218,352,4389,9,0,487,80,6011
2026-08-20T22:00Z,1961,12143,0,124,-104,-66,-410,48,-396,102,-296,570,-194,284,4387,0,0,243,20,5951
2026-08-20T22:30Z,1957,11134,0,132,-104,-66,-410,58,-340,106,-294,554,-186,278,4391,0,0,257,-10,6142
2026-08-20T23:00Z,1957,10274,0,178,-104,330,-410,84,-236,148,-64,604,-30,256,4390,0,0,175,-10,6275
2026-08-20T23:30Z,1961,9964,0,182,-104,352,-410,84,-188,148,-62,614,-22,246,4399,0,0,246,-8,6366
2026-08-21T00:00Z,1957,9426,0,228,-104,312,-410,70,-148,102,-144,678,-70,206,4397,0,0,143,-8,6236
2026-08-21T00:30Z,1956,9022,0,232,-104,316,-410,70,-230,102,-146,676,-76,230,4393,0,0,183,-8,6166
2026-08-21T01:00Z,1961,9047,0,294,-104,576,-410,94,-328,-102,-368,584,-146,230,4389,0,0,151,-8,6121
2026-08-21T01:30Z,1963,9163,0,296,-104,586,-410,96,-352,-104,-372,560,-150,231,4382,0,0,261,172,5709
2026-08-21T02:00Z,1979,9319,0,250,-104,602,-410,140,-320,-364,-382,428,-198,230,4389,0,0,213,86,5786
2026-08-21T02:30Z,1985,9239,0,246,-104,594,-410,140,-220,-384,-382,388,-218,230,4397,0,0,370,-96,5878
2026-08-21T03:00Z,1973,9239,0,246,-104,278,-410,94,-88,-776,-488,124,-628,231,4393,0,0,519,130,5755
2026-08-21T03:30Z,1953,9191,0,244,-104,272,-410,88,-142,-784,-490,124,-658,236,4404,0,0,580,4,5563
2026-08-21T04:00Z,1957,9046,0,200,-104,588,-410,-2,-94,-780,-560,408,-932,237,4401,0,0,425,-8,5336
2026-08-21T04:30Z,1949,9077,0,208,-104,600,-410,-2,-220,-776,-552,464,-912,237,4397,0,0,1083,-8,5260
2026-08-21T05:00Z,1923,8891,0,444,-136,506,-410,88,-270,-422,-106,750,-154,255,4405,4,0,598,-8,5344
2026-08-21T05:30Z,1870,8947,0,462,-226,546,-460,112,-370,-388,-90,762,-116,283,4401,10,0,1306,42,5167
2026-08-21T06:00Z,1818,9089,0,666,-362,1588,-514,536,-452,118,258,594,-10,340,4406,6,0,856,-8,5096
2026-08-21T06:30Z,1728,9050,0,684,-474,1664,-514,564,-452,126,266,604,14,305,4406,5,0,1217,-14,5205
2026-08-21T07:00Z,1692,8722,0,872,-532,1990,-514,774,-452,412,408,896,410,302,4404,1,0,816,-130,4999
2026-08-21T07:30Z,1699,7728,0,874,-470,2006,-514,792,-452,426,412,888,468,312,4407,0,0,667,-12,4813
2026-08-21T08:00Z,1707,6253,0,756,-430,1990,-514,954,-452,940,638,514,1324,302,4405,0,0,417,-14,4676
2026-08-21T08:30Z,1701,5508,0,758,-284,1990,-514,962,-420,954,642,464,1366,273,4408,0,0,479,-128,4354
2026-08-21T09:00Z,1698,4723,0,916,-166,1942,-514,976,-324,1038,886,330,1400,240,4405,0,0,446,-132,4458
2026-08-21T09:30Z,1705,4627,0,920,-248,1940,-514,974,-428,1038,888,308,1400,237,4403,0,0,619,-132,4342
2026-08-21T10:00Z,1700,4448,0,856,-202,1866,-514,918,-452,1026,818,226,1384,219,4403,0,0,588,-132,4711
2026-08-21T10:30Z,1695,4223,0,860,-90,1866,-514,920,-452,1026,818,246,1374,219,4398,0,0,841,-354,4836
2026-08-21T11:00Z,1675,4026,0,992,-152,1998,-514,988,-452,1042,820,538,1180,201,4397,0,0,703,-304,4765
2026-08-21T11:30Z,1674,4135,0,996,-38,2004,-514,992,-452,1042,820,558,1180,198,4402,0,0,627,-304,4700
2026-08-21T12:00Z,1675,4186,0,996,-58,2004,-480,992,-452,1042,942,458,1388,196,4395,0,0,638,-304,4592
2026-08-21T12:30Z,1751,4268,0,996,-14,2004,-490,992,-452,1042,940,410,1368,201,4403,0,0,488,-328,4835
2026-08-21T13:00Z,1773,4472,0,998,-94,2004,-470,992,-452,1042,732,32,660,194,4396,0,0,588,-168,4982
2026-08-21T13:30Z,1805,4535,0,998,-8,2004,-442,992,-444,1008,730,-6,598,190,4397,0,0,502,-94,5752
2026-08-21T14:00Z,1986,5056,0,998,-6,2004,-454,992,-326,144,842,-6,-44,191,4397,0,0,525,-208,6388
2026-08-21T14:30Z,2056,5251,0,998,-56,2004,-378,992,-174,102,748,20,-110,191,4401,0,0,553,-186,7042
2026-08-21T15:00Z,2331,6175,0,998,8,2008,-264,992,-32,-552,-580,274,-932,197,4399,5,0,599,-198,7507
2026-08-21T15:30Z,2496,6654,0,994,0,2004,-368,986,0,-632,-680,336,-988,201,4397,8,0,733,-28,8228
2026-08-21T16:00Z,2462,8262,0,904,0,1782,-386,858,-90,-850,-946,710,-1414,231,4399,7,0,1164,34,8172
2026-08-21T16:30Z,2493,8632,0,890,0,1766,-436,846,-186,-850,-948,786,-1410,245,4398,11,0,1390,224,8107
2026-08-21T17:00Z,2525,9013,0,672,0,1460,-424,690,-334,-896,-798,1160,-898,334,4400,11,0,1652,46,8023
2026-08-21T17:30Z,2490,9245,0,662,-58,1436,-454,678,-446,-896,-794,1214,-862,337,4398,11,0,2197,304,7686
2026-08-21T18:00Z,2485,9663,0,614,-12,1106,-382,544,-452,-716,-614,1380,-592,403,4404,8,0,1829,466,7422
2026-08-21T18:30Z,2474,10105,0,600,0,1076,-362,532,-452,-636,-600,1398,-564,407,4398,1,0,1778,540,7073
2026-08-21T19:00Z,2461,10060,0,340,0,706,-446,428,-452,100,-70,1398,-214,401,4405,0,0,1461,0,7411
2026-08-21T19:30Z,2512,9901,0,330,-62,688,-432,424,-426,102,-52,1398,-164,395,4399,0,0,1172,286,7259
2026-08-21T20:00Z,2508,9681,0,330,-214,772,-438,426,-452,102,262,1398,590,399,4402,0,0,843,364,7014
2026-08-21T20:30Z,2492,9085,0,328,-366,776,-514,416,-452,102,268,1398,612,398,4411,0,0,645,60,7087
2026-08-21T21:00Z,2496,8108,0,298,-504,740,-492,200,-452,214,354,1398,270,399,4399,0,0,728,176,7033
2026-08-21T21:30Z,2584,7343,0,306,-450,754,-514,204,-452,218,356,1398,260,394,4405,0,0,654,-2,7084
2026-08-21T22:00Z,2618,5226,0,480,-338,1250,-514,520,-402,452,464,1398,420,360,4404,0,0,320,-18,7393
2026-08-21T22:30Z,2624,3731,0,488,-186,1280,-514,536,-352,456,464,1398,442,339,4407,0,0,316,-16,7773
2026-08-21T23:00Z,2621,2979,0,510,-40,1536,-514,576,-352,558,580,1398,764,340,4401,0,0,267,-120,7757
2026-08-21T23:30Z,2620,2956,0,514,0,1544,-514,578,-352,554,576,1398,770,339,4403,0,0,246,-138,7582
2026-08-22T00:00Z,2621,2757,0,594,0,1500,-514,614,-306,262,254,1398,556,300,4401,0,0,231,-186,7570
2026-08-22T00:30Z,2623,2503,0,596,0,1498,-484,614,-304,258,252,1398,546,299,4402,0,0,205,-424,8128
2026-08-22T01:00Z,2621,2171,0,570,0,1526,-514,542,-352,428,468,1398,568,300,4397,0,0,309,-538,8224
2026-08-22T01:30Z,2625,2114,0,562,0,1522,-514,534,-352,428,468,1394,570,296,4404,0,0,236,-656,8423
2026-08-22T02:00Z,2630,2113,0,418,0,1290,-514,408,-352,200,224,1354,602,251,4403,0,0,295,-980,8682
2026-08-22T02:30Z,2630,2114,0,412,0,1278,-514,402,-352,192,210,1336,586,259,4402,0,0,272,-1136,8542
2026-08-22T03:00Z,2631,2141,0,392,0,1154,-514,382,-352,-184,-292,1192,190,220,4401,0,0,598,-942,8643
2026-08-22T03:30Z,2629,2144,0,392,0,1144,-514,380,-352,-192,-304,1194,162,211,4404,0,0,412,-1176,8672
2026-08-22T04:00Z,2635,2166,0,412,0,894,-514,332,-352,-264,-190,1378,-48,221,4403,0,0,617,-912,8517
2026-08-22T04:30Z,2624,2139,0,424,0,890,-514,330,-352,-260,-188,1398,-40,221,4410,0,0,578,-1092,8530
2026-08-22T05:00Z,2631,2152,0,704,-96,1158,-514,322,-352,-104,-346,1398,382,221,4406,0,0,484,-1074,8241
2026-08-22T05:30Z,2629,2052,0,724,-248,1172,-514,332,-388,-102,-328,1398,428,306,4408,0,0,886,-608,7884
2026-08-22T06:00Z,2349,1923,0,920,-398,1400,-514,584,-450,394,348,1398,1014,297,4405,0,0,556,-552,7427
2026-08-22T06:30Z,1839,1906,0,930,-468,1422,-514,610,-452,436,374,1398,1054,292,4404,0,0,657,-428,7075
2026-08-22T07:00Z,1767,1646,0,956,-530,1906,-514,938,-452,882,730,1398,1328,149,4409,0,0,464,-904,6901
2026-08-22T07:30Z,1767,1627,0,960,-532,1930,-514,954,-452,898,736,1398,1344,144,4406,0,0,508,-914,6713
2026-08-22T08:00Z,1767,1728,0,996,-532,1954,-514,990,-452,1046,724,1398,1418,144,4404,0,0,388,-910,6331
2026-08-22T08:30Z,1767,1743,0,996,-502,1954,-514,986,-452,1048,724,1398,1422,192,4407,0,0,317,-968,5535
2026-08-22T09:00Z,1767,1651,0,972,-532,1926,-514,858,-452,1042,722,1398,1422,209,4402,0,0,412,-1080,5043
2026-08-22T09:30Z,1617,1409,0,970,-532,1924,-514,852,-452,1042,722,1398,1422,152,4409,0,0,470,-1150,4891
2026-08-22T10:00Z,1333,1336,0,936,-532,1824,-514,844,-452,1044,722,1398,1430,129,4407,0,0,638,-1140,4728
2026-08-22T10:30Z,1254,1332,0,924,-532,1826,-514,840,-452,1042,722,1398,1428,103,4411,0,0,459,-1142,4773
2026-08-22T11:00Z,1254,1342,0,710,-532,1998,-514,752,-452,1044,722,1398,1422,103,4409,0,0,383,-1132,4743
2026-08-22T11:30Z,1254,1359,0,702,-532,2006,-514,750,-452,1044,722,1398,1426,101,4404,0,0,610,-1120,4504
2026-08-22T12:00Z,1253,1342,0,702,-532,2006,-514,794,-452,1044,722,1398,1430,100,4404,0,0,313,-1124,4330
2026-08-22T12:30Z,1252,1356,0,702,-532,2006,-514,800,-452,1044,722,1398,1422,103,4400,0,0,528,-1114,4076
2026-08-22T13:00Z,1353,1342,0,702,-532,2006,-514,890,-452,1044,704,1398,1246,95,4404,0,0,467,-1116,4040
2026-08-22T13:30Z,1361,1345,0,702,-532,2006,-514,898,-452,1044,702,1398,1238,93,4405,0,0,459,-1108,4025
2026-08-22T14:00Z,1421,1358,0,702,-532,2006,-514,986,-452,1020,702,1398,1238,94,4400,0,0,588,-1114,4293
2026-08-22T14:30Z,1620,1364,0,710,-502,2006,-514,992,-438,1022,702,1398,1232,97,4400,0,0,493,-1112,4683
2026-08-22T15:00Z,1952,1480,0,892,-368,2006,-514,992,-358,1042,702,1398,1146,107,4401,0,0,556,-1072,4684
2026-08-22T15:30Z,2393,1603,0,904,-320,2006,-510,992,-444,1042,704,1398,1152,116,4392,0,0,710,-744,4880
2026-08-22T16:00Z,3060,2118,0,994,-266,2004,-514,992,-452,1044,992,1398,1414,175,4401,0,0,443,-278,5091
2026-08-22T16:30Z,3255,2781,0,996,-400,2004,-514,992,-452,1044,996,1398,1428,199,4396,0,0,446,-216,5476
2026-08-22T17:00Z,3231,3849,0,996,-520,2004,-514,992,-452,1042,996,1398,1428,253,4401,0,0,456,-100,5341
2026-08-22T17:30Z,3231,4427,0,996,-532,2004,-514,992,-452,1042,998,1398,1428,277,4392,0,0,848,-14,4987
2026-08-22T18:00Z,3226,5002,0,996,-532,2004,-514,992,-452,1038,998,1398,1428,383,4402,0,0,880,100,4647
2026-08-22T18:30Z,3217,4767,0,996,-532,2004,-514,992,-452,1038,998,1398,1428,388,4397,0,0,1437,104,4378
2026-08-22T19:00Z,3214,4580,0,996,-532,2004,-514,992,-452,1038,998,1398,1428,408,4393,0,0,2129,506,3944
2026-08-22T19:30Z,3215,4855,0,996,-532,2004,-514,992,-452,1038,998,1398,1428,409,4398,0,0,2110,456,3535
2026-08-22T20:00Z,3206,5194,0,996,-532,2004,-514,992,-452,1040,996,1398,1428,436,4401,0,0,1432,272,3172
2026-08-22T20:30Z,3218,4951,0,998,-532,2004,-514,992,-452,1038,998,1398,1428,469,4395,0,0,1333,338,3041
2026-08-22T21:00Z,3212,4764,0,996,-532,2004,-514,992,-452,1038,998,1398,1428,469,4398,0,0,1477,0,2955
2026-08-22T21:30Z,3136,4949,0,996,-532,2004,-514,990,-452,1038,996,1398,1428,465,4401,0,0,561,-14,2954
2026-08-22T22:00Z,3191,4541,0,972,-532,2004,-514,972,-452,1028,952,1398,1428,323,4392,0,0,340,-18,2942
2026-08-22T22:30Z,3220,4159,0,972,-532,2004,-514,972,-452,1028,952,1398,1428,250,4397,0,0,264,-14,3008
2026-08-22T23:00Z,3222,3475,0,996,-532,2004,-514,990,-452,1034,974,1398,1428,245,4395,0,0,237,-8,2982
2026-08-22T23:30Z,3223,3046,0,998,-532,2006,-514,992,-452,1034,974,1398,1428,264,4395,0,0,373,-8,2849
2026-08-23T00:00Z,3218,2887,0,998,-530,2004,-514,992,-452,1036,998,1398,1428,276,4389,0,0,241,-8,2736
2026-08-23T00:30Z,3218,2891,0,996,-474,2004,-514,992,-452,1036,998,1398,1428,231,4395,0,0,272,-8,2566
2026-08-23T01:00Z,3215,2733,0,996,-528,2004,-514,992,-452,1034,998,1398,1428,216,4396,0,0,396,-8,2393
2026-08-23T01:30Z,3217,2629,0,998,-532,2000,-514,990,-452,1034,994,1398,1428,223,4401,0,0,262,-8,2341
2026-08-23T02:00Z,3224,2380,0,998,-520,1842,-514,964,-452,1034,706,1398,1428,263,4401,0,0,356,-8,2340
2026-08-23T02:30Z,3221,2116,0,990,-470,1832,-514,960,-452,1034,702,1398,1428,268,4405,0,0,341,-8,2345
2026-08-23T03:00Z,3220,2242,0,822,-408,1710,-514,882,-452,1034,702,1398,1428,251,4400,0,0,423,-8,2297
2026-08-23T03:30Z,3213,2547,0,810,-426,1706,-514,878,-452,1032,702,1398,1426,173,4407,0,0,193,-8,2341
2026-08-23T04:00Z,3222,2517,0,706,-486,1706,-514,834,-452,1002,706,1398,1392,163,4400,0,0,284,-8,2344
2026-08-23T04:30Z,3130,2417,0,716,-524,1710,-514,840,-452,1002,706,1398,1392,160,4404,0,0,228,-8,2397
2026-08-23T05:00Z,2760,2583,0,986,-496,1962,-514,984,-452,1032,832,1398,1422,146,4404,0,0,259,-8,2397
2026-08-23T05:30Z,2609,2573,0,998,-532,1972,-514,992,-452,1032,834,1398,1424,161,4409,0,0,457,-8,2333
2026-08-23T06:00Z,2479,2381,0,996,-504,2004,-514,992,-452,1040,996,1398,1424,160,4413,0,0,428,-10,2255
2026-08-23T06:30Z,2286,2049,0,996,-414,2004,-514,992,-452,1040,998,1398,1424,142,4409,0,0,610,-96,2113
2026-08-23T07:00Z,2157,2002,0,998,-374,2004,-514,992,-452,1038,998,1398,1424,137,4406,0,0,622,-104,1886
2026-08-23T07:30Z,2097,1978,0,996,-320,2000,-514,988,-452,1038,996,1398,1424,137,4409,0,0,619,-12,1747
2026-08-23T08:00Z,2098,1844,0,996,-392,1910,-514,922,-452,1038,942,1398,1424,131,4411,0,0,602,-14,1617
2026-08-23T08:30Z,2021,1818,0,998,-316,1904,-514,918,-452,1038,942,1398,1424,130,4410,0,0,486,-78,1345
2026-08-23T09:00Z,1738,1777,0,996,-266,1856,-514,896,-452,1036,1016,1398,1424,114,4406,0,0,407,-28,1212
2026-08-23T09:30Z,1590,1694,0,994,-238,1852,-514,894,-452,1038,1016,1398,1424,114,4408,0,0,445,-140,1163
2026-08-23T10:00Z,1584,1712,0,940,-374,1770,-514,876,-452,1038,886,1398,1424,114,4402,0,0,908,-206,1140
2026-08-23T10:30Z,1904,1572,0,932,-510,1768,-514,872,-452,1038,886,1398,1424,113,4403,0,0,715,-214,1267
2026-08-23T11:00Z,2298,1602,0,806,-532,1994,-514,782,-452,1030,838,1398,1424,95,4404,0,0,812,-588,1239
2026-08-23T11:30Z,2533,1567,0,796,-532,1998,-514,774,-452,1030,838,1398,1412,93,4403,0,0,626,-520,1333
2026-08-23T12:00Z,2880,1583,0,708,-532,1718,-514,704,-452,1036,724,1398,1152,93,4399,0,0,651,-396,1280
2026-08-23T12:30Z,2933,1629,0,704,-532,1706,-514,700,-452,1036,722,1398,1140,93,4401,0,0,633,-578,1228
2026-08-23T13:00Z,2847,1641,0,704,-532,1706,-514,700,-452,1036,702,1398,1136,93,4401,0,0,600,-400,1226
2026-08-23T13:30Z,2569,1656,0,704,-484,1712,-514,708,-452,1036,702,1398,1136,93,4401,0,0,613,-370,1275
2026-08-23T14:00Z,2200,1753,0,704,-336,1994,-514,886,-450,1020,702,1398,1136,93,4402,0,0,593,-260,1223
2026-08-23T14:30Z,2382,1960,0,712,-182,2006,-514,894,-452,1020,702,1398,1136,94,4403,0,0,710,-264,1165
2026-08-23T15:00Z,2660,2807,0,908,-76,2004,-514,876,-406,1018,702,1398,1136,114,4401,0,0,540,-264,1103
2026-08-23T15:30Z,2801,4124,0,920,-198,2004,-514,880,-388,1020,702,1398,1148,120,4395,0,0,702,-182,1111
2026-08-23T16:00Z,3095,5021,0,994,-350,2004,-514,986,-452,1018,798,1398,1410,163,4395,0,0,862,-18,1015
2026-08-23T16:30Z,3276,6491,0,996,-494,2004,-514,992,-452,1018,800,1398,1424,168,4400,0,0,724,100,956
2026-08-23T17:00Z,3258,7136,0,996,-532,1956,-514,992,-452,1018,994,1398,1424,289,4396,0,0,774,372,1082
2026-08-23T17:30Z,3267,7789,0,992,-532,1948,-514,986,-452,1018,996,1398,1420,336,4395,0,0,1371,488,1120
2026-08-23T18:00Z,3278,8039,0,874,-532,1672,-514,858,-452,998,918,1398,1318,377,4397,10,0,2105,504,1125
2026-08-23T18:30Z,3275,8159,0,874,-532,1664,-514,854,-452,996,918,1398,1312,418,4399,11,0,2149,580,1155
2026-08-23T19:00Z,3278,7952,0,992,-532,1968,-514,958,-452,998,872,1398,1338,433,4399,5,0,1640,580,1186
2026-08-23T19:30Z,3278,7981,0,998,-532,1982,-514,964,-452,998,872,1398,1344,432,4392,4,0,2037,580,1184
2026-08-23T20:00Z,3255,8018,0,996,-532,2002,-514,990,-452,1020,996,1398,1420,440,4403,10,0,1274,480,1198
2026-08-23T20:30Z,3239,7664,0,996,-532,2004,-514,992,-452,1018,998,1398,1422,471,4403,5,0,816,410,1213
2026-08-23T21:00Z,3214,7552,0,998,-532,2004,-514,992,-452,838,936,1398,1350,431,4402,0,0,739,116,1174
2026-08-23T21:30Z,3109,7371,0,996,-532,1996,-514,992,-452,836,934,1398,1340,426,4402,0,0,277,106,1080
2026-08-23T22:00Z,3084,6740,0,998,-498,1818,-514,992,-452,788,690,1398,1166,340,4401,0,0,405,-12,1001
2026-08-23T22:30Z,2900,6570,0,998,-370,1808,-514,992,-452,788,688,1398,1158,339,4401,0,0,281,-26,951
2026-08-23T23:00Z,2893,6549,0,998,-340,1804,-506,992,-452,758,788,1398,1144,340,4403,0,0,182,-14,903
2026-08-23T23:30Z,2894,6570,0,998,-226,1810,-464,992,-452,756,788,1386,1150,338,4401,0,0,142,-14,916
2026-08-24T00:00Z,2940,6468,0,998,-198,1994,-416,992,-452,712,670,1274,1296,324,4398,0,0,242,-14,902
2026-08-24T00:30Z,2955,6403,0,998,-198,2004,-444,992,-452,712,670,1268,1294,323,4401,0,0,147,-46,930
2026-08-24T01:00Z,2943,6331,0,998,-198,2004,-482,992,-452,796,680,1338,1086,323,4395,0,0,133,-12,1051
2026-08-24T01:30Z,2959,6182,0,998,-198,2004,-472,992,-452,796,680,1308,1060,323,4398,0,0,130,-12,1128
2026-08-24T02:00Z,2959,6343,0,998,-198,2006,-412,992,-452,626,582,934,678,289,4396,0,0,261,-12,1210
2026-08-24T02:30Z,2961,6160,0,998,-198,2006,-326,992,-452,562,576,860,632,275,4400,0,0,209,-12,1458
2026-08-24T03:00Z,2951,6413,0,998,-198,2008,-300,992,-430,-338,224,484,-6,251,4394,0,0,209,-12,1692
2026-08-24T03:30Z,2963,6347,0,998,-198,2006,-310,992,-392,-360,216,410,-56,252,4432,0,0,244,-12,1862
2026-08-24T04:00Z,3145,6431,0,998,-198,2008,-378,992,-414,-452,-14,36,-540,266,4433,0,0,670,106,2091
2026-08-24T04:30Z,3257,6416,0,996,-198,2008,-474,992,-410,-422,-16,0,-544,267,4438,0,0,849,276,2302
2026-08-24T05:00Z,3239,6725,0,996,-286,2008,-514,992,-380,0,-110,0,-108,266,4438,0,0,1175,486,2530
2026-08-24T05:30Z,3264,6985,0,998,-438,2008,-514,992,-452,0,-82,0,-10,251,4443,0,0,1678,408,2764
2026-08-24T06:00Z,3264,6958,0,998,-530,2004,-514,992,-452,678,700,0,1176,243,4444,0,0,1040,126,3018
2026-08-24T06:30Z,3255,6669,0,996,-532,2004,-514,992,-452,788,732,0,1264,229,4442,0,0,1361,70,3144
2026-08-24T07:00Z,3126,6250,0,996,-532,2004,-514,992,-452,1050,994,0,1420,252,4451,0,0,1154,100,3154
2026-08-24T07:30Z,2946,5646,0,998,-532,2004,-514,992,-452,1054,996,0,1428,250,4448,0,0,927,100,3231
2026-08-24T08:00Z,2944,5033,0,996,-528,2004,-514,992,-452,1040,824,0,1428,222,4446,0,0,937,-18,3426
2026-08-24T08:30Z,2906,4566,0,994,-432,2004,-514,984,-452,1040,820,0,1428,208,4461,0,0,798,-18,3374
2026-08-24T09:00Z,2884,3712,0,950,-286,2004,-440,850,-452,1038,724,0,1428,210,4467,0,0,878,-18,3657
2026-08-24T09:30Z,2878,2574,0,936,-250,2004,-322,840,-452,1038,724,0,1428,123,4473,0,0,792,-18,3846
2026-08-24T10:00Z,2835,2204,0,690,-254,2004,-314,730,-452,1048,724,0,1428,188,4471,2,0,1027,64,3815
2026-08-24T10:30Z,2808,2137,0,688,-252,1998,-314,724,-452,1048,724,0,1428,151,4501,0,0,844,-18,3944
2026-08-24T11:00Z,2808,1857,0,868,-252,1718,-314,722,-452,1046,722,0,1428,124,4515,0,0,707,-16,3930
2026-08-24T11:30Z,2807,1811,0,874,-314,1704,-314,722,-452,1046,722,0,1428,108,4513,0,0,627,-14,3988
2026-08-24T12:00Z,2802,1800,0,850,-320,1704,-314,700,-452,1040,722,0,1428,110,4511,0,0,582,-14,4189
2026-08-24T12:30Z,2734,1822,0,846,-306,1704,-314,700,-452,1040,722,0,1428,102,4508,0,0,578,-26,4605
2026-08-24T13:00Z,2497,1812,0,802,-332,1706,-314,700,-452,1038,704,0,1428,94,4509,0,0,577,-104,5190
2026-08-24T13:30Z,2508,1792,0,808,-356,1710,-314,710,-452,1034,704,0,1404,98,4508,0,0,563,-382,5991
2026-08-24T14:00Z,2585,1797,0,956,-350,1966,-314,960,-452,720,582,0,886,110,4507,0,0,498,-712,6539
2026-08-24T14:30Z,2602,1867,0,948,-398,1960,-314,966,-452,714,580,0,834,107,4510,0,0,428,-786,6790
2026-08-24T15:00Z,2727,2829,0,674,-342,1482,-314,864,-440,626,414,0,208,108,4516,0,0,558,-564,7153
2026-08-24T15:30Z,2733,4072,0,670,-346,1452,-316,860,-452,586,414,0,150,120,4521,30,0,576,-534,7515
2026-08-24T16:00Z,3039,5273,0,842,-378,1174,-408,836,-452,190,650,0,-452,157,4521,61,0,816,-140,7963
2026-08-24T16:30Z,3165,6260,0,850,-510,1162,-510,832,-452,184,646,0,-506,152,4518,61,0,931,692,8132
2026-08-24T17:00Z,3140,7564,0,888,-532,1160,-514,796,-452,-552,210,0,-1094,276,4520,61,0,1696,752,8248
2026-08-24T17:30Z,3107,7846,0,888,-532,1162,-514,792,-452,-624,200,0,-1118,296,4521,61,0,1937,1026,8530
2026-08-24T18:00Z,3118,7875,0,828,-532,1276,-514,782,-452,-972,60,0,-1006,314,4521,61,0,2395,1026,8631
2026-08-24T18:30Z,3133,7906,0,828,-532,1280,-514,778,-452,-962,58,0,-972,313,4525,61,0,2347,1024,9005
2026-08-24T19:00Z,3168,7868,0,860,-532,1288,-514,698,-452,-304,-32,0,-292,289,4531,55,0,1120,710,9639
2026-08-24T19:30Z,3171,7992,0,850,-532,1286,-514,690,-452,-268,-30,0,-248,269,4531,22,0,744,722,10338
2026-08-24T20:00Z,3168,7480,0,572,-532,1208,-514,612,-452,110,182,0,50,260,4536,0,0,341,358,10564
2026-08-24T20:30Z,3173,6476,0,560,-532,1200,-514,604,-452,110,180,0,56,268,4532,0,0,276,458,10583
2026-08-24T21:00Z,3161,5823,0,516,-532,972,-514,482,-452,132,-122,0,-62,252,4533,0,0,328,192,10652
2026-08-24T21:30Z,3155,4740,0,502,-532,954,-514,472,-452,144,-118,0,-40,241,4540,0,0,264,176,10721
2026-08-24T22:00Z,2961,3192,0,258,-458,558,-514,388,-400,686,300,0,606,182,4534,0,0,224,-28,10664
2026-08-24T22:30Z,2790,2291,0,252,-308,548,-422,384,-402,702,310,0,638,183,4536,0,0,192,14,10329
2026-08-24T23:00Z,2893,2176,0,364,-202,830,-318,360,-402,658,566,0,652,184,4531,0,0,238,-14,9784
2026-08-24T23:30Z,2913,2156,0,372,-198,844,-314,364,-402,658,568,0,654,183,4534,0,0,163,-12,9478
2026-08-25T00:00Z,2906,2157,0,452,-198,904,-314,524,-396,744,458,0,712,168,4535,0,0,149,100,8991
2026-08-25T00:30Z,2917,2238,0,456,-198,910,-314,538,-314,740,456,0,706,168,4617,0,0,199,40,8552
2026-08-25T01:00Z,2924,2349,0,486,-198,1140,-314,682,-358,458,416,0,504,169,4644,0,0,138,-12,8026
2026-08-25T01:30Z,2915,2281,0,488,-198,1150,-314,686,-362,452,416,0,488,167,4647,0,0,137,-12,7963
2026-08-25T02:00Z,2912,2147,0,550,-198,1178,-314,640,-356,394,314,0,408,144,4642,0,0,125,-14,7729
2026-08-25T02:30Z,2933,2147,0,548,-202,1172,-314,634,-252,370,314,0,394,144,4645,0,0,156,-14,7766
2026-08-25T03:00Z,2949,2164,0,484,-202,876,-314,568,-266,0,310,0,180,143,4637,0,0,213,-14,7666
2026-08-25T03:30Z,2954,2149,0,472,-202,864,-314,554,-204,0,304,0,166,143,4640,0,0,153,-14,7752
2026-08-25T04:00Z,2958,2480,0,298,-202,998,-314,290,-110,-102,-54,0,94,143,4637,0,0,341,-16,7958
2026-08-25T04:30Z,2956,2795,0,286,-202,990,-314,270,-208,-102,-62,0,88,143,4636,0,0,412,164,8322
2026-08-25T05:00Z,2958,2953,0,208,-202,484,-314,176,-308,268,-26,0,74,143,4635,0,0,1433,282,8498
2026-08-25T05:30Z,2961,3017,0,212,-220,476,-314,178,-300,302,-22,0,148,140,4639,0,0,2107,364,8368
2026-08-25T06:00Z,3154,3235,0,366,-350,1030,-346,338,-428,978,262,0,1290,128,4639,0,0,987,268,8340
2026-08-25T06:30Z,3249,3026,0,394,-494,1084,-480,370,-452,1002,266,0,1370,206,4640,0,0,1555,276,8516
2026-08-25T07:00Z,3256,2799,0,856,-532,1886,-514,918,-452,1032,290,0,1424,231,4634,0,0,891,-8,8656
2026-08-25T07:30Z,3253,2645,0,876,-532,1908,-514,938,-452,1032,292,0,1424,226,4640,0,0,970,-12,8747
2026-08-25T08:00Z,3248,2295,0,852,-532,1426,-514,790,-452,1048,502,0,1370,109,4646,0,0,709,-10,8479
2026-08-25T08:30Z,3250,2183,0,846,-532,1414,-514,782,-452,1048,474,0,1366,100,4646,0,0,553,-70,8353
2026-08-25T09:00Z,3248,1992,0,744,-532,1532,-442,772,-452,992,-298,0,1310,96,4645,0,0,738,-552,8400
2026-08-25T09:30Z,3251,2041,0,732,-532,1512,-382,734,-452,992,-328,0,1310,102,4631,0,0,777,-742,8441
2026-08-25T10:00Z,3243,1763,0,570,-532,830,-380,-152,-452,1042,-326,0,1418,113,4627,0,0,1089,-748,8436
2026-08-25T10:30Z,3222,1681,0,566,-532,808,-380,-178,-452,1042,-324,0,1414,112,4630,0,0,732,-748,8807
2026-08-25T11:00Z,3224,1750,0,628,-532,980,-382,154,-452,878,-142,0,1176,111,4625,0,0,713,-744,9088
2026-08-25T11:30Z,3219,1507,0,632,-532,986,-380,182,-452,876,-140,0,1160,112,4399,0,0,662,-720,9071
2026-08-25T12:00Z,3062,1184,0,658,-532,946,-380,456,-452,870,-28,0,1046,111,4619,0,0,625,-740,9145
2026-08-25T12:30Z,2917,1153,0,662,-532,960,-382,458,-452,864,-28,0,1034,100,4611,0,0,670,-734,9187
2026-08-25T13:00Z,2907,1171,0,714,-532,1318,-380,202,-452,476,-176,0,868,80,4608,0,0,801,-790,9322
2026-08-25T13:30Z,2910,1285,0,718,-532,1328,-380,214,-452,472,-178,0,848,88,4604,0,0,685,-788,9793
2026-08-25T14:00Z,3067,1297,0,740,-532,1064,-380,730,-452,796,-212,0,614,89,4600,0,0,870,-748,9948
2026-08-25T14:30Z,3207,1441,0,734,-532,1054,-382,744,-452,796,-208,0,588,85,4611,0,0,570,-552,10045
2026-08-25T15:00Z,3205,1948,0,576,-532,1064,-380,514,-452,418,50,0,250,92,4608,0,0,734,-26,10229
2026-08-25T15:30Z,3207,2986,0,552,-532,1054,-380,492,-452,414,54,0,234,115,4607,6,0,852,-18,10524
2026-08-25T16:00Z,3210,4990,0,172,-532,642,-438,184,-452,686,258,0,254,156,4609,8,0,986,0,10711
2026-08-25T16:30Z,3228,6094,0,154,-532,612,-514,164,-452,690,256,0,236,184,4614,9,0,1073,104,11101
2026-08-25T17:00Z,3266,6618,0,82,-532,244,-514,22,-452,606,2,0,-226,340,4616,9,0,1913,460,11357
2026-08-25T17:30Z,3269,6815,0,78,-532,226,-514,22,-452,606,0,0,-240,375,4612,9,0,2495,456,11349
2026-08-25T18:00Z,3296,6825,0,50,-532,330,-514,168,-452,658,-72,0,-14,403,4610,9,0,2270,418,11253
2026-08-25T18:30Z,3250,6877,0,48,-532,330,-514,166,-452,664,-70,0,30,404,4614,9,0,2059,496,11525
2026-08-25T19:00Z,3226,6982,0,16,-532,26,-514,4,-452,1028,102,0,794,333,4614,9,0,1205,398,11717
2026-08-25T19:30Z,3220,7006,0,14,-532,-2,-514,-10,-452,1036,102,0,850,308,4618,3,0,976,284,11830
2026-08-25T20:00Z,3259,6999,0,10,-532,-92,-514,-100,-452,1040,-124,0,1126,266,4615,2,0,723,-14,11665
2026-08-25T20:30Z,3275,7016,0,4,-532,-106,-514,-106,-452,1040,-128,0,1132,263,4622,0,0,293,-14,11305
2026-08-25T21:00Z,3240,6408,0,-88,-522,-202,-514,-106,-452,1040,-138,0,980,217,4620,0,0,317,52,10953
2026-08-25T21:30Z,3242,5827,0,-88,-406,-206,-514,-106,-452,1020,-138,0,938,205,4620,0,0,196,-20,10881
2026-08-25T22:00Z,3251,4756,0,-36,-264,-214,-456,-146,-378,368,-150,0,148,184,4625,0,0,381,-134,10708
2026-08-25T22:30Z,3243,4018,0,-32,-112,-208,-506,-142,-228,346,-148,0,116,183,4626,0,0,595,220,10507
2026-08-25T23:00Z,3249,3956,0,18,-4,6,-514,-14,-168,482,16,0,256,176,4626,0,0,495,-70,10343
2026-08-25T23:30Z,3250,3925,0,24,0,10,-462,-6,-200,482,18,0,262,174,4633,0,0,270,-80,10102
2026-08-26T00:00Z,3282,3929,0,126,0,-214,-512,20,-334,492,34,0,218,153,4636,0,0,382,-94,9947
2026-08-26T00:30Z,3268,3802,0,132,0,-234,-514,24,-340,492,34,0,218,153,4704,0,0,379,-40,9691
2026-08-26T01:00Z,3251,3905,0,164,-58,162,-514,64,-352,452,52,0,318,152,4720,0,0,202,-4,9379
2026-08-26T01:30Z,3266,3877,0,162,-2,206,-514,64,-352,452,50,0,320,152,4717,0,0,174,-100,9262
2026-08-26T02:00Z,3264,3919,0,66,0,76,-514,20,-352,426,0,0,242,151,4714,0,0,375,-74,8971
2026-08-26T02:30Z,3278,3870,0,60,0,70,-486,6,-344,422,-2,0,234,153,4711,0,0,312,-102,8999
2026-08-26T03:00Z,3276,4004,0,36,0,-294,-362,-266,-262,200,-214,0,128,152,4712,0,0,392,-100,8894
2026-08-26T03:30Z,3258,4150,0,36,0,-318,-410,-274,-112,192,-220,0,122,158,4706,0,0,391,-112,8736
2026-08-26T04:00Z,3245,4438,0,42,0,-192,-442,-152,-4,-110,-546,0,102,150,4707,0,0,642,-4,8420
2026-08-26T04:30Z,3218,4878,0,40,0,-178,-500,-142,-8,-206,-546,0,104,147,4710,0,0,834,-74,8089
2026-08-26T05:00Z,3218,5883,0,-36,-62,-46,-514,-14,-112,-320,-184,0,178,149,4711,1,0,888,-138,7962
2026-08-26T05:30Z,3221,6360,0,-12,-226,14,-514,-2,-192,-306,-176,0,192,144,4707,75,0,1507,220,7902
2026-08-26T06:00Z,3218,6203,0,538,-378,1182,-514,98,-328,472,-148,0,434,144,4712,9,0,1070,216,8071
2026-08-26T06:30Z,3255,5833,0,572,-510,1312,-514,138,-444,530,-138,0,482,171,4707,2,0,1816,200,8443
2026-08-26T07:00Z,3258,5653,0,792,-532,1810,-514,926,-452,1008,338,0,1324,248,4710,2,0,771,106,8451
2026-08-26T07:30Z,3228,5668,0,810,-532,1838,-514,964,-452,1018,350,0,1364,171,4702,0,0,394,106,8306
2026-08-26T08:00Z,3232,5578,0,990,-532,1998,-514,990,-452,1006,528,0,1422,166,4706,0,0,359,108,8170
2026-08-26T08:30Z,3238,4865,0,992,-532,2006,-514,992,-452,1006,530,0,1424,218,4707,0,0,505,112,8007
2026-08-26T09:00Z,3239,3963,0,902,-532,2004,-514,992,-452,1006,672,0,1424,124,4714,0,0,463,110,7718
2026-08-26T09:30Z,3252,3432,0,898,-528,2004,-514,988,-452,1006,672,0,1424,117,4712,0,0,450,-4,7642
2026-08-26T10:00Z,3244,3229,0,900,-532,2004,-514,906,-452,1006,672,0,1424,117,4708,0,0,603,-8,7590
2026-08-26T10:30Z,3191,3099,0,900,-528,1996,-514,904,-452,1006,674,0,1424,112,4717,0,0,553,-66,7549
2026-08-26T11:00Z,3171,3057,0,920,-458,1702,-514,946,-452,1008,862,0,1424,112,4713,0,0,541,-124,7348
2026-08-26T11:30Z,3242,2986,0,918,-524,1686,-514,946,-452,1008,864,0,1424,111,4715,0,0,576,-126,7298
2026-08-26T12:00Z,3265,2941,0,830,-532,1612,-506,890,-452,1008,756,0,1424,105,4711,0,0,649,-252,7326
2026-08-26T12:30Z,3284,2818,0,832,-506,1608,-514,888,-452,1008,756,0,1424,100,4711,0,0,570,-130,7529
2026-08-26T13:00Z,3294,2814,0,942,-482,1552,-514,870,-452,1008,668,0,1424,136,4718,0,0,566,-174,7486
2026-08-26T13:30Z,3255,2897,0,948,-448,1540,-514,868,-452,1016,664,0,1424,213,4722,0,0,649,-418,6993
2026-08-26T14:00Z,3213,3108,0,912,-414,1120,-502,836,-452,1018,412,0,1424,231,4716,0,0,636,-210,7098
2026-08-26T14:30Z,3192,3574,0,906,-460,1106,-488,832,-452,1018,408,0,1420,241,4721,0,0,694,-66,7039
2026-08-26T15:00Z,3195,4458,0,782,-436,1358,-478,780,-452,986,256,0,1302,211,4726,0,0,656,-10,6969
2026-08-26T15:30Z,3219,5926,0,752,-528,1352,-514,766,-452,986,248,0,1292,172,4728,6,0,623,-8,6953
2026-08-26T16:00Z,3201,7495,0,242,-532,692,-514,530,-452,1018,-164,0,1368,301,4721,8,0,1031,462,7057
2026-08-26T16:30Z,3195,7939,0,200,-532,628,-514,484,-452,1018,-174,0,1374,312,4726,8,0,1681,580,7223
2026-08-26T17:00Z,3193,8405,0,-262,-532,-196,-514,-294,-452,940,-376,0,1420,392,4717,8,0,3415,836,7538
2026-08-26T17:30Z,3198,9063,0,-250,-532,-254,-514,-310,-452,938,-376,0,1422,456,4722,79,0,3364,690,8208
2026-08-26T18:00Z,3198,8924,0,426,-532,-594,-514,146,-452,926,-108,0,1422,456,4721,63,0,2277,746,9065
2026-08-26T18:30Z,3198,8841,0,448,-532,-592,-514,170,-452,926,-84,0,1422,433,4714,28,0,2448,886,9184
2026-08-26T19:00Z,3160,9051,0,312,-532,282,-514,238,-452,1018,576,0,1422,335,4711,9,0,1235,548,9093
2026-08-26T19:30Z,3175,8925,0,306,-532,358,-514,242,-452,1018,582,0,1422,321,4714,9,0,782,318,9119
2026-08-26T20:00Z,3188,8581,0,312,-532,138,-514,236,-452,1018,-2,0,1422,293,4719,1,0,828,224,9267
2026-08-26T20:30Z,3198,8102,0,310,-532,134,-514,230,-452,1020,-18,0,1422,293,4723,0,0,364,182,9366
2026-08-26T21:00Z,3219,7488,0,228,-532,212,-514,72,-452,1016,102,0,1422,277,4717,0,0,352,6,9568
2026-08-26T21:30Z,3218,6502,0,220,-532,230,-514,66,-452,1006,104,0,1404,267,4718,0,0,177,2,9502
2026-08-26T22:00Z,3282,5027,0,128,-458,812,-514,104,-452,856,110,0,1002,293,4717,0,0,291,-16,9694
2026-08-26T22:30Z,3290,4362,0,124,-356,838,-514,102,-452,850,110,0,988,232,4722,0,0,184,-16,9860
2026-08-26T23:00Z,3307,4091,0,88,-242,792,-514,30,-390,734,252,0,1114,168,4722,0,0,214,-16,10250
2026-08-26T23:30Z,3296,3660,0,86,-224,784,-514,30,-362,752,254,0,1128,162,4720,0,0,326,-76,10328
2026-08-27T00:00Z,3290,3537,0,86,-366,620,-514,106,-362,790,202,0,1294,162,4724,0,0,233,-136,10183
2026-08-27T00:30Z,3292,3250,0,88,-368,600,-514,104,-362,786,202,0,1294,161,4725,0,0,222,-136,10155
2026-08-27T01:00Z,3298,3362,0,138,-496,144,-514,2,-362,878,306,0,1118,162,4714,0,0,418,-134,10044
2026-08-27T01:30Z,3301,3593,0,126,-464,118,-514,-6,-362,900,302,0,1114,134,4712,0,0,288,-136,9792
2026-08-27T02:00Z,3260,3464,0,-182,-442,-138,-514,-92,-362,860,4,0,1248,130,4707,0,0,239,-134,9966
2026-08-27T02:30Z,3268,3418,0,-196,-340,-192,-514,-92,-362,856,-2,0,1240,130,4710,0,0,205,-360,9876
2026-08-27T03:00Z,3134,3587,0,-218,-262,-402,-514,-44,-362,578,-254,0,876,119,4705,0,0,217,-66,9681
2026-08-27T03:30Z,3129,3704,0,-234,-144,-414,-514,-62,-362,538,-258,0,868,120,4709,0,0,549,-6,9124
2026-08-27T04:00Z,3203,4501,0,-562,-16,-694,-472,-530,-298,102,-264,0,1060,218,4808,0,0,504,140,8443
2026-08-27T04:30Z,3286,5285,0,-572,0,-694,-514,-546,-282,102,-260,0,1068,240,4829,0,0,652,44,7775
2026-08-27T05:00Z,3271,5811,0,-526,-16,-290,-514,-420,-422,472,-26,0,1000,272,4824,0,0,898,62,7652
2026-08-27T05:30Z,3258,6131,0,-506,-114,-276,-514,-400,-446,512,-24,0,1014,290,4824,0,0,1991,134,7742
2026-08-27T06:00Z,3267,6908,0,-122,-28,-368,-514,-52,-374,1004,-208,0,1410,291,4825,0,0,1458,274,7554
2026-08-27T06:30Z,3243,7385,0,-66,-122,-336,-514,-18,-446,1018,-208,0,1428,388,4822,0,0,1898,368,7543
2026-08-27T07:00Z,3256,7516,0,756,-238,734,-514,376,-452,1036,-2,0,1428,387,4820,0,0,944,288,7424
2026-08-27T07:30Z,3255,7497,0,796,-370,874,-514,414,-452,1036,12,0,1428,347,4813,0,0,1512,654,7074
2026-08-27T08:00Z,3250,7140,0,894,-428,1720,-514,830,-452,1040,548,0,1428,320,4815,0,0,810,688,6964
2026-08-27T08:30Z,3255,7040,0,904,-368,1764,-514,850,-452,1042,564,0,1428,268,4812,9,0,807,590,6903
2026-08-27T09:00Z,3285,7037,0,992,-304,1708,-514,972,-452,1040,818,0,1428,344,4809,0,0,836,190,6733
2026-08-27T09:30Z,3279,7555,0,996,-378,1708,-514,992,-452,1040,818,0,1428,344,4799,0,0,770,-152,6594
2026-08-27T10:00Z,3266,7751,0,996,-464,1800,-514,990,-452,1046,626,0,1428,316,4851,0,0,980,-166,6565
2026-08-27T10:30Z,3255,7812,0,996,-532,1810,-514,990,-452,1048,630,0,1428,217,4902,6,0,1024,-132,6161
2026-08-27T11:00Z,3246,7444,0,996,-532,1992,-514,992,-452,1046,1010,0,1428,256,4907,13,0,1046,282,5675
2026-08-27T11:30Z,3259,7305,0,996,-532,2004,-514,992,-452,1046,1016,0,1428,280,4911,46,0,869,316,5454
2026-08-27T12:00Z,3261,7292,0,996,-532,2004,-514,992,-452,1042,1016,0,1428,261,4910,2,0,480,272,5403
2026-08-27T12:30Z,3255,7233,0,996,-532,2004,-514,992,-452,1042,1010,0,1428,220,4914,0,0,547,104,5285
2026-08-27T13:00Z,3253,7538,0,996,-532,2004,-514,992,-452,1036,646,0,1428,266,4900,0,0,607,202,5213
2026-08-27T13:30Z,3247,8154,0,994,-532,1976,-514,990,-452,1036,636,0,1428,323,4910,0,0,562,-10,5105
2026-08-27T14:00Z,3250,9063,0,928,-532,1094,-514,822,-452,1044,340,0,1424,256,4916,0,0,686,-12,5021
2026-08-27T14:30Z,3240,9465,0,916,-532,1034,-514,800,-452,1044,338,0,1424,270,4918,9,0,546,-8,5208
2026-08-27T15:00Z,3234,10179,0,716,-532,696,-514,634,-452,1044,556,0,1424,295,4702,11,0,545,-8,4790
2026-08-27T15:30Z,3253,10638,0,684,-532,678,-514,624,-452,1044,556,0,1424,324,4921,11,0,634,-8,4617
2026-08-27T16:00Z,3260,11026,0,144,-532,640,-514,588,-452,1044,290,0,1424,460,4919,11,0,778,724,4525
2026-08-27T16:30Z,3269,11658,0,116,-532,630,-514,566,-452,1044,280,0,1424,465,4920,11,0,870,840,4305
2026-08-27T17:00Z,3279,12956,0,14,-532,316,-514,128,-452,1042,-94,0,1424,514,4918,11,0,1668,810,3864
2026-08-27T17:30Z,3268,13524,0,10,-532,306,-514,114,-452,1044,-98,0,1424,563,4927,11,0,1936,960,3513
2026-08-27T18:00Z,3271,13530,0,10,-532,580,-514,234,-452,1044,92,0,1424,597,4926,10,0,1690,984,3301
2026-08-27T18:30Z,3289,13502,0,10,-532,606,-514,242,-452,1044,104,0,1424,602,4928,7,0,1717,876,3109
2026-08-27T19:00Z,3304,13416,0,22,-532,1052,-514,288,-452,1042,596,0,1424,591,4928,9,0,810,644,3170
2026-08-27T19:30Z,3301,13451,0,28,-532,1070,-514,294,-452,1044,600,0,1424,556,4923,11,0,771,300,3083
2026-08-27T20:00Z,3291,13436,0,158,-532,832,-514,374,-452,1042,208,0,1424,439,4921,11,0,809,406,3101
2026-08-27T20:30Z,3278,13060,0,162,-532,822,-514,380,-452,1042,200,0,1424,441,4920,18,0,658,350,2900
2026-08-27T21:00Z,3277,12835,0,144,-532,764,-514,196,-452,1042,280,0,1424,420,4926,30,0,645,0,2698
2026-08-27T21:30Z,3278,11490,0,156,-532,802,-514,198,-452,1042,270,0,1424,418,4927,4,0,423,44,2540
2026-08-27T22:00Z,3280,9958,0,422,-532,1810,-514,466,-452,1016,-232,0,1424,355,4924,0,0,255,72,2483
2026-08-27T22:30Z,3281,9336,0,448,-482,1870,-514,492,-452,1014,-236,0,1424,336,4920,15,0,294,14,2482
2026-08-27T23:00Z,3281,8331,0,788,-338,1786,-514,784,-452,922,196,0,1424,223,4924,20,0,243,112,2493
2026-08-27T23:30Z,3291,7692,0,808,-296,1784,-514,804,-452,922,212,0,1424,216,4923,20,0,287,-6,2355
2026-08-28T00:00Z,3286,6635,0,942,-162,1996,-514,982,-452,1036,624,0,1424,216,4933,20,0,181,-6,2500
2026-08-28T00:30Z,3289,5675,0,950,-166,2000,-514,980,-422,1036,632,0,1424,216,4931,20,0,213,-4,3408
2026-08-28T01:00Z,3287,5845,0,966,-320,1910,-514,736,-452,1032,776,0,1424,216,4928,20,0,270,34,3310
2026-08-28T01:30Z,3276,5804,0,944,-332,1902,-514,708,-452,1034,776,0,1424,216,4932,20,0,224,-200,3828
2026-08-28T02:00Z,3290,5272,0,472,-214,1698,-514,338,-436,1026,704,0,1424,189,4922,20,0,230,-238,4358
2026-08-28T02:30Z,3287,5245,0,446,-324,1670,-514,316,-342,1022,692,0,1424,186,4918,20,0,445,-70,3671
2026-08-28T03:00Z,3293,6228,0,324,-472,968,-514,208,-434,708,144,0,1424,185,4925,20,0,523,46,2649
2026-08-28T03:30Z,3290,6645,0,318,-432,918,-514,198,-452,696,128,0,1424,185,4921,20,0,330,-10,2673
2026-08-28T04:00Z,3294,6615,0,256,-370,566,-514,60,-452,270,-16,0,1424,291,4913,29,0,933,38,2940
2026-08-28T04:30Z,3295,6623,0,256,-392,552,-514,62,-452,286,-14,0,1424,319,4912,50,0,761,-20,3492
2026-08-28T05:00Z,3289,6537,0,346,-372,814,-514,234,-452,722,234,0,1424,426,4909,50,0,905,-20,4162
2026-08-28T05:30Z,3285,6643,0,374,-506,852,-514,260,-452,704,240,0,1424,436,4911,50,0,1309,-20,4264
2026-08-28T06:00Z,3293,6656,0,918,-532,1730,-514,684,-452,1032,486,0,1424,416,4915,50,0,600,-16,4538
2026-08-28T06:30Z,3246,6613,0,932,-532,1778,-514,714,-452,1038,490,0,1424,414,4912,50,0,1031,-16,4875
2026-08-28T07:00Z,3239,6503,0,712,-532,1708,-514,978,-452,1014,630,0,1418,354,4920,50,0,1012,-16,5572
2026-08-28T07:30Z,3237,6081,0,702,-532,1702,-514,992,-452,1008,624,0,1416,310,4918,50,0,755,-16,6047
2026-08-28T08:00Z,3240,5487,0,696,-532,1502,-514,992,-452,728,248,0,1396,206,4913,50,0,815,-16,6833
2026-08-28T08:30Z,3225,4959,0,696,-532,1498,-514,992,-452,726,242,0,1394,168,4928,50,0,655,-16,7246
2026-08-28T09:00Z,3174,3932,0,704,-532,1698,-514,992,-452,690,198,0,1328,123,4939,50,0,708,-14,7779
2026-08-28T09:30Z,3182,2632,0,716,-532,1706,-514,992,-452,632,176,0,1324,123,4938,50,0,834,10,8052
2026-08-28T10:00Z,3193,2257,0,986,-532,1758,-514,992,-452,-116,-516,0,1324,108,4938,50,0,961,110,8022
2026-08-28T10:30Z,3182,1787,0,996,-532,1764,-514,992,-452,-132,-538,0,1310,108,4496,50,0,1293,218,8023
2026-08-28T11:00Z,3192,1858,0,950,-532,1904,-514,992,-452,0,-628,0,958,159,4935,50,0,1240,162,7864
2026-08-28T11:30Z,3208,1878,0,946,-490,1910,-514,992,-452,0,-602,0,946,194,4928,50,0,1267,38,8305
2026-08-28T12:00Z,3181,1868,0,910,-530,1896,-514,992,-452,584,164,0,1070,109,4936,50,0,703,-608,8988
2026-08-28T12:30Z,3179,1786,0,912,-528,1896,-514,992,-452,662,192,0,1086,110,4935,50,0,595,-722,9361
2026-08-28T13:00Z,3235,1712,0,982,-532,1918,-514,992,-452,804,308,0,1302,133,4933,51,0,600,-706,9507
2026-08-28T13:30Z,3243,1745,0,980,-494,1918,-514,992,-452,802,310,0,1300,139,4927,50,0,640,-638,9782
2026-08-28T14:00Z,3164,1720,0,906,-532,1902,-514,992,-452,468,580,0,976,144,4935,50,0,742,-736,10311
2026-08-28T14:30Z,3003,1755,0,900,-510,1902,-514,992,-452,462,576,0,834,140,4932,50,0,754,-876,10892
2026-08-28T15:00Z,3079,1919,0,852,-376,1906,-514,990,-452,366,172,0,-672,189,4923,50,0,1175,-672,11222
2026-08-28T15:30Z,3251,2415,0,856,-268,1906,-514,986,-452,364,166,0,-808,175,4929,51,0,1122,-492,11733
2026-08-28T16:00Z,3250,3031,0,984,-378,1942,-514,872,-452,158,136,0,-784,201,4916,57,0,882,12,11768
2026-08-28T16:30Z,3228,4213,0,974,-512,1922,-514,852,-452,152,136,0,-756,207,4924,57,0,791,-18,11900
2026-08-28T17:00Z,3224,5013,0,656,-532,1228,-514,484,-452,0,290,0,-126,319,4917,57,0,1235,-16,11667
2026-08-28T17:30Z,3249,5055,0,632,-532,1166,-514,458,-452,0,290,0,-40,329,4915,61,0,1496,-16,11446
2026-08-28T18:00Z,3249,5223,0,438,-532,324,-514,244,-452,218,116,0,960,344,4914,58,0,1655,-16,11583
2026-08-28T18:30Z,3239,4971,0,432,-532,282,-514,234,-452,232,116,0,1034,345,4906,51,0,1647,-16,12085
2026-08-28T19:00Z,3252,4870,0,494,-532,410,-514,208,-452,558,234,0,1362,304,4883,50,0,1312,-16,12122
2026-08-28T19:30Z,3228,4924,0,494,-532,416,-514,206,-452,574,230,0,1378,269,4890,50,0,775,-14,11762
2026-08-28T20:00Z,3236,4975,0,412,-532,394,-514,134,-452,774,-84,0,1418,231,4887,50,0,636,-14,11341
2026-08-28T20:30Z,3227,4405,0,398,-532,388,-514,128,-452,784,-92,0,1420,212,4896,50,0,251,-12,11509
2026-08-28T21:00Z,3141,3652,0,180,-532,152,-514,64,-452,946,-358,0,1374,178,4896,50,0,446,-14,11826
2026-08-28T21:30Z,2972,2910,0,176,-532,142,-514,62,-452,950,-322,0,1372,178,4901,50,0,528,-16,11706
2026-08-28T22:00Z,2792,2042,0,286,-532,-284,-514,88,-452,926,564,0,1372,167,4896,50,0,472,-72,11630
2026-08-28T22:30Z,2832,1693,0,290,-532,-336,-514,84,-452,926,608,0,1372,165,4899,50,0,321,42,11635
2026-08-28T23:00Z,2971,1635,0,248,-532,-632,-514,-20,-452,1036,932,0,1388,135,4900,50,0,257,-348,11783
2026-08-28T23:30Z,3054,1624,0,246,-532,-626,-514,-4,-452,1036,938,0,1386,135,4896,50,0,341,-420,11530
2026-08-29T00:00Z,3025,1606,0,274,-532,98,-514,478,-426,966,906,0,1280,136,4901,50,0,169,-894,11490
2026-08-29T00:30Z,2700,1612,0,260,-532,176,-514,504,-422,966,906,0,1274,135,4900,50,0,185,-998,11436
2026-08-29T01:00Z,2570,1605,0,-56,-532,696,-514,580,-422,1028,930,0,1262,124,4904,50,0,200,-998,11158
2026-08-29T01:30Z,2298,1558,0,-48,-532,734,-514,584,-422,1028,930,0,1262,123,4902,50,0,212,-990,10860
2026-08-29T02:00Z,2110,1433,0,414,-532,1048,-514,578,-422,1020,754,0,1268,123,4899,50,0,306,-988,10518
2026-08-29T02:30Z,2094,1423,0,434,-532,1054,-514,578,-422,1020,754,0,1274,123,4896,50,0,245,-988,10030
2026-08-29T03:00Z,2095,1415,0,472,-532,706,-514,548,-422,1036,782,0,1414,119,4894,50,0,229,-988,9815
2026-08-29T03:30Z,2095,1398,0,472,-532,694,-514,546,-422,1036,782,0,1418,105,4900,50,0,189,-992,9691
2026-08-29T04:00Z,2099,1410,0,456,-532,998,-514,540,-422,962,830,0,1338,106,4889,50,0,243,-978,9341
2026-08-29T04:30Z,2100,1422,0,464,-532,1032,-514,556,-422,960,830,0,1330,106,4885,50,0,338,-910,8277
2026-08-29T05:00Z,2152,1428,0,618,-532,1576,-514,912,-448,910,664,0,1264,106,4886,50,0,346,-806,7692
2026-08-29T05:30Z,2591,1425,0,636,-532,1622,-514,936,-452,910,666,0,1266,120,4885,50,0,748,-804,7187
2026-08-29T06:00Z,3098,1571,0,830,-532,1902,-514,988,-452,1044,944,0,1416,103,4893,50,0,480,-814,6551
2026-08-29T06:30Z,3259,2093,0,836,-532,1914,-514,992,-452,1046,948,0,1426,103,4888,50,0,305,-352,6447
2026-08-29T07:00Z,3287,2973,0,804,-532,1856,-514,992,-452,1030,950,0,1426,103,4884,50,0,519,-334,6265
2026-08-29T07:30Z,3227,3727,0,810,-532,1854,-514,992,-452,1028,948,0,1426,104,4890,50,0,483,-314,6128
2026-08-29T08:00Z,3230,4243,0,942,-532,1854,-514,990,-452,1026,726,0,1426,162,4891,50,0,729,-132,5992
2026-08-29T08:30Z,3222,4554,0,946,-532,1854,-514,992,-452,1026,724,0,1424,257,4897,50,0,670,-12,5750
2026-08-29T09:00Z,3222,4734,0,902,-532,1854,-514,990,-452,1036,772,0,1424,258,4896,50,0,1027,-12,5309
2026-08-29T09:30Z,3245,5052,0,898,-532,1850,-514,992,-452,1036,774,0,1424,260,4907,50,0,946,-12,5147
2026-08-29T10:00Z,3230,5406,0,852,-532,1710,-514,992,-452,1046,918,0,1424,277,4909,50,0,642,-12,4891
2026-08-29T10:30Z,3213,5513,0,846,-532,1704,-514,992,-452,1044,918,0,1424,282,4910,50,0,697,-12,4864
2026-08-29T11:00Z,3155,5532,0,758,-532,1704,-514,992,-452,1038,872,0,1424,258,4909,50,0,749,98,4820
2026-08-29T11:30Z,3107,5483,0,756,-532,1704,-514,992,-452,1038,872,0,1424,257,4914,50,0,586,278,4751
2026-08-29T12:00Z,3189,5586,0,802,-532,1752,-514,992,-452,1036,726,0,1424,238,4910,50,0,647,290,4874
2026-08-29T12:30Z,3191,5308,0,802,-532,1754,-514,992,-452,1036,724,0,1424,157,4921,50,0,637,332,4756
2026-08-29T13:00Z,3201,5337,0,756,-532,1706,-514,992,-452,1036,706,0,1424,139,4916,50,0,637,220,4383
2026-08-29T13:30Z,3170,5429,0,752,-532,1704,-514,992,-452,1036,706,0,1424,140,4920,50,0,785,112,4333
2026-08-29T14:00Z,3172,5614,0,706,-486,1706,-514,992,-452,1042,706,0,1424,158,4921,50,0,578,-10,4446
2026-08-29T14:30Z,3164,5929,0,704,-492,1706,-514,992,-452,1042,706,0,1424,176,4927,50,0,463,-12,4415
2026-08-29T15:00Z,3155,6513,0,704,-482,1704,-510,992,-452,1040,706,0,1424,305,4932,50,0,486,-12,4050
2026-08-29T15:30Z,3160,7038,0,708,-532,1704,-514,992,-452,1038,706,0,1424,295,4926,50,0,620,388,3854
2026-08-29T16:00Z,3193,7565,0,800,-532,1704,-514,992,-452,1038,704,0,1424,382,4927,50,0,701,412,3901
2026-08-29T16:30Z,3220,7412,0,802,-532,1704,-514,992,-452,1038,704,0,1424,383,4926,50,0,1473,512,4114
2026-08-29T17:00Z,3182,7717,0,756,-532,1704,-514,992,-452,1038,704,0,1424,449,4941,50,0,1483,382,4145
2026-08-29T17:30Z,3170,7828,0,754,-532,1704,-514,992,-452,1038,704,0,1424,452,4935,50,0,1630,368,3986
2026-08-29T18:00Z,3165,7779,0,776,-532,1708,-514,992,-452,1038,730,0,1424,462,4941,50,0,1340,368,3981
2026-08-29T18:30Z,3171,7901,0,774,-532,1708,-514,992,-452,1038,730,0,1424,453,4942,50,0,1113,236,4260
2026-08-29T19:00Z,3162,8054,0,708,-532,1706,-514,992,-452,1038,704,0,1426,448,4937,50,0,1210,284,4669
2026-08-29T19:30Z,3165,7766,0,706,-532,1706,-514,992,-452,1038,704,0,1428,430,4936,50,0,677,326,4967
2026-08-29T20:00Z,3172,7201,0,728,-532,1706,-514,992,-452,1038,780,0,1428,419,4933,50,0,363,260,5179
2026-08-29T20:30Z,3174,6480,0,728,-532,1706,-514,992,-452,1038,780,0,1428,374,4934,50,0,429,-8,5214
2026-08-29T21:00Z,3167,5017,0,708,-532,1706,-514,992,-452,1038,802,0,1428,354,4936,50,0,489,-8,5320
2026-08-29T21:30Z,3156,4384,0,706,-532,1706,-514,992,-452,1038,802,0,1428,267,4935,50,0,547,-8,5302
2026-08-29T22:00Z,3168,3906,0,704,-532,1706,-514,992,-452,1004,802,0,1426,180,4939,50,0,580,-8,5073
2026-08-29T22:30Z,3168,3158,0,704,-530,1706,-514,992,-452,1002,802,0,1424,180,4932,50,0,1005,62,4544
2026-08-29T23:00Z,3165,2954,0,706,-532,1708,-514,992,-390,1018,802,0,1424,178,4934,50,0,1012,364,4323
2026-08-29T23:30Z,3195,2956,0,706,-532,1708,-514,992,-362,1020,802,0,1424,187,4939,50,0,640,368,4195
2026-08-30T00:00Z,3179,2958,0,744,-426,1812,-514,992,-362,1020,706,0,1424,251,4932,50,0,648,362,4026
2026-08-30T00:30Z,3173,2977,0,746,-338,1814,-514,992,-362,1020,706,0,1424,254,4942,50,0,525,70,3741
2026-08-30T01:00Z,3175,2987,0,746,-458,1768,-514,992,-362,1022,730,0,1424,261,4943,50,0,332,134,3659
2026-08-30T01:30Z,3168,2864,0,746,-428,1766,-514,992,-362,1022,730,0,1424,261,4949,50,0,255,22,3659
2026-08-30T02:00Z,3165,2550,0,772,-400,1786,-514,992,-362,1024,730,0,1424,158,4947,50,0,279,-6,3589
2026-08-30T02:30Z,3171,2517,0,772,-358,1788,-514,992,-362,1022,730,0,1424,131,4947,50,0,205,-6,3652
2026-08-30T03:00Z,3174,2465,0,768,-490,1792,-514,992,-362,1024,730,0,1424,125,4942,50,0,214,-6,3702
2026-08-30T03:30Z,3167,2651,0,764,-446,1790,-514,992,-362,1024,730,0,1424,125,4946,50,0,259,-6,3821
2026-08-30T04:00Z,3176,2651,0,706,-492,1710,-514,992,-362,1024,850,0,1424,123,4944,50,0,207,-6,3882
2026-08-30T04:30Z,3175,2216,0,704,-522,1706,-514,992,-362,1024,852,0,1424,123,4941,50,0,207,-14,3941
2026-08-30T05:00Z,3183,1857,0,704,-462,1706,-514,992,-362,1026,874,0,1424,122,4935,50,0,245,-14,3699
2026-08-30T05:30Z,3183,1982,0,718,-430,1710,-514,986,-362,1026,874,0,1424,121,4932,50,0,262,-12,3329
2026-08-30T06:00Z,3185,2164,0,986,-278,1926,-514,828,-382,1042,708,0,1424,218,4931,50,0,328,-12,2970
2026-08-30T06:30Z,3221,2199,0,992,-218,1934,-514,828,-414,1042,706,0,1424,239,4934,50,0,500,-12,2844
2026-08-30T07:00Z,3237,1947,0,878,-362,1948,-514,984,-452,1038,832,0,1424,239,4933,50,0,976,-12,2739
2026-08-30T07:30Z,3237,1859,0,874,-500,1950,-514,988,-452,1038,832,0,1424,241,4936,50,0,1471,-12,2465
2026-08-30T08:00Z,3228,1732,0,874,-532,1982,-514,920,-452,1038,846,0,1424,263,4936,50,0,1475,106,2300
2026-08-30T08:30Z,3220,1870,0,878,-528,1984,-514,920,-452,1038,846,0,1424,360,4938,50,0,1288,224,2127
2026-08-30T09:00Z,3215,1912,0,956,-532,1964,-514,988,-452,1038,852,0,1424,391,4953,50,0,946,222,2180
2026-08-30T09:30Z,3216,1786,0,958,-492,1962,-514,992,-452,1038,852,0,1424,382,4951,50,0,711,522,1968
2026-08-30T10:00Z,3216,1816,0,960,-520,1964,-514,992,-452,1038,852,0,1424,187,4946,50,0,918,706,1892
2026-08-30T10:30Z,3214,1789,0,960,-532,1964,-514,992,-452,1038,854,0,1424,185,4951,50,0,856,750,1959
2026-08-30T11:00Z,3236,2104,0,994,-528,2002,-514,992,-452,1036,1014,0,1424,139,4947,50,0,842,832,1914
2026-08-30T11:30Z,3237,2362,0,996,-532,2000,-514,992,-452,1036,1014,0,1424,137,4952,50,0,688,758,2118
2026-08-30T12:00Z,3219,2905,0,996,-532,1860,-514,992,-452,1036,776,0,1424,121,4950,50,0,704,670,2299
2026-08-30T12:30Z,3219,3138,0,996,-532,1854,-514,992,-452,1036,774,0,1424,120,4950,50,0,601,396,2484
2026-08-30T13:00Z,3220,3072,0,998,-532,1854,-514,992,-452,1036,754,0,1424,120,4951,50,0,555,654,2759
2026-08-30T13:30Z,3225,3318,0,994,-532,1856,-514,992,-452,1036,754,0,1424,120,4956,50,0,655,46,3401
2026-08-30T14:00Z,3228,3587,0,930,-532,1968,-514,992,-452,1038,704,0,1424,121,4953,50,0,596,-12,4272
2026-08-30T14:30Z,3224,4350,0,930,-510,1972,-514,992,-452,1036,704,0,1424,121,4948,50,0,535,82,4517
2026-08-30T15:00Z,3235,5152,0,962,-406,1938,-514,992,-452,1036,704,0,1424,121,4955,50,0,386,-10,4880
2026-08-30T15:30Z,3222,5941,0,962,-500,1938,-514,992,-452,1036,704,0,1424,131,4952,50,0,415,-10,5387
2026-08-30T16:00Z,3224,6283,0,934,-532,1968,-514,992,-452,1036,706,0,1420,157,4948,50,0,431,-10,5880
2026-08-30T16:30Z,3221,6497,0,936,-532,1968,-514,992,-452,1030,704,0,1386,163,4953,50,0,442,-18,6759
2026-08-30T17:00Z,3224,6557,0,994,-532,1858,-514,992,-452,662,488,0,616,434,4944,50,0,756,534,6611
2026-08-30T17:30Z,3199,6538,0,984,-532,1850,-514,980,-452,646,484,0,530,475,4952,50,0,611,470,6703
2026-08-30T18:00Z,3181,6733,0,708,-532,1624,-514,748,-452,282,402,0,-380,426,4946,50,0,1887,470,7425
2026-08-30T18:30Z,3183,7155,0,692,-532,1598,-514,724,-452,274,400,0,-434,370,4946,50,0,1652,442,7398
2026-08-30T19:00Z,3183,7696,0,568,-532,964,-514,440,-452,208,306,0,-434,506,4948,50,0,2213,482,7165
2026-08-30T19:30Z,3199,7507,0,558,-520,934,-514,420,-452,220,306,0,-424,428,4952,50,0,1244,426,7607
2026-08-30T20:00Z,3181,7063,0,462,-398,1152,-514,294,-452,290,292,0,-224,410,4955,50,0,858,398,8172
2026-08-30T20:30Z,3181,6925,0,460,-246,1164,-514,294,-390,280,290,0,-226,378,4948,50,0,584,386,8013
2026-08-30T21:00Z,3183,6837,0,514,-94,1414,-496,410,-262,0,32,0,-504,371,4954,50,0,372,66,7552
2026-08-30T21:30Z,3186,6457,0,536,0,1438,-362,436,-112,0,30,0,-508,365,4950,50,0,425,64,7136
2026-08-30T22:00Z,3185,4808,0,940,0,1904,-362,938,-90,-278,40,0,-310,245,4952,50,0,371,34,7019
2026-08-30T22:30Z,3182,3548,0,960,0,1928,-448,962,-20,-278,40,0,-296,223,4954,50,0,441,12,7083
2026-08-30T23:00Z,3184,3492,0,994,0,1906,-314,990,-20,172,130,0,-174,226,4945,50,0,430,60,6785
2026-08-30T23:30Z,3181,3010,0,996,0,1900,-162,992,0,180,132,0,-184,202,4944,50,0,287,-8,5917
2026-08-31T00:00Z,3198,2501,0,996,0,1716,-58,992,0,324,224,0,-524,181,4937,50,0,525,-8,6000
2026-08-31T00:30Z,3185,2499,0,988,0,1706,-22,992,0,328,228,0,-550,181,4934,50,0,602,-6,5913
2026-08-31T01:00Z,3168,2367,0,808,0,1704,-134,992,-26,552,522,0,-784,179,4938,50,0,366,-6,6047
2026-08-31T01:30Z,2928,2209,0,796,0,1704,-44,992,0,556,526,0,-788,158,4939,50,0,279,-8,6090
2026-08-31T02:00Z,2608,2388,0,706,0,1706,0,992,0,728,640,0,-634,131,4934,50,0,349,-10,6125
2026-08-31T02:30Z,2606,2244,0,702,0,1706,0,992,0,730,640,0,-636,126,4943,50,0,268,-124,6057
2026-08-31T03:00Z,2597,2252,0,702,0,1706,-82,992,0,718,630,0,-864,141,4944,50,0,343,-298,5921
2026-08-31T03:30Z,2591,2312,0,700,0,1706,-76,992,0,638,604,0,-880,144,4938,50,0,376,-286,5614
2026-08-31T04:00Z,2570,2365,0,678,0,1706,36,978,0,-102,-116,0,-1014,126,4941,50,0,596,-10,5550
2026-08-31T04:30Z,2581,2414,0,676,0,1704,0,968,38,-104,-142,0,-1016,133,4937,50,0,725,-14,5434
2026-08-31T05:00Z,2606,2456,0,616,0,1510,-74,710,0,-254,-236,0,-896,193,4946,50,0,1732,-14,5686
2026-08-31T05:30Z,2597,2560,0,614,-16,1502,-226,696,-58,-248,-214,0,-858,190,4939,50,0,1831,-16,5930
2026-08-31T06:00Z,2588,2208,0,658,-144,1496,-378,636,-134,344,488,0,-168,297,4943,50,0,854,-14,6549
2026-08-31T06:30Z,2462,2149,0,668,-210,1498,-488,646,-242,378,512,0,-124,301,4942,50,0,927,-14,7161
2026-08-31T07:00Z,2073,1990,0,860,-352,1722,-514,938,-250,862,520,0,152,282,4942,50,0,497,-12,7401
2026-08-31T07:30Z,1785,1797,0,862,-378,1730,-514,952,-250,876,520,0,152,178,4947,50,0,761,-14,7963
2026-08-31T08:00Z,1785,1668,0,712,-506,1704,-514,990,-324,1048,722,0,-202,165,4948,50,0,947,-642,8064
2026-08-31T08:30Z,1782,1485,0,706,-532,1706,-514,992,-442,1050,722,0,-254,162,4950,50,0,952,-720,8302
2026-08-31T09:00Z,1789,1274,0,708,-532,1840,-514,992,-452,1042,724,0,-1062,104,4944,50,0,1427,-712,8273
2026-08-31T09:30Z,1784,1189,0,710,-532,1844,-514,992,-452,1042,724,0,-1114,92,4944,50,0,1308,-856,8501
2026-08-31T10:00Z,1788,1204,0,760,-532,1750,-514,992,-452,1046,724,0,-1432,98,4950,50,0,1074,-890,8910
2026-08-31T10:30Z,1786,1219,0,768,-532,1744,-514,986,-452,1046,724,0,-1440,97,4956,50,0,815,-884,8809
2026-08-31T11:00Z,1787,1223,0,878,-532,1706,-514,892,-452,1046,746,0,-1286,95,4960,50,0,737,-886,8844
2026-08-31T11:30Z,1783,1205,0,886,-532,1704,-514,886,-452,1046,748,0,-1274,92,4963,50,0,800,-1000,9072
2026-08-31T12:00Z,1778,1217,0,964,-532,1704,-514,878,-452,1044,914,0,-1152,93,4952,50,0,786,-848,8889
2026-08-31T12:30Z,1772,1213,0,966,-532,1706,-514,880,-452,1044,916,0,-1134,98,4959,50,0,987,-948,8797
2026-08-31T13:00Z,1772,1239,0,930,-532,1784,-440,884,-378,1038,894,0,-826,106,4962,50,0,658,-1010,9097
2026-08-31T13:30Z,1772,1327,0,918,-532,1792,-324,888,-260,1038,896,0,-786,108,4958,50,0,419,-1000,9272
2026-08-31T14:00Z,1770,1556,0,710,-532,1910,-314,988,-252,1044,886,0,-214,107,4960,50,0,560,-1000,9415
2026-08-31T14:30Z,1772,2086,0,712,-532,1916,-322,992,-292,1044,886,0,-194,113,4961,50,0,565,-994,9455
2026-08-31T15:00Z,1798,2997,0,938,-532,2000,-436,992,-376,1038,706,0,-342,121,4954,50,0,421,-992,9400
2026-08-31T15:30Z,1808,3768,0,950,-532,2004,-514,992,-452,1036,704,0,-338,121,4955,50,0,487,-498,9385
2026-08-31T16:00Z,1778,4738,0,994,-532,2004,-514,990,-452,820,780,0,-74,121,4949,50,0,649,-246,8726
2026-08-31T16:30Z,1849,5521,0,970,-532,1974,-514,962,-452,816,772,0,-50,128,4957,54,0,552,-284,8307
2026-08-31T17:00Z,2389,6604,0,428,-532,1064,-514,334,-452,690,334,0,242,227,4953,57,0,1422,-32,8489
2026-08-31T17:30Z,2848,6957,0,408,-532,1000,-514,300,-452,636,324,0,264,238,4950,57,0,1780,192,8435
2026-08-31T18:00Z,3140,6950,0,476,-532,522,-458,214,-452,102,262,0,444,385,4954,57,0,2290,594,8578
2026-08-31T18:30Z,3261,6990,0,476,-532,508,-454,212,-452,102,262,0,482,392,4952,57,0,2546,602,8349
2026-08-31T19:00Z,3216,6950,0,390,-532,868,-446,254,-452,294,326,0,1154,342,4952,57,0,1658,592,8071
2026-08-31T19:30Z,3230,6806,0,382,-532,886,-514,254,-452,312,330,0,1192,389,4946,51,0,1097,554,8707
2026-08-31T20:00Z,3244,6593,0,278,-532,764,-488,206,-452,844,600,0,1340,283,4945,50,0,622,530,8749
2026-08-31T20:30Z,3253,6151,0,272,-532,766,-360,202,-448,858,590,0,1346,259,4952,50,0,412,372,8538
2026-08-31T21:00Z,3274,5515,0,232,-532,1082,-338,148,-452,646,36,0,1298,274,4951,20,0,521,6,8557
2026-08-31T21:30Z,3288,5050,0,240,-464,1092,-270,144,-452,642,24,0,1300,273,4955,0,0,344,-6,8416
2026-08-31T22:00Z,3298,3320,0,404,-354,792,-308,160,-388,646,326,0,1384,224,4958,0,0,290,-6,8483
2026-08-31T22:30Z,3287,2174,0,412,-202,794,-372,164,-260,646,328,0,1390,225,4952,0,0,440,-6,8578
2026-08-31T23:00Z,3252,2051,0,422,-52,1326,-490,254,-298,744,212,0,1372,225,4958,0,0,411,-6,8547
2026-08-31T23:30Z,3236,2055,0,422,0,1352,-514,264,-176,746,212,0,1370,225,4969,0,0,172,-6,8620
