timestamp,NSW1_demand,NSW1_price,QLD1_demand,QLD1_price,VIC1_demand,VIC1_price,SA1_demand,SA1_price,TAS1_demand,TAS1_price
2026-08-01T00:00Z,8312.4,65.0,4721.54,-3.0,5758.47,60.27,1125.75,56.2,1168.37,56.34
2026-08-01T00:05Z,8226.54,65.0,4638.68,-2.5,5649.9,25.94,1090.21,24.56,1166.63,25.22
2026-08-01T00:10Z,8388.23,65.0,4571.48,-2.15,5655.75,14.89,1074.72,14.19,1147.07,14.91
2026-08-01T00:15Z,8354.62,68.02,4444.47,-2.5,5558.73,10.5,1044.05,9.92,1132.99,10.71
2026-08-01T00:20Z,8222.55,65.0,4512.11,-5.0,5571.65,10.5,1021.63,9.88,1136.34,10.74
2026-08-01T00:25Z,8144.51,65.0,4480.73,-1.49,5397.52,1.42,994.94,1.33,1116.58,2.04
2026-08-01T00:30Z,8129.26,50.88,4457.46,0.0,5394.67,3.57,968.73,3.37,1110.08,4.11
2026-08-01T00:35Z,8242.65,69.99,4377.15,-2.5,5307.84,10.5,940.44,9.15,1097.55,10.27
2026-08-01T00:40Z,8070.73,65.0,4450.58,-1.49,5257.43,10.5,948.18,9.86,1097.29,10.4
2026-08-01T00:45Z,7965.26,61.02,4481.75,-1.49,5110.15,1.42,912.49,1.35,1093.35,0.16
2026-08-01T00:50Z,7876.02,42.54,4454.73,-1.31,4970.42,0.08,913.52,-1.07,1081.11,0.08
2026-08-01T00:55Z,7971.5,65.0,4488.3,0.0,4940.8,8.81,931.01,8.52,1061.04,0.16
2026-08-01T01:00Z,7745.85,111.02,4494.16,0.0,4888.86,-4.4,886.5,-4.1,1063.9,0.08
2026-08-01T01:05Z,7645.16,111.02,4405.76,0.0,4828.17,-1.16,862.38,-1.1,1051.21,-1.22
2026-08-01T01:10Z,7826.47,114.05,4627.03,0.0,4922.61,0.0,869.53,0.0,1041.05,0.0
2026-08-01T01:15Z,7899.43,101.1,4570.73,0.13,4892.2,0.01,841.85,0.1,1032.98,0.01
2026-08-01T01:20Z,7836.37,110.64,4557.97,2.79,4812.75,-2.99,831.57,-2.95,1027.18,-3.13
2026-08-01T01:25Z,7817.86,73.2,4705.28,2.8,4706.31,-2.99,823.96,-0.17,1023.66,-3.13
2026-08-01T01:30Z,7803.28,80.0,4696.48,2.79,4657.18,-1.1,821.1,0.43,1022.9,-1.16
2026-08-01T01:35Z,7822.2,93.03,4651.12,0.73,4649.08,0.0,795.01,0.0,1012.56,0.0
2026-08-01T01:40Z,7723.42,88.88,4698.23,5.3,4586.21,-2.99,788.86,-2.92,1011.08,-3.16
2026-08-01T01:45Z,7705.1,88.88,4648.61,6.81,4498.28,-3.5,772.5,-3.37,1001.48,-3.69
2026-08-01T01:50Z,7692.69,84.79,4597.14,0.73,4438.19,-2.99,776.24,-1.1,995.37,-3.14
2026-08-01T01:55Z,7695.78,80.0,4610.01,0.73,4437.96,0.0,781.58,0.43,987.01,0.0
2026-08-01T02:00Z,7698.07,80.0,4635.46,6.81,4346.84,-1.48,774.18,-1.1,986.48,-1.56
2026-08-01T02:05Z,7598.89,73.2,4624.81,6.83,4291.8,-0.36,764.93,0.43,986.24,-0.38
2026-08-01T02:10Z,7720.87,27.88,4636.19,0.73,4200.77,0.0,743.14,0.0,997.72,0.0
2026-08-01T02:15Z,7817.67,7.38,4696.97,6.83,4142.18,0.08,715.6,0.07,997.39,0.08
2026-08-01T02:20Z,7746.98,27.88,4656.15,6.83,4099.4,0.04,692.86,0.04,996.99,0.04
2026-08-01T02:25Z,7676.9,13.2,4628.67,7.57,4030.59,0.07,672.28,0.07,997.74,0.07
2026-08-01T02:30Z,7806.51,68.02,4629.78,13.27,4007.88,0.07,672.29,0.07,1000.87,0.07
2026-08-01T02:35Z,7579.28,27.87,4537.72,6.7,4007.43,0.08,652.14,0.07,998.27,0.08
2026-08-01T02:40Z,7613.15,47.16,4536.29,6.81,3965.13,0.01,656.19,0.01,1003.5,0.01
2026-08-01T02:45Z,7608.53,64.89,4559.73,26.81,3947.94,0.07,692.02,0.07,993.14,0.07
2026-08-01T02:50Z,7504.94,68.02,4539.57,26.81,3944.14,0.0,655.74,0.0,992.36,0.0
2026-08-01T02:55Z,7531.91,52.21,4542.02,27.88,3899.7,-1.1,650.29,-1.07,987.82,-1.16
2026-08-01T03:00Z,7617.85,73.08,4534.48,26.81,3789.62,-5.0,664.54,-4.63,984.78,-5.29
2026-08-01T03:05Z,7587.79,73.07,4518.38,26.81,3892.43,0.45,663.43,0.43,983.57,0.46
2026-08-01T03:10Z,7564.29,26.02,4535.51,7.59,3830.68,-1.1,639.87,-1.03,989.37,-1.16
2026-08-01T03:15Z,7688.68,64.89,4534.28,40.1,3818.38,-1.1,654.15,-1.09,990.48,-1.16
2026-08-01T03:20Z,7536.43,111.02,4553.54,43.01,3888.85,-6.5,627.2,-6.0,974.23,-6.81
2026-08-01T03:25Z,7368.09,92.89,4594.63,43.01,3898.09,-6.5,646.48,-1.1,982.63,-6.81
2026-08-01T03:30Z,7430.31,100.09,4580.72,39.75,3921.53,-6.5,629.23,-6.0,980.62,-6.81
2026-08-01T03:35Z,7375.41,83.99,4582.51,43.36,3826.52,-6.5,637.58,-1.1,985.47,-6.88
2026-08-01T03:40Z,7426.55,84.79,4696.85,46.72,3830.55,-6.51,613.02,-6.0,984.95,-6.87
2026-08-01T03:45Z,7486.37,83.99,4625.94,48.0,3894.64,-6.5,644.41,-1.1,989.8,-6.86
2026-08-01T03:50Z,7513.42,84.79,4653.17,45.54,3876.42,-7.74,575.49,-7.66,990.13,-8.19
2026-08-01T03:55Z,7472.16,80.0,4699.27,43.73,3843.21,-7.51,601.17,-7.51,998.65,-7.95
2026-08-01T04:00Z,7512.51,84.79,4690.38,50.0,3931.71,-6.5,606.98,-6.0,998.57,-6.88
2026-08-01T04:05Z,7390.55,77.02,4776.61,64.57,3909.57,-6.01,594.84,-6.05,1004.44,-6.4
2026-08-01T04:10Z,7376.25,80.0,4795.14,53.75,3842.13,-7.03,617.47,-7.01,1003.55,-7.48
2026-08-01T04:15Z,7364.06,73.2,4837.78,43.36,3763.13,-12.75,601.7,-12.67,1010.11,-9.98
2026-08-01T04:20Z,7383.59,73.2,4877.15,61.41,3801.17,-6.51,596.29,-6.49,1015.87,-6.05
2026-08-01T04:25Z,7344.83,73.2,4912.58,63.41,3927.72,-6.5,572.55,0.33,1017.87,-3.52
2026-08-01T04:30Z,7393.64,50.87,4952.45,46.98,3915.89,-3.5,517.6,-3.51,1016.22,-3.72
2026-08-01T04:35Z,7482.38,43.73,5047.44,43.36,3943.67,-6.0,525.78,-5.71,1023.97,-6.21
2026-08-01T04:40Z,7560.79,47.59,5066.81,43.73,3977.72,-6.01,558.36,-5.73,1026.9,-6.22
2026-08-01T04:45Z,7583.76,52.34,5086.01,47.21,4016.67,-5.0,544.38,-4.84,1024.43,-5.16
2026-08-01T04:50Z,7570.38,61.02,5114.01,55.53,4056.27,-2.99,537.74,-2.81,1019.13,-3.16
2026-08-01T04:55Z,7522.06,61.02,5185.23,55.53,4035.8,-3.5,509.47,-3.29,1027.25,-3.73
2026-08-01T05:00Z,7574.6,58.71,5288.16,53.75,4077.15,-5.0,533.1,-4.74,1029.57,-5.32
2026-08-01T05:05Z,7590.16,54.19,5385.89,50.0,4119.72,-6.5,559.28,-6.07,1024.28,-6.9
2026-08-01T05:10Z,7735.88,50.88,5360.07,47.23,4133.64,-5.0,595.09,-4.73,1032.44,-5.32
2026-08-01T05:15Z,7774.46,72.32,5496.67,67.23,4185.71,-6.01,579.46,-5.66,1030.89,-6.4
2026-08-01T05:20Z,7721.74,70.89,5561.03,67.23,4318.44,-3.5,608.58,-3.32,1040.54,-3.35
2026-08-01T05:25Z,7856.44,57.39,5631.73,55.53,4403.75,-3.5,611.78,-3.32,1037.57,-3.72
2026-08-01T05:30Z,8023.49,46.74,5674.0,45.54,4411.77,-3.5,620.27,-3.33,1045.39,-3.02
2026-08-01T05:35Z,8020.74,45.39,5785.65,43.73,4583.38,-1.15,652.63,-1.08,1050.71,-1.22
2026-08-01T05:40Z,8196.61,80.93,5803.78,70.0,4654.15,-6.25,657.89,-6.0,1057.55,-1.93
2026-08-01T05:45Z,8194.36,81.85,5900.95,70.0,4648.1,-6.5,717.34,-6.33,1062.04,-4.83
2026-08-01T05:50Z,8186.78,77.67,5971.8,67.75,4743.33,-6.5,754.35,-6.27,1070.17,-0.63
2026-08-01T05:55Z,8293.67,73.2,6022.18,64.5,4900.19,-2.99,778.13,-2.86,1072.72,-3.17
2026-08-01T06:00Z,8412.07,84.79,6103.2,76.71,4998.29,0.0,783.92,0.0,1079.85,0.04
2026-08-01T06:05Z,8453.52,80.0,6218.25,72.5,5084.7,-3.5,809.45,-3.34,1092.07,-3.64
2026-08-01T06:10Z,8483.01,73.2,6203.66,66.32,5121.52,69.48,829.52,67.32,1092.71,72.5
2026-08-01T06:15Z,8611.82,73.2,6267.32,67.22,5230.9,1.57,836.66,1.53,1097.32,0.14
2026-08-01T06:20Z,8710.13,83.76,6387.68,78.51,5331.24,6.27,886.8,6.08,1112.69,0.16
2026-08-01T06:25Z,8845.43,92.2,6470.11,85.39,5342.62,8.94,928.65,8.69,1131.41,8.65
2026-08-01T06:30Z,8901.22,94.9,6591.66,89.73,5441.79,79.5,953.64,80.44,1143.44,26.18
2026-08-01T06:35Z,9013.97,84.28,6666.47,81.29,5608.13,81.68,987.51,82.64,1164.77,75.2
2026-08-01T06:40Z,9219.39,90.49,6654.22,86.15,5675.47,87.09,1033.86,88.7,1195.52,80.93
2026-08-01T06:45Z,9272.58,83.99,6728.47,81.07,5830.23,83.68,1066.88,86.47,1202.55,77.75
2026-08-01T06:50Z,9395.9,88.58,6772.04,79.75,5946.51,91.43,1124.76,95.82,1217.78,84.93
2026-08-01T06:55Z,9512.42,83.34,6823.63,77.52,6064.91,83.46,1169.9,88.98,1226.44,77.76
2026-08-01T07:00Z,9620.29,90.49,6878.21,84.5,6214.57,91.63,1223.24,98.63,1233.21,85.09
2026-08-01T07:05Z,9614.23,89.0,6926.82,84.5,6211.39,85.23,1277.54,92.45,1250.19,77.91
2026-08-01T07:10Z,9706.82,79.4,6834.47,73.85,6360.81,75.88,1330.51,92.14,1262.83,69.35
2026-08-01T07:15Z,9792.01,83.99,6948.54,78.7,6536.75,78.65,1389.39,101.02,1274.46,72.09
2026-08-01T07:20Z,9841.59,90.08,7029.98,84.5,6573.65,84.57,1441.57,101.02,1286.8,77.76
2026-08-01T07:25Z,9907.47,89.17,7069.03,83.69,6715.29,83.93,1486.58,99.23,1295.96,77.39
2026-08-01T07:30Z,9978.8,83.67,7054.81,78.51,6735.96,77.14,1554.31,101.04,1305.37,71.13
2026-08-01T07:35Z,10109.18,82.15,7155.79,78.32,6846.25,75.88,1586.34,101.02,1308.96,70.17
2026-08-01T07:40Z,10231.1,84.15,7141.91,79.55,6889.46,77.78,1617.45,101.04,1288.14,71.47
2026-08-01T07:45Z,10323.14,83.99,7225.5,78.51,6938.43,79.01,1657.38,101.02,1295.41,72.82
2026-08-01T07:50Z,10349.55,86.76,7246.52,79.55,7103.11,84.58,1709.82,100.44,1299.68,77.93
2026-08-01T07:55Z,10299.35,88.12,7267.08,80.84,7194.49,86.17,1749.59,123.34,1302.92,79.38
2026-08-01T08:00Z,10339.35,84.85,7267.35,78.33,7233.03,82.37,1757.67,103.62,1311.27,76.12
2026-08-01T08:05Z,10396.84,83.99,7278.13,78.33,7214.7,82.39,1809.36,101.02,1308.75,75.9
2026-08-01T08:10Z,10443.97,85.1,7222.6,78.51,7231.83,83.57,1839.62,123.31,1300.27,76.75
2026-08-01T08:15Z,10375.78,80.0,7230.05,74.76,7252.27,77.39,1840.13,120.73,1298.0,71.06
2026-08-01T08:20Z,10351.37,76.49,7305.48,71.68,7295.8,75.88,1855.42,123.21,1300.04,69.46
2026-08-01T08:25Z,10459.22,81.0,7248.13,74.27,7269.4,77.81,1870.43,123.21,1297.43,71.01
2026-08-01T08:30Z,10276.61,85.79,7305.94,78.73,7300.8,84.66,1895.03,130.0,1291.48,77.0
2026-08-01T08:35Z,10346.75,81.0,7227.18,73.79,7272.31,79.27,1903.51,113.25,1293.36,72.11
2026-08-01T08:40Z,10386.36,81.0,7212.46,75.19,7272.93,79.09,1935.23,100.44,1289.81,71.94
2026-08-01T08:45Z,10372.67,77.98,7197.74,71.68,7219.0,75.88,1955.96,130.44,1287.96,69.03
2026-08-01T08:50Z,10403.22,77.4,7153.0,69.54,7215.31,75.88,1944.9,130.44,1292.53,69.46
2026-08-01T08:55Z,10446.98,81.0,7147.8,70.95,7246.79,79.37,1937.16,156.56,1293.48,72.43
2026-08-01T09:00Z,10314.67,76.94,7138.64,67.83,7206.16,75.88,1921.92,130.0,1282.0,69.02
2026-08-01T09:05Z,10312.33,71.41,7081.59,64.94,7221.45,72.32,1942.8,120.73,1282.41,65.78
2026-08-01T09:10Z,10299.4,76.88,7089.2,69.03,7234.56,75.88,1957.83,120.73,1275.18,68.8
2026-08-01T09:15Z,10234.21,74.56,7108.32,67.83,7205.15,75.88,1955.68,120.73,1276.06,68.81
2026-08-01T09:20Z,10286.33,73.67,6991.89,65.65,7206.86,75.88,1950.67,123.21,1267.77,68.59
2026-08-01T09:25Z,10279.72,73.74,7029.05,65.75,7170.07,75.88,1933.96,123.3,1267.65,68.59
2026-08-01T09:30Z,10234.41,71.03,6981.73,64.93,7072.58,70.76,1937.08,123.31,1263.65,63.97
2026-08-01T09:35Z,10229.59,70.16,6957.36,64.93,7144.78,67.7,1935.1,123.21,1264.52,61.0
2026-08-01T09:40Z,10288.92,73.22,7016.07,64.94,7189.47,70.69,1943.88,107.78,1253.83,63.69
2026-08-01T09:45Z,10179.22,66.72,6928.18,61.73,7111.28,62.45,1956.27,123.33,1252.07,56.09
2026-08-01T09:50Z,10142.81,64.83,6901.08,60.04,7075.16,60.17,1948.69,123.33,1253.13,54.05
2026-08-01T09:55Z,10188.43,65.8,6939.5,60.87,7076.81,61.01,1935.31,156.65,1254.3,54.98
2026-08-01T10:00Z,10115.19,64.83,6896.4,59.18,7097.53,58.18,1907.77,130.44,1255.2,52.6
2026-08-01T10:05Z,10081.1,71.4,6877.95,63.97,7001.68,63.14,1925.77,158.41,1251.63,57.08
2026-08-01T10:10Z,10086.01,64.95,6873.21,58.9,6968.39,56.53,1929.8,130.44,1257.66,51.11
2026-08-01T10:15Z,10072.41,64.83,6835.55,58.02,6945.92,56.49,1951.56,172.95,1253.16,51.24
2026-08-01T10:20Z,10010.67,73.0,6834.44,64.93,7007.32,66.08,1915.43,73.25,1255.82,59.93
2026-08-01T10:25Z,9985.3,71.4,6766.45,62.66,7007.42,65.23,1942.46,156.67,1251.09,58.98
2026-08-01T10:30Z,10002.14,71.4,6768.36,62.26,6974.25,65.11,1904.93,72.47,1245.9,58.87
2026-08-01T10:35Z,9934.0,78.72,6792.21,61.73,6956.02,71.9,1935.92,156.56,1235.99,64.81
2026-08-01T10:40Z,9993.01,81.0,6885.71,64.94,6908.51,75.68,1920.6,142.68,1229.23,68.21
2026-08-01T10:45Z,9960.92,81.0,6927.11,64.94,6885.31,75.7,1934.28,120.73,1226.33,68.02
2026-08-01T10:50Z,9983.14,81.0,6838.88,64.94,6813.8,72.16,1941.63,123.21,1236.59,64.84
2026-08-01T10:55Z,9924.64,71.4,6868.84,64.37,6746.38,62.1,1947.99,69.11,1231.87,55.81
2026-08-01T11:00Z,9933.07,73.93,6836.61,64.93,6845.11,64.82,1934.49,73.03,1228.17,58.24
2026-08-01T11:05Z,9859.99,75.4,6789.61,64.94,6784.69,67.17,1933.63,103.62,1227.85,60.94
2026-08-01T11:10Z,9865.27,78.01,6778.05,67.19,6764.2,69.48,1922.58,101.02,1228.0,63.24
2026-08-01T11:15Z,9852.05,81.0,6716.15,67.96,6793.11,71.51,1897.2,80.03,1218.32,65.08
2026-08-01T11:20Z,9705.55,72.15,6724.49,64.93,6734.41,63.22,1895.31,79.81,1208.32,57.36
2026-08-01T11:25Z,9692.55,72.47,6761.28,64.93,6750.66,63.04,1895.27,80.44,1206.54,57.01
2026-08-01T11:30Z,9661.07,79.27,6774.67,67.83,6751.33,69.3,1902.19,80.44,1203.25,62.67
2026-08-01T11:35Z,9625.83,74.51,6692.51,64.93,6641.42,64.19,1866.78,80.44,1206.3,57.88
2026-08-01T11:40Z,9591.38,71.4,6716.11,64.93,6605.79,61.03,1863.71,80.44,1201.48,55.03
2026-08-01T11:45Z,9593.59,71.8,6622.93,64.93,6624.44,61.87,1882.66,80.44,1200.34,55.61
2026-08-01T11:50Z,9543.59,74.1,6656.88,64.94,6601.72,63.82,1853.5,101.02,1193.93,57.36
2026-08-01T11:55Z,9513.87,73.14,6651.15,64.93,6525.65,62.38,1821.12,100.44,1190.83,55.9
2026-08-01T12:00Z,9451.19,65.02,6563.18,59.14,6486.08,53.77,1822.45,60.15,1181.2,48.03
2026-08-01T12:05Z,9438.95,72.34,6541.29,64.93,6422.4,61.68,1821.04,80.44,1179.79,55.1
2026-08-01T12:10Z,9384.5,72.34,6529.52,64.93,6447.76,62.17,1807.76,81.68,1172.37,55.71
2026-08-01T12:15Z,9402.66,67.91,6531.5,61.73,6319.3,57.79,1799.14,130.0,1167.39,51.8
2026-08-01T12:20Z,9350.06,72.36,6512.74,64.93,6392.67,62.59,1802.63,102.51,1159.63,56.09
2026-08-01T12:25Z,9354.77,66.0,6474.24,59.96,6267.96,55.7,1802.5,102.51,1155.11,49.93
2026-08-01T12:30Z,9367.34,64.95,6385.73,58.19,6229.07,54.32,1780.33,101.04,1145.4,48.54
2026-08-01T12:35Z,9267.26,72.95,6367.89,64.93,6261.23,62.02,1773.47,101.02,1144.12,55.77
2026-08-01T12:40Z,9333.78,67.03,6249.07,58.45,6248.63,56.44,1746.7,101.02,1137.34,50.92
2026-08-01T12:45Z,9277.35,64.8,6289.69,56.54,6191.38,54.99,1738.83,100.44,1129.24,49.45
2026-08-01T12:50Z,9187.66,60.8,6320.57,53.75,6146.89,50.77,1713.95,80.44,1132.79,45.66
2026-08-01T12:55Z,9134.89,48.91,6203.5,43.73,6084.46,40.5,1702.84,80.44,1127.83,36.43
2026-08-01T13:00Z,9054.46,45.87,6152.57,40.73,6112.22,38.0,1697.98,80.44,1123.96,34.07
2026-08-01T13:05Z,9025.58,55.94,6131.1,49.34,6021.78,45.58,1684.45,80.44,1122.05,41.13
2026-08-01T13:10Z,9025.82,64.2,6092.45,55.53,6102.83,52.73,1676.98,70.55,1113.27,47.42
2026-08-01T13:15Z,8943.67,60.93,6140.69,53.75,6144.36,50.05,1666.62,56.39,1108.24,45.0
2026-08-01T13:20Z,8869.91,57.39,6093.05,50.92,6080.19,10.65,1655.35,32.58,1102.44,25.88
2026-08-01T13:25Z,8758.5,55.07,6088.36,49.17,6072.65,10.65,1644.87,31.32,1089.12,25.18
2026-08-01T13:30Z,8812.97,57.39,6029.6,50.88,6111.33,11.74,1656.8,32.87,1077.01,26.18
2026-08-01T13:35Z,8722.74,57.39,5955.28,49.88,6063.5,47.16,1665.98,53.14,1075.67,42.41
2026-08-01T13:40Z,8667.36,61.43,5983.8,53.75,6017.43,20.68,1684.0,52.0,1056.79,31.8
2026-08-01T13:45Z,8602.67,61.01,6024.15,53.75,6025.6,18.66,1682.36,46.69,1060.89,30.86
2026-08-01T13:50Z,8494.06,54.12,6034.66,48.3,5983.87,13.8,1662.06,33.08,1063.17,26.16
2026-08-01T13:55Z,8521.33,54.87,5960.46,48.3,5996.28,11.07,1645.97,31.65,1051.2,25.18
2026-08-01T14:00Z,8512.56,55.68,5951.08,48.7,5856.18,10.65,1623.58,31.65,1053.07,25.18
2026-08-01T14:05Z,8474.42,56.93,5888.53,49.76,5858.75,10.5,1625.44,32.05,1045.66,25.42
2026-08-01T14:10Z,8651.06,76.66,5920.91,64.93,5823.47,15.08,1614.51,43.49,1047.12,34.62
2026-08-01T14:15Z,8665.7,77.69,5856.81,64.93,5792.98,-1.1,1616.26,35.31,1045.88,27.8
2026-08-01T14:20Z,8630.12,66.43,5861.44,55.53,5783.7,15.08,1628.88,38.72,1045.33,30.91
2026-08-01T14:25Z,8577.09,64.95,5724.28,53.75,5828.91,15.08,1629.04,32.47,1036.14,25.83
2026-08-01T14:30Z,8513.71,64.95,5725.22,53.75,5766.12,11.64,1619.19,20.36,1017.14,16.05
2026-08-01T14:35Z,8430.19,57.39,5718.21,47.89,5761.07,-1.1,1612.06,22.99,1019.35,17.96
2026-08-01T14:40Z,8386.11,63.59,5732.44,53.75,5745.72,15.08,1628.52,24.12,1033.48,18.95
2026-08-01T14:45Z,8373.89,61.99,5651.87,51.68,5674.62,8.94,1640.4,21.82,1025.64,16.97
2026-08-01T14:50Z,8318.13,64.89,5645.08,53.75,5546.56,8.94,1641.14,20.4,1024.59,15.1
2026-08-01T14:55Z,8323.22,64.92,5597.62,53.75,5534.1,15.08,1629.2,21.79,1022.79,16.93
2026-08-01T15:00Z,8325.01,64.91,5608.13,53.75,5573.33,10.65,1612.62,20.05,1020.51,15.63
2026-08-01T15:05Z,8238.53,64.95,5649.69,54.49,5513.05,15.08,1592.06,21.52,1018.49,16.98
2026-08-01T15:10Z,8223.15,64.95,5636.98,53.8,5527.52,15.08,1582.7,21.23,1024.09,16.87
2026-08-01T15:15Z,8161.36,64.95,5595.24,53.44,5473.49,12.57,1563.21,14.19,1020.27,11.32
2026-08-01T15:20Z,8036.95,47.76,5587.2,39.8,5478.44,15.08,1556.32,16.68,1015.6,13.75
2026-08-01T15:25Z,8003.83,47.73,5544.15,39.75,5477.76,8.94,1546.14,14.19,1003.87,11.45
2026-08-01T15:30Z,7918.78,47.46,5483.0,39.75,5340.54,8.94,1537.82,14.19,998.16,11.39
2026-08-01T15:35Z,7802.45,47.78,5450.96,39.75,5329.76,10.5,1537.97,11.53,1003.32,9.6
2026-08-01T15:40Z,7748.74,47.82,5491.0,39.8,5337.86,10.5,1534.2,11.53,999.58,9.6
2026-08-01T15:45Z,7726.52,57.39,5522.77,48.09,5344.44,0.19,1524.51,0.21,1009.03,0.18
2026-08-01T15:50Z,7721.44,57.39,5510.37,47.78,5279.04,8.94,1541.75,9.67,1002.1,8.2
2026-08-01T15:55Z,7680.11,47.46,5475.89,39.75,5248.81,0.36,1532.25,0.39,988.83,0.33
2026-08-01T16:00Z,7681.19,47.78,5459.22,39.75,5220.35,6.62,1517.24,6.99,985.29,6.04
2026-08-01T16:05Z,7659.88,69.7,5426.54,51.1,5198.69,0.19,1501.29,0.2,1001.54,0.18
2026-08-01T16:10Z,7576.17,57.39,5379.15,43.52,5119.93,0.2,1510.58,0.2,994.78,0.18
2026-08-01T16:15Z,7609.49,56.16,5357.52,39.8,5103.38,5.08,1508.05,5.3,988.99,4.62
2026-08-01T16:20Z,7553.87,57.39,5433.32,47.15,5061.6,10.5,1511.1,10.88,993.95,25.18
2026-08-01T16:25Z,7495.49,49.02,5382.62,39.75,5126.65,4.36,1501.23,4.5,975.54,4.73
2026-08-01T16:30Z,7520.31,57.39,5423.0,42.07,5097.34,15.08,1481.82,15.54,967.88,14.28
2026-08-01T16:35Z,7528.27,57.39,5367.87,39.8,5077.33,0.38,1487.43,0.39,967.13,0.36
2026-08-01T16:40Z,7440.68,57.39,5408.59,47.43,5052.03,10.5,1507.94,10.93,967.3,9.94
2026-08-01T16:45Z,7316.32,47.78,5412.61,39.75,5060.53,8.94,1517.7,9.28,965.87,9.28
2026-08-01T16:50Z,7405.45,57.39,5346.05,40.67,5030.4,5.08,1522.62,5.27,957.8,5.57
2026-08-01T16:55Z,7395.38,57.39,5369.08,40.67,4927.07,8.94,1524.29,9.26,959.12,9.71
2026-08-01T17:00Z,7399.6,57.39,5345.09,39.8,4926.64,8.95,1513.53,9.3,961.31,10.03
2026-08-01T17:05Z,7361.98,57.39,5393.97,47.43,4968.16,10.45,1504.12,10.72,972.85,11.17
2026-08-01T17:10Z,7284.22,57.39,5416.77,47.14,4976.6,0.0,1506.39,0.0,974.21,1.06
2026-08-01T17:15Z,7267.12,56.44,5395.85,45.77,4965.53,0.0,1504.03,0.0,982.58,0.7
2026-08-01T17:20Z,7344.45,57.39,5369.4,40.67,4941.35,10.5,1507.94,10.78,987.92,10.78
2026-08-01T17:25Z,7307.64,57.39,5324.46,39.75,4959.21,0.0,1500.98,0.0,992.82,0.68
2026-08-01T17:30Z,7199.19,29.49,5361.34,24.99,4935.0,0.0,1499.15,0.0,989.12,0.72
2026-08-01T17:35Z,7266.89,35.67,5332.19,29.83,4834.2,10.5,1489.95,10.68,972.72,9.95
2026-08-01T17:40Z,7281.49,47.51,5372.2,39.75,4848.2,5.48,1481.77,5.59,985.29,5.9
2026-08-01T17:45Z,7248.01,42.54,5355.73,35.36,4892.71,8.94,1471.57,9.11,991.12,9.2
2026-08-01T17:50Z,7210.3,42.54,5371.95,35.6,4911.3,0.0,1472.06,0.0,991.83,0.35
2026-08-01T17:55Z,7219.83,42.54,5346.73,35.36,4878.2,0.67,1474.97,0.68,999.27,1.33
2026-08-01T18:00Z,7122.95,42.54,5398.47,35.83,4895.26,5.08,1448.78,5.1,1002.77,5.56
2026-08-01T18:05Z,7165.83,61.02,5387.9,50.43,4884.44,0.67,1421.28,0.67,1004.58,1.39
2026-08-01T18:10Z,7258.66,61.02,5376.2,49.48,4901.28,5.08,1414.1,5.06,1009.26,5.63
2026-08-01T18:15Z,7266.78,42.54,5403.08,35.83,4860.3,0.62,1415.26,0.62,1010.37,1.34
2026-08-01T18:20Z,7222.71,42.8,5403.15,36.05,4897.33,0.62,1412.5,0.61,1009.85,1.34
2026-08-01T18:25Z,7304.01,47.17,5442.16,39.75,4900.14,0.01,1399.3,0.01,1010.07,0.76
2026-08-01T18:30Z,7246.49,42.8,5444.21,36.07,4919.92,0.0,1386.87,0.0,1006.73,0.74
2026-08-01T18:35Z,7202.76,42.8,5440.06,36.3,4917.01,0.0,1376.14,0.0,1012.73,0.74
2026-08-01T18:40Z,7238.72,67.99,5503.67,57.34,4911.12,0.0,1376.93,0.0,1010.97,0.75
2026-08-01T18:45Z,7220.87,57.39,5442.74,47.76,4925.26,-1.1,1395.13,-1.08,1003.78,0.06
2026-08-01T18:50Z,7252.93,47.81,5477.84,39.8,4941.15,-1.1,1384.2,-1.09,1001.33,0.1
2026-08-01T18:55Z,7237.04,47.48,5516.85,39.8,4859.35,-1.15,1393.79,-1.13,997.81,-0.25
2026-08-01T19:00Z,7273.0,57.39,5522.34,48.11,4864.46,-1.15,1390.37,-1.12,996.13,-0.34
2026-08-01T19:05Z,7253.46,47.14,5492.12,39.75,4959.06,-1.1,1384.96,-1.07,994.5,-0.2
2026-08-01T19:10Z,7356.18,57.39,5531.13,48.11,4942.77,-1.1,1371.93,-1.06,1004.28,-0.2
2026-08-01T19:15Z,7428.75,69.99,5494.31,55.53,4993.17,-1.1,1366.86,-1.06,1002.54,0.07
2026-08-01T19:20Z,7415.94,57.39,5518.24,47.8,5003.05,-1.15,1371.52,-1.1,1000.17,0.02
2026-08-01T19:25Z,7318.86,57.39,5553.16,47.82,5034.27,-1.15,1376.98,-1.1,998.18,0.1
2026-08-01T19:30Z,7413.19,57.39,5544.96,47.82,5030.9,-1.15,1386.59,-1.1,999.92,0.02
2026-08-01T19:35Z,7534.1,61.66,5574.6,51.38,4940.05,-2.99,1392.9,-2.86,995.12,-1.41
2026-08-01T19:40Z,7549.91,57.39,5569.01,48.13,4984.47,-2.99,1395.19,-2.85,990.61,-2.12
2026-08-01T19:45Z,7569.7,57.39,5610.07,48.46,5043.83,-2.99,1398.52,-2.85,996.19,-1.75
2026-08-01T19:50Z,7517.81,47.46,5566.07,39.8,5078.15,-2.99,1401.7,-4.5,998.02,-1.75
2026-08-01T19:55Z,7558.41,57.39,5591.8,48.15,5065.39,-2.99,1412.27,-4.5,1005.24,-1.77
2026-08-01T20:00Z,7585.18,63.62,5650.86,53.75,5137.16,-2.25,1416.81,-4.5,1010.06,0.1
2026-08-01T20:05Z,7664.13,57.86,5569.39,48.22,5113.54,-1.41,1434.23,-4.5,1025.06,0.1
2026-08-01T20:10Z,7675.31,57.39,5647.29,48.79,5200.33,-1.15,1442.64,-4.5,1027.96,0.1
2026-08-01T20:15Z,7754.98,64.83,5638.07,54.4,5244.78,-1.15,1439.34,-4.5,1033.18,0.1
2026-08-01T20:20Z,7840.37,64.83,5688.96,54.09,5185.82,-1.15,1450.22,-4.5,1044.58,0.12
2026-08-01T20:25Z,7873.58,64.83,5729.22,54.13,5240.19,-1.15,1467.8,-4.5,1039.3,0.12
2026-08-01T20:30Z,7988.81,66.03,5758.89,55.5,5227.8,-1.15,1467.16,-4.5,1049.56,0.18
2026-08-01T20:35Z,7946.09,64.83,5809.79,54.87,5294.44,-1.15,1483.01,-4.5,1052.73,0.18
2026-08-01T20:40Z,8073.87,64.89,5766.92,53.75,5373.4,-1.15,1460.84,-4.5,1058.05,0.18
2026-08-01T20:45Z,8136.12,66.03,5809.81,55.18,5406.47,-1.15,1476.11,-1.1,1062.36,0.18
2026-08-01T20:50Z,8153.31,64.89,5790.3,53.53,5454.89,-1.15,1481.05,-1.1,1072.54,0.18
2026-08-01T20:55Z,8206.68,66.03,5805.4,53.75,5472.43,-1.13,1502.24,-1.1,1078.81,0.18
2026-08-01T21:00Z,8271.92,66.03,5836.77,53.75,5508.34,-1.14,1504.26,-1.1,1092.53,0.56
2026-08-01T21:05Z,8329.93,64.83,5763.42,53.75,5556.18,-1.1,1509.81,-1.06,1101.96,0.18
2026-08-01T21:10Z,8378.98,64.89,5824.4,53.75,5642.59,-1.1,1509.37,-1.06,1112.83,0.18
2026-08-01T21:15Z,8448.5,66.03,5760.03,6.83,5712.58,-1.1,1514.83,-1.1,1111.01,0.18
2026-08-01T21:20Z,8442.17,64.83,5827.27,6.83,5714.74,-1.1,1513.98,-4.5,1114.14,0.18
2026-08-01T21:25Z,8508.07,64.89,5806.49,6.83,5844.6,-0.97,1542.91,-1.13,1125.64,0.18
2026-08-01T21:30Z,8508.39,13.26,5751.98,0.13,5906.73,0.01,1563.16,-4.5,1127.28,0.75
2026-08-01T21:35Z,8525.09,38.51,5708.01,6.81,5882.86,0.02,1564.71,-2.18,1149.29,9.18
2026-08-01T21:40Z,8483.17,57.39,5654.93,12.49,5955.09,9.36,1585.97,-3.45,1152.08,9.18
2026-08-01T21:45Z,8513.15,44.44,5623.28,6.83,5998.0,9.25,1600.67,-3.46,1166.6,9.18
2026-08-01T21:50Z,8439.41,38.51,5603.37,0.14,6028.74,5.08,1617.6,3.89,1167.5,4.32
2026-08-01T21:55Z,8477.22,52.21,5493.55,6.81,6028.47,0.86,1636.52,-1.1,1167.61,0.12
2026-08-01T22:00Z,8344.01,25.12,5476.45,0.73,6015.24,0.86,1644.45,0.83,1168.28,0.12
2026-08-01T22:05Z,8434.69,26.02,5448.35,0.73,6033.04,0.1,1641.7,0.1,1172.18,0.1
2026-08-01T22:10Z,8433.46,52.21,5474.12,0.14,6026.05,0.0,1646.75,0.0,1167.24,0.0
2026-08-01T22:15Z,8369.86,42.8,5454.94,0.14,6093.6,0.01,1640.71,0.01,1169.16,0.01
2026-08-01T22:20Z,8334.99,25.12,5381.94,0.13,6073.02,0.0,1626.86,0.0,1178.88,0.0
2026-08-01T22:25Z,8334.35,25.12,5354.73,0.13,6074.27,-1.1,1595.18,-1.03,1176.44,-1.11
2026-08-01T22:30Z,8302.59,42.08,5258.77,0.03,6051.46,-1.15,1573.37,-1.05,1180.6,-1.16
2026-08-01T22:35Z,8258.8,44.44,5219.25,0.14,5906.26,-2.99,1577.42,-2.71,1175.95,-3.11
2026-08-01T22:40Z,8150.54,81.0,5154.37,0.73,5865.52,-6.51,1567.2,-6.13,1179.61,-6.79
2026-08-01T22:45Z,8062.64,88.88,5082.0,0.03,5914.63,-7.17,1541.14,-7.14,1177.4,-7.47
2026-08-01T22:50Z,7900.23,64.83,5080.34,0.13,5841.39,-6.9,1524.6,-6.51,1199.52,-7.22
2026-08-01T22:55Z,7890.62,64.83,4939.6,0.0,5783.35,-7.34,1501.75,-7.14,1192.89,-7.68
2026-08-01T23:00Z,7765.72,64.83,4972.24,0.01,5747.19,-9.44,1482.13,-9.21,1198.87,-9.94
2026-08-01T23:05Z,7815.91,81.0,4912.13,0.0,5677.09,-10.05,1461.56,-9.75,1186.55,-9.92
2026-08-01T23:10Z,7705.31,81.0,4966.24,0.0,5653.41,-7.51,1435.19,-7.22,1203.44,-7.9
2026-08-01T23:15Z,7561.64,64.83,4965.85,0.0,5584.74,-11.95,1400.31,-12.22,1204.74,-9.92
2026-08-01T23:20Z,7480.86,64.83,4857.25,0.0,5424.39,-10.07,1380.18,-14.99,1209.47,-9.92
2026-08-01T23:25Z,7411.9,52.25,4800.3,0.0,5505.09,-6.6,1359.89,-7.01,1201.83,-6.95
2026-08-01T23:30Z,7305.29,42.54,4753.97,0.0,5384.93,-11.95,1296.6,-11.12,1195.47,0.08
2026-08-01T23:35Z,7166.98,42.8,4678.49,0.0,5350.12,-7.51,1288.39,-7.14,1197.56,-7.91
2026-08-01T23:40Z,7157.25,44.44,4603.49,0.0,5361.54,-7.51,1256.95,-7.14,1171.13,-7.88
2026-08-01T23:45Z,7136.85,44.44,4519.84,0.0,5268.16,-7.84,1220.2,-7.14,1163.0,-8.23
2026-08-01T23:50Z,7034.87,-2.77,4500.84,-2.5,5156.71,-6.51,1174.84,-7.01,1159.62,-6.81
2026-08-01T23:55Z,7249.85,-5.28,4405.02,-5.0,4990.71,-6.5,1138.81,-6.61,1135.38,-6.78
2026-08-02T00:00Z,7142.7,25.12,4396.84,-1.49,4859.9,-6.6,1117.03,-6.51,1128.44,-6.89
2026-08-02T00:05Z,6884.18,25.12,4258.16,-1.51,4813.46,-6.51,1065.04,-6.61,1114.89,-6.84
2026-08-02T00:10Z,7074.19,42.8,4284.05,-2.5,4855.62,-6.6,1034.55,-7.01,1122.16,-6.98
2026-08-02T00:15Z,6838.49,-5.5,4185.8,-5.0,4781.59,-6.51,1000.67,-7.01,1117.49,-6.86
2026-08-02T00:20Z,6994.35,-5.4,4114.31,-5.0,4665.72,-7.99,996.71,-7.14,1101.66,-8.37
2026-08-02T00:25Z,6989.88,25.1,4090.52,-2.5,4696.05,-6.6,958.83,-6.51,1083.93,-6.91
2026-08-02T00:30Z,6810.59,25.12,4013.42,-3.0,4596.3,-9.52,928.08,-8.48,1072.25,-9.94
2026-08-02T00:35Z,6659.54,23.99,4017.38,-5.0,4533.51,-7.23,907.36,-6.51,1061.47,-7.57
2026-08-02T00:40Z,6566.35,-6.29,4013.69,-6.01,4431.21,-7.19,912.13,-6.51,1065.74,-7.53
2026-08-02T00:45Z,6721.04,-5.58,3974.1,-5.03,4328.46,-7.51,886.37,-6.71,1061.03,-7.18
2026-08-02T00:50Z,6645.26,-5.44,3993.23,-5.03,4243.88,-7.51,876.32,-6.71,1062.41,-7.22
2026-08-02T00:55Z,6527.16,-5.72,4073.34,-5.0,4178.39,-7.51,860.59,-6.66,1053.49,-7.21
2026-08-02T01:00Z,6381.62,25.12,4088.87,-1.49,4116.33,-12.75,833.85,-11.75,1057.9,-9.96
2026-08-02T01:05Z,6102.51,23.95,4089.27,0.0,4074.23,-15.42,855.7,-14.3,1043.13,-9.94
2026-08-02T01:10Z,6085.12,13.26,4301.29,0.0,4205.28,-11.95,843.8,-11.68,1049.15,-9.94
2026-08-02T01:15Z,6056.9,13.26,4244.55,0.01,4229.11,-12.75,826.99,-11.92,1046.28,-9.94
2026-08-02T01:20Z,6167.14,13.26,4237.56,0.0,4242.98,-12.75,792.15,-12.04,1048.24,0.06
2026-08-02T01:25Z,6025.78,13.26,4433.64,0.14,4207.45,-16.67,749.62,-15.46,1040.93,-9.94
2026-08-02T01:30Z,6055.6,13.26,4410.6,0.13,4163.41,-15.42,726.15,-14.07,1028.59,-9.94
2026-08-02T01:35Z,5918.23,13.26,4448.76,0.13,4112.41,-16.28,707.04,-20.0,1026.45,-9.94
2026-08-02T01:40Z,5972.08,13.26,4569.59,0.01,4076.26,-20.59,720.39,-20.0,1014.16,-9.94
2026-08-02T01:45Z,5956.14,13.26,4525.7,0.0,4058.15,-34.42,724.42,-33.96,1006.48,-9.94
2026-08-02T01:50Z,5926.24,13.26,4529.46,0.01,3938.92,-50.01,729.29,-47.9,1004.15,-9.96
2026-08-02T01:55Z,5856.75,13.2,4528.28,0.0,3998.05,-20.86,717.86,-19.88,1004.75,-9.96
2026-08-02T02:00Z,5834.44,13.2,4504.28,3.02,3969.68,-15.42,684.31,-14.22,993.0,-9.96
2026-08-02T02:05Z,5739.61,0.0,4517.8,0.0,3851.61,-15.42,663.63,-14.0,987.95,-9.96
2026-08-02T02:10Z,5901.86,-6.46,4562.48,-6.5,3896.29,-15.42,639.97,-13.54,986.79,-9.96
2026-08-02T02:15Z,5990.23,-5.27,4494.84,-5.0,3839.93,-21.53,607.71,-19.85,981.99,-14.63
2026-08-02T02:20Z,5931.62,-2.01,4470.78,-1.85,3824.33,-21.0,578.53,-20.0,980.51,-9.96
2026-08-02T02:25Z,5902.59,-5.37,4525.61,-5.0,3674.07,-12.75,590.99,-11.57,982.64,0.06
2026-08-02T02:30Z,5991.33,-2.35,4516.98,-2.15,3625.09,-19.99,564.92,-18.06,981.11,-14.63
2026-08-02T02:35Z,5917.43,-2.01,4524.94,-1.87,3703.73,-21.33,550.89,-20.0,962.7,-14.63
2026-08-02T02:40Z,5894.4,0.0,4487.96,0.0,3677.71,-24.88,547.22,-24.34,956.29,-15.01
2026-08-02T02:45Z,5854.01,0.0,4478.07,0.0,3658.39,-25.03,549.02,-23.38,944.22,-15.01
2026-08-02T02:50Z,5908.23,-2.14,4546.05,-2.15,3689.7,-22.02,539.06,-20.0,939.56,-14.63
2026-08-02T02:55Z,5911.06,-2.41,4557.6,-2.5,3625.71,-21.08,560.32,-19.88,939.45,-14.65
2026-08-02T03:00Z,5853.92,-3.91,4516.91,-4.11,3632.08,-34.42,538.5,-33.05,939.45,-15.01
2026-08-02T03:05Z,5755.01,-3.83,4576.25,-4.11,3595.72,-20.38,566.69,-20.0,931.14,-15.01
2026-08-02T03:10Z,5638.98,-5.82,4611.31,-6.5,3533.06,-24.88,537.2,-24.3,936.8,-14.66
2026-08-02T03:15Z,5645.53,-3.97,4647.04,-4.11,3522.97,-34.42,534.86,-32.32,939.01,-14.63
2026-08-02T03:20Z,5705.41,0.0,4613.54,0.0,3636.89,-35.84,543.09,-34.43,940.83,-14.63
2026-08-02T03:25Z,5621.37,23.95,4732.29,20.47,3561.75,-58.57,540.32,-59.0,931.33,-14.63
2026-08-02T03:30Z,5596.25,0.0,4720.66,0.0,3688.49,-34.63,556.55,-33.93,928.91,-15.01
2026-08-02T03:35Z,5561.66,23.95,4766.21,21.26,3621.04,-60.0,575.76,-60.52,934.98,-14.63
2026-08-02T03:40Z,5537.61,0.0,4660.03,0.0,3684.24,-34.42,625.2,-34.28,938.49,-14.65
2026-08-02T03:45Z,5549.32,0.0,4712.45,0.0,3682.86,-59.47,630.66,-59.71,940.63,-14.65
2026-08-02T03:50Z,5613.85,0.0,4701.71,0.0,3583.92,-60.0,628.94,-59.37,942.56,-14.63
2026-08-02T03:55Z,5493.37,0.0,4751.81,0.0,3565.42,-59.47,602.64,-58.07,937.02,-14.66
2026-08-02T04:00Z,5607.62,-2.94,4707.23,-2.5,3631.71,-44.23,563.11,-43.21,944.33,-14.63
2026-08-02T04:05Z,5655.85,25.1,4731.27,21.45,3622.61,-60.0,550.43,-59.95,949.02,-14.65
2026-08-02T04:10Z,5452.87,-3.25,4832.63,-3.0,3534.09,-49.36,573.62,-47.95,953.25,-14.63
2026-08-02T04:15Z,5597.76,0.0,4788.49,0.0,3588.49,-59.47,553.32,-57.64,949.38,-15.01
2026-08-02T04:20Z,5625.54,0.0,4942.53,0.0,3612.03,-34.89,558.64,-34.48,953.48,-15.01
2026-08-02T04:25Z,5674.52,-5.31,4904.67,-5.2,3650.25,-50.01,539.48,-48.37,952.0,-14.64
2026-08-02T04:30Z,5728.25,-7.05,4922.88,-8.06,3616.44,-34.68,532.4,-33.15,958.35,-14.64
2026-08-02T04:35Z,5843.76,-7.0,4950.13,-8.06,3715.6,-33.92,553.4,-32.29,953.77,-14.65
2026-08-02T04:40Z,5897.04,-6.62,4952.28,-7.33,3750.17,-21.09,571.58,-20.41,960.04,-14.64
2026-08-02T04:45Z,6068.63,-6.49,5042.24,-7.01,3759.22,-21.09,630.17,-20.88,970.74,-14.63
2026-08-02T04:50Z,6036.57,-6.6,5115.84,-7.33,3842.35,-21.09,688.41,-20.86,972.06,-14.63
2026-08-02T04:55Z,6105.55,-6.56,5115.56,-7.33,3884.54,-19.78,790.62,-20.0,981.36,-14.63
2026-08-02T05:00Z,6217.72,-6.53,5150.0,-6.71,3952.46,-19.4,861.52,-20.0,983.14,-14.64
2026-08-02T05:05Z,6288.6,-7.0,5182.33,-7.33,4010.99,-15.42,946.68,-16.1,977.19,-14.63
2026-08-02T05:10Z,6388.65,-5.33,5223.02,-5.2,3958.04,-15.42,991.0,-16.4,985.46,-14.63
2026-08-02T05:15Z,6553.27,-4.0,5322.73,-3.94,4032.32,-34.42,1014.56,-7.01,995.88,-14.63
2026-08-02T05:20Z,6662.07,-2.21,5367.41,-2.15,4188.58,-15.42,1043.21,-7.14,998.95,-10.65
2026-08-02T05:25Z,6758.1,11.4,5422.85,10.88,4258.16,-12.75,1051.75,-7.12,1004.69,0.06
2026-08-02T05:30Z,6825.22,23.67,5505.01,22.31,4316.82,-15.42,1114.43,-7.12,1005.5,-12.8
2026-08-02T05:35Z,6844.39,25.1,5613.49,23.39,4356.33,-12.75,1143.76,-7.13,1009.18,-10.94
2026-08-02T05:40Z,6934.52,90.49,5660.24,78.69,4502.59,-15.42,1156.61,-7.13,1016.96,-14.63
2026-08-02T05:45Z,6912.33,92.51,5689.39,79.22,4592.41,-19.99,1183.0,-7.12,1032.05,-10.67
2026-08-02T05:50Z,6998.86,81.0,5771.38,72.57,4637.93,-15.42,1231.36,-7.01,1052.39,0.06
2026-08-02T05:55Z,7193.96,81.0,5829.02,72.57,4674.81,-15.42,1255.01,-6.0,1058.55,-9.96
2026-08-02T06:00Z,7304.27,81.0,5989.83,73.68,4767.76,-12.75,1279.56,-7.12,1067.88,0.06
2026-08-02T06:05Z,7461.55,71.4,6056.15,65.42,4945.3,-15.42,1309.46,-14.99,1081.97,-9.92
2026-08-02T06:10Z,7656.98,80.0,6145.54,72.46,4974.37,-12.75,1286.37,-7.14,1082.76,-9.92
2026-08-02T06:15Z,7744.41,71.4,6194.38,66.39,5095.99,-12.75,1306.71,-13.75,1087.35,-12.81
2026-08-02T06:20Z,7957.92,71.4,6302.62,66.46,5219.13,-6.6,1368.92,-7.23,1095.48,-6.23
2026-08-02T06:25Z,8130.28,80.0,6423.5,76.01,5334.77,-6.32,1452.18,-7.12,1105.81,-5.96
2026-08-02T06:30Z,8048.78,81.0,6461.75,74.12,5403.01,-5.0,1506.81,-5.22,1122.02,-0.65
2026-08-02T06:35Z,8162.57,66.03,6492.39,64.85,5488.09,-5.62,1551.05,-6.0,1127.8,-5.94
2026-08-02T06:40Z,8433.71,80.0,6583.18,78.13,5484.89,-5.0,1554.85,-5.19,1143.83,-4.56
2026-08-02T06:45Z,8515.73,66.03,6664.04,66.23,5558.83,-1.15,1565.68,-1.02,1154.0,-0.48
2026-08-02T06:50Z,8720.03,45.17,6711.78,47.73,5638.73,-1.05,1582.97,-1.1,1163.18,0.06
2026-08-02T06:55Z,8914.6,66.03,6755.87,67.6,5658.61,0.01,1619.93,0.01,1175.97,0.08
2026-08-02T07:00Z,9014.52,66.03,6792.73,68.5,5817.66,54.48,1668.09,58.86,1185.41,56.79
2026-08-02T07:05Z,9109.39,65.72,6921.26,67.84,5880.65,10.12,1703.33,11.13,1196.29,9.14
2026-08-02T07:10Z,9131.41,65.7,6936.08,67.83,6033.47,17.01,1751.45,18.8,1169.03,9.16
2026-08-02T07:15Z,9252.67,66.03,6977.76,67.83,6130.73,44.0,1787.21,49.27,1189.1,10.51
2026-08-02T07:20Z,9356.89,68.54,7033.91,69.03,6245.11,22.67,1824.06,28.66,1206.44,22.17
2026-08-02T07:25Z,9383.56,78.21,7083.56,78.32,6233.95,10.12,1857.68,84.6,1231.06,10.29
2026-08-02T07:30Z,9479.6,79.8,7212.47,78.51,6391.49,22.67,1850.0,107.78,1243.66,22.25
2026-08-02T07:35Z,9601.51,67.91,7254.93,69.03,6471.74,10.65,1856.45,54.77,1249.9,10.01
2026-08-02T07:40Z,9777.45,67.85,7340.2,69.03,6507.67,10.65,1915.01,54.27,1266.24,10.01
2026-08-02T07:45Z,9882.82,73.57,7354.42,72.5,6636.07,31.48,1942.95,55.9,1277.19,37.94
2026-08-02T07:50Z,9970.6,80.0,7400.54,78.32,6742.74,31.48,1956.15,84.61,1281.48,46.64
2026-08-02T07:55Z,9975.84,80.0,7438.37,78.32,6821.3,31.48,1946.16,101.02,1268.47,46.63
2026-08-02T08:00Z,10023.15,76.98,7487.44,75.01,6892.04,26.8,1953.28,101.02,1274.65,43.24
2026-08-02T08:05Z,10080.65,81.0,7491.26,78.32,6874.19,22.67,1941.73,101.02,1282.01,42.7
2026-08-02T08:10Z,9977.52,81.0,7424.53,76.87,6900.46,22.67,1979.47,101.02,1279.77,43.04
2026-08-02T08:15Z,10012.67,71.11,7430.26,69.69,6897.91,10.65,1957.38,101.02,1281.29,32.82
2026-08-02T08:20Z,10124.64,75.47,7496.18,71.68,6940.53,10.5,1977.2,101.02,1280.69,34.54
2026-08-02T08:25Z,10164.34,83.04,7454.76,78.33,6978.1,10.5,2001.38,101.02,1279.02,37.45
2026-08-02T08:30Z,10050.71,84.65,7439.42,78.32,7048.31,10.5,2005.21,101.02,1269.73,38.09
2026-08-02T08:35Z,9997.33,77.44,7456.0,71.68,7011.44,8.94,1994.9,101.02,1269.44,34.5
2026-08-02T08:40Z,10124.62,80.0,7417.85,73.06,7042.7,10.5,1992.55,55.9,1266.04,36.17
2026-08-02T08:45Z,10124.33,72.54,7385.6,69.69,7014.46,10.5,2005.41,55.9,1271.9,33.28
2026-08-02T08:50Z,10120.64,73.01,7389.05,69.69,7005.38,10.5,2023.18,54.78,1281.32,33.48
2026-08-02T08:55Z,10110.55,79.6,7320.97,71.68,6973.58,10.5,2031.97,54.49,1281.11,36.02
2026-08-02T09:00Z,10011.67,68.51,7329.04,64.94,6894.65,8.94,2006.59,41.63,1275.38,30.84
2026-08-02T09:05Z,10005.9,66.8,7286.02,64.93,6875.49,10.5,2005.69,55.9,1278.31,30.97
2026-08-02T09:10Z,10055.64,73.56,7292.85,69.69,6816.24,10.5,2007.42,107.78,1282.02,33.44
2026-08-02T09:15Z,10051.52,74.54,7247.58,69.69,6863.72,10.5,1982.6,55.9,1281.58,33.8
2026-08-02T09:20Z,9985.55,66.03,7212.98,64.93,6836.8,10.68,1991.58,55.9,1284.05,30.54
2026-08-02T09:25Z,10038.55,66.03,7247.49,64.93,6774.52,10.5,1992.95,55.9,1279.89,32.28
2026-08-02T09:30Z,10023.23,71.4,7152.43,67.09,6834.62,10.5,2000.06,101.02,1268.82,32.37
2026-08-02T09:35Z,9974.06,71.23,7182.16,67.83,6859.44,10.5,1941.89,55.9,1269.15,32.24
2026-08-02T09:40Z,9946.87,68.21,7161.06,64.94,6889.18,10.5,1968.83,55.55,1264.47,34.15
2026-08-02T09:45Z,9965.51,67.85,7070.48,64.93,6892.75,10.5,1972.12,55.9,1260.85,34.82
2026-08-02T09:50Z,9935.76,66.03,7074.72,63.99,6828.6,10.5,1965.12,55.55,1256.83,32.49
2026-08-02T09:55Z,9845.63,66.03,7036.6,63.57,6818.6,10.5,1965.42,55.9,1260.1,34.47
2026-08-02T10:00Z,9829.38,66.03,7049.65,61.98,6802.79,10.5,1953.61,30.96,1251.26,34.47
2026-08-02T10:05Z,9833.32,69.33,7021.04,63.99,6712.45,8.94,1954.38,55.9,1249.83,33.59
2026-08-02T10:10Z,9885.22,66.03,6962.9,60.74,6759.53,10.5,1961.15,55.9,1251.81,34.31
2026-08-02T10:15Z,9876.59,66.03,6967.06,60.74,6757.11,10.47,1952.02,54.27,1244.18,34.37
2026-08-02T10:20Z,9762.82,71.51,6937.51,64.93,6757.43,8.94,1943.96,30.96,1241.39,38.47
2026-08-02T10:25Z,9745.98,69.33,6923.31,62.95,6730.95,10.5,1950.69,22.23,1236.74,34.4
2026-08-02T10:30Z,9715.41,68.33,6893.68,61.62,6669.36,-32.86,1942.7,30.96,1232.57,9.18
2026-08-02T10:35Z,9701.2,69.7,6840.46,63.62,6681.41,8.94,1935.47,55.9,1217.47,30.84
2026-08-02T10:40Z,9659.69,70.09,7007.28,64.93,6634.72,8.94,1922.81,55.9,1210.01,30.85
2026-08-02T10:45Z,9574.66,66.03,6937.27,61.12,6576.79,5.08,1915.84,59.55,1202.56,27.43
2026-08-02T10:50Z,9521.17,66.03,6925.77,61.9,6575.25,8.94,1924.3,107.78,1198.42,29.27
2026-08-02T10:55Z,9563.81,66.03,6959.53,61.73,6572.02,5.08,1889.81,138.0,1200.97,27.4
2026-08-02T11:00Z,9523.58,66.03,6918.4,61.49,6561.97,8.94,1848.74,101.02,1198.13,29.22
2026-08-02T11:05Z,9494.77,69.73,6914.22,64.93,6516.11,8.94,1859.46,101.02,1196.29,30.59
2026-08-02T11:10Z,9428.42,66.03,6928.09,61.73,6524.68,10.5,1841.24,101.02,1191.66,31.72
2026-08-02T11:15Z,9396.9,66.03,6875.75,61.07,6489.2,-3.56,1829.57,87.66,1191.84,23.18
2026-08-02T11:20Z,9333.07,64.83,6794.57,59.52,6409.73,5.08,1840.72,87.66,1193.54,26.89
2026-08-02T11:25Z,9316.02,68.44,6862.99,64.93,6427.08,8.94,1829.07,105.08,1194.15,30.04
2026-08-02T11:30Z,9275.55,68.52,6867.22,65.0,6378.75,10.5,1776.53,101.02,1189.82,30.75
2026-08-02T11:35Z,9151.02,69.86,6771.34,64.94,6342.36,8.94,1765.58,53.2,1180.0,30.73
2026-08-02T11:40Z,9082.8,64.83,6795.94,60.67,6345.31,8.94,1784.1,101.02,1173.88,28.81
2026-08-02T11:45Z,9027.98,60.91,6748.55,56.25,6259.77,8.94,1737.35,101.02,1166.05,27.21
2026-08-02T11:50Z,8949.36,58.64,6648.15,53.75,6221.5,8.94,1745.77,101.02,1168.64,26.38
2026-08-02T11:55Z,8811.22,57.47,6664.47,53.71,6114.74,8.94,1738.73,101.02,1150.72,25.93
2026-08-02T12:00Z,8833.48,58.44,6639.98,54.94,6003.52,5.08,1730.61,101.02,1137.34,24.32
2026-08-02T12:05Z,8794.53,60.31,6493.99,55.53,5915.42,22.77,1708.48,101.02,1140.1,33.22
2026-08-02T12:10Z,8849.21,64.95,6501.76,59.81,5887.26,10.5,1686.07,101.02,1140.96,29.21
2026-08-02T12:15Z,8825.8,64.83,6513.17,59.7,5967.48,-1.1,1667.46,101.02,1130.37,23.74
2026-08-02T12:20Z,8752.66,60.32,6473.18,55.53,5854.29,-1.1,1662.92,101.02,1117.96,22.05
2026-08-02T12:25Z,8733.27,58.45,6393.77,53.75,5873.72,8.94,1648.7,56.2,1103.72,10.2
2026-08-02T12:30Z,8642.92,43.01,6375.91,39.8,5839.11,5.08,1642.21,11.23,1092.78,9.16
2026-08-02T12:35Z,8645.14,64.95,6304.12,60.43,5823.86,8.94,1651.53,32.25,1071.66,9.18
2026-08-02T12:40Z,8590.68,58.04,6313.49,53.75,5766.85,5.08,1622.8,25.43,1057.58,9.16
2026-08-02T12:45Z,8453.99,42.54,6241.83,39.8,5682.66,-1.1,1626.05,7.96,1057.31,9.14
2026-08-02T12:50Z,8425.78,57.09,6233.74,53.75,5679.62,-1.1,1640.63,14.19,1028.36,9.18
2026-08-02T12:55Z,8375.7,57.39,6179.7,53.75,5649.96,-1.1,1644.39,29.0,1035.38,20.9
2026-08-02T13:00Z,8324.02,42.54,6117.47,39.8,5572.21,-1.1,1601.07,19.64,1049.22,15.34
2026-08-02T13:05Z,8286.36,57.16,6130.79,53.75,5573.47,8.94,1592.33,30.29,1056.08,24.68
2026-08-02T13:10Z,8309.09,57.39,6116.28,53.75,5650.37,22.67,1583.75,38.98,1031.74,32.61
2026-08-02T13:15Z,8275.5,51.39,6002.4,47.63,5725.6,8.94,1556.56,29.0,1046.79,23.68
2026-08-02T13:20Z,8168.07,57.39,6039.69,53.57,5669.64,3.4,1552.8,29.09,1030.52,23.21
2026-08-02T13:25Z,8147.8,42.8,5994.67,39.75,5671.1,5.08,1530.21,22.94,1020.88,18.58
2026-08-02T13:30Z,8147.24,42.66,6009.92,39.8,5608.3,5.08,1523.78,22.55,1022.37,18.38
2026-08-02T13:35Z,8122.12,58.37,5981.8,53.75,5587.09,5.08,1529.92,29.68,1009.7,25.46
2026-08-02T13:40Z,8053.85,57.59,6036.98,53.75,5508.17,5.08,1549.88,29.0,1000.42,24.49
2026-08-02T13:45Z,7931.23,42.62,5973.43,39.75,5585.38,9.93,1542.06,24.9,995.53,22.59
2026-08-02T13:50Z,7943.29,57.39,5962.78,52.83,5527.85,8.95,1522.41,31.6,996.14,27.51
2026-08-02T13:55Z,7904.36,42.93,5912.28,39.75,5440.78,8.94,1510.35,11.01,990.95,11.16
2026-08-02T14:00Z,7917.48,43.24,5848.8,39.75,5505.48,8.94,1515.28,24.86,978.47,20.73
2026-08-02T14:05Z,7818.8,42.95,5862.78,39.75,5499.87,8.94,1510.22,19.61,982.92,17.15
2026-08-02T14:10Z,7964.34,57.39,5805.42,51.73,5515.16,4.98,1519.07,29.42,972.78,24.67
2026-08-02T14:15Z,7970.29,43.86,5826.32,39.8,5474.9,8.79,1508.17,9.64,966.29,9.18
2026-08-02T14:20Z,7973.46,57.39,5767.4,51.39,5392.33,3.4,1568.2,19.77,962.68,16.58
2026-08-02T14:25Z,7977.22,59.26,5786.9,53.75,5324.83,-1.1,1537.72,14.19,962.54,11.77
2026-08-02T14:30Z,7865.05,43.57,5741.16,39.75,5356.46,0.01,1548.79,20.41,967.18,16.92
2026-08-02T14:35Z,7794.18,38.51,5701.72,35.34,5338.04,8.94,1541.94,22.78,964.79,19.82
2026-08-02T14:40Z,7788.94,57.39,5710.41,52.34,5328.87,8.94,1565.3,30.08,969.95,26.16
2026-08-02T14:45Z,7798.13,61.98,5686.75,55.53,5336.11,10.03,1556.95,11.01,968.27,11.71
2026-08-02T14:50Z,7792.77,57.39,5594.98,50.95,5280.64,8.94,1577.27,23.2,962.3,20.35
2026-08-02T14:55Z,7669.69,44.42,5656.77,39.8,5248.85,8.94,1562.96,14.19,959.0,13.31
2026-08-02T15:00Z,7683.11,45.44,5618.8,40.36,5159.39,5.08,1587.17,24.63,936.74,21.11
2026-08-02T15:05Z,7666.74,60.54,5591.57,53.75,5175.22,5.08,1563.19,22.5,936.06,19.3
2026-08-02T15:10Z,7632.96,57.39,5540.29,50.92,5193.09,8.94,1554.45,22.51,937.1,19.19
2026-08-02T15:15Z,7614.19,57.39,5561.62,51.26,5108.17,-1.1,1539.18,19.68,934.99,16.66
2026-08-02T15:20Z,7545.44,57.39,5518.19,51.23,5139.51,-1.1,1549.21,22.99,926.14,18.68
2026-08-02T15:25Z,7420.91,43.95,5542.8,39.75,5107.47,8.94,1544.24,11.01,932.47,10.11
2026-08-02T15:30Z,7404.23,44.01,5551.33,39.8,5107.5,0.67,1547.58,21.42,931.94,17.53
2026-08-02T15:35Z,7394.87,57.39,5498.5,51.87,5077.35,0.01,1540.81,14.19,943.27,9.18
2026-08-02T15:40Z,7392.35,57.39,5518.48,52.21,4960.74,0.67,1560.14,43.64,952.22,11.15
2026-08-02T15:45Z,7318.75,47.29,5493.09,43.01,4939.04,0.62,1525.04,14.19,960.86,8.47
2026-08-02T15:50Z,7365.8,57.39,5464.8,51.52,5014.26,5.08,1549.25,22.09,940.09,4.99
2026-08-02T15:55Z,7327.84,57.39,5495.07,52.21,5040.28,5.08,1524.46,19.53,938.65,5.0
2026-08-02T16:00Z,7318.1,44.06,5439.0,39.8,4966.05,0.64,1516.98,12.73,933.21,0.63
2026-08-02T16:05Z,7286.12,44.05,5456.17,39.8,4966.28,0.64,1515.97,13.64,926.78,0.63
2026-08-02T16:10Z,7284.25,57.39,5448.49,51.85,4936.58,0.07,1529.83,16.83,919.78,0.07
2026-08-02T16:15Z,7330.86,59.97,5428.54,53.82,4921.77,0.81,1526.84,40.48,929.16,0.8
2026-08-02T16:20Z,7287.87,59.11,5466.83,53.75,4828.13,0.08,1504.98,18.34,933.52,0.08
2026-08-02T16:25Z,7238.82,42.54,5387.81,38.4,4808.25,0.62,1502.68,15.44,931.99,0.08
2026-08-02T16:30Z,7169.58,42.06,5421.08,38.47,4868.96,0.07,1520.67,13.45,925.05,0.07
2026-08-02T16:35Z,7236.85,44.08,5411.65,39.8,4840.38,0.67,1506.96,29.0,929.39,0.66
2026-08-02T16:40Z,7275.9,53.41,5415.03,47.92,4770.77,0.07,1503.55,52.0,940.75,0.07
2026-08-02T16:45Z,7267.18,47.97,5360.18,43.01,4807.58,0.07,1478.65,11.01,947.3,0.07
2026-08-02T16:50Z,7270.61,57.39,5372.39,51.8,4810.27,0.01,1492.26,16.56,939.26,0.07
2026-08-02T16:55Z,7312.84,59.56,5370.0,53.75,4787.72,0.07,1502.04,15.84,939.05,0.07
2026-08-02T17:00Z,7304.97,57.39,5376.26,51.79,4760.86,-0.09,1505.21,16.23,947.41,0.06
2026-08-02T17:05Z,7164.09,43.78,5435.16,39.8,4694.91,-1.1,1486.17,53.0,951.36,0.57
2026-08-02T17:10Z,7154.52,43.45,5442.71,39.75,4731.33,-1.1,1479.23,14.19,965.99,0.06
2026-08-02T17:15Z,7135.07,43.45,5437.92,39.75,4727.26,-1.1,1483.66,17.52,970.9,2.12
2026-08-02T17:20Z,7135.44,43.22,5449.76,39.8,4739.84,-1.1,1490.71,49.02,983.35,9.18
2026-08-02T17:25Z,7144.48,57.2,5427.09,52.32,4791.66,0.01,1456.29,53.0,990.95,9.18
2026-08-02T17:30Z,7129.11,43.51,5418.6,39.8,4746.56,2.59,1450.74,11.89,992.13,9.02
2026-08-02T17:35Z,7124.84,43.45,5433.86,39.75,4772.16,4.93,1485.15,7.96,952.02,4.21
2026-08-02T17:40Z,7120.52,43.17,5441.06,39.75,4766.79,3.39,1482.45,17.3,942.59,9.16
2026-08-02T17:45Z,7135.11,43.45,5436.09,39.75,4760.94,1.42,1460.63,29.0,941.24,11.16
2026-08-02T17:50Z,7116.93,43.18,5431.39,39.75,4747.66,8.94,1446.46,49.02,968.23,9.18
2026-08-02T17:55Z,7057.4,42.61,5472.52,39.75,4779.17,9.47,1432.8,11.01,974.74,9.02
2026-08-02T18:00Z,7096.05,42.61,5464.34,39.75,4728.21,5.08,1456.62,10.03,983.41,8.47
2026-08-02T18:05Z,7117.14,42.8,5463.35,39.75,4773.86,4.27,1456.38,14.19,966.08,0.09
2026-08-02T18:10Z,7126.0,42.8,5532.1,39.8,4797.93,1.22,1473.55,14.19,958.15,1.06
2026-08-02T18:15Z,7144.75,42.83,5567.16,39.75,4746.54,0.14,1462.19,15.03,960.69,0.14
2026-08-02T18:20Z,7194.26,43.14,5586.04,39.8,4828.22,3.63,1467.77,17.03,971.16,3.56
2026-08-02T18:25Z,7179.98,42.83,5553.84,39.75,4810.46,0.16,1459.22,29.0,970.93,0.16
2026-08-02T18:30Z,7108.01,42.8,5626.08,39.8,4748.94,-1.1,1443.05,47.33,986.49,0.16
2026-08-02T18:35Z,7190.67,42.8,5631.76,40.01,4856.54,-0.63,1435.5,29.0,986.23,0.16
2026-08-02T18:40Z,7237.05,57.09,5690.69,53.75,4841.74,-0.62,1459.16,18.06,987.25,0.16
2026-08-02T18:45Z,7230.48,57.39,5773.43,54.44,4838.02,0.01,1465.46,19.33,1003.35,0.87
2026-08-02T18:50Z,7319.8,57.39,5751.18,54.07,4835.43,0.0,1466.29,11.01,1023.47,1.06
2026-08-02T18:55Z,7263.23,56.28,5800.38,53.75,4931.33,1.45,1463.36,1.66,1033.28,2.25
2026-08-02T19:00Z,7275.91,56.28,5806.38,53.75,4973.51,3.33,1470.86,14.19,1045.12,5.04
2026-08-02T19:05Z,7371.04,55.14,5899.4,53.75,4983.08,0.0,1471.1,14.5,1059.41,44.41
2026-08-02T19:10Z,7497.54,64.95,5943.18,62.53,5036.9,0.01,1481.83,52.0,1079.05,0.16
2026-08-02T19:15Z,7628.14,64.95,5973.36,62.95,5106.06,0.16,1455.41,7.96,1076.06,0.16
2026-08-02T19:20Z,7619.16,64.95,5987.21,62.96,5205.78,0.01,1456.53,10.8,1070.17,0.16
2026-08-02T19:25Z,7687.63,69.01,6081.72,67.83,5145.92,-1.1,1455.43,11.35,1076.22,0.18
2026-08-02T19:30Z,7771.18,69.99,6078.96,67.84,5181.12,0.01,1455.7,28.09,1097.08,26.0
2026-08-02T19:35Z,7823.67,47.89,6120.95,47.7,5262.01,-1.1,1454.81,93.44,1105.74,17.38
2026-08-02T19:40Z,7999.23,64.95,6164.52,62.28,5334.04,0.01,1416.97,93.44,1131.96,25.41
2026-08-02T19:45Z,7914.05,69.27,6280.0,67.83,5436.74,-1.1,1415.08,93.44,1142.08,26.54
2026-08-02T19:50Z,7972.85,68.41,6274.56,67.84,5542.59,0.01,1424.38,93.44,1144.8,26.71
2026-08-02T19:55Z,8073.26,57.4,6341.86,55.53,5516.48,0.01,1424.48,94.69,1160.81,22.59
2026-08-02T20:00Z,8208.33,64.95,6391.55,62.07,5615.5,0.01,1432.73,130.44,1161.34,24.58
2026-08-02T20:05Z,8332.17,69.99,6423.51,69.54,5665.18,5.08,1397.6,36.48,1161.65,29.86
2026-08-02T20:10Z,8489.71,66.08,6604.82,64.95,5767.38,9.7,1478.34,54.27,1184.32,33.01
2026-08-02T20:15Z,8599.14,69.99,6655.04,69.72,5924.9,22.67,1508.46,80.44,1180.15,42.58
2026-08-02T20:20Z,8678.22,68.03,6732.84,67.83,6020.14,22.67,1490.39,80.44,1169.36,39.61
2026-08-02T20:25Z,8851.32,64.83,6863.67,65.16,6204.1,10.5,1513.97,80.44,1169.84,32.51
2026-08-02T20:30Z,9062.91,66.03,6884.83,65.96,6300.63,10.5,1520.76,80.44,1169.6,30.57
2026-08-02T20:35Z,9206.22,64.83,6895.47,64.95,6384.74,22.67,1525.55,49.7,1193.03,35.52
2026-08-02T20:40Z,9362.09,66.03,7007.84,66.91,6536.68,22.67,1567.91,80.44,1158.41,34.62
2026-08-02T20:45Z,9481.79,65.02,7094.43,67.68,6672.6,22.67,1577.33,53.2,1180.16,34.23
2026-08-02T20:50Z,9560.1,64.85,7103.83,64.95,6742.37,54.48,1638.11,85.63,1192.3,53.81
2026-08-02T20:55Z,9618.01,66.82,7147.8,67.83,6761.17,22.67,1638.79,80.44,1217.08,34.78
2026-08-02T21:00Z,9803.36,68.57,7156.24,67.83,6873.07,10.5,1657.52,55.9,1229.28,27.15
2026-08-02T21:05Z,9935.94,71.4,7178.54,69.75,6957.98,10.5,1695.03,55.9,1226.48,28.08
2026-08-02T21:10Z,9984.77,65.18,7211.67,64.93,7026.92,10.5,1712.07,55.9,1245.39,26.26
2026-08-02T21:15Z,10052.56,67.34,7187.88,64.95,7176.04,29.33,1743.39,55.9,1269.83,41.93
2026-08-02T21:20Z,10158.0,64.83,7179.45,61.72,7290.2,29.98,1758.57,54.41,1278.73,41.59
2026-08-02T21:25Z,10301.43,71.4,7119.8,65.37,7350.26,33.39,1781.36,55.9,1279.6,47.68
2026-08-02T21:30Z,10333.42,65.03,7067.01,58.74,7445.84,35.03,1790.57,55.9,1294.41,42.92
2026-08-02T21:35Z,10375.99,69.99,6956.24,64.75,7497.51,29.77,1815.26,55.9,1327.82,42.47
2026-08-02T21:40Z,10337.03,69.99,6871.86,63.46,7559.72,31.68,1839.48,55.9,1319.09,43.3
2026-08-02T21:45Z,10305.41,69.99,6851.35,60.66,7621.05,31.61,1868.3,55.9,1346.54,43.48
2026-08-02T21:50Z,10304.86,69.69,6766.89,59.99,7643.22,35.51,1887.41,55.9,1347.41,45.44
2026-08-02T21:55Z,10412.14,64.95,6653.16,53.75,7642.81,28.3,1926.06,55.9,1346.57,39.95
2026-08-02T22:00Z,10466.75,69.99,6541.09,44.74,7597.79,10.65,1924.06,55.9,1348.12,32.84
2026-08-02T22:05Z,10500.97,71.4,6402.73,41.07,7581.31,10.5,1935.27,55.9,1353.54,33.27
2026-08-02T22:10Z,10420.47,64.83,6292.3,39.8,7611.32,12.57,1942.24,55.9,1324.43,27.75
2026-08-02T22:15Z,10516.15,69.69,6181.98,40.7,7584.07,-1.1,1947.08,55.9,1321.75,26.72
2026-08-02T22:20Z,10433.9,64.83,6157.93,41.44,7545.95,8.94,1941.88,80.44,1309.46,29.89
2026-08-02T22:25Z,10472.57,64.58,6116.93,53.75,7424.9,4.08,1932.79,56.2,1305.57,27.17
2026-08-02T22:30Z,10417.12,54.23,5995.45,45.21,7331.12,0.01,1916.45,55.9,1322.02,16.9
2026-08-02T22:35Z,10369.82,88.95,5901.83,75.0,7283.33,0.01,1912.36,54.27,1324.61,7.49
2026-08-02T22:40Z,10207.25,71.4,5835.66,60.16,7278.56,-1.1,1906.84,55.16,1304.49,0.2
2026-08-02T22:45Z,10158.06,69.99,5718.06,57.78,7202.57,-1.1,1880.09,55.9,1305.55,0.2
2026-08-02T22:50Z,10100.68,80.0,5625.23,53.75,7109.25,-1.1,1850.74,18.2,1282.24,0.2
2026-08-02T22:55Z,10092.73,101.1,5527.79,55.53,7018.91,-1.15,1855.19,30.96,1249.25,0.2
2026-08-02T23:00Z,10029.6,69.99,5442.67,43.36,7013.39,-1.1,1823.12,54.59,1300.23,0.2
2026-08-02T23:05Z,10089.51,101.1,5281.97,46.62,6927.21,-1.1,1793.91,59.47,1327.08,2.14
2026-08-02T23:10Z,10025.4,52.25,5162.89,26.81,6895.63,0.01,1765.74,53.2,1338.67,3.14
2026-08-02T23:15Z,10013.98,69.99,5137.76,40.0,6804.47,-1.1,1721.51,10.09,1343.95,0.2
2026-08-02T23:20Z,9970.91,69.99,5052.25,39.75,6637.57,-1.1,1717.33,80.44,1331.06,-1.14
2026-08-02T23:25Z,9955.2,84.09,4996.26,53.75,6543.85,-1.1,1691.83,80.44,1332.25,-1.14
2026-08-02T23:30Z,9813.69,60.45,4850.42,40.0,6430.74,-1.1,1666.49,10.09,1328.15,-1.14
2026-08-02T23:35Z,9733.26,69.99,4830.09,40.0,6380.03,-1.1,1657.88,80.44,1319.3,0.08
2026-08-02T23:40Z,9753.63,69.99,4718.92,40.0,6295.49,-1.1,1624.58,80.44,1304.3,-1.17
2026-08-02T23:45Z,9696.54,69.99,4679.41,39.75,6180.46,-1.1,1575.86,80.44,1289.87,0.08
2026-08-02T23:50Z,9616.49,78.12,4686.38,43.36,6148.13,-1.1,1535.83,10.09,1277.63,-1.17
2026-08-02T23:55Z,9689.41,106.52,4527.85,43.36,6071.08,-1.15,1518.2,10.09,1304.15,0.08
2026-08-03T00:00Z,9543.36,69.99,4564.3,40.26,6002.07,-1.1,1485.76,0.0,1299.2,0.08
2026-08-03T00:05Z,9376.86,92.48,4479.08,40.0,5866.07,-1.15,1470.02,-0.33,1302.39,-1.21
2026-08-03T00:10Z,9399.97,64.95,4395.74,39.8,5864.79,-1.1,1468.41,80.44,1322.55,-1.17
2026-08-03T00:15Z,9339.64,61.02,4380.12,41.79,5790.73,-1.15,1427.69,0.0,1316.27,-1.21
2026-08-03T00:20Z,9210.63,48.1,4389.06,39.8,5729.26,-1.15,1457.64,0.0,1290.74,-1.21
2026-08-03T00:25Z,9190.91,52.25,4410.39,43.73,5678.43,-1.15,1479.18,-0.02,1286.98,-1.21
2026-08-03T00:30Z,8998.73,42.8,4343.42,37.0,5675.7,-1.15,1478.43,0.0,1276.56,-1.21
2026-08-03T00:35Z,8879.96,53.19,4219.98,43.36,5684.44,-1.15,1453.87,-0.51,1260.81,-1.21
2026-08-03T00:40Z,8811.35,52.53,4178.18,43.36,5656.41,-1.15,1489.09,10.65,1253.27,-1.22
2026-08-03T00:45Z,8616.37,31.89,4197.28,27.88,5708.6,-1.1,1473.8,53.0,1233.68,-1.15
2026-08-03T00:50Z,8650.24,47.29,4134.16,39.75,5664.01,-1.1,1429.21,-0.11,1220.86,-1.16
2026-08-03T00:55Z,8490.03,52.21,4270.61,43.36,5740.95,-1.15,1407.12,-0.73,1208.84,-1.22
2026-08-03T01:00Z,8399.39,45.81,4161.77,39.8,5732.37,-1.15,1414.8,-1.0,1207.29,-1.22
2026-08-03T01:05Z,8413.74,42.08,4175.8,35.63,5768.24,-1.1,1386.63,0.43,1208.7,0.04
2026-08-03T01:10Z,8621.94,45.92,4272.47,39.8,5889.99,-1.1,1388.88,-0.99,1197.92,0.04
2026-08-03T01:15Z,8585.09,57.04,4283.82,48.35,6002.66,0.0,1400.24,0.0,1187.39,0.04
2026-08-03T01:20Z,8532.1,58.15,4263.55,48.36,6026.58,0.09,1384.08,11.01,1188.93,0.09
2026-08-03T01:25Z,8454.23,58.01,4431.87,48.36,6048.58,0.0,1360.93,0.01,1184.67,0.08
2026-08-03T01:30Z,8362.26,57.39,4330.95,48.35,5949.37,-1.1,1378.97,-1.06,1167.37,-0.96
2026-08-03T01:35Z,8338.12,65.0,4311.82,53.76,6006.22,-1.1,1338.97,-1.06,1151.88,-1.15
2026-08-03T01:40Z,8338.44,68.02,4367.78,56.66,6012.71,-1.1,1323.05,-1.05,1145.5,-1.15
2026-08-03T01:45Z,8161.31,63.72,4357.74,53.75,6006.36,-1.1,1336.28,11.01,1136.1,-1.15
2026-08-03T01:50Z,8141.84,58.15,4230.25,48.36,5983.73,-1.1,1276.92,1.66,1109.43,0.08
2026-08-03T01:55Z,8026.38,47.27,4326.17,43.01,5845.68,-1.15,1228.53,-1.0,1134.06,0.08
2026-08-03T02:00Z,7946.86,54.53,4302.11,48.35,5864.72,-1.1,1235.61,-0.33,1156.96,0.08
2026-08-03T02:05Z,7777.63,56.3,4297.55,48.36,5912.11,-1.1,1192.34,-1.0,1167.18,0.08
2026-08-03T02:10Z,7675.68,64.25,4260.54,55.53,5876.66,-1.1,1190.35,0.43,1158.85,-0.4
2026-08-03T02:15Z,7510.56,54.49,4326.23,48.35,5819.36,-1.1,1170.26,-1.0,1149.54,-0.4
2026-08-03T02:20Z,7415.31,57.39,4311.74,50.92,5838.25,-1.1,1187.91,-1.0,1142.86,-0.42
2026-08-03T02:25Z,7383.68,59.8,4340.59,53.75,5822.41,-1.1,1169.95,9.1,1125.02,-0.42
2026-08-03T02:30Z,7300.7,57.39,4322.43,51.57,5760.14,-1.1,1127.4,-0.05,1115.31,-1.16
2026-08-03T02:35Z,7226.24,52.79,4320.75,48.36,5739.65,-1.1,1109.74,-0.99,1106.37,-0.41
2026-08-03T02:40Z,7196.25,52.42,4380.71,48.36,5814.35,-1.1,1106.87,-0.33,1101.73,-0.4
2026-08-03T02:45Z,7179.84,57.5,4414.27,53.75,5797.67,-1.1,1103.75,-0.32,1090.43,-1.16
2026-08-03T02:50Z,7181.19,61.63,4402.44,57.23,5707.08,-1.1,1112.03,-0.33,1088.1,0.04
2026-08-03T02:55Z,7092.3,61.97,4439.35,57.23,5703.16,-1.15,1091.12,-0.33,1079.17,0.04
2026-08-03T03:00Z,7127.09,57.46,4436.72,53.75,5654.12,-1.15,1050.74,0.43,1096.31,0.04
2026-08-03T03:05Z,7243.26,56.39,4426.37,53.75,5602.69,-1.1,983.86,0.43,1088.99,0.08
2026-08-03T03:10Z,7275.42,59.72,4455.23,57.3,5558.26,-5.0,954.89,-1.1,1090.0,0.08
2026-08-03T03:15Z,7215.02,57.39,4518.3,57.23,5605.28,-1.15,919.68,-1.0,1099.24,0.09
2026-08-03T03:20Z,7265.55,62.02,4605.9,57.36,5588.25,-1.15,928.29,-0.28,1087.68,0.08
2026-08-03T03:25Z,7327.55,61.18,4657.73,57.36,5626.06,-1.1,924.99,-0.26,1097.75,-1.16
2026-08-03T03:30Z,7238.08,65.0,4673.63,61.75,5558.31,-1.15,952.68,0.43,1109.84,0.09
2026-08-03T03:35Z,7259.66,64.95,4671.49,60.15,5497.11,-1.15,960.34,0.43,1100.88,-1.21
2026-08-03T03:40Z,7172.69,57.39,4725.28,57.23,5528.95,-1.15,966.51,-1.14,1105.92,-1.21
2026-08-03T03:45Z,7207.78,59.47,4827.14,57.36,5549.32,-5.0,980.52,-5.07,1105.62,-5.23
2026-08-03T03:50Z,7141.44,57.98,4835.48,57.36,5545.28,-1.15,1010.52,-1.1,1073.56,-1.2
2026-08-03T03:55Z,7161.29,65.0,4874.23,65.6,5599.21,-1.15,1016.52,-1.17,1085.09,-1.21
2026-08-03T04:00Z,7165.01,60.36,4918.69,61.73,5625.55,-1.1,1018.98,-1.13,1108.86,-0.42
2026-08-03T04:05Z,7224.89,65.0,4994.73,66.12,5626.03,-1.1,1018.51,-1.13,1086.2,-1.16
2026-08-03T04:10Z,7218.5,65.0,5041.96,67.23,5594.18,-1.15,1012.14,-1.18,1100.15,0.09
2026-08-03T04:15Z,7235.5,65.58,5099.32,67.23,5525.12,-1.15,985.61,-1.15,1116.03,0.09
2026-08-03T04:20Z,7147.89,56.65,5141.67,57.36,5594.91,-1.15,989.68,0.29,1117.91,0.09
2026-08-03T04:25Z,7166.4,65.0,5303.26,67.23,5667.27,-1.15,973.01,0.88,1114.78,-0.5
2026-08-03T04:30Z,7212.5,65.0,5295.4,66.38,5767.07,-1.15,970.51,-1.12,1106.56,-0.5
2026-08-03T04:35Z,7298.43,69.22,5376.1,67.23,5754.4,-1.15,982.09,-1.14,1103.19,-1.21
2026-08-03T04:40Z,7311.27,65.0,5428.11,65.67,5833.68,-1.15,976.53,-1.14,1096.4,-1.21
2026-08-03T04:45Z,7346.04,69.22,5510.05,69.1,5894.11,-1.15,966.12,-1.09,1093.75,-1.21
2026-08-03T04:50Z,7365.57,70.99,5553.39,69.1,5897.61,-5.0,923.31,-4.61,1093.03,-5.28
2026-08-03T04:55Z,7513.28,75.99,5625.59,74.02,5874.87,-6.25,941.02,-5.68,1090.1,-6.59
2026-08-03T05:00Z,7572.08,78.41,5705.74,75.0,5867.51,-6.6,950.92,-5.98,1083.89,-6.96
2026-08-03T05:05Z,7682.99,65.0,5739.64,65.91,5833.62,-6.25,941.56,-5.58,1064.88,-6.55
2026-08-03T05:10Z,7695.75,65.0,5800.76,65.73,5828.46,-3.5,989.61,-3.2,1037.24,-3.66
2026-08-03T05:15Z,7815.41,72.0,5872.68,71.38,5775.57,-5.0,962.01,-4.56,1074.37,-5.26
2026-08-03T05:20Z,7928.37,73.15,5990.18,71.81,5784.36,-5.0,974.93,-4.54,1104.59,-5.28
2026-08-03T05:25Z,7980.69,72.0,6051.82,73.99,5748.83,-1.15,1028.06,-1.05,1113.19,0.12
2026-08-03T05:30Z,7988.32,73.05,6101.97,74.02,5789.03,-6.25,1057.32,-5.73,1117.58,9.49
2026-08-03T05:35Z,8011.8,65.0,6152.79,66.02,5821.1,-5.0,1100.08,-4.68,1132.8,9.49
2026-08-03T05:40Z,8117.9,65.0,6176.45,65.6,5938.95,-5.0,1095.52,-4.62,1142.99,-4.58
2026-08-03T05:45Z,8175.92,72.42,6289.41,69.1,6070.67,-5.0,1106.17,-4.63,1147.56,-4.55
2026-08-03T05:50Z,8299.89,72.0,6386.17,69.1,6134.16,-1.15,1140.11,-1.09,1161.92,-0.48
2026-08-03T05:55Z,8384.49,65.0,6440.2,60.96,6315.6,-1.1,1191.83,-1.07,1165.91,88.24
2026-08-03T06:00Z,8512.1,72.73,6464.52,69.1,6394.8,0.0,1210.04,0.0,1171.56,88.24
2026-08-03T06:05Z,8496.13,69.99,6508.35,67.84,6459.92,65.77,1255.36,64.36,1170.45,68.06
2026-08-03T06:10Z,8685.47,71.29,6516.05,69.1,6473.93,68.83,1230.54,67.78,1168.26,71.23
2026-08-03T06:15Z,8750.47,73.07,6558.76,72.25,6366.05,68.91,1254.78,70.15,1165.01,0.2
2026-08-03T06:20Z,8755.28,68.02,6673.39,69.1,6394.46,59.75,1267.06,61.77,1181.02,1.06
2026-08-03T06:25Z,8893.66,73.2,6692.26,74.02,6529.13,10.65,1315.82,39.23,1176.6,33.41
2026-08-03T06:30Z,9044.14,77.16,6827.52,78.51,6605.64,10.65,1350.8,41.13,1172.31,35.42
2026-08-03T06:35Z,8979.28,73.16,6899.84,76.6,6689.41,65.66,1374.09,70.0,1195.37,60.91
2026-08-03T06:40Z,9074.15,84.89,6934.14,85.39,6803.28,76.28,1387.07,80.01,1211.98,70.31
2026-08-03T06:45Z,9190.55,88.05,7018.3,86.97,6904.42,80.5,1408.27,83.81,1234.61,74.65
2026-08-03T06:50Z,9215.24,87.88,7101.39,86.35,7008.77,80.5,1436.38,85.18,1232.15,74.4
2026-08-03T06:55Z,9420.67,95.41,7108.05,93.15,7007.12,88.0,1486.15,93.44,1257.42,81.85
2026-08-03T07:00Z,9508.89,101.24,7189.27,98.31,7119.86,94.59,1530.76,100.23,1270.5,88.24
2026-08-03T07:05Z,9555.22,93.99,7281.96,93.15,7261.16,82.76,1589.9,85.71,1275.67,77.18
2026-08-03T07:10Z,9602.2,97.11,7306.48,93.83,7285.39,87.1,1646.71,92.14,1276.77,80.98
2026-08-03T07:15Z,9745.11,113.5,7327.69,112.54,7288.57,98.87,1722.32,102.41,1283.65,91.07
2026-08-03T07:20Z,9736.59,117.45,7380.4,115.05,7463.02,105.88,1754.0,109.02,1280.39,97.19
2026-08-03T07:25Z,9854.23,101.1,7423.66,94.14,7553.01,94.87,1803.84,101.02,1270.23,87.34
2026-08-03T07:30Z,10135.42,111.02,7545.58,105.53,7657.45,101.15,1843.74,108.13,1274.33,90.48
2026-08-03T07:35Z,10067.91,105.89,7620.05,102.55,7730.56,93.2,1897.19,101.02,1287.27,86.32
2026-08-03T07:40Z,10294.98,101.1,7654.92,97.46,7751.93,90.38,1938.39,98.56,1280.07,83.7
2026-08-03T07:45Z,10446.67,113.5,7732.53,112.34,7912.39,100.12,1980.48,108.08,1292.74,88.24
2026-08-03T07:50Z,10513.97,113.5,7752.68,114.88,7850.18,98.67,2000.23,107.08,1313.29,88.24
2026-08-03T07:55Z,10520.02,101.1,7793.99,97.63,7935.08,90.03,2015.97,94.31,1303.15,82.31
2026-08-03T08:00Z,10667.66,111.02,7866.15,106.59,7978.33,98.24,2070.39,104.39,1307.11,88.24
2026-08-03T08:05Z,10651.1,113.5,7801.83,109.77,8051.94,102.95,2077.51,112.38,1301.08,91.73
2026-08-03T08:10Z,10575.38,112.27,7817.24,108.44,7928.74,98.05,2101.96,108.31,1324.17,88.24
2026-08-03T08:15Z,10477.73,101.81,7779.52,100.21,8014.3,90.56,2132.56,95.93,1338.88,83.31
2026-08-03T08:20Z,10531.37,101.54,7847.92,98.09,8078.01,89.0,2154.31,94.73,1323.28,81.87
2026-08-03T08:25Z,10653.2,122.86,7816.58,116.39,8059.91,108.44,2150.01,120.44,1323.7,98.19
2026-08-03T08:30Z,10538.83,111.02,7793.18,106.51,7946.25,98.05,2161.89,108.3,1338.76,89.08
2026-08-03T08:35Z,10491.12,101.1,7773.24,101.43,7968.96,90.37,2183.86,99.97,1334.63,83.66
2026-08-03T08:40Z,10582.52,106.94,7767.64,102.55,7948.35,94.54,2176.5,101.04,1325.89,87.24
2026-08-03T08:45Z,10594.42,113.5,7722.46,114.52,7971.18,101.07,2175.18,112.99,1303.61,90.65
2026-08-03T08:50Z,10526.82,111.02,7728.01,111.32,7963.75,96.65,2185.66,105.21,1337.93,88.24
2026-08-03T08:55Z,10588.06,101.1,7691.42,96.87,7935.58,90.01,2179.0,96.03,1342.4,84.11
2026-08-03T09:00Z,10469.62,104.76,7687.92,100.38,7941.08,95.61,2181.51,103.74,1334.05,88.24
2026-08-03T09:05Z,10474.99,111.02,7631.13,105.63,7932.75,102.85,2174.67,116.4,1335.57,92.26
2026-08-03T09:10Z,10391.97,111.02,7617.54,111.17,7865.47,98.13,2173.96,111.19,1335.08,88.24
2026-08-03T09:15Z,10325.49,97.64,7564.49,94.51,7747.08,85.34,2166.34,93.44,1333.7,79.77
2026-08-03T09:20Z,10302.18,97.64,7553.2,94.0,7715.87,85.52,2158.82,93.44,1328.59,79.95
2026-08-03T09:25Z,10423.92,111.02,7549.44,113.21,7765.58,96.48,2156.95,107.99,1322.74,88.24
2026-08-03T09:30Z,10367.62,105.89,7475.26,105.82,7784.06,93.51,2163.07,103.14,1319.25,86.87
2026-08-03T09:35Z,10392.22,104.37,7469.87,101.0,7755.1,92.12,2154.73,100.06,1318.3,85.59
2026-08-03T09:40Z,10343.35,105.89,7483.84,105.49,7654.03,91.87,2136.35,100.92,1314.25,85.57
2026-08-03T09:45Z,10240.8,105.89,7471.16,105.49,7721.23,93.36,2133.19,104.04,1315.4,86.74
2026-08-03T09:50Z,10300.16,111.4,7463.21,114.21,7715.16,97.39,2127.87,108.48,1314.46,88.24
2026-08-03T09:55Z,10277.55,104.96,7410.59,105.49,7682.34,91.81,2128.18,100.78,1317.71,85.57
2026-08-03T10:00Z,10214.21,101.1,7422.16,101.63,7644.57,88.39,2121.99,98.14,1294.65,82.38
2026-08-03T10:05Z,10213.72,97.64,7368.39,93.21,7543.14,84.61,2118.87,94.0,1308.76,78.87
2026-08-03T10:10Z,10188.99,101.1,7322.7,100.24,7511.25,88.31,2113.48,100.54,1312.91,82.33
2026-08-03T10:15Z,10263.13,104.1,7269.26,101.78,7474.3,90.16,2123.58,101.04,1306.12,84.05
2026-08-03T10:20Z,10116.95,97.64,7228.98,93.61,7449.67,83.91,2100.94,94.02,1291.27,77.99
2026-08-03T10:25Z,10159.34,104.05,7207.23,101.0,7356.37,87.91,2099.02,98.89,1283.14,81.71
2026-08-03T10:30Z,10167.76,113.39,7225.2,110.8,7391.32,95.82,2102.51,108.16,1276.98,88.23
2026-08-03T10:35Z,10095.03,105.89,7183.05,103.42,7361.92,90.13,2085.34,101.55,1268.77,83.51
2026-08-03T10:40Z,10103.59,103.49,7272.5,103.83,7345.4,88.03,2083.5,95.9,1276.82,81.57
2026-08-03T10:45Z,10064.79,113.5,7234.05,112.53,7224.56,95.03,2079.28,106.1,1272.59,87.56
2026-08-03T10:50Z,10006.24,102.9,7217.4,103.83,7169.8,87.42,2061.38,99.51,1262.63,80.78
2026-08-03T10:55Z,9886.27,98.16,7247.17,99.1,7193.42,83.48,2052.06,95.65,1243.68,76.89
2026-08-03T11:00Z,9856.18,96.03,7202.45,93.22,7173.68,82.97,2052.48,95.68,1256.14,76.43
2026-08-03T11:05Z,9885.05,111.02,7142.88,111.21,7059.19,95.8,2043.38,107.85,1253.6,88.24
2026-08-03T11:10Z,9825.62,105.3,7146.79,105.49,7031.28,90.83,2047.86,103.92,1217.62,82.9
2026-08-03T11:15Z,9742.64,101.1,7098.91,101.87,7005.01,88.13,2007.36,101.04,1215.82,80.68
2026-08-03T11:20Z,9684.67,97.64,7116.41,98.41,6939.05,82.8,2009.86,93.84,1175.35,75.32
2026-08-03T11:25Z,9581.18,95.01,7118.69,95.78,6921.39,80.5,1984.11,91.09,1181.49,73.24
2026-08-03T11:30Z,9663.13,98.63,7103.37,99.4,6841.24,64.64,1976.69,84.4,1184.32,66.85
2026-08-03T11:35Z,9505.56,97.63,7014.9,99.56,6869.13,83.48,1972.52,104.53,1194.42,76.2
2026-08-03T11:40Z,9502.02,113.5,7005.46,114.99,6726.07,54.48,1957.45,101.04,1195.88,68.03
2026-08-03T11:45Z,9406.16,90.49,6952.69,91.77,6745.91,50.78,1919.04,80.0,1195.21,58.54
2026-08-03T11:50Z,9407.67,90.49,6919.06,91.6,6620.37,45.24,1906.53,80.0,1195.12,56.64
2026-08-03T11:55Z,9371.96,101.1,6898.02,102.31,6661.83,75.4,1884.65,145.12,1195.67,75.6
2026-08-03T12:00Z,9210.6,95.0,6824.62,93.01,6642.36,15.57,1839.78,65.18,1184.06,43.85
2026-08-03T12:05Z,9162.43,90.49,6704.15,88.47,6549.47,15.08,1855.14,84.4,1181.51,42.04
2026-08-03T12:10Z,9312.64,90.49,6710.03,90.18,6537.52,45.24,1830.11,130.44,1186.74,57.09
2026-08-03T12:15Z,9174.16,101.1,6742.63,99.52,6387.88,15.08,1796.19,89.54,1173.38,46.03
2026-08-03T12:20Z,9130.11,101.1,6683.85,98.81,6471.68,45.24,1783.69,93.44,1169.92,60.87
2026-08-03T12:25Z,9111.62,96.62,6604.76,93.73,6353.55,15.08,1770.49,93.44,1156.57,44.41
2026-08-03T12:30Z,9052.96,83.99,6545.51,82.75,6281.7,15.08,1756.02,93.44,1147.48,39.59
2026-08-03T12:35Z,8991.23,95.0,6495.96,93.22,6286.94,45.24,1748.56,98.0,1150.11,59.42
2026-08-03T12:40Z,8907.56,113.33,6474.15,109.76,6192.19,10.5,1732.64,93.44,1133.1,49.16
2026-08-03T12:45Z,8842.96,97.63,6414.29,94.48,6203.36,45.24,1711.1,93.44,1121.8,60.14
2026-08-03T12:50Z,8860.74,90.49,6374.94,87.73,6029.38,75.4,1707.13,93.44,1119.54,71.95
2026-08-03T12:55Z,8751.61,97.63,6338.53,93.73,5979.29,53.4,1690.58,93.44,1118.56,64.14
2026-08-03T13:00Z,8729.01,97.92,6321.63,93.73,6016.3,20.68,1666.91,93.44,1123.63,48.11
2026-08-03T13:05Z,8689.8,107.12,6319.52,102.23,5928.87,19.18,1638.27,93.44,1115.43,50.9
2026-08-03T13:10Z,8656.62,97.63,6257.54,92.51,6064.26,45.24,1621.11,93.44,1094.26,60.29
2026-08-03T13:15Z,8614.72,97.65,6352.12,93.83,6118.53,63.44,1606.72,93.44,1094.93,69.33
2026-08-03T13:20Z,8483.94,95.0,6239.76,89.44,6084.25,22.67,1598.69,80.0,1090.25,48.14
2026-08-03T13:25Z,8594.18,95.0,6161.3,87.73,6078.39,35.94,1587.72,80.0,1088.66,54.62
2026-08-03T13:30Z,8402.16,84.79,6184.19,79.78,6072.72,45.24,1581.53,69.58,1086.23,55.52
2026-08-03T13:35Z,8365.14,84.79,6165.9,79.25,6037.83,-1.1,1598.41,41.77,1079.89,32.39
2026-08-03T13:40Z,8398.95,95.0,6236.36,88.32,5968.92,19.18,1613.41,93.44,1073.3,46.54
2026-08-03T13:45Z,8341.95,83.99,6140.06,78.0,5891.93,17.78,1598.26,101.0,1071.11,41.44
2026-08-03T13:50Z,8258.86,72.6,6124.41,67.84,5884.17,19.18,1578.36,101.0,1074.12,37.59
2026-08-03T13:55Z,8272.44,83.33,6081.66,77.17,5863.28,35.94,1584.88,64.32,1068.5,49.84
2026-08-03T14:00Z,8300.76,84.79,6039.17,78.14,5785.37,20.68,1566.27,62.43,1067.88,42.81
2026-08-03T14:05Z,8226.62,73.64,6007.39,67.84,5823.41,8.94,1564.15,101.0,1062.05,32.75
2026-08-03T14:10Z,8404.44,92.92,6017.0,84.5,5849.24,35.94,1566.12,101.0,1058.85,53.38
2026-08-03T14:15Z,8314.33,84.79,6069.36,78.15,5796.88,15.08,1567.64,89.54,1054.13,40.25
2026-08-03T14:20Z,8326.39,83.99,5966.52,75.87,5825.03,35.94,1584.89,93.44,1055.85,50.15
2026-08-03T14:25Z,8291.91,83.99,5945.9,75.85,5665.64,8.94,1581.27,93.44,1058.41,36.87
2026-08-03T14:30Z,8354.11,84.02,5897.98,75.82,5749.84,19.18,1581.12,101.04,1060.43,41.88
2026-08-03T14:35Z,8292.51,75.25,5829.13,67.84,5705.8,20.68,1580.21,107.0,1065.17,39.28
2026-08-03T14:40Z,8238.58,83.99,5814.04,76.19,5630.0,19.18,1606.37,101.47,1059.66,41.88
2026-08-03T14:45Z,8165.66,83.99,5852.05,76.71,5638.86,45.81,1603.16,107.0,1057.21,54.58
2026-08-03T14:50Z,8057.59,83.99,5874.26,77.23,5627.1,15.08,1609.18,98.0,1049.26,39.98
2026-08-03T14:55Z,8102.57,73.86,5775.3,67.83,5613.89,15.08,1604.94,101.04,1039.41,35.92
2026-08-03T15:00Z,8067.01,73.88,5764.59,67.84,5537.79,45.24,1589.81,93.44,1029.36,50.26
2026-08-03T15:05Z,8044.1,83.99,5741.97,74.22,5543.66,23.1,1588.22,93.44,1035.61,43.74
2026-08-03T15:10Z,8065.76,83.99,5719.69,73.74,5527.17,20.63,1553.87,93.44,1031.14,42.59
2026-08-03T15:15Z,7904.82,77.7,5732.63,69.1,5441.28,45.24,1556.73,106.04,1031.97,51.97
2026-08-03T15:20Z,7826.3,75.31,5739.7,67.84,5504.65,35.94,1556.57,93.44,1037.69,46.5
2026-08-03T15:25Z,7784.74,74.87,5713.91,67.84,5428.91,18.46,1553.45,101.04,1027.06,37.83
2026-08-03T15:30Z,7757.67,74.41,5693.88,67.84,5441.47,45.24,1559.17,93.44,1017.08,50.52
2026-08-03T15:35Z,7723.96,73.44,5729.99,67.84,5427.59,45.24,1547.49,93.44,1038.55,50.4
2026-08-03T15:40Z,7782.93,73.97,5666.4,67.84,5346.34,15.08,1536.05,84.4,1040.77,35.93
2026-08-03T15:45Z,7747.73,74.89,5683.63,67.84,5418.01,45.24,1531.43,88.06,1042.73,51.14
2026-08-03T15:50Z,7727.13,81.97,5700.0,73.8,5419.96,35.94,1535.95,89.54,1042.98,49.41
2026-08-03T15:55Z,7653.05,73.32,5621.78,67.23,5383.59,45.24,1517.12,93.44,1040.15,50.4
2026-08-03T16:00Z,7649.21,67.79,5590.73,61.73,5351.53,10.65,1524.86,107.0,1044.53,31.39
2026-08-03T16:05Z,7549.95,71.91,5649.47,67.23,5360.13,45.24,1504.74,107.78,1042.7,50.04
2026-08-03T16:10Z,7710.42,74.5,5591.23,67.84,5307.48,35.94,1518.44,101.04,1049.14,46.23
2026-08-03T16:15Z,7602.98,73.99,5629.36,67.84,5294.37,35.94,1506.19,93.44,1042.38,46.04
2026-08-03T16:20Z,7631.65,74.48,5619.88,67.84,5199.14,15.08,1499.61,93.44,1040.92,35.99
2026-08-03T16:25Z,7657.93,80.62,5612.96,72.5,5259.32,20.68,1501.96,101.04,1044.42,41.23
2026-08-03T16:30Z,7599.97,77.34,5594.37,69.1,5259.46,65.68,1494.93,101.04,1044.29,62.75
2026-08-03T16:35Z,7492.31,74.06,5545.26,67.84,5201.28,35.94,1482.49,93.44,1040.04,46.15
2026-08-03T16:40Z,7537.53,84.79,5599.25,77.72,5208.7,20.68,1471.25,66.39,1042.06,42.8
2026-08-03T16:45Z,7512.57,83.99,5603.09,76.49,5146.91,20.65,1500.31,93.44,1043.68,42.65
2026-08-03T16:50Z,7538.27,83.99,5632.95,77.01,5190.83,45.24,1470.46,93.44,1046.12,54.86
2026-08-03T16:55Z,7502.31,74.02,5599.83,67.84,5124.45,55.42,1474.27,101.04,1043.68,55.89
2026-08-03T17:00Z,7411.43,69.99,5620.59,65.83,5064.55,45.24,1465.53,101.04,1036.16,49.29
2026-08-03T17:05Z,7462.96,72.63,5582.08,67.84,5094.64,50.94,1473.94,101.04,1041.52,53.13
2026-08-03T17:10Z,7470.53,72.18,5567.07,67.84,5136.98,65.57,1467.18,93.44,1037.19,60.2
2026-08-03T17:15Z,7432.84,73.02,5599.83,69.1,5130.87,66.33,1453.83,93.44,1035.3,60.9
2026-08-03T17:20Z,7396.42,70.42,5598.21,67.84,5126.84,64.0,1451.96,82.33,1035.74,58.76
2026-08-03T17:25Z,7380.55,71.58,5663.38,69.1,5135.76,55.42,1436.83,89.54,1036.4,54.95
2026-08-03T17:30Z,7401.11,69.99,5617.44,67.83,5131.33,8.94,1437.51,101.0,1037.83,31.18
2026-08-03T17:35Z,7328.52,69.99,5601.65,67.51,5032.18,15.08,1429.98,93.44,1033.93,34.17
2026-08-03T17:40Z,7376.6,61.53,5630.56,57.87,5139.13,55.42,1434.03,93.44,1043.37,50.72
2026-08-03T17:45Z,7504.52,71.24,5597.51,67.84,5117.83,45.24,1428.0,93.44,1038.89,49.29
2026-08-03T17:50Z,7366.23,68.32,5653.55,67.23,5042.51,20.68,1424.79,93.44,1038.51,35.9
2026-08-03T17:55Z,7479.45,80.85,5655.16,78.54,5146.01,15.08,1421.53,93.44,1044.62,38.08
2026-08-03T18:00Z,7389.02,69.99,5665.05,67.23,5127.93,8.94,1420.63,93.44,1042.4,30.99
2026-08-03T18:05Z,7354.17,64.95,5639.88,61.88,5120.6,58.35,1415.64,91.44,1033.03,53.07
2026-08-03T18:10Z,7415.58,93.51,5689.92,91.47,5047.56,35.94,1410.99,91.44,1033.95,53.44
2026-08-03T18:15Z,7463.67,76.0,5736.34,72.5,5075.26,8.94,1402.59,89.54,1039.35,33.42
2026-08-03T18:20Z,7487.91,71.12,5735.46,67.84,5134.77,35.94,1408.65,80.44,1042.4,44.9
2026-08-03T18:25Z,7489.57,71.1,5753.08,67.84,5165.3,45.24,1410.98,89.54,1056.44,49.62
2026-08-03T18:30Z,7524.41,94.46,5831.67,93.15,5125.84,35.94,1407.82,89.54,1040.28,53.64
2026-08-03T18:35Z,7515.13,83.99,5870.56,81.81,5207.28,45.24,1394.52,91.44,1041.01,54.41
2026-08-03T18:40Z,7591.07,80.0,5936.94,76.5,5229.59,36.42,1406.36,91.44,1041.06,48.36
2026-08-03T18:45Z,7608.79,80.0,5890.54,75.5,5284.24,20.65,1405.03,80.44,1047.53,40.75
2026-08-03T18:50Z,7565.65,80.0,5962.72,76.55,5230.92,35.94,1433.06,84.4,1047.78,48.15
2026-08-03T18:55Z,7558.01,80.0,5961.03,76.55,5231.78,35.94,1421.97,91.44,1057.36,48.24
2026-08-03T19:00Z,7609.57,84.79,5994.26,81.16,5322.23,35.94,1408.73,91.44,1062.74,50.34
2026-08-03T19:05Z,7732.27,95.0,5978.11,92.07,5360.4,45.24,1401.71,72.59,1079.25,58.65
2026-08-03T19:10Z,7859.83,89.85,6073.53,87.73,5417.56,45.24,1415.39,80.44,1091.01,56.63
2026-08-03T19:15Z,7915.85,95.0,6141.1,94.04,5516.78,34.64,1417.5,87.04,1096.91,53.77
2026-08-03T19:20Z,8023.69,97.64,6239.37,97.39,5531.29,35.94,1413.68,68.39,1104.84,55.35
2026-08-03T19:25Z,8107.23,97.65,6257.07,98.05,5572.72,69.35,1412.32,88.06,1102.27,72.21
2026-08-03T19:30Z,8177.31,101.1,6319.47,102.25,5528.38,67.03,1418.71,88.06,1107.05,72.33
2026-08-03T19:35Z,8218.23,97.64,6409.52,97.61,5586.69,45.24,1429.78,89.54,1111.05,60.35
2026-08-03T19:40Z,8297.16,95.0,6443.04,95.61,5751.51,35.94,1440.97,91.03,1114.37,54.81
2026-08-03T19:45Z,8368.08,97.63,6488.42,98.31,5850.02,35.94,1454.59,80.64,1121.9,55.94
2026-08-03T19:50Z,8373.28,92.42,6549.92,93.75,5806.67,35.94,1475.07,88.06,1130.69,54.44
2026-08-03T19:55Z,8535.68,90.49,6576.48,89.48,5912.66,62.95,1469.64,91.44,1142.51,67.47
2026-08-03T20:00Z,8594.63,101.1,6687.86,101.41,6012.64,62.95,1480.71,91.44,1151.22,71.8
2026-08-03T20:05Z,8745.54,90.49,6690.66,90.0,6077.71,56.05,1483.63,89.54,1160.57,65.14
2026-08-03T20:10Z,8886.43,91.03,6798.77,93.21,6189.46,61.42,1504.28,89.54,1180.55,68.17
2026-08-03T20:15Z,9078.65,92.64,6941.72,93.21,6307.38,62.95,1510.77,89.54,1198.72,70.01
2026-08-03T20:20Z,9270.26,97.64,7018.49,99.6,6392.12,61.42,1529.81,89.54,1209.08,71.54
2026-08-03T20:25Z,9347.56,99.9,7105.06,102.8,6519.91,56.67,1535.03,89.54,1222.8,69.9
2026-08-03T20:30Z,9510.1,97.64,7111.4,97.83,6662.19,92.52,1558.72,102.66,1233.7,88.24
2026-08-03T20:35Z,9560.76,83.99,7168.23,86.41,6670.53,74.97,1564.07,89.54,1258.98,73.06
2026-08-03T20:40Z,9714.47,84.79,7285.23,87.36,6827.07,75.48,1604.08,84.47,1288.49,73.94
2026-08-03T20:45Z,9837.99,97.64,7383.77,101.0,6942.45,89.0,1617.31,99.55,1300.31,88.13
2026-08-03T20:50Z,9992.26,98.34,7422.33,102.8,7056.44,90.5,1622.35,99.45,1316.01,88.24
2026-08-03T20:55Z,10063.64,101.1,7406.88,101.0,7059.39,91.42,1660.51,101.04,1323.71,88.24
2026-08-03T21:00Z,10190.32,101.1,7346.75,100.24,7165.4,91.92,1683.84,101.04,1334.3,88.24
2026-08-03T21:05Z,10267.48,101.1,7368.03,102.8,7331.51,92.22,1698.71,100.2,1340.25,88.24
2026-08-03T21:10Z,10353.5,101.1,7418.2,102.8,7312.54,91.8,1690.98,99.31,1345.28,88.24
2026-08-03T21:15Z,10443.24,101.1,7465.74,99.73,7560.95,75.71,1719.65,88.43,1349.83,80.6
2026-08-03T21:20Z,10569.83,126.69,7415.77,123.29,7562.36,75.48,1754.46,101.04,1354.53,88.24
2026-08-03T21:25Z,10606.06,93.07,7312.48,85.39,7709.66,88.4,1765.79,95.34,1364.37,86.17
2026-08-03T21:30Z,10614.17,88.56,7241.95,79.65,7772.38,85.64,1801.34,91.44,1371.25,83.87
2026-08-03T21:35Z,10487.17,90.49,7089.58,85.5,7864.83,86.65,1811.37,91.44,1376.05,83.33
2026-08-03T21:40Z,10424.02,82.31,6932.07,75.16,7821.95,78.58,1839.98,84.4,1431.09,78.1
2026-08-03T21:45Z,10381.03,75.79,6794.6,66.09,7867.51,75.52,1882.24,81.94,1437.61,75.53
2026-08-03T21:50Z,10315.66,72.02,6698.52,60.78,7903.64,75.48,1908.23,84.99,1443.6,74.42
2026-08-03T21:55Z,10189.31,66.03,6583.02,53.75,7865.01,68.23,1938.94,80.0,1433.86,66.61
2026-08-03T22:00Z,10146.84,64.89,6562.26,52.62,7840.75,66.39,1953.89,80.0,1436.45,65.84
2026-08-03T22:05Z,9997.2,56.77,6557.18,44.91,7824.44,56.05,1952.16,80.0,1430.32,56.43
2026-08-03T22:10Z,9968.29,56.73,6475.32,40.05,7797.09,56.05,1954.8,80.44,1427.97,56.62
2026-08-03T22:15Z,9893.76,57.12,6302.82,39.75,7864.44,56.05,1963.37,63.6,1429.0,56.56
2026-08-03T22:20Z,9720.85,69.99,6190.78,0.14,7848.66,66.57,1975.71,80.44,1420.07,65.92
2026-08-03T22:25Z,9526.62,58.95,6078.74,8.0,7773.68,56.05,1944.28,80.44,1414.2,56.4
2026-08-03T22:30Z,9625.96,59.05,5943.09,22.85,7751.46,56.11,1950.72,89.54,1406.65,55.89
2026-08-03T22:35Z,9289.02,64.95,5851.2,26.81,7595.77,63.28,1935.68,80.44,1402.12,62.96
2026-08-03T22:40Z,9418.63,69.99,5774.49,26.81,7551.26,68.08,1937.49,80.0,1393.88,67.73
2026-08-03T22:45Z,9293.67,65.0,5690.78,26.81,7541.27,64.28,1927.21,84.4,1385.44,65.06
2026-08-03T22:50Z,8954.15,64.95,5602.35,22.85,7526.27,64.84,1910.48,80.44,1378.47,65.4
2026-08-03T22:55Z,8964.35,54.0,5492.64,22.85,7492.33,56.05,1894.4,80.44,1379.8,55.94
2026-08-03T23:00Z,8889.61,52.25,5391.63,13.27,7488.53,54.69,1882.86,68.02,1376.73,54.31
2026-08-03T23:05Z,8637.74,65.0,5307.55,13.26,7509.85,75.48,1863.98,91.25,1369.47,74.45
2026-08-03T23:10Z,8636.0,65.0,5260.1,13.27,7454.15,70.85,1828.48,91.44,1371.68,68.72
2026-08-03T23:15Z,8548.05,64.95,5183.56,22.85,7330.33,67.76,1797.02,101.02,1362.89,65.74
2026-08-03T23:20Z,8423.75,52.25,5138.08,13.27,7279.75,54.94,1778.55,91.44,1352.48,52.68
2026-08-03T23:25Z,8287.69,29.67,5011.82,6.83,7242.88,30.21,1784.59,53.66,1340.54,29.57
2026-08-03T23:30Z,8282.56,52.25,5014.12,2.79,7273.47,51.46,1759.46,80.0,1340.27,49.88
2026-08-03T23:35Z,8154.62,57.39,4886.53,2.79,7235.93,36.42,1747.59,57.82,1334.24,44.15
2026-08-03T23:40Z,8112.15,52.25,4827.58,0.73,7180.19,51.02,1751.67,101.04,1329.58,50.36
2026-08-03T23:45Z,8081.66,52.25,4770.49,0.73,7222.24,51.81,1716.92,91.44,1325.34,52.55
2026-08-03T23:50Z,8017.35,42.8,4712.77,0.13,7186.56,43.76,1689.55,50.94,1314.8,42.65
2026-08-03T23:55Z,7962.48,52.25,4633.95,0.13,7128.36,54.36,1697.39,80.0,1310.27,52.7
2026-08-04T00:00Z,7674.39,52.21,4566.23,2.79,7120.01,55.25,1667.65,80.44,1303.78,53.55
2026-08-04T00:05Z,7732.94,52.21,4499.46,0.13,7024.56,54.66,1651.44,95.3,1296.2,88.24
2026-08-04T00:10Z,7653.68,52.25,4488.56,0.13,7129.26,55.25,1647.9,91.44,1302.54,88.24
2026-08-04T00:15Z,7615.95,52.25,4474.73,0.13,7075.01,55.25,1636.59,80.44,1292.21,54.93
2026-08-04T00:20Z,7459.09,52.25,4385.2,0.0,7110.5,55.72,1651.8,80.44,1278.49,55.01
2026-08-04T00:25Z,7395.3,52.21,4369.09,0.01,7098.23,54.73,1633.2,80.0,1273.3,53.05
2026-08-04T00:30Z,7311.67,52.25,4309.92,0.01,7102.83,56.62,1616.44,80.44,1266.26,54.85
2026-08-04T00:35Z,7251.63,52.25,4265.52,0.01,7080.13,57.07,1609.12,80.44,1263.25,57.18
2026-08-04T00:40Z,7216.81,29.23,4216.7,0.01,6999.21,30.21,1643.65,80.0,1252.88,30.07
2026-08-04T00:45Z,7164.72,52.21,4172.68,0.03,7107.3,55.81,1641.41,80.44,1250.48,54.62
2026-08-04T00:50Z,7015.07,42.8,4136.21,0.01,7062.25,45.09,1675.05,80.44,1241.88,43.97
2026-08-04T00:55Z,7033.26,42.5,4108.71,0.01,7083.15,43.39,1675.91,91.44,1249.97,43.06
2026-08-04T01:00Z,6939.14,42.54,4083.31,-2.15,7078.97,44.5,1666.5,80.44,1246.54,43.9
2026-08-04T01:05Z,6903.71,52.21,4062.28,0.0,7079.55,55.97,1659.34,80.74,1239.05,88.24
2026-08-04T01:10Z,6899.34,52.21,4155.98,0.01,7263.88,57.87,1649.92,80.44,1232.89,88.24
2026-08-04T01:15Z,6826.5,52.21,4042.35,0.0,7313.73,57.43,1652.89,80.44,1233.35,88.24
2026-08-04T01:20Z,6832.95,52.21,4029.49,-2.15,7256.55,58.35,1646.41,102.51,1226.16,88.24
2026-08-04T01:25Z,6738.14,50.94,4140.18,0.0,7334.98,58.35,1625.34,97.58,1227.06,88.24
2026-08-04T01:30Z,6600.49,39.72,4039.18,0.0,7400.57,58.35,1611.91,74.92,1210.69,58.01
2026-08-04T01:35Z,6733.07,41.88,3973.62,0.0,7400.62,47.11,1596.4,80.44,1214.07,47.51
2026-08-04T01:40Z,6674.57,0.0,4073.93,0.0,7489.04,64.0,1627.08,96.66,1215.33,88.24
2026-08-04T01:45Z,6730.22,32.83,4020.76,0.0,7546.45,64.97,1608.15,91.44,1207.07,63.9
2026-08-04T01:50Z,6673.52,52.25,3937.21,-2.15,7515.96,87.64,1599.49,99.73,1207.04,88.24
2026-08-04T01:55Z,6492.52,52.25,3996.12,-2.5,7420.75,80.02,1590.68,91.44,1209.24,88.24
2026-08-04T02:00Z,6350.43,42.8,3951.07,-2.5,7406.34,53.35,1589.22,80.44,1208.74,54.48
2026-08-04T02:05Z,6485.87,42.5,3942.39,-2.15,7299.24,47.09,1596.49,88.06,1200.24,88.24
2026-08-04T02:10Z,6508.79,52.25,3911.24,0.0,7366.31,61.42,1586.99,88.06,1201.27,65.5
2026-08-04T02:15Z,6436.83,42.54,3894.76,-2.5,7425.65,75.4,1552.18,88.06,1195.07,73.86
2026-08-04T02:20Z,6396.76,42.54,3911.71,-2.15,7395.49,75.4,1551.02,88.06,1187.24,73.31
2026-08-04T02:25Z,6315.59,11.78,3937.99,-3.0,7352.88,58.35,1535.84,88.06,1175.47,57.0
2026-08-04T02:30Z,6375.14,23.99,3966.56,-3.51,7293.31,61.42,1530.01,91.44,1167.18,59.4
2026-08-04T02:35Z,6321.37,-3.09,3935.43,-2.5,7251.43,70.18,1482.15,91.44,1166.42,67.96
2026-08-04T02:40Z,6419.92,23.99,3966.23,-2.5,7258.5,61.42,1505.1,87.65,1159.36,59.59
2026-08-04T02:45Z,6298.63,-6.1,3914.65,-5.0,7213.45,74.75,1533.5,118.65,1159.97,74.33
2026-08-04T02:50Z,6288.44,8.52,3915.63,-3.51,7280.33,61.42,1504.11,101.0,1160.94,61.57
2026-08-04T02:55Z,6342.81,23.95,3918.3,-3.73,7165.19,99.21,1507.52,111.71,1156.24,93.07
2026-08-04T03:00Z,6250.21,10.94,3916.04,-3.51,7235.73,93.87,1452.41,101.02,1161.89,88.32
2026-08-04T03:05Z,6327.78,20.88,3901.99,-3.51,7200.22,84.42,1448.71,93.02,1161.38,82.24
2026-08-04T03:10Z,6252.53,23.99,3969.58,-5.0,7277.5,98.5,1469.72,106.02,1153.31,92.96
2026-08-04T03:15Z,6212.67,-6.0,3960.42,-6.14,7292.91,97.12,1410.97,102.51,1162.38,92.59
2026-08-04T03:20Z,6242.42,-6.83,3968.6,-6.5,7291.97,99.21,1417.15,103.53,1156.5,94.3
2026-08-04T03:25Z,6311.78,25.04,4002.79,-3.0,7216.41,94.31,1412.05,101.02,1155.76,89.71
2026-08-04T03:30Z,6140.65,-7.09,4098.18,-6.01,7177.4,92.71,1412.53,101.0,1149.91,88.24
2026-08-04T03:35Z,6248.02,-3.0,4164.58,-2.5,7213.86,84.42,1401.33,93.5,1141.29,81.38
2026-08-04T03:40Z,6360.15,23.99,4113.51,-2.5,7189.95,91.07,1428.23,101.0,1148.23,88.24
2026-08-04T03:45Z,6208.37,-2.97,4223.67,-2.5,7127.66,92.13,1390.68,101.0,1146.01,88.24
2026-08-04T03:50Z,6245.77,-6.9,4229.23,-6.01,7228.21,124.42,1358.33,127.4,1150.86,116.0
2026-08-04T03:55Z,6376.58,-3.65,4279.79,-3.0,7178.99,104.67,1317.94,107.18,1161.37,100.24
2026-08-04T04:00Z,6361.77,-7.14,4270.25,-6.14,7167.87,123.58,1322.7,124.16,1159.24,115.6
2026-08-04T04:05Z,6322.2,-5.01,4259.6,-4.17,7121.13,124.31,1268.48,124.16,1169.18,116.28
2026-08-04T04:10Z,6346.83,-6.0,4304.64,-5.19,6953.58,119.72,1291.0,124.16,1170.89,112.38
2026-08-04T04:15Z,6343.74,-7.65,4382.88,-6.76,6851.1,89.0,1282.2,95.36,1174.31,87.43
2026-08-04T04:20Z,6427.28,-7.8,4405.68,-7.16,6882.54,94.31,1324.44,101.02,1170.09,90.04
2026-08-04T04:25Z,6509.55,-7.66,4410.23,-6.76,6855.93,94.74,1329.61,101.02,1176.29,90.47
2026-08-04T04:30Z,6530.66,-7.21,4520.89,-6.34,6772.4,92.07,1318.41,101.02,1167.85,88.24
2026-08-04T04:35Z,6607.18,-5.01,4569.76,-4.09,6840.04,98.5,1284.85,108.92,1168.26,91.91
2026-08-04T04:40Z,6666.9,-4.2,4624.41,-3.51,6856.08,91.79,1264.17,101.04,1179.0,88.24
2026-08-04T04:45Z,6762.1,-7.09,4619.08,-6.01,6884.43,89.17,1278.19,101.0,1178.17,86.36
2026-08-04T04:50Z,6828.38,-8.12,4521.12,-6.78,6908.78,92.25,1290.43,104.78,1176.49,88.24
2026-08-04T04:55Z,6875.19,-2.0,4583.77,-6.78,6845.2,90.33,1269.36,101.04,1189.53,88.24
2026-08-04T05:00Z,6909.91,-8.1,4680.62,-6.78,6957.86,92.09,1278.56,101.04,1194.33,88.24
2026-08-04T05:05Z,7027.89,-8.11,4733.02,-7.01,7015.9,92.34,1287.44,101.0,1178.1,88.24
2026-08-04T05:10Z,7084.04,-7.35,4817.34,-6.01,6841.9,91.56,1276.5,101.0,1176.21,88.24
2026-08-04T05:15Z,7113.65,-7.73,5014.14,-6.54,6909.55,93.32,1288.73,104.78,1182.11,88.24
2026-08-04T05:20Z,7257.59,-5.86,5187.13,-5.0,6931.15,94.29,1302.47,105.01,1185.25,88.24
2026-08-04T05:25Z,7366.73,22.85,5277.43,-2.5,6926.81,124.42,1325.83,139.01,1192.53,114.29
2026-08-04T05:30Z,7471.23,42.54,5356.4,-2.15,6829.23,92.68,1309.09,124.16,1200.35,88.24
2026-08-04T05:35Z,7557.49,23.2,5413.78,0.01,6892.63,93.01,1339.98,124.16,1194.67,88.24
2026-08-04T05:40Z,7607.58,27.13,5515.33,24.29,6925.68,94.0,1351.47,124.16,1200.21,88.24
2026-08-04T05:45Z,7759.59,23.95,5582.38,22.15,7043.31,115.89,1365.7,138.04,1206.81,106.43
2026-08-04T05:50Z,7892.9,23.64,5714.64,21.76,7087.43,130.36,1393.47,145.24,1217.69,119.72
2026-08-04T05:55Z,7943.37,69.99,5837.16,65.36,7157.76,73.34,1393.43,137.11,1206.23,88.24
2026-08-04T06:00Z,8084.53,76.78,5932.9,70.0,7241.45,80.5,1414.07,138.04,1200.4,77.61
2026-08-04T06:05Z,8220.32,82.72,6034.81,75.01,7344.59,86.33,1454.86,138.0,1198.44,83.21
2026-08-04T06:10Z,8385.34,59.39,6137.33,53.75,7315.74,61.45,1457.78,104.78,1173.59,59.06
2026-08-04T06:15Z,8392.19,38.51,6233.75,34.9,7274.7,39.31,1515.7,170.1,1174.32,38.02
2026-08-04T06:20Z,8618.0,75.23,6408.02,68.76,7348.95,75.4,1505.5,130.0,1190.34,72.28
2026-08-04T06:25Z,8646.7,88.01,6490.21,79.5,7460.46,88.33,1535.27,138.0,1195.03,84.29
2026-08-04T06:30Z,8854.59,95.3,6615.51,85.66,7520.71,94.97,1565.31,129.52,1201.54,88.24
2026-08-04T06:35Z,8946.68,95.04,6707.56,87.74,7534.5,94.68,1566.77,138.0,1217.77,88.24
2026-08-04T06:40Z,9148.36,112.64,6828.16,102.8,7584.33,110.4,1569.31,119.95,1211.29,99.7
2026-08-04T06:45Z,9302.25,117.41,6867.78,107.21,7668.44,115.11,1600.69,124.16,1227.11,104.28
2026-08-04T06:50Z,9394.27,129.32,7008.21,117.55,7753.61,127.56,1611.21,138.0,1231.97,116.27
2026-08-04T06:55Z,9515.04,131.89,7070.49,120.73,7718.12,132.56,1637.51,144.78,1244.42,120.84
2026-08-04T07:00Z,9594.54,131.88,7134.89,119.3,7822.28,160.17,1660.47,172.95,1256.97,145.07
2026-08-04T07:05Z,9707.5,124.98,7262.29,117.55,7846.0,121.94,1702.65,134.59,1262.0,109.74
2026-08-04T07:10Z,9775.19,113.5,7182.06,102.55,7877.2,108.36,1743.12,115.73,1268.66,97.51
2026-08-04T07:15Z,9818.46,122.86,7226.47,113.41,7931.87,117.62,1801.94,126.99,1288.63,105.16
2026-08-04T07:20Z,9918.25,124.98,7342.84,119.3,7979.96,119.75,1819.1,129.41,1296.24,107.41
2026-08-04T07:25Z,10145.89,128.82,7344.26,119.3,8101.45,123.55,1851.75,131.48,1314.97,110.8
2026-08-04T07:30Z,10253.21,133.5,7410.85,121.12,8098.79,130.21,1876.8,138.27,1319.33,117.53
2026-08-04T07:35Z,10299.72,124.98,7524.86,117.55,8237.82,122.18,1922.64,130.44,1339.62,110.96
2026-08-04T07:40Z,10505.61,137.89,7581.12,126.17,8280.54,138.11,1934.87,145.65,1347.01,125.41
2026-08-04T07:45Z,10498.43,130.01,7708.28,121.12,8373.47,131.64,1970.01,140.73,1344.43,119.52
2026-08-04T07:50Z,10686.89,131.82,7676.33,119.99,8403.47,133.41,2007.3,145.12,1336.49,121.12
2026-08-04T07:55Z,10788.32,136.66,7706.48,126.56,8387.23,134.21,2036.65,145.12,1354.84,122.24
2026-08-04T08:00Z,10841.88,130.01,7718.08,120.4,8433.83,126.78,2062.9,138.82,1365.57,115.84
2026-08-04T08:05Z,10887.43,124.98,7755.69,119.99,8500.58,116.5,2115.18,129.4,1369.12,106.43
2026-08-04T08:10Z,10845.16,124.98,7741.73,118.27,8427.8,114.81,2140.16,127.34,1360.08,104.56
2026-08-04T08:15Z,10902.92,128.72,7790.44,121.12,8423.97,116.54,2167.53,128.02,1349.33,105.8
2026-08-04T08:20Z,10872.0,129.99,7797.82,121.12,8470.92,123.63,2196.32,135.43,1349.81,111.87
2026-08-04T08:25Z,10982.13,129.99,7820.74,121.12,8493.02,123.64,2214.91,137.65,1328.48,111.52
2026-08-04T08:30Z,10991.58,129.99,7834.64,121.12,8458.51,122.76,2227.09,136.91,1325.14,110.02
2026-08-04T08:35Z,10977.01,124.98,7784.71,115.36,8338.15,115.3,2248.31,130.44,1322.27,103.02
2026-08-04T08:40Z,10987.99,128.19,7770.0,117.55,8341.28,118.3,2255.67,133.4,1311.11,106.04
2026-08-04T08:45Z,10929.47,126.7,7798.48,119.24,8340.66,117.0,2265.48,131.96,1320.88,104.87
2026-08-04T08:50Z,11024.31,127.46,7849.58,119.25,8295.24,117.63,2274.7,132.77,1324.07,105.45
2026-08-04T08:55Z,10991.97,126.67,7833.92,119.25,8308.91,116.06,2282.03,131.06,1325.51,104.04
2026-08-04T09:00Z,11001.95,127.65,7733.45,119.25,8359.45,118.87,2280.57,134.17,1317.99,106.21
2026-08-04T09:05Z,10839.98,126.83,7772.84,119.3,8297.16,117.24,2278.72,132.1,1316.39,105.1
2026-08-04T09:10Z,10859.74,129.99,7681.05,121.12,8268.51,119.12,2269.21,134.0,1312.16,106.44
2026-08-04T09:15Z,10850.39,129.99,7626.6,120.5,8245.17,119.15,2274.84,134.24,1316.22,106.82
2026-08-04T09:20Z,10808.49,125.33,7611.92,116.07,8244.66,114.92,2277.76,130.44,1315.79,103.02
2026-08-04T09:25Z,10908.62,129.42,7640.29,119.24,8216.73,116.64,2268.86,132.29,1305.08,104.23
2026-08-04T09:30Z,10791.49,127.05,7588.25,119.25,8136.62,114.54,2268.4,130.44,1300.03,102.37
2026-08-04T09:35Z,10725.75,125.49,7554.66,119.24,8118.95,114.06,2268.03,130.44,1297.23,101.94
2026-08-04T09:40Z,10790.62,129.99,7557.16,122.72,8147.07,119.01,2268.41,140.76,1291.26,106.36
2026-08-04T09:45Z,10745.56,128.24,7587.4,121.12,8141.43,116.47,2255.49,132.66,1289.07,103.75
2026-08-04T09:50Z,10758.74,124.19,7530.84,116.47,8111.16,113.64,2255.35,130.44,1279.64,101.24
2026-08-04T09:55Z,10761.65,125.65,7503.85,116.3,8110.75,115.0,2259.07,131.87,1274.15,102.45
2026-08-04T10:00Z,10704.84,129.99,7476.7,121.83,8084.13,118.03,2250.65,134.52,1273.6,105.15
2026-08-04T10:05Z,10666.35,129.99,7414.82,119.51,8051.88,119.86,2242.43,136.61,1270.27,107.13
2026-08-04T10:10Z,10652.97,129.99,7476.62,119.24,7949.18,118.8,2239.26,135.53,1270.24,106.21
2026-08-04T10:15Z,10687.11,129.99,7417.01,120.38,7899.87,115.95,2238.56,131.8,1264.45,103.67
2026-08-04T10:20Z,10705.74,139.41,7347.41,126.34,7926.46,127.29,2231.95,145.12,1265.36,113.43
2026-08-04T10:25Z,10517.42,130.29,7354.09,121.91,7759.25,116.18,2225.35,145.12,1246.43,103.2
2026-08-04T10:30Z,10636.47,130.01,7304.01,119.25,7742.03,115.79,2219.38,145.12,1241.8,102.85
2026-08-04T10:35Z,10569.37,133.81,7267.41,121.12,7770.62,123.0,2204.95,145.12,1234.03,109.98
2026-08-04T10:40Z,10513.13,146.0,7336.04,136.57,7686.15,129.97,2204.67,147.77,1224.98,116.23
2026-08-04T10:45Z,10323.79,137.89,7370.73,129.06,7763.6,126.81,2192.45,145.12,1228.91,113.39
2026-08-04T10:50Z,10308.5,129.99,7304.87,119.99,7734.73,117.22,2178.39,130.44,1229.87,104.83
2026-08-04T10:55Z,10254.08,129.99,7315.28,124.76,7659.46,115.63,2169.86,130.19,1216.07,103.41
2026-08-04T11:00Z,10276.01,129.99,7269.06,123.1,7624.75,118.38,2167.1,134.41,1223.36,105.88
2026-08-04T11:05Z,10265.56,146.0,7202.15,139.93,7507.58,130.77,2154.29,145.12,1211.6,117.36
2026-08-04T11:10Z,10114.14,130.45,7270.81,124.34,7535.91,119.58,2134.13,130.44,1224.96,107.66
2026-08-04T11:15Z,10092.99,146.0,7198.65,137.26,7512.27,133.7,2114.35,145.72,1228.86,120.77
2026-08-04T11:20Z,9948.21,141.45,7142.03,132.9,7425.97,128.48,2101.19,141.2,1234.82,116.07
2026-08-04T11:25Z,9956.46,140.0,7227.35,135.07,7390.15,127.97,2076.74,141.77,1230.62,114.51
2026-08-04T11:30Z,9901.05,130.01,7165.54,122.97,7360.54,121.77,2078.19,134.82,1230.87,108.97
2026-08-04T11:35Z,9897.23,140.0,7052.56,133.07,7325.71,128.48,2050.49,142.04,1218.74,115.35
2026-08-04T11:40Z,9763.34,145.65,7143.74,140.34,7175.22,129.84,2044.98,143.2,1224.33,116.6
2026-08-04T11:45Z,9658.6,134.86,7086.67,130.75,7097.47,119.22,2036.44,130.98,1209.7,106.73
2026-08-04T11:50Z,9713.51,134.23,7017.15,130.01,7062.81,118.45,2015.02,130.44,1193.1,105.7
2026-08-04T11:55Z,9634.65,133.75,7012.45,130.69,7003.66,118.91,1998.11,130.44,1193.27,106.11
2026-08-04T12:00Z,9560.11,129.27,6913.82,121.12,6901.99,113.87,1982.31,124.41,1181.73,101.64
2026-08-04T12:05Z,9523.16,140.0,6783.96,131.81,6877.32,126.14,1961.02,137.14,1181.89,113.68
2026-08-04T12:10Z,9448.53,141.6,6800.23,140.34,6842.57,128.48,1939.28,142.86,1174.39,115.43
2026-08-04T12:15Z,9506.24,146.0,6768.73,141.9,6814.58,130.24,1920.64,142.53,1178.78,117.4
2026-08-04T12:20Z,9471.97,143.62,6684.37,140.34,6757.47,126.91,1896.14,136.02,1166.66,114.03
2026-08-04T12:25Z,9335.82,129.99,6676.04,127.01,6620.06,113.85,1880.52,123.07,1158.4,102.32
2026-08-04T12:30Z,9387.08,129.99,6595.84,123.65,6565.24,111.92,1865.33,119.94,1147.04,100.27
2026-08-04T12:35Z,9334.72,126.23,6553.31,119.24,6533.02,110.4,1833.73,116.7,1128.89,99.86
2026-08-04T12:40Z,9183.72,126.21,6558.36,119.24,6504.56,111.89,1812.96,121.5,1114.95,100.89
2026-08-04T12:45Z,9196.82,114.54,6531.64,108.87,6402.79,99.82,1794.46,107.11,1103.64,89.44
2026-08-04T12:50Z,9070.17,116.49,6452.78,109.22,6321.31,105.56,1781.0,117.36,1101.79,94.6
2026-08-04T12:55Z,8995.91,106.51,6447.86,99.86,6267.41,96.63,1794.91,104.78,1096.68,88.24
2026-08-04T13:00Z,9018.22,111.0,6392.92,102.68,6297.12,102.21,1782.18,112.42,1081.83,90.99
2026-08-04T13:05Z,8970.85,111.0,6322.11,102.6,6318.71,102.16,1760.06,111.33,1081.03,91.84
2026-08-04T13:10Z,8963.06,110.92,6309.11,103.83,6400.7,99.55,1723.5,107.26,1090.4,89.78
2026-08-04T13:15Z,8785.73,106.44,6328.77,101.6,6391.38,97.11,1712.57,105.01,1084.28,88.24
2026-08-04T13:20Z,8784.72,107.83,6281.0,102.21,6296.08,98.15,1687.57,105.14,1064.63,88.24
2026-08-04T13:25Z,8764.21,111.0,6257.09,105.86,6285.8,100.97,1676.32,106.86,1055.03,90.19
2026-08-04T13:30Z,8780.98,111.0,6247.66,106.52,6310.6,100.19,1677.08,105.01,1052.37,89.49
2026-08-04T13:35Z,8726.65,114.54,6260.22,111.35,6271.68,103.47,1692.72,110.53,1047.33,92.73
2026-08-04T13:40Z,8709.05,123.22,6256.58,119.24,6225.56,110.4,1687.3,118.45,1036.92,98.94
2026-08-04T13:45Z,8570.92,106.86,6195.31,102.49,6190.02,97.26,1667.71,104.73,1031.48,88.24
2026-08-04T13:50Z,8602.16,108.26,6192.88,103.82,6145.25,98.45,1663.0,105.2,1019.07,88.24
2026-08-04T13:55Z,8543.21,102.69,6121.25,97.76,6071.12,95.58,1652.35,104.78,1026.86,87.05
2026-08-04T14:00Z,8472.21,97.63,6106.62,93.46,6051.42,91.25,1640.94,101.02,1015.92,83.64
2026-08-04T14:05Z,8458.34,105.16,6059.21,98.76,5997.95,96.26,1634.66,104.78,1005.95,88.24
2026-08-04T14:10Z,8597.54,121.68,6057.85,115.0,6035.95,110.4,1634.25,119.72,1016.26,98.97
2026-08-04T14:15Z,8638.35,123.79,6059.66,116.25,6010.33,110.4,1607.69,119.55,1016.77,98.97
2026-08-04T14:20Z,8507.93,104.83,5994.89,97.76,5916.64,95.81,1623.42,104.75,1012.85,87.56
2026-08-04T14:25Z,8523.05,106.43,5987.05,98.61,5984.23,97.48,1644.87,106.01,1002.75,88.24
2026-08-04T14:30Z,8503.66,113.94,5998.48,105.59,5945.61,105.56,1636.66,114.76,1006.2,94.64
2026-08-04T14:35Z,8539.88,106.29,5900.86,97.76,5922.24,96.55,1617.24,104.78,1005.29,88.24
2026-08-04T14:40Z,8470.93,104.57,5886.34,96.16,5888.23,96.55,1654.01,106.39,992.87,88.24
2026-08-04T14:45Z,8429.38,115.62,5885.77,106.31,5768.64,105.56,1650.55,119.34,999.17,88.24
2026-08-04T14:50Z,8314.21,99.2,5838.5,92.33,5728.25,91.53,1641.08,116.43,1005.54,84.21
2026-08-04T14:55Z,8309.03,106.42,5811.77,97.76,5799.6,99.09,1655.54,141.63,990.71,88.24
2026-08-04T15:00Z,8301.13,106.33,5799.69,98.92,5771.01,97.46,1654.41,130.44,993.95,88.24
2026-08-04T15:05Z,8269.62,114.3,5830.22,105.49,5720.76,105.56,1654.43,170.44,993.35,88.24
2026-08-04T15:10Z,8244.79,105.02,5809.69,97.71,5687.99,95.47,1654.54,139.1,998.48,87.56
2026-08-04T15:15Z,8143.83,105.8,5760.81,97.76,5702.57,97.76,1652.18,142.86,987.26,88.24
2026-08-04T15:20Z,8118.22,107.17,5751.24,97.76,5682.89,99.77,1642.95,142.86,989.23,89.49
2026-08-04T15:25Z,8056.37,99.2,5724.96,91.63,5589.28,89.35,1619.45,142.86,985.88,81.96
2026-08-04T15:30Z,8026.13,103.86,5675.23,95.86,5555.09,96.5,1610.02,142.86,976.25,88.24
2026-08-04T15:35Z,8033.91,99.2,5745.31,92.23,5561.05,90.69,1610.29,130.44,975.42,83.72
2026-08-04T15:40Z,8000.35,100.94,5726.34,95.03,5526.14,93.03,1610.93,142.82,986.72,85.87
2026-08-04T15:45Z,7993.28,94.46,5734.29,86.7,5413.63,84.92,1609.87,139.1,987.76,78.65
2026-08-04T15:50Z,7997.48,97.63,5711.25,88.46,5467.6,88.65,1609.81,139.1,986.31,81.84
2026-08-04T15:55Z,7880.34,99.2,5664.83,92.74,5470.82,92.07,1604.43,130.44,982.7,85.0
2026-08-04T16:00Z,7860.99,99.2,5683.58,92.16,5484.15,91.36,1604.64,139.1,984.91,84.34
2026-08-04T16:05Z,7835.32,92.11,5687.56,84.5,5453.93,84.92,1607.84,139.1,986.37,78.4
2026-08-04T16:10Z,7859.51,92.73,5654.29,84.5,5380.02,84.92,1594.35,130.44,991.05,78.41
2026-08-04T16:15Z,7822.1,99.2,5632.19,92.71,5424.83,91.28,1584.44,130.44,986.45,84.28
2026-08-04T16:20Z,7825.62,99.2,5678.2,95.03,5348.07,90.48,1577.04,130.44,991.57,83.55
2026-08-04T16:25Z,7734.54,88.81,5697.77,82.53,5312.61,81.68,1581.15,139.1,987.2,75.43
2026-08-04T16:30Z,7760.06,92.37,5713.18,84.78,5360.62,84.92,1567.74,130.44,985.65,78.17
2026-08-04T16:35Z,7696.73,97.63,5669.65,89.56,5343.48,91.26,1564.05,139.1,984.37,84.01
2026-08-04T16:40Z,7690.77,99.2,5663.51,95.03,5355.28,92.74,1564.49,139.1,999.3,85.37
2026-08-04T16:45Z,7669.59,99.01,5655.68,91.96,5293.33,88.93,1554.27,139.1,1004.85,82.13
2026-08-04T16:50Z,7673.13,97.63,5705.87,93.69,5220.45,86.26,1552.6,143.88,1012.02,79.92
2026-08-04T16:55Z,7671.97,83.53,5649.15,76.6,5206.18,78.0,1557.74,139.1,1014.8,72.28
2026-08-04T17:00Z,7725.03,99.01,5661.48,94.36,5247.5,92.45,1561.73,139.1,1012.6,85.66
2026-08-04T17:05Z,7667.44,99.01,5627.51,93.71,5154.69,88.1,1555.75,139.1,1010.51,81.64
2026-08-04T17:10Z,7660.27,81.91,5687.03,76.6,5242.85,75.86,1556.62,140.61,1016.04,70.29
2026-08-04T17:15Z,7673.52,85.54,5677.45,79.47,5192.21,80.41,1546.96,156.56,1013.5,74.51
2026-08-04T17:20Z,7672.11,99.01,5678.59,94.78,5247.5,89.5,1547.74,139.1,1013.19,82.93
2026-08-04T17:25Z,7682.45,91.73,5636.71,86.83,5227.65,81.68,1564.25,170.44,1020.35,75.69
2026-08-04T17:30Z,7717.48,97.08,5686.3,89.62,5192.87,84.92,1537.69,139.1,1020.92,78.69
2026-08-04T17:35Z,7635.76,85.54,5705.76,83.14,5160.07,76.67,1538.69,170.44,1021.06,71.05
2026-08-04T17:40Z,7709.62,83.99,5688.35,78.54,5101.88,75.4,1505.13,139.1,1023.04,69.88
2026-08-04T17:45Z,7661.92,84.12,5744.74,78.73,5155.25,74.16,1524.57,156.56,1025.73,68.73
2026-08-04T17:50Z,7684.62,85.54,5658.96,82.57,5156.88,75.45,1524.55,170.44,1030.86,69.92
2026-08-04T17:55Z,7629.58,85.54,5723.74,81.58,5082.92,75.4,1517.16,170.44,1032.64,69.88
2026-08-04T18:00Z,7684.76,85.54,5722.61,83.16,5153.19,48.83,1516.46,170.44,1039.56,55.83
2026-08-04T18:05Z,7671.78,77.33,5748.51,74.02,5138.3,62.59,1512.83,170.44,1041.03,59.48
2026-08-04T18:10Z,7740.38,86.06,5722.8,79.5,5173.11,78.17,1487.7,139.1,1049.05,72.67
2026-08-04T18:15Z,7753.93,99.01,5782.36,95.03,5210.24,83.95,1520.49,139.1,1044.35,78.04
2026-08-04T18:20Z,7668.99,85.54,5845.99,79.5,5116.51,72.5,1523.98,139.1,1045.35,67.4
2026-08-04T18:25Z,7733.83,83.99,5813.9,76.21,5139.68,70.13,1544.68,170.44,1050.9,65.19
2026-08-04T18:30Z,7707.22,86.35,5889.16,78.94,5136.93,75.4,1512.1,101.41,1052.18,70.31
2026-08-04T18:35Z,7757.57,101.99,5880.03,95.03,5179.35,89.27,1553.16,139.1,1063.76,83.25
2026-08-04T18:40Z,7724.43,85.54,5924.94,79.23,5195.55,74.24,1537.48,139.1,1064.69,69.23
2026-08-04T18:45Z,7747.07,88.88,5951.77,81.83,5240.8,77.11,1529.41,139.1,1067.24,71.9
2026-08-04T18:50Z,7771.12,92.79,5983.8,85.46,5237.04,80.5,1520.89,139.1,1072.62,75.06
2026-08-04T18:55Z,7891.16,109.18,6002.43,99.93,5248.0,94.63,1510.33,139.1,1078.71,88.24
2026-08-04T19:00Z,7863.53,112.76,6129.32,105.38,5279.09,95.52,1505.26,130.44,1083.61,88.24
2026-08-04T19:05Z,7933.86,97.63,6077.59,90.59,5289.71,82.06,1508.45,109.79,1093.08,76.98
2026-08-04T19:10Z,8053.87,111.02,6134.46,103.74,5395.34,94.07,1545.02,130.44,1097.55,88.24
2026-08-04T19:15Z,8139.11,111.02,6180.29,105.13,5420.83,92.62,1524.62,139.1,1103.11,87.14
2026-08-04T19:20Z,8179.88,111.02,6244.87,105.49,5466.22,92.67,1526.05,130.44,1107.49,87.18
2026-08-04T19:25Z,8203.12,111.29,6263.22,105.49,5534.1,93.64,1530.02,130.44,1113.56,88.09
2026-08-04T19:30Z,8264.21,113.94,6331.54,109.49,5554.41,94.67,1541.39,138.16,1120.48,88.24
2026-08-04T19:35Z,8409.78,103.34,6361.61,94.39,5556.99,84.92,1545.13,139.1,1125.09,79.88
2026-08-04T19:40Z,8435.79,111.02,6454.96,101.53,5645.89,92.05,1560.77,170.44,1131.17,86.84
2026-08-04T19:45Z,8574.18,113.5,6481.9,105.49,5707.25,94.75,1552.17,170.44,1142.24,88.24
2026-08-04T19:50Z,8626.33,113.5,6597.29,107.37,5773.99,95.0,1566.05,170.44,1146.74,88.24
2026-08-04T19:55Z,8708.26,113.5,6594.72,104.65,5822.37,97.22,1599.07,139.1,1157.65,90.02
2026-08-04T20:00Z,8795.72,129.99,6660.59,116.2,5914.28,110.4,1647.6,170.44,1166.08,100.24
2026-08-04T20:05Z,8923.7,111.02,6711.89,101.87,5950.44,93.0,1637.42,170.44,1190.2,86.9
2026-08-04T20:10Z,9120.38,113.5,6777.42,102.8,6122.34,96.63,1651.62,170.44,1162.45,88.24
2026-08-04T20:15Z,9321.64,113.5,6840.13,102.8,6234.27,97.33,1644.55,141.95,1183.66,88.94
2026-08-04T20:20Z,9469.56,113.5,6926.13,103.71,6317.74,98.1,1649.85,135.07,1196.13,89.63
2026-08-04T20:25Z,9657.63,130.01,7063.53,117.48,6438.32,114.16,1659.43,140.16,1212.17,103.31
2026-08-04T20:30Z,9733.64,130.01,7135.38,116.11,6521.52,115.77,1674.09,130.44,1231.34,105.09
2026-08-04T20:35Z,9841.89,119.05,7129.21,109.75,6597.87,105.58,1697.27,130.44,1229.81,94.61
2026-08-04T20:40Z,9997.31,127.57,7212.79,117.71,6738.8,115.0,1709.02,130.44,1246.09,103.69
2026-08-04T20:45Z,10119.07,141.52,7282.77,130.69,6845.72,127.76,1750.21,147.44,1268.06,114.81
2026-08-04T20:50Z,10174.63,143.26,7327.71,132.38,6949.45,128.48,1758.67,156.39,1290.29,115.81
2026-08-04T20:55Z,10279.61,187.63,7334.72,175.11,7040.03,163.4,1797.05,184.0,1299.0,147.74
2026-08-04T21:00Z,10350.76,147.69,7224.96,132.0,7118.42,131.76,1819.71,172.95,1309.03,119.12
2026-08-04T21:05Z,10533.58,137.92,7106.84,119.99,7204.89,125.14,1856.19,183.99,1315.04,113.48
2026-08-04T21:10Z,10581.03,138.17,7089.09,119.99,7299.45,128.48,1856.8,180.47,1321.53,116.12
2026-08-04T21:15Z,10672.68,144.29,7142.96,102.8,7407.72,135.48,1892.44,240.01,1335.02,121.65
2026-08-04T21:20Z,10664.22,134.86,7220.78,89.73,7503.25,129.06,1903.26,171.65,1348.55,115.5
2026-08-04T21:25Z,10721.21,134.86,7153.11,80.0,7585.53,131.31,1946.01,179.4,1363.39,118.26
2026-08-04T21:30Z,10824.11,134.86,7098.31,78.81,7591.4,130.34,1963.81,172.45,1372.69,117.38
2026-08-04T21:35Z,10806.56,129.53,6983.53,71.47,7680.88,128.65,2011.6,147.08,1379.47,114.74
2026-08-04T21:40Z,10700.28,113.5,6890.5,64.93,7729.11,113.86,2031.52,128.15,1396.72,101.87
2026-08-04T21:45Z,10707.32,118.79,6768.55,61.73,7766.61,122.49,2093.47,142.75,1404.99,109.59
2026-08-04T21:50Z,10676.65,118.79,6630.31,40.7,7821.76,128.48,2123.59,177.77,1406.97,114.94
2026-08-04T21:55Z,10546.73,113.5,6550.21,47.99,7843.02,116.07,2076.35,177.77,1411.77,104.17
2026-08-04T22:00Z,10482.93,113.5,6446.71,40.7,7872.8,115.0,2076.27,170.44,1406.27,102.87
2026-08-04T22:05Z,10370.14,129.99,6361.95,40.7,7872.9,135.48,2071.81,170.44,1405.36,121.58
2026-08-04T22:10Z,10279.59,126.82,6309.05,39.75,7908.08,135.48,2094.02,170.44,1399.49,121.17
2026-08-04T22:15Z,10189.42,121.1,6239.38,39.75,7870.76,129.89,2107.06,170.44,1402.6,116.18
2026-08-04T22:20Z,10125.95,118.79,6134.4,40.1,7862.11,134.47,2094.08,170.44,1391.42,119.89
2026-08-04T22:25Z,10024.67,128.92,6003.17,40.0,7864.03,135.48,2062.99,170.44,1380.96,120.79
2026-08-04T22:30Z,9846.81,114.54,5924.99,40.0,7831.88,128.48,2067.29,165.74,1370.64,114.55
2026-08-04T22:35Z,9678.28,129.99,5816.23,26.83,7788.31,133.78,2055.93,155.9,1361.73,120.44
2026-08-04T22:40Z,9630.65,129.23,5645.88,6.87,7751.01,133.78,2066.16,155.9,1350.8,119.29
2026-08-04T22:45Z,9422.84,97.63,5535.85,6.83,7716.65,128.48,2049.44,155.9,1338.62,114.57
2026-08-04T22:50Z,9252.98,65.0,5464.61,22.85,7693.38,105.89,2041.21,134.3,1333.73,95.65
2026-08-04T22:55Z,9242.6,73.08,5335.77,8.0,7639.94,105.88,2043.1,136.59,1322.17,95.64
2026-08-04T23:00Z,9010.45,68.02,5269.07,0.01,7608.29,105.88,2030.03,134.28,1313.0,95.34
2026-08-04T23:05Z,8909.83,68.02,5225.87,0.03,7570.42,97.68,2022.24,155.9,1301.93,88.24
2026-08-04T23:10Z,8816.84,73.2,5162.82,0.01,7582.89,139.03,1982.46,170.44,1294.12,88.24
2026-08-04T23:15Z,8721.64,73.2,5119.05,0.01,7519.74,139.01,1938.01,170.42,1286.18,88.24
2026-08-04T23:20Z,8529.93,73.2,5045.45,-0.97,7464.27,139.24,1903.25,149.16,1273.38,124.59
2026-08-04T23:25Z,8512.54,73.2,4941.57,0.01,7437.18,133.41,1914.72,138.88,1262.91,119.0
2026-08-04T23:30Z,8423.79,73.2,4851.04,0.01,7383.95,105.56,1915.35,110.07,1249.51,94.77
2026-08-04T23:35Z,8355.45,73.2,4776.02,-0.97,7330.3,139.14,1914.21,151.58,1234.72,124.52
2026-08-04T23:40Z,8363.83,73.2,4736.63,-0.97,7310.79,164.56,1875.45,170.44,1256.83,149.18
2026-08-04T23:45Z,8242.15,69.99,4609.3,-1.31,7251.57,139.0,1848.19,144.1,1243.66,124.02
2026-08-04T23:50Z,8217.14,69.99,4554.76,-1.92,7238.78,115.77,1839.26,130.44,1221.26,102.18
2026-08-04T23:55Z,8232.38,69.99,4428.78,-2.5,7218.38,162.86,1857.45,170.44,1221.9,145.31
2026-08-05T00:00Z,8032.62,69.99,4429.82,-2.15,7152.93,105.56,1795.82,139.1,1205.07,94.5
2026-08-05T00:05Z,7944.25,73.2,4390.18,-3.0,7111.11,111.61,1829.94,130.44,1191.36,100.24
2026-08-05T00:10Z,7954.65,73.2,4320.16,-2.5,7139.27,110.91,1840.87,130.44,1198.68,100.24
2026-08-05T00:15Z,7803.25,65.0,4267.01,-3.77,7116.95,105.56,1859.58,125.11,1179.73,95.1
2026-08-05T00:20Z,7716.31,65.0,4197.27,-5.0,7113.26,105.56,1873.92,131.62,1164.27,95.4
2026-08-05T00:25Z,7632.3,64.96,4192.32,-5.0,7077.7,105.56,1855.66,127.24,1157.21,95.4
2026-08-05T00:30Z,7514.88,64.95,4159.05,-5.0,7076.81,99.21,1806.15,105.01,1149.88,89.38
2026-08-05T00:35Z,7424.2,73.2,4082.68,-5.0,7054.69,105.56,1790.63,112.3,1144.18,96.32
2026-08-05T00:40Z,7336.06,65.0,4128.8,-3.0,7018.58,105.56,1841.84,113.08,1128.31,96.02
2026-08-05T00:45Z,7238.35,50.62,4018.74,-5.0,6976.42,101.5,1858.69,110.57,1128.07,92.33
2026-08-05T00:50Z,7353.55,42.08,3955.77,-5.0,6905.19,99.21,1878.35,130.44,1120.2,90.25
2026-08-05T00:55Z,7276.49,73.2,4017.89,-5.0,6834.51,98.5,1869.55,144.48,1115.51,89.33
2026-08-05T01:00Z,7079.86,54.15,3946.58,-2.5,6776.21,98.5,1805.69,170.44,1100.77,89.06
2026-08-05T01:05Z,7083.69,65.0,3939.79,-5.0,6747.54,99.0,1755.19,138.0,1089.75,89.51
2026-08-05T01:10Z,7118.29,65.0,3981.22,-5.0,6970.02,105.56,1736.76,138.0,1086.1,95.09
2026-08-05T01:15Z,7115.47,65.0,3994.03,-2.5,7007.88,105.54,1729.85,138.0,1083.81,95.07
2026-08-05T01:20Z,6960.04,41.76,3950.43,-2.5,6977.14,105.34,1707.62,138.0,1074.69,94.59
2026-08-05T01:25Z,6924.25,41.76,4018.91,-5.0,6924.93,98.5,1696.68,138.04,1065.62,88.24
2026-08-05T01:30Z,6918.84,-5.87,4035.21,-5.03,6838.16,98.5,1689.74,138.04,1055.69,88.24
2026-08-05T01:35Z,6956.61,-3.0,3967.36,-2.5,6817.95,105.56,1685.57,118.92,1039.73,95.11
2026-08-05T01:40Z,6931.19,42.52,4018.39,-3.51,6805.69,105.56,1643.48,118.28,1035.95,95.11
2026-08-05T01:45Z,6727.91,-5.91,3955.54,-5.0,6741.83,105.56,1667.59,119.42,1028.97,95.12
2026-08-05T01:50Z,6835.22,-5.99,3905.9,-5.03,6740.23,105.56,1633.61,117.74,1025.88,95.12
2026-08-05T01:55Z,6794.27,13.26,3885.02,-5.0,6689.18,105.56,1662.99,119.5,1022.92,94.82
2026-08-05T02:00Z,6728.08,13.26,3834.85,-5.0,6623.85,110.42,1698.41,128.66,1021.66,99.19
2026-08-05T02:05Z,6698.22,13.26,3828.43,-6.5,6580.26,105.56,1725.54,138.0,1013.76,94.83
2026-08-05T02:10Z,6710.4,13.26,3892.74,-6.01,6625.05,110.42,1740.81,138.0,1019.87,99.19
2026-08-05T02:15Z,6663.47,13.26,3870.11,-6.01,6638.73,110.42,1750.95,138.0,1016.53,99.19
2026-08-05T02:20Z,6665.01,28.95,3827.73,-5.03,6703.87,110.42,1753.12,138.0,1016.65,99.18
2026-08-05T02:25Z,6546.45,41.05,3807.19,-5.0,6684.27,110.42,1746.21,138.0,1004.04,98.86
2026-08-05T02:30Z,6552.39,42.54,3827.69,-5.03,6693.92,105.56,1781.41,138.0,1004.03,94.51
2026-08-05T02:35Z,6498.58,44.44,3807.58,-5.03,6749.67,105.56,1816.75,170.44,996.7,94.8
2026-08-05T02:40Z,6401.31,25.12,3891.63,-5.0,6801.18,110.42,1825.43,170.12,995.31,98.83
2026-08-05T02:45Z,6436.65,42.52,3922.32,-3.0,6777.82,110.42,1807.54,240.01,990.73,98.84
2026-08-05T02:50Z,6420.14,57.39,3894.75,-6.01,6769.77,111.62,1788.42,240.03,985.97,100.24
2026-08-05T02:55Z,6366.53,64.95,3975.47,-3.51,6778.59,124.77,1783.62,158.61,985.19,111.69
2026-08-05T03:00Z,6288.1,63.22,3951.48,-3.51,6775.88,145.42,1797.3,179.88,983.24,130.17
2026-08-05T03:05Z,6399.01,28.95,3943.62,-4.09,6701.75,110.42,1793.23,140.55,983.16,99.81
2026-08-05T03:10Z,6534.18,0.9,4054.36,-5.0,6773.24,110.42,1818.76,240.04,978.88,99.79
2026-08-05T03:15Z,6573.17,25.1,4010.02,-5.2,6815.09,111.63,1799.86,240.01,978.56,100.24
2026-08-05T03:20Z,6578.76,42.54,3960.22,-4.09,6865.09,145.42,1782.35,254.11,973.13,129.72
2026-08-05T03:25Z,6610.43,52.21,3953.88,-2.5,6816.04,145.42,1796.99,184.29,979.99,130.15
2026-08-05T03:30Z,6534.12,40.0,3945.45,-3.51,6783.53,148.64,1837.47,254.11,980.78,133.04
2026-08-05T03:35Z,6668.71,42.54,3987.92,-5.0,6799.0,143.28,1839.09,299.44,972.91,127.83
2026-08-05T03:40Z,6660.61,52.21,4025.15,-6.01,6811.79,145.42,1819.11,254.11,978.88,129.73
2026-08-05T03:45Z,6589.24,64.95,4068.45,-6.5,6832.0,159.13,1828.49,240.03,981.53,142.42
2026-08-05T03:50Z,6512.61,13.26,4089.81,-6.01,6831.5,145.42,1850.32,198.0,981.81,130.15
2026-08-05T03:55Z,6682.62,25.1,4151.84,-5.0,6866.38,145.42,1895.04,299.44,991.8,130.15
2026-08-05T04:00Z,6623.07,65.0,4166.31,-5.0,6797.82,144.58,1830.61,240.03,994.35,129.42
2026-08-05T04:05Z,6646.45,65.0,4083.42,-6.01,6722.65,134.59,1851.44,170.12,989.31,120.1
2026-08-05T04:10Z,6579.55,57.39,4087.08,-6.78,6556.18,105.56,1907.36,216.51,1005.87,95.14
2026-08-05T04:15Z,6749.35,65.0,4166.61,-6.78,6607.13,110.42,1886.79,279.68,1001.55,98.56
2026-08-05T04:20Z,6750.11,65.0,4320.49,-7.01,6587.67,105.56,1856.5,279.68,1007.4,94.53
2026-08-05T04:25Z,6694.35,40.0,4472.68,-7.16,6606.41,124.0,1853.96,240.03,1009.5,111.04
2026-08-05T04:30Z,6858.8,13.26,4517.12,-6.76,6575.5,155.31,1877.15,254.11,1008.24,139.08
2026-08-05T04:35Z,6908.8,25.12,4638.07,-6.5,6498.31,124.87,1864.58,240.01,1009.01,111.48
2026-08-05T04:40Z,6951.33,65.0,4698.83,-6.78,6562.63,124.0,1858.19,279.66,1012.17,110.69
2026-08-05T04:45Z,6944.8,65.0,4796.57,-6.5,6583.74,124.0,1842.05,299.44,1012.8,110.69
2026-08-05T04:50Z,7019.37,57.31,4900.55,-6.5,6599.03,151.23,1837.21,254.13,1011.89,134.99
2026-08-05T04:55Z,7148.8,57.39,4964.75,-6.71,6624.03,151.07,1863.96,268.29,1017.44,135.28
2026-08-05T05:00Z,7168.84,40.51,4970.45,-6.14,6642.08,165.75,1861.61,299.44,1022.05,148.42
2026-08-05T05:05Z,7346.58,42.08,5098.74,-5.5,6643.32,164.64,1842.16,254.11,1031.07,148.85
2026-08-05T05:10Z,7424.26,57.39,5114.93,-6.5,6605.84,143.24,1863.0,297.3,1027.73,129.51
2026-08-05T05:15Z,7540.58,42.54,5135.39,-6.01,6658.16,142.15,1868.24,299.44,1038.77,127.29
2026-08-05T05:20Z,7564.53,25.12,5339.6,-5.5,6665.76,142.12,1872.01,299.44,1057.74,127.68
2026-08-05T05:25Z,7693.63,42.54,5414.68,-5.0,6737.54,162.35,1850.61,222.39,1068.06,145.85
2026-08-05T05:30Z,7893.18,51.07,5478.18,-4.09,6752.65,158.69,1927.59,254.11,1066.83,142.55
2026-08-05T05:35Z,7974.65,57.39,5621.26,-4.09,6814.34,170.11,1908.28,234.34,1067.24,152.16
2026-08-05T05:40Z,8015.52,68.95,5672.18,0.0,6820.96,184.0,1925.48,299.44,1073.62,164.74
2026-08-05T05:45Z,8181.29,108.88,5780.31,50.0,6883.93,184.0,1879.47,229.0,1083.17,165.25
2026-08-05T05:50Z,8224.3,75.52,5858.48,66.61,6918.56,275.07,1927.52,359.45,1089.23,247.03
2026-08-05T05:55Z,8362.07,97.63,5950.33,70.0,6916.77,175.46,1879.5,195.87,1096.31,157.58
2026-08-05T06:00Z,8473.64,108.79,6080.16,70.0,6973.59,184.0,1960.51,208.37,1099.94,165.24
2026-08-05T06:05Z,8630.3,99.01,6251.82,72.5,7080.93,274.82,1956.45,310.79,1103.28,245.96
2026-08-05T06:10Z,8712.26,92.69,6216.26,80.83,7090.08,175.46,1911.83,203.83,1105.0,157.03
2026-08-05T06:15Z,8890.78,97.63,6320.55,78.39,7148.45,176.46,1956.12,229.0,1113.43,157.41
2026-08-05T06:20Z,8979.92,113.94,6389.54,81.92,7213.14,181.1,1979.45,229.0,1128.44,162.05
2026-08-05T06:25Z,6651.6,-18.51,6466.61,-25.01,7262.41,225.04,2004.81,254.11,1135.72,201.37
2026-08-05T06:30Z,9301.92,169.24,6520.65,102.55,7275.82,232.48,1998.37,259.63,1142.72,208.01
2026-08-05T06:35Z,9276.37,137.71,6671.63,117.73,7368.69,176.46,2001.23,193.9,1151.56,157.36
2026-08-05T06:40Z,9531.18,230.59,6716.49,128.73,7483.73,230.48,2028.88,243.53,1148.51,205.49
2026-08-05T06:45Z,9528.47,169.25,6823.96,148.7,7594.16,176.46,2007.39,190.34,1154.96,157.3
2026-08-05T06:50Z,9732.89,169.24,6793.55,145.73,7640.27,231.97,2049.34,250.72,1161.23,207.44
2026-08-05T06:55Z,9850.49,169.24,6965.38,147.05,7706.01,232.48,2042.73,248.95,1173.58,208.55
2026-08-05T07:00Z,9966.76,169.24,6976.43,147.06,7771.55,244.69,2039.92,258.01,1186.85,220.18
2026-08-05T07:05Z,10086.7,169.25,7130.93,150.18,7831.78,186.53,2056.7,201.1,1193.34,166.22
2026-08-05T07:10Z,10119.69,169.25,7017.6,147.14,7898.94,187.63,2117.14,203.77,1208.23,167.18
2026-08-05T07:15Z,10216.65,174.59,7095.14,156.82,7978.07,220.77,2148.06,230.0,1214.46,197.33
2026-08-05T07:20Z,10384.08,201.01,7225.3,175.11,8043.19,215.31,2138.21,229.07,1230.89,193.06
2026-08-05T07:25Z,10436.79,225.67,7262.57,198.02,8101.88,244.11,2164.98,254.22,1241.61,218.86
2026-08-05T07:30Z,10567.96,187.53,7298.08,163.57,8165.53,241.48,2182.32,254.11,1256.68,217.19
2026-08-05T07:35Z,10764.93,162.79,7390.96,140.35,8239.31,186.53,2185.74,196.48,1263.73,166.13
2026-08-05T07:40Z,10985.77,169.24,7480.59,147.01,8281.05,187.63,2233.91,201.66,1278.17,167.64
2026-08-05T07:45Z,11104.75,241.01,7517.57,212.1,8362.84,259.3,2266.16,269.36,1288.55,232.4
2026-08-05T07:50Z,11031.25,174.45,7499.95,147.74,8366.08,187.63,2255.33,197.06,1295.99,168.17
2026-08-05T07:55Z,11190.22,225.67,7619.25,193.89,8468.3,249.03,2277.52,256.52,1309.22,223.89
2026-08-05T08:00Z,11134.37,230.59,7642.31,199.85,8454.44,252.42,2277.52,261.06,1308.77,226.21
2026-08-05T08:05Z,11168.2,169.68,7598.02,145.73,8416.29,187.63,2307.38,197.38,1312.9,167.08
2026-08-05T08:10Z,11194.11,169.24,7661.24,144.56,8457.03,241.48,2344.76,255.76,1314.35,215.71
2026-08-05T08:15Z,11209.45,210.18,7659.96,163.58,8495.91,232.48,2319.33,240.95,1307.54,206.98
2026-08-05T08:20Z,11227.98,218.18,7627.97,140.35,8507.75,241.48,2334.1,249.49,1314.48,215.0
2026-08-05T08:25Z,11182.79,169.24,7665.59,140.35,8462.74,188.99,2345.13,197.83,1319.45,168.83
2026-08-05T08:30Z,11266.68,174.59,7681.16,154.95,8494.67,221.11,2375.57,230.0,1317.44,197.51
2026-08-05T08:35Z,11319.01,225.67,7641.6,195.12,8473.48,248.08,2376.66,253.44,1314.5,221.6
2026-08-05T08:40Z,11221.51,199.49,7570.41,142.5,8430.94,220.91,2357.86,228.81,1321.35,197.35
2026-08-05T08:45Z,11183.61,169.24,7606.81,145.73,8447.01,190.7,2369.09,199.87,1323.86,170.35
2026-08-05T08:50Z,11269.22,154.33,7612.64,140.34,8435.74,202.64,2384.41,215.04,1326.67,181.03
2026-08-05T08:55Z,11294.99,189.47,7553.0,163.58,8449.87,211.62,2380.99,221.83,1325.85,189.04
2026-08-05T09:00Z,11184.47,174.59,7525.34,154.62,8451.26,202.25,2364.32,215.04,1325.92,180.67
2026-08-05T09:05Z,11215.27,168.09,7507.64,145.73,8316.52,187.48,2377.29,197.48,1324.65,170.22
2026-08-05T09:10Z,11182.1,157.47,7533.0,140.34,8319.03,186.53,2387.22,195.85,1318.7,169.36
2026-08-05T09:15Z,11174.16,157.55,7504.57,140.35,8266.89,174.18,2370.28,181.37,1318.27,155.66
2026-08-05T09:20Z,11133.89,169.22,7449.19,145.73,8323.12,184.0,2355.48,189.81,1319.74,164.41
2026-08-05T09:25Z,11218.79,167.47,7370.44,142.5,8310.76,177.5,2346.8,181.65,1317.06,158.1
2026-08-05T09:30Z,11183.93,166.69,7323.57,142.66,8257.43,176.46,2324.17,177.77,1315.64,157.19
2026-08-05T09:35Z,11083.45,173.65,7397.53,152.58,8253.84,184.0,2329.23,177.77,1313.76,164.43
2026-08-05T09:40Z,11081.04,168.67,7331.08,148.06,8253.5,176.46,2324.34,179.83,1315.8,158.2
2026-08-05T09:45Z,11028.66,152.53,7287.31,134.67,8227.88,164.14,2317.45,170.44,1307.95,147.63
2026-08-05T09:50Z,11093.95,161.39,7305.4,142.5,8214.95,170.62,2303.04,176.3,1304.26,151.99
2026-08-05T09:55Z,11042.74,168.67,7303.42,147.99,8100.59,172.4,2293.62,177.77,1303.09,154.11
2026-08-05T10:00Z,11005.51,153.35,7252.42,134.46,8061.57,163.24,2291.9,170.82,1304.22,147.34
2026-08-05T10:05Z,10968.76,168.31,7294.73,140.35,8091.13,173.9,2291.35,177.77,1299.91,155.95
2026-08-05T10:10Z,10915.67,171.03,7248.85,147.18,8015.34,174.55,2258.85,177.77,1303.22,156.55
2026-08-05T10:15Z,10965.23,169.24,7229.84,144.66,7913.51,171.03,2243.95,176.0,1300.62,153.43
2026-08-05T10:20Z,10939.8,165.74,7204.11,140.34,7943.26,167.48,2235.63,172.85,1302.06,150.24
2026-08-05T10:25Z,10883.27,165.94,7161.63,140.84,7914.24,167.79,2246.14,177.45,1293.58,150.24
2026-08-05T10:30Z,10878.37,167.39,7158.48,142.5,7817.45,167.68,2233.01,173.94,1294.72,150.24
2026-08-05T10:35Z,10811.18,169.24,7147.12,140.34,7820.57,169.53,2226.1,178.52,1287.04,152.09
2026-08-05T10:40Z,10824.92,167.35,7241.59,138.62,7799.59,167.48,2213.51,176.41,1283.36,150.24
2026-08-05T10:45Z,10692.16,154.77,7235.91,130.69,7768.94,157.55,2213.46,167.92,1277.09,142.27
2026-08-05T10:50Z,10678.17,168.67,7254.02,144.26,7683.81,166.88,2190.56,175.72,1277.67,150.24
2026-08-05T10:55Z,10610.06,166.9,7250.04,140.34,7622.78,162.67,2161.64,170.44,1276.9,145.52
2026-08-05T11:00Z,10508.88,146.0,7282.8,128.14,7549.62,144.61,2155.33,155.22,1274.89,129.38
2026-08-05T11:05Z,10558.9,169.24,7169.55,140.34,7586.13,166.41,2163.5,173.21,1265.71,149.35
2026-08-05T11:10Z,10464.23,168.67,7174.67,140.34,7542.78,163.24,2118.48,170.44,1268.39,146.52
2026-08-05T11:15Z,10350.75,168.67,7145.79,140.5,7526.39,163.24,2101.9,170.44,1262.55,146.52
2026-08-05T11:20Z,10326.36,165.35,7131.57,140.35,7476.89,161.81,2078.0,170.44,1258.83,144.79
2026-08-05T11:25Z,10308.95,169.24,7209.68,144.68,7435.15,163.24,2065.87,170.44,1250.73,145.6
2026-08-05T11:30Z,10198.48,146.0,7155.37,124.74,7316.45,140.64,2055.6,148.3,1246.33,125.47
2026-08-05T11:35Z,10199.75,168.67,7073.49,142.5,7271.95,162.43,2059.5,170.44,1241.57,145.85
2026-08-05T11:40Z,10074.57,146.0,7122.09,125.5,7269.41,139.45,2035.34,145.28,1233.5,125.22
2026-08-05T11:45Z,10022.55,164.84,7013.32,139.73,7191.04,157.29,2024.52,163.85,1231.58,140.8
2026-08-05T11:50Z,9921.72,146.0,6983.86,123.71,7061.63,140.08,1982.73,146.3,1219.28,125.42
2026-08-05T11:55Z,9877.01,146.0,6985.53,123.72,7070.93,140.21,1994.64,145.97,1216.03,125.13
2026-08-05T12:00Z,9783.66,134.66,6920.46,117.69,7001.76,126.02,1952.29,129.46,1205.5,112.09
2026-08-05T12:05Z,9601.06,141.01,6831.53,119.24,6901.86,136.22,1939.73,141.09,1203.31,121.99
2026-08-05T12:10Z,9705.52,143.72,6830.98,119.25,6921.09,139.6,1907.83,143.08,1195.7,124.62
2026-08-05T12:15Z,9677.12,134.79,6776.13,113.94,6863.48,128.75,1897.06,130.44,1188.46,114.94
2026-08-05T12:20Z,9641.3,142.76,6842.59,119.24,6822.3,140.64,1876.54,135.1,1180.57,125.13
2026-08-05T12:25Z,9541.34,139.19,6786.54,117.69,6777.22,138.13,1858.53,139.7,1171.63,123.33
2026-08-05T12:30Z,9533.52,134.86,6697.42,113.17,6652.19,132.46,1835.4,135.46,1166.55,117.88
2026-08-05T12:35Z,9467.98,140.29,6676.22,117.69,6602.66,138.88,1833.5,139.88,1155.73,124.83
2026-08-05T12:40Z,9474.35,145.98,6579.1,119.24,6604.82,146.49,1773.91,138.31,1146.17,131.24
2026-08-05T12:45Z,9364.08,145.03,6574.49,119.24,6538.97,147.84,1748.9,146.12,1141.53,132.46
2026-08-05T12:50Z,9312.98,129.99,6532.54,109.57,6418.26,127.47,1724.41,127.88,1137.54,114.24
2026-08-05T12:55Z,9217.67,129.67,6499.66,109.23,6451.39,127.79,1725.87,127.66,1130.82,114.15
2026-08-05T13:00Z,9177.5,121.34,6445.63,102.8,6391.72,118.49,1696.97,117.37,1123.65,105.85
2026-08-05T13:05Z,9125.48,136.32,6438.19,117.69,6407.11,135.3,1693.82,130.44,1118.21,121.64
2026-08-05T13:10Z,9089.52,146.0,6409.36,124.42,6488.93,148.43,1676.45,139.81,1111.51,132.99
2026-08-05T13:15Z,9023.74,136.41,6381.24,117.69,6412.89,137.3,1648.59,129.17,1106.45,123.04
2026-08-05T13:20Z,8984.59,129.99,6353.5,115.72,6395.89,125.66,1646.33,110.02,1096.22,112.24
2026-08-05T13:25Z,8891.05,117.81,6324.59,104.83,6420.86,114.89,1647.87,101.02,1095.45,102.27
2026-08-05T13:30Z,8902.06,119.76,6289.37,105.85,6399.2,116.85,1664.06,101.02,1092.41,104.37
2026-08-05T13:35Z,8850.29,114.54,6240.55,101.82,6354.29,111.86,1684.89,109.4,1088.35,100.57
2026-08-05T13:40Z,8763.38,133.74,6312.96,118.99,6329.33,132.79,1687.71,130.44,1082.91,119.39
2026-08-05T13:45Z,8735.06,111.0,6255.2,98.7,6285.31,108.18,1635.82,106.82,1080.09,96.96
2026-08-05T13:50Z,8729.87,111.0,6195.78,97.38,6187.9,108.09,1632.53,107.65,1069.87,96.58
2026-08-05T13:55Z,8617.93,130.28,6213.62,115.05,6192.02,130.0,1614.91,129.42,1070.64,116.15
2026-08-05T14:00Z,8619.69,100.07,6177.03,88.33,6104.95,98.01,1571.25,98.19,1070.43,88.15
2026-08-05T14:05Z,8624.01,111.0,6087.08,97.86,6105.17,108.86,1596.76,107.98,1055.35,97.28
2026-08-05T14:10Z,8735.25,163.35,6156.01,139.73,6163.1,164.0,1584.66,160.55,1080.68,147.49
2026-08-05T14:15Z,8706.28,129.87,6098.05,113.81,6136.64,127.06,1550.48,124.16,1081.88,114.28
2026-08-05T14:20Z,8695.99,111.0,6122.44,99.16,6026.48,105.56,1580.61,103.54,1076.06,94.96
2026-08-05T14:25Z,8708.18,111.0,6025.62,98.41,6097.25,105.39,1583.18,102.55,1076.95,94.8
2026-08-05T14:30Z,8658.66,111.0,6059.11,99.71,6018.04,103.69,1575.13,101.02,1075.39,92.98
2026-08-05T14:35Z,8608.32,112.89,5952.79,100.0,6010.26,108.24,1573.2,105.4,1074.38,97.37
2026-08-05T14:40Z,8584.73,112.89,5948.13,100.0,5986.69,108.96,1598.73,109.17,1075.58,97.71
2026-08-05T14:45Z,8480.32,110.32,5942.33,97.76,5861.4,105.56,1591.07,106.69,1077.76,94.68
2026-08-05T14:50Z,8506.73,116.16,5905.83,105.49,5915.11,110.4,1599.72,111.55,1073.04,99.01
2026-08-05T14:55Z,8469.96,124.32,5890.63,115.05,5895.87,117.1,1587.45,117.38,1072.57,105.03
2026-08-05T15:00Z,8453.87,111.0,5880.81,99.48,5813.53,105.56,1570.83,104.97,1063.4,94.38
2026-08-05T15:05Z,8477.63,111.0,5881.85,96.2,5837.92,106.94,1569.87,107.13,1063.77,95.92
2026-08-05T15:10Z,8440.32,110.5,5846.26,95.99,5801.26,105.56,1564.92,105.72,1064.97,94.69
2026-08-05T15:15Z,8317.88,116.43,5801.85,102.97,5780.23,110.4,1566.22,111.08,1065.9,99.35
2026-08-05T15:20Z,8309.5,111.69,5782.11,100.0,5757.71,105.78,1548.48,106.71,1071.41,95.5
2026-08-05T15:25Z,8248.37,108.0,5781.91,93.68,5636.75,105.56,1543.82,106.22,1069.74,95.33
2026-08-05T15:30Z,8189.04,112.02,5767.21,96.54,5675.01,110.4,1533.26,110.58,1065.38,99.69
2026-08-05T15:35Z,8194.81,131.79,5777.38,115.05,5642.81,130.77,1509.91,128.84,1064.13,118.46
2026-08-05T15:40Z,8181.79,111.31,5759.43,95.31,5556.72,110.4,1511.53,110.56,1056.35,98.75
2026-08-05T15:45Z,8166.53,112.19,5782.15,96.1,5590.83,110.4,1515.33,111.41,1060.01,98.75
2026-08-05T15:50Z,8182.1,124.29,5697.53,110.0,5551.07,122.28,1520.46,122.5,1059.58,109.38
2026-08-05T15:55Z,8097.19,115.62,5737.46,103.59,5543.78,111.96,1507.05,110.43,1057.18,100.16
2026-08-05T16:00Z,8014.27,101.95,5699.9,87.24,5521.24,102.81,1498.23,101.02,1053.22,91.65
2026-08-05T16:05Z,8034.2,115.62,5714.71,100.87,5424.44,110.4,1497.48,108.61,1058.01,98.44
2026-08-05T16:10Z,7973.51,129.35,5713.13,115.02,5421.83,123.2,1491.43,122.08,1057.02,110.59
2026-08-05T16:15Z,7943.31,115.62,5677.54,100.82,5460.83,110.4,1466.22,109.54,1053.62,98.77
2026-08-05T16:20Z,7913.05,115.62,5708.84,101.5,5431.39,110.4,1478.6,110.53,1056.13,99.09
2026-08-05T16:25Z,7925.01,115.62,5681.59,104.08,5379.06,110.4,1479.83,110.14,1052.66,98.78
2026-08-05T16:30Z,7874.73,115.62,5659.24,100.0,5368.56,110.4,1474.41,109.73,1051.85,98.79
2026-08-05T16:35Z,7812.31,115.62,5665.06,101.46,5373.34,107.41,1458.63,106.27,1031.94,14.24
2026-08-05T16:40Z,7876.95,115.62,5670.6,101.46,5328.73,107.37,1463.11,107.12,1008.05,14.24
2026-08-05T16:45Z,7771.64,106.37,5692.31,93.37,5256.53,100.37,1463.02,101.02,997.83,13.24
2026-08-05T16:50Z,7874.59,113.66,5692.71,98.51,5278.77,105.56,1472.66,105.72,1001.12,94.76
2026-08-05T16:55Z,7825.85,115.62,5629.75,104.02,5295.18,107.35,1471.3,107.15,1006.43,96.36
2026-08-05T17:00Z,7803.28,108.32,5659.87,95.03,5277.07,101.33,1450.5,101.49,1006.42,90.96
2026-08-05T17:05Z,7833.76,111.06,5650.37,93.83,5284.35,105.56,1455.89,106.17,1008.45,94.46
2026-08-05T17:10Z,7869.54,115.62,5621.66,100.14,5296.4,109.03,1470.85,110.52,1013.79,97.56
2026-08-05T17:15Z,7778.77,115.62,5697.39,100.86,5257.42,109.01,1458.87,110.91,1007.71,97.55
2026-08-05T17:20Z,7786.26,115.62,5665.32,98.93,5316.54,110.4,1455.64,112.31,1023.17,99.11
2026-08-05T17:25Z,7808.46,115.62,5725.07,99.01,5270.84,109.87,1450.57,111.9,1046.77,99.6
2026-08-05T17:30Z,7774.14,115.62,5703.98,98.98,5300.18,110.4,1444.77,113.14,1058.66,100.07
2026-08-05T17:35Z,7828.01,115.62,5699.41,98.35,5309.67,110.4,1424.33,112.94,1060.83,99.44
2026-08-05T17:40Z,7835.09,115.62,5677.73,98.94,5240.74,108.85,1427.74,109.78,1066.29,98.06
2026-08-05T17:45Z,7839.64,123.27,5681.26,105.49,5233.87,115.96,1414.32,120.08,1072.16,104.8
2026-08-05T17:50Z,7838.43,115.62,5722.07,98.99,5259.42,109.68,1415.79,110.94,1068.98,98.48
2026-08-05T17:55Z,7843.51,115.62,5712.94,98.98,5214.91,107.88,1413.94,109.54,1067.72,96.56
2026-08-05T18:00Z,7895.28,115.62,5701.14,98.34,5210.88,106.97,1410.65,108.16,1067.03,95.75
2026-08-05T18:05Z,7861.85,114.8,5714.05,97.76,5242.8,107.86,1395.21,109.37,1072.52,96.54
2026-08-05T18:10Z,7902.49,116.92,5697.72,100.0,5252.7,109.0,1396.73,108.38,1100.37,98.2
2026-08-05T18:15Z,7865.51,114.8,5769.12,98.35,5270.14,106.21,1389.06,104.78,1097.91,95.37
2026-08-05T18:20Z,7937.97,114.8,5813.36,99.66,5264.17,106.22,1397.75,104.51,1099.78,95.38
2026-08-05T18:25Z,7974.16,119.72,5860.73,103.98,5276.02,109.0,1392.53,106.05,1099.21,98.19
2026-08-05T18:30Z,7977.53,116.01,5851.5,100.12,5213.38,105.56,1392.42,104.73,1103.74,95.1
2026-08-05T18:35Z,8002.17,120.73,5910.18,106.95,5243.6,109.0,1405.51,107.95,1106.74,97.88
2026-08-05T18:40Z,8088.51,119.78,5875.54,104.04,5252.13,109.0,1422.77,107.57,1101.34,97.88
2026-08-05T18:45Z,8105.73,118.78,5887.73,103.2,5320.65,109.0,1425.73,107.51,1106.33,97.87
2026-08-05T18:50Z,8190.41,119.84,5934.31,104.83,5339.57,109.0,1440.44,108.41,1112.36,98.18
2026-08-05T18:55Z,8219.68,121.62,6024.16,107.18,5297.17,109.0,1441.36,108.86,1115.97,98.19
2026-08-05T19:00Z,8287.93,119.69,6024.81,106.15,5396.83,109.0,1438.32,108.72,1121.94,98.17
2026-08-05T19:05Z,8307.71,131.6,6090.76,117.55,5442.69,117.99,1432.34,118.58,1130.77,105.92
2026-08-05T19:10Z,8324.72,134.86,6098.11,119.24,5543.96,122.79,1417.36,122.97,1144.93,110.57
2026-08-05T19:15Z,8371.31,140.8,6204.42,127.56,5594.01,128.19,1418.59,130.44,1152.57,115.42
2026-08-05T19:20Z,8502.65,134.51,6186.67,119.51,5537.65,120.45,1424.0,121.26,1156.24,108.82
2026-08-05T19:25Z,8627.76,155.45,6276.45,136.51,5645.78,138.21,1435.45,138.0,1165.25,125.23
2026-08-05T19:30Z,8536.4,145.26,6313.26,130.51,5694.45,131.25,1421.52,130.44,1170.86,119.3
2026-08-05T19:35Z,8716.87,145.85,6367.95,130.69,5733.48,128.32,1424.56,130.44,1175.21,115.52
2026-08-05T19:40Z,8831.3,163.55,6434.5,146.67,5806.97,138.81,1450.32,139.01,1185.86,125.75
2026-08-05T19:45Z,8944.68,169.75,6453.78,152.28,5846.12,146.42,1478.24,144.19,1191.36,131.37
2026-08-05T19:50Z,9028.22,162.97,6442.93,142.5,5910.97,141.74,1494.63,141.93,1205.06,127.16
2026-08-05T19:55Z,9062.32,159.29,6517.17,140.3,5985.79,136.46,1504.53,134.44,1207.69,122.41
2026-08-05T20:00Z,9133.23,180.83,6621.11,163.58,6026.35,146.42,1507.13,140.24,1217.57,131.76
2026-08-05T20:05Z,9307.64,180.73,6646.7,166.67,5951.75,146.42,1505.26,142.49,1229.07,130.93
2026-08-05T20:10Z,9471.74,159.27,6780.42,142.5,6114.23,131.1,1514.51,125.38,1250.36,117.2
2026-08-05T20:15Z,9707.1,219.02,6870.78,192.46,6291.94,176.46,1556.66,165.61,1268.81,158.22
2026-08-05T20:20Z,9718.61,230.29,6928.02,206.33,6384.55,184.0,1520.72,156.11,1270.26,164.95
2026-08-05T20:25Z,9809.22,174.59,6978.67,158.59,6467.29,147.51,1555.2,140.34,1288.91,132.23
2026-08-05T20:30Z,10055.98,207.51,7002.64,189.72,6602.22,176.79,1585.37,170.83,1300.75,158.95
2026-08-05T20:35Z,10157.84,229.9,7074.21,211.72,6674.92,183.51,1580.45,172.95,1306.11,163.92
2026-08-05T20:40Z,10308.72,229.69,7176.18,207.76,6751.19,183.48,1594.38,138.09,1293.34,163.29
2026-08-05T20:45Z,10334.49,186.2,7220.19,175.11,6819.34,166.85,1644.38,155.29,1304.58,150.24
2026-08-05T20:50Z,10592.67,216.56,7259.11,198.57,6956.33,186.53,1659.89,159.96,1317.3,167.09
2026-08-05T20:55Z,10679.93,230.59,7211.7,209.97,7093.09,197.65,1712.8,183.44,1330.96,178.15
2026-08-05T21:00Z,10725.5,230.59,7216.79,209.95,7144.19,217.09,1698.8,203.46,1341.71,195.65
2026-08-05T21:05Z,10774.13,230.59,7264.44,208.74,7302.97,222.55,1701.65,208.87,1351.92,199.25
2026-08-05T21:10Z,10838.14,230.59,7290.2,211.49,7315.91,217.42,1712.49,203.55,1335.09,193.35
2026-08-05T21:15Z,10853.47,230.59,7290.78,204.86,7466.18,221.55,1746.06,208.87,1344.5,197.65
2026-08-05T21:20Z,11073.64,311.91,7262.23,294.4,7521.32,281.23,1758.37,254.49,1365.94,251.69
2026-08-05T21:25Z,11084.1,299.99,7218.62,276.59,7634.07,273.23,1788.89,250.49,1373.38,245.27
2026-08-05T21:30Z,11042.73,299.99,7186.59,273.02,7667.43,273.56,1806.58,253.94,1384.33,246.35
2026-08-05T21:35Z,10997.83,299.99,7213.75,287.37,7648.74,274.07,1853.14,255.14,1385.51,245.25
2026-08-05T21:40Z,11033.31,299.99,7134.37,274.5,7671.41,270.05,1878.09,250.69,1395.66,241.64
2026-08-05T21:45Z,11004.31,299.99,7128.16,271.02,7757.42,277.32,1917.85,264.98,1413.26,248.92
2026-08-05T21:50Z,10960.91,252.63,7087.78,223.82,7810.11,239.48,1933.82,230.0,1410.31,214.24
2026-08-05T21:55Z,10900.27,187.63,6986.03,167.08,7802.57,184.06,1969.68,180.61,1398.69,164.14
2026-08-05T22:00Z,10860.2,175.42,6982.23,156.23,7795.28,176.46,1976.41,175.38,1393.96,158.37
2026-08-05T22:05Z,10697.09,147.93,6864.62,130.69,7770.74,145.25,1966.64,143.17,1389.34,130.78
2026-08-05T22:10Z,10673.04,134.86,6841.82,119.12,7887.44,133.68,1975.75,131.68,1386.49,119.96
2026-08-05T22:15Z,10680.61,122.96,6692.16,108.42,7966.18,124.0,1980.06,124.18,1389.41,111.25
2026-08-05T22:20Z,10455.2,113.71,6658.41,102.8,7857.75,115.0,1969.41,117.9,1391.09,103.2
2026-08-05T22:25Z,10419.43,105.29,6520.88,95.03,7871.23,105.28,1950.7,106.55,1394.3,94.78
2026-08-05T22:30Z,10325.63,99.01,6491.33,88.75,7881.34,98.85,1904.06,101.02,1395.87,89.22
2026-08-05T22:35Z,10241.43,110.97,6472.54,101.36,7803.88,109.0,1901.09,109.63,1388.32,99.08
2026-08-05T22:40Z,10069.0,99.37,6420.21,88.99,7733.12,97.53,1878.68,101.02,1375.61,88.67
2026-08-05T22:45Z,9989.82,102.0,6377.3,92.51,7723.51,98.46,1848.82,101.02,1366.16,89.22
2026-08-05T22:50Z,9841.09,99.01,6301.34,87.47,7753.42,98.75,1844.48,101.02,1350.89,89.19
2026-08-05T22:55Z,9787.25,97.55,6141.64,84.5,7666.43,97.01,1793.15,100.27,1354.21,88.24
2026-08-05T23:00Z,9563.78,93.47,6102.45,80.84,7633.28,94.94,1743.69,96.77,1350.35,88.24
2026-08-05T23:05Z,9502.89,95.43,5922.63,46.81,7521.47,98.45,1708.86,101.02,1335.86,89.53
2026-08-05T23:10Z,9447.62,97.55,5883.39,78.54,7538.26,101.35,1680.11,102.95,1332.23,90.99
2026-08-05T23:15Z,9391.71,84.79,5779.42,30.36,7490.34,97.77,1633.88,101.02,1330.81,88.24
2026-08-05T23:20Z,9317.93,73.1,5742.74,61.57,7438.65,98.38,1586.82,101.02,1322.19,88.62
2026-08-05T23:25Z,9208.18,77.57,5741.98,67.23,7413.44,99.19,1556.28,101.02,1311.21,89.06
2026-08-05T23:30Z,9132.13,80.13,5787.08,68.82,7350.85,96.11,1522.4,98.18,1294.29,88.24
2026-08-05T23:35Z,9047.62,82.03,5770.52,70.0,7299.31,91.75,1505.96,93.44,1271.86,86.93
2026-08-05T23:40Z,9014.22,81.0,5780.87,70.0,7258.54,92.29,1455.15,93.44,1300.87,88.24
2026-08-05T23:45Z,8887.26,77.85,5715.77,69.38,7135.3,80.5,1410.64,81.7,1287.38,77.62
2026-08-05T23:50Z,8811.37,69.99,5503.31,61.02,7063.8,79.48,1398.33,80.44,1267.09,76.43
2026-08-05T23:55Z,8827.02,67.91,5302.82,57.23,7057.53,79.05,1381.55,80.44,1265.25,76.02
2026-08-06T00:00Z,8696.69,64.89,5214.48,54.62,6977.21,70.32,1364.79,72.67,1267.6,67.71
2026-08-06T00:05Z,8606.21,83.92,5073.92,48.36,6898.68,84.92,1327.73,87.28,1260.37,83.39
2026-08-06T00:10Z,8721.65,85.54,4925.95,54.75,6883.66,84.92,1276.33,86.34,1265.05,88.24
2026-08-06T00:15Z,8569.89,76.81,4906.21,48.35,6745.14,77.42,1261.34,80.0,1246.3,88.24
2026-08-06T00:20Z,8478.38,69.99,4883.98,57.23,6712.79,70.32,1259.73,72.83,1249.52,88.24
2026-08-06T00:25Z,8528.48,69.87,4924.58,54.06,6573.82,70.32,1240.84,73.03,1245.53,88.24
2026-08-06T00:30Z,8378.7,67.99,4792.42,40.43,6476.52,69.46,1207.48,71.94,1231.34,68.66
2026-08-06T00:35Z,8269.66,67.75,4811.06,43.75,6361.09,66.41,1191.08,67.89,1228.11,66.35
2026-08-06T00:40Z,8355.72,69.99,4753.85,43.75,6325.63,69.23,1220.48,72.06,1226.32,67.94
2026-08-06T00:45Z,8248.56,64.95,4670.13,43.75,6200.96,63.2,1228.8,65.89,1215.07,61.93
2026-08-06T00:50Z,8115.41,61.02,4604.43,44.43,6101.81,56.58,1201.15,58.11,1207.3,55.12
2026-08-06T00:55Z,8014.98,65.89,4704.63,57.23,6008.02,61.11,1199.93,62.84,1177.37,59.02
2026-08-06T01:00Z,7917.11,64.95,4626.68,57.23,5901.19,59.66,1165.89,60.58,1170.13,57.48
2026-08-06T01:05Z,7945.2,78.6,4580.0,67.75,5830.41,75.4,1139.9,76.18,1163.15,72.47
2026-08-06T01:10Z,8036.59,79.31,4654.94,62.36,6008.82,78.08,1118.19,77.7,1158.42,74.95
2026-08-06T01:15Z,8027.65,88.13,4659.89,57.36,5944.88,81.87,1109.53,80.44,1154.57,78.34
2026-08-06T01:20Z,7970.26,73.08,4591.67,55.53,5923.19,68.89,1063.04,67.84,1162.39,66.26
2026-08-06T01:25Z,8041.04,81.36,4700.48,57.23,5942.01,75.4,1050.32,73.84,1152.34,72.19
2026-08-06T01:30Z,7972.11,86.2,4588.06,48.36,5823.98,81.11,1039.22,80.44,1140.27,76.74
2026-08-06T01:35Z,7995.74,81.66,4634.67,70.0,5780.74,74.83,1005.14,72.59,1118.54,70.8
2026-08-06T01:40Z,7920.77,73.94,4876.02,67.75,5696.02,65.74,1039.48,64.47,1113.5,62.21
2026-08-06T01:45Z,7805.07,71.37,4989.21,66.32,5601.91,64.0,1044.06,64.87,1090.85,60.38
2026-08-06T01:50Z,7721.98,65.89,4987.35,60.86,5548.76,59.47,1015.24,59.76,1094.52,55.95
2026-08-06T01:55Z,7803.27,69.99,4932.96,64.58,5513.82,61.68,1026.49,62.82,1095.16,58.02
2026-08-06T02:00Z,7669.14,67.28,4907.28,60.5,5503.91,59.26,1008.45,59.99,1088.3,55.41
2026-08-06T02:05Z,7623.38,75.33,4895.79,67.75,5368.5,49.42,1008.89,50.49,1079.89,46.79
2026-08-06T02:10Z,7565.83,78.29,4916.69,70.0,5378.28,56.91,1016.88,60.01,1061.11,53.22
2026-08-06T02:15Z,7448.41,61.02,4945.18,55.29,5428.18,49.29,1003.23,50.55,1068.75,46.66
2026-08-06T02:20Z,7471.23,69.99,4976.33,64.24,5475.32,49.25,984.17,52.0,1067.37,46.47
2026-08-06T02:25Z,7367.26,60.95,4877.75,55.53,5511.58,45.24,1025.21,51.92,1059.79,46.27
2026-08-06T02:30Z,7429.86,61.02,4839.82,55.53,5516.66,25.42,1027.16,40.67,1054.19,35.01
2026-08-06T02:35Z,7224.43,61.4,4798.07,55.53,5527.65,45.24,1076.97,53.95,1058.86,46.85
2026-08-06T02:40Z,7217.49,74.38,4758.27,67.23,5545.68,45.24,1093.65,60.31,1056.5,51.95
2026-08-06T02:45Z,7148.41,72.89,4775.61,67.23,5436.53,32.23,1091.25,53.0,1081.4,46.47
2026-08-06T02:50Z,7074.09,49.24,4770.04,45.65,5450.17,44.82,1112.2,49.66,1092.04,44.04
2026-08-06T02:55Z,7089.23,46.13,4693.41,43.01,5463.89,42.33,1112.99,52.0,1091.77,41.59
2026-08-06T03:00Z,6976.55,49.26,4614.83,45.88,5456.21,45.24,1119.08,49.66,1105.32,450.08
2026-08-06T03:05Z,6919.34,57.73,4526.77,54.75,5448.2,46.81,1120.25,53.0,1106.78,47.7
2026-08-06T03:10Z,6762.86,51.06,4554.95,48.3,5479.39,46.94,1116.44,52.0,1120.11,45.39
2026-08-06T03:15Z,6871.83,57.67,4576.45,54.75,5481.01,25.25,1121.18,49.46,1116.26,35.78
2026-08-06T03:20Z,6847.83,51.18,4636.93,48.3,5535.99,25.42,1126.15,49.5,1112.87,33.65
2026-08-06T03:25Z,6804.8,49.97,4677.16,48.1,5462.5,25.24,1143.54,49.66,1121.28,32.99
2026-08-06T03:30Z,6716.76,44.37,4692.12,42.99,5480.93,24.68,1141.1,49.02,1116.89,30.58
2026-08-06T03:35Z,6763.81,60.92,4787.92,57.23,5499.5,25.33,1185.22,52.0,1128.6,37.62
2026-08-06T03:40Z,6653.44,68.02,4757.83,64.57,5521.96,25.42,1233.83,70.0,1122.17,40.47
2026-08-06T03:45Z,6631.82,59.42,4726.62,54.75,5610.07,49.42,1230.28,88.06,1129.54,50.08
2026-08-06T03:50Z,6707.93,70.19,4763.42,64.28,5494.79,64.0,1242.99,101.0,1116.86,61.64
2026-08-06T03:55Z,6752.34,68.02,4755.99,61.9,5582.66,25.42,1225.02,52.77,1112.14,40.35
2026-08-06T04:00Z,6711.59,62.53,4837.28,57.7,5621.48,27.68,1270.14,69.27,1093.26,38.72
2026-08-06T04:05Z,6642.99,61.02,4917.9,56.02,5626.75,25.42,1253.39,88.06,1098.6,37.81
2026-08-06T04:10Z,6587.53,59.64,4909.37,54.75,5565.34,54.8,1204.25,69.27,1101.81,52.85
2026-08-06T04:15Z,6552.6,57.39,4947.96,54.75,5496.32,52.75,1219.86,101.0,1103.44,49.93
2026-08-06T04:20Z,6611.88,45.86,4949.16,43.75,5562.87,42.79,1201.72,93.44,1110.49,41.29
2026-08-06T04:25Z,6759.05,57.39,4907.02,53.15,5700.58,53.55,1212.86,93.44,1120.84,51.68
2026-08-06T04:30Z,6939.02,71.35,5003.77,67.23,5704.63,65.99,1210.21,88.06,1126.06,63.56
2026-08-06T04:35Z,7044.64,68.02,5027.76,62.1,5829.92,64.49,1212.72,101.0,1123.71,62.27
2026-08-06T04:40Z,7020.94,73.06,5133.12,67.23,5910.53,70.84,1186.68,101.0,1134.68,68.55
2026-08-06T04:45Z,7168.61,78.25,5263.87,70.0,5982.79,75.4,1231.09,139.01,1136.45,72.93
2026-08-06T04:50Z,7279.24,83.68,5290.23,71.48,6008.06,80.5,1216.16,139.1,1146.72,80.04
2026-08-06T04:55Z,7354.12,99.01,5291.38,88.7,5955.91,95.21,1227.16,139.01,1141.71,89.24
2026-08-06T05:00Z,7251.49,88.88,5408.8,80.76,6038.13,84.9,1209.16,92.01,1147.33,82.0
2026-08-06T05:05Z,7340.8,92.71,5464.06,82.17,6222.14,90.91,1275.44,101.0,1167.86,87.55
2026-08-06T05:10Z,7552.14,99.01,5567.47,85.67,6229.02,99.0,1312.05,130.44,1143.18,92.18
2026-08-06T05:15Z,7484.36,92.43,5672.79,81.11,6316.77,92.31,1303.66,101.02,1168.13,86.74
2026-08-06T05:20Z,7616.7,89.0,5699.45,77.15,6370.23,91.7,1284.84,101.02,1166.29,86.16
2026-08-06T05:25Z,7698.89,75.62,5825.08,67.75,6457.55,95.69,1302.61,103.17,1167.01,88.24
2026-08-06T05:30Z,7933.02,83.99,5888.16,72.96,6517.06,93.86,1299.0,101.02,1171.94,87.63
2026-08-06T05:35Z,7981.82,93.02,5904.76,80.84,6479.93,93.43,1320.46,101.02,1186.53,87.77
2026-08-06T05:40Z,7949.24,95.95,5992.22,85.97,6514.17,94.77,1300.99,103.23,1195.26,88.24
2026-08-06T05:45Z,8197.81,99.01,6077.27,87.32,6650.6,96.08,1272.73,102.92,1201.35,88.24
2026-08-06T05:50Z,8297.52,98.72,6092.83,88.19,6705.11,95.73,1256.11,101.29,1186.06,88.24
2026-08-06T05:55Z,8448.32,97.63,6173.89,85.11,6799.91,95.45,1252.4,101.02,1183.7,88.24
2026-08-06T06:00Z,8544.25,95.34,6191.58,78.54,6823.61,93.98,1258.14,100.07,1195.29,88.24
2026-08-06T06:05Z,8532.49,99.01,6265.06,85.36,6848.33,95.45,1260.75,101.02,1205.89,88.24
2026-08-06T06:10Z,8651.45,100.97,6338.59,84.65,6915.69,96.97,1232.82,101.0,1187.81,88.24
2026-08-06T06:15Z,8837.22,106.41,6432.56,91.89,6846.63,98.07,1230.0,101.02,1204.54,88.97
2026-08-06T06:20Z,8886.11,108.26,6476.89,93.15,6947.72,98.99,1227.56,101.0,1208.71,89.22
2026-08-06T06:25Z,9067.04,124.1,6550.08,105.29,6997.66,109.0,1224.24,104.75,1211.97,97.6
2026-08-06T06:30Z,9148.36,126.1,6673.09,107.73,6977.37,109.0,1225.14,104.37,1219.68,97.92
2026-08-06T06:35Z,9204.88,110.01,6748.14,95.97,7010.02,92.32,1252.26,93.44,1226.7,85.85
2026-08-06T06:40Z,9408.03,124.16,6849.48,107.73,7121.61,101.89,1277.23,101.0,1219.74,90.92
2026-08-06T06:45Z,9644.44,143.9,6958.03,123.44,7124.88,116.43,1343.11,115.05,1234.2,103.89
2026-08-06T06:50Z,9660.93,140.1,6994.72,119.51,7195.86,113.64,1369.84,112.56,1249.28,102.04
2026-08-06T06:55Z,9786.22,140.86,7142.05,121.12,7162.6,112.61,1423.04,110.89,1257.66,101.12
2026-08-06T07:00Z,9874.96,137.26,7178.32,121.12,7223.77,111.55,1454.91,110.03,1267.1,100.49
2026-08-06T07:05Z,9999.31,142.2,7246.0,126.37,7294.66,115.0,1522.0,110.29,1275.72,104.25
2026-08-06T07:10Z,10103.07,143.9,7196.08,126.19,7411.81,117.67,1597.51,119.53,1245.08,105.62
2026-08-06T07:15Z,10236.92,155.12,7325.37,139.73,7458.12,125.93,1617.04,117.4,1257.69,112.67
2026-08-06T07:20Z,10192.06,143.9,7305.54,130.41,7510.67,115.45,1682.81,106.32,1269.36,103.29
2026-08-06T07:25Z,10432.34,159.81,7351.49,140.34,7556.81,132.29,1713.83,119.9,1298.18,119.5
2026-08-06T07:30Z,10485.3,168.67,7438.25,149.25,7690.29,140.03,1764.97,130.6,1312.48,126.87
2026-08-06T07:35Z,10567.91,143.9,7484.82,124.2,7742.64,122.34,1777.59,123.22,1307.51,109.42
2026-08-06T07:40Z,10843.21,143.9,7557.27,124.3,7700.18,120.3,1796.27,119.0,1317.22,107.95
2026-08-06T07:45Z,10981.07,151.84,7568.19,128.71,7811.84,128.2,1841.09,130.44,1318.64,115.01
2026-08-06T07:50Z,11026.31,174.59,7667.05,156.9,7832.03,144.13,1862.22,146.24,1322.18,129.31
2026-08-06T07:55Z,11068.61,158.83,7613.36,142.5,7800.41,129.06,1862.09,130.44,1331.2,116.16
2026-08-06T08:00Z,11146.86,143.9,7676.06,127.65,7963.76,124.72,1896.12,129.6,1341.43,112.59
2026-08-06T08:05Z,11221.9,143.9,7719.51,120.63,8001.19,124.87,1915.99,127.96,1336.87,112.0
2026-08-06T08:10Z,11194.17,151.25,7654.6,130.51,8001.44,134.48,1930.63,137.93,1336.32,121.01
2026-08-06T08:15Z,11223.06,143.9,7701.73,127.71,7902.47,125.05,1932.56,130.44,1339.23,111.83
2026-08-06T08:20Z,11315.62,148.77,7697.17,131.17,7894.57,126.27,1967.97,130.44,1339.26,112.91
2026-08-06T08:25Z,11225.8,143.9,7679.36,126.05,7905.38,125.06,1989.08,130.44,1339.56,111.09
2026-08-06T08:30Z,11296.05,143.9,7715.02,126.11,7985.27,126.26,1987.05,131.05,1345.02,112.53
2026-08-06T08:35Z,11291.03,143.9,7689.65,131.82,8019.38,125.46,2003.92,128.37,1333.46,111.81
2026-08-06T08:40Z,11305.06,156.15,7638.96,141.1,7881.09,129.81,2005.9,130.44,1319.19,116.07
2026-08-06T08:45Z,11256.74,143.9,7571.53,125.06,7909.76,125.41,2006.09,130.44,1330.56,112.14
2026-08-06T08:50Z,11369.38,143.9,7557.04,123.47,7881.31,123.95,1999.58,130.44,1313.41,110.83
2026-08-06T08:55Z,11345.59,163.88,7567.86,146.11,7878.52,138.43,2022.71,144.27,1334.43,124.19
2026-08-06T09:00Z,11298.33,143.9,7463.9,128.73,7803.72,113.77,1994.01,120.3,1350.72,102.09
2026-08-06T09:05Z,11376.9,143.9,7561.76,126.63,7835.31,113.09,2018.4,119.66,1343.69,101.14
2026-08-06T09:10Z,11289.99,155.9,7481.58,139.73,7853.81,115.0,2030.0,121.84,1338.22,102.16
2026-08-06T09:15Z,11312.93,145.67,7468.7,130.51,7809.17,111.98,2010.54,119.9,1337.56,100.15
2026-08-06T09:20Z,11322.88,132.07,7447.85,117.55,7731.7,108.43,2010.03,116.66,1316.78,96.34
2026-08-06T09:25Z,11375.5,134.54,7491.67,117.55,7775.6,112.59,2032.81,120.3,1311.67,100.37
2026-08-06T09:30Z,11315.22,142.33,7397.1,121.12,7778.97,110.95,2011.76,118.86,1309.84,98.9
2026-08-06T09:35Z,11273.38,143.9,7390.3,124.81,7735.11,113.49,2022.94,120.3,1304.78,102.16
2026-08-06T09:40Z,11264.37,143.9,7420.9,129.7,7743.16,112.31,2009.65,120.3,1301.87,100.44
2026-08-06T09:45Z,11275.81,136.44,7357.42,121.3,7723.28,113.28,1991.72,120.3,1296.51,101.64
2026-08-06T09:50Z,11309.02,137.44,7383.45,121.12,7655.03,115.0,2005.15,121.38,1304.58,103.52
2026-08-06T09:55Z,11184.39,143.9,7345.66,127.94,7638.63,121.39,2000.99,128.17,1305.26,109.28
2026-08-06T10:00Z,11211.04,143.9,7281.91,124.62,7599.98,121.24,1991.65,127.94,1303.7,108.8
2026-08-06T10:05Z,11178.95,143.9,7265.64,121.12,7538.23,120.18,1977.84,126.78,1291.0,107.52
2026-08-06T10:10Z,11075.4,143.9,7279.37,124.65,7552.01,111.98,1974.32,117.2,1298.93,100.51
2026-08-06T10:15Z,11128.4,143.9,7281.51,127.03,7486.01,121.0,1961.05,127.58,1301.16,108.61
2026-08-06T10:20Z,11138.57,143.9,7222.28,121.12,7509.19,123.01,1972.3,130.3,1305.59,110.77
2026-08-06T10:25Z,11011.11,143.9,7217.17,122.99,7475.65,123.96,1961.08,130.44,1293.13,110.92
2026-08-06T10:30Z,10982.71,143.9,7210.11,122.96,7437.95,123.87,1951.92,130.44,1281.44,110.49
2026-08-06T10:35Z,11006.69,143.9,7183.8,123.71,7422.7,125.73,1942.91,129.99,1285.61,112.51
2026-08-06T10:40Z,10959.79,148.22,7329.66,130.93,7404.24,127.48,1936.62,130.44,1275.32,113.71
2026-08-06T10:45Z,10863.89,143.9,7295.87,124.72,7393.86,109.73,1905.42,113.26,1267.25,98.83
2026-08-06T10:50Z,10915.99,143.9,7288.25,126.25,7348.55,121.8,1932.06,124.49,1261.72,108.65
2026-08-06T10:55Z,10884.18,143.9,7344.71,127.13,7208.5,122.66,1927.65,127.5,1259.96,109.44
2026-08-06T11:00Z,10845.53,143.9,7352.96,126.35,7274.86,123.53,1901.86,127.61,1265.96,110.21
2026-08-06T11:05Z,10754.72,143.9,7317.79,121.58,7198.76,122.56,1894.7,126.2,1263.99,110.41
2026-08-06T11:10Z,10657.04,143.9,7317.67,121.12,7210.53,125.41,1879.31,128.49,1253.28,112.62
2026-08-06T11:15Z,10582.43,142.11,7284.89,119.25,7154.22,122.76,1858.3,124.23,1250.57,110.25
2026-08-06T11:20Z,10637.5,143.56,7176.81,121.12,7122.91,121.97,1854.28,125.33,1242.35,109.54
2026-08-06T11:25Z,10568.24,140.69,7278.29,121.12,7092.85,123.4,1855.74,126.9,1243.04,110.83
2026-08-06T11:30Z,10498.83,143.9,7187.68,126.94,7087.48,127.48,1837.42,127.52,1231.95,114.14
2026-08-06T11:35Z,10365.65,143.9,7119.89,121.12,6945.57,124.13,1832.74,124.84,1228.64,111.88
2026-08-06T11:40Z,10301.32,143.9,7146.07,126.89,6934.51,121.28,1832.63,122.39,1216.91,108.95
2026-08-06T11:45Z,10242.76,144.96,7169.45,131.14,6853.66,125.94,1817.79,130.44,1210.07,112.79
2026-08-06T11:50Z,10146.85,143.9,7092.96,125.98,6762.23,124.88,1791.32,129.02,1208.38,111.86
2026-08-06T11:55Z,10039.61,143.9,7063.66,121.26,6775.38,124.9,1783.65,128.99,1193.87,111.52
2026-08-06T12:00Z,9959.26,131.13,6970.96,112.52,6711.15,111.98,1767.97,115.61,1190.04,100.24
2026-08-06T12:05Z,9948.59,143.9,6881.35,121.12,6614.21,125.72,1766.14,129.85,1178.97,112.99
2026-08-06T12:10Z,9960.18,151.35,6927.71,134.81,6593.26,127.97,1739.85,130.0,1172.38,115.03
2026-08-06T12:15Z,9854.64,143.9,6902.54,128.94,6490.27,120.66,1724.72,122.13,1163.28,108.12
2026-08-06T12:20Z,9847.5,143.9,6881.28,127.28,6449.35,120.52,1709.88,121.9,1159.97,108.0
2026-08-06T12:25Z,9797.93,143.9,6814.53,124.78,6385.28,122.27,1686.93,123.58,1146.49,109.22
2026-08-06T12:30Z,9723.91,143.9,6802.29,127.98,6358.26,121.37,1691.2,122.76,1146.65,108.43
2026-08-06T12:35Z,9666.09,143.9,6704.97,126.21,6378.17,124.2,1671.15,126.45,1136.75,112.02
2026-08-06T12:40Z,9588.22,143.9,6629.86,125.29,6340.67,123.12,1650.95,124.78,1135.21,110.7
2026-08-06T12:45Z,9557.04,143.9,6612.28,124.72,6259.56,121.04,1629.7,122.1,1128.11,108.84
2026-08-06T12:50Z,9445.64,143.9,6634.01,125.3,6207.93,120.09,1620.52,120.68,1108.31,107.3
2026-08-06T12:55Z,9385.79,136.23,6541.74,119.24,6174.87,113.61,1603.58,114.09,1116.23,101.84
2026-08-06T13:00Z,9397.3,126.29,6486.37,109.76,6150.69,105.24,1592.93,105.64,1106.75,94.04
2026-08-06T13:05Z,9322.4,119.5,6463.31,104.49,6099.67,100.31,1578.86,101.08,1099.18,88.24
2026-08-06T13:10Z,9294.1,138.15,6437.39,119.24,6183.83,117.89,1578.27,116.88,1110.5,105.68
2026-08-06T13:15Z,9225.42,130.3,6435.22,112.48,6273.31,111.98,1541.02,109.83,1104.87,100.04
2026-08-06T13:20Z,9218.32,119.03,6366.33,102.02,6194.94,103.02,1533.29,101.1,1096.74,92.05
2026-08-06T13:25Z,9096.31,115.47,6337.31,98.93,6153.0,102.24,1508.05,101.02,1096.67,91.36
2026-08-06T13:30Z,9090.8,120.79,6320.39,103.47,6249.4,107.05,1517.16,104.5,1090.17,95.64
2026-08-06T13:35Z,8922.95,114.8,6325.46,98.35,6184.72,101.97,1547.09,101.83,1093.8,91.41
2026-08-06T13:40Z,9058.2,142.77,6321.12,119.24,6115.13,129.7,1553.65,135.8,1093.0,116.28
2026-08-06T13:45Z,8917.64,114.8,6371.74,99.05,6035.21,100.08,1507.37,105.06,1084.75,89.74
2026-08-06T13:50Z,8863.16,114.8,6268.05,97.05,5986.07,103.35,1518.1,108.86,1081.51,92.38
2026-08-06T13:55Z,8850.33,114.8,6223.22,96.39,5951.36,103.22,1494.36,108.39,1079.11,92.26
2026-08-06T14:00Z,8823.58,114.8,6196.71,95.75,5988.85,103.24,1492.37,107.93,1073.62,92.28
2026-08-06T14:05Z,8760.75,110.01,6142.93,92.88,5958.42,99.21,1503.89,104.5,1075.38,88.97
2026-08-06T14:10Z,8884.38,117.32,6128.78,98.39,5943.22,105.56,1515.81,110.56,1084.83,94.67
2026-08-06T14:15Z,8794.11,110.01,6120.16,93.43,5930.31,99.21,1524.52,104.4,1073.09,88.97
2026-08-06T14:20Z,8812.36,115.25,6053.29,96.57,5911.51,105.56,1554.39,113.05,1064.69,94.36
2026-08-06T14:25Z,8785.8,124.63,6077.78,104.83,5881.23,115.0,1542.57,123.13,1067.19,102.8
2026-08-06T14:30Z,8799.42,109.41,5986.49,92.19,5761.95,99.21,1528.95,104.62,1061.48,88.71
2026-08-06T14:35Z,8697.17,108.42,5953.38,90.9,5749.81,99.21,1545.18,106.0,1068.4,89.28
2026-08-06T14:40Z,8663.55,110.67,5908.0,92.57,5795.07,105.56,1567.97,113.37,1059.96,94.68
2026-08-06T14:45Z,8607.41,104.89,5912.87,88.29,5752.99,99.21,1559.14,106.27,1070.68,89.29
2026-08-06T14:50Z,8610.57,110.01,5881.58,92.57,5676.05,105.56,1551.86,112.99,1071.23,95.01
2026-08-06T14:55Z,8493.45,115.14,5870.38,100.0,5731.05,110.7,1550.68,118.92,1047.21,99.31
2026-08-06T15:00Z,8446.34,101.6,5863.29,86.55,5715.06,99.21,1536.19,106.27,1045.58,89.0
2026-08-06T15:05Z,8472.94,115.22,5815.37,96.87,5689.48,109.0,1549.32,116.76,1054.31,97.79
2026-08-06T15:10Z,8413.62,116.2,5846.35,98.98,5577.64,109.0,1544.89,117.28,1060.85,98.13
2026-08-06T15:15Z,8324.36,114.8,5805.68,97.13,5532.88,108.46,1524.23,116.61,1064.83,97.65
2026-08-06T15:20Z,8307.65,114.8,5786.02,96.49,5592.05,109.0,1511.49,117.01,1060.64,98.12
2026-08-06T15:25Z,8246.52,114.8,5769.32,95.87,5572.22,109.0,1498.66,116.97,1049.23,97.81
2026-08-06T15:30Z,8263.69,106.09,5747.04,88.57,5486.37,99.21,1480.92,105.21,1060.89,89.33
2026-08-06T15:35Z,8209.59,114.8,5795.59,96.51,5501.7,106.57,1486.23,113.47,1066.79,96.26
2026-08-06T15:40Z,8241.47,113.72,5695.07,94.28,5434.0,105.56,1494.45,112.97,1066.8,95.36
2026-08-06T15:45Z,8159.69,113.7,5722.24,94.9,5437.68,105.56,1486.55,112.92,1064.7,95.36
2026-08-06T15:50Z,8114.6,110.89,5707.97,93.13,5418.06,102.94,1481.43,110.1,1055.8,92.7
2026-08-06T15:55Z,8135.92,113.16,5707.84,95.03,5369.41,104.96,1472.15,111.8,1060.88,94.52
2026-08-06T16:00Z,8059.23,108.72,5672.86,93.83,5283.17,99.21,1467.14,105.35,1071.3,89.36
2026-08-06T16:05Z,8068.96,111.64,5699.88,93.13,5257.4,102.66,1465.77,109.46,1060.49,92.18
2026-08-06T16:10Z,8010.19,114.8,5676.95,94.56,5291.41,108.2,1467.41,115.38,1052.13,96.83
2026-08-06T16:15Z,7989.95,111.17,5700.63,92.77,5299.78,105.56,1455.46,112.49,1043.15,94.46
2026-08-06T16:20Z,7964.89,113.89,5686.91,93.83,5291.75,108.93,1442.34,115.53,1051.24,97.48
2026-08-06T16:25Z,7940.8,105.49,5658.0,88.0,5205.86,99.21,1435.19,104.86,1053.62,89.37
2026-08-06T16:30Z,7898.59,111.32,5680.27,92.87,5246.79,105.56,1429.71,111.19,1054.82,95.09
2026-08-06T16:35Z,7959.2,114.8,5728.19,97.68,5250.76,109.0,1423.72,114.81,1059.65,98.19
2026-08-06T16:40Z,7947.09,114.8,5744.76,97.76,5255.21,109.0,1432.85,114.81,1052.66,98.18
2026-08-06T16:45Z,7927.59,111.69,5734.94,95.03,5157.11,105.56,1432.0,111.16,1055.34,95.1
2026-08-06T16:50Z,7936.71,106.0,5699.02,90.72,5135.83,99.21,1421.8,104.01,1053.57,89.38
2026-08-06T16:55Z,7889.48,104.49,5692.28,87.73,5176.82,99.0,1423.0,104.15,1057.82,89.19
2026-08-06T17:00Z,7892.66,111.07,5662.17,93.83,5176.07,105.18,1412.96,110.79,1048.28,94.76
2026-08-06T17:05Z,7882.3,110.98,5738.63,95.03,5157.98,105.04,1398.14,109.95,1054.98,94.63
2026-08-06T17:10Z,7917.13,114.8,5706.9,97.76,5121.89,107.85,1415.58,113.09,1062.96,97.17
2026-08-06T17:15Z,7907.82,114.8,5721.66,97.76,5154.3,109.6,1412.27,114.41,1067.75,98.75
2026-08-06T17:20Z,7993.52,114.8,5719.45,97.04,5179.9,109.0,1423.24,114.25,1080.67,98.52
2026-08-06T17:25Z,7985.09,114.8,5720.18,97.66,5153.0,109.0,1431.99,114.79,1080.04,98.21
2026-08-06T17:30Z,8031.56,114.8,5690.27,97.76,5089.59,109.0,1446.66,115.38,1055.64,97.58
2026-08-06T17:35Z,8011.69,113.22,5643.86,97.45,5120.96,109.0,1446.15,115.33,1052.7,97.24
2026-08-06T17:40Z,7963.13,112.06,5723.02,97.76,5145.28,107.02,1439.25,113.14,1057.42,95.47
2026-08-06T17:45Z,7948.3,110.61,5755.25,96.54,5165.04,105.56,1421.55,110.99,1060.4,94.8
2026-08-06T17:50Z,7976.39,114.3,5757.5,97.76,5127.7,109.0,1416.52,114.61,1057.01,97.89
2026-08-06T17:55Z,7946.8,114.15,5748.75,97.76,5140.38,111.42,1414.06,117.15,1062.0,100.07
2026-08-06T18:00Z,7903.35,111.64,5751.45,95.01,5176.87,109.0,1393.2,110.89,1058.86,97.89
2026-08-06T18:05Z,7892.04,109.5,5790.53,95.03,5170.47,149.41,1392.74,156.22,1075.93,134.19
2026-08-06T18:10Z,7992.99,110.17,5819.15,95.03,5113.6,110.75,1344.52,115.46,1076.69,100.24
2026-08-06T18:15Z,7999.61,118.89,5864.54,100.04,5159.98,151.95,1386.77,159.38,1068.4,136.46
2026-08-06T18:20Z,7957.03,112.0,5837.22,96.04,5191.42,109.0,1336.89,112.9,1071.55,97.89
2026-08-06T18:25Z,7949.43,109.32,5920.91,95.03,5218.86,132.25,1376.68,139.1,1073.52,118.76
2026-08-06T18:30Z,7917.79,110.78,5882.35,95.03,5141.91,108.7,1337.91,114.14,1075.26,97.62
2026-08-06T18:35Z,7966.2,108.65,5903.22,95.03,5187.0,111.85,1389.33,118.73,1082.58,100.45
2026-08-06T18:40Z,8061.5,111.98,5934.08,95.51,5256.46,109.0,1388.49,115.64,1078.46,97.88
2026-08-06T18:45Z,8086.18,113.07,6004.5,97.76,5312.5,132.23,1385.24,139.1,1081.46,118.72
2026-08-06T18:50Z,8014.37,108.49,6022.13,95.03,5281.6,112.02,1366.11,117.77,1087.56,100.59
2026-08-06T18:55Z,8130.52,113.61,6017.48,97.76,5279.39,109.0,1369.95,114.12,1092.42,98.19
2026-08-06T19:00Z,8114.4,109.64,6013.3,95.03,5305.4,107.83,1375.41,112.94,1091.51,96.83
2026-08-06T19:05Z,8205.0,111.65,6088.89,96.62,5403.03,109.0,1391.08,112.9,1101.03,98.8
2026-08-06T19:10Z,8334.1,114.37,6117.25,99.13,5478.19,109.0,1395.68,112.23,1116.35,98.79
2026-08-06T19:15Z,8370.39,112.55,6243.65,100.0,5433.29,105.56,1398.99,107.52,1129.89,95.07
2026-08-06T19:20Z,8431.82,108.04,6232.23,95.46,5461.94,100.45,1384.19,101.02,1136.6,90.47
2026-08-06T19:25Z,8425.69,116.18,6280.05,103.37,5575.83,109.0,1390.48,109.51,1149.29,98.15
2026-08-06T19:30Z,8465.01,117.46,6339.02,105.24,5623.05,107.58,1382.06,107.54,1139.65,96.86
2026-08-06T19:35Z,8574.39,118.86,6451.06,108.02,5672.34,105.56,1405.65,104.76,1144.51,94.43
2026-08-06T19:40Z,8691.9,129.31,6476.89,117.55,5678.04,112.28,1434.83,111.16,1155.55,100.44
2026-08-06T19:45Z,8775.99,127.6,6529.7,117.55,5638.01,109.86,1442.53,107.78,1163.44,98.6
2026-08-06T19:50Z,8796.93,124.52,6537.16,111.12,5707.94,109.0,1456.07,107.55,1167.6,97.82
2026-08-06T19:55Z,8908.5,132.56,6535.77,117.55,5764.42,115.0,1465.15,112.08,1178.41,103.53
2026-08-06T20:00Z,8963.48,138.23,6584.36,117.69,5929.92,124.0,1470.53,122.11,1188.14,111.6
2026-08-06T20:05Z,9136.34,125.65,6653.14,108.11,6003.63,111.75,1470.67,107.78,1201.74,100.24
2026-08-06T20:10Z,9323.16,143.9,6775.28,122.43,6130.62,128.13,1500.76,123.6,1230.74,114.55
2026-08-06T20:15Z,9465.32,143.9,6832.89,124.86,6209.8,127.08,1492.7,107.78,1246.32,113.96
2026-08-06T20:20Z,9549.15,143.9,6852.01,125.68,6301.4,121.55,1537.65,114.17,1249.79,108.99
2026-08-06T20:25Z,9663.6,143.9,6952.57,127.43,6328.5,121.44,1532.77,101.04,1257.63,109.23
2026-08-06T20:30Z,9802.88,151.17,6967.88,130.51,6352.79,127.67,1562.23,119.52,1269.38,115.2
2026-08-06T20:35Z,9955.16,150.56,7124.95,130.51,6380.42,129.06,1567.18,120.61,1289.74,115.71
2026-08-06T20:40Z,10141.63,130.73,7166.02,117.55,6559.98,115.74,1590.11,107.78,1284.75,103.73
2026-08-06T20:45Z,10289.79,130.01,7198.4,112.54,6746.35,119.98,1619.75,113.35,1298.67,107.51
2026-08-06T20:50Z,10328.64,134.86,7259.61,116.11,6830.63,126.48,1639.4,119.56,1309.03,113.68
2026-08-06T20:55Z,10498.14,139.7,7221.55,119.99,6895.22,129.06,1647.44,119.13,1316.29,115.99
2026-08-06T21:00Z,10556.67,139.53,7292.16,119.99,7009.49,129.06,1655.59,119.54,1315.96,115.97
2026-08-06T21:05Z,10684.51,123.29,7247.69,104.78,7091.0,112.29,1670.32,104.81,1317.24,100.24
2026-08-06T21:10Z,10715.87,124.84,7304.04,104.83,7157.77,115.78,1714.56,108.26,1322.58,102.99
2026-08-06T21:15Z,10780.36,123.27,7255.18,102.8,7187.73,114.5,1743.36,108.95,1350.7,102.53
2026-08-06T21:20Z,10826.44,129.28,7238.7,104.83,7288.57,125.19,1769.02,119.19,1362.75,112.09
2026-08-06T21:25Z,10938.5,131.88,7170.27,93.13,7433.28,137.0,1783.51,130.44,1382.39,123.03
2026-08-06T21:30Z,10957.11,113.5,7152.04,91.76,7489.62,133.6,1778.0,126.97,1394.33,120.36
2026-08-06T21:35Z,10968.46,113.5,7020.33,93.2,7555.07,139.0,1808.26,130.0,1408.82,124.82
2026-08-06T21:40Z,10919.8,113.5,6934.74,76.6,7626.26,139.0,1823.72,130.0,1412.45,124.8
2026-08-06T21:45Z,10871.53,101.1,6884.93,71.68,7733.35,147.0,1857.9,138.53,1412.79,131.96
2026-08-06T21:50Z,10834.72,97.55,6709.92,54.75,7709.52,147.0,1882.29,135.06,1416.33,132.39
2026-08-06T21:55Z,10681.56,96.95,6608.72,82.75,7593.37,176.46,1894.39,167.0,1414.38,158.44
2026-08-06T22:00Z,10630.98,97.55,6501.78,80.83,7595.77,147.0,1873.56,140.54,1421.68,132.42
2026-08-06T22:05Z,10531.33,93.41,6436.93,78.54,7656.97,139.02,1869.04,130.0,1406.96,126.01
2026-08-06T22:10Z,10454.34,89.4,6422.97,76.6,7702.01,140.9,1864.57,130.0,1404.28,126.48
2026-08-06T22:15Z,10404.32,84.79,6310.94,68.84,7601.5,157.97,1909.58,145.12,1398.65,141.83
2026-08-06T22:20Z,10308.71,79.42,6183.96,54.75,7618.07,137.18,1853.28,128.43,1393.72,122.76
2026-08-06T22:25Z,10215.23,51.95,6098.16,40.05,7604.83,171.92,1849.76,162.38,1374.06,153.35
2026-08-06T22:30Z,9977.46,50.84,6021.55,40.05,7530.35,141.37,1778.65,130.44,1382.59,126.53
2026-08-06T22:35Z,9900.39,72.0,5878.59,8.0,7354.84,142.71,1806.84,132.14,1387.55,129.0
2026-08-06T22:40Z,9743.14,69.99,5776.71,54.75,7294.32,111.59,1773.76,106.45,1376.39,100.24
2026-08-06T22:45Z,9567.14,51.95,5699.59,37.62,7295.67,111.24,1758.08,103.96,1375.54,100.24
2026-08-06T22:50Z,9544.13,66.53,5591.85,29.83,7274.87,111.98,1721.54,105.7,1369.42,100.59
2026-08-06T22:55Z,9299.98,72.0,5491.21,39.75,7179.4,105.56,1697.15,101.02,1369.42,94.84
2026-08-06T23:00Z,9198.1,51.95,5374.26,29.83,7162.92,105.56,1636.84,100.4,1354.55,94.53
2026-08-06T23:05Z,9084.75,66.53,5358.74,39.75,7053.21,146.81,1614.45,138.53,1346.67,132.77
2026-08-06T23:10Z,9004.54,66.53,5293.68,39.75,6960.87,165.48,1544.43,157.47,1335.03,148.72
2026-08-06T23:15Z,8889.53,64.95,5172.36,40.0,6779.69,150.69,1513.94,141.19,1319.76,135.04
2026-08-06T23:20Z,8799.4,66.53,5137.67,39.75,6698.74,97.52,1484.46,94.26,1313.78,88.24
2026-08-06T23:25Z,8711.49,66.53,5009.68,26.75,6594.62,90.73,1478.23,88.44,1300.35,84.2
2026-08-06T23:30Z,8537.41,43.05,5013.11,6.85,6538.92,71.97,1420.57,70.0,1293.39,66.79
2026-08-06T23:35Z,8518.2,51.95,4858.16,2.8,6435.78,84.92,1389.83,80.29,1292.94,79.81
2026-08-06T23:40Z,8395.12,66.53,4841.57,6.83,6453.36,84.92,1358.86,80.51,1283.18,80.92
2026-08-06T23:45Z,8216.12,61.02,4754.11,6.83,6355.22,63.28,1324.86,60.44,1265.54,60.29
2026-08-06T23:50Z,8210.98,43.05,4678.61,0.73,6267.5,55.04,1303.7,52.13,1256.59,53.22
2026-08-06T23:55Z,8100.38,43.05,4634.09,2.79,6211.59,48.72,1249.12,45.68,1245.25,53.2
2026-08-07T00:00Z,7962.3,42.08,4564.77,2.8,6182.68,42.38,1218.77,39.66,1226.72,41.67
2026-08-07T00:05Z,7913.2,54.55,4587.51,5.3,6184.42,86.67,1200.25,82.59,1219.28,53.2
2026-08-07T00:10Z,7898.23,67.99,4555.46,5.28,6058.82,94.14,1145.65,88.44,1229.25,88.24
2026-08-07T00:15Z,7772.36,51.95,4455.39,5.3,6051.95,86.8,1098.14,80.74,1236.74,81.37
2026-08-07T00:20Z,7617.75,42.0,4433.34,0.14,6022.58,42.74,1084.15,39.74,1228.2,53.18
2026-08-07T00:25Z,7580.15,42.6,4405.92,0.13,5982.86,42.0,1095.7,39.28,1212.28,41.07
2026-08-07T00:30Z,7540.34,42.98,4352.4,0.13,5973.15,42.0,1071.95,39.07,1199.06,41.07
2026-08-07T00:35Z,7434.23,66.53,4353.35,0.88,5786.91,64.0,1045.19,60.47,1193.18,53.22
2026-08-07T00:40Z,7333.2,66.53,4281.21,2.79,5921.6,69.79,1028.83,66.0,1213.64,67.33
2026-08-07T00:45Z,7158.57,43.05,4210.06,0.14,5903.96,89.0,1006.82,82.78,1189.28,82.67
2026-08-07T00:50Z,7063.75,43.05,4263.18,0.13,5776.21,75.94,960.79,70.0,1192.42,70.77
2026-08-07T00:55Z,7100.64,43.05,4210.18,-2.5,5677.61,72.14,969.37,66.59,1184.59,69.85
2026-08-07T01:00Z,7020.6,43.05,4237.31,-1.49,5592.98,44.94,937.63,41.13,1166.54,43.64
2026-08-07T01:05Z,6949.76,66.53,4167.11,-1.31,5668.54,77.02,919.33,69.87,1157.47,88.22
2026-08-07T01:10Z,6932.29,51.95,4283.56,0.03,5828.82,89.0,891.7,79.56,1157.42,88.22
2026-08-07T01:15Z,6904.06,51.95,4235.06,0.0,5805.78,54.15,863.54,47.34,1147.77,88.22
2026-08-07T01:20Z,6881.52,66.53,4186.69,-1.31,5759.6,67.66,847.88,59.9,1138.39,65.53
2026-08-07T01:25Z,6804.68,43.05,4217.11,-2.5,5719.29,44.13,836.27,38.61,1130.13,42.85
2026-08-07T01:30Z,6869.56,44.15,4196.2,-1.49,5653.73,45.24,862.4,40.88,1117.68,43.89
2026-08-07T01:35Z,6788.6,51.95,4145.91,0.0,5483.0,50.94,841.49,44.68,1108.71,49.35
2026-08-07T01:40Z,6641.18,51.95,4139.47,-1.31,5427.44,52.02,883.53,47.45,1106.28,50.39
2026-08-07T01:45Z,6643.99,45.25,4082.77,-2.5,5475.7,45.24,859.14,41.3,1095.54,43.8
2026-08-07T01:50Z,6622.18,51.95,4072.44,-2.5,5408.29,52.64,804.51,48.12,1085.21,50.66
2026-08-07T01:55Z,6547.9,35.48,4053.32,0.0,5401.5,35.94,790.65,32.83,1077.5,34.78
2026-08-07T02:00Z,6536.79,30.01,3998.12,-2.15,5269.14,30.21,850.57,27.09,1071.06,28.61
2026-08-07T02:05Z,6542.34,45.98,4011.84,-2.5,5201.93,45.24,876.0,41.82,1071.48,44.09
2026-08-07T02:10Z,6444.67,30.25,4042.05,-2.15,5093.86,30.21,856.35,26.96,1056.38,29.7
2026-08-07T02:15Z,6539.11,13.2,4025.94,-2.15,5000.27,13.09,897.39,11.6,1054.86,13.21
2026-08-07T02:20Z,6510.83,25.93,4030.42,0.0,5045.33,26.39,916.85,15.0,1044.39,25.93
2026-08-07T02:25Z,6430.49,26.65,4009.11,0.0,4908.86,26.42,875.98,14.19,1045.5,25.95
2026-08-07T02:30Z,6383.26,26.69,3964.72,0.0,4885.71,26.42,821.7,0.43,1038.86,25.89
2026-08-07T02:35Z,6425.5,26.54,3971.83,0.0,4871.77,26.42,779.27,0.43,1045.53,26.08
2026-08-07T02:40Z,6461.29,26.84,3982.69,-2.5,4849.98,26.42,723.64,0.43,1040.87,26.08
2026-08-07T02:45Z,6476.79,11.02,3987.69,-2.5,4753.4,10.65,692.64,-6.0,1032.35,10.87
2026-08-07T02:50Z,6449.13,10.68,3947.88,-2.5,4836.83,10.5,708.88,0.29,1034.2,10.73
2026-08-07T02:55Z,6481.23,23.99,3956.49,-2.5,4777.63,23.75,694.06,0.43,1038.89,23.52
2026-08-07T03:00Z,6310.83,-4.02,3991.8,-3.51,4769.51,-0.1,664.2,-0.09,1029.4,0.64
2026-08-07T03:05Z,6447.68,-4.22,4012.71,-3.73,4683.42,0.0,669.55,0.0,1032.87,0.74
2026-08-07T03:10Z,6453.98,-4.3,4046.49,-3.73,4690.16,8.81,624.88,0.43,1030.78,9.15
2026-08-07T03:15Z,6401.51,-4.01,4100.32,-3.51,4732.86,-0.1,625.55,-6.0,1033.49,0.64
2026-08-07T03:20Z,6388.29,0.01,4104.83,0.0,4701.54,0.01,630.59,-6.25,1032.92,0.75
2026-08-07T03:25Z,6400.9,27.65,4039.89,-2.15,4670.42,26.42,626.13,-1.1,1038.89,26.01
2026-08-07T03:30Z,6183.86,42.54,4093.83,-2.15,4627.92,0.43,608.38,-1.1,1038.55,1.16
2026-08-07T03:35Z,6144.15,27.09,4120.24,-2.5,4592.89,0.5,597.66,0.43,1037.41,1.22
2026-08-07T03:40Z,6212.76,27.09,4164.97,-2.15,4598.3,5.08,559.53,-6.25,1037.03,5.6
2026-08-07T03:45Z,6123.56,27.88,4168.4,-2.15,4525.54,-5.37,594.59,-6.0,1034.83,0.22
2026-08-07T03:50Z,6154.06,23.99,4175.85,-1.31,4583.47,0.0,607.4,-6.0,1033.74,2.22
2026-08-07T03:55Z,6293.13,42.59,4185.06,0.0,4566.56,-4.67,628.69,-6.25,1029.72,-0.08
2026-08-07T04:00Z,6263.7,42.8,4213.11,-2.15,4563.64,-4.86,629.1,-6.51,1030.98,0.22
2026-08-07T04:05Z,6331.69,-3.44,4290.29,-3.0,4573.76,-3.56,625.74,-7.01,1032.09,-0.97
2026-08-07T04:10Z,6461.74,-2.55,4284.96,-2.15,4571.67,-2.62,643.83,-7.01,1037.12,-0.05
2026-08-07T04:15Z,6462.4,-3.85,4384.3,-3.51,4511.29,-3.7,647.88,-6.61,1038.63,88.16
2026-08-07T04:20Z,6583.1,0.0,4483.98,0.0,4559.47,-0.1,658.97,-6.51,1038.09,5.14
2026-08-07T04:25Z,6640.98,0.0,4420.39,0.0,4634.75,0.0,650.95,-6.51,1037.37,0.0
2026-08-07T04:30Z,6716.81,0.0,4444.29,0.0,4722.69,0.0,641.27,-6.61,1031.32,0.0
2026-08-07T04:35Z,6727.51,0.0,4536.01,0.0,4785.33,0.0,626.75,-6.25,1033.76,0.0
2026-08-07T04:40Z,6732.28,5.06,4635.91,4.35,4921.58,5.13,675.9,-6.0,1041.31,5.14
2026-08-07T04:45Z,6865.32,5.3,4662.54,4.64,4851.35,5.11,696.75,-7.01,1048.74,5.14
2026-08-07T04:50Z,6888.22,5.13,4755.77,2.8,4864.54,5.07,704.68,-6.25,1060.24,5.14
2026-08-07T04:55Z,6928.82,0.01,4790.16,0.01,4941.48,0.01,714.42,-6.25,1054.52,0.01
2026-08-07T05:00Z,6975.39,1.2,4882.97,0.0,4964.53,1.22,738.63,-6.51,1054.18,1.24
2026-08-07T05:05Z,7058.88,5.08,4939.13,4.41,5009.21,5.07,720.92,-6.51,1069.13,5.14
2026-08-07T05:10Z,7158.65,5.17,5025.59,4.49,5056.26,5.08,741.8,-6.51,1077.4,5.14
2026-08-07T05:15Z,7149.92,23.95,5114.71,21.21,5045.09,10.5,765.95,-6.25,1075.37,10.55
2026-08-07T05:20Z,7239.59,23.95,5193.12,21.5,5165.71,10.5,821.79,-6.0,1087.28,10.58
2026-08-07T05:25Z,7317.91,42.8,5303.45,38.72,5207.98,10.65,888.27,-6.0,1093.47,10.73
2026-08-07T05:30Z,7469.56,57.35,5402.06,50.0,5230.59,10.5,958.49,9.07,1105.95,10.58
2026-08-07T05:35Z,7641.41,73.1,5507.4,64.62,5225.6,8.96,990.26,7.85,1106.28,0.14
2026-08-07T05:40Z,7706.41,27.79,5590.77,24.99,5268.76,10.5,1034.17,9.44,1118.92,3.21
2026-08-07T05:45Z,7972.58,42.82,5720.16,38.32,5392.95,36.83,1031.8,32.3,1128.09,5.22
2026-08-07T05:50Z,8123.47,42.82,5752.67,38.58,5429.82,20.73,1063.07,18.27,1136.98,20.16
2026-08-07T05:55Z,8242.74,42.82,5840.23,39.87,5454.37,41.88,1069.88,37.35,1147.55,40.62
2026-08-07T06:00Z,8437.57,42.82,5925.09,39.75,5562.54,42.16,1054.03,37.2,1155.02,49.71
2026-08-07T06:05Z,8458.34,68.02,6067.38,63.92,5579.07,26.19,1040.28,22.81,1155.31,39.98
2026-08-07T06:10Z,8581.97,68.02,6103.88,64.77,5646.06,59.04,1093.55,52.34,1136.75,55.2
2026-08-07T06:15Z,8622.76,94.98,6235.47,88.27,5651.03,94.38,1097.17,84.31,1156.07,88.24
2026-08-07T06:20Z,8717.17,104.74,6374.1,94.51,5759.63,102.59,1135.62,92.79,1171.7,93.54
2026-08-07T06:25Z,8871.22,114.54,6431.47,102.08,5808.36,113.4,1205.79,104.78,1188.49,103.72
2026-08-07T06:30Z,9029.22,137.1,6553.91,119.3,6005.63,131.79,1244.81,121.07,1207.02,120.88
2026-08-07T06:35Z,9096.04,115.86,6609.75,104.15,6109.74,109.0,1286.94,97.59,1211.01,99.33
2026-08-07T06:40Z,9282.76,120.48,6689.39,107.01,6131.9,109.0,1300.22,97.7,1230.81,98.39
2026-08-07T06:45Z,9390.49,118.39,6811.65,103.34,6275.71,109.0,1331.07,98.86,1241.92,98.68
2026-08-07T06:50Z,9538.47,127.27,6873.16,109.76,6318.52,115.0,1366.74,103.99,1255.07,104.11
2026-08-07T06:55Z,9623.88,138.07,6957.69,117.69,6451.03,123.52,1407.38,109.64,1261.49,111.8
2026-08-07T07:00Z,9587.26,134.46,7028.92,117.69,6466.11,119.68,1457.88,107.41,1272.99,108.33
2026-08-07T07:05Z,9683.35,129.39,7163.61,114.88,6561.81,113.74,1520.93,101.02,1279.34,101.61
2026-08-07T07:10Z,9722.34,130.32,7102.75,114.88,6645.28,115.76,1566.01,101.57,1295.77,103.74
2026-08-07T07:15Z,9890.02,113.5,7130.91,102.67,6726.5,105.88,1595.53,94.09,1301.32,94.57
2026-08-07T07:20Z,10073.09,130.01,7169.63,115.41,6825.31,120.37,1628.34,101.02,1318.13,107.85
2026-08-07T07:25Z,10208.02,129.14,7230.02,117.69,6868.5,121.4,1666.67,107.78,1323.25,109.12
2026-08-07T07:30Z,10203.64,146.0,7189.41,125.58,6961.06,133.48,1661.68,118.77,1327.84,119.95
2026-08-07T07:35Z,10369.72,137.77,7213.64,119.3,7039.04,124.78,1673.08,110.48,1331.26,112.48
2026-08-07T07:40Z,10498.0,127.93,7311.55,117.44,7001.05,115.0,1701.74,103.6,1338.34,102.68
2026-08-07T07:45Z,10612.6,167.08,7347.4,140.34,7137.81,148.07,1733.85,130.44,1349.58,132.18
2026-08-07T07:50Z,10549.7,161.86,7346.82,136.88,7186.27,147.0,1733.97,129.32,1356.52,131.21
2026-08-07T07:55Z,10500.81,133.03,7467.7,119.3,7256.0,122.58,1716.51,107.78,1362.07,110.11
2026-08-07T08:00Z,10655.8,145.4,7464.35,124.66,7374.61,133.48,1785.16,116.59,1366.56,119.88
2026-08-07T08:05Z,10673.47,158.62,7423.75,135.1,7417.93,147.0,1806.27,128.54,1365.58,131.16
2026-08-07T08:10Z,10604.89,141.85,7387.76,119.99,7380.48,132.58,1816.46,118.89,1366.49,118.31
2026-08-07T08:15Z,10587.39,121.0,7435.49,108.46,7408.02,111.63,1780.69,101.02,1364.81,100.24
2026-08-07T08:20Z,10700.55,121.0,7437.65,109.76,7401.02,112.2,1832.44,101.04,1365.98,100.44
2026-08-07T08:25Z,10747.19,146.0,7438.31,126.71,7404.79,133.54,1878.92,120.62,1361.95,119.54
2026-08-07T08:30Z,10567.38,129.67,7386.65,116.88,7470.2,119.52,1842.12,107.25,1362.42,106.98
2026-08-07T08:35Z,10708.11,129.67,7425.5,113.97,7412.17,114.06,1857.28,103.78,1363.97,102.1
2026-08-07T08:40Z,10730.04,131.82,7349.84,116.49,7390.18,115.0,1874.29,104.25,1359.45,102.94
2026-08-07T08:45Z,10623.74,119.49,7388.88,109.76,7397.7,105.88,1870.21,95.83,1362.98,95.69
2026-08-07T08:50Z,10657.75,117.45,7301.72,105.04,7430.34,105.88,1883.6,97.17,1355.83,95.68
2026-08-07T08:55Z,10736.71,125.1,7294.58,109.77,7448.76,110.92,1869.27,101.02,1359.14,100.24
2026-08-07T09:00Z,10668.71,121.0,7247.77,109.56,7319.14,106.31,1850.9,99.42,1361.84,95.17
2026-08-07T09:05Z,10661.35,121.0,7269.77,109.76,7335.6,106.31,1855.0,100.54,1362.83,95.48
2026-08-07T09:10Z,10638.09,121.0,7251.22,109.77,7361.4,105.88,1840.22,100.39,1360.87,95.09
2026-08-07T09:15Z,10677.79,121.0,7246.22,109.76,7330.36,105.88,1819.51,100.65,1363.93,95.09
2026-08-07T09:20Z,10650.4,121.0,7238.06,109.76,7281.41,105.88,1822.08,100.67,1361.32,95.1
2026-08-07T09:25Z,10651.16,121.0,7147.88,108.69,7359.82,105.88,1808.28,100.2,1357.07,95.09
2026-08-07T09:30Z,10542.33,118.39,7166.0,107.73,7295.04,103.83,1803.92,99.13,1355.57,93.26
2026-08-07T09:35Z,10561.94,121.0,7189.33,108.75,7307.66,109.0,1784.6,101.02,1353.55,98.21
2026-08-07T09:40Z,10523.42,116.66,7155.87,105.49,7249.07,105.88,1781.94,97.98,1350.96,95.1
2026-08-07T09:45Z,10543.42,113.5,7122.08,96.88,7167.6,101.05,1793.97,93.43,1343.69,90.78
2026-08-07T09:50Z,10576.42,113.5,7117.35,96.9,7162.23,100.2,1790.02,93.43,1340.32,90.01
2026-08-07T09:55Z,10530.37,126.3,7077.14,107.73,7207.58,109.0,1797.63,101.02,1346.92,97.91
2026-08-07T10:00Z,10413.99,127.34,7082.56,106.64,7169.85,109.0,1775.59,100.52,1338.64,97.91
2026-08-07T10:05Z,10439.46,125.02,6988.85,106.6,7086.44,107.68,1762.23,98.9,1335.02,97.98
2026-08-07T10:10Z,10369.84,121.1,7075.44,106.0,7152.79,107.68,1741.88,97.61,1335.93,97.97
2026-08-07T10:15Z,10404.95,121.0,7064.99,103.9,7072.92,105.11,1765.67,95.53,1333.59,95.35
2026-08-07T10:20Z,10372.15,119.19,7015.67,102.95,7131.11,102.82,1763.62,93.43,1332.45,93.26
2026-08-07T10:25Z,10459.5,121.36,7030.06,104.83,7033.05,106.24,1782.37,95.86,1325.9,96.37
2026-08-07T10:30Z,10383.59,121.1,6939.61,102.52,7032.19,105.88,1764.08,94.23,1321.09,94.83
2026-08-07T10:35Z,10311.84,121.1,6933.85,98.6,6977.85,105.11,1740.36,96.76,1324.94,95.36
2026-08-07T10:40Z,10348.18,121.1,7006.74,102.0,7009.68,105.88,1720.33,95.58,1320.09,96.05
2026-08-07T10:45Z,10316.66,121.1,7061.03,101.56,6986.16,104.91,1722.43,93.99,1318.56,95.17
2026-08-07T10:50Z,10277.7,121.1,7119.36,105.42,6914.29,104.75,1695.77,93.43,1314.04,94.74
2026-08-07T10:55Z,10174.21,121.1,7153.9,106.13,6858.08,103.96,1690.3,93.84,1307.28,94.03
2026-08-07T11:00Z,10174.11,121.1,7144.12,106.12,6958.19,105.88,1680.46,94.63,1306.79,95.75
2026-08-07T11:05Z,10224.52,131.89,7098.97,117.72,6887.38,110.43,1667.93,99.95,1300.38,99.88
2026-08-07T11:10Z,10134.58,125.61,7097.83,112.1,6730.0,105.88,1659.66,96.17,1299.22,95.17
2026-08-07T11:15Z,10079.81,113.5,7027.74,99.29,6763.31,97.86,1653.38,89.51,1302.33,88.24
2026-08-07T11:20Z,10065.14,127.94,7026.47,115.54,6732.21,106.18,1652.83,96.07,1298.26,95.45
2026-08-07T11:25Z,9977.0,119.21,7090.56,107.73,6679.69,101.34,1645.2,91.05,1293.0,90.8
2026-08-07T11:30Z,9993.12,128.6,7005.4,110.34,6591.39,105.88,1637.06,94.23,1291.3,94.89
2026-08-07T11:35Z,9903.19,121.1,6982.08,109.76,6531.42,102.05,1638.07,92.89,1283.8,92.05
2026-08-07T11:40Z,9934.96,125.7,7034.38,109.27,6526.75,103.29,1608.39,93.43,1282.63,93.17
2026-08-07T11:45Z,9771.48,121.1,6984.35,109.76,6489.49,97.24,1596.82,88.44,1271.99,88.24
2026-08-07T11:50Z,9738.26,121.0,6947.52,107.73,6368.97,86.29,1603.18,79.99,1268.04,79.59
2026-08-07T11:55Z,9782.27,121.1,6931.33,109.24,6430.37,95.75,1624.35,88.44,1257.39,88.03
2026-08-07T12:00Z,9717.58,121.17,6798.44,107.73,6326.92,98.0,1612.58,90.21,1247.81,88.24
2026-08-07T12:05Z,9666.16,130.01,6749.35,113.34,6288.27,105.88,1589.17,97.76,1247.08,96.14
2026-08-07T12:10Z,9713.61,130.01,6798.38,114.89,6190.22,104.84,1562.94,96.77,1254.78,94.31
2026-08-07T12:15Z,9578.79,125.09,6744.36,109.77,6188.31,101.74,1559.1,93.6,1252.67,91.53
2026-08-07T12:20Z,9641.95,121.1,6786.41,109.77,6254.56,100.04,1553.68,91.95,1243.56,89.7
2026-08-07T12:25Z,9589.27,130.01,6750.39,116.48,6204.51,105.88,1560.94,96.99,1240.15,94.94
2026-08-07T12:30Z,9520.65,121.1,6669.34,109.76,6174.49,97.69,1531.12,89.8,1233.86,88.24
2026-08-07T12:35Z,9487.3,118.15,6632.58,105.49,6123.19,96.81,1543.95,89.77,1225.6,88.24
2026-08-07T12:40Z,9417.51,121.0,6644.11,109.76,6065.93,97.45,1530.9,91.37,1213.06,88.24
2026-08-07T12:45Z,9390.28,114.76,6545.77,105.01,6054.33,95.33,1522.25,88.6,1217.58,88.24
2026-08-07T12:50Z,9387.68,115.1,6547.66,105.31,5937.92,94.74,1501.79,88.44,1203.91,87.98
2026-08-07T12:55Z,9333.64,110.01,6510.69,99.98,5898.54,90.52,1489.63,84.51,1195.72,83.81
2026-08-07T13:00Z,9325.97,110.01,6419.62,98.56,5945.41,81.68,1472.18,74.99,1184.9,75.62
2026-08-07T13:05Z,9189.2,110.01,6421.0,98.62,5929.77,91.27,1463.98,83.5,1180.79,84.23
2026-08-07T13:10Z,9244.05,110.01,6389.71,97.95,5994.92,91.97,1457.42,83.41,1176.34,84.87
2026-08-07T13:15Z,9160.59,103.95,6374.29,93.13,6032.25,75.88,1451.24,68.48,1171.58,69.8
2026-08-07T13:20Z,9185.76,97.63,6295.94,87.73,5979.01,80.91,1443.63,72.99,1164.02,74.43
2026-08-07T13:25Z,9051.45,97.63,6310.76,88.53,6003.31,82.29,1458.16,75.44,1160.23,75.69
2026-08-07T13:30Z,9050.77,97.63,6257.72,87.91,5923.22,81.58,1460.01,75.4,1157.29,75.05
2026-08-07T13:35Z,8981.93,92.89,6274.28,85.28,5894.23,79.45,1452.29,72.87,1152.35,72.86
2026-08-07T13:40Z,9035.58,121.0,6284.7,109.76,5861.27,94.63,1495.94,88.44,1151.76,87.07
2026-08-07T13:45Z,8925.11,101.57,6260.65,93.83,5872.17,85.61,1460.67,79.25,1148.03,78.52
2026-08-07T13:50Z,8931.11,97.63,6174.61,89.73,5850.47,64.62,1440.32,59.55,1140.09,59.27
2026-08-07T13:55Z,8923.58,102.28,6203.72,93.83,5810.33,56.41,1451.63,52.06,1136.61,53.2
2026-08-07T14:00Z,8812.2,91.24,6162.27,84.5,5753.49,50.94,1439.12,46.67,1124.88,52.27
2026-08-07T14:05Z,8847.49,96.38,6087.34,87.73,5766.19,56.77,1458.76,53.69,1112.31,53.22
2026-08-07T14:10Z,8903.39,115.84,6138.38,105.49,5748.0,56.95,1460.47,54.02,1110.76,53.22
2026-08-07T14:15Z,8838.29,101.8,6089.5,93.83,5685.09,55.01,1447.9,51.79,1110.24,53.2
2026-08-07T14:20Z,8908.7,102.55,6032.7,93.83,5663.13,56.39,1485.14,54.07,1100.48,53.2
2026-08-07T14:25Z,8808.93,97.63,6031.94,89.89,5629.15,52.36,1466.24,49.41,1099.0,53.16
2026-08-07T14:30Z,8713.92,94.72,6000.98,87.73,5659.96,34.0,1452.39,31.93,1085.45,33.05
2026-08-07T14:35Z,8752.24,101.32,5991.91,93.83,5542.03,26.42,1448.48,25.23,1079.83,25.69
2026-08-07T14:40Z,8741.66,114.54,5963.94,105.36,5511.86,23.21,1471.21,22.2,1076.05,22.5
2026-08-07T14:45Z,8718.98,97.63,5958.61,90.42,5544.65,10.65,1473.35,10.14,1072.2,10.32
2026-08-07T14:50Z,8599.48,90.18,5899.36,84.5,5476.15,8.94,1462.06,8.46,1065.85,8.64
2026-08-07T14:55Z,8571.08,90.79,5873.52,84.5,5441.25,10.5,1475.44,10.1,1061.68,12.34
2026-08-07T15:00Z,8609.17,97.63,5890.06,90.31,5442.97,8.94,1472.69,8.46,1060.61,8.69
2026-08-07T15:05Z,8517.75,101.47,5848.45,93.83,5433.33,10.17,1485.23,9.67,1055.63,53.15
2026-08-07T15:10Z,8439.15,97.63,5848.63,90.86,5399.87,15.08,1478.56,14.23,1049.08,14.84
2026-08-07T15:15Z,8367.0,94.32,5800.93,87.73,5309.0,0.14,1455.93,0.13,1042.47,0.14
2026-08-07T15:20Z,8325.07,96.51,5774.87,89.73,5296.01,6.03,1451.96,5.62,1042.06,0.14
2026-08-07T15:25Z,8289.53,93.73,5797.14,87.73,5339.77,8.94,1441.75,8.24,1040.27,3.07
2026-08-07T15:30Z,8287.03,93.75,5785.85,87.73,5212.26,5.08,1442.69,4.71,1041.24,0.14
2026-08-07T15:35Z,8208.59,94.36,5773.81,87.73,5179.08,5.08,1432.88,4.7,1036.58,0.14
2026-08-07T15:40Z,8125.09,90.29,5777.53,84.5,5168.79,5.08,1436.37,4.71,1055.96,4.35
2026-08-07T15:45Z,8044.81,88.9,5733.48,82.63,5125.39,5.81,1439.89,5.4,1054.21,5.06
2026-08-07T15:50Z,8080.31,91.54,5694.01,84.5,5099.0,8.94,1437.7,8.37,1047.2,2.69
2026-08-07T15:55Z,8059.79,91.55,5675.83,84.5,5085.45,10.5,1429.2,9.8,1049.53,5.06
2026-08-07T16:00Z,8002.16,88.9,5649.04,82.55,5092.51,10.17,1426.19,9.46,1046.29,4.72
2026-08-07T16:05Z,7926.47,89.85,5641.69,84.5,5084.42,9.45,1414.84,8.89,1044.63,5.06
2026-08-07T16:10Z,7921.56,99.2,5687.08,92.75,4987.83,10.5,1430.18,9.97,1049.33,5.06
2026-08-07T16:15Z,7887.18,97.29,5604.35,89.73,5023.64,10.5,1430.94,9.96,1046.05,5.06
2026-08-07T16:20Z,7905.77,97.63,5653.44,90.09,4980.59,10.17,1415.64,9.58,1042.42,5.06
2026-08-07T16:25Z,7913.05,97.63,5622.06,90.06,4904.91,8.94,1400.3,8.39,1036.3,5.06
2026-08-07T16:30Z,7816.87,97.63,5679.11,91.28,4875.55,8.94,1385.27,8.38,1041.61,5.06
2026-08-07T16:35Z,7768.46,97.63,5692.94,91.89,4896.11,5.77,1387.97,5.39,1040.6,5.06
2026-08-07T16:40Z,7919.64,99.2,5617.58,92.08,4872.64,5.08,1387.69,4.75,1042.95,5.06
2026-08-07T16:45Z,7931.14,97.63,5585.88,90.01,4775.0,5.08,1411.64,4.75,1036.98,5.06
2026-08-07T16:50Z,7892.82,97.63,5609.55,90.62,4771.95,4.32,1367.09,4.0,1035.12,4.38
2026-08-07T16:55Z,7809.01,97.63,5658.3,91.26,4829.79,5.08,1378.17,4.73,1031.86,5.06
2026-08-07T17:00Z,7795.53,97.63,5655.86,91.26,4829.96,5.08,1376.19,4.76,1036.68,5.06
2026-08-07T17:05Z,7805.81,99.2,5683.22,92.76,4751.79,0.2,1379.5,0.19,1040.61,0.2
2026-08-07T17:10Z,7799.94,99.2,5643.85,92.12,4823.8,5.08,1389.59,4.76,1038.4,5.06
2026-08-07T17:15Z,7783.56,97.63,5640.22,90.66,4815.44,5.08,1397.73,4.76,1036.44,5.06
2026-08-07T17:20Z,7731.79,89.85,5627.53,84.5,4827.53,10.5,1399.31,10.0,1038.53,9.78
2026-08-07T17:25Z,7630.79,88.9,5593.54,83.57,4756.88,-0.05,1415.93,-0.05,1036.26,-0.05
2026-08-07T17:30Z,7589.32,93.24,5658.53,87.73,4737.03,0.0,1410.08,0.0,1033.17,0.0
2026-08-07T17:35Z,7656.54,97.63,5637.35,91.24,4810.77,0.12,1407.15,0.11,1028.84,0.12
2026-08-07T17:40Z,7669.0,88.9,5585.45,83.03,4864.32,0.01,1397.62,0.01,1023.7,0.01
2026-08-07T17:45Z,7698.11,89.86,5622.02,84.5,4774.95,-0.05,1410.24,-0.05,1028.78,-0.05
2026-08-07T17:50Z,7636.13,89.86,5621.57,84.5,4808.03,-0.05,1390.4,-0.05,1027.13,-0.05
2026-08-07T17:55Z,7661.3,90.45,5606.44,84.5,4809.0,-0.05,1397.33,-0.05,1026.31,-0.05
2026-08-07T18:00Z,7736.68,97.63,5598.46,90.62,4811.39,-0.05,1369.99,-0.04,1025.62,-0.05
2026-08-07T18:05Z,7675.97,98.5,5658.64,92.67,4749.96,0.0,1383.92,0.0,1025.73,0.06
2026-08-07T18:10Z,7622.36,97.63,5687.32,92.48,4724.09,-0.05,1349.89,-0.04,1021.96,-0.05
2026-08-07T18:15Z,7554.3,97.63,5675.53,92.48,4733.4,0.0,1362.53,0.0,1027.48,0.0
2026-08-07T18:20Z,7555.26,97.63,5658.2,91.87,4790.51,0.01,1362.19,0.01,1028.34,0.01
2026-08-07T18:25Z,7618.16,99.69,5679.52,93.83,4773.28,0.0,1357.47,0.0,1026.53,0.0
2026-08-07T18:30Z,7609.99,97.63,5655.95,91.27,4753.27,0.01,1375.68,0.01,1026.41,0.01
2026-08-07T18:35Z,7613.23,98.5,5776.29,93.43,4779.35,0.01,1348.1,0.01,1026.72,0.01
2026-08-07T18:40Z,7595.2,98.5,5737.51,92.77,4764.32,0.01,1362.93,0.01,1027.83,0.01
2026-08-07T18:45Z,7620.92,110.01,5788.97,102.38,4793.79,0.01,1372.2,0.01,1025.18,0.01
2026-08-07T18:50Z,7641.02,110.01,5790.37,103.03,4840.94,0.01,1386.55,0.01,1032.17,0.06
2026-08-07T18:55Z,7603.62,110.01,5796.49,103.04,4769.92,0.06,1385.68,0.05,1032.97,0.06
2026-08-07T19:00Z,7690.72,110.01,5784.05,102.36,4769.25,0.0,1367.4,0.0,1040.17,0.06
2026-08-07T19:05Z,7651.52,97.63,5792.35,89.7,4813.61,-0.05,1364.62,-0.05,1040.58,0.06
2026-08-07T19:10Z,7733.88,110.01,5887.03,101.84,4838.71,0.01,1385.04,0.01,1049.58,0.06
2026-08-07T19:15Z,7808.22,110.01,5872.75,101.17,4840.56,-0.05,1366.27,-0.04,1051.15,0.06
2026-08-07T19:20Z,7781.88,113.89,5931.89,105.49,4901.68,-0.05,1378.25,-0.04,1055.06,0.06
2026-08-07T19:25Z,7707.17,110.01,5962.97,102.59,4921.31,-0.05,1366.37,-0.04,1056.89,0.06
2026-08-07T19:30Z,7789.22,110.01,5891.75,101.19,4863.5,-0.05,1368.43,-0.04,1057.41,0.06
2026-08-07T19:35Z,7855.17,110.01,5923.66,101.88,4940.84,-0.05,1379.7,-0.04,1056.96,0.08
2026-08-07T19:40Z,7916.84,110.03,5975.43,102.61,4969.29,-0.05,1376.21,-0.04,1061.1,0.08
2026-08-07T19:45Z,7998.41,110.01,6073.91,102.8,4937.67,-0.05,1394.05,-0.04,1058.08,0.08
2026-08-07T19:50Z,7954.44,109.96,6042.43,101.33,4949.66,-0.05,1384.6,-0.04,1062.42,0.08
2026-08-07T19:55Z,8018.7,110.01,6057.15,100.74,5025.85,-0.05,1398.63,-0.04,1067.3,0.08
2026-08-07T20:00Z,8112.56,110.01,6067.31,100.76,5032.47,-0.05,1413.9,-0.04,1065.83,0.08
2026-08-07T20:05Z,8096.48,110.01,6110.51,101.45,5047.72,-0.05,1410.18,-0.05,1071.57,0.08
2026-08-07T20:10Z,8173.01,109.96,6189.41,99.59,5098.36,0.0,1399.06,0.0,1076.86,0.08
2026-08-07T20:15Z,8332.86,109.96,6199.5,102.17,5223.96,0.01,1384.72,0.01,1082.69,5.1
2026-08-07T20:20Z,8377.48,110.01,6309.89,102.35,5261.45,0.01,1378.04,0.01,1087.6,5.1
2026-08-07T20:25Z,8384.78,109.96,6279.28,98.43,5239.86,0.0,1378.39,0.0,1092.17,0.08
2026-08-07T20:30Z,8458.98,109.96,6257.19,97.8,5340.72,0.01,1377.4,0.01,1091.98,0.08
2026-08-07T20:35Z,8572.17,110.03,6324.83,101.09,5363.13,0.01,1386.78,0.01,1096.47,0.08
2026-08-07T20:40Z,8701.38,110.03,6366.91,100.49,5449.74,4.88,1370.65,4.51,1100.46,5.1
2026-08-07T20:45Z,8723.44,110.03,6412.58,101.0,5490.79,5.08,1396.91,4.74,1104.76,5.25
2026-08-07T20:50Z,8689.35,110.03,6385.66,101.0,5435.47,5.08,1405.31,4.74,1124.07,5.26
2026-08-07T20:55Z,8759.47,109.96,6384.64,99.19,5497.16,8.94,1386.34,8.3,1134.45,9.21
2026-08-07T21:00Z,8884.88,110.03,6409.63,99.27,5625.57,16.48,1407.19,15.48,1145.93,16.97
2026-08-07T21:05Z,8944.01,110.03,6382.92,97.36,5676.74,10.5,1394.12,9.84,1124.27,10.77
2026-08-07T21:10Z,8968.62,109.96,6406.38,98.57,5651.72,10.5,1390.4,9.88,1135.79,10.81
2026-08-07T21:15Z,9043.78,109.96,6376.77,96.06,5713.74,22.77,1411.2,21.68,1144.21,23.51
2026-08-07T21:20Z,9100.06,109.96,6371.53,96.06,5766.12,22.67,1414.89,21.58,1151.31,23.41
2026-08-07T21:25Z,9125.18,97.55,6322.78,84.5,5767.5,10.5,1437.24,10.17,1160.82,10.88
2026-08-07T21:30Z,9209.7,95.62,6279.14,80.83,5793.65,8.94,1436.12,8.75,1168.6,9.23
2026-08-07T21:35Z,9158.28,65.19,6179.82,54.75,5884.9,10.5,1450.23,10.09,1184.0,10.88
2026-08-07T21:40Z,9107.82,76.74,6061.12,63.08,5856.27,8.94,1457.81,8.57,1203.26,9.29
2026-08-07T21:45Z,9116.83,65.14,6025.64,53.54,5890.03,38.89,1468.43,36.71,1213.03,40.54
2026-08-07T21:50Z,9072.6,42.82,5933.65,18.39,5949.7,26.73,1478.45,30.21,1217.16,32.21
2026-08-07T21:55Z,9049.08,42.82,5816.79,35.78,5988.94,23.48,1469.6,29.11,1222.03,30.34
2026-08-07T22:00Z,8972.08,42.54,5778.37,18.04,6000.9,23.48,1477.8,28.81,1223.3,30.15
2026-08-07T22:05Z,8935.45,42.54,5675.57,6.85,6032.66,23.48,1488.6,28.8,1230.94,30.16
2026-08-07T22:10Z,8926.78,42.62,5577.54,6.83,6053.83,10.65,1504.87,23.39,1234.19,22.51
2026-08-07T22:15Z,8743.45,25.12,5553.57,6.83,6080.91,10.5,1505.06,9.81,1234.03,10.94
2026-08-07T22:20Z,8752.62,42.54,5445.15,6.83,6052.74,10.5,1528.73,23.18,1231.1,22.27
2026-08-07T22:25Z,8620.79,54.42,5399.91,0.73,5961.93,10.5,1517.38,10.6,1233.12,11.66
2026-08-07T22:30Z,8619.36,42.54,5263.86,6.83,5945.76,-0.05,1523.7,-0.05,1235.19,5.1
2026-08-07T22:35Z,8590.99,25.12,5276.58,6.85,5908.72,10.5,1566.95,9.8,1240.9,11.86
2026-08-07T22:40Z,8571.44,54.74,5207.91,0.14,5892.17,-0.05,1570.25,-0.05,1229.28,0.64
2026-08-07T22:45Z,8405.22,23.95,5139.8,0.14,5854.01,8.94,1576.4,8.36,1235.1,10.19
2026-08-07T22:50Z,8406.84,25.12,4965.92,0.14,5806.25,-0.05,1578.42,-0.05,1236.83,0.69
2026-08-07T22:55Z,8374.6,52.21,4933.3,0.13,5651.76,-0.05,1593.23,-0.05,1236.05,0.66
2026-08-07T23:00Z,8263.04,52.21,4823.13,0.13,5668.14,-0.05,1589.93,-0.05,1233.57,0.64
2026-08-07T23:05Z,8049.98,23.95,4848.84,0.03,5593.33,-0.1,1590.98,-0.1,1232.53,0.6
2026-08-07T23:10Z,8135.55,25.12,4797.63,0.03,5458.62,-0.05,1581.98,-0.05,1231.67,0.69
2026-08-07T23:15Z,8018.43,52.21,4723.06,-1.49,5384.04,-0.05,1568.78,-0.05,1223.7,19.46
2026-08-07T23:20Z,7880.53,52.21,4665.88,-2.15,5301.42,-0.05,1574.03,-0.05,1218.41,19.44
2026-08-07T23:25Z,7708.15,23.95,4622.2,-2.15,5256.2,-0.1,1576.62,-0.1,1210.85,19.44
2026-08-07T23:30Z,7556.7,25.12,4558.32,-2.15,5242.23,-0.1,1571.08,-0.1,1204.76,19.44
2026-08-07T23:35Z,7439.3,43.05,4454.5,-1.49,5114.45,-0.05,1552.71,-0.05,1208.85,88.24
2026-08-07T23:40Z,7405.43,52.21,4406.22,-1.49,5143.29,-0.05,1569.26,-0.05,1195.71,23.14
2026-08-07T23:45Z,7314.17,23.95,4294.62,-2.5,5124.23,-0.1,1573.13,-0.1,1190.77,23.14
2026-08-07T23:50Z,7186.94,23.95,4237.83,-2.5,5087.68,-0.1,1581.33,-0.1,1193.14,0.65
2026-08-07T23:55Z,7181.91,52.21,4129.14,-3.0,4991.24,-1.12,1576.23,-1.1,1188.24,-0.46
2026-08-08T00:00Z,6959.85,25.12,4131.06,-3.0,4982.78,-0.1,1577.5,-0.1,1183.74,0.61
2026-08-08T00:05Z,6917.8,23.95,4029.93,-5.0,4984.84,-6.26,1570.16,-6.25,1176.86,-5.89
2026-08-08T00:10Z,6923.03,43.05,4089.73,-3.51,5054.6,-0.1,1612.24,-0.1,1172.73,0.63
2026-08-08T00:15Z,6732.19,43.05,3981.47,-5.0,5023.25,-0.1,1621.33,-0.1,1163.62,0.63
2026-08-08T00:20Z,6591.9,43.05,3876.84,-5.03,4877.62,-0.1,1647.61,-0.1,1150.66,0.6
2026-08-08T00:25Z,6678.64,42.54,3879.23,-5.03,4801.83,-0.1,1652.03,-0.1,1146.45,-0.11
2026-08-08T00:30Z,6463.68,-5.85,3862.84,-5.0,4758.24,-5.91,1652.34,-6.0,1130.32,-6.22
2026-08-08T00:35Z,6531.57,27.88,3752.73,-5.03,4703.39,-4.05,1648.3,-4.07,1098.23,-4.27
2026-08-08T00:40Z,6455.2,42.55,3698.32,-5.0,4650.08,-1.05,1704.06,-1.07,1088.2,-0.37
2026-08-08T00:45Z,6302.89,25.12,3403.26,-6.54,4507.78,-4.67,1718.71,-4.86,1079.39,-4.23
2026-08-08T00:50Z,6207.13,25.1,3419.51,-6.01,4430.23,-1.06,1727.56,-1.1,1071.35,-0.4
2026-08-08T00:55Z,6135.93,23.51,3475.96,-6.01,4391.72,-6.0,1722.5,-6.25,1055.63,-6.34
2026-08-08T01:00Z,6128.5,26.91,3392.7,-6.01,4352.2,-5.0,1743.0,-5.14,1041.03,-5.27
2026-08-08T01:05Z,6008.67,25.12,3554.9,-4.09,4215.93,-5.0,1725.92,-5.16,1044.59,-4.57
2026-08-08T01:10Z,6084.56,23.51,3655.45,-5.0,4368.25,-4.7,1720.64,-4.73,1053.55,-5.0
2026-08-08T01:15Z,6044.03,23.95,3664.46,-6.71,4333.25,-6.3,1702.54,-6.51,1049.78,-6.71
2026-08-08T01:20Z,6015.91,25.12,3626.39,-5.0,4180.95,-6.51,1672.93,-6.72,1045.4,-6.91
2026-08-08T01:25Z,5928.56,23.51,3686.22,-5.03,4147.87,-5.0,1639.71,-5.08,1030.29,-5.31
2026-08-08T01:30Z,5992.88,23.51,3623.96,-5.03,4117.75,-5.0,1568.08,-5.01,1031.0,-5.31
2026-08-08T01:35Z,5892.74,25.12,3595.08,-5.0,4028.01,-6.51,1510.61,-6.44,1019.63,-6.91
2026-08-08T01:40Z,5870.95,23.51,3558.43,-5.0,3996.0,-6.64,1526.57,-6.5,1019.16,-7.05
2026-08-08T01:45Z,5853.39,-2.07,3593.34,-6.01,4026.5,-6.51,1531.78,-6.67,1019.09,-6.91
2026-08-08T01:50Z,5998.44,23.95,3582.89,-6.71,3976.78,-6.77,1512.24,-7.15,1020.19,-7.18
2026-08-08T01:55Z,5740.95,13.2,3626.71,-3.51,3919.1,-6.51,1477.91,-6.88,1016.21,-6.89
2026-08-08T02:00Z,5694.0,13.2,3477.8,-5.03,3911.01,-6.5,1492.72,-7.37,999.52,-6.85
2026-08-08T02:05Z,5619.1,-2.07,3560.73,-5.03,3867.49,-6.39,1515.09,-7.15,996.75,-6.76
2026-08-08T02:10Z,5887.15,25.12,3489.38,-5.0,3896.48,-6.49,1525.31,-7.32,998.42,-6.89
2026-08-08T02:15Z,5739.49,13.2,3408.25,-6.71,3879.71,-7.0,1510.36,-6.61,1001.02,-7.45
2026-08-08T02:20Z,5700.06,23.51,3497.25,-6.71,3794.38,-7.51,1444.36,-8.38,1000.12,-7.97
2026-08-08T02:25Z,5739.33,1.2,3519.48,-6.01,3773.66,-6.51,1496.39,-7.32,995.77,-6.89
2026-08-08T02:30Z,5747.17,23.51,3530.46,-3.0,3741.39,-6.51,1504.57,-7.38,996.16,-6.91
2026-08-08T02:35Z,5603.41,-2.07,3444.54,-5.03,3721.09,-5.83,1490.35,-6.51,1004.69,0.04
2026-08-08T02:40Z,5827.85,25.12,3413.27,-6.78,3723.65,-6.49,1498.44,-7.56,1005.19,-6.89
2026-08-08T02:45Z,5683.18,25.12,3479.45,-5.0,3752.62,-6.5,1514.19,-7.49,1006.3,-6.9
2026-08-08T02:50Z,5596.72,23.95,3478.68,-5.03,3694.48,-6.5,1482.03,-7.54,1008.72,-6.9
2026-08-08T02:55Z,5558.01,25.12,3424.87,-6.71,3660.03,-7.0,1420.15,-11.68,1013.3,-7.46
2026-08-08T03:00Z,5660.1,23.99,3464.29,-5.03,3622.48,-7.0,1383.48,-7.91,1011.13,-7.43
2026-08-08T03:05Z,5666.03,23.95,3463.37,-5.03,3723.61,-6.49,1324.56,-7.32,1008.65,-6.89
2026-08-08T03:10Z,5558.16,42.55,3486.72,-5.0,3755.96,-6.6,1254.85,-7.27,1007.83,-6.3
2026-08-08T03:15Z,5542.39,23.95,3477.1,-5.0,3817.35,-6.6,1211.74,-6.78,1008.81,0.08
2026-08-08T03:20Z,5625.68,25.12,3548.06,-5.0,3923.87,-6.64,1178.69,-6.61,1011.64,0.08
2026-08-08T03:25Z,5717.54,42.55,3528.49,-5.0,4014.07,-7.0,1193.03,-6.86,1015.18,0.08
2026-08-08T03:30Z,5572.69,25.12,3600.74,-5.0,4034.24,-7.15,1191.36,-7.01,1018.18,21.46
2026-08-08T03:35Z,5601.68,41.88,3592.59,-5.0,3943.33,-7.15,1233.27,-7.12,1016.35,21.46
2026-08-08T03:40Z,5643.7,42.55,3664.02,-3.73,3941.99,-7.0,1274.89,-7.41,1024.03,23.14
2026-08-08T03:45Z,5718.63,42.55,3603.75,-6.01,3911.13,-7.0,1306.07,-7.4,1021.45,-6.71
2026-08-08T03:50Z,5733.08,42.8,3753.14,-6.71,3977.52,-6.51,1357.28,-6.66,1021.22,-6.19
2026-08-08T03:55Z,5719.42,23.95,3774.5,-5.0,4013.23,-6.51,1368.53,-6.45,1026.0,-6.19
2026-08-08T04:00Z,5841.79,42.55,3779.74,-6.14,4137.76,-7.0,1344.29,-6.84,1026.27,-6.73
2026-08-08T04:05Z,5749.77,42.8,3812.45,-6.0,4094.16,-7.23,1327.93,-7.14,1026.28,-7.67
2026-08-08T04:10Z,5709.67,25.12,3843.77,-5.03,4136.36,-7.0,1330.21,-6.44,1035.63,-7.43
2026-08-08T04:15Z,5920.05,64.07,3855.18,-5.0,4165.4,-7.51,1293.25,-7.37,1036.67,-7.25
2026-08-08T04:20Z,5902.76,52.29,3918.55,-4.09,4260.66,-7.0,1287.25,-6.57,1041.6,-6.7
2026-08-08T04:25Z,5875.28,25.12,3963.69,-3.73,4326.79,-7.4,1266.22,-7.15,1045.09,-7.11
2026-08-08T04:30Z,5985.06,42.8,4076.8,-3.73,4408.27,-7.51,1250.38,-7.07,1049.05,-7.23
2026-08-08T04:35Z,6036.02,52.3,4093.3,-3.51,4324.52,-7.51,1267.27,-7.05,1050.13,-7.94
2026-08-08T04:40Z,6124.04,64.07,4171.87,-3.0,4419.24,-6.78,1290.77,-6.25,1058.1,-6.47
2026-08-08T04:45Z,6248.52,42.54,4296.61,-3.51,4387.34,-6.6,1305.51,-5.97,1054.79,-6.26
2026-08-08T04:50Z,6289.94,-6.07,4395.68,-5.2,4508.1,-6.39,1332.14,-6.0,1060.05,-6.06
2026-08-08T04:55Z,6464.96,23.95,4503.23,-3.51,4509.36,-6.51,1367.99,-6.0,1052.19,-6.16
2026-08-08T05:00Z,6469.02,42.54,4601.7,-3.0,4593.59,-6.5,1388.79,-7.12,1054.35,-6.17
2026-08-08T05:05Z,6519.4,27.88,4627.87,-4.09,4689.18,-6.5,1440.49,-6.51,1051.07,-6.15
2026-08-08T05:10Z,6613.59,-2.0,4733.23,-3.0,4757.24,-5.02,1469.68,-4.5,1043.76,-5.31
2026-08-08T05:15Z,6731.29,42.54,4845.88,-1.92,4742.24,-0.1,1464.35,-0.09,1048.99,0.08
2026-08-08T05:20Z,6703.01,42.49,4948.06,0.07,4816.9,-0.05,1468.67,-0.05,1046.07,0.08
2026-08-08T05:25Z,6878.09,42.77,4905.84,0.0,4838.81,-0.1,1450.96,-0.09,1058.19,0.61
2026-08-08T05:30Z,7032.05,42.54,5033.86,2.8,4916.94,-0.1,1414.08,-3.18,1061.58,0.63
2026-08-08T05:35Z,7136.2,42.54,5056.92,-1.92,4948.66,-0.1,1425.9,-2.69,1071.83,0.61
2026-08-08T05:40Z,7230.69,23.99,5159.93,0.0,4865.49,-0.1,1374.47,-7.14,1078.61,0.65
2026-08-08T05:45Z,7275.77,-0.05,5292.43,-0.05,4906.35,-0.05,1394.52,-11.0,1083.94,0.69
2026-08-08T05:50Z,7525.4,46.19,5349.71,39.75,5007.51,8.26,1401.71,-6.0,1090.02,9.47
2026-08-08T05:55Z,7569.99,80.0,5514.52,67.24,5129.94,17.63,1421.8,15.5,1093.91,19.49
2026-08-08T06:00Z,7778.11,109.96,5551.13,91.6,5214.41,10.5,1426.06,9.26,1097.81,11.88
2026-08-08T06:05Z,7791.98,80.0,5659.03,69.76,5335.58,14.18,1442.81,6.94,1103.85,14.51
2026-08-08T06:10Z,7954.34,84.79,5778.02,74.03,5383.02,18.96,1452.48,7.11,1109.59,19.46
2026-08-08T06:15Z,8095.58,108.63,5873.48,93.15,5532.18,19.69,1471.09,17.5,1108.77,20.14
2026-08-08T06:20Z,8152.87,101.1,6036.8,87.98,5465.66,0.08,1470.34,0.07,1118.57,0.08
2026-08-08T06:25Z,8361.48,109.05,6058.31,93.73,5575.62,10.5,1470.01,-6.0,1118.52,10.84
2026-08-08T06:30Z,8513.96,110.01,6200.11,97.13,5669.84,10.65,1529.91,-0.56,1134.6,22.14
2026-08-08T06:35Z,8565.79,95.94,6336.95,85.39,5833.56,18.91,1574.03,-6.0,1150.13,19.46
2026-08-08T06:40Z,8736.38,97.55,6344.15,85.75,5896.84,10.65,1588.56,46.54,1142.2,42.96
2026-08-08T06:45Z,8827.67,110.01,6476.29,96.24,5920.68,10.5,1547.38,30.28,1159.28,29.09
2026-08-08T06:50Z,8958.21,117.07,6580.7,102.55,5981.4,10.5,1568.46,54.08,1164.2,49.93
2026-08-08T06:55Z,8990.61,110.01,6671.11,98.95,6091.63,10.65,1542.88,38.63,1176.96,36.35
2026-08-08T07:00Z,9163.65,97.63,6767.75,90.74,6147.89,10.65,1549.4,9.51,1189.38,11.13
2026-08-08T07:05Z,9148.18,97.55,6788.68,91.73,6101.4,0.08,1609.93,0.07,1200.18,0.08
2026-08-08T07:10Z,9187.6,97.55,6714.48,91.78,6138.97,5.08,1660.72,4.68,1200.09,5.14
2026-08-08T07:15Z,9216.32,97.55,6811.54,91.9,6255.3,10.5,1676.8,23.27,1218.75,20.14
2026-08-08T07:20Z,9391.43,106.69,6929.19,102.55,6296.53,10.5,1695.36,23.61,1222.06,20.16
2026-08-08T07:25Z,9474.7,106.71,6909.07,102.55,6388.14,20.88,1709.52,19.66,1236.65,20.14
2026-08-08T07:30Z,9552.67,97.55,6998.7,95.06,6478.33,16.65,1732.68,30.21,1247.27,20.19
2026-08-08T07:35Z,9780.25,110.03,6998.95,102.52,6541.01,10.5,1761.05,30.21,1264.49,27.34
2026-08-08T07:40Z,9818.91,98.1,7018.09,93.21,6562.06,23.48,1772.04,30.63,1284.17,29.98
2026-08-08T07:45Z,9953.15,110.03,7074.81,102.64,6545.26,10.5,1760.86,9.74,1294.51,20.2
2026-08-08T07:50Z,9992.59,110.03,7116.88,105.49,6605.58,22.67,1828.67,21.52,1292.82,21.82
2026-08-08T07:55Z,9976.91,97.55,7104.09,91.73,6686.18,23.48,1844.79,30.09,1307.74,31.54
2026-08-08T08:00Z,10002.62,97.55,7206.17,93.48,6664.15,10.5,1836.88,31.71,1309.1,31.47
2026-08-08T08:05Z,10112.89,110.03,7276.53,105.33,6692.33,10.65,1859.77,32.57,1309.63,33.58
2026-08-08T08:10Z,10010.67,98.51,7149.31,93.73,6762.49,22.78,1865.52,21.89,1311.07,22.55
2026-08-08T08:15Z,10040.33,97.55,7232.45,91.76,6811.87,22.67,1865.66,21.58,1312.17,22.44
2026-08-08T08:20Z,10083.09,107.82,7202.76,102.0,6899.8,23.48,1876.74,30.49,1310.67,29.9
2026-08-08T08:25Z,10001.85,97.55,7136.19,92.8,6705.49,23.48,1888.54,30.21,1311.23,29.54
2026-08-08T08:30Z,10066.31,97.63,7179.74,91.73,6683.95,22.67,1871.81,30.21,1307.33,29.33
2026-08-08T08:35Z,10076.6,111.52,7188.28,105.49,6654.01,10.65,1875.3,30.21,1304.16,27.59
2026-08-08T08:40Z,9949.11,97.55,7123.78,93.15,6731.08,8.94,1893.43,29.02,1301.4,26.38
2026-08-08T08:45Z,10015.76,97.55,7092.23,91.73,6741.67,8.94,1873.3,32.26,1303.46,31.41
2026-08-08T08:50Z,9990.28,108.91,7130.36,101.0,6688.22,8.94,1830.56,18.75,1300.47,20.2
2026-08-08T08:55Z,9937.42,97.55,7061.21,91.74,6681.09,22.67,1875.61,21.36,1299.16,23.8
2026-08-08T09:00Z,10003.03,97.63,7031.49,91.73,6697.63,22.67,1859.7,30.15,1290.99,29.88
2026-08-08T09:05Z,9895.79,101.19,7091.98,93.21,6671.83,10.5,1858.72,30.21,1291.26,28.06
2026-08-08T09:10Z,9956.13,101.15,7057.43,93.73,6552.32,8.94,1848.9,18.62,1284.94,20.2
2026-08-08T09:15Z,9930.58,97.55,7066.74,91.74,6534.26,20.8,1849.76,20.18,1274.72,20.2
2026-08-08T09:20Z,9922.7,97.55,7048.66,91.74,6521.56,20.74,1832.22,20.25,1276.74,20.2
2026-08-08T09:25Z,9958.43,99.74,6980.71,91.74,6478.83,20.8,1832.98,20.8,1265.92,20.2
2026-08-08T09:30Z,9877.91,97.63,6961.84,91.74,6481.77,20.71,1821.55,20.64,1262.44,20.18
2026-08-08T09:35Z,9820.05,97.63,6995.36,92.74,6472.44,10.25,1793.65,10.09,1258.56,20.16
2026-08-08T09:40Z,9788.13,97.55,6967.71,91.74,6555.6,22.67,1811.84,22.47,1244.35,20.2
2026-08-08T09:45Z,9801.04,99.35,6969.48,93.15,6521.36,17.49,1787.3,17.18,1255.37,20.16
2026-08-08T09:50Z,9814.22,97.63,6940.29,91.74,6487.57,8.94,1794.23,22.82,1243.34,20.16
2026-08-08T09:55Z,9792.95,98.69,6990.43,93.15,6487.29,20.84,1778.83,20.87,1242.04,20.18
2026-08-08T10:00Z,9800.03,97.55,6901.74,91.74,6507.49,10.5,1752.41,10.34,1234.14,20.16
2026-08-08T10:05Z,9773.21,110.03,6916.25,100.5,6471.24,10.5,1759.17,10.38,1235.0,20.14
2026-08-08T10:10Z,9700.58,99.24,6865.37,91.74,6371.23,8.56,1771.85,8.51,1236.93,8.66
2026-08-08T10:15Z,9746.01,97.55,6839.33,88.88,6392.67,10.5,1753.56,10.15,1228.29,10.63
2026-08-08T10:20Z,9678.86,100.54,6840.81,91.73,6274.81,5.02,1760.76,4.94,1228.46,5.12
2026-08-08T10:25Z,9655.98,110.01,6815.44,99.73,6305.79,8.69,1760.17,8.51,1218.03,8.77
2026-08-08T10:30Z,9675.15,110.01,6833.98,99.73,6256.33,10.39,1738.68,10.09,1213.71,10.48
2026-08-08T10:35Z,9628.36,101.27,6754.26,91.73,6230.59,5.05,1729.78,4.96,1212.29,5.12
2026-08-08T10:40Z,9704.08,99.45,6886.97,93.15,6260.49,10.5,1725.15,10.22,1222.9,10.7
2026-08-08T10:45Z,9703.17,98.54,6910.57,91.73,6255.35,4.88,1726.75,4.79,1206.1,5.04
2026-08-08T10:50Z,9619.95,102.04,6872.85,93.15,6117.66,0.08,1722.0,0.08,1204.31,0.08
2026-08-08T10:55Z,9633.88,100.03,6916.88,93.15,6096.16,5.04,1709.48,4.88,1194.93,5.12
2026-08-08T11:00Z,9515.92,97.55,6876.71,91.74,6044.12,8.5,1699.86,8.26,1200.01,8.58
2026-08-08T11:05Z,9461.16,98.65,6806.95,91.74,6123.21,12.19,1701.55,11.83,1198.28,12.3
2026-08-08T11:10Z,9539.91,101.51,6810.42,93.21,6118.63,10.5,1690.46,10.17,1196.42,10.57
2026-08-08T11:15Z,9506.23,101.5,6817.93,93.21,6107.8,10.5,1707.06,10.23,1189.69,10.57
2026-08-08T11:20Z,9373.53,97.55,6751.44,91.27,6105.26,10.65,1684.0,10.37,1190.04,10.72
2026-08-08T11:25Z,9352.79,97.63,6807.31,90.82,6102.26,10.5,1684.51,10.38,1185.81,10.57
2026-08-08T11:30Z,9361.2,97.63,6748.31,89.73,6082.34,5.08,1684.34,4.89,1182.89,5.12
2026-08-08T11:35Z,9324.14,100.61,6743.74,91.73,5951.93,5.04,1668.88,4.85,1177.7,5.12
2026-08-08T11:40Z,9259.82,98.71,6754.31,91.74,5997.3,10.5,1670.81,10.18,1171.97,10.57
2026-08-08T11:45Z,9234.34,97.63,6699.78,91.73,5949.89,4.91,1663.97,4.77,1166.31,5.04
2026-08-08T11:50Z,9199.97,97.55,6696.1,88.3,5912.89,4.93,1645.88,4.76,1158.97,5.04
2026-08-08T11:55Z,9155.91,97.63,6662.49,90.05,5861.58,10.5,1648.95,10.07,1150.45,10.54
2026-08-08T12:00Z,9143.68,98.83,6650.54,91.73,5830.13,9.7,1653.22,9.28,1147.93,9.74
2026-08-08T12:05Z,9092.03,97.55,6583.96,85.43,5748.26,10.5,1663.65,10.06,1151.36,10.6
2026-08-08T12:10Z,9118.84,97.55,6542.93,86.5,5791.82,10.5,1635.89,9.92,1151.31,10.6
2026-08-08T12:15Z,9124.7,103.46,6551.73,91.74,5717.5,8.0,1625.09,7.5,1141.8,8.08
2026-08-08T12:20Z,9110.94,97.92,6501.4,87.73,5707.25,10.5,1609.23,9.84,1140.62,10.57
2026-08-08T12:25Z,9099.91,97.63,6447.81,87.0,5725.28,10.5,1613.32,9.83,1137.49,10.6
2026-08-08T12:30Z,9060.34,97.63,6422.98,87.53,5697.54,5.05,1594.4,4.69,1133.39,5.1
2026-08-08T12:35Z,8954.66,97.55,6400.9,86.88,5675.74,10.5,1603.52,9.76,1118.8,10.64
2026-08-08T12:40Z,8960.77,97.55,6421.06,86.36,5588.0,5.02,1587.74,4.65,1118.85,5.12
2026-08-08T12:45Z,9005.8,102.35,6391.03,91.73,5615.9,10.5,1583.55,9.72,1113.77,10.67
2026-08-08T12:50Z,8881.97,102.37,6379.01,91.73,5585.26,10.5,1570.9,9.67,1111.12,10.67
2026-08-08T12:55Z,8927.76,102.43,6334.43,91.73,5471.93,4.91,1570.36,4.53,1108.11,5.04
2026-08-08T13:00Z,8895.37,97.55,6290.17,84.58,5442.21,0.08,1568.96,0.07,1098.41,0.08
2026-08-08T13:05Z,8825.91,91.41,6243.69,78.73,5459.12,4.88,1563.12,4.5,1091.0,5.04
2026-08-08T13:10Z,8762.22,97.55,6293.95,84.08,5525.42,15.08,1557.22,13.88,1086.1,15.33
2026-08-08T13:15Z,8731.9,103.79,6255.5,91.73,5600.34,10.65,1545.06,9.79,1086.46,10.82
2026-08-08T13:20Z,8660.51,96.31,6185.65,84.5,5571.5,10.5,1535.14,9.62,1076.87,10.67
2026-08-08T13:25Z,8635.26,89.85,6176.35,80.84,5590.96,10.5,1511.63,9.57,1072.57,10.67
2026-08-08T13:30Z,8605.6,93.29,6210.41,84.5,5568.88,10.5,1513.01,9.57,1069.99,10.71
2026-08-08T13:35Z,8586.1,87.61,6086.78,78.73,5571.05,10.5,1548.88,9.67,1065.5,10.91
2026-08-08T13:40Z,8526.28,87.55,6130.9,78.73,5531.17,10.65,1582.15,9.87,1085.72,11.1
2026-08-08T13:45Z,8465.75,85.25,6060.56,76.6,5424.12,10.5,1551.69,9.65,1083.89,10.95
2026-08-08T13:50Z,8441.73,87.56,6120.07,78.73,5414.1,10.5,1546.34,9.58,1080.86,10.95
2026-08-08T13:55Z,8402.9,83.99,6029.79,75.25,5373.55,4.84,1535.83,4.38,1080.13,5.08
2026-08-08T14:00Z,8396.6,84.79,6006.22,75.97,5311.07,0.01,1526.06,0.01,1074.89,0.67
2026-08-08T14:05Z,8310.36,86.37,6002.43,78.54,5359.65,0.06,1532.23,0.05,1074.97,0.72
2026-08-08T14:10Z,8357.74,88.26,5989.99,79.73,5366.77,4.84,1536.66,4.31,1074.13,5.08
2026-08-08T14:15Z,8341.03,86.65,5947.01,78.73,5345.65,0.0,1530.97,0.0,1062.15,0.08
2026-08-08T14:20Z,8344.71,86.46,5932.97,78.54,5331.72,0.08,1563.15,0.07,1056.8,0.08
2026-08-08T14:25Z,8304.68,83.99,5867.8,74.79,5229.31,-0.05,1570.94,-0.05,1050.67,0.06
2026-08-08T14:30Z,8347.8,83.99,5810.38,73.8,5188.56,-0.05,1573.87,-0.05,1045.33,0.06
2026-08-08T14:35Z,8283.51,83.99,5863.11,74.33,5232.9,0.0,1556.38,0.0,1039.22,0.08
2026-08-08T14:40Z,8252.69,83.99,5831.31,74.3,5214.05,0.0,1580.16,0.0,1033.6,0.08
2026-08-08T14:45Z,8209.7,83.34,5768.13,72.74,5161.32,0.0,1584.13,0.0,1026.93,0.06
2026-08-08T14:50Z,8067.7,80.0,5774.35,69.84,5061.57,-0.05,1564.84,-0.05,1014.26,0.06
2026-08-08T14:55Z,8153.66,80.0,5750.71,69.82,5040.54,-0.05,1581.87,-0.05,1005.47,0.06
2026-08-08T15:00Z,8084.99,78.87,5755.58,68.84,4991.8,-0.05,1560.52,-0.05,1010.38,0.06
2026-08-08T15:05Z,7989.56,70.79,5681.92,61.73,4960.9,-0.05,1569.33,-1.05,1027.0,0.06
2026-08-08T15:10Z,7991.08,78.91,5693.11,68.82,4955.62,-0.05,1547.26,-4.32,1029.71,0.08
2026-08-08T15:15Z,7949.0,69.99,5628.5,61.0,4988.3,-0.05,1525.99,-4.78,1028.41,0.08
2026-08-08T15:20Z,7887.17,69.99,5661.71,61.81,4974.7,-0.05,1529.04,-1.07,1028.97,0.08
2026-08-08T15:25Z,7827.27,69.99,5665.68,61.81,4948.22,-0.1,1530.32,-1.07,1035.91,0.08
2026-08-08T15:30Z,7822.29,69.47,5643.58,61.73,4884.27,-0.1,1497.11,-4.77,1028.12,0.08
2026-08-08T15:35Z,7805.04,69.99,5590.08,61.73,4767.94,-0.1,1502.28,-1.04,1027.07,0.08
2026-08-08T15:40Z,7776.96,69.99,5546.04,60.94,4833.32,-0.05,1528.41,0.88,1020.61,0.08
2026-08-08T15:45Z,7706.88,77.96,5646.87,68.82,4792.49,-0.1,1505.82,-1.07,1015.66,0.08
2026-08-08T15:50Z,7704.04,69.99,5568.92,61.34,4723.34,-0.1,1522.36,-1.02,1011.02,0.08
2026-08-08T15:55Z,7727.54,78.99,5602.39,68.82,4768.22,-0.1,1515.11,-1.07,1010.5,0.08
2026-08-08T16:00Z,7720.14,69.99,5596.58,61.73,4726.23,-0.1,1512.51,-4.77,1013.44,0.06
2026-08-08T16:05Z,7705.62,73.2,5517.71,64.11,4709.57,-0.1,1482.97,-4.75,1012.41,0.08
2026-08-08T16:10Z,7651.15,70.46,5537.15,61.73,4685.04,-0.1,1477.32,-4.32,1021.59,0.08
2026-08-08T16:15Z,7648.34,73.2,5568.93,64.17,4610.88,-0.1,1474.35,-0.09,1010.65,0.08
2026-08-08T16:20Z,7633.09,73.2,5523.05,63.33,4551.68,-0.1,1453.97,-0.09,1006.02,0.08
2026-08-08T16:25Z,7567.5,69.99,5517.78,60.92,4556.51,-2.99,1441.62,-4.58,1005.18,0.06
2026-08-08T16:30Z,7519.95,69.99,5532.31,61.33,4504.54,-6.51,1446.52,-6.0,1006.31,0.06
2026-08-08T16:35Z,7418.21,69.99,5476.37,60.51,4525.89,-4.67,1453.36,-4.3,1008.71,0.06
2026-08-08T16:40Z,7405.75,73.2,5512.37,63.72,4520.58,-0.1,1445.48,-0.09,1000.56,0.08
2026-08-08T16:45Z,7380.75,70.43,5551.61,61.73,4587.95,-0.1,1430.81,-0.09,1008.75,0.08
2026-08-08T16:50Z,7342.18,69.99,5523.18,61.32,4543.41,-0.55,1425.99,-4.7,1005.61,0.08
2026-08-08T16:55Z,7377.91,80.0,5567.7,70.57,4458.71,-5.0,1423.02,-4.47,1006.06,0.06
2026-08-08T17:00Z,7364.03,70.94,5481.35,61.73,4524.84,-2.99,1419.2,-4.56,1002.55,0.06
2026-08-08T17:05Z,7344.6,71.44,5429.59,61.73,4516.28,-0.1,1423.75,-4.72,1007.19,0.06
2026-08-08T17:10Z,7325.51,73.2,5553.04,64.16,4530.32,-5.0,1432.97,-4.49,1011.21,0.06
2026-08-08T17:15Z,7350.43,69.99,5536.8,61.33,4534.33,-5.0,1431.82,-4.49,1000.06,-5.32
2026-08-08T17:20Z,7386.37,73.2,5516.08,63.72,4414.89,-6.51,1441.82,-5.87,980.72,-6.86
2026-08-08T17:25Z,7391.49,70.92,5505.8,61.73,4493.77,-4.36,1438.0,-3.95,978.93,-4.59
2026-08-08T17:30Z,7320.46,72.0,5466.0,61.85,4449.48,-3.95,1435.53,-3.56,982.08,-4.18
2026-08-08T17:35Z,7275.77,66.53,5447.56,57.14,4475.78,-2.99,1417.48,-2.68,988.27,-3.15
2026-08-08T17:40Z,7340.85,69.99,5460.86,60.12,4444.27,-4.0,1404.78,-3.59,991.94,-4.22
2026-08-08T17:45Z,7364.24,69.99,5424.07,59.71,4414.3,-4.67,1398.07,-4.32,994.48,-4.92
2026-08-08T17:50Z,7348.18,69.99,5442.64,59.73,4403.6,-4.0,1393.46,-4.32,995.48,-4.22
2026-08-08T17:55Z,7299.15,75.3,5506.82,67.23,4432.8,-4.8,1388.62,-4.32,992.74,-5.06
2026-08-08T18:00Z,7243.73,69.99,5489.14,61.29,4350.95,-5.0,1388.47,-4.47,1011.56,-5.3
2026-08-08T18:05Z,7272.04,73.2,5532.03,63.33,4360.85,-4.71,1384.35,-4.44,1011.13,-4.21
2026-08-08T18:10Z,7318.01,67.28,5442.61,57.79,4438.59,-4.0,1390.38,-3.54,1010.93,-3.49
2026-08-08T18:15Z,7267.97,69.99,5501.75,60.54,4401.36,-4.0,1399.72,-3.56,1012.14,-2.85
2026-08-08T18:20Z,7283.38,69.99,5481.61,60.52,4371.36,-6.51,1390.12,-6.0,1028.01,0.06
2026-08-08T18:25Z,7242.63,69.99,5478.51,60.52,4427.19,-6.51,1388.83,-6.0,1016.66,1.08
2026-08-08T18:30Z,7263.98,69.99,5477.61,60.52,4420.8,-4.67,1392.55,-6.0,1015.45,2.08
2026-08-08T18:35Z,7256.47,74.81,5513.07,67.23,4417.58,-4.0,1396.79,-4.32,1022.73,0.06
2026-08-08T18:40Z,7259.74,69.99,5545.48,61.73,4435.97,-4.0,1387.87,-6.0,1018.2,0.06
2026-08-08T18:45Z,7281.57,66.53,5504.48,57.9,4377.84,-4.0,1381.47,-6.0,1019.45,0.06
2026-08-08T18:50Z,7278.79,69.99,5609.28,61.78,4396.6,-4.0,1391.05,-6.0,1021.21,0.06
2026-08-08T18:55Z,7324.85,69.99,5599.54,61.77,4433.41,-6.51,1381.93,-5.76,1018.0,0.06
2026-08-08T19:00Z,7349.41,73.2,5602.58,64.6,4377.79,-6.51,1375.48,-5.79,1018.32,0.06
2026-08-08T19:05Z,7388.28,66.53,5596.7,57.97,4453.76,-4.0,1380.19,-6.0,1019.09,-4.23
2026-08-08T19:10Z,7395.15,69.99,5642.49,61.73,4479.37,-4.0,1370.09,-6.0,1015.04,-4.23
2026-08-08T19:15Z,7448.3,73.2,5630.39,64.62,4511.76,-6.51,1361.16,-6.0,1025.99,-6.53
2026-08-08T19:20Z,7484.36,69.99,5671.64,61.81,4487.49,-6.51,1360.27,-6.0,1021.07,-6.88
2026-08-08T19:25Z,7460.31,69.9,5667.83,61.73,4421.15,-6.6,1360.71,-6.0,1021.99,-6.96
2026-08-08T19:30Z,7379.07,66.53,5695.44,59.16,4480.2,-6.51,1342.22,-6.25,1014.45,-6.84
2026-08-08T19:35Z,7416.88,66.53,5723.64,59.55,4451.39,-6.51,1336.09,-6.25,1021.79,-6.86
2026-08-08T19:40Z,7486.94,69.99,5740.45,62.66,4485.01,-4.72,1336.57,-6.0,1023.55,-4.99
2026-08-08T19:45Z,7555.3,76.84,5772.75,68.82,4573.8,-6.51,1336.88,-6.0,1036.41,-6.9
2026-08-08T19:50Z,7595.91,69.99,5762.46,62.67,4540.25,-6.6,1337.61,-6.25,1042.06,-6.3
2026-08-08T19:55Z,7605.33,69.99,5772.04,62.68,4585.92,-4.0,1340.22,-6.25,1043.52,-3.55
2026-08-08T20:00Z,7616.16,69.99,5807.7,63.11,4590.17,-0.1,1342.38,-6.25,1053.63,0.56
2026-08-08T20:05Z,7636.6,69.99,5840.18,63.54,4646.87,-0.1,1327.43,-6.0,1058.7,1.08
2026-08-08T20:10Z,7698.08,74.8,5895.87,68.82,4612.94,-4.0,1328.83,-6.0,1066.44,8.08
2026-08-08T20:15Z,7779.52,69.99,5834.61,63.53,4712.4,-0.1,1330.19,-6.25,1069.45,0.08
2026-08-08T20:20Z,7887.89,69.99,5890.8,63.57,4753.8,-0.1,1333.63,-6.25,1072.09,-0.11
2026-08-08T20:25Z,7884.99,69.99,5885.4,63.57,4697.25,-2.99,1327.93,-6.25,1073.29,-3.16
2026-08-08T20:30Z,7955.59,76.29,5876.98,68.84,4728.31,-2.99,1317.58,-6.25,1071.4,-3.16
2026-08-08T20:35Z,8022.11,75.34,5872.63,68.84,4805.07,-0.1,1316.16,-6.5,1071.92,-0.11
2026-08-08T20:40Z,8053.87,70.6,5927.36,64.95,4856.39,-0.1,1327.33,-6.5,1070.63,-0.11
2026-08-08T20:45Z,8037.08,74.31,5989.74,68.82,4879.55,-0.1,1322.84,-7.01,1077.21,-0.11
2026-08-08T20:50Z,8081.78,66.98,5877.67,60.81,4913.47,-0.1,1325.03,-6.61,1078.98,-0.11
2026-08-08T20:55Z,8139.53,69.99,5899.67,63.97,4938.89,-0.05,1339.06,-6.5,1087.25,0.08
2026-08-08T21:00Z,8162.85,69.99,5871.81,63.14,4990.03,-0.05,1343.3,-6.5,1090.76,-0.05
2026-08-08T21:05Z,8210.36,64.95,5923.81,58.26,4987.33,-0.05,1347.24,-6.51,1091.46,-0.05
2026-08-08T21:10Z,8309.6,67.99,5834.24,59.77,4981.0,-0.05,1348.34,-6.51,1091.03,0.08
2026-08-08T21:15Z,8242.97,62.24,5893.49,54.75,5127.47,0.08,1339.28,-6.5,1099.43,0.08
2026-08-08T21:20Z,8351.03,65.03,5917.94,56.5,5205.09,9.57,1360.05,-6.25,1109.87,9.92
2026-08-08T21:25Z,8417.56,64.95,5836.58,55.31,5196.1,10.45,1364.66,-6.25,1122.9,10.83
2026-08-08T21:30Z,8469.32,64.95,5761.73,54.57,5293.5,10.65,1372.11,-6.25,1131.33,11.04
2026-08-08T21:35Z,8445.91,64.78,5715.65,54.75,5336.61,10.65,1399.5,-6.0,1134.35,11.04
2026-08-08T21:40Z,8432.06,52.25,5628.12,43.56,5399.27,10.65,1408.77,-6.0,1133.37,11.04
2026-08-08T21:45Z,8578.85,65.53,5609.55,54.62,5435.91,10.65,1428.41,-6.0,1136.71,11.04
2026-08-08T21:50Z,8477.95,73.15,5617.82,60.95,5422.02,10.5,1429.34,-6.0,1143.28,10.88
2026-08-08T21:55Z,8522.33,66.22,5594.87,55.53,5507.77,10.5,1412.9,8.51,1140.25,10.88
2026-08-08T22:00Z,8474.57,65.04,5487.25,54.54,5555.06,22.48,1422.17,-6.0,1155.33,23.3
2026-08-08T22:05Z,8489.71,66.53,5352.44,54.75,5558.57,10.65,1420.53,-6.0,1153.03,11.0
2026-08-08T22:10Z,8567.1,66.53,5313.8,55.06,5672.37,21.05,1434.51,-6.0,1157.04,22.08
2026-08-08T22:15Z,8530.92,68.03,5401.86,56.35,5737.29,10.65,1424.68,-6.25,1165.99,11.21
2026-08-08T22:20Z,8614.85,67.39,5345.66,54.75,5796.63,10.65,1423.4,-6.25,1171.88,11.24
2026-08-08T22:25Z,8541.24,64.95,5305.45,53.41,5828.11,10.65,1421.67,-6.25,1177.14,11.24
2026-08-08T22:30Z,8586.56,69.51,5229.35,29.85,5771.8,10.5,1405.95,-6.25,1180.74,11.08
2026-08-08T22:35Z,8570.74,69.99,5299.33,40.0,5827.46,10.65,1407.29,-6.25,1183.59,11.24
2026-08-08T22:40Z,8471.37,64.95,5100.77,40.0,5854.25,10.5,1427.76,0.88,1187.84,11.08
2026-08-08T22:45Z,8479.96,65.06,5078.98,14.37,5901.22,10.5,1419.41,-6.0,1187.47,11.08
2026-08-08T22:50Z,8525.6,69.99,4992.68,29.85,5969.74,10.65,1429.71,0.88,1190.77,11.27
2026-08-08T22:55Z,8533.27,69.99,4883.93,26.75,5988.8,10.5,1444.61,-6.0,1199.62,11.11
2026-08-08T23:00Z,8373.41,64.95,4797.64,39.75,5997.1,10.65,1450.86,9.16,1208.85,11.94
2026-08-08T23:05Z,8492.6,87.86,4697.0,39.75,6077.72,10.65,1428.28,0.88,1219.78,12.01
2026-08-08T23:10Z,8530.05,80.0,4720.32,40.05,6160.29,10.65,1387.46,0.88,1218.54,11.99
2026-08-08T23:15Z,8467.01,60.91,4744.71,26.75,6198.51,10.65,1411.98,9.8,1226.34,14.47
2026-08-08T23:20Z,8410.55,64.89,4551.05,29.85,6234.44,10.65,1419.7,9.84,1224.65,15.21
2026-08-08T23:25Z,8340.71,52.89,4533.56,39.75,6192.29,10.5,1456.04,9.67,1224.94,12.81
2026-08-08T23:30Z,8364.62,64.89,4406.26,2.8,6245.62,10.65,1437.74,9.82,1224.86,11.9
2026-08-08T23:35Z,8249.62,66.53,4447.18,29.85,6281.73,10.65,1455.34,9.86,1217.04,11.95
2026-08-08T23:40Z,8222.21,66.53,4429.94,26.75,6318.22,10.65,1468.74,9.94,1195.5,11.23
2026-08-08T23:45Z,8119.72,66.53,4400.91,28.81,6333.39,10.65,1470.0,9.97,1205.08,11.94
2026-08-08T23:50Z,8153.77,66.53,4220.59,2.8,6365.45,10.65,1462.73,9.93,1216.3,11.96
2026-08-08T23:55Z,8160.68,66.53,4201.76,6.85,6383.23,10.5,1455.52,9.79,1217.26,11.82
2026-08-09T00:00Z,8114.37,66.53,4190.46,24.81,6327.37,-0.05,1437.24,-0.05,1200.42,-0.05
2026-08-09T00:05Z,8017.35,69.99,4088.71,13.26,6422.91,0.11,1399.23,0.11,1199.74,0.12
2026-08-09T00:10Z,8189.19,80.0,4122.91,2.79,6416.99,0.67,1388.33,0.62,1189.28,0.7
2026-08-09T00:15Z,8328.98,87.86,4080.4,2.79,6407.83,4.86,1364.68,4.5,1183.44,5.06
2026-08-09T00:20Z,8405.51,84.79,4115.41,13.27,6458.69,10.5,1326.73,9.72,1184.51,10.93
2026-08-09T00:25Z,8364.41,83.12,4165.22,13.27,6485.27,10.5,1301.74,9.7,1176.45,10.86
2026-08-09T00:30Z,8378.84,80.0,4075.18,8.0,6438.42,-0.1,1285.09,-0.09,1160.16,-0.1
2026-08-09T00:35Z,8323.59,80.0,4052.87,19.86,6497.06,0.0,1249.69,0.0,1149.64,0.0
2026-08-09T00:40Z,8323.31,83.12,3997.83,2.79,6535.52,10.65,1317.23,9.96,1153.82,11.12
2026-08-09T00:45Z,8328.94,83.34,4022.16,8.49,6496.28,10.5,1296.32,9.85,1141.72,10.93
2026-08-09T00:50Z,8378.77,66.53,3929.57,2.8,6483.48,10.5,1318.06,9.86,1144.33,10.93
2026-08-09T00:55Z,8465.13,69.99,3938.76,13.26,6593.37,10.65,1370.43,30.21,1159.06,28.43
2026-08-09T01:00Z,8430.13,80.0,3856.86,13.26,6510.47,10.65,1433.98,30.21,1157.74,28.1
2026-08-09T01:05Z,8405.92,73.44,3801.99,-1.31,6546.25,15.08,1456.68,38.45,1142.79,37.05
2026-08-09T01:10Z,8591.55,84.79,3897.44,13.27,6903.34,53.99,1463.15,59.73,1141.55,65.41
2026-08-09T01:15Z,8602.14,84.79,3955.92,24.12,6965.82,35.95,1446.1,52.48,1126.33,53.38
2026-08-09T01:20Z,8532.06,83.99,3914.85,24.12,7002.38,22.67,1415.38,46.13,1128.22,45.26
2026-08-09T01:25Z,8535.29,83.99,4075.31,19.86,7023.44,22.03,1381.32,45.58,1128.92,45.03
2026-08-09T01:30Z,8566.25,81.49,4042.66,13.26,7011.21,8.94,1326.44,0.43,1129.79,36.04
2026-08-09T01:35Z,8576.4,80.87,3890.55,13.26,7094.75,8.94,1317.06,10.09,1146.1,36.09
2026-08-09T01:40Z,8601.87,87.86,3983.89,27.88,6986.31,8.94,1317.12,41.41,1154.04,38.58
2026-08-09T01:45Z,8727.23,87.86,3878.75,24.81,7003.82,22.48,1219.86,42.79,1155.86,45.08
2026-08-09T01:50Z,8745.11,87.86,3877.61,24.12,7027.81,22.48,1171.5,45.69,1142.94,46.02
2026-08-09T01:55Z,8695.38,87.86,3996.78,18.4,7066.96,45.94,1106.37,53.2,1139.61,60.27
2026-08-09T02:00Z,8732.19,87.86,4034.83,24.12,6998.65,8.94,1107.22,1.66,1120.32,38.07
2026-08-09T02:05Z,8725.95,87.86,4100.38,13.27,7086.91,8.95,1137.31,40.21,1120.57,34.72
2026-08-09T02:10Z,8781.23,90.49,4246.78,28.81,7120.07,10.5,1125.25,30.94,1129.16,35.85
2026-08-09T02:15Z,8789.87,89.99,4224.77,27.88,7131.39,10.5,1089.98,11.01,1117.8,37.73
2026-08-09T02:20Z,8667.74,87.86,4201.05,30.35,7073.16,31.12,1104.17,9.1,1111.95,47.3
2026-08-09T02:25Z,8742.48,88.88,4162.68,29.85,7055.72,10.5,1105.15,9.1,1094.57,35.28
2026-08-09T02:30Z,8849.83,97.63,4084.83,29.83,7141.91,22.48,1069.17,49.2,1101.7,49.12
2026-08-09T02:35Z,8985.46,112.65,4061.06,27.88,7165.18,14.61,1024.13,53.0,1098.06,36.77
2026-08-09T02:40Z,9059.39,89.04,4003.72,24.12,7104.26,9.93,1028.15,10.47,1092.3,34.06
2026-08-09T02:45Z,8987.69,97.63,4038.35,30.35,7164.96,20.68,1087.2,27.43,1077.37,46.74
2026-08-09T02:50Z,9011.63,110.01,4014.7,30.35,7200.28,10.5,1099.23,49.02,1066.76,42.44
2026-08-09T02:55Z,9010.22,90.49,3984.78,29.83,7209.45,25.42,1076.55,49.02,1064.72,44.17
2026-08-09T03:00Z,9025.06,97.63,3962.63,27.88,7206.5,30.3,1125.58,43.35,1054.25,53.14
2026-08-09T03:05Z,8941.49,90.49,3998.95,30.35,7154.22,8.94,1172.4,28.6,1050.4,36.83
2026-08-09T03:10Z,9049.57,110.01,3889.03,29.83,7124.65,10.5,1226.79,51.55,1055.06,47.48
2026-08-09T03:15Z,9059.21,115.46,4003.03,30.35,7191.95,15.08,1224.09,56.2,1062.36,52.31
2026-08-09T03:20Z,9059.77,88.9,3962.16,40.1,7185.54,27.8,1241.74,46.56,1071.7,46.92
2026-08-09T03:25Z,9157.3,101.1,3896.06,29.85,7198.53,10.5,1284.59,28.52,1085.42,47.51
2026-08-09T03:30Z,9185.82,121.0,4035.2,29.83,7143.71,62.87,1314.73,56.2,1087.8,85.23
2026-08-09T03:35Z,9256.37,121.0,4027.67,24.81,7229.66,35.1,1332.37,54.88,1086.6,62.07
2026-08-09T03:40Z,9304.39,101.1,4131.5,27.88,7268.31,22.67,1359.54,34.33,1096.88,45.64
2026-08-09T03:45Z,9339.45,101.1,4084.44,29.83,7154.39,25.42,1411.98,56.2,1094.7,46.3
2026-08-09T03:50Z,9329.58,124.29,4128.61,30.35,7158.67,10.5,1382.33,37.8,1096.61,53.89
2026-08-09T03:55Z,9225.12,121.0,4181.47,30.35,7186.69,37.06,1390.98,43.23,1096.37,69.54
2026-08-09T04:00Z,9269.88,101.1,4337.33,40.1,7171.82,32.21,1392.25,43.16,1098.52,57.44
2026-08-09T04:05Z,9235.45,121.0,4361.21,40.1,7151.93,15.08,1401.74,59.1,1104.55,53.87
2026-08-09T04:10Z,9111.42,97.63,4411.11,40.0,7017.83,10.5,1369.38,46.88,1111.31,42.34
2026-08-09T04:15Z,9068.56,97.63,4494.13,39.75,6971.91,8.94,1372.41,45.99,1123.46,30.52
2026-08-09T04:20Z,9100.72,97.63,4409.49,37.4,6943.0,10.5,1391.21,46.27,1137.6,36.98
2026-08-09T04:25Z,9206.78,110.01,4455.1,39.75,6921.29,8.94,1386.54,50.77,1144.14,41.27
2026-08-09T04:30Z,9245.86,97.63,4536.42,40.1,6907.84,8.94,1422.22,45.93,1136.01,36.77
2026-08-09T04:35Z,9236.04,89.01,4572.26,40.1,6976.66,8.94,1453.78,42.36,1138.82,31.47
2026-08-09T04:40Z,9250.01,93.24,4627.38,40.05,6971.39,8.58,1505.12,44.03,1138.61,31.98
2026-08-09T04:45Z,9182.87,91.43,4681.59,30.35,6955.68,5.08,1554.93,41.66,1127.69,31.08
2026-08-09T04:50Z,9175.61,89.07,4714.76,40.0,6953.89,5.08,1597.31,40.87,1131.38,30.9
2026-08-09T04:55Z,9152.04,88.9,4691.64,40.1,7025.1,5.08,1617.32,41.1,1131.29,31.33
2026-08-09T05:00Z,9249.42,88.9,4739.1,30.35,7012.62,5.08,1648.7,41.2,1137.63,31.27
2026-08-09T05:05Z,9298.39,84.01,4802.15,40.05,6892.27,-0.1,1673.68,36.55,1142.74,22.18
2026-08-09T05:10Z,9370.1,87.86,4863.51,40.1,6905.57,0.01,1744.81,38.89,1150.95,24.94
2026-08-09T05:15Z,9342.84,97.63,5042.39,40.1,6983.02,-0.05,1761.46,43.36,1162.56,26.49
2026-08-09T05:20Z,9401.04,101.13,5110.51,48.35,7018.63,0.01,1773.44,45.25,1167.14,28.5
2026-08-09T05:25Z,9526.29,106.4,5158.33,48.35,6996.87,1.68,1795.05,49.02,1170.86,33.28
2026-08-09T05:30Z,9618.35,108.83,5288.74,29.85,7016.31,0.01,1800.12,49.02,1171.83,30.11
2026-08-09T05:35Z,9573.96,99.01,5325.53,48.35,7022.34,8.95,1796.34,49.02,1173.14,37.11
2026-08-09T05:40Z,9615.25,97.63,5334.07,39.75,7080.07,8.94,1792.73,48.85,1169.41,36.55
2026-08-09T05:45Z,9704.02,99.01,5389.41,40.05,7086.65,8.94,1799.68,49.02,1173.2,37.04
2026-08-09T05:50Z,9644.51,97.63,5457.25,48.35,7040.63,10.19,1801.67,49.02,1172.68,37.31
2026-08-09T05:55Z,9740.35,99.01,5435.86,48.35,7100.32,89.48,1786.36,85.82,1173.38,84.76
2026-08-09T06:00Z,9800.67,121.0,5567.26,50.0,7128.29,53.48,1765.88,78.09,1168.66,69.74
2026-08-09T06:05Z,9853.66,97.63,5667.77,40.05,7106.05,25.43,1764.14,55.18,1176.92,20.18
2026-08-09T06:10Z,9933.84,83.99,5715.39,40.05,7095.28,25.43,1767.82,49.29,1187.18,46.08
2026-08-09T06:15Z,10033.67,110.01,5831.64,57.23,7149.02,56.15,1827.65,75.89,1206.7,72.07
2026-08-09T06:20Z,10069.14,99.99,5942.66,61.73,7113.44,75.88,1787.92,79.68,1212.46,79.29
2026-08-09T06:25Z,10117.51,110.01,6090.18,78.51,7073.89,75.4,1802.42,85.01,1225.56,85.45
2026-08-09T06:30Z,10119.58,89.16,6205.62,72.0,7101.73,23.54,1792.76,50.25,1235.1,51.2
2026-08-09T06:35Z,10190.29,84.79,6261.17,68.82,7192.4,23.29,1796.92,49.02,1257.79,51.39
2026-08-09T06:40Z,10270.36,97.55,6355.31,79.1,7253.39,67.82,1835.4,77.3,1257.65,74.52
2026-08-09T06:45Z,10318.87,95.07,6553.47,79.55,7205.27,56.05,1804.9,67.64,1260.78,66.44
2026-08-09T06:50Z,10401.39,96.08,6663.66,80.0,7231.59,86.76,1822.39,83.94,1268.02,82.92
2026-08-09T06:55Z,10467.63,97.09,6722.51,78.73,7303.79,89.3,1844.57,84.03,1274.11,84.96
2026-08-09T07:00Z,10468.15,97.23,6822.5,78.84,7263.69,89.48,1860.81,84.68,1286.0,85.43
2026-08-09T07:05Z,10592.97,88.89,6911.44,75.68,7300.22,83.73,1859.98,79.72,1297.11,80.23
2026-08-09T07:10Z,10649.39,93.34,6951.42,78.54,7387.66,89.48,1883.99,85.36,1300.3,85.68
2026-08-09T07:15Z,10671.34,88.89,6986.27,77.21,7416.58,82.62,1904.53,79.52,1308.49,79.17
2026-08-09T07:20Z,10736.18,88.89,7010.43,78.33,7399.64,81.98,1915.25,78.94,1308.91,78.56
2026-08-09T07:25Z,10861.91,91.16,7050.46,78.73,7435.69,84.81,1940.4,82.12,1338.07,81.76
2026-08-09T07:30Z,10920.67,95.68,7171.36,81.19,7450.41,89.0,1941.71,86.45,1341.55,85.75
2026-08-09T07:35Z,10938.22,95.98,7203.83,80.47,7554.8,88.04,1967.09,85.89,1340.63,87.86
2026-08-09T07:40Z,10995.61,97.55,7209.31,82.84,7565.75,89.46,1968.85,87.27,1359.94,88.24
2026-08-09T07:45Z,11042.18,97.55,7328.82,82.42,7656.92,89.48,1979.27,87.6,1368.51,88.24
2026-08-09T07:50Z,11075.1,97.55,7349.88,82.45,7660.93,89.48,1991.16,87.98,1366.38,88.24
2026-08-09T07:55Z,11068.45,97.55,7375.46,83.01,7681.35,89.48,2012.98,88.12,1369.13,88.24
2026-08-09T08:00Z,11061.67,97.55,7426.13,83.73,7681.93,89.48,1997.4,86.78,1362.89,88.24
2026-08-09T08:05Z,11073.24,97.55,7456.89,84.14,7599.08,89.48,2030.97,87.25,1373.12,88.24
2026-08-09T08:10Z,10991.74,97.55,7465.95,84.16,7619.28,89.78,2036.61,87.57,1347.93,88.24
2026-08-09T08:15Z,11095.22,97.23,7369.34,79.73,7648.2,89.48,2044.33,87.27,1349.56,88.24
2026-08-09T08:20Z,11072.25,97.12,7465.56,79.73,7569.64,89.38,2046.29,87.27,1359.74,88.24
2026-08-09T08:25Z,11088.44,97.55,7388.44,78.73,7610.12,91.28,2064.08,88.86,1357.38,88.24
2026-08-09T08:30Z,11030.92,97.55,7410.29,79.55,7629.33,92.03,2050.12,90.21,1337.43,88.24
2026-08-09T08:35Z,10962.98,97.55,7467.64,84.18,7578.75,92.04,2052.07,89.59,1339.65,88.24
2026-08-09T08:40Z,11012.01,94.45,7345.36,79.73,7514.8,89.0,2040.15,87.26,1330.86,85.72
2026-08-09T08:45Z,10902.36,97.55,7396.42,83.73,7441.72,91.3,2031.99,88.86,1336.23,87.92
2026-08-09T08:50Z,10880.82,90.49,7359.42,79.48,7447.26,85.23,2025.69,81.15,1338.33,82.13
2026-08-09T08:55Z,10774.31,97.01,7281.92,81.93,7447.5,92.36,2065.33,88.77,1338.67,88.24
2026-08-09T09:00Z,10740.65,95.09,7298.1,81.37,7351.73,91.09,2038.6,88.86,1333.06,87.74
2026-08-09T09:05Z,10663.96,93.23,7242.08,79.73,7425.37,92.26,2029.46,88.15,1327.98,88.24
2026-08-09T09:10Z,10683.97,97.55,7206.76,83.73,7360.96,94.9,2019.18,88.91,1331.84,88.78
2026-08-09T09:15Z,10671.66,92.2,7178.45,78.73,7342.66,89.0,2024.07,86.05,1327.36,84.98
2026-08-09T09:20Z,10602.64,93.11,7163.91,78.54,7359.45,88.47,2019.65,83.84,1320.1,84.16
2026-08-09T09:25Z,10621.11,90.6,7095.85,78.33,7246.25,85.31,2015.26,80.59,1317.98,80.96
2026-08-09T09:30Z,10602.49,90.49,7097.13,77.24,7279.88,88.72,2011.41,83.77,1317.11,84.16
2026-08-09T09:35Z,10546.27,93.81,7081.19,79.55,7186.66,91.94,2007.64,86.93,1318.15,87.47
2026-08-09T09:40Z,10518.65,92.23,7086.54,78.73,7229.24,90.35,1980.86,84.94,1309.66,84.8
2026-08-09T09:45Z,10538.21,96.12,6980.98,79.55,7235.02,94.89,1974.55,88.86,1305.4,88.24
2026-08-09T09:50Z,10482.85,95.03,7011.58,79.55,7205.72,94.59,1970.06,88.86,1305.38,88.24
2026-08-09T09:55Z,10468.0,95.34,6967.43,79.73,7176.77,94.06,1953.99,88.06,1296.16,87.48
2026-08-09T10:00Z,10397.74,95.32,6985.58,79.73,7169.83,94.88,1957.92,88.89,1294.9,87.69
2026-08-09T10:05Z,10383.32,97.55,6904.24,79.55,7103.28,96.06,1960.98,90.43,1288.29,88.24
2026-08-09T10:10Z,10352.15,97.55,6959.38,82.09,7027.01,95.45,1964.68,90.3,1294.65,88.24
2026-08-09T10:15Z,10311.47,97.55,6925.87,82.06,6995.3,95.42,1943.7,89.51,1290.9,88.22
2026-08-09T10:20Z,10264.95,97.55,6886.31,80.84,7050.07,96.21,1935.55,90.07,1279.77,88.24
2026-08-09T10:25Z,10254.47,97.55,6874.79,80.0,6977.9,95.37,1927.3,89.07,1278.82,87.9
2026-08-09T10:30Z,10200.53,97.62,6869.07,79.73,6935.29,96.95,1924.47,90.55,1280.19,88.24
2026-08-09T10:35Z,10122.62,108.96,6822.88,82.62,6904.68,108.19,1921.38,101.02,1277.61,97.85
2026-08-09T10:40Z,10065.8,108.76,6908.86,79.73,6903.18,107.03,1900.3,99.39,1280.25,96.81
2026-08-09T10:45Z,9964.3,93.95,6918.95,79.55,6858.86,93.99,1902.17,87.32,1280.15,86.64
2026-08-09T10:50Z,9893.39,90.49,6897.82,77.58,6768.56,90.48,1901.83,84.14,1273.22,83.68
2026-08-09T10:55Z,9893.04,97.55,6914.56,78.51,6802.22,105.56,1895.2,98.08,1262.37,96.09
2026-08-09T11:00Z,9823.36,88.88,6901.73,71.68,6765.89,90.34,1899.98,84.58,1262.17,83.81
2026-08-09T11:05Z,9792.2,94.06,6795.34,78.54,6671.24,93.27,1898.48,87.16,1257.74,86.8
2026-08-09T11:10Z,9757.95,109.0,6811.44,79.73,6727.41,109.01,1889.82,101.02,1260.04,99.88
2026-08-09T11:15Z,9710.44,93.49,6789.39,78.54,6693.29,94.89,1854.81,87.8,1259.59,88.24
2026-08-09T11:20Z,9653.8,93.49,6800.6,78.54,6676.08,95.4,1853.03,88.64,1252.86,88.24
2026-08-09T11:25Z,9572.53,95.47,6828.09,79.73,6653.44,109.74,1826.17,101.02,1245.02,100.24
2026-08-09T11:30Z,9472.31,88.88,6807.56,76.13,6521.05,96.28,1805.01,90.1,1246.58,88.24
2026-08-09T11:35Z,9411.15,83.99,6722.81,72.5,6534.8,126.07,1793.35,116.01,1237.19,115.17
2026-08-09T11:40Z,9399.2,83.99,6756.9,72.5,6521.17,126.99,1766.65,116.9,1229.69,116.01
2026-08-09T11:45Z,9350.43,84.79,6746.68,73.49,6417.6,109.09,1753.52,101.02,1225.62,99.67
2026-08-09T11:50Z,9310.29,83.37,6612.0,71.68,6344.41,88.35,1738.03,83.73,1220.66,81.75
2026-08-09T11:55Z,9179.84,83.99,6647.83,72.5,6362.59,105.81,1733.28,101.02,1212.74,96.08
2026-08-09T12:00Z,9174.2,83.99,6564.83,71.72,6324.14,88.17,1700.54,83.4,1201.17,80.83
2026-08-09T12:05Z,9022.21,83.99,6547.33,73.08,6236.09,88.89,1690.02,82.86,1192.47,82.27
2026-08-09T12:10Z,9110.09,90.73,6493.6,77.9,6237.03,95.94,1682.18,90.41,1190.28,88.24
2026-08-09T12:15Z,9078.74,83.99,6465.81,72.54,6129.49,87.95,1664.85,82.56,1186.35,81.92
2026-08-09T12:20Z,8947.34,83.01,6447.02,71.68,6163.67,86.99,1661.67,81.31,1175.58,81.02
2026-08-09T12:25Z,8971.96,83.99,6460.55,72.53,6102.35,86.48,1644.46,80.18,1171.85,80.55
2026-08-09T12:30Z,8894.98,79.25,6415.47,68.84,6003.55,79.55,1621.32,72.92,1164.18,74.11
2026-08-09T12:35Z,8818.12,83.15,6311.04,71.68,6030.92,84.88,1615.12,78.14,1159.28,79.07
2026-08-09T12:40Z,8848.99,80.0,6281.75,69.38,5986.55,79.59,1595.47,73.44,1170.47,74.37
2026-08-09T12:45Z,8756.06,79.37,6297.37,68.84,5966.01,78.29,1567.47,72.07,1153.33,72.7
2026-08-09T12:50Z,8764.4,84.79,6230.7,74.89,5927.76,82.87,1549.85,76.28,1149.94,76.96
2026-08-09T12:55Z,8631.01,80.0,6243.71,71.58,5809.57,76.91,1538.41,70.65,1153.26,71.45
2026-08-09T13:00Z,8632.42,80.0,6151.35,70.59,5863.07,77.51,1524.9,70.27,1142.88,71.99
2026-08-09T13:05Z,8530.17,80.0,6139.75,69.7,5875.32,79.38,1505.08,73.29,1142.74,73.73
2026-08-09T13:10Z,8475.8,80.0,6176.58,69.73,5878.55,79.38,1502.8,72.97,1141.88,73.95
2026-08-09T13:15Z,8445.59,83.99,6088.99,72.79,5975.47,85.44,1498.97,78.15,1142.86,79.59
2026-08-09T13:20Z,8389.09,83.99,6071.67,73.12,5955.84,85.42,1491.65,78.1,1139.57,79.57
2026-08-09T13:25Z,8326.41,83.33,6026.25,72.5,5947.29,85.5,1502.96,78.24,1133.65,79.65
2026-08-09T13:30Z,8241.54,69.99,6038.61,62.08,5873.66,70.69,1503.29,64.52,1128.32,65.85
2026-08-09T13:35Z,8260.45,82.24,6058.0,72.5,5856.66,83.78,1514.4,76.54,1097.78,80.07
2026-08-09T13:40Z,8227.27,83.85,6019.7,72.5,5866.99,87.63,1534.47,80.79,1104.28,84.31
2026-08-09T13:45Z,8146.14,80.0,6030.23,69.63,5831.52,82.85,1510.92,76.27,1103.18,79.95
2026-08-09T13:50Z,8167.94,78.11,5995.34,68.82,5718.17,78.82,1497.11,72.56,1096.49,75.88
2026-08-09T13:55Z,8135.19,79.21,5915.58,68.84,5736.54,92.97,1503.68,85.58,1092.05,88.24
2026-08-09T14:00Z,8095.75,69.99,5884.56,61.59,5704.95,70.59,1481.14,64.74,1088.41,67.82
2026-08-09T14:05Z,8005.74,80.0,5881.27,69.06,5709.54,82.79,1495.46,76.01,1075.58,80.48
2026-08-09T14:10Z,8182.84,84.79,5879.48,72.74,5740.51,87.6,1484.88,79.69,1071.94,85.16
2026-08-09T14:15Z,8225.95,84.79,5851.24,72.5,5656.19,86.81,1496.77,79.36,1069.48,84.39
2026-08-09T14:20Z,8242.87,84.79,5837.78,72.5,5682.61,87.73,1538.77,80.42,1068.71,85.03
2026-08-09T14:25Z,8232.13,83.99,5761.35,71.03,5690.79,86.94,1544.65,80.34,1062.9,86.98
2026-08-09T14:30Z,8138.77,80.0,5714.13,68.48,5655.36,81.68,1550.22,75.24,1059.39,80.66
2026-08-09T14:35Z,8086.24,81.47,5703.59,68.84,5613.01,82.31,1541.46,75.52,1070.07,81.82
2026-08-09T14:40Z,8037.56,80.0,5706.85,68.84,5562.99,80.26,1567.84,74.38,1084.85,79.93
2026-08-09T14:45Z,7952.25,73.2,5672.14,62.62,5546.55,71.67,1558.26,66.91,1078.84,68.25
2026-08-09T14:50Z,7875.9,72.0,5663.79,61.73,5491.23,70.46,1548.96,65.51,1081.04,67.56
2026-08-09T14:55Z,7836.05,73.2,5663.37,62.62,5395.02,71.6,1543.97,66.37,1085.83,68.65
2026-08-09T15:00Z,7918.18,73.2,5585.09,61.77,5346.5,70.37,1533.51,65.47,1081.59,67.21
2026-08-09T15:05Z,7836.49,73.2,5617.09,62.58,5433.01,71.01,1538.3,65.54,1080.53,67.81
2026-08-09T15:10Z,7854.22,73.2,5635.34,62.2,5324.84,68.71,1523.13,63.25,1077.96,65.63
2026-08-09T15:15Z,7735.55,73.2,5554.16,62.15,5366.59,68.76,1514.85,62.7,1079.39,65.72
2026-08-09T15:20Z,7729.85,72.73,5526.82,61.73,5312.04,67.75,1510.05,61.58,1079.17,65.02
2026-08-09T15:25Z,7625.38,68.15,5503.79,58.19,5314.01,64.01,1511.15,57.95,1075.21,61.37
2026-08-09T15:30Z,7608.08,67.0,5538.5,57.23,5272.79,62.38,1500.97,56.22,1077.84,59.91
2026-08-09T15:35Z,7496.03,73.2,5521.49,62.12,5272.73,71.51,1500.17,64.2,1080.58,69.0
2026-08-09T15:40Z,7473.28,72.0,5579.75,62.32,5253.53,70.96,1518.51,63.56,1072.18,68.27
2026-08-09T15:45Z,7453.42,66.33,5510.32,57.36,5175.12,64.78,1497.37,55.73,1071.74,62.58
2026-08-09T15:50Z,7457.61,67.99,5513.63,58.06,5214.94,67.49,1480.14,-1.02,1072.19,65.16
2026-08-09T15:55Z,7351.4,66.53,5516.74,57.66,5180.44,64.6,1508.23,-1.02,1070.0,62.14
2026-08-09T16:00Z,7349.91,67.99,5511.44,57.69,5175.36,66.04,1520.41,11.01,1069.37,63.59
2026-08-09T16:05Z,7354.83,69.99,5447.06,60.11,5123.49,67.98,1534.47,57.5,1070.03,65.47
2026-08-09T16:10Z,7253.46,67.99,5519.8,59.19,5103.55,65.44,1504.01,54.41,1066.47,63.04
2026-08-09T16:15Z,7229.14,72.0,5478.66,62.26,5078.1,69.76,1485.48,1.66,1070.97,67.15
2026-08-09T16:20Z,7213.82,72.0,5465.4,61.46,5053.8,71.02,1527.42,-1.02,1069.83,68.35
2026-08-09T16:25Z,7191.35,66.53,5498.96,57.54,4946.47,64.11,1531.52,14.19,1067.56,61.78
2026-08-09T16:30Z,7210.18,66.75,5494.45,57.36,4975.35,64.11,1502.53,14.19,1072.26,61.96
2026-08-09T16:35Z,7191.82,67.18,5478.49,57.36,4948.67,64.11,1504.12,0.43,1072.86,61.96
2026-08-09T16:40Z,7137.39,69.99,5462.51,60.51,4850.54,65.82,1533.72,7.96,1074.82,63.61
2026-08-09T16:45Z,7125.44,66.58,5477.12,57.36,4871.71,64.11,1518.06,11.01,1069.11,61.8
2026-08-09T16:50Z,7173.91,69.99,5501.91,60.15,4849.49,66.18,1486.43,-1.0,1072.77,63.97
2026-08-09T16:55Z,7208.41,73.2,5451.38,62.48,4845.1,70.37,1506.29,62.63,1067.79,67.75
2026-08-09T17:00Z,7123.55,67.59,5501.64,57.36,4849.97,64.11,1456.98,14.19,1065.17,61.69
2026-08-09T17:05Z,7124.7,73.2,5479.14,61.73,4782.05,69.12,1466.3,-1.02,1068.6,66.59
2026-08-09T17:10Z,7126.43,73.2,5460.27,61.73,4848.07,70.28,1475.06,-1.02,1075.18,67.89
2026-08-09T17:15Z,7154.76,73.2,5518.91,62.93,4831.36,69.19,1487.31,14.19,1073.85,66.85
2026-08-09T17:20Z,7081.55,73.2,5508.52,64.54,4740.89,68.64,1489.78,14.19,1073.32,66.33
2026-08-09T17:25Z,7031.52,69.99,5508.87,61.7,4808.97,66.2,1486.33,7.96,1074.06,63.99
2026-08-09T17:30Z,7111.44,69.99,5549.32,60.95,4802.4,66.22,1506.69,21.49,1076.46,64.04
2026-08-09T17:35Z,7095.01,73.2,5466.88,66.58,4815.29,69.17,1476.77,-1.0,1072.59,66.83
2026-08-09T17:40Z,7074.77,73.2,5485.69,65.32,4740.56,67.6,1509.65,-1.02,1073.7,65.34
2026-08-09T17:45Z,7060.23,67.99,5445.84,59.5,4725.34,63.28,1509.44,11.01,1075.35,61.4
2026-08-09T17:50Z,7084.42,69.86,5477.38,62.35,4737.74,64.01,1513.88,24.77,1073.72,62.09
2026-08-09T17:55Z,7032.72,69.99,5494.09,63.28,4708.0,64.0,1464.7,-1.02,1078.63,62.27
2026-08-09T18:00Z,7036.36,72.0,5518.48,65.94,4773.78,65.35,1469.02,-1.05,1078.98,64.26
2026-08-09T18:05Z,7040.9,69.99,5512.08,63.69,4762.08,64.53,1468.48,-1.02,1082.74,64.5
2026-08-09T18:10Z,7055.56,66.89,5573.94,60.92,4696.15,60.16,1460.34,14.19,1069.89,59.19
2026-08-09T18:15Z,7127.33,73.2,5538.71,64.96,4770.03,68.52,1464.25,14.19,1065.85,68.03
2026-08-09T18:20Z,7100.81,69.99,5567.68,64.56,4760.89,63.0,1470.35,14.19,1068.01,62.58
2026-08-09T18:25Z,7078.04,69.99,5544.25,64.53,4817.56,62.51,1459.19,7.96,1070.44,62.28
2026-08-09T18:30Z,7117.97,69.99,5615.23,62.97,4814.23,64.02,1462.44,14.19,1073.06,63.85
2026-08-09T18:35Z,7128.41,65.89,5640.96,59.69,4757.05,60.16,1451.78,29.0,1075.92,60.29
2026-08-09T18:40Z,7188.19,69.99,5727.83,64.28,4797.9,62.9,1429.91,14.19,1073.64,63.24
2026-08-09T18:45Z,7240.57,70.07,5693.36,63.5,4862.92,64.0,1434.31,-1.02,1076.09,63.24
2026-08-09T18:50Z,7321.18,66.79,5740.84,61.73,4924.52,60.57,1457.67,14.19,1074.2,59.36
2026-08-09T18:55Z,7278.15,69.99,5748.31,63.87,4924.92,63.46,1448.37,14.19,1081.47,62.98
2026-08-09T19:00Z,7261.89,67.99,5841.9,62.92,4956.27,62.16,1450.5,14.19,1084.01,61.7
2026-08-09T19:05Z,7322.8,67.57,5827.42,61.73,4991.79,62.26,1454.65,14.19,1086.31,61.2
2026-08-09T19:10Z,7476.94,72.38,5916.58,67.23,5069.74,65.64,1458.98,11.01,1096.56,63.24
2026-08-09T19:15Z,7550.18,72.0,5933.71,66.7,5036.29,64.24,1463.93,-1.02,1098.46,63.24
2026-08-09T19:20Z,7611.08,69.99,5970.71,62.71,5104.23,64.0,1460.75,14.19,1106.24,63.07
2026-08-09T19:25Z,7668.95,70.06,5966.54,63.29,5158.7,64.0,1460.75,14.19,1109.59,63.24
2026-08-09T19:30Z,7662.37,71.75,6049.68,65.3,5142.03,64.0,1444.77,14.19,1114.38,63.13
2026-08-09T19:35Z,7768.3,69.99,6030.88,62.89,5225.64,62.4,1425.36,14.19,1119.65,61.1
2026-08-09T19:40Z,7880.63,66.51,6094.02,61.73,5280.48,58.84,1440.02,-1.02,1129.81,57.87
2026-08-09T19:45Z,7899.32,61.45,6044.0,57.36,5388.06,53.18,1463.43,29.0,1139.1,53.65
2026-08-09T19:50Z,7997.23,65.62,6162.91,61.73,5410.2,34.0,1420.21,14.19,1147.87,35.21
2026-08-09T19:55Z,8078.52,73.2,6183.29,68.82,5410.87,63.26,1438.19,18.36,1167.84,61.16
2026-08-09T20:00Z,8177.99,73.2,6212.6,68.84,5453.83,37.13,1444.29,14.19,1158.92,37.2
2026-08-09T20:05Z,8179.31,73.2,6233.75,68.82,5629.52,34.0,1461.44,30.15,1182.67,35.26
2026-08-09T20:10Z,8407.28,73.15,6345.55,70.02,5810.81,62.82,1474.73,14.19,1180.99,60.71
2026-08-09T20:15Z,8538.7,69.99,6472.19,68.84,5888.13,61.1,1490.51,7.96,1191.0,61.35
2026-08-09T20:20Z,8666.35,72.18,6450.89,70.34,5984.5,64.09,1512.17,52.0,1201.34,63.24
2026-08-09T20:25Z,8773.87,73.2,6527.07,70.07,6054.54,64.98,1500.87,-6.0,1216.14,63.24
2026-08-09T20:30Z,8976.74,73.51,6598.42,71.77,6117.91,64.76,1537.94,54.52,1229.44,63.24
2026-08-09T20:35Z,9014.12,69.99,6624.21,68.82,6087.6,61.13,1523.57,52.0,1240.93,60.26
2026-08-09T20:40Z,9191.65,75.75,6624.34,73.49,6214.95,66.2,1518.25,32.8,1255.54,63.24
2026-08-09T20:45Z,9372.32,80.91,6666.26,78.54,6344.78,71.32,1571.58,-6.0,1271.25,65.59
2026-08-09T20:50Z,9470.84,83.99,6644.98,79.44,6487.14,75.31,1594.78,-6.0,1285.87,69.24
2026-08-09T20:55Z,9528.52,83.18,6684.72,76.74,6540.72,75.88,1625.87,67.43,1299.34,69.98
2026-08-09T21:00Z,9569.41,88.88,6724.22,83.61,6638.9,81.1,1626.59,72.27,1311.8,74.79
2026-08-09T21:05Z,9690.49,88.88,6780.12,83.13,6713.74,82.4,1629.03,72.2,1318.66,88.24
2026-08-09T21:10Z,9769.03,84.79,6816.88,77.33,6785.29,78.66,1636.46,24.82,1301.12,76.14
2026-08-09T21:15Z,9916.17,88.88,6810.16,82.62,6933.81,81.42,1695.72,-6.0,1315.53,86.84
2026-08-09T21:20Z,9987.25,88.88,6804.46,82.61,6967.87,81.55,1730.64,53.66,1320.41,84.24
2026-08-09T21:25Z,9998.82,88.88,6769.3,81.0,7114.17,80.5,1718.6,1.66,1327.83,78.55
2026-08-09T21:30Z,10022.94,88.88,6753.5,80.48,7177.6,80.44,1752.04,69.2,1341.41,79.81
2026-08-09T21:35Z,10097.34,88.88,6721.42,80.44,7202.7,79.09,1729.07,51.98,1340.82,79.51
2026-08-09T21:40Z,10067.56,88.88,6655.76,80.37,7283.62,80.5,1767.88,68.09,1348.2,80.83
2026-08-09T21:45Z,10264.61,88.88,6604.95,78.73,7410.51,80.5,1772.4,68.09,1354.29,83.56
2026-08-09T21:50Z,10268.32,88.88,6486.9,78.54,7430.71,80.5,1782.13,70.95,1358.03,80.66
2026-08-09T21:55Z,10215.69,88.88,6428.17,78.54,7387.55,78.74,1792.35,68.89,1360.08,78.94
2026-08-09T22:00Z,10208.97,80.0,6379.83,69.84,7390.91,71.49,1811.06,63.63,1356.85,70.21
2026-08-09T22:05Z,10230.7,84.86,6347.83,73.73,7506.36,75.88,1810.41,67.46,1356.11,73.41
2026-08-09T22:10Z,10191.88,88.88,6420.63,78.12,7577.84,82.08,1807.74,71.82,1348.46,79.08
2026-08-09T22:15Z,10080.8,88.88,6450.19,79.66,7567.43,82.76,1792.93,71.19,1351.05,79.73
2026-08-09T22:20Z,9905.05,86.56,6407.88,78.54,7595.41,81.23,1771.87,18.2,1352.37,78.27
2026-08-09T22:25Z,9753.9,80.0,6322.71,72.5,7605.54,75.88,1797.79,65.28,1364.43,73.77
2026-08-09T22:30Z,9673.25,80.0,6274.95,71.55,7582.7,77.6,1772.32,-9.0,1338.59,74.6
2026-08-09T22:35Z,9593.34,84.79,6239.35,73.73,7520.56,84.46,1820.88,70.23,1358.16,82.63
2026-08-09T22:40Z,9461.31,83.99,6226.04,72.5,7511.18,85.65,1787.89,-6.0,1367.02,84.75
2026-08-09T22:45Z,9396.16,83.99,6183.4,71.8,7500.08,86.67,1795.95,73.3,1376.31,85.38
2026-08-09T22:50Z,9317.13,85.4,6128.45,72.5,7592.88,90.6,1731.59,-6.0,1376.8,88.24
2026-08-09T22:55Z,9205.58,81.13,6074.44,68.84,7432.87,92.18,1753.36,-6.5,1362.49,88.24
2026-08-09T23:00Z,9075.32,83.99,6026.91,71.66,7493.99,94.93,1748.12,-6.0,1353.23,88.24
2026-08-09T23:05Z,8876.46,77.67,6015.63,68.84,7504.66,102.13,1712.52,-6.0,1350.38,93.46
2026-08-09T23:10Z,8898.8,84.32,5950.71,73.73,7588.35,102.13,1686.71,80.44,1354.33,93.75
2026-08-09T23:15Z,8913.85,83.99,5861.98,72.73,7545.63,102.13,1630.15,53.0,1353.44,93.46
2026-08-09T23:20Z,8839.29,76.68,5773.97,67.75,7470.36,102.13,1568.07,-6.0,1345.92,93.47
2026-08-09T23:25Z,8830.26,73.2,5642.28,63.75,7505.13,102.13,1579.75,-6.0,1337.78,93.16
2026-08-09T23:30Z,8726.52,73.2,5581.91,64.11,7507.64,102.13,1594.54,-6.0,1333.94,93.16
2026-08-09T23:35Z,8559.68,73.2,5534.71,66.57,7399.84,95.81,1583.56,80.44,1328.61,88.24
2026-08-09T23:40Z,8610.59,74.25,5553.58,68.82,7471.9,94.93,1542.85,80.44,1344.0,88.24
2026-08-09T23:45Z,8519.91,66.53,5434.98,60.42,7498.98,94.64,1485.64,-6.0,1335.41,88.24
2026-08-09T23:50Z,8504.94,66.53,5380.42,60.78,7507.66,95.23,1516.59,-6.0,1328.78,88.24
2026-08-09T23:55Z,8447.99,71.7,5409.59,67.23,7470.73,95.52,1517.92,-6.0,1330.98,88.24
2026-08-10T00:00Z,8406.86,67.99,5419.08,63.75,7368.6,88.48,1500.38,-6.25,1322.01,85.23
2026-08-10T00:05Z,8388.96,66.53,5524.05,57.36,7396.45,68.76,1457.59,-6.0,1315.35,66.2
2026-08-10T00:10Z,8390.01,66.53,5526.47,58.25,7491.37,94.06,1469.98,-6.0,1308.49,88.24
2026-08-10T00:15Z,8341.25,74.88,5503.18,67.23,7494.03,88.48,1465.8,-6.25,1304.36,84.46
2026-08-10T00:20Z,8234.99,75.86,5647.52,69.1,7459.7,78.79,1503.69,-1.02,1280.88,74.83
2026-08-10T00:25Z,8248.88,73.2,5670.19,67.12,7496.45,94.36,1448.9,-14.94,1265.82,88.24
2026-08-10T00:30Z,8109.92,69.99,5840.62,66.41,7440.61,72.76,1499.77,-10.6,1253.2,68.25
2026-08-10T00:35Z,8034.37,66.53,5985.71,61.61,7430.93,88.48,1513.07,-1.0,1254.51,85.01
2026-08-10T00:40Z,8061.72,69.99,6009.81,66.58,7429.3,94.94,1579.47,3.39,1250.11,88.24
2026-08-10T00:45Z,8062.14,72.24,6061.11,68.75,7383.95,95.24,1622.84,-1.05,1228.15,88.24
2026-08-10T00:50Z,8042.63,72.13,6036.17,67.75,7351.75,92.48,1630.63,-1.02,1224.6,88.24
2026-08-10T00:55Z,8025.81,73.2,6129.52,69.31,7215.76,78.23,1586.17,-5.22,1209.87,74.77
2026-08-10T01:00Z,7882.76,70.13,6194.72,67.75,7206.88,93.07,1621.36,-1.04,1199.01,88.24
2026-08-10T01:05Z,7928.18,76.79,6210.53,72.78,7127.17,80.06,1596.04,-4.2,1186.43,76.27
2026-08-10T01:10Z,8117.7,89.91,6414.66,83.79,7381.0,95.24,1571.3,-4.32,1206.3,88.24
2026-08-10T01:15Z,8114.69,99.01,6394.32,91.67,7376.76,104.66,1522.29,-5.22,1186.26,96.35
2026-08-10T01:20Z,8099.97,85.11,6299.46,78.22,7359.83,90.89,1559.83,-6.0,1184.65,84.99
2026-08-10T01:25Z,8085.99,84.26,6378.87,79.5,7387.56,88.51,1545.18,-6.0,1185.03,82.76
2026-08-10T01:30Z,8115.2,76.92,6434.47,74.02,7331.45,77.98,1472.08,-5.17,1187.27,72.92
2026-08-10T01:35Z,8059.38,76.03,6362.68,74.02,7337.24,76.23,1425.28,-7.12,1187.3,71.29
2026-08-10T01:40Z,8027.55,71.39,6400.05,72.73,7202.79,68.64,1479.82,-6.61,1169.76,64.2
2026-08-10T01:45Z,7959.64,70.68,6413.36,72.73,7253.17,67.06,1460.82,-6.0,1156.66,63.2
2026-08-10T01:50Z,8058.51,69.99,6466.6,71.82,7216.74,48.42,1437.01,-6.0,1154.73,46.58
2026-08-10T01:55Z,8045.51,73.05,6492.08,74.02,7226.15,36.09,1363.45,-6.0,1139.54,35.18
2026-08-10T02:00Z,7982.67,69.99,6498.14,72.78,7240.54,45.24,1339.66,-6.0,1133.9,43.57
2026-08-10T02:05Z,8064.95,73.2,6456.32,74.02,7251.93,34.0,1326.83,-6.25,1139.21,65.78
2026-08-10T02:10Z,8001.2,64.94,6376.7,67.0,7193.69,60.16,1321.98,-6.5,1153.34,60.08
2026-08-10T02:15Z,8061.42,66.65,6232.88,67.75,7259.05,30.21,1303.34,-6.13,1127.76,29.44
2026-08-10T02:20Z,8042.81,68.02,6135.12,67.75,7225.13,20.68,1290.78,-6.25,1124.06,19.99
2026-08-10T02:25Z,8105.73,58.08,5965.53,57.35,7297.64,45.24,1284.44,-6.5,1123.61,39.95
2026-08-10T02:30Z,8006.17,52.25,5956.07,52.58,7308.56,45.24,1272.89,-6.5,1127.14,39.38
2026-08-10T02:35Z,8139.32,58.97,5800.93,57.35,7265.7,34.0,1264.25,-6.61,1121.37,31.66
2026-08-10T02:40Z,8072.43,48.11,5766.19,47.07,7393.87,45.24,1285.1,-6.5,1146.2,44.41
2026-08-10T02:45Z,8133.99,43.36,5681.26,43.75,7356.31,40.34,1242.71,-7.01,1141.5,41.07
2026-08-10T02:50Z,8147.89,52.25,5650.84,51.04,7401.13,47.46,1242.31,-7.01,1138.45,50.4
2026-08-10T02:55Z,8228.99,52.25,5517.02,51.27,7228.36,55.65,1264.93,-6.5,1128.31,61.52
2026-08-10T03:00Z,8286.11,52.25,5461.68,52.22,7175.73,48.76,1267.61,-7.14,1117.15,55.65
2026-08-10T03:05Z,8220.84,66.26,5470.77,61.73,7348.78,118.51,1235.28,-20.0,1109.23,106.25
2026-08-10T03:10Z,8161.69,63.72,5519.91,61.34,7408.11,131.47,1263.29,-58.59,1107.91,146.55
2026-08-10T03:15Z,8285.49,57.82,5362.21,57.35,7287.99,72.24,1265.65,-14.94,1093.45,80.0
2026-08-10T03:20Z,8382.78,57.84,5328.22,57.35,7297.62,30.21,1214.89,-14.94,1100.17,29.44
2026-08-10T03:25Z,8453.84,58.25,5270.69,57.35,7347.21,20.68,1193.34,-53.55,1120.36,28.87
2026-08-10T03:30Z,8481.23,57.47,5187.39,54.75,7232.14,88.62,1208.86,-101.02,1126.55,88.24
2026-08-10T03:35Z,8487.63,52.3,5194.25,50.8,7262.23,14.79,1215.71,-7.12,1116.55,15.14
2026-08-10T03:40Z,8571.57,59.66,5069.96,56.04,7332.25,23.71,1162.32,-7.12,1127.58,23.5
2026-08-10T03:45Z,8456.52,57.71,4961.61,55.53,7287.21,8.94,1173.53,-6.51,1126.9,15.1
2026-08-10T03:50Z,8396.4,42.8,4936.2,39.11,7299.41,14.37,1187.76,-7.14,1115.09,15.08
2026-08-10T03:55Z,8546.66,63.59,4852.2,55.53,7316.28,5.05,1215.88,-7.12,1101.45,5.33
2026-08-10T04:00Z,8369.55,42.54,4859.59,38.85,7232.38,30.21,1202.39,-7.14,1108.73,15.14
2026-08-10T04:05Z,8341.33,42.08,4907.15,37.24,7233.85,23.71,1210.62,-11.68,1112.89,23.96
2026-08-10T04:10Z,8404.64,42.54,4797.78,37.13,7108.92,10.66,1163.94,-7.01,1135.65,22.31
2026-08-10T04:15Z,8403.26,33.99,4776.4,29.09,7004.4,10.5,1160.65,-11.68,1151.46,18.91
2026-08-10T04:20Z,8423.94,42.54,4758.03,-5.0,7018.17,10.65,1147.74,-7.01,1161.18,22.21
2026-08-10T04:25Z,8335.15,27.42,4780.62,-2.5,7057.24,23.71,1131.37,-6.61,1162.63,24.13
2026-08-10T04:30Z,8306.41,23.99,4865.68,-2.5,6913.53,10.65,1111.92,-7.01,1161.75,15.31
2026-08-10T04:35Z,8419.03,31.11,4965.48,5.3,7044.83,20.68,1146.49,-6.61,1152.81,23.83
2026-08-10T04:40Z,8499.07,69.99,4955.86,-3.0,6999.65,10.5,1144.25,-7.01,1145.96,32.41
2026-08-10T04:45Z,8473.77,42.8,5017.03,-2.5,7010.84,10.5,1153.22,-7.12,1150.51,22.29
2026-08-10T04:50Z,8495.07,42.8,5086.36,-2.5,7067.81,10.65,1137.87,-6.51,1154.05,22.45
2026-08-10T04:55Z,8634.42,52.3,5128.55,-6.0,7032.43,8.94,1126.91,-7.01,1153.71,24.9
2026-08-10T05:00Z,8521.82,29.13,5262.89,-5.0,7041.03,10.5,1126.29,-7.12,1167.95,17.14
2026-08-10T05:05Z,8630.26,10.27,5340.46,-6.5,7034.61,8.94,1133.93,-7.12,1161.08,15.1
2026-08-10T05:10Z,8480.42,23.99,5401.32,-6.14,6926.3,8.81,1151.9,-7.12,1142.99,15.1
2026-08-10T05:15Z,8623.03,27.88,5484.28,-5.0,6880.59,-6.3,1173.09,-6.25,1143.19,15.1
2026-08-10T05:20Z,8751.75,42.8,5539.51,-5.0,6910.22,5.05,1194.84,-7.01,1151.06,15.1
2026-08-10T05:25Z,8750.49,42.8,5578.51,-4.09,6879.97,5.08,1214.62,-7.01,1155.22,15.12
2026-08-10T05:30Z,8898.28,80.0,5704.66,-5.0,6939.68,-0.05,1183.67,-7.01,1163.49,29.87
2026-08-10T05:35Z,8956.08,52.3,5752.14,-5.0,6969.86,5.08,1187.51,-7.01,1168.02,22.43
2026-08-10T05:40Z,8979.98,42.8,5849.79,35.76,6993.41,10.5,1229.25,-7.01,1177.26,22.16
2026-08-10T05:45Z,9046.19,42.82,5834.14,0.0,7106.74,10.65,1263.63,-7.01,1181.67,22.41
2026-08-10T05:50Z,9116.22,42.82,5932.95,35.6,7140.14,10.5,1299.06,-6.25,1179.95,22.33
2026-08-10T05:55Z,9251.96,69.49,6043.56,59.33,7137.75,10.5,1331.88,-6.51,1181.23,32.37
2026-08-10T06:00Z,9314.17,65.84,6086.42,57.07,7222.17,11.34,1345.94,-6.61,1181.21,33.39
2026-08-10T06:05Z,9278.82,44.37,6226.29,39.75,7317.93,65.73,1371.62,-10.8,1187.1,66.12
2026-08-10T06:10Z,9443.05,42.82,6306.44,38.57,7258.51,10.65,1383.67,-14.99,1180.45,29.1
2026-08-10T06:15Z,9490.78,47.89,6321.86,43.43,7272.75,10.5,1415.82,-6.61,1187.08,27.35
2026-08-10T06:20Z,9573.54,80.0,6456.18,72.66,7364.88,10.5,1441.38,-15.46,1195.51,40.82
2026-08-10T06:25Z,9808.23,89.88,6598.57,81.24,7318.12,10.5,1491.36,29.81,1210.65,41.59
2026-08-10T06:30Z,9904.07,92.42,6667.82,83.61,7381.34,10.5,1490.38,30.38,1229.48,42.68
2026-08-10T06:35Z,9960.95,85.03,6776.08,78.51,7416.36,88.17,1528.44,44.28,1231.15,87.39
2026-08-10T06:40Z,10140.59,97.55,6950.12,90.82,7432.3,132.36,1565.57,-6.0,1236.66,120.95
2026-08-10T06:45Z,10266.69,87.27,7033.88,84.5,7376.78,53.65,1612.74,-1.1,1257.84,52.68
2026-08-10T06:50Z,10401.39,84.79,7151.92,80.83,7493.79,82.84,1640.59,44.47,1266.37,63.45
2026-08-10T06:55Z,10556.45,97.55,7234.28,91.73,7532.35,66.33,1660.24,35.79,1280.49,65.08
2026-08-10T07:00Z,10620.7,97.55,7259.13,93.53,7575.45,62.66,1686.18,34.78,1284.45,62.2
2026-08-10T07:05Z,10697.95,89.0,7358.44,89.35,7624.9,94.55,1740.27,52.96,1287.15,35.45
2026-08-10T07:10Z,10751.82,90.24,7326.37,91.73,7502.55,75.88,1769.82,77.28,1256.42,63.16
2026-08-10T07:15Z,10877.88,94.6,7421.12,93.83,7535.7,75.88,1800.7,77.98,1244.65,71.17
2026-08-10T07:20Z,10901.32,89.0,7494.63,91.84,7697.68,83.82,1816.64,86.81,1262.66,78.59
2026-08-10T07:25Z,10976.25,89.0,7644.98,93.83,7710.81,86.62,1844.54,90.12,1276.96,80.97
2026-08-10T07:30Z,11101.5,100.06,7660.88,102.8,7759.69,94.99,1880.9,100.05,1278.41,88.24
2026-08-10T07:35Z,11168.83,97.63,7757.31,101.07,7812.43,85.31,1890.5,88.86,1283.29,79.25
2026-08-10T07:40Z,11287.91,93.14,7771.84,93.21,7862.04,88.04,1919.34,90.76,1281.58,81.77
2026-08-10T07:45Z,11399.61,97.63,7866.59,94.51,7895.16,91.69,1960.54,95.83,1292.99,85.16
2026-08-10T07:50Z,11465.35,101.1,7901.64,102.55,7906.97,94.17,1961.18,98.4,1307.92,87.74
2026-08-10T07:55Z,11544.05,92.22,7933.25,94.51,7955.92,88.04,1978.47,91.44,1321.86,82.02
2026-08-10T08:00Z,11651.75,107.66,7989.26,105.49,7954.22,88.48,1980.37,91.64,1327.55,82.69
2026-08-10T08:05Z,11558.97,104.26,7997.21,104.83,7975.84,95.59,2010.36,101.02,1333.57,88.24
2026-08-10T08:10Z,11439.55,90.67,7988.63,91.74,7996.73,86.88,2031.42,94.79,1328.7,80.93
2026-08-10T08:15Z,11565.22,95.79,7946.61,93.21,7903.56,91.19,2061.19,100.27,1325.59,84.95
2026-08-10T08:20Z,11568.76,109.66,8007.78,109.55,8008.53,102.01,2072.39,107.78,1324.68,93.27
2026-08-10T08:25Z,11398.64,99.42,7987.25,102.55,7976.94,91.66,2060.69,96.73,1322.4,85.39
2026-08-10T08:30Z,11469.48,94.36,7973.53,94.85,7966.08,88.48,2066.51,91.64,1321.63,82.42
2026-08-10T08:35Z,11452.54,101.1,8071.7,101.74,8008.2,95.69,2103.14,101.26,1319.25,88.24
2026-08-10T08:40Z,11406.58,96.45,7948.86,100.73,7882.5,89.0,2073.01,93.44,1321.36,82.92
2026-08-10T08:45Z,11448.25,89.15,7938.71,91.74,7846.06,82.97,2082.45,88.86,1318.05,77.31
2026-08-10T08:50Z,11526.61,94.8,7926.36,95.83,7856.57,87.56,2095.23,91.44,1311.97,81.59
2026-08-10T08:55Z,11431.94,108.33,7947.45,109.55,7865.42,101.73,2091.89,105.45,1319.53,93.03
2026-08-10T09:00Z,11311.91,91.67,7868.48,95.03,7779.26,88.0,2058.5,91.44,1319.41,82.26
2026-08-10T09:05Z,11366.8,97.55,7842.65,94.81,7789.52,89.0,2086.12,92.62,1314.45,83.2
2026-08-10T09:10Z,11288.43,109.96,7791.84,107.47,7750.84,98.31,2081.04,101.84,1309.64,89.92
2026-08-10T09:15Z,11160.99,99.83,7744.39,102.0,7631.68,87.72,2044.0,90.42,1309.12,81.51
2026-08-10T09:20Z,11126.05,89.99,7767.19,91.74,7642.29,80.4,2051.46,84.51,1307.3,74.94
2026-08-10T09:25Z,11191.25,94.01,7782.82,93.21,7676.05,84.02,2072.33,88.77,1306.99,78.07
2026-08-10T09:30Z,11119.98,100.69,7686.79,102.8,7620.26,86.8,2051.73,91.44,1307.22,80.66
2026-08-10T09:35Z,10948.16,97.55,7717.58,99.67,7592.65,80.5,2028.44,86.28,1303.24,75.03
2026-08-10T09:40Z,11099.83,93.68,7682.33,93.21,7597.33,82.98,2045.51,88.86,1305.94,77.11
2026-08-10T09:45Z,10983.42,97.55,7687.45,97.71,7583.3,86.81,2025.3,91.44,1298.15,80.67
2026-08-10T09:50Z,10984.24,97.93,7637.67,102.55,7609.39,85.95,2026.36,88.86,1295.0,79.87
2026-08-10T09:55Z,11004.48,98.86,7597.57,102.8,7476.66,86.74,2019.75,90.15,1294.81,80.62
2026-08-10T10:00Z,10994.02,97.55,7577.54,96.94,7456.28,85.53,2011.01,89.54,1291.97,79.5
2026-08-10T10:05Z,10831.73,101.1,7581.43,96.78,7464.97,88.75,2005.26,91.44,1289.61,82.49
2026-08-10T10:10Z,10759.96,101.1,7495.68,102.55,7426.53,88.83,1972.96,91.44,1291.84,82.57
2026-08-10T10:15Z,10784.67,101.1,7508.05,102.55,7363.35,85.0,1999.33,90.04,1282.94,78.77
2026-08-10T10:20Z,10774.6,97.55,7526.77,96.72,7357.38,80.5,1972.95,84.78,1275.63,74.6
2026-08-10T10:25Z,10758.33,101.1,7489.3,99.71,7316.86,83.19,2000.37,88.86,1274.21,76.86
2026-08-10T10:30Z,10762.79,101.1,7444.28,102.55,7261.55,85.65,1986.19,91.44,1269.14,79.13
2026-08-10T10:35Z,10653.68,101.1,7455.35,101.62,7140.14,80.5,1967.05,87.64,1262.24,74.16
2026-08-10T10:40Z,10631.61,109.96,7543.58,109.54,7171.41,80.5,1936.59,87.15,1259.49,74.15
2026-08-10T10:45Z,10495.9,108.92,7479.4,109.54,7072.83,75.18,1945.59,84.51,1257.33,69.26
2026-08-10T10:50Z,10364.18,102.88,7489.05,105.49,7119.13,75.88,1922.01,84.25,1261.32,69.9
2026-08-10T10:55Z,10368.03,102.91,7479.96,104.83,7079.06,76.32,1942.98,84.51,1269.04,70.76
2026-08-10T11:00Z,10284.52,101.66,7420.65,104.83,7032.98,80.5,1922.47,89.14,1264.25,75.8
2026-08-10T11:05Z,10282.25,97.63,7382.69,100.63,6989.84,85.91,1881.0,92.33,1260.98,82.57
2026-08-10T11:10Z,10295.67,100.7,7408.7,103.62,7028.57,88.48,1851.5,94.52,1256.71,85.02
2026-08-10T11:15Z,10146.27,96.51,7327.0,96.27,7010.94,86.07,1818.31,91.44,1253.23,82.97
2026-08-10T11:20Z,10081.66,93.51,7276.46,93.83,6840.68,80.5,1824.52,86.02,1245.6,77.67
2026-08-10T11:25Z,10030.3,94.13,7336.39,94.51,6787.25,83.94,1836.4,91.44,1241.47,80.96
2026-08-10T11:30Z,10017.34,94.09,7299.02,93.83,6820.14,83.83,1813.61,89.89,1240.85,80.61
2026-08-10T11:35Z,9969.07,97.55,7167.23,96.49,6759.38,88.89,1796.16,94.55,1244.4,85.45
2026-08-10T11:40Z,9796.82,94.81,7254.52,94.51,6651.94,87.73,1783.74,94.84,1227.16,84.09
2026-08-10T11:45Z,9802.81,95.43,7187.82,93.83,6646.39,88.91,1767.46,94.87,1212.88,84.97
2026-08-10T11:50Z,9654.67,92.12,7173.4,91.74,6585.07,86.46,1753.02,91.44,1201.04,82.66
2026-08-10T11:55Z,9616.32,89.89,7124.22,90.04,6579.81,85.73,1742.98,91.44,1195.06,81.4
2026-08-10T12:00Z,9533.65,88.88,6989.9,87.73,6535.76,86.65,1702.05,94.39,1189.46,81.4
2026-08-10T12:05Z,9434.59,82.65,6846.22,80.41,6355.07,80.5,1675.14,88.5,1184.93,75.41
2026-08-10T12:10Z,9413.39,83.99,6901.65,82.3,6408.84,81.18,1678.27,91.34,1171.52,75.8
2026-08-10T12:15Z,9511.67,88.88,6849.45,85.38,6381.12,85.2,1680.76,96.79,1168.99,79.56
2026-08-10T12:20Z,9470.85,84.76,6852.11,81.43,6312.21,80.5,1650.89,91.44,1166.8,75.18
2026-08-10T12:25Z,9307.89,70.86,6724.51,68.84,6300.13,67.42,1660.81,91.44,1163.91,63.16
2026-08-10T12:30Z,9263.56,71.87,6619.6,68.84,6242.04,68.33,1640.1,77.32,1160.29,63.81
2026-08-10T12:35Z,9197.36,75.72,6582.42,72.5,6197.59,71.35,1618.43,80.69,1160.29,68.15
2026-08-10T12:40Z,9112.73,76.45,6583.74,72.73,6164.96,71.39,1587.09,80.44,1146.17,68.59
2026-08-10T12:45Z,9131.12,76.76,6515.62,72.5,6040.86,71.01,1578.78,80.44,1136.01,68.04
2026-08-10T12:50Z,8996.69,71.94,6515.57,68.82,6016.13,66.53,1566.7,80.44,1118.47,63.35
2026-08-10T12:55Z,8870.75,72.96,6427.33,68.84,6037.55,69.11,1553.85,78.26,1120.07,65.8
2026-08-10T13:00Z,8940.51,74.16,6333.03,68.84,6035.7,69.59,1532.34,80.44,1105.53,65.41
2026-08-10T13:05Z,8811.94,73.95,6307.26,69.23,6007.27,69.37,1518.64,80.44,1083.67,65.4
2026-08-10T13:10Z,8797.43,80.0,6249.24,73.42,6102.58,76.22,1499.19,91.44,1092.33,72.5
2026-08-10T13:15Z,8760.58,83.34,6260.45,76.01,6129.49,80.61,1483.11,90.82,1089.81,76.64
2026-08-10T13:20Z,8681.3,75.49,6240.51,68.84,6088.97,73.0,1463.89,91.44,1089.39,69.42
2026-08-10T13:25Z,8579.98,66.52,6166.72,61.73,5962.86,63.77,1456.58,71.84,1091.29,60.94
2026-08-10T13:30Z,8526.38,69.99,6202.18,65.44,5941.45,67.19,1472.73,80.44,1075.66,63.36
2026-08-10T13:35Z,8556.84,75.34,6190.54,69.1,6016.51,73.51,1475.9,82.25,1065.48,70.63
2026-08-10T13:40Z,8524.78,75.05,6172.15,68.82,5954.23,72.71,1494.62,81.21,1072.85,70.09
2026-08-10T13:45Z,8380.9,69.99,6222.11,65.05,5847.62,67.74,1470.38,75.36,1067.53,65.55
2026-08-10T13:50Z,8393.19,74.54,6201.17,68.82,5869.02,72.77,1478.59,80.44,1073.59,70.39
2026-08-10T13:55Z,8318.91,64.95,6071.71,58.37,5861.92,64.32,1435.41,70.55,1068.75,63.16
2026-08-10T14:00Z,8240.87,61.02,6057.99,55.18,5818.69,58.51,1429.41,63.7,1069.54,58.1
2026-08-10T14:05Z,8228.93,69.99,6069.33,62.89,5800.6,70.46,1438.01,76.76,1075.82,69.27
2026-08-10T14:10Z,8395.91,69.99,6039.93,63.67,5755.59,67.05,1438.79,73.06,1077.6,66.32
2026-08-10T14:15Z,8295.66,74.35,5974.58,66.61,5752.67,73.57,1452.88,80.44,1073.85,71.72
2026-08-10T14:20Z,8323.69,69.99,5999.04,62.71,5772.99,68.78,1465.77,75.62,1067.88,66.75
2026-08-10T14:25Z,8297.32,68.71,5956.15,61.66,5722.03,66.49,1481.03,73.8,1047.61,64.16
2026-08-10T14:30Z,8222.51,69.47,5930.55,61.92,5732.44,67.23,1477.08,74.48,1041.11,64.68
2026-08-10T14:35Z,8231.93,73.94,5855.31,64.61,5698.3,72.61,1454.81,80.44,1053.46,70.0
2026-08-10T14:40Z,8171.1,70.16,5892.03,61.73,5672.02,69.57,1479.78,78.2,1056.53,67.11
2026-08-10T14:45Z,8129.46,69.99,5835.13,61.15,5632.49,69.37,1479.54,77.64,1056.62,67.13
2026-08-10T14:50Z,8057.26,69.99,5778.25,60.66,5609.37,71.15,1490.87,80.06,1046.22,68.63
2026-08-10T14:55Z,8042.96,69.99,5785.14,60.34,5600.39,71.82,1475.26,80.44,1042.57,69.26
2026-08-10T15:00Z,8028.81,66.44,5714.01,57.23,5482.21,65.84,1482.59,74.78,1036.17,63.38
2026-08-10T15:05Z,7965.72,66.99,5749.82,57.36,5468.02,66.94,1485.23,75.75,1030.9,64.18
2026-08-10T15:10Z,7968.82,69.99,5737.08,59.92,5540.6,69.88,1455.33,77.91,1031.93,66.78
2026-08-10T15:15Z,7888.52,69.99,5711.37,60.29,5517.14,68.14,1422.65,74.68,1026.79,64.9
2026-08-10T15:20Z,7822.12,66.53,5683.04,56.92,5405.14,62.73,1421.81,68.59,1031.61,59.2
2026-08-10T15:25Z,7777.4,69.99,5642.49,59.86,5465.91,67.65,1424.05,73.92,1022.51,63.83
2026-08-10T15:30Z,7730.79,68.88,5630.94,59.65,5383.59,65.49,1420.45,71.33,1020.98,62.63
2026-08-10T15:35Z,7674.89,66.53,5605.37,56.87,5337.79,64.25,1407.35,70.25,1009.9,61.27
2026-08-10T15:40Z,7652.54,68.02,5641.93,57.81,5221.25,66.77,1440.74,74.07,1018.02,63.86
2026-08-10T15:45Z,7641.05,75.43,5613.38,66.58,5228.46,73.42,1435.33,80.44,1015.67,69.3
2026-08-10T15:50Z,7573.01,65.06,5694.89,56.39,5205.55,62.32,1427.05,67.76,1002.95,58.65
2026-08-10T15:55Z,7595.51,63.59,5659.89,54.75,5253.2,61.93,1430.5,67.08,991.74,58.27
2026-08-10T16:00Z,7587.88,66.53,5611.23,57.98,5250.5,64.23,1414.03,68.97,990.45,60.25
2026-08-10T16:05Z,7557.01,66.86,5637.99,59.02,5222.59,64.0,1400.12,68.17,992.05,60.23
2026-08-10T16:10Z,7544.8,66.53,5605.41,57.24,5189.36,63.66,1390.77,67.53,1004.82,60.1
2026-08-10T16:15Z,7519.76,62.82,5617.89,54.06,5216.74,59.14,1380.72,62.18,1000.38,55.65
2026-08-10T16:20Z,7507.59,65.4,5616.09,57.36,5227.06,60.61,1381.23,62.98,1002.69,57.03
2026-08-10T16:25Z,7466.6,64.46,5581.08,57.23,5100.27,57.79,1363.85,60.31,1002.16,54.56
2026-08-10T16:30Z,7408.68,63.86,5585.79,56.34,5090.62,59.14,1376.58,61.76,992.02,55.66
2026-08-10T16:35Z,7386.56,55.09,5589.72,48.3,5094.37,51.42,1371.12,54.75,994.87,48.25
2026-08-10T16:40Z,7323.2,57.39,5568.15,49.99,5194.86,54.58,1408.23,58.46,993.91,50.89
2026-08-10T16:45Z,7314.17,53.98,5569.15,48.36,5194.93,49.11,1403.53,52.95,1014.65,46.08
2026-08-10T16:50Z,7277.58,59.33,5616.1,54.75,5181.7,53.39,1409.86,56.48,1020.42,50.09
2026-08-10T16:55Z,7311.63,60.61,5549.82,55.53,5196.16,54.5,1395.53,57.82,1021.78,51.45
2026-08-10T17:00Z,7291.04,60.53,5545.08,54.75,5193.49,55.27,1381.13,58.36,1022.33,52.18
2026-08-10T17:05Z,7256.71,53.83,5601.69,47.51,5174.33,49.54,1382.14,52.73,1024.89,46.77
2026-08-10T17:10Z,7303.2,66.27,5562.23,57.36,5175.59,61.52,1400.89,63.81,1034.75,58.91
2026-08-10T17:15Z,7273.37,60.84,5618.85,54.75,5101.94,54.26,1394.99,56.52,1042.88,52.18
2026-08-10T17:20Z,7363.02,63.71,5624.25,55.53,5125.38,57.72,1403.12,60.34,1027.06,55.3
2026-08-10T17:25Z,7355.19,64.78,5602.12,56.09,5122.22,59.14,1401.71,61.6,1030.74,56.87
2026-08-10T17:30Z,7300.21,64.07,5603.24,55.53,5045.07,59.14,1394.29,61.13,1021.9,56.82
2026-08-10T17:35Z,7280.18,66.53,5569.23,57.23,5111.27,62.63,1379.65,65.15,1031.99,60.15
2026-08-10T17:40Z,7226.15,66.53,5605.88,57.36,5122.87,62.63,1369.67,64.1,1030.7,60.14
2026-08-10T17:45Z,7223.33,69.5,5589.86,61.73,5128.14,64.0,1358.51,65.18,1031.11,61.26
2026-08-10T17:50Z,7223.34,66.53,5597.96,58.72,5122.76,60.6,1344.56,61.67,1014.28,57.22
2026-08-10T17:55Z,7223.78,64.92,5674.54,57.36,5038.9,58.19,1348.51,59.27,1002.48,54.61
2026-08-10T18:00Z,7217.0,66.53,5636.54,59.51,5048.3,60.1,1339.41,60.94,1006.14,56.4
2026-08-10T18:05Z,7196.8,71.68,5665.9,61.73,5115.4,67.9,1331.72,101.0,1002.7,63.72
2026-08-10T18:10Z,7216.65,70.31,5665.12,61.73,5141.5,66.05,1318.17,70.58,980.98,61.59
2026-08-10T18:15Z,7178.76,66.53,5684.97,59.54,5126.87,60.55,1321.42,64.73,980.99,56.64
2026-08-10T18:20Z,7215.07,69.41,5707.92,61.73,5139.01,63.64,1310.5,67.18,984.95,59.52
2026-08-10T18:25Z,7189.51,66.53,5750.43,58.83,5146.99,61.04,1319.12,63.99,996.08,57.45
2026-08-10T18:30Z,7188.8,66.53,5754.97,59.21,5168.58,61.51,1310.01,63.69,1003.2,58.07
2026-08-10T18:35Z,7233.55,66.53,5819.85,60.78,5070.31,60.47,1302.65,60.97,1001.9,57.09
2026-08-10T18:40Z,7177.97,66.53,5829.02,60.79,5130.42,61.46,1302.24,61.66,1013.98,58.83
2026-08-10T18:45Z,7220.03,80.0,5888.72,72.5,5201.06,74.51,1300.72,75.56,1037.08,71.67
2026-08-10T18:50Z,7238.23,69.99,5829.89,63.15,5126.19,63.69,1336.14,64.96,1034.21,61.13
2026-08-10T18:55Z,7325.12,66.53,5851.69,60.42,5239.26,59.62,1325.89,58.88,1027.98,56.27
2026-08-10T19:00Z,7341.85,84.98,5936.4,77.76,5283.41,77.98,1318.81,77.24,1024.04,73.6
2026-08-10T19:05Z,7423.7,80.92,5934.52,72.5,5309.34,76.6,1324.69,78.22,1036.98,73.39
2026-08-10T19:10Z,7499.42,88.5,6035.56,78.54,5423.57,85.88,1342.7,86.29,1063.04,82.72
2026-08-10T19:15Z,7558.52,80.0,6124.23,72.44,5433.16,75.09,1325.59,74.74,1060.81,72.41
2026-08-10T19:20Z,7587.4,76.2,6168.74,69.03,5427.94,71.0,1336.34,70.48,1068.85,68.72
2026-08-10T19:25Z,7652.0,85.05,6246.35,77.13,5455.68,80.5,1328.64,79.55,1062.49,77.81
2026-08-10T19:30Z,7733.31,84.79,6217.85,76.38,5554.67,78.36,1318.34,77.01,1069.04,75.75
2026-08-10T19:35Z,7727.6,80.0,6306.27,73.07,5583.84,73.47,1341.88,72.31,1078.83,70.63
2026-08-10T19:40Z,7883.14,83.99,6390.92,77.77,5610.05,76.54,1353.59,75.36,1084.27,73.51
2026-08-10T19:45Z,7933.55,71.5,6450.53,68.84,5683.85,65.77,1378.24,65.3,1096.32,63.3
2026-08-10T19:50Z,7990.25,78.25,6455.98,72.5,5730.91,73.18,1402.87,72.7,1100.07,70.56
2026-08-10T19:55Z,8054.86,86.07,6508.84,80.83,5780.77,80.5,1409.52,79.96,1109.24,77.54
2026-08-10T20:00Z,8171.94,89.43,6584.61,84.5,5806.42,83.57,1397.97,82.92,1118.22,80.71
2026-08-10T20:05Z,8219.65,84.79,6700.18,81.35,5898.68,78.04,1409.86,77.09,1141.27,72.48
2026-08-10T20:10Z,8459.04,87.48,6817.48,82.98,6014.03,80.5,1414.32,79.11,1171.96,74.76
2026-08-10T20:15Z,8545.47,88.87,6886.87,86.55,6117.55,83.18,1448.07,82.05,1190.12,77.47
2026-08-10T20:20Z,8700.91,90.49,6909.01,87.58,6265.76,86.14,1448.35,84.51,1210.8,79.72
2026-08-10T20:25Z,8845.12,85.59,6996.21,80.83,6319.33,81.49,1465.57,79.38,1224.7,75.18
2026-08-10T20:30Z,8993.8,92.8,7082.74,87.73,6430.4,87.72,1487.5,85.75,1251.9,81.16
2026-08-10T20:35Z,9110.9,81.58,7139.17,78.73,6511.03,75.88,1488.11,74.09,1261.97,70.42
2026-08-10T20:40Z,9233.56,86.45,7202.58,83.43,6650.02,80.5,1505.33,78.24,1264.66,74.92
2026-08-10T20:45Z,9341.79,88.87,7260.66,85.83,6750.82,82.87,1530.55,80.58,1275.02,77.12
2026-08-10T20:50Z,9446.71,88.87,7297.42,84.5,6753.3,82.19,1535.6,79.32,1290.68,76.73
2026-08-10T20:55Z,9557.93,88.87,7265.47,84.19,6842.8,82.38,1587.13,79.67,1291.83,76.66
2026-08-10T21:00Z,9601.81,90.49,7285.0,84.5,6971.25,84.65,1603.65,81.51,1300.92,79.0
2026-08-10T21:05Z,9656.17,91.8,7245.79,83.69,7126.85,86.67,1621.27,84.01,1304.96,80.86
2026-08-10T21:10Z,9576.15,88.87,7270.67,80.03,7184.4,83.3,1614.2,80.04,1318.06,78.43
2026-08-10T21:15Z,9661.26,90.13,7187.1,79.55,7255.43,86.85,1650.2,84.51,1340.15,83.19
2026-08-10T21:20Z,9656.69,88.87,7185.98,77.94,7403.91,86.99,1665.39,84.0,1353.09,83.57
2026-08-10T21:25Z,9712.75,88.87,7052.27,68.84,7452.3,89.21,1679.33,86.39,1362.16,86.2
2026-08-10T21:30Z,9617.21,84.79,6972.02,68.84,7512.96,86.07,1709.65,82.37,1369.26,84.18
2026-08-10T21:35Z,9574.46,89.08,6935.3,78.54,7560.75,90.53,1715.99,87.66,1374.96,88.16
2026-08-10T21:40Z,9538.52,84.16,6781.21,72.5,7542.1,84.25,1730.76,79.84,1367.51,81.17
2026-08-10T21:45Z,9482.72,84.85,6720.81,71.67,7600.42,88.04,1783.07,85.65,1360.5,84.78
2026-08-10T21:50Z,9382.13,73.65,6605.35,54.75,7619.26,88.04,1787.93,86.0,1362.14,84.53
2026-08-10T21:55Z,9304.7,69.99,6421.04,5.3,7600.15,76.48,1813.16,72.85,1370.87,75.18
2026-08-10T22:00Z,9187.95,64.8,6313.09,2.79,7625.48,89.0,1842.38,85.94,1375.58,85.98
2026-08-10T22:05Z,9075.64,84.79,6259.54,2.8,7660.08,91.61,1821.24,86.61,1368.77,88.2
2026-08-10T22:10Z,9046.03,84.79,6110.77,2.79,7597.0,85.6,1838.0,81.08,1344.6,81.42
2026-08-10T22:15Z,8914.93,83.99,6033.82,6.85,7696.41,85.58,1827.78,80.94,1335.87,81.4
2026-08-10T22:20Z,8791.32,78.32,5940.36,22.85,7646.77,80.5,1830.34,76.8,1338.74,76.62
2026-08-10T22:25Z,8708.48,84.79,5785.95,22.85,7607.03,85.7,1814.48,82.37,1316.11,80.14
2026-08-10T22:30Z,8552.83,83.34,5637.35,8.0,7566.1,85.57,1790.87,83.15,1302.85,79.53
2026-08-10T22:35Z,8416.49,71.75,5552.9,29.85,7377.37,75.4,1786.32,71.65,1290.66,70.31
2026-08-10T22:40Z,8314.59,69.99,5431.76,8.0,7337.54,74.76,1783.89,71.05,1269.4,69.29
2026-08-10T22:45Z,8159.83,70.0,5335.49,0.14,7307.07,75.4,1773.78,72.78,1261.04,69.88
2026-08-10T22:50Z,8065.75,74.78,5237.62,0.14,7254.89,80.5,1751.18,77.07,1249.7,74.38
2026-08-10T22:55Z,7968.65,69.99,5106.98,0.14,7185.99,74.72,1742.14,71.59,1241.57,68.83
2026-08-10T23:00Z,7814.8,54.75,5061.66,0.13,7141.85,59.37,1702.09,56.79,1225.62,55.2
2026-08-10T23:05Z,7593.71,28.01,4924.04,0.13,7085.75,69.95,1687.08,66.66,1222.97,68.11
2026-08-10T23:10Z,7653.33,43.05,4990.84,0.14,6803.93,51.48,1671.74,48.96,1195.73,55.21
2026-08-10T23:15Z,7579.93,43.05,4911.49,0.14,6783.79,51.48,1644.81,47.97,1172.28,51.0
2026-08-10T23:20Z,7451.95,43.05,4771.58,0.13,6830.24,75.4,1640.34,69.96,1162.54,55.08
2026-08-10T23:25Z,7494.14,43.05,4688.44,0.01,6746.08,45.69,1614.54,42.02,1153.87,45.13
2026-08-10T23:30Z,7284.61,28.01,4625.67,0.01,6719.39,44.0,1612.3,40.64,1135.79,43.21
2026-08-10T23:35Z,7167.84,43.05,4610.62,0.13,6645.46,45.24,1596.91,41.6,1119.7,44.56
2026-08-10T23:40Z,7126.0,43.05,4491.77,0.0,6618.2,45.3,1600.32,41.69,1135.13,45.54
2026-08-10T23:45Z,7060.11,43.05,4457.47,0.0,6602.52,45.24,1570.14,40.95,1125.83,45.62
2026-08-10T23:50Z,7050.88,42.8,4418.88,-2.5,6422.7,42.72,1532.95,38.05,1131.06,43.23
2026-08-10T23:55Z,6673.4,25.12,4380.17,-1.31,6351.54,25.74,1525.81,23.04,1133.25,26.72
2026-08-11T00:00Z,6538.18,8.45,4329.74,-2.5,6298.31,8.94,1483.68,7.86,1119.65,9.34
2026-08-11T00:05Z,6538.14,11.4,4278.11,-3.73,6384.5,12.36,1462.96,10.9,1097.56,12.83
2026-08-11T00:10Z,6612.46,17.72,4256.19,-2.5,6459.63,19.18,1453.11,16.93,1085.65,19.78
2026-08-11T00:15Z,6523.89,13.2,4197.23,-3.73,6475.08,19.18,1433.3,-1.02,1092.84,19.84
2026-08-11T00:20Z,6501.81,8.39,4129.81,-3.73,6420.42,8.94,1460.65,7.84,1090.88,9.25
2026-08-11T00:25Z,6499.91,22.64,4031.0,-5.0,6379.45,23.71,1444.17,20.05,1085.33,24.46
2026-08-11T00:30Z,6577.82,43.05,3947.58,-3.73,6331.31,42.85,1405.53,-1.02,1078.73,42.24
2026-08-11T00:35Z,6451.01,52.25,3874.84,-6.5,6244.98,45.24,1421.45,-1.1,1070.15,46.53
2026-08-11T00:40Z,6366.01,43.05,3872.08,-6.78,6240.2,42.65,1466.78,-1.02,1067.88,43.87
2026-08-11T00:45Z,6289.78,42.8,3884.59,-5.0,6226.6,41.39,1449.03,-1.02,1048.73,42.3
2026-08-11T00:50Z,6257.16,43.05,3810.61,-5.0,6232.14,41.98,1465.27,-1.02,1041.44,42.76
2026-08-11T00:55Z,5913.23,43.05,3823.3,-5.0,6194.55,42.65,1419.01,-5.11,1015.8,43.17
2026-08-11T01:00Z,5784.4,11.4,3740.18,-8.0,6213.02,12.38,1456.75,-5.17,1020.6,12.61
2026-08-11T01:05Z,5854.36,23.12,3764.79,-8.0,6088.83,23.71,1489.32,-6.0,1021.94,24.31
2026-08-11T01:10Z,6003.15,42.54,3784.62,-5.0,6367.68,44.0,1513.83,7.28,1025.15,44.95
2026-08-11T01:15Z,6114.77,42.54,3802.41,-8.0,6399.85,43.13,1413.15,14.19,1012.28,43.92
2026-08-11T01:20Z,6112.85,29.04,3751.42,-6.5,6426.5,29.56,1329.75,-7.12,999.89,30.1
2026-08-11T01:25Z,6123.01,27.28,3870.78,-8.48,6294.71,27.42,1425.68,-1.02,997.67,27.92
2026-08-11T01:30Z,6117.04,27.52,3797.58,-8.07,6247.99,27.42,1414.33,-1.02,1004.86,28.28
2026-08-11T01:35Z,6076.28,45.88,3676.51,-8.0,6185.73,45.19,1348.58,-6.0,985.99,47.06
2026-08-11T01:40Z,6008.9,24.26,3827.99,-8.0,5882.85,23.71,1369.57,-1.02,987.62,24.7
2026-08-11T01:45Z,6009.66,25.89,3776.01,-8.07,5844.19,24.98,1312.69,-6.06,984.41,25.95
2026-08-11T01:50Z,6004.15,20.56,3662.46,-8.48,5767.44,20.68,1324.31,-6.5,993.43,21.48
2026-08-11T01:55Z,5987.93,4.89,3720.28,-8.06,5713.26,5.05,1368.53,-1.02,990.29,21.05
2026-08-11T02:00Z,5969.72,10.41,3672.46,-8.5,5774.34,10.66,1365.22,-1.02,986.72,21.05
2026-08-11T02:05Z,6012.58,19.34,3623.14,-8.5,5737.52,19.18,1379.4,-1.02,990.4,20.05
2026-08-11T02:10Z,5957.13,10.85,3672.11,-8.07,5773.42,10.65,1312.12,-4.3,1007.38,22.03
2026-08-11T02:15Z,5955.15,8.91,3634.91,-8.48,5721.44,8.81,1310.56,-6.0,1016.86,10.08
2026-08-11T02:20Z,5913.47,42.55,3582.71,-8.48,5737.36,17.37,1294.08,-6.0,1020.49,19.12
2026-08-11T02:25Z,5763.89,42.54,3567.62,-8.07,5712.06,5.42,1276.97,-6.0,1016.27,6.44
2026-08-11T02:30Z,5725.65,23.51,3548.4,-8.48,5613.77,5.13,1245.99,-6.25,996.26,5.38
2026-08-11T02:35Z,5700.17,23.51,3586.9,-8.06,5690.13,4.74,1226.49,-1.1,980.67,4.97
2026-08-11T02:40Z,5781.69,23.99,3522.38,-8.07,5821.16,8.95,1218.89,0.43,966.15,9.32
2026-08-11T02:45Z,5753.11,23.51,3521.97,-8.48,5949.98,10.5,1218.78,9.09,972.53,10.94
2026-08-11T02:50Z,5713.45,23.51,3595.12,-8.07,5947.71,11.64,1188.44,-1.1,958.58,12.09
2026-08-11T02:55Z,5753.46,23.51,3581.21,-8.06,5969.04,10.5,1175.96,-6.0,957.82,10.94
2026-08-11T03:00Z,5746.14,23.51,3547.86,-8.5,5989.7,10.5,1127.12,-1.1,966.04,10.97
2026-08-11T03:05Z,5726.52,25.89,3557.48,-8.5,6005.95,24.46,1086.63,-1.1,967.95,25.32
2026-08-11T03:10Z,5726.47,23.51,3657.79,-8.5,6061.72,21.5,1081.97,-1.1,988.44,22.32
2026-08-11T03:15Z,5712.78,23.51,3657.03,-8.06,6000.16,10.5,1078.16,-6.0,975.58,10.97
2026-08-11T03:20Z,5601.85,20.28,3678.19,-8.5,6034.74,19.18,1114.96,-1.02,973.76,19.98
2026-08-11T03:25Z,5663.52,23.51,3699.08,-8.5,6052.39,8.81,1091.06,-6.0,973.69,9.2
2026-08-11T03:30Z,5637.69,23.51,3643.25,-8.07,6076.13,5.05,1127.82,-1.02,982.48,5.28
2026-08-11T03:35Z,5678.35,23.51,3716.3,-7.75,6103.5,19.18,1104.16,-6.0,991.1,19.98
2026-08-11T03:40Z,5655.77,23.51,3772.34,-8.51,6080.6,22.24,1139.68,-6.0,993.79,23.02
2026-08-11T03:45Z,5689.59,23.51,3748.9,-8.51,6110.32,21.89,1145.86,-5.63,1003.14,22.73
2026-08-11T03:50Z,5753.8,5.82,3806.34,-8.07,6132.71,5.42,1152.92,-6.0,1001.28,5.68
2026-08-11T03:55Z,5844.37,23.51,3825.89,-8.07,6169.38,10.5,1150.48,-4.32,1004.59,11.0
2026-08-11T04:00Z,5782.69,21.99,3898.16,-7.01,6172.34,20.68,1160.18,-6.0,999.04,21.6
2026-08-11T04:05Z,5799.91,19.47,3980.6,-7.01,6214.18,18.3,1159.06,-6.0,998.07,19.12
2026-08-11T04:10Z,5803.92,5.35,3985.67,-8.07,6044.32,5.05,1111.25,-6.0,994.81,5.29
2026-08-11T04:15Z,5945.51,23.51,4064.04,-8.51,6094.48,5.05,1120.19,-1.02,1012.07,5.99
2026-08-11T04:20Z,5863.84,11.4,4106.13,-8.07,6166.12,10.52,1132.4,-1.02,1012.57,11.38
2026-08-11T04:25Z,5996.05,20.98,4106.21,-8.61,6202.03,19.18,1110.33,-6.0,1021.32,20.5
2026-08-11T04:30Z,5959.29,21.09,4216.03,-6.78,6256.72,19.18,1152.52,-6.0,1019.04,20.89
2026-08-11T04:35Z,6111.6,23.51,4209.17,-6.78,6274.38,21.27,1205.88,-6.0,1020.33,22.28
2026-08-11T04:40Z,6139.52,23.51,4313.04,-7.01,6300.44,21.64,1243.55,1.66,1022.06,22.61
2026-08-11T04:45Z,6185.82,25.8,4373.18,-11.3,6306.66,24.49,1212.29,-5.3,1023.54,25.58
2026-08-11T04:50Z,6290.79,27.88,4454.9,-8.07,6258.23,26.68,1235.22,-6.0,1020.82,27.87
2026-08-11T04:55Z,6428.79,28.95,4541.71,-11.3,6318.82,26.8,1225.44,-1.02,1027.87,28.08
2026-08-11T05:00Z,6415.24,4.91,4639.75,-7.75,6343.52,4.6,1140.56,-6.0,1028.77,21.99
2026-08-11T05:05Z,6539.23,9.4,4657.54,-7.34,6366.91,8.94,1125.33,-6.0,1033.1,20.11
2026-08-11T05:10Z,6587.53,11.32,4752.43,-7.01,6342.75,10.5,1127.54,-6.25,1036.96,20.11
2026-08-11T05:15Z,6648.33,22.84,4852.12,-11.3,6369.8,20.62,1062.2,-6.0,1034.92,21.53
2026-08-11T05:20Z,6737.93,21.41,4992.25,-8.0,6388.96,19.18,1072.94,-6.0,1015.93,20.03
2026-08-11T05:25Z,6843.44,21.07,5078.93,-7.01,6509.49,19.18,1069.63,-6.0,1009.73,19.96
2026-08-11T05:30Z,6983.3,23.56,5137.94,-6.78,6504.56,21.3,1111.9,-6.0,1002.55,22.1
2026-08-11T05:35Z,7110.37,23.22,5220.21,-7.01,6504.46,21.23,1198.87,-6.0,996.48,22.02
2026-08-11T05:40Z,7226.82,41.76,5378.22,-4.09,6550.01,38.86,1246.56,1.66,998.62,40.07
2026-08-11T05:45Z,7370.5,80.0,5435.22,0.0,6624.34,75.57,1221.23,-5.3,1003.22,78.15
2026-08-11T05:50Z,7414.39,88.88,5454.6,0.0,6738.4,86.77,1268.38,-6.0,1014.69,88.3
2026-08-11T05:55Z,7487.31,76.28,5607.09,22.85,6833.02,75.27,1292.17,-1.02,1006.69,55.1
2026-08-11T06:00Z,7668.53,84.79,5744.97,40.3,6841.86,82.31,1306.8,-1.02,1029.09,76.24
2026-08-11T06:05Z,7765.35,80.0,5832.55,37.49,6884.07,75.89,1307.95,-1.04,1037.06,44.44
2026-08-11T06:10Z,7920.38,80.0,5977.33,68.82,6901.02,76.48,1294.7,-6.0,1052.54,57.08
2026-08-11T06:15Z,7988.61,80.0,6113.02,69.34,6917.83,76.93,1307.79,-6.0,1079.71,75.51
2026-08-11T06:20Z,8045.05,76.92,6217.68,68.84,6928.59,76.48,1281.34,-6.0,1103.97,55.18
2026-08-11T06:25Z,8239.48,79.65,6322.53,72.26,7062.12,76.48,1287.29,-6.0,1108.66,74.18
2026-08-11T06:30Z,8430.07,81.64,6387.21,75.08,7100.12,76.48,1277.53,-6.0,1122.58,74.17
2026-08-11T06:35Z,8478.55,68.13,6542.61,63.99,7096.53,63.37,1302.82,-6.0,1139.06,61.28
2026-08-11T06:40Z,8644.0,70.43,6591.16,64.93,7196.77,67.07,1300.24,-6.0,1131.83,67.18
2026-08-11T06:45Z,8742.43,82.07,6739.1,77.77,7305.1,76.48,1345.62,-6.0,1143.57,77.08
2026-08-11T06:50Z,8876.62,88.87,6852.09,81.67,7319.26,80.91,1363.45,-6.0,1135.71,80.94
2026-08-11T06:55Z,8968.08,88.87,6930.94,83.33,7377.54,78.37,1356.87,-6.0,1160.81,90.37
2026-08-11T07:00Z,9027.59,88.87,7020.52,83.41,7411.57,79.71,1396.69,-6.0,1186.19,320.16
2026-08-11T07:05Z,9108.11,82.47,7096.07,80.0,7510.12,70.75,1450.77,-6.0,1202.76,68.04
2026-08-11T07:10Z,9164.88,88.87,7084.13,87.29,7592.5,76.39,1484.81,-1.02,1198.64,73.35
2026-08-11T07:15Z,9275.12,81.33,7164.89,83.69,7631.11,70.75,1577.82,58.83,1206.12,67.99
2026-08-11T07:20Z,9395.04,88.87,7194.66,90.85,7748.74,79.27,1601.71,68.97,1223.03,76.37
2026-08-11T07:25Z,9544.34,88.87,7312.25,91.57,7847.43,79.83,1599.02,70.13,1225.34,77.1
2026-08-11T07:30Z,9669.14,88.87,7378.36,91.73,7880.6,80.53,1635.35,72.23,1229.28,76.24
2026-08-11T07:35Z,9740.75,74.38,7396.03,79.75,7860.06,67.47,1675.94,59.96,1255.93,64.49
2026-08-11T07:40Z,9917.04,77.01,7442.02,83.69,7967.75,69.95,1712.13,62.21,1261.48,66.8
2026-08-11T07:45Z,9998.42,85.0,7535.02,91.73,8108.03,77.38,1752.54,71.04,1268.83,73.53
2026-08-11T07:50Z,10107.83,86.39,7526.92,93.21,8085.15,77.38,1771.06,71.65,1283.15,73.86
2026-08-11T07:55Z,10216.51,83.67,7608.47,91.73,8075.21,77.38,1795.48,72.88,1278.19,73.58
2026-08-11T08:00Z,10303.23,85.84,7649.03,91.73,8166.77,77.38,1822.49,72.36,1281.84,71.83
2026-08-11T08:05Z,10290.83,88.87,7720.8,93.83,8209.25,86.58,1867.79,81.82,1300.08,80.37
2026-08-11T08:10Z,10240.33,82.95,7638.84,90.37,8205.51,77.38,1864.04,72.44,1309.86,72.05
2026-08-11T08:15Z,10224.89,79.17,7677.12,85.39,8183.91,77.38,1907.84,73.74,1314.34,72.06
2026-08-11T08:20Z,10287.42,81.08,7650.13,86.65,8159.02,77.38,1939.63,74.43,1308.21,71.84
2026-08-11T08:25Z,10299.81,87.06,7708.88,93.21,8158.22,80.5,1945.8,76.86,1288.47,74.27
2026-08-11T08:30Z,10252.05,83.72,7648.9,88.88,8152.4,77.41,1942.14,73.71,1288.12,71.42
2026-08-11T08:35Z,10258.54,83.72,7638.71,88.88,8161.29,79.45,1965.43,76.3,1286.64,73.52
2026-08-11T08:40Z,10291.24,83.99,7684.99,91.73,8139.83,77.38,1972.46,73.74,1290.89,71.84
2026-08-11T08:45Z,10311.41,83.22,7655.45,89.52,8099.43,76.48,1982.17,72.96,1285.1,70.78
2026-08-11T08:50Z,10283.36,81.61,7613.53,87.73,8131.1,75.88,2002.34,72.51,1284.9,70.0
2026-08-11T08:55Z,10300.81,84.79,7570.64,90.5,8147.5,78.76,2013.47,76.26,1283.83,72.66
2026-08-11T09:00Z,10244.29,83.3,7538.55,88.88,8066.53,77.31,1996.19,73.69,1285.38,71.56
2026-08-11T09:05Z,10268.4,81.78,7560.88,88.88,8077.43,75.88,1988.44,72.29,1283.66,70.01
2026-08-11T09:10Z,10208.3,72.15,7569.41,85.39,7982.44,65.92,2007.82,62.45,1272.21,60.45
2026-08-11T09:15Z,10175.63,80.0,7514.8,89.91,8017.63,73.78,2032.04,71.09,1273.91,67.66
2026-08-11T09:20Z,10166.2,79.14,7456.48,88.88,7992.74,71.73,2003.07,68.17,1280.02,65.78
2026-08-11T09:25Z,10185.57,77.64,7427.73,87.73,7969.66,69.95,1992.28,65.67,1279.88,64.35
2026-08-11T09:30Z,10172.2,70.5,7391.32,102.55,7936.52,58.88,1983.39,55.27,1276.47,55.18
2026-08-11T09:35Z,10196.37,77.66,7357.4,114.88,7933.58,59.94,2020.32,57.07,1252.63,57.07
2026-08-11T09:40Z,10204.04,78.25,7330.28,93.83,7908.31,69.89,2032.84,68.71,1251.39,66.69
2026-08-11T09:45Z,10165.16,72.94,7386.88,102.55,7869.8,57.26,2007.89,54.52,1245.8,55.16
2026-08-11T09:50Z,10207.41,83.3,7336.55,102.55,7803.5,54.92,2019.84,53.1,1231.39,55.16
2026-08-11T09:55Z,10127.2,80.0,7312.14,93.83,7841.8,51.48,2023.06,49.56,1234.71,55.08
2026-08-11T10:00Z,10115.3,80.0,7294.84,102.55,7777.73,51.48,2028.26,49.42,1211.77,50.48
2026-08-11T10:05Z,10064.1,80.0,7237.29,109.55,7809.28,51.48,2039.03,59.22,1214.68,59.52
2026-08-11T10:10Z,10061.66,74.73,7281.88,119.25,7769.99,51.48,1984.9,48.91,1213.37,50.37
2026-08-11T10:15Z,10077.59,71.78,7251.37,93.83,7719.4,51.48,2002.45,49.03,1207.41,47.6
2026-08-11T10:20Z,10053.9,73.0,7174.11,121.12,7719.72,51.48,1985.7,48.59,1197.65,44.51
2026-08-11T10:25Z,10075.12,42.81,7181.66,291.39,7656.07,34.66,2001.83,33.0,1184.35,30.12
2026-08-11T10:30Z,9982.91,86.73,7076.78,94.15,7536.48,29.79,1980.71,28.28,1192.36,30.1
2026-08-11T10:35Z,9878.29,75.73,7095.32,118.13,7515.9,69.57,2011.31,67.99,1179.0,70.96
2026-08-11T10:40Z,9963.42,75.97,7166.74,121.12,7529.29,64.15,1957.38,61.24,1191.63,65.86
2026-08-11T10:45Z,9903.43,79.75,7233.81,109.54,7531.57,37.79,1962.61,36.09,1184.16,38.79
2026-08-11T10:50Z,9821.45,70.94,7157.36,93.21,7480.46,65.53,1965.77,63.88,1180.07,66.64
2026-08-11T10:55Z,9855.05,76.7,7134.87,119.25,7468.08,69.62,1938.88,66.7,1168.05,70.8
2026-08-11T11:00Z,9795.12,76.01,7154.81,121.12,7411.3,20.68,1919.27,19.95,1165.28,30.1
2026-08-11T11:05Z,9762.81,98.93,7086.9,109.54,7267.08,10.65,1962.1,10.36,1156.27,30.1
2026-08-11T11:10Z,9636.02,94.28,7123.53,106.1,7326.59,20.63,1950.83,52.43,1182.86,48.21
2026-08-11T11:15Z,9543.08,87.92,7092.99,119.25,7266.73,0.67,1918.76,35.37,1181.19,30.1
2026-08-11T11:20Z,9451.99,90.06,7019.95,109.55,7150.8,0.64,1881.92,40.6,1177.96,34.58
2026-08-11T11:25Z,9492.28,88.23,7084.0,119.24,7175.06,5.08,1873.77,41.94,1167.03,36.71
2026-08-11T11:30Z,9409.02,80.0,7077.8,137.43,7171.4,8.94,1866.65,40.02,1172.32,35.92
2026-08-11T11:35Z,9360.81,82.95,7012.99,93.83,7022.37,5.08,1868.84,39.48,1157.53,320.08
2026-08-11T11:40Z,9316.68,89.49,7065.08,119.24,7038.7,8.94,1856.83,44.0,1149.9,55.1
2026-08-11T11:45Z,9228.46,89.76,6988.74,119.24,6959.65,5.08,1848.52,4.83,1132.62,55.1
2026-08-11T11:50Z,9181.5,89.88,6902.12,109.54,6950.67,5.08,1852.36,4.84,1129.53,55.1
2026-08-11T11:55Z,9110.4,89.61,6896.66,109.54,6847.13,5.08,1863.81,4.9,1114.66,55.1
2026-08-11T12:00Z,9081.92,90.01,6852.7,109.54,6698.22,0.0,1851.23,0.0,1112.29,55.1
2026-08-11T12:05Z,8952.65,80.69,6748.2,109.54,6593.1,0.0,1863.72,0.0,1102.48,88.24
2026-08-11T12:10Z,9086.99,91.44,6773.56,117.69,6580.53,0.01,1837.29,0.01,1124.33,55.03
2026-08-11T12:15Z,9012.62,96.89,6726.31,117.54,6570.64,0.01,1806.07,0.01,1112.13,0.01
2026-08-11T12:20Z,8944.06,89.67,6688.38,109.54,6561.93,0.01,1800.23,0.01,1101.85,0.01
2026-08-11T12:25Z,8908.87,88.66,6616.3,104.83,6542.28,0.01,1787.84,0.01,1094.56,0.01
2026-08-11T12:30Z,8902.37,88.81,6582.89,104.83,6459.68,0.92,1774.7,0.86,1082.89,0.95
2026-08-11T12:35Z,8862.79,85.87,6531.84,93.83,6454.18,15.08,1754.2,14.12,1084.55,87.3
2026-08-11T12:40Z,8802.8,84.39,6473.3,87.73,6414.89,0.92,1739.98,0.86,1073.11,87.3
2026-08-11T12:45Z,8728.2,89.22,6493.26,93.83,6396.83,0.92,1718.91,0.86,1074.66,87.3
2026-08-11T12:50Z,8644.45,84.45,6419.13,87.73,6329.34,15.08,1707.15,13.89,1068.8,56.98
2026-08-11T12:55Z,8633.26,84.79,6360.04,87.46,6190.93,0.62,1664.65,0.57,1074.04,87.3
2026-08-11T13:00Z,8598.93,82.27,6346.15,85.39,6236.83,0.92,1660.66,0.85,1064.3,87.3
2026-08-11T13:05Z,8570.93,89.88,6274.42,93.83,6233.44,0.0,1639.97,0.0,1066.21,87.3
2026-08-11T13:10Z,8470.1,85.68,6302.99,93.83,6204.61,0.0,1643.22,0.0,1051.0,56.0
2026-08-11T13:15Z,8421.3,85.68,6308.02,93.83,6316.26,0.0,1625.24,0.0,1045.57,0.0
2026-08-11T13:20Z,8425.65,84.79,6251.51,89.05,6297.3,0.0,1591.86,0.0,1028.04,0.0
2026-08-11T13:25Z,8396.91,84.79,6224.51,88.45,6152.86,0.0,1583.88,0.0,1021.69,0.0
2026-08-11T13:30Z,8364.87,84.68,6193.31,87.73,6123.06,0.0,1584.52,0.0,1026.95,0.0
2026-08-11T13:35Z,8294.92,84.79,6205.81,88.43,6087.51,0.0,1609.06,0.0,1026.53,0.0
2026-08-11T13:40Z,8258.64,84.79,6217.69,89.01,6122.29,0.0,1617.33,0.0,1021.94,0.0
2026-08-11T13:45Z,8225.75,83.99,6201.79,87.73,6057.41,0.0,1593.59,0.0,1013.44,0.0
2026-08-11T13:50Z,8147.91,80.0,6138.9,83.37,5951.72,0.0,1592.84,0.0,1004.58,0.0
2026-08-11T13:55Z,8088.08,80.0,6115.59,82.32,5915.83,0.92,1581.03,0.88,1004.58,0.95
2026-08-11T14:00Z,8148.95,83.99,6095.43,86.43,5893.38,0.0,1563.93,0.0,1013.73,0.0
2026-08-11T14:05Z,8109.95,83.99,6048.41,86.3,5876.03,0.92,1566.18,0.88,1014.22,0.96
2026-08-11T14:10Z,8177.43,84.79,6007.57,87.07,5881.06,10.5,1548.46,10.09,1007.29,10.97
2026-08-11T14:15Z,8186.11,84.79,6006.78,87.07,5853.33,10.5,1536.24,10.28,1013.14,10.97
2026-08-11T14:20Z,8184.04,84.79,5978.27,86.48,5885.24,14.07,1574.46,14.19,1004.53,14.61
2026-08-11T14:25Z,8169.68,83.99,5957.76,85.1,5837.81,10.5,1568.48,10.55,1000.61,10.91
2026-08-11T14:30Z,8164.07,83.99,5924.86,85.06,5794.75,10.5,1542.73,10.45,992.07,10.91
2026-08-11T14:35Z,8118.65,88.37,5878.83,87.73,5765.72,9.17,1540.24,9.1,998.1,9.52
2026-08-11T14:40Z,8059.37,84.79,5914.32,85.31,5726.13,5.05,1558.32,5.08,997.91,5.23
2026-08-11T14:45Z,8080.75,84.79,5824.6,84.11,5731.93,0.92,1560.09,0.93,986.7,0.95
2026-08-11T14:50Z,7987.73,84.79,5865.42,84.5,5612.54,8.76,1559.94,9.1,981.99,9.04
2026-08-11T14:55Z,7964.45,80.0,5809.28,79.35,5678.47,12.85,1562.14,13.35,979.3,13.27
2026-08-11T15:00Z,7922.76,83.34,5828.9,82.69,5567.07,0.92,1547.89,0.93,976.64,0.95
2026-08-11T15:05Z,7882.18,84.79,5794.29,84.07,5508.84,0.92,1555.76,0.95,969.86,0.95
2026-08-11T15:10Z,7842.4,83.99,5744.46,82.18,5547.81,5.05,1527.49,5.14,967.56,5.23
2026-08-11T15:15Z,7782.27,84.79,5752.84,82.98,5482.9,0.92,1509.71,0.91,973.91,0.96
2026-08-11T15:20Z,7683.45,80.48,5717.61,78.73,5414.67,0.08,1498.06,0.08,974.95,0.08
2026-08-11T15:25Z,7674.86,80.33,5677.26,78.54,5415.27,0.06,1502.97,0.06,971.65,0.06
2026-08-11T15:30Z,7625.59,81.03,5681.13,78.73,5389.13,0.01,1499.78,0.01,970.82,0.01
2026-08-11T15:35Z,7568.81,83.99,5689.31,82.67,5345.29,0.43,1484.4,0.43,977.96,0.45
2026-08-11T15:40Z,7560.05,83.99,5655.74,82.63,5267.03,0.01,1494.48,0.01,977.89,0.01
2026-08-11T15:45Z,7515.95,80.0,5703.63,78.75,5221.95,0.0,1499.18,0.0,972.45,0.0
2026-08-11T15:50Z,7455.8,80.0,5701.88,79.26,5208.93,0.0,1502.91,0.0,974.23,0.0
2026-08-11T15:55Z,7456.14,80.0,5702.38,79.32,5215.18,0.0,1504.83,0.0,955.63,0.0
2026-08-11T16:00Z,7396.06,73.2,5689.93,72.52,5219.89,0.0,1478.61,0.0,953.2,0.0
2026-08-11T16:05Z,7411.34,80.0,5626.17,78.73,5124.37,0.0,1476.1,0.0,959.22,0.0
2026-08-11T16:10Z,7396.32,80.0,5568.36,79.5,5192.76,0.0,1486.99,0.0,972.22,0.0
2026-08-11T16:15Z,7389.35,80.0,5572.66,79.5,5161.47,0.0,1483.81,0.0,982.04,0.0
2026-08-11T16:20Z,7365.5,80.0,5613.07,80.21,5149.22,0.0,1467.97,0.0,968.04,0.0
2026-08-11T16:25Z,7322.71,80.0,5580.25,80.7,5123.87,0.0,1470.2,0.0,967.23,0.0
2026-08-11T16:30Z,7296.11,78.3,5578.48,79.5,5049.9,-0.05,1466.19,-0.05,959.86,-0.05
2026-08-11T16:35Z,7261.77,78.3,5585.38,79.5,5006.94,0.0,1484.8,0.0,955.83,0.0
2026-08-11T16:40Z,7219.57,78.63,5551.64,80.83,5073.62,0.0,1498.75,0.0,960.98,0.0
2026-08-11T16:45Z,7209.53,76.81,5576.12,79.5,5087.04,-0.1,1486.75,-0.09,957.96,-0.1
2026-08-11T16:50Z,7202.27,75.34,5636.53,78.54,5034.41,-0.05,1498.7,-0.05,969.61,-0.05
2026-08-11T16:55Z,7216.71,75.39,5584.5,78.54,4978.73,-0.05,1493.07,-0.05,967.42,-0.05
2026-08-11T17:00Z,7235.29,75.44,5532.86,78.54,4998.0,-0.05,1474.61,-0.05,969.57,-0.05
2026-08-11T17:05Z,7215.26,74.87,5615.08,78.54,4971.0,-0.05,1468.26,-0.05,969.4,-0.05
2026-08-11T17:10Z,7275.79,76.78,5611.21,79.5,4895.14,-0.05,1486.07,-0.05,972.13,-0.05
2026-08-11T17:15Z,7291.81,73.2,5597.35,75.32,4886.88,0.0,1484.11,0.0,964.85,0.0
2026-08-11T17:20Z,7299.72,73.2,5611.74,74.81,4950.71,-0.05,1460.75,-0.05,964.57,87.3
2026-08-11T17:25Z,7351.72,76.58,5565.52,78.73,4971.18,-0.05,1470.48,-0.05,965.53,-0.05
2026-08-11T17:30Z,7290.38,76.54,5595.59,78.73,4964.2,0.0,1449.99,0.0,966.57,0.0
2026-08-11T17:35Z,7262.73,77.08,5560.08,78.73,4948.73,-0.05,1441.53,-0.05,973.6,-0.05
2026-08-11T17:40Z,7276.29,77.82,5581.08,79.5,4988.45,-0.05,1433.76,-0.04,970.1,-0.05
2026-08-11T17:45Z,7292.77,79.6,5606.97,80.83,4961.95,-0.05,1438.19,-0.05,964.09,-0.05
2026-08-11T17:50Z,7296.94,80.0,5701.05,81.86,4875.1,-0.05,1443.97,0.43,963.03,-0.05
2026-08-11T17:55Z,7291.95,79.48,5722.94,80.83,4871.9,-0.05,1447.32,1.58,970.41,-0.05
2026-08-11T18:00Z,7289.6,80.0,5646.13,80.84,4982.27,-0.05,1423.6,-0.05,959.96,-0.05
2026-08-11T18:05Z,7262.88,80.47,5707.08,81.83,4932.45,-0.1,1412.98,-0.09,963.46,-0.1
2026-08-11T18:10Z,7308.24,80.0,5685.98,79.77,5022.34,-0.1,1432.93,-1.02,971.76,-0.1
2026-08-11T18:15Z,7300.69,83.99,5696.61,83.77,5056.12,-0.1,1465.07,-1.02,968.05,-0.1
2026-08-11T18:20Z,7295.15,84.16,5720.16,84.5,5070.47,-0.05,1435.26,-1.0,967.74,-0.05
2026-08-11T18:25Z,7345.24,84.15,5728.99,84.5,5111.63,-0.05,1409.59,-1.0,968.97,-0.05
2026-08-11T18:30Z,7278.41,80.0,5774.11,79.87,4997.48,-0.1,1414.73,-1.02,973.4,-0.1
2026-08-11T18:35Z,7345.56,83.99,5829.96,84.44,5037.84,-0.1,1406.68,-1.02,972.6,-0.1
2026-08-11T18:40Z,7361.51,83.99,5850.15,84.47,5127.17,-0.05,1430.96,-0.05,979.15,-0.05
2026-08-11T18:45Z,7366.3,86.66,5860.16,87.73,5168.64,-0.05,1434.96,-0.05,982.74,-0.05
2026-08-11T18:50Z,7454.79,88.88,5879.26,91.16,5106.03,-0.05,1450.57,-0.05,985.88,-0.05
2026-08-11T18:55Z,7468.63,83.99,5869.59,84.49,5097.58,-0.05,1461.87,-0.05,998.2,-0.05
2026-08-11T19:00Z,7542.17,91.93,5941.39,93.15,5138.97,-0.05,1449.46,-0.05,1002.86,15.2
2026-08-11T19:05Z,7559.36,82.52,5998.29,83.69,5134.6,-0.05,1420.92,-0.05,997.95,-0.05
2026-08-11T19:10Z,7609.29,84.79,6041.38,86.58,5210.0,-0.05,1428.29,-0.05,1010.93,-0.05
2026-08-11T19:15Z,7710.13,85.86,6093.83,87.73,5307.0,-0.05,1440.71,-1.0,998.28,-0.05
2026-08-11T19:20Z,7773.64,90.49,6139.36,93.11,5301.83,-0.05,1464.05,-0.05,1007.74,-0.05
2026-08-11T19:25Z,7812.47,91.72,6126.07,93.15,5360.96,-0.05,1460.43,-0.05,1021.79,0.61
2026-08-11T19:30Z,7827.28,91.66,6177.64,93.15,5368.85,-0.05,1462.9,-0.05,1043.43,0.63
2026-08-11T19:35Z,7966.6,100.82,6247.17,102.55,5427.43,0.0,1488.09,0.0,1061.51,0.68
2026-08-11T19:40Z,8054.33,101.1,6283.29,102.8,5498.27,0.0,1481.57,0.0,1091.11,0.68
2026-08-11T19:45Z,8128.01,102.92,6335.94,102.8,5595.7,0.0,1488.67,0.0,1109.79,2.2
2026-08-11T19:50Z,8181.87,101.1,6360.46,102.55,5627.83,0.01,1493.76,0.01,1114.43,16.18
2026-08-11T19:55Z,8258.32,90.49,6427.53,93.21,5707.99,0.01,1487.49,0.01,1124.41,1.42
2026-08-11T20:00Z,8371.82,110.01,6410.09,109.96,5775.55,0.0,1492.17,0.0,1142.64,1.64
2026-08-11T20:05Z,8502.25,97.95,6518.25,102.55,5862.54,0.01,1499.43,0.01,1134.4,0.67
2026-08-11T20:10Z,8642.38,108.8,6575.91,116.26,6004.0,8.94,1500.73,7.96,1150.53,10.1
2026-08-11T20:15Z,8825.2,99.98,6610.58,101.0,6113.8,13.69,1506.26,12.22,1153.01,15.06
2026-08-11T20:20Z,8894.47,114.9,6711.48,140.02,6195.98,17.34,1523.16,15.58,1146.41,18.18
2026-08-11T20:25Z,9091.93,110.78,6759.91,121.02,6275.05,10.5,1516.65,9.38,1159.16,11.64
2026-08-11T20:30Z,9183.27,130.54,6852.69,190.99,6353.8,10.65,1535.17,9.59,1174.91,11.86
2026-08-11T20:35Z,9338.02,110.01,6855.53,175.11,6437.53,18.79,1548.3,17.17,1181.69,19.69
2026-08-11T20:40Z,9410.66,108.77,6902.14,150.76,6574.44,21.48,1562.5,19.46,1144.34,22.36
2026-08-11T20:45Z,9521.27,135.46,6958.46,294.39,6654.21,10.5,1569.77,42.79,1157.1,40.08
2026-08-11T20:50Z,9601.21,119.33,6931.22,119.99,6725.55,10.5,1572.68,48.58,1201.2,44.95
2026-08-11T20:55Z,9663.19,164.92,6995.86,294.39,6840.42,23.0,1603.71,47.07,1227.03,48.32
2026-08-11T21:00Z,9641.77,114.54,6912.86,138.11,6972.92,35.18,1648.81,63.72,1231.16,66.67
2026-08-11T21:05Z,9819.76,121.0,6930.0,116.29,7023.47,21.48,1657.43,61.37,1218.09,61.28
2026-08-11T21:10Z,9823.1,121.0,6985.25,114.18,7125.8,10.5,1657.79,58.44,1218.22,55.95
2026-08-11T21:15Z,9881.72,144.64,7026.57,133.97,7164.39,8.94,1682.42,68.48,1219.93,64.79
2026-08-11T21:20Z,9881.41,113.99,6922.28,102.8,7282.81,10.5,1691.83,56.79,1220.42,53.79
2026-08-11T21:25Z,9946.45,134.86,6824.82,104.83,7343.57,10.65,1704.45,66.77,1239.59,62.25
2026-08-11T21:30Z,9976.06,138.21,6774.8,81.01,7410.58,10.65,1720.42,68.53,1233.82,63.7
2026-08-11T21:35Z,9948.86,114.54,6754.07,91.73,7408.71,10.65,1742.2,54.52,1246.59,54.51
2026-08-11T21:40Z,9902.42,134.86,6626.36,73.14,7446.45,10.5,1810.86,66.63,1250.08,63.06
2026-08-11T21:45Z,9881.35,183.64,6503.56,54.75,7519.92,10.2,1831.07,56.7,1245.26,73.84
2026-08-11T21:50Z,9772.45,162.35,6383.89,54.75,7598.03,10.65,1876.22,80.03,1250.46,73.91
2026-08-11T21:55Z,9766.96,181.6,6264.92,6.85,7595.69,10.5,1864.93,57.13,1249.29,74.05
2026-08-11T22:00Z,9789.38,165.0,6185.82,6.85,7602.82,10.5,1874.56,77.51,1249.64,74.57
2026-08-11T22:05Z,9873.44,163.02,6158.06,54.75,7606.91,10.5,1867.6,80.57,1246.56,74.58
2026-08-11T22:10Z,9931.45,161.66,6007.31,54.75,7608.64,21.48,1857.59,85.47,1254.28,80.38
2026-08-11T22:15Z,9828.42,129.71,5900.36,54.75,7596.26,21.48,1863.0,71.92,1231.48,66.76
2026-08-11T22:20Z,9705.24,110.01,5872.56,54.75,7604.32,21.48,1827.51,82.28,1240.51,58.85
2026-08-11T22:25Z,9618.93,106.52,5718.03,6.85,7549.01,21.48,1813.52,107.78,1227.83,57.4
2026-08-11T22:30Z,9425.57,106.52,5646.26,29.85,7512.79,10.5,1797.64,80.11,1212.7,50.74
2026-08-11T22:35Z,9319.84,110.01,5496.31,40.0,7469.83,10.5,1779.14,81.94,1203.89,52.18
2026-08-11T22:40Z,9185.37,110.01,5379.61,68.82,7403.51,10.5,1773.57,81.99,1194.94,51.2
2026-08-11T22:45Z,9061.61,110.01,5279.41,39.75,7362.53,12.71,1762.3,82.52,1183.87,50.18
2026-08-11T22:50Z,9008.85,92.05,5251.31,68.84,7374.68,33.88,1724.77,73.49,1176.2,50.18
2026-08-11T22:55Z,8824.96,83.99,5177.79,40.0,7381.03,51.48,1711.75,77.12,1163.49,52.18
2026-08-11T23:00Z,8699.37,80.0,5077.5,40.0,7374.12,33.88,1701.9,65.74,1169.82,50.18
2026-08-11T23:05Z,8572.89,52.25,5030.33,39.75,7407.26,51.48,1664.67,50.82,1154.66,49.2
2026-08-11T23:10Z,8559.15,49.5,4952.69,28.14,7390.36,51.48,1624.54,49.85,1149.04,46.46
2026-08-11T23:15Z,8446.33,48.42,4886.3,39.75,7351.62,49.86,1580.58,48.04,1141.29,41.32
2026-08-11T23:20Z,8360.07,43.05,4804.8,20.11,7246.87,44.0,1532.42,41.17,1136.28,40.08
2026-08-11T23:25Z,8321.22,44.06,4703.9,6.83,7306.36,45.24,1507.83,41.72,1115.71,40.08
2026-08-11T23:30Z,8163.7,43.05,4744.51,27.88,7249.39,44.18,1483.28,40.39,1101.6,40.08
2026-08-11T23:35Z,7980.71,43.05,4578.78,24.81,7167.11,43.44,1443.04,38.5,1094.3,40.1
2026-08-11T23:40Z,8009.17,52.25,4543.17,27.88,7195.8,38.38,1456.51,40.92,1085.22,40.08
2026-08-11T23:45Z,7974.15,43.05,4476.1,27.88,7138.25,33.88,1424.1,11.97,1073.63,36.93
2026-08-11T23:50Z,7899.7,34.17,4385.85,13.26,7104.83,33.88,1379.63,26.76,1053.29,33.09
2026-08-11T23:55Z,7762.67,43.05,4408.47,6.85,7077.34,33.88,1341.99,3.73,1064.19,27.16
2026-08-12T00:00Z,7638.49,52.25,4338.45,22.85,6998.54,33.88,1289.07,1.66,1064.8,40.08
2026-08-12T00:05Z,7465.3,73.15,4311.23,13.27,6922.79,20.94,1281.62,11.46,1062.47,40.08
2026-08-12T00:10Z,7476.33,61.02,4369.24,31.01,6938.8,10.67,1277.68,23.01,1059.12,29.17
2026-08-12T00:15Z,7377.97,52.25,4365.25,31.01,6866.56,0.97,1280.71,14.68,1051.54,19.77
2026-08-12T00:20Z,7314.35,41.76,4330.11,13.27,6871.13,8.94,1311.16,16.76,1052.42,20.07
2026-08-12T00:25Z,7189.22,23.95,4415.51,19.24,6819.91,6.42,1249.95,0.59,1053.77,12.71
2026-08-12T00:30Z,7217.57,23.95,4424.01,19.86,6752.76,6.42,1230.44,0.34,1053.17,9.28
2026-08-12T00:35Z,7105.12,30.6,4272.08,24.81,6648.66,0.97,1202.27,0.86,1041.75,0.98
2026-08-12T00:40Z,7010.24,43.05,4187.98,24.8,6623.36,0.97,1181.21,0.86,1024.22,0.52
2026-08-12T00:45Z,6907.52,43.05,4262.5,29.83,6589.69,-0.05,1146.55,-0.04,1017.39,-0.77
2026-08-12T00:50Z,6871.38,29.75,4384.86,24.81,6499.88,5.05,1134.82,-1.1,1028.05,4.34
2026-08-12T00:55Z,6880.27,43.05,4540.04,35.96,6420.53,0.97,1118.61,-1.0,1021.95,0.25
2026-08-12T01:00Z,6770.61,34.44,4589.92,29.85,6367.54,5.05,1151.88,0.43,1017.17,4.36
2026-08-12T01:05Z,6799.55,43.05,4631.84,36.7,6308.49,10.5,1132.37,-1.1,1023.25,14.19
2026-08-12T01:10Z,6964.76,45.06,4812.39,39.75,6498.84,13.31,1121.51,9.1,1028.33,25.13
2026-08-12T01:15Z,7010.91,43.05,4732.48,29.98,6519.43,10.5,1039.76,0.43,1016.47,39.1
2026-08-12T01:20Z,7011.83,66.53,4530.58,26.75,6456.07,6.42,1027.37,-4.0,1021.11,5.75
2026-08-12T01:25Z,7069.76,73.15,4552.65,39.75,6411.29,7.4,1057.0,5.75,1021.72,7.49
2026-08-12T01:30Z,7152.26,73.15,4572.04,43.73,6383.23,6.42,999.8,-0.07,1019.27,6.52
2026-08-12T01:35Z,7234.69,66.53,4428.1,39.75,6298.06,6.42,999.01,-1.1,1019.35,40.1
2026-08-12T01:40Z,7158.17,51.6,4488.73,40.0,6429.47,6.42,941.58,-5.28,1014.9,40.1
2026-08-12T01:45Z,7382.57,73.2,4340.29,48.3,6190.49,0.97,964.9,-6.0,1014.79,87.26
2026-08-12T01:50Z,7435.9,88.88,4309.13,54.75,6182.06,0.97,976.71,-1.1,1028.64,87.26
2026-08-12T01:55Z,7479.17,73.15,4203.09,43.75,6118.03,0.0,995.94,-0.87,1031.21,87.26
2026-08-12T02:00Z,7514.71,66.53,4053.22,40.0,6089.43,-0.05,972.41,-0.88,1012.99,40.02
2026-08-12T02:05Z,7574.86,97.63,4029.83,39.75,6114.29,-0.05,913.41,-6.0,1013.09,49.26
2026-08-12T02:10Z,7626.15,72.0,4114.68,43.75,6196.74,-0.1,979.68,-0.88,993.68,15.1
2026-08-12T02:15Z,7620.12,47.83,4137.99,39.75,6205.77,-0.1,982.24,-1.0,997.14,15.1
2026-08-12T02:20Z,7793.36,52.25,4227.77,43.73,6247.84,-0.05,1016.17,-0.04,1001.17,15.1
2026-08-12T02:25Z,7800.93,73.2,4250.01,43.73,6238.62,-0.05,1030.29,-0.04,1005.12,15.1
2026-08-12T02:30Z,7786.58,54.52,4355.99,43.75,6226.09,-0.05,1061.43,-0.05,995.65,15.1
2026-08-12T02:35Z,7834.29,66.53,4443.84,48.36,6152.94,-0.05,1042.15,-0.04,998.41,15.1
2026-08-12T02:40Z,7819.86,66.53,4555.19,48.36,6106.93,-0.1,1032.63,-0.08,1011.36,40.02
2026-08-12T02:45Z,7703.17,66.53,4510.07,50.0,6155.44,-0.1,1076.08,-0.08,1007.24,40.02
2026-08-12T02:50Z,7665.56,61.66,4581.07,50.0,6166.56,-0.1,1071.9,-0.09,1013.97,40.02
2026-08-12T02:55Z,7451.63,57.43,4669.37,48.36,6124.19,-0.05,1040.8,-0.04,1016.49,15.1
2026-08-12T03:00Z,7288.22,63.72,4685.39,54.75,6022.82,-0.1,1064.94,-0.09,1032.57,15.1
2026-08-12T03:05Z,7089.53,63.72,4768.47,57.36,5903.9,-0.1,1102.47,-0.09,1016.72,40.1
2026-08-12T03:10Z,6939.45,61.93,4866.44,57.35,5806.59,-0.05,1158.23,-0.05,1012.18,-0.05
2026-08-12T03:15Z,6849.65,52.41,4893.85,48.36,5758.57,-0.05,1180.95,-0.05,1014.19,-0.05
2026-08-12T03:20Z,6789.13,50.47,4820.01,48.35,5605.37,-0.1,1128.86,-0.09,1016.94,-0.1
2026-08-12T03:25Z,6716.61,71.11,4760.99,67.23,5493.04,-0.05,1077.65,-0.04,1030.61,-0.05
2026-08-12T03:30Z,6692.05,73.2,4666.88,67.23,5444.56,-0.05,1071.32,-0.04,1011.79,-0.05
2026-08-12T03:35Z,6693.81,72.1,4679.73,67.23,5369.26,0.48,1124.52,0.43,1019.4,0.5
2026-08-12T03:40Z,6815.34,73.2,4702.45,67.23,5333.8,0.97,1184.89,0.87,1020.12,1.01
2026-08-12T03:45Z,6918.42,73.2,4657.97,67.23,5269.63,1.97,1202.12,1.75,1019.91,2.04
2026-08-12T03:50Z,6893.17,73.2,4660.94,67.23,5222.13,0.0,1142.22,0.0,1013.06,0.0
2026-08-12T03:55Z,7052.03,73.53,4678.93,67.23,5217.3,0.97,1116.83,0.85,1009.9,1.0
2026-08-12T04:00Z,7052.63,73.2,4714.23,66.12,5231.62,0.97,1216.26,0.87,1014.94,1.0
2026-08-12T04:05Z,7027.05,73.2,4665.16,65.25,5219.2,1.0,1180.6,0.88,1021.09,1.03
2026-08-12T04:10Z,7170.87,77.86,4641.11,67.23,5180.0,-0.05,1260.97,-0.04,1012.82,-0.05
2026-08-12T04:15Z,7209.12,73.2,4578.9,62.75,5247.87,0.97,1286.45,0.89,1011.1,0.99
2026-08-12T04:20Z,7180.78,63.72,4703.87,55.77,5326.46,-1.15,1285.16,-1.02,1006.49,-1.17
2026-08-12T04:25Z,7263.36,73.2,4775.56,65.77,5314.56,-1.14,1289.5,-1.05,998.65,-1.15
2026-08-12T04:30Z,7116.57,73.2,5009.22,67.23,5359.98,-6.5,1255.42,-5.91,1010.1,-6.63
2026-08-12T04:35Z,7105.69,63.72,5135.57,59.37,5343.29,-0.1,1208.62,-0.09,1021.54,-0.1
2026-08-12T04:40Z,7143.37,73.2,5306.26,67.79,5285.32,-0.1,1178.42,-0.08,1017.08,-0.1
2026-08-12T04:45Z,7157.69,73.2,5444.07,69.35,5255.22,-6.51,1146.69,-5.62,1020.66,-6.62
2026-08-12T04:50Z,7275.43,80.03,5541.45,74.01,5240.36,-3.5,1171.1,-3.02,1036.54,-3.59
2026-08-12T04:55Z,7318.01,80.46,5620.9,74.02,5253.99,-0.85,1168.19,-1.02,1049.49,-0.87
2026-08-12T05:00Z,7297.4,85.64,5832.32,78.51,5200.14,-0.05,1185.56,7.96,1048.83,10.79
2026-08-12T05:05Z,7397.63,79.29,5940.32,76.6,5161.44,-0.05,1243.71,-0.04,1048.69,-0.05
2026-08-12T05:10Z,7477.17,81.17,6044.21,78.51,5101.83,-0.05,1313.26,-0.05,1048.32,-0.05
2026-08-12T05:15Z,7559.98,76.41,6182.75,74.02,5110.47,0.0,1355.91,0.0,1051.79,0.0
2026-08-12T05:20Z,7676.84,76.18,6182.91,74.02,5150.06,35.87,1379.98,32.9,1054.45,37.3
2026-08-12T05:25Z,7754.93,76.66,6198.68,74.01,5234.25,35.87,1384.92,35.81,1055.96,40.04
2026-08-12T05:30Z,7825.36,79.13,6243.85,74.02,5251.63,31.71,1426.5,29.09,1043.89,32.66
2026-08-12T05:35Z,7870.21,77.14,6223.39,74.01,5344.15,35.87,1428.03,33.42,1041.05,35.38
2026-08-12T05:40Z,8000.32,73.2,6275.51,68.94,5387.3,44.0,1433.26,41.19,1059.26,44.45
2026-08-12T05:45Z,8075.3,73.3,6335.82,69.56,5456.85,19.22,1386.07,17.55,1057.37,19.41
2026-08-12T05:50Z,8150.75,76.58,6402.29,72.73,5567.77,14.74,1341.84,13.21,1054.25,15.08
2026-08-12T05:55Z,8251.33,80.0,6581.84,74.02,5725.25,19.22,1320.87,18.0,1063.75,20.19
2026-08-12T06:00Z,8341.22,80.23,6643.84,74.02,5834.93,36.1,1355.62,35.52,1059.91,39.55
2026-08-12T06:05Z,8355.84,80.0,6675.92,74.3,5984.06,36.1,1363.21,34.43,1068.24,38.5
2026-08-12T06:10Z,8447.95,81.76,6791.67,78.51,6045.5,36.1,1368.96,43.95,1063.12,50.39
2026-08-12T06:15Z,8477.85,77.33,6841.97,74.02,6172.09,56.05,1364.18,55.95,1065.62,61.6
2026-08-12T06:20Z,8639.89,80.0,6840.52,75.42,6274.1,36.1,1387.36,52.55,1082.91,52.11
2026-08-12T06:25Z,8745.65,94.23,6968.0,87.26,6414.38,36.1,1457.65,59.37,1090.27,58.52
2026-08-12T06:30Z,8816.23,97.55,7030.01,90.42,6445.11,52.53,1509.82,70.66,1098.98,69.73
2026-08-12T06:35Z,8943.43,88.16,7135.74,81.83,6507.51,36.1,1503.64,58.55,1101.14,55.2
2026-08-12T06:40Z,9069.51,97.55,7190.13,91.73,6547.92,36.1,1512.41,63.62,1120.24,59.33
2026-08-12T06:45Z,9257.07,97.55,7282.61,91.73,6676.52,49.75,1546.46,71.71,1128.25,67.62
2026-08-12T06:50Z,9330.86,97.55,7294.34,91.73,6767.54,56.66,1559.68,76.76,1136.99,73.01
2026-08-12T06:55Z,9525.22,102.14,7340.78,93.21,6867.03,75.87,1601.98,88.67,1149.26,86.52
2026-08-12T07:00Z,9623.99,97.55,7417.77,91.73,6909.65,95.67,1612.07,95.07,1161.08,95.4
2026-08-12T07:05Z,9647.54,87.85,7495.7,85.08,6969.69,75.87,1616.26,80.44,1173.07,50.18
2026-08-12T07:10Z,9743.42,89.88,7393.92,85.84,6996.48,75.36,1653.51,80.44,1203.52,77.21
2026-08-12T07:15Z,9856.52,97.55,7414.02,93.15,7132.09,75.87,1681.08,85.08,1213.07,79.57
2026-08-12T07:20Z,9902.76,100.46,7480.02,94.82,7221.01,75.94,1712.53,88.62,1225.32,81.36
2026-08-12T07:25Z,10067.84,101.1,7554.69,98.61,7323.34,81.96,1746.56,93.2,1235.73,85.14
2026-08-12T07:30Z,10209.55,107.18,7559.21,102.55,7366.88,100.0,1740.42,102.74,1242.44,92.67
2026-08-12T07:35Z,10324.97,89.0,7601.94,86.85,7453.06,78.61,1751.35,79.47,1259.48,71.03
2026-08-12T07:40Z,10450.98,90.17,7606.51,86.33,7525.02,79.85,1797.88,80.92,1273.81,72.36
2026-08-12T07:45Z,10555.3,90.49,7638.02,87.22,7584.4,80.33,1844.44,81.64,1293.45,73.25
2026-08-12T07:50Z,10600.54,97.31,7698.77,93.15,7635.38,87.87,1872.69,88.73,1310.51,80.13
2026-08-12T07:55Z,10747.54,97.88,7664.74,93.15,7698.16,88.39,1894.65,90.02,1313.67,80.34
2026-08-12T08:00Z,10776.82,101.1,7740.54,100.24,7721.65,93.6,1929.94,96.89,1315.96,85.35
2026-08-12T08:05Z,10824.51,101.15,7726.99,96.94,7792.94,88.04,1957.07,91.19,1310.62,80.27
2026-08-12T08:10Z,10697.62,102.99,7677.7,98.02,7780.97,90.56,1987.77,93.61,1302.35,82.3
2026-08-12T08:15Z,10713.9,106.85,7602.25,100.3,7801.49,94.05,2012.02,99.06,1309.5,85.2
2026-08-12T08:20Z,10699.85,109.96,7694.52,102.68,7808.35,97.52,2027.92,101.04,1299.58,88.24
2026-08-12T08:25Z,10766.8,105.89,7654.76,98.21,7759.4,95.48,2033.23,101.02,1309.16,86.77
2026-08-12T08:30Z,10824.17,102.38,7663.6,93.75,7765.49,92.33,2040.92,98.0,1312.67,83.91
2026-08-12T08:35Z,10767.27,110.03,7671.25,105.38,7766.68,101.05,2081.73,107.15,1309.2,91.83
2026-08-12T08:40Z,10766.12,110.03,7623.01,102.55,7738.14,101.63,2042.86,105.84,1306.68,92.07
2026-08-12T08:45Z,10692.51,97.63,7628.43,93.15,7688.45,88.78,2038.98,95.12,1308.42,80.69
2026-08-12T08:50Z,10659.43,101.42,7593.76,96.4,7841.22,93.91,2050.81,101.02,1306.22,84.79
2026-08-12T08:55Z,10704.84,110.03,7594.19,103.92,7756.52,101.0,2050.84,106.65,1305.36,89.74
2026-08-12T09:00Z,10657.79,109.96,7591.08,102.8,7689.57,98.64,2034.23,102.93,1291.69,88.24
2026-08-12T09:05Z,10666.94,105.89,7522.33,99.94,7708.19,94.1,2028.24,100.12,1295.53,84.17
2026-08-12T09:10Z,10661.74,110.03,7495.07,105.14,7688.31,96.33,2034.51,101.02,1280.46,86.44
2026-08-12T09:15Z,10633.79,114.69,7462.19,109.55,7601.94,101.14,2031.18,106.06,1272.32,90.47
2026-08-12T09:20Z,10615.6,106.73,7417.99,101.23,7545.51,94.03,2016.98,99.04,1285.26,83.85
2026-08-12T09:25Z,10656.82,109.72,7455.86,102.8,7586.4,97.53,2021.47,101.02,1283.13,87.54
2026-08-12T09:30Z,10586.53,109.96,7424.85,102.8,7585.71,96.14,2018.15,100.38,1279.68,86.01
2026-08-12T09:35Z,10524.59,109.08,7397.42,102.8,7578.62,95.37,2014.37,99.51,1274.62,86.14
2026-08-12T09:40Z,10462.1,96.17,7427.23,93.21,7537.12,84.73,2005.62,88.44,1269.7,76.54
2026-08-12T09:45Z,10447.39,102.45,7409.92,97.8,7633.02,89.0,2025.65,92.97,1280.32,80.13
2026-08-12T09:50Z,10459.8,105.89,7411.42,101.75,7615.09,89.0,1998.36,91.36,1277.79,80.38
2026-08-12T09:55Z,10452.58,99.56,7386.46,93.21,7488.7,85.39,1994.91,88.44,1274.03,76.89
2026-08-12T10:00Z,10410.21,97.63,7364.17,93.73,7480.52,83.34,1992.54,86.63,1253.72,74.56
2026-08-12T10:05Z,10347.38,109.81,7401.82,102.8,7418.21,95.32,2026.01,99.34,1247.72,85.57
2026-08-12T10:10Z,10311.99,105.33,7329.98,100.43,7365.93,90.56,2005.46,94.6,1255.92,81.3
2026-08-12T10:15Z,10271.71,97.63,7342.46,93.09,7366.11,84.62,2012.66,89.1,1252.27,75.73
2026-08-12T10:20Z,10271.3,97.63,7276.35,94.81,7320.43,83.93,2019.59,88.44,1244.01,74.61
2026-08-12T10:25Z,10232.89,97.63,7241.64,95.38,7257.57,83.25,2014.49,88.44,1238.76,65.2
2026-08-12T10:30Z,10189.41,94.01,7159.91,91.74,7217.76,80.1,1999.87,85.37,1231.51,65.2
2026-08-12T10:35Z,10157.84,97.63,7155.44,95.89,7211.37,84.49,1995.02,88.98,1228.75,75.38
2026-08-12T10:40Z,10114.82,98.72,7266.46,99.0,7273.38,84.75,1977.37,88.44,1220.14,75.34
2026-08-12T10:45Z,10098.58,97.63,7212.54,98.49,7285.44,84.11,1964.18,88.44,1222.36,74.78
2026-08-12T10:50Z,10112.87,101.24,7214.97,102.8,7142.97,86.11,1942.71,90.24,1215.43,77.33
2026-08-12T10:55Z,10069.42,103.26,7171.23,102.8,7211.45,88.54,1933.41,92.33,1206.04,79.5
2026-08-12T11:00Z,10011.34,104.88,7159.9,105.08,7141.0,90.56,1920.55,93.8,1198.42,81.32
2026-08-12T11:05Z,10010.12,103.07,7119.96,102.55,6984.03,88.85,1915.67,93.59,1205.63,80.58
2026-08-12T11:10Z,9938.06,97.55,7152.0,96.48,6972.79,85.47,1919.88,88.44,1214.39,77.52
2026-08-12T11:15Z,9857.63,83.99,7053.79,79.35,6857.79,75.31,1908.78,80.62,1218.14,68.32
2026-08-12T11:20Z,9773.7,88.8,7016.01,84.5,6903.17,80.36,1916.83,88.44,1207.89,72.43
2026-08-12T11:25Z,9728.36,84.79,7079.41,81.68,6875.13,76.69,1908.92,84.37,1197.89,68.9
2026-08-12T11:30Z,9703.0,81.54,7019.12,78.54,6779.31,73.09,1888.55,80.44,1197.47,65.68
2026-08-12T11:35Z,9627.29,97.63,6921.16,95.06,6737.36,90.23,1858.95,98.45,1202.08,82.13
2026-08-12T11:40Z,9502.25,97.55,6954.59,95.04,6683.0,92.26,1849.01,100.5,1177.14,83.71
2026-08-12T11:45Z,9393.91,86.55,6972.93,85.43,6687.35,81.81,1825.7,88.44,1171.85,74.0
2026-08-12T11:50Z,9379.75,80.0,6917.48,78.54,6648.56,74.94,1805.42,81.24,1166.11,67.79
2026-08-12T11:55Z,9356.28,80.0,6928.22,79.42,6535.6,73.17,1802.49,80.44,1155.15,65.98
2026-08-12T12:00Z,9243.79,77.47,6781.61,75.78,6534.5,72.01,1799.69,79.77,1142.73,65.14
2026-08-12T12:05Z,9115.76,76.99,6701.89,75.24,6484.35,72.11,1789.59,80.44,1126.31,64.61
2026-08-12T12:10Z,9249.85,82.16,6673.9,78.73,6469.03,76.79,1757.95,84.85,1124.11,68.81
2026-08-12T12:15Z,9226.68,81.91,6700.28,78.54,6413.15,75.81,1729.3,83.96,1122.85,67.94
2026-08-12T12:20Z,9174.18,78.12,6599.88,73.86,6320.79,71.7,1731.2,80.44,1122.47,64.06
2026-08-12T12:25Z,9089.42,71.87,6591.65,68.82,6304.48,66.0,1728.13,74.38,1114.05,58.96
2026-08-12T12:30Z,9034.11,65.59,6494.2,62.73,6274.89,59.73,1716.97,67.26,1108.91,53.18
2026-08-12T12:35Z,8969.63,69.99,6438.18,66.89,6194.3,63.2,1702.87,70.9,1112.7,57.2
2026-08-12T12:40Z,8943.45,72.78,6415.18,69.1,6182.1,65.64,1678.14,73.84,1095.82,59.98
2026-08-12T12:45Z,8907.36,79.14,6387.05,74.32,6147.17,71.86,1658.82,80.44,1079.59,65.24
2026-08-12T12:50Z,8832.05,73.01,6368.46,68.84,6078.76,65.73,1635.05,72.99,1075.22,60.07
2026-08-12T12:55Z,8735.13,69.99,6319.94,66.8,6032.55,62.99,1624.9,70.24,1064.49,57.57
2026-08-12T13:00Z,8777.58,69.99,6263.08,66.31,6005.22,63.36,1595.64,72.59,1054.49,57.73
2026-08-12T13:05Z,8705.7,69.99,6232.8,68.82,5893.06,60.5,1604.25,67.03,1043.85,55.12
2026-08-12T13:10Z,8694.01,66.53,6270.94,64.27,5969.24,57.49,1587.73,62.75,1059.59,52.37
2026-08-12T13:15Z,8673.25,72.02,6239.58,69.1,6002.45,61.75,1582.38,67.09,1049.34,56.25
2026-08-12T13:20Z,8613.09,71.27,6233.44,68.82,6065.68,62.07,1565.51,67.87,1049.77,56.35
2026-08-12T13:25Z,8467.63,66.53,6180.06,64.61,5997.4,55.33,1543.19,60.01,1038.54,50.24
2026-08-12T13:30Z,8546.16,73.2,6166.65,68.84,6019.46,65.29,1563.63,72.85,1041.31,59.47
2026-08-12T13:35Z,8473.97,73.22,6139.22,68.84,5991.35,64.82,1588.38,73.03,1031.57,58.86
2026-08-12T13:40Z,8397.57,71.79,6162.35,68.82,5949.19,62.11,1579.43,68.93,1050.1,56.95
2026-08-12T13:45Z,8296.94,67.99,6143.3,65.16,5905.26,46.9,1579.42,58.0,1051.95,50.12
2026-08-12T13:50Z,8269.62,69.99,6148.45,67.52,5850.64,34.62,1586.69,53.0,1026.39,44.95
2026-08-12T13:55Z,8227.85,73.15,6066.52,69.1,5731.11,64.28,1583.13,76.67,1016.96,58.95
2026-08-12T14:00Z,8316.94,73.15,6030.34,67.82,5707.64,21.68,1546.37,49.02,1027.45,42.39
2026-08-12T14:05Z,8200.29,66.53,5973.72,60.47,5773.65,35.07,1593.5,53.0,1005.35,44.78
2026-08-12T14:10Z,8410.84,66.53,5966.51,60.09,5743.25,60.73,1591.48,67.33,1013.94,57.09
2026-08-12T14:15Z,8420.61,66.53,6024.87,60.51,5699.34,59.68,1580.21,65.83,1015.92,55.77
2026-08-12T14:20Z,8319.28,69.99,5985.17,64.45,5652.64,20.63,1585.02,46.53,1011.14,38.22
2026-08-12T14:25Z,8316.13,72.0,5894.61,66.64,5706.36,64.74,1593.72,72.94,999.85,60.31
2026-08-12T14:30Z,8322.62,66.53,5904.96,60.8,5649.79,37.48,1561.03,52.0,998.44,45.35
2026-08-12T14:35Z,8251.19,66.53,5878.63,61.56,5630.75,39.56,1571.68,53.0,987.43,46.11
2026-08-12T14:40Z,8341.39,73.15,5851.58,68.84,5639.23,45.24,1612.08,58.97,978.14,50.12
2026-08-12T14:45Z,8340.51,66.53,5877.62,61.94,5505.34,59.14,1622.16,63.51,983.04,54.77
2026-08-12T14:50Z,8236.69,66.53,5858.55,60.38,5461.39,20.53,1595.41,44.29,991.34,36.46
2026-08-12T14:55Z,8271.67,66.53,5770.51,61.48,5422.9,20.63,1623.18,45.35,985.3,37.08
2026-08-12T15:00Z,8155.75,63.66,5804.03,57.36,5445.35,35.94,1630.23,50.21,978.06,43.86
2026-08-12T15:05Z,8168.28,69.99,5776.21,63.05,5446.92,64.96,1624.85,73.87,982.78,62.66
2026-08-12T15:10Z,8033.19,72.0,5752.11,64.85,5338.37,60.42,1611.61,71.36,980.06,60.18
2026-08-12T15:15Z,8008.08,69.99,5769.65,65.09,5340.12,62.8,1562.14,68.78,971.86,60.02
2026-08-12T15:20Z,7915.24,66.53,5789.72,61.5,5320.97,51.05,1553.91,59.54,971.25,52.23
2026-08-12T15:25Z,7852.88,66.53,5733.56,59.16,5301.79,36.1,1581.31,52.73,972.61,44.82
2026-08-12T15:30Z,7817.94,66.53,5749.55,61.09,5293.2,51.05,1590.65,62.57,970.17,52.8
2026-08-12T15:35Z,7838.91,73.15,5653.79,64.98,5186.35,65.09,1567.92,72.22,974.62,63.05
2026-08-12T15:40Z,7849.93,73.15,5661.33,66.24,5188.16,51.05,1541.23,62.4,987.33,56.54
2026-08-12T15:45Z,7790.69,66.53,5679.01,58.37,5222.56,59.13,1546.44,66.63,984.23,60.4
2026-08-12T15:50Z,7846.13,66.53,5625.28,57.66,5149.86,45.24,1547.34,58.31,988.69,50.96
2026-08-12T15:55Z,7781.71,73.2,5684.65,67.23,5125.99,45.24,1533.97,59.96,980.98,53.17
2026-08-12T16:00Z,7768.34,73.15,5672.85,67.1,5173.34,45.24,1521.02,58.99,970.82,53.5
2026-08-12T16:05Z,7697.63,73.15,5604.46,63.72,5137.44,36.1,1512.17,55.6,969.98,49.18
2026-08-12T16:10Z,7690.62,69.99,5587.34,60.96,5134.95,45.24,1520.55,58.67,967.74,52.11
2026-08-12T16:15Z,7633.91,69.99,5651.82,61.4,5102.65,51.05,1507.87,60.03,971.26,55.14
2026-08-12T16:20Z,7561.05,69.99,5627.76,61.0,5103.87,51.05,1482.56,60.14,970.89,53.96
2026-08-12T16:25Z,7504.79,73.2,5653.22,66.3,4996.35,40.74,1483.22,44.58,976.44,40.1
2026-08-12T16:30Z,7566.25,73.2,5625.46,64.6,5006.36,40.19,1505.19,44.02,974.32,40.1
2026-08-12T16:35Z,7578.59,73.2,5620.03,64.19,4973.57,50.94,1503.14,54.94,979.33,50.13
2026-08-12T16:40Z,7568.65,73.2,5621.72,64.19,4993.54,49.28,1484.54,52.0,982.8,48.65
2026-08-12T16:45Z,7484.18,73.2,5661.92,65.46,4966.29,48.99,1492.51,53.0,979.91,48.05
2026-08-12T16:50Z,7466.84,79.32,5648.0,69.58,4969.28,45.24,1463.56,52.0,975.26,46.57
2026-08-12T16:55Z,7376.44,77.13,5610.53,69.1,4983.64,35.94,1483.92,39.33,980.64,35.92
2026-08-12T17:00Z,7346.08,66.53,5630.02,58.72,4990.03,10.65,1491.93,38.21,971.54,33.87
2026-08-12T17:05Z,7366.01,66.53,5655.32,58.74,4992.73,34.0,1497.0,37.1,972.27,33.26
2026-08-12T17:10Z,7354.81,66.53,5636.62,58.36,4916.21,36.1,1466.67,39.81,978.32,35.19
2026-08-12T17:15Z,7366.49,66.53,5667.1,58.76,4910.71,34.0,1458.77,37.01,981.75,33.28
2026-08-12T17:20Z,7327.93,69.99,5610.77,61.77,4941.53,30.21,1464.75,32.37,978.65,29.69
2026-08-12T17:25Z,7359.4,69.99,5649.02,62.99,4839.14,19.08,1488.03,20.41,980.23,18.97
2026-08-12T17:30Z,7246.42,66.53,5671.59,58.39,4812.3,19.18,1490.99,20.3,980.14,19.07
2026-08-12T17:35Z,7237.36,66.53,5650.68,57.65,4855.04,15.04,1473.54,15.96,978.0,15.1
2026-08-12T17:40Z,7312.06,66.53,5588.93,57.36,4872.81,34.0,1473.5,36.61,980.7,33.28
2026-08-12T17:45Z,7277.85,66.53,5586.67,57.36,4903.42,34.0,1457.32,37.67,980.83,33.28
2026-08-12T17:50Z,7332.65,66.53,5646.67,57.66,4863.81,20.68,1469.82,22.71,971.26,20.45
2026-08-12T17:55Z,7350.76,66.53,5695.48,58.06,4829.53,35.94,1451.37,39.75,974.2,35.14
2026-08-12T18:00Z,7310.53,66.53,5713.44,57.71,4875.72,34.0,1425.7,36.68,979.45,33.28
2026-08-12T18:05Z,7379.29,73.2,5685.02,63.46,4903.84,20.68,1408.41,21.92,983.16,21.91
2026-08-12T18:10Z,7406.14,73.2,5742.01,63.1,4961.22,15.08,1415.69,16.05,985.58,15.31
2026-08-12T18:15Z,7402.17,73.2,5698.55,63.47,4942.34,15.08,1402.17,16.09,987.83,17.18
2026-08-12T18:20Z,7267.97,73.2,5704.29,63.89,4952.4,34.0,1420.04,37.05,987.1,33.38
2026-08-12T18:25Z,7291.51,73.2,5780.56,65.17,4968.46,12.96,1398.24,14.12,988.57,13.12
2026-08-12T18:30Z,7321.06,65.89,5815.32,59.06,4956.28,15.08,1408.44,38.39,983.44,32.6
2026-08-12T18:35Z,7354.03,65.89,5806.47,59.43,4892.39,13.03,1386.97,14.17,985.26,13.18
2026-08-12T18:40Z,7342.67,66.53,5908.12,61.24,4886.8,8.08,1408.66,8.77,990.04,10.08
2026-08-12T18:45Z,7340.25,66.53,5878.8,61.61,5017.39,10.5,1401.08,11.24,977.47,10.1
2026-08-12T18:50Z,7445.85,74.83,5876.5,68.84,5016.79,0.0,1397.68,0.0,991.69,10.12
2026-08-12T18:55Z,7467.35,75.28,5903.65,68.84,5016.41,10.5,1413.37,11.84,990.37,10.19
2026-08-12T19:00Z,7486.61,74.77,5941.93,68.84,5050.02,5.05,1398.83,5.59,1001.12,4.83
2026-08-12T19:05Z,7473.77,69.99,6050.91,66.2,5075.56,10.13,1411.19,11.04,1002.25,10.39
2026-08-12T19:10Z,7645.8,73.73,6012.37,68.82,5194.23,10.5,1395.5,11.53,1018.47,10.75
2026-08-12T19:15Z,7680.4,80.0,6165.67,75.77,5149.54,5.05,1394.01,5.61,1032.64,10.1
2026-08-12T19:20Z,7791.03,80.0,6172.64,75.3,5193.52,34.0,1422.28,38.25,1033.0,33.22
2026-08-12T19:25Z,7826.96,83.37,6218.49,78.52,5216.49,10.5,1413.39,39.55,1038.41,32.39
2026-08-12T19:30Z,7861.58,88.88,6266.96,83.22,5327.33,10.65,1421.79,48.9,1042.11,42.28
2026-08-12T19:35Z,7952.39,80.0,6227.74,73.91,5426.61,10.65,1410.14,44.29,1048.56,36.33
2026-08-12T19:40Z,8129.11,84.79,6332.73,79.43,5479.04,10.65,1416.64,36.06,1043.1,29.94
2026-08-12T19:45Z,8213.36,85.38,6400.48,79.55,5539.97,15.08,1435.38,49.01,1043.5,40.67
2026-08-12T19:50Z,8281.83,83.99,6495.85,79.55,5652.96,37.08,1432.21,61.3,1037.43,50.14
2026-08-12T19:55Z,8356.15,84.29,6425.9,78.54,5673.12,29.06,1455.56,57.4,1054.2,48.14
2026-08-12T20:00Z,8438.41,100.19,6540.27,91.73,5643.51,19.18,1458.72,59.81,1062.69,49.14
2026-08-12T20:05Z,8535.75,88.88,6631.22,82.5,5814.47,45.24,1481.24,74.44,1066.35,56.05
2026-08-12T20:10Z,8776.91,97.55,6718.48,91.73,5850.7,15.08,1482.62,55.34,1091.38,45.35
2026-08-12T20:15Z,8939.14,100.24,6793.24,93.21,5971.12,12.5,1470.48,54.61,1099.81,46.22
2026-08-12T20:20Z,8953.92,88.88,6840.45,83.69,6147.44,61.4,1483.97,78.01,1107.47,65.19
2026-08-12T20:25Z,9082.29,96.62,6914.71,91.73,6239.71,39.86,1489.1,68.58,1133.89,58.37
2026-08-12T20:30Z,9234.55,87.85,7038.82,85.15,6288.91,47.03,1501.42,67.8,1150.63,58.83
2026-08-12T20:35Z,9398.16,87.85,7001.01,83.49,6436.16,31.51,1508.52,60.26,1163.45,51.14
2026-08-12T20:40Z,9521.39,97.55,7135.73,93.15,6549.98,33.88,1541.08,67.67,1175.62,56.62
2026-08-12T20:45Z,9653.05,97.55,7123.48,93.15,6669.62,47.29,1567.63,74.44,1180.24,63.73
2026-08-12T20:50Z,9782.16,97.1,7048.28,91.73,6787.67,50.48,1566.75,75.17,1184.62,65.21
2026-08-12T20:55Z,9901.05,97.63,7013.89,92.18,6814.87,50.48,1609.12,76.37,1195.25,65.46
2026-08-12T21:00Z,9939.48,97.55,7088.08,91.73,6889.26,50.48,1620.95,78.79,1206.23,66.91
2026-08-12T21:05Z,9940.37,97.55,7071.4,88.7,6960.92,50.48,1650.32,80.09,1210.48,68.03
2026-08-12T21:10Z,9994.26,106.85,7060.36,97.14,6981.86,50.48,1675.88,89.59,1200.46,75.69
2026-08-12T21:15Z,9972.53,113.07,7001.14,101.43,7104.88,50.48,1695.44,92.39,1215.71,77.75
2026-08-12T21:20Z,10024.79,101.61,6900.25,89.88,7198.63,50.48,1714.26,101.02,1224.43,73.37
2026-08-12T21:25Z,10070.49,89.87,6900.29,77.49,7213.45,50.48,1738.95,101.02,1230.92,67.36
2026-08-12T21:30Z,10018.34,87.85,6818.24,75.69,7335.84,60.89,1751.4,84.44,1244.03,72.0
2026-08-12T21:35Z,9969.76,87.85,6750.46,71.68,7351.6,82.31,1767.56,99.06,1248.94,84.51
2026-08-12T21:40Z,9903.41,87.85,6681.6,76.54,7423.67,87.5,1800.47,103.46,1287.33,88.24
2026-08-12T21:45Z,9888.09,87.85,6512.35,55.53,7400.27,57.79,1796.39,84.25,1284.16,70.22
2026-08-12T21:50Z,9804.73,87.85,6466.06,6.83,7386.94,57.64,1828.3,84.44,1291.68,70.32
2026-08-12T21:55Z,9753.35,97.63,6296.18,54.61,7395.49,55.67,1824.25,104.05,1296.48,75.71
2026-08-12T22:00Z,9535.06,87.85,6189.66,55.53,7389.23,75.87,1822.12,96.08,1293.85,81.18
2026-08-12T22:05Z,9492.73,97.63,6125.21,54.75,7337.41,75.8,1833.31,101.15,1291.7,85.44
2026-08-12T22:10Z,9459.45,87.85,6021.8,8.0,7417.49,83.91,1820.66,97.43,1286.85,85.35
2026-08-12T22:15Z,9389.7,87.85,5851.47,38.05,7399.86,87.14,1811.14,101.14,1279.62,86.81
2026-08-12T22:20Z,9153.08,87.85,5799.48,6.83,7448.63,82.95,1798.32,100.45,1271.7,84.58
2026-08-12T22:25Z,9129.4,87.85,5691.61,5.25,7393.51,82.93,1807.2,100.98,1269.12,83.56
2026-08-12T22:30Z,8946.83,61.58,5597.21,39.75,7270.0,55.67,1781.76,120.73,1253.71,58.81
2026-08-12T22:35Z,8840.8,68.02,5481.4,0.03,7251.54,55.67,1722.69,101.91,1225.49,60.93
2026-08-12T22:40Z,8763.75,69.99,5394.18,5.3,7276.67,50.48,1671.72,101.02,1206.22,58.89
2026-08-12T22:45Z,8576.11,64.95,5292.4,6.85,7227.81,70.89,1622.94,101.04,1201.91,68.16
2026-08-12T22:50Z,8350.81,66.53,5225.48,5.3,7123.63,50.48,1590.16,101.02,1205.84,57.49
2026-08-12T22:55Z,8325.29,68.02,5111.71,0.01,7096.42,74.11,1581.28,101.02,1211.22,70.16
2026-08-12T23:00Z,8193.06,68.02,5058.93,0.0,7102.6,74.99,1533.18,101.02,1200.91,70.16
2026-08-12T23:05Z,8096.32,80.0,4939.58,0.0,6998.84,68.48,1508.53,101.02,1182.63,70.83
2026-08-12T23:10Z,8031.25,87.85,4894.53,0.0,7033.84,68.48,1477.57,101.04,1187.45,73.74
2026-08-12T23:15Z,7902.49,84.79,4858.37,0.0,6943.57,68.48,1439.14,92.79,1197.32,72.31
2026-08-12T23:20Z,7797.36,80.0,4792.05,-0.99,6978.07,68.48,1417.82,101.02,1187.92,70.7
2026-08-12T23:25Z,7741.34,78.08,4673.02,-1.0,6946.62,68.48,1380.37,89.09,1173.86,70.16
2026-08-12T23:30Z,7611.21,66.53,4738.71,-1.0,6945.64,68.48,1374.36,101.02,1168.59,70.22
2026-08-12T23:35Z,7423.02,66.53,4613.58,-1.31,6920.45,89.0,1360.1,101.02,1143.22,82.25
2026-08-12T23:40Z,7522.56,73.2,4514.21,-2.15,6895.92,89.0,1338.53,101.02,1144.22,82.0
2026-08-12T23:45Z,7425.37,69.99,4459.23,-1.92,6867.61,89.0,1323.44,101.02,1125.72,82.0
2026-08-12T23:50Z,7381.79,76.09,4395.09,-6.5,6826.28,89.0,1315.69,101.02,1122.31,81.75
2026-08-12T23:55Z,7247.9,69.99,4390.59,-5.03,6688.89,75.19,1274.34,101.02,1111.06,70.16
2026-08-13T00:00Z,7210.08,69.99,4307.95,-6.5,6672.79,75.96,1260.28,101.02,1105.25,70.22
2026-08-13T00:05Z,7104.4,72.74,4265.51,-6.5,6643.1,77.63,1228.25,84.44,1106.8,72.22
2026-08-13T00:10Z,7110.44,83.99,4206.73,-7.01,6695.23,89.0,1212.96,86.21,1111.58,82.79
2026-08-13T00:15Z,6999.23,73.2,4181.26,-8.0,6696.21,78.19,1228.13,84.51,1109.74,72.51
2026-08-13T00:20Z,6813.37,67.99,4085.21,-8.71,6697.27,75.49,1221.06,84.51,1101.54,70.22
2026-08-13T00:25Z,6796.71,66.53,4032.68,-8.79,6619.13,70.5,1202.06,84.44,1088.4,67.18
2026-08-13T00:30Z,6729.8,66.53,3998.12,-8.71,6647.93,69.92,1191.07,79.99,1066.93,65.64
2026-08-13T00:35Z,6648.4,68.02,3994.88,-8.71,6662.96,72.12,1204.59,84.44,1058.64,67.29
2026-08-13T00:40Z,6639.42,66.53,3928.77,-8.0,6659.5,70.65,1236.15,101.02,1048.57,65.92
2026-08-13T00:45Z,6493.43,63.28,3909.22,-7.01,6506.26,66.6,1223.64,84.51,1060.73,62.35
2026-08-13T00:50Z,6456.76,66.53,3889.6,-8.51,6457.56,71.22,1232.62,101.02,1052.03,66.47
2026-08-13T00:55Z,6378.56,56.23,3836.94,-8.51,6460.66,60.16,1217.53,101.02,1050.73,56.32
2026-08-13T01:00Z,6356.2,52.25,3822.92,-8.51,6411.94,75.4,1235.68,101.02,1055.42,70.16
2026-08-13T01:05Z,6232.92,52.22,3788.5,-8.8,6360.95,81.68,1225.74,101.02,1036.23,75.77
2026-08-13T01:10Z,6389.08,66.53,3862.59,-8.76,6634.5,94.31,1242.58,101.02,1036.29,87.99
2026-08-13T01:15Z,6286.75,66.53,3817.28,-8.79,6665.21,95.47,1221.44,155.9,1032.28,88.24
2026-08-13T01:20Z,6254.07,52.29,3810.36,-8.8,6594.0,100.3,1191.77,101.02,1042.85,91.57
2026-08-13T01:25Z,6265.9,52.3,3864.36,-8.79,6550.93,95.45,1219.9,99.38,1027.13,88.24
2026-08-13T01:30Z,6269.13,52.3,3792.9,-9.07,6452.52,83.71,1203.28,86.51,1043.86,78.13
2026-08-13T01:35Z,6190.57,66.53,3750.49,-8.8,6401.2,116.4,1172.75,125.02,1042.02,105.63
2026-08-13T01:40Z,6076.73,66.53,3818.06,-8.8,6344.6,83.71,1176.48,89.67,1029.05,77.42
2026-08-13T01:45Z,6055.78,64.95,3727.77,-11.3,6336.62,83.71,1176.78,89.69,1023.56,77.66
2026-08-13T01:50Z,6047.13,66.53,3636.36,-9.07,6307.62,79.72,1166.88,88.06,1018.08,73.73
2026-08-13T01:55Z,5920.82,52.27,3687.55,-9.07,6315.4,79.72,1134.97,88.06,1020.11,73.96
2026-08-13T02:00Z,5861.57,52.29,3711.48,-11.3,6355.67,83.71,1097.09,87.84,1025.97,78.14
2026-08-13T02:05Z,5927.14,60.1,3564.66,-9.07,6325.35,80.48,1086.15,84.44,1044.29,75.13
2026-08-13T02:10Z,5779.52,52.3,3631.6,-9.07,6354.63,83.71,1075.56,86.72,1037.87,78.38
2026-08-13T02:15Z,5733.2,36.87,3590.91,-11.3,6338.9,83.71,1061.56,85.26,1045.14,79.21
2026-08-13T02:20Z,5785.31,-8.0,3641.59,-8.8,6381.5,94.53,1034.46,94.67,1043.08,88.24
2026-08-13T02:25Z,5896.65,57.39,3635.86,-9.07,6378.92,96.89,1033.04,100.78,1023.77,88.48
2026-08-13T02:30Z,5787.56,52.29,3686.45,-9.07,6252.55,83.71,1025.72,86.7,1017.35,77.67
2026-08-13T02:35Z,5724.84,42.8,3607.18,-9.07,6308.09,83.71,969.26,86.12,1009.15,79.21
2026-08-13T02:40Z,5728.18,52.29,3605.48,-11.3,6310.09,83.71,999.8,85.85,997.32,78.38
2026-08-13T02:45Z,5705.97,52.3,3672.45,-11.3,6253.47,94.82,1000.56,96.99,968.33,88.24
2026-08-13T02:50Z,5690.89,52.3,3644.31,-23.0,6223.96,95.41,998.62,97.62,956.86,88.24
2026-08-13T02:55Z,5730.13,52.29,3629.8,-24.99,6235.27,83.71,973.59,85.21,986.2,78.39
2026-08-13T03:00Z,5683.41,42.8,3616.64,-11.3,6318.7,94.53,973.54,95.11,978.28,88.24
2026-08-13T03:05Z,5680.67,52.21,3613.0,-11.3,6348.82,95.72,945.74,96.14,993.9,88.24
2026-08-13T03:10Z,5598.51,52.21,3663.74,-11.3,6404.61,115.42,939.9,116.64,991.46,104.06
2026-08-13T03:15Z,5614.38,52.29,3726.52,-9.07,6379.19,87.17,911.55,86.88,977.08,79.85
2026-08-13T03:20Z,5588.91,52.21,3709.6,-24.99,6433.04,85.81,896.51,84.44,986.28,78.85
2026-08-13T03:25Z,5656.77,0.9,3682.44,-9.07,6384.69,81.68,884.88,79.43,987.99,75.06
2026-08-13T03:30Z,5660.53,1.2,3677.57,-8.8,6286.49,83.71,893.93,83.83,973.91,76.69
2026-08-13T03:35Z,5734.47,52.21,3746.83,-11.3,6263.19,83.71,867.81,84.02,1013.65,76.7
2026-08-13T03:40Z,5651.56,52.21,3850.15,-8.8,6311.9,83.71,845.75,83.86,995.91,76.45
2026-08-13T03:45Z,5647.29,52.21,3793.78,-9.07,6292.66,83.5,840.32,82.23,994.06,76.02
2026-08-13T03:50Z,5689.69,52.21,3844.36,-9.07,6244.72,92.06,837.16,94.68,990.41,84.88
2026-08-13T03:55Z,5701.85,42.8,3895.95,-8.79,6281.85,86.27,841.22,85.95,1006.88,79.54
2026-08-13T04:00Z,5641.95,35.97,3851.59,-11.3,6232.83,83.71,824.07,83.3,992.61,76.94
2026-08-13T04:05Z,5756.52,-7.91,3975.86,-9.07,6212.72,86.27,831.68,86.0,998.21,79.3
2026-08-13T04:10Z,5843.79,-5.51,4009.83,-9.07,6196.26,83.71,831.55,82.16,1000.55,76.95
2026-08-13T04:15Z,5826.32,-9.32,4113.23,-8.76,6228.93,86.27,874.15,87.52,1003.15,79.55
2026-08-13T04:20Z,5920.09,-4.54,4104.05,-8.71,6207.89,83.5,870.31,84.44,997.63,76.27
2026-08-13T04:25Z,5919.69,-3.76,4235.77,-8.71,6113.52,81.68,876.87,83.69,1001.56,73.22
2026-08-13T04:30Z,5986.74,57.23,4235.07,-8.71,6120.33,81.68,893.8,84.44,1015.77,73.22
2026-08-13T04:35Z,5874.43,-4.31,4335.66,-8.06,6099.25,82.76,929.9,84.44,1016.19,74.19
2026-08-13T04:40Z,6085.12,0.0,4340.09,-11.3,6056.31,79.2,932.33,78.42,1007.25,71.23
2026-08-13T04:45Z,6166.79,66.53,4466.52,-11.3,6080.58,83.5,948.43,83.73,1020.83,75.1
2026-08-13T04:50Z,6196.34,1.2,4550.19,-9.07,6174.67,83.71,968.12,85.83,1017.29,75.27
2026-08-13T04:55Z,6352.86,1.2,4583.87,-11.3,6180.51,83.71,953.57,84.44,1021.43,75.27
2026-08-13T05:00Z,6334.65,-10.5,4703.19,-9.07,6247.67,83.71,963.65,84.44,1046.54,75.26
2026-08-13T05:05Z,6484.59,-9.5,4707.77,-11.3,6139.75,83.5,990.12,84.44,1052.52,74.85
2026-08-13T05:10Z,6570.23,-10.5,4854.78,-9.07,6115.86,83.71,1001.61,86.29,1041.26,75.04
2026-08-13T05:15Z,6569.81,-5.43,4939.8,-8.76,6185.58,83.71,1045.26,87.86,1037.7,75.27
2026-08-13T05:20Z,6691.29,51.79,5009.07,-8.71,6316.91,81.68,1086.43,84.5,1032.13,73.66
2026-08-13T05:25Z,6851.89,69.99,5159.99,-7.75,6244.3,86.27,1116.2,92.3,1043.18,77.81
2026-08-13T05:30Z,6796.27,42.8,5237.38,-6.5,6298.74,96.93,1137.36,101.04,1038.5,87.7
2026-08-13T05:35Z,6966.76,47.73,5373.22,-6.5,6343.68,148.75,1132.82,150.66,1050.29,134.57
2026-08-13T05:40Z,7121.82,47.89,5468.19,-3.0,6355.28,105.95,1105.13,105.04,1051.42,94.94
2026-08-13T05:45Z,7295.32,46.69,5457.51,-2.5,6440.01,139.0,1182.3,139.44,1055.77,124.94
2026-08-13T05:50Z,7397.11,42.8,5673.86,0.0,6457.13,110.96,1197.05,112.24,1058.18,99.73
2026-08-13T05:55Z,7444.52,42.8,5661.83,-2.5,6543.38,112.08,1232.65,113.91,1070.93,101.04
2026-08-13T06:00Z,7556.22,67.99,5836.64,0.0,6544.92,99.21,1265.33,101.04,1072.45,89.44
2026-08-13T06:05Z,7661.43,48.99,5904.16,41.39,6582.68,99.19,1299.63,101.02,1071.83,88.85
2026-08-13T06:10Z,7871.19,67.99,5999.64,58.04,6662.1,99.19,1341.54,101.02,1078.57,70.18
2026-08-13T06:15Z,7962.01,79.54,6103.75,68.84,6703.53,99.13,1370.93,101.02,1075.06,88.49
2026-08-13T06:20Z,8023.23,80.44,6220.31,68.84,6719.18,98.95,1403.67,101.02,1087.99,88.32
2026-08-13T06:25Z,8217.45,94.07,6257.31,79.55,6817.09,101.73,1409.95,101.02,1083.38,90.79
2026-08-13T06:30Z,8375.58,102.72,6410.85,85.39,6885.44,139.0,1437.89,140.74,1101.01,124.05
2026-08-13T06:35Z,8470.27,102.87,6513.09,87.83,6867.15,105.88,1454.84,107.74,1098.46,70.22
2026-08-13T06:40Z,8627.47,120.53,6649.88,107.73,6982.31,122.06,1469.15,127.98,1092.21,70.18
2026-08-13T06:45Z,8544.16,110.07,6758.39,101.05,6962.94,109.0,1498.75,108.08,1103.96,98.21
2026-08-13T06:50Z,8651.47,101.1,6823.82,92.51,7009.13,104.3,1507.4,102.25,1121.02,94.57
2026-08-13T06:55Z,8900.26,101.1,6876.91,92.51,7189.94,118.94,1528.67,118.79,1136.29,107.12
2026-08-13T07:00Z,9006.03,106.52,6966.29,95.44,7243.15,109.0,1564.63,106.94,1146.25,97.85
2026-08-13T07:05Z,9095.19,99.9,7056.83,89.73,7210.65,103.19,1594.22,101.02,1149.8,92.35
2026-08-13T07:10Z,9127.67,90.49,7031.26,84.43,7329.46,122.57,1629.1,124.79,1140.56,109.3
2026-08-13T07:15Z,9253.86,100.18,7094.05,91.74,7365.27,115.1,1664.17,118.26,1160.98,102.65
2026-08-13T07:20Z,9417.26,105.02,7107.47,94.09,7425.94,110.5,1693.04,112.35,1158.55,88.18
2026-08-13T07:25Z,9523.0,112.45,7204.25,104.83,7406.42,115.0,1717.82,118.07,1154.17,102.2
2026-08-13T07:30Z,9531.78,114.46,7244.01,107.73,7482.96,130.25,1744.64,130.44,1166.76,116.14
2026-08-13T07:35Z,9705.05,97.63,7345.13,93.78,7548.77,115.43,1765.51,119.21,1174.1,102.56
2026-08-13T07:40Z,9912.28,97.63,7372.06,91.73,7622.19,129.06,1755.68,130.44,1186.98,115.43
2026-08-13T07:45Z,10042.69,121.0,7443.84,112.71,7631.58,129.06,1792.95,130.44,1185.3,115.05
2026-08-13T07:50Z,9963.4,117.07,7482.36,107.73,7669.05,129.5,1824.22,130.44,1194.62,115.82
2026-08-13T07:55Z,10008.31,98.69,7524.55,93.21,7724.82,138.95,1854.34,139.54,1198.95,125.05
2026-08-13T08:00Z,10253.96,109.96,7595.26,101.94,7769.96,138.95,1876.6,140.73,1211.39,125.04
2026-08-13T08:05Z,10230.77,118.11,7631.09,109.55,7756.26,138.95,1902.93,139.78,1212.38,124.24
2026-08-13T08:10Z,10152.25,110.03,7584.67,103.98,7654.21,129.76,1934.68,132.16,1216.98,116.42
2026-08-13T08:15Z,10136.27,109.96,7624.39,102.8,7634.53,131.07,1947.51,134.0,1223.35,117.6
2026-08-13T08:20Z,10273.59,109.96,7649.53,100.71,7726.92,129.74,1962.61,130.99,1229.27,116.76
2026-08-13T08:25Z,10293.64,110.03,7669.77,102.0,7735.17,128.82,1971.43,130.69,1221.39,115.93
2026-08-13T08:30Z,10282.74,110.03,7648.15,105.39,7661.91,124.58,1988.64,129.12,1208.85,112.13
2026-08-13T08:35Z,10303.0,110.03,7552.42,104.83,7703.28,121.6,1988.74,126.01,1221.57,109.44
2026-08-13T08:40Z,10268.01,109.26,7577.49,102.55,7725.9,118.8,2003.27,123.15,1217.61,106.57
2026-08-13T08:45Z,10242.2,109.96,7610.28,105.26,7723.8,117.74,2020.37,122.21,1214.54,104.94
2026-08-13T08:50Z,10280.95,109.96,7584.27,104.83,7632.56,113.92,2027.27,118.0,1229.26,101.22
2026-08-13T08:55Z,10395.68,109.96,7562.83,101.24,7634.77,110.5,2011.53,113.47,1222.49,70.22
2026-08-13T09:00Z,10352.72,109.96,7522.4,103.15,7684.84,110.19,1998.68,113.5,1208.06,68.22
2026-08-13T09:05Z,10302.98,107.72,7508.55,105.67,7704.97,109.0,2030.84,113.3,1202.42,68.22
2026-08-13T09:10Z,10300.07,110.01,7480.09,105.49,7662.26,109.47,2024.07,112.51,1194.34,97.9
2026-08-13T09:15Z,10247.15,113.94,7517.2,109.55,7661.88,115.0,2024.9,117.35,1190.46,103.18
2026-08-13T09:20Z,10217.09,111.03,7415.5,105.35,7634.84,115.0,1999.72,118.62,1185.86,103.18
2026-08-13T09:25Z,10272.03,109.96,7426.13,105.01,7627.06,115.0,2012.3,119.55,1188.25,103.51
2026-08-13T09:30Z,10249.4,105.53,7419.42,100.13,7531.08,109.14,2000.84,113.04,1184.67,98.25
2026-08-13T09:35Z,10257.34,113.94,7378.75,108.75,7504.57,115.89,2001.31,119.57,1191.57,104.0
2026-08-13T09:40Z,10220.47,114.71,7428.13,109.55,7548.5,117.6,1980.33,120.24,1182.68,105.19
2026-08-13T09:45Z,10230.42,116.9,7450.69,109.55,7543.01,121.73,1960.73,125.3,1189.89,109.23
2026-08-13T09:50Z,10232.11,107.13,7404.21,102.8,7399.36,110.5,1962.63,113.87,1188.47,99.18
2026-08-13T09:55Z,10212.05,117.0,7367.48,109.54,7477.55,119.86,1973.88,123.53,1198.96,107.57
2026-08-13T10:00Z,10189.61,113.5,7310.19,108.24,7415.59,114.34,1967.75,118.34,1185.53,102.29
2026-08-13T10:05Z,10143.7,109.96,7350.93,102.8,7400.31,113.46,1963.35,119.68,1185.28,101.51
2026-08-13T10:10Z,10241.33,109.96,7289.45,100.9,7387.65,113.35,1966.53,120.45,1181.45,101.42
2026-08-13T10:15Z,10184.96,120.2,7251.6,109.55,7269.68,118.82,1944.61,126.76,1168.83,105.98
2026-08-13T10:20Z,10121.89,115.93,7270.28,107.73,7299.19,113.73,1940.38,120.81,1177.52,101.77
2026-08-13T10:25Z,10127.59,117.21,7216.33,107.73,7313.05,115.0,1938.31,122.14,1172.65,102.9
2026-08-13T10:30Z,10126.21,116.36,7168.06,106.62,7223.41,115.0,1933.65,122.25,1166.48,102.92
2026-08-13T10:35Z,10077.04,120.3,7179.04,109.54,7160.18,122.74,1923.9,130.44,1169.09,109.51
2026-08-13T10:40Z,10036.64,120.08,7255.93,109.55,7218.38,122.65,1932.95,130.44,1185.24,110.13
2026-08-13T10:45Z,9986.35,112.88,7211.84,104.83,7167.52,115.0,1909.6,123.19,1183.55,103.27
2026-08-13T10:50Z,9990.11,112.88,7220.94,104.83,7172.02,114.23,1911.47,122.33,1182.98,102.57
2026-08-13T10:55Z,9992.26,113.94,7236.04,107.2,7116.1,115.0,1893.43,123.09,1175.95,102.94
2026-08-13T11:00Z,9959.36,110.25,7204.06,104.35,7069.0,110.5,1893.11,118.31,1166.3,98.6
2026-08-13T11:05Z,9875.25,109.96,7142.74,102.68,6941.44,110.12,1887.62,118.49,1153.64,98.59
2026-08-13T11:10Z,9809.0,111.48,7178.18,105.49,6967.34,110.5,1885.25,118.88,1157.68,98.93
2026-08-13T11:15Z,9805.26,109.96,7061.67,103.24,6952.9,109.21,1860.64,116.92,1156.25,97.47
2026-08-13T11:20Z,9763.52,109.88,7028.66,102.46,6825.32,109.0,1855.94,116.8,1150.66,97.3
2026-08-13T11:25Z,9771.49,109.96,7056.76,102.8,6866.96,109.02,1842.29,117.09,1152.59,97.63
2026-08-13T11:30Z,9629.87,107.29,7055.88,99.45,6826.06,109.0,1830.4,116.19,1150.25,97.61
2026-08-13T11:35Z,9652.7,110.68,7024.31,103.23,6788.04,110.5,1817.89,119.1,1142.11,98.96
2026-08-13T11:40Z,9612.86,109.96,7012.35,102.8,6748.94,110.5,1802.13,118.55,1154.31,98.97
2026-08-13T11:45Z,9516.81,107.61,6961.16,100.28,6624.36,109.0,1790.14,116.76,1140.96,97.0
2026-08-13T11:50Z,9469.51,106.61,6854.42,97.95,6572.63,109.0,1779.6,116.76,1121.17,71.16
2026-08-13T11:55Z,9433.84,106.85,6892.3,99.48,6548.79,109.0,1773.32,117.0,1121.06,71.16
2026-08-13T12:00Z,9270.2,105.53,6823.56,97.55,6532.21,109.0,1769.3,117.02,1118.58,71.16
2026-08-13T12:05Z,9252.12,106.36,6675.89,100.02,6393.93,110.12,1745.16,119.96,1099.91,98.37
2026-08-13T12:10Z,9362.23,115.25,6715.51,107.73,6415.18,118.16,1728.56,128.62,1093.16,105.18
2026-08-13T12:15Z,9272.22,109.96,6732.04,104.14,6392.3,111.73,1700.0,120.99,1083.68,99.46
2026-08-13T12:20Z,9258.72,108.86,6716.54,103.07,6347.74,110.5,1682.42,120.54,1074.66,98.71
2026-08-13T12:25Z,9281.38,107.69,6639.03,100.58,6308.57,110.12,1673.65,118.69,1059.54,98.37
2026-08-13T12:30Z,9187.55,95.75,6627.82,91.73,6200.16,95.44,1654.07,103.67,1055.68,85.27
2026-08-13T12:35Z,9065.11,100.64,6500.48,93.83,6157.78,102.81,1647.87,110.87,1058.37,92.46
2026-08-13T12:40Z,9064.71,106.52,6466.45,98.01,6172.63,109.0,1618.06,116.76,1052.04,97.7
2026-08-13T12:45Z,9012.17,95.64,6494.14,89.73,6095.33,95.88,1596.94,102.36,1058.29,86.23
2026-08-13T12:50Z,8963.95,93.54,6464.48,87.73,6025.13,93.45,1594.81,101.02,1053.42,83.79
2026-08-13T12:55Z,8854.25,94.83,6378.32,87.73,5916.84,96.18,1601.6,104.78,1036.07,85.68
2026-08-13T13:00Z,8858.67,93.13,6354.52,86.13,5971.87,93.39,1592.9,101.04,1029.16,70.14
2026-08-13T13:05Z,8785.42,88.51,6333.55,81.84,5949.28,89.44,1578.9,99.09,1036.2,79.94
2026-08-13T13:10Z,8804.84,102.66,6341.31,93.73,5959.76,103.63,1556.97,111.91,1027.43,92.92
2026-08-13T13:15Z,8721.79,101.35,6337.96,93.73,6019.09,102.28,1533.03,110.22,1017.09,91.4
2026-08-13T13:20Z,8727.08,97.63,6254.12,89.62,6015.82,99.17,1498.96,106.66,1011.37,88.62
2026-08-13T13:25Z,8601.38,91.02,6176.66,82.95,5984.88,93.21,1485.4,101.02,1004.6,83.3
2026-08-13T13:30Z,8616.53,97.63,6207.41,89.57,5951.02,99.22,1502.37,106.44,995.95,50.18
2026-08-13T13:35Z,8519.04,106.33,6224.01,96.34,5962.09,109.0,1507.07,116.76,990.16,97.72
2026-08-13T13:40Z,8457.25,97.63,6161.25,88.97,5907.61,99.34,1517.19,107.17,992.35,89.07
2026-08-13T13:45Z,8396.18,97.63,6159.7,89.53,5860.09,99.28,1500.34,106.67,996.58,89.03
2026-08-13T13:50Z,8366.21,89.28,6124.65,81.83,5741.86,91.18,1494.18,101.02,999.53,82.05
2026-08-13T13:55Z,8431.8,103.02,6102.02,93.19,5733.7,105.56,1510.76,114.99,995.9,94.98
2026-08-13T14:00Z,8345.3,88.88,6094.51,81.43,5725.96,90.22,1475.82,99.63,996.68,81.18
2026-08-13T14:05Z,8330.7,90.98,6053.45,82.26,5707.38,91.71,1490.04,101.04,987.36,82.53
2026-08-13T14:10Z,8516.05,108.25,6003.3,95.35,5729.43,109.0,1496.13,120.94,970.63,97.76
2026-08-13T14:15Z,8468.84,99.91,6021.18,89.73,5731.96,99.8,1493.64,112.52,974.22,89.51
2026-08-13T14:20Z,8457.85,100.6,5988.11,89.73,5734.34,102.43,1536.93,130.44,969.21,92.16
2026-08-13T14:25Z,8485.06,97.63,5933.81,85.38,5704.16,98.62,1543.88,130.44,971.68,89.02
2026-08-13T14:30Z,8358.46,83.03,5945.14,74.02,5666.71,83.71,1545.07,107.52,985.84,75.57
2026-08-13T14:35Z,8345.84,90.82,5909.89,79.4,5584.72,90.27,1544.28,109.83,973.54,80.44
2026-08-13T14:40Z,8275.03,84.85,5833.58,74.02,5519.17,83.71,1557.75,130.44,978.08,74.61
2026-08-13T14:45Z,8269.33,109.07,5864.44,93.83,5567.01,109.0,1535.06,130.44,976.98,97.47
2026-08-13T14:50Z,8286.68,97.63,5805.99,84.18,5513.77,96.15,1537.79,130.44,980.44,85.99
2026-08-13T14:55Z,8166.32,91.65,5803.14,78.52,5455.17,91.8,1542.49,121.81,977.35,82.11
2026-08-13T15:00Z,8120.63,91.67,5771.85,78.52,5503.16,92.58,1535.12,115.53,971.83,82.52
2026-08-13T15:05Z,8123.62,110.01,5801.87,93.67,5473.2,111.94,1530.7,130.44,962.1,100.11
2026-08-13T15:10Z,8118.04,102.12,5741.37,85.8,5451.15,103.82,1517.19,126.39,964.09,92.85
2026-08-13T15:15Z,8061.95,106.52,5759.83,90.09,5437.55,108.27,1503.0,130.44,960.26,96.84
2026-08-13T15:20Z,8032.91,97.63,5734.14,83.06,5351.94,97.5,1484.04,110.0,956.39,87.22
2026-08-13T15:25Z,7926.85,93.42,5750.68,79.5,5285.07,93.4,1494.23,106.48,959.97,83.56
2026-08-13T15:30Z,7900.86,102.24,5662.15,84.74,5331.95,105.56,1485.48,121.48,963.89,94.43
2026-08-13T15:35Z,7867.7,106.52,5698.03,90.6,5261.04,106.4,1477.78,120.67,967.89,95.5
2026-08-13T15:40Z,7885.31,94.83,5676.35,79.5,5256.36,93.93,1472.7,106.09,961.74,84.04
2026-08-13T15:45Z,7879.11,106.52,5647.78,88.28,5218.95,107.25,1479.87,122.24,961.5,96.27
2026-08-13T15:50Z,7796.32,102.34,5640.3,84.28,5222.6,105.56,1463.87,118.93,961.66,94.76
2026-08-13T15:55Z,7851.67,104.08,5635.9,85.7,5212.3,105.56,1463.56,119.7,959.71,94.45
2026-08-13T16:00Z,7833.55,101.95,5642.54,84.5,5109.88,103.33,1462.79,117.78,947.05,92.77
2026-08-13T16:05Z,7834.84,106.52,5624.13,89.3,5078.24,107.08,1472.07,130.44,943.58,95.83
2026-08-13T16:10Z,7721.73,106.52,5653.48,90.56,5133.0,107.23,1476.05,130.44,975.56,96.58
2026-08-13T16:15Z,7691.17,93.65,5533.0,79.5,5059.08,92.62,1455.04,122.61,969.46,83.44
2026-08-13T16:20Z,7689.59,88.9,5558.41,75.97,5047.23,85.1,1443.84,130.44,966.45,76.42
2026-08-13T16:25Z,7643.15,106.74,5639.27,93.15,5093.72,103.89,1440.28,130.44,975.03,93.58
2026-08-13T16:30Z,7643.58,106.52,5598.92,92.22,5080.43,105.56,1435.64,121.51,969.56,94.78
2026-08-13T16:35Z,7573.46,88.9,5609.01,76.49,5050.53,86.47,1422.41,101.02,982.97,77.65
2026-08-13T16:40Z,7664.49,97.63,5593.79,83.45,4963.22,94.96,1435.24,108.3,987.65,85.29
2026-08-13T16:45Z,7644.56,97.63,5629.03,84.02,4951.39,93.33,1412.06,113.9,981.33,83.83
2026-08-13T16:50Z,7617.1,106.52,5612.61,92.23,5016.2,103.44,1402.21,129.99,993.35,93.2
2026-08-13T16:55Z,7592.78,106.52,5614.7,91.07,5023.86,105.56,1400.05,130.44,994.49,95.11
2026-08-13T17:00Z,7540.54,93.62,5573.69,79.5,4940.08,93.06,1396.81,130.44,992.6,83.86
2026-08-13T17:05Z,7482.87,92.47,5555.58,78.52,4971.21,89.78,1384.89,106.08,995.2,80.9
2026-08-13T17:10Z,7532.46,106.23,5602.84,93.15,4981.52,100.76,1413.74,130.44,991.55,90.79
2026-08-13T17:15Z,7524.38,89.02,5648.32,78.1,4991.71,83.71,1395.85,130.44,981.5,74.94
2026-08-13T17:20Z,7444.42,88.9,5607.47,75.04,4911.93,87.03,1394.44,126.34,987.19,77.92
2026-08-13T17:25Z,7417.43,106.97,5660.69,92.7,4896.11,105.56,1392.19,130.44,996.81,94.82
2026-08-13T17:30Z,7454.77,97.63,5636.98,83.5,4964.08,94.76,1382.95,129.69,1005.9,85.66
2026-08-13T17:35Z,7467.07,98.76,5660.02,84.5,4974.13,95.95,1399.23,130.44,987.65,86.45
2026-08-13T17:40Z,7526.09,106.52,5659.91,91.14,4958.4,104.21,1387.71,130.44,993.9,94.2
2026-08-13T17:45Z,7599.66,98.75,5672.19,84.5,4952.26,98.07,1376.56,112.43,976.24,88.36
2026-08-13T17:50Z,7566.32,97.63,5670.38,84.61,4929.7,96.19,1375.68,130.44,969.09,86.11
2026-08-13T17:55Z,7587.08,88.9,5683.9,77.05,4919.45,86.9,1383.3,130.44,989.81,78.06
2026-08-13T18:00Z,7531.58,85.76,5699.95,75.3,4856.05,83.71,1360.42,101.02,1005.91,75.69
2026-08-13T18:05Z,7569.73,91.79,5720.33,82.17,4888.25,88.93,1363.12,101.02,1008.71,80.66
2026-08-13T18:10Z,7577.62,100.63,5737.84,88.38,4989.14,99.97,1368.29,111.63,1019.9,91.52
2026-08-13T18:15Z,7583.82,97.63,5785.7,85.8,5007.42,96.15,1353.69,108.16,1035.71,88.31
2026-08-13T18:20Z,7536.54,88.35,5758.76,77.63,4922.59,86.27,1354.05,101.02,1027.29,79.24
2026-08-13T18:25Z,7572.74,88.22,5787.52,78.54,4988.72,84.78,1349.35,101.02,1034.07,76.4
2026-08-13T18:30Z,7598.45,88.94,5799.87,79.19,4976.77,85.45,1354.1,101.02,1036.53,76.76
2026-08-13T18:35Z,7663.97,93.87,5766.54,83.54,5034.58,90.89,1352.09,102.89,1044.0,50.2
2026-08-13T18:40Z,7732.53,92.74,5835.55,83.65,5042.7,89.15,1367.91,101.02,1046.32,79.82
2026-08-13T18:45Z,7671.26,86.36,5846.66,78.4,4980.07,83.71,1367.87,95.78,1039.32,74.95
2026-08-13T18:50Z,7697.36,85.33,5902.1,78.52,4974.1,82.1,1372.18,101.02,1023.55,50.2
2026-08-13T18:55Z,7774.13,88.9,5978.29,82.4,5045.45,84.84,1374.16,107.04,1046.47,75.95
2026-08-13T19:00Z,7892.68,88.9,5981.63,83.45,5024.95,81.68,1359.69,101.02,1045.39,73.13
2026-08-13T19:05Z,7923.35,88.33,5947.18,81.83,5128.18,84.2,1365.52,104.78,1044.65,75.12
2026-08-13T19:10Z,7990.9,90.31,6006.75,84.8,5191.13,85.45,1381.14,107.68,1054.19,76.49
2026-08-13T19:15Z,8048.22,89.23,6096.56,84.95,5216.91,83.71,1382.67,130.44,1054.42,50.18
2026-08-13T19:20Z,8186.94,89.97,6121.68,85.67,5325.21,83.71,1376.89,139.1,1057.0,74.65
2026-08-13T19:25Z,8198.41,93.56,6184.79,89.73,5335.72,86.27,1372.7,139.1,1060.82,77.7
2026-08-13T19:30Z,8296.82,110.01,6240.36,104.9,5381.92,101.49,1373.27,139.1,1072.03,91.99
2026-08-13T19:35Z,8233.95,87.43,6293.58,84.5,5432.92,82.68,1378.09,172.95,1079.61,74.22
2026-08-13T19:40Z,8415.19,90.93,6319.52,88.46,5410.25,83.71,1346.91,172.95,1098.55,75.39
2026-08-13T19:45Z,8448.43,90.88,6384.7,88.5,5450.94,83.71,1359.2,208.87,1098.92,75.38
2026-08-13T19:50Z,8519.76,92.12,6404.94,89.73,5485.67,83.71,1351.15,172.95,1101.53,75.8
2026-08-13T19:55Z,8574.72,96.16,6476.06,93.15,5579.05,83.71,1391.54,208.87,1103.45,77.43
2026-08-13T20:00Z,8611.81,106.74,6522.34,102.8,5599.81,83.71,1379.2,172.95,1112.38,81.96
2026-08-13T20:05Z,8737.05,80.0,6556.94,79.32,5714.76,75.1,1415.33,255.0,1121.86,68.25
2026-08-13T20:10Z,8965.87,107.49,6600.64,104.27,5857.19,101.45,1377.3,255.0,1111.4,91.59
2026-08-13T20:15Z,9060.29,109.46,6719.75,107.73,5957.33,101.45,1398.21,208.87,1121.94,91.86
2026-08-13T20:20Z,9164.43,93.79,6737.19,91.73,6043.03,86.67,1417.96,172.95,1128.25,78.72
2026-08-13T20:25Z,9279.4,94.83,6875.74,91.73,6185.41,92.02,1455.35,208.87,1139.61,83.56
2026-08-13T20:30Z,9414.7,110.01,6901.75,105.1,6205.04,103.25,1440.7,297.3,1145.98,93.46
2026-08-13T20:35Z,9531.98,99.41,6948.29,93.21,6236.31,93.18,1424.45,208.87,1162.6,83.54
2026-08-13T20:40Z,9646.85,99.65,7006.85,91.73,6352.57,93.59,1458.18,130.44,1172.32,84.16
2026-08-13T20:45Z,9812.5,113.5,6992.63,105.12,6449.24,106.04,1519.35,208.87,1190.89,95.96
2026-08-13T20:50Z,9908.43,117.67,7059.81,109.54,6534.88,109.0,1507.54,179.66,1209.36,99.25
2026-08-13T20:55Z,9980.1,110.25,7052.93,99.6,6599.67,102.85,1547.91,130.44,1216.5,93.35
2026-08-13T21:00Z,9984.19,117.19,7071.64,107.25,6727.38,109.0,1579.15,135.91,1223.3,99.23
2026-08-13T21:05Z,10019.94,103.32,7060.77,89.73,6821.08,98.54,1591.64,208.87,1224.31,89.12
2026-08-13T21:10Z,10020.33,89.96,7065.49,76.29,6830.92,86.46,1583.25,208.87,1222.9,78.44
2026-08-13T21:15Z,10149.14,92.53,7063.2,76.3,6905.62,89.0,1608.52,162.34,1234.08,80.48
2026-08-13T21:20Z,10233.34,90.65,6964.04,76.3,7026.64,87.37,1641.1,179.66,1259.89,78.49
2026-08-13T21:25Z,10294.04,90.14,6916.82,76.29,6991.9,86.16,1637.62,162.34,1277.39,76.92
2026-08-13T21:30Z,10229.12,80.99,6849.45,68.49,7038.37,79.5,1675.14,177.77,1284.34,71.2
2026-08-13T21:35Z,10112.17,83.34,6791.28,70.88,7115.93,82.5,1656.14,162.34,1287.75,73.64
2026-08-13T21:40Z,10107.5,76.95,6665.78,64.93,7211.59,78.84,1688.05,179.66,1273.88,70.59
2026-08-13T21:45Z,10108.43,86.02,6591.97,64.93,7218.97,89.0,1717.49,208.87,1281.81,80.19
2026-08-13T21:50Z,10014.33,86.75,6480.69,6.83,7166.99,90.55,1726.74,162.34,1276.33,81.59
2026-08-13T21:55Z,9978.69,85.11,6341.16,8.0,7250.01,90.55,1766.13,172.95,1264.06,81.58
2026-08-13T22:00Z,9792.08,69.66,6228.5,0.01,7254.72,75.99,1744.15,208.87,1238.96,68.89
2026-08-13T22:05Z,9781.77,82.95,6141.91,5.3,7267.2,84.66,1714.83,172.95,1279.93,75.54
2026-08-13T22:10Z,9761.83,89.41,5981.29,0.13,7297.14,90.55,1728.36,264.28,1270.38,80.79
2026-08-13T22:15Z,9618.96,88.08,5914.89,5.3,7226.76,90.55,1688.59,208.87,1253.35,71.12
2026-08-13T22:20Z,9528.85,88.09,5854.41,0.0,7195.71,90.55,1681.86,172.95,1246.35,81.06
2026-08-13T22:25Z,9335.09,72.65,5760.78,0.0,7187.68,75.99,1677.16,162.38,1233.93,68.46
2026-08-13T22:30Z,9273.18,72.02,5701.92,0.0,7091.7,75.87,1661.05,162.45,1215.57,68.15
2026-08-13T22:35Z,9166.91,71.5,5608.64,0.0,7065.08,75.99,1661.44,170.12,1201.0,68.25
2026-08-13T22:40Z,9080.54,84.79,5500.72,0.0,7119.3,90.55,1681.89,168.13,1190.76,81.84
2026-08-13T22:45Z,8933.05,80.0,5425.5,5.3,7097.95,85.92,1668.87,172.95,1178.3,76.66
2026-08-13T22:50Z,8721.71,79.57,5282.11,0.0,7048.18,85.45,1655.32,169.12,1179.47,76.25
2026-08-13T22:55Z,8726.07,83.99,5195.37,-1.31,6991.63,90.55,1645.98,162.46,1175.0,80.81
2026-08-13T23:00Z,8568.76,72.23,5088.82,-3.73,6955.13,78.15,1636.71,162.44,1168.75,70.2
2026-08-13T23:05Z,8506.14,84.79,5063.03,-2.15,6965.26,108.83,1610.08,172.95,1163.73,98.07
2026-08-13T23:10Z,8420.82,83.99,4971.97,-2.15,6879.19,108.83,1560.59,170.12,1159.77,98.08
2026-08-13T23:15Z,8321.82,72.0,4950.46,0.0,6800.57,108.83,1545.93,170.12,1146.41,97.78
2026-08-13T23:20Z,8287.94,101.08,4841.28,-3.0,6798.89,108.83,1541.32,162.34,1138.66,97.46
2026-08-13T23:25Z,8152.62,83.99,4779.76,-2.5,6766.66,99.48,1554.76,139.01,1115.63,88.8
2026-08-13T23:30Z,8084.25,72.0,4681.31,-3.73,6669.76,90.55,1553.85,118.65,1110.58,80.57
2026-08-13T23:35Z,7966.29,72.0,4619.96,-3.0,6617.9,99.48,1537.24,170.12,1108.34,89.4
2026-08-13T23:40Z,7952.62,69.99,4540.64,-3.0,6556.34,90.55,1500.27,170.12,1098.11,81.38
2026-08-13T23:45Z,7738.92,64.95,4496.12,-3.51,6477.94,87.64,1474.72,165.31,1085.78,78.52
2026-08-13T23:50Z,7720.74,80.0,4402.26,-4.97,6337.48,85.45,1444.18,167.5,1077.05,76.57
2026-08-13T23:55Z,7679.1,80.0,4371.01,-4.97,6297.54,84.42,1445.07,162.34,1081.11,71.2
2026-08-14T00:00Z,7499.79,67.99,4328.92,-4.97,6278.0,83.71,1415.21,170.44,1085.14,74.53
2026-08-14T00:05Z,7450.79,69.99,4218.74,-4.97,6240.05,83.71,1350.44,170.44,1079.14,75.75
2026-08-14T00:10Z,7448.54,69.99,4270.42,-4.97,6215.7,83.71,1331.54,170.44,1098.59,76.49
2026-08-14T00:15Z,7369.55,81.49,4188.73,-4.97,6183.32,85.45,1312.25,130.44,1091.72,77.59
2026-08-14T00:20Z,7229.7,72.0,4187.4,-6.14,6043.06,83.71,1345.66,130.44,1068.88,75.06
2026-08-14T00:25Z,7175.82,67.99,4170.01,-6.0,6043.96,83.71,1377.93,146.19,1098.19,75.3
2026-08-14T00:30Z,7068.58,57.39,4098.59,-5.03,5889.23,71.07,1344.64,139.01,1109.09,64.77
2026-08-14T00:35Z,7050.13,73.2,4028.21,-6.0,5785.7,76.12,1320.6,139.1,1109.85,70.24
2026-08-14T00:40Z,6925.29,73.2,4031.44,-5.0,5784.44,75.62,1340.46,139.1,1100.26,70.24
2026-08-14T00:45Z,6813.04,73.2,3925.21,-5.0,5742.27,74.32,1304.41,146.19,1097.23,70.2
2026-08-14T00:50Z,6626.86,72.0,3924.01,-5.03,5706.58,71.9,1279.54,146.19,1062.13,69.2
2026-08-14T00:55Z,6720.12,70.71,3927.87,-6.01,5692.76,71.07,1266.82,139.1,1062.56,68.62
2026-08-14T01:00Z,6599.82,67.99,3859.48,-6.01,5577.14,68.94,1276.88,139.1,1065.69,64.45
2026-08-14T01:05Z,6561.24,78.5,3890.23,-5.0,5619.07,78.94,1269.66,139.1,1058.78,72.2
2026-08-14T01:10Z,6543.93,83.99,3977.84,-4.97,5781.59,85.32,1288.37,139.1,1062.41,77.76
2026-08-14T01:15Z,6578.88,78.11,3890.95,-5.0,5667.93,79.2,1258.39,139.01,1062.36,72.2
2026-08-14T01:20Z,6546.38,81.82,3845.35,-5.03,5745.95,83.71,1263.2,146.19,1043.13,75.57
2026-08-14T01:25Z,6493.7,85.66,3964.49,-4.97,5866.47,86.27,1256.87,139.1,1017.27,77.61
2026-08-14T01:30Z,6478.07,84.56,3929.47,-4.97,5812.37,84.42,1239.53,146.19,1028.78,75.96
2026-08-14T01:35Z,6357.42,73.2,3886.65,-5.0,5796.22,74.28,1236.42,170.44,1016.6,67.05
2026-08-14T01:40Z,6392.32,80.03,3974.05,-5.0,5855.45,85.19,1202.34,146.19,1027.87,77.38
2026-08-14T01:45Z,6330.14,73.3,3943.28,-6.5,5832.95,83.71,1221.03,139.01,1045.92,76.53
2026-08-14T01:50Z,6207.04,69.99,3941.14,-5.03,5812.74,74.61,1223.36,139.01,1039.67,67.78
2026-08-14T01:55Z,6216.13,73.2,3980.56,-5.0,5779.58,78.02,1224.02,139.01,1011.68,70.87
2026-08-14T02:00Z,6206.73,78.02,3945.95,-4.97,5739.61,83.71,1204.18,139.1,1033.52,75.81
2026-08-14T02:05Z,6075.23,73.3,3878.2,-5.03,5644.48,83.71,1204.99,139.1,1034.0,75.83
2026-08-14T02:10Z,6127.71,80.05,3930.98,-6.54,5672.13,84.42,1194.66,146.19,1031.27,76.71
2026-08-14T02:15Z,6008.2,73.2,3960.56,-6.5,5681.42,81.68,1165.15,146.19,1024.02,73.74
2026-08-14T02:20Z,5984.74,76.32,3984.65,-6.54,5750.23,81.68,1110.25,139.1,1015.13,73.5
2026-08-14T02:25Z,5999.2,68.02,4037.18,-4.97,5675.36,71.61,1130.33,139.1,1011.56,64.44
2026-08-14T02:30Z,6027.02,73.2,3931.81,-4.97,5714.1,83.71,1118.48,139.1,994.65,75.57
2026-08-14T02:35Z,5915.5,68.02,3977.63,-6.14,5719.97,78.62,1093.61,139.1,1008.64,71.2
2026-08-14T02:40Z,5960.11,64.77,3979.54,-5.0,5794.61,83.71,1110.6,139.1,1000.84,75.32
2026-08-14T02:45Z,5928.29,73.2,3972.37,-6.5,5798.33,83.71,1108.55,139.1,981.69,75.07
2026-08-14T02:50Z,5898.0,73.94,3995.95,-6.5,5792.58,77.89,1101.07,146.19,988.0,71.2
2026-08-14T02:55Z,5861.52,79.5,3998.12,-8.0,5764.77,83.71,1093.54,146.19,980.69,76.04
2026-08-14T03:00Z,5732.23,68.02,4031.99,-5.0,5627.94,72.13,1073.6,139.1,977.61,66.78
2026-08-14T03:05Z,5810.15,1.2,4056.72,-5.0,5625.05,76.53,1074.61,146.19,982.83,70.2
2026-08-14T03:10Z,5939.0,57.38,3993.36,-6.5,5682.42,60.16,1042.08,170.44,986.64,55.7
2026-08-14T03:15Z,5845.07,59.5,4109.33,-8.0,5623.19,61.33,1018.18,170.44,985.78,56.96
2026-08-14T03:20Z,5757.06,-2.0,4075.96,-6.5,5629.2,61.33,1008.74,170.44,1002.14,56.96
2026-08-14T03:25Z,5902.34,59.61,4117.64,-6.5,5589.44,61.33,999.96,139.1,978.12,56.79
2026-08-14T03:30Z,5793.82,62.65,4149.8,-7.34,5502.3,64.01,1017.41,139.1,1004.32,60.02
2026-08-14T03:35Z,5764.7,58.99,4131.25,-8.0,5573.81,61.33,1025.61,215.04,1021.86,58.55
2026-08-14T03:40Z,5797.99,52.25,4209.45,-6.14,5558.27,52.45,968.8,208.87,1019.65,50.17
2026-08-14T03:45Z,5797.19,61.57,4232.08,-8.79,5564.56,61.33,979.04,118.65,996.16,58.51
2026-08-14T03:50Z,5821.4,59.95,4194.09,-7.34,5501.77,60.39,1054.97,140.65,1013.58,65.18
2026-08-14T03:55Z,5887.09,57.39,4165.48,-8.0,5458.59,56.95,1096.97,227.35,1004.29,60.38
2026-08-14T04:00Z,5847.6,57.39,4268.42,-8.0,5525.67,57.24,1025.54,227.35,1000.6,60.28
2026-08-14T04:05Z,5826.1,46.86,4285.48,-8.51,5530.6,47.45,1010.31,170.44,1008.28,50.14
2026-08-14T04:10Z,5826.22,42.56,4354.77,-8.0,5429.02,42.8,1056.87,170.44,1021.79,50.12
2026-08-14T04:15Z,5856.32,50.74,4349.87,-8.5,5470.4,50.64,1061.06,227.35,1023.95,50.12
2026-08-14T04:20Z,5916.8,61.04,4377.32,-8.76,5519.43,61.3,1009.45,177.77,1028.32,50.1
2026-08-14T04:25Z,5954.53,61.61,4388.74,-8.71,5528.97,60.54,1062.19,220.7,1027.81,50.18
2026-08-14T04:30Z,5912.89,57.39,4471.68,-7.34,5530.67,57.77,1043.82,220.7,1044.53,54.34
2026-08-14T04:35Z,6037.77,60.48,4515.52,-7.01,5467.41,60.85,1064.2,227.35,1052.43,57.07
2026-08-14T04:40Z,6104.68,36.06,4539.22,-7.75,5552.1,35.94,1030.68,208.87,1060.69,50.12
2026-08-14T04:45Z,6161.75,28.95,4611.35,-7.34,5610.13,29.35,1061.54,227.35,1048.73,29.3
2026-08-14T04:50Z,6244.04,28.95,4623.6,-8.0,5613.9,29.08,1048.46,227.35,1046.9,24.35
2026-08-14T04:55Z,6266.63,16.38,4706.52,-9.07,5623.95,17.14,1061.98,227.35,1040.46,17.11
2026-08-14T05:00Z,6291.01,52.57,4803.49,-8.0,5646.87,54.17,1076.54,227.35,1050.46,49.12
2026-08-14T05:05Z,6395.52,42.1,4868.81,-8.0,5639.09,41.97,1072.71,227.35,1052.33,31.99
2026-08-14T05:10Z,6437.58,42.8,4993.78,-8.0,5609.47,43.01,1073.96,227.35,1062.7,42.69
2026-08-14T05:15Z,6561.1,58.49,5035.41,-6.5,5593.38,58.71,1058.9,227.35,1087.24,49.18
2026-08-14T05:20Z,6614.98,62.29,5094.99,-6.01,5638.88,63.07,1079.25,315.66,1086.18,50.1
2026-08-14T05:25Z,6676.42,55.52,5204.21,-6.0,5668.87,54.29,1029.37,263.26,1086.33,50.13
2026-08-14T05:30Z,6862.6,66.37,5262.15,-5.0,5693.93,64.0,1083.02,255.0,1098.38,58.9
2026-08-14T05:35Z,6974.1,63.68,5356.75,-5.0,5815.89,64.0,1110.11,279.66,1122.29,59.45
2026-08-14T05:40Z,7120.92,69.99,5407.89,-2.5,5875.6,70.88,1110.71,286.89,1162.19,66.65
2026-08-14T05:45Z,7302.38,80.2,5504.31,21.89,5943.52,80.5,1107.98,297.3,1178.27,73.38
2026-08-14T05:50Z,7406.01,81.56,5533.95,24.99,5980.46,80.5,1098.83,264.1,1189.72,73.83
2026-08-14T05:55Z,7491.09,80.2,5646.88,27.88,5978.23,80.5,1118.17,227.35,1190.57,73.83
2026-08-14T06:00Z,7603.01,88.88,5793.61,50.0,6054.96,89.4,1165.37,264.1,1164.8,81.46
2026-08-14T06:05Z,7725.55,78.98,5854.75,68.82,6158.79,78.07,1136.67,227.35,1153.68,71.35
2026-08-14T06:10Z,7832.99,82.58,5952.12,71.79,6216.54,80.5,1186.7,227.35,1133.49,72.86
2026-08-14T06:15Z,7984.65,119.81,6041.02,104.94,6299.95,115.0,1197.99,197.0,1143.68,88.24
2026-08-14T06:20Z,8063.59,128.16,6152.7,108.88,6331.02,125.24,1233.23,197.0,1146.9,111.51
2026-08-14T06:25Z,8290.29,135.55,6245.72,108.88,6426.84,132.31,1221.41,177.77,1152.68,118.2
2026-08-14T06:30Z,8375.95,143.9,6371.67,120.64,6486.9,139.48,1261.93,197.0,1167.67,124.99
2026-08-14T06:35Z,8430.16,137.99,6498.75,119.24,6472.24,127.49,1272.89,177.77,1184.75,114.99
2026-08-14T06:40Z,8618.45,136.14,6584.9,119.24,6521.73,121.67,1290.72,215.04,1193.92,109.03
2026-08-14T06:45Z,8726.05,143.9,6686.59,129.43,6652.76,126.82,1293.26,227.35,1215.34,113.99
2026-08-14T06:50Z,8860.61,145.98,6718.49,134.73,6680.58,126.8,1340.38,264.1,1228.62,113.97
2026-08-14T06:55Z,8954.16,157.78,6777.34,145.73,6731.02,137.07,1355.2,315.66,1233.81,123.2
2026-08-14T07:00Z,9041.67,163.8,6788.1,155.23,6779.68,146.8,1350.31,297.3,1235.74,131.92
2026-08-14T07:05Z,9022.36,146.0,6899.33,140.34,6903.47,132.36,1398.74,215.04,1242.3,118.17
2026-08-14T07:10Z,9097.63,146.0,6872.3,138.5,6875.35,133.75,1465.39,215.04,1258.8,119.42
2026-08-14T07:15Z,9242.63,147.93,6878.67,140.34,6861.18,135.59,1495.68,297.3,1267.99,121.07
2026-08-14T07:20Z,9369.22,163.8,6959.25,153.59,6945.42,152.52,1490.12,264.1,1270.33,136.61
2026-08-14T07:25Z,9474.17,163.8,6930.33,151.58,6999.63,155.18,1519.65,229.0,1291.63,139.88
2026-08-14T07:30Z,9537.52,174.59,6991.32,163.58,7112.5,171.15,1542.08,186.45,1301.8,150.24
2026-08-14T07:35Z,9610.42,163.8,7035.41,155.71,7125.08,154.46,1590.69,154.68,1312.15,138.76
2026-08-14T07:40Z,9729.46,169.25,7089.91,160.98,7131.22,163.48,1624.74,215.04,1314.01,146.4
2026-08-14T07:45Z,9831.09,175.33,7078.37,163.57,7239.25,171.1,1646.71,174.26,1319.45,153.2
2026-08-14T07:50Z,9823.72,176.79,7118.02,163.57,7263.88,174.32,1688.01,177.77,1313.27,155.57
2026-08-14T07:55Z,9910.94,169.54,7205.23,155.43,7338.33,168.77,1720.37,177.77,1304.07,150.07
2026-08-14T08:00Z,10022.37,182.0,7256.85,164.83,7334.74,176.85,1734.69,180.35,1321.12,157.81
2026-08-14T08:05Z,9963.0,155.98,7235.46,140.35,7301.38,151.81,1766.37,170.44,1328.26,135.01
2026-08-14T08:10Z,10014.71,162.97,7240.68,145.73,7354.57,158.85,1785.16,170.44,1321.46,141.73
2026-08-14T08:15Z,9943.17,153.94,7274.19,140.35,7444.81,151.56,1813.06,170.44,1323.59,135.21
2026-08-14T08:20Z,9964.04,146.0,7209.2,128.82,7467.65,145.04,1825.67,163.42,1331.8,129.82
2026-08-14T08:25Z,10020.98,146.0,7284.85,128.13,7426.1,144.05,1861.28,170.44,1339.51,128.94
2026-08-14T08:30Z,9973.82,146.0,7314.49,128.16,7436.34,147.79,1873.64,175.15,1344.83,132.71
2026-08-14T08:35Z,9985.81,151.94,7321.74,141.25,7410.46,147.65,1869.81,149.53,1343.3,132.59
2026-08-14T08:40Z,9937.94,146.0,7230.57,134.7,7373.25,144.19,1860.82,146.12,1331.59,129.49
2026-08-14T08:45Z,9895.44,137.23,7241.49,121.12,7434.38,140.11,1884.31,145.12,1329.19,125.81
2026-08-14T08:50Z,9990.24,135.21,7158.72,119.24,7340.62,133.6,1893.75,135.65,1333.81,120.37
2026-08-14T08:55Z,9938.78,132.91,7216.22,118.04,7360.16,133.48,1890.88,136.0,1317.22,119.87
2026-08-14T09:00Z,9929.57,137.89,7184.99,121.12,7396.0,139.0,1894.67,143.26,1316.46,124.82
2026-08-14T09:05Z,9928.28,135.2,7154.1,119.24,7381.91,139.21,1903.88,145.12,1317.69,127.01
2026-08-14T09:10Z,9887.12,130.85,7122.62,116.83,7302.33,133.48,1886.29,138.25,1315.8,122.19
2026-08-14T09:15Z,9861.35,121.1,7069.01,107.73,7346.71,122.66,1891.4,126.98,1316.32,111.56
2026-08-14T09:20Z,9881.39,121.1,7061.37,109.42,7287.36,123.63,1900.3,127.14,1316.35,111.04
2026-08-14T09:25Z,9909.21,125.21,7036.07,109.54,7282.35,125.77,1901.79,128.36,1314.56,112.96
2026-08-14T09:30Z,9873.93,121.1,7063.7,109.55,7209.11,119.64,1896.13,126.02,1316.79,107.47
2026-08-14T09:35Z,9939.89,122.27,7013.45,109.55,7226.51,120.8,1903.13,127.24,1315.74,108.5
2026-08-14T09:40Z,9882.02,123.74,6956.29,109.54,7274.2,123.31,1901.17,127.82,1308.28,110.75
2026-08-14T09:45Z,9885.73,121.0,7001.8,108.55,7253.11,118.57,1895.96,122.85,1298.92,106.15
2026-08-14T09:50Z,9847.69,114.7,6964.91,104.83,7166.4,111.49,1901.25,121.46,1283.75,99.51
2026-08-14T09:55Z,9830.69,111.17,6927.32,98.38,7218.29,108.97,1904.67,120.73,1288.02,97.25
2026-08-14T10:00Z,9864.19,113.5,6875.31,99.76,7207.22,110.28,1899.04,114.3,1295.76,98.43
2026-08-14T10:05Z,9835.04,115.74,6909.95,105.73,7189.4,112.49,1904.38,116.19,1298.98,100.4
2026-08-14T10:10Z,9893.54,113.94,6853.66,101.37,7154.88,111.47,1890.01,114.59,1306.53,99.82
2026-08-14T10:15Z,9877.21,112.36,6879.86,101.94,7020.94,109.0,1898.7,111.42,1305.91,97.63
2026-08-14T10:20Z,9798.71,109.96,6832.15,98.43,7013.85,107.65,1909.12,110.58,1303.77,96.42
2026-08-14T10:25Z,9868.91,121.1,6787.51,109.55,7067.2,120.39,1897.96,124.69,1307.36,107.82
2026-08-14T10:30Z,9760.16,110.25,6742.88,98.57,7038.49,107.86,1879.97,109.76,1310.11,96.3
2026-08-14T10:35Z,9766.46,121.0,6820.79,107.61,6962.29,120.16,1866.09,121.79,1307.26,108.32
2026-08-14T10:40Z,9732.06,110.01,6923.68,98.6,6984.53,109.0,1840.62,110.3,1302.59,98.58
2026-08-14T10:45Z,9683.49,121.0,6855.49,109.55,6987.74,123.08,1844.17,124.1,1290.63,110.59
2026-08-14T10:50Z,9656.41,121.0,6860.29,109.55,6963.48,123.11,1850.22,123.3,1277.29,110.27
2026-08-14T10:55Z,9664.53,121.1,6984.93,110.72,6853.06,119.24,1857.85,121.92,1278.08,106.82
2026-08-14T11:00Z,9637.75,113.94,6969.66,104.83,6800.28,109.43,1844.02,111.45,1282.79,98.36
2026-08-14T11:05Z,9624.85,109.84,6943.73,95.4,6865.0,109.0,1845.15,111.36,1286.72,98.59
2026-08-14T11:10Z,9599.85,120.06,6989.35,107.73,6861.72,120.02,1831.45,121.54,1274.25,108.21
2026-08-14T11:15Z,9539.53,109.96,6956.15,99.89,6755.8,109.0,1822.88,110.89,1273.75,98.61
2026-08-14T11:20Z,9528.98,109.96,6905.25,101.74,6812.98,109.0,1824.3,110.81,1279.69,97.97
2026-08-14T11:25Z,9545.82,113.5,6972.83,104.43,6817.95,111.63,1826.76,113.51,1278.24,100.65
2026-08-14T11:30Z,9454.28,110.81,6844.29,104.42,6806.55,109.0,1813.87,109.55,1273.3,98.28
2026-08-14T11:35Z,9416.69,109.96,6887.53,99.78,6703.59,109.0,1807.19,110.07,1264.01,99.24
2026-08-14T11:40Z,9462.83,110.14,6873.61,100.57,6669.43,109.0,1796.89,110.02,1260.56,98.31
2026-08-14T11:45Z,9380.87,121.0,6839.86,111.86,6674.72,119.75,1788.02,120.8,1249.12,107.66
2026-08-14T11:50Z,9286.27,109.96,6793.94,100.31,6634.13,110.61,1790.49,112.06,1245.67,99.44
2026-08-14T11:55Z,9310.45,121.1,6747.02,108.32,6608.98,121.68,1782.2,122.69,1239.8,108.69
2026-08-14T12:00Z,9222.65,111.39,6728.05,104.83,6560.75,111.0,1774.51,111.94,1237.06,98.82
2026-08-14T12:05Z,9242.59,106.78,6628.54,94.75,6543.93,109.0,1774.94,110.79,1235.71,98.01
2026-08-14T12:10Z,9230.09,120.34,6612.36,109.54,6498.69,121.68,1754.14,123.93,1226.35,109.42
2026-08-14T12:15Z,9210.97,109.96,6691.38,102.8,6380.15,109.0,1733.83,110.3,1226.2,98.03
2026-08-14T12:20Z,9277.15,121.1,6657.65,108.89,6376.91,121.19,1731.01,123.06,1213.84,109.0
2026-08-14T12:25Z,9101.26,120.4,6559.6,109.54,6410.77,120.56,1712.72,122.29,1206.65,108.07
2026-08-14T12:30Z,9158.89,121.0,6541.21,109.54,6402.24,121.09,1707.81,122.79,1203.83,108.54
2026-08-14T12:35Z,9139.41,113.5,6497.56,102.8,6349.01,113.51,1698.5,116.03,1202.28,101.76
2026-08-14T12:40Z,9067.89,120.55,6472.67,109.54,6313.04,116.67,1680.25,118.65,1193.88,104.94
2026-08-14T12:45Z,9003.14,113.5,6410.22,104.37,6312.78,113.35,1656.46,114.75,1190.64,101.95
2026-08-14T12:50Z,8972.64,114.83,6354.32,104.83,6175.99,112.77,1657.74,114.85,1184.45,101.45
2026-08-14T12:55Z,8920.34,111.03,6302.2,101.29,6123.94,109.0,1652.69,111.87,1178.53,98.07
2026-08-14T13:00Z,8930.91,110.32,6307.19,101.29,6088.57,109.0,1622.77,111.7,1174.17,97.76
2026-08-14T13:05Z,8821.27,107.67,6225.3,95.06,6110.42,109.0,1599.32,111.58,1172.65,98.69
2026-08-14T13:10Z,8805.03,107.69,6224.99,94.49,6167.77,109.0,1588.26,111.01,1163.23,98.05
2026-08-14T13:15Z,8777.66,100.23,6295.22,90.3,6173.51,99.75,1565.35,101.04,1162.31,89.73
2026-08-14T13:20Z,8776.44,106.52,6220.91,94.67,6174.8,107.68,1553.9,108.99,1156.02,96.55
2026-08-14T13:25Z,8722.47,102.79,6163.82,90.73,6186.6,103.87,1539.98,105.01,1148.35,92.83
2026-08-14T13:30Z,8780.69,102.38,6114.34,89.73,6121.23,102.58,1549.29,105.01,1145.76,91.68
2026-08-14T13:35Z,8723.5,97.63,6120.94,86.12,6123.6,99.55,1570.05,103.11,1144.23,89.55
2026-08-14T13:40Z,8602.89,97.63,6183.98,87.3,6117.19,99.73,1590.72,106.83,1141.08,89.72
2026-08-14T13:45Z,8601.27,96.81,6105.32,85.39,6067.9,99.48,1562.82,106.56,1133.42,89.5
2026-08-14T13:50Z,8617.75,96.79,6123.6,85.39,6018.85,97.81,1556.82,106.55,1127.43,87.72
2026-08-14T13:55Z,8537.08,95.63,6063.31,85.39,5942.75,96.59,1551.56,114.48,1124.51,86.64
2026-08-14T14:00Z,8471.46,88.88,6033.27,79.83,5941.14,89.74,1535.86,104.57,1122.92,80.23
2026-08-14T14:05Z,8519.92,106.52,6007.54,94.43,5940.27,108.39,1537.81,124.2,1120.28,97.22
2026-08-14T14:10Z,8569.07,108.14,6054.32,97.15,5884.17,109.0,1525.86,133.63,1125.89,98.09
2026-08-14T14:15Z,8613.88,108.23,5984.04,95.91,5889.84,109.0,1512.04,130.44,1126.1,98.09
2026-08-14T14:20Z,8508.62,119.77,5996.79,105.49,5920.25,124.99,1556.78,145.12,1122.78,112.48
2026-08-14T14:25Z,8574.64,107.2,5824.06,92.91,5845.72,109.0,1545.91,130.44,1119.15,97.78
2026-08-14T14:30Z,8487.99,106.29,5849.91,92.26,5805.05,109.0,1544.91,131.39,1116.33,97.79
2026-08-14T14:35Z,8466.86,108.03,5898.65,93.83,5821.18,114.38,1525.31,133.29,1116.57,102.94
2026-08-14T14:40Z,8503.94,120.62,5844.07,103.38,5762.33,126.65,1529.62,145.12,1112.12,113.63
2026-08-14T14:45Z,8451.5,114.68,5821.18,97.64,5724.78,120.39,1533.49,145.12,1109.85,108.02
2026-08-14T14:50Z,8300.62,102.96,5818.08,88.23,5692.44,109.0,1522.18,131.39,1109.97,97.81
2026-08-14T14:55Z,8322.0,103.03,5744.33,87.1,5621.94,109.0,1519.3,130.44,1108.44,97.82
2026-08-14T15:00Z,8272.06,101.33,5688.72,82.16,5643.73,109.0,1511.89,130.44,1104.0,97.81
2026-08-14T15:05Z,8215.92,100.62,5708.8,84.49,5600.27,108.21,1506.64,130.44,1103.36,97.12
2026-08-14T15:10Z,8164.79,97.63,5676.22,81.43,5525.08,104.94,1499.49,122.29,1103.05,94.19
2026-08-14T15:15Z,8119.75,94.2,5615.6,78.52,5553.2,101.19,1479.18,112.11,1100.31,90.82
2026-08-14T15:20Z,8069.08,97.63,5668.82,81.95,5524.24,105.75,1471.47,113.28,1100.12,94.92
2026-08-14T15:25Z,8021.61,94.22,5590.61,78.52,5494.21,102.1,1471.98,113.11,982.12,91.61
2026-08-14T15:30Z,7981.49,88.25,5604.29,74.02,5477.24,94.8,1466.56,105.02,972.13,85.06
2026-08-14T15:35Z,7940.5,86.4,5597.73,72.93,5374.16,90.56,1475.13,104.78,968.63,81.27
2026-08-14T15:40Z,7890.82,93.66,5561.3,78.52,5405.79,98.27,1482.71,105.26,969.81,88.18
2026-08-14T15:45Z,7860.52,89.4,5506.22,74.95,5372.77,93.0,1484.48,104.78,983.64,83.73
2026-08-14T15:50Z,7814.05,97.49,5597.44,81.77,5284.41,101.34,1469.76,104.78,1047.4,92.45
2026-08-14T15:55Z,7726.17,87.15,5570.52,74.02,5330.65,90.56,1463.86,104.78,1068.52,81.83
2026-08-14T16:00Z,7714.53,88.88,5581.3,75.01,5295.82,92.4,1453.18,104.44,1078.54,83.5
2026-08-14T16:05Z,7746.48,98.48,5516.63,78.52,5279.62,101.47,1447.89,104.78,1080.0,91.99
2026-08-14T16:10Z,7737.34,106.52,5525.46,83.53,5288.95,110.57,1429.48,111.93,1088.24,100.24
2026-08-14T16:15Z,7629.21,88.29,5540.01,74.02,5157.93,91.18,1421.59,101.02,1085.87,82.42
2026-08-14T16:20Z,7637.4,100.14,5462.4,80.12,5213.77,106.5,1428.41,108.3,1084.04,96.57
2026-08-14T16:25Z,7577.48,85.97,5504.83,72.5,5126.76,89.9,1423.47,104.78,1079.87,81.52
2026-08-14T16:30Z,7649.54,88.88,5494.66,73.54,5159.34,92.91,1421.22,101.21,1075.01,84.24
2026-08-14T16:35Z,7562.98,93.43,5473.34,74.02,5161.04,96.94,1418.85,101.02,1062.74,87.61
2026-08-14T16:40Z,7513.21,90.32,5424.45,74.02,5135.14,93.72,1423.59,103.83,1068.59,84.71
2026-08-14T16:45Z,7473.42,94.73,5480.88,78.52,5131.84,97.53,1424.59,101.02,1062.52,88.16
2026-08-14T16:50Z,7527.71,96.44,5446.93,78.52,5136.47,98.46,1425.69,101.02,1061.53,88.43
2026-08-14T16:55Z,7470.75,94.93,5463.34,78.52,5129.83,97.77,1430.59,104.78,1064.82,87.81
2026-08-14T17:00Z,7367.83,88.29,5465.49,74.02,5044.55,90.2,1422.55,104.18,1060.23,81.02
2026-08-14T17:05Z,7375.61,90.24,5427.46,75.08,5021.94,92.95,1431.37,104.73,1066.49,83.5
2026-08-14T17:10Z,7362.41,88.88,5424.41,74.02,5085.89,91.61,1428.42,98.13,1067.89,82.28
2026-08-14T17:15Z,7329.54,88.39,5441.7,74.02,5095.32,90.36,1418.19,93.59,1065.64,81.16
2026-08-14T17:20Z,7374.18,93.75,5448.9,78.52,5014.55,95.77,1420.39,104.33,1087.0,86.31
2026-08-14T17:25Z,7413.95,99.21,5485.49,83.12,5061.8,101.32,1417.07,104.78,1090.12,91.6
2026-08-14T17:30Z,7345.19,85.2,5486.74,72.5,5020.1,86.27,1406.13,101.0,1092.54,78.0
2026-08-14T17:35Z,7352.54,88.88,5470.72,74.45,5040.37,90.74,1410.09,101.02,1088.31,82.04
2026-08-14T17:40Z,7340.34,86.05,5495.13,73.03,4951.33,86.27,1386.06,92.41,1087.75,78.01
2026-08-14T17:45Z,7293.88,86.35,5470.96,72.8,4967.44,86.59,1380.26,88.44,1091.01,78.3
2026-08-14T17:50Z,7324.26,88.88,5442.02,74.43,5008.46,89.84,1375.89,91.69,1093.47,80.97
2026-08-14T17:55Z,7325.31,99.98,5493.92,83.78,5025.93,101.82,1361.45,101.02,1094.16,91.77
2026-08-14T18:00Z,7270.6,91.41,5514.86,77.6,4930.6,93.67,1330.19,101.0,1092.21,84.44
2026-08-14T18:05Z,7326.82,88.82,5437.83,74.85,4990.13,88.11,1330.3,89.98,996.4,71.22
2026-08-14T18:10Z,7263.52,88.9,5523.54,76.92,5003.45,89.0,1340.64,92.18,979.52,79.93
2026-08-14T18:15Z,7267.66,88.9,5561.51,77.05,5006.31,88.97,1333.93,93.71,975.26,79.9
2026-08-14T18:20Z,7235.84,87.73,5547.53,76.4,4946.2,86.27,1315.49,90.87,967.9,77.24
2026-08-14T18:25Z,7256.18,89.52,5609.17,78.52,4976.87,89.43,1311.27,97.43,967.52,80.32
2026-08-14T18:30Z,7341.12,91.31,5548.48,78.52,4995.05,91.23,1320.79,101.0,973.18,81.93
2026-08-14T18:35Z,7220.38,88.9,5576.25,77.46,5030.78,89.55,1305.71,100.9,970.92,80.16
2026-08-14T18:40Z,7345.31,90.75,5552.0,78.54,5037.18,91.32,1306.47,101.0,972.45,81.75
2026-08-14T18:45Z,7283.74,89.07,5642.64,78.54,5047.15,89.64,1300.29,101.0,974.59,80.24
2026-08-14T18:50Z,7244.75,88.82,5565.04,77.87,5038.62,89.38,1298.03,101.0,975.25,80.27
2026-08-14T18:55Z,7265.29,89.48,5662.43,78.54,5073.3,90.09,1302.13,101.02,976.74,80.9
2026-08-14T19:00Z,7251.7,101.1,5672.41,88.75,5031.63,102.58,1302.46,115.58,979.0,92.13
2026-08-14T19:05Z,7287.07,101.1,5724.2,88.23,5023.06,107.6,1287.95,130.0,1032.42,97.58
2026-08-14T19:10Z,7415.47,98.75,5668.98,84.5,5120.03,100.01,1279.07,101.13,1057.9,91.26
2026-08-14T19:15Z,7448.27,106.8,5673.66,90.82,5135.61,109.1,1289.71,130.0,1060.58,99.56
2026-08-14T19:20Z,7545.25,106.52,5732.66,91.8,5081.33,109.54,1278.94,130.0,1068.61,99.97
2026-08-14T19:25Z,7572.79,108.58,5711.68,92.38,5170.0,111.56,1249.43,130.0,1075.58,100.51
2026-08-14T19:30Z,7524.02,114.26,5749.1,97.27,5172.04,117.42,1242.98,130.0,1084.54,106.13
2026-08-14T19:35Z,7607.2,110.18,5777.48,93.83,5184.01,113.21,1251.95,130.0,1092.58,101.67
2026-08-14T19:40Z,7658.54,114.14,5792.43,96.6,5152.58,117.42,1288.64,130.0,1095.03,105.46
2026-08-14T19:45Z,7678.18,113.12,5785.25,96.95,5161.88,115.38,1282.16,130.0,1108.03,103.97
2026-08-14T19:50Z,7663.57,114.02,5823.1,98.38,5166.06,116.31,1279.15,130.0,1114.37,104.8
2026-08-14T19:55Z,7679.01,115.1,5865.53,99.98,5212.23,117.34,1259.66,130.0,1115.75,105.73
2026-08-14T20:00Z,7638.76,113.12,5953.47,99.0,5218.14,116.31,1260.95,133.27,1119.12,104.8
2026-08-14T20:05Z,7739.09,97.25,5871.72,81.84,5333.86,104.26,1276.17,130.0,1121.0,93.62
2026-08-14T20:10Z,7858.48,106.72,5933.21,89.73,5392.11,117.5,1307.37,130.44,1133.67,105.84
2026-08-14T20:15Z,7925.54,106.52,5961.66,89.73,5402.94,111.51,1303.61,162.34,1145.59,100.76
2026-08-14T20:20Z,7903.54,106.52,5997.28,89.81,5443.6,109.77,1307.3,170.44,1152.35,99.19
2026-08-14T20:25Z,8023.01,109.96,6069.77,93.83,5517.32,113.12,1281.25,162.34,1151.41,102.2
2026-08-14T20:30Z,8039.73,110.11,6116.55,93.83,5526.26,112.45,1295.42,162.34,1155.17,101.27
2026-08-14T20:35Z,8045.72,97.63,6125.83,84.02,5470.13,99.71,1307.43,130.44,1165.77,89.53
2026-08-14T20:40Z,8151.79,112.15,6123.47,94.08,5540.45,118.5,1334.57,162.34,1174.23,106.72
2026-08-14T20:45Z,8196.29,105.5,6207.01,89.73,5593.58,107.02,1332.93,162.34,1181.78,96.38
2026-08-14T20:50Z,8296.82,109.96,6137.66,91.68,5640.65,110.76,1351.98,162.38,1186.24,100.05
2026-08-14T20:55Z,8355.48,113.73,6084.16,76.29,5727.21,118.5,1372.53,162.34,1192.84,107.03
2026-08-14T21:00Z,8427.63,114.62,6019.09,64.94,5754.63,118.5,1383.34,162.34,1185.22,107.03
2026-08-14T21:05Z,8480.65,114.56,6007.03,64.94,5823.79,118.5,1389.24,162.34,1171.14,70.24
2026-08-14T21:10Z,8465.59,113.65,6011.1,64.93,5775.89,118.5,1389.53,162.34,1182.14,106.34
2026-08-14T21:15Z,8422.7,111.64,6026.72,64.93,5855.0,118.5,1402.87,162.34,1193.1,106.32
2026-08-14T21:20Z,8581.21,124.07,5939.5,54.5,5888.75,127.48,1422.53,162.37,1194.86,114.74
2026-08-14T21:25Z,8629.83,129.83,5882.14,6.85,5902.99,134.37,1411.92,162.34,1199.78,120.95
2026-08-14T21:30Z,8584.01,120.02,5820.77,6.83,5926.72,127.48,1425.71,162.34,1203.13,114.74
2026-08-14T21:35Z,8639.51,119.03,5755.67,6.85,5996.68,127.48,1427.45,162.34,1213.47,114.73
2026-08-14T21:40Z,8600.42,106.52,5681.85,6.85,6021.36,127.48,1439.41,199.47,1218.4,114.72
2026-08-14T21:45Z,8696.39,97.63,5549.75,6.83,6027.88,131.21,1454.41,198.0,1213.17,117.32
2026-08-14T21:50Z,8572.62,28.01,5508.29,6.83,6065.28,151.84,1453.94,163.16,1239.24,136.64
2026-08-14T21:55Z,8615.59,67.11,5380.29,0.01,6057.19,145.77,1444.06,162.34,1254.73,131.61
2026-08-14T22:00Z,8555.48,67.11,5354.86,0.01,6044.16,145.77,1445.8,147.9,1251.75,131.62
2026-08-14T22:05Z,8530.97,67.11,5372.04,0.01,5998.29,120.64,1446.57,130.0,1251.95,108.59
2026-08-14T22:10Z,8602.35,67.11,5338.32,0.01,6015.28,68.6,1460.48,130.0,1264.17,61.94
2026-08-14T22:15Z,8474.9,41.76,5286.96,0.0,6107.91,54.43,1452.23,130.0,1271.29,50.24
2026-08-14T22:20Z,8457.18,42.8,5177.67,-2.15,6122.57,55.12,1454.46,130.0,1268.8,50.24
2026-08-14T22:25Z,8419.85,53.2,5127.88,-2.15,6113.42,54.43,1454.01,130.0,1268.92,50.24
2026-08-14T22:30Z,8270.7,52.21,5053.74,0.03,6057.17,52.98,1446.0,198.0,1268.36,50.22
2026-08-14T22:35Z,8283.64,43.05,4999.05,6.85,6040.87,44.36,1433.32,198.0,1260.53,70.14
2026-08-14T22:40Z,8259.36,64.95,4935.85,0.0,6014.0,71.18,1418.26,198.0,1247.42,70.14
2026-08-14T22:45Z,8170.62,52.21,4945.09,0.0,5952.02,51.98,1382.84,130.0,1238.31,52.18
2026-08-14T22:50Z,8101.84,45.88,4882.14,-1.31,5891.67,47.94,1376.56,130.0,1234.51,50.21
2026-08-14T22:55Z,8135.47,52.29,4765.42,-2.5,5920.1,54.59,1358.9,264.08,1230.33,53.07
2026-08-14T23:00Z,8015.52,42.08,4704.63,-2.15,5923.76,43.9,1328.64,101.02,1223.54,50.22
2026-08-14T23:05Z,8095.38,43.05,4656.17,0.0,5907.45,73.03,1304.69,89.44,1211.69,72.68
2026-08-14T23:10Z,8159.46,72.75,4646.66,-2.5,5851.02,76.95,1302.61,90.28,1220.86,71.32
2026-08-14T23:15Z,8026.6,72.85,4585.48,-4.09,5830.28,76.41,1274.85,90.05,1215.63,70.2
2026-08-14T23:20Z,7982.28,64.65,4523.26,-4.09,5806.49,68.8,1244.15,89.44,1208.87,70.16
2026-08-14T23:25Z,7917.45,63.75,4519.01,-1.31,5696.93,67.69,1206.22,70.86,1199.94,70.14
2026-08-14T23:30Z,7847.32,45.65,4396.57,-4.96,5683.36,48.39,1165.35,77.01,1193.42,50.14
2026-08-14T23:35Z,7871.11,47.85,4372.35,-4.97,5647.29,49.83,1143.51,52.54,1182.24,50.18
2026-08-14T23:40Z,7900.89,64.95,4271.16,-4.09,5632.2,66.54,1146.38,69.86,1178.71,65.89
2026-08-14T23:45Z,7897.56,82.05,4261.75,-4.96,5562.54,80.5,1094.06,83.26,1172.56,73.8
2026-08-14T23:50Z,7876.1,67.49,4115.55,-4.96,5471.13,66.0,1048.77,67.55,1167.17,65.17
2026-08-14T23:55Z,7987.66,88.82,4101.47,-4.96,5436.12,66.0,1041.05,66.87,1157.67,65.37
2026-08-15T00:00Z,7988.94,109.86,4089.21,-4.97,5397.61,49.18,998.27,49.04,1144.89,50.18
2026-08-15T00:05Z,7982.94,124.29,3987.08,-4.97,5262.19,48.51,979.93,50.52,1136.12,50.14
2026-08-15T00:10Z,7985.74,106.52,3952.67,-4.97,5302.94,56.47,952.03,56.2,1128.29,55.85
2026-08-15T00:15Z,8020.52,71.4,3924.03,-4.97,5246.83,48.84,926.55,47.97,1124.85,50.16
2026-08-15T00:20Z,8001.23,64.95,3898.75,-4.97,5214.54,49.0,944.1,48.58,1115.21,50.16
2026-08-15T00:25Z,7941.34,73.15,3887.98,-4.97,5188.27,49.15,928.67,48.32,1104.11,50.16
2026-08-15T00:30Z,7891.73,73.15,3845.35,-4.97,5153.95,48.67,907.91,47.45,1081.78,50.14
2026-08-15T00:35Z,7880.24,73.15,3869.42,-4.97,5144.3,36.78,862.95,35.62,1073.73,38.61
2026-08-15T00:40Z,7765.36,66.51,3891.9,-4.97,5156.4,66.0,896.86,64.06,1059.41,69.29
2026-08-15T00:45Z,7770.0,66.53,3910.19,-4.97,5138.37,36.78,848.34,35.59,1029.98,38.85
2026-08-15T00:50Z,7767.47,66.53,3813.85,-4.09,5080.52,48.98,859.07,47.28,1014.61,50.14
2026-08-15T00:55Z,7707.83,73.15,3964.17,-4.09,5059.5,48.67,826.74,46.53,1012.73,50.14
2026-08-15T01:00Z,7711.58,64.95,3953.18,-4.96,5027.06,45.91,796.89,43.66,1003.35,48.2
2026-08-15T01:05Z,7716.46,60.82,3912.21,-4.96,5017.69,59.95,773.38,57.59,979.36,62.74
2026-08-15T01:10Z,7889.51,66.53,4116.67,-3.51,5217.5,66.53,731.36,63.59,958.86,69.38
2026-08-15T01:15Z,7912.21,66.53,4177.48,-3.51,5272.64,66.93,692.89,63.01,946.27,69.8
2026-08-15T01:20Z,7904.93,66.53,4197.41,0.0,5215.72,65.25,672.11,60.91,936.27,66.55
2026-08-15T01:25Z,7914.01,66.53,4306.41,-2.15,5214.95,65.21,659.0,60.35,927.14,66.94
2026-08-15T01:30Z,7880.72,66.53,4257.08,-1.92,5155.97,56.42,649.68,52.21,920.18,57.92
2026-08-15T01:35Z,7907.0,66.53,4177.94,-2.5,5158.26,65.67,659.89,60.44,917.24,67.42
2026-08-15T01:40Z,7909.2,66.53,4275.63,-1.31,5165.39,65.78,680.21,60.29,910.78,67.3
2026-08-15T01:45Z,7897.63,66.53,4226.08,-1.31,5163.77,65.81,687.7,60.47,902.41,67.34
2026-08-15T01:50Z,7913.69,66.53,4168.47,-2.15,5122.37,65.33,712.0,61.23,899.26,66.86
2026-08-15T01:55Z,7892.54,66.53,4273.17,-1.92,5097.14,65.41,738.16,61.64,898.98,66.93
2026-08-15T02:00Z,7874.26,66.53,4201.98,-1.92,5058.0,66.0,759.22,62.56,898.44,63.2
2026-08-15T02:05Z,7807.71,68.02,4181.18,-1.31,4995.97,56.64,794.0,54.69,897.91,51.16
2026-08-15T02:10Z,7878.87,66.53,4280.6,0.0,4994.08,65.64,830.35,64.01,887.79,59.61
2026-08-15T02:15Z,7892.22,66.94,4301.54,0.01,4929.49,66.0,818.07,64.12,888.35,63.19
2026-08-15T02:20Z,7881.47,84.79,4280.84,-2.5,4927.86,66.0,825.59,64.4,883.07,62.91
2026-08-15T02:25Z,7842.94,84.79,4313.0,-2.15,4926.11,66.0,823.93,65.65,881.95,55.47
2026-08-15T02:30Z,7738.8,88.82,4304.06,0.0,4862.9,66.0,809.02,67.33,874.79,56.48
2026-08-15T02:35Z,7754.17,83.99,4330.26,0.14,4849.53,66.0,793.27,64.54,873.26,65.55
2026-08-15T02:40Z,7736.96,83.99,4352.18,-1.31,4810.88,66.0,798.2,64.59,873.25,58.99
2026-08-15T02:45Z,7804.68,124.29,4395.73,0.13,4817.75,66.35,787.35,86.55,863.96,65.71
2026-08-15T02:50Z,7775.53,120.0,4390.05,21.06,4848.34,66.35,760.77,86.55,861.84,59.94
2026-08-15T02:55Z,7742.39,88.9,4401.42,0.14,4836.92,68.52,743.42,69.27,857.62,68.25
2026-08-15T03:00Z,7713.4,88.9,4509.59,0.14,4826.8,66.35,761.04,66.61,850.68,60.02
2026-08-15T03:05Z,7674.09,73.2,4576.09,24.81,4755.79,72.61,765.67,71.32,850.73,66.81
2026-08-15T03:10Z,7761.05,84.79,4586.49,22.85,4704.68,81.68,768.12,80.26,846.4,76.13
2026-08-15T03:15Z,7654.73,83.99,4660.78,22.85,4664.53,70.93,719.75,69.27,849.07,64.34
2026-08-15T03:20Z,7565.06,73.2,4660.29,22.85,4653.42,66.35,713.77,66.31,847.5,60.0
2026-08-15T03:25Z,7575.06,83.99,4604.91,30.35,4672.35,67.4,706.41,67.27,846.3,61.62
2026-08-15T03:30Z,7533.08,84.79,4580.6,31.0,4686.51,83.71,692.97,84.11,846.19,74.93
2026-08-15T03:35Z,7478.13,73.2,4553.84,46.71,4622.64,66.89,662.9,68.05,845.94,50.18
2026-08-15T03:40Z,7466.23,65.04,4668.31,50.0,4632.36,64.02,660.36,63.73,837.2,61.39
2026-08-15T03:45Z,7533.48,83.99,4588.74,43.01,4650.01,66.35,633.78,67.69,852.02,67.4
2026-08-15T03:50Z,7411.83,73.2,4643.05,40.0,4658.7,66.35,625.79,86.55,857.02,65.55
2026-08-15T03:55Z,7392.54,73.2,4582.94,43.73,4657.1,56.16,603.02,68.05,853.18,54.69
2026-08-15T04:00Z,7479.11,73.2,4632.6,40.9,4687.02,69.26,631.45,68.05,854.77,69.27
2026-08-15T04:05Z,7355.59,67.7,4585.05,41.6,4656.73,66.35,656.96,65.87,861.95,64.49
2026-08-15T04:10Z,7358.66,73.2,4588.66,30.35,4652.15,64.0,672.78,68.57,867.16,63.84
2026-08-15T04:15Z,7412.94,88.82,4591.4,30.35,4705.53,64.02,680.59,89.44,869.69,63.16
2026-08-15T04:20Z,7319.78,73.2,4503.85,40.1,4719.91,66.08,673.93,86.55,872.54,68.22
2026-08-15T04:25Z,7413.36,84.79,4516.14,29.83,4743.88,56.25,683.29,68.05,874.51,57.65
2026-08-15T04:30Z,7420.52,84.79,4521.13,39.75,4706.74,64.02,706.92,86.55,877.73,63.48
2026-08-15T04:35Z,7382.88,80.55,4543.32,40.1,4741.15,81.68,692.0,86.55,881.61,78.48
2026-08-15T04:40Z,7432.52,81.99,4599.3,40.1,4726.64,81.68,675.02,82.41,885.15,78.53
2026-08-15T04:45Z,7546.98,73.2,4587.97,40.1,4715.83,71.62,646.37,86.55,888.44,69.6
2026-08-15T04:50Z,7528.49,65.03,4656.07,40.9,4708.09,64.0,645.06,67.65,893.54,64.75
2026-08-15T04:55Z,7626.04,52.52,4696.02,30.35,4708.38,52.35,699.84,87.65,894.49,53.93
2026-08-15T05:00Z,7643.01,64.72,4799.9,39.75,4852.86,64.0,695.28,87.65,898.61,66.27
2026-08-15T05:05Z,7657.55,65.09,4813.43,40.1,4872.76,64.02,748.99,101.0,900.57,62.1
2026-08-15T05:10Z,7587.27,65.02,4905.31,50.0,4801.98,64.0,764.81,86.55,906.65,62.23
2026-08-15T05:15Z,7683.04,47.5,4940.68,40.9,4896.1,45.74,799.82,87.96,916.26,47.18
2026-08-15T05:20Z,7847.68,66.19,5001.31,50.0,4919.79,63.85,848.78,139.01,929.32,67.32
2026-08-15T05:25Z,7916.25,69.99,5051.51,50.0,4982.29,66.35,814.71,87.65,930.67,68.41
2026-08-15T05:30Z,7926.27,73.15,5136.01,50.0,5024.24,70.62,855.4,139.1,948.16,70.22
2026-08-15T05:35Z,7941.35,52.21,5175.21,13.27,4932.42,49.16,858.78,86.55,958.5,50.28
2026-08-15T05:40Z,8046.88,64.95,5249.72,24.99,5022.58,12.96,899.25,139.1,967.2,17.56
2026-08-15T05:45Z,8109.48,68.02,5295.58,0.01,5084.47,64.0,877.71,75.84,978.85,88.24
2026-08-15T05:50Z,8196.69,65.89,5314.78,31.0,5207.15,64.0,939.75,139.1,976.76,63.17
2026-08-15T05:55Z,8211.64,56.28,5517.53,48.2,5180.68,52.35,940.97,139.1,977.96,51.98
2026-08-15T06:00Z,8169.18,59.44,5590.27,50.0,5301.81,55.36,935.69,172.95,986.11,50.65
2026-08-15T06:05Z,8276.52,69.9,5660.36,59.22,5378.63,64.0,930.27,172.95,992.15,50.16
2026-08-15T06:10Z,8355.81,73.2,5708.66,63.84,5286.05,64.45,950.49,162.34,1013.16,62.13
2026-08-15T06:15Z,8453.94,73.2,5698.05,63.41,5301.57,64.01,991.38,178.18,1027.83,64.75
2026-08-15T06:20Z,8457.07,73.2,5836.48,65.15,5434.49,64.16,1002.9,105.01,1036.56,65.35
2026-08-15T06:25Z,8660.28,73.2,5907.41,64.79,5508.0,66.1,1052.49,126.38,1046.31,69.38
2026-08-15T06:30Z,8666.36,87.93,6024.96,77.96,5557.78,80.5,1086.85,101.0,1055.94,78.04
2026-08-15T06:35Z,8744.28,73.2,6089.86,65.78,5649.54,66.1,1163.28,101.0,1063.71,63.31
2026-08-15T06:40Z,8815.14,86.41,6187.79,78.73,5722.32,74.42,1204.6,120.73,1071.76,70.2
2026-08-15T06:45Z,8849.04,89.13,6272.06,79.75,5784.76,76.5,1211.52,122.85,1093.86,71.27
2026-08-15T06:50Z,8957.93,97.63,6376.78,85.39,5887.98,83.98,1253.83,145.12,1110.9,77.99
2026-08-15T06:55Z,9075.21,101.1,6482.79,89.01,5943.11,87.59,1238.85,107.78,1126.22,81.33
2026-08-15T07:00Z,9134.21,97.55,6541.46,83.78,6066.48,88.33,1330.5,110.13,1137.6,82.26
2026-08-15T07:05Z,9191.96,93.1,6612.84,83.69,6164.81,85.64,1370.64,145.12,1152.54,78.27
2026-08-15T07:10Z,9208.64,93.19,6585.79,83.73,6270.66,86.55,1353.78,120.73,1153.68,78.59
2026-08-15T07:15Z,9355.26,97.49,6595.01,85.39,6303.77,90.69,1391.6,145.12,1171.4,82.6
2026-08-15T07:20Z,9427.4,106.0,6643.42,91.73,6342.71,100.11,1397.77,103.02,1183.33,91.18
2026-08-15T07:25Z,9414.75,105.84,6692.28,91.73,6463.88,101.89,1455.19,105.9,1197.48,93.09
2026-08-15T07:30Z,9505.88,104.51,6757.34,91.73,6519.09,100.78,1491.5,106.58,1209.41,91.78
2026-08-15T07:35Z,9584.05,97.55,6788.93,84.03,6550.81,94.65,1520.56,101.02,1219.01,85.92
2026-08-15T07:40Z,9772.98,99.73,6975.41,87.76,6696.19,96.48,1556.27,103.82,1218.46,87.28
2026-08-15T07:45Z,9853.84,101.96,6981.28,89.73,6756.48,98.71,1563.73,106.2,1226.71,89.0
2026-08-15T07:50Z,9870.81,100.38,6941.78,87.73,6818.96,98.15,1594.45,106.59,1235.32,88.49
2026-08-15T07:55Z,9933.67,99.72,6972.7,87.73,6881.74,98.37,1609.09,106.86,1248.36,88.68
2026-08-15T08:00Z,9992.01,109.3,7057.78,95.65,6856.27,107.89,1628.41,117.4,1244.52,97.27
2026-08-15T08:05Z,9950.7,101.1,7004.52,91.86,6897.67,99.11,1636.62,105.41,1256.07,89.06
2026-08-15T08:10Z,9978.44,97.55,6925.85,85.39,6892.9,94.05,1671.6,101.02,1256.96,84.51
2026-08-15T08:15Z,9945.56,101.06,6945.95,88.88,6938.25,96.48,1703.71,103.39,1264.23,86.69
2026-08-15T08:20Z,9956.63,97.02,6965.88,83.73,6969.25,93.97,1706.01,101.04,1265.92,84.43
2026-08-15T08:25Z,10008.41,97.55,7023.93,86.43,7008.95,94.56,1723.31,101.04,1268.3,84.95
2026-08-15T08:30Z,9926.06,97.55,7000.22,89.73,7014.11,94.67,1733.79,101.19,1268.88,85.06
2026-08-15T08:35Z,9935.43,97.92,6971.99,90.63,7010.14,94.32,1746.54,101.04,1267.94,84.75
2026-08-15T08:40Z,9888.86,97.49,6936.73,87.37,7022.12,93.26,1758.22,101.02,1268.89,83.78
2026-08-15T08:45Z,9912.12,91.09,6920.89,83.73,6979.97,89.16,1749.0,99.66,1266.63,80.11
2026-08-15T08:50Z,9944.02,95.46,6908.64,85.39,6991.57,90.56,1758.23,98.92,1268.84,81.37
2026-08-15T08:55Z,9913.18,97.51,6895.44,87.92,6995.72,92.66,1784.59,101.02,1271.57,83.25
2026-08-15T09:00Z,9877.99,90.49,6854.57,80.0,7025.44,90.19,1769.97,100.32,1267.98,81.03
2026-08-15T09:05Z,9784.25,89.27,6866.46,79.73,6958.97,87.56,1763.67,96.93,1266.1,78.93
2026-08-15T09:10Z,9811.05,94.64,6887.43,87.73,6972.33,90.55,1754.34,99.75,1262.02,81.62
2026-08-15T09:15Z,9815.05,90.49,6828.74,82.04,6972.7,88.04,1753.52,96.96,1264.83,79.36
2026-08-15T09:20Z,9782.83,93.45,6868.94,83.73,6972.07,89.41,1750.8,98.08,1259.79,80.33
2026-08-15T09:25Z,9750.59,92.01,6777.22,83.39,6908.7,88.04,1752.03,96.32,1254.49,78.86
2026-08-15T09:30Z,9759.08,93.17,6781.99,83.69,6876.22,90.55,1754.73,98.7,1258.62,81.11
2026-08-15T09:35Z,9794.03,94.78,6789.4,85.36,6890.32,90.56,1739.2,98.57,1254.2,70.24
2026-08-15T09:40Z,9661.21,90.49,6770.34,81.83,6879.62,87.95,1742.45,95.78,1257.04,70.24
2026-08-15T09:45Z,9664.66,93.25,6733.21,83.92,6824.68,90.56,1734.7,99.02,1260.34,81.39
2026-08-15T09:50Z,9702.69,90.49,6707.18,79.75,6895.69,88.54,1716.77,96.26,1252.38,79.31
2026-08-15T09:55Z,9725.44,90.49,6681.53,81.07,6839.77,88.57,1739.12,96.44,1249.12,79.34
2026-08-15T10:00Z,9633.99,90.49,6745.57,81.84,6855.66,87.9,1726.24,94.6,1241.81,78.74
2026-08-15T10:05Z,9618.93,91.29,6640.59,80.0,6836.75,88.64,1717.39,92.81,1246.71,79.66
2026-08-15T10:10Z,9640.83,90.49,6649.57,79.73,6784.29,87.07,1706.97,91.51,1257.49,78.51
2026-08-15T10:15Z,9663.77,90.49,6588.33,79.25,6812.6,87.04,1697.23,91.05,1254.05,78.23
2026-08-15T10:20Z,9670.45,90.49,6651.36,79.73,6840.5,87.04,1693.96,90.99,1254.84,78.23
2026-08-15T10:25Z,9681.99,90.49,6592.34,78.54,6771.55,87.01,1715.93,93.18,1251.31,78.21
2026-08-15T10:30Z,9612.52,90.49,6535.03,79.2,6773.39,86.22,1675.24,90.81,1260.26,77.74
2026-08-15T10:35Z,9611.39,90.49,6591.59,79.73,6759.49,87.58,1671.05,90.37,1261.3,79.23
2026-08-15T10:40Z,9607.22,90.49,6673.41,80.35,6759.09,87.64,1682.87,91.23,1256.34,79.03
2026-08-15T10:45Z,9601.98,90.49,6714.84,80.39,6652.18,86.2,1694.72,90.53,1253.22,77.74
2026-08-15T10:50Z,9470.01,90.49,6670.22,80.86,6645.92,87.62,1670.1,92.71,1252.91,79.02
2026-08-15T10:55Z,9467.22,90.49,6670.46,79.34,6692.66,87.61,1667.2,92.61,1251.83,79.01
2026-08-15T11:00Z,9526.51,90.49,6656.27,81.37,6680.82,86.78,1647.67,90.89,1251.59,77.76
2026-08-15T11:05Z,9465.56,90.49,6595.75,83.39,6566.66,85.64,1658.98,89.44,1252.44,77.25
2026-08-15T11:10Z,9367.47,90.49,6627.89,81.32,6658.66,88.37,1673.63,93.49,1251.2,79.44
2026-08-15T11:15Z,9422.61,93.6,6624.96,86.29,6671.61,90.55,1654.85,94.91,1248.14,81.4
2026-08-15T11:20Z,9364.49,97.55,6523.83,87.55,6644.73,92.13,1644.55,95.08,1247.88,82.83
2026-08-15T11:25Z,9310.66,91.52,6610.93,81.84,6540.91,86.33,1631.33,89.44,1249.62,77.62
2026-08-15T11:30Z,9228.57,93.33,6624.61,85.51,6515.29,86.65,1633.15,89.44,1243.21,77.92
2026-08-15T11:35Z,9174.23,97.55,6572.6,89.31,6549.93,92.07,1631.62,95.37,1241.49,83.05
2026-08-15T11:40Z,9148.06,97.55,6563.53,85.4,6509.65,93.51,1618.87,98.38,1243.69,84.36
2026-08-15T11:45Z,9211.06,97.55,6549.6,84.5,6396.31,92.65,1613.85,97.59,1241.19,83.33
2026-08-15T11:50Z,9125.81,97.63,6515.72,87.47,6446.69,93.55,1613.17,98.09,1235.82,84.13
2026-08-15T11:55Z,9049.64,92.4,6463.12,81.84,6387.55,87.11,1601.09,90.3,1223.35,78.09
2026-08-15T12:00Z,8994.71,87.85,6430.67,78.78,6350.38,82.15,1591.41,85.16,1224.88,73.65
2026-08-15T12:05Z,9027.61,92.86,6275.62,82.58,6298.73,86.16,1602.34,89.44,1225.18,77.75
2026-08-15T12:10Z,9081.11,97.55,6334.01,87.73,6230.92,88.96,1588.2,92.33,1220.1,80.28
2026-08-15T12:15Z,8988.7,97.55,6335.53,88.48,6196.61,88.91,1568.77,92.22,1209.33,79.99
2026-08-15T12:20Z,8982.6,96.73,6330.51,87.73,6181.08,87.44,1562.85,91.02,1202.63,78.41
2026-08-15T12:25Z,8991.56,94.01,6258.85,84.64,6136.17,84.92,1565.89,89.44,1203.17,76.15
2026-08-15T12:30Z,8927.39,90.91,6239.49,81.84,6179.08,82.75,1550.41,86.35,1194.49,74.2
2026-08-15T12:35Z,8925.7,87.85,6175.8,79.02,6051.54,81.2,1552.15,85.2,1191.05,73.29
2026-08-15T12:40Z,8920.49,87.58,6128.05,78.73,6088.18,80.91,1537.37,84.15,1184.77,73.03
2026-08-15T12:45Z,8832.34,87.85,6119.54,78.73,6053.52,82.44,1522.34,86.05,1180.24,75.84
2026-08-15T12:50Z,8798.5,85.12,6090.02,76.01,6027.2,80.5,1521.61,83.73,1166.64,73.82
2026-08-15T12:55Z,8796.38,84.51,6069.68,74.96,6023.13,80.5,1506.59,82.7,1161.38,73.83
2026-08-15T13:00Z,8709.17,77.11,6034.87,68.82,5929.63,73.95,1483.55,76.26,1156.0,69.54
2026-08-15T13:05Z,8702.44,83.99,5994.34,73.5,6030.88,81.21,1473.54,83.29,1141.76,74.48
2026-08-15T13:10Z,8681.48,90.28,6022.3,78.54,6066.66,88.34,1469.63,89.44,1142.93,80.75
2026-08-15T13:15Z,8622.24,90.5,6013.41,78.72,6138.06,88.89,1442.36,89.44,1148.1,81.5
2026-08-15T13:20Z,8523.01,83.28,5976.43,72.5,6011.54,80.5,1448.25,81.47,1151.51,73.83
2026-08-15T13:25Z,8524.41,83.33,5965.04,72.22,5997.12,80.5,1439.3,80.49,1146.71,73.83
2026-08-15T13:30Z,8470.08,82.6,5939.0,71.33,5985.47,80.5,1452.01,81.51,1143.92,73.6
2026-08-15T13:35Z,8450.69,81.2,5872.08,69.18,6036.87,80.5,1462.98,81.84,1139.91,73.59
2026-08-15T13:40Z,8381.18,81.72,5929.59,70.57,5991.95,80.5,1488.99,81.74,1137.78,73.59
2026-08-15T13:45Z,8409.65,82.5,5919.06,71.23,5976.74,80.5,1465.55,80.68,1134.77,73.59
2026-08-15T13:50Z,8403.86,77.9,5892.02,68.09,5832.85,75.34,1468.5,75.46,1130.85,70.2
2026-08-15T13:55Z,8310.6,68.03,5846.29,59.44,5816.18,66.35,1465.7,66.64,1118.64,62.01
2026-08-15T14:00Z,8249.82,66.53,5866.87,58.51,5818.09,63.31,1455.62,62.78,1117.01,59.17
2026-08-15T14:05Z,8220.03,66.53,5802.56,58.84,5779.77,63.86,1466.63,63.41,1115.98,59.68
2026-08-15T14:10Z,8254.67,69.99,5783.81,61.88,5780.59,66.6,1454.94,66.08,1107.14,62.05
2026-08-15T14:15Z,8195.64,69.99,5782.76,61.88,5777.91,66.94,1468.94,66.93,1103.98,62.37
2026-08-15T14:20Z,8178.17,68.53,5723.51,60.16,5757.27,66.35,1483.41,66.71,1102.92,61.82
2026-08-15T14:25Z,8196.2,66.61,5672.56,57.73,5730.54,64.0,1497.78,65.18,1097.93,59.45
2026-08-15T14:30Z,8273.28,66.53,5653.3,57.61,5622.7,62.82,1494.78,64.77,1095.43,58.37
2026-08-15T14:35Z,8277.97,83.99,5660.5,71.37,5647.84,80.5,1495.88,83.58,1079.79,74.32
2026-08-15T14:40Z,8149.38,72.89,5651.32,62.73,5631.21,69.98,1505.16,73.0,1083.39,65.02
2026-08-15T14:45Z,8095.16,66.53,5561.62,56.47,5525.49,62.85,1503.92,65.66,1090.88,58.58
2026-08-15T14:50Z,8135.71,73.42,5574.2,62.73,5585.93,69.93,1504.75,73.3,1087.77,64.97
2026-08-15T14:55Z,8143.49,80.31,5563.18,68.16,5548.94,75.81,1493.0,79.44,1081.37,70.22
2026-08-15T15:00Z,8104.0,67.0,5521.38,56.49,5526.18,63.22,1477.08,66.22,1079.58,58.74
2026-08-15T15:05Z,8011.0,79.17,5536.2,66.76,5435.4,75.33,1488.03,79.34,1076.97,70.22
2026-08-15T15:10Z,7944.22,71.71,5533.52,60.47,5382.68,68.24,1486.65,72.22,1073.53,63.62
2026-08-15T15:15Z,7944.25,71.16,5473.37,59.21,5453.86,68.24,1472.93,72.67,1071.05,63.61
2026-08-15T15:20Z,7903.47,70.64,5424.91,58.01,5432.29,68.24,1461.05,72.9,1069.35,63.61
2026-08-15T15:25Z,7758.67,67.03,5425.78,55.4,5425.63,66.35,1454.9,71.42,1071.14,61.85
2026-08-15T15:30Z,7813.05,68.88,5431.16,56.93,5402.06,67.59,1457.76,73.63,1072.36,63.01
2026-08-15T15:35Z,7690.93,67.0,5402.5,55.36,5377.21,65.79,1451.23,70.85,1067.57,61.33
2026-08-15T15:40Z,7667.17,66.53,5371.24,54.61,5326.63,64.28,1448.06,69.02,1067.14,59.93
2026-08-15T15:45Z,7671.22,67.58,5428.03,55.51,5237.67,65.22,1431.83,70.32,1071.0,60.82
2026-08-15T15:50Z,7582.38,66.53,5399.98,54.75,5231.67,63.21,1426.09,67.87,1068.81,58.94
2026-08-15T15:55Z,7604.51,68.73,5367.66,54.75,5291.64,66.35,1414.74,70.88,1066.07,61.67
2026-08-15T16:00Z,7532.57,67.12,5368.52,54.75,5257.85,64.82,1414.46,69.44,1064.89,60.26
2026-08-15T16:05Z,7546.0,66.53,5245.05,53.95,5194.7,63.23,1424.43,67.95,1057.4,58.78
2026-08-15T16:10Z,7476.96,66.53,5372.69,54.96,5190.63,62.21,1408.88,66.54,1060.88,57.84
2026-08-15T16:15Z,7448.05,66.53,5357.21,54.75,5176.05,62.17,1390.15,65.66,1058.19,57.8
2026-08-15T16:20Z,7439.35,66.53,5345.66,54.75,5155.8,61.16,1379.3,64.58,1052.95,56.68
2026-08-15T16:25Z,7384.52,66.53,5382.57,54.97,5049.55,63.09,1377.11,66.93,1053.78,58.49
2026-08-15T16:30Z,7370.37,66.53,5375.28,54.75,5032.69,61.55,1368.36,65.0,1053.26,57.06
2026-08-15T16:35Z,7386.63,66.69,5376.22,54.75,5116.17,62.72,1370.19,66.7,1057.84,58.14
2026-08-15T16:40Z,7370.3,70.51,5401.29,57.9,5107.57,66.35,1386.21,71.16,1056.01,61.5
2026-08-15T16:45Z,7329.27,67.0,5360.96,54.99,5081.41,62.52,1370.87,66.27,1056.89,57.96
2026-08-15T16:50Z,7275.5,66.53,5355.15,54.61,5076.55,61.1,1358.59,64.24,1061.31,56.81
2026-08-15T16:55Z,7211.05,66.53,5287.27,54.23,5082.09,61.59,1350.1,64.24,1058.68,57.27
2026-08-15T17:00Z,7221.34,71.33,5354.71,58.56,5072.68,66.0,1337.65,68.52,1055.93,63.09
2026-08-15T17:05Z,7201.15,66.53,5249.2,45.56,4983.8,60.53,1327.85,62.39,1043.09,57.88
2026-08-15T17:10Z,7166.73,66.53,5308.71,54.75,4991.95,60.63,1352.74,62.85,1044.86,56.21
2026-08-15T17:15Z,7210.79,69.7,5280.83,57.9,4977.66,64.0,1358.11,66.6,1055.76,59.34
2026-08-15T17:20Z,7276.75,71.88,5356.54,54.75,4965.24,66.0,1370.12,69.78,1052.8,61.19
2026-08-15T17:25Z,7288.42,71.33,5275.47,50.54,5017.65,66.0,1376.0,69.98,1050.31,61.19
2026-08-15T17:30Z,7251.69,66.53,5290.65,52.17,5000.52,61.57,1377.11,65.05,1047.18,57.08
2026-08-15T17:35Z,7190.58,66.53,5434.09,55.37,4967.27,61.09,1368.71,64.57,1053.79,56.64
2026-08-15T17:40Z,7158.37,66.53,5400.61,54.75,4986.4,61.63,1381.16,65.44,1058.14,57.14
2026-08-15T17:45Z,7193.19,66.53,5335.13,54.61,5001.08,61.57,1360.06,64.27,1053.8,57.08
2026-08-15T17:50Z,7167.19,66.53,5355.43,54.75,5024.78,61.56,1345.44,63.97,1053.47,57.07
2026-08-15T17:55Z,7195.37,66.53,5282.11,54.57,4919.5,60.51,1334.4,62.67,1054.74,56.11
2026-08-15T18:00Z,7102.77,66.53,5362.43,54.96,4938.27,61.48,1317.13,63.1,1055.68,57.0
2026-08-15T18:05Z,7141.12,66.53,5341.77,54.75,4987.86,60.47,1300.45,61.72,1042.9,56.06
2026-08-15T18:10Z,7140.43,66.53,5372.7,55.31,4986.84,60.44,1290.38,61.66,1053.38,56.21
2026-08-15T18:15Z,7154.33,68.88,5422.72,56.94,4982.55,63.61,1300.94,65.7,1060.91,59.16
2026-08-15T18:20Z,7136.72,66.53,5401.52,54.75,4978.31,61.91,1304.21,64.18,1064.61,57.58
2026-08-15T18:25Z,7078.88,66.53,5341.26,54.6,4985.07,61.91,1295.83,64.4,1062.38,57.76
2026-08-15T18:30Z,7059.61,66.53,5370.76,54.75,4978.48,61.89,1294.19,63.6,1060.93,57.56
2026-08-15T18:35Z,7075.94,66.53,5382.43,54.75,5005.01,61.37,1285.16,62.5,1067.57,57.25
2026-08-15T18:40Z,7100.96,66.53,5384.43,54.75,4943.51,60.87,1292.02,62.31,1065.63,56.79
2026-08-15T18:45Z,7183.82,66.53,5422.37,55.0,4951.26,60.36,1293.14,62.01,1055.6,56.14
2026-08-15T18:50Z,7220.17,66.53,5444.43,55.02,5005.69,61.34,1293.82,63.21,1055.89,57.04
2026-08-15T18:55Z,7228.36,66.53,5422.5,55.0,4991.39,60.37,1292.74,61.74,1068.02,56.32
2026-08-15T19:00Z,7195.49,66.53,5355.32,54.75,5000.28,60.34,1273.47,61.41,1066.74,56.29
2026-08-15T19:05Z,7184.52,66.53,5426.43,55.35,5003.09,59.42,1274.73,60.27,1070.84,55.09
2026-08-15T19:10Z,7229.61,66.53,5464.4,55.72,5048.07,59.41,1268.89,59.03,1075.52,55.08
2026-08-15T19:15Z,7257.79,66.53,5496.99,55.78,5075.01,59.88,1263.47,59.93,1087.38,55.68
2026-08-15T19:20Z,7194.54,66.53,5514.35,55.78,5001.31,59.41,1267.73,59.99,1090.42,55.25
2026-08-15T19:25Z,7193.82,66.53,5495.74,56.11,5019.27,59.42,1280.9,59.32,1090.22,55.27
2026-08-15T19:30Z,7246.75,66.53,5474.8,55.74,5000.5,59.41,1289.74,60.04,1100.6,55.43
2026-08-15T19:35Z,7304.91,66.53,5491.91,55.78,5035.79,59.86,1291.7,60.43,1099.8,56.36
2026-08-15T19:40Z,7331.41,66.53,5495.73,55.75,5053.92,60.79,1285.4,61.58,1101.14,57.41
2026-08-15T19:45Z,7274.6,66.53,5551.32,56.51,5147.74,61.33,1288.9,62.09,1098.48,58.47
2026-08-15T19:50Z,7337.5,66.53,5582.4,56.89,5165.66,60.85,1291.13,61.37,1091.39,57.29
2026-08-15T19:55Z,7361.61,66.53,5558.62,56.86,5116.8,59.4,1283.96,59.21,1095.98,56.72
2026-08-15T20:00Z,7387.92,66.53,5640.46,57.5,5200.4,59.9,1280.9,59.21,1108.02,57.4
2026-08-15T20:05Z,7418.04,66.53,5591.46,57.24,5223.28,59.93,1286.28,59.96,1119.37,57.45
2026-08-15T20:10Z,7428.95,79.4,5641.39,68.82,5270.51,72.06,1281.07,72.26,1125.09,69.08
2026-08-15T20:15Z,7457.7,78.88,5730.58,68.84,5283.62,71.01,1284.91,71.17,1132.04,68.07
2026-08-15T20:20Z,7570.97,78.36,5726.69,68.82,5234.12,68.83,1281.55,67.94,1138.3,66.22
2026-08-15T20:25Z,7594.84,78.86,5750.86,68.84,5339.81,69.35,1288.89,67.88,1144.07,66.65
2026-08-15T20:30Z,7625.7,79.37,5722.32,68.82,5329.7,69.79,1292.43,68.86,1141.58,67.1
2026-08-15T20:35Z,7656.1,79.4,5696.82,68.82,5403.17,70.43,1313.88,69.51,1150.57,67.23
2026-08-15T20:40Z,7692.43,82.43,5767.91,68.84,5457.58,75.44,1304.51,77.01,1158.39,71.21
2026-08-15T20:45Z,7703.97,76.81,5831.34,68.82,5510.4,68.1,1300.52,67.05,1156.32,65.25
2026-08-15T20:50Z,7785.38,77.69,5763.63,66.96,5549.18,69.97,1305.44,69.67,1162.72,67.11
2026-08-15T20:55Z,7822.84,77.63,5760.84,66.92,5605.29,69.97,1310.12,68.61,1162.92,67.01
2026-08-15T21:00Z,7891.83,67.65,5722.97,56.47,5615.84,62.97,1328.62,63.03,1171.88,60.59
2026-08-15T21:05Z,7837.14,65.41,5707.99,54.6,5616.16,59.95,1325.24,59.09,1178.54,57.67
2026-08-15T21:10Z,7908.86,57.54,5606.12,47.37,5580.09,53.12,1322.35,53.2,1175.5,51.17
2026-08-15T21:15Z,7987.44,55.35,5533.96,39.22,5702.68,51.92,1324.75,52.0,1191.41,50.31
2026-08-15T21:20Z,8055.61,49.37,5499.31,6.83,5775.24,47.1,1334.23,48.03,1203.15,50.18
2026-08-15T21:25Z,7998.51,44.99,5499.89,0.14,5791.48,44.0,1347.8,44.89,1203.77,50.16
2026-08-15T21:30Z,8044.47,44.22,5458.73,0.01,5845.15,44.0,1365.52,44.74,1202.35,49.17
2026-08-15T21:35Z,8051.66,52.21,5395.48,-1.31,5879.34,50.32,1369.85,50.76,1201.46,50.16
2026-08-15T21:40Z,8070.86,50.98,5296.6,-1.31,5851.73,49.51,1369.92,50.34,1203.66,50.16
2026-08-15T21:45Z,8063.5,42.82,5224.23,-1.31,5866.2,43.29,1373.04,43.67,1204.59,44.14
2026-08-15T21:50Z,8088.28,52.21,5198.13,0.0,5869.29,51.53,1375.11,52.19,1208.14,50.16
2026-08-15T21:55Z,7983.93,51.93,5198.52,-2.5,5907.66,52.14,1372.69,53.21,1212.07,50.16
2026-08-15T22:00Z,8001.72,42.82,5158.88,-3.49,5932.73,43.72,1384.32,44.64,1213.89,44.58
2026-08-15T22:05Z,7926.57,42.8,5130.05,-1.31,5922.31,44.06,1379.59,45.15,1209.12,45.21
2026-08-15T22:10Z,8004.65,43.05,5030.79,-2.5,5994.15,44.33,1382.89,45.38,1208.23,45.48
2026-08-15T22:15Z,8027.21,42.82,4969.68,-2.5,5998.68,44.43,1368.06,44.94,1206.88,46.6
2026-08-15T22:20Z,8052.57,43.05,4880.52,-3.0,5974.36,44.62,1347.82,44.73,1214.98,47.23
2026-08-15T22:25Z,8079.8,42.82,4825.61,-3.0,5969.15,43.99,1334.75,44.08,1214.28,46.57
2026-08-15T22:30Z,8011.87,43.05,4868.68,-2.5,6020.96,45.33,1335.46,45.4,1218.05,47.98
2026-08-15T22:35Z,7925.66,42.82,4757.38,-2.5,6017.48,45.07,1317.74,44.19,1215.99,47.71
2026-08-15T22:40Z,7919.88,42.82,4688.75,-2.5,5970.89,45.46,1319.68,44.3,1208.02,48.78
2026-08-15T22:45Z,7834.29,43.05,4694.1,-3.0,5967.45,46.13,1323.96,45.51,1205.63,49.5
2026-08-15T22:50Z,7861.88,52.21,4685.07,-3.0,5953.01,56.35,1315.13,55.52,1207.23,60.31
2026-08-15T22:55Z,7765.62,42.8,4716.29,-2.15,5921.66,46.61,1317.74,46.49,1210.31,50.0
2026-08-15T23:00Z,7787.75,25.12,4671.65,-3.0,5872.46,26.88,1306.54,27.11,1202.82,29.12
2026-08-15T23:05Z,7789.57,42.8,4649.42,-3.0,5802.66,45.37,1305.87,45.25,1198.24,48.75
2026-08-15T23:10Z,7717.9,25.12,4566.16,-3.0,5849.13,35.94,1290.88,36.08,1194.38,38.71
2026-08-15T23:15Z,7609.18,25.12,4531.13,-2.5,5850.84,30.16,1278.36,30.48,1187.94,32.51
2026-08-15T23:20Z,7551.16,43.05,4449.79,-3.0,5773.29,45.97,1277.95,46.86,1173.93,49.19
2026-08-15T23:25Z,7423.51,42.8,4329.84,-3.73,5801.65,44.57,1245.33,44.82,1169.12,46.76
2026-08-15T23:30Z,7302.02,42.08,4304.9,-3.51,5770.78,43.8,1219.67,43.84,1159.78,46.94
2026-08-15T23:35Z,7209.01,28.78,4184.56,-4.96,5735.84,30.16,1187.15,29.91,1159.23,32.74
2026-08-15T23:40Z,7206.69,42.08,4176.66,-4.96,5682.5,42.62,1159.65,41.9,1168.26,47.02
2026-08-15T23:45Z,7101.49,30.6,4091.33,-5.0,5551.0,30.16,1098.41,29.25,1161.11,32.72
2026-08-15T23:50Z,7096.79,42.8,4057.08,-5.0,5483.89,19.18,1063.94,18.29,1162.4,21.12
2026-08-15T23:55Z,6927.11,41.88,4017.1,-4.97,5484.87,13.06,1030.77,12.2,1146.37,14.55
2026-08-16T00:00Z,6873.55,27.88,4013.64,-4.96,5432.04,13.06,981.2,12.17,1139.89,14.49
2026-08-16T00:05Z,6854.18,25.12,3987.21,-4.96,5351.19,19.18,944.58,17.37,1134.26,21.12
2026-08-16T00:10Z,7002.91,42.52,4006.48,-4.96,5334.85,19.18,929.21,17.35,1131.5,21.12
2026-08-16T00:15Z,6813.18,42.54,3997.78,-4.96,5320.42,13.06,912.55,11.89,1123.73,14.58
2026-08-16T00:20Z,6809.71,25.12,3880.17,-4.97,5227.59,13.06,909.73,11.86,1113.81,14.56
2026-08-16T00:25Z,6866.2,42.54,3900.84,-4.96,5100.06,10.66,880.05,9.71,1104.62,11.98
2026-08-16T00:30Z,6765.57,42.54,3922.57,-4.96,5031.23,10.66,842.47,9.58,1095.67,11.26
2026-08-16T00:35Z,6736.7,42.54,3916.93,-4.96,4991.54,10.66,802.82,9.41,1093.21,12.02
2026-08-16T00:40Z,6769.67,43.05,3939.25,-4.96,4912.46,10.66,810.67,9.46,1080.89,11.98
2026-08-16T00:45Z,6909.73,25.12,3872.04,-4.96,4805.87,10.66,780.93,9.45,1068.39,11.27
2026-08-16T00:50Z,6987.33,25.12,3900.54,-3.51,4773.99,10.66,770.72,9.48,1059.67,11.23
2026-08-16T00:55Z,7082.54,61.02,3868.83,-3.0,4678.93,10.5,727.53,9.08,1058.26,11.1
2026-08-16T01:00Z,6870.59,42.54,3843.22,-3.73,4635.69,10.5,686.14,9.0,1055.18,11.1
2026-08-16T01:05Z,6789.91,25.12,3786.07,-3.49,4486.28,9.88,663.6,-6.0,1054.14,11.26
2026-08-16T01:10Z,7171.97,42.66,3862.88,-2.15,4648.74,10.5,666.58,8.9,1041.8,11.86
2026-08-16T01:15Z,7096.87,42.54,3899.28,-3.0,4645.19,10.66,634.38,9.34,1035.09,12.01
2026-08-16T01:20Z,7080.18,25.12,3855.05,-2.5,4627.35,5.05,608.45,4.23,1029.94,6.07
2026-08-16T01:25Z,7081.85,42.54,3979.24,0.0,4512.56,1.42,592.72,1.19,1018.32,1.5
2026-08-16T01:30Z,7043.34,42.54,3861.59,-1.31,4399.6,1.42,579.68,1.19,1011.51,1.5
2026-08-16T01:35Z,7027.67,43.05,3870.87,-2.5,4264.29,8.94,557.83,7.47,1008.72,10.22
2026-08-16T01:40Z,7091.87,43.05,3898.02,-2.15,4190.4,1.42,563.83,1.18,1003.91,88.24
2026-08-16T01:45Z,7081.21,68.02,3912.33,0.0,4102.02,1.42,533.02,0.88,989.84,2.25
2026-08-16T01:50Z,7013.67,43.05,3927.07,-1.31,3925.22,0.01,535.87,0.01,991.21,0.73
2026-08-16T01:55Z,6928.61,25.12,4082.28,0.0,3885.15,1.01,545.48,0.84,991.08,1.79
2026-08-16T02:00Z,7116.6,43.05,4052.4,0.03,3863.23,0.01,545.77,0.01,989.86,0.74
2026-08-16T02:05Z,7074.3,42.54,4018.36,-1.31,3822.84,0.45,550.12,0.38,970.47,0.48
2026-08-16T02:10Z,7028.29,42.66,4057.67,0.0,3796.01,0.01,548.41,0.01,963.99,0.01
2026-08-16T02:15Z,7020.06,25.12,4000.54,-2.15,3742.25,-2.99,532.34,-2.56,936.75,-3.14
2026-08-16T02:20Z,7059.98,25.12,4068.47,0.0,3752.28,-2.99,515.79,-2.55,911.55,-3.15
2026-08-16T02:25Z,7143.96,42.65,4035.96,0.13,3641.53,-3.5,502.8,-2.98,895.49,-3.68
2026-08-16T02:30Z,7072.27,25.12,4041.72,0.0,3715.15,0.51,517.63,0.43,889.62,0.54
2026-08-16T02:35Z,6991.58,42.8,3986.66,2.79,3574.59,-3.5,492.26,-2.98,890.03,-3.72
2026-08-16T02:40Z,7019.55,43.05,3954.25,0.13,3602.34,-2.99,489.46,-6.25,891.31,-3.17
2026-08-16T02:45Z,6838.0,42.54,3959.89,3.04,3592.36,-4.67,506.7,-6.25,888.55,-4.96
2026-08-16T02:50Z,6770.27,42.8,3964.09,2.79,3524.14,-6.5,509.92,-5.59,888.54,-6.9
2026-08-16T02:55Z,6929.23,43.05,3954.67,5.45,3586.28,-6.5,516.33,-5.52,879.52,-6.9
2026-08-16T03:00Z,6915.83,42.8,3966.41,13.27,3562.06,-2.99,507.6,-2.56,878.55,-3.17
2026-08-16T03:05Z,6909.74,66.53,4000.75,22.85,3530.72,-6.5,504.77,-5.63,878.15,-6.89
2026-08-16T03:10Z,6840.93,42.8,3917.32,0.73,3573.67,-3.5,554.35,-3.01,880.43,-3.72
2026-08-16T03:15Z,6913.64,42.08,4004.3,24.81,3520.96,-6.5,593.63,-5.93,879.57,-6.9
2026-08-16T03:20Z,6941.3,42.54,4012.76,22.85,3476.05,-0.05,641.18,-0.05,901.28,-0.05
2026-08-16T03:25Z,6918.84,16.5,3953.47,13.26,3452.28,-0.1,641.56,-0.09,895.03,-0.11
2026-08-16T03:30Z,6860.0,28.06,4015.29,22.85,3418.79,-7.51,609.01,-7.05,896.21,-7.98
2026-08-16T03:35Z,6774.15,23.99,4043.91,19.8,3509.66,-6.5,622.21,-6.17,904.78,-6.9
2026-08-16T03:40Z,6816.57,30.42,4123.68,24.81,3443.97,-7.32,624.65,-7.12,904.15,-7.77
2026-08-16T03:45Z,6831.33,27.87,4064.04,23.16,3534.56,-7.27,630.19,-7.01,904.65,-7.72
2026-08-16T03:50Z,6819.03,23.99,4172.91,19.71,3528.43,-7.51,640.75,-7.25,894.55,-7.97
2026-08-16T03:55Z,6873.22,23.94,4235.28,13.27,3536.76,-7.51,666.41,-7.2,898.86,-7.97
2026-08-16T04:00Z,6908.65,42.55,4291.17,30.35,3457.76,-6.59,644.87,-6.25,887.9,-6.98
2026-08-16T04:05Z,6844.82,42.53,4322.07,35.0,3442.66,-8.5,637.71,-8.0,896.74,-9.0
2026-08-16T04:10Z,6750.31,42.55,4321.83,35.91,3463.37,-8.5,649.65,-8.0,901.01,-9.03
2026-08-16T04:15Z,6897.93,42.54,4329.72,36.13,3472.29,-8.5,637.81,-8.27,898.0,-9.0
2026-08-16T04:20Z,6785.55,42.55,4391.22,36.63,3433.92,-17.06,643.13,-14.99,894.67,-9.92
2026-08-16T04:25Z,6926.21,42.54,4408.54,36.63,3551.21,-9.39,620.66,-8.88,893.95,-9.92
2026-08-16T04:30Z,6873.12,42.52,4444.81,35.93,3583.04,-8.5,590.06,-7.77,895.86,-9.0
2026-08-16T04:35Z,6913.53,23.99,4494.94,20.55,3604.85,-8.5,555.64,-7.82,902.03,-9.0
2026-08-16T04:40Z,7072.3,42.54,4542.21,36.23,3639.89,-8.13,538.06,-7.52,902.7,-8.6
2026-08-16T04:45Z,7150.26,42.54,4543.57,36.45,3569.9,-8.5,563.4,-8.09,901.86,-9.0
2026-08-16T04:50Z,7191.91,41.88,4582.58,35.45,3641.53,-38.32,563.35,-19.85,902.77,-9.96
2026-08-16T04:55Z,7257.17,36.04,4653.15,30.35,3772.64,-9.49,582.31,-9.05,910.49,-9.92
2026-08-16T05:00Z,7321.12,45.86,4769.96,39.66,3833.36,-21.15,568.58,-19.85,912.58,-9.92
2026-08-16T05:05Z,7213.4,42.52,4817.32,36.56,3865.87,-3.5,560.35,-3.08,917.2,-3.7
2026-08-16T05:10Z,7220.05,64.07,4909.71,54.45,3858.49,-8.5,549.89,-7.76,923.05,-8.99
2026-08-16T05:15Z,7323.0,36.24,4985.81,30.35,3923.02,-0.05,604.04,-0.05,929.63,-0.05
2026-08-16T05:20Z,7374.17,64.07,5058.21,53.38,3932.22,-17.02,604.28,-16.0,933.09,-9.92
2026-08-16T05:25Z,7451.46,35.06,5073.86,30.35,3976.26,-7.51,645.77,-6.83,941.7,-7.97
2026-08-16T05:30Z,7440.19,42.55,5095.51,35.24,4106.06,-8.5,656.17,-7.91,941.86,-9.01
2026-08-16T05:35Z,7477.03,36.62,5145.67,30.35,4163.34,-6.51,684.24,-5.85,948.43,-6.89
2026-08-16T05:40Z,7599.03,42.82,5262.92,35.53,4161.19,-8.5,695.12,-7.93,952.92,-8.99
2026-08-16T05:45Z,7651.25,42.55,5343.35,35.8,4356.58,0.0,707.6,0.0,967.82,0.0
2026-08-16T05:50Z,7735.44,52.21,5373.69,44.49,4371.47,-8.5,713.31,-8.07,965.03,-8.99
2026-08-16T05:55Z,7724.24,42.54,5461.69,37.23,4492.74,39.5,767.76,35.57,975.44,41.9
2026-08-16T06:00Z,7921.99,42.82,5606.88,38.36,4550.31,10.5,724.08,9.42,988.24,11.84
2026-08-16T06:05Z,7999.88,42.82,5646.33,39.75,4535.3,10.5,759.5,9.16,992.81,11.07
2026-08-16T06:10Z,8059.45,42.82,5670.43,39.75,4697.61,10.5,771.49,9.04,1001.48,11.06
2026-08-16T06:15Z,8193.99,43.27,5807.67,40.0,4769.57,40.61,823.88,36.17,1013.62,42.92
2026-08-16T06:20Z,8257.23,58.13,5903.11,54.5,4854.5,53.36,856.62,48.49,1024.45,55.34
2026-08-16T06:25Z,8376.63,88.88,5996.27,83.69,5016.26,81.7,876.69,75.44,1039.25,84.45
2026-08-16T06:30Z,8420.98,90.08,6167.75,86.37,5145.36,85.66,918.14,80.29,1048.96,88.24
2026-08-16T06:35Z,8553.36,85.05,6229.32,79.55,5251.13,79.67,951.58,75.86,1059.89,52.2
2026-08-16T06:40Z,8570.39,71.4,6274.94,67.69,5361.03,68.67,987.9,66.51,1092.6,64.84
2026-08-16T06:45Z,8760.89,75.83,6456.47,72.5,5391.95,72.98,1019.06,70.81,1109.88,64.06
2026-08-16T06:50Z,8818.15,81.01,6561.76,77.55,5576.35,78.24,1066.88,75.72,1121.65,71.21
2026-08-16T06:55Z,8963.75,87.85,6574.22,80.95,5611.7,82.99,1112.85,81.15,1139.99,81.19
2026-08-16T07:00Z,8978.6,84.79,6677.24,79.55,5788.77,83.69,1171.25,82.6,1155.04,82.09
2026-08-16T07:05Z,9097.89,77.97,6780.91,76.29,5899.0,75.87,1202.5,75.44,1167.72,50.18
2026-08-16T07:10Z,9201.28,75.86,6737.95,75.63,5961.1,74.66,1267.56,75.44,1173.95,70.21
2026-08-16T07:15Z,9194.68,72.97,6821.54,73.77,6014.29,74.45,1336.78,76.12,1198.04,70.22
2026-08-16T07:20Z,9350.44,87.11,6837.25,80.0,6183.42,89.83,1383.55,91.49,1215.27,83.67
2026-08-16T07:25Z,9327.68,87.85,6885.57,82.82,6256.04,90.55,1404.36,92.4,1235.1,84.59
2026-08-16T07:30Z,9400.05,80.0,6928.04,78.54,6269.87,84.89,1447.46,87.93,1245.3,79.55
2026-08-16T07:35Z,9575.91,69.64,7034.18,74.23,6445.47,74.71,1500.07,78.95,1257.92,70.21
2026-08-16T07:40Z,9794.84,77.35,7032.66,76.3,6531.14,80.5,1566.83,85.44,1268.47,74.25
2026-08-16T07:45Z,9908.06,79.68,7063.5,78.54,6529.73,81.06,1604.4,85.44,1282.95,74.77
2026-08-16T07:50Z,9969.65,78.17,7109.63,76.78,6675.56,81.01,1641.41,85.44,1289.02,74.71
2026-08-16T07:55Z,9979.94,73.29,7121.81,76.29,6702.35,76.7,1667.36,80.08,1294.86,71.17
2026-08-16T08:00Z,10060.41,81.44,7181.68,79.55,6787.22,83.99,1696.1,86.38,1303.41,77.43
2026-08-16T08:05Z,10085.37,80.36,7230.68,79.55,6890.35,82.71,1714.56,85.44,1316.46,76.24
2026-08-16T08:10Z,10114.58,79.14,7266.76,77.87,6859.87,80.5,1742.13,83.97,1271.98,73.51
2026-08-16T08:15Z,10140.7,82.55,7320.36,79.73,6955.16,86.83,1777.05,91.73,1278.77,79.53
2026-08-16T08:20Z,10030.21,76.49,7320.92,76.3,6930.11,80.5,1787.35,85.44,1280.72,73.73
2026-08-16T08:25Z,10161.64,76.53,7277.19,76.3,6970.4,80.07,1814.61,84.05,1280.53,73.33
2026-08-16T08:30Z,10155.25,81.88,7274.18,79.55,7047.03,85.86,1845.51,90.97,1278.59,78.62
2026-08-16T08:35Z,10126.28,79.32,7251.6,78.54,7044.09,81.78,1826.49,86.57,1276.95,74.89
2026-08-16T08:40Z,10085.44,77.31,7222.16,76.29,7070.66,80.5,1849.51,85.66,1271.96,73.71
2026-08-16T08:45Z,10096.27,77.58,7225.08,76.3,7066.61,81.47,1860.42,87.42,1272.2,74.6
2026-08-16T08:50Z,10087.23,78.58,7218.18,76.3,7090.31,82.57,1866.94,88.27,1271.09,75.6
2026-08-16T08:55Z,10083.25,77.97,7156.82,76.29,6983.13,80.59,1879.64,86.36,1274.87,74.04
2026-08-16T09:00Z,10074.46,77.22,7148.61,76.29,6977.83,80.5,1885.83,86.23,1274.44,73.72
2026-08-16T09:05Z,9975.42,76.55,7082.39,75.16,6988.57,80.5,1877.71,86.28,1270.55,73.72
2026-08-16T09:10Z,9951.4,77.17,7110.67,76.29,6945.37,80.5,1885.9,86.32,1272.06,73.73
2026-08-16T09:15Z,9894.21,81.01,7046.01,78.5,6999.79,82.41,1857.47,85.44,1268.86,75.47
2026-08-16T09:20Z,9894.3,78.49,7041.64,76.29,6973.51,80.5,1858.28,84.86,1269.7,73.95
2026-08-16T09:25Z,9927.81,70.41,6976.63,69.03,6942.66,75.49,1858.18,79.62,1267.83,70.22
2026-08-16T09:30Z,9890.94,79.31,6994.26,76.29,6962.98,80.07,1862.31,82.21,1257.34,73.33
2026-08-16T09:35Z,9912.75,77.61,6952.65,74.14,6940.84,78.31,1855.37,80.08,1259.47,71.72
2026-08-16T09:40Z,9849.88,76.55,6956.72,73.28,6930.82,77.28,1853.95,78.74,1264.85,71.22
2026-08-16T09:45Z,9838.34,75.18,6921.11,71.97,6824.12,75.87,1870.04,78.36,1258.0,70.22
2026-08-16T09:50Z,9810.49,73.34,6900.95,69.69,6851.3,75.23,1863.8,76.46,1257.29,70.21
2026-08-16T09:55Z,9688.15,72.01,6944.72,69.69,6915.46,74.58,1868.01,75.44,1255.61,70.21
2026-08-16T10:00Z,9662.13,71.06,6938.68,69.03,6907.43,73.56,1858.06,74.14,1251.47,70.12
2026-08-16T10:05Z,9691.97,76.01,6883.96,72.5,6820.1,75.47,1851.01,75.44,1247.9,70.22
2026-08-16T10:10Z,9643.82,74.7,6803.37,70.33,6873.37,75.47,1864.17,75.44,1264.46,70.22
2026-08-16T10:15Z,9666.99,73.49,6858.38,69.69,6853.34,73.61,1854.54,73.63,1263.83,70.19
2026-08-16T10:20Z,9585.21,69.8,6797.98,66.57,6820.94,69.97,1852.07,70.25,1254.27,67.0
2026-08-16T10:25Z,9598.32,69.78,6691.76,65.61,6823.49,69.97,1861.25,70.28,1247.64,66.8
2026-08-16T10:30Z,9554.07,70.03,6715.68,66.72,6730.18,69.48,1839.03,69.5,1244.41,66.25
2026-08-16T10:35Z,9585.61,74.82,6683.88,69.46,6698.24,74.21,1847.65,75.44,1239.16,70.22
2026-08-16T10:40Z,9512.29,73.09,6802.29,68.84,6664.69,72.47,1843.47,73.65,1239.1,69.81
2026-08-16T10:45Z,9566.76,74.05,6759.22,68.82,6715.35,73.34,1838.21,74.18,1229.36,70.18
2026-08-16T10:50Z,9435.9,73.55,6793.29,68.82,6692.51,73.54,1831.29,74.14,1221.9,70.19
2026-08-16T10:55Z,9382.43,73.53,6815.93,68.82,6715.61,74.71,1812.47,74.82,1218.6,70.21
2026-08-16T11:00Z,9319.36,68.55,6760.74,64.94,6658.22,69.48,1807.64,69.46,1213.72,66.58
2026-08-16T11:05Z,9268.08,71.77,6710.08,68.82,6623.28,69.48,1809.74,69.5,1209.37,66.55
2026-08-16T11:10Z,9247.5,72.75,6668.63,68.84,6615.68,69.48,1799.13,69.19,1206.54,66.58
2026-08-16T11:15Z,9211.28,72.4,6684.0,68.53,6588.61,69.48,1795.62,68.38,1196.24,66.55
2026-08-16T11:20Z,9139.66,68.21,6631.3,64.93,6485.67,64.88,1788.94,64.39,1188.53,61.98
2026-08-16T11:25Z,9117.07,69.99,6709.16,66.7,6516.94,67.13,1783.95,66.58,1187.03,64.1
2026-08-16T11:30Z,9061.88,68.18,6651.52,64.93,6492.54,65.39,1780.12,65.1,1196.13,62.68
2026-08-16T11:35Z,9010.01,69.99,6632.83,66.22,6400.76,68.69,1768.18,69.22,1188.48,65.58
2026-08-16T11:40Z,8975.77,69.99,6650.25,66.23,6386.54,69.48,1758.83,70.52,1187.63,66.35
2026-08-16T11:45Z,8917.68,68.67,6580.45,64.93,6318.21,68.37,1743.7,69.38,1182.4,65.1
2026-08-16T11:50Z,8829.64,69.6,6524.6,64.93,6326.26,69.26,1721.85,69.91,1177.31,65.93
2026-08-16T11:55Z,8790.09,69.18,6499.33,64.93,6294.19,68.85,1720.72,69.81,1172.64,65.49
2026-08-16T12:00Z,8725.74,70.09,6481.07,64.93,6170.53,69.48,1704.69,70.49,1172.06,66.8
2026-08-16T12:05Z,8558.57,68.78,6450.04,64.93,6071.39,67.22,1684.61,67.67,1161.04,62.81
2026-08-16T12:10Z,8680.92,71.17,6360.71,65.83,6100.53,69.48,1667.97,70.65,1170.15,64.91
2026-08-16T12:15Z,8725.18,71.4,6298.56,65.57,6138.96,69.61,1643.44,70.33,1167.57,65.03
2026-08-16T12:20Z,8623.19,70.71,6278.68,64.93,6104.25,69.48,1631.55,70.19,1163.38,64.91
2026-08-16T12:25Z,8627.18,71.19,6237.94,64.93,6068.12,69.48,1608.8,69.89,1157.03,64.71
2026-08-16T12:30Z,8502.75,64.95,6236.3,59.62,6002.38,63.21,1587.37,63.32,1150.64,58.88
2026-08-16T12:35Z,8532.88,50.97,6185.37,47.96,5967.17,48.74,1566.31,48.57,1149.57,50.18
2026-08-16T12:40Z,8507.72,59.07,6148.03,54.5,5943.95,56.04,1564.71,56.09,1124.18,53.72
2026-08-16T12:45Z,8474.08,65.03,6081.68,58.82,5925.23,62.15,1556.64,62.16,1120.8,59.44
2026-08-16T12:50Z,8389.67,64.95,6088.2,59.89,5843.85,59.56,1535.67,59.05,1115.71,54.98
2026-08-16T12:55Z,8276.54,58.09,6050.66,54.56,5773.64,54.06,1502.8,53.24,1120.94,50.22
2026-08-16T13:00Z,8297.35,59.45,6006.4,54.75,5804.07,55.76,1490.92,54.55,1118.36,51.47
2026-08-16T13:05Z,8289.57,64.95,5963.11,60.94,5830.31,59.46,1487.66,57.58,1115.03,55.74
2026-08-16T13:10Z,8241.19,64.95,5963.97,60.94,5836.87,59.47,1463.66,57.42,1105.38,55.57
2026-08-16T13:15Z,8165.28,73.81,5972.45,68.82,5938.4,69.15,1428.33,66.54,1100.34,64.41
2026-08-16T13:20Z,8083.09,57.15,5898.87,52.91,5910.83,53.54,1423.98,51.72,1092.24,50.18
2026-08-16T13:25Z,8072.49,58.73,5944.95,54.75,5898.56,55.43,1418.06,53.67,1085.93,51.47
2026-08-16T13:30Z,8045.37,59.64,5925.25,54.88,5903.39,57.25,1441.08,56.2,1083.03,53.16
2026-08-16T13:35Z,7996.21,55.16,5856.67,50.72,5796.31,52.14,1454.27,51.12,1084.06,50.18
2026-08-16T13:40Z,7986.94,57.87,5856.09,53.55,5815.5,54.77,1476.46,53.98,1089.02,51.18
2026-08-16T13:45Z,7868.2,57.96,5967.72,54.75,5789.1,54.41,1464.32,53.39,1086.92,50.85
2026-08-16T13:50Z,7861.4,55.84,5834.45,51.99,5646.34,52.34,1447.92,51.54,1081.87,50.18
2026-08-16T13:55Z,7828.41,66.53,5834.66,61.55,5700.78,64.02,1426.27,63.97,1070.85,59.47
2026-08-16T14:00Z,7775.42,56.54,5795.87,52.95,5661.15,53.35,1413.81,52.28,1073.81,50.18
2026-08-16T14:05Z,7764.17,57.39,5745.09,53.15,5655.58,54.17,1421.53,53.09,1064.78,50.64
2026-08-16T14:10Z,7874.7,69.72,5747.69,64.02,5660.67,66.35,1438.76,65.58,1068.85,62.02
2026-08-16T14:15Z,7852.08,59.28,5714.83,54.75,5561.64,54.57,1426.47,53.74,1058.0,50.86
2026-08-16T14:20Z,7870.8,63.34,5676.28,57.36,5556.72,59.35,1458.13,58.81,1045.14,55.31
2026-08-16T14:25Z,7879.3,60.47,5648.16,54.75,5543.06,56.17,1440.82,55.4,1045.63,52.34
2026-08-16T14:30Z,7851.86,60.48,5643.25,54.75,5548.55,56.63,1440.13,55.77,1039.64,52.77
2026-08-16T14:35Z,7824.24,60.88,5619.87,54.75,5533.1,56.56,1436.04,55.59,1038.42,52.55
2026-08-16T14:40Z,7780.59,61.69,5574.96,54.75,5528.86,58.31,1457.08,57.41,1054.94,54.34
2026-08-16T14:45Z,7799.56,57.39,5553.32,51.42,5475.64,53.76,1442.93,52.51,1043.56,50.18
2026-08-16T14:50Z,7768.98,57.39,5538.99,51.56,5460.41,53.76,1440.35,52.52,1046.92,50.18
2026-08-16T14:55Z,7731.69,57.39,5505.91,50.89,5456.88,54.61,1436.53,53.33,1054.13,50.9
2026-08-16T15:00Z,7682.25,56.53,5532.91,50.47,5342.22,53.33,1434.89,51.93,1047.77,50.18
2026-08-16T15:05Z,7622.99,56.07,5497.31,49.72,5319.71,52.48,1431.79,51.3,1045.97,50.18
2026-08-16T15:10Z,7573.82,57.39,5512.01,51.23,5302.23,54.15,1428.99,53.16,1045.78,51.8
2026-08-16T15:15Z,7519.89,55.6,5513.91,49.63,5261.98,52.47,1436.55,51.14,1050.56,50.21
2026-08-16T15:20Z,7528.46,56.11,5384.3,48.75,5297.87,53.79,1426.59,52.97,1055.23,51.46
2026-08-16T15:25Z,7407.33,53.6,5415.53,46.59,5280.31,52.26,1433.68,52.05,1051.4,50.21
2026-08-16T15:30Z,7419.64,54.1,5472.87,47.37,5212.67,52.24,1413.03,52.1,1051.62,50.21
2026-08-16T15:35Z,7342.31,55.44,5429.68,48.05,5247.96,53.56,1413.64,52.97,1055.01,51.42
2026-08-16T15:40Z,7395.6,55.93,5375.83,48.3,5207.8,53.61,1423.28,52.86,1053.57,51.47
2026-08-16T15:45Z,7281.08,53.69,5421.92,46.69,5197.52,51.89,1420.93,52.17,1054.26,50.18
2026-08-16T15:50Z,7286.32,49.98,5409.5,43.73,5098.56,47.9,1429.37,47.1,1052.62,50.16
2026-08-16T15:55Z,7278.43,54.63,5427.96,47.81,5095.52,52.33,1412.9,51.23,1043.57,50.16
2026-08-16T16:00Z,7239.97,50.66,5332.76,43.73,5126.48,49.63,1408.31,49.52,1044.72,50.18
2026-08-16T16:05Z,7230.14,59.72,5352.69,51.56,5065.17,58.57,1407.61,57.57,1031.63,56.2
2026-08-16T16:10Z,7199.83,57.81,5294.94,49.87,5117.54,57.19,1404.82,55.96,1055.64,55.23
2026-08-16T16:15Z,7200.95,50.59,5316.53,43.93,5084.6,48.82,1392.59,47.77,1061.03,50.18
2026-08-16T16:20Z,7112.59,52.8,5412.54,46.78,5033.57,50.16,1397.21,49.13,1055.14,50.18
2026-08-16T16:25Z,7082.3,51.63,5353.21,45.71,5053.68,49.48,1402.76,48.29,1054.4,50.18
2026-08-16T16:30Z,7079.38,52.17,5372.48,46.2,5056.68,49.97,1386.9,48.39,1050.95,50.18
2026-08-16T16:35Z,7033.52,54.55,5354.13,48.3,5071.34,52.25,1376.33,50.52,1062.66,50.83
2026-08-16T16:40Z,7010.49,52.07,5346.61,46.1,5047.44,49.47,1374.59,47.9,1068.25,50.18
2026-08-16T16:45Z,7011.25,52.52,5348.8,46.49,4965.63,49.45,1373.55,47.83,1063.32,50.18
2026-08-16T16:50Z,7008.7,52.95,5357.54,47.18,5001.03,49.83,1357.77,47.95,1063.37,50.18
2026-08-16T16:55Z,6987.05,52.41,5323.14,46.69,4990.36,49.34,1360.23,47.49,1066.4,50.18
2026-08-16T17:00Z,7010.78,52.89,5363.68,47.14,4921.82,49.76,1361.21,47.93,1062.47,50.16
2026-08-16T17:05Z,7021.95,62.63,5328.66,54.75,4985.85,60.34,1353.88,58.48,1057.92,57.86
2026-08-16T17:10Z,7003.32,57.39,5361.31,50.83,4969.35,54.42,1362.43,52.95,1068.92,52.92
2026-08-16T17:15Z,6979.08,57.39,5379.09,51.17,4989.1,54.4,1347.03,52.9,1073.97,54.58
2026-08-16T17:20Z,7030.33,57.39,5362.76,50.83,4891.28,53.06,1347.36,51.84,1075.6,53.0
2026-08-16T17:25Z,7016.02,57.39,5373.5,51.16,4893.73,53.47,1343.71,53.0,1068.45,52.88
2026-08-16T17:30Z,6976.71,57.39,5353.32,50.82,4959.67,53.93,1344.06,52.64,1068.3,53.83
2026-08-16T17:35Z,6968.99,52.89,5275.12,46.2,4975.22,49.3,1340.52,47.74,1066.8,50.18
2026-08-16T17:40Z,6982.72,52.89,5326.71,46.53,4965.72,48.96,1343.11,47.09,1064.85,50.18
2026-08-16T17:45Z,6946.49,54.68,5316.36,47.79,4951.84,51.4,1324.14,49.03,1063.06,50.18
2026-08-16T17:50Z,6991.58,54.2,5355.14,48.3,4943.82,49.68,1300.7,48.26,1081.33,50.18
2026-08-16T17:55Z,6970.51,48.75,5371.41,43.73,4973.35,44.32,1283.6,41.51,1075.81,50.16
2026-08-16T18:00Z,6948.16,53.31,5365.01,47.51,4884.55,49.25,1297.59,47.31,1080.34,50.12
2026-08-16T18:05Z,6928.33,53.02,5410.11,47.89,4898.05,50.12,1284.21,49.03,1077.01,50.12
2026-08-16T18:10Z,7032.83,54.08,5419.06,48.85,4984.52,50.76,1310.87,48.9,1076.93,50.14
2026-08-16T18:15Z,7046.33,52.49,5448.46,47.13,5021.5,49.26,1308.4,46.85,1077.57,50.12
2026-08-16T18:20Z,7075.37,45.54,5447.96,40.9,4999.69,43.76,1300.02,42.93,1081.45,44.52
2026-08-16T18:25Z,7095.51,45.23,5482.72,40.9,5000.38,43.14,1321.23,41.72,1084.66,43.9
2026-08-16T18:30Z,7084.21,43.67,5501.94,39.75,5031.48,41.65,1311.76,40.08,1087.13,42.38
2026-08-16T18:35Z,7111.43,43.05,5500.2,39.43,5033.17,40.41,1313.89,38.89,1088.13,41.25
2026-08-16T18:40Z,7191.22,43.05,5530.84,39.75,4976.04,40.73,1328.65,39.4,1091.29,41.57
2026-08-16T18:45Z,7201.59,43.05,5528.3,39.75,5023.93,40.75,1337.1,39.73,1091.68,41.59
2026-08-16T18:50Z,7174.78,43.05,5558.6,39.7,5107.41,41.1,1335.27,39.42,1097.23,41.95
2026-08-16T18:55Z,7237.83,43.05,5591.07,39.75,5127.43,41.76,1335.88,39.88,1102.2,42.62
2026-08-16T19:00Z,7249.41,51.05,5699.2,47.47,5158.83,50.33,1328.59,47.92,1107.39,50.14
2026-08-16T19:05Z,7265.63,42.82,5679.85,39.66,5184.09,41.53,1325.46,39.47,1119.27,42.52
2026-08-16T19:10Z,7431.69,45.24,5761.17,41.83,5286.04,46.42,1323.91,44.2,1130.67,47.67
2026-08-16T19:15Z,7514.89,43.92,5841.66,40.9,5322.82,44.32,1329.02,42.52,1138.91,45.65
2026-08-16T19:20Z,7568.98,43.05,5858.68,39.85,5288.86,42.74,1338.81,40.89,1146.39,44.04
2026-08-16T19:25Z,7667.87,48.88,5905.09,44.98,5337.84,49.3,1329.72,47.85,1152.62,50.14
2026-08-16T19:30Z,7662.92,43.05,5907.16,39.87,5440.87,42.05,1321.46,39.81,1162.95,43.59
2026-08-16T19:35Z,7731.28,42.8,5920.04,39.64,5487.47,41.54,1352.36,39.23,1165.12,42.51
2026-08-16T19:40Z,7816.27,44.94,5989.99,41.66,5503.88,44.0,1379.5,41.93,1176.94,45.17
2026-08-16T19:45Z,7841.83,45.07,6041.96,42.08,5614.23,44.87,1380.41,42.72,1193.43,46.21
2026-08-16T19:50Z,7909.99,48.82,6091.39,45.9,5691.16,49.01,1376.89,46.66,1200.2,50.14
2026-08-16T19:55Z,7964.08,50.4,6178.51,47.73,5742.45,49.77,1377.9,47.39,1210.03,50.14
2026-08-16T20:00Z,8078.88,51.27,6171.86,47.94,5719.99,50.21,1383.57,47.89,1220.43,50.14
2026-08-16T20:05Z,8211.13,50.24,6204.73,47.6,5803.99,48.83,1404.11,46.76,1231.82,50.12
2026-08-16T20:10Z,8275.29,57.33,6332.5,54.75,6037.35,55.67,1406.61,53.39,1220.89,50.16
2026-08-16T20:15Z,8407.06,58.05,6413.5,55.86,6152.54,55.67,1429.1,52.97,1247.15,50.2
2026-08-16T20:20Z,8582.33,56.9,6435.61,54.75,6196.06,53.24,1418.83,50.8,1257.03,51.74
2026-08-16T20:25Z,8701.05,57.92,6548.87,54.75,6327.89,54.7,1438.5,51.78,1275.48,53.3
2026-08-16T20:30Z,8752.76,64.95,6579.77,62.61,6420.57,60.7,1451.89,55.9,1279.38,59.14
2026-08-16T20:35Z,8822.93,62.25,6624.3,59.27,6499.45,57.54,1473.6,53.44,1286.05,56.06
2026-08-16T20:40Z,8897.24,62.73,6718.52,59.41,6540.89,56.63,1482.49,53.2,1299.59,54.68
2026-08-16T20:45Z,9039.69,66.62,6766.33,62.73,6663.08,60.68,1505.6,55.67,1320.5,62.03
2026-08-16T20:50Z,9175.46,64.89,6788.94,59.96,6759.08,58.7,1532.61,54.27,1336.24,57.17
2026-08-16T20:55Z,9208.63,64.95,6757.46,59.23,6905.86,60.68,1557.06,55.9,1349.02,59.09
2026-08-16T21:00Z,9267.07,64.89,6751.24,58.42,7021.75,60.95,1570.37,55.9,1354.57,59.51
2026-08-16T21:05Z,9319.29,57.39,6736.7,52.66,7086.31,56.21,1584.59,53.2,1356.6,54.88
2026-08-16T21:10Z,9344.99,61.25,6802.82,55.53,7183.93,60.8,1613.28,57.89,1348.82,59.01
2026-08-16T21:15Z,9474.62,61.98,6779.13,55.53,7269.49,61.01,1614.45,57.01,1378.84,59.55
2026-08-16T21:20Z,9558.29,62.53,6682.98,54.83,7299.88,62.14,1649.21,59.78,1378.46,60.65
2026-08-16T21:25Z,9606.74,60.97,6627.68,52.42,7437.55,62.14,1651.92,59.55,1392.23,60.82
2026-08-16T21:30Z,9601.07,64.89,6598.88,56.84,7415.62,64.07,1666.0,61.63,1389.03,62.71
2026-08-16T21:35Z,9490.78,61.8,6516.16,54.75,7452.56,62.14,1691.43,59.55,1395.51,60.82
2026-08-16T21:40Z,9588.54,59.68,6474.43,52.19,7581.7,62.14,1733.97,61.1,1398.69,60.81
2026-08-16T21:45Z,9515.25,58.63,6436.48,50.82,7659.75,62.14,1743.49,60.84,1398.08,60.8
2026-08-16T21:50Z,9523.99,56.56,6336.37,49.06,7600.63,61.01,1774.77,60.13,1394.38,59.52
2026-08-16T21:55Z,9490.9,42.57,6185.26,35.48,7689.29,55.34,1766.29,55.55,1392.15,53.99
2026-08-16T22:00Z,9463.88,38.68,6176.59,32.24,7615.02,51.01,1776.59,52.08,1387.12,50.2
2026-08-16T22:05Z,9397.79,28.01,6104.93,23.78,7628.28,55.38,1779.95,55.9,1386.86,50.2
2026-08-16T22:10Z,9406.09,46.87,6029.2,40.0,7530.72,52.76,1793.92,55.27,1384.2,51.33
2026-08-16T22:15Z,9333.85,42.08,5934.24,36.14,7617.26,57.33,1797.05,59.55,1375.1,55.76
2026-08-16T22:20Z,9293.1,23.95,5926.16,20.87,7494.04,52.33,1799.16,55.27,1364.3,50.75
2026-08-16T22:25Z,9303.05,27.87,5820.91,10.16,7529.2,53.7,1813.87,55.9,1369.32,52.08
2026-08-16T22:30Z,9277.86,36.52,5792.02,31.17,7453.23,39.48,1797.95,41.58,1363.5,50.2
2026-08-16T22:35Z,9227.2,42.8,5749.59,36.98,7375.91,46.25,1789.08,49.66,1341.88,50.16
2026-08-16T22:40Z,9143.24,52.21,5652.13,44.76,7404.01,66.59,1777.28,68.24,1328.59,65.36
2026-08-16T22:45Z,9046.12,11.05,5681.73,6.85,7315.71,50.68,1756.48,51.5,1301.87,50.18
2026-08-16T22:50Z,9119.95,23.95,5591.78,0.03,7260.05,51.19,1749.74,52.87,1306.89,50.16
2026-08-16T22:55Z,8987.78,48.06,5524.04,0.0,7222.54,52.32,1755.92,54.71,1297.93,50.16
2026-08-16T23:00Z,8791.67,41.79,5489.02,0.14,7084.23,45.83,1742.02,47.02,1278.49,49.18
2026-08-16T23:05Z,8674.02,23.95,5477.9,0.14,7106.38,53.56,1732.33,80.08,1245.33,50.16
2026-08-16T23:10Z,8915.05,23.95,5381.97,2.8,7065.36,58.51,1702.26,9.1,1250.35,57.88
2026-08-16T23:15Z,8868.39,50.18,5462.66,0.13,6902.82,55.32,1716.63,55.9,1236.72,54.54
2026-08-16T23:20Z,8714.94,52.21,5366.64,0.13,6899.12,59.01,1700.49,61.0,1225.78,58.22
2026-08-16T23:25Z,8629.78,23.95,5267.73,0.14,6834.11,48.47,1663.44,48.34,1214.54,50.14
2026-08-16T23:30Z,8762.99,23.95,5210.02,0.14,6784.56,64.02,1681.6,65.19,1224.13,64.56
2026-08-16T23:35Z,8748.71,42.82,5071.04,0.13,6676.4,48.01,1641.82,48.06,1180.66,50.14
2026-08-16T23:40Z,8735.57,42.82,4992.98,0.14,6558.02,48.13,1649.1,55.27,1177.53,50.14
2026-08-16T23:45Z,8637.73,23.95,4961.71,0.13,6470.98,45.83,1641.58,45.98,1169.03,47.88
2026-08-16T23:50Z,8571.29,23.95,4959.01,0.14,6384.97,45.91,1631.03,45.9,1185.64,48.12
2026-08-16T23:55Z,8565.4,40.25,4898.95,0.14,6244.37,44.0,1608.22,42.98,1166.85,45.98
2026-08-17T00:00Z,8466.81,43.65,4840.79,0.13,6245.01,48.13,1595.24,48.52,1166.77,50.14
2026-08-17T00:05Z,8421.21,42.8,4896.51,2.79,6135.5,46.33,1563.11,45.79,1153.52,49.75
2026-08-17T00:10Z,8513.31,42.8,4816.54,0.73,6142.18,46.69,1580.03,45.75,1139.13,49.4
2026-08-17T00:15Z,8392.59,41.7,4915.62,0.73,6010.36,45.91,1598.62,46.37,1112.8,48.29
2026-08-17T00:20Z,8416.94,27.85,4912.11,2.79,5850.35,30.16,1614.77,30.09,1105.1,31.73
2026-08-17T00:25Z,8399.46,31.16,4950.25,2.79,5823.15,34.01,1601.38,34.32,1105.04,35.78
2026-08-17T00:30Z,8334.73,42.8,5016.21,2.8,5742.51,30.16,1600.33,86.62,1086.51,31.63
2026-08-17T00:35Z,8224.4,42.82,4994.36,2.8,5646.71,20.63,1580.07,20.41,1062.24,21.57
2026-08-17T00:40Z,8151.38,27.82,4929.75,2.8,5549.19,30.16,1656.86,84.51,1109.06,31.74
2026-08-17T00:45Z,8246.68,42.82,4889.54,8.0,5472.85,10.65,1632.01,10.8,1116.77,11.25
2026-08-17T00:50Z,8220.91,23.95,4839.71,6.85,5410.17,10.65,1696.9,11.03,1100.68,11.21
2026-08-17T00:55Z,8233.24,42.82,4751.99,5.3,5323.0,10.65,1737.81,31.33,1088.24,11.18
2026-08-17T01:00Z,8225.87,42.8,4604.78,5.3,5159.26,4.81,1695.9,13.81,1078.17,5.08
2026-08-17T01:05Z,8084.6,24.94,4454.75,6.85,5165.32,10.5,1722.1,13.48,1076.76,11.02
2026-08-17T01:10Z,8456.13,52.21,4545.17,6.83,5289.3,20.68,1700.63,11.01,1074.13,21.7
2026-08-17T01:15Z,8383.57,69.99,4562.33,4.89,5181.85,20.68,1715.3,21.57,1064.39,21.91
2026-08-17T01:20Z,8327.61,42.82,4507.81,8.0,5202.52,27.97,1675.4,28.99,1052.51,29.54
2026-08-17T01:25Z,8409.36,65.86,4579.83,13.26,5192.91,12.96,1662.45,13.47,1044.98,13.69
2026-08-17T01:30Z,8242.6,27.83,4557.81,8.0,5076.32,13.38,1649.65,13.81,1019.8,14.05
2026-08-17T01:35Z,8430.92,80.0,4590.55,13.26,4994.95,28.12,1629.75,29.0,1013.09,29.62
2026-08-17T01:40Z,8309.82,52.21,4728.86,13.26,4963.22,19.18,1665.25,20.14,1010.12,20.26
2026-08-17T01:45Z,8273.38,69.99,4715.99,26.29,4897.36,10.46,1673.67,11.01,1002.41,11.02
2026-08-17T01:50Z,8212.55,27.88,4753.21,24.12,4828.48,10.65,1696.09,11.37,1004.19,11.22
2026-08-17T01:55Z,8354.35,69.99,4800.54,24.81,4797.32,30.16,1725.39,32.63,1013.46,31.87
2026-08-17T02:00Z,8228.11,73.15,4826.6,24.12,4741.38,26.87,1681.07,29.0,1011.02,28.31
2026-08-17T02:05Z,8208.55,69.69,4811.03,39.75,4718.65,12.7,1685.71,13.67,1001.74,13.34
2026-08-17T02:10Z,8296.23,73.15,4879.47,63.28,4784.23,30.16,1713.65,32.47,1009.24,31.67
2026-08-17T02:15Z,8217.96,33.41,4889.39,31.0,4616.26,20.68,1676.65,22.79,1001.26,21.72
2026-08-17T02:20Z,8173.78,31.91,4841.81,30.36,4595.6,24.42,1654.44,26.78,1001.26,25.65
2026-08-17T02:25Z,8133.14,64.18,4970.09,57.36,4523.14,14.19,1680.65,15.48,998.94,14.91
2026-08-17T02:30Z,8114.55,65.02,4921.58,57.35,4506.46,30.16,1679.72,32.4,994.87,31.69
2026-08-17T02:35Z,8064.83,42.54,4947.73,37.53,4504.54,30.14,1654.8,32.47,993.1,32.77
2026-08-17T02:40Z,8009.29,23.95,4971.15,22.53,4517.41,19.18,1660.29,20.12,978.57,20.34
2026-08-17T02:45Z,8152.43,32.65,5051.29,30.35,4478.29,29.17,1678.38,32.21,966.17,30.84
2026-08-17T02:50Z,8227.36,28.95,5041.31,26.9,4378.22,12.61,1676.97,13.72,958.49,13.29
2026-08-17T02:55Z,8190.83,32.93,4995.29,29.83,4351.41,20.68,1676.79,22.44,956.29,21.8
2026-08-17T03:00Z,8201.22,33.1,4941.72,30.35,4336.71,12.58,1664.11,13.47,965.99,13.34
2026-08-17T03:05Z,8195.78,42.54,4950.91,37.05,4390.42,30.16,1677.51,32.32,960.76,32.08
2026-08-17T03:10Z,8118.03,67.11,4926.73,57.35,4314.94,10.65,1664.66,11.63,956.86,11.3
2026-08-17T03:15Z,8161.33,67.59,4860.98,57.35,4305.13,1.23,1696.19,29.65,956.17,1.3
2026-08-17T03:20Z,8037.16,45.68,4850.81,39.75,4304.51,-6.5,1643.16,35.04,954.36,-6.89
2026-08-17T03:25Z,7996.66,34.04,4857.36,29.83,4355.4,-8.5,1589.47,49.02,956.77,-9.01
2026-08-17T03:30Z,8140.91,42.54,4778.41,30.36,4334.74,-8.5,1557.44,49.02,955.52,-9.02
2026-08-17T03:35Z,8076.46,48.81,4840.23,43.01,4303.62,-0.1,1536.89,11.01,959.79,-0.11
2026-08-17T03:40Z,8138.44,45.24,4818.63,40.1,4249.26,1.05,1628.67,11.01,962.08,1.12
2026-08-17T03:45Z,8139.18,44.84,4842.18,39.75,4282.51,1.23,1645.72,49.02,963.56,1.31
2026-08-17T03:50Z,8109.45,43.14,4865.41,39.75,4277.6,1.15,1604.36,35.95,963.95,1.22
2026-08-17T03:55Z,8057.53,42.08,4893.25,39.04,4281.07,10.65,1609.01,11.78,953.12,11.26
2026-08-17T04:00Z,8065.46,32.69,4902.47,30.35,4289.15,10.5,1608.86,11.75,953.86,11.14
2026-08-17T04:05Z,8141.38,27.88,4872.51,25.36,4261.34,28.25,1626.81,31.17,940.14,29.88
2026-08-17T04:10Z,7996.86,27.88,5001.47,26.07,4151.05,27.55,1597.61,30.14,943.49,29.22
2026-08-17T04:15Z,8010.23,32.45,5041.66,30.35,4222.82,26.33,1582.63,29.0,947.76,27.93
2026-08-17T04:20Z,7920.52,42.8,4950.12,38.73,4229.24,10.5,1603.28,11.62,947.04,11.14
2026-08-17T04:25Z,7781.61,49.84,5058.44,43.49,4191.82,0.12,1594.59,0.39,948.44,0.13
2026-08-17T04:30Z,7846.53,34.81,4992.77,30.36,4276.38,12.38,1593.21,13.81,963.52,13.17
2026-08-17T04:35Z,7963.25,46.1,5097.42,39.75,4347.94,7.92,1579.91,9.1,974.28,8.4
2026-08-17T04:40Z,8019.98,46.76,5155.9,40.1,4316.91,1.42,1538.3,1.66,978.66,1.51
2026-08-17T04:45Z,8035.91,50.14,5187.4,43.01,4398.73,10.5,1540.18,11.87,982.37,11.14
2026-08-17T04:50Z,8058.98,49.04,5301.36,43.75,4455.72,10.5,1513.95,11.84,980.48,11.14
2026-08-17T04:55Z,8180.55,52.21,5379.06,49.69,4511.15,30.16,1506.53,33.05,988.51,52.16
2026-08-17T05:00Z,8180.17,30.46,5466.54,30.35,4573.51,31.27,1519.12,34.27,997.05,70.24
2026-08-17T05:05Z,8294.8,41.74,5446.14,39.75,4520.63,42.49,1517.03,46.43,998.49,45.05
2026-08-17T05:10Z,8242.41,19.16,5497.86,18.15,4549.15,19.18,1503.17,21.1,1002.35,20.34
2026-08-17T05:15Z,8266.13,8.21,5523.83,7.73,4627.66,8.17,1538.3,9.1,1007.48,8.66
2026-08-17T05:20Z,8284.3,27.84,5641.77,25.75,4641.2,10.01,1574.43,11.01,1012.86,70.24
2026-08-17T05:25Z,8279.67,80.0,5697.26,69.05,4759.76,0.0,1588.37,0.0,1007.46,0.0
2026-08-17T05:30Z,8272.4,78.36,5765.17,68.82,4749.97,-6.5,1625.7,-7.14,1026.89,70.24
2026-08-17T05:35Z,8293.57,42.82,5791.52,38.11,4851.11,-0.1,1646.53,-0.11,1026.73,-0.11
2026-08-17T05:40Z,8354.89,52.3,5928.57,46.62,4882.09,0.36,1601.17,0.4,1029.91,0.39
2026-08-17T05:45Z,8429.8,44.61,5985.24,40.56,4868.99,0.19,1574.64,0.21,1035.7,0.2
2026-08-17T05:50Z,8589.16,28.95,6086.06,26.02,4976.6,10.5,1553.84,10.66,1043.67,70.24
2026-08-17T05:55Z,8703.85,68.02,6135.09,62.34,5131.39,35.87,1554.64,36.21,1052.96,70.24
2026-08-17T06:00Z,8768.32,75.02,6228.29,68.82,5143.05,35.87,1585.43,36.66,1061.52,70.24
2026-08-17T06:05Z,8774.65,49.1,6276.88,46.83,5304.9,47.83,1551.89,48.2,1075.22,50.2
2026-08-17T06:10Z,8899.64,45.64,6217.58,41.86,5411.24,45.55,1556.36,46.03,1091.77,50.18
2026-08-17T06:15Z,9085.9,58.79,6405.48,54.75,5541.06,57.26,1558.86,58.67,1096.34,59.51
2026-08-17T06:20Z,9195.35,69.55,6568.11,64.41,5553.41,67.79,1595.93,70.21,1092.64,70.24
2026-08-17T06:25Z,9233.36,73.37,6551.15,67.15,5672.52,72.73,1601.91,75.44,1102.47,74.4
2026-08-17T06:30Z,9436.92,86.99,6687.3,78.73,5809.83,87.0,1628.14,88.46,1115.91,89.26
2026-08-17T06:35Z,9358.26,72.36,6801.37,69.03,5875.73,71.86,1645.79,75.06,1120.58,50.2
2026-08-17T06:40Z,9558.44,71.4,6843.34,69.03,6019.19,67.1,1650.12,68.19,1131.23,50.2
2026-08-17T06:45Z,9627.84,85.46,6915.13,78.54,6157.2,82.4,1675.67,84.39,1147.63,50.2
2026-08-17T06:50Z,9692.27,87.56,7003.61,79.55,6207.79,83.77,1677.26,86.08,1173.22,79.46
2026-08-17T06:55Z,9804.78,81.01,7152.49,77.61,6270.22,80.5,1701.13,82.72,1182.57,77.12
2026-08-17T07:00Z,9942.51,86.11,7221.19,79.75,6346.5,85.21,1727.77,80.9,1192.8,81.88
2026-08-17T07:05Z,9987.84,78.51,7255.34,76.29,6394.1,75.9,1740.14,70.88,1207.54,71.54
2026-08-17T07:10Z,10128.39,80.63,7198.58,76.3,6470.96,79.93,1771.09,75.44,1199.56,75.09
2026-08-17T07:15Z,10025.07,81.01,7283.14,77.24,6578.26,80.5,1801.3,81.9,1209.8,75.62
2026-08-17T07:20Z,10208.67,82.02,7350.06,78.51,6673.32,82.05,1787.17,81.98,1223.54,77.3
2026-08-17T07:25Z,10362.24,86.74,7472.79,81.83,6834.85,86.9,1807.83,79.96,1227.69,81.85
2026-08-17T07:30Z,10480.98,90.48,7511.53,85.39,6907.11,89.0,1827.15,85.89,1227.05,83.82
2026-08-17T07:35Z,10467.36,83.82,7608.4,81.83,6969.45,84.91,1865.35,83.34,1239.63,79.22
2026-08-17T07:40Z,10610.61,82.8,7696.76,79.55,6969.76,81.85,1876.58,80.08,1250.98,76.61
2026-08-17T07:45Z,10768.04,84.79,7728.55,80.2,7044.77,84.97,1907.77,84.51,1258.55,79.52
2026-08-17T07:50Z,10769.0,87.85,7806.15,85.39,7194.62,88.04,1929.29,86.15,1268.95,82.63
2026-08-17T07:55Z,10848.62,86.56,7840.46,81.84,7319.44,88.04,1947.62,85.44,1279.88,82.61
2026-08-17T08:00Z,10832.28,87.85,7855.19,83.25,7365.74,90.55,1968.93,87.68,1289.86,84.96
2026-08-17T08:05Z,10853.71,85.81,7829.3,81.83,7350.79,86.12,1993.74,84.51,1293.26,80.8
2026-08-17T08:10Z,10885.18,85.99,7811.86,81.46,7406.41,87.08,2008.74,85.44,1289.26,81.7
2026-08-17T08:15Z,10869.98,75.97,7885.34,76.3,7443.47,78.94,2025.59,77.51,1295.55,74.28
2026-08-17T08:20Z,10908.66,77.97,7853.27,76.29,7446.61,80.5,2058.18,78.63,1294.99,75.75
2026-08-17T08:25Z,10952.05,88.27,7863.41,85.84,7499.41,86.85,2061.92,80.55,1300.51,81.72
2026-08-17T08:30Z,10893.01,87.84,7831.38,85.39,7570.54,88.0,2085.67,85.21,1292.08,82.54
2026-08-17T08:35Z,10878.83,76.53,7773.88,76.29,7567.37,80.5,2085.95,79.28,1293.61,75.5
2026-08-17T08:40Z,10870.87,77.05,7780.57,76.3,7539.04,80.5,2082.66,78.95,1292.32,75.51
2026-08-17T08:45Z,10792.46,90.04,7745.49,89.13,7564.99,90.55,2110.32,87.57,1292.66,84.93
2026-08-17T08:50Z,10758.13,86.3,7711.22,85.39,7557.6,88.04,2082.67,84.67,1287.53,82.33
2026-08-17T08:55Z,10805.02,79.73,7698.86,77.86,7490.64,80.5,2086.66,77.23,1290.98,75.29
2026-08-17T09:00Z,10818.57,81.01,7663.11,79.09,7503.88,82.47,2080.18,75.44,1289.93,77.12
2026-08-17T09:05Z,10840.98,86.76,7664.26,84.17,7431.19,86.92,2101.0,83.52,1286.86,81.3
2026-08-17T09:10Z,10688.15,83.72,7533.01,82.65,7386.94,84.51,2082.64,77.15,1285.41,79.05
2026-08-17T09:15Z,10719.46,76.77,7561.51,76.3,7379.95,80.5,2072.46,77.85,1282.07,75.06
2026-08-17T09:20Z,10711.49,87.85,7568.13,83.5,7418.19,88.04,2082.92,78.16,1276.72,82.09
2026-08-17T09:25Z,10613.57,87.85,7509.12,85.06,7347.61,87.91,2067.09,79.13,1275.73,81.97
2026-08-17T09:30Z,10576.16,87.21,7544.25,85.02,7381.64,87.23,2046.12,79.57,1271.03,81.34
2026-08-17T09:35Z,10601.17,78.09,7486.4,78.54,7381.59,78.75,2067.12,75.44,1267.95,72.52
2026-08-17T09:40Z,10547.91,84.14,7478.72,81.83,7421.95,84.91,2072.4,81.38,1273.79,78.19
2026-08-17T09:45Z,10488.12,83.9,7457.87,81.71,7388.65,84.51,2025.94,81.77,1271.91,77.83
2026-08-17T09:50Z,10485.24,80.4,7395.03,78.73,7327.08,80.25,2016.05,77.04,1266.73,73.91
2026-08-17T09:55Z,10541.56,81.34,7443.06,79.73,7348.87,80.5,2013.48,76.62,1272.39,74.14
2026-08-17T10:00Z,10426.32,80.0,7441.67,78.89,7317.32,79.2,2008.33,75.68,1268.79,72.94
2026-08-17T10:05Z,10406.6,88.34,7355.59,83.73,7258.22,85.36,2009.98,81.64,1261.87,78.37
2026-08-17T10:10Z,10390.83,89.74,7366.54,84.53,7285.59,88.77,1988.73,85.44,1272.14,81.51
2026-08-17T10:15Z,10304.45,86.34,7342.36,81.83,7206.57,86.71,1973.17,84.75,1265.84,79.38
2026-08-17T10:20Z,10312.41,87.85,7262.61,81.6,7227.17,87.93,1949.3,85.44,1263.28,80.49
2026-08-17T10:25Z,10281.98,87.85,7279.13,81.36,7180.32,89.52,1943.77,86.66,1247.07,81.44
2026-08-17T10:30Z,10164.41,84.79,7229.48,78.74,7061.7,86.36,1934.75,85.0,1243.81,78.58
2026-08-17T10:35Z,10138.72,84.79,7161.94,78.52,7050.28,86.35,1915.87,84.66,1246.08,79.07
2026-08-17T10:40Z,10157.28,86.25,7354.47,79.73,7085.24,87.16,1937.12,85.44,1238.98,79.29
2026-08-17T10:45Z,10035.05,79.52,7262.86,76.29,7048.48,80.96,1913.39,80.24,1228.48,73.43
2026-08-17T10:50Z,10041.3,87.85,7227.76,81.07,7030.36,87.94,1887.3,85.44,1223.21,79.76
2026-08-17T10:55Z,9964.83,80.1,7184.75,76.29,6950.94,80.72,1881.39,80.24,1225.66,73.23
2026-08-17T11:00Z,9903.12,85.33,7200.37,78.73,6927.65,85.98,1875.09,85.44,1223.78,77.99
2026-08-17T11:05Z,9871.98,84.79,7093.72,77.15,6917.93,86.78,1864.13,86.85,1222.57,78.72
2026-08-17T11:10Z,9802.99,82.17,7184.56,76.3,6916.9,82.04,1846.0,82.16,1228.08,74.42
2026-08-17T11:15Z,9782.8,81.68,7141.1,76.29,6883.23,80.84,1828.21,80.45,1216.33,73.1
2026-08-17T11:20Z,9718.82,79.61,7036.82,73.73,6745.65,78.74,1817.76,80.34,1213.46,71.22
2026-08-17T11:25Z,9631.06,80.0,7088.64,74.67,6789.71,80.43,1805.51,81.96,1205.52,72.51
2026-08-17T11:30Z,9601.73,74.47,7039.89,69.03,6722.01,74.78,1783.1,75.29,1198.32,67.64
2026-08-17T11:35Z,9576.9,78.74,7020.18,72.5,6641.31,77.73,1764.31,78.91,1187.9,70.77
2026-08-17T11:40Z,9528.54,73.99,7066.57,69.03,6643.41,71.81,1733.64,72.22,1187.2,64.96
2026-08-17T11:45Z,9401.41,67.88,7015.18,64.94,6607.71,64.4,1739.92,63.11,1178.87,58.26
2026-08-17T11:50Z,9377.7,68.44,6880.22,64.94,6570.99,64.39,1737.49,63.6,1172.57,58.07
2026-08-17T11:55Z,9261.64,68.45,6868.03,64.94,6494.03,65.46,1741.8,66.79,1160.15,58.85
2026-08-17T12:00Z,9241.33,65.78,6773.37,62.73,6364.67,61.3,1718.53,62.53,1159.54,55.3
2026-08-17T12:05Z,9112.0,64.95,6700.04,63.9,6347.88,59.55,1694.31,59.74,1153.31,53.89
2026-08-17T12:10Z,9165.34,71.3,6704.92,68.82,6333.05,65.8,1675.2,67.21,1143.23,59.55
2026-08-17T12:15Z,9112.03,66.42,6714.35,64.94,6243.82,59.32,1653.21,59.88,1130.76,53.52
2026-08-17T12:20Z,9189.87,67.34,6641.46,64.94,6269.41,60.1,1638.05,60.36,1124.65,54.21
2026-08-17T12:25Z,9093.67,64.25,6605.52,62.73,6215.66,56.42,1627.01,56.47,1118.37,50.74
2026-08-17T12:30Z,9030.39,60.8,6503.8,59.28,6188.71,54.19,1601.59,53.96,1108.41,50.14
2026-08-17T12:35Z,8893.52,60.47,6483.8,58.95,6072.29,53.89,1611.23,53.97,1087.75,50.18
2026-08-17T12:40Z,8886.98,60.33,6401.46,57.75,6035.94,53.72,1602.79,53.8,1075.93,50.18
2026-08-17T12:45Z,8855.0,60.16,6359.06,57.44,6013.85,53.51,1588.62,53.52,1061.29,50.14
2026-08-17T12:50Z,8744.62,58.53,6380.76,56.62,5927.26,52.04,1577.89,51.87,1073.5,50.14
2026-08-17T12:55Z,8747.97,58.9,6299.92,56.19,5879.29,51.92,1566.82,51.56,1056.81,50.14
2026-08-17T13:00Z,8732.77,58.71,6242.2,55.53,5930.84,52.13,1540.86,51.06,1050.01,50.14
2026-08-17T13:05Z,8597.96,62.2,6240.07,59.31,5941.05,54.78,1513.87,53.6,1044.23,51.18
2026-08-17T13:10Z,8552.27,64.95,6229.51,61.93,5979.32,57.23,1510.33,55.51,1050.23,53.13
2026-08-17T13:15Z,8529.91,64.95,6187.69,61.89,6034.51,58.08,1477.77,55.97,1046.27,53.91
2026-08-17T13:20Z,8444.86,57.8,6160.1,55.06,5985.97,52.09,1476.2,50.22,1046.38,50.14
2026-08-17T13:25Z,8441.85,57.12,6139.05,54.75,5937.27,51.05,1473.94,49.43,1038.31,50.14
2026-08-17T13:30Z,8376.02,56.79,6096.35,54.75,5934.11,51.18,1482.12,49.97,1030.16,50.1
2026-08-17T13:35Z,8342.65,58.47,6102.78,55.53,5852.15,52.29,1496.0,51.73,1026.0,50.14
2026-08-17T13:40Z,8334.08,64.89,6132.84,61.8,5827.29,56.75,1527.48,56.47,1031.2,52.53
2026-08-17T13:45Z,8287.89,67.18,6092.87,62.73,5754.52,58.19,1489.68,57.38,1032.65,53.88
2026-08-17T13:50Z,8279.4,61.8,6104.59,58.46,5722.86,53.51,1479.8,52.7,1031.39,50.16
2026-08-17T13:55Z,8183.64,58.31,6024.46,54.75,5705.11,50.89,1472.05,50.11,1021.72,49.3
2026-08-17T14:00Z,8217.95,57.39,6024.21,54.75,5699.78,49.64,1459.48,48.89,1004.05,46.67
2026-08-17T14:05Z,8171.69,57.39,5992.06,54.75,5665.89,49.26,1463.97,48.91,1004.6,46.46
2026-08-17T14:10Z,8384.65,66.52,5974.15,62.41,5610.92,46.42,1469.2,46.28,1003.02,43.78
2026-08-17T14:15Z,8454.19,64.95,5932.59,59.76,5599.86,46.42,1457.14,46.8,1001.9,43.92
2026-08-17T14:20Z,8450.09,64.89,5861.95,58.52,5654.23,55.67,1494.32,56.66,992.46,51.38
2026-08-17T14:25Z,8349.52,61.59,5850.17,55.53,5627.81,53.33,1506.35,54.15,997.26,50.14
2026-08-17T14:30Z,8343.12,61.11,5815.74,54.75,5592.43,52.86,1485.63,52.83,985.24,49.86
2026-08-17T14:35Z,8264.27,63.62,5809.08,56.27,5576.9,56.36,1488.36,56.32,997.31,53.16
2026-08-17T14:40Z,8271.81,61.95,5745.98,54.75,5549.6,54.48,1504.65,55.18,993.3,50.61
2026-08-17T14:45Z,8252.6,64.27,5784.07,56.46,5505.18,56.5,1503.39,57.23,991.14,52.16
2026-08-17T14:50Z,8148.05,57.39,5751.42,51.37,5382.59,50.04,1499.98,50.75,988.49,47.22
2026-08-17T14:55Z,8112.94,43.05,5758.43,38.78,5413.18,34.01,1501.42,34.24,975.68,31.89
2026-08-17T15:00Z,8098.32,43.05,5732.83,39.02,5367.17,20.68,1485.37,20.73,971.15,19.33
2026-08-17T15:05Z,8020.61,61.02,5701.38,54.67,5312.85,34.01,1493.81,34.4,970.74,33.02
2026-08-17T15:10Z,7998.96,69.99,5683.44,63.4,5334.36,60.59,1493.37,61.71,968.24,57.35
2026-08-17T15:15Z,7924.76,64.89,5662.07,57.28,5291.46,34.01,1449.04,34.06,958.86,32.97
2026-08-17T15:20Z,7922.76,61.02,5602.66,53.83,5276.86,19.99,1442.19,20.02,953.04,18.98
2026-08-17T15:25Z,7852.65,43.05,5604.96,38.22,5249.65,34.01,1465.77,34.5,948.38,32.29
2026-08-17T15:30Z,7796.94,61.02,5656.41,54.75,5152.9,34.01,1463.83,35.49,949.24,32.29
2026-08-17T15:35Z,7742.71,73.15,5580.57,65.76,5195.71,63.22,1454.49,65.4,958.65,60.76
2026-08-17T15:40Z,7655.74,69.99,5594.02,61.35,5158.24,35.94,1454.99,37.04,963.58,34.92
2026-08-17T15:45Z,7583.45,43.05,5602.42,38.47,5099.68,20.65,1476.19,21.39,956.08,20.21
2026-08-17T15:50Z,7667.05,46.07,5591.97,40.9,5111.67,30.16,1457.51,30.52,963.27,29.51
2026-08-17T15:55Z,7609.02,69.8,5543.48,62.73,5085.01,43.09,1445.17,45.16,961.43,42.01
2026-08-17T16:00Z,7580.88,64.89,5532.8,57.21,5069.45,49.57,1455.44,52.0,960.67,48.13
2026-08-17T16:05Z,7561.64,63.17,5518.55,54.75,5058.74,19.99,1434.54,20.31,962.67,19.78
2026-08-17T16:10Z,7496.7,63.17,5567.83,54.75,4983.63,30.16,1449.43,31.18,960.47,29.4
2026-08-17T16:15Z,7502.27,66.52,5570.07,57.58,5006.42,35.94,1448.06,38.29,952.98,35.08
2026-08-17T16:20Z,7484.27,64.89,5523.14,55.78,4984.45,19.99,1434.12,21.11,961.04,19.8
2026-08-17T16:25Z,7468.84,69.99,5534.85,60.17,4964.74,19.99,1443.99,20.71,960.15,19.68
2026-08-17T16:30Z,7454.89,66.52,5530.13,57.18,4956.43,30.16,1431.76,32.22,956.96,29.4
2026-08-17T16:35Z,7411.82,64.59,5543.37,55.53,4954.45,46.13,1409.8,48.64,960.18,53.23
2026-08-17T16:40Z,7335.0,62.88,5532.15,54.75,4954.74,28.35,1417.32,29.0,951.12,28.31
2026-08-17T16:45Z,7377.28,64.18,5535.53,55.53,4929.73,28.0,1389.97,29.0,942.77,22.15
2026-08-17T16:50Z,7326.32,62.88,5524.15,54.75,4853.95,20.68,1398.23,21.5,937.8,11.84
2026-08-17T16:55Z,7293.44,61.02,5499.57,53.45,4922.27,35.94,1409.2,37.67,933.36,32.34
2026-08-17T17:00Z,7198.24,61.73,5484.85,54.75,4914.56,35.94,1392.97,37.61,942.36,31.7
2026-08-17T17:05Z,7266.61,63.43,5461.4,55.53,4874.27,34.01,1380.26,35.23,937.3,30.79
2026-08-17T17:10Z,7236.0,62.56,5439.9,54.75,4912.45,34.01,1384.46,35.69,940.62,33.23
2026-08-17T17:15Z,7238.95,63.43,5454.51,55.53,4916.3,20.68,1381.97,21.2,941.41,19.98
2026-08-17T17:20Z,7255.6,64.89,5496.68,56.84,4894.08,20.68,1392.15,21.31,926.69,17.47
2026-08-17T17:25Z,7210.87,62.59,5508.65,55.53,4887.26,35.94,1398.85,37.77,925.56,27.38
2026-08-17T17:30Z,7141.02,61.02,5556.2,54.75,4866.17,35.57,1370.71,37.35,927.91,34.89
2026-08-17T17:35Z,7174.74,61.31,5519.66,54.75,4772.27,19.51,1357.28,20.09,932.01,18.75
2026-08-17T17:40Z,7226.79,66.52,5557.75,59.81,4857.13,30.16,1380.4,31.24,942.7,29.5
2026-08-17T17:45Z,7231.79,64.89,5535.48,57.95,4881.77,19.51,1375.41,19.92,930.17,15.29
2026-08-17T17:50Z,7161.55,61.02,5493.07,54.75,4805.77,30.16,1376.49,32.08,927.81,24.01
2026-08-17T17:55Z,7158.17,61.02,5553.21,54.75,4877.97,35.94,1354.18,38.29,925.66,33.42
2026-08-17T18:00Z,7175.56,45.44,5541.59,40.85,4913.62,19.99,1345.96,20.45,931.19,11.37
2026-08-17T18:05Z,7213.96,61.3,5524.47,54.75,4870.82,18.81,1352.26,19.05,934.12,19.13
2026-08-17T18:10Z,7245.53,65.51,5630.18,58.96,4949.04,27.68,1351.19,29.0,929.15,25.12
2026-08-17T18:15Z,7197.43,69.54,5709.09,62.64,4877.62,23.77,1357.75,25.01,933.22,24.1
2026-08-17T18:20Z,7224.47,61.02,5629.22,54.56,4847.14,24.53,1329.36,25.01,938.46,24.87
2026-08-17T18:25Z,7313.0,61.24,5621.54,54.75,4937.95,25.8,1334.12,26.69,940.39,25.12
2026-08-17T18:30Z,7279.95,60.4,5701.7,54.75,4953.33,31.15,1346.86,32.22,947.07,25.12
2026-08-17T18:35Z,7307.83,49.55,5690.7,45.2,4886.56,25.47,1327.7,26.54,952.37,25.1
2026-08-17T18:40Z,7391.67,61.11,5674.3,54.75,4977.69,33.18,1343.19,34.3,949.14,27.42
2026-08-17T18:45Z,7388.16,65.51,5762.28,59.42,5029.15,33.18,1339.19,33.6,952.15,25.12
2026-08-17T18:50Z,7447.48,64.89,5777.41,58.13,5009.23,25.82,1346.75,26.3,947.37,25.12
2026-08-17T18:55Z,7468.46,65.51,5811.05,59.46,5076.28,33.18,1346.96,33.48,959.71,32.49
2026-08-17T19:00Z,7500.97,67.75,5874.8,62.73,5002.69,33.18,1340.75,33.63,964.18,32.61
2026-08-17T19:05Z,7530.93,43.05,5921.31,39.63,5100.25,24.78,1346.08,25.19,957.66,25.12
2026-08-17T19:10Z,7698.22,65.51,5955.65,59.94,5146.7,33.18,1338.8,33.55,964.47,32.7
2026-08-17T19:15Z,7689.06,66.52,6080.87,62.54,5181.48,24.61,1341.76,24.79,971.4,25.1
2026-08-17T19:20Z,7804.66,66.35,6028.72,61.93,5284.62,24.69,1337.8,24.84,973.14,25.1
2026-08-17T19:25Z,7849.55,65.39,6050.68,59.9,5331.52,34.01,1338.26,34.33,963.68,34.25
2026-08-17T19:30Z,7896.51,65.51,6142.75,60.85,5382.12,34.01,1326.59,34.13,988.63,34.46
2026-08-17T19:35Z,7944.22,64.95,6162.12,60.35,5413.73,24.61,1334.04,24.79,1002.56,25.1
2026-08-17T19:40Z,8056.72,65.51,6192.85,61.28,5455.91,34.01,1386.22,35.02,1012.37,34.35
2026-08-17T19:45Z,8120.65,66.0,6275.6,62.58,5443.98,24.79,1387.65,25.42,1023.1,25.12
2026-08-17T19:50Z,8189.29,69.99,6303.4,65.97,5566.3,24.54,1385.78,24.94,1027.83,25.1
2026-08-17T19:55Z,8276.23,73.45,6336.6,68.82,5647.97,34.01,1398.66,34.43,1016.84,34.23
2026-08-17T20:00Z,8192.49,71.97,6429.33,68.82,5674.39,24.72,1383.71,24.72,1031.69,25.12
2026-08-17T20:05Z,8354.06,65.15,6484.6,62.73,5792.44,24.96,1394.78,25.14,1035.67,25.12
2026-08-17T20:10Z,8597.73,68.25,6551.32,64.93,5978.43,54.47,1433.36,55.48,1057.18,35.14
2026-08-17T20:15Z,8797.74,69.99,6628.8,64.93,6128.04,36.41,1414.24,36.78,1080.26,35.16
2026-08-17T20:20Z,8903.99,70.35,6700.5,64.95,6172.75,13.07,1417.54,12.7,1110.0,35.14
2026-08-17T20:25Z,8957.51,70.31,6729.83,64.93,6206.78,35.94,1455.1,35.84,1104.16,35.14
2026-08-17T20:30Z,9090.65,72.65,6768.19,67.12,6284.82,37.68,1428.14,37.04,1118.99,36.16
2026-08-17T20:35Z,9189.65,69.99,6825.13,64.93,6409.84,27.85,1426.64,27.43,1131.7,35.18
2026-08-17T20:40Z,9324.83,70.22,6860.47,64.93,6600.15,35.56,1455.64,34.35,1151.88,35.14
2026-08-17T20:45Z,9447.23,70.63,6903.18,64.93,6673.19,35.93,1498.5,34.32,1137.52,35.14
2026-08-17T20:50Z,9585.25,71.53,6938.44,64.95,6756.11,36.23,1493.03,34.32,1159.4,35.16
2026-08-17T20:55Z,9608.11,71.4,6959.88,66.52,6784.26,35.93,1533.91,34.52,1194.73,34.56
2026-08-17T21:00Z,9634.96,64.95,6987.19,58.26,6914.12,54.47,1540.75,52.25,1213.65,53.81
2026-08-17T21:05Z,9635.06,64.95,7086.48,58.34,6979.59,54.47,1562.93,53.66,1224.81,53.31
2026-08-17T21:10Z,9653.48,64.89,7079.14,58.28,6969.64,38.48,1582.68,37.12,1227.0,38.48
2026-08-17T21:15Z,9754.6,65.51,7048.35,57.7,7075.62,54.47,1605.75,53.9,1240.95,53.75
2026-08-17T21:20Z,9742.0,64.95,7061.69,55.44,7213.79,57.56,1602.71,55.91,1251.53,57.76
2026-08-17T21:25Z,9773.47,64.05,6931.15,48.22,7237.79,55.96,1634.05,54.67,1264.56,52.51
2026-08-17T21:30Z,9626.57,59.06,6928.78,43.0,7285.14,53.33,1642.5,52.94,1273.75,51.2
2026-08-17T21:35Z,9659.75,64.95,6836.7,55.53,7384.57,55.67,1654.38,55.84,1286.36,53.07
2026-08-17T21:40Z,9486.64,64.05,6790.58,54.75,7289.46,54.47,1679.95,55.74,1306.33,53.04
2026-08-17T21:45Z,9483.23,49.31,6716.08,42.45,7322.33,44.0,1699.91,44.01,1300.33,43.6
2026-08-17T21:50Z,9467.92,42.54,6670.18,36.14,7356.07,38.48,1709.35,38.36,1298.22,39.56
2026-08-17T21:55Z,9405.88,29.81,6523.09,24.99,7325.21,27.72,1720.39,28.21,1290.47,29.15
2026-08-17T22:00Z,9284.51,25.12,6498.73,21.06,7245.99,24.13,1738.09,24.51,1289.36,24.15
2026-08-17T22:05Z,9449.91,30.21,6402.94,25.75,7160.34,27.85,1734.56,28.53,1287.53,31.22
2026-08-17T22:10Z,9369.77,30.03,6399.61,26.24,7096.6,27.85,1697.59,28.16,1287.96,30.04
2026-08-17T22:15Z,9174.26,25.12,6364.41,21.8,7088.32,23.49,1677.58,23.64,1272.02,25.14
2026-08-17T22:20Z,9252.2,25.12,6263.2,21.37,7018.14,24.03,1678.57,24.29,1258.02,25.06
2026-08-17T22:25Z,9120.71,25.12,6171.79,21.62,6865.78,23.43,1661.47,23.72,1246.56,22.75
2026-08-17T22:30Z,9054.02,18.75,6118.31,16.35,6825.14,13.07,1654.95,13.07,1235.27,12.36
2026-08-17T22:35Z,8907.62,15.57,6021.42,13.5,6760.69,13.07,1656.79,13.39,1235.73,12.4
2026-08-17T22:40Z,8983.67,24.96,5873.11,21.61,6678.55,13.07,1644.3,13.12,1230.32,12.4
2026-08-17T22:45Z,8859.45,25.1,5914.11,21.87,6474.04,10.5,1613.42,10.5,1219.67,10.16
2026-08-17T22:50Z,8784.25,16.56,5789.7,14.14,6398.56,9.9,1588.55,9.87,1208.72,10.12
2026-08-17T22:55Z,8872.63,14.03,5739.73,11.17,6298.15,10.5,1538.11,10.52,1214.9,10.16
2026-08-17T23:00Z,8802.16,13.3,5748.92,8.0,6247.15,9.97,1498.37,10.08,1207.97,10.16
2026-08-17T23:05Z,8647.84,13.3,5762.06,11.57,6111.64,10.21,1480.4,10.25,1195.32,10.57
2026-08-17T23:10Z,8697.92,24.96,5733.55,21.43,6105.4,10.5,1467.42,10.41,1183.86,10.8
2026-08-17T23:15Z,8607.49,23.99,5696.88,20.72,6056.98,10.5,1409.23,10.14,1184.01,10.8
2026-08-17T23:20Z,8498.05,13.3,5631.01,11.92,5987.27,10.5,1371.1,9.98,1178.15,10.81
2026-08-17T23:25Z,8459.41,23.99,5616.73,20.82,5786.12,-0.1,1326.9,-0.1,1159.86,-0.11
2026-08-17T23:30Z,8335.86,13.3,5564.48,11.99,5775.15,10.5,1319.76,9.85,1142.98,10.81
2026-08-17T23:35Z,8294.15,14.83,5468.71,13.26,5711.04,10.5,1243.86,9.56,1142.66,11.12
2026-08-17T23:40Z,8353.61,25.1,5411.86,22.86,5620.33,12.96,1215.31,11.83,1145.98,13.68
2026-08-17T23:45Z,8206.76,12.64,5357.45,11.29,5563.52,11.96,1208.64,10.87,1144.62,12.59
2026-08-17T23:50Z,8299.61,6.06,5242.25,5.27,5484.77,-0.1,1163.91,-0.09,1128.58,-0.11
2026-08-17T23:55Z,8224.98,7.83,5154.38,6.85,5392.34,-0.1,1170.56,-1.0,1104.26,-0.11
2026-08-18T00:00Z,8096.37,13.3,5057.31,11.76,5443.39,0.0,1143.61,0.0,1099.47,0.0
2026-08-18T00:05Z,7956.62,43.05,5022.56,13.27,5417.6,10.5,1113.39,9.36,1087.53,11.16
2026-08-18T00:10Z,7853.19,56.51,4897.12,13.27,5423.01,0.67,1117.01,0.6,1092.14,12.16
2026-08-18T00:15Z,7700.59,42.54,4843.39,13.26,5350.07,-5.58,1118.43,-5.22,1080.61,11.16
2026-08-18T00:20Z,7739.78,43.05,4756.13,8.0,5286.98,-4.79,1156.61,-4.39,1067.73,11.16
2026-08-18T00:25Z,7648.55,25.12,4761.37,7.42,5218.44,0.0,1148.85,0.0,1076.66,25.1
2026-08-18T00:30Z,7718.89,25.12,4707.61,6.85,5149.44,-1.09,1164.8,-1.0,1058.57,12.16
2026-08-18T00:35Z,7599.12,23.99,4767.64,0.76,5079.65,-1.12,1158.0,-1.02,1056.46,12.16
2026-08-18T00:40Z,7573.34,0.82,4702.0,0.71,5153.02,-1.09,1202.35,-1.0,1039.59,-1.15
2026-08-18T00:45Z,7570.56,43.05,4827.32,2.79,5025.83,-6.44,1208.77,-6.25,1026.1,10.16
2026-08-18T00:50Z,7458.59,42.54,4767.43,13.26,5008.34,-6.08,1231.38,-6.0,1022.33,10.16
2026-08-18T00:55Z,7431.66,42.54,4829.93,6.72,4959.03,-6.6,1207.52,-6.61,1019.54,-6.93
2026-08-18T01:00Z,7398.64,7.26,4802.68,6.44,4814.75,-6.6,1197.61,-6.54,1005.0,-6.91
2026-08-18T01:05Z,7532.49,50.83,4791.94,8.0,4759.51,-6.6,1168.48,-6.66,1000.4,-6.95
2026-08-18T01:10Z,7620.42,43.05,4875.4,13.26,4878.42,-1.11,1174.88,-1.05,1004.09,-1.17
2026-08-18T01:15Z,7624.91,73.15,4836.52,13.26,4765.1,-5.97,1147.3,-6.25,1005.74,-6.31
2026-08-18T01:20Z,7585.35,68.02,4819.8,13.26,4741.4,-7.0,1148.12,-7.05,1002.87,10.16
2026-08-18T01:25Z,7582.87,43.05,4913.16,13.26,4631.1,-6.5,1188.57,-6.83,997.75,-6.85
2026-08-18T01:30Z,7641.15,54.54,4912.72,13.27,4554.83,-5.02,1210.75,-5.19,983.93,-5.27
2026-08-18T01:35Z,7606.99,73.15,4857.23,13.26,4510.27,-6.42,1202.97,-7.01,982.47,-6.75
2026-08-18T01:40Z,7569.4,66.53,4977.69,8.0,4539.99,-6.51,1272.99,-6.87,971.16,-6.82
2026-08-18T01:45Z,7430.67,43.05,5097.68,25.75,4518.25,-5.93,1263.54,-6.25,965.09,-6.25
2026-08-18T01:50Z,7537.85,43.05,5032.35,13.26,4446.93,-5.0,1250.16,-5.19,961.57,-5.23
2026-08-18T01:55Z,7454.89,66.53,5047.84,13.26,4382.02,-6.51,1274.76,-7.34,950.38,-6.82
2026-08-18T02:00Z,7456.66,64.89,5044.94,13.27,4388.51,-5.79,1311.62,-6.51,851.97,-5.97
2026-08-18T02:05Z,7634.04,99.01,5052.82,13.26,4278.94,-5.84,1306.83,-6.51,831.14,-6.04
2026-08-18T02:10Z,7608.92,69.99,4932.05,24.12,4331.65,-5.73,1285.94,-6.25,835.31,-5.92
2026-08-18T02:15Z,7683.79,64.89,4770.84,25.75,4386.94,-4.87,1267.12,-5.22,823.0,-5.03
2026-08-18T02:20Z,7599.81,64.95,4791.17,13.26,4355.44,-5.84,1252.96,-6.51,820.45,-6.04
2026-08-18T02:25Z,7511.84,42.54,4842.74,13.26,4280.79,-6.22,1266.68,-7.01,816.84,-6.41
2026-08-18T02:30Z,7286.69,42.54,4816.16,24.81,4186.2,-5.77,1237.25,-6.25,870.04,-5.99
2026-08-18T02:35Z,7322.77,64.95,4760.74,13.27,4215.51,-5.95,1128.97,-6.25,931.94,-6.24
2026-08-18T02:40Z,7475.49,69.99,4826.46,24.12,4306.77,-6.09,1099.83,-6.25,917.5,-6.38
2026-08-18T02:45Z,7536.98,73.15,4711.19,29.83,4316.66,-5.99,1086.19,-6.25,849.09,-6.19
2026-08-18T02:50Z,7542.67,73.15,4714.52,22.85,4316.82,-5.03,1080.69,-5.19,847.82,-5.2
2026-08-18T02:55Z,7424.05,73.15,4706.84,6.85,4307.75,-5.07,1069.32,-5.17,847.43,-5.23
2026-08-18T03:00Z,7432.38,73.15,4708.41,6.85,4314.68,-6.01,1047.54,-6.25,921.16,-6.31
2026-08-18T03:05Z,7368.68,42.54,4768.6,13.26,4347.51,-1.04,1051.74,-1.0,941.17,-1.1
2026-08-18T03:10Z,7438.43,66.53,4805.17,24.81,4146.37,-6.51,1037.35,-6.84,942.65,-6.82
2026-08-18T03:15Z,7352.23,28.48,4903.52,25.29,4252.55,-1.05,1069.78,-1.0,937.34,-1.1
2026-08-18T03:20Z,7468.56,66.53,4885.76,22.85,4176.91,-1.02,1026.24,-1.0,949.23,-1.08
2026-08-18T03:25Z,7238.06,42.54,4965.94,24.12,4106.09,-1.5,1053.89,-1.49,950.67,-1.59
2026-08-18T03:30Z,7223.78,27.87,5005.53,24.12,4110.85,-2.48,1031.29,-2.39,950.66,-2.62
2026-08-18T03:35Z,7268.24,14.81,4967.91,13.26,4135.24,-0.1,1037.86,-0.09,942.52,-0.11
2026-08-18T03:40Z,7338.76,28.95,5048.83,26.61,4120.44,0.0,987.14,-2.19,950.85,0.0
2026-08-18T03:45Z,7336.92,28.95,4999.51,25.43,4189.32,0.0,968.06,-4.52,955.93,0.0
2026-08-18T03:50Z,7229.92,23.99,5064.56,21.78,4173.82,0.05,957.86,-4.51,959.49,0.05
2026-08-18T03:55Z,7292.32,34.55,5043.08,30.36,4102.7,0.0,950.73,-5.16,962.19,0.0
2026-08-18T04:00Z,7195.7,26.25,5046.28,24.12,4089.55,0.0,907.01,-6.51,967.56,0.0
2026-08-18T04:05Z,7235.58,12.69,5075.69,12.92,4189.67,6.42,877.65,-3.4,958.64,6.79
2026-08-18T04:10Z,7179.15,22.43,5116.13,22.85,4167.86,5.45,868.02,0.43,966.93,5.77
2026-08-18T04:15Z,7185.41,27.87,5090.04,27.31,4093.32,1.61,861.19,-4.09,965.25,1.71
2026-08-18T04:20Z,7187.74,28.95,5146.09,27.88,4216.17,0.0,891.64,-4.49,960.74,0.0
2026-08-18T04:25Z,7262.78,3.03,5152.81,3.11,4337.82,1.52,882.59,-4.1,962.91,1.62
2026-08-18T04:30Z,7349.06,-0.12,5172.82,-0.12,4356.96,-0.1,904.25,-0.13,967.77,9.1
2026-08-18T04:35Z,7413.46,0.74,5253.95,0.73,4341.97,-5.99,920.85,-5.17,976.61,-6.35
2026-08-18T04:40Z,7343.27,43.21,5340.64,40.1,4481.03,-7.0,903.92,-6.42,970.41,-7.41
2026-08-18T04:45Z,7283.49,27.95,5489.5,27.88,4534.67,-5.96,914.07,-5.17,970.29,-6.32
2026-08-18T04:50Z,7367.49,27.75,5524.67,27.88,4683.65,0.0,885.75,0.0,974.76,0.0
2026-08-18T04:55Z,7330.28,41.19,5550.38,40.1,4580.73,-6.5,886.43,-5.78,962.53,-6.87
2026-08-18T05:00Z,7220.61,26.16,5640.11,27.88,4689.41,-0.1,901.19,-1.04,970.97,-0.11
2026-08-18T05:05Z,7296.89,46.54,5671.92,48.38,4797.72,-7.05,898.59,-6.25,977.28,-7.47
2026-08-18T05:10Z,7406.78,-0.11,5699.04,-0.11,4845.51,-0.1,914.73,-0.08,984.42,9.16
2026-08-18T05:15Z,7439.87,-1.38,5779.88,-1.31,4839.96,-1.29,939.71,-1.13,995.83,9.16
2026-08-18T05:20Z,7552.22,0.0,5809.33,0.0,4966.43,0.0,957.54,0.0,986.33,9.16
2026-08-18T05:25Z,7621.57,1.2,5877.82,1.23,5006.68,0.62,947.1,0.53,993.45,10.1
2026-08-18T05:30Z,7699.68,27.88,5910.56,27.78,5099.42,6.37,984.14,-1.04,993.68,9.16
2026-08-18T05:35Z,7748.37,23.99,5945.75,24.38,5174.34,-0.05,1013.63,-0.04,986.69,-0.05
2026-08-18T05:40Z,7770.66,23.99,6091.72,24.27,5214.7,-0.05,968.43,-0.04,985.95,-0.05
2026-08-18T05:45Z,7907.84,24.84,6131.72,24.99,5292.61,0.0,941.49,0.0,990.76,0.0
2026-08-18T05:50Z,8011.07,0.0,6133.75,0.0,5242.05,0.0,929.44,0.0,995.41,0.01
2026-08-18T05:55Z,8176.68,24.96,6285.19,24.84,5391.77,21.05,947.83,18.04,1010.48,21.94
2026-08-18T06:00Z,8120.53,23.99,6392.15,25.17,5483.67,20.39,927.16,17.54,1020.23,21.25
2026-08-18T06:05Z,8156.34,37.87,6433.53,40.0,5449.35,10.5,942.0,9.03,1027.52,11.02
2026-08-18T06:10Z,8312.23,23.99,6410.01,24.37,5565.63,11.67,948.01,10.02,1023.97,12.16
2026-08-18T06:15Z,8356.94,23.99,6524.19,24.81,5681.44,20.27,976.74,17.56,1026.69,21.13
2026-08-18T06:20Z,8457.4,68.67,6602.89,68.82,5724.16,33.83,1019.57,29.69,1031.82,35.14
2026-08-18T06:25Z,8583.63,79.69,6648.72,78.38,5770.82,8.47,1098.97,7.35,1031.72,8.91
2026-08-18T06:30Z,8562.81,79.08,6734.54,78.38,5921.35,9.81,1177.56,8.51,1036.93,10.12
2026-08-18T06:35Z,8650.7,69.8,6869.12,68.84,5999.53,10.5,1258.67,9.56,1053.22,10.63
2026-08-18T06:40Z,8867.28,69.84,6877.43,67.14,6050.04,25.59,1300.63,23.23,1055.01,25.12
2026-08-18T06:45Z,8923.55,75.46,6946.53,71.68,6180.06,25.59,1322.23,23.6,1069.37,25.12
2026-08-18T06:50Z,9107.98,71.5,7004.38,68.84,6255.13,35.53,1337.35,31.37,1081.79,35.14
2026-08-18T06:55Z,9096.89,75.31,7118.17,71.68,6322.85,35.93,1380.19,44.16,1092.45,45.15
2026-08-18T07:00Z,9237.48,75.68,7233.56,71.68,6423.35,45.25,1402.2,51.67,1104.4,53.63
2026-08-18T07:05Z,9361.87,69.91,7324.84,68.84,6507.73,35.93,1431.01,45.72,1118.77,44.02
2026-08-18T07:10Z,9457.67,69.51,7267.26,67.14,6513.42,15.13,1453.73,36.7,1114.11,33.65
2026-08-18T07:15Z,9470.19,82.47,7392.91,76.3,6633.01,12.96,1469.86,41.68,1128.04,37.14
2026-08-18T07:20Z,9592.78,73.79,7469.72,70.99,6641.63,18.15,1496.95,40.5,1133.3,37.14
2026-08-18T07:25Z,9770.16,75.91,7522.21,71.68,6691.65,12.96,1515.69,38.25,1141.22,25.47
2026-08-18T07:30Z,9937.62,87.85,7575.14,81.43,6795.79,15.13,1524.08,44.98,1159.22,41.26
2026-08-18T07:35Z,9949.16,82.86,7687.07,78.41,6895.98,19.18,1555.44,44.71,1167.93,41.21
2026-08-18T07:40Z,10026.28,81.01,7708.05,76.18,6851.62,15.4,1584.06,42.78,1189.79,40.19
2026-08-18T07:45Z,10107.57,65.5,7730.87,65.28,6952.13,15.4,1606.56,35.14,1207.53,34.03
2026-08-18T07:50Z,10370.18,69.69,7802.13,67.14,7043.09,15.4,1622.25,36.8,1222.6,36.64
2026-08-18T07:55Z,10407.41,84.12,7854.29,78.73,7069.38,15.4,1638.87,43.57,1233.3,42.09
2026-08-18T08:00Z,10393.68,82.68,7859.56,78.38,7089.45,19.18,1665.35,44.52,1239.7,42.97
2026-08-18T08:05Z,10421.82,71.16,7883.66,69.69,7029.45,15.4,1672.42,30.96,1244.15,32.46
2026-08-18T08:10Z,10409.89,67.69,7814.93,67.14,7037.51,12.96,1693.53,30.96,1248.22,32.02
2026-08-18T08:15Z,10493.48,73.47,7856.99,70.99,7108.34,12.5,1726.94,37.49,1253.37,37.61
2026-08-18T08:20Z,10466.84,66.4,7889.99,67.14,7134.47,15.13,1736.74,30.96,1256.33,29.57
2026-08-18T08:25Z,10433.68,65.79,7903.53,66.97,7143.23,10.5,1754.45,32.74,1258.48,33.29
2026-08-18T08:30Z,10445.21,66.81,7907.37,67.14,7134.24,14.63,1774.74,35.03,1255.2,35.95
2026-08-18T08:35Z,10494.95,67.28,7859.57,67.14,7176.22,15.13,1784.49,35.76,1258.11,36.52
2026-08-18T08:40Z,10407.09,65.51,7807.25,66.17,7131.18,10.65,1784.32,32.85,1255.68,33.19
2026-08-18T08:45Z,10430.11,65.51,7831.19,65.76,7025.3,10.5,1788.78,28.32,1261.27,29.58
2026-08-18T08:50Z,10482.21,67.74,7843.0,67.14,7048.17,10.65,1786.21,33.97,1256.43,34.16
2026-08-18T08:55Z,10373.91,66.89,7814.11,67.14,7058.08,10.65,1793.53,33.62,1253.45,33.92
2026-08-18T09:00Z,10441.65,65.51,7667.62,64.93,7006.59,10.65,1812.03,30.21,1250.02,30.51
2026-08-18T09:05Z,10440.64,66.03,7721.14,64.93,7015.88,10.65,1819.84,33.44,1242.02,35.01
2026-08-18T09:10Z,10343.89,65.51,7662.56,65.21,6976.42,10.65,1806.19,33.19,1237.73,32.77
2026-08-18T09:15Z,10354.27,69.33,7661.55,68.57,6975.93,10.5,1783.77,34.77,1226.4,32.49
2026-08-18T09:20Z,10321.21,67.72,7648.26,67.14,6945.22,15.4,1785.72,27.67,1219.27,26.77
2026-08-18T09:25Z,10219.45,65.51,7561.22,64.93,6964.09,15.4,1791.2,22.55,1221.64,25.14
2026-08-18T09:30Z,10272.05,71.4,7574.32,68.31,6966.07,15.4,1794.24,27.53,1217.97,26.8
2026-08-18T09:35Z,10219.58,69.69,7565.83,68.85,6840.12,10.5,1793.34,23.91,1208.15,25.14
2026-08-18T09:40Z,10142.65,65.51,7510.3,65.09,6808.0,10.5,1796.77,9.78,1200.49,25.08
2026-08-18T09:45Z,10037.02,65.5,7525.46,64.93,6771.53,10.65,1781.66,9.92,1191.52,10.55
2026-08-18T09:50Z,10128.11,65.81,7466.09,64.93,6743.41,10.5,1784.99,9.74,1184.79,10.16
2026-08-18T09:55Z,10076.49,65.51,7507.46,64.93,6808.62,10.65,1798.82,9.92,1192.23,10.12
2026-08-18T10:00Z,10096.93,69.69,7462.31,67.14,6806.05,10.65,1785.03,9.83,1160.77,10.12
2026-08-18T10:05Z,9968.82,71.4,7398.35,69.07,6683.99,8.94,1774.77,8.51,1148.5,9.29
2026-08-18T10:10Z,9979.05,71.4,7367.99,68.84,6715.68,9.99,1777.95,9.19,1142.21,10.1
2026-08-18T10:15Z,9959.73,71.4,7389.49,69.06,6654.66,9.24,1765.69,8.51,1138.07,9.47
2026-08-18T10:20Z,9978.62,84.79,7320.36,76.87,6648.16,9.7,1754.35,8.86,1127.24,9.91
2026-08-18T10:25Z,9883.01,82.61,7262.77,76.3,6611.31,9.84,1755.78,8.98,1127.52,10.02
2026-08-18T10:30Z,9747.31,65.51,7226.69,61.25,6495.0,8.99,1734.27,8.22,1120.56,9.18
2026-08-18T10:35Z,9821.14,71.4,7170.54,66.7,6512.85,8.94,1732.4,8.04,1121.09,9.19
2026-08-18T10:40Z,9831.95,71.4,7288.76,68.84,6491.99,9.76,1731.59,8.72,1118.94,10.1
2026-08-18T10:45Z,9792.84,71.4,7265.29,68.84,6406.73,9.59,1736.42,8.6,1111.32,10.02
2026-08-18T10:50Z,9692.28,71.4,7182.61,68.82,6453.35,9.76,1708.31,8.7,1117.17,10.1
2026-08-18T10:55Z,9729.97,68.61,7272.02,67.12,6379.34,9.64,1720.69,8.67,1113.15,10.04
2026-08-18T11:00Z,9676.49,66.84,7228.58,64.93,6375.98,9.73,1710.75,8.81,1120.1,10.1
2026-08-18T11:05Z,9632.83,73.74,7118.28,68.84,6247.07,8.79,1716.11,7.96,1112.99,9.27
2026-08-18T11:10Z,9576.32,74.19,7139.64,68.84,6203.16,8.95,1704.99,8.1,1115.99,9.47
2026-08-18T11:15Z,9464.49,73.25,7129.5,68.84,6284.99,10.65,1691.96,9.64,1113.3,11.16
2026-08-18T11:20Z,9441.04,73.27,7086.84,68.82,6214.83,10.47,1674.35,9.4,1096.06,10.97
2026-08-18T11:25Z,9445.5,72.8,7079.97,68.82,6172.85,8.94,1656.6,7.99,1086.86,9.34
2026-08-18T11:30Z,9411.59,72.79,7085.38,68.82,6151.13,8.94,1649.6,7.96,1075.47,9.29
2026-08-18T11:35Z,9275.57,69.99,7035.76,65.7,6147.26,10.5,1653.46,9.35,1069.65,10.97
2026-08-18T11:40Z,9258.52,87.85,7020.0,85.15,6088.37,9.74,1641.59,8.67,1085.49,10.18
2026-08-18T11:45Z,9147.33,84.79,7006.84,81.11,5982.9,8.71,1631.09,7.82,1069.51,9.1
2026-08-18T11:50Z,9095.69,68.37,6952.97,64.95,5908.75,8.94,1650.2,8.01,1067.76,9.37
2026-08-18T11:55Z,9103.84,67.72,6939.64,64.32,5902.89,8.94,1585.35,7.96,1043.82,9.31
2026-08-18T12:00Z,9022.45,65.63,6930.75,62.73,5887.12,10.33,1613.31,9.17,1050.99,10.86
2026-08-18T12:05Z,8963.47,72.14,6807.46,68.84,5809.68,10.5,1606.52,9.32,1044.93,11.68
2026-08-18T12:10Z,9048.65,72.62,6801.01,68.84,5784.94,8.97,1588.25,7.95,1045.1,10.02
2026-08-18T12:15Z,8932.02,66.52,6780.99,64.27,5800.78,10.47,1587.19,9.18,1028.08,11.01
2026-08-18T12:20Z,8998.13,72.19,6734.1,68.82,5732.91,10.47,1578.96,9.17,1036.29,11.6
2026-08-18T12:25Z,8924.74,65.51,6643.13,62.38,5601.99,9.0,1568.17,7.96,1038.67,10.06
2026-08-18T12:30Z,8890.92,65.51,6586.51,61.94,5636.99,10.5,1570.19,9.24,1028.09,11.63
2026-08-18T12:35Z,8760.76,65.51,6569.99,62.71,5598.27,10.5,1535.03,9.19,1027.0,11.68
2026-08-18T12:40Z,8714.14,64.95,6520.71,61.37,5495.77,8.94,1527.35,7.86,1022.98,10.0
2026-08-18T12:45Z,8725.39,65.01,6488.52,61.01,5504.12,8.94,1515.37,7.82,1023.05,10.13
2026-08-18T12:50Z,8695.16,59.96,6420.87,55.53,5454.55,8.5,1507.48,7.44,1008.58,9.69
2026-08-18T12:55Z,8689.26,59.22,6320.6,54.75,5447.3,0.01,1497.62,0.01,1018.74,0.61
2026-08-18T13:00Z,8656.18,42.8,6309.71,40.07,5331.13,-0.05,1487.35,-0.04,1014.37,0.64
2026-08-18T13:05Z,8553.85,58.48,6291.41,54.75,5345.4,-0.05,1494.66,-0.04,1007.29,0.61
2026-08-18T13:10Z,8545.76,64.95,6272.54,60.02,5501.78,-0.05,1468.47,-0.04,1021.25,0.67
2026-08-18T13:15Z,8479.26,60.91,6216.64,55.53,5516.5,-0.05,1475.45,-0.04,1018.82,0.66
2026-08-18T13:20Z,8480.06,60.91,6217.38,55.53,5413.92,-0.05,1466.18,-0.04,1013.83,0.63
2026-08-18T13:25Z,8409.76,59.7,6183.54,54.75,5476.67,-0.05,1465.64,-0.04,1005.56,0.64
2026-08-18T13:30Z,8357.02,42.8,6114.84,38.97,5468.56,-0.05,1442.03,-0.04,994.58,0.29
2026-08-18T13:35Z,8343.41,59.35,6130.84,54.75,5485.81,-0.05,1462.02,-0.04,999.05,0.67
2026-08-18T13:40Z,8296.05,59.72,6142.27,54.75,5408.81,-0.1,1474.69,-0.09,995.41,0.57
2026-08-18T13:45Z,8318.53,60.53,6080.49,54.75,5294.05,-0.1,1451.51,-0.09,988.98,0.55
2026-08-18T13:50Z,8206.76,43.05,6118.9,39.46,5328.54,-0.05,1452.05,-0.04,987.11,0.55
2026-08-18T13:55Z,8114.47,42.54,6076.84,38.97,5319.57,-0.1,1462.98,-0.09,975.76,0.22
2026-08-18T14:00Z,8158.92,42.8,6046.86,39.19,5276.48,-1.18,1445.41,-1.02,973.75,-0.59
2026-08-18T14:05Z,8176.8,43.05,5920.59,39.11,5261.52,-1.17,1448.41,-1.02,971.18,-0.53
2026-08-18T14:10Z,8205.19,43.44,5981.11,39.75,5259.09,-0.1,1450.12,-0.09,953.03,-0.11
2026-08-18T14:15Z,8256.02,44.03,5929.19,39.75,5251.63,-0.1,1447.81,-0.09,961.14,-0.11
2026-08-18T14:20Z,8261.29,64.95,5902.09,58.99,5152.07,-0.1,1480.53,-0.09,956.72,-0.11
2026-08-18T14:25Z,8275.7,60.7,5860.48,54.75,5132.01,-0.1,1492.33,-0.09,959.33,0.22
2026-08-18T14:30Z,8254.2,43.05,5818.35,38.56,5141.04,-0.1,1478.6,-1.02,958.49,0.45
2026-08-18T14:35Z,8158.51,42.8,5756.27,38.31,5099.28,-0.1,1467.63,-9.75,962.22,-0.11
2026-08-18T14:40Z,8203.0,64.95,5795.13,58.16,5140.54,-0.1,1506.77,-2.17,954.73,-0.11
2026-08-18T14:45Z,8276.36,44.71,5732.92,39.75,5107.48,-0.1,1486.99,-0.09,946.06,-0.1
2026-08-18T14:50Z,8287.33,44.73,5709.19,39.75,5082.38,-0.1,1413.66,-0.09,945.74,-0.11
2026-08-18T14:55Z,8171.17,43.55,5798.45,39.75,5077.13,-0.1,1476.02,-0.09,939.4,-0.11
2026-08-18T15:00Z,8142.39,43.05,5717.7,39.25,5053.81,-1.17,1482.8,-1.02,938.73,-1.24
2026-08-18T15:05Z,8122.43,43.9,5682.76,39.75,5030.65,-1.21,1483.49,-1.05,956.88,-1.28
2026-08-18T15:10Z,8071.52,43.62,5678.63,39.75,4949.89,-2.99,1476.76,-2.67,951.34,-3.15
2026-08-18T15:15Z,7900.52,42.8,5663.21,39.25,4989.65,-0.1,1478.06,-0.09,932.47,-0.1
2026-08-18T15:20Z,7883.11,42.8,5655.41,38.99,4940.16,-1.19,1450.32,-1.05,934.51,-1.25
2026-08-18T15:25Z,7758.17,33.33,5618.55,30.36,4868.99,-7.0,1451.83,-6.06,934.08,-7.33
2026-08-18T15:30Z,7721.82,43.05,5669.02,39.74,4876.67,-4.68,1437.79,-4.15,949.28,-4.9
2026-08-18T15:35Z,7729.19,43.05,5632.78,39.72,4852.19,-4.67,1457.15,-4.14,948.67,-4.89
2026-08-18T15:40Z,7704.43,43.05,5596.45,39.45,4830.99,-4.67,1463.17,-4.18,956.1,-4.89
2026-08-18T15:45Z,7623.93,43.05,5567.57,39.19,4728.33,-1.0,1457.68,-1.05,961.03,-1.05
2026-08-18T15:50Z,7576.43,42.54,5509.55,38.21,4702.94,-4.68,1441.23,-4.19,956.99,-4.9
2026-08-18T15:55Z,7599.58,43.05,5569.51,38.95,4717.28,-4.68,1436.61,-4.14,962.66,-4.91
2026-08-18T16:00Z,7563.76,43.05,5520.1,38.92,4629.79,-4.68,1447.54,-5.72,962.2,-4.92
2026-08-18T16:05Z,7554.7,43.05,5535.91,39.18,4681.66,-3.75,1457.41,-4.32,963.39,-3.95
2026-08-18T16:10Z,7494.93,43.05,5508.77,39.42,4650.75,-2.99,1439.08,-6.25,977.8,-3.16
2026-08-18T16:15Z,7486.68,43.05,5490.28,39.15,4668.17,-4.68,1437.31,-5.39,962.93,-4.95
2026-08-18T16:20Z,7532.87,43.05,5496.81,38.57,4630.78,-5.65,1437.62,-6.25,968.22,-5.99
2026-08-18T16:25Z,7519.51,43.05,5444.26,38.64,4663.01,-4.68,1424.73,-4.11,952.73,-4.95
2026-08-18T16:30Z,7437.53,43.05,5472.72,38.9,4544.13,-5.94,1405.84,-5.21,960.5,-6.28
2026-08-18T16:35Z,7441.36,43.05,5453.48,38.89,4546.23,-6.51,1395.04,-5.71,946.04,-6.86
2026-08-18T16:40Z,7316.61,43.05,5500.53,38.67,4512.7,-6.51,1400.76,-5.71,941.99,-6.86
2026-08-18T16:45Z,7260.28,42.8,5505.73,38.45,4564.43,-6.6,1403.76,-5.81,942.63,-6.95
2026-08-18T16:50Z,7280.34,43.05,5461.16,38.66,4542.0,-6.51,1399.21,-5.71,942.13,-6.84
2026-08-18T16:55Z,7226.39,43.05,5514.79,39.75,4484.17,-6.6,1400.53,-5.77,947.89,-6.98
2026-08-18T17:00Z,7278.23,43.05,5448.0,38.89,4451.9,-6.6,1399.0,-5.77,955.16,9.08
2026-08-18T17:05Z,7172.26,43.05,5458.06,39.15,4437.96,-6.6,1382.73,-5.77,969.22,-7.0
2026-08-18T17:10Z,7156.51,43.05,5457.73,38.9,4433.74,-6.6,1387.02,-5.77,958.97,-6.98
2026-08-18T17:15Z,7194.28,43.05,5439.78,38.89,4345.43,-7.94,1379.32,-7.15,961.78,-8.4
2026-08-18T17:20Z,7227.02,43.05,5476.68,39.16,4411.48,-6.6,1400.76,-5.82,961.09,-6.98
2026-08-18T17:25Z,7230.04,43.05,5508.1,38.93,4389.83,-6.51,1387.51,-5.79,963.52,-6.88
2026-08-18T17:30Z,7207.39,43.05,5503.59,38.93,4332.58,-6.6,1383.73,-5.94,964.92,-6.98
2026-08-18T17:35Z,7114.39,32.99,5480.89,29.83,4412.65,-7.08,1365.93,-6.51,960.44,-7.46
2026-08-18T17:40Z,7108.4,42.8,5534.09,38.97,4422.5,-6.6,1363.06,-5.93,969.37,-6.96
2026-08-18T17:45Z,7118.49,46.95,5520.99,43.01,4402.8,-7.0,1337.24,-6.21,974.42,-7.38
2026-08-18T17:50Z,7114.03,46.32,5589.21,43.01,4347.49,-6.93,1336.52,-6.25,975.6,-7.32
2026-08-18T17:55Z,7110.81,43.05,5600.56,39.47,4361.42,-7.0,1335.49,-6.46,966.97,-7.4
2026-08-18T18:00Z,7148.15,43.66,5539.05,39.75,4374.87,-7.0,1328.21,-6.41,971.65,-7.38
2026-08-18T18:05Z,7143.32,43.11,5552.4,39.75,4443.83,-6.51,1318.68,-6.07,972.27,-6.86
2026-08-18T18:10Z,7199.47,43.38,5564.58,39.75,4455.63,-6.6,1312.75,-6.13,972.51,-6.96
2026-08-18T18:15Z,7201.08,43.36,5595.87,39.75,4422.35,-6.96,1308.19,-6.51,987.34,12.12
2026-08-18T18:20Z,7207.66,43.08,5602.22,39.75,4485.77,-6.6,1314.23,-6.14,995.77,12.12
2026-08-18T18:25Z,7239.22,43.08,5586.91,39.75,4498.17,-6.51,1324.79,-6.04,991.17,-6.88
2026-08-18T18:30Z,7191.92,43.05,5730.06,40.05,4495.59,-6.51,1330.31,-6.11,989.35,-6.9
2026-08-18T18:35Z,7224.86,42.8,5695.88,39.75,4445.49,-6.51,1336.3,-6.09,977.89,-6.86
2026-08-18T18:40Z,7237.04,42.8,5750.48,39.75,4468.37,-4.51,1333.73,-4.21,978.12,-4.77
2026-08-18T18:45Z,7268.44,42.8,5745.32,39.75,4489.9,-4.59,1325.91,-4.26,979.05,12.01
2026-08-18T18:50Z,7287.4,43.05,5797.44,40.08,4506.36,-4.59,1345.4,-4.21,983.99,13.12
2026-08-18T18:55Z,7315.67,43.05,5840.34,40.35,4558.78,-4.53,1351.04,-4.32,987.12,12.12
2026-08-18T19:00Z,7313.21,57.39,5893.76,54.18,4536.59,-4.48,1352.65,-4.24,985.96,-4.69
2026-08-18T19:05Z,7416.78,42.8,5851.19,39.87,4565.3,-0.1,1344.84,-0.09,983.87,-0.11
2026-08-18T19:10Z,7515.67,52.3,5861.92,48.72,4631.32,-0.1,1356.61,0.88,991.91,-0.11
2026-08-18T19:15Z,7609.55,64.05,6007.48,60.15,4638.39,-4.6,1323.11,-4.21,995.02,-4.85
2026-08-18T19:20Z,7632.22,42.89,5955.02,39.75,4689.5,-4.53,1332.94,-4.21,1012.11,0.12
2026-08-18T19:25Z,7710.02,59.02,6034.05,54.75,4746.92,-0.1,1332.01,-0.09,1017.83,2.12
2026-08-18T19:30Z,7737.94,60.22,6077.35,55.53,4807.62,-1.08,1330.77,-1.02,1028.36,2.12
2026-08-18T19:35Z,7832.11,59.39,6169.27,55.53,4863.77,10.45,1342.16,-1.04,1032.6,11.01
2026-08-18T19:40Z,7939.72,59.77,6168.41,55.53,4929.19,8.94,1353.95,-8.0,1042.93,22.27
2026-08-18T19:45Z,8022.39,65.5,6208.13,61.27,4988.68,10.2,1359.82,-7.01,1052.75,31.0
2026-08-18T19:50Z,8014.36,58.98,6208.86,55.53,5031.06,12.54,1356.92,-6.51,1060.0,13.05
2026-08-18T19:55Z,8133.71,57.39,6258.57,54.76,4929.85,10.5,1353.3,-4.21,1073.41,11.06
2026-08-18T20:00Z,8178.55,65.53,6341.56,62.73,5116.44,22.67,1350.36,-4.48,1066.13,23.58
2026-08-18T20:05Z,8320.76,64.05,6402.28,59.68,5171.52,12.43,1373.76,-4.26,1082.18,13.05
2026-08-18T20:10Z,8494.42,64.05,6486.28,57.86,5343.09,22.67,1377.5,-4.26,1097.01,23.72
2026-08-18T20:15Z,8633.92,64.05,6560.51,57.91,5414.65,22.98,1404.43,-5.62,1114.9,24.12
2026-08-18T20:20Z,8753.67,65.5,6562.35,62.7,5476.21,10.65,1405.37,-4.26,1123.59,31.03
2026-08-18T20:25Z,8843.09,64.05,6680.67,61.01,5536.39,10.65,1402.77,-4.26,1141.44,13.05
2026-08-18T20:30Z,8953.61,64.05,6743.54,59.9,5600.08,11.64,1412.33,-4.24,1153.37,20.28
2026-08-18T20:35Z,9030.5,64.05,6806.91,59.57,5672.9,10.5,1431.5,30.96,1168.74,30.36
2026-08-18T20:40Z,9142.58,64.95,6892.45,61.25,5784.76,10.5,1438.27,30.97,1187.69,30.83
2026-08-18T20:45Z,9275.08,65.5,6890.47,62.96,5891.32,8.94,1433.16,-4.21,1198.81,26.68
2026-08-18T20:50Z,9424.6,65.5,6879.82,62.55,5954.36,8.94,1470.67,-4.26,1208.38,26.56
2026-08-18T20:55Z,9423.88,65.5,6860.3,61.35,6021.99,22.67,1496.68,23.89,1219.7,27.96
2026-08-18T21:00Z,9527.99,65.5,6857.44,60.57,6113.28,10.5,1506.64,18.2,1218.72,30.81
2026-08-18T21:05Z,9575.13,65.5,6838.84,59.79,6151.02,10.5,1515.4,-4.24,1219.5,30.74
2026-08-18T21:10Z,9559.72,65.5,6897.34,59.45,6202.16,10.5,1542.7,-7.01,1232.87,30.8
2026-08-18T21:15Z,9649.41,65.02,6803.81,57.46,6294.99,10.5,1585.18,29.13,1248.42,30.78
2026-08-18T21:20Z,9668.51,84.79,6759.78,64.93,6423.81,10.65,1564.61,31.75,1268.66,38.48
2026-08-18T21:25Z,9650.18,65.51,6790.31,56.78,6475.46,22.67,1569.85,28.04,1274.23,38.12
2026-08-18T21:30Z,9624.01,64.89,6723.65,54.75,6482.82,10.5,1577.96,30.96,1281.88,32.69
2026-08-18T21:35Z,9567.76,65.79,6594.95,54.75,6506.14,9.08,1604.16,55.87,1274.13,32.01
2026-08-18T21:40Z,9431.06,67.09,6501.2,54.75,6560.49,-2.17,1641.86,49.02,1276.68,39.0
2026-08-18T21:45Z,9385.4,69.99,6326.02,40.9,6580.01,10.5,1644.97,80.95,1276.87,40.28
2026-08-18T21:50Z,9317.96,69.99,6175.78,40.26,6601.01,-35.7,1629.42,30.96,1274.18,20.16
2026-08-18T21:55Z,9221.66,40.0,6160.98,31.37,6680.43,18.81,1610.52,32.13,1279.94,26.9
2026-08-18T22:00Z,9121.66,42.54,6105.82,8.0,6633.14,-16.59,1590.6,12.6,1292.65,20.16
2026-08-18T22:05Z,9073.33,33.0,6059.26,25.75,6778.45,34.0,1587.98,32.92,1290.96,28.15
2026-08-18T22:10Z,9085.63,64.89,5963.55,31.0,6659.72,0.67,1573.09,42.88,1304.49,42.5
2026-08-18T22:15Z,8965.42,62.47,5834.94,6.85,6654.3,10.5,1547.33,30.96,1292.24,82.58
2026-08-18T22:20Z,8862.47,42.45,5733.8,0.76,6595.84,44.43,1549.83,40.21,1289.81,43.65
2026-08-18T22:25Z,8707.87,25.12,5672.73,21.08,6561.79,25.2,1512.73,11.57,1289.15,40.22
2026-08-18T22:30Z,8643.78,25.12,5578.04,6.85,6630.66,11.42,1508.48,-7.01,1281.0,20.07
2026-08-18T22:35Z,8546.72,13.3,5519.44,8.0,6605.31,13.04,1516.21,10.09,1266.94,13.2
2026-08-18T22:40Z,8431.55,22.29,5448.74,8.0,6601.47,21.46,1458.1,-2.24,1263.43,20.1
2026-08-18T22:45Z,8290.02,25.12,5316.62,2.8,6602.71,16.43,1432.26,2.55,1239.15,20.1
2026-08-18T22:50Z,8240.69,25.12,5286.08,2.8,6602.18,16.27,1383.76,-4.21,1243.6,20.1
2026-08-18T22:55Z,8082.52,25.12,5146.07,8.0,6607.28,24.73,1377.31,20.56,1234.06,20.16
2026-08-18T23:00Z,7973.19,23.53,5150.72,6.85,6618.49,22.93,1318.09,10.11,1225.5,20.12
2026-08-18T23:05Z,7876.61,25.12,5033.97,2.8,6634.58,25.44,1274.94,0.5,1220.98,20.16
2026-08-18T23:10Z,7857.65,25.12,5010.02,2.8,6586.57,24.99,1245.96,-4.24,1210.95,20.12
2026-08-18T23:15Z,7706.11,22.96,4976.62,2.8,6640.03,22.67,1230.3,-0.73,1198.45,20.12
2026-08-18T23:20Z,7610.75,25.12,4938.88,2.8,6607.98,24.39,1206.1,-4.24,1184.54,20.12
2026-08-18T23:25Z,7613.83,26.18,4921.55,0.13,6604.75,26.02,1193.95,-4.24,1174.35,20.12
2026-08-18T23:30Z,7456.53,23.99,4873.86,0.73,6613.76,23.63,1155.06,-4.24,1176.18,20.1
2026-08-18T23:35Z,7431.92,25.12,4840.24,2.8,6474.83,12.96,1116.62,-7.01,1174.74,18.35
2026-08-18T23:40Z,7287.9,23.76,4792.54,0.76,6681.75,22.67,1114.84,-4.21,1153.07,20.12
2026-08-18T23:45Z,7224.43,21.37,4706.71,2.79,6652.94,20.87,1104.85,-7.01,1153.8,20.12
2026-08-18T23:50Z,7213.18,21.3,4707.9,2.8,6634.27,20.79,1070.55,-11.68,1145.15,20.1
2026-08-18T23:55Z,7105.1,21.15,4699.53,2.8,6673.86,20.59,1082.88,-7.01,1152.45,20.1
2026-08-19T00:00Z,7044.07,13.3,4688.04,2.79,6661.02,13.2,1078.8,-8.0,1146.14,13.52
2026-08-19T00:05Z,6961.79,69.99,4770.31,2.8,6666.5,10.5,1078.15,-8.0,1144.32,29.44
2026-08-19T00:10Z,6836.98,43.05,4694.46,6.85,6719.21,17.09,1110.55,-8.0,1151.15,22.13
2026-08-19T00:15Z,6742.99,25.12,4641.21,2.79,6687.19,10.8,1096.65,-8.0,1143.83,17.25
2026-08-19T00:20Z,6738.84,34.34,4609.22,2.79,6680.53,10.5,1108.69,-8.0,1129.81,20.12
2026-08-19T00:25Z,6656.2,13.3,4592.28,2.79,6690.13,13.36,1095.67,-8.0,1128.36,13.68
2026-08-19T00:30Z,6605.44,12.96,4630.87,3.44,6666.34,13.11,1065.54,-7.52,1120.25,13.39
2026-08-19T00:35Z,6568.51,23.99,4616.67,0.0,6651.45,17.09,1021.69,-11.68,1112.93,20.03
2026-08-19T00:40Z,6454.41,20.34,4612.25,0.0,6663.67,20.41,1067.6,-8.0,1117.21,20.1
2026-08-19T00:45Z,6440.15,23.99,4555.36,0.0,6718.1,17.09,1052.95,-11.68,1086.54,19.73
2026-08-19T00:50Z,6377.75,12.8,4552.99,0.0,6671.62,12.82,1034.34,-20.0,1076.13,13.05
2026-08-19T00:55Z,6399.17,1.39,4517.24,1.2,6662.23,1.4,1057.84,-8.0,1042.72,1.43
2026-08-19T01:00Z,6404.95,9.27,4568.42,8.0,6640.38,9.29,1013.86,-14.99,1032.34,9.48
2026-08-19T01:05Z,6407.64,13.16,4467.31,0.0,6619.62,12.96,996.26,-14.99,1023.14,13.08
2026-08-19T01:10Z,6568.85,20.51,4526.83,0.76,6926.97,20.68,954.51,-14.99,1032.78,19.92
2026-08-19T01:15Z,6488.65,13.3,4578.65,11.4,6954.38,13.51,946.19,-14.99,1036.95,13.08
2026-08-19T01:20Z,6458.8,13.3,4446.81,11.53,6931.63,13.71,908.0,-14.99,1025.71,14.04
2026-08-19T01:25Z,6471.24,13.3,4511.41,8.0,6933.62,13.6,903.57,-20.0,1031.08,13.88
2026-08-19T01:30Z,6442.2,13.3,4388.62,2.8,6894.4,13.37,904.74,-20.0,1025.85,13.7
2026-08-19T01:35Z,6395.48,13.3,4381.64,2.79,6890.81,13.71,895.95,-20.0,1027.99,20.16
2026-08-19T01:40Z,6318.94,13.3,4375.72,11.44,6895.52,13.61,905.48,-20.0,1028.93,19.16
2026-08-19T01:45Z,6333.54,10.27,4378.96,8.0,6875.63,10.5,885.34,-20.0,1038.22,20.16
2026-08-19T01:50Z,6344.96,16.05,4235.49,2.79,6876.62,17.09,877.97,-20.0,1041.12,17.89
2026-08-19T01:55Z,6219.02,13.3,4309.56,2.79,6864.51,13.92,864.92,-45.0,1039.56,14.53
2026-08-19T02:00Z,6188.24,9.95,4326.28,2.79,6864.1,10.5,857.69,-58.88,1049.38,11.03
2026-08-19T02:05Z,6122.09,-1.55,4172.69,-1.31,6795.95,-1.67,842.91,-6.51,1054.15,-1.76
2026-08-19T02:10Z,6158.25,12.22,4174.59,0.0,6836.32,12.96,775.64,-8.0,1051.95,13.61
2026-08-19T02:15Z,5982.28,13.3,4150.87,2.79,6885.81,13.86,747.24,-100.09,1050.72,20.18
2026-08-19T02:20Z,5971.81,13.3,4115.03,2.8,6923.94,14.1,774.73,-7.52,1062.21,22.03
2026-08-19T02:25Z,6061.38,9.69,4145.85,0.0,6838.1,10.5,725.86,-58.88,1058.45,13.79
2026-08-19T02:30Z,5876.56,13.2,4131.88,0.0,6969.2,13.87,722.49,-84.99,1061.79,20.03
2026-08-19T02:35Z,5883.63,23.81,4068.56,2.63,6929.08,24.82,738.39,-84.6,1062.15,26.06
2026-08-19T02:40Z,5825.25,4.69,4158.19,0.0,6881.71,5.05,736.28,-100.09,1056.98,5.34
2026-08-19T02:45Z,5848.9,21.41,4124.11,1.77,6799.56,21.75,719.02,-100.09,1068.59,22.84
2026-08-19T02:50Z,5782.97,25.12,4144.29,0.76,6725.09,25.48,695.11,-101.02,1065.02,26.76
2026-08-19T02:55Z,5750.21,13.3,4154.09,-1.35,6560.63,13.03,688.68,-100.09,1066.83,14.44
2026-08-19T03:00Z,5804.76,13.3,4102.5,-1.57,6487.69,12.96,668.45,-101.02,1064.25,14.02
2026-08-19T03:05Z,5827.28,0.37,4078.32,0.0,6494.73,0.38,655.67,-101.02,1072.75,1.01
2026-08-19T03:10Z,5891.5,25.1,4029.43,0.0,6571.95,24.5,617.87,-8.0,1073.51,25.82
2026-08-19T03:15Z,5764.09,13.3,4108.28,0.0,6545.52,10.5,539.87,-198.0,1084.51,14.01
2026-08-19T03:20Z,5766.83,-2.3,4107.95,-1.98,6631.11,-2.42,602.82,-8.0,1088.08,0.14
2026-08-19T03:25Z,5901.33,13.3,4095.11,0.0,6614.49,13.6,539.54,-20.0,1088.91,14.98
2026-08-19T03:30Z,5852.18,13.2,4085.96,0.0,6496.92,13.37,534.55,-496.77,1087.18,14.13
2026-08-19T03:35Z,5939.28,13.3,3996.84,-1.31,6473.8,13.24,546.66,-8.0,1065.78,13.88
2026-08-19T03:40Z,5946.55,-2.99,4100.61,-3.51,6329.18,-2.99,497.12,-198.0,1067.45,-1.56
2026-08-19T03:45Z,6021.14,13.3,4127.15,-2.08,6334.39,12.71,560.93,-8.0,957.06,13.19
2026-08-19T03:50Z,5996.31,25.1,4131.65,0.0,6278.96,9.08,544.36,-188.0,952.08,16.24
2026-08-19T03:55Z,5952.5,13.3,4068.94,-1.5,6119.08,13.03,591.1,-8.0,991.05,13.62
2026-08-19T04:00Z,6020.46,13.3,4101.37,-4.09,5875.34,11.42,538.55,-188.0,1073.53,13.28
2026-08-19T04:05Z,6009.75,36.99,4155.2,-4.09,6137.19,35.87,585.65,-8.0,1088.68,37.84
2026-08-19T04:10Z,5990.81,23.99,4167.37,0.0,5801.71,-2.42,556.7,-101.02,1098.11,20.18
2026-08-19T04:15Z,6008.13,13.3,4172.31,0.0,5755.91,10.5,529.56,-8.0,1125.85,23.14
2026-08-19T04:20Z,5992.53,13.3,4225.41,0.0,5785.16,-2.42,519.6,-85.47,1125.08,20.18
2026-08-19T04:25Z,6078.28,13.3,4267.48,0.0,5768.53,12.02,514.18,-8.0,1133.96,16.82
2026-08-19T04:30Z,6117.53,13.3,4334.44,0.88,5770.03,-2.42,497.06,-101.02,1129.29,4.81
2026-08-19T04:35Z,6246.59,-2.53,4320.66,-4.09,5895.66,-2.42,514.55,-8.88,1137.28,0.28
2026-08-19T04:40Z,6370.1,-7.23,4457.12,-6.0,5734.9,-7.25,538.68,-8.0,1149.73,0.28
2026-08-19T04:45Z,6895.36,25.89,4597.98,0.88,5876.89,23.69,513.35,-15.46,1141.93,24.77
2026-08-19T04:50Z,6473.69,-1.53,4614.17,-1.31,5881.27,-1.44,534.32,-101.02,1139.75,-1.51
2026-08-19T04:55Z,6454.0,-6.79,4642.99,-5.82,5925.94,-6.6,569.26,-8.0,1140.06,-5.92
2026-08-19T05:00Z,6552.57,-5.78,4848.78,-5.0,5748.8,-5.3,541.83,-58.88,1128.84,-5.59
2026-08-19T05:05Z,6605.73,-6.74,4920.15,-6.11,5893.05,-6.2,571.3,-8.0,1130.94,-5.92
2026-08-19T05:10Z,6680.47,-4.05,4934.42,-3.51,5875.69,-8.0,562.98,-20.0,1115.25,-5.92
2026-08-19T05:15Z,6672.68,-5.52,4908.75,-5.0,5979.03,-5.0,612.35,-8.0,1119.32,-5.26
2026-08-19T05:20Z,6783.43,-2.37,5030.89,-2.15,5993.08,-2.2,582.91,-20.0,1131.1,13.08
2026-08-19T05:25Z,6857.74,-2.0,5084.9,-1.76,6006.23,-1.92,628.71,-18.88,1130.69,13.08
2026-08-19T05:30Z,7020.36,0.0,5180.72,0.0,6097.41,0.0,654.91,-8.0,1124.77,0.31
2026-08-19T05:35Z,7093.2,0.0,5331.84,0.0,6095.97,0.0,676.3,-101.02,1120.75,0.0
2026-08-19T05:40Z,7195.56,0.0,5424.62,0.0,6138.8,0.0,720.6,-20.0,1132.42,0.0
2026-08-19T05:45Z,7313.7,0.0,5499.36,0.0,6140.36,0.0,705.79,-101.02,1128.15,19.03
2026-08-19T05:50Z,7386.02,23.72,5578.2,22.23,6271.99,21.59,747.17,-100.09,1139.37,22.49
2026-08-19T05:55Z,7512.38,46.77,5702.63,43.31,6331.26,44.0,778.19,-58.88,1140.6,45.83
2026-08-19T06:00Z,7613.36,63.72,5830.8,57.65,6356.85,58.52,777.44,-20.0,1146.61,61.15
2026-08-19T06:05Z,7672.65,0.55,5912.4,0.5,6425.91,0.53,784.53,-101.02,1148.92,20.14
2026-08-19T06:10Z,7826.37,27.65,5993.65,24.99,6387.54,24.68,843.05,-20.0,1139.83,20.14
2026-08-19T06:15Z,7829.37,63.72,6141.08,59.57,6432.64,25.25,881.54,-15.46,1160.43,37.96
2026-08-19T06:20Z,7967.24,84.79,6220.06,80.34,6490.14,25.22,889.17,-20.0,1180.32,45.99
2026-08-19T06:25Z,7991.85,87.85,6363.29,83.93,6522.96,51.93,929.66,-20.0,1205.73,63.12
2026-08-19T06:30Z,8114.13,87.85,6465.76,83.51,6596.93,78.91,967.56,-20.0,1199.81,78.61
2026-08-19T06:35Z,8258.78,84.26,6556.48,76.7,6612.89,25.21,1012.05,-20.0,1213.97,20.12
2026-08-19T06:40Z,8349.12,69.99,6667.92,63.79,6652.15,25.22,1061.8,-15.46,1190.1,21.15
2026-08-19T06:45Z,8522.16,73.1,6717.04,68.82,6722.63,24.26,1115.0,-7.25,1205.41,40.22
2026-08-19T06:50Z,8669.36,75.36,6790.89,70.99,6763.7,25.22,1141.24,-1.1,1229.68,41.2
2026-08-19T06:55Z,8775.55,84.79,6884.49,78.45,6798.34,25.22,1169.72,51.64,1243.46,44.86
2026-08-19T07:00Z,8765.31,90.0,6941.93,83.34,6834.31,78.91,1195.95,80.37,1257.09,73.65
2026-08-19T07:05Z,8861.42,70.56,7067.64,68.88,6861.81,60.48,1234.78,0.0,1254.26,56.52
2026-08-19T07:10Z,9028.41,72.74,7073.21,70.99,6853.39,62.33,1329.84,55.87,1246.37,58.36
2026-08-19T07:15Z,9061.41,83.99,7128.44,80.99,6920.08,74.44,1416.39,69.69,1256.01,69.68
2026-08-19T07:20Z,9103.22,71.4,7153.59,71.12,6982.84,42.35,1467.33,104.66,1268.55,48.62
2026-08-19T07:25Z,9234.79,71.4,7259.0,71.68,7046.26,58.05,1446.78,67.44,1289.15,56.16
2026-08-19T07:30Z,9383.56,87.98,7313.55,88.88,7129.53,60.48,1493.79,87.44,1283.4,63.49
2026-08-19T07:35Z,9425.9,68.3,7344.36,72.5,7177.67,59.85,1533.25,101.02,1284.6,55.48
2026-08-19T07:40Z,9585.32,68.4,7442.35,70.99,7172.4,59.85,1515.55,87.44,1289.07,55.14
2026-08-19T07:45Z,9681.19,81.01,7444.96,81.49,7298.96,49.96,1575.34,101.02,1294.26,55.13
2026-08-19T07:50Z,9746.49,76.43,7480.49,78.41,7283.46,42.35,1565.27,80.08,1298.36,49.95
2026-08-19T07:55Z,9830.95,79.18,7543.16,78.73,7327.2,42.35,1621.6,84.66,1324.58,51.42
2026-08-19T08:00Z,9886.53,80.7,7561.35,79.73,7378.17,42.35,1642.36,105.08,1329.82,52.34
2026-08-19T08:05Z,9891.06,69.67,7604.62,72.5,7404.46,63.42,1676.56,68.02,1328.34,59.33
2026-08-19T08:10Z,9993.59,78.8,7625.5,78.41,7403.57,74.19,1729.36,80.08,1310.92,68.97
2026-08-19T08:15Z,9881.02,77.22,7644.04,78.38,7430.26,72.44,1762.36,80.0,1306.0,67.34
2026-08-19T08:20Z,9866.93,67.73,7652.74,69.69,7433.51,64.51,1778.44,72.82,1306.78,59.78
2026-08-19T08:25Z,10031.6,69.99,7665.26,70.99,7442.57,60.48,1806.37,71.95,1296.97,58.01
2026-08-19T08:30Z,10078.86,75.13,7731.2,75.84,7362.57,70.46,1823.27,80.08,1296.42,64.89
2026-08-19T08:35Z,10014.18,65.51,7722.09,68.74,7298.79,60.48,1840.37,70.58,1293.33,56.13
2026-08-19T08:40Z,9963.21,67.28,7714.11,69.69,7249.71,54.47,1836.48,80.0,1292.85,53.99
2026-08-19T08:45Z,10069.38,69.46,7693.93,70.99,7213.67,54.47,1856.42,84.51,1299.02,54.84
2026-08-19T08:50Z,10023.71,65.79,7672.05,67.64,7271.74,58.22,1864.64,87.44,1288.71,55.3
2026-08-19T08:55Z,9961.1,71.83,7648.26,69.69,7273.27,54.47,1857.99,80.08,1298.3,55.88
2026-08-19T09:00Z,9931.85,68.72,7601.39,68.82,7263.55,56.37,1837.67,80.08,1293.12,55.45
2026-08-19T09:05Z,9970.45,71.83,7593.32,70.99,7247.22,55.67,1847.66,80.08,1290.11,55.93
2026-08-19T09:10Z,9900.79,77.65,7632.12,76.3,7188.28,54.47,1855.9,87.44,1289.6,57.8
2026-08-19T09:15Z,9861.59,71.4,7536.15,70.99,7121.71,54.74,1835.37,68.87,1285.39,55.14
2026-08-19T09:20Z,9882.72,73.33,7517.07,71.68,7106.88,60.48,1845.17,73.99,1275.89,58.96
2026-08-19T09:25Z,9853.73,80.87,7457.61,76.3,7073.77,60.48,1843.11,80.08,1270.8,61.68
2026-08-19T09:30Z,9796.31,74.09,7412.24,71.68,7148.73,60.48,1824.19,80.08,1271.92,59.44
2026-08-19T09:35Z,9755.6,73.65,7385.95,71.68,7121.92,69.69,1811.17,80.08,1269.68,64.61
2026-08-19T09:40Z,9756.03,77.89,7393.05,76.3,6991.64,71.31,1809.22,87.44,1263.62,66.12
2026-08-19T09:45Z,9700.1,69.7,7430.78,69.64,7047.29,64.37,1815.71,87.44,1260.43,59.68
2026-08-19T09:50Z,9738.75,69.82,7401.16,67.53,7041.78,64.44,1811.61,73.82,1258.41,59.74
2026-08-19T09:55Z,9742.2,69.86,7386.06,68.43,6973.29,60.48,1807.84,71.78,1244.71,57.35
2026-08-19T10:00Z,9731.76,71.61,7367.21,69.69,6961.17,60.48,1789.35,101.02,1235.62,57.66
2026-08-19T10:05Z,9654.88,70.78,7305.73,68.82,6956.02,64.13,1753.9,73.33,1212.76,57.99
2026-08-19T10:10Z,9608.37,69.84,7277.59,68.33,6907.14,60.48,1769.35,69.13,1223.2,55.69
2026-08-19T10:15Z,9661.07,69.87,7340.37,68.84,6838.45,62.81,1767.54,72.88,1213.21,56.62
2026-08-19T10:20Z,9572.89,70.83,7282.31,68.84,6818.45,60.48,1768.72,101.02,1219.17,56.32
2026-08-19T10:25Z,9580.62,71.4,7214.2,68.35,6748.74,55.43,1731.66,68.13,1213.8,54.84
2026-08-19T10:30Z,9585.52,67.77,7146.59,64.93,6747.28,54.47,1733.11,62.31,1210.49,52.59
2026-08-19T10:35Z,9563.58,71.79,7211.27,68.82,6816.28,55.92,1729.38,67.78,1203.97,54.83
2026-08-19T10:40Z,9550.16,82.95,7264.61,77.57,6732.75,76.26,1732.69,88.43,1199.76,70.07
2026-08-19T10:45Z,9372.71,80.06,7327.99,78.38,6657.03,48.31,1731.66,87.44,1194.07,54.89
2026-08-19T10:50Z,9434.53,74.73,7231.65,71.68,6640.83,54.47,1733.33,87.44,1181.56,55.67
2026-08-19T10:55Z,9419.26,74.78,7183.19,71.68,6639.5,54.47,1727.24,87.44,1185.5,55.51
2026-08-19T11:00Z,9394.49,82.89,7149.22,78.41,6615.51,54.47,1724.67,87.44,1172.81,58.45
2026-08-19T11:05Z,9242.8,77.65,7117.96,72.5,6594.67,37.48,1699.6,87.44,1175.82,48.3
2026-08-19T11:10Z,9222.68,85.51,7185.39,78.41,6504.24,37.48,1681.43,87.44,1157.35,51.01
2026-08-19T11:15Z,9142.06,71.4,7142.71,68.82,6583.21,37.48,1684.62,87.44,1156.47,45.68
2026-08-19T11:20Z,9154.66,85.09,7091.51,78.41,6517.11,35.42,1677.41,87.44,1149.59,49.66
2026-08-19T11:25Z,9096.46,82.83,7155.24,78.38,6423.16,37.48,1665.1,87.44,1149.31,49.88
2026-08-19T11:30Z,9040.36,67.8,7087.88,64.93,6367.32,29.52,1655.92,98.18,1136.26,40.22
2026-08-19T11:35Z,9052.93,71.4,7027.51,67.02,6374.92,24.69,1637.4,101.02,1133.29,40.22
2026-08-19T11:40Z,9087.02,71.4,7056.05,68.79,6295.78,24.89,1623.33,80.0,1108.43,40.22
2026-08-19T11:45Z,8973.55,87.12,7046.34,78.73,6243.3,13.42,1634.37,87.44,1090.54,40.22
2026-08-19T11:50Z,8857.37,84.09,6977.79,78.41,6272.17,36.53,1642.03,104.66,1090.64,50.49
2026-08-19T11:55Z,8787.26,67.83,6924.99,64.93,6204.32,37.48,1589.84,87.44,1095.18,44.6
2026-08-19T12:00Z,8821.52,67.52,6898.95,64.93,6133.03,35.42,1596.48,87.44,1102.73,43.56
2026-08-19T12:05Z,8739.6,72.67,6719.07,68.84,6046.19,20.68,1587.67,87.44,1100.96,39.63
2026-08-19T12:10Z,8755.19,77.04,6703.68,72.5,5998.27,48.42,1575.3,87.44,1078.31,55.56
2026-08-19T12:15Z,8775.45,70.37,6710.6,68.82,5947.25,53.94,1555.47,67.44,1071.37,55.09
2026-08-19T12:20Z,8724.99,76.08,6690.62,72.5,5961.61,12.96,1559.66,87.44,1060.73,36.53
2026-08-19T12:25Z,8694.03,72.28,6638.83,68.84,5897.45,63.26,1546.61,80.0,1047.1,59.92
2026-08-19T12:30Z,8603.41,65.5,6571.75,62.32,5872.22,29.21,1542.45,67.44,1047.62,40.1
2026-08-19T12:35Z,8617.26,69.99,6553.24,66.57,5847.27,48.42,1538.14,80.0,1047.02,53.01
2026-08-19T12:40Z,8572.75,65.51,6537.17,61.12,5798.29,20.68,1512.09,67.44,1049.19,36.58
2026-08-19T12:45Z,8550.58,65.5,6457.44,59.9,5778.09,19.18,1494.15,67.44,1039.82,35.83
2026-08-19T12:50Z,8449.9,64.95,6391.43,59.35,5710.96,48.42,1486.08,67.44,1035.92,50.72
2026-08-19T12:55Z,8445.27,60.36,6305.08,54.75,5684.19,35.94,1480.53,51.09,1026.22,41.6
2026-08-19T13:00Z,8437.45,60.79,6360.16,55.53,5594.75,35.94,1470.33,50.93,1017.35,41.5
2026-08-19T13:05Z,8398.42,79.03,6238.66,70.73,5608.07,73.42,1478.13,101.0,1012.44,68.83
2026-08-19T13:10Z,8273.5,75.88,6275.73,68.82,5732.0,71.0,1431.84,80.53,1001.98,66.34
2026-08-19T13:15Z,8273.54,69.99,6241.39,63.45,5744.18,64.43,1427.99,73.02,984.39,60.2
2026-08-19T13:20Z,8278.55,69.99,6244.46,63.45,5733.03,63.84,1415.25,70.77,979.07,58.92
2026-08-19T13:25Z,8221.06,66.29,6182.02,59.4,5738.56,60.92,1407.74,67.44,989.85,56.04
2026-08-19T13:30Z,8171.83,65.51,6149.78,58.95,5700.1,60.76,1432.48,68.81,981.04,55.72
2026-08-19T13:35Z,8141.73,69.99,6198.81,63.41,5683.6,64.96,1437.0,74.53,970.29,59.57
2026-08-19T13:40Z,8113.77,68.32,6243.39,62.73,5557.52,61.93,1451.9,87.44,973.39,56.99
2026-08-19T13:45Z,8048.9,65.51,6161.6,59.32,5539.47,59.77,1425.37,80.0,972.35,55.0
2026-08-19T13:50Z,8029.7,61.48,6126.47,55.53,5561.26,55.67,1425.38,63.38,968.33,51.22
2026-08-19T13:55Z,7882.68,60.18,6122.68,55.53,5516.42,54.97,1418.6,62.4,973.28,50.75
2026-08-19T14:00Z,7919.35,47.99,6082.3,44.25,5441.33,43.43,1400.23,49.52,969.54,40.1
2026-08-19T14:05Z,8011.35,65.05,5978.71,58.03,5523.94,59.37,1406.22,67.39,965.25,55.15
2026-08-19T14:10Z,8048.34,69.99,6067.93,63.31,5511.88,63.87,1408.41,72.21,964.78,59.14
2026-08-19T14:15Z,8055.23,68.02,5931.32,60.65,5516.83,62.01,1386.22,69.46,959.42,57.07
2026-08-19T14:20Z,7968.04,65.51,5899.38,58.03,5466.6,59.85,1429.04,66.72,957.9,54.91
2026-08-19T14:25Z,7961.4,65.51,5876.67,58.38,5373.97,58.41,1430.0,64.64,958.51,53.43
2026-08-19T14:30Z,7956.92,67.77,5934.86,60.82,5336.91,60.8,1402.81,67.44,959.36,55.44
2026-08-19T14:35Z,7919.49,67.39,5882.58,60.06,5398.83,61.06,1418.33,67.44,954.24,56.2
2026-08-19T14:40Z,7975.27,69.99,5893.01,62.38,5345.45,62.88,1431.56,69.59,955.44,57.88
2026-08-19T14:45Z,7916.66,68.27,5885.7,61.23,5256.11,60.38,1447.48,67.44,958.39,55.59
2026-08-19T14:50Z,7936.44,65.51,5809.69,57.59,5224.9,57.9,1445.76,65.48,943.0,53.14
2026-08-19T14:55Z,7909.44,68.88,5819.62,60.55,5241.49,61.44,1463.43,68.42,945.27,56.39
2026-08-19T15:00Z,7883.39,65.51,5701.81,56.07,5220.49,58.84,1439.23,65.73,934.97,53.66
2026-08-19T15:05Z,7867.65,65.51,5740.21,56.46,5217.5,58.31,1448.72,66.27,930.11,52.17
2026-08-19T15:10Z,7820.4,65.51,5779.99,56.85,5167.52,58.31,1452.64,66.29,937.65,52.17
2026-08-19T15:15Z,7676.08,50.14,5707.63,43.75,5085.3,44.0,1439.58,50.27,937.0,40.22
2026-08-19T15:20Z,7612.92,64.89,5717.0,55.91,5079.96,57.92,1451.33,67.44,930.94,52.0
2026-08-19T15:25Z,7592.21,61.57,5689.11,54.75,5026.34,53.18,1424.83,67.44,940.51,48.05
2026-08-19T15:30Z,7496.98,49.55,5648.51,43.75,5071.2,43.48,1406.65,48.8,949.87,40.16
2026-08-19T15:35Z,7522.3,65.34,5639.17,55.89,5065.85,58.31,1439.34,66.41,933.17,52.85
2026-08-19T15:40Z,7460.13,65.51,5706.4,56.45,5051.56,58.01,1435.09,80.0,953.69,52.75
2026-08-19T15:45Z,7368.69,49.92,5727.51,43.85,4991.75,43.53,1434.09,67.44,958.33,40.22
2026-08-19T15:50Z,7428.49,64.81,5649.8,54.75,4943.2,57.32,1430.6,67.44,950.74,51.81
2026-08-19T15:55Z,7422.44,65.51,5612.8,56.39,4930.69,57.52,1430.83,65.58,951.89,51.99
2026-08-19T16:00Z,7339.64,62.43,5654.59,54.45,4921.42,35.94,1420.3,50.67,936.42,40.33
2026-08-19T16:05Z,7315.98,63.59,5640.83,54.75,4849.52,34.01,1447.04,67.44,950.31,40.22
2026-08-19T16:10Z,7276.91,60.21,5609.27,51.82,4848.23,35.94,1431.97,101.02,940.0,40.22
2026-08-19T16:15Z,7300.99,64.95,5616.82,55.91,4852.75,35.94,1394.23,80.0,931.04,41.43
2026-08-19T16:20Z,7231.39,63.18,5637.06,54.75,4901.56,45.91,1394.28,80.0,941.0,45.67
2026-08-19T16:25Z,7232.94,65.51,5616.11,55.68,4889.05,58.31,1396.18,80.0,938.92,53.04
2026-08-19T16:30Z,7189.52,50.14,5670.39,43.75,4847.01,43.79,1384.1,67.44,939.94,40.22
2026-08-19T16:35Z,7174.02,65.51,5614.39,55.68,4798.73,58.31,1374.77,67.44,932.84,53.22
2026-08-19T16:40Z,7159.33,66.05,5558.87,56.83,4875.57,58.31,1375.77,67.44,944.66,53.55
2026-08-19T16:45Z,7120.17,69.99,5622.73,60.26,4853.72,63.26,1365.62,71.59,944.52,57.91
2026-08-19T16:50Z,7058.73,52.06,5611.32,45.11,4768.39,45.91,1343.37,67.44,941.05,42.17
2026-08-19T16:55Z,7028.0,65.04,5612.07,55.63,4741.1,58.31,1330.19,67.44,938.96,53.56
2026-08-19T17:00Z,7024.99,65.16,5539.37,55.7,4755.75,58.31,1323.65,67.44,936.22,53.56
2026-08-19T17:05Z,6965.43,66.8,5608.68,57.87,4803.11,59.77,1303.02,67.44,940.73,54.9
2026-08-19T17:10Z,7013.1,66.17,5629.01,57.7,4793.08,58.31,1314.27,65.59,944.39,53.55
2026-08-19T17:15Z,6987.36,58.24,5573.4,50.75,4773.39,50.94,1316.26,56.88,960.18,46.94
2026-08-19T17:20Z,6946.18,65.51,5645.89,57.13,4800.4,58.31,1328.03,64.89,961.55,53.73
2026-08-19T17:25Z,6919.42,66.35,5615.87,57.48,4777.85,59.91,1315.31,66.4,971.17,55.04
2026-08-19T17:30Z,6959.04,65.51,5658.83,57.14,4791.57,58.17,1298.68,63.39,962.76,53.44
2026-08-19T17:35Z,6971.74,65.51,5622.3,56.78,4715.04,58.11,1292.83,63.82,953.55,53.22
2026-08-19T17:40Z,6964.83,65.51,5656.55,57.51,4731.42,58.31,1293.5,64.04,957.66,53.4
2026-08-19T17:45Z,6944.41,61.55,5644.01,54.37,4728.75,54.2,1298.01,60.01,958.26,49.48
2026-08-19T17:50Z,6940.79,58.31,5553.42,51.45,4781.44,50.94,1294.14,55.9,950.09,46.5
2026-08-19T17:55Z,6925.35,69.99,5630.52,61.81,4799.67,62.66,1314.27,70.49,965.36,57.56
2026-08-19T18:00Z,6922.14,65.51,5622.7,57.12,4808.92,59.06,1296.1,66.61,975.47,54.42
2026-08-19T18:05Z,6908.45,61.21,5705.56,54.45,4829.91,55.15,1282.9,60.01,984.48,50.5
2026-08-19T18:10Z,7008.45,65.51,5676.64,57.16,4865.64,59.45,1278.59,64.06,996.36,54.61
2026-08-19T18:15Z,7058.55,63.61,5711.74,55.53,4876.88,57.23,1265.66,61.37,998.15,52.57
2026-08-19T18:20Z,7045.7,62.32,5723.66,54.75,4801.52,56.04,1264.61,60.37,994.16,51.48
2026-08-19T18:25Z,7048.45,63.17,5761.48,55.53,4808.86,57.26,1265.03,61.44,983.17,52.6
2026-08-19T18:30Z,7051.89,64.95,5804.24,57.13,4880.07,58.9,1262.51,62.91,986.33,54.1
2026-08-19T18:35Z,7120.83,60.73,5770.39,53.73,4897.35,55.49,1258.38,59.71,988.53,50.65
2026-08-19T18:40Z,7070.98,59.57,5782.41,53.73,4907.15,54.06,1269.03,57.31,986.47,49.18
2026-08-19T18:45Z,7088.71,57.39,5767.27,51.43,4953.63,52.06,1258.43,54.84,994.89,47.66
2026-08-19T18:50Z,7179.68,59.58,5770.47,53.73,4945.97,53.62,1265.7,56.35,996.67,49.24
2026-08-19T18:55Z,7232.96,59.17,5816.65,53.73,4950.21,52.81,1259.58,55.24,1009.38,48.5
2026-08-19T19:00Z,7288.52,60.66,5842.47,54.75,4907.49,53.72,1278.57,56.05,1012.75,49.49
2026-08-19T19:05Z,7274.67,57.39,5896.41,52.83,4958.84,51.17,1272.68,53.0,1019.41,47.44
2026-08-19T19:10Z,7314.92,59.72,5977.84,54.75,5058.39,54.21,1281.05,56.06,1022.87,50.25
2026-08-19T19:15Z,7395.11,64.26,6049.94,58.89,5114.26,58.31,1281.25,60.23,1037.7,54.04
2026-08-19T19:20Z,7478.0,65.51,6056.41,58.9,5076.46,59.34,1265.28,61.0,1037.71,54.84
2026-08-19T19:25Z,7589.98,70.48,6115.85,62.73,5175.63,65.43,1269.09,67.44,1036.54,60.45
2026-08-19T19:30Z,7606.91,70.6,6131.03,62.73,5216.04,66.58,1289.91,68.65,1048.32,61.71
2026-08-19T19:35Z,7639.22,69.99,6206.52,62.73,5226.86,66.0,1285.84,68.02,1050.8,60.59
2026-08-19T19:40Z,7749.76,79.99,6299.01,71.68,5315.64,75.87,1305.95,78.2,1068.62,69.87
2026-08-19T19:45Z,7804.3,71.4,6327.58,63.83,5287.45,67.91,1313.97,69.77,1076.12,62.55
2026-08-19T19:50Z,7895.55,80.39,6293.96,71.58,5398.8,75.87,1305.49,78.14,1082.0,69.86
2026-08-19T19:55Z,8002.54,79.13,6385.86,71.88,5459.4,75.87,1302.75,76.86,1093.46,69.86
2026-08-19T20:00Z,8023.61,83.99,6384.17,75.33,5517.31,78.68,1316.32,80.0,1085.81,72.43
2026-08-19T20:05Z,8055.11,71.4,6537.11,64.98,5528.37,69.08,1331.32,71.44,1094.75,63.79
2026-08-19T20:10Z,8262.61,77.13,6545.14,69.31,5661.18,75.87,1350.19,79.07,1126.31,70.71
2026-08-19T20:15Z,8360.59,71.4,6623.12,64.93,5779.27,70.22,1349.22,87.44,1140.73,65.63
2026-08-19T20:20Z,8572.13,80.0,6634.6,71.68,5851.79,79.24,1356.61,80.0,1139.98,74.29
2026-08-19T20:25Z,8640.45,83.36,6759.5,74.15,5917.15,80.67,1380.83,80.53,1152.32,75.62
2026-08-19T20:30Z,8716.14,84.19,6848.09,76.41,5924.06,80.78,1380.02,80.0,1165.4,75.73
2026-08-19T20:35Z,8756.11,85.11,6896.78,76.3,5997.29,83.77,1403.4,85.99,1173.86,78.29
2026-08-19T20:40Z,8833.01,82.93,6925.73,76.3,6172.59,82.39,1412.23,84.38,1182.57,76.73
2026-08-19T20:45Z,8894.29,88.69,6915.76,78.52,6292.62,86.88,1438.86,87.72,1199.6,80.66
2026-08-19T20:50Z,8923.84,83.36,6955.5,74.31,6374.24,85.11,1448.35,88.17,1199.71,79.0
2026-08-19T20:55Z,9028.05,71.47,6947.65,64.93,6457.41,80.67,1477.94,87.44,1207.95,75.1
2026-08-19T21:00Z,9071.29,83.36,6926.87,72.41,6579.89,90.55,1490.87,93.06,1217.72,84.8
2026-08-19T21:05Z,9111.0,88.33,6948.56,76.27,6622.3,90.5,1507.44,93.3,1202.91,85.0
2026-08-19T21:10Z,9115.08,86.1,6954.19,72.5,6630.03,90.55,1529.16,93.52,1212.61,86.05
2026-08-19T21:15Z,9159.74,52.71,6962.05,47.0,6712.98,88.04,1546.83,91.05,1214.17,82.68
2026-08-19T21:20Z,9291.12,60.91,6865.87,48.22,6863.21,98.17,1567.87,101.02,1221.02,89.92
2026-08-19T21:25Z,9273.18,61.49,6771.0,48.22,6831.15,90.55,1572.33,95.27,1243.67,88.24
2026-08-19T21:30Z,9134.24,66.52,6839.63,53.73,7002.3,121.35,1585.79,120.3,1233.86,101.24
2026-08-19T21:35Z,9196.22,77.91,6667.49,62.73,6936.9,122.26,1584.64,120.3,1250.23,114.08
2026-08-19T21:40Z,9210.14,66.52,6605.3,47.0,6957.96,98.47,1601.69,101.02,1284.02,93.59
2026-08-19T21:45Z,9203.02,71.4,6562.42,30.4,7014.59,111.11,1653.7,111.08,1288.83,105.41
2026-08-19T21:50Z,9046.62,65.88,6453.84,30.4,7013.89,115.44,1651.75,116.84,1302.03,109.96
2026-08-19T21:55Z,9070.21,69.99,6392.83,30.4,7040.15,112.44,1629.61,114.89,1282.26,107.1
2026-08-19T22:00Z,8989.02,69.99,6351.12,30.36,6940.98,111.03,1615.71,110.87,1272.41,103.6
2026-08-19T22:05Z,8826.25,64.89,6349.98,30.4,6952.51,119.4,1606.54,120.56,1266.49,111.07
2026-08-19T22:10Z,8872.47,71.4,6290.95,30.36,7011.52,129.06,1614.29,128.27,1250.12,119.3
2026-08-19T22:15Z,8756.55,66.53,6290.96,30.36,6896.07,132.95,1602.83,155.9,1245.08,122.15
2026-08-19T22:20Z,8678.77,46.65,6204.82,24.12,6954.73,133.01,1544.47,135.15,1224.17,121.42
2026-08-19T22:25Z,8673.05,66.53,6119.46,30.36,6872.13,112.98,1553.71,155.9,1223.2,102.83
2026-08-19T22:30Z,8550.33,64.89,6059.29,30.36,6916.47,102.24,1530.29,102.39,1205.14,88.24
2026-08-19T22:35Z,8452.27,28.01,6000.68,13.69,6886.46,124.19,1547.38,120.3,1197.38,100.24
2026-08-19T22:40Z,8407.08,31.79,5969.68,27.38,6828.09,144.0,1499.94,141.37,1189.81,132.3
2026-08-19T22:45Z,8260.45,28.01,5894.17,24.25,6761.11,144.0,1455.69,140.04,1186.47,132.32
2026-08-19T22:50Z,8278.5,28.01,5800.19,13.69,6680.32,144.0,1391.2,139.07,1173.98,132.74
2026-08-19T22:55Z,8147.31,52.21,5793.08,13.27,6698.72,109.43,1392.0,107.78,1187.94,100.56
2026-08-19T23:00Z,8069.57,23.99,5584.03,6.83,6715.87,121.39,1371.68,120.73,1160.49,110.83
2026-08-19T23:05Z,8040.0,23.99,5557.66,6.85,6655.24,349.9,1340.21,331.58,1160.94,320.24
2026-08-19T23:10Z,7943.02,23.95,5468.99,13.69,6639.92,406.01,1267.18,375.0,1148.36,374.26
2026-08-19T23:15Z,7882.39,52.21,5479.58,24.12,6619.56,292.75,1184.25,273.0,1138.85,267.34
2026-08-19T23:20Z,7874.9,42.08,5316.54,0.73,6671.55,301.55,1158.7,279.54,1126.07,274.48
2026-08-19T23:25Z,7827.6,23.95,5238.76,0.01,6627.83,301.55,1143.05,281.71,1127.29,100.24
2026-08-19T23:30Z,7789.18,23.99,5219.02,6.83,6641.24,292.75,1115.88,265.23,1128.37,266.48
2026-08-19T23:35Z,7770.01,52.21,5190.93,10.0,6609.66,301.55,1108.7,275.61,1125.2,277.1
2026-08-19T23:40Z,7725.94,23.99,5121.55,6.82,6503.48,292.75,1053.98,265.82,1126.68,269.06
2026-08-19T23:45Z,7667.48,46.65,5080.02,2.55,6448.22,301.55,1035.27,280.06,1122.76,277.18
2026-08-19T23:50Z,7696.19,61.02,4960.59,-1.31,6406.39,168.59,984.31,156.09,1121.4,155.95
2026-08-19T23:55Z,7617.62,42.08,4926.23,13.27,6387.44,156.56,982.89,146.19,1112.96,144.81
2026-08-20T00:00Z,7570.51,46.65,4974.8,13.27,6323.29,81.65,945.49,75.16,1112.79,76.47
2026-08-20T00:05Z,7456.83,74.85,4871.91,3.95,6312.25,78.42,939.01,73.16,1103.21,73.67
2026-08-20T00:10Z,7300.95,66.52,4863.08,5.25,6350.77,85.45,914.25,80.0,1096.72,80.27
2026-08-20T00:15Z,7173.52,42.2,4851.01,-1.31,6237.32,78.42,877.64,72.66,1089.73,73.68
2026-08-20T00:20Z,7205.35,40.92,4696.88,0.04,6088.51,42.38,885.97,40.81,1092.8,40.22
2026-08-20T00:25Z,7090.24,42.2,4747.57,0.04,6042.92,43.0,880.81,40.25,1086.65,40.41
2026-08-20T00:30Z,7063.56,41.76,4647.29,0.04,6017.99,42.17,869.83,39.76,1087.43,40.22
2026-08-20T00:35Z,7057.23,56.9,4602.21,0.04,5966.57,58.31,830.21,55.12,1080.82,88.16
2026-08-20T00:40Z,6944.7,38.21,4631.19,0.04,5931.01,40.86,863.55,40.52,1059.82,40.06
2026-08-20T00:45Z,6906.81,39.25,4509.29,-1.31,5846.37,41.22,859.67,42.69,1045.16,40.29
2026-08-20T00:50Z,6812.58,52.55,4513.92,-1.31,5853.9,53.4,849.38,52.0,1032.39,52.2
2026-08-20T00:55Z,6810.65,25.14,4567.95,0.73,5820.8,25.12,825.62,24.12,1037.36,25.06
2026-08-20T01:00Z,6872.12,23.95,4569.17,0.98,5796.16,23.86,810.33,22.81,1034.78,20.34
2026-08-20T01:05Z,6775.34,28.95,4602.56,3.41,5695.37,28.42,807.63,28.94,1038.51,88.24
2026-08-20T01:10Z,6940.85,69.99,4700.19,0.73,5860.23,68.55,781.56,68.51,1046.61,70.98
2026-08-20T01:15Z,6835.66,46.65,4741.9,-1.31,5884.09,44.11,712.03,43.44,1061.88,45.97
2026-08-20T01:20Z,6673.09,22.12,4697.18,-3.51,5837.23,21.75,676.74,20.61,1061.83,22.67
2026-08-20T01:25Z,6795.6,17.84,4755.59,0.0,5777.47,17.09,662.91,16.12,1058.13,17.81
2026-08-20T01:30Z,6784.06,17.83,4752.19,-1.31,5699.98,17.09,655.25,16.29,1047.21,17.76
2026-08-20T01:35Z,6819.89,24.23,4700.6,-4.09,5597.13,23.18,631.1,22.43,1035.53,25.1
2026-08-20T01:40Z,6782.66,27.52,4735.77,0.0,5613.48,24.91,635.56,23.42,1024.84,25.97
2026-08-20T01:45Z,6780.95,25.99,4766.55,-1.31,5587.42,23.86,616.53,22.39,1021.0,25.1
2026-08-20T01:50Z,6716.1,26.5,4832.43,-1.31,5550.88,23.93,604.56,22.63,1030.85,25.1
2026-08-20T01:55Z,6789.85,18.65,4853.62,-1.43,5495.4,17.09,599.52,14.3,1038.29,18.72
2026-08-20T02:00Z,6823.83,13.3,4802.13,0.0,5431.88,11.89,553.86,10.86,1041.77,13.27
2026-08-20T02:05Z,6931.89,41.43,4751.9,-3.51,5430.45,19.18,537.7,23.42,1039.12,25.52
2026-08-20T02:10Z,6851.5,73.15,4828.29,-3.51,5384.46,19.18,498.69,20.69,1043.86,24.22
2026-08-20T02:15Z,6717.55,69.99,4799.86,-3.51,5248.76,17.09,485.19,11.28,1042.68,18.71
2026-08-20T02:20Z,6779.91,66.53,4789.73,0.04,5321.51,13.08,464.12,11.36,1027.78,14.56
2026-08-20T02:25Z,6857.41,23.95,4638.63,0.04,5319.16,13.21,458.26,11.44,1021.32,14.27
2026-08-20T02:30Z,6857.62,23.95,4578.05,0.04,5273.5,13.19,444.09,10.73,1012.73,13.88
2026-08-20T02:35Z,6793.97,19.26,4548.24,-1.54,5229.92,17.09,431.27,11.3,1021.74,18.76
2026-08-20T02:40Z,6800.41,20.04,4612.64,-3.73,5173.86,17.09,419.67,11.24,1029.09,18.77
2026-08-20T02:45Z,6784.15,51.18,4621.89,-1.31,5186.32,20.68,415.0,14.19,1025.64,25.1
2026-08-20T02:50Z,6687.59,66.53,4557.82,-1.31,5042.38,17.09,422.47,11.01,1019.61,18.71
2026-08-20T02:55Z,6626.08,23.95,4540.04,-1.31,5106.77,20.58,397.34,11.21,1010.73,22.34
2026-08-20T03:00Z,6718.49,27.88,4490.13,-4.09,4992.97,10.65,391.72,8.96,990.88,11.25
2026-08-20T03:05Z,6782.88,23.3,4505.92,-3.73,5021.41,19.82,403.18,14.19,1002.62,21.61
2026-08-20T03:10Z,6831.15,23.95,4520.07,0.04,5052.28,20.35,382.32,14.19,927.21,21.3
2026-08-20T03:15Z,6870.43,34.96,4492.26,-4.09,5049.46,24.22,372.62,10.96,931.87,25.1
2026-08-20T03:20Z,6819.51,65.89,4554.8,-3.51,4994.1,0.0,363.53,-0.38,917.42,0.0
2026-08-20T03:25Z,6865.0,13.3,4603.11,-3.51,4963.85,11.47,377.72,-1.1,919.99,11.97
2026-08-20T03:30Z,6956.99,28.95,4647.31,0.0,4952.88,17.09,395.05,-1.1,907.96,17.83
2026-08-20T03:35Z,6973.18,69.99,4647.69,13.27,4974.3,20.88,410.02,7.03,911.67,21.57
2026-08-20T03:40Z,6901.76,42.8,4732.33,13.26,4950.07,19.18,431.07,11.01,944.69,19.88
2026-08-20T03:45Z,6849.7,29.4,4732.31,-2.15,4817.48,24.42,412.95,10.98,984.98,25.4
2026-08-20T03:50Z,6985.78,27.88,4776.2,-4.97,4762.48,21.05,428.39,11.32,998.09,22.8
2026-08-20T03:55Z,7005.0,52.21,4688.54,-4.97,4883.54,27.95,410.14,6.39,991.91,34.56
2026-08-20T04:00Z,6970.51,19.74,4805.25,-3.0,4911.03,16.96,479.75,9.0,995.02,17.86
2026-08-20T04:05Z,7090.23,20.36,4836.97,0.0,4828.54,17.09,506.46,14.19,991.42,18.71
2026-08-20T04:10Z,7015.9,28.76,4912.0,24.31,4818.86,24.05,587.78,22.12,983.81,25.1
2026-08-20T04:15Z,7086.23,42.8,4934.72,37.1,4703.08,18.24,675.1,23.42,972.61,25.12
2026-08-20T04:20Z,7128.28,28.86,4959.9,24.55,4725.16,24.3,752.01,23.42,960.88,25.12
2026-08-20T04:25Z,7148.95,25.13,4927.64,21.77,4760.07,21.75,835.77,22.36,972.29,23.05
2026-08-20T04:30Z,7144.61,52.21,4853.21,45.2,4831.27,20.67,918.27,30.96,974.2,29.49
2026-08-20T04:35Z,7130.33,52.21,4913.99,44.67,4909.12,24.42,945.88,32.87,982.97,32.12
2026-08-20T04:40Z,7130.22,52.21,4970.16,44.71,4910.5,24.42,955.7,32.07,981.64,32.05
2026-08-20T04:45Z,7186.23,42.08,5007.61,36.75,5024.94,27.62,961.43,30.7,965.73,30.91
2026-08-20T04:50Z,7288.32,42.08,5073.53,36.66,5089.27,34.01,999.85,34.46,954.39,35.36
2026-08-20T04:55Z,7175.15,38.26,5113.49,31.92,5182.1,34.0,988.92,32.49,973.37,34.68
2026-08-20T05:00Z,7068.5,47.68,5186.56,31.01,5291.61,41.22,1041.35,40.57,979.52,42.04
2026-08-20T05:05Z,7107.26,42.08,5127.71,34.9,5269.23,34.01,1025.05,34.33,1002.72,35.41
2026-08-20T05:10Z,7238.86,42.08,5251.57,35.84,5382.02,34.01,1042.77,33.58,1004.2,35.32
2026-08-20T05:15Z,7318.0,61.02,5319.97,51.67,5494.71,34.01,1054.68,43.98,1019.22,40.77
2026-08-20T05:20Z,7266.31,52.21,5422.55,43.98,5562.48,34.01,1092.93,43.21,1028.7,37.13
2026-08-20T05:25Z,7429.9,41.88,5526.61,34.66,5624.03,36.31,1108.69,37.42,1049.96,35.97
2026-08-20T05:30Z,7486.97,47.39,5592.16,40.27,5714.41,41.22,1160.28,48.93,1051.14,40.48
2026-08-20T05:35Z,7542.54,52.21,5727.57,44.71,5753.0,45.44,1181.87,53.0,1058.62,33.02
2026-08-20T05:40Z,7595.23,60.11,5838.71,52.54,5831.9,51.42,1184.12,53.0,1066.59,45.83
2026-08-20T05:45Z,7639.15,47.69,5933.08,41.33,5872.74,41.22,1199.38,53.0,1063.3,25.06
2026-08-20T05:50Z,7614.51,28.6,6030.01,25.22,5948.07,25.56,1221.51,53.0,1074.9,25.06
2026-08-20T05:55Z,7844.58,42.54,6072.82,38.26,6084.98,37.22,1280.58,87.5,1073.35,35.84
2026-08-20T06:00Z,7915.22,50.19,6166.66,45.76,6155.9,34.01,1274.75,87.44,1087.8,38.7
2026-08-20T06:05Z,8037.84,42.47,6221.63,39.75,6206.3,37.73,1279.7,87.44,1091.31,36.21
2026-08-20T06:10Z,8082.2,52.21,6336.58,49.56,6184.65,41.2,1282.71,87.44,1087.07,40.37
2026-08-20T06:15Z,8161.09,56.22,6382.06,53.73,6265.83,41.22,1312.14,87.44,1109.37,42.43
2026-08-20T06:20Z,8299.17,86.67,6435.41,81.82,6241.64,41.22,1332.19,88.06,1116.12,54.95
2026-08-20T06:25Z,8356.35,83.13,6507.98,78.54,6278.25,12.5,1349.94,88.06,1122.82,40.22
2026-08-20T06:30Z,8348.66,79.07,6666.36,72.5,6243.15,10.65,1391.97,104.71,1122.74,38.36
2026-08-20T06:35Z,8452.51,65.51,6697.46,61.65,6299.5,13.1,1383.68,87.44,1129.2,31.94
2026-08-20T06:40Z,8603.7,81.01,6780.64,76.79,6450.4,10.5,1429.69,88.06,1131.62,37.47
2026-08-20T06:45Z,8595.45,85.65,6880.22,81.82,6532.87,10.65,1457.52,107.78,1143.12,39.02
2026-08-20T06:50Z,8595.88,83.9,6986.39,78.73,6482.0,12.5,1472.74,107.78,1149.18,39.47
2026-08-20T06:55Z,8745.57,90.0,7041.59,82.91,6506.03,42.41,1467.73,74.05,1154.18,56.15
2026-08-20T07:00Z,8742.73,84.09,7101.28,78.54,6584.51,61.51,1514.4,107.78,1155.1,64.07
2026-08-20T07:05Z,8822.66,74.27,7163.06,71.68,6680.91,53.66,1495.42,84.51,1168.36,55.63
2026-08-20T07:10Z,8954.23,83.36,7121.52,78.38,6667.53,61.51,1546.67,107.78,1180.71,63.08
2026-08-20T07:15Z,8952.01,83.36,7146.77,80.45,6691.46,75.43,1541.38,87.44,1194.56,70.62
2026-08-20T07:20Z,9007.36,83.36,7150.86,79.93,6796.55,76.84,1598.48,101.02,1205.48,71.05
2026-08-20T07:25Z,9078.33,83.36,7246.27,79.5,6832.77,77.59,1637.8,130.0,1227.44,71.96
2026-08-20T07:30Z,9193.87,83.36,7263.64,78.54,6817.06,78.14,1633.04,101.02,1240.36,72.93
2026-08-20T07:35Z,9239.25,83.36,7388.89,79.63,6934.04,75.48,1690.99,101.04,1254.17,70.22
2026-08-20T07:40Z,9425.82,83.36,7437.14,79.73,6989.68,73.64,1707.12,101.04,1268.57,68.49
2026-08-20T07:45Z,9498.66,83.36,7493.29,79.73,7026.14,74.37,1747.14,107.78,1276.51,69.17
2026-08-20T07:50Z,9547.34,83.36,7528.92,79.24,7007.89,74.4,1759.54,101.14,1284.11,69.41
2026-08-20T07:55Z,9640.1,97.55,7569.91,91.02,7085.54,85.08,1771.46,92.57,1292.79,79.62
2026-08-20T08:00Z,9634.63,89.62,7603.09,84.2,7167.94,77.78,1814.03,87.44,1300.27,73.22
2026-08-20T08:05Z,9668.99,83.36,7700.68,79.41,7123.41,55.67,1814.6,84.51,1302.76,59.45
2026-08-20T08:10Z,9582.42,81.81,7657.16,78.41,7255.42,48.5,1852.33,87.44,1301.06,56.11
2026-08-20T08:15Z,9615.3,78.59,7662.16,76.3,7225.87,43.48,1869.97,101.02,1300.59,52.14
2026-08-20T08:20Z,9602.32,83.36,7709.5,79.95,7322.59,43.48,1871.41,101.02,1301.63,54.58
2026-08-20T08:25Z,9669.65,83.36,7698.02,78.51,7301.82,61.51,1891.14,84.51,1304.89,63.88
2026-08-20T08:30Z,9764.84,83.36,7644.58,78.51,7348.17,70.43,1892.9,84.51,1308.62,68.69
2026-08-20T08:35Z,9762.48,80.77,7663.2,78.41,7361.73,62.46,1880.27,87.44,1307.31,62.43
2026-08-20T08:40Z,9611.97,77.03,7722.78,76.3,7313.31,66.78,1890.09,101.02,1304.68,63.05
2026-08-20T08:45Z,9704.63,83.36,7659.47,78.51,7353.08,75.09,1885.0,85.98,1303.87,70.89
2026-08-20T08:50Z,9680.88,83.36,7644.11,78.41,7279.45,75.48,1903.58,86.53,1300.72,71.05
2026-08-20T08:55Z,9654.84,83.36,7581.51,77.2,7225.93,75.65,1888.85,87.44,1296.36,71.22
2026-08-20T09:00Z,9597.46,83.36,7618.1,77.37,7230.65,77.5,1886.53,88.18,1300.13,73.18
2026-08-20T09:05Z,9521.12,83.36,7645.38,76.4,7263.67,78.82,1910.84,92.0,1298.91,74.43
2026-08-20T09:10Z,9457.25,83.36,7588.36,77.35,7324.92,80.19,1913.27,90.9,1291.67,75.71
2026-08-20T09:15Z,9473.86,81.44,7506.57,75.0,7279.35,78.19,1878.57,87.44,1293.36,73.83
2026-08-20T09:20Z,9500.18,83.36,7478.34,76.25,7202.65,80.63,1879.49,89.9,1288.82,75.91
2026-08-20T09:25Z,9444.79,77.25,7443.43,71.07,7153.34,75.87,1868.19,87.04,1286.95,71.65
2026-08-20T09:30Z,9506.17,78.82,7427.35,72.5,7037.63,75.87,1863.28,87.44,1284.05,71.66
2026-08-20T09:35Z,9385.18,73.62,7492.83,70.41,7170.78,75.93,1866.52,87.44,1285.72,71.7
2026-08-20T09:40Z,9400.21,88.28,7429.69,81.19,7192.89,88.04,1842.8,99.19,1282.86,83.68
2026-08-20T09:45Z,9313.72,84.58,7409.85,76.3,7122.18,85.64,1818.67,95.99,1279.72,81.7
2026-08-20T09:50Z,9304.49,90.45,7356.76,79.5,7155.12,90.88,1821.68,101.02,1286.56,87.29
2026-08-20T09:55Z,9286.46,93.36,7324.29,81.53,7130.81,93.72,1807.73,102.07,1284.9,88.24
2026-08-20T10:00Z,9229.92,89.67,7385.7,80.38,7110.74,90.55,1800.17,99.33,1273.69,86.66
2026-08-20T10:05Z,9259.29,79.56,7286.34,71.68,7103.72,80.67,1808.26,87.56,1269.93,77.33
2026-08-20T10:10Z,9223.65,82.01,7311.46,72.5,7010.22,83.01,1819.63,92.38,1270.37,79.28
2026-08-20T10:15Z,9322.7,96.07,7284.37,82.79,7096.93,92.71,1835.3,101.14,1268.45,87.56
2026-08-20T10:20Z,9209.3,93.13,7252.3,79.73,7049.88,90.5,1814.33,101.02,1260.14,85.22
2026-08-20T10:25Z,9173.71,96.92,7159.28,81.32,6973.89,91.18,1813.06,101.02,1257.08,86.13
2026-08-20T10:30Z,9225.39,97.2,7195.35,81.58,7024.78,92.1,1807.74,101.02,1262.41,87.9
2026-08-20T10:35Z,9219.0,97.55,7176.46,81.34,6978.39,90.55,1800.01,100.47,1258.14,86.43
2026-08-20T10:40Z,9161.35,94.27,7292.47,79.73,6985.74,87.86,1787.95,95.93,1261.63,83.86
2026-08-20T10:45Z,9114.06,80.93,7260.93,71.08,7016.42,76.61,1769.06,84.53,1255.65,73.21
2026-08-20T10:50Z,9104.93,79.7,7288.73,70.01,6935.86,75.48,1771.47,83.45,1251.91,71.3
2026-08-20T10:55Z,9132.92,95.65,7289.74,79.73,6871.4,90.5,1764.34,99.29,1251.6,85.49
2026-08-20T11:00Z,9038.08,95.76,7186.82,80.28,6909.13,90.55,1751.72,98.01,1239.21,85.53
2026-08-20T11:05Z,8987.08,96.88,7156.99,81.82,6854.59,91.61,1759.71,98.85,1242.89,87.45
2026-08-20T11:10Z,9023.8,97.63,7167.33,84.04,6815.92,92.44,1750.55,100.13,1246.09,88.24
2026-08-20T11:15Z,8916.66,97.55,7043.03,84.37,6742.12,92.82,1721.65,99.42,1235.3,87.16
2026-08-20T11:20Z,8868.69,97.55,7016.88,82.74,6736.8,94.54,1724.3,101.02,1237.64,88.24
2026-08-20T11:25Z,8795.29,92.2,7045.74,80.25,6681.39,90.5,1703.95,96.77,1224.82,84.74
2026-08-20T11:30Z,8763.74,85.95,7094.25,76.3,6615.6,82.98,1694.89,88.09,1219.28,77.71
2026-08-20T11:35Z,8703.23,93.08,7032.96,81.0,6549.97,90.5,1679.15,96.94,1213.94,84.5
2026-08-20T11:40Z,8656.09,93.76,6963.21,83.1,6619.73,90.5,1681.57,97.14,1204.31,84.48
2026-08-20T11:45Z,8611.47,85.68,6987.16,78.41,6579.71,82.13,1664.2,87.44,1201.71,76.68
2026-08-20T11:50Z,8588.75,84.79,6908.43,77.51,6448.98,80.38,1643.15,86.28,1201.04,75.06
2026-08-20T11:55Z,8515.79,83.51,6868.94,76.3,6471.31,79.2,1635.54,84.98,1190.36,73.72
2026-08-20T12:00Z,8455.08,83.36,6869.91,76.3,6423.0,79.01,1624.35,85.73,1177.42,73.31
2026-08-20T12:05Z,8469.93,92.74,6761.31,83.09,6375.4,91.42,1627.78,97.29,1170.53,84.58
2026-08-20T12:10Z,8414.36,83.36,6767.36,76.3,6298.24,82.12,1617.62,88.13,1173.58,75.99
2026-08-20T12:15Z,8524.63,83.36,6745.32,76.53,6224.65,80.62,1593.43,86.36,1159.73,74.14
2026-08-20T12:20Z,8526.39,83.36,6712.55,76.3,6264.26,79.94,1582.53,85.24,1148.93,73.51
2026-08-20T12:25Z,8468.39,87.87,6656.52,78.73,6134.8,82.86,1569.08,87.44,1144.58,75.97
2026-08-20T12:30Z,8378.49,80.52,6623.41,72.5,6142.65,75.87,1542.18,80.55,1138.64,69.78
2026-08-20T12:35Z,8307.47,79.16,6548.07,72.5,6009.6,73.34,1538.78,78.56,1133.64,67.46
2026-08-20T12:40Z,8333.43,70.76,6506.84,64.77,6050.98,65.0,1520.99,68.67,1126.7,59.79
2026-08-20T12:45Z,8272.21,71.05,6448.29,64.57,5989.13,64.76,1520.74,67.44,1121.3,59.57
2026-08-20T12:50Z,8258.81,68.19,6398.85,62.73,5967.32,61.64,1510.05,63.91,1120.0,56.7
2026-08-20T12:55Z,8189.84,63.22,6399.91,58.16,5858.81,56.67,1505.14,60.01,1113.49,51.98
2026-08-20T13:00Z,8199.81,67.75,6342.12,61.5,5851.79,61.69,1506.08,65.84,1106.63,56.41
2026-08-20T13:05Z,8183.23,72.56,6288.36,66.25,5929.24,65.0,1482.37,68.47,1097.26,60.17
2026-08-20T13:10Z,8156.3,71.49,6260.71,64.42,5973.7,65.0,1457.73,68.22,1092.33,59.98
2026-08-20T13:15Z,8041.14,69.86,6238.03,62.95,6021.71,64.56,1451.22,67.44,1086.55,59.2
2026-08-20T13:20Z,8007.98,69.46,6249.57,62.99,6014.23,64.14,1435.51,67.44,1085.13,58.81
2026-08-20T13:25Z,7940.68,64.95,6165.27,58.84,5989.37,60.03,1454.27,64.2,1084.1,54.7
2026-08-20T13:30Z,7944.66,61.02,6197.16,55.65,5968.57,56.86,1463.04,61.57,1084.64,41.22
2026-08-20T13:35Z,7928.96,64.95,6205.99,59.25,5856.09,60.73,1475.89,66.65,1074.46,42.22
2026-08-20T13:40Z,7888.51,64.95,6179.61,58.85,5821.49,60.54,1484.12,67.06,1069.64,55.01
2026-08-20T13:45Z,7835.98,59.26,6198.58,54.75,5850.68,55.21,1458.62,60.34,1073.6,50.48
2026-08-20T13:50Z,7786.57,48.63,6108.75,45.45,5780.74,44.94,1460.07,49.16,1074.98,41.22
2026-08-20T13:55Z,7758.06,58.63,6043.71,54.75,5744.36,54.17,1453.28,60.73,1069.44,49.38
2026-08-20T14:00Z,7744.98,59.76,6041.87,55.1,5705.36,55.67,1447.51,63.23,1068.45,50.91
2026-08-20T14:05Z,7763.51,69.18,5980.07,62.53,5690.27,65.0,1450.89,71.54,1064.28,60.19
2026-08-20T14:10Z,7790.73,69.35,6044.08,62.73,5727.97,64.09,1463.53,70.47,1068.48,59.35
2026-08-20T14:15Z,7807.04,68.97,5972.92,62.73,5609.11,62.65,1448.15,68.93,1059.63,57.84
2026-08-20T14:20Z,7745.39,68.55,5958.27,62.73,5567.09,62.38,1476.94,69.32,1057.93,57.41
2026-08-20T14:25Z,7788.43,69.48,5904.61,62.73,5589.84,63.72,1484.87,71.79,1052.24,58.64
2026-08-20T14:30Z,7768.85,66.15,5919.62,60.11,5501.22,59.68,1484.73,67.44,1044.48,54.59
2026-08-20T14:35Z,7710.92,66.9,5874.46,60.38,5489.51,61.32,1480.11,69.09,1034.33,56.27
2026-08-20T14:40Z,7719.26,69.94,5878.78,62.73,5475.95,64.14,1492.82,72.28,1023.3,58.48
2026-08-20T14:45Z,7692.22,70.0,5815.81,62.73,5487.38,64.77,1494.93,87.44,1008.78,40.22
2026-08-20T14:50Z,7556.25,61.02,5784.37,54.75,5449.42,55.61,1485.48,67.44,997.08,41.22
2026-08-20T14:55Z,7525.47,46.65,5745.23,42.85,5332.03,41.5,1495.1,56.67,1004.0,38.81
2026-08-20T15:00Z,7490.03,60.39,5725.17,54.75,5276.34,52.54,1518.09,106.02,989.98,41.22
2026-08-20T15:05Z,7451.16,46.65,5721.96,43.67,5227.26,41.22,1489.95,88.06,1015.7,38.55
2026-08-20T15:10Z,7490.54,57.44,5674.36,53.73,5233.83,49.09,1483.89,55.07,1008.71,41.22
2026-08-20T15:15Z,7393.15,56.01,5642.67,53.73,5200.06,47.54,1495.9,54.28,1013.52,41.22
2026-08-20T15:20Z,7348.18,54.91,5697.04,53.73,5235.37,47.4,1499.45,67.44,1027.33,43.1
2026-08-20T15:25Z,7331.98,61.02,5630.13,57.41,5222.78,52.3,1519.18,87.44,1029.79,40.22
2026-08-20T15:30Z,7257.46,46.65,5650.17,44.47,5147.13,39.9,1456.1,88.06,1022.27,37.2
2026-08-20T15:35Z,7253.15,46.65,5614.04,43.88,5161.01,42.14,1456.9,60.01,1010.07,39.29
2026-08-20T15:40Z,7268.9,48.6,5627.07,45.72,5156.29,43.54,1473.72,87.44,1004.96,40.22
2026-08-20T15:45Z,7263.7,61.02,5666.33,57.43,5166.22,54.17,1455.93,87.44,1014.69,49.42
2026-08-20T15:50Z,7269.39,56.05,5590.58,53.73,5129.44,48.56,1439.55,54.57,1016.81,44.3
2026-08-20T15:55Z,7226.63,46.65,5602.1,43.32,5009.63,41.4,1460.76,67.44,1021.18,38.73
2026-08-20T16:00Z,7229.56,49.25,5523.48,45.69,5064.44,43.8,1440.71,87.44,1009.63,40.22
2026-08-20T16:05Z,7180.23,60.18,5604.46,55.53,4995.75,53.36,1413.0,67.44,1012.72,41.22
2026-08-20T16:10Z,7116.57,59.78,5533.43,53.73,4975.13,51.34,1404.76,80.0,1017.32,41.22
2026-08-20T16:15Z,7126.12,61.02,5545.41,54.85,5035.58,52.83,1400.31,67.44,1004.21,40.22
2026-08-20T16:20Z,7074.82,53.43,5620.76,50.27,5003.61,45.91,1405.8,61.15,1009.59,41.89
2026-08-20T16:25Z,7066.27,61.02,5561.62,55.2,5013.07,45.91,1443.18,66.85,1009.46,44.62
2026-08-20T16:30Z,7004.48,59.69,5621.91,54.75,5013.98,34.01,1428.89,98.46,1012.61,39.19
2026-08-20T16:35Z,6960.09,46.65,5591.03,43.87,4973.38,34.01,1396.24,67.44,1000.1,34.89
2026-08-20T16:40Z,6974.37,48.3,5544.96,45.69,5071.26,34.01,1411.97,42.95,992.21,35.62
2026-08-20T16:45Z,6949.84,57.89,5533.98,54.75,5053.54,35.94,1436.26,67.44,999.23,40.22
2026-08-20T16:50Z,6868.6,46.65,5535.04,44.41,4988.32,34.01,1402.19,67.44,989.35,35.01
2026-08-20T16:55Z,6860.6,56.79,5552.56,53.73,5024.02,34.01,1413.48,47.5,994.78,38.94
2026-08-20T17:00Z,6870.83,56.43,5551.88,53.73,5011.7,20.44,1412.41,38.61,997.32,32.72
2026-08-20T17:05Z,6895.3,58.6,5568.49,54.75,5027.88,35.94,1389.11,67.44,992.67,41.85
2026-08-20T17:10Z,6869.94,59.01,5517.82,54.75,5002.57,19.18,1402.21,60.01,994.97,32.49
2026-08-20T17:15Z,6826.21,58.62,5595.28,54.79,4939.38,18.13,1391.83,67.44,994.94,32.55
2026-08-20T17:20Z,6818.04,56.78,5563.13,53.73,4985.44,20.68,1379.33,101.02,998.93,33.09
2026-08-20T17:25Z,6799.98,57.31,5585.23,54.25,4950.57,19.18,1372.32,67.44,1001.03,32.57
2026-08-20T17:30Z,6750.84,56.78,5541.07,53.73,4893.18,19.38,1376.84,39.24,1003.41,32.58
2026-08-20T17:35Z,6708.69,46.65,5533.85,44.7,4973.24,34.01,1391.5,47.35,999.2,36.34
2026-08-20T17:40Z,6723.42,47.06,5569.0,45.69,4944.89,35.94,1415.37,67.44,1000.32,37.27
2026-08-20T17:45Z,6787.61,46.65,5552.78,44.99,4972.18,17.09,1386.1,101.0,997.67,27.13
2026-08-20T17:50Z,6723.96,61.02,5583.15,57.39,4951.72,17.09,1363.57,39.07,1008.95,32.64
2026-08-20T17:55Z,6719.14,57.83,5597.59,54.75,4914.93,19.18,1376.35,43.29,996.3,32.61
2026-08-20T18:00Z,6757.93,56.0,5652.47,53.73,4895.27,17.09,1379.66,67.44,997.44,30.84
2026-08-20T18:05Z,6763.51,56.69,5631.52,54.73,4969.13,20.33,1345.19,52.0,1011.07,32.67
2026-08-20T18:10Z,6760.29,57.39,5693.56,54.75,4980.0,17.09,1353.13,37.16,1018.42,31.2
2026-08-20T18:15Z,6807.8,57.4,5648.45,54.73,4990.64,17.09,1335.49,37.3,1018.85,31.18
2026-08-20T18:20Z,6760.51,57.39,5651.26,54.73,4988.85,19.79,1348.45,39.49,1014.18,32.7
2026-08-20T18:25Z,6659.8,57.01,5721.27,54.75,5016.12,17.09,1343.65,37.53,1011.97,30.41
2026-08-20T18:30Z,6768.67,64.43,5721.76,61.09,5027.21,20.68,1342.64,52.0,1020.04,35.99
2026-08-20T18:35Z,6803.16,58.9,5784.12,55.53,4939.41,17.09,1343.95,67.44,1004.55,31.22
2026-08-20T18:40Z,6804.45,57.68,5816.65,54.75,4980.04,19.18,1344.04,67.44,1014.14,31.67
2026-08-20T18:45Z,6848.22,58.42,5805.58,54.75,5052.88,17.09,1330.98,38.27,1023.73,30.98
2026-08-20T18:50Z,6816.03,57.39,5861.84,54.75,4989.45,16.68,1347.78,37.44,1028.53,30.18
2026-08-20T18:55Z,6935.51,64.95,5850.15,60.52,4996.66,13.98,1345.82,67.44,1023.93,31.6
2026-08-20T19:00Z,6935.33,65.51,5892.58,61.87,5107.42,13.33,1335.19,87.44,1027.19,31.59
2026-08-20T19:05Z,6930.21,57.24,5947.61,54.09,5148.91,13.07,1341.21,39.1,1031.86,30.18
2026-08-20T19:10Z,7006.15,57.39,6072.31,54.75,5205.98,12.5,1363.48,40.4,1035.51,30.16
2026-08-20T19:15Z,7064.9,57.45,6122.67,54.75,5253.6,13.07,1359.7,101.02,1020.59,30.16
2026-08-20T19:20Z,7109.41,57.39,6124.64,54.73,5326.51,13.07,1323.74,101.0,1028.63,30.16
2026-08-20T19:25Z,7091.65,57.39,6204.62,54.75,5294.05,13.07,1322.27,39.43,1034.48,30.14
2026-08-20T19:30Z,7266.4,65.51,6181.16,61.68,5321.45,10.5,1354.27,80.0,1051.97,30.18
2026-08-20T19:35Z,7297.05,65.5,6241.03,62.73,5442.51,10.5,1322.68,80.0,1073.96,30.18
2026-08-20T19:40Z,7356.49,65.51,6330.07,63.4,5497.08,10.65,1332.47,101.03,1060.33,30.62
2026-08-20T19:45Z,7459.6,71.4,6400.26,69.61,5531.29,3.39,1343.43,102.39,1071.83,30.18
2026-08-20T19:50Z,7438.38,65.51,6379.14,63.85,5610.42,8.85,1349.36,87.44,1068.3,30.18
2026-08-20T19:55Z,7497.8,67.0,6461.23,64.95,5726.52,9.78,1352.85,87.44,1077.43,30.9
2026-08-20T20:00Z,7603.26,84.79,6516.74,81.2,5829.42,10.5,1367.28,138.0,1085.27,38.16
2026-08-20T20:05Z,7660.52,80.39,6583.85,78.54,5894.3,11.15,1348.07,101.02,1085.76,36.81
2026-08-20T20:10Z,7872.63,82.39,6666.24,78.52,5982.74,12.51,1391.22,101.02,1113.22,38.47
2026-08-20T20:15Z,7906.01,73.72,6716.67,71.68,6102.69,15.96,1399.2,101.02,1118.55,36.66
2026-08-20T20:20Z,8056.52,75.53,6715.77,72.5,6175.39,51.04,1422.68,101.02,1128.62,54.51
2026-08-20T20:25Z,8188.42,77.37,6806.95,74.36,6267.98,50.98,1438.86,101.02,1141.22,55.2
2026-08-20T20:30Z,8203.21,77.29,6910.87,72.5,6366.27,55.52,1454.09,101.02,1142.29,39.03
2026-08-20T20:35Z,8306.84,84.79,6920.33,80.57,6442.18,54.23,1463.49,101.02,1146.43,30.18
2026-08-20T20:40Z,8372.74,82.07,6966.72,78.52,6531.34,52.5,1473.41,101.02,1179.93,30.18
2026-08-20T20:45Z,8422.82,95.2,6992.82,89.73,6700.63,63.77,1489.08,101.02,1184.27,36.8
2026-08-20T20:50Z,8589.7,95.2,7041.28,90.0,6779.95,58.78,1518.86,101.04,1205.77,30.18
2026-08-20T20:55Z,8662.73,88.33,6923.71,79.73,6857.14,56.27,1542.93,101.02,1207.74,30.18
2026-08-20T21:00Z,8621.53,88.88,6951.1,80.78,6963.28,64.65,1577.78,101.04,1218.97,42.73
2026-08-20T21:05Z,8749.64,84.79,7006.46,75.65,6993.77,64.37,1589.56,155.55,1228.82,45.22
2026-08-20T21:10Z,8800.82,65.5,6951.29,57.3,7017.19,54.01,1549.65,101.02,1241.68,44.13
2026-08-20T21:15Z,8888.9,65.5,6916.12,55.84,7237.97,54.54,1624.06,130.44,1261.74,44.09
2026-08-20T21:20Z,8925.96,65.5,6851.39,54.75,7282.5,56.34,1616.36,130.44,1261.66,45.22
2026-08-20T21:25Z,8958.02,65.5,6777.56,54.7,7320.06,56.46,1642.97,130.44,1264.27,45.22
2026-08-20T21:30Z,8826.17,53.84,6683.44,43.66,7376.76,51.71,1644.2,130.44,1264.37,45.24
2026-08-20T21:35Z,8818.99,64.89,6590.35,54.42,7284.47,55.67,1669.07,130.0,1297.33,54.19
2026-08-20T21:40Z,8808.54,64.89,6504.23,53.27,7387.01,64.36,1673.21,130.0,1296.38,58.9
2026-08-20T21:45Z,8791.89,64.89,6427.36,53.04,7328.06,61.51,1685.25,197.5,1279.95,57.28
2026-08-20T21:50Z,8794.13,49.54,6281.94,39.75,7310.39,49.07,1675.17,130.0,1275.63,45.22
2026-08-20T21:55Z,8853.7,64.89,6134.62,5.3,7291.23,37.13,1726.05,130.44,1260.97,45.22
2026-08-20T22:00Z,8703.42,42.8,6041.35,6.85,7272.67,43.6,1716.21,107.78,1253.96,40.53
2026-08-20T22:05Z,8692.27,42.8,5967.06,-1.31,7267.45,42.62,1742.8,155.9,1221.68,39.37
2026-08-20T22:10Z,8722.6,52.07,5869.3,0.0,7245.94,50.48,1699.92,107.78,1200.85,45.22
2026-08-20T22:15Z,8710.15,64.89,5786.64,0.01,7249.62,50.48,1727.04,130.44,1223.38,45.22
2026-08-20T22:20Z,8566.6,57.53,5751.65,0.01,7203.61,25.24,1685.94,130.44,1220.9,35.53
2026-08-20T22:25Z,8437.15,42.8,5657.94,0.04,7111.07,25.25,1674.62,120.73,1206.47,30.18
2026-08-20T22:30Z,8384.69,52.5,5609.37,0.01,6995.36,50.48,1668.16,155.55,1186.9,45.93
2026-08-20T22:35Z,8248.69,69.99,5548.11,0.04,7001.83,50.48,1630.24,172.95,1190.7,53.34
2026-08-20T22:40Z,8235.35,76.66,5436.22,0.03,6954.5,50.48,1609.1,155.55,1182.79,55.0
2026-08-20T22:45Z,8194.96,64.95,5281.79,0.0,6894.07,50.48,1616.79,130.44,1174.14,51.01
2026-08-20T22:50Z,7993.2,72.8,5201.87,0.03,6853.8,50.48,1619.41,155.9,1176.76,54.16
2026-08-20T22:55Z,8028.6,72.98,5023.4,0.03,6767.51,50.48,1584.42,172.95,1179.71,54.02
2026-08-20T23:00Z,7982.22,54.14,4948.8,-3.51,6679.42,50.48,1553.11,155.9,1174.83,30.22
2026-08-20T23:05Z,7733.63,46.65,4924.58,-3.73,6631.62,45.71,1542.83,107.78,1166.31,45.12
2026-08-20T23:10Z,7781.04,31.31,4847.54,0.03,6581.68,30.96,1593.7,120.73,1155.56,30.18
2026-08-20T23:15Z,7772.8,28.05,4700.36,-3.51,6548.26,28.19,1579.51,172.95,1118.14,30.14
2026-08-20T23:20Z,7568.21,28.05,4655.06,-6.0,6499.03,27.91,1530.84,155.55,1103.42,30.14
2026-08-20T23:25Z,7478.48,42.8,4674.25,-3.73,6433.32,41.93,1534.99,155.9,1094.73,30.16
2026-08-20T23:30Z,7335.06,28.05,4620.39,-3.51,6391.13,27.85,1541.06,155.9,1101.85,30.16
2026-08-20T23:35Z,7315.55,25.81,4471.23,-3.51,6284.25,25.88,1524.9,155.9,1084.1,30.14
2026-08-20T23:40Z,7379.29,42.8,4426.09,-3.51,6168.2,28.95,1520.63,199.66,1097.86,30.18
2026-08-20T23:45Z,7184.47,40.74,4389.39,-4.84,6178.76,25.21,1474.1,155.9,1099.51,30.18
2026-08-20T23:50Z,7245.19,42.8,4258.85,-4.85,6123.64,25.21,1497.91,155.9,1109.09,30.18
2026-08-20T23:55Z,7203.86,29.65,4197.88,-4.85,6088.36,30.66,1501.7,155.9,1117.37,30.18
2026-08-21T00:00Z,7078.85,34.88,4203.59,-4.84,5973.21,35.45,1483.24,155.55,1137.95,34.46
2026-08-21T00:05Z,7032.41,41.22,4147.69,-4.84,5864.2,41.22,1489.87,120.73,1147.72,90.42
2026-08-21T00:10Z,7057.56,35.18,4202.58,-4.84,5917.03,35.45,1484.85,130.44,1140.04,45.22
2026-08-21T00:15Z,6905.93,35.18,4143.61,-4.84,5839.5,35.45,1474.55,101.04,1113.45,38.13
2026-08-21T00:20Z,6886.06,41.88,4111.15,-4.84,5784.56,41.22,1501.72,155.9,1120.79,41.76
2026-08-21T00:25Z,6898.28,41.88,4076.24,-4.84,5860.82,41.22,1449.93,118.65,1127.96,41.75
2026-08-21T00:30Z,6798.18,35.47,4016.74,-4.84,5937.02,35.45,1439.07,101.02,1118.11,36.13
2026-08-21T00:35Z,6813.38,41.22,3921.75,-4.82,5932.39,41.22,1461.14,130.44,1123.17,42.01
2026-08-21T00:40Z,6666.89,41.21,3963.87,-4.82,5858.46,41.22,1454.46,130.44,1118.02,42.15
2026-08-21T00:45Z,6666.15,34.65,3862.79,-4.82,5887.31,35.45,1427.73,118.65,1110.8,36.13
2026-08-21T00:50Z,6674.67,35.15,3817.75,-4.84,5934.71,35.94,1395.42,101.04,1087.68,36.51
2026-08-21T00:55Z,6653.9,34.37,3830.09,-6.0,5915.61,35.45,1431.17,118.65,1086.99,36.01
2026-08-21T01:00Z,6675.98,28.52,3834.5,-5.0,5837.02,29.8,1366.91,104.78,1067.34,30.18
2026-08-21T01:05Z,6640.1,28.95,3754.17,-4.85,5781.6,31.23,1338.32,101.02,1031.16,31.93
2026-08-21T01:10Z,6810.35,33.46,3908.48,-4.85,5998.4,35.45,1311.89,101.02,997.11,35.89
2026-08-21T01:15Z,6841.33,39.33,3912.45,-5.0,6066.8,41.22,1249.65,99.39,977.88,41.46
2026-08-21T01:20Z,6798.83,34.37,3781.89,-5.0,6036.35,35.94,1208.19,87.65,975.42,36.26
2026-08-21T01:25Z,6715.36,33.15,3879.01,-4.85,6011.89,35.45,1150.75,87.65,998.48,35.89
2026-08-21T01:30Z,6663.11,23.99,3864.05,-4.85,5908.39,25.59,1109.39,101.02,1003.91,25.82
2026-08-21T01:35Z,6687.37,24.13,3817.74,-5.0,5863.15,25.42,1038.65,87.44,988.9,25.65
2026-08-21T01:40Z,6770.41,27.87,3892.36,-4.84,5923.98,29.15,1069.48,101.02,993.03,29.42
2026-08-21T01:45Z,6707.99,32.81,3903.04,-3.73,5911.67,35.45,1059.88,101.02,1003.51,35.89
2026-08-21T01:50Z,6654.94,33.17,3908.12,-5.0,5787.28,35.45,1024.11,87.44,991.73,35.78
2026-08-21T01:55Z,6613.26,46.59,3912.11,-4.85,5917.66,47.4,978.59,69.27,992.24,47.83
2026-08-21T02:00Z,6649.34,65.43,3989.04,-4.85,5863.52,63.96,1000.03,101.0,1003.96,64.56
2026-08-21T02:05Z,6615.99,99.01,3917.07,-4.09,5865.82,41.2,955.04,87.65,1007.29,41.85
2026-08-21T02:10Z,6607.97,68.02,3855.48,-5.0,5900.42,45.91,980.51,68.05,1000.38,46.63
2026-08-21T02:15Z,6557.48,68.02,3817.48,-3.51,5819.21,41.22,1012.66,101.0,998.24,41.6
2026-08-21T02:20Z,6553.14,66.53,3764.79,-4.84,5853.85,63.96,950.88,87.65,985.41,64.55
2026-08-21T02:25Z,6583.92,73.15,3693.57,-5.5,5800.85,50.45,911.68,53.0,983.48,51.09
2026-08-21T02:30Z,6489.35,73.15,3681.15,-6.0,5787.19,41.22,955.92,54.43,968.82,41.74
2026-08-21T02:35Z,6397.31,73.15,3667.03,-6.14,5750.72,35.94,938.08,101.0,960.72,33.41
2026-08-21T02:40Z,6391.58,66.53,3661.86,-6.0,5734.26,35.45,919.62,87.65,945.85,30.14
2026-08-21T02:45Z,6482.96,73.15,3742.07,-6.0,5700.42,25.42,879.06,25.97,945.07,25.29
2026-08-21T02:50Z,6538.6,66.53,3679.25,-6.4,5656.72,41.22,928.38,60.01,941.66,16.06
2026-08-21T02:55Z,6613.87,99.01,3698.14,-6.4,5672.92,35.94,935.97,67.44,947.27,16.06
2026-08-21T03:00Z,6609.25,69.99,3744.09,-7.01,5631.74,35.94,895.19,88.06,940.03,17.71
2026-08-21T03:05Z,6599.69,68.02,3703.18,-6.0,5675.93,34.0,836.81,53.0,937.7,33.53
2026-08-21T03:10Z,6666.31,68.02,3689.1,-6.0,5677.15,41.22,830.83,53.0,926.95,40.41
2026-08-21T03:15Z,6703.57,66.53,3756.68,-4.84,5789.17,35.94,847.22,53.0,932.04,35.44
2026-08-21T03:20Z,6672.84,66.53,3753.51,-5.0,5788.9,45.91,846.03,48.52,932.89,45.13
2026-08-21T03:25Z,6721.04,69.99,3719.6,-6.01,5853.07,48.83,821.89,52.0,943.5,48.0
2026-08-21T03:30Z,6598.85,66.53,3773.63,-6.0,5826.29,45.91,808.56,49.66,949.89,45.27
2026-08-21T03:35Z,6526.92,69.95,3773.26,-6.0,5792.31,35.45,798.48,34.31,954.42,35.26
2026-08-21T03:40Z,6496.62,66.53,3826.92,-5.0,5782.85,35.94,782.82,35.43,943.51,33.35
2026-08-21T03:45Z,6510.09,66.53,3800.66,-6.0,5731.9,35.94,781.22,35.14,949.65,30.1
2026-08-21T03:50Z,6565.93,66.53,3858.88,-3.51,5751.09,17.57,783.18,17.78,953.35,16.06
2026-08-21T03:55Z,6586.2,52.3,3886.62,-3.51,5726.66,45.91,776.24,44.97,949.37,17.06
2026-08-21T04:00Z,6578.07,27.88,3869.44,-1.92,5687.83,28.7,756.59,29.23,947.38,24.37
2026-08-21T04:05Z,6766.37,47.77,3878.62,-3.51,5654.65,45.91,711.17,45.0,943.68,29.1
2026-08-21T04:10Z,6724.65,52.21,3920.91,-3.51,5531.88,49.78,730.72,49.36,942.23,20.26
2026-08-21T04:15Z,6705.53,34.55,3966.84,-4.09,5539.45,34.0,719.87,38.31,955.28,16.06
2026-08-21T04:20Z,6814.48,35.11,4015.71,-3.51,5533.58,34.0,733.06,32.75,962.34,30.1
2026-08-21T04:25Z,6810.91,28.95,4029.32,-3.0,5473.96,27.58,753.72,28.08,967.09,27.77
2026-08-21T04:30Z,6857.94,66.53,4090.85,-2.15,5433.81,59.46,755.11,56.35,966.64,47.09
2026-08-21T04:35Z,6931.61,73.2,4200.48,0.04,5335.38,14.86,689.48,13.89,977.21,15.06
2026-08-21T04:40Z,6862.56,52.29,4265.14,-3.51,5411.05,45.91,724.45,44.22,992.94,45.18
2026-08-21T04:45Z,6949.29,52.21,4335.93,-3.0,5457.28,34.0,727.34,32.06,984.13,33.55
2026-08-21T04:50Z,7113.0,20.96,4414.58,6.83,5440.57,19.18,759.39,20.2,978.87,16.06
2026-08-21T04:55Z,7223.37,52.21,4431.0,27.88,5431.36,48.71,843.68,52.0,972.87,43.41
2026-08-21T05:00Z,7169.81,53.85,4431.56,42.98,5451.64,49.37,803.74,52.0,983.94,43.73
2026-08-21T05:05Z,7080.58,52.3,4556.17,42.41,5420.23,48.76,822.13,53.12,989.51,45.09
2026-08-21T05:10Z,7095.9,52.21,4621.63,42.32,5317.24,47.13,825.44,48.0,987.71,45.09
2026-08-21T05:15Z,7175.49,37.98,4714.9,24.99,5268.57,34.0,833.33,32.92,993.19,25.26
2026-08-21T05:20Z,7263.53,36.71,4819.65,-1.92,5327.17,34.0,880.1,36.42,987.52,24.77
2026-08-21T05:25Z,7355.99,37.06,4890.12,0.0,5410.23,34.65,918.59,41.07,997.42,15.57
2026-08-21T05:30Z,7384.64,36.35,4917.97,28.57,5499.41,34.0,915.03,37.04,999.64,25.9
2026-08-21T05:35Z,7483.07,50.48,5073.3,39.75,5528.01,47.17,920.66,52.25,1006.23,46.26
2026-08-21T05:40Z,7524.07,66.53,5195.98,54.73,5546.94,61.25,920.28,67.44,1012.84,59.72
2026-08-21T05:45Z,7473.15,53.38,5317.47,45.46,5609.37,50.01,947.78,58.28,1025.21,48.9
2026-08-21T05:50Z,7612.18,61.39,5411.97,53.0,5656.43,57.55,961.1,63.76,1023.89,56.44
2026-08-21T05:55Z,7731.45,47.66,5549.91,42.27,5640.75,44.72,989.59,53.0,1037.31,42.83
2026-08-21T06:00Z,7708.3,42.8,5660.23,38.99,5750.31,39.34,1040.15,101.0,1055.06,30.22
2026-08-21T06:05Z,7795.45,42.49,5732.99,39.75,5867.94,39.09,1039.88,87.44,1093.88,36.19
2026-08-21T06:10Z,7870.7,60.31,5832.98,54.73,5882.34,54.63,1055.94,67.44,1085.04,50.42
2026-08-21T06:15Z,7999.01,66.73,5869.28,59.45,5939.91,61.51,1098.33,87.44,1109.26,56.94
2026-08-21T06:20Z,8083.82,70.94,6044.29,63.56,6026.15,65.0,1136.99,100.67,1109.87,60.16
2026-08-21T06:25Z,8179.01,69.29,6119.11,62.73,6056.02,61.61,1176.0,107.0,1118.09,56.84
2026-08-21T06:30Z,8242.99,72.34,6238.75,64.74,6147.24,65.0,1218.24,130.44,1119.42,60.15
2026-08-21T06:35Z,8347.67,73.44,6439.67,66.31,6210.62,65.0,1238.5,101.02,1129.23,59.96
2026-08-21T06:40Z,8496.51,75.66,6478.09,69.22,6180.82,65.0,1290.26,101.04,1152.04,59.4
2026-08-21T06:45Z,8532.3,82.9,6615.69,77.42,6251.12,70.84,1338.84,130.44,1154.09,64.93
2026-08-21T06:50Z,8556.96,76.15,6746.88,71.68,6328.36,65.7,1364.23,130.0,1158.13,60.21
2026-08-21T06:55Z,8746.66,90.96,6766.26,81.9,6439.24,78.54,1392.88,155.9,1174.54,72.19
2026-08-21T07:00Z,8731.91,90.16,6863.59,83.38,6539.93,78.54,1395.3,155.9,1177.0,72.18
2026-08-21T07:05Z,8687.09,72.18,6933.56,71.68,6581.22,62.08,1438.71,130.44,1179.36,56.7
2026-08-21T07:10Z,8703.44,73.02,6868.77,71.68,6619.59,61.51,1479.38,101.04,1170.77,55.99
2026-08-21T07:15Z,8804.8,87.47,6949.6,83.73,6754.63,73.21,1503.77,155.9,1168.96,66.63
2026-08-21T07:20Z,8875.99,91.29,6894.28,87.75,6751.45,76.93,1500.57,120.73,1174.6,70.23
2026-08-21T07:25Z,8897.62,83.99,7021.51,81.82,6765.31,70.98,1556.32,130.44,1192.69,64.81
2026-08-21T07:30Z,9038.16,83.99,7060.08,81.96,6860.44,71.1,1596.85,172.95,1195.23,65.11
2026-08-21T07:35Z,8993.79,86.75,7120.79,84.73,6966.81,73.47,1581.15,120.73,1200.26,66.84
2026-08-21T07:40Z,9167.28,85.15,7157.35,83.73,7033.58,72.93,1661.45,130.44,1202.75,66.55
2026-08-21T07:45Z,9240.12,89.16,7163.55,84.91,7092.36,75.9,1701.07,106.41,1208.43,69.47
2026-08-21T07:50Z,9156.12,82.9,7221.47,81.07,7115.29,71.86,1740.17,172.95,1220.98,65.77
2026-08-21T07:55Z,9241.51,82.9,7283.83,78.58,7198.58,72.35,1724.41,120.73,1236.58,66.64
2026-08-21T08:00Z,9351.55,82.9,7269.29,78.06,7181.43,71.38,1781.44,130.0,1245.42,65.95
2026-08-21T08:05Z,9362.2,87.18,7317.36,83.73,7104.4,73.39,1808.82,155.9,1238.52,67.39
2026-08-21T08:10Z,9177.56,76.98,7268.11,76.3,7173.08,65.0,1789.6,155.9,1240.91,59.68
2026-08-21T08:15Z,9243.6,82.9,7308.02,80.64,7160.1,61.51,1805.45,130.44,1239.79,59.96
2026-08-21T08:20Z,9254.79,82.9,7274.23,80.0,7248.89,69.32,1855.03,155.9,1234.06,63.64
2026-08-21T08:25Z,9305.8,82.9,7275.1,79.73,7240.17,69.32,1861.64,155.9,1235.57,63.64
2026-08-21T08:30Z,9233.24,82.9,7330.54,81.18,7258.33,69.61,1876.19,155.9,1237.7,63.7
2026-08-21T08:35Z,9180.39,76.28,7295.95,74.19,7269.52,61.51,1855.12,375.79,1230.71,58.06
2026-08-21T08:40Z,9298.14,73.28,7248.18,71.68,7235.97,57.33,1778.63,375.0,1228.58,54.95
2026-08-21T08:45Z,9240.29,75.55,7256.58,72.5,7254.64,55.17,1765.23,130.0,1223.84,54.8
2026-08-21T08:50Z,9257.04,77.83,7249.63,74.2,7297.65,53.57,1857.09,130.0,1227.83,54.96
2026-08-21T08:55Z,9229.5,79.77,7269.94,78.05,7171.34,50.9,1907.65,264.1,1233.98,53.87
2026-08-21T09:00Z,9112.67,76.04,7234.68,72.5,7145.11,50.9,1819.26,162.38,1228.88,53.62
2026-08-21T09:05Z,9169.15,71.38,7219.57,69.69,7197.22,50.9,1847.61,130.0,1220.98,50.79
2026-08-21T09:10Z,9108.8,75.09,7232.79,72.5,7100.32,50.48,1907.75,130.44,1222.26,46.18
2026-08-21T09:15Z,9068.73,73.27,7243.13,71.68,7068.92,20.89,1880.61,130.44,1210.03,37.31
2026-08-21T09:20Z,9136.58,75.75,7154.69,71.68,7094.04,10.5,1871.6,105.08,1215.91,33.31
2026-08-21T09:25Z,9032.68,66.9,7124.91,64.93,7100.73,22.67,1895.47,105.08,1207.43,36.04
2026-08-21T09:30Z,9019.7,73.81,7169.49,71.68,7078.92,10.65,1878.68,155.9,1207.31,33.05
2026-08-21T09:35Z,9011.56,69.98,7131.88,69.69,6965.93,10.65,1824.47,105.08,1204.57,32.85
2026-08-21T09:40Z,8992.89,66.52,7102.65,66.22,6999.2,18.48,1852.91,105.08,1183.81,35.51
2026-08-21T09:45Z,9048.86,66.12,7053.5,64.93,6993.48,18.48,1844.29,101.02,1169.54,34.59
2026-08-21T09:50Z,8982.69,65.51,7039.18,63.99,6983.16,10.65,1841.22,101.02,1170.96,30.41
2026-08-21T09:55Z,8953.05,65.51,6987.83,63.07,6945.07,9.08,1856.92,101.04,1175.72,30.18
2026-08-21T10:00Z,8978.35,65.51,7055.26,63.53,6958.27,22.67,1846.79,101.04,1164.25,36.43
2026-08-21T10:05Z,8859.13,65.51,7000.61,62.7,6954.58,9.08,1838.09,101.02,1157.57,30.18
2026-08-21T10:10Z,8996.97,65.51,6941.92,61.05,6950.88,22.67,1819.76,101.02,1162.65,37.16
2026-08-21T10:15Z,8947.83,65.51,6981.18,60.7,6948.92,10.5,1813.78,101.02,1151.44,30.78
2026-08-21T10:20Z,8879.04,65.51,6925.99,60.28,6944.94,22.67,1817.39,101.04,1151.13,37.1
2026-08-21T10:25Z,8870.52,64.95,6922.95,59.76,6915.2,9.08,1820.01,101.04,1157.46,30.18
2026-08-21T10:30Z,8940.94,65.51,6870.43,59.09,6888.9,10.5,1803.23,101.02,1157.86,30.7
2026-08-21T10:35Z,8935.67,65.51,6854.31,58.33,6817.19,9.08,1807.02,101.04,1156.25,34.35
2026-08-21T10:40Z,8840.94,64.95,6979.06,58.67,6786.34,8.94,1802.57,107.78,1135.65,32.98
2026-08-21T10:45Z,8838.74,64.95,6991.09,58.69,6732.81,10.5,1794.72,101.02,1132.83,33.26
2026-08-21T10:50Z,8784.98,64.95,6951.87,58.66,6766.06,10.5,1790.28,101.02,1123.8,31.23
2026-08-21T10:55Z,8777.7,64.95,6990.13,58.69,6760.27,10.5,1784.45,101.02,1099.59,31.14
2026-08-21T11:00Z,8753.41,64.95,6951.03,58.67,6739.89,10.5,1785.43,105.08,1100.44,31.25
2026-08-21T11:05Z,8795.18,83.34,6894.21,72.86,6734.52,22.67,1755.03,101.04,1104.49,48.18
2026-08-21T11:10Z,8713.53,83.99,6976.24,76.36,6671.95,16.4,1744.52,101.02,1107.35,41.25
2026-08-21T11:15Z,8610.01,66.52,6914.22,60.04,6689.52,18.48,1734.76,87.44,1105.76,40.29
2026-08-21T11:20Z,8606.84,77.42,7102.6,70.93,6661.07,8.94,1735.32,101.02,1106.25,42.47
2026-08-21T11:25Z,8672.38,82.9,6968.84,76.13,6556.04,0.7,1719.73,101.02,1094.31,32.18
2026-08-21T11:30Z,8657.32,66.52,6948.94,60.08,6526.98,10.5,1718.33,101.02,1086.28,31.26
2026-08-21T11:35Z,8601.22,65.51,6875.92,57.99,6516.92,10.5,1709.93,101.02,1079.29,32.11
2026-08-21T11:40Z,8534.15,66.52,6844.57,58.87,6498.15,9.7,1704.36,101.02,1065.76,30.85
2026-08-21T11:45Z,8552.54,65.51,6810.82,57.95,6397.86,9.16,1687.4,101.02,1048.08,30.1
2026-08-21T11:50Z,8466.16,64.95,6793.2,57.44,6346.16,10.5,1678.83,87.44,1049.17,30.47
2026-08-21T11:55Z,8488.6,65.51,6744.84,57.53,6323.12,10.5,1673.18,101.04,1057.87,30.64
2026-08-21T12:00Z,8441.5,64.05,6625.68,55.81,6285.37,10.5,1634.54,101.02,1055.9,30.12
2026-08-21T12:05Z,8334.05,64.8,6563.1,58.61,6220.26,10.5,1624.23,87.44,1028.22,30.18
2026-08-21T12:10Z,8407.56,65.51,6627.45,59.68,6199.46,10.5,1657.79,107.78,1042.02,31.08
2026-08-21T12:15Z,8411.51,86.97,6626.92,79.73,6118.29,10.5,1613.61,101.04,1061.34,39.08
2026-08-21T12:20Z,8434.23,84.79,6552.75,77.17,6098.32,10.5,1602.7,101.04,1049.35,38.22
2026-08-21T12:25Z,8353.12,79.7,6511.64,72.5,6035.03,10.33,1571.69,101.02,1050.82,37.62
2026-08-21T12:30Z,8363.48,65.51,6418.01,59.15,6016.24,10.5,1555.23,101.02,1045.81,32.27
2026-08-21T12:35Z,8309.83,90.0,6403.4,79.72,5991.38,10.5,1548.17,101.02,1037.98,42.14
2026-08-21T12:40Z,8263.81,84.79,6389.74,75.1,5963.14,10.5,1540.15,101.02,1032.79,38.19
2026-08-21T12:45Z,8270.64,84.79,6404.83,75.09,5905.1,10.5,1521.2,101.05,1025.51,38.16
2026-08-21T12:50Z,8255.59,83.99,6333.1,73.4,5866.11,10.5,1529.3,101.04,1020.26,32.36
2026-08-21T12:55Z,8275.76,83.99,6250.78,72.5,5810.54,2.86,1510.27,101.04,1013.6,30.12
2026-08-21T13:00Z,8219.93,71.4,6304.54,64.37,5795.8,10.5,1494.58,101.04,1011.6,30.12
2026-08-21T13:05Z,8154.92,90.49,6231.54,78.95,5846.54,10.5,1480.94,101.02,1004.66,35.26
2026-08-21T13:10Z,8077.7,90.0,6276.82,79.6,5925.86,9.08,1490.54,87.44,1008.1,35.34
2026-08-21T13:15Z,8018.86,84.79,6241.48,74.95,5966.65,9.08,1476.0,99.54,1000.46,32.1
2026-08-21T13:20Z,7959.58,71.4,6286.27,63.97,5842.44,10.5,1475.12,87.44,994.91,30.94
2026-08-21T13:25Z,8047.64,84.79,6182.42,74.42,5895.37,10.5,1448.05,87.44,994.39,32.63
2026-08-21T13:30Z,7959.23,83.99,6193.02,74.2,5912.65,5.54,1445.97,87.44,1003.48,30.12
2026-08-21T13:35Z,7890.17,71.23,6196.53,63.73,5860.76,1.43,1468.05,101.02,998.77,24.96
2026-08-21T13:40Z,7952.28,83.99,6197.59,74.67,5781.69,17.09,1463.91,79.99,996.42,35.56
2026-08-21T13:45Z,7920.42,83.34,6187.73,74.09,5782.9,17.09,1471.17,79.99,991.69,36.11
2026-08-21T13:50Z,7813.28,61.28,6080.38,54.75,5741.95,10.5,1467.11,79.99,988.09,27.37
2026-08-21T13:55Z,7774.85,65.51,6057.23,58.69,5675.84,0.0,1474.29,79.99,982.5,22.75
2026-08-21T14:00Z,7858.8,65.51,6006.35,58.46,5597.89,-0.05,1459.29,67.44,982.05,21.66
2026-08-21T14:05Z,7816.94,74.25,6013.64,67.12,5569.72,1.01,1460.25,80.0,981.68,24.93
2026-08-21T14:10Z,7798.33,80.76,5974.53,72.5,5577.25,1.43,1463.83,87.44,980.09,27.14
2026-08-21T14:15Z,7827.5,80.76,5973.65,72.5,5568.7,1.43,1460.98,80.0,978.69,28.11
2026-08-21T14:20Z,7804.19,70.6,5905.35,63.73,5477.71,1.43,1492.64,80.0,975.23,24.04
2026-08-21T14:25Z,7783.3,68.61,5920.65,62.73,5436.5,1.43,1499.64,80.0,966.21,23.21
2026-08-21T14:30Z,7719.38,60.31,5856.76,54.75,5495.21,10.5,1485.2,80.0,953.37,26.04
2026-08-21T14:35Z,7729.3,65.51,5852.34,60.23,5424.56,10.5,1477.74,87.44,948.41,27.0
2026-08-21T14:40Z,7708.85,60.31,5821.29,54.73,5426.31,1.43,1485.22,80.0,948.47,19.59
2026-08-21T14:45Z,7616.37,44.89,5824.61,41.26,5407.98,1.43,1489.65,80.0,943.67,16.06
2026-08-21T14:50Z,7578.33,44.89,5751.94,41.49,5292.94,1.43,1498.38,80.0,944.97,16.06
2026-08-21T14:55Z,7601.53,59.66,5671.34,54.75,5348.62,10.5,1494.4,87.44,947.74,24.82
2026-08-21T15:00Z,7521.09,42.8,5673.77,39.28,5351.28,17.09,1490.34,87.44,945.83,23.8
2026-08-21T15:05Z,7433.41,46.88,5664.41,43.29,5268.89,1.43,1477.38,87.44,946.23,17.06
2026-08-21T15:10Z,7460.26,65.02,5661.22,60.22,5238.72,1.43,1469.54,87.44,937.03,20.18
2026-08-21T15:15Z,7490.43,67.99,5678.84,64.0,5166.64,1.43,1452.69,80.0,936.95,24.14
2026-08-21T15:20Z,7438.83,58.94,5625.59,54.73,5184.71,1.43,1452.74,80.0,940.81,20.46
2026-08-21T15:25Z,7403.39,58.54,5649.55,54.73,5149.77,1.43,1451.88,80.0,936.79,20.39
2026-08-21T15:30Z,7313.97,44.89,5579.72,41.94,5148.13,1.43,1439.94,80.0,933.73,16.34
2026-08-21T15:35Z,7277.06,58.18,5632.19,54.73,5103.2,1.43,1449.15,80.0,919.45,18.88
2026-08-21T15:40Z,7241.0,58.56,5619.45,54.73,4961.61,1.43,1448.03,80.0,839.09,18.83
2026-08-21T15:45Z,7223.79,45.52,5543.98,42.23,5020.57,1.43,1435.59,80.0,838.09,15.06
2026-08-21T15:50Z,7222.56,58.98,5557.11,54.73,4921.51,1.43,1426.83,67.44,840.04,4.77
2026-08-21T15:55Z,7178.81,66.94,5563.99,63.73,4883.32,1.43,1429.68,49.02,872.85,3.52
2026-08-21T16:00Z,7107.61,42.54,5523.41,40.22,4924.77,1.43,1434.38,67.44,921.76,6.72
2026-08-21T16:05Z,7131.17,64.95,5572.95,60.28,4865.4,1.43,1421.53,67.44,926.45,20.15
2026-08-21T16:10Z,7164.52,65.51,5510.82,60.76,4896.6,9.45,1409.71,67.44,939.27,44.25
2026-08-21T16:15Z,7036.1,65.51,5575.55,61.2,4878.74,10.5,1395.72,67.44,938.26,26.04
2026-08-21T16:20Z,7086.22,65.51,5563.46,61.19,4888.25,7.7,1382.29,80.0,948.95,24.33
2026-08-21T16:25Z,6979.42,64.95,5539.81,60.65,4859.94,10.5,1386.86,67.44,958.75,25.41
2026-08-21T16:30Z,6939.55,59.03,5501.97,54.75,4788.03,5.42,1403.57,67.44,964.28,20.37
2026-08-21T16:35Z,6896.09,64.95,5464.44,59.83,4780.87,10.5,1393.71,67.44,970.96,26.31
2026-08-21T16:40Z,6893.44,66.9,5547.02,62.49,4786.75,10.47,1393.11,80.0,970.34,26.87
2026-08-21T16:45Z,6851.94,65.51,5515.61,60.78,4842.55,17.09,1371.22,67.44,962.91,30.89
2026-08-21T16:50Z,6822.66,64.95,5447.34,59.82,4754.46,10.47,1372.25,67.44,948.6,26.25
2026-08-21T16:55Z,6774.63,64.95,5491.22,60.24,4714.95,1.43,1371.4,67.44,937.2,20.26
2026-08-21T17:00Z,6820.24,64.95,5416.05,59.42,4719.88,1.43,1366.33,67.44,938.73,20.26
2026-08-21T17:05Z,6767.95,64.95,5471.62,59.46,4782.64,1.43,1365.4,80.0,936.31,20.27
2026-08-21T17:10Z,6720.47,65.51,5503.68,60.78,4785.31,10.5,1364.84,80.0,948.98,26.52
2026-08-21T17:15Z,6731.45,65.51,5471.97,60.75,4726.23,10.45,1358.29,80.0,939.62,26.48
2026-08-21T17:20Z,6658.58,64.95,5449.29,60.22,4722.74,1.43,1355.59,51.98,941.2,20.33
2026-08-21T17:25Z,6659.48,64.95,5412.19,60.18,4678.2,1.43,1385.39,67.44,939.24,20.28
2026-08-21T17:30Z,6656.26,64.95,5428.42,60.58,4652.08,1.43,1369.12,67.44,934.35,20.33
2026-08-21T17:35Z,6683.66,66.52,5449.5,62.06,4675.32,10.4,1367.98,88.06,940.91,26.75
2026-08-21T17:40Z,6639.28,67.83,5497.11,63.73,4640.4,10.46,1373.83,80.0,941.02,27.29
2026-08-21T17:45Z,6577.34,65.91,5509.02,62.73,4653.22,1.43,1353.96,67.44,946.16,20.57
2026-08-21T17:50Z,6613.06,69.99,5520.58,66.19,4633.66,1.43,1355.05,67.44,939.93,21.77
2026-08-21T17:55Z,6609.04,75.74,5543.5,72.5,4551.82,1.43,1326.55,67.44,940.66,23.47
2026-08-21T18:00Z,6628.1,76.68,5498.13,72.5,4627.76,13.84,1324.92,49.02,948.09,32.05
2026-08-21T18:05Z,6648.22,83.05,5520.81,78.54,4564.26,10.5,1321.73,67.44,956.95,31.56
2026-08-21T18:10Z,6582.74,77.14,5528.23,72.5,4656.07,10.5,1299.35,88.06,973.61,29.94
2026-08-21T18:15Z,6674.89,77.75,5522.53,71.68,4635.33,10.5,1285.97,83.67,980.95,30.1
2026-08-21T18:20Z,6601.92,83.55,5540.56,78.54,4559.13,1.43,1281.11,67.44,976.1,25.69
2026-08-21T18:25Z,6611.44,83.99,5559.57,78.54,4556.54,1.43,1289.05,67.44,972.29,25.74
2026-08-21T18:30Z,6554.82,70.01,5513.1,64.95,4655.87,10.5,1277.52,67.44,979.1,27.73
2026-08-21T18:35Z,6635.09,71.4,5639.14,68.06,4645.26,10.5,1273.87,83.67,989.97,28.17
2026-08-21T18:40Z,6679.17,71.4,5572.87,68.88,4639.13,10.5,1264.25,67.44,988.37,28.15
2026-08-21T18:45Z,6648.44,83.21,5565.29,78.73,4650.2,10.5,1296.29,67.44,977.9,31.63
2026-08-21T18:50Z,6689.22,71.4,5586.36,69.78,4639.62,1.43,1297.72,67.44,967.23,22.09
2026-08-21T18:55Z,6724.91,82.66,5578.44,78.73,4649.1,1.43,1295.44,67.44,968.97,25.43
2026-08-21T19:00Z,6646.7,84.79,5565.36,80.76,4662.48,1.43,1310.17,70.0,967.0,26.07
2026-08-21T19:05Z,6649.72,77.4,5604.65,71.68,4618.34,1.43,1299.63,56.2,960.73,23.89
2026-08-21T19:10Z,6794.66,90.49,5681.43,86.86,4660.57,1.43,1300.81,101.02,988.51,27.94
2026-08-21T19:15Z,6868.1,90.0,5639.19,85.24,4749.67,10.5,1266.16,89.44,1005.15,34.06
2026-08-21T19:20Z,6834.76,71.4,5672.48,67.65,4711.88,10.47,1277.7,89.44,997.78,28.44
2026-08-21T19:25Z,6850.83,71.4,5721.86,70.34,4723.93,10.5,1281.53,70.0,992.25,28.37
2026-08-21T19:30Z,6867.65,71.4,5718.75,71.25,4733.55,10.46,1289.47,67.44,988.62,28.28
2026-08-21T19:35Z,6862.9,83.29,5744.07,80.0,4737.79,1.43,1290.02,67.44,987.08,25.62
2026-08-21T19:40Z,6828.72,82.9,5779.28,79.73,4676.08,0.67,1292.02,67.44,997.31,24.99
2026-08-21T19:45Z,6956.07,84.79,5792.33,82.54,4759.26,0.62,1290.05,89.44,987.31,25.51
2026-08-21T19:50Z,6985.18,84.79,5750.58,81.45,4843.26,1.43,1262.12,70.0,989.06,26.04
2026-08-21T19:55Z,7005.12,71.4,5845.11,70.99,4804.68,0.67,1274.03,101.02,999.91,21.65
2026-08-21T20:00Z,7032.86,90.0,5773.39,87.02,4865.11,1.43,1269.87,89.44,1011.46,27.76
2026-08-21T20:05Z,7111.65,85.13,5819.81,84.5,4876.4,1.43,1268.15,29.57,1016.08,26.31
2026-08-21T20:10Z,7259.22,82.9,5838.09,81.25,4942.35,10.5,1313.04,44.08,1019.99,37.12
2026-08-21T20:15Z,7345.18,71.4,5910.99,72.5,4968.78,12.5,1318.19,40.27,1018.52,34.1
2026-08-21T20:20Z,7412.96,71.4,5965.54,71.68,5011.8,12.5,1315.4,40.3,1023.0,34.25
2026-08-21T20:25Z,7342.18,90.0,5946.38,89.73,5053.59,12.5,1300.33,49.46,1020.72,41.37
2026-08-21T20:30Z,7444.49,90.0,5988.5,89.53,5068.23,12.5,1312.15,49.83,1021.98,41.33
2026-08-21T20:35Z,7559.17,86.06,5979.65,84.5,5153.09,10.5,1309.65,46.73,1031.96,38.77
2026-08-21T20:40Z,7582.07,88.79,5984.79,87.74,5214.97,12.5,1299.94,49.39,1052.04,41.17
2026-08-21T20:45Z,7639.25,90.0,5988.57,88.36,5199.22,10.5,1322.18,49.07,1056.05,40.59
2026-08-21T20:50Z,7596.58,88.75,6031.43,87.74,5204.09,12.5,1320.31,49.34,1067.69,41.38
2026-08-21T20:55Z,7600.29,84.01,6082.14,84.73,5280.24,22.1,1320.32,52.39,1073.44,45.46
2026-08-21T21:00Z,7655.37,85.07,6105.34,84.73,5374.0,35.87,1337.23,60.58,1083.58,54.59
2026-08-21T21:05Z,7615.83,71.4,6087.59,72.03,5451.58,10.5,1336.61,40.53,1087.91,33.84
2026-08-21T21:10Z,7603.83,85.39,6091.79,84.5,5477.19,10.5,1355.45,47.36,1069.49,39.18
2026-08-21T21:15Z,7648.31,67.53,6168.46,66.05,5459.72,22.67,1357.27,46.23,1072.03,39.96
2026-08-21T21:20Z,7665.28,66.46,6131.54,63.73,5487.54,22.77,1356.74,46.3,1076.85,39.86
2026-08-21T21:25Z,7593.29,65.51,6118.88,62.73,5577.49,22.76,1369.86,46.09,1085.87,39.7
2026-08-21T21:30Z,7569.1,64.96,6170.94,62.73,5570.31,22.67,1389.16,45.99,1091.63,39.45
2026-08-21T21:35Z,7541.6,65.51,6150.99,63.25,5508.89,10.5,1382.67,39.47,1114.49,32.19
2026-08-21T21:40Z,7426.75,65.51,6127.57,63.73,5474.4,10.65,1403.53,40.45,1103.68,32.27
2026-08-21T21:45Z,7443.83,59.67,6060.1,57.55,5571.98,22.67,1407.22,56.2,1108.44,37.86
2026-08-21T21:50Z,7320.25,65.03,6061.61,65.19,5581.47,22.79,1407.66,46.99,1109.37,39.92
2026-08-21T21:55Z,7361.43,59.51,6085.26,60.64,5533.31,22.67,1403.84,44.14,1112.27,37.75
2026-08-21T22:00Z,7343.87,61.6,6042.87,62.73,5604.78,19.18,1389.1,43.12,1118.11,36.45
2026-08-21T22:05Z,7272.64,57.39,6001.24,58.79,5580.82,10.5,1377.68,36.43,1118.16,29.14
2026-08-21T22:10Z,7272.42,57.39,6056.99,60.37,5577.72,10.5,1385.05,101.04,1116.23,29.15
2026-08-21T22:15Z,7233.28,55.08,6028.37,57.55,5526.76,10.5,1360.0,89.44,1130.89,87.24
2026-08-21T22:20Z,7160.56,54.02,6031.75,57.55,5547.66,10.5,1343.73,89.44,1114.67,27.63
2026-08-21T22:25Z,7120.84,37.64,5957.56,40.06,5627.17,10.65,1349.03,25.45,1105.66,21.47
2026-08-21T22:30Z,7038.2,50.82,5879.79,54.75,5540.32,10.5,1331.8,32.08,1088.85,26.49
2026-08-21T22:35Z,6912.49,42.88,5797.61,46.75,5573.73,10.5,1338.08,89.44,1091.87,23.47
2026-08-21T22:40Z,6944.05,29.35,5793.36,54.75,5586.16,27.89,1303.71,67.44,1099.21,29.08
2026-08-21T22:45Z,6967.71,41.88,5717.24,57.81,5570.67,40.41,1282.26,67.44,1092.99,42.14
2026-08-21T22:50Z,6796.27,52.21,5640.76,56.8,5531.92,49.57,1258.79,56.79,1083.27,51.69
2026-08-21T22:55Z,6688.93,52.21,5665.62,57.18,5514.6,50.75,1238.96,58.2,1102.32,53.42
2026-08-21T23:00Z,6602.53,38.73,5656.45,54.75,5496.01,35.87,1214.72,40.87,1095.37,37.99
2026-08-21T23:05Z,6516.41,5.55,5669.42,57.55,5429.4,5.43,1168.13,11.01,1089.49,5.72
2026-08-21T23:10Z,6614.6,23.57,5696.87,57.81,5450.54,22.67,1176.61,67.44,1096.22,23.94
2026-08-21T23:15Z,6563.04,44.27,5578.39,57.55,5420.96,25.21,1124.25,36.47,1099.69,33.35
2026-08-21T23:20Z,6352.16,37.83,5556.54,57.55,5405.16,35.67,1092.19,40.19,1089.71,37.43
2026-08-21T23:25Z,6350.29,15.3,5505.12,57.8,5362.59,14.51,1069.4,22.2,1077.61,15.18
2026-08-21T23:30Z,6337.23,4.15,5465.37,57.55,5315.09,3.97,1078.25,67.44,1070.75,4.14
2026-08-21T23:35Z,6218.59,19.6,5354.32,44.44,5218.42,17.09,1041.67,29.0,1064.13,17.94
2026-08-21T23:40Z,6215.67,41.59,5270.31,44.44,5162.84,7.6,1037.63,54.43,1066.8,8.37
2026-08-21T23:45Z,6205.73,42.08,5165.97,44.62,5048.41,1.43,1005.54,67.44,1065.15,1.5
2026-08-21T23:50Z,6189.03,41.16,5070.03,44.44,4978.86,5.05,992.39,11.01,1052.15,5.32
2026-08-21T23:55Z,6151.14,29.39,4985.91,54.75,4977.42,5.05,1028.83,22.22,1048.57,5.29
2026-08-22T00:00Z,5940.09,0.0,5015.73,54.75,4944.7,0.0,1017.13,0.0,1038.96,0.0
2026-08-22T00:05Z,5924.17,11.4,5019.17,57.55,4781.82,10.5,1057.57,67.44,1044.06,11.03
2026-08-22T00:10Z,6039.98,42.08,5042.85,44.85,4830.55,4.42,1032.83,60.01,1037.4,4.64
2026-08-22T00:15Z,5827.44,38.55,5053.79,43.01,4771.11,5.05,1028.12,60.01,1035.39,5.3
2026-08-22T00:20Z,5699.93,22.91,5070.05,43.01,4727.3,8.94,1028.23,9.7,1032.68,10.17
2026-08-22T00:25Z,5599.68,4.5,5128.92,54.75,4603.66,4.42,1088.45,22.22,1035.74,4.66
2026-08-22T00:30Z,5596.32,24.27,5168.98,57.55,4573.77,22.67,1075.0,27.33,1038.59,23.82
2026-08-22T00:35Z,5486.14,11.07,5206.82,57.55,4503.72,10.5,1074.85,67.44,1017.28,11.0
2026-08-22T00:40Z,5518.47,5.77,5264.54,39.36,4479.39,5.43,1082.48,60.01,1032.98,5.69
2026-08-22T00:45Z,5485.59,5.41,5296.77,31.42,4401.63,5.05,1071.01,5.88,1037.18,5.32
2026-08-22T00:50Z,5464.64,5.48,5332.69,43.01,4394.81,5.05,1131.69,11.01,1026.72,5.31
2026-08-22T00:55Z,5324.71,5.39,5440.43,54.75,4381.31,5.05,1151.99,107.78,1009.31,5.29
2026-08-22T01:00Z,5295.73,5.39,5444.89,57.55,4504.94,5.05,1092.29,60.01,1000.6,5.29
2026-08-22T01:05Z,5256.48,7.55,5492.79,50.0,4485.92,7.39,1046.51,7.96,985.63,7.76
2026-08-22T01:10Z,5446.43,18.13,5620.06,50.0,4635.46,17.09,1099.8,18.62,983.34,17.9
2026-08-22T01:15Z,5337.7,16.2,5650.44,57.81,4715.85,15.27,1067.6,52.0,969.66,15.94
2026-08-22T01:20Z,5254.21,5.67,5668.09,57.55,4658.25,5.42,1030.99,101.0,958.89,5.66
2026-08-22T01:25Z,5182.53,5.88,5760.73,57.8,4542.19,5.43,962.25,67.44,965.49,5.69
2026-08-22T01:30Z,5216.43,11.21,5773.43,69.1,4610.11,10.5,952.7,67.44,975.09,11.03
2026-08-22T01:35Z,5124.51,15.74,5724.38,69.75,4491.39,14.52,947.88,30.96,975.91,15.25
2026-08-22T01:40Z,5084.4,31.8,5849.77,70.0,4496.28,12.5,1025.32,88.06,988.99,13.13
2026-08-22T01:45Z,5031.11,32.63,5848.34,69.75,4426.58,1.4,965.1,88.06,981.01,1.47
2026-08-22T01:50Z,4872.23,15.75,5775.74,57.81,4447.31,5.05,962.87,88.06,973.74,5.27
2026-08-22T01:55Z,4949.29,27.88,5847.51,69.75,4357.03,5.05,978.51,88.06,958.53,5.26
2026-08-22T02:00Z,4835.35,29.86,5800.24,57.8,4317.79,6.4,968.03,68.05,959.51,6.66
2026-08-22T02:05Z,4796.27,5.38,5711.48,57.55,4268.24,5.05,972.42,68.05,948.99,5.29
2026-08-22T02:10Z,4955.29,4.6,5794.3,57.55,4277.18,4.42,964.91,88.06,944.43,4.63
2026-08-22T02:15Z,4961.22,29.88,5748.51,57.55,4275.0,5.43,938.74,88.06,953.88,5.69
2026-08-22T02:20Z,4820.32,5.35,5714.23,57.55,4270.36,5.05,924.34,88.06,961.32,5.31
2026-08-22T02:25Z,4801.65,17.57,5652.21,57.55,4334.41,15.01,912.52,107.78,959.64,15.77
2026-08-22T02:30Z,4733.86,29.83,5655.35,57.55,4345.24,4.42,891.42,88.06,950.89,4.63
2026-08-22T02:35Z,4630.73,4.77,5512.13,43.73,4250.0,4.42,860.99,52.66,947.3,4.65
2026-08-22T02:40Z,4787.22,27.57,5505.65,45.52,4256.61,5.43,855.92,153.63,945.26,5.71
2026-08-22T02:45Z,4642.64,1.51,5448.44,57.55,4187.71,1.43,781.99,68.05,930.06,1.5
2026-08-22T02:50Z,4710.48,0.0,5389.56,54.75,4175.17,0.0,803.04,49.02,896.87,0.0
2026-08-22T02:55Z,4704.23,-0.05,5313.66,57.55,4123.97,-0.05,841.9,101.0,897.95,-0.05
2026-08-22T03:00Z,4792.17,-6.52,5196.9,57.55,4032.45,-6.5,783.42,101.0,905.89,-6.81
2026-08-22T03:05Z,4704.98,-0.11,5192.15,43.75,4072.29,-0.1,765.92,68.05,906.14,-0.1
2026-08-22T03:10Z,4802.53,-0.11,5104.35,54.75,4056.95,-0.1,792.14,101.0,899.91,-0.1
2026-08-22T03:15Z,4759.58,-3.6,5148.24,43.73,4015.68,-3.5,752.7,101.0,899.69,-3.66
2026-08-22T03:20Z,4673.71,-0.11,5263.68,47.99,3986.36,-0.1,729.26,101.0,892.23,-0.1
2026-08-22T03:25Z,4659.98,-0.11,5239.73,43.64,3885.74,-0.1,724.08,101.0,884.54,0.04
2026-08-22T03:30Z,4628.03,-3.73,5264.86,55.73,3902.09,-3.5,709.83,88.06,869.04,-3.69
2026-08-22T03:35Z,4646.32,-7.82,5218.94,43.01,3783.81,-7.51,701.46,69.27,868.03,-7.9
2026-08-22T03:40Z,4691.52,-7.41,5275.53,31.42,3728.66,-7.0,688.58,101.0,869.71,-7.36
2026-08-22T03:45Z,4793.05,8.63,5314.5,57.8,3751.43,-0.1,657.3,101.0,867.65,-0.1
2026-08-22T03:50Z,4716.53,-7.49,5355.28,54.75,3807.47,-7.05,634.81,101.0,864.97,-7.42
2026-08-22T03:55Z,4858.72,-0.11,5464.28,56.37,3893.48,-0.1,625.06,101.0,872.64,-0.11
2026-08-22T04:00Z,4847.27,-0.11,5468.31,48.01,3902.93,-0.1,639.97,101.0,874.79,-0.11
2026-08-22T04:05Z,4856.55,-2.01,5450.41,31.02,3967.69,-1.91,632.44,104.78,881.43,-0.96
2026-08-22T04:10Z,4901.69,-2.01,5477.21,43.01,3959.68,-1.84,608.16,101.0,882.42,-0.96
2026-08-22T04:15Z,4904.26,-5.01,5487.51,48.3,4006.24,-4.67,607.66,104.78,882.49,-0.96
2026-08-22T04:20Z,4996.23,-2.01,5467.24,54.75,4083.13,-1.91,612.61,105.01,880.08,-0.96
2026-08-22T04:25Z,5073.15,-2.0,5545.56,43.01,4080.67,-1.88,611.17,104.78,865.72,-1.98
2026-08-22T04:30Z,5153.42,-0.11,5533.93,31.02,4109.31,-0.1,601.18,101.0,872.86,-0.11
2026-08-22T04:35Z,5205.3,-2.0,5491.43,31.02,4132.53,-1.86,602.13,101.0,871.47,30.24
2026-08-22T04:40Z,5294.4,-0.11,5533.52,40.1,4239.48,-0.1,593.49,101.0,752.84,-0.1
2026-08-22T04:45Z,5323.79,-0.1,5504.08,40.1,4249.57,-0.1,618.66,88.06,756.25,-0.1
2026-08-22T04:50Z,5401.13,-0.11,5568.83,43.01,4263.1,-0.1,632.01,101.0,752.5,-0.1
2026-08-22T04:55Z,5391.76,-0.05,5679.26,44.52,4310.11,-0.05,645.86,101.0,770.82,-0.05
2026-08-22T05:00Z,5495.97,-0.05,5671.72,29.11,4337.74,-0.05,669.04,104.78,854.79,0.04
2026-08-22T05:05Z,5515.7,0.01,5682.09,0.01,4277.62,-0.05,658.3,104.78,891.74,-0.05
2026-08-22T05:10Z,5480.13,-0.05,5768.3,-0.06,4293.91,-0.05,680.72,101.0,896.17,-0.05
2026-08-22T05:15Z,5642.96,11.26,5880.99,13.26,4416.83,10.6,683.13,88.01,904.2,11.14
2026-08-22T05:20Z,5728.96,10.95,5883.28,12.73,4497.13,10.5,718.72,101.0,909.68,11.03
2026-08-22T05:25Z,5704.7,0.01,5897.89,0.01,4580.37,0.01,744.53,101.0,915.69,0.01
2026-08-22T05:30Z,5834.81,26.68,5958.58,29.83,4575.27,26.05,774.69,84.22,923.13,27.11
2026-08-22T05:35Z,6052.48,23.95,5951.05,27.3,4625.27,22.66,796.67,28.26,928.11,23.36
2026-08-22T05:40Z,6158.28,21.23,5967.53,24.99,4739.8,20.13,841.38,67.44,906.84,20.61
2026-08-22T05:45Z,6125.51,23.95,5957.42,27.68,4750.84,22.55,855.8,40.87,909.99,23.09
2026-08-22T05:50Z,6333.01,49.2,6054.19,56.55,4831.8,44.94,898.78,54.17,916.11,46.16
2026-08-22T05:55Z,6445.74,29.71,6032.63,31.36,4936.32,28.48,909.66,36.12,923.91,29.34
2026-08-22T06:00Z,6589.93,53.57,6054.08,54.75,5033.06,50.55,899.69,67.44,929.74,51.91
2026-08-22T06:05Z,6709.37,35.97,6116.41,37.99,5113.68,33.7,909.09,42.02,936.7,34.38
2026-08-22T06:10Z,6758.22,24.97,6068.35,26.19,5112.36,23.61,924.5,28.46,947.14,24.09
2026-08-22T06:15Z,6858.26,51.54,6184.69,54.5,5236.11,48.79,937.41,59.82,957.92,45.19
2026-08-22T06:20Z,7023.5,76.2,6151.15,78.41,5375.76,72.17,956.35,81.31,976.13,71.68
2026-08-22T06:25Z,7127.08,79.19,6165.7,78.51,5436.19,76.22,970.03,88.21,982.39,75.9
2026-08-22T06:30Z,7261.27,84.51,6271.85,82.24,5486.85,80.67,984.12,85.51,994.86,80.38
2026-08-22T06:35Z,7284.33,79.87,6272.68,78.73,5596.35,75.79,1015.01,80.06,1005.33,15.06
2026-08-22T06:40Z,7544.75,87.83,6284.74,84.5,5603.42,80.67,1024.71,85.57,1005.06,44.22
2026-08-22T06:45Z,7593.72,93.03,6396.83,91.24,5697.2,84.92,1055.93,89.44,1004.62,79.11
2026-08-22T06:50Z,7690.99,95.2,6518.51,90.58,5750.57,87.71,1084.93,92.11,1047.65,82.22
2026-08-22T06:55Z,7828.57,97.15,6588.76,92.51,5807.34,90.5,1114.51,95.51,1047.45,84.82
2026-08-22T07:00Z,7880.63,99.06,6672.8,95.03,5931.69,94.45,1123.89,101.17,1072.03,88.24
2026-08-22T07:05Z,7993.46,93.93,6724.44,92.51,6024.35,88.34,1169.45,95.61,1089.64,81.0
2026-08-22T07:10Z,8020.75,95.2,6729.48,94.39,6098.8,91.22,1218.61,99.38,1096.95,83.37
2026-08-22T07:15Z,8188.41,103.99,6758.75,102.44,6154.58,98.97,1252.15,105.4,1103.42,90.44
2026-08-22T07:20Z,8131.43,104.99,6782.36,102.8,6127.66,101.76,1289.37,109.0,1115.56,93.29
2026-08-22T07:25Z,8326.25,119.02,6837.68,116.61,6209.09,117.29,1316.96,124.87,1132.95,107.85
2026-08-22T07:30Z,8410.58,119.02,6902.71,117.73,6265.63,119.29,1338.18,126.08,1136.26,109.69
2026-08-22T07:35Z,8481.42,105.19,6974.35,102.44,6350.18,101.46,1370.03,106.14,1147.43,93.29
2026-08-22T07:40Z,8576.9,105.19,6989.61,102.45,6374.88,100.73,1391.8,106.1,1166.79,92.9
2026-08-22T07:45Z,8626.31,113.4,7076.96,111.44,6497.41,111.56,1442.34,118.42,1182.01,102.88
2026-08-22T07:50Z,8615.4,113.4,7119.33,110.79,6519.73,113.65,1484.25,121.75,1193.98,104.81
2026-08-22T07:55Z,8686.31,119.02,7195.71,116.39,6562.3,119.4,1519.57,129.27,1203.19,110.1
2026-08-22T08:00Z,8767.83,119.02,7218.67,116.41,6608.23,119.4,1545.09,141.86,1207.97,110.09
2026-08-22T08:05Z,8852.16,113.4,7256.32,112.39,6648.05,109.48,1551.89,143.66,1217.46,98.42
2026-08-22T08:10Z,8779.11,113.4,7220.57,110.91,6676.56,109.79,1586.93,145.12,1235.57,98.38
2026-08-22T08:15Z,8850.59,113.4,7200.42,110.17,6713.58,110.42,1595.81,215.04,1238.59,98.94
2026-08-22T08:20Z,8852.5,113.4,7223.93,110.9,6755.84,108.8,1578.58,197.5,1243.32,97.48
2026-08-22T08:25Z,8889.82,111.48,7148.91,105.49,6717.57,106.13,1593.46,172.95,1248.97,95.71
2026-08-22T08:30Z,8850.6,113.4,7208.55,109.48,6729.41,108.07,1613.24,145.12,1248.75,97.46
2026-08-22T08:35Z,8869.29,113.4,7200.76,113.77,6707.59,104.94,1667.55,215.04,1251.97,94.94
2026-08-22T08:40Z,8907.42,106.85,7116.21,106.39,6729.67,99.0,1585.1,215.04,1251.89,89.27
2026-08-22T08:45Z,8863.52,106.03,7067.28,104.83,6734.59,98.57,1596.87,172.95,1247.68,88.88
2026-08-22T08:50Z,8772.13,102.27,7080.0,102.45,6726.47,95.35,1639.57,155.9,1238.96,85.98
2026-08-22T08:55Z,8875.98,106.85,7129.64,105.49,6706.07,99.0,1686.28,155.9,1233.43,88.98
2026-08-22T09:00Z,8833.8,105.19,7063.25,104.01,6758.04,99.1,1686.4,155.9,1219.54,88.78
2026-08-22T09:05Z,8845.66,113.4,7075.15,114.33,6714.73,105.93,1684.54,172.95,1220.42,95.52
2026-08-22T09:10Z,8716.14,113.4,7026.73,113.54,6736.33,107.48,1655.9,155.9,1217.74,97.22
2026-08-22T09:15Z,8743.06,113.4,7006.54,109.21,6720.03,110.28,1675.68,155.9,1224.63,100.07
2026-08-22T09:20Z,8732.99,101.65,7046.25,102.45,6717.69,98.86,1670.1,170.7,1225.99,89.42
2026-08-22T09:25Z,8788.47,103.1,6962.76,102.45,6704.19,100.53,1636.29,155.9,1223.26,90.94
2026-08-22T09:30Z,8717.18,113.5,6970.62,114.88,6662.92,109.53,1684.07,155.9,1216.87,98.46
2026-08-22T09:35Z,8590.63,119.02,6996.42,117.6,6692.98,119.58,1677.77,155.9,1223.69,107.49
2026-08-22T09:40Z,8579.21,112.44,6959.15,104.83,6622.2,114.74,1661.74,172.95,1222.32,102.82
2026-08-22T09:45Z,8656.36,118.25,6919.32,113.78,6611.08,122.35,1621.89,172.95,1225.16,109.29
2026-08-22T09:50Z,8561.62,117.16,6846.48,115.54,6599.2,125.18,1627.28,156.09,1225.19,112.18
2026-08-22T09:55Z,8611.83,122.86,6929.58,120.5,6589.46,128.48,1650.73,155.9,1226.12,115.14
2026-08-22T10:00Z,8598.86,122.86,6883.5,119.3,6590.51,170.0,1652.38,208.87,1223.45,152.34
2026-08-22T10:05Z,8499.69,124.8,6913.85,119.3,6541.85,139.0,1596.5,176.29,1214.26,125.37
2026-08-22T10:10Z,8542.57,123.99,6915.12,115.54,6606.4,139.0,1617.62,159.27,1234.71,126.17
2026-08-22T10:15Z,8585.85,142.9,6806.49,132.98,6612.97,161.46,1639.01,172.95,1238.86,147.01
2026-08-22T10:20Z,8395.73,113.4,6802.39,109.65,6515.8,115.0,1609.33,155.9,1219.32,104.06
2026-08-22T10:25Z,8571.97,120.85,6808.27,113.9,6474.31,122.92,1608.74,155.9,1206.69,111.23
2026-08-22T10:30Z,8538.37,122.86,6818.99,116.55,6482.78,125.07,1625.98,155.9,1204.33,112.81
2026-08-22T10:35Z,8470.15,121.05,6793.34,115.54,6524.45,139.0,1622.64,264.2,1213.62,125.37
2026-08-22T10:40Z,8584.78,126.66,6900.44,120.28,6487.35,128.48,1558.36,215.04,1215.76,115.9
2026-08-22T10:45Z,8468.6,113.4,6901.13,111.92,6481.48,114.26,1549.64,155.9,1209.66,102.08
2026-08-22T10:50Z,8518.91,113.4,6912.5,111.93,6480.62,121.46,1592.87,155.9,1200.82,108.14
2026-08-22T10:55Z,8505.29,119.02,6977.33,116.08,6440.22,118.14,1606.0,155.9,1190.2,105.18
2026-08-22T11:00Z,8424.09,119.02,6947.75,115.54,6356.71,120.88,1582.04,155.9,1193.16,108.02
2026-08-22T11:05Z,8440.17,113.4,6873.34,111.16,6405.98,129.06,1575.37,255.0,1186.59,116.06
2026-08-22T11:10Z,8472.06,121.8,6913.83,117.73,6370.46,122.35,1532.06,255.0,1193.43,109.32
2026-08-22T11:15Z,8332.52,117.02,6900.28,114.76,6305.38,118.5,1518.71,152.87,1194.02,105.9
2026-08-22T11:20Z,8308.72,101.1,6814.03,100.24,6298.6,118.38,1567.04,155.9,1190.73,101.2
2026-08-22T11:25Z,8397.8,113.5,6918.47,107.81,6320.7,119.58,1575.49,264.23,1182.46,88.2
2026-08-22T11:30Z,8368.85,121.01,6883.0,115.65,6292.52,122.35,1501.11,255.0,1165.08,88.2
2026-08-22T11:35Z,8279.01,117.15,6846.62,112.62,6219.14,118.5,1499.96,198.0,1140.89,46.2
2026-08-22T11:40Z,8318.93,102.53,6852.81,102.44,6285.06,118.34,1498.64,264.1,1143.41,105.38
2026-08-22T11:45Z,8359.17,121.1,6808.63,116.35,6217.39,119.58,1465.03,170.7,1143.7,107.56
2026-08-22T11:50Z,8159.36,118.11,6727.04,114.11,6163.6,118.5,1495.96,170.7,1132.86,106.25
2026-08-22T11:55Z,8227.59,121.0,6749.38,115.54,6195.39,119.58,1522.4,264.1,1131.44,107.56
2026-08-22T12:00Z,8158.98,113.94,6722.95,108.67,6072.44,115.06,1475.3,255.0,1143.59,103.84
2026-08-22T12:05Z,8197.14,107.61,6581.26,102.45,5986.86,108.5,1453.19,172.95,1129.66,97.31
2026-08-22T12:10Z,8188.62,121.1,6610.8,116.8,6110.48,119.58,1499.69,155.9,1133.55,107.23
2026-08-22T12:15Z,8141.41,113.4,6642.44,110.84,6113.48,115.0,1495.64,194.98,1124.01,102.78
2026-08-22T12:20Z,8255.54,113.4,6634.59,108.03,6095.15,113.42,1450.63,255.0,1125.86,101.7
2026-08-22T12:25Z,8204.61,110.35,6548.94,107.73,6049.7,110.34,1443.45,170.7,1121.63,98.95
2026-08-22T12:30Z,8237.45,113.5,6567.34,108.72,6031.71,111.76,1464.02,198.0,1125.67,100.22
2026-08-22T12:35Z,8087.38,113.4,6560.63,108.62,6011.63,115.0,1447.86,155.9,1107.89,103.79
2026-08-22T12:40Z,8135.25,109.09,6524.79,102.45,5947.94,116.01,1459.16,195.87,1094.12,104.04
2026-08-22T12:45Z,8155.02,121.1,6444.21,115.55,5906.85,118.5,1417.33,255.0,1082.81,106.62
2026-08-22T12:50Z,8076.46,121.1,6350.83,113.48,5941.6,118.5,1388.95,196.87,1081.45,105.93
2026-08-22T12:55Z,7981.9,121.6,6333.77,113.21,5914.46,118.5,1406.1,155.9,1080.24,105.94
2026-08-22T13:00Z,7933.78,111.19,6318.08,104.83,5869.67,111.11,1424.82,172.95,1073.33,89.2
2026-08-22T13:05Z,7967.69,121.92,6279.78,114.88,5959.24,118.5,1411.04,255.0,1079.82,106.27
2026-08-22T13:10Z,7943.13,122.86,6280.43,115.03,5995.2,118.5,1353.22,170.7,1076.69,105.92
2026-08-22T13:15Z,7835.89,118.4,6311.84,107.73,6039.11,119.58,1383.07,255.0,1070.84,106.88
2026-08-22T13:20Z,7888.0,113.5,6218.48,103.53,6002.38,115.61,1345.69,196.37,1070.11,104.33
2026-08-22T13:25Z,7906.82,121.76,6189.04,108.91,5976.27,118.5,1354.06,197.67,1074.68,106.94
2026-08-22T13:30Z,7911.0,122.69,6197.1,109.92,5953.39,118.5,1366.74,196.37,1071.48,106.26
2026-08-22T13:35Z,7885.48,122.56,6162.44,110.31,5970.86,118.5,1381.85,198.0,1059.22,105.92
2026-08-22T13:40Z,7862.96,121.35,6191.36,109.96,5958.19,118.5,1418.77,264.1,1096.89,106.62
2026-08-22T13:45Z,7770.05,114.54,6127.69,105.49,5937.93,115.22,1361.7,208.87,1089.49,103.34
2026-08-22T13:50Z,7833.59,113.5,6131.84,105.4,5891.09,113.18,1362.11,159.69,1079.23,101.19
2026-08-22T13:55Z,7821.55,113.94,6109.85,104.44,5830.02,111.73,1355.07,130.44,1073.55,100.22
2026-08-22T14:00Z,7835.29,120.86,6055.66,110.01,5817.03,118.5,1364.54,145.28,1071.27,106.98
2026-08-22T14:05Z,7672.58,113.5,5996.5,105.11,5712.75,115.0,1367.35,130.0,1061.16,104.16
2026-08-22T14:10Z,7788.67,113.5,6012.37,107.29,5725.7,115.77,1377.8,130.44,1043.21,104.52
2026-08-22T14:15Z,7768.03,113.5,6060.26,108.03,5771.85,117.88,1380.99,130.44,1046.55,106.42
2026-08-22T14:20Z,7778.65,117.99,5956.1,110.02,5671.04,119.74,1415.26,130.44,1044.89,108.11
2026-08-22T14:25Z,7747.44,119.02,5940.64,111.67,5648.44,119.7,1398.89,130.44,1050.5,107.4
2026-08-22T14:30Z,7623.86,109.59,5920.68,102.8,5675.65,114.01,1404.42,128.45,1056.51,101.61
2026-08-22T14:35Z,7600.41,113.5,5893.98,108.49,5593.38,120.91,1393.08,122.2,1046.43,108.5
2026-08-22T14:40Z,7671.88,115.73,5837.6,109.83,5579.08,122.35,1414.09,122.88,1051.53,109.07
2026-08-22T14:45Z,7524.6,119.02,5802.14,112.2,5565.42,129.15,1422.64,130.44,1046.76,115.13
2026-08-22T14:50Z,7493.64,98.5,5780.7,93.42,5528.88,107.68,1410.83,109.05,1046.53,96.95
2026-08-22T14:55Z,7544.53,119.02,5731.52,111.38,5517.35,128.48,1410.18,129.11,1051.49,115.31
2026-08-22T15:00Z,7543.95,119.02,5790.31,112.18,5422.48,125.71,1399.79,125.9,1044.06,112.84
2026-08-22T15:05Z,7484.26,119.02,5775.86,112.17,5440.09,129.89,1383.91,130.44,1055.95,116.59
2026-08-22T15:10Z,7499.33,119.02,5754.24,112.13,5414.92,129.06,1370.39,130.0,1054.04,115.85
2026-08-22T15:15Z,7385.98,119.02,5728.99,111.39,5374.37,129.82,1368.74,130.44,1050.82,116.54
2026-08-22T15:20Z,7354.13,119.02,5728.52,112.1,5366.95,129.71,1344.92,130.09,1045.54,116.43
2026-08-22T15:25Z,7348.69,139.27,5659.02,129.4,5353.63,153.09,1351.52,153.63,1045.27,138.31
2026-08-22T15:30Z,7236.94,119.02,5654.15,110.59,5340.72,130.15,1324.57,130.44,1040.69,117.58
2026-08-22T15:35Z,7296.62,119.02,5648.28,110.57,5217.97,127.46,1340.93,128.04,1042.04,114.45
2026-08-22T15:40Z,7211.41,119.02,5653.1,110.58,5182.58,125.43,1341.11,124.61,1047.35,112.63
2026-08-22T15:45Z,7175.14,119.02,5622.73,110.55,5176.79,127.58,1352.7,128.33,1057.82,114.57
2026-08-22T15:50Z,7178.77,121.56,5616.55,112.18,5202.83,130.28,1346.72,130.44,1063.53,116.99
2026-08-22T15:55Z,7098.7,119.02,5662.44,111.31,5192.86,125.49,1338.4,124.65,1050.32,112.33
2026-08-22T16:00Z,7089.05,115.88,5626.49,106.96,5150.34,121.0,1315.28,119.16,1043.1,108.31
2026-08-22T16:05Z,7061.95,119.02,5608.78,109.13,5160.85,125.28,1313.39,123.37,1049.25,112.86
2026-08-22T16:10Z,7082.67,119.02,5562.0,108.38,5147.26,126.28,1315.46,124.76,1054.44,114.13
2026-08-22T16:15Z,7055.27,97.97,5541.71,88.62,5122.12,103.03,1300.45,101.34,1050.21,93.12
2026-08-22T16:20Z,7079.02,116.53,5638.93,105.55,5019.98,120.46,1298.92,118.17,1069.53,109.25
2026-08-22T16:25Z,7067.28,106.52,5592.55,96.44,5012.41,110.05,1290.73,107.88,1058.38,99.49
2026-08-22T16:30Z,7014.68,98.44,5547.95,87.95,5062.82,102.58,1289.19,101.02,1055.56,92.73
2026-08-22T16:35Z,7020.32,105.53,5586.69,93.73,5034.22,109.05,1288.03,106.44,1045.94,98.89
2026-08-22T16:40Z,7026.49,119.02,5565.15,105.68,5019.87,123.97,1286.98,121.49,1044.02,112.43
2026-08-22T16:45Z,6942.31,114.54,5589.52,103.02,4996.18,118.27,1275.65,115.36,1037.15,106.92
2026-08-22T16:50Z,6897.54,97.65,5590.68,87.83,5001.86,102.44,1268.76,101.02,1049.82,92.31
2026-08-22T16:55Z,6900.97,99.87,5547.64,90.37,4993.38,103.15,1283.97,101.02,1054.75,92.96
2026-08-22T17:00Z,6916.55,106.52,5559.92,95.79,4923.45,109.2,1307.67,107.22,1055.52,98.43
2026-08-22T17:05Z,6869.73,117.31,5553.35,105.49,4936.85,122.19,1284.66,122.37,1058.55,110.13
2026-08-22T17:10Z,6931.18,119.02,5578.88,107.06,4911.13,121.9,1279.63,120.04,1061.36,110.23
2026-08-22T17:15Z,6911.23,114.54,5567.03,103.02,4962.44,118.34,1276.82,114.68,1068.36,107.34
2026-08-22T17:20Z,6905.09,102.83,5613.54,93.73,4988.43,106.27,1272.76,102.55,1067.64,96.39
2026-08-22T17:25Z,6876.46,102.8,5641.53,93.73,4945.3,104.57,1277.5,101.02,1065.77,94.85
2026-08-22T17:30Z,6922.54,103.54,5575.53,93.73,4933.98,105.28,1280.78,101.33,1055.62,95.49
2026-08-22T17:35Z,6863.35,104.84,5601.64,93.73,4939.35,106.64,1277.79,102.64,1050.47,96.11
2026-08-22T17:40Z,6914.51,104.87,5571.53,93.73,4920.22,105.71,1269.04,101.3,1053.43,94.97
2026-08-22T17:45Z,6796.57,97.63,5552.8,86.69,4868.87,99.24,1269.88,97.05,1054.24,89.46
2026-08-22T17:50Z,6864.22,106.52,5554.79,93.98,4878.6,109.11,1272.5,105.84,1073.87,98.67
2026-08-22T17:55Z,6872.22,103.14,5545.12,91.0,4932.0,105.58,1253.17,101.02,1072.38,95.46
2026-08-22T18:00Z,6907.35,106.23,5558.59,93.73,4943.61,107.84,1253.26,103.14,1071.12,97.82
2026-08-22T18:05Z,6784.25,92.08,5550.63,82.81,4856.04,90.5,1254.96,87.67,1067.3,81.58
2026-08-22T18:10Z,6876.39,97.63,5596.51,86.73,4926.86,95.26,1279.63,93.01,1074.53,86.14
2026-08-22T18:15Z,6880.29,98.57,5598.94,88.14,4930.15,94.61,1270.35,91.93,1067.51,85.54
2026-08-22T18:20Z,6799.71,114.54,5649.16,102.48,4912.65,110.82,1263.28,108.11,1066.32,100.21
2026-08-22T18:25Z,6845.9,111.85,5597.78,98.74,4912.2,109.99,1277.54,107.78,1064.45,99.77
2026-08-22T18:30Z,6794.27,105.66,5592.76,93.73,4857.38,103.04,1270.24,101.02,1058.4,93.77
2026-08-22T18:35Z,6772.52,97.63,5586.8,86.72,4919.47,95.97,1257.55,93.96,1067.6,87.33
2026-08-22T18:40Z,6844.53,114.54,5620.21,101.78,4947.86,111.7,1261.32,107.78,1063.8,100.35
2026-08-22T18:45Z,6854.5,106.8,5618.94,95.51,4951.14,104.08,1247.13,101.02,1066.82,93.51
2026-08-22T18:50Z,6889.54,106.52,5641.53,95.28,4948.07,105.47,1249.47,102.37,1065.84,95.67
2026-08-22T18:55Z,6905.76,114.54,5632.81,102.44,4977.24,111.59,1246.09,106.56,1067.13,99.58
2026-08-22T19:00Z,6935.04,119.02,5668.18,106.5,4964.42,115.92,1242.4,110.68,1084.22,103.81
2026-08-22T19:05Z,6937.2,119.02,5656.31,106.63,4976.07,116.8,1233.18,112.31,1083.63,104.24
2026-08-22T19:10Z,6929.18,97.63,5741.94,88.55,4958.76,95.03,1233.68,91.73,1083.03,85.1
2026-08-22T19:15Z,7007.59,106.52,5714.74,95.96,4999.52,107.04,1231.3,103.25,1087.49,96.47
2026-08-22T19:20Z,6972.8,119.02,5772.12,107.99,5001.33,118.6,1219.27,115.66,1092.82,106.89
2026-08-22T19:25Z,7005.22,119.02,5779.46,107.99,5025.8,119.51,1213.35,116.91,1096.86,108.05
2026-08-22T19:30Z,6928.03,104.0,5741.72,93.73,5027.17,103.69,1223.97,100.4,1102.68,93.45
2026-08-22T19:35Z,7012.66,113.99,5797.48,102.8,5024.44,111.8,1228.18,108.63,1097.81,100.12
2026-08-22T19:40Z,7057.06,119.02,5751.22,107.28,5128.7,120.66,1234.92,119.43,1101.86,108.38
2026-08-22T19:45Z,6948.61,119.02,5854.67,110.18,5131.96,118.73,1223.22,117.44,1105.16,106.99
2026-08-22T19:50Z,7073.73,122.4,5893.51,114.08,5116.51,121.0,1220.54,119.16,1100.79,108.69
2026-08-22T19:55Z,7085.74,119.02,5862.76,110.89,5160.08,114.87,1211.53,112.64,1107.17,103.17
2026-08-22T20:00Z,7147.78,110.47,5793.04,102.83,5210.93,105.84,1228.22,101.02,1105.06,94.75
2026-08-22T20:05Z,7107.39,108.25,5855.81,102.8,5245.08,102.19,1238.03,100.67,1106.79,91.48
2026-08-22T20:10Z,7114.46,99.36,5835.0,93.73,5218.17,93.0,1235.26,92.32,1119.02,83.52
2026-08-22T20:15Z,7149.25,107.84,5854.89,102.42,5265.03,102.59,1233.31,101.02,1133.8,92.43
2026-08-22T20:20Z,7247.14,119.02,5901.11,111.66,5357.8,115.94,1231.07,113.53,1136.82,104.11
2026-08-22T20:25Z,7283.31,111.68,5936.34,105.49,5329.17,106.11,1219.16,102.25,1135.16,94.98
2026-08-22T20:30Z,7293.74,119.02,5896.26,111.65,5372.01,115.0,1236.51,113.07,1138.37,102.93
2026-08-22T20:35Z,7334.71,106.59,5910.87,99.36,5466.18,102.97,1224.34,101.02,1142.76,91.83
2026-08-22T20:40Z,7362.71,112.34,5956.15,102.8,5490.34,109.37,1216.93,106.39,1151.76,98.19
2026-08-22T20:45Z,7458.49,97.63,5907.25,87.47,5491.2,96.52,1209.74,94.23,1159.12,86.38
2026-08-22T20:50Z,7429.7,95.2,5852.58,84.73,5564.33,105.02,1232.28,101.02,1155.03,93.97
2026-08-22T20:55Z,7342.64,88.89,5868.83,78.54,5625.21,123.74,1254.39,118.71,1164.31,111.07
2026-08-22T21:00Z,7367.92,88.89,5866.28,78.52,5673.61,105.33,1254.28,101.02,1174.78,94.54
2026-08-22T21:05Z,7436.43,65.97,5722.67,56.5,5638.21,114.12,1248.48,110.31,1175.98,102.1
2026-08-22T21:10Z,7466.23,67.63,5703.73,56.83,5653.16,80.73,1243.11,78.91,1175.8,72.46
2026-08-22T21:15Z,7443.33,44.29,5658.37,37.2,5682.54,83.77,1252.92,81.61,1180.12,75.19
2026-08-22T21:20Z,7487.0,47.02,5595.74,6.83,5741.99,80.67,1263.96,78.59,1186.49,72.63
2026-08-22T21:25Z,7386.53,48.33,5488.17,-1.31,5716.68,78.42,1260.71,75.54,1183.26,70.61
2026-08-22T21:30Z,7401.09,23.95,5491.44,-3.39,5723.28,74.48,1266.87,71.48,1198.35,67.06
2026-08-22T21:35Z,7364.18,23.95,5408.78,-1.92,5709.47,60.94,1260.28,58.02,1200.87,55.22
2026-08-22T21:40Z,7271.41,23.95,5344.81,-3.39,5712.31,44.0,1287.0,41.81,1202.08,41.14
2026-08-22T21:45Z,7262.19,23.95,5320.78,0.01,5771.12,44.0,1290.62,42.12,1175.24,40.88
2026-08-22T21:50Z,7243.92,2.58,5242.15,0.01,5754.14,42.85,1284.27,41.17,1171.79,40.18
2026-08-22T21:55Z,7214.83,23.95,5188.27,-2.15,5663.11,24.04,1287.92,23.04,1158.02,28.47
2026-08-22T22:00Z,7167.7,23.72,5133.52,-3.4,5709.55,24.0,1272.34,23.06,1132.58,23.2
2026-08-22T22:05Z,7157.76,23.55,4999.05,0.01,5681.11,24.0,1260.64,23.14,1133.36,27.25
2026-08-22T22:10Z,7113.2,22.16,5022.66,0.01,5676.57,22.93,1236.83,22.2,1138.02,22.36
2026-08-22T22:15Z,7190.95,23.44,4953.27,-3.39,5601.36,24.0,1225.94,23.24,1141.66,40.12
2026-08-22T22:20Z,7153.58,22.59,4953.81,-3.4,5549.42,23.1,1208.5,22.2,1145.11,23.94
2026-08-22T22:25Z,7157.37,12.65,4816.56,-3.39,5590.94,13.04,1196.83,12.42,1140.08,13.77
2026-08-22T22:30Z,7123.43,10.29,4817.43,-3.39,5541.0,10.5,1177.54,9.91,1138.35,11.09
2026-08-22T22:35Z,7076.48,21.83,4698.97,-3.4,5468.29,21.73,1160.33,20.49,1149.85,24.87
2026-08-22T22:40Z,7076.09,13.33,4674.62,-3.51,5437.94,13.04,1147.16,12.21,1144.91,13.81
2026-08-22T22:45Z,7070.6,0.92,4551.74,-4.84,5381.23,0.94,1124.3,0.89,1146.05,0.99
2026-08-22T22:50Z,7068.22,0.92,4487.74,-4.83,5299.66,0.94,1099.89,0.87,1145.62,1.66
2026-08-22T22:55Z,6930.56,10.87,4490.73,-4.84,5157.86,10.5,1063.78,9.28,1146.04,11.88
2026-08-22T23:00Z,6870.32,10.89,4394.18,-5.0,5058.89,10.5,1028.27,9.17,1140.78,11.13
2026-08-22T23:05Z,6839.11,10.9,4334.27,-5.0,5034.45,10.5,995.84,9.16,1136.56,11.13
2026-08-22T23:10Z,6922.77,11.25,4297.97,-4.84,5017.31,10.65,980.55,9.31,1164.49,15.12
2026-08-22T23:15Z,6836.77,13.2,4224.2,-5.0,4915.13,10.5,941.2,9.1,1167.1,11.1
2026-08-22T23:20Z,6851.37,25.1,4158.16,-6.0,4830.39,0.0,897.76,0.0,1162.45,0.0
2026-08-22T23:25Z,6724.77,9.58,4096.54,-6.01,4767.35,8.94,876.31,7.75,1145.09,10.17
2026-08-22T23:30Z,6656.84,0.92,4040.32,-6.54,4679.58,0.87,837.57,0.76,1138.81,0.92
2026-08-22T23:35Z,6586.33,2.5,3977.7,-7.01,4538.79,2.42,808.18,2.1,1133.77,3.3
2026-08-22T23:40Z,6603.36,23.95,3990.4,-6.54,4493.49,2.42,786.22,2.08,1133.92,3.29
2026-08-22T23:45Z,6418.52,11.07,3934.83,-7.25,4438.29,10.5,748.61,9.03,1133.08,11.86
2026-08-22T23:50Z,6388.55,4.57,3905.37,-7.01,4346.37,4.39,715.73,3.79,1135.04,5.39
2026-08-22T23:55Z,6379.61,4.65,3773.5,-7.25,4220.4,4.39,694.8,3.76,1132.1,5.39
2026-08-23T00:00Z,6169.32,0.92,3738.3,-7.25,4151.36,0.88,660.35,0.74,1126.16,1.65
2026-08-23T00:05Z,6125.75,4.66,3699.64,-7.25,4094.61,4.39,626.28,3.73,1126.2,15.12
2026-08-23T00:10Z,6154.89,5.36,3674.0,-7.25,4047.91,5.05,626.8,4.28,1104.89,8.12
2026-08-23T00:15Z,6120.63,15.77,3643.48,-7.25,3916.2,-1.27,615.46,-1.1,1108.75,1.38
2026-08-23T00:20Z,6027.71,0.92,3588.44,-7.3,3908.53,-4.67,627.04,-4.04,1098.42,-4.62
2026-08-23T00:25Z,5984.06,0.92,3527.61,-7.3,3855.38,-4.68,631.36,-4.04,1098.57,-4.61
2026-08-23T00:30Z,5845.72,0.92,3502.81,-7.3,3860.45,0.0,603.93,-1.0,1105.18,0.69
2026-08-23T00:35Z,5892.93,25.1,3461.63,-7.25,3744.91,-3.5,578.16,-3.04,1103.98,-2.62
2026-08-23T00:40Z,5773.2,28.05,3429.69,-8.51,3642.71,-6.51,588.25,-5.79,1098.34,15.12
2026-08-23T00:45Z,5620.58,15.77,3356.21,-8.51,3686.28,-7.51,591.6,-6.6,1093.01,-5.88
2026-08-23T00:50Z,5696.35,23.51,3313.54,-8.51,3635.95,-8.84,578.98,-7.86,1076.38,-5.88
2026-08-23T00:55Z,5694.51,23.95,3363.3,-8.51,3626.03,-7.5,559.45,-6.87,1069.23,-5.88
2026-08-23T01:00Z,5648.92,23.95,3394.71,-8.51,3495.61,-7.5,527.25,-7.03,1056.82,-5.88
2026-08-23T01:05Z,5615.67,23.51,3445.4,-8.51,3363.99,-8.0,505.18,-7.73,1058.13,-5.88
2026-08-23T01:10Z,5706.41,23.51,3517.28,-7.75,3596.22,-7.5,490.09,-7.05,1043.99,-5.88
2026-08-23T01:15Z,5664.59,15.77,3526.48,-7.3,3596.24,-7.5,467.62,-7.07,1049.32,-5.9
2026-08-23T01:20Z,5654.73,23.51,3486.13,-7.79,3562.1,-6.91,460.52,-6.51,1028.21,-5.96
2026-08-23T01:25Z,5650.65,15.77,3545.8,-7.75,3558.52,-6.0,419.41,-5.28,1021.19,-5.9
2026-08-23T01:30Z,5522.42,15.77,3554.68,-7.3,3487.17,-6.51,389.25,-5.59,1014.97,-5.9
2026-08-23T01:35Z,5463.87,15.77,3600.74,-7.34,3451.9,-6.5,347.41,-5.55,1018.23,14.12
2026-08-23T01:40Z,5538.85,23.51,3721.98,-7.25,3462.61,-7.5,352.12,-6.39,1006.81,-5.88
2026-08-23T01:45Z,5518.7,15.77,3758.94,-7.25,3395.73,-6.6,327.22,-5.62,1010.25,-5.88
2026-08-23T01:50Z,5533.04,23.51,3745.64,-7.25,3463.41,-6.94,328.99,-6.02,988.51,-5.9
2026-08-23T01:55Z,5512.61,23.51,3788.3,-7.25,3446.83,-7.5,317.54,-6.6,993.11,-5.88
2026-08-23T02:00Z,5485.71,23.51,3791.47,-7.01,3467.39,-7.5,304.52,-6.56,991.47,-5.9
2026-08-23T02:05Z,5487.99,23.99,3740.6,-7.25,3477.03,-5.06,283.34,-4.32,984.96,-5.36
2026-08-23T02:10Z,5670.91,41.88,3763.75,-7.01,3501.39,-5.03,259.91,-4.25,977.86,-5.34
2026-08-23T02:15Z,5553.04,23.51,3781.86,-7.01,3539.8,-4.68,262.11,-4.0,961.37,-4.95
2026-08-23T02:20Z,5563.67,23.99,3725.98,-7.25,3540.75,-4.68,277.81,-4.05,964.33,-4.9
2026-08-23T02:25Z,5609.65,23.99,3720.87,-7.25,3453.39,-4.68,296.76,-4.06,964.44,-4.9
2026-08-23T02:30Z,5528.67,23.99,3776.77,-7.25,3499.27,-4.74,330.04,-4.32,960.92,-5.02
2026-08-23T02:35Z,5610.55,42.55,3714.78,-7.3,3575.88,-3.5,336.55,-3.16,972.06,-2.99
2026-08-23T02:40Z,5726.3,28.05,3766.94,-7.3,3593.31,0.0,344.59,0.0,978.18,0.12
2026-08-23T02:45Z,5748.66,42.88,3781.09,-7.3,3511.36,-4.63,313.74,-4.21,966.78,-4.19
2026-08-23T02:50Z,5722.23,42.55,3765.3,-8.51,3503.72,-4.73,342.66,-4.21,976.86,-4.29
2026-08-23T02:55Z,5609.54,42.8,3833.44,-7.79,3513.47,-5.03,341.89,-4.62,974.17,-4.62
2026-08-23T03:00Z,5668.1,42.55,3687.28,-7.79,3529.38,-0.05,349.28,-0.05,975.07,0.12
2026-08-23T03:05Z,5704.07,42.88,3713.67,-7.3,3546.91,-0.05,339.01,-0.05,969.99,0.12
2026-08-23T03:10Z,5750.04,42.8,3672.5,-7.3,3620.92,-1.65,335.43,-1.48,962.3,-1.03
2026-08-23T03:15Z,5798.9,42.88,3783.79,-7.25,3616.07,0.0,332.61,0.0,962.74,0.0
2026-08-23T03:20Z,5704.23,42.55,3730.51,-8.51,3654.88,0.96,332.01,0.88,962.57,1.0
2026-08-23T03:25Z,5658.51,42.8,3663.46,-8.0,3602.34,-5.52,339.62,-5.16,970.19,-5.13
2026-08-23T03:30Z,5596.65,23.95,3675.35,-8.51,3535.41,-4.67,367.41,-4.38,958.85,-4.59
2026-08-23T03:35Z,5573.34,23.99,3690.12,-8.71,3551.55,-6.0,334.49,-5.54,962.71,-5.65
2026-08-23T03:40Z,5610.21,23.99,3715.29,-8.88,3573.96,-1.2,346.9,-1.1,954.89,-1.27
2026-08-23T03:45Z,5573.28,23.95,3700.66,-8.8,3675.37,-5.03,290.92,-4.53,958.84,-4.61
2026-08-23T03:50Z,5441.35,23.95,3712.49,-10.32,3668.24,-3.5,292.63,-3.15,956.99,-2.99
2026-08-23T03:55Z,5514.88,23.99,3646.9,-10.32,3650.83,-0.1,282.39,-0.09,969.18,0.62
2026-08-23T04:00Z,5485.3,23.95,3716.93,-10.32,3678.76,-3.5,291.88,-3.1,963.26,-3.69
2026-08-23T04:05Z,5507.95,23.51,3750.13,-8.76,3674.2,-0.3,282.48,-0.26,952.76,-0.32
2026-08-23T04:10Z,5426.78,11.4,3736.95,-8.51,3642.01,-5.03,277.03,-4.51,959.75,-4.97
2026-08-23T04:15Z,5510.96,23.51,3754.2,-8.8,3601.14,-5.73,280.55,-5.18,972.6,-5.37
2026-08-23T04:20Z,5542.03,23.51,3785.71,-10.32,3675.08,-0.05,305.45,-0.04,981.41,0.67
2026-08-23T04:25Z,5613.49,25.1,3865.0,-8.51,3634.08,-0.05,316.48,-0.04,980.43,-0.05
2026-08-23T04:30Z,5579.87,22.96,3898.06,-7.79,3665.92,4.42,323.74,3.94,989.81,4.69
2026-08-23T04:35Z,5645.16,25.1,4031.41,-7.34,3711.41,0.0,334.04,0.0,993.72,0.72
2026-08-23T04:40Z,5811.91,23.71,4034.48,-8.0,3762.71,12.5,335.31,11.01,992.37,13.64
2026-08-23T04:45Z,5881.87,42.88,4081.78,-7.34,3758.59,4.42,328.18,3.94,998.79,5.43
2026-08-23T04:50Z,5878.64,25.1,4133.72,-7.34,3790.11,2.42,359.67,2.16,991.46,15.24
2026-08-23T04:55Z,5834.32,23.99,4265.25,-7.01,3879.3,1.4,363.63,1.26,996.94,15.24
2026-08-23T05:00Z,6025.88,23.94,4314.06,-6.14,3933.94,3.85,380.05,3.51,1000.19,4.07
2026-08-23T05:05Z,6112.87,1.2,4399.59,-6.0,3947.29,0.95,372.25,0.88,992.82,1.0
2026-08-23T05:10Z,6201.92,31.26,4490.82,-6.0,3902.45,-6.51,369.17,-6.27,994.98,-5.76
2026-08-23T05:15Z,6172.61,-2.07,4623.03,-4.09,4041.51,-2.0,380.93,-1.84,1006.34,-2.12
2026-08-23T05:20Z,6392.48,12.55,4627.99,-5.0,4108.4,-3.5,390.85,-3.24,1002.2,-3.69
2026-08-23T05:25Z,6448.34,11.4,4681.93,-5.0,4184.69,-1.21,402.19,-1.1,1015.76,-1.27
2026-08-23T05:30Z,6513.32,23.74,4910.08,-2.15,4200.69,-4.56,433.77,-4.32,1012.35,-4.82
2026-08-23T05:35Z,6562.68,0.0,4957.89,0.0,4254.1,-0.1,462.62,-0.09,1018.53,-0.1
2026-08-23T05:40Z,6631.26,23.11,5076.37,20.14,4313.6,-4.6,475.63,-4.37,1025.37,-4.82
2026-08-23T05:45Z,6694.25,12.36,5187.54,10.92,4352.09,-0.05,498.2,-0.05,1027.02,-0.05
2026-08-23T05:50Z,6870.41,27.71,5224.38,24.65,4343.8,-3.87,514.49,-3.67,1033.14,-3.38
2026-08-23T05:55Z,6947.9,23.55,5310.74,21.25,4413.88,0.0,546.42,0.0,1044.69,15.1
2026-08-23T06:00Z,6958.56,42.88,5404.4,39.74,4514.89,-0.05,575.73,-0.05,1063.63,15.1
2026-08-23T06:05Z,7167.31,28.95,5496.93,26.85,4623.24,10.65,590.62,10.04,1078.64,12.03
2026-08-23T06:10Z,7270.65,52.29,5609.44,49.19,4592.14,-3.5,581.09,-3.32,1093.97,-2.96
2026-08-23T06:15Z,7317.44,28.95,5688.71,27.61,4751.4,14.43,621.22,13.29,1105.02,16.1
2026-08-23T06:20Z,7394.5,56.92,5810.59,54.73,4810.56,-0.05,643.66,-0.05,1119.69,0.69
2026-08-23T06:25Z,7412.41,42.88,5928.03,41.82,4893.12,39.87,717.14,38.05,1129.76,41.75
2026-08-23T06:30Z,7499.12,65.51,6051.72,63.16,5001.12,60.94,725.98,59.23,1144.5,64.2
2026-08-23T06:35Z,7725.77,60.04,5755.04,54.45,5059.72,57.2,751.23,55.62,1149.42,58.58
2026-08-23T06:40Z,7821.01,60.73,5802.07,54.75,5228.45,56.6,767.0,55.47,1161.66,57.21
2026-08-23T06:45Z,7884.34,65.51,5934.98,59.92,5350.65,60.68,790.02,59.69,1161.11,15.18
2026-08-23T06:50Z,7973.71,68.88,6055.94,62.7,5429.81,64.44,846.37,64.53,1166.46,61.77
2026-08-23T06:55Z,8076.15,83.01,6159.41,76.15,5572.42,78.54,908.22,78.66,1186.44,76.23
2026-08-23T07:00Z,8095.23,82.9,6411.2,77.76,5622.76,78.66,957.58,80.06,1197.51,77.84
2026-08-23T07:05Z,8178.21,69.99,6626.67,70.99,5734.01,64.59,1031.25,67.0,1217.31,59.83
2026-08-23T07:10Z,8282.56,69.99,6699.16,70.99,5809.79,64.88,1117.34,67.9,1235.22,60.1
2026-08-23T07:15Z,8361.5,74.58,6731.14,72.5,5809.41,70.42,1172.51,74.84,1261.52,65.23
2026-08-23T07:20Z,8415.67,82.9,6836.12,79.67,5932.79,79.06,1194.61,84.44,1261.07,72.77
2026-08-23T07:25Z,8552.93,84.67,6889.37,79.36,6059.78,80.82,1222.0,84.51,1267.48,74.37
2026-08-23T07:30Z,8600.54,90.01,6990.71,83.41,6132.45,88.03,1228.98,91.66,1287.97,82.26
2026-08-23T07:35Z,8653.48,82.9,7065.15,77.39,6226.58,78.6,1244.62,82.81,1291.62,72.54
2026-08-23T07:40Z,8768.54,82.9,7080.3,76.9,6319.38,78.92,1326.44,82.22,1305.87,73.06
2026-08-23T07:45Z,8843.06,82.9,7163.1,76.99,6385.82,82.94,1361.86,85.91,1327.23,77.01
2026-08-23T07:50Z,8929.9,82.9,7160.94,76.3,6438.69,82.96,1365.22,85.49,1331.57,77.02
2026-08-23T07:55Z,9071.46,84.67,7182.28,78.15,6441.77,84.16,1390.36,86.93,1345.22,78.38
2026-08-23T08:00Z,9137.92,88.62,7207.28,81.82,6557.35,88.26,1435.82,91.27,1338.7,82.18
2026-08-23T08:05Z,9038.89,84.67,7294.66,78.52,6663.58,87.6,1450.3,92.27,1359.63,81.05
2026-08-23T08:10Z,9037.4,83.1,7263.7,76.3,6654.92,85.09,1458.7,87.76,1362.74,78.73
2026-08-23T08:15Z,9157.7,83.34,7299.28,77.18,6710.74,87.6,1497.06,93.74,1355.07,80.79
2026-08-23T08:20Z,9197.24,84.38,7359.4,78.51,6801.49,88.04,1498.85,91.65,1351.47,80.93
2026-08-23T08:25Z,9147.12,89.61,7307.06,79.73,6830.65,93.7,1529.28,100.04,1358.23,86.13
2026-08-23T08:30Z,9196.82,82.9,7280.08,76.13,6808.41,85.22,1522.48,89.54,1353.27,78.09
2026-08-23T08:35Z,9238.51,82.9,7329.83,76.3,6803.97,87.46,1562.85,91.42,1349.36,80.15
2026-08-23T08:40Z,9175.37,84.67,7273.83,78.73,6777.52,87.19,1561.21,90.81,1333.24,79.9
2026-08-23T08:45Z,9202.32,85.59,7204.52,78.51,6767.46,87.5,1582.89,90.54,1339.85,80.68
2026-08-23T08:50Z,9146.09,82.9,7237.34,74.64,6800.84,85.55,1597.62,88.92,1320.32,78.38
2026-08-23T08:55Z,9196.2,82.9,7212.98,75.57,6828.85,85.75,1605.57,89.54,1324.06,78.57
2026-08-23T09:00Z,9156.94,84.2,7177.41,76.72,6836.07,87.6,1592.7,90.66,1321.89,80.26
2026-08-23T09:05Z,9088.12,82.9,7163.07,76.3,6835.51,84.22,1599.87,85.52,1315.98,77.16
2026-08-23T09:10Z,9089.78,82.9,7154.45,76.48,6823.44,83.54,1604.14,85.86,1313.23,76.54
2026-08-23T09:15Z,9109.34,79.21,7143.05,74.0,6778.29,80.45,1607.28,83.02,1312.56,73.71
2026-08-23T09:20Z,9061.34,80.05,7108.58,74.75,6728.98,81.31,1611.83,83.67,1304.87,74.27
2026-08-23T09:25Z,9003.99,82.9,7204.22,76.53,6769.08,85.64,1609.5,87.41,1309.02,78.47
2026-08-23T09:30Z,9000.05,82.8,7054.17,76.3,6713.38,83.4,1595.09,84.47,1300.97,76.19
2026-08-23T09:35Z,9033.63,82.38,6957.35,76.3,6669.11,83.58,1594.62,84.44,1300.47,76.84
2026-08-23T09:40Z,9049.82,81.32,6935.44,74.0,6678.77,83.12,1584.12,84.44,1302.78,76.65
2026-08-23T09:45Z,8915.82,82.9,6946.11,76.3,6666.87,86.16,1575.18,87.51,1299.13,79.45
2026-08-23T09:50Z,8957.86,82.9,6902.63,76.13,6640.5,87.51,1565.77,87.49,1299.39,80.45
2026-08-23T09:55Z,8857.66,82.9,6883.36,76.23,6588.05,86.07,1553.94,85.7,1289.17,78.88
2026-08-23T10:00Z,8850.65,81.63,6940.87,75.6,6601.73,84.78,1553.84,84.44,1295.37,77.7
2026-08-23T10:05Z,8885.54,85.8,6841.67,76.87,6524.83,87.6,1549.46,88.65,1283.03,80.29
2026-08-23T10:10Z,8797.06,74.85,6861.41,69.69,6502.9,78.91,1534.95,80.76,1293.81,72.56
2026-08-23T10:15Z,8864.97,78.45,6896.24,71.68,6502.27,82.66,1528.12,84.44,1283.9,75.77
2026-08-23T10:20Z,8874.62,90.49,6817.98,79.52,6450.7,93.09,1547.74,94.65,1275.79,85.34
2026-08-23T10:25Z,8813.06,85.24,6757.76,76.3,6416.01,85.51,1525.91,84.55,1264.99,77.9
2026-08-23T10:30Z,8772.2,82.9,6755.28,74.2,6423.7,81.86,1527.93,80.33,1263.32,56.18
2026-08-23T10:35Z,8796.3,82.1,6708.44,72.5,6493.89,83.13,1541.02,83.21,1252.56,75.72
2026-08-23T10:40Z,8796.98,77.89,6847.82,70.68,6459.07,80.67,1507.32,81.2,1250.38,56.2
2026-08-23T10:45Z,8756.08,86.61,6854.26,76.63,6414.78,87.6,1522.23,86.6,1240.69,80.05
2026-08-23T10:50Z,8682.4,84.67,6778.38,75.34,6399.35,85.59,1500.81,83.55,1244.53,78.46
2026-08-23T10:55Z,8593.89,81.68,6842.83,72.73,6367.28,80.67,1509.94,78.23,1246.03,74.19
2026-08-23T11:00Z,8568.72,71.4,6805.5,64.93,6336.86,74.48,1531.61,72.37,1249.54,68.5
2026-08-23T11:05Z,8649.66,84.67,6723.42,74.31,6253.0,84.98,1530.05,82.0,1231.36,78.65
2026-08-23T11:10Z,8618.49,80.52,6720.82,72.5,6236.58,77.57,1511.58,73.86,1232.66,71.57
2026-08-23T11:15Z,8575.01,77.23,6663.75,69.49,6257.7,74.48,1524.71,70.0,1237.51,68.93
2026-08-23T11:20Z,8550.12,75.94,6622.01,67.43,6249.06,74.48,1545.2,67.44,1229.25,68.72
2026-08-23T11:25Z,8559.91,78.64,6647.93,70.75,6205.49,75.87,1551.11,72.24,1211.45,69.56
2026-08-23T11:30Z,8475.99,71.38,6618.47,65.44,6171.8,67.66,1519.47,64.46,1203.21,61.84
2026-08-23T11:35Z,8448.52,79.59,6631.83,72.5,6161.19,74.48,1529.28,70.75,1202.71,68.08
2026-08-23T11:40Z,8381.41,79.08,6631.12,72.5,6099.42,73.19,1510.12,70.0,1202.47,66.69
2026-08-23T11:45Z,8327.03,76.89,6611.63,70.93,6002.38,70.55,1497.86,67.44,1206.82,64.3
2026-08-23T11:50Z,8317.83,70.95,6489.93,64.93,5934.61,64.51,1480.68,61.79,1207.58,59.0
2026-08-23T11:55Z,8275.25,70.88,6574.44,64.93,5987.26,65.03,1492.31,62.07,1206.85,59.28
2026-08-23T12:00Z,8235.05,66.77,6539.78,62.73,5937.74,60.27,1480.12,57.3,1200.17,54.94
2026-08-23T12:05Z,8101.08,69.99,6418.13,64.82,5817.48,64.19,1485.42,61.87,1198.68,58.9
2026-08-23T12:10Z,8217.31,82.23,6401.63,73.74,5843.86,75.87,1460.94,72.65,1196.95,69.83
2026-08-23T12:15Z,8214.06,72.02,6309.98,64.93,5830.24,66.38,1454.41,64.27,1186.85,60.9
2026-08-23T12:20Z,8260.88,72.05,6280.35,64.93,5797.32,65.81,1450.75,63.65,1177.31,60.19
2026-08-23T12:25Z,8145.75,65.5,6323.21,59.83,5762.0,58.03,1454.18,56.2,1177.36,53.08
2026-08-23T12:30Z,8095.1,60.75,6266.77,54.75,5672.42,52.94,1434.84,51.26,1170.58,42.12
2026-08-23T12:35Z,8105.59,64.95,6211.09,57.39,5691.21,55.71,1429.85,53.48,1159.97,50.79
2026-08-23T12:40Z,8067.08,61.37,6114.14,54.5,5597.81,50.9,1410.21,48.45,1147.52,46.87
2026-08-23T12:45Z,8072.94,61.65,6089.52,54.73,5525.68,50.9,1392.08,48.15,1151.3,46.94
2026-08-23T12:50Z,7941.99,60.88,6073.62,54.73,5531.68,50.9,1376.71,47.7,1147.85,46.86
2026-08-23T12:55Z,7900.52,60.13,6050.05,54.73,5482.29,39.24,1382.22,41.39,1147.22,40.22
2026-08-23T13:00Z,7926.7,60.9,6058.36,54.73,5457.12,50.9,1364.17,47.46,1145.66,46.85
2026-08-23T13:05Z,7929.13,62.13,5971.61,54.73,5453.33,34.15,1347.48,40.98,1142.74,40.12
2026-08-23T13:10Z,7839.53,62.11,6022.93,54.75,5464.21,37.9,1348.94,40.85,1117.74,40.2
2026-08-23T13:15Z,7821.69,62.55,5964.49,54.75,5551.43,52.69,1346.93,49.12,1116.6,48.5
2026-08-23T13:20Z,7700.31,61.73,5993.7,54.75,5547.93,51.98,1327.89,48.02,1099.59,47.7
2026-08-23T13:25Z,7652.02,64.89,5991.63,57.91,5471.74,33.54,1316.84,41.05,1092.79,40.12
2026-08-23T13:30Z,7718.28,64.89,5961.61,57.52,5526.36,52.39,1348.74,49.54,1091.46,48.89
2026-08-23T13:35Z,7721.03,62.19,5914.51,54.75,5467.0,45.59,1352.27,45.15,1093.3,45.04
2026-08-23T13:40Z,7575.18,60.58,5947.95,54.73,5452.78,37.35,1380.91,40.47,1083.98,40.12
2026-08-23T13:45Z,7610.99,60.61,5918.09,54.73,5374.35,35.76,1364.03,39.41,1071.6,40.12
2026-08-23T13:50Z,7606.95,60.24,5893.55,54.73,5259.8,20.65,1346.77,30.85,1038.89,30.11
2026-08-23T13:55Z,7525.95,43.23,5843.09,39.75,5261.31,17.09,1354.08,23.43,1059.73,23.69
2026-08-23T14:00Z,7566.56,43.22,5862.14,39.75,5266.52,20.68,1363.85,25.53,1047.5,25.94
2026-08-23T14:05Z,7492.07,61.11,5786.64,54.75,5175.78,39.39,1353.95,41.65,1036.64,55.12
2026-08-23T14:10Z,7506.02,64.95,5760.31,56.71,5267.48,43.79,1361.48,45.16,1017.51,46.96
2026-08-23T14:15Z,7470.08,62.72,5738.61,54.75,5243.72,20.68,1347.87,34.61,982.39,34.27
2026-08-23T14:20Z,7518.71,63.17,5678.29,54.75,5221.02,41.22,1396.27,43.47,979.65,44.81
2026-08-23T14:25Z,7457.85,61.92,5755.38,54.75,5190.07,18.19,1387.59,30.4,1001.12,29.63
2026-08-23T14:30Z,7436.48,61.98,5642.52,54.73,5094.44,17.09,1398.83,29.92,1010.68,29.72
2026-08-23T14:35Z,7371.52,61.56,5677.65,54.73,5139.33,35.94,1407.5,40.45,1008.4,43.04
2026-08-23T14:40Z,7400.8,62.02,5618.35,54.75,5117.59,35.94,1423.61,41.04,1021.1,43.3
2026-08-23T14:45Z,7410.01,57.39,5567.75,50.63,5070.54,41.22,1421.25,42.45,1012.36,45.66
2026-08-23T14:50Z,7424.21,62.04,5564.75,54.73,5105.92,17.09,1415.85,33.99,1016.31,33.04
2026-08-23T14:55Z,7302.29,48.16,5534.68,43.01,5051.58,41.22,1411.27,39.59,1016.44,43.02
2026-08-23T15:00Z,7315.57,48.45,5560.09,43.01,5053.23,37.41,1400.22,37.57,1011.93,40.34
2026-08-23T15:05Z,7309.91,61.68,5529.5,54.73,5014.87,17.09,1411.96,32.49,1011.39,31.39
2026-08-23T15:10Z,7302.19,57.39,5514.43,50.59,4970.27,10.65,1400.13,25.37,1008.6,24.47
2026-08-23T15:15Z,7305.29,57.39,5510.56,50.27,4943.51,17.09,1411.94,29.1,1000.13,28.75
2026-08-23T15:20Z,7289.28,49.47,5421.84,43.01,5011.15,17.09,1393.23,26.36,995.11,26.32
2026-08-23T15:25Z,7265.12,57.39,5460.17,49.74,4974.83,37.41,1389.44,40.56,999.99,42.55
2026-08-23T15:30Z,7159.38,60.93,5472.09,54.73,4864.15,12.96,1362.75,27.64,998.63,26.85
2026-08-23T15:35Z,7229.05,62.51,5472.85,54.73,4928.18,17.09,1385.3,30.84,1002.72,30.69
2026-08-23T15:40Z,7193.84,57.39,5486.58,50.58,4917.16,38.39,1389.86,41.43,996.96,43.96
2026-08-23T15:45Z,7053.91,48.2,5451.72,43.01,4875.33,19.18,1364.89,27.17,997.36,39.0
2026-08-23T15:50Z,7062.59,48.85,5410.23,43.01,4890.6,39.17,1382.1,38.86,992.84,42.1
2026-08-23T15:55Z,7057.18,57.81,5437.96,52.23,4816.68,5.43,1356.99,22.16,996.73,24.55
2026-08-23T16:00Z,7002.33,47.6,5441.04,43.01,4786.94,17.09,1386.62,25.73,989.19,26.03
2026-08-23T16:05Z,6992.81,64.95,5435.1,56.13,4844.67,20.68,1375.2,33.94,988.96,33.94
2026-08-23T16:10Z,6908.81,57.39,5447.93,51.42,4765.32,19.18,1372.19,29.87,989.85,30.31
2026-08-23T16:15Z,6892.92,48.55,5380.88,43.01,4774.48,20.65,1355.5,28.04,977.32,28.63
2026-08-23T16:20Z,6862.98,48.56,5360.3,43.01,4749.58,13.07,1360.79,23.42,978.13,23.18
2026-08-23T16:25Z,6916.12,61.38,5400.8,54.73,4718.75,13.07,1353.87,23.38,875.04,22.61
2026-08-23T16:30Z,6876.87,57.39,5384.92,51.49,4718.93,17.09,1342.59,23.99,846.55,23.42
2026-08-23T16:35Z,6786.98,42.88,5382.51,37.99,4636.19,17.09,1340.91,23.42,871.72,23.14
2026-08-23T16:40Z,6884.47,45.46,5356.89,39.75,4628.31,17.09,1352.77,23.42,941.35,23.64
2026-08-23T16:45Z,6834.99,61.09,5359.85,54.45,4698.14,29.02,1358.13,29.0,949.25,30.19
2026-08-23T16:50Z,6759.77,57.39,5393.94,51.83,4678.38,17.09,1339.27,23.42,954.42,23.44
2026-08-23T16:55Z,6795.84,45.17,5349.72,39.75,4599.67,17.09,1359.97,25.52,963.7,25.12
2026-08-23T17:00Z,6734.75,42.88,5348.86,37.98,4593.58,14.81,1353.05,23.42,963.25,22.82
2026-08-23T17:05Z,6690.6,57.39,5364.72,50.52,4625.08,17.09,1352.5,29.93,966.44,28.93
2026-08-23T17:10Z,6718.56,61.39,5363.42,54.73,4654.7,17.09,1360.31,30.82,958.0,29.94
2026-08-23T17:15Z,6764.28,57.89,5365.14,51.6,4655.49,13.07,1346.1,26.47,965.15,26.12
2026-08-23T17:20Z,6820.82,62.6,5366.02,54.75,4666.21,41.22,1341.58,45.46,981.28,47.63
2026-08-23T17:25Z,6692.86,45.44,5325.43,40.75,4592.98,22.88,1331.88,28.77,984.57,29.62
2026-08-23T17:30Z,6761.07,57.39,5312.3,50.8,4612.56,19.18,1320.59,30.1,989.78,30.58
2026-08-23T17:35Z,6727.76,60.99,5373.14,54.73,4570.06,12.5,1319.81,28.14,983.22,27.0
2026-08-23T17:40Z,6737.44,61.38,5377.37,54.73,4572.58,41.22,1323.09,45.7,987.83,47.5
2026-08-23T17:45Z,6749.94,62.16,5421.82,54.75,4652.55,37.41,1317.31,44.5,978.92,45.22
2026-08-23T17:50Z,6646.85,57.39,5382.18,51.42,4650.71,17.18,1298.35,32.55,986.28,30.93
2026-08-23T17:55Z,6660.08,57.39,5372.6,51.5,4626.37,41.22,1287.65,44.06,986.3,45.88
2026-08-23T18:00Z,6703.38,58.42,5387.51,52.43,4665.32,41.22,1274.16,44.01,985.58,45.78
2026-08-23T18:05Z,6736.68,61.73,5457.07,54.75,4646.36,22.05,1269.84,33.7,991.03,33.52
2026-08-23T18:10Z,6765.11,62.12,5434.62,54.73,4667.6,22.67,1276.5,34.57,987.74,33.99
2026-08-23T18:15Z,6698.17,61.66,5525.18,54.73,4613.65,22.25,1276.03,33.42,988.87,33.48
2026-08-23T18:20Z,6792.23,63.29,5507.65,54.75,4628.21,17.88,1278.72,31.53,989.28,31.08
2026-08-23T18:25Z,6779.67,63.25,5550.16,54.75,4665.72,19.18,1277.25,34.78,999.97,33.3
2026-08-23T18:30Z,6848.04,64.33,5569.31,55.35,4748.88,54.39,1278.5,52.0,1006.49,56.6
2026-08-23T18:35Z,6835.07,64.04,5557.8,54.75,4767.93,54.88,1242.88,52.0,1012.0,56.92
2026-08-23T18:40Z,6797.99,63.17,5626.06,54.75,4783.81,18.06,1259.57,34.25,1008.43,33.32
2026-08-23T18:45Z,6782.89,64.95,5681.39,56.69,4823.06,41.18,1268.01,45.38,1018.98,47.16
2026-08-23T18:50Z,6810.1,65.51,5624.62,56.77,4839.69,35.94,1277.71,45.8,1023.53,45.96
2026-08-23T18:55Z,6927.93,67.35,5702.21,59.17,4859.15,50.94,1283.53,51.87,1029.14,54.76
2026-08-23T19:00Z,6944.92,65.37,5692.21,57.41,4820.47,50.94,1286.24,50.9,1027.93,53.87
2026-08-23T19:05Z,7036.83,46.65,5714.48,41.77,4881.31,35.45,1260.04,35.26,1031.68,37.63
2026-08-23T19:10Z,7092.41,57.39,5782.85,52.09,4974.11,35.45,1287.53,39.18,1043.23,41.04
2026-08-23T19:15Z,7193.56,64.95,5833.57,58.61,5036.29,23.56,1270.55,35.23,1049.05,35.08
2026-08-23T19:20Z,7218.9,64.95,5851.22,58.25,5071.27,35.45,1301.62,43.12,1049.82,42.85
2026-08-23T19:25Z,7324.47,65.51,5864.32,59.13,5127.17,23.18,1300.92,35.21,1062.34,35.08
2026-08-23T19:30Z,7364.1,68.58,5907.32,62.73,5159.75,12.96,1298.6,30.16,1064.41,29.24
2026-08-23T19:35Z,7457.1,60.61,5931.28,54.75,5201.17,17.09,1312.85,29.99,1068.67,29.36
2026-08-23T19:40Z,7478.85,59.8,5994.84,54.75,5168.24,12.96,1321.42,27.14,1055.72,26.33
2026-08-23T19:45Z,7553.62,57.39,6091.62,53.96,5220.06,10.5,1336.68,24.71,1068.03,24.03
2026-08-23T19:50Z,7598.04,70.03,6093.68,64.6,5331.28,13.07,1340.36,30.46,1069.47,29.59
2026-08-23T19:55Z,7638.46,64.05,6157.65,60.66,5431.44,17.09,1360.55,36.07,1074.84,34.23
2026-08-23T20:00Z,7703.27,64.95,6193.39,60.75,5425.4,17.09,1364.12,35.68,1080.06,34.36
2026-08-23T20:05Z,7797.66,65.51,6185.01,62.73,5576.92,13.07,1361.33,34.48,1094.62,32.34
2026-08-23T20:10Z,7969.55,71.4,6253.14,67.69,5730.77,17.09,1375.72,38.98,1106.46,35.1
2026-08-23T20:15Z,8074.86,71.4,6308.5,68.61,5815.83,17.09,1379.68,39.29,1119.57,35.1
2026-08-23T20:20Z,8217.2,71.4,6383.08,68.67,5888.6,55.67,1382.92,58.47,1142.81,48.1
2026-08-23T20:25Z,8271.92,71.4,6441.99,67.85,5865.75,41.22,1374.59,50.57,1146.87,49.15
2026-08-23T20:30Z,8387.71,71.4,6419.33,66.97,5988.6,38.77,1370.48,49.43,1169.42,48.1
2026-08-23T20:35Z,8474.2,69.99,6427.65,63.58,6097.35,55.48,1389.49,58.21,1161.43,56.48
2026-08-23T20:40Z,8608.62,71.38,6572.49,64.95,6250.22,55.48,1399.14,59.63,1200.38,55.05
2026-08-23T20:45Z,8653.75,71.4,6534.44,64.93,6346.65,55.9,1418.52,60.56,1225.59,55.49
2026-08-23T20:50Z,8738.11,71.4,6529.91,64.95,6393.64,61.51,1437.74,65.16,1244.86,58.21
2026-08-23T20:55Z,8783.04,71.4,6551.65,64.95,6462.72,61.51,1463.57,66.52,1256.67,57.92
2026-08-23T21:00Z,8805.3,71.4,6533.4,64.95,6568.55,65.95,1476.98,70.29,1252.67,60.63
2026-08-23T21:05Z,8854.91,76.99,6563.52,68.3,6539.12,55.67,1497.92,66.96,1249.38,56.83
2026-08-23T21:10Z,8825.53,71.38,6646.26,64.19,6566.97,55.48,1518.68,65.76,1240.85,54.86
2026-08-23T21:15Z,8869.64,71.38,6662.87,64.62,6671.52,61.51,1544.39,69.5,1259.65,58.27
2026-08-23T21:20Z,8862.23,53.98,6645.67,49.49,6822.6,50.9,1536.33,55.41,1274.45,47.07
2026-08-23T21:25Z,8762.51,58.22,6673.03,53.73,6868.4,55.48,1568.75,60.76,1288.4,51.62
2026-08-23T21:30Z,8710.25,51.69,6570.5,46.75,6880.24,50.9,1569.24,55.54,1295.7,47.36
2026-08-23T21:35Z,8659.06,43.29,6588.81,39.91,6907.72,42.35,1591.04,46.27,1297.04,41.01
2026-08-23T21:40Z,8601.53,44.16,6617.37,41.51,6892.79,44.0,1617.67,48.21,1287.74,42.63
2026-08-23T21:45Z,8558.07,28.05,6490.06,27.01,6917.93,28.21,1630.65,30.84,1286.83,35.2
2026-08-23T21:50Z,8511.08,28.05,6454.97,25.81,6915.62,29.92,1656.64,84.81,1275.23,34.1
2026-08-23T21:55Z,8380.73,28.05,6394.09,26.3,6793.38,28.7,1648.94,31.95,1260.92,28.86
2026-08-23T22:00Z,8336.79,28.05,6316.46,26.1,6791.4,28.98,1672.09,32.59,1243.4,28.31
2026-08-23T22:05Z,8262.97,23.95,6257.72,22.42,6755.93,24.78,1690.36,55.68,1240.0,24.99
2026-08-23T22:10Z,8163.52,17.86,6249.01,16.5,6648.71,19.39,1679.27,155.9,1239.85,20.06
2026-08-23T22:15Z,8153.87,23.99,6142.5,22.28,6675.91,25.36,1654.66,156.01,1246.53,25.74
2026-08-23T22:20Z,8027.52,24.96,6161.91,23.34,6614.35,25.13,1641.39,55.9,1256.93,25.59
2026-08-23T22:25Z,7967.04,13.3,6031.05,12.26,6589.79,13.88,1696.3,55.9,1250.53,14.69
2026-08-23T22:30Z,7866.83,13.3,6018.47,12.5,6524.81,14.25,1716.18,156.1,1233.81,15.03
2026-08-23T22:35Z,7723.13,24.41,5931.15,23.06,6392.26,24.68,1691.91,120.3,1230.55,25.87
2026-08-23T22:40Z,7608.75,23.95,5862.65,22.32,6328.96,24.26,1713.93,27.79,1220.12,25.27
2026-08-23T22:45Z,7475.87,25.1,5871.3,23.39,6388.15,26.81,1763.51,55.27,1202.95,27.92
2026-08-23T22:50Z,7370.83,23.99,5849.07,22.49,6306.01,19.11,1765.72,262.0,1196.94,20.16
2026-08-23T22:55Z,7262.42,23.95,5763.38,22.15,6282.61,17.09,1687.43,101.02,1192.85,20.06
2026-08-23T23:00Z,7176.86,16.04,5708.28,14.54,6242.37,17.09,1719.98,23.42,1188.71,20.14
2026-08-23T23:05Z,7105.7,23.26,5639.38,20.68,6235.01,23.86,1757.25,52.87,1185.21,25.01
2026-08-23T23:10Z,7047.7,25.1,5569.26,22.01,6175.35,26.17,1773.58,30.28,1185.66,27.35
2026-08-23T23:15Z,6987.28,25.1,5542.64,23.44,6168.45,19.02,1778.63,22.2,1178.01,20.0
2026-08-23T23:20Z,6894.7,22.54,5477.04,19.99,6018.01,17.09,1766.89,101.02,1167.26,18.03
2026-08-23T23:25Z,6854.47,23.99,5399.66,21.67,6019.04,17.09,1733.28,19.63,1169.35,18.09
2026-08-23T23:30Z,6723.42,13.3,5401.73,12.41,5901.67,10.65,1773.49,12.27,1168.71,11.24
2026-08-23T23:35Z,6732.8,26.77,5407.71,24.81,5801.99,20.68,1766.91,23.94,1155.19,21.83
2026-08-23T23:40Z,6523.3,25.1,5343.89,22.52,5847.48,27.05,1768.02,83.21,1156.11,28.63
2026-08-23T23:45Z,6500.67,28.05,5354.71,25.33,5737.66,30.69,1743.95,49.02,1145.56,32.49
2026-08-23T23:50Z,6460.52,25.1,5328.86,23.54,5671.53,26.36,1749.98,30.81,1135.84,27.82
2026-08-23T23:55Z,6443.61,23.95,5242.45,21.46,5471.97,20.68,1757.88,24.05,1133.25,21.84
2026-08-24T00:00Z,6251.48,15.66,5258.34,14.12,5372.96,16.7,1743.47,23.42,1131.36,17.63
2026-08-24T00:05Z,6212.45,26.88,5267.85,25.03,5271.78,17.09,1749.23,23.42,1122.49,45.12
2026-08-24T00:10Z,6188.62,26.37,5248.62,25.02,5355.79,17.09,1741.85,23.42,1109.39,18.1
2026-08-24T00:15Z,6098.79,26.89,5265.01,25.03,5250.04,12.5,1790.53,22.22,1101.11,45.06
2026-08-24T00:20Z,6005.88,23.95,5260.22,23.17,5122.43,17.09,1770.23,19.67,1105.43,18.11
2026-08-24T00:25Z,5950.05,23.99,5334.22,22.93,5011.54,12.96,1756.14,22.22,1100.91,13.69
2026-08-24T00:30Z,5848.69,13.3,5240.24,12.73,4968.49,13.07,1726.22,21.84,1103.86,13.85
2026-08-24T00:35Z,5874.63,24.84,5250.53,24.81,4906.96,17.09,1724.25,21.93,1109.28,45.12
2026-08-24T00:40Z,5755.67,13.3,5174.69,13.27,4782.83,13.07,1812.06,22.2,1120.48,14.97
2026-08-24T00:45Z,5636.64,24.26,5214.34,25.02,4738.78,17.09,1841.02,23.42,1119.28,18.12
2026-08-24T00:50Z,5579.57,23.99,5205.74,24.9,4767.89,17.09,1826.64,19.98,1123.7,18.12
2026-08-24T00:55Z,5579.68,13.3,5173.62,13.69,4757.21,10.12,1826.21,11.78,1107.97,10.73
2026-08-24T01:00Z,5589.23,23.99,5140.94,24.71,4653.75,6.42,1845.4,52.0,1108.3,6.79
2026-08-24T01:05Z,5386.66,19.54,5106.94,19.99,4634.89,17.09,1792.99,20.22,1105.14,18.07
2026-08-24T01:10Z,5509.96,29.62,5272.56,29.79,4805.59,17.09,1840.09,29.0,1103.69,18.9
2026-08-24T01:15Z,5456.17,25.56,5206.98,25.03,4805.96,6.42,1848.87,29.65,1095.24,7.53
2026-08-24T01:20Z,5390.82,23.95,5208.71,24.22,4820.96,10.65,1837.06,29.0,1091.67,11.29
2026-08-24T01:25Z,5446.1,23.99,5247.84,24.11,4683.49,10.5,1841.08,12.18,1090.38,11.5
2026-08-24T01:30Z,5418.25,23.95,5233.01,24.22,4685.88,16.04,1872.91,69.27,1082.6,16.96
2026-08-24T01:35Z,5330.57,20.28,5200.67,19.99,4645.77,10.65,1818.9,52.0,1072.19,11.29
2026-08-24T01:40Z,5347.9,23.95,5258.1,24.4,4676.42,6.42,1865.44,49.02,1060.74,6.79
2026-08-24T01:45Z,5222.05,13.2,5249.07,13.27,4647.35,10.65,1859.95,29.0,1061.97,11.29
2026-08-24T01:50Z,5268.83,23.95,5183.11,24.22,4653.29,10.65,1904.84,30.96,1049.68,11.29
2026-08-24T01:55Z,5194.15,20.03,5180.82,19.99,4644.11,10.65,1913.12,30.96,1034.05,11.26
2026-08-24T02:00Z,5176.6,23.95,5143.09,23.89,4652.85,4.42,1905.69,29.0,1027.3,4.66
2026-08-24T02:05Z,5081.32,23.68,5055.13,22.85,4563.85,6.42,1874.5,49.02,1025.59,7.18
2026-08-24T02:10Z,5107.44,23.95,5099.12,23.28,4562.33,10.5,1847.99,29.0,1037.58,45.04
2026-08-24T02:15Z,4994.68,23.99,5147.39,23.33,4585.12,6.42,1890.49,68.05,1051.87,35.06
2026-08-24T02:20Z,5031.06,13.64,5102.68,13.26,4508.55,6.42,1832.64,49.02,1059.7,35.24
2026-08-24T02:25Z,5129.58,25.26,5063.4,25.02,4557.87,6.42,1828.71,29.0,1068.69,20.12
2026-08-24T02:30Z,5010.71,23.99,5047.79,23.6,4526.54,8.94,1880.94,52.66,1065.58,9.83
2026-08-24T02:35Z,4969.2,18.08,4991.97,17.77,4584.33,19.2,1841.26,49.02,1071.95,20.24
2026-08-24T02:40Z,4999.97,23.99,4996.37,23.13,4560.36,7.94,1833.98,49.02,1079.19,8.8
2026-08-24T02:45Z,4985.14,25.16,4928.83,25.02,4534.96,6.42,1835.44,49.02,1075.63,6.81
2026-08-24T02:50Z,5021.22,19.98,4902.04,19.99,4482.61,8.94,1823.17,49.02,1055.89,9.45
2026-08-24T02:55Z,4990.75,14.11,4954.18,14.12,4505.45,6.42,1834.91,52.66,1067.71,6.81
2026-08-24T03:00Z,5027.61,19.72,4951.59,19.99,4505.44,10.5,1820.21,49.02,1062.49,11.54
2026-08-24T03:05Z,5004.57,13.59,4859.03,14.12,4653.01,10.65,1836.94,49.02,1061.31,11.29
2026-08-24T03:10Z,5117.94,22.71,4862.28,22.85,4693.17,10.5,1810.48,52.66,1042.03,11.1
2026-08-24T03:15Z,5073.2,25.1,4883.68,24.81,4778.05,26.63,1803.03,49.02,1033.41,28.05
2026-08-24T03:20Z,4991.43,11.94,4893.03,12.75,4775.62,12.5,1831.09,52.37,1020.12,13.17
2026-08-24T03:25Z,5115.61,13.2,4944.53,13.58,4827.18,13.56,1783.49,42.02,1021.83,14.29
2026-08-24T03:30Z,5097.89,22.26,4888.04,22.85,4858.58,22.94,1818.88,42.02,999.52,24.01
2026-08-24T03:35Z,5090.55,12.75,4888.81,13.26,4935.59,13.49,1852.59,49.02,988.92,14.2
2026-08-24T03:40Z,5184.82,23.86,4881.07,24.81,5039.55,24.82,1827.45,42.02,978.07,26.22
2026-08-24T03:45Z,5106.87,23.54,4920.64,24.81,5068.19,25.33,1817.23,42.02,994.31,26.84
2026-08-24T03:50Z,5191.86,17.57,4817.0,18.03,5013.94,19.18,1803.24,42.02,995.66,20.39
2026-08-24T03:55Z,5253.4,13.37,4809.8,13.26,5097.94,19.18,1834.21,22.45,1012.99,21.46
2026-08-24T04:00Z,5326.25,6.77,4799.79,6.85,5150.65,20.88,1882.5,42.02,1014.36,23.28
2026-08-24T04:05Z,5426.77,25.17,4878.29,25.02,5165.41,28.41,1828.35,42.02,1025.09,34.06
2026-08-24T04:10Z,5378.17,25.84,4856.33,25.03,5004.77,34.0,1851.98,42.02,1036.63,44.06
2026-08-24T04:15Z,5419.27,6.98,4929.75,6.85,4984.6,25.62,1839.07,29.65,1047.68,28.4
2026-08-24T04:20Z,5485.09,6.77,4982.13,6.83,5105.82,27.42,1872.36,42.02,1053.82,45.06
2026-08-24T04:25Z,5646.93,6.88,5036.31,6.85,5162.03,31.45,1895.64,52.0,1064.44,33.32
2026-08-24T04:30Z,5692.18,25.93,5065.0,25.02,5188.86,29.09,1894.27,42.02,1068.32,30.82
2026-08-24T04:35Z,5667.0,26.27,5086.55,25.03,5213.13,30.62,1899.53,47.33,1074.57,33.15
2026-08-24T04:40Z,5797.58,26.14,5125.57,25.02,5218.12,33.75,1870.36,39.67,1100.48,37.56
2026-08-24T04:45Z,5756.93,25.56,5149.76,25.02,5167.4,33.75,1836.99,39.29,1111.69,45.12
2026-08-24T04:50Z,5869.1,6.6,5208.6,6.26,5175.34,59.29,1834.97,69.27,1109.89,62.05
2026-08-24T04:55Z,5938.22,33.31,5200.57,29.83,5081.05,64.01,1831.23,74.54,1108.71,67.21
2026-08-24T05:00Z,5920.74,26.87,5276.43,25.03,5060.16,48.42,1828.6,56.15,1106.88,47.1
2026-08-24T05:05Z,6027.48,27.91,5314.09,25.03,5242.65,79.72,1863.5,93.26,1120.97,79.6
2026-08-24T05:10Z,6131.3,0.0,5337.1,0.0,5200.94,86.76,1860.73,107.78,1106.19,86.7
2026-08-24T05:15Z,6227.12,0.0,5494.38,0.0,5308.64,81.68,1855.84,95.25,1109.27,80.17
2026-08-24T05:20Z,6286.11,0.01,5501.15,0.01,5392.08,119.12,1868.03,137.78,1120.82,116.56
2026-08-24T05:25Z,6414.15,0.0,5590.4,0.0,5390.47,106.08,1807.99,120.73,1121.52,102.27
2026-08-24T05:30Z,6486.03,0.0,5616.69,0.0,5421.34,79.72,1813.29,92.18,1140.4,80.93
2026-08-24T05:35Z,6573.5,-2.89,5678.98,-3.0,5530.32,61.51,1850.53,71.23,1153.01,57.87
2026-08-24T05:40Z,6683.76,-4.73,5715.42,-5.0,5575.68,76.79,1856.24,88.21,1164.65,72.47
2026-08-24T05:45Z,6795.85,-6.62,5751.79,-7.01,5550.89,76.81,1857.15,88.21,1174.79,72.05
2026-08-24T05:50Z,6974.39,0.0,5846.53,0.0,5579.92,89.0,1849.8,100.12,1175.6,83.74
2026-08-24T05:55Z,7121.08,23.79,5981.73,23.9,5694.07,107.8,1855.13,121.95,1187.99,99.86
2026-08-24T06:00Z,7221.33,59.1,6053.75,54.73,5748.18,96.46,1804.01,106.7,1197.68,88.24
2026-08-24T06:05Z,7305.14,61.02,6123.12,54.91,5814.55,72.93,1858.59,78.59,1204.96,66.28
2026-08-24T06:10Z,7437.3,83.34,6201.64,74.0,5930.31,119.58,1872.22,127.86,1219.03,108.67
2026-08-24T06:15Z,7503.58,89.28,6318.58,78.51,5924.32,114.14,1844.68,120.73,1226.55,102.74
2026-08-24T06:20Z,7624.67,94.79,6411.7,84.5,6014.33,103.95,1845.02,74.58,1237.59,93.85
2026-08-24T06:25Z,7465.52,92.6,6524.7,83.73,6080.04,95.16,1873.82,88.21,1247.22,87.0
2026-08-24T06:30Z,7552.76,90.49,6584.7,81.91,6091.24,100.42,1881.32,101.02,1250.69,90.66
2026-08-24T06:35Z,7656.93,86.12,6669.67,78.51,6240.16,100.42,1899.4,105.31,1256.41,90.35
2026-08-24T06:40Z,7835.59,90.49,6687.01,81.82,6306.22,100.53,1915.14,101.02,1269.17,90.44
2026-08-24T06:45Z,7898.71,101.1,6768.41,90.58,6313.09,103.02,1918.07,108.37,1273.09,92.38
2026-08-24T06:50Z,7935.75,101.1,6883.58,90.12,6413.05,103.03,1915.0,106.53,1289.92,92.67
2026-08-24T06:55Z,8023.39,95.2,6971.47,84.95,6475.03,110.12,1896.8,101.02,1293.11,100.31
2026-08-24T07:00Z,8363.17,97.52,7130.94,87.74,6544.94,132.68,1898.24,136.29,1301.47,121.23
2026-08-24T07:05Z,8515.47,98.19,7090.03,87.74,6543.06,98.86,1873.37,101.02,1311.58,89.19
2026-08-24T07:10Z,8528.04,92.85,7037.93,84.5,6539.12,92.29,1935.55,94.73,1318.4,82.73
2026-08-24T07:15Z,8624.56,102.22,7212.14,89.73,6646.13,110.5,1948.42,111.16,1335.34,99.36
2026-08-24T07:20Z,8703.22,113.85,7253.04,99.99,6763.24,113.27,1951.1,113.78,1350.25,101.84
2026-08-24T07:25Z,8827.76,118.09,7304.67,102.45,6743.46,117.55,1975.8,119.66,1355.55,106.03
2026-08-24T07:30Z,8827.56,115.04,7368.83,102.44,6784.65,114.48,1970.23,115.07,1358.14,103.26
2026-08-24T07:35Z,8911.66,117.91,7392.41,102.45,6897.02,118.5,1996.66,119.17,1367.95,106.52
2026-08-24T07:40Z,8956.71,112.76,7420.56,100.5,6943.84,129.46,2006.96,129.71,1382.6,117.49
2026-08-24T07:45Z,9109.94,115.68,7493.12,102.44,7024.24,119.58,2020.9,119.85,1388.79,108.17
2026-08-24T07:50Z,9210.9,116.74,7487.34,102.8,7084.0,130.4,2021.54,128.06,1400.64,117.94
2026-08-24T07:55Z,9284.49,117.35,7577.98,102.8,7057.16,129.06,2036.82,129.3,1408.37,116.74
2026-08-24T08:00Z,9343.94,119.96,7609.36,103.15,7099.0,118.72,2044.16,120.3,1399.37,107.37
2026-08-24T08:05Z,9436.6,114.59,7608.17,99.79,7086.27,114.48,2089.11,116.74,1397.93,102.88
2026-08-24T08:10Z,9304.23,113.4,7642.49,98.8,7167.23,114.48,2113.32,119.16,1395.1,102.53
2026-08-24T08:15Z,9372.79,113.4,7630.22,97.54,7203.6,117.36,2130.19,120.3,1393.76,105.11
2026-08-24T08:20Z,9387.41,113.4,7667.82,97.58,7184.18,111.74,2126.03,115.84,1395.3,100.08
2026-08-24T08:25Z,9372.18,113.4,7659.08,99.45,7213.57,114.48,2145.07,118.83,1397.02,102.53
2026-08-24T08:30Z,9295.51,113.4,7679.3,99.46,7194.47,119.58,2147.11,124.68,1396.71,107.1
2026-08-24T08:35Z,9279.44,113.38,7666.42,99.99,7186.17,114.48,2117.66,119.59,1396.16,103.2
2026-08-24T08:40Z,9251.27,107.6,7631.54,93.73,7151.81,114.48,2126.96,120.18,1393.84,103.53
2026-08-24T08:45Z,9283.03,99.58,7507.4,87.74,7152.35,116.62,2096.75,119.5,1393.46,105.8
2026-08-24T08:50Z,9357.53,109.12,7554.61,93.15,7202.66,116.9,2118.27,120.73,1395.29,106.05
2026-08-24T08:55Z,9215.05,104.74,7568.11,89.45,7202.33,104.89,2093.99,107.78,1386.27,94.85
2026-08-24T09:00Z,9159.48,100.11,7617.11,87.75,7160.63,110.5,2124.65,116.06,1380.15,99.61
2026-08-24T09:05Z,9208.71,113.4,7509.71,93.73,7135.96,114.48,2085.81,119.08,1374.43,103.2
2026-08-24T09:10Z,9150.13,107.09,7458.5,92.51,7083.66,110.12,2060.33,114.44,1370.09,99.27
2026-08-24T09:15Z,9094.35,105.96,7401.67,89.73,7062.82,114.48,2064.48,120.3,1371.57,103.21
2026-08-24T09:20Z,9091.55,100.39,7381.51,87.74,7000.72,110.12,2055.48,115.01,1369.1,99.29
2026-08-24T09:25Z,9117.93,106.01,7365.47,89.73,7024.62,106.83,2056.75,109.03,1364.52,96.02
2026-08-24T09:30Z,9081.51,102.95,7304.81,87.75,7028.29,102.95,2055.03,105.08,1362.47,92.82
2026-08-24T09:35Z,9025.43,106.16,7321.87,91.54,7022.53,107.13,2065.76,107.78,1356.18,97.52
2026-08-24T09:40Z,9023.72,101.12,7302.7,89.73,6922.49,99.37,2028.46,101.02,1352.92,89.32
2026-08-24T09:45Z,8950.97,88.48,7316.55,81.82,6936.96,87.73,2042.03,90.6,1345.48,78.85
2026-08-24T09:50Z,8994.93,95.2,7245.36,86.82,6916.36,91.34,2038.79,93.89,1334.6,81.83
2026-08-24T09:55Z,8920.21,99.36,7205.54,87.74,6929.9,94.65,2038.58,97.31,1328.41,84.52
2026-08-24T10:00Z,8867.56,96.66,7264.55,87.63,6816.68,90.5,2019.66,92.31,1323.73,80.83
2026-08-24T10:05Z,8855.97,97.63,7229.67,87.74,6763.6,92.09,2017.1,93.95,1319.06,82.52
2026-08-24T10:10Z,8812.27,93.53,7198.31,84.73,6804.07,89.58,1988.4,90.16,1333.09,80.52
2026-08-24T10:15Z,8840.71,90.46,7049.15,78.73,6777.0,87.96,1980.29,88.19,1327.29,78.82
2026-08-24T10:20Z,8831.11,95.2,7040.18,83.38,6742.2,92.52,1980.17,92.42,1319.93,82.64
2026-08-24T10:25Z,8749.75,90.46,7041.61,78.73,6675.18,90.0,1970.1,90.29,1308.09,80.41
2026-08-24T10:30Z,8765.94,99.21,7041.33,84.73,6681.27,98.66,1966.62,98.9,1302.05,87.83
2026-08-24T10:35Z,8688.5,95.2,6994.38,80.75,6618.35,103.5,1962.52,101.02,1296.05,93.37
2026-08-24T10:40Z,8719.56,106.35,7073.43,88.88,6555.36,108.14,1946.81,105.08,1288.44,97.25
2026-08-24T10:45Z,8616.41,104.01,7045.2,87.74,6481.13,106.59,1935.95,104.82,1288.46,95.87
2026-08-24T10:50Z,8625.99,106.78,7037.21,88.88,6517.59,108.39,1902.81,105.08,1280.77,97.48
2026-08-24T10:55Z,8604.56,106.63,7099.39,88.88,6445.63,108.14,1897.52,105.08,1285.37,97.27
2026-08-24T11:00Z,8575.82,95.2,7020.52,81.84,6382.51,122.24,1885.44,120.3,1270.1,109.6
2026-08-24T11:05Z,8569.41,113.4,7007.29,93.21,6317.55,129.06,1887.33,128.58,1271.86,116.48
2026-08-24T11:10Z,8553.99,100.83,6985.73,87.74,6336.36,114.48,1865.49,110.82,1276.68,102.99
2026-08-24T11:15Z,8530.22,113.4,6955.79,93.73,6318.81,133.3,1846.9,132.06,1269.73,119.54
2026-08-24T11:20Z,8434.39,102.89,6901.35,87.75,6193.25,104.86,1842.85,102.43,1264.59,93.75
2026-08-24T11:25Z,8427.58,111.19,6999.8,93.73,6254.17,114.26,1822.02,101.02,1254.54,102.14
2026-08-24T11:30Z,8340.18,97.86,6877.65,84.5,6208.53,100.62,1839.24,84.51,1252.56,89.65
2026-08-24T11:35Z,8364.65,111.46,6871.47,93.21,6108.0,129.06,1799.33,29.0,1248.49,116.14
2026-08-24T11:40Z,8322.78,108.6,6900.58,93.21,6113.92,140.66,1816.08,30.21,1236.21,126.58
2026-08-24T11:45Z,8319.15,109.29,6906.69,93.21,6048.74,113.05,1809.94,52.0,1224.78,101.73
2026-08-24T11:50Z,8239.8,90.53,6749.24,79.73,5997.86,90.5,1781.65,52.0,1223.59,83.79
2026-08-24T11:55Z,8193.34,86.59,6710.46,77.5,5952.74,86.48,1765.11,29.0,1212.7,79.83
2026-08-24T12:00Z,8142.99,71.4,6695.71,65.12,5828.96,71.26,1768.68,70.08,1210.28,65.79
2026-08-24T12:05Z,8087.85,71.4,6538.24,65.41,5811.11,70.0,1734.5,70.32,1188.28,64.63
2026-08-24T12:10Z,8165.73,71.4,6567.08,66.27,5765.27,68.24,1713.73,66.94,1186.44,63.01
2026-08-24T12:15Z,8175.35,71.4,6564.82,66.67,5746.56,68.18,1691.14,29.65,1173.61,62.95
2026-08-24T12:20Z,8169.92,89.73,6518.61,81.13,5777.18,86.48,1707.59,87.86,1168.72,79.84
2026-08-24T12:25Z,8082.5,71.4,6498.05,67.91,5735.31,68.65,1662.14,67.97,1159.13,63.78
2026-08-24T12:30Z,8093.73,77.79,6427.11,72.5,5711.57,71.8,1648.32,52.66,1148.94,66.5
2026-08-24T12:35Z,8062.72,78.84,6357.01,72.5,5666.75,73.35,1642.97,29.0,1146.33,68.36
2026-08-24T12:40Z,8014.58,74.37,6346.55,68.82,5635.53,70.32,1655.48,72.12,1135.84,65.34
2026-08-24T12:45Z,7943.2,84.46,6323.85,76.18,5619.09,81.68,1613.75,82.3,1127.78,75.89
2026-08-24T12:50Z,7890.04,67.32,6265.59,61.85,5521.43,64.0,1590.22,60.01,1125.87,59.47
2026-08-24T12:55Z,7848.79,66.53,6275.3,61.12,5562.24,61.74,1569.11,9.1,1118.93,57.19
2026-08-24T13:00Z,7884.18,74.0,6215.94,66.23,5546.21,70.32,1573.95,70.55,1114.84,64.94
2026-08-24T13:05Z,7867.83,83.99,6153.91,73.69,5487.97,81.57,1551.1,52.0,1110.73,75.81
2026-08-24T13:10Z,7821.44,82.6,6170.81,72.5,5606.91,80.89,1538.43,9.1,1126.69,75.39
2026-08-24T13:15Z,7819.44,83.65,6069.81,72.5,5675.57,82.06,1568.01,83.05,1117.75,76.24
2026-08-24T13:20Z,7770.14,71.84,6122.27,63.41,5624.29,70.32,1526.7,52.0,1113.1,65.34
2026-08-24T13:25Z,7716.47,79.49,6076.55,69.69,5600.67,78.42,1530.18,77.96,1107.32,72.86
2026-08-24T13:30Z,7614.9,78.8,6078.99,69.08,5536.04,78.42,1535.37,60.01,1104.03,72.65
2026-08-24T13:35Z,7590.44,70.05,6033.03,61.78,5554.69,70.32,1546.0,29.0,1105.13,65.55
2026-08-24T13:40Z,7625.98,83.99,6097.48,73.65,5576.36,84.5,1592.53,85.37,1100.4,78.52
2026-08-24T13:45Z,7610.17,70.69,6010.21,61.92,5497.87,70.32,1537.8,60.01,1093.2,65.35
2026-08-24T13:50Z,7556.55,86.53,6047.79,75.84,5492.97,86.78,1531.41,22.2,1089.53,80.64
2026-08-24T13:55Z,7517.45,87.93,5989.62,76.03,5469.74,90.5,1555.52,90.68,1085.26,84.1
2026-08-24T14:00Z,7585.87,85.5,5946.82,72.5,5448.32,89.19,1503.56,52.0,1086.75,82.89
2026-08-24T14:05Z,7574.48,86.0,5940.46,74.32,5437.65,90.5,1514.77,9.1,1083.76,84.11
2026-08-24T14:10Z,7631.73,91.51,5882.69,78.52,5383.43,95.53,1530.3,96.82,1080.34,88.05
2026-08-24T14:15Z,7703.54,94.08,5839.76,78.73,5359.65,100.42,1499.03,101.0,1083.12,91.03
2026-08-24T14:20Z,7698.17,94.02,5856.98,78.73,5372.3,100.42,1512.28,99.26,1085.66,91.03
2026-08-24T14:25Z,7640.12,91.56,5825.32,78.52,5374.9,97.83,1511.62,96.69,1083.28,88.96
2026-08-24T14:30Z,7587.79,83.99,5771.33,71.97,5276.5,94.52,1509.82,93.19,1077.16,87.05
2026-08-24T14:35Z,7544.15,83.99,5713.75,71.47,5326.45,94.53,1510.75,91.72,1066.76,87.05
2026-08-24T14:40Z,7565.27,83.99,5714.36,71.93,5322.13,106.16,1521.5,104.69,1063.07,95.62
2026-08-24T14:45Z,7521.61,84.65,5726.42,72.5,5294.27,132.68,1511.95,132.83,1069.84,119.89
2026-08-24T14:50Z,7523.08,83.99,5645.01,71.41,5265.14,90.67,1476.72,90.57,1071.69,82.98
2026-08-24T14:55Z,7494.6,73.2,5674.01,62.73,5186.8,78.22,1525.61,77.54,1060.47,71.59
2026-08-24T15:00Z,7441.97,83.93,5671.19,71.83,5223.9,90.5,1524.48,89.37,1063.77,83.09
2026-08-24T15:05Z,7371.67,73.2,5603.29,62.6,5233.6,78.31,1516.91,76.73,1063.46,71.9
2026-08-24T15:10Z,7352.35,73.82,5602.69,62.73,5209.18,97.02,1506.14,98.47,1067.97,88.24
2026-08-24T15:15Z,7338.36,81.32,5606.28,69.1,5187.61,92.36,1478.13,92.17,1063.94,84.54
2026-08-24T15:20Z,7289.31,80.33,5565.76,69.1,5188.85,86.5,1476.1,85.96,1057.91,79.18
2026-08-24T15:25Z,7200.29,73.2,5550.47,62.56,5156.2,77.55,1477.77,76.77,1047.98,70.98
2026-08-24T15:30Z,7148.98,73.2,5532.67,62.15,5145.13,78.87,1482.26,79.35,1035.74,71.96
2026-08-24T15:35Z,7089.9,76.4,5592.46,65.74,5078.72,81.68,1491.9,81.34,1039.91,75.24
2026-08-24T15:40Z,7165.61,81.39,5574.99,69.58,5111.61,84.87,1484.11,60.01,1037.16,78.18
2026-08-24T15:45Z,7158.26,73.2,5486.0,62.12,5116.22,75.82,1512.02,75.3,1036.92,70.05
2026-08-24T15:50Z,7141.0,88.88,5498.84,74.01,5015.3,94.48,1514.85,97.68,1042.23,87.05
2026-08-24T15:55Z,7110.96,74.87,5470.78,62.73,5063.12,78.42,1506.69,76.98,1044.03,72.69
2026-08-24T16:00Z,7104.2,74.89,5454.06,62.73,5042.26,78.42,1512.73,9.1,1043.79,72.7
2026-08-24T16:05Z,7060.06,83.99,5405.64,69.0,5029.05,89.38,1565.69,89.83,1043.87,83.63
2026-08-24T16:10Z,7019.1,87.21,5439.88,72.13,5019.63,93.32,1517.88,94.57,1038.44,87.05
2026-08-24T16:15Z,6973.58,78.99,5476.48,66.22,4925.04,81.66,1495.05,60.01,1038.19,76.42
2026-08-24T16:20Z,6909.22,83.99,5442.87,69.91,4966.92,89.14,1512.01,89.67,1035.99,83.16
2026-08-24T16:25Z,6819.15,75.37,5435.03,62.73,4976.94,80.01,1504.82,29.0,1034.03,74.64
2026-08-24T16:30Z,6770.66,76.78,5461.6,63.93,4912.09,81.66,1535.7,22.2,1032.15,76.19
2026-08-24T16:35Z,6731.19,85.98,5453.93,72.5,4962.65,90.77,1544.93,52.0,1034.31,84.68
2026-08-24T16:40Z,6763.0,85.13,5463.73,71.79,4954.7,89.8,1531.89,90.16,1036.23,83.77
2026-08-24T16:45Z,6788.24,88.9,5441.17,74.47,4933.05,94.96,1491.1,96.95,1036.66,88.05
2026-08-24T16:50Z,6641.2,76.96,5452.27,65.31,4860.81,81.65,1481.59,60.01,1038.85,76.19
2026-08-24T16:55Z,6764.35,82.09,5414.3,69.19,4865.86,86.27,1466.03,9.1,1035.79,80.49
2026-08-24T17:00Z,6726.5,87.67,5414.71,72.97,4933.87,95.46,1508.57,29.65,1038.1,88.24
2026-08-24T17:05Z,6663.48,83.99,5406.65,70.79,4902.3,89.15,1493.36,52.66,1040.86,83.43
2026-08-24T17:10Z,6681.49,76.93,5433.61,64.85,4841.19,81.57,1489.16,52.66,1036.38,76.35
2026-08-24T17:15Z,6718.51,84.03,5409.6,70.38,4940.7,89.82,1478.67,89.13,1033.62,83.79
2026-08-24T17:20Z,6721.39,83.99,5467.34,71.75,4928.93,88.89,1451.86,42.02,1040.05,83.19
2026-08-24T17:25Z,6709.44,80.72,5456.06,68.07,4933.99,86.27,1484.37,23.39,1036.64,80.73
2026-08-24T17:30Z,6661.2,83.99,5488.36,70.86,4811.15,89.05,1499.14,42.02,1038.02,83.35
2026-08-24T17:35Z,6641.66,81.94,5451.08,69.1,4807.79,86.12,1488.27,52.0,1036.29,80.61
2026-08-24T17:40Z,6662.92,82.48,5437.23,69.1,4883.83,87.5,1497.29,42.02,1029.04,81.89
2026-08-24T17:45Z,6691.33,82.48,5433.99,69.1,4891.39,87.46,1490.24,42.02,1029.73,81.85
2026-08-24T17:50Z,6700.81,82.05,5385.38,68.7,4866.89,86.27,1489.68,52.0,1031.81,80.99
2026-08-24T17:55Z,6669.92,76.42,5435.37,63.21,4876.64,81.68,1481.5,42.02,1027.71,76.44
2026-08-24T18:00Z,6674.01,80.75,5472.55,66.84,4893.33,86.27,1472.42,60.01,1030.77,80.99
2026-08-24T18:05Z,6627.95,86.24,5505.26,71.87,4898.32,93.61,1454.78,52.0,1035.04,87.61
2026-08-24T18:10Z,6714.11,87.75,5526.92,73.6,4860.16,93.61,1451.7,8.96,1039.19,87.88
2026-08-24T18:15Z,6754.23,87.03,5541.6,72.55,4861.07,93.61,1457.96,8.93,1041.64,87.62
2026-08-24T18:20Z,6741.54,87.58,5488.77,72.5,4936.56,95.1,1466.97,22.2,1043.56,88.24
2026-08-24T18:25Z,6762.47,87.0,5584.15,72.56,4941.48,93.61,1444.79,8.89,1047.91,87.6
2026-08-24T18:30Z,6840.95,90.0,5564.52,75.52,4931.98,96.37,1440.52,9.1,1039.67,88.24
2026-08-24T18:35Z,6816.8,86.32,5661.68,73.43,4915.0,93.61,1430.51,8.79,1037.82,87.34
2026-08-24T18:40Z,6787.49,84.79,5651.8,72.5,4958.09,93.61,1443.52,8.89,1039.12,87.33
2026-08-24T18:45Z,6793.17,84.66,5679.24,72.5,4979.81,95.18,1443.36,9.1,1036.44,88.24
2026-08-24T18:50Z,6788.57,84.79,5731.01,73.49,4921.4,94.58,1430.6,-6.25,1042.18,88.24
2026-08-24T18:55Z,6903.4,84.79,5696.37,73.08,4993.52,93.61,1425.47,-1.28,1038.77,87.32
2026-08-24T19:00Z,6909.64,84.79,5719.72,73.1,5043.92,96.08,1431.3,-6.25,1043.15,88.24
2026-08-24T19:05Z,6934.52,80.4,5881.8,69.9,5069.19,94.6,1432.96,-6.25,1040.97,88.24
2026-08-24T19:10Z,7016.8,83.96,5836.1,72.5,5125.35,116.31,1427.64,-6.25,1046.76,106.47
2026-08-24T19:15Z,7093.11,89.92,5913.45,77.72,5163.55,94.33,1433.79,-6.25,1055.13,88.24
2026-08-24T19:20Z,7128.6,89.23,5991.25,77.69,5219.66,93.61,1434.14,-7.15,1048.94,87.56
2026-08-24T19:25Z,7205.59,90.51,5961.24,78.27,5287.33,132.76,1437.15,-6.51,1055.16,121.87
2026-08-24T19:30Z,7122.9,87.84,6031.67,77.49,5291.55,93.61,1446.38,-6.51,1063.91,87.82
2026-08-24T19:35Z,7191.09,73.15,6013.1,64.51,5266.44,93.61,1429.15,-7.15,1068.55,87.29
2026-08-24T19:40Z,7262.19,73.15,6116.13,66.25,5331.81,93.61,1437.0,-19.55,1065.3,87.28
2026-08-24T19:45Z,7361.51,84.79,6167.57,76.83,5434.82,93.61,1450.35,-1.0,1068.03,86.72
2026-08-24T19:50Z,7390.13,80.92,6162.97,72.5,5490.26,95.55,1458.39,-6.25,1070.38,88.24
2026-08-24T19:55Z,7473.57,87.73,6200.31,78.52,5545.7,93.61,1468.13,-6.25,1079.62,86.98
2026-08-24T20:00Z,7479.55,84.79,6298.61,76.96,5612.72,135.48,1467.32,-6.25,1095.58,124.31
2026-08-24T20:05Z,7608.4,87.06,6301.76,78.52,5663.68,92.37,1480.0,-6.25,1096.75,85.81
2026-08-24T20:10Z,7700.94,92.67,6449.12,83.73,5756.41,97.49,1477.97,-25.52,1115.89,88.24
2026-08-24T20:15Z,7861.94,93.17,6462.89,82.08,5860.73,98.05,1486.28,-4.21,1132.34,88.24
2026-08-24T20:20Z,7909.29,97.63,6524.33,88.85,5861.64,100.26,1501.89,9.67,1150.33,90.24
2026-08-24T20:25Z,7903.28,99.01,6594.79,88.47,6006.81,104.38,1515.34,-1.0,1160.68,93.92
2026-08-24T20:30Z,7931.01,95.2,6587.87,84.53,6068.46,100.38,1515.67,-1.0,1174.84,90.6
2026-08-24T20:35Z,8059.1,95.2,6658.62,84.73,6174.35,96.54,1536.24,-7.15,1182.73,88.24
2026-08-24T20:40Z,8144.51,88.9,6697.08,78.54,6267.23,90.5,1555.03,8.07,1183.55,83.23
2026-08-24T20:45Z,8249.82,95.56,6713.78,84.5,6342.49,97.8,1565.36,9.36,1198.69,88.24
2026-08-24T20:50Z,8313.86,95.2,6651.64,83.01,6425.88,97.53,1578.88,9.14,1211.02,88.24
2026-08-24T20:55Z,8354.47,93.2,6659.7,78.73,6473.8,97.14,1592.73,7.1,1226.4,88.24
2026-08-24T21:00Z,8295.17,91.2,6667.07,78.54,6490.02,97.2,1614.42,-0.78,1238.04,88.24
2026-08-24T21:05Z,8376.03,73.54,6670.35,63.73,6557.34,97.82,1632.9,-0.64,1249.28,88.24
2026-08-24T21:10Z,8387.98,79.03,6692.05,68.5,6608.89,99.48,1648.39,9.51,1253.93,88.24
2026-08-24T21:15Z,8395.71,73.63,6565.82,63.73,6692.75,99.48,1649.11,-0.44,1269.52,89.14
2026-08-24T21:20Z,8408.38,71.56,6578.56,62.73,6802.44,107.68,1672.4,0.93,1276.13,96.47
2026-08-24T21:25Z,8421.53,64.95,6493.09,55.53,6866.62,110.12,1694.1,11.24,1289.41,98.97
2026-08-24T21:30Z,8407.62,42.08,6355.97,31.69,6890.81,99.48,1703.27,9.52,1295.76,89.69
2026-08-24T21:35Z,8477.66,73.15,6319.98,62.31,6932.23,99.48,1731.09,9.53,1289.38,88.82
2026-08-24T21:40Z,8415.72,73.15,6243.32,60.68,6973.58,99.48,1732.01,-0.35,1296.18,89.1
2026-08-24T21:45Z,8407.75,73.15,6160.47,54.75,6952.87,99.48,1769.47,9.55,1299.51,89.11
2026-08-24T21:50Z,8377.89,73.15,6066.91,54.73,7003.85,97.27,1780.87,59.55,1305.6,88.24
2026-08-24T21:55Z,8445.23,64.94,5974.52,54.75,6954.72,94.27,1771.38,86.04,1295.35,88.24
2026-08-24T22:00Z,8447.24,57.4,5903.42,49.42,6942.06,89.01,1759.62,59.55,1285.26,83.32
2026-08-24T22:05Z,8457.8,72.0,5896.97,55.53,6991.65,96.66,1773.18,87.84,1285.97,88.24
2026-08-24T22:10Z,8468.6,73.15,5795.06,31.69,7037.8,96.67,1749.02,86.98,1280.9,88.24
2026-08-24T22:15Z,8374.65,57.4,5743.5,48.68,7008.56,95.16,1737.5,85.29,1285.27,88.24
2026-08-24T22:20Z,8396.97,69.99,5634.22,54.73,6950.78,95.74,1731.82,86.87,1279.09,88.24
2026-08-24T22:25Z,8308.09,69.99,5522.93,40.0,6940.72,91.79,1734.42,83.33,1268.97,85.65
2026-08-24T22:30Z,8305.98,69.99,5543.38,31.69,6952.29,92.94,1720.39,83.32,1267.74,86.99
2026-08-24T22:35Z,8195.66,78.87,5445.8,28.81,6947.82,96.96,1706.85,87.24,1260.91,88.24
2026-08-24T22:40Z,8327.22,84.79,5410.39,28.81,6928.06,97.89,1725.47,88.83,1260.34,88.24
2026-08-24T22:45Z,8241.34,65.04,5234.48,25.79,6853.64,88.02,1731.8,80.59,1251.61,81.89
2026-08-24T22:50Z,8298.5,83.85,5109.53,24.81,6847.52,91.84,1704.61,83.67,1241.42,85.44
2026-08-24T22:55Z,8117.22,57.4,5086.24,25.79,6815.87,95.14,1724.3,86.78,1242.49,88.24
2026-08-24T23:00Z,8257.71,64.95,5123.81,25.79,6800.43,83.5,1719.53,76.43,1239.73,77.69
2026-08-24T23:05Z,8242.21,68.02,5106.57,31.69,6784.44,96.64,1727.62,88.48,1236.86,88.24
2026-08-24T23:10Z,8336.77,73.15,5064.87,25.75,6786.36,97.87,1719.01,89.53,1235.44,88.24
2026-08-24T23:15Z,8305.73,64.95,5012.46,40.8,6666.43,83.5,1720.69,76.48,1238.11,77.46
2026-08-24T23:20Z,8307.35,52.3,4955.63,31.46,6662.89,96.31,1728.35,90.34,1224.56,88.24
2026-08-24T23:25Z,8215.47,73.15,4970.49,25.79,6642.78,96.01,1706.18,88.91,1219.41,88.24
2026-08-24T23:30Z,8213.18,83.99,4958.15,31.01,6591.95,89.0,1693.61,82.08,1211.98,82.06
2026-08-24T23:35Z,8162.52,93.17,4912.14,31.46,6524.23,96.9,1687.67,90.11,1223.28,88.24
2026-08-24T23:40Z,8230.37,93.13,4881.75,31.46,6407.72,95.67,1625.98,87.34,1217.6,88.24
2026-08-24T23:45Z,8253.28,96.6,4801.07,25.79,6383.22,98.44,1630.06,89.94,1204.07,88.24
2026-08-24T23:50Z,8235.75,94.34,4745.79,25.79,6346.15,96.87,1621.25,88.48,1214.27,88.24
2026-08-24T23:55Z,8289.03,84.79,4709.24,25.79,6215.42,86.11,1589.54,77.97,1198.08,79.94
2026-08-25T00:00Z,8156.79,64.95,4699.91,31.46,6269.8,78.42,1570.25,70.65,1189.72,72.79
2026-08-25T00:05Z,8112.58,84.79,4592.12,25.79,6269.94,88.15,1536.35,78.64,1185.89,84.29
2026-08-25T00:10Z,8129.24,75.56,4628.99,31.69,6254.18,78.42,1503.44,69.57,1176.45,75.05
2026-08-25T00:15Z,8193.67,80.0,4590.02,40.1,6215.74,80.92,1493.11,71.76,1167.76,77.21
2026-08-25T00:20Z,8243.11,83.99,4529.94,31.69,6105.35,84.94,1510.26,75.78,1157.74,80.76
2026-08-25T00:25Z,8231.98,88.78,4570.47,31.69,6177.97,90.5,1499.61,79.99,1143.17,85.05
2026-08-25T00:30Z,8312.1,90.46,4528.02,31.69,6102.88,90.5,1465.64,79.23,1131.19,84.8
2026-08-25T00:35Z,8414.61,77.25,4539.42,31.69,6092.88,78.42,1443.86,68.27,1124.15,73.93
2026-08-25T00:40Z,8446.89,79.66,4538.27,31.69,6064.57,78.42,1483.97,69.02,1116.88,73.7
2026-08-25T00:45Z,8468.68,78.95,4460.83,40.1,6083.93,78.42,1504.46,69.37,1105.83,73.47
2026-08-25T00:50Z,8413.5,92.5,4430.7,31.69,6096.2,90.5,1512.8,80.42,1102.6,84.79
2026-08-25T00:55Z,8515.77,90.19,4481.83,31.69,6116.36,90.5,1540.68,80.24,1094.58,84.52
2026-08-25T01:00Z,8418.03,75.68,4458.2,43.01,6173.89,78.42,1507.15,68.0,1083.21,73.01
2026-08-25T01:05Z,8451.19,77.67,4461.38,43.75,6196.55,78.42,1468.61,68.09,1082.52,73.23
2026-08-25T01:10Z,8738.15,99.06,4543.01,31.69,6366.82,97.53,1467.83,85.14,1085.51,88.24
2026-08-25T01:15Z,8730.99,101.87,4473.96,45.69,6441.96,99.48,1461.14,85.62,1096.55,88.24
2026-08-25T01:20Z,8616.71,97.63,4464.48,43.75,6527.74,97.25,1492.73,83.12,1101.02,88.24
2026-08-25T01:25Z,8591.98,83.99,4502.52,43.75,6572.34,86.42,1486.75,74.47,1094.85,79.15
2026-08-25T01:30Z,8553.93,83.99,4513.4,50.0,6553.28,86.31,1481.53,73.98,1083.02,78.81
2026-08-25T01:35Z,8564.21,99.01,4467.35,43.66,6534.0,99.27,1479.38,84.41,1076.15,88.24
2026-08-25T01:40Z,8570.57,99.01,4620.37,43.75,6544.34,99.34,1488.2,85.17,1082.03,88.24
2026-08-25T01:45Z,8465.33,87.31,4559.89,64.57,6503.42,90.5,1482.55,76.99,1077.71,82.38
2026-08-25T01:50Z,8476.73,83.99,4455.95,57.55,6380.16,86.14,1433.52,73.26,1059.4,78.42
2026-08-25T01:55Z,8598.33,79.06,4585.58,67.67,6337.86,79.71,1460.67,68.96,1056.13,72.57
2026-08-25T02:00Z,8595.97,80.42,4619.37,69.75,6312.69,80.36,1458.47,69.8,1051.2,72.94
2026-08-25T02:05Z,8657.0,99.01,4547.76,62.89,6259.45,96.9,1481.7,83.63,1052.68,88.24
2026-08-25T02:10Z,8763.45,97.25,4587.45,69.75,6302.01,98.15,1521.13,85.57,1059.69,88.24
2026-08-25T02:15Z,8728.33,96.68,4569.66,70.0,6281.89,97.53,1505.24,84.26,1047.75,88.24
2026-08-25T02:20Z,8743.89,97.65,4568.82,72.73,6263.47,97.53,1470.24,83.73,1039.25,88.24
2026-08-25T02:25Z,8796.14,79.93,4583.15,57.55,6158.91,79.71,1459.43,64.43,1030.21,72.36
2026-08-25T02:30Z,8748.22,80.29,4545.76,67.23,6164.67,80.12,1439.39,68.0,1029.47,72.73
2026-08-25T02:35Z,8743.86,83.12,4568.45,67.23,6125.91,83.59,1461.5,71.86,1044.92,76.13
2026-08-25T02:40Z,8726.4,79.32,4529.0,67.23,6140.9,80.41,1464.87,69.39,1033.67,73.0
2026-08-25T02:45Z,8773.14,90.91,4609.21,62.89,6055.43,90.5,1446.31,78.71,1031.32,81.91
2026-08-25T02:50Z,8704.82,92.42,4656.36,57.3,5972.14,90.5,1438.53,77.15,1027.92,82.19
2026-08-25T02:55Z,8809.26,96.34,4666.13,62.89,6019.29,93.61,1444.46,80.46,1026.03,85.0
2026-08-25T03:00Z,8867.65,97.63,4659.25,68.99,5979.63,93.61,1420.49,81.03,1015.34,84.73
2026-08-25T03:05Z,8866.8,99.01,4642.71,69.75,6013.23,96.07,1419.52,84.16,1015.12,87.23
2026-08-25T03:10Z,9008.64,99.01,4664.97,69.75,6072.4,96.72,1406.48,83.86,1019.25,87.81
2026-08-25T03:15Z,8920.05,99.01,4722.08,84.66,6092.32,99.02,1370.0,88.46,1022.65,88.24
2026-08-25T03:20Z,8950.87,99.01,4672.9,85.67,6129.51,101.16,1325.77,87.17,1034.69,88.24
2026-08-25T03:25Z,8938.59,99.01,4702.29,69.75,6000.05,99.64,1297.8,85.16,1047.11,88.24
2026-08-25T03:30Z,8842.12,99.01,4690.39,69.1,5994.36,100.11,1277.54,87.25,1045.01,88.24
2026-08-25T03:35Z,8816.6,116.19,4722.51,69.75,6039.61,117.46,1267.12,101.0,1058.11,88.24
2026-08-25T03:40Z,8727.71,99.01,4732.51,64.69,6041.15,100.1,1259.25,83.6,1090.93,90.34
2026-08-25T03:45Z,8707.69,99.01,4766.69,69.1,6040.22,100.44,1308.84,85.27,1097.69,89.77
2026-08-25T03:50Z,8778.26,124.29,4732.01,71.88,6009.58,130.2,1329.55,112.91,1116.15,117.13
2026-08-25T03:55Z,8704.75,124.29,4755.45,78.52,6073.71,129.03,1282.03,110.6,1116.83,115.32
2026-08-25T04:00Z,8721.94,114.54,4883.93,78.52,5993.02,114.01,1254.79,95.69,1125.05,102.25
2026-08-25T04:05Z,8707.04,105.21,4788.25,64.69,5903.47,103.04,1255.71,88.06,1118.44,92.12
2026-08-25T04:10Z,8543.04,99.01,4786.91,71.88,5938.68,99.53,1266.84,86.93,1136.12,89.27
2026-08-25T04:15Z,8590.43,97.63,4832.0,80.49,5917.26,96.42,1251.29,84.11,1146.34,88.24
2026-08-25T04:20Z,8616.77,99.01,4823.76,81.64,5961.93,96.74,1199.77,84.05,1137.37,88.24
2026-08-25T04:25Z,8615.36,99.74,4879.33,82.83,5909.81,96.82,1243.99,84.71,1128.28,88.24
2026-08-25T04:30Z,8624.98,102.25,4912.2,86.02,5946.85,97.13,1277.28,84.52,1131.67,88.24
2026-08-25T04:35Z,8580.77,99.01,4938.87,81.76,5925.51,95.62,1264.93,83.84,1125.69,88.24
2026-08-25T04:40Z,8620.81,100.01,4983.41,84.21,5955.69,96.42,1258.82,84.44,1134.35,88.24
2026-08-25T04:45Z,8631.83,99.01,5087.86,81.35,5884.73,95.61,1275.95,84.17,1129.63,88.24
2026-08-25T04:50Z,8691.86,99.93,5057.07,81.61,5887.83,96.42,1296.85,86.69,1149.84,88.24
2026-08-25T04:55Z,8791.62,104.52,5058.45,86.41,5957.6,97.65,1310.92,88.06,1160.6,88.24
2026-08-25T05:00Z,8746.85,104.66,5187.05,87.76,5895.43,99.68,1385.51,92.12,1164.73,89.71
2026-08-25T05:05Z,8729.47,102.54,5261.99,86.66,5964.86,97.13,1405.68,88.86,1171.25,88.24
2026-08-25T05:10Z,8720.92,104.39,5384.8,87.76,5904.69,99.14,1476.59,94.0,1167.62,88.94
2026-08-25T05:15Z,8745.54,104.34,5410.03,87.76,5870.33,98.36,1477.53,94.72,1173.4,88.24
2026-08-25T05:20Z,8765.6,103.38,5435.12,88.66,5784.64,96.48,1462.09,92.92,1175.45,88.24
2026-08-25T05:25Z,8829.26,111.67,5498.16,97.08,5826.79,102.75,1496.59,99.55,1165.52,92.19
2026-08-25T05:30Z,8859.99,113.4,5561.94,99.91,5855.44,101.78,1475.53,96.15,1168.2,91.31
2026-08-25T05:35Z,8920.4,110.16,5742.11,96.64,5918.68,100.45,1463.19,94.06,1168.65,89.82
2026-08-25T05:40Z,9023.84,114.54,5753.07,101.79,5936.29,102.6,1430.39,92.92,1170.22,91.74
2026-08-25T05:45Z,8976.41,113.4,5849.17,100.88,5966.32,102.37,1412.59,93.31,1180.5,91.83
2026-08-25T05:50Z,9043.74,120.0,5998.03,109.71,6012.35,109.06,1399.6,99.59,1190.19,97.82
2026-08-25T05:55Z,9141.62,119.01,6023.19,107.73,6046.76,106.35,1385.12,97.33,1204.0,95.38
2026-08-25T06:00Z,9113.65,123.62,6129.77,114.69,5961.44,110.58,1405.94,99.13,1210.97,99.52
2026-08-25T06:05Z,9177.65,113.4,6197.9,107.69,6020.1,96.42,1405.27,85.42,1216.41,88.24
2026-08-25T06:10Z,9122.98,113.4,6224.99,105.02,6141.4,104.11,1430.83,94.84,1198.81,93.07
2026-08-25T06:15Z,9155.7,129.04,6385.34,119.3,6169.88,118.61,1457.56,105.22,1199.62,106.36
2026-08-25T06:20Z,9145.68,131.79,6417.75,121.12,6195.91,121.13,1429.28,105.66,1217.86,108.62
2026-08-25T06:25Z,9200.59,139.35,6526.75,121.12,6285.58,130.48,1474.33,114.05,1217.79,116.99
2026-08-25T06:30Z,9295.55,134.86,6503.29,114.69,6329.47,127.39,1507.55,111.44,1220.71,114.21
2026-08-25T06:35Z,9291.02,119.01,6620.87,107.73,6351.06,108.21,1525.68,94.84,1230.64,96.7
2026-08-25T06:40Z,9347.86,119.01,6737.46,111.94,6409.96,108.17,1516.72,95.06,1231.81,96.66
2026-08-25T06:45Z,9475.81,122.69,6813.62,117.73,6401.81,110.5,1548.47,88.21,1241.86,99.05
2026-08-25T06:50Z,9553.92,127.34,6939.96,119.3,6486.02,115.84,1540.53,88.21,1240.55,103.82
2026-08-25T06:55Z,9598.72,132.18,7028.7,119.3,6592.57,122.39,1561.34,105.01,1259.64,88.24
2026-08-25T07:00Z,9643.27,134.91,7059.71,123.44,6570.63,123.95,1591.98,105.61,1255.16,110.73
2026-08-25T07:05Z,9733.24,134.86,7129.87,124.29,6697.86,124.0,1640.83,105.84,1253.27,111.1
2026-08-25T07:10Z,9775.81,133.09,7136.77,123.44,6696.11,121.65,1644.72,104.78,1260.75,108.64
2026-08-25T07:15Z,9844.79,185.51,7156.81,178.81,6769.79,163.24,1678.75,139.42,1274.7,146.71
2026-08-25T07:20Z,9778.76,134.86,7153.77,126.68,6793.87,126.5,1672.82,108.92,1289.23,114.05
2026-08-25T07:25Z,9900.21,169.25,7294.29,159.27,6844.08,152.8,1712.04,130.44,1298.63,137.76
2026-08-25T07:30Z,9962.63,146.0,7315.54,138.3,6953.48,137.35,1739.16,119.0,1305.29,123.81
2026-08-25T07:35Z,10035.12,169.25,7397.34,161.53,7001.88,154.4,1771.08,130.44,1311.27,138.29
2026-08-25T07:40Z,10098.22,169.25,7388.57,161.51,6928.11,153.36,1777.07,130.44,1318.17,137.81
2026-08-25T07:45Z,10168.7,143.0,7454.08,134.01,7051.87,129.74,1825.84,111.9,1326.58,116.94
2026-08-25T07:50Z,10231.18,177.49,7515.76,169.69,7163.29,162.11,1859.24,140.55,1337.42,146.09
2026-08-25T07:55Z,10286.03,143.0,7523.01,133.27,7222.6,119.36,1851.64,105.08,1346.81,107.56
2026-08-25T08:00Z,10368.8,174.59,7607.34,171.47,7281.33,117.36,1885.92,104.78,1347.99,105.75
2026-08-25T08:05Z,10298.15,174.59,7605.35,174.77,7246.16,106.21,1915.17,99.96,1350.49,95.71
2026-08-25T08:10Z,10209.42,143.0,7551.16,136.8,7276.62,110.5,1933.31,101.02,1348.68,99.57
2026-08-25T08:15Z,10122.96,127.27,7637.05,121.12,7328.15,96.09,1943.51,90.16,1355.47,88.24
2026-08-25T08:20Z,10211.91,137.85,7650.19,132.0,7374.43,90.83,1969.27,86.63,1342.41,84.18
2026-08-25T08:25Z,10155.31,163.64,7635.89,160.74,7338.4,88.35,2002.38,88.84,1343.44,81.89
2026-08-25T08:30Z,10096.12,136.13,7625.05,132.0,7344.36,90.83,2001.63,89.94,1338.95,84.19
2026-08-25T08:35Z,10062.99,129.03,7568.31,123.44,7423.56,102.4,2019.49,101.02,1337.11,92.54
2026-08-25T08:40Z,10078.95,127.43,7550.24,121.12,7367.69,103.11,2021.5,101.02,1314.91,92.29
2026-08-25T08:45Z,10137.0,121.1,7568.05,114.4,7295.66,85.49,2011.01,85.44,1321.64,78.26
2026-08-25T08:50Z,10115.41,121.1,7529.0,112.9,7295.11,99.48,2031.37,101.0,1308.93,88.77
2026-08-25T08:55Z,10038.51,116.92,7511.88,107.61,7272.94,109.05,2032.37,105.08,1301.44,99.52
2026-08-25T09:00Z,9945.37,121.1,7459.03,115.75,7219.31,106.63,2017.13,101.97,1292.66,97.01
2026-08-25T09:05Z,9871.41,115.16,7479.86,110.23,7242.52,109.29,2046.09,105.01,1285.88,99.41
2026-08-25T09:10Z,9872.2,108.34,7395.18,102.8,7122.83,102.63,2043.96,101.02,1285.8,93.37
2026-08-25T09:15Z,9785.26,113.4,7379.59,107.73,7166.38,106.58,2020.05,102.28,1278.02,96.96
2026-08-25T09:20Z,9775.28,113.4,7366.05,108.26,7169.42,106.61,2016.59,101.02,1283.3,96.07
2026-08-25T09:25Z,9739.54,119.01,7313.03,115.0,7119.47,110.08,2004.39,101.02,1276.26,98.89
2026-08-25T09:30Z,9707.21,119.01,7318.87,115.0,7109.72,110.12,2007.86,101.83,1274.28,98.61
2026-08-25T09:35Z,9691.0,113.4,7336.56,108.22,7035.14,104.84,2004.97,100.01,1262.35,94.19
2026-08-25T09:40Z,9614.67,113.4,7240.68,108.09,7075.94,104.8,1980.24,99.82,1267.81,94.45
2026-08-25T09:45Z,9574.2,113.4,7259.57,108.12,7103.15,105.66,1984.28,100.63,1258.12,95.22
2026-08-25T09:50Z,9520.43,106.03,7212.82,100.39,6997.71,99.48,1970.24,94.74,1260.25,89.95
2026-08-25T09:55Z,9580.0,112.88,7190.5,105.49,7030.0,105.91,1975.48,101.02,1266.53,96.07
2026-08-25T10:00Z,9486.3,105.23,7191.46,99.89,6991.9,99.48,1969.95,96.52,1265.68,90.53
2026-08-25T10:05Z,9446.54,111.54,7101.45,102.8,6948.54,104.55,1965.53,101.02,1261.22,95.15
2026-08-25T10:10Z,9406.77,108.34,7121.96,99.89,6914.51,102.4,1973.24,100.52,1267.15,92.31
2026-08-25T10:15Z,9397.98,107.67,7104.2,99.89,6799.3,100.84,1963.43,98.73,1266.12,90.63
2026-08-25T10:20Z,9387.55,111.0,7093.71,102.8,6800.5,103.69,1942.44,101.02,1260.42,93.19
2026-08-25T10:25Z,9288.89,109.06,7035.14,101.09,6831.02,102.94,1938.66,101.02,1254.46,92.22
2026-08-25T10:30Z,9280.24,97.63,6998.98,87.61,6775.43,93.55,1928.19,92.16,1250.81,83.81
2026-08-25T10:35Z,9284.13,109.88,7006.5,99.89,6700.1,101.92,1928.57,101.02,1246.56,91.03
2026-08-25T10:40Z,9258.21,113.4,7087.47,105.49,6730.16,105.96,1909.25,103.82,1230.88,94.62
2026-08-25T10:45Z,9121.33,113.03,7059.64,105.49,6673.37,103.93,1895.39,101.48,1232.74,92.83
2026-08-25T10:50Z,9160.25,113.4,7066.69,105.84,6627.22,104.17,1867.88,101.67,1235.71,93.35
2026-08-25T10:55Z,9091.34,113.4,7055.01,106.51,6553.19,104.13,1886.14,102.13,1234.2,93.33
2026-08-25T11:00Z,9062.16,110.48,7022.49,103.73,6499.31,100.6,1874.96,101.02,1223.5,89.88
2026-08-25T11:05Z,9056.6,112.45,6957.9,105.49,6461.35,100.98,1870.26,101.02,1210.25,90.22
2026-08-25T11:10Z,8953.43,111.73,6964.36,105.49,6499.62,100.96,1859.03,101.02,1215.78,90.49
2026-08-25T11:15Z,9007.03,111.85,6891.79,105.49,6440.92,99.48,1836.97,99.8,1212.36,88.88
2026-08-25T11:20Z,8938.7,104.35,6872.84,99.89,6400.75,92.64,1811.78,91.46,1187.86,82.77
2026-08-25T11:25Z,8860.7,101.82,6970.85,99.89,6385.58,89.72,1802.92,88.24,1179.51,79.88
2026-08-25T11:30Z,8802.91,98.19,6928.05,96.89,6369.12,86.52,1797.91,85.44,1192.43,46.18
2026-08-25T11:35Z,8808.06,97.63,6880.18,95.66,6306.95,85.88,1780.22,85.44,1188.77,77.23
2026-08-25T11:40Z,8782.56,97.63,6905.52,96.32,6217.88,81.68,1764.15,80.64,1169.08,73.23
2026-08-25T11:45Z,8729.33,90.0,6843.55,87.04,6166.84,79.76,1782.11,81.64,1158.99,71.98
2026-08-25T11:50Z,8621.54,90.0,6820.8,87.03,6139.24,80.5,1789.51,85.44,1151.64,72.41
2026-08-25T11:55Z,8551.38,87.05,6824.4,84.73,6103.7,76.56,1784.79,79.32,1145.43,68.43
2026-08-25T12:00Z,8511.96,83.13,6745.15,81.35,6027.86,52.35,1790.32,85.44,1133.42,46.8
2026-08-25T12:05Z,8348.43,87.89,6634.0,84.5,5983.47,78.42,1748.73,80.24,1130.89,71.01
2026-08-25T12:10Z,8498.72,90.0,6618.55,85.7,5943.74,80.15,1742.89,82.46,1117.46,72.34
2026-08-25T12:15Z,8413.76,87.27,6631.22,84.73,5897.04,64.0,1716.59,66.57,1105.22,57.59
2026-08-25T12:20Z,8419.59,88.2,6595.8,84.5,5812.42,78.42,1724.95,81.01,1104.91,69.88
2026-08-25T12:25Z,8332.39,84.96,6545.78,81.35,5869.87,76.19,1708.85,88.21,1090.02,45.2
2026-08-25T12:30Z,8373.59,74.85,6451.24,72.5,5799.21,65.41,1682.55,66.58,1078.9,45.18
2026-08-25T12:35Z,8338.0,82.17,6410.32,78.54,5805.03,74.12,1684.31,85.44,1067.98,66.91
2026-08-25T12:40Z,8367.15,82.19,6359.7,78.52,5725.14,73.31,1636.69,85.44,1058.23,66.4
2026-08-25T12:45Z,8332.08,71.95,6264.95,69.1,5634.59,63.63,1627.45,85.44,1052.84,57.45
2026-08-25T12:50Z,8306.1,79.71,6259.54,78.52,5616.12,64.0,1613.84,88.21,1044.0,57.23
2026-08-25T12:55Z,8235.72,82.59,6247.19,81.35,5566.56,71.85,1607.12,80.0,1047.67,64.47
2026-08-25T13:00Z,8222.43,75.01,6211.08,73.37,5498.41,35.24,1599.68,85.44,1046.98,35.14
2026-08-25T13:05Z,8179.04,80.23,6249.71,78.52,5580.24,69.7,1567.17,101.02,1019.22,62.73
2026-08-25T13:10Z,8093.44,88.8,6157.34,83.54,5643.24,78.42,1560.63,85.44,1020.02,70.8
2026-08-25T13:15Z,8032.69,75.01,6146.61,72.5,5567.35,52.35,1561.79,85.44,1027.65,47.12
2026-08-25T13:20Z,8003.47,84.79,6114.34,81.78,5620.39,64.0,1534.36,85.44,1010.97,57.41
2026-08-25T13:25Z,8026.96,90.0,6179.38,86.33,5592.69,78.17,1535.18,88.21,1008.07,69.9
2026-08-25T13:30Z,8025.55,75.58,6180.96,72.5,5554.93,64.0,1536.48,88.21,997.91,57.04
2026-08-25T13:35Z,7949.84,91.76,6169.62,85.79,5574.26,80.38,1546.72,85.44,993.95,45.2
2026-08-25T13:40Z,7974.35,82.42,6137.44,78.52,5495.24,58.31,1564.56,93.21,1004.16,45.2
2026-08-25T13:45Z,7873.07,75.65,6107.01,72.5,5472.38,12.5,1534.74,85.44,1001.87,35.12
2026-08-25T13:50Z,7877.91,83.04,6053.93,78.52,5493.83,12.5,1529.95,85.44,976.43,37.33
2026-08-25T13:55Z,7837.52,90.0,6040.02,85.63,5460.29,41.22,1529.31,101.02,990.41,52.62
2026-08-25T14:00Z,7834.01,75.01,5995.62,70.43,5415.31,64.53,1506.19,105.08,1008.68,57.91
2026-08-25T14:05Z,7779.21,89.76,5983.2,84.5,5317.42,78.42,1509.42,105.08,998.33,71.06
2026-08-25T14:10Z,7867.22,88.95,5960.87,84.5,5387.92,58.31,1493.82,101.02,1008.37,60.7
2026-08-25T14:15Z,7878.51,88.91,5970.51,83.97,5366.56,41.2,1500.5,101.02,1004.84,45.16
2026-08-25T14:20Z,7900.56,86.76,5899.9,81.35,5295.0,48.9,1526.58,105.08,978.89,45.16
2026-08-25T14:25Z,7916.03,84.79,5864.15,78.52,5260.3,64.0,1530.44,105.08,972.66,57.45
2026-08-25T14:30Z,7830.03,84.79,5848.46,78.52,5300.02,72.93,1518.76,105.08,987.26,65.46
2026-08-25T14:35Z,7815.85,84.79,5787.84,78.52,5208.03,55.12,1525.8,105.08,988.83,49.64
2026-08-25T14:40Z,7843.51,92.04,5740.63,84.5,5177.28,54.88,1545.58,130.44,988.48,49.43
2026-08-25T14:45Z,7831.85,85.5,5761.43,78.52,5182.86,58.31,1551.52,130.44,998.21,52.35
2026-08-25T14:50Z,7799.5,78.95,5748.72,72.5,5187.92,43.51,1545.49,130.44,995.56,49.66
2026-08-25T14:55Z,7710.1,88.66,5674.31,81.35,5114.34,76.27,1540.69,105.08,998.67,68.93
2026-08-25T15:00Z,7673.27,90.85,5737.58,84.5,5162.56,78.24,1547.09,105.08,994.81,70.24
2026-08-25T15:05Z,7662.06,90.94,5678.61,84.5,5117.77,77.66,1535.28,105.08,981.54,45.22
2026-08-25T15:10Z,7656.31,91.79,5650.12,84.73,5086.67,58.31,1545.55,105.08,980.33,52.19
2026-08-25T15:15Z,7537.05,91.84,5607.58,84.73,5112.55,79.07,1523.88,105.08,964.86,70.52
2026-08-25T15:20Z,7533.23,94.73,5635.83,87.73,5025.78,80.82,1512.25,105.08,989.57,72.81
2026-08-25T15:25Z,7473.65,101.11,5629.93,93.73,5070.14,88.36,1509.66,105.08,995.9,79.85
2026-08-25T15:30Z,7442.18,101.11,5624.37,93.73,5032.76,88.31,1496.33,105.08,1001.2,79.82
2026-08-25T15:35Z,7408.61,94.73,5639.94,87.73,4950.56,81.43,1500.07,124.0,972.4,72.9
2026-08-25T15:40Z,7308.76,100.26,5638.53,93.73,4983.11,88.27,1495.77,124.0,976.76,79.27
2026-08-25T15:45Z,7336.26,97.63,5544.05,89.43,4945.07,86.56,1486.82,124.0,976.2,77.74
2026-08-25T15:50Z,7285.97,101.11,5610.27,93.89,4906.54,88.95,1487.13,130.44,974.92,79.89
2026-08-25T15:55Z,7242.9,97.63,5549.89,90.59,4825.64,85.86,1485.05,124.0,972.33,77.13
2026-08-25T16:00Z,7200.48,92.0,5581.14,85.95,4824.82,79.71,1496.68,130.44,969.85,71.83
2026-08-25T16:05Z,7180.81,113.91,5562.54,105.49,4806.55,93.61,1481.99,130.44,980.91,84.9
2026-08-25T16:10Z,7180.38,109.77,5533.73,101.2,4837.29,93.61,1489.24,130.44,964.21,84.62
2026-08-25T16:15Z,7070.86,108.85,5566.43,101.04,4846.29,93.61,1489.64,130.44,962.71,84.62
2026-08-25T16:20Z,7109.47,113.61,5596.48,105.49,4748.69,93.61,1479.92,130.44,968.89,84.64
2026-08-25T16:25Z,7036.53,108.07,5551.76,99.03,4834.55,93.61,1477.76,145.12,972.16,84.9
2026-08-25T16:30Z,6978.28,101.11,5561.73,93.64,4768.51,86.84,1467.01,145.12,975.07,79.02
2026-08-25T16:35Z,7030.13,101.63,5560.2,93.73,4783.67,86.51,1448.68,145.12,975.73,78.47
2026-08-25T16:40Z,6992.09,101.11,5544.69,92.64,4703.5,81.64,1452.33,145.12,977.51,74.06
2026-08-25T16:45Z,6972.28,101.11,5571.66,93.26,4705.96,78.42,1438.63,130.0,969.16,70.68
2026-08-25T16:50Z,6894.51,97.63,5505.41,89.98,4764.2,78.42,1417.47,105.08,968.82,70.68
2026-08-25T16:55Z,6833.42,92.12,5540.37,85.49,4705.03,78.42,1427.54,124.0,967.15,69.99
2026-08-25T17:00Z,6848.93,97.63,5503.95,89.98,4747.97,83.68,1405.91,172.95,981.71,74.94
2026-08-25T17:05Z,6879.55,101.04,5514.1,93.73,4734.27,78.42,1361.58,172.95,986.48,70.23
2026-08-25T17:10Z,6903.55,101.11,5514.75,94.99,4688.27,64.0,1347.16,130.0,989.11,57.51
2026-08-25T17:15Z,6904.56,101.11,5562.78,96.28,4767.28,64.0,1372.78,130.44,989.96,57.5
2026-08-25T17:20Z,6892.78,101.11,5577.73,95.68,4742.71,64.0,1380.28,130.44,993.71,57.69
2026-08-25T17:25Z,6784.65,97.63,5577.39,92.99,4731.87,78.42,1399.11,208.87,1002.19,71.14
2026-08-25T17:30Z,6785.15,100.22,5576.21,94.24,4702.53,86.27,1331.14,130.44,1002.55,78.01
2026-08-25T17:35Z,6815.28,101.11,5576.0,96.31,4633.49,86.27,1376.2,130.44,1000.44,78.03
2026-08-25T17:40Z,6863.4,101.11,5573.53,95.68,4639.52,78.42,1369.18,197.0,996.26,70.92
2026-08-25T17:45Z,6844.75,101.11,5538.49,95.03,4630.96,86.27,1333.08,197.0,1006.38,78.03
2026-08-25T17:50Z,6839.73,99.67,5577.18,93.73,4694.4,78.42,1320.2,130.44,1009.63,71.15
2026-08-25T17:55Z,6875.91,101.11,5569.02,94.47,4674.87,78.42,1357.51,198.0,998.28,70.92
2026-08-25T18:00Z,6901.78,101.11,5545.98,93.85,4631.3,78.42,1325.14,197.0,1006.44,71.38
2026-08-25T18:05Z,6877.75,99.2,5568.4,92.69,4728.0,83.93,1313.69,130.0,1021.57,76.14
2026-08-25T18:10Z,6860.56,113.59,5590.88,105.49,4758.1,100.13,1341.44,108.7,1043.33,91.42
2026-08-25T18:15Z,6826.66,112.79,5649.69,105.49,4776.66,100.38,1359.96,109.6,1037.77,91.07
2026-08-25T18:20Z,6853.88,119.01,5730.27,112.13,4746.98,105.07,1357.67,122.25,1029.9,94.72
2026-08-25T18:25Z,6883.69,109.62,5708.29,103.91,4742.36,94.43,1337.91,101.04,1029.88,85.13
2026-08-25T18:30Z,6812.92,109.85,5725.92,105.49,4741.16,94.69,1343.69,101.04,1028.36,85.36
2026-08-25T18:35Z,6831.8,98.28,5682.56,93.73,4734.82,86.05,1342.37,101.02,1035.41,77.58
2026-08-25T18:40Z,6930.81,106.55,5709.72,102.96,4771.75,94.06,1356.68,102.68,1049.29,84.79
2026-08-25T18:45Z,6984.34,106.19,5732.46,102.64,4797.81,92.96,1346.3,101.02,1062.03,83.26
2026-08-25T18:50Z,6901.08,106.52,5749.45,105.49,4794.45,93.97,1358.44,101.04,1055.05,83.88
2026-08-25T18:55Z,7028.31,114.54,5798.14,112.22,4825.29,100.99,1338.09,107.49,1054.47,90.45
2026-08-25T19:00Z,7025.89,119.01,5852.99,116.68,4853.62,105.74,1332.09,112.48,1057.07,94.7
2026-08-25T19:05Z,7095.34,99.2,5858.62,96.03,4871.72,89.53,1337.56,97.49,1059.68,80.44
2026-08-25T19:10Z,7185.87,108.18,5930.14,105.49,4952.74,98.5,1347.18,105.62,1071.62,88.49
2026-08-25T19:15Z,7216.29,104.77,5945.68,103.51,5018.91,95.42,1346.16,101.04,1077.35,85.99
2026-08-25T19:20Z,7227.53,102.28,5960.8,101.06,5051.36,93.93,1347.21,101.02,1079.81,84.92
2026-08-25T19:25Z,7341.1,110.16,5972.85,106.79,5093.39,101.17,1354.69,107.51,1088.73,91.74
2026-08-25T19:30Z,7388.44,119.02,6029.56,115.47,5162.56,110.19,1355.72,116.98,1103.12,100.23
2026-08-25T19:35Z,7365.74,88.9,6093.77,89.13,5202.09,83.65,1358.79,101.02,1102.29,75.36
2026-08-25T19:40Z,7482.27,99.27,6126.72,98.93,5264.75,93.58,1401.16,101.04,1101.66,84.3
2026-08-25T19:45Z,7546.57,97.63,6118.62,94.21,5323.56,93.52,1410.0,101.04,1113.68,84.51
2026-08-25T19:50Z,7626.13,110.04,6107.82,105.49,5384.85,105.47,1424.96,112.98,1113.14,95.61
2026-08-25T19:55Z,7668.64,104.08,6217.94,102.8,5435.51,97.4,1423.14,104.66,1112.17,88.0
2026-08-25T20:00Z,7597.64,113.5,6234.55,111.1,5503.14,109.78,1425.47,118.83,1121.41,99.49
2026-08-25T20:05Z,7736.49,113.4,6326.17,109.01,5551.42,108.77,1432.84,117.22,1125.71,98.25
2026-08-25T20:10Z,7911.6,113.5,6298.73,107.67,5675.47,111.61,1451.33,120.25,1135.94,101.13
2026-08-25T20:15Z,8023.66,113.5,6411.72,109.21,5803.82,110.73,1446.17,115.87,1159.93,101.26
2026-08-25T20:20Z,8038.99,125.45,6447.61,120.75,5875.17,124.57,1469.23,130.44,1172.93,113.19
2026-08-25T20:25Z,8183.04,114.54,6465.99,109.64,5955.36,110.15,1486.52,116.64,1198.72,100.4
2026-08-25T20:30Z,8195.97,110.96,6498.63,103.51,6036.71,109.48,1503.99,116.43,1205.35,99.77
2026-08-25T20:35Z,8292.22,119.01,6589.25,115.49,6129.96,115.64,1520.73,122.51,1223.69,103.71
2026-08-25T20:40Z,8401.66,113.4,6590.01,105.49,6277.42,111.19,1533.94,118.14,1238.1,100.34
2026-08-25T20:45Z,8456.3,119.02,6656.2,112.68,6364.5,118.87,1578.16,128.53,1248.6,106.92
2026-08-25T20:50Z,8523.71,113.5,6618.5,110.18,6413.36,109.81,1589.05,119.2,1254.99,99.08
2026-08-25T20:55Z,8514.84,119.02,6621.15,116.28,6499.6,119.58,1629.71,130.44,1260.24,107.88
2026-08-25T21:00Z,8611.46,113.94,6638.26,103.12,6566.55,114.11,1622.07,122.46,1261.67,102.61
2026-08-25T21:05Z,8685.42,116.35,6599.27,107.98,6619.75,119.58,1653.07,130.44,1266.98,106.83
2026-08-25T21:10Z,8731.04,113.4,6645.27,102.8,6631.96,116.41,1630.72,130.0,1268.67,104.33
2026-08-25T21:15Z,8702.06,113.5,6708.98,107.49,6728.89,119.58,1647.53,130.44,1279.2,106.8
2026-08-25T21:20Z,8672.79,113.5,6688.03,108.16,6805.53,119.87,1673.56,130.44,1280.82,89.24
2026-08-25T21:25Z,8734.74,119.01,6617.49,109.74,6827.03,124.95,1725.15,135.63,1287.26,111.95
2026-08-25T21:30Z,8697.38,112.2,6605.71,102.8,6857.09,116.91,1723.21,130.0,1303.73,105.41
2026-08-25T21:35Z,8621.22,90.49,6555.71,84.46,6827.04,96.12,1759.44,130.44,1305.9,86.4
2026-08-25T21:40Z,8650.14,90.49,6524.32,84.43,6894.25,97.74,1777.6,130.44,1304.7,87.84
2026-08-25T21:45Z,8645.12,91.13,6434.66,84.38,6897.55,96.12,1793.92,172.95,1306.36,86.11
2026-08-25T21:50Z,8590.34,90.49,6405.67,82.7,6841.7,96.12,1770.86,129.74,1297.25,85.84
2026-08-25T21:55Z,8430.61,84.47,6344.92,77.16,6789.0,89.01,1757.39,97.75,1301.2,79.5
2026-08-25T22:00Z,8527.99,80.22,6311.55,70.49,6728.27,86.67,1777.12,96.52,1309.72,77.15
2026-08-25T22:05Z,8417.69,71.4,6302.13,63.55,6682.94,77.15,1784.31,130.44,1307.93,69.15
2026-08-25T22:10Z,8390.97,65.75,6286.87,59.26,6619.89,70.96,1763.45,119.05,1287.86,63.6
2026-08-25T22:15Z,8276.09,52.83,6249.66,48.82,6553.29,55.67,1768.52,85.44,1278.85,49.9
2026-08-25T22:20Z,8181.59,54.59,6283.46,52.44,6476.8,55.67,1769.19,84.51,1272.9,49.91
2026-08-25T22:25Z,8188.15,64.95,6194.17,61.94,6431.91,65.53,1725.06,154.54,1266.54,61.01
2026-08-25T22:30Z,8110.08,51.98,6241.88,52.19,6320.76,49.82,1670.72,130.44,1249.9,46.2
2026-08-25T22:35Z,8093.66,54.92,6135.08,54.73,6252.14,52.5,1636.59,85.44,1233.7,49.35
2026-08-25T22:40Z,7930.76,55.98,6203.0,57.3,6202.99,53.55,1628.07,85.44,1213.89,50.34
2026-08-25T22:45Z,7837.79,65.51,6186.4,65.83,6148.65,64.11,1592.45,130.0,1203.73,60.27
2026-08-25T22:50Z,7781.96,65.51,6163.27,66.38,6072.99,62.41,1544.54,130.44,1187.18,58.5
2026-08-25T22:55Z,7788.07,76.43,6253.42,78.52,6012.22,72.75,1539.08,130.44,1189.76,69.91
2026-08-25T23:00Z,7726.76,75.41,6280.96,78.52,5957.01,41.48,1501.82,101.04,1178.19,45.22
2026-08-25T23:05Z,7701.02,84.79,6340.35,85.0,5852.4,41.22,1472.81,101.02,1177.32,47.01
2026-08-25T23:10Z,7682.53,79.39,6277.61,78.51,5833.75,49.97,1423.12,130.44,1159.61,47.72
2026-08-25T23:15Z,7558.02,83.99,6317.16,80.22,5797.36,45.84,1373.51,130.44,1157.84,45.22
2026-08-25T23:20Z,7554.23,55.62,6288.1,55.53,5680.18,43.95,1327.6,101.04,1137.26,45.22
2026-08-25T23:25Z,7575.33,66.53,6229.13,66.36,5680.65,55.42,1341.83,88.88,1128.89,55.87
2026-08-25T23:30Z,7445.08,66.53,6182.82,64.69,5631.55,46.24,1334.07,118.98,1138.21,47.22
2026-08-25T23:35Z,7468.27,66.53,6202.58,64.69,5534.69,20.68,1294.57,130.44,1129.03,88.24
2026-08-25T23:40Z,7555.15,66.53,6177.62,64.69,5536.37,55.42,1238.02,88.88,1145.82,55.5
2026-08-25T23:45Z,7528.7,66.53,6138.54,64.69,5480.76,26.42,1233.33,88.85,1120.95,32.06
2026-08-25T23:50Z,7442.18,68.65,6163.83,69.77,5412.69,26.42,1199.82,85.44,1107.31,27.81
2026-08-25T23:55Z,7484.89,70.22,6155.01,69.77,5331.18,30.64,1178.34,85.44,1095.15,32.06
2026-08-26T00:00Z,7451.02,73.15,6158.87,70.41,5285.67,28.73,1123.04,80.0,1087.33,30.06
2026-08-26T00:05Z,7458.52,73.2,6171.18,71.84,5244.84,43.06,1121.16,68.05,1083.14,44.22
2026-08-26T00:10Z,7643.6,90.01,6146.47,87.17,5267.22,34.0,1116.87,49.02,1075.22,34.91
2026-08-26T00:15Z,7595.77,73.15,6219.87,74.16,5211.66,30.64,1135.87,69.27,1086.79,32.06
2026-08-26T00:20Z,7601.55,73.2,6232.68,75.17,5212.99,31.1,1140.17,75.44,1066.77,32.14
2026-08-26T00:25Z,7527.54,66.53,6200.33,69.1,5180.98,35.24,1148.28,75.44,1071.11,36.19
2026-08-26T00:30Z,7446.83,73.2,6128.39,72.71,5193.57,41.22,1096.19,69.73,1079.48,42.46
2026-08-26T00:35Z,7437.04,70.37,6122.96,69.77,5152.12,52.35,1132.29,69.27,1076.06,54.44
2026-08-26T00:40Z,7419.39,73.15,6072.89,71.67,5096.36,55.42,1167.5,101.02,1083.28,57.82
2026-08-26T00:45Z,7398.0,83.99,6069.8,85.5,5061.98,41.22,1137.93,138.92,1079.99,43.01
2026-08-26T00:50Z,7455.71,77.64,6064.12,78.52,5083.65,41.22,1109.67,139.01,1073.52,42.87
2026-08-26T00:55Z,7496.7,88.9,6052.3,85.96,4987.56,35.7,1093.34,162.34,1060.11,37.02
2026-08-26T01:00Z,7419.64,83.39,5979.36,78.52,4954.4,26.42,1082.17,68.05,1049.15,32.06
2026-08-26T01:05Z,7542.26,73.2,5955.62,72.98,4956.09,50.94,1118.71,68.05,1045.26,52.99
2026-08-26T01:10Z,7731.58,91.92,6077.41,87.76,5084.76,50.94,1144.89,207.51,1046.82,53.15
2026-08-26T01:15Z,7756.91,93.83,5972.44,87.76,5090.53,50.94,1065.63,172.95,1045.41,52.98
2026-08-26T01:20Z,7780.54,85.67,5893.1,78.52,5027.86,49.79,1019.21,56.2,1043.87,51.79
2026-08-26T01:25Z,7728.34,74.2,5868.86,69.75,5030.17,55.42,1116.63,197.0,1027.41,57.28
2026-08-26T01:30Z,7797.21,88.27,5813.24,81.35,5009.47,55.42,1041.33,138.92,1016.48,57.1
2026-08-26T01:35Z,7831.03,88.9,5721.83,81.35,4977.05,55.42,1082.18,207.51,1011.17,57.29
2026-08-26T01:40Z,7949.01,99.01,5736.16,81.35,4931.45,55.12,1061.81,101.0,1005.68,56.98
2026-08-26T01:45Z,7942.27,99.01,5629.14,87.76,4889.61,55.12,1145.54,207.51,1002.9,56.8
2026-08-26T01:50Z,8038.18,99.83,5623.99,87.76,4912.48,30.44,1064.52,162.34,993.33,32.06
2026-08-26T01:55Z,8045.21,99.01,5651.19,87.76,4899.66,50.94,1071.75,162.34,994.49,52.49
2026-08-26T02:00Z,8048.26,99.01,5597.97,87.76,4881.38,55.42,1076.94,101.0,995.59,57.29
2026-08-26T02:05Z,8065.0,99.01,5557.55,69.75,4789.7,50.94,1163.11,207.51,991.46,52.5
2026-08-26T02:10Z,8089.95,99.01,5549.24,78.52,4782.53,58.31,1091.14,118.65,991.85,60.29
2026-08-26T02:15Z,8110.47,99.01,5461.29,81.35,4729.47,55.42,1152.91,162.34,988.5,57.12
2026-08-26T02:20Z,8009.26,88.9,5420.02,78.52,4696.91,55.42,1115.18,139.01,977.01,56.94
2026-08-26T02:25Z,7925.71,88.9,5318.74,69.75,4632.17,55.42,1166.71,207.61,978.79,57.13
2026-08-26T02:30Z,7872.8,88.9,5363.13,78.91,4676.1,55.12,1069.89,172.95,966.65,56.64
2026-08-26T02:35Z,7884.02,97.63,5372.71,80.14,4651.73,55.12,1105.24,227.35,970.87,56.64
2026-08-26T02:40Z,7898.93,99.01,5288.85,67.23,4650.43,55.12,1075.85,207.51,969.43,56.64
2026-08-26T02:45Z,7781.53,88.9,5127.08,64.57,4649.97,76.92,1125.62,227.35,968.98,77.78
2026-08-26T02:50Z,7854.89,99.01,4976.71,43.73,4605.16,55.42,1121.81,198.0,966.78,56.95
2026-08-26T02:55Z,7840.29,88.9,4876.94,43.75,4585.23,68.39,1123.63,254.65,963.24,70.06
2026-08-26T03:00Z,7855.94,99.01,4856.56,64.57,4550.12,55.12,1064.86,207.51,949.14,56.47
2026-08-26T03:05Z,7810.86,88.9,4863.53,48.3,4542.81,78.42,1081.4,227.35,949.12,78.12
2026-08-26T03:10Z,7692.45,88.9,4863.86,43.75,4519.88,64.0,1076.66,183.99,948.99,63.42
2026-08-26T03:15Z,7596.99,88.9,4921.7,43.01,4520.34,71.42,1059.47,190.47,953.62,70.86
2026-08-26T03:20Z,7564.52,88.9,4858.81,15.91,4516.99,78.42,1065.56,207.51,951.81,77.88
2026-08-26T03:25Z,7553.19,88.9,4878.26,19.86,4550.21,74.93,1033.94,227.35,953.61,74.82
2026-08-26T03:30Z,7549.1,88.9,4727.55,19.86,4478.17,71.42,1022.09,227.35,945.68,70.89
2026-08-26T03:35Z,7491.9,88.9,4677.15,5.3,4487.96,70.68,1005.77,227.35,954.45,71.07
2026-08-26T03:40Z,7495.49,88.9,4641.83,19.86,4457.17,78.42,984.08,227.35,958.26,78.44
2026-08-26T03:45Z,7485.15,88.9,4662.03,6.83,4472.52,78.42,989.94,227.35,953.68,78.62
2026-08-26T03:50Z,7512.42,88.9,4593.81,0.0,4476.69,71.42,968.01,227.35,961.46,71.74
2026-08-26T03:55Z,7500.54,88.9,4543.22,0.01,4517.93,86.27,1006.87,220.66,966.27,86.61
2026-08-26T04:00Z,7398.81,88.78,4668.31,6.41,4470.19,86.27,1010.88,227.35,961.43,87.0
2026-08-26T04:05Z,7261.98,73.29,4640.59,22.85,4487.75,52.35,1003.56,227.35,963.96,47.75
2026-08-26T04:10Z,7263.11,73.3,4630.99,22.85,4470.75,52.35,1010.17,227.35,973.48,48.75
2026-08-26T04:15Z,7282.78,88.9,4669.92,22.85,4416.17,55.12,1015.56,227.35,969.1,49.46
2026-08-26T04:20Z,7171.75,84.79,4785.64,22.85,4423.64,41.48,1015.52,190.47,967.93,42.1
2026-08-26T04:25Z,7092.06,84.79,4693.54,6.83,4441.44,31.67,1021.69,227.35,959.29,32.14
2026-08-26T04:30Z,7106.5,31.71,4759.27,23.41,4492.5,31.15,1039.28,227.35,960.44,32.12
2026-08-26T04:35Z,7211.51,42.8,4813.25,0.01,4471.38,35.24,1032.31,227.35,963.13,35.65
2026-08-26T04:40Z,7154.13,45.67,4836.58,-3.51,4503.78,44.87,1039.65,227.35,967.56,45.06
2026-08-26T04:45Z,7059.4,28.95,4968.07,-2.15,4506.87,28.21,1023.13,227.33,971.37,30.12
2026-08-26T04:50Z,7045.05,31.46,4946.95,-3.51,4546.97,30.69,1038.04,227.35,968.4,32.04
2026-08-26T04:55Z,7042.85,45.8,5079.12,0.0,4575.45,19.18,1071.49,227.35,975.07,20.27
2026-08-26T05:00Z,7009.92,73.3,5077.68,-6.0,4545.56,-3.5,1080.1,227.35,980.59,-3.7
2026-08-26T05:05Z,7001.26,0.0,5165.42,-5.0,4571.52,0.0,1082.14,227.35,987.22,0.0
2026-08-26T05:10Z,7143.17,-0.95,5097.75,-4.09,4537.06,-0.93,1066.03,229.0,876.59,-0.96
2026-08-26T05:15Z,7145.43,-2.0,5224.97,-1.66,4600.46,-2.0,1049.18,230.71,865.04,-2.07
2026-08-26T05:20Z,7251.6,10.86,5320.15,0.52,4645.74,10.5,1040.58,230.71,867.97,10.82
2026-08-26T05:25Z,7281.5,13.15,5427.43,10.91,4636.28,12.71,1034.55,254.54,868.73,31.04
2026-08-26T05:30Z,7296.6,7.84,5435.91,6.46,4650.21,7.89,1035.89,229.0,865.75,8.18
2026-08-26T05:35Z,7439.36,0.0,5522.06,-2.15,4683.88,0.0,1056.53,227.35,869.23,0.0
2026-08-26T05:40Z,7432.09,0.0,5618.08,0.0,4714.75,0.0,1088.12,189.83,738.28,0.0
2026-08-26T05:45Z,7599.24,23.99,5714.96,20.35,4801.41,24.05,1137.52,190.02,734.22,24.38
2026-08-26T05:50Z,7669.89,28.95,5834.8,2.09,4849.61,29.04,1144.81,152.01,745.54,31.12
2026-08-26T05:55Z,7719.69,40.34,5901.27,24.99,4923.03,38.67,1192.45,170.12,743.68,32.14
2026-08-26T06:00Z,7880.29,42.8,5937.59,37.1,5011.39,41.07,1221.59,227.35,816.32,32.14
2026-08-26T06:05Z,7935.39,58.68,6085.54,50.0,5136.92,57.6,1187.9,142.86,895.1,45.06
2026-08-26T06:10Z,8076.31,73.15,6078.9,62.72,5176.18,71.99,1242.8,142.86,921.46,70.14
2026-08-26T06:15Z,8031.08,72.76,6263.52,63.73,5254.6,73.55,1267.35,142.86,874.83,70.22
2026-08-26T06:20Z,8105.32,59.73,6315.82,54.73,5336.55,58.62,1306.38,105.01,809.71,53.43
2026-08-26T06:25Z,8189.71,68.02,6470.94,63.73,5454.29,67.5,1359.44,104.05,855.03,61.71
2026-08-26T06:30Z,8236.28,86.53,6557.12,81.82,5536.92,86.03,1392.89,135.05,915.32,78.66
2026-08-26T06:35Z,8306.66,75.01,6626.27,71.88,5647.15,76.37,1382.93,101.02,966.2,70.14
2026-08-26T06:40Z,8331.31,82.45,6606.84,78.51,5717.09,84.22,1426.61,101.04,1004.13,77.0
2026-08-26T06:45Z,8411.21,90.0,6782.44,84.76,5822.08,90.99,1458.76,101.04,1071.92,83.97
2026-08-26T06:50Z,8506.6,94.71,6894.66,90.49,5918.09,95.45,1506.88,104.78,1029.45,87.24
2026-08-26T06:55Z,8609.12,108.31,6969.4,99.69,5988.37,110.13,1525.26,119.56,1062.82,99.38
2026-08-26T07:00Z,8656.68,114.66,7148.55,105.49,6090.85,118.5,1521.13,127.89,1115.93,107.96
2026-08-26T07:05Z,8840.56,96.98,7136.86,91.75,6192.08,97.15,1558.38,107.01,1127.03,87.1
2026-08-26T07:10Z,8819.65,107.43,7125.28,99.69,6258.39,109.73,1594.27,119.75,1162.44,99.01
2026-08-26T07:15Z,9019.5,115.85,7162.38,104.83,6412.9,118.5,1621.92,128.29,1182.58,107.24
2026-08-26T07:20Z,9054.27,137.01,7211.73,120.96,6537.96,139.0,1611.93,150.15,1199.51,125.76
2026-08-26T07:25Z,9124.28,135.83,7293.01,120.05,6600.91,139.0,1626.55,148.99,1220.98,126.56
2026-08-26T07:30Z,9152.53,132.24,7349.37,117.73,6688.12,135.65,1670.43,145.64,1227.64,122.32
2026-08-26T07:35Z,9244.87,113.4,7438.22,103.68,6803.43,117.41,1691.3,127.01,1244.06,107.89
2026-08-26T07:40Z,9396.39,113.4,7414.46,102.8,6905.9,112.93,1730.09,121.37,1227.02,101.48
2026-08-26T07:45Z,9554.98,130.01,7455.14,114.69,7042.88,128.72,1763.88,136.87,1243.93,116.38
2026-08-26T07:50Z,9564.02,130.01,7530.11,118.24,7053.22,131.06,1793.96,140.76,1277.71,118.88
2026-08-26T07:55Z,9720.7,137.44,7569.75,123.44,7163.63,138.65,1818.21,150.03,1293.36,126.14
2026-08-26T08:00Z,9675.1,121.39,7636.88,107.73,7137.8,125.73,1853.11,137.5,1301.74,113.68
2026-08-26T08:05Z,9765.6,118.22,7540.89,108.88,7198.67,118.79,1904.3,145.12,1305.42,107.05
2026-08-26T08:10Z,9734.05,116.24,7522.34,107.69,7236.87,118.5,1919.28,170.44,1285.45,88.24
2026-08-26T08:15Z,9760.29,161.22,7506.86,139.5,7325.91,158.42,1927.32,172.95,1297.14,141.81
2026-08-26T08:20Z,9528.2,119.02,7516.87,104.83,7365.74,132.48,1940.55,170.44,1304.94,118.97
2026-08-26T08:25Z,9662.84,113.4,7580.71,99.97,7356.52,126.58,1971.25,140.3,1301.46,113.3
2026-08-26T08:30Z,9739.98,142.9,7604.04,122.06,7470.8,155.48,2014.58,172.49,1316.89,139.6
2026-08-26T08:35Z,9611.32,139.16,7560.11,123.44,7438.38,143.17,1991.18,159.97,1322.07,129.37
2026-08-26T08:40Z,9597.02,117.53,7570.73,103.6,7420.18,123.97,2005.22,162.34,1321.3,110.6
2026-08-26T08:45Z,9585.14,113.4,7505.45,101.8,7528.77,139.0,2023.71,153.7,1316.76,124.39
2026-08-26T08:50Z,9638.6,138.37,7531.42,121.12,7557.69,140.53,2044.99,154.31,1324.84,126.96
2026-08-26T08:55Z,9596.08,113.4,7472.56,100.47,7551.45,134.51,2055.88,145.12,1334.16,121.14
2026-08-26T09:00Z,9556.85,116.02,7522.28,104.83,7541.83,134.51,2085.66,162.34,1325.59,120.75
2026-08-26T09:05Z,9631.33,129.71,7451.52,114.88,7457.52,131.75,2055.79,162.34,1326.61,118.3
2026-08-26T09:10Z,9459.05,120.12,7399.97,109.77,7406.94,122.06,2049.83,162.34,1319.57,109.6
2026-08-26T09:15Z,9391.83,113.4,7419.19,102.8,7361.66,113.35,2045.84,162.34,1315.52,101.78
2026-08-26T09:20Z,9468.69,120.12,7421.9,110.48,7424.67,122.09,2062.96,162.34,1315.9,109.63
2026-08-26T09:25Z,9473.7,113.4,7380.87,102.92,7373.68,130.79,2057.21,162.34,1321.62,117.45
2026-08-26T09:30Z,9489.71,119.02,7340.85,108.64,7303.89,120.81,2047.67,135.2,1320.51,108.15
2026-08-26T09:35Z,9385.5,113.4,7251.38,103.4,7326.14,130.43,2078.56,145.12,1324.01,117.14
2026-08-26T09:40Z,9347.0,113.4,7347.0,102.87,7369.4,134.51,2063.18,150.0,1320.7,120.79
2026-08-26T09:45Z,9372.56,115.64,7301.73,106.88,7297.45,130.5,2063.19,145.12,1320.5,117.21
2026-08-26T09:50Z,9401.81,119.02,7282.97,109.27,7232.82,119.87,2050.63,131.7,1314.48,107.67
2026-08-26T09:55Z,9399.69,128.44,7229.72,114.88,7332.08,132.27,2051.12,145.12,1318.01,118.79
2026-08-26T10:00Z,9297.87,119.02,7189.02,107.73,7284.67,119.84,2027.91,130.44,1318.42,107.63
2026-08-26T10:05Z,9184.5,113.4,7181.73,99.89,7280.42,132.77,2016.45,130.0,1307.95,118.48
2026-08-26T10:10Z,9224.12,130.01,7216.87,114.88,7190.73,134.51,2018.21,145.12,1315.93,120.06
2026-08-26T10:15Z,9231.66,119.53,7130.41,102.8,7159.72,132.68,2018.78,145.0,1307.55,118.43
2026-08-26T10:20Z,9250.0,113.4,7140.35,103.28,7108.36,132.68,2001.97,144.31,1315.88,119.21
2026-08-26T10:25Z,9189.99,121.1,7074.84,108.11,7064.09,132.68,1997.91,143.83,1311.95,119.98
2026-08-26T10:30Z,9230.98,121.1,7059.3,109.47,7075.26,132.77,1995.4,143.3,1313.32,119.29
2026-08-26T10:35Z,9167.57,121.1,7024.51,108.5,7087.93,134.51,1994.07,143.5,1312.39,121.62
2026-08-26T10:40Z,9157.44,113.4,7134.7,102.8,7038.95,132.68,1994.01,141.07,1307.7,119.98
2026-08-26T10:45Z,9145.54,124.34,7112.58,108.97,7070.94,126.81,1976.33,130.0,1297.81,114.3
2026-08-26T10:50Z,9086.02,130.03,7122.43,117.69,7042.78,130.53,1984.13,132.37,1293.15,116.9
2026-08-26T10:55Z,8933.87,130.01,7095.8,117.69,6971.06,134.51,1997.02,143.22,1300.72,120.87
2026-08-26T11:00Z,8824.82,119.02,7128.25,107.04,6946.04,120.46,1962.56,128.55,1288.49,107.9
2026-08-26T11:05Z,8958.76,130.01,7015.33,117.69,6847.5,129.17,1949.89,132.04,1284.4,116.09
2026-08-26T11:10Z,8869.8,130.01,7061.44,113.88,6862.6,131.24,1933.01,135.57,1288.12,117.95
2026-08-26T11:15Z,8781.73,115.23,6989.38,102.8,6836.35,126.46,1899.47,130.44,1278.93,113.66
2026-08-26T11:20Z,8775.76,121.1,6994.59,114.4,6771.69,125.34,1906.29,130.44,1272.32,112.3
2026-08-26T11:25Z,8848.13,132.45,7047.33,121.12,6811.65,134.51,1893.6,138.16,1267.21,120.51
2026-08-26T11:30Z,8790.7,130.64,7056.48,120.98,6781.5,132.48,1861.21,135.33,1263.98,118.7
2026-08-26T11:35Z,8697.57,130.01,6939.79,118.13,6723.18,132.68,1851.48,136.63,1224.15,118.49
2026-08-26T11:40Z,8750.77,130.01,7002.87,120.4,6676.56,128.5,1842.86,132.78,1138.15,70.24
2026-08-26T11:45Z,8596.87,135.96,6945.93,121.12,6564.72,134.51,1853.6,141.0,1127.98,120.12
2026-08-26T11:50Z,8531.43,135.09,6877.1,121.12,6622.02,134.76,1849.41,141.71,1184.15,121.91
2026-08-26T11:55Z,8487.06,120.0,6849.39,111.02,6547.1,134.51,1819.74,141.29,1213.3,122.49
2026-08-26T12:00Z,8486.91,136.94,6811.14,123.44,6516.78,134.76,1808.72,140.92,1220.91,122.34
2026-08-26T12:05Z,8325.88,121.1,6692.31,111.83,6412.21,127.16,1788.45,130.44,1207.92,115.82
2026-08-26T12:10Z,8505.46,121.1,6707.14,112.54,6408.32,155.48,1780.92,163.7,1206.96,139.82
2026-08-26T12:15Z,8533.52,142.9,6681.89,130.69,6332.72,139.01,1738.8,144.93,1200.71,125.02
2026-08-26T12:20Z,8433.39,142.9,6704.37,128.65,6316.6,136.99,1724.32,130.44,1190.6,122.81
2026-08-26T12:25Z,8406.84,142.9,6618.05,127.7,6193.57,134.78,1734.06,139.68,1187.07,120.47
2026-08-26T12:30Z,8311.62,137.5,6473.67,123.44,6182.46,132.68,1719.04,137.91,1183.24,118.59
2026-08-26T12:35Z,8305.37,146.0,6547.6,130.69,6209.73,135.46,1714.78,140.66,1180.74,121.85
2026-08-26T12:40Z,8260.85,139.36,6415.04,123.44,6152.67,132.68,1703.46,130.44,1174.26,119.36
2026-08-26T12:45Z,8292.42,146.0,6456.67,130.22,6117.0,137.39,1677.73,130.44,1163.8,123.61
2026-08-26T12:50Z,8248.63,146.0,6402.06,129.3,6057.71,137.28,1665.76,140.22,1161.49,123.51
2026-08-26T12:55Z,8187.14,146.0,6322.61,129.2,6033.91,142.82,1660.22,146.4,1155.47,128.09
2026-08-26T13:00Z,8118.52,134.19,6353.58,120.23,6015.94,127.97,1632.38,130.44,1152.48,114.78
2026-08-26T13:05Z,8193.45,146.0,6322.7,130.69,6033.01,139.09,1616.55,142.15,1150.57,125.14
2026-08-26T13:10Z,8120.77,142.9,6340.34,128.08,6019.44,134.93,1589.76,136.12,1144.16,121.41
2026-08-26T13:15Z,8126.42,146.0,6262.71,129.09,6131.14,140.24,1588.18,140.83,1141.51,126.15
2026-08-26T13:20Z,8092.69,130.01,6237.15,117.69,6056.57,124.64,1551.26,125.99,1132.61,111.78
2026-08-26T13:25Z,8084.22,134.86,6233.21,119.18,6064.76,129.27,1547.44,130.44,1130.12,115.92
2026-08-26T13:30Z,7987.11,135.32,6189.47,118.78,5986.77,128.81,1569.46,130.44,1126.13,115.52
2026-08-26T13:35Z,7984.27,142.9,6185.0,127.85,6067.06,136.07,1570.07,136.56,1124.68,122.8
2026-08-26T13:40Z,7952.06,142.9,6201.78,127.88,5995.67,136.12,1583.73,137.39,1118.08,122.47
2026-08-26T13:45Z,7946.58,124.54,6149.15,109.97,5954.58,118.5,1568.98,120.45,1113.12,106.62
2026-08-26T13:50Z,7924.16,126.59,6172.02,111.81,5850.03,118.5,1575.88,121.1,1108.25,106.64
2026-08-26T13:55Z,7888.12,125.7,6135.09,110.28,5815.88,118.5,1556.88,120.54,1100.25,106.3
2026-08-26T14:00Z,7849.26,123.7,6114.53,107.81,5863.52,118.5,1549.89,120.42,1101.15,106.29
2026-08-26T14:05Z,7889.11,134.86,6070.38,118.23,5849.97,127.12,1551.94,129.71,1096.31,114.39
2026-08-26T14:10Z,7962.98,136.62,6090.74,121.31,5785.83,127.7,1562.64,130.44,1096.44,114.93
2026-08-26T14:15Z,8017.53,134.86,5982.18,116.88,5828.85,127.02,1557.51,130.15,1090.0,113.94
2026-08-26T14:20Z,7930.89,124.63,5912.52,106.96,5792.84,118.5,1580.41,122.63,1089.56,106.3
2026-08-26T14:25Z,7949.42,125.65,5943.94,107.88,5800.46,118.5,1579.3,122.6,1088.84,106.3
2026-08-26T14:30Z,7867.12,123.67,5877.86,105.43,5757.01,118.5,1570.38,122.63,1086.23,106.31
2026-08-26T14:35Z,7911.13,123.82,5849.66,105.51,5693.37,118.5,1565.57,125.07,1083.48,106.67
2026-08-26T14:40Z,7796.92,134.86,5846.85,114.91,5662.56,131.4,1586.4,142.3,1081.91,117.9
2026-08-26T14:45Z,7804.56,124.69,5797.68,105.49,5690.16,122.23,1545.48,130.94,1080.32,109.67
2026-08-26T14:50Z,7782.71,134.86,5830.01,114.14,5669.55,133.32,1554.28,142.91,1078.67,119.62
2026-08-26T14:55Z,7692.72,122.64,5846.23,105.17,5636.2,121.23,1543.77,130.44,1076.2,108.78
2026-08-26T15:00Z,7729.39,125.51,5768.17,105.49,5616.56,123.05,1548.5,131.95,1073.5,110.42
2026-08-26T15:05Z,7694.76,129.99,5799.21,110.01,5551.74,128.42,1540.5,137.77,1078.58,115.25
2026-08-26T15:10Z,7640.71,154.43,5796.84,130.69,5556.9,152.57,1530.22,163.6,1078.46,136.92
2026-08-26T15:15Z,7564.37,125.56,5766.59,108.26,5464.87,121.83,1495.78,130.0,1070.48,109.0
2026-08-26T15:20Z,7639.89,130.01,5757.78,109.96,5464.3,129.24,1509.15,140.69,1068.03,115.63
2026-08-26T15:25Z,7570.44,146.0,5750.34,124.27,5499.83,146.42,1514.81,159.44,1074.47,131.42
2026-08-26T15:30Z,7395.77,118.1,5752.61,102.46,5491.12,118.5,1493.7,129.45,1073.28,106.36
2026-08-26T15:35Z,7444.48,124.35,5751.12,107.19,5401.63,119.22,1510.09,130.0,1073.4,107.03
2026-08-26T15:40Z,7438.32,146.0,5682.35,122.63,5419.12,140.63,1494.85,151.98,1079.34,126.24
2026-08-26T15:45Z,7394.2,146.0,5712.3,123.47,5425.08,141.74,1486.13,154.29,1078.97,127.23
2026-08-26T15:50Z,7407.41,125.96,5693.34,106.49,5393.61,119.34,1482.06,130.44,1078.39,107.48
2026-08-26T15:55Z,7320.65,124.35,5687.05,105.79,5350.56,119.12,1498.22,130.44,1074.98,106.94
2026-08-26T16:00Z,7280.67,130.01,5692.99,111.31,5312.48,126.28,1497.1,138.84,1071.74,113.37
2026-08-26T16:05Z,7232.65,134.86,5652.91,115.39,5248.83,128.82,1486.82,142.21,1074.31,116.04
2026-08-26T16:10Z,7254.17,134.86,5650.38,116.86,5217.27,126.62,1470.92,139.67,1077.19,114.07
2026-08-26T16:15Z,7272.22,134.86,5677.61,116.15,5238.97,127.6,1465.35,141.74,1076.69,114.95
2026-08-26T16:20Z,7235.96,134.86,5634.84,116.84,5253.51,127.56,1453.01,141.02,1075.14,114.91
2026-08-26T16:25Z,7233.39,134.86,5625.05,116.08,5242.43,127.64,1464.75,141.81,1076.34,114.99
2026-08-26T16:30Z,7185.63,124.35,5649.38,107.77,5218.79,146.42,1461.12,162.09,1075.59,131.9
2026-08-26T16:35Z,7197.83,134.86,5580.67,113.87,5213.13,129.5,1431.6,144.8,1074.18,116.29
2026-08-26T16:40Z,7176.74,134.86,5577.2,113.06,5202.08,130.65,1444.54,146.85,1073.07,117.33
2026-08-26T16:45Z,7177.67,134.86,5600.18,113.2,5187.72,128.52,1436.91,143.82,1077.58,115.79
2026-08-26T16:50Z,7072.67,134.86,5577.68,112.46,5122.72,132.76,1436.16,148.72,1080.55,119.62
2026-08-26T16:55Z,7032.53,124.35,5581.81,103.71,5129.27,122.36,1424.9,135.88,1080.09,110.25
2026-08-26T17:00Z,7028.42,127.23,5619.56,105.49,5177.82,126.16,1409.86,139.37,1082.67,113.67
2026-08-26T17:05Z,7065.32,127.25,5604.76,105.49,5180.74,125.12,1409.31,138.71,1085.17,112.73
2026-08-26T17:10Z,7019.43,124.35,5611.94,104.4,5092.68,120.39,1426.98,133.77,1085.96,108.49
2026-08-26T17:15Z,7106.41,151.37,5683.73,127.18,5150.95,146.42,1414.3,161.13,1088.18,131.93
2026-08-26T17:20Z,7074.01,137.07,5579.84,115.02,5177.8,146.42,1395.28,160.27,1088.06,131.92
2026-08-26T17:25Z,7037.75,134.86,5683.26,112.57,5182.2,146.42,1396.2,159.65,1070.81,131.49
2026-08-26T17:30Z,7065.22,149.16,5629.15,124.43,5165.21,146.42,1381.75,158.89,1073.31,131.5
2026-08-26T17:35Z,7054.39,134.86,5669.3,113.27,5077.99,131.22,1373.76,141.91,1073.33,117.86
2026-08-26T17:40Z,7090.91,138.15,5716.7,116.84,5146.81,133.45,1385.05,144.86,1076.18,119.85
2026-08-26T17:45Z,7070.44,134.86,5680.22,113.3,5165.76,131.48,1402.49,143.44,1077.53,118.08
2026-08-26T17:50Z,7116.37,129.71,5653.51,108.74,5113.28,124.28,1386.78,135.0,1076.93,111.63
2026-08-26T17:55Z,7086.33,137.06,5696.38,115.18,5174.23,133.45,1375.81,144.74,1077.39,119.85
2026-08-26T18:00Z,7053.72,134.86,5738.37,115.56,5176.56,129.23,1377.92,140.15,1087.74,116.43
2026-08-26T18:05Z,7090.49,137.05,5811.56,116.79,5186.15,133.45,1382.88,145.12,1089.83,120.23
2026-08-26T18:10Z,7093.39,134.86,5807.54,115.02,5220.03,135.72,1400.36,145.56,1090.57,122.27
2026-08-26T18:15Z,7164.59,140.55,5760.55,121.99,5153.01,135.72,1397.2,146.73,1092.81,122.29
2026-08-26T18:20Z,7144.7,138.31,5817.88,118.59,5169.28,135.72,1389.74,146.08,1096.12,122.29
2026-08-26T18:25Z,7153.76,137.33,5825.43,119.03,5178.2,133.73,1396.49,145.12,1096.08,120.49
2026-08-26T18:30Z,7170.98,135.96,5812.37,115.11,5202.02,133.45,1391.23,145.12,1106.86,120.24
2026-08-26T18:35Z,7079.01,137.02,5849.86,119.07,5249.56,133.45,1376.37,145.12,1107.93,120.23
2026-08-26T18:40Z,7196.09,139.75,5906.97,119.97,5270.92,135.0,1382.88,145.12,1112.35,121.23
2026-08-26T18:45Z,7186.86,150.28,5917.43,130.69,5220.67,144.01,1386.97,154.37,1118.47,129.76
2026-08-26T18:50Z,7190.42,152.47,5896.34,130.69,5282.28,147.42,1398.9,157.41,1122.42,133.24
2026-08-26T18:55Z,7195.28,153.28,5894.15,130.75,5327.34,148.13,1382.42,158.57,1124.89,133.44
2026-08-26T19:00Z,7279.91,153.73,5932.61,131.19,5384.11,147.42,1388.82,157.75,1132.83,132.79
2026-08-26T19:05Z,7311.41,156.23,6000.96,133.44,5427.33,147.42,1380.31,158.83,1137.0,132.36
2026-08-26T19:10Z,7333.83,154.91,6061.12,133.26,5389.74,147.42,1395.24,159.68,1149.81,132.79
2026-08-26T19:15Z,7413.15,174.59,6140.44,157.17,5442.99,166.08,1392.46,179.88,1161.67,149.11
2026-08-26T19:20Z,7468.58,174.59,6117.44,157.09,5505.3,167.68,1403.3,180.0,1167.52,151.02
2026-08-26T19:25Z,7596.07,174.59,6192.78,153.27,5556.1,164.01,1413.98,174.67,1178.41,147.71
2026-08-26T19:30Z,7612.41,230.59,6228.43,194.97,5590.83,216.11,1413.04,230.81,1175.37,194.61
2026-08-26T19:35Z,7516.82,230.59,6250.92,202.65,5614.05,212.61,1390.99,222.53,1184.54,190.23
2026-08-26T19:40Z,7560.13,230.59,6301.65,200.21,5679.26,216.31,1418.54,226.53,1198.21,194.14
2026-08-26T19:45Z,7641.25,197.78,6361.54,175.11,5730.72,181.03,1408.11,182.8,1203.73,163.0
2026-08-26T19:50Z,7722.79,200.14,6437.39,175.11,5794.28,190.92,1443.96,197.57,1208.03,171.87
2026-08-26T19:55Z,7767.06,207.38,6416.35,179.12,5881.13,191.72,1448.3,195.22,1206.07,172.58
2026-08-26T20:00Z,7830.51,255.64,6479.93,238.51,5945.85,232.55,1444.9,230.81,1216.31,209.31
2026-08-26T20:05Z,7903.38,228.51,6528.81,206.57,6058.32,209.61,1443.2,212.82,1221.76,186.77
2026-08-26T20:10Z,8039.39,267.96,6595.18,253.53,6198.66,234.69,1464.28,230.81,1246.05,209.8
2026-08-26T20:15Z,8108.66,241.03,6655.23,231.14,6316.26,209.61,1469.38,204.31,1265.74,187.95
2026-08-26T20:20Z,8240.49,299.98,6632.03,289.42,6337.97,257.14,1511.83,198.0,1277.61,231.3
2026-08-26T20:25Z,8281.84,274.02,6672.03,259.47,6472.57,252.67,1542.77,246.85,1291.92,227.96
2026-08-26T20:30Z,8353.35,299.99,6693.17,289.69,6601.54,285.8,1555.27,228.97,1305.48,258.64
2026-08-26T20:35Z,8490.12,299.98,6722.14,284.21,6661.3,297.21,1585.03,130.44,1317.44,264.61
2026-08-26T20:40Z,8582.96,299.98,6732.92,280.64,6809.02,299.44,1645.72,194.98,1349.49,269.19
2026-08-26T20:45Z,8705.78,299.98,6728.36,277.04,6830.75,298.95,1669.82,170.7,1358.14,268.75
2026-08-26T20:50Z,8728.8,237.24,6693.69,212.55,6900.76,240.78,1708.95,194.98,1369.05,218.52
2026-08-26T20:55Z,8758.96,248.66,6698.92,222.78,7048.4,252.65,1715.86,130.44,1374.63,228.51
2026-08-26T21:00Z,8710.02,282.82,6659.07,247.99,7180.12,295.48,1759.42,170.7,1385.47,267.19
2026-08-26T21:05Z,8735.04,187.82,6623.41,163.57,7186.15,217.48,1772.82,170.7,1391.28,196.03
2026-08-26T21:10Z,8836.64,163.63,6553.85,138.85,7215.03,180.96,1782.7,170.7,1400.02,162.59
2026-08-26T21:15Z,8824.3,142.9,6574.11,123.59,7398.88,227.31,1806.47,220.67,1409.63,203.51
2026-08-26T21:20Z,8825.13,129.88,6569.65,113.03,7476.86,224.18,1800.39,220.78,1415.92,200.69
2026-08-26T21:25Z,8827.15,99.01,6447.2,85.49,7490.57,180.94,1819.1,176.99,1418.39,162.5
2026-08-26T21:30Z,8759.64,70.1,6414.95,59.74,7496.69,174.24,1835.19,170.7,1417.98,156.48
2026-08-26T21:35Z,8786.64,51.15,6337.31,43.0,7436.75,168.48,1858.68,168.04,1426.73,150.84
2026-08-26T21:40Z,8806.27,64.79,6291.33,54.44,7437.88,168.46,1868.51,168.11,1410.7,150.32
2026-08-26T21:45Z,8783.0,46.65,6111.02,14.07,7481.13,131.48,1871.41,131.2,1408.68,117.32
2026-08-26T21:50Z,8675.18,46.65,6095.77,6.87,7435.12,92.83,1858.96,96.31,1405.24,85.24
2026-08-26T21:55Z,8727.03,64.69,5935.44,43.0,7440.93,89.0,1870.85,92.79,1390.59,81.98
2026-08-26T22:00Z,8648.76,64.69,5882.99,39.75,7404.93,89.0,1834.43,92.63,1376.96,81.73
2026-08-26T22:05Z,8529.37,46.65,5821.8,39.83,7388.49,89.0,1813.58,92.56,1363.76,83.26
2026-08-26T22:10Z,8585.31,46.65,5798.93,21.05,7355.86,87.48,1775.11,90.46,1346.87,82.1
2026-08-26T22:15Z,8558.54,46.65,5661.44,14.07,7213.42,87.48,1773.27,90.94,1330.52,81.86
2026-08-26T22:20Z,8418.77,46.65,5646.36,10.68,7186.92,70.32,1725.27,73.77,1317.09,66.01
2026-08-26T22:25Z,8400.69,46.65,5517.11,16.89,7124.56,49.91,1693.26,67.44,1294.29,46.7
2026-08-26T22:30Z,8344.73,46.65,5463.22,22.85,7063.06,50.2,1641.34,67.44,1263.74,48.7
2026-08-26T22:35Z,8142.28,60.5,5371.7,25.75,6877.98,66.05,1595.83,67.44,1275.41,73.69
2026-08-26T22:40Z,8125.67,46.65,5193.03,24.81,6824.43,50.37,1549.55,50.31,1268.46,48.9
2026-08-26T22:45Z,8087.07,46.65,5152.86,14.07,6773.56,48.63,1503.76,47.93,1247.88,47.08
2026-08-26T22:50Z,8028.0,46.65,5028.59,39.95,6646.44,48.95,1480.94,47.3,1241.44,88.24
2026-08-26T22:55Z,7895.66,66.5,4993.72,43.0,6576.16,70.32,1461.36,68.73,1220.06,70.11
2026-08-26T23:00Z,7865.6,40.31,4854.25,14.07,6490.95,42.1,1394.34,39.74,1212.45,43.16
2026-08-26T23:05Z,7725.29,52.92,4851.71,6.83,6408.03,54.81,1390.66,53.39,1192.48,48.52
2026-08-26T23:10Z,7669.75,66.53,4726.87,24.81,6382.33,68.73,1340.03,65.97,1184.35,63.64
2026-08-26T23:15Z,7627.55,52.92,4668.92,6.85,6366.78,53.6,1260.01,50.62,1151.18,45.89
2026-08-26T23:20Z,7605.57,66.53,4625.49,24.0,6239.35,68.42,1267.23,67.28,1139.8,67.26
2026-08-26T23:25Z,7582.87,66.53,4539.89,6.85,6231.1,67.7,1220.12,85.44,1126.73,66.35
2026-08-26T23:30Z,7516.28,52.92,4438.16,6.85,6168.29,52.85,1169.15,49.7,1114.81,51.65
2026-08-26T23:35Z,7357.05,65.03,4418.65,24.8,6070.68,64.94,1156.93,62.07,1103.61,63.65
2026-08-26T23:40Z,7411.47,66.53,4387.29,24.81,6009.3,66.23,1111.96,63.88,1095.73,64.92
2026-08-26T23:45Z,7345.68,66.53,4260.58,12.46,5893.8,43.13,1077.54,41.87,1082.56,43.16
2026-08-26T23:50Z,7374.62,66.53,4178.78,0.73,5797.47,46.88,1045.8,138.92,1064.26,43.18
2026-08-26T23:55Z,7278.95,66.53,4168.26,6.83,5741.22,26.61,984.09,85.44,1061.6,27.13
2026-08-27T00:00Z,7184.61,66.53,4128.7,0.01,5693.64,26.61,952.05,25.58,1053.09,27.13
2026-08-27T00:05Z,7081.94,66.53,4081.12,0.01,5505.9,26.27,960.58,85.44,1046.59,27.13
2026-08-27T00:10Z,7250.05,71.4,4057.31,0.01,5535.29,26.35,943.15,28.88,1055.61,27.13
2026-08-27T00:15Z,7150.77,52.92,3991.67,0.01,5459.03,24.61,947.58,85.44,1045.63,25.98
2026-08-27T00:20Z,7069.52,52.92,3955.23,0.0,5375.8,19.18,901.92,18.6,1029.78,20.25
2026-08-27T00:25Z,7027.7,52.92,4005.96,0.0,5282.75,19.2,892.77,18.77,1029.3,20.28
2026-08-27T00:30Z,6974.3,52.92,3972.62,0.0,5177.48,12.96,878.27,12.68,1018.6,13.69
2026-08-27T00:35Z,6974.85,66.53,3916.09,0.01,5150.59,19.2,841.8,18.46,1018.01,27.1
2026-08-27T00:40Z,6926.91,66.53,3896.63,0.01,5179.75,50.94,856.32,49.23,1031.7,53.14
2026-08-27T00:45Z,6900.66,66.53,3875.22,0.0,5168.74,50.94,827.75,48.91,1025.13,52.97
2026-08-27T00:50Z,6760.09,52.92,3870.0,0.0,5059.64,27.1,768.17,24.98,1030.33,28.36
2026-08-27T00:55Z,6680.27,52.92,3945.91,0.0,5094.89,25.98,760.41,23.66,1024.63,27.1
2026-08-27T01:00Z,6685.31,52.92,3978.65,2.0,5055.37,25.89,727.38,23.46,1020.26,27.1
2026-08-27T01:05Z,6677.26,52.92,3976.8,6.85,4985.04,27.14,729.53,25.39,1012.57,28.58
2026-08-27T01:10Z,6878.19,66.84,4062.76,6.85,5099.11,27.14,707.48,24.82,1005.86,28.49
2026-08-27T01:15Z,6756.48,64.95,4058.41,14.07,5090.73,27.14,706.01,24.51,1000.78,28.49
2026-08-27T01:20Z,6725.79,66.53,4024.3,25.83,5091.37,27.14,676.24,24.22,991.66,28.49
2026-08-27T01:25Z,6779.13,66.53,4133.39,6.85,4940.66,25.65,659.48,22.54,984.86,27.1
2026-08-27T01:30Z,6683.22,52.92,4122.0,14.07,4857.26,27.14,627.07,24.3,980.08,28.41
2026-08-27T01:35Z,6692.66,52.92,4117.8,25.75,4750.17,44.0,584.15,34.94,972.56,45.92
2026-08-27T01:40Z,6670.43,42.67,4162.97,14.07,4656.64,27.42,558.83,23.65,971.21,28.62
2026-08-27T01:45Z,6602.36,44.76,4148.5,6.85,4653.42,27.42,567.85,23.65,966.32,28.62
2026-08-27T01:50Z,6537.17,52.92,4207.02,14.07,4519.2,27.42,544.09,23.84,961.78,28.63
2026-08-27T01:55Z,6565.37,52.92,4135.04,31.69,4528.35,27.42,523.22,24.46,959.88,28.63
2026-08-27T02:00Z,6514.55,42.08,4135.1,22.85,4461.63,38.7,501.46,34.21,956.73,40.28
2026-08-27T02:05Z,6507.21,52.92,4184.8,14.07,4461.18,34.0,467.18,29.77,954.32,35.39
2026-08-27T02:10Z,6449.23,46.48,4181.93,29.83,4450.86,44.23,457.8,38.88,957.59,46.04
2026-08-27T02:15Z,6400.33,52.92,4201.11,25.75,4318.28,27.14,412.94,23.64,952.16,28.25
2026-08-27T02:20Z,6433.6,66.53,4105.32,25.75,4255.02,27.14,421.82,23.75,954.07,28.26
2026-08-27T02:25Z,6406.96,84.79,4135.85,14.07,4237.89,27.42,423.18,24.57,947.03,28.55
2026-08-27T02:30Z,6327.55,99.2,4101.61,25.75,4167.3,10.65,435.95,9.78,949.96,11.3
2026-08-27T02:35Z,6284.85,73.3,4150.53,25.75,4150.43,27.14,449.34,24.36,946.18,28.26
2026-08-27T02:40Z,6208.27,66.53,4133.47,14.07,4157.67,27.23,439.3,25.22,946.87,28.36
2026-08-27T02:45Z,6152.58,66.53,4149.46,31.69,4137.71,27.34,408.28,25.36,952.19,28.56
2026-08-27T02:50Z,6330.56,73.3,4189.43,40.1,4000.55,25.94,396.21,24.15,942.01,27.1
2026-08-27T02:55Z,6327.79,52.92,4166.23,43.75,3957.77,20.68,364.93,18.86,943.63,21.81
2026-08-27T03:00Z,6250.34,28.62,4125.01,25.52,3923.53,27.24,370.06,24.97,937.85,28.29
2026-08-27T03:05Z,6407.72,66.53,4175.06,31.69,3938.16,32.07,347.5,29.0,934.9,33.3
2026-08-27T03:10Z,6354.89,83.99,4087.3,43.75,3953.87,27.42,315.39,25.04,955.6,28.56
2026-08-27T03:15Z,6192.22,33.83,4202.48,29.99,3903.23,34.0,327.85,30.85,972.59,35.53
2026-08-27T03:20Z,6237.26,13.3,4212.99,12.41,3956.33,13.79,302.9,12.58,976.56,14.64
2026-08-27T03:25Z,6280.11,24.66,4224.49,23.29,3929.9,25.61,348.39,24.36,964.27,27.1
2026-08-27T03:30Z,6169.36,26.33,4266.43,24.64,3936.41,25.85,342.22,23.46,972.74,27.1
2026-08-27T03:35Z,5954.94,13.3,4233.41,12.49,3878.03,13.17,330.83,12.01,979.4,15.69
2026-08-27T03:40Z,5943.47,25.75,4262.13,22.85,3891.96,24.72,345.57,22.47,980.51,27.08
2026-08-27T03:45Z,5967.89,29.07,4266.84,25.46,3932.12,27.89,336.93,25.32,966.94,29.14
2026-08-27T03:50Z,5855.32,20.93,4256.34,18.46,3941.31,19.93,330.03,17.81,965.75,21.15
2026-08-27T03:55Z,6077.03,27.87,4373.17,24.44,3912.7,24.54,329.96,22.2,967.45,26.05
2026-08-27T04:00Z,5922.46,26.04,4402.85,23.0,3927.04,24.42,349.96,22.2,966.83,25.84
2026-08-27T04:05Z,5912.27,23.99,4429.1,20.81,3897.88,23.23,353.15,21.13,958.45,24.5
2026-08-27T04:10Z,5946.43,25.76,4513.04,22.36,3880.22,24.56,366.96,22.2,953.28,26.07
2026-08-27T04:15Z,5905.13,21.32,4598.2,18.52,3906.28,20.68,380.9,18.42,943.2,21.81
2026-08-27T04:20Z,5923.11,13.3,4597.97,11.34,3816.84,12.79,381.32,11.75,935.26,13.45
2026-08-27T04:25Z,5913.73,9.95,4664.19,8.49,3845.96,9.42,377.59,8.76,956.03,9.94
2026-08-27T04:30Z,5969.08,11.16,4662.14,5.3,3906.75,10.65,392.19,9.83,957.41,11.27
2026-08-27T04:35Z,5975.79,13.3,4681.62,0.0,3948.57,12.5,387.56,11.35,950.67,13.27
2026-08-27T04:40Z,6061.05,23.42,4743.34,0.19,3924.74,10.65,367.17,9.58,939.91,11.2
2026-08-27T04:45Z,6090.13,23.99,4817.24,5.3,3988.16,10.65,370.59,9.61,949.55,11.3
2026-08-27T04:50Z,6094.14,13.3,4833.48,2.09,4067.69,10.65,393.82,9.66,956.09,11.27
2026-08-27T04:55Z,6170.36,21.78,4842.08,-4.09,4193.36,15.52,424.57,14.19,965.67,16.53
2026-08-27T05:00Z,6136.66,52.92,4973.4,-1.45,4205.47,15.39,449.04,14.19,975.35,16.39
2026-08-27T05:05Z,6273.61,22.13,5052.18,1.94,4111.41,4.42,449.73,4.29,983.56,4.71
2026-08-27T05:10Z,6334.96,-1.2,5096.42,-1.01,4087.15,-1.17,516.52,-1.1,978.49,-1.24
2026-08-27T05:15Z,6502.15,0.0,5179.26,0.0,4224.56,0.0,562.44,0.0,979.44,0.0
2026-08-27T05:20Z,6555.32,0.0,5290.92,0.0,4287.54,0.0,579.85,0.0,974.25,0.0
2026-08-27T05:25Z,6620.44,23.21,5386.86,20.24,4356.71,10.5,567.97,9.66,980.85,11.1
2026-08-27T05:30Z,6733.63,23.99,5472.42,20.54,4396.01,8.94,599.83,8.33,986.56,9.45
2026-08-27T05:35Z,6777.91,10.98,5558.4,9.59,4483.79,10.65,609.01,10.07,992.43,11.27
2026-08-27T05:40Z,6887.15,10.98,5665.85,9.79,4548.53,10.65,610.79,9.94,1007.62,11.26
2026-08-27T05:45Z,6890.34,27.46,5791.09,24.99,4561.84,15.52,628.54,14.46,1015.77,16.46
2026-08-27T05:50Z,6966.51,28.95,5848.03,26.53,4654.35,25.84,637.8,24.54,1015.29,27.06
2026-08-27T05:55Z,7150.53,28.95,5990.41,27.62,4841.36,27.95,652.59,26.5,1028.79,28.89
2026-08-27T06:00Z,7196.76,41.67,5975.4,38.76,4945.17,39.99,691.2,37.81,1039.91,41.21
2026-08-27T06:05Z,7310.78,25.89,6045.44,24.89,5034.72,24.87,694.93,23.42,1044.22,26.11
2026-08-27T06:10Z,7477.23,42.08,6082.6,40.47,5092.94,34.5,730.66,32.41,1044.95,35.09
2026-08-27T06:15Z,7538.37,50.72,6245.23,48.87,5138.87,48.5,765.5,45.8,1047.45,49.33
2026-08-27T06:20Z,7571.09,61.02,6362.61,56.67,5313.74,60.92,793.8,58.45,1064.81,62.54
2026-08-27T06:25Z,7732.34,88.82,6471.47,81.82,5300.51,84.54,837.13,80.34,1067.88,70.16
2026-08-27T06:30Z,7935.21,110.16,6589.87,99.69,5397.86,71.5,861.4,70.08,1077.82,70.16
2026-08-27T06:35Z,8049.87,82.89,6673.3,78.51,5560.36,81.06,907.05,78.01,1093.34,43.18
2026-08-27T06:40Z,8128.9,90.0,6691.2,83.63,5663.57,88.86,925.29,85.19,1117.68,85.57
2026-08-27T06:45Z,8276.95,127.54,6857.14,116.51,5767.71,126.24,977.76,123.17,1131.31,119.09
2026-08-27T06:50Z,8416.31,142.9,6903.76,130.61,5857.22,142.79,1010.62,139.99,1153.32,133.05
2026-08-27T06:55Z,8452.86,142.9,6914.5,135.71,6008.54,144.16,1021.11,140.63,1177.23,130.97
2026-08-27T07:00Z,8534.12,146.48,7030.7,140.19,6059.31,148.44,1105.18,143.31,1198.07,134.86
2026-08-27T07:05Z,8574.93,148.72,7141.67,150.02,6070.32,146.21,1157.43,140.46,1203.87,131.15
2026-08-27T07:10Z,8545.36,115.74,7003.75,114.31,6191.27,118.77,1195.59,113.72,1221.05,106.86
2026-08-27T07:15Z,8743.1,130.01,7179.53,125.43,6306.77,139.35,1259.4,136.35,1225.77,124.54
2026-08-27T07:20Z,8909.46,169.25,7191.55,168.64,6357.77,166.09,1303.9,154.74,1241.33,148.44
2026-08-27T07:25Z,8863.23,173.13,7245.71,173.73,6538.65,174.43,1306.98,162.28,1251.64,156.34
2026-08-27T07:30Z,8877.19,156.96,7306.52,159.66,6565.54,162.51,1357.74,151.71,1257.39,145.66
2026-08-27T07:35Z,8993.79,142.9,7323.05,140.79,6638.79,143.6,1413.62,134.97,1272.15,129.53
2026-08-27T07:40Z,9234.31,143.99,7320.25,140.94,6729.34,146.21,1476.07,139.4,1245.67,130.58
2026-08-27T07:45Z,9343.65,169.25,7448.37,167.01,6894.03,166.76,1503.03,142.95,1250.44,149.37
2026-08-27T07:50Z,9376.45,169.25,7415.73,169.11,6910.36,168.24,1522.36,142.95,1263.72,150.7
2026-08-27T07:55Z,9400.87,164.01,7500.66,169.46,6913.22,162.23,1579.62,130.44,1261.59,145.31
2026-08-27T08:00Z,9438.95,170.49,7550.99,177.34,7034.95,167.79,1644.61,106.02,1266.14,150.74
2026-08-27T08:05Z,9499.66,142.9,7531.31,141.13,7063.65,144.33,1686.7,139.93,1275.53,129.66
2026-08-27T08:10Z,9581.27,142.9,7528.53,140.28,7113.31,145.76,1704.95,142.65,1274.33,130.94
2026-08-27T08:15Z,9497.94,164.01,7535.64,159.95,7231.9,164.89,1737.72,130.0,1283.45,148.57
2026-08-27T08:20Z,9412.55,142.9,7582.36,135.92,7223.11,145.08,1758.52,140.02,1290.39,129.89
2026-08-27T08:25Z,9567.47,152.29,7540.22,149.53,7257.95,151.93,1719.34,142.95,1285.57,136.44
2026-08-27T08:30Z,9456.6,142.9,7479.93,137.49,7319.94,145.22,1761.92,140.08,1292.13,130.0
2026-08-27T08:35Z,9535.55,138.93,7515.01,137.2,7352.58,139.0,1779.12,135.72,1259.53,100.24
2026-08-27T08:40Z,9510.16,142.9,7549.23,140.28,7310.15,141.82,1779.21,139.1,1254.75,100.24
2026-08-27T08:45Z,9570.45,134.86,7556.59,132.0,7316.46,134.51,1797.92,130.44,1253.83,120.01
2026-08-27T08:50Z,9669.12,135.91,7444.96,130.69,7380.06,134.51,1824.08,131.15,1241.95,120.76
2026-08-27T08:55Z,9671.54,125.63,7424.39,120.77,7365.09,129.06,1833.04,128.57,1243.43,116.24
2026-08-27T09:00Z,9604.97,142.9,7422.62,132.21,7361.76,144.63,1853.01,142.44,1250.71,130.27
2026-08-27T09:05Z,9420.38,127.63,7379.84,123.44,7277.23,129.06,1822.99,128.53,1244.16,115.89
2026-08-27T09:10Z,9602.82,122.86,7372.73,121.12,7265.31,124.28,1841.66,126.89,1245.86,111.96
2026-08-27T09:15Z,9581.29,122.86,7424.22,119.99,7224.61,122.32,1857.72,124.56,1274.26,110.56
2026-08-27T09:20Z,9475.05,131.65,7397.15,128.16,7217.57,129.06,1853.2,128.93,1231.24,115.16
2026-08-27T09:25Z,9480.58,129.88,7273.06,123.44,7170.85,129.12,1845.91,130.0,1231.46,89.19
2026-08-27T09:30Z,9497.28,122.86,7326.44,121.12,7262.2,124.34,1838.57,126.5,1225.48,110.56
2026-08-27T09:35Z,9502.72,122.86,7244.17,119.99,7276.86,125.46,1855.68,127.72,1206.45,111.93
2026-08-27T09:40Z,9495.62,121.1,7233.23,119.3,7215.31,119.58,1839.94,121.22,1191.83,88.22
2026-08-27T09:45Z,9495.22,120.02,7276.2,119.99,7250.37,119.58,1851.69,121.27,1188.07,88.22
2026-08-27T09:50Z,9452.31,128.76,7210.07,123.44,7249.37,127.28,1850.72,129.6,1184.31,113.55
2026-08-27T09:55Z,9410.22,129.99,7171.66,123.77,7251.22,129.62,1861.29,130.44,1184.18,116.01
2026-08-27T10:00Z,9407.2,119.01,7166.79,114.77,7192.37,116.6,1845.8,118.26,1183.22,104.37
2026-08-27T10:05Z,9432.34,121.13,7149.83,118.29,7104.13,118.5,1829.64,116.5,1179.61,106.42
2026-08-27T10:10Z,9456.5,121.1,7101.6,115.2,7109.67,118.5,1840.19,114.76,1180.32,106.42
2026-08-27T10:15Z,9315.79,121.1,7101.85,115.22,7121.54,118.5,1835.35,114.74,1187.21,106.42
2026-08-27T10:20Z,9283.13,130.01,7047.24,121.12,7140.57,129.06,1830.5,125.87,1182.35,115.53
2026-08-27T10:25Z,9186.96,130.01,7071.32,121.12,7034.03,129.06,1836.57,130.44,1166.9,115.18
2026-08-27T10:30Z,9202.81,122.86,6985.59,117.61,7029.65,120.3,1830.73,117.03,1162.49,106.99
2026-08-27T10:35Z,9260.94,121.1,6970.5,116.49,7002.08,118.5,1839.5,117.18,1160.78,105.75
2026-08-27T10:40Z,9279.16,122.13,7083.31,119.17,7049.23,119.58,1827.25,119.51,1152.04,107.05
2026-08-27T10:45Z,9184.17,121.1,7071.06,118.9,6935.63,119.39,1809.27,116.61,1139.17,106.19
2026-08-27T10:50Z,9184.67,122.86,6988.67,119.02,6898.42,121.11,1809.1,117.44,1143.01,108.1
2026-08-27T10:55Z,9280.58,137.83,6987.29,129.29,6860.07,131.54,1822.41,130.44,1146.07,117.8
2026-08-27T11:00Z,9082.56,118.94,6947.1,110.13,6792.27,116.21,1797.69,113.15,1140.13,103.39
2026-08-27T11:05Z,9082.3,118.5,6956.0,110.44,6779.46,118.5,1777.53,115.27,1145.37,106.13
2026-08-27T11:10Z,9148.83,116.34,6948.36,107.73,6718.97,116.32,1797.19,116.89,1146.25,103.86
2026-08-27T11:15Z,9090.36,121.1,6951.76,112.15,6702.08,122.04,1787.29,122.59,1136.61,108.59
2026-08-27T11:20Z,9023.37,136.73,6883.9,130.61,6694.06,134.51,1787.55,131.48,1117.87,88.2
2026-08-27T11:25Z,8998.89,136.39,6953.88,130.69,6542.18,134.99,1764.68,130.44,1116.91,88.2
2026-08-27T11:30Z,8934.51,134.86,6913.14,128.85,6481.82,134.45,1757.13,130.44,1114.08,88.2
2026-08-27T11:35Z,8909.8,136.81,6894.88,130.69,6435.69,137.41,1745.15,131.72,1110.23,123.92
2026-08-27T11:40Z,8877.28,132.55,6891.72,123.44,6408.99,136.03,1741.36,130.44,1091.58,122.29
2026-08-27T11:45Z,8919.51,158.15,6858.0,146.47,6378.42,162.7,1741.91,154.25,1097.16,145.8
2026-08-27T11:50Z,8733.35,154.65,6776.75,140.22,6231.82,162.7,1691.55,157.12,1082.01,145.37
2026-08-27T11:55Z,8802.38,169.25,6841.13,152.61,6256.48,176.5,1681.52,170.44,1082.36,157.69
2026-08-27T12:00Z,8741.5,149.34,6715.2,132.75,6223.57,163.24,1638.13,156.52,1081.43,145.85
2026-08-27T12:05Z,8670.46,199.74,6710.99,175.11,6192.07,209.94,1674.92,200.2,1066.81,188.78
2026-08-27T12:10Z,8700.05,174.59,6628.47,162.08,6143.8,182.88,1610.31,170.44,1055.92,164.46
2026-08-27T12:15Z,8713.12,197.19,6668.46,175.11,6042.48,206.3,1609.42,190.95,1047.73,184.96
2026-08-27T12:20Z,8605.97,202.4,6585.63,184.23,6029.7,209.94,1595.51,197.21,1043.75,188.22
2026-08-27T12:25Z,8550.64,202.15,6619.8,185.25,5980.86,209.61,1591.65,198.5,1029.15,186.69
2026-08-27T12:30Z,8487.13,163.8,6488.13,148.91,5843.1,171.01,1581.73,163.97,1029.13,152.35
2026-08-27T12:35Z,8496.9,174.59,6513.59,163.9,5897.63,173.79,1599.16,168.01,1022.22,156.35
2026-08-27T12:40Z,8467.07,164.01,6423.99,146.14,5892.83,162.51,1594.94,154.72,1015.6,146.2
2026-08-27T12:45Z,8413.95,163.35,6425.89,145.58,5822.21,163.24,1564.73,154.67,1006.35,146.87
2026-08-27T12:50Z,8339.05,159.46,6362.02,140.22,5782.31,162.51,1566.51,155.94,1006.44,145.75
2026-08-27T12:55Z,8351.31,161.88,6354.7,144.15,5673.93,163.24,1534.8,155.26,1005.99,146.9
2026-08-27T13:00Z,8324.71,146.89,6320.45,130.75,5687.51,146.97,1531.54,140.32,997.56,132.26
2026-08-27T13:05Z,8293.75,157.99,6292.9,141.48,5649.83,159.34,1528.5,154.54,993.79,143.85
2026-08-27T13:10Z,8214.03,145.99,6266.63,130.69,5766.02,149.63,1505.97,146.43,976.59,133.3
2026-08-27T13:15Z,8232.91,147.94,6249.2,130.75,5796.17,151.55,1493.09,149.25,968.82,100.16
2026-08-27T13:20Z,8216.43,145.99,6240.4,130.69,5793.72,149.52,1484.27,146.65,972.54,133.65
2026-08-27T13:25Z,8185.24,128.29,6241.67,116.33,5775.42,131.4,1482.73,130.44,964.78,117.46
2026-08-27T13:30Z,8222.73,161.37,6216.74,145.36,5774.53,162.7,1496.71,160.41,960.67,145.43
2026-08-27T13:35Z,8042.9,149.4,6230.23,134.56,5688.47,155.52,1476.22,154.54,955.38,139.04
2026-08-27T13:40Z,7996.01,155.33,6248.08,141.74,5623.57,159.12,1481.96,158.94,952.12,142.27
2026-08-27T13:45Z,8052.26,128.91,6199.11,117.54,5614.25,131.83,1465.81,130.44,946.12,117.47
2026-08-27T13:50Z,8048.59,143.44,6178.09,130.75,5573.0,146.24,1473.36,143.72,951.63,130.32
2026-08-27T13:55Z,7959.24,134.86,6145.96,123.67,5545.4,140.25,1470.17,140.59,941.01,100.16
2026-08-27T14:00Z,7973.91,134.86,6024.48,121.91,5534.9,140.31,1485.2,138.61,951.29,125.48
2026-08-27T14:05Z,7987.03,134.86,6067.17,119.67,5529.31,146.06,1469.77,142.49,947.87,131.46
2026-08-27T14:10Z,8071.81,159.65,6000.4,137.15,5515.37,176.99,1451.5,170.44,949.19,159.81
2026-08-27T14:15Z,7962.05,125.46,5990.65,110.13,5399.02,135.49,1427.83,130.44,947.34,121.57
2026-08-27T14:20Z,8044.39,127.44,5963.55,110.13,5410.61,139.03,1466.11,136.35,929.52,124.35
2026-08-27T14:25Z,8076.23,129.15,5904.79,110.13,5433.57,141.2,1517.98,140.44,937.5,126.69
2026-08-27T14:30Z,8008.33,121.08,5847.0,105.17,5400.8,131.21,1502.31,130.44,939.52,117.36
2026-08-27T14:35Z,7954.46,126.03,5834.72,110.13,5359.73,136.53,1495.2,136.26,940.32,122.91
2026-08-27T14:40Z,7954.6,126.04,5832.92,110.13,5339.25,136.72,1523.83,137.29,936.89,123.09
2026-08-27T14:45Z,7903.74,120.0,5849.75,106.22,5297.69,130.1,1507.61,130.44,935.91,116.76
2026-08-27T14:50Z,7844.85,120.0,5829.82,105.52,5281.02,130.39,1507.42,130.44,934.91,117.4
2026-08-27T14:55Z,7791.99,120.0,5854.3,106.9,5273.95,130.33,1509.63,130.44,929.28,117.72
2026-08-27T15:00Z,7856.3,119.02,5789.27,103.27,5190.11,127.91,1507.54,129.11,932.49,115.19
2026-08-27T15:05Z,7842.29,119.02,5746.65,101.92,5153.04,129.99,1503.58,132.25,936.87,117.82
2026-08-27T15:10Z,7771.7,120.0,5758.82,102.78,5186.18,133.26,1488.77,135.92,933.51,119.61
2026-08-27T15:15Z,7763.59,120.0,5752.13,102.77,5142.72,133.11,1473.29,135.67,932.98,119.88
2026-08-27T15:20Z,7652.67,119.01,5748.97,103.87,5050.03,130.84,1465.17,132.87,929.3,117.09
2026-08-27T15:25Z,7681.44,119.01,5770.82,102.58,5088.66,130.84,1466.05,132.29,926.12,117.08
2026-08-27T15:30Z,7571.79,108.8,5705.76,93.13,5065.41,124.12,1449.12,126.44,925.64,111.08
2026-08-27T15:35Z,7574.21,109.48,5715.89,93.73,5049.32,124.12,1464.33,128.06,920.9,111.08
2026-08-27T15:40Z,7478.88,109.47,5716.56,93.73,5014.45,124.12,1451.99,128.04,917.56,111.09
2026-08-27T15:45Z,7492.55,108.77,5707.95,93.13,4939.68,123.99,1453.03,127.54,914.29,110.61
2026-08-27T15:50Z,7485.31,99.2,5628.74,84.86,4956.97,124.12,1446.73,127.61,916.24,111.1
2026-08-27T15:55Z,7476.84,114.54,5602.83,98.56,4958.23,124.12,1444.91,128.08,912.06,111.1
2026-08-27T16:00Z,7438.91,114.54,5628.82,99.22,4878.84,124.12,1453.73,128.76,905.38,110.73
2026-08-27T16:05Z,7467.41,110.28,5638.65,93.73,4919.32,144.91,1445.54,149.58,913.88,129.72
2026-08-27T16:10Z,7427.52,108.8,5695.66,93.73,4907.19,147.64,1428.27,152.23,913.13,132.16
2026-08-27T16:15Z,7357.39,106.75,5690.6,93.13,4887.94,123.99,1407.15,128.7,906.51,110.99
2026-08-27T16:20Z,7331.64,100.64,5622.87,87.73,4850.72,123.99,1422.25,129.39,904.26,111.0
2026-08-27T16:25Z,7358.1,101.46,5625.31,87.89,4779.9,123.99,1421.14,129.5,905.91,111.01
2026-08-27T16:30Z,7317.68,108.12,5680.41,93.73,4761.02,123.99,1403.0,129.42,906.11,111.38
2026-08-27T16:35Z,7289.52,116.03,5629.18,99.27,4807.76,124.12,1398.76,132.53,902.34,111.48
2026-08-27T16:40Z,7195.0,114.81,5633.01,98.24,4841.69,123.99,1402.56,133.49,898.18,111.0
2026-08-27T16:45Z,7211.53,102.08,5618.08,87.89,4767.99,106.54,1389.48,116.98,888.58,95.39
2026-08-27T16:50Z,7197.31,101.05,5636.68,87.89,4866.32,104.67,1385.76,115.23,908.77,94.31
2026-08-27T16:55Z,7215.27,97.33,5577.41,84.83,4896.57,98.42,1382.71,109.19,907.53,88.96
2026-08-27T17:00Z,7184.43,99.2,5591.24,87.02,4866.53,96.39,1387.45,108.81,929.62,87.13
2026-08-27T17:05Z,7164.41,99.01,5643.84,87.73,4912.57,94.7,1380.92,107.7,939.98,85.6
2026-08-27T17:10Z,7195.92,99.01,5627.75,87.73,4842.93,93.91,1383.57,106.92,942.64,84.63
2026-08-27T17:15Z,7117.03,99.01,5610.43,87.89,4896.15,94.0,1386.35,106.99,951.97,84.97
2026-08-27T17:20Z,7148.57,99.01,5683.97,90.31,4907.85,93.27,1391.39,106.61,955.71,84.04
2026-08-27T17:25Z,7118.2,99.01,5655.47,89.13,4841.68,91.31,1404.44,130.44,959.33,82.02
2026-08-27T17:30Z,7136.91,97.52,5576.8,87.73,4896.48,88.23,1373.26,104.78,949.25,79.25
2026-08-27T17:35Z,7171.55,88.9,5594.11,81.35,4880.32,79.79,1379.43,172.95,957.62,71.67
2026-08-27T17:40Z,7183.13,91.13,5612.45,84.63,4888.81,83.5,1323.76,130.44,951.18,75.0
2026-08-27T17:45Z,7229.36,88.14,5608.07,81.35,4886.41,79.54,1333.49,152.01,962.81,71.44
2026-08-27T17:50Z,7298.91,90.69,5594.69,82.61,4807.89,81.68,1312.48,154.54,976.26,73.38
2026-08-27T17:55Z,7222.66,90.0,5607.4,83.07,4822.6,80.4,1300.59,154.54,968.38,72.0
2026-08-27T18:00Z,7255.59,90.0,5665.59,83.65,4826.61,80.4,1304.69,154.54,970.47,71.75
2026-08-27T18:05Z,7222.19,84.79,5600.72,78.54,4816.84,76.33,1294.11,140.65,969.32,45.18
2026-08-27T18:10Z,7171.64,90.0,5637.14,82.57,4853.09,81.15,1313.69,197.5,978.03,72.9
2026-08-27T18:15Z,7221.48,87.52,5657.61,81.35,4905.01,75.71,1277.45,130.44,982.95,68.23
2026-08-27T18:20Z,7233.61,83.9,5716.24,78.52,4933.41,74.49,1317.86,130.44,989.26,67.55
2026-08-27T18:25Z,7241.0,89.71,5655.06,81.35,4954.69,81.68,1349.79,154.54,989.57,73.83
2026-08-27T18:30Z,7160.71,89.22,5643.35,81.35,4965.21,80.58,1331.22,138.04,977.05,72.6
2026-08-27T18:35Z,7140.39,73.11,5681.8,69.1,4908.93,64.0,1342.11,138.04,988.0,57.3
2026-08-27T18:40Z,7241.09,83.32,5759.1,78.52,4931.93,72.92,1349.46,197.5,1014.35,65.5
2026-08-27T18:45Z,7263.23,82.81,5743.02,78.52,5044.44,72.96,1317.32,136.99,1017.2,65.94
2026-08-27T18:50Z,7306.89,84.79,5742.31,78.52,5025.88,74.8,1346.49,130.44,1024.78,67.61
2026-08-27T18:55Z,7324.42,70.81,5757.39,65.89,5086.51,64.0,1354.35,197.5,1022.77,57.84
2026-08-27T19:00Z,7282.27,83.99,5839.0,78.74,5115.16,72.92,1329.26,138.04,1030.63,66.11
2026-08-27T19:05Z,7281.33,75.11,5823.02,71.9,5154.74,67.36,1344.06,138.04,1035.27,45.22
2026-08-27T19:10Z,7389.53,80.1,5861.08,74.14,5200.47,70.22,1364.45,138.04,1061.16,45.22
2026-08-27T19:15Z,7490.3,89.68,5904.35,80.97,5177.84,81.68,1353.89,138.04,1060.12,45.22
2026-08-27T19:20Z,7565.84,90.0,6005.69,80.85,5242.8,82.6,1356.11,138.04,1064.1,73.93
2026-08-27T19:25Z,7601.12,84.79,6029.03,78.52,5332.35,76.07,1361.41,138.04,1065.88,68.07
2026-08-27T19:30Z,7572.51,84.08,6065.84,78.52,5355.98,74.89,1368.25,143.02,1056.76,45.22
2026-08-27T19:35Z,7765.37,85.72,6066.48,78.54,5431.06,76.82,1351.28,138.04,1042.91,68.49
2026-08-27T19:40Z,7823.58,92.48,6125.55,83.73,5546.68,85.63,1364.93,138.04,1050.96,76.84
2026-08-27T19:45Z,7812.29,90.0,6166.6,81.01,5564.69,83.43,1380.68,138.04,1049.14,75.11
2026-08-27T19:50Z,7888.36,101.14,6197.77,90.49,5608.35,94.49,1379.05,138.04,1056.14,85.06
2026-08-27T19:55Z,8050.14,92.38,6218.21,83.19,5563.63,83.5,1380.24,154.54,1068.19,75.41
2026-08-27T20:00Z,8065.65,110.61,6281.6,99.69,5658.04,99.99,1372.08,138.04,1079.71,90.58
2026-08-27T20:05Z,8168.1,90.0,6251.21,81.82,5739.65,82.16,1407.83,138.0,1093.14,73.48
2026-08-27T20:10Z,8358.14,96.12,6346.6,87.79,5861.93,89.13,1408.86,138.0,1122.52,80.98
2026-08-27T20:15Z,8468.66,95.2,6394.11,85.91,6019.19,86.25,1416.34,130.44,1143.08,79.09
2026-08-27T20:20Z,8592.7,95.38,6413.49,81.82,6155.61,88.74,1419.51,99.07,1154.53,80.84
2026-08-27T20:25Z,8645.19,95.2,6453.91,82.25,6186.45,89.97,1461.18,101.02,1177.63,81.71
2026-08-27T20:30Z,8724.29,103.39,6467.81,91.64,6289.14,97.12,1496.72,109.75,1194.84,88.19
2026-08-27T20:35Z,8852.72,95.2,6504.85,82.8,6354.71,88.74,1514.49,101.02,1201.28,60.24
2026-08-27T20:40Z,8902.19,95.2,6555.15,81.82,6439.04,90.5,1516.97,130.44,1224.96,80.86
2026-08-27T20:45Z,9056.98,90.08,6504.77,78.54,6442.58,86.67,1530.02,130.44,1209.88,60.24
2026-08-27T20:50Z,9045.94,76.49,6494.39,64.83,6479.86,75.48,1544.38,106.0,1203.72,60.2
2026-08-27T20:55Z,9077.1,83.99,6477.69,71.65,6626.94,82.38,1560.87,130.44,1201.36,73.32
2026-08-27T21:00Z,9080.05,71.4,6434.72,59.35,6757.99,73.59,1573.28,106.0,1212.44,66.14
2026-08-27T21:05Z,9091.8,76.14,6369.1,54.75,6805.99,75.48,1596.11,101.02,1221.14,60.22
2026-08-27T21:10Z,9091.32,77.3,6363.55,49.49,6835.69,75.48,1606.21,101.02,1234.52,60.22
2026-08-27T21:15Z,9092.72,71.38,6302.01,54.75,6928.58,68.12,1616.47,130.44,1235.63,61.01
2026-08-27T21:20Z,9048.89,69.18,6214.66,54.75,6911.76,65.0,1626.12,130.44,1246.95,58.78
2026-08-27T21:25Z,9073.74,68.05,6179.21,49.49,6936.41,65.0,1635.7,102.68,1244.68,58.78
2026-08-27T21:30Z,8968.46,65.77,6127.22,49.49,6938.22,65.0,1652.65,101.02,1245.26,59.15
2026-08-27T21:35Z,8849.9,55.53,5983.3,45.9,6866.81,52.75,1652.72,105.05,1243.99,47.55
2026-08-27T21:40Z,8879.09,64.7,5916.26,54.12,6938.17,60.99,1656.48,101.02,1246.57,54.98
2026-08-27T21:45Z,8811.5,55.61,5818.32,45.59,6909.83,50.03,1667.26,130.44,1254.62,45.24
2026-08-27T21:50Z,8689.89,51.75,5696.81,14.07,6858.9,48.4,1648.44,156.13,1251.45,45.18
2026-08-27T21:55Z,8701.98,46.65,5611.22,6.87,6846.26,45.02,1649.62,155.97,1232.52,43.75
2026-08-27T22:00Z,8538.61,24.89,5594.56,20.74,6759.18,24.0,1626.84,155.98,1208.08,25.14
2026-08-27T22:05Z,8467.58,42.8,5531.05,17.83,6732.18,43.29,1622.67,101.02,1194.75,42.09
2026-08-27T22:10Z,8508.64,36.35,5459.0,6.85,6615.59,35.24,1595.61,101.02,1196.18,34.4
2026-08-27T22:15Z,8378.51,42.54,5338.52,22.85,6583.24,41.59,1589.79,130.0,1186.86,41.61
2026-08-27T22:20Z,8234.95,44.88,5343.62,3.53,6559.26,45.26,1548.12,101.02,1173.85,45.16
2026-08-27T22:25Z,8170.66,33.19,5269.64,3.53,6528.27,34.0,1537.28,84.51,1162.22,34.45
2026-08-27T22:30Z,7984.81,42.54,5174.57,3.53,6378.47,42.17,1518.33,84.51,1155.95,41.04
2026-08-27T22:35Z,7861.01,33.02,5120.79,6.83,6308.41,34.0,1469.44,89.44,1133.91,40.49
2026-08-27T22:40Z,7820.1,4.08,5044.04,3.53,6267.64,20.68,1439.6,23.51,1119.2,26.82
2026-08-27T22:45Z,7834.38,34.19,4961.6,3.52,6199.39,34.0,1416.88,70.44,1100.03,32.93
2026-08-27T22:50Z,7653.23,52.32,4830.11,3.52,6048.93,49.82,1362.62,70.44,1106.85,47.16
2026-08-27T22:55Z,7386.87,42.8,4805.79,3.52,5996.26,20.65,1327.97,23.41,1101.0,26.47
2026-08-27T23:00Z,7317.65,4.06,4708.64,3.52,5977.41,4.4,1299.04,23.39,1081.66,4.37
2026-08-27T23:05Z,7417.86,24.99,4654.48,3.52,6087.09,26.77,1251.62,28.27,1069.79,27.36
2026-08-27T23:10Z,7317.14,32.05,4613.44,3.53,6069.2,34.0,1214.62,70.44,1059.79,34.86
2026-08-27T23:15Z,7113.93,26.01,4560.9,3.53,6016.93,27.14,1188.95,29.15,1050.51,27.74
2026-08-27T23:20Z,7142.61,25.1,4548.09,0.73,6007.05,25.27,1135.17,26.42,1039.61,25.83
2026-08-27T23:25Z,7069.61,25.66,4447.47,0.73,6016.71,25.18,1114.53,26.79,1033.67,25.82
2026-08-27T23:30Z,6856.17,42.8,4453.49,2.0,5981.39,10.62,1050.72,11.01,1025.73,11.13
2026-08-27T23:35Z,6805.2,24.99,4376.01,0.0,5974.49,25.27,1043.23,25.79,1023.27,26.58
2026-08-27T23:40Z,6753.2,0.0,4344.36,0.0,5972.72,20.68,1037.74,21.42,1031.13,21.75
2026-08-27T23:45Z,6759.7,25.1,4354.94,3.52,5799.01,25.34,1029.35,26.07,1026.6,26.24
2026-08-27T23:50Z,6670.96,26.93,4291.92,3.52,5788.95,27.14,1001.86,27.65,1029.49,28.02
2026-08-27T23:55Z,6550.59,20.91,4237.2,0.0,5696.32,20.68,959.17,21.86,1021.42,21.69
2026-08-28T00:00Z,6355.57,18.78,4201.76,2.0,5778.0,19.18,924.34,18.99,1011.6,20.11
2026-08-28T00:05Z,6373.16,24.99,4150.52,3.52,5784.48,20.68,875.03,20.9,1009.03,21.62
2026-08-28T00:10Z,6291.47,76.1,4087.41,2.0,5716.85,23.22,849.12,23.37,1010.9,24.36
2026-08-28T00:15Z,6120.21,20.78,4091.75,-1.31,5812.14,22.03,812.63,21.68,1005.42,23.18
2026-08-28T00:20Z,6081.27,21.5,4096.82,0.0,5763.26,22.25,810.8,22.43,1002.4,23.4
2026-08-28T00:25Z,6052.15,13.3,4023.54,3.24,5705.67,19.18,778.28,19.45,991.28,20.11
2026-08-28T00:30Z,5930.84,19.87,4092.99,0.0,5708.73,20.68,754.65,20.62,974.01,21.55
2026-08-28T00:35Z,5873.5,18.46,4020.58,2.0,5583.56,19.18,743.51,19.35,969.91,20.05
2026-08-28T00:40Z,5766.63,18.27,3960.77,0.0,5688.33,19.18,762.37,19.5,968.26,19.99
2026-08-28T00:45Z,5675.26,18.86,3937.87,5.23,5636.68,19.18,767.09,19.15,951.44,19.86
2026-08-28T00:50Z,5672.14,24.99,3876.84,6.85,5680.95,20.68,737.54,20.44,952.66,21.48
2026-08-28T00:55Z,5521.74,21.57,3884.56,0.73,5814.22,22.49,725.64,22.2,933.22,23.51
2026-08-28T01:00Z,5497.99,22.99,3916.26,0.73,5813.72,23.95,699.3,23.42,935.05,25.04
2026-08-28T01:05Z,5479.59,21.97,3855.47,-3.49,5925.45,23.44,668.21,23.29,935.89,24.57
2026-08-28T01:10Z,5540.33,26.03,3952.06,0.0,6292.25,27.14,655.72,26.11,935.37,28.16
2026-08-28T01:15Z,5520.95,29.93,3953.95,0.0,6364.31,34.0,618.67,32.24,918.71,35.17
2026-08-28T01:20Z,5477.55,29.93,3924.21,0.0,6305.55,31.1,577.31,30.24,924.81,32.17
2026-08-28T01:25Z,5408.81,25.95,3992.64,0.0,6289.11,27.14,560.92,26.05,935.59,28.17
2026-08-28T01:30Z,5280.89,24.99,4068.57,0.0,6377.68,27.14,542.19,26.01,927.54,28.34
2026-08-28T01:35Z,5353.4,29.93,3892.17,0.0,6346.06,31.01,523.56,29.81,925.91,32.48
2026-08-28T01:40Z,5327.04,29.93,4056.81,2.0,6295.97,30.75,522.39,29.65,910.31,31.91
2026-08-28T01:45Z,5283.72,29.93,4028.6,0.0,6371.39,31.51,515.28,30.73,907.54,32.49
2026-08-28T01:50Z,5210.03,28.95,4009.22,0.0,6361.24,30.48,509.58,29.59,893.72,31.33
2026-08-28T01:55Z,5143.74,24.99,4041.4,3.53,6367.49,27.14,472.47,26.4,890.53,27.98
2026-08-28T02:00Z,5132.07,29.93,4011.59,2.0,6300.27,31.43,457.68,29.73,886.27,32.41
2026-08-28T02:05Z,5106.92,29.93,3985.94,3.52,6308.35,35.94,426.28,34.08,895.45,37.18
2026-08-28T02:10Z,5091.45,28.95,4013.96,3.52,6407.12,49.78,431.94,45.48,878.19,51.16
2026-08-28T02:15Z,5004.53,13.2,3993.95,3.52,6390.9,35.24,376.47,32.54,882.97,36.33
2026-08-28T02:20Z,5015.38,11.4,4030.13,6.83,6406.36,54.62,359.42,49.02,872.15,54.89
2026-08-28T02:25Z,5065.3,29.93,4061.93,3.53,6355.0,44.23,352.14,40.94,856.04,43.46
2026-08-28T02:30Z,4923.23,24.99,4024.75,3.53,6363.18,27.14,345.87,25.51,856.08,26.06
2026-08-28T02:35Z,4818.14,3.94,4030.92,3.53,6331.47,34.0,361.51,31.62,831.32,29.57
2026-08-28T02:40Z,4991.92,13.3,4097.45,11.78,6390.36,35.94,343.69,33.87,833.31,31.5
2026-08-28T02:45Z,4927.2,13.3,4105.66,12.01,6288.98,35.94,329.05,34.01,831.17,31.4
2026-08-28T02:50Z,4918.11,13.3,4144.33,3.52,6252.76,44.23,322.28,42.02,824.47,39.69
2026-08-28T02:55Z,4843.19,13.2,4162.49,3.52,6296.69,44.23,283.42,41.89,833.31,30.51
2026-08-28T03:00Z,4716.71,4.59,4212.32,3.52,6271.44,44.23,286.94,41.59,842.31,25.1
2026-08-28T03:05Z,4957.37,2.24,4155.81,2.0,6242.18,26.23,262.6,24.72,842.05,25.16
2026-08-28T03:10Z,4969.54,25.1,4195.34,2.0,6242.65,34.0,273.24,31.21,857.48,33.25
2026-08-28T03:15Z,4859.6,13.2,4088.11,0.73,6263.91,44.23,281.38,41.58,841.42,42.9
2026-08-28T03:20Z,4791.27,11.4,4047.45,-6.0,6181.16,35.94,271.57,34.45,862.44,34.76
2026-08-28T03:25Z,4867.73,-6.86,4104.49,-6.0,6252.72,44.23,315.63,49.02,873.56,42.61
2026-08-28T03:30Z,4994.59,-8.1,4092.79,-7.04,6228.87,43.93,328.02,42.02,859.77,42.2
2026-08-28T03:35Z,4965.75,11.4,4009.26,-3.0,6167.11,44.23,315.58,42.5,864.13,42.62
2026-08-28T03:40Z,4964.38,25.1,4058.81,-6.0,6195.74,44.23,373.65,42.65,854.58,42.49
2026-08-28T03:45Z,4857.06,25.1,4177.32,-7.25,6268.06,50.01,348.98,48.14,841.82,47.1
2026-08-28T03:50Z,4923.01,24.99,4164.85,-7.25,6277.42,44.23,346.3,42.02,825.54,41.65
2026-08-28T03:55Z,4965.37,25.1,4221.51,-7.25,6241.06,44.23,387.9,42.06,836.9,41.78
2026-08-28T04:00Z,4963.66,25.1,4199.95,-7.25,6304.54,50.12,477.24,49.02,840.69,47.2
2026-08-28T04:05Z,5069.46,25.1,4170.44,-6.14,6317.78,50.01,506.41,52.0,830.63,46.8
2026-08-28T04:10Z,5022.46,24.99,4192.22,-6.0,6258.79,44.23,541.04,49.02,839.76,40.76
2026-08-28T04:15Z,5030.07,-8.34,4222.84,-7.36,6237.51,44.23,560.49,49.02,857.36,41.02
2026-08-28T04:20Z,5254.98,1.2,4305.14,-6.0,6204.24,44.23,625.54,43.9,868.26,41.03
2026-08-28T04:25Z,5206.45,11.4,4309.86,-6.0,6250.12,42.55,610.71,42.02,853.11,39.1
2026-08-28T04:30Z,5331.42,29.93,4414.55,-6.14,6161.86,44.23,663.75,55.92,866.04,40.9
2026-08-28T04:35Z,5347.19,11.4,4446.78,-7.36,6232.86,35.94,700.74,49.02,886.94,32.82
2026-08-28T04:40Z,5465.06,20.07,4573.04,-7.25,6099.78,35.94,752.06,70.44,900.32,33.03
2026-08-28T04:45Z,5464.34,11.4,4611.35,-7.25,6124.88,35.94,810.68,60.01,894.72,33.03
2026-08-28T04:50Z,5605.19,29.93,4667.24,-7.25,6158.14,44.23,841.21,52.66,898.21,40.65
2026-08-28T04:55Z,5638.91,29.93,4706.33,-7.34,6149.66,44.23,873.51,47.03,900.15,40.77
2026-08-28T05:00Z,5696.78,29.93,4723.36,-7.25,6063.52,35.94,791.6,37.23,910.36,33.35
2026-08-28T05:05Z,5859.91,13.3,4848.97,-7.36,6045.62,26.95,778.55,27.23,917.45,25.16
2026-08-28T05:10Z,5938.84,-8.88,4873.06,-10.32,6064.91,26.87,729.94,27.18,912.33,25.16
2026-08-28T05:15Z,6092.72,17.91,4916.0,-7.36,5997.88,19.18,623.53,18.92,922.21,25.12
2026-08-28T05:20Z,6122.09,-7.96,5002.81,-6.7,5993.23,13.2,595.59,12.94,906.57,25.1
2026-08-28T05:25Z,6367.95,27.79,5059.53,-7.25,6105.07,29.24,631.84,28.67,919.42,25.16
2026-08-28T05:30Z,6287.43,18.5,5218.81,-6.0,6048.28,19.83,669.53,20.12,926.91,25.12
2026-08-28T05:35Z,6411.87,13.2,5339.76,-7.25,6154.81,25.7,691.07,25.87,915.2,25.1
2026-08-28T05:40Z,6675.48,29.93,5426.91,-7.25,6226.84,40.87,804.69,42.02,927.66,25.16
2026-08-28T05:45Z,6710.46,29.93,5527.23,-6.0,6232.76,44.23,819.41,60.01,934.91,41.16
2026-08-28T05:50Z,6834.9,41.98,5617.09,-6.0,6316.55,44.23,857.12,44.68,953.31,41.41
2026-08-28T05:55Z,6919.79,41.88,5780.96,-3.0,6284.21,44.23,913.9,45.59,959.41,41.41
2026-08-28T06:00Z,7056.58,63.73,5806.68,0.0,6400.69,68.69,973.92,70.44,968.92,64.11
2026-08-28T06:05Z,7134.91,45.6,5871.42,39.01,6426.53,84.68,977.94,86.14,963.49,76.82
2026-08-28T06:10Z,7344.44,59.13,6001.23,50.0,6396.69,76.04,985.41,77.38,965.78,68.77
2026-08-28T06:15Z,7357.27,52.29,6073.91,44.83,6480.98,72.91,969.47,73.17,962.98,65.51
2026-08-28T06:20Z,7514.63,52.29,6186.77,44.75,6567.48,86.27,985.82,87.61,979.51,77.75
2026-08-28T06:25Z,7691.04,79.52,6224.81,67.23,6609.39,135.72,1079.74,137.42,981.34,122.31
2026-08-28T06:30Z,7872.5,109.32,6404.19,89.73,6684.1,138.02,1137.01,143.36,998.5,124.77
2026-08-28T06:35Z,7944.37,121.01,6490.91,98.81,6669.89,123.55,1154.03,130.44,992.38,109.89
2026-08-28T06:40Z,8020.57,114.81,6478.44,93.3,6774.57,118.5,1157.16,122.16,997.76,105.38
2026-08-28T06:45Z,8203.05,112.45,6584.56,92.51,6807.31,122.31,1198.58,129.35,1016.02,109.5
2026-08-28T06:50Z,8388.32,114.47,6731.89,93.13,6811.49,117.09,1233.23,120.3,1021.85,104.82
2026-08-28T06:55Z,8469.56,121.1,6829.56,101.19,6901.62,132.68,1282.74,137.23,1044.21,119.53
2026-08-28T07:00Z,8491.16,131.63,6935.49,111.52,6931.22,128.65,1232.33,130.44,1063.25,116.65
2026-08-28T07:05Z,8503.48,96.07,6969.87,85.13,6995.34,100.53,1284.34,101.02,1074.65,90.27
2026-08-28T07:10Z,8692.84,113.15,6993.1,99.0,7033.89,122.62,1345.35,120.3,1066.86,109.74
2026-08-28T07:15Z,8717.99,134.86,6952.82,117.69,6952.1,141.59,1394.73,141.05,1067.52,127.15
2026-08-28T07:20Z,8733.72,133.78,6936.82,119.3,6931.06,139.0,1352.24,129.37,1081.72,125.63
2026-08-28T07:25Z,8714.62,119.01,7024.38,106.22,7039.84,130.36,1399.41,120.3,1098.01,118.18
2026-08-28T07:30Z,8942.69,131.04,7150.77,114.88,7148.26,139.99,1425.93,133.51,1110.79,126.49
2026-08-28T07:35Z,9014.24,111.98,7136.2,99.89,7205.78,119.47,1393.7,114.96,1106.91,106.19
2026-08-28T07:40Z,9145.2,118.11,7194.84,105.49,7186.03,125.17,1430.31,120.3,1117.67,111.65
2026-08-28T07:45Z,9256.28,121.76,7214.62,105.49,7306.0,132.56,1474.2,127.59,1131.54,118.98
2026-08-28T07:50Z,9250.94,132.45,7160.64,114.69,7255.17,138.08,1493.05,130.0,1138.2,123.95
2026-08-28T07:55Z,9314.13,120.3,7196.88,105.49,7339.56,129.06,1506.28,124.43,1139.82,115.46
2026-08-28T08:00Z,9477.18,131.21,7228.01,110.13,7452.13,140.97,1555.55,129.65,1159.63,126.52
2026-08-28T08:05Z,9406.58,119.01,7226.45,107.82,7330.81,124.87,1577.88,121.38,1159.5,90.22
2026-08-28T08:10Z,9390.04,130.08,7236.54,112.73,7362.06,139.0,1597.87,134.21,1164.82,123.96
2026-08-28T08:15Z,9363.28,118.63,7280.9,104.83,7426.1,127.68,1580.99,125.9,1174.23,113.86
2026-08-28T08:20Z,9413.67,111.98,7271.08,99.9,7436.36,120.79,1614.29,120.39,1191.25,107.72
2026-08-28T08:25Z,9464.55,113.52,7316.51,101.0,7511.74,122.75,1667.86,122.09,1184.62,109.45
2026-08-28T08:30Z,9386.22,130.01,7282.43,113.45,7499.5,136.97,1656.8,130.0,1187.95,122.13
2026-08-28T08:35Z,9238.61,112.09,7224.84,99.9,7499.78,120.41,1658.34,120.3,1187.86,107.71
2026-08-28T08:40Z,9354.66,111.98,7239.05,101.47,7394.2,119.22,1676.38,119.81,1172.06,106.32
2026-08-28T08:45Z,9394.33,120.49,7204.31,105.01,7406.93,128.45,1713.59,128.37,1187.38,114.93
2026-08-28T08:50Z,9317.12,113.21,7182.29,101.2,7426.75,119.58,1676.75,120.3,1186.57,106.64
2026-08-28T08:55Z,9305.69,111.98,7164.19,99.9,7430.05,118.51,1708.53,118.85,1184.27,105.68
2026-08-28T09:00Z,9337.63,111.98,7124.18,100.03,7328.17,118.5,1715.66,117.25,1194.09,106.38
2026-08-28T09:05Z,9315.01,119.01,7133.64,104.83,7356.9,126.88,1703.54,125.39,1184.51,113.9
2026-08-28T09:10Z,9325.54,119.01,7095.19,106.95,7327.41,123.64,1680.54,120.2,1166.43,110.28
2026-08-28T09:15Z,9244.26,112.22,7087.78,99.9,7310.66,118.5,1667.83,114.71,1179.24,106.38
2026-08-28T09:20Z,9207.4,111.98,7008.51,100.51,7247.56,118.5,1692.23,116.31,1173.4,106.39
2026-08-28T09:25Z,9159.99,111.98,7001.48,100.52,7175.46,118.5,1688.79,115.87,1168.8,106.06
2026-08-28T09:30Z,9169.38,111.98,6976.43,99.82,7236.65,118.5,1686.85,115.35,1158.57,105.71
2026-08-28T09:35Z,9128.56,112.15,7026.65,100.69,7194.5,118.5,1691.74,114.99,1157.72,106.06
2026-08-28T09:40Z,9176.69,111.98,6956.78,98.55,7161.75,118.26,1689.23,114.33,1161.2,105.85
2026-08-28T09:45Z,9150.81,111.98,6913.6,99.14,7198.64,118.5,1682.48,116.28,1161.9,106.06
2026-08-28T09:50Z,9109.86,100.27,6947.16,90.52,7189.27,107.48,1673.28,101.02,1153.03,96.19
2026-08-28T09:55Z,9167.27,99.6,6986.8,90.52,7187.04,105.08,1664.89,101.05,1145.2,93.74
2026-08-28T10:00Z,9120.91,99.47,6947.34,90.51,7108.37,104.11,1670.2,102.58,1138.0,92.56
2026-08-28T10:05Z,9053.79,99.07,6898.69,90.51,7061.94,104.56,1680.91,103.51,1148.86,93.3
2026-08-28T10:10Z,9084.95,102.59,6973.97,93.21,7051.03,107.32,1673.81,105.08,1155.34,95.77
2026-08-28T10:15Z,9063.44,97.26,6911.58,88.88,7053.43,102.58,1666.78,101.09,1154.18,92.12
2026-08-28T10:20Z,9116.79,99.72,6898.89,90.52,7001.89,105.11,1671.18,101.92,1158.9,94.41
2026-08-28T10:25Z,9028.39,97.44,6894.55,88.88,7030.39,103.65,1672.79,101.04,1152.56,92.79
2026-08-28T10:30Z,8963.43,96.63,6815.24,87.73,7018.68,102.82,1672.31,101.04,1147.35,92.05
2026-08-28T10:35Z,9039.06,102.43,6789.05,90.52,7000.99,108.04,1678.56,104.96,1136.21,97.03
2026-08-28T10:40Z,8929.48,99.17,6873.45,88.88,6951.21,106.4,1680.63,103.08,1142.93,95.57
2026-08-28T10:45Z,8919.69,95.2,6887.56,85.88,6847.57,102.07,1676.03,101.02,1154.42,91.4
2026-08-28T10:50Z,8946.91,95.2,6878.2,84.24,6829.09,101.82,1664.4,101.02,1152.88,91.18
2026-08-28T10:55Z,8910.2,96.28,6829.01,85.7,6879.26,102.33,1658.97,101.04,1139.93,91.33
2026-08-28T11:00Z,8897.01,97.63,6865.91,88.62,6838.57,102.06,1662.51,101.04,1135.76,91.39
2026-08-28T11:05Z,8898.56,97.63,6747.48,87.73,6858.0,102.82,1642.73,101.04,1131.31,92.07
2026-08-28T11:10Z,8890.79,97.63,6828.9,88.01,6804.73,101.93,1635.54,101.02,1127.54,91.28
2026-08-28T11:15Z,8897.12,97.81,6786.37,87.57,6779.72,101.23,1633.8,101.04,1117.89,90.36
2026-08-28T11:20Z,8839.49,97.63,6714.8,87.47,6782.35,101.2,1637.72,101.04,1113.68,90.62
2026-08-28T11:25Z,8764.39,97.31,6810.81,87.73,6704.33,100.73,1625.38,101.04,1106.61,89.93
2026-08-28T11:30Z,8759.79,97.82,6738.33,87.73,6712.0,102.02,1613.72,101.04,1099.02,90.76
2026-08-28T11:35Z,8762.28,104.79,6731.48,91.42,6698.29,107.48,1606.84,101.04,1092.06,95.95
2026-08-28T11:40Z,8574.51,98.65,6719.8,87.73,6566.64,101.78,1608.63,101.02,1085.11,91.17
2026-08-28T11:45Z,8597.49,99.99,6668.24,87.73,6603.2,104.18,1588.56,101.04,1093.9,93.32
2026-08-28T11:50Z,8626.15,104.44,6675.4,90.52,6584.03,108.73,1586.96,101.02,1092.31,97.72
2026-08-28T11:55Z,8570.13,102.93,6674.1,89.73,6548.21,107.48,1596.04,101.04,1080.56,95.97
2026-08-28T12:00Z,8513.39,100.7,6648.51,88.88,6521.99,105.74,1601.44,103.96,1070.14,94.42
2026-08-28T12:05Z,8418.46,104.13,6557.33,93.21,6360.42,107.48,1600.4,106.26,1067.81,96.93
2026-08-28T12:10Z,8515.21,109.96,6472.01,93.21,6382.47,115.15,1574.82,101.04,1080.96,103.85
2026-08-28T12:15Z,8517.91,104.74,6474.26,90.52,6377.52,111.41,1551.58,101.02,1070.77,100.48
2026-08-28T12:20Z,8571.45,114.11,6460.08,97.35,6400.58,118.5,1566.1,101.02,1057.49,106.52
2026-08-28T12:25Z,8441.03,107.86,6384.78,93.13,6324.67,110.12,1548.84,107.32,1052.92,99.0
2026-08-28T12:30Z,8460.37,114.3,6294.57,98.56,6309.53,118.5,1538.1,101.04,1056.22,106.88
2026-08-28T12:35Z,8302.68,102.84,6332.6,91.01,6249.76,102.43,1537.72,101.02,1046.77,91.8
2026-08-28T12:40Z,8445.8,117.38,6264.48,99.89,6228.16,118.5,1543.97,101.04,1038.83,105.86
2026-08-28T12:45Z,8342.38,107.22,6250.44,93.13,6106.51,107.48,1536.77,101.04,1024.36,96.04
2026-08-28T12:50Z,8337.31,107.41,6235.23,93.13,6095.56,107.58,1521.14,101.04,1023.73,95.8
2026-08-28T12:55Z,8261.59,108.89,6153.34,93.13,6056.39,111.7,1510.79,101.02,1027.32,99.48
2026-08-28T13:00Z,8317.3,106.56,6187.65,91.18,6084.51,107.48,1499.63,101.02,1006.05,60.18
2026-08-28T13:05Z,8253.52,103.55,6181.38,89.73,6058.48,104.44,1494.62,101.04,999.96,60.22
2026-08-28T13:10Z,8353.72,118.25,6169.83,99.89,6083.55,119.16,1486.42,101.04,1015.97,106.82
2026-08-28T13:15Z,8225.08,119.01,6145.86,101.0,6171.28,123.95,1466.51,101.04,1020.06,111.09
2026-08-28T13:20Z,8188.56,118.25,6168.39,99.89,6110.07,122.08,1458.86,101.04,1008.77,109.43
2026-08-28T13:25Z,8076.34,112.84,6092.46,96.46,6093.37,118.5,1460.74,101.04,990.62,105.51
2026-08-28T13:30Z,8167.22,118.37,6088.81,99.89,6023.29,123.17,1459.9,101.02,991.94,110.06
2026-08-28T13:35Z,8083.46,110.3,6130.82,93.13,6015.29,115.82,1469.89,101.02,996.81,103.83
2026-08-28T13:40Z,8060.45,111.98,6150.36,95.78,6004.23,116.74,1486.35,101.02,980.32,104.31
2026-08-28T13:45Z,8038.18,106.87,6119.92,93.13,5888.16,109.47,1475.58,101.02,991.95,98.47
2026-08-28T13:50Z,7993.21,111.98,6116.55,98.82,5844.93,114.72,1476.53,101.02,986.5,103.2
2026-08-28T13:55Z,8001.58,114.8,6035.7,99.89,5879.77,118.5,1462.37,101.02,976.15,106.25
2026-08-28T14:00Z,8089.04,111.98,6032.55,98.09,5873.46,112.63,1444.27,101.02,970.46,100.99
2026-08-28T14:05Z,8101.18,115.0,5966.06,100.65,5848.75,116.63,1452.42,101.02,965.84,104.58
2026-08-28T14:10Z,8056.96,115.0,5934.19,101.24,5759.67,115.69,1458.92,101.02,959.75,103.42
2026-08-28T14:15Z,8038.3,111.98,5918.94,99.18,5758.78,111.7,1448.42,101.02,955.96,99.51
2026-08-28T14:20Z,8102.59,109.34,5823.89,96.72,5726.64,107.45,1484.0,104.14,959.16,96.05
2026-08-28T14:25Z,8127.97,118.66,5800.95,104.83,5752.19,118.5,1481.59,101.04,951.24,60.18
2026-08-28T14:30Z,8098.03,105.07,5783.93,93.13,5650.31,103.27,1496.68,101.04,944.86,92.01
2026-08-28T14:35Z,7983.15,101.58,5772.8,90.38,5674.74,101.26,1497.12,101.04,933.44,90.22
2026-08-28T14:40Z,7933.83,99.32,5717.59,87.73,5654.17,100.25,1525.76,101.04,937.85,89.92
2026-08-28T14:45Z,7956.96,99.99,5671.28,87.73,5632.44,100.11,1527.79,101.34,948.78,89.79
2026-08-28T14:50Z,7923.94,97.65,5683.04,85.69,5586.48,98.16,1526.3,101.02,941.09,88.05
2026-08-28T14:55Z,7923.26,102.59,5651.95,89.42,5486.2,105.17,1520.32,106.24,952.2,94.67
2026-08-28T15:00Z,7814.33,95.68,5606.26,84.73,5466.9,96.54,1518.84,101.02,942.76,86.61
2026-08-28T15:05Z,7782.52,116.46,5593.0,102.72,5514.21,118.5,1515.86,122.48,944.52,106.65
2026-08-28T15:10Z,7799.95,118.05,5625.29,104.83,5503.95,118.5,1472.1,123.63,939.18,106.31
2026-08-28T15:15Z,7701.21,98.82,5601.1,87.73,5401.59,98.6,1442.08,104.86,934.7,88.47
2026-08-28T15:20Z,7656.49,101.51,5623.19,89.59,5417.26,103.8,1430.69,107.78,929.59,92.83
2026-08-28T15:25Z,7636.99,97.73,5569.84,87.3,5411.91,98.25,1421.69,103.14,923.54,87.57
2026-08-28T15:30Z,7605.13,100.2,5499.65,87.73,5396.95,103.27,1429.69,107.65,927.82,92.05
2026-08-28T15:35Z,7643.51,119.01,5470.6,103.51,5360.61,122.48,1414.05,130.06,924.36,60.22
2026-08-28T15:40Z,7581.84,94.7,5488.11,84.5,5234.78,94.25,1406.1,101.02,944.59,84.33
2026-08-28T15:45Z,7556.09,96.14,5519.48,84.73,5297.28,97.7,1415.94,101.02,960.12,87.69
2026-08-28T15:50Z,7483.13,96.84,5431.53,84.73,5237.9,100.53,1420.09,107.38,959.19,90.53
2026-08-28T15:55Z,7547.39,98.1,5419.13,84.73,5159.78,101.67,1396.42,106.48,952.69,91.27
2026-08-28T16:00Z,7519.01,95.34,5445.5,84.5,5121.85,96.36,1383.18,101.02,950.62,86.24
2026-08-28T16:05Z,7444.74,98.72,5423.71,84.73,5136.21,101.49,1386.45,110.52,942.05,60.18
2026-08-28T16:10Z,7448.91,114.54,5353.47,95.79,5162.28,117.71,1373.22,126.55,937.29,59.22
2026-08-28T16:15Z,7399.07,100.67,5359.41,84.73,5145.61,101.7,1356.8,109.67,933.77,59.22
2026-08-28T16:20Z,7384.76,98.45,5402.17,84.5,5111.85,97.79,1344.44,104.59,928.24,45.18
2026-08-28T16:25Z,7363.95,98.54,5335.11,84.5,5038.28,97.09,1355.4,103.57,928.13,86.9
2026-08-28T16:30Z,7335.49,97.73,5339.72,83.82,5015.79,95.53,1348.53,102.35,919.89,85.21
2026-08-28T16:35Z,7313.05,100.06,5322.3,84.5,5086.02,100.25,1347.61,106.48,935.67,90.01
2026-08-28T16:40Z,7303.59,100.06,5328.72,84.2,5076.05,100.16,1326.45,107.53,930.23,89.93
2026-08-28T16:45Z,7254.88,93.36,5306.75,78.54,5054.26,93.4,1316.32,99.43,920.61,83.59
2026-08-28T16:50Z,7109.49,100.41,5519.77,84.73,5054.03,101.41,1328.9,108.06,929.82,91.05
2026-08-28T16:55Z,7024.02,91.38,5470.7,78.54,5031.84,91.55,1322.11,98.7,919.35,82.2
2026-08-28T17:00Z,7003.54,90.79,5493.01,78.54,5019.36,90.24,1317.45,96.19,921.38,81.03
2026-08-28T17:05Z,7078.44,98.93,5494.73,84.5,4921.59,99.78,1309.21,109.78,921.63,89.9
2026-08-28T17:10Z,7067.39,97.65,5500.92,82.9,4909.55,97.72,1311.77,107.53,929.67,87.48
2026-08-28T17:15Z,7039.73,97.63,5521.41,82.89,4887.32,97.7,1311.94,107.97,934.75,87.75
2026-08-28T17:20Z,7091.72,97.65,5524.8,82.91,4914.42,97.69,1311.82,107.89,938.55,87.73
2026-08-28T17:25Z,7066.65,95.83,5511.95,81.35,4907.15,95.83,1306.03,105.4,925.4,85.79
2026-08-28T17:30Z,7035.32,92.18,5485.03,78.73,4937.39,92.18,1295.72,100.9,923.74,82.52
2026-08-28T17:35Z,7015.94,91.97,5481.53,78.54,4931.43,91.23,1296.43,99.47,926.09,81.67
2026-08-28T17:40Z,6927.68,97.65,5522.03,84.5,4934.36,98.5,1288.5,107.38,919.19,60.18
2026-08-28T17:45Z,6935.28,90.0,5485.93,78.34,4917.69,89.27,1281.32,97.27,926.94,79.64
2026-08-28T17:50Z,6957.31,90.0,5555.68,78.52,4927.16,87.77,1267.44,94.05,914.39,78.3
2026-08-28T17:55Z,6970.2,90.2,5483.99,78.52,4923.95,89.4,1270.16,96.94,911.7,79.75
2026-08-28T18:00Z,6992.3,90.0,5446.6,78.52,4820.16,87.72,1273.8,94.5,906.41,60.18
2026-08-28T18:05Z,6967.43,83.85,5448.54,73.41,4832.52,81.68,1264.04,88.6,907.08,73.13
2026-08-28T18:10Z,6993.02,90.7,5482.52,78.73,4828.55,90.5,1266.46,98.94,928.2,81.55
2026-08-28T18:15Z,7048.26,90.22,5478.38,78.52,4858.62,89.2,1251.58,97.36,933.45,80.63
2026-08-28T18:20Z,7032.99,89.58,5536.5,78.52,4873.32,89.28,1244.34,97.41,937.02,80.19
2026-08-28T18:25Z,7047.94,90.6,5438.18,78.52,4930.18,91.07,1248.37,99.33,932.2,82.31
2026-08-28T18:30Z,7021.48,90.22,5476.48,78.52,4912.48,89.99,1254.01,99.0,931.54,81.6
2026-08-28T18:35Z,7081.73,91.62,5471.84,78.73,4923.4,91.3,1241.54,100.31,923.64,81.99
2026-08-28T18:40Z,7120.77,91.6,5493.41,78.73,4941.39,90.54,1243.23,99.45,913.63,80.77
2026-08-28T18:45Z,7116.4,98.34,5468.0,84.5,4937.6,98.83,1249.61,109.04,908.47,60.18
2026-08-28T18:50Z,7090.05,91.59,5503.67,79.23,4871.88,90.5,1242.95,99.88,918.43,81.02
2026-08-28T18:55Z,7113.13,99.85,5484.79,84.73,4944.54,101.95,1243.05,111.99,923.38,90.95
2026-08-28T19:00Z,7128.42,99.8,5518.85,84.73,4906.92,101.77,1222.1,111.25,914.59,91.1
2026-08-28T19:05Z,7144.32,98.9,5516.05,84.5,4878.51,102.54,1233.68,111.77,926.56,92.1
2026-08-28T19:10Z,7102.31,88.67,5532.9,77.72,4976.89,90.5,1226.65,98.89,934.37,81.79
2026-08-28T19:15Z,7146.59,87.81,5621.03,78.52,4994.1,87.47,1228.69,95.57,934.98,79.05
2026-08-28T19:20Z,7191.95,88.96,5591.41,78.52,5050.23,89.33,1225.25,97.51,925.48,80.46
2026-08-28T19:25Z,7203.27,90.12,5588.43,78.54,5050.72,90.55,1239.0,99.32,938.02,81.3
2026-08-28T19:30Z,7163.21,87.76,5657.02,78.52,4983.37,86.76,1238.34,95.26,925.55,77.66
2026-08-28T19:35Z,7249.09,96.24,5686.91,84.5,5029.33,95.19,1251.91,104.96,934.15,85.2
2026-08-28T19:40Z,7268.94,101.22,5665.58,87.73,5099.78,101.09,1246.16,110.43,935.73,91.05
2026-08-28T19:45Z,7287.29,107.36,5706.6,92.51,5138.01,107.01,1237.5,116.77,928.03,96.07
2026-08-28T19:50Z,7327.68,100.69,5722.61,87.73,5121.56,98.76,1235.16,107.81,938.0,88.66
2026-08-28T19:55Z,7287.06,95.85,5723.31,84.73,5141.79,92.63,1253.65,98.87,937.74,83.16
2026-08-28T20:00Z,7317.0,119.02,5754.23,102.8,5210.42,118.8,1261.93,129.18,955.62,107.33
2026-08-28T20:05Z,7381.5,104.41,5696.06,90.49,5230.42,101.59,1243.58,105.25,945.3,91.48
2026-08-28T20:10Z,7439.34,100.53,5710.16,87.73,5207.07,97.01,1251.63,100.32,966.48,87.92
2026-08-28T20:15Z,7489.88,111.98,5799.54,99.08,5308.06,108.2,1275.57,110.01,979.94,98.06
2026-08-28T20:20Z,7467.35,119.02,5819.94,104.67,5301.75,116.51,1268.45,120.3,981.4,105.25
2026-08-28T20:25Z,7563.44,95.41,5878.76,84.5,5369.0,90.61,1247.79,93.35,995.41,82.11
2026-08-28T20:30Z,7582.27,115.11,5819.83,98.68,5358.99,114.8,1261.82,118.88,974.58,103.03
2026-08-28T20:35Z,7568.3,99.8,5781.14,87.73,5398.23,97.91,1249.54,101.02,969.62,87.87
2026-08-28T20:40Z,7677.18,95.2,5839.84,83.73,5509.07,90.53,1265.42,94.67,984.05,81.23
2026-08-28T20:45Z,7713.75,119.02,5805.37,102.01,5558.2,117.99,1288.54,120.7,980.52,105.86
2026-08-28T20:50Z,7630.55,95.22,5738.69,80.02,5565.87,97.57,1292.7,101.02,997.84,88.1
2026-08-28T20:55Z,7618.54,91.67,5702.78,76.53,5588.77,95.59,1307.37,101.02,988.83,86.04
2026-08-28T21:00Z,7698.3,93.16,5614.64,72.5,5595.05,97.1,1308.46,101.02,991.2,87.68
2026-08-28T21:05Z,7621.8,81.82,5649.37,62.73,5699.68,95.69,1310.89,101.02,1002.07,86.38
2026-08-28T21:10Z,7606.24,82.95,5596.56,6.85,5714.08,95.93,1314.55,100.52,983.7,86.32
2026-08-28T21:15Z,7675.06,66.52,5530.3,2.0,5739.93,98.7,1320.95,101.02,1002.49,89.1
2026-08-28T21:20Z,7587.65,41.88,5487.64,0.0,5780.54,96.83,1321.04,101.02,1000.9,87.68
2026-08-28T21:25Z,7567.7,36.21,5455.23,0.0,5821.0,89.0,1332.29,94.32,1011.27,80.33
2026-08-28T21:30Z,7509.75,0.06,5392.22,-2.15,5803.28,81.81,1338.95,86.44,1001.76,73.84
2026-08-28T21:35Z,7446.76,2.29,5380.81,2.0,5746.65,81.1,1340.16,86.44,1013.29,74.38
2026-08-28T21:40Z,7432.99,2.37,5245.65,2.04,5757.11,52.18,1327.1,56.2,1004.51,48.15
2026-08-28T21:45Z,7405.18,9.83,5194.69,2.0,5817.78,36.56,1334.45,39.99,995.97,33.11
2026-08-28T21:50Z,7218.14,25.1,5201.72,21.3,5786.62,27.09,1332.33,29.67,1021.54,25.16
2026-08-28T21:55Z,7179.72,25.1,5035.28,21.65,5761.13,26.33,1327.96,28.74,1009.18,25.12
2026-08-28T22:00Z,7132.12,-3.61,4989.17,-3.21,5819.35,20.65,1295.33,80.0,1001.68,25.08
2026-08-28T22:05Z,7182.58,22.6,4916.78,2.05,5806.7,24.0,1243.68,70.44,987.07,23.46
2026-08-28T22:10Z,7005.13,25.1,4830.49,21.19,5815.77,25.55,1209.94,86.44,994.12,24.98
2026-08-28T22:15Z,6974.79,6.31,4862.9,2.05,5757.59,6.74,1181.17,54.24,974.36,6.68
2026-08-28T22:20Z,6927.57,2.35,4793.46,2.04,5746.7,10.5,1171.55,86.44,986.0,1.85
2026-08-28T22:25Z,6866.49,18.14,4780.43,15.9,5778.36,19.2,1154.4,70.44,982.19,19.1
2026-08-28T22:30Z,6737.02,18.76,4693.92,2.05,5795.31,19.2,1128.52,19.57,964.96,14.71
2026-08-28T22:35Z,6656.57,19.09,4595.87,0.0,5682.95,19.2,1114.93,19.58,964.36,19.32
2026-08-28T22:40Z,6474.38,10.1,4616.68,2.0,5687.12,10.5,1093.63,10.58,956.72,10.54
2026-08-28T22:45Z,6557.97,13.2,4550.32,0.0,5639.57,13.47,1072.76,13.61,956.35,13.56
2026-08-28T22:50Z,6467.48,0.0,4505.0,0.0,5609.64,0.0,1034.7,0.0,964.24,0.0
2026-08-28T22:55Z,6508.0,2.53,4456.83,2.0,5472.48,2.54,1019.23,2.48,947.99,2.55
2026-08-28T23:00Z,6454.44,14.2,4358.24,0.0,5409.18,8.94,972.9,8.66,943.96,8.97
2026-08-28T23:05Z,6285.65,14.2,4369.23,2.04,5416.92,13.84,941.45,13.37,944.64,14.15
2026-08-28T23:10Z,6199.79,14.2,4312.05,2.04,5335.35,-1.9,924.51,-1.85,946.2,-1.96
2026-08-28T23:15Z,6229.56,24.11,4334.04,2.04,5270.17,-3.5,883.05,-3.34,946.28,-3.62
2026-08-28T23:20Z,6028.5,14.2,4269.52,2.0,5285.87,0.67,852.16,0.64,934.94,0.69
2026-08-28T23:25Z,5991.93,24.11,4172.85,0.0,5227.8,14.87,830.56,14.19,925.52,15.26
2026-08-28T23:30Z,5992.65,24.11,4117.22,0.0,5153.86,10.5,796.42,10.01,933.5,10.78
2026-08-28T23:35Z,5958.15,28.95,4101.54,0.0,5049.43,-6.33,755.29,-6.02,915.52,-6.5
2026-08-28T23:40Z,5832.39,14.2,4073.76,0.0,4977.12,0.0,764.42,0.0,912.31,0.0
2026-08-28T23:45Z,5888.03,24.99,4043.65,0.0,4941.67,14.7,733.99,14.19,915.79,15.33
2026-08-28T23:50Z,5794.78,42.49,4038.93,0.0,4791.9,0.01,706.27,0.01,931.93,0.01
2026-08-28T23:55Z,5777.05,28.95,3971.07,2.05,4705.09,-0.1,677.65,-0.09,923.22,-0.1
2026-08-29T00:00Z,5634.13,24.11,3960.45,12.21,4752.9,5.05,665.58,4.73,922.52,5.29
2026-08-29T00:05Z,5577.28,24.11,3987.7,0.73,4625.4,5.05,615.29,4.69,918.03,5.27
2026-08-29T00:10Z,5537.37,24.11,4011.0,-1.31,4665.28,5.05,589.05,4.64,928.05,5.29
2026-08-29T00:15Z,5559.54,24.11,4043.63,0.73,4659.02,5.05,555.66,4.62,911.24,5.25
2026-08-29T00:20Z,5500.57,24.11,3975.41,2.04,4604.56,8.94,575.18,8.19,907.65,9.3
2026-08-29T00:25Z,5517.24,24.99,3952.03,2.05,4453.92,15.18,552.61,14.19,909.09,15.8
2026-08-29T00:30Z,5441.47,24.11,3917.03,2.0,4423.23,0.0,518.16,0.0,895.29,0.0
2026-08-29T00:35Z,5475.78,24.99,3907.73,0.0,4432.67,12.5,510.91,11.26,896.48,13.09
2026-08-29T00:40Z,5479.43,42.52,3897.4,2.04,4386.48,12.97,536.97,11.71,903.95,13.67
2026-08-29T00:45Z,5388.61,46.45,3895.3,0.73,4366.26,10.5,522.43,9.47,895.8,11.07
2026-08-29T00:50Z,5343.83,46.45,3948.14,2.04,4340.8,12.5,502.02,11.22,874.66,13.09
2026-08-29T00:55Z,5312.22,42.54,3902.09,2.04,4297.11,12.5,488.27,11.13,882.06,13.13
2026-08-29T01:00Z,5247.67,24.11,3875.36,2.04,4250.63,-4.57,459.06,-4.21,883.01,-4.82
2026-08-29T01:05Z,5261.08,24.11,3850.27,2.04,4195.27,23.75,470.84,-1.1,871.58,24.72
2026-08-29T01:10Z,5398.25,46.45,3998.9,2.04,4328.61,27.14,439.89,23.88,867.87,28.06
2026-08-29T01:15Z,5398.3,46.45,3980.41,2.04,4373.42,26.96,377.24,23.42,857.16,27.79
2026-08-29T01:20Z,5320.68,46.45,3952.31,2.0,4324.13,10.82,334.6,9.1,843.9,11.26
2026-08-29T01:25Z,5315.87,46.45,3885.34,2.04,4294.53,0.0,289.14,0.0,839.07,0.0
2026-08-29T01:30Z,5366.72,46.45,3929.31,2.05,4234.26,10.5,288.76,9.27,826.28,10.93
2026-08-29T01:35Z,5254.2,27.85,3889.73,0.0,4192.38,0.02,263.09,0.02,837.99,0.02
2026-08-29T01:40Z,5367.52,42.54,3951.67,-1.31,4143.19,1.4,296.84,1.18,828.1,1.45
2026-08-29T01:45Z,5293.99,46.45,3977.85,2.0,3983.41,0.0,300.15,0.0,825.99,0.0
2026-08-29T01:50Z,5253.92,28.95,3927.66,1.89,3965.69,0.0,281.85,0.0,818.47,0.0
2026-08-29T01:55Z,5195.38,41.88,3952.23,2.05,3894.57,0.0,262.03,0.0,816.95,0.0
2026-08-29T02:00Z,5085.87,28.95,4013.83,2.71,3819.56,-3.5,271.75,-3.12,811.9,-3.63
2026-08-29T02:05Z,5051.23,24.99,4023.78,2.0,3753.08,-0.1,256.4,-0.09,806.1,-0.1
2026-08-29T02:10Z,5128.01,46.45,4051.94,0.73,3729.06,7.55,243.6,6.78,802.45,7.79
2026-08-29T02:15Z,5116.88,41.88,4005.55,-3.0,3652.38,7.41,201.26,6.66,800.1,7.64
2026-08-29T02:20Z,4977.27,28.95,3986.16,-0.13,3484.84,-5.67,143.26,-5.17,790.18,-5.85
2026-08-29T02:25Z,5080.68,41.88,4102.62,0.64,3443.64,-1.21,147.23,-1.1,791.43,-1.25
2026-08-29T02:30Z,5113.51,46.45,4102.01,2.05,3435.99,-3.5,150.63,-3.2,788.81,-3.62
2026-08-29T02:35Z,4997.83,28.95,4071.69,2.0,3477.3,1.96,153.83,1.73,791.11,2.03
2026-08-29T02:40Z,5081.4,46.45,4089.29,-3.0,3439.95,-1.12,127.59,-1.0,804.36,-1.16
2026-08-29T02:45Z,4952.74,27.88,4061.22,0.0,3432.87,-4.79,164.17,-4.21,788.32,-4.93
2026-08-29T02:50Z,4933.16,41.88,4113.82,5.3,3427.42,-5.64,138.54,-5.22,788.17,-5.78
2026-08-29T02:55Z,4972.86,27.87,4092.53,-0.36,3428.1,-5.68,122.37,-5.17,775.65,-5.83
2026-08-29T03:00Z,5051.33,46.45,4025.88,-0.2,3431.65,-6.5,103.49,-6.15,781.6,-6.67
2026-08-29T03:05Z,4954.23,24.11,4073.61,2.0,3372.86,-6.5,93.93,-6.15,774.75,-6.65
2026-08-29T03:10Z,5053.91,27.88,3991.93,-0.2,3454.04,-6.5,69.67,-6.11,781.53,-6.62
2026-08-29T03:15Z,4984.27,28.95,3982.56,-3.49,3473.7,-6.5,61.64,-5.9,792.11,-6.67
2026-08-29T03:20Z,4955.48,46.45,3954.15,-3.49,3400.95,-8.01,52.39,-7.39,785.07,-8.16
2026-08-29T03:25Z,4890.48,24.11,3949.13,-3.0,3504.6,-6.5,40.24,-5.9,775.75,-6.62
2026-08-29T03:30Z,4929.52,24.11,3908.56,-3.95,3421.0,-7.69,8.32,-7.13,782.79,-7.84
2026-08-29T03:35Z,4837.2,-7.06,3887.91,-6.0,3437.19,-7.25,23.61,-6.78,784.76,-7.39
2026-08-29T03:40Z,5041.83,27.88,3933.33,-7.5,3390.09,-7.25,39.14,-6.81,799.57,-7.46
2026-08-29T03:45Z,4920.62,24.11,4110.83,-6.0,3350.15,-7.25,24.97,-6.75,801.39,-7.39
2026-08-29T03:50Z,4880.01,27.88,4099.59,-6.0,3299.27,-7.64,14.07,-7.01,801.63,-7.84
2026-08-29T03:55Z,4866.35,-7.07,4188.55,-6.0,3256.17,-17.06,20.02,-15.84,810.12,-17.84
2026-08-29T04:00Z,5063.22,24.99,4246.13,-5.0,3388.08,-11.95,40.03,-11.05,822.01,-12.34
2026-08-29T04:05Z,4926.24,-7.11,4173.24,-6.0,3307.72,-7.51,42.88,-6.79,815.81,-7.9
2026-08-29T04:10Z,4996.27,41.88,4145.64,-5.0,3194.02,-14.49,18.74,-13.78,819.95,-15.01
2026-08-29T04:15Z,4749.3,-8.0,4158.63,-7.01,3231.88,-7.62,67.68,-6.99,819.35,-7.85
2026-08-29T04:20Z,4911.75,13.2,4269.07,-5.0,3202.25,-17.06,53.68,-15.89,816.96,-17.95
2026-08-29T04:25Z,4996.34,27.88,4209.9,-7.5,3248.58,-14.44,98.06,-13.47,823.82,-15.01
2026-08-29T04:30Z,4951.75,27.88,4320.85,-6.01,3168.72,-16.24,100.13,-15.16,846.94,27.06
2026-08-29T04:35Z,4975.22,27.88,4327.74,-6.0,3245.88,-14.49,98.05,-13.15,830.84,-15.01
2026-08-29T04:40Z,4989.7,27.88,4298.8,-7.31,3260.02,-17.06,100.43,-15.49,834.82,-15.01
2026-08-29T04:45Z,5089.77,46.45,4379.73,-5.0,3183.85,-21.25,108.8,-19.85,840.96,-15.01
2026-08-29T04:50Z,5119.1,42.8,4433.52,-3.0,3267.24,-18.95,131.22,-16.97,841.0,-15.01
2026-08-29T04:55Z,5173.58,46.45,4442.02,-6.0,3323.89,-11.95,137.57,-11.04,850.63,-12.5
2026-08-29T05:00Z,5214.47,42.54,4528.07,-6.0,3381.27,-7.71,146.29,-7.12,858.27,-8.06
2026-08-29T05:05Z,5347.94,41.9,4537.91,-5.0,3395.98,-33.92,152.05,-31.81,868.31,-35.16
2026-08-29T05:10Z,5325.3,-2.6,4623.94,-2.15,3381.39,-14.27,196.74,-13.43,859.19,-15.01
2026-08-29T05:15Z,5687.62,46.45,4665.79,39.15,3473.59,-11.95,226.04,-11.2,865.29,-11.89
2026-08-29T05:20Z,5605.91,-6.76,4724.77,-6.0,3501.39,-7.51,246.46,-7.0,869.56,-7.9
2026-08-29T05:25Z,5819.37,-2.01,4883.0,-1.69,3509.15,-8.01,220.95,-7.51,862.93,-8.3
2026-08-29T05:30Z,5831.08,-6.83,4819.96,-6.0,3673.53,-7.25,262.12,-6.85,860.35,-7.51
2026-08-29T05:35Z,6012.91,-5.76,5043.08,-5.0,3677.51,-8.46,278.6,-8.0,872.78,-8.79
2026-08-29T05:40Z,6126.36,-6.86,5138.24,-6.0,3832.13,-7.25,335.47,-6.9,875.88,-7.51
2026-08-29T05:45Z,6276.45,-2.01,5257.25,-1.71,3849.34,-6.5,338.27,-6.26,891.31,-6.75
2026-08-29T05:50Z,6345.55,-2.01,5235.14,-1.68,3843.19,-6.5,365.82,-6.27,898.79,-6.77
2026-08-29T05:55Z,6457.97,0.0,5362.58,0.0,3940.5,-6.17,380.37,-6.02,909.02,-6.45
2026-08-29T06:00Z,6617.17,27.92,5439.85,24.99,4095.41,-3.5,426.26,-3.35,916.1,-3.67
2026-08-29T06:05Z,6672.89,44.62,5587.8,40.0,4186.66,-6.5,423.66,-6.24,926.71,-6.81
2026-08-29T06:10Z,6721.53,42.54,5674.36,38.42,4238.61,-4.6,454.07,-4.32,925.11,-4.82
2026-08-29T06:15Z,6821.12,54.7,5760.78,49.93,4328.45,-0.05,494.69,-0.05,951.35,-0.05
2026-08-29T06:20Z,6980.38,61.1,5794.26,54.75,4442.29,10.5,522.77,9.96,954.25,11.07
2026-08-29T06:25Z,7116.03,82.9,5952.88,76.35,4534.82,10.5,552.01,9.93,970.77,11.78
2026-08-29T06:30Z,7120.81,69.99,5981.45,64.08,4607.42,10.66,573.98,10.01,985.81,12.01
2026-08-29T06:35Z,7240.78,65.51,6082.65,60.06,4727.63,10.65,616.29,10.17,979.72,11.92
2026-08-29T06:40Z,7347.26,65.51,6140.17,60.48,4856.34,24.53,666.31,23.82,983.77,25.12
2026-08-29T06:45Z,7530.51,85.54,6208.47,78.51,4923.93,25.84,706.46,25.54,1003.72,25.12
2026-08-29T06:50Z,7606.15,82.9,6303.63,76.18,5106.12,70.88,771.66,70.44,1019.58,33.93
2026-08-29T06:55Z,7759.8,90.0,6379.82,81.74,5160.45,86.09,804.18,86.32,1025.33,25.18
2026-08-29T07:00Z,7953.36,90.0,6465.49,81.3,5256.24,84.86,843.53,86.44,1023.61,44.16
2026-08-29T07:05Z,8037.65,89.0,6541.55,79.73,5296.96,82.74,883.07,84.19,1058.53,74.53
2026-08-29T07:10Z,8019.2,76.84,6481.35,71.68,5380.86,74.07,954.54,77.14,1038.35,67.13
2026-08-29T07:15Z,8027.19,81.83,6485.63,73.95,5557.23,80.43,999.38,84.51,1052.5,73.1
2026-08-29T07:20Z,8155.07,85.89,6629.43,79.73,5606.75,84.59,1048.65,88.43,1064.55,76.88
2026-08-29T07:25Z,8195.82,93.14,6686.65,82.77,5748.27,90.5,1083.98,93.56,1062.03,81.45
2026-08-29T07:30Z,8243.46,95.2,6731.39,84.65,5863.78,95.09,1144.61,100.09,1074.93,87.2
2026-08-29T07:35Z,8348.17,89.0,6726.64,80.14,5823.47,90.43,1182.34,96.95,1074.41,82.16
2026-08-29T07:40Z,8430.94,94.61,6748.8,83.73,5938.98,95.6,1219.57,101.04,1069.2,86.01
2026-08-29T07:45Z,8487.21,86.52,6788.91,77.95,6000.86,88.04,1255.81,93.52,1077.69,78.95
2026-08-29T07:50Z,8604.02,89.0,6911.71,80.81,6099.57,90.5,1335.59,97.63,1083.26,81.14
2026-08-29T07:55Z,8681.23,86.82,6896.01,77.33,6203.27,90.5,1354.16,98.42,1090.56,81.13
2026-08-29T08:00Z,8731.4,89.92,6907.76,80.0,6225.49,94.61,1370.03,101.02,1098.48,84.81
2026-08-29T08:05Z,8789.77,89.46,6908.59,82.83,6186.62,90.5,1413.65,96.17,1093.26,80.87
2026-08-29T08:10Z,8752.53,89.0,6895.45,78.79,6220.0,90.5,1441.34,97.45,1105.32,81.39
2026-08-29T08:15Z,8775.26,87.05,6892.66,78.52,6255.34,89.0,1447.84,95.86,1117.48,80.29
2026-08-29T08:20Z,8854.58,89.0,6946.55,79.73,6373.59,90.35,1458.53,96.9,1135.93,81.24
2026-08-29T08:25Z,8847.03,86.92,7005.17,78.52,6417.63,89.83,1478.25,94.58,1130.42,80.76
2026-08-29T08:30Z,8951.35,92.99,6938.89,81.82,6449.46,95.98,1484.03,101.02,1132.42,85.73
2026-08-29T08:35Z,8864.12,89.0,6951.86,79.84,6471.94,93.38,1485.69,101.02,1121.81,61.2
2026-08-29T08:40Z,8893.69,87.48,6862.03,78.91,6464.44,90.5,1497.64,97.95,1113.49,81.09
2026-08-29T08:45Z,8913.88,88.74,6880.4,78.52,6523.44,94.26,1528.72,101.02,1131.48,84.73
2026-08-29T08:50Z,8839.16,90.49,6958.03,79.15,6564.9,95.43,1532.24,101.04,1121.42,85.5
2026-08-29T08:55Z,8829.13,86.26,6844.82,76.8,6475.42,89.0,1549.87,92.98,1122.12,80.01
2026-08-29T09:00Z,8879.76,90.54,6775.73,78.52,6516.84,95.21,1564.25,101.02,1129.26,85.58
2026-08-29T09:05Z,8821.65,89.0,6782.52,78.52,6530.16,93.95,1559.41,101.02,1126.96,84.45
2026-08-29T09:10Z,8762.14,89.0,6749.65,77.16,6524.28,93.69,1561.08,101.02,1129.23,84.22
2026-08-29T09:15Z,8767.2,85.0,6738.19,76.13,6454.76,89.0,1564.58,95.3,1133.5,80.01
2026-08-29T09:20Z,8754.81,87.64,6784.17,78.52,6504.39,90.5,1558.16,97.18,1117.69,80.83
2026-08-29T09:25Z,8751.1,90.49,6711.65,78.43,6550.92,94.82,1560.61,101.02,1117.68,84.68
2026-08-29T09:30Z,8673.82,82.9,6733.27,73.71,6521.08,86.89,1561.04,92.96,1103.56,60.18
2026-08-29T09:35Z,8739.07,82.9,6734.35,72.32,6444.33,86.13,1571.03,94.07,1104.11,76.93
2026-08-29T09:40Z,8754.26,86.0,6657.09,74.0,6510.12,90.5,1570.97,100.33,1099.44,80.82
2026-08-29T09:45Z,8768.99,84.79,6625.34,72.92,6494.95,90.5,1572.04,99.96,1084.44,60.18
2026-08-29T09:50Z,8746.2,81.96,6622.59,70.93,6480.84,86.54,1558.42,94.43,1081.01,60.18
2026-08-29T09:55Z,8772.22,75.47,6628.33,65.74,6443.46,78.95,1539.24,86.44,1080.43,70.74
2026-08-29T10:00Z,8633.52,71.38,6582.9,62.7,6402.98,75.37,1547.99,83.96,1067.87,67.54
2026-08-29T10:05Z,8705.47,87.1,6574.08,74.0,6442.5,90.5,1561.04,98.06,1074.72,81.61
2026-08-29T10:10Z,8645.04,82.99,6610.7,70.93,6435.64,86.14,1542.77,92.47,1077.37,77.93
2026-08-29T10:15Z,8637.9,72.95,6579.57,62.73,6407.57,75.72,1550.17,81.04,1062.08,68.07
2026-08-29T10:20Z,8659.4,74.34,6546.15,62.7,6437.8,77.8,1548.85,84.54,1060.54,69.71
2026-08-29T10:25Z,8631.45,71.38,6462.83,60.14,6411.98,74.74,1550.7,82.24,1063.12,66.97
2026-08-29T10:30Z,8674.23,74.89,6432.34,62.28,6425.71,77.75,1543.22,84.51,1063.69,69.66
2026-08-29T10:35Z,8631.45,77.48,6503.49,64.08,6418.28,81.75,1537.94,86.44,1046.61,73.01
2026-08-29T10:40Z,8626.82,79.75,6554.69,66.42,6325.12,82.01,1535.12,86.44,1053.55,73.26
2026-08-29T10:45Z,8602.87,86.52,6619.14,72.54,6326.98,89.02,1544.84,94.23,1044.62,79.52
2026-08-29T10:50Z,8569.83,84.9,6566.76,69.69,6336.12,88.74,1525.87,94.57,1053.08,79.78
2026-08-29T10:55Z,8453.78,82.17,6615.68,69.81,6375.33,86.67,1527.36,91.97,1051.8,77.91
2026-08-29T11:00Z,8450.27,82.94,6646.39,70.93,6355.82,86.82,1545.29,91.14,1051.83,78.29
2026-08-29T11:05Z,8509.9,93.74,6534.33,78.54,6317.35,99.65,1544.99,105.02,1049.69,89.59
2026-08-29T11:10Z,8502.0,90.49,6586.73,76.13,6285.33,95.25,1520.52,101.02,1050.45,85.91
2026-08-29T11:15Z,8382.75,88.32,6498.29,74.0,6284.99,94.55,1514.33,101.02,1048.12,85.28
2026-08-29T11:20Z,8437.65,88.59,6499.23,74.2,6304.7,94.88,1526.81,101.04,1043.8,85.3
2026-08-29T11:25Z,8497.96,86.4,6495.39,70.99,6176.69,92.39,1514.14,99.63,1021.73,82.81
2026-08-29T11:30Z,8408.9,90.49,6563.55,76.82,6198.69,96.92,1529.34,103.83,1023.85,87.15
2026-08-29T11:35Z,8318.36,94.37,6513.57,78.54,6253.28,100.53,1505.63,104.57,1024.94,90.67
2026-08-29T11:40Z,8319.73,94.74,6544.77,78.54,6222.73,100.53,1493.97,104.94,1030.33,90.97
2026-08-29T11:45Z,8345.69,92.85,6448.29,76.13,6169.17,97.59,1475.31,101.02,1021.14,88.03
2026-08-29T11:50Z,8237.83,83.17,6417.46,69.69,6143.56,90.5,1494.53,96.47,1015.93,81.38
2026-08-29T11:55Z,8344.71,90.73,6439.03,76.91,6120.69,96.25,1492.27,101.02,1007.54,86.55
2026-08-29T12:00Z,8297.99,84.79,6359.46,69.69,6089.79,95.45,1488.46,101.02,1011.95,85.84
2026-08-29T12:05Z,8234.57,84.79,6372.3,71.81,6021.68,92.2,1490.7,98.82,1001.35,82.39
2026-08-29T12:10Z,8348.65,90.0,6314.69,75.67,5966.73,96.58,1470.15,101.02,1004.18,86.31
2026-08-29T12:15Z,8287.57,84.79,6294.0,73.12,5992.77,92.7,1448.15,98.7,1011.38,83.38
2026-08-29T12:20Z,8345.27,90.0,6298.0,77.1,5987.48,97.16,1442.28,101.04,1023.67,87.4
2026-08-29T12:25Z,8280.92,82.95,6246.93,69.69,5879.25,89.1,1441.12,94.61,1013.87,80.16
2026-08-29T12:30Z,8257.13,83.34,6083.39,67.58,5895.06,89.61,1454.87,95.19,998.7,80.09
2026-08-29T12:35Z,8276.47,90.0,6130.44,75.45,5900.26,97.47,1432.66,101.02,972.03,86.81
2026-08-29T12:40Z,8168.72,83.99,6161.99,70.49,5852.19,90.16,1409.94,93.75,983.13,80.58
2026-08-29T12:45Z,8165.17,82.9,6094.48,68.65,5805.57,88.31,1425.29,91.62,980.58,78.67
2026-08-29T12:50Z,8178.6,82.9,6102.03,63.73,5726.65,87.47,1412.08,90.06,981.21,78.2
2026-08-29T12:55Z,8144.07,82.9,6052.13,62.73,5679.54,85.29,1401.86,87.1,978.08,75.99
2026-08-29T13:00Z,8141.8,82.9,6056.52,62.86,5746.01,86.73,1403.93,88.51,981.21,77.54
2026-08-29T13:05Z,8079.42,82.9,6072.89,68.63,5681.83,87.41,1396.42,89.58,976.47,78.4
2026-08-29T13:10Z,8102.38,82.9,5974.96,62.73,5739.25,87.33,1378.7,88.97,978.53,78.33
2026-08-29T13:15Z,8057.23,82.9,6002.87,65.01,5849.11,88.1,1372.55,89.25,965.37,78.74
2026-08-29T13:20Z,7914.72,82.9,6020.12,68.17,5769.67,87.44,1383.38,89.76,952.07,77.89
2026-08-29T13:25Z,7949.81,82.9,5933.72,62.73,5818.97,88.15,1383.49,90.06,949.37,60.18
2026-08-29T13:30Z,7994.77,82.9,5919.59,58.75,5797.73,87.34,1371.56,88.84,955.13,77.8
2026-08-29T13:35Z,7912.12,82.9,5950.07,62.73,5780.28,87.53,1407.57,89.96,957.0,78.75
2026-08-29T13:40Z,7835.45,79.16,5988.52,63.73,5700.21,82.96,1420.64,86.44,948.74,74.64
2026-08-29T13:45Z,7852.28,79.99,5940.81,62.73,5654.58,83.07,1407.58,86.44,952.94,74.75
2026-08-29T13:50Z,7829.57,80.64,5904.23,62.73,5638.72,83.68,1393.43,86.44,948.97,75.54
2026-08-29T13:55Z,7763.19,75.96,5909.57,62.38,5576.23,78.84,1394.26,82.16,943.52,71.18
2026-08-29T14:00Z,7794.4,73.23,5854.33,55.53,5584.67,75.98,1387.72,78.53,929.08,68.16
2026-08-29T14:05Z,7716.11,76.02,5797.13,62.73,5581.5,78.92,1388.88,82.56,920.83,70.56
2026-08-29T14:10Z,7758.41,79.81,5785.09,65.43,5526.59,82.85,1398.01,86.44,930.16,74.33
2026-08-29T14:15Z,7783.65,69.96,5768.48,55.53,5554.57,73.19,1394.36,76.89,930.33,65.66
2026-08-29T14:20Z,7783.59,91.9,5741.39,76.27,5507.6,95.51,1431.12,101.02,924.4,85.41
2026-08-29T14:25Z,7720.6,66.9,5636.95,54.75,5485.25,68.92,1419.99,72.55,924.5,61.63
2026-08-29T14:30Z,7713.09,78.6,5640.35,64.74,5467.86,81.69,1442.05,86.44,920.4,73.06
2026-08-29T14:35Z,7639.18,69.96,5633.57,55.53,5429.05,73.92,1440.54,80.43,920.54,66.33
2026-08-29T14:40Z,7681.09,76.03,5619.32,62.73,5337.14,79.0,1451.23,86.44,923.64,70.89
2026-08-29T14:45Z,7675.1,76.19,5601.54,62.73,5340.26,79.85,1455.78,87.38,919.95,71.65
2026-08-29T14:50Z,7625.3,69.96,5590.87,57.22,5252.71,73.23,1441.63,81.42,915.82,65.94
2026-08-29T14:55Z,7662.62,74.22,5562.68,60.3,5243.82,77.7,1448.89,86.44,924.28,69.74
2026-08-29T15:00Z,7550.97,69.99,5528.42,56.85,5286.88,74.0,1454.08,83.03,918.47,66.62
2026-08-29T15:05Z,7577.67,65.7,5487.65,54.02,5192.46,65.0,1446.84,76.23,913.24,58.53
2026-08-29T15:10Z,7588.43,79.17,5488.11,55.53,5246.9,77.71,1442.11,86.44,915.3,69.97
2026-08-29T15:15Z,7519.44,69.99,5603.36,54.75,5212.24,68.69,1435.39,76.72,899.31,61.65
2026-08-29T15:20Z,7459.68,67.52,5555.62,54.75,5217.54,66.26,1420.21,73.97,893.1,59.47
2026-08-29T15:25Z,7511.45,84.79,5517.5,63.73,5188.38,81.83,1421.23,90.27,903.33,73.68
2026-08-29T15:30Z,7426.84,67.51,5416.02,51.19,5088.12,65.0,1382.61,71.89,900.61,58.35
2026-08-29T15:35Z,7377.3,79.04,5457.49,63.73,5071.44,74.39,1390.53,82.72,901.33,67.0
2026-08-29T15:40Z,7342.6,83.99,5479.29,62.73,5065.79,78.46,1397.84,86.59,894.46,70.66
2026-08-29T15:45Z,7304.65,83.99,5430.05,62.73,5061.11,78.42,1388.24,86.44,898.94,70.41
2026-08-29T15:50Z,7230.93,82.63,5453.18,63.73,4991.04,77.11,1380.09,86.44,890.91,69.24
2026-08-29T15:55Z,7251.6,83.99,5416.57,62.73,4965.92,77.74,1381.55,86.44,900.55,70.03
2026-08-29T16:00Z,7197.78,83.87,5389.2,62.73,4948.18,77.67,1380.58,86.44,892.99,69.96
2026-08-29T16:05Z,7163.56,83.99,5448.99,68.15,4945.47,78.39,1380.26,87.21,895.67,70.84
2026-08-29T16:10Z,7168.28,83.99,5400.45,68.11,4862.86,77.37,1366.85,86.44,891.83,69.7
2026-08-29T16:15Z,7068.88,83.34,5417.2,68.03,4844.47,77.06,1359.42,86.44,889.08,69.43
2026-08-29T16:20Z,7077.64,84.37,5471.46,69.8,4830.54,77.39,1354.64,86.44,890.37,69.73
2026-08-29T16:25Z,7052.61,83.99,5424.7,69.01,4874.4,77.4,1357.4,86.44,886.95,69.73
2026-08-29T16:30Z,6980.46,83.34,5434.68,68.92,4880.87,77.06,1334.34,86.29,892.44,69.42
2026-08-29T16:35Z,6997.54,83.99,5384.93,68.98,4793.08,76.43,1343.42,86.44,890.14,68.65
2026-08-29T16:40Z,6938.35,83.99,5341.16,68.51,4821.63,77.09,1345.29,86.44,903.28,69.46
2026-08-29T16:45Z,6939.54,83.99,5373.06,68.97,4806.09,77.07,1338.67,86.44,883.27,68.99
2026-08-29T16:50Z,6883.47,77.11,5379.27,63.73,4801.33,70.74,1327.35,78.99,881.23,63.53
2026-08-29T16:55Z,6845.79,71.42,5332.56,59.37,4724.71,65.0,1331.26,72.38,893.0,58.58
2026-08-29T17:00Z,6887.88,72.01,5368.91,60.26,4691.49,65.0,1332.58,72.69,887.54,58.39
2026-08-29T17:05Z,6915.85,76.51,5258.16,62.73,4751.7,69.09,1340.31,77.24,889.83,61.86
2026-08-29T17:10Z,6902.51,75.5,5302.15,62.73,4752.94,67.6,1324.35,74.89,897.32,60.53
2026-08-29T17:15Z,6873.62,72.63,5317.77,60.74,4659.16,65.0,1321.54,72.36,897.86,58.4
2026-08-29T17:20Z,6844.01,73.2,5370.78,61.65,4704.98,65.0,1308.91,72.0,896.39,58.2
2026-08-29T17:25Z,6885.55,73.25,5297.72,61.25,4693.56,65.0,1306.09,71.97,894.2,58.2
2026-08-29T17:30Z,6838.35,73.23,5351.44,61.66,4717.06,65.0,1304.43,72.23,895.41,58.0
2026-08-29T17:35Z,6861.46,75.51,5284.58,62.73,4726.51,67.55,1307.23,75.06,891.19,45.18
2026-08-29T17:40Z,6837.57,73.29,5294.41,61.27,4624.16,65.0,1304.95,72.58,893.67,45.18
2026-08-29T17:45Z,6871.15,73.34,5310.11,61.49,4588.52,65.0,1306.11,72.87,888.18,45.18
2026-08-29T17:50Z,6824.69,74.55,5303.52,62.73,4605.5,66.08,1299.48,101.0,882.04,59.37
2026-08-29T17:55Z,6763.61,73.41,5338.39,62.19,4611.87,65.0,1275.78,72.71,888.44,58.59
2026-08-29T18:00Z,6794.4,83.99,5357.88,70.72,4586.05,75.57,1292.34,86.44,892.03,68.55
2026-08-29T18:05Z,6758.91,72.23,5309.48,60.78,4600.91,65.0,1290.99,84.51,904.64,59.15
2026-08-29T18:10Z,6873.47,74.56,5366.59,62.79,4607.38,65.0,1293.66,86.44,909.59,58.78
2026-08-29T18:15Z,6845.17,73.99,5337.19,62.68,4600.49,65.0,1285.96,86.44,907.43,58.78
2026-08-29T18:20Z,6790.54,72.73,5293.16,60.98,4664.16,65.0,1293.41,86.44,918.29,58.96
2026-08-29T18:25Z,6802.88,73.33,5334.59,62.12,4663.42,65.0,1291.71,86.44,921.69,58.77
2026-08-29T18:30Z,6828.56,73.98,5364.26,62.73,4594.28,65.0,1278.35,71.9,918.96,58.59
2026-08-29T18:35Z,6889.69,81.17,5353.92,67.48,4658.14,71.33,1278.56,79.16,913.08,26.15
2026-08-29T18:40Z,6863.7,77.79,5373.07,64.69,4669.23,68.96,1296.43,77.23,905.18,61.54
2026-08-29T18:45Z,6841.01,76.66,5341.36,63.73,4683.39,68.0,1303.37,86.44,903.94,25.2
2026-08-29T18:50Z,6902.55,83.99,5376.4,70.29,4692.68,74.42,1288.65,86.44,897.33,60.2
2026-08-29T18:55Z,6918.71,83.99,5411.05,70.77,4595.42,73.77,1288.6,84.51,901.22,66.28
2026-08-29T19:00Z,6905.23,83.99,5457.35,70.81,4630.23,73.77,1286.93,86.44,915.3,66.5
2026-08-29T19:05Z,6949.71,77.73,5439.75,64.69,4596.01,67.67,1275.33,86.44,919.41,61.19
2026-08-29T19:10Z,6942.62,83.99,5436.59,69.46,4650.16,74.28,1262.72,84.51,903.53,66.95
2026-08-29T19:15Z,7007.14,86.94,5462.24,71.47,4740.51,77.49,1259.15,86.44,905.34,69.61
2026-08-29T19:20Z,7044.26,88.88,5486.65,74.02,4731.23,78.5,1240.6,86.44,892.68,70.51
2026-08-29T19:25Z,7027.1,83.99,5463.07,69.1,4741.1,74.87,1258.72,83.18,904.76,67.47
2026-08-29T19:30Z,6967.55,83.99,5472.85,69.06,4760.87,74.92,1259.21,82.61,898.63,67.51
2026-08-29T19:35Z,7075.12,77.05,5436.07,63.73,4761.45,67.61,1255.18,74.51,905.25,60.93
2026-08-29T19:40Z,6973.83,74.35,5473.89,61.91,4713.24,65.89,1277.87,73.1,922.37,60.14
2026-08-29T19:45Z,7113.15,75.32,5494.58,62.73,4700.11,65.12,1274.22,72.2,919.71,58.69
2026-08-29T19:50Z,7106.33,76.52,5504.09,63.73,4700.98,66.16,1276.56,73.96,927.38,59.82
2026-08-29T19:55Z,7148.13,83.99,5552.6,69.57,4729.09,73.19,1281.5,86.44,921.73,65.95
2026-08-29T20:00Z,7126.75,83.99,5552.09,68.7,4772.45,73.76,1277.64,86.44,931.14,66.89
2026-08-29T20:05Z,7218.08,83.99,5515.91,68.68,4804.73,73.14,1277.06,86.44,936.0,65.48
2026-08-29T20:10Z,7252.55,80.52,5530.27,64.95,4815.48,70.67,1276.89,78.51,941.51,63.27
2026-08-29T20:15Z,7370.11,83.99,5498.46,64.95,4905.25,74.31,1288.42,82.51,953.2,66.53
2026-08-29T20:20Z,7294.49,82.96,5502.4,64.95,4925.63,73.48,1294.61,81.98,970.74,66.0
2026-08-29T20:25Z,7354.89,83.64,5522.76,63.42,4955.78,73.48,1289.26,81.91,954.52,65.78
2026-08-29T20:30Z,7434.9,83.99,5560.34,63.73,4980.23,73.73,1277.52,86.44,956.69,66.0
2026-08-29T20:35Z,7461.56,83.99,5534.01,54.75,5015.07,73.48,1279.73,86.44,965.1,65.77
2026-08-29T20:40Z,7398.72,75.71,5522.79,49.5,5046.52,67.0,1272.16,73.91,974.75,60.16
2026-08-29T20:45Z,7395.25,72.85,5533.66,54.73,5076.67,65.0,1271.8,71.16,961.48,58.55
2026-08-29T20:50Z,7444.4,72.25,5462.62,52.97,5103.28,65.0,1282.14,72.03,974.06,59.11
2026-08-29T20:55Z,7382.49,68.14,5460.35,49.49,5160.49,62.86,1289.73,69.41,989.94,57.53
2026-08-29T21:00Z,7437.67,68.9,5374.68,5.28,5161.81,64.07,1295.45,69.41,997.86,58.82
2026-08-29T21:05Z,7356.95,68.73,5453.27,49.49,5197.77,65.0,1298.09,71.81,994.1,59.29
2026-08-29T21:10Z,7355.89,64.95,5374.65,49.49,5175.93,61.89,1292.1,69.41,989.1,56.28
2026-08-29T21:15Z,7309.58,46.52,5390.38,36.7,5205.56,44.0,1297.89,48.78,993.62,40.01
2026-08-29T21:20Z,7289.65,28.87,5358.47,2.07,5233.04,27.54,1301.6,30.53,993.84,25.2
2026-08-29T21:25Z,7188.24,27.06,5380.69,5.27,5294.79,26.7,1317.36,42.02,975.03,25.12
2026-08-29T21:30Z,7181.37,27.49,5380.69,10.22,5307.24,26.89,1296.79,30.04,956.01,25.14
2026-08-29T21:35Z,7081.37,22.97,5300.9,2.07,5318.26,24.0,1305.18,42.44,963.68,25.04
2026-08-29T21:40Z,6984.03,19.3,5244.41,2.07,5313.57,19.97,1272.82,21.93,962.17,23.12
2026-08-29T21:45Z,7008.68,14.2,5262.92,2.07,5398.78,21.09,1265.89,23.39,961.48,20.74
2026-08-29T21:50Z,6958.3,14.2,5210.79,0.0,5343.27,15.15,1271.27,17.1,961.78,15.08
2026-08-29T21:55Z,6821.21,15.37,5163.2,-2.15,5434.07,16.18,1244.7,17.99,955.97,15.08
2026-08-29T22:00Z,6830.87,20.1,5109.76,0.0,5397.97,21.13,1227.65,23.39,957.16,15.1
2026-08-29T22:05Z,6764.15,14.4,5146.53,0.0,5379.07,15.13,1206.66,23.42,952.06,15.1
2026-08-29T22:10Z,6738.86,14.2,5142.49,0.0,5506.22,14.89,1157.12,23.42,950.18,15.08
2026-08-29T22:15Z,6676.13,14.2,5163.68,0.0,5493.11,14.62,1124.74,18.2,943.93,14.81
2026-08-29T22:20Z,6644.85,14.2,4997.08,0.0,5516.21,14.38,1105.89,15.21,947.82,14.56
2026-08-29T22:25Z,6553.93,2.12,4990.32,0.0,5517.92,2.1,1093.44,23.42,947.54,2.12
2026-08-29T22:30Z,6467.81,10.47,4962.06,0.0,5522.23,10.5,1062.77,14.95,934.43,10.6
2026-08-29T22:35Z,6319.39,14.2,4853.66,-3.0,5463.49,14.24,1035.1,14.56,940.09,14.62
2026-08-29T22:40Z,6249.96,13.93,4860.97,-3.0,5505.3,13.74,1010.79,13.86,931.9,14.1
2026-08-29T22:45Z,6262.4,14.2,4809.25,-3.0,5512.66,13.76,992.44,14.02,928.65,14.17
2026-08-29T22:50Z,6195.13,2.12,4701.34,-3.0,5393.74,0.0,964.62,0.0,936.25,0.0
2026-08-29T22:55Z,6141.78,13.2,4631.3,-3.0,5452.46,10.5,928.33,10.42,939.67,10.81
2026-08-29T23:00Z,6026.57,10.78,4565.47,-3.0,5450.61,10.5,897.04,10.4,937.47,10.81
2026-08-29T23:05Z,5952.72,10.8,4479.66,-1.31,5352.46,10.5,863.7,7.67,924.92,10.88
2026-08-29T23:10Z,5969.1,19.46,4387.81,0.0,5440.99,19.2,845.09,18.08,921.1,19.83
2026-08-29T23:15Z,5774.55,14.2,4352.86,-3.0,5443.04,0.0,813.91,0.0,897.11,0.0
2026-08-29T23:20Z,5752.39,14.2,4289.23,-3.21,5398.57,0.0,795.02,0.0,891.85,0.0
2026-08-29T23:25Z,5712.07,14.2,4308.18,-3.21,5353.08,0.01,769.19,0.01,889.79,0.01
2026-08-29T23:30Z,5543.47,2.12,4280.63,-3.21,5233.84,0.0,734.85,0.0,880.74,0.0
2026-08-29T23:35Z,5441.4,5.07,4247.41,-3.22,5222.45,5.05,711.3,4.71,878.71,5.15
2026-08-29T23:40Z,5468.27,14.2,4192.6,-3.22,5252.8,5.05,679.68,4.54,873.72,5.15
2026-08-29T23:45Z,5319.5,14.2,4119.47,-3.22,5218.28,8.94,639.93,7.96,860.21,9.09
2026-08-29T23:50Z,5307.35,14.2,4049.5,-3.22,5145.48,0.0,606.88,0.0,852.03,0.0
2026-08-29T23:55Z,5246.25,2.12,4086.31,-3.3,5094.54,0.0,580.37,0.0,852.77,0.0
2026-08-30T00:00Z,5227.89,10.45,4021.01,-3.3,5077.64,10.5,563.06,9.49,836.68,10.61
2026-08-30T00:05Z,5088.52,15.05,4135.9,-3.22,5030.4,15.98,508.26,14.19,836.32,16.3
2026-08-30T00:10Z,5127.18,18.87,4124.66,-3.22,4978.66,19.18,485.11,16.67,875.94,19.75
2026-08-30T00:15Z,5011.02,14.2,4161.54,-3.22,4933.17,14.66,465.17,12.74,879.49,15.2
2026-08-30T00:20Z,4932.3,14.2,4116.57,-3.22,4951.26,14.55,461.14,12.69,866.07,15.08
2026-08-30T00:25Z,4797.66,2.12,4130.19,-3.22,4899.46,2.14,447.46,1.86,850.75,2.21
2026-08-30T00:30Z,4794.61,10.56,4052.39,-3.22,4773.4,10.69,408.64,9.24,849.58,11.05
2026-08-30T00:35Z,4638.55,2.12,4097.43,-3.22,4717.79,2.16,393.65,1.86,836.29,2.24
2026-08-30T00:40Z,4656.48,2.12,4102.31,-3.22,4659.42,2.11,409.99,1.84,825.43,2.18
2026-08-30T00:45Z,4624.75,2.12,4071.45,-3.22,4603.8,2.09,386.99,1.81,828.84,2.16
2026-08-30T00:50Z,4526.8,0.0,4141.68,-3.21,4520.53,0.0,369.96,0.0,825.06,0.0
2026-08-30T00:55Z,4547.01,2.12,4196.66,-3.0,4387.92,2.09,361.73,1.86,812.16,2.14
2026-08-30T01:00Z,4456.13,0.0,4131.97,-3.21,4318.45,0.0,348.91,0.0,800.56,0.0
2026-08-30T01:05Z,4473.23,4.94,4164.1,-3.0,4292.08,5.05,334.58,-4.21,810.15,5.21
2026-08-30T01:10Z,4566.18,8.89,4286.88,-1.31,4400.02,8.94,302.22,7.76,803.18,9.21
2026-08-30T01:15Z,4532.02,8.83,4164.98,-3.21,4366.1,8.94,262.58,7.87,807.5,9.21
2026-08-30T01:20Z,4462.22,2.12,4041.5,-3.22,4304.87,2.19,209.24,1.91,796.7,2.25
2026-08-30T01:25Z,4465.25,1.0,4118.41,-3.0,4286.88,1.01,183.05,0.88,806.64,1.04
2026-08-30T01:30Z,4472.99,0.0,4057.71,-3.21,4215.69,0.0,162.04,0.0,804.56,0.0
2026-08-30T01:35Z,4337.59,0.0,4082.16,-3.22,4152.79,0.0,148.54,0.0,796.44,0.0
2026-08-30T01:40Z,4335.66,2.12,4085.51,-3.22,3993.56,-1.25,132.96,-1.1,795.49,-1.28
2026-08-30T01:45Z,4252.88,-3.51,4042.19,-3.22,4005.0,-3.5,125.08,-3.09,778.69,-3.56
2026-08-30T01:50Z,4238.06,-4.81,3938.62,-6.0,3925.93,-4.79,112.84,-4.18,768.24,-4.86
2026-08-30T01:55Z,4258.02,-5.06,3995.78,-4.28,3796.67,-5.03,108.05,-4.47,776.92,-5.11
2026-08-30T02:00Z,4271.1,-5.19,3926.06,-4.45,3658.25,-5.03,105.27,-4.46,771.17,-5.09
2026-08-30T02:05Z,4189.6,-4.94,3911.73,-4.23,3582.5,-4.86,88.26,-4.32,772.93,-4.95
2026-08-30T02:10Z,4311.79,-6.63,3898.15,-5.53,3536.6,-6.5,42.89,-5.72,758.66,-6.58
2026-08-30T02:15Z,4290.0,-6.63,3860.73,-5.6,3493.77,-6.5,44.24,-5.68,754.64,-6.58
2026-08-30T02:20Z,4211.07,-6.74,3859.39,-5.88,3431.25,-6.5,22.61,-5.63,773.73,-6.6
2026-08-30T02:25Z,4136.61,-7.44,3877.6,-6.29,3396.94,-7.35,24.98,-6.5,773.57,-7.47
2026-08-30T02:30Z,4198.46,-6.71,3813.11,-7.25,3348.07,-6.73,23.4,-6.02,790.2,-6.88
2026-08-30T02:35Z,4188.96,-8.1,3793.59,-7.02,3299.64,-7.86,21.54,-7.14,771.78,-8.01
2026-08-30T02:40Z,4210.11,-8.05,3774.39,-7.01,3204.21,-8.0,35.09,-7.31,786.71,-8.21
2026-08-30T02:45Z,4165.65,-8.47,3770.65,-7.34,3170.62,-8.56,41.43,-7.96,788.27,-8.82
2026-08-30T02:50Z,4128.31,-8.6,3781.7,-7.5,3192.57,-8.69,33.91,-8.04,785.35,-8.92
2026-08-30T02:55Z,4286.24,-8.1,3762.28,-7.01,3202.46,-8.24,23.8,-7.58,796.96,-8.48
2026-08-30T03:00Z,4222.96,-8.01,3818.94,-6.81,3112.18,-8.01,7.03,-7.4,809.76,-8.27
2026-08-30T03:05Z,4135.99,-8.53,3800.55,-7.25,3113.14,-8.53,7.24,-7.88,815.93,-8.81
2026-08-30T03:10Z,4232.76,-8.47,3823.65,-7.25,3093.03,-8.4,12.4,-7.74,794.64,-8.62
2026-08-30T03:15Z,4175.46,-8.03,3847.76,-7.01,3079.31,-8.16,3.11,-7.6,782.33,-8.35
2026-08-30T03:20Z,4116.15,-8.25,3852.7,-7.34,3075.82,-8.11,-12.83,-7.52,781.59,-8.3
2026-08-30T03:25Z,4123.48,-8.19,3932.15,-7.34,2959.6,-8.12,0.38,-7.54,784.51,-8.31
2026-08-30T03:30Z,4112.28,-9.33,3849.06,-8.41,2942.22,-9.17,-3.06,-8.42,779.61,-9.38
2026-08-30T03:35Z,4088.37,-8.95,3846.73,-7.81,3018.45,-9.16,-13.81,-8.4,786.73,-9.41
2026-08-30T03:40Z,4163.41,-8.47,3884.35,-7.39,2991.79,-8.59,-14.32,-8.0,804.21,-8.85
2026-08-30T03:45Z,4175.53,-9.33,3889.18,-8.63,2941.85,-8.95,-5.37,-8.02,813.92,-9.24
2026-08-30T03:50Z,4111.69,-9.43,3931.89,-8.89,2933.36,-8.98,-0.48,-8.05,806.89,-9.24
2026-08-30T03:55Z,4195.02,-9.23,3998.1,-8.71,2927.92,-16.51,8.61,-14.99,798.55,-17.33
2026-08-30T04:00Z,4240.22,-9.36,4079.76,-8.51,2962.38,-20.0,22.39,-18.31,798.17,-20.99
2026-08-30T04:05Z,4331.73,-9.57,4166.37,-8.71,2878.18,-16.69,18.03,-15.46,798.0,-17.52
2026-08-30T04:10Z,4284.48,-8.01,4221.89,-7.25,2839.09,-10.94,25.01,-10.1,784.31,-11.37
2026-08-30T04:15Z,4401.43,-8.72,4280.98,-8.0,2897.38,-8.3,26.78,-7.48,801.49,-8.68
2026-08-30T04:20Z,4470.55,-4.61,4253.12,-4.09,2902.87,-14.53,19.53,-13.04,792.23,-15.01
2026-08-30T04:25Z,4522.44,-3.29,4334.28,-3.0,2934.67,-8.01,26.18,-7.19,773.91,-8.17
2026-08-30T04:30Z,4571.77,-8.48,4396.76,-7.5,2883.59,-14.35,28.82,-13.45,790.46,-15.01
2026-08-30T04:35Z,4665.16,-8.03,4478.69,-7.25,2974.0,-14.44,64.78,-13.76,798.02,-15.01
2026-08-30T04:40Z,4712.41,-7.97,4492.2,-7.01,3035.82,-10.69,76.06,-10.27,789.97,-10.94
2026-08-30T04:45Z,4790.23,-7.16,4490.48,-6.14,3065.47,-14.58,87.51,-14.12,802.76,-15.01
2026-08-30T04:50Z,4826.16,-6.9,4631.92,-6.0,3111.28,-10.42,117.71,-6.51,810.58,-10.76
2026-08-30T04:55Z,4961.36,0.0,4676.29,0.0,3090.09,-14.49,110.9,-13.98,819.22,-15.01
2026-08-30T05:00Z,4994.68,-6.94,4680.18,-6.0,3216.29,-8.0,150.16,-7.79,821.34,-8.21
2026-08-30T05:05Z,5107.71,-3.44,4802.53,-3.0,3267.5,-14.49,134.9,-6.02,822.11,-15.01
2026-08-30T05:10Z,5194.71,-3.44,4780.96,-3.0,3205.46,-14.35,158.94,-6.5,848.49,-15.01
2026-08-30T05:15Z,5332.39,-6.93,4780.3,-6.0,3324.18,-8.0,178.46,-6.5,852.12,-8.26
2026-08-30T05:20Z,5436.62,-5.84,4916.61,-5.0,3432.13,-8.0,197.28,-7.73,856.38,-8.31
2026-08-30T05:25Z,5487.21,-6.67,4895.89,-6.01,3458.3,-8.0,240.93,-7.78,876.56,-8.34
2026-08-30T05:30Z,5549.87,-3.35,5021.59,-3.0,3514.85,-7.51,269.67,-7.34,891.56,-7.83
2026-08-30T05:35Z,5731.8,-6.86,5021.56,-6.0,3503.9,-8.0,278.57,-7.77,894.03,-8.36
2026-08-30T05:40Z,5911.25,-2.01,5170.94,-1.73,3663.28,-8.0,315.28,-7.71,900.18,-8.39
2026-08-30T05:45Z,6036.39,27.88,5257.32,24.99,3755.0,-3.5,356.13,-3.29,899.89,-3.67
2026-08-30T05:50Z,6060.04,24.11,5365.22,21.84,3756.22,-0.1,350.04,-1.1,906.1,-0.1
2026-08-30T05:55Z,6187.9,27.58,5402.64,24.99,3877.23,-0.1,341.67,-0.09,916.05,-0.1
2026-08-30T06:00Z,6276.97,33.51,5537.03,31.01,3940.31,-0.1,367.81,-0.82,925.44,-0.11
2026-08-30T06:05Z,6420.26,60.98,5638.74,54.73,4058.13,5.05,400.28,4.76,931.15,5.33
2026-08-30T06:10Z,6552.17,25.22,5638.81,22.85,4114.4,10.5,455.6,9.76,933.13,11.04
2026-08-30T06:15Z,6743.03,36.26,5728.99,32.48,4216.17,16.23,456.23,14.94,948.29,17.06
2026-08-30T06:20Z,6766.89,47.89,5874.27,44.35,4241.11,15.54,497.15,14.13,948.79,16.38
2026-08-30T06:25Z,6974.78,58.99,5896.54,55.36,4409.14,55.71,542.94,50.82,957.86,57.99
2026-08-30T06:30Z,7126.68,87.02,6064.15,81.82,4478.04,80.25,563.54,73.6,973.42,83.53
2026-08-30T06:35Z,7212.51,83.37,6147.03,80.0,4552.07,20.68,586.1,19.68,963.52,15.14
2026-08-30T06:40Z,7386.63,82.9,6139.73,79.51,4725.89,34.0,675.42,32.7,985.39,23.58
2026-08-30T06:45Z,7502.92,89.45,6285.76,85.39,4885.56,29.41,705.61,28.29,995.63,28.12
2026-08-30T06:50Z,7665.06,82.9,6395.56,78.52,5002.55,74.78,749.88,71.74,994.64,71.78
2026-08-30T06:55Z,7781.94,95.2,6531.34,89.73,5011.01,86.01,793.17,86.44,1019.14,82.7
2026-08-30T07:00Z,7912.16,95.2,6570.22,91.19,5187.67,88.32,844.17,86.44,1035.05,85.09
2026-08-30T07:05Z,7954.86,84.22,6684.34,81.82,5345.2,75.9,880.09,86.44,1037.03,25.22
2026-08-30T07:10Z,7971.14,89.0,6668.06,84.26,5476.05,82.47,947.93,106.04,1047.47,74.02
2026-08-30T07:15Z,8073.69,95.2,6695.49,88.49,5465.89,88.28,975.75,100.32,1066.04,79.49
2026-08-30T07:20Z,8096.21,95.2,6769.61,88.58,5615.01,90.5,1050.85,145.12,1084.92,81.73
2026-08-30T07:25Z,8256.42,102.57,6901.22,93.73,5750.25,96.26,1042.25,130.0,1073.08,86.36
2026-08-30T07:30Z,8235.69,111.49,6936.52,99.89,5837.97,107.56,1100.24,109.46,1097.15,97.1
2026-08-30T07:35Z,8308.43,108.19,7041.18,99.69,5941.24,105.48,1199.93,106.63,1114.4,94.91
2026-08-30T07:40Z,8405.48,97.63,7005.92,89.73,5919.31,97.12,1245.8,99.62,1110.64,87.11
2026-08-30T07:45Z,8536.97,100.39,7040.87,91.94,5958.76,99.32,1298.0,101.02,1111.98,89.08
2026-08-30T07:50Z,8559.05,103.67,7060.55,93.73,6049.17,105.38,1353.57,110.82,1135.35,94.81
2026-08-30T07:55Z,8564.65,109.03,7113.23,99.27,6207.54,111.98,1378.32,118.2,1136.66,101.04
2026-08-30T08:00Z,8587.54,102.44,7213.67,92.79,6259.94,105.48,1419.4,109.03,1149.21,95.48
2026-08-30T08:05Z,8776.63,97.03,7225.61,92.51,6297.36,96.74,1439.56,101.25,1154.17,88.16
2026-08-30T08:10Z,8881.47,111.98,7229.91,102.09,6345.93,111.98,1501.57,117.63,1132.97,101.01
2026-08-30T08:15Z,8834.41,99.24,7238.15,91.67,6368.87,100.1,1492.22,105.08,1119.77,89.71
2026-08-30T08:20Z,8878.56,110.82,7223.17,97.28,6472.13,111.98,1522.04,116.27,1122.83,100.02
2026-08-30T08:25Z,8843.99,104.25,7225.72,93.21,6468.25,105.48,1533.0,109.24,1127.66,94.22
2026-08-30T08:30Z,8897.18,95.2,7224.05,86.81,6510.36,97.83,1557.68,102.19,1123.32,88.22
2026-08-30T08:35Z,9079.37,111.72,7195.64,99.89,6612.93,113.19,1568.89,116.81,1121.83,101.73
2026-08-30T08:40Z,8960.47,104.95,7161.79,93.21,6643.92,109.2,1589.47,115.09,1118.19,98.13
2026-08-30T08:45Z,8931.23,101.39,7174.34,89.49,6612.07,105.48,1593.5,107.83,1141.54,95.41
2026-08-30T08:50Z,8908.42,111.02,7179.09,99.89,6594.82,112.86,1618.56,115.62,1145.43,102.42
2026-08-30T08:55Z,8781.99,96.94,7156.57,88.88,6601.13,100.88,1635.63,105.08,1132.88,91.54
2026-08-30T09:00Z,8848.25,95.2,7043.95,85.29,6570.32,98.52,1647.54,105.08,1138.98,89.4
2026-08-30T09:05Z,8882.55,106.85,7075.77,96.01,6601.3,108.82,1651.66,115.67,1140.26,99.06
2026-08-30T09:10Z,8803.79,105.29,7032.9,94.56,6624.01,105.48,1636.37,109.82,1135.87,94.5
2026-08-30T09:15Z,8801.67,98.09,6970.01,89.73,6632.74,97.71,1653.79,101.02,1137.25,87.53
2026-08-30T09:20Z,8856.75,100.82,6994.73,90.49,6607.26,101.59,1661.01,105.08,1131.5,91.01
2026-08-30T09:25Z,8820.53,98.22,6919.71,88.07,6533.83,99.2,1654.75,105.08,1138.22,89.17
2026-08-30T09:30Z,8750.46,95.2,6942.08,85.39,6504.51,96.18,1661.38,102.74,1136.39,86.19
2026-08-30T09:35Z,8875.02,102.28,6860.63,90.49,6589.98,104.09,1654.02,109.68,1128.77,93.26
2026-08-30T09:40Z,8787.6,95.91,6840.84,84.83,6565.5,99.29,1661.07,105.14,1117.95,88.67
2026-08-30T09:45Z,8780.18,103.55,6909.17,90.52,6577.58,105.48,1653.95,111.18,1121.03,94.5
2026-08-30T09:50Z,8741.34,102.86,6892.04,90.49,6552.71,105.48,1646.83,110.73,1117.75,94.5
2026-08-30T09:55Z,8653.37,95.2,6811.85,83.67,6596.94,100.2,1645.67,106.4,1114.24,89.77
2026-08-30T10:00Z,8700.41,95.2,6790.55,83.11,6563.19,99.35,1645.5,105.08,1102.55,88.72
2026-08-30T10:05Z,8758.69,97.63,6737.94,83.57,6464.09,100.92,1643.65,106.03,1103.92,90.43
2026-08-30T10:10Z,8688.35,102.07,6719.09,85.71,6474.21,105.48,1628.93,110.72,1115.42,94.82
2026-08-30T10:15Z,8614.82,95.2,6749.74,81.0,6541.77,100.08,1628.5,105.38,1108.17,89.67
2026-08-30T10:20Z,8706.29,97.63,6795.6,83.63,6475.85,101.72,1631.01,107.59,1101.92,90.85
2026-08-30T10:25Z,8638.0,95.2,6707.29,80.44,6438.95,98.45,1636.46,105.08,1098.15,87.93
2026-08-30T10:30Z,8701.18,95.2,6690.15,79.41,6458.48,97.54,1622.95,103.13,1111.15,87.12
2026-08-30T10:35Z,8744.57,98.35,6652.25,79.75,6418.11,104.08,1622.81,107.97,1087.75,88.22
2026-08-30T10:40Z,8688.88,104.3,6843.62,87.73,6430.1,110.42,1622.15,114.52,1077.96,98.93
2026-08-30T10:45Z,8669.76,95.2,6746.57,79.99,6303.27,100.43,1610.66,105.08,1091.57,90.02
2026-08-30T10:50Z,8538.48,95.2,6679.41,79.93,6338.89,99.99,1618.67,105.08,1085.31,89.61
2026-08-30T10:55Z,8624.16,95.2,6721.47,79.96,6270.5,99.82,1611.23,104.9,1096.26,89.48
2026-08-30T11:00Z,8536.29,95.2,6673.07,80.94,6250.69,99.85,1606.24,105.08,1096.57,89.79
2026-08-30T11:05Z,8520.76,95.2,6606.72,80.86,6270.78,98.26,1610.62,104.9,1084.77,88.36
2026-08-30T11:10Z,8521.86,104.74,6673.66,88.88,6268.89,105.48,1601.68,110.38,1091.35,94.85
2026-08-30T11:15Z,8411.06,103.07,6665.89,87.62,6248.56,105.48,1584.94,109.89,1085.47,94.85
2026-08-30T11:20Z,8413.03,100.38,6610.44,84.73,6225.78,102.69,1583.72,107.01,1085.95,92.35
2026-08-30T11:25Z,8373.17,99.17,6699.45,84.73,6178.89,100.53,1560.6,105.08,1082.79,90.4
2026-08-30T11:30Z,8326.65,95.2,6682.65,81.46,6080.95,95.7,1560.13,101.02,1066.79,85.8
2026-08-30T11:35Z,8270.54,97.85,6615.63,84.73,6068.74,99.16,1555.4,103.37,1066.65,89.19
2026-08-30T11:40Z,8311.65,103.99,6600.69,88.88,6127.0,105.48,1552.55,108.13,1059.54,94.86
2026-08-30T11:45Z,8305.72,103.35,6551.26,87.73,6059.53,104.54,1532.22,106.26,1050.7,93.73
2026-08-30T11:50Z,8145.16,95.2,6519.69,80.27,5970.3,96.62,1532.9,101.1,1055.12,86.92
2026-08-30T11:55Z,8146.7,95.2,6511.52,80.78,5966.55,96.21,1525.32,101.02,1054.06,86.83
2026-08-30T12:00Z,8136.23,95.17,6428.24,79.65,5908.61,95.44,1518.68,101.02,1043.36,85.59
2026-08-30T12:05Z,8178.69,94.19,6323.93,78.73,5861.91,92.08,1508.04,98.56,1026.39,82.58
2026-08-30T12:10Z,8141.27,95.2,6320.5,79.57,5785.29,92.25,1496.14,98.37,1025.19,82.74
2026-08-30T12:15Z,8091.63,95.2,6366.93,80.12,5760.91,91.49,1486.11,96.78,1020.77,82.06
2026-08-30T12:20Z,8095.31,95.2,6370.2,80.13,5816.96,92.98,1476.32,98.24,1016.9,83.12
2026-08-30T12:25Z,8111.46,94.71,6165.41,78.52,5779.11,92.42,1473.45,97.25,1012.68,82.62
2026-08-30T12:30Z,8075.63,93.58,6159.86,78.07,5686.01,90.5,1451.96,94.9,1000.85,60.22
2026-08-30T12:35Z,8050.16,100.46,6080.66,84.27,5699.75,97.15,1448.07,101.02,1006.8,87.42
2026-08-30T12:40Z,7960.8,94.5,6054.78,78.73,5669.21,92.1,1435.95,96.89,999.46,82.89
2026-08-30T12:45Z,8007.5,94.91,6030.07,78.54,5625.53,91.59,1413.11,95.48,1003.36,82.69
2026-08-30T12:50Z,7922.74,93.74,6046.79,78.52,5563.5,90.5,1426.78,94.46,987.75,81.46
2026-08-30T12:55Z,7906.6,85.88,6016.46,71.97,5514.9,82.83,1403.62,86.44,994.38,74.57
2026-08-30T13:00Z,7875.34,93.69,6022.89,78.52,5513.43,90.5,1388.34,86.44,984.75,81.2
2026-08-30T13:05Z,7863.87,87.55,5936.05,72.83,5484.66,81.68,1377.78,85.45,986.25,73.53
2026-08-30T13:10Z,7797.24,97.68,5967.12,80.27,5575.76,90.5,1379.52,93.48,979.66,81.19
2026-08-30T13:15Z,7847.26,103.83,5963.86,78.73,5652.72,96.15,1370.29,99.12,978.93,86.25
2026-08-30T13:20Z,7757.3,94.9,6004.14,78.52,5638.66,89.29,1362.17,86.44,975.02,80.09
2026-08-30T13:25Z,7708.12,95.41,5941.27,78.52,5630.16,90.5,1352.92,92.19,970.24,80.92
2026-08-30T13:30Z,7708.09,84.79,5880.08,69.62,5618.84,80.42,1356.55,83.22,968.66,71.91
2026-08-30T13:35Z,7616.37,94.51,5934.08,78.52,5590.03,90.5,1380.21,92.76,961.57,80.92
2026-08-30T13:40Z,7630.91,94.99,5917.08,78.52,5575.66,91.0,1390.89,93.74,966.31,81.64
2026-08-30T13:45Z,7587.43,95.2,5891.29,78.52,5551.39,92.61,1380.88,97.2,961.52,83.35
2026-08-30T13:50Z,7576.48,93.82,5905.34,78.03,5476.61,90.5,1373.8,92.52,952.36,81.46
2026-08-30T13:55Z,7569.53,94.43,5895.64,78.52,5392.25,91.31,1363.29,93.74,953.11,81.94
2026-08-30T14:00Z,7521.08,93.98,5890.95,78.52,5449.24,91.31,1357.86,92.91,948.89,81.93
2026-08-30T14:05Z,7582.55,94.79,5803.14,78.73,5459.95,91.31,1366.98,93.65,945.51,81.93
2026-08-30T14:10Z,7633.19,95.2,5809.68,78.73,5383.76,91.31,1395.78,94.62,953.54,81.94
2026-08-30T14:15Z,7624.64,101.87,5789.17,84.06,5435.02,99.06,1399.0,101.02,954.45,88.89
2026-08-30T14:20Z,7587.79,99.86,5768.73,82.39,5418.09,97.29,1435.71,101.02,946.97,87.02
2026-08-30T14:25Z,7538.19,94.87,5733.25,78.73,5411.27,91.73,1440.81,96.79,940.44,82.05
2026-08-30T14:30Z,7500.53,95.2,5694.22,78.54,5366.08,92.79,1439.66,98.34,932.21,82.71
2026-08-30T14:35Z,7526.9,94.61,5624.02,77.91,5264.99,91.31,1420.72,96.38,928.58,81.69
2026-08-30T14:40Z,7499.8,99.01,5600.43,78.52,5324.46,97.08,1450.72,101.04,929.58,86.85
2026-08-30T14:45Z,7478.2,99.01,5592.29,78.52,5294.69,96.63,1460.21,101.04,929.66,86.44
2026-08-30T14:50Z,7403.43,99.01,5561.05,78.54,5258.1,96.57,1462.74,101.04,943.82,86.68
2026-08-30T14:55Z,7435.97,99.01,5553.52,78.73,5172.62,96.52,1466.6,101.08,930.09,86.36
2026-08-30T15:00Z,7373.61,96.65,5565.6,78.54,5124.13,94.54,1463.59,101.02,934.86,84.6
2026-08-30T15:05Z,7352.9,116.02,5532.74,84.73,5102.07,123.52,1451.01,130.44,941.55,110.9
2026-08-30T15:10Z,7248.89,99.01,5588.78,80.49,5176.7,123.99,1418.83,130.12,937.47,110.95
2026-08-30T15:15Z,7213.09,84.79,5547.14,71.12,5161.05,95.33,1406.94,100.4,939.68,85.86
2026-08-30T15:20Z,7242.24,91.6,5501.17,77.26,5069.98,91.31,1401.27,96.24,940.69,82.51
2026-08-30T15:25Z,7208.55,92.36,5483.92,78.38,5046.95,91.31,1394.48,95.86,937.75,82.51
2026-08-30T15:30Z,7142.26,94.33,5453.45,78.52,5041.56,123.99,1383.81,22.2,932.57,111.69
2026-08-30T15:35Z,7127.12,83.34,5475.45,69.4,5063.54,123.99,1394.3,86.44,927.69,111.33
2026-08-30T15:40Z,7103.19,83.34,5501.09,69.87,5025.85,97.41,1397.56,102.36,933.67,87.47
2026-08-30T15:45Z,7120.51,84.79,5490.91,70.62,4981.67,91.31,1390.59,97.77,927.22,81.73
2026-08-30T15:50Z,7196.96,96.2,5419.96,78.54,4950.46,93.51,1402.43,86.44,931.74,83.98
2026-08-30T15:55Z,7200.4,104.49,5420.24,84.73,4942.56,134.68,1417.86,47.97,925.6,120.56
2026-08-30T16:00Z,7174.37,92.29,5381.72,75.28,4925.45,91.31,1432.93,70.44,927.99,82.79
2026-08-30T16:05Z,7103.07,89.13,5416.5,73.23,4920.59,91.31,1434.0,70.44,924.42,82.27
2026-08-30T16:10Z,7094.54,96.22,5375.65,78.52,4835.48,124.12,1436.02,70.44,931.66,112.2
2026-08-30T16:15Z,7026.36,103.74,5435.99,84.73,4872.45,128.41,1431.4,86.44,937.33,116.08
2026-08-30T16:20Z,7037.19,97.09,5379.23,78.73,4875.54,95.98,1415.24,69.73,933.17,86.49
2026-08-30T16:25Z,6987.5,97.63,5417.55,78.73,4857.73,132.75,1422.4,47.97,918.86,119.23
2026-08-30T16:30Z,6895.14,96.17,5409.57,78.52,4847.42,130.45,1425.4,70.44,934.75,117.55
2026-08-30T16:35Z,6885.27,96.8,5416.02,78.54,4846.8,128.62,1423.47,70.44,939.33,115.9
2026-08-30T16:40Z,6850.94,97.8,5333.24,78.73,4841.39,124.12,1425.85,69.73,937.81,111.85
2026-08-30T16:45Z,6850.18,105.1,5402.8,84.73,4758.42,124.12,1426.89,70.44,935.44,111.86
2026-08-30T16:50Z,6860.0,104.38,5458.6,84.73,4740.8,104.03,1415.01,69.73,944.49,94.07
2026-08-30T16:55Z,6886.66,97.63,5408.25,79.72,4808.05,96.4,1385.22,70.44,941.31,87.16
2026-08-30T17:00Z,6835.59,96.86,5352.91,78.54,4785.37,95.64,1379.69,69.73,947.15,86.47
2026-08-30T17:05Z,6819.17,105.09,5402.62,84.73,4803.66,124.12,1382.74,70.44,942.42,111.86
2026-08-30T17:10Z,6899.26,97.51,5305.02,78.54,4775.02,96.17,1378.71,70.44,942.46,86.67
2026-08-30T17:15Z,6866.66,97.63,5326.19,78.73,4809.68,97.15,1385.55,88.06,942.46,87.83
2026-08-30T17:20Z,6885.39,97.5,5325.59,78.54,4770.45,96.23,1385.12,88.06,950.11,87.01
2026-08-30T17:25Z,6826.91,95.54,5404.87,78.52,4774.18,93.54,1376.14,47.97,949.22,84.3
2026-08-30T17:30Z,6745.24,93.76,5401.03,78.52,4691.01,91.89,1393.75,70.44,955.24,82.83
2026-08-30T17:35Z,6774.86,96.19,5407.79,78.54,4744.69,95.74,1365.17,69.73,943.88,85.74
2026-08-30T17:40Z,6798.9,92.35,5412.37,76.87,4788.82,90.5,1376.59,69.73,950.49,81.3
2026-08-30T17:45Z,6844.46,84.79,5364.45,70.07,4676.48,82.33,1373.7,71.2,947.44,73.98
2026-08-30T17:50Z,6838.46,99.01,5376.04,78.73,4752.36,96.82,1349.52,86.44,952.14,86.98
2026-08-30T17:55Z,6774.66,94.01,5373.44,77.72,4753.16,90.5,1348.2,70.44,948.39,81.31
2026-08-30T18:00Z,6850.35,92.55,5445.39,78.52,4771.74,89.03,1346.0,70.44,954.92,79.98
2026-08-30T18:05Z,6842.47,86.9,5375.95,72.73,4787.51,86.27,1332.27,70.44,953.01,76.99
2026-08-30T18:10Z,6854.93,84.87,5421.14,70.18,4722.55,86.27,1333.91,70.44,968.0,77.27
2026-08-30T18:15Z,6792.39,73.42,5495.85,62.73,4747.69,74.05,1329.27,76.97,974.74,66.53
2026-08-30T18:20Z,6890.04,84.89,5486.55,71.15,4748.32,86.27,1332.32,84.44,968.69,77.51
2026-08-30T18:25Z,6872.52,91.24,5512.04,78.46,4827.92,90.5,1316.22,70.44,977.48,81.56
2026-08-30T18:30Z,6938.86,83.73,5567.84,72.5,4816.91,81.68,1314.22,70.44,982.36,73.62
2026-08-30T18:35Z,6910.64,83.99,5552.01,71.8,4817.34,82.63,1320.35,84.43,979.73,74.0
2026-08-30T18:40Z,6922.98,83.99,5594.31,72.76,4861.02,81.95,1314.61,83.65,987.02,73.62
2026-08-30T18:45Z,6958.96,90.18,5715.08,78.73,4871.3,88.65,1302.39,70.44,991.9,79.64
2026-08-30T18:50Z,6984.31,88.88,5700.51,76.6,4905.73,90.5,1309.22,70.44,981.05,81.03
2026-08-30T18:55Z,6990.07,88.88,5734.92,76.63,4852.8,88.17,1328.21,89.75,979.95,78.95
2026-08-30T19:00Z,6994.66,84.79,5729.03,73.1,4864.15,82.68,1308.95,84.44,996.2,74.28
2026-08-30T19:05Z,7080.07,84.79,5743.08,72.66,4936.34,84.67,1304.56,28.5,998.04,51.22
2026-08-30T19:10Z,7216.19,92.04,5792.7,78.73,5026.79,90.5,1313.65,84.44,1009.92,52.22
2026-08-30T19:15Z,7161.89,90.36,5873.9,78.54,5037.54,90.33,1305.65,84.44,1020.32,81.13
2026-08-30T19:20Z,7187.11,97.36,5981.27,84.73,5135.25,97.36,1304.1,70.44,1024.61,87.71
2026-08-30T19:25Z,7321.71,97.63,5924.49,83.84,5179.21,98.4,1314.1,84.44,1025.14,88.64
2026-08-30T19:30Z,7354.37,93.66,5950.32,80.44,5234.46,94.36,1309.2,70.44,1031.45,85.27
2026-08-30T19:35Z,7353.59,101.38,6070.19,88.88,5187.84,99.79,1336.34,10.16,1038.85,89.61
2026-08-30T19:40Z,7424.38,87.35,6054.53,78.54,5242.49,88.19,1362.29,70.44,1046.09,79.94
2026-08-30T19:45Z,7468.61,91.46,6135.02,78.73,5365.67,91.59,1353.14,69.41,1050.52,83.01
2026-08-30T19:50Z,7554.08,102.5,6157.21,87.73,5424.77,102.7,1368.06,70.44,1058.85,92.19
2026-08-30T19:55Z,7598.48,103.45,6193.09,87.47,5435.06,103.7,1380.14,55.9,1069.91,93.38
2026-08-30T20:00Z,7719.47,113.09,6184.65,93.21,5548.45,113.36,1380.58,70.44,1075.75,102.06
2026-08-30T20:05Z,7865.83,90.36,6239.0,76.92,5594.02,90.5,1374.03,55.9,1082.82,81.22
2026-08-30T20:10Z,7976.72,107.6,6318.82,90.51,5732.69,107.1,1402.67,104.1,1111.8,96.1
2026-08-30T20:15Z,8110.79,86.81,6374.84,74.95,5761.76,84.83,1367.48,81.91,1136.43,76.85
2026-08-30T20:20Z,8224.71,101.44,6412.44,87.73,5914.37,96.12,1384.9,70.44,1144.38,87.2
2026-08-30T20:25Z,8377.35,95.2,6426.07,83.29,5920.37,90.5,1398.78,70.44,1157.19,82.49
2026-08-30T20:30Z,8459.32,100.84,6499.09,87.73,6022.12,95.69,1413.61,69.41,1166.38,86.65
2026-08-30T20:35Z,8425.41,95.2,6416.54,80.16,6071.64,89.0,1426.21,69.41,1171.3,79.82
2026-08-30T20:40Z,8527.92,92.87,6531.83,77.82,6154.3,90.5,1446.15,69.41,1197.56,81.42
2026-08-30T20:45Z,8664.64,93.1,6540.99,78.52,6302.39,89.45,1498.9,70.44,1208.86,80.71
2026-08-30T20:50Z,8608.71,87.43,6561.29,72.83,6386.69,89.0,1504.38,70.44,1227.45,80.81
2026-08-30T20:55Z,8706.01,87.15,6509.62,49.5,6449.38,88.74,1519.34,84.44,1238.31,80.06
2026-08-30T21:00Z,8715.2,83.99,6509.46,49.49,6520.72,92.96,1528.29,88.82,1245.62,83.86
2026-08-30T21:05Z,8792.55,83.99,6471.78,49.5,6604.14,88.04,1542.29,59.55,1232.54,78.64
2026-08-30T21:10Z,8680.75,82.9,6480.76,49.5,6651.38,88.04,1567.26,83.64,1233.23,78.36
2026-08-30T21:15Z,8679.73,71.4,6394.89,47.99,6636.85,74.2,1551.01,70.44,1248.75,66.49
2026-08-30T21:20Z,8569.97,65.51,6414.13,49.49,6788.24,68.48,1563.91,64.73,1251.51,61.55
2026-08-30T21:25Z,8617.08,64.7,6349.5,2.0,6819.48,68.48,1594.64,65.35,1257.39,61.55
2026-08-30T21:30Z,8545.52,64.05,6379.38,6.83,6871.19,69.32,1610.96,66.71,1254.65,62.49
2026-08-30T21:35Z,8534.53,60.91,6200.48,6.83,6881.86,68.48,1607.41,66.14,1246.14,61.73
2026-08-30T21:40Z,8356.78,41.76,6117.56,0.01,6846.05,53.81,1633.56,54.38,1273.45,50.22
2026-08-30T21:45Z,8291.64,23.95,5968.68,0.73,6876.65,49.82,1640.7,50.57,1289.21,48.5
2026-08-30T21:50Z,8226.23,41.88,5950.12,0.0,6890.94,44.0,1633.59,43.28,1271.84,42.64
2026-08-30T21:55Z,8042.0,41.6,5918.25,0.01,6833.55,44.0,1622.06,43.3,1268.16,42.64
2026-08-30T22:00Z,8025.2,28.01,5779.66,0.0,6810.19,42.48,1602.05,41.92,1256.85,41.2
2026-08-30T22:05Z,7925.23,14.2,5722.63,0.01,6807.25,33.28,1590.68,31.95,1259.57,32.45
2026-08-30T22:10Z,7967.63,21.88,5667.78,0.73,6860.09,23.27,1542.84,21.84,1246.18,25.12
2026-08-30T22:15Z,7753.77,15.36,5607.97,0.0,6782.35,16.48,1556.87,15.54,1237.02,25.1
2026-08-30T22:20Z,7699.12,15.62,5577.2,0.0,6723.47,16.48,1539.5,28.88,1224.49,15.95
2026-08-30T22:25Z,7657.68,24.99,5478.24,0.0,6679.77,25.89,1509.99,105.08,1212.88,27.45
2026-08-30T22:30Z,7485.96,14.2,5397.76,0.0,6598.78,15.29,1453.03,70.44,1196.28,17.4
2026-08-30T22:35Z,7370.36,28.95,5326.36,0.0,6565.73,31.16,1429.59,54.27,1191.82,32.64
2026-08-30T22:40Z,7156.21,25.44,5304.73,0.0,6522.48,27.14,1397.95,24.66,1191.45,27.66
2026-08-30T22:45Z,7049.45,24.11,5179.37,0.0,6451.99,26.36,1389.55,24.43,1183.37,25.96
2026-08-30T22:50Z,6953.46,24.11,5128.97,0.0,6401.69,26.35,1385.46,84.51,1164.82,27.02
2026-08-30T22:55Z,6900.12,21.35,5044.73,0.0,6357.05,22.67,1305.05,21.15,1147.68,22.42
2026-08-30T23:00Z,6723.51,14.2,4931.81,0.0,6293.99,15.19,1287.48,70.44,1136.68,15.32
2026-08-30T23:05Z,6723.93,24.99,4897.44,0.0,6234.7,26.43,1229.68,37.92,1127.81,27.25
2026-08-30T23:10Z,6614.89,24.11,4833.41,0.0,6227.91,24.84,1202.31,22.88,1121.53,28.06
2026-08-30T23:15Z,6564.37,24.99,4715.73,-2.91,6137.67,25.91,1174.56,23.94,1092.45,25.53
2026-08-30T23:20Z,6460.51,24.99,4666.18,-1.31,6095.42,26.09,1146.42,24.46,1087.12,25.71
2026-08-30T23:25Z,6341.09,14.2,4568.89,0.0,6010.48,14.56,1112.03,13.53,1079.69,15.71
2026-08-30T23:30Z,6214.97,13.14,4600.56,-1.31,5959.35,13.47,1090.36,12.51,1060.36,15.16
2026-08-30T23:35Z,6144.83,24.99,4545.44,-3.0,5878.03,25.53,1028.76,23.27,1069.86,50.22
2026-08-30T23:40Z,6157.56,24.11,4468.19,-3.0,5817.43,23.99,999.57,21.76,1077.29,23.8
2026-08-30T23:45Z,6110.19,24.99,4391.48,-3.0,5726.59,14.98,960.01,13.46,1052.29,15.12
2026-08-30T23:50Z,6046.13,24.99,4296.03,-3.0,5639.41,14.95,912.16,13.31,1042.7,15.1
2026-08-30T23:55Z,5958.26,24.11,4225.37,-3.21,5543.75,14.76,893.3,13.14,1040.67,15.1
2026-08-31T00:00Z,5867.94,14.2,4175.75,-3.21,5517.69,0.0,866.15,0.0,1017.17,0.0
2026-08-31T00:05Z,5804.25,15.62,4155.56,-3.0,5419.16,15.66,854.72,14.19,1003.41,16.53
2026-08-31T00:10Z,5854.35,21.06,4189.31,-3.0,5376.23,20.88,814.35,18.66,1006.14,22.82
2026-08-31T00:15Z,5614.53,14.2,4210.74,0.0,5447.0,14.55,774.43,12.97,1008.25,16.12
2026-08-31T00:20Z,5590.36,12.73,4079.65,-1.31,5405.74,12.52,771.9,11.12,1000.01,13.26
2026-08-31T00:25Z,5587.59,14.2,4066.03,-3.22,5159.21,5.05,734.73,4.52,983.5,5.32
2026-08-31T00:30Z,5459.29,14.2,4052.92,-2.91,5047.67,7.69,707.45,6.78,984.31,8.91
2026-08-31T00:35Z,5352.1,14.2,4038.51,0.0,4980.71,14.23,680.77,12.44,978.55,24.04
2026-08-31T00:40Z,5382.1,14.2,4070.34,-2.91,4876.92,10.65,667.93,9.21,977.64,25.04
2026-08-31T00:45Z,5313.29,14.2,4237.12,-3.21,4801.01,5.05,642.84,4.36,965.81,6.09
2026-08-31T00:50Z,5246.99,0.0,4236.1,0.0,4674.49,0.0,637.21,0.0,951.95,0.0
2026-08-31T00:55Z,5314.96,5.14,4379.21,0.73,4643.57,5.05,624.15,4.43,947.18,5.34
2026-08-31T01:00Z,5245.78,1.43,4356.91,-3.21,4551.04,1.4,604.74,1.24,942.36,1.48
2026-08-31T01:05Z,5223.4,13.2,4445.13,-2.91,4535.41,8.94,571.25,7.9,927.61,9.42
2026-08-31T01:10Z,5246.79,14.2,4552.04,2.05,4643.78,13.78,560.84,11.81,939.49,14.56
2026-08-31T01:15Z,5117.78,5.17,4649.68,4.47,4626.24,5.05,513.36,0.88,928.81,5.32
2026-08-31T01:20Z,5175.35,14.2,4612.95,2.05,4541.08,10.5,491.25,0.88,907.4,10.99
2026-08-31T01:25Z,5102.53,14.2,4714.56,0.0,4416.54,1.01,474.33,0.88,903.32,1.07
2026-08-31T01:30Z,5039.08,14.2,4679.97,2.04,4331.61,5.05,464.39,4.37,921.11,5.32
2026-08-31T01:35Z,4971.71,10.81,4641.72,2.05,4239.01,10.66,426.55,9.1,914.28,11.2
2026-08-31T01:40Z,5008.57,14.2,4685.18,2.05,4175.5,12.96,415.19,11.11,913.16,14.09
2026-08-31T01:45Z,4964.41,14.2,4692.58,2.05,4134.0,0.67,430.47,0.57,904.6,1.44
2026-08-31T01:50Z,4948.31,14.2,4708.24,2.04,4062.86,13.32,441.95,11.8,903.43,14.04
2026-08-31T01:55Z,4937.11,14.2,4743.21,2.05,4007.99,10.5,371.12,9.13,899.89,11.47
2026-08-31T02:00Z,4891.25,4.47,4758.98,2.05,3953.24,4.42,353.24,6.66,895.34,4.68
2026-08-31T02:05Z,4871.95,2.32,4794.25,2.05,3931.65,2.37,350.54,6.66,893.06,3.25
2026-08-31T02:10Z,4952.62,5.9,4835.17,5.11,3929.87,12.96,345.29,4.84,887.52,14.48
2026-08-31T02:15Z,4991.95,5.84,4857.89,2.05,3929.71,12.96,315.65,4.96,885.69,14.44
2026-08-31T02:20Z,4917.56,2.37,4868.53,2.05,3790.89,9.62,287.69,1.69,886.5,10.94
2026-08-31T02:25Z,4926.62,2.12,4787.93,1.91,3797.29,3.13,267.27,1.76,884.67,4.05
2026-08-31T02:30Z,4876.4,2.25,4801.36,2.04,3743.68,7.17,270.1,1.51,885.51,8.34
2026-08-31T02:35Z,4754.12,2.27,4722.0,2.04,3731.85,9.35,262.34,1.49,893.83,10.29
2026-08-31T02:40Z,4762.62,2.12,4707.99,1.89,3694.21,8.91,251.29,1.25,896.24,10.22
2026-08-31T02:45Z,4675.57,0.0,4720.06,0.0,3666.23,4.4,258.59,-0.5,893.49,5.03
2026-08-31T02:50Z,4851.29,2.12,4647.66,1.9,3644.92,1.4,260.98,-0.31,886.88,1.48
2026-08-31T02:55Z,4818.63,0.0,4633.83,0.0,3661.22,-1.09,241.4,-1.0,882.91,-0.78
2026-08-31T03:00Z,4720.62,0.0,4681.41,0.0,3713.11,1.4,230.9,-0.16,875.27,1.48
2026-08-31T03:05Z,4736.37,2.33,4641.65,2.04,3623.18,2.46,212.26,-6.02,878.74,3.34
2026-08-31T03:10Z,4788.37,2.27,4614.84,2.05,3622.14,2.32,247.46,0.88,888.64,2.82
2026-08-31T03:15Z,4783.34,2.12,4603.22,1.88,3676.09,2.13,207.3,1.89,879.15,2.25
2026-08-31T03:20Z,4805.91,2.12,4569.85,1.96,3672.99,2.07,176.17,1.81,887.53,2.94
2026-08-31T03:25Z,4830.84,2.12,4590.75,1.94,3654.73,-1.14,157.87,-1.0,893.17,-0.85
2026-08-31T03:30Z,4866.58,0.0,4559.23,0.0,3669.85,0.2,142.95,-1.0,889.26,0.57
2026-08-31T03:35Z,4902.15,2.23,4716.48,2.04,3668.99,-3.64,147.26,-4.21,884.38,-3.84
2026-08-31T03:40Z,4895.76,2.12,4684.66,1.9,3595.23,1.4,187.03,-1.0,889.73,2.22
2026-08-31T03:45Z,4931.07,7.64,4773.89,6.83,3698.66,7.47,179.51,6.66,895.2,8.29
2026-08-31T03:50Z,4878.45,7.65,4743.23,6.83,3590.01,0.0,175.34,0.0,883.32,0.72
2026-08-31T03:55Z,4829.62,2.2,4673.38,2.04,3604.89,1.4,174.18,1.24,887.93,1.48
2026-08-31T04:00Z,4867.35,5.14,4807.94,4.71,3687.53,10.5,176.67,3.94,889.49,11.91
2026-08-31T04:05Z,5029.59,7.67,4776.43,6.85,3635.06,0.98,181.91,0.88,896.0,2.8
2026-08-31T04:10Z,4972.35,2.25,4861.7,2.04,3629.86,1.3,213.43,-1.1,897.56,2.1
2026-08-31T04:15Z,4929.1,5.84,4916.1,5.16,3651.82,12.5,232.63,4.64,906.95,14.02
2026-08-31T04:20Z,5055.86,7.65,4916.54,6.85,3667.13,12.98,221.3,5.29,912.63,14.53
2026-08-31T04:25Z,5137.54,14.2,4941.59,12.21,3698.41,12.5,186.5,5.03,910.1,14.02
2026-08-31T04:30Z,5175.55,14.16,5060.16,12.22,3740.4,13.59,185.41,6.78,919.48,15.22
2026-08-31T04:35Z,5222.68,14.2,5098.12,12.5,3704.58,10.5,193.96,3.44,919.21,11.84
2026-08-31T04:40Z,5243.92,24.11,5215.15,21.66,3723.78,12.29,228.54,10.65,927.51,13.79
2026-08-31T04:45Z,5289.8,29.57,5263.14,26.75,3825.29,11.39,196.9,9.81,934.4,12.83
2026-08-31T04:50Z,5456.74,27.87,5290.53,24.43,3835.15,9.42,219.48,8.28,935.15,10.78
2026-08-31T04:55Z,5539.63,30.48,5393.07,26.75,3920.53,10.28,232.01,9.1,936.25,11.64
2026-08-31T05:00Z,5645.33,46.54,5393.42,41.37,3960.94,10.5,244.23,9.15,939.23,11.93
2026-08-31T05:05Z,5679.38,42.54,5470.38,38.33,4044.79,10.59,243.89,9.19,952.56,12.02
2026-08-31T05:10Z,5825.67,32.9,5558.97,29.86,4030.24,10.41,292.06,9.1,967.44,11.83
2026-08-31T05:15Z,5925.09,49.54,5540.66,45.54,3982.66,12.77,316.04,11.14,971.95,15.22
2026-08-31T05:20Z,5977.2,33.08,5590.24,29.85,4059.95,10.5,330.14,9.23,967.5,11.11
2026-08-31T05:25Z,6117.4,32.61,5740.48,29.86,4188.93,14.76,382.14,13.1,975.37,15.61
2026-08-31T05:30Z,6247.08,49.56,5756.17,45.68,4262.46,20.68,374.73,18.32,969.97,21.87
2026-08-31T05:35Z,6300.65,46.54,5829.94,43.21,4259.26,10.5,374.84,9.56,978.8,11.14
2026-08-31T05:40Z,6468.01,42.8,5896.58,39.77,4427.59,16.52,426.29,15.0,980.52,17.46
2026-08-31T05:45Z,6581.08,42.8,5956.89,40.31,4513.56,10.65,418.33,9.65,984.61,12.02
2026-08-31T05:50Z,6685.32,46.45,6001.06,44.05,4568.6,10.67,465.02,9.81,986.37,12.03
2026-08-31T05:55Z,6850.15,47.8,6112.06,45.68,4654.99,15.69,491.43,14.6,995.33,17.41
2026-08-31T06:00Z,6928.3,47.45,6189.15,45.68,4719.06,25.09,511.76,23.42,999.12,27.42
2026-08-31T06:05Z,7002.2,46.45,6344.07,43.96,4858.54,45.03,535.01,41.4,1005.41,48.6
2026-08-31T06:10Z,7226.64,46.54,6332.5,43.89,4920.86,34.0,570.32,31.78,1001.95,35.14
2026-08-31T06:15Z,7284.11,48.1,6365.58,45.68,5004.25,24.72,612.04,23.42,1025.03,25.23
2026-08-31T06:20Z,7419.09,68.29,6494.0,63.73,5067.55,50.54,652.39,48.53,1027.59,50.22
2026-08-31T06:25Z,7477.21,77.64,6545.38,72.5,5210.92,74.59,689.4,70.44,1053.32,74.15
2026-08-31T06:30Z,7744.17,88.04,6685.34,81.82,5289.56,73.25,720.38,70.44,1063.1,52.31
2026-08-31T06:35Z,7802.16,86.85,6751.47,81.82,5337.56,51.63,777.35,51.37,1071.0,50.22
2026-08-31T06:40Z,7967.6,87.33,6835.1,81.82,5410.43,71.03,805.94,70.44,1075.83,67.45
2026-08-31T06:45Z,8094.64,91.66,6878.65,85.39,5474.55,85.35,844.57,84.44,1097.24,81.93
2026-08-31T06:50Z,8188.19,113.27,6899.48,99.69,5650.16,107.08,880.17,105.56,1107.76,100.1
2026-08-31T06:55Z,8280.52,113.5,7061.67,102.8,5733.1,100.91,911.32,100.73,1129.49,94.91
2026-08-31T07:00Z,8347.99,105.61,7091.35,95.57,5846.39,95.6,944.27,96.26,1131.87,88.24
2026-08-31T07:05Z,8421.38,101.13,7193.69,89.91,5956.55,90.5,1026.84,90.81,1142.05,82.74
2026-08-31T07:10Z,8442.78,111.98,7125.53,98.22,6002.38,101.25,1076.85,101.02,1098.41,93.43
2026-08-31T07:15Z,8455.15,111.98,7164.71,96.42,6086.36,99.14,1118.27,99.88,1074.15,89.17
2026-08-31T07:20Z,8599.44,119.02,7211.41,101.89,6089.32,105.58,1175.46,105.9,1088.94,94.66
2026-08-31T07:25Z,8564.41,121.84,7289.74,105.71,6233.58,111.98,1245.14,115.28,1109.7,100.71
2026-08-31T07:30Z,8717.78,136.73,7346.94,116.51,6313.39,124.92,1275.62,123.87,1119.13,112.68
2026-08-31T07:35Z,8762.21,123.74,7405.32,105.49,6416.3,112.3,1311.82,114.05,1127.11,100.65
2026-08-31T07:40Z,8716.83,114.95,7479.53,99.97,6421.11,106.68,1364.13,110.43,1140.76,95.6
2026-08-31T07:45Z,8836.61,118.67,7484.31,100.02,6539.71,111.98,1422.53,117.64,1147.98,100.66
2026-08-31T07:50Z,8897.43,119.02,7541.38,102.29,6659.73,114.19,1445.92,118.98,1165.12,102.95
2026-08-31T07:55Z,8997.18,119.02,7623.8,102.8,6728.19,115.25,1470.67,120.42,1170.85,103.57
2026-08-31T08:00Z,9086.13,119.02,7585.39,101.06,6754.78,116.26,1488.05,120.49,1170.46,104.47
2026-08-31T08:05Z,9215.99,119.02,7595.81,101.72,6704.64,111.98,1532.03,118.19,1173.18,100.24
2026-08-31T08:10Z,9230.32,119.02,7581.14,100.42,6815.69,112.98,1567.16,119.82,1179.3,100.87
2026-08-31T08:15Z,9234.55,118.46,7534.74,99.89,6755.0,109.81,1575.53,115.27,1184.51,99.0
2026-08-31T08:20Z,9226.22,118.45,7546.25,99.89,6766.86,111.19,1594.78,118.23,1186.22,100.24
2026-08-31T08:25Z,9167.18,118.74,7519.07,99.9,6925.02,115.0,1618.1,120.54,1197.25,102.99
2026-08-31T08:30Z,9179.02,119.02,7521.94,99.89,6902.9,113.28,1596.58,119.38,1219.78,102.11
2026-08-31T08:35Z,9296.11,111.98,7530.46,94.41,6976.6,106.6,1601.34,113.15,1199.65,95.76
2026-08-31T08:40Z,9256.59,111.98,7538.43,95.62,6985.48,106.77,1621.5,112.62,1198.87,95.3
2026-08-31T08:45Z,9235.04,116.95,7573.13,99.89,7006.59,113.45,1644.37,120.54,1208.93,101.91
2026-08-31T08:50Z,9220.48,108.63,7504.98,93.3,6914.81,102.07,1653.16,107.57,1219.79,91.71
2026-08-31T08:55Z,9207.22,117.07,7485.58,98.64,6953.12,111.98,1684.56,118.62,1204.18,100.27
2026-08-31T09:00Z,9180.89,114.95,7455.23,99.89,6970.26,111.58,1654.56,117.06,1218.84,100.24
2026-08-31T09:05Z,9142.43,116.37,7464.38,99.9,6985.64,113.93,1657.28,120.46,1210.14,102.35
2026-08-31T09:10Z,9102.24,109.38,7314.05,93.73,6929.54,104.47,1647.62,110.47,1204.92,93.56
2026-08-31T09:15Z,9032.47,105.97,7308.66,93.73,6891.72,100.53,1667.32,105.25,1205.03,90.03
2026-08-31T09:20Z,9105.38,115.84,7329.76,99.89,6965.95,111.73,1677.89,118.34,1209.98,100.38
2026-08-31T09:25Z,9065.41,111.98,7273.7,98.99,6901.68,107.83,1645.63,112.31,1187.71,96.26
2026-08-31T09:30Z,9048.2,105.65,7186.84,92.7,6799.0,100.21,1673.19,105.08,1186.71,89.47
2026-08-31T09:35Z,8965.52,106.8,7210.17,93.73,6813.47,100.14,1680.74,105.08,1184.26,89.69
2026-08-31T09:40Z,8986.8,114.56,7189.7,99.89,6837.69,109.64,1678.73,115.89,1179.27,98.19
2026-08-31T09:45Z,8912.76,111.98,7123.07,97.56,6809.85,106.11,1631.81,105.08,1177.21,95.04
2026-08-31T09:50Z,8836.86,111.98,7048.52,98.1,6842.01,106.28,1647.36,110.43,1192.77,95.49
2026-08-31T09:55Z,8924.52,111.98,7091.89,99.39,6824.83,104.53,1654.36,109.45,1174.84,93.61
2026-08-31T10:00Z,8927.25,111.98,7092.37,96.9,6817.41,106.2,1659.59,105.08,1169.42,94.81
2026-08-31T10:05Z,8861.17,111.98,7066.51,96.27,6797.06,106.28,1668.17,105.08,1169.85,95.19
2026-08-31T10:10Z,8847.45,111.98,7060.45,95.66,6750.62,106.26,1676.19,112.77,1169.46,94.87
2026-08-31T10:15Z,8845.63,106.01,7014.51,90.51,6720.26,99.62,1651.79,105.08,1173.66,89.24
2026-08-31T10:20Z,8903.64,106.71,7006.85,90.52,6658.4,99.48,1652.93,105.08,1182.18,89.13
2026-08-31T10:25Z,8845.74,106.02,7004.6,90.51,6637.29,99.48,1675.16,105.68,1181.17,89.13
2026-08-31T10:30Z,8869.85,105.85,6981.41,90.52,6719.17,99.48,1651.5,105.43,1175.87,89.11
2026-08-31T10:35Z,8836.42,101.69,6862.65,86.1,6608.62,94.83,1663.06,101.93,1173.48,85.24
2026-08-31T10:40Z,8785.65,103.11,6988.23,87.44,6634.52,98.38,1626.52,105.08,1186.75,88.42
2026-08-31T10:45Z,8804.74,105.11,6999.25,89.73,6615.18,99.48,1607.01,105.08,1184.14,89.42
2026-08-31T10:50Z,8792.89,109.7,6955.04,87.73,6572.72,101.21,1589.6,105.08,1183.18,90.69
2026-08-31T10:55Z,8629.71,95.2,6996.22,83.9,6522.57,89.38,1607.95,96.33,1181.95,80.1
2026-08-31T11:00Z,8627.64,102.14,6989.02,87.73,6529.33,95.12,1615.3,101.02,1181.25,85.24
2026-08-31T11:05Z,8647.83,95.2,6893.04,81.68,6483.27,89.3,1585.87,96.56,1178.82,80.29
2026-08-31T11:10Z,8643.68,104.64,6916.55,87.73,6407.3,94.4,1602.61,101.02,1174.97,84.88
2026-08-31T11:15Z,8634.3,106.48,6906.38,90.51,6348.72,95.16,1578.81,101.02,1174.42,85.57
2026-08-31T11:20Z,8497.55,104.25,6835.34,87.73,6391.64,93.87,1557.0,101.02,1174.08,84.14
2026-08-31T11:25Z,8585.94,104.86,6846.55,88.24,6341.55,93.72,1582.36,101.02,1170.61,84.0
2026-08-31T11:30Z,8437.85,97.63,6875.58,83.77,6306.22,88.77,1593.85,95.49,1164.42,79.57
2026-08-31T11:35Z,8405.84,101.91,6740.12,84.5,6295.25,94.03,1574.64,101.02,1160.13,84.56
2026-08-31T11:40Z,8348.73,95.2,6789.4,78.57,6250.79,87.78,1562.41,93.56,1157.17,78.95
2026-08-31T11:45Z,8440.86,95.2,6706.45,78.52,6185.58,85.65,1564.13,91.0,1150.71,76.79
2026-08-31T11:50Z,8367.95,95.06,6635.69,78.51,6085.71,83.5,1558.44,88.45,1129.54,74.38
2026-08-31T11:55Z,8175.6,88.61,6665.44,76.8,6007.89,77.21,1543.21,81.79,1129.16,69.02
2026-08-31T12:00Z,8184.47,84.79,6532.67,73.49,5947.3,73.89,1548.54,78.67,1128.5,50.24
2026-08-31T12:05Z,8160.49,91.78,6403.01,76.79,5959.45,83.84,1551.45,84.44,1129.56,77.13
2026-08-31T12:10Z,8277.41,95.2,6441.43,76.79,5947.75,86.73,1512.33,84.44,1132.45,79.78
2026-08-31T12:15Z,8185.46,90.6,6497.51,76.39,5933.53,81.81,1503.9,84.44,1125.45,75.03
2026-08-31T12:20Z,8256.38,90.49,6459.58,76.27,5848.91,80.43,1518.22,84.44,1113.26,73.31
2026-08-31T12:25Z,8229.47,88.86,6363.34,74.81,5828.36,79.52,1505.12,83.05,1100.31,72.25
2026-08-31T12:30Z,8237.25,78.48,6303.27,66.01,5808.63,68.54,1486.1,70.44,1097.08,51.22
2026-08-31T12:35Z,8166.6,93.43,6244.45,78.52,5692.95,84.81,1471.88,7.87,1094.89,51.22
2026-08-31T12:40Z,8055.98,88.86,6249.53,76.79,5740.02,81.39,1468.67,70.44,1089.95,74.43
2026-08-31T12:45Z,8074.19,83.99,6181.93,72.79,5678.18,75.57,1436.99,5.96,1084.53,68.89
2026-08-31T12:50Z,8057.1,83.34,6145.12,71.75,5632.62,74.41,1452.79,5.77,1071.49,50.22
2026-08-31T12:55Z,8075.0,83.99,6026.9,70.84,5596.26,76.78,1467.83,52.0,1066.68,50.22
2026-08-31T13:00Z,7945.23,65.51,6106.77,56.73,5528.73,57.05,1444.09,2.87,1052.85,50.22
2026-08-31T13:05Z,8002.83,90.0,6055.23,75.45,5584.58,80.89,1451.19,6.98,1054.8,74.21
2026-08-31T13:10Z,7988.71,90.0,6049.45,75.93,5690.31,80.27,1448.62,79.51,1051.0,73.87
2026-08-31T13:15Z,7935.25,83.99,6045.02,71.31,5623.72,74.25,1429.07,74.05,1041.83,68.11
2026-08-31T13:20Z,7881.19,75.96,6003.64,64.05,5620.04,66.55,1400.28,65.75,1039.46,61.05
2026-08-31T13:25Z,7897.44,83.99,5963.95,70.79,5648.37,72.98,1377.49,71.73,1037.9,66.73
2026-08-31T13:30Z,7757.95,66.52,5893.28,56.37,5637.02,42.48,1399.35,18.2,1032.05,45.62
2026-08-31T13:35Z,7806.13,74.82,5914.2,62.73,5602.72,44.8,1413.82,53.21,1032.57,50.22
2026-08-31T13:40Z,7748.48,75.96,5980.79,64.03,5530.89,35.94,1432.11,50.0,1008.75,46.02
2026-08-31T13:45Z,7704.29,65.51,5929.8,55.89,5477.01,20.65,1403.14,37.76,1005.86,34.48
2026-08-31T13:50Z,7657.17,65.51,5892.8,55.86,5430.02,12.5,1396.05,33.98,1001.35,30.36
2026-08-31T13:55Z,7666.53,65.51,5826.83,55.81,5279.38,19.18,1394.04,32.48,1000.17,30.44
2026-08-31T14:00Z,7651.92,64.95,5873.44,55.01,5267.76,13.73,1386.77,28.53,999.96,27.15
2026-08-31T14:05Z,7694.77,64.95,5778.89,54.96,5297.8,12.5,1390.28,27.76,999.99,26.52
2026-08-31T14:10Z,7734.64,65.51,5764.0,55.42,5328.69,19.18,1387.45,31.57,997.39,30.56
2026-08-31T14:15Z,7842.27,73.7,5735.11,62.73,5276.01,12.5,1385.93,-1.0,994.85,29.07
2026-08-31T14:20Z,7795.78,65.51,5748.63,55.07,5264.92,10.65,1446.04,-1.0,987.84,25.63
2026-08-31T14:25Z,7812.62,73.25,5703.86,62.73,5237.78,12.96,1440.35,30.93,987.25,29.26
2026-08-31T14:30Z,7678.7,64.81,5639.92,54.75,5227.03,10.65,1434.29,26.45,987.1,25.4
2026-08-31T14:35Z,7631.75,64.95,5624.2,54.73,5155.43,9.03,1425.63,25.74,988.46,25.2
2026-08-31T14:40Z,7646.82,64.95,5581.82,54.75,5079.84,8.94,1438.39,25.85,977.79,25.2
2026-08-31T14:45Z,7601.03,64.95,5575.57,54.75,5083.47,10.5,1419.25,24.1,978.01,25.14
2026-08-31T14:50Z,7584.86,64.95,5555.24,54.8,5077.42,10.5,1434.29,9.86,971.15,25.14
2026-08-31T14:55Z,7553.08,64.95,5618.4,55.19,5019.36,10.65,1423.93,9.96,956.58,15.06
2026-08-31T15:00Z,7508.67,64.88,5563.52,54.75,5029.61,10.5,1415.66,9.78,952.77,10.78
2026-08-31T15:05Z,7423.42,64.89,5518.13,54.73,5040.57,10.5,1418.65,9.82,944.72,10.85
2026-08-31T15:10Z,7446.76,64.95,5516.56,55.13,5007.6,10.5,1405.94,9.77,941.24,10.85
2026-08-31T15:15Z,7438.35,64.89,5545.63,54.75,4990.02,8.94,1396.97,8.25,948.58,9.24
2026-08-31T15:20Z,7403.45,64.5,5485.41,54.73,4896.51,1.4,1386.22,1.29,946.87,1.45
2026-08-31T15:25Z,7258.1,51.56,5425.71,43.73,4912.93,8.94,1395.67,-4.32,954.23,9.21
2026-08-31T15:30Z,7193.51,57.39,5498.95,49.66,4912.21,0.01,1399.73,-6.25,944.21,0.01
2026-08-31T15:35Z,7236.9,64.89,5467.24,54.75,4818.59,10.5,1424.02,-4.94,942.19,10.99
2026-08-31T15:40Z,7230.63,64.89,5469.82,54.75,4892.16,0.67,1426.15,0.63,937.51,0.7
2026-08-31T15:45Z,7188.28,64.52,5457.88,54.73,4890.81,0.64,1412.83,-4.32,936.72,0.67
2026-08-31T15:50Z,7203.03,64.54,5419.17,54.73,4832.87,8.94,1413.2,-5.19,931.88,9.3
2026-08-31T15:55Z,7138.22,63.74,5403.61,54.73,4803.77,8.94,1414.23,-5.19,932.49,9.3
2026-08-31T16:00Z,7074.18,51.27,5387.21,43.73,4717.94,0.0,1424.13,-6.25,946.59,0.0
2026-08-31T16:05Z,7034.31,50.76,5342.68,43.0,4755.95,10.5,1401.99,-4.94,954.67,11.51
2026-08-31T16:10Z,7200.0,65.02,5353.49,54.73,4745.38,0.76,1414.75,-6.5,957.78,15.04
2026-08-31T16:15Z,7212.77,64.89,5370.9,54.73,4701.59,-0.05,1389.62,-6.25,956.33,-0.04
2026-08-31T16:20Z,7155.4,64.16,5395.91,54.73,4668.76,-0.05,1392.47,-4.21,948.9,-0.05
2026-08-31T16:25Z,7154.05,64.54,5428.1,54.73,4678.77,-0.05,1384.84,-6.25,946.91,-0.04
2026-08-31T16:30Z,7123.71,64.54,5428.91,54.73,4685.55,0.04,1375.4,-6.51,949.03,1.09
2026-08-31T16:35Z,7119.3,64.89,5348.65,54.28,4562.76,0.0,1369.93,-6.51,951.74,0.0
2026-08-31T16:40Z,7091.5,64.95,5376.71,54.73,4562.78,0.0,1404.58,-6.62,971.73,0.0
2026-08-31T16:45Z,7060.26,64.95,5366.07,54.75,4620.92,0.67,1424.16,-6.25,972.9,0.71
2026-08-31T16:50Z,6942.14,63.8,5315.04,54.73,4603.15,0.0,1428.82,-6.62,976.0,0.0
2026-08-31T16:55Z,6918.87,63.82,5313.13,54.73,4573.96,0.0,1427.28,-6.25,967.82,0.0
2026-08-31T17:00Z,6887.43,64.2,5338.67,54.73,4562.06,0.01,1437.87,-6.25,967.35,0.01
2026-08-31T17:05Z,6843.54,57.39,5326.07,48.3,4589.59,0.0,1428.96,-6.25,964.28,0.0
2026-08-31T17:10Z,6853.11,64.95,5311.53,54.66,4571.3,-0.05,1432.99,-6.25,967.14,-0.05
2026-08-31T17:15Z,6857.6,57.39,5276.93,47.67,4494.13,-0.05,1410.86,-6.25,971.15,-0.05
2026-08-31T17:20Z,6815.29,64.89,5326.2,54.75,4482.96,0.0,1396.22,-6.61,970.18,0.0
2026-08-31T17:25Z,6786.17,57.39,5295.14,48.11,4537.97,0.0,1394.81,-6.51,974.8,0.0
2026-08-31T17:30Z,6879.15,64.89,5261.97,54.24,4530.77,-0.05,1376.11,-6.62,977.22,-0.05
2026-08-31T17:35Z,6831.75,64.95,5293.37,54.73,4425.86,-0.05,1364.06,-6.25,983.64,0.62
2026-08-31T17:40Z,6756.45,64.89,5289.24,54.6,4541.37,-0.05,1363.4,-6.25,968.82,0.27
2026-08-31T17:45Z,6811.88,64.95,5295.15,54.73,4506.98,-0.05,1362.83,-6.51,974.76,0.67
2026-08-31T17:50Z,6773.42,64.95,5313.99,54.73,4519.85,-0.05,1358.3,-6.25,973.11,0.3
2026-08-31T17:55Z,6791.15,64.95,5314.56,54.73,4511.85,-0.05,1349.61,-6.25,972.1,-0.05
2026-08-31T18:00Z,6816.79,64.95,5335.04,54.73,4474.52,-0.05,1350.77,-6.25,974.17,-0.05
2026-08-31T18:05Z,6712.43,50.78,5289.51,43.0,4418.86,-1.19,1345.96,-1.02,959.99,-1.26
2026-08-31T18:10Z,6763.21,64.57,5377.63,54.73,4495.39,0.01,1340.31,0.01,944.86,0.01
2026-08-31T18:15Z,6742.15,65.51,5389.71,56.25,4529.48,0.01,1352.93,0.01,962.89,0.7
2026-08-31T18:20Z,6795.96,64.95,5402.72,54.75,4478.43,0.01,1339.85,0.01,955.82,0.73
2026-08-31T18:25Z,6744.88,64.89,5408.98,54.73,4583.81,0.01,1339.56,0.01,956.37,0.75
2026-08-31T18:30Z,6853.84,65.38,5407.75,54.75,4584.7,0.01,1334.83,-1.02,961.86,0.75
2026-08-31T18:35Z,6781.55,64.89,5447.35,54.73,4464.39,-1.19,1327.52,-1.02,968.63,-0.57
2026-08-31T18:40Z,6923.37,65.51,5440.93,54.75,4620.66,0.0,1314.2,-1.05,978.72,0.74
2026-08-31T18:45Z,6951.05,65.51,5476.12,54.75,4564.89,-1.22,1332.99,-1.05,976.83,-0.55
2026-08-31T18:50Z,6987.12,65.75,5471.91,54.75,4645.89,-1.2,1333.46,-1.02,985.35,-0.53
2026-08-31T18:55Z,7031.82,75.96,5504.84,62.73,4688.33,0.0,1328.96,-0.87,988.74,0.69
2026-08-31T19:00Z,7031.33,75.96,5557.64,62.73,4694.77,0.01,1323.76,-1.02,990.63,0.71
2026-08-31T19:05Z,7010.87,65.51,5573.71,54.75,4730.64,-1.28,1324.08,-1.1,990.91,-1.35
2026-08-31T19:10Z,7080.63,65.51,5709.67,55.76,4779.34,-1.2,1325.26,-1.02,988.05,-1.26
2026-08-31T19:15Z,7223.62,74.2,5690.18,62.73,4823.03,0.01,1324.76,-0.87,988.89,0.01
2026-08-31T19:20Z,7277.13,73.68,5749.02,62.73,4863.29,0.0,1331.13,0.0,987.99,0.0
2026-08-31T19:25Z,7290.39,72.72,5784.0,62.73,4817.26,0.01,1328.44,-1.02,995.84,0.68
2026-08-31T19:30Z,7436.06,85.12,5801.18,72.5,4831.36,0.0,1344.29,-0.87,1018.0,0.72
2026-08-31T19:35Z,7512.49,69.99,5866.89,61.98,4894.79,0.01,1338.77,-0.87,1016.86,0.01
2026-08-31T19:40Z,7531.77,70.77,5956.82,62.73,4960.78,0.01,1358.41,0.01,1031.66,0.7
2026-08-31T19:45Z,7578.23,70.73,5982.76,62.73,5025.83,0.01,1366.16,0.01,1036.81,0.69
2026-08-31T19:50Z,7667.85,73.17,6055.45,64.95,5067.13,0.01,1377.13,0.01,1051.56,0.7
2026-08-31T19:55Z,7681.58,69.99,6004.53,61.7,5129.57,0.02,1381.93,0.02,1063.45,14.07
2026-08-31T20:00Z,7727.48,70.69,6040.56,62.73,5185.87,0.01,1383.41,0.01,1074.45,14.07
2026-08-31T20:05Z,7888.51,60.24,6059.75,50.82,5238.12,0.01,1401.09,0.01,1082.85,0.01
2026-08-31T20:10Z,8018.65,69.99,6108.89,60.23,5351.99,0.02,1419.7,0.02,1099.15,0.02
2026-08-31T20:15Z,8057.4,65.5,6222.04,55.01,5470.64,0.02,1423.28,0.02,1118.88,0.02
2026-08-31T20:20Z,8222.42,69.99,6270.47,58.68,5554.62,8.5,1435.28,7.36,1121.7,8.86
2026-08-31T20:25Z,8347.52,75.12,6202.72,62.7,5629.94,8.94,1428.41,7.73,1133.76,9.38
2026-08-31T20:30Z,8384.74,76.77,6314.02,63.76,5706.07,35.78,1427.1,14.15,1143.57,11.88
2026-08-31T20:35Z,8485.79,76.77,6360.89,62.73,5714.48,30.88,1442.22,6.62,1152.11,1.41
2026-08-31T20:40Z,8470.58,90.0,6372.67,72.84,5815.62,36.67,1477.42,8.13,1162.26,1.82
2026-08-31T20:45Z,8506.77,90.0,6414.05,64.95,5864.5,34.34,1498.58,4.55,1181.47,-2.55
2026-08-31T20:50Z,8503.85,90.0,6375.3,64.95,5964.65,30.83,1521.87,-0.48,1202.65,-9.52
2026-08-31T20:55Z,8589.01,90.0,6387.61,71.37,6072.78,35.97,1554.09,6.72,1206.73,15.08
2026-08-31T21:00Z,8522.47,69.99,6448.71,56.66,6114.67,19.15,1538.15,-7.14,1215.82,15.08
2026-08-31T21:05Z,8477.36,62.81,6426.59,50.81,6164.08,16.73,1548.13,-7.12,1217.27,-9.92
2026-08-31T21:10Z,8482.55,61.82,6477.75,50.81,6135.79,16.48,1545.72,-6.85,1207.31,-9.92
2026-08-31T21:15Z,8430.17,59.13,6490.43,50.81,6244.88,9.04,1567.98,-8.0,1209.9,-9.92
2026-08-31T21:20Z,8406.49,56.94,6489.59,50.81,6287.7,8.25,1552.38,-7.13,1219.9,-9.92
2026-08-31T21:25Z,8402.13,23.95,6433.85,21.35,6252.83,3.75,1561.95,-6.25,1220.35,-9.92
2026-08-31T21:30Z,8280.67,0.01,6406.88,0.01,6276.14,-6.45,1559.09,-6.25,1220.96,-6.85
2026-08-31T21:35Z,8382.63,23.95,6367.84,22.18,6219.57,0.01,1569.78,-1.02,1218.35,0.01
2026-08-31T21:40Z,8260.91,23.95,6261.46,21.99,6231.28,0.01,1579.12,-3.88,1221.38,0.07
2026-08-31T21:45Z,8150.13,23.95,6166.59,22.11,6143.55,-2.95,1552.0,-6.25,1236.42,-2.41
2026-08-31T21:50Z,8189.41,22.27,6067.63,19.95,6090.34,-5.0,1544.99,-6.0,1231.87,-2.92
2026-08-31T21:55Z,8039.01,23.95,6052.19,22.5,6032.42,-5.0,1539.47,-6.51,1226.51,-4.2
2026-08-31T22:00Z,7996.82,23.95,5957.83,22.81,5913.12,-6.0,1503.06,-6.25,1228.24,-6.33
2026-08-31T22:05Z,7856.89,23.95,5951.75,22.98,5860.48,-5.0,1507.84,-6.25,1220.43,-4.57
2026-08-31T22:10Z,7771.99,64.89,5953.9,62.65,5792.89,-5.0,1503.97,-6.51,1203.75,-4.57
2026-08-31T22:15Z,7620.49,28.95,5881.07,27.22,5710.53,-6.0,1500.21,-6.25,1186.34,-6.31
2026-08-31T22:20Z,7539.13,0.77,5794.95,0.73,5627.05,-6.0,1512.15,-6.25,1179.45,-6.35
2026-08-31T22:25Z,7523.38,7.3,5740.21,6.85,5560.32,-6.0,1491.05,-6.51,1174.21,-6.34
2026-08-31T22:30Z,7373.67,7.23,5701.04,6.83,5437.27,-6.0,1471.04,-6.51,1153.9,-6.32
2026-08-31T22:35Z,7144.67,2.81,5679.16,2.69,5351.06,-20.0,1439.03,-16.97,1148.84,-9.88
2026-08-31T22:40Z,7025.61,7.26,5640.74,6.85,5252.26,-5.03,1436.26,-15.46,1148.35,0.24
2026-08-31T22:45Z,6973.2,7.27,5552.71,6.85,5158.93,-6.0,1436.42,-19.51,1145.24,88.24
2026-08-31T22:50Z,6850.6,2.1,5496.96,2.0,5022.99,-35.68,1423.88,-18.88,1143.79,-9.88
2026-08-31T22:55Z,6684.65,13.2,5463.55,12.12,5005.43,-8.01,1415.9,-8.71,1131.11,-8.46
2026-08-31T23:00Z,6528.94,7.41,5451.07,6.85,4955.18,-1.02,1388.1,-19.51,1112.53,-1.08
2026-08-31T23:05Z,6439.33,7.35,5428.1,6.83,4810.73,-6.55,1374.77,-100.09,1114.33,-6.57
2026-08-31T23:10Z,6399.0,2.22,5421.7,2.09,4715.29,0.01,1414.81,-20.0,1098.68,0.01
2026-08-31T23:15Z,6409.11,15.15,5379.84,14.07,4580.06,0.01,1342.61,-100.09,1085.98,0.01
2026-08-31T23:20Z,6138.38,13.2,5331.52,12.82,4500.47,-5.03,1390.2,-20.0,1087.22,-5.32
2026-08-31T23:25Z,6069.62,0.01,5189.85,0.01,4454.48,-6.0,1296.47,-69.67,1092.07,-6.36
2026-08-31T23:30Z,6010.08,0.0,5151.17,0.0,4430.51,-6.0,1311.21,-20.0,1067.22,-6.34
2026-08-31T23:35Z,5976.79,2.08,5154.51,2.0,4323.91,0.01,1225.44,-20.0,1051.43,0.01
2026-08-31T23:40Z,5944.95,23.95,5048.47,22.85,4195.54,-6.55,1196.28,-119.67,1084.78,0.12
2026-08-31T23:45Z,5795.01,2.18,4988.69,2.08,4129.12,-20.0,1208.87,-100.09,1069.83,-7.92
2026-08-31T23:50Z,5792.59,-1.32,4913.34,-1.31,4146.23,-6.0,1197.98,-20.0,1068.74,-6.33
2026-08-31T23:55Z,5807.64,13.2,4802.83,12.65,4045.8,-5.09,1095.28,-45.0,1066.04,0.12
